"karyotype","fitness","is_fq","is_nn","boundary_degree"
"2.2.2.2.2.2.2.2.2.2.2.2.2.2.2.2.2.2.2.2.2.2",0.474126801927823,TRUE,FALSE,0
"2.1.2.2.2.2.2.2.2.2.2.2.2.2.2.2.2.2.2.2.2.2",0.407928349144547,TRUE,FALSE,0
"2.1.3.2.2.2.2.2.2.2.2.2.2.2.2.2.2.2.2.2.2.2",0.386997266283711,TRUE,FALSE,0
"2.1.3.2.2.2.2.2.2.2.2.2.2.2.3.2.2.2.2.2.2.2",0.368734957927384,TRUE,FALSE,0
"2.2.2.2.2.2.3.2.2.2.2.2.2.2.2.2.2.2.2.2.2.2",0.454350507755982,TRUE,FALSE,0
"2.2.2.2.2.2.3.2.2.2.2.2.2.2.1.2.2.2.2.2.2.2",0.472057309116249,TRUE,FALSE,0
"2.2.2.2.2.2.2.3.2.2.2.2.2.2.2.2.2.2.2.2.2.2",0.500719651425752,TRUE,FALSE,0
"2.2.2.2.2.2.3.2.2.2.3.2.2.2.2.2.2.2.2.2.2.2",0.394362181143859,TRUE,FALSE,0
"2.2.2.1.2.2.3.2.2.2.3.2.2.2.2.2.2.2.2.2.2.2",0.42146330690332,TRUE,FALSE,0
"2.2.2.2.2.3.3.2.2.2.3.2.2.2.2.2.2.2.2.2.2.2",0.442741343088014,TRUE,FALSE,0
"2.2.2.2.2.3.3.2.2.2.3.2.2.2.2.2.2.1.2.2.2.2",0.453969602575725,TRUE,FALSE,0
"2.2.2.2.1.2.3.2.2.2.2.2.2.2.1.2.2.2.2.2.2.2",0.477629444438116,TRUE,FALSE,0
"2.2.2.1.2.2.3.2.2.2.3.2.2.2.2.2.2.2.1.2.2.2",0.391570168373066,TRUE,FALSE,0
"2.2.2.1.2.2.3.2.2.2.3.3.2.2.2.2.2.2.1.2.2.2",0.471016454881286,TRUE,FALSE,0
"2.2.2.2.1.3.3.2.2.2.3.2.2.2.2.2.2.2.2.2.2.2",0.479666745890083,TRUE,FALSE,0
"2.2.3.2.2.2.2.2.2.2.2.2.2.2.3.2.2.2.2.2.2.2",0.425501669840209,TRUE,FALSE,0
"2.1.3.2.2.2.2.2.2.3.2.2.2.2.2.2.2.2.2.2.2.2",0.345883659258345,TRUE,FALSE,0
"2.3.2.2.2.3.3.2.2.2.3.2.2.2.2.2.2.2.2.2.2.2",0.490627993411196,TRUE,FALSE,0
"3.2.2.2.2.2.2.3.2.2.2.2.2.2.2.2.2.2.2.2.2.2",0.528039177856203,TRUE,FALSE,0
"2.2.2.1.2.2.3.2.2.2.3.2.2.2.2.2.2.3.2.2.2.2",0.406031154348689,TRUE,FALSE,0
"2.2.2.2.2.2.3.2.2.2.3.2.2.2.1.2.2.2.2.2.2.2",0.411666107376572,TRUE,FALSE,0
"2.2.3.2.2.2.2.2.2.2.2.1.2.2.3.2.2.2.2.2.2.2",0.341004184158574,TRUE,FALSE,0
"1.1.3.2.2.2.2.2.2.2.2.2.2.2.2.2.2.2.2.2.2.2",0.353865884775175,TRUE,FALSE,0
"2.1.3.2.2.2.2.2.2.3.2.2.2.2.3.2.2.2.2.2.2.2",0.345440196077694,TRUE,FALSE,0
"3.3.2.2.2.3.3.2.2.2.3.2.2.2.2.2.2.2.2.2.2.2",0.492151241451049,TRUE,FALSE,0
"2.2.2.2.1.2.3.2.2.2.2.2.2.2.1.1.2.2.2.2.2.2",0.465106214257694,TRUE,FALSE,0
"2.2.2.2.1.2.3.2.3.2.2.2.2.2.1.1.2.2.2.2.2.2",0.492324559976267,TRUE,FALSE,0
"3.2.2.2.2.2.2.3.2.2.2.2.2.2.2.2.1.2.2.2.2.2",0.526311669839828,TRUE,FALSE,0
"2.1.3.2.2.2.2.2.2.2.2.2.2.2.3.2.2.2.2.2.2.1",0.394862052099905,TRUE,FALSE,0
"3.3.2.2.2.2.2.3.2.2.2.2.2.2.2.2.1.2.2.2.2.2",0.575062560892256,TRUE,FALSE,0
"2.2.2.2.1.2.3.2.4.2.2.2.2.2.1.1.2.2.2.2.2.2",0.493977999853812,TRUE,FALSE,0
"2.2.2.1.2.2.3.2.2.2.3.2.2.2.3.2.2.2.2.2.2.2",0.388397397766394,TRUE,FALSE,0
"3.3.2.2.2.3.3.2.2.2.3.2.2.2.2.1.2.2.2.2.2.2",0.476895487893764,TRUE,FALSE,0
"2.2.2.1.2.2.3.2.2.2.3.2.1.2.2.2.2.3.2.2.2.2",0.39197240092755,TRUE,FALSE,0
"2.1.2.2.2.2.2.2.2.2.2.2.2.2.2.2.1.2.2.2.2.2",0.405730331433645,TRUE,FALSE,0
"2.1.3.2.2.2.1.2.2.2.2.2.2.2.3.2.2.2.2.2.2.2",0.370004110684417,TRUE,FALSE,0
"2.2.2.2.2.2.3.2.2.2.3.2.2.2.1.2.2.3.2.2.2.2",0.397959062017452,TRUE,FALSE,0
"3.3.2.2.2.2.2.3.2.2.2.3.2.2.2.2.1.2.2.2.2.2",0.610736058704613,TRUE,FALSE,0
"1.2.2.2.2.2.3.2.2.2.2.2.2.2.2.2.2.2.2.2.2.2",0.419892736765353,TRUE,FALSE,0
"2.2.2.2.1.2.3.2.3.2.2.2.1.2.1.1.2.2.2.2.2.2",0.490767519958169,TRUE,FALSE,0
"2.1.2.1.2.2.3.2.2.2.3.2.2.2.2.2.2.2.2.2.2.2",0.355261904666745,TRUE,FALSE,0
"3.3.2.2.2.2.2.3.2.2.2.2.2.1.2.2.1.2.2.2.2.2",0.561893132216836,TRUE,FALSE,0
"2.3.2.2.2.2.2.3.2.2.2.2.2.1.2.2.1.2.2.2.2.2",0.535620385859368,TRUE,FALSE,0
"2.2.2.1.2.2.3.2.2.3.3.3.2.2.2.2.2.2.1.2.2.2",0.445521909766023,TRUE,FALSE,0
"3.3.2.2.2.2.2.3.2.2.2.2.2.2.2.2.1.2.2.2.3.2",0.582398727474577,TRUE,FALSE,0
"2.3.2.2.2.2.2.3.2.2.2.2.2.2.2.2.1.2.2.2.3.2",0.566274648225133,TRUE,FALSE,0
"2.2.2.2.2.2.3.2.2.2.2.2.2.2.1.2.3.2.2.2.2.2",0.436358337078044,TRUE,FALSE,0
"1.1.3.2.3.2.2.2.2.2.2.2.2.2.2.2.2.2.2.2.2.2",0.317373664619823,TRUE,FALSE,0
"3.2.2.2.2.2.2.3.2.2.1.2.2.2.2.2.2.2.2.2.2.2",0.573708365778732,TRUE,FALSE,0
"2.2.2.1.2.2.3.2.2.2.3.2.2.2.3.2.3.2.2.2.2.2",0.372318245197362,TRUE,FALSE,0
"3.2.2.2.2.2.2.2.2.2.2.2.2.2.2.2.2.2.2.2.2.2",0.501832749068759,FALSE,TRUE,38
"2.3.2.2.2.2.2.2.2.2.2.2.2.2.2.2.2.2.2.2.2.2",0.520845094253882,FALSE,TRUE,41
"2.2.3.2.2.2.2.2.2.2.2.2.2.2.2.2.2.2.2.2.2.2",0.457738947083412,FALSE,TRUE,36
"2.2.2.3.2.2.2.2.2.2.2.2.2.2.2.2.2.2.2.2.2.2",0.427833802508702,FALSE,TRUE,40
"2.2.2.2.3.2.2.2.2.2.2.2.2.2.2.2.2.2.2.2.2.2",0.445095383416752,FALSE,TRUE,40
"2.2.2.2.2.3.2.2.2.2.2.2.2.2.2.2.2.2.2.2.2.2",0.53839299317215,FALSE,TRUE,39
"2.2.2.2.2.2.2.2.3.2.2.2.2.2.2.2.2.2.2.2.2.2",0.488217021003898,FALSE,TRUE,40
"2.2.2.2.2.2.2.2.2.3.2.2.2.2.2.2.2.2.2.2.2.2",0.447071829407875,FALSE,TRUE,39
"2.2.2.2.2.2.2.2.2.2.3.2.2.2.2.2.2.2.2.2.2.2",0.412519719788507,FALSE,TRUE,37
"2.2.2.2.2.2.2.2.2.2.2.3.2.2.2.2.2.2.2.2.2.2",0.54700713565985,FALSE,TRUE,40
"2.2.2.2.2.2.2.2.2.2.2.2.3.2.2.2.2.2.2.2.2.2",0.451514344436356,FALSE,TRUE,40
"2.2.2.2.2.2.2.2.2.2.2.2.2.3.2.2.2.2.2.2.2.2",0.46947522159317,FALSE,TRUE,40
"2.2.2.2.2.2.2.2.2.2.2.2.2.2.3.2.2.2.2.2.2.2",0.427964095785341,FALSE,TRUE,38
"2.2.2.2.2.2.2.2.2.2.2.2.2.2.2.3.2.2.2.2.2.2",0.478366885629855,FALSE,TRUE,40
"2.2.2.2.2.2.2.2.2.2.2.2.2.2.2.2.3.2.2.2.2.2",0.450090145977693,FALSE,TRUE,39
"2.2.2.2.2.2.2.2.2.2.2.2.2.2.2.2.2.3.2.2.2.2",0.453369739347664,FALSE,TRUE,40
"2.2.2.2.2.2.2.2.2.2.2.2.2.2.2.2.2.2.3.2.2.2",0.487851538466108,FALSE,TRUE,40
"2.2.2.2.2.2.2.2.2.2.2.2.2.2.2.2.2.2.2.3.2.2",0.44705783547063,FALSE,TRUE,40
"2.2.2.2.2.2.2.2.2.2.2.2.2.2.2.2.2.2.2.2.3.2",0.507927640135314,FALSE,TRUE,40
"2.2.2.2.2.2.2.2.2.2.2.2.2.2.2.2.2.2.2.2.2.3",0.439017309000393,FALSE,TRUE,40
"1.2.2.2.2.2.2.2.2.2.2.2.2.2.2.2.2.2.2.2.2.2",0.437578864560498,FALSE,TRUE,38
"2.2.1.2.2.2.2.2.2.2.2.2.2.2.2.2.2.2.2.2.2.2",0.470765485654545,FALSE,TRUE,39
"2.2.2.1.2.2.2.2.2.2.2.2.2.2.2.2.2.2.2.2.2.2",0.509354640563789,FALSE,TRUE,38
"2.2.2.2.1.2.2.2.2.2.2.2.2.2.2.2.2.2.2.2.2.2",0.46893743430481,FALSE,TRUE,38
"2.2.2.2.2.1.2.2.2.2.2.2.2.2.2.2.2.2.2.2.2.2",0.373868873552369,FALSE,TRUE,39
"2.2.2.2.2.2.1.2.2.2.2.2.2.2.2.2.2.2.2.2.2.2",0.482636925646908,FALSE,TRUE,40
"2.2.2.2.2.2.2.1.2.2.2.2.2.2.2.2.2.2.2.2.2.2",0.429011890780501,FALSE,TRUE,40
"2.2.2.2.2.2.2.2.1.2.2.2.2.2.2.2.2.2.2.2.2.2",0.432245256004292,FALSE,TRUE,39
"2.2.2.2.2.2.2.2.2.1.2.2.2.2.2.2.2.2.2.2.2.2",0.484677411493137,FALSE,TRUE,39
"2.2.2.2.2.2.2.2.2.2.1.2.2.2.2.2.2.2.2.2.2.2",0.514670745838584,FALSE,TRUE,38
"2.2.2.2.2.2.2.2.2.2.2.1.2.2.2.2.2.2.2.2.2.2",0.38378473648368,FALSE,TRUE,37
"2.2.2.2.2.2.2.2.2.2.2.2.1.2.2.2.2.2.2.2.2.2",0.471112312885254,FALSE,TRUE,39
"2.2.2.2.2.2.2.2.2.2.2.2.2.1.2.2.2.2.2.2.2.2",0.467020942621401,FALSE,TRUE,39
"2.2.2.2.2.2.2.2.2.2.2.2.2.2.1.2.2.2.2.2.2.2",0.497318766376104,FALSE,TRUE,36
"2.2.2.2.2.2.2.2.2.2.2.2.2.2.2.1.2.2.2.2.2.2",0.458064488627507,FALSE,TRUE,39
"2.2.2.2.2.2.2.2.2.2.2.2.2.2.2.2.1.2.2.2.2.2",0.471146816268741,FALSE,TRUE,38
"2.2.2.2.2.2.2.2.2.2.2.2.2.2.2.2.2.1.2.2.2.2",0.48040946340815,FALSE,TRUE,39
"2.2.2.2.2.2.2.2.2.2.2.2.2.2.2.2.2.2.1.2.2.2",0.427593562894166,FALSE,TRUE,39
"2.2.2.2.2.2.2.2.2.2.2.2.2.2.2.2.2.2.2.1.2.2",0.474680425793886,FALSE,TRUE,39
"2.2.2.2.2.2.2.2.2.2.2.2.2.2.2.2.2.2.2.2.1.2",0.416961298250697,FALSE,TRUE,39
"2.2.2.2.2.2.2.2.2.2.2.2.2.2.2.2.2.2.2.2.2.1",0.486674537566164,FALSE,TRUE,39
"3.1.2.2.2.2.2.2.2.2.2.2.2.2.2.2.2.2.2.2.2.2",0.441106959089702,FALSE,TRUE,38
"2.1.2.3.2.2.2.2.2.2.2.2.2.2.2.2.2.2.2.2.2.2",0.365261337023927,FALSE,TRUE,39
"2.1.2.2.3.2.2.2.2.2.2.2.2.2.2.2.2.2.2.2.2.2",0.365193485220582,FALSE,TRUE,38
"2.1.2.2.2.3.2.2.2.2.2.2.2.2.2.2.2.2.2.2.2.2",0.469330538898499,FALSE,TRUE,39
"2.1.2.2.2.2.3.2.2.2.2.2.2.2.2.2.2.2.2.2.2.2",0.395615373397839,FALSE,TRUE,35
"2.1.2.2.2.2.2.3.2.2.2.2.2.2.2.2.2.2.2.2.2.2",0.434214063313682,FALSE,TRUE,38
"2.1.2.2.2.2.2.2.3.2.2.2.2.2.2.2.2.2.2.2.2.2",0.418918493797157,FALSE,TRUE,39
"2.1.2.2.2.2.2.2.2.3.2.2.2.2.2.2.2.2.2.2.2.2",0.370800070667765,FALSE,TRUE,38
"2.1.2.2.2.2.2.2.2.2.3.2.2.2.2.2.2.2.2.2.2.2",0.339853790987926,FALSE,TRUE,37
"2.1.2.2.2.2.2.2.2.2.2.3.2.2.2.2.2.2.2.2.2.2",0.481046322410487,FALSE,TRUE,39
"2.1.2.2.2.2.2.2.2.2.2.2.3.2.2.2.2.2.2.2.2.2",0.397825252197948,FALSE,TRUE,39
"2.1.2.2.2.2.2.2.2.2.2.2.2.3.2.2.2.2.2.2.2.2",0.39733048751538,FALSE,TRUE,39
"2.1.2.2.2.2.2.2.2.2.2.2.2.2.3.2.2.2.2.2.2.2",0.375375879561456,FALSE,TRUE,36
"2.1.2.2.2.2.2.2.2.2.2.2.2.2.2.3.2.2.2.2.2.2",0.418126994501293,FALSE,TRUE,39
"2.1.2.2.2.2.2.2.2.2.2.2.2.2.2.2.3.2.2.2.2.2",0.388306641708641,FALSE,TRUE,40
"2.1.2.2.2.2.2.2.2.2.2.2.2.2.2.2.2.3.2.2.2.2",0.388308414009469,FALSE,TRUE,39
"2.1.2.2.2.2.2.2.2.2.2.2.2.2.2.2.2.2.3.2.2.2",0.419553318506738,FALSE,TRUE,39
"2.1.2.2.2.2.2.2.2.2.2.2.2.2.2.2.2.2.2.3.2.2",0.374477315100849,FALSE,TRUE,39
"2.1.2.2.2.2.2.2.2.2.2.2.2.2.2.2.2.2.2.2.3.2",0.449588927695689,FALSE,TRUE,39
"2.1.2.2.2.2.2.2.2.2.2.2.2.2.2.2.2.2.2.2.2.3",0.374662212693698,FALSE,TRUE,39
"1.1.2.2.2.2.2.2.2.2.2.2.2.2.2.2.2.2.2.2.2.2",0.370006161602388,FALSE,TRUE,36
"2.1.1.2.2.2.2.2.2.2.2.2.2.2.2.2.2.2.2.2.2.2",0.411688549054817,FALSE,TRUE,39
"2.1.2.1.2.2.2.2.2.2.2.2.2.2.2.2.2.2.2.2.2.2",0.439098289335336,FALSE,TRUE,36
"2.1.2.2.1.2.2.2.2.2.2.2.2.2.2.2.2.2.2.2.2.2",0.420193754905534,FALSE,TRUE,38
"2.1.2.2.2.1.2.2.2.2.2.2.2.2.2.2.2.2.2.2.2.2",0.314377554923347,FALSE,TRUE,38
"2.1.2.2.2.2.1.2.2.2.2.2.2.2.2.2.2.2.2.2.2.2",0.41366399212637,FALSE,TRUE,37
"2.1.2.2.2.2.2.1.2.2.2.2.2.2.2.2.2.2.2.2.2.2",0.365405125616169,FALSE,TRUE,38
"2.1.2.2.2.2.2.2.1.2.2.2.2.2.2.2.2.2.2.2.2.2",0.370998941213939,FALSE,TRUE,38
"2.1.2.2.2.2.2.2.2.1.2.2.2.2.2.2.2.2.2.2.2.2",0.430460326356579,FALSE,TRUE,38
"2.1.2.2.2.2.2.2.2.2.1.2.2.2.2.2.2.2.2.2.2.2",0.454920212273324,FALSE,TRUE,38
"2.1.2.2.2.2.2.2.2.2.2.1.2.2.2.2.2.2.2.2.2.2",0.319862698162317,FALSE,TRUE,38
"2.1.2.2.2.2.2.2.2.2.2.2.1.2.2.2.2.2.2.2.2.2",0.397336567462066,FALSE,TRUE,38
"2.1.2.2.2.2.2.2.2.2.2.2.2.1.2.2.2.2.2.2.2.2",0.404841399953936,FALSE,TRUE,38
"2.1.2.2.2.2.2.2.2.2.2.2.2.2.1.2.2.2.2.2.2.2",0.422133656819874,FALSE,TRUE,37
"2.1.2.2.2.2.2.2.2.2.2.2.2.2.2.1.2.2.2.2.2.2",0.388078968845293,FALSE,TRUE,38
"2.1.2.2.2.2.2.2.2.2.2.2.2.2.2.2.2.1.2.2.2.2",0.414606807898072,FALSE,TRUE,38
"2.1.2.2.2.2.2.2.2.2.2.2.2.2.2.2.2.2.1.2.2.2",0.370476756554778,FALSE,TRUE,38
"2.1.2.2.2.2.2.2.2.2.2.2.2.2.2.2.2.2.2.1.2.2",0.415102013665139,FALSE,TRUE,38
"2.1.2.2.2.2.2.2.2.2.2.2.2.2.2.2.2.2.2.2.1.2",0.348939635712613,FALSE,TRUE,38
"2.1.2.2.2.2.2.2.2.2.2.2.2.2.2.2.2.2.2.2.2.1",0.422815770121959,FALSE,TRUE,37
"3.1.3.2.2.2.2.2.2.2.2.2.2.2.2.2.2.2.2.2.2.2",0.413845140223953,FALSE,TRUE,39
"2.1.4.2.2.2.2.2.2.2.2.2.2.2.2.2.2.2.2.2.2.2",0.350569325361902,FALSE,TRUE,39
"2.1.3.3.2.2.2.2.2.2.2.2.2.2.2.2.2.2.2.2.2.2",0.34710612901374,FALSE,TRUE,38
"2.1.3.2.3.2.2.2.2.2.2.2.2.2.2.2.2.2.2.2.2.2",0.337057070658858,FALSE,TRUE,38
"2.1.3.2.2.3.2.2.2.2.2.2.2.2.2.2.2.2.2.2.2.2",0.450265203136863,FALSE,TRUE,38
"2.1.3.2.2.2.3.2.2.2.2.2.2.2.2.2.2.2.2.2.2.2",0.371871134538122,FALSE,TRUE,37
"2.1.3.2.2.2.2.3.2.2.2.2.2.2.2.2.2.2.2.2.2.2",0.413279764544257,FALSE,TRUE,37
"2.1.3.2.2.2.2.2.3.2.2.2.2.2.2.2.2.2.2.2.2.2",0.399925521312696,FALSE,TRUE,38
"2.1.3.2.2.2.2.2.2.2.3.2.2.2.2.2.2.2.2.2.2.2",0.317751775171794,FALSE,TRUE,38
"2.1.3.2.2.2.2.2.2.2.2.3.2.2.2.2.2.2.2.2.2.2",0.456064777679948,FALSE,TRUE,38
"2.1.3.2.2.2.2.2.2.2.2.2.3.2.2.2.2.2.2.2.2.2",0.379065665787055,FALSE,TRUE,38
"2.1.3.2.2.2.2.2.2.2.2.2.2.3.2.2.2.2.2.2.2.2",0.370317461940402,FALSE,TRUE,38
"2.1.3.2.2.2.2.2.2.2.2.2.2.2.2.3.2.2.2.2.2.2",0.396060473137758,FALSE,TRUE,38
"2.1.3.2.2.2.2.2.2.2.2.2.2.2.2.2.3.2.2.2.2.2",0.362332185028794,FALSE,TRUE,38
"2.1.3.2.2.2.2.2.2.2.2.2.2.2.2.2.2.3.2.2.2.2",0.367047622145388,FALSE,TRUE,38
"2.1.3.2.2.2.2.2.2.2.2.2.2.2.2.2.2.2.3.2.2.2",0.388612131514247,FALSE,TRUE,38
"2.1.3.2.2.2.2.2.2.2.2.2.2.2.2.2.2.2.2.3.2.2",0.340127737448696,FALSE,TRUE,38
"2.1.3.2.2.2.2.2.2.2.2.2.2.2.2.2.2.2.2.2.3.2",0.437298772320331,FALSE,TRUE,38
"2.1.3.2.2.2.2.2.2.2.2.2.2.2.2.2.2.2.2.2.2.3",0.360404598418484,FALSE,TRUE,38
"2.1.3.1.2.2.2.2.2.2.2.2.2.2.2.2.2.2.2.2.2.2",0.41746195704857,FALSE,TRUE,37
"2.1.3.2.1.2.2.2.2.2.2.2.2.2.2.2.2.2.2.2.2.2",0.407795384785238,FALSE,TRUE,37
"2.1.3.2.2.1.2.2.2.2.2.2.2.2.2.2.2.2.2.2.2.2",0.293993359970464,FALSE,TRUE,37
"2.1.3.2.2.2.1.2.2.2.2.2.2.2.2.2.2.2.2.2.2.2",0.395116221369382,FALSE,TRUE,37
"2.1.3.2.2.2.2.1.2.2.2.2.2.2.2.2.2.2.2.2.2.2",0.345670944712643,FALSE,TRUE,37
"2.1.3.2.2.2.2.2.1.2.2.2.2.2.2.2.2.2.2.2.2.2",0.351500794040538,FALSE,TRUE,37
"2.1.3.2.2.2.2.2.2.1.2.2.2.2.2.2.2.2.2.2.2.2",0.415385124417051,FALSE,TRUE,38
"2.1.3.2.2.2.2.2.2.2.1.2.2.2.2.2.2.2.2.2.2.2",0.437191649897942,FALSE,TRUE,37
"2.1.3.2.2.2.2.2.2.2.2.1.2.2.2.2.2.2.2.2.2.2",0.304036992121377,FALSE,TRUE,36
"2.1.3.2.2.2.2.2.2.2.2.2.1.2.2.2.2.2.2.2.2.2",0.374199463397079,FALSE,TRUE,37
"2.1.3.2.2.2.2.2.2.2.2.2.2.1.2.2.2.2.2.2.2.2",0.393235250139745,FALSE,TRUE,37
"2.1.3.2.2.2.2.2.2.2.2.2.2.2.1.2.2.2.2.2.2.2",0.387289214336944,FALSE,TRUE,38
"2.1.3.2.2.2.2.2.2.2.2.2.2.2.2.1.2.2.2.2.2.2",0.369720755012897,FALSE,TRUE,37
"2.1.3.2.2.2.2.2.2.2.2.2.2.2.2.2.1.2.2.2.2.2",0.388714467069534,FALSE,TRUE,37
"2.1.3.2.2.2.2.2.2.2.2.2.2.2.2.2.2.1.2.2.2.2",0.396442556877796,FALSE,TRUE,37
"2.1.3.2.2.2.2.2.2.2.2.2.2.2.2.2.2.2.1.2.2.2",0.36129386400127,FALSE,TRUE,37
"2.1.3.2.2.2.2.2.2.2.2.2.2.2.2.2.2.2.2.1.2.2",0.410943430077295,FALSE,TRUE,37
"2.1.3.2.2.2.2.2.2.2.2.2.2.2.2.2.2.2.2.2.1.2",0.320805017592529,FALSE,TRUE,37
"2.1.3.2.2.2.2.2.2.2.2.2.2.2.2.2.2.2.2.2.2.1",0.394694523983294,FALSE,TRUE,37
"3.1.3.2.2.2.2.2.2.2.2.2.2.2.3.2.2.2.2.2.2.2",0.402600755559276,FALSE,TRUE,37
"2.1.4.2.2.2.2.2.2.2.2.2.2.2.3.2.2.2.2.2.2.2",0.346979311382873,FALSE,TRUE,37
"2.1.3.3.2.2.2.2.2.2.2.2.2.2.3.2.2.2.2.2.2.2",0.32576640165876,FALSE,TRUE,37
"2.1.3.2.3.2.2.2.2.2.2.2.2.2.3.2.2.2.2.2.2.2",0.323454520440248,FALSE,TRUE,36
"2.1.3.2.2.3.2.2.2.2.2.2.2.2.3.2.2.2.2.2.2.2",0.421118818799281,FALSE,TRUE,37
"2.1.3.2.2.2.3.2.2.2.2.2.2.2.3.2.2.2.2.2.2.2",0.363196229117383,FALSE,TRUE,38
"2.1.3.2.2.2.2.3.2.2.2.2.2.2.3.2.2.2.2.2.2.2",0.404128713342743,FALSE,TRUE,37
"2.1.3.2.2.2.2.2.3.2.2.2.2.2.3.2.2.2.2.2.2.2",0.373952613505361,FALSE,TRUE,37
"2.1.3.2.2.2.2.2.2.2.3.2.2.2.3.2.2.2.2.2.2.2",0.300366967355254,FALSE,TRUE,37
"2.1.3.2.2.2.2.2.2.2.2.3.2.2.3.2.2.2.2.2.2.2",0.436784675123479,FALSE,TRUE,37
"2.1.3.2.2.2.2.2.2.2.2.2.3.2.3.2.2.2.2.2.2.2",0.366636571786441,FALSE,TRUE,37
"2.1.3.2.2.2.2.2.2.2.2.2.2.3.3.2.2.2.2.2.2.2",0.3612352029829,FALSE,TRUE,37
"2.1.3.2.2.2.2.2.2.2.2.2.2.2.4.2.2.2.2.2.2.2",0.330715777212165,FALSE,TRUE,38
"2.1.3.2.2.2.2.2.2.2.2.2.2.2.3.3.2.2.2.2.2.2",0.375419421482195,FALSE,TRUE,37
"2.1.3.2.2.2.2.2.2.2.2.2.2.2.3.2.3.2.2.2.2.2",0.351886182111504,FALSE,TRUE,37
"2.1.3.2.2.2.2.2.2.2.2.2.2.2.3.2.2.3.2.2.2.2",0.349215546136333,FALSE,TRUE,37
"2.1.3.2.2.2.2.2.2.2.2.2.2.2.3.2.2.2.3.2.2.2",0.390526158902911,FALSE,TRUE,37
"2.1.3.2.2.2.2.2.2.2.2.2.2.2.3.2.2.2.2.3.2.2",0.334542979699231,FALSE,TRUE,37
"2.1.3.2.2.2.2.2.2.2.2.2.2.2.3.2.2.2.2.2.3.2",0.399541438631652,FALSE,TRUE,37
"2.1.3.2.2.2.2.2.2.2.2.2.2.2.3.2.2.2.2.2.2.3",0.322277463235626,FALSE,TRUE,38
"1.1.3.2.2.2.2.2.2.2.2.2.2.2.3.2.2.2.2.2.2.2",0.331561775536984,FALSE,TRUE,35
"2.1.3.1.2.2.2.2.2.2.2.2.2.2.3.2.2.2.2.2.2.2",0.401728209341685,FALSE,TRUE,36
"2.1.3.2.1.2.2.2.2.2.2.2.2.2.3.2.2.2.2.2.2.2",0.385685834794821,FALSE,TRUE,36
"2.1.3.2.2.1.2.2.2.2.2.2.2.2.3.2.2.2.2.2.2.2",0.284452257288754,FALSE,TRUE,36
"2.1.3.2.2.2.2.1.2.2.2.2.2.2.3.2.2.2.2.2.2.2",0.319963895946231,FALSE,TRUE,36
"2.1.3.2.2.2.2.2.1.2.2.2.2.2.3.2.2.2.2.2.2.2",0.340523996634698,FALSE,TRUE,36
"2.1.3.2.2.2.2.2.2.1.2.2.2.2.3.2.2.2.2.2.2.2",0.380013290251426,FALSE,TRUE,37
"2.1.3.2.2.2.2.2.2.2.1.2.2.2.3.2.2.2.2.2.2.2",0.417756399406011,FALSE,TRUE,36
"2.1.3.2.2.2.2.2.2.2.2.1.2.2.3.2.2.2.2.2.2.2",0.288461047322027,FALSE,TRUE,36
"2.1.3.2.2.2.2.2.2.2.2.2.1.2.3.2.2.2.2.2.2.2",0.352079397600368,FALSE,TRUE,36
"2.1.3.2.2.2.2.2.2.2.2.2.2.1.3.2.2.2.2.2.2.2",0.36522008997959,FALSE,TRUE,36
"2.1.3.2.2.2.2.2.2.2.2.2.2.2.3.1.2.2.2.2.2.2",0.353112544233547,FALSE,TRUE,36
"2.1.3.2.2.2.2.2.2.2.2.2.2.2.3.2.1.2.2.2.2.2",0.362409456362097,FALSE,TRUE,35
"2.1.3.2.2.2.2.2.2.2.2.2.2.2.3.2.2.1.2.2.2.2",0.378160605782557,FALSE,TRUE,36
"2.1.3.2.2.2.2.2.2.2.2.2.2.2.3.2.2.2.1.2.2.2",0.324232823677595,FALSE,TRUE,36
"2.1.3.2.2.2.2.2.2.2.2.2.2.2.3.2.2.2.2.1.2.2",0.377396018508205,FALSE,TRUE,36
"2.1.3.2.2.2.2.2.2.2.2.2.2.2.3.2.2.2.2.2.1.2",0.322499425231312,FALSE,TRUE,36
"3.2.2.2.2.2.3.2.2.2.2.2.2.2.2.2.2.2.2.2.2.2",0.480168484305171,FALSE,TRUE,39
"2.3.2.2.2.2.3.2.2.2.2.2.2.2.2.2.2.2.2.2.2.2",0.493268084666561,FALSE,TRUE,38
"2.2.3.2.2.2.3.2.2.2.2.2.2.2.2.2.2.2.2.2.2.2",0.431933095036175,FALSE,TRUE,37
"2.2.2.3.2.2.3.2.2.2.2.2.2.2.2.2.2.2.2.2.2.2",0.406287052135324,FALSE,TRUE,39
"2.2.2.2.3.2.3.2.2.2.2.2.2.2.2.2.2.2.2.2.2.2",0.419065777230417,FALSE,TRUE,39
"2.2.2.2.2.3.3.2.2.2.2.2.2.2.2.2.2.2.2.2.2.2",0.522926557628913,FALSE,TRUE,36
"2.2.2.2.2.2.4.2.2.2.2.2.2.2.2.2.2.2.2.2.2.2",0.423161177165909,FALSE,TRUE,40
"2.2.2.2.2.2.3.3.2.2.2.2.2.2.2.2.2.2.2.2.2.2",0.496517525394828,FALSE,TRUE,38
"2.2.2.2.2.2.3.2.3.2.2.2.2.2.2.2.2.2.2.2.2.2",0.471700337870517,FALSE,TRUE,39
"2.2.2.2.2.2.3.2.2.3.2.2.2.2.2.2.2.2.2.2.2.2",0.433106135018082,FALSE,TRUE,39
"2.2.2.2.2.2.3.2.2.2.2.3.2.2.2.2.2.2.2.2.2.2",0.527654619528955,FALSE,TRUE,39
"2.2.2.2.2.2.3.2.2.2.2.2.3.2.2.2.2.2.2.2.2.2",0.419807979098341,FALSE,TRUE,39
"2.2.2.2.2.2.3.2.2.2.2.2.2.3.2.2.2.2.2.2.2.2",0.450177181093051,FALSE,TRUE,39
"2.2.2.2.2.2.3.2.2.2.2.2.2.2.3.2.2.2.2.2.2.2",0.415804995697672,FALSE,TRUE,38
"2.2.2.2.2.2.3.2.2.2.2.2.2.2.2.3.2.2.2.2.2.2",0.458566825172087,FALSE,TRUE,39
"2.2.2.2.2.2.3.2.2.2.2.2.2.2.2.2.3.2.2.2.2.2",0.427956766698422,FALSE,TRUE,39
"2.2.2.2.2.2.3.2.2.2.2.2.2.2.2.2.2.3.2.2.2.2",0.438583007027738,FALSE,TRUE,38
"2.2.2.2.2.2.3.2.2.2.2.2.2.2.2.2.2.2.3.2.2.2",0.477353236306284,FALSE,TRUE,39
"2.2.2.2.2.2.3.2.2.2.2.2.2.2.2.2.2.2.2.3.2.2",0.426979813528364,FALSE,TRUE,39
"2.2.2.2.2.2.3.2.2.2.2.2.2.2.2.2.2.2.2.2.3.2",0.48956523846808,FALSE,TRUE,39
"2.2.2.2.2.2.3.2.2.2.2.2.2.2.2.2.2.2.2.2.2.3",0.420102445877071,FALSE,TRUE,39
"2.2.1.2.2.2.3.2.2.2.2.2.2.2.2.2.2.2.2.2.2.2",0.455163377294902,FALSE,TRUE,38
"2.2.2.1.2.2.3.2.2.2.2.2.2.2.2.2.2.2.2.2.2.2",0.49032263201578,FALSE,TRUE,34
"2.2.2.2.1.2.3.2.2.2.2.2.2.2.2.2.2.2.2.2.2.2",0.456619926765465,FALSE,TRUE,36
"2.2.2.2.2.1.3.2.2.2.2.2.2.2.2.2.2.2.2.2.2.2",0.352237340827252,FALSE,TRUE,38
"2.2.2.2.2.2.3.1.2.2.2.2.2.2.2.2.2.2.2.2.2.2",0.39567153861467,FALSE,TRUE,38
"2.2.2.2.2.2.3.2.1.2.2.2.2.2.2.2.2.2.2.2.2.2",0.410461698429864,FALSE,TRUE,38
"2.2.2.2.2.2.3.2.2.1.2.2.2.2.2.2.2.2.2.2.2.2",0.460572725065798,FALSE,TRUE,38
"2.2.2.2.2.2.3.2.2.2.1.2.2.2.2.2.2.2.2.2.2.2",0.493923175360035,FALSE,TRUE,39
"2.2.2.2.2.2.3.2.2.2.2.1.2.2.2.2.2.2.2.2.2.2",0.36199244378008,FALSE,TRUE,38
"2.2.2.2.2.2.3.2.2.2.2.2.1.2.2.2.2.2.2.2.2.2",0.463048232544074,FALSE,TRUE,38
"2.2.2.2.2.2.3.2.2.2.2.2.2.1.2.2.2.2.2.2.2.2",0.445735441645472,FALSE,TRUE,38
"2.2.2.2.2.2.3.2.2.2.2.2.2.2.2.1.2.2.2.2.2.2",0.438554203586242,FALSE,TRUE,37
"2.2.2.2.2.2.3.2.2.2.2.2.2.2.2.2.1.2.2.2.2.2",0.453076883899173,FALSE,TRUE,37
"2.2.2.2.2.2.3.2.2.2.2.2.2.2.2.2.2.1.2.2.2.2",0.457350086742426,FALSE,TRUE,37
"2.2.2.2.2.2.3.2.2.2.2.2.2.2.2.2.2.2.1.2.2.2",0.400612648234653,FALSE,TRUE,37
"2.2.2.2.2.2.3.2.2.2.2.2.2.2.2.2.2.2.2.1.2.2",0.455452080946911,FALSE,TRUE,38
"2.2.2.2.2.2.3.2.2.2.2.2.2.2.2.2.2.2.2.2.1.2",0.397415823997435,FALSE,TRUE,38
"2.2.2.2.2.2.3.2.2.2.2.2.2.2.2.2.2.2.2.2.2.1",0.466489759030868,FALSE,TRUE,38
"3.2.2.2.2.2.3.2.2.2.2.2.2.2.1.2.2.2.2.2.2.2",0.489295004157685,FALSE,TRUE,38
"2.3.2.2.2.2.3.2.2.2.2.2.2.2.1.2.2.2.2.2.2.2",0.519244745799144,FALSE,TRUE,38
"2.2.3.2.2.2.3.2.2.2.2.2.2.2.1.2.2.2.2.2.2.2",0.433676184715684,FALSE,TRUE,38
"2.2.2.3.2.2.3.2.2.2.2.2.2.2.1.2.2.2.2.2.2.2",0.427124738067477,FALSE,TRUE,38
"2.2.2.2.3.2.3.2.2.2.2.2.2.2.1.2.2.2.2.2.2.2",0.432524751213276,FALSE,TRUE,39
"2.2.2.2.2.3.3.2.2.2.2.2.2.2.1.2.2.2.2.2.2.2",0.548975016153022,FALSE,TRUE,38
"2.2.2.2.2.2.4.2.2.2.2.2.2.2.1.2.2.2.2.2.2.2",0.433178757617857,FALSE,TRUE,38
"2.2.2.2.2.2.3.3.2.2.2.2.2.2.1.2.2.2.2.2.2.2",0.504290978882166,FALSE,TRUE,37
"2.2.2.2.2.2.3.2.3.2.2.2.2.2.1.2.2.2.2.2.2.2",0.495743299665729,FALSE,TRUE,37
"2.2.2.2.2.2.3.2.2.3.2.2.2.2.1.2.2.2.2.2.2.2",0.436622882244093,FALSE,TRUE,38
"2.2.2.2.2.2.3.2.2.2.2.3.2.2.1.2.2.2.2.2.2.2",0.542514220484969,FALSE,TRUE,38
"2.2.2.2.2.2.3.2.2.2.2.2.3.2.1.2.2.2.2.2.2.2",0.432399890298324,FALSE,TRUE,38
"2.2.2.2.2.2.3.2.2.2.2.2.2.3.1.2.2.2.2.2.2.2",0.458038954104103,FALSE,TRUE,38
"2.2.2.2.2.2.3.2.2.2.2.2.2.2.1.3.2.2.2.2.2.2",0.477013625582617,FALSE,TRUE,38
"2.2.2.2.2.2.3.2.2.2.2.2.2.2.1.2.2.3.2.2.2.2",0.457008286848442,FALSE,TRUE,38
"2.2.2.2.2.2.3.2.2.2.2.2.2.2.1.2.2.2.3.2.2.2",0.473221324049236,FALSE,TRUE,38
"2.2.2.2.2.2.3.2.2.2.2.2.2.2.1.2.2.2.2.3.2.2",0.430942188210747,FALSE,TRUE,38
"2.2.2.2.2.2.3.2.2.2.2.2.2.2.1.2.2.2.2.2.3.2",0.524649329709554,FALSE,TRUE,38
"2.2.2.2.2.2.3.2.2.2.2.2.2.2.1.2.2.2.2.2.2.3",0.457784151845957,FALSE,TRUE,38
"1.2.2.2.2.2.3.2.2.2.2.2.2.2.1.2.2.2.2.2.2.2",0.4434939036735,FALSE,TRUE,37
"2.1.2.2.2.2.3.2.2.2.2.2.2.2.1.2.2.2.2.2.2.2",0.404287790708938,FALSE,TRUE,36
"2.2.1.2.2.2.3.2.2.2.2.2.2.2.1.2.2.2.2.2.2.2",0.488302761944937,FALSE,TRUE,37
"2.2.2.1.2.2.3.2.2.2.2.2.2.2.1.2.2.2.2.2.2.2",0.50551877449181,FALSE,TRUE,37
"2.2.2.2.2.1.3.2.2.2.2.2.2.2.1.2.2.2.2.2.2.2",0.364806768945165,FALSE,TRUE,37
"2.2.2.2.2.2.3.1.2.2.2.2.2.2.1.2.2.2.2.2.2.2",0.421322318179913,FALSE,TRUE,37
"2.2.2.2.2.2.3.2.1.2.2.2.2.2.1.2.2.2.2.2.2.2",0.423025866572024,FALSE,TRUE,37
"2.2.2.2.2.2.3.2.2.1.2.2.2.2.1.2.2.2.2.2.2.2",0.491066398713035,FALSE,TRUE,37
"2.2.2.2.2.2.3.2.2.2.1.2.2.2.1.2.2.2.2.2.2.2",0.512339983697282,FALSE,TRUE,38
"2.2.2.2.2.2.3.2.2.2.2.1.2.2.1.2.2.2.2.2.2.2",0.381492921292639,FALSE,TRUE,37
"2.2.2.2.2.2.3.2.2.2.2.2.1.2.1.2.2.2.2.2.2.2",0.484000334880142,FALSE,TRUE,37
"2.2.2.2.2.2.3.2.2.2.2.2.2.1.1.2.2.2.2.2.2.2",0.473941322952141,FALSE,TRUE,37
"2.2.2.2.2.2.3.2.2.2.2.2.2.2.1.1.2.2.2.2.2.2",0.456600125204662,FALSE,TRUE,36
"2.2.2.2.2.2.3.2.2.2.2.2.2.2.1.2.1.2.2.2.2.2",0.481251878316869,FALSE,TRUE,38
"2.2.2.2.2.2.3.2.2.2.2.2.2.2.1.2.2.1.2.2.2.2",0.473101729639911,FALSE,TRUE,37
"2.2.2.2.2.2.3.2.2.2.2.2.2.2.1.2.2.2.1.2.2.2",0.437608726639907,FALSE,TRUE,37
"2.2.2.2.2.2.3.2.2.2.2.2.2.2.1.2.2.2.2.1.2.2",0.488745043956407,FALSE,TRUE,37
"2.2.2.2.2.2.3.2.2.2.2.2.2.2.1.2.2.2.2.2.1.2",0.39804870663271,FALSE,TRUE,37
"2.2.2.2.2.2.3.2.2.2.2.2.2.2.1.2.2.2.2.2.2.1",0.466748763254525,FALSE,TRUE,37
"2.3.2.2.2.2.2.3.2.2.2.2.2.2.2.2.2.2.2.2.2.2",0.549106238612742,FALSE,TRUE,38
"2.2.3.2.2.2.2.3.2.2.2.2.2.2.2.2.2.2.2.2.2.2",0.484099658751583,FALSE,TRUE,39
"2.2.2.3.2.2.2.3.2.2.2.2.2.2.2.2.2.2.2.2.2.2",0.462736096154656,FALSE,TRUE,41
"2.2.2.2.3.2.2.3.2.2.2.2.2.2.2.2.2.2.2.2.2.2",0.461837841841855,FALSE,TRUE,41
"2.2.2.2.2.3.2.3.2.2.2.2.2.2.2.2.2.2.2.2.2.2",0.546381795870562,FALSE,TRUE,41
"2.2.2.2.2.2.2.4.2.2.2.2.2.2.2.2.2.2.2.2.2.2",0.508932842946566,FALSE,TRUE,42
"2.2.2.2.2.2.2.3.3.2.2.2.2.2.2.2.2.2.2.2.2.2",0.504425564188451,FALSE,TRUE,41
"2.2.2.2.2.2.2.3.2.3.2.2.2.2.2.2.2.2.2.2.2.2",0.471778759373667,FALSE,TRUE,41
"2.2.2.2.2.2.2.3.2.2.3.2.2.2.2.2.2.2.2.2.2.2",0.435316042820151,FALSE,TRUE,40
"2.2.2.2.2.2.2.3.2.2.2.3.2.2.2.2.2.2.2.2.2.2",0.555983915408859,FALSE,TRUE,41
"2.2.2.2.2.2.2.3.2.2.2.2.3.2.2.2.2.2.2.2.2.2",0.497858797635788,FALSE,TRUE,41
"2.2.2.2.2.2.2.3.2.2.2.2.2.3.2.2.2.2.2.2.2.2",0.493388285326934,FALSE,TRUE,41
"2.2.2.2.2.2.2.3.2.2.2.2.2.2.3.2.2.2.2.2.2.2",0.461390822115703,FALSE,TRUE,40
"2.2.2.2.2.2.2.3.2.2.2.2.2.2.2.3.2.2.2.2.2.2",0.504190142208156,FALSE,TRUE,41
"2.2.2.2.2.2.2.3.2.2.2.2.2.2.2.2.3.2.2.2.2.2",0.47318945725035,FALSE,TRUE,41
"2.2.2.2.2.2.2.3.2.2.2.2.2.2.2.2.2.3.2.2.2.2",0.483416415460213,FALSE,TRUE,41
"2.2.2.2.2.2.2.3.2.2.2.2.2.2.2.2.2.2.3.2.2.2",0.501263395686011,FALSE,TRUE,41
"2.2.2.2.2.2.2.3.2.2.2.2.2.2.2.2.2.2.2.3.2.2",0.474193735907945,FALSE,TRUE,41
"2.2.2.2.2.2.2.3.2.2.2.2.2.2.2.2.2.2.2.2.3.2",0.531668219678566,FALSE,TRUE,39
"2.2.2.2.2.2.2.3.2.2.2.2.2.2.2.2.2.2.2.2.2.3",0.46295383079834,FALSE,TRUE,41
"1.2.2.2.2.2.2.3.2.2.2.2.2.2.2.2.2.2.2.2.2.2",0.460928945152149,FALSE,TRUE,40
"2.2.1.2.2.2.2.3.2.2.2.2.2.2.2.2.2.2.2.2.2.2",0.498044700709443,FALSE,TRUE,40
"2.2.2.1.2.2.2.3.2.2.2.2.2.2.2.2.2.2.2.2.2.2",0.530054754186401,FALSE,TRUE,40
"2.2.2.2.1.2.2.3.2.2.2.2.2.2.2.2.2.2.2.2.2.2",0.505074593123693,FALSE,TRUE,40
"2.2.2.2.2.1.2.3.2.2.2.2.2.2.2.2.2.2.2.2.2.2",0.417097902541155,FALSE,TRUE,40
"2.2.2.2.2.2.1.3.2.2.2.2.2.2.2.2.2.2.2.2.2.2",0.495769402243679,FALSE,TRUE,40
"2.2.2.2.2.2.2.3.1.2.2.2.2.2.2.2.2.2.2.2.2.2",0.466739056151668,FALSE,TRUE,40
"2.2.2.2.2.2.2.3.2.1.2.2.2.2.2.2.2.2.2.2.2.2",0.514123918490057,FALSE,TRUE,40
"2.2.2.2.2.2.2.3.2.2.1.2.2.2.2.2.2.2.2.2.2.2",0.544320431368194,FALSE,TRUE,40
"2.2.2.2.2.2.2.3.2.2.2.1.2.2.2.2.2.2.2.2.2.2",0.425697149344693,FALSE,TRUE,40
"2.2.2.2.2.2.2.3.2.2.2.2.1.2.2.2.2.2.2.2.2.2",0.477351772511249,FALSE,TRUE,40
"2.2.2.2.2.2.2.3.2.2.2.2.2.1.2.2.2.2.2.2.2.2",0.499127521577991,FALSE,TRUE,38
"2.2.2.2.2.2.2.3.2.2.2.2.2.2.1.2.2.2.2.2.2.2",0.517708708305044,FALSE,TRUE,39
"2.2.2.2.2.2.2.3.2.2.2.2.2.2.2.1.2.2.2.2.2.2",0.484903334287384,FALSE,TRUE,40
"2.2.2.2.2.2.2.3.2.2.2.2.2.2.2.2.1.2.2.2.2.2",0.498053881128759,FALSE,TRUE,36
"2.2.2.2.2.2.2.3.2.2.2.2.2.2.2.2.2.1.2.2.2.2",0.506545678345017,FALSE,TRUE,40
"2.2.2.2.2.2.2.3.2.2.2.2.2.2.2.2.2.2.1.2.2.2",0.469100724783304,FALSE,TRUE,40
"2.2.2.2.2.2.2.3.2.2.2.2.2.2.2.2.2.2.2.1.2.2",0.501944814265622,FALSE,TRUE,40
"2.2.2.2.2.2.2.3.2.2.2.2.2.2.2.2.2.2.2.2.1.2",0.444441964440934,FALSE,TRUE,40
"2.2.2.2.2.2.2.3.2.2.2.2.2.2.2.2.2.2.2.2.2.1",0.513431236929373,FALSE,TRUE,40
"3.2.2.2.2.2.3.2.2.2.3.2.2.2.2.2.2.2.2.2.2.2",0.416790349740066,FALSE,TRUE,38
"2.3.2.2.2.2.3.2.2.2.3.2.2.2.2.2.2.2.2.2.2.2",0.441102231189341,FALSE,TRUE,38
"2.2.3.2.2.2.3.2.2.2.3.2.2.2.2.2.2.2.2.2.2.2",0.371583691456731,FALSE,TRUE,39
"2.2.2.3.2.2.3.2.2.2.3.2.2.2.2.2.2.2.2.2.2.2",0.35882158566153,FALSE,TRUE,40
"2.2.2.2.3.2.3.2.2.2.3.2.2.2.2.2.2.2.2.2.2.2",0.344190022274625,FALSE,TRUE,39
"2.2.2.2.2.2.4.2.2.2.3.2.2.2.2.2.2.2.2.2.2.2",0.368031908314635,FALSE,TRUE,39
"2.2.2.2.2.2.3.3.2.2.3.2.2.2.2.2.2.2.2.2.2.2",0.431901837045646,FALSE,TRUE,38
"2.2.2.2.2.2.3.2.3.2.3.2.2.2.2.2.2.2.2.2.2.2",0.395966137805828,FALSE,TRUE,39
"2.2.2.2.2.2.3.2.2.3.3.2.2.2.2.2.2.2.2.2.2.2",0.36537007686252,FALSE,TRUE,39
"2.2.2.2.2.2.3.2.2.2.4.2.2.2.2.2.2.2.2.2.2.2",0.323357974834841,FALSE,TRUE,40
"2.2.2.2.2.2.3.2.2.2.3.3.2.2.2.2.2.2.2.2.2.2",0.462909904240665,FALSE,TRUE,38
"2.2.2.2.2.2.3.2.2.2.3.2.3.2.2.2.2.2.2.2.2.2",0.367425604815841,FALSE,TRUE,39
"2.2.2.2.2.2.3.2.2.2.3.2.2.3.2.2.2.2.2.2.2.2",0.395625504648233,FALSE,TRUE,39
"2.2.2.2.2.2.3.2.2.2.3.2.2.2.3.2.2.2.2.2.2.2",0.357468798880604,FALSE,TRUE,39
"2.2.2.2.2.2.3.2.2.2.3.2.2.2.2.3.2.2.2.2.2.2",0.406469819283164,FALSE,TRUE,39
"2.2.2.2.2.2.3.2.2.2.3.2.2.2.2.2.3.2.2.2.2.2",0.368166145394791,FALSE,TRUE,38
"2.2.2.2.2.2.3.2.2.2.3.2.2.2.2.2.2.3.2.2.2.2",0.380314956978857,FALSE,TRUE,38
"2.2.2.2.2.2.3.2.2.2.3.2.2.2.2.2.2.2.3.2.2.2",0.405041554255528,FALSE,TRUE,39
"2.2.2.2.2.2.3.2.2.2.3.2.2.2.2.2.2.2.2.3.2.2",0.363117901700779,FALSE,TRUE,39
"2.2.2.2.2.2.3.2.2.2.3.2.2.2.2.2.2.2.2.2.3.2",0.42107855673398,FALSE,TRUE,39
"2.2.2.2.2.2.3.2.2.2.3.2.2.2.2.2.2.2.2.2.2.3",0.35354095962282,FALSE,TRUE,39
"1.2.2.2.2.2.3.2.2.2.3.2.2.2.2.2.2.2.2.2.2.2",0.369853523192473,FALSE,TRUE,38
"2.1.2.2.2.2.3.2.2.2.3.2.2.2.2.2.2.2.2.2.2.2",0.329861146815262,FALSE,TRUE,37
"2.2.1.2.2.2.3.2.2.2.3.2.2.2.2.2.2.2.2.2.2.2",0.397751842117939,FALSE,TRUE,38
"2.2.2.2.1.2.3.2.2.2.3.2.2.2.2.2.2.2.2.2.2.2",0.416175171483962,FALSE,TRUE,38
"2.2.2.2.2.1.3.2.2.2.3.2.2.2.2.2.2.2.2.2.2.2",0.315225445908481,FALSE,TRUE,39
"2.2.2.2.2.2.3.1.2.2.3.2.2.2.2.2.2.2.2.2.2.2",0.347448780089529,FALSE,TRUE,38
"2.2.2.2.2.2.3.2.1.2.3.2.2.2.2.2.2.2.2.2.2.2",0.372195361193182,FALSE,TRUE,38
"2.2.2.2.2.2.3.2.2.1.3.2.2.2.2.2.2.2.2.2.2.2",0.41227090914031,FALSE,TRUE,38
"2.2.2.2.2.2.3.2.2.2.3.1.2.2.2.2.2.2.2.2.2.2",0.311460415652695,FALSE,TRUE,38
"2.2.2.2.2.2.3.2.2.2.3.2.1.2.2.2.2.2.2.2.2.2",0.399190175734724,FALSE,TRUE,37
"2.2.2.2.2.2.3.2.2.2.3.2.2.1.2.2.2.2.2.2.2.2",0.385866266650496,FALSE,TRUE,38
"2.2.2.2.2.2.3.2.2.2.3.2.2.2.2.1.2.2.2.2.2.2",0.373860518637477,FALSE,TRUE,38
"2.2.2.2.2.2.3.2.2.2.3.2.2.2.2.2.1.2.2.2.2.2",0.394728579676479,FALSE,TRUE,38
"2.2.2.2.2.2.3.2.2.2.3.2.2.2.2.2.2.1.2.2.2.2",0.399271667558117,FALSE,TRUE,38
"2.2.2.2.2.2.3.2.2.2.3.2.2.2.2.2.2.2.1.2.2.2",0.353670661548922,FALSE,TRUE,37
"2.2.2.2.2.2.3.2.2.2.3.2.2.2.2.2.2.2.2.1.2.2",0.402615250254895,FALSE,TRUE,38
"2.2.2.2.2.2.3.2.2.2.3.2.2.2.2.2.2.2.2.2.1.2",0.347620155307651,FALSE,TRUE,38
"2.2.2.2.2.2.3.2.2.2.3.2.2.2.2.2.2.2.2.2.2.1",0.415101627084459,FALSE,TRUE,38
"3.2.2.1.2.2.3.2.2.2.3.2.2.2.2.2.2.2.2.2.2.2",0.440291497661533,FALSE,TRUE,37
"2.3.2.1.2.2.3.2.2.2.3.2.2.2.2.2.2.2.2.2.2.2",0.46896431411112,FALSE,TRUE,37
"2.2.3.1.2.2.3.2.2.2.3.2.2.2.2.2.2.2.2.2.2.2",0.39553029645144,FALSE,TRUE,37
"2.2.2.1.3.2.3.2.2.2.3.2.2.2.2.2.2.2.2.2.2.2",0.358886423788958,FALSE,TRUE,37
"2.2.2.1.2.3.3.2.2.2.3.2.2.2.2.2.2.2.2.2.2.2",0.456680889091233,FALSE,TRUE,34
"2.2.2.1.2.2.4.2.2.2.3.2.2.2.2.2.2.2.2.2.2.2",0.398523295350587,FALSE,TRUE,37
"2.2.2.1.2.2.3.3.2.2.3.2.2.2.2.2.2.2.2.2.2.2",0.452411403724857,FALSE,TRUE,37
"2.2.2.1.2.2.3.2.3.2.3.2.2.2.2.2.2.2.2.2.2.2",0.411640649608228,FALSE,TRUE,37
"2.2.2.1.2.2.3.2.2.3.3.2.2.2.2.2.2.2.2.2.2.2",0.390359552064792,FALSE,TRUE,36
"2.2.2.1.2.2.3.2.2.2.4.2.2.2.2.2.2.2.2.2.2.2",0.342141484384366,FALSE,TRUE,37
"2.2.2.1.2.2.3.2.2.2.3.3.2.2.2.2.2.2.2.2.2.2",0.478809615225213,FALSE,TRUE,36
"2.2.2.1.2.2.3.2.2.2.3.2.3.2.2.2.2.2.2.2.2.2",0.401958424912852,FALSE,TRUE,37
"2.2.2.1.2.2.3.2.2.2.3.2.2.3.2.2.2.2.2.2.2.2",0.423321728605921,FALSE,TRUE,37
"2.2.2.1.2.2.3.2.2.2.3.2.2.2.2.3.2.2.2.2.2.2",0.436075126648035,FALSE,TRUE,37
"2.2.2.1.2.2.3.2.2.2.3.2.2.2.2.2.3.2.2.2.2.2",0.396275041631795,FALSE,TRUE,37
"2.2.2.1.2.2.3.2.2.2.3.2.2.2.2.2.2.2.3.2.2.2",0.421968365808638,FALSE,TRUE,38
"2.2.2.1.2.2.3.2.2.2.3.2.2.2.2.2.2.2.2.3.2.2",0.386808379370224,FALSE,TRUE,37
"2.2.2.1.2.2.3.2.2.2.3.2.2.2.2.2.2.2.2.2.3.2",0.44549265765831,FALSE,TRUE,37
"2.2.2.1.2.2.3.2.2.2.3.2.2.2.2.2.2.2.2.2.2.3",0.37855447790203,FALSE,TRUE,37
"1.2.2.1.2.2.3.2.2.2.3.2.2.2.2.2.2.2.2.2.2.2",0.40034152799593,FALSE,TRUE,35
"2.2.1.1.2.2.3.2.2.2.3.2.2.2.2.2.2.2.2.2.2.2",0.427094325857949,FALSE,TRUE,36
"2.2.2.1.1.2.3.2.2.2.3.2.2.2.2.2.2.2.2.2.2.2",0.457206973140804,FALSE,TRUE,35
"2.2.2.1.2.1.3.2.2.2.3.2.2.2.2.2.2.2.2.2.2.2",0.356144858237825,FALSE,TRUE,36
"2.2.2.1.2.2.2.2.2.2.3.2.2.2.2.2.2.2.2.2.2.2",0.437077361135932,FALSE,TRUE,36
"2.2.2.1.2.2.3.1.2.2.3.2.2.2.2.2.2.2.2.2.2.2",0.381040902742731,FALSE,TRUE,36
"2.2.2.1.2.2.3.2.1.2.3.2.2.2.2.2.2.2.2.2.2.2",0.409722461116366,FALSE,TRUE,36
"2.2.2.1.2.2.3.2.2.1.3.2.2.2.2.2.2.2.2.2.2.2",0.442031622700666,FALSE,TRUE,36
"2.2.2.1.2.2.3.2.2.2.3.1.2.2.2.2.2.2.2.2.2.2",0.347693828326732,FALSE,TRUE,36
"2.2.2.1.2.2.3.2.2.2.3.2.1.2.2.2.2.2.2.2.2.2",0.419148145960122,FALSE,TRUE,36
"2.2.2.1.2.2.3.2.2.2.3.2.2.1.2.2.2.2.2.2.2.2",0.410071518055695,FALSE,TRUE,36
"2.2.2.1.2.2.3.2.2.2.3.2.2.2.1.2.2.2.2.2.2.2",0.436163999450767,FALSE,TRUE,36
"2.2.2.1.2.2.3.2.2.2.3.2.2.2.2.1.2.2.2.2.2.2",0.397939384493782,FALSE,TRUE,36
"2.2.2.1.2.2.3.2.2.2.3.2.2.2.2.2.1.2.2.2.2.2",0.420768096751674,FALSE,TRUE,36
"2.2.2.1.2.2.3.2.2.2.3.2.2.2.2.2.2.1.2.2.2.2",0.427730456247875,FALSE,TRUE,36
"2.2.2.1.2.2.3.2.2.2.3.2.2.2.2.2.2.2.2.1.2.2",0.43222823897506,FALSE,TRUE,36
"2.2.2.1.2.2.3.2.2.2.3.2.2.2.2.2.2.2.2.2.1.2",0.377921070463697,FALSE,TRUE,36
"2.2.2.1.2.2.3.2.2.2.3.2.2.2.2.2.2.2.2.2.2.1",0.445151548744011,FALSE,TRUE,36
"3.2.2.2.2.3.3.2.2.2.3.2.2.2.2.2.2.2.2.2.2.2",0.454402329176349,FALSE,TRUE,38
"2.2.3.2.2.3.3.2.2.2.3.2.2.2.2.2.2.2.2.2.2.2",0.42197520266695,FALSE,TRUE,39
"2.2.2.3.2.3.3.2.2.2.3.2.2.2.2.2.2.2.2.2.2.2",0.421571737068606,FALSE,TRUE,39
"2.2.2.2.3.3.3.2.2.2.3.2.2.2.2.2.2.2.2.2.2.2",0.381244235821222,FALSE,TRUE,40
"2.2.2.2.2.4.3.2.2.2.3.2.2.2.2.2.2.2.2.2.2.2",0.464886619139966,FALSE,TRUE,40
"2.2.2.2.2.3.4.2.2.2.3.2.2.2.2.2.2.2.2.2.2.2",0.424662241576117,FALSE,TRUE,39
"2.2.2.2.2.3.3.3.2.2.3.2.2.2.2.2.2.2.2.2.2.2",0.459545096592164,FALSE,TRUE,39
"2.2.2.2.2.3.3.2.3.2.3.2.2.2.2.2.2.2.2.2.2.2",0.419147285244622,FALSE,TRUE,39
"2.2.2.2.2.3.3.2.2.3.3.2.2.2.2.2.2.2.2.2.2.2",0.408818724730742,FALSE,TRUE,39
"2.2.2.2.2.3.3.2.2.2.4.2.2.2.2.2.2.2.2.2.2.2",0.354326456555182,FALSE,TRUE,39
"2.2.2.2.2.3.3.2.2.2.3.3.2.2.2.2.2.2.2.2.2.2",0.496725850580144,FALSE,TRUE,39
"2.2.2.2.2.3.3.2.2.2.3.2.3.2.2.2.2.2.2.2.2.2",0.430212888805866,FALSE,TRUE,39
"2.2.2.2.2.3.3.2.2.2.3.2.2.3.2.2.2.2.2.2.2.2",0.451297106289815,FALSE,TRUE,39
"2.2.2.2.2.3.3.2.2.2.3.2.2.2.3.2.2.2.2.2.2.2",0.395641983544272,FALSE,TRUE,38
"2.2.2.2.2.3.3.2.2.2.3.2.2.2.2.3.2.2.2.2.2.2",0.459039997990909,FALSE,TRUE,39
"2.2.2.2.2.3.3.2.2.2.3.2.2.2.2.2.3.2.2.2.2.2",0.412960739062537,FALSE,TRUE,39
"2.2.2.2.2.3.3.2.2.2.3.2.2.2.2.2.2.3.2.2.2.2",0.421837109069218,FALSE,TRUE,38
"2.2.2.2.2.3.3.2.2.2.3.2.2.2.2.2.2.2.3.2.2.2",0.428772339968026,FALSE,TRUE,39
"2.2.2.2.2.3.3.2.2.2.3.2.2.2.2.2.2.2.2.3.2.2",0.405454136763194,FALSE,TRUE,39
"2.2.2.2.2.3.3.2.2.2.3.2.2.2.2.2.2.2.2.2.3.2",0.454890736215973,FALSE,TRUE,39
"2.2.2.2.2.3.3.2.2.2.3.2.2.2.2.2.2.2.2.2.2.3",0.390437557976605,FALSE,TRUE,39
"1.2.2.2.2.3.3.2.2.2.3.2.2.2.2.2.2.2.2.2.2.2",0.427051915047587,FALSE,TRUE,37
"2.1.2.2.2.3.3.2.2.2.3.2.2.2.2.2.2.2.2.2.2.2",0.376043997428912,FALSE,TRUE,38
"2.2.1.2.2.3.3.2.2.2.3.2.2.2.2.2.2.2.2.2.2.2",0.444505193066843,FALSE,TRUE,38
"2.2.2.2.2.3.2.2.2.2.3.2.2.2.2.2.2.2.2.2.2.2",0.454319857062277,FALSE,TRUE,38
"2.2.2.2.2.3.3.1.2.2.3.2.2.2.2.2.2.2.2.2.2.2",0.414992334543895,FALSE,TRUE,38
"2.2.2.2.2.3.3.2.1.2.3.2.2.2.2.2.2.2.2.2.2.2",0.445282798005587,FALSE,TRUE,38
"2.2.2.2.2.3.3.2.2.1.3.2.2.2.2.2.2.2.2.2.2.2",0.466045608595769,FALSE,TRUE,38
"2.2.2.2.2.3.3.2.2.2.3.1.2.2.2.2.2.2.2.2.2.2",0.37258653263136,FALSE,TRUE,38
"2.2.2.2.2.3.3.2.2.2.3.2.1.2.2.2.2.2.2.2.2.2",0.434274167999249,FALSE,TRUE,38
"2.2.2.2.2.3.3.2.2.2.3.2.2.1.2.2.2.2.2.2.2.2",0.426971248432533,FALSE,TRUE,38
"2.2.2.2.2.3.3.2.2.2.3.2.2.2.1.2.2.2.2.2.2.2",0.469564491776814,FALSE,TRUE,36
"2.2.2.2.2.3.3.2.2.2.3.2.2.2.2.1.2.2.2.2.2.2",0.417433580450704,FALSE,TRUE,37
"2.2.2.2.2.3.3.2.2.2.3.2.2.2.2.2.1.2.2.2.2.2",0.445701756541746,FALSE,TRUE,38
"2.2.2.2.2.3.3.2.2.2.3.2.2.2.2.2.2.2.1.2.2.2",0.42545898500363,FALSE,TRUE,37
"2.2.2.2.2.3.3.2.2.2.3.2.2.2.2.2.2.2.2.1.2.2",0.457225928428141,FALSE,TRUE,38
"2.2.2.2.2.3.3.2.2.2.3.2.2.2.2.2.2.2.2.2.1.2",0.409746472947416,FALSE,TRUE,38
"2.2.2.2.2.3.3.2.2.2.3.2.2.2.2.2.2.2.2.2.2.1",0.47534977402263,FALSE,TRUE,38
"3.2.2.2.2.3.3.2.2.2.3.2.2.2.2.2.2.1.2.2.2.2",0.46652358930368,FALSE,TRUE,40
"2.3.2.2.2.3.3.2.2.2.3.2.2.2.2.2.2.1.2.2.2.2",0.501994445784401,FALSE,TRUE,40
"2.2.3.2.2.3.3.2.2.2.3.2.2.2.2.2.2.1.2.2.2.2",0.437146604095458,FALSE,TRUE,41
"2.2.2.3.2.3.3.2.2.2.3.2.2.2.2.2.2.1.2.2.2.2",0.430992894031005,FALSE,TRUE,41
"2.2.2.2.3.3.3.2.2.2.3.2.2.2.2.2.2.1.2.2.2.2",0.395533647053815,FALSE,TRUE,41
"2.2.2.2.2.4.3.2.2.2.3.2.2.2.2.2.2.1.2.2.2.2",0.482735023930827,FALSE,TRUE,41
"2.2.2.2.2.3.4.2.2.2.3.2.2.2.2.2.2.1.2.2.2.2",0.429586367174026,FALSE,TRUE,41
"2.2.2.2.2.3.3.3.2.2.3.2.2.2.2.2.2.1.2.2.2.2",0.469823103760624,FALSE,TRUE,41
"2.2.2.2.2.3.3.2.3.2.3.2.2.2.2.2.2.1.2.2.2.2",0.438155303804359,FALSE,TRUE,41
"2.2.2.2.2.3.3.2.2.3.3.2.2.2.2.2.2.1.2.2.2.2",0.411996151519931,FALSE,TRUE,41
"2.2.2.2.2.3.3.2.2.2.4.2.2.2.2.2.2.1.2.2.2.2",0.367670642752266,FALSE,TRUE,41
"2.2.2.2.2.3.3.2.2.2.3.3.2.2.2.2.2.1.2.2.2.2",0.517482684363539,FALSE,TRUE,41
"2.2.2.2.2.3.3.2.2.2.3.2.3.2.2.2.2.1.2.2.2.2",0.42697494503073,FALSE,TRUE,41
"2.2.2.2.2.3.3.2.2.2.3.2.2.3.2.2.2.1.2.2.2.2",0.460801560470743,FALSE,TRUE,41
"2.2.2.2.2.3.3.2.2.2.3.2.2.2.3.2.2.1.2.2.2.2",0.40923849841201,FALSE,TRUE,41
"2.2.2.2.2.3.3.2.2.2.3.2.2.2.2.3.2.1.2.2.2.2",0.475986020645957,FALSE,TRUE,41
"2.2.2.2.2.3.3.2.2.2.3.2.2.2.2.2.3.1.2.2.2.2",0.411997757188294,FALSE,TRUE,41
"2.2.2.2.2.3.3.2.2.2.3.2.2.2.2.2.2.1.3.2.2.2",0.437629036323848,FALSE,TRUE,41
"2.2.2.2.2.3.3.2.2.2.3.2.2.2.2.2.2.1.2.3.2.2",0.422860609526039,FALSE,TRUE,41
"2.2.2.2.2.3.3.2.2.2.3.2.2.2.2.2.2.1.2.2.3.2",0.471326439538145,FALSE,TRUE,41
"2.2.2.2.2.3.3.2.2.2.3.2.2.2.2.2.2.1.2.2.2.3",0.409974728124124,FALSE,TRUE,41
"1.2.2.2.2.3.3.2.2.2.3.2.2.2.2.2.2.1.2.2.2.2",0.433017793204298,FALSE,TRUE,40
"2.1.2.2.2.3.3.2.2.2.3.2.2.2.2.2.2.1.2.2.2.2",0.387062114817164,FALSE,TRUE,40
"2.2.1.2.2.3.3.2.2.2.3.2.2.2.2.2.2.1.2.2.2.2",0.451770712513318,FALSE,TRUE,40
"2.2.2.1.2.3.3.2.2.2.3.2.2.2.2.2.2.1.2.2.2.2",0.470524841369101,FALSE,TRUE,39
"2.2.2.2.1.3.3.2.2.2.3.2.2.2.2.2.2.1.2.2.2.2",0.48727107142657,FALSE,TRUE,40
"2.2.2.2.2.3.2.2.2.2.3.2.2.2.2.2.2.1.2.2.2.2",0.469547520336988,FALSE,TRUE,41
"2.2.2.2.2.3.3.1.2.2.3.2.2.2.2.2.2.1.2.2.2.2",0.423838219865236,FALSE,TRUE,40
"2.2.2.2.2.3.3.2.1.2.3.2.2.2.2.2.2.1.2.2.2.2",0.448707055899108,FALSE,TRUE,40
"2.2.2.2.2.3.3.2.2.1.3.2.2.2.2.2.2.1.2.2.2.2",0.484029931730235,FALSE,TRUE,40
"2.2.2.2.2.3.3.2.2.2.2.2.2.2.2.2.2.1.2.2.2.2",0.531609864195859,FALSE,TRUE,40
"2.2.2.2.2.3.3.2.2.2.3.1.2.2.2.2.2.1.2.2.2.2",0.37310575662244,FALSE,TRUE,40
"2.2.2.2.2.3.3.2.2.2.3.2.1.2.2.2.2.1.2.2.2.2",0.457913881941271,FALSE,TRUE,40
"2.2.2.2.2.3.3.2.2.2.3.2.2.1.2.2.2.1.2.2.2.2",0.440890429942692,FALSE,TRUE,40
"2.2.2.2.2.3.3.2.2.2.3.2.2.2.1.2.2.1.2.2.2.2",0.476468588748098,FALSE,TRUE,39
"2.2.2.2.2.3.3.2.2.2.3.2.2.2.2.1.2.1.2.2.2.2",0.423341068320653,FALSE,TRUE,40
"2.2.2.2.2.3.3.2.2.2.3.2.2.2.2.2.1.1.2.2.2.2",0.468702842372331,FALSE,TRUE,40
"2.2.2.2.2.3.3.2.2.2.3.2.2.2.2.2.2.1.1.2.2.2",0.437309207066712,FALSE,TRUE,40
"2.2.2.2.2.3.3.2.2.2.3.2.2.2.2.2.2.1.2.1.2.2",0.464262104407801,FALSE,TRUE,40
"2.2.2.2.2.3.3.2.2.2.3.2.2.2.2.2.2.1.2.2.1.2",0.414306082628748,FALSE,TRUE,40
"2.2.2.2.2.3.3.2.2.2.3.2.2.2.2.2.2.1.2.2.2.1",0.477830359719495,FALSE,TRUE,40
"3.2.2.2.1.2.3.2.2.2.2.2.2.2.1.2.2.2.2.2.2.2",0.508060363951764,FALSE,TRUE,39
"2.3.2.2.1.2.3.2.2.2.2.2.2.2.1.2.2.2.2.2.2.2",0.509839762220072,FALSE,TRUE,39
"2.2.3.2.1.2.3.2.2.2.2.2.2.2.1.2.2.2.2.2.2.2",0.453217115846877,FALSE,TRUE,39
"2.2.2.3.1.2.3.2.2.2.2.2.2.2.1.2.2.2.2.2.2.2",0.416904324632302,FALSE,TRUE,39
"2.2.2.2.1.3.3.2.2.2.2.2.2.2.1.2.2.2.2.2.2.2",0.572693264520261,FALSE,TRUE,37
"2.2.2.2.1.2.4.2.2.2.2.2.2.2.1.2.2.2.2.2.2.2",0.445552088141111,FALSE,TRUE,39
"2.2.2.2.1.2.3.3.2.2.2.2.2.2.1.2.2.2.2.2.2.2",0.52009665489534,FALSE,TRUE,39
"2.2.2.2.1.2.3.2.3.2.2.2.2.2.1.2.2.2.2.2.2.2",0.515224709821148,FALSE,TRUE,37
"2.2.2.2.1.2.3.2.2.3.2.2.2.2.1.2.2.2.2.2.2.2",0.462061774580136,FALSE,TRUE,39
"2.2.2.2.1.2.3.2.2.2.3.2.2.2.1.2.2.2.2.2.2.2",0.437049956150394,FALSE,TRUE,36
"2.2.2.2.1.2.3.2.2.2.2.3.2.2.1.2.2.2.2.2.2.2",0.551971954630559,FALSE,TRUE,39
"2.2.2.2.1.2.3.2.2.2.2.2.3.2.1.2.2.2.2.2.2.2",0.441469166442422,FALSE,TRUE,39
"2.2.2.2.1.2.3.2.2.2.2.2.2.3.1.2.2.2.2.2.2.2",0.459116513406526,FALSE,TRUE,39
"2.2.2.2.1.2.3.2.2.2.2.2.2.2.1.3.2.2.2.2.2.2",0.476186496612613,FALSE,TRUE,40
"2.2.2.2.1.2.3.2.2.2.2.2.2.2.1.2.3.2.2.2.2.2",0.454841066421384,FALSE,TRUE,39
"2.2.2.2.1.2.3.2.2.2.2.2.2.2.1.2.2.3.2.2.2.2",0.464642102451987,FALSE,TRUE,38
"2.2.2.2.1.2.3.2.2.2.2.2.2.2.1.2.2.2.3.2.2.2",0.501262619515656,FALSE,TRUE,39
"2.2.2.2.1.2.3.2.2.2.2.2.2.2.1.2.2.2.2.3.2.2",0.445352974547308,FALSE,TRUE,39
"2.2.2.2.1.2.3.2.2.2.2.2.2.2.1.2.2.2.2.2.3.2",0.524361469138209,FALSE,TRUE,39
"2.2.2.2.1.2.3.2.2.2.2.2.2.2.1.2.2.2.2.2.2.3",0.467081727889766,FALSE,TRUE,39
"1.2.2.2.1.2.3.2.2.2.2.2.2.2.1.2.2.2.2.2.2.2",0.433704070544334,FALSE,TRUE,37
"2.1.2.2.1.2.3.2.2.2.2.2.2.2.1.2.2.2.2.2.2.2",0.423613433422719,FALSE,TRUE,38
"2.2.1.2.1.2.3.2.2.2.2.2.2.2.1.2.2.2.2.2.2.2",0.479138610426321,FALSE,TRUE,38
"2.2.2.1.1.2.3.2.2.2.2.2.2.2.1.2.2.2.2.2.2.2",0.526011610932813,FALSE,TRUE,38
"2.2.2.2.1.1.3.2.2.2.2.2.2.2.1.2.2.2.2.2.2.2",0.348495616431586,FALSE,TRUE,38
"2.2.2.2.1.2.2.2.2.2.2.2.2.2.1.2.2.2.2.2.2.2",0.495499243270292,FALSE,TRUE,38
"2.2.2.2.1.2.3.1.2.2.2.2.2.2.1.2.2.2.2.2.2.2",0.414326341102344,FALSE,TRUE,38
"2.2.2.2.1.2.3.2.1.2.2.2.2.2.1.2.2.2.2.2.2.2",0.409972633168808,FALSE,TRUE,38
"2.2.2.2.1.2.3.2.2.1.2.2.2.2.1.2.2.2.2.2.2.2",0.474412706482261,FALSE,TRUE,38
"2.2.2.2.1.2.3.2.2.2.1.2.2.2.1.2.2.2.2.2.2.2",0.494457737733054,FALSE,TRUE,38
"2.2.2.2.1.2.3.2.2.2.2.1.2.2.1.2.2.2.2.2.2.2",0.380811107472506,FALSE,TRUE,38
"2.2.2.2.1.2.3.2.2.2.2.2.1.2.1.2.2.2.2.2.2.2",0.484768479371099,FALSE,TRUE,37
"2.2.2.2.1.2.3.2.2.2.2.2.2.1.1.2.2.2.2.2.2.2",0.483697953456259,FALSE,TRUE,38
"2.2.2.2.1.2.3.2.2.2.2.2.2.2.1.2.1.2.2.2.2.2",0.471682065004747,FALSE,TRUE,38
"2.2.2.2.1.2.3.2.2.2.2.2.2.2.1.2.2.1.2.2.2.2",0.476403087543625,FALSE,TRUE,38
"2.2.2.2.1.2.3.2.2.2.2.2.2.2.1.2.2.2.1.2.2.2",0.419491607322614,FALSE,TRUE,38
"2.2.2.2.1.2.3.2.2.2.2.2.2.2.1.2.2.2.2.1.2.2",0.483339948469856,FALSE,TRUE,38
"2.2.2.2.1.2.3.2.2.2.2.2.2.2.1.2.2.2.2.2.1.2",0.405298568131264,FALSE,TRUE,38
"2.2.2.2.1.2.3.2.2.2.2.2.2.2.1.2.2.2.2.2.2.1",0.465948390739789,FALSE,TRUE,38
"3.2.2.1.2.2.3.2.2.2.3.2.2.2.2.2.2.2.1.2.2.2",0.415890602553641,FALSE,TRUE,39
"2.3.2.1.2.2.3.2.2.2.3.2.2.2.2.2.2.2.1.2.2.2",0.436735284176115,FALSE,TRUE,39
"2.2.3.1.2.2.3.2.2.2.3.2.2.2.2.2.2.2.1.2.2.2",0.379323907315453,FALSE,TRUE,39
"2.2.2.1.3.2.3.2.2.2.3.2.2.2.2.2.2.2.1.2.2.2",0.351795244817445,FALSE,TRUE,39
"2.2.2.1.2.3.3.2.2.2.3.2.2.2.2.2.2.2.1.2.2.2",0.450748003800182,FALSE,TRUE,38
"2.2.2.1.2.2.4.2.2.2.3.2.2.2.2.2.2.2.1.2.2.2",0.357396588275024,FALSE,TRUE,39
"2.2.2.1.2.2.3.3.2.2.3.2.2.2.2.2.2.2.1.2.2.2",0.435900032688806,FALSE,TRUE,39
"2.2.2.1.2.2.3.2.3.2.3.2.2.2.2.2.2.2.1.2.2.2",0.399229222618651,FALSE,TRUE,39
"2.2.2.1.2.2.3.2.2.3.3.2.2.2.2.2.2.2.1.2.2.2",0.367729405578905,FALSE,TRUE,39
"2.2.2.1.2.2.3.2.2.2.4.2.2.2.2.2.2.2.1.2.2.2",0.322987081755909,FALSE,TRUE,39
"2.2.2.1.2.2.3.2.2.2.3.2.3.2.2.2.2.2.1.2.2.2",0.354689918435492,FALSE,TRUE,39
"2.2.2.1.2.2.3.2.2.2.3.2.2.3.2.2.2.2.1.2.2.2",0.40205835759555,FALSE,TRUE,39
"2.2.2.1.2.2.3.2.2.2.3.2.2.2.3.2.2.2.1.2.2.2",0.335898957490175,FALSE,TRUE,38
"2.2.2.1.2.2.3.2.2.2.3.2.2.2.2.3.2.2.1.2.2.2",0.401743076787804,FALSE,TRUE,39
"2.2.2.1.2.2.3.2.2.2.3.2.2.2.2.2.3.2.1.2.2.2",0.374406739815519,FALSE,TRUE,38
"2.2.2.1.2.2.3.2.2.2.3.2.2.2.2.2.2.3.1.2.2.2",0.368829817200563,FALSE,TRUE,38
"2.2.2.1.2.2.3.2.2.2.3.2.2.2.2.2.2.2.1.3.2.2",0.373835109995478,FALSE,TRUE,39
"2.2.2.1.2.2.3.2.2.2.3.2.2.2.2.2.2.2.1.2.3.2",0.416669960478545,FALSE,TRUE,39
"2.2.2.1.2.2.3.2.2.2.3.2.2.2.2.2.2.2.1.2.2.3",0.343925056776901,FALSE,TRUE,39
"1.2.2.1.2.2.3.2.2.2.3.2.2.2.2.2.2.2.1.2.2.2",0.362900849216679,FALSE,TRUE,38
"2.1.2.1.2.2.3.2.2.2.3.2.2.2.2.2.2.2.1.2.2.2",0.328684168314524,FALSE,TRUE,38
"2.2.1.1.2.2.3.2.2.2.3.2.2.2.2.2.2.2.1.2.2.2",0.384439066442901,FALSE,TRUE,38
"2.2.2.1.1.2.3.2.2.2.3.2.2.2.2.2.2.2.1.2.2.2",0.403805801113957,FALSE,TRUE,38
"2.2.2.1.2.1.3.2.2.2.3.2.2.2.2.2.2.2.1.2.2.2",0.303341591421474,FALSE,TRUE,38
"2.2.2.1.2.2.2.2.2.2.3.2.2.2.2.2.2.2.1.2.2.2",0.41642986860737,FALSE,TRUE,39
"2.2.2.1.2.2.3.1.2.2.3.2.2.2.2.2.2.2.1.2.2.2",0.333991431542285,FALSE,TRUE,38
"2.2.2.1.2.2.3.2.1.2.3.2.2.2.2.2.2.2.1.2.2.2",0.362752398635808,FALSE,TRUE,38
"2.2.2.1.2.2.3.2.2.1.3.2.2.2.2.2.2.2.1.2.2.2",0.402157295150142,FALSE,TRUE,38
"2.2.2.1.2.2.3.2.2.2.2.2.2.2.2.2.2.2.1.2.2.2",0.447057153317109,FALSE,TRUE,38
"2.2.2.1.2.2.3.2.2.2.3.1.2.2.2.2.2.2.1.2.2.2",0.296771138692748,FALSE,TRUE,39
"2.2.2.1.2.2.3.2.2.2.3.2.1.2.2.2.2.2.1.2.2.2",0.406894538128391,FALSE,TRUE,37
"2.2.2.1.2.2.3.2.2.2.3.2.2.1.2.2.2.2.1.2.2.2",0.368454583867552,FALSE,TRUE,38
"2.2.2.1.2.2.3.2.2.2.3.2.2.2.1.2.2.2.1.2.2.2",0.427594539592444,FALSE,TRUE,37
"2.2.2.1.2.2.3.2.2.2.3.2.2.2.2.1.2.2.1.2.2.2",0.372711057258078,FALSE,TRUE,38
"2.2.2.1.2.2.3.2.2.2.3.2.2.2.2.2.1.2.1.2.2.2",0.385147382059331,FALSE,TRUE,38
"2.2.2.1.2.2.3.2.2.2.3.2.2.2.2.2.2.1.1.2.2.2",0.401385228990859,FALSE,TRUE,38
"2.2.2.1.2.2.3.2.2.2.3.2.2.2.2.2.2.2.1.1.2.2",0.385278473773166,FALSE,TRUE,38
"2.2.2.1.2.2.3.2.2.2.3.2.2.2.2.2.2.2.1.2.1.2",0.349521636650982,FALSE,TRUE,38
"2.2.2.1.2.2.3.2.2.2.3.2.2.2.2.2.2.2.1.2.2.1",0.421150232286997,FALSE,TRUE,38
"3.2.2.1.2.2.3.2.2.2.3.3.2.2.2.2.2.2.1.2.2.2",0.48423995329289,FALSE,TRUE,39
"2.3.2.1.2.2.3.2.2.2.3.3.2.2.2.2.2.2.1.2.2.2",0.514848745105045,FALSE,TRUE,39
"2.2.3.1.2.2.3.2.2.2.3.3.2.2.2.2.2.2.1.2.2.2",0.452388595541091,FALSE,TRUE,39
"2.2.2.2.2.2.3.2.2.2.3.3.2.2.2.2.2.2.1.2.2.2",0.442441716380894,FALSE,TRUE,39
"2.2.2.1.3.2.3.2.2.2.3.3.2.2.2.2.2.2.1.2.2.2",0.423066496295171,FALSE,TRUE,39
"2.2.2.1.2.3.3.2.2.2.3.3.2.2.2.2.2.2.1.2.2.2",0.51828952754085,FALSE,TRUE,39
"2.2.2.1.2.2.4.2.2.2.3.3.2.2.2.2.2.2.1.2.2.2",0.436161731772674,FALSE,TRUE,39
"2.2.2.1.2.2.3.3.2.2.3.3.2.2.2.2.2.2.1.2.2.2",0.499483977331255,FALSE,TRUE,39
"2.2.2.1.2.2.3.2.3.2.3.3.2.2.2.2.2.2.1.2.2.2",0.46977345177861,FALSE,TRUE,39
"2.2.2.1.2.2.3.2.2.2.4.3.2.2.2.2.2.2.1.2.2.2",0.396428551651581,FALSE,TRUE,39
"2.2.2.1.2.2.3.2.2.2.3.4.2.2.2.2.2.2.1.2.2.2",0.534978383342941,FALSE,TRUE,40
"2.2.2.1.2.2.3.2.2.2.3.3.3.2.2.2.2.2.1.2.2.2",0.439872879616861,FALSE,TRUE,39
"2.2.2.1.2.2.3.2.2.2.3.3.2.3.2.2.2.2.1.2.2.2",0.485832326425327,FALSE,TRUE,39
"2.2.2.1.2.2.3.2.2.2.3.3.2.2.3.2.2.2.1.2.2.2",0.415508543402671,FALSE,TRUE,38
"2.2.2.1.2.2.3.2.2.2.3.3.2.2.2.3.2.2.1.2.2.2",0.479132133781582,FALSE,TRUE,39
"2.2.2.1.2.2.3.2.2.2.3.3.2.2.2.2.3.2.1.2.2.2",0.453025928051798,FALSE,TRUE,39
"2.2.2.1.2.2.3.2.2.2.3.3.2.2.2.2.2.3.1.2.2.2",0.440049038241226,FALSE,TRUE,38
"2.2.2.1.2.2.3.2.2.2.3.3.2.2.2.2.2.2.1.3.2.2",0.44873230872763,FALSE,TRUE,39
"2.2.2.1.2.2.3.2.2.2.3.3.2.2.2.2.2.2.1.2.3.2",0.495540099347022,FALSE,TRUE,39
"2.2.2.1.2.2.3.2.2.2.3.3.2.2.2.2.2.2.1.2.2.3",0.425348566096627,FALSE,TRUE,39
"1.2.2.1.2.2.3.2.2.2.3.3.2.2.2.2.2.2.1.2.2.2",0.447735507176993,FALSE,TRUE,38
"2.1.2.1.2.2.3.2.2.2.3.3.2.2.2.2.2.2.1.2.2.2",0.407884634177812,FALSE,TRUE,37
"2.2.1.1.2.2.3.2.2.2.3.3.2.2.2.2.2.2.1.2.2.2",0.469340412474884,FALSE,TRUE,38
"2.2.2.1.1.2.3.2.2.2.3.3.2.2.2.2.2.2.1.2.2.2",0.488478828741037,FALSE,TRUE,38
"2.2.2.1.2.1.3.2.2.2.3.3.2.2.2.2.2.2.1.2.2.2",0.392209666767395,FALSE,TRUE,38
"2.2.2.1.2.2.2.2.2.2.3.3.2.2.2.2.2.2.1.2.2.2",0.494890942645936,FALSE,TRUE,39
"2.2.2.1.2.2.3.1.2.2.3.3.2.2.2.2.2.2.1.2.2.2",0.425212377075004,FALSE,TRUE,38
"2.2.2.1.2.2.3.2.1.2.3.3.2.2.2.2.2.2.1.2.2.2",0.448454668711021,FALSE,TRUE,38
"2.2.2.1.2.2.3.2.2.1.3.3.2.2.2.2.2.2.1.2.2.2",0.481888857880947,FALSE,TRUE,39
"2.2.2.1.2.2.3.2.2.2.2.3.2.2.2.2.2.2.1.2.2.2",0.531688725886569,FALSE,TRUE,39
"2.2.2.1.2.2.3.2.2.2.3.3.1.2.2.2.2.2.1.2.2.2",0.476806850181929,FALSE,TRUE,38
"2.2.2.1.2.2.3.2.2.2.3.3.2.1.2.2.2.2.1.2.2.2",0.446545017570481,FALSE,TRUE,38
"2.2.2.1.2.2.3.2.2.2.3.3.2.2.1.2.2.2.1.2.2.2",0.504913266098375,FALSE,TRUE,38
"2.2.2.1.2.2.3.2.2.2.3.3.2.2.2.1.2.2.1.2.2.2",0.453324523547308,FALSE,TRUE,38
"2.2.2.1.2.2.3.2.2.2.3.3.2.2.2.2.1.2.1.2.2.2",0.461435659991818,FALSE,TRUE,38
"2.2.2.1.2.2.3.2.2.2.3.3.2.2.2.2.2.1.1.2.2.2",0.489060402725214,FALSE,TRUE,38
"2.2.2.1.2.2.3.2.2.2.3.3.2.2.2.2.2.2.1.1.2.2",0.470228057200398,FALSE,TRUE,38
"2.2.2.1.2.2.3.2.2.2.3.3.2.2.2.2.2.2.1.2.1.2",0.425159768496768,FALSE,TRUE,38
"2.2.2.1.2.2.3.2.2.2.3.3.2.2.2.2.2.2.1.2.2.1",0.496145215743832,FALSE,TRUE,38
"3.2.2.2.1.3.3.2.2.2.3.2.2.2.2.2.2.2.2.2.2.2",0.501171289841407,FALSE,TRUE,40
"2.3.2.2.1.3.3.2.2.2.3.2.2.2.2.2.2.2.2.2.2.2",0.510242770069074,FALSE,TRUE,40
"2.2.3.2.1.3.3.2.2.2.3.2.2.2.2.2.2.2.2.2.2.2",0.47120942104486,FALSE,TRUE,41
"2.2.2.3.1.3.3.2.2.2.3.2.2.2.2.2.2.2.2.2.2.2",0.444350054406667,FALSE,TRUE,41
"2.2.2.2.1.4.3.2.2.2.3.2.2.2.2.2.2.2.2.2.2.2",0.511015076095808,FALSE,TRUE,41
"2.2.2.2.1.3.4.2.2.2.3.2.2.2.2.2.2.2.2.2.2.2",0.465614743603522,FALSE,TRUE,41
"2.2.2.2.1.3.3.3.2.2.3.2.2.2.2.2.2.2.2.2.2.2",0.51000512429827,FALSE,TRUE,41
"2.2.2.2.1.3.3.2.3.2.3.2.2.2.2.2.2.2.2.2.2.2",0.463137909308457,FALSE,TRUE,41
"2.2.2.2.1.3.3.2.2.3.3.2.2.2.2.2.2.2.2.2.2.2",0.465256167962344,FALSE,TRUE,41
"2.2.2.2.1.3.3.2.2.2.4.2.2.2.2.2.2.2.2.2.2.2",0.402342109919578,FALSE,TRUE,41
"2.2.2.2.1.3.3.2.2.2.3.3.2.2.2.2.2.2.2.2.2.2",0.538214205177927,FALSE,TRUE,41
"2.2.2.2.1.3.3.2.2.2.3.2.3.2.2.2.2.2.2.2.2.2",0.4672365954022,FALSE,TRUE,41
"2.2.2.2.1.3.3.2.2.2.3.2.2.3.2.2.2.2.2.2.2.2",0.484240296223702,FALSE,TRUE,41
"2.2.2.2.1.3.3.2.2.2.3.2.2.2.3.2.2.2.2.2.2.2",0.427213291199452,FALSE,TRUE,41
"2.2.2.2.1.3.3.2.2.2.3.2.2.2.2.3.2.2.2.2.2.2",0.492588731188591,FALSE,TRUE,41
"2.2.2.2.1.3.3.2.2.2.3.2.2.2.2.2.3.2.2.2.2.2",0.458326619699861,FALSE,TRUE,41
"2.2.2.2.1.3.3.2.2.2.3.2.2.2.2.2.2.3.2.2.2.2",0.461431833145863,FALSE,TRUE,41
"2.2.2.2.1.3.3.2.2.2.3.2.2.2.2.2.2.2.3.2.2.2",0.484690667595641,FALSE,TRUE,41
"2.2.2.2.1.3.3.2.2.2.3.2.2.2.2.2.2.2.2.3.2.2",0.445235733316703,FALSE,TRUE,41
"2.2.2.2.1.3.3.2.2.2.3.2.2.2.2.2.2.2.2.2.3.2",0.480297046932499,FALSE,TRUE,41
"2.2.2.2.1.3.3.2.2.2.3.2.2.2.2.2.2.2.2.2.2.3",0.42745500031261,FALSE,TRUE,41
"1.2.2.2.1.3.3.2.2.2.3.2.2.2.2.2.2.2.2.2.2.2",0.451897277985031,FALSE,TRUE,40
"2.1.2.2.1.3.3.2.2.2.3.2.2.2.2.2.2.2.2.2.2.2",0.42942827405203,FALSE,TRUE,40
"2.2.1.2.1.3.3.2.2.2.3.2.2.2.2.2.2.2.2.2.2.2",0.468661408314139,FALSE,TRUE,40
"2.2.2.1.1.3.3.2.2.2.3.2.2.2.2.2.2.2.2.2.2.2",0.506260859313612,FALSE,TRUE,39
"2.2.2.2.1.3.2.2.2.2.3.2.2.2.2.2.2.2.2.2.2.2",0.485961711443524,FALSE,TRUE,41
"2.2.2.2.1.3.3.1.2.2.3.2.2.2.2.2.2.2.2.2.2.2",0.434355073543181,FALSE,TRUE,40
"2.2.2.2.1.3.3.2.1.2.3.2.2.2.2.2.2.2.2.2.2.2",0.468096402558427,FALSE,TRUE,40
"2.2.2.2.1.3.3.2.2.1.3.2.2.2.2.2.2.2.2.2.2.2",0.480167908237862,FALSE,TRUE,40
"2.2.2.2.1.3.3.2.2.2.2.2.2.2.2.2.2.2.2.2.2.2",0.543057549667213,FALSE,TRUE,39
"2.2.2.2.1.3.3.2.2.2.3.1.2.2.2.2.2.2.2.2.2.2",0.402480187457657,FALSE,TRUE,40
"2.2.2.2.1.3.3.2.2.2.3.2.1.2.2.2.2.2.2.2.2.2",0.468754023202528,FALSE,TRUE,40
"2.2.2.2.1.3.3.2.2.2.3.2.2.1.2.2.2.2.2.2.2.2",0.466342578644916,FALSE,TRUE,40
"2.2.2.2.1.3.3.2.2.2.3.2.2.2.1.2.2.2.2.2.2.2",0.510483012777238,FALSE,TRUE,38
"2.2.2.2.1.3.3.2.2.2.3.2.2.2.2.1.2.2.2.2.2.2",0.454296715022879,FALSE,TRUE,40
"2.2.2.2.1.3.3.2.2.2.3.2.2.2.2.2.1.2.2.2.2.2",0.47119529326624,FALSE,TRUE,40
"2.2.2.2.1.3.3.2.2.2.3.2.2.2.2.2.2.2.1.2.2.2",0.441941303648998,FALSE,TRUE,40
"2.2.2.2.1.3.3.2.2.2.3.2.2.2.2.2.2.2.2.1.2.2",0.488637058303023,FALSE,TRUE,40
"2.2.2.2.1.3.3.2.2.2.3.2.2.2.2.2.2.2.2.2.1.2",0.453478488084764,FALSE,TRUE,40
"2.2.2.2.1.3.3.2.2.2.3.2.2.2.2.2.2.2.2.2.2.1",0.508467486094169,FALSE,TRUE,40
"3.2.3.2.2.2.2.2.2.2.2.2.2.2.3.2.2.2.2.2.2.2",0.450864385081195,FALSE,TRUE,41
"2.3.3.2.2.2.2.2.2.2.2.2.2.2.3.2.2.2.2.2.2.2",0.464974993560286,FALSE,TRUE,42
"2.2.4.2.2.2.2.2.2.2.2.2.2.2.3.2.2.2.2.2.2.2",0.405378706487435,FALSE,TRUE,41
"2.2.3.3.2.2.2.2.2.2.2.2.2.2.3.2.2.2.2.2.2.2",0.380191888819541,FALSE,TRUE,41
"2.2.3.2.3.2.2.2.2.2.2.2.2.2.3.2.2.2.2.2.2.2",0.393288736397909,FALSE,TRUE,41
"2.2.3.2.2.3.2.2.2.2.2.2.2.2.3.2.2.2.2.2.2.2",0.481101321345016,FALSE,TRUE,41
"2.2.3.2.2.2.3.2.2.2.2.2.2.2.3.2.2.2.2.2.2.2",0.409756301201286,FALSE,TRUE,39
"2.2.3.2.2.2.2.3.2.2.2.2.2.2.3.2.2.2.2.2.2.2",0.459519646383885,FALSE,TRUE,39
"2.2.3.2.2.2.2.2.3.2.2.2.2.2.3.2.2.2.2.2.2.2",0.435716970521178,FALSE,TRUE,41
"2.2.3.2.2.2.2.2.2.3.2.2.2.2.3.2.2.2.2.2.2.2",0.410186048024615,FALSE,TRUE,40
"2.2.3.2.2.2.2.2.2.2.3.2.2.2.3.2.2.2.2.2.2.2",0.364138335091086,FALSE,TRUE,41
"2.2.3.2.2.2.2.2.2.2.2.3.2.2.3.2.2.2.2.2.2.2",0.495354228454374,FALSE,TRUE,42
"2.2.3.2.2.2.2.2.2.2.2.2.3.2.3.2.2.2.2.2.2.2",0.407946576778906,FALSE,TRUE,41
"2.2.3.2.2.2.2.2.2.2.2.2.2.3.3.2.2.2.2.2.2.2",0.426839525990547,FALSE,TRUE,41
"2.2.3.2.2.2.2.2.2.2.2.2.2.2.4.2.2.2.2.2.2.2",0.369774235404865,FALSE,TRUE,41
"2.2.3.2.2.2.2.2.2.2.2.2.2.2.3.3.2.2.2.2.2.2",0.423181445984068,FALSE,TRUE,41
"2.2.3.2.2.2.2.2.2.2.2.2.2.2.3.2.3.2.2.2.2.2",0.399963193382277,FALSE,TRUE,41
"2.2.3.2.2.2.2.2.2.2.2.2.2.2.3.2.2.3.2.2.2.2",0.401057173258669,FALSE,TRUE,41
"2.2.3.2.2.2.2.2.2.2.2.2.2.2.3.2.2.2.3.2.2.2",0.448283503834263,FALSE,TRUE,41
"2.2.3.2.2.2.2.2.2.2.2.2.2.2.3.2.2.2.2.3.2.2",0.397834279581124,FALSE,TRUE,41
"2.2.3.2.2.2.2.2.2.2.2.2.2.2.3.2.2.2.2.2.3.2",0.450646070118892,FALSE,TRUE,41
"2.2.3.2.2.2.2.2.2.2.2.2.2.2.3.2.2.2.2.2.2.3",0.375112124622569,FALSE,TRUE,41
"1.2.3.2.2.2.2.2.2.2.2.2.2.2.3.2.2.2.2.2.2.2",0.393416337100256,FALSE,TRUE,39
"2.2.3.1.2.2.2.2.2.2.2.2.2.2.3.2.2.2.2.2.2.2",0.46138960457382,FALSE,TRUE,40
"2.2.3.2.1.2.2.2.2.2.2.2.2.2.3.2.2.2.2.2.2.2",0.426030466919313,FALSE,TRUE,40
"2.2.3.2.2.1.2.2.2.2.2.2.2.2.3.2.2.2.2.2.2.2",0.334668856491919,FALSE,TRUE,40
"2.2.3.2.2.2.1.2.2.2.2.2.2.2.3.2.2.2.2.2.2.2",0.432852373173036,FALSE,TRUE,40
"2.2.3.2.2.2.2.1.2.2.2.2.2.2.3.2.2.2.2.2.2.2",0.376717210572849,FALSE,TRUE,40
"2.2.3.2.2.2.2.2.1.2.2.2.2.2.3.2.2.2.2.2.2.2",0.390610139499485,FALSE,TRUE,40
"2.2.3.2.2.2.2.2.2.1.2.2.2.2.3.2.2.2.2.2.2.2",0.427550612734566,FALSE,TRUE,40
"2.2.3.2.2.2.2.2.2.2.1.2.2.2.3.2.2.2.2.2.2.2",0.467702736310064,FALSE,TRUE,40
"2.2.3.2.2.2.2.2.2.2.2.2.1.2.3.2.2.2.2.2.2.2",0.419682265780435,FALSE,TRUE,40
"2.2.3.2.2.2.2.2.2.2.2.2.2.1.3.2.2.2.2.2.2.2",0.415278359377095,FALSE,TRUE,40
"2.2.3.2.2.2.2.2.2.2.2.2.2.2.3.1.2.2.2.2.2.2",0.417018026768485,FALSE,TRUE,40
"2.2.3.2.2.2.2.2.2.2.2.2.2.2.3.2.1.2.2.2.2.2",0.423267741949313,FALSE,TRUE,40
"2.2.3.2.2.2.2.2.2.2.2.2.2.2.3.2.2.1.2.2.2.2",0.439011836732904,FALSE,TRUE,40
"2.2.3.2.2.2.2.2.2.2.2.2.2.2.3.2.2.2.1.2.2.2",0.373875503922203,FALSE,TRUE,40
"2.2.3.2.2.2.2.2.2.2.2.2.2.2.3.2.2.2.2.1.2.2",0.427475751127926,FALSE,TRUE,40
"2.2.3.2.2.2.2.2.2.2.2.2.2.2.3.2.2.2.2.2.1.2",0.379149326944413,FALSE,TRUE,40
"2.2.3.2.2.2.2.2.2.2.2.2.2.2.3.2.2.2.2.2.2.1",0.451736860920897,FALSE,TRUE,40
"3.1.3.2.2.2.2.2.2.3.2.2.2.2.2.2.2.2.2.2.2.2",0.375332914043558,FALSE,TRUE,40
"2.2.3.2.2.2.2.2.2.3.2.2.2.2.2.2.2.2.2.2.2.2",0.42488804801192,FALSE,TRUE,40
"2.1.4.2.2.2.2.2.2.3.2.2.2.2.2.2.2.2.2.2.2.2",0.307111075708544,FALSE,TRUE,40
"2.1.3.3.2.2.2.2.2.3.2.2.2.2.2.2.2.2.2.2.2.2",0.310189560447041,FALSE,TRUE,40
"2.1.3.2.3.2.2.2.2.3.2.2.2.2.2.2.2.2.2.2.2.2",0.280841992694544,FALSE,TRUE,39
"2.1.3.2.2.3.2.2.2.3.2.2.2.2.2.2.2.2.2.2.2.2",0.399775367722051,FALSE,TRUE,40
"2.1.3.2.2.2.3.2.2.3.2.2.2.2.2.2.2.2.2.2.2.2",0.33899480517315,FALSE,TRUE,40
"2.1.3.2.2.2.2.3.2.3.2.2.2.2.2.2.2.2.2.2.2.2",0.370997984237688,FALSE,TRUE,40
"2.1.3.2.2.2.2.2.3.3.2.2.2.2.2.2.2.2.2.2.2.2",0.350609994806735,FALSE,TRUE,40
"2.1.3.2.2.2.2.2.2.4.2.2.2.2.2.2.2.2.2.2.2.2",0.295446720596307,FALSE,TRUE,41
"2.1.3.2.2.2.2.2.2.3.3.2.2.2.2.2.2.2.2.2.2.2",0.268966085670483,FALSE,TRUE,40
"2.1.3.2.2.2.2.2.2.3.2.3.2.2.2.2.2.2.2.2.2.2",0.41105554712601,FALSE,TRUE,40
"2.1.3.2.2.2.2.2.2.3.2.2.3.2.2.2.2.2.2.2.2.2",0.346713500449096,FALSE,TRUE,40
"2.1.3.2.2.2.2.2.2.3.2.2.2.3.2.2.2.2.2.2.2.2",0.320570843247445,FALSE,TRUE,40
"2.1.3.2.2.2.2.2.2.3.2.2.2.2.2.3.2.2.2.2.2.2",0.36358220789491,FALSE,TRUE,40
"2.1.3.2.2.2.2.2.2.3.2.2.2.2.2.2.3.2.2.2.2.2",0.318287520836618,FALSE,TRUE,40
"2.1.3.2.2.2.2.2.2.3.2.2.2.2.2.2.2.3.2.2.2.2",0.337426520641351,FALSE,TRUE,40
"2.1.3.2.2.2.2.2.2.3.2.2.2.2.2.2.2.2.3.2.2.2",0.342946776403688,FALSE,TRUE,40
"2.1.3.2.2.2.2.2.2.3.2.2.2.2.2.2.2.2.2.3.2.2",0.293451769865364,FALSE,TRUE,40
"2.1.3.2.2.2.2.2.2.3.2.2.2.2.2.2.2.2.2.2.3.2",0.397870402682448,FALSE,TRUE,40
"2.1.3.2.2.2.2.2.2.3.2.2.2.2.2.2.2.2.2.2.2.3",0.321448025013431,FALSE,TRUE,40
"1.1.3.2.2.2.2.2.2.3.2.2.2.2.2.2.2.2.2.2.2.2",0.309873313889269,FALSE,TRUE,38
"2.1.3.1.2.2.2.2.2.3.2.2.2.2.2.2.2.2.2.2.2.2",0.372129631027552,FALSE,TRUE,39
"2.1.3.2.1.2.2.2.2.3.2.2.2.2.2.2.2.2.2.2.2.2",0.386064212360501,FALSE,TRUE,39
"2.1.3.2.2.1.2.2.2.3.2.2.2.2.2.2.2.2.2.2.2.2",0.266224433390046,FALSE,TRUE,39
"2.1.3.2.2.2.1.2.2.3.2.2.2.2.2.2.2.2.2.2.2.2",0.348972779529799,FALSE,TRUE,39
"2.1.3.2.2.2.2.1.2.3.2.2.2.2.2.2.2.2.2.2.2.2",0.306252324776059,FALSE,TRUE,39
"2.1.3.2.2.2.2.2.1.3.2.2.2.2.2.2.2.2.2.2.2.2",0.319643644245393,FALSE,TRUE,39
"2.1.3.2.2.2.2.2.2.3.1.2.2.2.2.2.2.2.2.2.2.2",0.404227701047823,FALSE,TRUE,39
"2.1.3.2.2.2.2.2.2.3.2.1.2.2.2.2.2.2.2.2.2.2",0.266474589433355,FALSE,TRUE,39
"2.1.3.2.2.2.2.2.2.3.2.2.1.2.2.2.2.2.2.2.2.2",0.327401363635145,FALSE,TRUE,39
"2.1.3.2.2.2.2.2.2.3.2.2.2.1.2.2.2.2.2.2.2.2",0.359241000158525,FALSE,TRUE,39
"2.1.3.2.2.2.2.2.2.3.2.2.2.2.1.2.2.2.2.2.2.2",0.332419921011908,FALSE,TRUE,40
"2.1.3.2.2.2.2.2.2.3.2.2.2.2.2.1.2.2.2.2.2.2",0.321307258616639,FALSE,TRUE,39
"2.1.3.2.2.2.2.2.2.3.2.2.2.2.2.2.1.2.2.2.2.2",0.353419262469746,FALSE,TRUE,38
"2.1.3.2.2.2.2.2.2.3.2.2.2.2.2.2.2.1.2.2.2.2",0.345808217725346,FALSE,TRUE,39
"2.1.3.2.2.2.2.2.2.3.2.2.2.2.2.2.2.2.1.2.2.2",0.331629492099577,FALSE,TRUE,39
"2.1.3.2.2.2.2.2.2.3.2.2.2.2.2.2.2.2.2.1.2.2",0.377119883465438,FALSE,TRUE,39
"2.1.3.2.2.2.2.2.2.3.2.2.2.2.2.2.2.2.2.2.1.2",0.282287534398138,FALSE,TRUE,39
"2.1.3.2.2.2.2.2.2.3.2.2.2.2.2.2.2.2.2.2.2.1",0.354056995160333,FALSE,TRUE,39
"2.4.2.2.2.3.3.2.2.2.3.2.2.2.2.2.2.2.2.2.2.2",0.517377377584167,FALSE,TRUE,42
"2.3.3.2.2.3.3.2.2.2.3.2.2.2.2.2.2.2.2.2.2.2",0.473462310253801,FALSE,TRUE,41
"2.3.2.3.2.3.3.2.2.2.3.2.2.2.2.2.2.2.2.2.2.2",0.469113549168897,FALSE,TRUE,41
"2.3.2.2.3.3.3.2.2.2.3.2.2.2.2.2.2.2.2.2.2.2",0.443097507848125,FALSE,TRUE,41
"2.3.2.2.2.4.3.2.2.2.3.2.2.2.2.2.2.2.2.2.2.2",0.511330116457983,FALSE,TRUE,41
"2.3.2.2.2.3.4.2.2.2.3.2.2.2.2.2.2.2.2.2.2.2",0.461988494251177,FALSE,TRUE,41
"2.3.2.2.2.3.3.3.2.2.3.2.2.2.2.2.2.2.2.2.2.2",0.506298127548455,FALSE,TRUE,41
"2.3.2.2.2.3.3.2.3.2.3.2.2.2.2.2.2.2.2.2.2.2",0.467836796406493,FALSE,TRUE,41
"2.3.2.2.2.3.3.2.2.3.3.2.2.2.2.2.2.2.2.2.2.2",0.468684552013197,FALSE,TRUE,41
"2.3.2.2.2.3.3.2.2.2.4.2.2.2.2.2.2.2.2.2.2.2",0.407683065384847,FALSE,TRUE,41
"2.3.2.2.2.3.3.2.2.2.3.3.2.2.2.2.2.2.2.2.2.2",0.541120178633942,FALSE,TRUE,41
"2.3.2.2.2.3.3.2.2.2.3.2.3.2.2.2.2.2.2.2.2.2",0.462734736678215,FALSE,TRUE,41
"2.3.2.2.2.3.3.2.2.2.3.2.2.3.2.2.2.2.2.2.2.2",0.506768302733913,FALSE,TRUE,41
"2.3.2.2.2.3.3.2.2.2.3.2.2.2.3.2.2.2.2.2.2.2",0.43089234056522,FALSE,TRUE,41
"2.3.2.2.2.3.3.2.2.2.3.2.2.2.2.3.2.2.2.2.2.2",0.501286384685195,FALSE,TRUE,41
"2.3.2.2.2.3.3.2.2.2.3.2.2.2.2.2.3.2.2.2.2.2",0.453627826863882,FALSE,TRUE,41
"2.3.2.2.2.3.3.2.2.2.3.2.2.2.2.2.2.3.2.2.2.2",0.468551312665075,FALSE,TRUE,41
"2.3.2.2.2.3.3.2.2.2.3.2.2.2.2.2.2.2.3.2.2.2",0.473461876318749,FALSE,TRUE,41
"2.3.2.2.2.3.3.2.2.2.3.2.2.2.2.2.2.2.2.3.2.2",0.457761862327593,FALSE,TRUE,41
"2.3.2.2.2.3.3.2.2.2.3.2.2.2.2.2.2.2.2.2.3.2",0.493248160451834,FALSE,TRUE,41
"2.3.2.2.2.3.3.2.2.2.3.2.2.2.2.2.2.2.2.2.2.3",0.43901981635979,FALSE,TRUE,41
"1.3.2.2.2.3.3.2.2.2.3.2.2.2.2.2.2.2.2.2.2.2",0.482425627515353,FALSE,TRUE,41
"2.3.1.2.2.3.3.2.2.2.3.2.2.2.2.2.2.2.2.2.2.2",0.487805682405254,FALSE,TRUE,40
"2.3.2.1.2.3.3.2.2.2.3.2.2.2.2.2.2.2.2.2.2.2",0.505687935866494,FALSE,TRUE,39
"2.3.2.2.2.3.2.2.2.2.3.2.2.2.2.2.2.2.2.2.2.2",0.509330091120847,FALSE,TRUE,41
"2.3.2.2.2.3.3.1.2.2.3.2.2.2.2.2.2.2.2.2.2.2",0.462279567150883,FALSE,TRUE,40
"2.3.2.2.2.3.3.2.1.2.3.2.2.2.2.2.2.2.2.2.2.2",0.491225527157919,FALSE,TRUE,40
"2.3.2.2.2.3.3.2.2.1.3.2.2.2.2.2.2.2.2.2.2.2",0.500461297846147,FALSE,TRUE,40
"2.3.2.2.2.3.3.2.2.2.2.2.2.2.2.2.2.2.2.2.2.2",0.565359790056623,FALSE,TRUE,40
"2.3.2.2.2.3.3.2.2.2.3.1.2.2.2.2.2.2.2.2.2.2",0.423078456981231,FALSE,TRUE,40
"2.3.2.2.2.3.3.2.2.2.3.2.1.2.2.2.2.2.2.2.2.2",0.494076065726218,FALSE,TRUE,40
"2.3.2.2.2.3.3.2.2.2.3.2.2.1.2.2.2.2.2.2.2.2",0.469241654377034,FALSE,TRUE,40
"2.3.2.2.2.3.3.2.2.2.3.2.2.2.1.2.2.2.2.2.2.2",0.526659530363155,FALSE,TRUE,39
"2.3.2.2.2.3.3.2.2.2.3.2.2.2.2.1.2.2.2.2.2.2",0.469824232223817,FALSE,TRUE,40
"2.3.2.2.2.3.3.2.2.2.3.2.2.2.2.2.1.2.2.2.2.2",0.4973884516185,FALSE,TRUE,40
"2.3.2.2.2.3.3.2.2.2.3.2.2.2.2.2.2.2.1.2.2.2",0.47152229861258,FALSE,TRUE,40
"2.3.2.2.2.3.3.2.2.2.3.2.2.2.2.2.2.2.2.1.2.2",0.501425334391591,FALSE,TRUE,40
"2.3.2.2.2.3.3.2.2.2.3.2.2.2.2.2.2.2.2.2.1.2",0.462920558731598,FALSE,TRUE,40
"2.3.2.2.2.3.3.2.2.2.3.2.2.2.2.2.2.2.2.2.2.1",0.519688443146356,FALSE,TRUE,40
"4.2.2.2.2.2.2.3.2.2.2.2.2.2.2.2.2.2.2.2.2.2",0.541090334620961,FALSE,TRUE,41
"3.3.2.2.2.2.2.3.2.2.2.2.2.2.2.2.2.2.2.2.2.2",0.570076755071948,FALSE,TRUE,37
"3.2.3.2.2.2.2.3.2.2.2.2.2.2.2.2.2.2.2.2.2.2",0.502585191253413,FALSE,TRUE,40
"3.2.2.3.2.2.2.3.2.2.2.2.2.2.2.2.2.2.2.2.2.2",0.498596991960479,FALSE,TRUE,40
"3.2.2.2.3.2.2.3.2.2.2.2.2.2.2.2.2.2.2.2.2.2",0.477703711039109,FALSE,TRUE,40
"3.2.2.2.2.3.2.3.2.2.2.2.2.2.2.2.2.2.2.2.2.2",0.555314127662954,FALSE,TRUE,40
"3.2.2.2.2.2.3.3.2.2.2.2.2.2.2.2.2.2.2.2.2.2",0.522144937377851,FALSE,TRUE,39
"3.2.2.2.2.2.2.4.2.2.2.2.2.2.2.2.2.2.2.2.2.2",0.534246349774981,FALSE,TRUE,40
"3.2.2.2.2.2.2.3.3.2.2.2.2.2.2.2.2.2.2.2.2.2",0.518142407909596,FALSE,TRUE,40
"3.2.2.2.2.2.2.3.2.3.2.2.2.2.2.2.2.2.2.2.2.2",0.499049646142576,FALSE,TRUE,40
"3.2.2.2.2.2.2.3.2.2.3.2.2.2.2.2.2.2.2.2.2.2",0.461240949881031,FALSE,TRUE,41
"3.2.2.2.2.2.2.3.2.2.2.3.2.2.2.2.2.2.2.2.2.2",0.568781982812856,FALSE,TRUE,39
"3.2.2.2.2.2.2.3.2.2.2.2.3.2.2.2.2.2.2.2.2.2",0.522774530138339,FALSE,TRUE,40
"3.2.2.2.2.2.2.3.2.2.2.2.2.3.2.2.2.2.2.2.2.2",0.520997125601784,FALSE,TRUE,40
"3.2.2.2.2.2.2.3.2.2.2.2.2.2.3.2.2.2.2.2.2.2",0.495863279892694,FALSE,TRUE,40
"3.2.2.2.2.2.2.3.2.2.2.2.2.2.2.3.2.2.2.2.2.2",0.527969361359522,FALSE,TRUE,40
"3.2.2.2.2.2.2.3.2.2.2.2.2.2.2.2.3.2.2.2.2.2",0.495878718655481,FALSE,TRUE,41
"3.2.2.2.2.2.2.3.2.2.2.2.2.2.2.2.2.3.2.2.2.2",0.514012113528207,FALSE,TRUE,40
"3.2.2.2.2.2.2.3.2.2.2.2.2.2.2.2.2.2.3.2.2.2",0.523556805383923,FALSE,TRUE,40
"3.2.2.2.2.2.2.3.2.2.2.2.2.2.2.2.2.2.2.3.2.2",0.495695593137491,FALSE,TRUE,40
"3.2.2.2.2.2.2.3.2.2.2.2.2.2.2.2.2.2.2.2.3.2",0.549371678566685,FALSE,TRUE,39
"3.2.2.2.2.2.2.3.2.2.2.2.2.2.2.2.2.2.2.2.2.3",0.485503101650327,FALSE,TRUE,40
"3.1.2.2.2.2.2.3.2.2.2.2.2.2.2.2.2.2.2.2.2.2",0.468415170198516,FALSE,TRUE,38
"3.2.1.2.2.2.2.3.2.2.2.2.2.2.2.2.2.2.2.2.2.2",0.534056149327472,FALSE,TRUE,39
"3.2.2.1.2.2.2.3.2.2.2.2.2.2.2.2.2.2.2.2.2.2",0.55097723781945,FALSE,TRUE,39
"3.2.2.2.1.2.2.3.2.2.2.2.2.2.2.2.2.2.2.2.2.2",0.544511604685814,FALSE,TRUE,39
"3.2.2.2.2.1.2.3.2.2.2.2.2.2.2.2.2.2.2.2.2.2",0.462403615519969,FALSE,TRUE,39
"3.2.2.2.2.2.1.3.2.2.2.2.2.2.2.2.2.2.2.2.2.2",0.526042823266052,FALSE,TRUE,39
"3.2.2.2.2.2.2.3.1.2.2.2.2.2.2.2.2.2.2.2.2.2",0.507037785614719,FALSE,TRUE,39
"3.2.2.2.2.2.2.3.2.1.2.2.2.2.2.2.2.2.2.2.2.2",0.542119444128472,FALSE,TRUE,39
"3.2.2.2.2.2.2.3.2.2.2.1.2.2.2.2.2.2.2.2.2.2",0.46509378754356,FALSE,TRUE,39
"3.2.2.2.2.2.2.3.2.2.2.2.1.2.2.2.2.2.2.2.2.2",0.506329290600409,FALSE,TRUE,39
"3.2.2.2.2.2.2.3.2.2.2.2.2.1.2.2.2.2.2.2.2.2",0.528553443610598,FALSE,TRUE,38
"3.2.2.2.2.2.2.3.2.2.2.2.2.2.1.2.2.2.2.2.2.2",0.537977664789256,FALSE,TRUE,39
"3.2.2.2.2.2.2.3.2.2.2.2.2.2.2.1.2.2.2.2.2.2",0.515656481519732,FALSE,TRUE,39
"3.2.2.2.2.2.2.3.2.2.2.2.2.2.2.2.2.1.2.2.2.2",0.532724510852696,FALSE,TRUE,39
"3.2.2.2.2.2.2.3.2.2.2.2.2.2.2.2.2.2.1.2.2.2",0.502097819017509,FALSE,TRUE,39
"3.2.2.2.2.2.2.3.2.2.2.2.2.2.2.2.2.2.2.1.2.2",0.537052020562187,FALSE,TRUE,39
"3.2.2.2.2.2.2.3.2.2.2.2.2.2.2.2.2.2.2.2.1.2",0.480572513247245,FALSE,TRUE,39
"3.2.2.2.2.2.2.3.2.2.2.2.2.2.2.2.2.2.2.2.2.1",0.54374714154368,FALSE,TRUE,39
"3.2.2.1.2.2.3.2.2.2.3.2.2.2.2.2.2.3.2.2.2.2",0.427409274977027,FALSE,TRUE,40
"2.3.2.1.2.2.3.2.2.2.3.2.2.2.2.2.2.3.2.2.2.2",0.452450506075823,FALSE,TRUE,40
"2.2.3.1.2.2.3.2.2.2.3.2.2.2.2.2.2.3.2.2.2.2",0.379883474872367,FALSE,TRUE,40
"2.2.2.1.3.2.3.2.2.2.3.2.2.2.2.2.2.3.2.2.2.2",0.341008477663471,FALSE,TRUE,40
"2.2.2.1.2.3.3.2.2.2.3.2.2.2.2.2.2.3.2.2.2.2",0.433562561171809,FALSE,TRUE,39
"2.2.2.1.2.2.4.2.2.2.3.2.2.2.2.2.2.3.2.2.2.2",0.390079706037949,FALSE,TRUE,40
"2.2.2.1.2.2.3.3.2.2.3.2.2.2.2.2.2.3.2.2.2.2",0.443403310656256,FALSE,TRUE,40
"2.2.2.1.2.2.3.2.3.2.3.2.2.2.2.2.2.3.2.2.2.2",0.390714443709189,FALSE,TRUE,40
"2.2.2.1.2.2.3.2.2.3.3.2.2.2.2.2.2.3.2.2.2.2",0.384202230280951,FALSE,TRUE,40
"2.2.2.1.2.2.3.2.2.2.4.2.2.2.2.2.2.3.2.2.2.2",0.330036390975555,FALSE,TRUE,40
"2.2.2.1.2.2.3.2.2.2.3.3.2.2.2.2.2.3.2.2.2.2",0.454677336518677,FALSE,TRUE,39
"2.2.2.1.2.2.3.2.2.2.3.2.3.2.2.2.2.3.2.2.2.2",0.400062060451927,FALSE,TRUE,41
"2.2.2.1.2.2.3.2.2.2.3.2.2.3.2.2.2.3.2.2.2.2",0.409255493130579,FALSE,TRUE,40
"2.2.2.1.2.2.3.2.2.2.3.2.2.2.3.2.2.3.2.2.2.2",0.373998782445916,FALSE,TRUE,39
"2.2.2.1.2.2.3.2.2.2.3.2.2.2.2.3.2.3.2.2.2.2",0.416820703348643,FALSE,TRUE,40
"2.2.2.1.2.2.3.2.2.2.3.2.2.2.2.2.3.3.2.2.2.2",0.396979868861261,FALSE,TRUE,39
"2.2.2.1.2.2.3.2.2.2.3.2.2.2.2.2.2.4.2.2.2.2",0.382429171791284,FALSE,TRUE,41
"2.2.2.1.2.2.3.2.2.2.3.2.2.2.2.2.2.3.3.2.2.2",0.416228820625396,FALSE,TRUE,40
"2.2.2.1.2.2.3.2.2.2.3.2.2.2.2.2.2.3.2.3.2.2",0.369998201903186,FALSE,TRUE,40
"2.2.2.1.2.2.3.2.2.2.3.2.2.2.2.2.2.3.2.2.3.2",0.422361921159844,FALSE,TRUE,40
"2.2.2.1.2.2.3.2.2.2.3.2.2.2.2.2.2.3.2.2.2.3",0.35523422042164,FALSE,TRUE,40
"1.2.2.1.2.2.3.2.2.2.3.2.2.2.2.2.2.3.2.2.2.2",0.385423667969535,FALSE,TRUE,39
"2.1.2.1.2.2.3.2.2.2.3.2.2.2.2.2.2.3.2.2.2.2",0.341039444482265,FALSE,TRUE,39
"2.2.1.1.2.2.3.2.2.2.3.2.2.2.2.2.2.3.2.2.2.2",0.412184895998449,FALSE,TRUE,39
"2.2.2.1.1.2.3.2.2.2.3.2.2.2.2.2.2.3.2.2.2.2",0.445096380936975,FALSE,TRUE,39
"2.2.2.1.2.1.3.2.2.2.3.2.2.2.2.2.2.3.2.2.2.2",0.348283406222409,FALSE,TRUE,39
"2.2.2.1.2.2.2.2.2.2.3.2.2.2.2.2.2.3.2.2.2.2",0.415885409595837,FALSE,TRUE,40
"2.2.2.1.2.2.3.1.2.2.3.2.2.2.2.2.2.3.2.2.2.2",0.361743093763621,FALSE,TRUE,39
"2.2.2.1.2.2.3.2.1.2.3.2.2.2.2.2.2.3.2.2.2.2",0.399675690759628,FALSE,TRUE,39
"2.2.2.1.2.2.3.2.2.1.3.2.2.2.2.2.2.3.2.2.2.2",0.418523298517432,FALSE,TRUE,39
"2.2.2.1.2.2.3.2.2.2.2.2.2.2.2.2.2.3.2.2.2.2",0.471668642432673,FALSE,TRUE,39
"2.2.2.1.2.2.3.2.2.2.3.1.2.2.2.2.2.3.2.2.2.2",0.342074472046596,FALSE,TRUE,39
"2.2.2.1.2.2.3.2.2.2.3.2.2.1.2.2.2.3.2.2.2.2",0.391710326869239,FALSE,TRUE,39
"2.2.2.1.2.2.3.2.2.2.3.2.2.2.1.2.2.3.2.2.2.2",0.421052194446188,FALSE,TRUE,38
"2.2.2.1.2.2.3.2.2.2.3.2.2.2.2.1.2.3.2.2.2.2",0.385589728689769,FALSE,TRUE,39
"2.2.2.1.2.2.3.2.2.2.3.2.2.2.2.2.1.3.2.2.2.2",0.390116260100861,FALSE,TRUE,39
"2.2.2.1.2.2.3.2.2.2.3.2.2.2.2.2.2.3.2.1.2.2",0.416691194647289,FALSE,TRUE,39
"2.2.2.1.2.2.3.2.2.2.3.2.2.2.2.2.2.3.2.2.1.2",0.37137579473623,FALSE,TRUE,39
"2.2.2.1.2.2.3.2.2.2.3.2.2.2.2.2.2.3.2.2.2.1",0.437719531801247,FALSE,TRUE,39
"3.2.2.2.2.2.3.2.2.2.3.2.2.2.1.2.2.2.2.2.2.2",0.42671742976371,FALSE,TRUE,39
"2.3.2.2.2.2.3.2.2.2.3.2.2.2.1.2.2.2.2.2.2.2",0.467495350270011,FALSE,TRUE,38
"2.2.3.2.2.2.3.2.2.2.3.2.2.2.1.2.2.2.2.2.2.2",0.373188812618789,FALSE,TRUE,39
"2.2.2.3.2.2.3.2.2.2.3.2.2.2.1.2.2.2.2.2.2.2",0.379137110565377,FALSE,TRUE,39
"2.2.2.2.3.2.3.2.2.2.3.2.2.2.1.2.2.2.2.2.2.2",0.357045638589877,FALSE,TRUE,39
"2.2.2.2.2.2.4.2.2.2.3.2.2.2.1.2.2.2.2.2.2.2",0.376536772867075,FALSE,TRUE,39
"2.2.2.2.2.2.3.3.2.2.3.2.2.2.1.2.2.2.2.2.2.2",0.441270673673772,FALSE,TRUE,39
"2.2.2.2.2.2.3.2.3.2.3.2.2.2.1.2.2.2.2.2.2.2",0.420890387965619,FALSE,TRUE,39
"2.2.2.2.2.2.3.2.2.3.3.2.2.2.1.2.2.2.2.2.2.2",0.368455532210472,FALSE,TRUE,39
"2.2.2.2.2.2.3.2.2.2.4.2.2.2.1.2.2.2.2.2.2.2",0.340210458614457,FALSE,TRUE,40
"2.2.2.2.2.2.3.2.2.2.3.3.2.2.1.2.2.2.2.2.2.2",0.479150070762988,FALSE,TRUE,39
"2.2.2.2.2.2.3.2.2.2.3.2.3.2.1.2.2.2.2.2.2.2",0.378740047427908,FALSE,TRUE,39
"2.2.2.2.2.2.3.2.2.2.3.2.2.3.1.2.2.2.2.2.2.2",0.403535487593668,FALSE,TRUE,39
"2.2.2.2.2.2.3.2.2.2.3.2.2.2.1.3.2.2.2.2.2.2",0.425889938947335,FALSE,TRUE,39
"2.2.2.2.2.2.3.2.2.2.3.2.2.2.1.2.3.2.2.2.2.2",0.37585707070429,FALSE,TRUE,39
"2.2.2.2.2.2.3.2.2.2.3.2.2.2.1.2.2.2.3.2.2.2",0.400671611990309,FALSE,TRUE,39
"2.2.2.2.2.2.3.2.2.2.3.2.2.2.1.2.2.2.2.3.2.2",0.36648665373407,FALSE,TRUE,39
"2.2.2.2.2.2.3.2.2.2.3.2.2.2.1.2.2.2.2.2.3.2",0.456671582390324,FALSE,TRUE,39
"2.2.2.2.2.2.3.2.2.2.3.2.2.2.1.2.2.2.2.2.2.3",0.391376697793443,FALSE,TRUE,39
"1.2.2.2.2.2.3.2.2.2.3.2.2.2.1.2.2.2.2.2.2.2",0.391882709180587,FALSE,TRUE,38
"2.1.2.2.2.2.3.2.2.2.3.2.2.2.1.2.2.2.2.2.2.2",0.337525590003906,FALSE,TRUE,37
"2.2.1.2.2.2.3.2.2.2.3.2.2.2.1.2.2.2.2.2.2.2",0.430239723098736,FALSE,TRUE,38
"2.2.2.2.2.1.3.2.2.2.3.2.2.2.1.2.2.2.2.2.2.2",0.325684917459767,FALSE,TRUE,38
"2.2.2.2.2.2.2.2.2.2.3.2.2.2.1.2.2.2.2.2.2.2",0.436400546146505,FALSE,TRUE,39
"2.2.2.2.2.2.3.1.2.2.3.2.2.2.1.2.2.2.2.2.2.2",0.37087212263512,FALSE,TRUE,38
"2.2.2.2.2.2.3.2.1.2.3.2.2.2.1.2.2.2.2.2.2.2",0.382640727520063,FALSE,TRUE,38
"2.2.2.2.2.2.3.2.2.1.3.2.2.2.1.2.2.2.2.2.2.2",0.442799291538382,FALSE,TRUE,38
"2.2.2.2.2.2.3.2.2.2.3.1.2.2.1.2.2.2.2.2.2.2",0.328642410604179,FALSE,TRUE,38
"2.2.2.2.2.2.3.2.2.2.3.2.1.2.1.2.2.2.2.2.2.2",0.420532816041678,FALSE,TRUE,38
"2.2.2.2.2.2.3.2.2.2.3.2.2.1.1.2.2.2.2.2.2.2",0.412892165626736,FALSE,TRUE,38
"2.2.2.2.2.2.3.2.2.2.3.2.2.2.1.1.2.2.2.2.2.2",0.390074907106677,FALSE,TRUE,37
"2.2.2.2.2.2.3.2.2.2.3.2.2.2.1.2.1.2.2.2.2.2",0.422805743599894,FALSE,TRUE,38
"2.2.2.2.2.2.3.2.2.2.3.2.2.2.1.2.2.1.2.2.2.2",0.415132348012718,FALSE,TRUE,38
"2.2.2.2.2.2.3.2.2.2.3.2.2.2.1.2.2.2.1.2.2.2",0.390791818536947,FALSE,TRUE,37
"2.2.2.2.2.2.3.2.2.2.3.2.2.2.1.2.2.2.2.1.2.2",0.435686848334761,FALSE,TRUE,38
"2.2.2.2.2.2.3.2.2.2.3.2.2.2.1.2.2.2.2.2.1.2",0.346678375325977,FALSE,TRUE,38
"2.2.2.2.2.2.3.2.2.2.3.2.2.2.1.2.2.2.2.2.2.1",0.413916489327781,FALSE,TRUE,38
"3.2.3.2.2.2.2.2.2.2.2.1.2.2.3.2.2.2.2.2.2.2",0.374428400348402,FALSE,TRUE,41
"2.3.3.2.2.2.2.2.2.2.2.1.2.2.3.2.2.2.2.2.2.2",0.378312770824311,FALSE,TRUE,41
"2.2.4.2.2.2.2.2.2.2.2.1.2.2.3.2.2.2.2.2.2.2",0.32611790933458,FALSE,TRUE,41
"2.2.3.3.2.2.2.2.2.2.2.1.2.2.3.2.2.2.2.2.2.2",0.285854767715577,FALSE,TRUE,41
"2.2.3.2.3.2.2.2.2.2.2.1.2.2.3.2.2.2.2.2.2.2",0.318135585721192,FALSE,TRUE,41
"2.2.3.2.2.3.2.2.2.2.2.1.2.2.3.2.2.2.2.2.2.2",0.408016123411518,FALSE,TRUE,41
"2.2.3.2.2.2.3.2.2.2.2.1.2.2.3.2.2.2.2.2.2.2",0.325595968878217,FALSE,TRUE,41
"2.2.3.2.2.2.2.3.2.2.2.1.2.2.3.2.2.2.2.2.2.2",0.390002070752692,FALSE,TRUE,41
"2.2.3.2.2.2.2.2.3.2.2.1.2.2.3.2.2.2.2.2.2.2",0.357299104217508,FALSE,TRUE,41
"2.2.3.2.2.2.2.2.2.3.2.1.2.2.3.2.2.2.2.2.2.2",0.327698409987051,FALSE,TRUE,40
"2.2.3.2.2.2.2.2.2.2.3.1.2.2.3.2.2.2.2.2.2.2",0.287976225359325,FALSE,TRUE,41
"2.2.3.2.2.2.2.2.2.2.2.1.3.2.3.2.2.2.2.2.2.2",0.314451928427272,FALSE,TRUE,41
"2.2.3.2.2.2.2.2.2.2.2.1.2.3.3.2.2.2.2.2.2.2",0.335451596873224,FALSE,TRUE,41
"2.2.3.2.2.2.2.2.2.2.2.1.2.2.4.2.2.2.2.2.2.2",0.289358467203859,FALSE,TRUE,41
"2.2.3.2.2.2.2.2.2.2.2.1.2.2.3.3.2.2.2.2.2.2",0.341685793007019,FALSE,TRUE,41
"2.2.3.2.2.2.2.2.2.2.2.1.2.2.3.2.3.2.2.2.2.2",0.319913877568567,FALSE,TRUE,41
"2.2.3.2.2.2.2.2.2.2.2.1.2.2.3.2.2.3.2.2.2.2",0.329885801375646,FALSE,TRUE,41
"2.2.3.2.2.2.2.2.2.2.2.1.2.2.3.2.2.2.3.2.2.2",0.38418006742128,FALSE,TRUE,41
"2.2.3.2.2.2.2.2.2.2.2.1.2.2.3.2.2.2.2.3.2.2",0.31765239716602,FALSE,TRUE,41
"2.2.3.2.2.2.2.2.2.2.2.1.2.2.3.2.2.2.2.2.3.2",0.365598580959687,FALSE,TRUE,41
"2.2.3.2.2.2.2.2.2.2.2.1.2.2.3.2.2.2.2.2.2.3",0.294032768196761,FALSE,TRUE,41
"1.2.3.2.2.2.2.2.2.2.2.1.2.2.3.2.2.2.2.2.2.2",0.306542599764812,FALSE,TRUE,40
"2.2.2.2.2.2.2.2.2.2.2.1.2.2.3.2.2.2.2.2.2.2",0.339883435917103,FALSE,TRUE,40
"2.2.3.1.2.2.2.2.2.2.2.1.2.2.3.2.2.2.2.2.2.2",0.384797848119324,FALSE,TRUE,40
"2.2.3.2.1.2.2.2.2.2.2.1.2.2.3.2.2.2.2.2.2.2",0.335357419285005,FALSE,TRUE,40
"2.2.3.2.2.1.2.2.2.2.2.1.2.2.3.2.2.2.2.2.2.2",0.241957994513471,FALSE,TRUE,40
"2.2.3.2.2.2.1.2.2.2.2.1.2.2.3.2.2.2.2.2.2.2",0.35028422920488,FALSE,TRUE,39
"2.2.3.2.2.2.2.1.2.2.2.1.2.2.3.2.2.2.2.2.2.2",0.281157916483273,FALSE,TRUE,40
"2.2.3.2.2.2.2.2.1.2.2.1.2.2.3.2.2.2.2.2.2.2",0.303010500769691,FALSE,TRUE,40
"2.2.3.2.2.2.2.2.2.1.2.1.2.2.3.2.2.2.2.2.2.2",0.342355966433521,FALSE,TRUE,40
"2.2.3.2.2.2.2.2.2.2.1.1.2.2.3.2.2.2.2.2.2.2",0.375329313439213,FALSE,TRUE,40
"2.2.3.2.2.2.2.2.2.2.2.1.1.2.3.2.2.2.2.2.2.2",0.34858886386156,FALSE,TRUE,40
"2.2.3.2.2.2.2.2.2.2.2.1.2.1.3.2.2.2.2.2.2.2",0.334982764507455,FALSE,TRUE,40
"2.2.3.2.2.2.2.2.2.2.2.1.2.2.2.2.2.2.2.2.2.2",0.371950388826144,FALSE,TRUE,39
"2.2.3.2.2.2.2.2.2.2.2.1.2.2.3.1.2.2.2.2.2.2",0.330515821141667,FALSE,TRUE,40
"2.2.3.2.2.2.2.2.2.2.2.1.2.2.3.2.1.2.2.2.2.2",0.339247548104317,FALSE,TRUE,40
"2.2.3.2.2.2.2.2.2.2.2.1.2.2.3.2.2.1.2.2.2.2",0.341262928961879,FALSE,TRUE,40
"2.2.3.2.2.2.2.2.2.2.2.1.2.2.3.2.2.2.1.2.2.2",0.273884899073598,FALSE,TRUE,40
"2.2.3.2.2.2.2.2.2.2.2.1.2.2.3.2.2.2.2.1.2.2",0.337916504963191,FALSE,TRUE,40
"2.2.3.2.2.2.2.2.2.2.2.1.2.2.3.2.2.2.2.2.1.2",0.300222651242467,FALSE,TRUE,40
"2.2.3.2.2.2.2.2.2.2.2.1.2.2.3.2.2.2.2.2.2.1",0.366948803649523,FALSE,TRUE,39
"1.2.3.2.2.2.2.2.2.2.2.2.2.2.2.2.2.2.2.2.2.2",0.428035865919613,FALSE,TRUE,37
"1.1.4.2.2.2.2.2.2.2.2.2.2.2.2.2.2.2.2.2.2.2",0.322821754865625,FALSE,TRUE,39
"1.1.3.3.2.2.2.2.2.2.2.2.2.2.2.2.2.2.2.2.2.2",0.309086397560581,FALSE,TRUE,39
"1.1.3.2.2.3.2.2.2.2.2.2.2.2.2.2.2.2.2.2.2.2",0.427714569073752,FALSE,TRUE,39
"1.1.3.2.2.2.3.2.2.2.2.2.2.2.2.2.2.2.2.2.2.2",0.338705810197901,FALSE,TRUE,37
"1.1.3.2.2.2.2.3.2.2.2.2.2.2.2.2.2.2.2.2.2.2",0.375621513593413,FALSE,TRUE,39
"1.1.3.2.2.2.2.2.3.2.2.2.2.2.2.2.2.2.2.2.2.2",0.375006708735084,FALSE,TRUE,39
"1.1.3.2.2.2.2.2.2.2.3.2.2.2.2.2.2.2.2.2.2.2",0.293824359571008,FALSE,TRUE,39
"1.1.3.2.2.2.2.2.2.2.2.3.2.2.2.2.2.2.2.2.2.2",0.428976289755756,FALSE,TRUE,39
"1.1.3.2.2.2.2.2.2.2.2.2.3.2.2.2.2.2.2.2.2.2",0.342886022661386,FALSE,TRUE,39
"1.1.3.2.2.2.2.2.2.2.2.2.2.3.2.2.2.2.2.2.2.2",0.334557477248012,FALSE,TRUE,39
"1.1.3.2.2.2.2.2.2.2.2.2.2.2.2.3.2.2.2.2.2.2",0.360996529335369,FALSE,TRUE,39
"1.1.3.2.2.2.2.2.2.2.2.2.2.2.2.2.3.2.2.2.2.2",0.335024758508755,FALSE,TRUE,39
"1.1.3.2.2.2.2.2.2.2.2.2.2.2.2.2.2.3.2.2.2.2",0.334313334919713,FALSE,TRUE,39
"1.1.3.2.2.2.2.2.2.2.2.2.2.2.2.2.2.2.3.2.2.2",0.360176913290121,FALSE,TRUE,39
"1.1.3.2.2.2.2.2.2.2.2.2.2.2.2.2.2.2.2.3.2.2",0.313854462466684,FALSE,TRUE,39
"1.1.3.2.2.2.2.2.2.2.2.2.2.2.2.2.2.2.2.2.3.2",0.409390270840332,FALSE,TRUE,39
"1.1.3.2.2.2.2.2.2.2.2.2.2.2.2.2.2.2.2.2.2.3",0.334683180422487,FALSE,TRUE,39
"1.1.3.1.2.2.2.2.2.2.2.2.2.2.2.2.2.2.2.2.2.2",0.387366338787735,FALSE,TRUE,38
"1.1.3.2.1.2.2.2.2.2.2.2.2.2.2.2.2.2.2.2.2.2",0.360780784660103,FALSE,TRUE,39
"1.1.3.2.2.1.2.2.2.2.2.2.2.2.2.2.2.2.2.2.2.2",0.251871716466242,FALSE,TRUE,38
"1.1.3.2.2.2.1.2.2.2.2.2.2.2.2.2.2.2.2.2.2.2",0.361050297853788,FALSE,TRUE,37
"1.1.3.2.2.2.2.1.2.2.2.2.2.2.2.2.2.2.2.2.2.2",0.319452542875406,FALSE,TRUE,38
"1.1.3.2.2.2.2.2.1.2.2.2.2.2.2.2.2.2.2.2.2.2",0.311555972913657,FALSE,TRUE,38
"1.1.3.2.2.2.2.2.2.1.2.2.2.2.2.2.2.2.2.2.2.2",0.384593651544475,FALSE,TRUE,38
"1.1.3.2.2.2.2.2.2.2.1.2.2.2.2.2.2.2.2.2.2.2",0.394327010498228,FALSE,TRUE,38
"1.1.3.2.2.2.2.2.2.2.2.1.2.2.2.2.2.2.2.2.2.2",0.268272252103205,FALSE,TRUE,38
"1.1.3.2.2.2.2.2.2.2.2.2.1.2.2.2.2.2.2.2.2.2",0.3454110624794,FALSE,TRUE,38
"1.1.3.2.2.2.2.2.2.2.2.2.2.1.2.2.2.2.2.2.2.2",0.360468808077602,FALSE,TRUE,38
"1.1.3.2.2.2.2.2.2.2.2.2.2.2.1.2.2.2.2.2.2.2",0.35885349063842,FALSE,TRUE,38
"1.1.3.2.2.2.2.2.2.2.2.2.2.2.2.1.2.2.2.2.2.2",0.339518833253919,FALSE,TRUE,38
"1.1.3.2.2.2.2.2.2.2.2.2.2.2.2.2.1.2.2.2.2.2",0.355124777702895,FALSE,TRUE,37
"1.1.3.2.2.2.2.2.2.2.2.2.2.2.2.2.2.1.2.2.2.2",0.360614966754998,FALSE,TRUE,38
"1.1.3.2.2.2.2.2.2.2.2.2.2.2.2.2.2.2.1.2.2.2",0.323003131333826,FALSE,TRUE,38
"1.1.3.2.2.2.2.2.2.2.2.2.2.2.2.2.2.2.2.1.2.2",0.369024591396731,FALSE,TRUE,38
"1.1.3.2.2.2.2.2.2.2.2.2.2.2.2.2.2.2.2.2.1.2",0.284394247550813,FALSE,TRUE,38
"1.1.3.2.2.2.2.2.2.2.2.2.2.2.2.2.2.2.2.2.2.1",0.357361055149231,FALSE,TRUE,37
"3.1.3.2.2.2.2.2.2.3.2.2.2.2.3.2.2.2.2.2.2.2",0.384776584965161,FALSE,TRUE,40
"2.1.4.2.2.2.2.2.2.3.2.2.2.2.3.2.2.2.2.2.2.2",0.321958167349486,FALSE,TRUE,40
"2.1.3.3.2.2.2.2.2.3.2.2.2.2.3.2.2.2.2.2.2.2",0.306583180028256,FALSE,TRUE,40
"2.1.3.2.3.2.2.2.2.3.2.2.2.2.3.2.2.2.2.2.2.2",0.282586852626041,FALSE,TRUE,40
"2.1.3.2.2.3.2.2.2.3.2.2.2.2.3.2.2.2.2.2.2.2",0.388048663150029,FALSE,TRUE,40
"2.1.3.2.2.2.3.2.2.3.2.2.2.2.3.2.2.2.2.2.2.2",0.34905887562808,FALSE,TRUE,40
"2.1.3.2.2.2.2.3.2.3.2.2.2.2.3.2.2.2.2.2.2.2",0.381535670989045,FALSE,TRUE,40
"2.1.3.2.2.2.2.2.3.3.2.2.2.2.3.2.2.2.2.2.2.2",0.343176035440608,FALSE,TRUE,40
"2.1.3.2.2.2.2.2.2.4.2.2.2.2.3.2.2.2.2.2.2.2",0.312151449348096,FALSE,TRUE,41
"2.1.3.2.2.2.2.2.2.3.3.2.2.2.3.2.2.2.2.2.2.2",0.268705804944495,FALSE,TRUE,40
"2.1.3.2.2.2.2.2.2.3.2.3.2.2.3.2.2.2.2.2.2.2",0.409665187811237,FALSE,TRUE,40
"2.1.3.2.2.2.2.2.2.3.2.2.3.2.3.2.2.2.2.2.2.2",0.353300433454905,FALSE,TRUE,40
"2.1.3.2.2.2.2.2.2.3.2.2.2.3.3.2.2.2.2.2.2.2",0.328674091306272,FALSE,TRUE,40
"2.1.3.2.2.2.2.2.2.3.2.2.2.2.4.2.2.2.2.2.2.2",0.327813166389298,FALSE,TRUE,41
"2.1.3.2.2.2.2.2.2.3.2.2.2.2.3.3.2.2.2.2.2.2",0.363016056775743,FALSE,TRUE,40
"2.1.3.2.2.2.2.2.2.3.2.2.2.2.3.2.3.2.2.2.2.2",0.325640745980388,FALSE,TRUE,40
"2.1.3.2.2.2.2.2.2.3.2.2.2.2.3.2.2.3.2.2.2.2",0.338228154444387,FALSE,TRUE,40
"2.1.3.2.2.2.2.2.2.3.2.2.2.2.3.2.2.2.3.2.2.2",0.361960864465092,FALSE,TRUE,40
"2.1.3.2.2.2.2.2.2.3.2.2.2.2.3.2.2.2.2.3.2.2",0.305800477391073,FALSE,TRUE,40
"2.1.3.2.2.2.2.2.2.3.2.2.2.2.3.2.2.2.2.2.3.2",0.378238290914754,FALSE,TRUE,40
"2.1.3.2.2.2.2.2.2.3.2.2.2.2.3.2.2.2.2.2.2.3",0.301851678371734,FALSE,TRUE,40
"1.1.3.2.2.2.2.2.2.3.2.2.2.2.3.2.2.2.2.2.2.2",0.301824511224393,FALSE,TRUE,39
"2.1.2.2.2.2.2.2.2.3.2.2.2.2.3.2.2.2.2.2.2.2",0.354942217363786,FALSE,TRUE,40
"2.1.3.1.2.2.2.2.2.3.2.2.2.2.3.2.2.2.2.2.2.2",0.373955482660551,FALSE,TRUE,39
"2.1.3.2.1.2.2.2.2.3.2.2.2.2.3.2.2.2.2.2.2.2",0.38319995664905,FALSE,TRUE,39
"2.1.3.2.2.1.2.2.2.3.2.2.2.2.3.2.2.2.2.2.2.2",0.274023286729791,FALSE,TRUE,39
"2.1.3.2.2.2.1.2.2.3.2.2.2.2.3.2.2.2.2.2.2.2",0.340025838076712,FALSE,TRUE,39
"2.1.3.2.2.2.2.1.2.3.2.2.2.2.3.2.2.2.2.2.2.2",0.29517920620543,FALSE,TRUE,39
"2.1.3.2.2.2.2.2.1.3.2.2.2.2.3.2.2.2.2.2.2.2",0.325317534584007,FALSE,TRUE,39
"2.1.3.2.2.2.2.2.2.3.1.2.2.2.3.2.2.2.2.2.2.2",0.40284030081141,FALSE,TRUE,39
"2.1.3.2.2.2.2.2.2.3.2.1.2.2.3.2.2.2.2.2.2.2",0.268264193742321,FALSE,TRUE,38
"2.1.3.2.2.2.2.2.2.3.2.2.1.2.3.2.2.2.2.2.2.2",0.321092367896067,FALSE,TRUE,39
"2.1.3.2.2.2.2.2.2.3.2.2.2.1.3.2.2.2.2.2.2.2",0.34923729887066,FALSE,TRUE,39
"2.1.3.2.2.2.2.2.2.3.2.2.2.2.3.1.2.2.2.2.2.2",0.319915394543098,FALSE,TRUE,39
"2.1.3.2.2.2.2.2.2.3.2.2.2.2.3.2.1.2.2.2.2.2",0.344057244876394,FALSE,TRUE,39
"2.1.3.2.2.2.2.2.2.3.2.2.2.2.3.2.2.1.2.2.2.2",0.343266702348433,FALSE,TRUE,39
"2.1.3.2.2.2.2.2.2.3.2.2.2.2.3.2.2.2.1.2.2.2",0.311159071166794,FALSE,TRUE,39
"2.1.3.2.2.2.2.2.2.3.2.2.2.2.3.2.2.2.2.1.2.2",0.360483288272009,FALSE,TRUE,39
"2.1.3.2.2.2.2.2.2.3.2.2.2.2.3.2.2.2.2.2.1.2",0.300996207035052,FALSE,TRUE,39
"2.1.3.2.2.2.2.2.2.3.2.2.2.2.3.2.2.2.2.2.2.1",0.370924181026766,FALSE,TRUE,39
"4.3.2.2.2.3.3.2.2.2.3.2.2.2.2.2.2.2.2.2.2.2",0.485852721464818,FALSE,TRUE,42
"3.4.2.2.2.3.3.2.2.2.3.2.2.2.2.2.2.2.2.2.2.2",0.510116423929736,FALSE,TRUE,41
"3.3.3.2.2.3.3.2.2.2.3.2.2.2.2.2.2.2.2.2.2.2",0.465459187052837,FALSE,TRUE,41
"3.3.2.3.2.3.3.2.2.2.3.2.2.2.2.2.2.2.2.2.2.2",0.477724659648286,FALSE,TRUE,41
"3.3.2.2.3.3.3.2.2.2.3.2.2.2.2.2.2.2.2.2.2.2",0.436108053250613,FALSE,TRUE,41
"3.3.2.2.2.4.3.2.2.2.3.2.2.2.2.2.2.2.2.2.2.2",0.502122399353635,FALSE,TRUE,41
"3.3.2.2.2.3.4.2.2.2.3.2.2.2.2.2.2.2.2.2.2.2",0.463299173148828,FALSE,TRUE,41
"3.3.2.2.2.3.3.3.2.2.3.2.2.2.2.2.2.2.2.2.2.2",0.504932070742369,FALSE,TRUE,41
"3.3.2.2.2.3.3.2.3.2.3.2.2.2.2.2.2.2.2.2.2.2",0.464619933985264,FALSE,TRUE,41
"3.3.2.2.2.3.3.2.2.3.3.2.2.2.2.2.2.2.2.2.2.2",0.475807055511893,FALSE,TRUE,41
"3.3.2.2.2.3.3.2.2.2.4.2.2.2.2.2.2.2.2.2.2.2",0.407674607290749,FALSE,TRUE,41
"3.3.2.2.2.3.3.2.2.2.3.3.2.2.2.2.2.2.2.2.2.2",0.529702698628243,FALSE,TRUE,41
"3.3.2.2.2.3.3.2.2.2.3.2.3.2.2.2.2.2.2.2.2.2",0.465457492528076,FALSE,TRUE,41
"3.3.2.2.2.3.3.2.2.2.3.2.2.3.2.2.2.2.2.2.2.2",0.511241433524752,FALSE,TRUE,41
"3.3.2.2.2.3.3.2.2.2.3.2.2.2.3.2.2.2.2.2.2.2",0.436731040705391,FALSE,TRUE,41
"3.3.2.2.2.3.3.2.2.2.3.2.2.2.2.3.2.2.2.2.2.2",0.497669144984931,FALSE,TRUE,42
"3.3.2.2.2.3.3.2.2.2.3.2.2.2.2.2.3.2.2.2.2.2",0.444426226589186,FALSE,TRUE,41
"3.3.2.2.2.3.3.2.2.2.3.2.2.2.2.2.2.3.2.2.2.2",0.468369558293966,FALSE,TRUE,41
"3.3.2.2.2.3.3.2.2.2.3.2.2.2.2.2.2.2.3.2.2.2",0.465570006379271,FALSE,TRUE,41
"3.3.2.2.2.3.3.2.2.2.3.2.2.2.2.2.2.2.2.3.2.2",0.453957858307791,FALSE,TRUE,41
"3.3.2.2.2.3.3.2.2.2.3.2.2.2.2.2.2.2.2.2.3.2",0.492795524988,FALSE,TRUE,41
"3.3.2.2.2.3.3.2.2.2.3.2.2.2.2.2.2.2.2.2.2.3",0.437806421905047,FALSE,TRUE,41
"3.3.1.2.2.3.3.2.2.2.3.2.2.2.2.2.2.2.2.2.2.2",0.499040397844701,FALSE,TRUE,40
"3.3.2.1.2.3.3.2.2.2.3.2.2.2.2.2.2.2.2.2.2.2",0.50242050199319,FALSE,TRUE,40
"3.3.2.2.1.3.3.2.2.2.3.2.2.2.2.2.2.2.2.2.2.2",0.522723973583779,FALSE,TRUE,39
"3.3.2.2.2.2.3.2.2.2.3.2.2.2.2.2.2.2.2.2.2.2",0.454523750472297,FALSE,TRUE,40
"3.3.2.2.2.3.2.2.2.2.3.2.2.2.2.2.2.2.2.2.2.2",0.51383095118845,FALSE,TRUE,41
"3.3.2.2.2.3.3.1.2.2.3.2.2.2.2.2.2.2.2.2.2.2",0.465488183633064,FALSE,TRUE,40
"3.3.2.2.2.3.3.2.1.2.3.2.2.2.2.2.2.2.2.2.2.2",0.497958257596932,FALSE,TRUE,40
"3.3.2.2.2.3.3.2.2.1.3.2.2.2.2.2.2.2.2.2.2.2",0.49729861606663,FALSE,TRUE,40
"3.3.2.2.2.3.3.2.2.2.2.2.2.2.2.2.2.2.2.2.2.2",0.569352621170549,FALSE,TRUE,41
"3.3.2.2.2.3.3.2.2.2.3.1.2.2.2.2.2.2.2.2.2.2",0.435597824301611,FALSE,TRUE,40
"3.3.2.2.2.3.3.2.2.2.3.2.1.2.2.2.2.2.2.2.2.2",0.495197242964569,FALSE,TRUE,40
"3.3.2.2.2.3.3.2.2.2.3.2.2.1.2.2.2.2.2.2.2.2",0.470294584393641,FALSE,TRUE,40
"3.3.2.2.2.3.3.2.2.2.3.2.2.2.1.2.2.2.2.2.2.2",0.524716472303168,FALSE,TRUE,40
"3.3.2.2.2.3.3.2.2.2.3.2.2.2.2.2.1.2.2.2.2.2",0.506838901819283,FALSE,TRUE,40
"3.3.2.2.2.3.3.2.2.2.3.2.2.2.2.2.2.1.2.2.2.2",0.507530201581563,FALSE,TRUE,39
"3.3.2.2.2.3.3.2.2.2.3.2.2.2.2.2.2.2.1.2.2.2",0.483864059180709,FALSE,TRUE,40
"3.3.2.2.2.3.3.2.2.2.3.2.2.2.2.2.2.2.2.1.2.2",0.510265494266756,FALSE,TRUE,40
"3.3.2.2.2.3.3.2.2.2.3.2.2.2.2.2.2.2.2.2.1.2",0.466802302178951,FALSE,TRUE,40
"3.3.2.2.2.3.3.2.2.2.3.2.2.2.2.2.2.2.2.2.2.1",0.52330803416567,FALSE,TRUE,40
"3.2.2.2.1.2.3.2.2.2.2.2.2.2.1.1.2.2.2.2.2.2",0.497191263647232,FALSE,TRUE,38
"2.3.2.2.1.2.3.2.2.2.2.2.2.2.1.1.2.2.2.2.2.2",0.499679162127602,FALSE,TRUE,38
"2.2.3.2.1.2.3.2.2.2.2.2.2.2.1.1.2.2.2.2.2.2",0.445496070085013,FALSE,TRUE,38
"2.2.2.3.1.2.3.2.2.2.2.2.2.2.1.1.2.2.2.2.2.2",0.407833733510763,FALSE,TRUE,38
"2.2.2.2.1.3.3.2.2.2.2.2.2.2.1.1.2.2.2.2.2.2",0.550885004777565,FALSE,TRUE,38
"2.2.2.2.1.2.4.2.2.2.2.2.2.2.1.1.2.2.2.2.2.2",0.435110459949492,FALSE,TRUE,38
"2.2.2.2.1.2.3.3.2.2.2.2.2.2.1.1.2.2.2.2.2.2",0.507894714852467,FALSE,TRUE,38
"2.2.2.2.1.2.3.2.2.3.2.2.2.2.1.1.2.2.2.2.2.2",0.445293841878054,FALSE,TRUE,38
"2.2.2.2.1.2.3.2.2.2.3.2.2.2.1.1.2.2.2.2.2.2",0.4157564558462,FALSE,TRUE,37
"2.2.2.2.1.2.3.2.2.2.2.3.2.2.1.1.2.2.2.2.2.2",0.540953166523682,FALSE,TRUE,38
"2.2.2.2.1.2.3.2.2.2.2.2.3.2.1.1.2.2.2.2.2.2",0.431579467939463,FALSE,TRUE,38
"2.2.2.2.1.2.3.2.2.2.2.2.2.3.1.1.2.2.2.2.2.2",0.446448428069047,FALSE,TRUE,38
"2.2.2.2.1.2.3.2.2.2.2.2.2.2.2.1.2.2.2.2.2.2",0.444441566647718,FALSE,TRUE,38
"2.2.2.2.1.2.3.2.2.2.2.2.2.2.1.1.3.2.2.2.2.2",0.444452024994382,FALSE,TRUE,37
"2.2.2.2.1.2.3.2.2.2.2.2.2.2.1.1.2.3.2.2.2.2",0.454669357471084,FALSE,TRUE,38
"2.2.2.2.1.2.3.2.2.2.2.2.2.2.1.1.2.2.3.2.2.2",0.481392150649183,FALSE,TRUE,38
"2.2.2.2.1.2.3.2.2.2.2.2.2.2.1.1.2.2.2.3.2.2",0.42800151174839,FALSE,TRUE,38
"2.2.2.2.1.2.3.2.2.2.2.2.2.2.1.1.2.2.2.2.3.2",0.503474589983137,FALSE,TRUE,38
"2.2.2.2.1.2.3.2.2.2.2.2.2.2.1.1.2.2.2.2.2.3",0.454316793761307,FALSE,TRUE,38
"1.2.2.2.1.2.3.2.2.2.2.2.2.2.1.1.2.2.2.2.2.2",0.423900622269927,FALSE,TRUE,37
"2.1.2.2.1.2.3.2.2.2.2.2.2.2.1.1.2.2.2.2.2.2",0.408679239591736,FALSE,TRUE,37
"2.2.1.2.1.2.3.2.2.2.2.2.2.2.1.1.2.2.2.2.2.2",0.462246551826891,FALSE,TRUE,37
"2.2.2.1.1.2.3.2.2.2.2.2.2.2.1.1.2.2.2.2.2.2",0.50902610530709,FALSE,TRUE,37
"2.2.2.2.1.1.3.2.2.2.2.2.2.2.1.1.2.2.2.2.2.2",0.346734321712342,FALSE,TRUE,37
"2.2.2.2.1.2.2.2.2.2.2.2.2.2.1.1.2.2.2.2.2.2",0.481573877069528,FALSE,TRUE,38
"2.2.2.2.1.2.3.1.2.2.2.2.2.2.1.1.2.2.2.2.2.2",0.403928474311995,FALSE,TRUE,37
"2.2.2.2.1.2.3.2.1.2.2.2.2.2.1.1.2.2.2.2.2.2",0.408249057993993,FALSE,TRUE,38
"2.2.2.2.1.2.3.2.2.1.2.2.2.2.1.1.2.2.2.2.2.2",0.466363894048247,FALSE,TRUE,37
"2.2.2.2.1.2.3.2.2.2.1.2.2.2.1.1.2.2.2.2.2.2",0.491576523793202,FALSE,TRUE,37
"2.2.2.2.1.2.3.2.2.2.2.1.2.2.1.1.2.2.2.2.2.2",0.367647505337988,FALSE,TRUE,37
"2.2.2.2.1.2.3.2.2.2.2.2.1.2.1.1.2.2.2.2.2.2",0.471267238573522,FALSE,TRUE,37
"2.2.2.2.1.2.3.2.2.2.2.2.2.1.1.1.2.2.2.2.2.2",0.469547194223156,FALSE,TRUE,37
"2.2.2.2.1.2.3.2.2.2.2.2.2.2.1.1.1.2.2.2.2.2",0.460303249130854,FALSE,TRUE,37
"2.2.2.2.1.2.3.2.2.2.2.2.2.2.1.1.2.1.2.2.2.2",0.460930598577169,FALSE,TRUE,37
"2.2.2.2.1.2.3.2.2.2.2.2.2.2.1.1.2.2.1.2.2.2",0.414345253355686,FALSE,TRUE,37
"2.2.2.2.1.2.3.2.2.2.2.2.2.2.1.1.2.2.2.1.2.2",0.475360041167279,FALSE,TRUE,37
"2.2.2.2.1.2.3.2.2.2.2.2.2.2.1.1.2.2.2.2.1.2",0.402378208940879,FALSE,TRUE,37
"2.2.2.2.1.2.3.2.2.2.2.2.2.2.1.1.2.2.2.2.2.1",0.457036715006396,FALSE,TRUE,37
"3.2.2.2.1.2.3.2.3.2.2.2.2.2.1.1.2.2.2.2.2.2",0.515804986990444,FALSE,TRUE,37
"2.3.2.2.1.2.3.2.3.2.2.2.2.2.1.1.2.2.2.2.2.2",0.530550767228363,FALSE,TRUE,37
"2.2.3.2.1.2.3.2.3.2.2.2.2.2.1.1.2.2.2.2.2.2",0.477600267560817,FALSE,TRUE,37
"2.2.2.3.1.2.3.2.3.2.2.2.2.2.1.1.2.2.2.2.2.2",0.449785313373097,FALSE,TRUE,37
"2.2.2.2.2.2.3.2.3.2.2.2.2.2.1.1.2.2.2.2.2.2",0.471493788891187,FALSE,TRUE,37
"2.2.2.2.1.3.3.2.3.2.2.2.2.2.1.1.2.2.2.2.2.2",0.550378750309914,FALSE,TRUE,37
"2.2.2.2.1.2.4.2.3.2.2.2.2.2.1.1.2.2.2.2.2.2",0.467535698631185,FALSE,TRUE,37
"2.2.2.2.1.2.3.3.3.2.2.2.2.2.1.1.2.2.2.2.2.2",0.524838400312335,FALSE,TRUE,37
"2.2.2.2.1.2.3.2.3.3.2.2.2.2.1.1.2.2.2.2.2.2",0.466583475334544,FALSE,TRUE,37
"2.2.2.2.1.2.3.2.3.2.3.2.2.2.1.1.2.2.2.2.2.2",0.425619880310848,FALSE,TRUE,37
"2.2.2.2.1.2.3.2.3.2.2.3.2.2.1.1.2.2.2.2.2.2",0.557715506092175,FALSE,TRUE,37
"2.2.2.2.1.2.3.2.3.2.2.2.3.2.1.1.2.2.2.2.2.2",0.467891897268179,FALSE,TRUE,38
"2.2.2.2.1.2.3.2.3.2.2.2.2.3.1.1.2.2.2.2.2.2",0.479750261270351,FALSE,TRUE,37
"2.2.2.2.1.2.3.2.3.2.2.2.2.2.2.1.2.2.2.2.2.2",0.467466810443207,FALSE,TRUE,38
"2.2.2.2.1.2.3.2.3.2.2.2.2.2.1.1.3.2.2.2.2.2",0.476470973462366,FALSE,TRUE,37
"2.2.2.2.1.2.3.2.3.2.2.2.2.2.1.1.2.3.2.2.2.2",0.481064392930122,FALSE,TRUE,37
"2.2.2.2.1.2.3.2.3.2.2.2.2.2.1.1.2.2.3.2.2.2",0.490236504900712,FALSE,TRUE,37
"2.2.2.2.1.2.3.2.3.2.2.2.2.2.1.1.2.2.2.3.2.2",0.447970406325572,FALSE,TRUE,37
"2.2.2.2.1.2.3.2.3.2.2.2.2.2.1.1.2.2.2.2.3.2",0.512739231652035,FALSE,TRUE,37
"2.2.2.2.1.2.3.2.3.2.2.2.2.2.1.1.2.2.2.2.2.3",0.475247811718667,FALSE,TRUE,37
"1.2.2.2.1.2.3.2.3.2.2.2.2.2.1.1.2.2.2.2.2.2",0.458127868413748,FALSE,TRUE,36
"2.1.2.2.1.2.3.2.3.2.2.2.2.2.1.1.2.2.2.2.2.2",0.433888245410012,FALSE,TRUE,36
"2.2.1.2.1.2.3.2.3.2.2.2.2.2.1.1.2.2.2.2.2.2",0.486682666790439,FALSE,TRUE,36
"2.2.2.1.1.2.3.2.3.2.2.2.2.2.1.1.2.2.2.2.2.2",0.525006182272203,FALSE,TRUE,36
"2.2.2.2.1.1.3.2.3.2.2.2.2.2.1.1.2.2.2.2.2.2",0.399788375579491,FALSE,TRUE,36
"2.2.2.2.1.2.2.2.3.2.2.2.2.2.1.1.2.2.2.2.2.2",0.50631610899659,FALSE,TRUE,37
"2.2.2.2.1.2.3.1.3.2.2.2.2.2.1.1.2.2.2.2.2.2",0.439531636635642,FALSE,TRUE,36
"2.2.2.2.1.2.3.2.3.1.2.2.2.2.1.1.2.2.2.2.2.2",0.50009994234049,FALSE,TRUE,36
"2.2.2.2.1.2.3.2.3.2.1.2.2.2.1.1.2.2.2.2.2.2",0.538981073272146,FALSE,TRUE,36
"2.2.2.2.1.2.3.2.3.2.2.1.2.2.1.1.2.2.2.2.2.2",0.405260712629623,FALSE,TRUE,36
"2.2.2.2.1.2.3.2.3.2.2.2.2.1.1.1.2.2.2.2.2.2",0.494069248003334,FALSE,TRUE,36
"2.2.2.2.1.2.3.2.3.2.2.2.2.2.1.1.1.2.2.2.2.2",0.480619308538508,FALSE,TRUE,36
"2.2.2.2.1.2.3.2.3.2.2.2.2.2.1.1.2.1.2.2.2.2",0.489704646870514,FALSE,TRUE,36
"2.2.2.2.1.2.3.2.3.2.2.2.2.2.1.1.2.2.1.2.2.2",0.459291745449531,FALSE,TRUE,36
"2.2.2.2.1.2.3.2.3.2.2.2.2.2.1.1.2.2.2.1.2.2",0.512315599588791,FALSE,TRUE,36
"2.2.2.2.1.2.3.2.3.2.2.2.2.2.1.1.2.2.2.2.1.2",0.446580672409115,FALSE,TRUE,36
"2.2.2.2.1.2.3.2.3.2.2.2.2.2.1.1.2.2.2.2.2.1",0.489678687271932,FALSE,TRUE,36
"4.2.2.2.2.2.2.3.2.2.2.2.2.2.2.2.1.2.2.2.2.2",0.5401091381977,FALSE,TRUE,40
"3.2.3.2.2.2.2.3.2.2.2.2.2.2.2.2.1.2.2.2.2.2",0.51102713937825,FALSE,TRUE,40
"3.2.2.3.2.2.2.3.2.2.2.2.2.2.2.2.1.2.2.2.2.2",0.498976334681362,FALSE,TRUE,40
"3.2.2.2.3.2.2.3.2.2.2.2.2.2.2.2.1.2.2.2.2.2",0.490225330459552,FALSE,TRUE,40
"3.2.2.2.2.3.2.3.2.2.2.2.2.2.2.2.1.2.2.2.2.2",0.556717076360143,FALSE,TRUE,40
"3.2.2.2.2.2.3.3.2.2.2.2.2.2.2.2.1.2.2.2.2.2",0.521822376150838,FALSE,TRUE,40
"3.2.2.2.2.2.2.4.2.2.2.2.2.2.2.2.1.2.2.2.2.2",0.529307807840383,FALSE,TRUE,40
"3.2.2.2.2.2.2.3.3.2.2.2.2.2.2.2.1.2.2.2.2.2",0.512061906334823,FALSE,TRUE,40
"3.2.2.2.2.2.2.3.2.3.2.2.2.2.2.2.1.2.2.2.2.2",0.499060871896847,FALSE,TRUE,40
"3.2.2.2.2.2.2.3.2.2.3.2.2.2.2.2.1.2.2.2.2.2",0.466601316713708,FALSE,TRUE,40
"3.2.2.2.2.2.2.3.2.2.2.3.2.2.2.2.1.2.2.2.2.2",0.56106441143504,FALSE,TRUE,40
"3.2.2.2.2.2.2.3.2.2.2.2.3.2.2.2.1.2.2.2.2.2",0.528183253636102,FALSE,TRUE,40
"3.2.2.2.2.2.2.3.2.2.2.2.2.3.2.2.1.2.2.2.2.2",0.522398382803779,FALSE,TRUE,40
"3.2.2.2.2.2.2.3.2.2.2.2.2.2.3.2.1.2.2.2.2.2",0.490684382433001,FALSE,TRUE,40
"3.2.2.2.2.2.2.3.2.2.2.2.2.2.2.3.1.2.2.2.2.2",0.528322808367496,FALSE,TRUE,40
"3.2.2.2.2.2.2.3.2.2.2.2.2.2.2.2.1.3.2.2.2.2",0.502021048993076,FALSE,TRUE,40
"3.2.2.2.2.2.2.3.2.2.2.2.2.2.2.2.1.2.3.2.2.2",0.530637982528207,FALSE,TRUE,40
"3.2.2.2.2.2.2.3.2.2.2.2.2.2.2.2.1.2.2.3.2.2",0.499870843182188,FALSE,TRUE,40
"3.2.2.2.2.2.2.3.2.2.2.2.2.2.2.2.1.2.2.2.3.2",0.541615837417613,FALSE,TRUE,39
"3.2.2.2.2.2.2.3.2.2.2.2.2.2.2.2.1.2.2.2.2.3",0.490061131801943,FALSE,TRUE,40
"3.1.2.2.2.2.2.3.2.2.2.2.2.2.2.2.1.2.2.2.2.2",0.461131493083008,FALSE,TRUE,38
"3.2.1.2.2.2.2.3.2.2.2.2.2.2.2.2.1.2.2.2.2.2",0.523696850716762,FALSE,TRUE,39
"3.2.2.1.2.2.2.3.2.2.2.2.2.2.2.2.1.2.2.2.2.2",0.547479774899226,FALSE,TRUE,39
"3.2.2.2.1.2.2.3.2.2.2.2.2.2.2.2.1.2.2.2.2.2",0.52785507757846,FALSE,TRUE,39
"3.2.2.2.2.1.2.3.2.2.2.2.2.2.2.2.1.2.2.2.2.2",0.457243730439772,FALSE,TRUE,39
"3.2.2.2.2.2.1.3.2.2.2.2.2.2.2.2.1.2.2.2.2.2",0.524137061084999,FALSE,TRUE,39
"3.2.2.2.2.2.2.2.2.2.2.2.2.2.2.2.1.2.2.2.2.2",0.501192781208248,FALSE,TRUE,38
"3.2.2.2.2.2.2.3.1.2.2.2.2.2.2.2.1.2.2.2.2.2",0.507691087135504,FALSE,TRUE,39
"3.2.2.2.2.2.2.3.2.1.2.2.2.2.2.2.1.2.2.2.2.2",0.536762037014822,FALSE,TRUE,39
"3.2.2.2.2.2.2.3.2.2.1.2.2.2.2.2.1.2.2.2.2.2",0.563503802385587,FALSE,TRUE,39
"3.2.2.2.2.2.2.3.2.2.2.1.2.2.2.2.1.2.2.2.2.2",0.468744285012003,FALSE,TRUE,39
"3.2.2.2.2.2.2.3.2.2.2.2.1.2.2.2.1.2.2.2.2.2",0.498639894095845,FALSE,TRUE,39
"3.2.2.2.2.2.2.3.2.2.2.2.2.1.2.2.1.2.2.2.2.2",0.523299596312507,FALSE,TRUE,38
"3.2.2.2.2.2.2.3.2.2.2.2.2.2.1.2.1.2.2.2.2.2",0.541487459147419,FALSE,TRUE,39
"3.2.2.2.2.2.2.3.2.2.2.2.2.2.2.1.1.2.2.2.2.2",0.511825724227354,FALSE,TRUE,39
"3.2.2.2.2.2.2.3.2.2.2.2.2.2.2.2.1.1.2.2.2.2",0.540672816128099,FALSE,TRUE,39
"3.2.2.2.2.2.2.3.2.2.2.2.2.2.2.2.1.2.1.2.2.2",0.491640325032357,FALSE,TRUE,39
"3.2.2.2.2.2.2.3.2.2.2.2.2.2.2.2.1.2.2.1.2.2",0.530196057048256,FALSE,TRUE,39
"3.2.2.2.2.2.2.3.2.2.2.2.2.2.2.2.1.2.2.2.1.2",0.484830564067325,FALSE,TRUE,39
"3.2.2.2.2.2.2.3.2.2.2.2.2.2.2.2.1.2.2.2.2.1",0.537784226908386,FALSE,TRUE,39
"3.1.3.2.2.2.2.2.2.2.2.2.2.2.3.2.2.2.2.2.2.1",0.434624188613346,FALSE,TRUE,40
"2.1.4.2.2.2.2.2.2.2.2.2.2.2.3.2.2.2.2.2.2.1",0.364788428047952,FALSE,TRUE,40
"2.1.3.3.2.2.2.2.2.2.2.2.2.2.3.2.2.2.2.2.2.1",0.345058127673476,FALSE,TRUE,40
"2.1.3.2.3.2.2.2.2.2.2.2.2.2.3.2.2.2.2.2.2.1",0.35265713327675,FALSE,TRUE,40
"2.1.3.2.2.3.2.2.2.2.2.2.2.2.3.2.2.2.2.2.2.1",0.464061660344445,FALSE,TRUE,40
"2.1.3.2.2.2.3.2.2.2.2.2.2.2.3.2.2.2.2.2.2.1",0.38877465831313,FALSE,TRUE,40
"2.1.3.2.2.2.2.3.2.2.2.2.2.2.3.2.2.2.2.2.2.1",0.434023728861133,FALSE,TRUE,40
"2.1.3.2.2.2.2.2.3.2.2.2.2.2.3.2.2.2.2.2.2.1",0.414483563118886,FALSE,TRUE,40
"2.1.3.2.2.2.2.2.2.2.3.2.2.2.3.2.2.2.2.2.2.1",0.336802824431082,FALSE,TRUE,40
"2.1.3.2.2.2.2.2.2.2.2.3.2.2.3.2.2.2.2.2.2.1",0.46089917663242,FALSE,TRUE,40
"2.1.3.2.2.2.2.2.2.2.2.2.3.2.3.2.2.2.2.2.2.1",0.390586458753285,FALSE,TRUE,40
"2.1.3.2.2.2.2.2.2.2.2.2.2.3.3.2.2.2.2.2.2.1",0.374505817819855,FALSE,TRUE,40
"2.1.3.2.2.2.2.2.2.2.2.2.2.2.4.2.2.2.2.2.2.1",0.375924394815315,FALSE,TRUE,40
"2.1.3.2.2.2.2.2.2.2.2.2.2.2.3.3.2.2.2.2.2.1",0.400515076170333,FALSE,TRUE,40
"2.1.3.2.2.2.2.2.2.2.2.2.2.2.3.2.3.2.2.2.2.1",0.377049059194722,FALSE,TRUE,40
"2.1.3.2.2.2.2.2.2.2.2.2.2.2.3.2.2.3.2.2.2.1",0.383093459351612,FALSE,TRUE,40
"2.1.3.2.2.2.2.2.2.2.2.2.2.2.3.2.2.2.3.2.2.1",0.416800964151793,FALSE,TRUE,40
"2.1.3.2.2.2.2.2.2.2.2.2.2.2.3.2.2.2.2.3.2.1",0.358161978590503,FALSE,TRUE,40
"2.1.3.2.2.2.2.2.2.2.2.2.2.2.3.2.2.2.2.2.3.1",0.440407822212566,FALSE,TRUE,40
"1.1.3.2.2.2.2.2.2.2.2.2.2.2.3.2.2.2.2.2.2.1",0.348928670332148,FALSE,TRUE,38
"2.1.2.2.2.2.2.2.2.2.2.2.2.2.3.2.2.2.2.2.2.1",0.407352790614418,FALSE,TRUE,39
"2.1.3.1.2.2.2.2.2.2.2.2.2.2.3.2.2.2.2.2.2.1",0.433388728807501,FALSE,TRUE,39
"2.1.3.2.1.2.2.2.2.2.2.2.2.2.3.2.2.2.2.2.2.1",0.405043148305925,FALSE,TRUE,39
"2.1.3.2.2.1.2.2.2.2.2.2.2.2.3.2.2.2.2.2.2.1",0.293391348422237,FALSE,TRUE,39
"2.1.3.2.2.2.1.2.2.2.2.2.2.2.3.2.2.2.2.2.2.1",0.393798898335567,FALSE,TRUE,39
"2.1.3.2.2.2.2.1.2.2.2.2.2.2.3.2.2.2.2.2.2.1",0.340637378820905,FALSE,TRUE,39
"2.1.3.2.2.2.2.2.1.2.2.2.2.2.3.2.2.2.2.2.2.1",0.349454800209273,FALSE,TRUE,39
"2.1.3.2.2.2.2.2.2.1.2.2.2.2.3.2.2.2.2.2.2.1",0.405197912375356,FALSE,TRUE,39
"2.1.3.2.2.2.2.2.2.2.1.2.2.2.3.2.2.2.2.2.2.1",0.431008016378249,FALSE,TRUE,39
"2.1.3.2.2.2.2.2.2.2.2.1.2.2.3.2.2.2.2.2.2.1",0.31267969842094,FALSE,TRUE,38
"2.1.3.2.2.2.2.2.2.2.2.2.1.2.3.2.2.2.2.2.2.1",0.376827257894143,FALSE,TRUE,39
"2.1.3.2.2.2.2.2.2.2.2.2.2.1.3.2.2.2.2.2.2.1",0.403135156038797,FALSE,TRUE,39
"2.1.3.2.2.2.2.2.2.2.2.2.2.2.3.1.2.2.2.2.2.1",0.378966522566204,FALSE,TRUE,39
"2.1.3.2.2.2.2.2.2.2.2.2.2.2.3.2.1.2.2.2.2.1",0.387762721991739,FALSE,TRUE,39
"2.1.3.2.2.2.2.2.2.2.2.2.2.2.3.2.2.1.2.2.2.1",0.396501057463698,FALSE,TRUE,39
"2.1.3.2.2.2.2.2.2.2.2.2.2.2.3.2.2.2.1.2.2.1",0.34840272049963,FALSE,TRUE,39
"2.1.3.2.2.2.2.2.2.2.2.2.2.2.3.2.2.2.2.1.2.1",0.406045841283943,FALSE,TRUE,39
"2.1.3.2.2.2.2.2.2.2.2.2.2.2.3.2.2.2.2.2.1.1",0.331340679430242,FALSE,TRUE,39
"4.3.2.2.2.2.2.3.2.2.2.2.2.2.2.2.1.2.2.2.2.2",0.583053732506397,FALSE,TRUE,38
"3.4.2.2.2.2.2.3.2.2.2.2.2.2.2.2.1.2.2.2.2.2",0.603364051193047,FALSE,TRUE,39
"3.3.3.2.2.2.2.3.2.2.2.2.2.2.2.2.1.2.2.2.2.2",0.566654424113729,FALSE,TRUE,38
"3.3.2.3.2.2.2.3.2.2.2.2.2.2.2.2.1.2.2.2.2.2",0.548569805686948,FALSE,TRUE,38
"3.3.2.2.3.2.2.3.2.2.2.2.2.2.2.2.1.2.2.2.2.2",0.555418472315693,FALSE,TRUE,38
"3.3.2.2.2.3.2.3.2.2.2.2.2.2.2.2.1.2.2.2.2.2",0.605818955031638,FALSE,TRUE,38
"3.3.2.2.2.2.3.3.2.2.2.2.2.2.2.2.1.2.2.2.2.2",0.559983043079098,FALSE,TRUE,38
"3.3.2.2.2.2.2.4.2.2.2.2.2.2.2.2.1.2.2.2.2.2",0.579116094699391,FALSE,TRUE,38
"3.3.2.2.2.2.2.3.3.2.2.2.2.2.2.2.1.2.2.2.2.2",0.567599565325502,FALSE,TRUE,38
"3.3.2.2.2.2.2.3.2.3.2.2.2.2.2.2.1.2.2.2.2.2",0.559256756595763,FALSE,TRUE,38
"3.3.2.2.2.2.2.3.2.2.3.2.2.2.2.2.1.2.2.2.2.2",0.523747618564983,FALSE,TRUE,38
"3.3.2.2.2.2.2.3.2.2.2.2.3.2.2.2.1.2.2.2.2.2",0.562256452519541,FALSE,TRUE,38
"3.3.2.2.2.2.2.3.2.2.2.2.2.3.2.2.1.2.2.2.2.2",0.582685034517455,FALSE,TRUE,39
"3.3.2.2.2.2.2.3.2.2.2.2.2.2.3.2.1.2.2.2.2.2",0.523815239239857,FALSE,TRUE,38
"3.3.2.2.2.2.2.3.2.2.2.2.2.2.2.3.1.2.2.2.2.2",0.573860051376862,FALSE,TRUE,38
"3.3.2.2.2.2.2.3.2.2.2.2.2.2.2.2.1.3.2.2.2.2",0.544681917529669,FALSE,TRUE,38
"3.3.2.2.2.2.2.3.2.2.2.2.2.2.2.2.1.2.3.2.2.2",0.576310128323257,FALSE,TRUE,38
"3.3.2.2.2.2.2.3.2.2.2.2.2.2.2.2.1.2.2.3.2.2",0.555991063271032,FALSE,TRUE,38
"3.3.2.2.2.2.2.3.2.2.2.2.2.2.2.2.1.2.2.2.2.3",0.539431547169218,FALSE,TRUE,38
"2.3.2.2.2.2.2.3.2.2.2.2.2.2.2.2.1.2.2.2.2.2",0.549625742166768,FALSE,TRUE,37
"3.3.1.2.2.2.2.3.2.2.2.2.2.2.2.2.1.2.2.2.2.2",0.563215152213475,FALSE,TRUE,37
"3.3.2.1.2.2.2.3.2.2.2.2.2.2.2.2.1.2.2.2.2.2",0.595580873228943,FALSE,TRUE,37
"3.3.2.2.1.2.2.3.2.2.2.2.2.2.2.2.1.2.2.2.2.2",0.557512960318696,FALSE,TRUE,37
"3.3.2.2.2.1.2.3.2.2.2.2.2.2.2.2.1.2.2.2.2.2",0.502965208520453,FALSE,TRUE,37
"3.3.2.2.2.2.1.3.2.2.2.2.2.2.2.2.1.2.2.2.2.2",0.579605220471252,FALSE,TRUE,37
"3.3.2.2.2.2.2.2.2.2.2.2.2.2.2.2.1.2.2.2.2.2",0.547432583873531,FALSE,TRUE,38
"3.3.2.2.2.2.2.3.1.2.2.2.2.2.2.2.1.2.2.2.2.2",0.548542274569525,FALSE,TRUE,37
"3.3.2.2.2.2.2.3.2.1.2.2.2.2.2.2.1.2.2.2.2.2",0.572891670914969,FALSE,TRUE,37
"3.3.2.2.2.2.2.3.2.2.1.2.2.2.2.2.1.2.2.2.2.2",0.603987554567562,FALSE,TRUE,36
"3.3.2.2.2.2.2.3.2.2.2.1.2.2.2.2.1.2.2.2.2.2",0.514674167562001,FALSE,TRUE,38
"3.3.2.2.2.2.2.3.2.2.2.2.1.2.2.2.1.2.2.2.2.2",0.557949668655991,FALSE,TRUE,37
"3.3.2.2.2.2.2.3.2.2.2.2.2.2.1.2.1.2.2.2.2.2",0.601887759233069,FALSE,TRUE,37
"3.3.2.2.2.2.2.3.2.2.2.2.2.2.2.1.1.2.2.2.2.2",0.562299814379558,FALSE,TRUE,37
"3.3.2.2.2.2.2.3.2.2.2.2.2.2.2.2.1.1.2.2.2.2",0.594083975542414,FALSE,TRUE,37
"3.3.2.2.2.2.2.3.2.2.2.2.2.2.2.2.1.2.1.2.2.2",0.538098917773313,FALSE,TRUE,37
"3.3.2.2.2.2.2.3.2.2.2.2.2.2.2.2.1.2.2.1.2.2",0.570970035328991,FALSE,TRUE,37
"3.3.2.2.2.2.2.3.2.2.2.2.2.2.2.2.1.2.2.2.1.2",0.536970919973132,FALSE,TRUE,38
"3.3.2.2.2.2.2.3.2.2.2.2.2.2.2.2.1.2.2.2.2.1",0.582522552575503,FALSE,TRUE,37
"3.2.2.2.1.2.3.2.4.2.2.2.2.2.1.1.2.2.2.2.2.2",0.508702981433006,FALSE,TRUE,39
"2.3.2.2.1.2.3.2.4.2.2.2.2.2.1.1.2.2.2.2.2.2",0.535454606332741,FALSE,TRUE,39
"2.2.3.2.1.2.3.2.4.2.2.2.2.2.1.1.2.2.2.2.2.2",0.486646491081091,FALSE,TRUE,39
"2.2.2.3.1.2.3.2.4.2.2.2.2.2.1.1.2.2.2.2.2.2",0.467387977530378,FALSE,TRUE,39
"2.2.2.2.2.2.3.2.4.2.2.2.2.2.1.1.2.2.2.2.2.2",0.465842574169175,FALSE,TRUE,40
"2.2.2.2.1.3.3.2.4.2.2.2.2.2.1.1.2.2.2.2.2.2",0.524077670933984,FALSE,TRUE,39
"2.2.2.2.1.2.4.2.4.2.2.2.2.2.1.1.2.2.2.2.2.2",0.475457055080675,FALSE,TRUE,39
"2.2.2.2.1.2.3.3.4.2.2.2.2.2.1.1.2.2.2.2.2.2",0.513956945088411,FALSE,TRUE,39
"2.2.2.2.1.2.3.2.5.2.2.2.2.2.1.1.2.2.2.2.2.2",0.475745398185564,FALSE,TRUE,40
"2.2.2.2.1.2.3.2.4.3.2.2.2.2.1.1.2.2.2.2.2.2",0.462765267591024,FALSE,TRUE,39
"2.2.2.2.1.2.3.2.4.2.3.2.2.2.1.1.2.2.2.2.2.2",0.41550623837609,FALSE,TRUE,39
"2.2.2.2.1.2.3.2.4.2.2.3.2.2.1.1.2.2.2.2.2.2",0.547872215561429,FALSE,TRUE,39
"2.2.2.2.1.2.3.2.4.2.2.2.3.2.1.1.2.2.2.2.2.2",0.479399444151874,FALSE,TRUE,39
"2.2.2.2.1.2.3.2.4.2.2.2.2.3.1.1.2.2.2.2.2.2",0.488661673059417,FALSE,TRUE,39
"2.2.2.2.1.2.3.2.4.2.2.2.2.2.2.1.2.2.2.2.2.2",0.463908372560373,FALSE,TRUE,40
"2.2.2.2.1.2.3.2.4.2.2.2.2.2.1.2.2.2.2.2.2.2",0.52607976406432,FALSE,TRUE,40
"2.2.2.2.1.2.3.2.4.2.2.2.2.2.1.1.3.2.2.2.2.2",0.48542737839316,FALSE,TRUE,39
"2.2.2.2.1.2.3.2.4.2.2.2.2.2.1.1.2.3.2.2.2.2",0.480876784054786,FALSE,TRUE,39
"2.2.2.2.1.2.3.2.4.2.2.2.2.2.1.1.2.2.3.2.2.2",0.474952611025715,FALSE,TRUE,39
"2.2.2.2.1.2.3.2.4.2.2.2.2.2.1.1.2.2.2.3.2.2",0.446076795933265,FALSE,TRUE,39
"2.2.2.2.1.2.3.2.4.2.2.2.2.2.1.1.2.2.2.2.3.2",0.496052249934959,FALSE,TRUE,39
"2.2.2.2.1.2.3.2.4.2.2.2.2.2.1.1.2.2.2.2.2.3",0.472030664672249,FALSE,TRUE,39
"1.2.2.2.1.2.3.2.4.2.2.2.2.2.1.1.2.2.2.2.2.2",0.467519226716896,FALSE,TRUE,38
"2.1.2.2.1.2.3.2.4.2.2.2.2.2.1.1.2.2.2.2.2.2",0.434514905174187,FALSE,TRUE,38
"2.2.1.2.1.2.3.2.4.2.2.2.2.2.1.1.2.2.2.2.2.2",0.483569450027145,FALSE,TRUE,38
"2.2.2.1.1.2.3.2.4.2.2.2.2.2.1.1.2.2.2.2.2.2",0.514435045574739,FALSE,TRUE,38
"2.2.2.2.1.1.3.2.4.2.2.2.2.2.1.1.2.2.2.2.2.2",0.429593152749871,FALSE,TRUE,38
"2.2.2.2.1.2.2.2.4.2.2.2.2.2.1.1.2.2.2.2.2.2",0.504817375030614,FALSE,TRUE,39
"2.2.2.2.1.2.3.1.4.2.2.2.2.2.1.1.2.2.2.2.2.2",0.452754851294965,FALSE,TRUE,38
"2.2.2.2.1.2.3.2.4.1.2.2.2.2.1.1.2.2.2.2.2.2",0.508344071863118,FALSE,TRUE,38
"2.2.2.2.1.2.3.2.4.2.1.2.2.2.1.1.2.2.2.2.2.2",0.556204661699533,FALSE,TRUE,38
"2.2.2.2.1.2.3.2.4.2.2.1.2.2.1.1.2.2.2.2.2.2",0.419448593012964,FALSE,TRUE,38
"2.2.2.2.1.2.3.2.4.2.2.2.1.2.1.1.2.2.2.2.2.2",0.485043758059076,FALSE,TRUE,38
"2.2.2.2.1.2.3.2.4.2.2.2.2.1.1.1.2.2.2.2.2.2",0.492186164926024,FALSE,TRUE,38
"2.2.2.2.1.2.3.2.4.2.2.2.2.2.1.1.1.2.2.2.2.2",0.474182199119561,FALSE,TRUE,38
"2.2.2.2.1.2.3.2.4.2.2.2.2.2.1.1.2.1.2.2.2.2",0.494172812633968,FALSE,TRUE,38
"2.2.2.2.1.2.3.2.4.2.2.2.2.2.1.1.2.2.1.2.2.2",0.478291814237466,FALSE,TRUE,38
"2.2.2.2.1.2.3.2.4.2.2.2.2.2.1.1.2.2.2.1.2.2",0.520601659066682,FALSE,TRUE,38
"2.2.2.2.1.2.3.2.4.2.2.2.2.2.1.1.2.2.2.2.1.2",0.467188986597768,FALSE,TRUE,38
"2.2.2.2.1.2.3.2.4.2.2.2.2.2.1.1.2.2.2.2.2.1",0.496487073880016,FALSE,TRUE,38
"3.2.2.1.2.2.3.2.2.2.3.2.2.2.3.2.2.2.2.2.2.2",0.415226903322157,FALSE,TRUE,40
"2.3.2.1.2.2.3.2.2.2.3.2.2.2.3.2.2.2.2.2.2.2",0.42339939018214,FALSE,TRUE,40
"2.2.3.1.2.2.3.2.2.2.3.2.2.2.3.2.2.2.2.2.2.2",0.379035893441407,FALSE,TRUE,40
"2.2.2.1.3.2.3.2.2.2.3.2.2.2.3.2.2.2.2.2.2.2",0.331965720223252,FALSE,TRUE,40
"2.2.2.1.2.3.3.2.2.2.3.2.2.2.3.2.2.2.2.2.2.2",0.413899671651746,FALSE,TRUE,39
"2.2.2.1.2.2.4.2.2.2.3.2.2.2.3.2.2.2.2.2.2.2",0.376320050250013,FALSE,TRUE,40
"2.2.2.1.2.2.3.3.2.2.3.2.2.2.3.2.2.2.2.2.2.2",0.428829739795567,FALSE,TRUE,40
"2.2.2.1.2.2.3.2.3.2.3.2.2.2.3.2.2.2.2.2.2.2",0.371547135826575,FALSE,TRUE,40
"2.2.2.1.2.2.3.2.2.3.3.2.2.2.3.2.2.2.2.2.2.2",0.37449024273476,FALSE,TRUE,40
"2.2.2.1.2.2.3.2.2.2.4.2.2.2.3.2.2.2.2.2.2.2",0.311549725808179,FALSE,TRUE,40
"2.2.2.1.2.2.3.2.2.2.3.3.2.2.3.2.2.2.2.2.2.2",0.446443981765994,FALSE,TRUE,39
"2.2.2.1.2.2.3.2.2.2.3.2.3.2.3.2.2.2.2.2.2.2",0.376438883470296,FALSE,TRUE,40
"2.2.2.1.2.2.3.2.2.2.3.2.2.3.3.2.2.2.2.2.2.2",0.398843724763923,FALSE,TRUE,40
"2.2.2.1.2.2.3.2.2.2.3.2.2.2.4.2.2.2.2.2.2.2",0.335777630355271,FALSE,TRUE,41
"2.2.2.1.2.2.3.2.2.2.3.2.2.2.3.3.2.2.2.2.2.2",0.399267577438659,FALSE,TRUE,40
"2.2.2.1.2.2.3.2.2.2.3.2.2.2.3.2.2.2.3.2.2.2",0.413395332114716,FALSE,TRUE,40
"2.2.2.1.2.2.3.2.2.2.3.2.2.2.3.2.2.2.2.3.2.2",0.368407637096248,FALSE,TRUE,40
"2.2.2.1.2.2.3.2.2.2.3.2.2.2.3.2.2.2.2.2.3.2",0.391940356827191,FALSE,TRUE,40
"2.2.2.1.2.2.3.2.2.2.3.2.2.2.3.2.2.2.2.2.2.3",0.323412036125857,FALSE,TRUE,40
"1.2.2.1.2.2.3.2.2.2.3.2.2.2.3.2.2.2.2.2.2.2",0.361626186407509,FALSE,TRUE,39
"2.1.2.1.2.2.3.2.2.2.3.2.2.2.3.2.2.2.2.2.2.2",0.335307367825429,FALSE,TRUE,39
"2.2.1.1.2.2.3.2.2.2.3.2.2.2.3.2.2.2.2.2.2.2",0.37851524850621,FALSE,TRUE,39
"2.2.2.1.1.2.3.2.2.2.3.2.2.2.3.2.2.2.2.2.2.2",0.419317065364022,FALSE,TRUE,39
"2.2.2.1.2.1.3.2.2.2.3.2.2.2.3.2.2.2.2.2.2.2",0.332120395841771,FALSE,TRUE,39
"2.2.2.1.2.2.2.2.2.2.3.2.2.2.3.2.2.2.2.2.2.2",0.39479888333091,FALSE,TRUE,40
"2.2.2.1.2.2.3.1.2.2.3.2.2.2.3.2.2.2.2.2.2.2",0.340337214918405,FALSE,TRUE,39
"2.2.2.1.2.2.3.2.1.2.3.2.2.2.3.2.2.2.2.2.2.2",0.384143867657955,FALSE,TRUE,39
"2.2.2.1.2.2.3.2.2.1.3.2.2.2.3.2.2.2.2.2.2.2",0.392395962184396,FALSE,TRUE,39
"2.2.2.1.2.2.3.2.2.2.2.2.2.2.3.2.2.2.2.2.2.2",0.455046997888234,FALSE,TRUE,39
"2.2.2.1.2.2.3.2.2.2.3.1.2.2.3.2.2.2.2.2.2.2",0.315835331454678,FALSE,TRUE,39
"2.2.2.1.2.2.3.2.2.2.3.2.1.2.3.2.2.2.2.2.2.2",0.380937929262461,FALSE,TRUE,38
"2.2.2.1.2.2.3.2.2.2.3.2.2.1.3.2.2.2.2.2.2.2",0.368512354154667,FALSE,TRUE,39
"2.2.2.1.2.2.3.2.2.2.3.2.2.2.3.1.2.2.2.2.2.2",0.367667761181189,FALSE,TRUE,39
"2.2.2.1.2.2.3.2.2.2.3.2.2.2.3.2.1.2.2.2.2.2",0.378735757490667,FALSE,TRUE,40
"2.2.2.1.2.2.3.2.2.2.3.2.2.2.3.2.2.1.2.2.2.2",0.394566526310264,FALSE,TRUE,39
"2.2.2.1.2.2.3.2.2.2.3.2.2.2.3.2.2.2.2.1.2.2",0.38346683682343,FALSE,TRUE,39
"2.2.2.1.2.2.3.2.2.2.3.2.2.2.3.2.2.2.2.2.1.2",0.366062627428551,FALSE,TRUE,39
"2.2.2.1.2.2.3.2.2.2.3.2.2.2.3.2.2.2.2.2.2.1",0.433447429100966,FALSE,TRUE,39
"4.3.2.2.2.3.3.2.2.2.3.2.2.2.2.1.2.2.2.2.2.2",0.479050902357071,FALSE,TRUE,41
"3.4.2.2.2.3.3.2.2.2.3.2.2.2.2.1.2.2.2.2.2.2",0.499166412387387,FALSE,TRUE,41
"3.3.3.2.2.3.3.2.2.2.3.2.2.2.2.1.2.2.2.2.2.2",0.458524111147245,FALSE,TRUE,41
"3.3.2.3.2.3.3.2.2.2.3.2.2.2.2.1.2.2.2.2.2.2",0.461630248732333,FALSE,TRUE,41
"3.3.2.2.3.3.3.2.2.2.3.2.2.2.2.1.2.2.2.2.2.2",0.425035353470476,FALSE,TRUE,41
"3.3.2.2.2.4.3.2.2.2.3.2.2.2.2.1.2.2.2.2.2.2",0.487321098786406,FALSE,TRUE,41
"3.3.2.2.2.3.4.2.2.2.3.2.2.2.2.1.2.2.2.2.2.2",0.453348891795834,FALSE,TRUE,41
"3.3.2.2.2.3.3.3.2.2.3.2.2.2.2.1.2.2.2.2.2.2",0.489546929422787,FALSE,TRUE,41
"3.3.2.2.2.3.3.2.3.2.3.2.2.2.2.1.2.2.2.2.2.2",0.44446836102507,FALSE,TRUE,41
"3.3.2.2.2.3.3.2.2.3.3.2.2.2.2.1.2.2.2.2.2.2",0.457495989200548,FALSE,TRUE,41
"3.3.2.2.2.3.3.2.2.2.4.2.2.2.2.1.2.2.2.2.2.2",0.388683367838766,FALSE,TRUE,41
"3.3.2.2.2.3.3.2.2.2.3.3.2.2.2.1.2.2.2.2.2.2",0.51506795000088,FALSE,TRUE,41
"3.3.2.2.2.3.3.2.2.2.3.2.3.2.2.1.2.2.2.2.2.2",0.456595072820671,FALSE,TRUE,41
"3.3.2.2.2.3.3.2.2.2.3.2.2.3.2.1.2.2.2.2.2.2",0.490705389187924,FALSE,TRUE,41
"3.3.2.2.2.3.3.2.2.2.3.2.2.2.3.1.2.2.2.2.2.2",0.427278511627029,FALSE,TRUE,41
"3.3.2.2.2.3.3.2.2.2.3.2.2.2.2.1.3.2.2.2.2.2",0.440268900097777,FALSE,TRUE,41
"3.3.2.2.2.3.3.2.2.2.3.2.2.2.2.1.2.3.2.2.2.2",0.459848385425179,FALSE,TRUE,41
"3.3.2.2.2.3.3.2.2.2.3.2.2.2.2.1.2.2.3.2.2.2",0.447388791730776,FALSE,TRUE,41
"3.3.2.2.2.3.3.2.2.2.3.2.2.2.2.1.2.2.2.3.2.2",0.438002700270474,FALSE,TRUE,41
"3.3.2.2.2.3.3.2.2.2.3.2.2.2.2.1.2.2.2.2.3.2",0.474780174285002,FALSE,TRUE,41
"3.3.2.2.2.3.3.2.2.2.3.2.2.2.2.1.2.2.2.2.2.3",0.430294418843565,FALSE,TRUE,41
"3.2.2.2.2.3.3.2.2.2.3.2.2.2.2.1.2.2.2.2.2.2",0.434287353236866,FALSE,TRUE,40
"3.3.1.2.2.3.3.2.2.2.3.2.2.2.2.1.2.2.2.2.2.2",0.475153323953522,FALSE,TRUE,40
"3.3.2.1.2.3.3.2.2.2.3.2.2.2.2.1.2.2.2.2.2.2",0.486804871387042,FALSE,TRUE,40
"3.3.2.2.1.3.3.2.2.2.3.2.2.2.2.1.2.2.2.2.2.2",0.505463142379037,FALSE,TRUE,40
"3.3.2.2.2.2.3.2.2.2.3.2.2.2.2.1.2.2.2.2.2.2",0.440011219883142,FALSE,TRUE,41
"3.3.2.2.2.3.2.2.2.2.3.2.2.2.2.1.2.2.2.2.2.2",0.493661437224424,FALSE,TRUE,41
"3.3.2.2.2.3.3.1.2.2.3.2.2.2.2.1.2.2.2.2.2.2",0.45273309588551,FALSE,TRUE,40
"3.3.2.2.2.3.3.2.1.2.3.2.2.2.2.1.2.2.2.2.2.2",0.488793606489854,FALSE,TRUE,40
"3.3.2.2.2.3.3.2.2.1.3.2.2.2.2.1.2.2.2.2.2.2",0.485639549543643,FALSE,TRUE,40
"3.3.2.2.2.3.3.2.2.2.2.2.2.2.2.1.2.2.2.2.2.2",0.559845826936605,FALSE,TRUE,41
"3.3.2.2.2.3.3.2.2.2.3.1.2.2.2.1.2.2.2.2.2.2",0.420152440725457,FALSE,TRUE,40
"3.3.2.2.2.3.3.2.2.2.3.2.1.2.2.1.2.2.2.2.2.2",0.474977275050991,FALSE,TRUE,40
"3.3.2.2.2.3.3.2.2.2.3.2.2.1.2.1.2.2.2.2.2.2",0.458488380539819,FALSE,TRUE,40
"3.3.2.2.2.3.3.2.2.2.3.2.2.2.1.1.2.2.2.2.2.2",0.504688468631864,FALSE,TRUE,40
"3.3.2.2.2.3.3.2.2.2.3.2.2.2.2.1.1.2.2.2.2.2",0.482739751007883,FALSE,TRUE,40
"3.3.2.2.2.3.3.2.2.2.3.2.2.2.2.1.2.1.2.2.2.2",0.484766154927862,FALSE,TRUE,40
"3.3.2.2.2.3.3.2.2.2.3.2.2.2.2.1.2.2.1.2.2.2",0.471319290460972,FALSE,TRUE,40
"3.3.2.2.2.3.3.2.2.2.3.2.2.2.2.1.2.2.2.1.2.2",0.495104539671097,FALSE,TRUE,40
"3.3.2.2.2.3.3.2.2.2.3.2.2.2.2.1.2.2.2.2.1.2",0.455354711643439,FALSE,TRUE,40
"3.3.2.2.2.3.3.2.2.2.3.2.2.2.2.1.2.2.2.2.2.1",0.502642744581147,FALSE,TRUE,40
"3.2.2.1.2.2.3.2.2.2.3.2.1.2.2.2.2.3.2.2.2.2",0.406470391351401,FALSE,TRUE,40
"2.3.2.1.2.2.3.2.2.2.3.2.1.2.2.2.2.3.2.2.2.2",0.452568926178146,FALSE,TRUE,40
"2.2.3.1.2.2.3.2.2.2.3.2.1.2.2.2.2.3.2.2.2.2",0.366752378933876,FALSE,TRUE,40
"2.2.2.2.2.2.3.2.2.2.3.2.1.2.2.2.2.3.2.2.2.2",0.372959525473809,FALSE,TRUE,39
"2.2.2.1.3.2.3.2.2.2.3.2.1.2.2.2.2.3.2.2.2.2",0.332162602322715,FALSE,TRUE,40
"2.2.2.1.2.3.3.2.2.2.3.2.1.2.2.2.2.3.2.2.2.2",0.407549730718689,FALSE,TRUE,40
"2.2.2.1.2.2.4.2.2.2.3.2.1.2.2.2.2.3.2.2.2.2",0.386072084666684,FALSE,TRUE,40
"2.2.2.1.2.2.3.3.2.2.3.2.1.2.2.2.2.3.2.2.2.2",0.405157570916568,FALSE,TRUE,40
"2.2.2.1.2.2.3.2.3.2.3.2.1.2.2.2.2.3.2.2.2.2",0.362192945496628,FALSE,TRUE,40
"2.2.2.1.2.2.3.2.2.3.3.2.1.2.2.2.2.3.2.2.2.2",0.361426807418663,FALSE,TRUE,40
"2.2.2.1.2.2.3.2.2.2.4.2.1.2.2.2.2.3.2.2.2.2",0.311062263253266,FALSE,TRUE,40
"2.2.2.1.2.2.3.2.2.2.3.3.1.2.2.2.2.3.2.2.2.2",0.431559576900123,FALSE,TRUE,40
"2.2.2.1.2.2.3.2.2.2.3.2.1.3.2.2.2.3.2.2.2.2",0.394754600383684,FALSE,TRUE,40
"2.2.2.1.2.2.3.2.2.2.3.2.1.2.3.2.2.3.2.2.2.2",0.354222285636834,FALSE,TRUE,39
"2.2.2.1.2.2.3.2.2.2.3.2.1.2.2.3.2.3.2.2.2.2",0.401068147358165,FALSE,TRUE,40
"2.2.2.1.2.2.3.2.2.2.3.2.1.2.2.2.3.3.2.2.2.2",0.39477862710233,FALSE,TRUE,40
"2.2.2.1.2.2.3.2.2.2.3.2.1.2.2.2.2.4.2.2.2.2",0.358937667857514,FALSE,TRUE,40
"2.2.2.1.2.2.3.2.2.2.3.2.1.2.2.2.2.3.3.2.2.2",0.383889791594184,FALSE,TRUE,40
"2.2.2.1.2.2.3.2.2.2.3.2.1.2.2.2.2.3.2.3.2.2",0.347025020069939,FALSE,TRUE,40
"2.2.2.1.2.2.3.2.2.2.3.2.1.2.2.2.2.3.2.2.3.2",0.403716436205677,FALSE,TRUE,40
"2.2.2.1.2.2.3.2.2.2.3.2.1.2.2.2.2.3.2.2.2.3",0.341359405043881,FALSE,TRUE,40
"1.2.2.1.2.2.3.2.2.2.3.2.1.2.2.2.2.3.2.2.2.2",0.381907559331539,FALSE,TRUE,39
"2.1.2.1.2.2.3.2.2.2.3.2.1.2.2.2.2.3.2.2.2.2",0.315386278169993,FALSE,TRUE,38
"2.2.1.1.2.2.3.2.2.2.3.2.1.2.2.2.2.3.2.2.2.2",0.401592825129068,FALSE,TRUE,39
"2.2.2.1.1.2.3.2.2.2.3.2.1.2.2.2.2.3.2.2.2.2",0.425688175064942,FALSE,TRUE,39
"2.2.2.1.2.1.3.2.2.2.3.2.1.2.2.2.2.3.2.2.2.2",0.345356612492028,FALSE,TRUE,39
"2.2.2.1.2.2.2.2.2.2.3.2.1.2.2.2.2.3.2.2.2.2",0.393260775335485,FALSE,TRUE,40
"2.2.2.1.2.2.3.1.2.2.3.2.1.2.2.2.2.3.2.2.2.2",0.374005071059831,FALSE,TRUE,39
"2.2.2.1.2.2.3.2.1.2.3.2.1.2.2.2.2.3.2.2.2.2",0.400199521180262,FALSE,TRUE,39
"2.2.2.1.2.2.3.2.2.1.3.2.1.2.2.2.2.3.2.2.2.2",0.414147527685966,FALSE,TRUE,39
"2.2.2.1.2.2.3.2.2.2.2.2.1.2.2.2.2.3.2.2.2.2",0.463426282400473,FALSE,TRUE,40
"2.2.2.1.2.2.3.2.2.2.3.1.1.2.2.2.2.3.2.2.2.2",0.341324105823466,FALSE,TRUE,39
"2.2.2.1.2.2.3.2.2.2.3.2.1.1.2.2.2.3.2.2.2.2",0.381542880068056,FALSE,TRUE,39
"2.2.2.1.2.2.3.2.2.2.3.2.1.2.1.2.2.3.2.2.2.2",0.414382129188407,FALSE,TRUE,38
"2.2.2.1.2.2.3.2.2.2.3.2.1.2.2.1.2.3.2.2.2.2",0.374013091013,FALSE,TRUE,39
"2.2.2.1.2.2.3.2.2.2.3.2.1.2.2.2.1.3.2.2.2.2",0.367230130537844,FALSE,TRUE,39
"2.2.2.1.2.2.3.2.2.2.3.2.1.2.2.2.2.3.1.2.2.2",0.374379317586783,FALSE,TRUE,38
"2.2.2.1.2.2.3.2.2.2.3.2.1.2.2.2.2.3.2.1.2.2",0.413746452861948,FALSE,TRUE,39
"2.2.2.1.2.2.3.2.2.2.3.2.1.2.2.2.2.3.2.2.1.2",0.361467363040301,FALSE,TRUE,39
"2.2.2.1.2.2.3.2.2.2.3.2.1.2.2.2.2.3.2.2.2.1",0.424846045090929,FALSE,TRUE,39
"3.1.2.2.2.2.2.2.2.2.2.2.2.2.2.2.1.2.2.2.2.2",0.437072641468795,FALSE,TRUE,38
"2.1.2.3.2.2.2.2.2.2.2.2.2.2.2.2.1.2.2.2.2.2",0.365395334906317,FALSE,TRUE,40
"2.1.2.2.3.2.2.2.2.2.2.2.2.2.2.2.1.2.2.2.2.2",0.371348948677645,FALSE,TRUE,40
"2.1.2.2.2.3.2.2.2.2.2.2.2.2.2.2.1.2.2.2.2.2",0.468956065534668,FALSE,TRUE,40
"2.1.2.2.2.2.3.2.2.2.2.2.2.2.2.2.1.2.2.2.2.2",0.392419027735081,FALSE,TRUE,39
"2.1.2.2.2.2.2.3.2.2.2.2.2.2.2.2.1.2.2.2.2.2",0.429715359729416,FALSE,TRUE,38
"2.1.2.2.2.2.2.2.3.2.2.2.2.2.2.2.1.2.2.2.2.2",0.414847658985872,FALSE,TRUE,40
"2.1.2.2.2.2.2.2.2.3.2.2.2.2.2.2.1.2.2.2.2.2",0.37632202097664,FALSE,TRUE,39
"2.1.2.2.2.2.2.2.2.2.3.2.2.2.2.2.1.2.2.2.2.2",0.33978331839802,FALSE,TRUE,40
"2.1.2.2.2.2.2.2.2.2.2.3.2.2.2.2.1.2.2.2.2.2",0.47152450188008,FALSE,TRUE,40
"2.1.2.2.2.2.2.2.2.2.2.2.3.2.2.2.1.2.2.2.2.2",0.401992302984044,FALSE,TRUE,40
"2.1.2.2.2.2.2.2.2.2.2.2.2.3.2.2.1.2.2.2.2.2",0.401607247689723,FALSE,TRUE,40
"2.1.2.2.2.2.2.2.2.2.2.2.2.2.3.2.1.2.2.2.2.2",0.366509672834502,FALSE,TRUE,39
"2.1.2.2.2.2.2.2.2.2.2.2.2.2.2.3.1.2.2.2.2.2",0.413149768760315,FALSE,TRUE,40
"2.1.2.2.2.2.2.2.2.2.2.2.2.2.2.2.1.3.2.2.2.2",0.371873161499176,FALSE,TRUE,40
"2.1.2.2.2.2.2.2.2.2.2.2.2.2.2.2.1.2.3.2.2.2",0.420555887116856,FALSE,TRUE,40
"2.1.2.2.2.2.2.2.2.2.2.2.2.2.2.2.1.2.2.3.2.2",0.375173098957614,FALSE,TRUE,40
"2.1.2.2.2.2.2.2.2.2.2.2.2.2.2.2.1.2.2.2.3.2",0.444656447912734,FALSE,TRUE,40
"2.1.2.2.2.2.2.2.2.2.2.2.2.2.2.2.1.2.2.2.2.3",0.374232057059262,FALSE,TRUE,40
"1.1.2.2.2.2.2.2.2.2.2.2.2.2.2.2.1.2.2.2.2.2",0.369584919540346,FALSE,TRUE,38
"2.1.1.2.2.2.2.2.2.2.2.2.2.2.2.2.1.2.2.2.2.2",0.407426964196286,FALSE,TRUE,39
"2.1.2.1.2.2.2.2.2.2.2.2.2.2.2.2.1.2.2.2.2.2",0.43492035212818,FALSE,TRUE,39
"2.1.2.2.1.2.2.2.2.2.2.2.2.2.2.2.1.2.2.2.2.2",0.409055466334309,FALSE,TRUE,39
"2.1.2.2.2.1.2.2.2.2.2.2.2.2.2.2.1.2.2.2.2.2",0.310052874586891,FALSE,TRUE,39
"2.1.2.2.2.2.1.2.2.2.2.2.2.2.2.2.1.2.2.2.2.2",0.414049536032327,FALSE,TRUE,39
"2.1.2.2.2.2.2.1.2.2.2.2.2.2.2.2.1.2.2.2.2.2",0.362943280650628,FALSE,TRUE,39
"2.1.2.2.2.2.2.2.1.2.2.2.2.2.2.2.1.2.2.2.2.2",0.368236001414506,FALSE,TRUE,39
"2.1.2.2.2.2.2.2.2.1.2.2.2.2.2.2.1.2.2.2.2.2",0.418647437376443,FALSE,TRUE,39
"2.1.2.2.2.2.2.2.2.2.1.2.2.2.2.2.1.2.2.2.2.2",0.448959244504146,FALSE,TRUE,39
"2.1.2.2.2.2.2.2.2.2.2.1.2.2.2.2.1.2.2.2.2.2",0.324177211225614,FALSE,TRUE,39
"2.1.2.2.2.2.2.2.2.2.2.2.1.2.2.2.1.2.2.2.2.2",0.390155661714103,FALSE,TRUE,39
"2.1.2.2.2.2.2.2.2.2.2.2.2.1.2.2.1.2.2.2.2.2",0.395454641119118,FALSE,TRUE,39
"2.1.2.2.2.2.2.2.2.2.2.2.2.2.1.2.1.2.2.2.2.2",0.428798334823373,FALSE,TRUE,39
"2.1.2.2.2.2.2.2.2.2.2.2.2.2.2.1.1.2.2.2.2.2",0.388979749645319,FALSE,TRUE,39
"2.1.2.2.2.2.2.2.2.2.2.2.2.2.2.2.1.1.2.2.2.2",0.425962903070168,FALSE,TRUE,39
"2.1.2.2.2.2.2.2.2.2.2.2.2.2.2.2.1.2.1.2.2.2",0.36566333875783,FALSE,TRUE,39
"2.1.2.2.2.2.2.2.2.2.2.2.2.2.2.2.1.2.2.1.2.2",0.41097618224908,FALSE,TRUE,39
"2.1.2.2.2.2.2.2.2.2.2.2.2.2.2.2.1.2.2.2.1.2",0.349589332258415,FALSE,TRUE,39
"2.1.2.2.2.2.2.2.2.2.2.2.2.2.2.2.1.2.2.2.2.1",0.421418933950091,FALSE,TRUE,39
"3.1.3.2.2.2.1.2.2.2.2.2.2.2.3.2.2.2.2.2.2.2",0.400828284007747,FALSE,TRUE,40
"2.1.4.2.2.2.1.2.2.2.2.2.2.2.3.2.2.2.2.2.2.2",0.349927849882708,FALSE,TRUE,40
"2.1.3.3.2.2.1.2.2.2.2.2.2.2.3.2.2.2.2.2.2.2",0.329882257323154,FALSE,TRUE,40
"2.1.3.2.3.2.1.2.2.2.2.2.2.2.3.2.2.2.2.2.2.2",0.331062504116588,FALSE,TRUE,40
"2.1.3.2.2.3.1.2.2.2.2.2.2.2.3.2.2.2.2.2.2.2",0.421813998208139,FALSE,TRUE,40
"2.1.3.2.2.2.1.3.2.2.2.2.2.2.3.2.2.2.2.2.2.2",0.387283858321715,FALSE,TRUE,40
"2.1.3.2.2.2.1.2.3.2.2.2.2.2.3.2.2.2.2.2.2.2",0.376301969340047,FALSE,TRUE,40
"2.1.3.2.2.2.1.2.2.2.3.2.2.2.3.2.2.2.2.2.2.2",0.302161137864262,FALSE,TRUE,40
"2.1.3.2.2.2.1.2.2.2.2.3.2.2.3.2.2.2.2.2.2.2",0.437133136348083,FALSE,TRUE,40
"2.1.3.2.2.2.1.2.2.2.2.2.3.2.3.2.2.2.2.2.2.2",0.372843770392492,FALSE,TRUE,40
"2.1.3.2.2.2.1.2.2.2.2.2.2.3.3.2.2.2.2.2.2.2",0.363850303041538,FALSE,TRUE,40
"2.1.3.2.2.2.1.2.2.2.2.2.2.2.4.2.2.2.2.2.2.2",0.324683594762433,FALSE,TRUE,40
"2.1.3.2.2.2.1.2.2.2.2.2.2.2.3.3.2.2.2.2.2.2",0.372357942907282,FALSE,TRUE,40
"2.1.3.2.2.2.1.2.2.2.2.2.2.2.3.2.3.2.2.2.2.2",0.350471458852277,FALSE,TRUE,40
"2.1.3.2.2.2.1.2.2.2.2.2.2.2.3.2.2.3.2.2.2.2",0.344059275830363,FALSE,TRUE,40
"2.1.3.2.2.2.1.2.2.2.2.2.2.2.3.2.2.2.3.2.2.2",0.380272375189388,FALSE,TRUE,40
"2.1.3.2.2.2.1.2.2.2.2.2.2.2.3.2.2.2.2.3.2.2",0.337215527198356,FALSE,TRUE,40
"2.1.3.2.2.2.1.2.2.2.2.2.2.2.3.2.2.2.2.2.3.2",0.405839799632196,FALSE,TRUE,40
"2.1.3.2.2.2.1.2.2.2.2.2.2.2.3.2.2.2.2.2.2.3",0.326301007451165,FALSE,TRUE,40
"1.1.3.2.2.2.1.2.2.2.2.2.2.2.3.2.2.2.2.2.2.2",0.336943003905368,FALSE,TRUE,38
"2.1.2.2.2.2.1.2.2.2.2.2.2.2.3.2.2.2.2.2.2.2",0.37712402983255,FALSE,TRUE,39
"2.1.3.1.2.2.1.2.2.2.2.2.2.2.3.2.2.2.2.2.2.2",0.401417388892323,FALSE,TRUE,39
"2.1.3.2.1.2.1.2.2.2.2.2.2.2.3.2.2.2.2.2.2.2",0.380349880606756,FALSE,TRUE,39
"2.1.3.2.2.1.1.2.2.2.2.2.2.2.3.2.2.2.2.2.2.2",0.284762039384959,FALSE,TRUE,39
"2.1.3.2.2.2.1.1.2.2.2.2.2.2.3.2.2.2.2.2.2.2",0.338504409329796,FALSE,TRUE,39
"2.1.3.2.2.2.1.2.1.2.2.2.2.2.3.2.2.2.2.2.2.2",0.340087149520961,FALSE,TRUE,39
"2.1.3.2.2.2.1.2.2.1.2.2.2.2.3.2.2.2.2.2.2.2",0.38722643545476,FALSE,TRUE,39
"2.1.3.2.2.2.1.2.2.2.1.2.2.2.3.2.2.2.2.2.2.2",0.4182565895542,FALSE,TRUE,39
"2.1.3.2.2.2.1.2.2.2.2.1.2.2.3.2.2.2.2.2.2.2",0.293035459470759,FALSE,TRUE,38
"2.1.3.2.2.2.1.2.2.2.2.2.1.2.3.2.2.2.2.2.2.2",0.349741060696703,FALSE,TRUE,39
"2.1.3.2.2.2.1.2.2.2.2.2.2.1.3.2.2.2.2.2.2.2",0.366406285709418,FALSE,TRUE,39
"2.1.3.2.2.2.1.2.2.2.2.2.2.2.3.1.2.2.2.2.2.2",0.358945506598682,FALSE,TRUE,39
"2.1.3.2.2.2.1.2.2.2.2.2.2.2.3.2.1.2.2.2.2.2",0.368249625186165,FALSE,TRUE,39
"2.1.3.2.2.2.1.2.2.2.2.2.2.2.3.2.2.1.2.2.2.2",0.384892316553023,FALSE,TRUE,39
"2.1.3.2.2.2.1.2.2.2.2.2.2.2.3.2.2.2.1.2.2.2",0.336326056924765,FALSE,TRUE,39
"2.1.3.2.2.2.1.2.2.2.2.2.2.2.3.2.2.2.2.1.2.2",0.377287751021226,FALSE,TRUE,39
"2.1.3.2.2.2.1.2.2.2.2.2.2.2.3.2.2.2.2.2.1.2",0.318002650165432,FALSE,TRUE,39
"3.2.2.2.2.2.3.2.2.2.3.2.2.2.1.2.2.3.2.2.2.2",0.413710204604439,FALSE,TRUE,41
"2.3.2.2.2.2.3.2.2.2.3.2.2.2.1.2.2.3.2.2.2.2",0.453924313586433,FALSE,TRUE,41
"2.2.3.2.2.2.3.2.2.2.3.2.2.2.1.2.2.3.2.2.2.2",0.357622803662789,FALSE,TRUE,41
"2.2.2.3.2.2.3.2.2.2.3.2.2.2.1.2.2.3.2.2.2.2",0.36546922992006,FALSE,TRUE,41
"2.2.2.2.3.2.3.2.2.2.3.2.2.2.1.2.2.3.2.2.2.2",0.342786134081923,FALSE,TRUE,41
"2.2.2.2.2.3.3.2.2.2.3.2.2.2.1.2.2.3.2.2.2.2",0.451436409292154,FALSE,TRUE,40
"2.2.2.2.2.2.4.2.2.2.3.2.2.2.1.2.2.3.2.2.2.2",0.368330309311712,FALSE,TRUE,41
"2.2.2.2.2.2.3.3.2.2.3.2.2.2.1.2.2.3.2.2.2.2",0.431177998050729,FALSE,TRUE,41
"2.2.2.2.2.2.3.2.3.2.3.2.2.2.1.2.2.3.2.2.2.2",0.400950020573811,FALSE,TRUE,41
"2.2.2.2.2.2.3.2.2.3.3.2.2.2.1.2.2.3.2.2.2.2",0.363182513478438,FALSE,TRUE,41
"2.2.2.2.2.2.3.2.2.2.4.2.2.2.1.2.2.3.2.2.2.2",0.327799054971256,FALSE,TRUE,41
"2.2.2.2.2.2.3.2.2.2.3.3.2.2.1.2.2.3.2.2.2.2",0.456821543739853,FALSE,TRUE,41
"2.2.2.2.2.2.3.2.2.2.3.2.3.2.1.2.2.3.2.2.2.2",0.377258612393004,FALSE,TRUE,41
"2.2.2.2.2.2.3.2.2.2.3.2.2.3.1.2.2.3.2.2.2.2",0.389671422816104,FALSE,TRUE,41
"2.2.2.2.2.2.3.2.2.2.3.2.2.2.1.3.2.3.2.2.2.2",0.407196155195372,FALSE,TRUE,41
"2.2.2.2.2.2.3.2.2.2.3.2.2.2.1.2.3.3.2.2.2.2",0.378442896485537,FALSE,TRUE,40
"2.2.2.2.2.2.3.2.2.2.3.2.2.2.1.2.2.4.2.2.2.2",0.375932536604776,FALSE,TRUE,42
"2.2.2.2.2.2.3.2.2.2.3.2.2.2.1.2.2.3.3.2.2.2",0.395327290125701,FALSE,TRUE,41
"2.2.2.2.2.2.3.2.2.2.3.2.2.2.1.2.2.3.2.3.2.2",0.349586654886964,FALSE,TRUE,41
"2.2.2.2.2.2.3.2.2.2.3.2.2.2.1.2.2.3.2.2.3.2",0.437901615579594,FALSE,TRUE,41
"2.2.2.2.2.2.3.2.2.2.3.2.2.2.1.2.2.3.2.2.2.3",0.371623378065344,FALSE,TRUE,41
"1.2.2.2.2.2.3.2.2.2.3.2.2.2.1.2.2.3.2.2.2.2",0.381394162328726,FALSE,TRUE,40
"2.1.2.2.2.2.3.2.2.2.3.2.2.2.1.2.2.3.2.2.2.2",0.324312961453779,FALSE,TRUE,40
"2.2.1.2.2.2.3.2.2.2.3.2.2.2.1.2.2.3.2.2.2.2",0.418923975196776,FALSE,TRUE,40
"2.2.2.2.1.2.3.2.2.2.3.2.2.2.1.2.2.3.2.2.2.2",0.424661457412622,FALSE,TRUE,39
"2.2.2.2.2.1.3.2.2.2.3.2.2.2.1.2.2.3.2.2.2.2",0.31515259885255,FALSE,TRUE,40
"2.2.2.2.2.2.2.2.2.2.3.2.2.2.1.2.2.3.2.2.2.2",0.419057255993894,FALSE,TRUE,41
"2.2.2.2.2.2.3.1.2.2.3.2.2.2.1.2.2.3.2.2.2.2",0.356570152975447,FALSE,TRUE,40
"2.2.2.2.2.2.3.2.1.2.3.2.2.2.1.2.2.3.2.2.2.2",0.374344070888024,FALSE,TRUE,40
"2.2.2.2.2.2.3.2.2.1.3.2.2.2.1.2.2.3.2.2.2.2",0.422358336336395,FALSE,TRUE,40
"2.2.2.2.2.2.3.2.2.2.3.1.2.2.1.2.2.3.2.2.2.2",0.324600856846104,FALSE,TRUE,40
"2.2.2.2.2.2.3.2.2.2.3.2.1.2.1.2.2.3.2.2.2.2",0.396726779241402,FALSE,TRUE,38
"2.2.2.2.2.2.3.2.2.2.3.2.2.1.1.2.2.3.2.2.2.2",0.397379365655921,FALSE,TRUE,40
"2.2.2.2.2.2.3.2.2.2.3.2.2.2.1.1.2.3.2.2.2.2",0.380691891802876,FALSE,TRUE,40
"2.2.2.2.2.2.3.2.2.2.3.2.2.2.1.2.1.3.2.2.2.2",0.393303858772704,FALSE,TRUE,40
"2.2.2.2.2.2.3.2.2.2.3.2.2.2.1.2.2.3.1.2.2.2",0.372099274192991,FALSE,TRUE,40
"2.2.2.2.2.2.3.2.2.2.3.2.2.2.1.2.2.3.2.1.2.2",0.4237687092387,FALSE,TRUE,40
"2.2.2.2.2.2.3.2.2.2.3.2.2.2.1.2.2.3.2.2.1.2",0.339209851616295,FALSE,TRUE,40
"2.2.2.2.2.2.3.2.2.2.3.2.2.2.1.2.2.3.2.2.2.1",0.405882959898591,FALSE,TRUE,40
"4.3.2.2.2.2.2.3.2.2.2.3.2.2.2.2.1.2.2.2.2.2",0.602348248610679,FALSE,TRUE,41
"3.4.2.2.2.2.2.3.2.2.2.3.2.2.2.2.1.2.2.2.2.2",0.640207796616728,FALSE,TRUE,41
"3.3.3.2.2.2.2.3.2.2.2.3.2.2.2.2.1.2.2.2.2.2",0.5994386929279,FALSE,TRUE,41
"3.3.2.3.2.2.2.3.2.2.2.3.2.2.2.2.1.2.2.2.2.2",0.603178234072616,FALSE,TRUE,41
"3.3.2.2.3.2.2.3.2.2.2.3.2.2.2.2.1.2.2.2.2.2",0.591105269346901,FALSE,TRUE,41
"3.3.2.2.2.3.2.3.2.2.2.3.2.2.2.2.1.2.2.2.2.2",0.619664789303267,FALSE,TRUE,41
"3.3.2.2.2.2.3.3.2.2.2.3.2.2.2.2.1.2.2.2.2.2",0.592854873422193,FALSE,TRUE,41
"3.3.2.2.2.2.2.4.2.2.2.3.2.2.2.2.1.2.2.2.2.2",0.591558396932983,FALSE,TRUE,41
"3.3.2.2.2.2.2.3.3.2.2.3.2.2.2.2.1.2.2.2.2.2",0.59080568599285,FALSE,TRUE,41
"3.3.2.2.2.2.2.3.2.3.2.3.2.2.2.2.1.2.2.2.2.2",0.588091664938341,FALSE,TRUE,41
"3.3.2.2.2.2.2.3.2.2.3.3.2.2.2.2.1.2.2.2.2.2",0.564150693576427,FALSE,TRUE,41
"3.3.2.2.2.2.2.3.2.2.2.4.2.2.2.2.1.2.2.2.2.2",0.625063280362808,FALSE,TRUE,42
"3.3.2.2.2.2.2.3.2.2.2.3.3.2.2.2.1.2.2.2.2.2",0.601718758635366,FALSE,TRUE,41
"3.3.2.2.2.2.2.3.2.2.2.3.2.3.2.2.1.2.2.2.2.2",0.623172282471662,FALSE,TRUE,41
"3.3.2.2.2.2.2.3.2.2.2.3.2.2.3.2.1.2.2.2.2.2",0.563705285746839,FALSE,TRUE,41
"3.3.2.2.2.2.2.3.2.2.2.3.2.2.2.3.1.2.2.2.2.2",0.607879575017256,FALSE,TRUE,41
"3.3.2.2.2.2.2.3.2.2.2.3.2.2.2.2.2.2.2.2.2.2",0.610906900585601,FALSE,TRUE,41
"3.3.2.2.2.2.2.3.2.2.2.3.2.2.2.2.1.3.2.2.2.2",0.573120773207183,FALSE,TRUE,41
"3.3.2.2.2.2.2.3.2.2.2.3.2.2.2.2.1.2.3.2.2.2",0.587774325075089,FALSE,TRUE,41
"3.3.2.2.2.2.2.3.2.2.2.3.2.2.2.2.1.2.2.3.2.2",0.591106721620504,FALSE,TRUE,41
"3.3.2.2.2.2.2.3.2.2.2.3.2.2.2.2.1.2.2.2.3.2",0.612303536981147,FALSE,TRUE,40
"3.3.2.2.2.2.2.3.2.2.2.3.2.2.2.2.1.2.2.2.2.3",0.58527371609931,FALSE,TRUE,41
"2.3.2.2.2.2.2.3.2.2.2.3.2.2.2.2.1.2.2.2.2.2",0.599220461117965,FALSE,TRUE,39
"3.3.1.2.2.2.2.3.2.2.2.3.2.2.2.2.1.2.2.2.2.2",0.602532766730608,FALSE,TRUE,40
"3.3.2.1.2.2.2.3.2.2.2.3.2.2.2.2.1.2.2.2.2.2",0.615203593760475,FALSE,TRUE,40
"3.3.2.2.1.2.2.3.2.2.2.3.2.2.2.2.1.2.2.2.2.2",0.593124120236237,FALSE,TRUE,40
"3.3.2.2.2.1.2.3.2.2.2.3.2.2.2.2.1.2.2.2.2.2",0.561018454787822,FALSE,TRUE,40
"3.3.2.2.2.2.1.3.2.2.2.3.2.2.2.2.1.2.2.2.2.2",0.617542343681155,FALSE,TRUE,40
"3.3.2.2.2.2.2.2.2.2.2.3.2.2.2.2.1.2.2.2.2.2",0.60520407375491,FALSE,TRUE,41
"3.3.2.2.2.2.2.3.1.2.2.3.2.2.2.2.1.2.2.2.2.2",0.597287926410012,FALSE,TRUE,40
"3.3.2.2.2.2.2.3.2.1.2.3.2.2.2.2.1.2.2.2.2.2",0.615680376128677,FALSE,TRUE,40
"3.3.2.2.2.2.2.3.2.2.1.3.2.2.2.2.1.2.2.2.2.2",0.63643593722162,FALSE,TRUE,40
"3.3.2.2.2.2.2.3.2.2.2.3.1.2.2.2.1.2.2.2.2.2",0.588791948147665,FALSE,TRUE,40
"3.3.2.2.2.2.2.3.2.2.2.3.2.1.2.2.1.2.2.2.2.2",0.596254079166369,FALSE,TRUE,39
"3.3.2.2.2.2.2.3.2.2.2.3.2.2.1.2.1.2.2.2.2.2",0.633201198905246,FALSE,TRUE,40
"3.3.2.2.2.2.2.3.2.2.2.3.2.2.2.1.1.2.2.2.2.2",0.600431707779875,FALSE,TRUE,40
"3.3.2.2.2.2.2.3.2.2.2.3.2.2.2.2.1.1.2.2.2.2",0.638141050674126,FALSE,TRUE,40
"3.3.2.2.2.2.2.3.2.2.2.3.2.2.2.2.1.2.1.2.2.2",0.596396355029476,FALSE,TRUE,40
"3.3.2.2.2.2.2.3.2.2.2.3.2.2.2.2.1.2.2.1.2.2",0.609886973452735,FALSE,TRUE,40
"3.3.2.2.2.2.2.3.2.2.2.3.2.2.2.2.1.2.2.2.1.2",0.577308927889855,FALSE,TRUE,40
"3.3.2.2.2.2.2.3.2.2.2.3.2.2.2.2.1.2.2.2.2.1",0.607885093007071,FALSE,TRUE,40
"1.3.2.2.2.2.3.2.2.2.2.2.2.2.2.2.2.2.2.2.2.2",0.464233720799037,FALSE,TRUE,41
"1.2.3.2.2.2.3.2.2.2.2.2.2.2.2.2.2.2.2.2.2.2",0.405708060059532,FALSE,TRUE,39
"1.2.2.3.2.2.3.2.2.2.2.2.2.2.2.2.2.2.2.2.2.2",0.366546465918734,FALSE,TRUE,41
"1.2.2.2.3.2.3.2.2.2.2.2.2.2.2.2.2.2.2.2.2.2",0.399208679168392,FALSE,TRUE,41
"1.2.2.2.2.3.3.2.2.2.2.2.2.2.2.2.2.2.2.2.2.2",0.498500448613493,FALSE,TRUE,40
"1.2.2.2.2.2.4.2.2.2.2.2.2.2.2.2.2.2.2.2.2.2",0.389411891710441,FALSE,TRUE,41
"1.2.2.2.2.2.3.3.2.2.2.2.2.2.2.2.2.2.2.2.2.2",0.45805576920869,FALSE,TRUE,40
"1.2.2.2.2.2.3.2.3.2.2.2.2.2.2.2.2.2.2.2.2.2",0.444590054517224,FALSE,TRUE,41
"1.2.2.2.2.2.3.2.2.3.2.2.2.2.2.2.2.2.2.2.2.2",0.394388284272043,FALSE,TRUE,41
"1.2.2.2.2.2.3.2.2.2.2.3.2.2.2.2.2.2.2.2.2.2",0.501153006383155,FALSE,TRUE,41
"1.2.2.2.2.2.3.2.2.2.2.2.3.2.2.2.2.2.2.2.2.2",0.383555015354836,FALSE,TRUE,41
"1.2.2.2.2.2.3.2.2.2.2.2.2.3.2.2.2.2.2.2.2.2",0.41292880478543,FALSE,TRUE,41
"1.2.2.2.2.2.3.2.2.2.2.2.2.2.3.2.2.2.2.2.2.2",0.376294120326184,FALSE,TRUE,41
"1.2.2.2.2.2.3.2.2.2.2.2.2.2.2.3.2.2.2.2.2.2",0.422977447493008,FALSE,TRUE,41
"1.2.2.2.2.2.3.2.2.2.2.2.2.2.2.2.3.2.2.2.2.2",0.401598397434034,FALSE,TRUE,40
"1.2.2.2.2.2.3.2.2.2.2.2.2.2.2.2.2.3.2.2.2.2",0.404456607848865,FALSE,TRUE,41
"1.2.2.2.2.2.3.2.2.2.2.2.2.2.2.2.2.2.3.2.2.2",0.450368065365943,FALSE,TRUE,41
"1.2.2.2.2.2.3.2.2.2.2.2.2.2.2.2.2.2.2.3.2.2",0.400408812139506,FALSE,TRUE,41
"1.2.2.2.2.2.3.2.2.2.2.2.2.2.2.2.2.2.2.2.3.2",0.458271823387123,FALSE,TRUE,41
"1.2.2.2.2.2.3.2.2.2.2.2.2.2.2.2.2.2.2.2.2.3",0.391318863720558,FALSE,TRUE,41
"1.1.2.2.2.2.3.2.2.2.2.2.2.2.2.2.2.2.2.2.2.2",0.356017107555366,FALSE,TRUE,38
"1.2.1.2.2.2.3.2.2.2.2.2.2.2.2.2.2.2.2.2.2.2",0.413600761042637,FALSE,TRUE,40
"1.2.2.1.2.2.3.2.2.2.2.2.2.2.2.2.2.2.2.2.2.2",0.459239964709033,FALSE,TRUE,39
"1.2.2.2.1.2.3.2.2.2.2.2.2.2.2.2.2.2.2.2.2.2",0.406857789681247,FALSE,TRUE,39
"1.2.2.2.2.1.3.2.2.2.2.2.2.2.2.2.2.2.2.2.2.2",0.309038846575184,FALSE,TRUE,40
"1.2.2.2.2.2.3.1.2.2.2.2.2.2.2.2.2.2.2.2.2.2",0.367386600212452,FALSE,TRUE,40
"1.2.2.2.2.2.3.2.1.2.2.2.2.2.2.2.2.2.2.2.2.2",0.369742489394345,FALSE,TRUE,40
"1.2.2.2.2.2.3.2.2.1.2.2.2.2.2.2.2.2.2.2.2.2",0.429775594603157,FALSE,TRUE,40
"1.2.2.2.2.2.3.2.2.2.1.2.2.2.2.2.2.2.2.2.2.2",0.448729883657136,FALSE,TRUE,40
"1.2.2.2.2.2.3.2.2.2.2.1.2.2.2.2.2.2.2.2.2.2",0.322874685980309,FALSE,TRUE,40
"1.2.2.2.2.2.3.2.2.2.2.2.1.2.2.2.2.2.2.2.2.2",0.431690961446173,FALSE,TRUE,40
"1.2.2.2.2.2.3.2.2.2.2.2.2.1.2.2.2.2.2.2.2.2",0.41172264778713,FALSE,TRUE,40
"1.2.2.2.2.2.3.2.2.2.2.2.2.2.2.1.2.2.2.2.2.2",0.40598054605708,FALSE,TRUE,40
"1.2.2.2.2.2.3.2.2.2.2.2.2.2.2.2.1.2.2.2.2.2",0.415559870993617,FALSE,TRUE,40
"1.2.2.2.2.2.3.2.2.2.2.2.2.2.2.2.2.1.2.2.2.2",0.420547400434967,FALSE,TRUE,40
"1.2.2.2.2.2.3.2.2.2.2.2.2.2.2.2.2.2.1.2.2.2",0.358838855533976,FALSE,TRUE,40
"1.2.2.2.2.2.3.2.2.2.2.2.2.2.2.2.2.2.2.1.2.2",0.412142270992743,FALSE,TRUE,40
"1.2.2.2.2.2.3.2.2.2.2.2.2.2.2.2.2.2.2.2.1.2",0.361536016532793,FALSE,TRUE,40
"1.2.2.2.2.2.3.2.2.2.2.2.2.2.2.2.2.2.2.2.2.1",0.429322060206618,FALSE,TRUE,40
"3.2.2.2.1.2.3.2.3.2.2.2.1.2.1.1.2.2.2.2.2.2",0.51700768360454,FALSE,TRUE,38
"2.3.2.2.1.2.3.2.3.2.2.2.1.2.1.1.2.2.2.2.2.2",0.537322948482617,FALSE,TRUE,38
"2.2.3.2.1.2.3.2.3.2.2.2.1.2.1.1.2.2.2.2.2.2",0.47986583757848,FALSE,TRUE,38
"2.2.2.3.1.2.3.2.3.2.2.2.1.2.1.1.2.2.2.2.2.2",0.456448521984415,FALSE,TRUE,38
"2.2.2.2.2.2.3.2.3.2.2.2.1.2.1.1.2.2.2.2.2.2",0.471182642241966,FALSE,TRUE,39
"2.2.2.2.1.3.3.2.3.2.2.2.1.2.1.1.2.2.2.2.2.2",0.536865167653452,FALSE,TRUE,38
"2.2.2.2.1.2.4.2.3.2.2.2.1.2.1.1.2.2.2.2.2.2",0.478624979920416,FALSE,TRUE,38
"2.2.2.2.1.2.3.3.3.2.2.2.1.2.1.1.2.2.2.2.2.2",0.506691284179264,FALSE,TRUE,38
"2.2.2.2.1.2.3.2.3.3.2.2.1.2.1.1.2.2.2.2.2.2",0.462918583990743,FALSE,TRUE,38
"2.2.2.2.1.2.3.2.3.2.3.2.1.2.1.1.2.2.2.2.2.2",0.418924339062389,FALSE,TRUE,38
"2.2.2.2.1.2.3.2.3.2.2.3.1.2.1.1.2.2.2.2.2.2",0.545562268576572,FALSE,TRUE,38
"2.2.2.2.1.2.3.2.3.2.2.2.1.3.1.1.2.2.2.2.2.2",0.477683466126311,FALSE,TRUE,38
"2.2.2.2.1.2.3.2.3.2.2.2.1.2.2.1.2.2.2.2.2.2",0.46474896779429,FALSE,TRUE,39
"2.2.2.2.1.2.3.2.3.2.2.2.1.2.1.2.2.2.2.2.2.2",0.516716851340938,FALSE,TRUE,38
"2.2.2.2.1.2.3.2.3.2.2.2.1.2.1.1.3.2.2.2.2.2",0.486795437419626,FALSE,TRUE,38
"2.2.2.2.1.2.3.2.3.2.2.2.1.2.1.1.2.3.2.2.2.2",0.469678704929434,FALSE,TRUE,38
"2.2.2.2.1.2.3.2.3.2.2.2.1.2.1.1.2.2.3.2.2.2",0.46997104166532,FALSE,TRUE,38
"2.2.2.2.1.2.3.2.3.2.2.2.1.2.1.1.2.2.2.3.2.2",0.439839755785247,FALSE,TRUE,38
"2.2.2.2.1.2.3.2.3.2.2.2.1.2.1.1.2.2.2.2.3.2",0.508662036639085,FALSE,TRUE,38
"2.2.2.2.1.2.3.2.3.2.2.2.1.2.1.1.2.2.2.2.2.3",0.47723493919226,FALSE,TRUE,38
"1.2.2.2.1.2.3.2.3.2.2.2.1.2.1.1.2.2.2.2.2.2",0.456918579374456,FALSE,TRUE,37
"2.1.2.2.1.2.3.2.3.2.2.2.1.2.1.1.2.2.2.2.2.2",0.425836262183989,FALSE,TRUE,37
"2.2.1.2.1.2.3.2.3.2.2.2.1.2.1.1.2.2.2.2.2.2",0.48455433720734,FALSE,TRUE,37
"2.2.2.1.1.2.3.2.3.2.2.2.1.2.1.1.2.2.2.2.2.2",0.516987206522147,FALSE,TRUE,37
"2.2.2.2.1.1.3.2.3.2.2.2.1.2.1.1.2.2.2.2.2.2",0.408201019715476,FALSE,TRUE,37
"2.2.2.2.1.2.2.2.3.2.2.2.1.2.1.1.2.2.2.2.2.2",0.493018956575835,FALSE,TRUE,38
"2.2.2.2.1.2.3.1.3.2.2.2.1.2.1.1.2.2.2.2.2.2",0.455451521339029,FALSE,TRUE,37
"2.2.2.2.1.2.3.2.3.1.2.2.1.2.1.1.2.2.2.2.2.2",0.501055678912885,FALSE,TRUE,37
"2.2.2.2.1.2.3.2.3.2.1.2.1.2.1.1.2.2.2.2.2.2",0.543042978443496,FALSE,TRUE,37
"2.2.2.2.1.2.3.2.3.2.2.1.1.2.1.1.2.2.2.2.2.2",0.418433288585407,FALSE,TRUE,37
"2.2.2.2.1.2.3.2.3.2.2.2.1.1.1.1.2.2.2.2.2.2",0.495026250320534,FALSE,TRUE,37
"2.2.2.2.1.2.3.2.3.2.2.2.1.2.1.1.1.2.2.2.2.2",0.469693387455192,FALSE,TRUE,37
"2.2.2.2.1.2.3.2.3.2.2.2.1.2.1.1.2.1.2.2.2.2",0.4976554908161,FALSE,TRUE,37
"2.2.2.2.1.2.3.2.3.2.2.2.1.2.1.1.2.2.1.2.2.2",0.476288216250104,FALSE,TRUE,37
"2.2.2.2.1.2.3.2.3.2.2.2.1.2.1.1.2.2.2.1.2.2",0.517554340435007,FALSE,TRUE,37
"2.2.2.2.1.2.3.2.3.2.2.2.1.2.1.1.2.2.2.2.1.2",0.447195564549872,FALSE,TRUE,37
"2.2.2.2.1.2.3.2.3.2.2.2.1.2.1.1.2.2.2.2.2.1",0.484823145435174,FALSE,TRUE,37
"3.1.2.1.2.2.3.2.2.2.3.2.2.2.2.2.2.2.2.2.2.2",0.385343578870092,FALSE,TRUE,40
"2.1.3.1.2.2.3.2.2.2.3.2.2.2.2.2.2.2.2.2.2.2",0.328944210368112,FALSE,TRUE,40
"2.1.2.1.3.2.3.2.2.2.3.2.2.2.2.2.2.2.2.2.2.2",0.280542850656563,FALSE,TRUE,40
"2.1.2.1.2.3.3.2.2.2.3.2.2.2.2.2.2.2.2.2.2.2",0.388124058429437,FALSE,TRUE,39
"2.1.2.1.2.2.4.2.2.2.3.2.2.2.2.2.2.2.2.2.2.2",0.343978863521888,FALSE,TRUE,40
"2.1.2.1.2.2.3.3.2.2.3.2.2.2.2.2.2.2.2.2.2.2",0.389610424050492,FALSE,TRUE,40
"2.1.2.1.2.2.3.2.3.2.3.2.2.2.2.2.2.2.2.2.2.2",0.344440400363844,FALSE,TRUE,40
"2.1.2.1.2.2.3.2.2.3.3.2.2.2.2.2.2.2.2.2.2.2",0.315315619718408,FALSE,TRUE,40
"2.1.2.1.2.2.3.2.2.2.4.2.2.2.2.2.2.2.2.2.2.2",0.272145656445999,FALSE,TRUE,40
"2.1.2.1.2.2.3.2.2.2.3.3.2.2.2.2.2.2.2.2.2.2",0.41553451489374,FALSE,TRUE,39
"2.1.2.1.2.2.3.2.2.2.3.2.3.2.2.2.2.2.2.2.2.2",0.352525084498715,FALSE,TRUE,40
"2.1.2.1.2.2.3.2.2.2.3.2.2.3.2.2.2.2.2.2.2.2",0.350864681652749,FALSE,TRUE,40
"2.1.2.1.2.2.3.2.2.2.3.2.2.2.2.3.2.2.2.2.2.2",0.377415279285136,FALSE,TRUE,40
"2.1.2.1.2.2.3.2.2.2.3.2.2.2.2.2.3.2.2.2.2.2",0.337304566158843,FALSE,TRUE,39
"2.1.2.1.2.2.3.2.2.2.3.2.2.2.2.2.2.2.3.2.2.2",0.359058301929664,FALSE,TRUE,40
"2.1.2.1.2.2.3.2.2.2.3.2.2.2.2.2.2.2.2.3.2.2",0.317210811162065,FALSE,TRUE,40
"2.1.2.1.2.2.3.2.2.2.3.2.2.2.2.2.2.2.2.2.3.2",0.384910427304712,FALSE,TRUE,40
"2.1.2.1.2.2.3.2.2.2.3.2.2.2.2.2.2.2.2.2.2.3",0.311459399653671,FALSE,TRUE,40
"1.1.2.1.2.2.3.2.2.2.3.2.2.2.2.2.2.2.2.2.2.2",0.325939077415912,FALSE,TRUE,39
"2.1.1.1.2.2.3.2.2.2.3.2.2.2.2.2.2.2.2.2.2.2",0.363538487180972,FALSE,TRUE,39
"2.1.2.1.1.2.3.2.2.2.3.2.2.2.2.2.2.2.2.2.2.2",0.406903292634028,FALSE,TRUE,39
"2.1.2.1.2.1.3.2.2.2.3.2.2.2.2.2.2.2.2.2.2.2",0.296135619498126,FALSE,TRUE,39
"2.1.2.1.2.2.2.2.2.2.3.2.2.2.2.2.2.2.2.2.2.2",0.362476488216556,FALSE,TRUE,38
"2.1.2.1.2.2.3.1.2.2.3.2.2.2.2.2.2.2.2.2.2.2",0.3132387947232,FALSE,TRUE,39
"2.1.2.1.2.2.3.2.1.2.3.2.2.2.2.2.2.2.2.2.2.2",0.34639645328199,FALSE,TRUE,39
"2.1.2.1.2.2.3.2.2.1.3.2.2.2.2.2.2.2.2.2.2.2",0.386263610278974,FALSE,TRUE,39
"2.1.2.1.2.2.3.2.2.2.2.2.2.2.2.2.2.2.2.2.2.2",0.42784617215923,FALSE,TRUE,38
"2.1.2.1.2.2.3.2.2.2.3.1.2.2.2.2.2.2.2.2.2.2",0.280584440799972,FALSE,TRUE,39
"2.1.2.1.2.2.3.2.2.2.3.2.1.2.2.2.2.2.2.2.2.2",0.340562952281645,FALSE,TRUE,38
"2.1.2.1.2.2.3.2.2.2.3.2.2.1.2.2.2.2.2.2.2.2",0.347922790771434,FALSE,TRUE,39
"2.1.2.1.2.2.3.2.2.2.3.2.2.2.1.2.2.2.2.2.2.2",0.360854393570492,FALSE,TRUE,38
"2.1.2.1.2.2.3.2.2.2.3.2.2.2.2.1.2.2.2.2.2.2",0.325923077026257,FALSE,TRUE,39
"2.1.2.1.2.2.3.2.2.2.3.2.2.2.2.2.1.2.2.2.2.2",0.352024643817723,FALSE,TRUE,39
"2.1.2.1.2.2.3.2.2.2.3.2.2.2.2.2.2.1.2.2.2.2",0.361362466113981,FALSE,TRUE,39
"2.1.2.1.2.2.3.2.2.2.3.2.2.2.2.2.2.2.2.1.2.2",0.370107624186915,FALSE,TRUE,39
"2.1.2.1.2.2.3.2.2.2.3.2.2.2.2.2.2.2.2.2.1.2",0.311579882384075,FALSE,TRUE,39
"2.1.2.1.2.2.3.2.2.2.3.2.2.2.2.2.2.2.2.2.2.1",0.383567924088438,FALSE,TRUE,39
"4.3.2.2.2.2.2.3.2.2.2.2.2.1.2.2.1.2.2.2.2.2",0.572994887599223,FALSE,TRUE,40
"3.4.2.2.2.2.2.3.2.2.2.2.2.1.2.2.1.2.2.2.2.2",0.57989499396753,FALSE,TRUE,39
"3.3.3.2.2.2.2.3.2.2.2.2.2.1.2.2.1.2.2.2.2.2",0.556898345516729,FALSE,TRUE,39
"3.3.2.3.2.2.2.3.2.2.2.2.2.1.2.2.1.2.2.2.2.2",0.530193724274199,FALSE,TRUE,39
"3.3.2.2.3.2.2.3.2.2.2.2.2.1.2.2.1.2.2.2.2.2",0.538152894596149,FALSE,TRUE,39
"3.3.2.2.2.3.2.3.2.2.2.2.2.1.2.2.1.2.2.2.2.2",0.591592565628533,FALSE,TRUE,39
"3.3.2.2.2.2.3.3.2.2.2.2.2.1.2.2.1.2.2.2.2.2",0.548959246210989,FALSE,TRUE,39
"3.3.2.2.2.2.2.4.2.2.2.2.2.1.2.2.1.2.2.2.2.2",0.574381758637361,FALSE,TRUE,39
"3.3.2.2.2.2.2.3.3.2.2.2.2.1.2.2.1.2.2.2.2.2",0.547016281911361,FALSE,TRUE,39
"3.3.2.2.2.2.2.3.2.3.2.2.2.1.2.2.1.2.2.2.2.2",0.560281369904648,FALSE,TRUE,39
"3.3.2.2.2.2.2.3.2.2.3.2.2.1.2.2.1.2.2.2.2.2",0.499723707143389,FALSE,TRUE,39
"3.3.2.2.2.2.2.3.2.2.2.2.3.1.2.2.1.2.2.2.2.2",0.552428821381344,FALSE,TRUE,39
"3.3.2.2.2.2.2.3.2.2.2.2.2.1.3.2.1.2.2.2.2.2",0.500079750880207,FALSE,TRUE,39
"3.3.2.2.2.2.2.3.2.2.2.2.2.1.2.3.1.2.2.2.2.2",0.558405681096296,FALSE,TRUE,39
"3.3.2.2.2.2.2.3.2.2.2.2.2.1.2.2.2.2.2.2.2.2",0.560215352914335,FALSE,TRUE,39
"3.3.2.2.2.2.2.3.2.2.2.2.2.1.2.2.1.3.2.2.2.2",0.531296386855601,FALSE,TRUE,39
"3.3.2.2.2.2.2.3.2.2.2.2.2.1.2.2.1.2.3.2.2.2",0.574315501390924,FALSE,TRUE,39
"3.3.2.2.2.2.2.3.2.2.2.2.2.1.2.2.1.2.2.3.2.2",0.545718589839062,FALSE,TRUE,39
"3.3.2.2.2.2.2.3.2.2.2.2.2.1.2.2.1.2.2.2.3.2",0.56176777120782,FALSE,TRUE,39
"3.3.2.2.2.2.2.3.2.2.2.2.2.1.2.2.1.2.2.2.2.3",0.512467578306783,FALSE,TRUE,39
"3.3.1.2.2.2.2.3.2.2.2.2.2.1.2.2.1.2.2.2.2.2",0.546023741153848,FALSE,TRUE,38
"3.3.2.1.2.2.2.3.2.2.2.2.2.1.2.2.1.2.2.2.2.2",0.58584134344252,FALSE,TRUE,38
"3.3.2.2.1.2.2.3.2.2.2.2.2.1.2.2.1.2.2.2.2.2",0.549971934177277,FALSE,TRUE,38
"3.3.2.2.2.1.2.3.2.2.2.2.2.1.2.2.1.2.2.2.2.2",0.492472227496226,FALSE,TRUE,38
"3.3.2.2.2.2.1.3.2.2.2.2.2.1.2.2.1.2.2.2.2.2",0.565145402284697,FALSE,TRUE,38
"3.3.2.2.2.2.2.2.2.2.2.2.2.1.2.2.1.2.2.2.2.2",0.52825538205934,FALSE,TRUE,39
"3.3.2.2.2.2.2.3.1.2.2.2.2.1.2.2.1.2.2.2.2.2",0.543081957232329,FALSE,TRUE,38
"3.3.2.2.2.2.2.3.2.1.2.2.2.1.2.2.1.2.2.2.2.2",0.54680740873602,FALSE,TRUE,38
"3.3.2.2.2.2.2.3.2.2.1.2.2.1.2.2.1.2.2.2.2.2",0.601864224863576,FALSE,TRUE,38
"3.3.2.2.2.2.2.3.2.2.2.1.2.1.2.2.1.2.2.2.2.2",0.502905638096051,FALSE,TRUE,38
"3.3.2.2.2.2.2.3.2.2.2.2.1.1.2.2.1.2.2.2.2.2",0.542663047116581,FALSE,TRUE,38
"3.3.2.2.2.2.2.3.2.2.2.2.2.1.1.2.1.2.2.2.2.2",0.601344142755956,FALSE,TRUE,38
"3.3.2.2.2.2.2.3.2.2.2.2.2.1.2.1.1.2.2.2.2.2",0.550784314165941,FALSE,TRUE,38
"3.3.2.2.2.2.2.3.2.2.2.2.2.1.2.2.1.1.2.2.2.2",0.581695098277316,FALSE,TRUE,38
"3.3.2.2.2.2.2.3.2.2.2.2.2.1.2.2.1.2.1.2.2.2",0.515815265035064,FALSE,TRUE,38
"3.3.2.2.2.2.2.3.2.2.2.2.2.1.2.2.1.2.2.1.2.2",0.553313923924935,FALSE,TRUE,38
"3.3.2.2.2.2.2.3.2.2.2.2.2.1.2.2.1.2.2.2.1.2",0.532736710099008,FALSE,TRUE,38
"3.3.2.2.2.2.2.3.2.2.2.2.2.1.2.2.1.2.2.2.2.1",0.584343348874967,FALSE,TRUE,38
"2.4.2.2.2.2.2.3.2.2.2.2.2.1.2.2.1.2.2.2.2.2",0.558314775934221,FALSE,TRUE,40
"2.3.3.2.2.2.2.3.2.2.2.2.2.1.2.2.1.2.2.2.2.2",0.539977870711649,FALSE,TRUE,40
"2.3.2.3.2.2.2.3.2.2.2.2.2.1.2.2.1.2.2.2.2.2",0.495675344200346,FALSE,TRUE,40
"2.3.2.2.3.2.2.3.2.2.2.2.2.1.2.2.1.2.2.2.2.2",0.522631876419927,FALSE,TRUE,40
"2.3.2.2.2.3.2.3.2.2.2.2.2.1.2.2.1.2.2.2.2.2",0.582378147078261,FALSE,TRUE,40
"2.3.2.2.2.2.3.3.2.2.2.2.2.1.2.2.1.2.2.2.2.2",0.525134121797943,FALSE,TRUE,40
"2.3.2.2.2.2.2.4.2.2.2.2.2.1.2.2.1.2.2.2.2.2",0.550618065972143,FALSE,TRUE,40
"2.3.2.2.2.2.2.3.3.2.2.2.2.1.2.2.1.2.2.2.2.2",0.534287592554032,FALSE,TRUE,40
"2.3.2.2.2.2.2.3.2.3.2.2.2.1.2.2.1.2.2.2.2.2",0.534276794448694,FALSE,TRUE,40
"2.3.2.2.2.2.2.3.2.2.3.2.2.1.2.2.1.2.2.2.2.2",0.475783825834887,FALSE,TRUE,40
"2.3.2.2.2.2.2.3.2.2.2.3.2.1.2.2.1.2.2.2.2.2",0.583992587214863,FALSE,TRUE,39
"2.3.2.2.2.2.2.3.2.2.2.2.3.1.2.2.1.2.2.2.2.2",0.529244837580636,FALSE,TRUE,40
"2.3.2.2.2.2.2.3.2.2.2.2.2.1.3.2.1.2.2.2.2.2",0.467350279998072,FALSE,TRUE,40
"2.3.2.2.2.2.2.3.2.2.2.2.2.1.2.3.1.2.2.2.2.2",0.535789143178638,FALSE,TRUE,40
"2.3.2.2.2.2.2.3.2.2.2.2.2.1.2.2.2.2.2.2.2.2",0.539816441730259,FALSE,TRUE,39
"2.3.2.2.2.2.2.3.2.2.2.2.2.1.2.2.1.3.2.2.2.2",0.502052691302196,FALSE,TRUE,40
"2.3.2.2.2.2.2.3.2.2.2.2.2.1.2.2.1.2.3.2.2.2",0.553851550646494,FALSE,TRUE,40
"2.3.2.2.2.2.2.3.2.2.2.2.2.1.2.2.1.2.2.3.2.2",0.526138550052112,FALSE,TRUE,40
"2.3.2.2.2.2.2.3.2.2.2.2.2.1.2.2.1.2.2.2.3.2",0.544329712958791,FALSE,TRUE,39
"2.3.2.2.2.2.2.3.2.2.2.2.2.1.2.2.1.2.2.2.2.3",0.490499027078162,FALSE,TRUE,40
"1.3.2.2.2.2.2.3.2.2.2.2.2.1.2.2.1.2.2.2.2.2",0.495763692725313,FALSE,TRUE,40
"2.2.2.2.2.2.2.3.2.2.2.2.2.1.2.2.1.2.2.2.2.2",0.491536618955601,FALSE,TRUE,38
"2.3.1.2.2.2.2.3.2.2.2.2.2.1.2.2.1.2.2.2.2.2",0.510737407393779,FALSE,TRUE,39
"2.3.2.1.2.2.2.3.2.2.2.2.2.1.2.2.1.2.2.2.2.2",0.565547544243006,FALSE,TRUE,39
"2.3.2.2.1.2.2.3.2.2.2.2.2.1.2.2.1.2.2.2.2.2",0.51216139247838,FALSE,TRUE,39
"2.3.2.2.2.1.2.3.2.2.2.2.2.1.2.2.1.2.2.2.2.2",0.449341141684125,FALSE,TRUE,39
"2.3.2.2.2.2.1.3.2.2.2.2.2.1.2.2.1.2.2.2.2.2",0.534870135136813,FALSE,TRUE,39
"2.3.2.2.2.2.2.2.2.2.2.2.2.1.2.2.1.2.2.2.2.2",0.500801051726378,FALSE,TRUE,40
"2.3.2.2.2.2.2.3.1.2.2.2.2.1.2.2.1.2.2.2.2.2",0.503828527983766,FALSE,TRUE,39
"2.3.2.2.2.2.2.3.2.1.2.2.2.1.2.2.1.2.2.2.2.2",0.519339001800876,FALSE,TRUE,39
"2.3.2.2.2.2.2.3.2.2.1.2.2.1.2.2.1.2.2.2.2.2",0.572550648695141,FALSE,TRUE,39
"2.3.2.2.2.2.2.3.2.2.2.1.2.1.2.2.1.2.2.2.2.2",0.465085967505461,FALSE,TRUE,39
"2.3.2.2.2.2.2.3.2.2.2.2.1.1.2.2.1.2.2.2.2.2",0.514087120735897,FALSE,TRUE,39
"2.3.2.2.2.2.2.3.2.2.2.2.2.1.1.2.1.2.2.2.2.2",0.581233328907607,FALSE,TRUE,39
"2.3.2.2.2.2.2.3.2.2.2.2.2.1.2.1.1.2.2.2.2.2",0.520932217609276,FALSE,TRUE,39
"2.3.2.2.2.2.2.3.2.2.2.2.2.1.2.2.1.1.2.2.2.2",0.555964897143397,FALSE,TRUE,39
"2.3.2.2.2.2.2.3.2.2.2.2.2.1.2.2.1.2.1.2.2.2",0.48297051674567,FALSE,TRUE,39
"2.3.2.2.2.2.2.3.2.2.2.2.2.1.2.2.1.2.2.1.2.2",0.518758281239976,FALSE,TRUE,39
"2.3.2.2.2.2.2.3.2.2.2.2.2.1.2.2.1.2.2.2.1.2",0.498447860976566,FALSE,TRUE,39
"2.3.2.2.2.2.2.3.2.2.2.2.2.1.2.2.1.2.2.2.2.1",0.555591891432352,FALSE,TRUE,39
"3.2.2.1.2.2.3.2.2.3.3.3.2.2.2.2.2.2.1.2.2.2",0.460177939793517,FALSE,TRUE,40
"2.3.2.1.2.2.3.2.2.3.3.3.2.2.2.2.2.2.1.2.2.2",0.501480348959885,FALSE,TRUE,40
"2.2.3.1.2.2.3.2.2.3.3.3.2.2.2.2.2.2.1.2.2.2",0.421115295028789,FALSE,TRUE,40
"2.2.2.2.2.2.3.2.2.3.3.3.2.2.2.2.2.2.1.2.2.2",0.419630610386955,FALSE,TRUE,41
"2.2.2.1.3.2.3.2.2.3.3.3.2.2.2.2.2.2.1.2.2.2",0.381708859363257,FALSE,TRUE,40
"2.2.2.1.2.3.3.2.2.3.3.3.2.2.2.2.2.2.1.2.2.2",0.485997222144426,FALSE,TRUE,40
"2.2.2.1.2.2.4.2.2.3.3.3.2.2.2.2.2.2.1.2.2.2",0.418543731423397,FALSE,TRUE,40
"2.2.2.1.2.2.3.3.2.3.3.3.2.2.2.2.2.2.1.2.2.2",0.469145666959943,FALSE,TRUE,40
"2.2.2.1.2.2.3.2.3.3.3.3.2.2.2.2.2.2.1.2.2.2",0.438261958122438,FALSE,TRUE,40
"2.2.2.1.2.2.3.2.2.4.3.3.2.2.2.2.2.2.1.2.2.2",0.407699257421005,FALSE,TRUE,41
"2.2.2.1.2.2.3.2.2.3.4.3.2.2.2.2.2.2.1.2.2.2",0.364468365901157,FALSE,TRUE,40
"2.2.2.1.2.2.3.2.2.3.3.4.2.2.2.2.2.2.1.2.2.2",0.507467026077326,FALSE,TRUE,40
"2.2.2.1.2.2.3.2.2.3.3.3.3.2.2.2.2.2.1.2.2.2",0.421861764960456,FALSE,TRUE,40
"2.2.2.1.2.2.3.2.2.3.3.3.2.3.2.2.2.2.1.2.2.2",0.451116149344404,FALSE,TRUE,40
"2.2.2.1.2.2.3.2.2.3.3.3.2.2.3.2.2.2.1.2.2.2",0.406182285424615,FALSE,TRUE,40
"2.2.2.1.2.2.3.2.2.3.3.3.2.2.2.3.2.2.1.2.2.2",0.459323245909859,FALSE,TRUE,40
"2.2.2.1.2.2.3.2.2.3.3.3.2.2.2.2.3.2.1.2.2.2",0.422125122741282,FALSE,TRUE,40
"2.2.2.1.2.2.3.2.2.3.3.3.2.2.2.2.2.3.1.2.2.2",0.424169511070921,FALSE,TRUE,40
"2.2.2.1.2.2.3.2.2.3.3.3.2.2.2.2.2.2.2.2.2.2",0.447175808509465,FALSE,TRUE,40
"2.2.2.1.2.2.3.2.2.3.3.3.2.2.2.2.2.2.1.3.2.2",0.417691915950899,FALSE,TRUE,40
"2.2.2.1.2.2.3.2.2.3.3.3.2.2.2.2.2.2.1.2.3.2",0.475986113901699,FALSE,TRUE,40
"2.2.2.1.2.2.3.2.2.3.3.3.2.2.2.2.2.2.1.2.2.3",0.402166977304528,FALSE,TRUE,40
"1.2.2.1.2.2.3.2.2.3.3.3.2.2.2.2.2.2.1.2.2.2",0.420790262199024,FALSE,TRUE,39
"2.1.2.1.2.2.3.2.2.3.3.3.2.2.2.2.2.2.1.2.2.2",0.372495417836229,FALSE,TRUE,39
"2.2.1.1.2.2.3.2.2.3.3.3.2.2.2.2.2.2.1.2.2.2",0.450355070663394,FALSE,TRUE,39
"2.2.2.1.1.2.3.2.2.3.3.3.2.2.2.2.2.2.1.2.2.2",0.481993260873965,FALSE,TRUE,39
"2.2.2.1.2.1.3.2.2.3.3.3.2.2.2.2.2.2.1.2.2.2",0.376582237876384,FALSE,TRUE,39
"2.2.2.1.2.2.2.2.2.3.3.3.2.2.2.2.2.2.1.2.2.2",0.464604463862571,FALSE,TRUE,40
"2.2.2.1.2.2.3.1.2.3.3.3.2.2.2.2.2.2.1.2.2.2",0.404359812336598,FALSE,TRUE,39
"2.2.2.1.2.2.3.2.1.3.3.3.2.2.2.2.2.2.1.2.2.2",0.429697628041455,FALSE,TRUE,39
"2.2.2.1.2.2.3.2.2.3.2.3.2.2.2.2.2.2.1.2.2.2",0.512432450658556,FALSE,TRUE,40
"2.2.2.1.2.2.3.2.2.3.3.3.1.2.2.2.2.2.1.2.2.2",0.44639079409179,FALSE,TRUE,39
"2.2.2.1.2.2.3.2.2.3.3.3.2.1.2.2.2.2.1.2.2.2",0.428447457529397,FALSE,TRUE,39
"2.2.2.1.2.2.3.2.2.3.3.3.2.2.1.2.2.2.1.2.2.2",0.466581529911654,FALSE,TRUE,39
"2.2.2.1.2.2.3.2.2.3.3.3.2.2.2.1.2.2.1.2.2.2",0.423327447265056,FALSE,TRUE,39
"2.2.2.1.2.2.3.2.2.3.3.3.2.2.2.2.1.2.1.2.2.2",0.443012262433691,FALSE,TRUE,39
"2.2.2.1.2.2.3.2.2.3.3.3.2.2.2.2.2.1.1.2.2.2",0.455129199180809,FALSE,TRUE,39
"2.2.2.1.2.2.3.2.2.3.3.3.2.2.2.2.2.2.1.1.2.2",0.45093662171386,FALSE,TRUE,39
"2.2.2.1.2.2.3.2.2.3.3.3.2.2.2.2.2.2.1.2.1.2",0.3978563540125,FALSE,TRUE,39
"2.2.2.1.2.2.3.2.2.3.3.3.2.2.2.2.2.2.1.2.2.1",0.470821001454974,FALSE,TRUE,39
"4.3.2.2.2.2.2.3.2.2.2.2.2.2.2.2.1.2.2.2.3.2",0.581041123914683,FALSE,TRUE,41
"3.4.2.2.2.2.2.3.2.2.2.2.2.2.2.2.1.2.2.2.3.2",0.603687336650525,FALSE,TRUE,40
"3.3.3.2.2.2.2.3.2.2.2.2.2.2.2.2.1.2.2.2.3.2",0.587749537840414,FALSE,TRUE,40
"3.3.2.3.2.2.2.3.2.2.2.2.2.2.2.2.1.2.2.2.3.2",0.562964864404256,FALSE,TRUE,40
"3.3.2.2.3.2.2.3.2.2.2.2.2.2.2.2.1.2.2.2.3.2",0.573620991320345,FALSE,TRUE,40
"3.3.2.2.2.3.2.3.2.2.2.2.2.2.2.2.1.2.2.2.3.2",0.589550048740465,FALSE,TRUE,40
"3.3.2.2.2.2.3.3.2.2.2.2.2.2.2.2.1.2.2.2.3.2",0.570680129093966,FALSE,TRUE,40
"3.3.2.2.2.2.2.4.2.2.2.2.2.2.2.2.1.2.2.2.3.2",0.579723200881484,FALSE,TRUE,40
"3.3.2.2.2.2.2.3.3.2.2.2.2.2.2.2.1.2.2.2.3.2",0.54927737086705,FALSE,TRUE,40
"3.3.2.2.2.2.2.3.2.3.2.2.2.2.2.2.1.2.2.2.3.2",0.571791194387333,FALSE,TRUE,40
"3.3.2.2.2.2.2.3.2.2.3.2.2.2.2.2.1.2.2.2.3.2",0.520744668333362,FALSE,TRUE,40
"3.3.2.2.2.2.2.3.2.2.2.2.3.2.2.2.1.2.2.2.3.2",0.574614766842599,FALSE,TRUE,40
"3.3.2.2.2.2.2.3.2.2.2.2.2.3.2.2.1.2.2.2.3.2",0.598616592239734,FALSE,TRUE,40
"3.3.2.2.2.2.2.3.2.2.2.2.2.2.3.2.1.2.2.2.3.2",0.512561346202325,FALSE,TRUE,40
"3.3.2.2.2.2.2.3.2.2.2.2.2.2.2.3.1.2.2.2.3.2",0.586350439690955,FALSE,TRUE,40
"3.3.2.2.2.2.2.3.2.2.2.2.2.2.2.2.2.2.2.2.3.2",0.585237696008176,FALSE,TRUE,40
"3.3.2.2.2.2.2.3.2.2.2.2.2.2.2.2.1.3.2.2.3.2",0.547888157807838,FALSE,TRUE,40
"3.3.2.2.2.2.2.3.2.2.2.2.2.2.2.2.1.2.3.2.3.2",0.577128645720868,FALSE,TRUE,40
"3.3.2.2.2.2.2.3.2.2.2.2.2.2.2.2.1.2.2.3.3.2",0.559523698395373,FALSE,TRUE,40
"3.3.2.2.2.2.2.3.2.2.2.2.2.2.2.2.1.2.2.2.4.2",0.561996064829807,FALSE,TRUE,41
"3.3.2.2.2.2.2.3.2.2.2.2.2.2.2.2.1.2.2.2.3.3",0.534237061625611,FALSE,TRUE,40
"3.3.1.2.2.2.2.3.2.2.2.2.2.2.2.2.1.2.2.2.3.2",0.559224066064223,FALSE,TRUE,39
"3.3.2.1.2.2.2.3.2.2.2.2.2.2.2.2.1.2.2.2.3.2",0.597587015636678,FALSE,TRUE,39
"3.3.2.2.1.2.2.3.2.2.2.2.2.2.2.2.1.2.2.2.3.2",0.556442487620361,FALSE,TRUE,39
"3.3.2.2.2.1.2.3.2.2.2.2.2.2.2.2.1.2.2.2.3.2",0.534016758066871,FALSE,TRUE,39
"3.3.2.2.2.2.1.3.2.2.2.2.2.2.2.2.1.2.2.2.3.2",0.58554601279549,FALSE,TRUE,39
"3.3.2.2.2.2.2.2.2.2.2.2.2.2.2.2.1.2.2.2.3.2",0.560680842028861,FALSE,TRUE,40
"3.3.2.2.2.2.2.3.1.2.2.2.2.2.2.2.1.2.2.2.3.2",0.581710784751759,FALSE,TRUE,39
"3.3.2.2.2.2.2.3.2.1.2.2.2.2.2.2.1.2.2.2.3.2",0.574861752259987,FALSE,TRUE,39
"3.3.2.2.2.2.2.3.2.2.1.2.2.2.2.2.1.2.2.2.3.2",0.623322626847637,FALSE,TRUE,39
"3.3.2.2.2.2.2.3.2.2.2.1.2.2.2.2.1.2.2.2.3.2",0.528802247402461,FALSE,TRUE,39
"3.3.2.2.2.2.2.3.2.2.2.2.1.2.2.2.1.2.2.2.3.2",0.562616774145549,FALSE,TRUE,39
"3.3.2.2.2.2.2.3.2.2.2.2.2.2.1.2.1.2.2.2.3.2",0.627786937015052,FALSE,TRUE,39
"3.3.2.2.2.2.2.3.2.2.2.2.2.2.2.1.1.2.2.2.3.2",0.564651299443028,FALSE,TRUE,39
"3.3.2.2.2.2.2.3.2.2.2.2.2.2.2.2.1.1.2.2.3.2",0.605208308050837,FALSE,TRUE,39
"3.3.2.2.2.2.2.3.2.2.2.2.2.2.2.2.1.2.1.2.3.2",0.551957234008293,FALSE,TRUE,39
"3.3.2.2.2.2.2.3.2.2.2.2.2.2.2.2.1.2.2.1.3.2",0.583184087034298,FALSE,TRUE,39
"3.3.2.2.2.2.2.3.2.2.2.2.2.2.2.2.1.2.2.2.3.1",0.603608773240973,FALSE,TRUE,39
"2.4.2.2.2.2.2.3.2.2.2.2.2.2.2.2.1.2.2.2.3.2",0.587799240500513,FALSE,TRUE,41
"2.3.3.2.2.2.2.3.2.2.2.2.2.2.2.2.1.2.2.2.3.2",0.580120674887812,FALSE,TRUE,41
"2.3.2.3.2.2.2.3.2.2.2.2.2.2.2.2.1.2.2.2.3.2",0.53632725953274,FALSE,TRUE,41
"2.3.2.2.3.2.2.3.2.2.2.2.2.2.2.2.1.2.2.2.3.2",0.564123575998063,FALSE,TRUE,41
"2.3.2.2.2.3.2.3.2.2.2.2.2.2.2.2.1.2.2.2.3.2",0.5926082262365,FALSE,TRUE,41
"2.3.2.2.2.2.3.3.2.2.2.2.2.2.2.2.1.2.2.2.3.2",0.557985693020796,FALSE,TRUE,41
"2.3.2.2.2.2.2.4.2.2.2.2.2.2.2.2.1.2.2.2.3.2",0.570594184901431,FALSE,TRUE,41
"2.3.2.2.2.2.2.3.3.2.2.2.2.2.2.2.1.2.2.2.3.2",0.548320596333884,FALSE,TRUE,41
"2.3.2.2.2.2.2.3.2.3.2.2.2.2.2.2.1.2.2.2.3.2",0.560495029887571,FALSE,TRUE,41
"2.3.2.2.2.2.2.3.2.2.3.2.2.2.2.2.1.2.2.2.3.2",0.503545369386027,FALSE,TRUE,41
"2.3.2.2.2.2.2.3.2.2.2.3.2.2.2.2.1.2.2.2.3.2",0.609767515340908,FALSE,TRUE,40
"2.3.2.2.2.2.2.3.2.2.2.2.3.2.2.2.1.2.2.2.3.2",0.563217676245604,FALSE,TRUE,41
"2.3.2.2.2.2.2.3.2.2.2.2.2.3.2.2.1.2.2.2.3.2",0.580938111354261,FALSE,TRUE,41
"2.3.2.2.2.2.2.3.2.2.2.2.2.2.3.2.1.2.2.2.3.2",0.49296138589651,FALSE,TRUE,41
"2.3.2.2.2.2.2.3.2.2.2.2.2.2.2.3.1.2.2.2.3.2",0.574963201568785,FALSE,TRUE,41
"2.3.2.2.2.2.2.3.2.2.2.2.2.2.2.2.2.2.2.2.3.2",0.572453289793875,FALSE,TRUE,40
"2.3.2.2.2.2.2.3.2.2.2.2.2.2.2.2.1.3.2.2.3.2",0.531101148092091,FALSE,TRUE,41
"2.3.2.2.2.2.2.3.2.2.2.2.2.2.2.2.1.2.3.2.3.2",0.567538014934209,FALSE,TRUE,41
"2.3.2.2.2.2.2.3.2.2.2.2.2.2.2.2.1.2.2.3.3.2",0.549452619673295,FALSE,TRUE,41
"2.3.2.2.2.2.2.3.2.2.2.2.2.2.2.2.1.2.2.2.4.2",0.555338253036047,FALSE,TRUE,41
"2.3.2.2.2.2.2.3.2.2.2.2.2.2.2.2.1.2.2.2.3.3",0.522206079772308,FALSE,TRUE,41
"1.3.2.2.2.2.2.3.2.2.2.2.2.2.2.2.1.2.2.2.3.2",0.532652941554766,FALSE,TRUE,41
"2.2.2.2.2.2.2.3.2.2.2.2.2.2.2.2.1.2.2.2.3.2",0.524209647622399,FALSE,TRUE,39
"2.3.1.2.2.2.2.3.2.2.2.2.2.2.2.2.1.2.2.2.3.2",0.534993080552385,FALSE,TRUE,40
"2.3.2.1.2.2.2.3.2.2.2.2.2.2.2.2.1.2.2.2.3.2",0.589658348665364,FALSE,TRUE,40
"2.3.2.2.1.2.2.3.2.2.2.2.2.2.2.2.1.2.2.2.3.2",0.532508320505441,FALSE,TRUE,40
"2.3.2.2.2.1.2.3.2.2.2.2.2.2.2.2.1.2.2.2.3.2",0.498141810667401,FALSE,TRUE,40
"2.3.2.2.2.2.1.3.2.2.2.2.2.2.2.2.1.2.2.2.3.2",0.56408266285364,FALSE,TRUE,40
"2.3.2.2.2.2.2.2.2.2.2.2.2.2.2.2.1.2.2.2.3.2",0.537530142441533,FALSE,TRUE,41
"2.3.2.2.2.2.2.3.1.2.2.2.2.2.2.2.1.2.2.2.3.2",0.550200918980803,FALSE,TRUE,40
"2.3.2.2.2.2.2.3.2.1.2.2.2.2.2.2.1.2.2.2.3.2",0.552248358590752,FALSE,TRUE,40
"2.3.2.2.2.2.2.3.2.2.1.2.2.2.2.2.1.2.2.2.3.2",0.606976597681366,FALSE,TRUE,40
"2.3.2.2.2.2.2.3.2.2.2.1.2.2.2.2.1.2.2.2.3.2",0.50109065110066,FALSE,TRUE,40
"2.3.2.2.2.2.2.3.2.2.2.2.1.2.2.2.1.2.2.2.3.2",0.542199980966159,FALSE,TRUE,40
"2.3.2.2.2.2.2.3.2.2.2.2.2.2.1.2.1.2.2.2.3.2",0.614059787275072,FALSE,TRUE,40
"2.3.2.2.2.2.2.3.2.2.2.2.2.2.2.1.1.2.2.2.3.2",0.543378126027688,FALSE,TRUE,40
"2.3.2.2.2.2.2.3.2.2.2.2.2.2.2.2.1.1.2.2.3.2",0.586623026532128,FALSE,TRUE,40
"2.3.2.2.2.2.2.3.2.2.2.2.2.2.2.2.1.2.1.2.3.2",0.528051335401763,FALSE,TRUE,40
"2.3.2.2.2.2.2.3.2.2.2.2.2.2.2.2.1.2.2.1.3.2",0.559193604380875,FALSE,TRUE,40
"2.3.2.2.2.2.2.3.2.2.2.2.2.2.2.2.1.2.2.2.3.1",0.584642030329589,FALSE,TRUE,40
"3.2.2.2.2.2.3.2.2.2.2.2.2.2.1.2.3.2.2.2.2.2",0.448586748141041,FALSE,TRUE,41
"2.3.2.2.2.2.3.2.2.2.2.2.2.2.1.2.3.2.2.2.2.2",0.47840884160114,FALSE,TRUE,41
"2.2.3.2.2.2.3.2.2.2.2.2.2.2.1.2.3.2.2.2.2.2",0.389438037337172,FALSE,TRUE,41
"2.2.2.3.2.2.3.2.2.2.2.2.2.2.1.2.3.2.2.2.2.2",0.392602427696229,FALSE,TRUE,41
"2.2.2.2.3.2.3.2.2.2.2.2.2.2.1.2.3.2.2.2.2.2",0.386704598463452,FALSE,TRUE,41
"2.2.2.2.2.3.3.2.2.2.2.2.2.2.1.2.3.2.2.2.2.2",0.5118290458247,FALSE,TRUE,41
"2.2.2.2.2.2.4.2.2.2.2.2.2.2.1.2.3.2.2.2.2.2",0.39280496428089,FALSE,TRUE,41
"2.2.2.2.2.2.3.3.2.2.2.2.2.2.1.2.3.2.2.2.2.2",0.467015788929482,FALSE,TRUE,41
"2.2.2.2.2.2.3.2.3.2.2.2.2.2.1.2.3.2.2.2.2.2",0.463828873048396,FALSE,TRUE,41
"2.2.2.2.2.2.3.2.2.3.2.2.2.2.1.2.3.2.2.2.2.2",0.39476446664092,FALSE,TRUE,41
"2.2.2.2.2.2.3.2.2.2.2.3.2.2.1.2.3.2.2.2.2.2",0.50815040372725,FALSE,TRUE,41
"2.2.2.2.2.2.3.2.2.2.2.2.3.2.1.2.3.2.2.2.2.2",0.384061008666199,FALSE,TRUE,41
"2.2.2.2.2.2.3.2.2.2.2.2.2.3.1.2.3.2.2.2.2.2",0.418089174250271,FALSE,TRUE,41
"2.2.2.2.2.2.3.2.2.2.2.2.2.2.1.3.3.2.2.2.2.2",0.439714595981516,FALSE,TRUE,41
"2.2.2.2.2.2.3.2.2.2.2.2.2.2.1.2.4.2.2.2.2.2",0.375991606156401,FALSE,TRUE,42
"2.2.2.2.2.2.3.2.2.2.2.2.2.2.1.2.3.3.2.2.2.2",0.436583101609028,FALSE,TRUE,40
"2.2.2.2.2.2.3.2.2.2.2.2.2.2.1.2.3.2.3.2.2.2",0.430422134298479,FALSE,TRUE,41
"2.2.2.2.2.2.3.2.2.2.2.2.2.2.1.2.3.2.2.3.2.2",0.394624410077036,FALSE,TRUE,41
"2.2.2.2.2.2.3.2.2.2.2.2.2.2.1.2.3.2.2.2.3.2",0.497063962939784,FALSE,TRUE,41
"2.2.2.2.2.2.3.2.2.2.2.2.2.2.1.2.3.2.2.2.2.3",0.426087105774217,FALSE,TRUE,41
"1.2.2.2.2.2.3.2.2.2.2.2.2.2.1.2.3.2.2.2.2.2",0.414650743977531,FALSE,TRUE,39
"2.1.2.2.2.2.3.2.2.2.2.2.2.2.1.2.3.2.2.2.2.2",0.373747216464282,FALSE,TRUE,40
"2.2.1.2.2.2.3.2.2.2.2.2.2.2.1.2.3.2.2.2.2.2",0.461318031691749,FALSE,TRUE,40
"2.2.2.1.2.2.3.2.2.2.2.2.2.2.1.2.3.2.2.2.2.2",0.469434862051704,FALSE,TRUE,40
"2.2.2.2.2.1.3.2.2.2.2.2.2.2.1.2.3.2.2.2.2.2",0.333511209710816,FALSE,TRUE,40
"2.2.2.2.2.2.2.2.2.2.2.2.2.2.1.2.3.2.2.2.2.2",0.46650356259611,FALSE,TRUE,40
"2.2.2.2.2.2.3.1.2.2.2.2.2.2.1.2.3.2.2.2.2.2",0.391387832797807,FALSE,TRUE,40
"2.2.2.2.2.2.3.2.1.2.2.2.2.2.1.2.3.2.2.2.2.2",0.387927706662168,FALSE,TRUE,40
"2.2.2.2.2.2.3.2.2.1.2.2.2.2.1.2.3.2.2.2.2.2",0.464350816075484,FALSE,TRUE,40
"2.2.2.2.2.2.3.2.2.2.1.2.2.2.1.2.3.2.2.2.2.2",0.479603115719792,FALSE,TRUE,40
"2.2.2.2.2.2.3.2.2.2.2.1.2.2.1.2.3.2.2.2.2.2",0.34741532915349,FALSE,TRUE,40
"2.2.2.2.2.2.3.2.2.2.2.2.1.2.1.2.3.2.2.2.2.2",0.462182974059307,FALSE,TRUE,40
"2.2.2.2.2.2.3.2.2.2.2.2.2.1.1.2.3.2.2.2.2.2",0.444471634267823,FALSE,TRUE,40
"2.2.2.2.2.2.3.2.2.2.2.2.2.2.1.1.3.2.2.2.2.2",0.423084235176183,FALSE,TRUE,39
"2.2.2.2.2.2.3.2.2.2.2.2.2.2.1.2.3.1.2.2.2.2",0.424021651896446,FALSE,TRUE,40
"2.2.2.2.2.2.3.2.2.2.2.2.2.2.1.2.3.2.1.2.2.2",0.410615792914305,FALSE,TRUE,40
"2.2.2.2.2.2.3.2.2.2.2.2.2.2.1.2.3.2.2.1.2.2",0.453972047608256,FALSE,TRUE,40
"2.2.2.2.2.2.3.2.2.2.2.2.2.2.1.2.3.2.2.2.1.2",0.356166629099963,FALSE,TRUE,40
"2.2.2.2.2.2.3.2.2.2.2.2.2.2.1.2.3.2.2.2.2.1",0.426814536870411,FALSE,TRUE,40
"1.2.3.2.3.2.2.2.2.2.2.2.2.2.2.2.2.2.2.2.2.2",0.403210005151885,FALSE,TRUE,41
"1.1.4.2.3.2.2.2.2.2.2.2.2.2.2.2.2.2.2.2.2.2",0.282223811236031,FALSE,TRUE,40
"1.1.3.3.3.2.2.2.2.2.2.2.2.2.2.2.2.2.2.2.2.2",0.288460361659187,FALSE,TRUE,40
"1.1.3.2.4.2.2.2.2.2.2.2.2.2.2.2.2.2.2.2.2.2",0.261033193672094,FALSE,TRUE,41
"1.1.3.2.3.3.2.2.2.2.2.2.2.2.2.2.2.2.2.2.2.2",0.370876127589042,FALSE,TRUE,40
"1.1.3.2.3.2.3.2.2.2.2.2.2.2.2.2.2.2.2.2.2.2",0.298085576080965,FALSE,TRUE,40
"1.1.3.2.3.2.2.3.2.2.2.2.2.2.2.2.2.2.2.2.2.2",0.328779925078918,FALSE,TRUE,40
"1.1.3.2.3.2.2.2.3.2.2.2.2.2.2.2.2.2.2.2.2.2",0.321154236221148,FALSE,TRUE,40
"1.1.3.2.3.2.2.2.2.3.2.2.2.2.2.2.2.2.2.2.2.2",0.257170804128933,FALSE,TRUE,39
"1.1.3.2.3.2.2.2.2.2.3.2.2.2.2.2.2.2.2.2.2.2",0.24120563288619,FALSE,TRUE,40
"1.1.3.2.3.2.2.2.2.2.2.3.2.2.2.2.2.2.2.2.2.2",0.386757311910712,FALSE,TRUE,40
"1.1.3.2.3.2.2.2.2.2.2.2.3.2.2.2.2.2.2.2.2.2",0.308165440065266,FALSE,TRUE,40
"1.1.3.2.3.2.2.2.2.2.2.2.2.3.2.2.2.2.2.2.2.2",0.301984184428193,FALSE,TRUE,40
"1.1.3.2.3.2.2.2.2.2.2.2.2.2.3.2.2.2.2.2.2.2",0.299742363349894,FALSE,TRUE,39
"1.1.3.2.3.2.2.2.2.2.2.2.2.2.2.3.2.2.2.2.2.2",0.33400441848385,FALSE,TRUE,40
"1.1.3.2.3.2.2.2.2.2.2.2.2.2.2.2.3.2.2.2.2.2",0.295856920234633,FALSE,TRUE,40
"1.1.3.2.3.2.2.2.2.2.2.2.2.2.2.2.2.3.2.2.2.2",0.297217460838718,FALSE,TRUE,40
"1.1.3.2.3.2.2.2.2.2.2.2.2.2.2.2.2.2.3.2.2.2",0.304927463402279,FALSE,TRUE,40
"1.1.3.2.3.2.2.2.2.2.2.2.2.2.2.2.2.2.2.3.2.2",0.270268736633028,FALSE,TRUE,40
"1.1.3.2.3.2.2.2.2.2.2.2.2.2.2.2.2.2.2.2.3.2",0.37072159062242,FALSE,TRUE,40
"1.1.3.2.3.2.2.2.2.2.2.2.2.2.2.2.2.2.2.2.2.3",0.295248938026923,FALSE,TRUE,40
"1.1.2.2.3.2.2.2.2.2.2.2.2.2.2.2.2.2.2.2.2.2",0.33920802348191,FALSE,TRUE,39
"1.1.3.1.3.2.2.2.2.2.2.2.2.2.2.2.2.2.2.2.2.2",0.336312966592195,FALSE,TRUE,39
"1.1.3.2.3.1.2.2.2.2.2.2.2.2.2.2.2.2.2.2.2.2",0.242059913162883,FALSE,TRUE,39
"1.1.3.2.3.2.1.2.2.2.2.2.2.2.2.2.2.2.2.2.2.2",0.329138300774682,FALSE,TRUE,39
"1.1.3.2.3.2.2.1.2.2.2.2.2.2.2.2.2.2.2.2.2.2",0.297244646028979,FALSE,TRUE,39
"1.1.3.2.3.2.2.2.1.2.2.2.2.2.2.2.2.2.2.2.2.2",0.298715520850528,FALSE,TRUE,39
"1.1.3.2.3.2.2.2.2.1.2.2.2.2.2.2.2.2.2.2.2.2",0.368515747361945,FALSE,TRUE,39
"1.1.3.2.3.2.2.2.2.2.1.2.2.2.2.2.2.2.2.2.2.2",0.378850493129739,FALSE,TRUE,39
"1.1.3.2.3.2.2.2.2.2.2.1.2.2.2.2.2.2.2.2.2.2",0.24036678103484,FALSE,TRUE,39
"1.1.3.2.3.2.2.2.2.2.2.2.1.2.2.2.2.2.2.2.2.2",0.309263654664629,FALSE,TRUE,39
"1.1.3.2.3.2.2.2.2.2.2.2.2.1.2.2.2.2.2.2.2.2",0.32099857116279,FALSE,TRUE,39
"1.1.3.2.3.2.2.2.2.2.2.2.2.2.1.2.2.2.2.2.2.2",0.319356145316581,FALSE,TRUE,39
"1.1.3.2.3.2.2.2.2.2.2.2.2.2.2.1.2.2.2.2.2.2",0.297427663980021,FALSE,TRUE,39
"1.1.3.2.3.2.2.2.2.2.2.2.2.2.2.2.1.2.2.2.2.2",0.325353250611252,FALSE,TRUE,39
"1.1.3.2.3.2.2.2.2.2.2.2.2.2.2.2.2.1.2.2.2.2",0.326152345759233,FALSE,TRUE,39
"1.1.3.2.3.2.2.2.2.2.2.2.2.2.2.2.2.2.1.2.2.2",0.30915103684726,FALSE,TRUE,39
"1.1.3.2.3.2.2.2.2.2.2.2.2.2.2.2.2.2.2.1.2.2",0.343066762536879,FALSE,TRUE,39
"1.1.3.2.3.2.2.2.2.2.2.2.2.2.2.2.2.2.2.2.1.2",0.255104612967815,FALSE,TRUE,39
"1.1.3.2.3.2.2.2.2.2.2.2.2.2.2.2.2.2.2.2.2.1",0.32717497046964,FALSE,TRUE,39
"4.2.2.2.2.2.2.3.2.2.1.2.2.2.2.2.2.2.2.2.2.2",0.584196370584619,FALSE,TRUE,41
"3.3.2.2.2.2.2.3.2.2.1.2.2.2.2.2.2.2.2.2.2.2",0.607531466722482,FALSE,TRUE,40
"3.2.3.2.2.2.2.3.2.2.1.2.2.2.2.2.2.2.2.2.2.2",0.547043437178182,FALSE,TRUE,41
"3.2.2.3.2.2.2.3.2.2.1.2.2.2.2.2.2.2.2.2.2.2",0.528401860610136,FALSE,TRUE,41
"3.2.2.2.3.2.2.3.2.2.1.2.2.2.2.2.2.2.2.2.2.2",0.547946041868462,FALSE,TRUE,41
"3.2.2.2.2.3.2.3.2.2.1.2.2.2.2.2.2.2.2.2.2.2",0.62612024428435,FALSE,TRUE,41
"3.2.2.2.2.2.3.3.2.2.1.2.2.2.2.2.2.2.2.2.2.2",0.5661785106016,FALSE,TRUE,41
"3.2.2.2.2.2.2.4.2.2.1.2.2.2.2.2.2.2.2.2.2.2",0.573725329555787,FALSE,TRUE,41
"3.2.2.2.2.2.2.3.3.2.1.2.2.2.2.2.2.2.2.2.2.2",0.57921560578998,FALSE,TRUE,41
"3.2.2.2.2.2.2.3.2.3.1.2.2.2.2.2.2.2.2.2.2.2",0.550159429403389,FALSE,TRUE,41
"3.2.2.2.2.2.2.3.2.2.1.3.2.2.2.2.2.2.2.2.2.2",0.612776416391766,FALSE,TRUE,41
"3.2.2.2.2.2.2.3.2.2.1.2.3.2.2.2.2.2.2.2.2.2",0.559371524356913,FALSE,TRUE,41
"3.2.2.2.2.2.2.3.2.2.1.2.2.3.2.2.2.2.2.2.2.2",0.553323621320152,FALSE,TRUE,41
"3.2.2.2.2.2.2.3.2.2.1.2.2.2.3.2.2.2.2.2.2.2",0.543223414035346,FALSE,TRUE,41
"3.2.2.2.2.2.2.3.2.2.1.2.2.2.2.3.2.2.2.2.2.2",0.559241608587358,FALSE,TRUE,41
"3.2.2.2.2.2.2.3.2.2.1.2.2.2.2.2.3.2.2.2.2.2",0.548336552515198,FALSE,TRUE,41
"3.2.2.2.2.2.2.3.2.2.1.2.2.2.2.2.2.3.2.2.2.2",0.56402179793231,FALSE,TRUE,41
"3.2.2.2.2.2.2.3.2.2.1.2.2.2.2.2.2.2.3.2.2.2",0.585381838380104,FALSE,TRUE,41
"3.2.2.2.2.2.2.3.2.2.1.2.2.2.2.2.2.2.2.3.2.2",0.54775271932795,FALSE,TRUE,41
"3.2.2.2.2.2.2.3.2.2.1.2.2.2.2.2.2.2.2.2.3.2",0.606137612156555,FALSE,TRUE,41
"3.2.2.2.2.2.2.3.2.2.1.2.2.2.2.2.2.2.2.2.2.3",0.545228701449064,FALSE,TRUE,41
"3.1.2.2.2.2.2.3.2.2.1.2.2.2.2.2.2.2.2.2.2.2",0.520236028208134,FALSE,TRUE,40
"3.2.1.2.2.2.2.3.2.2.1.2.2.2.2.2.2.2.2.2.2.2",0.578856907899426,FALSE,TRUE,40
"3.2.2.1.2.2.2.3.2.2.1.2.2.2.2.2.2.2.2.2.2.2",0.609073325063076,FALSE,TRUE,40
"3.2.2.2.1.2.2.3.2.2.1.2.2.2.2.2.2.2.2.2.2.2",0.562554078428923,FALSE,TRUE,40
"3.2.2.2.2.1.2.3.2.2.1.2.2.2.2.2.2.2.2.2.2.2",0.480988150130425,FALSE,TRUE,40
"3.2.2.2.2.2.1.3.2.2.1.2.2.2.2.2.2.2.2.2.2.2",0.570793205053191,FALSE,TRUE,40
"3.2.2.2.2.2.2.2.2.2.1.2.2.2.2.2.2.2.2.2.2.2",0.547989310510137,FALSE,TRUE,40
"3.2.2.2.2.2.2.3.1.2.1.2.2.2.2.2.2.2.2.2.2.2",0.533022805730489,FALSE,TRUE,40
"3.2.2.2.2.2.2.3.2.1.1.2.2.2.2.2.2.2.2.2.2.2",0.578661778159156,FALSE,TRUE,40
"3.2.2.2.2.2.2.3.2.2.1.1.2.2.2.2.2.2.2.2.2.2",0.508550625155145,FALSE,TRUE,40
"3.2.2.2.2.2.2.3.2.2.1.2.1.2.2.2.2.2.2.2.2.2",0.558466913438909,FALSE,TRUE,40
"3.2.2.2.2.2.2.3.2.2.1.2.2.1.2.2.2.2.2.2.2.2",0.582246546347341,FALSE,TRUE,40
"3.2.2.2.2.2.2.3.2.2.1.2.2.2.1.2.2.2.2.2.2.2",0.580468787730024,FALSE,TRUE,40
"3.2.2.2.2.2.2.3.2.2.1.2.2.2.2.1.2.2.2.2.2.2",0.573158725256844,FALSE,TRUE,40
"3.2.2.2.2.2.2.3.2.2.1.2.2.2.2.2.2.1.2.2.2.2",0.570240814489396,FALSE,TRUE,40
"3.2.2.2.2.2.2.3.2.2.1.2.2.2.2.2.2.2.1.2.2.2",0.530473521162332,FALSE,TRUE,40
"3.2.2.2.2.2.2.3.2.2.1.2.2.2.2.2.2.2.2.1.2.2",0.573323246201064,FALSE,TRUE,40
"3.2.2.2.2.2.2.3.2.2.1.2.2.2.2.2.2.2.2.2.1.2",0.514499668376103,FALSE,TRUE,40
"3.2.2.2.2.2.2.3.2.2.1.2.2.2.2.2.2.2.2.2.2.1",0.574111918832269,FALSE,TRUE,40
"3.2.2.1.2.2.3.2.2.2.3.2.2.2.3.2.3.2.2.2.2.2",0.389757661600623,FALSE,TRUE,41
"2.3.2.1.2.2.3.2.2.2.3.2.2.2.3.2.3.2.2.2.2.2",0.399793980858091,FALSE,TRUE,41
"2.2.3.1.2.2.3.2.2.2.3.2.2.2.3.2.3.2.2.2.2.2",0.353099779272043,FALSE,TRUE,41
"2.2.2.2.2.2.3.2.2.2.3.2.2.2.3.2.3.2.2.2.2.2",0.340483323949183,FALSE,TRUE,41
"2.2.2.1.3.2.3.2.2.2.3.2.2.2.3.2.3.2.2.2.2.2",0.310426197632249,FALSE,TRUE,41
"2.2.2.1.2.3.3.2.2.2.3.2.2.2.3.2.3.2.2.2.2.2",0.391247493837586,FALSE,TRUE,41
"2.2.2.1.2.2.4.2.2.2.3.2.2.2.3.2.3.2.2.2.2.2",0.359743245510032,FALSE,TRUE,41
"2.2.2.1.2.2.3.3.2.2.3.2.2.2.3.2.3.2.2.2.2.2",0.405045832898952,FALSE,TRUE,41
"2.2.2.1.2.2.3.2.3.2.3.2.2.2.3.2.3.2.2.2.2.2",0.354626754162735,FALSE,TRUE,41
"2.2.2.1.2.2.3.2.2.3.3.2.2.2.3.2.3.2.2.2.2.2",0.352970837200834,FALSE,TRUE,41
"2.2.2.1.2.2.3.2.2.2.4.2.2.2.3.2.3.2.2.2.2.2",0.298782415931674,FALSE,TRUE,41
"2.2.2.1.2.2.3.2.2.2.3.3.2.2.3.2.3.2.2.2.2.2",0.427231231975577,FALSE,TRUE,41
"2.2.2.1.2.2.3.2.2.2.3.2.3.2.3.2.3.2.2.2.2.2",0.350504485047952,FALSE,TRUE,41
"2.2.2.1.2.2.3.2.2.2.3.2.2.3.3.2.3.2.2.2.2.2",0.374020792451608,FALSE,TRUE,41
"2.2.2.1.2.2.3.2.2.2.3.2.2.2.4.2.3.2.2.2.2.2",0.32806565228471,FALSE,TRUE,41
"2.2.2.1.2.2.3.2.2.2.3.2.2.2.3.3.3.2.2.2.2.2",0.376902196370806,FALSE,TRUE,41
"2.2.2.1.2.2.3.2.2.2.3.2.2.2.3.2.4.2.2.2.2.2",0.331595315304179,FALSE,TRUE,42
"2.2.2.1.2.2.3.2.2.2.3.2.2.2.3.2.3.3.2.2.2.2",0.373773720470733,FALSE,TRUE,40
"2.2.2.1.2.2.3.2.2.2.3.2.2.2.3.2.3.2.3.2.2.2",0.389890856886007,FALSE,TRUE,41
"2.2.2.1.2.2.3.2.2.2.3.2.2.2.3.2.3.2.2.3.2.2",0.348964937016523,FALSE,TRUE,41
"2.2.2.1.2.2.3.2.2.2.3.2.2.2.3.2.3.2.2.2.3.2",0.378894073489055,FALSE,TRUE,41
"2.2.2.1.2.2.3.2.2.2.3.2.2.2.3.2.3.2.2.2.2.3",0.308540542259374,FALSE,TRUE,41
"1.2.2.1.2.2.3.2.2.2.3.2.2.2.3.2.3.2.2.2.2.2",0.356223580715971,FALSE,TRUE,40
"2.1.2.1.2.2.3.2.2.2.3.2.2.2.3.2.3.2.2.2.2.2",0.326898056426916,FALSE,TRUE,39
"2.2.1.1.2.2.3.2.2.2.3.2.2.2.3.2.3.2.2.2.2.2",0.372095893332193,FALSE,TRUE,40
"2.2.2.1.1.2.3.2.2.2.3.2.2.2.3.2.3.2.2.2.2.2",0.410719876706037,FALSE,TRUE,40
"2.2.2.1.2.1.3.2.2.2.3.2.2.2.3.2.3.2.2.2.2.2",0.323874668673271,FALSE,TRUE,40
"2.2.2.1.2.2.2.2.2.2.3.2.2.2.3.2.3.2.2.2.2.2",0.378884045507057,FALSE,TRUE,41
"2.2.2.1.2.2.3.1.2.2.3.2.2.2.3.2.3.2.2.2.2.2",0.334939629128777,FALSE,TRUE,40
"2.2.2.1.2.2.3.2.1.2.3.2.2.2.3.2.3.2.2.2.2.2",0.372070681216429,FALSE,TRUE,40
"2.2.2.1.2.2.3.2.2.1.3.2.2.2.3.2.3.2.2.2.2.2",0.384341793199638,FALSE,TRUE,40
"2.2.2.1.2.2.3.2.2.2.2.2.2.2.3.2.3.2.2.2.2.2",0.438050403140795,FALSE,TRUE,41
"2.2.2.1.2.2.3.2.2.2.3.1.2.2.3.2.3.2.2.2.2.2",0.304753756595811,FALSE,TRUE,40
"2.2.2.1.2.2.3.2.2.2.3.2.1.2.3.2.3.2.2.2.2.2",0.37503643147802,FALSE,TRUE,40
"2.2.2.1.2.2.3.2.2.2.3.2.2.1.3.2.3.2.2.2.2.2",0.361699571312473,FALSE,TRUE,40
"2.2.2.1.2.2.3.2.2.2.3.2.2.2.3.1.3.2.2.2.2.2",0.358884644726309,FALSE,TRUE,40
"2.2.2.1.2.2.3.2.2.2.3.2.2.2.3.2.3.1.2.2.2.2",0.363667683991043,FALSE,TRUE,40
"2.2.2.1.2.2.3.2.2.2.3.2.2.2.3.2.3.2.1.2.2.2",0.32883300905244,FALSE,TRUE,39
"2.2.2.1.2.2.3.2.2.2.3.2.2.2.3.2.3.2.2.1.2.2",0.371410175469398,FALSE,TRUE,40
"2.2.2.1.2.2.3.2.2.2.3.2.2.2.3.2.3.2.2.2.1.2",0.348571551591319,FALSE,TRUE,40
"2.2.2.1.2.2.3.2.2.2.3.2.2.2.3.2.3.2.2.2.2.1",0.415232325308246,FALSE,TRUE,40
