"karyotype","fitness","is_fq","is_nn","boundary_degree"
"2.2.2.2.2.2.2.2.2.2.2.2.2.2.2.2.2.2.2.2.2.2",0.419359965370058,TRUE,FALSE,0
"2.2.2.2.3.2.2.2.2.2.2.2.2.2.2.2.2.2.2.2.2.2",0.431747579767367,TRUE,FALSE,0
"2.2.2.2.3.2.2.2.2.2.2.2.2.2.2.2.1.2.2.2.2.2",0.374444527194834,TRUE,FALSE,0
"2.2.2.2.3.2.1.2.2.2.2.2.2.2.2.2.2.2.2.2.2.2",0.371741365990636,TRUE,FALSE,0
"2.2.2.2.3.2.2.2.2.2.1.2.2.2.2.2.2.2.2.2.2.2",0.374840541097474,TRUE,FALSE,0
"2.2.2.2.3.2.2.2.2.2.2.2.2.2.2.2.3.2.2.2.2.2",0.473058374639553,TRUE,FALSE,0
"2.2.2.2.2.2.2.2.2.2.2.2.2.2.2.2.2.2.2.3.2.2",0.458465355926823,TRUE,FALSE,0
"2.2.2.2.3.2.2.2.2.2.1.2.2.2.2.2.2.3.2.2.2.2",0.406168931094353,TRUE,FALSE,0
"2.2.2.2.3.2.2.2.2.2.1.2.2.2.2.2.3.2.2.2.2.2",0.423807003563147,TRUE,FALSE,0
"2.3.2.2.3.2.2.2.2.2.2.2.2.2.2.2.3.2.2.2.2.2",0.508010469428395,TRUE,FALSE,0
"2.2.3.2.2.2.2.2.2.2.2.2.2.2.2.2.2.2.2.3.2.2",0.461054239015023,TRUE,FALSE,0
"2.2.2.2.3.2.1.2.2.2.2.2.2.2.2.2.2.3.2.2.2.2",0.406423496163627,TRUE,FALSE,0
"2.2.2.2.3.2.2.2.2.2.1.2.2.2.2.3.2.3.2.2.2.2",0.426821549731185,TRUE,FALSE,0
"2.2.2.2.3.2.2.2.2.2.1.1.2.2.2.2.2.3.2.2.2.2",0.378128422428782,TRUE,FALSE,0
"1.2.2.2.3.2.1.2.2.2.2.2.2.2.2.2.2.2.2.2.2.2",0.348206679631484,TRUE,FALSE,0
"1.2.2.2.3.2.1.2.2.1.2.2.2.2.2.2.2.2.2.2.2.2",0.362054386480754,TRUE,FALSE,0
"2.2.2.2.3.2.2.2.2.2.2.2.2.2.2.2.1.2.2.2.1.2",0.348202321569403,TRUE,FALSE,0
"1.2.2.2.3.2.2.2.2.2.2.2.2.2.2.2.2.2.2.2.2.2",0.403702416324728,TRUE,FALSE,0
"1.2.3.2.3.2.2.2.2.2.2.2.2.2.2.2.2.2.2.2.2.2",0.412250829671272,TRUE,FALSE,0
"2.2.2.2.3.2.1.2.2.2.2.3.2.2.2.2.2.3.2.2.2.2",0.427802810833581,TRUE,FALSE,0
"1.2.2.2.3.2.1.2.2.1.2.2.2.2.2.2.2.2.2.3.2.2",0.39597658511798,TRUE,FALSE,0
"1.2.3.2.3.2.2.2.2.1.2.2.2.2.2.2.2.2.2.2.2.2",0.426799735206998,TRUE,FALSE,0
"1.2.2.2.3.2.1.2.2.1.2.2.2.2.2.2.2.2.2.2.2.1",0.291313447701635,TRUE,FALSE,0
"3.2.2.2.3.2.2.2.2.2.1.2.2.2.2.2.2.2.2.2.2.2",0.392650613907663,TRUE,FALSE,0
"1.2.2.2.3.2.1.2.2.1.2.2.2.2.2.2.3.2.2.2.2.2",0.410816098786802,TRUE,FALSE,0
"2.1.2.2.3.2.2.2.2.2.1.2.2.2.2.3.2.3.2.2.2.2",0.375256284287463,TRUE,FALSE,0
"2.2.4.2.2.2.2.2.2.2.2.2.2.2.2.2.2.2.2.3.2.2",0.4492129396263,TRUE,FALSE,0
"2.2.2.2.3.2.1.2.2.2.2.2.2.1.2.2.2.3.2.2.2.2",0.36136359321765,TRUE,FALSE,0
"2.2.3.2.2.2.2.2.2.2.2.2.2.2.2.1.2.2.2.3.2.2",0.444701031625304,TRUE,FALSE,0
"1.2.1.2.3.2.1.2.2.1.2.2.2.2.2.2.2.2.2.2.2.1",0.270634459081248,TRUE,FALSE,0
"2.2.3.2.3.2.2.2.2.2.2.2.2.2.2.2.3.2.2.2.2.2",0.478200687813745,TRUE,FALSE,0
"2.2.2.2.2.2.2.2.2.2.2.2.2.2.2.2.2.2.2.4.2.2",0.482857923016666,TRUE,FALSE,0
"2.2.2.2.3.2.2.2.2.2.1.2.2.2.2.3.1.3.2.2.2.2",0.353788640449429,TRUE,FALSE,0
"2.2.2.2.3.2.1.2.2.2.2.2.2.1.2.2.2.3.2.1.2.2",0.301242366590332,TRUE,FALSE,0
"1.2.2.2.3.2.1.2.2.1.2.2.2.2.2.2.2.2.2.3.2.1",0.334699934694766,TRUE,FALSE,0
"2.1.2.2.3.2.2.2.2.2.2.2.2.2.2.2.3.2.2.2.2.2",0.429904119718973,TRUE,FALSE,0
"1.2.2.2.3.2.1.2.2.1.2.2.2.2.2.2.3.2.2.2.1.2",0.382827118650222,TRUE,FALSE,0
"2.2.2.2.3.2.1.2.2.2.2.2.2.2.2.2.2.2.2.2.3.2",0.38377817293707,TRUE,FALSE,0
"2.2.2.2.2.2.2.2.2.2.2.2.2.3.2.2.2.2.2.2.2.2",0.45787652179406,TRUE,FALSE,0
"2.2.2.2.2.2.2.2.2.2.2.2.1.3.2.2.2.2.2.2.2.2",0.438537124229784,TRUE,FALSE,0
"2.2.2.2.3.2.2.2.2.2.2.2.2.2.2.2.1.2.2.2.3.2",0.380825294680986,TRUE,FALSE,0
"2.3.2.2.2.2.2.2.2.2.2.2.2.2.2.2.2.2.2.2.2.2",0.451614656594103,TRUE,FALSE,0
"2.2.2.2.3.2.1.2.3.2.2.2.2.1.2.2.2.3.2.2.2.2",0.369350344916083,TRUE,FALSE,0
"2.2.2.2.3.2.1.2.2.2.2.2.2.2.2.1.2.2.2.2.3.2",0.357740799302846,TRUE,FALSE,0
"2.2.3.2.2.2.2.2.2.2.2.2.1.2.2.2.2.2.2.3.2.2",0.447695054065452,TRUE,FALSE,0
"1.2.2.3.3.2.1.2.2.1.2.2.2.2.2.2.2.2.2.3.2.1",0.376978156596553,TRUE,FALSE,0
"2.2.2.2.2.2.2.2.2.2.2.2.2.2.2.2.2.2.2.2.3.2",0.417163499540512,TRUE,FALSE,0
"1.2.2.2.3.2.1.2.3.2.2.2.2.2.2.2.2.2.2.2.2.2",0.35305955625121,TRUE,FALSE,0
"1.1.3.2.3.2.2.2.2.2.2.2.2.2.2.2.2.2.2.2.2.2",0.365418915256714,TRUE,FALSE,0
"2.2.2.2.3.2.1.2.2.1.2.2.2.2.2.2.3.2.2.2.1.2",0.398572004731338,TRUE,FALSE,0
"3.2.2.2.2.2.2.2.2.2.2.2.2.2.2.2.2.2.2.2.2.2",0.443264329174967,FALSE,TRUE,37
"2.2.3.2.2.2.2.2.2.2.2.2.2.2.2.2.2.2.2.2.2.2",0.42414180342255,FALSE,TRUE,33
"2.2.2.3.2.2.2.2.2.2.2.2.2.2.2.2.2.2.2.2.2.2",0.464463814336029,FALSE,TRUE,38
"2.2.2.2.2.3.2.2.2.2.2.2.2.2.2.2.2.2.2.2.2.2",0.413753046013059,FALSE,TRUE,38
"2.2.2.2.2.2.3.2.2.2.2.2.2.2.2.2.2.2.2.2.2.2",0.44991493225577,FALSE,TRUE,38
"2.2.2.2.2.2.2.3.2.2.2.2.2.2.2.2.2.2.2.2.2.2",0.386220905205114,FALSE,TRUE,38
"2.2.2.2.2.2.2.2.3.2.2.2.2.2.2.2.2.2.2.2.2.2",0.419660556506815,FALSE,TRUE,38
"2.2.2.2.2.2.2.2.2.3.2.2.2.2.2.2.2.2.2.2.2.2",0.394705164376116,FALSE,TRUE,38
"2.2.2.2.2.2.2.2.2.2.3.2.2.2.2.2.2.2.2.2.2.2",0.448300492770057,FALSE,TRUE,38
"2.2.2.2.2.2.2.2.2.2.2.3.2.2.2.2.2.2.2.2.2.2",0.442483220664826,FALSE,TRUE,38
"2.2.2.2.2.2.2.2.2.2.2.2.3.2.2.2.2.2.2.2.2.2",0.432770398303212,FALSE,TRUE,38
"2.2.2.2.2.2.2.2.2.2.2.2.2.2.3.2.2.2.2.2.2.2",0.404882958073386,FALSE,TRUE,38
"2.2.2.2.2.2.2.2.2.2.2.2.2.2.2.3.2.2.2.2.2.2",0.43061079903022,FALSE,TRUE,38
"2.2.2.2.2.2.2.2.2.2.2.2.2.2.2.2.3.2.2.2.2.2",0.464862339303198,FALSE,TRUE,35
"2.2.2.2.2.2.2.2.2.2.2.2.2.2.2.2.2.3.2.2.2.2",0.456200709233466,FALSE,TRUE,36
"2.2.2.2.2.2.2.2.2.2.2.2.2.2.2.2.2.2.3.2.2.2",0.418783225038798,FALSE,TRUE,38
"2.2.2.2.2.2.2.2.2.2.2.2.2.2.2.2.2.2.2.2.2.3",0.471032800398828,FALSE,TRUE,38
"1.2.2.2.2.2.2.2.2.2.2.2.2.2.2.2.2.2.2.2.2.2",0.388222266161421,FALSE,TRUE,35
"2.1.2.2.2.2.2.2.2.2.2.2.2.2.2.2.2.2.2.2.2.2",0.378537805815842,FALSE,TRUE,37
"2.2.1.2.2.2.2.2.2.2.2.2.2.2.2.2.2.2.2.2.2.2",0.401391526572121,FALSE,TRUE,37
"2.2.2.1.2.2.2.2.2.2.2.2.2.2.2.2.2.2.2.2.2.2",0.367258270976984,FALSE,TRUE,37
"2.2.2.2.1.2.2.2.2.2.2.2.2.2.2.2.2.2.2.2.2.2",0.400390149068265,FALSE,TRUE,38
"2.2.2.2.2.1.2.2.2.2.2.2.2.2.2.2.2.2.2.2.2.2",0.418877520811086,FALSE,TRUE,37
"2.2.2.2.2.2.1.2.2.2.2.2.2.2.2.2.2.2.2.2.2.2",0.360737685319518,FALSE,TRUE,35
"2.2.2.2.2.2.2.1.2.2.2.2.2.2.2.2.2.2.2.2.2.2",0.439897082340451,FALSE,TRUE,37
"2.2.2.2.2.2.2.2.1.2.2.2.2.2.2.2.2.2.2.2.2.2",0.409547023395895,FALSE,TRUE,37
"2.2.2.2.2.2.2.2.2.1.2.2.2.2.2.2.2.2.2.2.2.2",0.436286198217151,FALSE,TRUE,37
"2.2.2.2.2.2.2.2.2.2.1.2.2.2.2.2.2.2.2.2.2.2",0.363575875917531,FALSE,TRUE,34
"2.2.2.2.2.2.2.2.2.2.2.1.2.2.2.2.2.2.2.2.2.2",0.391458399099746,FALSE,TRUE,37
"2.2.2.2.2.2.2.2.2.2.2.2.1.2.2.2.2.2.2.2.2.2",0.396568178393867,FALSE,TRUE,36
"2.2.2.2.2.2.2.2.2.2.2.2.2.1.2.2.2.2.2.2.2.2",0.37327764300592,FALSE,TRUE,38
"2.2.2.2.2.2.2.2.2.2.2.2.2.2.1.2.2.2.2.2.2.2",0.423934760502991,FALSE,TRUE,37
"2.2.2.2.2.2.2.2.2.2.2.2.2.2.2.1.2.2.2.2.2.2",0.400473406846064,FALSE,TRUE,36
"2.2.2.2.2.2.2.2.2.2.2.2.2.2.2.2.1.2.2.2.2.2",0.35935028190225,FALSE,TRUE,36
"2.2.2.2.2.2.2.2.2.2.2.2.2.2.2.2.2.1.2.2.2.2",0.376086429895701,FALSE,TRUE,37
"2.2.2.2.2.2.2.2.2.2.2.2.2.2.2.2.2.2.1.2.2.2",0.404817859129377,FALSE,TRUE,37
"2.2.2.2.2.2.2.2.2.2.2.2.2.2.2.2.2.2.2.1.2.2",0.365545615736455,FALSE,TRUE,38
"2.2.2.2.2.2.2.2.2.2.2.2.2.2.2.2.2.2.2.2.1.2",0.40226345870181,FALSE,TRUE,37
"2.2.2.2.2.2.2.2.2.2.2.2.2.2.2.2.2.2.2.2.2.1",0.349629248310994,FALSE,TRUE,37
"3.2.2.2.3.2.2.2.2.2.2.2.2.2.2.2.2.2.2.2.2.2",0.450991973434629,FALSE,TRUE,38
"2.3.2.2.3.2.2.2.2.2.2.2.2.2.2.2.2.2.2.2.2.2",0.464364707600508,FALSE,TRUE,37
"2.2.3.2.3.2.2.2.2.2.2.2.2.2.2.2.2.2.2.2.2.2",0.439588369267932,FALSE,TRUE,34
"2.2.2.3.3.2.2.2.2.2.2.2.2.2.2.2.2.2.2.2.2.2",0.473106009160263,FALSE,TRUE,37
"2.2.2.2.4.2.2.2.2.2.2.2.2.2.2.2.2.2.2.2.2.2",0.436351260832442,FALSE,TRUE,38
"2.2.2.2.3.3.2.2.2.2.2.2.2.2.2.2.2.2.2.2.2.2",0.428797213976037,FALSE,TRUE,37
"2.2.2.2.3.2.3.2.2.2.2.2.2.2.2.2.2.2.2.2.2.2",0.463335300771711,FALSE,TRUE,38
"2.2.2.2.3.2.2.3.2.2.2.2.2.2.2.2.2.2.2.2.2.2",0.397434843334132,FALSE,TRUE,37
"2.2.2.2.3.2.2.2.3.2.2.2.2.2.2.2.2.2.2.2.2.2",0.432588315451587,FALSE,TRUE,37
"2.2.2.2.3.2.2.2.2.3.2.2.2.2.2.2.2.2.2.2.2.2",0.415373507845908,FALSE,TRUE,37
"2.2.2.2.3.2.2.2.2.2.3.2.2.2.2.2.2.2.2.2.2.2",0.461810038176062,FALSE,TRUE,38
"2.2.2.2.3.2.2.2.2.2.2.3.2.2.2.2.2.2.2.2.2.2",0.453493666597249,FALSE,TRUE,36
"2.2.2.2.3.2.2.2.2.2.2.2.3.2.2.2.2.2.2.2.2.2",0.445897709699493,FALSE,TRUE,37
"2.2.2.2.3.2.2.2.2.2.2.2.2.3.2.2.2.2.2.2.2.2",0.466138924461801,FALSE,TRUE,36
"2.2.2.2.3.2.2.2.2.2.2.2.2.2.3.2.2.2.2.2.2.2",0.418959365957482,FALSE,TRUE,37
"2.2.2.2.3.2.2.2.2.2.2.2.2.2.2.3.2.2.2.2.2.2",0.445535740819879,FALSE,TRUE,36
"2.2.2.2.3.2.2.2.2.2.2.2.2.2.2.2.2.3.2.2.2.2",0.467909426277127,FALSE,TRUE,33
"2.2.2.2.3.2.2.2.2.2.2.2.2.2.2.2.2.2.3.2.2.2",0.426229157711545,FALSE,TRUE,37
"2.2.2.2.3.2.2.2.2.2.2.2.2.2.2.2.2.2.2.3.2.2",0.465871902538562,FALSE,TRUE,35
"2.2.2.2.3.2.2.2.2.2.2.2.2.2.2.2.2.2.2.2.3.2",0.428826494170457,FALSE,TRUE,36
"2.2.2.2.3.2.2.2.2.2.2.2.2.2.2.2.2.2.2.2.2.3",0.480159775031621,FALSE,TRUE,37
"2.1.2.2.3.2.2.2.2.2.2.2.2.2.2.2.2.2.2.2.2.2",0.390612202050185,FALSE,TRUE,35
"2.2.1.2.3.2.2.2.2.2.2.2.2.2.2.2.2.2.2.2.2.2",0.410618671127966,FALSE,TRUE,36
"2.2.2.1.3.2.2.2.2.2.2.2.2.2.2.2.2.2.2.2.2.2",0.382264843684511,FALSE,TRUE,36
"2.2.2.2.3.1.2.2.2.2.2.2.2.2.2.2.2.2.2.2.2.2",0.428647966068373,FALSE,TRUE,36
"2.2.2.2.3.2.2.1.2.2.2.2.2.2.2.2.2.2.2.2.2.2",0.45328294069614,FALSE,TRUE,36
"2.2.2.2.3.2.2.2.1.2.2.2.2.2.2.2.2.2.2.2.2.2",0.421177741874843,FALSE,TRUE,36
"2.2.2.2.3.2.2.2.2.1.2.2.2.2.2.2.2.2.2.2.2.2",0.440509636017758,FALSE,TRUE,35
"2.2.2.2.3.2.2.2.2.2.2.1.2.2.2.2.2.2.2.2.2.2",0.405480535671191,FALSE,TRUE,35
"2.2.2.2.3.2.2.2.2.2.2.2.1.2.2.2.2.2.2.2.2.2",0.40891252693867,FALSE,TRUE,35
"2.2.2.2.3.2.2.2.2.2.2.2.2.1.2.2.2.2.2.2.2.2",0.388560064044088,FALSE,TRUE,35
"2.2.2.2.3.2.2.2.2.2.2.2.2.2.1.2.2.2.2.2.2.2",0.434653199247256,FALSE,TRUE,36
"2.2.2.2.3.2.2.2.2.2.2.2.2.2.2.1.2.2.2.2.2.2",0.409792451610045,FALSE,TRUE,35
"2.2.2.2.3.2.2.2.2.2.2.2.2.2.2.2.2.1.2.2.2.2",0.388613237565693,FALSE,TRUE,36
"2.2.2.2.3.2.2.2.2.2.2.2.2.2.2.2.2.2.1.2.2.2",0.421957097094905,FALSE,TRUE,36
"2.2.2.2.3.2.2.2.2.2.2.2.2.2.2.2.2.2.2.1.2.2",0.382193232305004,FALSE,TRUE,36
"2.2.2.2.3.2.2.2.2.2.2.2.2.2.2.2.2.2.2.2.1.2",0.41514916848442,FALSE,TRUE,36
"2.2.2.2.3.2.2.2.2.2.2.2.2.2.2.2.2.2.2.2.2.1",0.363879601121681,FALSE,TRUE,36
"3.2.2.2.3.2.2.2.2.2.2.2.2.2.2.2.1.2.2.2.2.2",0.395046640054703,FALSE,TRUE,38
"2.3.2.2.3.2.2.2.2.2.2.2.2.2.2.2.1.2.2.2.2.2",0.403432096563775,FALSE,TRUE,38
"2.2.3.2.3.2.2.2.2.2.2.2.2.2.2.2.1.2.2.2.2.2",0.38415426880522,FALSE,TRUE,38
"2.2.2.3.3.2.2.2.2.2.2.2.2.2.2.2.1.2.2.2.2.2",0.417119889277593,FALSE,TRUE,39
"2.2.2.2.4.2.2.2.2.2.2.2.2.2.2.2.1.2.2.2.2.2",0.382315835537329,FALSE,TRUE,39
"2.2.2.2.3.3.2.2.2.2.2.2.2.2.2.2.1.2.2.2.2.2",0.367169540763212,FALSE,TRUE,39
"2.2.2.2.3.2.3.2.2.2.2.2.2.2.2.2.1.2.2.2.2.2",0.416378814703278,FALSE,TRUE,39
"2.2.2.2.3.2.2.3.2.2.2.2.2.2.2.2.1.2.2.2.2.2",0.34978094766452,FALSE,TRUE,39
"2.2.2.2.3.2.2.2.3.2.2.2.2.2.2.2.1.2.2.2.2.2",0.377487656478079,FALSE,TRUE,39
"2.2.2.2.3.2.2.2.2.3.2.2.2.2.2.2.1.2.2.2.2.2",0.353938466701877,FALSE,TRUE,39
"2.2.2.2.3.2.2.2.2.2.3.2.2.2.2.2.1.2.2.2.2.2",0.41098310729537,FALSE,TRUE,39
"2.2.2.2.3.2.2.2.2.2.2.3.2.2.2.2.1.2.2.2.2.2",0.398190639869939,FALSE,TRUE,39
"2.2.2.2.3.2.2.2.2.2.2.2.3.2.2.2.1.2.2.2.2.2",0.385057180929596,FALSE,TRUE,39
"2.2.2.2.3.2.2.2.2.2.2.2.2.3.2.2.1.2.2.2.2.2",0.410004837817857,FALSE,TRUE,38
"2.2.2.2.3.2.2.2.2.2.2.2.2.2.3.2.1.2.2.2.2.2",0.365651594074775,FALSE,TRUE,39
"2.2.2.2.3.2.2.2.2.2.2.2.2.2.2.3.1.2.2.2.2.2",0.384932643669138,FALSE,TRUE,37
"2.2.2.2.3.2.2.2.2.2.2.2.2.2.2.2.1.3.2.2.2.2",0.40715318796309,FALSE,TRUE,36
"2.2.2.2.3.2.2.2.2.2.2.2.2.2.2.2.1.2.3.2.2.2",0.369722401157964,FALSE,TRUE,39
"2.2.2.2.3.2.2.2.2.2.2.2.2.2.2.2.1.2.2.3.2.2",0.40935496955478,FALSE,TRUE,38
"2.2.2.2.3.2.2.2.2.2.2.2.2.2.2.2.1.2.2.2.2.3",0.425869230193517,FALSE,TRUE,39
"1.2.2.2.3.2.2.2.2.2.2.2.2.2.2.2.1.2.2.2.2.2",0.346937820256005,FALSE,TRUE,36
"2.1.2.2.3.2.2.2.2.2.2.2.2.2.2.2.1.2.2.2.2.2",0.336834119364914,FALSE,TRUE,38
"2.2.1.2.3.2.2.2.2.2.2.2.2.2.2.2.1.2.2.2.2.2",0.351728046431772,FALSE,TRUE,38
"2.2.2.1.3.2.2.2.2.2.2.2.2.2.2.2.1.2.2.2.2.2",0.325789528763928,FALSE,TRUE,38
"2.2.2.2.3.1.2.2.2.2.2.2.2.2.2.2.1.2.2.2.2.2",0.375997590585616,FALSE,TRUE,38
"2.2.2.2.3.2.1.2.2.2.2.2.2.2.2.2.1.2.2.2.2.2",0.304393582442314,FALSE,TRUE,36
"2.2.2.2.3.2.2.1.2.2.2.2.2.2.2.2.1.2.2.2.2.2",0.385735418575086,FALSE,TRUE,38
"2.2.2.2.3.2.2.2.1.2.2.2.2.2.2.2.1.2.2.2.2.2",0.361242725696741,FALSE,TRUE,38
"2.2.2.2.3.2.2.2.2.1.2.2.2.2.2.2.1.2.2.2.2.2",0.387602530416886,FALSE,TRUE,38
"2.2.2.2.3.2.2.2.2.2.1.2.2.2.2.2.1.2.2.2.2.2",0.3103204809909,FALSE,TRUE,35
"2.2.2.2.3.2.2.2.2.2.2.1.2.2.2.2.1.2.2.2.2.2",0.348047918931841,FALSE,TRUE,38
"2.2.2.2.3.2.2.2.2.2.2.2.1.2.2.2.1.2.2.2.2.2",0.355669174572027,FALSE,TRUE,38
"2.2.2.2.3.2.2.2.2.2.2.2.2.1.2.2.1.2.2.2.2.2",0.331051239244757,FALSE,TRUE,38
"2.2.2.2.3.2.2.2.2.2.2.2.2.2.1.2.1.2.2.2.2.2",0.37300894759246,FALSE,TRUE,38
"2.2.2.2.3.2.2.2.2.2.2.2.2.2.2.1.1.2.2.2.2.2",0.356698641015804,FALSE,TRUE,38
"2.2.2.2.3.2.2.2.2.2.2.2.2.2.2.2.1.1.2.2.2.2",0.335592683271563,FALSE,TRUE,38
"2.2.2.2.3.2.2.2.2.2.2.2.2.2.2.2.1.2.1.2.2.2",0.364345420114489,FALSE,TRUE,38
"2.2.2.2.3.2.2.2.2.2.2.2.2.2.2.2.1.2.2.1.2.2",0.32431958167827,FALSE,TRUE,38
"2.2.2.2.3.2.2.2.2.2.2.2.2.2.2.2.1.2.2.2.2.1",0.304411708623635,FALSE,TRUE,38
"3.2.2.2.3.2.1.2.2.2.2.2.2.2.2.2.2.2.2.2.2.2",0.386147473422577,FALSE,TRUE,38
"2.3.2.2.3.2.1.2.2.2.2.2.2.2.2.2.2.2.2.2.2.2",0.407458112668455,FALSE,TRUE,36
"2.2.3.2.3.2.1.2.2.2.2.2.2.2.2.2.2.2.2.2.2.2",0.381140618948163,FALSE,TRUE,37
"2.2.2.3.3.2.1.2.2.2.2.2.2.2.2.2.2.2.2.2.2.2",0.415701182263392,FALSE,TRUE,38
"2.2.2.2.4.2.1.2.2.2.2.2.2.2.2.2.2.2.2.2.2.2",0.373946396838511,FALSE,TRUE,38
"2.2.2.2.3.3.1.2.2.2.2.2.2.2.2.2.2.2.2.2.2.2",0.362612816547844,FALSE,TRUE,38
"2.2.2.2.3.2.1.3.2.2.2.2.2.2.2.2.2.2.2.2.2.2",0.342484678249576,FALSE,TRUE,38
"2.2.2.2.3.2.1.2.3.2.2.2.2.2.2.2.2.2.2.2.2.2",0.381476171133182,FALSE,TRUE,37
"2.2.2.2.3.2.1.2.2.3.2.2.2.2.2.2.2.2.2.2.2.2",0.35808409977835,FALSE,TRUE,38
"2.2.2.2.3.2.1.2.2.2.3.2.2.2.2.2.2.2.2.2.2.2",0.424063285112822,FALSE,TRUE,38
"2.2.2.2.3.2.1.2.2.2.2.3.2.2.2.2.2.2.2.2.2.2",0.392137934063297,FALSE,TRUE,38
"2.2.2.2.3.2.1.2.2.2.2.2.3.2.2.2.2.2.2.2.2.2",0.383571340200328,FALSE,TRUE,38
"2.2.2.2.3.2.1.2.2.2.2.2.2.3.2.2.2.2.2.2.2.2",0.403813223538575,FALSE,TRUE,37
"2.2.2.2.3.2.1.2.2.2.2.2.2.2.3.2.2.2.2.2.2.2",0.360376436435796,FALSE,TRUE,38
"2.2.2.2.3.2.1.2.2.2.2.2.2.2.2.3.2.2.2.2.2.2",0.38391121155826,FALSE,TRUE,38
"2.2.2.2.3.2.1.2.2.2.2.2.2.2.2.2.3.2.2.2.2.2",0.423858143033366,FALSE,TRUE,32
"2.2.2.2.3.2.1.2.2.2.2.2.2.2.2.2.2.2.3.2.2.2",0.361014837371871,FALSE,TRUE,38
"2.2.2.2.3.2.1.2.2.2.2.2.2.2.2.2.2.2.2.3.2.2",0.40915874987337,FALSE,TRUE,36
"2.2.2.2.3.2.1.2.2.2.2.2.2.2.2.2.2.2.2.2.2.3",0.43220020525924,FALSE,TRUE,38
"2.1.2.2.3.2.1.2.2.2.2.2.2.2.2.2.2.2.2.2.2.2",0.326760332755593,FALSE,TRUE,36
"2.2.1.2.3.2.1.2.2.2.2.2.2.2.2.2.2.2.2.2.2.2",0.348788374297859,FALSE,TRUE,37
"2.2.2.1.3.2.1.2.2.2.2.2.2.2.2.2.2.2.2.2.2.2",0.319952072219485,FALSE,TRUE,37
"2.2.2.2.3.1.1.2.2.2.2.2.2.2.2.2.2.2.2.2.2.2",0.374005517242332,FALSE,TRUE,37
"2.2.2.2.3.2.1.1.2.2.2.2.2.2.2.2.2.2.2.2.2.2",0.387117372146127,FALSE,TRUE,37
"2.2.2.2.3.2.1.2.1.2.2.2.2.2.2.2.2.2.2.2.2.2",0.351320456818284,FALSE,TRUE,37
"2.2.2.2.3.2.1.2.2.1.2.2.2.2.2.2.2.2.2.2.2.2",0.377341034740954,FALSE,TRUE,33
"2.2.2.2.3.2.1.2.2.2.1.2.2.2.2.2.2.2.2.2.2.2",0.293656542974217,FALSE,TRUE,35
"2.2.2.2.3.2.1.2.2.2.2.1.2.2.2.2.2.2.2.2.2.2",0.347329945590487,FALSE,TRUE,37
"2.2.2.2.3.2.1.2.2.2.2.2.1.2.2.2.2.2.2.2.2.2",0.350608213026479,FALSE,TRUE,37
"2.2.2.2.3.2.1.2.2.2.2.2.2.1.2.2.2.2.2.2.2.2",0.330237394933103,FALSE,TRUE,35
"2.2.2.2.3.2.1.2.2.2.2.2.2.2.1.2.2.2.2.2.2.2",0.372848783526976,FALSE,TRUE,37
"2.2.2.2.3.2.1.2.2.2.2.2.2.2.2.1.2.2.2.2.2.2",0.351340035203495,FALSE,TRUE,37
"2.2.2.2.3.2.1.2.2.2.2.2.2.2.2.2.2.1.2.2.2.2",0.329787456790802,FALSE,TRUE,38
"2.2.2.2.3.2.1.2.2.2.2.2.2.2.2.2.2.2.1.2.2.2",0.367203735406828,FALSE,TRUE,37
"2.2.2.2.3.2.1.2.2.2.2.2.2.2.2.2.2.2.2.1.2.2",0.317873029787661,FALSE,TRUE,36
"2.2.2.2.3.2.1.2.2.2.2.2.2.2.2.2.2.2.2.2.1.2",0.339516246237205,FALSE,TRUE,35
"2.2.2.2.3.2.1.2.2.2.2.2.2.2.2.2.2.2.2.2.2.1",0.291994356953953,FALSE,TRUE,36
"2.3.2.2.3.2.2.2.2.2.1.2.2.2.2.2.2.2.2.2.2.2",0.412982811286145,FALSE,TRUE,37
"2.2.3.2.3.2.2.2.2.2.1.2.2.2.2.2.2.2.2.2.2.2",0.383217572936389,FALSE,TRUE,37
"2.2.2.3.3.2.2.2.2.2.1.2.2.2.2.2.2.2.2.2.2.2",0.417165830928212,FALSE,TRUE,38
"2.2.2.2.4.2.2.2.2.2.1.2.2.2.2.2.2.2.2.2.2.2",0.377608244698937,FALSE,TRUE,38
"2.2.2.2.3.3.2.2.2.2.1.2.2.2.2.2.2.2.2.2.2.2",0.366211911952771,FALSE,TRUE,38
"2.2.2.2.3.2.3.2.2.2.1.2.2.2.2.2.2.2.2.2.2.2",0.428488685116772,FALSE,TRUE,38
"2.2.2.2.3.2.2.3.2.2.1.2.2.2.2.2.2.2.2.2.2.2",0.343078070813214,FALSE,TRUE,38
"2.2.2.2.3.2.2.2.3.2.1.2.2.2.2.2.2.2.2.2.2.2",0.383622790056168,FALSE,TRUE,38
"2.2.2.2.3.2.2.2.2.3.1.2.2.2.2.2.2.2.2.2.2.2",0.359491712281512,FALSE,TRUE,38
"2.2.2.2.3.2.2.2.2.2.1.3.2.2.2.2.2.2.2.2.2.2",0.395204863523542,FALSE,TRUE,38
"2.2.2.2.3.2.2.2.2.2.1.2.3.2.2.2.2.2.2.2.2.2",0.389444045069087,FALSE,TRUE,38
"2.2.2.2.3.2.2.2.2.2.1.2.2.3.2.2.2.2.2.2.2.2",0.408350188964859,FALSE,TRUE,37
"2.2.2.2.3.2.2.2.2.2.1.2.2.2.3.2.2.2.2.2.2.2",0.360654222578965,FALSE,TRUE,38
"2.2.2.2.3.2.2.2.2.2.1.2.2.2.2.3.2.2.2.2.2.2",0.387941077938266,FALSE,TRUE,36
"2.2.2.2.3.2.2.2.2.2.1.2.2.2.2.2.2.2.3.2.2.2",0.366154245182835,FALSE,TRUE,38
"2.2.2.2.3.2.2.2.2.2.1.2.2.2.2.2.2.2.2.3.2.2",0.41639389111674,FALSE,TRUE,37
"2.2.2.2.3.2.2.2.2.2.1.2.2.2.2.2.2.2.2.2.3.2",0.38420223977773,FALSE,TRUE,35
"2.2.2.2.3.2.2.2.2.2.1.2.2.2.2.2.2.2.2.2.2.3",0.438104329755148,FALSE,TRUE,38
"1.2.2.2.3.2.2.2.2.2.1.2.2.2.2.2.2.2.2.2.2.2",0.348198197170042,FALSE,TRUE,36
"2.1.2.2.3.2.2.2.2.2.1.2.2.2.2.2.2.2.2.2.2.2",0.327978291332502,FALSE,TRUE,36
"2.2.1.2.3.2.2.2.2.2.1.2.2.2.2.2.2.2.2.2.2.2",0.353366663105786,FALSE,TRUE,37
"2.2.2.1.3.2.2.2.2.2.1.2.2.2.2.2.2.2.2.2.2.2",0.324122304038869,FALSE,TRUE,37
"2.2.2.2.3.1.2.2.2.2.1.2.2.2.2.2.2.2.2.2.2.2",0.376168868951952,FALSE,TRUE,37
"2.2.2.2.3.2.2.1.2.2.1.2.2.2.2.2.2.2.2.2.2.2",0.393112289748294,FALSE,TRUE,37
"2.2.2.2.3.2.2.2.1.2.1.2.2.2.2.2.2.2.2.2.2.2",0.35539764465515,FALSE,TRUE,37
"2.2.2.2.3.2.2.2.2.1.1.2.2.2.2.2.2.2.2.2.2.2",0.382513533790586,FALSE,TRUE,37
"2.2.2.2.3.2.2.2.2.2.1.1.2.2.2.2.2.2.2.2.2.2",0.349240327317304,FALSE,TRUE,37
"2.2.2.2.3.2.2.2.2.2.1.2.1.2.2.2.2.2.2.2.2.2",0.350770106407679,FALSE,TRUE,37
"2.2.2.2.3.2.2.2.2.2.1.2.2.1.2.2.2.2.2.2.2.2",0.332006205092613,FALSE,TRUE,37
"2.2.2.2.3.2.2.2.2.2.1.2.2.2.1.2.2.2.2.2.2.2",0.378807632907416,FALSE,TRUE,37
"2.2.2.2.3.2.2.2.2.2.1.2.2.2.2.1.2.2.2.2.2.2",0.354204569118352,FALSE,TRUE,37
"2.2.2.2.3.2.2.2.2.2.1.2.2.2.2.2.2.1.2.2.2.2",0.335745185552733,FALSE,TRUE,38
"2.2.2.2.3.2.2.2.2.2.1.2.2.2.2.2.2.2.1.2.2.2",0.368202611716665,FALSE,TRUE,37
"2.2.2.2.3.2.2.2.2.2.1.2.2.2.2.2.2.2.2.1.2.2",0.317347446815049,FALSE,TRUE,37
"2.2.2.2.3.2.2.2.2.2.1.2.2.2.2.2.2.2.2.2.1.2",0.345390619180015,FALSE,TRUE,36
"2.2.2.2.3.2.2.2.2.2.1.2.2.2.2.2.2.2.2.2.2.1",0.292849964697232,FALSE,TRUE,37
"3.2.2.2.3.2.2.2.2.2.2.2.2.2.2.2.3.2.2.2.2.2",0.490507487430206,FALSE,TRUE,38
"2.2.2.3.3.2.2.2.2.2.2.2.2.2.2.2.3.2.2.2.2.2",0.510737123241027,FALSE,TRUE,38
"2.2.2.2.4.2.2.2.2.2.2.2.2.2.2.2.3.2.2.2.2.2",0.473254199062337,FALSE,TRUE,38
"2.2.2.2.3.3.2.2.2.2.2.2.2.2.2.2.3.2.2.2.2.2",0.473460712015609,FALSE,TRUE,38
"2.2.2.2.3.2.3.2.2.2.2.2.2.2.2.2.3.2.2.2.2.2",0.494379175984927,FALSE,TRUE,38
"2.2.2.2.3.2.2.3.2.2.2.2.2.2.2.2.3.2.2.2.2.2",0.429959295555933,FALSE,TRUE,38
"2.2.2.2.3.2.2.2.3.2.2.2.2.2.2.2.3.2.2.2.2.2",0.472317380694447,FALSE,TRUE,38
"2.2.2.2.3.2.2.2.2.3.2.2.2.2.2.2.3.2.2.2.2.2",0.460633599814626,FALSE,TRUE,38
"2.2.2.2.3.2.2.2.2.2.3.2.2.2.2.2.3.2.2.2.2.2",0.496950389576215,FALSE,TRUE,39
"2.2.2.2.3.2.2.2.2.2.2.3.2.2.2.2.3.2.2.2.2.2",0.490986000724435,FALSE,TRUE,38
"2.2.2.2.3.2.2.2.2.2.2.2.3.2.2.2.3.2.2.2.2.2",0.489447367172282,FALSE,TRUE,38
"2.2.2.2.3.2.2.2.2.2.2.2.2.3.2.2.3.2.2.2.2.2",0.50448865420328,FALSE,TRUE,37
"2.2.2.2.3.2.2.2.2.2.2.2.2.2.3.2.3.2.2.2.2.2",0.456216208536345,FALSE,TRUE,38
"2.2.2.2.3.2.2.2.2.2.2.2.2.2.2.3.3.2.2.2.2.2",0.489263153742919,FALSE,TRUE,38
"2.2.2.2.3.2.2.2.2.2.2.2.2.2.2.2.4.2.2.2.2.2",0.499086437961012,FALSE,TRUE,39
"2.2.2.2.3.2.2.2.2.2.2.2.2.2.2.2.3.3.2.2.2.2",0.510886349829763,FALSE,TRUE,37
"2.2.2.2.3.2.2.2.2.2.2.2.2.2.2.2.3.2.3.2.2.2",0.467512872945069,FALSE,TRUE,38
"2.2.2.2.3.2.2.2.2.2.2.2.2.2.2.2.3.2.2.3.2.2",0.505822407959076,FALSE,TRUE,37
"2.2.2.2.3.2.2.2.2.2.2.2.2.2.2.2.3.2.2.2.3.2",0.462189178966451,FALSE,TRUE,36
"2.2.2.2.3.2.2.2.2.2.2.2.2.2.2.2.3.2.2.2.2.3",0.517364696496451,FALSE,TRUE,38
"1.2.2.2.3.2.2.2.2.2.2.2.2.2.2.2.3.2.2.2.2.2",0.445263517493083,FALSE,TRUE,35
"2.2.1.2.3.2.2.2.2.2.2.2.2.2.2.2.3.2.2.2.2.2",0.454724371992006,FALSE,TRUE,38
"2.2.2.1.3.2.2.2.2.2.2.2.2.2.2.2.3.2.2.2.2.2",0.425533970577711,FALSE,TRUE,37
"2.2.2.2.3.1.2.2.2.2.2.2.2.2.2.2.3.2.2.2.2.2",0.466490786205323,FALSE,TRUE,37
"2.2.2.2.3.2.2.1.2.2.2.2.2.2.2.2.3.2.2.2.2.2",0.504309499016664,FALSE,TRUE,37
"2.2.2.2.3.2.2.2.1.2.2.2.2.2.2.2.3.2.2.2.2.2",0.464730216899177,FALSE,TRUE,37
"2.2.2.2.3.2.2.2.2.1.2.2.2.2.2.2.3.2.2.2.2.2",0.477904969989086,FALSE,TRUE,34
"2.2.2.2.3.2.2.2.2.2.2.1.2.2.2.2.3.2.2.2.2.2",0.448968754675443,FALSE,TRUE,37
"2.2.2.2.3.2.2.2.2.2.2.2.1.2.2.2.3.2.2.2.2.2",0.44767798419289,FALSE,TRUE,37
"2.2.2.2.3.2.2.2.2.2.2.2.2.1.2.2.3.2.2.2.2.2",0.432220687617416,FALSE,TRUE,37
"2.2.2.2.3.2.2.2.2.2.2.2.2.2.1.2.3.2.2.2.2.2",0.480698861727643,FALSE,TRUE,37
"2.2.2.2.3.2.2.2.2.2.2.2.2.2.2.1.3.2.2.2.2.2",0.447978637883328,FALSE,TRUE,37
"2.2.2.2.3.2.2.2.2.2.2.2.2.2.2.2.3.1.2.2.2.2",0.427710038981308,FALSE,TRUE,37
"2.2.2.2.3.2.2.2.2.2.2.2.2.2.2.2.3.2.1.2.2.2",0.46322563905083,FALSE,TRUE,37
"2.2.2.2.3.2.2.2.2.2.2.2.2.2.2.2.3.2.2.1.2.2",0.425066163657419,FALSE,TRUE,37
"2.2.2.2.3.2.2.2.2.2.2.2.2.2.2.2.3.2.2.2.1.2",0.465387411103552,FALSE,TRUE,35
"2.2.2.2.3.2.2.2.2.2.2.2.2.2.2.2.3.2.2.2.2.1",0.408980022722025,FALSE,TRUE,37
"3.2.2.2.2.2.2.2.2.2.2.2.2.2.2.2.2.2.2.3.2.2",0.479204795991373,FALSE,TRUE,40
"2.3.2.2.2.2.2.2.2.2.2.2.2.2.2.2.2.2.2.3.2.2",0.480116823834726,FALSE,TRUE,40
"2.2.2.3.2.2.2.2.2.2.2.2.2.2.2.2.2.2.2.3.2.2",0.498830974662885,FALSE,TRUE,40
"2.2.2.2.2.3.2.2.2.2.2.2.2.2.2.2.2.2.2.3.2.2",0.452593336102571,FALSE,TRUE,40
"2.2.2.2.2.2.3.2.2.2.2.2.2.2.2.2.2.2.2.3.2.2",0.485733458223147,FALSE,TRUE,40
"2.2.2.2.2.2.2.3.2.2.2.2.2.2.2.2.2.2.2.3.2.2",0.430060545096411,FALSE,TRUE,40
"2.2.2.2.2.2.2.2.3.2.2.2.2.2.2.2.2.2.2.3.2.2",0.457755229251343,FALSE,TRUE,40
"2.2.2.2.2.2.2.2.2.3.2.2.2.2.2.2.2.2.2.3.2.2",0.439474741013615,FALSE,TRUE,40
"2.2.2.2.2.2.2.2.2.2.3.2.2.2.2.2.2.2.2.3.2.2",0.479769935742747,FALSE,TRUE,40
"2.2.2.2.2.2.2.2.2.2.2.3.2.2.2.2.2.2.2.3.2.2",0.473855973257772,FALSE,TRUE,40
"2.2.2.2.2.2.2.2.2.2.2.2.3.2.2.2.2.2.2.3.2.2",0.461104688352159,FALSE,TRUE,40
"2.2.2.2.2.2.2.2.2.2.2.2.2.3.2.2.2.2.2.3.2.2",0.489899717848114,FALSE,TRUE,39
"2.2.2.2.2.2.2.2.2.2.2.2.2.2.3.2.2.2.2.3.2.2",0.446476656301591,FALSE,TRUE,40
"2.2.2.2.2.2.2.2.2.2.2.2.2.2.2.3.2.2.2.3.2.2",0.463924302726403,FALSE,TRUE,40
"2.2.2.2.2.2.2.2.2.2.2.2.2.2.2.2.3.2.2.3.2.2",0.503135202085795,FALSE,TRUE,39
"2.2.2.2.2.2.2.2.2.2.2.2.2.2.2.2.2.3.2.3.2.2",0.495638109991741,FALSE,TRUE,40
"2.2.2.2.2.2.2.2.2.2.2.2.2.2.2.2.2.2.3.3.2.2",0.452509098130956,FALSE,TRUE,40
"2.2.2.2.2.2.2.2.2.2.2.2.2.2.2.2.2.2.2.3.3.2",0.459635992673482,FALSE,TRUE,40
"2.2.2.2.2.2.2.2.2.2.2.2.2.2.2.2.2.2.2.3.2.3",0.498343241258922,FALSE,TRUE,40
"1.2.2.2.2.2.2.2.2.2.2.2.2.2.2.2.2.2.2.3.2.2",0.429195002662941,FALSE,TRUE,38
"2.1.2.2.2.2.2.2.2.2.2.2.2.2.2.2.2.2.2.3.2.2",0.427952558808749,FALSE,TRUE,39
"2.2.1.2.2.2.2.2.2.2.2.2.2.2.2.2.2.2.2.3.2.2",0.442158134462947,FALSE,TRUE,40
"2.2.2.1.2.2.2.2.2.2.2.2.2.2.2.2.2.2.2.3.2.2",0.410479984897773,FALSE,TRUE,39
"2.2.2.2.1.2.2.2.2.2.2.2.2.2.2.2.2.2.2.3.2.2",0.443487440235614,FALSE,TRUE,39
"2.2.2.2.2.1.2.2.2.2.2.2.2.2.2.2.2.2.2.3.2.2",0.458099475223994,FALSE,TRUE,39
"2.2.2.2.2.2.1.2.2.2.2.2.2.2.2.2.2.2.2.3.2.2",0.402999995525316,FALSE,TRUE,38
"2.2.2.2.2.2.2.1.2.2.2.2.2.2.2.2.2.2.2.3.2.2",0.474087296546155,FALSE,TRUE,39
"2.2.2.2.2.2.2.2.1.2.2.2.2.2.2.2.2.2.2.3.2.2",0.449857469063558,FALSE,TRUE,39
"2.2.2.2.2.2.2.2.2.1.2.2.2.2.2.2.2.2.2.3.2.2",0.468949784238395,FALSE,TRUE,39
"2.2.2.2.2.2.2.2.2.2.1.2.2.2.2.2.2.2.2.3.2.2",0.409806596232417,FALSE,TRUE,38
"2.2.2.2.2.2.2.2.2.2.2.1.2.2.2.2.2.2.2.3.2.2",0.437801415436859,FALSE,TRUE,39
"2.2.2.2.2.2.2.2.2.2.2.2.1.2.2.2.2.2.2.3.2.2",0.445763168707298,FALSE,TRUE,38
"2.2.2.2.2.2.2.2.2.2.2.2.2.1.2.2.2.2.2.3.2.2",0.418912526142128,FALSE,TRUE,39
"2.2.2.2.2.2.2.2.2.2.2.2.2.2.1.2.2.2.2.3.2.2",0.46043608831248,FALSE,TRUE,39
"2.2.2.2.2.2.2.2.2.2.2.2.2.2.2.1.2.2.2.3.2.2",0.444908665222246,FALSE,TRUE,39
"2.2.2.2.2.2.2.2.2.2.2.2.2.2.2.2.1.2.2.3.2.2",0.398475036046072,FALSE,TRUE,38
"2.2.2.2.2.2.2.2.2.2.2.2.2.2.2.2.2.1.2.3.2.2",0.415241008763054,FALSE,TRUE,39
"2.2.2.2.2.2.2.2.2.2.2.2.2.2.2.2.2.2.1.3.2.2",0.448911038437204,FALSE,TRUE,39
"2.2.2.2.2.2.2.2.2.2.2.2.2.2.2.2.2.2.2.3.1.2",0.437745781743777,FALSE,TRUE,39
"2.2.2.2.2.2.2.2.2.2.2.2.2.2.2.2.2.2.2.3.2.1",0.399387138070131,FALSE,TRUE,39
"3.2.2.2.3.2.2.2.2.2.1.2.2.2.2.2.2.3.2.2.2.2",0.426153759149467,FALSE,TRUE,39
"2.3.2.2.3.2.2.2.2.2.1.2.2.2.2.2.2.3.2.2.2.2",0.447146357324849,FALSE,TRUE,39
"2.2.3.2.3.2.2.2.2.2.1.2.2.2.2.2.2.3.2.2.2.2",0.411883094542634,FALSE,TRUE,39
"2.2.2.3.3.2.2.2.2.2.1.2.2.2.2.2.2.3.2.2.2.2",0.450442204597736,FALSE,TRUE,39
"2.2.2.2.4.2.2.2.2.2.1.2.2.2.2.2.2.3.2.2.2.2",0.407841865625482,FALSE,TRUE,39
"2.2.2.2.3.3.2.2.2.2.1.2.2.2.2.2.2.3.2.2.2.2",0.392912440159905,FALSE,TRUE,39
"2.2.2.2.3.2.3.2.2.2.1.2.2.2.2.2.2.3.2.2.2.2",0.460025206625416,FALSE,TRUE,39
"2.2.2.2.3.2.2.3.2.2.1.2.2.2.2.2.2.3.2.2.2.2",0.37391839615529,FALSE,TRUE,39
"2.2.2.2.3.2.2.2.3.2.1.2.2.2.2.2.2.3.2.2.2.2",0.414766087287296,FALSE,TRUE,39
"2.2.2.2.3.2.2.2.2.3.1.2.2.2.2.2.2.3.2.2.2.2",0.385138126680285,FALSE,TRUE,39
"2.2.2.2.3.2.2.2.2.2.1.3.2.2.2.2.2.3.2.2.2.2",0.426624118499198,FALSE,TRUE,38
"2.2.2.2.3.2.2.2.2.2.1.2.3.2.2.2.2.3.2.2.2.2",0.422180507497144,FALSE,TRUE,39
"2.2.2.2.3.2.2.2.2.2.1.2.2.3.2.2.2.3.2.2.2.2",0.441827566156173,FALSE,TRUE,39
"2.2.2.2.3.2.2.2.2.2.1.2.2.2.3.2.2.3.2.2.2.2",0.39661316945669,FALSE,TRUE,39
"2.2.2.2.3.2.2.2.2.2.1.2.2.2.2.2.3.3.2.2.2.2",0.457525171995493,FALSE,TRUE,38
"2.2.2.2.3.2.2.2.2.2.1.2.2.2.2.2.2.4.2.2.2.2",0.426897903669451,FALSE,TRUE,40
"2.2.2.2.3.2.2.2.2.2.1.2.2.2.2.2.2.3.3.2.2.2",0.397721581204376,FALSE,TRUE,39
"2.2.2.2.3.2.2.2.2.2.1.2.2.2.2.2.2.3.2.3.2.2",0.447629784889345,FALSE,TRUE,39
"2.2.2.2.3.2.2.2.2.2.1.2.2.2.2.2.2.3.2.2.3.2",0.416818842140078,FALSE,TRUE,39
"2.2.2.2.3.2.2.2.2.2.1.2.2.2.2.2.2.3.2.2.2.3",0.466130492709889,FALSE,TRUE,39
"1.2.2.2.3.2.2.2.2.2.1.2.2.2.2.2.2.3.2.2.2.2",0.376445179079575,FALSE,TRUE,37
"2.1.2.2.3.2.2.2.2.2.1.2.2.2.2.2.2.3.2.2.2.2",0.355732454430757,FALSE,TRUE,38
"2.2.1.2.3.2.2.2.2.2.1.2.2.2.2.2.2.3.2.2.2.2",0.386618167671697,FALSE,TRUE,38
"2.2.2.1.3.2.2.2.2.2.1.2.2.2.2.2.2.3.2.2.2.2",0.351554671126056,FALSE,TRUE,38
"2.2.2.2.2.2.2.2.2.2.1.2.2.2.2.2.2.3.2.2.2.2",0.395504464868874,FALSE,TRUE,38
"2.2.2.2.3.1.2.2.2.2.1.2.2.2.2.2.2.3.2.2.2.2",0.410969842986329,FALSE,TRUE,38
"2.2.2.2.3.2.1.2.2.2.1.2.2.2.2.2.2.3.2.2.2.2",0.323506328755086,FALSE,TRUE,35
"2.2.2.2.3.2.2.1.2.2.1.2.2.2.2.2.2.3.2.2.2.2",0.424446880252452,FALSE,TRUE,38
"2.2.2.2.3.2.2.2.1.2.1.2.2.2.2.2.2.3.2.2.2.2",0.38637782360107,FALSE,TRUE,38
"2.2.2.2.3.2.2.2.2.1.1.2.2.2.2.2.2.3.2.2.2.2",0.418906360650717,FALSE,TRUE,38
"2.2.2.2.3.2.2.2.2.2.1.2.1.2.2.2.2.3.2.2.2.2",0.379617836593578,FALSE,TRUE,38
"2.2.2.2.3.2.2.2.2.2.1.2.2.1.2.2.2.3.2.2.2.2",0.360289242785636,FALSE,TRUE,36
"2.2.2.2.3.2.2.2.2.2.1.2.2.2.1.2.2.3.2.2.2.2",0.404429268099089,FALSE,TRUE,38
"2.2.2.2.3.2.2.2.2.2.1.2.2.2.2.1.2.3.2.2.2.2",0.376815761223494,FALSE,TRUE,39
"2.2.2.2.3.2.2.2.2.2.1.2.2.2.2.2.1.3.2.2.2.2",0.337558669678625,FALSE,TRUE,37
"2.2.2.2.3.2.2.2.2.2.1.2.2.2.2.2.2.3.1.2.2.2",0.398210729704537,FALSE,TRUE,38
"2.2.2.2.3.2.2.2.2.2.1.2.2.2.2.2.2.3.2.1.2.2",0.348521496515056,FALSE,TRUE,38
"2.2.2.2.3.2.2.2.2.2.1.2.2.2.2.2.2.3.2.2.1.2",0.374645500559936,FALSE,TRUE,38
"2.2.2.2.3.2.2.2.2.2.1.2.2.2.2.2.2.3.2.2.2.1",0.326996479890095,FALSE,TRUE,38
"3.2.2.2.3.2.2.2.2.2.1.2.2.2.2.2.3.2.2.2.2.2",0.440520513052512,FALSE,TRUE,40
"2.3.2.2.3.2.2.2.2.2.1.2.2.2.2.2.3.2.2.2.2.2",0.464369579772867,FALSE,TRUE,40
"2.2.3.2.3.2.2.2.2.2.1.2.2.2.2.2.3.2.2.2.2.2",0.430901633292198,FALSE,TRUE,40
"2.2.2.3.3.2.2.2.2.2.1.2.2.2.2.2.3.2.2.2.2.2",0.462926193110031,FALSE,TRUE,40
"2.2.2.2.4.2.2.2.2.2.1.2.2.2.2.2.3.2.2.2.2.2",0.42309161801005,FALSE,TRUE,40
"2.2.2.2.3.3.2.2.2.2.1.2.2.2.2.2.3.2.2.2.2.2",0.418211351164806,FALSE,TRUE,40
"2.2.2.2.3.2.3.2.2.2.1.2.2.2.2.2.3.2.2.2.2.2",0.466558922734694,FALSE,TRUE,40
"2.2.2.2.3.2.2.3.2.2.1.2.2.2.2.2.3.2.2.2.2.2",0.383607479121119,FALSE,TRUE,40
"2.2.2.2.3.2.2.2.3.2.1.2.2.2.2.2.3.2.2.2.2.2",0.430760302210576,FALSE,TRUE,40
"2.2.2.2.3.2.2.2.2.3.1.2.2.2.2.2.3.2.2.2.2.2",0.411507550476913,FALSE,TRUE,40
"2.2.2.2.3.2.2.2.2.2.1.3.2.2.2.2.3.2.2.2.2.2",0.441308461034156,FALSE,TRUE,40
"2.2.2.2.3.2.2.2.2.2.1.2.3.2.2.2.3.2.2.2.2.2",0.440703112011416,FALSE,TRUE,40
"2.2.2.2.3.2.2.2.2.2.1.2.2.3.2.2.3.2.2.2.2.2",0.455506837044613,FALSE,TRUE,40
"2.2.2.2.3.2.2.2.2.2.1.2.2.2.3.2.3.2.2.2.2.2",0.406595705058888,FALSE,TRUE,40
"2.2.2.2.3.2.2.2.2.2.1.2.2.2.2.3.3.2.2.2.2.2",0.440801006592858,FALSE,TRUE,39
"2.2.2.2.3.2.2.2.2.2.1.2.2.2.2.2.4.2.2.2.2.2",0.457729322005,FALSE,TRUE,41
"2.2.2.2.3.2.2.2.2.2.1.2.2.2.2.2.3.2.3.2.2.2",0.415869949627202,FALSE,TRUE,40
"2.2.2.2.3.2.2.2.2.2.1.2.2.2.2.2.3.2.2.3.2.2",0.464260516767188,FALSE,TRUE,40
"2.2.2.2.3.2.2.2.2.2.1.2.2.2.2.2.3.2.2.2.3.2",0.424345860725015,FALSE,TRUE,40
"2.2.2.2.3.2.2.2.2.2.1.2.2.2.2.2.3.2.2.2.2.3",0.482969206573972,FALSE,TRUE,40
"1.2.2.2.3.2.2.2.2.2.1.2.2.2.2.2.3.2.2.2.2.2",0.396560501613762,FALSE,TRUE,39
"2.1.2.2.3.2.2.2.2.2.1.2.2.2.2.2.3.2.2.2.2.2",0.374815213273856,FALSE,TRUE,39
"2.2.1.2.3.2.2.2.2.2.1.2.2.2.2.2.3.2.2.2.2.2",0.403524743756905,FALSE,TRUE,39
"2.2.2.1.3.2.2.2.2.2.1.2.2.2.2.2.3.2.2.2.2.2",0.374450786021782,FALSE,TRUE,39
"2.2.2.2.2.2.2.2.2.2.1.2.2.2.2.2.3.2.2.2.2.2",0.415684836012652,FALSE,TRUE,40
"2.2.2.2.3.1.2.2.2.2.1.2.2.2.2.2.3.2.2.2.2.2",0.421894586355653,FALSE,TRUE,39
"2.2.2.2.3.2.1.2.2.2.1.2.2.2.2.2.3.2.2.2.2.2",0.353586429526196,FALSE,TRUE,39
"2.2.2.2.3.2.2.1.2.2.1.2.2.2.2.2.3.2.2.2.2.2",0.451307743087298,FALSE,TRUE,39
"2.2.2.2.3.2.2.2.1.2.1.2.2.2.2.2.3.2.2.2.2.2",0.406708758836099,FALSE,TRUE,39
"2.2.2.2.3.2.2.2.2.1.1.2.2.2.2.2.3.2.2.2.2.2",0.428417213013605,FALSE,TRUE,39
"2.2.2.2.3.2.2.2.2.2.1.1.2.2.2.2.3.2.2.2.2.2",0.399399784513359,FALSE,TRUE,38
"2.2.2.2.3.2.2.2.2.2.1.2.1.2.2.2.3.2.2.2.2.2",0.396985611428084,FALSE,TRUE,39
"2.2.2.2.3.2.2.2.2.2.1.2.2.1.2.2.3.2.2.2.2.2",0.382063535382626,FALSE,TRUE,39
"2.2.2.2.3.2.2.2.2.2.1.2.2.2.1.2.3.2.2.2.2.2",0.431466483253289,FALSE,TRUE,39
"2.2.2.2.3.2.2.2.2.2.1.2.2.2.2.1.3.2.2.2.2.2",0.39853482026416,FALSE,TRUE,39
"2.2.2.2.3.2.2.2.2.2.1.2.2.2.2.2.3.1.2.2.2.2",0.38170347534114,FALSE,TRUE,39
"2.2.2.2.3.2.2.2.2.2.1.2.2.2.2.2.3.2.1.2.2.2",0.416153712385006,FALSE,TRUE,39
"2.2.2.2.3.2.2.2.2.2.1.2.2.2.2.2.3.2.2.1.2.2",0.367348307100777,FALSE,TRUE,39
"2.2.2.2.3.2.2.2.2.2.1.2.2.2.2.2.3.2.2.2.1.2",0.40375670814603,FALSE,TRUE,39
"2.2.2.2.3.2.2.2.2.2.1.2.2.2.2.2.3.2.2.2.2.1",0.345339369089715,FALSE,TRUE,39
"3.3.2.2.3.2.2.2.2.2.2.2.2.2.2.2.3.2.2.2.2.2",0.52069681003728,FALSE,TRUE,42
"2.4.2.2.3.2.2.2.2.2.2.2.2.2.2.2.3.2.2.2.2.2",0.534153025056583,FALSE,TRUE,43
"2.3.3.2.3.2.2.2.2.2.2.2.2.2.2.2.3.2.2.2.2.2",0.512911921467161,FALSE,TRUE,42
"2.3.2.3.3.2.2.2.2.2.2.2.2.2.2.2.3.2.2.2.2.2",0.547056121340087,FALSE,TRUE,42
"2.3.2.2.4.2.2.2.2.2.2.2.2.2.2.2.3.2.2.2.2.2",0.507826051550859,FALSE,TRUE,42
"2.3.2.2.3.3.2.2.2.2.2.2.2.2.2.2.3.2.2.2.2.2",0.507927932608118,FALSE,TRUE,42
"2.3.2.2.3.2.3.2.2.2.2.2.2.2.2.2.3.2.2.2.2.2",0.525173255886282,FALSE,TRUE,42
"2.3.2.2.3.2.2.3.2.2.2.2.2.2.2.2.3.2.2.2.2.2",0.469590934503142,FALSE,TRUE,42
"2.3.2.2.3.2.2.2.3.2.2.2.2.2.2.2.3.2.2.2.2.2",0.50562310825746,FALSE,TRUE,42
"2.3.2.2.3.2.2.2.2.3.2.2.2.2.2.2.3.2.2.2.2.2",0.497987297705846,FALSE,TRUE,42
"2.3.2.2.3.2.2.2.2.2.3.2.2.2.2.2.3.2.2.2.2.2",0.52491782786406,FALSE,TRUE,42
"2.3.2.2.3.2.2.2.2.2.2.3.2.2.2.2.3.2.2.2.2.2",0.524864747675347,FALSE,TRUE,42
"2.3.2.2.3.2.2.2.2.2.2.2.3.2.2.2.3.2.2.2.2.2",0.519587874988544,FALSE,TRUE,42
"2.3.2.2.3.2.2.2.2.2.2.2.2.3.2.2.3.2.2.2.2.2",0.536422266558061,FALSE,TRUE,42
"2.3.2.2.3.2.2.2.2.2.2.2.2.2.3.2.3.2.2.2.2.2",0.497096899464289,FALSE,TRUE,42
"2.3.2.2.3.2.2.2.2.2.2.2.2.2.2.3.3.2.2.2.2.2",0.523126405515864,FALSE,TRUE,42
"2.3.2.2.3.2.2.2.2.2.2.2.2.2.2.2.4.2.2.2.2.2",0.535184412385283,FALSE,TRUE,42
"2.3.2.2.3.2.2.2.2.2.2.2.2.2.2.2.3.3.2.2.2.2",0.547880262370318,FALSE,TRUE,42
"2.3.2.2.3.2.2.2.2.2.2.2.2.2.2.2.3.2.3.2.2.2",0.499365934507925,FALSE,TRUE,42
"2.3.2.2.3.2.2.2.2.2.2.2.2.2.2.2.3.2.2.3.2.2",0.529778837651224,FALSE,TRUE,42
"2.3.2.2.3.2.2.2.2.2.2.2.2.2.2.2.3.2.2.2.3.2",0.499359732580477,FALSE,TRUE,42
"2.3.2.2.3.2.2.2.2.2.2.2.2.2.2.2.3.2.2.2.2.3",0.539748342763795,FALSE,TRUE,42
"1.3.2.2.3.2.2.2.2.2.2.2.2.2.2.2.3.2.2.2.2.2",0.484358612156766,FALSE,TRUE,40
"2.3.1.2.3.2.2.2.2.2.2.2.2.2.2.2.3.2.2.2.2.2",0.489190421799181,FALSE,TRUE,41
"2.3.2.1.3.2.2.2.2.2.2.2.2.2.2.2.3.2.2.2.2.2",0.45836582089538,FALSE,TRUE,41
"2.3.2.2.2.2.2.2.2.2.2.2.2.2.2.2.3.2.2.2.2.2",0.500183479294416,FALSE,TRUE,41
"2.3.2.2.3.1.2.2.2.2.2.2.2.2.2.2.3.2.2.2.2.2",0.502152944604051,FALSE,TRUE,41
"2.3.2.2.3.2.1.2.2.2.2.2.2.2.2.2.3.2.2.2.2.2",0.462047819434654,FALSE,TRUE,40
"2.3.2.2.3.2.2.1.2.2.2.2.2.2.2.2.3.2.2.2.2.2",0.533988200568342,FALSE,TRUE,41
"2.3.2.2.3.2.2.2.1.2.2.2.2.2.2.2.3.2.2.2.2.2",0.501336982121961,FALSE,TRUE,41
"2.3.2.2.3.2.2.2.2.1.2.2.2.2.2.2.3.2.2.2.2.2",0.510261052258771,FALSE,TRUE,41
"2.3.2.2.3.2.2.2.2.2.2.1.2.2.2.2.3.2.2.2.2.2",0.48496403987283,FALSE,TRUE,41
"2.3.2.2.3.2.2.2.2.2.2.2.1.2.2.2.3.2.2.2.2.2",0.487662627134618,FALSE,TRUE,41
"2.3.2.2.3.2.2.2.2.2.2.2.2.1.2.2.3.2.2.2.2.2",0.469583006833114,FALSE,TRUE,41
"2.3.2.2.3.2.2.2.2.2.2.2.2.2.1.2.3.2.2.2.2.2",0.508894080711288,FALSE,TRUE,41
"2.3.2.2.3.2.2.2.2.2.2.2.2.2.2.1.3.2.2.2.2.2",0.482500648230619,FALSE,TRUE,41
"2.3.2.2.3.2.2.2.2.2.2.2.2.2.2.2.3.1.2.2.2.2",0.459442545169887,FALSE,TRUE,41
"2.3.2.2.3.2.2.2.2.2.2.2.2.2.2.2.3.2.1.2.2.2",0.500561143046713,FALSE,TRUE,41
"2.3.2.2.3.2.2.2.2.2.2.2.2.2.2.2.3.2.2.1.2.2",0.470633376632782,FALSE,TRUE,41
"2.3.2.2.3.2.2.2.2.2.2.2.2.2.2.2.3.2.2.2.1.2",0.497669661517621,FALSE,TRUE,41
"2.3.2.2.3.2.2.2.2.2.2.2.2.2.2.2.3.2.2.2.2.1",0.455321596214554,FALSE,TRUE,41
"3.2.3.2.2.2.2.2.2.2.2.2.2.2.2.2.2.2.2.3.2.2",0.480499209228712,FALSE,TRUE,39
"2.3.3.2.2.2.2.2.2.2.2.2.2.2.2.2.2.2.2.3.2.2",0.483347364609628,FALSE,TRUE,38
"2.2.3.3.2.2.2.2.2.2.2.2.2.2.2.2.2.2.2.3.2.2",0.510380851520879,FALSE,TRUE,39
"2.2.3.2.3.2.2.2.2.2.2.2.2.2.2.2.2.2.2.3.2.2",0.470787698031419,FALSE,TRUE,36
"2.2.3.2.2.3.2.2.2.2.2.2.2.2.2.2.2.2.2.3.2.2",0.454842189221931,FALSE,TRUE,39
"2.2.3.2.2.2.3.2.2.2.2.2.2.2.2.2.2.2.2.3.2.2",0.487545065585566,FALSE,TRUE,39
"2.2.3.2.2.2.2.3.2.2.2.2.2.2.2.2.2.2.2.3.2.2",0.436500713594722,FALSE,TRUE,39
"2.2.3.2.2.2.2.2.3.2.2.2.2.2.2.2.2.2.2.3.2.2",0.461562207595333,FALSE,TRUE,39
"2.2.3.2.2.2.2.2.2.3.2.2.2.2.2.2.2.2.2.3.2.2",0.44325591959739,FALSE,TRUE,39
"2.2.3.2.2.2.2.2.2.2.3.2.2.2.2.2.2.2.2.3.2.2",0.482818109890041,FALSE,TRUE,39
"2.2.3.2.2.2.2.2.2.2.2.3.2.2.2.2.2.2.2.3.2.2",0.476453888027062,FALSE,TRUE,39
"2.2.3.2.2.2.2.2.2.2.2.2.3.2.2.2.2.2.2.3.2.2",0.464826495139004,FALSE,TRUE,40
"2.2.3.2.2.2.2.2.2.2.2.2.2.3.2.2.2.2.2.3.2.2",0.493205226423143,FALSE,TRUE,38
"2.2.3.2.2.2.2.2.2.2.2.2.2.2.3.2.2.2.2.3.2.2",0.452427060721984,FALSE,TRUE,39
"2.2.3.2.2.2.2.2.2.2.2.2.2.2.2.3.2.2.2.3.2.2",0.46827353375731,FALSE,TRUE,40
"2.2.3.2.2.2.2.2.2.2.2.2.2.2.2.2.3.2.2.3.2.2",0.503317271607706,FALSE,TRUE,37
"2.2.3.2.2.2.2.2.2.2.2.2.2.2.2.2.2.3.2.3.2.2",0.495361642439229,FALSE,TRUE,39
"2.2.3.2.2.2.2.2.2.2.2.2.2.2.2.2.2.2.3.3.2.2",0.444384916616985,FALSE,TRUE,39
"2.2.3.2.2.2.2.2.2.2.2.2.2.2.2.2.2.2.2.4.2.2",0.482932764799347,FALSE,TRUE,39
"2.2.3.2.2.2.2.2.2.2.2.2.2.2.2.2.2.2.2.3.3.2",0.460788328235277,FALSE,TRUE,38
"2.2.3.2.2.2.2.2.2.2.2.2.2.2.2.2.2.2.2.3.2.3",0.498808148792118,FALSE,TRUE,39
"1.2.3.2.2.2.2.2.2.2.2.2.2.2.2.2.2.2.2.3.2.2",0.432040645634335,FALSE,TRUE,36
"2.1.3.2.2.2.2.2.2.2.2.2.2.2.2.2.2.2.2.3.2.2",0.429658042648975,FALSE,TRUE,38
"2.2.3.1.2.2.2.2.2.2.2.2.2.2.2.2.2.2.2.3.2.2",0.403458258536095,FALSE,TRUE,38
"2.2.3.2.1.2.2.2.2.2.2.2.2.2.2.2.2.2.2.3.2.2",0.443570870089627,FALSE,TRUE,38
"2.2.3.2.2.1.2.2.2.2.2.2.2.2.2.2.2.2.2.3.2.2",0.461181851570697,FALSE,TRUE,38
"2.2.3.2.2.2.1.2.2.2.2.2.2.2.2.2.2.2.2.3.2.2",0.406514575582284,FALSE,TRUE,38
"2.2.3.2.2.2.2.1.2.2.2.2.2.2.2.2.2.2.2.3.2.2",0.472686055372174,FALSE,TRUE,38
"2.2.3.2.2.2.2.2.1.2.2.2.2.2.2.2.2.2.2.3.2.2",0.451087141472838,FALSE,TRUE,38
"2.2.3.2.2.2.2.2.2.1.2.2.2.2.2.2.2.2.2.3.2.2",0.470655384912354,FALSE,TRUE,38
"2.2.3.2.2.2.2.2.2.2.1.2.2.2.2.2.2.2.2.3.2.2",0.412377282270753,FALSE,TRUE,38
"2.2.3.2.2.2.2.2.2.2.2.1.2.2.2.2.2.2.2.3.2.2",0.44069400189622,FALSE,TRUE,38
"2.2.3.2.2.2.2.2.2.2.2.2.2.1.2.2.2.2.2.3.2.2",0.419999552812933,FALSE,TRUE,38
"2.2.3.2.2.2.2.2.2.2.2.2.2.2.1.2.2.2.2.3.2.2",0.459771207368079,FALSE,TRUE,38
"2.2.3.2.2.2.2.2.2.2.2.2.2.2.2.2.1.2.2.3.2.2",0.402695805446918,FALSE,TRUE,38
"2.2.3.2.2.2.2.2.2.2.2.2.2.2.2.2.2.1.2.3.2.2",0.419803438330213,FALSE,TRUE,38
"2.2.3.2.2.2.2.2.2.2.2.2.2.2.2.2.2.2.1.3.2.2",0.462094655879371,FALSE,TRUE,38
"2.2.3.2.2.2.2.2.2.2.2.2.2.2.2.2.2.2.2.3.1.2",0.441713181678451,FALSE,TRUE,38
"2.2.3.2.2.2.2.2.2.2.2.2.2.2.2.2.2.2.2.3.2.1",0.403306259008866,FALSE,TRUE,38
"3.2.2.2.3.2.1.2.2.2.2.2.2.2.2.2.2.3.2.2.2.2",0.422562468676871,FALSE,TRUE,39
"2.3.2.2.3.2.1.2.2.2.2.2.2.2.2.2.2.3.2.2.2.2",0.445105329989482,FALSE,TRUE,39
"2.2.3.2.3.2.1.2.2.2.2.2.2.2.2.2.2.3.2.2.2.2",0.413209383217427,FALSE,TRUE,39
"2.2.2.3.3.2.1.2.2.2.2.2.2.2.2.2.2.3.2.2.2.2",0.452936558384354,FALSE,TRUE,39
"2.2.2.2.4.2.1.2.2.2.2.2.2.2.2.2.2.3.2.2.2.2",0.407668198570363,FALSE,TRUE,39
"2.2.2.2.3.3.1.2.2.2.2.2.2.2.2.2.2.3.2.2.2.2",0.393287987849261,FALSE,TRUE,39
"2.2.2.2.3.2.1.3.2.2.2.2.2.2.2.2.2.3.2.2.2.2",0.37678138717783,FALSE,TRUE,39
"2.2.2.2.3.2.1.2.3.2.2.2.2.2.2.2.2.3.2.2.2.2",0.415681615873974,FALSE,TRUE,38
"2.2.2.2.3.2.1.2.2.3.2.2.2.2.2.2.2.3.2.2.2.2",0.386871040222541,FALSE,TRUE,39
"2.2.2.2.3.2.1.2.2.2.3.2.2.2.2.2.2.3.2.2.2.2",0.46333962817286,FALSE,TRUE,39
"2.2.2.2.3.2.1.2.2.2.2.2.3.2.2.2.2.3.2.2.2.2",0.420182611739539,FALSE,TRUE,39
"2.2.2.2.3.2.1.2.2.2.2.2.2.3.2.2.2.3.2.2.2.2",0.441051722635326,FALSE,TRUE,40
"2.2.2.2.3.2.1.2.2.2.2.2.2.2.3.2.2.3.2.2.2.2",0.399992530056738,FALSE,TRUE,39
"2.2.2.2.3.2.1.2.2.2.2.2.2.2.2.3.2.3.2.2.2.2",0.425712657800782,FALSE,TRUE,37
"2.2.2.2.3.2.1.2.2.2.2.2.2.2.2.2.3.3.2.2.2.2",0.461616089835926,FALSE,TRUE,38
"2.2.2.2.3.2.1.2.2.2.2.2.2.2.2.2.2.4.2.2.2.2",0.430734988687466,FALSE,TRUE,40
"2.2.2.2.3.2.1.2.2.2.2.2.2.2.2.2.2.3.3.2.2.2",0.39526815184621,FALSE,TRUE,39
"2.2.2.2.3.2.1.2.2.2.2.2.2.2.2.2.2.3.2.3.2.2",0.443846189445433,FALSE,TRUE,39
"2.2.2.2.3.2.1.2.2.2.2.2.2.2.2.2.2.3.2.2.3.2",0.419731959023986,FALSE,TRUE,38
"2.2.2.2.3.2.1.2.2.2.2.2.2.2.2.2.2.3.2.2.2.3",0.464097756445484,FALSE,TRUE,39
"1.2.2.2.3.2.1.2.2.2.2.2.2.2.2.2.2.3.2.2.2.2",0.380127362354954,FALSE,TRUE,35
"2.1.2.2.3.2.1.2.2.2.2.2.2.2.2.2.2.3.2.2.2.2",0.357620420047179,FALSE,TRUE,38
"2.2.1.2.3.2.1.2.2.2.2.2.2.2.2.2.2.3.2.2.2.2",0.385160190923732,FALSE,TRUE,38
"2.2.2.1.3.2.1.2.2.2.2.2.2.2.2.2.2.3.2.2.2.2",0.349997896836762,FALSE,TRUE,38
"2.2.2.2.2.2.1.2.2.2.2.2.2.2.2.2.2.3.2.2.2.2",0.39581003831273,FALSE,TRUE,38
"2.2.2.2.3.1.1.2.2.2.2.2.2.2.2.2.2.3.2.2.2.2",0.411467859673723,FALSE,TRUE,38
"2.2.2.2.3.2.1.1.2.2.2.2.2.2.2.2.2.3.2.2.2.2",0.421639786477,FALSE,TRUE,38
"2.2.2.2.3.2.1.2.1.2.2.2.2.2.2.2.2.3.2.2.2.2",0.385870742346308,FALSE,TRUE,38
"2.2.2.2.3.2.1.2.2.1.2.2.2.2.2.2.2.3.2.2.2.2",0.417180023352915,FALSE,TRUE,37
"2.2.2.2.3.2.1.2.2.2.2.1.2.2.2.2.2.3.2.2.2.2",0.378562838433512,FALSE,TRUE,37
"2.2.2.2.3.2.1.2.2.2.2.2.1.2.2.2.2.3.2.2.2.2",0.382176472723779,FALSE,TRUE,38
"2.2.2.2.3.2.1.2.2.2.2.2.2.2.1.2.2.3.2.2.2.2",0.401453592536987,FALSE,TRUE,38
"2.2.2.2.3.2.1.2.2.2.2.2.2.2.2.1.2.3.2.2.2.2",0.377548788493663,FALSE,TRUE,37
"2.2.2.2.3.2.1.2.2.2.2.2.2.2.2.2.1.3.2.2.2.2",0.334163995288472,FALSE,TRUE,37
"2.2.2.2.3.2.1.2.2.2.2.2.2.2.2.2.2.3.1.2.2.2",0.401113009455635,FALSE,TRUE,38
"2.2.2.2.3.2.1.2.2.2.2.2.2.2.2.2.2.3.2.1.2.2",0.352220220964023,FALSE,TRUE,38
"2.2.2.2.3.2.1.2.2.2.2.2.2.2.2.2.2.3.2.2.1.2",0.372007717825908,FALSE,TRUE,38
"2.2.2.2.3.2.1.2.2.2.2.2.2.2.2.2.2.3.2.2.2.1",0.328895060348235,FALSE,TRUE,38
"3.2.2.2.3.2.2.2.2.2.1.2.2.2.2.3.2.3.2.2.2.2",0.444507798824116,FALSE,TRUE,38
"2.3.2.2.3.2.2.2.2.2.1.2.2.2.2.3.2.3.2.2.2.2",0.467635528514863,FALSE,TRUE,40
"2.2.3.2.3.2.2.2.2.2.1.2.2.2.2.3.2.3.2.2.2.2",0.435906560918764,FALSE,TRUE,39
"2.2.2.3.3.2.2.2.2.2.1.2.2.2.2.3.2.3.2.2.2.2",0.477924421781986,FALSE,TRUE,39
"2.2.2.2.4.2.2.2.2.2.1.2.2.2.2.3.2.3.2.2.2.2",0.431170437451485,FALSE,TRUE,39
"2.2.2.2.3.3.2.2.2.2.1.2.2.2.2.3.2.3.2.2.2.2",0.413997334743727,FALSE,TRUE,39
"2.2.2.2.3.2.3.2.2.2.1.2.2.2.2.3.2.3.2.2.2.2",0.482055848630302,FALSE,TRUE,39
"2.2.2.2.3.2.2.3.2.2.1.2.2.2.2.3.2.3.2.2.2.2",0.39436819523135,FALSE,TRUE,39
"2.2.2.2.3.2.2.2.3.2.1.2.2.2.2.3.2.3.2.2.2.2",0.43357822084785,FALSE,TRUE,39
"2.2.2.2.3.2.2.2.2.3.1.2.2.2.2.3.2.3.2.2.2.2",0.410383230155655,FALSE,TRUE,39
"2.2.2.2.3.2.2.2.2.2.2.2.2.2.2.3.2.3.2.2.2.2",0.488710231367622,FALSE,TRUE,38
"2.2.2.2.3.2.2.2.2.2.1.3.2.2.2.3.2.3.2.2.2.2",0.449013110840762,FALSE,TRUE,39
"2.2.2.2.3.2.2.2.2.2.1.2.3.2.2.3.2.3.2.2.2.2",0.440621633391241,FALSE,TRUE,39
"2.2.2.2.3.2.2.2.2.2.1.2.2.3.2.3.2.3.2.2.2.2",0.463200647223917,FALSE,TRUE,39
"2.2.2.2.3.2.2.2.2.2.1.2.2.2.3.3.2.3.2.2.2.2",0.416758122064366,FALSE,TRUE,39
"2.2.2.2.3.2.2.2.2.2.1.2.2.2.2.4.2.3.2.2.2.2",0.435620279524048,FALSE,TRUE,40
"2.2.2.2.3.2.2.2.2.2.1.2.2.2.2.3.3.3.2.2.2.2",0.481783775099888,FALSE,TRUE,39
"2.2.2.2.3.2.2.2.2.2.1.2.2.2.2.3.2.4.2.2.2.2",0.453901143705904,FALSE,TRUE,39
"2.2.2.2.3.2.2.2.2.2.1.2.2.2.2.3.2.3.3.2.2.2",0.419353514505929,FALSE,TRUE,39
"2.2.2.2.3.2.2.2.2.2.1.2.2.2.2.3.2.3.2.3.2.2",0.462332005242188,FALSE,TRUE,39
"2.2.2.2.3.2.2.2.2.2.1.2.2.2.2.3.2.3.2.2.3.2",0.443474023490187,FALSE,TRUE,39
"2.2.2.2.3.2.2.2.2.2.1.2.2.2.2.3.2.3.2.2.2.3",0.482157719511802,FALSE,TRUE,39
"1.2.2.2.3.2.2.2.2.2.1.2.2.2.2.3.2.3.2.2.2.2",0.397804992346349,FALSE,TRUE,38
"2.2.1.2.3.2.2.2.2.2.1.2.2.2.2.3.2.3.2.2.2.2",0.402891372149652,FALSE,TRUE,38
"2.2.2.1.3.2.2.2.2.2.1.2.2.2.2.3.2.3.2.2.2.2",0.364372344314694,FALSE,TRUE,38
"2.2.2.2.2.2.2.2.2.2.1.2.2.2.2.3.2.3.2.2.2.2",0.413127430527455,FALSE,TRUE,39
"2.2.2.2.3.1.2.2.2.2.1.2.2.2.2.3.2.3.2.2.2.2",0.431174863359177,FALSE,TRUE,38
"2.2.2.2.3.2.1.2.2.2.1.2.2.2.2.3.2.3.2.2.2.2",0.342868899664259,FALSE,TRUE,37
"2.2.2.2.3.2.2.1.2.2.1.2.2.2.2.3.2.3.2.2.2.2",0.444601507279294,FALSE,TRUE,38
"2.2.2.2.3.2.2.2.1.2.1.2.2.2.2.3.2.3.2.2.2.2",0.408340299326623,FALSE,TRUE,38
"2.2.2.2.3.2.2.2.2.1.1.2.2.2.2.3.2.3.2.2.2.2",0.434750352252654,FALSE,TRUE,38
"2.2.2.2.3.2.2.2.2.2.1.1.2.2.2.3.2.3.2.2.2.2",0.397067910173987,FALSE,TRUE,38
"2.2.2.2.3.2.2.2.2.2.1.2.1.2.2.3.2.3.2.2.2.2",0.402204685874932,FALSE,TRUE,38
"2.2.2.2.3.2.2.2.2.2.1.2.2.1.2.3.2.3.2.2.2.2",0.379181599217414,FALSE,TRUE,38
"2.2.2.2.3.2.2.2.2.2.1.2.2.2.1.3.2.3.2.2.2.2",0.425368736280172,FALSE,TRUE,38
"2.2.2.2.3.2.2.2.2.2.1.2.2.2.2.3.2.3.1.2.2.2",0.417031578543829,FALSE,TRUE,38
"2.2.2.2.3.2.2.2.2.2.1.2.2.2.2.3.2.3.2.1.2.2",0.374044490935515,FALSE,TRUE,38
"2.2.2.2.3.2.2.2.2.2.1.2.2.2.2.3.2.3.2.2.1.2",0.389381324166995,FALSE,TRUE,38
"2.2.2.2.3.2.2.2.2.2.1.2.2.2.2.3.2.3.2.2.2.1",0.350642814575177,FALSE,TRUE,38
"3.2.2.2.3.2.2.2.2.2.1.1.2.2.2.2.2.3.2.2.2.2",0.403971949759371,FALSE,TRUE,39
"2.3.2.2.3.2.2.2.2.2.1.1.2.2.2.2.2.3.2.2.2.2",0.419327048472547,FALSE,TRUE,40
"2.2.3.2.3.2.2.2.2.2.1.1.2.2.2.2.2.3.2.2.2.2",0.382490981388114,FALSE,TRUE,40
"2.2.2.3.3.2.2.2.2.2.1.1.2.2.2.2.2.3.2.2.2.2",0.422197361230742,FALSE,TRUE,40
"2.2.2.2.4.2.2.2.2.2.1.1.2.2.2.2.2.3.2.2.2.2",0.381418872154857,FALSE,TRUE,40
"2.2.2.2.3.3.2.2.2.2.1.1.2.2.2.2.2.3.2.2.2.2",0.365687399056992,FALSE,TRUE,40
"2.2.2.2.3.2.3.2.2.2.1.1.2.2.2.2.2.3.2.2.2.2",0.432609979985898,FALSE,TRUE,40
"2.2.2.2.3.2.2.3.2.2.1.1.2.2.2.2.2.3.2.2.2.2",0.345022438379084,FALSE,TRUE,40
"2.2.2.2.3.2.2.2.3.2.1.1.2.2.2.2.2.3.2.2.2.2",0.38604703384426,FALSE,TRUE,40
"2.2.2.2.3.2.2.2.2.3.1.1.2.2.2.2.2.3.2.2.2.2",0.351711345453788,FALSE,TRUE,40
"2.2.2.2.3.2.2.2.2.2.2.1.2.2.2.2.2.3.2.2.2.2",0.439497297263687,FALSE,TRUE,39
"2.2.2.2.3.2.2.2.2.2.1.1.3.2.2.2.2.3.2.2.2.2",0.395209341735291,FALSE,TRUE,40
"2.2.2.2.3.2.2.2.2.2.1.1.2.3.2.2.2.3.2.2.2.2",0.41745301280233,FALSE,TRUE,40
"2.2.2.2.3.2.2.2.2.2.1.1.2.2.3.2.2.3.2.2.2.2",0.365178664571828,FALSE,TRUE,40
"2.2.2.2.3.2.2.2.2.2.1.1.2.2.2.2.3.3.2.2.2.2",0.431996385345495,FALSE,TRUE,39
"2.2.2.2.3.2.2.2.2.2.1.1.2.2.2.2.2.4.2.2.2.2",0.398287351415233,FALSE,TRUE,40
"2.2.2.2.3.2.2.2.2.2.1.1.2.2.2.2.2.3.3.2.2.2",0.372650117357445,FALSE,TRUE,40
"2.2.2.2.3.2.2.2.2.2.1.1.2.2.2.2.2.3.2.3.2.2",0.427077634212767,FALSE,TRUE,40
"2.2.2.2.3.2.2.2.2.2.1.1.2.2.2.2.2.3.2.2.3.2",0.385946826734279,FALSE,TRUE,40
"2.2.2.2.3.2.2.2.2.2.1.1.2.2.2.2.2.3.2.2.2.3",0.445362610574637,FALSE,TRUE,40
"1.2.2.2.3.2.2.2.2.2.1.1.2.2.2.2.2.3.2.2.2.2",0.343380810666015,FALSE,TRUE,39
"2.1.2.2.3.2.2.2.2.2.1.1.2.2.2.2.2.3.2.2.2.2",0.32797326684501,FALSE,TRUE,38
"2.2.1.2.3.2.2.2.2.2.1.1.2.2.2.2.2.3.2.2.2.2",0.360097857291406,FALSE,TRUE,39
"2.2.2.1.3.2.2.2.2.2.1.1.2.2.2.2.2.3.2.2.2.2",0.325807782019,FALSE,TRUE,39
"2.2.2.2.2.2.2.2.2.2.1.1.2.2.2.2.2.3.2.2.2.2",0.365772488862953,FALSE,TRUE,40
"2.2.2.2.3.1.2.2.2.2.1.1.2.2.2.2.2.3.2.2.2.2",0.382459119298256,FALSE,TRUE,39
"2.2.2.2.3.2.1.2.2.2.1.1.2.2.2.2.2.3.2.2.2.2",0.296184576755784,FALSE,TRUE,38
"2.2.2.2.3.2.2.1.2.2.1.1.2.2.2.2.2.3.2.2.2.2",0.397724084435457,FALSE,TRUE,39
"2.2.2.2.3.2.2.2.1.2.1.1.2.2.2.2.2.3.2.2.2.2",0.359359417027814,FALSE,TRUE,39
"2.2.2.2.3.2.2.2.2.1.1.1.2.2.2.2.2.3.2.2.2.2",0.395748463571695,FALSE,TRUE,39
"2.2.2.2.3.2.2.2.2.2.1.1.1.2.2.2.2.3.2.2.2.2",0.350317661655757,FALSE,TRUE,39
"2.2.2.2.3.2.2.2.2.2.1.1.2.1.2.2.2.3.2.2.2.2",0.329794328441109,FALSE,TRUE,39
"2.2.2.2.3.2.2.2.2.2.1.1.2.2.1.2.2.3.2.2.2.2",0.380282255016858,FALSE,TRUE,39
"2.2.2.2.3.2.2.2.2.2.1.1.2.2.2.1.2.3.2.2.2.2",0.351640141767726,FALSE,TRUE,39
"2.2.2.2.3.2.2.2.2.2.1.1.2.2.2.2.1.3.2.2.2.2",0.308999277315713,FALSE,TRUE,38
"2.2.2.2.3.2.2.2.2.2.1.1.2.2.2.2.2.3.1.2.2.2",0.368371715755764,FALSE,TRUE,39
"2.2.2.2.3.2.2.2.2.2.1.1.2.2.2.2.2.3.2.1.2.2",0.313531938928733,FALSE,TRUE,39
"2.2.2.2.3.2.2.2.2.2.1.1.2.2.2.2.2.3.2.2.1.2",0.349339719291327,FALSE,TRUE,39
"2.2.2.2.3.2.2.2.2.2.1.1.2.2.2.2.2.3.2.2.2.1",0.292652432552793,FALSE,TRUE,39
"1.3.2.2.3.2.1.2.2.2.2.2.2.2.2.2.2.2.2.2.2.2",0.38800585953431,FALSE,TRUE,37
"1.2.3.2.3.2.1.2.2.2.2.2.2.2.2.2.2.2.2.2.2.2",0.358039733724981,FALSE,TRUE,36
"1.2.2.3.3.2.1.2.2.2.2.2.2.2.2.2.2.2.2.2.2.2",0.39547862959631,FALSE,TRUE,37
"1.2.2.2.4.2.1.2.2.2.2.2.2.2.2.2.2.2.2.2.2.2",0.354724390434898,FALSE,TRUE,37
"1.2.2.2.3.3.1.2.2.2.2.2.2.2.2.2.2.2.2.2.2.2",0.339744404263769,FALSE,TRUE,37
"1.2.2.2.3.2.1.3.2.2.2.2.2.2.2.2.2.2.2.2.2.2",0.317493996334801,FALSE,TRUE,37
"1.2.2.2.3.2.1.2.2.3.2.2.2.2.2.2.2.2.2.2.2.2",0.327424652911826,FALSE,TRUE,38
"1.2.2.2.3.2.1.2.2.2.3.2.2.2.2.2.2.2.2.2.2.2",0.399382408230318,FALSE,TRUE,37
"1.2.2.2.3.2.1.2.2.2.2.3.2.2.2.2.2.2.2.2.2.2",0.375588014020296,FALSE,TRUE,36
"1.2.2.2.3.2.1.2.2.2.2.2.3.2.2.2.2.2.2.2.2.2",0.366887499767056,FALSE,TRUE,37
"1.2.2.2.3.2.1.2.2.2.2.2.2.3.2.2.2.2.2.2.2.2",0.385568766919737,FALSE,TRUE,37
"1.2.2.2.3.2.1.2.2.2.2.2.2.2.3.2.2.2.2.2.2.2",0.337453996109597,FALSE,TRUE,37
"1.2.2.2.3.2.1.2.2.2.2.2.2.2.2.3.2.2.2.2.2.2",0.361550056717784,FALSE,TRUE,37
"1.2.2.2.3.2.1.2.2.2.2.2.2.2.2.2.3.2.2.2.2.2",0.400581290369046,FALSE,TRUE,36
"1.2.2.2.3.2.1.2.2.2.2.2.2.2.2.2.2.2.3.2.2.2",0.344628266016364,FALSE,TRUE,37
"1.2.2.2.3.2.1.2.2.2.2.2.2.2.2.2.2.2.2.3.2.2",0.38777740155451,FALSE,TRUE,36
"1.2.2.2.3.2.1.2.2.2.2.2.2.2.2.2.2.2.2.2.3.2",0.359628363512872,FALSE,TRUE,36
"1.2.2.2.3.2.1.2.2.2.2.2.2.2.2.2.2.2.2.2.2.3",0.406354640034063,FALSE,TRUE,37
"1.1.2.2.3.2.1.2.2.2.2.2.2.2.2.2.2.2.2.2.2.2",0.299524499694616,FALSE,TRUE,35
"1.2.1.2.3.2.1.2.2.2.2.2.2.2.2.2.2.2.2.2.2.2",0.325560954816296,FALSE,TRUE,35
"1.2.2.1.3.2.1.2.2.2.2.2.2.2.2.2.2.2.2.2.2.2",0.293799472814917,FALSE,TRUE,36
"1.2.2.2.2.2.1.2.2.2.2.2.2.2.2.2.2.2.2.2.2.2",0.334453577966668,FALSE,TRUE,37
"1.2.2.2.3.1.1.2.2.2.2.2.2.2.2.2.2.2.2.2.2.2",0.349876187700908,FALSE,TRUE,36
"1.2.2.2.3.2.1.1.2.2.2.2.2.2.2.2.2.2.2.2.2.2",0.365158261998167,FALSE,TRUE,36
"1.2.2.2.3.2.1.2.1.2.2.2.2.2.2.2.2.2.2.2.2.2",0.332429590233291,FALSE,TRUE,37
"1.2.2.2.3.2.1.2.2.2.1.2.2.2.2.2.2.2.2.2.2.2",0.271067153524217,FALSE,TRUE,36
"1.2.2.2.3.2.1.2.2.2.2.1.2.2.2.2.2.2.2.2.2.2",0.316743181683878,FALSE,TRUE,36
"1.2.2.2.3.2.1.2.2.2.2.2.1.2.2.2.2.2.2.2.2.2",0.320869379764869,FALSE,TRUE,36
"1.2.2.2.3.2.1.2.2.2.2.2.2.1.2.2.2.2.2.2.2.2",0.302519458755229,FALSE,TRUE,35
"1.2.2.2.3.2.1.2.2.2.2.2.2.2.1.2.2.2.2.2.2.2",0.348325316796038,FALSE,TRUE,36
"1.2.2.2.3.2.1.2.2.2.2.2.2.2.2.1.2.2.2.2.2.2",0.327361992478019,FALSE,TRUE,35
"1.2.2.2.3.2.1.2.2.2.2.2.2.2.2.2.1.2.2.2.2.2",0.281258268053959,FALSE,TRUE,36
"1.2.2.2.3.2.1.2.2.2.2.2.2.2.2.2.2.1.2.2.2.2",0.308172890995475,FALSE,TRUE,36
"1.2.2.2.3.2.1.2.2.2.2.2.2.2.2.2.2.2.1.2.2.2",0.336547565601672,FALSE,TRUE,36
"1.2.2.2.3.2.1.2.2.2.2.2.2.2.2.2.2.2.2.1.2.2",0.293384746704092,FALSE,TRUE,36
"1.2.2.2.3.2.1.2.2.2.2.2.2.2.2.2.2.2.2.2.1.2",0.31665187038797,FALSE,TRUE,35
"1.2.2.2.3.2.1.2.2.2.2.2.2.2.2.2.2.2.2.2.2.1",0.272101697554387,FALSE,TRUE,34
"1.3.2.2.3.2.1.2.2.1.2.2.2.2.2.2.2.2.2.2.2.2",0.398629590688556,FALSE,TRUE,36
"1.2.3.2.3.2.1.2.2.1.2.2.2.2.2.2.2.2.2.2.2.2",0.369809392794257,FALSE,TRUE,35
"1.2.2.3.3.2.1.2.2.1.2.2.2.2.2.2.2.2.2.2.2.2",0.403851493740544,FALSE,TRUE,36
"1.2.2.2.4.2.1.2.2.1.2.2.2.2.2.2.2.2.2.2.2.2",0.359638638886569,FALSE,TRUE,36
"1.2.2.2.3.3.1.2.2.1.2.2.2.2.2.2.2.2.2.2.2.2",0.351121700185601,FALSE,TRUE,36
"1.2.2.2.3.2.2.2.2.1.2.2.2.2.2.2.2.2.2.2.2.2",0.420888878084634,FALSE,TRUE,35
"1.2.2.2.3.2.1.3.2.1.2.2.2.2.2.2.2.2.2.2.2.2",0.327849470458301,FALSE,TRUE,36
"1.2.2.2.3.2.1.2.3.1.2.2.2.2.2.2.2.2.2.2.2.2",0.368920937846955,FALSE,TRUE,36
"1.2.2.2.3.2.1.2.2.1.3.2.2.2.2.2.2.2.2.2.2.2",0.4148363798691,FALSE,TRUE,36
"1.2.2.2.3.2.1.2.2.1.2.3.2.2.2.2.2.2.2.2.2.2",0.382095041442629,FALSE,TRUE,36
"1.2.2.2.3.2.1.2.2.1.2.2.3.2.2.2.2.2.2.2.2.2",0.374422922332597,FALSE,TRUE,36
"1.2.2.2.3.2.1.2.2.1.2.2.2.3.2.2.2.2.2.2.2.2",0.3913034283291,FALSE,TRUE,36
"1.2.2.2.3.2.1.2.2.1.2.2.2.2.3.2.2.2.2.2.2.2",0.349254191543052,FALSE,TRUE,36
"1.2.2.2.3.2.1.2.2.1.2.2.2.2.2.3.2.2.2.2.2.2",0.369155826277544,FALSE,TRUE,36
"1.2.2.2.3.2.1.2.2.1.2.2.2.2.2.2.2.3.2.2.2.2",0.398675209373898,FALSE,TRUE,35
"1.2.2.2.3.2.1.2.2.1.2.2.2.2.2.2.2.2.3.2.2.2",0.359724297984263,FALSE,TRUE,36
"1.2.2.2.3.2.1.2.2.1.2.2.2.2.2.2.2.2.2.2.3.2",0.380708325820068,FALSE,TRUE,35
"1.2.2.2.3.2.1.2.2.1.2.2.2.2.2.2.2.2.2.2.2.3",0.415531210790945,FALSE,TRUE,37
"1.1.2.2.3.2.1.2.2.1.2.2.2.2.2.2.2.2.2.2.2.2",0.316276751877808,FALSE,TRUE,35
"1.2.1.2.3.2.1.2.2.1.2.2.2.2.2.2.2.2.2.2.2.2",0.341805048189686,FALSE,TRUE,35
"1.2.2.1.3.2.1.2.2.1.2.2.2.2.2.2.2.2.2.2.2.2",0.31213229750753,FALSE,TRUE,35
"1.2.2.2.2.2.1.2.2.1.2.2.2.2.2.2.2.2.2.2.2.2",0.356981753780547,FALSE,TRUE,36
"1.2.2.2.3.1.1.2.2.1.2.2.2.2.2.2.2.2.2.2.2.2",0.365526491203522,FALSE,TRUE,35
"1.2.2.2.3.2.1.1.2.1.2.2.2.2.2.2.2.2.2.2.2.2",0.382510672269799,FALSE,TRUE,35
"1.2.2.2.3.2.1.2.1.1.2.2.2.2.2.2.2.2.2.2.2.2",0.34451891586752,FALSE,TRUE,35
"1.2.2.2.3.2.1.2.2.1.1.2.2.2.2.2.2.2.2.2.2.2",0.284563332928169,FALSE,TRUE,35
"1.2.2.2.3.2.1.2.2.1.2.1.2.2.2.2.2.2.2.2.2.2",0.336210885954149,FALSE,TRUE,35
"1.2.2.2.3.2.1.2.2.1.2.2.1.2.2.2.2.2.2.2.2.2",0.339668009291344,FALSE,TRUE,35
"1.2.2.2.3.2.1.2.2.1.2.2.2.1.2.2.2.2.2.2.2.2",0.324559669659925,FALSE,TRUE,35
"1.2.2.2.3.2.1.2.2.1.2.2.2.2.1.2.2.2.2.2.2.2",0.364376950500157,FALSE,TRUE,35
"1.2.2.2.3.2.1.2.2.1.2.2.2.2.2.1.2.2.2.2.2.2",0.347390403646373,FALSE,TRUE,35
"1.2.2.2.3.2.1.2.2.1.2.2.2.2.2.2.1.2.2.2.2.2",0.299010045546032,FALSE,TRUE,36
"1.2.2.2.3.2.1.2.2.1.2.2.2.2.2.2.2.1.2.2.2.2",0.316997704293,FALSE,TRUE,35
"1.2.2.2.3.2.1.2.2.1.2.2.2.2.2.2.2.2.1.2.2.2",0.348761340034496,FALSE,TRUE,35
"1.2.2.2.3.2.1.2.2.1.2.2.2.2.2.2.2.2.2.1.2.2",0.312650802067271,FALSE,TRUE,36
"1.2.2.2.3.2.1.2.2.1.2.2.2.2.2.2.2.2.2.2.1.2",0.323934746310804,FALSE,TRUE,34
"3.2.2.2.3.2.2.2.2.2.2.2.2.2.2.2.1.2.2.2.1.2",0.36677973862793,FALSE,TRUE,40
"2.3.2.2.3.2.2.2.2.2.2.2.2.2.2.2.1.2.2.2.1.2",0.375122843179484,FALSE,TRUE,40
"2.2.3.2.3.2.2.2.2.2.2.2.2.2.2.2.1.2.2.2.1.2",0.359732557996904,FALSE,TRUE,40
"2.2.2.3.3.2.2.2.2.2.2.2.2.2.2.2.1.2.2.2.1.2",0.392969986810132,FALSE,TRUE,40
"2.2.2.2.4.2.2.2.2.2.2.2.2.2.2.2.1.2.2.2.1.2",0.355766829057196,FALSE,TRUE,40
"2.2.2.2.3.3.2.2.2.2.2.2.2.2.2.2.1.2.2.2.1.2",0.336859950563066,FALSE,TRUE,40
"2.2.2.2.3.2.3.2.2.2.2.2.2.2.2.2.1.2.2.2.1.2",0.405695839591688,FALSE,TRUE,40
"2.2.2.2.3.2.2.3.2.2.2.2.2.2.2.2.1.2.2.2.1.2",0.330200940279648,FALSE,TRUE,40
"2.2.2.2.3.2.2.2.3.2.2.2.2.2.2.2.1.2.2.2.1.2",0.35517510190394,FALSE,TRUE,40
"2.2.2.2.3.2.2.2.2.3.2.2.2.2.2.2.1.2.2.2.1.2",0.334471854624065,FALSE,TRUE,40
"2.2.2.2.3.2.2.2.2.2.3.2.2.2.2.2.1.2.2.2.1.2",0.397771951286029,FALSE,TRUE,40
"2.2.2.2.3.2.2.2.2.2.2.3.2.2.2.2.1.2.2.2.1.2",0.368406179244447,FALSE,TRUE,40
"2.2.2.2.3.2.2.2.2.2.2.2.3.2.2.2.1.2.2.2.1.2",0.352539438132696,FALSE,TRUE,40
"2.2.2.2.3.2.2.2.2.2.2.2.2.3.2.2.1.2.2.2.1.2",0.380553196261189,FALSE,TRUE,40
"2.2.2.2.3.2.2.2.2.2.2.2.2.2.3.2.1.2.2.2.1.2",0.339726877270464,FALSE,TRUE,40
"2.2.2.2.3.2.2.2.2.2.2.2.2.2.2.3.1.2.2.2.1.2",0.35190736446119,FALSE,TRUE,40
"2.2.2.2.3.2.2.2.2.2.2.2.2.2.2.2.1.3.2.2.1.2",0.37858958344695,FALSE,TRUE,40
"2.2.2.2.3.2.2.2.2.2.2.2.2.2.2.2.1.2.3.2.1.2",0.338549395279246,FALSE,TRUE,40
"2.2.2.2.3.2.2.2.2.2.2.2.2.2.2.2.1.2.2.3.1.2",0.379480442391762,FALSE,TRUE,40
"2.2.2.2.3.2.2.2.2.2.2.2.2.2.2.2.1.2.2.2.1.3",0.402059438612498,FALSE,TRUE,40
"1.2.2.2.3.2.2.2.2.2.2.2.2.2.2.2.1.2.2.2.1.2",0.321733637740728,FALSE,TRUE,38
"2.1.2.2.3.2.2.2.2.2.2.2.2.2.2.2.1.2.2.2.1.2",0.311872916581556,FALSE,TRUE,39
"2.2.1.2.3.2.2.2.2.2.2.2.2.2.2.2.1.2.2.2.1.2",0.323524820882762,FALSE,TRUE,39
"2.2.2.1.3.2.2.2.2.2.2.2.2.2.2.2.1.2.2.2.1.2",0.29675330997863,FALSE,TRUE,39
"2.2.2.2.2.2.2.2.2.2.2.2.2.2.2.2.1.2.2.2.1.2",0.332646825820777,FALSE,TRUE,39
"2.2.2.2.3.1.2.2.2.2.2.2.2.2.2.2.1.2.2.2.1.2",0.352991574067303,FALSE,TRUE,39
"2.2.2.2.3.2.1.2.2.2.2.2.2.2.2.2.1.2.2.2.1.2",0.262930495741337,FALSE,TRUE,38
"2.2.2.2.3.2.2.1.2.2.2.2.2.2.2.2.1.2.2.2.1.2",0.351917885168465,FALSE,TRUE,39
"2.2.2.2.3.2.2.2.1.2.2.2.2.2.2.2.1.2.2.2.1.2",0.3299898870715,FALSE,TRUE,39
"2.2.2.2.3.2.2.2.2.1.2.2.2.2.2.2.1.2.2.2.1.2",0.354307407742112,FALSE,TRUE,39
"2.2.2.2.3.2.2.2.2.2.1.2.2.2.2.2.1.2.2.2.1.2",0.271250269845059,FALSE,TRUE,38
"2.2.2.2.3.2.2.2.2.2.2.1.2.2.2.2.1.2.2.2.1.2",0.324833017986507,FALSE,TRUE,39
"2.2.2.2.3.2.2.2.2.2.2.2.1.2.2.2.1.2.2.2.1.2",0.335297437457384,FALSE,TRUE,39
"2.2.2.2.3.2.2.2.2.2.2.2.2.1.2.2.1.2.2.2.1.2",0.306958757287673,FALSE,TRUE,39
"2.2.2.2.3.2.2.2.2.2.2.2.2.2.1.2.1.2.2.2.1.2",0.345857286251021,FALSE,TRUE,39
"2.2.2.2.3.2.2.2.2.2.2.2.2.2.2.1.1.2.2.2.1.2",0.336499817882063,FALSE,TRUE,39
"2.2.2.2.3.2.2.2.2.2.2.2.2.2.2.2.1.1.2.2.1.2",0.310951461991927,FALSE,TRUE,39
"2.2.2.2.3.2.2.2.2.2.2.2.2.2.2.2.1.2.1.2.1.2",0.342423755780712,FALSE,TRUE,39
"2.2.2.2.3.2.2.2.2.2.2.2.2.2.2.2.1.2.2.1.1.2",0.300736652651262,FALSE,TRUE,39
"2.2.2.2.3.2.2.2.2.2.2.2.2.2.2.2.1.2.2.2.1.1",0.27474374137867,FALSE,TRUE,39
"1.3.2.2.3.2.2.2.2.2.2.2.2.2.2.2.2.2.2.2.2.2",0.440268055068571,FALSE,TRUE,37
"1.2.2.3.3.2.2.2.2.2.2.2.2.2.2.2.2.2.2.2.2.2",0.447884228161256,FALSE,TRUE,39
"1.2.2.2.4.2.2.2.2.2.2.2.2.2.2.2.2.2.2.2.2.2",0.412963155397493,FALSE,TRUE,39
"1.2.2.2.3.3.2.2.2.2.2.2.2.2.2.2.2.2.2.2.2.2",0.4010001132005,FALSE,TRUE,39
"1.2.2.2.3.2.3.2.2.2.2.2.2.2.2.2.2.2.2.2.2.2",0.43015804327284,FALSE,TRUE,40
"1.2.2.2.3.2.2.3.2.2.2.2.2.2.2.2.2.2.2.2.2.2",0.367908302160751,FALSE,TRUE,39
"1.2.2.2.3.2.2.2.3.2.2.2.2.2.2.2.2.2.2.2.2.2",0.399720929153246,FALSE,TRUE,39
"1.2.2.2.3.2.2.2.2.3.2.2.2.2.2.2.2.2.2.2.2.2",0.380103134377083,FALSE,TRUE,39
"1.2.2.2.3.2.2.2.2.2.3.2.2.2.2.2.2.2.2.2.2.2",0.432487945398024,FALSE,TRUE,39
"1.2.2.2.3.2.2.2.2.2.2.3.2.2.2.2.2.2.2.2.2.2",0.431919557955497,FALSE,TRUE,39
"1.2.2.2.3.2.2.2.2.2.2.2.3.2.2.2.2.2.2.2.2.2",0.424347879805167,FALSE,TRUE,39
"1.2.2.2.3.2.2.2.2.2.2.2.2.3.2.2.2.2.2.2.2.2",0.44361155242396,FALSE,TRUE,38
"1.2.2.2.3.2.2.2.2.2.2.2.2.2.3.2.2.2.2.2.2.2",0.391153789414612,FALSE,TRUE,39
"1.2.2.2.3.2.2.2.2.2.2.2.2.2.2.3.2.2.2.2.2.2",0.419100490789135,FALSE,TRUE,39
"1.2.2.2.3.2.2.2.2.2.2.2.2.2.2.2.2.3.2.2.2.2",0.436393712140911,FALSE,TRUE,38
"1.2.2.2.3.2.2.2.2.2.2.2.2.2.2.2.2.2.3.2.2.2",0.40615430826143,FALSE,TRUE,39
"1.2.2.2.3.2.2.2.2.2.2.2.2.2.2.2.2.2.2.3.2.2",0.440430123255899,FALSE,TRUE,37
"1.2.2.2.3.2.2.2.2.2.2.2.2.2.2.2.2.2.2.2.3.2",0.400010652971497,FALSE,TRUE,37
"1.2.2.2.3.2.2.2.2.2.2.2.2.2.2.2.2.2.2.2.2.3",0.449938939871056,FALSE,TRUE,39
"1.1.2.2.3.2.2.2.2.2.2.2.2.2.2.2.2.2.2.2.2.2",0.359018765528803,FALSE,TRUE,37
"1.2.1.2.3.2.2.2.2.2.2.2.2.2.2.2.2.2.2.2.2.2",0.382822703495453,FALSE,TRUE,39
"1.2.2.1.3.2.2.2.2.2.2.2.2.2.2.2.2.2.2.2.2.2",0.352058751332757,FALSE,TRUE,38
"1.2.2.2.3.1.2.2.2.2.2.2.2.2.2.2.2.2.2.2.2.2",0.400502779411843,FALSE,TRUE,38
"1.2.2.2.3.2.2.1.2.2.2.2.2.2.2.2.2.2.2.2.2.2",0.426884795017106,FALSE,TRUE,38
"1.2.2.2.3.2.2.2.1.2.2.2.2.2.2.2.2.2.2.2.2.2",0.397921545058598,FALSE,TRUE,38
"1.2.2.2.3.2.2.2.2.2.2.1.2.2.2.2.2.2.2.2.2.2",0.370914773655733,FALSE,TRUE,38
"1.2.2.2.3.2.2.2.2.2.2.2.1.2.2.2.2.2.2.2.2.2",0.375080575569372,FALSE,TRUE,38
"1.2.2.2.3.2.2.2.2.2.2.2.2.1.2.2.2.2.2.2.2.2",0.356116291818749,FALSE,TRUE,38
"1.2.2.2.3.2.2.2.2.2.2.2.2.2.1.2.2.2.2.2.2.2",0.406087788725102,FALSE,TRUE,38
"1.2.2.2.3.2.2.2.2.2.2.2.2.2.2.1.2.2.2.2.2.2",0.381000268269204,FALSE,TRUE,38
"1.2.2.2.3.2.2.2.2.2.2.2.2.2.2.2.2.1.2.2.2.2",0.363277655352878,FALSE,TRUE,38
"1.2.2.2.3.2.2.2.2.2.2.2.2.2.2.2.2.2.1.2.2.2",0.386088983879256,FALSE,TRUE,38
"1.2.2.2.3.2.2.2.2.2.2.2.2.2.2.2.2.2.2.1.2.2",0.352781389700262,FALSE,TRUE,38
"1.2.2.2.3.2.2.2.2.2.2.2.2.2.2.2.2.2.2.2.1.2",0.388234944429115,FALSE,TRUE,37
"1.2.2.2.3.2.2.2.2.2.2.2.2.2.2.2.2.2.2.2.2.1",0.339577389652404,FALSE,TRUE,37
"1.3.3.2.3.2.2.2.2.2.2.2.2.2.2.2.2.2.2.2.2.2",0.450253788284508,FALSE,TRUE,40
"1.2.4.2.3.2.2.2.2.2.2.2.2.2.2.2.2.2.2.2.2.2",0.407372307202772,FALSE,TRUE,40
"1.2.3.3.3.2.2.2.2.2.2.2.2.2.2.2.2.2.2.2.2.2",0.466065210397418,FALSE,TRUE,39
"1.2.3.2.4.2.2.2.2.2.2.2.2.2.2.2.2.2.2.2.2.2",0.425198684375312,FALSE,TRUE,39
"1.2.3.2.3.3.2.2.2.2.2.2.2.2.2.2.2.2.2.2.2.2",0.410253874394161,FALSE,TRUE,39
"1.2.3.2.3.2.3.2.2.2.2.2.2.2.2.2.2.2.2.2.2.2",0.437671325676759,FALSE,TRUE,39
"1.2.3.2.3.2.2.3.2.2.2.2.2.2.2.2.2.2.2.2.2.2",0.380631797881934,FALSE,TRUE,39
"1.2.3.2.3.2.2.2.3.2.2.2.2.2.2.2.2.2.2.2.2.2",0.409166293085263,FALSE,TRUE,38
"1.2.3.2.3.2.2.2.2.3.2.2.2.2.2.2.2.2.2.2.2.2",0.391421399364162,FALSE,TRUE,40
"1.2.3.2.3.2.2.2.2.2.3.2.2.2.2.2.2.2.2.2.2.2",0.441435916534645,FALSE,TRUE,39
"1.2.3.2.3.2.2.2.2.2.2.3.2.2.2.2.2.2.2.2.2.2",0.44180530015471,FALSE,TRUE,39
"1.2.3.2.3.2.2.2.2.2.2.2.3.2.2.2.2.2.2.2.2.2",0.435306039925873,FALSE,TRUE,39
"1.2.3.2.3.2.2.2.2.2.2.2.2.3.2.2.2.2.2.2.2.2",0.453909086064341,FALSE,TRUE,39
"1.2.3.2.3.2.2.2.2.2.2.2.2.2.3.2.2.2.2.2.2.2",0.403549373014152,FALSE,TRUE,39
"1.2.3.2.3.2.2.2.2.2.2.2.2.2.2.3.2.2.2.2.2.2",0.430725078256189,FALSE,TRUE,39
"1.2.3.2.3.2.2.2.2.2.2.2.2.2.2.2.3.2.2.2.2.2",0.45150353095677,FALSE,TRUE,38
"1.2.3.2.3.2.2.2.2.2.2.2.2.2.2.2.2.3.2.2.2.2",0.441533948690519,FALSE,TRUE,39
"1.2.3.2.3.2.2.2.2.2.2.2.2.2.2.2.2.2.3.2.2.2",0.403052896256652,FALSE,TRUE,39
"1.2.3.2.3.2.2.2.2.2.2.2.2.2.2.2.2.2.2.3.2.2",0.446588130400562,FALSE,TRUE,37
"1.2.3.2.3.2.2.2.2.2.2.2.2.2.2.2.2.2.2.2.3.2",0.405854849698324,FALSE,TRUE,39
"1.2.3.2.3.2.2.2.2.2.2.2.2.2.2.2.2.2.2.2.2.3",0.456891058259715,FALSE,TRUE,39
"1.2.3.1.3.2.2.2.2.2.2.2.2.2.2.2.2.2.2.2.2.2",0.350140619839757,FALSE,TRUE,38
"1.2.3.2.2.2.2.2.2.2.2.2.2.2.2.2.2.2.2.2.2.2",0.392877998565705,FALSE,TRUE,37
"1.2.3.2.3.1.2.2.2.2.2.2.2.2.2.2.2.2.2.2.2.2",0.408298732990734,FALSE,TRUE,38
"1.2.3.2.3.2.2.1.2.2.2.2.2.2.2.2.2.2.2.2.2.2",0.430757045012872,FALSE,TRUE,38
"1.2.3.2.3.2.2.2.1.2.2.2.2.2.2.2.2.2.2.2.2.2",0.405348956114356,FALSE,TRUE,38
"1.2.3.2.3.2.2.2.2.2.1.2.2.2.2.2.2.2.2.2.2.2",0.356595156915138,FALSE,TRUE,37
"1.2.3.2.3.2.2.2.2.2.2.1.2.2.2.2.2.2.2.2.2.2",0.378014960838227,FALSE,TRUE,38
"1.2.3.2.3.2.2.2.2.2.2.2.1.2.2.2.2.2.2.2.2.2",0.381163024972678,FALSE,TRUE,38
"1.2.3.2.3.2.2.2.2.2.2.2.2.1.2.2.2.2.2.2.2.2",0.362042199666774,FALSE,TRUE,38
"1.2.3.2.3.2.2.2.2.2.2.2.2.2.1.2.2.2.2.2.2.2",0.410683204274087,FALSE,TRUE,38
"1.2.3.2.3.2.2.2.2.2.2.2.2.2.2.1.2.2.2.2.2.2",0.385075335666529,FALSE,TRUE,38
"1.2.3.2.3.2.2.2.2.2.2.2.2.2.2.2.1.2.2.2.2.2",0.357054302536775,FALSE,TRUE,37
"1.2.3.2.3.2.2.2.2.2.2.2.2.2.2.2.2.1.2.2.2.2",0.374139394330431,FALSE,TRUE,38
"1.2.3.2.3.2.2.2.2.2.2.2.2.2.2.2.2.2.1.2.2.2",0.405764450822491,FALSE,TRUE,38
"1.2.3.2.3.2.2.2.2.2.2.2.2.2.2.2.2.2.2.1.2.2",0.362980222747624,FALSE,TRUE,38
"1.2.3.2.3.2.2.2.2.2.2.2.2.2.2.2.2.2.2.2.1.2",0.399543742802595,FALSE,TRUE,38
"1.2.3.2.3.2.2.2.2.2.2.2.2.2.2.2.2.2.2.2.2.1",0.348792014040063,FALSE,TRUE,38
"3.2.2.2.3.2.1.2.2.2.2.3.2.2.2.2.2.3.2.2.2.2",0.437306227078461,FALSE,TRUE,41
"2.3.2.2.3.2.1.2.2.2.2.3.2.2.2.2.2.3.2.2.2.2",0.466058124869959,FALSE,TRUE,41
"2.2.3.2.3.2.1.2.2.2.2.3.2.2.2.2.2.3.2.2.2.2",0.435919511130425,FALSE,TRUE,41
"2.2.2.3.3.2.1.2.2.2.2.3.2.2.2.2.2.3.2.2.2.2",0.474410696671159,FALSE,TRUE,41
"2.2.2.2.4.2.1.2.2.2.2.3.2.2.2.2.2.3.2.2.2.2",0.428046591765389,FALSE,TRUE,41
"2.2.2.2.3.3.1.2.2.2.2.3.2.2.2.2.2.3.2.2.2.2",0.414246815770698,FALSE,TRUE,41
"2.2.2.2.3.2.2.2.2.2.2.3.2.2.2.2.2.3.2.2.2.2",0.489341962337822,FALSE,TRUE,40
"2.2.2.2.3.2.1.3.2.2.2.3.2.2.2.2.2.3.2.2.2.2",0.400473345593416,FALSE,TRUE,41
"2.2.2.2.3.2.1.2.3.2.2.3.2.2.2.2.2.3.2.2.2.2",0.438116504272137,FALSE,TRUE,40
"2.2.2.2.3.2.1.2.2.3.2.3.2.2.2.2.2.3.2.2.2.2",0.41540944184174,FALSE,TRUE,41
"2.2.2.2.3.2.1.2.2.2.3.3.2.2.2.2.2.3.2.2.2.2",0.485433126283444,FALSE,TRUE,41
"2.2.2.2.3.2.1.2.2.2.2.4.2.2.2.2.2.3.2.2.2.2",0.440740107860741,FALSE,TRUE,42
"2.2.2.2.3.2.1.2.2.2.2.3.3.2.2.2.2.3.2.2.2.2",0.44059712214364,FALSE,TRUE,41
"2.2.2.2.3.2.1.2.2.2.2.3.2.3.2.2.2.3.2.2.2.2",0.458129412551536,FALSE,TRUE,41
"2.2.2.2.3.2.1.2.2.2.2.3.2.2.3.2.2.3.2.2.2.2",0.424860535734298,FALSE,TRUE,41
"2.2.2.2.3.2.1.2.2.2.2.3.2.2.2.3.2.3.2.2.2.2",0.448240464330875,FALSE,TRUE,41
"2.2.2.2.3.2.1.2.2.2.2.3.2.2.2.2.3.3.2.2.2.2",0.479571779634531,FALSE,TRUE,41
"2.2.2.2.3.2.1.2.2.2.2.3.2.2.2.2.2.4.2.2.2.2",0.451255189269709,FALSE,TRUE,41
"2.2.2.2.3.2.1.2.2.2.2.3.2.2.2.2.2.3.3.2.2.2",0.412330153623194,FALSE,TRUE,41
"2.2.2.2.3.2.1.2.2.2.2.3.2.2.2.2.2.3.2.3.2.2",0.457072028310267,FALSE,TRUE,41
"2.2.2.2.3.2.1.2.2.2.2.3.2.2.2.2.2.3.2.2.3.2",0.444241846764605,FALSE,TRUE,40
"2.2.2.2.3.2.1.2.2.2.2.3.2.2.2.2.2.3.2.2.2.3",0.478236979098292,FALSE,TRUE,41
"1.2.2.2.3.2.1.2.2.2.2.3.2.2.2.2.2.3.2.2.2.2",0.407414585804158,FALSE,TRUE,39
"2.1.2.2.3.2.1.2.2.2.2.3.2.2.2.2.2.3.2.2.2.2",0.378927224126829,FALSE,TRUE,40
"2.2.1.2.3.2.1.2.2.2.2.3.2.2.2.2.2.3.2.2.2.2",0.405118084083745,FALSE,TRUE,40
"2.2.2.1.3.2.1.2.2.2.2.3.2.2.2.2.2.3.2.2.2.2",0.369249180999149,FALSE,TRUE,40
"2.2.2.2.2.2.1.2.2.2.2.3.2.2.2.2.2.3.2.2.2.2",0.418247024134773,FALSE,TRUE,41
"2.2.2.2.3.1.1.2.2.2.2.3.2.2.2.2.2.3.2.2.2.2",0.432821886563372,FALSE,TRUE,40
"2.2.2.2.3.2.1.1.2.2.2.3.2.2.2.2.2.3.2.2.2.2",0.440327824310873,FALSE,TRUE,40
"2.2.2.2.3.2.1.2.1.2.2.3.2.2.2.2.2.3.2.2.2.2",0.405840899914113,FALSE,TRUE,40
"2.2.2.2.3.2.1.2.2.1.2.3.2.2.2.2.2.3.2.2.2.2",0.431821950264657,FALSE,TRUE,40
"2.2.2.2.3.2.1.2.2.2.1.3.2.2.2.2.2.3.2.2.2.2",0.344039603283087,FALSE,TRUE,39
"2.2.2.2.3.2.1.2.2.2.2.3.1.2.2.2.2.3.2.2.2.2",0.404604061035006,FALSE,TRUE,40
"2.2.2.2.3.2.1.2.2.2.2.3.2.1.2.2.2.3.2.2.2.2",0.385950086474052,FALSE,TRUE,38
"2.2.2.2.3.2.1.2.2.2.2.3.2.2.1.2.2.3.2.2.2.2",0.418840475318714,FALSE,TRUE,40
"2.2.2.2.3.2.1.2.2.2.2.3.2.2.2.1.2.3.2.2.2.2",0.396665366285253,FALSE,TRUE,40
"2.2.2.2.3.2.1.2.2.2.2.3.2.2.2.2.1.3.2.2.2.2",0.357211485089861,FALSE,TRUE,40
"2.2.2.2.3.2.1.2.2.2.2.3.2.2.2.2.2.3.1.2.2.2",0.425768620238946,FALSE,TRUE,40
"2.2.2.2.3.2.1.2.2.2.2.3.2.2.2.2.2.3.2.1.2.2",0.381377939394662,FALSE,TRUE,39
"2.2.2.2.3.2.1.2.2.2.2.3.2.2.2.2.2.3.2.2.1.2",0.39046277945216,FALSE,TRUE,40
"2.2.2.2.3.2.1.2.2.2.2.3.2.2.2.2.2.3.2.2.2.1",0.356823939308798,FALSE,TRUE,40
"2.2.2.2.3.2.1.2.2.1.2.2.2.2.2.2.2.2.2.3.2.2",0.408902303383206,FALSE,TRUE,38
"1.3.2.2.3.2.1.2.2.1.2.2.2.2.2.2.2.2.2.3.2.2",0.422505634297878,FALSE,TRUE,38
"1.2.3.2.3.2.1.2.2.1.2.2.2.2.2.2.2.2.2.3.2.2",0.40160166809802,FALSE,TRUE,37
"1.2.2.3.3.2.1.2.2.1.2.2.2.2.2.2.2.2.2.3.2.2",0.433447733339046,FALSE,TRUE,38
"1.2.2.2.4.2.1.2.2.1.2.2.2.2.2.2.2.2.2.3.2.2",0.389088472280689,FALSE,TRUE,38
"1.2.2.2.3.3.1.2.2.1.2.2.2.2.2.2.2.2.2.3.2.2",0.38452647218306,FALSE,TRUE,38
"1.2.2.2.3.2.2.2.2.1.2.2.2.2.2.2.2.2.2.3.2.2",0.451951448889007,FALSE,TRUE,37
"1.2.2.2.3.2.1.3.2.1.2.2.2.2.2.2.2.2.2.3.2.2",0.366095102371643,FALSE,TRUE,38
"1.2.2.2.3.2.1.2.3.1.2.2.2.2.2.2.2.2.2.3.2.2",0.402151960264298,FALSE,TRUE,37
"1.2.2.2.3.2.1.2.2.1.3.2.2.2.2.2.2.2.2.3.2.2",0.442113893129362,FALSE,TRUE,38
"1.2.2.2.3.2.1.2.2.1.2.3.2.2.2.2.2.2.2.3.2.2",0.407992987554295,FALSE,TRUE,38
"1.2.2.2.3.2.1.2.2.1.2.2.3.2.2.2.2.2.2.3.2.2",0.397596931139054,FALSE,TRUE,38
"1.2.2.2.3.2.1.2.2.1.2.2.2.3.2.2.2.2.2.3.2.2",0.418683027606789,FALSE,TRUE,38
"1.2.2.2.3.2.1.2.2.1.2.2.2.2.3.2.2.2.2.3.2.2",0.385346289976082,FALSE,TRUE,38
"1.2.2.2.3.2.1.2.2.1.2.2.2.2.2.3.2.2.2.3.2.2",0.397945367703763,FALSE,TRUE,38
"1.2.2.2.3.2.1.2.2.1.2.2.2.2.2.2.3.2.2.3.2.2",0.444573048995748,FALSE,TRUE,37
"1.2.2.2.3.2.1.2.2.1.2.2.2.2.2.2.2.3.2.3.2.2",0.43282097425715,FALSE,TRUE,38
"1.2.2.2.3.2.1.2.2.1.2.2.2.2.2.2.2.2.3.3.2.2",0.387890218457029,FALSE,TRUE,38
"1.2.2.2.3.2.1.2.2.1.2.2.2.2.2.2.2.2.2.4.2.2",0.414317148907424,FALSE,TRUE,39
"1.2.2.2.3.2.1.2.2.1.2.2.2.2.2.2.2.2.2.3.3.2",0.418233664641385,FALSE,TRUE,38
"1.2.2.2.3.2.1.2.2.1.2.2.2.2.2.2.2.2.2.3.2.3",0.438920693294136,FALSE,TRUE,39
"1.1.2.2.3.2.1.2.2.1.2.2.2.2.2.2.2.2.2.3.2.2",0.359878096565844,FALSE,TRUE,37
"1.2.1.2.3.2.1.2.2.1.2.2.2.2.2.2.2.2.2.3.2.2",0.377422973943651,FALSE,TRUE,37
"1.2.2.1.3.2.1.2.2.1.2.2.2.2.2.2.2.2.2.3.2.2",0.349802423465364,FALSE,TRUE,37
"1.2.2.2.2.2.1.2.2.1.2.2.2.2.2.2.2.2.2.3.2.2",0.394645282563462,FALSE,TRUE,38
"1.2.2.2.3.1.1.2.2.1.2.2.2.2.2.2.2.2.2.3.2.2",0.39981312462454,FALSE,TRUE,37
"1.2.2.2.3.2.1.1.2.1.2.2.2.2.2.2.2.2.2.3.2.2",0.411962706545694,FALSE,TRUE,37
"1.2.2.2.3.2.1.2.1.1.2.2.2.2.2.2.2.2.2.3.2.2",0.379185666253206,FALSE,TRUE,37
"1.2.2.2.3.2.1.2.2.1.1.2.2.2.2.2.2.2.2.3.2.2",0.324390312254554,FALSE,TRUE,37
"1.2.2.2.3.2.1.2.2.1.2.1.2.2.2.2.2.2.2.3.2.2",0.377623119191115,FALSE,TRUE,37
"1.2.2.2.3.2.1.2.2.1.2.2.1.2.2.2.2.2.2.3.2.2",0.383654467491107,FALSE,TRUE,37
"1.2.2.2.3.2.1.2.2.1.2.2.2.1.2.2.2.2.2.3.2.2",0.364562727485522,FALSE,TRUE,37
"1.2.2.2.3.2.1.2.2.1.2.2.2.2.1.2.2.2.2.3.2.2",0.396068921017337,FALSE,TRUE,37
"1.2.2.2.3.2.1.2.2.1.2.2.2.2.2.1.2.2.2.3.2.2",0.38591135283443,FALSE,TRUE,37
"1.2.2.2.3.2.1.2.2.1.2.2.2.2.2.2.1.2.2.3.2.2",0.33253829576866,FALSE,TRUE,37
"1.2.2.2.3.2.1.2.2.1.2.2.2.2.2.2.2.1.2.3.2.2",0.351198466285737,FALSE,TRUE,37
"1.2.2.2.3.2.1.2.2.1.2.2.2.2.2.2.2.2.1.3.2.2",0.38797810438479,FALSE,TRUE,37
"1.2.2.2.3.2.1.2.2.1.2.2.2.2.2.2.2.2.2.3.1.2",0.35439312500532,FALSE,TRUE,36
"2.2.3.2.3.2.2.2.2.1.2.2.2.2.2.2.2.2.2.2.2.2",0.44699564612412,FALSE,TRUE,39
"1.3.3.2.3.2.2.2.2.1.2.2.2.2.2.2.2.2.2.2.2.2",0.460906104638889,FALSE,TRUE,40
"1.2.4.2.3.2.2.2.2.1.2.2.2.2.2.2.2.2.2.2.2.2",0.419545320945075,FALSE,TRUE,40
"1.2.3.3.3.2.2.2.2.1.2.2.2.2.2.2.2.2.2.2.2.2",0.474636214872643,FALSE,TRUE,40
"1.2.3.2.4.2.2.2.2.1.2.2.2.2.2.2.2.2.2.2.2.2",0.43070846624317,FALSE,TRUE,40
"1.2.3.2.3.3.2.2.2.1.2.2.2.2.2.2.2.2.2.2.2.2",0.42188709276767,FALSE,TRUE,40
"1.2.3.2.3.2.3.2.2.1.2.2.2.2.2.2.2.2.2.2.2.2",0.455490985679073,FALSE,TRUE,40
"1.2.3.2.3.2.2.3.2.1.2.2.2.2.2.2.2.2.2.2.2.2",0.391804591865204,FALSE,TRUE,40
"1.2.3.2.3.2.2.2.3.1.2.2.2.2.2.2.2.2.2.2.2.2",0.426241959975879,FALSE,TRUE,40
"1.2.3.2.3.2.2.2.2.1.3.2.2.2.2.2.2.2.2.2.2.2",0.457585784069994,FALSE,TRUE,40
"1.2.3.2.3.2.2.2.2.1.2.3.2.2.2.2.2.2.2.2.2.2",0.447530783639149,FALSE,TRUE,40
"1.2.3.2.3.2.2.2.2.1.2.2.3.2.2.2.2.2.2.2.2.2",0.44224057971626,FALSE,TRUE,40
"1.2.3.2.3.2.2.2.2.1.2.2.2.3.2.2.2.2.2.2.2.2",0.459957804244097,FALSE,TRUE,40
"1.2.3.2.3.2.2.2.2.1.2.2.2.2.3.2.2.2.2.2.2.2",0.415003665916769,FALSE,TRUE,40
"1.2.3.2.3.2.2.2.2.1.2.2.2.2.2.3.2.2.2.2.2.2",0.438310039598344,FALSE,TRUE,40
"1.2.3.2.3.2.2.2.2.1.2.2.2.2.2.2.3.2.2.2.2.2",0.46225677239041,FALSE,TRUE,37
"1.2.3.2.3.2.2.2.2.1.2.2.2.2.2.2.2.3.2.2.2.2",0.460255244282706,FALSE,TRUE,40
"1.2.3.2.3.2.2.2.2.1.2.2.2.2.2.2.2.2.3.2.2.2",0.41861147048726,FALSE,TRUE,40
"1.2.3.2.3.2.2.2.2.1.2.2.2.2.2.2.2.2.2.3.2.2",0.455988825479867,FALSE,TRUE,38
"1.2.3.2.3.2.2.2.2.1.2.2.2.2.2.2.2.2.2.2.3.2",0.427610303814727,FALSE,TRUE,40
"1.2.3.2.3.2.2.2.2.1.2.2.2.2.2.2.2.2.2.2.2.3",0.467580760477971,FALSE,TRUE,40
"1.1.3.2.3.2.2.2.2.1.2.2.2.2.2.2.2.2.2.2.2.2",0.383679049705611,FALSE,TRUE,39
"1.2.3.1.3.2.2.2.2.1.2.2.2.2.2.2.2.2.2.2.2.2",0.369820089448944,FALSE,TRUE,39
"1.2.3.2.2.2.2.2.2.1.2.2.2.2.2.2.2.2.2.2.2.2",0.416401784894711,FALSE,TRUE,40
"1.2.3.2.3.1.2.2.2.1.2.2.2.2.2.2.2.2.2.2.2.2",0.425162216456814,FALSE,TRUE,39
"1.2.3.2.3.2.2.1.2.1.2.2.2.2.2.2.2.2.2.2.2.2",0.448801883654161,FALSE,TRUE,39
"1.2.3.2.3.2.2.2.1.1.2.2.2.2.2.2.2.2.2.2.2.2",0.417656865149232,FALSE,TRUE,39
"1.2.3.2.3.2.2.2.2.1.1.2.2.2.2.2.2.2.2.2.2.2",0.370695776786747,FALSE,TRUE,39
"1.2.3.2.3.2.2.2.2.1.2.1.2.2.2.2.2.2.2.2.2.2",0.39980328713111,FALSE,TRUE,39
"1.2.3.2.3.2.2.2.2.1.2.2.1.2.2.2.2.2.2.2.2.2",0.402070359537476,FALSE,TRUE,39
"1.2.3.2.3.2.2.2.2.1.2.2.2.1.2.2.2.2.2.2.2.2",0.385323535020559,FALSE,TRUE,39
"1.2.3.2.3.2.2.2.2.1.2.2.2.2.1.2.2.2.2.2.2.2",0.428486316205077,FALSE,TRUE,39
"1.2.3.2.3.2.2.2.2.1.2.2.2.2.2.1.2.2.2.2.2.2",0.406582142614475,FALSE,TRUE,39
"1.2.3.2.3.2.2.2.2.1.2.2.2.2.2.2.1.2.2.2.2.2",0.375625022435804,FALSE,TRUE,39
"1.2.3.2.3.2.2.2.2.1.2.2.2.2.2.2.2.1.2.2.2.2",0.383960421837691,FALSE,TRUE,39
"1.2.3.2.3.2.2.2.2.1.2.2.2.2.2.2.2.2.1.2.2.2",0.419003660169044,FALSE,TRUE,39
"1.2.3.2.3.2.2.2.2.1.2.2.2.2.2.2.2.2.2.1.2.2",0.382687749756264,FALSE,TRUE,39
"1.2.3.2.3.2.2.2.2.1.2.2.2.2.2.2.2.2.2.2.1.2",0.406995506639705,FALSE,TRUE,39
"1.2.3.2.3.2.2.2.2.1.2.2.2.2.2.2.2.2.2.2.2.1",0.36818813433289,FALSE,TRUE,37
"2.2.2.2.3.2.1.2.2.1.2.2.2.2.2.2.2.2.2.2.2.1",0.303016536414858,FALSE,TRUE,36
"1.3.2.2.3.2.1.2.2.1.2.2.2.2.2.2.2.2.2.2.2.1",0.337418839418184,FALSE,TRUE,36
"1.2.3.2.3.2.1.2.2.1.2.2.2.2.2.2.2.2.2.2.2.1",0.300274748611792,FALSE,TRUE,36
"1.2.2.3.3.2.1.2.2.1.2.2.2.2.2.2.2.2.2.2.2.1",0.337340652158706,FALSE,TRUE,36
"1.2.2.2.4.2.1.2.2.1.2.2.2.2.2.2.2.2.2.2.2.1",0.290147699480965,FALSE,TRUE,36
"1.2.2.2.3.3.1.2.2.1.2.2.2.2.2.2.2.2.2.2.2.1",0.278634786239318,FALSE,TRUE,36
"1.2.2.2.3.2.2.2.2.1.2.2.2.2.2.2.2.2.2.2.2.1",0.361702046116263,FALSE,TRUE,35
"1.2.2.2.3.2.1.3.2.1.2.2.2.2.2.2.2.2.2.2.2.1",0.254322284979327,FALSE,TRUE,36
"1.2.2.2.3.2.1.2.3.1.2.2.2.2.2.2.2.2.2.2.2.1",0.302375098041661,FALSE,TRUE,35
"1.2.2.2.3.2.1.2.2.1.3.2.2.2.2.2.2.2.2.2.2.1",0.356668669436961,FALSE,TRUE,36
"1.2.2.2.3.2.1.2.2.1.2.3.2.2.2.2.2.2.2.2.2.1",0.317816681947357,FALSE,TRUE,36
"1.2.2.2.3.2.1.2.2.1.2.2.3.2.2.2.2.2.2.2.2.1",0.312279993954069,FALSE,TRUE,36
"1.2.2.2.3.2.1.2.2.1.2.2.2.3.2.2.2.2.2.2.2.1",0.323591931478955,FALSE,TRUE,36
"1.2.2.2.3.2.1.2.2.1.2.2.2.2.3.2.2.2.2.2.2.1",0.277427983164187,FALSE,TRUE,36
"1.2.2.2.3.2.1.2.2.1.2.2.2.2.2.3.2.2.2.2.2.1",0.300702921509288,FALSE,TRUE,36
"1.2.2.2.3.2.1.2.2.1.2.2.2.2.2.2.3.2.2.2.2.1",0.342170079862664,FALSE,TRUE,35
"1.2.2.2.3.2.1.2.2.1.2.2.2.2.2.2.2.3.2.2.2.1",0.330179753783695,FALSE,TRUE,36
"1.2.2.2.3.2.1.2.2.1.2.2.2.2.2.2.2.2.3.2.2.1",0.293831603828999,FALSE,TRUE,36
"1.2.2.2.3.2.1.2.2.1.2.2.2.2.2.2.2.2.2.2.3.1",0.312836081726112,FALSE,TRUE,36
"1.1.2.2.3.2.1.2.2.1.2.2.2.2.2.2.2.2.2.2.2.1",0.236366336709097,FALSE,TRUE,35
"1.2.2.1.3.2.1.2.2.1.2.2.2.2.2.2.2.2.2.2.2.1",0.238219931039424,FALSE,TRUE,35
"1.2.2.2.2.2.1.2.2.1.2.2.2.2.2.2.2.2.2.2.2.1",0.285686649936083,FALSE,TRUE,36
"1.2.2.2.3.1.1.2.2.1.2.2.2.2.2.2.2.2.2.2.2.1",0.296671998021532,FALSE,TRUE,35
"1.2.2.2.3.2.1.1.2.1.2.2.2.2.2.2.2.2.2.2.2.1",0.314876619493932,FALSE,TRUE,35
"1.2.2.2.3.2.1.2.1.1.2.2.2.2.2.2.2.2.2.2.2.1",0.269786212964446,FALSE,TRUE,35
"1.2.2.2.3.2.1.2.2.1.1.2.2.2.2.2.2.2.2.2.2.1",0.203623013640621,FALSE,TRUE,35
"1.2.2.2.3.2.1.2.2.1.2.1.2.2.2.2.2.2.2.2.2.1",0.259798495729763,FALSE,TRUE,35
"1.2.2.2.3.2.1.2.2.1.2.2.1.2.2.2.2.2.2.2.2.1",0.260829105343861,FALSE,TRUE,35
"1.2.2.2.3.2.1.2.2.1.2.2.2.1.2.2.2.2.2.2.2.1",0.251511335137566,FALSE,TRUE,35
"1.2.2.2.3.2.1.2.2.1.2.2.2.2.1.2.2.2.2.2.2.1",0.29523481908566,FALSE,TRUE,35
"1.2.2.2.3.2.1.2.2.1.2.2.2.2.2.1.2.2.2.2.2.1",0.275164946941779,FALSE,TRUE,35
"1.2.2.2.3.2.1.2.2.1.2.2.2.2.2.2.1.2.2.2.2.1",0.227903903516113,FALSE,TRUE,35
"1.2.2.2.3.2.1.2.2.1.2.2.2.2.2.2.2.1.2.2.2.1",0.243824192932663,FALSE,TRUE,35
"1.2.2.2.3.2.1.2.2.1.2.2.2.2.2.2.2.2.1.2.2.1",0.274265542247456,FALSE,TRUE,35
"1.2.2.2.3.2.1.2.2.1.2.2.2.2.2.2.2.2.2.1.2.1",0.233350181104074,FALSE,TRUE,36
"1.2.2.2.3.2.1.2.2.1.2.2.2.2.2.2.2.2.2.2.1.1",0.250794183728238,FALSE,TRUE,34
"4.2.2.2.3.2.2.2.2.2.1.2.2.2.2.2.2.2.2.2.2.2",0.399600543894743,FALSE,TRUE,42
"3.3.2.2.3.2.2.2.2.2.1.2.2.2.2.2.2.2.2.2.2.2",0.426053978856579,FALSE,TRUE,41
"3.2.3.2.3.2.2.2.2.2.1.2.2.2.2.2.2.2.2.2.2.2",0.399841036263786,FALSE,TRUE,41
"3.2.2.3.3.2.2.2.2.2.1.2.2.2.2.2.2.2.2.2.2.2",0.430636726416018,FALSE,TRUE,41
"3.2.2.2.4.2.2.2.2.2.1.2.2.2.2.2.2.2.2.2.2.2",0.390075725358016,FALSE,TRUE,41
"3.2.2.2.3.3.2.2.2.2.1.2.2.2.2.2.2.2.2.2.2.2",0.383651649411954,FALSE,TRUE,41
"3.2.2.2.3.2.3.2.2.2.1.2.2.2.2.2.2.2.2.2.2.2",0.451747349072854,FALSE,TRUE,41
"3.2.2.2.3.2.2.3.2.2.1.2.2.2.2.2.2.2.2.2.2.2",0.363008514973092,FALSE,TRUE,41
"3.2.2.2.3.2.2.2.3.2.1.2.2.2.2.2.2.2.2.2.2.2",0.406289699805241,FALSE,TRUE,41
"3.2.2.2.3.2.2.2.2.3.1.2.2.2.2.2.2.2.2.2.2.2",0.384137573469533,FALSE,TRUE,41
"3.2.2.2.3.2.2.2.2.2.1.3.2.2.2.2.2.2.2.2.2.2",0.406067489229542,FALSE,TRUE,41
"3.2.2.2.3.2.2.2.2.2.1.2.3.2.2.2.2.2.2.2.2.2",0.400484424386863,FALSE,TRUE,41
"3.2.2.2.3.2.2.2.2.2.1.2.2.3.2.2.2.2.2.2.2.2",0.419535622249288,FALSE,TRUE,41
"3.2.2.2.3.2.2.2.2.2.1.2.2.2.3.2.2.2.2.2.2.2",0.378390486372174,FALSE,TRUE,41
"3.2.2.2.3.2.2.2.2.2.1.2.2.2.2.3.2.2.2.2.2.2",0.40320098135771,FALSE,TRUE,40
"3.2.2.2.3.2.2.2.2.2.1.2.2.2.2.2.2.2.3.2.2.2",0.376486357783013,FALSE,TRUE,41
"3.2.2.2.3.2.2.2.2.2.1.2.2.2.2.2.2.2.2.3.2.2",0.430975417762975,FALSE,TRUE,41
"3.2.2.2.3.2.2.2.2.2.1.2.2.2.2.2.2.2.2.2.3.2",0.40365116654627,FALSE,TRUE,41
"3.2.2.2.3.2.2.2.2.2.1.2.2.2.2.2.2.2.2.2.2.3",0.457158612900132,FALSE,TRUE,41
"3.1.2.2.3.2.2.2.2.2.1.2.2.2.2.2.2.2.2.2.2.2",0.350164293914256,FALSE,TRUE,40
"3.2.1.2.3.2.2.2.2.2.1.2.2.2.2.2.2.2.2.2.2.2",0.371628821006079,FALSE,TRUE,40
"3.2.2.1.3.2.2.2.2.2.1.2.2.2.2.2.2.2.2.2.2.2",0.345790056230053,FALSE,TRUE,40
"3.2.2.2.2.2.2.2.2.2.1.2.2.2.2.2.2.2.2.2.2.2",0.385253169942908,FALSE,TRUE,40
"3.2.2.2.3.1.2.2.2.2.1.2.2.2.2.2.2.2.2.2.2.2",0.394304545151962,FALSE,TRUE,40
"3.2.2.2.3.2.1.2.2.2.1.2.2.2.2.2.2.2.2.2.2.2",0.30753428107412,FALSE,TRUE,39
"3.2.2.2.3.2.2.1.2.2.1.2.2.2.2.2.2.2.2.2.2.2",0.408765270362617,FALSE,TRUE,40
"3.2.2.2.3.2.2.2.1.2.1.2.2.2.2.2.2.2.2.2.2.2",0.368685634414792,FALSE,TRUE,40
"3.2.2.2.3.2.2.2.2.1.1.2.2.2.2.2.2.2.2.2.2.2",0.392391406935172,FALSE,TRUE,40
"3.2.2.2.3.2.2.2.2.2.1.1.2.2.2.2.2.2.2.2.2.2",0.374091295324297,FALSE,TRUE,39
"3.2.2.2.3.2.2.2.2.2.1.2.1.2.2.2.2.2.2.2.2.2",0.374647161965182,FALSE,TRUE,40
"3.2.2.2.3.2.2.2.2.2.1.2.2.1.2.2.2.2.2.2.2.2",0.355446175078056,FALSE,TRUE,40
"3.2.2.2.3.2.2.2.2.2.1.2.2.2.1.2.2.2.2.2.2.2",0.39714455704433,FALSE,TRUE,40
"3.2.2.2.3.2.2.2.2.2.1.2.2.2.2.1.2.2.2.2.2.2",0.373841591058114,FALSE,TRUE,40
"3.2.2.2.3.2.2.2.2.2.1.2.2.2.2.2.1.2.2.2.2.2",0.328815103234428,FALSE,TRUE,39
"3.2.2.2.3.2.2.2.2.2.1.2.2.2.2.2.2.1.2.2.2.2",0.352290492881656,FALSE,TRUE,40
"3.2.2.2.3.2.2.2.2.2.1.2.2.2.2.2.2.2.1.2.2.2",0.393620553184235,FALSE,TRUE,40
"3.2.2.2.3.2.2.2.2.2.1.2.2.2.2.2.2.2.2.1.2.2",0.33732195831849,FALSE,TRUE,40
"3.2.2.2.3.2.2.2.2.2.1.2.2.2.2.2.2.2.2.2.1.2",0.361620533686461,FALSE,TRUE,40
"3.2.2.2.3.2.2.2.2.2.1.2.2.2.2.2.2.2.2.2.2.1",0.30826526671441,FALSE,TRUE,40
"2.2.2.2.3.2.1.2.2.1.2.2.2.2.2.2.3.2.2.2.2.2",0.4263938634967,FALSE,TRUE,37
"1.3.2.2.3.2.1.2.2.1.2.2.2.2.2.2.3.2.2.2.2.2",0.449666380555535,FALSE,TRUE,38
"1.2.3.2.3.2.1.2.2.1.2.2.2.2.2.2.3.2.2.2.2.2",0.418278983813339,FALSE,TRUE,37
"1.2.2.3.3.2.1.2.2.1.2.2.2.2.2.2.3.2.2.2.2.2",0.45003682568529,FALSE,TRUE,38
"1.2.2.2.4.2.1.2.2.1.2.2.2.2.2.2.3.2.2.2.2.2",0.406432169228893,FALSE,TRUE,38
"1.2.2.2.3.3.1.2.2.1.2.2.2.2.2.2.3.2.2.2.2.2",0.403176535024986,FALSE,TRUE,38
"1.2.2.2.3.2.2.2.2.1.2.2.2.2.2.2.3.2.2.2.2.2",0.457815889356383,FALSE,TRUE,36
"1.2.2.2.3.2.1.3.2.1.2.2.2.2.2.2.3.2.2.2.2.2",0.36876069460948,FALSE,TRUE,38
"1.2.2.2.3.2.1.2.3.1.2.2.2.2.2.2.3.2.2.2.2.2",0.415976711553309,FALSE,TRUE,37
"1.2.2.2.3.2.1.2.2.1.3.2.2.2.2.2.3.2.2.2.2.2",0.456667248432725,FALSE,TRUE,38
"1.2.2.2.3.2.1.2.2.1.2.3.2.2.2.2.3.2.2.2.2.2",0.427922812673484,FALSE,TRUE,38
"1.2.2.2.3.2.1.2.2.1.2.2.3.2.2.2.3.2.2.2.2.2",0.425056040393316,FALSE,TRUE,38
"1.2.2.2.3.2.1.2.2.1.2.2.2.3.2.2.3.2.2.2.2.2",0.439431989565845,FALSE,TRUE,38
"1.2.2.2.3.2.1.2.2.1.2.2.2.2.3.2.3.2.2.2.2.2",0.394575126488618,FALSE,TRUE,38
"1.2.2.2.3.2.1.2.2.1.2.2.2.2.2.3.3.2.2.2.2.2",0.422341447577799,FALSE,TRUE,38
"1.2.2.2.3.2.1.2.2.1.2.2.2.2.2.2.4.2.2.2.2.2",0.445718729001175,FALSE,TRUE,39
"1.2.2.2.3.2.1.2.2.1.2.2.2.2.2.2.3.3.2.2.2.2",0.449446676748465,FALSE,TRUE,38
"1.2.2.2.3.2.1.2.2.1.2.2.2.2.2.2.3.2.3.2.2.2",0.408439568326045,FALSE,TRUE,38
"1.2.2.2.3.2.1.2.2.1.2.2.2.2.2.2.3.2.2.2.3.2",0.419696325049532,FALSE,TRUE,39
"1.2.2.2.3.2.1.2.2.1.2.2.2.2.2.2.3.2.2.2.2.3",0.461923936783701,FALSE,TRUE,38
"1.1.2.2.3.2.1.2.2.1.2.2.2.2.2.2.3.2.2.2.2.2",0.362933528134366,FALSE,TRUE,37
"1.2.1.2.3.2.1.2.2.1.2.2.2.2.2.2.3.2.2.2.2.2",0.390703239673785,FALSE,TRUE,36
"1.2.2.1.3.2.1.2.2.1.2.2.2.2.2.2.3.2.2.2.2.2",0.361563807321479,FALSE,TRUE,37
"1.2.2.2.2.2.1.2.2.1.2.2.2.2.2.2.3.2.2.2.2.2",0.40745835873309,FALSE,TRUE,38
"1.2.2.2.3.1.1.2.2.1.2.2.2.2.2.2.3.2.2.2.2.2",0.410696712016073,FALSE,TRUE,37
"1.2.2.2.3.2.1.1.2.1.2.2.2.2.2.2.3.2.2.2.2.2",0.439810674232115,FALSE,TRUE,37
"1.2.2.2.3.2.1.2.1.1.2.2.2.2.2.2.3.2.2.2.2.2",0.395500150415014,FALSE,TRUE,37
"1.2.2.2.3.2.1.2.2.1.1.2.2.2.2.2.3.2.2.2.2.2",0.341457007812935,FALSE,TRUE,37
"1.2.2.2.3.2.1.2.2.1.2.1.2.2.2.2.3.2.2.2.2.2",0.386073751144937,FALSE,TRUE,37
"1.2.2.2.3.2.1.2.2.1.2.2.1.2.2.2.3.2.2.2.2.2",0.385960801529814,FALSE,TRUE,37
"1.2.2.2.3.2.1.2.2.1.2.2.2.1.2.2.3.2.2.2.2.2",0.373328524455221,FALSE,TRUE,37
"1.2.2.2.3.2.1.2.2.1.2.2.2.2.1.2.3.2.2.2.2.2",0.417095382204652,FALSE,TRUE,37
"1.2.2.2.3.2.1.2.2.1.2.2.2.2.2.1.3.2.2.2.2.2",0.390957659308044,FALSE,TRUE,37
"1.2.2.2.3.2.1.2.2.1.2.2.2.2.2.2.3.1.2.2.2.2",0.362822661740885,FALSE,TRUE,37
"1.2.2.2.3.2.1.2.2.1.2.2.2.2.2.2.3.2.1.2.2.2",0.397213577766316,FALSE,TRUE,37
"1.2.2.2.3.2.1.2.2.1.2.2.2.2.2.2.3.2.2.1.2.2",0.36157397308925,FALSE,TRUE,37
"3.1.2.2.3.2.2.2.2.2.1.2.2.2.2.3.2.3.2.2.2.2",0.397512029649424,FALSE,TRUE,40
"2.1.3.2.3.2.2.2.2.2.1.2.2.2.2.3.2.3.2.2.2.2",0.384881467560025,FALSE,TRUE,40
"2.1.2.3.3.2.2.2.2.2.1.2.2.2.2.3.2.3.2.2.2.2",0.424458996684529,FALSE,TRUE,40
"2.1.2.2.4.2.2.2.2.2.1.2.2.2.2.3.2.3.2.2.2.2",0.38000338482319,FALSE,TRUE,40
"2.1.2.2.3.3.2.2.2.2.1.2.2.2.2.3.2.3.2.2.2.2",0.362322542768272,FALSE,TRUE,40
"2.1.2.2.3.2.3.2.2.2.1.2.2.2.2.3.2.3.2.2.2.2",0.434371522553749,FALSE,TRUE,40
"2.1.2.2.3.2.2.3.2.2.1.2.2.2.2.3.2.3.2.2.2.2",0.339450164901581,FALSE,TRUE,40
"2.1.2.2.3.2.2.2.3.2.1.2.2.2.2.3.2.3.2.2.2.2",0.383816689049548,FALSE,TRUE,40
"2.1.2.2.3.2.2.2.2.3.1.2.2.2.2.3.2.3.2.2.2.2",0.355588070446678,FALSE,TRUE,40
"2.1.2.2.3.2.2.2.2.2.2.2.2.2.2.3.2.3.2.2.2.2",0.443352372240254,FALSE,TRUE,41
"2.1.2.2.3.2.2.2.2.2.1.3.2.2.2.3.2.3.2.2.2.2",0.398212473055491,FALSE,TRUE,40
"2.1.2.2.3.2.2.2.2.2.1.2.3.2.2.3.2.3.2.2.2.2",0.392598603865161,FALSE,TRUE,40
"2.1.2.2.3.2.2.2.2.2.1.2.2.3.2.3.2.3.2.2.2.2",0.41432334217341,FALSE,TRUE,40
"2.1.2.2.3.2.2.2.2.2.1.2.2.2.3.3.2.3.2.2.2.2",0.360258588551487,FALSE,TRUE,40
"2.1.2.2.3.2.2.2.2.2.1.2.2.2.2.4.2.3.2.2.2.2",0.385042639446094,FALSE,TRUE,40
"2.1.2.2.3.2.2.2.2.2.1.2.2.2.2.3.3.3.2.2.2.2",0.430372570192988,FALSE,TRUE,40
"2.1.2.2.3.2.2.2.2.2.1.2.2.2.2.3.2.4.2.2.2.2",0.400656378512666,FALSE,TRUE,40
"2.1.2.2.3.2.2.2.2.2.1.2.2.2.2.3.2.3.3.2.2.2",0.371651791876214,FALSE,TRUE,40
"2.1.2.2.3.2.2.2.2.2.1.2.2.2.2.3.2.3.2.3.2.2",0.421127493934377,FALSE,TRUE,40
"2.1.2.2.3.2.2.2.2.2.1.2.2.2.2.3.2.3.2.2.3.2",0.389914361028623,FALSE,TRUE,40
"2.1.2.2.3.2.2.2.2.2.1.2.2.2.2.3.2.3.2.2.2.3",0.442222928062032,FALSE,TRUE,40
"1.1.2.2.3.2.2.2.2.2.1.2.2.2.2.3.2.3.2.2.2.2",0.342841523313762,FALSE,TRUE,39
"2.1.1.2.3.2.2.2.2.2.1.2.2.2.2.3.2.3.2.2.2.2",0.351940900937595,FALSE,TRUE,39
"2.1.2.1.3.2.2.2.2.2.1.2.2.2.2.3.2.3.2.2.2.2",0.316045072637469,FALSE,TRUE,39
"2.1.2.2.2.2.2.2.2.2.1.2.2.2.2.3.2.3.2.2.2.2",0.361479171288049,FALSE,TRUE,40
"2.1.2.2.3.1.2.2.2.2.1.2.2.2.2.3.2.3.2.2.2.2",0.379621163117002,FALSE,TRUE,39
"2.1.2.2.3.2.1.2.2.2.1.2.2.2.2.3.2.3.2.2.2.2",0.288896836268602,FALSE,TRUE,39
"2.1.2.2.3.2.2.1.2.2.1.2.2.2.2.3.2.3.2.2.2.2",0.397180776702468,FALSE,TRUE,39
"2.1.2.2.3.2.2.2.1.2.1.2.2.2.2.3.2.3.2.2.2.2",0.355248051768691,FALSE,TRUE,39
"2.1.2.2.3.2.2.2.2.1.1.2.2.2.2.3.2.3.2.2.2.2",0.387012195549317,FALSE,TRUE,39
"2.1.2.2.3.2.2.2.2.2.1.1.2.2.2.3.2.3.2.2.2.2",0.345106748619417,FALSE,TRUE,38
"2.1.2.2.3.2.2.2.2.2.1.2.1.2.2.3.2.3.2.2.2.2",0.347135003651006,FALSE,TRUE,39
"2.1.2.2.3.2.2.2.2.2.1.2.2.1.2.3.2.3.2.2.2.2",0.325954906898914,FALSE,TRUE,39
"2.1.2.2.3.2.2.2.2.2.1.2.2.2.1.3.2.3.2.2.2.2",0.379706283459407,FALSE,TRUE,39
"2.1.2.2.3.2.2.2.2.2.1.2.2.2.2.3.1.3.2.2.2.2",0.303901775431339,FALSE,TRUE,39
"2.1.2.2.3.2.2.2.2.2.1.2.2.2.2.3.2.2.2.2.2.2",0.33930883900356,FALSE,TRUE,39
"2.1.2.2.3.2.2.2.2.2.1.2.2.2.2.3.2.3.1.2.2.2",0.362846151556687,FALSE,TRUE,39
"2.1.2.2.3.2.2.2.2.2.1.2.2.2.2.3.2.3.2.1.2.2",0.312942190130738,FALSE,TRUE,39
"2.1.2.2.3.2.2.2.2.2.1.2.2.2.2.3.2.3.2.2.1.2",0.340192437595669,FALSE,TRUE,39
"2.1.2.2.3.2.2.2.2.2.1.2.2.2.2.3.2.3.2.2.2.1",0.289273432568866,FALSE,TRUE,39
"3.2.4.2.2.2.2.2.2.2.2.2.2.2.2.2.2.2.2.3.2.2",0.466753539764366,FALSE,TRUE,42
"2.3.4.2.2.2.2.2.2.2.2.2.2.2.2.2.2.2.2.3.2.2",0.471791939329155,FALSE,TRUE,42
"2.2.5.2.2.2.2.2.2.2.2.2.2.2.2.2.2.2.2.3.2.2",0.422688682280882,FALSE,TRUE,43
"2.2.4.3.2.2.2.2.2.2.2.2.2.2.2.2.2.2.2.3.2.2",0.506988368256496,FALSE,TRUE,42
"2.2.4.2.3.2.2.2.2.2.2.2.2.2.2.2.2.2.2.3.2.2",0.461221493129946,FALSE,TRUE,42
"2.2.4.2.2.3.2.2.2.2.2.2.2.2.2.2.2.2.2.3.2.2",0.442490759204186,FALSE,TRUE,42
"2.2.4.2.2.2.3.2.2.2.2.2.2.2.2.2.2.2.2.3.2.2",0.476331290790424,FALSE,TRUE,42
"2.2.4.2.2.2.2.3.2.2.2.2.2.2.2.2.2.2.2.3.2.2",0.429575920508172,FALSE,TRUE,42
"2.2.4.2.2.2.2.2.3.2.2.2.2.2.2.2.2.2.2.3.2.2",0.451180272445304,FALSE,TRUE,42
"2.2.4.2.2.2.2.2.2.3.2.2.2.2.2.2.2.2.2.3.2.2",0.432459036970354,FALSE,TRUE,42
"2.2.4.2.2.2.2.2.2.2.3.2.2.2.2.2.2.2.2.3.2.2",0.47238007846118,FALSE,TRUE,42
"2.2.4.2.2.2.2.2.2.2.2.3.2.2.2.2.2.2.2.3.2.2",0.464748970638659,FALSE,TRUE,42
"2.2.4.2.2.2.2.2.2.2.2.2.3.2.2.2.2.2.2.3.2.2",0.454046307084591,FALSE,TRUE,42
"2.2.4.2.2.2.2.2.2.2.2.2.2.3.2.2.2.2.2.3.2.2",0.481698650694586,FALSE,TRUE,42
"2.2.4.2.2.2.2.2.2.2.2.2.2.2.3.2.2.2.2.3.2.2",0.44447914000832,FALSE,TRUE,42
"2.2.4.2.2.2.2.2.2.2.2.2.2.2.2.3.2.2.2.3.2.2",0.457718014875057,FALSE,TRUE,42
"2.2.4.2.2.2.2.2.2.2.2.2.2.2.2.2.3.2.2.3.2.2",0.489679846552968,FALSE,TRUE,42
"2.2.4.2.2.2.2.2.2.2.2.2.2.2.2.2.2.3.2.3.2.2",0.480111042409866,FALSE,TRUE,42
"2.2.4.2.2.2.2.2.2.2.2.2.2.2.2.2.2.2.3.3.2.2",0.421845392938619,FALSE,TRUE,42
"2.2.4.2.2.2.2.2.2.2.2.2.2.2.2.2.2.2.2.4.2.2",0.46836748907838,FALSE,TRUE,42
"2.2.4.2.2.2.2.2.2.2.2.2.2.2.2.2.2.2.2.3.3.2",0.44868866579528,FALSE,TRUE,42
"2.2.4.2.2.2.2.2.2.2.2.2.2.2.2.2.2.2.2.3.2.3",0.484948588466379,FALSE,TRUE,42
"1.2.4.2.2.2.2.2.2.2.2.2.2.2.2.2.2.2.2.3.2.2",0.42120923405686,FALSE,TRUE,41
"2.1.4.2.2.2.2.2.2.2.2.2.2.2.2.2.2.2.2.3.2.2",0.417439915550997,FALSE,TRUE,41
"2.2.4.1.2.2.2.2.2.2.2.2.2.2.2.2.2.2.2.3.2.2",0.382613754839452,FALSE,TRUE,41
"2.2.4.2.1.2.2.2.2.2.2.2.2.2.2.2.2.2.2.3.2.2",0.429261775451656,FALSE,TRUE,41
"2.2.4.2.2.1.2.2.2.2.2.2.2.2.2.2.2.2.2.3.2.2",0.449994771462573,FALSE,TRUE,41
"2.2.4.2.2.2.1.2.2.2.2.2.2.2.2.2.2.2.2.3.2.2",0.394917293286251,FALSE,TRUE,41
"2.2.4.2.2.2.2.1.2.2.2.2.2.2.2.2.2.2.2.3.2.2",0.455955672044778,FALSE,TRUE,41
"2.2.4.2.2.2.2.2.1.2.2.2.2.2.2.2.2.2.2.3.2.2",0.437684569901483,FALSE,TRUE,41
"2.2.4.2.2.2.2.2.2.1.2.2.2.2.2.2.2.2.2.3.2.2",0.458209384727661,FALSE,TRUE,41
"2.2.4.2.2.2.2.2.2.2.1.2.2.2.2.2.2.2.2.3.2.2",0.400217589497624,FALSE,TRUE,41
"2.2.4.2.2.2.2.2.2.2.2.1.2.2.2.2.2.2.2.3.2.2",0.429087598018645,FALSE,TRUE,41
"2.2.4.2.2.2.2.2.2.2.2.2.1.2.2.2.2.2.2.3.2.2",0.435424109322836,FALSE,TRUE,41
"2.2.4.2.2.2.2.2.2.2.2.2.2.1.2.2.2.2.2.3.2.2",0.407164903412459,FALSE,TRUE,41
"2.2.4.2.2.2.2.2.2.2.2.2.2.2.1.2.2.2.2.3.2.2",0.444276809515247,FALSE,TRUE,41
"2.2.4.2.2.2.2.2.2.2.2.2.2.2.2.1.2.2.2.3.2.2",0.430788175086844,FALSE,TRUE,41
"2.2.4.2.2.2.2.2.2.2.2.2.2.2.2.2.1.2.2.3.2.2",0.392275705766177,FALSE,TRUE,41
"2.2.4.2.2.2.2.2.2.2.2.2.2.2.2.2.2.1.2.3.2.2",0.410695054760627,FALSE,TRUE,41
"2.2.4.2.2.2.2.2.2.2.2.2.2.2.2.2.2.2.1.3.2.2",0.461132631394458,FALSE,TRUE,41
"2.2.4.2.2.2.2.2.2.2.2.2.2.2.2.2.2.2.2.2.2.2",0.414893615017449,FALSE,TRUE,42
"2.2.4.2.2.2.2.2.2.2.2.2.2.2.2.2.2.2.2.3.1.2",0.43063646794824,FALSE,TRUE,41
"2.2.4.2.2.2.2.2.2.2.2.2.2.2.2.2.2.2.2.3.2.1",0.392985740551962,FALSE,TRUE,41
"3.2.2.2.3.2.1.2.2.2.2.2.2.1.2.2.2.3.2.2.2.2",0.383284234839557,FALSE,TRUE,38
"2.3.2.2.3.2.1.2.2.2.2.2.2.1.2.2.2.3.2.2.2.2",0.401570232948475,FALSE,TRUE,38
"2.2.3.2.3.2.1.2.2.2.2.2.2.1.2.2.2.3.2.2.2.2",0.365912002609926,FALSE,TRUE,38
"2.2.2.3.3.2.1.2.2.2.2.2.2.1.2.2.2.3.2.2.2.2",0.409289751065459,FALSE,TRUE,38
"2.2.2.2.4.2.1.2.2.2.2.2.2.1.2.2.2.3.2.2.2.2",0.366011105857834,FALSE,TRUE,38
"2.2.2.2.3.3.1.2.2.2.2.2.2.1.2.2.2.3.2.2.2.2",0.348109205309983,FALSE,TRUE,38
"2.2.2.2.3.2.2.2.2.2.2.2.2.1.2.2.2.3.2.2.2.2",0.421827446166052,FALSE,TRUE,37
"2.2.2.2.3.2.1.3.2.2.2.2.2.1.2.2.2.3.2.2.2.2",0.331631545887633,FALSE,TRUE,38
"2.2.2.2.3.2.1.2.2.3.2.2.2.1.2.2.2.3.2.2.2.2",0.334758452168084,FALSE,TRUE,38
"2.2.2.2.3.2.1.2.2.2.3.2.2.1.2.2.2.3.2.2.2.2",0.418379664964051,FALSE,TRUE,38
"2.2.2.2.3.2.1.2.2.2.2.2.3.1.2.2.2.3.2.2.2.2",0.378113312103782,FALSE,TRUE,38
"2.2.2.2.3.2.1.2.2.2.2.2.2.1.3.2.2.3.2.2.2.2",0.352398080998778,FALSE,TRUE,38
"2.2.2.2.3.2.1.2.2.2.2.2.2.1.2.3.2.3.2.2.2.2",0.379448818257074,FALSE,TRUE,38
"2.2.2.2.3.2.1.2.2.2.2.2.2.1.2.2.3.3.2.2.2.2",0.418190033195484,FALSE,TRUE,38
"2.2.2.2.3.2.1.2.2.2.2.2.2.1.2.2.2.4.2.2.2.2",0.383281844032013,FALSE,TRUE,38
"2.2.2.2.3.2.1.2.2.2.2.2.2.1.2.2.2.3.3.2.2.2",0.354999104935156,FALSE,TRUE,38
"2.2.2.2.3.2.1.2.2.2.2.2.2.1.2.2.2.3.2.3.2.2",0.405850620685476,FALSE,TRUE,39
"2.2.2.2.3.2.1.2.2.2.2.2.2.1.2.2.2.3.2.2.3.2",0.373008762073218,FALSE,TRUE,37
"2.2.2.2.3.2.1.2.2.2.2.2.2.1.2.2.2.3.2.2.2.3",0.424397887408141,FALSE,TRUE,38
"1.2.2.2.3.2.1.2.2.2.2.2.2.1.2.2.2.3.2.2.2.2",0.33154005358752,FALSE,TRUE,36
"2.1.2.2.3.2.1.2.2.2.2.2.2.1.2.2.2.3.2.2.2.2",0.31177429466063,FALSE,TRUE,37
"2.2.1.2.3.2.1.2.2.2.2.2.2.1.2.2.2.3.2.2.2.2",0.343090206017976,FALSE,TRUE,37
"2.2.2.1.3.2.1.2.2.2.2.2.2.1.2.2.2.3.2.2.2.2",0.30580219825075,FALSE,TRUE,37
"2.2.2.2.2.2.1.2.2.2.2.2.2.1.2.2.2.3.2.2.2.2",0.348432590871068,FALSE,TRUE,38
"2.2.2.2.3.1.1.2.2.2.2.2.2.1.2.2.2.3.2.2.2.2",0.367046231045492,FALSE,TRUE,37
"2.2.2.2.3.2.1.1.2.2.2.2.2.1.2.2.2.3.2.2.2.2",0.377135416148964,FALSE,TRUE,37
"2.2.2.2.3.2.1.2.1.2.2.2.2.1.2.2.2.3.2.2.2.2",0.342384664256401,FALSE,TRUE,38
"2.2.2.2.3.2.1.2.2.1.2.2.2.1.2.2.2.3.2.2.2.2",0.379762319222975,FALSE,TRUE,37
"2.2.2.2.3.2.1.2.2.2.1.2.2.1.2.2.2.3.2.2.2.2",0.278813702215394,FALSE,TRUE,36
"2.2.2.2.3.2.1.2.2.2.2.1.2.1.2.2.2.3.2.2.2.2",0.331610715043198,FALSE,TRUE,37
"2.2.2.2.3.2.1.2.2.2.2.2.1.1.2.2.2.3.2.2.2.2",0.334570175036094,FALSE,TRUE,37
"2.2.2.2.3.2.1.2.2.2.2.2.2.1.1.2.2.3.2.2.2.2",0.359335405465131,FALSE,TRUE,37
"2.2.2.2.3.2.1.2.2.2.2.2.2.1.2.1.2.3.2.2.2.2",0.33529400883205,FALSE,TRUE,37
"2.2.2.2.3.2.1.2.2.2.2.2.2.1.2.2.1.3.2.2.2.2",0.28966044201584,FALSE,TRUE,37
"2.2.2.2.3.2.1.2.2.2.2.2.2.1.2.2.2.3.1.2.2.2",0.352320369269192,FALSE,TRUE,37
"2.2.2.2.3.2.1.2.2.2.2.2.2.1.2.2.2.3.2.2.1.2",0.328778005185903,FALSE,TRUE,37
"2.2.2.2.3.2.1.2.2.2.2.2.2.1.2.2.2.3.2.2.2.1",0.280273322479616,FALSE,TRUE,37
"3.2.3.2.2.2.2.2.2.2.2.2.2.2.2.1.2.2.2.3.2.2",0.466973446856737,FALSE,TRUE,41
"2.3.3.2.2.2.2.2.2.2.2.2.2.2.2.1.2.2.2.3.2.2",0.466328177727164,FALSE,TRUE,41
"2.2.3.3.2.2.2.2.2.2.2.2.2.2.2.1.2.2.2.3.2.2",0.485989563919144,FALSE,TRUE,41
"2.2.3.2.3.2.2.2.2.2.2.2.2.2.2.1.2.2.2.3.2.2",0.452157853344407,FALSE,TRUE,41
"2.2.3.2.2.3.2.2.2.2.2.2.2.2.2.1.2.2.2.3.2.2",0.43830907242219,FALSE,TRUE,41
"2.2.3.2.2.2.3.2.2.2.2.2.2.2.2.1.2.2.2.3.2.2",0.470598042880812,FALSE,TRUE,41
"2.2.3.2.2.2.2.3.2.2.2.2.2.2.2.1.2.2.2.3.2.2",0.421669485987874,FALSE,TRUE,41
"2.2.3.2.2.2.2.2.3.2.2.2.2.2.2.1.2.2.2.3.2.2",0.446931550030914,FALSE,TRUE,41
"2.2.3.2.2.2.2.2.2.3.2.2.2.2.2.1.2.2.2.3.2.2",0.421792464270011,FALSE,TRUE,41
"2.2.3.2.2.2.2.2.2.2.3.2.2.2.2.1.2.2.2.3.2.2",0.466730202575859,FALSE,TRUE,41
"2.2.3.2.2.2.2.2.2.2.2.3.2.2.2.1.2.2.2.3.2.2",0.45899729470798,FALSE,TRUE,41
"2.2.3.2.2.2.2.2.2.2.2.2.3.2.2.1.2.2.2.3.2.2",0.45077215052091,FALSE,TRUE,41
"2.2.3.2.2.2.2.2.2.2.2.2.2.3.2.1.2.2.2.3.2.2",0.476565349315757,FALSE,TRUE,41
"2.2.3.2.2.2.2.2.2.2.2.2.2.2.3.1.2.2.2.3.2.2",0.437481973098918,FALSE,TRUE,41
"2.2.3.2.2.2.2.2.2.2.2.2.2.2.2.1.3.2.2.3.2.2",0.484672729491583,FALSE,TRUE,41
"2.2.3.2.2.2.2.2.2.2.2.2.2.2.2.1.2.3.2.3.2.2",0.470809958837168,FALSE,TRUE,41
"2.2.3.2.2.2.2.2.2.2.2.2.2.2.2.1.2.2.3.3.2.2",0.426701694595734,FALSE,TRUE,41
"2.2.3.2.2.2.2.2.2.2.2.2.2.2.2.1.2.2.2.4.2.2",0.473301362326748,FALSE,TRUE,40
"2.2.3.2.2.2.2.2.2.2.2.2.2.2.2.1.2.2.2.3.3.2",0.438191033537123,FALSE,TRUE,41
"2.2.3.2.2.2.2.2.2.2.2.2.2.2.2.1.2.2.2.3.2.3",0.487788911156818,FALSE,TRUE,41
"1.2.3.2.2.2.2.2.2.2.2.2.2.2.2.1.2.2.2.3.2.2",0.414408639714686,FALSE,TRUE,40
"2.1.3.2.2.2.2.2.2.2.2.2.2.2.2.1.2.2.2.3.2.2",0.414725202140709,FALSE,TRUE,40
"2.2.3.1.2.2.2.2.2.2.2.2.2.2.2.1.2.2.2.3.2.2",0.395996657873593,FALSE,TRUE,40
"2.2.3.2.1.2.2.2.2.2.2.2.2.2.2.1.2.2.2.3.2.2",0.42997623319227,FALSE,TRUE,40
"2.2.3.2.2.1.2.2.2.2.2.2.2.2.2.1.2.2.2.3.2.2",0.444948043906974,FALSE,TRUE,40
"2.2.3.2.2.2.1.2.2.2.2.2.2.2.2.1.2.2.2.3.2.2",0.391025799682676,FALSE,TRUE,40
"2.2.3.2.2.2.2.1.2.2.2.2.2.2.2.1.2.2.2.3.2.2",0.455214474148001,FALSE,TRUE,40
"2.2.3.2.2.2.2.2.1.2.2.2.2.2.2.1.2.2.2.3.2.2",0.433464515624292,FALSE,TRUE,40
"2.2.3.2.2.2.2.2.2.1.2.2.2.2.2.1.2.2.2.3.2.2",0.459591562683453,FALSE,TRUE,40
"2.2.3.2.2.2.2.2.2.2.1.2.2.2.2.1.2.2.2.3.2.2",0.396069137910748,FALSE,TRUE,40
"2.2.3.2.2.2.2.2.2.2.2.1.2.2.2.1.2.2.2.3.2.2",0.425119203174687,FALSE,TRUE,40
"2.2.3.2.2.2.2.2.2.2.2.2.1.2.2.1.2.2.2.3.2.2",0.428840716902273,FALSE,TRUE,40
"2.2.3.2.2.2.2.2.2.2.2.2.2.1.2.1.2.2.2.3.2.2",0.40494757929571,FALSE,TRUE,40
"2.2.3.2.2.2.2.2.2.2.2.2.2.2.1.1.2.2.2.3.2.2",0.442203366211009,FALSE,TRUE,40
"2.2.3.2.2.2.2.2.2.2.2.2.2.2.2.1.1.2.2.3.2.2",0.389701645347501,FALSE,TRUE,40
"2.2.3.2.2.2.2.2.2.2.2.2.2.2.2.1.2.1.2.3.2.2",0.412786121584228,FALSE,TRUE,40
"2.2.3.2.2.2.2.2.2.2.2.2.2.2.2.1.2.2.1.3.2.2",0.447523683212042,FALSE,TRUE,40
"2.2.3.2.2.2.2.2.2.2.2.2.2.2.2.1.2.2.2.2.2.2",0.401688255519501,FALSE,TRUE,40
"2.2.3.2.2.2.2.2.2.2.2.2.2.2.2.1.2.2.2.3.1.2",0.431998581082265,FALSE,TRUE,40
"2.2.3.2.2.2.2.2.2.2.2.2.2.2.2.1.2.2.2.3.2.1",0.383076016112825,FALSE,TRUE,40
"2.2.1.2.3.2.1.2.2.1.2.2.2.2.2.2.2.2.2.2.2.1",0.280195813933667,FALSE,TRUE,38
"1.3.1.2.3.2.1.2.2.1.2.2.2.2.2.2.2.2.2.2.2.1",0.315376719594738,FALSE,TRUE,37
"1.2.1.3.3.2.1.2.2.1.2.2.2.2.2.2.2.2.2.2.2.1",0.307348456922066,FALSE,TRUE,36
"1.2.1.2.4.2.1.2.2.1.2.2.2.2.2.2.2.2.2.2.2.1",0.264654397218978,FALSE,TRUE,37
"1.2.1.2.3.3.1.2.2.1.2.2.2.2.2.2.2.2.2.2.2.1",0.257684702421605,FALSE,TRUE,37
"1.2.1.2.3.2.2.2.2.1.2.2.2.2.2.2.2.2.2.2.2.1",0.34338260964341,FALSE,TRUE,38
"1.2.1.2.3.2.1.3.2.1.2.2.2.2.2.2.2.2.2.2.2.1",0.230204343572867,FALSE,TRUE,37
"1.2.1.2.3.2.1.2.3.1.2.2.2.2.2.2.2.2.2.2.2.1",0.281291977863381,FALSE,TRUE,37
"1.2.1.2.3.2.1.2.2.2.2.2.2.2.2.2.2.2.2.2.2.1",0.249012584024391,FALSE,TRUE,37
"1.2.1.2.3.2.1.2.2.1.3.2.2.2.2.2.2.2.2.2.2.1",0.336882715911132,FALSE,TRUE,37
"1.2.1.2.3.2.1.2.2.1.2.3.2.2.2.2.2.2.2.2.2.1",0.295232030723074,FALSE,TRUE,37
"1.2.1.2.3.2.1.2.2.1.2.2.3.2.2.2.2.2.2.2.2.1",0.289979433407246,FALSE,TRUE,37
"1.2.1.2.3.2.1.2.2.1.2.2.2.3.2.2.2.2.2.2.2.1",0.299244672197594,FALSE,TRUE,37
"1.2.1.2.3.2.1.2.2.1.2.2.2.2.3.2.2.2.2.2.2.1",0.252433355796859,FALSE,TRUE,37
"1.2.1.2.3.2.1.2.2.1.2.2.2.2.2.3.2.2.2.2.2.1",0.274781897002211,FALSE,TRUE,37
"1.2.1.2.3.2.1.2.2.1.2.2.2.2.2.2.3.2.2.2.2.1",0.32080933587988,FALSE,TRUE,36
"1.2.1.2.3.2.1.2.2.1.2.2.2.2.2.2.2.3.2.2.2.1",0.311615358034371,FALSE,TRUE,37
"1.2.1.2.3.2.1.2.2.1.2.2.2.2.2.2.2.2.3.2.2.1",0.282415743669521,FALSE,TRUE,37
"1.2.1.2.3.2.1.2.2.1.2.2.2.2.2.2.2.2.2.3.2.1",0.315368450964236,FALSE,TRUE,35
"1.2.1.2.3.2.1.2.2.1.2.2.2.2.2.2.2.2.2.2.3.1",0.296636972028101,FALSE,TRUE,37
"1.1.1.2.3.2.1.2.2.1.2.2.2.2.2.2.2.2.2.2.2.1",0.21784823629015,FALSE,TRUE,36
"1.2.1.1.3.2.1.2.2.1.2.2.2.2.2.2.2.2.2.2.2.1",0.227570546639917,FALSE,TRUE,36
"1.2.1.2.2.2.1.2.2.1.2.2.2.2.2.2.2.2.2.2.2.1",0.269691024049163,FALSE,TRUE,37
"1.2.1.2.3.1.1.2.2.1.2.2.2.2.2.2.2.2.2.2.2.1",0.276289491113311,FALSE,TRUE,36
"1.2.1.2.3.2.1.1.2.1.2.2.2.2.2.2.2.2.2.2.2.1",0.29825975553373,FALSE,TRUE,36
"1.2.1.2.3.2.1.2.1.1.2.2.2.2.2.2.2.2.2.2.2.1",0.249722507360447,FALSE,TRUE,36
"1.2.1.2.3.2.1.2.2.1.1.2.2.2.2.2.2.2.2.2.2.1",0.18243614328439,FALSE,TRUE,36
"1.2.1.2.3.2.1.2.2.1.2.1.2.2.2.2.2.2.2.2.2.1",0.241174426522261,FALSE,TRUE,36
"1.2.1.2.3.2.1.2.2.1.2.2.1.2.2.2.2.2.2.2.2.1",0.242178035014155,FALSE,TRUE,36
"1.2.1.2.3.2.1.2.2.1.2.2.2.1.2.2.2.2.2.2.2.1",0.235260474145082,FALSE,TRUE,36
"1.2.1.2.3.2.1.2.2.1.2.2.2.2.1.2.2.2.2.2.2.1",0.278925673947382,FALSE,TRUE,36
"1.2.1.2.3.2.1.2.2.1.2.2.2.2.2.1.2.2.2.2.2.1",0.261263545679406,FALSE,TRUE,36
"1.2.1.2.3.2.1.2.2.1.2.2.2.2.2.2.1.2.2.2.2.1",0.208890701915131,FALSE,TRUE,36
"1.2.1.2.3.2.1.2.2.1.2.2.2.2.2.2.2.1.2.2.2.1",0.222727580325238,FALSE,TRUE,36
"1.2.1.2.3.2.1.2.2.1.2.2.2.2.2.2.2.2.1.2.2.1",0.245178461545014,FALSE,TRUE,36
"1.2.1.2.3.2.1.2.2.1.2.2.2.2.2.2.2.2.2.1.2.1",0.212122777489233,FALSE,TRUE,36
"1.2.1.2.3.2.1.2.2.1.2.2.2.2.2.2.2.2.2.2.1.1",0.226952292553106,FALSE,TRUE,36
"3.2.3.2.3.2.2.2.2.2.2.2.2.2.2.2.3.2.2.2.2.2",0.493440174742718,FALSE,TRUE,42
"2.2.4.2.3.2.2.2.2.2.2.2.2.2.2.2.3.2.2.2.2.2",0.469932490602131,FALSE,TRUE,43
"2.2.3.3.3.2.2.2.2.2.2.2.2.2.2.2.3.2.2.2.2.2",0.523743270481106,FALSE,TRUE,42
"2.2.3.2.4.2.2.2.2.2.2.2.2.2.2.2.3.2.2.2.2.2",0.480782575375752,FALSE,TRUE,42
"2.2.3.2.3.3.2.2.2.2.2.2.2.2.2.2.3.2.2.2.2.2",0.478763627530953,FALSE,TRUE,42
"2.2.3.2.3.2.3.2.2.2.2.2.2.2.2.2.3.2.2.2.2.2",0.497532549025695,FALSE,TRUE,42
"2.2.3.2.3.2.2.3.2.2.2.2.2.2.2.2.3.2.2.2.2.2",0.439673084998201,FALSE,TRUE,42
"2.2.3.2.3.2.2.2.3.2.2.2.2.2.2.2.3.2.2.2.2.2",0.478116170074493,FALSE,TRUE,42
"2.2.3.2.3.2.2.2.2.3.2.2.2.2.2.2.3.2.2.2.2.2",0.466539504796731,FALSE,TRUE,42
"2.2.3.2.3.2.2.2.2.2.3.2.2.2.2.2.3.2.2.2.2.2",0.500917006050802,FALSE,TRUE,42
"2.2.3.2.3.2.2.2.2.2.2.3.2.2.2.2.3.2.2.2.2.2",0.496676116905909,FALSE,TRUE,42
"2.2.3.2.3.2.2.2.2.2.2.2.3.2.2.2.3.2.2.2.2.2",0.495942644034294,FALSE,TRUE,42
"2.2.3.2.3.2.2.2.2.2.2.2.2.3.2.2.3.2.2.2.2.2",0.509915146626869,FALSE,TRUE,42
"2.2.3.2.3.2.2.2.2.2.2.2.2.2.3.2.3.2.2.2.2.2",0.465369889688086,FALSE,TRUE,42
"2.2.3.2.3.2.2.2.2.2.2.2.2.2.2.3.3.2.2.2.2.2",0.495791197255549,FALSE,TRUE,42
"2.2.3.2.3.2.2.2.2.2.2.2.2.2.2.2.4.2.2.2.2.2",0.501120651220925,FALSE,TRUE,42
"2.2.3.2.3.2.2.2.2.2.2.2.2.2.2.2.3.3.2.2.2.2",0.512728947990052,FALSE,TRUE,42
"2.2.3.2.3.2.2.2.2.2.2.2.2.2.2.2.3.2.3.2.2.2",0.462531170731314,FALSE,TRUE,42
"2.2.3.2.3.2.2.2.2.2.2.2.2.2.2.2.3.2.2.3.2.2",0.507681981857002,FALSE,TRUE,40
"2.2.3.2.3.2.2.2.2.2.2.2.2.2.2.2.3.2.2.2.3.2",0.465324068964113,FALSE,TRUE,42
"2.2.3.2.3.2.2.2.2.2.2.2.2.2.2.2.3.2.2.2.2.3",0.51882094911575,FALSE,TRUE,42
"2.1.3.2.3.2.2.2.2.2.2.2.2.2.2.2.3.2.2.2.2.2",0.434925787634565,FALSE,TRUE,39
"2.2.3.1.3.2.2.2.2.2.2.2.2.2.2.2.3.2.2.2.2.2",0.422062551674592,FALSE,TRUE,41
"2.2.3.2.2.2.2.2.2.2.2.2.2.2.2.2.3.2.2.2.2.2",0.467475452425894,FALSE,TRUE,40
"2.2.3.2.3.1.2.2.2.2.2.2.2.2.2.2.3.2.2.2.2.2",0.471685177594788,FALSE,TRUE,41
"2.2.3.2.3.2.1.2.2.2.2.2.2.2.2.2.3.2.2.2.2.2",0.431666558963044,FALSE,TRUE,40
"2.2.3.2.3.2.2.1.2.2.2.2.2.2.2.2.3.2.2.2.2.2",0.504639049469918,FALSE,TRUE,41
"2.2.3.2.3.2.2.2.1.2.2.2.2.2.2.2.3.2.2.2.2.2",0.469248828434279,FALSE,TRUE,41
"2.2.3.2.3.2.2.2.2.1.2.2.2.2.2.2.3.2.2.2.2.2",0.482719870759137,FALSE,TRUE,39
"2.2.3.2.3.2.2.2.2.2.2.1.2.2.2.2.3.2.2.2.2.2",0.453832175470035,FALSE,TRUE,41
"2.2.3.2.3.2.2.2.2.2.2.2.1.2.2.2.3.2.2.2.2.2",0.451885777043156,FALSE,TRUE,41
"2.2.3.2.3.2.2.2.2.2.2.2.2.1.2.2.3.2.2.2.2.2",0.436269519593698,FALSE,TRUE,41
"2.2.3.2.3.2.2.2.2.2.2.2.2.2.1.2.3.2.2.2.2.2",0.481959558544794,FALSE,TRUE,41
"2.2.3.2.3.2.2.2.2.2.2.2.2.2.2.1.3.2.2.2.2.2",0.450617122174883,FALSE,TRUE,41
"2.2.3.2.3.2.2.2.2.2.2.2.2.2.2.2.3.1.2.2.2.2",0.435278318485574,FALSE,TRUE,41
"2.2.3.2.3.2.2.2.2.2.2.2.2.2.2.2.3.2.1.2.2.2",0.478339680080975,FALSE,TRUE,41
"2.2.3.2.3.2.2.2.2.2.2.2.2.2.2.2.3.2.2.1.2.2",0.432945936667566,FALSE,TRUE,41
"2.2.3.2.3.2.2.2.2.2.2.2.2.2.2.2.3.2.2.2.1.2",0.472870669185686,FALSE,TRUE,41
"2.2.3.2.3.2.2.2.2.2.2.2.2.2.2.2.3.2.2.2.2.1",0.416900006515682,FALSE,TRUE,41
"3.2.2.2.2.2.2.2.2.2.2.2.2.2.2.2.2.2.2.4.2.2",0.499495269833018,FALSE,TRUE,42
"2.3.2.2.2.2.2.2.2.2.2.2.2.2.2.2.2.2.2.4.2.2",0.493842307412411,FALSE,TRUE,42
"2.2.2.3.2.2.2.2.2.2.2.2.2.2.2.2.2.2.2.4.2.2",0.518293982750582,FALSE,TRUE,42
"2.2.2.2.3.2.2.2.2.2.2.2.2.2.2.2.2.2.2.4.2.2",0.484924676647271,FALSE,TRUE,42
"2.2.2.2.2.3.2.2.2.2.2.2.2.2.2.2.2.2.2.4.2.2",0.476605082665429,FALSE,TRUE,42
"2.2.2.2.2.2.3.2.2.2.2.2.2.2.2.2.2.2.2.4.2.2",0.508457927518781,FALSE,TRUE,42
"2.2.2.2.2.2.2.3.2.2.2.2.2.2.2.2.2.2.2.4.2.2",0.460000377645775,FALSE,TRUE,42
"2.2.2.2.2.2.2.2.3.2.2.2.2.2.2.2.2.2.2.4.2.2",0.481566446700566,FALSE,TRUE,42
"2.2.2.2.2.2.2.2.2.3.2.2.2.2.2.2.2.2.2.4.2.2",0.469817171160569,FALSE,TRUE,42
"2.2.2.2.2.2.2.2.2.2.3.2.2.2.2.2.2.2.2.4.2.2",0.497865777638414,FALSE,TRUE,42
"2.2.2.2.2.2.2.2.2.2.2.3.2.2.2.2.2.2.2.4.2.2",0.490397245691182,FALSE,TRUE,42
"2.2.2.2.2.2.2.2.2.2.2.2.3.2.2.2.2.2.2.4.2.2",0.474714470138813,FALSE,TRUE,42
"2.2.2.2.2.2.2.2.2.2.2.2.2.3.2.2.2.2.2.4.2.2",0.506564078437484,FALSE,TRUE,42
"2.2.2.2.2.2.2.2.2.2.2.2.2.2.3.2.2.2.2.4.2.2",0.473756655147058,FALSE,TRUE,42
"2.2.2.2.2.2.2.2.2.2.2.2.2.2.2.3.2.2.2.4.2.2",0.481987700633965,FALSE,TRUE,42
"2.2.2.2.2.2.2.2.2.2.2.2.2.2.2.2.3.2.2.4.2.2",0.526832395672509,FALSE,TRUE,42
"2.2.2.2.2.2.2.2.2.2.2.2.2.2.2.2.2.3.2.4.2.2",0.519827009446319,FALSE,TRUE,42
"2.2.2.2.2.2.2.2.2.2.2.2.2.2.2.2.2.2.3.4.2.2",0.470962155275932,FALSE,TRUE,42
"2.2.2.2.2.2.2.2.2.2.2.2.2.2.2.2.2.2.2.5.2.2",0.49272079958035,FALSE,TRUE,43
"2.2.2.2.2.2.2.2.2.2.2.2.2.2.2.2.2.2.2.4.3.2",0.488663854490209,FALSE,TRUE,42
"2.2.2.2.2.2.2.2.2.2.2.2.2.2.2.2.2.2.2.4.2.3",0.511135322855542,FALSE,TRUE,42
"1.2.2.2.2.2.2.2.2.2.2.2.2.2.2.2.2.2.2.4.2.2",0.456581394627453,FALSE,TRUE,41
"2.1.2.2.2.2.2.2.2.2.2.2.2.2.2.2.2.2.2.4.2.2",0.462912495220853,FALSE,TRUE,41
"2.2.1.2.2.2.2.2.2.2.2.2.2.2.2.2.2.2.2.4.2.2",0.468719277968127,FALSE,TRUE,41
"2.2.2.1.2.2.2.2.2.2.2.2.2.2.2.2.2.2.2.4.2.2",0.439416012946985,FALSE,TRUE,41
"2.2.2.2.1.2.2.2.2.2.2.2.2.2.2.2.2.2.2.4.2.2",0.472317650161822,FALSE,TRUE,41
"2.2.2.2.2.1.2.2.2.2.2.2.2.2.2.2.2.2.2.4.2.2",0.482737876694603,FALSE,TRUE,41
"2.2.2.2.2.2.1.2.2.2.2.2.2.2.2.2.2.2.2.4.2.2",0.429358597369952,FALSE,TRUE,41
"2.2.2.2.2.2.2.1.2.2.2.2.2.2.2.2.2.2.2.4.2.2",0.493006107525075,FALSE,TRUE,41
"2.2.2.2.2.2.2.2.1.2.2.2.2.2.2.2.2.2.2.4.2.2",0.475049324411302,FALSE,TRUE,41
"2.2.2.2.2.2.2.2.2.1.2.2.2.2.2.2.2.2.2.4.2.2",0.486665855670545,FALSE,TRUE,41
"2.2.2.2.2.2.2.2.2.2.1.2.2.2.2.2.2.2.2.4.2.2",0.440439799000473,FALSE,TRUE,41
"2.2.2.2.2.2.2.2.2.2.2.1.2.2.2.2.2.2.2.4.2.2",0.46964380567914,FALSE,TRUE,41
"2.2.2.2.2.2.2.2.2.2.2.2.1.2.2.2.2.2.2.4.2.2",0.480392207821353,FALSE,TRUE,40
"2.2.2.2.2.2.2.2.2.2.2.2.2.1.2.2.2.2.2.4.2.2",0.450649129662366,FALSE,TRUE,41
"2.2.2.2.2.2.2.2.2.2.2.2.2.2.1.2.2.2.2.4.2.2",0.481994534740133,FALSE,TRUE,41
"2.2.2.2.2.2.2.2.2.2.2.2.2.2.2.1.2.2.2.4.2.2",0.475392879945268,FALSE,TRUE,40
"2.2.2.2.2.2.2.2.2.2.2.2.2.2.2.2.1.2.2.4.2.2",0.423131149135863,FALSE,TRUE,41
"2.2.2.2.2.2.2.2.2.2.2.2.2.2.2.2.2.1.2.4.2.2",0.440396624331369,FALSE,TRUE,41
"2.2.2.2.2.2.2.2.2.2.2.2.2.2.2.2.2.2.1.4.2.2",0.479175630010584,FALSE,TRUE,41
"2.2.2.2.2.2.2.2.2.2.2.2.2.2.2.2.2.2.2.4.1.2",0.457503074655759,FALSE,TRUE,41
"2.2.2.2.2.2.2.2.2.2.2.2.2.2.2.2.2.2.2.4.2.1",0.434670902077769,FALSE,TRUE,41
"3.2.2.2.3.2.2.2.2.2.1.2.2.2.2.3.1.3.2.2.2.2",0.371653831297348,FALSE,TRUE,40
"2.3.2.2.3.2.2.2.2.2.1.2.2.2.2.3.1.3.2.2.2.2",0.39293358669838,FALSE,TRUE,40
"2.2.3.2.3.2.2.2.2.2.1.2.2.2.2.3.1.3.2.2.2.2",0.364699665868699,FALSE,TRUE,40
"2.2.2.3.3.2.2.2.2.2.1.2.2.2.2.3.1.3.2.2.2.2",0.408053267354611,FALSE,TRUE,40
"2.2.2.2.4.2.2.2.2.2.1.2.2.2.2.3.1.3.2.2.2.2",0.360754864472128,FALSE,TRUE,40
"2.2.2.2.3.3.2.2.2.2.1.2.2.2.2.3.1.3.2.2.2.2",0.33748486174469,FALSE,TRUE,40
"2.2.2.2.3.2.3.2.2.2.1.2.2.2.2.3.1.3.2.2.2.2",0.421249267552086,FALSE,TRUE,40
"2.2.2.2.3.2.2.3.2.2.1.2.2.2.2.3.1.3.2.2.2.2",0.329623786412137,FALSE,TRUE,40
"2.2.2.2.3.2.2.2.3.2.1.2.2.2.2.3.1.3.2.2.2.2",0.362949393986253,FALSE,TRUE,40
"2.2.2.2.3.2.2.2.2.3.1.2.2.2.2.3.1.3.2.2.2.2",0.334650545276262,FALSE,TRUE,40
"2.2.2.2.3.2.2.2.2.2.2.2.2.2.2.3.1.3.2.2.2.2",0.425021802092386,FALSE,TRUE,39
"2.2.2.2.3.2.2.2.2.2.1.3.2.2.2.3.1.3.2.2.2.2",0.378784290533885,FALSE,TRUE,40
"2.2.2.2.3.2.2.2.2.2.1.2.3.2.2.3.1.3.2.2.2.2",0.365589369139482,FALSE,TRUE,40
"2.2.2.2.3.2.2.2.2.2.1.2.2.3.2.3.1.3.2.2.2.2",0.391562845367775,FALSE,TRUE,40
"2.2.2.2.3.2.2.2.2.2.1.2.2.2.3.3.1.3.2.2.2.2",0.347769691445092,FALSE,TRUE,40
"2.2.2.2.3.2.2.2.2.2.1.2.2.2.2.4.1.3.2.2.2.2",0.359094392230479,FALSE,TRUE,40
"2.2.2.2.3.2.2.2.2.2.1.2.2.2.2.3.1.4.2.2.2.2",0.377814842204699,FALSE,TRUE,40
"2.2.2.2.3.2.2.2.2.2.1.2.2.2.2.3.1.3.3.2.2.2",0.345611317554371,FALSE,TRUE,40
"2.2.2.2.3.2.2.2.2.2.1.2.2.2.2.3.1.3.2.3.2.2",0.3900568902193,FALSE,TRUE,40
"2.2.2.2.3.2.2.2.2.2.1.2.2.2.2.3.1.3.2.2.3.2",0.380301242319033,FALSE,TRUE,40
"2.2.2.2.3.2.2.2.2.2.1.2.2.2.2.3.1.3.2.2.2.3",0.41304997022339,FALSE,TRUE,40
"1.2.2.2.3.2.2.2.2.2.1.2.2.2.2.3.1.3.2.2.2.2",0.326773295969203,FALSE,TRUE,39
"2.2.1.2.3.2.2.2.2.2.1.2.2.2.2.3.1.3.2.2.2.2",0.328484281684433,FALSE,TRUE,39
"2.2.2.1.3.2.2.2.2.2.1.2.2.2.2.3.1.3.2.2.2.2",0.290657596111214,FALSE,TRUE,39
"2.2.2.2.2.2.2.2.2.2.1.2.2.2.2.3.1.3.2.2.2.2",0.338151494687206,FALSE,TRUE,40
"2.2.2.2.3.1.2.2.2.2.1.2.2.2.2.3.1.3.2.2.2.2",0.361910813291053,FALSE,TRUE,39
"2.2.2.2.3.2.1.2.2.2.1.2.2.2.2.3.1.3.2.2.2.2",0.258098404715254,FALSE,TRUE,39
"2.2.2.2.3.2.2.1.2.2.1.2.2.2.2.3.1.3.2.2.2.2",0.362828724189858,FALSE,TRUE,39
"2.2.2.2.3.2.2.2.1.2.1.2.2.2.2.3.1.3.2.2.2.2",0.332342273387627,FALSE,TRUE,39
"2.2.2.2.3.2.2.2.2.1.1.2.2.2.2.3.1.3.2.2.2.2",0.364658385476635,FALSE,TRUE,39
"2.2.2.2.3.2.2.2.2.2.1.1.2.2.2.3.1.3.2.2.2.2",0.323118622620889,FALSE,TRUE,38
"2.2.2.2.3.2.2.2.2.2.1.2.1.2.2.3.1.3.2.2.2.2",0.331775414690257,FALSE,TRUE,39
"2.2.2.2.3.2.2.2.2.2.1.2.2.1.2.3.1.3.2.2.2.2",0.305882650419157,FALSE,TRUE,39
"2.2.2.2.3.2.2.2.2.2.1.2.2.2.1.3.1.3.2.2.2.2",0.347995013029418,FALSE,TRUE,39
"2.2.2.2.3.2.2.2.2.2.1.2.2.2.2.3.1.2.2.2.2.2",0.318864828077559,FALSE,TRUE,38
"2.2.2.2.3.2.2.2.2.2.1.2.2.2.2.3.1.3.1.2.2.2",0.345356797883168,FALSE,TRUE,39
"2.2.2.2.3.2.2.2.2.2.1.2.2.2.2.3.1.3.2.1.2.2",0.300725687282214,FALSE,TRUE,39
"2.2.2.2.3.2.2.2.2.2.1.2.2.2.2.3.1.3.2.2.1.2",0.306553330901261,FALSE,TRUE,39
"2.2.2.2.3.2.2.2.2.2.1.2.2.2.2.3.1.3.2.2.2.1",0.274811911807714,FALSE,TRUE,39
"3.2.2.2.3.2.1.2.2.2.2.2.2.1.2.2.2.3.2.1.2.2",0.32444776219661,FALSE,TRUE,39
"2.3.2.2.3.2.1.2.2.2.2.2.2.1.2.2.2.3.2.1.2.2",0.35064839946281,FALSE,TRUE,39
"2.2.3.2.3.2.1.2.2.2.2.2.2.1.2.2.2.3.2.1.2.2",0.307366954486233,FALSE,TRUE,39
"2.2.2.3.3.2.1.2.2.2.2.2.2.1.2.2.2.3.2.1.2.2",0.353527365428351,FALSE,TRUE,39
"2.2.2.2.4.2.1.2.2.2.2.2.2.1.2.2.2.3.2.1.2.2",0.309893477940158,FALSE,TRUE,39
"2.2.2.2.3.3.1.2.2.2.2.2.2.1.2.2.2.3.2.1.2.2",0.288745635839389,FALSE,TRUE,39
"2.2.2.2.3.2.2.2.2.2.2.2.2.1.2.2.2.3.2.1.2.2",0.365206264062428,FALSE,TRUE,40
"2.2.2.2.3.2.1.3.2.2.2.2.2.1.2.2.2.3.2.1.2.2",0.268036012239637,FALSE,TRUE,39
"2.2.2.2.3.2.1.2.3.2.2.2.2.1.2.2.2.3.2.1.2.2",0.310301023056991,FALSE,TRUE,39
"2.2.2.2.3.2.1.2.2.3.2.2.2.1.2.2.2.3.2.1.2.2",0.270093404316819,FALSE,TRUE,39
"2.2.2.2.3.2.1.2.2.2.3.2.2.1.2.2.2.3.2.1.2.2",0.364957871120819,FALSE,TRUE,39
"2.2.2.2.3.2.1.2.2.2.2.3.2.1.2.2.2.3.2.1.2.2",0.332973567128699,FALSE,TRUE,38
"2.2.2.2.3.2.1.2.2.2.2.2.3.1.2.2.2.3.2.1.2.2",0.327848799064026,FALSE,TRUE,39
"2.2.2.2.3.2.1.2.2.2.2.2.2.1.3.2.2.3.2.1.2.2",0.290319031382925,FALSE,TRUE,39
"2.2.2.2.3.2.1.2.2.2.2.2.2.1.2.3.2.3.2.1.2.2",0.323724161002592,FALSE,TRUE,39
"2.2.2.2.3.2.1.2.2.2.2.2.2.1.2.2.3.3.2.1.2.2",0.357920475832075,FALSE,TRUE,39
"2.2.2.2.3.2.1.2.2.2.2.2.2.1.2.2.2.4.2.1.2.2",0.322922828229601,FALSE,TRUE,39
"2.2.2.2.3.2.1.2.2.2.2.2.2.1.2.2.2.3.3.1.2.2",0.299513711103649,FALSE,TRUE,39
"2.2.2.2.3.2.1.2.2.2.2.2.2.1.2.2.2.3.2.1.3.2",0.310056535265668,FALSE,TRUE,39
"2.2.2.2.3.2.1.2.2.2.2.2.2.1.2.2.2.3.2.1.2.3",0.37432373362019,FALSE,TRUE,39
"1.2.2.2.3.2.1.2.2.2.2.2.2.1.2.2.2.3.2.1.2.2",0.271952753551916,FALSE,TRUE,38
"2.1.2.2.3.2.1.2.2.2.2.2.2.1.2.2.2.3.2.1.2.2",0.243257420957592,FALSE,TRUE,38
"2.2.1.2.3.2.1.2.2.2.2.2.2.1.2.2.2.3.2.1.2.2",0.282375136062615,FALSE,TRUE,38
"2.2.2.1.3.2.1.2.2.2.2.2.2.1.2.2.2.3.2.1.2.2",0.242540923094541,FALSE,TRUE,38
"2.2.2.2.2.2.1.2.2.2.2.2.2.1.2.2.2.3.2.1.2.2",0.285424046112516,FALSE,TRUE,39
"2.2.2.2.3.1.1.2.2.2.2.2.2.1.2.2.2.3.2.1.2.2",0.306461075808079,FALSE,TRUE,38
"2.2.2.2.3.2.1.1.2.2.2.2.2.1.2.2.2.3.2.1.2.2",0.321015785414396,FALSE,TRUE,38
"2.2.2.2.3.2.1.2.1.2.2.2.2.1.2.2.2.3.2.1.2.2",0.281405914408406,FALSE,TRUE,38
"2.2.2.2.3.2.1.2.2.1.2.2.2.1.2.2.2.3.2.1.2.2",0.325310187789869,FALSE,TRUE,38
"2.2.2.2.3.2.1.2.2.2.1.2.2.1.2.2.2.3.2.1.2.2",0.21371303679508,FALSE,TRUE,38
"2.2.2.2.3.2.1.2.2.2.2.1.2.1.2.2.2.3.2.1.2.2",0.265145032830065,FALSE,TRUE,38
"2.2.2.2.3.2.1.2.2.2.2.2.1.1.2.2.2.3.2.1.2.2",0.265595986711659,FALSE,TRUE,38
"2.2.2.2.3.2.1.2.2.2.2.2.2.1.1.2.2.3.2.1.2.2",0.301470242735834,FALSE,TRUE,38
"2.2.2.2.3.2.1.2.2.2.2.2.2.1.2.1.2.3.2.1.2.2",0.272029861657842,FALSE,TRUE,38
"2.2.2.2.3.2.1.2.2.2.2.2.2.1.2.2.1.3.2.1.2.2",0.231017300280105,FALSE,TRUE,38
"2.2.2.2.3.2.1.2.2.2.2.2.2.1.2.2.2.2.2.1.2.2",0.270263928811815,FALSE,TRUE,38
"2.2.2.2.3.2.1.2.2.2.2.2.2.1.2.2.2.3.1.1.2.2",0.288662747141807,FALSE,TRUE,38
"2.2.2.2.3.2.1.2.2.2.2.2.2.1.2.2.2.3.2.1.1.2",0.271763255689211,FALSE,TRUE,38
"2.2.2.2.3.2.1.2.2.2.2.2.2.1.2.2.2.3.2.1.2.1",0.21211332963452,FALSE,TRUE,38
"2.2.2.2.3.2.1.2.2.1.2.2.2.2.2.2.2.2.2.3.2.1",0.345025682282399,FALSE,TRUE,37
"1.3.2.2.3.2.1.2.2.1.2.2.2.2.2.2.2.2.2.3.2.1",0.371497268145982,FALSE,TRUE,36
"1.2.3.2.3.2.1.2.2.1.2.2.2.2.2.2.2.2.2.3.2.1",0.341741382876891,FALSE,TRUE,36
"1.2.2.2.4.2.1.2.2.1.2.2.2.2.2.2.2.2.2.3.2.1",0.329491971169602,FALSE,TRUE,36
"1.2.2.2.3.3.1.2.2.1.2.2.2.2.2.2.2.2.2.3.2.1",0.321070936318461,FALSE,TRUE,36
"1.2.2.2.3.2.2.2.2.1.2.2.2.2.2.2.2.2.2.3.2.1",0.402949452396034,FALSE,TRUE,37
"1.2.2.2.3.2.1.3.2.1.2.2.2.2.2.2.2.2.2.3.2.1",0.301645287867206,FALSE,TRUE,36
"1.2.2.2.3.2.1.2.3.1.2.2.2.2.2.2.2.2.2.3.2.1",0.345373501071578,FALSE,TRUE,36
"1.2.2.2.3.2.1.2.2.2.2.2.2.2.2.2.2.2.2.3.2.1",0.320991749111658,FALSE,TRUE,37
"1.2.2.2.3.2.1.2.2.1.3.2.2.2.2.2.2.2.2.3.2.1",0.394446667353151,FALSE,TRUE,36
"1.2.2.2.3.2.1.2.2.1.2.3.2.2.2.2.2.2.2.3.2.1",0.35337097102287,FALSE,TRUE,36
"1.2.2.2.3.2.1.2.2.1.2.2.3.2.2.2.2.2.2.3.2.1",0.345194380981839,FALSE,TRUE,36
"1.2.2.2.3.2.1.2.2.1.2.2.2.3.2.2.2.2.2.3.2.1",0.361193851971281,FALSE,TRUE,36
"1.2.2.2.3.2.1.2.2.1.2.2.2.2.3.2.2.2.2.3.2.1",0.322602461017143,FALSE,TRUE,36
"1.2.2.2.3.2.1.2.2.1.2.2.2.2.2.3.2.2.2.3.2.1",0.339587468442863,FALSE,TRUE,36
"1.2.2.2.3.2.1.2.2.1.2.2.2.2.2.2.3.2.2.3.2.1",0.386122786406768,FALSE,TRUE,36
"1.2.2.2.3.2.1.2.2.1.2.2.2.2.2.2.2.3.2.3.2.1",0.373598296066473,FALSE,TRUE,36
"1.2.2.2.3.2.1.2.2.1.2.2.2.2.2.2.2.2.3.3.2.1",0.33137530601028,FALSE,TRUE,36
"1.2.2.2.3.2.1.2.2.1.2.2.2.2.2.2.2.2.2.4.2.1",0.362825253795121,FALSE,TRUE,37
"1.2.2.2.3.2.1.2.2.1.2.2.2.2.2.2.2.2.2.3.3.1",0.359782051314143,FALSE,TRUE,36
"1.1.2.2.3.2.1.2.2.1.2.2.2.2.2.2.2.2.2.3.2.1",0.288416831443983,FALSE,TRUE,35
"1.2.2.1.3.2.1.2.2.1.2.2.2.2.2.2.2.2.2.3.2.1",0.284564978029412,FALSE,TRUE,36
"1.2.2.2.2.2.1.2.2.1.2.2.2.2.2.2.2.2.2.3.2.1",0.332228791638651,FALSE,TRUE,36
"1.2.2.2.3.1.1.2.2.1.2.2.2.2.2.2.2.2.2.3.2.1",0.340669362383459,FALSE,TRUE,35
"1.2.2.2.3.2.1.1.2.1.2.2.2.2.2.2.2.2.2.3.2.1",0.353798941651387,FALSE,TRUE,35
"1.2.2.2.3.2.1.2.1.1.2.2.2.2.2.2.2.2.2.3.2.1",0.313373544656066,FALSE,TRUE,35
"1.2.2.2.3.2.1.2.2.1.1.2.2.2.2.2.2.2.2.3.2.1",0.251370861677545,FALSE,TRUE,35
"1.2.2.2.3.2.1.2.2.1.2.1.2.2.2.2.2.2.2.3.2.1",0.310308292735886,FALSE,TRUE,35
"1.2.2.2.3.2.1.2.2.1.2.2.1.2.2.2.2.2.2.3.2.1",0.313727980355999,FALSE,TRUE,35
"1.2.2.2.3.2.1.2.2.1.2.2.2.1.2.2.2.2.2.3.2.1",0.300082122941504,FALSE,TRUE,35
"1.2.2.2.3.2.1.2.2.1.2.2.2.2.1.2.2.2.2.3.2.1",0.336494908771099,FALSE,TRUE,35
"1.2.2.2.3.2.1.2.2.1.2.2.2.2.2.1.2.2.2.3.2.1",0.322334627315062,FALSE,TRUE,35
"1.2.2.2.3.2.1.2.2.1.2.2.2.2.2.2.1.2.2.3.2.1",0.269931540583479,FALSE,TRUE,35
"1.2.2.2.3.2.1.2.2.1.2.2.2.2.2.2.2.1.2.3.2.1",0.287499502341036,FALSE,TRUE,35
"1.2.2.2.3.2.1.2.2.1.2.2.2.2.2.2.2.2.1.3.2.1",0.322634099522829,FALSE,TRUE,35
"1.2.2.2.3.2.1.2.2.1.2.2.2.2.2.2.2.2.2.3.1.1",0.290497171843291,FALSE,TRUE,35
"3.1.2.2.3.2.2.2.2.2.2.2.2.2.2.2.3.2.2.2.2.2",0.451939566685316,FALSE,TRUE,41
"2.1.2.3.3.2.2.2.2.2.2.2.2.2.2.2.3.2.2.2.2.2",0.465902472051462,FALSE,TRUE,41
"2.1.2.2.4.2.2.2.2.2.2.2.2.2.2.2.3.2.2.2.2.2",0.430682131231425,FALSE,TRUE,41
"2.1.2.2.3.3.2.2.2.2.2.2.2.2.2.2.3.2.2.2.2.2",0.430676323904942,FALSE,TRUE,41
"2.1.2.2.3.2.3.2.2.2.2.2.2.2.2.2.3.2.2.2.2.2",0.456524396253268,FALSE,TRUE,41
"2.1.2.2.3.2.2.3.2.2.2.2.2.2.2.2.3.2.2.2.2.2",0.383721139664402,FALSE,TRUE,41
"2.1.2.2.3.2.2.2.3.2.2.2.2.2.2.2.3.2.2.2.2.2",0.431154249964733,FALSE,TRUE,41
"2.1.2.2.3.2.2.2.2.3.2.2.2.2.2.2.3.2.2.2.2.2",0.415376576113886,FALSE,TRUE,41
"2.1.2.2.3.2.2.2.2.2.3.2.2.2.2.2.3.2.2.2.2.2",0.461410519711633,FALSE,TRUE,41
"2.1.2.2.3.2.2.2.2.2.2.3.2.2.2.2.3.2.2.2.2.2",0.44859172404895,FALSE,TRUE,41
"2.1.2.2.3.2.2.2.2.2.2.2.3.2.2.2.3.2.2.2.2.2",0.450502721010888,FALSE,TRUE,41
"2.1.2.2.3.2.2.2.2.2.2.2.2.3.2.2.3.2.2.2.2.2",0.463947636376815,FALSE,TRUE,41
"2.1.2.2.3.2.2.2.2.2.2.2.2.2.3.2.3.2.2.2.2.2",0.407455351008587,FALSE,TRUE,41
"2.1.2.2.3.2.2.2.2.2.2.2.2.2.2.3.3.2.2.2.2.2",0.446265063262145,FALSE,TRUE,41
"2.1.2.2.3.2.2.2.2.2.2.2.2.2.2.2.4.2.2.2.2.2",0.455269630089293,FALSE,TRUE,41
"2.1.2.2.3.2.2.2.2.2.2.2.2.2.2.2.3.3.2.2.2.2",0.464658366587652,FALSE,TRUE,41
"2.1.2.2.3.2.2.2.2.2.2.2.2.2.2.2.3.2.3.2.2.2",0.426571069413587,FALSE,TRUE,41
"2.1.2.2.3.2.2.2.2.2.2.2.2.2.2.2.3.2.2.3.2.2",0.473513253223518,FALSE,TRUE,41
"2.1.2.2.3.2.2.2.2.2.2.2.2.2.2.2.3.2.2.2.3.2",0.417637885531793,FALSE,TRUE,41
"2.1.2.2.3.2.2.2.2.2.2.2.2.2.2.2.3.2.2.2.2.3",0.487161671720534,FALSE,TRUE,41
"1.1.2.2.3.2.2.2.2.2.2.2.2.2.2.2.3.2.2.2.2.2",0.398261022747736,FALSE,TRUE,38
"2.1.1.2.3.2.2.2.2.2.2.2.2.2.2.2.3.2.2.2.2.2",0.412549180818653,FALSE,TRUE,40
"2.1.2.1.3.2.2.2.2.2.2.2.2.2.2.2.3.2.2.2.2.2",0.384857413151601,FALSE,TRUE,40
"2.1.2.2.2.2.2.2.2.2.2.2.2.2.2.2.3.2.2.2.2.2",0.421138742098832,FALSE,TRUE,40
"2.1.2.2.3.1.2.2.2.2.2.2.2.2.2.2.3.2.2.2.2.2",0.42269851878083,FALSE,TRUE,40
"2.1.2.2.3.2.1.2.2.2.2.2.2.2.2.2.3.2.2.2.2.2",0.376613859734291,FALSE,TRUE,39
"2.1.2.2.3.2.2.1.2.2.2.2.2.2.2.2.3.2.2.2.2.2",0.464974318034722,FALSE,TRUE,40
"2.1.2.2.3.2.2.2.1.2.2.2.2.2.2.2.3.2.2.2.2.2",0.41959884904615,FALSE,TRUE,40
"2.1.2.2.3.2.2.2.2.1.2.2.2.2.2.2.3.2.2.2.2.2",0.437057605867779,FALSE,TRUE,40
"2.1.2.2.3.2.2.2.2.2.2.1.2.2.2.2.3.2.2.2.2.2",0.405086349091287,FALSE,TRUE,40
"2.1.2.2.3.2.2.2.2.2.2.2.1.2.2.2.3.2.2.2.2.2",0.40014124280541,FALSE,TRUE,40
"2.1.2.2.3.2.2.2.2.2.2.2.2.1.2.2.3.2.2.2.2.2",0.387162045794163,FALSE,TRUE,40
"2.1.2.2.3.2.2.2.2.2.2.2.2.2.1.2.3.2.2.2.2.2",0.444036028102605,FALSE,TRUE,40
"2.1.2.2.3.2.2.2.2.2.2.2.2.2.2.1.3.2.2.2.2.2",0.406300398987891,FALSE,TRUE,40
"2.1.2.2.3.2.2.2.2.2.2.2.2.2.2.2.3.1.2.2.2.2",0.38878942235799,FALSE,TRUE,40
"2.1.2.2.3.2.2.2.2.2.2.2.2.2.2.2.3.2.1.2.2.2",0.41878480625191,FALSE,TRUE,40
"2.1.2.2.3.2.2.2.2.2.2.2.2.2.2.2.3.2.2.1.2.2",0.371659690705073,FALSE,TRUE,40
"2.1.2.2.3.2.2.2.2.2.2.2.2.2.2.2.3.2.2.2.1.2",0.424140090592515,FALSE,TRUE,40
"2.1.2.2.3.2.2.2.2.2.2.2.2.2.2.2.3.2.2.2.2.1",0.354384438980812,FALSE,TRUE,40
"1.3.2.2.3.2.1.2.2.1.2.2.2.2.2.2.3.2.2.2.1.2",0.418723940838855,FALSE,TRUE,37
"1.2.3.2.3.2.1.2.2.1.2.2.2.2.2.2.3.2.2.2.1.2",0.393861794982287,FALSE,TRUE,37
"1.2.2.3.3.2.1.2.2.1.2.2.2.2.2.2.3.2.2.2.1.2",0.424078516418604,FALSE,TRUE,37
"1.2.2.2.4.2.1.2.2.1.2.2.2.2.2.2.3.2.2.2.1.2",0.379019570389391,FALSE,TRUE,37
"1.2.2.2.3.3.1.2.2.1.2.2.2.2.2.2.3.2.2.2.1.2",0.370102326514576,FALSE,TRUE,37
"1.2.2.2.3.2.2.2.2.1.2.2.2.2.2.2.3.2.2.2.1.2",0.445068955680186,FALSE,TRUE,38
"1.2.2.2.3.2.1.3.2.1.2.2.2.2.2.2.3.2.2.2.1.2",0.348245617818262,FALSE,TRUE,37
"1.2.2.2.3.2.1.2.3.1.2.2.2.2.2.2.3.2.2.2.1.2",0.391452686943448,FALSE,TRUE,37
"1.2.2.2.3.2.1.2.2.2.2.2.2.2.2.2.3.2.2.2.1.2",0.378296294327762,FALSE,TRUE,37
"1.2.2.2.3.2.1.2.2.1.3.2.2.2.2.2.3.2.2.2.1.2",0.439891941892284,FALSE,TRUE,37
"1.2.2.2.3.2.1.2.2.1.2.3.2.2.2.2.3.2.2.2.1.2",0.397159900488723,FALSE,TRUE,37
"1.2.2.2.3.2.1.2.2.1.2.2.3.2.2.2.3.2.2.2.1.2",0.389951769158128,FALSE,TRUE,37
"1.2.2.2.3.2.1.2.2.1.2.2.2.3.2.2.3.2.2.2.1.2",0.409404334011971,FALSE,TRUE,37
"1.2.2.2.3.2.1.2.2.1.2.2.2.2.3.2.3.2.2.2.1.2",0.368671117239733,FALSE,TRUE,37
"1.2.2.2.3.2.1.2.2.1.2.2.2.2.2.3.3.2.2.2.1.2",0.389381624835341,FALSE,TRUE,37
"1.2.2.2.3.2.1.2.2.1.2.2.2.2.2.2.4.2.2.2.1.2",0.42761524778343,FALSE,TRUE,37
"1.2.2.2.3.2.1.2.2.1.2.2.2.2.2.2.3.3.2.2.1.2",0.420275755503742,FALSE,TRUE,37
"1.2.2.2.3.2.1.2.2.1.2.2.2.2.2.2.3.2.3.2.1.2",0.377821925338152,FALSE,TRUE,37
"1.2.2.2.3.2.1.2.2.1.2.2.2.2.2.2.3.2.2.3.1.2",0.412802972470506,FALSE,TRUE,36
"1.2.2.2.3.2.1.2.2.1.2.2.2.2.2.2.3.2.2.2.1.3",0.435108856606053,FALSE,TRUE,37
"1.1.2.2.3.2.1.2.2.1.2.2.2.2.2.2.3.2.2.2.1.2",0.337353912486027,FALSE,TRUE,36
"1.2.1.2.3.2.1.2.2.1.2.2.2.2.2.2.3.2.2.2.1.2",0.359207918747315,FALSE,TRUE,36
"1.2.2.1.3.2.1.2.2.1.2.2.2.2.2.2.3.2.2.2.1.2",0.330966259180562,FALSE,TRUE,36
"1.2.2.2.2.2.1.2.2.1.2.2.2.2.2.2.3.2.2.2.1.2",0.378140864307286,FALSE,TRUE,37
"1.2.2.2.3.1.1.2.2.1.2.2.2.2.2.2.3.2.2.2.1.2",0.387044983170825,FALSE,TRUE,36
"1.2.2.2.3.2.1.1.2.1.2.2.2.2.2.2.3.2.2.2.1.2",0.403449226526998,FALSE,TRUE,36
"1.2.2.2.3.2.1.2.1.1.2.2.2.2.2.2.3.2.2.2.1.2",0.363091378829386,FALSE,TRUE,36
"1.2.2.2.3.2.1.2.2.1.1.2.2.2.2.2.3.2.2.2.1.2",0.302803665004028,FALSE,TRUE,36
"1.2.2.2.3.2.1.2.2.1.2.1.2.2.2.2.3.2.2.2.1.2",0.360571312578006,FALSE,TRUE,36
"1.2.2.2.3.2.1.2.2.1.2.2.1.2.2.2.3.2.2.2.1.2",0.364791436881363,FALSE,TRUE,36
"1.2.2.2.3.2.1.2.2.1.2.2.2.1.2.2.3.2.2.2.1.2",0.346367223076469,FALSE,TRUE,36
"1.2.2.2.3.2.1.2.2.1.2.2.2.2.1.2.3.2.2.2.1.2",0.38661880472031,FALSE,TRUE,36
"1.2.2.2.3.2.1.2.2.1.2.2.2.2.2.1.3.2.2.2.1.2",0.367603888024048,FALSE,TRUE,36
"1.2.2.2.3.2.1.2.2.1.2.2.2.2.2.2.3.1.2.2.1.2",0.335463917563261,FALSE,TRUE,36
"1.2.2.2.3.2.1.2.2.1.2.2.2.2.2.2.3.2.1.2.1.2",0.371373217204257,FALSE,TRUE,36
"1.2.2.2.3.2.1.2.2.1.2.2.2.2.2.2.3.2.2.1.1.2",0.336306054583577,FALSE,TRUE,36
"1.2.2.2.3.2.1.2.2.1.2.2.2.2.2.2.3.2.2.2.1.1",0.312056129885329,FALSE,TRUE,35
"3.2.2.2.3.2.1.2.2.2.2.2.2.2.2.2.2.2.2.2.3.2",0.400018862836869,FALSE,TRUE,40
"2.3.2.2.3.2.1.2.2.2.2.2.2.2.2.2.2.2.2.2.3.2",0.421944402357524,FALSE,TRUE,40
"2.2.3.2.3.2.1.2.2.2.2.2.2.2.2.2.2.2.2.2.3.2",0.390507497897667,FALSE,TRUE,40
"2.2.2.3.3.2.1.2.2.2.2.2.2.2.2.2.2.2.2.2.3.2",0.425728782084942,FALSE,TRUE,40
"2.2.2.2.4.2.1.2.2.2.2.2.2.2.2.2.2.2.2.2.3.2",0.385923468593,FALSE,TRUE,40
"2.2.2.2.3.3.1.2.2.2.2.2.2.2.2.2.2.2.2.2.3.2",0.378782106986733,FALSE,TRUE,40
"2.2.2.2.3.2.1.3.2.2.2.2.2.2.2.2.2.2.2.2.3.2",0.348175714847334,FALSE,TRUE,40
"2.2.2.2.3.2.1.2.3.2.2.2.2.2.2.2.2.2.2.2.3.2",0.39016206279108,FALSE,TRUE,39
"2.2.2.2.3.2.1.2.2.3.2.2.2.2.2.2.2.2.2.2.3.2",0.36414968617087,FALSE,TRUE,40
"2.2.2.2.3.2.1.2.2.2.3.2.2.2.2.2.2.2.2.2.3.2",0.424858676936175,FALSE,TRUE,40
"2.2.2.2.3.2.1.2.2.2.2.3.2.2.2.2.2.2.2.2.3.2",0.4072882090687,FALSE,TRUE,39
"2.2.2.2.3.2.1.2.2.2.2.2.3.2.2.2.2.2.2.2.3.2",0.402185400484397,FALSE,TRUE,40
"2.2.2.2.3.2.1.2.2.2.2.2.2.3.2.2.2.2.2.2.3.2",0.418663653652642,FALSE,TRUE,40
"2.2.2.2.3.2.1.2.2.2.2.2.2.2.3.2.2.2.2.2.3.2",0.371818666080289,FALSE,TRUE,40
"2.2.2.2.3.2.1.2.2.2.2.2.2.2.2.3.2.2.2.2.3.2",0.402368680601579,FALSE,TRUE,41
"2.2.2.2.3.2.1.2.2.2.2.2.2.2.2.2.3.2.2.2.3.2",0.427170259376749,FALSE,TRUE,39
"2.2.2.2.3.2.1.2.2.2.2.2.2.2.2.2.2.2.3.2.3.2",0.376620520914261,FALSE,TRUE,40
"2.2.2.2.3.2.1.2.2.2.2.2.2.2.2.2.2.2.2.3.3.2",0.425245182839396,FALSE,TRUE,40
"2.2.2.2.3.2.1.2.2.2.2.2.2.2.2.2.2.2.2.2.4.2",0.378373321703923,FALSE,TRUE,41
"2.2.2.2.3.2.1.2.2.2.2.2.2.2.2.2.2.2.2.2.3.3",0.442906026777171,FALSE,TRUE,40
"2.1.2.2.3.2.1.2.2.2.2.2.2.2.2.2.2.2.2.2.3.2",0.337124304677471,FALSE,TRUE,39
"2.2.1.2.3.2.1.2.2.2.2.2.2.2.2.2.2.2.2.2.3.2",0.36393657107136,FALSE,TRUE,39
"2.2.2.1.3.2.1.2.2.2.2.2.2.2.2.2.2.2.2.2.3.2",0.334852901890916,FALSE,TRUE,39
"2.2.2.2.2.2.1.2.2.2.2.2.2.2.2.2.2.2.2.2.3.2",0.373690903978177,FALSE,TRUE,39
"2.2.2.2.3.1.1.2.2.2.2.2.2.2.2.2.2.2.2.2.3.2",0.382724655375833,FALSE,TRUE,39
"2.2.2.2.3.2.1.1.2.2.2.2.2.2.2.2.2.2.2.2.3.2",0.406563201415887,FALSE,TRUE,39
"2.2.2.2.3.2.1.2.1.2.2.2.2.2.2.2.2.2.2.2.3.2",0.367736127286771,FALSE,TRUE,39
"2.2.2.2.3.2.1.2.2.1.2.2.2.2.2.2.2.2.2.2.3.2",0.395616121052845,FALSE,TRUE,38
"2.2.2.2.3.2.1.2.2.2.1.2.2.2.2.2.2.2.2.2.3.2",0.316949164769226,FALSE,TRUE,38
"2.2.2.2.3.2.1.2.2.2.2.1.2.2.2.2.2.2.2.2.3.2",0.356730624487767,FALSE,TRUE,39
"2.2.2.2.3.2.1.2.2.2.2.2.1.2.2.2.2.2.2.2.3.2",0.356524467439065,FALSE,TRUE,39
"2.2.2.2.3.2.1.2.2.2.2.2.2.1.2.2.2.2.2.2.3.2",0.340691901607339,FALSE,TRUE,38
"2.2.2.2.3.2.1.2.2.2.2.2.2.2.1.2.2.2.2.2.3.2",0.386141931951593,FALSE,TRUE,39
"2.2.2.2.3.2.1.2.2.2.2.2.2.2.2.2.1.2.2.2.3.2",0.325992835672875,FALSE,TRUE,38
"2.2.2.2.3.2.1.2.2.2.2.2.2.2.2.2.2.1.2.2.3.2",0.341508802552431,FALSE,TRUE,39
"2.2.2.2.3.2.1.2.2.2.2.2.2.2.2.2.2.2.1.2.3.2",0.376448851410622,FALSE,TRUE,39
"2.2.2.2.3.2.1.2.2.2.2.2.2.2.2.2.2.2.2.1.3.2",0.327072508772301,FALSE,TRUE,39
"2.2.2.2.3.2.1.2.2.2.2.2.2.2.2.2.2.2.2.2.3.1",0.306658654741312,FALSE,TRUE,39
"3.2.2.2.2.2.2.2.2.2.2.2.2.3.2.2.2.2.2.2.2.2",0.47550952282314,FALSE,TRUE,41
"2.3.2.2.2.2.2.2.2.2.2.2.2.3.2.2.2.2.2.2.2.2",0.488356504491906,FALSE,TRUE,41
"2.2.3.2.2.2.2.2.2.2.2.2.2.3.2.2.2.2.2.2.2.2",0.463936096104658,FALSE,TRUE,40
"2.2.2.3.2.2.2.2.2.2.2.2.2.3.2.2.2.2.2.2.2.2",0.501234717641688,FALSE,TRUE,41
"2.2.2.2.2.3.2.2.2.2.2.2.2.3.2.2.2.2.2.2.2.2",0.451700129123517,FALSE,TRUE,41
"2.2.2.2.2.2.3.2.2.2.2.2.2.3.2.2.2.2.2.2.2.2",0.490779836516805,FALSE,TRUE,41
"2.2.2.2.2.2.2.3.2.2.2.2.2.3.2.2.2.2.2.2.2.2",0.424945220353468,FALSE,TRUE,41
"2.2.2.2.2.2.2.2.3.2.2.2.2.3.2.2.2.2.2.2.2.2",0.460277454345764,FALSE,TRUE,41
"2.2.2.2.2.2.2.2.2.3.2.2.2.3.2.2.2.2.2.2.2.2",0.440700345556688,FALSE,TRUE,41
"2.2.2.2.2.2.2.2.2.2.3.2.2.3.2.2.2.2.2.2.2.2",0.488180400043776,FALSE,TRUE,41
"2.2.2.2.2.2.2.2.2.2.2.3.2.3.2.2.2.2.2.2.2.2",0.476572661180308,FALSE,TRUE,41
"2.2.2.2.2.2.2.2.2.2.2.2.3.3.2.2.2.2.2.2.2.2",0.46740111779617,FALSE,TRUE,42
"2.2.2.2.2.2.2.2.2.2.2.2.2.4.2.2.2.2.2.2.2.2",0.486930736413325,FALSE,TRUE,42
"2.2.2.2.2.2.2.2.2.2.2.2.2.3.3.2.2.2.2.2.2.2",0.445255506013801,FALSE,TRUE,41
"2.2.2.2.2.2.2.2.2.2.2.2.2.3.2.3.2.2.2.2.2.2",0.469316580650083,FALSE,TRUE,41
"2.2.2.2.2.2.2.2.2.2.2.2.2.3.2.2.3.2.2.2.2.2",0.501467980020681,FALSE,TRUE,40
"2.2.2.2.2.2.2.2.2.2.2.2.2.3.2.2.2.3.2.2.2.2",0.496847980443213,FALSE,TRUE,41
"2.2.2.2.2.2.2.2.2.2.2.2.2.3.2.2.2.2.3.2.2.2",0.452100703513046,FALSE,TRUE,41
"2.2.2.2.2.2.2.2.2.2.2.2.2.3.2.2.2.2.2.2.3.2",0.45876511714856,FALSE,TRUE,41
"2.2.2.2.2.2.2.2.2.2.2.2.2.3.2.2.2.2.2.2.2.3",0.504666909837638,FALSE,TRUE,41
"1.2.2.2.2.2.2.2.2.2.2.2.2.3.2.2.2.2.2.2.2.2",0.430983982802522,FALSE,TRUE,39
"2.1.2.2.2.2.2.2.2.2.2.2.2.3.2.2.2.2.2.2.2.2",0.418195430576502,FALSE,TRUE,40
"2.2.1.2.2.2.2.2.2.2.2.2.2.3.2.2.2.2.2.2.2.2",0.437955854754156,FALSE,TRUE,40
"2.2.2.1.2.2.2.2.2.2.2.2.2.3.2.2.2.2.2.2.2.2",0.405524889077707,FALSE,TRUE,40
"2.2.2.2.1.2.2.2.2.2.2.2.2.3.2.2.2.2.2.2.2.2",0.44185563302063,FALSE,TRUE,40
"2.2.2.2.2.1.2.2.2.2.2.2.2.3.2.2.2.2.2.2.2.2",0.457401370497889,FALSE,TRUE,40
"2.2.2.2.2.2.1.2.2.2.2.2.2.3.2.2.2.2.2.2.2.2",0.396244747340869,FALSE,TRUE,39
"2.2.2.2.2.2.2.1.2.2.2.2.2.3.2.2.2.2.2.2.2.2",0.477702266595009,FALSE,TRUE,40
"2.2.2.2.2.2.2.2.1.2.2.2.2.3.2.2.2.2.2.2.2.2",0.445660456165205,FALSE,TRUE,40
"2.2.2.2.2.2.2.2.2.1.2.2.2.3.2.2.2.2.2.2.2.2",0.466794603012469,FALSE,TRUE,40
"2.2.2.2.2.2.2.2.2.2.1.2.2.3.2.2.2.2.2.2.2.2",0.40047239313647,FALSE,TRUE,39
"2.2.2.2.2.2.2.2.2.2.2.1.2.3.2.2.2.2.2.2.2.2",0.433194410558895,FALSE,TRUE,40
"2.2.2.2.2.2.2.2.2.2.2.2.2.3.1.2.2.2.2.2.2.2",0.460093103672269,FALSE,TRUE,40
"2.2.2.2.2.2.2.2.2.2.2.2.2.3.2.1.2.2.2.2.2.2",0.437482815356885,FALSE,TRUE,40
"2.2.2.2.2.2.2.2.2.2.2.2.2.3.2.2.1.2.2.2.2.2",0.397746225396742,FALSE,TRUE,39
"2.2.2.2.2.2.2.2.2.2.2.2.2.3.2.2.2.1.2.2.2.2",0.411214224925957,FALSE,TRUE,40
"2.2.2.2.2.2.2.2.2.2.2.2.2.3.2.2.2.2.1.2.2.2",0.447617342486304,FALSE,TRUE,40
"2.2.2.2.2.2.2.2.2.2.2.2.2.3.2.2.2.2.2.1.2.2",0.410119731766449,FALSE,TRUE,40
"2.2.2.2.2.2.2.2.2.2.2.2.2.3.2.2.2.2.2.2.1.2",0.437313103717956,FALSE,TRUE,40
"2.2.2.2.2.2.2.2.2.2.2.2.2.3.2.2.2.2.2.2.2.1",0.391400718727793,FALSE,TRUE,40
"3.2.2.2.2.2.2.2.2.2.2.2.1.3.2.2.2.2.2.2.2.2",0.461647186519849,FALSE,TRUE,41
"2.3.2.2.2.2.2.2.2.2.2.2.1.3.2.2.2.2.2.2.2.2",0.474261936701459,FALSE,TRUE,40
"2.2.3.2.2.2.2.2.2.2.2.2.1.3.2.2.2.2.2.2.2.2",0.443504847551784,FALSE,TRUE,39
"2.2.2.3.2.2.2.2.2.2.2.2.1.3.2.2.2.2.2.2.2.2",0.480264553058301,FALSE,TRUE,41
"2.2.2.2.3.2.2.2.2.2.2.2.1.3.2.2.2.2.2.2.2.2",0.446731530113558,FALSE,TRUE,40
"2.2.2.2.2.3.2.2.2.2.2.2.1.3.2.2.2.2.2.2.2.2",0.434237413095734,FALSE,TRUE,41
"2.2.2.2.2.2.3.2.2.2.2.2.1.3.2.2.2.2.2.2.2.2",0.471509533408351,FALSE,TRUE,41
"2.2.2.2.2.2.2.3.2.2.2.2.1.3.2.2.2.2.2.2.2.2",0.400241238108884,FALSE,TRUE,41
"2.2.2.2.2.2.2.2.3.2.2.2.1.3.2.2.2.2.2.2.2.2",0.440811831795553,FALSE,TRUE,41
"2.2.2.2.2.2.2.2.2.3.2.2.1.3.2.2.2.2.2.2.2.2",0.4169889256936,FALSE,TRUE,41
"2.2.2.2.2.2.2.2.2.2.3.2.1.3.2.2.2.2.2.2.2.2",0.471660910489297,FALSE,TRUE,41
"2.2.2.2.2.2.2.2.2.2.2.3.1.3.2.2.2.2.2.2.2.2",0.45943513187302,FALSE,TRUE,41
"2.2.2.2.2.2.2.2.2.2.2.2.1.4.2.2.2.2.2.2.2.2",0.471691480944485,FALSE,TRUE,41
"2.2.2.2.2.2.2.2.2.2.2.2.1.3.3.2.2.2.2.2.2.2",0.42125061568706,FALSE,TRUE,41
"2.2.2.2.2.2.2.2.2.2.2.2.1.3.2.3.2.2.2.2.2.2",0.452830937971426,FALSE,TRUE,41
"2.2.2.2.2.2.2.2.2.2.2.2.1.3.2.2.3.2.2.2.2.2",0.479725758000508,FALSE,TRUE,41
"2.2.2.2.2.2.2.2.2.2.2.2.1.3.2.2.2.3.2.2.2.2",0.47512671736586,FALSE,TRUE,41
"2.2.2.2.2.2.2.2.2.2.2.2.1.3.2.2.2.2.3.2.2.2",0.435625735465709,FALSE,TRUE,41
"2.2.2.2.2.2.2.2.2.2.2.2.1.3.2.2.2.2.2.3.2.2",0.481016349343236,FALSE,TRUE,39
"2.2.2.2.2.2.2.2.2.2.2.2.1.3.2.2.2.2.2.2.3.2",0.433143192390749,FALSE,TRUE,40
"2.2.2.2.2.2.2.2.2.2.2.2.1.3.2.2.2.2.2.2.2.3",0.495401921830122,FALSE,TRUE,41
"1.2.2.2.2.2.2.2.2.2.2.2.1.3.2.2.2.2.2.2.2.2",0.406317417381283,FALSE,TRUE,40
"2.1.2.2.2.2.2.2.2.2.2.2.1.3.2.2.2.2.2.2.2.2",0.394166198671137,FALSE,TRUE,40
"2.2.1.2.2.2.2.2.2.2.2.2.1.3.2.2.2.2.2.2.2.2",0.41991677941723,FALSE,TRUE,40
"2.2.2.1.2.2.2.2.2.2.2.2.1.3.2.2.2.2.2.2.2.2",0.388777902770909,FALSE,TRUE,40
"2.2.2.2.1.2.2.2.2.2.2.2.1.3.2.2.2.2.2.2.2.2",0.42212861059692,FALSE,TRUE,40
"2.2.2.2.2.1.2.2.2.2.2.2.1.3.2.2.2.2.2.2.2.2",0.436129917989496,FALSE,TRUE,40
"2.2.2.2.2.2.1.2.2.2.2.2.1.3.2.2.2.2.2.2.2.2",0.37823594091972,FALSE,TRUE,40
"2.2.2.2.2.2.2.1.2.2.2.2.1.3.2.2.2.2.2.2.2.2",0.464418680757845,FALSE,TRUE,40
"2.2.2.2.2.2.2.2.1.2.2.2.1.3.2.2.2.2.2.2.2.2",0.426745099644819,FALSE,TRUE,40
"2.2.2.2.2.2.2.2.2.1.2.2.1.3.2.2.2.2.2.2.2.2",0.451329264360751,FALSE,TRUE,40
"2.2.2.2.2.2.2.2.2.2.1.2.1.3.2.2.2.2.2.2.2.2",0.379507848938143,FALSE,TRUE,40
"2.2.2.2.2.2.2.2.2.2.2.1.1.3.2.2.2.2.2.2.2.2",0.411931368745966,FALSE,TRUE,40
"2.2.2.2.2.2.2.2.2.2.2.2.1.3.1.2.2.2.2.2.2.2",0.446171800583126,FALSE,TRUE,40
"2.2.2.2.2.2.2.2.2.2.2.2.1.3.2.1.2.2.2.2.2.2",0.416204229499001,FALSE,TRUE,40
"2.2.2.2.2.2.2.2.2.2.2.2.1.3.2.2.1.2.2.2.2.2",0.382231571135059,FALSE,TRUE,40
"2.2.2.2.2.2.2.2.2.2.2.2.1.3.2.2.2.1.2.2.2.2",0.395789816749287,FALSE,TRUE,40
"2.2.2.2.2.2.2.2.2.2.2.2.1.3.2.2.2.2.1.2.2.2",0.426334523458163,FALSE,TRUE,40
"2.2.2.2.2.2.2.2.2.2.2.2.1.3.2.2.2.2.2.1.2.2",0.380733249830613,FALSE,TRUE,40
"2.2.2.2.2.2.2.2.2.2.2.2.1.3.2.2.2.2.2.2.1.2",0.42447696903847,FALSE,TRUE,40
"2.2.2.2.2.2.2.2.2.2.2.2.1.3.2.2.2.2.2.2.2.1",0.362969091564909,FALSE,TRUE,40
"3.2.2.2.3.2.2.2.2.2.2.2.2.2.2.2.1.2.2.2.3.2",0.40341934935699,FALSE,TRUE,41
"2.3.2.2.3.2.2.2.2.2.2.2.2.2.2.2.1.2.2.2.3.2",0.4116971100576,FALSE,TRUE,41
"2.2.3.2.3.2.2.2.2.2.2.2.2.2.2.2.1.2.2.2.3.2",0.388219144954902,FALSE,TRUE,41
"2.2.2.3.3.2.2.2.2.2.2.2.2.2.2.2.1.2.2.2.3.2",0.421149134439056,FALSE,TRUE,41
"2.2.2.2.4.2.2.2.2.2.2.2.2.2.2.2.1.2.2.2.3.2",0.388820985045242,FALSE,TRUE,41
"2.2.2.2.3.3.2.2.2.2.2.2.2.2.2.2.1.2.2.2.3.2",0.377455443667788,FALSE,TRUE,41
"2.2.2.2.3.2.3.2.2.2.2.2.2.2.2.2.1.2.2.2.3.2",0.408231351305678,FALSE,TRUE,41
"2.2.2.2.3.2.2.3.2.2.2.2.2.2.2.2.1.2.2.2.3.2",0.350299414206997,FALSE,TRUE,41
"2.2.2.2.3.2.2.2.3.2.2.2.2.2.2.2.1.2.2.2.3.2",0.380194917793009,FALSE,TRUE,41
"2.2.2.2.3.2.2.2.2.3.2.2.2.2.2.2.1.2.2.2.3.2",0.353233750777879,FALSE,TRUE,41
"2.2.2.2.3.2.2.2.2.2.3.2.2.2.2.2.1.2.2.2.3.2",0.405150202495404,FALSE,TRUE,41
"2.2.2.2.3.2.2.2.2.2.2.3.2.2.2.2.1.2.2.2.3.2",0.407992391093614,FALSE,TRUE,41
"2.2.2.2.3.2.2.2.2.2.2.2.3.2.2.2.1.2.2.2.3.2",0.397818008883042,FALSE,TRUE,41
"2.2.2.2.3.2.2.2.2.2.2.2.2.3.2.2.1.2.2.2.3.2",0.419413935934919,FALSE,TRUE,41
"2.2.2.2.3.2.2.2.2.2.2.2.2.2.3.2.1.2.2.2.3.2",0.372256587475741,FALSE,TRUE,41
"2.2.2.2.3.2.2.2.2.2.2.2.2.2.2.3.1.2.2.2.3.2",0.398165972212348,FALSE,TRUE,41
"2.2.2.2.3.2.2.2.2.2.2.2.2.2.2.2.1.3.2.2.3.2",0.415007895966806,FALSE,TRUE,41
"2.2.2.2.3.2.2.2.2.2.2.2.2.2.2.2.1.2.3.2.3.2",0.380580085859823,FALSE,TRUE,41
"2.2.2.2.3.2.2.2.2.2.2.2.2.2.2.2.1.2.2.3.3.2",0.41956101664521,FALSE,TRUE,41
"2.2.2.2.3.2.2.2.2.2.2.2.2.2.2.2.1.2.2.2.4.2",0.370623701814317,FALSE,TRUE,42
"2.2.2.2.3.2.2.2.2.2.2.2.2.2.2.2.1.2.2.2.3.3",0.430048026293582,FALSE,TRUE,41
"1.2.2.2.3.2.2.2.2.2.2.2.2.2.2.2.1.2.2.2.3.2",0.352543383380746,FALSE,TRUE,39
"2.1.2.2.3.2.2.2.2.2.2.2.2.2.2.2.1.2.2.2.3.2",0.342279843815019,FALSE,TRUE,40
"2.2.1.2.3.2.2.2.2.2.2.2.2.2.2.2.1.2.2.2.3.2",0.361192161755889,FALSE,TRUE,40
"2.2.2.1.3.2.2.2.2.2.2.2.2.2.2.2.1.2.2.2.3.2",0.335406235898658,FALSE,TRUE,40
"2.2.2.2.2.2.2.2.2.2.2.2.2.2.2.2.1.2.2.2.3.2",0.366492830112528,FALSE,TRUE,40
"2.2.2.2.3.1.2.2.2.2.2.2.2.2.2.2.1.2.2.2.3.2",0.379393465772328,FALSE,TRUE,40
"2.2.2.2.3.2.2.1.2.2.2.2.2.2.2.2.1.2.2.2.3.2",0.399187483163435,FALSE,TRUE,40
"2.2.2.2.3.2.2.2.1.2.2.2.2.2.2.2.1.2.2.2.3.2",0.372458291626679,FALSE,TRUE,40
"2.2.2.2.3.2.2.2.2.1.2.2.2.2.2.2.1.2.2.2.3.2",0.401540133565135,FALSE,TRUE,40
"2.2.2.2.3.2.2.2.2.2.1.2.2.2.2.2.1.2.2.2.3.2",0.329398637475369,FALSE,TRUE,39
"2.2.2.2.3.2.2.2.2.2.2.1.2.2.2.2.1.2.2.2.3.2",0.35162106310631,FALSE,TRUE,40
"2.2.2.2.3.2.2.2.2.2.2.2.1.2.2.2.1.2.2.2.3.2",0.356298724212466,FALSE,TRUE,40
"2.2.2.2.3.2.2.2.2.2.2.2.2.1.2.2.1.2.2.2.3.2",0.335673053299437,FALSE,TRUE,40
"2.2.2.2.3.2.2.2.2.2.2.2.2.2.1.2.1.2.2.2.3.2",0.380065103585082,FALSE,TRUE,40
"2.2.2.2.3.2.2.2.2.2.2.2.2.2.2.1.1.2.2.2.3.2",0.357207307676297,FALSE,TRUE,38
"2.2.2.2.3.2.2.2.2.2.2.2.2.2.2.2.1.1.2.2.3.2",0.341654246865266,FALSE,TRUE,40
"2.2.2.2.3.2.2.2.2.2.2.2.2.2.2.2.1.2.1.2.3.2",0.367222005328579,FALSE,TRUE,40
"2.2.2.2.3.2.2.2.2.2.2.2.2.2.2.2.1.2.2.1.3.2",0.328133750764568,FALSE,TRUE,40
"2.2.2.2.3.2.2.2.2.2.2.2.2.2.2.2.1.2.2.2.3.1",0.314393457940169,FALSE,TRUE,40
"3.3.2.2.2.2.2.2.2.2.2.2.2.2.2.2.2.2.2.2.2.2",0.47172963464955,FALSE,TRUE,42
"2.4.2.2.2.2.2.2.2.2.2.2.2.2.2.2.2.2.2.2.2.2",0.474635722120188,FALSE,TRUE,43
"2.3.3.2.2.2.2.2.2.2.2.2.2.2.2.2.2.2.2.2.2.2",0.457315797766186,FALSE,TRUE,41
"2.3.2.3.2.2.2.2.2.2.2.2.2.2.2.2.2.2.2.2.2.2",0.499046304866833,FALSE,TRUE,42
"2.3.2.2.2.3.2.2.2.2.2.2.2.2.2.2.2.2.2.2.2.2",0.445120366212427,FALSE,TRUE,42
"2.3.2.2.2.2.3.2.2.2.2.2.2.2.2.2.2.2.2.2.2.2",0.478157730020113,FALSE,TRUE,42
"2.3.2.2.2.2.2.3.2.2.2.2.2.2.2.2.2.2.2.2.2.2",0.423375510941836,FALSE,TRUE,42
"2.3.2.2.2.2.2.2.3.2.2.2.2.2.2.2.2.2.2.2.2.2",0.450151595562402,FALSE,TRUE,42
"2.3.2.2.2.2.2.2.2.3.2.2.2.2.2.2.2.2.2.2.2.2",0.428679929677922,FALSE,TRUE,42
"2.3.2.2.2.2.2.2.2.2.3.2.2.2.2.2.2.2.2.2.2.2",0.473623779797467,FALSE,TRUE,42
"2.3.2.2.2.2.2.2.2.2.2.3.2.2.2.2.2.2.2.2.2.2",0.474424005360498,FALSE,TRUE,42
"2.3.2.2.2.2.2.2.2.2.2.2.3.2.2.2.2.2.2.2.2.2",0.460198521495883,FALSE,TRUE,42
"2.3.2.2.2.2.2.2.2.2.2.2.2.2.3.2.2.2.2.2.2.2",0.444004917629995,FALSE,TRUE,42
"2.3.2.2.2.2.2.2.2.2.2.2.2.2.2.3.2.2.2.2.2.2",0.463221667240101,FALSE,TRUE,42
"2.3.2.2.2.2.2.2.2.2.2.2.2.2.2.2.2.3.2.2.2.2",0.49140782832844,FALSE,TRUE,42
"2.3.2.2.2.2.2.2.2.2.2.2.2.2.2.2.2.2.3.2.2.2",0.448404127371089,FALSE,TRUE,42
"2.3.2.2.2.2.2.2.2.2.2.2.2.2.2.2.2.2.2.2.3.2",0.451446292156929,FALSE,TRUE,42
"2.3.2.2.2.2.2.2.2.2.2.2.2.2.2.2.2.2.2.2.2.3",0.491086582285418,FALSE,TRUE,42
"1.3.2.2.2.2.2.2.2.2.2.2.2.2.2.2.2.2.2.2.2.2",0.423600437188092,FALSE,TRUE,40
"2.3.1.2.2.2.2.2.2.2.2.2.2.2.2.2.2.2.2.2.2.2",0.432102338663006,FALSE,TRUE,41
"2.3.2.1.2.2.2.2.2.2.2.2.2.2.2.2.2.2.2.2.2.2",0.39634924422962,FALSE,TRUE,41
"2.3.2.2.1.2.2.2.2.2.2.2.2.2.2.2.2.2.2.2.2.2",0.432218793199618,FALSE,TRUE,41
"2.3.2.2.2.1.2.2.2.2.2.2.2.2.2.2.2.2.2.2.2.2",0.452192834174188,FALSE,TRUE,41
"2.3.2.2.2.2.1.2.2.2.2.2.2.2.2.2.2.2.2.2.2.2",0.396088434293727,FALSE,TRUE,40
"2.3.2.2.2.2.2.1.2.2.2.2.2.2.2.2.2.2.2.2.2.2",0.466672116127856,FALSE,TRUE,41
"2.3.2.2.2.2.2.2.1.2.2.2.2.2.2.2.2.2.2.2.2.2",0.443480594924031,FALSE,TRUE,41
"2.3.2.2.2.2.2.2.2.1.2.2.2.2.2.2.2.2.2.2.2.2",0.466655579191653,FALSE,TRUE,41
"2.3.2.2.2.2.2.2.2.2.1.2.2.2.2.2.2.2.2.2.2.2",0.401431085392509,FALSE,TRUE,40
"2.3.2.2.2.2.2.2.2.2.2.1.2.2.2.2.2.2.2.2.2.2",0.423999237360885,FALSE,TRUE,41
"2.3.2.2.2.2.2.2.2.2.2.2.1.2.2.2.2.2.2.2.2.2",0.433872852984696,FALSE,TRUE,40
"2.3.2.2.2.2.2.2.2.2.2.2.2.1.2.2.2.2.2.2.2.2",0.406642199857511,FALSE,TRUE,41
"2.3.2.2.2.2.2.2.2.2.2.2.2.2.1.2.2.2.2.2.2.2",0.448612489968762,FALSE,TRUE,41
"2.3.2.2.2.2.2.2.2.2.2.2.2.2.2.1.2.2.2.2.2.2",0.430968132139387,FALSE,TRUE,41
"2.3.2.2.2.2.2.2.2.2.2.2.2.2.2.2.1.2.2.2.2.2",0.387235089370954,FALSE,TRUE,40
"2.3.2.2.2.2.2.2.2.2.2.2.2.2.2.2.2.1.2.2.2.2",0.404314211110152,FALSE,TRUE,41
"2.3.2.2.2.2.2.2.2.2.2.2.2.2.2.2.2.2.1.2.2.2",0.438977782690834,FALSE,TRUE,41
"2.3.2.2.2.2.2.2.2.2.2.2.2.2.2.2.2.2.2.1.2.2",0.407915995755207,FALSE,TRUE,41
"2.3.2.2.2.2.2.2.2.2.2.2.2.2.2.2.2.2.2.2.1.2",0.43212431372957,FALSE,TRUE,41
"2.3.2.2.2.2.2.2.2.2.2.2.2.2.2.2.2.2.2.2.2.1",0.392890990801247,FALSE,TRUE,41
"3.2.2.2.3.2.1.2.3.2.2.2.2.1.2.2.2.3.2.2.2.2",0.396307426241221,FALSE,TRUE,40
"2.3.2.2.3.2.1.2.3.2.2.2.2.1.2.2.2.3.2.2.2.2",0.4079139199139,FALSE,TRUE,40
"2.2.3.2.3.2.1.2.3.2.2.2.2.1.2.2.2.3.2.2.2.2",0.374465198645224,FALSE,TRUE,40
"2.2.2.3.3.2.1.2.3.2.2.2.2.1.2.2.2.3.2.2.2.2",0.415633440850476,FALSE,TRUE,40
"2.2.2.2.4.2.1.2.3.2.2.2.2.1.2.2.2.3.2.2.2.2",0.374826453340892,FALSE,TRUE,40
"2.2.2.2.3.3.1.2.3.2.2.2.2.1.2.2.2.3.2.2.2.2",0.358453978469441,FALSE,TRUE,40
"2.2.2.2.3.2.2.2.3.2.2.2.2.1.2.2.2.3.2.2.2.2",0.42094671761217,FALSE,TRUE,41
"2.2.2.2.3.2.1.3.3.2.2.2.2.1.2.2.2.3.2.2.2.2",0.33700095016286,FALSE,TRUE,40
"2.2.2.2.3.2.1.2.4.2.2.2.2.1.2.2.2.3.2.2.2.2",0.367592223600396,FALSE,TRUE,41
"2.2.2.2.3.2.1.2.3.3.2.2.2.1.2.2.2.3.2.2.2.2",0.341113471349137,FALSE,TRUE,40
"2.2.2.2.3.2.1.2.3.2.3.2.2.1.2.2.2.3.2.2.2.2",0.418854006456558,FALSE,TRUE,40
"2.2.2.2.3.2.1.2.3.2.2.3.2.1.2.2.2.3.2.2.2.2",0.394768674393926,FALSE,TRUE,39
"2.2.2.2.3.2.1.2.3.2.2.2.3.1.2.2.2.3.2.2.2.2",0.38624261808441,FALSE,TRUE,40
"2.2.2.2.3.2.1.2.3.2.2.2.2.1.3.2.2.3.2.2.2.2",0.358423861891301,FALSE,TRUE,40
"2.2.2.2.3.2.1.2.3.2.2.2.2.1.2.3.2.3.2.2.2.2",0.386055423108265,FALSE,TRUE,40
"2.2.2.2.3.2.1.2.3.2.2.2.2.1.2.2.3.3.2.2.2.2",0.424216114941674,FALSE,TRUE,40
"2.2.2.2.3.2.1.2.3.2.2.2.2.1.2.2.2.4.2.2.2.2",0.391385670704288,FALSE,TRUE,40
"2.2.2.2.3.2.1.2.3.2.2.2.2.1.2.2.2.3.3.2.2.2",0.367491668895143,FALSE,TRUE,40
"2.2.2.2.3.2.1.2.3.2.2.2.2.1.2.2.2.3.2.3.2.2",0.413049135637754,FALSE,TRUE,40
"2.2.2.2.3.2.1.2.3.2.2.2.2.1.2.2.2.3.2.2.3.2",0.377450175114762,FALSE,TRUE,40
"2.2.2.2.3.2.1.2.3.2.2.2.2.1.2.2.2.3.2.2.2.3",0.427795862982729,FALSE,TRUE,40
"1.2.2.2.3.2.1.2.3.2.2.2.2.1.2.2.2.3.2.2.2.2",0.334705002854514,FALSE,TRUE,37
"2.1.2.2.3.2.1.2.3.2.2.2.2.1.2.2.2.3.2.2.2.2",0.321706983418458,FALSE,TRUE,39
"2.2.1.2.3.2.1.2.3.2.2.2.2.1.2.2.2.3.2.2.2.2",0.350676713049154,FALSE,TRUE,39
"2.2.2.1.3.2.1.2.3.2.2.2.2.1.2.2.2.3.2.2.2.2",0.31616303621279,FALSE,TRUE,39
"2.2.2.2.2.2.1.2.3.2.2.2.2.1.2.2.2.3.2.2.2.2",0.355834178633786,FALSE,TRUE,40
"2.2.2.2.3.1.1.2.3.2.2.2.2.1.2.2.2.3.2.2.2.2",0.373170858187713,FALSE,TRUE,39
"2.2.2.2.3.2.1.1.3.2.2.2.2.1.2.2.2.3.2.2.2.2",0.388104364261534,FALSE,TRUE,39
"2.2.2.2.3.2.1.2.3.1.2.2.2.1.2.2.2.3.2.2.2.2",0.389431315892144,FALSE,TRUE,39
"2.2.2.2.3.2.1.2.3.2.1.2.2.1.2.2.2.3.2.2.2.2",0.293877725227955,FALSE,TRUE,39
"2.2.2.2.3.2.1.2.3.2.2.1.2.1.2.2.2.3.2.2.2.2",0.339585003548778,FALSE,TRUE,39
"2.2.2.2.3.2.1.2.3.2.2.2.1.1.2.2.2.3.2.2.2.2",0.342787651549956,FALSE,TRUE,39
"2.2.2.2.3.2.1.2.3.2.2.2.2.1.1.2.2.3.2.2.2.2",0.369571720544452,FALSE,TRUE,39
"2.2.2.2.3.2.1.2.3.2.2.2.2.1.2.1.2.3.2.2.2.2",0.344754702175552,FALSE,TRUE,39
"2.2.2.2.3.2.1.2.3.2.2.2.2.1.2.2.1.3.2.2.2.2",0.300094836335946,FALSE,TRUE,39
"2.2.2.2.3.2.1.2.3.2.2.2.2.1.2.2.2.2.2.2.2.2",0.338929957289827,FALSE,TRUE,38
"2.2.2.2.3.2.1.2.3.2.2.2.2.1.2.2.2.3.1.2.2.2",0.356160491326356,FALSE,TRUE,39
"2.2.2.2.3.2.1.2.3.2.2.2.2.1.2.2.2.3.2.2.1.2",0.340531544429094,FALSE,TRUE,39
"2.2.2.2.3.2.1.2.3.2.2.2.2.1.2.2.2.3.2.2.2.1",0.292624869164396,FALSE,TRUE,39
"3.2.2.2.3.2.1.2.2.2.2.2.2.2.2.1.2.2.2.2.3.2",0.375414084796587,FALSE,TRUE,40
"2.3.2.2.3.2.1.2.2.2.2.2.2.2.2.1.2.2.2.2.3.2",0.393772715627316,FALSE,TRUE,40
"2.2.3.2.3.2.1.2.2.2.2.2.2.2.2.1.2.2.2.2.3.2",0.360353954760947,FALSE,TRUE,40
"2.2.2.3.3.2.1.2.2.2.2.2.2.2.2.1.2.2.2.2.3.2",0.390961297989892,FALSE,TRUE,40
"2.2.2.2.4.2.1.2.2.2.2.2.2.2.2.1.2.2.2.2.3.2",0.357069050189368,FALSE,TRUE,40
"2.2.2.2.3.3.1.2.2.2.2.2.2.2.2.1.2.2.2.2.3.2",0.353083901652375,FALSE,TRUE,40
"2.2.2.2.3.2.2.2.2.2.2.2.2.2.2.1.2.2.2.2.3.2",0.400807139289634,FALSE,TRUE,38
"2.2.2.2.3.2.1.3.2.2.2.2.2.2.2.1.2.2.2.2.3.2",0.32427718398624,FALSE,TRUE,40
"2.2.2.2.3.2.1.2.3.2.2.2.2.2.2.1.2.2.2.2.3.2",0.365503154554053,FALSE,TRUE,40
"2.2.2.2.3.2.1.2.2.3.2.2.2.2.2.1.2.2.2.2.3.2",0.333122218440024,FALSE,TRUE,40
"2.2.2.2.3.2.1.2.2.2.3.2.2.2.2.1.2.2.2.2.3.2",0.397598190376887,FALSE,TRUE,40
"2.2.2.2.3.2.1.2.2.2.2.3.2.2.2.1.2.2.2.2.3.2",0.379289554802365,FALSE,TRUE,40
"2.2.2.2.3.2.1.2.2.2.2.2.3.2.2.1.2.2.2.2.3.2",0.377625533427563,FALSE,TRUE,40
"2.2.2.2.3.2.1.2.2.2.2.2.2.3.2.1.2.2.2.2.3.2",0.390782697949828,FALSE,TRUE,40
"2.2.2.2.3.2.1.2.2.2.2.2.2.2.3.1.2.2.2.2.3.2",0.346719823090098,FALSE,TRUE,40
"2.2.2.2.3.2.1.2.2.2.2.2.2.2.2.1.3.2.2.2.3.2",0.397009245125524,FALSE,TRUE,40
"2.2.2.2.3.2.1.2.2.2.2.2.2.2.2.1.2.3.2.2.3.2",0.385488982801697,FALSE,TRUE,39
"2.2.2.2.3.2.1.2.2.2.2.2.2.2.2.1.2.2.3.2.3.2",0.349097144613659,FALSE,TRUE,40
"2.2.2.2.3.2.1.2.2.2.2.2.2.2.2.1.2.2.2.3.3.2",0.404241991856484,FALSE,TRUE,40
"2.2.2.2.3.2.1.2.2.2.2.2.2.2.2.1.2.2.2.2.4.2",0.347035044744424,FALSE,TRUE,40
"2.2.2.2.3.2.1.2.2.2.2.2.2.2.2.1.2.2.2.2.3.3",0.420468669150351,FALSE,TRUE,40
"1.2.2.2.3.2.1.2.2.2.2.2.2.2.2.1.2.2.2.2.3.2",0.333851800653102,FALSE,TRUE,38
"2.1.2.2.3.2.1.2.2.2.2.2.2.2.2.1.2.2.2.2.3.2",0.314485002202966,FALSE,TRUE,39
"2.2.1.2.3.2.1.2.2.2.2.2.2.2.2.1.2.2.2.2.3.2",0.343197438219612,FALSE,TRUE,39
"2.2.2.1.3.2.1.2.2.2.2.2.2.2.2.1.2.2.2.2.3.2",0.318586299916505,FALSE,TRUE,39
"2.2.2.2.2.2.1.2.2.2.2.2.2.2.2.1.2.2.2.2.3.2",0.350996148324713,FALSE,TRUE,39
"2.2.2.2.3.1.1.2.2.2.2.2.2.2.2.1.2.2.2.2.3.2",0.356500493212892,FALSE,TRUE,39
"2.2.2.2.3.2.1.1.2.2.2.2.2.2.2.1.2.2.2.2.3.2",0.379259234454793,FALSE,TRUE,39
"2.2.2.2.3.2.1.2.1.2.2.2.2.2.2.1.2.2.2.2.3.2",0.341183318386505,FALSE,TRUE,39
"2.2.2.2.3.2.1.2.2.1.2.2.2.2.2.1.2.2.2.2.3.2",0.3749215128064,FALSE,TRUE,39
"2.2.2.2.3.2.1.2.2.2.1.2.2.2.2.1.2.2.2.2.3.2",0.293276325474267,FALSE,TRUE,39
"2.2.2.2.3.2.1.2.2.2.2.1.2.2.2.1.2.2.2.2.3.2",0.332624619045449,FALSE,TRUE,39
"2.2.2.2.3.2.1.2.2.2.2.2.1.2.2.1.2.2.2.2.3.2",0.329337891658761,FALSE,TRUE,39
"2.2.2.2.3.2.1.2.2.2.2.2.2.1.2.1.2.2.2.2.3.2",0.317681462039457,FALSE,TRUE,39
"2.2.2.2.3.2.1.2.2.2.2.2.2.2.1.1.2.2.2.2.3.2",0.359506127309868,FALSE,TRUE,39
"2.2.2.2.3.2.1.2.2.2.2.2.2.2.2.1.1.2.2.2.3.2",0.305156783451639,FALSE,TRUE,38
"2.2.2.2.3.2.1.2.2.2.2.2.2.2.2.1.2.1.2.2.3.2",0.324847109048848,FALSE,TRUE,39
"2.2.2.2.3.2.1.2.2.2.2.2.2.2.2.1.2.2.1.2.3.2",0.353009027934738,FALSE,TRUE,39
"2.2.2.2.3.2.1.2.2.2.2.2.2.2.2.1.2.2.2.1.3.2",0.297356248254575,FALSE,TRUE,39
"2.2.2.2.3.2.1.2.2.2.2.2.2.2.2.1.2.2.2.2.3.1",0.279069049254617,FALSE,TRUE,39
"3.2.3.2.2.2.2.2.2.2.2.2.1.2.2.2.2.2.2.3.2.2",0.47287857848352,FALSE,TRUE,41
"2.3.3.2.2.2.2.2.2.2.2.2.1.2.2.2.2.2.2.3.2.2",0.475455725160895,FALSE,TRUE,41
"2.2.3.3.2.2.2.2.2.2.2.2.1.2.2.2.2.2.2.3.2.2",0.494928421437643,FALSE,TRUE,41
"2.2.3.2.3.2.2.2.2.2.2.2.1.2.2.2.2.2.2.3.2.2",0.457428226444668,FALSE,TRUE,41
"2.2.3.2.2.3.2.2.2.2.2.2.1.2.2.2.2.2.2.3.2.2",0.443257971241329,FALSE,TRUE,41
"2.2.3.2.2.2.3.2.2.2.2.2.1.2.2.2.2.2.2.3.2.2",0.473890381084363,FALSE,TRUE,41
"2.2.3.2.2.2.2.3.2.2.2.2.1.2.2.2.2.2.2.3.2.2",0.417291405110057,FALSE,TRUE,41
"2.2.3.2.2.2.2.2.3.2.2.2.1.2.2.2.2.2.2.3.2.2",0.448141935070284,FALSE,TRUE,41
"2.2.3.2.2.2.2.2.2.3.2.2.1.2.2.2.2.2.2.3.2.2",0.425720060100613,FALSE,TRUE,41
"2.2.3.2.2.2.2.2.2.2.3.2.1.2.2.2.2.2.2.3.2.2",0.472307518262245,FALSE,TRUE,41
"2.2.3.2.2.2.2.2.2.2.2.3.1.2.2.2.2.2.2.3.2.2",0.465154484315223,FALSE,TRUE,41
"2.2.3.2.2.2.2.2.2.2.2.2.1.3.2.2.2.2.2.3.2.2",0.483754336626031,FALSE,TRUE,39
"2.2.3.2.2.2.2.2.2.2.2.2.1.2.3.2.2.2.2.3.2.2",0.43404703447916,FALSE,TRUE,41
"2.2.3.2.2.2.2.2.2.2.2.2.1.2.2.3.2.2.2.3.2.2",0.45814106669531,FALSE,TRUE,41
"2.2.3.2.2.2.2.2.2.2.2.2.1.2.2.2.3.2.2.3.2.2",0.487064040896803,FALSE,TRUE,41
"2.2.3.2.2.2.2.2.2.2.2.2.1.2.2.2.2.3.2.3.2.2",0.479218332858178,FALSE,TRUE,41
"2.2.3.2.2.2.2.2.2.2.2.2.1.2.2.2.2.2.3.3.2.2",0.434320706713326,FALSE,TRUE,41
"2.2.3.2.2.2.2.2.2.2.2.2.1.2.2.2.2.2.2.4.2.2",0.480309004184038,FALSE,TRUE,40
"2.2.3.2.2.2.2.2.2.2.2.2.1.2.2.2.2.2.2.3.3.2",0.440912366981065,FALSE,TRUE,41
"2.2.3.2.2.2.2.2.2.2.2.2.1.2.2.2.2.2.2.3.2.3",0.495508104359359,FALSE,TRUE,41
"1.2.3.2.2.2.2.2.2.2.2.2.1.2.2.2.2.2.2.3.2.2",0.413053729341221,FALSE,TRUE,40
"2.1.3.2.2.2.2.2.2.2.2.2.1.2.2.2.2.2.2.3.2.2",0.411099470062128,FALSE,TRUE,40
"2.2.3.1.2.2.2.2.2.2.2.2.1.2.2.2.2.2.2.3.2.2",0.39311112526251,FALSE,TRUE,40
"2.2.3.2.1.2.2.2.2.2.2.2.1.2.2.2.2.2.2.3.2.2",0.429761223300595,FALSE,TRUE,40
"2.2.3.2.2.1.2.2.2.2.2.2.1.2.2.2.2.2.2.3.2.2",0.44596387321072,FALSE,TRUE,40
"2.2.3.2.2.2.1.2.2.2.2.2.1.2.2.2.2.2.2.3.2.2",0.394930455681123,FALSE,TRUE,40
"2.2.3.2.2.2.2.1.2.2.2.2.1.2.2.2.2.2.2.3.2.2",0.465572414336393,FALSE,TRUE,40
"2.2.3.2.2.2.2.2.1.2.2.2.1.2.2.2.2.2.2.3.2.2",0.438096729565415,FALSE,TRUE,40
"2.2.3.2.2.2.2.2.2.1.2.2.1.2.2.2.2.2.2.3.2.2",0.460967310354754,FALSE,TRUE,40
"2.2.3.2.2.2.2.2.2.2.1.2.1.2.2.2.2.2.2.3.2.2",0.397193391288835,FALSE,TRUE,40
"2.2.3.2.2.2.2.2.2.2.2.1.1.2.2.2.2.2.2.3.2.2",0.425434786293907,FALSE,TRUE,40
"2.2.3.2.2.2.2.2.2.2.2.2.1.1.2.2.2.2.2.3.2.2",0.403366793370753,FALSE,TRUE,40
"2.2.3.2.2.2.2.2.2.2.2.2.1.2.1.2.2.2.2.3.2.2",0.45205372924514,FALSE,TRUE,40
"2.2.3.2.2.2.2.2.2.2.2.2.1.2.2.2.1.2.2.3.2.2",0.393640646729904,FALSE,TRUE,40
"2.2.3.2.2.2.2.2.2.2.2.2.1.2.2.2.2.1.2.3.2.2",0.410712332668445,FALSE,TRUE,40
"2.2.3.2.2.2.2.2.2.2.2.2.1.2.2.2.2.2.1.3.2.2",0.446090132361315,FALSE,TRUE,40
"2.2.3.2.2.2.2.2.2.2.2.2.1.2.2.2.2.2.2.2.2.2",0.400059862931409,FALSE,TRUE,39
"2.2.3.2.2.2.2.2.2.2.2.2.1.2.2.2.2.2.2.3.1.2",0.435192994687905,FALSE,TRUE,40
"2.2.3.2.2.2.2.2.2.2.2.2.1.2.2.2.2.2.2.3.2.1",0.380613832079041,FALSE,TRUE,40
"2.2.2.3.3.2.1.2.2.1.2.2.2.2.2.2.2.2.2.3.2.1",0.38536125911124,FALSE,TRUE,39
"1.3.2.3.3.2.1.2.2.1.2.2.2.2.2.2.2.2.2.3.2.1",0.416512389341436,FALSE,TRUE,38
"1.2.3.3.3.2.1.2.2.1.2.2.2.2.2.2.2.2.2.3.2.1",0.393174602345209,FALSE,TRUE,38
"1.2.2.4.3.2.1.2.2.1.2.2.2.2.2.2.2.2.2.3.2.1",0.408844285540818,FALSE,TRUE,39
"1.2.2.3.4.2.1.2.2.1.2.2.2.2.2.2.2.2.2.3.2.1",0.368904560474972,FALSE,TRUE,38
"1.2.2.3.3.3.1.2.2.1.2.2.2.2.2.2.2.2.2.3.2.1",0.364949967314019,FALSE,TRUE,38
"1.2.2.3.3.2.2.2.2.1.2.2.2.2.2.2.2.2.2.3.2.1",0.442686405413304,FALSE,TRUE,39
"1.2.2.3.3.2.1.3.2.1.2.2.2.2.2.2.2.2.2.3.2.1",0.339235720249915,FALSE,TRUE,38
"1.2.2.3.3.2.1.2.3.1.2.2.2.2.2.2.2.2.2.3.2.1",0.386228456308223,FALSE,TRUE,38
"1.2.2.3.3.2.1.2.2.2.2.2.2.2.2.2.2.2.2.3.2.1",0.368658763863987,FALSE,TRUE,39
"1.2.2.3.3.2.1.2.2.1.3.2.2.2.2.2.2.2.2.3.2.1",0.436184378935594,FALSE,TRUE,38
"1.2.2.3.3.2.1.2.2.1.2.3.2.2.2.2.2.2.2.3.2.1",0.396365819483323,FALSE,TRUE,38
"1.2.2.3.3.2.1.2.2.1.2.2.3.2.2.2.2.2.2.3.2.1",0.390039173442082,FALSE,TRUE,38
"1.2.2.3.3.2.1.2.2.1.2.2.2.3.2.2.2.2.2.3.2.1",0.402497098701182,FALSE,TRUE,38
"1.2.2.3.3.2.1.2.2.1.2.2.2.2.3.2.2.2.2.3.2.1",0.36742278472032,FALSE,TRUE,38
"1.2.2.3.3.2.1.2.2.1.2.2.2.2.2.3.2.2.2.3.2.1",0.389506352283153,FALSE,TRUE,38
"1.2.2.3.3.2.1.2.2.1.2.2.2.2.2.2.3.2.2.3.2.1",0.426477495434918,FALSE,TRUE,38
"1.2.2.3.3.2.1.2.2.1.2.2.2.2.2.2.2.3.2.3.2.1",0.41731335671468,FALSE,TRUE,38
"1.2.2.3.3.2.1.2.2.1.2.2.2.2.2.2.2.2.3.3.2.1",0.375235313834579,FALSE,TRUE,38
"1.2.2.3.3.2.1.2.2.1.2.2.2.2.2.2.2.2.2.4.2.1",0.401082471034449,FALSE,TRUE,38
"1.2.2.3.3.2.1.2.2.1.2.2.2.2.2.2.2.2.2.3.3.1",0.399598820757319,FALSE,TRUE,38
"1.1.2.3.3.2.1.2.2.1.2.2.2.2.2.2.2.2.2.3.2.1",0.327400998780359,FALSE,TRUE,37
"1.2.1.3.3.2.1.2.2.1.2.2.2.2.2.2.2.2.2.3.2.1",0.34830272262528,FALSE,TRUE,36
"1.2.2.3.2.2.1.2.2.1.2.2.2.2.2.2.2.2.2.3.2.1",0.37676725454296,FALSE,TRUE,38
"1.2.2.3.3.1.1.2.2.1.2.2.2.2.2.2.2.2.2.3.2.1",0.380780879161841,FALSE,TRUE,37
"1.2.2.3.3.2.1.1.2.1.2.2.2.2.2.2.2.2.2.3.2.1",0.400354605286198,FALSE,TRUE,37
"1.2.2.3.3.2.1.2.1.1.2.2.2.2.2.2.2.2.2.3.2.1",0.356624503160784,FALSE,TRUE,37
"1.2.2.3.3.2.1.2.2.1.1.2.2.2.2.2.2.2.2.3.2.1",0.293286007028822,FALSE,TRUE,37
"1.2.2.3.3.2.1.2.2.1.2.1.2.2.2.2.2.2.2.3.2.1",0.350360896787329,FALSE,TRUE,37
"1.2.2.3.3.2.1.2.2.1.2.2.1.2.2.2.2.2.2.3.2.1",0.353627071101579,FALSE,TRUE,37
"1.2.2.3.3.2.1.2.2.1.2.2.2.1.2.2.2.2.2.3.2.1",0.342016248136033,FALSE,TRUE,37
"1.2.2.3.3.2.1.2.2.1.2.2.2.2.1.2.2.2.2.3.2.1",0.37512955341843,FALSE,TRUE,37
"1.2.2.3.3.2.1.2.2.1.2.2.2.2.2.1.2.2.2.3.2.1",0.355626812356005,FALSE,TRUE,37
"1.2.2.3.3.2.1.2.2.1.2.2.2.2.2.2.1.2.2.3.2.1",0.311663629097539,FALSE,TRUE,37
"1.2.2.3.3.2.1.2.2.1.2.2.2.2.2.2.2.1.2.3.2.1",0.326430039393841,FALSE,TRUE,37
"1.2.2.3.3.2.1.2.2.1.2.2.2.2.2.2.2.2.1.3.2.1",0.362311522320529,FALSE,TRUE,37
"1.2.2.3.3.2.1.2.2.1.2.2.2.2.2.2.2.2.2.3.1.1",0.335114437972878,FALSE,TRUE,37
"3.2.2.2.2.2.2.2.2.2.2.2.2.2.2.2.2.2.2.2.3.2",0.442668236758123,FALSE,TRUE,42
"2.2.3.2.2.2.2.2.2.2.2.2.2.2.2.2.2.2.2.2.3.2",0.419845279354867,FALSE,TRUE,41
"2.2.2.3.2.2.2.2.2.2.2.2.2.2.2.2.2.2.2.2.3.2",0.460302065696786,FALSE,TRUE,42
"2.2.2.2.2.3.2.2.2.2.2.2.2.2.2.2.2.2.2.2.3.2",0.415932168244374,FALSE,TRUE,42
"2.2.2.2.2.2.3.2.2.2.2.2.2.2.2.2.2.2.2.2.3.2",0.433815544966137,FALSE,TRUE,42
"2.2.2.2.2.2.2.3.2.2.2.2.2.2.2.2.2.2.2.2.3.2",0.37887373998089,FALSE,TRUE,42
"2.2.2.2.2.2.2.2.3.2.2.2.2.2.2.2.2.2.2.2.3.2",0.413675536242121,FALSE,TRUE,42
"2.2.2.2.2.2.2.2.2.3.2.2.2.2.2.2.2.2.2.2.3.2",0.386145290271297,FALSE,TRUE,42
"2.2.2.2.2.2.2.2.2.2.3.2.2.2.2.2.2.2.2.2.3.2",0.434251409075799,FALSE,TRUE,42
"2.2.2.2.2.2.2.2.2.2.2.3.2.2.2.2.2.2.2.2.3.2",0.444182950517359,FALSE,TRUE,42
"2.2.2.2.2.2.2.2.2.2.2.2.3.2.2.2.2.2.2.2.3.2",0.437513037719094,FALSE,TRUE,42
"2.2.2.2.2.2.2.2.2.2.2.2.2.2.3.2.2.2.2.2.3.2",0.403506400203352,FALSE,TRUE,42
"2.2.2.2.2.2.2.2.2.2.2.2.2.2.2.3.2.2.2.2.3.2",0.435381720160206,FALSE,TRUE,42
"2.2.2.2.2.2.2.2.2.2.2.2.2.2.2.2.3.2.2.2.3.2",0.454596316161743,FALSE,TRUE,41
"2.2.2.2.2.2.2.2.2.2.2.2.2.2.2.2.2.3.2.2.3.2",0.455054961379416,FALSE,TRUE,42
"2.2.2.2.2.2.2.2.2.2.2.2.2.2.2.2.2.2.3.2.3.2",0.420118348877067,FALSE,TRUE,42
"2.2.2.2.2.2.2.2.2.2.2.2.2.2.2.2.2.2.2.2.4.2",0.399526562096873,FALSE,TRUE,43
"2.2.2.2.2.2.2.2.2.2.2.2.2.2.2.2.2.2.2.2.3.3",0.466453013441442,FALSE,TRUE,42
"1.2.2.2.2.2.2.2.2.2.2.2.2.2.2.2.2.2.2.2.3.2",0.385630095167375,FALSE,TRUE,40
"2.1.2.2.2.2.2.2.2.2.2.2.2.2.2.2.2.2.2.2.3.2",0.37522572756071,FALSE,TRUE,41
"2.2.1.2.2.2.2.2.2.2.2.2.2.2.2.2.2.2.2.2.3.2",0.40239571017517,FALSE,TRUE,41
"2.2.2.1.2.2.2.2.2.2.2.2.2.2.2.2.2.2.2.2.3.2",0.367788911631912,FALSE,TRUE,41
"2.2.2.2.1.2.2.2.2.2.2.2.2.2.2.2.2.2.2.2.3.2",0.399710720541523,FALSE,TRUE,41
"2.2.2.2.2.1.2.2.2.2.2.2.2.2.2.2.2.2.2.2.3.2",0.413218209609838,FALSE,TRUE,41
"2.2.2.2.2.2.2.1.2.2.2.2.2.2.2.2.2.2.2.2.3.2",0.444205441259047,FALSE,TRUE,41
"2.2.2.2.2.2.2.2.1.2.2.2.2.2.2.2.2.2.2.2.3.2",0.412268621022814,FALSE,TRUE,41
"2.2.2.2.2.2.2.2.2.1.2.2.2.2.2.2.2.2.2.2.3.2",0.440882837310495,FALSE,TRUE,41
"2.2.2.2.2.2.2.2.2.2.1.2.2.2.2.2.2.2.2.2.3.2",0.373881432503195,FALSE,TRUE,40
"2.2.2.2.2.2.2.2.2.2.2.1.2.2.2.2.2.2.2.2.3.2",0.385878654724737,FALSE,TRUE,41
"2.2.2.2.2.2.2.2.2.2.2.2.1.2.2.2.2.2.2.2.3.2",0.388169716381016,FALSE,TRUE,40
"2.2.2.2.2.2.2.2.2.2.2.2.2.1.2.2.2.2.2.2.3.2",0.36925420700602,FALSE,TRUE,41
"2.2.2.2.2.2.2.2.2.2.2.2.2.2.1.2.2.2.2.2.3.2",0.42189800615571,FALSE,TRUE,41
"2.2.2.2.2.2.2.2.2.2.2.2.2.2.2.1.2.2.2.2.3.2",0.392223978678268,FALSE,TRUE,39
"2.2.2.2.2.2.2.2.2.2.2.2.2.2.2.2.2.1.2.2.3.2",0.374187081628417,FALSE,TRUE,41
"2.2.2.2.2.2.2.2.2.2.2.2.2.2.2.2.2.2.1.2.3.2",0.40016251446486,FALSE,TRUE,41
"2.2.2.2.2.2.2.2.2.2.2.2.2.2.2.2.2.2.2.1.3.2",0.361359049928807,FALSE,TRUE,41
"2.2.2.2.2.2.2.2.2.2.2.2.2.2.2.2.2.2.2.2.3.1",0.351315263567089,FALSE,TRUE,41
"1.3.2.2.3.2.1.2.3.2.2.2.2.2.2.2.2.2.2.2.2.2",0.391006734836015,FALSE,TRUE,40
"1.2.3.2.3.2.1.2.3.2.2.2.2.2.2.2.2.2.2.2.2.2",0.363453586825365,FALSE,TRUE,39
"1.2.2.3.3.2.1.2.3.2.2.2.2.2.2.2.2.2.2.2.2.2",0.398560050443078,FALSE,TRUE,40
"1.2.2.2.4.2.1.2.3.2.2.2.2.2.2.2.2.2.2.2.2.2",0.360272563008373,FALSE,TRUE,40
"1.2.2.2.3.3.1.2.3.2.2.2.2.2.2.2.2.2.2.2.2.2",0.346894858651173,FALSE,TRUE,40
"1.2.2.2.3.2.1.3.3.2.2.2.2.2.2.2.2.2.2.2.2.2",0.319586353002339,FALSE,TRUE,40
"1.2.2.2.3.2.1.2.4.2.2.2.2.2.2.2.2.2.2.2.2.2",0.348401333650279,FALSE,TRUE,41
"1.2.2.2.3.2.1.2.3.3.2.2.2.2.2.2.2.2.2.2.2.2",0.330357710519664,FALSE,TRUE,40
"1.2.2.2.3.2.1.2.3.2.3.2.2.2.2.2.2.2.2.2.2.2",0.396648309631457,FALSE,TRUE,40
"1.2.2.2.3.2.1.2.3.2.2.3.2.2.2.2.2.2.2.2.2.2",0.381138470099826,FALSE,TRUE,40
"1.2.2.2.3.2.1.2.3.2.2.2.3.2.2.2.2.2.2.2.2.2",0.371593776223148,FALSE,TRUE,40
"1.2.2.2.3.2.1.2.3.2.2.2.2.3.2.2.2.2.2.2.2.2",0.39226511155805,FALSE,TRUE,40
"1.2.2.2.3.2.1.2.3.2.2.2.2.2.3.2.2.2.2.2.2.2",0.340226482295109,FALSE,TRUE,40
"1.2.2.2.3.2.1.2.3.2.2.2.2.2.2.3.2.2.2.2.2.2",0.364828936104863,FALSE,TRUE,40
"1.2.2.2.3.2.1.2.3.2.2.2.2.2.2.2.3.2.2.2.2.2",0.403805937995903,FALSE,TRUE,39
"1.2.2.2.3.2.1.2.3.2.2.2.2.2.2.2.2.3.2.2.2.2",0.384779652751074,FALSE,TRUE,38
"1.2.2.2.3.2.1.2.3.2.2.2.2.2.2.2.2.2.3.2.2.2",0.354358990871897,FALSE,TRUE,40
"1.2.2.2.3.2.1.2.3.2.2.2.2.2.2.2.2.2.2.3.2.2",0.391972012608195,FALSE,TRUE,39
"1.2.2.2.3.2.1.2.3.2.2.2.2.2.2.2.2.2.2.2.3.2",0.36104912035061,FALSE,TRUE,39
"1.2.2.2.3.2.1.2.3.2.2.2.2.2.2.2.2.2.2.2.2.3",0.406709976051967,FALSE,TRUE,40
"1.1.2.2.3.2.1.2.3.2.2.2.2.2.2.2.2.2.2.2.2.2",0.306592165426131,FALSE,TRUE,39
"1.2.1.2.3.2.1.2.3.2.2.2.2.2.2.2.2.2.2.2.2.2",0.3300135739786,FALSE,TRUE,39
"1.2.2.1.3.2.1.2.3.2.2.2.2.2.2.2.2.2.2.2.2.2",0.301221150975492,FALSE,TRUE,39
"1.2.2.2.2.2.1.2.3.2.2.2.2.2.2.2.2.2.2.2.2.2",0.338902806665107,FALSE,TRUE,40
"1.2.2.2.3.1.1.2.3.2.2.2.2.2.2.2.2.2.2.2.2.2",0.352995022675217,FALSE,TRUE,39
"1.2.2.2.3.2.1.1.3.2.2.2.2.2.2.2.2.2.2.2.2.2",0.373204068904797,FALSE,TRUE,39
"1.2.2.2.3.2.1.2.3.2.1.2.2.2.2.2.2.2.2.2.2.2",0.283244599388667,FALSE,TRUE,39
"1.2.2.2.3.2.1.2.3.2.2.1.2.2.2.2.2.2.2.2.2.2",0.32178164582332,FALSE,TRUE,39
"1.2.2.2.3.2.1.2.3.2.2.2.1.2.2.2.2.2.2.2.2.2",0.326295357194185,FALSE,TRUE,39
"1.2.2.2.3.2.1.2.3.2.2.2.2.1.2.2.2.2.2.2.2.2",0.306108392976043,FALSE,TRUE,37
"1.2.2.2.3.2.1.2.3.2.2.2.2.2.1.2.2.2.2.2.2.2",0.355626688520679,FALSE,TRUE,39
"1.2.2.2.3.2.1.2.3.2.2.2.2.2.2.1.2.2.2.2.2.2",0.333983959329342,FALSE,TRUE,39
"1.2.2.2.3.2.1.2.3.2.2.2.2.2.2.2.1.2.2.2.2.2",0.288281028431733,FALSE,TRUE,39
"1.2.2.2.3.2.1.2.3.2.2.2.2.2.2.2.2.1.2.2.2.2",0.314111617460016,FALSE,TRUE,39
"1.2.2.2.3.2.1.2.3.2.2.2.2.2.2.2.2.2.1.2.2.2",0.336992585994006,FALSE,TRUE,39
"1.2.2.2.3.2.1.2.3.2.2.2.2.2.2.2.2.2.2.1.2.2",0.299267960564758,FALSE,TRUE,39
"1.2.2.2.3.2.1.2.3.2.2.2.2.2.2.2.2.2.2.2.1.2",0.325128881227548,FALSE,TRUE,39
"1.2.2.2.3.2.1.2.3.2.2.2.2.2.2.2.2.2.2.2.2.1",0.281451891798915,FALSE,TRUE,38
"2.1.3.2.3.2.2.2.2.2.2.2.2.2.2.2.2.2.2.2.2.2",0.397113325910218,FALSE,TRUE,39
"1.1.4.2.3.2.2.2.2.2.2.2.2.2.2.2.2.2.2.2.2.2",0.359377230309193,FALSE,TRUE,40
"1.1.3.3.3.2.2.2.2.2.2.2.2.2.2.2.2.2.2.2.2.2",0.416386158009533,FALSE,TRUE,40
"1.1.3.2.4.2.2.2.2.2.2.2.2.2.2.2.2.2.2.2.2.2",0.377378839280318,FALSE,TRUE,40
"1.1.3.2.3.3.2.2.2.2.2.2.2.2.2.2.2.2.2.2.2.2",0.363105130282271,FALSE,TRUE,40
"1.1.3.2.3.2.3.2.2.2.2.2.2.2.2.2.2.2.2.2.2.2",0.39604120975814,FALSE,TRUE,40
"1.1.3.2.3.2.2.3.2.2.2.2.2.2.2.2.2.2.2.2.2.2",0.329564916214234,FALSE,TRUE,40
"1.1.3.2.3.2.2.2.3.2.2.2.2.2.2.2.2.2.2.2.2.2",0.364612099909828,FALSE,TRUE,40
"1.1.3.2.3.2.2.2.2.3.2.2.2.2.2.2.2.2.2.2.2.2",0.341380692241097,FALSE,TRUE,40
"1.1.3.2.3.2.2.2.2.2.3.2.2.2.2.2.2.2.2.2.2.2",0.402128820810432,FALSE,TRUE,40
"1.1.3.2.3.2.2.2.2.2.2.3.2.2.2.2.2.2.2.2.2.2",0.394510120721998,FALSE,TRUE,40
"1.1.3.2.3.2.2.2.2.2.2.2.3.2.2.2.2.2.2.2.2.2",0.391802338011948,FALSE,TRUE,40
"1.1.3.2.3.2.2.2.2.2.2.2.2.3.2.2.2.2.2.2.2.2",0.40867954336144,FALSE,TRUE,40
"1.1.3.2.3.2.2.2.2.2.2.2.2.2.3.2.2.2.2.2.2.2",0.350281862314212,FALSE,TRUE,40
"1.1.3.2.3.2.2.2.2.2.2.2.2.2.2.3.2.2.2.2.2.2",0.383221235795701,FALSE,TRUE,40
"1.1.3.2.3.2.2.2.2.2.2.2.2.2.2.2.3.2.2.2.2.2",0.403560053610569,FALSE,TRUE,38
"1.1.3.2.3.2.2.2.2.2.2.2.2.2.2.2.2.3.2.2.2.2",0.392131541740852,FALSE,TRUE,40
"1.1.3.2.3.2.2.2.2.2.2.2.2.2.2.2.2.2.3.2.2.2",0.359667171542029,FALSE,TRUE,40
"1.1.3.2.3.2.2.2.2.2.2.2.2.2.2.2.2.2.2.3.2.2",0.410792183122371,FALSE,TRUE,40
"1.1.3.2.3.2.2.2.2.2.2.2.2.2.2.2.2.2.2.2.3.2",0.358249748402612,FALSE,TRUE,40
"1.1.3.2.3.2.2.2.2.2.2.2.2.2.2.2.2.2.2.2.2.3",0.422621379563492,FALSE,TRUE,40
"1.1.3.1.3.2.2.2.2.2.2.2.2.2.2.2.2.2.2.2.2.2",0.30734679675087,FALSE,TRUE,39
"1.1.3.2.2.2.2.2.2.2.2.2.2.2.2.2.2.2.2.2.2.2",0.347325593025667,FALSE,TRUE,40
"1.1.3.2.3.1.2.2.2.2.2.2.2.2.2.2.2.2.2.2.2.2",0.361724673735751,FALSE,TRUE,39
"1.1.3.2.3.2.1.2.2.2.2.2.2.2.2.2.2.2.2.2.2.2",0.307319802640249,FALSE,TRUE,38
"1.1.3.2.3.2.2.1.2.2.2.2.2.2.2.2.2.2.2.2.2.2",0.388922348708264,FALSE,TRUE,39
"1.1.3.2.3.2.2.2.1.2.2.2.2.2.2.2.2.2.2.2.2.2",0.356414669167994,FALSE,TRUE,39
"1.1.3.2.3.2.2.2.2.2.1.2.2.2.2.2.2.2.2.2.2.2",0.304185819529993,FALSE,TRUE,39
"1.1.3.2.3.2.2.2.2.2.2.1.2.2.2.2.2.2.2.2.2.2",0.332008175536911,FALSE,TRUE,39
"1.1.3.2.3.2.2.2.2.2.2.2.1.2.2.2.2.2.2.2.2.2",0.331053913901943,FALSE,TRUE,39
"1.1.3.2.3.2.2.2.2.2.2.2.2.1.2.2.2.2.2.2.2.2",0.314513616659301,FALSE,TRUE,39
"1.1.3.2.3.2.2.2.2.2.2.2.2.2.1.2.2.2.2.2.2.2",0.371235625635376,FALSE,TRUE,39
"1.1.3.2.3.2.2.2.2.2.2.2.2.2.2.1.2.2.2.2.2.2",0.340782961647622,FALSE,TRUE,39
"1.1.3.2.3.2.2.2.2.2.2.2.2.2.2.2.1.2.2.2.2.2",0.31304157621378,FALSE,TRUE,39
"1.1.3.2.3.2.2.2.2.2.2.2.2.2.2.2.2.1.2.2.2.2",0.331159507933622,FALSE,TRUE,39
"1.1.3.2.3.2.2.2.2.2.2.2.2.2.2.2.2.2.1.2.2.2",0.356574362342289,FALSE,TRUE,39
"1.1.3.2.3.2.2.2.2.2.2.2.2.2.2.2.2.2.2.1.2.2",0.305838101952249,FALSE,TRUE,39
"1.1.3.2.3.2.2.2.2.2.2.2.2.2.2.2.2.2.2.2.1.2",0.35399146034936,FALSE,TRUE,39
"1.1.3.2.3.2.2.2.2.2.2.2.2.2.2.2.2.2.2.2.2.1",0.290970615850664,FALSE,TRUE,39
"3.2.2.2.3.2.1.2.2.1.2.2.2.2.2.2.3.2.2.2.1.2",0.402978660625795,FALSE,TRUE,40
"2.3.2.2.3.2.1.2.2.1.2.2.2.2.2.2.3.2.2.2.1.2",0.430267730302687,FALSE,TRUE,39
"2.2.3.2.3.2.1.2.2.1.2.2.2.2.2.2.3.2.2.2.1.2",0.40942655437481,FALSE,TRUE,39
"2.2.2.3.3.2.1.2.2.1.2.2.2.2.2.2.3.2.2.2.1.2",0.43714720182832,FALSE,TRUE,39
"2.2.2.2.4.2.1.2.2.1.2.2.2.2.2.2.3.2.2.2.1.2",0.390540148412373,FALSE,TRUE,39
"2.2.2.2.3.3.1.2.2.1.2.2.2.2.2.2.3.2.2.2.1.2",0.38633762744424,FALSE,TRUE,39
"2.2.2.2.3.2.2.2.2.1.2.2.2.2.2.2.3.2.2.2.1.2",0.464775561921416,FALSE,TRUE,38
"2.2.2.2.3.2.1.3.2.1.2.2.2.2.2.2.3.2.2.2.1.2",0.366089525007872,FALSE,TRUE,39
"2.2.2.2.3.2.1.2.3.1.2.2.2.2.2.2.3.2.2.2.1.2",0.411322769636249,FALSE,TRUE,39
"2.2.2.2.3.2.1.2.2.2.2.2.2.2.2.2.3.2.2.2.1.2",0.400719525223543,FALSE,TRUE,37
"2.2.2.2.3.2.1.2.2.1.3.2.2.2.2.2.3.2.2.2.1.2",0.455357652241863,FALSE,TRUE,39
"2.2.2.2.3.2.1.2.2.1.2.3.2.2.2.2.3.2.2.2.1.2",0.407599770145865,FALSE,TRUE,39
"2.2.2.2.3.2.1.2.2.1.2.2.3.2.2.2.3.2.2.2.1.2",0.400004465022415,FALSE,TRUE,39
"2.2.2.2.3.2.1.2.2.1.2.2.2.3.2.2.3.2.2.2.1.2",0.419902380972356,FALSE,TRUE,39
"2.2.2.2.3.2.1.2.2.1.2.2.2.2.3.2.3.2.2.2.1.2",0.385646529985629,FALSE,TRUE,39
"2.2.2.2.3.2.1.2.2.1.2.2.2.2.2.3.3.2.2.2.1.2",0.404444391460438,FALSE,TRUE,39
"2.2.2.2.3.2.1.2.2.1.2.2.2.2.2.2.4.2.2.2.1.2",0.443067049376671,FALSE,TRUE,39
"2.2.2.2.3.2.1.2.2.1.2.2.2.2.2.2.3.3.2.2.1.2",0.439820539363977,FALSE,TRUE,39
"2.2.2.2.3.2.1.2.2.1.2.2.2.2.2.2.3.2.3.2.1.2",0.385680203608956,FALSE,TRUE,39
"2.2.2.2.3.2.1.2.2.1.2.2.2.2.2.2.3.2.2.3.1.2",0.425007580110593,FALSE,TRUE,39
"2.2.2.2.3.2.1.2.2.1.2.2.2.2.2.2.3.2.2.2.1.3",0.451482998414608,FALSE,TRUE,39
"2.1.2.2.3.2.1.2.2.1.2.2.2.2.2.2.3.2.2.2.1.2",0.357096074972399,FALSE,TRUE,38
"2.2.1.2.3.2.1.2.2.1.2.2.2.2.2.2.3.2.2.2.1.2",0.374628360761926,FALSE,TRUE,38
"2.2.2.1.3.2.1.2.2.1.2.2.2.2.2.2.3.2.2.2.1.2",0.348999733114339,FALSE,TRUE,38
"2.2.2.2.2.2.1.2.2.1.2.2.2.2.2.2.3.2.2.2.1.2",0.396740906115356,FALSE,TRUE,39
"2.2.2.2.3.1.1.2.2.1.2.2.2.2.2.2.3.2.2.2.1.2",0.402276768705282,FALSE,TRUE,38
"2.2.2.2.3.2.1.1.2.1.2.2.2.2.2.2.3.2.2.2.1.2",0.4171329540913,FALSE,TRUE,38
"2.2.2.2.3.2.1.2.1.1.2.2.2.2.2.2.3.2.2.2.1.2",0.374953883170162,FALSE,TRUE,38
"2.2.2.2.3.2.1.2.2.1.1.2.2.2.2.2.3.2.2.2.1.2",0.319335817441837,FALSE,TRUE,38
"2.2.2.2.3.2.1.2.2.1.2.1.2.2.2.2.3.2.2.2.1.2",0.38177403617626,FALSE,TRUE,38
"2.2.2.2.3.2.1.2.2.1.2.2.1.2.2.2.3.2.2.2.1.2",0.385702217848883,FALSE,TRUE,38
"2.2.2.2.3.2.1.2.2.1.2.2.2.1.2.2.3.2.2.2.1.2",0.366458958055872,FALSE,TRUE,38
"2.2.2.2.3.2.1.2.2.1.2.2.2.2.1.2.3.2.2.2.1.2",0.401603750363429,FALSE,TRUE,38
"2.2.2.2.3.2.1.2.2.1.2.2.2.2.2.1.3.2.2.2.1.2",0.383492442577277,FALSE,TRUE,38
"2.2.2.2.3.2.1.2.2.1.2.2.2.2.2.2.2.2.2.2.1.2",0.33966271717032,FALSE,TRUE,37
"2.2.2.2.3.2.1.2.2.1.2.2.2.2.2.2.3.1.2.2.1.2",0.348466330273753,FALSE,TRUE,38
"2.2.2.2.3.2.1.2.2.1.2.2.2.2.2.2.3.2.1.2.1.2",0.395174110141442,FALSE,TRUE,38
"2.2.2.2.3.2.1.2.2.1.2.2.2.2.2.2.3.2.2.1.1.2",0.354625409696445,FALSE,TRUE,38
"2.2.2.2.3.2.1.2.2.1.2.2.2.2.2.2.3.2.2.2.1.1",0.325934628434022,FALSE,TRUE,38
