"karyotype","fitness","is_fq","is_nn","boundary_degree"
"2.2.2.2.2.2.2.2.2.2.2.2.2.2.2.2.2.2.2.2.2.2",0.433841155345078,TRUE,FALSE,0
"2.2.2.1.2.2.2.2.2.2.2.2.2.2.2.2.2.2.2.2.2.2",0.424529110062542,TRUE,FALSE,0
"2.1.2.2.2.2.2.2.2.2.2.2.2.2.2.2.2.2.2.2.2.2",0.510528198662068,TRUE,FALSE,0
"2.2.2.1.2.2.3.2.2.2.2.2.2.2.2.2.2.2.2.2.2.2",0.489534931690743,TRUE,FALSE,0
"2.1.2.1.2.2.2.2.2.2.2.2.2.2.2.2.2.2.2.2.2.2",0.502703117270571,TRUE,FALSE,0
"2.1.2.1.3.2.2.2.2.2.2.2.2.2.2.2.2.2.2.2.2.2",0.523584947408524,TRUE,FALSE,0
"2.1.2.1.3.2.2.2.1.2.2.2.2.2.2.2.2.2.2.2.2.2",0.600730980667654,TRUE,FALSE,0
"2.1.2.1.3.2.2.2.1.2.2.2.2.2.2.2.2.3.2.2.2.2",0.592352673936528,TRUE,FALSE,0
"2.1.2.1.3.2.2.2.2.2.2.2.2.2.2.2.2.2.2.2.2.3",0.508996898794716,TRUE,FALSE,0
"2.1.2.1.3.2.2.2.2.2.2.2.3.2.2.2.2.2.2.2.2.3",0.496943559140643,TRUE,FALSE,0
"2.1.2.1.3.2.3.2.1.2.2.2.2.2.2.2.2.3.2.2.2.2",0.651304969865853,TRUE,FALSE,0
"2.2.2.2.2.2.2.2.2.2.2.2.2.2.2.2.2.2.2.2.2.1",0.420527441263149,TRUE,FALSE,0
"2.1.2.1.3.2.3.2.1.2.2.2.2.2.2.1.2.3.2.2.2.2",0.61491888469213,TRUE,FALSE,0
"2.1.2.1.3.2.3.2.1.2.2.2.2.2.2.1.2.3.3.2.2.2",0.674668195990326,TRUE,FALSE,0
"3.1.2.1.3.2.2.2.2.2.2.2.2.2.2.2.2.2.2.2.2.3",0.502834053934157,TRUE,FALSE,0
"2.1.3.1.3.2.3.2.1.2.2.2.2.2.2.2.2.3.2.2.2.2",0.669129976504642,TRUE,FALSE,0
"2.1.2.1.3.2.3.2.1.2.2.2.2.2.2.2.2.3.2.2.2.1",0.620294401005719,TRUE,FALSE,0
"2.1.2.1.3.2.3.2.1.2.2.2.1.2.2.1.2.3.2.2.2.2",0.593788548753176,TRUE,FALSE,0
"2.1.2.1.3.2.1.2.2.2.2.2.2.2.2.2.2.2.2.2.2.2",0.440446200733462,TRUE,FALSE,0
"3.1.2.1.3.2.3.2.1.2.2.2.2.2.2.2.2.3.2.2.2.2",0.632734653229482,TRUE,FALSE,0
"2.1.3.2.3.2.3.2.1.2.2.2.2.2.2.2.2.3.2.2.2.2",0.654277058959632,TRUE,FALSE,0
"2.2.3.2.2.2.2.2.2.2.2.2.2.2.2.2.2.2.2.2.2.1",0.461035170718256,TRUE,FALSE,0
"3.1.2.1.3.2.3.2.1.2.2.2.2.2.2.2.2.3.2.2.2.1",0.604556544424386,TRUE,FALSE,0
"2.2.2.1.2.2.3.2.2.2.2.2.2.2.3.2.2.2.2.2.2.2",0.427630921379636,TRUE,FALSE,0
"2.2.3.2.2.2.2.2.2.2.3.2.2.2.2.2.2.2.2.2.2.1",0.465834374825896,TRUE,FALSE,0
"2.2.2.2.2.2.2.2.2.2.2.1.2.2.2.2.2.2.2.2.2.1",0.453073512838774,TRUE,FALSE,0
"3.1.2.1.3.2.3.2.1.2.2.2.2.2.2.2.1.3.2.2.2.2",0.569248832135171,TRUE,FALSE,0
"2.1.3.2.3.2.3.2.1.2.2.2.2.2.2.2.2.4.2.2.2.2",0.621572990684551,TRUE,FALSE,0
"2.1.2.1.3.2.2.2.2.2.2.2.2.2.2.2.2.2.2.2.3.3",0.473483966447902,TRUE,FALSE,0
"2.1.3.2.3.2.3.2.1.2.2.1.2.2.2.2.2.3.2.2.2.2",0.695541062502699,TRUE,FALSE,0
"2.1.3.2.3.2.3.2.1.2.1.2.2.2.2.2.2.4.2.2.2.2",0.547223339047031,TRUE,FALSE,0
"2.1.2.1.3.3.2.2.2.2.2.2.2.2.2.2.2.2.2.2.2.3",0.568488803377315,TRUE,FALSE,0
"2.1.2.1.3.2.3.2.1.2.2.1.2.2.2.2.2.3.2.2.2.1",0.639541542373867,TRUE,FALSE,0
"2.1.2.1.3.3.2.2.2.2.3.2.2.2.2.2.2.2.2.2.2.3",0.579227189142098,TRUE,FALSE,0
"2.3.2.2.2.2.2.2.2.2.2.2.2.2.2.2.2.2.2.2.2.2",0.350465889398614,TRUE,FALSE,0
"2.1.3.2.3.2.3.2.1.1.2.2.2.2.2.2.2.3.2.2.2.2",0.649250410015094,TRUE,FALSE,0
"2.1.3.2.3.2.3.2.1.2.2.2.2.3.2.2.2.4.2.2.2.2",0.583181908531818,TRUE,FALSE,0
"2.1.3.2.3.2.3.2.1.3.2.2.2.3.2.2.2.4.2.2.2.2",0.548596932061818,TRUE,FALSE,0
"2.2.2.2.2.2.2.2.2.2.2.3.2.2.2.2.2.2.2.2.2.1",0.373474988494489,TRUE,FALSE,0
"2.2.2.2.2.2.2.2.2.2.2.1.2.2.2.2.2.2.2.2.2.2",0.462408877550409,TRUE,FALSE,0
"2.1.3.2.3.2.3.3.1.2.1.2.2.2.2.2.2.4.2.2.2.2",0.528074462781222,TRUE,FALSE,0
"2.2.2.2.3.2.2.2.2.2.2.1.2.2.2.2.2.2.2.2.2.1",0.491766730879771,TRUE,FALSE,0
"2.2.2.1.2.2.3.2.1.2.2.2.2.2.2.2.2.2.2.2.2.2",0.535028462886788,TRUE,FALSE,0
"2.1.2.2.3.2.3.2.1.2.1.2.2.2.2.2.2.4.2.2.2.2",0.4954894114361,TRUE,FALSE,0
"2.1.3.2.3.2.3.3.1.2.2.2.2.2.2.2.2.3.2.2.2.2",0.631347487705598,TRUE,FALSE,0
"3.1.2.1.3.2.3.2.1.2.2.2.2.3.2.2.1.3.2.2.2.2",0.524743584792956,TRUE,FALSE,0
"2.1.2.1.3.3.2.2.2.2.2.1.2.2.2.2.2.2.2.2.2.3",0.625687581133535,TRUE,FALSE,0
"2.1.2.2.3.3.3.2.1.2.1.2.2.2.2.2.2.4.2.2.2.2",0.648679423467946,TRUE,FALSE,0
"2.3.2.2.2.2.2.2.2.2.1.2.2.2.2.2.2.2.2.2.2.2",0.267853175327449,TRUE,FALSE,0
"2.1.2.1.3.2.2.2.2.2.3.2.2.2.2.2.2.2.2.2.2.2",0.576848792252898,TRUE,FALSE,0
"3.2.2.2.2.2.2.2.2.2.2.2.2.2.2.2.2.2.2.2.2.2",0.438325018040743,FALSE,TRUE,38
"2.2.3.2.2.2.2.2.2.2.2.2.2.2.2.2.2.2.2.2.2.2",0.461084923714073,FALSE,TRUE,37
"2.2.2.3.2.2.2.2.2.2.2.2.2.2.2.2.2.2.2.2.2.2",0.410349639768241,FALSE,TRUE,39
"2.2.2.2.3.2.2.2.2.2.2.2.2.2.2.2.2.2.2.2.2.2",0.447092216596951,FALSE,TRUE,38
"2.2.2.2.2.3.2.2.2.2.2.2.2.2.2.2.2.2.2.2.2.2",0.498974322843711,FALSE,TRUE,38
"2.2.2.2.2.2.3.2.2.2.2.2.2.2.2.2.2.2.2.2.2.2",0.493834463816304,FALSE,TRUE,36
"2.2.2.2.2.2.2.3.2.2.2.2.2.2.2.2.2.2.2.2.2.2",0.420846390825309,FALSE,TRUE,38
"2.2.2.2.2.2.2.2.3.2.2.2.2.2.2.2.2.2.2.2.2.2",0.345165106368695,FALSE,TRUE,38
"2.2.2.2.2.2.2.2.2.3.2.2.2.2.2.2.2.2.2.2.2.2",0.415039808984239,FALSE,TRUE,38
"2.2.2.2.2.2.2.2.2.2.3.2.2.2.2.2.2.2.2.2.2.2",0.468564180824293,FALSE,TRUE,37
"2.2.2.2.2.2.2.2.2.2.2.3.2.2.2.2.2.2.2.2.2.2",0.392017290700148,FALSE,TRUE,39
"2.2.2.2.2.2.2.2.2.2.2.2.3.2.2.2.2.2.2.2.2.2",0.422086042595738,FALSE,TRUE,38
"2.2.2.2.2.2.2.2.2.2.2.2.2.3.2.2.2.2.2.2.2.2",0.424827168613876,FALSE,TRUE,38
"2.2.2.2.2.2.2.2.2.2.2.2.2.2.3.2.2.2.2.2.2.2",0.376863705559049,FALSE,TRUE,37
"2.2.2.2.2.2.2.2.2.2.2.2.2.2.2.3.2.2.2.2.2.2",0.427024039709821,FALSE,TRUE,38
"2.2.2.2.2.2.2.2.2.2.2.2.2.2.2.2.3.2.2.2.2.2",0.403851354313289,FALSE,TRUE,38
"2.2.2.2.2.2.2.2.2.2.2.2.2.2.2.2.2.3.2.2.2.2",0.428505969515225,FALSE,TRUE,38
"2.2.2.2.2.2.2.2.2.2.2.2.2.2.2.2.2.2.3.2.2.2",0.502937401715333,FALSE,TRUE,38
"2.2.2.2.2.2.2.2.2.2.2.2.2.2.2.2.2.2.2.3.2.2",0.388221826303666,FALSE,TRUE,38
"2.2.2.2.2.2.2.2.2.2.2.2.2.2.2.2.2.2.2.2.3.2",0.428817396909312,FALSE,TRUE,38
"2.2.2.2.2.2.2.2.2.2.2.2.2.2.2.2.2.2.2.2.2.3",0.420356036775304,FALSE,TRUE,39
"1.2.2.2.2.2.2.2.2.2.2.2.2.2.2.2.2.2.2.2.2.2",0.398329607237381,FALSE,TRUE,37
"2.2.1.2.2.2.2.2.2.2.2.2.2.2.2.2.2.2.2.2.2.2",0.346956903133233,FALSE,TRUE,37
"2.2.2.2.1.2.2.2.2.2.2.2.2.2.2.2.2.2.2.2.2.2",0.388658405601453,FALSE,TRUE,37
"2.2.2.2.2.1.2.2.2.2.2.2.2.2.2.2.2.2.2.2.2.2",0.311179782804484,FALSE,TRUE,37
"2.2.2.2.2.2.1.2.2.2.2.2.2.2.2.2.2.2.2.2.2.2",0.374323603411577,FALSE,TRUE,37
"2.2.2.2.2.2.2.1.2.2.2.2.2.2.2.2.2.2.2.2.2.2",0.407939708104993,FALSE,TRUE,37
"2.2.2.2.2.2.2.2.1.2.2.2.2.2.2.2.2.2.2.2.2.2",0.487946407617367,FALSE,TRUE,36
"2.2.2.2.2.2.2.2.2.1.2.2.2.2.2.2.2.2.2.2.2.2",0.425540696379904,FALSE,TRUE,37
"2.2.2.2.2.2.2.2.2.2.1.2.2.2.2.2.2.2.2.2.2.2",0.353076497703364,FALSE,TRUE,37
"2.2.2.2.2.2.2.2.2.2.2.2.1.2.2.2.2.2.2.2.2.2",0.425915692383151,FALSE,TRUE,37
"2.2.2.2.2.2.2.2.2.2.2.2.2.1.2.2.2.2.2.2.2.2",0.401873865269653,FALSE,TRUE,37
"2.2.2.2.2.2.2.2.2.2.2.2.2.2.1.2.2.2.2.2.2.2",0.482670964788607,FALSE,TRUE,37
"2.2.2.2.2.2.2.2.2.2.2.2.2.2.2.1.2.2.2.2.2.2",0.428046170490774,FALSE,TRUE,37
"2.2.2.2.2.2.2.2.2.2.2.2.2.2.2.2.1.2.2.2.2.2",0.440961757027934,FALSE,TRUE,37
"2.2.2.2.2.2.2.2.2.2.2.2.2.2.2.2.2.1.2.2.2.2",0.428065933499045,FALSE,TRUE,37
"2.2.2.2.2.2.2.2.2.2.2.2.2.2.2.2.2.2.1.2.2.2",0.337504546432947,FALSE,TRUE,37
"2.2.2.2.2.2.2.2.2.2.2.2.2.2.2.2.2.2.2.1.2.2",0.451770019576802,FALSE,TRUE,37
"2.2.2.2.2.2.2.2.2.2.2.2.2.2.2.2.2.2.2.2.1.2",0.399991433619162,FALSE,TRUE,37
"3.2.2.1.2.2.2.2.2.2.2.2.2.2.2.2.2.2.2.2.2.2",0.424463303569953,FALSE,TRUE,39
"2.3.2.1.2.2.2.2.2.2.2.2.2.2.2.2.2.2.2.2.2.2",0.336306130726728,FALSE,TRUE,39
"2.2.3.1.2.2.2.2.2.2.2.2.2.2.2.2.2.2.2.2.2.2",0.461750769350087,FALSE,TRUE,38
"2.2.2.1.3.2.2.2.2.2.2.2.2.2.2.2.2.2.2.2.2.2",0.444470945614608,FALSE,TRUE,35
"2.2.2.1.2.3.2.2.2.2.2.2.2.2.2.2.2.2.2.2.2.2",0.503386703051256,FALSE,TRUE,39
"2.2.2.1.2.2.2.3.2.2.2.2.2.2.2.2.2.2.2.2.2.2",0.383324141505229,FALSE,TRUE,39
"2.2.2.1.2.2.2.2.3.2.2.2.2.2.2.2.2.2.2.2.2.2",0.332766367985571,FALSE,TRUE,39
"2.2.2.1.2.2.2.2.2.3.2.2.2.2.2.2.2.2.2.2.2.2",0.395286358287437,FALSE,TRUE,39
"2.2.2.1.2.2.2.2.2.2.3.2.2.2.2.2.2.2.2.2.2.2",0.483958419178259,FALSE,TRUE,38
"2.2.2.1.2.2.2.2.2.2.2.3.2.2.2.2.2.2.2.2.2.2",0.384910806660004,FALSE,TRUE,38
"2.2.2.1.2.2.2.2.2.2.2.2.3.2.2.2.2.2.2.2.2.2",0.433348927475692,FALSE,TRUE,39
"2.2.2.1.2.2.2.2.2.2.2.2.2.3.2.2.2.2.2.2.2.2",0.415401963187662,FALSE,TRUE,39
"2.2.2.1.2.2.2.2.2.2.2.2.2.2.3.2.2.2.2.2.2.2",0.355079063104826,FALSE,TRUE,39
"2.2.2.1.2.2.2.2.2.2.2.2.2.2.2.3.2.2.2.2.2.2",0.417169712910691,FALSE,TRUE,39
"2.2.2.1.2.2.2.2.2.2.2.2.2.2.2.2.3.2.2.2.2.2",0.39418753814452,FALSE,TRUE,39
"2.2.2.1.2.2.2.2.2.2.2.2.2.2.2.2.2.3.2.2.2.2",0.429240620540304,FALSE,TRUE,39
"2.2.2.1.2.2.2.2.2.2.2.2.2.2.2.2.2.2.3.2.2.2",0.463260393974832,FALSE,TRUE,39
"2.2.2.1.2.2.2.2.2.2.2.2.2.2.2.2.2.2.2.3.2.2",0.355351513183593,FALSE,TRUE,39
"2.2.2.1.2.2.2.2.2.2.2.2.2.2.2.2.2.2.2.2.3.2",0.41745996336833,FALSE,TRUE,39
"2.2.2.1.2.2.2.2.2.2.2.2.2.2.2.2.2.2.2.2.2.3",0.404512709862227,FALSE,TRUE,38
"1.2.2.1.2.2.2.2.2.2.2.2.2.2.2.2.2.2.2.2.2.2",0.391437160498998,FALSE,TRUE,38
"2.2.1.1.2.2.2.2.2.2.2.2.2.2.2.2.2.2.2.2.2.2",0.328537333516868,FALSE,TRUE,38
"2.2.2.1.1.2.2.2.2.2.2.2.2.2.2.2.2.2.2.2.2.2",0.375937073778609,FALSE,TRUE,38
"2.2.2.1.2.1.2.2.2.2.2.2.2.2.2.2.2.2.2.2.2.2",0.287413815190149,FALSE,TRUE,38
"2.2.2.1.2.2.1.2.2.2.2.2.2.2.2.2.2.2.2.2.2.2",0.361034015394231,FALSE,TRUE,38
"2.2.2.1.2.2.2.1.2.2.2.2.2.2.2.2.2.2.2.2.2.2",0.421985602650983,FALSE,TRUE,38
"2.2.2.1.2.2.2.2.1.2.2.2.2.2.2.2.2.2.2.2.2.2",0.483395871425063,FALSE,TRUE,37
"2.2.2.1.2.2.2.2.2.1.2.2.2.2.2.2.2.2.2.2.2.2",0.426331046337534,FALSE,TRUE,38
"2.2.2.1.2.2.2.2.2.2.1.2.2.2.2.2.2.2.2.2.2.2",0.323552423499993,FALSE,TRUE,37
"2.2.2.1.2.2.2.2.2.2.2.1.2.2.2.2.2.2.2.2.2.2",0.451108075049963,FALSE,TRUE,37
"2.2.2.1.2.2.2.2.2.2.2.2.1.2.2.2.2.2.2.2.2.2",0.397772013754327,FALSE,TRUE,38
"2.2.2.1.2.2.2.2.2.2.2.2.2.1.2.2.2.2.2.2.2.2",0.397044973052263,FALSE,TRUE,38
"2.2.2.1.2.2.2.2.2.2.2.2.2.2.1.2.2.2.2.2.2.2",0.488525156905124,FALSE,TRUE,38
"2.2.2.1.2.2.2.2.2.2.2.2.2.2.2.1.2.2.2.2.2.2",0.419740662239995,FALSE,TRUE,38
"2.2.2.1.2.2.2.2.2.2.2.2.2.2.2.2.1.2.2.2.2.2",0.430856883712389,FALSE,TRUE,38
"2.2.2.1.2.2.2.2.2.2.2.2.2.2.2.2.2.1.2.2.2.2",0.409027658530719,FALSE,TRUE,38
"2.2.2.1.2.2.2.2.2.2.2.2.2.2.2.2.2.2.1.2.2.2",0.361438686623555,FALSE,TRUE,38
"2.2.2.1.2.2.2.2.2.2.2.2.2.2.2.2.2.2.2.1.2.2",0.462040068236809,FALSE,TRUE,38
"2.2.2.1.2.2.2.2.2.2.2.2.2.2.2.2.2.2.2.2.1.2",0.391700155040128,FALSE,TRUE,38
"2.2.2.1.2.2.2.2.2.2.2.2.2.2.2.2.2.2.2.2.2.1",0.414718455263161,FALSE,TRUE,35
"3.1.2.2.2.2.2.2.2.2.2.2.2.2.2.2.2.2.2.2.2.2",0.4942337232388,FALSE,TRUE,40
"2.1.3.2.2.2.2.2.2.2.2.2.2.2.2.2.2.2.2.2.2.2",0.529125089800262,FALSE,TRUE,39
"2.1.2.3.2.2.2.2.2.2.2.2.2.2.2.2.2.2.2.2.2.2",0.47951772329841,FALSE,TRUE,41
"2.1.2.2.3.2.2.2.2.2.2.2.2.2.2.2.2.2.2.2.2.2",0.525767323509701,FALSE,TRUE,36
"2.1.2.2.2.3.2.2.2.2.2.2.2.2.2.2.2.2.2.2.2.2",0.577138900789746,FALSE,TRUE,40
"2.1.2.2.2.2.3.2.2.2.2.2.2.2.2.2.2.2.2.2.2.2",0.571989453083859,FALSE,TRUE,40
"2.1.2.2.2.2.2.3.2.2.2.2.2.2.2.2.2.2.2.2.2.2",0.500439566424478,FALSE,TRUE,40
"2.1.2.2.2.2.2.2.3.2.2.2.2.2.2.2.2.2.2.2.2.2",0.428112235248094,FALSE,TRUE,40
"2.1.2.2.2.2.2.2.2.3.2.2.2.2.2.2.2.2.2.2.2.2",0.487692992913867,FALSE,TRUE,40
"2.1.2.2.2.2.2.2.2.2.3.2.2.2.2.2.2.2.2.2.2.2",0.540578202739856,FALSE,TRUE,39
"2.1.2.2.2.2.2.2.2.2.2.3.2.2.2.2.2.2.2.2.2.2",0.460040955364733,FALSE,TRUE,39
"2.1.2.2.2.2.2.2.2.2.2.2.3.2.2.2.2.2.2.2.2.2",0.502006753972644,FALSE,TRUE,40
"2.1.2.2.2.2.2.2.2.2.2.2.2.3.2.2.2.2.2.2.2.2",0.481091901710256,FALSE,TRUE,40
"2.1.2.2.2.2.2.2.2.2.2.2.2.2.3.2.2.2.2.2.2.2",0.44507261636189,FALSE,TRUE,40
"2.1.2.2.2.2.2.2.2.2.2.2.2.2.2.3.2.2.2.2.2.2",0.495159260092174,FALSE,TRUE,40
"2.1.2.2.2.2.2.2.2.2.2.2.2.2.2.2.3.2.2.2.2.2",0.489311541176756,FALSE,TRUE,40
"2.1.2.2.2.2.2.2.2.2.2.2.2.2.2.2.2.3.2.2.2.2",0.502048585069817,FALSE,TRUE,40
"2.1.2.2.2.2.2.2.2.2.2.2.2.2.2.2.2.2.3.2.2.2",0.590984518853244,FALSE,TRUE,40
"2.1.2.2.2.2.2.2.2.2.2.2.2.2.2.2.2.2.2.3.2.2",0.466091237407339,FALSE,TRUE,40
"2.1.2.2.2.2.2.2.2.2.2.2.2.2.2.2.2.2.2.2.3.2",0.505391906421676,FALSE,TRUE,40
"2.1.2.2.2.2.2.2.2.2.2.2.2.2.2.2.2.2.2.2.2.3",0.50535431532455,FALSE,TRUE,39
"1.1.2.2.2.2.2.2.2.2.2.2.2.2.2.2.2.2.2.2.2.2",0.488516419305627,FALSE,TRUE,39
"2.1.1.2.2.2.2.2.2.2.2.2.2.2.2.2.2.2.2.2.2.2",0.430935152539063,FALSE,TRUE,39
"2.1.2.2.1.2.2.2.2.2.2.2.2.2.2.2.2.2.2.2.2.2",0.458539493603718,FALSE,TRUE,39
"2.1.2.2.2.1.2.2.2.2.2.2.2.2.2.2.2.2.2.2.2.2",0.382182492809478,FALSE,TRUE,39
"2.1.2.2.2.2.1.2.2.2.2.2.2.2.2.2.2.2.2.2.2.2",0.446317942589884,FALSE,TRUE,38
"2.1.2.2.2.2.2.1.2.2.2.2.2.2.2.2.2.2.2.2.2.2",0.474854323071118,FALSE,TRUE,39
"2.1.2.2.2.2.2.2.1.2.2.2.2.2.2.2.2.2.2.2.2.2",0.554862762124895,FALSE,TRUE,38
"2.1.2.2.2.2.2.2.2.1.2.2.2.2.2.2.2.2.2.2.2.2",0.503376923103201,FALSE,TRUE,39
"2.1.2.2.2.2.2.2.2.2.1.2.2.2.2.2.2.2.2.2.2.2",0.429935287351491,FALSE,TRUE,39
"2.1.2.2.2.2.2.2.2.2.2.1.2.2.2.2.2.2.2.2.2.2",0.544864213171801,FALSE,TRUE,38
"2.1.2.2.2.2.2.2.2.2.2.2.1.2.2.2.2.2.2.2.2.2",0.497833918428953,FALSE,TRUE,39
"2.1.2.2.2.2.2.2.2.2.2.2.2.1.2.2.2.2.2.2.2.2",0.490377306012382,FALSE,TRUE,39
"2.1.2.2.2.2.2.2.2.2.2.2.2.2.1.2.2.2.2.2.2.2",0.559980208498077,FALSE,TRUE,39
"2.1.2.2.2.2.2.2.2.2.2.2.2.2.2.1.2.2.2.2.2.2",0.5043010972282,FALSE,TRUE,39
"2.1.2.2.2.2.2.2.2.2.2.2.2.2.2.2.1.2.2.2.2.2",0.502392918824865,FALSE,TRUE,39
"2.1.2.2.2.2.2.2.2.2.2.2.2.2.2.2.2.1.2.2.2.2",0.506818075186493,FALSE,TRUE,39
"2.1.2.2.2.2.2.2.2.2.2.2.2.2.2.2.2.2.1.2.2.2",0.398274828253317,FALSE,TRUE,39
"2.1.2.2.2.2.2.2.2.2.2.2.2.2.2.2.2.2.2.1.2.2",0.519275532318778,FALSE,TRUE,39
"2.1.2.2.2.2.2.2.2.2.2.2.2.2.2.2.2.2.2.2.1.2",0.476250947001458,FALSE,TRUE,39
"2.1.2.2.2.2.2.2.2.2.2.2.2.2.2.2.2.2.2.2.2.1",0.485285070715053,FALSE,TRUE,36
"3.2.2.1.2.2.3.2.2.2.2.2.2.2.2.2.2.2.2.2.2.2",0.490871238753488,FALSE,TRUE,39
"2.3.2.1.2.2.3.2.2.2.2.2.2.2.2.2.2.2.2.2.2.2",0.39823376799375,FALSE,TRUE,38
"2.2.3.1.2.2.3.2.2.2.2.2.2.2.2.2.2.2.2.2.2.2",0.524492898379114,FALSE,TRUE,39
"2.2.2.1.3.2.3.2.2.2.2.2.2.2.2.2.2.2.2.2.2.2",0.51875916193097,FALSE,TRUE,38
"2.2.2.1.2.3.3.2.2.2.2.2.2.2.2.2.2.2.2.2.2.2",0.57138455234356,FALSE,TRUE,39
"2.2.2.1.2.2.4.2.2.2.2.2.2.2.2.2.2.2.2.2.2.2",0.541374452078628,FALSE,TRUE,40
"2.2.2.1.2.2.3.3.2.2.2.2.2.2.2.2.2.2.2.2.2.2",0.460027472650681,FALSE,TRUE,39
"2.2.2.1.2.2.3.2.3.2.2.2.2.2.2.2.2.2.2.2.2.2",0.410411829211182,FALSE,TRUE,40
"2.2.2.1.2.2.3.2.2.3.2.2.2.2.2.2.2.2.2.2.2.2",0.473877219240126,FALSE,TRUE,39
"2.2.2.1.2.2.3.2.2.2.3.2.2.2.2.2.2.2.2.2.2.2",0.551403441270873,FALSE,TRUE,39
"2.2.2.1.2.2.3.2.2.2.2.3.2.2.2.2.2.2.2.2.2.2",0.446203340258359,FALSE,TRUE,39
"2.2.2.1.2.2.3.2.2.2.2.2.3.2.2.2.2.2.2.2.2.2",0.490472314726386,FALSE,TRUE,39
"2.2.2.1.2.2.3.2.2.2.2.2.2.3.2.2.2.2.2.2.2.2",0.484822206303015,FALSE,TRUE,39
"2.2.2.1.2.2.3.2.2.2.2.2.2.2.2.3.2.2.2.2.2.2",0.489203052390337,FALSE,TRUE,39
"2.2.2.1.2.2.3.2.2.2.2.2.2.2.2.2.3.2.2.2.2.2",0.468782748847417,FALSE,TRUE,39
"2.2.2.1.2.2.3.2.2.2.2.2.2.2.2.2.2.3.2.2.2.2",0.484310901095483,FALSE,TRUE,39
"2.2.2.1.2.2.3.2.2.2.2.2.2.2.2.2.2.2.3.2.2.2",0.538453949355121,FALSE,TRUE,39
"2.2.2.1.2.2.3.2.2.2.2.2.2.2.2.2.2.2.2.3.2.2",0.416866019626303,FALSE,TRUE,39
"2.2.2.1.2.2.3.2.2.2.2.2.2.2.2.2.2.2.2.2.3.2",0.487769473691529,FALSE,TRUE,39
"2.2.2.1.2.2.3.2.2.2.2.2.2.2.2.2.2.2.2.2.2.3",0.46597992309935,FALSE,TRUE,39
"1.2.2.1.2.2.3.2.2.2.2.2.2.2.2.2.2.2.2.2.2.2",0.451154104888578,FALSE,TRUE,38
"2.1.2.1.2.2.3.2.2.2.2.2.2.2.2.2.2.2.2.2.2.2",0.570199376540045,FALSE,TRUE,36
"2.2.1.1.2.2.3.2.2.2.2.2.2.2.2.2.2.2.2.2.2.2",0.391443128215555,FALSE,TRUE,38
"2.2.2.1.1.2.3.2.2.2.2.2.2.2.2.2.2.2.2.2.2.2",0.425888871220994,FALSE,TRUE,38
"2.2.2.1.2.1.3.2.2.2.2.2.2.2.2.2.2.2.2.2.2.2",0.341858840556002,FALSE,TRUE,38
"2.2.2.1.2.2.3.1.2.2.2.2.2.2.2.2.2.2.2.2.2.2",0.473798014867207,FALSE,TRUE,38
"2.2.2.1.2.2.3.2.2.1.2.2.2.2.2.2.2.2.2.2.2.2",0.476567914948089,FALSE,TRUE,38
"2.2.2.1.2.2.3.2.2.2.1.2.2.2.2.2.2.2.2.2.2.2",0.376696795215468,FALSE,TRUE,38
"2.2.2.1.2.2.3.2.2.2.2.1.2.2.2.2.2.2.2.2.2.2",0.51184321155532,FALSE,TRUE,37
"2.2.2.1.2.2.3.2.2.2.2.2.1.2.2.2.2.2.2.2.2.2",0.468676276588843,FALSE,TRUE,38
"2.2.2.1.2.2.3.2.2.2.2.2.2.1.2.2.2.2.2.2.2.2",0.451996494443301,FALSE,TRUE,38
"2.2.2.1.2.2.3.2.2.2.2.2.2.2.1.2.2.2.2.2.2.2",0.541690606529315,FALSE,TRUE,39
"2.2.2.1.2.2.3.2.2.2.2.2.2.2.2.1.2.2.2.2.2.2",0.475124104938868,FALSE,TRUE,38
"2.2.2.1.2.2.3.2.2.2.2.2.2.2.2.2.1.2.2.2.2.2",0.480008744841714,FALSE,TRUE,38
"2.2.2.1.2.2.3.2.2.2.2.2.2.2.2.2.2.1.2.2.2.2",0.48131803122237,FALSE,TRUE,38
"2.2.2.1.2.2.3.2.2.2.2.2.2.2.2.2.2.2.1.2.2.2",0.407754673588399,FALSE,TRUE,38
"2.2.2.1.2.2.3.2.2.2.2.2.2.2.2.2.2.2.2.1.2.2",0.524516715532559,FALSE,TRUE,38
"2.2.2.1.2.2.3.2.2.2.2.2.2.2.2.2.2.2.2.2.1.2",0.44209644097222,FALSE,TRUE,38
"2.2.2.1.2.2.3.2.2.2.2.2.2.2.2.2.2.2.2.2.2.1",0.481542574529813,FALSE,TRUE,37
"3.1.2.1.2.2.2.2.2.2.2.2.2.2.2.2.2.2.2.2.2.2",0.488224050466893,FALSE,TRUE,37
"2.1.3.1.2.2.2.2.2.2.2.2.2.2.2.2.2.2.2.2.2.2",0.530106109509946,FALSE,TRUE,38
"2.1.2.1.2.3.2.2.2.2.2.2.2.2.2.2.2.2.2.2.2.2",0.582263807965673,FALSE,TRUE,37
"2.1.2.1.2.2.2.3.2.2.2.2.2.2.2.2.2.2.2.2.2.2",0.468421598883352,FALSE,TRUE,38
"2.1.2.1.2.2.2.2.3.2.2.2.2.2.2.2.2.2.2.2.2.2",0.41718618921203,FALSE,TRUE,38
"2.1.2.1.2.2.2.2.2.3.2.2.2.2.2.2.2.2.2.2.2.2",0.474572928169538,FALSE,TRUE,38
"2.1.2.1.2.2.2.2.2.2.3.2.2.2.2.2.2.2.2.2.2.2",0.562623608068207,FALSE,TRUE,38
"2.1.2.1.2.2.2.2.2.2.2.3.2.2.2.2.2.2.2.2.2.2",0.455835402737032,FALSE,TRUE,38
"2.1.2.1.2.2.2.2.2.2.2.2.3.2.2.2.2.2.2.2.2.2",0.515608674910774,FALSE,TRUE,37
"2.1.2.1.2.2.2.2.2.2.2.2.2.3.2.2.2.2.2.2.2.2",0.478536553136166,FALSE,TRUE,38
"2.1.2.1.2.2.2.2.2.2.2.2.2.2.3.2.2.2.2.2.2.2",0.425987595632848,FALSE,TRUE,37
"2.1.2.1.2.2.2.2.2.2.2.2.2.2.2.3.2.2.2.2.2.2",0.492589897023913,FALSE,TRUE,38
"2.1.2.1.2.2.2.2.2.2.2.2.2.2.2.2.3.2.2.2.2.2",0.485151421999513,FALSE,TRUE,38
"2.1.2.1.2.2.2.2.2.2.2.2.2.2.2.2.2.3.2.2.2.2",0.504089868583965,FALSE,TRUE,37
"2.1.2.1.2.2.2.2.2.2.2.2.2.2.2.2.2.2.3.2.2.2",0.551713698839562,FALSE,TRUE,38
"2.1.2.1.2.2.2.2.2.2.2.2.2.2.2.2.2.2.2.3.2.2",0.436717700503577,FALSE,TRUE,38
"2.1.2.1.2.2.2.2.2.2.2.2.2.2.2.2.2.2.2.2.3.2",0.49464701802107,FALSE,TRUE,37
"2.1.2.1.2.2.2.2.2.2.2.2.2.2.2.2.2.2.2.2.2.3",0.493472837733624,FALSE,TRUE,34
"1.1.2.1.2.2.2.2.2.2.2.2.2.2.2.2.2.2.2.2.2.2",0.476274214867088,FALSE,TRUE,37
"2.1.1.1.2.2.2.2.2.2.2.2.2.2.2.2.2.2.2.2.2.2",0.41465628518338,FALSE,TRUE,37
"2.1.2.1.1.2.2.2.2.2.2.2.2.2.2.2.2.2.2.2.2.2",0.447976924589252,FALSE,TRUE,38
"2.1.2.1.2.1.2.2.2.2.2.2.2.2.2.2.2.2.2.2.2.2",0.360268997732523,FALSE,TRUE,37
"2.1.2.1.2.2.1.2.2.2.2.2.2.2.2.2.2.2.2.2.2.2",0.433266550835198,FALSE,TRUE,37
"2.1.2.1.2.2.2.1.2.2.2.2.2.2.2.2.2.2.2.2.2.2",0.486105153050359,FALSE,TRUE,37
"2.1.2.1.2.2.2.2.1.2.2.2.2.2.2.2.2.2.2.2.2.2",0.551083735608192,FALSE,TRUE,35
"2.1.2.1.2.2.2.2.2.1.2.2.2.2.2.2.2.2.2.2.2.2",0.499876432018601,FALSE,TRUE,37
"2.1.2.1.2.2.2.2.2.2.1.2.2.2.2.2.2.2.2.2.2.2",0.396584836031304,FALSE,TRUE,37
"2.1.2.1.2.2.2.2.2.2.2.1.2.2.2.2.2.2.2.2.2.2",0.533446988919685,FALSE,TRUE,37
"2.1.2.1.2.2.2.2.2.2.2.2.1.2.2.2.2.2.2.2.2.2",0.470031509514532,FALSE,TRUE,37
"2.1.2.1.2.2.2.2.2.2.2.2.2.1.2.2.2.2.2.2.2.2",0.479999431873215,FALSE,TRUE,37
"2.1.2.1.2.2.2.2.2.2.2.2.2.2.1.2.2.2.2.2.2.2",0.56603918380775,FALSE,TRUE,37
"2.1.2.1.2.2.2.2.2.2.2.2.2.2.2.1.2.2.2.2.2.2",0.491007177800105,FALSE,TRUE,37
"2.1.2.1.2.2.2.2.2.2.2.2.2.2.2.2.1.2.2.2.2.2",0.490265907348924,FALSE,TRUE,37
"2.1.2.1.2.2.2.2.2.2.2.2.2.2.2.2.2.1.2.2.2.2",0.488823429109633,FALSE,TRUE,37
"2.1.2.1.2.2.2.2.2.2.2.2.2.2.2.2.2.2.1.2.2.2",0.423498480249012,FALSE,TRUE,37
"2.1.2.1.2.2.2.2.2.2.2.2.2.2.2.2.2.2.2.1.2.2",0.52815210380378,FALSE,TRUE,37
"2.1.2.1.2.2.2.2.2.2.2.2.2.2.2.2.2.2.2.2.1.2",0.470388603253186,FALSE,TRUE,37
"2.1.2.1.2.2.2.2.2.2.2.2.2.2.2.2.2.2.2.2.2.1",0.478129906524339,FALSE,TRUE,37
"3.1.2.1.3.2.2.2.2.2.2.2.2.2.2.2.2.2.2.2.2.2",0.514887172993398,FALSE,TRUE,36
"2.1.3.1.3.2.2.2.2.2.2.2.2.2.2.2.2.2.2.2.2.2",0.536537320526882,FALSE,TRUE,36
"2.1.2.1.4.2.2.2.2.2.2.2.2.2.2.2.2.2.2.2.2.2",0.510689791337103,FALSE,TRUE,37
"2.1.2.1.3.3.2.2.2.2.2.2.2.2.2.2.2.2.2.2.2.2",0.590180415656309,FALSE,TRUE,35
"2.1.2.1.3.2.3.2.2.2.2.2.2.2.2.2.2.2.2.2.2.2",0.598133680515746,FALSE,TRUE,35
"2.1.2.1.3.2.2.3.2.2.2.2.2.2.2.2.2.2.2.2.2.2",0.485616462515269,FALSE,TRUE,36
"2.1.2.1.3.2.2.2.3.2.2.2.2.2.2.2.2.2.2.2.2.2",0.414462365381606,FALSE,TRUE,37
"2.1.2.1.3.2.2.2.2.3.2.2.2.2.2.2.2.2.2.2.2.2",0.480049899473595,FALSE,TRUE,36
"2.1.2.1.3.2.2.2.2.2.2.3.2.2.2.2.2.2.2.2.2.2",0.458122033374515,FALSE,TRUE,36
"2.1.2.1.3.2.2.2.2.2.2.2.3.2.2.2.2.2.2.2.2.2",0.520150215253554,FALSE,TRUE,36
"2.1.2.1.3.2.2.2.2.2.2.2.2.3.2.2.2.2.2.2.2.2",0.491944178997943,FALSE,TRUE,36
"2.1.2.1.3.2.2.2.2.2.2.2.2.2.3.2.2.2.2.2.2.2",0.45123650941437,FALSE,TRUE,36
"2.1.2.1.3.2.2.2.2.2.2.2.2.2.2.3.2.2.2.2.2.2",0.525364563094789,FALSE,TRUE,36
"2.1.2.1.3.2.2.2.2.2.2.2.2.2.2.2.3.2.2.2.2.2",0.519729223019553,FALSE,TRUE,36
"2.1.2.1.3.2.2.2.2.2.2.2.2.2.2.2.2.3.2.2.2.2",0.517985391205335,FALSE,TRUE,35
"2.1.2.1.3.2.2.2.2.2.2.2.2.2.2.2.2.2.3.2.2.2",0.578573472278349,FALSE,TRUE,36
"2.1.2.1.3.2.2.2.2.2.2.2.2.2.2.2.2.2.2.3.2.2",0.453242808726617,FALSE,TRUE,36
"2.1.2.1.3.2.2.2.2.2.2.2.2.2.2.2.2.2.2.2.3.2",0.488204244155757,FALSE,TRUE,36
"1.1.2.1.3.2.2.2.2.2.2.2.2.2.2.2.2.2.2.2.2.2",0.495426702953476,FALSE,TRUE,35
"2.1.1.1.3.2.2.2.2.2.2.2.2.2.2.2.2.2.2.2.2.2",0.455594828946114,FALSE,TRUE,35
"2.1.2.1.3.1.2.2.2.2.2.2.2.2.2.2.2.2.2.2.2.2",0.389473983552443,FALSE,TRUE,35
"2.1.2.1.3.2.2.1.2.2.2.2.2.2.2.2.2.2.2.2.2.2",0.513600741865765,FALSE,TRUE,35
"2.1.2.1.3.2.2.2.2.1.2.2.2.2.2.2.2.2.2.2.2.2",0.536454861990127,FALSE,TRUE,35
"2.1.2.1.3.2.2.2.2.2.1.2.2.2.2.2.2.2.2.2.2.2",0.417629765111842,FALSE,TRUE,36
"2.1.2.1.3.2.2.2.2.2.2.1.2.2.2.2.2.2.2.2.2.2",0.569393427548174,FALSE,TRUE,34
"2.1.2.1.3.2.2.2.2.2.2.2.1.2.2.2.2.2.2.2.2.2",0.505792960026161,FALSE,TRUE,35
"2.1.2.1.3.2.2.2.2.2.2.2.2.1.2.2.2.2.2.2.2.2",0.504031204121531,FALSE,TRUE,35
"2.1.2.1.3.2.2.2.2.2.2.2.2.2.1.2.2.2.2.2.2.2",0.583070271386077,FALSE,TRUE,35
"2.1.2.1.3.2.2.2.2.2.2.2.2.2.2.1.2.2.2.2.2.2",0.497542369311137,FALSE,TRUE,35
"2.1.2.1.3.2.2.2.2.2.2.2.2.2.2.2.1.2.2.2.2.2",0.495333755870571,FALSE,TRUE,35
"2.1.2.1.3.2.2.2.2.2.2.2.2.2.2.2.2.1.2.2.2.2",0.51695158887252,FALSE,TRUE,35
"2.1.2.1.3.2.2.2.2.2.2.2.2.2.2.2.2.2.1.2.2.2",0.434024669902704,FALSE,TRUE,35
"2.1.2.1.3.2.2.2.2.2.2.2.2.2.2.2.2.2.2.1.2.2",0.550153941575108,FALSE,TRUE,35
"2.1.2.1.3.2.2.2.2.2.2.2.2.2.2.2.2.2.2.2.1.2",0.517383859938529,FALSE,TRUE,35
"2.1.2.1.3.2.2.2.2.2.2.2.2.2.2.2.2.2.2.2.2.1",0.505019079068324,FALSE,TRUE,36
"3.1.2.1.3.2.2.2.1.2.2.2.2.2.2.2.2.2.2.2.2.2",0.58198764585462,FALSE,TRUE,36
"2.2.2.1.3.2.2.2.1.2.2.2.2.2.2.2.2.2.2.2.2.2",0.529903166289732,FALSE,TRUE,37
"2.1.3.1.3.2.2.2.1.2.2.2.2.2.2.2.2.2.2.2.2.2",0.618102092155182,FALSE,TRUE,37
"2.1.2.2.3.2.2.2.1.2.2.2.2.2.2.2.2.2.2.2.2.2",0.602585151201198,FALSE,TRUE,38
"2.1.2.1.4.2.2.2.1.2.2.2.2.2.2.2.2.2.2.2.2.2",0.608978550966618,FALSE,TRUE,38
"2.1.2.1.3.3.2.2.1.2.2.2.2.2.2.2.2.2.2.2.2.2",0.678155027781961,FALSE,TRUE,37
"2.1.2.1.3.2.3.2.1.2.2.2.2.2.2.2.2.2.2.2.2.2",0.66131773335473,FALSE,TRUE,32
"2.1.2.1.3.2.2.3.1.2.2.2.2.2.2.2.2.2.2.2.2.2",0.580628354893049,FALSE,TRUE,38
"2.1.2.1.3.2.2.2.1.3.2.2.2.2.2.2.2.2.2.2.2.2",0.57903822011379,FALSE,TRUE,38
"2.1.2.1.3.2.2.2.1.2.3.2.2.2.2.2.2.2.2.2.2.2",0.654956209457194,FALSE,TRUE,38
"2.1.2.1.3.2.2.2.1.2.2.3.2.2.2.2.2.2.2.2.2.2",0.54232740131623,FALSE,TRUE,38
"2.1.2.1.3.2.2.2.1.2.2.2.3.2.2.2.2.2.2.2.2.2",0.607972218113147,FALSE,TRUE,37
"2.1.2.1.3.2.2.2.1.2.2.2.2.3.2.2.2.2.2.2.2.2",0.572433837221668,FALSE,TRUE,38
"2.1.2.1.3.2.2.2.1.2.2.2.2.2.3.2.2.2.2.2.2.2",0.521521308834661,FALSE,TRUE,38
"2.1.2.1.3.2.2.2.1.2.2.2.2.2.2.3.2.2.2.2.2.2",0.598426616157046,FALSE,TRUE,38
"2.1.2.1.3.2.2.2.1.2.2.2.2.2.2.2.3.2.2.2.2.2",0.5968456401313,FALSE,TRUE,38
"2.1.2.1.3.2.2.2.1.2.2.2.2.2.2.2.2.2.3.2.2.2",0.663416939991591,FALSE,TRUE,38
"2.1.2.1.3.2.2.2.1.2.2.2.2.2.2.2.2.2.2.3.2.2",0.539452725450074,FALSE,TRUE,38
"2.1.2.1.3.2.2.2.1.2.2.2.2.2.2.2.2.2.2.2.3.2",0.579464543578585,FALSE,TRUE,37
"2.1.2.1.3.2.2.2.1.2.2.2.2.2.2.2.2.2.2.2.2.3",0.600188222284009,FALSE,TRUE,34
"1.1.2.1.3.2.2.2.1.2.2.2.2.2.2.2.2.2.2.2.2.2",0.573319077682923,FALSE,TRUE,37
"2.1.1.1.3.2.2.2.1.2.2.2.2.2.2.2.2.2.2.2.2.2",0.521752597607192,FALSE,TRUE,37
"2.1.2.1.3.1.2.2.1.2.2.2.2.2.2.2.2.2.2.2.2.2",0.450311743563911,FALSE,TRUE,37
"2.1.2.1.3.2.1.2.1.2.2.2.2.2.2.2.2.2.2.2.2.2",0.525165524895915,FALSE,TRUE,37
"2.1.2.1.3.2.2.1.1.2.2.2.2.2.2.2.2.2.2.2.2.2",0.566883056915983,FALSE,TRUE,37
"2.1.2.1.3.2.2.2.1.1.2.2.2.2.2.2.2.2.2.2.2.2",0.588238790522023,FALSE,TRUE,37
"2.1.2.1.3.2.2.2.1.2.1.2.2.2.2.2.2.2.2.2.2.2",0.489344196109746,FALSE,TRUE,37
"2.1.2.1.3.2.2.2.1.2.2.1.2.2.2.2.2.2.2.2.2.2",0.633142562302928,FALSE,TRUE,37
"2.1.2.1.3.2.2.2.1.2.2.2.1.2.2.2.2.2.2.2.2.2",0.570572950162998,FALSE,TRUE,37
"2.1.2.1.3.2.2.2.1.2.2.2.2.1.2.2.2.2.2.2.2.2",0.569371142739061,FALSE,TRUE,37
"2.1.2.1.3.2.2.2.1.2.2.2.2.2.1.2.2.2.2.2.2.2",0.657113545421535,FALSE,TRUE,37
"2.1.2.1.3.2.2.2.1.2.2.2.2.2.2.1.2.2.2.2.2.2",0.573576672621722,FALSE,TRUE,36
"2.1.2.1.3.2.2.2.1.2.2.2.2.2.2.2.1.2.2.2.2.2",0.567322558783235,FALSE,TRUE,37
"2.1.2.1.3.2.2.2.1.2.2.2.2.2.2.2.2.1.2.2.2.2",0.592583956956304,FALSE,TRUE,38
"2.1.2.1.3.2.2.2.1.2.2.2.2.2.2.2.2.2.1.2.2.2",0.500476636281827,FALSE,TRUE,37
"2.1.2.1.3.2.2.2.1.2.2.2.2.2.2.2.2.2.2.1.2.2",0.610532513661192,FALSE,TRUE,37
"2.1.2.1.3.2.2.2.1.2.2.2.2.2.2.2.2.2.2.2.1.2",0.573473595422889,FALSE,TRUE,37
"2.1.2.1.3.2.2.2.1.2.2.2.2.2.2.2.2.2.2.2.2.1",0.565072118714622,FALSE,TRUE,36
"3.1.2.1.3.2.2.2.1.2.2.2.2.2.2.2.2.3.2.2.2.2",0.570297016670192,FALSE,TRUE,36
"2.2.2.1.3.2.2.2.1.2.2.2.2.2.2.2.2.3.2.2.2.2",0.52506408722651,FALSE,TRUE,39
"2.1.3.1.3.2.2.2.1.2.2.2.2.2.2.2.2.3.2.2.2.2",0.607183128129066,FALSE,TRUE,37
"2.1.2.2.3.2.2.2.1.2.2.2.2.2.2.2.2.3.2.2.2.2",0.584781032978917,FALSE,TRUE,38
"2.1.2.1.4.2.2.2.1.2.2.2.2.2.2.2.2.3.2.2.2.2",0.596793280478798,FALSE,TRUE,38
"2.1.2.1.3.3.2.2.1.2.2.2.2.2.2.2.2.3.2.2.2.2",0.683554826852146,FALSE,TRUE,38
"2.1.2.1.3.2.2.3.1.2.2.2.2.2.2.2.2.3.2.2.2.2",0.578443733717252,FALSE,TRUE,38
"2.1.2.1.3.2.2.2.1.3.2.2.2.2.2.2.2.3.2.2.2.2",0.574286668336722,FALSE,TRUE,38
"2.1.2.1.3.2.2.2.1.2.3.2.2.2.2.2.2.3.2.2.2.2",0.651556673982847,FALSE,TRUE,37
"2.1.2.1.3.2.2.2.1.2.2.3.2.2.2.2.2.3.2.2.2.2",0.540249765377882,FALSE,TRUE,38
"2.1.2.1.3.2.2.2.1.2.2.2.3.2.2.2.2.3.2.2.2.2",0.592460597258562,FALSE,TRUE,38
"2.1.2.1.3.2.2.2.1.2.2.2.2.3.2.2.2.3.2.2.2.2",0.575375328022272,FALSE,TRUE,38
"2.1.2.1.3.2.2.2.1.2.2.2.2.2.3.2.2.3.2.2.2.2",0.511199740345906,FALSE,TRUE,38
"2.1.2.1.3.2.2.2.1.2.2.2.2.2.2.3.2.3.2.2.2.2",0.597948569913048,FALSE,TRUE,38
"2.1.2.1.3.2.2.2.1.2.2.2.2.2.2.2.3.3.2.2.2.2",0.601445361791754,FALSE,TRUE,38
"2.1.2.1.3.2.2.2.1.2.2.2.2.2.2.2.2.4.2.2.2.2",0.564185843887977,FALSE,TRUE,39
"2.1.2.1.3.2.2.2.1.2.2.2.2.2.2.2.2.3.3.2.2.2",0.656005156885901,FALSE,TRUE,37
"2.1.2.1.3.2.2.2.1.2.2.2.2.2.2.2.2.3.2.3.2.2",0.539366638864986,FALSE,TRUE,38
"2.1.2.1.3.2.2.2.1.2.2.2.2.2.2.2.2.3.2.2.3.2",0.570760636822287,FALSE,TRUE,38
"2.1.2.1.3.2.2.2.1.2.2.2.2.2.2.2.2.3.2.2.2.3",0.591414675843518,FALSE,TRUE,37
"1.1.2.1.3.2.2.2.1.2.2.2.2.2.2.2.2.3.2.2.2.2",0.566249251463544,FALSE,TRUE,37
"2.1.1.1.3.2.2.2.1.2.2.2.2.2.2.2.2.3.2.2.2.2",0.513112493988583,FALSE,TRUE,37
"2.1.2.1.2.2.2.2.1.2.2.2.2.2.2.2.2.3.2.2.2.2",0.545088407552093,FALSE,TRUE,37
"2.1.2.1.3.1.2.2.1.2.2.2.2.2.2.2.2.3.2.2.2.2",0.429410812473806,FALSE,TRUE,37
"2.1.2.1.3.2.1.2.1.2.2.2.2.2.2.2.2.3.2.2.2.2",0.522181941586731,FALSE,TRUE,37
"2.1.2.1.3.2.2.1.1.2.2.2.2.2.2.2.2.3.2.2.2.2",0.551284105785537,FALSE,TRUE,37
"2.1.2.1.3.2.2.2.1.1.2.2.2.2.2.2.2.3.2.2.2.2",0.573899010705021,FALSE,TRUE,37
"2.1.2.1.3.2.2.2.1.2.1.2.2.2.2.2.2.3.2.2.2.2",0.476787639806948,FALSE,TRUE,37
"2.1.2.1.3.2.2.2.1.2.2.1.2.2.2.2.2.3.2.2.2.2",0.618770346422774,FALSE,TRUE,36
"2.1.2.1.3.2.2.2.1.2.2.2.1.2.2.2.2.3.2.2.2.2",0.567277164438154,FALSE,TRUE,36
"2.1.2.1.3.2.2.2.1.2.2.2.2.1.2.2.2.3.2.2.2.2",0.547921094707469,FALSE,TRUE,37
"2.1.2.1.3.2.2.2.1.2.2.2.2.2.1.2.2.3.2.2.2.2",0.648307999508305,FALSE,TRUE,37
"2.1.2.1.3.2.2.2.1.2.2.2.2.2.2.1.2.3.2.2.2.2",0.555611532479278,FALSE,TRUE,35
"2.1.2.1.3.2.2.2.1.2.2.2.2.2.2.2.1.3.2.2.2.2",0.547277450482155,FALSE,TRUE,36
"2.1.2.1.3.2.2.2.1.2.2.2.2.2.2.2.2.3.1.2.2.2",0.494672748151096,FALSE,TRUE,37
"2.1.2.1.3.2.2.2.1.2.2.2.2.2.2.2.2.3.2.1.2.2",0.596771178995113,FALSE,TRUE,37
"2.1.2.1.3.2.2.2.1.2.2.2.2.2.2.2.2.3.2.2.1.2",0.567038796519062,FALSE,TRUE,37
"2.1.2.1.3.2.2.2.1.2.2.2.2.2.2.2.2.3.2.2.2.1",0.555980401991298,FALSE,TRUE,35
"2.2.2.1.3.2.2.2.2.2.2.2.2.2.2.2.2.2.2.2.2.3",0.416936548569095,FALSE,TRUE,36
"2.1.3.1.3.2.2.2.2.2.2.2.2.2.2.2.2.2.2.2.2.3",0.513206205074171,FALSE,TRUE,36
"2.1.2.2.3.2.2.2.2.2.2.2.2.2.2.2.2.2.2.2.2.3",0.513982964457769,FALSE,TRUE,36
"2.1.2.1.4.2.2.2.2.2.2.2.2.2.2.2.2.2.2.2.2.3",0.491725182440288,FALSE,TRUE,36
"2.1.2.1.3.2.3.2.2.2.2.2.2.2.2.2.2.2.2.2.2.3",0.582207715203256,FALSE,TRUE,36
"2.1.2.1.3.2.2.3.2.2.2.2.2.2.2.2.2.2.2.2.2.3",0.443519191231762,FALSE,TRUE,36
"2.1.2.1.3.2.2.2.3.2.2.2.2.2.2.2.2.2.2.2.2.3",0.386781003529727,FALSE,TRUE,36
"2.1.2.1.3.2.2.2.2.3.2.2.2.2.2.2.2.2.2.2.2.3",0.456887472767434,FALSE,TRUE,36
"2.1.2.1.3.2.2.2.2.2.3.2.2.2.2.2.2.2.2.2.2.3",0.565852203882305,FALSE,TRUE,36
"2.1.2.1.3.2.2.2.2.2.2.3.2.2.2.2.2.2.2.2.2.3",0.446547548141413,FALSE,TRUE,36
"2.1.2.1.3.2.2.2.2.2.2.2.2.3.2.2.2.2.2.2.2.3",0.4811650232193,FALSE,TRUE,36
"2.1.2.1.3.2.2.2.2.2.2.2.2.2.3.2.2.2.2.2.2.3",0.446207734835336,FALSE,TRUE,36
"2.1.2.1.3.2.2.2.2.2.2.2.2.2.2.3.2.2.2.2.2.3",0.513342043131981,FALSE,TRUE,36
"2.1.2.1.3.2.2.2.2.2.2.2.2.2.2.2.3.2.2.2.2.3",0.503732117224584,FALSE,TRUE,36
"2.1.2.1.3.2.2.2.2.2.2.2.2.2.2.2.2.3.2.2.2.3",0.502453503519614,FALSE,TRUE,35
"2.1.2.1.3.2.2.2.2.2.2.2.2.2.2.2.2.2.3.2.2.3",0.54287429829379,FALSE,TRUE,36
"2.1.2.1.3.2.2.2.2.2.2.2.2.2.2.2.2.2.2.3.2.3",0.424867346417393,FALSE,TRUE,36
"2.1.2.1.3.2.2.2.2.2.2.2.2.2.2.2.2.2.2.2.2.4",0.465309437354945,FALSE,TRUE,37
"1.1.2.1.3.2.2.2.2.2.2.2.2.2.2.2.2.2.2.2.2.3",0.477449496361319,FALSE,TRUE,36
"2.1.1.1.3.2.2.2.2.2.2.2.2.2.2.2.2.2.2.2.2.3",0.443883115496509,FALSE,TRUE,35
"2.1.2.1.3.1.2.2.2.2.2.2.2.2.2.2.2.2.2.2.2.3",0.382835718844079,FALSE,TRUE,36
"2.1.2.1.3.2.1.2.2.2.2.2.2.2.2.2.2.2.2.2.2.3",0.429648608200526,FALSE,TRUE,35
"2.1.2.1.3.2.2.1.2.2.2.2.2.2.2.2.2.2.2.2.2.3",0.527434400069837,FALSE,TRUE,35
"2.1.2.1.3.2.2.2.2.1.2.2.2.2.2.2.2.2.2.2.2.3",0.532197434873735,FALSE,TRUE,35
"2.1.2.1.3.2.2.2.2.2.1.2.2.2.2.2.2.2.2.2.2.3",0.402244560326837,FALSE,TRUE,35
"2.1.2.1.3.2.2.2.2.2.2.1.2.2.2.2.2.2.2.2.2.3",0.553756945686156,FALSE,TRUE,35
"2.1.2.1.3.2.2.2.2.2.2.2.1.2.2.2.2.2.2.2.2.3",0.502481333981678,FALSE,TRUE,36
"2.1.2.1.3.2.2.2.2.2.2.2.2.1.2.2.2.2.2.2.2.3",0.488592419729441,FALSE,TRUE,35
"2.1.2.1.3.2.2.2.2.2.2.2.2.2.1.2.2.2.2.2.2.3",0.564603378675155,FALSE,TRUE,35
"2.1.2.1.3.2.2.2.2.2.2.2.2.2.2.1.2.2.2.2.2.3",0.486163536479177,FALSE,TRUE,35
"2.1.2.1.3.2.2.2.2.2.2.2.2.2.2.2.1.2.2.2.2.3",0.486559068582102,FALSE,TRUE,35
"2.1.2.1.3.2.2.2.2.2.2.2.2.2.2.2.2.1.2.2.2.3",0.504703375352049,FALSE,TRUE,35
"2.1.2.1.3.2.2.2.2.2.2.2.2.2.2.2.2.2.1.2.2.3",0.442781280113136,FALSE,TRUE,35
"2.1.2.1.3.2.2.2.2.2.2.2.2.2.2.2.2.2.2.1.2.3",0.55393037704315,FALSE,TRUE,35
"2.1.2.1.3.2.2.2.2.2.2.2.2.2.2.2.2.2.2.2.1.3",0.501240663991598,FALSE,TRUE,36
"3.1.2.1.3.2.2.2.2.2.2.2.3.2.2.2.2.2.2.2.2.3",0.496445687247826,FALSE,TRUE,40
"2.2.2.1.3.2.2.2.2.2.2.2.3.2.2.2.2.2.2.2.2.3",0.399904023766982,FALSE,TRUE,41
"2.1.3.1.3.2.2.2.2.2.2.2.3.2.2.2.2.2.2.2.2.3",0.495717261113055,FALSE,TRUE,40
"2.1.2.2.3.2.2.2.2.2.2.2.3.2.2.2.2.2.2.2.2.3",0.481797621554906,FALSE,TRUE,41
"2.1.2.1.4.2.2.2.2.2.2.2.3.2.2.2.2.2.2.2.2.3",0.465630786598358,FALSE,TRUE,40
"2.1.2.1.3.3.2.2.2.2.2.2.3.2.2.2.2.2.2.2.2.3",0.545975370117629,FALSE,TRUE,38
"2.1.2.1.3.2.3.2.2.2.2.2.3.2.2.2.2.2.2.2.2.3",0.564606862583934,FALSE,TRUE,40
"2.1.2.1.3.2.2.3.2.2.2.2.3.2.2.2.2.2.2.2.2.3",0.432924797607465,FALSE,TRUE,40
"2.1.2.1.3.2.2.2.3.2.2.2.3.2.2.2.2.2.2.2.2.3",0.364010010923183,FALSE,TRUE,40
"2.1.2.1.3.2.2.2.2.3.2.2.3.2.2.2.2.2.2.2.2.3",0.444692431668369,FALSE,TRUE,40
"2.1.2.1.3.2.2.2.2.2.3.2.3.2.2.2.2.2.2.2.2.3",0.536937662716005,FALSE,TRUE,38
"2.1.2.1.3.2.2.2.2.2.2.3.3.2.2.2.2.2.2.2.2.3",0.435438924014881,FALSE,TRUE,40
"2.1.2.1.3.2.2.2.2.2.2.2.4.2.2.2.2.2.2.2.2.3",0.471294430580524,FALSE,TRUE,41
"2.1.2.1.3.2.2.2.2.2.2.2.3.3.2.2.2.2.2.2.2.3",0.472877285809684,FALSE,TRUE,40
"2.1.2.1.3.2.2.2.2.2.2.2.3.2.3.2.2.2.2.2.2.3",0.438536543642295,FALSE,TRUE,40
"2.1.2.1.3.2.2.2.2.2.2.2.3.2.2.3.2.2.2.2.2.3",0.500737899989086,FALSE,TRUE,40
"2.1.2.1.3.2.2.2.2.2.2.2.3.2.2.2.3.2.2.2.2.3",0.483919737534873,FALSE,TRUE,40
"2.1.2.1.3.2.2.2.2.2.2.2.3.2.2.2.2.3.2.2.2.3",0.485975604874893,FALSE,TRUE,40
"2.1.2.1.3.2.2.2.2.2.2.2.3.2.2.2.2.2.3.2.2.3",0.537208325210282,FALSE,TRUE,40
"2.1.2.1.3.2.2.2.2.2.2.2.3.2.2.2.2.2.2.3.2.3",0.421904422236057,FALSE,TRUE,40
"2.1.2.1.3.2.2.2.2.2.2.2.3.2.2.2.2.2.2.2.3.3",0.454678219936138,FALSE,TRUE,40
"2.1.2.1.3.2.2.2.2.2.2.2.3.2.2.2.2.2.2.2.2.4",0.448115331316715,FALSE,TRUE,40
"1.1.2.1.3.2.2.2.2.2.2.2.3.2.2.2.2.2.2.2.2.3",0.460655157868279,FALSE,TRUE,39
"2.1.1.1.3.2.2.2.2.2.2.2.3.2.2.2.2.2.2.2.2.3",0.440492219286672,FALSE,TRUE,39
"2.1.2.1.2.2.2.2.2.2.2.2.3.2.2.2.2.2.2.2.2.3",0.49903991308983,FALSE,TRUE,39
"2.1.2.1.3.1.2.2.2.2.2.2.3.2.2.2.2.2.2.2.2.3",0.382191739573818,FALSE,TRUE,39
"2.1.2.1.3.2.1.2.2.2.2.2.3.2.2.2.2.2.2.2.2.3",0.427763609247781,FALSE,TRUE,38
"2.1.2.1.3.2.2.1.2.2.2.2.3.2.2.2.2.2.2.2.2.3",0.516982720836755,FALSE,TRUE,39
"2.1.2.1.3.2.2.2.1.2.2.2.3.2.2.2.2.2.2.2.2.3",0.599468848498255,FALSE,TRUE,38
"2.1.2.1.3.2.2.2.2.1.2.2.3.2.2.2.2.2.2.2.2.3",0.52034981793657,FALSE,TRUE,39
"2.1.2.1.3.2.2.2.2.2.1.2.3.2.2.2.2.2.2.2.2.3",0.40826348928727,FALSE,TRUE,39
"2.1.2.1.3.2.2.2.2.2.2.1.3.2.2.2.2.2.2.2.2.3",0.542721474235495,FALSE,TRUE,38
"2.1.2.1.3.2.2.2.2.2.2.2.3.1.2.2.2.2.2.2.2.3",0.470740074707439,FALSE,TRUE,39
"2.1.2.1.3.2.2.2.2.2.2.2.3.2.1.2.2.2.2.2.2.3",0.548536809587918,FALSE,TRUE,39
"2.1.2.1.3.2.2.2.2.2.2.2.3.2.2.1.2.2.2.2.2.3",0.476210181401579,FALSE,TRUE,39
"2.1.2.1.3.2.2.2.2.2.2.2.3.2.2.2.1.2.2.2.2.3",0.4846795294137,FALSE,TRUE,39
"2.1.2.1.3.2.2.2.2.2.2.2.3.2.2.2.2.1.2.2.2.3",0.497538855899474,FALSE,TRUE,39
"2.1.2.1.3.2.2.2.2.2.2.2.3.2.2.2.2.2.1.2.2.3",0.42817869926904,FALSE,TRUE,39
"2.1.2.1.3.2.2.2.2.2.2.2.3.2.2.2.2.2.2.1.2.3",0.533585471606466,FALSE,TRUE,39
"2.1.2.1.3.2.2.2.2.2.2.2.3.2.2.2.2.2.2.2.1.3",0.500456036710422,FALSE,TRUE,39
"2.2.2.1.3.2.3.2.1.2.2.2.2.2.2.2.2.3.2.2.2.2",0.579418865478694,FALSE,TRUE,34
"2.1.2.2.3.2.3.2.1.2.2.2.2.2.2.2.2.3.2.2.2.2",0.639202232599132,FALSE,TRUE,31
"2.1.2.1.4.2.3.2.1.2.2.2.2.2.2.2.2.3.2.2.2.2",0.657380976730676,FALSE,TRUE,35
"2.1.2.1.3.3.3.2.1.2.2.2.2.2.2.2.2.3.2.2.2.2",0.745400104203436,FALSE,TRUE,35
"2.1.2.1.3.2.4.2.1.2.2.2.2.2.2.2.2.3.2.2.2.2",0.686756419893476,FALSE,TRUE,36
"2.1.2.1.3.2.3.3.1.2.2.2.2.2.2.2.2.3.2.2.2.2",0.642107126927111,FALSE,TRUE,34
"2.1.2.1.3.2.3.2.2.2.2.2.2.2.2.2.2.3.2.2.2.2",0.586768844259309,FALSE,TRUE,35
"2.1.2.1.3.2.3.2.1.3.2.2.2.2.2.2.2.3.2.2.2.2",0.648033187883341,FALSE,TRUE,35
"2.1.2.1.3.2.3.2.1.2.3.2.2.2.2.2.2.3.2.2.2.2",0.708989846531908,FALSE,TRUE,35
"2.1.2.1.3.2.3.2.1.2.2.3.2.2.2.2.2.3.2.2.2.2",0.595291029546132,FALSE,TRUE,35
"2.1.2.1.3.2.3.2.1.2.2.2.3.2.2.2.2.3.2.2.2.2",0.648766504046216,FALSE,TRUE,35
"2.1.2.1.3.2.3.2.1.2.2.2.2.3.2.2.2.3.2.2.2.2",0.632460167600609,FALSE,TRUE,34
"2.1.2.1.3.2.3.2.1.2.2.2.2.2.3.2.2.3.2.2.2.2",0.570632117192258,FALSE,TRUE,35
"2.1.2.1.3.2.3.2.1.2.2.2.2.2.2.3.2.3.2.2.2.2",0.654326140753234,FALSE,TRUE,36
"2.1.2.1.3.2.3.2.1.2.2.2.2.2.2.2.3.3.2.2.2.2",0.658738195677818,FALSE,TRUE,35
"2.1.2.1.3.2.3.2.1.2.2.2.2.2.2.2.2.4.2.2.2.2",0.619824920275806,FALSE,TRUE,33
"2.1.2.1.3.2.3.2.1.2.2.2.2.2.2.2.2.3.3.2.2.2",0.720531978394656,FALSE,TRUE,35
"2.1.2.1.3.2.3.2.1.2.2.2.2.2.2.2.2.3.2.3.2.2",0.589241654459241,FALSE,TRUE,35
"2.1.2.1.3.2.3.2.1.2.2.2.2.2.2.2.2.3.2.2.3.2",0.630606070767475,FALSE,TRUE,35
"2.1.2.1.3.2.3.2.1.2.2.2.2.2.2.2.2.3.2.2.2.3",0.644746472006744,FALSE,TRUE,36
"1.1.2.1.3.2.3.2.1.2.2.2.2.2.2.2.2.3.2.2.2.2",0.619048129967597,FALSE,TRUE,35
"2.1.1.1.3.2.3.2.1.2.2.2.2.2.2.2.2.3.2.2.2.2",0.56648591788354,FALSE,TRUE,35
"2.1.2.1.2.2.3.2.1.2.2.2.2.2.2.2.2.3.2.2.2.2",0.597443759933338,FALSE,TRUE,33
"2.1.2.1.3.1.3.2.1.2.2.2.2.2.2.2.2.3.2.2.2.2",0.479720088049004,FALSE,TRUE,34
"2.1.2.1.3.2.3.1.1.2.2.2.2.2.2.2.2.3.2.2.2.2",0.605652093234698,FALSE,TRUE,34
"2.1.2.1.3.2.3.2.1.1.2.2.2.2.2.2.2.3.2.2.2.2",0.61870200889581,FALSE,TRUE,33
"2.1.2.1.3.2.3.2.1.2.1.2.2.2.2.2.2.3.2.2.2.2",0.528264120971009,FALSE,TRUE,32
"2.1.2.1.3.2.3.2.1.2.2.1.2.2.2.2.2.3.2.2.2.2",0.674551076242862,FALSE,TRUE,33
"2.1.2.1.3.2.3.2.1.2.2.2.1.2.2.2.2.3.2.2.2.2",0.627604764126968,FALSE,TRUE,34
"2.1.2.1.3.2.3.2.1.2.2.2.2.1.2.2.2.3.2.2.2.2",0.604265837695935,FALSE,TRUE,34
"2.1.2.1.3.2.3.2.1.2.2.2.2.2.1.2.2.3.2.2.2.2",0.702378927110257,FALSE,TRUE,34
"2.1.2.1.3.2.3.2.1.2.2.2.2.2.2.2.1.3.2.2.2.2",0.601796831116212,FALSE,TRUE,33
"2.1.2.1.3.2.3.2.1.2.2.2.2.2.2.2.2.3.1.2.2.2",0.54097676856986,FALSE,TRUE,34
"2.1.2.1.3.2.3.2.1.2.2.2.2.2.2.2.2.3.2.1.2.2",0.661054302896572,FALSE,TRUE,34
"2.1.2.1.3.2.3.2.1.2.2.2.2.2.2.2.2.3.2.2.1.2",0.617191916549702,FALSE,TRUE,34
"3.2.2.2.2.2.2.2.2.2.2.2.2.2.2.2.2.2.2.2.2.1",0.416777562083288,FALSE,TRUE,38
"2.3.2.2.2.2.2.2.2.2.2.2.2.2.2.2.2.2.2.2.2.1",0.342470843015292,FALSE,TRUE,37
"2.2.2.3.2.2.2.2.2.2.2.2.2.2.2.2.2.2.2.2.2.1",0.390667561085757,FALSE,TRUE,38
"2.2.2.2.3.2.2.2.2.2.2.2.2.2.2.2.2.2.2.2.2.1",0.444827012091312,FALSE,TRUE,38
"2.2.2.2.2.3.2.2.2.2.2.2.2.2.2.2.2.2.2.2.2.1",0.49913518563851,FALSE,TRUE,38
"2.2.2.2.2.2.3.2.2.2.2.2.2.2.2.2.2.2.2.2.2.1",0.481863266901892,FALSE,TRUE,37
"2.2.2.2.2.2.2.3.2.2.2.2.2.2.2.2.2.2.2.2.2.1",0.429831816384686,FALSE,TRUE,38
"2.2.2.2.2.2.2.2.3.2.2.2.2.2.2.2.2.2.2.2.2.1",0.347234192934769,FALSE,TRUE,38
"2.2.2.2.2.2.2.2.2.3.2.2.2.2.2.2.2.2.2.2.2.1",0.405972958193876,FALSE,TRUE,38
"2.2.2.2.2.2.2.2.2.2.3.2.2.2.2.2.2.2.2.2.2.1",0.452426957125241,FALSE,TRUE,38
"2.2.2.2.2.2.2.2.2.2.2.2.3.2.2.2.2.2.2.2.2.1",0.418223444080322,FALSE,TRUE,38
"2.2.2.2.2.2.2.2.2.2.2.2.2.3.2.2.2.2.2.2.2.1",0.40353958330099,FALSE,TRUE,38
"2.2.2.2.2.2.2.2.2.2.2.2.2.2.3.2.2.2.2.2.2.1",0.353015359733544,FALSE,TRUE,38
"2.2.2.2.2.2.2.2.2.2.2.2.2.2.2.3.2.2.2.2.2.1",0.408076821832754,FALSE,TRUE,38
"2.2.2.2.2.2.2.2.2.2.2.2.2.2.2.2.3.2.2.2.2.1",0.391323049365348,FALSE,TRUE,38
"2.2.2.2.2.2.2.2.2.2.2.2.2.2.2.2.2.3.2.2.2.1",0.415818589515267,FALSE,TRUE,38
"2.2.2.2.2.2.2.2.2.2.2.2.2.2.2.2.2.2.3.2.2.1",0.511597463339425,FALSE,TRUE,38
"2.2.2.2.2.2.2.2.2.2.2.2.2.2.2.2.2.2.2.3.2.1",0.382293586510954,FALSE,TRUE,38
"2.2.2.2.2.2.2.2.2.2.2.2.2.2.2.2.2.2.2.2.3.1",0.418744777735907,FALSE,TRUE,38
"1.2.2.2.2.2.2.2.2.2.2.2.2.2.2.2.2.2.2.2.2.1",0.394538967604563,FALSE,TRUE,37
"2.2.1.2.2.2.2.2.2.2.2.2.2.2.2.2.2.2.2.2.2.1",0.329651563680845,FALSE,TRUE,38
"2.2.2.2.1.2.2.2.2.2.2.2.2.2.2.2.2.2.2.2.2.1",0.366330785382641,FALSE,TRUE,37
"2.2.2.2.2.1.2.2.2.2.2.2.2.2.2.2.2.2.2.2.2.1",0.285876494327275,FALSE,TRUE,37
"2.2.2.2.2.2.1.2.2.2.2.2.2.2.2.2.2.2.2.2.2.1",0.358444253057939,FALSE,TRUE,37
"2.2.2.2.2.2.2.1.2.2.2.2.2.2.2.2.2.2.2.2.2.1",0.374321813769525,FALSE,TRUE,37
"2.2.2.2.2.2.2.2.1.2.2.2.2.2.2.2.2.2.2.2.2.1",0.461844278979348,FALSE,TRUE,37
"2.2.2.2.2.2.2.2.2.1.2.2.2.2.2.2.2.2.2.2.2.1",0.407115944040152,FALSE,TRUE,37
"2.2.2.2.2.2.2.2.2.2.1.2.2.2.2.2.2.2.2.2.2.1",0.341599641098498,FALSE,TRUE,36
"2.2.2.2.2.2.2.2.2.2.2.2.1.2.2.2.2.2.2.2.2.1",0.402796959983057,FALSE,TRUE,37
"2.2.2.2.2.2.2.2.2.2.2.2.2.1.2.2.2.2.2.2.2.1",0.393764377107901,FALSE,TRUE,37
"2.2.2.2.2.2.2.2.2.2.2.2.2.2.1.2.2.2.2.2.2.1",0.475067115052124,FALSE,TRUE,37
"2.2.2.2.2.2.2.2.2.2.2.2.2.2.2.1.2.2.2.2.2.1",0.415544284177892,FALSE,TRUE,37
"2.2.2.2.2.2.2.2.2.2.2.2.2.2.2.2.1.2.2.2.2.1",0.423978583324596,FALSE,TRUE,37
"2.2.2.2.2.2.2.2.2.2.2.2.2.2.2.2.2.1.2.2.2.1",0.413358813285311,FALSE,TRUE,37
"2.2.2.2.2.2.2.2.2.2.2.2.2.2.2.2.2.2.1.2.2.1",0.30309147350855,FALSE,TRUE,37
"2.2.2.2.2.2.2.2.2.2.2.2.2.2.2.2.2.2.2.1.2.1",0.428217996214609,FALSE,TRUE,37
"2.2.2.2.2.2.2.2.2.2.2.2.2.2.2.2.2.2.2.2.1.1",0.388889025209218,FALSE,TRUE,37
"3.1.2.1.3.2.3.2.1.2.2.2.2.2.2.1.2.3.2.2.2.2",0.608603108938148,FALSE,TRUE,34
"2.2.2.1.3.2.3.2.1.2.2.2.2.2.2.1.2.3.2.2.2.2",0.548929888642289,FALSE,TRUE,37
"2.1.3.1.3.2.3.2.1.2.2.2.2.2.2.1.2.3.2.2.2.2",0.634101750094301,FALSE,TRUE,35
"2.1.2.2.3.2.3.2.1.2.2.2.2.2.2.1.2.3.2.2.2.2",0.615280420676668,FALSE,TRUE,36
"2.1.2.1.4.2.3.2.1.2.2.2.2.2.2.1.2.3.2.2.2.2",0.612745337776367,FALSE,TRUE,36
"2.1.2.1.3.3.3.2.1.2.2.2.2.2.2.1.2.3.2.2.2.2",0.720419049801018,FALSE,TRUE,36
"2.1.2.1.3.2.4.2.1.2.2.2.2.2.2.1.2.3.2.2.2.2",0.655007648649384,FALSE,TRUE,36
"2.1.2.1.3.2.3.3.1.2.2.2.2.2.2.1.2.3.2.2.2.2",0.612052263758704,FALSE,TRUE,36
"2.1.2.1.3.2.3.2.2.2.2.2.2.2.2.1.2.3.2.2.2.2",0.550069044427732,FALSE,TRUE,37
"2.1.2.1.3.2.3.2.1.3.2.2.2.2.2.1.2.3.2.2.2.2",0.613799631005094,FALSE,TRUE,36
"2.1.2.1.3.2.3.2.1.2.3.2.2.2.2.1.2.3.2.2.2.2",0.689954597834087,FALSE,TRUE,36
"2.1.2.1.3.2.3.2.1.2.2.3.2.2.2.1.2.3.2.2.2.2",0.566504028722875,FALSE,TRUE,36
"2.1.2.1.3.2.3.2.1.2.2.2.3.2.2.1.2.3.2.2.2.2",0.607881561945025,FALSE,TRUE,37
"2.1.2.1.3.2.3.2.1.2.2.2.2.3.2.1.2.3.2.2.2.2",0.62831190738153,FALSE,TRUE,36
"2.1.2.1.3.2.3.2.1.2.2.2.2.2.3.1.2.3.2.2.2.2",0.536652227869969,FALSE,TRUE,36
"2.1.2.1.3.2.3.2.1.2.2.2.2.2.2.1.3.3.2.2.2.2",0.639778649890801,FALSE,TRUE,36
"2.1.2.1.3.2.3.2.1.2.2.2.2.2.2.1.2.4.2.2.2.2",0.570842369296577,FALSE,TRUE,36
"2.1.2.1.3.2.3.2.1.2.2.2.2.2.2.1.2.3.2.3.2.2",0.561584546538757,FALSE,TRUE,36
"2.1.2.1.3.2.3.2.1.2.2.2.2.2.2.1.2.3.2.2.3.2",0.583536020841909,FALSE,TRUE,36
"2.1.2.1.3.2.3.2.1.2.2.2.2.2.2.1.2.3.2.2.2.3",0.612185690937341,FALSE,TRUE,36
"1.1.2.1.3.2.3.2.1.2.2.2.2.2.2.1.2.3.2.2.2.2",0.569701311054981,FALSE,TRUE,35
"2.1.1.1.3.2.3.2.1.2.2.2.2.2.2.1.2.3.2.2.2.2",0.530968859720358,FALSE,TRUE,35
"2.1.2.1.2.2.3.2.1.2.2.2.2.2.2.1.2.3.2.2.2.2",0.569983015686105,FALSE,TRUE,36
"2.1.2.1.3.1.3.2.1.2.2.2.2.2.2.1.2.3.2.2.2.2",0.433941736890837,FALSE,TRUE,35
"2.1.2.1.3.2.3.1.1.2.2.2.2.2.2.1.2.3.2.2.2.2",0.560836443257582,FALSE,TRUE,35
"2.1.2.1.3.2.3.2.1.1.2.2.2.2.2.1.2.3.2.2.2.2",0.576979383820236,FALSE,TRUE,35
"2.1.2.1.3.2.3.2.1.2.1.2.2.2.2.1.2.3.2.2.2.2",0.480322567483896,FALSE,TRUE,35
"2.1.2.1.3.2.3.2.1.2.2.1.2.2.2.1.2.3.2.2.2.2",0.629885127402595,FALSE,TRUE,34
"2.1.2.1.3.2.3.2.1.2.2.2.2.1.2.1.2.3.2.2.2.2",0.536395445935694,FALSE,TRUE,35
"2.1.2.1.3.2.3.2.1.2.2.2.2.2.1.1.2.3.2.2.2.2",0.661485644306442,FALSE,TRUE,35
"2.1.2.1.3.2.3.2.1.2.2.2.2.2.2.1.1.3.2.2.2.2",0.550760148492315,FALSE,TRUE,34
"2.1.2.1.3.2.3.2.1.2.2.2.2.2.2.1.2.2.2.2.2.2",0.635521969280346,FALSE,TRUE,35
"2.1.2.1.3.2.3.2.1.2.2.2.2.2.2.1.2.3.1.2.2.2",0.52323683507854,FALSE,TRUE,36
"2.1.2.1.3.2.3.2.1.2.2.2.2.2.2.1.2.3.2.1.2.2",0.61613231768728,FALSE,TRUE,35
"2.1.2.1.3.2.3.2.1.2.2.2.2.2.2.1.2.3.2.2.1.2",0.593413455509713,FALSE,TRUE,35
"2.1.2.1.3.2.3.2.1.2.2.2.2.2.2.1.2.3.2.2.2.1",0.577565188932363,FALSE,TRUE,33
"3.1.2.1.3.2.3.2.1.2.2.2.2.2.2.1.2.3.3.2.2.2",0.66553187166285,FALSE,TRUE,37
"2.2.2.1.3.2.3.2.1.2.2.2.2.2.2.1.2.3.3.2.2.2",0.608626679728416,FALSE,TRUE,39
"2.1.3.1.3.2.3.2.1.2.2.2.2.2.2.1.2.3.3.2.2.2",0.687850055705551,FALSE,TRUE,37
"2.1.2.2.3.2.3.2.1.2.2.2.2.2.2.1.2.3.3.2.2.2",0.694145965936641,FALSE,TRUE,39
"2.1.2.1.4.2.3.2.1.2.2.2.2.2.2.1.2.3.3.2.2.2",0.677567292418996,FALSE,TRUE,38
"2.1.2.1.3.3.3.2.1.2.2.2.2.2.2.1.2.3.3.2.2.2",0.784960933794207,FALSE,TRUE,38
"2.1.2.1.3.2.4.2.1.2.2.2.2.2.2.1.2.3.3.2.2.2",0.71860276186619,FALSE,TRUE,38
"2.1.2.1.3.2.3.3.1.2.2.2.2.2.2.1.2.3.3.2.2.2",0.652135702497428,FALSE,TRUE,38
"2.1.2.1.3.2.3.2.2.2.2.2.2.2.2.1.2.3.3.2.2.2",0.608209254046308,FALSE,TRUE,39
"2.1.2.1.3.2.3.2.1.3.2.2.2.2.2.1.2.3.3.2.2.2",0.66613190265121,FALSE,TRUE,38
"2.1.2.1.3.2.3.2.1.2.3.2.2.2.2.1.2.3.3.2.2.2",0.771211232264502,FALSE,TRUE,38
"2.1.2.1.3.2.3.2.1.2.2.3.2.2.2.1.2.3.3.2.2.2",0.63613432695396,FALSE,TRUE,38
"2.1.2.1.3.2.3.2.1.2.2.2.3.2.2.1.2.3.3.2.2.2",0.668222524191947,FALSE,TRUE,38
"2.1.2.1.3.2.3.2.1.2.2.2.2.3.2.1.2.3.3.2.2.2",0.702545201696878,FALSE,TRUE,38
"2.1.2.1.3.2.3.2.1.2.2.2.2.2.3.1.2.3.3.2.2.2",0.598397077973499,FALSE,TRUE,38
"2.1.2.1.3.2.3.2.1.2.2.2.2.2.2.1.3.3.3.2.2.2",0.710291271136653,FALSE,TRUE,38
"2.1.2.1.3.2.3.2.1.2.2.2.2.2.2.1.2.4.3.2.2.2",0.624475975297177,FALSE,TRUE,38
"2.1.2.1.3.2.3.2.1.2.2.2.2.2.2.1.2.3.4.2.2.2",0.689012475960951,FALSE,TRUE,39
"2.1.2.1.3.2.3.2.1.2.2.2.2.2.2.1.2.3.3.3.2.2",0.608247874218398,FALSE,TRUE,38
"2.1.2.1.3.2.3.2.1.2.2.2.2.2.2.1.2.3.3.2.3.2",0.650773752569058,FALSE,TRUE,38
"2.1.2.1.3.2.3.2.1.2.2.2.2.2.2.1.2.3.3.2.2.3",0.656807778668469,FALSE,TRUE,38
"1.1.2.1.3.2.3.2.1.2.2.2.2.2.2.1.2.3.3.2.2.2",0.62573783222163,FALSE,TRUE,37
"2.1.1.1.3.2.3.2.1.2.2.2.2.2.2.1.2.3.3.2.2.2",0.59092213028063,FALSE,TRUE,37
"2.1.2.1.2.2.3.2.1.2.2.2.2.2.2.1.2.3.3.2.2.2",0.620107293866669,FALSE,TRUE,38
"2.1.2.1.3.1.3.2.1.2.2.2.2.2.2.1.2.3.3.2.2.2",0.492736927780396,FALSE,TRUE,37
"2.1.2.1.3.2.2.2.1.2.2.2.2.2.2.1.2.3.3.2.2.2",0.605220252072541,FALSE,TRUE,37
"2.1.2.1.3.2.3.1.1.2.2.2.2.2.2.1.2.3.3.2.2.2",0.631219856080837,FALSE,TRUE,37
"2.1.2.1.3.2.3.2.1.1.2.2.2.2.2.1.2.3.3.2.2.2",0.640620772442366,FALSE,TRUE,37
"2.1.2.1.3.2.3.2.1.2.1.2.2.2.2.1.2.3.3.2.2.2",0.520506403971313,FALSE,TRUE,37
"2.1.2.1.3.2.3.2.1.2.2.1.2.2.2.1.2.3.3.2.2.2",0.678221239023858,FALSE,TRUE,37
"2.1.2.1.3.2.3.2.1.2.2.2.1.2.2.1.2.3.3.2.2.2",0.650776210958347,FALSE,TRUE,37
"2.1.2.1.3.2.3.2.1.2.2.2.2.1.2.1.2.3.3.2.2.2",0.587849751630764,FALSE,TRUE,37
"2.1.2.1.3.2.3.2.1.2.2.2.2.2.1.1.2.3.3.2.2.2",0.710708640247214,FALSE,TRUE,37
"2.1.2.1.3.2.3.2.1.2.2.2.2.2.2.1.1.3.3.2.2.2",0.591936067229884,FALSE,TRUE,37
"2.1.2.1.3.2.3.2.1.2.2.2.2.2.2.1.2.2.3.2.2.2",0.698584406883884,FALSE,TRUE,38
"2.1.2.1.3.2.3.2.1.2.2.2.2.2.2.1.2.3.3.1.2.2",0.680203871401465,FALSE,TRUE,37
"2.1.2.1.3.2.3.2.1.2.2.2.2.2.2.1.2.3.3.2.1.2",0.642040230731739,FALSE,TRUE,37
"2.1.2.1.3.2.3.2.1.2.2.2.2.2.2.1.2.3.3.2.2.1",0.646084503760356,FALSE,TRUE,36
"4.1.2.1.3.2.2.2.2.2.2.2.2.2.2.2.2.2.2.2.2.3",0.461048154558133,FALSE,TRUE,41
"3.2.2.1.3.2.2.2.2.2.2.2.2.2.2.2.2.2.2.2.2.3",0.426347766715086,FALSE,TRUE,41
"3.1.3.1.3.2.2.2.2.2.2.2.2.2.2.2.2.2.2.2.2.3",0.470196104306773,FALSE,TRUE,40
"3.1.2.2.3.2.2.2.2.2.2.2.2.2.2.2.2.2.2.2.2.3",0.507120741537843,FALSE,TRUE,41
"3.1.2.1.4.2.2.2.2.2.2.2.2.2.2.2.2.2.2.2.2.3",0.488019290156794,FALSE,TRUE,40
"3.1.2.1.3.3.2.2.2.2.2.2.2.2.2.2.2.2.2.2.2.3",0.55920192340969,FALSE,TRUE,38
"3.1.2.1.3.2.3.2.2.2.2.2.2.2.2.2.2.2.2.2.2.3",0.575553727358815,FALSE,TRUE,40
"3.1.2.1.3.2.2.3.2.2.2.2.2.2.2.2.2.2.2.2.2.3",0.427077303567741,FALSE,TRUE,40
"3.1.2.1.3.2.2.2.3.2.2.2.2.2.2.2.2.2.2.2.2.3",0.388319095329345,FALSE,TRUE,40
"3.1.2.1.3.2.2.2.2.3.2.2.2.2.2.2.2.2.2.2.2.3",0.449464786946537,FALSE,TRUE,40
"3.1.2.1.3.2.2.2.2.2.3.2.2.2.2.2.2.2.2.2.2.3",0.55105605768869,FALSE,TRUE,38
"3.1.2.1.3.2.2.2.2.2.2.3.2.2.2.2.2.2.2.2.2.3",0.429616726072872,FALSE,TRUE,40
"3.1.2.1.3.2.2.2.2.2.2.2.2.3.2.2.2.2.2.2.2.3",0.449002544598434,FALSE,TRUE,40
"3.1.2.1.3.2.2.2.2.2.2.2.2.2.3.2.2.2.2.2.2.3",0.428903304411634,FALSE,TRUE,40
"3.1.2.1.3.2.2.2.2.2.2.2.2.2.2.3.2.2.2.2.2.3",0.49918722657397,FALSE,TRUE,40
"3.1.2.1.3.2.2.2.2.2.2.2.2.2.2.2.3.2.2.2.2.3",0.516168714458352,FALSE,TRUE,40
"3.1.2.1.3.2.2.2.2.2.2.2.2.2.2.2.2.3.2.2.2.3",0.495446004821517,FALSE,TRUE,40
"3.1.2.1.3.2.2.2.2.2.2.2.2.2.2.2.2.2.3.2.2.3",0.544361710709332,FALSE,TRUE,40
"3.1.2.1.3.2.2.2.2.2.2.2.2.2.2.2.2.2.2.3.2.3",0.437018355323986,FALSE,TRUE,40
"3.1.2.1.3.2.2.2.2.2.2.2.2.2.2.2.2.2.2.2.3.3",0.464719182792854,FALSE,TRUE,40
"3.1.2.1.3.2.2.2.2.2.2.2.2.2.2.2.2.2.2.2.2.4",0.462837422542135,FALSE,TRUE,40
"3.1.1.1.3.2.2.2.2.2.2.2.2.2.2.2.2.2.2.2.2.3",0.471488243879906,FALSE,TRUE,39
"3.1.2.1.2.2.2.2.2.2.2.2.2.2.2.2.2.2.2.2.2.3",0.479921161729621,FALSE,TRUE,39
"3.1.2.1.3.1.2.2.2.2.2.2.2.2.2.2.2.2.2.2.2.3",0.387268459866878,FALSE,TRUE,39
"3.1.2.1.3.2.1.2.2.2.2.2.2.2.2.2.2.2.2.2.2.3",0.424857933153828,FALSE,TRUE,38
"3.1.2.1.3.2.2.1.2.2.2.2.2.2.2.2.2.2.2.2.2.3",0.532564896552809,FALSE,TRUE,39
"3.1.2.1.3.2.2.2.1.2.2.2.2.2.2.2.2.2.2.2.2.3",0.581253021894655,FALSE,TRUE,38
"3.1.2.1.3.2.2.2.2.1.2.2.2.2.2.2.2.2.2.2.2.3",0.5312835349204,FALSE,TRUE,39
"3.1.2.1.3.2.2.2.2.2.1.2.2.2.2.2.2.2.2.2.2.3",0.407488725932534,FALSE,TRUE,39
"3.1.2.1.3.2.2.2.2.2.2.1.2.2.2.2.2.2.2.2.2.3",0.562260846728991,FALSE,TRUE,38
"3.1.2.1.3.2.2.2.2.2.2.2.1.2.2.2.2.2.2.2.2.3",0.490076670663556,FALSE,TRUE,39
"3.1.2.1.3.2.2.2.2.2.2.2.2.1.2.2.2.2.2.2.2.3",0.512112834475966,FALSE,TRUE,39
"3.1.2.1.3.2.2.2.2.2.2.2.2.2.1.2.2.2.2.2.2.3",0.566532173889898,FALSE,TRUE,39
"3.1.2.1.3.2.2.2.2.2.2.2.2.2.2.1.2.2.2.2.2.3",0.488241998335077,FALSE,TRUE,39
"3.1.2.1.3.2.2.2.2.2.2.2.2.2.2.2.1.2.2.2.2.3",0.46255222092614,FALSE,TRUE,39
"3.1.2.1.3.2.2.2.2.2.2.2.2.2.2.2.2.1.2.2.2.3",0.500637815015962,FALSE,TRUE,39
"3.1.2.1.3.2.2.2.2.2.2.2.2.2.2.2.2.2.1.2.2.3",0.425594525718831,FALSE,TRUE,39
"3.1.2.1.3.2.2.2.2.2.2.2.2.2.2.2.2.2.2.1.2.3",0.535475643628164,FALSE,TRUE,39
"3.1.2.1.3.2.2.2.2.2.2.2.2.2.2.2.2.2.2.2.1.3",0.498635459323788,FALSE,TRUE,39
"3.1.3.1.3.2.3.2.1.2.2.2.2.2.2.2.2.3.2.2.2.2",0.614289468439473,FALSE,TRUE,36
"2.2.3.1.3.2.3.2.1.2.2.2.2.2.2.2.2.3.2.2.2.2",0.608138650326634,FALSE,TRUE,39
"2.1.4.1.3.2.3.2.1.2.2.2.2.2.2.2.2.3.2.2.2.2",0.622042258189968,FALSE,TRUE,39
"2.1.3.1.4.2.3.2.1.2.2.2.2.2.2.2.2.3.2.2.2.2",0.664541581999837,FALSE,TRUE,38
"2.1.3.1.3.3.3.2.1.2.2.2.2.2.2.2.2.3.2.2.2.2",0.723953614956923,FALSE,TRUE,38
"2.1.3.1.3.2.4.2.1.2.2.2.2.2.2.2.2.3.2.2.2.2",0.712460494956897,FALSE,TRUE,38
"2.1.3.1.3.2.3.3.1.2.2.2.2.2.2.2.2.3.2.2.2.2",0.630374984711329,FALSE,TRUE,38
"2.1.3.1.3.2.3.2.2.2.2.2.2.2.2.2.2.3.2.2.2.2",0.598728533538612,FALSE,TRUE,39
"2.1.3.1.3.2.3.2.1.3.2.2.2.2.2.2.2.3.2.2.2.2",0.65041736743809,FALSE,TRUE,38
"2.1.3.1.3.2.3.2.1.2.3.2.2.2.2.2.2.3.2.2.2.2",0.699820292059741,FALSE,TRUE,38
"2.1.3.1.3.2.3.2.1.2.2.3.2.2.2.2.2.3.2.2.2.2",0.598218528776636,FALSE,TRUE,38
"2.1.3.1.3.2.3.2.1.2.2.2.3.2.2.2.2.3.2.2.2.2",0.659012665411099,FALSE,TRUE,38
"2.1.3.1.3.2.3.2.1.2.2.2.2.3.2.2.2.3.2.2.2.2",0.623118769634402,FALSE,TRUE,37
"2.1.3.1.3.2.3.2.1.2.2.2.2.2.3.2.2.3.2.2.2.2",0.59419584554383,FALSE,TRUE,38
"2.1.3.1.3.2.3.2.1.2.2.2.2.2.2.3.2.3.2.2.2.2",0.670377617882633,FALSE,TRUE,38
"2.1.3.1.3.2.3.2.1.2.2.2.2.2.2.2.3.3.2.2.2.2",0.694389685167132,FALSE,TRUE,38
"2.1.3.1.3.2.3.2.1.2.2.2.2.2.2.2.2.4.2.2.2.2",0.641168891198813,FALSE,TRUE,36
"2.1.3.1.3.2.3.2.1.2.2.2.2.2.2.2.2.3.3.2.2.2",0.736261745200021,FALSE,TRUE,37
"2.1.3.1.3.2.3.2.1.2.2.2.2.2.2.2.2.3.2.3.2.2",0.634990338666328,FALSE,TRUE,38
"2.1.3.1.3.2.3.2.1.2.2.2.2.2.2.2.2.3.2.2.3.2",0.633688680850022,FALSE,TRUE,38
"2.1.3.1.3.2.3.2.1.2.2.2.2.2.2.2.2.3.2.2.2.3",0.649635098871544,FALSE,TRUE,38
"1.1.3.1.3.2.3.2.1.2.2.2.2.2.2.2.2.3.2.2.2.2",0.67129231297761,FALSE,TRUE,37
"2.1.3.1.2.2.3.2.1.2.2.2.2.2.2.2.2.3.2.2.2.2",0.62234546986692,FALSE,TRUE,38
"2.1.3.1.3.1.3.2.1.2.2.2.2.2.2.2.2.3.2.2.2.2",0.538739828421854,FALSE,TRUE,37
"2.1.3.1.3.2.3.1.1.2.2.2.2.2.2.2.2.3.2.2.2.2",0.651323315919669,FALSE,TRUE,37
"2.1.3.1.3.2.3.2.1.1.2.2.2.2.2.2.2.3.2.2.2.2",0.655946509075904,FALSE,TRUE,37
"2.1.3.1.3.2.3.2.1.2.1.2.2.2.2.2.2.3.2.2.2.2",0.576398561706965,FALSE,TRUE,36
"2.1.3.1.3.2.3.2.1.2.2.1.2.2.2.2.2.3.2.2.2.2",0.710761775521332,FALSE,TRUE,36
"2.1.3.1.3.2.3.2.1.2.2.2.1.2.2.2.2.3.2.2.2.2",0.654544958846641,FALSE,TRUE,36
"2.1.3.1.3.2.3.2.1.2.2.2.2.1.2.2.2.3.2.2.2.2",0.647295972636659,FALSE,TRUE,37
"2.1.3.1.3.2.3.2.1.2.2.2.2.2.1.2.2.3.2.2.2.2",0.716540284699369,FALSE,TRUE,37
"2.1.3.1.3.2.3.2.1.2.2.2.2.2.2.2.1.3.2.2.2.2",0.60591233490082,FALSE,TRUE,36
"2.1.3.1.3.2.3.2.1.2.2.2.2.2.2.2.2.2.2.2.2.2",0.679719167007917,FALSE,TRUE,37
"2.1.3.1.3.2.3.2.1.2.2.2.2.2.2.2.2.3.1.2.2.2",0.565254629816141,FALSE,TRUE,37
"2.1.3.1.3.2.3.2.1.2.2.2.2.2.2.2.2.3.2.1.2.2",0.656179043728967,FALSE,TRUE,37
"2.1.3.1.3.2.3.2.1.2.2.2.2.2.2.2.2.3.2.2.1.2",0.650722727969638,FALSE,TRUE,37
"2.1.3.1.3.2.3.2.1.2.2.2.2.2.2.2.2.3.2.2.2.1",0.650643178595795,FALSE,TRUE,35
"2.2.2.1.3.2.3.2.1.2.2.2.2.2.2.2.2.3.2.2.2.1",0.565819368184897,FALSE,TRUE,37
"2.1.2.2.3.2.3.2.1.2.2.2.2.2.2.2.2.3.2.2.2.1",0.611730037205225,FALSE,TRUE,36
"2.1.2.1.4.2.3.2.1.2.2.2.2.2.2.2.2.3.2.2.2.1",0.629617451823243,FALSE,TRUE,36
"2.1.2.1.3.3.3.2.1.2.2.2.2.2.2.2.2.3.2.2.2.1",0.718602174832248,FALSE,TRUE,36
"2.1.2.1.3.2.4.2.1.2.2.2.2.2.2.2.2.3.2.2.2.1",0.65972644118626,FALSE,TRUE,36
"2.1.2.1.3.2.3.3.1.2.2.2.2.2.2.2.2.3.2.2.2.1",0.640056761718059,FALSE,TRUE,36
"2.1.2.1.3.2.3.2.2.2.2.2.2.2.2.2.2.3.2.2.2.1",0.569803080189914,FALSE,TRUE,37
"2.1.2.1.3.2.3.2.1.3.2.2.2.2.2.2.2.3.2.2.2.1",0.621657397836346,FALSE,TRUE,36
"2.1.2.1.3.2.3.2.1.2.3.2.2.2.2.2.2.3.2.2.2.1",0.676832412828387,FALSE,TRUE,36
"2.1.2.1.3.2.3.2.1.2.2.3.2.2.2.2.2.3.2.2.2.1",0.566901138161845,FALSE,TRUE,37
"2.1.2.1.3.2.3.2.1.2.2.2.3.2.2.2.2.3.2.2.2.1",0.62757186626459,FALSE,TRUE,36
"2.1.2.1.3.2.3.2.1.2.2.2.2.3.2.2.2.3.2.2.2.1",0.604409821689014,FALSE,TRUE,36
"2.1.2.1.3.2.3.2.1.2.2.2.2.2.3.2.2.3.2.2.2.1",0.534215522980428,FALSE,TRUE,36
"2.1.2.1.3.2.3.2.1.2.2.2.2.2.2.3.2.3.2.2.2.1",0.625933271686498,FALSE,TRUE,36
"2.1.2.1.3.2.3.2.1.2.2.2.2.2.2.2.3.3.2.2.2.1",0.629225555504717,FALSE,TRUE,36
"2.1.2.1.3.2.3.2.1.2.2.2.2.2.2.2.2.4.2.2.2.1",0.589019152990536,FALSE,TRUE,36
"2.1.2.1.3.2.3.2.1.2.2.2.2.2.2.2.2.3.3.2.2.1",0.700980643977674,FALSE,TRUE,35
"2.1.2.1.3.2.3.2.1.2.2.2.2.2.2.2.2.3.2.3.2.1",0.574767332684561,FALSE,TRUE,36
"2.1.2.1.3.2.3.2.1.2.2.2.2.2.2.2.2.3.2.2.3.1",0.60134607694328,FALSE,TRUE,36
"1.1.2.1.3.2.3.2.1.2.2.2.2.2.2.2.2.3.2.2.2.1",0.586891245597389,FALSE,TRUE,36
"2.1.1.1.3.2.3.2.1.2.2.2.2.2.2.2.2.3.2.2.2.1",0.532592727903391,FALSE,TRUE,35
"2.1.2.1.2.2.3.2.1.2.2.2.2.2.2.2.2.3.2.2.2.1",0.566197910748584,FALSE,TRUE,36
"2.1.2.1.3.1.3.2.1.2.2.2.2.2.2.2.2.3.2.2.2.1",0.446994428441296,FALSE,TRUE,35
"2.1.2.1.3.2.3.1.1.2.2.2.2.2.2.2.2.3.2.2.2.1",0.549849210127996,FALSE,TRUE,35
"2.1.2.1.3.2.3.2.1.1.2.2.2.2.2.2.2.3.2.2.2.1",0.583033870457529,FALSE,TRUE,35
"2.1.2.1.3.2.3.2.1.2.1.2.2.2.2.2.2.3.2.2.2.1",0.496896698218045,FALSE,TRUE,35
"2.1.2.1.3.2.3.2.1.2.2.2.1.2.2.2.2.3.2.2.2.1",0.586842132990045,FALSE,TRUE,34
"2.1.2.1.3.2.3.2.1.2.2.2.2.1.2.2.2.3.2.2.2.1",0.568012900076849,FALSE,TRUE,35
"2.1.2.1.3.2.3.2.1.2.2.2.2.2.1.2.2.3.2.2.2.1",0.672080216669897,FALSE,TRUE,35
"2.1.2.1.3.2.3.2.1.2.2.2.2.2.2.2.1.3.2.2.2.1",0.566495179110225,FALSE,TRUE,35
"2.1.2.1.3.2.3.2.1.2.2.2.2.2.2.2.2.2.2.2.2.1",0.629375542709355,FALSE,TRUE,35
"2.1.2.1.3.2.3.2.1.2.2.2.2.2.2.2.2.3.1.2.2.1",0.500205716308301,FALSE,TRUE,35
"2.1.2.1.3.2.3.2.1.2.2.2.2.2.2.2.2.3.2.1.2.1",0.613023055146265,FALSE,TRUE,35
"2.1.2.1.3.2.3.2.1.2.2.2.2.2.2.2.2.3.2.2.1.1",0.59047046591221,FALSE,TRUE,35
"3.1.2.1.3.2.3.2.1.2.2.2.1.2.2.1.2.3.2.2.2.2",0.583333541551931,FALSE,TRUE,36
"2.2.2.1.3.2.3.2.1.2.2.2.1.2.2.1.2.3.2.2.2.2",0.534939777613946,FALSE,TRUE,38
"2.1.3.1.3.2.3.2.1.2.2.2.1.2.2.1.2.3.2.2.2.2",0.621824219868443,FALSE,TRUE,36
"2.1.2.2.3.2.3.2.1.2.2.2.1.2.2.1.2.3.2.2.2.2",0.614238259718758,FALSE,TRUE,38
"2.1.2.1.4.2.3.2.1.2.2.2.1.2.2.1.2.3.2.2.2.2",0.601200561961583,FALSE,TRUE,37
"2.1.2.1.3.3.3.2.1.2.2.2.1.2.2.1.2.3.2.2.2.2",0.714921804736007,FALSE,TRUE,37
"2.1.2.1.3.2.4.2.1.2.2.2.1.2.2.1.2.3.2.2.2.2",0.632915831091459,FALSE,TRUE,37
"2.1.2.1.3.2.3.3.1.2.2.2.1.2.2.1.2.3.2.2.2.2",0.59205963741828,FALSE,TRUE,37
"2.1.2.1.3.2.3.2.2.2.2.2.1.2.2.1.2.3.2.2.2.2",0.539335862993468,FALSE,TRUE,38
"2.1.2.1.3.2.3.2.1.3.2.2.1.2.2.1.2.3.2.2.2.2",0.598099391466454,FALSE,TRUE,37
"2.1.2.1.3.2.3.2.1.2.3.2.1.2.2.1.2.3.2.2.2.2",0.686652508832357,FALSE,TRUE,37
"2.1.2.1.3.2.3.2.1.2.2.3.1.2.2.1.2.3.2.2.2.2",0.543757931484013,FALSE,TRUE,37
"2.1.2.1.3.2.3.2.1.2.2.2.1.3.2.1.2.3.2.2.2.2",0.600499530881034,FALSE,TRUE,37
"2.1.2.1.3.2.3.2.1.2.2.2.1.2.3.1.2.3.2.2.2.2",0.50276285885166,FALSE,TRUE,37
"2.1.2.1.3.2.3.2.1.2.2.2.1.2.2.1.3.3.2.2.2.2",0.623521097784547,FALSE,TRUE,37
"2.1.2.1.3.2.3.2.1.2.2.2.1.2.2.1.2.4.2.2.2.2",0.555458291522863,FALSE,TRUE,37
"2.1.2.1.3.2.3.2.1.2.2.2.1.2.2.1.2.3.2.3.2.2",0.531774674638828,FALSE,TRUE,37
"2.1.2.1.3.2.3.2.1.2.2.2.1.2.2.1.2.3.2.2.3.2",0.566702035179551,FALSE,TRUE,37
"2.1.2.1.3.2.3.2.1.2.2.2.1.2.2.1.2.3.2.2.2.3",0.60210963887254,FALSE,TRUE,37
"1.1.2.1.3.2.3.2.1.2.2.2.1.2.2.1.2.3.2.2.2.2",0.552112260918507,FALSE,TRUE,36
"2.1.1.1.3.2.3.2.1.2.2.2.1.2.2.1.2.3.2.2.2.2",0.502593392876962,FALSE,TRUE,36
"2.1.2.1.2.2.3.2.1.2.2.2.1.2.2.1.2.3.2.2.2.2",0.540817311475376,FALSE,TRUE,37
"2.1.2.1.3.1.3.2.1.2.2.2.1.2.2.1.2.3.2.2.2.2",0.400244318233372,FALSE,TRUE,36
"2.1.2.1.3.2.2.2.1.2.2.2.1.2.2.1.2.3.2.2.2.2",0.531345707677367,FALSE,TRUE,36
"2.1.2.1.3.2.3.1.1.2.2.2.1.2.2.1.2.3.2.2.2.2",0.538969534972512,FALSE,TRUE,36
"2.1.2.1.3.2.3.2.1.1.2.2.1.2.2.1.2.3.2.2.2.2",0.55106635114301,FALSE,TRUE,36
"2.1.2.1.3.2.3.2.1.2.1.2.1.2.2.1.2.3.2.2.2.2",0.443234039759544,FALSE,TRUE,36
"2.1.2.1.3.2.3.2.1.2.2.1.1.2.2.1.2.3.2.2.2.2",0.609280382189594,FALSE,TRUE,36
"2.1.2.1.3.2.3.2.1.2.2.2.1.1.2.1.2.3.2.2.2.2",0.52595624320679,FALSE,TRUE,36
"2.1.2.1.3.2.3.2.1.2.2.2.1.2.1.1.2.3.2.2.2.2",0.652778102717521,FALSE,TRUE,36
"2.1.2.1.3.2.3.2.1.2.2.2.1.2.2.1.1.3.2.2.2.2",0.523148477811049,FALSE,TRUE,36
"2.1.2.1.3.2.3.2.1.2.2.2.1.2.2.1.2.2.2.2.2.2",0.608168319229094,FALSE,TRUE,37
"2.1.2.1.3.2.3.2.1.2.2.2.1.2.2.1.2.3.1.2.2.2",0.501947731807031,FALSE,TRUE,36
"2.1.2.1.3.2.3.2.1.2.2.2.1.2.2.1.2.3.2.1.2.2",0.602572746859596,FALSE,TRUE,36
"2.1.2.1.3.2.3.2.1.2.2.2.1.2.2.1.2.3.2.2.1.2",0.568154587294879,FALSE,TRUE,36
"2.1.2.1.3.2.3.2.1.2.2.2.1.2.2.1.2.3.2.2.2.1",0.545430838223362,FALSE,TRUE,35
"3.1.2.1.3.2.1.2.2.2.2.2.2.2.2.2.2.2.2.2.2.2",0.433670144874305,FALSE,TRUE,38
"2.2.2.1.3.2.1.2.2.2.2.2.2.2.2.2.2.2.2.2.2.2",0.365369591127858,FALSE,TRUE,39
"2.1.3.1.3.2.1.2.2.2.2.2.2.2.2.2.2.2.2.2.2.2",0.456914891654532,FALSE,TRUE,39
"2.1.2.2.3.2.1.2.2.2.2.2.2.2.2.2.2.2.2.2.2.2",0.450557335831396,FALSE,TRUE,39
"2.1.2.1.4.2.1.2.2.2.2.2.2.2.2.2.2.2.2.2.2.2",0.420038681398017,FALSE,TRUE,39
"2.1.2.1.3.3.1.2.2.2.2.2.2.2.2.2.2.2.2.2.2.2",0.504717104713588,FALSE,TRUE,38
"2.1.2.1.3.2.1.3.2.2.2.2.2.2.2.2.2.2.2.2.2.2",0.393707769531834,FALSE,TRUE,39
"2.1.2.1.3.2.1.2.3.2.2.2.2.2.2.2.2.2.2.2.2.2",0.324661359154703,FALSE,TRUE,39
"2.1.2.1.3.2.1.2.2.3.2.2.2.2.2.2.2.2.2.2.2.2",0.389343164508077,FALSE,TRUE,39
"2.1.2.1.3.2.1.2.2.2.3.2.2.2.2.2.2.2.2.2.2.2",0.494126845255744,FALSE,TRUE,39
"2.1.2.1.3.2.1.2.2.2.2.3.2.2.2.2.2.2.2.2.2.2",0.379905242496144,FALSE,TRUE,39
"2.1.2.1.3.2.1.2.2.2.2.2.3.2.2.2.2.2.2.2.2.2",0.445872848754062,FALSE,TRUE,38
"2.1.2.1.3.2.1.2.2.2.2.2.2.3.2.2.2.2.2.2.2.2",0.406471953942974,FALSE,TRUE,39
"2.1.2.1.3.2.1.2.2.2.2.2.2.2.3.2.2.2.2.2.2.2",0.363217894892358,FALSE,TRUE,39
"2.1.2.1.3.2.1.2.2.2.2.2.2.2.2.3.2.2.2.2.2.2",0.437485710097725,FALSE,TRUE,39
"2.1.2.1.3.2.1.2.2.2.2.2.2.2.2.2.3.2.2.2.2.2",0.430544637274916,FALSE,TRUE,39
"2.1.2.1.3.2.1.2.2.2.2.2.2.2.2.2.2.3.2.2.2.2",0.444444914774311,FALSE,TRUE,38
"2.1.2.1.3.2.1.2.2.2.2.2.2.2.2.2.2.2.3.2.2.2",0.485417929335853,FALSE,TRUE,39
"2.1.2.1.3.2.1.2.2.2.2.2.2.2.2.2.2.2.2.3.2.2",0.372178768305202,FALSE,TRUE,39
"2.1.2.1.3.2.1.2.2.2.2.2.2.2.2.2.2.2.2.2.3.2",0.400617796566781,FALSE,TRUE,38
"1.1.2.1.3.2.1.2.2.2.2.2.2.2.2.2.2.2.2.2.2.2",0.415701319782417,FALSE,TRUE,38
"2.1.1.1.3.2.1.2.2.2.2.2.2.2.2.2.2.2.2.2.2.2",0.37560710192171,FALSE,TRUE,38
"2.1.2.1.3.1.1.2.2.2.2.2.2.2.2.2.2.2.2.2.2.2",0.318071347563472,FALSE,TRUE,38
"2.1.2.1.3.2.1.1.2.2.2.2.2.2.2.2.2.2.2.2.2.2",0.441740916074212,FALSE,TRUE,38
"2.1.2.1.3.2.1.2.2.1.2.2.2.2.2.2.2.2.2.2.2.2",0.462532715842149,FALSE,TRUE,38
"2.1.2.1.3.2.1.2.2.2.1.2.2.2.2.2.2.2.2.2.2.2",0.345293957517692,FALSE,TRUE,38
"2.1.2.1.3.2.1.2.2.2.2.1.2.2.2.2.2.2.2.2.2.2",0.490034307562784,FALSE,TRUE,38
"2.1.2.1.3.2.1.2.2.2.2.2.1.2.2.2.2.2.2.2.2.2",0.415898760738645,FALSE,TRUE,38
"2.1.2.1.3.2.1.2.2.2.2.2.2.1.2.2.2.2.2.2.2.2",0.43013191986643,FALSE,TRUE,38
"2.1.2.1.3.2.1.2.2.2.2.2.2.2.1.2.2.2.2.2.2.2",0.509201118055577,FALSE,TRUE,38
"2.1.2.1.3.2.1.2.2.2.2.2.2.2.2.1.2.2.2.2.2.2",0.421929342749554,FALSE,TRUE,38
"2.1.2.1.3.2.1.2.2.2.2.2.2.2.2.2.1.2.2.2.2.2",0.425411367359829,FALSE,TRUE,38
"2.1.2.1.3.2.1.2.2.2.2.2.2.2.2.2.2.1.2.2.2.2",0.426866909328172,FALSE,TRUE,38
"2.1.2.1.3.2.1.2.2.2.2.2.2.2.2.2.2.2.1.2.2.2",0.370532334898559,FALSE,TRUE,38
"2.1.2.1.3.2.1.2.2.2.2.2.2.2.2.2.2.2.2.1.2.2",0.4715926975978,FALSE,TRUE,38
"2.1.2.1.3.2.1.2.2.2.2.2.2.2.2.2.2.2.2.2.1.2",0.449497212159435,FALSE,TRUE,38
"2.1.2.1.3.2.1.2.2.2.2.2.2.2.2.2.2.2.2.2.2.1",0.420345240371944,FALSE,TRUE,38
"4.1.2.1.3.2.3.2.1.2.2.2.2.2.2.2.2.3.2.2.2.2",0.567047247891801,FALSE,TRUE,38
"3.2.2.1.3.2.3.2.1.2.2.2.2.2.2.2.2.3.2.2.2.2",0.575459459501632,FALSE,TRUE,38
"3.1.2.2.3.2.3.2.1.2.2.2.2.2.2.2.2.3.2.2.2.2",0.618320590629363,FALSE,TRUE,37
"3.1.2.1.4.2.3.2.1.2.2.2.2.2.2.2.2.3.2.2.2.2",0.648053346603421,FALSE,TRUE,37
"3.1.2.1.3.3.3.2.1.2.2.2.2.2.2.2.2.3.2.2.2.2",0.720813791626866,FALSE,TRUE,37
"3.1.2.1.3.2.4.2.1.2.2.2.2.2.2.2.2.3.2.2.2.2",0.673483260653319,FALSE,TRUE,37
"3.1.2.1.3.2.3.3.1.2.2.2.2.2.2.2.2.3.2.2.2.2",0.605968172166457,FALSE,TRUE,37
"3.1.2.1.3.2.3.2.2.2.2.2.2.2.2.2.2.3.2.2.2.2",0.577244679952199,FALSE,TRUE,38
"3.1.2.1.3.2.3.2.1.3.2.2.2.2.2.2.2.3.2.2.2.2",0.616636033102743,FALSE,TRUE,37
"3.1.2.1.3.2.3.2.1.2.3.2.2.2.2.2.2.3.2.2.2.2",0.677552420246572,FALSE,TRUE,37
"3.1.2.1.3.2.3.2.1.2.2.3.2.2.2.2.2.3.2.2.2.2",0.570650984314227,FALSE,TRUE,37
"3.1.2.1.3.2.3.2.1.2.2.2.3.2.2.2.2.3.2.2.2.2",0.636088622168228,FALSE,TRUE,37
"3.1.2.1.3.2.3.2.1.2.2.2.2.3.2.2.2.3.2.2.2.2",0.586515899194116,FALSE,TRUE,37
"3.1.2.1.3.2.3.2.1.2.2.2.2.2.3.2.2.3.2.2.2.2",0.543720918926725,FALSE,TRUE,37
"3.1.2.1.3.2.3.2.1.2.2.2.2.2.2.3.2.3.2.2.2.2",0.624673472500327,FALSE,TRUE,37
"3.1.2.1.3.2.3.2.1.2.2.2.2.2.2.2.3.3.2.2.2.2",0.655786263714664,FALSE,TRUE,38
"3.1.2.1.3.2.3.2.1.2.2.2.2.2.2.2.2.4.2.2.2.2",0.602069412684124,FALSE,TRUE,37
"3.1.2.1.3.2.3.2.1.2.2.2.2.2.2.2.2.3.3.2.2.2",0.698264052677346,FALSE,TRUE,36
"3.1.2.1.3.2.3.2.1.2.2.2.2.2.2.2.2.3.2.3.2.2",0.590720612691863,FALSE,TRUE,37
"3.1.2.1.3.2.3.2.1.2.2.2.2.2.2.2.2.3.2.2.3.2",0.61576203352006,FALSE,TRUE,37
"3.1.2.1.3.2.3.2.1.2.2.2.2.2.2.2.2.3.2.2.2.3",0.626356938580475,FALSE,TRUE,38
"3.1.1.1.3.2.3.2.1.2.2.2.2.2.2.2.2.3.2.2.2.2",0.58236497647953,FALSE,TRUE,36
"3.1.2.1.2.2.3.2.1.2.2.2.2.2.2.2.2.3.2.2.2.2",0.56638183698604,FALSE,TRUE,37
"3.1.2.1.3.1.3.2.1.2.2.2.2.2.2.2.2.3.2.2.2.2",0.474715016605733,FALSE,TRUE,36
"3.1.2.1.3.2.3.1.1.2.2.2.2.2.2.2.2.3.2.2.2.2",0.608171334246756,FALSE,TRUE,36
"3.1.2.1.3.2.3.2.1.1.2.2.2.2.2.2.2.3.2.2.2.2",0.617718625494701,FALSE,TRUE,36
"3.1.2.1.3.2.3.2.1.2.1.2.2.2.2.2.2.3.2.2.2.2",0.524540195980279,FALSE,TRUE,36
"3.1.2.1.3.2.3.2.1.2.2.1.2.2.2.2.2.3.2.2.2.2",0.66563130545751,FALSE,TRUE,36
"3.1.2.1.3.2.3.2.1.2.2.2.1.2.2.2.2.3.2.2.2.2",0.603551118493031,FALSE,TRUE,35
"3.1.2.1.3.2.3.2.1.2.2.2.2.1.2.2.2.3.2.2.2.2",0.616068030665275,FALSE,TRUE,36
"3.1.2.1.3.2.3.2.1.2.2.2.2.2.1.2.2.3.2.2.2.2",0.690165776045883,FALSE,TRUE,36
"3.1.2.1.3.2.3.2.1.2.2.2.2.2.2.2.2.2.2.2.2.2",0.644318801771438,FALSE,TRUE,36
"3.1.2.1.3.2.3.2.1.2.2.2.2.2.2.2.2.3.1.2.2.2",0.525973945466092,FALSE,TRUE,36
"3.1.2.1.3.2.3.2.1.2.2.2.2.2.2.2.2.3.2.1.2.2",0.631245280721452,FALSE,TRUE,36
"3.1.2.1.3.2.3.2.1.2.2.2.2.2.2.2.2.3.2.2.1.2",0.597293472910055,FALSE,TRUE,36
"3.1.3.2.3.2.3.2.1.2.2.2.2.2.2.2.2.3.2.2.2.2",0.59605021588036,FALSE,TRUE,35
"2.2.3.2.3.2.3.2.1.2.2.2.2.2.2.2.2.3.2.2.2.2",0.591239753057203,FALSE,TRUE,37
"2.1.4.2.3.2.3.2.1.2.2.2.2.2.2.2.2.3.2.2.2.2",0.607401300141701,FALSE,TRUE,36
"2.1.3.3.3.2.3.2.1.2.2.2.2.2.2.2.2.3.2.2.2.2",0.601276751037164,FALSE,TRUE,37
"2.1.3.2.4.2.3.2.1.2.2.2.2.2.2.2.2.3.2.2.2.2",0.645465563762014,FALSE,TRUE,36
"2.1.3.2.3.3.3.2.1.2.2.2.2.2.2.2.2.3.2.2.2.2",0.694221223543882,FALSE,TRUE,36
"2.1.3.2.3.2.4.2.1.2.2.2.2.2.2.2.2.3.2.2.2.2",0.696070263279047,FALSE,TRUE,36
"2.1.3.2.3.2.3.2.2.2.2.2.2.2.2.2.2.3.2.2.2.2",0.579480417892199,FALSE,TRUE,37
"2.1.3.2.3.2.3.2.1.3.2.2.2.2.2.2.2.3.2.2.2.2",0.63084226160626,FALSE,TRUE,36
"2.1.3.2.3.2.3.2.1.2.3.2.2.2.2.2.2.3.2.2.2.2",0.653428278939662,FALSE,TRUE,36
"2.1.3.2.3.2.3.2.1.2.2.3.2.2.2.2.2.3.2.2.2.2",0.584813076975334,FALSE,TRUE,37
"2.1.3.2.3.2.3.2.1.2.2.2.3.2.2.2.2.3.2.2.2.2",0.623548882049458,FALSE,TRUE,36
"2.1.3.2.3.2.3.2.1.2.2.2.2.3.2.2.2.3.2.2.2.2",0.600304072900827,FALSE,TRUE,35
"2.1.3.2.3.2.3.2.1.2.2.2.2.2.3.2.2.3.2.2.2.2",0.590553532355566,FALSE,TRUE,36
"2.1.3.2.3.2.3.2.1.2.2.2.2.2.2.3.2.3.2.2.2.2",0.642389927577896,FALSE,TRUE,36
"2.1.3.2.3.2.3.2.1.2.2.2.2.2.2.2.3.3.2.2.2.2",0.666599716617592,FALSE,TRUE,36
"2.1.3.2.3.2.3.2.1.2.2.2.2.2.2.2.2.3.3.2.2.2",0.743082208870552,FALSE,TRUE,36
"2.1.3.2.3.2.3.2.1.2.2.2.2.2.2.2.2.3.2.3.2.2",0.636985443673584,FALSE,TRUE,36
"2.1.3.2.3.2.3.2.1.2.2.2.2.2.2.2.2.3.2.2.3.2",0.626944325687885,FALSE,TRUE,36
"2.1.3.2.3.2.3.2.1.2.2.2.2.2.2.2.2.3.2.2.2.3",0.634319523172973,FALSE,TRUE,36
"1.1.3.2.3.2.3.2.1.2.2.2.2.2.2.2.2.3.2.2.2.2",0.66369765625824,FALSE,TRUE,35
"2.1.3.2.2.2.3.2.1.2.2.2.2.2.2.2.2.3.2.2.2.2",0.611657950748986,FALSE,TRUE,36
"2.1.3.2.3.1.3.2.1.2.2.2.2.2.2.2.2.3.2.2.2.2",0.542765418429883,FALSE,TRUE,35
"2.1.3.2.3.2.2.2.1.2.2.2.2.2.2.2.2.3.2.2.2.2",0.594312559065383,FALSE,TRUE,35
"2.1.3.2.3.2.3.1.1.2.2.2.2.2.2.2.2.3.2.2.2.2",0.627259203979369,FALSE,TRUE,36
"2.1.3.2.3.2.3.2.1.2.1.2.2.2.2.2.2.3.2.2.2.2",0.590880417803921,FALSE,TRUE,34
"2.1.3.2.3.2.3.2.1.2.2.2.1.2.2.2.2.3.2.2.2.2",0.660518107685904,FALSE,TRUE,35
"2.1.3.2.3.2.3.2.1.2.2.2.2.1.2.2.2.3.2.2.2.2",0.642585306241179,FALSE,TRUE,35
"2.1.3.2.3.2.3.2.1.2.2.2.2.2.1.2.2.3.2.2.2.2",0.688491782207798,FALSE,TRUE,35
"2.1.3.2.3.2.3.2.1.2.2.2.2.2.2.1.2.3.2.2.2.2",0.634565350009881,FALSE,TRUE,34
"2.1.3.2.3.2.3.2.1.2.2.2.2.2.2.2.1.3.2.2.2.2",0.604068141289174,FALSE,TRUE,35
"2.1.3.2.3.2.3.2.1.2.2.2.2.2.2.2.2.2.2.2.2.2",0.671592376127701,FALSE,TRUE,37
"2.1.3.2.3.2.3.2.1.2.2.2.2.2.2.2.2.3.1.2.2.2",0.531122029136259,FALSE,TRUE,35
"2.1.3.2.3.2.3.2.1.2.2.2.2.2.2.2.2.3.2.1.2.2",0.632277418148202,FALSE,TRUE,35
"2.1.3.2.3.2.3.2.1.2.2.2.2.2.2.2.2.3.2.2.1.2",0.630053097164892,FALSE,TRUE,35
"2.1.3.2.3.2.3.2.1.2.2.2.2.2.2.2.2.3.2.2.2.1",0.641320622656297,FALSE,TRUE,34
"3.2.3.2.2.2.2.2.2.2.2.2.2.2.2.2.2.2.2.2.2.1",0.424493029353442,FALSE,TRUE,40
"2.3.3.2.2.2.2.2.2.2.2.2.2.2.2.2.2.2.2.2.2.1",0.391829608890104,FALSE,TRUE,39
"2.2.4.2.2.2.2.2.2.2.2.2.2.2.2.2.2.2.2.2.2.1",0.449247086825001,FALSE,TRUE,41
"2.2.3.3.2.2.2.2.2.2.2.2.2.2.2.2.2.2.2.2.2.1",0.422822294309852,FALSE,TRUE,40
"2.2.3.2.3.2.2.2.2.2.2.2.2.2.2.2.2.2.2.2.2.1",0.465006153178388,FALSE,TRUE,39
"2.2.3.2.2.3.2.2.2.2.2.2.2.2.2.2.2.2.2.2.2.1",0.510878092554657,FALSE,TRUE,40
"2.2.3.2.2.2.3.2.2.2.2.2.2.2.2.2.2.2.2.2.2.1",0.524555953794874,FALSE,TRUE,40
"2.2.3.2.2.2.2.3.2.2.2.2.2.2.2.2.2.2.2.2.2.1",0.44563440052953,FALSE,TRUE,40
"2.2.3.2.2.2.2.2.3.2.2.2.2.2.2.2.2.2.2.2.2.1",0.378631270420539,FALSE,TRUE,40
"2.2.3.2.2.2.2.2.2.3.2.2.2.2.2.2.2.2.2.2.2.1",0.431882699912358,FALSE,TRUE,40
"2.2.3.2.2.2.2.2.2.2.2.3.2.2.2.2.2.2.2.2.2.1",0.397693530927222,FALSE,TRUE,40
"2.2.3.2.2.2.2.2.2.2.2.2.3.2.2.2.2.2.2.2.2.1",0.449146602991684,FALSE,TRUE,40
"2.2.3.2.2.2.2.2.2.2.2.2.2.3.2.2.2.2.2.2.2.1",0.419895208972121,FALSE,TRUE,40
"2.2.3.2.2.2.2.2.2.2.2.2.2.2.3.2.2.2.2.2.2.1",0.393916372490907,FALSE,TRUE,40
"2.2.3.2.2.2.2.2.2.2.2.2.2.2.2.3.2.2.2.2.2.1",0.445371062769536,FALSE,TRUE,40
"2.2.3.2.2.2.2.2.2.2.2.2.2.2.2.2.3.2.2.2.2.1",0.444025801015897,FALSE,TRUE,40
"2.2.3.2.2.2.2.2.2.2.2.2.2.2.2.2.2.3.2.2.2.1",0.455028914811564,FALSE,TRUE,40
"2.2.3.2.2.2.2.2.2.2.2.2.2.2.2.2.2.2.3.2.2.1",0.556477351567415,FALSE,TRUE,40
"2.2.3.2.2.2.2.2.2.2.2.2.2.2.2.2.2.2.2.3.2.1",0.445738385873072,FALSE,TRUE,40
"2.2.3.2.2.2.2.2.2.2.2.2.2.2.2.2.2.2.2.2.3.1",0.437676455022375,FALSE,TRUE,40
"1.2.3.2.2.2.2.2.2.2.2.2.2.2.2.2.2.2.2.2.2.1",0.463291631360654,FALSE,TRUE,39
"2.1.3.2.2.2.2.2.2.2.2.2.2.2.2.2.2.2.2.2.2.1",0.515853183023476,FALSE,TRUE,38
"2.2.3.1.2.2.2.2.2.2.2.2.2.2.2.2.2.2.2.2.2.1",0.464437986134194,FALSE,TRUE,38
"2.2.3.2.1.2.2.2.2.2.2.2.2.2.2.2.2.2.2.2.2.1",0.420679385641905,FALSE,TRUE,39
"2.2.3.2.2.1.2.2.2.2.2.2.2.2.2.2.2.2.2.2.2.1",0.356010546799143,FALSE,TRUE,39
"2.2.3.2.2.2.1.2.2.2.2.2.2.2.2.2.2.2.2.2.2.1",0.400572467162351,FALSE,TRUE,39
"2.2.3.2.2.2.2.1.2.2.2.2.2.2.2.2.2.2.2.2.2.1",0.433492229712026,FALSE,TRUE,39
"2.2.3.2.2.2.2.2.1.2.2.2.2.2.2.2.2.2.2.2.2.1",0.506954908621042,FALSE,TRUE,39
"2.2.3.2.2.2.2.2.2.1.2.2.2.2.2.2.2.2.2.2.2.1",0.466311981114522,FALSE,TRUE,39
"2.2.3.2.2.2.2.2.2.2.1.2.2.2.2.2.2.2.2.2.2.1",0.412197297475382,FALSE,TRUE,40
"2.2.3.2.2.2.2.2.2.2.2.1.2.2.2.2.2.2.2.2.2.1",0.513571542672632,FALSE,TRUE,37
"2.2.3.2.2.2.2.2.2.2.2.2.1.2.2.2.2.2.2.2.2.1",0.453491518581218,FALSE,TRUE,39
"2.2.3.2.2.2.2.2.2.2.2.2.2.1.2.2.2.2.2.2.2.1",0.456787013903355,FALSE,TRUE,39
"2.2.3.2.2.2.2.2.2.2.2.2.2.2.1.2.2.2.2.2.2.1",0.515812095111839,FALSE,TRUE,39
"2.2.3.2.2.2.2.2.2.2.2.2.2.2.2.1.2.2.2.2.2.1",0.457196165279605,FALSE,TRUE,39
"2.2.3.2.2.2.2.2.2.2.2.2.2.2.2.2.1.2.2.2.2.1",0.453643956741566,FALSE,TRUE,39
"2.2.3.2.2.2.2.2.2.2.2.2.2.2.2.2.2.1.2.2.2.1",0.458697134884311,FALSE,TRUE,39
"2.2.3.2.2.2.2.2.2.2.2.2.2.2.2.2.2.2.1.2.2.1",0.341205500879785,FALSE,TRUE,39
"2.2.3.2.2.2.2.2.2.2.2.2.2.2.2.2.2.2.2.1.2.1",0.449112762765846,FALSE,TRUE,39
"2.2.3.2.2.2.2.2.2.2.2.2.2.2.2.2.2.2.2.2.1.1",0.449400463869725,FALSE,TRUE,39
"4.1.2.1.3.2.3.2.1.2.2.2.2.2.2.2.2.3.2.2.2.1",0.542319610775811,FALSE,TRUE,38
"3.2.2.1.3.2.3.2.1.2.2.2.2.2.2.2.2.3.2.2.2.1",0.559849030103925,FALSE,TRUE,38
"3.1.3.1.3.2.3.2.1.2.2.2.2.2.2.2.2.3.2.2.2.1",0.605430280905606,FALSE,TRUE,37
"3.1.2.2.3.2.3.2.1.2.2.2.2.2.2.2.2.3.2.2.2.1",0.590754815744699,FALSE,TRUE,38
"3.1.2.1.4.2.3.2.1.2.2.2.2.2.2.2.2.3.2.2.2.1",0.620017184303896,FALSE,TRUE,37
"3.1.2.1.3.3.3.2.1.2.2.2.2.2.2.2.2.3.2.2.2.1",0.699530580203591,FALSE,TRUE,37
"3.1.2.1.3.2.4.2.1.2.2.2.2.2.2.2.2.3.2.2.2.1",0.650232137221216,FALSE,TRUE,37
"3.1.2.1.3.2.3.3.1.2.2.2.2.2.2.2.2.3.2.2.2.1",0.605142473768743,FALSE,TRUE,37
"3.1.2.1.3.2.3.2.2.2.2.2.2.2.2.2.2.3.2.2.2.1",0.558614430115879,FALSE,TRUE,38
"3.1.2.1.3.2.3.2.1.3.2.2.2.2.2.2.2.3.2.2.2.1",0.588966651280379,FALSE,TRUE,37
"3.1.2.1.3.2.3.2.1.2.3.2.2.2.2.2.2.3.2.2.2.1",0.64822108775269,FALSE,TRUE,37
"3.1.2.1.3.2.3.2.1.2.2.3.2.2.2.2.2.3.2.2.2.1",0.544752824085743,FALSE,TRUE,37
"3.1.2.1.3.2.3.2.1.2.2.2.3.2.2.2.2.3.2.2.2.1",0.616445493054063,FALSE,TRUE,37
"3.1.2.1.3.2.3.2.1.2.2.2.2.3.2.2.2.3.2.2.2.1",0.561271309505911,FALSE,TRUE,36
"3.1.2.1.3.2.3.2.1.2.2.2.2.2.3.2.2.3.2.2.2.1",0.510213057846465,FALSE,TRUE,37
"3.1.2.1.3.2.3.2.1.2.2.2.2.2.2.3.2.3.2.2.2.1",0.597269516743814,FALSE,TRUE,37
"3.1.2.1.3.2.3.2.1.2.2.2.2.2.2.2.3.3.2.2.2.1",0.624489612328327,FALSE,TRUE,37
"3.1.2.1.3.2.3.2.1.2.2.2.2.2.2.2.2.4.2.2.2.1",0.574746775390369,FALSE,TRUE,37
"3.1.2.1.3.2.3.2.1.2.2.2.2.2.2.2.2.3.3.2.2.1",0.680983472533591,FALSE,TRUE,37
"3.1.2.1.3.2.3.2.1.2.2.2.2.2.2.2.2.3.2.3.2.1",0.573018920761013,FALSE,TRUE,37
"3.1.2.1.3.2.3.2.1.2.2.2.2.2.2.2.2.3.2.2.3.1",0.587551283149282,FALSE,TRUE,37
"3.1.1.1.3.2.3.2.1.2.2.2.2.2.2.2.2.3.2.2.2.1",0.543465008338771,FALSE,TRUE,36
"3.1.2.1.2.2.3.2.1.2.2.2.2.2.2.2.2.3.2.2.2.1",0.540321111350827,FALSE,TRUE,37
"3.1.2.1.3.1.3.2.1.2.2.2.2.2.2.2.2.3.2.2.2.1",0.442518488524515,FALSE,TRUE,36
"3.1.2.1.3.2.2.2.1.2.2.2.2.2.2.2.2.3.2.2.2.1",0.53620884818553,FALSE,TRUE,37
"3.1.2.1.3.2.3.1.1.2.2.2.2.2.2.2.2.3.2.2.2.1",0.555374458364561,FALSE,TRUE,36
"3.1.2.1.3.2.3.2.1.1.2.2.2.2.2.2.2.3.2.2.2.1",0.589653241238289,FALSE,TRUE,36
"3.1.2.1.3.2.3.2.1.2.1.2.2.2.2.2.2.3.2.2.2.1",0.496948149562765,FALSE,TRUE,36
"3.1.2.1.3.2.3.2.1.2.2.1.2.2.2.2.2.3.2.2.2.1",0.634389473133847,FALSE,TRUE,36
"3.1.2.1.3.2.3.2.1.2.2.2.1.2.2.2.2.3.2.2.2.1",0.567404207301256,FALSE,TRUE,36
"3.1.2.1.3.2.3.2.1.2.2.2.2.1.2.2.2.3.2.2.2.1",0.582797582699095,FALSE,TRUE,36
"3.1.2.1.3.2.3.2.1.2.2.2.2.2.1.2.2.3.2.2.2.1",0.662937039254382,FALSE,TRUE,36
"3.1.2.1.3.2.3.2.1.2.2.2.2.2.2.1.2.3.2.2.2.1",0.575449162258714,FALSE,TRUE,36
"3.1.2.1.3.2.3.2.1.2.2.2.2.2.2.2.1.3.2.2.2.1",0.541226341730416,FALSE,TRUE,35
"3.1.2.1.3.2.3.2.1.2.2.2.2.2.2.2.2.2.2.2.2.1",0.615133277536434,FALSE,TRUE,37
"3.1.2.1.3.2.3.2.1.2.2.2.2.2.2.2.2.3.1.2.2.1",0.488502370494139,FALSE,TRUE,36
"3.1.2.1.3.2.3.2.1.2.2.2.2.2.2.2.2.3.2.1.2.1",0.592095811944487,FALSE,TRUE,36
"3.1.2.1.3.2.3.2.1.2.2.2.2.2.2.2.2.3.2.2.1.1",0.575150727423588,FALSE,TRUE,36
"3.2.2.1.2.2.3.2.2.2.2.2.2.2.3.2.2.2.2.2.2.2",0.418397608533921,FALSE,TRUE,41
"2.3.2.1.2.2.3.2.2.2.2.2.2.2.3.2.2.2.2.2.2.2",0.349778637855482,FALSE,TRUE,41
"2.2.3.1.2.2.3.2.2.2.2.2.2.2.3.2.2.2.2.2.2.2",0.460717984801291,FALSE,TRUE,41
"2.2.2.2.2.2.3.2.2.2.2.2.2.2.3.2.2.2.2.2.2.2",0.440828233365854,FALSE,TRUE,41
"2.2.2.1.3.2.3.2.2.2.2.2.2.2.3.2.2.2.2.2.2.2",0.463499158661813,FALSE,TRUE,41
"2.2.2.1.2.3.3.2.2.2.2.2.2.2.3.2.2.2.2.2.2.2",0.530540973182674,FALSE,TRUE,41
"2.2.2.1.2.2.4.2.2.2.2.2.2.2.3.2.2.2.2.2.2.2",0.483395170535251,FALSE,TRUE,41
"2.2.2.1.2.2.3.3.2.2.2.2.2.2.3.2.2.2.2.2.2.2",0.407302700468878,FALSE,TRUE,41
"2.2.2.1.2.2.3.2.3.2.2.2.2.2.3.2.2.2.2.2.2.2",0.362296127265308,FALSE,TRUE,41
"2.2.2.1.2.2.3.2.2.3.2.2.2.2.3.2.2.2.2.2.2.2",0.410278686553219,FALSE,TRUE,41
"2.2.2.1.2.2.3.2.2.2.3.2.2.2.3.2.2.2.2.2.2.2",0.502870770898198,FALSE,TRUE,41
"2.2.2.1.2.2.3.2.2.2.2.3.2.2.3.2.2.2.2.2.2.2",0.38464627020269,FALSE,TRUE,41
"2.2.2.1.2.2.3.2.2.2.2.2.3.2.3.2.2.2.2.2.2.2",0.433978889718889,FALSE,TRUE,41
"2.2.2.1.2.2.3.2.2.2.2.2.2.3.3.2.2.2.2.2.2.2",0.432094023929198,FALSE,TRUE,41
"2.2.2.1.2.2.3.2.2.2.2.2.2.2.4.2.2.2.2.2.2.2",0.352612468202514,FALSE,TRUE,42
"2.2.2.1.2.2.3.2.2.2.2.2.2.2.3.3.2.2.2.2.2.2",0.441723069966905,FALSE,TRUE,41
"2.2.2.1.2.2.3.2.2.2.2.2.2.2.3.2.3.2.2.2.2.2",0.429501732396214,FALSE,TRUE,41
"2.2.2.1.2.2.3.2.2.2.2.2.2.2.3.2.2.3.2.2.2.2",0.414389142123186,FALSE,TRUE,41
"2.2.2.1.2.2.3.2.2.2.2.2.2.2.3.2.2.2.3.2.2.2",0.472621602367702,FALSE,TRUE,41
"2.2.2.1.2.2.3.2.2.2.2.2.2.2.3.2.2.2.2.3.2.2",0.363635849313669,FALSE,TRUE,41
"2.2.2.1.2.2.3.2.2.2.2.2.2.2.3.2.2.2.2.2.3.2",0.422506936476103,FALSE,TRUE,41
"2.2.2.1.2.2.3.2.2.2.2.2.2.2.3.2.2.2.2.2.2.3",0.417776171030581,FALSE,TRUE,41
"1.2.2.1.2.2.3.2.2.2.2.2.2.2.3.2.2.2.2.2.2.2",0.402975506036022,FALSE,TRUE,40
"2.1.2.1.2.2.3.2.2.2.2.2.2.2.3.2.2.2.2.2.2.2",0.496448113079808,FALSE,TRUE,39
"2.2.1.1.2.2.3.2.2.2.2.2.2.2.3.2.2.2.2.2.2.2",0.333177970603227,FALSE,TRUE,40
"2.2.2.1.1.2.3.2.2.2.2.2.2.2.3.2.2.2.2.2.2.2",0.358995411053972,FALSE,TRUE,40
"2.2.2.1.2.1.3.2.2.2.2.2.2.2.3.2.2.2.2.2.2.2",0.264632425465311,FALSE,TRUE,40
"2.2.2.1.2.2.3.1.2.2.2.2.2.2.3.2.2.2.2.2.2.2",0.406072942268158,FALSE,TRUE,40
"2.2.2.1.2.2.3.2.1.2.2.2.2.2.3.2.2.2.2.2.2.2",0.466834147104309,FALSE,TRUE,40
"2.2.2.1.2.2.3.2.2.1.2.2.2.2.3.2.2.2.2.2.2.2",0.418704420565414,FALSE,TRUE,40
"2.2.2.1.2.2.3.2.2.2.1.2.2.2.3.2.2.2.2.2.2.2",0.300560468774384,FALSE,TRUE,40
"2.2.2.1.2.2.3.2.2.2.2.1.2.2.3.2.2.2.2.2.2.2",0.450590605099978,FALSE,TRUE,40
"2.2.2.1.2.2.3.2.2.2.2.2.1.2.3.2.2.2.2.2.2.2",0.39988714078094,FALSE,TRUE,40
"2.2.2.1.2.2.3.2.2.2.2.2.2.1.3.2.2.2.2.2.2.2",0.389452712589886,FALSE,TRUE,40
"2.2.2.1.2.2.3.2.2.2.2.2.2.2.3.1.2.2.2.2.2.2",0.399698470085187,FALSE,TRUE,40
"2.2.2.1.2.2.3.2.2.2.2.2.2.2.3.2.1.2.2.2.2.2",0.391953146653042,FALSE,TRUE,40
"2.2.2.1.2.2.3.2.2.2.2.2.2.2.3.2.2.1.2.2.2.2",0.42827573239825,FALSE,TRUE,40
"2.2.2.1.2.2.3.2.2.2.2.2.2.2.3.2.2.2.1.2.2.2",0.345740480935242,FALSE,TRUE,40
"2.2.2.1.2.2.3.2.2.2.2.2.2.2.3.2.2.2.2.1.2.2",0.460254938208577,FALSE,TRUE,40
"2.2.2.1.2.2.3.2.2.2.2.2.2.2.3.2.2.2.2.2.1.2",0.385552113057112,FALSE,TRUE,40
"2.2.2.1.2.2.3.2.2.2.2.2.2.2.3.2.2.2.2.2.2.1",0.406794035283615,FALSE,TRUE,40
"3.2.3.2.2.2.2.2.2.2.3.2.2.2.2.2.2.2.2.2.2.1",0.422155770790323,FALSE,TRUE,41
"2.3.3.2.2.2.2.2.2.2.3.2.2.2.2.2.2.2.2.2.2.1",0.400960817966079,FALSE,TRUE,41
"2.2.4.2.2.2.2.2.2.2.3.2.2.2.2.2.2.2.2.2.2.1",0.434097534213265,FALSE,TRUE,41
"2.2.3.3.2.2.2.2.2.2.3.2.2.2.2.2.2.2.2.2.2.1",0.402192873464988,FALSE,TRUE,41
"2.2.3.2.3.2.2.2.2.2.3.2.2.2.2.2.2.2.2.2.2.1",0.463048177138535,FALSE,TRUE,41
"2.2.3.2.2.3.2.2.2.2.3.2.2.2.2.2.2.2.2.2.2.1",0.478482449657972,FALSE,TRUE,41
"2.2.3.2.2.2.3.2.2.2.3.2.2.2.2.2.2.2.2.2.2.1",0.531473887445387,FALSE,TRUE,41
"2.2.3.2.2.2.2.3.2.2.3.2.2.2.2.2.2.2.2.2.2.1",0.463073295730334,FALSE,TRUE,41
"2.2.3.2.2.2.2.2.3.2.3.2.2.2.2.2.2.2.2.2.2.1",0.380442492464962,FALSE,TRUE,41
"2.2.3.2.2.2.2.2.2.3.3.2.2.2.2.2.2.2.2.2.2.1",0.428920564073856,FALSE,TRUE,41
"2.2.3.2.2.2.2.2.2.2.4.2.2.2.2.2.2.2.2.2.2.1",0.434561666273117,FALSE,TRUE,42
"2.2.3.2.2.2.2.2.2.2.3.3.2.2.2.2.2.2.2.2.2.1",0.392871810002937,FALSE,TRUE,40
"2.2.3.2.2.2.2.2.2.2.3.2.3.2.2.2.2.2.2.2.2.1",0.432747201666947,FALSE,TRUE,41
"2.2.3.2.2.2.2.2.2.2.3.2.2.3.2.2.2.2.2.2.2.1",0.411425278011456,FALSE,TRUE,41
"2.2.3.2.2.2.2.2.2.2.3.2.2.2.3.2.2.2.2.2.2.1",0.4173878465393,FALSE,TRUE,41
"2.2.3.2.2.2.2.2.2.2.3.2.2.2.2.3.2.2.2.2.2.1",0.442308609895038,FALSE,TRUE,41
"2.2.3.2.2.2.2.2.2.2.3.2.2.2.2.2.3.2.2.2.2.1",0.440885911560284,FALSE,TRUE,41
"2.2.3.2.2.2.2.2.2.2.3.2.2.2.2.2.2.3.2.2.2.1",0.458094407886334,FALSE,TRUE,41
"2.2.3.2.2.2.2.2.2.2.3.2.2.2.2.2.2.2.3.2.2.1",0.586224302605842,FALSE,TRUE,41
"2.2.3.2.2.2.2.2.2.2.3.2.2.2.2.2.2.2.2.3.2.1",0.477272716170828,FALSE,TRUE,41
"2.2.3.2.2.2.2.2.2.2.3.2.2.2.2.2.2.2.2.2.3.1",0.443269866766437,FALSE,TRUE,41
"2.2.3.2.2.2.2.2.2.2.3.2.2.2.2.2.2.2.2.2.2.2",0.465260181362007,FALSE,TRUE,41
"1.2.3.2.2.2.2.2.2.2.3.2.2.2.2.2.2.2.2.2.2.1",0.480479430149495,FALSE,TRUE,40
"2.1.3.2.2.2.2.2.2.2.3.2.2.2.2.2.2.2.2.2.2.1",0.51949043779067,FALSE,TRUE,40
"2.2.3.1.2.2.2.2.2.2.3.2.2.2.2.2.2.2.2.2.2.1",0.500097487541596,FALSE,TRUE,40
"2.2.3.2.1.2.2.2.2.2.3.2.2.2.2.2.2.2.2.2.2.1",0.428978106912536,FALSE,TRUE,40
"2.2.3.2.2.1.2.2.2.2.3.2.2.2.2.2.2.2.2.2.2.1",0.404746380664166,FALSE,TRUE,40
"2.2.3.2.2.2.1.2.2.2.3.2.2.2.2.2.2.2.2.2.2.1",0.396582318835476,FALSE,TRUE,40
"2.2.3.2.2.2.2.1.2.2.3.2.2.2.2.2.2.2.2.2.2.1",0.431581644489866,FALSE,TRUE,40
"2.2.3.2.2.2.2.2.1.2.3.2.2.2.2.2.2.2.2.2.2.1",0.513729301421076,FALSE,TRUE,40
"2.2.3.2.2.2.2.2.2.1.3.2.2.2.2.2.2.2.2.2.2.1",0.485188145854016,FALSE,TRUE,40
"2.2.3.2.2.2.2.2.2.2.3.1.2.2.2.2.2.2.2.2.2.1",0.52759269916693,FALSE,TRUE,39
"2.2.3.2.2.2.2.2.2.2.3.2.1.2.2.2.2.2.2.2.2.1",0.481162892699755,FALSE,TRUE,40
"2.2.3.2.2.2.2.2.2.2.3.2.2.1.2.2.2.2.2.2.2.1",0.476574282548696,FALSE,TRUE,40
"2.2.3.2.2.2.2.2.2.2.3.2.2.2.1.2.2.2.2.2.2.1",0.498606090259292,FALSE,TRUE,40
"2.2.3.2.2.2.2.2.2.2.3.2.2.2.2.1.2.2.2.2.2.1",0.469692178011989,FALSE,TRUE,40
"2.2.3.2.2.2.2.2.2.2.3.2.2.2.2.2.1.2.2.2.2.1",0.469034085952185,FALSE,TRUE,40
"2.2.3.2.2.2.2.2.2.2.3.2.2.2.2.2.2.1.2.2.2.1",0.46689327762247,FALSE,TRUE,40
"2.2.3.2.2.2.2.2.2.2.3.2.2.2.2.2.2.2.1.2.2.1",0.318787531511996,FALSE,TRUE,40
"2.2.3.2.2.2.2.2.2.2.3.2.2.2.2.2.2.2.2.1.2.1",0.428521573023178,FALSE,TRUE,40
"2.2.3.2.2.2.2.2.2.2.3.2.2.2.2.2.2.2.2.2.1.1",0.45379595323337,FALSE,TRUE,40
"3.2.2.2.2.2.2.2.2.2.2.1.2.2.2.2.2.2.2.2.2.1",0.462336390068852,FALSE,TRUE,38
"2.3.2.2.2.2.2.2.2.2.2.1.2.2.2.2.2.2.2.2.2.1",0.366591628791721,FALSE,TRUE,38
"2.2.2.3.2.2.2.2.2.2.2.1.2.2.2.2.2.2.2.2.2.1",0.422940692285802,FALSE,TRUE,38
"2.2.2.2.2.3.2.2.2.2.2.1.2.2.2.2.2.2.2.2.2.1",0.540357066573983,FALSE,TRUE,38
"2.2.2.2.2.2.3.2.2.2.2.1.2.2.2.2.2.2.2.2.2.1",0.506532179912981,FALSE,TRUE,38
"2.2.2.2.2.2.2.3.2.2.2.1.2.2.2.2.2.2.2.2.2.1",0.471841997405385,FALSE,TRUE,38
"2.2.2.2.2.2.2.2.3.2.2.1.2.2.2.2.2.2.2.2.2.1",0.39414573424517,FALSE,TRUE,38
"2.2.2.2.2.2.2.2.2.3.2.1.2.2.2.2.2.2.2.2.2.1",0.451996656411041,FALSE,TRUE,38
"2.2.2.2.2.2.2.2.2.2.3.1.2.2.2.2.2.2.2.2.2.1",0.496809905743352,FALSE,TRUE,37
"2.2.2.2.2.2.2.2.2.2.2.1.3.2.2.2.2.2.2.2.2.1",0.449915470605486,FALSE,TRUE,38
"2.2.2.2.2.2.2.2.2.2.2.1.2.3.2.2.2.2.2.2.2.1",0.447925018677738,FALSE,TRUE,38
"2.2.2.2.2.2.2.2.2.2.2.1.2.2.3.2.2.2.2.2.2.1",0.394579072382401,FALSE,TRUE,38
"2.2.2.2.2.2.2.2.2.2.2.1.2.2.2.3.2.2.2.2.2.1",0.439894734418569,FALSE,TRUE,38
"2.2.2.2.2.2.2.2.2.2.2.1.2.2.2.2.3.2.2.2.2.1",0.419380572150694,FALSE,TRUE,38
"2.2.2.2.2.2.2.2.2.2.2.1.2.2.2.2.2.3.2.2.2.1",0.44628906565124,FALSE,TRUE,38
"2.2.2.2.2.2.2.2.2.2.2.1.2.2.2.2.2.2.3.2.2.1",0.540386313428664,FALSE,TRUE,38
"2.2.2.2.2.2.2.2.2.2.2.1.2.2.2.2.2.2.2.3.2.1",0.399036909758617,FALSE,TRUE,38
"2.2.2.2.2.2.2.2.2.2.2.1.2.2.2.2.2.2.2.2.3.1",0.470144421542809,FALSE,TRUE,38
"1.2.2.2.2.2.2.2.2.2.2.1.2.2.2.2.2.2.2.2.2.1",0.40756299637881,FALSE,TRUE,37
"2.1.2.2.2.2.2.2.2.2.2.1.2.2.2.2.2.2.2.2.2.1",0.520443245720603,FALSE,TRUE,37
"2.2.1.2.2.2.2.2.2.2.2.1.2.2.2.2.2.2.2.2.2.1",0.33889960693349,FALSE,TRUE,37
"2.2.2.1.2.2.2.2.2.2.2.1.2.2.2.2.2.2.2.2.2.1",0.444481394841794,FALSE,TRUE,37
"2.2.2.2.1.2.2.2.2.2.2.1.2.2.2.2.2.2.2.2.2.1",0.38314692706014,FALSE,TRUE,38
"2.2.2.2.2.1.2.2.2.2.2.1.2.2.2.2.2.2.2.2.2.1",0.312129182746573,FALSE,TRUE,37
"2.2.2.2.2.2.1.2.2.2.2.1.2.2.2.2.2.2.2.2.2.1",0.397836529748845,FALSE,TRUE,37
"2.2.2.2.2.2.2.1.2.2.2.1.2.2.2.2.2.2.2.2.2.1",0.391985126563296,FALSE,TRUE,37
"2.2.2.2.2.2.2.2.1.2.2.1.2.2.2.2.2.2.2.2.2.1",0.477726896556664,FALSE,TRUE,37
"2.2.2.2.2.2.2.2.2.1.2.1.2.2.2.2.2.2.2.2.2.1",0.422527933250992,FALSE,TRUE,37
"2.2.2.2.2.2.2.2.2.2.1.1.2.2.2.2.2.2.2.2.2.1",0.362537181743463,FALSE,TRUE,37
"2.2.2.2.2.2.2.2.2.2.2.1.1.2.2.2.2.2.2.2.2.1",0.4351356879451,FALSE,TRUE,37
"2.2.2.2.2.2.2.2.2.2.2.1.2.1.2.2.2.2.2.2.2.1",0.414068658911779,FALSE,TRUE,37
"2.2.2.2.2.2.2.2.2.2.2.1.2.2.1.2.2.2.2.2.2.1",0.492044075274938,FALSE,TRUE,37
"2.2.2.2.2.2.2.2.2.2.2.1.2.2.2.1.2.2.2.2.2.1",0.443156497619967,FALSE,TRUE,37
"2.2.2.2.2.2.2.2.2.2.2.1.2.2.2.2.1.2.2.2.2.1",0.456249301633388,FALSE,TRUE,37
"2.2.2.2.2.2.2.2.2.2.2.1.2.2.2.2.2.1.2.2.2.1",0.44675402473608,FALSE,TRUE,37
"2.2.2.2.2.2.2.2.2.2.2.1.2.2.2.2.2.2.1.2.2.1",0.334155543245334,FALSE,TRUE,37
"2.2.2.2.2.2.2.2.2.2.2.1.2.2.2.2.2.2.2.1.2.1",0.472556993588762,FALSE,TRUE,37
"2.2.2.2.2.2.2.2.2.2.2.1.2.2.2.2.2.2.2.2.1.1",0.404521551843603,FALSE,TRUE,37
"4.1.2.1.3.2.3.2.1.2.2.2.2.2.2.2.1.3.2.2.2.2",0.487870538180382,FALSE,TRUE,37
"3.2.2.1.3.2.3.2.1.2.2.2.2.2.2.2.1.3.2.2.2.2",0.523493023746275,FALSE,TRUE,38
"3.1.3.1.3.2.3.2.1.2.2.2.2.2.2.2.1.3.2.2.2.2",0.537878678181935,FALSE,TRUE,36
"3.1.2.2.3.2.3.2.1.2.2.2.2.2.2.2.1.3.2.2.2.2",0.565818109383533,FALSE,TRUE,38
"3.1.2.1.4.2.3.2.1.2.2.2.2.2.2.2.1.3.2.2.2.2",0.584174648346228,FALSE,TRUE,37
"3.1.2.1.3.3.3.2.1.2.2.2.2.2.2.2.1.3.2.2.2.2",0.673793942059006,FALSE,TRUE,37
"3.1.2.1.3.2.4.2.1.2.2.2.2.2.2.2.1.3.2.2.2.2",0.615558877763892,FALSE,TRUE,37
"3.1.2.1.3.2.3.3.1.2.2.2.2.2.2.2.1.3.2.2.2.2",0.535892862955438,FALSE,TRUE,37
"3.1.2.1.3.2.3.2.2.2.2.2.2.2.2.2.1.3.2.2.2.2",0.519752138105422,FALSE,TRUE,38
"3.1.2.1.3.2.3.2.1.3.2.2.2.2.2.2.1.3.2.2.2.2",0.549471275999012,FALSE,TRUE,37
"3.1.2.1.3.2.3.2.1.2.3.2.2.2.2.2.1.3.2.2.2.2",0.637382799432715,FALSE,TRUE,37
"3.1.2.1.3.2.3.2.1.2.2.3.2.2.2.2.1.3.2.2.2.2",0.512161899369864,FALSE,TRUE,37
"3.1.2.1.3.2.3.2.1.2.2.2.3.2.2.2.1.3.2.2.2.2",0.575580498466636,FALSE,TRUE,37
"3.1.2.1.3.2.3.2.1.2.2.2.2.2.3.2.1.3.2.2.2.2",0.478553649156246,FALSE,TRUE,37
"3.1.2.1.3.2.3.2.1.2.2.2.2.2.2.3.1.3.2.2.2.2",0.573581059601993,FALSE,TRUE,37
"3.1.2.1.3.2.3.2.1.2.2.2.2.2.2.2.1.4.2.2.2.2",0.526070655786535,FALSE,TRUE,37
"3.1.2.1.3.2.3.2.1.2.2.2.2.2.2.2.1.3.3.2.2.2",0.625096251597858,FALSE,TRUE,37
"3.1.2.1.3.2.3.2.1.2.2.2.2.2.2.2.1.3.2.3.2.2",0.530741097523908,FALSE,TRUE,37
"3.1.2.1.3.2.3.2.1.2.2.2.2.2.2.2.1.3.2.2.3.2",0.552891119741303,FALSE,TRUE,37
"3.1.2.1.3.2.3.2.1.2.2.2.2.2.2.2.1.3.2.2.2.3",0.560679667944355,FALSE,TRUE,37
"3.1.1.1.3.2.3.2.1.2.2.2.2.2.2.2.1.3.2.2.2.2",0.529103558275495,FALSE,TRUE,36
"3.1.2.1.2.2.3.2.1.2.2.2.2.2.2.2.1.3.2.2.2.2",0.504497736115485,FALSE,TRUE,37
"3.1.2.1.3.1.3.2.1.2.2.2.2.2.2.2.1.3.2.2.2.2",0.399853506945401,FALSE,TRUE,36
"3.1.2.1.3.2.2.2.1.2.2.2.2.2.2.2.1.3.2.2.2.2",0.508933791556492,FALSE,TRUE,36
"3.1.2.1.3.2.3.1.1.2.2.2.2.2.2.2.1.3.2.2.2.2",0.550693132554642,FALSE,TRUE,36
"3.1.2.1.3.2.3.2.1.1.2.2.2.2.2.2.1.3.2.2.2.2",0.556238784971448,FALSE,TRUE,36
"3.1.2.1.3.2.3.2.1.2.1.2.2.2.2.2.1.3.2.2.2.2",0.448380435273709,FALSE,TRUE,36
"3.1.2.1.3.2.3.2.1.2.2.1.2.2.2.2.1.3.2.2.2.2",0.599024195112061,FALSE,TRUE,36
"3.1.2.1.3.2.3.2.1.2.2.2.1.2.2.2.1.3.2.2.2.2",0.537159957117786,FALSE,TRUE,36
"3.1.2.1.3.2.3.2.1.2.2.2.2.1.2.2.1.3.2.2.2.2",0.548145244826504,FALSE,TRUE,37
"3.1.2.1.3.2.3.2.1.2.2.2.2.2.1.2.1.3.2.2.2.2",0.632259461319877,FALSE,TRUE,36
"3.1.2.1.3.2.3.2.1.2.2.2.2.2.2.1.1.3.2.2.2.2",0.532277629415332,FALSE,TRUE,35
"3.1.2.1.3.2.3.2.1.2.2.2.2.2.2.2.1.2.2.2.2.2",0.59368927799843,FALSE,TRUE,37
"3.1.2.1.3.2.3.2.1.2.2.2.2.2.2.2.1.3.1.2.2.2",0.484200872752001,FALSE,TRUE,36
"3.1.2.1.3.2.3.2.1.2.2.2.2.2.2.2.1.3.2.1.2.2",0.570939669713584,FALSE,TRUE,36
"3.1.2.1.3.2.3.2.1.2.2.2.2.2.2.2.1.3.2.2.1.2",0.537980804185068,FALSE,TRUE,36
"3.1.3.2.3.2.3.2.1.2.2.2.2.2.2.2.2.4.2.2.2.2",0.565831169892374,FALSE,TRUE,38
"2.2.3.2.3.2.3.2.1.2.2.2.2.2.2.2.2.4.2.2.2.2",0.56056864373229,FALSE,TRUE,39
"2.1.4.2.3.2.3.2.1.2.2.2.2.2.2.2.2.4.2.2.2.2",0.578662903085342,FALSE,TRUE,38
"2.1.3.3.3.2.3.2.1.2.2.2.2.2.2.2.2.4.2.2.2.2",0.563986452105694,FALSE,TRUE,38
"2.1.3.2.4.2.3.2.1.2.2.2.2.2.2.2.2.4.2.2.2.2",0.613475690708125,FALSE,TRUE,38
"2.1.3.2.3.3.3.2.1.2.2.2.2.2.2.2.2.4.2.2.2.2",0.674809284835426,FALSE,TRUE,37
"2.1.3.2.3.2.4.2.1.2.2.2.2.2.2.2.2.4.2.2.2.2",0.667852800390937,FALSE,TRUE,38
"2.1.3.2.3.2.3.3.1.2.2.2.2.2.2.2.2.4.2.2.2.2",0.604134211248682,FALSE,TRUE,38
"2.1.3.2.3.2.3.2.2.2.2.2.2.2.2.2.2.4.2.2.2.2",0.548914537775986,FALSE,TRUE,39
"2.1.3.2.3.2.3.2.1.3.2.2.2.2.2.2.2.4.2.2.2.2",0.596608258116478,FALSE,TRUE,38
"2.1.3.2.3.2.3.2.1.2.3.2.2.2.2.2.2.4.2.2.2.2",0.633888064018075,FALSE,TRUE,39
"2.1.3.2.3.2.3.2.1.2.2.3.2.2.2.2.2.4.2.2.2.2",0.563414649055884,FALSE,TRUE,38
"2.1.3.2.3.2.3.2.1.2.2.2.3.2.2.2.2.4.2.2.2.2",0.58289458457415,FALSE,TRUE,38
"2.1.3.2.3.2.3.2.1.2.2.2.2.2.3.2.2.4.2.2.2.2",0.563414574763535,FALSE,TRUE,38
"2.1.3.2.3.2.3.2.1.2.2.2.2.2.2.3.2.4.2.2.2.2",0.620759499025245,FALSE,TRUE,38
"2.1.3.2.3.2.3.2.1.2.2.2.2.2.2.2.3.4.2.2.2.2",0.64837474053845,FALSE,TRUE,38
"2.1.3.2.3.2.3.2.1.2.2.2.2.2.2.2.2.5.2.2.2.2",0.570581324406504,FALSE,TRUE,39
"2.1.3.2.3.2.3.2.1.2.2.2.2.2.2.2.2.4.3.2.2.2",0.703929962297412,FALSE,TRUE,38
"2.1.3.2.3.2.3.2.1.2.2.2.2.2.2.2.2.4.2.3.2.2",0.605832838519557,FALSE,TRUE,38
"2.1.3.2.3.2.3.2.1.2.2.2.2.2.2.2.2.4.2.2.3.2",0.601937772184306,FALSE,TRUE,38
"2.1.3.2.3.2.3.2.1.2.2.2.2.2.2.2.2.4.2.2.2.3",0.598540830810154,FALSE,TRUE,38
"1.1.3.2.3.2.3.2.1.2.2.2.2.2.2.2.2.4.2.2.2.2",0.627389048439048,FALSE,TRUE,37
"2.1.2.2.3.2.3.2.1.2.2.2.2.2.2.2.2.4.2.2.2.2",0.601672353220579,FALSE,TRUE,36
"2.1.3.2.2.2.3.2.1.2.2.2.2.2.2.2.2.4.2.2.2.2",0.577888824099533,FALSE,TRUE,38
"2.1.3.2.3.1.3.2.1.2.2.2.2.2.2.2.2.4.2.2.2.2",0.499651268460891,FALSE,TRUE,37
"2.1.3.2.3.2.2.2.1.2.2.2.2.2.2.2.2.4.2.2.2.2",0.561558667304608,FALSE,TRUE,38
"2.1.3.2.3.2.3.1.1.2.2.2.2.2.2.2.2.4.2.2.2.2",0.589170631024461,FALSE,TRUE,37
"2.1.3.2.3.2.3.2.1.1.2.2.2.2.2.2.2.4.2.2.2.2",0.616846335693652,FALSE,TRUE,37
"2.1.3.2.3.2.3.2.1.2.2.1.2.2.2.2.2.4.2.2.2.2",0.65270218566868,FALSE,TRUE,37
"2.1.3.2.3.2.3.2.1.2.2.2.1.2.2.2.2.4.2.2.2.2",0.634255583561088,FALSE,TRUE,37
"2.1.3.2.3.2.3.2.1.2.2.2.2.1.2.2.2.4.2.2.2.2",0.594074805010584,FALSE,TRUE,38
"2.1.3.2.3.2.3.2.1.2.2.2.2.2.1.2.2.4.2.2.2.2",0.648921851903697,FALSE,TRUE,37
"2.1.3.2.3.2.3.2.1.2.2.2.2.2.2.1.2.4.2.2.2.2",0.589793636060827,FALSE,TRUE,37
"2.1.3.2.3.2.3.2.1.2.2.2.2.2.2.2.1.4.2.2.2.2",0.55885884486459,FALSE,TRUE,37
"2.1.3.2.3.2.3.2.1.2.2.2.2.2.2.2.2.4.1.2.2.2",0.510757451834234,FALSE,TRUE,37
"2.1.3.2.3.2.3.2.1.2.2.2.2.2.2.2.2.4.2.1.2.2",0.603086384704855,FALSE,TRUE,37
"2.1.3.2.3.2.3.2.1.2.2.2.2.2.2.2.2.4.2.2.1.2",0.592810988184204,FALSE,TRUE,37
"2.1.3.2.3.2.3.2.1.2.2.2.2.2.2.2.2.4.2.2.2.1",0.611379900240516,FALSE,TRUE,37
"2.2.2.1.3.2.2.2.2.2.2.2.2.2.2.2.2.2.2.2.3.3",0.385077994786829,FALSE,TRUE,41
"2.1.3.1.3.2.2.2.2.2.2.2.2.2.2.2.2.2.2.2.3.3",0.462006703430954,FALSE,TRUE,40
"2.1.2.2.3.2.2.2.2.2.2.2.2.2.2.2.2.2.2.2.3.3",0.480113367731174,FALSE,TRUE,41
"2.1.2.1.4.2.2.2.2.2.2.2.2.2.2.2.2.2.2.2.3.3",0.43200916659974,FALSE,TRUE,40
"2.1.2.1.3.3.2.2.2.2.2.2.2.2.2.2.2.2.2.2.3.3",0.528716592299608,FALSE,TRUE,38
"2.1.2.1.3.2.3.2.2.2.2.2.2.2.2.2.2.2.2.2.3.3",0.546347253325645,FALSE,TRUE,40
"2.1.2.1.3.2.2.3.2.2.2.2.2.2.2.2.2.2.2.2.3.3",0.406552206076777,FALSE,TRUE,40
"2.1.2.1.3.2.2.2.3.2.2.2.2.2.2.2.2.2.2.2.3.3",0.342952138347063,FALSE,TRUE,40
"2.1.2.1.3.2.2.2.2.3.2.2.2.2.2.2.2.2.2.2.3.3",0.411315147366511,FALSE,TRUE,40
"2.1.2.1.3.2.2.2.2.2.3.2.2.2.2.2.2.2.2.2.3.3",0.520516957815218,FALSE,TRUE,38
"2.1.2.1.3.2.2.2.2.2.2.3.2.2.2.2.2.2.2.2.3.3",0.384902475715588,FALSE,TRUE,40
"2.1.2.1.3.2.2.2.2.2.2.2.2.3.2.2.2.2.2.2.3.3",0.441623386534959,FALSE,TRUE,40
"2.1.2.1.3.2.2.2.2.2.2.2.2.2.3.2.2.2.2.2.3.3",0.408436181852874,FALSE,TRUE,40
"2.1.2.1.3.2.2.2.2.2.2.2.2.2.2.3.2.2.2.2.3.3",0.49583247099319,FALSE,TRUE,40
"2.1.2.1.3.2.2.2.2.2.2.2.2.2.2.2.3.2.2.2.3.3",0.484477936787011,FALSE,TRUE,40
"2.1.2.1.3.2.2.2.2.2.2.2.2.2.2.2.2.3.2.2.3.3",0.462246510906312,FALSE,TRUE,40
"2.1.2.1.3.2.2.2.2.2.2.2.2.2.2.2.2.2.3.2.3.3",0.518095270435649,FALSE,TRUE,40
"2.1.2.1.3.2.2.2.2.2.2.2.2.2.2.2.2.2.2.3.3.3",0.391595880757623,FALSE,TRUE,40
"2.1.2.1.3.2.2.2.2.2.2.2.2.2.2.2.2.2.2.2.4.3",0.39694887012555,FALSE,TRUE,41
"2.1.2.1.3.2.2.2.2.2.2.2.2.2.2.2.2.2.2.2.3.4",0.434054885567836,FALSE,TRUE,40
"1.1.2.1.3.2.2.2.2.2.2.2.2.2.2.2.2.2.2.2.3.3",0.451138531085299,FALSE,TRUE,39
"2.1.1.1.3.2.2.2.2.2.2.2.2.2.2.2.2.2.2.2.3.3",0.43753415490194,FALSE,TRUE,39
"2.1.2.1.2.2.2.2.2.2.2.2.2.2.2.2.2.2.2.2.3.3",0.487000534128626,FALSE,TRUE,39
"2.1.2.1.3.1.2.2.2.2.2.2.2.2.2.2.2.2.2.2.3.3",0.353284431551877,FALSE,TRUE,39
"2.1.2.1.3.2.1.2.2.2.2.2.2.2.2.2.2.2.2.2.3.3",0.38685718290111,FALSE,TRUE,38
"2.1.2.1.3.2.2.1.2.2.2.2.2.2.2.2.2.2.2.2.3.3",0.501408934967111,FALSE,TRUE,39
"2.1.2.1.3.2.2.2.1.2.2.2.2.2.2.2.2.2.2.2.3.3",0.579741976536348,FALSE,TRUE,38
"2.1.2.1.3.2.2.2.2.1.2.2.2.2.2.2.2.2.2.2.3.3",0.509649658697704,FALSE,TRUE,39
"2.1.2.1.3.2.2.2.2.2.1.2.2.2.2.2.2.2.2.2.3.3",0.375648689409766,FALSE,TRUE,39
"2.1.2.1.3.2.2.2.2.2.2.1.2.2.2.2.2.2.2.2.3.3",0.541464944931788,FALSE,TRUE,38
"2.1.2.1.3.2.2.2.2.2.2.2.1.2.2.2.2.2.2.2.3.3",0.475680027987292,FALSE,TRUE,39
"2.1.2.1.3.2.2.2.2.2.2.2.2.1.2.2.2.2.2.2.3.3",0.456611922675185,FALSE,TRUE,39
"2.1.2.1.3.2.2.2.2.2.2.2.2.2.1.2.2.2.2.2.3.3",0.530799838147693,FALSE,TRUE,39
"2.1.2.1.3.2.2.2.2.2.2.2.2.2.2.1.2.2.2.2.3.3",0.432495266989213,FALSE,TRUE,39
"2.1.2.1.3.2.2.2.2.2.2.2.2.2.2.2.1.2.2.2.3.3",0.434548442064002,FALSE,TRUE,39
"2.1.2.1.3.2.2.2.2.2.2.2.2.2.2.2.2.1.2.2.3.3",0.473434283538516,FALSE,TRUE,39
"2.1.2.1.3.2.2.2.2.2.2.2.2.2.2.2.2.2.1.2.3.3",0.394863513388623,FALSE,TRUE,39
"2.1.2.1.3.2.2.2.2.2.2.2.2.2.2.2.2.2.2.1.3.3",0.513400297358698,FALSE,TRUE,39
"3.1.3.2.3.2.3.2.1.2.2.1.2.2.2.2.2.3.2.2.2.2",0.64323552108428,FALSE,TRUE,39
"2.2.3.2.3.2.3.2.1.2.2.1.2.2.2.2.2.3.2.2.2.2",0.635142011451775,FALSE,TRUE,40
"2.1.4.2.3.2.3.2.1.2.2.1.2.2.2.2.2.3.2.2.2.2",0.663688119504473,FALSE,TRUE,39
"2.1.3.3.3.2.3.2.1.2.2.1.2.2.2.2.2.3.2.2.2.2",0.637215070241686,FALSE,TRUE,39
"2.1.3.2.4.2.3.2.1.2.2.1.2.2.2.2.2.3.2.2.2.2",0.704759716768083,FALSE,TRUE,39
"2.1.3.2.3.3.3.2.1.2.2.1.2.2.2.2.2.3.2.2.2.2",0.751362971999761,FALSE,TRUE,39
"2.1.3.2.3.2.4.2.1.2.2.1.2.2.2.2.2.3.2.2.2.2",0.730216175409345,FALSE,TRUE,39
"2.1.3.2.3.2.3.3.1.2.2.1.2.2.2.2.2.3.2.2.2.2",0.686501809514931,FALSE,TRUE,39
"2.1.3.2.3.2.3.2.2.2.2.1.2.2.2.2.2.3.2.2.2.2",0.64038427599032,FALSE,TRUE,40
"2.1.3.2.3.2.3.2.1.3.2.1.2.2.2.2.2.3.2.2.2.2",0.686378820201499,FALSE,TRUE,39
"2.1.3.2.3.2.3.2.1.2.3.1.2.2.2.2.2.3.2.2.2.2",0.707398925168463,FALSE,TRUE,39
"2.1.3.2.3.2.3.2.1.2.2.1.3.2.2.2.2.3.2.2.2.2",0.664817552746219,FALSE,TRUE,39
"2.1.3.2.3.2.3.2.1.2.2.1.2.3.2.2.2.3.2.2.2.2",0.667787470029034,FALSE,TRUE,38
"2.1.3.2.3.2.3.2.1.2.2.1.2.2.3.2.2.3.2.2.2.2",0.635092639402176,FALSE,TRUE,39
"2.1.3.2.3.2.3.2.1.2.2.1.2.2.2.3.2.3.2.2.2.2",0.68592292789715,FALSE,TRUE,39
"2.1.3.2.3.2.3.2.1.2.2.1.2.2.2.2.3.3.2.2.2.2",0.706439978111201,FALSE,TRUE,39
"2.1.3.2.3.2.3.2.1.2.2.1.2.2.2.2.2.3.3.2.2.2",0.767479012149576,FALSE,TRUE,39
"2.1.3.2.3.2.3.2.1.2.2.1.2.2.2.2.2.3.2.3.2.2",0.682965322093011,FALSE,TRUE,39
"2.1.3.2.3.2.3.2.1.2.2.1.2.2.2.2.2.3.2.2.3.2",0.694332729361525,FALSE,TRUE,39
"2.1.3.2.3.2.3.2.1.2.2.1.2.2.2.2.2.3.2.2.2.3",0.677487785348742,FALSE,TRUE,39
"1.1.3.2.3.2.3.2.1.2.2.1.2.2.2.2.2.3.2.2.2.2",0.693022886618454,FALSE,TRUE,38
"2.1.2.2.3.2.3.2.1.2.2.1.2.2.2.2.2.3.2.2.2.2",0.660700479320359,FALSE,TRUE,37
"2.1.3.2.2.2.3.2.1.2.2.1.2.2.2.2.2.3.2.2.2.2",0.631474794273069,FALSE,TRUE,39
"2.1.3.2.3.1.3.2.1.2.2.1.2.2.2.2.2.3.2.2.2.2",0.568714062521943,FALSE,TRUE,38
"2.1.3.2.3.2.2.2.1.2.2.1.2.2.2.2.2.3.2.2.2.2",0.641389873088143,FALSE,TRUE,39
"2.1.3.2.3.2.3.1.1.2.2.1.2.2.2.2.2.3.2.2.2.2",0.648095027451572,FALSE,TRUE,38
"2.1.3.2.3.2.3.2.1.1.2.1.2.2.2.2.2.3.2.2.2.2",0.671928393430218,FALSE,TRUE,38
"2.1.3.2.3.2.3.2.1.2.1.1.2.2.2.2.2.3.2.2.2.2",0.617306004045847,FALSE,TRUE,37
"2.1.3.2.3.2.3.2.1.2.2.1.1.2.2.2.2.3.2.2.2.2",0.698660067258124,FALSE,TRUE,38
"2.1.3.2.3.2.3.2.1.2.2.1.2.1.2.2.2.3.2.2.2.2",0.656456169248267,FALSE,TRUE,38
"2.1.3.2.3.2.3.2.1.2.2.1.2.2.1.2.2.3.2.2.2.2",0.719642722498697,FALSE,TRUE,38
"2.1.3.2.3.2.3.2.1.2.2.1.2.2.2.1.2.3.2.2.2.2",0.666891086037563,FALSE,TRUE,38
"2.1.3.2.3.2.3.2.1.2.2.1.2.2.2.2.1.3.2.2.2.2",0.640553381421643,FALSE,TRUE,38
"2.1.3.2.3.2.3.2.1.2.2.1.2.2.2.2.2.2.2.2.2.2",0.721269011716362,FALSE,TRUE,39
"2.1.3.2.3.2.3.2.1.2.2.1.2.2.2.2.2.3.1.2.2.2",0.58223992623189,FALSE,TRUE,38
"2.1.3.2.3.2.3.2.1.2.2.1.2.2.2.2.2.3.2.1.2.2",0.66463263817524,FALSE,TRUE,38
"2.1.3.2.3.2.3.2.1.2.2.1.2.2.2.2.2.3.2.2.1.2",0.645764613756898,FALSE,TRUE,38
"2.1.3.2.3.2.3.2.1.2.2.1.2.2.2.2.2.3.2.2.2.1",0.676219922250684,FALSE,TRUE,36
"3.1.3.2.3.2.3.2.1.2.1.2.2.2.2.2.2.4.2.2.2.2",0.509495091358764,FALSE,TRUE,37
"2.2.3.2.3.2.3.2.1.2.1.2.2.2.2.2.2.4.2.2.2.2",0.484550457689016,FALSE,TRUE,38
"2.1.4.2.3.2.3.2.1.2.1.2.2.2.2.2.2.4.2.2.2.2",0.533013841590895,FALSE,TRUE,38
"2.1.3.3.3.2.3.2.1.2.1.2.2.2.2.2.2.4.2.2.2.2",0.515951321507206,FALSE,TRUE,37
"2.1.3.2.4.2.3.2.1.2.1.2.2.2.2.2.2.4.2.2.2.2",0.542569597790001,FALSE,TRUE,37
"2.1.3.2.3.3.3.2.1.2.1.2.2.2.2.2.2.4.2.2.2.2",0.657528658830455,FALSE,TRUE,37
"2.1.3.2.3.2.4.2.1.2.1.2.2.2.2.2.2.4.2.2.2.2",0.584586301591388,FALSE,TRUE,37
"2.1.3.2.3.2.3.2.2.2.1.2.2.2.2.2.2.4.2.2.2.2",0.482073781969295,FALSE,TRUE,38
"2.1.3.2.3.2.3.2.1.3.1.2.2.2.2.2.2.4.2.2.2.2",0.543160254691469,FALSE,TRUE,36
"2.1.3.2.3.2.3.2.1.2.1.3.2.2.2.2.2.4.2.2.2.2",0.50413374378092,FALSE,TRUE,37
"2.1.3.2.3.2.3.2.1.2.1.2.3.2.2.2.2.4.2.2.2.2",0.528482315032979,FALSE,TRUE,37
"2.1.3.2.3.2.3.2.1.2.1.2.2.3.2.2.2.4.2.2.2.2",0.534813953145547,FALSE,TRUE,36
"2.1.3.2.3.2.3.2.1.2.1.2.2.2.3.2.2.4.2.2.2.2",0.470226677310278,FALSE,TRUE,37
"2.1.3.2.3.2.3.2.1.2.1.2.2.2.2.3.2.4.2.2.2.2",0.561316701180911,FALSE,TRUE,37
"2.1.3.2.3.2.3.2.1.2.1.2.2.2.2.2.3.4.2.2.2.2",0.594940596764276,FALSE,TRUE,37
"2.1.3.2.3.2.3.2.1.2.1.2.2.2.2.2.2.5.2.2.2.2",0.48510843313783,FALSE,TRUE,37
"2.1.3.2.3.2.3.2.1.2.1.2.2.2.2.2.2.4.3.2.2.2",0.610321730548761,FALSE,TRUE,37
"2.1.3.2.3.2.3.2.1.2.1.2.2.2.2.2.2.4.2.3.2.2",0.503411013926512,FALSE,TRUE,37
"2.1.3.2.3.2.3.2.1.2.1.2.2.2.2.2.2.4.2.2.3.2",0.531521589005055,FALSE,TRUE,37
"2.1.3.2.3.2.3.2.1.2.1.2.2.2.2.2.2.4.2.2.2.3",0.522987338628337,FALSE,TRUE,37
"1.1.3.2.3.2.3.2.1.2.1.2.2.2.2.2.2.4.2.2.2.2",0.533412157093967,FALSE,TRUE,36
"2.1.3.1.3.2.3.2.1.2.1.2.2.2.2.2.2.4.2.2.2.2",0.538850287716121,FALSE,TRUE,35
"2.1.3.2.2.2.3.2.1.2.1.2.2.2.2.2.2.4.2.2.2.2",0.502997050746351,FALSE,TRUE,37
"2.1.3.2.3.1.3.2.1.2.1.2.2.2.2.2.2.4.2.2.2.2",0.3721941445393,FALSE,TRUE,36
"2.1.3.2.3.2.2.2.1.2.1.2.2.2.2.2.2.4.2.2.2.2",0.502417094268355,FALSE,TRUE,37
"2.1.3.2.3.2.3.1.1.2.1.2.2.2.2.2.2.4.2.2.2.2",0.51310945179173,FALSE,TRUE,37
"2.1.3.2.3.2.3.2.1.1.1.2.2.2.2.2.2.4.2.2.2.2",0.517948478038663,FALSE,TRUE,35
"2.1.3.2.3.2.3.2.1.2.1.1.2.2.2.2.2.4.2.2.2.2",0.566353898654071,FALSE,TRUE,35
"2.1.3.2.3.2.3.2.1.2.1.2.1.2.2.2.2.4.2.2.2.2",0.538685952890288,FALSE,TRUE,36
"2.1.3.2.3.2.3.2.1.2.1.2.2.1.2.2.2.4.2.2.2.2",0.496538282131954,FALSE,TRUE,36
"2.1.3.2.3.2.3.2.1.2.1.2.2.2.1.2.2.4.2.2.2.2",0.598599922149248,FALSE,TRUE,36
"2.1.3.2.3.2.3.2.1.2.1.2.2.2.2.1.2.4.2.2.2.2",0.500556450213256,FALSE,TRUE,36
"2.1.3.2.3.2.3.2.1.2.1.2.2.2.2.2.1.4.2.2.2.2",0.469856849837797,FALSE,TRUE,36
"2.1.3.2.3.2.3.2.1.2.1.2.2.2.2.2.2.4.1.2.2.2",0.460239819874553,FALSE,TRUE,36
"2.1.3.2.3.2.3.2.1.2.1.2.2.2.2.2.2.4.2.1.2.2",0.559380622763298,FALSE,TRUE,36
"2.1.3.2.3.2.3.2.1.2.1.2.2.2.2.2.2.4.2.2.1.2",0.518524895336742,FALSE,TRUE,36
"2.1.3.2.3.2.3.2.1.2.1.2.2.2.2.2.2.4.2.2.2.1",0.533936941928325,FALSE,TRUE,36
"2.2.2.1.3.3.2.2.2.2.2.2.2.2.2.2.2.2.2.2.2.3",0.473927385619898,FALSE,TRUE,39
"2.1.3.1.3.3.2.2.2.2.2.2.2.2.2.2.2.2.2.2.2.3",0.54447304307915,FALSE,TRUE,38
"2.1.2.2.3.3.2.2.2.2.2.2.2.2.2.2.2.2.2.2.2.3",0.561183195823136,FALSE,TRUE,39
"2.1.2.1.4.3.2.2.2.2.2.2.2.2.2.2.2.2.2.2.2.3",0.540010327326224,FALSE,TRUE,38
"2.1.2.1.3.4.2.2.2.2.2.2.2.2.2.2.2.2.2.2.2.3",0.567774076459136,FALSE,TRUE,39
"2.1.2.1.3.3.3.2.2.2.2.2.2.2.2.2.2.2.2.2.2.3",0.642430993818806,FALSE,TRUE,38
"2.1.2.1.3.3.2.3.2.2.2.2.2.2.2.2.2.2.2.2.2.3",0.490577550268671,FALSE,TRUE,38
"2.1.2.1.3.3.2.2.3.2.2.2.2.2.2.2.2.2.2.2.2.3",0.435310286922139,FALSE,TRUE,38
"2.1.2.1.3.3.2.2.2.3.2.2.2.2.2.2.2.2.2.2.2.3",0.501436922902677,FALSE,TRUE,38
"2.1.2.1.3.3.2.2.2.2.2.3.2.2.2.2.2.2.2.2.2.3",0.494850541459558,FALSE,TRUE,39
"2.1.2.1.3.3.2.2.2.2.2.2.2.3.2.2.2.2.2.2.2.3",0.509339115421574,FALSE,TRUE,38
"2.1.2.1.3.3.2.2.2.2.2.2.2.2.3.2.2.2.2.2.2.3",0.527733718551659,FALSE,TRUE,38
"2.1.2.1.3.3.2.2.2.2.2.2.2.2.2.3.2.2.2.2.2.3",0.553940527208703,FALSE,TRUE,38
"2.1.2.1.3.3.2.2.2.2.2.2.2.2.2.2.3.2.2.2.2.3",0.538431050896481,FALSE,TRUE,38
"2.1.2.1.3.3.2.2.2.2.2.2.2.2.2.2.2.3.2.2.2.3",0.577969393413318,FALSE,TRUE,38
"2.1.2.1.3.3.2.2.2.2.2.2.2.2.2.2.2.2.3.2.2.3",0.60794445898599,FALSE,TRUE,38
"2.1.2.1.3.3.2.2.2.2.2.2.2.2.2.2.2.2.2.3.2.3",0.494586569185909,FALSE,TRUE,38
"2.1.2.1.3.3.2.2.2.2.2.2.2.2.2.2.2.2.2.2.2.4",0.521508234728323,FALSE,TRUE,38
"1.1.2.1.3.3.2.2.2.2.2.2.2.2.2.2.2.2.2.2.2.3",0.539189182083693,FALSE,TRUE,37
"2.1.1.1.3.3.2.2.2.2.2.2.2.2.2.2.2.2.2.2.2.3",0.536081215482556,FALSE,TRUE,37
"2.1.2.1.2.3.2.2.2.2.2.2.2.2.2.2.2.2.2.2.2.3",0.56395066288296,FALSE,TRUE,37
"2.1.2.1.3.3.1.2.2.2.2.2.2.2.2.2.2.2.2.2.2.3",0.48824465595593,FALSE,TRUE,36
"2.1.2.1.3.3.2.1.2.2.2.2.2.2.2.2.2.2.2.2.2.3",0.599276200626859,FALSE,TRUE,37
"2.1.2.1.3.3.2.2.1.2.2.2.2.2.2.2.2.2.2.2.2.3",0.670584886564343,FALSE,TRUE,36
"2.1.2.1.3.3.2.2.2.1.2.2.2.2.2.2.2.2.2.2.2.3",0.611101102623653,FALSE,TRUE,37
"2.1.2.1.3.3.2.2.2.2.1.2.2.2.2.2.2.2.2.2.2.3",0.508245912909589,FALSE,TRUE,38
"2.1.2.1.3.3.2.2.2.2.2.2.1.2.2.2.2.2.2.2.2.3",0.577897683670899,FALSE,TRUE,37
"2.1.2.1.3.3.2.2.2.2.2.2.2.1.2.2.2.2.2.2.2.3",0.573037309539162,FALSE,TRUE,37
"2.1.2.1.3.3.2.2.2.2.2.2.2.2.1.2.2.2.2.2.2.3",0.602293149058033,FALSE,TRUE,37
"2.1.2.1.3.3.2.2.2.2.2.2.2.2.2.1.2.2.2.2.2.3",0.563780042825903,FALSE,TRUE,37
"2.1.2.1.3.3.2.2.2.2.2.2.2.2.2.2.1.2.2.2.2.3",0.571797589799363,FALSE,TRUE,37
"2.1.2.1.3.3.2.2.2.2.2.2.2.2.2.2.2.1.2.2.2.3",0.551269845087378,FALSE,TRUE,37
"2.1.2.1.3.3.2.2.2.2.2.2.2.2.2.2.2.2.1.2.2.3",0.497204987014457,FALSE,TRUE,37
"2.1.2.1.3.3.2.2.2.2.2.2.2.2.2.2.2.2.2.1.2.3",0.598103817451675,FALSE,TRUE,37
"2.1.2.1.3.3.2.2.2.2.2.2.2.2.2.2.2.2.2.2.1.3",0.565929192947086,FALSE,TRUE,37
"2.2.2.1.3.2.3.2.1.2.2.1.2.2.2.2.2.3.2.2.2.1",0.58910290319481,FALSE,TRUE,38
"2.1.3.1.3.2.3.2.1.2.2.1.2.2.2.2.2.3.2.2.2.1",0.685950311112181,FALSE,TRUE,35
"2.1.2.2.3.2.3.2.1.2.2.1.2.2.2.2.2.3.2.2.2.1",0.628781019310545,FALSE,TRUE,36
"2.1.2.1.4.2.3.2.1.2.2.1.2.2.2.2.2.3.2.2.2.1",0.661970467481084,FALSE,TRUE,37
"2.1.2.1.3.3.3.2.1.2.2.1.2.2.2.2.2.3.2.2.2.1",0.751462936186762,FALSE,TRUE,37
"2.1.2.1.3.2.4.2.1.2.2.1.2.2.2.2.2.3.2.2.2.1",0.673585439103043,FALSE,TRUE,37
"2.1.2.1.3.2.3.3.1.2.2.1.2.2.2.2.2.3.2.2.2.1",0.674426963190688,FALSE,TRUE,37
"2.1.2.1.3.2.3.2.2.2.2.1.2.2.2.2.2.3.2.2.2.1",0.603963236842969,FALSE,TRUE,38
"2.1.2.1.3.2.3.2.1.3.2.1.2.2.2.2.2.3.2.2.2.1",0.654861626797675,FALSE,TRUE,37
"2.1.2.1.3.2.3.2.1.2.3.1.2.2.2.2.2.3.2.2.2.1",0.709362952862138,FALSE,TRUE,37
"2.1.2.1.3.2.3.2.1.2.2.1.3.2.2.2.2.3.2.2.2.1",0.645213435392108,FALSE,TRUE,37
"2.1.2.1.3.2.3.2.1.2.2.1.2.3.2.2.2.3.2.2.2.1",0.65298736873738,FALSE,TRUE,37
"2.1.2.1.3.2.3.2.1.2.2.1.2.2.3.2.2.3.2.2.2.1",0.557905754430544,FALSE,TRUE,37
"2.1.2.1.3.2.3.2.1.2.2.1.2.2.2.3.2.3.2.2.2.1",0.650693450539954,FALSE,TRUE,37
"2.1.2.1.3.2.3.2.1.2.2.1.2.2.2.2.3.3.2.2.2.1",0.647086542488635,FALSE,TRUE,37
"2.1.2.1.3.2.3.2.1.2.2.1.2.2.2.2.2.4.2.2.2.1",0.598038407501318,FALSE,TRUE,37
"2.1.2.1.3.2.3.2.1.2.2.1.2.2.2.2.2.3.3.2.2.1",0.703573317385939,FALSE,TRUE,37
"2.1.2.1.3.2.3.2.1.2.2.1.2.2.2.2.2.3.2.3.2.1",0.599908137899528,FALSE,TRUE,37
"2.1.2.1.3.2.3.2.1.2.2.1.2.2.2.2.2.3.2.2.3.1",0.643950905111493,FALSE,TRUE,37
"1.1.2.1.3.2.3.2.1.2.2.1.2.2.2.2.2.3.2.2.2.1",0.590135466698035,FALSE,TRUE,36
"2.1.1.1.3.2.3.2.1.2.2.1.2.2.2.2.2.3.2.2.2.1",0.533408206537947,FALSE,TRUE,36
"2.1.2.1.2.2.3.2.1.2.2.1.2.2.2.2.2.3.2.2.2.1",0.570874092750177,FALSE,TRUE,37
"2.1.2.1.3.1.3.2.1.2.2.1.2.2.2.2.2.3.2.2.2.1",0.455741388425503,FALSE,TRUE,36
"2.1.2.1.3.2.2.2.1.2.2.1.2.2.2.2.2.3.2.2.2.1",0.579391466005575,FALSE,TRUE,36
"2.1.2.1.3.2.3.1.1.2.2.1.2.2.2.2.2.3.2.2.2.1",0.549277636825513,FALSE,TRUE,36
"2.1.2.1.3.2.3.2.1.1.2.1.2.2.2.2.2.3.2.2.2.1",0.585271181420206,FALSE,TRUE,36
"2.1.2.1.3.2.3.2.1.2.1.1.2.2.2.2.2.3.2.2.2.1",0.502370007972928,FALSE,TRUE,36
"2.1.2.1.3.2.3.2.1.2.2.1.1.2.2.2.2.3.2.2.2.1",0.606335793840161,FALSE,TRUE,36
"2.1.2.1.3.2.3.2.1.2.2.1.2.1.2.2.2.3.2.2.2.1",0.559531731299568,FALSE,TRUE,36
"2.1.2.1.3.2.3.2.1.2.2.1.2.2.1.2.2.3.2.2.2.1",0.680023156058079,FALSE,TRUE,36
"2.1.2.1.3.2.3.2.1.2.2.1.2.2.2.1.2.3.2.2.2.1",0.586289531001986,FALSE,TRUE,35
"2.1.2.1.3.2.3.2.1.2.2.1.2.2.2.2.1.3.2.2.2.1",0.580609472373672,FALSE,TRUE,36
"2.1.2.1.3.2.3.2.1.2.2.1.2.2.2.2.2.2.2.2.2.1",0.657176355388462,FALSE,TRUE,37
"2.1.2.1.3.2.3.2.1.2.2.1.2.2.2.2.2.3.1.2.2.1",0.529689258656386,FALSE,TRUE,36
"2.1.2.1.3.2.3.2.1.2.2.1.2.2.2.2.2.3.2.1.2.1",0.622964774885873,FALSE,TRUE,36
"2.1.2.1.3.2.3.2.1.2.2.1.2.2.2.2.2.3.2.2.1.1",0.58855646068121,FALSE,TRUE,36
"3.1.2.1.3.3.2.2.2.2.3.2.2.2.2.2.2.2.2.2.2.3",0.564724718038922,FALSE,TRUE,39
"2.2.2.1.3.3.2.2.2.2.3.2.2.2.2.2.2.2.2.2.2.3",0.484305632157407,FALSE,TRUE,41
"2.1.3.1.3.3.2.2.2.2.3.2.2.2.2.2.2.2.2.2.2.3",0.534874633791072,FALSE,TRUE,40
"2.1.2.2.3.3.2.2.2.2.3.2.2.2.2.2.2.2.2.2.2.3",0.542132544249296,FALSE,TRUE,41
"2.1.2.1.4.3.2.2.2.2.3.2.2.2.2.2.2.2.2.2.2.3",0.54337437670525,FALSE,TRUE,40
"2.1.2.1.3.4.2.2.2.2.3.2.2.2.2.2.2.2.2.2.2.3",0.538521405729408,FALSE,TRUE,40
"2.1.2.1.3.3.3.2.2.2.3.2.2.2.2.2.2.2.2.2.2.3",0.642933732871205,FALSE,TRUE,40
"2.1.2.1.3.3.2.3.2.2.3.2.2.2.2.2.2.2.2.2.2.3",0.514830508630857,FALSE,TRUE,40
"2.1.2.1.3.3.2.2.3.2.3.2.2.2.2.2.2.2.2.2.2.3",0.449665755647161,FALSE,TRUE,40
"2.1.2.1.3.3.2.2.2.3.3.2.2.2.2.2.2.2.2.2.2.3",0.511740853324777,FALSE,TRUE,40
"2.1.2.1.3.3.2.2.2.2.4.2.2.2.2.2.2.2.2.2.2.3",0.549135647227284,FALSE,TRUE,41
"2.1.2.1.3.3.2.2.2.2.3.3.2.2.2.2.2.2.2.2.2.3",0.486466392939937,FALSE,TRUE,40
"2.1.2.1.3.3.2.2.2.2.3.2.3.2.2.2.2.2.2.2.2.3",0.539631235120009,FALSE,TRUE,39
"2.1.2.1.3.3.2.2.2.2.3.2.2.3.2.2.2.2.2.2.2.3",0.495812075612077,FALSE,TRUE,40
"2.1.2.1.3.3.2.2.2.2.3.2.2.2.3.2.2.2.2.2.2.3",0.556291390046181,FALSE,TRUE,40
"2.1.2.1.3.3.2.2.2.2.3.2.2.2.2.3.2.2.2.2.2.3",0.550377682054671,FALSE,TRUE,40
"2.1.2.1.3.3.2.2.2.2.3.2.2.2.2.2.3.2.2.2.2.3",0.532614865310032,FALSE,TRUE,40
"2.1.2.1.3.3.2.2.2.2.3.2.2.2.2.2.2.3.2.2.2.3",0.593582518779921,FALSE,TRUE,40
"2.1.2.1.3.3.2.2.2.2.3.2.2.2.2.2.2.2.3.2.2.3",0.653990078473939,FALSE,TRUE,40
"2.1.2.1.3.3.2.2.2.2.3.2.2.2.2.2.2.2.2.3.2.3",0.523236980771737,FALSE,TRUE,40
"2.1.2.1.3.3.2.2.2.2.3.2.2.2.2.2.2.2.2.2.3.3",0.531806279459678,FALSE,TRUE,39
"2.1.2.1.3.3.2.2.2.2.3.2.2.2.2.2.2.2.2.2.2.4",0.538755032133146,FALSE,TRUE,40
"1.1.2.1.3.3.2.2.2.2.3.2.2.2.2.2.2.2.2.2.2.3",0.559904348025808,FALSE,TRUE,39
"2.1.1.1.3.3.2.2.2.2.3.2.2.2.2.2.2.2.2.2.2.3",0.576401982086649,FALSE,TRUE,39
"2.1.2.1.2.3.2.2.2.2.3.2.2.2.2.2.2.2.2.2.2.3",0.582449224307413,FALSE,TRUE,40
"2.1.2.1.3.3.1.2.2.2.3.2.2.2.2.2.2.2.2.2.2.3",0.503544759060106,FALSE,TRUE,39
"2.1.2.1.3.3.2.1.2.2.3.2.2.2.2.2.2.2.2.2.2.3",0.602155676096036,FALSE,TRUE,39
"2.1.2.1.3.3.2.2.1.2.3.2.2.2.2.2.2.2.2.2.2.3",0.677995850708693,FALSE,TRUE,39
"2.1.2.1.3.3.2.2.2.1.3.2.2.2.2.2.2.2.2.2.2.3",0.628396837606158,FALSE,TRUE,39
"2.1.2.1.3.3.2.2.2.2.3.1.2.2.2.2.2.2.2.2.2.3",0.65655792020418,FALSE,TRUE,39
"2.1.2.1.3.3.2.2.2.2.3.2.1.2.2.2.2.2.2.2.2.3",0.609289653743026,FALSE,TRUE,39
"2.1.2.1.3.3.2.2.2.2.3.2.2.1.2.2.2.2.2.2.2.3",0.61064483081452,FALSE,TRUE,39
"2.1.2.1.3.3.2.2.2.2.3.2.2.2.1.2.2.2.2.2.2.3",0.591373700813017,FALSE,TRUE,39
"2.1.2.1.3.3.2.2.2.2.3.2.2.2.2.1.2.2.2.2.2.3",0.588973423241342,FALSE,TRUE,39
"2.1.2.1.3.3.2.2.2.2.3.2.2.2.2.2.1.2.2.2.2.3",0.599079571219224,FALSE,TRUE,39
"2.1.2.1.3.3.2.2.2.2.3.2.2.2.2.2.2.1.2.2.2.3",0.559048401972016,FALSE,TRUE,39
"2.1.2.1.3.3.2.2.2.2.3.2.2.2.2.2.2.2.1.2.2.3",0.468023448785178,FALSE,TRUE,39
"2.1.2.1.3.3.2.2.2.2.3.2.2.2.2.2.2.2.2.1.2.3",0.589409803044261,FALSE,TRUE,39
"2.1.2.1.3.3.2.2.2.2.3.2.2.2.2.2.2.2.2.2.1.3",0.58680180539619,FALSE,TRUE,39
"2.1.2.1.3.3.2.2.2.2.3.2.2.2.2.2.2.2.2.2.2.2",0.59969247119361,FALSE,TRUE,39
"3.3.2.2.2.2.2.2.2.2.2.2.2.2.2.2.2.2.2.2.2.2",0.379805407924241,FALSE,TRUE,41
"2.4.2.2.2.2.2.2.2.2.2.2.2.2.2.2.2.2.2.2.2.2",0.267751738632908,FALSE,TRUE,42
"2.3.3.2.2.2.2.2.2.2.2.2.2.2.2.2.2.2.2.2.2.2",0.386050095206841,FALSE,TRUE,40
"2.3.2.3.2.2.2.2.2.2.2.2.2.2.2.2.2.2.2.2.2.2",0.337709776940803,FALSE,TRUE,41
"2.3.2.2.3.2.2.2.2.2.2.2.2.2.2.2.2.2.2.2.2.2",0.359628627172961,FALSE,TRUE,41
"2.3.2.2.2.3.2.2.2.2.2.2.2.2.2.2.2.2.2.2.2.2",0.412776998267755,FALSE,TRUE,41
"2.3.2.2.2.2.3.2.2.2.2.2.2.2.2.2.2.2.2.2.2.2",0.408476801060749,FALSE,TRUE,40
"2.3.2.2.2.2.2.3.2.2.2.2.2.2.2.2.2.2.2.2.2.2",0.341737247698902,FALSE,TRUE,41
"2.3.2.2.2.2.2.2.3.2.2.2.2.2.2.2.2.2.2.2.2.2",0.259347077312996,FALSE,TRUE,41
"2.3.2.2.2.2.2.2.2.3.2.2.2.2.2.2.2.2.2.2.2.2",0.339478245793229,FALSE,TRUE,41
"2.3.2.2.2.2.2.2.2.2.3.2.2.2.2.2.2.2.2.2.2.2",0.392109926237113,FALSE,TRUE,42
"2.3.2.2.2.2.2.2.2.2.2.3.2.2.2.2.2.2.2.2.2.2",0.322639585882933,FALSE,TRUE,40
"2.3.2.2.2.2.2.2.2.2.2.2.3.2.2.2.2.2.2.2.2.2",0.336519438003755,FALSE,TRUE,41
"2.3.2.2.2.2.2.2.2.2.2.2.2.3.2.2.2.2.2.2.2.2",0.369910836100558,FALSE,TRUE,41
"2.3.2.2.2.2.2.2.2.2.2.2.2.2.3.2.2.2.2.2.2.2",0.303650413072552,FALSE,TRUE,41
"2.3.2.2.2.2.2.2.2.2.2.2.2.2.2.3.2.2.2.2.2.2",0.358053286596654,FALSE,TRUE,41
"2.3.2.2.2.2.2.2.2.2.2.2.2.2.2.2.3.2.2.2.2.2",0.315835538914746,FALSE,TRUE,41
"2.3.2.2.2.2.2.2.2.2.2.2.2.2.2.2.2.3.2.2.2.2",0.346568509599172,FALSE,TRUE,41
"2.3.2.2.2.2.2.2.2.2.2.2.2.2.2.2.2.2.3.2.2.2",0.403887783434426,FALSE,TRUE,41
"2.3.2.2.2.2.2.2.2.2.2.2.2.2.2.2.2.2.2.3.2.2",0.310560887163367,FALSE,TRUE,41
"2.3.2.2.2.2.2.2.2.2.2.2.2.2.2.2.2.2.2.2.3.2",0.344517721147354,FALSE,TRUE,41
"2.3.2.2.2.2.2.2.2.2.2.2.2.2.2.2.2.2.2.2.2.3",0.334971292907427,FALSE,TRUE,41
"1.3.2.2.2.2.2.2.2.2.2.2.2.2.2.2.2.2.2.2.2.2",0.29687316981673,FALSE,TRUE,40
"2.3.1.2.2.2.2.2.2.2.2.2.2.2.2.2.2.2.2.2.2.2",0.257663187990048,FALSE,TRUE,40
"2.3.2.2.1.2.2.2.2.2.2.2.2.2.2.2.2.2.2.2.2.2",0.314655128294578,FALSE,TRUE,40
"2.3.2.2.2.1.2.2.2.2.2.2.2.2.2.2.2.2.2.2.2.2",0.235442108855448,FALSE,TRUE,40
"2.3.2.2.2.2.1.2.2.2.2.2.2.2.2.2.2.2.2.2.2.2",0.295872364794033,FALSE,TRUE,40
"2.3.2.2.2.2.2.1.2.2.2.2.2.2.2.2.2.2.2.2.2.2",0.326759279676447,FALSE,TRUE,40
"2.3.2.2.2.2.2.2.1.2.2.2.2.2.2.2.2.2.2.2.2.2",0.410770873174868,FALSE,TRUE,40
"2.3.2.2.2.2.2.2.2.1.2.2.2.2.2.2.2.2.2.2.2.2",0.336799485819956,FALSE,TRUE,40
"2.3.2.2.2.2.2.2.2.2.2.1.2.2.2.2.2.2.2.2.2.2",0.367538658439913,FALSE,TRUE,39
"2.3.2.2.2.2.2.2.2.2.2.2.1.2.2.2.2.2.2.2.2.2",0.346115969520248,FALSE,TRUE,40
"2.3.2.2.2.2.2.2.2.2.2.2.2.1.2.2.2.2.2.2.2.2",0.298984047149324,FALSE,TRUE,40
"2.3.2.2.2.2.2.2.2.2.2.2.2.2.1.2.2.2.2.2.2.2",0.396038720527614,FALSE,TRUE,40
"2.3.2.2.2.2.2.2.2.2.2.2.2.2.2.1.2.2.2.2.2.2",0.33836888855948,FALSE,TRUE,40
"2.3.2.2.2.2.2.2.2.2.2.2.2.2.2.2.1.2.2.2.2.2",0.367979372834056,FALSE,TRUE,40
"2.3.2.2.2.2.2.2.2.2.2.2.2.2.2.2.2.1.2.2.2.2",0.343880923267349,FALSE,TRUE,40
"2.3.2.2.2.2.2.2.2.2.2.2.2.2.2.2.2.2.1.2.2.2",0.27485398257975,FALSE,TRUE,40
"2.3.2.2.2.2.2.2.2.2.2.2.2.2.2.2.2.2.2.1.2.2",0.370081897527462,FALSE,TRUE,40
"2.3.2.2.2.2.2.2.2.2.2.2.2.2.2.2.2.2.2.2.1.2",0.318737279862638,FALSE,TRUE,40
"3.1.3.2.3.2.3.2.1.1.2.2.2.2.2.2.2.3.2.2.2.2",0.61159805779775,FALSE,TRUE,39
"2.2.3.2.3.2.3.2.1.1.2.2.2.2.2.2.2.3.2.2.2.2",0.582739915715238,FALSE,TRUE,40
"2.1.4.2.3.2.3.2.1.1.2.2.2.2.2.2.2.3.2.2.2.2",0.624999590226033,FALSE,TRUE,39
"2.1.3.3.3.2.3.2.1.1.2.2.2.2.2.2.2.3.2.2.2.2",0.604457850562053,FALSE,TRUE,39
"2.1.3.2.4.2.3.2.1.1.2.2.2.2.2.2.2.3.2.2.2.2",0.653343689184179,FALSE,TRUE,39
"2.1.3.2.3.3.3.2.1.1.2.2.2.2.2.2.2.3.2.2.2.2",0.703092894429305,FALSE,TRUE,39
"2.1.3.2.3.2.4.2.1.1.2.2.2.2.2.2.2.3.2.2.2.2",0.677437412440631,FALSE,TRUE,39
"2.1.3.2.3.2.3.3.1.1.2.2.2.2.2.2.2.3.2.2.2.2",0.639375572240413,FALSE,TRUE,39
"2.1.3.2.3.2.3.2.2.1.2.2.2.2.2.2.2.3.2.2.2.2",0.59166910438551,FALSE,TRUE,40
"2.1.3.2.3.2.3.2.1.1.3.2.2.2.2.2.2.3.2.2.2.2",0.668088844943974,FALSE,TRUE,39
"2.1.3.2.3.2.3.2.1.1.2.3.2.2.2.2.2.3.2.2.2.2",0.595417596785601,FALSE,TRUE,39
"2.1.3.2.3.2.3.2.1.1.2.2.3.2.2.2.2.3.2.2.2.2",0.625593127590331,FALSE,TRUE,39
"2.1.3.2.3.2.3.2.1.1.2.2.2.3.2.2.2.3.2.2.2.2",0.611119626320536,FALSE,TRUE,38
"2.1.3.2.3.2.3.2.1.1.2.2.2.2.3.2.2.3.2.2.2.2",0.588261188358758,FALSE,TRUE,39
"2.1.3.2.3.2.3.2.1.1.2.2.2.2.2.3.2.3.2.2.2.2",0.637655506748781,FALSE,TRUE,39
"2.1.3.2.3.2.3.2.1.1.2.2.2.2.2.2.3.3.2.2.2.2",0.657760866334692,FALSE,TRUE,39
"2.1.3.2.3.2.3.2.1.1.2.2.2.2.2.2.2.3.3.2.2.2",0.735343218069905,FALSE,TRUE,39
"2.1.3.2.3.2.3.2.1.1.2.2.2.2.2.2.2.3.2.3.2.2",0.62264830317786,FALSE,TRUE,39
"2.1.3.2.3.2.3.2.1.1.2.2.2.2.2.2.2.3.2.2.3.2",0.640992284505376,FALSE,TRUE,39
"2.1.3.2.3.2.3.2.1.1.2.2.2.2.2.2.2.3.2.2.2.3",0.628629809662,FALSE,TRUE,39
"1.1.3.2.3.2.3.2.1.1.2.2.2.2.2.2.2.3.2.2.2.2",0.6353410443959,FALSE,TRUE,38
"2.1.2.2.3.2.3.2.1.1.2.2.2.2.2.2.2.3.2.2.2.2",0.610022315804693,FALSE,TRUE,38
"2.1.3.2.2.2.3.2.1.1.2.2.2.2.2.2.2.3.2.2.2.2",0.592873689544046,FALSE,TRUE,39
"2.1.3.2.3.1.3.2.1.1.2.2.2.2.2.2.2.3.2.2.2.2",0.520534813290894,FALSE,TRUE,38
"2.1.3.2.3.2.2.2.1.1.2.2.2.2.2.2.2.3.2.2.2.2",0.601215480467154,FALSE,TRUE,39
"2.1.3.2.3.2.3.1.1.1.2.2.2.2.2.2.2.3.2.2.2.2",0.608424110749459,FALSE,TRUE,38
"2.1.3.2.3.2.3.2.1.1.1.2.2.2.2.2.2.3.2.2.2.2",0.564201303080837,FALSE,TRUE,37
"2.1.3.2.3.2.3.2.1.1.2.2.1.2.2.2.2.3.2.2.2.2",0.647934550604264,FALSE,TRUE,38
"2.1.3.2.3.2.3.2.1.1.2.2.2.1.2.2.2.3.2.2.2.2",0.617860113792363,FALSE,TRUE,38
"2.1.3.2.3.2.3.2.1.1.2.2.2.2.1.2.2.3.2.2.2.2",0.682375017221818,FALSE,TRUE,38
"2.1.3.2.3.2.3.2.1.1.2.2.2.2.2.1.2.3.2.2.2.2",0.627952319294089,FALSE,TRUE,38
"2.1.3.2.3.2.3.2.1.1.2.2.2.2.2.2.1.3.2.2.2.2",0.603339177758746,FALSE,TRUE,38
"2.1.3.2.3.2.3.2.1.1.2.2.2.2.2.2.2.2.2.2.2.2",0.666568813833612,FALSE,TRUE,39
"2.1.3.2.3.2.3.2.1.1.2.2.2.2.2.2.2.3.1.2.2.2",0.532710833314439,FALSE,TRUE,38
"2.1.3.2.3.2.3.2.1.1.2.2.2.2.2.2.2.3.2.1.2.2",0.638226271673234,FALSE,TRUE,38
"2.1.3.2.3.2.3.2.1.1.2.2.2.2.2.2.2.3.2.2.1.2",0.604217496872362,FALSE,TRUE,38
"2.1.3.2.3.2.3.2.1.1.2.2.2.2.2.2.2.3.2.2.2.1",0.635666069935515,FALSE,TRUE,38
"3.1.3.2.3.2.3.2.1.2.2.2.2.3.2.2.2.4.2.2.2.2",0.499164070693329,FALSE,TRUE,39
"2.2.3.2.3.2.3.2.1.2.2.2.2.3.2.2.2.4.2.2.2.2",0.53576241843442,FALSE,TRUE,40
"2.1.4.2.3.2.3.2.1.2.2.2.2.3.2.2.2.4.2.2.2.2",0.514392662802508,FALSE,TRUE,39
"2.1.3.3.3.2.3.2.1.2.2.2.2.3.2.2.2.4.2.2.2.2",0.525630439306289,FALSE,TRUE,39
"2.1.3.2.4.2.3.2.1.2.2.2.2.3.2.2.2.4.2.2.2.2",0.565311485567355,FALSE,TRUE,39
"2.1.3.2.3.3.3.2.1.2.2.2.2.3.2.2.2.4.2.2.2.2",0.614316061398622,FALSE,TRUE,39
"2.1.3.2.3.2.4.2.1.2.2.2.2.3.2.2.2.4.2.2.2.2",0.627153524156097,FALSE,TRUE,39
"2.1.3.2.3.2.3.3.1.2.2.2.2.3.2.2.2.4.2.2.2.2",0.552107987908005,FALSE,TRUE,37
"2.1.3.2.3.2.3.2.2.2.2.2.2.3.2.2.2.4.2.2.2.2",0.50393986607115,FALSE,TRUE,40
"2.1.3.2.3.2.3.2.1.2.3.2.2.3.2.2.2.4.2.2.2.2",0.574589084154247,FALSE,TRUE,39
"2.1.3.2.3.2.3.2.1.2.2.3.2.3.2.2.2.4.2.2.2.2",0.501672014779836,FALSE,TRUE,39
"2.1.3.2.3.2.3.2.1.2.2.2.3.3.2.2.2.4.2.2.2.2",0.555007425844793,FALSE,TRUE,39
"2.1.3.2.3.2.3.2.1.2.2.2.2.4.2.2.2.4.2.2.2.2",0.493081391390395,FALSE,TRUE,40
"2.1.3.2.3.2.3.2.1.2.2.2.2.3.3.2.2.4.2.2.2.2",0.515329975833464,FALSE,TRUE,39
"2.1.3.2.3.2.3.2.1.2.2.2.2.3.2.3.2.4.2.2.2.2",0.55686036603489,FALSE,TRUE,39
"2.1.3.2.3.2.3.2.1.2.2.2.2.3.2.2.3.4.2.2.2.2",0.613233752636553,FALSE,TRUE,39
"2.1.3.2.3.2.3.2.1.2.2.2.2.3.2.2.2.5.2.2.2.2",0.549935297557142,FALSE,TRUE,39
"2.1.3.2.3.2.3.2.1.2.2.2.2.3.2.2.2.4.3.2.2.2",0.684919361894496,FALSE,TRUE,39
"2.1.3.2.3.2.3.2.1.2.2.2.2.3.2.2.2.4.2.3.2.2",0.568584674633411,FALSE,TRUE,39
"2.1.3.2.3.2.3.2.1.2.2.2.2.3.2.2.2.4.2.2.3.2",0.551773889938997,FALSE,TRUE,39
"2.1.3.2.3.2.3.2.1.2.2.2.2.3.2.2.2.4.2.2.2.3",0.563461038210875,FALSE,TRUE,39
"1.1.3.2.3.2.3.2.1.2.2.2.2.3.2.2.2.4.2.2.2.2",0.624575921814456,FALSE,TRUE,38
"2.1.2.2.3.2.3.2.1.2.2.2.2.3.2.2.2.4.2.2.2.2",0.593884641835996,FALSE,TRUE,38
"2.1.3.1.3.2.3.2.1.2.2.2.2.3.2.2.2.4.2.2.2.2",0.610982880636764,FALSE,TRUE,37
"2.1.3.2.2.2.3.2.1.2.2.2.2.3.2.2.2.4.2.2.2.2",0.55335655019591,FALSE,TRUE,39
"2.1.3.2.3.1.3.2.1.2.2.2.2.3.2.2.2.4.2.2.2.2",0.48698380707421,FALSE,TRUE,38
"2.1.3.2.3.2.2.2.1.2.2.2.2.3.2.2.2.4.2.2.2.2",0.524520470203169,FALSE,TRUE,39
"2.1.3.2.3.2.3.1.1.2.2.2.2.3.2.2.2.4.2.2.2.2",0.570809285802872,FALSE,TRUE,38
"2.1.3.2.3.2.3.2.1.1.2.2.2.3.2.2.2.4.2.2.2.2",0.594099506317959,FALSE,TRUE,38
"2.1.3.2.3.2.3.2.1.2.2.1.2.3.2.2.2.4.2.2.2.2",0.639630552409688,FALSE,TRUE,37
"2.1.3.2.3.2.3.2.1.2.2.2.1.3.2.2.2.4.2.2.2.2",0.589840336591868,FALSE,TRUE,38
"2.1.3.2.3.2.3.2.1.2.2.2.2.3.1.2.2.4.2.2.2.2",0.626899600492857,FALSE,TRUE,38
"2.1.3.2.3.2.3.2.1.2.2.2.2.3.2.1.2.4.2.2.2.2",0.585768788699633,FALSE,TRUE,38
"2.1.3.2.3.2.3.2.1.2.2.2.2.3.2.2.1.4.2.2.2.2",0.521984715848058,FALSE,TRUE,38
"2.1.3.2.3.2.3.2.1.2.2.2.2.3.2.2.2.4.1.2.2.2",0.455262505953764,FALSE,TRUE,38
"2.1.3.2.3.2.3.2.1.2.2.2.2.3.2.2.2.4.2.1.2.2",0.566685800348249,FALSE,TRUE,38
"2.1.3.2.3.2.3.2.1.2.2.2.2.3.2.2.2.4.2.2.1.2",0.564668373380344,FALSE,TRUE,38
"2.1.3.2.3.2.3.2.1.2.2.2.2.3.2.2.2.4.2.2.2.1",0.5743110812631,FALSE,TRUE,38
"3.1.3.2.3.2.3.2.1.3.2.2.2.3.2.2.2.4.2.2.2.2",0.45421192907061,FALSE,TRUE,40
"2.2.3.2.3.2.3.2.1.3.2.2.2.3.2.2.2.4.2.2.2.2",0.509117602737307,FALSE,TRUE,41
"2.1.4.2.3.2.3.2.1.3.2.2.2.3.2.2.2.4.2.2.2.2",0.463872115406825,FALSE,TRUE,40
"2.1.3.3.3.2.3.2.1.3.2.2.2.3.2.2.2.4.2.2.2.2",0.48939075554432,FALSE,TRUE,40
"2.1.3.2.4.2.3.2.1.3.2.2.2.3.2.2.2.4.2.2.2.2",0.519504890930358,FALSE,TRUE,40
"2.1.3.2.3.3.3.2.1.3.2.2.2.3.2.2.2.4.2.2.2.2",0.5708529597521,FALSE,TRUE,40
"2.1.3.2.3.2.4.2.1.3.2.2.2.3.2.2.2.4.2.2.2.2",0.607210772897131,FALSE,TRUE,40
"2.1.3.2.3.2.3.3.1.3.2.2.2.3.2.2.2.4.2.2.2.2",0.511582204352515,FALSE,TRUE,40
"2.1.3.2.3.2.3.2.2.3.2.2.2.3.2.2.2.4.2.2.2.2",0.456143639206432,FALSE,TRUE,41
"2.1.3.2.3.2.3.2.1.4.2.2.2.3.2.2.2.4.2.2.2.2",0.492592527216614,FALSE,TRUE,41
"2.1.3.2.3.2.3.2.1.3.3.2.2.3.2.2.2.4.2.2.2.2",0.531040712897025,FALSE,TRUE,40
"2.1.3.2.3.2.3.2.1.3.2.3.2.3.2.2.2.4.2.2.2.2",0.459631265219364,FALSE,TRUE,40
"2.1.3.2.3.2.3.2.1.3.2.2.3.3.2.2.2.4.2.2.2.2",0.513881018492451,FALSE,TRUE,40
"2.1.3.2.3.2.3.2.1.3.2.2.2.4.2.2.2.4.2.2.2.2",0.456675211886286,FALSE,TRUE,40
"2.1.3.2.3.2.3.2.1.3.2.2.2.3.3.2.2.4.2.2.2.2",0.482589913997059,FALSE,TRUE,40
"2.1.3.2.3.2.3.2.1.3.2.2.2.3.2.3.2.4.2.2.2.2",0.530153818484059,FALSE,TRUE,40
"2.1.3.2.3.2.3.2.1.3.2.2.2.3.2.2.3.4.2.2.2.2",0.586757022403208,FALSE,TRUE,40
"2.1.3.2.3.2.3.2.1.3.2.2.2.3.2.2.2.5.2.2.2.2",0.512624290929755,FALSE,TRUE,40
"2.1.3.2.3.2.3.2.1.3.2.2.2.3.2.2.2.4.3.2.2.2",0.64730886276271,FALSE,TRUE,40
"2.1.3.2.3.2.3.2.1.3.2.2.2.3.2.2.2.4.2.3.2.2",0.544306510360723,FALSE,TRUE,40
"2.1.3.2.3.2.3.2.1.3.2.2.2.3.2.2.2.4.2.2.3.2",0.502617689896296,FALSE,TRUE,40
"2.1.3.2.3.2.3.2.1.3.2.2.2.3.2.2.2.4.2.2.2.3",0.532342950465642,FALSE,TRUE,40
"1.1.3.2.3.2.3.2.1.3.2.2.2.3.2.2.2.4.2.2.2.2",0.605137308155231,FALSE,TRUE,39
"2.1.2.2.3.2.3.2.1.3.2.2.2.3.2.2.2.4.2.2.2.2",0.579331529832294,FALSE,TRUE,40
"2.1.3.1.3.2.3.2.1.3.2.2.2.3.2.2.2.4.2.2.2.2",0.580295058077709,FALSE,TRUE,39
"2.1.3.2.2.2.3.2.1.3.2.2.2.3.2.2.2.4.2.2.2.2",0.531865939572325,FALSE,TRUE,40
"2.1.3.2.3.1.3.2.1.3.2.2.2.3.2.2.2.4.2.2.2.2",0.469050596689878,FALSE,TRUE,39
"2.1.3.2.3.2.2.2.1.3.2.2.2.3.2.2.2.4.2.2.2.2",0.477564830904912,FALSE,TRUE,40
"2.1.3.2.3.2.3.1.1.3.2.2.2.3.2.2.2.4.2.2.2.2",0.544035351280601,FALSE,TRUE,39
"2.1.3.2.3.2.3.2.1.3.1.2.2.3.2.2.2.4.2.2.2.2",0.515475203844677,FALSE,TRUE,38
"2.1.3.2.3.2.3.2.1.3.2.1.2.3.2.2.2.4.2.2.2.2",0.616799809177984,FALSE,TRUE,39
"2.1.3.2.3.2.3.2.1.3.2.2.1.3.2.2.2.4.2.2.2.2",0.562568544992574,FALSE,TRUE,39
"2.1.3.2.3.2.3.2.1.3.2.2.2.3.1.2.2.4.2.2.2.2",0.589302600400968,FALSE,TRUE,39
"2.1.3.2.3.2.3.2.1.3.2.2.2.3.2.1.2.4.2.2.2.2",0.545575216611609,FALSE,TRUE,39
"2.1.3.2.3.2.3.2.1.3.2.2.2.3.2.2.1.4.2.2.2.2",0.479902086736653,FALSE,TRUE,39
"2.1.3.2.3.2.3.2.1.3.2.2.2.3.2.2.2.3.2.2.2.2",0.568312094926427,FALSE,TRUE,39
"2.1.3.2.3.2.3.2.1.3.2.2.2.3.2.2.2.4.1.2.2.2",0.42138766410091,FALSE,TRUE,39
"2.1.3.2.3.2.3.2.1.3.2.2.2.3.2.2.2.4.2.1.2.2",0.522002810297089,FALSE,TRUE,39
"2.1.3.2.3.2.3.2.1.3.2.2.2.3.2.2.2.4.2.2.1.2",0.548005352469584,FALSE,TRUE,39
"2.1.3.2.3.2.3.2.1.3.2.2.2.3.2.2.2.4.2.2.2.1",0.537868734177879,FALSE,TRUE,39
"3.2.2.2.2.2.2.2.2.2.2.3.2.2.2.2.2.2.2.2.2.1",0.360173093515098,FALSE,TRUE,41
"2.3.2.2.2.2.2.2.2.2.2.3.2.2.2.2.2.2.2.2.2.1",0.306365669119578,FALSE,TRUE,40
"2.2.2.3.2.2.2.2.2.2.2.3.2.2.2.2.2.2.2.2.2.1",0.34430087712429,FALSE,TRUE,41
"2.2.2.2.3.2.2.2.2.2.2.3.2.2.2.2.2.2.2.2.2.1",0.380307508032714,FALSE,TRUE,41
"2.2.2.2.2.3.2.2.2.2.2.3.2.2.2.2.2.2.2.2.2.1",0.443163172819572,FALSE,TRUE,41
"2.2.2.2.2.2.3.2.2.2.2.3.2.2.2.2.2.2.2.2.2.1",0.434748920381859,FALSE,TRUE,41
"2.2.2.2.2.2.2.3.2.2.2.3.2.2.2.2.2.2.2.2.2.1",0.375708364239181,FALSE,TRUE,41
"2.2.2.2.2.2.2.2.3.2.2.3.2.2.2.2.2.2.2.2.2.1",0.292033653545644,FALSE,TRUE,41
"2.2.2.2.2.2.2.2.2.3.2.3.2.2.2.2.2.2.2.2.2.1",0.350026362717599,FALSE,TRUE,41
"2.2.2.2.2.2.2.2.2.2.3.3.2.2.2.2.2.2.2.2.2.1",0.391754373916501,FALSE,TRUE,40
"2.2.2.2.2.2.2.2.2.2.2.4.2.2.2.2.2.2.2.2.2.1",0.314795913077264,FALSE,TRUE,42
"2.2.2.2.2.2.2.2.2.2.2.3.3.2.2.2.2.2.2.2.2.1",0.37323837659673,FALSE,TRUE,41
"2.2.2.2.2.2.2.2.2.2.2.3.2.3.2.2.2.2.2.2.2.1",0.346590525979076,FALSE,TRUE,41
"2.2.2.2.2.2.2.2.2.2.2.3.2.2.3.2.2.2.2.2.2.1",0.298908745548271,FALSE,TRUE,41
"2.2.2.2.2.2.2.2.2.2.2.3.2.2.2.3.2.2.2.2.2.1",0.362620195307344,FALSE,TRUE,41
"2.2.2.2.2.2.2.2.2.2.2.3.2.2.2.2.3.2.2.2.2.1",0.348057474742792,FALSE,TRUE,41
"2.2.2.2.2.2.2.2.2.2.2.3.2.2.2.2.2.3.2.2.2.1",0.371420744751874,FALSE,TRUE,41
"2.2.2.2.2.2.2.2.2.2.2.3.2.2.2.2.2.2.3.2.2.1",0.465962751684206,FALSE,TRUE,41
"2.2.2.2.2.2.2.2.2.2.2.3.2.2.2.2.2.2.2.3.2.1",0.34869839442489,FALSE,TRUE,41
"2.2.2.2.2.2.2.2.2.2.2.3.2.2.2.2.2.2.2.2.3.1",0.349138633048135,FALSE,TRUE,41
"1.2.2.2.2.2.2.2.2.2.2.3.2.2.2.2.2.2.2.2.2.1",0.364811235254554,FALSE,TRUE,40
"2.1.2.2.2.2.2.2.2.2.2.3.2.2.2.2.2.2.2.2.2.1",0.432936532482818,FALSE,TRUE,39
"2.2.1.2.2.2.2.2.2.2.2.3.2.2.2.2.2.2.2.2.2.1",0.305045775727082,FALSE,TRUE,40
"2.2.2.1.2.2.2.2.2.2.2.3.2.2.2.2.2.2.2.2.2.1",0.370628948198435,FALSE,TRUE,39
"2.2.2.2.1.2.2.2.2.2.2.3.2.2.2.2.2.2.2.2.2.1",0.338906464121238,FALSE,TRUE,40
"2.2.2.2.2.1.2.2.2.2.2.3.2.2.2.2.2.2.2.2.2.1",0.247104629486913,FALSE,TRUE,40
"2.2.2.2.2.2.1.2.2.2.2.3.2.2.2.2.2.2.2.2.2.1",0.312446746919914,FALSE,TRUE,40
"2.2.2.2.2.2.2.1.2.2.2.3.2.2.2.2.2.2.2.2.2.1",0.340808981595702,FALSE,TRUE,40
"2.2.2.2.2.2.2.2.1.2.2.3.2.2.2.2.2.2.2.2.2.1",0.426008922981531,FALSE,TRUE,40
"2.2.2.2.2.2.2.2.2.1.2.3.2.2.2.2.2.2.2.2.2.1",0.373708575846269,FALSE,TRUE,40
"2.2.2.2.2.2.2.2.2.2.1.3.2.2.2.2.2.2.2.2.2.1",0.309159131444913,FALSE,TRUE,40
"2.2.2.2.2.2.2.2.2.2.2.3.1.2.2.2.2.2.2.2.2.1",0.355253009012766,FALSE,TRUE,40
"2.2.2.2.2.2.2.2.2.2.2.3.2.1.2.2.2.2.2.2.2.1",0.358364092656077,FALSE,TRUE,40
"2.2.2.2.2.2.2.2.2.2.2.3.2.2.1.2.2.2.2.2.2.1",0.441321148686032,FALSE,TRUE,40
"2.2.2.2.2.2.2.2.2.2.2.3.2.2.2.1.2.2.2.2.2.1",0.372568107984518,FALSE,TRUE,40
"2.2.2.2.2.2.2.2.2.2.2.3.2.2.2.2.1.2.2.2.2.1",0.377757083220416,FALSE,TRUE,40
"2.2.2.2.2.2.2.2.2.2.2.3.2.2.2.2.2.1.2.2.2.1",0.36513041679033,FALSE,TRUE,40
"2.2.2.2.2.2.2.2.2.2.2.3.2.2.2.2.2.2.1.2.2.1",0.260402267273444,FALSE,TRUE,40
"2.2.2.2.2.2.2.2.2.2.2.3.2.2.2.2.2.2.2.1.2.1",0.371976673978714,FALSE,TRUE,40
"2.2.2.2.2.2.2.2.2.2.2.3.2.2.2.2.2.2.2.2.1.1",0.363837867395345,FALSE,TRUE,40
"3.2.2.2.2.2.2.2.2.2.2.1.2.2.2.2.2.2.2.2.2.2",0.478776264727398,FALSE,TRUE,40
"2.2.3.2.2.2.2.2.2.2.2.1.2.2.2.2.2.2.2.2.2.2",0.511934339578102,FALSE,TRUE,40
"2.2.2.3.2.2.2.2.2.2.2.1.2.2.2.2.2.2.2.2.2.2",0.438355933212774,FALSE,TRUE,40
"2.2.2.2.3.2.2.2.2.2.2.1.2.2.2.2.2.2.2.2.2.2",0.492817463428675,FALSE,TRUE,40
"2.2.2.2.2.3.2.2.2.2.2.1.2.2.2.2.2.2.2.2.2.2",0.539843240109634,FALSE,TRUE,40
"2.2.2.2.2.2.3.2.2.2.2.1.2.2.2.2.2.2.2.2.2.2",0.515219303626904,FALSE,TRUE,39
"2.2.2.2.2.2.2.3.2.2.2.1.2.2.2.2.2.2.2.2.2.2",0.456699487906849,FALSE,TRUE,40
"2.2.2.2.2.2.2.2.3.2.2.1.2.2.2.2.2.2.2.2.2.2",0.387265333385191,FALSE,TRUE,40
"2.2.2.2.2.2.2.2.2.3.2.1.2.2.2.2.2.2.2.2.2.2",0.45730427924232,FALSE,TRUE,40
"2.2.2.2.2.2.2.2.2.2.3.1.2.2.2.2.2.2.2.2.2.2",0.511717400800639,FALSE,TRUE,40
"2.2.2.2.2.2.2.2.2.2.2.1.3.2.2.2.2.2.2.2.2.2",0.45033943053088,FALSE,TRUE,40
"2.2.2.2.2.2.2.2.2.2.2.1.2.3.2.2.2.2.2.2.2.2",0.462880374616648,FALSE,TRUE,40
"2.2.2.2.2.2.2.2.2.2.2.1.2.2.3.2.2.2.2.2.2.2",0.412823251214085,FALSE,TRUE,40
"2.2.2.2.2.2.2.2.2.2.2.1.2.2.2.3.2.2.2.2.2.2",0.45178150942544,FALSE,TRUE,40
"2.2.2.2.2.2.2.2.2.2.2.1.2.2.2.2.3.2.2.2.2.2",0.427475775513184,FALSE,TRUE,40
"2.2.2.2.2.2.2.2.2.2.2.1.2.2.2.2.2.3.2.2.2.2",0.455405378204869,FALSE,TRUE,40
"2.2.2.2.2.2.2.2.2.2.2.1.2.2.2.2.2.2.3.2.2.2",0.529211468330607,FALSE,TRUE,40
"2.2.2.2.2.2.2.2.2.2.2.1.2.2.2.2.2.2.2.3.2.2",0.397791107235022,FALSE,TRUE,40
"2.2.2.2.2.2.2.2.2.2.2.1.2.2.2.2.2.2.2.2.3.2",0.479957510935621,FALSE,TRUE,40
"2.2.2.2.2.2.2.2.2.2.2.1.2.2.2.2.2.2.2.2.2.3",0.441625517513561,FALSE,TRUE,41
"1.2.2.2.2.2.2.2.2.2.2.1.2.2.2.2.2.2.2.2.2.2",0.409529914018515,FALSE,TRUE,39
"2.2.1.2.2.2.2.2.2.2.2.1.2.2.2.2.2.2.2.2.2.2",0.350430798578743,FALSE,TRUE,39
"2.2.2.2.1.2.2.2.2.2.2.1.2.2.2.2.2.2.2.2.2.2",0.398040348180029,FALSE,TRUE,39
"2.2.2.2.2.1.2.2.2.2.2.1.2.2.2.2.2.2.2.2.2.2",0.330596100010827,FALSE,TRUE,39
"2.2.2.2.2.2.1.2.2.2.2.1.2.2.2.2.2.2.2.2.2.2",0.409782077462225,FALSE,TRUE,39
"2.2.2.2.2.2.2.1.2.2.2.1.2.2.2.2.2.2.2.2.2.2",0.42376671928444,FALSE,TRUE,39
"2.2.2.2.2.2.2.2.1.2.2.1.2.2.2.2.2.2.2.2.2.2",0.500021765802587,FALSE,TRUE,39
"2.2.2.2.2.2.2.2.2.1.2.1.2.2.2.2.2.2.2.2.2.2",0.437399702032134,FALSE,TRUE,39
"2.2.2.2.2.2.2.2.2.2.1.1.2.2.2.2.2.2.2.2.2.2",0.368085945524799,FALSE,TRUE,38
"2.2.2.2.2.2.2.2.2.2.2.1.1.2.2.2.2.2.2.2.2.2",0.453272222957167,FALSE,TRUE,39
"2.2.2.2.2.2.2.2.2.2.2.1.2.1.2.2.2.2.2.2.2.2",0.421571618779958,FALSE,TRUE,39
"2.2.2.2.2.2.2.2.2.2.2.1.2.2.1.2.2.2.2.2.2.2",0.497403588829699,FALSE,TRUE,39
"2.2.2.2.2.2.2.2.2.2.2.1.2.2.2.1.2.2.2.2.2.2",0.454802595898146,FALSE,TRUE,39
"2.2.2.2.2.2.2.2.2.2.2.1.2.2.2.2.1.2.2.2.2.2",0.470109755496611,FALSE,TRUE,39
"2.2.2.2.2.2.2.2.2.2.2.1.2.2.2.2.2.1.2.2.2.2",0.457460224225564,FALSE,TRUE,39
"2.2.2.2.2.2.2.2.2.2.2.1.2.2.2.2.2.2.1.2.2.2",0.363891627827254,FALSE,TRUE,39
"2.2.2.2.2.2.2.2.2.2.2.1.2.2.2.2.2.2.2.1.2.2",0.49624517363933,FALSE,TRUE,39
"2.2.2.2.2.2.2.2.2.2.2.1.2.2.2.2.2.2.2.2.1.2",0.407960730177322,FALSE,TRUE,39
"3.1.3.2.3.2.3.3.1.2.1.2.2.2.2.2.2.4.2.2.2.2",0.470003818070622,FALSE,TRUE,39
"2.2.3.2.3.2.3.3.1.2.1.2.2.2.2.2.2.4.2.2.2.2",0.456956519280531,FALSE,TRUE,40
"2.1.4.2.3.2.3.3.1.2.1.2.2.2.2.2.2.4.2.2.2.2",0.481592988340089,FALSE,TRUE,39
"2.1.3.3.3.2.3.3.1.2.1.2.2.2.2.2.2.4.2.2.2.2",0.51290028409362,FALSE,TRUE,39
"2.1.3.2.4.2.3.3.1.2.1.2.2.2.2.2.2.4.2.2.2.2",0.523716730085482,FALSE,TRUE,39
"2.1.3.2.3.3.3.3.1.2.1.2.2.2.2.2.2.4.2.2.2.2",0.632840885694093,FALSE,TRUE,38
"2.1.3.2.3.2.4.3.1.2.1.2.2.2.2.2.2.4.2.2.2.2",0.566166264791032,FALSE,TRUE,39
"2.1.3.2.3.2.3.4.1.2.1.2.2.2.2.2.2.4.2.2.2.2",0.462528265619211,FALSE,TRUE,40
"2.1.3.2.3.2.3.3.2.2.1.2.2.2.2.2.2.4.2.2.2.2",0.452049190579103,FALSE,TRUE,40
"2.1.3.2.3.2.3.3.1.3.1.2.2.2.2.2.2.4.2.2.2.2",0.513436581181996,FALSE,TRUE,39
"2.1.3.2.3.2.3.3.1.2.1.3.2.2.2.2.2.4.2.2.2.2",0.47088728003399,FALSE,TRUE,39
"2.1.3.2.3.2.3.3.1.2.1.2.3.2.2.2.2.4.2.2.2.2",0.511384178326835,FALSE,TRUE,39
"2.1.3.2.3.2.3.3.1.2.1.2.2.3.2.2.2.4.2.2.2.2",0.501707567375559,FALSE,TRUE,38
"2.1.3.2.3.2.3.3.1.2.1.2.2.2.3.2.2.4.2.2.2.2",0.44596149184709,FALSE,TRUE,39
"2.1.3.2.3.2.3.3.1.2.1.2.2.2.2.3.2.4.2.2.2.2",0.542603110193086,FALSE,TRUE,39
"2.1.3.2.3.2.3.3.1.2.1.2.2.2.2.2.3.4.2.2.2.2",0.587134082780694,FALSE,TRUE,39
"2.1.3.2.3.2.3.3.1.2.1.2.2.2.2.2.2.5.2.2.2.2",0.473244866040097,FALSE,TRUE,39
"2.1.3.2.3.2.3.3.1.2.1.2.2.2.2.2.2.4.3.2.2.2",0.573159128006835,FALSE,TRUE,39
"2.1.3.2.3.2.3.3.1.2.1.2.2.2.2.2.2.4.2.3.2.2",0.475665700767106,FALSE,TRUE,39
"2.1.3.2.3.2.3.3.1.2.1.2.2.2.2.2.2.4.2.2.3.2",0.502375579007428,FALSE,TRUE,39
"2.1.3.2.3.2.3.3.1.2.1.2.2.2.2.2.2.4.2.2.2.3",0.476684720780186,FALSE,TRUE,39
"1.1.3.2.3.2.3.3.1.2.1.2.2.2.2.2.2.4.2.2.2.2",0.537476449310498,FALSE,TRUE,38
"2.1.2.2.3.2.3.3.1.2.1.2.2.2.2.2.2.4.2.2.2.2",0.507615931983571,FALSE,TRUE,38
"2.1.3.1.3.2.3.3.1.2.1.2.2.2.2.2.2.4.2.2.2.2",0.507793840648099,FALSE,TRUE,38
"2.1.3.2.2.2.3.3.1.2.1.2.2.2.2.2.2.4.2.2.2.2",0.486390830823173,FALSE,TRUE,39
"2.1.3.2.3.1.3.3.1.2.1.2.2.2.2.2.2.4.2.2.2.2",0.363891952067698,FALSE,TRUE,38
"2.1.3.2.3.2.2.3.1.2.1.2.2.2.2.2.2.4.2.2.2.2",0.481262966547363,FALSE,TRUE,39
"2.1.3.2.3.2.3.3.1.1.1.2.2.2.2.2.2.4.2.2.2.2",0.511778913419665,FALSE,TRUE,38
"2.1.3.2.3.2.3.3.1.2.1.1.2.2.2.2.2.4.2.2.2.2",0.563877459364977,FALSE,TRUE,38
"2.1.3.2.3.2.3.3.1.2.1.2.1.2.2.2.2.4.2.2.2.2",0.520280532530957,FALSE,TRUE,38
"2.1.3.2.3.2.3.3.1.2.1.2.2.1.2.2.2.4.2.2.2.2",0.498417044809044,FALSE,TRUE,38
"2.1.3.2.3.2.3.3.1.2.1.2.2.2.1.2.2.4.2.2.2.2",0.589258734186644,FALSE,TRUE,38
"2.1.3.2.3.2.3.3.1.2.1.2.2.2.2.1.2.4.2.2.2.2",0.486199083709948,FALSE,TRUE,38
"2.1.3.2.3.2.3.3.1.2.1.2.2.2.2.2.1.4.2.2.2.2",0.443635170197302,FALSE,TRUE,38
"2.1.3.2.3.2.3.3.1.2.1.2.2.2.2.2.2.3.2.2.2.2",0.565650406442741,FALSE,TRUE,38
"2.1.3.2.3.2.3.3.1.2.1.2.2.2.2.2.2.4.1.2.2.2",0.454698153703005,FALSE,TRUE,38
"2.1.3.2.3.2.3.3.1.2.1.2.2.2.2.2.2.4.2.1.2.2",0.550795635621533,FALSE,TRUE,38
"2.1.3.2.3.2.3.3.1.2.1.2.2.2.2.2.2.4.2.2.1.2",0.509418766014168,FALSE,TRUE,38
"2.1.3.2.3.2.3.3.1.2.1.2.2.2.2.2.2.4.2.2.2.1",0.543632130506339,FALSE,TRUE,38
"3.2.2.2.3.2.2.2.2.2.2.1.2.2.2.2.2.2.2.2.2.1",0.498801922692241,FALSE,TRUE,40
"2.3.2.2.3.2.2.2.2.2.2.1.2.2.2.2.2.2.2.2.2.1",0.404982414494786,FALSE,TRUE,40
"2.2.3.2.3.2.2.2.2.2.2.1.2.2.2.2.2.2.2.2.2.1",0.534197038953951,FALSE,TRUE,39
"2.2.2.3.3.2.2.2.2.2.2.1.2.2.2.2.2.2.2.2.2.1",0.455080244414919,FALSE,TRUE,40
"2.2.2.2.4.2.2.2.2.2.2.1.2.2.2.2.2.2.2.2.2.1",0.499586856660092,FALSE,TRUE,41
"2.2.2.2.3.3.2.2.2.2.2.1.2.2.2.2.2.2.2.2.2.1",0.568621805552858,FALSE,TRUE,40
"2.2.2.2.3.2.3.2.2.2.2.1.2.2.2.2.2.2.2.2.2.1",0.549370599894565,FALSE,TRUE,40
"2.2.2.2.3.2.2.3.2.2.2.1.2.2.2.2.2.2.2.2.2.1",0.499110613481152,FALSE,TRUE,40
"2.2.2.2.3.2.2.2.3.2.2.1.2.2.2.2.2.2.2.2.2.1",0.408088389525712,FALSE,TRUE,40
"2.2.2.2.3.2.2.2.2.3.2.1.2.2.2.2.2.2.2.2.2.1",0.476378608815749,FALSE,TRUE,40
"2.2.2.2.3.2.2.2.2.2.3.1.2.2.2.2.2.2.2.2.2.1",0.527597237280145,FALSE,TRUE,40
"2.2.2.2.3.2.2.2.2.2.2.1.3.2.2.2.2.2.2.2.2.1",0.47644131131436,FALSE,TRUE,40
"2.2.2.2.3.2.2.2.2.2.2.1.2.3.2.2.2.2.2.2.2.1",0.475518570099855,FALSE,TRUE,40
"2.2.2.2.3.2.2.2.2.2.2.1.2.2.3.2.2.2.2.2.2.1",0.427921688720001,FALSE,TRUE,40
"2.2.2.2.3.2.2.2.2.2.2.1.2.2.2.3.2.2.2.2.2.1",0.481423005843524,FALSE,TRUE,40
"2.2.2.2.3.2.2.2.2.2.2.1.2.2.2.2.3.2.2.2.2.1",0.46683212531078,FALSE,TRUE,40
"2.2.2.2.3.2.2.2.2.2.2.1.2.2.2.2.2.3.2.2.2.1",0.479536543484174,FALSE,TRUE,40
"2.2.2.2.3.2.2.2.2.2.2.1.2.2.2.2.2.2.3.2.2.1",0.579069146273456,FALSE,TRUE,40
"2.2.2.2.3.2.2.2.2.2.2.1.2.2.2.2.2.2.2.3.2.1",0.43779503719426,FALSE,TRUE,40
"2.2.2.2.3.2.2.2.2.2.2.1.2.2.2.2.2.2.2.2.3.1",0.487126628912388,FALSE,TRUE,40
"1.2.2.2.3.2.2.2.2.2.2.1.2.2.2.2.2.2.2.2.2.1",0.453014255334934,FALSE,TRUE,39
"2.1.2.2.3.2.2.2.2.2.2.1.2.2.2.2.2.2.2.2.2.1",0.556587463819428,FALSE,TRUE,39
"2.2.1.2.3.2.2.2.2.2.2.1.2.2.2.2.2.2.2.2.2.1",0.401116968895947,FALSE,TRUE,39
"2.2.2.1.3.2.2.2.2.2.2.1.2.2.2.2.2.2.2.2.2.1",0.486542078236174,FALSE,TRUE,39
"2.2.2.2.3.1.2.2.2.2.2.1.2.2.2.2.2.2.2.2.2.1",0.355056475118844,FALSE,TRUE,39
"2.2.2.2.3.2.1.2.2.2.2.1.2.2.2.2.2.2.2.2.2.1",0.426233431249103,FALSE,TRUE,39
"2.2.2.2.3.2.2.1.2.2.2.1.2.2.2.2.2.2.2.2.2.1",0.443929754869763,FALSE,TRUE,39
"2.2.2.2.3.2.2.2.1.2.2.1.2.2.2.2.2.2.2.2.2.1",0.54554014406566,FALSE,TRUE,39
"2.2.2.2.3.2.2.2.2.1.2.1.2.2.2.2.2.2.2.2.2.1",0.475659026281893,FALSE,TRUE,39
"2.2.2.2.3.2.2.2.2.2.1.1.2.2.2.2.2.2.2.2.2.1",0.400460816430963,FALSE,TRUE,39
"2.2.2.2.3.2.2.2.2.2.2.1.1.2.2.2.2.2.2.2.2.1",0.483611685695776,FALSE,TRUE,39
"2.2.2.2.3.2.2.2.2.2.2.1.2.1.2.2.2.2.2.2.2.1",0.460610805359429,FALSE,TRUE,39
"2.2.2.2.3.2.2.2.2.2.2.1.2.2.1.2.2.2.2.2.2.1",0.535400706539655,FALSE,TRUE,39
"2.2.2.2.3.2.2.2.2.2.2.1.2.2.2.1.2.2.2.2.2.1",0.476385061632695,FALSE,TRUE,39
"2.2.2.2.3.2.2.2.2.2.2.1.2.2.2.2.1.2.2.2.2.1",0.48135347343366,FALSE,TRUE,39
"2.2.2.2.3.2.2.2.2.2.2.1.2.2.2.2.2.1.2.2.2.1",0.49159322387311,FALSE,TRUE,39
"2.2.2.2.3.2.2.2.2.2.2.1.2.2.2.2.2.2.1.2.2.1",0.368459556507682,FALSE,TRUE,39
"2.2.2.2.3.2.2.2.2.2.2.1.2.2.2.2.2.2.2.1.2.1",0.507482446029594,FALSE,TRUE,39
"2.2.2.2.3.2.2.2.2.2.2.1.2.2.2.2.2.2.2.2.1.1",0.462568714347572,FALSE,TRUE,39
"3.2.2.1.2.2.3.2.1.2.2.2.2.2.2.2.2.2.2.2.2.2",0.52266364073536,FALSE,TRUE,40
"2.3.2.1.2.2.3.2.1.2.2.2.2.2.2.2.2.2.2.2.2.2",0.449106974078716,FALSE,TRUE,40
"2.2.3.1.2.2.3.2.1.2.2.2.2.2.2.2.2.2.2.2.2.2",0.570919206437651,FALSE,TRUE,40
"2.2.2.2.2.2.3.2.1.2.2.2.2.2.2.2.2.2.2.2.2.2",0.536940686278818,FALSE,TRUE,40
"2.2.2.1.3.2.3.2.1.2.2.2.2.2.2.2.2.2.2.2.2.2",0.587923109727464,FALSE,TRUE,37
"2.2.2.1.2.3.3.2.1.2.2.2.2.2.2.2.2.2.2.2.2.2",0.625404980849023,FALSE,TRUE,40
"2.2.2.1.2.2.4.2.1.2.2.2.2.2.2.2.2.2.2.2.2.2",0.569369107754836,FALSE,TRUE,40
"2.2.2.1.2.2.3.3.1.2.2.2.2.2.2.2.2.2.2.2.2.2",0.51798124713879,FALSE,TRUE,40
"2.2.2.1.2.2.3.2.1.3.2.2.2.2.2.2.2.2.2.2.2.2",0.541741181203047,FALSE,TRUE,40
"2.2.2.1.2.2.3.2.1.2.3.2.2.2.2.2.2.2.2.2.2.2",0.595487079768767,FALSE,TRUE,40
"2.2.2.1.2.2.3.2.1.2.2.3.2.2.2.2.2.2.2.2.2.2",0.49651375140797,FALSE,TRUE,40
"2.2.2.1.2.2.3.2.1.2.2.2.3.2.2.2.2.2.2.2.2.2",0.546645483169844,FALSE,TRUE,40
"2.2.2.1.2.2.3.2.1.2.2.2.2.3.2.2.2.2.2.2.2.2",0.526713354037206,FALSE,TRUE,40
"2.2.2.1.2.2.3.2.1.2.2.2.2.2.2.3.2.2.2.2.2.2",0.525700706642423,FALSE,TRUE,40
"2.2.2.1.2.2.3.2.1.2.2.2.2.2.2.2.3.2.2.2.2.2",0.514388201336614,FALSE,TRUE,40
"2.2.2.1.2.2.3.2.1.2.2.2.2.2.2.2.2.3.2.2.2.2",0.528366338680519,FALSE,TRUE,38
"2.2.2.1.2.2.3.2.1.2.2.2.2.2.2.2.2.2.3.2.2.2",0.593612119533094,FALSE,TRUE,40
"2.2.2.1.2.2.3.2.1.2.2.2.2.2.2.2.2.2.2.3.2.2",0.469373815688703,FALSE,TRUE,40
"2.2.2.1.2.2.3.2.1.2.2.2.2.2.2.2.2.2.2.2.3.2",0.549925020449879,FALSE,TRUE,40
"2.2.2.1.2.2.3.2.1.2.2.2.2.2.2.2.2.2.2.2.2.3",0.520284186484869,FALSE,TRUE,40
"1.2.2.1.2.2.3.2.1.2.2.2.2.2.2.2.2.2.2.2.2.2",0.503882067506196,FALSE,TRUE,39
"2.1.2.1.2.2.3.2.1.2.2.2.2.2.2.2.2.2.2.2.2.2",0.607596908162018,FALSE,TRUE,36
"2.2.1.1.2.2.3.2.1.2.2.2.2.2.2.2.2.2.2.2.2.2",0.434450097069284,FALSE,TRUE,39
"2.2.2.1.1.2.3.2.1.2.2.2.2.2.2.2.2.2.2.2.2.2",0.44393386059593,FALSE,TRUE,39
"2.2.2.1.2.1.3.2.1.2.2.2.2.2.2.2.2.2.2.2.2.2",0.377253956954752,FALSE,TRUE,39
"2.2.2.1.2.2.3.1.1.2.2.2.2.2.2.2.2.2.2.2.2.2",0.504168041234213,FALSE,TRUE,39
"2.2.2.1.2.2.3.2.1.1.2.2.2.2.2.2.2.2.2.2.2.2",0.49786332763559,FALSE,TRUE,39
"2.2.2.1.2.2.3.2.1.2.1.2.2.2.2.2.2.2.2.2.2.2",0.422602167657047,FALSE,TRUE,39
"2.2.2.1.2.2.3.2.1.2.2.1.2.2.2.2.2.2.2.2.2.2",0.547817397328708,FALSE,TRUE,39
"2.2.2.1.2.2.3.2.1.2.2.2.1.2.2.2.2.2.2.2.2.2",0.503955197695382,FALSE,TRUE,39
"2.2.2.1.2.2.3.2.1.2.2.2.2.1.2.2.2.2.2.2.2.2",0.495578495094,FALSE,TRUE,39
"2.2.2.1.2.2.3.2.1.2.2.2.2.2.1.2.2.2.2.2.2.2",0.58489885977816,FALSE,TRUE,39
"2.2.2.1.2.2.3.2.1.2.2.2.2.2.2.1.2.2.2.2.2.2",0.526082619780423,FALSE,TRUE,39
"2.2.2.1.2.2.3.2.1.2.2.2.2.2.2.2.1.2.2.2.2.2",0.522382267167525,FALSE,TRUE,39
"2.2.2.1.2.2.3.2.1.2.2.2.2.2.2.2.2.1.2.2.2.2",0.525063179928529,FALSE,TRUE,39
"2.2.2.1.2.2.3.2.1.2.2.2.2.2.2.2.2.2.1.2.2.2",0.442817620873449,FALSE,TRUE,39
"2.2.2.1.2.2.3.2.1.2.2.2.2.2.2.2.2.2.2.1.2.2",0.556841849110644,FALSE,TRUE,39
"2.2.2.1.2.2.3.2.1.2.2.2.2.2.2.2.2.2.2.2.1.2",0.467742006610754,FALSE,TRUE,39
"2.2.2.1.2.2.3.2.1.2.2.2.2.2.2.2.2.2.2.2.2.1",0.517848560508913,FALSE,TRUE,39
"3.1.2.2.3.2.3.2.1.2.1.2.2.2.2.2.2.4.2.2.2.2",0.493182555220931,FALSE,TRUE,38
"2.2.2.2.3.2.3.2.1.2.1.2.2.2.2.2.2.4.2.2.2.2",0.423920699911397,FALSE,TRUE,39
"2.1.2.3.3.2.3.2.1.2.1.2.2.2.2.2.2.4.2.2.2.2",0.463739054509088,FALSE,TRUE,38
"2.1.2.2.4.2.3.2.1.2.1.2.2.2.2.2.2.4.2.2.2.2",0.503123428608537,FALSE,TRUE,38
"2.1.2.2.3.2.4.2.1.2.1.2.2.2.2.2.2.4.2.2.2.2",0.524120828624594,FALSE,TRUE,38
"2.1.2.2.3.2.3.2.2.2.1.2.2.2.2.2.2.4.2.2.2.2",0.439460956436459,FALSE,TRUE,39
"2.1.2.2.3.2.3.2.1.3.1.2.2.2.2.2.2.4.2.2.2.2",0.512107220582057,FALSE,TRUE,38
"2.1.2.2.3.2.3.2.1.2.1.3.2.2.2.2.2.4.2.2.2.2",0.467813593207704,FALSE,TRUE,38
"2.1.2.2.3.2.3.2.1.2.1.2.3.2.2.2.2.4.2.2.2.2",0.484618817417214,FALSE,TRUE,38
"2.1.2.2.3.2.3.2.1.2.1.2.2.3.2.2.2.4.2.2.2.2",0.512450585400959,FALSE,TRUE,37
"2.1.2.2.3.2.3.2.1.2.1.2.2.2.3.2.2.4.2.2.2.2",0.411276132036895,FALSE,TRUE,38
"2.1.2.2.3.2.3.2.1.2.1.2.2.2.2.3.2.4.2.2.2.2",0.51303382493747,FALSE,TRUE,38
"2.1.2.2.3.2.3.2.1.2.1.2.2.2.2.2.3.4.2.2.2.2",0.529441809418699,FALSE,TRUE,38
"2.1.2.2.3.2.3.2.1.2.1.2.2.2.2.2.2.5.2.2.2.2",0.425738396330247,FALSE,TRUE,38
"2.1.2.2.3.2.3.2.1.2.1.2.2.2.2.2.2.4.3.2.2.2",0.563465826468298,FALSE,TRUE,38
"2.1.2.2.3.2.3.2.1.2.1.2.2.2.2.2.2.4.2.3.2.2",0.428175362443751,FALSE,TRUE,38
"2.1.2.2.3.2.3.2.1.2.1.2.2.2.2.2.2.4.2.2.3.2",0.495817224595038,FALSE,TRUE,38
"2.1.2.2.3.2.3.2.1.2.1.2.2.2.2.2.2.4.2.2.2.3",0.485372768905308,FALSE,TRUE,38
"1.1.2.2.3.2.3.2.1.2.1.2.2.2.2.2.2.4.2.2.2.2",0.452630039953809,FALSE,TRUE,37
"2.1.1.2.3.2.3.2.1.2.1.2.2.2.2.2.2.4.2.2.2.2",0.381871209077093,FALSE,TRUE,38
"2.1.2.1.3.2.3.2.1.2.1.2.2.2.2.2.2.4.2.2.2.2",0.486373095421532,FALSE,TRUE,35
"2.1.2.2.2.2.3.2.1.2.1.2.2.2.2.2.2.4.2.2.2.2",0.443504860878667,FALSE,TRUE,38
"2.1.2.2.3.1.3.2.1.2.1.2.2.2.2.2.2.4.2.2.2.2",0.279966652522928,FALSE,TRUE,38
"2.1.2.2.3.2.2.2.1.2.1.2.2.2.2.2.2.4.2.2.2.2",0.455994276726205,FALSE,TRUE,38
"2.1.2.2.3.2.3.1.1.2.1.2.2.2.2.2.2.4.2.2.2.2",0.434062690309316,FALSE,TRUE,37
"2.1.2.2.3.2.3.2.1.1.1.2.2.2.2.2.2.4.2.2.2.2",0.444842307552748,FALSE,TRUE,37
"2.1.2.2.3.2.3.2.1.2.1.1.2.2.2.2.2.4.2.2.2.2",0.498648241259065,FALSE,TRUE,37
"2.1.2.2.3.2.3.2.1.2.1.2.1.2.2.2.2.4.2.2.2.2",0.47807510103628,FALSE,TRUE,37
"2.1.2.2.3.2.3.2.1.2.1.2.2.1.2.2.2.4.2.2.2.2",0.421409152189971,FALSE,TRUE,37
"2.1.2.2.3.2.3.2.1.2.1.2.2.2.1.2.2.4.2.2.2.2",0.551727501096989,FALSE,TRUE,37
"2.1.2.2.3.2.3.2.1.2.1.2.2.2.2.1.2.4.2.2.2.2",0.44602369003038,FALSE,TRUE,37
"2.1.2.2.3.2.3.2.1.2.1.2.2.2.2.2.1.4.2.2.2.2",0.427209954491027,FALSE,TRUE,37
"2.1.2.2.3.2.3.2.1.2.1.2.2.2.2.2.2.3.2.2.2.2",0.543850401571074,FALSE,TRUE,36
"2.1.2.2.3.2.3.2.1.2.1.2.2.2.2.2.2.4.1.2.2.2",0.399329315587222,FALSE,TRUE,37
"2.1.2.2.3.2.3.2.1.2.1.2.2.2.2.2.2.4.2.1.2.2",0.526941309652711,FALSE,TRUE,37
"2.1.2.2.3.2.3.2.1.2.1.2.2.2.2.2.2.4.2.2.1.2",0.453090471585944,FALSE,TRUE,37
"2.1.2.2.3.2.3.2.1.2.1.2.2.2.2.2.2.4.2.2.2.1",0.470311036977794,FALSE,TRUE,37
"3.1.3.2.3.2.3.3.1.2.2.2.2.2.2.2.2.3.2.2.2.2",0.553906200750656,FALSE,TRUE,40
"2.2.3.2.3.2.3.3.1.2.2.2.2.2.2.2.2.3.2.2.2.2",0.563895445004257,FALSE,TRUE,41
"2.1.4.2.3.2.3.3.1.2.2.2.2.2.2.2.2.3.2.2.2.2",0.553890228882098,FALSE,TRUE,40
"2.1.3.3.3.2.3.3.1.2.2.2.2.2.2.2.2.3.2.2.2.2",0.59684643918056,FALSE,TRUE,40
"2.1.3.2.4.2.3.3.1.2.2.2.2.2.2.2.2.3.2.2.2.2",0.620146906457901,FALSE,TRUE,40
"2.1.3.2.3.3.3.3.1.2.2.2.2.2.2.2.2.3.2.2.2.2",0.667036246878459,FALSE,TRUE,40
"2.1.3.2.3.2.4.3.1.2.2.2.2.2.2.2.2.3.2.2.2.2",0.67176773545401,FALSE,TRUE,40
"2.1.3.2.3.2.3.4.1.2.2.2.2.2.2.2.2.3.2.2.2.2",0.565634357397967,FALSE,TRUE,41
"2.1.3.2.3.2.3.3.2.2.2.2.2.2.2.2.2.3.2.2.2.2",0.546837843590553,FALSE,TRUE,41
"2.1.3.2.3.2.3.3.1.3.2.2.2.2.2.2.2.3.2.2.2.2",0.59852466853868,FALSE,TRUE,40
"2.1.3.2.3.2.3.3.1.2.3.2.2.2.2.2.2.3.2.2.2.2",0.635331567946608,FALSE,TRUE,40
"2.1.3.2.3.2.3.3.1.2.2.3.2.2.2.2.2.3.2.2.2.2",0.551587951482135,FALSE,TRUE,40
"2.1.3.2.3.2.3.3.1.2.2.2.3.2.2.2.2.3.2.2.2.2",0.605489492411157,FALSE,TRUE,40
"2.1.3.2.3.2.3.3.1.2.2.2.2.3.2.2.2.3.2.2.2.2",0.565267946612622,FALSE,TRUE,39
"2.1.3.2.3.2.3.3.1.2.2.2.2.2.3.2.2.3.2.2.2.2",0.559821073305445,FALSE,TRUE,40
"2.1.3.2.3.2.3.3.1.2.2.2.2.2.2.3.2.3.2.2.2.2",0.62048981862725,FALSE,TRUE,40
"2.1.3.2.3.2.3.3.1.2.2.2.2.2.2.2.3.3.2.2.2.2",0.654812156476099,FALSE,TRUE,40
"2.1.3.2.3.2.3.3.1.2.2.2.2.2.2.2.2.3.3.2.2.2",0.694357773208411,FALSE,TRUE,40
"2.1.3.2.3.2.3.3.1.2.2.2.2.2.2.2.2.3.2.3.2.2",0.605192657538311,FALSE,TRUE,40
"2.1.3.2.3.2.3.3.1.2.2.2.2.2.2.2.2.3.2.2.3.2",0.593121337013386,FALSE,TRUE,40
"2.1.3.2.3.2.3.3.1.2.2.2.2.2.2.2.2.3.2.2.2.3",0.585889873016369,FALSE,TRUE,40
"1.1.3.2.3.2.3.3.1.2.2.2.2.2.2.2.2.3.2.2.2.2",0.664445189769674,FALSE,TRUE,39
"2.1.2.2.3.2.3.3.1.2.2.2.2.2.2.2.2.3.2.2.2.2",0.648669474815694,FALSE,TRUE,39
"2.1.3.2.2.2.3.3.1.2.2.2.2.2.2.2.2.3.2.2.2.2",0.594185778476733,FALSE,TRUE,40
"2.1.3.2.3.1.3.3.1.2.2.2.2.2.2.2.2.3.2.2.2.2",0.528809240557494,FALSE,TRUE,39
"2.1.3.2.3.2.2.3.1.2.2.2.2.2.2.2.2.3.2.2.2.2",0.571881078498544,FALSE,TRUE,40
"2.1.3.2.3.2.3.3.1.2.2.2.1.2.2.2.2.3.2.2.2.2",0.635608820540252,FALSE,TRUE,39
"2.1.3.2.3.2.3.3.1.2.2.2.2.1.2.2.2.3.2.2.2.2",0.639181796819903,FALSE,TRUE,39
"2.1.3.2.3.2.3.3.1.2.2.2.2.2.1.2.2.3.2.2.2.2",0.677069666177052,FALSE,TRUE,39
"2.1.3.2.3.2.3.3.1.2.2.2.2.2.2.1.2.3.2.2.2.2",0.615641813867604,FALSE,TRUE,39
"2.1.3.2.3.2.3.3.1.2.2.2.2.2.2.2.1.3.2.2.2.2",0.570900569328509,FALSE,TRUE,39
"2.1.3.2.3.2.3.3.1.2.2.2.2.2.2.2.2.2.2.2.2.2",0.644825259744503,FALSE,TRUE,40
"2.1.3.2.3.2.3.3.1.2.2.2.2.2.2.2.2.3.1.2.2.2",0.528489252881321,FALSE,TRUE,39
"2.1.3.2.3.2.3.3.1.2.2.2.2.2.2.2.2.3.2.1.2.2",0.619729117842952,FALSE,TRUE,39
"2.1.3.2.3.2.3.3.1.2.2.2.2.2.2.2.2.3.2.2.1.2",0.619234748394179,FALSE,TRUE,39
"2.1.3.2.3.2.3.3.1.2.2.2.2.2.2.2.2.3.2.2.2.1",0.647098414805085,FALSE,TRUE,39
"4.1.2.1.3.2.3.2.1.2.2.2.2.3.2.2.1.3.2.2.2.2",0.420651462685379,FALSE,TRUE,38
"3.2.2.1.3.2.3.2.1.2.2.2.2.3.2.2.1.3.2.2.2.2",0.491259879724925,FALSE,TRUE,39
"3.1.3.1.3.2.3.2.1.2.2.2.2.3.2.2.1.3.2.2.2.2",0.466794111202383,FALSE,TRUE,38
"3.1.2.2.3.2.3.2.1.2.2.2.2.3.2.2.1.3.2.2.2.2",0.514364625014519,FALSE,TRUE,39
"3.1.2.1.4.2.3.2.1.2.2.2.2.3.2.2.1.3.2.2.2.2",0.531226100235774,FALSE,TRUE,38
"3.1.2.1.3.3.3.2.1.2.2.2.2.3.2.2.1.3.2.2.2.2",0.603873453683656,FALSE,TRUE,38
"3.1.2.1.3.2.4.2.1.2.2.2.2.3.2.2.1.3.2.2.2.2",0.568693460370079,FALSE,TRUE,38
"3.1.2.1.3.2.3.3.1.2.2.2.2.3.2.2.1.3.2.2.2.2",0.479934817978113,FALSE,TRUE,38
"3.1.2.1.3.2.3.2.2.2.2.2.2.3.2.2.1.3.2.2.2.2",0.469081191207012,FALSE,TRUE,39
"3.1.2.1.3.2.3.2.1.3.2.2.2.3.2.2.1.3.2.2.2.2",0.496225297918695,FALSE,TRUE,38
"3.1.2.1.3.2.3.2.1.2.3.2.2.3.2.2.1.3.2.2.2.2",0.569179570429547,FALSE,TRUE,38
"3.1.2.1.3.2.3.2.1.2.2.3.2.3.2.2.1.3.2.2.2.2",0.447583522790428,FALSE,TRUE,38
"3.1.2.1.3.2.3.2.1.2.2.2.3.3.2.2.1.3.2.2.2.2",0.539449459552898,FALSE,TRUE,38
"3.1.2.1.3.2.3.2.1.2.2.2.2.4.2.2.1.3.2.2.2.2",0.425139111839399,FALSE,TRUE,39
"3.1.2.1.3.2.3.2.1.2.2.2.2.3.3.2.1.3.2.2.2.2",0.428435782463208,FALSE,TRUE,38
"3.1.2.1.3.2.3.2.1.2.2.2.2.3.2.3.1.3.2.2.2.2",0.501638584877909,FALSE,TRUE,38
"3.1.2.1.3.2.3.2.1.2.2.2.2.3.2.2.1.4.2.2.2.2",0.496977550707442,FALSE,TRUE,38
"3.1.2.1.3.2.3.2.1.2.2.2.2.3.2.2.1.3.3.2.2.2",0.598543820165995,FALSE,TRUE,38
"3.1.2.1.3.2.3.2.1.2.2.2.2.3.2.2.1.3.2.3.2.2",0.488578671187978,FALSE,TRUE,38
"3.1.2.1.3.2.3.2.1.2.2.2.2.3.2.2.1.3.2.2.3.2",0.501574384968103,FALSE,TRUE,38
"3.1.2.1.3.2.3.2.1.2.2.2.2.3.2.2.1.3.2.2.2.3",0.518465833207318,FALSE,TRUE,38
"2.1.2.1.3.2.3.2.1.2.2.2.2.3.2.2.1.3.2.2.2.2",0.587572936281848,FALSE,TRUE,37
"3.1.1.1.3.2.3.2.1.2.2.2.2.3.2.2.1.3.2.2.2.2",0.517634314970637,FALSE,TRUE,37
"3.1.2.1.2.2.3.2.1.2.2.2.2.3.2.2.1.3.2.2.2.2",0.473246617660157,FALSE,TRUE,38
"3.1.2.1.3.1.3.2.1.2.2.2.2.3.2.2.1.3.2.2.2.2",0.384804421527949,FALSE,TRUE,37
"3.1.2.1.3.2.2.2.1.2.2.2.2.3.2.2.1.3.2.2.2.2",0.466587643935294,FALSE,TRUE,38
"3.1.2.1.3.2.3.1.1.2.2.2.2.3.2.2.1.3.2.2.2.2",0.526379494935552,FALSE,TRUE,37
"3.1.2.1.3.2.3.2.1.1.2.2.2.3.2.2.1.3.2.2.2.2",0.527547903749331,FALSE,TRUE,37
"3.1.2.1.3.2.3.2.1.2.1.2.2.3.2.2.1.3.2.2.2.2",0.43221251425645,FALSE,TRUE,37
"3.1.2.1.3.2.3.2.1.2.2.1.2.3.2.2.1.3.2.2.2.2",0.577814216160141,FALSE,TRUE,37
"3.1.2.1.3.2.3.2.1.2.2.2.1.3.2.2.1.3.2.2.2.2",0.48960878313718,FALSE,TRUE,37
"3.1.2.1.3.2.3.2.1.2.2.2.2.3.1.2.1.3.2.2.2.2",0.601414291274997,FALSE,TRUE,37
"3.1.2.1.3.2.3.2.1.2.2.2.2.3.2.1.1.3.2.2.2.2",0.523013454339822,FALSE,TRUE,37
"3.1.2.1.3.2.3.2.1.2.2.2.2.3.2.2.1.2.2.2.2.2",0.536959584940011,FALSE,TRUE,38
"3.1.2.1.3.2.3.2.1.2.2.2.2.3.2.2.1.3.1.2.2.2",0.422596964678776,FALSE,TRUE,37
"3.1.2.1.3.2.3.2.1.2.2.2.2.3.2.2.1.3.2.1.2.2",0.528099889797303,FALSE,TRUE,37
"3.1.2.1.3.2.3.2.1.2.2.2.2.3.2.2.1.3.2.2.1.2",0.501857779148996,FALSE,TRUE,37
"3.1.2.1.3.2.3.2.1.2.2.2.2.3.2.2.1.3.2.2.2.1",0.50083649709505,FALSE,TRUE,36
"3.1.2.1.3.3.2.2.2.2.2.1.2.2.2.2.2.2.2.2.2.3",0.627424858257255,FALSE,TRUE,38
"2.2.2.1.3.3.2.2.2.2.2.1.2.2.2.2.2.2.2.2.2.3",0.527775040260663,FALSE,TRUE,40
"2.1.3.1.3.3.2.2.2.2.2.1.2.2.2.2.2.2.2.2.2.3",0.615635665483966,FALSE,TRUE,39
"2.1.2.2.3.3.2.2.2.2.2.1.2.2.2.2.2.2.2.2.2.3",0.623665241177421,FALSE,TRUE,40
"2.1.2.1.4.3.2.2.2.2.2.1.2.2.2.2.2.2.2.2.2.3",0.613511726516055,FALSE,TRUE,39
"2.1.2.1.3.4.2.2.2.2.2.1.2.2.2.2.2.2.2.2.2.3",0.63565765868094,FALSE,TRUE,39
"2.1.2.1.3.3.3.2.2.2.2.1.2.2.2.2.2.2.2.2.2.3",0.703034613260505,FALSE,TRUE,39
"2.1.2.1.3.3.2.3.2.2.2.1.2.2.2.2.2.2.2.2.2.3",0.55678570995924,FALSE,TRUE,39
"2.1.2.1.3.3.2.2.3.2.2.1.2.2.2.2.2.2.2.2.2.3",0.498436396232652,FALSE,TRUE,39
"2.1.2.1.3.3.2.2.2.3.2.1.2.2.2.2.2.2.2.2.2.3",0.57014447151948,FALSE,TRUE,39
"2.1.2.1.3.3.2.2.2.2.2.1.3.2.2.2.2.2.2.2.2.3",0.602804823345111,FALSE,TRUE,38
"2.1.2.1.3.3.2.2.2.2.2.1.2.3.2.2.2.2.2.2.2.3",0.586136374166232,FALSE,TRUE,39
"2.1.2.1.3.3.2.2.2.2.2.1.2.2.3.2.2.2.2.2.2.3",0.587134913607471,FALSE,TRUE,39
"2.1.2.1.3.3.2.2.2.2.2.1.2.2.2.3.2.2.2.2.2.3",0.61333492369479,FALSE,TRUE,39
"2.1.2.1.3.3.2.2.2.2.2.1.2.2.2.2.3.2.2.2.2.3",0.595513839046606,FALSE,TRUE,39
"2.1.2.1.3.3.2.2.2.2.2.1.2.2.2.2.2.3.2.2.2.3",0.630285517784584,FALSE,TRUE,39
"2.1.2.1.3.3.2.2.2.2.2.1.2.2.2.2.2.2.3.2.2.3",0.654881039518825,FALSE,TRUE,39
"2.1.2.1.3.3.2.2.2.2.2.1.2.2.2.2.2.2.2.3.2.3",0.548845534902475,FALSE,TRUE,39
"2.1.2.1.3.3.2.2.2.2.2.1.2.2.2.2.2.2.2.2.3.3",0.611934004477747,FALSE,TRUE,38
"2.1.2.1.3.3.2.2.2.2.2.1.2.2.2.2.2.2.2.2.2.4",0.574820781502361,FALSE,TRUE,39
"1.1.2.1.3.3.2.2.2.2.2.1.2.2.2.2.2.2.2.2.2.3",0.578017828594538,FALSE,TRUE,38
"2.1.1.1.3.3.2.2.2.2.2.1.2.2.2.2.2.2.2.2.2.3",0.571372647071782,FALSE,TRUE,38
"2.1.2.1.2.3.2.2.2.2.2.1.2.2.2.2.2.2.2.2.2.3",0.599692976225737,FALSE,TRUE,39
"2.1.2.1.3.3.1.2.2.2.2.1.2.2.2.2.2.2.2.2.2.3",0.540675548331148,FALSE,TRUE,38
"2.1.2.1.3.3.2.1.2.2.2.1.2.2.2.2.2.2.2.2.2.3",0.640189264140107,FALSE,TRUE,38
"2.1.2.1.3.3.2.2.1.2.2.1.2.2.2.2.2.2.2.2.2.3",0.716450293588331,FALSE,TRUE,38
"2.1.2.1.3.3.2.2.2.1.2.1.2.2.2.2.2.2.2.2.2.3",0.651166233985808,FALSE,TRUE,38
"2.1.2.1.3.3.2.2.2.2.1.1.2.2.2.2.2.2.2.2.2.3",0.542107909945549,FALSE,TRUE,38
"2.1.2.1.3.3.2.2.2.2.2.1.1.2.2.2.2.2.2.2.2.3",0.631109529721167,FALSE,TRUE,38
"2.1.2.1.3.3.2.2.2.2.2.1.2.1.2.2.2.2.2.2.2.3",0.608080889544743,FALSE,TRUE,38
"2.1.2.1.3.3.2.2.2.2.2.1.2.2.1.2.2.2.2.2.2.3",0.649641136147638,FALSE,TRUE,38
"2.1.2.1.3.3.2.2.2.2.2.1.2.2.2.1.2.2.2.2.2.3",0.612162443573159,FALSE,TRUE,38
"2.1.2.1.3.3.2.2.2.2.2.1.2.2.2.2.1.2.2.2.2.3",0.623753153096798,FALSE,TRUE,38
"2.1.2.1.3.3.2.2.2.2.2.1.2.2.2.2.2.1.2.2.2.3",0.611277544638109,FALSE,TRUE,38
"2.1.2.1.3.3.2.2.2.2.2.1.2.2.2.2.2.2.1.2.2.3",0.559842281335117,FALSE,TRUE,38
"2.1.2.1.3.3.2.2.2.2.2.1.2.2.2.2.2.2.2.1.2.3",0.655156146607805,FALSE,TRUE,38
"2.1.2.1.3.3.2.2.2.2.2.1.2.2.2.2.2.2.2.2.1.3",0.595241699108574,FALSE,TRUE,38
"2.1.2.1.3.3.2.2.2.2.2.1.2.2.2.2.2.2.2.2.2.2",0.645899440594428,FALSE,TRUE,38
"3.1.2.2.3.3.3.2.1.2.1.2.2.2.2.2.2.4.2.2.2.2",0.630393943947044,FALSE,TRUE,39
"2.2.2.2.3.3.3.2.1.2.1.2.2.2.2.2.2.4.2.2.2.2",0.582517707136888,FALSE,TRUE,40
"2.1.2.3.3.3.3.2.1.2.1.2.2.2.2.2.2.4.2.2.2.2",0.600337053907222,FALSE,TRUE,39
"2.1.2.2.4.3.3.2.1.2.1.2.2.2.2.2.2.4.2.2.2.2",0.64697695488799,FALSE,TRUE,39
"2.1.2.2.3.4.3.2.1.2.1.2.2.2.2.2.2.4.2.2.2.2",0.732406499890753,FALSE,TRUE,40
"2.1.2.2.3.3.4.2.1.2.1.2.2.2.2.2.2.4.2.2.2.2",0.685818662182762,FALSE,TRUE,39
"2.1.2.2.3.3.3.3.1.2.1.2.2.2.2.2.2.4.2.2.2.2",0.653689380608633,FALSE,TRUE,38
"2.1.2.2.3.3.3.2.2.2.1.2.2.2.2.2.2.4.2.2.2.2",0.58176681484482,FALSE,TRUE,40
"2.1.2.2.3.3.3.2.1.3.1.2.2.2.2.2.2.4.2.2.2.2",0.645497839011627,FALSE,TRUE,39
"2.1.2.2.3.3.3.2.1.2.2.2.2.2.2.2.2.4.2.2.2.2",0.69901829801415,FALSE,TRUE,39
"2.1.2.2.3.3.3.2.1.2.1.3.2.2.2.2.2.4.2.2.2.2",0.610460347249637,FALSE,TRUE,39
"2.1.2.2.3.3.3.2.1.2.1.2.3.2.2.2.2.4.2.2.2.2",0.621907382025831,FALSE,TRUE,39
"2.1.2.2.3.3.3.2.1.2.1.2.2.3.2.2.2.4.2.2.2.2",0.642142174079216,FALSE,TRUE,39
"2.1.2.2.3.3.3.2.1.2.1.2.2.2.3.2.2.4.2.2.2.2",0.58512334205585,FALSE,TRUE,39
"2.1.2.2.3.3.3.2.1.2.1.2.2.2.2.3.2.4.2.2.2.2",0.656529648376032,FALSE,TRUE,39
"2.1.2.2.3.3.3.2.1.2.1.2.2.2.2.2.3.4.2.2.2.2",0.667233520835589,FALSE,TRUE,39
"2.1.2.2.3.3.3.2.1.2.1.2.2.2.2.2.2.5.2.2.2.2",0.59000544132918,FALSE,TRUE,39
"2.1.2.2.3.3.3.2.1.2.1.2.2.2.2.2.2.4.3.2.2.2",0.72139728175262,FALSE,TRUE,39
"2.1.2.2.3.3.3.2.1.2.1.2.2.2.2.2.2.4.2.3.2.2",0.606916126640248,FALSE,TRUE,39
"2.1.2.2.3.3.3.2.1.2.1.2.2.2.2.2.2.4.2.2.3.2",0.639523062873177,FALSE,TRUE,39
"2.1.2.2.3.3.3.2.1.2.1.2.2.2.2.2.2.4.2.2.2.3",0.636066890197643,FALSE,TRUE,39
"1.1.2.2.3.3.3.2.1.2.1.2.2.2.2.2.2.4.2.2.2.2",0.613903094114293,FALSE,TRUE,38
"2.1.1.2.3.3.3.2.1.2.1.2.2.2.2.2.2.4.2.2.2.2",0.569959099738803,FALSE,TRUE,38
"2.1.2.1.3.3.3.2.1.2.1.2.2.2.2.2.2.4.2.2.2.2",0.650681872794648,FALSE,TRUE,38
"2.1.2.2.2.3.3.2.1.2.1.2.2.2.2.2.2.4.2.2.2.2",0.601146148750686,FALSE,TRUE,39
"2.1.2.2.3.3.2.2.1.2.1.2.2.2.2.2.2.4.2.2.2.2",0.59728508391655,FALSE,TRUE,39
"2.1.2.2.3.3.3.1.1.2.1.2.2.2.2.2.2.4.2.2.2.2",0.586207066100908,FALSE,TRUE,38
"2.1.2.2.3.3.3.2.1.1.1.2.2.2.2.2.2.4.2.2.2.2",0.613976840684078,FALSE,TRUE,38
"2.1.2.2.3.3.3.2.1.2.1.1.2.2.2.2.2.4.2.2.2.2",0.657552786862946,FALSE,TRUE,38
"2.1.2.2.3.3.3.2.1.2.1.2.1.2.2.2.2.4.2.2.2.2",0.648101491531861,FALSE,TRUE,38
"2.1.2.2.3.3.3.2.1.2.1.2.2.1.2.2.2.4.2.2.2.2",0.584517223168034,FALSE,TRUE,38
"2.1.2.2.3.3.3.2.1.2.1.2.2.2.1.2.2.4.2.2.2.2",0.682291095529523,FALSE,TRUE,38
"2.1.2.2.3.3.3.2.1.2.1.2.2.2.2.1.2.4.2.2.2.2",0.605504992393916,FALSE,TRUE,38
"2.1.2.2.3.3.3.2.1.2.1.2.2.2.2.2.1.4.2.2.2.2",0.59245538134873,FALSE,TRUE,38
"2.1.2.2.3.3.3.2.1.2.1.2.2.2.2.2.2.3.2.2.2.2",0.683105658039232,FALSE,TRUE,39
"2.1.2.2.3.3.3.2.1.2.1.2.2.2.2.2.2.4.1.2.2.2",0.541786119910411,FALSE,TRUE,38
"2.1.2.2.3.3.3.2.1.2.1.2.2.2.2.2.2.4.2.1.2.2",0.64112899751416,FALSE,TRUE,38
"2.1.2.2.3.3.3.2.1.2.1.2.2.2.2.2.2.4.2.2.1.2",0.606975038791714,FALSE,TRUE,38
"2.1.2.2.3.3.3.2.1.2.1.2.2.2.2.2.2.4.2.2.2.1",0.62232977330416,FALSE,TRUE,38
"3.3.2.2.2.2.2.2.2.2.1.2.2.2.2.2.2.2.2.2.2.2",0.303659368417879,FALSE,TRUE,41
"2.4.2.2.2.2.2.2.2.2.1.2.2.2.2.2.2.2.2.2.2.2",0.183011651210362,FALSE,TRUE,41
"2.3.3.2.2.2.2.2.2.2.1.2.2.2.2.2.2.2.2.2.2.2",0.336974511202797,FALSE,TRUE,41
"2.3.2.3.2.2.2.2.2.2.1.2.2.2.2.2.2.2.2.2.2.2",0.271967837903661,FALSE,TRUE,41
"2.3.2.2.3.2.2.2.2.2.1.2.2.2.2.2.2.2.2.2.2.2",0.279132305818201,FALSE,TRUE,41
"2.3.2.2.2.3.2.2.2.2.1.2.2.2.2.2.2.2.2.2.2.2",0.376260626135437,FALSE,TRUE,41
"2.3.2.2.2.2.3.2.2.2.1.2.2.2.2.2.2.2.2.2.2.2",0.311783698433568,FALSE,TRUE,41
"2.3.2.2.2.2.2.3.2.2.1.2.2.2.2.2.2.2.2.2.2.2",0.24832409952207,FALSE,TRUE,41
"2.3.2.2.2.2.2.2.3.2.1.2.2.2.2.2.2.2.2.2.2.2",0.184847749860322,FALSE,TRUE,41
"2.3.2.2.2.2.2.2.2.3.1.2.2.2.2.2.2.2.2.2.2.2",0.26630147509511,FALSE,TRUE,41
"2.3.2.2.2.2.2.2.2.2.1.3.2.2.2.2.2.2.2.2.2.2",0.258149583833993,FALSE,TRUE,41
"2.3.2.2.2.2.2.2.2.2.1.2.3.2.2.2.2.2.2.2.2.2",0.274371554048032,FALSE,TRUE,41
"2.3.2.2.2.2.2.2.2.2.1.2.2.3.2.2.2.2.2.2.2.2",0.302837899602281,FALSE,TRUE,41
"2.3.2.2.2.2.2.2.2.2.1.2.2.2.3.2.2.2.2.2.2.2",0.202216786438778,FALSE,TRUE,41
"2.3.2.2.2.2.2.2.2.2.1.2.2.2.2.3.2.2.2.2.2.2",0.275810867878833,FALSE,TRUE,41
"2.3.2.2.2.2.2.2.2.2.1.2.2.2.2.2.3.2.2.2.2.2",0.238972149215633,FALSE,TRUE,41
"2.3.2.2.2.2.2.2.2.2.1.2.2.2.2.2.2.3.2.2.2.2",0.263277974161804,FALSE,TRUE,41
"2.3.2.2.2.2.2.2.2.2.1.2.2.2.2.2.2.2.3.2.2.2",0.291098987676331,FALSE,TRUE,41
"2.3.2.2.2.2.2.2.2.2.1.2.2.2.2.2.2.2.2.3.2.2",0.199340865836861,FALSE,TRUE,41
"2.3.2.2.2.2.2.2.2.2.1.2.2.2.2.2.2.2.2.2.3.2",0.264117315634139,FALSE,TRUE,41
"2.3.2.2.2.2.2.2.2.2.1.2.2.2.2.2.2.2.2.2.2.3",0.24890041324815,FALSE,TRUE,41
"1.3.2.2.2.2.2.2.2.2.1.2.2.2.2.2.2.2.2.2.2.2",0.209239589647022,FALSE,TRUE,40
"2.3.1.2.2.2.2.2.2.2.1.2.2.2.2.2.2.2.2.2.2.2",0.143805474402879,FALSE,TRUE,40
"2.3.2.1.2.2.2.2.2.2.1.2.2.2.2.2.2.2.2.2.2.2",0.239511804808605,FALSE,TRUE,39
"2.3.2.2.1.2.2.2.2.2.1.2.2.2.2.2.2.2.2.2.2.2",0.236360259439875,FALSE,TRUE,40
"2.3.2.2.2.1.2.2.2.2.1.2.2.2.2.2.2.2.2.2.2.2",0.112234681352674,FALSE,TRUE,40
"2.3.2.2.2.2.1.2.2.2.1.2.2.2.2.2.2.2.2.2.2.2",0.234135480782388,FALSE,TRUE,40
"2.3.2.2.2.2.2.1.2.2.1.2.2.2.2.2.2.2.2.2.2.2",0.253307095640954,FALSE,TRUE,40
"2.3.2.2.2.2.2.2.1.2.1.2.2.2.2.2.2.2.2.2.2.2",0.323741434409084,FALSE,TRUE,40
"2.3.2.2.2.2.2.2.2.1.1.2.2.2.2.2.2.2.2.2.2.2",0.244316979527466,FALSE,TRUE,40
"2.3.2.2.2.2.2.2.2.2.1.1.2.2.2.2.2.2.2.2.2.2",0.270718257297476,FALSE,TRUE,39
"2.3.2.2.2.2.2.2.2.2.1.2.1.2.2.2.2.2.2.2.2.2",0.243338754865377,FALSE,TRUE,40
"2.3.2.2.2.2.2.2.2.2.1.2.2.1.2.2.2.2.2.2.2.2",0.212559309171623,FALSE,TRUE,40
"2.3.2.2.2.2.2.2.2.2.1.2.2.2.1.2.2.2.2.2.2.2",0.336005250678499,FALSE,TRUE,40
"2.3.2.2.2.2.2.2.2.2.1.2.2.2.2.1.2.2.2.2.2.2",0.258363285715358,FALSE,TRUE,40
"2.3.2.2.2.2.2.2.2.2.1.2.2.2.2.2.1.2.2.2.2.2",0.279247304462542,FALSE,TRUE,40
"2.3.2.2.2.2.2.2.2.2.1.2.2.2.2.2.2.1.2.2.2.2",0.262479071258087,FALSE,TRUE,40
"2.3.2.2.2.2.2.2.2.2.1.2.2.2.2.2.2.2.1.2.2.2",0.228931822986584,FALSE,TRUE,40
"2.3.2.2.2.2.2.2.2.2.1.2.2.2.2.2.2.2.2.1.2.2",0.319881130862887,FALSE,TRUE,40
"2.3.2.2.2.2.2.2.2.2.1.2.2.2.2.2.2.2.2.2.1.2",0.237887330768204,FALSE,TRUE,40
"2.3.2.2.2.2.2.2.2.2.1.2.2.2.2.2.2.2.2.2.2.1",0.261820615215191,FALSE,TRUE,39
"3.1.2.1.3.2.2.2.2.2.3.2.2.2.2.2.2.2.2.2.2.2",0.559879544885036,FALSE,TRUE,39
"2.2.2.1.3.2.2.2.2.2.3.2.2.2.2.2.2.2.2.2.2.2",0.497253864362659,FALSE,TRUE,40
"2.1.3.1.3.2.2.2.2.2.3.2.2.2.2.2.2.2.2.2.2.2",0.566451320083929,FALSE,TRUE,40
"2.1.2.2.3.2.2.2.2.2.3.2.2.2.2.2.2.2.2.2.2.2",0.546550581042136,FALSE,TRUE,40
"2.1.2.1.4.2.2.2.2.2.3.2.2.2.2.2.2.2.2.2.2.2",0.553819298548327,FALSE,TRUE,40
"2.1.2.1.3.2.3.2.2.2.3.2.2.2.2.2.2.2.2.2.2.2",0.644190574372855,FALSE,TRUE,40
"2.1.2.1.3.2.2.3.2.2.3.2.2.2.2.2.2.2.2.2.2.2",0.54860578743268,FALSE,TRUE,40
"2.1.2.1.3.2.2.2.3.2.3.2.2.2.2.2.2.2.2.2.2.2",0.465028461211457,FALSE,TRUE,40
"2.1.2.1.3.2.2.2.2.3.3.2.2.2.2.2.2.2.2.2.2.2",0.528451186814926,FALSE,TRUE,40
"2.1.2.1.3.2.2.2.2.2.4.2.2.2.2.2.2.2.2.2.2.2",0.58009504680699,FALSE,TRUE,41
"2.1.2.1.3.2.2.2.2.2.3.3.2.2.2.2.2.2.2.2.2.2",0.495108129436464,FALSE,TRUE,40
"2.1.2.1.3.2.2.2.2.2.3.2.3.2.2.2.2.2.2.2.2.2",0.555359447018289,FALSE,TRUE,39
"2.1.2.1.3.2.2.2.2.2.3.2.2.3.2.2.2.2.2.2.2.2",0.523160576032692,FALSE,TRUE,40
"2.1.2.1.3.2.2.2.2.2.3.2.2.2.3.2.2.2.2.2.2.2",0.516955383383685,FALSE,TRUE,40
"2.1.2.1.3.2.2.2.2.2.3.2.2.2.2.3.2.2.2.2.2.2",0.563588410916422,FALSE,TRUE,40
"2.1.2.1.3.2.2.2.2.2.3.2.2.2.2.2.3.2.2.2.2.2",0.552199136502297,FALSE,TRUE,40
"2.1.2.1.3.2.2.2.2.2.3.2.2.2.2.2.2.3.2.2.2.2",0.57537953608062,FALSE,TRUE,39
"2.1.2.1.3.2.2.2.2.2.3.2.2.2.2.2.2.2.3.2.2.2",0.660898921962149,FALSE,TRUE,40
"2.1.2.1.3.2.2.2.2.2.3.2.2.2.2.2.2.2.2.3.2.2",0.530602594155143,FALSE,TRUE,40
"2.1.2.1.3.2.2.2.2.2.3.2.2.2.2.2.2.2.2.2.3.2",0.532078736963277,FALSE,TRUE,39
"1.1.2.1.3.2.2.2.2.2.3.2.2.2.2.2.2.2.2.2.2.2",0.560278300889586,FALSE,TRUE,39
"2.1.1.1.3.2.2.2.2.2.3.2.2.2.2.2.2.2.2.2.2.2",0.538198850733608,FALSE,TRUE,39
"2.1.2.1.3.1.2.2.2.2.3.2.2.2.2.2.2.2.2.2.2.2",0.487183119333741,FALSE,TRUE,39
"2.1.2.1.3.2.2.1.2.2.3.2.2.2.2.2.2.2.2.2.2.2",0.56079453721831,FALSE,TRUE,39
"2.1.2.1.3.2.2.2.2.1.3.2.2.2.2.2.2.2.2.2.2.2",0.599831462900383,FALSE,TRUE,39
"2.1.2.1.3.2.2.2.2.2.3.1.2.2.2.2.2.2.2.2.2.2",0.638128679983463,FALSE,TRUE,39
"2.1.2.1.3.2.2.2.2.2.3.2.1.2.2.2.2.2.2.2.2.2",0.578438234312057,FALSE,TRUE,39
"2.1.2.1.3.2.2.2.2.2.3.2.2.1.2.2.2.2.2.2.2.2",0.577407837576331,FALSE,TRUE,39
"2.1.2.1.3.2.2.2.2.2.3.2.2.2.1.2.2.2.2.2.2.2",0.618222524884823,FALSE,TRUE,39
"2.1.2.1.3.2.2.2.2.2.3.2.2.2.2.1.2.2.2.2.2.2",0.564332299557625,FALSE,TRUE,39
"2.1.2.1.3.2.2.2.2.2.3.2.2.2.2.2.1.2.2.2.2.2",0.565689001458282,FALSE,TRUE,39
"2.1.2.1.3.2.2.2.2.2.3.2.2.2.2.2.2.1.2.2.2.2",0.567720106548262,FALSE,TRUE,39
"2.1.2.1.3.2.2.2.2.2.3.2.2.2.2.2.2.2.1.2.2.2",0.452431191360219,FALSE,TRUE,39
"2.1.2.1.3.2.2.2.2.2.3.2.2.2.2.2.2.2.2.1.2.2",0.576770992761802,FALSE,TRUE,39
"2.1.2.1.3.2.2.2.2.2.3.2.2.2.2.2.2.2.2.2.1.2",0.578790401879169,FALSE,TRUE,39
"2.1.2.1.3.2.2.2.2.2.3.2.2.2.2.2.2.2.2.2.2.1",0.55872777925508,FALSE,TRUE,39
