"karyotype","fitness","is_fq","is_nn","boundary_degree"
"2.2.2.2.2.2.2.2.2.2.2.2.2.2.2.2.2.2.2.2.2.2",0.546006784619016,TRUE,FALSE,0
"2.2.2.2.2.2.2.2.2.2.2.2.2.2.2.2.2.1.2.2.2.2",0.490973094597189,TRUE,FALSE,0
"2.2.2.2.2.2.2.2.2.2.2.2.2.2.2.2.2.1.1.2.2.2",0.482014967431138,TRUE,FALSE,0
"2.2.2.2.2.2.2.2.2.2.2.2.2.2.3.2.2.1.2.2.2.2",0.526317421940442,TRUE,FALSE,0
"2.2.2.2.2.2.2.2.2.2.2.2.2.2.2.2.2.1.1.2.2.3",0.511880401214078,TRUE,FALSE,0
"2.2.2.2.2.2.2.2.2.2.2.2.2.1.2.2.2.1.1.2.2.2",0.487429466316924,TRUE,FALSE,0
"2.2.2.2.2.2.2.2.1.2.2.2.2.2.2.2.2.1.1.2.2.2",0.452015972453394,TRUE,FALSE,0
"2.2.2.2.2.2.2.2.2.2.2.2.2.1.2.2.1.1.1.2.2.2",0.496421442050741,TRUE,FALSE,0
"2.2.2.2.1.2.2.2.2.2.2.2.2.1.2.2.2.1.1.2.2.2",0.495083527693151,TRUE,FALSE,0
"2.2.2.2.2.2.2.2.2.2.2.2.2.2.2.2.2.1.1.1.2.2",0.47799664480389,TRUE,FALSE,0
"2.2.2.2.2.2.2.2.1.2.2.2.2.2.2.2.3.1.1.2.2.2",0.434370861953354,TRUE,FALSE,0
"2.2.2.2.2.2.2.2.2.2.3.2.2.1.2.2.2.1.1.2.2.2",0.473480900746135,TRUE,FALSE,0
"2.2.2.2.1.2.2.2.2.2.2.2.2.2.2.2.2.1.1.2.2.3",0.513576051385197,TRUE,FALSE,0
"2.2.2.2.2.2.2.2.2.2.2.2.2.1.2.2.1.1.1.2.2.1",0.440919873104147,TRUE,FALSE,0
"2.2.2.2.2.2.2.2.1.2.2.2.2.2.2.2.4.1.1.2.2.2",0.401459521590269,TRUE,FALSE,0
"2.2.2.2.1.2.2.2.2.2.2.2.2.2.2.2.2.2.1.2.2.3",0.561247094036123,TRUE,FALSE,0
"2.2.2.2.1.2.2.2.1.2.2.2.2.2.2.2.2.1.1.2.2.3",0.490121488424844,TRUE,FALSE,0
"2.2.2.1.2.2.2.2.2.2.2.2.2.1.2.2.1.1.1.2.2.2",0.483027588871067,TRUE,FALSE,0
"2.2.2.2.2.2.3.2.2.2.2.2.2.2.3.2.2.1.2.2.2.2",0.574362062893129,TRUE,FALSE,0
"2.2.2.2.2.2.2.2.2.2.2.2.2.1.2.2.1.1.1.1.2.2",0.497646781153703,TRUE,FALSE,0
"2.2.1.1.2.2.2.2.2.2.2.2.2.1.2.2.1.1.1.2.2.2",0.50004957941371,TRUE,FALSE,0
"2.2.2.2.2.2.2.3.2.2.2.2.2.2.2.2.2.1.2.2.2.2",0.57721696756647,TRUE,FALSE,0
"2.2.2.2.2.2.1.2.1.2.2.2.2.2.2.2.2.1.1.2.2.2",0.385022762828094,TRUE,FALSE,0
"2.2.2.1.2.2.3.2.2.2.2.2.2.2.3.2.2.1.2.2.2.2",0.558159930932236,TRUE,FALSE,0
"2.2.2.2.2.2.2.2.2.2.2.2.2.1.2.2.1.1.1.2.1.2",0.521992184200035,TRUE,FALSE,0
"2.2.2.2.2.2.2.2.2.2.3.3.2.1.2.2.2.1.1.2.2.2",0.485438671592075,TRUE,FALSE,0
"2.2.2.2.2.2.2.2.2.2.1.2.2.2.2.2.2.2.2.2.2.2",0.546676760766098,TRUE,FALSE,0
"2.2.2.2.2.2.2.2.2.2.3.3.2.1.2.2.2.1.1.1.2.2",0.492547225023196,TRUE,FALSE,0
"2.2.2.2.3.2.2.2.2.2.2.2.2.2.2.2.2.2.2.2.2.2",0.524421734336012,TRUE,FALSE,0
"2.2.2.2.3.2.2.2.1.2.2.2.2.2.2.2.3.1.1.2.2.2",0.406500105622021,TRUE,FALSE,0
"3.2.2.1.2.2.2.2.2.2.2.2.2.1.2.2.1.1.1.2.2.2",0.496462106526913,TRUE,FALSE,0
"2.2.2.2.2.2.2.3.2.2.2.2.2.1.2.2.1.1.1.1.2.2",0.585541962875414,TRUE,FALSE,0
"2.2.2.2.2.2.2.2.1.2.2.2.2.2.2.1.2.1.1.2.2.2",0.428480603878536,TRUE,FALSE,0
"2.2.2.2.1.2.2.2.2.2.2.2.2.1.1.2.2.1.1.2.2.2",0.432503524153201,TRUE,FALSE,0
"1.2.2.2.2.2.2.2.2.2.3.2.2.1.2.2.2.1.1.2.2.2",0.443369681436798,TRUE,FALSE,0
"2.2.2.2.2.2.2.2.2.2.2.1.2.2.2.2.2.1.1.2.2.2",0.445044142988804,TRUE,FALSE,0
"2.1.2.2.3.2.2.2.1.2.2.2.2.2.2.2.3.1.1.2.2.2",0.424846979241978,TRUE,FALSE,0
"2.2.2.1.2.2.3.2.2.2.2.2.2.2.3.2.1.1.2.2.2.2",0.559600395469324,TRUE,FALSE,0
"2.2.2.2.2.2.2.2.2.2.3.2.2.1.2.2.1.1.1.1.2.2",0.478523786687111,TRUE,FALSE,0
"2.2.2.2.3.2.2.2.2.2.2.2.2.2.2.2.2.1.2.2.2.2",0.477336286624491,TRUE,FALSE,0
"2.2.1.2.2.2.2.2.2.2.1.2.2.2.2.2.2.2.2.2.2.2",0.566239195649594,TRUE,FALSE,0
"2.1.2.2.2.2.2.2.1.2.2.2.2.2.2.2.4.1.1.2.2.2",0.429806447142957,TRUE,FALSE,0
"2.2.2.2.2.2.2.3.2.2.2.2.2.2.2.2.2.1.2.1.2.2",0.589010771304045,TRUE,FALSE,0
"2.2.3.2.2.2.2.2.2.2.2.2.2.2.2.2.2.1.1.2.2.3",0.47241119856481,TRUE,FALSE,0
"2.2.2.1.2.2.3.2.2.2.2.1.2.2.3.2.1.1.2.2.2.2",0.535098326703718,TRUE,FALSE,0
"2.2.2.2.2.3.2.2.2.2.2.2.2.1.2.2.1.1.1.2.2.2",0.520256546854549,TRUE,FALSE,0
"2.2.2.2.2.2.2.3.2.2.2.2.2.2.2.2.3.1.2.2.2.2",0.570316257849113,TRUE,FALSE,0
"2.2.2.2.2.3.2.2.2.2.2.2.2.2.2.2.2.1.1.1.2.2",0.509424949614877,TRUE,FALSE,0
"2.2.1.2.2.2.2.2.2.2.2.2.2.1.2.2.1.1.1.1.2.2",0.521944201475714,TRUE,FALSE,0
"1.2.2.2.2.2.2.2.2.2.2.2.2.2.3.2.2.1.2.2.2.2",0.51545566372113,TRUE,FALSE,0
"3.2.2.2.2.2.2.2.2.2.2.2.2.2.2.2.2.2.2.2.2.2",0.542739192198933,FALSE,TRUE,40
"2.3.2.2.2.2.2.2.2.2.2.2.2.2.2.2.2.2.2.2.2.2",0.485090797175616,FALSE,TRUE,40
"2.2.3.2.2.2.2.2.2.2.2.2.2.2.2.2.2.2.2.2.2.2",0.515401802446914,FALSE,TRUE,40
"2.2.2.3.2.2.2.2.2.2.2.2.2.2.2.2.2.2.2.2.2.2",0.54737190354295,FALSE,TRUE,40
"2.2.2.2.2.3.2.2.2.2.2.2.2.2.2.2.2.2.2.2.2.2",0.567393622433185,FALSE,TRUE,40
"2.2.2.2.2.2.3.2.2.2.2.2.2.2.2.2.2.2.2.2.2.2",0.574230142406657,FALSE,TRUE,39
"2.2.2.2.2.2.2.3.2.2.2.2.2.2.2.2.2.2.2.2.2.2",0.622168489042927,FALSE,TRUE,38
"2.2.2.2.2.2.2.2.3.2.2.2.2.2.2.2.2.2.2.2.2.2",0.561177823379952,FALSE,TRUE,40
"2.2.2.2.2.2.2.2.2.3.2.2.2.2.2.2.2.2.2.2.2.2",0.549919865470443,FALSE,TRUE,40
"2.2.2.2.2.2.2.2.2.2.3.2.2.2.2.2.2.2.2.2.2.2",0.529004727157093,FALSE,TRUE,41
"2.2.2.2.2.2.2.2.2.2.2.3.2.2.2.2.2.2.2.2.2.2",0.554699597496731,FALSE,TRUE,40
"2.2.2.2.2.2.2.2.2.2.2.2.3.2.2.2.2.2.2.2.2.2",0.496035618183655,FALSE,TRUE,40
"2.2.2.2.2.2.2.2.2.2.2.2.2.3.2.2.2.2.2.2.2.2",0.5309345123799,FALSE,TRUE,40
"2.2.2.2.2.2.2.2.2.2.2.2.2.2.3.2.2.2.2.2.2.2",0.588764225899409,FALSE,TRUE,38
"2.2.2.2.2.2.2.2.2.2.2.2.2.2.2.3.2.2.2.2.2.2",0.54254940202326,FALSE,TRUE,40
"2.2.2.2.2.2.2.2.2.2.2.2.2.2.2.2.3.2.2.2.2.2",0.534429975628642,FALSE,TRUE,39
"2.2.2.2.2.2.2.2.2.2.2.2.2.2.2.2.2.3.2.2.2.2",0.568723820820983,FALSE,TRUE,41
"2.2.2.2.2.2.2.2.2.2.2.2.2.2.2.2.2.2.3.2.2.2",0.544111122423178,FALSE,TRUE,40
"2.2.2.2.2.2.2.2.2.2.2.2.2.2.2.2.2.2.2.3.2.2",0.520451460762746,FALSE,TRUE,40
"2.2.2.2.2.2.2.2.2.2.2.2.2.2.2.2.2.2.2.2.3.2",0.511468945630459,FALSE,TRUE,40
"2.2.2.2.2.2.2.2.2.2.2.2.2.2.2.2.2.2.2.2.2.3",0.565834915754964,FALSE,TRUE,38
"1.2.2.2.2.2.2.2.2.2.2.2.2.2.2.2.2.2.2.2.2.2",0.528959348259116,FALSE,TRUE,38
"2.1.2.2.2.2.2.2.2.2.2.2.2.2.2.2.2.2.2.2.2.2",0.592387483158426,FALSE,TRUE,39
"2.2.1.2.2.2.2.2.2.2.2.2.2.2.2.2.2.2.2.2.2.2",0.562976501532823,FALSE,TRUE,39
"2.2.2.1.2.2.2.2.2.2.2.2.2.2.2.2.2.2.2.2.2.2",0.531055413989634,FALSE,TRUE,39
"2.2.2.2.1.2.2.2.2.2.2.2.2.2.2.2.2.2.2.2.2.2",0.552937056019924,FALSE,TRUE,38
"2.2.2.2.2.1.2.2.2.2.2.2.2.2.2.2.2.2.2.2.2.2",0.508937271461988,FALSE,TRUE,39
"2.2.2.2.2.2.1.2.2.2.2.2.2.2.2.2.2.2.2.2.2.2",0.49983380178161,FALSE,TRUE,39
"2.2.2.2.2.2.2.1.2.2.2.2.2.2.2.2.2.2.2.2.2.2",0.444875036676873,FALSE,TRUE,39
"2.2.2.2.2.2.2.2.1.2.2.2.2.2.2.2.2.2.2.2.2.2",0.518783486247102,FALSE,TRUE,38
"2.2.2.2.2.2.2.2.2.1.2.2.2.2.2.2.2.2.2.2.2.2",0.519842984930989,FALSE,TRUE,39
"2.2.2.2.2.2.2.2.2.2.2.1.2.2.2.2.2.2.2.2.2.2",0.519483909861601,FALSE,TRUE,38
"2.2.2.2.2.2.2.2.2.2.2.2.1.2.2.2.2.2.2.2.2.2",0.587356972988136,FALSE,TRUE,39
"2.2.2.2.2.2.2.2.2.2.2.2.2.1.2.2.2.2.2.2.2.2",0.551054115306595,FALSE,TRUE,38
"2.2.2.2.2.2.2.2.2.2.2.2.2.2.1.2.2.2.2.2.2.2",0.481151641088849,FALSE,TRUE,39
"2.2.2.2.2.2.2.2.2.2.2.2.2.2.2.1.2.2.2.2.2.2",0.525898768512098,FALSE,TRUE,39
"2.2.2.2.2.2.2.2.2.2.2.2.2.2.2.2.1.2.2.2.2.2",0.543038765468811,FALSE,TRUE,39
"2.2.2.2.2.2.2.2.2.2.2.2.2.2.2.2.2.2.1.2.2.2",0.528033087659465,FALSE,TRUE,33
"2.2.2.2.2.2.2.2.2.2.2.2.2.2.2.2.2.2.2.1.2.2",0.55607341538638,FALSE,TRUE,37
"2.2.2.2.2.2.2.2.2.2.2.2.2.2.2.2.2.2.2.2.1.2",0.569561652939365,FALSE,TRUE,39
"2.2.2.2.2.2.2.2.2.2.2.2.2.2.2.2.2.2.2.2.2.1",0.506457996574791,FALSE,TRUE,39
"3.2.2.2.2.2.2.2.2.2.2.2.2.2.2.2.2.1.2.2.2.2",0.485311912084322,FALSE,TRUE,37
"2.3.2.2.2.2.2.2.2.2.2.2.2.2.2.2.2.1.2.2.2.2",0.43090865820574,FALSE,TRUE,37
"2.2.3.2.2.2.2.2.2.2.2.2.2.2.2.2.2.1.2.2.2.2",0.447280465728477,FALSE,TRUE,36
"2.2.2.3.2.2.2.2.2.2.2.2.2.2.2.2.2.1.2.2.2.2",0.493882339591252,FALSE,TRUE,37
"2.2.2.2.2.3.2.2.2.2.2.2.2.2.2.2.2.1.2.2.2.2",0.515186807443635,FALSE,TRUE,36
"2.2.2.2.2.2.3.2.2.2.2.2.2.2.2.2.2.1.2.2.2.2",0.538692445294989,FALSE,TRUE,36
"2.2.2.2.2.2.2.2.3.2.2.2.2.2.2.2.2.1.2.2.2.2",0.503568292725304,FALSE,TRUE,37
"2.2.2.2.2.2.2.2.2.3.2.2.2.2.2.2.2.1.2.2.2.2",0.503669301218963,FALSE,TRUE,37
"2.2.2.2.2.2.2.2.2.2.3.2.2.2.2.2.2.1.2.2.2.2",0.475863782965319,FALSE,TRUE,36
"2.2.2.2.2.2.2.2.2.2.2.3.2.2.2.2.2.1.2.2.2.2",0.505164058970503,FALSE,TRUE,37
"2.2.2.2.2.2.2.2.2.2.2.2.3.2.2.2.2.1.2.2.2.2",0.441089246562758,FALSE,TRUE,37
"2.2.2.2.2.2.2.2.2.2.2.2.2.3.2.2.2.1.2.2.2.2",0.478063252386446,FALSE,TRUE,37
"2.2.2.2.2.2.2.2.2.2.2.2.2.2.2.3.2.1.2.2.2.2",0.486753588421432,FALSE,TRUE,37
"2.2.2.2.2.2.2.2.2.2.2.2.2.2.2.2.3.1.2.2.2.2",0.475320800451281,FALSE,TRUE,36
"2.2.2.2.2.2.2.2.2.2.2.2.2.2.2.2.2.1.3.2.2.2",0.480287417836992,FALSE,TRUE,38
"2.2.2.2.2.2.2.2.2.2.2.2.2.2.2.2.2.1.2.3.2.2",0.471890321298406,FALSE,TRUE,37
"2.2.2.2.2.2.2.2.2.2.2.2.2.2.2.2.2.1.2.2.3.2",0.448505281548175,FALSE,TRUE,37
"2.2.2.2.2.2.2.2.2.2.2.2.2.2.2.2.2.1.2.2.2.3",0.517702201206035,FALSE,TRUE,35
"1.2.2.2.2.2.2.2.2.2.2.2.2.2.2.2.2.1.2.2.2.2",0.475776520473074,FALSE,TRUE,36
"2.1.2.2.2.2.2.2.2.2.2.2.2.2.2.2.2.1.2.2.2.2",0.537590799722352,FALSE,TRUE,36
"2.2.1.2.2.2.2.2.2.2.2.2.2.2.2.2.2.1.2.2.2.2",0.521359271978876,FALSE,TRUE,35
"2.2.2.1.2.2.2.2.2.2.2.2.2.2.2.2.2.1.2.2.2.2",0.474515181004158,FALSE,TRUE,35
"2.2.2.2.1.2.2.2.2.2.2.2.2.2.2.2.2.1.2.2.2.2",0.488879139395284,FALSE,TRUE,35
"2.2.2.2.2.1.2.2.2.2.2.2.2.2.2.2.2.1.2.2.2.2",0.452059651972589,FALSE,TRUE,36
"2.2.2.2.2.2.1.2.2.2.2.2.2.2.2.2.2.1.2.2.2.2",0.426176644929076,FALSE,TRUE,35
"2.2.2.2.2.2.2.1.2.2.2.2.2.2.2.2.2.1.2.2.2.2",0.380921827087975,FALSE,TRUE,37
"2.2.2.2.2.2.2.2.1.2.2.2.2.2.2.2.2.1.2.2.2.2",0.466346955560259,FALSE,TRUE,33
"2.2.2.2.2.2.2.2.2.1.2.2.2.2.2.2.2.1.2.2.2.2",0.456705589389562,FALSE,TRUE,36
"2.2.2.2.2.2.2.2.2.2.1.2.2.2.2.2.2.1.2.2.2.2",0.489200618847664,FALSE,TRUE,35
"2.2.2.2.2.2.2.2.2.2.2.1.2.2.2.2.2.1.2.2.2.2",0.458872994551743,FALSE,TRUE,36
"2.2.2.2.2.2.2.2.2.2.2.2.1.2.2.2.2.1.2.2.2.2",0.532778377684548,FALSE,TRUE,36
"2.2.2.2.2.2.2.2.2.2.2.2.2.1.2.2.2.1.2.2.2.2",0.493789369422087,FALSE,TRUE,33
"2.2.2.2.2.2.2.2.2.2.2.2.2.2.1.2.2.1.2.2.2.2",0.434921762241296,FALSE,TRUE,37
"2.2.2.2.2.2.2.2.2.2.2.2.2.2.2.1.2.1.2.2.2.2",0.473352852392994,FALSE,TRUE,35
"2.2.2.2.2.2.2.2.2.2.2.2.2.2.2.2.1.1.2.2.2.2",0.49103821019048,FALSE,TRUE,35
"2.2.2.2.2.2.2.2.2.2.2.2.2.2.2.2.2.1.2.1.2.2",0.494605730702907,FALSE,TRUE,35
"2.2.2.2.2.2.2.2.2.2.2.2.2.2.2.2.2.1.2.2.1.2",0.522906876227599,FALSE,TRUE,36
"2.2.2.2.2.2.2.2.2.2.2.2.2.2.2.2.2.1.2.2.2.1",0.445985875188586,FALSE,TRUE,36
"3.2.2.2.2.2.2.2.2.2.2.2.2.2.2.2.2.1.1.2.2.2",0.477951592481308,FALSE,TRUE,35
"2.3.2.2.2.2.2.2.2.2.2.2.2.2.2.2.2.1.1.2.2.2",0.428411118718261,FALSE,TRUE,35
"2.2.3.2.2.2.2.2.2.2.2.2.2.2.2.2.2.1.1.2.2.2",0.440441613564298,FALSE,TRUE,35
"2.2.2.3.2.2.2.2.2.2.2.2.2.2.2.2.2.1.1.2.2.2",0.480538905620585,FALSE,TRUE,35
"2.2.2.2.3.2.2.2.2.2.2.2.2.2.2.2.2.1.1.2.2.2",0.457847516189916,FALSE,TRUE,33
"2.2.2.2.2.3.2.2.2.2.2.2.2.2.2.2.2.1.1.2.2.2",0.511549071039086,FALSE,TRUE,34
"2.2.2.2.2.2.3.2.2.2.2.2.2.2.2.2.2.1.1.2.2.2",0.531760580574112,FALSE,TRUE,34
"2.2.2.2.2.2.2.3.2.2.2.2.2.2.2.2.2.1.1.2.2.2",0.570822254195113,FALSE,TRUE,34
"2.2.2.2.2.2.2.2.3.2.2.2.2.2.2.2.2.1.1.2.2.2",0.499980635023634,FALSE,TRUE,36
"2.2.2.2.2.2.2.2.2.3.2.2.2.2.2.2.2.1.1.2.2.2",0.507314356840872,FALSE,TRUE,35
"2.2.2.2.2.2.2.2.2.2.3.2.2.2.2.2.2.1.1.2.2.2",0.46680765292932,FALSE,TRUE,33
"2.2.2.2.2.2.2.2.2.2.2.3.2.2.2.2.2.1.1.2.2.2",0.501625369258953,FALSE,TRUE,35
"2.2.2.2.2.2.2.2.2.2.2.2.3.2.2.2.2.1.1.2.2.2",0.426133796271236,FALSE,TRUE,35
"2.2.2.2.2.2.2.2.2.2.2.2.2.3.2.2.2.1.1.2.2.2",0.464783486123222,FALSE,TRUE,36
"2.2.2.2.2.2.2.2.2.2.2.2.2.2.3.2.2.1.1.2.2.2",0.528513175746264,FALSE,TRUE,33
"2.2.2.2.2.2.2.2.2.2.2.2.2.2.2.3.2.1.1.2.2.2",0.482881468286882,FALSE,TRUE,35
"2.2.2.2.2.2.2.2.2.2.2.2.2.2.2.2.3.1.1.2.2.2",0.462578951594725,FALSE,TRUE,32
"2.2.2.2.2.2.2.2.2.2.2.2.2.2.2.2.2.1.1.3.2.2",0.470481823497271,FALSE,TRUE,36
"2.2.2.2.2.2.2.2.2.2.2.2.2.2.2.2.2.1.1.2.3.2",0.440878873288744,FALSE,TRUE,35
"1.2.2.2.2.2.2.2.2.2.2.2.2.2.2.2.2.1.1.2.2.2",0.464892252960205,FALSE,TRUE,32
"2.1.2.2.2.2.2.2.2.2.2.2.2.2.2.2.2.1.1.2.2.2",0.522170712926639,FALSE,TRUE,34
"2.2.1.2.2.2.2.2.2.2.2.2.2.2.2.2.2.1.1.2.2.2",0.509052744118573,FALSE,TRUE,34
"2.2.2.1.2.2.2.2.2.2.2.2.2.2.2.2.2.1.1.2.2.2",0.470207752300128,FALSE,TRUE,33
"2.2.2.2.1.2.2.2.2.2.2.2.2.2.2.2.2.1.1.2.2.2",0.488929799641469,FALSE,TRUE,32
"2.2.2.2.2.1.2.2.2.2.2.2.2.2.2.2.2.1.1.2.2.2",0.438266142347667,FALSE,TRUE,34
"2.2.2.2.2.2.1.2.2.2.2.2.2.2.2.2.2.1.1.2.2.2",0.415557369646459,FALSE,TRUE,34
"2.2.2.2.2.2.2.1.2.2.2.2.2.2.2.2.2.1.1.2.2.2",0.371597103819465,FALSE,TRUE,34
"2.2.2.2.2.2.2.2.2.1.2.2.2.2.2.2.2.1.1.2.2.2",0.435728154800306,FALSE,TRUE,34
"2.2.2.2.2.2.2.2.2.2.1.2.2.2.2.2.2.1.1.2.2.2",0.48170844179707,FALSE,TRUE,33
"2.2.2.2.2.2.2.2.2.2.2.2.1.2.2.2.2.1.1.2.2.2",0.528445227725707,FALSE,TRUE,34
"2.2.2.2.2.2.2.2.2.2.2.2.2.2.1.2.2.1.1.2.2.2",0.414319166260358,FALSE,TRUE,33
"2.2.2.2.2.2.2.2.2.2.2.2.2.2.2.1.2.1.1.2.2.2",0.45989758466464,FALSE,TRUE,34
"2.2.2.2.2.2.2.2.2.2.2.2.2.2.2.2.1.1.1.2.2.2",0.485307986142013,FALSE,TRUE,30
"2.2.2.2.2.2.2.2.2.2.2.2.2.2.2.2.2.1.1.2.1.2",0.513264148470459,FALSE,TRUE,33
"2.2.2.2.2.2.2.2.2.2.2.2.2.2.2.2.2.1.1.2.2.1",0.433034934326619,FALSE,TRUE,34
"3.2.2.2.2.2.2.2.2.2.2.2.2.2.3.2.2.1.2.2.2.2",0.514431923165607,FALSE,TRUE,40
"2.3.2.2.2.2.2.2.2.2.2.2.2.2.3.2.2.1.2.2.2.2",0.467176127394522,FALSE,TRUE,39
"2.2.3.2.2.2.2.2.2.2.2.2.2.2.3.2.2.1.2.2.2.2",0.47913183287595,FALSE,TRUE,39
"2.2.2.3.2.2.2.2.2.2.2.2.2.2.3.2.2.1.2.2.2.2",0.53123885360506,FALSE,TRUE,39
"2.2.2.2.3.2.2.2.2.2.2.2.2.2.3.2.2.1.2.2.2.2",0.51636676716507,FALSE,TRUE,38
"2.2.2.2.2.3.2.2.2.2.2.2.2.2.3.2.2.1.2.2.2.2",0.542290614001415,FALSE,TRUE,39
"2.2.2.2.2.2.2.3.2.2.2.2.2.2.3.2.2.1.2.2.2.2",0.60329694733854,FALSE,TRUE,37
"2.2.2.2.2.2.2.2.3.2.2.2.2.2.3.2.2.1.2.2.2.2",0.530737818405021,FALSE,TRUE,39
"2.2.2.2.2.2.2.2.2.3.2.2.2.2.3.2.2.1.2.2.2.2",0.532058302377732,FALSE,TRUE,39
"2.2.2.2.2.2.2.2.2.2.3.2.2.2.3.2.2.1.2.2.2.2",0.509770945121652,FALSE,TRUE,39
"2.2.2.2.2.2.2.2.2.2.2.3.2.2.3.2.2.1.2.2.2.2",0.537747973719473,FALSE,TRUE,39
"2.2.2.2.2.2.2.2.2.2.2.2.3.2.3.2.2.1.2.2.2.2",0.484639021837548,FALSE,TRUE,39
"2.2.2.2.2.2.2.2.2.2.2.2.2.3.3.2.2.1.2.2.2.2",0.516569667978079,FALSE,TRUE,39
"2.2.2.2.2.2.2.2.2.2.2.2.2.2.4.2.2.1.2.2.2.2",0.538774756506712,FALSE,TRUE,40
"2.2.2.2.2.2.2.2.2.2.2.2.2.2.3.3.2.1.2.2.2.2",0.521465357976321,FALSE,TRUE,39
"2.2.2.2.2.2.2.2.2.2.2.2.2.2.3.2.3.1.2.2.2.2",0.510165597905914,FALSE,TRUE,38
"2.2.2.2.2.2.2.2.2.2.2.2.2.2.3.2.2.1.3.2.2.2",0.503948359653682,FALSE,TRUE,39
"2.2.2.2.2.2.2.2.2.2.2.2.2.2.3.2.2.1.2.3.2.2",0.506605483130397,FALSE,TRUE,39
"2.2.2.2.2.2.2.2.2.2.2.2.2.2.3.2.2.1.2.2.3.2",0.481861288289698,FALSE,TRUE,39
"2.2.2.2.2.2.2.2.2.2.2.2.2.2.3.2.2.1.2.2.2.3",0.553313299145696,FALSE,TRUE,38
"2.1.2.2.2.2.2.2.2.2.2.2.2.2.3.2.2.1.2.2.2.2",0.572919115469515,FALSE,TRUE,38
"2.2.1.2.2.2.2.2.2.2.2.2.2.2.3.2.2.1.2.2.2.2",0.560326898071596,FALSE,TRUE,38
"2.2.2.1.2.2.2.2.2.2.2.2.2.2.3.2.2.1.2.2.2.2",0.507528897856117,FALSE,TRUE,37
"2.2.2.2.1.2.2.2.2.2.2.2.2.2.3.2.2.1.2.2.2.2",0.520614276987716,FALSE,TRUE,38
"2.2.2.2.2.1.2.2.2.2.2.2.2.2.3.2.2.1.2.2.2.2",0.495095499282215,FALSE,TRUE,38
"2.2.2.2.2.2.1.2.2.2.2.2.2.2.3.2.2.1.2.2.2.2",0.460971393645434,FALSE,TRUE,39
"2.2.2.2.2.2.2.1.2.2.2.2.2.2.3.2.2.1.2.2.2.2",0.424075963099082,FALSE,TRUE,38
"2.2.2.2.2.2.2.2.1.2.2.2.2.2.3.2.2.1.2.2.2.2",0.509566956239151,FALSE,TRUE,37
"2.2.2.2.2.2.2.2.2.1.2.2.2.2.3.2.2.1.2.2.2.2",0.497543941111237,FALSE,TRUE,38
"2.2.2.2.2.2.2.2.2.2.1.2.2.2.3.2.2.1.2.2.2.2",0.525257354532417,FALSE,TRUE,37
"2.2.2.2.2.2.2.2.2.2.2.1.2.2.3.2.2.1.2.2.2.2",0.497556469763921,FALSE,TRUE,37
"2.2.2.2.2.2.2.2.2.2.2.2.1.2.3.2.2.1.2.2.2.2",0.558091814077593,FALSE,TRUE,38
"2.2.2.2.2.2.2.2.2.2.2.2.2.1.3.2.2.1.2.2.2.2",0.525911510593885,FALSE,TRUE,37
"2.2.2.2.2.2.2.2.2.2.2.2.2.2.3.1.2.1.2.2.2.2",0.510078944673303,FALSE,TRUE,38
"2.2.2.2.2.2.2.2.2.2.2.2.2.2.3.2.1.1.2.2.2.2",0.526895833340212,FALSE,TRUE,37
"2.2.2.2.2.2.2.2.2.2.2.2.2.2.3.2.2.1.2.1.2.2",0.530327724060004,FALSE,TRUE,36
"2.2.2.2.2.2.2.2.2.2.2.2.2.2.3.2.2.1.2.2.1.2",0.560922881843797,FALSE,TRUE,38
"2.2.2.2.2.2.2.2.2.2.2.2.2.2.3.2.2.1.2.2.2.1",0.482146046339857,FALSE,TRUE,38
"3.2.2.2.2.2.2.2.2.2.2.2.2.2.2.2.2.1.1.2.2.3",0.505913961075133,FALSE,TRUE,38
"2.3.2.2.2.2.2.2.2.2.2.2.2.2.2.2.2.1.1.2.2.3",0.449635772651627,FALSE,TRUE,38
"2.2.2.3.2.2.2.2.2.2.2.2.2.2.2.2.2.1.1.2.2.3",0.517608656617471,FALSE,TRUE,38
"2.2.2.2.3.2.2.2.2.2.2.2.2.2.2.2.2.1.1.2.2.3",0.493473961419849,FALSE,TRUE,38
"2.2.2.2.2.3.2.2.2.2.2.2.2.2.2.2.2.1.1.2.2.3",0.537014929114126,FALSE,TRUE,37
"2.2.2.2.2.2.3.2.2.2.2.2.2.2.2.2.2.1.1.2.2.3",0.553046308728111,FALSE,TRUE,38
"2.2.2.2.2.2.2.3.2.2.2.2.2.2.2.2.2.1.1.2.2.3",0.60983683849174,FALSE,TRUE,37
"2.2.2.2.2.2.2.2.3.2.2.2.2.2.2.2.2.1.1.2.2.3",0.526537451560912,FALSE,TRUE,38
"2.2.2.2.2.2.2.2.2.3.2.2.2.2.2.2.2.1.1.2.2.3",0.529019695994862,FALSE,TRUE,38
"2.2.2.2.2.2.2.2.2.2.3.2.2.2.2.2.2.1.1.2.2.3",0.506451007057326,FALSE,TRUE,37
"2.2.2.2.2.2.2.2.2.2.2.3.2.2.2.2.2.1.1.2.2.3",0.529644611981062,FALSE,TRUE,38
"2.2.2.2.2.2.2.2.2.2.2.2.3.2.2.2.2.1.1.2.2.3",0.454106932682968,FALSE,TRUE,38
"2.2.2.2.2.2.2.2.2.2.2.2.2.3.2.2.2.1.1.2.2.3",0.498051553867586,FALSE,TRUE,38
"2.2.2.2.2.2.2.2.2.2.2.2.2.2.3.2.2.1.1.2.2.3",0.557708458375552,FALSE,TRUE,37
"2.2.2.2.2.2.2.2.2.2.2.2.2.2.2.3.2.1.1.2.2.3",0.501236228080769,FALSE,TRUE,38
"2.2.2.2.2.2.2.2.2.2.2.2.2.2.2.2.3.1.1.2.2.3",0.485525349940841,FALSE,TRUE,37
"2.2.2.2.2.2.2.2.2.2.2.2.2.2.2.2.2.2.1.2.2.3",0.551087609952457,FALSE,TRUE,38
"2.2.2.2.2.2.2.2.2.2.2.2.2.2.2.2.2.1.1.3.2.3",0.5016717880089,FALSE,TRUE,38
"2.2.2.2.2.2.2.2.2.2.2.2.2.2.2.2.2.1.1.2.3.3",0.464157610085481,FALSE,TRUE,38
"2.2.2.2.2.2.2.2.2.2.2.2.2.2.2.2.2.1.1.2.2.4",0.52338550876494,FALSE,TRUE,39
"1.2.2.2.2.2.2.2.2.2.2.2.2.2.2.2.2.1.1.2.2.3",0.496931373040291,FALSE,TRUE,37
"2.1.2.2.2.2.2.2.2.2.2.2.2.2.2.2.2.1.1.2.2.3",0.55953071984329,FALSE,TRUE,37
"2.2.1.2.2.2.2.2.2.2.2.2.2.2.2.2.2.1.1.2.2.3",0.537277541535606,FALSE,TRUE,38
"2.2.2.1.2.2.2.2.2.2.2.2.2.2.2.2.2.1.1.2.2.3",0.492147573474262,FALSE,TRUE,37
"2.2.2.2.2.1.2.2.2.2.2.2.2.2.2.2.2.1.1.2.2.3",0.471656837166438,FALSE,TRUE,37
"2.2.2.2.2.2.1.2.2.2.2.2.2.2.2.2.2.1.1.2.2.3",0.453073095718568,FALSE,TRUE,36
"2.2.2.2.2.2.2.1.2.2.2.2.2.2.2.2.2.1.1.2.2.3",0.391007360071614,FALSE,TRUE,37
"2.2.2.2.2.2.2.2.1.2.2.2.2.2.2.2.2.1.1.2.2.3",0.484999019808227,FALSE,TRUE,34
"2.2.2.2.2.2.2.2.2.1.2.2.2.2.2.2.2.1.1.2.2.3",0.473827526706283,FALSE,TRUE,37
"2.2.2.2.2.2.2.2.2.2.1.2.2.2.2.2.2.1.1.2.2.3",0.502429472387855,FALSE,TRUE,37
"2.2.2.2.2.2.2.2.2.2.2.1.2.2.2.2.2.1.1.2.2.3",0.477559465856905,FALSE,TRUE,37
"2.2.2.2.2.2.2.2.2.2.2.2.1.2.2.2.2.1.1.2.2.3",0.560193137978293,FALSE,TRUE,37
"2.2.2.2.2.2.2.2.2.2.2.2.2.1.2.2.2.1.1.2.2.3",0.514790498770066,FALSE,TRUE,35
"2.2.2.2.2.2.2.2.2.2.2.2.2.2.1.2.2.1.1.2.2.3",0.444209437881552,FALSE,TRUE,37
"2.2.2.2.2.2.2.2.2.2.2.2.2.2.2.1.2.1.1.2.2.3",0.500062961985225,FALSE,TRUE,36
"2.2.2.2.2.2.2.2.2.2.2.2.2.2.2.2.1.1.1.2.2.3",0.521944207964696,FALSE,TRUE,36
"2.2.2.2.2.2.2.2.2.2.2.2.2.2.2.2.2.1.1.1.2.3",0.507499529344508,FALSE,TRUE,36
"2.2.2.2.2.2.2.2.2.2.2.2.2.2.2.2.2.1.1.2.1.3",0.548067523699289,FALSE,TRUE,37
"3.2.2.2.2.2.2.2.2.2.2.2.2.1.2.2.2.1.1.2.2.2",0.491002686865302,FALSE,TRUE,35
"2.3.2.2.2.2.2.2.2.2.2.2.2.1.2.2.2.1.1.2.2.2",0.433491936117915,FALSE,TRUE,36
"2.2.3.2.2.2.2.2.2.2.2.2.2.1.2.2.2.1.1.2.2.2",0.450715748290267,FALSE,TRUE,35
"2.2.2.3.2.2.2.2.2.2.2.2.2.1.2.2.2.1.1.2.2.2",0.492757485296252,FALSE,TRUE,36
"2.2.2.2.3.2.2.2.2.2.2.2.2.1.2.2.2.1.1.2.2.2",0.461282974777135,FALSE,TRUE,36
"2.2.2.2.2.3.2.2.2.2.2.2.2.1.2.2.2.1.1.2.2.2",0.509028343288764,FALSE,TRUE,35
"2.2.2.2.2.2.3.2.2.2.2.2.2.1.2.2.2.1.1.2.2.2",0.543268972728008,FALSE,TRUE,36
"2.2.2.2.2.2.2.3.2.2.2.2.2.1.2.2.2.1.1.2.2.2",0.580649380472548,FALSE,TRUE,34
"2.2.2.2.2.2.2.2.3.2.2.2.2.1.2.2.2.1.1.2.2.2",0.506672986429607,FALSE,TRUE,36
"2.2.2.2.2.2.2.2.2.3.2.2.2.1.2.2.2.1.1.2.2.2",0.515783678014362,FALSE,TRUE,36
"2.2.2.2.2.2.2.2.2.2.2.3.2.1.2.2.2.1.1.2.2.2",0.50732819383195,FALSE,TRUE,35
"2.2.2.2.2.2.2.2.2.2.2.2.3.1.2.2.2.1.1.2.2.2",0.433461432083462,FALSE,TRUE,36
"2.2.2.2.2.2.2.2.2.2.2.2.2.1.3.2.2.1.1.2.2.2",0.532116883377863,FALSE,TRUE,35
"2.2.2.2.2.2.2.2.2.2.2.2.2.1.2.3.2.1.1.2.2.2",0.484885667158969,FALSE,TRUE,36
"2.2.2.2.2.2.2.2.2.2.2.2.2.1.2.2.3.1.1.2.2.2",0.460728441324469,FALSE,TRUE,36
"2.2.2.2.2.2.2.2.2.2.2.2.2.1.2.2.2.2.1.2.2.2",0.536160447041692,FALSE,TRUE,36
"2.2.2.2.2.2.2.2.2.2.2.2.2.1.2.2.2.1.1.3.2.2",0.475634574609629,FALSE,TRUE,36
"2.2.2.2.2.2.2.2.2.2.2.2.2.1.2.2.2.1.1.2.3.2",0.442710310659166,FALSE,TRUE,36
"1.2.2.2.2.2.2.2.2.2.2.2.2.1.2.2.2.1.1.2.2.2",0.462490965891258,FALSE,TRUE,35
"2.1.2.2.2.2.2.2.2.2.2.2.2.1.2.2.2.1.1.2.2.2",0.52691224226703,FALSE,TRUE,35
"2.2.1.2.2.2.2.2.2.2.2.2.2.1.2.2.2.1.1.2.2.2",0.508806715593354,FALSE,TRUE,33
"2.2.2.1.2.2.2.2.2.2.2.2.2.1.2.2.2.1.1.2.2.2",0.46940313223296,FALSE,TRUE,33
"2.2.2.2.2.1.2.2.2.2.2.2.2.1.2.2.2.1.1.2.2.2",0.452178597170847,FALSE,TRUE,35
"2.2.2.2.2.2.1.2.2.2.2.2.2.1.2.2.2.1.1.2.2.2",0.414946567821959,FALSE,TRUE,34
"2.2.2.2.2.2.2.1.2.2.2.2.2.1.2.2.2.1.1.2.2.2",0.373390874379021,FALSE,TRUE,35
"2.2.2.2.2.2.2.2.1.2.2.2.2.1.2.2.2.1.1.2.2.2",0.456079464384477,FALSE,TRUE,32
"2.2.2.2.2.2.2.2.2.1.2.2.2.1.2.2.2.1.1.2.2.2",0.438075774428146,FALSE,TRUE,35
"2.2.2.2.2.2.2.2.2.2.1.2.2.1.2.2.2.1.1.2.2.2",0.485036237042606,FALSE,TRUE,36
"2.2.2.2.2.2.2.2.2.2.2.1.2.1.2.2.2.1.1.2.2.2",0.448760675330179,FALSE,TRUE,35
"2.2.2.2.2.2.2.2.2.2.2.2.1.1.2.2.2.1.1.2.2.2",0.53213755322301,FALSE,TRUE,35
"2.2.2.2.2.2.2.2.2.2.2.2.2.1.1.2.2.1.1.2.2.2",0.422451026480566,FALSE,TRUE,35
"2.2.2.2.2.2.2.2.2.2.2.2.2.1.2.1.2.1.1.2.2.2",0.468086915925372,FALSE,TRUE,34
"2.2.2.2.2.2.2.2.2.2.2.2.2.1.2.2.2.1.1.1.2.2",0.481492071733488,FALSE,TRUE,31
"2.2.2.2.2.2.2.2.2.2.2.2.2.1.2.2.2.1.1.2.1.2",0.522524958607979,FALSE,TRUE,35
"2.2.2.2.2.2.2.2.2.2.2.2.2.1.2.2.2.1.1.2.2.1",0.440078827800843,FALSE,TRUE,35
"3.2.2.2.2.2.2.2.1.2.2.2.2.2.2.2.2.1.1.2.2.2",0.456066031421397,FALSE,TRUE,36
"2.3.2.2.2.2.2.2.1.2.2.2.2.2.2.2.2.1.1.2.2.2",0.404498640481541,FALSE,TRUE,36
"2.2.3.2.2.2.2.2.1.2.2.2.2.2.2.2.2.1.1.2.2.2",0.415553016294257,FALSE,TRUE,35
"2.2.2.3.2.2.2.2.1.2.2.2.2.2.2.2.2.1.1.2.2.2",0.449941925991296,FALSE,TRUE,36
"2.2.2.2.3.2.2.2.1.2.2.2.2.2.2.2.2.1.1.2.2.2",0.425825157159166,FALSE,TRUE,34
"2.2.2.2.2.3.2.2.1.2.2.2.2.2.2.2.2.1.1.2.2.2",0.480755955445978,FALSE,TRUE,35
"2.2.2.2.2.2.3.2.1.2.2.2.2.2.2.2.2.1.1.2.2.2",0.503036569483428,FALSE,TRUE,37
"2.2.2.2.2.2.2.3.1.2.2.2.2.2.2.2.2.1.1.2.2.2",0.538116752105283,FALSE,TRUE,35
"2.2.2.2.2.2.2.2.1.3.2.2.2.2.2.2.2.1.1.2.2.2",0.480789813777004,FALSE,TRUE,36
"2.2.2.2.2.2.2.2.1.2.3.2.2.2.2.2.2.1.1.2.2.2",0.433196865995549,FALSE,TRUE,35
"2.2.2.2.2.2.2.2.1.2.2.3.2.2.2.2.2.1.1.2.2.2",0.470245677390553,FALSE,TRUE,36
"2.2.2.2.2.2.2.2.1.2.2.2.3.2.2.2.2.1.1.2.2.2",0.393836234599641,FALSE,TRUE,36
"2.2.2.2.2.2.2.2.1.2.2.2.2.3.2.2.2.1.1.2.2.2",0.435459286417037,FALSE,TRUE,36
"2.2.2.2.2.2.2.2.1.2.2.2.2.2.3.2.2.1.1.2.2.2",0.507555072980858,FALSE,TRUE,35
"2.2.2.2.2.2.2.2.1.2.2.2.2.2.2.3.2.1.1.2.2.2",0.452635124601301,FALSE,TRUE,37
"2.2.2.2.2.2.2.2.1.2.2.2.2.2.2.2.2.2.1.2.2.2",0.494849942911483,FALSE,TRUE,36
"2.2.2.2.2.2.2.2.1.2.2.2.2.2.2.2.2.1.1.3.2.2",0.443122532555705,FALSE,TRUE,36
"2.2.2.2.2.2.2.2.1.2.2.2.2.2.2.2.2.1.1.2.3.2",0.414054998567634,FALSE,TRUE,36
"1.2.2.2.2.2.2.2.1.2.2.2.2.2.2.2.2.1.1.2.2.2",0.427664220168301,FALSE,TRUE,35
"2.1.2.2.2.2.2.2.1.2.2.2.2.2.2.2.2.1.1.2.2.2",0.488611669294869,FALSE,TRUE,34
"2.2.1.2.2.2.2.2.1.2.2.2.2.2.2.2.2.1.1.2.2.2",0.473585428027351,FALSE,TRUE,35
"2.2.2.1.2.2.2.2.1.2.2.2.2.2.2.2.2.1.1.2.2.2",0.440524009999299,FALSE,TRUE,35
"2.2.2.2.1.2.2.2.1.2.2.2.2.2.2.2.2.1.1.2.2.2",0.46181208616257,FALSE,TRUE,33
"2.2.2.2.2.1.2.2.1.2.2.2.2.2.2.2.2.1.1.2.2.2",0.409518199166468,FALSE,TRUE,35
"2.2.2.2.2.2.2.1.1.2.2.2.2.2.2.2.2.1.1.2.2.2",0.343780859471401,FALSE,TRUE,35
"2.2.2.2.2.2.2.2.1.1.2.2.2.2.2.2.2.1.1.2.2.2",0.402832761343228,FALSE,TRUE,35
"2.2.2.2.2.2.2.2.1.2.1.2.2.2.2.2.2.1.1.2.2.2",0.454970030681835,FALSE,TRUE,35
"2.2.2.2.2.2.2.2.1.2.2.1.2.2.2.2.2.1.1.2.2.2",0.416392853318314,FALSE,TRUE,35
"2.2.2.2.2.2.2.2.1.2.2.2.1.2.2.2.2.1.1.2.2.2",0.50126852429898,FALSE,TRUE,35
"2.2.2.2.2.2.2.2.1.2.2.2.2.2.1.2.2.1.1.2.2.2",0.376310739379133,FALSE,TRUE,35
"2.2.2.2.2.2.2.2.1.2.2.2.2.2.2.2.1.1.1.2.2.2",0.454906664743933,FALSE,TRUE,35
"2.2.2.2.2.2.2.2.1.2.2.2.2.2.2.2.2.1.1.1.2.2",0.447162115212462,FALSE,TRUE,34
"2.2.2.2.2.2.2.2.1.2.2.2.2.2.2.2.2.1.1.2.1.2",0.481553675717351,FALSE,TRUE,35
"2.2.2.2.2.2.2.2.1.2.2.2.2.2.2.2.2.1.1.2.2.1",0.399389781871792,FALSE,TRUE,35
"3.2.2.2.2.2.2.2.2.2.2.2.2.1.2.2.1.1.1.2.2.2",0.503329778485779,FALSE,TRUE,33
"2.3.2.2.2.2.2.2.2.2.2.2.2.1.2.2.1.1.1.2.2.2",0.438736326400058,FALSE,TRUE,33
"2.2.3.2.2.2.2.2.2.2.2.2.2.1.2.2.1.1.1.2.2.2",0.460649594137154,FALSE,TRUE,33
"2.2.2.3.2.2.2.2.2.2.2.2.2.1.2.2.1.1.1.2.2.2",0.497209467942234,FALSE,TRUE,34
"2.2.2.2.3.2.2.2.2.2.2.2.2.1.2.2.1.1.1.2.2.2",0.474466761694382,FALSE,TRUE,33
"2.2.2.2.2.2.3.2.2.2.2.2.2.1.2.2.1.1.1.2.2.2",0.548299283097303,FALSE,TRUE,33
"2.2.2.2.2.2.2.3.2.2.2.2.2.1.2.2.1.1.1.2.2.2",0.578345579285562,FALSE,TRUE,33
"2.2.2.2.2.2.2.2.3.2.2.2.2.1.2.2.1.1.1.2.2.2",0.516843446555725,FALSE,TRUE,33
"2.2.2.2.2.2.2.2.2.3.2.2.2.1.2.2.1.1.1.2.2.2",0.519274422908507,FALSE,TRUE,33
"2.2.2.2.2.2.2.2.2.2.3.2.2.1.2.2.1.1.1.2.2.2",0.474314883621787,FALSE,TRUE,31
"2.2.2.2.2.2.2.2.2.2.2.3.2.1.2.2.1.1.1.2.2.2",0.514761807295731,FALSE,TRUE,32
"2.2.2.2.2.2.2.2.2.2.2.2.3.1.2.2.1.1.1.2.2.2",0.442591051589804,FALSE,TRUE,33
"2.2.2.2.2.2.2.2.2.2.2.2.2.1.3.2.1.1.1.2.2.2",0.54263240720967,FALSE,TRUE,33
"2.2.2.2.2.2.2.2.2.2.2.2.2.1.2.3.1.1.1.2.2.2",0.50388272624296,FALSE,TRUE,33
"2.2.2.2.2.2.2.2.2.2.2.2.2.1.2.2.1.2.1.2.2.2",0.543534718990194,FALSE,TRUE,34
"2.2.2.2.2.2.2.2.2.2.2.2.2.1.2.2.1.1.2.2.2.2",0.500057735025818,FALSE,TRUE,33
"2.2.2.2.2.2.2.2.2.2.2.2.2.1.2.2.1.1.1.3.2.2",0.475215555814281,FALSE,TRUE,34
"2.2.2.2.2.2.2.2.2.2.2.2.2.1.2.2.1.1.1.2.3.2",0.458445782284877,FALSE,TRUE,34
"2.2.2.2.2.2.2.2.2.2.2.2.2.1.2.2.1.1.1.2.2.3",0.531685328452308,FALSE,TRUE,33
"1.2.2.2.2.2.2.2.2.2.2.2.2.1.2.2.1.1.1.2.2.2",0.470664805567744,FALSE,TRUE,31
"2.1.2.2.2.2.2.2.2.2.2.2.2.1.2.2.1.1.1.2.2.2",0.535813300197234,FALSE,TRUE,32
"2.2.1.2.2.2.2.2.2.2.2.2.2.1.2.2.1.1.1.2.2.2",0.517165079243919,FALSE,TRUE,32
"2.2.2.2.1.2.2.2.2.2.2.2.2.1.2.2.1.1.1.2.2.2",0.500368585623533,FALSE,TRUE,31
"2.2.2.2.2.1.2.2.2.2.2.2.2.1.2.2.1.1.1.2.2.2",0.457129812970604,FALSE,TRUE,33
"2.2.2.2.2.2.1.2.2.2.2.2.2.1.2.2.1.1.1.2.2.2",0.427679960605634,FALSE,TRUE,32
"2.2.2.2.2.2.2.1.2.2.2.2.2.1.2.2.1.1.1.2.2.2",0.392601482422176,FALSE,TRUE,32
"2.2.2.2.2.2.2.2.1.2.2.2.2.1.2.2.1.1.1.2.2.2",0.46402114389099,FALSE,TRUE,31
"2.2.2.2.2.2.2.2.2.1.2.2.2.1.2.2.1.1.1.2.2.2",0.45348641604419,FALSE,TRUE,32
"2.2.2.2.2.2.2.2.2.2.1.2.2.1.2.2.1.1.1.2.2.2",0.501504459823853,FALSE,TRUE,32
"2.2.2.2.2.2.2.2.2.2.2.1.2.1.2.2.1.1.1.2.2.2",0.458141710032502,FALSE,TRUE,31
"2.2.2.2.2.2.2.2.2.2.2.2.1.1.2.2.1.1.1.2.2.2",0.54084460979724,FALSE,TRUE,32
"2.2.2.2.2.2.2.2.2.2.2.2.2.1.1.2.1.1.1.2.2.2",0.431217845561217,FALSE,TRUE,31
"2.2.2.2.2.2.2.2.2.2.2.2.2.1.2.1.1.1.1.2.2.2",0.467529811279608,FALSE,TRUE,32
"3.2.2.2.1.2.2.2.2.2.2.2.2.1.2.2.2.1.1.2.2.2",0.502105153167617,FALSE,TRUE,37
"2.3.2.2.1.2.2.2.2.2.2.2.2.1.2.2.2.1.1.2.2.2",0.42929492866804,FALSE,TRUE,37
"2.2.3.2.1.2.2.2.2.2.2.2.2.1.2.2.2.1.1.2.2.2",0.454870446358711,FALSE,TRUE,37
"2.2.2.3.1.2.2.2.2.2.2.2.2.1.2.2.2.1.1.2.2.2",0.50479486648211,FALSE,TRUE,37
"2.2.2.2.1.3.2.2.2.2.2.2.2.1.2.2.2.1.1.2.2.2",0.51564358296895,FALSE,TRUE,36
"2.2.2.2.1.2.3.2.2.2.2.2.2.1.2.2.2.1.1.2.2.2",0.55334107024306,FALSE,TRUE,37
"2.2.2.2.1.2.2.3.2.2.2.2.2.1.2.2.2.1.1.2.2.2",0.594159711044612,FALSE,TRUE,37
"2.2.2.2.1.2.2.2.3.2.2.2.2.1.2.2.2.1.1.2.2.2",0.512238364845027,FALSE,TRUE,37
"2.2.2.2.1.2.2.2.2.3.2.2.2.1.2.2.2.1.1.2.2.2",0.518096913934183,FALSE,TRUE,37
"2.2.2.2.1.2.2.2.2.2.3.2.2.1.2.2.2.1.1.2.2.2",0.484463914769317,FALSE,TRUE,35
"2.2.2.2.1.2.2.2.2.2.2.3.2.1.2.2.2.1.1.2.2.2",0.517863428832695,FALSE,TRUE,36
"2.2.2.2.1.2.2.2.2.2.2.2.3.1.2.2.2.1.1.2.2.2",0.436952480817982,FALSE,TRUE,37
"2.2.2.2.1.2.2.2.2.2.2.2.2.1.3.2.2.1.1.2.2.2",0.537203857745405,FALSE,TRUE,38
"2.2.2.2.1.2.2.2.2.2.2.2.2.1.2.3.2.1.1.2.2.2",0.491978372947159,FALSE,TRUE,37
"2.2.2.2.1.2.2.2.2.2.2.2.2.1.2.2.3.1.1.2.2.2",0.472292455950237,FALSE,TRUE,37
"2.2.2.2.1.2.2.2.2.2.2.2.2.1.2.2.2.2.1.2.2.2",0.554848862176801,FALSE,TRUE,36
"2.2.2.2.1.2.2.2.2.2.2.2.2.1.2.2.2.1.2.2.2.2",0.49251651529649,FALSE,TRUE,37
"2.2.2.2.1.2.2.2.2.2.2.2.2.1.2.2.2.1.1.3.2.2",0.479721541043895,FALSE,TRUE,37
"2.2.2.2.1.2.2.2.2.2.2.2.2.1.2.2.2.1.1.2.3.2",0.446030659774007,FALSE,TRUE,37
"2.2.2.2.1.2.2.2.2.2.2.2.2.1.2.2.2.1.1.2.2.3",0.518540136253576,FALSE,TRUE,34
"1.2.2.2.1.2.2.2.2.2.2.2.2.1.2.2.2.1.1.2.2.2",0.468965351169819,FALSE,TRUE,35
"2.1.2.2.1.2.2.2.2.2.2.2.2.1.2.2.2.1.1.2.2.2",0.542989602908779,FALSE,TRUE,36
"2.2.1.2.1.2.2.2.2.2.2.2.2.1.2.2.2.1.1.2.2.2",0.519612214274221,FALSE,TRUE,36
"2.2.2.1.1.2.2.2.2.2.2.2.2.1.2.2.2.1.1.2.2.2",0.472044105890371,FALSE,TRUE,35
"2.2.2.2.1.1.2.2.2.2.2.2.2.1.2.2.2.1.1.2.2.2",0.458574644098129,FALSE,TRUE,36
"2.2.2.2.1.2.1.2.2.2.2.2.2.1.2.2.2.1.1.2.2.2",0.419763071315772,FALSE,TRUE,36
"2.2.2.2.1.2.2.1.2.2.2.2.2.1.2.2.2.1.1.2.2.2",0.373899844951268,FALSE,TRUE,36
"2.2.2.2.1.2.2.2.1.2.2.2.2.1.2.2.2.1.1.2.2.2",0.465880390327632,FALSE,TRUE,34
"2.2.2.2.1.2.2.2.2.1.2.2.2.1.2.2.2.1.1.2.2.2",0.452188634968885,FALSE,TRUE,36
"2.2.2.2.1.2.2.2.2.2.1.2.2.1.2.2.2.1.1.2.2.2",0.488896757706103,FALSE,TRUE,36
"2.2.2.2.1.2.2.2.2.2.2.1.2.1.2.2.2.1.1.2.2.2",0.452754133912776,FALSE,TRUE,35
"2.2.2.2.1.2.2.2.2.2.2.2.1.1.2.2.2.1.1.2.2.2",0.542318525902877,FALSE,TRUE,36
"2.2.2.2.1.2.2.2.2.2.2.2.2.1.2.1.2.1.1.2.2.2",0.47612016641915,FALSE,TRUE,36
"2.2.2.2.1.2.2.2.2.2.2.2.2.1.2.2.2.1.1.1.2.2",0.490980299129826,FALSE,TRUE,34
"2.2.2.2.1.2.2.2.2.2.2.2.2.1.2.2.2.1.1.2.1.2",0.531603902328555,FALSE,TRUE,35
"2.2.2.2.1.2.2.2.2.2.2.2.2.1.2.2.2.1.1.2.2.1",0.450638880250377,FALSE,TRUE,35
"3.2.2.2.2.2.2.2.2.2.2.2.2.2.2.2.2.1.1.1.2.2",0.472023294665795,FALSE,TRUE,38
"2.3.2.2.2.2.2.2.2.2.2.2.2.2.2.2.2.1.1.1.2.2",0.431015380456861,FALSE,TRUE,38
"2.2.3.2.2.2.2.2.2.2.2.2.2.2.2.2.2.1.1.1.2.2",0.433536123633965,FALSE,TRUE,37
"2.2.2.3.2.2.2.2.2.2.2.2.2.2.2.2.2.1.1.1.2.2",0.47512639058718,FALSE,TRUE,38
"2.2.2.2.3.2.2.2.2.2.2.2.2.2.2.2.2.1.1.1.2.2",0.448911339581933,FALSE,TRUE,37
"2.2.2.2.2.2.3.2.2.2.2.2.2.2.2.2.2.1.1.1.2.2",0.536653124065332,FALSE,TRUE,38
"2.2.2.2.2.2.2.3.2.2.2.2.2.2.2.2.2.1.1.1.2.2",0.572183572683057,FALSE,TRUE,35
"2.2.2.2.2.2.2.2.3.2.2.2.2.2.2.2.2.1.1.1.2.2",0.496955248957612,FALSE,TRUE,38
"2.2.2.2.2.2.2.2.2.3.2.2.2.2.2.2.2.1.1.1.2.2",0.516613415914167,FALSE,TRUE,38
"2.2.2.2.2.2.2.2.2.2.3.2.2.2.2.2.2.1.1.1.2.2",0.467918117791264,FALSE,TRUE,35
"2.2.2.2.2.2.2.2.2.2.2.3.2.2.2.2.2.1.1.1.2.2",0.505575421602369,FALSE,TRUE,36
"2.2.2.2.2.2.2.2.2.2.2.2.3.2.2.2.2.1.1.1.2.2",0.419278605536336,FALSE,TRUE,38
"2.2.2.2.2.2.2.2.2.2.2.2.2.3.2.2.2.1.1.1.2.2",0.45971834811765,FALSE,TRUE,38
"2.2.2.2.2.2.2.2.2.2.2.2.2.2.3.2.2.1.1.1.2.2",0.524125917001223,FALSE,TRUE,37
"2.2.2.2.2.2.2.2.2.2.2.2.2.2.2.3.2.1.1.1.2.2",0.477453703909839,FALSE,TRUE,38
"2.2.2.2.2.2.2.2.2.2.2.2.2.2.2.2.3.1.1.1.2.2",0.448889758159302,FALSE,TRUE,37
"2.2.2.2.2.2.2.2.2.2.2.2.2.2.2.2.2.2.1.1.2.2",0.52933921158443,FALSE,TRUE,38
"2.2.2.2.2.2.2.2.2.2.2.2.2.2.2.2.2.1.1.1.3.2",0.433052161260849,FALSE,TRUE,38
"1.2.2.2.2.2.2.2.2.2.2.2.2.2.2.2.2.1.1.1.2.2",0.461203092849682,FALSE,TRUE,37
"2.1.2.2.2.2.2.2.2.2.2.2.2.2.2.2.2.1.1.1.2.2",0.513097039582931,FALSE,TRUE,37
"2.2.1.2.2.2.2.2.2.2.2.2.2.2.2.2.2.1.1.1.2.2",0.505990730928653,FALSE,TRUE,35
"2.2.2.1.2.2.2.2.2.2.2.2.2.2.2.2.2.1.1.1.2.2",0.467260183159172,FALSE,TRUE,37
"2.2.2.2.1.2.2.2.2.2.2.2.2.2.2.2.2.1.1.1.2.2",0.48759009362465,FALSE,TRUE,35
"2.2.2.2.2.1.2.2.2.2.2.2.2.2.2.2.2.1.1.1.2.2",0.433587183771889,FALSE,TRUE,38
"2.2.2.2.2.2.1.2.2.2.2.2.2.2.2.2.2.1.1.1.2.2",0.402967878466066,FALSE,TRUE,36
"2.2.2.2.2.2.2.1.2.2.2.2.2.2.2.2.2.1.1.1.2.2",0.363144673252617,FALSE,TRUE,37
"2.2.2.2.2.2.2.2.2.1.2.2.2.2.2.2.2.1.1.1.2.2",0.41872584070851,FALSE,TRUE,37
"2.2.2.2.2.2.2.2.2.2.1.2.2.2.2.2.2.1.1.1.2.2",0.472829729529806,FALSE,TRUE,37
"2.2.2.2.2.2.2.2.2.2.2.1.2.2.2.2.2.1.1.1.2.2",0.434379346847861,FALSE,TRUE,37
"2.2.2.2.2.2.2.2.2.2.2.2.1.2.2.2.2.1.1.1.2.2",0.524687914942009,FALSE,TRUE,37
"2.2.2.2.2.2.2.2.2.2.2.2.2.2.1.2.2.1.1.1.2.2",0.408737153171495,FALSE,TRUE,37
"2.2.2.2.2.2.2.2.2.2.2.2.2.2.2.1.2.1.1.1.2.2",0.455912949209026,FALSE,TRUE,36
"2.2.2.2.2.2.2.2.2.2.2.2.2.2.2.2.1.1.1.1.2.2",0.489756101328006,FALSE,TRUE,33
"2.2.2.2.2.2.2.2.2.2.2.2.2.2.2.2.2.1.1.1.1.2",0.514836622138072,FALSE,TRUE,37
"2.2.2.2.2.2.2.2.2.2.2.2.2.2.2.2.2.1.1.1.2.1",0.428559540509048,FALSE,TRUE,37
"3.2.2.2.2.2.2.2.1.2.2.2.2.2.2.2.3.1.1.2.2.2",0.435258774526222,FALSE,TRUE,37
"2.3.2.2.2.2.2.2.1.2.2.2.2.2.2.2.3.1.1.2.2.2",0.393598338709531,FALSE,TRUE,37
"2.2.3.2.2.2.2.2.1.2.2.2.2.2.2.2.3.1.1.2.2.2",0.396632394727701,FALSE,TRUE,37
"2.2.2.3.2.2.2.2.1.2.2.2.2.2.2.2.3.1.1.2.2.2",0.435861188488015,FALSE,TRUE,37
"2.2.2.2.2.3.2.2.1.2.2.2.2.2.2.2.3.1.1.2.2.2",0.461451720791306,FALSE,TRUE,37
"2.2.2.2.2.2.3.2.1.2.2.2.2.2.2.2.3.1.1.2.2.2",0.487562828837463,FALSE,TRUE,37
"2.2.2.2.2.2.2.3.1.2.2.2.2.2.2.2.3.1.1.2.2.2",0.528352057155396,FALSE,TRUE,35
"2.2.2.2.2.2.2.2.1.3.2.2.2.2.2.2.3.1.1.2.2.2",0.468234636707561,FALSE,TRUE,37
"2.2.2.2.2.2.2.2.1.2.3.2.2.2.2.2.3.1.1.2.2.2",0.423668270024611,FALSE,TRUE,37
"2.2.2.2.2.2.2.2.1.2.2.3.2.2.2.2.3.1.1.2.2.2",0.453051269418693,FALSE,TRUE,37
"2.2.2.2.2.2.2.2.1.2.2.2.3.2.2.2.3.1.1.2.2.2",0.379063641481837,FALSE,TRUE,37
"2.2.2.2.2.2.2.2.1.2.2.2.2.3.2.2.3.1.1.2.2.2",0.425327929658078,FALSE,TRUE,37
"2.2.2.2.2.2.2.2.1.2.2.2.2.2.3.2.3.1.1.2.2.2",0.489228283998889,FALSE,TRUE,37
"2.2.2.2.2.2.2.2.1.2.2.2.2.2.2.3.3.1.1.2.2.2",0.426162320716461,FALSE,TRUE,37
"2.2.2.2.2.2.2.2.1.2.2.2.2.2.2.2.3.2.1.2.2.2",0.47862004664912,FALSE,TRUE,38
"2.2.2.2.2.2.2.2.1.2.2.2.2.2.2.2.3.1.2.2.2.2",0.451426717000426,FALSE,TRUE,36
"2.2.2.2.2.2.2.2.1.2.2.2.2.2.2.2.3.1.1.3.2.2",0.435236294284649,FALSE,TRUE,37
"2.2.2.2.2.2.2.2.1.2.2.2.2.2.2.2.3.1.1.2.3.2",0.392325177711064,FALSE,TRUE,37
"2.2.2.2.2.2.2.2.1.2.2.2.2.2.2.2.3.1.1.2.2.3",0.459485492519036,FALSE,TRUE,35
"1.2.2.2.2.2.2.2.1.2.2.2.2.2.2.2.3.1.1.2.2.2",0.410885739260643,FALSE,TRUE,36
"2.1.2.2.2.2.2.2.1.2.2.2.2.2.2.2.3.1.1.2.2.2",0.467832937796238,FALSE,TRUE,36
"2.2.1.2.2.2.2.2.1.2.2.2.2.2.2.2.3.1.1.2.2.2",0.457011698408588,FALSE,TRUE,36
"2.2.2.1.2.2.2.2.1.2.2.2.2.2.2.2.3.1.1.2.2.2",0.419162957638386,FALSE,TRUE,36
"2.2.2.2.1.2.2.2.1.2.2.2.2.2.2.2.3.1.1.2.2.2",0.445206530785687,FALSE,TRUE,36
"2.2.2.2.2.1.2.2.1.2.2.2.2.2.2.2.3.1.1.2.2.2",0.395269342707047,FALSE,TRUE,36
"2.2.2.2.2.2.1.2.1.2.2.2.2.2.2.2.3.1.1.2.2.2",0.365564762355962,FALSE,TRUE,36
"2.2.2.2.2.2.2.1.1.2.2.2.2.2.2.2.3.1.1.2.2.2",0.319430690815111,FALSE,TRUE,36
"2.2.2.2.2.2.2.2.1.1.2.2.2.2.2.2.3.1.1.2.2.2",0.379495875208195,FALSE,TRUE,36
"2.2.2.2.2.2.2.2.1.2.1.2.2.2.2.2.3.1.1.2.2.2",0.430020581977437,FALSE,TRUE,36
"2.2.2.2.2.2.2.2.1.2.2.1.2.2.2.2.3.1.1.2.2.2",0.39962082613704,FALSE,TRUE,35
"2.2.2.2.2.2.2.2.1.2.2.2.1.2.2.2.3.1.1.2.2.2",0.480978386054729,FALSE,TRUE,36
"2.2.2.2.2.2.2.2.1.2.2.2.2.1.2.2.3.1.1.2.2.2",0.431753487882792,FALSE,TRUE,35
"2.2.2.2.2.2.2.2.1.2.2.2.2.2.1.2.3.1.1.2.2.2",0.358456555758767,FALSE,TRUE,36
"2.2.2.2.2.2.2.2.1.2.2.2.2.2.2.1.3.1.1.2.2.2",0.419564033630586,FALSE,TRUE,36
"2.2.2.2.2.2.2.2.1.2.2.2.2.2.2.2.3.1.1.1.2.2",0.422166209357951,FALSE,TRUE,35
"2.2.2.2.2.2.2.2.1.2.2.2.2.2.2.2.3.1.1.2.1.2",0.470434919436358,FALSE,TRUE,36
"2.2.2.2.2.2.2.2.1.2.2.2.2.2.2.2.3.1.1.2.2.1",0.39009026594146,FALSE,TRUE,36
"3.2.2.2.2.2.2.2.2.2.3.2.2.1.2.2.2.1.1.2.2.2",0.483576746222736,FALSE,TRUE,38
"2.3.2.2.2.2.2.2.2.2.3.2.2.1.2.2.2.1.1.2.2.2",0.427371299894758,FALSE,TRUE,37
"2.2.3.2.2.2.2.2.2.2.3.2.2.1.2.2.2.1.1.2.2.2",0.440136133101935,FALSE,TRUE,37
"2.2.2.3.2.2.2.2.2.2.3.2.2.1.2.2.2.1.1.2.2.2",0.476315248909935,FALSE,TRUE,37
"2.2.2.2.3.2.2.2.2.2.3.2.2.1.2.2.2.1.1.2.2.2",0.444265659971196,FALSE,TRUE,37
"2.2.2.2.2.3.2.2.2.2.3.2.2.1.2.2.2.1.1.2.2.2",0.491938889966356,FALSE,TRUE,36
"2.2.2.2.2.2.3.2.2.2.3.2.2.1.2.2.2.1.1.2.2.2",0.52918881941629,FALSE,TRUE,37
"2.2.2.2.2.2.2.3.2.2.3.2.2.1.2.2.2.1.1.2.2.2",0.552389185797172,FALSE,TRUE,37
"2.2.2.2.2.2.2.2.3.2.3.2.2.1.2.2.2.1.1.2.2.2",0.498360034845465,FALSE,TRUE,37
"2.2.2.2.2.2.2.2.2.3.3.2.2.1.2.2.2.1.1.2.2.2",0.499514602843415,FALSE,TRUE,37
"2.2.2.2.2.2.2.2.2.2.4.2.2.1.2.2.2.1.1.2.2.2",0.44333304426895,FALSE,TRUE,38
"2.2.2.2.2.2.2.2.2.2.3.2.3.1.2.2.2.1.1.2.2.2",0.421662256301949,FALSE,TRUE,37
"2.2.2.2.2.2.2.2.2.2.3.2.2.1.3.2.2.1.1.2.2.2",0.517082365329017,FALSE,TRUE,37
"2.2.2.2.2.2.2.2.2.2.3.2.2.1.2.3.2.1.1.2.2.2",0.477005959670931,FALSE,TRUE,37
"2.2.2.2.2.2.2.2.2.2.3.2.2.1.2.2.3.1.1.2.2.2",0.455818528929255,FALSE,TRUE,37
"2.2.2.2.2.2.2.2.2.2.3.2.2.1.2.2.2.2.1.2.2.2",0.520107453111274,FALSE,TRUE,38
"2.2.2.2.2.2.2.2.2.2.3.2.2.1.2.2.2.1.2.2.2.2",0.479400576570225,FALSE,TRUE,37
"2.2.2.2.2.2.2.2.2.2.3.2.2.1.2.2.2.1.1.3.2.2",0.456318718024843,FALSE,TRUE,37
"2.2.2.2.2.2.2.2.2.2.3.2.2.1.2.2.2.1.1.2.3.2",0.43596204923644,FALSE,TRUE,37
"2.2.2.2.2.2.2.2.2.2.3.2.2.1.2.2.2.1.1.2.2.3",0.511770687303744,FALSE,TRUE,36
"2.1.2.2.2.2.2.2.2.2.3.2.2.1.2.2.2.1.1.2.2.2",0.506128254253589,FALSE,TRUE,36
"2.2.1.2.2.2.2.2.2.2.3.2.2.1.2.2.2.1.1.2.2.2",0.491589685036873,FALSE,TRUE,36
"2.2.2.1.2.2.2.2.2.2.3.2.2.1.2.2.2.1.1.2.2.2",0.458504719252517,FALSE,TRUE,35
"2.2.2.2.2.1.2.2.2.2.3.2.2.1.2.2.2.1.1.2.2.2",0.44098259259785,FALSE,TRUE,36
"2.2.2.2.2.2.1.2.2.2.3.2.2.1.2.2.2.1.1.2.2.2",0.402508600981734,FALSE,TRUE,36
"2.2.2.2.2.2.2.1.2.2.3.2.2.1.2.2.2.1.1.2.2.2",0.374521932519468,FALSE,TRUE,36
"2.2.2.2.2.2.2.2.1.2.3.2.2.1.2.2.2.1.1.2.2.2",0.437747352232808,FALSE,TRUE,35
"2.2.2.2.2.2.2.2.2.1.3.2.2.1.2.2.2.1.1.2.2.2",0.427581178039221,FALSE,TRUE,36
"2.2.2.2.2.2.2.2.2.2.3.1.2.1.2.2.2.1.1.2.2.2",0.44200429273318,FALSE,TRUE,36
"2.2.2.2.2.2.2.2.2.2.3.2.1.1.2.2.2.1.1.2.2.2",0.51531277896669,FALSE,TRUE,36
"2.2.2.2.2.2.2.2.2.2.3.2.2.1.1.2.2.1.1.2.2.2",0.40918557449473,FALSE,TRUE,35
"2.2.2.2.2.2.2.2.2.2.3.2.2.1.2.1.2.1.1.2.2.2",0.450240853560291,FALSE,TRUE,36
"2.2.2.2.2.2.2.2.2.2.3.2.2.1.2.2.2.1.1.1.2.2",0.472266736777291,FALSE,TRUE,34
"2.2.2.2.2.2.2.2.2.2.3.2.2.1.2.2.2.1.1.2.1.2",0.50245868580441,FALSE,TRUE,35
"2.2.2.2.2.2.2.2.2.2.3.2.2.1.2.2.2.1.1.2.2.1",0.415517570004227,FALSE,TRUE,35
"3.2.2.2.1.2.2.2.2.2.2.2.2.2.2.2.2.1.1.2.2.3",0.513014579901046,FALSE,TRUE,37
"2.3.2.2.1.2.2.2.2.2.2.2.2.2.2.2.2.1.1.2.2.3",0.438737201180723,FALSE,TRUE,37
"2.2.3.2.1.2.2.2.2.2.2.2.2.2.2.2.2.1.1.2.2.3",0.473488201319472,FALSE,TRUE,37
"2.2.2.3.1.2.2.2.2.2.2.2.2.2.2.2.2.1.1.2.2.3",0.524166121435465,FALSE,TRUE,37
"2.2.2.2.1.3.2.2.2.2.2.2.2.2.2.2.2.1.1.2.2.3",0.537598444532629,FALSE,TRUE,37
"2.2.2.2.1.2.3.2.2.2.2.2.2.2.2.2.2.1.1.2.2.3",0.558494831128785,FALSE,TRUE,37
"2.2.2.2.1.2.2.3.2.2.2.2.2.2.2.2.2.1.1.2.2.3",0.616835326748723,FALSE,TRUE,37
"2.2.2.2.1.2.2.2.3.2.2.2.2.2.2.2.2.1.1.2.2.3",0.525141199637986,FALSE,TRUE,38
"2.2.2.2.1.2.2.2.2.3.2.2.2.2.2.2.2.1.1.2.2.3",0.526605304504969,FALSE,TRUE,37
"2.2.2.2.1.2.2.2.2.2.3.2.2.2.2.2.2.1.1.2.2.3",0.512148295313852,FALSE,TRUE,37
"2.2.2.2.1.2.2.2.2.2.2.3.2.2.2.2.2.1.1.2.2.3",0.53606337950693,FALSE,TRUE,37
"2.2.2.2.1.2.2.2.2.2.2.2.3.2.2.2.2.1.1.2.2.3",0.448994049261604,FALSE,TRUE,37
"2.2.2.2.1.2.2.2.2.2.2.2.2.3.2.2.2.1.1.2.2.3",0.495905661173638,FALSE,TRUE,37
"2.2.2.2.1.2.2.2.2.2.2.2.2.2.3.2.2.1.1.2.2.3",0.554388992350707,FALSE,TRUE,37
"2.2.2.2.1.2.2.2.2.2.2.2.2.2.2.3.2.1.1.2.2.3",0.502246808053567,FALSE,TRUE,37
"2.2.2.2.1.2.2.2.2.2.2.2.2.2.2.2.3.1.1.2.2.3",0.490109419478906,FALSE,TRUE,37
"2.2.2.2.1.2.2.2.2.2.2.2.2.2.2.2.2.1.2.2.2.3",0.510502933881904,FALSE,TRUE,37
"2.2.2.2.1.2.2.2.2.2.2.2.2.2.2.2.2.1.1.3.2.3",0.49802723231016,FALSE,TRUE,37
"2.2.2.2.1.2.2.2.2.2.2.2.2.2.2.2.2.1.1.2.3.3",0.461869731356652,FALSE,TRUE,37
"2.2.2.2.1.2.2.2.2.2.2.2.2.2.2.2.2.1.1.2.2.4",0.518976085274108,FALSE,TRUE,37
"1.2.2.2.1.2.2.2.2.2.2.2.2.2.2.2.2.1.1.2.2.3",0.495966564719463,FALSE,TRUE,36
"2.1.2.2.1.2.2.2.2.2.2.2.2.2.2.2.2.1.1.2.2.3",0.570779816116591,FALSE,TRUE,36
"2.2.1.2.1.2.2.2.2.2.2.2.2.2.2.2.2.1.1.2.2.3",0.539619391978694,FALSE,TRUE,36
"2.2.2.1.1.2.2.2.2.2.2.2.2.2.2.2.2.1.1.2.2.3",0.488368606910268,FALSE,TRUE,36
"2.2.2.2.1.1.2.2.2.2.2.2.2.2.2.2.2.1.1.2.2.3",0.472393566897682,FALSE,TRUE,36
"2.2.2.2.1.2.1.2.2.2.2.2.2.2.2.2.2.1.1.2.2.3",0.450661492104288,FALSE,TRUE,36
"2.2.2.2.1.2.2.1.2.2.2.2.2.2.2.2.2.1.1.2.2.3",0.386324752288615,FALSE,TRUE,36
"2.2.2.2.1.2.2.2.2.1.2.2.2.2.2.2.2.1.1.2.2.3",0.481286930977728,FALSE,TRUE,36
"2.2.2.2.1.2.2.2.2.2.1.2.2.2.2.2.2.1.1.2.2.3",0.49982851230836,FALSE,TRUE,36
"2.2.2.2.1.2.2.2.2.2.2.1.2.2.2.2.2.1.1.2.2.3",0.473949147100663,FALSE,TRUE,35
"2.2.2.2.1.2.2.2.2.2.2.2.1.2.2.2.2.1.1.2.2.3",0.567280075482892,FALSE,TRUE,36
"2.2.2.2.1.2.2.2.2.2.2.2.2.2.1.2.2.1.1.2.2.3",0.451039972632028,FALSE,TRUE,34
"2.2.2.2.1.2.2.2.2.2.2.2.2.2.2.1.2.1.1.2.2.3",0.502580208649724,FALSE,TRUE,36
"2.2.2.2.1.2.2.2.2.2.2.2.2.2.2.2.1.1.1.2.2.3",0.521028288203436,FALSE,TRUE,36
"2.2.2.2.1.2.2.2.2.2.2.2.2.2.2.2.2.1.1.1.2.3",0.513120245850545,FALSE,TRUE,35
"2.2.2.2.1.2.2.2.2.2.2.2.2.2.2.2.2.1.1.2.1.3",0.551016691690879,FALSE,TRUE,36
"3.2.2.2.2.2.2.2.2.2.2.2.2.1.2.2.1.1.1.2.2.1",0.451571382189558,FALSE,TRUE,36
"2.3.2.2.2.2.2.2.2.2.2.2.2.1.2.2.1.1.1.2.2.1",0.39388071379811,FALSE,TRUE,37
"2.2.3.2.2.2.2.2.2.2.2.2.2.1.2.2.1.1.1.2.2.1",0.40520317362328,FALSE,TRUE,37
"2.2.2.3.2.2.2.2.2.2.2.2.2.1.2.2.1.1.1.2.2.1",0.436359820020399,FALSE,TRUE,37
"2.2.2.2.3.2.2.2.2.2.2.2.2.1.2.2.1.1.1.2.2.1",0.415388802741266,FALSE,TRUE,37
"2.2.2.2.2.3.2.2.2.2.2.2.2.1.2.2.1.1.1.2.2.1",0.464649060252914,FALSE,TRUE,37
"2.2.2.2.2.2.3.2.2.2.2.2.2.1.2.2.1.1.1.2.2.1",0.497661988701089,FALSE,TRUE,37
"2.2.2.2.2.2.2.3.2.2.2.2.2.1.2.2.1.1.1.2.2.1",0.509821286407914,FALSE,TRUE,36
"2.2.2.2.2.2.2.2.3.2.2.2.2.1.2.2.1.1.1.2.2.1",0.466775335141322,FALSE,TRUE,37
"2.2.2.2.2.2.2.2.2.3.2.2.2.1.2.2.1.1.1.2.2.1",0.469981787255527,FALSE,TRUE,37
"2.2.2.2.2.2.2.2.2.2.3.2.2.1.2.2.1.1.1.2.2.1",0.407787344787473,FALSE,TRUE,35
"2.2.2.2.2.2.2.2.2.2.2.3.2.1.2.2.1.1.1.2.2.1",0.459540259684583,FALSE,TRUE,37
"2.2.2.2.2.2.2.2.2.2.2.2.3.1.2.2.1.1.1.2.2.1",0.391042682345789,FALSE,TRUE,37
"2.2.2.2.2.2.2.2.2.2.2.2.2.2.2.2.1.1.1.2.2.1",0.429602615182146,FALSE,TRUE,37
"2.2.2.2.2.2.2.2.2.2.2.2.2.1.3.2.1.1.1.2.2.1",0.488052941504034,FALSE,TRUE,37
"2.2.2.2.2.2.2.2.2.2.2.2.2.1.2.3.1.1.1.2.2.1",0.461644098772366,FALSE,TRUE,37
"2.2.2.2.2.2.2.2.2.2.2.2.2.1.2.2.1.2.1.2.2.1",0.492936671324031,FALSE,TRUE,38
"2.2.2.2.2.2.2.2.2.2.2.2.2.1.2.2.1.1.2.2.2.1",0.450292702558042,FALSE,TRUE,38
"2.2.2.2.2.2.2.2.2.2.2.2.2.1.2.2.1.1.1.3.2.1",0.423370957093598,FALSE,TRUE,37
"2.2.2.2.2.2.2.2.2.2.2.2.2.1.2.2.1.1.1.2.3.1",0.408840888761033,FALSE,TRUE,37
"1.2.2.2.2.2.2.2.2.2.2.2.2.1.2.2.1.1.1.2.2.1",0.412019058429277,FALSE,TRUE,36
"2.1.2.2.2.2.2.2.2.2.2.2.2.1.2.2.1.1.1.2.2.1",0.471061443645334,FALSE,TRUE,36
"2.2.1.2.2.2.2.2.2.2.2.2.2.1.2.2.1.1.1.2.2.1",0.462038038822073,FALSE,TRUE,34
"2.2.2.1.2.2.2.2.2.2.2.2.2.1.2.2.1.1.1.2.2.1",0.434103426466896,FALSE,TRUE,34
"2.2.2.2.1.2.2.2.2.2.2.2.2.1.2.2.1.1.1.2.2.1",0.448437391614644,FALSE,TRUE,35
"2.2.2.2.2.1.2.2.2.2.2.2.2.1.2.2.1.1.1.2.2.1",0.403102795206407,FALSE,TRUE,36
"2.2.2.2.2.2.1.2.2.2.2.2.2.1.2.2.1.1.1.2.2.1",0.368993674858476,FALSE,TRUE,36
"2.2.2.2.2.2.2.1.2.2.2.2.2.1.2.2.1.1.1.2.2.1",0.3522932654981,FALSE,TRUE,36
"2.2.2.2.2.2.2.2.1.2.2.2.2.1.2.2.1.1.1.2.2.1",0.403737582055086,FALSE,TRUE,36
"2.2.2.2.2.2.2.2.2.1.2.2.2.1.2.2.1.1.1.2.2.1",0.392714112453433,FALSE,TRUE,36
"2.2.2.2.2.2.2.2.2.2.1.2.2.1.2.2.1.1.1.2.2.1",0.457007769189394,FALSE,TRUE,36
"2.2.2.2.2.2.2.2.2.2.2.1.2.1.2.2.1.1.1.2.2.1",0.402440906859759,FALSE,TRUE,36
"2.2.2.2.2.2.2.2.2.2.2.2.1.1.2.2.1.1.1.2.2.1",0.481799944451391,FALSE,TRUE,36
"2.2.2.2.2.2.2.2.2.2.2.2.2.1.1.2.1.1.1.2.2.1",0.37640572555818,FALSE,TRUE,36
"2.2.2.2.2.2.2.2.2.2.2.2.2.1.2.1.1.1.1.2.2.1",0.401627745916379,FALSE,TRUE,36
"2.2.2.2.2.2.2.2.2.2.2.2.2.1.2.2.1.1.1.1.2.1",0.43809124081793,FALSE,TRUE,33
"2.2.2.2.2.2.2.2.2.2.2.2.2.1.2.2.1.1.1.2.1.1",0.462293872041272,FALSE,TRUE,36
"3.2.2.2.2.2.2.2.1.2.2.2.2.2.2.2.4.1.1.2.2.2",0.398689826215348,FALSE,TRUE,38
"2.3.2.2.2.2.2.2.1.2.2.2.2.2.2.2.4.1.1.2.2.2",0.369331800811516,FALSE,TRUE,39
"2.2.3.2.2.2.2.2.1.2.2.2.2.2.2.2.4.1.1.2.2.2",0.361751192039507,FALSE,TRUE,38
"2.2.2.3.2.2.2.2.1.2.2.2.2.2.2.2.4.1.1.2.2.2",0.406041638653765,FALSE,TRUE,38
"2.2.2.2.3.2.2.2.1.2.2.2.2.2.2.2.4.1.1.2.2.2",0.372110890236212,FALSE,TRUE,38
"2.2.2.2.2.3.2.2.1.2.2.2.2.2.2.2.4.1.1.2.2.2",0.427403051777701,FALSE,TRUE,38
"2.2.2.2.2.2.3.2.1.2.2.2.2.2.2.2.4.1.1.2.2.2",0.457439885808676,FALSE,TRUE,38
"2.2.2.2.2.2.2.3.1.2.2.2.2.2.2.2.4.1.1.2.2.2",0.502668267407564,FALSE,TRUE,38
"2.2.2.2.2.2.2.2.2.2.2.2.2.2.2.2.4.1.1.2.2.2",0.426799662648332,FALSE,TRUE,39
"2.2.2.2.2.2.2.2.1.3.2.2.2.2.2.2.4.1.1.2.2.2",0.441998972039651,FALSE,TRUE,38
"2.2.2.2.2.2.2.2.1.2.3.2.2.2.2.2.4.1.1.2.2.2",0.399570297204804,FALSE,TRUE,38
"2.2.2.2.2.2.2.2.1.2.2.3.2.2.2.2.4.1.1.2.2.2",0.420990035174664,FALSE,TRUE,38
"2.2.2.2.2.2.2.2.1.2.2.2.3.2.2.2.4.1.1.2.2.2",0.351173649174828,FALSE,TRUE,38
"2.2.2.2.2.2.2.2.1.2.2.2.2.3.2.2.4.1.1.2.2.2",0.401254553626598,FALSE,TRUE,38
"2.2.2.2.2.2.2.2.1.2.2.2.2.2.3.2.4.1.1.2.2.2",0.455305899808984,FALSE,TRUE,38
"2.2.2.2.2.2.2.2.1.2.2.2.2.2.2.3.4.1.1.2.2.2",0.385217855911427,FALSE,TRUE,38
"2.2.2.2.2.2.2.2.1.2.2.2.2.2.2.2.5.1.1.2.2.2",0.353332264283504,FALSE,TRUE,39
"2.2.2.2.2.2.2.2.1.2.2.2.2.2.2.2.4.2.1.2.2.2",0.448203898451979,FALSE,TRUE,39
"2.2.2.2.2.2.2.2.1.2.2.2.2.2.2.2.4.1.2.2.2.2",0.421527740278722,FALSE,TRUE,39
"2.2.2.2.2.2.2.2.1.2.2.2.2.2.2.2.4.1.1.3.2.2",0.412874150838152,FALSE,TRUE,38
"2.2.2.2.2.2.2.2.1.2.2.2.2.2.2.2.4.1.1.2.3.2",0.356014280116538,FALSE,TRUE,38
"2.2.2.2.2.2.2.2.1.2.2.2.2.2.2.2.4.1.1.2.2.3",0.419002393832215,FALSE,TRUE,38
"1.2.2.2.2.2.2.2.1.2.2.2.2.2.2.2.4.1.1.2.2.2",0.380121501896435,FALSE,TRUE,37
"2.2.1.2.2.2.2.2.1.2.2.2.2.2.2.2.4.1.1.2.2.2",0.426157772027579,FALSE,TRUE,37
"2.2.2.1.2.2.2.2.1.2.2.2.2.2.2.2.4.1.1.2.2.2",0.383317772092813,FALSE,TRUE,37
"2.2.2.2.1.2.2.2.1.2.2.2.2.2.2.2.4.1.1.2.2.2",0.413585217965101,FALSE,TRUE,37
"2.2.2.2.2.1.2.2.1.2.2.2.2.2.2.2.4.1.1.2.2.2",0.365321671915329,FALSE,TRUE,37
"2.2.2.2.2.2.1.2.1.2.2.2.2.2.2.2.4.1.1.2.2.2",0.330673887706322,FALSE,TRUE,37
"2.2.2.2.2.2.2.1.1.2.2.2.2.2.2.2.4.1.1.2.2.2",0.280897927211146,FALSE,TRUE,37
"2.2.2.2.2.2.2.2.1.1.2.2.2.2.2.2.4.1.1.2.2.2",0.339870753295384,FALSE,TRUE,37
"2.2.2.2.2.2.2.2.1.2.1.2.2.2.2.2.4.1.1.2.2.2",0.389456920376773,FALSE,TRUE,37
"2.2.2.2.2.2.2.2.1.2.2.1.2.2.2.2.4.1.1.2.2.2",0.367448104366062,FALSE,TRUE,37
"2.2.2.2.2.2.2.2.1.2.2.2.1.2.2.2.4.1.1.2.2.2",0.443539811162282,FALSE,TRUE,37
"2.2.2.2.2.2.2.2.1.2.2.2.2.1.2.2.4.1.1.2.2.2",0.390980777247868,FALSE,TRUE,37
"2.2.2.2.2.2.2.2.1.2.2.2.2.2.1.2.4.1.1.2.2.2",0.326474343549955,FALSE,TRUE,37
"2.2.2.2.2.2.2.2.1.2.2.2.2.2.2.1.4.1.1.2.2.2",0.395076379384394,FALSE,TRUE,37
"2.2.2.2.2.2.2.2.1.2.2.2.2.2.2.2.4.1.1.1.2.2",0.381373211112324,FALSE,TRUE,37
"2.2.2.2.2.2.2.2.1.2.2.2.2.2.2.2.4.1.1.2.1.2",0.443246573662526,FALSE,TRUE,37
"2.2.2.2.2.2.2.2.1.2.2.2.2.2.2.2.4.1.1.2.2.1",0.365616635005486,FALSE,TRUE,37
"3.2.2.2.1.2.2.2.2.2.2.2.2.2.2.2.2.2.1.2.2.3",0.563917349966992,FALSE,TRUE,40
"2.3.2.2.1.2.2.2.2.2.2.2.2.2.2.2.2.2.1.2.2.3",0.484534386315302,FALSE,TRUE,40
"2.2.3.2.1.2.2.2.2.2.2.2.2.2.2.2.2.2.1.2.2.3",0.536217321892541,FALSE,TRUE,39
"2.2.2.3.1.2.2.2.2.2.2.2.2.2.2.2.2.2.1.2.2.3",0.572212626836085,FALSE,TRUE,40
"2.2.2.2.1.3.2.2.2.2.2.2.2.2.2.2.2.2.1.2.2.3",0.581074886286386,FALSE,TRUE,40
"2.2.2.2.1.2.3.2.2.2.2.2.2.2.2.2.2.2.1.2.2.3",0.585379587819951,FALSE,TRUE,40
"2.2.2.2.1.2.2.3.2.2.2.2.2.2.2.2.2.2.1.2.2.3",0.653371906169967,FALSE,TRUE,40
"2.2.2.2.1.2.2.2.3.2.2.2.2.2.2.2.2.2.1.2.2.3",0.573849175484508,FALSE,TRUE,40
"2.2.2.2.1.2.2.2.2.3.2.2.2.2.2.2.2.2.1.2.2.3",0.564459003594281,FALSE,TRUE,40
"2.2.2.2.1.2.2.2.2.2.3.2.2.2.2.2.2.2.1.2.2.3",0.558113511461795,FALSE,TRUE,40
"2.2.2.2.1.2.2.2.2.2.2.3.2.2.2.2.2.2.1.2.2.3",0.578637606859902,FALSE,TRUE,40
"2.2.2.2.1.2.2.2.2.2.2.2.3.2.2.2.2.2.1.2.2.3",0.493982692612437,FALSE,TRUE,40
"2.2.2.2.1.2.2.2.2.2.2.2.2.3.2.2.2.2.1.2.2.3",0.539051532457643,FALSE,TRUE,40
"2.2.2.2.1.2.2.2.2.2.2.2.2.2.3.2.2.2.1.2.2.3",0.606434020949721,FALSE,TRUE,40
"2.2.2.2.1.2.2.2.2.2.2.2.2.2.2.3.2.2.1.2.2.3",0.550596901534422,FALSE,TRUE,40
"2.2.2.2.1.2.2.2.2.2.2.2.2.2.2.2.3.2.1.2.2.3",0.540910371606981,FALSE,TRUE,40
"2.2.2.2.1.2.2.2.2.2.2.2.2.2.2.2.2.3.1.2.2.3",0.57369767701098,FALSE,TRUE,41
"2.2.2.2.1.2.2.2.2.2.2.2.2.2.2.2.2.2.2.2.2.3",0.566479783159894,FALSE,TRUE,39
"2.2.2.2.1.2.2.2.2.2.2.2.2.2.2.2.2.2.1.3.2.3",0.539899222848104,FALSE,TRUE,40
"2.2.2.2.1.2.2.2.2.2.2.2.2.2.2.2.2.2.1.2.3.3",0.516396888075893,FALSE,TRUE,40
"2.2.2.2.1.2.2.2.2.2.2.2.2.2.2.2.2.2.1.2.2.4",0.55858436009502,FALSE,TRUE,40
"1.2.2.2.1.2.2.2.2.2.2.2.2.2.2.2.2.2.1.2.2.3",0.54121705063586,FALSE,TRUE,39
"2.1.2.2.1.2.2.2.2.2.2.2.2.2.2.2.2.2.1.2.2.3",0.619550808676127,FALSE,TRUE,39
"2.2.1.2.1.2.2.2.2.2.2.2.2.2.2.2.2.2.1.2.2.3",0.572480253167076,FALSE,TRUE,39
"2.2.2.1.1.2.2.2.2.2.2.2.2.2.2.2.2.2.1.2.2.3",0.535900413481531,FALSE,TRUE,39
"2.2.2.2.1.1.2.2.2.2.2.2.2.2.2.2.2.2.1.2.2.3",0.523639852259162,FALSE,TRUE,39
"2.2.2.2.1.2.1.2.2.2.2.2.2.2.2.2.2.2.1.2.2.3",0.518632600599134,FALSE,TRUE,39
"2.2.2.2.1.2.2.1.2.2.2.2.2.2.2.2.2.2.1.2.2.3",0.444153613820206,FALSE,TRUE,39
"2.2.2.2.1.2.2.2.1.2.2.2.2.2.2.2.2.2.1.2.2.3",0.537072907608136,FALSE,TRUE,39
"2.2.2.2.1.2.2.2.2.1.2.2.2.2.2.2.2.2.1.2.2.3",0.538448611649391,FALSE,TRUE,39
"2.2.2.2.1.2.2.2.2.2.1.2.2.2.2.2.2.2.1.2.2.3",0.549944533573261,FALSE,TRUE,39
"2.2.2.2.1.2.2.2.2.2.2.1.2.2.2.2.2.2.1.2.2.3",0.527196199934571,FALSE,TRUE,39
"2.2.2.2.1.2.2.2.2.2.2.2.1.2.2.2.2.2.1.2.2.3",0.617702912814413,FALSE,TRUE,39
"2.2.2.2.1.2.2.2.2.2.2.2.2.1.2.2.2.2.1.2.2.3",0.571094367860657,FALSE,TRUE,38
"2.2.2.2.1.2.2.2.2.2.2.2.2.2.1.2.2.2.1.2.2.3",0.49359682843442,FALSE,TRUE,39
"2.2.2.2.1.2.2.2.2.2.2.2.2.2.2.1.2.2.1.2.2.3",0.548768609423423,FALSE,TRUE,39
"2.2.2.2.1.2.2.2.2.2.2.2.2.2.2.2.1.2.1.2.2.3",0.567174179753658,FALSE,TRUE,39
"2.2.2.2.1.2.2.2.2.2.2.2.2.2.2.2.2.2.1.1.2.3",0.566964901930619,FALSE,TRUE,39
"2.2.2.2.1.2.2.2.2.2.2.2.2.2.2.2.2.2.1.2.1.3",0.591618044307097,FALSE,TRUE,39
"2.2.2.2.1.2.2.2.2.2.2.2.2.2.2.2.2.2.1.2.2.2",0.544362845623401,FALSE,TRUE,37
"3.2.2.2.1.2.2.2.1.2.2.2.2.2.2.2.2.1.1.2.2.3",0.49529979709171,FALSE,TRUE,38
"2.3.2.2.1.2.2.2.1.2.2.2.2.2.2.2.2.1.1.2.2.3",0.421812685256968,FALSE,TRUE,38
"2.2.3.2.1.2.2.2.1.2.2.2.2.2.2.2.2.1.1.2.2.3",0.453047244121653,FALSE,TRUE,37
"2.2.2.3.1.2.2.2.1.2.2.2.2.2.2.2.2.1.1.2.2.3",0.500047408035372,FALSE,TRUE,38
"2.2.2.2.1.3.2.2.1.2.2.2.2.2.2.2.2.1.1.2.2.3",0.513054891894825,FALSE,TRUE,38
"2.2.2.2.1.2.3.2.1.2.2.2.2.2.2.2.2.1.1.2.2.3",0.537617678380064,FALSE,TRUE,38
"2.2.2.2.1.2.2.3.1.2.2.2.2.2.2.2.2.1.1.2.2.3",0.592477400458177,FALSE,TRUE,38
"2.2.2.2.1.2.2.2.1.3.2.2.2.2.2.2.2.1.1.2.2.3",0.507372050453455,FALSE,TRUE,38
"2.2.2.2.1.2.2.2.1.2.3.2.2.2.2.2.2.1.1.2.2.3",0.485585813991326,FALSE,TRUE,38
"2.2.2.2.1.2.2.2.1.2.2.3.2.2.2.2.2.1.1.2.2.3",0.510482658407941,FALSE,TRUE,38
"2.2.2.2.1.2.2.2.1.2.2.2.3.2.2.2.2.1.1.2.2.3",0.42393147700305,FALSE,TRUE,38
"2.2.2.2.1.2.2.2.1.2.2.2.2.3.2.2.2.1.1.2.2.3",0.473569753448925,FALSE,TRUE,38
"2.2.2.2.1.2.2.2.1.2.2.2.2.2.3.2.2.1.1.2.2.3",0.538941936683386,FALSE,TRUE,38
"2.2.2.2.1.2.2.2.1.2.2.2.2.2.2.3.2.1.1.2.2.3",0.476272612254937,FALSE,TRUE,38
"2.2.2.2.1.2.2.2.1.2.2.2.2.2.2.2.3.1.1.2.2.3",0.465984899488017,FALSE,TRUE,36
"2.2.2.2.1.2.2.2.1.2.2.2.2.2.2.2.2.1.2.2.2.3",0.491793912434138,FALSE,TRUE,39
"2.2.2.2.1.2.2.2.1.2.2.2.2.2.2.2.2.1.1.3.2.3",0.478953351213366,FALSE,TRUE,38
"2.2.2.2.1.2.2.2.1.2.2.2.2.2.2.2.2.1.1.2.3.3",0.439370336250935,FALSE,TRUE,38
"2.2.2.2.1.2.2.2.1.2.2.2.2.2.2.2.2.1.1.2.2.4",0.498612893558222,FALSE,TRUE,38
"1.2.2.2.1.2.2.2.1.2.2.2.2.2.2.2.2.1.1.2.2.3",0.467569521929837,FALSE,TRUE,37
"2.1.2.2.1.2.2.2.1.2.2.2.2.2.2.2.2.1.1.2.2.3",0.543057618202658,FALSE,TRUE,37
"2.2.1.2.1.2.2.2.1.2.2.2.2.2.2.2.2.1.1.2.2.3",0.512667157981751,FALSE,TRUE,37
"2.2.2.1.1.2.2.2.1.2.2.2.2.2.2.2.2.1.1.2.2.3",0.465324060000394,FALSE,TRUE,37
"2.2.2.2.1.1.2.2.1.2.2.2.2.2.2.2.2.1.1.2.2.3",0.450414665904325,FALSE,TRUE,37
"2.2.2.2.1.2.1.2.1.2.2.2.2.2.2.2.2.1.1.2.2.3",0.425273298951418,FALSE,TRUE,35
"2.2.2.2.1.2.2.1.1.2.2.2.2.2.2.2.2.1.1.2.2.3",0.363079209018268,FALSE,TRUE,37
"2.2.2.2.1.2.2.2.1.1.2.2.2.2.2.2.2.1.1.2.2.3",0.453956072346754,FALSE,TRUE,37
"2.2.2.2.1.2.2.2.1.2.1.2.2.2.2.2.2.1.1.2.2.3",0.479137742959838,FALSE,TRUE,37
"2.2.2.2.1.2.2.2.1.2.2.1.2.2.2.2.2.1.1.2.2.3",0.452547532814972,FALSE,TRUE,37
"2.2.2.2.1.2.2.2.1.2.2.2.1.2.2.2.2.1.1.2.2.3",0.546047480777224,FALSE,TRUE,37
"2.2.2.2.1.2.2.2.1.2.2.2.2.1.2.2.2.1.1.2.2.3",0.493195565082016,FALSE,TRUE,36
"2.2.2.2.1.2.2.2.1.2.2.2.2.2.1.2.2.1.1.2.2.3",0.420657762460394,FALSE,TRUE,37
"2.2.2.2.1.2.2.2.1.2.2.2.2.2.2.1.2.1.1.2.2.3",0.47976672219286,FALSE,TRUE,35
"2.2.2.2.1.2.2.2.1.2.2.2.2.2.2.2.1.1.1.2.2.3",0.499844671168312,FALSE,TRUE,37
"2.2.2.2.1.2.2.2.1.2.2.2.2.2.2.2.2.1.1.1.2.3",0.487025492361718,FALSE,TRUE,37
"2.2.2.2.1.2.2.2.1.2.2.2.2.2.2.2.2.1.1.2.1.3",0.52800235026018,FALSE,TRUE,37
"2.3.2.1.2.2.2.2.2.2.2.2.2.1.2.2.1.1.1.2.2.2",0.422658542661048,FALSE,TRUE,35
"2.2.3.1.2.2.2.2.2.2.2.2.2.1.2.2.1.1.1.2.2.2",0.450968776790126,FALSE,TRUE,36
"2.2.2.1.3.2.2.2.2.2.2.2.2.1.2.2.1.1.1.2.2.2",0.465888553038937,FALSE,TRUE,35
"2.2.2.1.2.3.2.2.2.2.2.2.2.1.2.2.1.1.1.2.2.2",0.498510674917021,FALSE,TRUE,35
"2.2.2.1.2.2.3.2.2.2.2.2.2.1.2.2.1.1.1.2.2.2",0.536706878664236,FALSE,TRUE,35
"2.2.2.1.2.2.2.3.2.2.2.2.2.1.2.2.1.1.1.2.2.2",0.570810148207115,FALSE,TRUE,34
"2.2.2.1.2.2.2.2.3.2.2.2.2.1.2.2.1.1.1.2.2.2",0.504476471633231,FALSE,TRUE,35
"2.2.2.1.2.2.2.2.2.3.2.2.2.1.2.2.1.1.1.2.2.2",0.501905788502964,FALSE,TRUE,35
"2.2.2.1.2.2.2.2.2.2.3.2.2.1.2.2.1.1.1.2.2.2",0.464076991384416,FALSE,TRUE,33
"2.2.2.1.2.2.2.2.2.2.2.3.2.1.2.2.1.1.1.2.2.2",0.498353788793216,FALSE,TRUE,35
"2.2.2.1.2.2.2.2.2.2.2.2.3.1.2.2.1.1.1.2.2.2",0.428602426997933,FALSE,TRUE,35
"2.2.2.1.2.2.2.2.2.2.2.2.2.2.2.2.1.1.1.2.2.2",0.478193242214344,FALSE,TRUE,35
"2.2.2.1.2.2.2.2.2.2.2.2.2.1.3.2.1.1.1.2.2.2",0.525430861527068,FALSE,TRUE,35
"2.2.2.1.2.2.2.2.2.2.2.2.2.1.2.3.1.1.1.2.2.2",0.482910553089482,FALSE,TRUE,35
"2.2.2.1.2.2.2.2.2.2.2.2.2.1.2.2.1.2.1.2.2.2",0.532216709826316,FALSE,TRUE,36
"2.2.2.1.2.2.2.2.2.2.2.2.2.1.2.2.1.1.2.2.2.2",0.480461581894675,FALSE,TRUE,36
"2.2.2.1.2.2.2.2.2.2.2.2.2.1.2.2.1.1.1.3.2.2",0.461285250407673,FALSE,TRUE,35
"2.2.2.1.2.2.2.2.2.2.2.2.2.1.2.2.1.1.1.2.3.2",0.440871058015903,FALSE,TRUE,35
"2.2.2.1.2.2.2.2.2.2.2.2.2.1.2.2.1.1.1.2.2.3",0.511244992998385,FALSE,TRUE,35
"1.2.2.1.2.2.2.2.2.2.2.2.2.1.2.2.1.1.1.2.2.2",0.451749975383739,FALSE,TRUE,35
"2.1.2.1.2.2.2.2.2.2.2.2.2.1.2.2.1.1.1.2.2.2",0.527109377833437,FALSE,TRUE,34
"2.2.2.1.1.2.2.2.2.2.2.2.2.1.2.2.1.1.1.2.2.2",0.483034905556037,FALSE,TRUE,33
"2.2.2.1.2.1.2.2.2.2.2.2.2.1.2.2.1.1.1.2.2.2",0.452208019019083,FALSE,TRUE,34
"2.2.2.1.2.2.1.2.2.2.2.2.2.1.2.2.1.1.1.2.2.2",0.412809812919938,FALSE,TRUE,34
"2.2.2.1.2.2.2.1.2.2.2.2.2.1.2.2.1.1.1.2.2.2",0.374401842887591,FALSE,TRUE,34
"2.2.2.1.2.2.2.2.1.2.2.2.2.1.2.2.1.1.1.2.2.2",0.450294075278858,FALSE,TRUE,34
"2.2.2.1.2.2.2.2.2.1.2.2.2.1.2.2.1.1.1.2.2.2",0.44475918650008,FALSE,TRUE,34
"2.2.2.1.2.2.2.2.2.2.1.2.2.1.2.2.1.1.1.2.2.2",0.485451919779517,FALSE,TRUE,34
"2.2.2.1.2.2.2.2.2.2.2.1.2.1.2.2.1.1.1.2.2.2",0.447466394926997,FALSE,TRUE,34
"2.2.2.1.2.2.2.2.2.2.2.2.1.1.2.2.1.1.1.2.2.2",0.527518434039073,FALSE,TRUE,34
"2.2.2.1.2.2.2.2.2.2.2.2.2.1.1.2.1.1.1.2.2.2",0.420994762671614,FALSE,TRUE,34
"2.2.2.1.2.2.2.2.2.2.2.2.2.1.2.1.1.1.1.2.2.2",0.462859669158784,FALSE,TRUE,34
"2.2.2.1.2.2.2.2.2.2.2.2.2.1.2.2.1.1.1.1.2.2",0.485243639306505,FALSE,TRUE,32
"2.2.2.1.2.2.2.2.2.2.2.2.2.1.2.2.1.1.1.2.1.2",0.514493324182706,FALSE,TRUE,34
"3.2.2.2.2.2.3.2.2.2.2.2.2.2.3.2.2.1.2.2.2.2",0.560422134134007,FALSE,TRUE,40
"2.3.2.2.2.2.3.2.2.2.2.2.2.2.3.2.2.1.2.2.2.2",0.506947262631595,FALSE,TRUE,40
"2.2.3.2.2.2.3.2.2.2.2.2.2.2.3.2.2.1.2.2.2.2",0.537216939638196,FALSE,TRUE,40
"2.2.2.3.2.2.3.2.2.2.2.2.2.2.3.2.2.1.2.2.2.2",0.576896003316807,FALSE,TRUE,41
"2.2.2.2.3.2.3.2.2.2.2.2.2.2.3.2.2.1.2.2.2.2",0.561943656504948,FALSE,TRUE,39
"2.2.2.2.2.3.3.2.2.2.2.2.2.2.3.2.2.1.2.2.2.2",0.590740993649245,FALSE,TRUE,40
"2.2.2.2.2.2.4.2.2.2.2.2.2.2.3.2.2.1.2.2.2.2",0.607137672524249,FALSE,TRUE,41
"2.2.2.2.2.2.3.3.2.2.2.2.2.2.3.2.2.1.2.2.2.2",0.644112349475625,FALSE,TRUE,39
"2.2.2.2.2.2.3.2.3.2.2.2.2.2.3.2.2.1.2.2.2.2",0.577929370795839,FALSE,TRUE,40
"2.2.2.2.2.2.3.2.2.3.2.2.2.2.3.2.2.1.2.2.2.2",0.567606005897647,FALSE,TRUE,40
"2.2.2.2.2.2.3.2.2.2.3.2.2.2.3.2.2.1.2.2.2.2",0.561137884547897,FALSE,TRUE,40
"2.2.2.2.2.2.3.2.2.2.2.3.2.2.3.2.2.1.2.2.2.2",0.583029278225417,FALSE,TRUE,40
"2.2.2.2.2.2.3.2.2.2.2.2.3.2.3.2.2.1.2.2.2.2",0.529733645781267,FALSE,TRUE,40
"2.2.2.2.2.2.3.2.2.2.2.2.2.3.3.2.2.1.2.2.2.2",0.554909396244536,FALSE,TRUE,40
"2.2.2.2.2.2.3.2.2.2.2.2.2.2.4.2.2.1.2.2.2.2",0.586819778549918,FALSE,TRUE,40
"2.2.2.2.2.2.3.2.2.2.2.2.2.2.3.3.2.1.2.2.2.2",0.563954340529457,FALSE,TRUE,40
"2.2.2.2.2.2.3.2.2.2.2.2.2.2.3.2.3.1.2.2.2.2",0.561850507270377,FALSE,TRUE,40
"2.2.2.2.2.2.3.2.2.2.2.2.2.2.3.2.2.2.2.2.2.2",0.615523929650612,FALSE,TRUE,40
"2.2.2.2.2.2.3.2.2.2.2.2.2.2.3.2.2.1.3.2.2.2",0.548923647958359,FALSE,TRUE,40
"2.2.2.2.2.2.3.2.2.2.2.2.2.2.3.2.2.1.2.3.2.2",0.542461339133056,FALSE,TRUE,40
"2.2.2.2.2.2.3.2.2.2.2.2.2.2.3.2.2.1.2.2.3.2",0.536224313566356,FALSE,TRUE,40
"2.2.2.2.2.2.3.2.2.2.2.2.2.2.3.2.2.1.2.2.2.3",0.59091958841897,FALSE,TRUE,40
"1.2.2.2.2.2.3.2.2.2.2.2.2.2.3.2.2.1.2.2.2.2",0.567182142831555,FALSE,TRUE,39
"2.1.2.2.2.2.3.2.2.2.2.2.2.2.3.2.2.1.2.2.2.2",0.628390870534618,FALSE,TRUE,39
"2.2.1.2.2.2.3.2.2.2.2.2.2.2.3.2.2.1.2.2.2.2",0.598443428567342,FALSE,TRUE,39
"2.2.2.2.1.2.3.2.2.2.2.2.2.2.3.2.2.1.2.2.2.2",0.572268871769093,FALSE,TRUE,39
"2.2.2.2.2.1.3.2.2.2.2.2.2.2.3.2.2.1.2.2.2.2",0.542822399180595,FALSE,TRUE,39
"2.2.2.2.2.2.3.1.2.2.2.2.2.2.3.2.2.1.2.2.2.2",0.478242388769463,FALSE,TRUE,39
"2.2.2.2.2.2.3.2.1.2.2.2.2.2.3.2.2.1.2.2.2.2",0.559145219204339,FALSE,TRUE,39
"2.2.2.2.2.2.3.2.2.1.2.2.2.2.3.2.2.1.2.2.2.2",0.558789196892598,FALSE,TRUE,39
"2.2.2.2.2.2.3.2.2.2.1.2.2.2.3.2.2.1.2.2.2.2",0.569799250974225,FALSE,TRUE,39
"2.2.2.2.2.2.3.2.2.2.2.1.2.2.3.2.2.1.2.2.2.2",0.548678849171813,FALSE,TRUE,38
"2.2.2.2.2.2.3.2.2.2.2.2.1.2.3.2.2.1.2.2.2.2",0.608595382315652,FALSE,TRUE,39
"2.2.2.2.2.2.3.2.2.2.2.2.2.1.3.2.2.1.2.2.2.2",0.583106049636287,FALSE,TRUE,39
"2.2.2.2.2.2.3.2.2.2.2.2.2.2.3.1.2.1.2.2.2.2",0.561713005848917,FALSE,TRUE,39
"2.2.2.2.2.2.3.2.2.2.2.2.2.2.3.2.1.1.2.2.2.2",0.57184180878323,FALSE,TRUE,38
"2.2.2.2.2.2.3.2.2.2.2.2.2.2.3.2.2.1.1.2.2.2",0.579560768907868,FALSE,TRUE,38
"2.2.2.2.2.2.3.2.2.2.2.2.2.2.3.2.2.1.2.1.2.2",0.589895269791184,FALSE,TRUE,39
"2.2.2.2.2.2.3.2.2.2.2.2.2.2.3.2.2.1.2.2.1.2",0.602785973828922,FALSE,TRUE,39
"2.2.2.2.2.2.3.2.2.2.2.2.2.2.3.2.2.1.2.2.2.1",0.539525767871224,FALSE,TRUE,39
"3.2.2.2.2.2.2.2.2.2.2.2.2.1.2.2.1.1.1.1.2.2",0.502499590588093,FALSE,TRUE,33
"2.3.2.2.2.2.2.2.2.2.2.2.2.1.2.2.1.1.1.1.2.2",0.447820821333364,FALSE,TRUE,34
"2.2.3.2.2.2.2.2.2.2.2.2.2.1.2.2.1.1.1.1.2.2",0.456105600663181,FALSE,TRUE,35
"2.2.2.3.2.2.2.2.2.2.2.2.2.1.2.2.1.1.1.1.2.2",0.496718511188129,FALSE,TRUE,34
"2.2.2.2.3.2.2.2.2.2.2.2.2.1.2.2.1.1.1.1.2.2",0.472717157437196,FALSE,TRUE,34
"2.2.2.2.2.3.2.2.2.2.2.2.2.1.2.2.1.1.1.1.2.2",0.523169846249763,FALSE,TRUE,32
"2.2.2.2.2.2.3.2.2.2.2.2.2.1.2.2.1.1.1.1.2.2",0.55726236159505,FALSE,TRUE,34
"2.2.2.2.2.2.2.2.3.2.2.2.2.1.2.2.1.1.1.1.2.2",0.5214552599824,FALSE,TRUE,34
"2.2.2.2.2.2.2.2.2.3.2.2.2.1.2.2.1.1.1.1.2.2",0.534044843019777,FALSE,TRUE,34
"2.2.2.2.2.2.2.2.2.2.2.3.2.1.2.2.1.1.1.1.2.2",0.523054798875123,FALSE,TRUE,33
"2.2.2.2.2.2.2.2.2.2.2.2.3.1.2.2.1.1.1.1.2.2",0.442886858141558,FALSE,TRUE,34
"2.2.2.2.2.2.2.2.2.2.2.2.2.1.3.2.1.1.1.1.2.2",0.548520845644589,FALSE,TRUE,34
"2.2.2.2.2.2.2.2.2.2.2.2.2.1.2.3.1.1.1.1.2.2",0.506878979545663,FALSE,TRUE,34
"2.2.2.2.2.2.2.2.2.2.2.2.2.1.2.2.1.2.1.1.2.2",0.552643474112221,FALSE,TRUE,35
"2.2.2.2.2.2.2.2.2.2.2.2.2.1.2.2.1.1.2.1.2.2",0.512090041421221,FALSE,TRUE,35
"2.2.2.2.2.2.2.2.2.2.2.2.2.1.2.2.1.1.1.1.3.2",0.455205130448457,FALSE,TRUE,34
"2.2.2.2.2.2.2.2.2.2.2.2.2.1.2.2.1.1.1.1.2.3",0.535907559629375,FALSE,TRUE,34
"1.2.2.2.2.2.2.2.2.2.2.2.2.1.2.2.1.1.1.1.2.2",0.471755693174391,FALSE,TRUE,33
"2.1.2.2.2.2.2.2.2.2.2.2.2.1.2.2.1.1.1.1.2.2",0.530373052510432,FALSE,TRUE,33
"2.2.2.2.1.2.2.2.2.2.2.2.2.1.2.2.1.1.1.1.2.2",0.501927786710043,FALSE,TRUE,32
"2.2.2.2.2.1.2.2.2.2.2.2.2.1.2.2.1.1.1.1.2.2",0.45735777987813,FALSE,TRUE,33
"2.2.2.2.2.2.1.2.2.2.2.2.2.1.2.2.1.1.1.1.2.2",0.421145939524233,FALSE,TRUE,33
"2.2.2.2.2.2.2.1.2.2.2.2.2.1.2.2.1.1.1.1.2.2",0.38827841114982,FALSE,TRUE,34
"2.2.2.2.2.2.2.2.1.2.2.2.2.1.2.2.1.1.1.1.2.2",0.461574651693855,FALSE,TRUE,33
"2.2.2.2.2.2.2.2.2.1.2.2.2.1.2.2.1.1.1.1.2.2",0.440919376542386,FALSE,TRUE,33
"2.2.2.2.2.2.2.2.2.2.1.2.2.1.2.2.1.1.1.1.2.2",0.499448908382672,FALSE,TRUE,34
"2.2.2.2.2.2.2.2.2.2.2.1.2.1.2.2.1.1.1.1.2.2",0.453033622542466,FALSE,TRUE,33
"2.2.2.2.2.2.2.2.2.2.2.2.1.1.2.2.1.1.1.1.2.2",0.540035731501241,FALSE,TRUE,33
"2.2.2.2.2.2.2.2.2.2.2.2.2.1.1.2.1.1.1.1.2.2",0.425192323603215,FALSE,TRUE,33
"2.2.2.2.2.2.2.2.2.2.2.2.2.1.2.1.1.1.1.1.2.2",0.465475785785497,FALSE,TRUE,33
"2.2.2.2.2.2.2.2.2.2.2.2.2.1.2.2.1.1.1.1.1.2",0.529023229237137,FALSE,TRUE,33
"3.2.1.1.2.2.2.2.2.2.2.2.2.1.2.2.1.1.1.2.2.2",0.523805068069248,FALSE,TRUE,36
"2.3.1.1.2.2.2.2.2.2.2.2.2.1.2.2.1.1.1.2.2.2",0.440190740205724,FALSE,TRUE,36
"2.2.1.1.3.2.2.2.2.2.2.2.2.1.2.2.1.1.1.2.2.2",0.479249531423994,FALSE,TRUE,36
"2.2.1.1.2.3.2.2.2.2.2.2.2.1.2.2.1.1.1.2.2.2",0.507702924956598,FALSE,TRUE,35
"2.2.1.1.2.2.3.2.2.2.2.2.2.1.2.2.1.1.1.2.2.2",0.550096714107169,FALSE,TRUE,36
"2.2.1.1.2.2.2.3.2.2.2.2.2.1.2.2.1.1.1.2.2.2",0.583811064799844,FALSE,TRUE,36
"2.2.1.1.2.2.2.2.3.2.2.2.2.1.2.2.1.1.1.2.2.2",0.524779967765168,FALSE,TRUE,36
"2.2.1.1.2.2.2.2.2.3.2.2.2.1.2.2.1.1.1.2.2.2",0.518176661353207,FALSE,TRUE,36
"2.2.1.1.2.2.2.2.2.2.3.2.2.1.2.2.1.1.1.2.2.2",0.47822335932888,FALSE,TRUE,36
"2.2.1.1.2.2.2.2.2.2.2.3.2.1.2.2.1.1.1.2.2.2",0.514567749674598,FALSE,TRUE,36
"2.2.1.1.2.2.2.2.2.2.2.2.3.1.2.2.1.1.1.2.2.2",0.445786090094343,FALSE,TRUE,36
"2.2.1.1.2.2.2.2.2.2.2.2.2.2.2.2.1.1.1.2.2.2",0.500301475243224,FALSE,TRUE,37
"2.2.1.1.2.2.2.2.2.2.2.2.2.1.3.2.1.1.1.2.2.2",0.545613695707852,FALSE,TRUE,36
"2.2.1.1.2.2.2.2.2.2.2.2.2.1.2.3.1.1.1.2.2.2",0.501860030734668,FALSE,TRUE,36
"2.2.1.1.2.2.2.2.2.2.2.2.2.1.2.2.2.1.1.2.2.2",0.486531815597694,FALSE,TRUE,36
"2.2.1.1.2.2.2.2.2.2.2.2.2.1.2.2.1.2.1.2.2.2",0.535370926069527,FALSE,TRUE,37
"2.2.1.1.2.2.2.2.2.2.2.2.2.1.2.2.1.1.2.2.2.2",0.500897880318227,FALSE,TRUE,37
"2.2.1.1.2.2.2.2.2.2.2.2.2.1.2.2.1.1.1.3.2.2",0.476138391888184,FALSE,TRUE,36
"2.2.1.1.2.2.2.2.2.2.2.2.2.1.2.2.1.1.1.2.3.2",0.460000726334205,FALSE,TRUE,36
"2.2.1.1.2.2.2.2.2.2.2.2.2.1.2.2.1.1.1.2.2.3",0.526427043246919,FALSE,TRUE,36
"1.2.1.1.2.2.2.2.2.2.2.2.2.1.2.2.1.1.1.2.2.2",0.458985944858187,FALSE,TRUE,35
"2.1.1.1.2.2.2.2.2.2.2.2.2.1.2.2.1.1.1.2.2.2",0.544184872133788,FALSE,TRUE,35
"2.2.1.1.1.2.2.2.2.2.2.2.2.1.2.2.1.1.1.2.2.2",0.50525808546286,FALSE,TRUE,35
"2.2.1.1.2.1.2.2.2.2.2.2.2.1.2.2.1.1.1.2.2.2",0.476001883990761,FALSE,TRUE,35
"2.2.1.1.2.2.1.2.2.2.2.2.2.1.2.2.1.1.1.2.2.2",0.432566399230514,FALSE,TRUE,35
"2.2.1.1.2.2.2.1.2.2.2.2.2.1.2.2.1.1.1.2.2.2",0.393536370648466,FALSE,TRUE,35
"2.2.1.1.2.2.2.2.1.2.2.2.2.1.2.2.1.1.1.2.2.2",0.463917967218082,FALSE,TRUE,35
"2.2.1.1.2.2.2.2.2.1.2.2.2.1.2.2.1.1.1.2.2.2",0.461718918001328,FALSE,TRUE,35
"2.2.1.1.2.2.2.2.2.2.1.2.2.1.2.2.1.1.1.2.2.2",0.504950694966374,FALSE,TRUE,35
"2.2.1.1.2.2.2.2.2.2.2.1.2.1.2.2.1.1.1.2.2.2",0.464902951570287,FALSE,TRUE,35
"2.2.1.1.2.2.2.2.2.2.2.2.1.1.2.2.1.1.1.2.2.2",0.544371269559711,FALSE,TRUE,35
"2.2.1.1.2.2.2.2.2.2.2.2.2.1.1.2.1.1.1.2.2.2",0.434098363209884,FALSE,TRUE,35
"2.2.1.1.2.2.2.2.2.2.2.2.2.1.2.1.1.1.1.2.2.2",0.476307705471425,FALSE,TRUE,35
"2.2.1.1.2.2.2.2.2.2.2.2.2.1.2.2.1.1.1.1.2.2",0.505350126305625,FALSE,TRUE,34
"2.2.1.1.2.2.2.2.2.2.2.2.2.1.2.2.1.1.1.2.1.2",0.52936060989617,FALSE,TRUE,34
"2.2.1.1.2.2.2.2.2.2.2.2.2.1.2.2.1.1.1.2.2.1",0.451964429224199,FALSE,TRUE,34
"3.2.2.2.2.2.2.3.2.2.2.2.2.2.2.2.2.1.2.2.2.2",0.57219173164716,FALSE,TRUE,39
"2.3.2.2.2.2.2.3.2.2.2.2.2.2.2.2.2.1.2.2.2.2",0.521076999327128,FALSE,TRUE,39
"2.2.3.2.2.2.2.3.2.2.2.2.2.2.2.2.2.1.2.2.2.2",0.541027135946696,FALSE,TRUE,39
"2.2.2.3.2.2.2.3.2.2.2.2.2.2.2.2.2.1.2.2.2.2",0.572151944808833,FALSE,TRUE,39
"2.2.2.2.3.2.2.3.2.2.2.2.2.2.2.2.2.1.2.2.2.2",0.555744121836548,FALSE,TRUE,38
"2.2.2.2.2.3.2.3.2.2.2.2.2.2.2.2.2.1.2.2.2.2",0.596856872596541,FALSE,TRUE,39
"2.2.2.2.2.2.3.3.2.2.2.2.2.2.2.2.2.1.2.2.2.2",0.619388918454126,FALSE,TRUE,38
"2.2.2.2.2.2.2.4.2.2.2.2.2.2.2.2.2.1.2.2.2.2",0.636768663498319,FALSE,TRUE,40
"2.2.2.2.2.2.2.3.3.2.2.2.2.2.2.2.2.1.2.2.2.2",0.592404526460003,FALSE,TRUE,39
"2.2.2.2.2.2.2.3.2.3.2.2.2.2.2.2.2.1.2.2.2.2",0.583071148002512,FALSE,TRUE,39
"2.2.2.2.2.2.2.3.2.2.3.2.2.2.2.2.2.1.2.2.2.2",0.551968672811411,FALSE,TRUE,39
"2.2.2.2.2.2.2.3.2.2.2.3.2.2.2.2.2.1.2.2.2.2",0.585622616101428,FALSE,TRUE,39
"2.2.2.2.2.2.2.3.2.2.2.2.3.2.2.2.2.1.2.2.2.2",0.53110735896119,FALSE,TRUE,39
"2.2.2.2.2.2.2.3.2.2.2.2.2.3.2.2.2.1.2.2.2.2",0.556672654919585,FALSE,TRUE,39
"2.2.2.2.2.2.2.3.2.2.2.2.2.2.2.3.2.1.2.2.2.2",0.575745679340478,FALSE,TRUE,39
"2.2.2.2.2.2.2.3.2.2.2.2.2.2.2.2.2.1.3.2.2.2",0.561109827497994,FALSE,TRUE,39
"2.2.2.2.2.2.2.3.2.2.2.2.2.2.2.2.2.1.2.3.2.2",0.547633025807093,FALSE,TRUE,40
"2.2.2.2.2.2.2.3.2.2.2.2.2.2.2.2.2.1.2.2.3.2",0.543893574847212,FALSE,TRUE,39
"2.2.2.2.2.2.2.3.2.2.2.2.2.2.2.2.2.1.2.2.2.3",0.611442322095697,FALSE,TRUE,38
"1.2.2.2.2.2.2.3.2.2.2.2.2.2.2.2.2.1.2.2.2.2",0.560545126607373,FALSE,TRUE,37
"2.1.2.2.2.2.2.3.2.2.2.2.2.2.2.2.2.1.2.2.2.2",0.615962851861205,FALSE,TRUE,38
"2.2.1.2.2.2.2.3.2.2.2.2.2.2.2.2.2.1.2.2.2.2",0.598912327403524,FALSE,TRUE,38
"2.2.2.1.2.2.2.3.2.2.2.2.2.2.2.2.2.1.2.2.2.2",0.568073947196532,FALSE,TRUE,38
"2.2.2.2.1.2.2.3.2.2.2.2.2.2.2.2.2.1.2.2.2.2",0.582020564962904,FALSE,TRUE,38
"2.2.2.2.2.1.2.3.2.2.2.2.2.2.2.2.2.1.2.2.2.2",0.539988496875176,FALSE,TRUE,38
"2.2.2.2.2.2.1.3.2.2.2.2.2.2.2.2.2.1.2.2.2.2",0.517516043611088,FALSE,TRUE,38
"2.2.2.2.2.2.2.3.1.2.2.2.2.2.2.2.2.1.2.2.2.2",0.549755742498665,FALSE,TRUE,37
"2.2.2.2.2.2.2.3.2.1.2.2.2.2.2.2.2.1.2.2.2.2",0.548139734890124,FALSE,TRUE,38
"2.2.2.2.2.2.2.3.2.2.1.2.2.2.2.2.2.1.2.2.2.2",0.583661359383308,FALSE,TRUE,37
"2.2.2.2.2.2.2.3.2.2.2.1.2.2.2.2.2.1.2.2.2.2",0.550107462360108,FALSE,TRUE,37
"2.2.2.2.2.2.2.3.2.2.2.2.1.2.2.2.2.1.2.2.2.2",0.612999641076767,FALSE,TRUE,38
"2.2.2.2.2.2.2.3.2.2.2.2.2.1.2.2.2.1.2.2.2.2",0.585665198836867,FALSE,TRUE,37
"2.2.2.2.2.2.2.3.2.2.2.2.2.2.1.2.2.1.2.2.2.2",0.527332150427777,FALSE,TRUE,38
"2.2.2.2.2.2.2.3.2.2.2.2.2.2.2.1.2.1.2.2.2.2",0.55395632557362,FALSE,TRUE,38
"2.2.2.2.2.2.2.3.2.2.2.2.2.2.2.2.1.1.2.2.2.2",0.568114826290004,FALSE,TRUE,39
"2.2.2.2.2.2.2.3.2.2.2.2.2.2.2.2.2.1.2.2.1.2",0.597107322959789,FALSE,TRUE,38
"2.2.2.2.2.2.2.3.2.2.2.2.2.2.2.2.2.1.2.2.2.1",0.523790292288137,FALSE,TRUE,38
"3.2.2.2.2.2.1.2.1.2.2.2.2.2.2.2.2.1.1.2.2.2",0.391264594595349,FALSE,TRUE,38
"2.3.2.2.2.2.1.2.1.2.2.2.2.2.2.2.2.1.1.2.2.2",0.340897394900905,FALSE,TRUE,38
"2.2.3.2.2.2.1.2.1.2.2.2.2.2.2.2.2.1.1.2.2.2",0.344683097912966,FALSE,TRUE,38
"2.2.2.3.2.2.1.2.1.2.2.2.2.2.2.2.2.1.1.2.2.2",0.384354968123165,FALSE,TRUE,38
"2.2.2.2.3.2.1.2.1.2.2.2.2.2.2.2.2.1.1.2.2.2",0.362262969128722,FALSE,TRUE,37
"2.2.2.2.2.3.1.2.1.2.2.2.2.2.2.2.2.1.1.2.2.2",0.411949771987024,FALSE,TRUE,38
"2.2.2.2.2.2.1.3.1.2.2.2.2.2.2.2.2.1.1.2.2.2",0.47443711292087,FALSE,TRUE,38
"2.2.2.2.2.2.1.2.1.3.2.2.2.2.2.2.2.1.1.2.2.2",0.422888515527794,FALSE,TRUE,38
"2.2.2.2.2.2.1.2.1.2.3.2.2.2.2.2.2.1.1.2.2.2",0.366857086916648,FALSE,TRUE,38
"2.2.2.2.2.2.1.2.1.2.2.3.2.2.2.2.2.1.1.2.2.2",0.410395588281564,FALSE,TRUE,38
"2.2.2.2.2.2.1.2.1.2.2.2.3.2.2.2.2.1.1.2.2.2",0.330779832333888,FALSE,TRUE,38
"2.2.2.2.2.2.1.2.1.2.2.2.2.3.2.2.2.1.1.2.2.2",0.374985058465447,FALSE,TRUE,38
"2.2.2.2.2.2.1.2.1.2.2.2.2.2.3.2.2.1.1.2.2.2",0.438422379094024,FALSE,TRUE,38
"2.2.2.2.2.2.1.2.1.2.2.2.2.2.2.3.2.1.1.2.2.2",0.393522933995003,FALSE,TRUE,38
"2.2.2.2.2.2.1.2.1.2.2.2.2.2.2.2.2.2.1.2.2.2",0.443489429465424,FALSE,TRUE,39
"2.2.2.2.2.2.1.2.1.2.2.2.2.2.2.2.2.1.2.2.2.2",0.400716957014749,FALSE,TRUE,38
"2.2.2.2.2.2.1.2.1.2.2.2.2.2.2.2.2.1.1.3.2.2",0.384511405007167,FALSE,TRUE,38
"2.2.2.2.2.2.1.2.1.2.2.2.2.2.2.2.2.1.1.2.3.2",0.343620402164769,FALSE,TRUE,38
"2.2.2.2.2.2.1.2.1.2.2.2.2.2.2.2.2.1.1.2.2.3",0.425000930306018,FALSE,TRUE,36
"1.2.2.2.2.2.1.2.1.2.2.2.2.2.2.2.2.1.1.2.2.2",0.357693394157336,FALSE,TRUE,37
"2.1.2.2.2.2.1.2.1.2.2.2.2.2.2.2.2.1.1.2.2.2",0.419974434690373,FALSE,TRUE,37
"2.2.1.2.2.2.1.2.1.2.2.2.2.2.2.2.2.1.1.2.2.2",0.411244183291373,FALSE,TRUE,37
"2.2.2.1.2.2.1.2.1.2.2.2.2.2.2.2.2.1.1.2.2.2",0.372214975022295,FALSE,TRUE,37
"2.2.2.2.1.2.1.2.1.2.2.2.2.2.2.2.2.1.1.2.2.2",0.390505058875851,FALSE,TRUE,36
"2.2.2.2.2.1.1.2.1.2.2.2.2.2.2.2.2.1.1.2.2.2",0.344621649798222,FALSE,TRUE,37
"2.2.2.2.2.2.1.1.1.2.2.2.2.2.2.2.2.1.1.2.2.2",0.275246762028242,FALSE,TRUE,37
"2.2.2.2.2.2.1.2.1.1.2.2.2.2.2.2.2.1.1.2.2.2",0.327348207560597,FALSE,TRUE,37
"2.2.2.2.2.2.1.2.1.2.1.2.2.2.2.2.2.1.1.2.2.2",0.38825870609006,FALSE,TRUE,37
"2.2.2.2.2.2.1.2.1.2.2.1.2.2.2.2.2.1.1.2.2.2",0.342581182798311,FALSE,TRUE,36
"2.2.2.2.2.2.1.2.1.2.2.2.1.2.2.2.2.1.1.2.2.2",0.431592981237245,FALSE,TRUE,37
"2.2.2.2.2.2.1.2.1.2.2.2.2.1.2.2.2.1.1.2.2.2",0.383608507080989,FALSE,TRUE,36
"2.2.2.2.2.2.1.2.1.2.2.2.2.2.1.2.2.1.1.2.2.2",0.312863214433269,FALSE,TRUE,37
"2.2.2.2.2.2.1.2.1.2.2.2.2.2.2.1.2.1.1.2.2.2",0.356833374435601,FALSE,TRUE,37
"2.2.2.2.2.2.1.2.1.2.2.2.2.2.2.2.1.1.1.2.2.2",0.38946341954849,FALSE,TRUE,37
"2.2.2.2.2.2.1.2.1.2.2.2.2.2.2.2.2.1.1.1.2.2",0.373617905700111,FALSE,TRUE,36
"2.2.2.2.2.2.1.2.1.2.2.2.2.2.2.2.2.1.1.2.1.2",0.418094467219599,FALSE,TRUE,37
"2.2.2.2.2.2.1.2.1.2.2.2.2.2.2.2.2.1.1.2.2.1",0.327320037794763,FALSE,TRUE,37
"3.2.2.1.2.2.3.2.2.2.2.2.2.2.3.2.2.1.2.2.2.2",0.555781859970074,FALSE,TRUE,39
"2.3.2.1.2.2.3.2.2.2.2.2.2.2.3.2.2.1.2.2.2.2",0.487125900697507,FALSE,TRUE,39
"2.2.3.1.2.2.3.2.2.2.2.2.2.2.3.2.2.1.2.2.2.2",0.524491689110684,FALSE,TRUE,39
"2.2.2.1.3.2.3.2.2.2.2.2.2.2.3.2.2.1.2.2.2.2",0.553092064360823,FALSE,TRUE,39
"2.2.2.1.2.3.3.2.2.2.2.2.2.2.3.2.2.1.2.2.2.2",0.566081981939307,FALSE,TRUE,39
"2.2.2.1.2.2.4.2.2.2.2.2.2.2.3.2.2.1.2.2.2.2",0.593691221380728,FALSE,TRUE,39
"2.2.2.1.2.2.3.3.2.2.2.2.2.2.3.2.2.1.2.2.2.2",0.635345300278724,FALSE,TRUE,39
"2.2.2.1.2.2.3.2.3.2.2.2.2.2.3.2.2.1.2.2.2.2",0.561090265703125,FALSE,TRUE,39
"2.2.2.1.2.2.3.2.2.3.2.2.2.2.3.2.2.1.2.2.2.2",0.54884206335005,FALSE,TRUE,39
"2.2.2.1.2.2.3.2.2.2.3.2.2.2.3.2.2.1.2.2.2.2",0.543619159142891,FALSE,TRUE,39
"2.2.2.1.2.2.3.2.2.2.2.3.2.2.3.2.2.1.2.2.2.2",0.564323665315521,FALSE,TRUE,39
"2.2.2.1.2.2.3.2.2.2.2.2.3.2.3.2.2.1.2.2.2.2",0.507979770820977,FALSE,TRUE,39
"2.2.2.1.2.2.3.2.2.2.2.2.2.3.3.2.2.1.2.2.2.2",0.545008092117767,FALSE,TRUE,39
"2.2.2.1.2.2.3.2.2.2.2.2.2.2.4.2.2.1.2.2.2.2",0.567577916844646,FALSE,TRUE,39
"2.2.2.1.2.2.3.2.2.2.2.2.2.2.3.3.2.1.2.2.2.2",0.545118847991811,FALSE,TRUE,39
"2.2.2.1.2.2.3.2.2.2.2.2.2.2.3.2.3.1.2.2.2.2",0.542513531744838,FALSE,TRUE,40
"2.2.2.1.2.2.3.2.2.2.2.2.2.2.3.2.2.2.2.2.2.2",0.599657020467251,FALSE,TRUE,40
"2.2.2.1.2.2.3.2.2.2.2.2.2.2.3.2.2.1.3.2.2.2",0.531005532815248,FALSE,TRUE,39
"2.2.2.1.2.2.3.2.2.2.2.2.2.2.3.2.2.1.2.3.2.2",0.525978333923417,FALSE,TRUE,39
"2.2.2.1.2.2.3.2.2.2.2.2.2.2.3.2.2.1.2.2.3.2",0.514616677884863,FALSE,TRUE,39
"2.2.2.1.2.2.3.2.2.2.2.2.2.2.3.2.2.1.2.2.2.3",0.568551886866629,FALSE,TRUE,39
"1.2.2.1.2.2.3.2.2.2.2.2.2.2.3.2.2.1.2.2.2.2",0.540254078587238,FALSE,TRUE,37
"2.1.2.1.2.2.3.2.2.2.2.2.2.2.3.2.2.1.2.2.2.2",0.617634941652505,FALSE,TRUE,38
"2.2.1.1.2.2.3.2.2.2.2.2.2.2.3.2.2.1.2.2.2.2",0.578638991373457,FALSE,TRUE,38
"2.2.2.1.1.2.3.2.2.2.2.2.2.2.3.2.2.1.2.2.2.2",0.549485918908834,FALSE,TRUE,38
"2.2.2.1.2.1.3.2.2.2.2.2.2.2.3.2.2.1.2.2.2.2",0.535324627301294,FALSE,TRUE,38
"2.2.2.1.2.2.3.1.2.2.2.2.2.2.3.2.2.1.2.2.2.2",0.455773217253241,FALSE,TRUE,38
"2.2.2.1.2.2.3.2.1.2.2.2.2.2.3.2.2.1.2.2.2.2",0.544019622203403,FALSE,TRUE,38
"2.2.2.1.2.2.3.2.2.1.2.2.2.2.3.2.2.1.2.2.2.2",0.545735475601987,FALSE,TRUE,38
"2.2.2.1.2.2.3.2.2.2.1.2.2.2.3.2.2.1.2.2.2.2",0.555384799685389,FALSE,TRUE,38
"2.2.2.1.2.2.3.2.2.2.2.1.2.2.3.2.2.1.2.2.2.2",0.5347755948284,FALSE,TRUE,38
"2.2.2.1.2.2.3.2.2.2.2.2.1.2.3.2.2.1.2.2.2.2",0.597316694727849,FALSE,TRUE,38
"2.2.2.1.2.2.3.2.2.2.2.2.2.1.3.2.2.1.2.2.2.2",0.559990270552054,FALSE,TRUE,38
"2.2.2.1.2.2.3.2.2.2.2.2.2.2.2.2.2.1.2.2.2.2",0.524876179529627,FALSE,TRUE,38
"2.2.2.1.2.2.3.2.2.2.2.2.2.2.3.1.2.1.2.2.2.2",0.549103498726913,FALSE,TRUE,38
"2.2.2.1.2.2.3.2.2.2.2.2.2.2.3.2.2.1.1.2.2.2",0.565837114711964,FALSE,TRUE,38
"2.2.2.1.2.2.3.2.2.2.2.2.2.2.3.2.2.1.2.1.2.2",0.574324950994786,FALSE,TRUE,38
"2.2.2.1.2.2.3.2.2.2.2.2.2.2.3.2.2.1.2.2.1.2",0.593601332569557,FALSE,TRUE,38
"2.2.2.1.2.2.3.2.2.2.2.2.2.2.3.2.2.1.2.2.2.1",0.528997315601367,FALSE,TRUE,38
"3.2.2.2.2.2.2.2.2.2.2.2.2.1.2.2.1.1.1.2.1.2",0.530532053606585,FALSE,TRUE,36
"2.3.2.2.2.2.2.2.2.2.2.2.2.1.2.2.1.1.1.2.1.2",0.46670014301215,FALSE,TRUE,37
"2.2.3.2.2.2.2.2.2.2.2.2.2.1.2.2.1.1.1.2.1.2",0.48943376707438,FALSE,TRUE,37
"2.2.2.3.2.2.2.2.2.2.2.2.2.1.2.2.1.1.1.2.1.2",0.516724830235446,FALSE,TRUE,37
"2.2.2.2.3.2.2.2.2.2.2.2.2.1.2.2.1.1.1.2.1.2",0.499089307084286,FALSE,TRUE,37
"2.2.2.2.2.3.2.2.2.2.2.2.2.1.2.2.1.1.1.2.1.2",0.549263192276574,FALSE,TRUE,37
"2.2.2.2.2.2.3.2.2.2.2.2.2.1.2.2.1.1.1.2.1.2",0.568213736929048,FALSE,TRUE,37
"2.2.2.2.2.2.2.3.2.2.2.2.2.1.2.2.1.1.1.2.1.2",0.590832459999679,FALSE,TRUE,36
"2.2.2.2.2.2.2.2.3.2.2.2.2.1.2.2.1.1.1.2.1.2",0.541831768187778,FALSE,TRUE,37
"2.2.2.2.2.2.2.2.2.3.2.2.2.1.2.2.1.1.1.2.1.2",0.543199608133571,FALSE,TRUE,37
"2.2.2.2.2.2.2.2.2.2.3.2.2.1.2.2.1.1.1.2.1.2",0.494677810347474,FALSE,TRUE,35
"2.2.2.2.2.2.2.2.2.2.2.3.2.1.2.2.1.1.1.2.1.2",0.538146434701975,FALSE,TRUE,37
"2.2.2.2.2.2.2.2.2.2.2.2.3.1.2.2.1.1.1.2.1.2",0.47077628924155,FALSE,TRUE,37
"2.2.2.2.2.2.2.2.2.2.2.2.2.2.2.2.1.1.1.2.1.2",0.507479660372316,FALSE,TRUE,37
"2.2.2.2.2.2.2.2.2.2.2.2.2.1.3.2.1.1.1.2.1.2",0.57132546194265,FALSE,TRUE,37
"2.2.2.2.2.2.2.2.2.2.2.2.2.1.2.3.1.1.1.2.1.2",0.535866085871493,FALSE,TRUE,37
"2.2.2.2.2.2.2.2.2.2.2.2.2.1.2.2.1.2.1.2.1.2",0.560571152151906,FALSE,TRUE,38
"2.2.2.2.2.2.2.2.2.2.2.2.2.1.2.2.1.1.2.2.1.2",0.52707859482146,FALSE,TRUE,38
"2.2.2.2.2.2.2.2.2.2.2.2.2.1.2.2.1.1.1.3.1.2",0.493329371426514,FALSE,TRUE,37
"2.2.2.2.2.2.2.2.2.2.2.2.2.1.2.2.1.1.1.2.1.3",0.561123491997451,FALSE,TRUE,37
"1.2.2.2.2.2.2.2.2.2.2.2.2.1.2.2.1.1.1.2.1.2",0.49559051902713,FALSE,TRUE,36
"2.1.2.2.2.2.2.2.2.2.2.2.2.1.2.2.1.1.1.2.1.2",0.554277426568253,FALSE,TRUE,36
"2.2.1.2.2.2.2.2.2.2.2.2.2.1.2.2.1.1.1.2.1.2",0.539765297898971,FALSE,TRUE,34
"2.2.2.2.1.2.2.2.2.2.2.2.2.1.2.2.1.1.1.2.1.2",0.52670469643076,FALSE,TRUE,35
"2.2.2.2.2.1.2.2.2.2.2.2.2.1.2.2.1.1.1.2.1.2",0.47716662402407,FALSE,TRUE,36
"2.2.2.2.2.2.1.2.2.2.2.2.2.1.2.2.1.1.1.2.1.2",0.458555120698445,FALSE,TRUE,36
"2.2.2.2.2.2.2.1.2.2.2.2.2.1.2.2.1.1.1.2.1.2",0.429294643031576,FALSE,TRUE,36
"2.2.2.2.2.2.2.2.1.2.2.2.2.1.2.2.1.1.1.2.1.2",0.489712204668429,FALSE,TRUE,36
"2.2.2.2.2.2.2.2.2.1.2.2.2.1.2.2.1.1.1.2.1.2",0.480592904026403,FALSE,TRUE,36
"2.2.2.2.2.2.2.2.2.2.1.2.2.1.2.2.1.1.1.2.1.2",0.531675470987253,FALSE,TRUE,36
"2.2.2.2.2.2.2.2.2.2.2.1.2.1.2.2.1.1.1.2.1.2",0.484946195770363,FALSE,TRUE,36
"2.2.2.2.2.2.2.2.2.2.2.2.1.1.2.2.1.1.1.2.1.2",0.564445224340388,FALSE,TRUE,36
"2.2.2.2.2.2.2.2.2.2.2.2.2.1.1.2.1.1.1.2.1.2",0.455013246415772,FALSE,TRUE,36
"2.2.2.2.2.2.2.2.2.2.2.2.2.1.2.1.1.1.1.2.1.2",0.485650665224133,FALSE,TRUE,36
"3.2.2.2.2.2.2.2.2.2.3.3.2.1.2.2.2.1.1.2.2.2",0.498716410442327,FALSE,TRUE,38
"2.3.2.2.2.2.2.2.2.2.3.3.2.1.2.2.2.1.1.2.2.2",0.441578936126388,FALSE,TRUE,38
"2.2.3.2.2.2.2.2.2.2.3.3.2.1.2.2.2.1.1.2.2.2",0.454162325625,FALSE,TRUE,38
"2.2.2.3.2.2.2.2.2.2.3.3.2.1.2.2.2.1.1.2.2.2",0.492548127972166,FALSE,TRUE,38
"2.2.2.2.3.2.2.2.2.2.3.3.2.1.2.2.2.1.1.2.2.2",0.454129032126547,FALSE,TRUE,38
"2.2.2.2.2.3.2.2.2.2.3.3.2.1.2.2.2.1.1.2.2.2",0.498663589034092,FALSE,TRUE,38
"2.2.2.2.2.2.3.2.2.2.3.3.2.1.2.2.2.1.1.2.2.2",0.535160626310047,FALSE,TRUE,38
"2.2.2.2.2.2.2.3.2.2.3.3.2.1.2.2.2.1.1.2.2.2",0.558738937660513,FALSE,TRUE,38
"2.2.2.2.2.2.2.2.3.2.3.3.2.1.2.2.2.1.1.2.2.2",0.512571774244891,FALSE,TRUE,38
"2.2.2.2.2.2.2.2.2.3.3.3.2.1.2.2.2.1.1.2.2.2",0.501032045205623,FALSE,TRUE,38
"2.2.2.2.2.2.2.2.2.2.4.3.2.1.2.2.2.1.1.2.2.2",0.447602632628639,FALSE,TRUE,38
"2.2.2.2.2.2.2.2.2.2.3.4.2.1.2.2.2.1.1.2.2.2",0.479912419365122,FALSE,TRUE,39
"2.2.2.2.2.2.2.2.2.2.3.3.3.1.2.2.2.1.1.2.2.2",0.434374177078733,FALSE,TRUE,38
"2.2.2.2.2.2.2.2.2.2.3.3.2.2.2.2.2.1.1.2.2.2",0.479721058209653,FALSE,TRUE,38
"2.2.2.2.2.2.2.2.2.2.3.3.2.1.3.2.2.1.1.2.2.2",0.527091386865767,FALSE,TRUE,38
"2.2.2.2.2.2.2.2.2.2.3.3.2.1.2.3.2.1.1.2.2.2",0.480978596531541,FALSE,TRUE,38
"2.2.2.2.2.2.2.2.2.2.3.3.2.1.2.2.3.1.1.2.2.2",0.470271315731502,FALSE,TRUE,38
"2.2.2.2.2.2.2.2.2.2.3.3.2.1.2.2.2.2.1.2.2.2",0.526999567880922,FALSE,TRUE,39
"2.2.2.2.2.2.2.2.2.2.3.3.2.1.2.2.2.1.2.2.2.2",0.486163146491527,FALSE,TRUE,39
"2.2.2.2.2.2.2.2.2.2.3.3.2.1.2.2.2.1.1.3.2.2",0.46052802142003,FALSE,TRUE,39
"2.2.2.2.2.2.2.2.2.2.3.3.2.1.2.2.2.1.1.2.3.2",0.448810244533544,FALSE,TRUE,38
"2.2.2.2.2.2.2.2.2.2.3.3.2.1.2.2.2.1.1.2.2.3",0.523218578262915,FALSE,TRUE,38
"1.2.2.2.2.2.2.2.2.2.3.3.2.1.2.2.2.1.1.2.2.2",0.453608423602988,FALSE,TRUE,37
"2.1.2.2.2.2.2.2.2.2.3.3.2.1.2.2.2.1.1.2.2.2",0.515736917222467,FALSE,TRUE,37
"2.2.1.2.2.2.2.2.2.2.3.3.2.1.2.2.2.1.1.2.2.2",0.502159451390914,FALSE,TRUE,37
"2.2.2.1.2.2.2.2.2.2.3.3.2.1.2.2.2.1.1.2.2.2",0.466771780337258,FALSE,TRUE,37
"2.2.2.2.1.2.2.2.2.2.3.3.2.1.2.2.2.1.1.2.2.2",0.498974111284721,FALSE,TRUE,36
"2.2.2.2.2.1.2.2.2.2.3.3.2.1.2.2.2.1.1.2.2.2",0.457811653590337,FALSE,TRUE,37
"2.2.2.2.2.2.1.2.2.2.3.3.2.1.2.2.2.1.1.2.2.2",0.422044271846986,FALSE,TRUE,37
"2.2.2.2.2.2.2.1.2.2.3.3.2.1.2.2.2.1.1.2.2.2",0.391442081217973,FALSE,TRUE,37
"2.2.2.2.2.2.2.2.1.2.3.3.2.1.2.2.2.1.1.2.2.2",0.449141280381748,FALSE,TRUE,37
"2.2.2.2.2.2.2.2.2.1.3.3.2.1.2.2.2.1.1.2.2.2",0.451448215598708,FALSE,TRUE,37
"2.2.2.2.2.2.2.2.2.2.3.3.1.1.2.2.2.1.1.2.2.2",0.527312115268049,FALSE,TRUE,37
"2.2.2.2.2.2.2.2.2.2.3.3.2.1.1.2.2.1.1.2.2.2",0.423905345383209,FALSE,TRUE,37
"2.2.2.2.2.2.2.2.2.2.3.3.2.1.2.1.2.1.1.2.2.2",0.469685046963567,FALSE,TRUE,37
"2.2.2.2.2.2.2.2.2.2.3.3.2.1.2.2.1.1.1.2.2.2",0.483791953572058,FALSE,TRUE,36
"2.2.2.2.2.2.2.2.2.2.3.3.2.1.2.2.2.1.1.2.1.2",0.513043802038633,FALSE,TRUE,37
"2.2.2.2.2.2.2.2.2.2.3.3.2.1.2.2.2.1.1.2.2.1",0.428057432729714,FALSE,TRUE,37
"3.2.2.2.2.2.2.2.2.2.1.2.2.2.2.2.2.2.2.2.2.2",0.534730092547715,FALSE,TRUE,40
"2.3.2.2.2.2.2.2.2.2.1.2.2.2.2.2.2.2.2.2.2.2",0.480541084552227,FALSE,TRUE,40
"2.2.3.2.2.2.2.2.2.2.1.2.2.2.2.2.2.2.2.2.2.2",0.513720323842018,FALSE,TRUE,41
"2.2.2.3.2.2.2.2.2.2.1.2.2.2.2.2.2.2.2.2.2.2",0.54757570275024,FALSE,TRUE,40
"2.2.2.2.3.2.2.2.2.2.1.2.2.2.2.2.2.2.2.2.2.2",0.530076873135266,FALSE,TRUE,39
"2.2.2.2.2.3.2.2.2.2.1.2.2.2.2.2.2.2.2.2.2.2",0.569738515207111,FALSE,TRUE,40
"2.2.2.2.2.2.3.2.2.2.1.2.2.2.2.2.2.2.2.2.2.2",0.570619686359851,FALSE,TRUE,40
"2.2.2.2.2.2.2.3.2.2.1.2.2.2.2.2.2.2.2.2.2.2",0.630885310473395,FALSE,TRUE,39
"2.2.2.2.2.2.2.2.3.2.1.2.2.2.2.2.2.2.2.2.2.2",0.558171800036627,FALSE,TRUE,40
"2.2.2.2.2.2.2.2.2.3.1.2.2.2.2.2.2.2.2.2.2.2",0.54978758494406,FALSE,TRUE,40
"2.2.2.2.2.2.2.2.2.2.1.3.2.2.2.2.2.2.2.2.2.2",0.562019724854335,FALSE,TRUE,40
"2.2.2.2.2.2.2.2.2.2.1.2.3.2.2.2.2.2.2.2.2.2",0.501388179983183,FALSE,TRUE,40
"2.2.2.2.2.2.2.2.2.2.1.2.2.3.2.2.2.2.2.2.2.2",0.534983898221312,FALSE,TRUE,40
"2.2.2.2.2.2.2.2.2.2.1.2.2.2.3.2.2.2.2.2.2.2",0.5910025730539,FALSE,TRUE,39
"2.2.2.2.2.2.2.2.2.2.1.2.2.2.2.3.2.2.2.2.2.2",0.53723692075679,FALSE,TRUE,40
"2.2.2.2.2.2.2.2.2.2.1.2.2.2.2.2.3.2.2.2.2.2",0.528989482695484,FALSE,TRUE,40
"2.2.2.2.2.2.2.2.2.2.1.2.2.2.2.2.2.3.2.2.2.2",0.571509943532368,FALSE,TRUE,40
"2.2.2.2.2.2.2.2.2.2.1.2.2.2.2.2.2.2.3.2.2.2",0.54270927988903,FALSE,TRUE,40
"2.2.2.2.2.2.2.2.2.2.1.2.2.2.2.2.2.2.2.3.2.2",0.527910705628083,FALSE,TRUE,40
"2.2.2.2.2.2.2.2.2.2.1.2.2.2.2.2.2.2.2.2.3.2",0.50829527392137,FALSE,TRUE,40
"2.2.2.2.2.2.2.2.2.2.1.2.2.2.2.2.2.2.2.2.2.3",0.556078682483076,FALSE,TRUE,40
"1.2.2.2.2.2.2.2.2.2.1.2.2.2.2.2.2.2.2.2.2.2",0.537452252065176,FALSE,TRUE,39
"2.1.2.2.2.2.2.2.2.2.1.2.2.2.2.2.2.2.2.2.2.2",0.597454188081706,FALSE,TRUE,39
"2.2.2.1.2.2.2.2.2.2.1.2.2.2.2.2.2.2.2.2.2.2",0.53169343989214,FALSE,TRUE,39
"2.2.2.2.1.2.2.2.2.2.1.2.2.2.2.2.2.2.2.2.2.2",0.548242681966318,FALSE,TRUE,39
"2.2.2.2.2.1.2.2.2.2.1.2.2.2.2.2.2.2.2.2.2.2",0.508467358621321,FALSE,TRUE,39
"2.2.2.2.2.2.1.2.2.2.1.2.2.2.2.2.2.2.2.2.2.2",0.503888250598212,FALSE,TRUE,39
"2.2.2.2.2.2.2.1.2.2.1.2.2.2.2.2.2.2.2.2.2.2",0.437104167352354,FALSE,TRUE,39
"2.2.2.2.2.2.2.2.1.2.1.2.2.2.2.2.2.2.2.2.2.2",0.522309569435453,FALSE,TRUE,39
"2.2.2.2.2.2.2.2.2.1.1.2.2.2.2.2.2.2.2.2.2.2",0.521008704106054,FALSE,TRUE,39
"2.2.2.2.2.2.2.2.2.2.1.1.2.2.2.2.2.2.2.2.2.2",0.514674300264823,FALSE,TRUE,39
"2.2.2.2.2.2.2.2.2.2.1.2.1.2.2.2.2.2.2.2.2.2",0.584247353472313,FALSE,TRUE,39
"2.2.2.2.2.2.2.2.2.2.1.2.2.1.2.2.2.2.2.2.2.2",0.54966803115123,FALSE,TRUE,39
"2.2.2.2.2.2.2.2.2.2.1.2.2.2.1.2.2.2.2.2.2.2",0.481210322894342,FALSE,TRUE,39
"2.2.2.2.2.2.2.2.2.2.1.2.2.2.2.1.2.2.2.2.2.2",0.531078131341505,FALSE,TRUE,39
"2.2.2.2.2.2.2.2.2.2.1.2.2.2.2.2.1.2.2.2.2.2",0.549007690365262,FALSE,TRUE,39
"2.2.2.2.2.2.2.2.2.2.1.2.2.2.2.2.2.2.1.2.2.2",0.53094630766692,FALSE,TRUE,38
"2.2.2.2.2.2.2.2.2.2.1.2.2.2.2.2.2.2.2.1.2.2",0.551094973559555,FALSE,TRUE,39
"2.2.2.2.2.2.2.2.2.2.1.2.2.2.2.2.2.2.2.2.1.2",0.572873176629725,FALSE,TRUE,39
"2.2.2.2.2.2.2.2.2.2.1.2.2.2.2.2.2.2.2.2.2.1",0.517676655368784,FALSE,TRUE,39
"3.2.2.2.2.2.2.2.2.2.3.3.2.1.2.2.2.1.1.1.2.2",0.501002890215239,FALSE,TRUE,38
"2.3.2.2.2.2.2.2.2.2.3.3.2.1.2.2.2.1.1.1.2.2",0.455073004440116,FALSE,TRUE,38
"2.2.3.2.2.2.2.2.2.2.3.3.2.1.2.2.2.1.1.1.2.2",0.455523508481542,FALSE,TRUE,38
"2.2.2.3.2.2.2.2.2.2.3.3.2.1.2.2.2.1.1.1.2.2",0.496438111360335,FALSE,TRUE,38
"2.2.2.2.3.2.2.2.2.2.3.3.2.1.2.2.2.1.1.1.2.2",0.459500734719376,FALSE,TRUE,38
"2.2.2.2.2.3.2.2.2.2.3.3.2.1.2.2.2.1.1.1.2.2",0.509007707118718,FALSE,TRUE,38
"2.2.2.2.2.2.3.2.2.2.3.3.2.1.2.2.2.1.1.1.2.2",0.546833386041911,FALSE,TRUE,38
"2.2.2.2.2.2.2.3.2.2.3.3.2.1.2.2.2.1.1.1.2.2",0.570766171870931,FALSE,TRUE,38
"2.2.2.2.2.2.2.2.3.2.3.3.2.1.2.2.2.1.1.1.2.2",0.520143585574499,FALSE,TRUE,38
"2.2.2.2.2.2.2.2.2.3.3.3.2.1.2.2.2.1.1.1.2.2",0.520729631754943,FALSE,TRUE,38
"2.2.2.2.2.2.2.2.2.2.4.3.2.1.2.2.2.1.1.1.2.2",0.459232837896723,FALSE,TRUE,38
"2.2.2.2.2.2.2.2.2.2.3.4.2.1.2.2.2.1.1.1.2.2",0.495462750970937,FALSE,TRUE,38
"2.2.2.2.2.2.2.2.2.2.3.3.3.1.2.2.2.1.1.1.2.2",0.442706100583654,FALSE,TRUE,38
"2.2.2.2.2.2.2.2.2.2.3.3.2.2.2.2.2.1.1.1.2.2",0.489635474436051,FALSE,TRUE,37
"2.2.2.2.2.2.2.2.2.2.3.3.2.1.3.2.2.1.1.1.2.2",0.538528988631512,FALSE,TRUE,38
"2.2.2.2.2.2.2.2.2.2.3.3.2.1.2.3.2.1.1.1.2.2",0.492504676712471,FALSE,TRUE,38
"2.2.2.2.2.2.2.2.2.2.3.3.2.1.2.2.3.1.1.1.2.2",0.471000803413978,FALSE,TRUE,38
"2.2.2.2.2.2.2.2.2.2.3.3.2.1.2.2.2.2.1.1.2.2",0.539093716584199,FALSE,TRUE,39
"2.2.2.2.2.2.2.2.2.2.3.3.2.1.2.2.2.1.2.1.2.2",0.503977316751414,FALSE,TRUE,39
"2.2.2.2.2.2.2.2.2.2.3.3.2.1.2.2.2.1.1.1.3.2",0.453471480791589,FALSE,TRUE,38
"2.2.2.2.2.2.2.2.2.2.3.3.2.1.2.2.2.1.1.1.2.3",0.531207421869045,FALSE,TRUE,38
"1.2.2.2.2.2.2.2.2.2.3.3.2.1.2.2.2.1.1.1.2.2",0.463296697267227,FALSE,TRUE,36
"2.1.2.2.2.2.2.2.2.2.3.3.2.1.2.2.2.1.1.1.2.2",0.517985730648314,FALSE,TRUE,37
"2.2.1.2.2.2.2.2.2.2.3.3.2.1.2.2.2.1.1.1.2.2",0.512901159633484,FALSE,TRUE,37
"2.2.2.1.2.2.2.2.2.2.3.3.2.1.2.2.2.1.1.1.2.2",0.4762664827466,FALSE,TRUE,37
"2.2.2.2.1.2.2.2.2.2.3.3.2.1.2.2.2.1.1.1.2.2",0.505337508844067,FALSE,TRUE,37
"2.2.2.2.2.1.2.2.2.2.3.3.2.1.2.2.2.1.1.1.2.2",0.461874965419037,FALSE,TRUE,37
"2.2.2.2.2.2.1.2.2.2.3.3.2.1.2.2.2.1.1.1.2.2",0.424761693017698,FALSE,TRUE,37
"2.2.2.2.2.2.2.1.2.2.3.3.2.1.2.2.2.1.1.1.2.2",0.393378830782665,FALSE,TRUE,37
"2.2.2.2.2.2.2.2.1.2.3.3.2.1.2.2.2.1.1.1.2.2",0.45572756693014,FALSE,TRUE,37
"2.2.2.2.2.2.2.2.2.1.3.3.2.1.2.2.2.1.1.1.2.2",0.445452056193975,FALSE,TRUE,37
"2.2.2.2.2.2.2.2.2.2.2.3.2.1.2.2.2.1.1.1.2.2",0.508975452057692,FALSE,TRUE,35
"2.2.2.2.2.2.2.2.2.2.3.3.1.1.2.2.2.1.1.1.2.2",0.53033253342272,FALSE,TRUE,37
"2.2.2.2.2.2.2.2.2.2.3.3.2.1.1.2.2.1.1.1.2.2",0.423677783268315,FALSE,TRUE,37
"2.2.2.2.2.2.2.2.2.2.3.3.2.1.2.1.2.1.1.1.2.2",0.471017684018603,FALSE,TRUE,37
"2.2.2.2.2.2.2.2.2.2.3.3.2.1.2.2.1.1.1.1.2.2",0.495636656915308,FALSE,TRUE,35
"2.2.2.2.2.2.2.2.2.2.3.3.2.1.2.2.2.1.1.1.1.2",0.524034491117714,FALSE,TRUE,37
"2.2.2.2.2.2.2.2.2.2.3.3.2.1.2.2.2.1.1.1.2.1",0.433230899845176,FALSE,TRUE,37
"3.2.2.2.3.2.2.2.2.2.2.2.2.2.2.2.2.2.2.2.2.2",0.517098053321289,FALSE,TRUE,41
"2.3.2.2.3.2.2.2.2.2.2.2.2.2.2.2.2.2.2.2.2.2",0.479379287301793,FALSE,TRUE,41
"2.2.3.2.3.2.2.2.2.2.2.2.2.2.2.2.2.2.2.2.2.2",0.494010588609258,FALSE,TRUE,41
"2.2.2.3.3.2.2.2.2.2.2.2.2.2.2.2.2.2.2.2.2.2",0.520792636789856,FALSE,TRUE,41
"2.2.2.2.4.2.2.2.2.2.2.2.2.2.2.2.2.2.2.2.2.2",0.488808102079547,FALSE,TRUE,42
"2.2.2.2.3.3.2.2.2.2.2.2.2.2.2.2.2.2.2.2.2.2",0.546945239371582,FALSE,TRUE,41
"2.2.2.2.3.2.3.2.2.2.2.2.2.2.2.2.2.2.2.2.2.2",0.550230119200281,FALSE,TRUE,41
"2.2.2.2.3.2.2.3.2.2.2.2.2.2.2.2.2.2.2.2.2.2",0.593983019648642,FALSE,TRUE,41
"2.2.2.2.3.2.2.2.3.2.2.2.2.2.2.2.2.2.2.2.2.2",0.543070957476639,FALSE,TRUE,41
"2.2.2.2.3.2.2.2.2.3.2.2.2.2.2.2.2.2.2.2.2.2",0.534792666787803,FALSE,TRUE,41
"2.2.2.2.3.2.2.2.2.2.3.2.2.2.2.2.2.2.2.2.2.2",0.503025127427899,FALSE,TRUE,41
"2.2.2.2.3.2.2.2.2.2.2.3.2.2.2.2.2.2.2.2.2.2",0.528682080883392,FALSE,TRUE,41
"2.2.2.2.3.2.2.2.2.2.2.2.3.2.2.2.2.2.2.2.2.2",0.482714649028043,FALSE,TRUE,41
"2.2.2.2.3.2.2.2.2.2.2.2.2.3.2.2.2.2.2.2.2.2",0.515066460699956,FALSE,TRUE,41
"2.2.2.2.3.2.2.2.2.2.2.2.2.2.3.2.2.2.2.2.2.2",0.572981933519106,FALSE,TRUE,41
"2.2.2.2.3.2.2.2.2.2.2.2.2.2.2.3.2.2.2.2.2.2",0.52307332361387,FALSE,TRUE,41
"2.2.2.2.3.2.2.2.2.2.2.2.2.2.2.2.3.2.2.2.2.2",0.510536030340482,FALSE,TRUE,41
"2.2.2.2.3.2.2.2.2.2.2.2.2.2.2.2.2.3.2.2.2.2",0.540672783816789,FALSE,TRUE,42
"2.2.2.2.3.2.2.2.2.2.2.2.2.2.2.2.2.2.3.2.2.2",0.533477669859166,FALSE,TRUE,41
"2.2.2.2.3.2.2.2.2.2.2.2.2.2.2.2.2.2.2.3.2.2",0.506424450721875,FALSE,TRUE,41
"2.2.2.2.3.2.2.2.2.2.2.2.2.2.2.2.2.2.2.2.3.2",0.494718389662765,FALSE,TRUE,41
"2.2.2.2.3.2.2.2.2.2.2.2.2.2.2.2.2.2.2.2.2.3",0.551174011341452,FALSE,TRUE,41
"1.2.2.2.3.2.2.2.2.2.2.2.2.2.2.2.2.2.2.2.2.2",0.509327708687899,FALSE,TRUE,40
"2.1.2.2.3.2.2.2.2.2.2.2.2.2.2.2.2.2.2.2.2.2",0.55798185374069,FALSE,TRUE,40
"2.2.1.2.3.2.2.2.2.2.2.2.2.2.2.2.2.2.2.2.2.2",0.541258339302084,FALSE,TRUE,39
"2.2.2.1.3.2.2.2.2.2.2.2.2.2.2.2.2.2.2.2.2.2",0.515522664034963,FALSE,TRUE,40
"2.2.2.2.3.1.2.2.2.2.2.2.2.2.2.2.2.2.2.2.2.2",0.488577781336258,FALSE,TRUE,40
"2.2.2.2.3.2.1.2.2.2.2.2.2.2.2.2.2.2.2.2.2.2",0.481412873424589,FALSE,TRUE,40
"2.2.2.2.3.2.2.1.2.2.2.2.2.2.2.2.2.2.2.2.2.2",0.431823118601224,FALSE,TRUE,40
"2.2.2.2.3.2.2.2.1.2.2.2.2.2.2.2.2.2.2.2.2.2",0.493435361684968,FALSE,TRUE,40
"2.2.2.2.3.2.2.2.2.1.2.2.2.2.2.2.2.2.2.2.2.2",0.490585874223859,FALSE,TRUE,40
"2.2.2.2.3.2.2.2.2.2.2.1.2.2.2.2.2.2.2.2.2.2",0.503103166246129,FALSE,TRUE,40
"2.2.2.2.3.2.2.2.2.2.2.2.1.2.2.2.2.2.2.2.2.2",0.558844321329525,FALSE,TRUE,40
"2.2.2.2.3.2.2.2.2.2.2.2.2.1.2.2.2.2.2.2.2.2",0.525797154954126,FALSE,TRUE,40
"2.2.2.2.3.2.2.2.2.2.2.2.2.2.1.2.2.2.2.2.2.2",0.454223129332131,FALSE,TRUE,40
"2.2.2.2.3.2.2.2.2.2.2.2.2.2.2.1.2.2.2.2.2.2",0.50237489996234,FALSE,TRUE,40
"2.2.2.2.3.2.2.2.2.2.2.2.2.2.2.2.1.2.2.2.2.2",0.523691828981587,FALSE,TRUE,40
"2.2.2.2.3.2.2.2.2.2.2.2.2.2.2.2.2.2.1.2.2.2",0.495953590764488,FALSE,TRUE,40
"2.2.2.2.3.2.2.2.2.2.2.2.2.2.2.2.2.2.2.1.2.2",0.528254733728413,FALSE,TRUE,40
"2.2.2.2.3.2.2.2.2.2.2.2.2.2.2.2.2.2.2.2.1.2",0.545985904564178,FALSE,TRUE,40
"2.2.2.2.3.2.2.2.2.2.2.2.2.2.2.2.2.2.2.2.2.1",0.479030598583687,FALSE,TRUE,40
"3.2.2.2.3.2.2.2.1.2.2.2.2.2.2.2.3.1.1.2.2.2",0.402847254497952,FALSE,TRUE,38
"2.3.2.2.3.2.2.2.1.2.2.2.2.2.2.2.3.1.1.2.2.2",0.384168737740138,FALSE,TRUE,39
"2.2.3.2.3.2.2.2.1.2.2.2.2.2.2.2.3.1.1.2.2.2",0.369777422064592,FALSE,TRUE,38
"2.2.2.3.3.2.2.2.1.2.2.2.2.2.2.2.3.1.1.2.2.2",0.401462530606097,FALSE,TRUE,38
"2.2.2.2.4.2.2.2.1.2.2.2.2.2.2.2.3.1.1.2.2.2",0.362648422516504,FALSE,TRUE,39
"2.2.2.2.3.3.2.2.1.2.2.2.2.2.2.2.3.1.1.2.2.2",0.436740227594312,FALSE,TRUE,38
"2.2.2.2.3.2.3.2.1.2.2.2.2.2.2.2.3.1.1.2.2.2",0.45674205237826,FALSE,TRUE,38
"2.2.2.2.3.2.2.3.1.2.2.2.2.2.2.2.3.1.1.2.2.2",0.491375415751862,FALSE,TRUE,38
"2.2.2.2.3.2.2.2.2.2.2.2.2.2.2.2.3.1.1.2.2.2",0.435575892187262,FALSE,TRUE,37
"2.2.2.2.3.2.2.2.1.3.2.2.2.2.2.2.3.1.1.2.2.2",0.44819434617941,FALSE,TRUE,38
"2.2.2.2.3.2.2.2.1.2.3.2.2.2.2.2.3.1.1.2.2.2",0.392767305699839,FALSE,TRUE,38
"2.2.2.2.3.2.2.2.1.2.2.3.2.2.2.2.3.1.1.2.2.2",0.420977008823878,FALSE,TRUE,38
"2.2.2.2.3.2.2.2.1.2.2.2.3.2.2.2.3.1.1.2.2.2",0.360109596263073,FALSE,TRUE,38
"2.2.2.2.3.2.2.2.1.2.2.2.2.3.2.2.3.1.1.2.2.2",0.401841787497208,FALSE,TRUE,38
"2.2.2.2.3.2.2.2.1.2.2.2.2.2.3.2.3.1.1.2.2.2",0.465819179854678,FALSE,TRUE,38
"2.2.2.2.3.2.2.2.1.2.2.2.2.2.2.3.3.1.1.2.2.2",0.400074987164293,FALSE,TRUE,38
"2.2.2.2.3.2.2.2.1.2.2.2.2.2.2.2.3.2.1.2.2.2",0.44164802214267,FALSE,TRUE,39
"2.2.2.2.3.2.2.2.1.2.2.2.2.2.2.2.3.1.2.2.2.2",0.434288086291422,FALSE,TRUE,37
"2.2.2.2.3.2.2.2.1.2.2.2.2.2.2.2.3.1.1.3.2.2",0.413656154107325,FALSE,TRUE,38
"2.2.2.2.3.2.2.2.1.2.2.2.2.2.2.2.3.1.1.2.3.2",0.371806286938968,FALSE,TRUE,38
"2.2.2.2.3.2.2.2.1.2.2.2.2.2.2.2.3.1.1.2.2.3",0.436587731434826,FALSE,TRUE,38
"1.2.2.2.3.2.2.2.1.2.2.2.2.2.2.2.3.1.1.2.2.2",0.386143395421598,FALSE,TRUE,37
"2.2.1.2.3.2.2.2.1.2.2.2.2.2.2.2.3.1.1.2.2.2",0.428696665498421,FALSE,TRUE,37
"2.2.2.1.3.2.2.2.1.2.2.2.2.2.2.2.3.1.1.2.2.2",0.398675885326482,FALSE,TRUE,37
"2.2.2.2.3.1.2.2.1.2.2.2.2.2.2.2.3.1.1.2.2.2",0.366464791195022,FALSE,TRUE,37
"2.2.2.2.3.2.1.2.1.2.2.2.2.2.2.2.3.1.1.2.2.2",0.341458019335636,FALSE,TRUE,36
"2.2.2.2.3.2.2.1.1.2.2.2.2.2.2.2.3.1.1.2.2.2",0.302378512432106,FALSE,TRUE,37
"2.2.2.2.3.2.2.2.1.1.2.2.2.2.2.2.3.1.1.2.2.2",0.343214231062868,FALSE,TRUE,37
"2.2.2.2.3.2.2.2.1.2.1.2.2.2.2.2.3.1.1.2.2.2",0.405787285642625,FALSE,TRUE,37
"2.2.2.2.3.2.2.2.1.2.2.1.2.2.2.2.3.1.1.2.2.2",0.37677193888707,FALSE,TRUE,37
"2.2.2.2.3.2.2.2.1.2.2.2.1.2.2.2.3.1.1.2.2.2",0.445842550535761,FALSE,TRUE,37
"2.2.2.2.3.2.2.2.1.2.2.2.2.1.2.2.3.1.1.2.2.2",0.401596626278656,FALSE,TRUE,37
"2.2.2.2.3.2.2.2.1.2.2.2.2.2.1.2.3.1.1.2.2.2",0.326947089160089,FALSE,TRUE,37
"2.2.2.2.3.2.2.2.1.2.2.2.2.2.2.1.3.1.1.2.2.2",0.390570401915993,FALSE,TRUE,36
"2.2.2.2.3.2.2.2.1.2.2.2.2.2.2.2.3.1.1.1.2.2",0.389753108184064,FALSE,TRUE,37
"2.2.2.2.3.2.2.2.1.2.2.2.2.2.2.2.3.1.1.2.1.2",0.43791130319896,FALSE,TRUE,37
"2.2.2.2.3.2.2.2.1.2.2.2.2.2.2.2.3.1.1.2.2.1",0.358549818497978,FALSE,TRUE,37
"4.2.2.1.2.2.2.2.2.2.2.2.2.1.2.2.1.1.1.2.2.2",0.491386941409062,FALSE,TRUE,38
"3.3.2.1.2.2.2.2.2.2.2.2.2.1.2.2.1.1.1.2.2.2",0.434507496160485,FALSE,TRUE,37
"3.2.3.1.2.2.2.2.2.2.2.2.2.1.2.2.1.1.1.2.2.2",0.454238475397959,FALSE,TRUE,37
"3.2.2.1.3.2.2.2.2.2.2.2.2.1.2.2.1.1.1.2.2.2",0.477894391645586,FALSE,TRUE,37
"3.2.2.1.2.3.2.2.2.2.2.2.2.1.2.2.1.1.1.2.2.2",0.522936661183084,FALSE,TRUE,36
"3.2.2.1.2.2.3.2.2.2.2.2.2.1.2.2.1.1.1.2.2.2",0.547884457183194,FALSE,TRUE,37
"3.2.2.1.2.2.2.3.2.2.2.2.2.1.2.2.1.1.1.2.2.2",0.588265820930534,FALSE,TRUE,37
"3.2.2.1.2.2.2.2.3.2.2.2.2.1.2.2.1.1.1.2.2.2",0.509883854827415,FALSE,TRUE,37
"3.2.2.1.2.2.2.2.2.3.2.2.2.1.2.2.1.1.1.2.2.2",0.516374887906364,FALSE,TRUE,37
"3.2.2.1.2.2.2.2.2.2.3.2.2.1.2.2.1.1.1.2.2.2",0.482447406527715,FALSE,TRUE,37
"3.2.2.1.2.2.2.2.2.2.2.3.2.1.2.2.1.1.1.2.2.2",0.515145427141186,FALSE,TRUE,37
"3.2.2.1.2.2.2.2.2.2.2.2.3.1.2.2.1.1.1.2.2.2",0.442544500221978,FALSE,TRUE,37
"3.2.2.1.2.2.2.2.2.2.2.2.2.2.2.2.1.1.1.2.2.2",0.484542011682543,FALSE,TRUE,38
"3.2.2.1.2.2.2.2.2.2.2.2.2.1.3.2.1.1.1.2.2.2",0.536003053435139,FALSE,TRUE,37
"3.2.2.1.2.2.2.2.2.2.2.2.2.1.2.3.1.1.1.2.2.2",0.495705997909269,FALSE,TRUE,37
"3.2.2.1.2.2.2.2.2.2.2.2.2.1.2.2.2.1.1.2.2.2",0.480544196786076,FALSE,TRUE,37
"3.2.2.1.2.2.2.2.2.2.2.2.2.1.2.2.1.2.1.2.2.2",0.549217361154925,FALSE,TRUE,38
"3.2.2.1.2.2.2.2.2.2.2.2.2.1.2.2.1.1.2.2.2.2",0.494422361359018,FALSE,TRUE,38
"3.2.2.1.2.2.2.2.2.2.2.2.2.1.2.2.1.1.1.3.2.2",0.47608927935307,FALSE,TRUE,37
"3.2.2.1.2.2.2.2.2.2.2.2.2.1.2.2.1.1.1.2.3.2",0.453708221745975,FALSE,TRUE,37
"3.2.2.1.2.2.2.2.2.2.2.2.2.1.2.2.1.1.1.2.2.3",0.523217383070261,FALSE,TRUE,37
"3.1.2.1.2.2.2.2.2.2.2.2.2.1.2.2.1.1.1.2.2.2",0.54181324809696,FALSE,TRUE,36
"3.2.2.1.1.2.2.2.2.2.2.2.2.1.2.2.1.1.1.2.2.2",0.496867210041437,FALSE,TRUE,36
"3.2.2.1.2.1.2.2.2.2.2.2.2.1.2.2.1.1.1.2.2.2",0.456476031624378,FALSE,TRUE,36
"3.2.2.1.2.2.1.2.2.2.2.2.2.1.2.2.1.1.1.2.2.2",0.428044397695034,FALSE,TRUE,36
"3.2.2.1.2.2.2.1.2.2.2.2.2.1.2.2.1.1.1.2.2.2",0.384398666987119,FALSE,TRUE,36
"3.2.2.1.2.2.2.2.1.2.2.2.2.1.2.2.1.1.1.2.2.2",0.4710631492893,FALSE,TRUE,36
"3.2.2.1.2.2.2.2.2.1.2.2.2.1.2.2.1.1.1.2.2.2",0.45662724263127,FALSE,TRUE,36
"3.2.2.1.2.2.2.2.2.2.1.2.2.1.2.2.1.1.1.2.2.2",0.493851813554468,FALSE,TRUE,36
"3.2.2.1.2.2.2.2.2.2.2.1.2.1.2.2.1.1.1.2.2.2",0.45882882431617,FALSE,TRUE,36
"3.2.2.1.2.2.2.2.2.2.2.2.1.1.2.2.1.1.1.2.2.2",0.540624850279818,FALSE,TRUE,36
"3.2.2.1.2.2.2.2.2.2.2.2.2.1.1.2.1.1.1.2.2.2",0.437255805445868,FALSE,TRUE,36
"3.2.2.1.2.2.2.2.2.2.2.2.2.1.2.1.1.1.1.2.2.2",0.47638124684,FALSE,TRUE,36
"3.2.2.1.2.2.2.2.2.2.2.2.2.1.2.2.1.1.1.1.2.2",0.49685250756142,FALSE,TRUE,35
"3.2.2.1.2.2.2.2.2.2.2.2.2.1.2.2.1.1.1.2.1.2",0.528951847307596,FALSE,TRUE,35
"3.2.2.1.2.2.2.2.2.2.2.2.2.1.2.2.1.1.1.2.2.1",0.450010302367046,FALSE,TRUE,35
"3.2.2.2.2.2.2.3.2.2.2.2.2.1.2.2.1.1.1.1.2.2",0.593460921603541,FALSE,TRUE,37
"2.3.2.2.2.2.2.3.2.2.2.2.2.1.2.2.1.1.1.1.2.2",0.542386634102599,FALSE,TRUE,37
"2.2.3.2.2.2.2.3.2.2.2.2.2.1.2.2.1.1.1.1.2.2",0.546655170764921,FALSE,TRUE,37
"2.2.2.3.2.2.2.3.2.2.2.2.2.1.2.2.1.1.1.1.2.2",0.578242591532933,FALSE,TRUE,37
"2.2.2.2.3.2.2.3.2.2.2.2.2.1.2.2.1.1.1.1.2.2",0.554906157756794,FALSE,TRUE,37
"2.2.2.2.2.3.2.3.2.2.2.2.2.1.2.2.1.1.1.1.2.2",0.607667549853442,FALSE,TRUE,36
"2.2.2.2.2.2.3.3.2.2.2.2.2.1.2.2.1.1.1.1.2.2",0.640834937226404,FALSE,TRUE,37
"2.2.2.2.2.2.2.4.2.2.2.2.2.1.2.2.1.1.1.1.2.2",0.647075343747002,FALSE,TRUE,38
"2.2.2.2.2.2.2.3.3.2.2.2.2.1.2.2.1.1.1.1.2.2",0.611920815412832,FALSE,TRUE,37
"2.2.2.2.2.2.2.3.2.3.2.2.2.1.2.2.1.1.1.1.2.2",0.619466994853758,FALSE,TRUE,37
"2.2.2.2.2.2.2.3.2.2.3.2.2.1.2.2.1.1.1.1.2.2",0.551053292732872,FALSE,TRUE,37
"2.2.2.2.2.2.2.3.2.2.2.3.2.1.2.2.1.1.1.1.2.2",0.604889980289106,FALSE,TRUE,37
"2.2.2.2.2.2.2.3.2.2.2.2.3.1.2.2.1.1.1.1.2.2",0.534791421514174,FALSE,TRUE,37
"2.2.2.2.2.2.2.3.2.2.2.2.2.2.2.2.1.1.1.1.2.2",0.575221811855627,FALSE,TRUE,36
"2.2.2.2.2.2.2.3.2.2.2.2.2.1.3.2.1.1.1.1.2.2",0.633794608636895,FALSE,TRUE,37
"2.2.2.2.2.2.2.3.2.2.2.2.2.1.2.3.1.1.1.1.2.2",0.60512784460673,FALSE,TRUE,37
"2.2.2.2.2.2.2.3.2.2.2.2.2.1.2.2.2.1.1.1.2.2",0.579919177523735,FALSE,TRUE,35
"2.2.2.2.2.2.2.3.2.2.2.2.2.1.2.2.1.2.1.1.2.2",0.633020201594456,FALSE,TRUE,38
"2.2.2.2.2.2.2.3.2.2.2.2.2.1.2.2.1.1.2.1.2.2",0.601401160531642,FALSE,TRUE,36
"2.2.2.2.2.2.2.3.2.2.2.2.2.1.2.2.1.1.1.1.3.2",0.550916071813933,FALSE,TRUE,37
"2.2.2.2.2.2.2.3.2.2.2.2.2.1.2.2.1.1.1.1.2.3",0.636374944421871,FALSE,TRUE,37
"1.2.2.2.2.2.2.3.2.2.2.2.2.1.2.2.1.1.1.1.2.2",0.555444393855678,FALSE,TRUE,36
"2.1.2.2.2.2.2.3.2.2.2.2.2.1.2.2.1.1.1.1.2.2",0.607330329459361,FALSE,TRUE,36
"2.2.1.2.2.2.2.3.2.2.2.2.2.1.2.2.1.1.1.1.2.2",0.605831498985896,FALSE,TRUE,36
"2.2.2.1.2.2.2.3.2.2.2.2.2.1.2.2.1.1.1.1.2.2",0.578190312245162,FALSE,TRUE,35
"2.2.2.2.1.2.2.3.2.2.2.2.2.1.2.2.1.1.1.1.2.2",0.594427009900316,FALSE,TRUE,36
"2.2.2.2.2.1.2.3.2.2.2.2.2.1.2.2.1.1.1.1.2.2",0.544973187141588,FALSE,TRUE,36
"2.2.2.2.2.2.1.3.2.2.2.2.2.1.2.2.1.1.1.1.2.2",0.512372965276585,FALSE,TRUE,36
"2.2.2.2.2.2.2.3.1.2.2.2.2.1.2.2.1.1.1.1.2.2",0.546220844429195,FALSE,TRUE,36
"2.2.2.2.2.2.2.3.2.1.2.2.2.1.2.2.1.1.1.1.2.2",0.529204101969227,FALSE,TRUE,36
"2.2.2.2.2.2.2.3.2.2.1.2.2.1.2.2.1.1.1.1.2.2",0.59981673431886,FALSE,TRUE,36
"2.2.2.2.2.2.2.3.2.2.2.1.2.1.2.2.1.1.1.1.2.2",0.545345475258489,FALSE,TRUE,36
"2.2.2.2.2.2.2.3.2.2.2.2.1.1.2.2.1.1.1.1.2.2",0.621094076633081,FALSE,TRUE,36
"2.2.2.2.2.2.2.3.2.2.2.2.2.1.1.2.1.1.1.1.2.2",0.511819523269848,FALSE,TRUE,36
"2.2.2.2.2.2.2.3.2.2.2.2.2.1.2.1.1.1.1.1.2.2",0.540054616297735,FALSE,TRUE,36
"2.2.2.2.2.2.2.3.2.2.2.2.2.1.2.2.1.1.1.1.1.2",0.605626025450592,FALSE,TRUE,35
"2.2.2.2.2.2.2.3.2.2.2.2.2.1.2.2.1.1.1.1.2.1",0.512220413677578,FALSE,TRUE,35
"3.2.2.2.2.2.2.2.1.2.2.2.2.2.2.1.2.1.1.2.2.2",0.436823093256196,FALSE,TRUE,38
"2.3.2.2.2.2.2.2.1.2.2.2.2.2.2.1.2.1.1.2.2.2",0.383616054183344,FALSE,TRUE,38
"2.2.3.2.2.2.2.2.1.2.2.2.2.2.2.1.2.1.1.2.2.2",0.394289800849966,FALSE,TRUE,38
"2.2.2.3.2.2.2.2.1.2.2.2.2.2.2.1.2.1.1.2.2.2",0.419789421897788,FALSE,TRUE,38
"2.2.2.2.3.2.2.2.1.2.2.2.2.2.2.1.2.1.1.2.2.2",0.40060844544183,FALSE,TRUE,37
"2.2.2.2.2.3.2.2.1.2.2.2.2.2.2.1.2.1.1.2.2.2",0.460528382649097,FALSE,TRUE,38
"2.2.2.2.2.2.3.2.1.2.2.2.2.2.2.1.2.1.1.2.2.2",0.483544084006597,FALSE,TRUE,38
"2.2.2.2.2.2.2.3.1.2.2.2.2.2.2.1.2.1.1.2.2.2",0.50542800133952,FALSE,TRUE,38
"2.2.2.2.2.2.2.2.1.3.2.2.2.2.2.1.2.1.1.2.2.2",0.465567385276613,FALSE,TRUE,38
"2.2.2.2.2.2.2.2.1.2.3.2.2.2.2.1.2.1.1.2.2.2",0.404718302722548,FALSE,TRUE,38
"2.2.2.2.2.2.2.2.1.2.2.3.2.2.2.1.2.1.1.2.2.2",0.456221112530602,FALSE,TRUE,38
"2.2.2.2.2.2.2.2.1.2.2.2.3.2.2.1.2.1.1.2.2.2",0.371896703248509,FALSE,TRUE,38
"2.2.2.2.2.2.2.2.1.2.2.2.2.3.2.1.2.1.1.2.2.2",0.408404055465346,FALSE,TRUE,38
"2.2.2.2.2.2.2.2.1.2.2.2.2.2.3.1.2.1.1.2.2.2",0.485518929231233,FALSE,TRUE,38
"2.2.2.2.2.2.2.2.1.2.2.2.2.2.2.1.2.2.1.2.2.2",0.470638243351015,FALSE,TRUE,39
"2.2.2.2.2.2.2.2.1.2.2.2.2.2.2.1.2.1.2.2.2.2",0.449058127632243,FALSE,TRUE,38
"2.2.2.2.2.2.2.2.1.2.2.2.2.2.2.1.2.1.1.3.2.2",0.418182247142012,FALSE,TRUE,38
"2.2.2.2.2.2.2.2.1.2.2.2.2.2.2.1.2.1.1.2.3.2",0.39833258724746,FALSE,TRUE,38
"2.2.2.2.2.2.2.2.1.2.2.2.2.2.2.1.2.1.1.2.2.3",0.473548784574219,FALSE,TRUE,36
"1.2.2.2.2.2.2.2.1.2.2.2.2.2.2.1.2.1.1.2.2.2",0.400794789441384,FALSE,TRUE,37
"2.1.2.2.2.2.2.2.1.2.2.2.2.2.2.1.2.1.1.2.2.2",0.46094937339514,FALSE,TRUE,37
"2.2.1.2.2.2.2.2.1.2.2.2.2.2.2.1.2.1.1.2.2.2",0.447209163964715,FALSE,TRUE,37
"2.2.2.1.2.2.2.2.1.2.2.2.2.2.2.1.2.1.1.2.2.2",0.424356036995467,FALSE,TRUE,37
"2.2.2.2.1.2.2.2.1.2.2.2.2.2.2.1.2.1.1.2.2.2",0.439603301934781,FALSE,TRUE,36
"2.2.2.2.2.1.2.2.1.2.2.2.2.2.2.1.2.1.1.2.2.2",0.383161619924197,FALSE,TRUE,37
"2.2.2.2.2.2.2.1.1.2.2.2.2.2.2.1.2.1.1.2.2.2",0.331983911247305,FALSE,TRUE,37
"2.2.2.2.2.2.2.2.1.1.2.2.2.2.2.1.2.1.1.2.2.2",0.371400171892192,FALSE,TRUE,37
"2.2.2.2.2.2.2.2.1.2.1.2.2.2.2.1.2.1.1.2.2.2",0.43648247447387,FALSE,TRUE,37
"2.2.2.2.2.2.2.2.1.2.2.1.2.2.2.1.2.1.1.2.2.2",0.382935207251805,FALSE,TRUE,36
"2.2.2.2.2.2.2.2.1.2.2.2.1.2.2.1.2.1.1.2.2.2",0.474350671628377,FALSE,TRUE,37
"2.2.2.2.2.2.2.2.1.2.2.2.2.1.2.1.2.1.1.2.2.2",0.434055496186006,FALSE,TRUE,36
"2.2.2.2.2.2.2.2.1.2.2.2.2.2.1.1.2.1.1.2.2.2",0.351269865005784,FALSE,TRUE,37
"2.2.2.2.2.2.2.2.1.2.2.2.2.2.2.1.1.1.1.2.2.2",0.423145469799246,FALSE,TRUE,37
"2.2.2.2.2.2.2.2.1.2.2.2.2.2.2.1.2.1.1.1.2.2",0.422111828601273,FALSE,TRUE,36
"2.2.2.2.2.2.2.2.1.2.2.2.2.2.2.1.2.1.1.2.1.2",0.450801714576202,FALSE,TRUE,37
"2.2.2.2.2.2.2.2.1.2.2.2.2.2.2.1.2.1.1.2.2.1",0.364088705509838,FALSE,TRUE,37
"3.2.2.2.1.2.2.2.2.2.2.2.2.1.1.2.2.1.1.2.2.2",0.444184849634508,FALSE,TRUE,37
"2.3.2.2.1.2.2.2.2.2.2.2.2.1.1.2.2.1.1.2.2.2",0.371138435876394,FALSE,TRUE,37
"2.2.3.2.1.2.2.2.2.2.2.2.2.1.1.2.2.1.1.2.2.2",0.397097279949533,FALSE,TRUE,37
"2.2.2.3.1.2.2.2.2.2.2.2.2.1.1.2.2.1.1.2.2.2",0.439735264986445,FALSE,TRUE,37
"2.2.2.2.1.3.2.2.2.2.2.2.2.1.1.2.2.1.1.2.2.2",0.456242131218844,FALSE,TRUE,37
"2.2.2.2.1.2.3.2.2.2.2.2.2.1.1.2.2.1.1.2.2.2",0.486793078841148,FALSE,TRUE,37
"2.2.2.2.1.2.2.3.2.2.2.2.2.1.1.2.2.1.1.2.2.2",0.532184048716295,FALSE,TRUE,37
"2.2.2.2.1.2.2.2.3.2.2.2.2.1.1.2.2.1.1.2.2.2",0.458042922718188,FALSE,TRUE,37
"2.2.2.2.1.2.2.2.2.3.2.2.2.1.1.2.2.1.1.2.2.2",0.46107617343784,FALSE,TRUE,37
"2.2.2.2.1.2.2.2.2.2.3.2.2.1.1.2.2.1.1.2.2.2",0.42323357312908,FALSE,TRUE,36
"2.2.2.2.1.2.2.2.2.2.2.3.2.1.1.2.2.1.1.2.2.2",0.456378190224516,FALSE,TRUE,37
"2.2.2.2.1.2.2.2.2.2.2.2.3.1.1.2.2.1.1.2.2.2",0.372190667997121,FALSE,TRUE,37
"2.2.2.2.1.2.2.2.2.2.2.2.2.2.1.2.2.1.1.2.2.2",0.425532046400903,FALSE,TRUE,36
"2.2.2.2.1.2.2.2.2.2.2.2.2.1.1.3.2.1.1.2.2.2",0.430524298077098,FALSE,TRUE,37
"2.2.2.2.1.2.2.2.2.2.2.2.2.1.1.2.3.1.1.2.2.2",0.410087991102102,FALSE,TRUE,37
"2.2.2.2.1.2.2.2.2.2.2.2.2.1.1.2.2.2.1.2.2.2",0.483694944898446,FALSE,TRUE,38
"2.2.2.2.1.2.2.2.2.2.2.2.2.1.1.2.2.1.2.2.2.2",0.442672891603471,FALSE,TRUE,38
"2.2.2.2.1.2.2.2.2.2.2.2.2.1.1.2.2.1.1.3.2.2",0.424182131480735,FALSE,TRUE,37
"2.2.2.2.1.2.2.2.2.2.2.2.2.1.1.2.2.1.1.2.3.2",0.385710092105639,FALSE,TRUE,37
"2.2.2.2.1.2.2.2.2.2.2.2.2.1.1.2.2.1.1.2.2.3",0.455760035055076,FALSE,TRUE,36
"1.2.2.2.1.2.2.2.2.2.2.2.2.1.1.2.2.1.1.2.2.2",0.40513674358234,FALSE,TRUE,36
"2.1.2.2.1.2.2.2.2.2.2.2.2.1.1.2.2.1.1.2.2.2",0.475684200502226,FALSE,TRUE,36
"2.2.1.2.1.2.2.2.2.2.2.2.2.1.1.2.2.1.1.2.2.2",0.453042662455565,FALSE,TRUE,36
"2.2.2.1.1.2.2.2.2.2.2.2.2.1.1.2.2.1.1.2.2.2",0.412807510757624,FALSE,TRUE,36
"2.2.2.2.1.1.2.2.2.2.2.2.2.1.1.2.2.1.1.2.2.2",0.394216691979155,FALSE,TRUE,36
"2.2.2.2.1.2.1.2.2.2.2.2.2.1.1.2.2.1.1.2.2.2",0.362099785136178,FALSE,TRUE,36
"2.2.2.2.1.2.2.1.2.2.2.2.2.1.1.2.2.1.1.2.2.2",0.313348855574646,FALSE,TRUE,36
"2.2.2.2.1.2.2.2.1.2.2.2.2.1.1.2.2.1.1.2.2.2",0.396016600995642,FALSE,TRUE,36
"2.2.2.2.1.2.2.2.2.1.2.2.2.1.1.2.2.1.1.2.2.2",0.387095778789022,FALSE,TRUE,36
"2.2.2.2.1.2.2.2.2.2.1.2.2.1.1.2.2.1.1.2.2.2",0.426848350364035,FALSE,TRUE,36
"2.2.2.2.1.2.2.2.2.2.2.1.2.1.1.2.2.1.1.2.2.2",0.389721402759241,FALSE,TRUE,36
"2.2.2.2.1.2.2.2.2.2.2.2.1.1.1.2.2.1.1.2.2.2",0.484546343448225,FALSE,TRUE,36
"2.2.2.2.1.2.2.2.2.2.2.2.2.1.1.1.2.1.1.2.2.2",0.412800535315855,FALSE,TRUE,36
"2.2.2.2.1.2.2.2.2.2.2.2.2.1.1.2.1.1.1.2.2.2",0.438403364648189,FALSE,TRUE,35
"2.2.2.2.1.2.2.2.2.2.2.2.2.1.1.2.2.1.1.1.2.2",0.422879859788184,FALSE,TRUE,36
"2.2.2.2.1.2.2.2.2.2.2.2.2.1.1.2.2.1.1.2.1.2",0.466408037986682,FALSE,TRUE,36
"2.2.2.2.1.2.2.2.2.2.2.2.2.1.1.2.2.1.1.2.2.1",0.388087470191326,FALSE,TRUE,36
"1.3.2.2.2.2.2.2.2.2.3.2.2.1.2.2.2.1.1.2.2.2",0.398577114478295,FALSE,TRUE,38
"1.2.3.2.2.2.2.2.2.2.3.2.2.1.2.2.2.1.1.2.2.2",0.42191993337704,FALSE,TRUE,38
"1.2.2.3.2.2.2.2.2.2.3.2.2.1.2.2.2.1.1.2.2.2",0.451778073927993,FALSE,TRUE,38
"1.2.2.2.3.2.2.2.2.2.3.2.2.1.2.2.2.1.1.2.2.2",0.415501572795933,FALSE,TRUE,38
"1.2.2.2.2.3.2.2.2.2.3.2.2.1.2.2.2.1.1.2.2.2",0.449714195238178,FALSE,TRUE,38
"1.2.2.2.2.2.3.2.2.2.3.2.2.1.2.2.2.1.1.2.2.2",0.501214501849605,FALSE,TRUE,38
"1.2.2.2.2.2.2.3.2.2.3.2.2.1.2.2.2.1.1.2.2.2",0.516940700017743,FALSE,TRUE,38
"1.2.2.2.2.2.2.2.3.2.3.2.2.1.2.2.2.1.1.2.2.2",0.476583788670826,FALSE,TRUE,38
"1.2.2.2.2.2.2.2.2.3.3.2.2.1.2.2.2.1.1.2.2.2",0.46886214663273,FALSE,TRUE,38
"1.2.2.2.2.2.2.2.2.2.4.2.2.1.2.2.2.1.1.2.2.2",0.408960816076299,FALSE,TRUE,38
"1.2.2.2.2.2.2.2.2.2.3.2.3.1.2.2.2.1.1.2.2.2",0.392168211257134,FALSE,TRUE,38
"1.2.2.2.2.2.2.2.2.2.3.2.2.2.2.2.2.1.1.2.2.2",0.443884656168085,FALSE,TRUE,38
"1.2.2.2.2.2.2.2.2.2.3.2.2.1.3.2.2.1.1.2.2.2",0.488965842148456,FALSE,TRUE,38
"1.2.2.2.2.2.2.2.2.2.3.2.2.1.2.3.2.1.1.2.2.2",0.448810522217427,FALSE,TRUE,38
"1.2.2.2.2.2.2.2.2.2.3.2.2.1.2.2.3.1.1.2.2.2",0.427333849822245,FALSE,TRUE,38
"1.2.2.2.2.2.2.2.2.2.3.2.2.1.2.2.2.2.1.2.2.2",0.486032777590035,FALSE,TRUE,39
"1.2.2.2.2.2.2.2.2.2.3.2.2.1.2.2.2.1.2.2.2.2",0.448804239405806,FALSE,TRUE,39
"1.2.2.2.2.2.2.2.2.2.3.2.2.1.2.2.2.1.1.3.2.2",0.425515404364001,FALSE,TRUE,38
"1.2.2.2.2.2.2.2.2.2.3.2.2.1.2.2.2.1.1.2.3.2",0.406653802080042,FALSE,TRUE,38
"1.2.2.2.2.2.2.2.2.2.3.2.2.1.2.2.2.1.1.2.2.3",0.483299657152737,FALSE,TRUE,38
"1.1.2.2.2.2.2.2.2.2.3.2.2.1.2.2.2.1.1.2.2.2",0.475282456042397,FALSE,TRUE,37
"1.2.1.2.2.2.2.2.2.2.3.2.2.1.2.2.2.1.1.2.2.2",0.450075054561625,FALSE,TRUE,37
"1.2.2.1.2.2.2.2.2.2.3.2.2.1.2.2.2.1.1.2.2.2",0.422410435300609,FALSE,TRUE,37
"1.2.2.2.1.2.2.2.2.2.3.2.2.1.2.2.2.1.1.2.2.2",0.454392178587495,FALSE,TRUE,36
"1.2.2.2.2.1.2.2.2.2.3.2.2.1.2.2.2.1.1.2.2.2",0.421437098271598,FALSE,TRUE,37
"1.2.2.2.2.2.1.2.2.2.3.2.2.1.2.2.2.1.1.2.2.2",0.371044650908633,FALSE,TRUE,37
"1.2.2.2.2.2.2.1.2.2.3.2.2.1.2.2.2.1.1.2.2.2",0.349609546597634,FALSE,TRUE,37
"1.2.2.2.2.2.2.2.1.2.3.2.2.1.2.2.2.1.1.2.2.2",0.400455575477856,FALSE,TRUE,37
"1.2.2.2.2.2.2.2.2.1.3.2.2.1.2.2.2.1.1.2.2.2",0.399608746436174,FALSE,TRUE,37
"1.2.2.2.2.2.2.2.2.2.3.1.2.1.2.2.2.1.1.2.2.2",0.412847401603417,FALSE,TRUE,37
"1.2.2.2.2.2.2.2.2.2.3.2.1.1.2.2.2.1.1.2.2.2",0.48471535661092,FALSE,TRUE,37
"1.2.2.2.2.2.2.2.2.2.3.2.2.1.1.2.2.1.1.2.2.2",0.377855440986033,FALSE,TRUE,37
"1.2.2.2.2.2.2.2.2.2.3.2.2.1.2.1.2.1.1.2.2.2",0.41955088395954,FALSE,TRUE,37
"1.2.2.2.2.2.2.2.2.2.3.2.2.1.2.2.1.1.1.2.2.2",0.444484484526927,FALSE,TRUE,35
"1.2.2.2.2.2.2.2.2.2.3.2.2.1.2.2.2.1.1.1.2.2",0.443861336924413,FALSE,TRUE,35
"1.2.2.2.2.2.2.2.2.2.3.2.2.1.2.2.2.1.1.2.1.2",0.47103301646639,FALSE,TRUE,37
"1.2.2.2.2.2.2.2.2.2.3.2.2.1.2.2.2.1.1.2.2.1",0.383285722724946,FALSE,TRUE,37
"3.2.2.2.2.2.2.2.2.2.2.1.2.2.2.2.2.1.1.2.2.2",0.440148516446575,FALSE,TRUE,39
"2.3.2.2.2.2.2.2.2.2.2.1.2.2.2.2.2.1.1.2.2.2",0.390308135897605,FALSE,TRUE,39
"2.2.3.2.2.2.2.2.2.2.2.1.2.2.2.2.2.1.1.2.2.2",0.40159724140853,FALSE,TRUE,38
"2.2.2.3.2.2.2.2.2.2.2.1.2.2.2.2.2.1.1.2.2.2",0.44108614570479,FALSE,TRUE,39
"2.2.2.2.3.2.2.2.2.2.2.1.2.2.2.2.2.1.1.2.2.2",0.425080238958806,FALSE,TRUE,38
"2.2.2.2.2.3.2.2.2.2.2.1.2.2.2.2.2.1.1.2.2.2",0.477751908248548,FALSE,TRUE,38
"2.2.2.2.2.2.3.2.2.2.2.1.2.2.2.2.2.1.1.2.2.2",0.499326076926119,FALSE,TRUE,39
"2.2.2.2.2.2.2.3.2.2.2.1.2.2.2.2.2.1.1.2.2.2",0.536864066563172,FALSE,TRUE,38
"2.2.2.2.2.2.2.2.3.2.2.1.2.2.2.2.2.1.1.2.2.2",0.460178575460922,FALSE,TRUE,39
"2.2.2.2.2.2.2.2.2.3.2.1.2.2.2.2.2.1.1.2.2.2",0.478832663119493,FALSE,TRUE,39
"2.2.2.2.2.2.2.2.2.2.3.1.2.2.2.2.2.1.1.2.2.2",0.435696319560301,FALSE,TRUE,38
"2.2.2.2.2.2.2.2.2.2.2.1.3.2.2.2.2.1.1.2.2.2",0.391572528744585,FALSE,TRUE,39
"2.2.2.2.2.2.2.2.2.2.2.1.2.3.2.2.2.1.1.2.2.2",0.429607645899866,FALSE,TRUE,39
"2.2.2.2.2.2.2.2.2.2.2.1.2.2.3.2.2.1.1.2.2.2",0.493280203416275,FALSE,TRUE,38
"2.2.2.2.2.2.2.2.2.2.2.1.2.2.2.3.2.1.1.2.2.2",0.456987403898879,FALSE,TRUE,39
"2.2.2.2.2.2.2.2.2.2.2.1.2.2.2.2.3.1.1.2.2.2",0.426416156979024,FALSE,TRUE,38
"2.2.2.2.2.2.2.2.2.2.2.1.2.2.2.2.2.2.1.2.2.2",0.496308190242219,FALSE,TRUE,39
"2.2.2.2.2.2.2.2.2.2.2.1.2.2.2.2.2.1.1.3.2.2",0.440758078095667,FALSE,TRUE,39
"2.2.2.2.2.2.2.2.2.2.2.1.2.2.2.2.2.1.1.2.3.2",0.404291651045546,FALSE,TRUE,39
"1.2.2.2.2.2.2.2.2.2.2.1.2.2.2.2.2.1.1.2.2.2",0.42790809587694,FALSE,TRUE,38
"2.1.2.2.2.2.2.2.2.2.2.1.2.2.2.2.2.1.1.2.2.2",0.486498756086533,FALSE,TRUE,38
"2.2.1.2.2.2.2.2.2.2.2.1.2.2.2.2.2.1.1.2.2.2",0.473600213028774,FALSE,TRUE,38
"2.2.2.1.2.2.2.2.2.2.2.1.2.2.2.2.2.1.1.2.2.2",0.435562255272663,FALSE,TRUE,38
"2.2.2.2.1.2.2.2.2.2.2.1.2.2.2.2.2.1.1.2.2.2",0.447391976789626,FALSE,TRUE,36
"2.2.2.2.2.1.2.2.2.2.2.1.2.2.2.2.2.1.1.2.2.2",0.399365638007986,FALSE,TRUE,38
"2.2.2.2.2.2.1.2.2.2.2.1.2.2.2.2.2.1.1.2.2.2",0.372935530969637,FALSE,TRUE,37
"2.2.2.2.2.2.2.1.2.2.2.1.2.2.2.2.2.1.1.2.2.2",0.33363671316621,FALSE,TRUE,38
"2.2.2.2.2.2.2.2.2.1.2.1.2.2.2.2.2.1.1.2.2.2",0.389795414194426,FALSE,TRUE,38
"2.2.2.2.2.2.2.2.2.2.1.1.2.2.2.2.2.1.1.2.2.2",0.439969223736999,FALSE,TRUE,38
"2.2.2.2.2.2.2.2.2.2.2.1.1.2.2.2.2.1.1.2.2.2",0.488740572997296,FALSE,TRUE,38
"2.2.2.2.2.2.2.2.2.2.2.1.2.2.1.2.2.1.1.2.2.2",0.376209099176164,FALSE,TRUE,38
"2.2.2.2.2.2.2.2.2.2.2.1.2.2.2.1.2.1.1.2.2.2",0.412873956587856,FALSE,TRUE,37
"2.2.2.2.2.2.2.2.2.2.2.1.2.2.2.2.1.1.1.2.2.2",0.447975660723783,FALSE,TRUE,37
"2.2.2.2.2.2.2.2.2.2.2.1.2.2.2.2.2.1.1.2.1.2",0.476383288288123,FALSE,TRUE,38
"2.2.2.2.2.2.2.2.2.2.2.1.2.2.2.2.2.1.1.2.2.1",0.393940788020202,FALSE,TRUE,38
"3.1.2.2.3.2.2.2.1.2.2.2.2.2.2.2.3.1.1.2.2.2",0.418630112434826,FALSE,TRUE,38
"2.1.3.2.3.2.2.2.1.2.2.2.2.2.2.2.3.1.1.2.2.2",0.391910734248595,FALSE,TRUE,38
"2.1.2.3.3.2.2.2.1.2.2.2.2.2.2.2.3.1.1.2.2.2",0.417075439021536,FALSE,TRUE,38
"2.1.2.2.4.2.2.2.1.2.2.2.2.2.2.2.3.1.1.2.2.2",0.364953810150798,FALSE,TRUE,38
"2.1.2.2.3.3.2.2.1.2.2.2.2.2.2.2.3.1.1.2.2.2",0.449825455471225,FALSE,TRUE,38
"2.1.2.2.3.2.3.2.1.2.2.2.2.2.2.2.3.1.1.2.2.2",0.47969077746497,FALSE,TRUE,38
"2.1.2.2.3.2.2.3.1.2.2.2.2.2.2.2.3.1.1.2.2.2",0.50657157188623,FALSE,TRUE,38
"2.1.2.2.3.2.2.2.2.2.2.2.2.2.2.2.3.1.1.2.2.2",0.45605165054544,FALSE,TRUE,39
"2.1.2.2.3.2.2.2.1.3.2.2.2.2.2.2.3.1.1.2.2.2",0.474313803052733,FALSE,TRUE,38
"2.1.2.2.3.2.2.2.1.2.3.2.2.2.2.2.3.1.1.2.2.2",0.40848038598399,FALSE,TRUE,38
"2.1.2.2.3.2.2.2.1.2.2.3.2.2.2.2.3.1.1.2.2.2",0.443346462350728,FALSE,TRUE,38
"2.1.2.2.3.2.2.2.1.2.2.2.3.2.2.2.3.1.1.2.2.2",0.37983406264951,FALSE,TRUE,38
"2.1.2.2.3.2.2.2.1.2.2.2.2.3.2.2.3.1.1.2.2.2",0.418312337400865,FALSE,TRUE,38
"2.1.2.2.3.2.2.2.1.2.2.2.2.2.3.2.3.1.1.2.2.2",0.480223009354896,FALSE,TRUE,38
"2.1.2.2.3.2.2.2.1.2.2.2.2.2.2.3.3.1.1.2.2.2",0.422166630851616,FALSE,TRUE,38
"2.1.2.2.3.2.2.2.1.2.2.2.2.2.2.2.4.1.1.2.2.2",0.383009047228798,FALSE,TRUE,37
"2.1.2.2.3.2.2.2.1.2.2.2.2.2.2.2.3.2.1.2.2.2",0.457277040793277,FALSE,TRUE,39
"2.1.2.2.3.2.2.2.1.2.2.2.2.2.2.2.3.1.2.2.2.2",0.458561355312541,FALSE,TRUE,39
"2.1.2.2.3.2.2.2.1.2.2.2.2.2.2.2.3.1.1.3.2.2",0.436102256640483,FALSE,TRUE,38
"2.1.2.2.3.2.2.2.1.2.2.2.2.2.2.2.3.1.1.2.3.2",0.385038331126179,FALSE,TRUE,38
"2.1.2.2.3.2.2.2.1.2.2.2.2.2.2.2.3.1.1.2.2.3",0.461578072755126,FALSE,TRUE,38
"1.1.2.2.3.2.2.2.1.2.2.2.2.2.2.2.3.1.1.2.2.2",0.407453970257363,FALSE,TRUE,37
"2.1.1.2.3.2.2.2.1.2.2.2.2.2.2.2.3.1.1.2.2.2",0.443701622652824,FALSE,TRUE,37
"2.1.2.1.3.2.2.2.1.2.2.2.2.2.2.2.3.1.1.2.2.2",0.420284225749821,FALSE,TRUE,37
"2.1.2.2.3.1.2.2.1.2.2.2.2.2.2.2.3.1.1.2.2.2",0.388554471434002,FALSE,TRUE,37
"2.1.2.2.3.2.1.2.1.2.2.2.2.2.2.2.3.1.1.2.2.2",0.357621343597992,FALSE,TRUE,37
"2.1.2.2.3.2.2.1.1.2.2.2.2.2.2.2.3.1.1.2.2.2",0.322693394841335,FALSE,TRUE,37
"2.1.2.2.3.2.2.2.1.1.2.2.2.2.2.2.3.1.1.2.2.2",0.355200690417339,FALSE,TRUE,37
"2.1.2.2.3.2.2.2.1.2.1.2.2.2.2.2.3.1.1.2.2.2",0.427019450896791,FALSE,TRUE,37
"2.1.2.2.3.2.2.2.1.2.2.1.2.2.2.2.3.1.1.2.2.2",0.391188759796495,FALSE,TRUE,37
"2.1.2.2.3.2.2.2.1.2.2.2.1.2.2.2.3.1.1.2.2.2",0.463244996551743,FALSE,TRUE,37
"2.1.2.2.3.2.2.2.1.2.2.2.2.1.2.2.3.1.1.2.2.2",0.421926640744547,FALSE,TRUE,37
"2.1.2.2.3.2.2.2.1.2.2.2.2.2.1.2.3.1.1.2.2.2",0.349888503268664,FALSE,TRUE,37
"2.1.2.2.3.2.2.2.1.2.2.2.2.2.2.1.3.1.1.2.2.2",0.404912998819856,FALSE,TRUE,37
"2.1.2.2.3.2.2.2.1.2.2.2.2.2.2.2.2.1.1.2.2.2",0.450411173546796,FALSE,TRUE,37
"2.1.2.2.3.2.2.2.1.2.2.2.2.2.2.2.3.1.1.1.2.2",0.403842269822437,FALSE,TRUE,37
"2.1.2.2.3.2.2.2.1.2.2.2.2.2.2.2.3.1.1.2.1.2",0.458309460191364,FALSE,TRUE,37
"2.1.2.2.3.2.2.2.1.2.2.2.2.2.2.2.3.1.1.2.2.1",0.370815057958118,FALSE,TRUE,37
"3.2.2.1.2.2.3.2.2.2.2.2.2.2.3.2.1.1.2.2.2.2",0.560817870485753,FALSE,TRUE,38
"2.3.2.1.2.2.3.2.2.2.2.2.2.2.3.2.1.1.2.2.2.2",0.481962630952225,FALSE,TRUE,38
"2.2.3.1.2.2.3.2.2.2.2.2.2.2.3.2.1.1.2.2.2.2",0.528109980045086,FALSE,TRUE,38
"2.2.2.1.3.2.3.2.2.2.2.2.2.2.3.2.1.1.2.2.2.2",0.556425525746433,FALSE,TRUE,38
"2.2.2.1.2.3.3.2.2.2.2.2.2.2.3.2.1.1.2.2.2.2",0.570572821683623,FALSE,TRUE,38
"2.2.2.1.2.2.4.2.2.2.2.2.2.2.3.2.1.1.2.2.2.2",0.592870885650256,FALSE,TRUE,38
"2.2.2.1.2.2.3.3.2.2.2.2.2.2.3.2.1.1.2.2.2.2",0.628496978931843,FALSE,TRUE,38
"2.2.2.1.2.2.3.2.3.2.2.2.2.2.3.2.1.1.2.2.2.2",0.562174842763598,FALSE,TRUE,38
"2.2.2.1.2.2.3.2.2.3.2.2.2.2.3.2.1.1.2.2.2.2",0.545657511715483,FALSE,TRUE,38
"2.2.2.1.2.2.3.2.2.2.3.2.2.2.3.2.1.1.2.2.2.2",0.53823392043713,FALSE,TRUE,38
"2.2.2.1.2.2.3.2.2.2.2.3.2.2.3.2.1.1.2.2.2.2",0.566279990152897,FALSE,TRUE,39
"2.2.2.1.2.2.3.2.2.2.2.2.3.2.3.2.1.1.2.2.2.2",0.508612647235466,FALSE,TRUE,38
"2.2.2.1.2.2.3.2.2.2.2.2.2.3.3.2.1.1.2.2.2.2",0.539985808831323,FALSE,TRUE,38
"2.2.2.1.2.2.3.2.2.2.2.2.2.2.4.2.1.1.2.2.2.2",0.569624518640008,FALSE,TRUE,38
"2.2.2.1.2.2.3.2.2.2.2.2.2.2.3.3.1.1.2.2.2.2",0.556643744041191,FALSE,TRUE,38
"2.2.2.1.2.2.3.2.2.2.2.2.2.2.3.2.1.2.2.2.2.2",0.598761642647491,FALSE,TRUE,39
"2.2.2.1.2.2.3.2.2.2.2.2.2.2.3.2.1.1.3.2.2.2",0.528414009660167,FALSE,TRUE,38
"2.2.2.1.2.2.3.2.2.2.2.2.2.2.3.2.1.1.2.3.2.2",0.514642187329124,FALSE,TRUE,38
"2.2.2.1.2.2.3.2.2.2.2.2.2.2.3.2.1.1.2.2.3.2",0.522603375302348,FALSE,TRUE,38
"2.2.2.1.2.2.3.2.2.2.2.2.2.2.3.2.1.1.2.2.2.3",0.577247859996074,FALSE,TRUE,38
"1.2.2.1.2.2.3.2.2.2.2.2.2.2.3.2.1.1.2.2.2.2",0.540958857372756,FALSE,TRUE,37
"2.1.2.1.2.2.3.2.2.2.2.2.2.2.3.2.1.1.2.2.2.2",0.622283362750052,FALSE,TRUE,37
"2.2.1.1.2.2.3.2.2.2.2.2.2.2.3.2.1.1.2.2.2.2",0.578494201020698,FALSE,TRUE,37
"2.2.2.1.1.2.3.2.2.2.2.2.2.2.3.2.1.1.2.2.2.2",0.549625751212085,FALSE,TRUE,37
"2.2.2.1.2.1.3.2.2.2.2.2.2.2.3.2.1.1.2.2.2.2",0.532210186937675,FALSE,TRUE,37
"2.2.2.1.2.2.2.2.2.2.2.2.2.2.3.2.1.1.2.2.2.2",0.511247752149428,FALSE,TRUE,37
"2.2.2.1.2.2.3.1.2.2.2.2.2.2.3.2.1.1.2.2.2.2",0.464722726895251,FALSE,TRUE,37
"2.2.2.1.2.2.3.2.1.2.2.2.2.2.3.2.1.1.2.2.2.2",0.546312265300004,FALSE,TRUE,37
"2.2.2.1.2.2.3.2.2.1.2.2.2.2.3.2.1.1.2.2.2.2",0.553291303072509,FALSE,TRUE,37
"2.2.2.1.2.2.3.2.2.2.1.2.2.2.3.2.1.1.2.2.2.2",0.563463915264468,FALSE,TRUE,37
"2.2.2.1.2.2.3.2.2.2.2.2.1.2.3.2.1.1.2.2.2.2",0.599700129496428,FALSE,TRUE,37
"2.2.2.1.2.2.3.2.2.2.2.2.2.1.3.2.1.1.2.2.2.2",0.567043805438645,FALSE,TRUE,37
"2.2.2.1.2.2.3.2.2.2.2.2.2.2.2.2.1.1.2.2.2.2",0.527359303972357,FALSE,TRUE,38
"2.2.2.1.2.2.3.2.2.2.2.2.2.2.3.1.1.1.2.2.2.2",0.541152488710219,FALSE,TRUE,37
"2.2.2.1.2.2.3.2.2.2.2.2.2.2.3.2.1.1.1.2.2.2",0.571116444782215,FALSE,TRUE,37
"2.2.2.1.2.2.3.2.2.2.2.2.2.2.3.2.1.1.2.1.2.2",0.587075524601449,FALSE,TRUE,37
"2.2.2.1.2.2.3.2.2.2.2.2.2.2.3.2.1.1.2.2.1.2",0.585870602539564,FALSE,TRUE,37
"2.2.2.1.2.2.3.2.2.2.2.2.2.2.3.2.1.1.2.2.2.1",0.523195628314389,FALSE,TRUE,37
"3.2.2.2.2.2.2.2.2.2.3.2.2.1.2.2.1.1.1.1.2.2",0.488709164749322,FALSE,TRUE,37
"2.3.2.2.2.2.2.2.2.2.3.2.2.1.2.2.1.1.1.1.2.2",0.437696759432943,FALSE,TRUE,37
"2.2.3.2.2.2.2.2.2.2.3.2.2.1.2.2.1.1.1.1.2.2",0.439501114871147,FALSE,TRUE,37
"2.2.2.3.2.2.2.2.2.2.3.2.2.1.2.2.1.1.1.1.2.2",0.47474951129144,FALSE,TRUE,37
"2.2.2.2.3.2.2.2.2.2.3.2.2.1.2.2.1.1.1.1.2.2",0.451713936890841,FALSE,TRUE,37
"2.2.2.2.2.3.2.2.2.2.3.2.2.1.2.2.1.1.1.1.2.2",0.500503499062364,FALSE,TRUE,36
"2.2.2.2.2.2.3.2.2.2.3.2.2.1.2.2.1.1.1.1.2.2",0.535930796885047,FALSE,TRUE,37
"2.2.2.2.2.2.2.2.3.2.3.2.2.1.2.2.1.1.1.1.2.2",0.508050530274582,FALSE,TRUE,37
"2.2.2.2.2.2.2.2.2.3.3.2.2.1.2.2.1.1.1.1.2.2",0.512113295420153,FALSE,TRUE,37
"2.2.2.2.2.2.2.2.2.2.4.2.2.1.2.2.1.1.1.1.2.2",0.44210701531993,FALSE,TRUE,38
"2.2.2.2.2.2.2.2.2.2.3.2.3.1.2.2.1.1.1.1.2.2",0.428110574716578,FALSE,TRUE,37
"2.2.2.2.2.2.2.2.2.2.3.2.2.2.2.2.1.1.1.1.2.2",0.471159578615552,FALSE,TRUE,37
"2.2.2.2.2.2.2.2.2.2.3.2.2.1.3.2.1.1.1.1.2.2",0.529456449612269,FALSE,TRUE,37
"2.2.2.2.2.2.2.2.2.2.3.2.2.1.2.3.1.1.1.1.2.2",0.495335493684041,FALSE,TRUE,37
"2.2.2.2.2.2.2.2.2.2.3.2.2.1.2.2.1.2.1.1.2.2",0.531222786077477,FALSE,TRUE,38
"2.2.2.2.2.2.2.2.2.2.3.2.2.1.2.2.1.1.2.1.2.2",0.493936445855815,FALSE,TRUE,38
"2.2.2.2.2.2.2.2.2.2.3.2.2.1.2.2.1.1.1.1.3.2",0.443504429536607,FALSE,TRUE,37
"2.2.2.2.2.2.2.2.2.2.3.2.2.1.2.2.1.1.1.1.2.3",0.528038196529695,FALSE,TRUE,37
"1.2.2.2.2.2.2.2.2.2.3.2.2.1.2.2.1.1.1.1.2.2",0.448703907993258,FALSE,TRUE,34
"2.1.2.2.2.2.2.2.2.2.3.2.2.1.2.2.1.1.1.1.2.2",0.503509273264434,FALSE,TRUE,36
"2.2.1.2.2.2.2.2.2.2.3.2.2.1.2.2.1.1.1.1.2.2",0.50063353747162,FALSE,TRUE,36
"2.2.2.1.2.2.2.2.2.2.3.2.2.1.2.2.1.1.1.1.2.2",0.469549474302438,FALSE,TRUE,35
"2.2.2.2.1.2.2.2.2.2.3.2.2.1.2.2.1.1.1.1.2.2",0.485208820307281,FALSE,TRUE,36
"2.2.2.2.2.1.2.2.2.2.3.2.2.1.2.2.1.1.1.1.2.2",0.441261911971959,FALSE,TRUE,36
"2.2.2.2.2.2.1.2.2.2.3.2.2.1.2.2.1.1.1.1.2.2",0.405804308707988,FALSE,TRUE,36
"2.2.2.2.2.2.2.1.2.2.3.2.2.1.2.2.1.1.1.1.2.2",0.385200558512484,FALSE,TRUE,36
"2.2.2.2.2.2.2.2.1.2.3.2.2.1.2.2.1.1.1.1.2.2",0.438060050904988,FALSE,TRUE,36
"2.2.2.2.2.2.2.2.2.1.3.2.2.1.2.2.1.1.1.1.2.2",0.425699577114809,FALSE,TRUE,36
"2.2.2.2.2.2.2.2.2.2.3.1.2.1.2.2.1.1.1.1.2.2",0.441363091023109,FALSE,TRUE,36
"2.2.2.2.2.2.2.2.2.2.3.2.1.1.2.2.1.1.1.1.2.2",0.515988876152479,FALSE,TRUE,36
"2.2.2.2.2.2.2.2.2.2.3.2.2.1.1.2.1.1.1.1.2.2",0.405609693630346,FALSE,TRUE,36
"2.2.2.2.2.2.2.2.2.2.3.2.2.1.2.1.1.1.1.1.2.2",0.441351106371241,FALSE,TRUE,36
"2.2.2.2.2.2.2.2.2.2.3.2.2.1.2.2.1.1.1.1.1.2",0.503600426661808,FALSE,TRUE,35
"2.2.2.2.2.2.2.2.2.2.3.2.2.1.2.2.1.1.1.1.2.1",0.408348620905576,FALSE,TRUE,35
"3.2.2.2.3.2.2.2.2.2.2.2.2.2.2.2.2.1.2.2.2.2",0.46676759324221,FALSE,TRUE,40
"2.3.2.2.3.2.2.2.2.2.2.2.2.2.2.2.2.1.2.2.2.2",0.432895897018997,FALSE,TRUE,40
"2.2.3.2.3.2.2.2.2.2.2.2.2.2.2.2.2.1.2.2.2.2",0.433836182679585,FALSE,TRUE,40
"2.2.2.3.3.2.2.2.2.2.2.2.2.2.2.2.2.1.2.2.2.2",0.474914506789732,FALSE,TRUE,40
"2.2.2.2.4.2.2.2.2.2.2.2.2.2.2.2.2.1.2.2.2.2",0.448701623337831,FALSE,TRUE,41
"2.2.2.2.3.3.2.2.2.2.2.2.2.2.2.2.2.1.2.2.2.2",0.502914932781991,FALSE,TRUE,40
"2.2.2.2.3.2.3.2.2.2.2.2.2.2.2.2.2.1.2.2.2.2",0.522116305117625,FALSE,TRUE,39
"2.2.2.2.3.2.2.2.3.2.2.2.2.2.2.2.2.1.2.2.2.2",0.492085693523813,FALSE,TRUE,40
"2.2.2.2.3.2.2.2.2.3.2.2.2.2.2.2.2.1.2.2.2.2",0.496135236033642,FALSE,TRUE,40
"2.2.2.2.3.2.2.2.2.2.3.2.2.2.2.2.2.1.2.2.2.2",0.457983013000446,FALSE,TRUE,40
"2.2.2.2.3.2.2.2.2.2.2.3.2.2.2.2.2.1.2.2.2.2",0.487318259078876,FALSE,TRUE,40
"2.2.2.2.3.2.2.2.2.2.2.2.3.2.2.2.2.1.2.2.2.2",0.434988724319436,FALSE,TRUE,40
"2.2.2.2.3.2.2.2.2.2.2.2.2.3.2.2.2.1.2.2.2.2",0.46820675645997,FALSE,TRUE,40
"2.2.2.2.3.2.2.2.2.2.2.2.2.2.2.3.2.1.2.2.2.2",0.474982326510571,FALSE,TRUE,40
"2.2.2.2.3.2.2.2.2.2.2.2.2.2.2.2.3.1.2.2.2.2",0.459276304497394,FALSE,TRUE,37
"2.2.2.2.3.2.2.2.2.2.2.2.2.2.2.2.2.1.3.2.2.2",0.477379170601845,FALSE,TRUE,40
"2.2.2.2.3.2.2.2.2.2.2.2.2.2.2.2.2.1.2.3.2.2",0.465598513338942,FALSE,TRUE,40
"2.2.2.2.3.2.2.2.2.2.2.2.2.2.2.2.2.1.2.2.3.2",0.439686427984904,FALSE,TRUE,40
"2.2.2.2.3.2.2.2.2.2.2.2.2.2.2.2.2.1.2.2.2.3",0.509854774770961,FALSE,TRUE,39
"1.2.2.2.3.2.2.2.2.2.2.2.2.2.2.2.2.1.2.2.2.2",0.4649343302521,FALSE,TRUE,38
"2.1.2.2.3.2.2.2.2.2.2.2.2.2.2.2.2.1.2.2.2.2",0.511436650622989,FALSE,TRUE,39
"2.2.1.2.3.2.2.2.2.2.2.2.2.2.2.2.2.1.2.2.2.2",0.507560204801049,FALSE,TRUE,39
"2.2.2.1.3.2.2.2.2.2.2.2.2.2.2.2.2.1.2.2.2.2",0.467006212728757,FALSE,TRUE,39
"2.2.2.2.3.1.2.2.2.2.2.2.2.2.2.2.2.1.2.2.2.2",0.439266244849291,FALSE,TRUE,39
"2.2.2.2.3.2.1.2.2.2.2.2.2.2.2.2.2.1.2.2.2.2",0.416049328993335,FALSE,TRUE,39
"2.2.2.2.3.2.2.1.2.2.2.2.2.2.2.2.2.1.2.2.2.2",0.376625869461263,FALSE,TRUE,39
"2.2.2.2.3.2.2.2.1.2.2.2.2.2.2.2.2.1.2.2.2.2",0.450387729635078,FALSE,TRUE,37
"2.2.2.2.3.2.2.2.2.1.2.2.2.2.2.2.2.1.2.2.2.2",0.435750053530095,FALSE,TRUE,39
"2.2.2.2.3.2.2.2.2.2.1.2.2.2.2.2.2.1.2.2.2.2",0.480349451552717,FALSE,TRUE,39
"2.2.2.2.3.2.2.2.2.2.2.1.2.2.2.2.2.1.2.2.2.2",0.450088080558958,FALSE,TRUE,38
"2.2.2.2.3.2.2.2.2.2.2.2.1.2.2.2.2.1.2.2.2.2",0.513173811868436,FALSE,TRUE,39
"2.2.2.2.3.2.2.2.2.2.2.2.2.1.2.2.2.1.2.2.2.2",0.478251353081476,FALSE,TRUE,38
"2.2.2.2.3.2.2.2.2.2.2.2.2.2.1.2.2.1.2.2.2.2",0.418088380535782,FALSE,TRUE,39
"2.2.2.2.3.2.2.2.2.2.2.2.2.2.2.1.2.1.2.2.2.2",0.457680952434348,FALSE,TRUE,39
"2.2.2.2.3.2.2.2.2.2.2.2.2.2.2.2.1.1.2.2.2.2",0.479773007250821,FALSE,TRUE,39
"2.2.2.2.3.2.2.2.2.2.2.2.2.2.2.2.2.1.2.1.2.2",0.475200776795917,FALSE,TRUE,37
"2.2.2.2.3.2.2.2.2.2.2.2.2.2.2.2.2.1.2.2.1.2",0.507218994902693,FALSE,TRUE,39
"2.2.2.2.3.2.2.2.2.2.2.2.2.2.2.2.2.1.2.2.2.1",0.427319700322121,FALSE,TRUE,39
"3.2.1.2.2.2.2.2.2.2.1.2.2.2.2.2.2.2.2.2.2.2",0.562324368926477,FALSE,TRUE,40
"2.3.1.2.2.2.2.2.2.2.1.2.2.2.2.2.2.2.2.2.2.2",0.501811318437009,FALSE,TRUE,40
"2.2.1.3.2.2.2.2.2.2.1.2.2.2.2.2.2.2.2.2.2.2",0.569572296237695,FALSE,TRUE,40
"2.2.1.2.3.2.2.2.2.2.1.2.2.2.2.2.2.2.2.2.2.2",0.550182585946629,FALSE,TRUE,39
"2.2.1.2.2.3.2.2.2.2.1.2.2.2.2.2.2.2.2.2.2.2",0.579252535592873,FALSE,TRUE,40
"2.2.1.2.2.2.3.2.2.2.1.2.2.2.2.2.2.2.2.2.2.2",0.579890488435823,FALSE,TRUE,40
"2.2.1.2.2.2.2.3.2.2.1.2.2.2.2.2.2.2.2.2.2.2",0.640150745804749,FALSE,TRUE,40
"2.2.1.2.2.2.2.2.3.2.1.2.2.2.2.2.2.2.2.2.2.2",0.583017659650677,FALSE,TRUE,40
"2.2.1.2.2.2.2.2.2.3.1.2.2.2.2.2.2.2.2.2.2.2",0.562819291928853,FALSE,TRUE,40
"2.2.1.2.2.2.2.2.2.2.1.3.2.2.2.2.2.2.2.2.2.2",0.578206584552335,FALSE,TRUE,40
"2.2.1.2.2.2.2.2.2.2.1.2.3.2.2.2.2.2.2.2.2.2",0.525355064931577,FALSE,TRUE,40
"2.2.1.2.2.2.2.2.2.2.1.2.2.3.2.2.2.2.2.2.2.2",0.560590419158492,FALSE,TRUE,40
"2.2.1.2.2.2.2.2.2.2.1.2.2.2.3.2.2.2.2.2.2.2",0.614081404035911,FALSE,TRUE,40
"2.2.1.2.2.2.2.2.2.2.1.2.2.2.2.3.2.2.2.2.2.2",0.55863211182199,FALSE,TRUE,40
"2.2.1.2.2.2.2.2.2.2.1.2.2.2.2.2.3.2.2.2.2.2",0.55208298658772,FALSE,TRUE,40
"2.2.1.2.2.2.2.2.2.2.1.2.2.2.2.2.2.3.2.2.2.2",0.576392536465103,FALSE,TRUE,40
"2.2.1.2.2.2.2.2.2.2.1.2.2.2.2.2.2.2.3.2.2.2",0.564476722417451,FALSE,TRUE,40
"2.2.1.2.2.2.2.2.2.2.1.2.2.2.2.2.2.2.2.3.2.2",0.548030104965343,FALSE,TRUE,40
"2.2.1.2.2.2.2.2.2.2.1.2.2.2.2.2.2.2.2.2.3.2",0.532031342013798,FALSE,TRUE,40
"2.2.1.2.2.2.2.2.2.2.1.2.2.2.2.2.2.2.2.2.2.3",0.572930463084335,FALSE,TRUE,40
"1.2.1.2.2.2.2.2.2.2.1.2.2.2.2.2.2.2.2.2.2.2",0.549153967624761,FALSE,TRUE,39
"2.1.1.2.2.2.2.2.2.2.1.2.2.2.2.2.2.2.2.2.2.2",0.615816572712912,FALSE,TRUE,39
"2.2.1.1.2.2.2.2.2.2.1.2.2.2.2.2.2.2.2.2.2.2",0.548226486351505,FALSE,TRUE,39
"2.2.1.2.1.2.2.2.2.2.1.2.2.2.2.2.2.2.2.2.2.2",0.56840747135732,FALSE,TRUE,39
"2.2.1.2.2.1.2.2.2.2.1.2.2.2.2.2.2.2.2.2.2.2",0.536949356689959,FALSE,TRUE,39
"2.2.1.2.2.2.1.2.2.2.1.2.2.2.2.2.2.2.2.2.2.2",0.533298420044899,FALSE,TRUE,39
"2.2.1.2.2.2.2.1.2.2.1.2.2.2.2.2.2.2.2.2.2.2",0.465030721020349,FALSE,TRUE,39
"2.2.1.2.2.2.2.2.1.2.1.2.2.2.2.2.2.2.2.2.2.2",0.536585945071454,FALSE,TRUE,39
"2.2.1.2.2.2.2.2.2.1.1.2.2.2.2.2.2.2.2.2.2.2",0.546068832685263,FALSE,TRUE,39
"2.2.1.2.2.2.2.2.2.2.1.1.2.2.2.2.2.2.2.2.2.2",0.537147801862692,FALSE,TRUE,39
"2.2.1.2.2.2.2.2.2.2.1.2.1.2.2.2.2.2.2.2.2.2",0.599244551043565,FALSE,TRUE,39
"2.2.1.2.2.2.2.2.2.2.1.2.2.1.2.2.2.2.2.2.2.2",0.562962956456473,FALSE,TRUE,39
"2.2.1.2.2.2.2.2.2.2.1.2.2.2.1.2.2.2.2.2.2.2",0.496292837298233,FALSE,TRUE,39
"2.2.1.2.2.2.2.2.2.2.1.2.2.2.2.1.2.2.2.2.2.2",0.547393464623628,FALSE,TRUE,39
"2.2.1.2.2.2.2.2.2.2.1.2.2.2.2.2.1.2.2.2.2.2",0.566755585430924,FALSE,TRUE,39
"2.2.1.2.2.2.2.2.2.2.1.2.2.2.2.2.2.1.2.2.2.2",0.522044938013555,FALSE,TRUE,38
"2.2.1.2.2.2.2.2.2.2.1.2.2.2.2.2.2.2.1.2.2.2",0.546830775645745,FALSE,TRUE,39
"2.2.1.2.2.2.2.2.2.2.1.2.2.2.2.2.2.2.2.1.2.2",0.570793335236666,FALSE,TRUE,39
"2.2.1.2.2.2.2.2.2.2.1.2.2.2.2.2.2.2.2.2.1.2",0.58832881667893,FALSE,TRUE,39
"2.2.1.2.2.2.2.2.2.2.1.2.2.2.2.2.2.2.2.2.2.1",0.539201816574598,FALSE,TRUE,39
"3.1.2.2.2.2.2.2.1.2.2.2.2.2.2.2.4.1.1.2.2.2",0.423532838064729,FALSE,TRUE,38
"2.1.3.2.2.2.2.2.1.2.2.2.2.2.2.2.4.1.1.2.2.2",0.393720714990828,FALSE,TRUE,38
"2.1.2.3.2.2.2.2.1.2.2.2.2.2.2.2.4.1.1.2.2.2",0.430832098833632,FALSE,TRUE,38
"2.1.2.2.2.3.2.2.1.2.2.2.2.2.2.2.4.1.1.2.2.2",0.451133942464956,FALSE,TRUE,38
"2.1.2.2.2.2.3.2.1.2.2.2.2.2.2.2.4.1.1.2.2.2",0.489534184627804,FALSE,TRUE,38
"2.1.2.2.2.2.2.3.1.2.2.2.2.2.2.2.4.1.1.2.2.2",0.527748589671221,FALSE,TRUE,38
"2.1.2.2.2.2.2.2.2.2.2.2.2.2.2.2.4.1.1.2.2.2",0.456747363598408,FALSE,TRUE,39
"2.1.2.2.2.2.2.2.1.3.2.2.2.2.2.2.4.1.1.2.2.2",0.477762653084323,FALSE,TRUE,38
"2.1.2.2.2.2.2.2.1.2.3.2.2.2.2.2.4.1.1.2.2.2",0.425782706460893,FALSE,TRUE,38
"2.1.2.2.2.2.2.2.1.2.2.3.2.2.2.2.4.1.1.2.2.2",0.453627017887417,FALSE,TRUE,38
"2.1.2.2.2.2.2.2.1.2.2.2.3.2.2.2.4.1.1.2.2.2",0.381803769662683,FALSE,TRUE,38
"2.1.2.2.2.2.2.2.1.2.2.2.2.3.2.2.4.1.1.2.2.2",0.427775266424888,FALSE,TRUE,38
"2.1.2.2.2.2.2.2.1.2.2.2.2.2.3.2.4.1.1.2.2.2",0.480206172533035,FALSE,TRUE,38
"2.1.2.2.2.2.2.2.1.2.2.2.2.2.2.3.4.1.1.2.2.2",0.41765682563953,FALSE,TRUE,38
"2.1.2.2.2.2.2.2.1.2.2.2.2.2.2.2.5.1.1.2.2.2",0.375737778958482,FALSE,TRUE,38
"2.1.2.2.2.2.2.2.1.2.2.2.2.2.2.2.4.2.1.2.2.2",0.473012982743356,FALSE,TRUE,39
"2.1.2.2.2.2.2.2.1.2.2.2.2.2.2.2.4.1.2.2.2.2",0.455275177856487,FALSE,TRUE,39
"2.1.2.2.2.2.2.2.1.2.2.2.2.2.2.2.4.1.1.3.2.2",0.444373123185022,FALSE,TRUE,38
"2.1.2.2.2.2.2.2.1.2.2.2.2.2.2.2.4.1.1.2.3.2",0.379925247713194,FALSE,TRUE,38
"2.1.2.2.2.2.2.2.1.2.2.2.2.2.2.2.4.1.1.2.2.3",0.453783012976458,FALSE,TRUE,38
"1.1.2.2.2.2.2.2.1.2.2.2.2.2.2.2.4.1.1.2.2.2",0.412100799874426,FALSE,TRUE,37
"2.1.1.2.2.2.2.2.1.2.2.2.2.2.2.2.4.1.1.2.2.2",0.451174325790069,FALSE,TRUE,37
"2.1.2.1.2.2.2.2.1.2.2.2.2.2.2.2.4.1.1.2.2.2",0.415445412221288,FALSE,TRUE,37
"2.1.2.2.1.2.2.2.1.2.2.2.2.2.2.2.4.1.1.2.2.2",0.457478000460131,FALSE,TRUE,37
"2.1.2.2.2.1.2.2.1.2.2.2.2.2.2.2.4.1.1.2.2.2",0.396521354513363,FALSE,TRUE,37
"2.1.2.2.2.2.1.2.1.2.2.2.2.2.2.2.4.1.1.2.2.2",0.35737927785982,FALSE,TRUE,37
"2.1.2.2.2.2.2.1.1.2.2.2.2.2.2.2.4.1.1.2.2.2",0.310830803528696,FALSE,TRUE,37
"2.1.2.2.2.2.2.2.1.1.2.2.2.2.2.2.4.1.1.2.2.2",0.361989494766478,FALSE,TRUE,37
"2.1.2.2.2.2.2.2.1.2.1.2.2.2.2.2.4.1.1.2.2.2",0.419940794317464,FALSE,TRUE,37
"2.1.2.2.2.2.2.2.1.2.2.1.2.2.2.2.4.1.1.2.2.2",0.391368619206409,FALSE,TRUE,37
"2.1.2.2.2.2.2.2.1.2.2.2.1.2.2.2.4.1.1.2.2.2",0.470022033666677,FALSE,TRUE,37
"2.1.2.2.2.2.2.2.1.2.2.2.2.1.2.2.4.1.1.2.2.2",0.420939221228545,FALSE,TRUE,37
"2.1.2.2.2.2.2.2.1.2.2.2.2.2.1.2.4.1.1.2.2.2",0.358719782455418,FALSE,TRUE,37
"2.1.2.2.2.2.2.2.1.2.2.2.2.2.2.1.4.1.1.2.2.2",0.418814490556264,FALSE,TRUE,37
"2.1.2.2.2.2.2.2.1.2.2.2.2.2.2.2.4.1.1.1.2.2",0.406269912333998,FALSE,TRUE,37
"2.1.2.2.2.2.2.2.1.2.2.2.2.2.2.2.4.1.1.2.1.2",0.472726135040238,FALSE,TRUE,37
"2.1.2.2.2.2.2.2.1.2.2.2.2.2.2.2.4.1.1.2.2.1",0.387833432585678,FALSE,TRUE,37
"3.2.2.2.2.2.2.3.2.2.2.2.2.2.2.2.2.1.2.1.2.2",0.5814940625363,FALSE,TRUE,40
"2.3.2.2.2.2.2.3.2.2.2.2.2.2.2.2.2.1.2.1.2.2",0.537576718811522,FALSE,TRUE,40
"2.2.3.2.2.2.2.3.2.2.2.2.2.2.2.2.2.1.2.1.2.2",0.54896870137586,FALSE,TRUE,40
"2.2.2.3.2.2.2.3.2.2.2.2.2.2.2.2.2.1.2.1.2.2",0.582911058314739,FALSE,TRUE,40
"2.2.2.2.3.2.2.3.2.2.2.2.2.2.2.2.2.1.2.1.2.2",0.561818723896323,FALSE,TRUE,39
"2.2.2.2.2.3.2.3.2.2.2.2.2.2.2.2.2.1.2.1.2.2",0.610311337099082,FALSE,TRUE,38
"2.2.2.2.2.2.3.3.2.2.2.2.2.2.2.2.2.1.2.1.2.2",0.641391834218813,FALSE,TRUE,40
"2.2.2.2.2.2.2.4.2.2.2.2.2.2.2.2.2.1.2.1.2.2",0.656702801990376,FALSE,TRUE,40
"2.2.2.2.2.2.2.3.3.2.2.2.2.2.2.2.2.1.2.1.2.2",0.606893018442272,FALSE,TRUE,40
"2.2.2.2.2.2.2.3.2.3.2.2.2.2.2.2.2.1.2.1.2.2",0.609828918236221,FALSE,TRUE,40
"2.2.2.2.2.2.2.3.2.2.3.2.2.2.2.2.2.1.2.1.2.2",0.569326696049276,FALSE,TRUE,40
"2.2.2.2.2.2.2.3.2.2.2.3.2.2.2.2.2.1.2.1.2.2",0.607080100172875,FALSE,TRUE,40
"2.2.2.2.2.2.2.3.2.2.2.2.3.2.2.2.2.1.2.1.2.2",0.537000527629343,FALSE,TRUE,40
"2.2.2.2.2.2.2.3.2.2.2.2.2.3.2.2.2.1.2.1.2.2",0.566117335520182,FALSE,TRUE,40
"2.2.2.2.2.2.2.3.2.2.2.2.2.2.3.2.2.1.2.1.2.2",0.616397002002026,FALSE,TRUE,39
"2.2.2.2.2.2.2.3.2.2.2.2.2.2.2.3.2.1.2.1.2.2",0.58598441050394,FALSE,TRUE,40
"2.2.2.2.2.2.2.3.2.2.2.2.2.2.2.2.3.1.2.1.2.2",0.569719308103657,FALSE,TRUE,40
"2.2.2.2.2.2.2.3.2.2.2.2.2.2.2.2.2.2.2.1.2.2",0.640525672862953,FALSE,TRUE,40
"2.2.2.2.2.2.2.3.2.2.2.2.2.2.2.2.2.1.3.1.2.2",0.582406584814797,FALSE,TRUE,40
"2.2.2.2.2.2.2.3.2.2.2.2.2.2.2.2.2.1.2.1.3.2",0.548514374711251,FALSE,TRUE,40
"2.2.2.2.2.2.2.3.2.2.2.2.2.2.2.2.2.1.2.1.2.3",0.622947477227518,FALSE,TRUE,40
"1.2.2.2.2.2.2.3.2.2.2.2.2.2.2.2.2.1.2.1.2.2",0.572706863268632,FALSE,TRUE,39
"2.1.2.2.2.2.2.3.2.2.2.2.2.2.2.2.2.1.2.1.2.2",0.62413993879764,FALSE,TRUE,39
"2.2.1.2.2.2.2.3.2.2.2.2.2.2.2.2.2.1.2.1.2.2",0.612341539254014,FALSE,TRUE,39
"2.2.2.1.2.2.2.3.2.2.2.2.2.2.2.2.2.1.2.1.2.2",0.580329502322948,FALSE,TRUE,39
"2.2.2.2.1.2.2.3.2.2.2.2.2.2.2.2.2.1.2.1.2.2",0.597020784437417,FALSE,TRUE,39
"2.2.2.2.2.1.2.3.2.2.2.2.2.2.2.2.2.1.2.1.2.2",0.550644557373224,FALSE,TRUE,39
"2.2.2.2.2.2.1.3.2.2.2.2.2.2.2.2.2.1.2.1.2.2",0.519151697913659,FALSE,TRUE,39
"2.2.2.2.2.2.2.3.1.2.2.2.2.2.2.2.2.1.2.1.2.2",0.558726875458035,FALSE,TRUE,39
"2.2.2.2.2.2.2.3.2.1.2.2.2.2.2.2.2.1.2.1.2.2",0.544512164088761,FALSE,TRUE,39
"2.2.2.2.2.2.2.3.2.2.1.2.2.2.2.2.2.1.2.1.2.2",0.589269860469752,FALSE,TRUE,39
"2.2.2.2.2.2.2.3.2.2.2.1.2.2.2.2.2.1.2.1.2.2",0.552597804325786,FALSE,TRUE,39
"2.2.2.2.2.2.2.3.2.2.2.2.1.2.2.2.2.1.2.1.2.2",0.627795321760712,FALSE,TRUE,39
"2.2.2.2.2.2.2.3.2.2.2.2.2.1.2.2.2.1.2.1.2.2",0.596554755639128,FALSE,TRUE,37
"2.2.2.2.2.2.2.3.2.2.2.2.2.2.1.2.2.1.2.1.2.2",0.535055181634381,FALSE,TRUE,39
"2.2.2.2.2.2.2.3.2.2.2.2.2.2.2.1.2.1.2.1.2.2",0.565705670457728,FALSE,TRUE,39
"2.2.2.2.2.2.2.3.2.2.2.2.2.2.2.2.1.1.2.1.2.2",0.590723633081995,FALSE,TRUE,37
"2.2.2.2.2.2.2.3.2.2.2.2.2.2.2.2.2.1.2.1.1.2",0.617549534035525,FALSE,TRUE,39
"2.2.2.2.2.2.2.3.2.2.2.2.2.2.2.2.2.1.2.1.2.1",0.53475889574145,FALSE,TRUE,39
"3.2.3.2.2.2.2.2.2.2.2.2.2.2.2.2.2.1.1.2.2.3",0.457786551288082,FALSE,TRUE,40
"2.3.3.2.2.2.2.2.2.2.2.2.2.2.2.2.2.1.1.2.2.3",0.410475196409997,FALSE,TRUE,40
"2.2.4.2.2.2.2.2.2.2.2.2.2.2.2.2.2.1.1.2.2.3",0.419410960724671,FALSE,TRUE,41
"2.2.3.3.2.2.2.2.2.2.2.2.2.2.2.2.2.1.1.2.2.3",0.474549855420168,FALSE,TRUE,40
"2.2.3.2.3.2.2.2.2.2.2.2.2.2.2.2.2.1.1.2.2.3",0.453723073625757,FALSE,TRUE,40
"2.2.3.2.2.3.2.2.2.2.2.2.2.2.2.2.2.1.1.2.2.3",0.505856406008255,FALSE,TRUE,40
"2.2.3.2.2.2.3.2.2.2.2.2.2.2.2.2.2.1.1.2.2.3",0.522391068694071,FALSE,TRUE,40
"2.2.3.2.2.2.2.3.2.2.2.2.2.2.2.2.2.1.1.2.2.3",0.577190432930338,FALSE,TRUE,40
"2.2.3.2.2.2.2.2.3.2.2.2.2.2.2.2.2.1.1.2.2.3",0.482839390379118,FALSE,TRUE,40
"2.2.3.2.2.2.2.2.2.3.2.2.2.2.2.2.2.1.1.2.2.3",0.496017362545124,FALSE,TRUE,40
"2.2.3.2.2.2.2.2.2.2.3.2.2.2.2.2.2.1.1.2.2.3",0.47020266248286,FALSE,TRUE,40
"2.2.3.2.2.2.2.2.2.2.2.3.2.2.2.2.2.1.1.2.2.3",0.493871257187347,FALSE,TRUE,40
"2.2.3.2.2.2.2.2.2.2.2.2.3.2.2.2.2.1.1.2.2.3",0.414193807611039,FALSE,TRUE,40
"2.2.3.2.2.2.2.2.2.2.2.2.2.3.2.2.2.1.1.2.2.3",0.454163978697939,FALSE,TRUE,40
"2.2.3.2.2.2.2.2.2.2.2.2.2.2.3.2.2.1.1.2.2.3",0.51431540761244,FALSE,TRUE,40
"2.2.3.2.2.2.2.2.2.2.2.2.2.2.2.3.2.1.1.2.2.3",0.46132550379338,FALSE,TRUE,40
"2.2.3.2.2.2.2.2.2.2.2.2.2.2.2.2.3.1.1.2.2.3",0.443171478616713,FALSE,TRUE,40
"2.2.3.2.2.2.2.2.2.2.2.2.2.2.2.2.2.2.1.2.2.3",0.52683301535341,FALSE,TRUE,40
"2.2.3.2.2.2.2.2.2.2.2.2.2.2.2.2.2.1.2.2.2.3",0.476375603194587,FALSE,TRUE,40
"2.2.3.2.2.2.2.2.2.2.2.2.2.2.2.2.2.1.1.3.2.3",0.46401590846543,FALSE,TRUE,40
"2.2.3.2.2.2.2.2.2.2.2.2.2.2.2.2.2.1.1.2.3.3",0.421603715308643,FALSE,TRUE,40
"2.2.3.2.2.2.2.2.2.2.2.2.2.2.2.2.2.1.1.2.2.4",0.487197428980953,FALSE,TRUE,40
"1.2.3.2.2.2.2.2.2.2.2.2.2.2.2.2.2.1.1.2.2.3",0.466880411567916,FALSE,TRUE,39
"2.1.3.2.2.2.2.2.2.2.2.2.2.2.2.2.2.1.1.2.2.3",0.519482363593326,FALSE,TRUE,39
"2.2.3.1.2.2.2.2.2.2.2.2.2.2.2.2.2.1.1.2.2.3",0.457200234637966,FALSE,TRUE,39
"2.2.3.2.2.1.2.2.2.2.2.2.2.2.2.2.2.1.1.2.2.3",0.425267477255874,FALSE,TRUE,39
"2.2.3.2.2.2.1.2.2.2.2.2.2.2.2.2.2.1.1.2.2.3",0.40596102792199,FALSE,TRUE,39
"2.2.3.2.2.2.2.1.2.2.2.2.2.2.2.2.2.1.1.2.2.3",0.347343342596954,FALSE,TRUE,39
"2.2.3.2.2.2.2.2.1.2.2.2.2.2.2.2.2.1.1.2.2.3",0.450355935556464,FALSE,TRUE,37
"2.2.3.2.2.2.2.2.2.1.2.2.2.2.2.2.2.1.1.2.2.3",0.430008673836073,FALSE,TRUE,39
"2.2.3.2.2.2.2.2.2.2.1.2.2.2.2.2.2.1.1.2.2.3",0.460696314591621,FALSE,TRUE,39
"2.2.3.2.2.2.2.2.2.2.2.1.2.2.2.2.2.1.1.2.2.3",0.435309589678926,FALSE,TRUE,38
"2.2.3.2.2.2.2.2.2.2.2.2.1.2.2.2.2.1.1.2.2.3",0.521543341968235,FALSE,TRUE,39
"2.2.3.2.2.2.2.2.2.2.2.2.2.1.2.2.2.1.1.2.2.3",0.479938110298424,FALSE,TRUE,38
"2.2.3.2.2.2.2.2.2.2.2.2.2.2.1.2.2.1.1.2.2.3",0.410430552403844,FALSE,TRUE,39
"2.2.3.2.2.2.2.2.2.2.2.2.2.2.2.1.2.1.1.2.2.3",0.463583352054784,FALSE,TRUE,39
"2.2.3.2.2.2.2.2.2.2.2.2.2.2.2.2.1.1.1.2.2.3",0.48401376712512,FALSE,TRUE,39
"2.2.3.2.2.2.2.2.2.2.2.2.2.2.2.2.2.1.1.1.2.3",0.465899603529188,FALSE,TRUE,38
"2.2.3.2.2.2.2.2.2.2.2.2.2.2.2.2.2.1.1.2.1.3",0.511666550611269,FALSE,TRUE,39
"3.2.2.1.2.2.3.2.2.2.2.1.2.2.3.2.1.1.2.2.2.2",0.532735098908216,FALSE,TRUE,38
"2.3.2.1.2.2.3.2.2.2.2.1.2.2.3.2.1.1.2.2.2.2",0.452547738032845,FALSE,TRUE,38
"2.2.3.1.2.2.3.2.2.2.2.1.2.2.3.2.1.1.2.2.2.2",0.50050536032109,FALSE,TRUE,38
"2.2.2.2.2.2.3.2.2.2.2.1.2.2.3.2.1.1.2.2.2.2",0.545734175420588,FALSE,TRUE,38
"2.2.2.1.3.2.3.2.2.2.2.1.2.2.3.2.1.1.2.2.2.2",0.53746427396414,FALSE,TRUE,38
"2.2.2.1.2.3.3.2.2.2.2.1.2.2.3.2.1.1.2.2.2.2",0.55115442338302,FALSE,TRUE,38
"2.2.2.1.2.2.4.2.2.2.2.1.2.2.3.2.1.1.2.2.2.2",0.570574312763997,FALSE,TRUE,38
"2.2.2.1.2.2.3.3.2.2.2.1.2.2.3.2.1.1.2.2.2.2",0.610555033677284,FALSE,TRUE,38
"2.2.2.1.2.2.3.2.3.2.2.1.2.2.3.2.1.1.2.2.2.2",0.533354817895176,FALSE,TRUE,38
"2.2.2.1.2.2.3.2.2.3.2.1.2.2.3.2.1.1.2.2.2.2",0.529179342955604,FALSE,TRUE,38
"2.2.2.1.2.2.3.2.2.2.3.1.2.2.3.2.1.1.2.2.2.2",0.522302184867064,FALSE,TRUE,38
"2.2.2.1.2.2.3.2.2.2.2.1.3.2.3.2.1.1.2.2.2.2",0.484217955487151,FALSE,TRUE,38
"2.2.2.1.2.2.3.2.2.2.2.1.2.3.3.2.1.1.2.2.2.2",0.51506864136437,FALSE,TRUE,38
"2.2.2.1.2.2.3.2.2.2.2.1.2.2.4.2.1.1.2.2.2.2",0.54709644705472,FALSE,TRUE,38
"2.2.2.1.2.2.3.2.2.2.2.1.2.2.3.3.1.1.2.2.2.2",0.543977205758328,FALSE,TRUE,38
"2.2.2.1.2.2.3.2.2.2.2.1.2.2.3.2.1.2.2.2.2.2",0.578674060704799,FALSE,TRUE,39
"2.2.2.1.2.2.3.2.2.2.2.1.2.2.3.2.1.1.3.2.2.2",0.509027745010163,FALSE,TRUE,38
"2.2.2.1.2.2.3.2.2.2.2.1.2.2.3.2.1.1.2.3.2.2",0.498214641419024,FALSE,TRUE,38
"2.2.2.1.2.2.3.2.2.2.2.1.2.2.3.2.1.1.2.2.3.2",0.497215445528942,FALSE,TRUE,38
"2.2.2.1.2.2.3.2.2.2.2.1.2.2.3.2.1.1.2.2.2.3",0.552512760678481,FALSE,TRUE,38
"1.2.2.1.2.2.3.2.2.2.2.1.2.2.3.2.1.1.2.2.2.2",0.518524775473262,FALSE,TRUE,37
"2.1.2.1.2.2.3.2.2.2.2.1.2.2.3.2.1.1.2.2.2.2",0.603138574027319,FALSE,TRUE,37
"2.2.1.1.2.2.3.2.2.2.2.1.2.2.3.2.1.1.2.2.2.2",0.556426849814678,FALSE,TRUE,37
"2.2.2.1.1.2.3.2.2.2.2.1.2.2.3.2.1.1.2.2.2.2",0.519148348658141,FALSE,TRUE,37
"2.2.2.1.2.1.3.2.2.2.2.1.2.2.3.2.1.1.2.2.2.2",0.503027211786237,FALSE,TRUE,37
"2.2.2.1.2.2.2.2.2.2.2.1.2.2.3.2.1.1.2.2.2.2",0.484013904720681,FALSE,TRUE,38
"2.2.2.1.2.2.3.1.2.2.2.1.2.2.3.2.1.1.2.2.2.2",0.434651723866365,FALSE,TRUE,37
"2.2.2.1.2.2.3.2.1.2.2.1.2.2.3.2.1.1.2.2.2.2",0.524798252236679,FALSE,TRUE,37
"2.2.2.1.2.2.3.2.2.1.2.1.2.2.3.2.1.1.2.2.2.2",0.519325918793565,FALSE,TRUE,37
"2.2.2.1.2.2.3.2.2.2.1.1.2.2.3.2.1.1.2.2.2.2",0.530516939891561,FALSE,TRUE,37
"2.2.2.1.2.2.3.2.2.2.2.1.1.2.3.2.1.1.2.2.2.2",0.574633585710454,FALSE,TRUE,37
"2.2.2.1.2.2.3.2.2.2.2.1.2.1.3.2.1.1.2.2.2.2",0.542878738717306,FALSE,TRUE,37
"2.2.2.1.2.2.3.2.2.2.2.1.2.2.2.2.1.1.2.2.2.2",0.500566510497287,FALSE,TRUE,38
"2.2.2.1.2.2.3.2.2.2.2.1.2.2.3.1.1.1.2.2.2.2",0.505696486121672,FALSE,TRUE,37
"2.2.2.1.2.2.3.2.2.2.2.1.2.2.3.2.1.1.1.2.2.2",0.540995369996494,FALSE,TRUE,37
"2.2.2.1.2.2.3.2.2.2.2.1.2.2.3.2.1.1.2.1.2.2",0.554455017629692,FALSE,TRUE,37
"2.2.2.1.2.2.3.2.2.2.2.1.2.2.3.2.1.1.2.2.1.2",0.56290328377353,FALSE,TRUE,37
"2.2.2.1.2.2.3.2.2.2.2.1.2.2.3.2.1.1.2.2.2.1",0.499399232526343,FALSE,TRUE,37
"3.2.2.2.2.3.2.2.2.2.2.2.2.1.2.2.1.1.1.2.2.2",0.537126090383068,FALSE,TRUE,37
"2.3.2.2.2.3.2.2.2.2.2.2.2.1.2.2.1.1.1.2.2.2",0.465363505199632,FALSE,TRUE,38
"2.2.3.2.2.3.2.2.2.2.2.2.2.1.2.2.1.1.1.2.2.2",0.490506074934325,FALSE,TRUE,38
"2.2.2.3.2.3.2.2.2.2.2.2.2.1.2.2.1.1.1.2.2.2",0.52878300566658,FALSE,TRUE,38
"2.2.2.2.3.3.2.2.2.2.2.2.2.1.2.2.1.1.1.2.2.2",0.498731056185811,FALSE,TRUE,38
"2.2.2.2.2.4.2.2.2.2.2.2.2.1.2.2.1.1.1.2.2.2",0.528835066096832,FALSE,TRUE,39
"2.2.2.2.2.3.3.2.2.2.2.2.2.1.2.2.1.1.1.2.2.2",0.574768080085284,FALSE,TRUE,38
"2.2.2.2.2.3.2.3.2.2.2.2.2.1.2.2.1.1.1.2.2.2",0.599963979584924,FALSE,TRUE,37
"2.2.2.2.2.3.2.2.3.2.2.2.2.1.2.2.1.1.1.2.2.2",0.542378030061011,FALSE,TRUE,38
"2.2.2.2.2.3.2.2.2.3.2.2.2.1.2.2.1.1.1.2.2.2",0.540775336816416,FALSE,TRUE,38
"2.2.2.2.2.3.2.2.2.2.3.2.2.1.2.2.1.1.1.2.2.2",0.494087851530798,FALSE,TRUE,36
"2.2.2.2.2.3.2.2.2.2.2.3.2.1.2.2.1.1.1.2.2.2",0.534434885547667,FALSE,TRUE,38
"2.2.2.2.2.3.2.2.2.2.2.2.3.1.2.2.1.1.1.2.2.2",0.468291523911437,FALSE,TRUE,38
"2.2.2.2.2.3.2.2.2.2.2.2.2.2.2.2.1.1.1.2.2.2",0.517738665144836,FALSE,TRUE,37
"2.2.2.2.2.3.2.2.2.2.2.2.2.1.3.2.1.1.1.2.2.2",0.560651650097919,FALSE,TRUE,38
"2.2.2.2.2.3.2.2.2.2.2.2.2.1.2.3.1.1.1.2.2.2",0.524769504208633,FALSE,TRUE,38
"2.2.2.2.2.3.2.2.2.2.2.2.2.1.2.2.1.2.1.2.2.2",0.566097737942638,FALSE,TRUE,39
"2.2.2.2.2.3.2.2.2.2.2.2.2.1.2.2.1.1.2.2.2.2",0.518940310778925,FALSE,TRUE,39
"2.2.2.2.2.3.2.2.2.2.2.2.2.1.2.2.1.1.1.3.2.2",0.497135981638917,FALSE,TRUE,38
"2.2.2.2.2.3.2.2.2.2.2.2.2.1.2.2.1.1.1.2.3.2",0.481881582407707,FALSE,TRUE,38
"2.2.2.2.2.3.2.2.2.2.2.2.2.1.2.2.1.1.1.2.2.3",0.554236928983431,FALSE,TRUE,38
"1.2.2.2.2.3.2.2.2.2.2.2.2.1.2.2.1.1.1.2.2.2",0.483534997503372,FALSE,TRUE,37
"2.1.2.2.2.3.2.2.2.2.2.2.2.1.2.2.1.1.1.2.2.2",0.559850403684129,FALSE,TRUE,37
"2.2.1.2.2.3.2.2.2.2.2.2.2.1.2.2.1.1.1.2.2.2",0.533562304395097,FALSE,TRUE,35
"2.2.2.2.1.3.2.2.2.2.2.2.2.1.2.2.1.1.1.2.2.2",0.524209579221895,FALSE,TRUE,36
"2.2.2.2.2.3.1.2.2.2.2.2.2.1.2.2.1.1.1.2.2.2",0.448130453766119,FALSE,TRUE,37
"2.2.2.2.2.3.2.1.2.2.2.2.2.1.2.2.1.1.1.2.2.2",0.417515783277498,FALSE,TRUE,37
"2.2.2.2.2.3.2.2.1.2.2.2.2.1.2.2.1.1.1.2.2.2",0.486186330246562,FALSE,TRUE,37
"2.2.2.2.2.3.2.2.2.1.2.2.2.1.2.2.1.1.1.2.2.2",0.478322829006562,FALSE,TRUE,37
"2.2.2.2.2.3.2.2.2.2.1.2.2.1.2.2.1.1.1.2.2.2",0.527985874076798,FALSE,TRUE,37
"2.2.2.2.2.3.2.2.2.2.2.1.2.1.2.2.1.1.1.2.2.2",0.485463342510136,FALSE,TRUE,37
"2.2.2.2.2.3.2.2.2.2.2.2.1.1.2.2.1.1.1.2.2.2",0.560829007859147,FALSE,TRUE,37
"2.2.2.2.2.3.2.2.2.2.2.2.2.1.1.2.1.1.1.2.2.2",0.457752551509805,FALSE,TRUE,37
"2.2.2.2.2.3.2.2.2.2.2.2.2.1.2.1.1.1.1.2.2.2",0.492414062151398,FALSE,TRUE,37
"3.2.2.2.2.2.2.3.2.2.2.2.2.2.2.2.3.1.2.2.2.2",0.560320214119645,FALSE,TRUE,41
"2.3.2.2.2.2.2.3.2.2.2.2.2.2.2.2.3.1.2.2.2.2",0.519844326656293,FALSE,TRUE,41
"2.2.3.2.2.2.2.3.2.2.2.2.2.2.2.2.3.1.2.2.2.2",0.531100958216431,FALSE,TRUE,41
"2.2.2.3.2.2.2.3.2.2.2.2.2.2.2.2.3.1.2.2.2.2",0.568718609733854,FALSE,TRUE,41
"2.2.2.2.3.2.2.3.2.2.2.2.2.2.2.2.3.1.2.2.2.2",0.545318304091275,FALSE,TRUE,40
"2.2.2.2.2.3.2.3.2.2.2.2.2.2.2.2.3.1.2.2.2.2",0.586427092677957,FALSE,TRUE,41
"2.2.2.2.2.2.3.3.2.2.2.2.2.2.2.2.3.1.2.2.2.2",0.616405778237898,FALSE,TRUE,41
"2.2.2.2.2.2.2.4.2.2.2.2.2.2.2.2.3.1.2.2.2.2",0.63955109725623,FALSE,TRUE,41
"2.2.2.2.2.2.2.3.3.2.2.2.2.2.2.2.3.1.2.2.2.2",0.585434120798778,FALSE,TRUE,41
"2.2.2.2.2.2.2.3.2.3.2.2.2.2.2.2.3.1.2.2.2.2",0.58279122619057,FALSE,TRUE,41
"2.2.2.2.2.2.2.3.2.2.3.2.2.2.2.2.3.1.2.2.2.2",0.552840976962395,FALSE,TRUE,41
"2.2.2.2.2.2.2.3.2.2.2.3.2.2.2.2.3.1.2.2.2.2",0.580547341932424,FALSE,TRUE,41
"2.2.2.2.2.2.2.3.2.2.2.2.3.2.2.2.3.1.2.2.2.2",0.526522525596538,FALSE,TRUE,41
"2.2.2.2.2.2.2.3.2.2.2.2.2.3.2.2.3.1.2.2.2.2",0.556838486638793,FALSE,TRUE,41
"2.2.2.2.2.2.2.3.2.2.2.2.2.2.3.2.3.1.2.2.2.2",0.594857306625523,FALSE,TRUE,40
"2.2.2.2.2.2.2.3.2.2.2.2.2.2.2.3.3.1.2.2.2.2",0.560286181755052,FALSE,TRUE,41
"2.2.2.2.2.2.2.3.2.2.2.2.2.2.2.2.4.1.2.2.2.2",0.546813153403086,FALSE,TRUE,42
"2.2.2.2.2.2.2.3.2.2.2.2.2.2.2.2.3.2.2.2.2.2",0.619581551003736,FALSE,TRUE,41
"2.2.2.2.2.2.2.3.2.2.2.2.2.2.2.2.3.1.3.2.2.2",0.558361080518615,FALSE,TRUE,41
"2.2.2.2.2.2.2.3.2.2.2.2.2.2.2.2.3.1.2.3.2.2",0.555099109183315,FALSE,TRUE,41
"2.2.2.2.2.2.2.3.2.2.2.2.2.2.2.2.3.1.2.2.3.2",0.528923305049792,FALSE,TRUE,41
"2.2.2.2.2.2.2.3.2.2.2.2.2.2.2.2.3.1.2.2.2.3",0.598580665599314,FALSE,TRUE,41
"1.2.2.2.2.2.2.3.2.2.2.2.2.2.2.2.3.1.2.2.2.2",0.556323018150838,FALSE,TRUE,40
"2.1.2.2.2.2.2.3.2.2.2.2.2.2.2.2.3.1.2.2.2.2",0.606813459671713,FALSE,TRUE,40
"2.2.1.2.2.2.2.3.2.2.2.2.2.2.2.2.3.1.2.2.2.2",0.59464433962916,FALSE,TRUE,40
"2.2.2.1.2.2.2.3.2.2.2.2.2.2.2.2.3.1.2.2.2.2",0.55741113681974,FALSE,TRUE,40
"2.2.2.2.1.2.2.3.2.2.2.2.2.2.2.2.3.1.2.2.2.2",0.578041857080866,FALSE,TRUE,40
"2.2.2.2.2.1.2.3.2.2.2.2.2.2.2.2.3.1.2.2.2.2",0.537998733335597,FALSE,TRUE,40
"2.2.2.2.2.2.1.3.2.2.2.2.2.2.2.2.3.1.2.2.2.2",0.506799335379094,FALSE,TRUE,40
"2.2.2.2.2.2.2.3.1.2.2.2.2.2.2.2.3.1.2.2.2.2",0.542798247033703,FALSE,TRUE,38
"2.2.2.2.2.2.2.3.2.1.2.2.2.2.2.2.3.1.2.2.2.2",0.53374302239966,FALSE,TRUE,40
"2.2.2.2.2.2.2.3.2.2.1.2.2.2.2.2.3.1.2.2.2.2",0.569439072319082,FALSE,TRUE,40
"2.2.2.2.2.2.2.3.2.2.2.1.2.2.2.2.3.1.2.2.2.2",0.542101141590739,FALSE,TRUE,40
"2.2.2.2.2.2.2.3.2.2.2.2.1.2.2.2.3.1.2.2.2.2",0.60395863009243,FALSE,TRUE,40
"2.2.2.2.2.2.2.3.2.2.2.2.2.1.2.2.3.1.2.2.2.2",0.572408969810526,FALSE,TRUE,40
"2.2.2.2.2.2.2.3.2.2.2.2.2.2.1.2.3.1.2.2.2.2",0.520789956397211,FALSE,TRUE,40
"2.2.2.2.2.2.2.3.2.2.2.2.2.2.2.1.3.1.2.2.2.2",0.55504132550996,FALSE,TRUE,40
"2.2.2.2.2.2.2.3.2.2.2.2.2.2.2.2.3.1.1.2.2.2",0.560126237492408,FALSE,TRUE,38
"2.2.2.2.2.2.2.3.2.2.2.2.2.2.2.2.3.1.2.2.1.2",0.600630256436562,FALSE,TRUE,40
"2.2.2.2.2.2.2.3.2.2.2.2.2.2.2.2.3.1.2.2.2.1",0.522782186157562,FALSE,TRUE,40
"3.2.2.2.2.3.2.2.2.2.2.2.2.2.2.2.2.1.1.1.2.2",0.513366938245137,FALSE,TRUE,39
"2.3.2.2.2.3.2.2.2.2.2.2.2.2.2.2.2.1.1.1.2.2",0.4669537989523,FALSE,TRUE,39
"2.2.3.2.2.3.2.2.2.2.2.2.2.2.2.2.2.1.1.1.2.2",0.472266272672003,FALSE,TRUE,39
"2.2.2.3.2.3.2.2.2.2.2.2.2.2.2.2.2.1.1.1.2.2",0.513107047456923,FALSE,TRUE,39
"2.2.2.2.3.3.2.2.2.2.2.2.2.2.2.2.2.1.1.1.2.2",0.483913705017183,FALSE,TRUE,39
"2.2.2.2.2.4.2.2.2.2.2.2.2.2.2.2.2.1.1.1.2.2",0.527414560959042,FALSE,TRUE,40
"2.2.2.2.2.3.3.2.2.2.2.2.2.2.2.2.2.1.1.1.2.2",0.568663959343614,FALSE,TRUE,39
"2.2.2.2.2.3.2.3.2.2.2.2.2.2.2.2.2.1.1.1.2.2",0.598110760747875,FALSE,TRUE,38
"2.2.2.2.2.3.2.2.3.2.2.2.2.2.2.2.2.1.1.1.2.2",0.528585309319603,FALSE,TRUE,39
"2.2.2.2.2.3.2.2.2.3.2.2.2.2.2.2.2.1.1.1.2.2",0.545524074926885,FALSE,TRUE,39
"2.2.2.2.2.3.2.2.2.2.3.2.2.2.2.2.2.1.1.1.2.2",0.497387504827193,FALSE,TRUE,39
"2.2.2.2.2.3.2.2.2.2.2.3.2.2.2.2.2.1.1.1.2.2",0.533357402842122,FALSE,TRUE,39
"2.2.2.2.2.3.2.2.2.2.2.2.3.2.2.2.2.1.1.1.2.2",0.450352868991921,FALSE,TRUE,39
"2.2.2.2.2.3.2.2.2.2.2.2.2.3.2.2.2.1.1.1.2.2",0.496165435896462,FALSE,TRUE,39
"2.2.2.2.2.3.2.2.2.2.2.2.2.2.3.2.2.1.1.1.2.2",0.548884241549417,FALSE,TRUE,39
"2.2.2.2.2.3.2.2.2.2.2.2.2.2.2.3.2.1.1.1.2.2",0.504724087685202,FALSE,TRUE,39
"2.2.2.2.2.3.2.2.2.2.2.2.2.2.2.2.3.1.1.1.2.2",0.478936640375958,FALSE,TRUE,39
"2.2.2.2.2.3.2.2.2.2.2.2.2.2.2.2.2.2.1.1.2.2",0.556005500786053,FALSE,TRUE,40
"2.2.2.2.2.3.2.2.2.2.2.2.2.2.2.2.2.1.2.1.2.2",0.521884319421244,FALSE,TRUE,38
"2.2.2.2.2.3.2.2.2.2.2.2.2.2.2.2.2.1.1.1.3.2",0.466485027675004,FALSE,TRUE,39
"2.2.2.2.2.3.2.2.2.2.2.2.2.2.2.2.2.1.1.1.2.3",0.533364696088038,FALSE,TRUE,38
"1.2.2.2.2.3.2.2.2.2.2.2.2.2.2.2.2.1.1.1.2.2",0.481426896660296,FALSE,TRUE,38
"2.1.2.2.2.3.2.2.2.2.2.2.2.2.2.2.2.1.1.1.2.2",0.542827443116696,FALSE,TRUE,38
"2.2.1.2.2.3.2.2.2.2.2.2.2.2.2.2.2.1.1.1.2.2",0.528579981484234,FALSE,TRUE,38
"2.2.2.1.2.3.2.2.2.2.2.2.2.2.2.2.2.1.1.1.2.2",0.491390549741756,FALSE,TRUE,38
"2.2.2.2.1.3.2.2.2.2.2.2.2.2.2.2.2.1.1.1.2.2",0.515777279997499,FALSE,TRUE,38
"2.2.2.2.2.3.1.2.2.2.2.2.2.2.2.2.2.1.1.1.2.2",0.43304803460301,FALSE,TRUE,38
"2.2.2.2.2.3.2.1.2.2.2.2.2.2.2.2.2.1.1.1.2.2",0.39830740574427,FALSE,TRUE,38
"2.2.2.2.2.3.2.2.1.2.2.2.2.2.2.2.2.1.1.1.2.2",0.478337966579158,FALSE,TRUE,37
"2.2.2.2.2.3.2.2.2.1.2.2.2.2.2.2.2.1.1.1.2.2",0.450878314080228,FALSE,TRUE,38
"2.2.2.2.2.3.2.2.2.2.1.2.2.2.2.2.2.1.1.1.2.2",0.504158249915478,FALSE,TRUE,38
"2.2.2.2.2.3.2.2.2.2.2.1.2.2.2.2.2.1.1.1.2.2",0.468079199369326,FALSE,TRUE,37
"2.2.2.2.2.3.2.2.2.2.2.2.1.2.2.2.2.1.1.1.2.2",0.554328696048885,FALSE,TRUE,38
"2.2.2.2.2.3.2.2.2.2.2.2.2.1.2.2.2.1.1.1.2.2",0.505793981917241,FALSE,TRUE,36
"2.2.2.2.2.3.2.2.2.2.2.2.2.2.1.2.2.1.1.1.2.2",0.443217064965152,FALSE,TRUE,38
"2.2.2.2.2.3.2.2.2.2.2.2.2.2.2.1.2.1.1.1.2.2",0.489561454391686,FALSE,TRUE,38
"2.2.2.2.2.3.2.2.2.2.2.2.2.2.2.2.1.1.1.1.2.2",0.523151240283681,FALSE,TRUE,36
"2.2.2.2.2.3.2.2.2.2.2.2.2.2.2.2.2.1.1.1.1.2",0.547119680417592,FALSE,TRUE,38
"2.2.2.2.2.3.2.2.2.2.2.2.2.2.2.2.2.1.1.1.2.1",0.464070215401664,FALSE,TRUE,38
"3.2.1.2.2.2.2.2.2.2.2.2.2.1.2.2.1.1.1.1.2.2",0.537953919904608,FALSE,TRUE,36
"2.3.1.2.2.2.2.2.2.2.2.2.2.1.2.2.1.1.1.1.2.2",0.471515828964727,FALSE,TRUE,36
"2.2.1.3.2.2.2.2.2.2.2.2.2.1.2.2.1.1.1.1.2.2",0.524176460705063,FALSE,TRUE,36
"2.2.1.2.3.2.2.2.2.2.2.2.2.1.2.2.1.1.1.1.2.2",0.493492523178378,FALSE,TRUE,36
"2.2.1.2.2.3.2.2.2.2.2.2.2.1.2.2.1.1.1.1.2.2",0.540072265942811,FALSE,TRUE,35
"2.2.1.2.2.2.3.2.2.2.2.2.2.1.2.2.1.1.1.1.2.2",0.578607309252614,FALSE,TRUE,36
"2.2.1.2.2.2.2.2.3.2.2.2.2.1.2.2.1.1.1.1.2.2",0.550382339059913,FALSE,TRUE,36
"2.2.1.2.2.2.2.2.2.3.2.2.2.1.2.2.1.1.1.1.2.2",0.55736769493652,FALSE,TRUE,36
"2.2.1.2.2.2.2.2.2.2.2.3.2.1.2.2.1.1.1.1.2.2",0.547141210826436,FALSE,TRUE,36
"2.2.1.2.2.2.2.2.2.2.2.2.3.1.2.2.1.1.1.1.2.2",0.465386835136365,FALSE,TRUE,36
"2.2.1.2.2.2.2.2.2.2.2.2.2.2.2.2.1.1.1.1.2.2",0.517119646895197,FALSE,TRUE,36
"2.2.1.2.2.2.2.2.2.2.2.2.2.1.3.2.1.1.1.1.2.2",0.576238206682829,FALSE,TRUE,36
"2.2.1.2.2.2.2.2.2.2.2.2.2.1.2.3.1.1.1.1.2.2",0.531622553633622,FALSE,TRUE,36
"2.2.1.2.2.2.2.2.2.2.2.2.2.1.2.2.2.1.1.1.2.2",0.505816139174566,FALSE,TRUE,35
"2.2.1.2.2.2.2.2.2.2.2.2.2.1.2.2.1.2.1.1.2.2",0.563069671898956,FALSE,TRUE,37
"2.2.1.2.2.2.2.2.2.2.2.2.2.1.2.2.1.1.2.1.2.2",0.538758647654073,FALSE,TRUE,37
"2.2.1.2.2.2.2.2.2.2.2.2.2.1.2.2.1.1.1.1.3.2",0.481895370992218,FALSE,TRUE,36
"2.2.1.2.2.2.2.2.2.2.2.2.2.1.2.2.1.1.1.1.2.3",0.557771523585234,FALSE,TRUE,36
"1.2.1.2.2.2.2.2.2.2.2.2.2.1.2.2.1.1.1.1.2.2",0.485309907943945,FALSE,TRUE,35
"2.1.1.2.2.2.2.2.2.2.2.2.2.1.2.2.1.1.1.1.2.2",0.555642521685231,FALSE,TRUE,35
"2.2.1.2.1.2.2.2.2.2.2.2.2.1.2.2.1.1.1.1.2.2",0.531140062139931,FALSE,TRUE,35
"2.2.1.2.2.1.2.2.2.2.2.2.2.1.2.2.1.1.1.1.2.2",0.487774953403209,FALSE,TRUE,35
"2.2.1.2.2.2.1.2.2.2.2.2.2.1.2.2.1.1.1.1.2.2",0.447205883913374,FALSE,TRUE,35
"2.2.1.2.2.2.2.1.2.2.2.2.2.1.2.2.1.1.1.1.2.2",0.414335816241901,FALSE,TRUE,35
"2.2.1.2.2.2.2.2.1.2.2.2.2.1.2.2.1.1.1.1.2.2",0.481009216260076,FALSE,TRUE,35
"2.2.1.2.2.2.2.2.2.1.2.2.2.1.2.2.1.1.1.1.2.2",0.465245501146165,FALSE,TRUE,35
"2.2.1.2.2.2.2.2.2.2.1.2.2.1.2.2.1.1.1.1.2.2",0.52515507610603,FALSE,TRUE,35
"2.2.1.2.2.2.2.2.2.2.2.1.2.1.2.2.1.1.1.1.2.2",0.476787225841709,FALSE,TRUE,35
"2.2.1.2.2.2.2.2.2.2.2.2.1.1.2.2.1.1.1.1.2.2",0.565841889075869,FALSE,TRUE,35
"2.2.1.2.2.2.2.2.2.2.2.2.2.1.1.2.1.1.1.1.2.2",0.444899801174618,FALSE,TRUE,35
"2.2.1.2.2.2.2.2.2.2.2.2.2.1.2.1.1.1.1.1.2.2",0.487358365235673,FALSE,TRUE,35
"2.2.1.2.2.2.2.2.2.2.2.2.2.1.2.2.1.1.1.1.1.2",0.5507428885822,FALSE,TRUE,34
"2.2.1.2.2.2.2.2.2.2.2.2.2.1.2.2.1.1.1.1.2.1",0.463479458848365,FALSE,TRUE,34
"1.3.2.2.2.2.2.2.2.2.2.2.2.2.3.2.2.1.2.2.2.2",0.455267783598172,FALSE,TRUE,40
"1.2.3.2.2.2.2.2.2.2.2.2.2.2.3.2.2.1.2.2.2.2",0.476706741818355,FALSE,TRUE,40
"1.2.2.3.2.2.2.2.2.2.2.2.2.2.3.2.2.1.2.2.2.2",0.529692569561535,FALSE,TRUE,40
"1.2.2.2.3.2.2.2.2.2.2.2.2.2.3.2.2.1.2.2.2.2",0.510858532258727,FALSE,TRUE,39
"1.2.2.2.2.3.2.2.2.2.2.2.2.2.3.2.2.1.2.2.2.2",0.520781349667009,FALSE,TRUE,40
"1.2.2.2.2.2.2.3.2.2.2.2.2.2.3.2.2.1.2.2.2.2",0.590999931960928,FALSE,TRUE,39
"1.2.2.2.2.2.2.2.3.2.2.2.2.2.3.2.2.1.2.2.2.2",0.527154026346904,FALSE,TRUE,40
"1.2.2.2.2.2.2.2.2.3.2.2.2.2.3.2.2.1.2.2.2.2",0.520292773238251,FALSE,TRUE,40
"1.2.2.2.2.2.2.2.2.2.3.2.2.2.3.2.2.1.2.2.2.2",0.489579423146763,FALSE,TRUE,40
"1.2.2.2.2.2.2.2.2.2.2.3.2.2.3.2.2.1.2.2.2.2",0.524048718859458,FALSE,TRUE,40
"1.2.2.2.2.2.2.2.2.2.2.2.3.2.3.2.2.1.2.2.2.2",0.468610067617406,FALSE,TRUE,40
"1.2.2.2.2.2.2.2.2.2.2.2.2.3.3.2.2.1.2.2.2.2",0.512473730002226,FALSE,TRUE,40
"1.2.2.2.2.2.2.2.2.2.2.2.2.2.4.2.2.1.2.2.2.2",0.53210002900942,FALSE,TRUE,40
"1.2.2.2.2.2.2.2.2.2.2.2.2.2.3.3.2.1.2.2.2.2",0.516132648281647,FALSE,TRUE,40
"1.2.2.2.2.2.2.2.2.2.2.2.2.2.3.2.3.1.2.2.2.2",0.503801414062972,FALSE,TRUE,40
"1.2.2.2.2.2.2.2.2.2.2.2.2.2.3.2.2.2.2.2.2.2",0.575433956801708,FALSE,TRUE,40
"1.2.2.2.2.2.2.2.2.2.2.2.2.2.3.2.2.1.3.2.2.2",0.494823216097634,FALSE,TRUE,40
"1.2.2.2.2.2.2.2.2.2.2.2.2.2.3.2.2.1.2.3.2.2",0.494150303859947,FALSE,TRUE,40
"1.2.2.2.2.2.2.2.2.2.2.2.2.2.3.2.2.1.2.2.3.2",0.470105260330385,FALSE,TRUE,40
"1.2.2.2.2.2.2.2.2.2.2.2.2.2.3.2.2.1.2.2.2.3",0.545830586599613,FALSE,TRUE,40
"1.1.2.2.2.2.2.2.2.2.2.2.2.2.3.2.2.1.2.2.2.2",0.562638904392838,FALSE,TRUE,39
"1.2.1.2.2.2.2.2.2.2.2.2.2.2.3.2.2.1.2.2.2.2",0.540224192957546,FALSE,TRUE,39
"1.2.2.1.2.2.2.2.2.2.2.2.2.2.3.2.2.1.2.2.2.2",0.486746405691499,FALSE,TRUE,38
"1.2.2.2.1.2.2.2.2.2.2.2.2.2.3.2.2.1.2.2.2.2",0.504706725441447,FALSE,TRUE,39
"1.2.2.2.2.1.2.2.2.2.2.2.2.2.3.2.2.1.2.2.2.2",0.492937938464267,FALSE,TRUE,39
"1.2.2.2.2.2.1.2.2.2.2.2.2.2.3.2.2.1.2.2.2.2",0.446651388296487,FALSE,TRUE,39
"1.2.2.2.2.2.2.1.2.2.2.2.2.2.3.2.2.1.2.2.2.2",0.414154092113422,FALSE,TRUE,39
"1.2.2.2.2.2.2.2.1.2.2.2.2.2.3.2.2.1.2.2.2.2",0.491587943256005,FALSE,TRUE,39
"1.2.2.2.2.2.2.2.2.1.2.2.2.2.3.2.2.1.2.2.2.2",0.487615455830804,FALSE,TRUE,39
"1.2.2.2.2.2.2.2.2.2.1.2.2.2.3.2.2.1.2.2.2.2",0.523888600563729,FALSE,TRUE,39
"1.2.2.2.2.2.2.2.2.2.2.1.2.2.3.2.2.1.2.2.2.2",0.48818545096032,FALSE,TRUE,39
"1.2.2.2.2.2.2.2.2.2.2.2.1.2.3.2.2.1.2.2.2.2",0.551967078116797,FALSE,TRUE,39
"1.2.2.2.2.2.2.2.2.2.2.2.2.1.3.2.2.1.2.2.2.2",0.507064404638193,FALSE,TRUE,39
"1.2.2.2.2.2.2.2.2.2.2.2.2.2.3.1.2.1.2.2.2.2",0.493521481609069,FALSE,TRUE,39
"1.2.2.2.2.2.2.2.2.2.2.2.2.2.3.2.1.1.2.2.2.2",0.512731928003152,FALSE,TRUE,39
"1.2.2.2.2.2.2.2.2.2.2.2.2.2.3.2.2.1.1.2.2.2",0.515288103506351,FALSE,TRUE,38
"1.2.2.2.2.2.2.2.2.2.2.2.2.2.3.2.2.1.2.1.2.2",0.52124231856332,FALSE,TRUE,39
"1.2.2.2.2.2.2.2.2.2.2.2.2.2.3.2.2.1.2.2.1.2",0.550014941351421,FALSE,TRUE,39
"1.2.2.2.2.2.2.2.2.2.2.2.2.2.3.2.2.1.2.2.2.1",0.466430660828293,FALSE,TRUE,39
