"karyotype","fitness","is_fq","is_nn","boundary_degree"
"2.2.2.2.2.2.2.2.2.2.2.2.2.2.2.2.2.2.2.2.2.2",0.454830220122036,TRUE,FALSE,0
"2.2.2.2.2.2.3.2.2.2.2.2.2.2.2.2.2.2.2.2.2.2",0.413587672079962,TRUE,FALSE,0
"2.2.2.2.2.2.2.2.2.2.2.3.2.2.2.2.2.2.2.2.2.2",0.518099753834263,TRUE,FALSE,0
"2.2.2.2.2.2.1.2.2.2.2.3.2.2.2.2.2.2.2.2.2.2",0.54254393705678,TRUE,FALSE,0
"2.2.1.2.2.2.1.2.2.2.2.3.2.2.2.2.2.2.2.2.2.2",0.57129149624492,TRUE,FALSE,0
"2.2.2.2.2.2.1.2.3.2.2.3.2.2.2.2.2.2.2.2.2.2",0.531398179154526,TRUE,FALSE,0
"2.2.2.2.3.2.2.2.2.2.2.2.2.2.2.2.2.2.2.2.2.2",0.427741053104597,TRUE,FALSE,0
"2.2.2.2.2.2.3.2.2.2.2.2.2.2.2.2.2.2.2.2.2.3",0.457021485257255,TRUE,FALSE,0
"2.2.2.2.2.2.1.2.2.2.2.3.3.2.2.2.2.2.2.2.2.2",0.55250452843718,TRUE,FALSE,0
"2.2.2.2.2.2.3.2.2.2.2.2.2.2.2.2.2.2.2.2.1.2",0.538837378183378,TRUE,FALSE,0
"2.3.2.2.2.2.2.2.2.2.2.2.2.2.2.2.2.2.2.2.2.2",0.406530828871706,TRUE,FALSE,0
"2.2.2.2.2.2.4.2.2.2.2.2.2.2.2.2.2.2.2.2.2.2",0.343141299223377,TRUE,FALSE,0
"2.2.2.2.2.2.3.2.2.2.2.2.2.2.2.2.2.2.2.2.3.3",0.319283387096963,TRUE,FALSE,0
"2.2.2.2.2.2.1.2.2.2.2.3.2.1.2.2.2.2.2.2.2.2",0.558658661520022,TRUE,FALSE,0
"2.2.2.2.2.2.3.2.2.2.2.2.2.2.2.3.2.2.2.2.2.3",0.480704894004924,TRUE,FALSE,0
"2.2.1.2.2.2.1.2.2.2.2.3.2.1.2.2.2.2.2.2.2.2",0.610854871372348,TRUE,FALSE,0
"3.2.2.2.2.2.3.2.2.2.2.2.2.2.2.2.2.2.2.2.1.2",0.550290366417027,TRUE,FALSE,0
"2.3.2.2.2.2.2.2.2.2.2.2.2.2.2.2.2.2.2.2.1.2",0.514928640460317,TRUE,FALSE,0
"2.2.2.2.2.2.3.2.2.2.2.2.2.2.2.2.1.2.2.2.2.3",0.348718130586154,TRUE,FALSE,0
"2.2.2.2.2.2.3.2.2.2.2.2.2.2.2.3.2.2.2.2.1.2",0.557331113993462,TRUE,FALSE,0
"2.2.2.2.2.2.3.2.2.2.2.2.3.2.2.2.2.2.2.2.2.2",0.411145735562694,TRUE,FALSE,0
"2.3.2.2.2.2.2.2.2.2.2.1.2.2.2.2.2.2.2.2.2.2",0.323751918432924,TRUE,FALSE,0
"2.2.1.2.2.2.1.2.2.2.2.3.2.1.2.1.2.2.2.2.2.2",0.573153272572945,TRUE,FALSE,0
"2.2.1.2.2.2.1.2.2.2.2.4.2.1.2.2.2.2.2.2.2.2",0.622686965023537,TRUE,FALSE,0
"2.2.2.2.2.2.3.2.2.2.2.2.2.2.2.2.1.2.2.1.2.3",0.388520307318904,TRUE,FALSE,0
"2.2.2.3.2.2.3.2.2.2.2.2.2.2.2.2.2.2.2.2.1.2",0.484405783013171,TRUE,FALSE,0
"3.2.2.2.2.2.3.2.2.2.1.2.2.2.2.2.2.2.2.2.1.2",0.522937278575408,TRUE,FALSE,0
"2.2.2.2.2.2.3.2.2.2.2.1.2.2.2.3.2.2.2.2.2.3",0.432253128426796,TRUE,FALSE,0
"2.3.2.2.2.2.1.2.2.2.2.3.2.1.2.2.2.2.2.2.2.2",0.525618999680471,TRUE,FALSE,0
"2.2.1.2.2.2.1.2.3.2.2.3.2.1.2.1.2.2.2.2.2.2",0.572450414642087,TRUE,FALSE,0
"2.3.2.2.2.2.2.1.2.2.2.2.2.2.2.2.2.2.2.2.2.2",0.421003862960638,TRUE,FALSE,0
"2.2.2.2.2.2.4.2.2.2.2.3.2.2.2.2.2.2.2.2.2.2",0.370888625072179,TRUE,FALSE,0
"2.2.2.2.2.2.1.2.3.2.1.3.2.2.2.2.2.2.2.2.2.2",0.49021677233687,TRUE,FALSE,0
"2.2.2.2.2.2.3.2.2.2.2.2.2.3.2.3.2.2.2.2.2.3",0.41245756618235,TRUE,FALSE,0
"2.2.2.2.3.2.3.2.2.2.2.2.2.2.2.2.2.2.2.2.3.3",0.319819379959723,TRUE,FALSE,0
"2.2.2.2.2.2.1.2.2.1.2.3.3.2.2.2.2.2.2.2.2.2",0.572398137192512,TRUE,FALSE,0
"4.2.2.2.2.2.3.2.2.2.1.2.2.2.2.2.2.2.2.2.1.2",0.512567831353835,TRUE,FALSE,0
"2.2.2.2.3.2.3.2.2.2.2.2.2.2.2.2.2.2.1.2.3.3",0.408786521040013,TRUE,FALSE,0
"2.2.2.3.2.2.1.2.3.2.2.3.2.2.2.2.2.2.2.2.2.2",0.494170956648239,TRUE,FALSE,0
"2.2.1.3.2.2.1.2.2.2.2.4.2.1.2.2.2.2.2.2.2.2",0.538997353710265,TRUE,FALSE,0
"3.2.2.2.2.2.3.2.2.2.1.2.1.2.2.2.2.2.2.2.1.2",0.549065864839976,TRUE,FALSE,0
"2.2.2.2.2.1.3.2.2.2.2.2.3.2.2.2.2.2.2.2.2.2",0.491382952078633,TRUE,FALSE,0
"3.2.2.2.2.2.3.2.2.2.1.2.1.2.3.2.2.2.2.2.1.2",0.492304765087824,TRUE,FALSE,0
"2.2.1.2.2.2.3.2.2.2.2.2.2.2.2.2.2.2.2.2.1.2",0.581709176000402,TRUE,FALSE,0
"2.2.2.2.2.2.3.2.2.2.2.1.2.2.2.3.2.2.2.2.1.3",0.51447965026967,TRUE,FALSE,0
"2.2.2.2.2.2.3.2.2.2.2.2.1.2.2.3.2.2.2.2.1.2",0.533681710670594,TRUE,FALSE,0
"2.2.2.2.2.1.3.2.2.2.2.2.2.2.2.2.2.2.2.2.2.2",0.462389843303017,TRUE,FALSE,0
"2.3.2.2.2.2.1.2.2.2.2.1.2.2.2.2.2.2.2.2.2.2",0.339562426162505,TRUE,FALSE,0
"2.2.2.2.2.2.2.2.2.2.2.2.1.2.2.2.2.2.2.2.2.2",0.454150513055089,TRUE,FALSE,0
"3.2.2.2.2.2.3.2.2.2.2.2.2.2.2.2.3.2.2.2.1.2",0.609072695640767,TRUE,FALSE,0
"3.2.2.2.2.2.2.2.2.2.2.2.2.2.2.2.2.2.2.2.2.2",0.485103266956737,FALSE,TRUE,37
"2.2.3.2.2.2.2.2.2.2.2.2.2.2.2.2.2.2.2.2.2.2",0.377437269089116,FALSE,TRUE,38
"2.2.2.3.2.2.2.2.2.2.2.2.2.2.2.2.2.2.2.2.2.2",0.407648831663758,FALSE,TRUE,37
"2.2.2.2.2.3.2.2.2.2.2.2.2.2.2.2.2.2.2.2.2.2",0.396499009493094,FALSE,TRUE,38
"2.2.2.2.2.2.2.3.2.2.2.2.2.2.2.2.2.2.2.2.2.2",0.414804590756749,FALSE,TRUE,38
"2.2.2.2.2.2.2.2.3.2.2.2.2.2.2.2.2.2.2.2.2.2",0.439388654738257,FALSE,TRUE,37
"2.2.2.2.2.2.2.2.2.3.2.2.2.2.2.2.2.2.2.2.2.2",0.442394946864532,FALSE,TRUE,38
"2.2.2.2.2.2.2.2.2.2.3.2.2.2.2.2.2.2.2.2.2.2",0.460483989579552,FALSE,TRUE,38
"2.2.2.2.2.2.2.2.2.2.2.2.3.2.2.2.2.2.2.2.2.2",0.463802202046922,FALSE,TRUE,37
"2.2.2.2.2.2.2.2.2.2.2.2.2.3.2.2.2.2.2.2.2.2",0.406080815964725,FALSE,TRUE,38
"2.2.2.2.2.2.2.2.2.2.2.2.2.2.3.2.2.2.2.2.2.2",0.426862633974743,FALSE,TRUE,38
"2.2.2.2.2.2.2.2.2.2.2.2.2.2.2.3.2.2.2.2.2.2",0.48788134359085,FALSE,TRUE,36
"2.2.2.2.2.2.2.2.2.2.2.2.2.2.2.2.3.2.2.2.2.2",0.556991692593134,FALSE,TRUE,38
"2.2.2.2.2.2.2.2.2.2.2.2.2.2.2.2.2.3.2.2.2.2",0.362633048774024,FALSE,TRUE,38
"2.2.2.2.2.2.2.2.2.2.2.2.2.2.2.2.2.2.3.2.2.2",0.353749043658635,FALSE,TRUE,38
"2.2.2.2.2.2.2.2.2.2.2.2.2.2.2.2.2.2.2.3.2.2",0.356313542363854,FALSE,TRUE,38
"2.2.2.2.2.2.2.2.2.2.2.2.2.2.2.2.2.2.2.2.3.2",0.33385001249056,FALSE,TRUE,37
"2.2.2.2.2.2.2.2.2.2.2.2.2.2.2.2.2.2.2.2.2.3",0.494498559007526,FALSE,TRUE,35
"1.2.2.2.2.2.2.2.2.2.2.2.2.2.2.2.2.2.2.2.2.2",0.410694045072593,FALSE,TRUE,37
"2.1.2.2.2.2.2.2.2.2.2.2.2.2.2.2.2.2.2.2.2.2",0.464630280727559,FALSE,TRUE,38
"2.2.1.2.2.2.2.2.2.2.2.2.2.2.2.2.2.2.2.2.2.2",0.505465078745413,FALSE,TRUE,35
"2.2.2.1.2.2.2.2.2.2.2.2.2.2.2.2.2.2.2.2.2.2",0.452872506877653,FALSE,TRUE,37
"2.2.2.2.1.2.2.2.2.2.2.2.2.2.2.2.2.2.2.2.2.2",0.4464127255058,FALSE,TRUE,38
"2.2.2.2.2.1.2.2.2.2.2.2.2.2.2.2.2.2.2.2.2.2",0.488735335999082,FALSE,TRUE,36
"2.2.2.2.2.2.1.2.2.2.2.2.2.2.2.2.2.2.2.2.2.2",0.463587117417569,FALSE,TRUE,33
"2.2.2.2.2.2.2.1.2.2.2.2.2.2.2.2.2.2.2.2.2.2",0.472009312080651,FALSE,TRUE,37
"2.2.2.2.2.2.2.2.1.2.2.2.2.2.2.2.2.2.2.2.2.2",0.454672840643699,FALSE,TRUE,37
"2.2.2.2.2.2.2.2.2.1.2.2.2.2.2.2.2.2.2.2.2.2",0.450854442646222,FALSE,TRUE,37
"2.2.2.2.2.2.2.2.2.2.1.2.2.2.2.2.2.2.2.2.2.2",0.429619180729915,FALSE,TRUE,37
"2.2.2.2.2.2.2.2.2.2.2.1.2.2.2.2.2.2.2.2.2.2",0.359366808826453,FALSE,TRUE,37
"2.2.2.2.2.2.2.2.2.2.2.2.2.1.2.2.2.2.2.2.2.2",0.473594009219861,FALSE,TRUE,36
"2.2.2.2.2.2.2.2.2.2.2.2.2.2.1.2.2.2.2.2.2.2",0.419670441342655,FALSE,TRUE,37
"2.2.2.2.2.2.2.2.2.2.2.2.2.2.2.1.2.2.2.2.2.2",0.370080542752814,FALSE,TRUE,37
"2.2.2.2.2.2.2.2.2.2.2.2.2.2.2.2.1.2.2.2.2.2",0.358850838092723,FALSE,TRUE,36
"2.2.2.2.2.2.2.2.2.2.2.2.2.2.2.2.2.1.2.2.2.2",0.482532574530896,FALSE,TRUE,37
"2.2.2.2.2.2.2.2.2.2.2.2.2.2.2.2.2.2.1.2.2.2",0.548056308403428,FALSE,TRUE,37
"2.2.2.2.2.2.2.2.2.2.2.2.2.2.2.2.2.2.2.1.2.2",0.481310760433358,FALSE,TRUE,37
"2.2.2.2.2.2.2.2.2.2.2.2.2.2.2.2.2.2.2.2.1.2",0.554690722507535,FALSE,TRUE,33
"2.2.2.2.2.2.2.2.2.2.2.2.2.2.2.2.2.2.2.2.2.1",0.423686906665433,FALSE,TRUE,37
"3.2.2.2.2.2.3.2.2.2.2.2.2.2.2.2.2.2.2.2.2.2",0.463877145291261,FALSE,TRUE,35
"2.3.2.2.2.2.3.2.2.2.2.2.2.2.2.2.2.2.2.2.2.2",0.341708396665802,FALSE,TRUE,35
"2.2.3.2.2.2.3.2.2.2.2.2.2.2.2.2.2.2.2.2.2.2",0.333167818675155,FALSE,TRUE,37
"2.2.2.3.2.2.3.2.2.2.2.2.2.2.2.2.2.2.2.2.2.2",0.351273081705185,FALSE,TRUE,37
"2.2.2.2.3.2.3.2.2.2.2.2.2.2.2.2.2.2.2.2.2.2",0.390756684714499,FALSE,TRUE,36
"2.2.2.2.2.3.3.2.2.2.2.2.2.2.2.2.2.2.2.2.2.2",0.343647439190029,FALSE,TRUE,38
"2.2.2.2.2.2.3.3.2.2.2.2.2.2.2.2.2.2.2.2.2.2",0.365126971437414,FALSE,TRUE,37
"2.2.2.2.2.2.3.2.3.2.2.2.2.2.2.2.2.2.2.2.2.2",0.412630277429167,FALSE,TRUE,37
"2.2.2.2.2.2.3.2.2.3.2.2.2.2.2.2.2.2.2.2.2.2",0.423887238133627,FALSE,TRUE,37
"2.2.2.2.2.2.3.2.2.2.3.2.2.2.2.2.2.2.2.2.2.2",0.392384669043705,FALSE,TRUE,37
"2.2.2.2.2.2.3.2.2.2.2.3.2.2.2.2.2.2.2.2.2.2",0.457862471403435,FALSE,TRUE,37
"2.2.2.2.2.2.3.2.2.2.2.2.2.3.2.2.2.2.2.2.2.2",0.388200016675308,FALSE,TRUE,36
"2.2.2.2.2.2.3.2.2.2.2.2.2.2.3.2.2.2.2.2.2.2",0.407903487745824,FALSE,TRUE,37
"2.2.2.2.2.2.3.2.2.2.2.2.2.2.2.3.2.2.2.2.2.2",0.472537090973595,FALSE,TRUE,34
"2.2.2.2.2.2.3.2.2.2.2.2.2.2.2.2.3.2.2.2.2.2",0.506192725273051,FALSE,TRUE,36
"2.2.2.2.2.2.3.2.2.2.2.2.2.2.2.2.2.3.2.2.2.2",0.298995351571318,FALSE,TRUE,37
"2.2.2.2.2.2.3.2.2.2.2.2.2.2.2.2.2.2.3.2.2.2",0.323779165995049,FALSE,TRUE,37
"2.2.2.2.2.2.3.2.2.2.2.2.2.2.2.2.2.2.2.3.2.2",0.291591701644659,FALSE,TRUE,37
"2.2.2.2.2.2.3.2.2.2.2.2.2.2.2.2.2.2.2.2.3.2",0.270192352580575,FALSE,TRUE,37
"1.2.2.2.2.2.3.2.2.2.2.2.2.2.2.2.2.2.2.2.2.2",0.356179913706065,FALSE,TRUE,36
"2.1.2.2.2.2.3.2.2.2.2.2.2.2.2.2.2.2.2.2.2.2",0.455609459721694,FALSE,TRUE,36
"2.2.1.2.2.2.3.2.2.2.2.2.2.2.2.2.2.2.2.2.2.2",0.472513730302143,FALSE,TRUE,36
"2.2.2.1.2.2.3.2.2.2.2.2.2.2.2.2.2.2.2.2.2.2",0.427611156706118,FALSE,TRUE,36
"2.2.2.2.1.2.3.2.2.2.2.2.2.2.2.2.2.2.2.2.2.2",0.403234289250967,FALSE,TRUE,36
"2.2.2.2.2.2.3.1.2.2.2.2.2.2.2.2.2.2.2.2.2.2",0.439339411510691,FALSE,TRUE,35
"2.2.2.2.2.2.3.2.1.2.2.2.2.2.2.2.2.2.2.2.2.2",0.400429361723015,FALSE,TRUE,36
"2.2.2.2.2.2.3.2.2.1.2.2.2.2.2.2.2.2.2.2.2.2",0.389751860179996,FALSE,TRUE,36
"2.2.2.2.2.2.3.2.2.2.1.2.2.2.2.2.2.2.2.2.2.2",0.419493182110664,FALSE,TRUE,35
"2.2.2.2.2.2.3.2.2.2.2.1.2.2.2.2.2.2.2.2.2.2",0.33508783201885,FALSE,TRUE,34
"2.2.2.2.2.2.3.2.2.2.2.2.1.2.2.2.2.2.2.2.2.2",0.429833348215334,FALSE,TRUE,36
"2.2.2.2.2.2.3.2.2.2.2.2.2.1.2.2.2.2.2.2.2.2",0.411958822067855,FALSE,TRUE,36
"2.2.2.2.2.2.3.2.2.2.2.2.2.2.1.2.2.2.2.2.2.2",0.364713924649248,FALSE,TRUE,36
"2.2.2.2.2.2.3.2.2.2.2.2.2.2.2.1.2.2.2.2.2.2",0.304264586174047,FALSE,TRUE,36
"2.2.2.2.2.2.3.2.2.2.2.2.2.2.2.2.1.2.2.2.2.2",0.329345096803725,FALSE,TRUE,35
"2.2.2.2.2.2.3.2.2.2.2.2.2.2.2.2.2.1.2.2.2.2",0.468837624485403,FALSE,TRUE,36
"2.2.2.2.2.2.3.2.2.2.2.2.2.2.2.2.2.2.1.2.2.2",0.500330596013642,FALSE,TRUE,36
"2.2.2.2.2.2.3.2.2.2.2.2.2.2.2.2.2.2.2.1.2.2",0.463668753843069,FALSE,TRUE,35
"2.2.2.2.2.2.3.2.2.2.2.2.2.2.2.2.2.2.2.2.2.1",0.383402412081855,FALSE,TRUE,37
"3.2.2.2.2.2.2.2.2.2.2.3.2.2.2.2.2.2.2.2.2.2",0.535925646330299,FALSE,TRUE,41
"2.3.2.2.2.2.2.2.2.2.2.3.2.2.2.2.2.2.2.2.2.2",0.454299403494823,FALSE,TRUE,38
"2.2.3.2.2.2.2.2.2.2.2.3.2.2.2.2.2.2.2.2.2.2",0.450041579754775,FALSE,TRUE,41
"2.2.2.3.2.2.2.2.2.2.2.3.2.2.2.2.2.2.2.2.2.2",0.455235046524584,FALSE,TRUE,40
"2.2.2.2.3.2.2.2.2.2.2.3.2.2.2.2.2.2.2.2.2.2",0.521859711959423,FALSE,TRUE,41
"2.2.2.2.2.3.2.2.2.2.2.3.2.2.2.2.2.2.2.2.2.2",0.47951626059785,FALSE,TRUE,41
"2.2.2.2.2.2.2.3.2.2.2.3.2.2.2.2.2.2.2.2.2.2",0.453023029852628,FALSE,TRUE,41
"2.2.2.2.2.2.2.2.3.2.2.3.2.2.2.2.2.2.2.2.2.2",0.522969912148715,FALSE,TRUE,39
"2.2.2.2.2.2.2.2.2.3.2.3.2.2.2.2.2.2.2.2.2.2",0.516322222691942,FALSE,TRUE,41
"2.2.2.2.2.2.2.2.2.2.3.3.2.2.2.2.2.2.2.2.2.2",0.504241416057676,FALSE,TRUE,41
"2.2.2.2.2.2.2.2.2.2.2.4.2.2.2.2.2.2.2.2.2.2",0.542161428465418,FALSE,TRUE,42
"2.2.2.2.2.2.2.2.2.2.2.3.3.2.2.2.2.2.2.2.2.2",0.518743966469384,FALSE,TRUE,39
"2.2.2.2.2.2.2.2.2.2.2.3.2.3.2.2.2.2.2.2.2.2",0.484578906248648,FALSE,TRUE,41
"2.2.2.2.2.2.2.2.2.2.2.3.2.2.3.2.2.2.2.2.2.2",0.478976905828152,FALSE,TRUE,41
"2.2.2.2.2.2.2.2.2.2.2.3.2.2.2.3.2.2.2.2.2.2",0.536475789639858,FALSE,TRUE,41
"2.2.2.2.2.2.2.2.2.2.2.3.2.2.2.2.3.2.2.2.2.2",0.608496829801443,FALSE,TRUE,41
"2.2.2.2.2.2.2.2.2.2.2.3.2.2.2.2.2.3.2.2.2.2",0.432916812941446,FALSE,TRUE,41
"2.2.2.2.2.2.2.2.2.2.2.3.2.2.2.2.2.2.3.2.2.2",0.432672782964662,FALSE,TRUE,41
"2.2.2.2.2.2.2.2.2.2.2.3.2.2.2.2.2.2.2.3.2.2",0.38772229706049,FALSE,TRUE,41
"2.2.2.2.2.2.2.2.2.2.2.3.2.2.2.2.2.2.2.2.3.2",0.391574842495804,FALSE,TRUE,41
"2.2.2.2.2.2.2.2.2.2.2.3.2.2.2.2.2.2.2.2.2.3",0.539266141456018,FALSE,TRUE,40
"1.2.2.2.2.2.2.2.2.2.2.3.2.2.2.2.2.2.2.2.2.2",0.482541034005506,FALSE,TRUE,40
"2.1.2.2.2.2.2.2.2.2.2.3.2.2.2.2.2.2.2.2.2.2",0.533217168065336,FALSE,TRUE,40
"2.2.1.2.2.2.2.2.2.2.2.3.2.2.2.2.2.2.2.2.2.2",0.558157265597807,FALSE,TRUE,39
"2.2.2.1.2.2.2.2.2.2.2.3.2.2.2.2.2.2.2.2.2.2",0.525544941879622,FALSE,TRUE,40
"2.2.2.2.1.2.2.2.2.2.2.3.2.2.2.2.2.2.2.2.2.2",0.477727967017112,FALSE,TRUE,40
"2.2.2.2.2.1.2.2.2.2.2.3.2.2.2.2.2.2.2.2.2.2",0.529704141559956,FALSE,TRUE,39
"2.2.2.2.2.2.2.1.2.2.2.3.2.2.2.2.2.2.2.2.2.2",0.555455931941831,FALSE,TRUE,39
"2.2.2.2.2.2.2.2.1.2.2.3.2.2.2.2.2.2.2.2.2.2",0.493945043753017,FALSE,TRUE,40
"2.2.2.2.2.2.2.2.2.1.2.3.2.2.2.2.2.2.2.2.2.2",0.500416743580867,FALSE,TRUE,39
"2.2.2.2.2.2.2.2.2.2.1.3.2.2.2.2.2.2.2.2.2.2",0.511886478135103,FALSE,TRUE,39
"2.2.2.2.2.2.2.2.2.2.2.3.1.2.2.2.2.2.2.2.2.2",0.52344845454058,FALSE,TRUE,40
"2.2.2.2.2.2.2.2.2.2.2.3.2.1.2.2.2.2.2.2.2.2",0.520407475048732,FALSE,TRUE,38
"2.2.2.2.2.2.2.2.2.2.2.3.2.2.1.2.2.2.2.2.2.2",0.490780635694132,FALSE,TRUE,40
"2.2.2.2.2.2.2.2.2.2.2.3.2.2.2.1.2.2.2.2.2.2",0.445651320547971,FALSE,TRUE,40
"2.2.2.2.2.2.2.2.2.2.2.3.2.2.2.2.1.2.2.2.2.2",0.433957074439548,FALSE,TRUE,40
"2.2.2.2.2.2.2.2.2.2.2.3.2.2.2.2.2.1.2.2.2.2",0.526516359973725,FALSE,TRUE,40
"2.2.2.2.2.2.2.2.2.2.2.3.2.2.2.2.2.2.1.2.2.2",0.591464047037903,FALSE,TRUE,40
"2.2.2.2.2.2.2.2.2.2.2.3.2.2.2.2.2.2.2.1.2.2",0.565536954517153,FALSE,TRUE,40
"2.2.2.2.2.2.2.2.2.2.2.3.2.2.2.2.2.2.2.2.1.2",0.617669330533945,FALSE,TRUE,38
"2.2.2.2.2.2.2.2.2.2.2.3.2.2.2.2.2.2.2.2.2.1",0.501686364978995,FALSE,TRUE,40
"3.2.2.2.2.2.1.2.2.2.2.3.2.2.2.2.2.2.2.2.2.2",0.541584495316001,FALSE,TRUE,37
"2.3.2.2.2.2.1.2.2.2.2.3.2.2.2.2.2.2.2.2.2.2",0.509423669866979,FALSE,TRUE,36
"2.2.3.2.2.2.1.2.2.2.2.3.2.2.2.2.2.2.2.2.2.2",0.480743183760706,FALSE,TRUE,38
"2.2.2.3.2.2.1.2.2.2.2.3.2.2.2.2.2.2.2.2.2.2",0.491544202779786,FALSE,TRUE,37
"2.2.2.2.3.2.1.2.2.2.2.3.2.2.2.2.2.2.2.2.2.2",0.544590407717149,FALSE,TRUE,36
"2.2.2.2.2.3.1.2.2.2.2.3.2.2.2.2.2.2.2.2.2.2",0.510545639359625,FALSE,TRUE,37
"2.2.2.2.2.2.1.3.2.2.2.3.2.2.2.2.2.2.2.2.2.2",0.491884402423841,FALSE,TRUE,37
"2.2.2.2.2.2.1.2.2.3.2.3.2.2.2.2.2.2.2.2.2.2",0.518155854327054,FALSE,TRUE,37
"2.2.2.2.2.2.1.2.2.2.3.3.2.2.2.2.2.2.2.2.2.2",0.554734888709652,FALSE,TRUE,37
"2.2.2.2.2.2.1.2.2.2.2.4.2.2.2.2.2.2.2.2.2.2",0.583601908782735,FALSE,TRUE,37
"2.2.2.2.2.2.1.2.2.2.2.3.2.3.2.2.2.2.2.2.2.2",0.491426723626493,FALSE,TRUE,38
"2.2.2.2.2.2.1.2.2.2.2.3.2.2.3.2.2.2.2.2.2.2",0.493830817931574,FALSE,TRUE,37
"2.2.2.2.2.2.1.2.2.2.2.3.2.2.2.3.2.2.2.2.2.2",0.541228756539532,FALSE,TRUE,37
"2.2.2.2.2.2.1.2.2.2.2.3.2.2.2.2.3.2.2.2.2.2",0.638356049353204,FALSE,TRUE,37
"2.2.2.2.2.2.1.2.2.2.2.3.2.2.2.2.2.3.2.2.2.2",0.485436248393247,FALSE,TRUE,37
"2.2.2.2.2.2.1.2.2.2.2.3.2.2.2.2.2.2.3.2.2.2",0.451553925261002,FALSE,TRUE,37
"2.2.2.2.2.2.1.2.2.2.2.3.2.2.2.2.2.2.2.3.2.2",0.444402242001308,FALSE,TRUE,37
"2.2.2.2.2.2.1.2.2.2.2.3.2.2.2.2.2.2.2.2.3.2",0.444122126895751,FALSE,TRUE,37
"2.2.2.2.2.2.1.2.2.2.2.3.2.2.2.2.2.2.2.2.2.3",0.553536006023855,FALSE,TRUE,37
"1.2.2.2.2.2.1.2.2.2.2.3.2.2.2.2.2.2.2.2.2.2",0.517103222728124,FALSE,TRUE,36
"2.1.2.2.2.2.1.2.2.2.2.3.2.2.2.2.2.2.2.2.2.2",0.518293841689726,FALSE,TRUE,36
"2.2.2.1.2.2.1.2.2.2.2.3.2.2.2.2.2.2.2.2.2.2",0.537322912246276,FALSE,TRUE,36
"2.2.2.2.1.2.1.2.2.2.2.3.2.2.2.2.2.2.2.2.2.2",0.503447115748434,FALSE,TRUE,36
"2.2.2.2.2.1.1.2.2.2.2.3.2.2.2.2.2.2.2.2.2.2",0.544851617456286,FALSE,TRUE,36
"2.2.2.2.2.2.1.1.2.2.2.3.2.2.2.2.2.2.2.2.2.2",0.564087630527694,FALSE,TRUE,36
"2.2.2.2.2.2.1.2.1.2.2.3.2.2.2.2.2.2.2.2.2.2",0.532296035092911,FALSE,TRUE,37
"2.2.2.2.2.2.1.2.2.1.2.3.2.2.2.2.2.2.2.2.2.2",0.544315062785098,FALSE,TRUE,36
"2.2.2.2.2.2.1.2.2.2.1.3.2.2.2.2.2.2.2.2.2.2",0.507723754630611,FALSE,TRUE,36
"2.2.2.2.2.2.1.2.2.2.2.3.1.2.2.2.2.2.2.2.2.2",0.533735961251814,FALSE,TRUE,36
"2.2.2.2.2.2.1.2.2.2.2.3.2.2.1.2.2.2.2.2.2.2",0.51788572356835,FALSE,TRUE,36
"2.2.2.2.2.2.1.2.2.2.2.3.2.2.2.1.2.2.2.2.2.2",0.49251900201852,FALSE,TRUE,36
"2.2.2.2.2.2.1.2.2.2.2.3.2.2.2.2.1.2.2.2.2.2",0.450294088036861,FALSE,TRUE,36
"2.2.2.2.2.2.1.2.2.2.2.3.2.2.2.2.2.1.2.2.2.2",0.518293980910056,FALSE,TRUE,36
"2.2.2.2.2.2.1.2.2.2.2.3.2.2.2.2.2.2.1.2.2.2",0.614790604177892,FALSE,TRUE,36
"2.2.2.2.2.2.1.2.2.2.2.3.2.2.2.2.2.2.2.1.2.2",0.560931267630389,FALSE,TRUE,36
"2.2.2.2.2.2.1.2.2.2.2.3.2.2.2.2.2.2.2.2.1.2",0.610443225218472,FALSE,TRUE,36
"2.2.2.2.2.2.1.2.2.2.2.3.2.2.2.2.2.2.2.2.2.1",0.531096837579881,FALSE,TRUE,36
"3.2.1.2.2.2.1.2.2.2.2.3.2.2.2.2.2.2.2.2.2.2",0.551389823833362,FALSE,TRUE,39
"2.3.1.2.2.2.1.2.2.2.2.3.2.2.2.2.2.2.2.2.2.2",0.533969959043402,FALSE,TRUE,39
"2.2.1.3.2.2.1.2.2.2.2.3.2.2.2.2.2.2.2.2.2.2",0.527915088364771,FALSE,TRUE,37
"2.2.1.2.3.2.1.2.2.2.2.3.2.2.2.2.2.2.2.2.2.2",0.583485332785584,FALSE,TRUE,39
"2.2.1.2.2.3.1.2.2.2.2.3.2.2.2.2.2.2.2.2.2.2",0.551334424288127,FALSE,TRUE,39
"2.2.1.2.2.2.1.3.2.2.2.3.2.2.2.2.2.2.2.2.2.2",0.508164699909176,FALSE,TRUE,39
"2.2.1.2.2.2.1.2.3.2.2.3.2.2.2.2.2.2.2.2.2.2",0.544694773452157,FALSE,TRUE,36
"2.2.1.2.2.2.1.2.2.3.2.3.2.2.2.2.2.2.2.2.2.2",0.533190411354587,FALSE,TRUE,39
"2.2.1.2.2.2.1.2.2.2.3.3.2.2.2.2.2.2.2.2.2.2",0.615293997282399,FALSE,TRUE,39
"2.2.1.2.2.2.1.2.2.2.2.4.2.2.2.2.2.2.2.2.2.2",0.601542840770645,FALSE,TRUE,38
"2.2.1.2.2.2.1.2.2.2.2.3.3.2.2.2.2.2.2.2.2.2",0.598459584321589,FALSE,TRUE,38
"2.2.1.2.2.2.1.2.2.2.2.3.2.3.2.2.2.2.2.2.2.2",0.499115589540096,FALSE,TRUE,40
"2.2.1.2.2.2.1.2.2.2.2.3.2.2.3.2.2.2.2.2.2.2",0.507260038628692,FALSE,TRUE,39
"2.2.1.2.2.2.1.2.2.2.2.3.2.2.2.3.2.2.2.2.2.2",0.532557609663429,FALSE,TRUE,39
"2.2.1.2.2.2.1.2.2.2.2.3.2.2.2.2.3.2.2.2.2.2",0.671682711154794,FALSE,TRUE,39
"2.2.1.2.2.2.1.2.2.2.2.3.2.2.2.2.2.3.2.2.2.2",0.508335560376369,FALSE,TRUE,39
"2.2.1.2.2.2.1.2.2.2.2.3.2.2.2.2.2.2.3.2.2.2",0.484572028353927,FALSE,TRUE,39
"2.2.1.2.2.2.1.2.2.2.2.3.2.2.2.2.2.2.2.3.2.2",0.484025195732121,FALSE,TRUE,39
"2.2.1.2.2.2.1.2.2.2.2.3.2.2.2.2.2.2.2.2.3.2",0.491861664392631,FALSE,TRUE,39
"2.2.1.2.2.2.1.2.2.2.2.3.2.2.2.2.2.2.2.2.2.3",0.562668228407762,FALSE,TRUE,39
"1.2.1.2.2.2.1.2.2.2.2.3.2.2.2.2.2.2.2.2.2.2",0.558021586382136,FALSE,TRUE,38
"2.1.1.2.2.2.1.2.2.2.2.3.2.2.2.2.2.2.2.2.2.2",0.5415260151858,FALSE,TRUE,38
"2.2.1.1.2.2.1.2.2.2.2.3.2.2.2.2.2.2.2.2.2.2",0.559756985498247,FALSE,TRUE,38
"2.2.1.2.1.2.1.2.2.2.2.3.2.2.2.2.2.2.2.2.2.2",0.522992855417533,FALSE,TRUE,38
"2.2.1.2.2.1.1.2.2.2.2.3.2.2.2.2.2.2.2.2.2.2",0.561335159984196,FALSE,TRUE,38
"2.2.1.2.2.2.1.1.2.2.2.3.2.2.2.2.2.2.2.2.2.2",0.601672846934164,FALSE,TRUE,38
"2.2.1.2.2.2.1.2.1.2.2.3.2.2.2.2.2.2.2.2.2.2",0.575786473356993,FALSE,TRUE,38
"2.2.1.2.2.2.1.2.2.1.2.3.2.2.2.2.2.2.2.2.2.2",0.585203602633983,FALSE,TRUE,37
"2.2.1.2.2.2.1.2.2.2.1.3.2.2.2.2.2.2.2.2.2.2",0.50547340589861,FALSE,TRUE,37
"2.2.1.2.2.2.1.2.2.2.2.2.2.2.2.2.2.2.2.2.2.2",0.500016614435039,FALSE,TRUE,38
"2.2.1.2.2.2.1.2.2.2.2.3.1.2.2.2.2.2.2.2.2.2",0.541559017936351,FALSE,TRUE,38
"2.2.1.2.2.2.1.2.2.2.2.3.2.2.1.2.2.2.2.2.2.2",0.558177164659754,FALSE,TRUE,38
"2.2.1.2.2.2.1.2.2.2.2.3.2.2.2.1.2.2.2.2.2.2",0.565062903435437,FALSE,TRUE,37
"2.2.1.2.2.2.1.2.2.2.2.3.2.2.2.2.1.2.2.2.2.2",0.471614725954987,FALSE,TRUE,38
"2.2.1.2.2.2.1.2.2.2.2.3.2.2.2.2.2.1.2.2.2.2",0.550166737764167,FALSE,TRUE,38
"2.2.1.2.2.2.1.2.2.2.2.3.2.2.2.2.2.2.1.2.2.2",0.633288806040034,FALSE,TRUE,38
"2.2.1.2.2.2.1.2.2.2.2.3.2.2.2.2.2.2.2.1.2.2",0.581410162495396,FALSE,TRUE,38
"2.2.1.2.2.2.1.2.2.2.2.3.2.2.2.2.2.2.2.2.1.2",0.61522666253002,FALSE,TRUE,38
"2.2.1.2.2.2.1.2.2.2.2.3.2.2.2.2.2.2.2.2.2.1",0.574392595699214,FALSE,TRUE,38
"3.2.2.2.2.2.1.2.3.2.2.3.2.2.2.2.2.2.2.2.2.2",0.520592166028237,FALSE,TRUE,39
"2.3.2.2.2.2.1.2.3.2.2.3.2.2.2.2.2.2.2.2.2.2",0.483267438310061,FALSE,TRUE,38
"2.2.3.2.2.2.1.2.3.2.2.3.2.2.2.2.2.2.2.2.2.2",0.483153952967023,FALSE,TRUE,39
"2.2.2.2.3.2.1.2.3.2.2.3.2.2.2.2.2.2.2.2.2.2",0.520893051479595,FALSE,TRUE,39
"2.2.2.2.2.3.1.2.3.2.2.3.2.2.2.2.2.2.2.2.2.2",0.494153170364072,FALSE,TRUE,39
"2.2.2.2.2.2.1.3.3.2.2.3.2.2.2.2.2.2.2.2.2.2",0.503463322973927,FALSE,TRUE,39
"2.2.2.2.2.2.1.2.4.2.2.3.2.2.2.2.2.2.2.2.2.2",0.497832928315356,FALSE,TRUE,40
"2.2.2.2.2.2.1.2.3.3.2.3.2.2.2.2.2.2.2.2.2.2",0.492579670095805,FALSE,TRUE,39
"2.2.2.2.2.2.1.2.3.2.3.3.2.2.2.2.2.2.2.2.2.2",0.551172231757673,FALSE,TRUE,40
"2.2.2.2.2.2.1.2.3.2.2.4.2.2.2.2.2.2.2.2.2.2",0.592209303404579,FALSE,TRUE,39
"2.2.2.2.2.2.1.2.3.2.2.3.3.2.2.2.2.2.2.2.2.2",0.546300132999404,FALSE,TRUE,38
"2.2.2.2.2.2.1.2.3.2.2.3.2.3.2.2.2.2.2.2.2.2",0.459836299311195,FALSE,TRUE,39
"2.2.2.2.2.2.1.2.3.2.2.3.2.2.3.2.2.2.2.2.2.2",0.502109885438095,FALSE,TRUE,39
"2.2.2.2.2.2.1.2.3.2.2.3.2.2.2.3.2.2.2.2.2.2",0.521788728665829,FALSE,TRUE,39
"2.2.2.2.2.2.1.2.3.2.2.3.2.2.2.2.3.2.2.2.2.2",0.619269276562913,FALSE,TRUE,39
"2.2.2.2.2.2.1.2.3.2.2.3.2.2.2.2.2.3.2.2.2.2",0.489636004442143,FALSE,TRUE,39
"2.2.2.2.2.2.1.2.3.2.2.3.2.2.2.2.2.2.3.2.2.2",0.436099630787873,FALSE,TRUE,39
"2.2.2.2.2.2.1.2.3.2.2.3.2.2.2.2.2.2.2.3.2.2",0.448204064550112,FALSE,TRUE,39
"2.2.2.2.2.2.1.2.3.2.2.3.2.2.2.2.2.2.2.2.3.2",0.450677209748356,FALSE,TRUE,39
"2.2.2.2.2.2.1.2.3.2.2.3.2.2.2.2.2.2.2.2.2.3",0.538493501240208,FALSE,TRUE,39
"1.2.2.2.2.2.1.2.3.2.2.3.2.2.2.2.2.2.2.2.2.2",0.512410894947541,FALSE,TRUE,38
"2.1.2.2.2.2.1.2.3.2.2.3.2.2.2.2.2.2.2.2.2.2",0.524356890529926,FALSE,TRUE,38
"2.2.2.1.2.2.1.2.3.2.2.3.2.2.2.2.2.2.2.2.2.2",0.514587134730728,FALSE,TRUE,39
"2.2.2.2.1.2.1.2.3.2.2.3.2.2.2.2.2.2.2.2.2.2",0.507896251218163,FALSE,TRUE,38
"2.2.2.2.2.1.1.2.3.2.2.3.2.2.2.2.2.2.2.2.2.2",0.536038365209386,FALSE,TRUE,38
"2.2.2.2.2.2.1.1.3.2.2.3.2.2.2.2.2.2.2.2.2.2",0.530790842161369,FALSE,TRUE,38
"2.2.2.2.2.2.1.2.3.1.2.3.2.2.2.2.2.2.2.2.2.2",0.546281171627753,FALSE,TRUE,37
"2.2.2.2.2.2.1.2.3.2.2.2.2.2.2.2.2.2.2.2.2.2",0.435255069498594,FALSE,TRUE,38
"2.2.2.2.2.2.1.2.3.2.2.3.1.2.2.2.2.2.2.2.2.2",0.519174003651004,FALSE,TRUE,38
"2.2.2.2.2.2.1.2.3.2.2.3.2.1.2.2.2.2.2.2.2.2",0.568665303987062,FALSE,TRUE,35
"2.2.2.2.2.2.1.2.3.2.2.3.2.2.1.2.2.2.2.2.2.2",0.484749756567707,FALSE,TRUE,38
"2.2.2.2.2.2.1.2.3.2.2.3.2.2.2.1.2.2.2.2.2.2",0.487571514788018,FALSE,TRUE,36
"2.2.2.2.2.2.1.2.3.2.2.3.2.2.2.2.1.2.2.2.2.2",0.44771251655341,FALSE,TRUE,38
"2.2.2.2.2.2.1.2.3.2.2.3.2.2.2.2.2.1.2.2.2.2",0.492636397118141,FALSE,TRUE,38
"2.2.2.2.2.2.1.2.3.2.2.3.2.2.2.2.2.2.1.2.2.2",0.603822491887262,FALSE,TRUE,38
"2.2.2.2.2.2.1.2.3.2.2.3.2.2.2.2.2.2.2.1.2.2",0.537549825543489,FALSE,TRUE,38
"2.2.2.2.2.2.1.2.3.2.2.3.2.2.2.2.2.2.2.2.1.2",0.578904853507351,FALSE,TRUE,38
"2.2.2.2.2.2.1.2.3.2.2.3.2.2.2.2.2.2.2.2.2.1",0.522600635465259,FALSE,TRUE,38
"3.2.2.2.3.2.2.2.2.2.2.2.2.2.2.2.2.2.2.2.2.2",0.459922793456756,FALSE,TRUE,42
"2.3.2.2.3.2.2.2.2.2.2.2.2.2.2.2.2.2.2.2.2.2",0.384596995823559,FALSE,TRUE,39
"2.2.3.2.3.2.2.2.2.2.2.2.2.2.2.2.2.2.2.2.2.2",0.342091582340025,FALSE,TRUE,42
"2.2.2.3.3.2.2.2.2.2.2.2.2.2.2.2.2.2.2.2.2.2",0.384405286422627,FALSE,TRUE,42
"2.2.2.2.4.2.2.2.2.2.2.2.2.2.2.2.2.2.2.2.2.2",0.356637792536632,FALSE,TRUE,43
"2.2.2.2.3.3.2.2.2.2.2.2.2.2.2.2.2.2.2.2.2.2",0.350650501302237,FALSE,TRUE,42
"2.2.2.2.3.2.2.3.2.2.2.2.2.2.2.2.2.2.2.2.2.2",0.408621446865903,FALSE,TRUE,42
"2.2.2.2.3.2.2.2.3.2.2.2.2.2.2.2.2.2.2.2.2.2",0.401723885605632,FALSE,TRUE,42
"2.2.2.2.3.2.2.2.2.3.2.2.2.2.2.2.2.2.2.2.2.2",0.409750802309676,FALSE,TRUE,42
"2.2.2.2.3.2.2.2.2.2.3.2.2.2.2.2.2.2.2.2.2.2",0.443224095106227,FALSE,TRUE,42
"2.2.2.2.3.2.2.2.2.2.2.2.3.2.2.2.2.2.2.2.2.2",0.434381157315911,FALSE,TRUE,41
"2.2.2.2.3.2.2.2.2.2.2.2.2.3.2.2.2.2.2.2.2.2",0.368499713975753,FALSE,TRUE,42
"2.2.2.2.3.2.2.2.2.2.2.2.2.2.3.2.2.2.2.2.2.2",0.401719548159221,FALSE,TRUE,42
"2.2.2.2.3.2.2.2.2.2.2.2.2.2.2.3.2.2.2.2.2.2",0.471341566923672,FALSE,TRUE,42
"2.2.2.2.3.2.2.2.2.2.2.2.2.2.2.2.3.2.2.2.2.2",0.509826009513984,FALSE,TRUE,42
"2.2.2.2.3.2.2.2.2.2.2.2.2.2.2.2.2.3.2.2.2.2",0.325930611037113,FALSE,TRUE,42
"2.2.2.2.3.2.2.2.2.2.2.2.2.2.2.2.2.2.3.2.2.2",0.31575391793062,FALSE,TRUE,42
"2.2.2.2.3.2.2.2.2.2.2.2.2.2.2.2.2.2.2.3.2.2",0.362644442713699,FALSE,TRUE,42
"2.2.2.2.3.2.2.2.2.2.2.2.2.2.2.2.2.2.2.2.3.2",0.31801321433945,FALSE,TRUE,40
"2.2.2.2.3.2.2.2.2.2.2.2.2.2.2.2.2.2.2.2.2.3",0.482630039374169,FALSE,TRUE,40
"1.2.2.2.3.2.2.2.2.2.2.2.2.2.2.2.2.2.2.2.2.2",0.384973661135908,FALSE,TRUE,41
"2.1.2.2.3.2.2.2.2.2.2.2.2.2.2.2.2.2.2.2.2.2",0.442059374648667,FALSE,TRUE,41
"2.2.1.2.3.2.2.2.2.2.2.2.2.2.2.2.2.2.2.2.2.2",0.488955178210584,FALSE,TRUE,41
"2.2.2.1.3.2.2.2.2.2.2.2.2.2.2.2.2.2.2.2.2.2",0.423180770723941,FALSE,TRUE,41
"2.2.2.2.3.1.2.2.2.2.2.2.2.2.2.2.2.2.2.2.2.2",0.48036367035507,FALSE,TRUE,40
"2.2.2.2.3.2.1.2.2.2.2.2.2.2.2.2.2.2.2.2.2.2",0.438366239502133,FALSE,TRUE,40
"2.2.2.2.3.2.2.1.2.2.2.2.2.2.2.2.2.2.2.2.2.2",0.426865942324116,FALSE,TRUE,40
"2.2.2.2.3.2.2.2.1.2.2.2.2.2.2.2.2.2.2.2.2.2",0.441662556238234,FALSE,TRUE,41
"2.2.2.2.3.2.2.2.2.1.2.2.2.2.2.2.2.2.2.2.2.2",0.431891603903717,FALSE,TRUE,41
"2.2.2.2.3.2.2.2.2.2.1.2.2.2.2.2.2.2.2.2.2.2",0.394485682939788,FALSE,TRUE,41
"2.2.2.2.3.2.2.2.2.2.2.1.2.2.2.2.2.2.2.2.2.2",0.30841122364822,FALSE,TRUE,40
"2.2.2.2.3.2.2.2.2.2.2.2.1.2.2.2.2.2.2.2.2.2",0.431998423208853,FALSE,TRUE,41
"2.2.2.2.3.2.2.2.2.2.2.2.2.1.2.2.2.2.2.2.2.2",0.456445562725381,FALSE,TRUE,41
"2.2.2.2.3.2.2.2.2.2.2.2.2.2.1.2.2.2.2.2.2.2",0.383206893089151,FALSE,TRUE,41
"2.2.2.2.3.2.2.2.2.2.2.2.2.2.2.1.2.2.2.2.2.2",0.328360458632351,FALSE,TRUE,41
"2.2.2.2.3.2.2.2.2.2.2.2.2.2.2.2.1.2.2.2.2.2",0.346547389917196,FALSE,TRUE,41
"2.2.2.2.3.2.2.2.2.2.2.2.2.2.2.2.2.1.2.2.2.2",0.467807804046082,FALSE,TRUE,41
"2.2.2.2.3.2.2.2.2.2.2.2.2.2.2.2.2.2.1.2.2.2",0.534780857751386,FALSE,TRUE,41
"2.2.2.2.3.2.2.2.2.2.2.2.2.2.2.2.2.2.2.1.2.2",0.427876069957323,FALSE,TRUE,41
"2.2.2.2.3.2.2.2.2.2.2.2.2.2.2.2.2.2.2.2.1.2",0.515992248186409,FALSE,TRUE,39
"2.2.2.2.3.2.2.2.2.2.2.2.2.2.2.2.2.2.2.2.2.1",0.385008582181557,FALSE,TRUE,41
"3.2.2.2.2.2.3.2.2.2.2.2.2.2.2.2.2.2.2.2.2.3",0.475313274658115,FALSE,TRUE,38
"2.3.2.2.2.2.3.2.2.2.2.2.2.2.2.2.2.2.2.2.2.3",0.385232690890851,FALSE,TRUE,38
"2.2.3.2.2.2.3.2.2.2.2.2.2.2.2.2.2.2.2.2.2.3",0.387368877310642,FALSE,TRUE,39
"2.2.2.3.2.2.3.2.2.2.2.2.2.2.2.2.2.2.2.2.2.3",0.393832494277042,FALSE,TRUE,38
"2.2.2.2.3.2.3.2.2.2.2.2.2.2.2.2.2.2.2.2.2.3",0.447347674191428,FALSE,TRUE,37
"2.2.2.2.2.3.3.2.2.2.2.2.2.2.2.2.2.2.2.2.2.3",0.400660609872439,FALSE,TRUE,39
"2.2.2.2.2.2.4.2.2.2.2.2.2.2.2.2.2.2.2.2.2.3",0.384600040310943,FALSE,TRUE,38
"2.2.2.2.2.2.3.3.2.2.2.2.2.2.2.2.2.2.2.2.2.3",0.377692898289757,FALSE,TRUE,39
"2.2.2.2.2.2.3.2.3.2.2.2.2.2.2.2.2.2.2.2.2.3",0.450238623479248,FALSE,TRUE,39
"2.2.2.2.2.2.3.2.2.3.2.2.2.2.2.2.2.2.2.2.2.3",0.436479323304698,FALSE,TRUE,39
"2.2.2.2.2.2.3.2.2.2.3.2.2.2.2.2.2.2.2.2.2.3",0.458861726137008,FALSE,TRUE,39
"2.2.2.2.2.2.3.2.2.2.2.3.2.2.2.2.2.2.2.2.2.3",0.483623933382492,FALSE,TRUE,37
"2.2.2.2.2.2.3.2.2.2.2.2.3.2.2.2.2.2.2.2.2.3",0.46865867808017,FALSE,TRUE,38
"2.2.2.2.2.2.3.2.2.2.2.2.2.3.2.2.2.2.2.2.2.3",0.414805018211578,FALSE,TRUE,39
"2.2.2.2.2.2.3.2.2.2.2.2.2.2.3.2.2.2.2.2.2.3",0.426603229956296,FALSE,TRUE,39
"2.2.2.2.2.2.3.2.2.2.2.2.2.2.2.2.3.2.2.2.2.3",0.567031688223528,FALSE,TRUE,40
"2.2.2.2.2.2.3.2.2.2.2.2.2.2.2.2.2.3.2.2.2.3",0.343724340490568,FALSE,TRUE,39
"2.2.2.2.2.2.3.2.2.2.2.2.2.2.2.2.2.2.3.2.2.3",0.369047824926886,FALSE,TRUE,39
"2.2.2.2.2.2.3.2.2.2.2.2.2.2.2.2.2.2.2.3.2.3",0.350822404525179,FALSE,TRUE,39
"2.2.2.2.2.2.3.2.2.2.2.2.2.2.2.2.2.2.2.2.2.4",0.502140376203619,FALSE,TRUE,40
"1.2.2.2.2.2.3.2.2.2.2.2.2.2.2.2.2.2.2.2.2.3",0.426592116560841,FALSE,TRUE,38
"2.1.2.2.2.2.3.2.2.2.2.2.2.2.2.2.2.2.2.2.2.3",0.487560602291732,FALSE,TRUE,38
"2.2.1.2.2.2.3.2.2.2.2.2.2.2.2.2.2.2.2.2.2.3",0.500221119313274,FALSE,TRUE,37
"2.2.2.1.2.2.3.2.2.2.2.2.2.2.2.2.2.2.2.2.2.3",0.471069933769377,FALSE,TRUE,38
"2.2.2.2.1.2.3.2.2.2.2.2.2.2.2.2.2.2.2.2.2.3",0.432051691337263,FALSE,TRUE,38
"2.2.2.2.2.1.3.2.2.2.2.2.2.2.2.2.2.2.2.2.2.3",0.490662407195581,FALSE,TRUE,37
"2.2.2.2.2.2.3.1.2.2.2.2.2.2.2.2.2.2.2.2.2.3",0.512211330413754,FALSE,TRUE,38
"2.2.2.2.2.2.3.2.1.2.2.2.2.2.2.2.2.2.2.2.2.3",0.446997628886405,FALSE,TRUE,38
"2.2.2.2.2.2.3.2.2.1.2.2.2.2.2.2.2.2.2.2.2.3",0.460997621045863,FALSE,TRUE,38
"2.2.2.2.2.2.3.2.2.2.1.2.2.2.2.2.2.2.2.2.2.3",0.428958704358469,FALSE,TRUE,38
"2.2.2.2.2.2.3.2.2.2.2.1.2.2.2.2.2.2.2.2.2.3",0.394869031163433,FALSE,TRUE,37
"2.2.2.2.2.2.3.2.2.2.2.2.1.2.2.2.2.2.2.2.2.3",0.444626480103803,FALSE,TRUE,37
"2.2.2.2.2.2.3.2.2.2.2.2.2.1.2.2.2.2.2.2.2.3",0.469621300870201,FALSE,TRUE,38
"2.2.2.2.2.2.3.2.2.2.2.2.2.2.1.2.2.2.2.2.2.3",0.428432881098622,FALSE,TRUE,38
"2.2.2.2.2.2.3.2.2.2.2.2.2.2.2.1.2.2.2.2.2.3",0.384807181342952,FALSE,TRUE,39
"2.2.2.2.2.2.3.2.2.2.2.2.2.2.2.2.2.1.2.2.2.3",0.508024332717046,FALSE,TRUE,38
"2.2.2.2.2.2.3.2.2.2.2.2.2.2.2.2.2.2.1.2.2.3",0.5391394822831,FALSE,TRUE,37
"2.2.2.2.2.2.3.2.2.2.2.2.2.2.2.2.2.2.2.1.2.3",0.492045605045375,FALSE,TRUE,38
"2.2.2.2.2.2.3.2.2.2.2.2.2.2.2.2.2.2.2.2.1.3",0.578082487192305,FALSE,TRUE,35
"3.2.2.2.2.2.1.2.2.2.2.3.3.2.2.2.2.2.2.2.2.2",0.54647985501908,FALSE,TRUE,40
"2.3.2.2.2.2.1.2.2.2.2.3.3.2.2.2.2.2.2.2.2.2",0.535111613215382,FALSE,TRUE,39
"2.2.3.2.2.2.1.2.2.2.2.3.3.2.2.2.2.2.2.2.2.2",0.470092304890988,FALSE,TRUE,40
"2.2.2.3.2.2.1.2.2.2.2.3.3.2.2.2.2.2.2.2.2.2",0.464608426861919,FALSE,TRUE,39
"2.2.2.2.3.2.1.2.2.2.2.3.3.2.2.2.2.2.2.2.2.2",0.553396145789357,FALSE,TRUE,40
"2.2.2.2.2.3.1.2.2.2.2.3.3.2.2.2.2.2.2.2.2.2",0.492489396875775,FALSE,TRUE,40
"2.2.2.2.2.2.1.3.2.2.2.3.3.2.2.2.2.2.2.2.2.2",0.491264665529569,FALSE,TRUE,40
"2.2.2.2.2.2.1.2.2.3.2.3.3.2.2.2.2.2.2.2.2.2",0.504535660670985,FALSE,TRUE,41
"2.2.2.2.2.2.1.2.2.2.3.3.3.2.2.2.2.2.2.2.2.2",0.582302084901605,FALSE,TRUE,40
"2.2.2.2.2.2.1.2.2.2.2.4.3.2.2.2.2.2.2.2.2.2",0.580331136277122,FALSE,TRUE,40
"2.2.2.2.2.2.1.2.2.2.2.3.4.2.2.2.2.2.2.2.2.2",0.544647885922728,FALSE,TRUE,41
"2.2.2.2.2.2.1.2.2.2.2.3.3.3.2.2.2.2.2.2.2.2",0.520173856166611,FALSE,TRUE,40
"2.2.2.2.2.2.1.2.2.2.2.3.3.2.3.2.2.2.2.2.2.2",0.504211681308339,FALSE,TRUE,40
"2.2.2.2.2.2.1.2.2.2.2.3.3.2.2.3.2.2.2.2.2.2",0.567366099579502,FALSE,TRUE,40
"2.2.2.2.2.2.1.2.2.2.2.3.3.2.2.2.3.2.2.2.2.2",0.672415699502529,FALSE,TRUE,40
"2.2.2.2.2.2.1.2.2.2.2.3.3.2.2.2.2.3.2.2.2.2",0.493443800034849,FALSE,TRUE,40
"2.2.2.2.2.2.1.2.2.2.2.3.3.2.2.2.2.2.3.2.2.2",0.457733048415361,FALSE,TRUE,40
"2.2.2.2.2.2.1.2.2.2.2.3.3.2.2.2.2.2.2.3.2.2",0.484490184996113,FALSE,TRUE,40
"2.2.2.2.2.2.1.2.2.2.2.3.3.2.2.2.2.2.2.2.3.2",0.439064176510744,FALSE,TRUE,40
"2.2.2.2.2.2.1.2.2.2.2.3.3.2.2.2.2.2.2.2.2.3",0.577947334555317,FALSE,TRUE,40
"1.2.2.2.2.2.1.2.2.2.2.3.3.2.2.2.2.2.2.2.2.2",0.533564815428276,FALSE,TRUE,39
"2.1.2.2.2.2.1.2.2.2.2.3.3.2.2.2.2.2.2.2.2.2",0.511488478345845,FALSE,TRUE,39
"2.2.2.1.2.2.1.2.2.2.2.3.3.2.2.2.2.2.2.2.2.2",0.583313968797777,FALSE,TRUE,39
"2.2.2.2.1.2.1.2.2.2.2.3.3.2.2.2.2.2.2.2.2.2",0.5168355144644,FALSE,TRUE,39
"2.2.2.2.2.1.1.2.2.2.2.3.3.2.2.2.2.2.2.2.2.2",0.579864074947476,FALSE,TRUE,39
"2.2.2.2.2.2.1.1.2.2.2.3.3.2.2.2.2.2.2.2.2.2",0.57884008588044,FALSE,TRUE,39
"2.2.2.2.2.2.1.2.1.2.2.3.3.2.2.2.2.2.2.2.2.2",0.533624192631922,FALSE,TRUE,39
"2.2.2.2.2.2.1.2.2.2.1.3.3.2.2.2.2.2.2.2.2.2",0.490336885830989,FALSE,TRUE,38
"2.2.2.2.2.2.1.2.2.2.2.2.3.2.2.2.2.2.2.2.2.2",0.481586733933226,FALSE,TRUE,39
"2.2.2.2.2.2.1.2.2.2.2.3.3.1.2.2.2.2.2.2.2.2",0.548052063319417,FALSE,TRUE,37
"2.2.2.2.2.2.1.2.2.2.2.3.3.2.1.2.2.2.2.2.2.2",0.535949177635044,FALSE,TRUE,39
"2.2.2.2.2.2.1.2.2.2.2.3.3.2.2.1.2.2.2.2.2.2",0.482231905143851,FALSE,TRUE,39
"2.2.2.2.2.2.1.2.2.2.2.3.3.2.2.2.1.2.2.2.2.2",0.430017819924706,FALSE,TRUE,39
"2.2.2.2.2.2.1.2.2.2.2.3.3.2.2.2.2.1.2.2.2.2",0.527143603901082,FALSE,TRUE,39
"2.2.2.2.2.2.1.2.2.2.2.3.3.2.2.2.2.2.1.2.2.2",0.628351623028918,FALSE,TRUE,39
"2.2.2.2.2.2.1.2.2.2.2.3.3.2.2.2.2.2.2.1.2.2",0.532828465034486,FALSE,TRUE,39
"2.2.2.2.2.2.1.2.2.2.2.3.3.2.2.2.2.2.2.2.1.2",0.633318746295051,FALSE,TRUE,39
"2.2.2.2.2.2.1.2.2.2.2.3.3.2.2.2.2.2.2.2.2.1",0.512855996361714,FALSE,TRUE,39
"2.3.2.2.2.2.3.2.2.2.2.2.2.2.2.2.2.2.2.2.1.2",0.470469855654963,FALSE,TRUE,36
"2.2.3.2.2.2.3.2.2.2.2.2.2.2.2.2.2.2.2.2.1.2",0.466579148178764,FALSE,TRUE,38
"2.2.2.2.3.2.3.2.2.2.2.2.2.2.2.2.2.2.2.2.1.2",0.500894074568671,FALSE,TRUE,36
"2.2.2.2.2.3.3.2.2.2.2.2.2.2.2.2.2.2.2.2.1.2",0.478843388942704,FALSE,TRUE,37
"2.2.2.2.2.2.4.2.2.2.2.2.2.2.2.2.2.2.2.2.1.2",0.488703473624483,FALSE,TRUE,36
"2.2.2.2.2.2.3.3.2.2.2.2.2.2.2.2.2.2.2.2.1.2",0.490612408272028,FALSE,TRUE,37
"2.2.2.2.2.2.3.2.3.2.2.2.2.2.2.2.2.2.2.2.1.2",0.518193614441942,FALSE,TRUE,37
"2.2.2.2.2.2.3.2.2.3.2.2.2.2.2.2.2.2.2.2.1.2",0.514311794179253,FALSE,TRUE,37
"2.2.2.2.2.2.3.2.2.2.3.2.2.2.2.2.2.2.2.2.1.2",0.541284414128882,FALSE,TRUE,37
"2.2.2.2.2.2.3.2.2.2.2.3.2.2.2.2.2.2.2.2.1.2",0.58394209960636,FALSE,TRUE,35
"2.2.2.2.2.2.3.2.2.2.2.2.3.2.2.2.2.2.2.2.1.2",0.547551818348038,FALSE,TRUE,36
"2.2.2.2.2.2.3.2.2.2.2.2.2.3.2.2.2.2.2.2.1.2",0.48822957080641,FALSE,TRUE,37
"2.2.2.2.2.2.3.2.2.2.2.2.2.2.3.2.2.2.2.2.1.2",0.509711394085976,FALSE,TRUE,37
"2.2.2.2.2.2.3.2.2.2.2.2.2.2.2.2.3.2.2.2.1.2",0.622906464651298,FALSE,TRUE,37
"2.2.2.2.2.2.3.2.2.2.2.2.2.2.2.2.2.3.2.2.1.2",0.44327868547005,FALSE,TRUE,37
"2.2.2.2.2.2.3.2.2.2.2.2.2.2.2.2.2.2.3.2.1.2",0.444337629999019,FALSE,TRUE,37
"2.2.2.2.2.2.3.2.2.2.2.2.2.2.2.2.2.2.2.3.1.2",0.442501409149172,FALSE,TRUE,37
"1.2.2.2.2.2.3.2.2.2.2.2.2.2.2.2.2.2.2.2.1.2",0.508426897023752,FALSE,TRUE,37
"2.1.2.2.2.2.3.2.2.2.2.2.2.2.2.2.2.2.2.2.1.2",0.561578563529146,FALSE,TRUE,36
"2.2.2.1.2.2.3.2.2.2.2.2.2.2.2.2.2.2.2.2.1.2",0.535151892292027,FALSE,TRUE,37
"2.2.2.2.1.2.3.2.2.2.2.2.2.2.2.2.2.2.2.2.1.2",0.53276639780976,FALSE,TRUE,36
"2.2.2.2.2.1.3.2.2.2.2.2.2.2.2.2.2.2.2.2.1.2",0.567714696751287,FALSE,TRUE,35
"2.2.2.2.2.2.3.1.2.2.2.2.2.2.2.2.2.2.2.2.1.2",0.556725747784639,FALSE,TRUE,36
"2.2.2.2.2.2.3.2.1.2.2.2.2.2.2.2.2.2.2.2.1.2",0.53996476863957,FALSE,TRUE,36
"2.2.2.2.2.2.3.2.2.1.2.2.2.2.2.2.2.2.2.2.1.2",0.541478449378026,FALSE,TRUE,36
"2.2.2.2.2.2.3.2.2.2.1.2.2.2.2.2.2.2.2.2.1.2",0.512828646590017,FALSE,TRUE,35
"2.2.2.2.2.2.3.2.2.2.2.1.2.2.2.2.2.2.2.2.1.2",0.453828127143469,FALSE,TRUE,35
"2.2.2.2.2.2.3.2.2.2.2.2.1.2.2.2.2.2.2.2.1.2",0.533759534681065,FALSE,TRUE,34
"2.2.2.2.2.2.3.2.2.2.2.2.2.1.2.2.2.2.2.2.1.2",0.556970086243831,FALSE,TRUE,36
"2.2.2.2.2.2.3.2.2.2.2.2.2.2.1.2.2.2.2.2.1.2",0.492237864762041,FALSE,TRUE,36
"2.2.2.2.2.2.3.2.2.2.2.2.2.2.2.1.2.2.2.2.1.2",0.458308522944883,FALSE,TRUE,37
"2.2.2.2.2.2.3.2.2.2.2.2.2.2.2.2.1.2.2.2.1.2",0.453831438854093,FALSE,TRUE,35
"2.2.2.2.2.2.3.2.2.2.2.2.2.2.2.2.2.1.2.2.1.2",0.552662217541322,FALSE,TRUE,36
"2.2.2.2.2.2.3.2.2.2.2.2.2.2.2.2.2.2.1.2.1.2",0.619311302009744,FALSE,TRUE,36
"2.2.2.2.2.2.3.2.2.2.2.2.2.2.2.2.2.2.2.1.1.2",0.549769860620788,FALSE,TRUE,36
"2.2.2.2.2.2.3.2.2.2.2.2.2.2.2.2.2.2.2.2.1.1",0.501307001753119,FALSE,TRUE,36
"3.3.2.2.2.2.2.2.2.2.2.2.2.2.2.2.2.2.2.2.2.2",0.440331105135659,FALSE,TRUE,39
"2.4.2.2.2.2.2.2.2.2.2.2.2.2.2.2.2.2.2.2.2.2",0.331152688753944,FALSE,TRUE,40
"2.3.3.2.2.2.2.2.2.2.2.2.2.2.2.2.2.2.2.2.2.2",0.338331783231598,FALSE,TRUE,39
"2.3.2.3.2.2.2.2.2.2.2.2.2.2.2.2.2.2.2.2.2.2",0.347880519249531,FALSE,TRUE,39
"2.3.2.2.2.3.2.2.2.2.2.2.2.2.2.2.2.2.2.2.2.2",0.329766514996885,FALSE,TRUE,39
"2.3.2.2.2.2.2.3.2.2.2.2.2.2.2.2.2.2.2.2.2.2",0.365365272230871,FALSE,TRUE,40
"2.3.2.2.2.2.2.2.3.2.2.2.2.2.2.2.2.2.2.2.2.2",0.382364594751259,FALSE,TRUE,39
"2.3.2.2.2.2.2.2.2.3.2.2.2.2.2.2.2.2.2.2.2.2",0.397733838642024,FALSE,TRUE,39
"2.3.2.2.2.2.2.2.2.2.3.2.2.2.2.2.2.2.2.2.2.2",0.409493632931781,FALSE,TRUE,39
"2.3.2.2.2.2.2.2.2.2.2.2.3.2.2.2.2.2.2.2.2.2",0.427852702270343,FALSE,TRUE,38
"2.3.2.2.2.2.2.2.2.2.2.2.2.3.2.2.2.2.2.2.2.2",0.372515181144881,FALSE,TRUE,39
"2.3.2.2.2.2.2.2.2.2.2.2.2.2.3.2.2.2.2.2.2.2",0.419329495771936,FALSE,TRUE,39
"2.3.2.2.2.2.2.2.2.2.2.2.2.2.2.3.2.2.2.2.2.2",0.442887736537613,FALSE,TRUE,39
"2.3.2.2.2.2.2.2.2.2.2.2.2.2.2.2.3.2.2.2.2.2",0.503570914539486,FALSE,TRUE,39
"2.3.2.2.2.2.2.2.2.2.2.2.2.2.2.2.2.3.2.2.2.2",0.310202013711029,FALSE,TRUE,39
"2.3.2.2.2.2.2.2.2.2.2.2.2.2.2.2.2.2.3.2.2.2",0.31529529903312,FALSE,TRUE,39
"2.3.2.2.2.2.2.2.2.2.2.2.2.2.2.2.2.2.2.3.2.2",0.289356860135196,FALSE,TRUE,39
"2.3.2.2.2.2.2.2.2.2.2.2.2.2.2.2.2.2.2.2.3.2",0.275001637268271,FALSE,TRUE,40
"2.3.2.2.2.2.2.2.2.2.2.2.2.2.2.2.2.2.2.2.2.3",0.451869734379413,FALSE,TRUE,38
"1.3.2.2.2.2.2.2.2.2.2.2.2.2.2.2.2.2.2.2.2.2",0.362573720093217,FALSE,TRUE,38
"2.3.1.2.2.2.2.2.2.2.2.2.2.2.2.2.2.2.2.2.2.2",0.449993121111188,FALSE,TRUE,38
"2.3.2.1.2.2.2.2.2.2.2.2.2.2.2.2.2.2.2.2.2.2",0.417882789594355,FALSE,TRUE,38
"2.3.2.2.1.2.2.2.2.2.2.2.2.2.2.2.2.2.2.2.2.2",0.401166503081051,FALSE,TRUE,38
"2.3.2.2.2.1.2.2.2.2.2.2.2.2.2.2.2.2.2.2.2.2",0.457489154025954,FALSE,TRUE,37
"2.3.2.2.2.2.1.2.2.2.2.2.2.2.2.2.2.2.2.2.2.2",0.44070551213588,FALSE,TRUE,36
"2.3.2.2.2.2.2.2.1.2.2.2.2.2.2.2.2.2.2.2.2.2",0.416952469426956,FALSE,TRUE,38
"2.3.2.2.2.2.2.2.2.1.2.2.2.2.2.2.2.2.2.2.2.2",0.397298485797322,FALSE,TRUE,38
"2.3.2.2.2.2.2.2.2.2.1.2.2.2.2.2.2.2.2.2.2.2",0.382624981289514,FALSE,TRUE,38
"2.3.2.2.2.2.2.2.2.2.2.2.1.2.2.2.2.2.2.2.2.2",0.397776347928881,FALSE,TRUE,38
"2.3.2.2.2.2.2.2.2.2.2.2.2.1.2.2.2.2.2.2.2.2",0.414718523230765,FALSE,TRUE,36
"2.3.2.2.2.2.2.2.2.2.2.2.2.2.1.2.2.2.2.2.2.2",0.33949768246501,FALSE,TRUE,38
"2.3.2.2.2.2.2.2.2.2.2.2.2.2.2.1.2.2.2.2.2.2",0.315478324931401,FALSE,TRUE,38
"2.3.2.2.2.2.2.2.2.2.2.2.2.2.2.2.1.2.2.2.2.2",0.314696065647807,FALSE,TRUE,38
"2.3.2.2.2.2.2.2.2.2.2.2.2.2.2.2.2.1.2.2.2.2",0.444534252862561,FALSE,TRUE,38
"2.3.2.2.2.2.2.2.2.2.2.2.2.2.2.2.2.2.1.2.2.2",0.490025533028782,FALSE,TRUE,38
"2.3.2.2.2.2.2.2.2.2.2.2.2.2.2.2.2.2.2.1.2.2",0.451300130768315,FALSE,TRUE,38
"2.3.2.2.2.2.2.2.2.2.2.2.2.2.2.2.2.2.2.2.2.1",0.368821953923851,FALSE,TRUE,38
"3.2.2.2.2.2.4.2.2.2.2.2.2.2.2.2.2.2.2.2.2.2",0.413722991256078,FALSE,TRUE,40
"2.3.2.2.2.2.4.2.2.2.2.2.2.2.2.2.2.2.2.2.2.2",0.252728416834834,FALSE,TRUE,41
"2.2.3.2.2.2.4.2.2.2.2.2.2.2.2.2.2.2.2.2.2.2",0.264595997719809,FALSE,TRUE,41
"2.2.2.3.2.2.4.2.2.2.2.2.2.2.2.2.2.2.2.2.2.2",0.264547713464069,FALSE,TRUE,40
"2.2.2.2.3.2.4.2.2.2.2.2.2.2.2.2.2.2.2.2.2.2",0.328032281447506,FALSE,TRUE,41
"2.2.2.2.2.3.4.2.2.2.2.2.2.2.2.2.2.2.2.2.2.2",0.259778297943882,FALSE,TRUE,41
"2.2.2.2.2.2.5.2.2.2.2.2.2.2.2.2.2.2.2.2.2.2",0.250960236892765,FALSE,TRUE,42
"2.2.2.2.2.2.4.3.2.2.2.2.2.2.2.2.2.2.2.2.2.2",0.293593337201328,FALSE,TRUE,41
"2.2.2.2.2.2.4.2.3.2.2.2.2.2.2.2.2.2.2.2.2.2",0.355603242047352,FALSE,TRUE,41
"2.2.2.2.2.2.4.2.2.3.2.2.2.2.2.2.2.2.2.2.2.2",0.378426771342491,FALSE,TRUE,41
"2.2.2.2.2.2.4.2.2.2.3.2.2.2.2.2.2.2.2.2.2.2",0.29647396553558,FALSE,TRUE,41
"2.2.2.2.2.2.4.2.2.2.2.2.3.2.2.2.2.2.2.2.2.2",0.328168301503855,FALSE,TRUE,40
"2.2.2.2.2.2.4.2.2.2.2.2.2.3.2.2.2.2.2.2.2.2",0.344445073663007,FALSE,TRUE,41
"2.2.2.2.2.2.4.2.2.2.2.2.2.2.3.2.2.2.2.2.2.2",0.367574138912975,FALSE,TRUE,41
"2.2.2.2.2.2.4.2.2.2.2.2.2.2.2.3.2.2.2.2.2.2",0.430802525595867,FALSE,TRUE,39
"2.2.2.2.2.2.4.2.2.2.2.2.2.2.2.2.3.2.2.2.2.2",0.42275106803869,FALSE,TRUE,41
"2.2.2.2.2.2.4.2.2.2.2.2.2.2.2.2.2.3.2.2.2.2",0.212183707822807,FALSE,TRUE,41
"2.2.2.2.2.2.4.2.2.2.2.2.2.2.2.2.2.2.3.2.2.2",0.267138581502343,FALSE,TRUE,41
"2.2.2.2.2.2.4.2.2.2.2.2.2.2.2.2.2.2.2.3.2.2",0.20300986257034,FALSE,TRUE,41
"2.2.2.2.2.2.4.2.2.2.2.2.2.2.2.2.2.2.2.2.3.2",0.183052812361616,FALSE,TRUE,40
"1.2.2.2.2.2.4.2.2.2.2.2.2.2.2.2.2.2.2.2.2.2",0.269893343738328,FALSE,TRUE,40
"2.1.2.2.2.2.4.2.2.2.2.2.2.2.2.2.2.2.2.2.2.2",0.414542668815267,FALSE,TRUE,40
"2.2.1.2.2.2.4.2.2.2.2.2.2.2.2.2.2.2.2.2.2.2",0.406929756476863,FALSE,TRUE,39
"2.2.2.1.2.2.4.2.2.2.2.2.2.2.2.2.2.2.2.2.2.2",0.376235073219735,FALSE,TRUE,40
"2.2.2.2.1.2.4.2.2.2.2.2.2.2.2.2.2.2.2.2.2.2",0.330563489942929,FALSE,TRUE,40
"2.2.2.2.2.1.4.2.2.2.2.2.2.2.2.2.2.2.2.2.2.2",0.409545338395765,FALSE,TRUE,39
"2.2.2.2.2.2.4.1.2.2.2.2.2.2.2.2.2.2.2.2.2.2",0.373432975001141,FALSE,TRUE,40
"2.2.2.2.2.2.4.2.1.2.2.2.2.2.2.2.2.2.2.2.2.2",0.318548812008363,FALSE,TRUE,40
"2.2.2.2.2.2.4.2.2.1.2.2.2.2.2.2.2.2.2.2.2.2",0.297928562440967,FALSE,TRUE,40
"2.2.2.2.2.2.4.2.2.2.1.2.2.2.2.2.2.2.2.2.2.2",0.380382861050567,FALSE,TRUE,40
"2.2.2.2.2.2.4.2.2.2.2.1.2.2.2.2.2.2.2.2.2.2",0.284665422584398,FALSE,TRUE,41
"2.2.2.2.2.2.4.2.2.2.2.2.1.2.2.2.2.2.2.2.2.2",0.377062248216345,FALSE,TRUE,40
"2.2.2.2.2.2.4.2.2.2.2.2.2.1.2.2.2.2.2.2.2.2",0.317737768446544,FALSE,TRUE,40
"2.2.2.2.2.2.4.2.2.2.2.2.2.2.1.2.2.2.2.2.2.2",0.274446943051071,FALSE,TRUE,40
"2.2.2.2.2.2.4.2.2.2.2.2.2.2.2.1.2.2.2.2.2.2",0.21100852001577,FALSE,TRUE,40
"2.2.2.2.2.2.4.2.2.2.2.2.2.2.2.2.1.2.2.2.2.2",0.273671374663875,FALSE,TRUE,39
"2.2.2.2.2.2.4.2.2.2.2.2.2.2.2.2.2.1.2.2.2.2",0.420989458054939,FALSE,TRUE,40
"2.2.2.2.2.2.4.2.2.2.2.2.2.2.2.2.2.2.1.2.2.2",0.418764289342099,FALSE,TRUE,40
"2.2.2.2.2.2.4.2.2.2.2.2.2.2.2.2.2.2.2.1.2.2",0.418784255530796,FALSE,TRUE,40
"2.2.2.2.2.2.4.2.2.2.2.2.2.2.2.2.2.2.2.2.2.1",0.319261802768079,FALSE,TRUE,40
"3.2.2.2.2.2.3.2.2.2.2.2.2.2.2.2.2.2.2.2.3.3",0.36204648752693,FALSE,TRUE,41
"2.3.2.2.2.2.3.2.2.2.2.2.2.2.2.2.2.2.2.2.3.3",0.236259061000915,FALSE,TRUE,41
"2.2.3.2.2.2.3.2.2.2.2.2.2.2.2.2.2.2.2.2.3.3",0.24578073161483,FALSE,TRUE,41
"2.2.2.3.2.2.3.2.2.2.2.2.2.2.2.2.2.2.2.2.3.3",0.259105577564018,FALSE,TRUE,41
"2.2.2.2.2.3.3.2.2.2.2.2.2.2.2.2.2.2.2.2.3.3",0.263157898659172,FALSE,TRUE,41
"2.2.2.2.2.2.4.2.2.2.2.2.2.2.2.2.2.2.2.2.3.3",0.226184140921085,FALSE,TRUE,40
"2.2.2.2.2.2.3.3.2.2.2.2.2.2.2.2.2.2.2.2.3.3",0.249418087779794,FALSE,TRUE,41
"2.2.2.2.2.2.3.2.3.2.2.2.2.2.2.2.2.2.2.2.3.3",0.324585023461832,FALSE,TRUE,41
"2.2.2.2.2.2.3.2.2.3.2.2.2.2.2.2.2.2.2.2.3.3",0.321368308329368,FALSE,TRUE,41
"2.2.2.2.2.2.3.2.2.2.3.2.2.2.2.2.2.2.2.2.3.3",0.302115306990281,FALSE,TRUE,41
"2.2.2.2.2.2.3.2.2.2.2.3.2.2.2.2.2.2.2.2.3.3",0.338627597968969,FALSE,TRUE,41
"2.2.2.2.2.2.3.2.2.2.2.2.3.2.2.2.2.2.2.2.3.3",0.320449481586607,FALSE,TRUE,40
"2.2.2.2.2.2.3.2.2.2.2.2.2.3.2.2.2.2.2.2.3.3",0.29718099154376,FALSE,TRUE,40
"2.2.2.2.2.2.3.2.2.2.2.2.2.2.3.2.2.2.2.2.3.3",0.302072085510399,FALSE,TRUE,41
"2.2.2.2.2.2.3.2.2.2.2.2.2.2.2.3.2.2.2.2.3.3",0.37085162109581,FALSE,TRUE,39
"2.2.2.2.2.2.3.2.2.2.2.2.2.2.2.2.3.2.2.2.3.3",0.430316701199792,FALSE,TRUE,41
"2.2.2.2.2.2.3.2.2.2.2.2.2.2.2.2.2.3.2.2.3.3",0.202132035390696,FALSE,TRUE,41
"2.2.2.2.2.2.3.2.2.2.2.2.2.2.2.2.2.2.3.2.3.3",0.244658838239666,FALSE,TRUE,41
"2.2.2.2.2.2.3.2.2.2.2.2.2.2.2.2.2.2.2.3.3.3",0.206592772372706,FALSE,TRUE,41
"2.2.2.2.2.2.3.2.2.2.2.2.2.2.2.2.2.2.2.2.4.3",0.181211008422023,FALSE,TRUE,42
"2.2.2.2.2.2.3.2.2.2.2.2.2.2.2.2.2.2.2.2.3.4",0.382131399621952,FALSE,TRUE,41
"1.2.2.2.2.2.3.2.2.2.2.2.2.2.2.2.2.2.2.2.3.3",0.274789475213101,FALSE,TRUE,40
"2.1.2.2.2.2.3.2.2.2.2.2.2.2.2.2.2.2.2.2.3.3",0.376348195105868,FALSE,TRUE,40
"2.2.1.2.2.2.3.2.2.2.2.2.2.2.2.2.2.2.2.2.3.3",0.373700297146154,FALSE,TRUE,40
"2.2.2.1.2.2.3.2.2.2.2.2.2.2.2.2.2.2.2.2.3.3",0.339708687541192,FALSE,TRUE,40
"2.2.2.2.1.2.3.2.2.2.2.2.2.2.2.2.2.2.2.2.3.3",0.296185339870142,FALSE,TRUE,41
"2.2.2.2.2.1.3.2.2.2.2.2.2.2.2.2.2.2.2.2.3.3",0.36183818804194,FALSE,TRUE,39
"2.2.2.2.2.2.2.2.2.2.2.2.2.2.2.2.2.2.2.2.3.3",0.383500808352149,FALSE,TRUE,40
"2.2.2.2.2.2.3.1.2.2.2.2.2.2.2.2.2.2.2.2.3.3",0.373294049988398,FALSE,TRUE,40
"2.2.2.2.2.2.3.2.1.2.2.2.2.2.2.2.2.2.2.2.3.3",0.301883200211262,FALSE,TRUE,40
"2.2.2.2.2.2.3.2.2.1.2.2.2.2.2.2.2.2.2.2.3.3",0.308728558397012,FALSE,TRUE,40
"2.2.2.2.2.2.3.2.2.2.1.2.2.2.2.2.2.2.2.2.3.3",0.320524739810897,FALSE,TRUE,40
"2.2.2.2.2.2.3.2.2.2.2.1.2.2.2.2.2.2.2.2.3.3",0.270846487062184,FALSE,TRUE,39
"2.2.2.2.2.2.3.2.2.2.2.2.1.2.2.2.2.2.2.2.3.3",0.329077564019617,FALSE,TRUE,40
"2.2.2.2.2.2.3.2.2.2.2.2.2.1.2.2.2.2.2.2.3.3",0.3159536659717,FALSE,TRUE,40
"2.2.2.2.2.2.3.2.2.2.2.2.2.2.1.2.2.2.2.2.3.3",0.29900922103414,FALSE,TRUE,40
"2.2.2.2.2.2.3.2.2.2.2.2.2.2.2.1.2.2.2.2.3.3",0.230771189538462,FALSE,TRUE,40
"2.2.2.2.2.2.3.2.2.2.2.2.2.2.2.2.1.2.2.2.3.3",0.220971508288045,FALSE,TRUE,39
"2.2.2.2.2.2.3.2.2.2.2.2.2.2.2.2.2.1.2.2.3.3",0.396236124634197,FALSE,TRUE,40
"2.2.2.2.2.2.3.2.2.2.2.2.2.2.2.2.2.2.1.2.3.3",0.397308266174899,FALSE,TRUE,40
"2.2.2.2.2.2.3.2.2.2.2.2.2.2.2.2.2.2.2.1.3.3",0.374943774999063,FALSE,TRUE,39
"3.2.2.2.2.2.1.2.2.2.2.3.2.1.2.2.2.2.2.2.2.2",0.567692511131531,FALSE,TRUE,38
"2.2.3.2.2.2.1.2.2.2.2.3.2.1.2.2.2.2.2.2.2.2",0.466528458625598,FALSE,TRUE,39
"2.2.2.3.2.2.1.2.2.2.2.3.2.1.2.2.2.2.2.2.2.2",0.482435050436462,FALSE,TRUE,36
"2.2.2.2.3.2.1.2.2.2.2.3.2.1.2.2.2.2.2.2.2.2",0.573307550442389,FALSE,TRUE,38
"2.2.2.2.2.3.1.2.2.2.2.3.2.1.2.2.2.2.2.2.2.2",0.514511551629499,FALSE,TRUE,38
"2.2.2.2.2.2.1.3.2.2.2.3.2.1.2.2.2.2.2.2.2.2",0.518954226348732,FALSE,TRUE,38
"2.2.2.2.2.2.1.2.2.3.2.3.2.1.2.2.2.2.2.2.2.2",0.553897556639523,FALSE,TRUE,38
"2.2.2.2.2.2.1.2.2.2.3.3.2.1.2.2.2.2.2.2.2.2",0.545314035232429,FALSE,TRUE,38
"2.2.2.2.2.2.1.2.2.2.2.4.2.1.2.2.2.2.2.2.2.2",0.581011634879599,FALSE,TRUE,37
"2.2.2.2.2.2.1.2.2.2.2.3.2.1.3.2.2.2.2.2.2.2",0.527559039016477,FALSE,TRUE,38
"2.2.2.2.2.2.1.2.2.2.2.3.2.1.2.3.2.2.2.2.2.2",0.589825623365347,FALSE,TRUE,38
"2.2.2.2.2.2.1.2.2.2.2.3.2.1.2.2.3.2.2.2.2.2",0.646878645678027,FALSE,TRUE,38
"2.2.2.2.2.2.1.2.2.2.2.3.2.1.2.2.2.3.2.2.2.2",0.526001122110873,FALSE,TRUE,38
"2.2.2.2.2.2.1.2.2.2.2.3.2.1.2.2.2.2.3.2.2.2",0.47203138588551,FALSE,TRUE,38
"2.2.2.2.2.2.1.2.2.2.2.3.2.1.2.2.2.2.2.3.2.2",0.440228099732983,FALSE,TRUE,38
"2.2.2.2.2.2.1.2.2.2.2.3.2.1.2.2.2.2.2.2.3.2",0.446819820561341,FALSE,TRUE,38
"2.2.2.2.2.2.1.2.2.2.2.3.2.1.2.2.2.2.2.2.2.3",0.57487414503244,FALSE,TRUE,38
"1.2.2.2.2.2.1.2.2.2.2.3.2.1.2.2.2.2.2.2.2.2",0.517994966986293,FALSE,TRUE,37
"2.1.2.2.2.2.1.2.2.2.2.3.2.1.2.2.2.2.2.2.2.2",0.526777995199126,FALSE,TRUE,38
"2.2.2.1.2.2.1.2.2.2.2.3.2.1.2.2.2.2.2.2.2.2",0.577983808013528,FALSE,TRUE,37
"2.2.2.2.1.2.1.2.2.2.2.3.2.1.2.2.2.2.2.2.2.2",0.510362731880228,FALSE,TRUE,37
"2.2.2.2.2.1.1.2.2.2.2.3.2.1.2.2.2.2.2.2.2.2",0.570185684462554,FALSE,TRUE,37
"2.2.2.2.2.2.1.1.2.2.2.3.2.1.2.2.2.2.2.2.2.2",0.565587370551895,FALSE,TRUE,37
"2.2.2.2.2.2.1.2.1.2.2.3.2.1.2.2.2.2.2.2.2.2",0.524828125036775,FALSE,TRUE,37
"2.2.2.2.2.2.1.2.2.1.2.3.2.1.2.2.2.2.2.2.2.2",0.53721462817725,FALSE,TRUE,36
"2.2.2.2.2.2.1.2.2.2.1.3.2.1.2.2.2.2.2.2.2.2",0.547788264000766,FALSE,TRUE,36
"2.2.2.2.2.2.1.2.2.2.2.2.2.1.2.2.2.2.2.2.2.2",0.496164431283328,FALSE,TRUE,37
"2.2.2.2.2.2.1.2.2.2.2.3.1.1.2.2.2.2.2.2.2.2",0.569418658353903,FALSE,TRUE,37
"2.2.2.2.2.2.1.2.2.2.2.3.2.1.1.2.2.2.2.2.2.2",0.515761263236487,FALSE,TRUE,37
"2.2.2.2.2.2.1.2.2.2.2.3.2.1.2.1.2.2.2.2.2.2",0.476269488786008,FALSE,TRUE,36
"2.2.2.2.2.2.1.2.2.2.2.3.2.1.2.2.1.2.2.2.2.2",0.477040065862175,FALSE,TRUE,37
"2.2.2.2.2.2.1.2.2.2.2.3.2.1.2.2.2.1.2.2.2.2",0.509023754571702,FALSE,TRUE,37
"2.2.2.2.2.2.1.2.2.2.2.3.2.1.2.2.2.2.1.2.2.2",0.622406675721414,FALSE,TRUE,37
"2.2.2.2.2.2.1.2.2.2.2.3.2.1.2.2.2.2.2.1.2.2",0.594619647720243,FALSE,TRUE,37
"2.2.2.2.2.2.1.2.2.2.2.3.2.1.2.2.2.2.2.2.1.2",0.639108941679155,FALSE,TRUE,37
"2.2.2.2.2.2.1.2.2.2.2.3.2.1.2.2.2.2.2.2.2.1",0.538668597628923,FALSE,TRUE,37
"3.2.2.2.2.2.3.2.2.2.2.2.2.2.2.3.2.2.2.2.2.3",0.479102741248461,FALSE,TRUE,40
"2.3.2.2.2.2.3.2.2.2.2.2.2.2.2.3.2.2.2.2.2.3",0.414343888610267,FALSE,TRUE,40
"2.2.3.2.2.2.3.2.2.2.2.2.2.2.2.3.2.2.2.2.2.3",0.456268010260145,FALSE,TRUE,40
"2.2.2.3.2.2.3.2.2.2.2.2.2.2.2.3.2.2.2.2.2.3",0.43899910037408,FALSE,TRUE,40
"2.2.2.2.3.2.3.2.2.2.2.2.2.2.2.3.2.2.2.2.2.3",0.483462204870601,FALSE,TRUE,39
"2.2.2.2.2.3.3.2.2.2.2.2.2.2.2.3.2.2.2.2.2.3",0.462256981841716,FALSE,TRUE,40
"2.2.2.2.2.2.4.2.2.2.2.2.2.2.2.3.2.2.2.2.2.3",0.436997729081964,FALSE,TRUE,39
"2.2.2.2.2.2.3.3.2.2.2.2.2.2.2.3.2.2.2.2.2.3",0.387604095178362,FALSE,TRUE,40
"2.2.2.2.2.2.3.2.3.2.2.2.2.2.2.3.2.2.2.2.2.3",0.470733949191986,FALSE,TRUE,40
"2.2.2.2.2.2.3.2.2.3.2.2.2.2.2.3.2.2.2.2.2.3",0.46403886053765,FALSE,TRUE,40
"2.2.2.2.2.2.3.2.2.2.3.2.2.2.2.3.2.2.2.2.2.3",0.498953554215811,FALSE,TRUE,40
"2.2.2.2.2.2.3.2.2.2.2.3.2.2.2.3.2.2.2.2.2.3",0.494669232885708,FALSE,TRUE,41
"2.2.2.2.2.2.3.2.2.2.2.2.3.2.2.3.2.2.2.2.2.3",0.514193100221806,FALSE,TRUE,39
"2.2.2.2.2.2.3.2.2.2.2.2.2.2.3.3.2.2.2.2.2.3",0.420586679931873,FALSE,TRUE,40
"2.2.2.2.2.2.3.2.2.2.2.2.2.2.2.4.2.2.2.2.2.3",0.460108158354021,FALSE,TRUE,41
"2.2.2.2.2.2.3.2.2.2.2.2.2.2.2.3.3.2.2.2.2.3",0.573963549348592,FALSE,TRUE,40
"2.2.2.2.2.2.3.2.2.2.2.2.2.2.2.3.2.3.2.2.2.3",0.371750479343963,FALSE,TRUE,40
"2.2.2.2.2.2.3.2.2.2.2.2.2.2.2.3.2.2.3.2.2.3",0.398702295483097,FALSE,TRUE,40
"2.2.2.2.2.2.3.2.2.2.2.2.2.2.2.3.2.2.2.3.2.3",0.360608059153297,FALSE,TRUE,40
"2.2.2.2.2.2.3.2.2.2.2.2.2.2.2.3.2.2.2.2.2.4",0.494196543121777,FALSE,TRUE,40
"1.2.2.2.2.2.3.2.2.2.2.2.2.2.2.3.2.2.2.2.2.3",0.468571677803116,FALSE,TRUE,39
"2.1.2.2.2.2.3.2.2.2.2.2.2.2.2.3.2.2.2.2.2.3",0.505863668494722,FALSE,TRUE,39
"2.2.1.2.2.2.3.2.2.2.2.2.2.2.2.3.2.2.2.2.2.3",0.48411224940884,FALSE,TRUE,39
"2.2.2.1.2.2.3.2.2.2.2.2.2.2.2.3.2.2.2.2.2.3",0.47288544197892,FALSE,TRUE,39
"2.2.2.2.1.2.3.2.2.2.2.2.2.2.2.3.2.2.2.2.2.3",0.438543632831697,FALSE,TRUE,39
"2.2.2.2.2.1.3.2.2.2.2.2.2.2.2.3.2.2.2.2.2.3",0.477114527902526,FALSE,TRUE,38
"2.2.2.2.2.2.2.2.2.2.2.2.2.2.2.3.2.2.2.2.2.3",0.494890127755699,FALSE,TRUE,39
"2.2.2.2.2.2.3.1.2.2.2.2.2.2.2.3.2.2.2.2.2.3",0.552585133126671,FALSE,TRUE,39
"2.2.2.2.2.2.3.2.1.2.2.2.2.2.2.3.2.2.2.2.2.3",0.475580044154513,FALSE,TRUE,39
"2.2.2.2.2.2.3.2.2.1.2.2.2.2.2.3.2.2.2.2.2.3",0.482950343874582,FALSE,TRUE,39
"2.2.2.2.2.2.3.2.2.2.1.2.2.2.2.3.2.2.2.2.2.3",0.440809657919317,FALSE,TRUE,39
"2.2.2.2.2.2.3.2.2.2.2.2.1.2.2.3.2.2.2.2.2.3",0.450510511499081,FALSE,TRUE,37
"2.2.2.2.2.2.3.2.2.2.2.2.2.1.2.3.2.2.2.2.2.3",0.525121297215382,FALSE,TRUE,40
"2.2.2.2.2.2.3.2.2.2.2.2.2.2.1.3.2.2.2.2.2.3",0.474353813696346,FALSE,TRUE,39
"2.2.2.2.2.2.3.2.2.2.2.2.2.2.2.3.1.2.2.2.2.3",0.388040204372095,FALSE,TRUE,38
"2.2.2.2.2.2.3.2.2.2.2.2.2.2.2.3.2.1.2.2.2.3",0.522529716182093,FALSE,TRUE,39
"2.2.2.2.2.2.3.2.2.2.2.2.2.2.2.3.2.2.1.2.2.3",0.55494848374228,FALSE,TRUE,39
"2.2.2.2.2.2.3.2.2.2.2.2.2.2.2.3.2.2.2.1.2.3",0.529850191559185,FALSE,TRUE,38
"2.2.2.2.2.2.3.2.2.2.2.2.2.2.2.3.2.2.2.2.1.3",0.568047830973889,FALSE,TRUE,37
"3.2.1.2.2.2.1.2.2.2.2.3.2.1.2.2.2.2.2.2.2.2",0.603937782649283,FALSE,TRUE,36
"2.3.1.2.2.2.1.2.2.2.2.3.2.1.2.2.2.2.2.2.2.2",0.57901041928797,FALSE,TRUE,36
"2.2.1.3.2.2.1.2.2.2.2.3.2.1.2.2.2.2.2.2.2.2",0.541340569786155,FALSE,TRUE,36
"2.2.1.2.3.2.1.2.2.2.2.3.2.1.2.2.2.2.2.2.2.2",0.637214452498212,FALSE,TRUE,36
"2.2.1.2.2.3.1.2.2.2.2.3.2.1.2.2.2.2.2.2.2.2",0.576067416754305,FALSE,TRUE,36
"2.2.1.2.2.2.2.2.2.2.2.3.2.1.2.2.2.2.2.2.2.2",0.589483802505558,FALSE,TRUE,37
"2.2.1.2.2.2.1.3.2.2.2.3.2.1.2.2.2.2.2.2.2.2",0.558262558036443,FALSE,TRUE,36
"2.2.1.2.2.2.1.2.3.2.2.3.2.1.2.2.2.2.2.2.2.2",0.602523903196082,FALSE,TRUE,36
"2.2.1.2.2.2.1.2.2.3.2.3.2.1.2.2.2.2.2.2.2.2",0.592743369083443,FALSE,TRUE,36
"2.2.1.2.2.2.1.2.2.2.3.3.2.1.2.2.2.2.2.2.2.2",0.632753377855218,FALSE,TRUE,36
"2.2.1.2.2.2.1.2.2.2.2.3.3.1.2.2.2.2.2.2.2.2",0.620735778600447,FALSE,TRUE,36
"2.2.1.2.2.2.1.2.2.2.2.3.2.1.3.2.2.2.2.2.2.2",0.565764882526015,FALSE,TRUE,36
"2.2.1.2.2.2.1.2.2.2.2.3.2.1.2.3.2.2.2.2.2.2",0.600405551206681,FALSE,TRUE,37
"2.2.1.2.2.2.1.2.2.2.2.3.2.1.2.2.3.2.2.2.2.2",0.704998666141158,FALSE,TRUE,36
"2.2.1.2.2.2.1.2.2.2.2.3.2.1.2.2.2.3.2.2.2.2",0.565402485912078,FALSE,TRUE,36
"2.2.1.2.2.2.1.2.2.2.2.3.2.1.2.2.2.2.3.2.2.2",0.531368708135157,FALSE,TRUE,36
"2.2.1.2.2.2.1.2.2.2.2.3.2.1.2.2.2.2.2.3.2.2",0.503150337756549,FALSE,TRUE,36
"2.2.1.2.2.2.1.2.2.2.2.3.2.1.2.2.2.2.2.2.3.2",0.520584254589387,FALSE,TRUE,36
"2.2.1.2.2.2.1.2.2.2.2.3.2.1.2.2.2.2.2.2.2.3",0.60176867360121,FALSE,TRUE,36
"1.2.1.2.2.2.1.2.2.2.2.3.2.1.2.2.2.2.2.2.2.2",0.578833187565264,FALSE,TRUE,35
"2.1.1.2.2.2.1.2.2.2.2.3.2.1.2.2.2.2.2.2.2.2",0.567799428397265,FALSE,TRUE,35
"2.2.1.1.2.2.1.2.2.2.2.3.2.1.2.2.2.2.2.2.2.2",0.620882956488043,FALSE,TRUE,35
"2.2.1.2.1.2.1.2.2.2.2.3.2.1.2.2.2.2.2.2.2.2",0.550584609811333,FALSE,TRUE,35
"2.2.1.2.2.1.1.2.2.2.2.3.2.1.2.2.2.2.2.2.2.2",0.610891782467432,FALSE,TRUE,35
"2.2.1.2.2.2.1.1.2.2.2.3.2.1.2.2.2.2.2.2.2.2",0.624500967709383,FALSE,TRUE,35
"2.2.1.2.2.2.1.2.1.2.2.3.2.1.2.2.2.2.2.2.2.2",0.593374994402064,FALSE,TRUE,35
"2.2.1.2.2.2.1.2.2.1.2.3.2.1.2.2.2.2.2.2.2.2",0.599306387806448,FALSE,TRUE,35
"2.2.1.2.2.2.1.2.2.2.1.3.2.1.2.2.2.2.2.2.2.2",0.563661514554481,FALSE,TRUE,35
"2.2.1.2.2.2.1.2.2.2.2.2.2.1.2.2.2.2.2.2.2.2",0.555117750559338,FALSE,TRUE,37
"2.2.1.2.2.2.1.2.2.2.2.3.1.1.2.2.2.2.2.2.2.2",0.597499308711441,FALSE,TRUE,35
"2.2.1.2.2.2.1.2.2.2.2.3.2.1.1.2.2.2.2.2.2.2",0.575723994199545,FALSE,TRUE,35
"2.2.1.2.2.2.1.2.2.2.2.3.2.1.2.2.1.2.2.2.2.2",0.520200737696812,FALSE,TRUE,35
"2.2.1.2.2.2.1.2.2.2.2.3.2.1.2.2.2.1.2.2.2.2",0.565970027225836,FALSE,TRUE,35
"2.2.1.2.2.2.1.2.2.2.2.3.2.1.2.2.2.2.1.2.2.2",0.661295123396625,FALSE,TRUE,35
"2.2.1.2.2.2.1.2.2.2.2.3.2.1.2.2.2.2.2.1.2.2",0.63441790901274,FALSE,TRUE,35
"2.2.1.2.2.2.1.2.2.2.2.3.2.1.2.2.2.2.2.2.1.2",0.663455414297079,FALSE,TRUE,35
"2.2.1.2.2.2.1.2.2.2.2.3.2.1.2.2.2.2.2.2.2.1",0.609892146479475,FALSE,TRUE,35
"4.2.2.2.2.2.3.2.2.2.2.2.2.2.2.2.2.2.2.2.1.2",0.535560457705042,FALSE,TRUE,40
"3.3.2.2.2.2.3.2.2.2.2.2.2.2.2.2.2.2.2.2.1.2",0.484397582523072,FALSE,TRUE,38
"3.2.3.2.2.2.3.2.2.2.2.2.2.2.2.2.2.2.2.2.1.2",0.508313870547748,FALSE,TRUE,39
"3.2.2.3.2.2.3.2.2.2.2.2.2.2.2.2.2.2.2.2.1.2",0.497191567458422,FALSE,TRUE,39
"3.2.2.2.3.2.3.2.2.2.2.2.2.2.2.2.2.2.2.2.1.2",0.515338747934748,FALSE,TRUE,39
"3.2.2.2.2.3.3.2.2.2.2.2.2.2.2.2.2.2.2.2.1.2",0.498965299154033,FALSE,TRUE,39
"3.2.2.2.2.2.4.2.2.2.2.2.2.2.2.2.2.2.2.2.1.2",0.517628535514867,FALSE,TRUE,38
"3.2.2.2.2.2.3.3.2.2.2.2.2.2.2.2.2.2.2.2.1.2",0.510306788069398,FALSE,TRUE,39
"3.2.2.2.2.2.3.2.3.2.2.2.2.2.2.2.2.2.2.2.1.2",0.514827830472252,FALSE,TRUE,39
"3.2.2.2.2.2.3.2.2.3.2.2.2.2.2.2.2.2.2.2.1.2",0.506936631955426,FALSE,TRUE,39
"3.2.2.2.2.2.3.2.2.2.3.2.2.2.2.2.2.2.2.2.1.2",0.554448907784044,FALSE,TRUE,40
"3.2.2.2.2.2.3.2.2.2.2.3.2.2.2.2.2.2.2.2.1.2",0.579161434337084,FALSE,TRUE,39
"3.2.2.2.2.2.3.2.2.2.2.2.3.2.2.2.2.2.2.2.1.2",0.558998690735956,FALSE,TRUE,38
"3.2.2.2.2.2.3.2.2.2.2.2.2.3.2.2.2.2.2.2.1.2",0.49260633849793,FALSE,TRUE,39
"3.2.2.2.2.2.3.2.2.2.2.2.2.2.3.2.2.2.2.2.1.2",0.537162414566872,FALSE,TRUE,38
"3.2.2.2.2.2.3.2.2.2.2.2.2.2.2.3.2.2.2.2.1.2",0.541236514477308,FALSE,TRUE,38
"3.2.2.2.2.2.3.2.2.2.2.2.2.2.2.2.2.3.2.2.1.2",0.48325743940734,FALSE,TRUE,39
"3.2.2.2.2.2.3.2.2.2.2.2.2.2.2.2.2.2.3.2.1.2",0.478889228445644,FALSE,TRUE,39
"3.2.2.2.2.2.3.2.2.2.2.2.2.2.2.2.2.2.2.3.1.2",0.477793924673345,FALSE,TRUE,39
"3.2.2.2.2.2.3.2.2.2.2.2.2.2.2.2.2.2.2.2.1.3",0.565170813842858,FALSE,TRUE,38
"3.1.2.2.2.2.3.2.2.2.2.2.2.2.2.2.2.2.2.2.1.2",0.56773546689518,FALSE,TRUE,38
"3.2.1.2.2.2.3.2.2.2.2.2.2.2.2.2.2.2.2.2.1.2",0.565579399249675,FALSE,TRUE,38
"3.2.2.1.2.2.3.2.2.2.2.2.2.2.2.2.2.2.2.2.1.2",0.538274767089509,FALSE,TRUE,38
"3.2.2.2.1.2.3.2.2.2.2.2.2.2.2.2.2.2.2.2.1.2",0.535055268155149,FALSE,TRUE,38
"3.2.2.2.2.1.3.2.2.2.2.2.2.2.2.2.2.2.2.2.1.2",0.567263927061869,FALSE,TRUE,37
"3.2.2.2.2.2.2.2.2.2.2.2.2.2.2.2.2.2.2.2.1.2",0.549986385616731,FALSE,TRUE,37
"3.2.2.2.2.2.3.1.2.2.2.2.2.2.2.2.2.2.2.2.1.2",0.557508473329422,FALSE,TRUE,38
"3.2.2.2.2.2.3.2.1.2.2.2.2.2.2.2.2.2.2.2.1.2",0.562218461025118,FALSE,TRUE,38
"3.2.2.2.2.2.3.2.2.1.2.2.2.2.2.2.2.2.2.2.1.2",0.570052576094,FALSE,TRUE,38
"3.2.2.2.2.2.3.2.2.2.2.1.2.2.2.2.2.2.2.2.1.2",0.475025455976379,FALSE,TRUE,38
"3.2.2.2.2.2.3.2.2.2.2.2.1.2.2.2.2.2.2.2.1.2",0.541980324909783,FALSE,TRUE,36
"3.2.2.2.2.2.3.2.2.2.2.2.2.1.2.2.2.2.2.2.1.2",0.574734443183531,FALSE,TRUE,38
"3.2.2.2.2.2.3.2.2.2.2.2.2.2.1.2.2.2.2.2.1.2",0.48461637175885,FALSE,TRUE,38
"3.2.2.2.2.2.3.2.2.2.2.2.2.2.2.1.2.2.2.2.1.2",0.490562904030903,FALSE,TRUE,38
"3.2.2.2.2.2.3.2.2.2.2.2.2.2.2.2.1.2.2.2.1.2",0.485764193068182,FALSE,TRUE,39
"3.2.2.2.2.2.3.2.2.2.2.2.2.2.2.2.2.1.2.2.1.2",0.526004084822241,FALSE,TRUE,38
"3.2.2.2.2.2.3.2.2.2.2.2.2.2.2.2.2.2.1.2.1.2",0.604668441783183,FALSE,TRUE,38
"3.2.2.2.2.2.3.2.2.2.2.2.2.2.2.2.2.2.2.1.1.2",0.529399359006748,FALSE,TRUE,38
"3.2.2.2.2.2.3.2.2.2.2.2.2.2.2.2.2.2.2.2.1.1",0.535044822769644,FALSE,TRUE,38
"3.3.2.2.2.2.2.2.2.2.2.2.2.2.2.2.2.2.2.2.1.2",0.50962208957499,FALSE,TRUE,39
"2.4.2.2.2.2.2.2.2.2.2.2.2.2.2.2.2.2.2.2.1.2",0.432317552339198,FALSE,TRUE,41
"2.3.3.2.2.2.2.2.2.2.2.2.2.2.2.2.2.2.2.2.1.2",0.457316842619933,FALSE,TRUE,41
"2.3.2.3.2.2.2.2.2.2.2.2.2.2.2.2.2.2.2.2.1.2",0.469582082811753,FALSE,TRUE,39
"2.3.2.2.3.2.2.2.2.2.2.2.2.2.2.2.2.2.2.2.1.2",0.480786384032244,FALSE,TRUE,40
"2.3.2.2.2.3.2.2.2.2.2.2.2.2.2.2.2.2.2.2.1.2",0.452269857610711,FALSE,TRUE,41
"2.3.2.2.2.2.2.3.2.2.2.2.2.2.2.2.2.2.2.2.1.2",0.478404729435164,FALSE,TRUE,41
"2.3.2.2.2.2.2.2.3.2.2.2.2.2.2.2.2.2.2.2.1.2",0.468144584566784,FALSE,TRUE,41
"2.3.2.2.2.2.2.2.2.3.2.2.2.2.2.2.2.2.2.2.1.2",0.470614773364239,FALSE,TRUE,41
"2.3.2.2.2.2.2.2.2.2.3.2.2.2.2.2.2.2.2.2.1.2",0.539291143110937,FALSE,TRUE,41
"2.3.2.2.2.2.2.2.2.2.2.3.2.2.2.2.2.2.2.2.1.2",0.561898474863323,FALSE,TRUE,40
"2.3.2.2.2.2.2.2.2.2.2.2.3.2.2.2.2.2.2.2.1.2",0.546337657778284,FALSE,TRUE,41
"2.3.2.2.2.2.2.2.2.2.2.2.2.3.2.2.2.2.2.2.1.2",0.455065185497769,FALSE,TRUE,41
"2.3.2.2.2.2.2.2.2.2.2.2.2.2.3.2.2.2.2.2.1.2",0.506661700970039,FALSE,TRUE,41
"2.3.2.2.2.2.2.2.2.2.2.2.2.2.2.3.2.2.2.2.1.2",0.510280801383257,FALSE,TRUE,39
"2.3.2.2.2.2.2.2.2.2.2.2.2.2.2.2.3.2.2.2.1.2",0.602844690042071,FALSE,TRUE,41
"2.3.2.2.2.2.2.2.2.2.2.2.2.2.2.2.2.3.2.2.1.2",0.444006031505401,FALSE,TRUE,41
"2.3.2.2.2.2.2.2.2.2.2.2.2.2.2.2.2.2.3.2.1.2",0.422882228405715,FALSE,TRUE,41
"2.3.2.2.2.2.2.2.2.2.2.2.2.2.2.2.2.2.2.3.1.2",0.423392473486151,FALSE,TRUE,41
"2.3.2.2.2.2.2.2.2.2.2.2.2.2.2.2.2.2.2.2.1.3",0.559922231397471,FALSE,TRUE,41
"1.3.2.2.2.2.2.2.2.2.2.2.2.2.2.2.2.2.2.2.1.2",0.500372399851231,FALSE,TRUE,40
"2.3.1.2.2.2.2.2.2.2.2.2.2.2.2.2.2.2.2.2.1.2",0.541759585256028,FALSE,TRUE,38
"2.3.2.1.2.2.2.2.2.2.2.2.2.2.2.2.2.2.2.2.1.2",0.504630810550857,FALSE,TRUE,40
"2.3.2.2.1.2.2.2.2.2.2.2.2.2.2.2.2.2.2.2.1.2",0.510817688466286,FALSE,TRUE,40
"2.3.2.2.2.1.2.2.2.2.2.2.2.2.2.2.2.2.2.2.1.2",0.543276507917088,FALSE,TRUE,40
"2.3.2.2.2.2.1.2.2.2.2.2.2.2.2.2.2.2.2.2.1.2",0.524466498477756,FALSE,TRUE,39
"2.3.2.2.2.2.2.1.2.2.2.2.2.2.2.2.2.2.2.2.1.2",0.517888149970399,FALSE,TRUE,40
"2.3.2.2.2.2.2.2.1.2.2.2.2.2.2.2.2.2.2.2.1.2",0.543537764649766,FALSE,TRUE,40
"2.3.2.2.2.2.2.2.2.1.2.2.2.2.2.2.2.2.2.2.1.2",0.534636060042919,FALSE,TRUE,40
"2.3.2.2.2.2.2.2.2.2.1.2.2.2.2.2.2.2.2.2.1.2",0.463691464262244,FALSE,TRUE,40
"2.3.2.2.2.2.2.2.2.2.2.1.2.2.2.2.2.2.2.2.1.2",0.42811964339472,FALSE,TRUE,39
"2.3.2.2.2.2.2.2.2.2.2.2.1.2.2.2.2.2.2.2.1.2",0.484675248637897,FALSE,TRUE,39
"2.3.2.2.2.2.2.2.2.2.2.2.2.1.2.2.2.2.2.2.1.2",0.544087433168085,FALSE,TRUE,40
"2.3.2.2.2.2.2.2.2.2.2.2.2.2.1.2.2.2.2.2.1.2",0.449663280439154,FALSE,TRUE,40
"2.3.2.2.2.2.2.2.2.2.2.2.2.2.2.1.2.2.2.2.1.2",0.455005083185705,FALSE,TRUE,40
"2.3.2.2.2.2.2.2.2.2.2.2.2.2.2.2.1.2.2.2.1.2",0.422067948700055,FALSE,TRUE,40
"2.3.2.2.2.2.2.2.2.2.2.2.2.2.2.2.2.1.2.2.1.2",0.50713581524533,FALSE,TRUE,40
"2.3.2.2.2.2.2.2.2.2.2.2.2.2.2.2.2.2.1.2.1.2",0.589778378055694,FALSE,TRUE,40
"2.3.2.2.2.2.2.2.2.2.2.2.2.2.2.2.2.2.2.1.1.2",0.523641273806599,FALSE,TRUE,40
"2.3.2.2.2.2.2.2.2.2.2.2.2.2.2.2.2.2.2.2.1.1",0.465783542234257,FALSE,TRUE,40
"3.2.2.2.2.2.3.2.2.2.2.2.2.2.2.2.1.2.2.2.2.3",0.383516198921598,FALSE,TRUE,40
"2.3.2.2.2.2.3.2.2.2.2.2.2.2.2.2.1.2.2.2.2.3",0.283540222167591,FALSE,TRUE,40
"2.2.3.2.2.2.3.2.2.2.2.2.2.2.2.2.1.2.2.2.2.3",0.29211324886732,FALSE,TRUE,40
"2.2.2.3.2.2.3.2.2.2.2.2.2.2.2.2.1.2.2.2.2.3",0.28671144209198,FALSE,TRUE,40
"2.2.2.2.3.2.3.2.2.2.2.2.2.2.2.2.1.2.2.2.2.3",0.349885472390851,FALSE,TRUE,39
"2.2.2.2.2.3.3.2.2.2.2.2.2.2.2.2.1.2.2.2.2.3",0.299632852279122,FALSE,TRUE,40
"2.2.2.2.2.2.4.2.2.2.2.2.2.2.2.2.1.2.2.2.2.3",0.289942504512355,FALSE,TRUE,39
"2.2.2.2.2.2.3.3.2.2.2.2.2.2.2.2.1.2.2.2.2.3",0.286947432301058,FALSE,TRUE,40
"2.2.2.2.2.2.3.2.3.2.2.2.2.2.2.2.1.2.2.2.2.3",0.348477052072719,FALSE,TRUE,40
"2.2.2.2.2.2.3.2.2.3.2.2.2.2.2.2.1.2.2.2.2.3",0.344869723346754,FALSE,TRUE,40
"2.2.2.2.2.2.3.2.2.2.3.2.2.2.2.2.1.2.2.2.2.3",0.348586064231739,FALSE,TRUE,40
"2.2.2.2.2.2.3.2.2.2.2.3.2.2.2.2.1.2.2.2.2.3",0.386952277129081,FALSE,TRUE,40
"2.2.2.2.2.2.3.2.2.2.2.2.3.2.2.2.1.2.2.2.2.3",0.338721184571344,FALSE,TRUE,39
"2.2.2.2.2.2.3.2.2.2.2.2.2.3.2.2.1.2.2.2.2.3",0.302069239874272,FALSE,TRUE,39
"2.2.2.2.2.2.3.2.2.2.2.2.2.2.3.2.1.2.2.2.2.3",0.31697755701969,FALSE,TRUE,40
"2.2.2.2.2.2.3.2.2.2.2.2.2.2.2.2.1.3.2.2.2.3",0.247343027601857,FALSE,TRUE,40
"2.2.2.2.2.2.3.2.2.2.2.2.2.2.2.2.1.2.3.2.2.3",0.256057633091671,FALSE,TRUE,40
"2.2.2.2.2.2.3.2.2.2.2.2.2.2.2.2.1.2.2.3.2.3",0.245276599856503,FALSE,TRUE,41
"2.2.2.2.2.2.3.2.2.2.2.2.2.2.2.2.1.2.2.2.2.4",0.381370256200521,FALSE,TRUE,40
"1.2.2.2.2.2.3.2.2.2.2.2.2.2.2.2.1.2.2.2.2.3",0.308502236477402,FALSE,TRUE,39
"2.1.2.2.2.2.3.2.2.2.2.2.2.2.2.2.1.2.2.2.2.3",0.380627762799825,FALSE,TRUE,39
"2.2.1.2.2.2.3.2.2.2.2.2.2.2.2.2.1.2.2.2.2.3",0.38411863578967,FALSE,TRUE,39
"2.2.2.1.2.2.3.2.2.2.2.2.2.2.2.2.1.2.2.2.2.3",0.372270811078624,FALSE,TRUE,39
"2.2.2.2.1.2.3.2.2.2.2.2.2.2.2.2.1.2.2.2.2.3",0.327788396212536,FALSE,TRUE,39
"2.2.2.2.2.1.3.2.2.2.2.2.2.2.2.2.1.2.2.2.2.3",0.383289191344868,FALSE,TRUE,38
"2.2.2.2.2.2.2.2.2.2.2.2.2.2.2.2.1.2.2.2.2.3",0.376016408145576,FALSE,TRUE,39
"2.2.2.2.2.2.3.1.2.2.2.2.2.2.2.2.1.2.2.2.2.3",0.393617905442228,FALSE,TRUE,39
"2.2.2.2.2.2.3.2.1.2.2.2.2.2.2.2.1.2.2.2.2.3",0.335828207402732,FALSE,TRUE,39
"2.2.2.2.2.2.3.2.2.1.2.2.2.2.2.2.1.2.2.2.2.3",0.342375592196528,FALSE,TRUE,39
"2.2.2.2.2.2.3.2.2.2.1.2.2.2.2.2.1.2.2.2.2.3",0.336875793020672,FALSE,TRUE,39
"2.2.2.2.2.2.3.2.2.2.2.1.2.2.2.2.1.2.2.2.2.3",0.278731910564151,FALSE,TRUE,38
"2.2.2.2.2.2.3.2.2.2.2.2.1.2.2.2.1.2.2.2.2.3",0.373961525756975,FALSE,TRUE,39
"2.2.2.2.2.2.3.2.2.2.2.2.2.1.2.2.1.2.2.2.2.3",0.372333202044481,FALSE,TRUE,39
"2.2.2.2.2.2.3.2.2.2.2.2.2.2.1.2.1.2.2.2.2.3",0.344064400024053,FALSE,TRUE,39
"2.2.2.2.2.2.3.2.2.2.2.2.2.2.2.1.1.2.2.2.2.3",0.272890526914434,FALSE,TRUE,39
"2.2.2.2.2.2.3.2.2.2.2.2.2.2.2.2.1.1.2.2.2.3",0.407069033237907,FALSE,TRUE,39
"2.2.2.2.2.2.3.2.2.2.2.2.2.2.2.2.1.2.1.2.2.3",0.441595024100808,FALSE,TRUE,39
"2.2.2.2.2.2.3.2.2.2.2.2.2.2.2.2.1.2.2.2.1.3",0.46999029795533,FALSE,TRUE,38
"2.3.2.2.2.2.3.2.2.2.2.2.2.2.2.3.2.2.2.2.1.2",0.490912251300028,FALSE,TRUE,39
"2.2.3.2.2.2.3.2.2.2.2.2.2.2.2.3.2.2.2.2.1.2",0.536836199002199,FALSE,TRUE,40
"2.2.2.3.2.2.3.2.2.2.2.2.2.2.2.3.2.2.2.2.1.2",0.535469562094793,FALSE,TRUE,40
"2.2.2.2.3.2.3.2.2.2.2.2.2.2.2.3.2.2.2.2.1.2",0.529559901089578,FALSE,TRUE,40
"2.2.2.2.2.3.3.2.2.2.2.2.2.2.2.3.2.2.2.2.1.2",0.546310278123307,FALSE,TRUE,40
"2.2.2.2.2.2.4.2.2.2.2.2.2.2.2.3.2.2.2.2.1.2",0.53600291799803,FALSE,TRUE,39
"2.2.2.2.2.2.3.3.2.2.2.2.2.2.2.3.2.2.2.2.1.2",0.499332637452932,FALSE,TRUE,40
"2.2.2.2.2.2.3.2.3.2.2.2.2.2.2.3.2.2.2.2.1.2",0.529618520496837,FALSE,TRUE,40
"2.2.2.2.2.2.3.2.2.3.2.2.2.2.2.3.2.2.2.2.1.2",0.530636439890211,FALSE,TRUE,40
"2.2.2.2.2.2.3.2.2.2.3.2.2.2.2.3.2.2.2.2.1.2",0.578675691661957,FALSE,TRUE,40
"2.2.2.2.2.2.3.2.2.2.2.3.2.2.2.3.2.2.2.2.1.2",0.583678492861611,FALSE,TRUE,40
"2.2.2.2.2.2.3.2.2.2.2.2.3.2.2.3.2.2.2.2.1.2",0.587563758437776,FALSE,TRUE,40
"2.2.2.2.2.2.3.2.2.2.2.2.2.3.2.3.2.2.2.2.1.2",0.474934740816054,FALSE,TRUE,38
"2.2.2.2.2.2.3.2.2.2.2.2.2.2.3.3.2.2.2.2.1.2",0.487133385704176,FALSE,TRUE,40
"2.2.2.2.2.2.3.2.2.2.2.2.2.2.2.4.2.2.2.2.1.2",0.519018315834087,FALSE,TRUE,41
"2.2.2.2.2.2.3.2.2.2.2.2.2.2.2.3.3.2.2.2.1.2",0.61754483572913,FALSE,TRUE,39
"2.2.2.2.2.2.3.2.2.2.2.2.2.2.2.3.2.3.2.2.1.2",0.473033055281416,FALSE,TRUE,40
"2.2.2.2.2.2.3.2.2.2.2.2.2.2.2.3.2.2.3.2.1.2",0.477084486251526,FALSE,TRUE,40
"2.2.2.2.2.2.3.2.2.2.2.2.2.2.2.3.2.2.2.3.1.2",0.460100405353202,FALSE,TRUE,40
"1.2.2.2.2.2.3.2.2.2.2.2.2.2.2.3.2.2.2.2.1.2",0.55401710819053,FALSE,TRUE,39
"2.1.2.2.2.2.3.2.2.2.2.2.2.2.2.3.2.2.2.2.1.2",0.577791434402316,FALSE,TRUE,39
"2.2.1.2.2.2.3.2.2.2.2.2.2.2.2.3.2.2.2.2.1.2",0.553126904624238,FALSE,TRUE,39
"2.2.2.1.2.2.3.2.2.2.2.2.2.2.2.3.2.2.2.2.1.2",0.521108571092189,FALSE,TRUE,39
"2.2.2.2.1.2.3.2.2.2.2.2.2.2.2.3.2.2.2.2.1.2",0.538201053078704,FALSE,TRUE,39
"2.2.2.2.2.1.3.2.2.2.2.2.2.2.2.3.2.2.2.2.1.2",0.538469685475069,FALSE,TRUE,38
"2.2.2.2.2.2.2.2.2.2.2.2.2.2.2.3.2.2.2.2.1.2",0.548226920267176,FALSE,TRUE,38
"2.2.2.2.2.2.3.1.2.2.2.2.2.2.2.3.2.2.2.2.1.2",0.586654594029464,FALSE,TRUE,39
"2.2.2.2.2.2.3.2.1.2.2.2.2.2.2.3.2.2.2.2.1.2",0.567386978536089,FALSE,TRUE,39
"2.2.2.2.2.2.3.2.2.1.2.2.2.2.2.3.2.2.2.2.1.2",0.564373742727646,FALSE,TRUE,39
"2.2.2.2.2.2.3.2.2.2.1.2.2.2.2.3.2.2.2.2.1.2",0.516659791228342,FALSE,TRUE,38
"2.2.2.2.2.2.3.2.2.2.2.1.2.2.2.3.2.2.2.2.1.2",0.491397375459503,FALSE,TRUE,37
"2.2.2.2.2.2.3.2.2.2.2.2.2.1.2.3.2.2.2.2.1.2",0.612030276106904,FALSE,TRUE,39
"2.2.2.2.2.2.3.2.2.2.2.2.2.2.1.3.2.2.2.2.1.2",0.546856274619734,FALSE,TRUE,39
"2.2.2.2.2.2.3.2.2.2.2.2.2.2.2.3.1.2.2.2.1.2",0.495303057913848,FALSE,TRUE,39
"2.2.2.2.2.2.3.2.2.2.2.2.2.2.2.3.2.1.2.2.1.2",0.556615667525851,FALSE,TRUE,39
"2.2.2.2.2.2.3.2.2.2.2.2.2.2.2.3.2.2.1.2.1.2",0.622689857099241,FALSE,TRUE,39
"2.2.2.2.2.2.3.2.2.2.2.2.2.2.2.3.2.2.2.1.1.2",0.569959295434183,FALSE,TRUE,39
"2.2.2.2.2.2.3.2.2.2.2.2.2.2.2.3.2.2.2.2.1.1",0.551315492660746,FALSE,TRUE,39
"3.2.2.2.2.2.3.2.2.2.2.2.3.2.2.2.2.2.2.2.2.2",0.461719706787564,FALSE,TRUE,40
"2.3.2.2.2.2.3.2.2.2.2.2.3.2.2.2.2.2.2.2.2.2",0.353125570306012,FALSE,TRUE,40
"2.2.3.2.2.2.3.2.2.2.2.2.3.2.2.2.2.2.2.2.2.2",0.317136372557435,FALSE,TRUE,41
"2.2.2.3.2.2.3.2.2.2.2.2.3.2.2.2.2.2.2.2.2.2",0.31634585472749,FALSE,TRUE,40
"2.2.2.2.3.2.3.2.2.2.2.2.3.2.2.2.2.2.2.2.2.2",0.386271177798844,FALSE,TRUE,40
"2.2.2.2.2.3.3.2.2.2.2.2.3.2.2.2.2.2.2.2.2.2",0.309599804544006,FALSE,TRUE,42
"2.2.2.2.2.2.3.3.2.2.2.2.3.2.2.2.2.2.2.2.2.2",0.354938173121678,FALSE,TRUE,41
"2.2.2.2.2.2.3.2.3.2.2.2.3.2.2.2.2.2.2.2.2.2",0.407573372972696,FALSE,TRUE,41
"2.2.2.2.2.2.3.2.2.3.2.2.3.2.2.2.2.2.2.2.2.2",0.402132402246687,FALSE,TRUE,41
"2.2.2.2.2.2.3.2.2.2.3.2.3.2.2.2.2.2.2.2.2.2",0.414612139884363,FALSE,TRUE,41
"2.2.2.2.2.2.3.2.2.2.2.3.3.2.2.2.2.2.2.2.2.2",0.447609047926562,FALSE,TRUE,39
"2.2.2.2.2.2.3.2.2.2.2.2.4.2.2.2.2.2.2.2.2.2",0.403639999498992,FALSE,TRUE,42
"2.2.2.2.2.2.3.2.2.2.2.2.3.3.2.2.2.2.2.2.2.2",0.405375900397903,FALSE,TRUE,41
"2.2.2.2.2.2.3.2.2.2.2.2.3.2.3.2.2.2.2.2.2.2",0.419696877729353,FALSE,TRUE,41
"2.2.2.2.2.2.3.2.2.2.2.2.3.2.2.3.2.2.2.2.2.2",0.487763613295515,FALSE,TRUE,39
"2.2.2.2.2.2.3.2.2.2.2.2.3.2.2.2.3.2.2.2.2.2",0.528992401873222,FALSE,TRUE,41
"2.2.2.2.2.2.3.2.2.2.2.2.3.2.2.2.2.3.2.2.2.2",0.284069470465763,FALSE,TRUE,41
"2.2.2.2.2.2.3.2.2.2.2.2.3.2.2.2.2.2.3.2.2.2",0.32166734181941,FALSE,TRUE,41
"2.2.2.2.2.2.3.2.2.2.2.2.3.2.2.2.2.2.2.3.2.2",0.316138669684192,FALSE,TRUE,41
"2.2.2.2.2.2.3.2.2.2.2.2.3.2.2.2.2.2.2.2.3.2",0.254603547342129,FALSE,TRUE,40
"1.2.2.2.2.2.3.2.2.2.2.2.3.2.2.2.2.2.2.2.2.2",0.353119601623099,FALSE,TRUE,40
"2.1.2.2.2.2.3.2.2.2.2.2.3.2.2.2.2.2.2.2.2.2",0.432452852018229,FALSE,TRUE,40
"2.2.1.2.2.2.3.2.2.2.2.2.3.2.2.2.2.2.2.2.2.2",0.482122828484954,FALSE,TRUE,39
"2.2.2.1.2.2.3.2.2.2.2.2.3.2.2.2.2.2.2.2.2.2",0.455098279378259,FALSE,TRUE,40
"2.2.2.2.1.2.3.2.2.2.2.2.3.2.2.2.2.2.2.2.2.2",0.405455307925714,FALSE,TRUE,40
"2.2.2.2.2.2.3.1.2.2.2.2.3.2.2.2.2.2.2.2.2.2",0.439295782590793,FALSE,TRUE,40
"2.2.2.2.2.2.3.2.1.2.2.2.3.2.2.2.2.2.2.2.2.2",0.393998953389908,FALSE,TRUE,40
"2.2.2.2.2.2.3.2.2.1.2.2.3.2.2.2.2.2.2.2.2.2",0.401868565092432,FALSE,TRUE,40
"2.2.2.2.2.2.3.2.2.2.1.2.3.2.2.2.2.2.2.2.2.2",0.387457016929284,FALSE,TRUE,40
"2.2.2.2.2.2.3.2.2.2.2.1.3.2.2.2.2.2.2.2.2.2",0.334351394517507,FALSE,TRUE,40
"2.2.2.2.2.2.3.2.2.2.2.2.3.1.2.2.2.2.2.2.2.2",0.386145029783858,FALSE,TRUE,40
"2.2.2.2.2.2.3.2.2.2.2.2.3.2.1.2.2.2.2.2.2.2",0.361355827076246,FALSE,TRUE,40
"2.2.2.2.2.2.3.2.2.2.2.2.3.2.2.1.2.2.2.2.2.2",0.287348932185485,FALSE,TRUE,40
"2.2.2.2.2.2.3.2.2.2.2.2.3.2.2.2.1.2.2.2.2.2",0.298070085663227,FALSE,TRUE,39
"2.2.2.2.2.2.3.2.2.2.2.2.3.2.2.2.2.1.2.2.2.2",0.473220115421777,FALSE,TRUE,40
"2.2.2.2.2.2.3.2.2.2.2.2.3.2.2.2.2.2.1.2.2.2",0.496467494860387,FALSE,TRUE,40
"2.2.2.2.2.2.3.2.2.2.2.2.3.2.2.2.2.2.2.1.2.2",0.426964206435141,FALSE,TRUE,40
"2.2.2.2.2.2.3.2.2.2.2.2.3.2.2.2.2.2.2.2.2.1",0.354383080167551,FALSE,TRUE,40
"3.3.2.2.2.2.2.2.2.2.2.1.2.2.2.2.2.2.2.2.2.2",0.361812288407626,FALSE,TRUE,40
"2.4.2.2.2.2.2.2.2.2.2.1.2.2.2.2.2.2.2.2.2.2",0.273457037344208,FALSE,TRUE,40
"2.3.3.2.2.2.2.2.2.2.2.1.2.2.2.2.2.2.2.2.2.2",0.242452621530671,FALSE,TRUE,40
"2.3.2.3.2.2.2.2.2.2.2.1.2.2.2.2.2.2.2.2.2.2",0.270835426411576,FALSE,TRUE,40
"2.3.2.2.3.2.2.2.2.2.2.1.2.2.2.2.2.2.2.2.2.2",0.278541464706248,FALSE,TRUE,39
"2.3.2.2.2.3.2.2.2.2.2.1.2.2.2.2.2.2.2.2.2.2",0.228841452134952,FALSE,TRUE,40
"2.3.2.2.2.2.3.2.2.2.2.1.2.2.2.2.2.2.2.2.2.2",0.281565488055819,FALSE,TRUE,40
"2.3.2.2.2.2.2.3.2.2.2.1.2.2.2.2.2.2.2.2.2.2",0.30647157964043,FALSE,TRUE,40
"2.3.2.2.2.2.2.2.3.2.2.1.2.2.2.2.2.2.2.2.2.2",0.287370881563586,FALSE,TRUE,40
"2.3.2.2.2.2.2.2.2.3.2.1.2.2.2.2.2.2.2.2.2.2",0.298493713180003,FALSE,TRUE,40
"2.3.2.2.2.2.2.2.2.2.3.1.2.2.2.2.2.2.2.2.2.2",0.34025670706324,FALSE,TRUE,40
"2.3.2.2.2.2.2.2.2.2.2.1.3.2.2.2.2.2.2.2.2.2",0.341598422802055,FALSE,TRUE,40
"2.3.2.2.2.2.2.2.2.2.2.1.2.3.2.2.2.2.2.2.2.2",0.281125496124105,FALSE,TRUE,40
"2.3.2.2.2.2.2.2.2.2.2.1.2.2.3.2.2.2.2.2.2.2",0.34774322981586,FALSE,TRUE,40
"2.3.2.2.2.2.2.2.2.2.2.1.2.2.2.3.2.2.2.2.2.2",0.378770852449304,FALSE,TRUE,40
"2.3.2.2.2.2.2.2.2.2.2.1.2.2.2.2.3.2.2.2.2.2",0.429027505918981,FALSE,TRUE,40
"2.3.2.2.2.2.2.2.2.2.2.1.2.2.2.2.2.3.2.2.2.2",0.239278864705942,FALSE,TRUE,40
"2.3.2.2.2.2.2.2.2.2.2.1.2.2.2.2.2.2.3.2.2.2",0.220793696377783,FALSE,TRUE,40
"2.3.2.2.2.2.2.2.2.2.2.1.2.2.2.2.2.2.2.3.2.2",0.251265326082458,FALSE,TRUE,40
"2.3.2.2.2.2.2.2.2.2.2.1.2.2.2.2.2.2.2.2.3.2",0.20197394213037,FALSE,TRUE,40
"2.3.2.2.2.2.2.2.2.2.2.1.2.2.2.2.2.2.2.2.2.3",0.380875396987024,FALSE,TRUE,40
"1.3.2.2.2.2.2.2.2.2.2.1.2.2.2.2.2.2.2.2.2.2",0.278708465431351,FALSE,TRUE,39
"2.3.1.2.2.2.2.2.2.2.2.1.2.2.2.2.2.2.2.2.2.2",0.381456408706179,FALSE,TRUE,39
"2.3.2.1.2.2.2.2.2.2.2.1.2.2.2.2.2.2.2.2.2.2",0.336661950815162,FALSE,TRUE,39
"2.3.2.2.1.2.2.2.2.2.2.1.2.2.2.2.2.2.2.2.2.2",0.344524785360421,FALSE,TRUE,39
"2.3.2.2.2.1.2.2.2.2.2.1.2.2.2.2.2.2.2.2.2.2",0.394913462648635,FALSE,TRUE,39
"2.3.2.2.2.2.2.1.2.2.2.1.2.2.2.2.2.2.2.2.2.2",0.318845300516195,FALSE,TRUE,39
"2.3.2.2.2.2.2.2.1.2.2.1.2.2.2.2.2.2.2.2.2.2",0.350870412747475,FALSE,TRUE,39
"2.3.2.2.2.2.2.2.2.1.2.1.2.2.2.2.2.2.2.2.2.2",0.33398631055377,FALSE,TRUE,39
"2.3.2.2.2.2.2.2.2.2.1.1.2.2.2.2.2.2.2.2.2.2",0.287871278459825,FALSE,TRUE,39
"2.3.2.2.2.2.2.2.2.2.2.1.1.2.2.2.2.2.2.2.2.2",0.321931948670523,FALSE,TRUE,38
"2.3.2.2.2.2.2.2.2.2.2.1.2.1.2.2.2.2.2.2.2.2",0.341673224478137,FALSE,TRUE,39
"2.3.2.2.2.2.2.2.2.2.2.1.2.2.1.2.2.2.2.2.2.2",0.248912216056951,FALSE,TRUE,39
"2.3.2.2.2.2.2.2.2.2.2.1.2.2.2.1.2.2.2.2.2.2",0.217080829637548,FALSE,TRUE,39
"2.3.2.2.2.2.2.2.2.2.2.1.2.2.2.2.1.2.2.2.2.2",0.222951629226233,FALSE,TRUE,39
"2.3.2.2.2.2.2.2.2.2.2.1.2.2.2.2.2.1.2.2.2.2",0.364248518691048,FALSE,TRUE,39
"2.3.2.2.2.2.2.2.2.2.2.1.2.2.2.2.2.2.1.2.2.2",0.421946474553786,FALSE,TRUE,39
"2.3.2.2.2.2.2.2.2.2.2.1.2.2.2.2.2.2.2.1.2.2",0.33826291994012,FALSE,TRUE,39
"2.3.2.2.2.2.2.2.2.2.2.1.2.2.2.2.2.2.2.2.2.1",0.278050827539095,FALSE,TRUE,39
"3.2.1.2.2.2.1.2.2.2.2.3.2.1.2.1.2.2.2.2.2.2",0.586157322389691,FALSE,TRUE,37
"2.3.1.2.2.2.1.2.2.2.2.3.2.1.2.1.2.2.2.2.2.2",0.545124100830501,FALSE,TRUE,36
"2.2.1.3.2.2.1.2.2.2.2.3.2.1.2.1.2.2.2.2.2.2",0.482479895105951,FALSE,TRUE,36
"2.2.1.2.3.2.1.2.2.2.2.3.2.1.2.1.2.2.2.2.2.2",0.57985870263158,FALSE,TRUE,37
"2.2.1.2.2.3.1.2.2.2.2.3.2.1.2.1.2.2.2.2.2.2",0.499532481396345,FALSE,TRUE,37
"2.2.1.2.2.2.2.2.2.2.2.3.2.1.2.1.2.2.2.2.2.2",0.531660080825916,FALSE,TRUE,38
"2.2.1.2.2.2.1.3.2.2.2.3.2.1.2.1.2.2.2.2.2.2",0.534493291529274,FALSE,TRUE,37
"2.2.1.2.2.2.1.2.2.3.2.3.2.1.2.1.2.2.2.2.2.2",0.557247834376934,FALSE,TRUE,37
"2.2.1.2.2.2.1.2.2.2.3.3.2.1.2.1.2.2.2.2.2.2",0.581080681396875,FALSE,TRUE,37
"2.2.1.2.2.2.1.2.2.2.2.4.2.1.2.1.2.2.2.2.2.2",0.599241987412936,FALSE,TRUE,36
"2.2.1.2.2.2.1.2.2.2.2.3.3.1.2.1.2.2.2.2.2.2",0.565988075943447,FALSE,TRUE,37
"2.2.1.2.2.2.1.2.2.2.2.3.2.1.3.1.2.2.2.2.2.2",0.55727086128057,FALSE,TRUE,37
"2.2.1.2.2.2.1.2.2.2.2.3.2.1.2.1.3.2.2.2.2.2",0.677289599210649,FALSE,TRUE,37
"2.2.1.2.2.2.1.2.2.2.2.3.2.1.2.1.2.3.2.2.2.2",0.523154880074221,FALSE,TRUE,37
"2.2.1.2.2.2.1.2.2.2.2.3.2.1.2.1.2.2.3.2.2.2",0.483431957904515,FALSE,TRUE,37
"2.2.1.2.2.2.1.2.2.2.2.3.2.1.2.1.2.2.2.3.2.2",0.475096333344781,FALSE,TRUE,37
"2.2.1.2.2.2.1.2.2.2.2.3.2.1.2.1.2.2.2.2.3.2",0.457291652400226,FALSE,TRUE,37
"2.2.1.2.2.2.1.2.2.2.2.3.2.1.2.1.2.2.2.2.2.3",0.594355445492368,FALSE,TRUE,37
"1.2.1.2.2.2.1.2.2.2.2.3.2.1.2.1.2.2.2.2.2.2",0.52282096125817,FALSE,TRUE,36
"2.1.1.2.2.2.1.2.2.2.2.3.2.1.2.1.2.2.2.2.2.2",0.528418506138222,FALSE,TRUE,36
"2.2.1.1.2.2.1.2.2.2.2.3.2.1.2.1.2.2.2.2.2.2",0.608909304058603,FALSE,TRUE,36
"2.2.1.2.1.2.1.2.2.2.2.3.2.1.2.1.2.2.2.2.2.2",0.538551868625065,FALSE,TRUE,36
"2.2.1.2.2.1.1.2.2.2.2.3.2.1.2.1.2.2.2.2.2.2",0.610800175048905,FALSE,TRUE,36
"2.2.1.2.2.2.1.1.2.2.2.3.2.1.2.1.2.2.2.2.2.2",0.57442641919085,FALSE,TRUE,36
"2.2.1.2.2.2.1.2.1.2.2.3.2.1.2.1.2.2.2.2.2.2",0.547273762174753,FALSE,TRUE,37
"2.2.1.2.2.2.1.2.2.1.2.3.2.1.2.1.2.2.2.2.2.2",0.557482674287251,FALSE,TRUE,36
"2.2.1.2.2.2.1.2.2.2.1.3.2.1.2.1.2.2.2.2.2.2",0.53463114142605,FALSE,TRUE,36
"2.2.1.2.2.2.1.2.2.2.2.2.2.1.2.1.2.2.2.2.2.2",0.504820332646077,FALSE,TRUE,37
"2.2.1.2.2.2.1.2.2.2.2.3.1.1.2.1.2.2.2.2.2.2",0.574041935964424,FALSE,TRUE,36
"2.2.1.2.2.2.1.2.2.2.2.3.2.1.1.1.2.2.2.2.2.2",0.517759132789526,FALSE,TRUE,36
"2.2.1.2.2.2.1.2.2.2.2.3.2.1.2.1.1.2.2.2.2.2",0.476561976582623,FALSE,TRUE,36
"2.2.1.2.2.2.1.2.2.2.2.3.2.1.2.1.2.1.2.2.2.2",0.54267208595487,FALSE,TRUE,36
"2.2.1.2.2.2.1.2.2.2.2.3.2.1.2.1.2.2.1.2.2.2",0.635602773188002,FALSE,TRUE,36
"2.2.1.2.2.2.1.2.2.2.2.3.2.1.2.1.2.2.2.1.2.2",0.586591283736416,FALSE,TRUE,36
"2.2.1.2.2.2.1.2.2.2.2.3.2.1.2.1.2.2.2.2.1.2",0.656947362919177,FALSE,TRUE,36
"2.2.1.2.2.2.1.2.2.2.2.3.2.1.2.1.2.2.2.2.2.1",0.539524036192064,FALSE,TRUE,36
"3.2.1.2.2.2.1.2.2.2.2.4.2.1.2.2.2.2.2.2.2.2",0.595433278058507,FALSE,TRUE,38
"2.3.1.2.2.2.1.2.2.2.2.4.2.1.2.2.2.2.2.2.2.2",0.577930925007138,FALSE,TRUE,37
"2.2.1.2.3.2.1.2.2.2.2.4.2.1.2.2.2.2.2.2.2.2",0.682492996455223,FALSE,TRUE,38
"2.2.1.2.2.3.1.2.2.2.2.4.2.1.2.2.2.2.2.2.2.2",0.610720844703661,FALSE,TRUE,38
"2.2.1.2.2.2.2.2.2.2.2.4.2.1.2.2.2.2.2.2.2.2",0.584808506110026,FALSE,TRUE,39
"2.2.1.2.2.2.1.3.2.2.2.4.2.1.2.2.2.2.2.2.2.2",0.551232572848824,FALSE,TRUE,38
"2.2.1.2.2.2.1.2.3.2.2.4.2.1.2.2.2.2.2.2.2.2",0.634320810034902,FALSE,TRUE,37
"2.2.1.2.2.2.1.2.2.3.2.4.2.1.2.2.2.2.2.2.2.2",0.607698109071318,FALSE,TRUE,38
"2.2.1.2.2.2.1.2.2.2.3.4.2.1.2.2.2.2.2.2.2.2",0.621301043979744,FALSE,TRUE,38
"2.2.1.2.2.2.1.2.2.2.2.5.2.1.2.2.2.2.2.2.2.2",0.585900189164044,FALSE,TRUE,39
"2.2.1.2.2.2.1.2.2.2.2.4.3.1.2.2.2.2.2.2.2.2",0.619799252147075,FALSE,TRUE,38
"2.2.1.2.2.2.1.2.2.2.2.4.2.1.3.2.2.2.2.2.2.2",0.571097398889426,FALSE,TRUE,38
"2.2.1.2.2.2.1.2.2.2.2.4.2.1.2.3.2.2.2.2.2.2",0.598151715732508,FALSE,TRUE,38
"2.2.1.2.2.2.1.2.2.2.2.4.2.1.2.2.3.2.2.2.2.2",0.699472738955251,FALSE,TRUE,38
"2.2.1.2.2.2.1.2.2.2.2.4.2.1.2.2.2.3.2.2.2.2",0.603401260117954,FALSE,TRUE,38
"2.2.1.2.2.2.1.2.2.2.2.4.2.1.2.2.2.2.3.2.2.2",0.566832942120957,FALSE,TRUE,38
"2.2.1.2.2.2.1.2.2.2.2.4.2.1.2.2.2.2.2.3.2.2",0.499525455925219,FALSE,TRUE,38
"2.2.1.2.2.2.1.2.2.2.2.4.2.1.2.2.2.2.2.2.3.2",0.5363213081618,FALSE,TRUE,38
"2.2.1.2.2.2.1.2.2.2.2.4.2.1.2.2.2.2.2.2.2.3",0.597432728178397,FALSE,TRUE,38
"1.2.1.2.2.2.1.2.2.2.2.4.2.1.2.2.2.2.2.2.2.2",0.607914342644072,FALSE,TRUE,37
"2.1.1.2.2.2.1.2.2.2.2.4.2.1.2.2.2.2.2.2.2.2",0.591183438762529,FALSE,TRUE,37
"2.2.1.1.2.2.1.2.2.2.2.4.2.1.2.2.2.2.2.2.2.2",0.644823507304977,FALSE,TRUE,38
"2.2.1.2.1.2.1.2.2.2.2.4.2.1.2.2.2.2.2.2.2.2",0.531169464550664,FALSE,TRUE,37
"2.2.1.2.2.1.1.2.2.2.2.4.2.1.2.2.2.2.2.2.2.2",0.598281106037631,FALSE,TRUE,37
"2.2.1.2.2.2.1.1.2.2.2.4.2.1.2.2.2.2.2.2.2.2",0.651827461067396,FALSE,TRUE,37
"2.2.1.2.2.2.1.2.1.2.2.4.2.1.2.2.2.2.2.2.2.2",0.583552413682018,FALSE,TRUE,37
"2.2.1.2.2.2.1.2.2.1.2.4.2.1.2.2.2.2.2.2.2.2",0.605635787291747,FALSE,TRUE,37
"2.2.1.2.2.2.1.2.2.2.1.4.2.1.2.2.2.2.2.2.2.2",0.599610533958373,FALSE,TRUE,37
"2.2.1.2.2.2.1.2.2.2.2.4.1.1.2.2.2.2.2.2.2.2",0.623697241139045,FALSE,TRUE,37
"2.2.1.2.2.2.1.2.2.2.2.4.2.1.1.2.2.2.2.2.2.2",0.594530965524613,FALSE,TRUE,37
"2.2.1.2.2.2.1.2.2.2.2.4.2.1.2.2.1.2.2.2.2.2",0.550220635073537,FALSE,TRUE,37
"2.2.1.2.2.2.1.2.2.2.2.4.2.1.2.2.2.1.2.2.2.2",0.547452788443376,FALSE,TRUE,37
"2.2.1.2.2.2.1.2.2.2.2.4.2.1.2.2.2.2.1.2.2.2",0.646019968808417,FALSE,TRUE,37
"2.2.1.2.2.2.1.2.2.2.2.4.2.1.2.2.2.2.2.1.2.2",0.658227654666144,FALSE,TRUE,37
"2.2.1.2.2.2.1.2.2.2.2.4.2.1.2.2.2.2.2.2.1.2",0.667024473179656,FALSE,TRUE,37
"2.2.1.2.2.2.1.2.2.2.2.4.2.1.2.2.2.2.2.2.2.1",0.636084729812722,FALSE,TRUE,37
"3.2.2.2.2.2.3.2.2.2.2.2.2.2.2.2.1.2.2.1.2.3",0.40167058680011,FALSE,TRUE,40
"2.3.2.2.2.2.3.2.2.2.2.2.2.2.2.2.1.2.2.1.2.3",0.346940059082579,FALSE,TRUE,40
"2.2.3.2.2.2.3.2.2.2.2.2.2.2.2.2.1.2.2.1.2.3",0.326009427869235,FALSE,TRUE,40
"2.2.2.3.2.2.3.2.2.2.2.2.2.2.2.2.1.2.2.1.2.3",0.311739610025352,FALSE,TRUE,40
"2.2.2.2.3.2.3.2.2.2.2.2.2.2.2.2.1.2.2.1.2.3",0.364493396458852,FALSE,TRUE,40
"2.2.2.2.2.3.3.2.2.2.2.2.2.2.2.2.1.2.2.1.2.3",0.319675074090141,FALSE,TRUE,40
"2.2.2.2.2.2.4.2.2.2.2.2.2.2.2.2.1.2.2.1.2.3",0.353359011248232,FALSE,TRUE,40
"2.2.2.2.2.2.3.3.2.2.2.2.2.2.2.2.1.2.2.1.2.3",0.343472287336755,FALSE,TRUE,40
"2.2.2.2.2.2.3.2.3.2.2.2.2.2.2.2.1.2.2.1.2.3",0.375264259273497,FALSE,TRUE,40
"2.2.2.2.2.2.3.2.2.3.2.2.2.2.2.2.1.2.2.1.2.3",0.34272257744759,FALSE,TRUE,40
"2.2.2.2.2.2.3.2.2.2.3.2.2.2.2.2.1.2.2.1.2.3",0.384735139736287,FALSE,TRUE,40
"2.2.2.2.2.2.3.2.2.2.2.3.2.2.2.2.1.2.2.1.2.3",0.453397243370295,FALSE,TRUE,40
"2.2.2.2.2.2.3.2.2.2.2.2.3.2.2.2.1.2.2.1.2.3",0.340620500510297,FALSE,TRUE,40
"2.2.2.2.2.2.3.2.2.2.2.2.2.3.2.2.1.2.2.1.2.3",0.325502431270857,FALSE,TRUE,40
"2.2.2.2.2.2.3.2.2.2.2.2.2.2.3.2.1.2.2.1.2.3",0.368953929078137,FALSE,TRUE,40
"2.2.2.2.2.2.3.2.2.2.2.2.2.2.2.3.1.2.2.1.2.3",0.447083283578448,FALSE,TRUE,39
"2.2.2.2.2.2.3.2.2.2.2.2.2.2.2.2.1.3.2.1.2.3",0.308834135758617,FALSE,TRUE,40
"2.2.2.2.2.2.3.2.2.2.2.2.2.2.2.2.1.2.3.1.2.3",0.288264862605165,FALSE,TRUE,40
"2.2.2.2.2.2.3.2.2.2.2.2.2.2.2.2.1.2.2.1.3.3",0.277766045841163,FALSE,TRUE,39
"2.2.2.2.2.2.3.2.2.2.2.2.2.2.2.2.1.2.2.1.2.4",0.397619691832201,FALSE,TRUE,40
"1.2.2.2.2.2.3.2.2.2.2.2.2.2.2.2.1.2.2.1.2.3",0.361860526344994,FALSE,TRUE,39
"2.1.2.2.2.2.3.2.2.2.2.2.2.2.2.2.1.2.2.1.2.3",0.384496227642792,FALSE,TRUE,39
"2.2.1.2.2.2.3.2.2.2.2.2.2.2.2.2.1.2.2.1.2.3",0.42892381847715,FALSE,TRUE,39
"2.2.2.1.2.2.3.2.2.2.2.2.2.2.2.2.1.2.2.1.2.3",0.421879771770426,FALSE,TRUE,39
"2.2.2.2.1.2.3.2.2.2.2.2.2.2.2.2.1.2.2.1.2.3",0.3847141640368,FALSE,TRUE,39
"2.2.2.2.2.1.3.2.2.2.2.2.2.2.2.2.1.2.2.1.2.3",0.438033896457992,FALSE,TRUE,39
"2.2.2.2.2.2.2.2.2.2.2.2.2.2.2.2.1.2.2.1.2.3",0.392090239752809,FALSE,TRUE,40
"2.2.2.2.2.2.3.1.2.2.2.2.2.2.2.2.1.2.2.1.2.3",0.413534665658318,FALSE,TRUE,39
"2.2.2.2.2.2.3.2.1.2.2.2.2.2.2.2.1.2.2.1.2.3",0.383126157481767,FALSE,TRUE,39
"2.2.2.2.2.2.3.2.2.1.2.2.2.2.2.2.1.2.2.1.2.3",0.419771812131867,FALSE,TRUE,39
"2.2.2.2.2.2.3.2.2.2.1.2.2.2.2.2.1.2.2.1.2.3",0.381482532367912,FALSE,TRUE,39
"2.2.2.2.2.2.3.2.2.2.2.1.2.2.2.2.1.2.2.1.2.3",0.286622561399599,FALSE,TRUE,39
"2.2.2.2.2.2.3.2.2.2.2.2.1.2.2.2.1.2.2.1.2.3",0.446910005173089,FALSE,TRUE,39
"2.2.2.2.2.2.3.2.2.2.2.2.2.1.2.2.1.2.2.1.2.3",0.428154556916766,FALSE,TRUE,39
"2.2.2.2.2.2.3.2.2.2.2.2.2.2.1.2.1.2.2.1.2.3",0.363534099779788,FALSE,TRUE,39
"2.2.2.2.2.2.3.2.2.2.2.2.2.2.2.1.1.2.2.1.2.3",0.289516500555267,FALSE,TRUE,39
"2.2.2.2.2.2.3.2.2.2.2.2.2.2.2.2.1.1.2.1.2.3",0.412289767122103,FALSE,TRUE,39
"2.2.2.2.2.2.3.2.2.2.2.2.2.2.2.2.1.2.1.1.2.3",0.480285538618094,FALSE,TRUE,39
"2.2.2.2.2.2.3.2.2.2.2.2.2.2.2.2.1.2.2.1.1.3",0.480765599791243,FALSE,TRUE,39
"2.2.2.2.2.2.3.2.2.2.2.2.2.2.2.2.1.2.2.1.2.2",0.386350225424725,FALSE,TRUE,39
"2.3.2.3.2.2.3.2.2.2.2.2.2.2.2.2.2.2.2.2.1.2",0.407029205485419,FALSE,TRUE,40
"2.2.3.3.2.2.3.2.2.2.2.2.2.2.2.2.2.2.2.2.1.2",0.403134050255695,FALSE,TRUE,41
"2.2.2.4.2.2.3.2.2.2.2.2.2.2.2.2.2.2.2.2.1.2",0.370221563795173,FALSE,TRUE,42
"2.2.2.3.3.2.3.2.2.2.2.2.2.2.2.2.2.2.2.2.1.2",0.453994616491796,FALSE,TRUE,41
"2.2.2.3.2.3.3.2.2.2.2.2.2.2.2.2.2.2.2.2.1.2",0.395299271999428,FALSE,TRUE,41
"2.2.2.3.2.2.4.2.2.2.2.2.2.2.2.2.2.2.2.2.1.2",0.416671641856895,FALSE,TRUE,40
"2.2.2.3.2.2.3.3.2.2.2.2.2.2.2.2.2.2.2.2.1.2",0.445721919958638,FALSE,TRUE,41
"2.2.2.3.2.2.3.2.3.2.2.2.2.2.2.2.2.2.2.2.1.2",0.475673133213696,FALSE,TRUE,41
"2.2.2.3.2.2.3.2.2.3.2.2.2.2.2.2.2.2.2.2.1.2",0.4638148524486,FALSE,TRUE,41
"2.2.2.3.2.2.3.2.2.2.3.2.2.2.2.2.2.2.2.2.1.2",0.497887030355772,FALSE,TRUE,41
"2.2.2.3.2.2.3.2.2.2.2.3.2.2.2.2.2.2.2.2.1.2",0.516869779483623,FALSE,TRUE,41
"2.2.2.3.2.2.3.2.2.2.2.2.3.2.2.2.2.2.2.2.1.2",0.4558556572096,FALSE,TRUE,40
"2.2.2.3.2.2.3.2.2.2.2.2.2.3.2.2.2.2.2.2.1.2",0.459453725151752,FALSE,TRUE,41
"2.2.2.3.2.2.3.2.2.2.2.2.2.2.3.2.2.2.2.2.1.2",0.473973023309912,FALSE,TRUE,41
"2.2.2.3.2.2.3.2.2.2.2.2.2.2.2.2.3.2.2.2.1.2",0.579020746146188,FALSE,TRUE,40
"2.2.2.3.2.2.3.2.2.2.2.2.2.2.2.2.2.3.2.2.1.2",0.417992371951481,FALSE,TRUE,41
"2.2.2.3.2.2.3.2.2.2.2.2.2.2.2.2.2.2.3.2.1.2",0.377616439664538,FALSE,TRUE,41
"2.2.2.3.2.2.3.2.2.2.2.2.2.2.2.2.2.2.2.3.1.2",0.389346882558379,FALSE,TRUE,41
"2.2.2.3.2.2.3.2.2.2.2.2.2.2.2.2.2.2.2.2.1.3",0.519286496046081,FALSE,TRUE,40
"1.2.2.3.2.2.3.2.2.2.2.2.2.2.2.2.2.2.2.2.1.2",0.455573800853999,FALSE,TRUE,40
"2.1.2.3.2.2.3.2.2.2.2.2.2.2.2.2.2.2.2.2.1.2",0.511463414634614,FALSE,TRUE,40
"2.2.1.3.2.2.3.2.2.2.2.2.2.2.2.2.2.2.2.2.1.2",0.536898987888289,FALSE,TRUE,40
"2.2.2.3.1.2.3.2.2.2.2.2.2.2.2.2.2.2.2.2.1.2",0.475756561620293,FALSE,TRUE,40
"2.2.2.3.2.1.3.2.2.2.2.2.2.2.2.2.2.2.2.2.1.2",0.545556390240914,FALSE,TRUE,39
"2.2.2.3.2.2.2.2.2.2.2.2.2.2.2.2.2.2.2.2.1.2",0.51540692671732,FALSE,TRUE,39
"2.2.2.3.2.2.3.1.2.2.2.2.2.2.2.2.2.2.2.2.1.2",0.492953856966009,FALSE,TRUE,40
"2.2.2.3.2.2.3.2.1.2.2.2.2.2.2.2.2.2.2.2.1.2",0.471694538297145,FALSE,TRUE,40
"2.2.2.3.2.2.3.2.2.1.2.2.2.2.2.2.2.2.2.2.1.2",0.484584697512211,FALSE,TRUE,40
"2.2.2.3.2.2.3.2.2.2.1.2.2.2.2.2.2.2.2.2.1.2",0.451948912237104,FALSE,TRUE,39
"2.2.2.3.2.2.3.2.2.2.2.1.2.2.2.2.2.2.2.2.1.2",0.409279441579726,FALSE,TRUE,40
"2.2.2.3.2.2.3.2.2.2.2.2.1.2.2.2.2.2.2.2.1.2",0.515667294681604,FALSE,TRUE,39
"2.2.2.3.2.2.3.2.2.2.2.2.2.1.2.2.2.2.2.2.1.2",0.47613048080157,FALSE,TRUE,40
"2.2.2.3.2.2.3.2.2.2.2.2.2.2.1.2.2.2.2.2.1.2",0.432215583088475,FALSE,TRUE,40
"2.2.2.3.2.2.3.2.2.2.2.2.2.2.2.1.2.2.2.2.1.2",0.377629790577765,FALSE,TRUE,40
"2.2.2.3.2.2.3.2.2.2.2.2.2.2.2.2.1.2.2.2.1.2",0.393632862903483,FALSE,TRUE,40
"2.2.2.3.2.2.3.2.2.2.2.2.2.2.2.2.2.1.2.2.1.2",0.476326459733154,FALSE,TRUE,40
"2.2.2.3.2.2.3.2.2.2.2.2.2.2.2.2.2.2.1.2.1.2",0.579375910492056,FALSE,TRUE,40
"2.2.2.3.2.2.3.2.2.2.2.2.2.2.2.2.2.2.2.1.1.2",0.495805661817373,FALSE,TRUE,40
"2.2.2.3.2.2.3.2.2.2.2.2.2.2.2.2.2.2.2.2.1.1",0.451095444893076,FALSE,TRUE,40
"3.3.2.2.2.2.3.2.2.2.1.2.2.2.2.2.2.2.2.2.1.2",0.456564837612113,FALSE,TRUE,38
"3.2.3.2.2.2.3.2.2.2.1.2.2.2.2.2.2.2.2.2.1.2",0.50937568664495,FALSE,TRUE,38
"3.2.2.3.2.2.3.2.2.2.1.2.2.2.2.2.2.2.2.2.1.2",0.465762696195731,FALSE,TRUE,37
"3.2.2.2.3.2.3.2.2.2.1.2.2.2.2.2.2.2.2.2.1.2",0.477480035634811,FALSE,TRUE,38
"3.2.2.2.2.3.3.2.2.2.1.2.2.2.2.2.2.2.2.2.1.2",0.48688890744705,FALSE,TRUE,38
"3.2.2.2.2.2.4.2.2.2.1.2.2.2.2.2.2.2.2.2.1.2",0.519214221989508,FALSE,TRUE,38
"3.2.2.2.2.2.3.3.2.2.1.2.2.2.2.2.2.2.2.2.1.2",0.511323754202276,FALSE,TRUE,38
"3.2.2.2.2.2.3.2.3.2.1.2.2.2.2.2.2.2.2.2.1.2",0.488703590467241,FALSE,TRUE,38
"3.2.2.2.2.2.3.2.2.3.1.2.2.2.2.2.2.2.2.2.1.2",0.4954995729481,FALSE,TRUE,38
"3.2.2.2.2.2.3.2.2.2.1.3.2.2.2.2.2.2.2.2.1.2",0.569801564193914,FALSE,TRUE,38
"3.2.2.2.2.2.3.2.2.2.1.2.3.2.2.2.2.2.2.2.1.2",0.502974215518972,FALSE,TRUE,39
"3.2.2.2.2.2.3.2.2.2.1.2.2.3.2.2.2.2.2.2.1.2",0.440951428039303,FALSE,TRUE,38
"3.2.2.2.2.2.3.2.2.2.1.2.2.2.3.2.2.2.2.2.1.2",0.470138689258201,FALSE,TRUE,38
"3.2.2.2.2.2.3.2.2.2.1.2.2.2.2.3.2.2.2.2.1.2",0.501123484029907,FALSE,TRUE,37
"3.2.2.2.2.2.3.2.2.2.1.2.2.2.2.2.3.2.2.2.1.2",0.567521833011021,FALSE,TRUE,38
"3.2.2.2.2.2.3.2.2.2.1.2.2.2.2.2.2.3.2.2.1.2",0.481366152258645,FALSE,TRUE,38
"3.2.2.2.2.2.3.2.2.2.1.2.2.2.2.2.2.2.3.2.1.2",0.428663447857967,FALSE,TRUE,38
"3.2.2.2.2.2.3.2.2.2.1.2.2.2.2.2.2.2.2.3.1.2",0.456644176200529,FALSE,TRUE,38
"3.2.2.2.2.2.3.2.2.2.1.2.2.2.2.2.2.2.2.2.2.2",0.4636341652737,FALSE,TRUE,38
"3.2.2.2.2.2.3.2.2.2.1.2.2.2.2.2.2.2.2.2.1.3",0.514714458919276,FALSE,TRUE,38
"3.1.2.2.2.2.3.2.2.2.1.2.2.2.2.2.2.2.2.2.1.2",0.542232617565554,FALSE,TRUE,37
"3.2.1.2.2.2.3.2.2.2.1.2.2.2.2.2.2.2.2.2.1.2",0.514993286271836,FALSE,TRUE,36
"3.2.2.1.2.2.3.2.2.2.1.2.2.2.2.2.2.2.2.2.1.2",0.522382287291088,FALSE,TRUE,37
"3.2.2.2.1.2.3.2.2.2.1.2.2.2.2.2.2.2.2.2.1.2",0.520929127890014,FALSE,TRUE,37
"3.2.2.2.2.1.3.2.2.2.1.2.2.2.2.2.2.2.2.2.1.2",0.528621274231401,FALSE,TRUE,37
"3.2.2.2.2.2.2.2.2.2.1.2.2.2.2.2.2.2.2.2.1.2",0.497778759410334,FALSE,TRUE,38
"3.2.2.2.2.2.3.1.2.2.1.2.2.2.2.2.2.2.2.2.1.2",0.5063759342217,FALSE,TRUE,37
"3.2.2.2.2.2.3.2.1.2.1.2.2.2.2.2.2.2.2.2.1.2",0.540985841239848,FALSE,TRUE,37
"3.2.2.2.2.2.3.2.2.1.1.2.2.2.2.2.2.2.2.2.1.2",0.533663497435255,FALSE,TRUE,37
"3.2.2.2.2.2.3.2.2.2.1.1.2.2.2.2.2.2.2.2.1.2",0.435999357615106,FALSE,TRUE,37
"3.2.2.2.2.2.3.2.2.2.1.2.2.1.2.2.2.2.2.2.1.2",0.577250608934916,FALSE,TRUE,37
"3.2.2.2.2.2.3.2.2.2.1.2.2.2.1.2.2.2.2.2.1.2",0.496238046411412,FALSE,TRUE,37
"3.2.2.2.2.2.3.2.2.2.1.2.2.2.2.1.2.2.2.2.1.2",0.480422018923628,FALSE,TRUE,37
"3.2.2.2.2.2.3.2.2.2.1.2.2.2.2.2.1.2.2.2.1.2",0.476369780161397,FALSE,TRUE,37
"3.2.2.2.2.2.3.2.2.2.1.2.2.2.2.2.2.1.2.2.1.2",0.480037827627355,FALSE,TRUE,37
"3.2.2.2.2.2.3.2.2.2.1.2.2.2.2.2.2.2.1.2.1.2",0.603262397504302,FALSE,TRUE,37
"3.2.2.2.2.2.3.2.2.2.1.2.2.2.2.2.2.2.2.1.1.2",0.506355393651692,FALSE,TRUE,37
"3.2.2.2.2.2.3.2.2.2.1.2.2.2.2.2.2.2.2.2.1.1",0.536045856419565,FALSE,TRUE,37
"3.2.2.2.2.2.3.2.2.2.2.1.2.2.2.3.2.2.2.2.2.3",0.438782178625768,FALSE,TRUE,40
"2.3.2.2.2.2.3.2.2.2.2.1.2.2.2.3.2.2.2.2.2.3",0.380872710775003,FALSE,TRUE,40
"2.2.3.2.2.2.3.2.2.2.2.1.2.2.2.3.2.2.2.2.2.3",0.395914802792728,FALSE,TRUE,40
"2.2.2.3.2.2.3.2.2.2.2.1.2.2.2.3.2.2.2.2.2.3",0.403941945086205,FALSE,TRUE,40
"2.2.2.2.3.2.3.2.2.2.2.1.2.2.2.3.2.2.2.2.2.3",0.404286454378848,FALSE,TRUE,40
"2.2.2.2.2.3.3.2.2.2.2.1.2.2.2.3.2.2.2.2.2.3",0.393856937219252,FALSE,TRUE,40
"2.2.2.2.2.2.4.2.2.2.2.1.2.2.2.3.2.2.2.2.2.3",0.40642464777235,FALSE,TRUE,40
"2.2.2.2.2.2.3.3.2.2.2.1.2.2.2.3.2.2.2.2.2.3",0.368326283064665,FALSE,TRUE,40
"2.2.2.2.2.2.3.2.3.2.2.1.2.2.2.3.2.2.2.2.2.3",0.401606791259409,FALSE,TRUE,40
"2.2.2.2.2.2.3.2.2.3.2.1.2.2.2.3.2.2.2.2.2.3",0.400806432030454,FALSE,TRUE,40
"2.2.2.2.2.2.3.2.2.2.3.1.2.2.2.3.2.2.2.2.2.3",0.466999001874573,FALSE,TRUE,40
"2.2.2.2.2.2.3.2.2.2.2.1.3.2.2.3.2.2.2.2.2.3",0.468190447466313,FALSE,TRUE,40
"2.2.2.2.2.2.3.2.2.2.2.1.2.3.2.3.2.2.2.2.2.3",0.351349864936201,FALSE,TRUE,40
"2.2.2.2.2.2.3.2.2.2.2.1.2.2.3.3.2.2.2.2.2.3",0.38388478667329,FALSE,TRUE,40
"2.2.2.2.2.2.3.2.2.2.2.1.2.2.2.4.2.2.2.2.2.3",0.426429885675271,FALSE,TRUE,40
"2.2.2.2.2.2.3.2.2.2.2.1.2.2.2.3.3.2.2.2.2.3",0.53392602654111,FALSE,TRUE,40
"2.2.2.2.2.2.3.2.2.2.2.1.2.2.2.3.2.3.2.2.2.3",0.32769741195479,FALSE,TRUE,40
"2.2.2.2.2.2.3.2.2.2.2.1.2.2.2.3.2.2.3.2.2.3",0.336311189793431,FALSE,TRUE,40
"2.2.2.2.2.2.3.2.2.2.2.1.2.2.2.3.2.2.2.3.2.3",0.349404222324848,FALSE,TRUE,40
"2.2.2.2.2.2.3.2.2.2.2.1.2.2.2.3.2.2.2.2.3.3",0.332088672289561,FALSE,TRUE,40
"2.2.2.2.2.2.3.2.2.2.2.1.2.2.2.3.2.2.2.2.2.4",0.463169374136572,FALSE,TRUE,40
"1.2.2.2.2.2.3.2.2.2.2.1.2.2.2.3.2.2.2.2.2.3",0.414623544893778,FALSE,TRUE,39
"2.1.2.2.2.2.3.2.2.2.2.1.2.2.2.3.2.2.2.2.2.3",0.449324692066904,FALSE,TRUE,39
"2.2.1.2.2.2.3.2.2.2.2.1.2.2.2.3.2.2.2.2.2.3",0.44727365573472,FALSE,TRUE,39
"2.2.2.1.2.2.3.2.2.2.2.1.2.2.2.3.2.2.2.2.2.3",0.416247030146951,FALSE,TRUE,39
"2.2.2.2.1.2.3.2.2.2.2.1.2.2.2.3.2.2.2.2.2.3",0.42115892201687,FALSE,TRUE,39
"2.2.2.2.2.1.3.2.2.2.2.1.2.2.2.3.2.2.2.2.2.3",0.449473955781656,FALSE,TRUE,39
"2.2.2.2.2.2.2.2.2.2.2.1.2.2.2.3.2.2.2.2.2.3",0.426832071907601,FALSE,TRUE,40
"2.2.2.2.2.2.3.1.2.2.2.1.2.2.2.3.2.2.2.2.2.3",0.477034695254566,FALSE,TRUE,39
"2.2.2.2.2.2.3.2.1.2.2.1.2.2.2.3.2.2.2.2.2.3",0.450897718091954,FALSE,TRUE,39
"2.2.2.2.2.2.3.2.2.1.2.1.2.2.2.3.2.2.2.2.2.3",0.451233502446145,FALSE,TRUE,39
"2.2.2.2.2.2.3.2.2.2.1.1.2.2.2.3.2.2.2.2.2.3",0.375627550651527,FALSE,TRUE,39
"2.2.2.2.2.2.3.2.2.2.2.1.1.2.2.3.2.2.2.2.2.3",0.400962809583774,FALSE,TRUE,39
"2.2.2.2.2.2.3.2.2.2.2.1.2.1.2.3.2.2.2.2.2.3",0.490892273733212,FALSE,TRUE,39
"2.2.2.2.2.2.3.2.2.2.2.1.2.2.1.3.2.2.2.2.2.3",0.414677677064302,FALSE,TRUE,39
"2.2.2.2.2.2.3.2.2.2.2.1.2.2.2.3.1.2.2.2.2.3",0.330311701298401,FALSE,TRUE,38
"2.2.2.2.2.2.3.2.2.2.2.1.2.2.2.3.2.1.2.2.2.3",0.481174439465765,FALSE,TRUE,39
"2.2.2.2.2.2.3.2.2.2.2.1.2.2.2.3.2.2.1.2.2.3",0.522958414021767,FALSE,TRUE,39
"2.2.2.2.2.2.3.2.2.2.2.1.2.2.2.3.2.2.2.1.2.3",0.452462600771023,FALSE,TRUE,39
"2.2.2.2.2.2.3.2.2.2.2.1.2.2.2.3.2.2.2.2.2.2",0.409454075350025,FALSE,TRUE,39
"3.3.2.2.2.2.1.2.2.2.2.3.2.1.2.2.2.2.2.2.2.2",0.529648819629054,FALSE,TRUE,40
"2.4.2.2.2.2.1.2.2.2.2.3.2.1.2.2.2.2.2.2.2.2",0.43627235465803,FALSE,TRUE,41
"2.3.3.2.2.2.1.2.2.2.2.3.2.1.2.2.2.2.2.2.2.2",0.436609497662599,FALSE,TRUE,40
"2.3.2.3.2.2.1.2.2.2.2.3.2.1.2.2.2.2.2.2.2.2",0.45066081966038,FALSE,TRUE,40
"2.3.2.2.3.2.1.2.2.2.2.3.2.1.2.2.2.2.2.2.2.2",0.531868613152379,FALSE,TRUE,40
"2.3.2.2.2.3.1.2.2.2.2.3.2.1.2.2.2.2.2.2.2.2",0.473846571197018,FALSE,TRUE,40
"2.3.2.2.2.2.2.2.2.2.2.3.2.1.2.2.2.2.2.2.2.2",0.450081828981209,FALSE,TRUE,39
"2.3.2.2.2.2.1.3.2.2.2.3.2.1.2.2.2.2.2.2.2.2",0.482366866845186,FALSE,TRUE,40
"2.3.2.2.2.2.1.2.3.2.2.3.2.1.2.2.2.2.2.2.2.2",0.520456778607602,FALSE,TRUE,39
"2.3.2.2.2.2.1.2.2.3.2.3.2.1.2.2.2.2.2.2.2.2",0.51998151239805,FALSE,TRUE,40
"2.3.2.2.2.2.1.2.2.2.3.3.2.1.2.2.2.2.2.2.2.2",0.508149078478453,FALSE,TRUE,40
"2.3.2.2.2.2.1.2.2.2.2.4.2.1.2.2.2.2.2.2.2.2",0.536759450117875,FALSE,TRUE,39
"2.3.2.2.2.2.1.2.2.2.2.3.3.1.2.2.2.2.2.2.2.2",0.531434000514456,FALSE,TRUE,39
"2.3.2.2.2.2.1.2.2.2.2.3.2.1.3.2.2.2.2.2.2.2",0.523351708651129,FALSE,TRUE,40
"2.3.2.2.2.2.1.2.2.2.2.3.2.1.2.3.2.2.2.2.2.2",0.553704145986242,FALSE,TRUE,40
"2.3.2.2.2.2.1.2.2.2.2.3.2.1.2.2.3.2.2.2.2.2",0.60856723753667,FALSE,TRUE,40
"2.3.2.2.2.2.1.2.2.2.2.3.2.1.2.2.2.3.2.2.2.2",0.483981831115373,FALSE,TRUE,40
"2.3.2.2.2.2.1.2.2.2.2.3.2.1.2.2.2.2.3.2.2.2",0.437368338655437,FALSE,TRUE,40
"2.3.2.2.2.2.1.2.2.2.2.3.2.1.2.2.2.2.2.3.2.2",0.376127219287548,FALSE,TRUE,40
"2.3.2.2.2.2.1.2.2.2.2.3.2.1.2.2.2.2.2.2.3.2",0.397518426103375,FALSE,TRUE,40
"2.3.2.2.2.2.1.2.2.2.2.3.2.1.2.2.2.2.2.2.2.3",0.565444180944073,FALSE,TRUE,40
"1.3.2.2.2.2.1.2.2.2.2.3.2.1.2.2.2.2.2.2.2.2",0.49482729344551,FALSE,TRUE,39
"2.3.2.1.2.2.1.2.2.2.2.3.2.1.2.2.2.2.2.2.2.2",0.545208843223343,FALSE,TRUE,39
"2.3.2.2.1.2.1.2.2.2.2.3.2.1.2.2.2.2.2.2.2.2",0.492575131681505,FALSE,TRUE,39
"2.3.2.2.2.1.1.2.2.2.2.3.2.1.2.2.2.2.2.2.2.2",0.545552757784131,FALSE,TRUE,39
"2.3.2.2.2.2.1.1.2.2.2.3.2.1.2.2.2.2.2.2.2.2",0.535603431660025,FALSE,TRUE,39
"2.3.2.2.2.2.1.2.1.2.2.3.2.1.2.2.2.2.2.2.2.2",0.507166606371508,FALSE,TRUE,39
"2.3.2.2.2.2.1.2.2.1.2.3.2.1.2.2.2.2.2.2.2.2",0.504762733058288,FALSE,TRUE,39
"2.3.2.2.2.2.1.2.2.2.1.3.2.1.2.2.2.2.2.2.2.2",0.518502774346959,FALSE,TRUE,39
"2.3.2.2.2.2.1.2.2.2.2.2.2.1.2.2.2.2.2.2.2.2",0.470439883981247,FALSE,TRUE,37
"2.3.2.2.2.2.1.2.2.2.2.3.1.1.2.2.2.2.2.2.2.2",0.522434551694636,FALSE,TRUE,39
"2.3.2.2.2.2.1.2.2.2.2.3.2.1.1.2.2.2.2.2.2.2",0.46605204445612,FALSE,TRUE,39
"2.3.2.2.2.2.1.2.2.2.2.3.2.1.2.1.2.2.2.2.2.2",0.444742031995752,FALSE,TRUE,38
"2.3.2.2.2.2.1.2.2.2.2.3.2.1.2.2.1.2.2.2.2.2",0.451442083240679,FALSE,TRUE,39
"2.3.2.2.2.2.1.2.2.2.2.3.2.1.2.2.2.1.2.2.2.2",0.488728130792699,FALSE,TRUE,39
"2.3.2.2.2.2.1.2.2.2.2.3.2.1.2.2.2.2.1.2.2.2",0.592865705585247,FALSE,TRUE,39
"2.3.2.2.2.2.1.2.2.2.2.3.2.1.2.2.2.2.2.1.2.2",0.587825281232571,FALSE,TRUE,39
"2.3.2.2.2.2.1.2.2.2.2.3.2.1.2.2.2.2.2.2.1.2",0.621751138905945,FALSE,TRUE,39
"2.3.2.2.2.2.1.2.2.2.2.3.2.1.2.2.2.2.2.2.2.1",0.482029706577873,FALSE,TRUE,39
"3.2.1.2.2.2.1.2.3.2.2.3.2.1.2.1.2.2.2.2.2.2",0.579565049582822,FALSE,TRUE,38
"2.3.1.2.2.2.1.2.3.2.2.3.2.1.2.1.2.2.2.2.2.2",0.533613134042739,FALSE,TRUE,38
"2.2.2.2.2.2.1.2.3.2.2.3.2.1.2.1.2.2.2.2.2.2",0.49281015108541,FALSE,TRUE,37
"2.2.1.3.2.2.1.2.3.2.2.3.2.1.2.1.2.2.2.2.2.2",0.496098563530006,FALSE,TRUE,38
"2.2.1.2.3.2.1.2.3.2.2.3.2.1.2.1.2.2.2.2.2.2",0.562951579113192,FALSE,TRUE,38
"2.2.1.2.2.3.1.2.3.2.2.3.2.1.2.1.2.2.2.2.2.2",0.490278408219451,FALSE,TRUE,38
"2.2.1.2.2.2.2.2.3.2.2.3.2.1.2.1.2.2.2.2.2.2",0.550712120672205,FALSE,TRUE,39
"2.2.1.2.2.2.1.3.3.2.2.3.2.1.2.1.2.2.2.2.2.2",0.557835833903531,FALSE,TRUE,38
"2.2.1.2.2.2.1.2.4.2.2.3.2.1.2.1.2.2.2.2.2.2",0.542776021707854,FALSE,TRUE,39
"2.2.1.2.2.2.1.2.3.3.2.3.2.1.2.1.2.2.2.2.2.2",0.544702803327946,FALSE,TRUE,38
"2.2.1.2.2.2.1.2.3.2.3.3.2.1.2.1.2.2.2.2.2.2",0.59207656912385,FALSE,TRUE,38
"2.2.1.2.2.2.1.2.3.2.2.4.2.1.2.1.2.2.2.2.2.2",0.620375638275142,FALSE,TRUE,37
"2.2.1.2.2.2.1.2.3.2.2.3.3.1.2.1.2.2.2.2.2.2",0.574302759772584,FALSE,TRUE,38
"2.2.1.2.2.2.1.2.3.2.2.3.2.2.2.1.2.2.2.2.2.2",0.544936722288408,FALSE,TRUE,37
"2.2.1.2.2.2.1.2.3.2.2.3.2.1.3.1.2.2.2.2.2.2",0.578151583637452,FALSE,TRUE,38
"2.2.1.2.2.2.1.2.3.2.2.3.2.1.2.1.3.2.2.2.2.2",0.667774029226017,FALSE,TRUE,38
"2.2.1.2.2.2.1.2.3.2.2.3.2.1.2.1.2.3.2.2.2.2",0.529542044149465,FALSE,TRUE,38
"2.2.1.2.2.2.1.2.3.2.2.3.2.1.2.1.2.2.3.2.2.2",0.479029224027688,FALSE,TRUE,38
"2.2.1.2.2.2.1.2.3.2.2.3.2.1.2.1.2.2.2.3.2.2",0.489378488472283,FALSE,TRUE,38
"2.2.1.2.2.2.1.2.3.2.2.3.2.1.2.1.2.2.2.2.3.2",0.476235166071503,FALSE,TRUE,38
"2.2.1.2.2.2.1.2.3.2.2.3.2.1.2.1.2.2.2.2.2.3",0.58804558066912,FALSE,TRUE,38
"1.2.1.2.2.2.1.2.3.2.2.3.2.1.2.1.2.2.2.2.2.2",0.524258583030898,FALSE,TRUE,37
"2.1.1.2.2.2.1.2.3.2.2.3.2.1.2.1.2.2.2.2.2.2",0.538861874260192,FALSE,TRUE,37
"2.2.1.1.2.2.1.2.3.2.2.3.2.1.2.1.2.2.2.2.2.2",0.593726490369253,FALSE,TRUE,37
"2.2.1.2.1.2.1.2.3.2.2.3.2.1.2.1.2.2.2.2.2.2",0.556246190010839,FALSE,TRUE,37
"2.2.1.2.2.1.1.2.3.2.2.3.2.1.2.1.2.2.2.2.2.2",0.61553312043616,FALSE,TRUE,37
"2.2.1.2.2.2.1.1.3.2.2.3.2.1.2.1.2.2.2.2.2.2",0.549623305570054,FALSE,TRUE,37
"2.2.1.2.2.2.1.2.3.1.2.3.2.1.2.1.2.2.2.2.2.2",0.566912324349741,FALSE,TRUE,37
"2.2.1.2.2.2.1.2.3.2.1.3.2.1.2.1.2.2.2.2.2.2",0.523301106576264,FALSE,TRUE,37
"2.2.1.2.2.2.1.2.3.2.2.2.2.1.2.1.2.2.2.2.2.2",0.483019777073472,FALSE,TRUE,38
"2.2.1.2.2.2.1.2.3.2.2.3.1.1.2.1.2.2.2.2.2.2",0.565474300798084,FALSE,TRUE,37
"2.2.1.2.2.2.1.2.3.2.2.3.2.1.1.1.2.2.2.2.2.2",0.492637217960353,FALSE,TRUE,37
"2.2.1.2.2.2.1.2.3.2.2.3.2.1.2.1.1.2.2.2.2.2",0.485302838873626,FALSE,TRUE,37
"2.2.1.2.2.2.1.2.3.2.2.3.2.1.2.1.2.1.2.2.2.2",0.532579004949882,FALSE,TRUE,37
"2.2.1.2.2.2.1.2.3.2.2.3.2.1.2.1.2.2.1.2.2.2",0.634110188152544,FALSE,TRUE,37
"2.2.1.2.2.2.1.2.3.2.2.3.2.1.2.1.2.2.2.1.2.2",0.571069736474693,FALSE,TRUE,37
"2.2.1.2.2.2.1.2.3.2.2.3.2.1.2.1.2.2.2.2.1.2",0.633345486197101,FALSE,TRUE,37
"2.2.1.2.2.2.1.2.3.2.2.3.2.1.2.1.2.2.2.2.2.1",0.543164898222338,FALSE,TRUE,37
"3.3.2.2.2.2.2.1.2.2.2.2.2.2.2.2.2.2.2.2.2.2",0.440178193681242,FALSE,TRUE,41
"2.4.2.2.2.2.2.1.2.2.2.2.2.2.2.2.2.2.2.2.2.2",0.34003033483964,FALSE,TRUE,41
"2.3.3.2.2.2.2.1.2.2.2.2.2.2.2.2.2.2.2.2.2.2",0.324852558566032,FALSE,TRUE,41
"2.3.2.3.2.2.2.1.2.2.2.2.2.2.2.2.2.2.2.2.2.2",0.35347824287693,FALSE,TRUE,41
"2.3.2.2.3.2.2.1.2.2.2.2.2.2.2.2.2.2.2.2.2.2",0.377210757111381,FALSE,TRUE,40
"2.3.2.2.2.3.2.1.2.2.2.2.2.2.2.2.2.2.2.2.2.2",0.322168038741864,FALSE,TRUE,41
"2.3.2.2.2.2.3.1.2.2.2.2.2.2.2.2.2.2.2.2.2.2",0.364453964756375,FALSE,TRUE,40
"2.3.2.2.2.2.2.1.3.2.2.2.2.2.2.2.2.2.2.2.2.2",0.379038933053155,FALSE,TRUE,41
"2.3.2.2.2.2.2.1.2.3.2.2.2.2.2.2.2.2.2.2.2.2",0.388926941059715,FALSE,TRUE,41
"2.3.2.2.2.2.2.1.2.2.3.2.2.2.2.2.2.2.2.2.2.2",0.443961282312735,FALSE,TRUE,41
"2.3.2.2.2.2.2.1.2.2.2.3.2.2.2.2.2.2.2.2.2.2",0.488003105161676,FALSE,TRUE,40
"2.3.2.2.2.2.2.1.2.2.2.2.3.2.2.2.2.2.2.2.2.2",0.44023008600146,FALSE,TRUE,41
"2.3.2.2.2.2.2.1.2.2.2.2.2.3.2.2.2.2.2.2.2.2",0.392694291477076,FALSE,TRUE,41
"2.3.2.2.2.2.2.1.2.2.2.2.2.2.3.2.2.2.2.2.2.2",0.446069831639383,FALSE,TRUE,41
"2.3.2.2.2.2.2.1.2.2.2.2.2.2.2.3.2.2.2.2.2.2",0.468449973050415,FALSE,TRUE,41
"2.3.2.2.2.2.2.1.2.2.2.2.2.2.2.2.3.2.2.2.2.2",0.523584780983937,FALSE,TRUE,41
"2.3.2.2.2.2.2.1.2.2.2.2.2.2.2.2.2.3.2.2.2.2",0.361331378886517,FALSE,TRUE,41
"2.3.2.2.2.2.2.1.2.2.2.2.2.2.2.2.2.2.3.2.2.2",0.312067640968538,FALSE,TRUE,41
"2.3.2.2.2.2.2.1.2.2.2.2.2.2.2.2.2.2.2.3.2.2",0.326898729476417,FALSE,TRUE,41
"2.3.2.2.2.2.2.1.2.2.2.2.2.2.2.2.2.2.2.2.3.2",0.293884922098757,FALSE,TRUE,41
"2.3.2.2.2.2.2.1.2.2.2.2.2.2.2.2.2.2.2.2.2.3",0.495884030216951,FALSE,TRUE,41
"1.3.2.2.2.2.2.1.2.2.2.2.2.2.2.2.2.2.2.2.2.2",0.38410220934789,FALSE,TRUE,40
"2.3.1.2.2.2.2.1.2.2.2.2.2.2.2.2.2.2.2.2.2.2",0.485780077028758,FALSE,TRUE,40
"2.3.2.1.2.2.2.1.2.2.2.2.2.2.2.2.2.2.2.2.2.2",0.442155050105798,FALSE,TRUE,40
"2.3.2.2.1.2.2.1.2.2.2.2.2.2.2.2.2.2.2.2.2.2",0.44076290146241,FALSE,TRUE,40
"2.3.2.2.2.1.2.1.2.2.2.2.2.2.2.2.2.2.2.2.2.2",0.488224132628321,FALSE,TRUE,40
"2.3.2.2.2.2.1.1.2.2.2.2.2.2.2.2.2.2.2.2.2.2",0.443905353538389,FALSE,TRUE,39
"2.3.2.2.2.2.2.1.1.2.2.2.2.2.2.2.2.2.2.2.2.2",0.446903722494775,FALSE,TRUE,40
"2.3.2.2.2.2.2.1.2.1.2.2.2.2.2.2.2.2.2.2.2.2",0.428630611492211,FALSE,TRUE,40
"2.3.2.2.2.2.2.1.2.2.1.2.2.2.2.2.2.2.2.2.2.2",0.371188304162784,FALSE,TRUE,40
"2.3.2.2.2.2.2.1.2.2.2.2.1.2.2.2.2.2.2.2.2.2",0.407347706845939,FALSE,TRUE,39
"2.3.2.2.2.2.2.1.2.2.2.2.2.1.2.2.2.2.2.2.2.2",0.421698616206245,FALSE,TRUE,40
"2.3.2.2.2.2.2.1.2.2.2.2.2.2.1.2.2.2.2.2.2.2",0.339777904218446,FALSE,TRUE,40
"2.3.2.2.2.2.2.1.2.2.2.2.2.2.2.1.2.2.2.2.2.2",0.316222554067811,FALSE,TRUE,40
"2.3.2.2.2.2.2.1.2.2.2.2.2.2.2.2.1.2.2.2.2.2",0.319605469039285,FALSE,TRUE,40
"2.3.2.2.2.2.2.1.2.2.2.2.2.2.2.2.2.1.2.2.2.2",0.418905057501023,FALSE,TRUE,40
"2.3.2.2.2.2.2.1.2.2.2.2.2.2.2.2.2.2.1.2.2.2",0.514435697889284,FALSE,TRUE,40
"2.3.2.2.2.2.2.1.2.2.2.2.2.2.2.2.2.2.2.1.2.2",0.441320998126598,FALSE,TRUE,40
"2.3.2.2.2.2.2.1.2.2.2.2.2.2.2.2.2.2.2.2.2.1",0.342782830654526,FALSE,TRUE,40
"3.2.2.2.2.2.4.2.2.2.2.3.2.2.2.2.2.2.2.2.2.2",0.430729808995471,FALSE,TRUE,42
"2.3.2.2.2.2.4.2.2.2.2.3.2.2.2.2.2.2.2.2.2.2",0.268997931959432,FALSE,TRUE,42
"2.2.3.2.2.2.4.2.2.2.2.3.2.2.2.2.2.2.2.2.2.2",0.301198176972096,FALSE,TRUE,42
"2.2.2.3.2.2.4.2.2.2.2.3.2.2.2.2.2.2.2.2.2.2",0.282937632161316,FALSE,TRUE,42
"2.2.2.2.3.2.4.2.2.2.2.3.2.2.2.2.2.2.2.2.2.2",0.382116938667472,FALSE,TRUE,42
"2.2.2.2.2.3.4.2.2.2.2.3.2.2.2.2.2.2.2.2.2.2",0.304430309819788,FALSE,TRUE,42
"2.2.2.2.2.2.5.2.2.2.2.3.2.2.2.2.2.2.2.2.2.2",0.267886493780183,FALSE,TRUE,42
"2.2.2.2.2.2.4.3.2.2.2.3.2.2.2.2.2.2.2.2.2.2",0.306535578990903,FALSE,TRUE,42
"2.2.2.2.2.2.4.2.3.2.2.3.2.2.2.2.2.2.2.2.2.2",0.39994345469432,FALSE,TRUE,42
"2.2.2.2.2.2.4.2.2.3.2.3.2.2.2.2.2.2.2.2.2.2",0.415920192628002,FALSE,TRUE,42
"2.2.2.2.2.2.4.2.2.2.3.3.2.2.2.2.2.2.2.2.2.2",0.306366208949201,FALSE,TRUE,42
"2.2.2.2.2.2.4.2.2.2.2.4.2.2.2.2.2.2.2.2.2.2",0.371032315042289,FALSE,TRUE,43
"2.2.2.2.2.2.4.2.2.2.2.3.3.2.2.2.2.2.2.2.2.2",0.34914334474586,FALSE,TRUE,41
"2.2.2.2.2.2.4.2.2.2.2.3.2.3.2.2.2.2.2.2.2.2",0.385627914493891,FALSE,TRUE,42
"2.2.2.2.2.2.4.2.2.2.2.3.2.2.3.2.2.2.2.2.2.2",0.387521216023167,FALSE,TRUE,42
"2.2.2.2.2.2.4.2.2.2.2.3.2.2.2.3.2.2.2.2.2.2",0.44467863532949,FALSE,TRUE,42
"2.2.2.2.2.2.4.2.2.2.2.3.2.2.2.2.3.2.2.2.2.2",0.438716015410847,FALSE,TRUE,42
"2.2.2.2.2.2.4.2.2.2.2.3.2.2.2.2.2.3.2.2.2.2",0.247587869349538,FALSE,TRUE,42
"2.2.2.2.2.2.4.2.2.2.2.3.2.2.2.2.2.2.3.2.2.2",0.309106425035294,FALSE,TRUE,42
"2.2.2.2.2.2.4.2.2.2.2.3.2.2.2.2.2.2.2.3.2.2",0.206638911605113,FALSE,TRUE,42
"2.2.2.2.2.2.4.2.2.2.2.3.2.2.2.2.2.2.2.2.3.2",0.208317383448062,FALSE,TRUE,42
"2.2.2.2.2.2.4.2.2.2.2.3.2.2.2.2.2.2.2.2.2.3",0.397707472192421,FALSE,TRUE,41
"1.2.2.2.2.2.4.2.2.2.2.3.2.2.2.2.2.2.2.2.2.2",0.304517178824017,FALSE,TRUE,41
"2.1.2.2.2.2.4.2.2.2.2.3.2.2.2.2.2.2.2.2.2.2",0.450730891509713,FALSE,TRUE,41
"2.2.1.2.2.2.4.2.2.2.2.3.2.2.2.2.2.2.2.2.2.2",0.426492614698319,FALSE,TRUE,41
"2.2.2.1.2.2.4.2.2.2.2.3.2.2.2.2.2.2.2.2.2.2",0.410706858813536,FALSE,TRUE,41
"2.2.2.2.1.2.4.2.2.2.2.3.2.2.2.2.2.2.2.2.2.2",0.332438902141176,FALSE,TRUE,41
"2.2.2.2.2.1.4.2.2.2.2.3.2.2.2.2.2.2.2.2.2.2",0.417261068579014,FALSE,TRUE,40
"2.2.2.2.2.2.4.1.2.2.2.3.2.2.2.2.2.2.2.2.2.2",0.420026562344281,FALSE,TRUE,41
"2.2.2.2.2.2.4.2.1.2.2.3.2.2.2.2.2.2.2.2.2.2",0.328157513008946,FALSE,TRUE,41
"2.2.2.2.2.2.4.2.2.1.2.3.2.2.2.2.2.2.2.2.2.2",0.314439081345443,FALSE,TRUE,41
"2.2.2.2.2.2.4.2.2.2.1.3.2.2.2.2.2.2.2.2.2.2",0.425025022461623,FALSE,TRUE,41
"2.2.2.2.2.2.4.2.2.2.2.3.1.2.2.2.2.2.2.2.2.2",0.407676400736376,FALSE,TRUE,41
"2.2.2.2.2.2.4.2.2.2.2.3.2.1.2.2.2.2.2.2.2.2",0.331546243834651,FALSE,TRUE,41
"2.2.2.2.2.2.4.2.2.2.2.3.2.2.1.2.2.2.2.2.2.2",0.306607348831389,FALSE,TRUE,41
"2.2.2.2.2.2.4.2.2.2.2.3.2.2.2.1.2.2.2.2.2.2",0.248485191007375,FALSE,TRUE,41
"2.2.2.2.2.2.4.2.2.2.2.3.2.2.2.2.1.2.2.2.2.2",0.312809441622039,FALSE,TRUE,41
"2.2.2.2.2.2.4.2.2.2.2.3.2.2.2.2.2.1.2.2.2.2",0.431023720526562,FALSE,TRUE,41
"2.2.2.2.2.2.4.2.2.2.2.3.2.2.2.2.2.2.1.2.2.2",0.42779340178576,FALSE,TRUE,41
"2.2.2.2.2.2.4.2.2.2.2.3.2.2.2.2.2.2.2.1.2.2",0.467503650064049,FALSE,TRUE,41
"2.2.2.2.2.2.4.2.2.2.2.3.2.2.2.2.2.2.2.2.1.2",0.515361183523026,FALSE,TRUE,40
"2.2.2.2.2.2.4.2.2.2.2.3.2.2.2.2.2.2.2.2.2.1",0.358204851417879,FALSE,TRUE,41
"3.2.2.2.2.2.1.2.3.2.1.3.2.2.2.2.2.2.2.2.2.2",0.488304944785214,FALSE,TRUE,40
"2.3.2.2.2.2.1.2.3.2.1.3.2.2.2.2.2.2.2.2.2.2",0.447443277459177,FALSE,TRUE,40
"2.2.3.2.2.2.1.2.3.2.1.3.2.2.2.2.2.2.2.2.2.2",0.478075990193263,FALSE,TRUE,40
"2.2.2.3.2.2.1.2.3.2.1.3.2.2.2.2.2.2.2.2.2.2",0.444211824085546,FALSE,TRUE,40
"2.2.2.2.3.2.1.2.3.2.1.3.2.2.2.2.2.2.2.2.2.2",0.473302034536971,FALSE,TRUE,40
"2.2.2.2.2.3.1.2.3.2.1.3.2.2.2.2.2.2.2.2.2.2",0.457506071981274,FALSE,TRUE,40
"2.2.2.2.2.2.2.2.3.2.1.3.2.2.2.2.2.2.2.2.2.2",0.509969872493293,FALSE,TRUE,40
"2.2.2.2.2.2.1.3.3.2.1.3.2.2.2.2.2.2.2.2.2.2",0.495957232637539,FALSE,TRUE,40
"2.2.2.2.2.2.1.2.4.2.1.3.2.2.2.2.2.2.2.2.2.2",0.456860628836848,FALSE,TRUE,40
"2.2.2.2.2.2.1.2.3.3.1.3.2.2.2.2.2.2.2.2.2.2",0.471384220504557,FALSE,TRUE,40
"2.2.2.2.2.2.1.2.3.2.1.4.2.2.2.2.2.2.2.2.2.2",0.572294174651973,FALSE,TRUE,40
"2.2.2.2.2.2.1.2.3.2.1.3.3.2.2.2.2.2.2.2.2.2",0.477019220875864,FALSE,TRUE,39
"2.2.2.2.2.2.1.2.3.2.1.3.2.3.2.2.2.2.2.2.2.2",0.402013725452271,FALSE,TRUE,40
"2.2.2.2.2.2.1.2.3.2.1.3.2.2.3.2.2.2.2.2.2.2",0.440745438908339,FALSE,TRUE,40
"2.2.2.2.2.2.1.2.3.2.1.3.2.2.2.3.2.2.2.2.2.2",0.477060003671824,FALSE,TRUE,40
"2.2.2.2.2.2.1.2.3.2.1.3.2.2.2.2.3.2.2.2.2.2",0.563638750695354,FALSE,TRUE,40
"2.2.2.2.2.2.1.2.3.2.1.3.2.2.2.2.2.3.2.2.2.2",0.46764554466728,FALSE,TRUE,40
"2.2.2.2.2.2.1.2.3.2.1.3.2.2.2.2.2.2.3.2.2.2",0.379880530201556,FALSE,TRUE,40
"2.2.2.2.2.2.1.2.3.2.1.3.2.2.2.2.2.2.2.3.2.2",0.41778371614498,FALSE,TRUE,40
"2.2.2.2.2.2.1.2.3.2.1.3.2.2.2.2.2.2.2.2.3.2",0.441109733268642,FALSE,TRUE,40
"2.2.2.2.2.2.1.2.3.2.1.3.2.2.2.2.2.2.2.2.2.3",0.465810635212173,FALSE,TRUE,40
"1.2.2.2.2.2.1.2.3.2.1.3.2.2.2.2.2.2.2.2.2.2",0.46538631846834,FALSE,TRUE,39
"2.1.2.2.2.2.1.2.3.2.1.3.2.2.2.2.2.2.2.2.2.2",0.479313330227203,FALSE,TRUE,39
"2.2.1.2.2.2.1.2.3.2.1.3.2.2.2.2.2.2.2.2.2.2",0.47370671676805,FALSE,TRUE,38
"2.2.2.1.2.2.1.2.3.2.1.3.2.2.2.2.2.2.2.2.2.2",0.488756881817377,FALSE,TRUE,39
"2.2.2.2.1.2.1.2.3.2.1.3.2.2.2.2.2.2.2.2.2.2",0.475595233239294,FALSE,TRUE,39
"2.2.2.2.2.1.1.2.3.2.1.3.2.2.2.2.2.2.2.2.2.2",0.495495877194924,FALSE,TRUE,39
"2.2.2.2.2.2.1.1.3.2.1.3.2.2.2.2.2.2.2.2.2.2",0.459609575479159,FALSE,TRUE,39
"2.2.2.2.2.2.1.2.3.1.1.3.2.2.2.2.2.2.2.2.2.2",0.49181712266593,FALSE,TRUE,39
"2.2.2.2.2.2.1.2.3.2.1.2.2.2.2.2.2.2.2.2.2.2",0.37924116072132,FALSE,TRUE,40
"2.2.2.2.2.2.1.2.3.2.1.3.1.2.2.2.2.2.2.2.2.2",0.510955746328288,FALSE,TRUE,39
"2.2.2.2.2.2.1.2.3.2.1.3.2.1.2.2.2.2.2.2.2.2",0.548050316220795,FALSE,TRUE,38
"2.2.2.2.2.2.1.2.3.2.1.3.2.2.1.2.2.2.2.2.2.2",0.464778293718871,FALSE,TRUE,39
"2.2.2.2.2.2.1.2.3.2.1.3.2.2.2.1.2.2.2.2.2.2",0.458809005359127,FALSE,TRUE,39
"2.2.2.2.2.2.1.2.3.2.1.3.2.2.2.2.1.2.2.2.2.2",0.422373791670924,FALSE,TRUE,39
"2.2.2.2.2.2.1.2.3.2.1.3.2.2.2.2.2.1.2.2.2.2",0.437876563335742,FALSE,TRUE,39
"2.2.2.2.2.2.1.2.3.2.1.3.2.2.2.2.2.2.1.2.2.2",0.579734465435527,FALSE,TRUE,39
"2.2.2.2.2.2.1.2.3.2.1.3.2.2.2.2.2.2.2.1.2.2",0.49937953363561,FALSE,TRUE,39
"2.2.2.2.2.2.1.2.3.2.1.3.2.2.2.2.2.2.2.2.1.2",0.51004815736714,FALSE,TRUE,39
"2.2.2.2.2.2.1.2.3.2.1.3.2.2.2.2.2.2.2.2.2.1",0.516838485717772,FALSE,TRUE,39
"3.2.2.2.2.2.3.2.2.2.2.2.2.3.2.3.2.2.2.2.2.3",0.405868395504299,FALSE,TRUE,42
"2.3.2.2.2.2.3.2.2.2.2.2.2.3.2.3.2.2.2.2.2.3",0.357651552106756,FALSE,TRUE,42
"2.2.3.2.2.2.3.2.2.2.2.2.2.3.2.3.2.2.2.2.2.3",0.417750945938533,FALSE,TRUE,42
"2.2.2.3.2.2.3.2.2.2.2.2.2.3.2.3.2.2.2.2.2.3",0.391518355641195,FALSE,TRUE,42
"2.2.2.2.3.2.3.2.2.2.2.2.2.3.2.3.2.2.2.2.2.3",0.401154562837722,FALSE,TRUE,42
"2.2.2.2.2.3.3.2.2.2.2.2.2.3.2.3.2.2.2.2.2.3",0.398495800082908,FALSE,TRUE,42
"2.2.2.2.2.2.4.2.2.2.2.2.2.3.2.3.2.2.2.2.2.3",0.389350834774512,FALSE,TRUE,42
"2.2.2.2.2.2.3.3.2.2.2.2.2.3.2.3.2.2.2.2.2.3",0.32338965436699,FALSE,TRUE,42
"2.2.2.2.2.2.3.2.3.2.2.2.2.3.2.3.2.2.2.2.2.3",0.384351197981773,FALSE,TRUE,42
"2.2.2.2.2.2.3.2.2.3.2.2.2.3.2.3.2.2.2.2.2.3",0.38537326396969,FALSE,TRUE,42
"2.2.2.2.2.2.3.2.2.2.3.2.2.3.2.3.2.2.2.2.2.3",0.456185302235862,FALSE,TRUE,42
"2.2.2.2.2.2.3.2.2.2.2.3.2.3.2.3.2.2.2.2.2.3",0.440734720082784,FALSE,TRUE,42
"2.2.2.2.2.2.3.2.2.2.2.2.3.3.2.3.2.2.2.2.2.3",0.465209131507869,FALSE,TRUE,42
"2.2.2.2.2.2.3.2.2.2.2.2.2.4.2.3.2.2.2.2.2.3",0.332537712708259,FALSE,TRUE,43
"2.2.2.2.2.2.3.2.2.2.2.2.2.3.3.3.2.2.2.2.2.3",0.352169565846496,FALSE,TRUE,42
"2.2.2.2.2.2.3.2.2.2.2.2.2.3.2.4.2.2.2.2.2.3",0.368361059034572,FALSE,TRUE,42
"2.2.2.2.2.2.3.2.2.2.2.2.2.3.2.3.3.2.2.2.2.3",0.502493089344175,FALSE,TRUE,42
"2.2.2.2.2.2.3.2.2.2.2.2.2.3.2.3.2.3.2.2.2.3",0.295996413267153,FALSE,TRUE,42
"2.2.2.2.2.2.3.2.2.2.2.2.2.3.2.3.2.2.3.2.2.3",0.332157252955068,FALSE,TRUE,42
"2.2.2.2.2.2.3.2.2.2.2.2.2.3.2.3.2.2.2.3.2.3",0.31661638378387,FALSE,TRUE,42
"2.2.2.2.2.2.3.2.2.2.2.2.2.3.2.3.2.2.2.2.3.3",0.324088013666692,FALSE,TRUE,41
"2.2.2.2.2.2.3.2.2.2.2.2.2.3.2.3.2.2.2.2.2.4",0.41939152147711,FALSE,TRUE,42
"1.2.2.2.2.2.3.2.2.2.2.2.2.3.2.3.2.2.2.2.2.3",0.410546047162029,FALSE,TRUE,41
"2.1.2.2.2.2.3.2.2.2.2.2.2.3.2.3.2.2.2.2.2.3",0.436813771914604,FALSE,TRUE,41
"2.2.1.2.2.2.3.2.2.2.2.2.2.3.2.3.2.2.2.2.2.3",0.396288545451174,FALSE,TRUE,41
"2.2.2.1.2.2.3.2.2.2.2.2.2.3.2.3.2.2.2.2.2.3",0.391534272421363,FALSE,TRUE,41
"2.2.2.2.1.2.3.2.2.2.2.2.2.3.2.3.2.2.2.2.2.3",0.383381464514526,FALSE,TRUE,41
"2.2.2.2.2.1.3.2.2.2.2.2.2.3.2.3.2.2.2.2.2.3",0.408899667561063,FALSE,TRUE,41
"2.2.2.2.2.2.2.2.2.2.2.2.2.3.2.3.2.2.2.2.2.3",0.411372448246253,FALSE,TRUE,42
"2.2.2.2.2.2.3.1.2.2.2.2.2.3.2.3.2.2.2.2.2.3",0.487372751328019,FALSE,TRUE,41
"2.2.2.2.2.2.3.2.1.2.2.2.2.3.2.3.2.2.2.2.2.3",0.428916881750234,FALSE,TRUE,41
"2.2.2.2.2.2.3.2.2.1.2.2.2.3.2.3.2.2.2.2.2.3",0.430022966279918,FALSE,TRUE,41
"2.2.2.2.2.2.3.2.2.2.1.2.2.3.2.3.2.2.2.2.2.3",0.349648842349474,FALSE,TRUE,41
"2.2.2.2.2.2.3.2.2.2.2.2.1.3.2.3.2.2.2.2.2.3",0.364499672829997,FALSE,TRUE,41
"2.2.2.2.2.2.3.2.2.2.2.2.2.3.1.3.2.2.2.2.2.3",0.412360594196994,FALSE,TRUE,41
"2.2.2.2.2.2.3.2.2.2.2.2.2.3.2.3.1.2.2.2.2.3",0.320301456982001,FALSE,TRUE,40
"2.2.2.2.2.2.3.2.2.2.2.2.2.3.2.3.2.1.2.2.2.3",0.474244769792007,FALSE,TRUE,41
"2.2.2.2.2.2.3.2.2.2.2.2.2.3.2.3.2.2.1.2.2.3",0.488177769042403,FALSE,TRUE,41
"2.2.2.2.2.2.3.2.2.2.2.2.2.3.2.3.2.2.2.1.2.3",0.445580410655865,FALSE,TRUE,41
"2.2.2.2.2.2.3.2.2.2.2.2.2.3.2.3.2.2.2.2.1.3",0.479492976401127,FALSE,TRUE,39
"2.2.2.2.2.2.3.2.2.2.2.2.2.3.2.3.2.2.2.2.2.2",0.416450532251367,FALSE,TRUE,40
"3.2.2.2.3.2.3.2.2.2.2.2.2.2.2.2.2.2.2.2.3.3",0.365998906460959,FALSE,TRUE,41
"2.3.2.2.3.2.3.2.2.2.2.2.2.2.2.2.2.2.2.2.3.3",0.237391162646176,FALSE,TRUE,41
"2.2.3.2.3.2.3.2.2.2.2.2.2.2.2.2.2.2.2.2.3.3",0.237619309266474,FALSE,TRUE,41
"2.2.2.3.3.2.3.2.2.2.2.2.2.2.2.2.2.2.2.2.3.3",0.257853394934238,FALSE,TRUE,41
"2.2.2.2.4.2.3.2.2.2.2.2.2.2.2.2.2.2.2.2.3.3",0.283503280337939,FALSE,TRUE,42
"2.2.2.2.3.3.3.2.2.2.2.2.2.2.2.2.2.2.2.2.3.3",0.241116781664814,FALSE,TRUE,41
"2.2.2.2.3.2.4.2.2.2.2.2.2.2.2.2.2.2.2.2.3.3",0.231189688102775,FALSE,TRUE,41
"2.2.2.2.3.2.3.3.2.2.2.2.2.2.2.2.2.2.2.2.3.3",0.27498112764176,FALSE,TRUE,41
"2.2.2.2.3.2.3.2.3.2.2.2.2.2.2.2.2.2.2.2.3.3",0.309624382685523,FALSE,TRUE,41
"2.2.2.2.3.2.3.2.2.3.2.2.2.2.2.2.2.2.2.2.3.3",0.31321719583069,FALSE,TRUE,41
"2.2.2.2.3.2.3.2.2.2.3.2.2.2.2.2.2.2.2.2.3.3",0.310584172547254,FALSE,TRUE,41
"2.2.2.2.3.2.3.2.2.2.2.3.2.2.2.2.2.2.2.2.3.3",0.367277538892295,FALSE,TRUE,41
"2.2.2.2.3.2.3.2.2.2.2.2.3.2.2.2.2.2.2.2.3.3",0.315571377333425,FALSE,TRUE,41
"2.2.2.2.3.2.3.2.2.2.2.2.2.3.2.2.2.2.2.2.3.3",0.290649467941695,FALSE,TRUE,41
"2.2.2.2.3.2.3.2.2.2.2.2.2.2.3.2.2.2.2.2.3.3",0.314443584554481,FALSE,TRUE,41
"2.2.2.2.3.2.3.2.2.2.2.2.2.2.2.3.2.2.2.2.3.3",0.387576874987529,FALSE,TRUE,40
"2.2.2.2.3.2.3.2.2.2.2.2.2.2.2.2.3.2.2.2.3.3",0.418160559116825,FALSE,TRUE,41
"2.2.2.2.3.2.3.2.2.2.2.2.2.2.2.2.2.3.2.2.3.3",0.202469712892392,FALSE,TRUE,41
"2.2.2.2.3.2.3.2.2.2.2.2.2.2.2.2.2.2.3.2.3.3",0.235905171820436,FALSE,TRUE,42
"2.2.2.2.3.2.3.2.2.2.2.2.2.2.2.2.2.2.2.3.3.3",0.236457220361224,FALSE,TRUE,41
"2.2.2.2.3.2.3.2.2.2.2.2.2.2.2.2.2.2.2.2.4.3",0.187129932503648,FALSE,TRUE,41
"2.2.2.2.3.2.3.2.2.2.2.2.2.2.2.2.2.2.2.2.3.4",0.39511078723102,FALSE,TRUE,41
"1.2.2.2.3.2.3.2.2.2.2.2.2.2.2.2.2.2.2.2.3.3",0.27330239384008,FALSE,TRUE,40
"2.1.2.2.3.2.3.2.2.2.2.2.2.2.2.2.2.2.2.2.3.3",0.380166744421428,FALSE,TRUE,40
"2.2.1.2.3.2.3.2.2.2.2.2.2.2.2.2.2.2.2.2.3.3",0.383844886325622,FALSE,TRUE,40
"2.2.2.1.3.2.3.2.2.2.2.2.2.2.2.2.2.2.2.2.3.3",0.339209827333807,FALSE,TRUE,40
"2.2.2.2.3.1.3.2.2.2.2.2.2.2.2.2.2.2.2.2.3.3",0.384514209685483,FALSE,TRUE,40
"2.2.2.2.3.2.2.2.2.2.2.2.2.2.2.2.2.2.2.2.3.3",0.380087406522347,FALSE,TRUE,39
"2.2.2.2.3.2.3.1.2.2.2.2.2.2.2.2.2.2.2.2.3.3",0.346183263120464,FALSE,TRUE,40
"2.2.2.2.3.2.3.2.1.2.2.2.2.2.2.2.2.2.2.2.3.3",0.318692859571529,FALSE,TRUE,40
"2.2.2.2.3.2.3.2.2.1.2.2.2.2.2.2.2.2.2.2.3.3",0.318775471478738,FALSE,TRUE,40
"2.2.2.2.3.2.3.2.2.2.1.2.2.2.2.2.2.2.2.2.3.3",0.314222827241695,FALSE,TRUE,40
"2.2.2.2.3.2.3.2.2.2.2.1.2.2.2.2.2.2.2.2.3.3",0.243758646490009,FALSE,TRUE,40
"2.2.2.2.3.2.3.2.2.2.2.2.1.2.2.2.2.2.2.2.3.3",0.337082460357583,FALSE,TRUE,40
"2.2.2.2.3.2.3.2.2.2.2.2.2.1.2.2.2.2.2.2.3.3",0.320958365721136,FALSE,TRUE,40
"2.2.2.2.3.2.3.2.2.2.2.2.2.2.1.2.2.2.2.2.3.3",0.277448366363555,FALSE,TRUE,40
"2.2.2.2.3.2.3.2.2.2.2.2.2.2.2.1.2.2.2.2.3.3",0.211787298844006,FALSE,TRUE,40
"2.2.2.2.3.2.3.2.2.2.2.2.2.2.2.2.1.2.2.2.3.3",0.226792363236119,FALSE,TRUE,39
"2.2.2.2.3.2.3.2.2.2.2.2.2.2.2.2.2.1.2.2.3.3",0.395514620432815,FALSE,TRUE,40
"2.2.2.2.3.2.3.2.2.2.2.2.2.2.2.2.2.2.2.1.3.3",0.348589416467579,FALSE,TRUE,40
"2.2.2.2.3.2.3.2.2.2.2.2.2.2.2.2.2.2.2.2.3.2",0.261028158537965,FALSE,TRUE,39
"3.2.2.2.2.2.1.2.2.1.2.3.3.2.2.2.2.2.2.2.2.2",0.586851909063494,FALSE,TRUE,40
"2.3.2.2.2.2.1.2.2.1.2.3.3.2.2.2.2.2.2.2.2.2",0.547428935388737,FALSE,TRUE,40
"2.2.3.2.2.2.1.2.2.1.2.3.3.2.2.2.2.2.2.2.2.2",0.477267122252963,FALSE,TRUE,40
"2.2.2.3.2.2.1.2.2.1.2.3.3.2.2.2.2.2.2.2.2.2",0.483496050032777,FALSE,TRUE,40
"2.2.2.2.3.2.1.2.2.1.2.3.3.2.2.2.2.2.2.2.2.2",0.580639295384062,FALSE,TRUE,40
"2.2.2.2.2.3.1.2.2.1.2.3.3.2.2.2.2.2.2.2.2.2",0.513829773113453,FALSE,TRUE,40
"2.2.2.2.2.2.2.2.2.1.2.3.3.2.2.2.2.2.2.2.2.2",0.518185467429155,FALSE,TRUE,40
"2.2.2.2.2.2.1.3.2.1.2.3.3.2.2.2.2.2.2.2.2.2",0.502832730351176,FALSE,TRUE,40
"2.2.2.2.2.2.1.2.3.1.2.3.3.2.2.2.2.2.2.2.2.2",0.58083981350322,FALSE,TRUE,39
"2.2.2.2.2.2.1.2.2.1.3.3.3.2.2.2.2.2.2.2.2.2",0.603108475544507,FALSE,TRUE,40
"2.2.2.2.2.2.1.2.2.1.2.4.3.2.2.2.2.2.2.2.2.2",0.593490514652159,FALSE,TRUE,40
"2.2.2.2.2.2.1.2.2.1.2.3.4.2.2.2.2.2.2.2.2.2",0.577821227913036,FALSE,TRUE,40
"2.2.2.2.2.2.1.2.2.1.2.3.3.3.2.2.2.2.2.2.2.2",0.558833699940542,FALSE,TRUE,40
"2.2.2.2.2.2.1.2.2.1.2.3.3.2.3.2.2.2.2.2.2.2",0.513228508388566,FALSE,TRUE,40
"2.2.2.2.2.2.1.2.2.1.2.3.3.2.2.3.2.2.2.2.2.2",0.594648453796839,FALSE,TRUE,40
"2.2.2.2.2.2.1.2.2.1.2.3.3.2.2.2.3.2.2.2.2.2",0.699051921596656,FALSE,TRUE,40
"2.2.2.2.2.2.1.2.2.1.2.3.3.2.2.2.2.3.2.2.2.2",0.493707358492089,FALSE,TRUE,40
"2.2.2.2.2.2.1.2.2.1.2.3.3.2.2.2.2.2.3.2.2.2",0.472963791099051,FALSE,TRUE,40
"2.2.2.2.2.2.1.2.2.1.2.3.3.2.2.2.2.2.2.3.2.2",0.46302533514515,FALSE,TRUE,40
"2.2.2.2.2.2.1.2.2.1.2.3.3.2.2.2.2.2.2.2.3.2",0.438172949942517,FALSE,TRUE,40
"2.2.2.2.2.2.1.2.2.1.2.3.3.2.2.2.2.2.2.2.2.3",0.610882709152151,FALSE,TRUE,40
"1.2.2.2.2.2.1.2.2.1.2.3.3.2.2.2.2.2.2.2.2.2",0.533609006969538,FALSE,TRUE,39
"2.1.2.2.2.2.1.2.2.1.2.3.3.2.2.2.2.2.2.2.2.2",0.535071788760976,FALSE,TRUE,39
"2.2.1.2.2.2.1.2.2.1.2.3.3.2.2.2.2.2.2.2.2.2",0.628773323812061,FALSE,TRUE,38
"2.2.2.1.2.2.1.2.2.1.2.3.3.2.2.2.2.2.2.2.2.2",0.607564851504253,FALSE,TRUE,39
"2.2.2.2.1.2.1.2.2.1.2.3.3.2.2.2.2.2.2.2.2.2",0.530504634051989,FALSE,TRUE,39
"2.2.2.2.2.1.1.2.2.1.2.3.3.2.2.2.2.2.2.2.2.2",0.601438250102952,FALSE,TRUE,39
"2.2.2.2.2.2.1.1.2.1.2.3.3.2.2.2.2.2.2.2.2.2",0.605597683397732,FALSE,TRUE,39
"2.2.2.2.2.2.1.2.1.1.2.3.3.2.2.2.2.2.2.2.2.2",0.54056822911429,FALSE,TRUE,39
"2.2.2.2.2.2.1.2.2.1.1.3.3.2.2.2.2.2.2.2.2.2",0.505460154459036,FALSE,TRUE,39
"2.2.2.2.2.2.1.2.2.1.2.2.3.2.2.2.2.2.2.2.2.2",0.511471172880872,FALSE,TRUE,40
"2.2.2.2.2.2.1.2.2.1.2.3.3.1.2.2.2.2.2.2.2.2",0.547660219695928,FALSE,TRUE,38
"2.2.2.2.2.2.1.2.2.1.2.3.3.2.1.2.2.2.2.2.2.2",0.567903039691782,FALSE,TRUE,39
"2.2.2.2.2.2.1.2.2.1.2.3.3.2.2.1.2.2.2.2.2.2",0.501750794701029,FALSE,TRUE,39
"2.2.2.2.2.2.1.2.2.1.2.3.3.2.2.2.1.2.2.2.2.2",0.440533330763814,FALSE,TRUE,39
"2.2.2.2.2.2.1.2.2.1.2.3.3.2.2.2.2.1.2.2.2.2",0.569298624802965,FALSE,TRUE,39
"2.2.2.2.2.2.1.2.2.1.2.3.3.2.2.2.2.2.1.2.2.2",0.655936099353229,FALSE,TRUE,39
"2.2.2.2.2.2.1.2.2.1.2.3.3.2.2.2.2.2.2.1.2.2",0.599348718513596,FALSE,TRUE,39
"2.2.2.2.2.2.1.2.2.1.2.3.3.2.2.2.2.2.2.2.1.2",0.677748711031588,FALSE,TRUE,39
"2.2.2.2.2.2.1.2.2.1.2.3.3.2.2.2.2.2.2.2.2.1",0.514873976626557,FALSE,TRUE,39
"5.2.2.2.2.2.3.2.2.2.1.2.2.2.2.2.2.2.2.2.1.2",0.475162881061008,FALSE,TRUE,41
"4.3.2.2.2.2.3.2.2.2.1.2.2.2.2.2.2.2.2.2.1.2",0.450036485256386,FALSE,TRUE,40
"4.2.3.2.2.2.3.2.2.2.1.2.2.2.2.2.2.2.2.2.1.2",0.524537871526608,FALSE,TRUE,40
"4.2.2.3.2.2.3.2.2.2.1.2.2.2.2.2.2.2.2.2.1.2",0.464454279961693,FALSE,TRUE,40
"4.2.2.2.3.2.3.2.2.2.1.2.2.2.2.2.2.2.2.2.1.2",0.475720794829285,FALSE,TRUE,40
"4.2.2.2.2.3.3.2.2.2.1.2.2.2.2.2.2.2.2.2.1.2",0.491116619949303,FALSE,TRUE,40
"4.2.2.2.2.2.4.2.2.2.1.2.2.2.2.2.2.2.2.2.1.2",0.523733105546629,FALSE,TRUE,40
"4.2.2.2.2.2.3.3.2.2.1.2.2.2.2.2.2.2.2.2.1.2",0.511557813150514,FALSE,TRUE,40
"4.2.2.2.2.2.3.2.3.2.1.2.2.2.2.2.2.2.2.2.1.2",0.468634665303726,FALSE,TRUE,40
"4.2.2.2.2.2.3.2.2.3.1.2.2.2.2.2.2.2.2.2.1.2",0.469355403102402,FALSE,TRUE,40
"4.2.2.2.2.2.3.2.2.2.1.3.2.2.2.2.2.2.2.2.1.2",0.537750439971629,FALSE,TRUE,40
"4.2.2.2.2.2.3.2.2.2.1.2.3.2.2.2.2.2.2.2.1.2",0.49012957049505,FALSE,TRUE,40
"4.2.2.2.2.2.3.2.2.2.1.2.2.3.2.2.2.2.2.2.1.2",0.431771917624124,FALSE,TRUE,40
"4.2.2.2.2.2.3.2.2.2.1.2.2.2.3.2.2.2.2.2.1.2",0.476135298924156,FALSE,TRUE,39
"4.2.2.2.2.2.3.2.2.2.1.2.2.2.2.3.2.2.2.2.1.2",0.466656770316934,FALSE,TRUE,40
"4.2.2.2.2.2.3.2.2.2.1.2.2.2.2.2.3.2.2.2.1.2",0.527691490286877,FALSE,TRUE,39
"4.2.2.2.2.2.3.2.2.2.1.2.2.2.2.2.2.3.2.2.1.2",0.506497352760576,FALSE,TRUE,40
"4.2.2.2.2.2.3.2.2.2.1.2.2.2.2.2.2.2.3.2.1.2",0.450244619363317,FALSE,TRUE,40
"4.2.2.2.2.2.3.2.2.2.1.2.2.2.2.2.2.2.2.3.1.2",0.472520165207394,FALSE,TRUE,40
"4.2.2.2.2.2.3.2.2.2.1.2.2.2.2.2.2.2.2.2.2.2",0.495073292715697,FALSE,TRUE,41
"4.2.2.2.2.2.3.2.2.2.1.2.2.2.2.2.2.2.2.2.1.3",0.484611552790044,FALSE,TRUE,40
"4.1.2.2.2.2.3.2.2.2.1.2.2.2.2.2.2.2.2.2.1.2",0.525502875315497,FALSE,TRUE,39
"4.2.1.2.2.2.3.2.2.2.1.2.2.2.2.2.2.2.2.2.1.2",0.48279667074017,FALSE,TRUE,39
"4.2.2.1.2.2.3.2.2.2.1.2.2.2.2.2.2.2.2.2.1.2",0.498754330149186,FALSE,TRUE,39
"4.2.2.2.1.2.3.2.2.2.1.2.2.2.2.2.2.2.2.2.1.2",0.497425040296437,FALSE,TRUE,39
"4.2.2.2.2.1.3.2.2.2.1.2.2.2.2.2.2.2.2.2.1.2",0.501096755781899,FALSE,TRUE,39
"4.2.2.2.2.2.2.2.2.2.1.2.2.2.2.2.2.2.2.2.1.2",0.473463838592532,FALSE,TRUE,40
"4.2.2.2.2.2.3.1.2.2.1.2.2.2.2.2.2.2.2.2.1.2",0.483751874707867,FALSE,TRUE,39
"4.2.2.2.2.2.3.2.1.2.1.2.2.2.2.2.2.2.2.2.1.2",0.538351444194581,FALSE,TRUE,39
"4.2.2.2.2.2.3.2.2.1.1.2.2.2.2.2.2.2.2.2.1.2",0.539175268434071,FALSE,TRUE,39
"4.2.2.2.2.2.3.2.2.2.1.1.2.2.2.2.2.2.2.2.1.2",0.442052560935466,FALSE,TRUE,39
"4.2.2.2.2.2.3.2.2.2.1.2.1.2.2.2.2.2.2.2.1.2",0.536186730373871,FALSE,TRUE,38
"4.2.2.2.2.2.3.2.2.2.1.2.2.1.2.2.2.2.2.2.1.2",0.566273212151982,FALSE,TRUE,39
"4.2.2.2.2.2.3.2.2.2.1.2.2.2.1.2.2.2.2.2.1.2",0.467213957094476,FALSE,TRUE,39
"4.2.2.2.2.2.3.2.2.2.1.2.2.2.2.1.2.2.2.2.1.2",0.488573048645366,FALSE,TRUE,39
"4.2.2.2.2.2.3.2.2.2.1.2.2.2.2.2.1.2.2.2.1.2",0.489692851634351,FALSE,TRUE,39
"4.2.2.2.2.2.3.2.2.2.1.2.2.2.2.2.2.1.2.2.1.2",0.428792299877924,FALSE,TRUE,39
"4.2.2.2.2.2.3.2.2.2.1.2.2.2.2.2.2.2.1.2.1.2",0.558651617779776,FALSE,TRUE,39
"4.2.2.2.2.2.3.2.2.2.1.2.2.2.2.2.2.2.2.1.1.2",0.466745823746554,FALSE,TRUE,39
"4.2.2.2.2.2.3.2.2.2.1.2.2.2.2.2.2.2.2.2.1.1",0.542726953950471,FALSE,TRUE,39
"3.2.2.2.3.2.3.2.2.2.2.2.2.2.2.2.2.2.1.2.3.3",0.439720695519876,FALSE,TRUE,41
"2.3.2.2.3.2.3.2.2.2.2.2.2.2.2.2.2.2.1.2.3.3",0.316171412568225,FALSE,TRUE,41
"2.2.3.2.3.2.3.2.2.2.2.2.2.2.2.2.2.2.1.2.3.3",0.312695516496083,FALSE,TRUE,41
"2.2.2.3.3.2.3.2.2.2.2.2.2.2.2.2.2.2.1.2.3.3",0.3505179286342,FALSE,TRUE,41
"2.2.2.2.4.2.3.2.2.2.2.2.2.2.2.2.2.2.1.2.3.3",0.383678356629486,FALSE,TRUE,41
"2.2.2.2.3.3.3.2.2.2.2.2.2.2.2.2.2.2.1.2.3.3",0.340614349729119,FALSE,TRUE,41
"2.2.2.2.3.2.4.2.2.2.2.2.2.2.2.2.2.2.1.2.3.3",0.309989836741602,FALSE,TRUE,41
"2.2.2.2.3.2.3.3.2.2.2.2.2.2.2.2.2.2.1.2.3.3",0.33989256135876,FALSE,TRUE,41
"2.2.2.2.3.2.3.2.3.2.2.2.2.2.2.2.2.2.1.2.3.3",0.407865206972769,FALSE,TRUE,41
"2.2.2.2.3.2.3.2.2.3.2.2.2.2.2.2.2.2.1.2.3.3",0.396385894251069,FALSE,TRUE,41
"2.2.2.2.3.2.3.2.2.2.3.2.2.2.2.2.2.2.1.2.3.3",0.369599456988645,FALSE,TRUE,41
"2.2.2.2.3.2.3.2.2.2.2.3.2.2.2.2.2.2.1.2.3.3",0.445310461069804,FALSE,TRUE,41
"2.2.2.2.3.2.3.2.2.2.2.2.3.2.2.2.2.2.1.2.3.3",0.404664686419199,FALSE,TRUE,41
"2.2.2.2.3.2.3.2.2.2.2.2.2.3.2.2.2.2.1.2.3.3",0.377777477702854,FALSE,TRUE,41
"2.2.2.2.3.2.3.2.2.2.2.2.2.2.3.2.2.2.1.2.3.3",0.404673814888274,FALSE,TRUE,41
"2.2.2.2.3.2.3.2.2.2.2.2.2.2.2.3.2.2.1.2.3.3",0.475158019193653,FALSE,TRUE,41
"2.2.2.2.3.2.3.2.2.2.2.2.2.2.2.2.3.2.1.2.3.3",0.499258381704336,FALSE,TRUE,41
"2.2.2.2.3.2.3.2.2.2.2.2.2.2.2.2.2.3.1.2.3.3",0.287771982121131,FALSE,TRUE,41
"2.2.2.2.3.2.3.2.2.2.2.2.2.2.2.2.2.2.1.3.3.3",0.308429341677564,FALSE,TRUE,41
"2.2.2.2.3.2.3.2.2.2.2.2.2.2.2.2.2.2.1.2.4.3",0.262419792865918,FALSE,TRUE,41
"2.2.2.2.3.2.3.2.2.2.2.2.2.2.2.2.2.2.1.2.3.4",0.473081127131988,FALSE,TRUE,41
"1.2.2.2.3.2.3.2.2.2.2.2.2.2.2.2.2.2.1.2.3.3",0.3668978048111,FALSE,TRUE,40
"2.1.2.2.3.2.3.2.2.2.2.2.2.2.2.2.2.2.1.2.3.3",0.465243616443603,FALSE,TRUE,40
"2.2.1.2.3.2.3.2.2.2.2.2.2.2.2.2.2.2.1.2.3.3",0.481386988848652,FALSE,TRUE,40
"2.2.2.1.3.2.3.2.2.2.2.2.2.2.2.2.2.2.1.2.3.3",0.418529491374817,FALSE,TRUE,40
"2.2.2.2.3.1.3.2.2.2.2.2.2.2.2.2.2.2.1.2.3.3",0.457333848810376,FALSE,TRUE,40
"2.2.2.2.3.2.2.2.2.2.2.2.2.2.2.2.2.2.1.2.3.3",0.475809898661286,FALSE,TRUE,41
"2.2.2.2.3.2.3.1.2.2.2.2.2.2.2.2.2.2.1.2.3.3",0.454843257074134,FALSE,TRUE,40
"2.2.2.2.3.2.3.2.1.2.2.2.2.2.2.2.2.2.1.2.3.3",0.394907854281597,FALSE,TRUE,40
"2.2.2.2.3.2.3.2.2.1.2.2.2.2.2.2.2.2.1.2.3.3",0.40835946618591,FALSE,TRUE,40
"2.2.2.2.3.2.3.2.2.2.1.2.2.2.2.2.2.2.1.2.3.3",0.429283289790349,FALSE,TRUE,40
"2.2.2.2.3.2.3.2.2.2.2.1.2.2.2.2.2.2.1.2.3.3",0.339465796329148,FALSE,TRUE,40
"2.2.2.2.3.2.3.2.2.2.2.2.1.2.2.2.2.2.1.2.3.3",0.420769226151442,FALSE,TRUE,40
"2.2.2.2.3.2.3.2.2.2.2.2.2.1.2.2.2.2.1.2.3.3",0.409277711755799,FALSE,TRUE,40
"2.2.2.2.3.2.3.2.2.2.2.2.2.2.1.2.2.2.1.2.3.3",0.353504513817499,FALSE,TRUE,40
"2.2.2.2.3.2.3.2.2.2.2.2.2.2.2.1.2.2.1.2.3.3",0.29927666100048,FALSE,TRUE,40
"2.2.2.2.3.2.3.2.2.2.2.2.2.2.2.2.1.2.1.2.3.3",0.32200431455761,FALSE,TRUE,40
"2.2.2.2.3.2.3.2.2.2.2.2.2.2.2.2.2.1.1.2.3.3",0.473077211647156,FALSE,TRUE,40
"2.2.2.2.3.2.3.2.2.2.2.2.2.2.2.2.2.2.1.1.3.3",0.44668092413014,FALSE,TRUE,40
"2.2.2.2.3.2.3.2.2.2.2.2.2.2.2.2.2.2.1.2.2.3",0.543428496609194,FALSE,TRUE,40
"2.2.2.2.3.2.3.2.2.2.2.2.2.2.2.2.2.2.1.2.3.2",0.353548260811211,FALSE,TRUE,41
"3.2.2.3.2.2.1.2.3.2.2.3.2.2.2.2.2.2.2.2.2.2",0.485563968033732,FALSE,TRUE,41
"2.3.2.3.2.2.1.2.3.2.2.3.2.2.2.2.2.2.2.2.2.2",0.444915855410412,FALSE,TRUE,41
"2.2.3.3.2.2.1.2.3.2.2.3.2.2.2.2.2.2.2.2.2.2",0.433712040682785,FALSE,TRUE,41
"2.2.2.4.2.2.1.2.3.2.2.3.2.2.2.2.2.2.2.2.2.2",0.401332927408375,FALSE,TRUE,42
"2.2.2.3.3.2.1.2.3.2.2.3.2.2.2.2.2.2.2.2.2.2",0.485883902142587,FALSE,TRUE,41
"2.2.2.3.2.3.1.2.3.2.2.3.2.2.2.2.2.2.2.2.2.2",0.429750899399158,FALSE,TRUE,41
"2.2.2.3.2.2.2.2.3.2.2.3.2.2.2.2.2.2.2.2.2.2",0.472810670279469,FALSE,TRUE,41
"2.2.2.3.2.2.1.3.3.2.2.3.2.2.2.2.2.2.2.2.2.2",0.473047334608535,FALSE,TRUE,41
"2.2.2.3.2.2.1.2.4.2.2.3.2.2.2.2.2.2.2.2.2.2",0.474415407936737,FALSE,TRUE,41
"2.2.2.3.2.2.1.2.3.3.2.3.2.2.2.2.2.2.2.2.2.2",0.460500063052634,FALSE,TRUE,41
"2.2.2.3.2.2.1.2.3.2.3.3.2.2.2.2.2.2.2.2.2.2",0.527232575284048,FALSE,TRUE,41
"2.2.2.3.2.2.1.2.3.2.2.4.2.2.2.2.2.2.2.2.2.2",0.541723678899336,FALSE,TRUE,41
"2.2.2.3.2.2.1.2.3.2.2.3.3.2.2.2.2.2.2.2.2.2",0.473997259755857,FALSE,TRUE,40
"2.2.2.3.2.2.1.2.3.2.2.3.2.3.2.2.2.2.2.2.2.2",0.447081080476704,FALSE,TRUE,41
"2.2.2.3.2.2.1.2.3.2.2.3.2.2.3.2.2.2.2.2.2.2",0.473279206316488,FALSE,TRUE,41
"2.2.2.3.2.2.1.2.3.2.2.3.2.2.2.3.2.2.2.2.2.2",0.513690244607675,FALSE,TRUE,41
"2.2.2.3.2.2.1.2.3.2.2.3.2.2.2.2.3.2.2.2.2.2",0.59006713387804,FALSE,TRUE,41
"2.2.2.3.2.2.1.2.3.2.2.3.2.2.2.2.2.3.2.2.2.2",0.476090043283954,FALSE,TRUE,41
"2.2.2.3.2.2.1.2.3.2.2.3.2.2.2.2.2.2.3.2.2.2",0.385347487730116,FALSE,TRUE,41
"2.2.2.3.2.2.1.2.3.2.2.3.2.2.2.2.2.2.2.3.2.2",0.415246943017241,FALSE,TRUE,41
"2.2.2.3.2.2.1.2.3.2.2.3.2.2.2.2.2.2.2.2.3.2",0.405939179473046,FALSE,TRUE,41
"2.2.2.3.2.2.1.2.3.2.2.3.2.2.2.2.2.2.2.2.2.3",0.498702805506017,FALSE,TRUE,41
"1.2.2.3.2.2.1.2.3.2.2.3.2.2.2.2.2.2.2.2.2.2",0.476335472654172,FALSE,TRUE,40
"2.1.2.3.2.2.1.2.3.2.2.3.2.2.2.2.2.2.2.2.2.2",0.482554929202898,FALSE,TRUE,40
"2.2.1.3.2.2.1.2.3.2.2.3.2.2.2.2.2.2.2.2.2.2",0.519012525599179,FALSE,TRUE,39
"2.2.2.3.1.2.1.2.3.2.2.3.2.2.2.2.2.2.2.2.2.2",0.473817732862451,FALSE,TRUE,40
"2.2.2.3.2.1.1.2.3.2.2.3.2.2.2.2.2.2.2.2.2.2",0.527735421279756,FALSE,TRUE,40
"2.2.2.3.2.2.1.1.3.2.2.3.2.2.2.2.2.2.2.2.2.2",0.484362031071407,FALSE,TRUE,40
"2.2.2.3.2.2.1.2.3.1.2.3.2.2.2.2.2.2.2.2.2.2",0.50516514414384,FALSE,TRUE,40
"2.2.2.3.2.2.1.2.3.2.2.2.2.2.2.2.2.2.2.2.2.2",0.406596690717991,FALSE,TRUE,41
"2.2.2.3.2.2.1.2.3.2.2.3.1.2.2.2.2.2.2.2.2.2",0.516286374713572,FALSE,TRUE,40
"2.2.2.3.2.2.1.2.3.2.2.3.2.1.2.2.2.2.2.2.2.2",0.505924543493738,FALSE,TRUE,39
"2.2.2.3.2.2.1.2.3.2.2.3.2.2.1.2.2.2.2.2.2.2",0.449157631916448,FALSE,TRUE,40
"2.2.2.3.2.2.1.2.3.2.2.3.2.2.2.1.2.2.2.2.2.2",0.424763978527647,FALSE,TRUE,40
"2.2.2.3.2.2.1.2.3.2.2.3.2.2.2.2.1.2.2.2.2.2",0.407098930097067,FALSE,TRUE,40
"2.2.2.3.2.2.1.2.3.2.2.3.2.2.2.2.2.1.2.2.2.2",0.43796998347528,FALSE,TRUE,40
"2.2.2.3.2.2.1.2.3.2.2.3.2.2.2.2.2.2.1.2.2.2",0.582075257666114,FALSE,TRUE,40
"2.2.2.3.2.2.1.2.3.2.2.3.2.2.2.2.2.2.2.1.2.2",0.49584932732036,FALSE,TRUE,40
"2.2.2.3.2.2.1.2.3.2.2.3.2.2.2.2.2.2.2.2.1.2",0.556195427114693,FALSE,TRUE,40
"2.2.2.3.2.2.1.2.3.2.2.3.2.2.2.2.2.2.2.2.2.1",0.48745491559373,FALSE,TRUE,40
"3.2.1.3.2.2.1.2.2.2.2.4.2.1.2.2.2.2.2.2.2.2",0.513094878396647,FALSE,TRUE,39
"2.3.1.3.2.2.1.2.2.2.2.4.2.1.2.2.2.2.2.2.2.2",0.500362450624485,FALSE,TRUE,39
"2.2.2.3.2.2.1.2.2.2.2.4.2.1.2.2.2.2.2.2.2.2",0.490027021612348,FALSE,TRUE,39
"2.2.1.4.2.2.1.2.2.2.2.4.2.1.2.2.2.2.2.2.2.2",0.399800459982166,FALSE,TRUE,40
"2.2.1.3.3.2.1.2.2.2.2.4.2.1.2.2.2.2.2.2.2.2",0.599946654998025,FALSE,TRUE,39
"2.2.1.3.2.3.1.2.2.2.2.4.2.1.2.2.2.2.2.2.2.2",0.49982707445531,FALSE,TRUE,39
"2.2.1.3.2.2.2.2.2.2.2.4.2.1.2.2.2.2.2.2.2.2",0.491169073499118,FALSE,TRUE,40
"2.2.1.3.2.2.1.3.2.2.2.4.2.1.2.2.2.2.2.2.2.2",0.474772692818061,FALSE,TRUE,39
"2.2.1.3.2.2.1.2.3.2.2.4.2.1.2.2.2.2.2.2.2.2",0.568272212709362,FALSE,TRUE,39
"2.2.1.3.2.2.1.2.2.3.2.4.2.1.2.2.2.2.2.2.2.2",0.53166478845418,FALSE,TRUE,39
"2.2.1.3.2.2.1.2.2.2.3.4.2.1.2.2.2.2.2.2.2.2",0.554052740816198,FALSE,TRUE,39
"2.2.1.3.2.2.1.2.2.2.2.5.2.1.2.2.2.2.2.2.2.2",0.493529551656142,FALSE,TRUE,39
"2.2.1.3.2.2.1.2.2.2.2.4.3.1.2.2.2.2.2.2.2.2",0.503853455983849,FALSE,TRUE,39
"2.2.1.3.2.2.1.2.2.2.2.4.2.2.2.2.2.2.2.2.2.2",0.543005705194638,FALSE,TRUE,39
"2.2.1.3.2.2.1.2.2.2.2.4.2.1.3.2.2.2.2.2.2.2",0.492856022239284,FALSE,TRUE,39
"2.2.1.3.2.2.1.2.2.2.2.4.2.1.2.3.2.2.2.2.2.2",0.540430249979183,FALSE,TRUE,39
"2.2.1.3.2.2.1.2.2.2.2.4.2.1.2.2.3.2.2.2.2.2",0.622063078110473,FALSE,TRUE,39
"2.2.1.3.2.2.1.2.2.2.2.4.2.1.2.2.2.3.2.2.2.2",0.544064471078419,FALSE,TRUE,39
"2.2.1.3.2.2.1.2.2.2.2.4.2.1.2.2.2.2.3.2.2.2",0.466104273162504,FALSE,TRUE,39
"2.2.1.3.2.2.1.2.2.2.2.4.2.1.2.2.2.2.2.3.2.2",0.421912568175525,FALSE,TRUE,39
"2.2.1.3.2.2.1.2.2.2.2.4.2.1.2.2.2.2.2.2.3.2",0.44567666722746,FALSE,TRUE,39
"2.2.1.3.2.2.1.2.2.2.2.4.2.1.2.2.2.2.2.2.2.3",0.509378705299551,FALSE,TRUE,39
"1.2.1.3.2.2.1.2.2.2.2.4.2.1.2.2.2.2.2.2.2.2",0.52629336591832,FALSE,TRUE,38
"2.1.1.3.2.2.1.2.2.2.2.4.2.1.2.2.2.2.2.2.2.2",0.510383363568978,FALSE,TRUE,38
"2.2.1.3.1.2.1.2.2.2.2.4.2.1.2.2.2.2.2.2.2.2",0.455748096941555,FALSE,TRUE,38
"2.2.1.3.2.1.1.2.2.2.2.4.2.1.2.2.2.2.2.2.2.2",0.543975360266015,FALSE,TRUE,38
"2.2.1.3.2.2.1.1.2.2.2.4.2.1.2.2.2.2.2.2.2.2",0.564918101868637,FALSE,TRUE,38
"2.2.1.3.2.2.1.2.1.2.2.4.2.1.2.2.2.2.2.2.2.2",0.485026037386299,FALSE,TRUE,38
"2.2.1.3.2.2.1.2.2.1.2.4.2.1.2.2.2.2.2.2.2.2",0.516367204325685,FALSE,TRUE,38
"2.2.1.3.2.2.1.2.2.2.1.4.2.1.2.2.2.2.2.2.2.2",0.501349719760637,FALSE,TRUE,38
"2.2.1.3.2.2.1.2.2.2.2.4.1.1.2.2.2.2.2.2.2.2",0.575295660074964,FALSE,TRUE,38
"2.2.1.3.2.2.1.2.2.2.2.4.2.1.1.2.2.2.2.2.2.2",0.517004907323512,FALSE,TRUE,38
"2.2.1.3.2.2.1.2.2.2.2.4.2.1.2.1.2.2.2.2.2.2",0.493438657172997,FALSE,TRUE,37
"2.2.1.3.2.2.1.2.2.2.2.4.2.1.2.2.1.2.2.2.2.2",0.465091108791164,FALSE,TRUE,38
"2.2.1.3.2.2.1.2.2.2.2.4.2.1.2.2.2.1.2.2.2.2",0.454574251898361,FALSE,TRUE,38
"2.2.1.3.2.2.1.2.2.2.2.4.2.1.2.2.2.2.1.2.2.2",0.581742472698766,FALSE,TRUE,38
"2.2.1.3.2.2.1.2.2.2.2.4.2.1.2.2.2.2.2.1.2.2",0.577082924728245,FALSE,TRUE,38
"2.2.1.3.2.2.1.2.2.2.2.4.2.1.2.2.2.2.2.2.1.2",0.597485823652211,FALSE,TRUE,38
"2.2.1.3.2.2.1.2.2.2.2.4.2.1.2.2.2.2.2.2.2.1",0.559261777697783,FALSE,TRUE,38
"3.3.2.2.2.2.3.2.2.2.1.2.1.2.2.2.2.2.2.2.1.2",0.471953206087834,FALSE,TRUE,38
"3.2.3.2.2.2.3.2.2.2.1.2.1.2.2.2.2.2.2.2.1.2",0.552675667102766,FALSE,TRUE,38
"3.2.2.3.2.2.3.2.2.2.1.2.1.2.2.2.2.2.2.2.1.2",0.528494626175451,FALSE,TRUE,38
"3.2.2.2.3.2.3.2.2.2.1.2.1.2.2.2.2.2.2.2.1.2",0.50110242852078,FALSE,TRUE,38
"3.2.2.2.2.3.3.2.2.2.1.2.1.2.2.2.2.2.2.2.1.2",0.546455307684115,FALSE,TRUE,38
"3.2.2.2.2.2.4.2.2.2.1.2.1.2.2.2.2.2.2.2.1.2",0.563663258286829,FALSE,TRUE,38
"3.2.2.2.2.2.3.3.2.2.1.2.1.2.2.2.2.2.2.2.1.2",0.545272962352353,FALSE,TRUE,38
"3.2.2.2.2.2.3.2.3.2.1.2.1.2.2.2.2.2.2.2.1.2",0.514061065988643,FALSE,TRUE,38
"3.2.2.2.2.2.3.2.2.3.1.2.1.2.2.2.2.2.2.2.1.2",0.537305178520191,FALSE,TRUE,38
"3.2.2.2.2.2.3.2.2.2.1.3.1.2.2.2.2.2.2.2.1.2",0.605286141883491,FALSE,TRUE,38
"3.2.2.2.2.2.3.2.2.2.1.2.1.3.2.2.2.2.2.2.1.2",0.443918065710886,FALSE,TRUE,38
"3.2.2.2.2.2.3.2.2.2.1.2.1.2.2.3.2.2.2.2.1.2",0.507908326748984,FALSE,TRUE,36
"3.2.2.2.2.2.3.2.2.2.1.2.1.2.2.2.3.2.2.2.1.2",0.551315198485626,FALSE,TRUE,37
"3.2.2.2.2.2.3.2.2.2.1.2.1.2.2.2.2.3.2.2.1.2",0.52174951634523,FALSE,TRUE,38
"3.2.2.2.2.2.3.2.2.2.1.2.1.2.2.2.2.2.3.2.1.2",0.457692544045021,FALSE,TRUE,38
"3.2.2.2.2.2.3.2.2.2.1.2.1.2.2.2.2.2.2.3.1.2",0.462484142644402,FALSE,TRUE,38
"3.2.2.2.2.2.3.2.2.2.1.2.1.2.2.2.2.2.2.2.2.2",0.509533552504814,FALSE,TRUE,39
"3.2.2.2.2.2.3.2.2.2.1.2.1.2.2.2.2.2.2.2.1.3",0.511669600963463,FALSE,TRUE,38
"2.2.2.2.2.2.3.2.2.2.1.2.1.2.2.2.2.2.2.2.1.2",0.541090310889616,FALSE,TRUE,36
"3.1.2.2.2.2.3.2.2.2.1.2.1.2.2.2.2.2.2.2.1.2",0.584800121970985,FALSE,TRUE,37
"3.2.1.2.2.2.3.2.2.2.1.2.1.2.2.2.2.2.2.2.1.2",0.523310312357694,FALSE,TRUE,37
"3.2.2.1.2.2.3.2.2.2.1.2.1.2.2.2.2.2.2.2.1.2",0.516598245266864,FALSE,TRUE,37
"3.2.2.2.1.2.3.2.2.2.1.2.1.2.2.2.2.2.2.2.1.2",0.552752971148662,FALSE,TRUE,37
"3.2.2.2.2.1.3.2.2.2.1.2.1.2.2.2.2.2.2.2.1.2",0.522792391737615,FALSE,TRUE,37
"3.2.2.2.2.2.2.2.2.2.1.2.1.2.2.2.2.2.2.2.1.2",0.508199284913,FALSE,TRUE,38
"3.2.2.2.2.2.3.1.2.2.1.2.1.2.2.2.2.2.2.2.1.2",0.525645846950022,FALSE,TRUE,37
"3.2.2.2.2.2.3.2.1.2.1.2.1.2.2.2.2.2.2.2.1.2",0.572478502674445,FALSE,TRUE,37
"3.2.2.2.2.2.3.2.2.1.1.2.1.2.2.2.2.2.2.2.1.2",0.544289526722494,FALSE,TRUE,37
"3.2.2.2.2.2.3.2.2.2.1.1.1.2.2.2.2.2.2.2.1.2",0.460034205797308,FALSE,TRUE,37
"3.2.2.2.2.2.3.2.2.2.1.2.1.1.2.2.2.2.2.2.1.2",0.628836282732288,FALSE,TRUE,37
"3.2.2.2.2.2.3.2.2.2.1.2.1.2.1.2.2.2.2.2.1.2",0.523149342088533,FALSE,TRUE,38
"3.2.2.2.2.2.3.2.2.2.1.2.1.2.2.1.2.2.2.2.1.2",0.530140144197183,FALSE,TRUE,37
"3.2.2.2.2.2.3.2.2.2.1.2.1.2.2.2.1.2.2.2.1.2",0.539872221847111,FALSE,TRUE,37
"3.2.2.2.2.2.3.2.2.2.1.2.1.2.2.2.2.1.2.2.1.2",0.49384666344942,FALSE,TRUE,37
"3.2.2.2.2.2.3.2.2.2.1.2.1.2.2.2.2.2.1.2.1.2",0.627404145441275,FALSE,TRUE,37
"3.2.2.2.2.2.3.2.2.2.1.2.1.2.2.2.2.2.2.1.1.2",0.560959391953356,FALSE,TRUE,37
"3.2.2.2.2.2.3.2.2.2.1.2.1.2.2.2.2.2.2.2.1.1",0.586961699123959,FALSE,TRUE,37
"3.2.2.2.2.1.3.2.2.2.2.2.3.2.2.2.2.2.2.2.2.2",0.539047074884987,FALSE,TRUE,40
"2.3.2.2.2.1.3.2.2.2.2.2.3.2.2.2.2.2.2.2.2.2",0.453541880541709,FALSE,TRUE,40
"2.2.3.2.2.1.3.2.2.2.2.2.3.2.2.2.2.2.2.2.2.2",0.42386472561783,FALSE,TRUE,40
"2.2.2.3.2.1.3.2.2.2.2.2.3.2.2.2.2.2.2.2.2.2",0.418813447567471,FALSE,TRUE,40
"2.2.2.2.3.1.3.2.2.2.2.2.3.2.2.2.2.2.2.2.2.2",0.48805652195385,FALSE,TRUE,40
"2.2.2.2.2.1.4.2.2.2.2.2.3.2.2.2.2.2.2.2.2.2",0.426031744109039,FALSE,TRUE,40
"2.2.2.2.2.1.3.3.2.2.2.2.3.2.2.2.2.2.2.2.2.2",0.417192118089436,FALSE,TRUE,40
"2.2.2.2.2.1.3.2.3.2.2.2.3.2.2.2.2.2.2.2.2.2",0.489420554914731,FALSE,TRUE,40
"2.2.2.2.2.1.3.2.2.3.2.2.3.2.2.2.2.2.2.2.2.2",0.486326338430577,FALSE,TRUE,40
"2.2.2.2.2.1.3.2.2.2.3.2.3.2.2.2.2.2.2.2.2.2",0.496850676247796,FALSE,TRUE,40
"2.2.2.2.2.1.3.2.2.2.2.3.3.2.2.2.2.2.2.2.2.2",0.5060246854169,FALSE,TRUE,40
"2.2.2.2.2.1.3.2.2.2.2.2.4.2.2.2.2.2.2.2.2.2",0.507263277817553,FALSE,TRUE,41
"2.2.2.2.2.1.3.2.2.2.2.2.3.3.2.2.2.2.2.2.2.2",0.484038728776264,FALSE,TRUE,40
"2.2.2.2.2.1.3.2.2.2.2.2.3.2.3.2.2.2.2.2.2.2",0.478295014688055,FALSE,TRUE,40
"2.2.2.2.2.1.3.2.2.2.2.2.3.2.2.3.2.2.2.2.2.2",0.52682448376261,FALSE,TRUE,40
"2.2.2.2.2.1.3.2.2.2.2.2.3.2.2.2.3.2.2.2.2.2",0.604146002641629,FALSE,TRUE,40
"2.2.2.2.2.1.3.2.2.2.2.2.3.2.2.2.2.3.2.2.2.2",0.347243573904984,FALSE,TRUE,40
"2.2.2.2.2.1.3.2.2.2.2.2.3.2.2.2.2.2.3.2.2.2",0.424530491238672,FALSE,TRUE,40
"2.2.2.2.2.1.3.2.2.2.2.2.3.2.2.2.2.2.2.3.2.2",0.385154787405417,FALSE,TRUE,40
"2.2.2.2.2.1.3.2.2.2.2.2.3.2.2.2.2.2.2.2.3.2",0.347508522223122,FALSE,TRUE,40
"2.2.2.2.2.1.3.2.2.2.2.2.3.2.2.2.2.2.2.2.2.3",0.529193654667491,FALSE,TRUE,40
"1.2.2.2.2.1.3.2.2.2.2.2.3.2.2.2.2.2.2.2.2.2",0.433258165569898,FALSE,TRUE,39
"2.1.2.2.2.1.3.2.2.2.2.2.3.2.2.2.2.2.2.2.2.2",0.489963305179929,FALSE,TRUE,39
"2.2.1.2.2.1.3.2.2.2.2.2.3.2.2.2.2.2.2.2.2.2",0.535797895927527,FALSE,TRUE,39
"2.2.2.1.2.1.3.2.2.2.2.2.3.2.2.2.2.2.2.2.2.2",0.506855266780184,FALSE,TRUE,39
"2.2.2.2.1.1.3.2.2.2.2.2.3.2.2.2.2.2.2.2.2.2",0.457030456746613,FALSE,TRUE,39
"2.2.2.2.2.1.2.2.2.2.2.2.3.2.2.2.2.2.2.2.2.2",0.52707854050551,FALSE,TRUE,40
"2.2.2.2.2.1.3.1.2.2.2.2.3.2.2.2.2.2.2.2.2.2",0.535715853236392,FALSE,TRUE,39
"2.2.2.2.2.1.3.2.1.2.2.2.3.2.2.2.2.2.2.2.2.2",0.471187296703483,FALSE,TRUE,39
"2.2.2.2.2.1.3.2.2.1.2.2.3.2.2.2.2.2.2.2.2.2",0.474771518447824,FALSE,TRUE,39
"2.2.2.2.2.1.3.2.2.2.1.2.3.2.2.2.2.2.2.2.2.2",0.457586636947001,FALSE,TRUE,39
"2.2.2.2.2.1.3.2.2.2.2.1.3.2.2.2.2.2.2.2.2.2",0.433502958816501,FALSE,TRUE,39
"2.2.2.2.2.1.3.2.2.2.2.2.3.1.2.2.2.2.2.2.2.2",0.468878133665801,FALSE,TRUE,39
"2.2.2.2.2.1.3.2.2.2.2.2.3.2.1.2.2.2.2.2.2.2",0.450765544903356,FALSE,TRUE,39
"2.2.2.2.2.1.3.2.2.2.2.2.3.2.2.1.2.2.2.2.2.2",0.398415458985269,FALSE,TRUE,39
"2.2.2.2.2.1.3.2.2.2.2.2.3.2.2.2.1.2.2.2.2.2",0.374865705491078,FALSE,TRUE,39
"2.2.2.2.2.1.3.2.2.2.2.2.3.2.2.2.2.1.2.2.2.2",0.556502311325583,FALSE,TRUE,39
"2.2.2.2.2.1.3.2.2.2.2.2.3.2.2.2.2.2.1.2.2.2",0.550241663139354,FALSE,TRUE,39
"2.2.2.2.2.1.3.2.2.2.2.2.3.2.2.2.2.2.2.1.2.2",0.509390989049257,FALSE,TRUE,39
"2.2.2.2.2.1.3.2.2.2.2.2.3.2.2.2.2.2.2.2.1.2",0.60695144365208,FALSE,TRUE,39
"2.2.2.2.2.1.3.2.2.2.2.2.3.2.2.2.2.2.2.2.2.1",0.448184771767607,FALSE,TRUE,39
"4.2.2.2.2.2.3.2.2.2.1.2.1.2.3.2.2.2.2.2.1.2",0.495876998019701,FALSE,TRUE,38
"3.3.2.2.2.2.3.2.2.2.1.2.1.2.3.2.2.2.2.2.1.2",0.456520667565304,FALSE,TRUE,39
"3.2.3.2.2.2.3.2.2.2.1.2.1.2.3.2.2.2.2.2.1.2",0.537155371207452,FALSE,TRUE,39
"3.2.2.3.2.2.3.2.2.2.1.2.1.2.3.2.2.2.2.2.1.2",0.490689895957432,FALSE,TRUE,39
"3.2.2.2.3.2.3.2.2.2.1.2.1.2.3.2.2.2.2.2.1.2",0.437188546611069,FALSE,TRUE,39
"3.2.2.2.2.3.3.2.2.2.1.2.1.2.3.2.2.2.2.2.1.2",0.520957617486654,FALSE,TRUE,39
"3.2.2.2.2.2.4.2.2.2.1.2.1.2.3.2.2.2.2.2.1.2",0.531089176708772,FALSE,TRUE,39
"3.2.2.2.2.2.3.3.2.2.1.2.1.2.3.2.2.2.2.2.1.2",0.478413436227918,FALSE,TRUE,39
"3.2.2.2.2.2.3.2.3.2.1.2.1.2.3.2.2.2.2.2.1.2",0.470416604665466,FALSE,TRUE,39
"3.2.2.2.2.2.3.2.2.3.1.2.1.2.3.2.2.2.2.2.1.2",0.501957435195683,FALSE,TRUE,39
"3.2.2.2.2.2.3.2.2.2.2.2.1.2.3.2.2.2.2.2.1.2",0.524255720970766,FALSE,TRUE,39
"3.2.2.2.2.2.3.2.2.2.1.3.1.2.3.2.2.2.2.2.1.2",0.538639911643436,FALSE,TRUE,39
"3.2.2.2.2.2.3.2.2.2.1.2.1.3.3.2.2.2.2.2.1.2",0.375879918619191,FALSE,TRUE,39
"3.2.2.2.2.2.3.2.2.2.1.2.1.2.4.2.2.2.2.2.1.2",0.380835411205377,FALSE,TRUE,40
"3.2.2.2.2.2.3.2.2.2.1.2.1.2.3.3.2.2.2.2.1.2",0.417363175836775,FALSE,TRUE,39
"3.2.2.2.2.2.3.2.2.2.1.2.1.2.3.2.3.2.2.2.1.2",0.491376612022215,FALSE,TRUE,39
"3.2.2.2.2.2.3.2.2.2.1.2.1.2.3.2.2.3.2.2.1.2",0.422258260711234,FALSE,TRUE,39
"3.2.2.2.2.2.3.2.2.2.1.2.1.2.3.2.2.2.3.2.1.2",0.407533392686987,FALSE,TRUE,39
"3.2.2.2.2.2.3.2.2.2.1.2.1.2.3.2.2.2.2.3.1.2",0.426221495154755,FALSE,TRUE,39
"3.2.2.2.2.2.3.2.2.2.1.2.1.2.3.2.2.2.2.2.2.2",0.478597097826586,FALSE,TRUE,40
"3.2.2.2.2.2.3.2.2.2.1.2.1.2.3.2.2.2.2.2.1.3",0.448237098889425,FALSE,TRUE,39
"2.2.2.2.2.2.3.2.2.2.1.2.1.2.3.2.2.2.2.2.1.2",0.476176157388362,FALSE,TRUE,39
"3.1.2.2.2.2.3.2.2.2.1.2.1.2.3.2.2.2.2.2.1.2",0.494934651514116,FALSE,TRUE,38
"3.2.1.2.2.2.3.2.2.2.1.2.1.2.3.2.2.2.2.2.1.2",0.439512643980909,FALSE,TRUE,38
"3.2.2.1.2.2.3.2.2.2.1.2.1.2.3.2.2.2.2.2.1.2",0.446058323605044,FALSE,TRUE,38
"3.2.2.2.1.2.3.2.2.2.1.2.1.2.3.2.2.2.2.2.1.2",0.509133532213074,FALSE,TRUE,38
"3.2.2.2.2.1.3.2.2.2.1.2.1.2.3.2.2.2.2.2.1.2",0.446321832631083,FALSE,TRUE,38
"3.2.2.2.2.2.2.2.2.2.1.2.1.2.3.2.2.2.2.2.1.2",0.439251483855825,FALSE,TRUE,39
"3.2.2.2.2.2.3.1.2.2.1.2.1.2.3.2.2.2.2.2.1.2",0.48552412033416,FALSE,TRUE,38
"3.2.2.2.2.2.3.2.1.2.1.2.1.2.3.2.2.2.2.2.1.2",0.504750543582173,FALSE,TRUE,38
"3.2.2.2.2.2.3.2.2.1.1.2.1.2.3.2.2.2.2.2.1.2",0.473352890542217,FALSE,TRUE,38
"3.2.2.2.2.2.3.2.2.2.1.1.1.2.3.2.2.2.2.2.1.2",0.414494671527206,FALSE,TRUE,38
"3.2.2.2.2.2.3.2.2.2.1.2.1.1.3.2.2.2.2.2.1.2",0.593155170753097,FALSE,TRUE,38
"3.2.2.2.2.2.3.2.2.2.1.2.1.2.3.1.2.2.2.2.1.2",0.521420398391661,FALSE,TRUE,38
"3.2.2.2.2.2.3.2.2.2.1.2.1.2.3.2.1.2.2.2.1.2",0.491567421297169,FALSE,TRUE,38
"3.2.2.2.2.2.3.2.2.2.1.2.1.2.3.2.2.1.2.2.1.2",0.486249744543757,FALSE,TRUE,38
"3.2.2.2.2.2.3.2.2.2.1.2.1.2.3.2.2.2.1.2.1.2",0.572574940723545,FALSE,TRUE,38
"3.2.2.2.2.2.3.2.2.2.1.2.1.2.3.2.2.2.2.1.1.2",0.487886352841911,FALSE,TRUE,38
"3.2.2.2.2.2.3.2.2.2.1.2.1.2.3.2.2.2.2.2.1.1",0.543432717531017,FALSE,TRUE,38
"2.3.1.2.2.2.3.2.2.2.2.2.2.2.2.2.2.2.2.2.1.2",0.502369756167661,FALSE,TRUE,39
"2.2.1.2.3.2.3.2.2.2.2.2.2.2.2.2.2.2.2.2.1.2",0.555510643843847,FALSE,TRUE,40
"2.2.1.2.2.3.3.2.2.2.2.2.2.2.2.2.2.2.2.2.1.2",0.543631269071159,FALSE,TRUE,40
"2.2.1.2.2.2.4.2.2.2.2.2.2.2.2.2.2.2.2.2.1.2",0.539537159136629,FALSE,TRUE,39
"2.2.1.2.2.2.3.3.2.2.2.2.2.2.2.2.2.2.2.2.1.2",0.515194293697982,FALSE,TRUE,40
"2.2.1.2.2.2.3.2.3.2.2.2.2.2.2.2.2.2.2.2.1.2",0.549849312574941,FALSE,TRUE,40
"2.2.1.2.2.2.3.2.2.3.2.2.2.2.2.2.2.2.2.2.1.2",0.539572104464249,FALSE,TRUE,40
"2.2.1.2.2.2.3.2.2.2.3.2.2.2.2.2.2.2.2.2.1.2",0.61364837622253,FALSE,TRUE,40
"2.2.1.2.2.2.3.2.2.2.2.3.2.2.2.2.2.2.2.2.1.2",0.61327785677586,FALSE,TRUE,40
"2.2.1.2.2.2.3.2.2.2.2.2.3.2.2.2.2.2.2.2.1.2",0.604586530762021,FALSE,TRUE,39
"2.2.1.2.2.2.3.2.2.2.2.2.2.3.2.2.2.2.2.2.1.2",0.503192732045061,FALSE,TRUE,40
"2.2.1.2.2.2.3.2.2.2.2.2.2.2.3.2.2.2.2.2.1.2",0.520169842705039,FALSE,TRUE,40
"2.2.1.2.2.2.3.2.2.2.2.2.2.2.2.2.3.2.2.2.1.2",0.671452397943053,FALSE,TRUE,39
"2.2.1.2.2.2.3.2.2.2.2.2.2.2.2.2.2.3.2.2.1.2",0.487159087604789,FALSE,TRUE,40
"2.2.1.2.2.2.3.2.2.2.2.2.2.2.2.2.2.2.3.2.1.2",0.486650292860389,FALSE,TRUE,40
"2.2.1.2.2.2.3.2.2.2.2.2.2.2.2.2.2.2.2.3.1.2",0.491297113568351,FALSE,TRUE,40
"2.2.1.2.2.2.3.2.2.2.2.2.2.2.2.2.2.2.2.2.1.3",0.60490120450593,FALSE,TRUE,39
"1.2.1.2.2.2.3.2.2.2.2.2.2.2.2.2.2.2.2.2.1.2",0.57301450437408,FALSE,TRUE,39
"2.1.1.2.2.2.3.2.2.2.2.2.2.2.2.2.2.2.2.2.1.2",0.607013390157597,FALSE,TRUE,39
"2.2.1.1.2.2.3.2.2.2.2.2.2.2.2.2.2.2.2.2.1.2",0.570786918219946,FALSE,TRUE,39
"2.2.1.2.1.2.3.2.2.2.2.2.2.2.2.2.2.2.2.2.1.2",0.564444832517249,FALSE,TRUE,39
"2.2.1.2.2.1.3.2.2.2.2.2.2.2.2.2.2.2.2.2.1.2",0.58656694531341,FALSE,TRUE,38
"2.2.1.2.2.2.2.2.2.2.2.2.2.2.2.2.2.2.2.2.1.2",0.585631729381663,FALSE,TRUE,38
"2.2.1.2.2.2.3.1.2.2.2.2.2.2.2.2.2.2.2.2.1.2",0.615626683061863,FALSE,TRUE,39
"2.2.1.2.2.2.3.2.1.2.2.2.2.2.2.2.2.2.2.2.1.2",0.59505592826367,FALSE,TRUE,39
"2.2.1.2.2.2.3.2.2.1.2.2.2.2.2.2.2.2.2.2.1.2",0.600194305328596,FALSE,TRUE,39
"2.2.1.2.2.2.3.2.2.2.1.2.2.2.2.2.2.2.2.2.1.2",0.525059730015396,FALSE,TRUE,38
"2.2.1.2.2.2.3.2.2.2.2.1.2.2.2.2.2.2.2.2.1.2",0.509755364025196,FALSE,TRUE,39
"2.2.1.2.2.2.3.2.2.2.2.2.1.2.2.2.2.2.2.2.1.2",0.558334977167607,FALSE,TRUE,38
"2.2.1.2.2.2.3.2.2.2.2.2.2.1.2.2.2.2.2.2.1.2",0.630063842108173,FALSE,TRUE,39
"2.2.1.2.2.2.3.2.2.2.2.2.2.2.1.2.2.2.2.2.1.2",0.560311214088726,FALSE,TRUE,39
"2.2.1.2.2.2.3.2.2.2.2.2.2.2.2.1.2.2.2.2.1.2",0.549423197098953,FALSE,TRUE,39
"2.2.1.2.2.2.3.2.2.2.2.2.2.2.2.2.1.2.2.2.1.2",0.488885798728756,FALSE,TRUE,39
"2.2.1.2.2.2.3.2.2.2.2.2.2.2.2.2.2.1.2.2.1.2",0.592119954362494,FALSE,TRUE,39
"2.2.1.2.2.2.3.2.2.2.2.2.2.2.2.2.2.2.1.2.1.2",0.657644541725866,FALSE,TRUE,39
"2.2.1.2.2.2.3.2.2.2.2.2.2.2.2.2.2.2.2.1.1.2",0.587985030520367,FALSE,TRUE,39
"2.2.1.2.2.2.3.2.2.2.2.2.2.2.2.2.2.2.2.2.1.1",0.554886073182429,FALSE,TRUE,39
"3.2.2.2.2.2.3.2.2.2.2.1.2.2.2.3.2.2.2.2.1.3",0.491473822141634,FALSE,TRUE,40
"2.3.2.2.2.2.3.2.2.2.2.1.2.2.2.3.2.2.2.2.1.3",0.474300450767399,FALSE,TRUE,40
"2.2.3.2.2.2.3.2.2.2.2.1.2.2.2.3.2.2.2.2.1.3",0.488395316029267,FALSE,TRUE,40
"2.2.2.3.2.2.3.2.2.2.2.1.2.2.2.3.2.2.2.2.1.3",0.498203833826612,FALSE,TRUE,40
"2.2.2.2.3.2.3.2.2.2.2.1.2.2.2.3.2.2.2.2.1.3",0.472298409413889,FALSE,TRUE,40
"2.2.2.2.2.3.3.2.2.2.2.1.2.2.2.3.2.2.2.2.1.3",0.485543424869068,FALSE,TRUE,40
"2.2.2.2.2.2.4.2.2.2.2.1.2.2.2.3.2.2.2.2.1.3",0.512528386012085,FALSE,TRUE,40
"2.2.2.2.2.2.3.3.2.2.2.1.2.2.2.3.2.2.2.2.1.3",0.450207516431156,FALSE,TRUE,40
"2.2.2.2.2.2.3.2.3.2.2.1.2.2.2.3.2.2.2.2.1.3",0.469195896939399,FALSE,TRUE,40
"2.2.2.2.2.2.3.2.2.3.2.1.2.2.2.3.2.2.2.2.1.3",0.459702946706224,FALSE,TRUE,40
"2.2.2.2.2.2.3.2.2.2.3.1.2.2.2.3.2.2.2.2.1.3",0.571633753048013,FALSE,TRUE,40
"2.2.2.2.2.2.3.2.2.2.2.1.3.2.2.3.2.2.2.2.1.3",0.56561851246646,FALSE,TRUE,40
"2.2.2.2.2.2.3.2.2.2.2.1.2.3.2.3.2.2.2.2.1.3",0.414945350566587,FALSE,TRUE,39
"2.2.2.2.2.2.3.2.2.2.2.1.2.2.3.3.2.2.2.2.1.3",0.450948865992283,FALSE,TRUE,40
"2.2.2.2.2.2.3.2.2.2.2.1.2.2.2.4.2.2.2.2.1.3",0.472317533501881,FALSE,TRUE,40
"2.2.2.2.2.2.3.2.2.2.2.1.2.2.2.3.3.2.2.2.1.3",0.602731362537229,FALSE,TRUE,40
"2.2.2.2.2.2.3.2.2.2.2.1.2.2.2.3.2.3.2.2.1.3",0.421530769907342,FALSE,TRUE,40
"2.2.2.2.2.2.3.2.2.2.2.1.2.2.2.3.2.2.3.2.1.3",0.416584122258992,FALSE,TRUE,40
"2.2.2.2.2.2.3.2.2.2.2.1.2.2.2.3.2.2.2.3.1.3",0.453950945051457,FALSE,TRUE,40
"2.2.2.2.2.2.3.2.2.2.2.1.2.2.2.3.2.2.2.2.1.4",0.534618752517796,FALSE,TRUE,40
"1.2.2.2.2.2.3.2.2.2.2.1.2.2.2.3.2.2.2.2.1.3",0.517140088699519,FALSE,TRUE,39
"2.1.2.2.2.2.3.2.2.2.2.1.2.2.2.3.2.2.2.2.1.3",0.506506855372746,FALSE,TRUE,39
"2.2.1.2.2.2.3.2.2.2.2.1.2.2.2.3.2.2.2.2.1.3",0.515613357685821,FALSE,TRUE,39
"2.2.2.1.2.2.3.2.2.2.2.1.2.2.2.3.2.2.2.2.1.3",0.481352899914381,FALSE,TRUE,39
"2.2.2.2.1.2.3.2.2.2.2.1.2.2.2.3.2.2.2.2.1.3",0.511193251947514,FALSE,TRUE,39
"2.2.2.2.2.1.3.2.2.2.2.1.2.2.2.3.2.2.2.2.1.3",0.515601026343199,FALSE,TRUE,39
"2.2.2.2.2.2.2.2.2.2.2.1.2.2.2.3.2.2.2.2.1.3",0.48398065822347,FALSE,TRUE,40
"2.2.2.2.2.2.3.1.2.2.2.1.2.2.2.3.2.2.2.2.1.3",0.554359096128437,FALSE,TRUE,39
"2.2.2.2.2.2.3.2.1.2.2.1.2.2.2.3.2.2.2.2.1.3",0.544812888902831,FALSE,TRUE,39
"2.2.2.2.2.2.3.2.2.1.2.1.2.2.2.3.2.2.2.2.1.3",0.551677403735964,FALSE,TRUE,39
"2.2.2.2.2.2.3.2.2.2.1.1.2.2.2.3.2.2.2.2.1.3",0.432760777967144,FALSE,TRUE,39
"2.2.2.2.2.2.3.2.2.2.2.1.1.2.2.3.2.2.2.2.1.3",0.458078190294544,FALSE,TRUE,37
"2.2.2.2.2.2.3.2.2.2.2.1.2.1.2.3.2.2.2.2.1.3",0.589749785381752,FALSE,TRUE,39
"2.2.2.2.2.2.3.2.2.2.2.1.2.2.1.3.2.2.2.2.1.3",0.4975273323906,FALSE,TRUE,39
"2.2.2.2.2.2.3.2.2.2.2.1.2.2.2.2.2.2.2.2.1.3",0.506924063806213,FALSE,TRUE,38
"2.2.2.2.2.2.3.2.2.2.2.1.2.2.2.3.1.2.2.2.1.3",0.417479297448739,FALSE,TRUE,39
"2.2.2.2.2.2.3.2.2.2.2.1.2.2.2.3.2.1.2.2.1.3",0.53483300530122,FALSE,TRUE,39
"2.2.2.2.2.2.3.2.2.2.2.1.2.2.2.3.2.2.1.2.1.3",0.597512001129224,FALSE,TRUE,39
"2.2.2.2.2.2.3.2.2.2.2.1.2.2.2.3.2.2.2.1.1.3",0.506278478169105,FALSE,TRUE,39
"3.2.2.2.2.2.3.2.2.2.2.2.1.2.2.3.2.2.2.2.1.2",0.514349693503695,FALSE,TRUE,38
"2.3.2.2.2.2.3.2.2.2.2.2.1.2.2.3.2.2.2.2.1.2",0.460811649468357,FALSE,TRUE,40
"2.2.3.2.2.2.3.2.2.2.2.2.1.2.2.3.2.2.2.2.1.2",0.53120672100292,FALSE,TRUE,40
"2.2.2.3.2.2.3.2.2.2.2.2.1.2.2.3.2.2.2.2.1.2",0.549525891942695,FALSE,TRUE,39
"2.2.2.2.3.2.3.2.2.2.2.2.1.2.2.3.2.2.2.2.1.2",0.506150441099139,FALSE,TRUE,40
"2.2.2.2.2.3.3.2.2.2.2.2.1.2.2.3.2.2.2.2.1.2",0.558148902648329,FALSE,TRUE,40
"2.2.2.2.2.2.4.2.2.2.2.2.1.2.2.3.2.2.2.2.1.2",0.532371266538354,FALSE,TRUE,40
"2.2.2.2.2.2.3.3.2.2.2.2.1.2.2.3.2.2.2.2.1.2",0.486283732114315,FALSE,TRUE,40
"2.2.2.2.2.2.3.2.3.2.2.2.1.2.2.3.2.2.2.2.1.2",0.508728227779234,FALSE,TRUE,40
"2.2.2.2.2.2.3.2.2.3.2.2.1.2.2.3.2.2.2.2.1.2",0.527204511591784,FALSE,TRUE,40
"2.2.2.2.2.2.3.2.2.2.3.2.1.2.2.3.2.2.2.2.1.2",0.523740537248046,FALSE,TRUE,40
"2.2.2.2.2.2.3.2.2.2.2.3.1.2.2.3.2.2.2.2.1.2",0.568167484243834,FALSE,TRUE,40
"2.2.2.2.2.2.3.2.2.2.2.2.1.3.2.3.2.2.2.2.1.2",0.432273795733228,FALSE,TRUE,40
"2.2.2.2.2.2.3.2.2.2.2.2.1.2.3.3.2.2.2.2.1.2",0.463534439270315,FALSE,TRUE,40
"2.2.2.2.2.2.3.2.2.2.2.2.1.2.2.4.2.2.2.2.1.2",0.483670929311849,FALSE,TRUE,40
"2.2.2.2.2.2.3.2.2.2.2.2.1.2.2.3.3.2.2.2.1.2",0.551352788129116,FALSE,TRUE,40
"2.2.2.2.2.2.3.2.2.2.2.2.1.2.2.3.2.3.2.2.1.2",0.469426535991411,FALSE,TRUE,40
"2.2.2.2.2.2.3.2.2.2.2.2.1.2.2.3.2.2.3.2.1.2",0.460204342414982,FALSE,TRUE,40
"2.2.2.2.2.2.3.2.2.2.2.2.1.2.2.3.2.2.2.3.1.2",0.418081152861047,FALSE,TRUE,40
"2.2.2.2.2.2.3.2.2.2.2.2.1.2.2.3.2.2.2.2.2.2",0.471378231388998,FALSE,TRUE,38
"2.2.2.2.2.2.3.2.2.2.2.2.1.2.2.3.2.2.2.2.1.3",0.515784948717656,FALSE,TRUE,38
"1.2.2.2.2.2.3.2.2.2.2.2.1.2.2.3.2.2.2.2.1.2",0.534691692687142,FALSE,TRUE,39
"2.1.2.2.2.2.3.2.2.2.2.2.1.2.2.3.2.2.2.2.1.2",0.568341017937426,FALSE,TRUE,39
"2.2.1.2.2.2.3.2.2.2.2.2.1.2.2.3.2.2.2.2.1.2",0.51310946474567,FALSE,TRUE,38
"2.2.2.1.2.2.3.2.2.2.2.2.1.2.2.3.2.2.2.2.1.2",0.467060929988619,FALSE,TRUE,39
"2.2.2.2.1.2.3.2.2.2.2.2.1.2.2.3.2.2.2.2.1.2",0.518988754363867,FALSE,TRUE,39
"2.2.2.2.2.1.3.2.2.2.2.2.1.2.2.3.2.2.2.2.1.2",0.483278651471206,FALSE,TRUE,39
"2.2.2.2.2.2.2.2.2.2.2.2.1.2.2.3.2.2.2.2.1.2",0.507867782968542,FALSE,TRUE,38
"2.2.2.2.2.2.3.1.2.2.2.2.1.2.2.3.2.2.2.2.1.2",0.555505045463582,FALSE,TRUE,39
"2.2.2.2.2.2.3.2.1.2.2.2.1.2.2.3.2.2.2.2.1.2",0.546838046212741,FALSE,TRUE,39
"2.2.2.2.2.2.3.2.2.1.2.2.1.2.2.3.2.2.2.2.1.2",0.523914393786613,FALSE,TRUE,39
"2.2.2.2.2.2.3.2.2.2.1.2.1.2.2.3.2.2.2.2.1.2",0.527552371668714,FALSE,TRUE,37
"2.2.2.2.2.2.3.2.2.2.2.1.1.2.2.3.2.2.2.2.1.2",0.467313303104714,FALSE,TRUE,38
"2.2.2.2.2.2.3.2.2.2.2.2.1.1.2.3.2.2.2.2.1.2",0.611265940497814,FALSE,TRUE,39
"2.2.2.2.2.2.3.2.2.2.2.2.1.2.1.3.2.2.2.2.1.2",0.524039840345223,FALSE,TRUE,39
"2.2.2.2.2.2.3.2.2.2.2.2.1.2.2.3.1.2.2.2.1.2",0.516450135274005,FALSE,TRUE,39
"2.2.2.2.2.2.3.2.2.2.2.2.1.2.2.3.2.1.2.2.1.2",0.521949752435433,FALSE,TRUE,39
"2.2.2.2.2.2.3.2.2.2.2.2.1.2.2.3.2.2.1.2.1.2",0.594684216630853,FALSE,TRUE,39
"2.2.2.2.2.2.3.2.2.2.2.2.1.2.2.3.2.2.2.1.1.2",0.576019825843043,FALSE,TRUE,39
"2.2.2.2.2.2.3.2.2.2.2.2.1.2.2.3.2.2.2.2.1.1",0.560405110012021,FALSE,TRUE,39
"3.2.2.2.2.1.3.2.2.2.2.2.2.2.2.2.2.2.2.2.2.2",0.507549102696063,FALSE,TRUE,39
"2.3.2.2.2.1.3.2.2.2.2.2.2.2.2.2.2.2.2.2.2.2",0.409863239036737,FALSE,TRUE,39
"2.2.3.2.2.1.3.2.2.2.2.2.2.2.2.2.2.2.2.2.2.2",0.4087333616088,FALSE,TRUE,40
"2.2.2.3.2.1.3.2.2.2.2.2.2.2.2.2.2.2.2.2.2.2",0.42694911395452,FALSE,TRUE,39
"2.2.2.2.3.1.3.2.2.2.2.2.2.2.2.2.2.2.2.2.2.2",0.459121505867043,FALSE,TRUE,39
"2.2.2.2.2.1.3.3.2.2.2.2.2.2.2.2.2.2.2.2.2.2",0.393009267539937,FALSE,TRUE,40
"2.2.2.2.2.1.3.2.3.2.2.2.2.2.2.2.2.2.2.2.2.2",0.462283944129885,FALSE,TRUE,40
"2.2.2.2.2.1.3.2.2.3.2.2.2.2.2.2.2.2.2.2.2.2",0.476293296001583,FALSE,TRUE,40
"2.2.2.2.2.1.3.2.2.2.3.2.2.2.2.2.2.2.2.2.2.2",0.447629371751003,FALSE,TRUE,40
"2.2.2.2.2.1.3.2.2.2.2.3.2.2.2.2.2.2.2.2.2.2",0.484762047785673,FALSE,TRUE,38
"2.2.2.2.2.1.3.2.2.2.2.2.2.3.2.2.2.2.2.2.2.2",0.433687847043335,FALSE,TRUE,40
"2.2.2.2.2.1.3.2.2.2.2.2.2.2.3.2.2.2.2.2.2.2",0.436444909190131,FALSE,TRUE,40
"2.2.2.2.2.1.3.2.2.2.2.2.2.2.2.3.2.2.2.2.2.2",0.477648559760441,FALSE,TRUE,38
"2.2.2.2.2.1.3.2.2.2.2.2.2.2.2.2.3.2.2.2.2.2",0.550358047339247,FALSE,TRUE,40
"2.2.2.2.2.1.3.2.2.2.2.2.2.2.2.2.2.3.2.2.2.2",0.330511507107804,FALSE,TRUE,40
"2.2.2.2.2.1.3.2.2.2.2.2.2.2.2.2.2.2.3.2.2.2",0.395176119719002,FALSE,TRUE,40
"2.2.2.2.2.1.3.2.2.2.2.2.2.2.2.2.2.2.2.3.2.2",0.328244904530582,FALSE,TRUE,40
"2.2.2.2.2.1.3.2.2.2.2.2.2.2.2.2.2.2.2.2.3.2",0.33259550491893,FALSE,TRUE,39
"1.2.2.2.2.1.3.2.2.2.2.2.2.2.2.2.2.2.2.2.2.2",0.40902026978088,FALSE,TRUE,39
"2.1.2.2.2.1.3.2.2.2.2.2.2.2.2.2.2.2.2.2.2.2",0.483392884369164,FALSE,TRUE,39
"2.2.1.2.2.1.3.2.2.2.2.2.2.2.2.2.2.2.2.2.2.2",0.497368506544673,FALSE,TRUE,38
"2.2.2.1.2.1.3.2.2.2.2.2.2.2.2.2.2.2.2.2.2.2",0.444866049603354,FALSE,TRUE,39
"2.2.2.2.1.1.3.2.2.2.2.2.2.2.2.2.2.2.2.2.2.2",0.426944314380147,FALSE,TRUE,39
"2.2.2.2.2.1.3.1.2.2.2.2.2.2.2.2.2.2.2.2.2.2",0.508669861215108,FALSE,TRUE,39
"2.2.2.2.2.1.3.2.1.2.2.2.2.2.2.2.2.2.2.2.2.2",0.447221152526799,FALSE,TRUE,39
"2.2.2.2.2.1.3.2.2.1.2.2.2.2.2.2.2.2.2.2.2.2",0.433750432997019,FALSE,TRUE,39
"2.2.2.2.2.1.3.2.2.2.1.2.2.2.2.2.2.2.2.2.2.2",0.459222758974924,FALSE,TRUE,39
"2.2.2.2.2.1.3.2.2.2.2.1.2.2.2.2.2.2.2.2.2.2",0.402964237823792,FALSE,TRUE,39
"2.2.2.2.2.1.3.2.2.2.2.2.1.2.2.2.2.2.2.2.2.2",0.443276890438909,FALSE,TRUE,39
"2.2.2.2.2.1.3.2.2.2.2.2.2.1.2.2.2.2.2.2.2.2",0.466402348366327,FALSE,TRUE,39
"2.2.2.2.2.1.3.2.2.2.2.2.2.2.1.2.2.2.2.2.2.2",0.426734038400538,FALSE,TRUE,39
"2.2.2.2.2.1.3.2.2.2.2.2.2.2.2.1.2.2.2.2.2.2",0.390495102467412,FALSE,TRUE,39
"2.2.2.2.2.1.3.2.2.2.2.2.2.2.2.2.1.2.2.2.2.2",0.377536515938451,FALSE,TRUE,38
"2.2.2.2.2.1.3.2.2.2.2.2.2.2.2.2.2.1.2.2.2.2",0.524331663196062,FALSE,TRUE,39
"2.2.2.2.2.1.3.2.2.2.2.2.2.2.2.2.2.2.1.2.2.2",0.524208204144659,FALSE,TRUE,39
"2.2.2.2.2.1.3.2.2.2.2.2.2.2.2.2.2.2.2.1.2.2",0.517758606361971,FALSE,TRUE,39
"2.2.2.2.2.1.3.2.2.2.2.2.2.2.2.2.2.2.2.2.2.1",0.444714106968759,FALSE,TRUE,39
"3.3.2.2.2.2.1.2.2.2.2.1.2.2.2.2.2.2.2.2.2.2",0.358466702580575,FALSE,TRUE,40
"2.4.2.2.2.2.1.2.2.2.2.1.2.2.2.2.2.2.2.2.2.2",0.299612307089809,FALSE,TRUE,40
"2.3.3.2.2.2.1.2.2.2.2.1.2.2.2.2.2.2.2.2.2.2",0.264498152037509,FALSE,TRUE,40
"2.3.2.3.2.2.1.2.2.2.2.1.2.2.2.2.2.2.2.2.2.2",0.301540841722463,FALSE,TRUE,40
"2.3.2.2.3.2.1.2.2.2.2.1.2.2.2.2.2.2.2.2.2.2",0.292501518434294,FALSE,TRUE,40
"2.3.2.2.2.3.1.2.2.2.2.1.2.2.2.2.2.2.2.2.2.2",0.257090012939382,FALSE,TRUE,40
"2.3.2.2.2.2.1.3.2.2.2.1.2.2.2.2.2.2.2.2.2.2",0.330321540482749,FALSE,TRUE,40
"2.3.2.2.2.2.1.2.3.2.2.1.2.2.2.2.2.2.2.2.2.2",0.290251186186916,FALSE,TRUE,40
"2.3.2.2.2.2.1.2.2.3.2.1.2.2.2.2.2.2.2.2.2.2",0.29710574320605,FALSE,TRUE,40
"2.3.2.2.2.2.1.2.2.2.3.1.2.2.2.2.2.2.2.2.2.2",0.378010486323752,FALSE,TRUE,40
"2.3.2.2.2.2.1.2.2.2.2.1.3.2.2.2.2.2.2.2.2.2",0.367156696079115,FALSE,TRUE,40
"2.3.2.2.2.2.1.2.2.2.2.1.2.3.2.2.2.2.2.2.2.2",0.273498183960012,FALSE,TRUE,40
"2.3.2.2.2.2.1.2.2.2.2.1.2.2.3.2.2.2.2.2.2.2",0.34500015711949,FALSE,TRUE,40
"2.3.2.2.2.2.1.2.2.2.2.1.2.2.2.3.2.2.2.2.2.2",0.369993965662779,FALSE,TRUE,40
"2.3.2.2.2.2.1.2.2.2.2.1.2.2.2.2.3.2.2.2.2.2",0.451203707725239,FALSE,TRUE,40
"2.3.2.2.2.2.1.2.2.2.2.1.2.2.2.2.2.3.2.2.2.2",0.274278613341148,FALSE,TRUE,40
"2.3.2.2.2.2.1.2.2.2.2.1.2.2.2.2.2.2.3.2.2.2",0.224813250627806,FALSE,TRUE,40
"2.3.2.2.2.2.1.2.2.2.2.1.2.2.2.2.2.2.2.3.2.2",0.281892975249447,FALSE,TRUE,40
"2.3.2.2.2.2.1.2.2.2.2.1.2.2.2.2.2.2.2.2.3.2",0.236059187299715,FALSE,TRUE,40
"2.3.2.2.2.2.1.2.2.2.2.1.2.2.2.2.2.2.2.2.2.3",0.392572594293243,FALSE,TRUE,40
"1.3.2.2.2.2.1.2.2.2.2.1.2.2.2.2.2.2.2.2.2.2",0.307575415629149,FALSE,TRUE,39
"2.2.2.2.2.2.1.2.2.2.2.1.2.2.2.2.2.2.2.2.2.2",0.359805096520918,FALSE,TRUE,39
"2.3.1.2.2.2.1.2.2.2.2.1.2.2.2.2.2.2.2.2.2.2",0.388168752306056,FALSE,TRUE,39
"2.3.2.1.2.2.1.2.2.2.2.1.2.2.2.2.2.2.2.2.2.2",0.339339109264579,FALSE,TRUE,39
"2.3.2.2.1.2.1.2.2.2.2.1.2.2.2.2.2.2.2.2.2.2",0.362545868338132,FALSE,TRUE,39
"2.3.2.2.2.1.1.2.2.2.2.1.2.2.2.2.2.2.2.2.2.2",0.395666124037063,FALSE,TRUE,39
"2.3.2.2.2.2.1.1.2.2.2.1.2.2.2.2.2.2.2.2.2.2",0.331443068654473,FALSE,TRUE,38
"2.3.2.2.2.2.1.2.1.2.2.1.2.2.2.2.2.2.2.2.2.2",0.380229627473531,FALSE,TRUE,39
"2.3.2.2.2.2.1.2.2.1.2.1.2.2.2.2.2.2.2.2.2.2",0.366241339456034,FALSE,TRUE,39
"2.3.2.2.2.2.1.2.2.2.1.1.2.2.2.2.2.2.2.2.2.2",0.280202017421331,FALSE,TRUE,39
"2.3.2.2.2.2.1.2.2.2.2.1.1.2.2.2.2.2.2.2.2.2",0.322110121268808,FALSE,TRUE,39
"2.3.2.2.2.2.1.2.2.2.2.1.2.1.2.2.2.2.2.2.2.2",0.378942978868056,FALSE,TRUE,38
"2.3.2.2.2.2.1.2.2.2.2.1.2.2.1.2.2.2.2.2.2.2",0.275826834052891,FALSE,TRUE,39
"2.3.2.2.2.2.1.2.2.2.2.1.2.2.2.1.2.2.2.2.2.2",0.257187585010849,FALSE,TRUE,39
"2.3.2.2.2.2.1.2.2.2.2.1.2.2.2.2.1.2.2.2.2.2",0.23085848753775,FALSE,TRUE,39
"2.3.2.2.2.2.1.2.2.2.2.1.2.2.2.2.2.1.2.2.2.2",0.356846554949134,FALSE,TRUE,39
"2.3.2.2.2.2.1.2.2.2.2.1.2.2.2.2.2.2.1.2.2.2",0.444703959088114,FALSE,TRUE,39
"2.3.2.2.2.2.1.2.2.2.2.1.2.2.2.2.2.2.2.1.2.2",0.345002623210593,FALSE,TRUE,39
"2.3.2.2.2.2.1.2.2.2.2.1.2.2.2.2.2.2.2.2.1.2",0.42514193403237,FALSE,TRUE,38
"2.3.2.2.2.2.1.2.2.2.2.1.2.2.2.2.2.2.2.2.2.1",0.293617527431617,FALSE,TRUE,39
"3.2.2.2.2.2.2.2.2.2.2.2.1.2.2.2.2.2.2.2.2.2",0.482253732374074,FALSE,TRUE,41
"2.2.3.2.2.2.2.2.2.2.2.2.1.2.2.2.2.2.2.2.2.2",0.396672457420129,FALSE,TRUE,41
"2.2.2.3.2.2.2.2.2.2.2.2.1.2.2.2.2.2.2.2.2.2",0.440582038428879,FALSE,TRUE,41
"2.2.2.2.2.3.2.2.2.2.2.2.1.2.2.2.2.2.2.2.2.2",0.429371000868487,FALSE,TRUE,41
"2.2.2.2.2.2.2.3.2.2.2.2.1.2.2.2.2.2.2.2.2.2",0.426757472139335,FALSE,TRUE,41
"2.2.2.2.2.2.2.2.3.2.2.2.1.2.2.2.2.2.2.2.2.2",0.441380988608351,FALSE,TRUE,41
"2.2.2.2.2.2.2.2.2.3.2.2.1.2.2.2.2.2.2.2.2.2",0.462630809458688,FALSE,TRUE,41
"2.2.2.2.2.2.2.2.2.2.3.2.1.2.2.2.2.2.2.2.2.2",0.427942245440968,FALSE,TRUE,41
"2.2.2.2.2.2.2.2.2.2.2.2.1.3.2.2.2.2.2.2.2.2",0.388455805582017,FALSE,TRUE,41
"2.2.2.2.2.2.2.2.2.2.2.2.1.2.3.2.2.2.2.2.2.2",0.4228191252564,FALSE,TRUE,41
"2.2.2.2.2.2.2.2.2.2.2.2.1.2.2.3.2.2.2.2.2.2",0.470601681000964,FALSE,TRUE,39
"2.2.2.2.2.2.2.2.2.2.2.2.1.2.2.2.3.2.2.2.2.2",0.516919870469679,FALSE,TRUE,41
"2.2.2.2.2.2.2.2.2.2.2.2.1.2.2.2.2.3.2.2.2.2",0.383197035995564,FALSE,TRUE,41
"2.2.2.2.2.2.2.2.2.2.2.2.1.2.2.2.2.2.3.2.2.2",0.360177975986034,FALSE,TRUE,41
"2.2.2.2.2.2.2.2.2.2.2.2.1.2.2.2.2.2.2.3.2.2",0.334418606658522,FALSE,TRUE,41
"2.2.2.2.2.2.2.2.2.2.2.2.1.2.2.2.2.2.2.2.3.2",0.356970627127899,FALSE,TRUE,41
"2.2.2.2.2.2.2.2.2.2.2.2.1.2.2.2.2.2.2.2.2.3",0.464570254881178,FALSE,TRUE,40
"1.2.2.2.2.2.2.2.2.2.2.2.1.2.2.2.2.2.2.2.2.2",0.41141391939257,FALSE,TRUE,40
"2.1.2.2.2.2.2.2.2.2.2.2.1.2.2.2.2.2.2.2.2.2",0.479158510666383,FALSE,TRUE,40
"2.2.1.2.2.2.2.2.2.2.2.2.1.2.2.2.2.2.2.2.2.2",0.485817892973907,FALSE,TRUE,40
"2.2.2.1.2.2.2.2.2.2.2.2.1.2.2.2.2.2.2.2.2.2",0.423143307121689,FALSE,TRUE,40
"2.2.2.2.1.2.2.2.2.2.2.2.1.2.2.2.2.2.2.2.2.2",0.441412177019407,FALSE,TRUE,40
"2.2.2.2.2.1.2.2.2.2.2.2.1.2.2.2.2.2.2.2.2.2",0.455639126719865,FALSE,TRUE,39
"2.2.2.2.2.2.1.2.2.2.2.2.1.2.2.2.2.2.2.2.2.2",0.44865585284348,FALSE,TRUE,39
"2.2.2.2.2.2.2.1.2.2.2.2.1.2.2.2.2.2.2.2.2.2",0.462460025886176,FALSE,TRUE,39
"2.2.2.2.2.2.2.2.1.2.2.2.1.2.2.2.2.2.2.2.2.2",0.457473779627091,FALSE,TRUE,40
"2.2.2.2.2.2.2.2.2.1.2.2.1.2.2.2.2.2.2.2.2.2",0.432347169056356,FALSE,TRUE,40
"2.2.2.2.2.2.2.2.2.2.1.2.1.2.2.2.2.2.2.2.2.2",0.461842018499067,FALSE,TRUE,40
"2.2.2.2.2.2.2.2.2.2.2.1.1.2.2.2.2.2.2.2.2.2",0.360751073386081,FALSE,TRUE,39
"2.2.2.2.2.2.2.2.2.2.2.2.1.1.2.2.2.2.2.2.2.2",0.493004334401702,FALSE,TRUE,40
"2.2.2.2.2.2.2.2.2.2.2.2.1.2.1.2.2.2.2.2.2.2",0.413898199990579,FALSE,TRUE,40
"2.2.2.2.2.2.2.2.2.2.2.2.1.2.2.1.2.2.2.2.2.2",0.387883254245868,FALSE,TRUE,40
"2.2.2.2.2.2.2.2.2.2.2.2.1.2.2.2.1.2.2.2.2.2",0.396869381416928,FALSE,TRUE,40
"2.2.2.2.2.2.2.2.2.2.2.2.1.2.2.2.2.1.2.2.2.2",0.46589677915861,FALSE,TRUE,40
"2.2.2.2.2.2.2.2.2.2.2.2.1.2.2.2.2.2.1.2.2.2",0.540698707104261,FALSE,TRUE,40
"2.2.2.2.2.2.2.2.2.2.2.2.1.2.2.2.2.2.2.1.2.2",0.512598413778846,FALSE,TRUE,40
"2.2.2.2.2.2.2.2.2.2.2.2.1.2.2.2.2.2.2.2.1.2",0.531458752351029,FALSE,TRUE,37
"2.2.2.2.2.2.2.2.2.2.2.2.1.2.2.2.2.2.2.2.2.1",0.45716731483527,FALSE,TRUE,40
"4.2.2.2.2.2.3.2.2.2.2.2.2.2.2.2.3.2.2.2.1.2",0.5660390843131,FALSE,TRUE,40
"3.3.2.2.2.2.3.2.2.2.2.2.2.2.2.2.3.2.2.2.1.2",0.539024908644626,FALSE,TRUE,41
"3.2.3.2.2.2.3.2.2.2.2.2.2.2.2.2.3.2.2.2.1.2",0.555992801334045,FALSE,TRUE,41
"3.2.2.3.2.2.3.2.2.2.2.2.2.2.2.2.3.2.2.2.1.2",0.569124502893728,FALSE,TRUE,40
"3.2.2.2.3.2.3.2.2.2.2.2.2.2.2.2.3.2.2.2.1.2",0.552089777939521,FALSE,TRUE,41
"3.2.2.2.2.3.3.2.2.2.2.2.2.2.2.2.3.2.2.2.1.2",0.562530078459346,FALSE,TRUE,41
"3.2.2.2.2.2.4.2.2.2.2.2.2.2.2.2.3.2.2.2.1.2",0.564117228055506,FALSE,TRUE,41
"3.2.2.2.2.2.3.3.2.2.2.2.2.2.2.2.3.2.2.2.1.2",0.553032840994625,FALSE,TRUE,41
"3.2.2.2.2.2.3.2.3.2.2.2.2.2.2.2.3.2.2.2.1.2",0.566592435848303,FALSE,TRUE,41
"3.2.2.2.2.2.3.2.2.3.2.2.2.2.2.2.3.2.2.2.1.2",0.545724516606151,FALSE,TRUE,41
"3.2.2.2.2.2.3.2.2.2.3.2.2.2.2.2.3.2.2.2.1.2",0.618427797234776,FALSE,TRUE,41
"3.2.2.2.2.2.3.2.2.2.2.3.2.2.2.2.3.2.2.2.1.2",0.624404505119215,FALSE,TRUE,41
"3.2.2.2.2.2.3.2.2.2.2.2.3.2.2.2.3.2.2.2.1.2",0.645443239705858,FALSE,TRUE,41
"3.2.2.2.2.2.3.2.2.2.2.2.2.3.2.2.3.2.2.2.1.2",0.550496789656769,FALSE,TRUE,41
"3.2.2.2.2.2.3.2.2.2.2.2.2.2.3.2.3.2.2.2.1.2",0.593280519454083,FALSE,TRUE,41
"3.2.2.2.2.2.3.2.2.2.2.2.2.2.2.3.3.2.2.2.1.2",0.575125645905192,FALSE,TRUE,40
"3.2.2.2.2.2.3.2.2.2.2.2.2.2.2.2.4.2.2.2.1.2",0.646850580772308,FALSE,TRUE,42
"3.2.2.2.2.2.3.2.2.2.2.2.2.2.2.2.3.3.2.2.1.2",0.538007249915336,FALSE,TRUE,41
"3.2.2.2.2.2.3.2.2.2.2.2.2.2.2.2.3.2.3.2.1.2",0.548120886713998,FALSE,TRUE,41
"3.2.2.2.2.2.3.2.2.2.2.2.2.2.2.2.3.2.2.3.1.2",0.546658252615585,FALSE,TRUE,41
"3.2.2.2.2.2.3.2.2.2.2.2.2.2.2.2.3.2.2.2.2.2",0.533019624998961,FALSE,TRUE,41
"3.2.2.2.2.2.3.2.2.2.2.2.2.2.2.2.3.2.2.2.1.3",0.642258683556808,FALSE,TRUE,41
"3.1.2.2.2.2.3.2.2.2.2.2.2.2.2.2.3.2.2.2.1.2",0.624115664898728,FALSE,TRUE,40
"3.2.1.2.2.2.3.2.2.2.2.2.2.2.2.2.3.2.2.2.1.2",0.631007918860401,FALSE,TRUE,39
"3.2.2.1.2.2.3.2.2.2.2.2.2.2.2.2.3.2.2.2.1.2",0.579115669752598,FALSE,TRUE,40
"3.2.2.2.1.2.3.2.2.2.2.2.2.2.2.2.3.2.2.2.1.2",0.607350483132943,FALSE,TRUE,40
"3.2.2.2.2.1.3.2.2.2.2.2.2.2.2.2.3.2.2.2.1.2",0.616690604855564,FALSE,TRUE,40
"3.2.2.2.2.2.2.2.2.2.2.2.2.2.2.2.3.2.2.2.1.2",0.617412785922874,FALSE,TRUE,41
"3.2.2.2.2.2.3.1.2.2.2.2.2.2.2.2.3.2.2.2.1.2",0.626164035999859,FALSE,TRUE,40
"3.2.2.2.2.2.3.2.1.2.2.2.2.2.2.2.3.2.2.2.1.2",0.624932355570945,FALSE,TRUE,40
"3.2.2.2.2.2.3.2.2.1.2.2.2.2.2.2.3.2.2.2.1.2",0.643885945227765,FALSE,TRUE,40
"3.2.2.2.2.2.3.2.2.2.2.1.2.2.2.2.3.2.2.2.1.2",0.544258049734208,FALSE,TRUE,40
"3.2.2.2.2.2.3.2.2.2.2.2.1.2.2.2.3.2.2.2.1.2",0.560825730011039,FALSE,TRUE,39
"3.2.2.2.2.2.3.2.2.2.2.2.2.1.2.2.3.2.2.2.1.2",0.62979366570048,FALSE,TRUE,40
"3.2.2.2.2.2.3.2.2.2.2.2.2.2.1.2.3.2.2.2.1.2",0.536991313320119,FALSE,TRUE,40
"3.2.2.2.2.2.3.2.2.2.2.2.2.2.2.1.3.2.2.2.1.2",0.568157063279656,FALSE,TRUE,40
"3.2.2.2.2.2.3.2.2.2.2.2.2.2.2.2.3.1.2.2.1.2",0.578336205546909,FALSE,TRUE,40
"3.2.2.2.2.2.3.2.2.2.2.2.2.2.2.2.3.2.1.2.1.2",0.650211843192437,FALSE,TRUE,40
"3.2.2.2.2.2.3.2.2.2.2.2.2.2.2.2.3.2.2.1.1.2",0.572421631693254,FALSE,TRUE,40
"3.2.2.2.2.2.3.2.2.2.2.2.2.2.2.2.3.2.2.2.1.1",0.564218791427331,FALSE,TRUE,40
