"karyotype","fitness","is_fq","is_nn","boundary_degree"
"2.2.2.2.2.2.2.2.2.2.2.2.2.2.2.2.2.2.2.2.2.2",0.475082654795903,TRUE,FALSE,0
"2.2.2.3.2.2.2.2.2.2.2.2.2.2.2.2.2.2.2.2.2.2",0.469527796008535,TRUE,FALSE,0
"2.2.2.3.2.2.2.2.2.3.2.2.2.2.2.2.2.2.2.2.2.2",0.476704712872134,TRUE,FALSE,0
"2.2.2.3.2.2.2.2.2.2.1.2.2.2.2.2.2.2.2.2.2.2",0.506507336880508,TRUE,FALSE,0
"2.2.2.3.2.2.2.2.2.3.2.2.2.2.2.2.2.2.2.2.2.3",0.495507532613292,TRUE,FALSE,0
"2.2.2.3.2.2.2.2.2.2.1.2.2.3.2.2.2.2.2.2.2.2",0.478399357609205,TRUE,FALSE,0
"2.3.2.3.2.2.2.2.2.2.1.2.2.2.2.2.2.2.2.2.2.2",0.552079050793492,TRUE,FALSE,0
"2.2.2.3.2.2.2.2.2.2.1.2.3.2.2.2.2.2.2.2.2.2",0.531348383098704,TRUE,FALSE,0
"2.2.2.3.2.2.2.2.2.2.1.2.2.2.2.2.2.2.1.2.2.2",0.509941122855653,TRUE,FALSE,0
"2.2.2.3.2.2.2.2.2.3.1.2.3.2.2.2.2.2.2.2.2.2",0.552823627534376,TRUE,FALSE,0
"2.2.2.2.2.2.2.2.2.2.1.2.3.2.2.2.2.2.2.2.2.2",0.528133986924406,TRUE,FALSE,0
"2.2.2.3.2.2.2.2.3.2.1.2.2.3.2.2.2.2.2.2.2.2",0.456076942991453,TRUE,FALSE,0
"2.3.2.3.2.2.2.2.2.2.2.2.2.2.2.2.2.2.2.2.2.2",0.511675990394693,TRUE,FALSE,0
"2.2.2.3.2.2.2.2.2.3.1.2.3.2.2.2.2.2.2.3.2.2",0.573120682466904,TRUE,FALSE,0
"2.2.2.4.2.2.2.2.2.2.1.2.3.2.2.2.2.2.2.2.2.2",0.516916446103425,TRUE,FALSE,0
"2.3.2.3.2.2.2.2.2.2.1.2.2.2.2.2.1.2.2.2.2.2",0.544266809147251,TRUE,FALSE,0
"2.3.2.3.2.2.2.2.2.2.1.2.2.2.1.2.2.2.2.2.2.2",0.531821855375399,TRUE,FALSE,0
"2.2.2.4.2.2.2.2.2.2.1.2.3.2.2.2.2.2.3.2.2.2",0.509108834680374,TRUE,FALSE,0
"2.3.2.3.2.2.2.2.2.2.1.2.2.3.1.2.2.2.2.2.2.2",0.508289545814666,TRUE,FALSE,0
"3.2.2.3.2.2.2.2.2.3.2.2.2.2.2.2.2.2.2.2.2.3",0.511831978945633,TRUE,FALSE,0
"3.2.2.3.2.2.2.2.2.3.1.2.3.2.2.2.2.2.2.2.2.2",0.572128899513084,TRUE,FALSE,0
"2.2.2.4.2.2.2.2.2.2.1.2.3.2.2.2.2.2.3.3.2.2",0.533420851643032,TRUE,FALSE,0
"2.2.2.3.2.2.2.2.2.3.1.2.3.2.2.2.2.2.2.4.2.2",0.577016242216313,TRUE,FALSE,0
"2.2.2.2.2.2.2.2.2.2.1.2.3.2.2.2.2.3.2.2.2.2",0.552282856479703,TRUE,FALSE,0
"2.2.2.3.2.2.3.2.2.3.2.2.2.2.2.2.2.2.2.2.2.3",0.490117554261164,TRUE,FALSE,0
"1.2.2.3.2.2.3.2.2.3.2.2.2.2.2.2.2.2.2.2.2.3",0.44442024085501,TRUE,FALSE,0
"2.2.2.3.2.2.1.2.2.2.2.2.2.2.2.2.2.2.2.2.2.2",0.469400173397566,TRUE,FALSE,0
"1.2.2.3.2.3.3.2.2.3.2.2.2.2.2.2.2.2.2.2.2.3",0.425576344373001,TRUE,FALSE,0
"2.2.2.3.3.2.2.2.2.3.2.2.2.2.2.2.2.2.2.2.2.2",0.422107021668088,TRUE,FALSE,0
"1.2.2.3.3.3.3.2.2.3.2.2.2.2.2.2.2.2.2.2.2.3",0.374744196912722,TRUE,FALSE,0
"2.3.2.3.2.2.2.2.2.2.1.2.2.2.1.2.2.2.3.2.2.2",0.513095187396457,TRUE,FALSE,0
"2.3.2.3.2.2.2.2.2.2.1.2.2.2.2.2.2.2.2.3.2.2",0.578591270774752,TRUE,FALSE,0
"3.2.2.3.2.2.2.2.2.3.2.3.2.2.2.2.2.2.2.2.2.3",0.545828487650552,TRUE,FALSE,0
"2.2.2.3.2.2.2.2.2.2.1.2.2.2.2.2.3.2.2.2.2.2",0.499781328890895,TRUE,FALSE,0
"2.3.2.2.2.2.2.2.2.2.1.2.2.2.2.2.1.2.2.2.2.2",0.540212521274902,TRUE,FALSE,0
"2.2.2.4.2.2.2.2.2.2.1.2.3.2.2.2.2.2.3.3.3.2",0.561608119825521,TRUE,FALSE,0
"2.2.2.3.2.2.2.2.2.4.1.2.3.2.2.2.2.2.2.2.2.2",0.55654133493195,TRUE,FALSE,0
"2.2.2.3.2.2.2.2.2.3.1.2.3.2.3.2.2.2.2.3.2.2",0.579674123276931,TRUE,FALSE,0
"2.3.2.3.2.2.2.2.2.2.1.2.2.3.2.2.1.2.2.2.2.2",0.516826766163767,TRUE,FALSE,0
"2.2.2.3.2.2.2.2.2.2.1.2.4.2.2.2.2.2.2.2.2.2",0.540797482822003,TRUE,FALSE,0
"2.2.2.4.2.2.1.2.2.2.1.2.3.2.2.2.2.2.3.3.3.2",0.540865196767435,TRUE,FALSE,0
"2.2.2.3.2.2.2.2.2.3.1.3.3.2.2.2.2.2.2.3.2.2",0.651579919925901,TRUE,FALSE,0
"2.2.2.4.2.2.1.2.2.3.1.2.3.2.2.2.2.2.3.3.3.2",0.568003967639537,TRUE,FALSE,0
"2.1.2.3.2.2.2.2.2.2.1.2.2.2.2.2.3.2.2.2.2.2",0.445756960629584,TRUE,FALSE,0
"2.2.2.3.2.2.2.2.2.2.1.3.2.3.2.2.2.2.2.2.2.2",0.544563119770531,TRUE,FALSE,0
"2.3.2.3.2.2.2.2.1.2.2.2.2.2.2.2.2.2.2.2.2.2",0.528744193867778,TRUE,FALSE,0
"2.2.2.3.2.2.2.2.2.2.2.3.2.2.2.2.2.2.2.2.2.2",0.530785866211202,TRUE,FALSE,0
"2.2.2.3.2.2.1.2.2.2.2.2.2.1.2.2.2.2.2.2.2.2",0.505997688379535,TRUE,FALSE,0
"2.3.2.3.2.2.2.2.3.2.1.2.2.3.2.2.2.2.2.2.2.2",0.502595378133739,TRUE,FALSE,0
"2.2.2.3.2.2.2.3.3.2.1.2.2.3.2.2.2.2.2.2.2.2",0.539314112453035,TRUE,FALSE,0
"3.2.2.2.2.2.2.2.2.2.2.2.2.2.2.2.2.2.2.2.2.2",0.489545771440236,FALSE,TRUE,42
"2.3.2.2.2.2.2.2.2.2.2.2.2.2.2.2.2.2.2.2.2.2",0.5205687181998,FALSE,TRUE,39
"2.2.3.2.2.2.2.2.2.2.2.2.2.2.2.2.2.2.2.2.2.2",0.570482872818901,FALSE,TRUE,42
"2.2.2.2.3.2.2.2.2.2.2.2.2.2.2.2.2.2.2.2.2.2",0.42526174816359,FALSE,TRUE,41
"2.2.2.2.2.3.2.2.2.2.2.2.2.2.2.2.2.2.2.2.2.2",0.449398437157735,FALSE,TRUE,42
"2.2.2.2.2.2.3.2.2.2.2.2.2.2.2.2.2.2.2.2.2.2",0.462082763483841,FALSE,TRUE,42
"2.2.2.2.2.2.2.3.2.2.2.2.2.2.2.2.2.2.2.2.2.2",0.553502640262035,FALSE,TRUE,42
"2.2.2.2.2.2.2.2.3.2.2.2.2.2.2.2.2.2.2.2.2.2",0.441835887897111,FALSE,TRUE,42
"2.2.2.2.2.2.2.2.2.3.2.2.2.2.2.2.2.2.2.2.2.2",0.475257389759589,FALSE,TRUE,40
"2.2.2.2.2.2.2.2.2.2.3.2.2.2.2.2.2.2.2.2.2.2",0.431558356998148,FALSE,TRUE,42
"2.2.2.2.2.2.2.2.2.2.2.3.2.2.2.2.2.2.2.2.2.2",0.53724305777698,FALSE,TRUE,42
"2.2.2.2.2.2.2.2.2.2.2.2.3.2.2.2.2.2.2.2.2.2",0.500690734302015,FALSE,TRUE,40
"2.2.2.2.2.2.2.2.2.2.2.2.2.3.2.2.2.2.2.2.2.2",0.447349720116819,FALSE,TRUE,41
"2.2.2.2.2.2.2.2.2.2.2.2.2.2.3.2.2.2.2.2.2.2",0.488789032934741,FALSE,TRUE,42
"2.2.2.2.2.2.2.2.2.2.2.2.2.2.2.3.2.2.2.2.2.2",0.474435437330489,FALSE,TRUE,42
"2.2.2.2.2.2.2.2.2.2.2.2.2.2.2.2.3.2.2.2.2.2",0.471288474953811,FALSE,TRUE,41
"2.2.2.2.2.2.2.2.2.2.2.2.2.2.2.2.2.3.2.2.2.2",0.499764175761489,FALSE,TRUE,40
"2.2.2.2.2.2.2.2.2.2.2.2.2.2.2.2.2.2.3.2.2.2",0.446658774246958,FALSE,TRUE,42
"2.2.2.2.2.2.2.2.2.2.2.2.2.2.2.2.2.2.2.3.2.2",0.496959903541306,FALSE,TRUE,42
"2.2.2.2.2.2.2.2.2.2.2.2.2.2.2.2.2.2.2.2.3.2",0.492259389505445,FALSE,TRUE,42
"2.2.2.2.2.2.2.2.2.2.2.2.2.2.2.2.2.2.2.2.2.3",0.499647854468449,FALSE,TRUE,41
"1.2.2.2.2.2.2.2.2.2.2.2.2.2.2.2.2.2.2.2.2.2",0.444301117752448,FALSE,TRUE,41
"2.1.2.2.2.2.2.2.2.2.2.2.2.2.2.2.2.2.2.2.2.2",0.423601985119943,FALSE,TRUE,41
"2.2.1.2.2.2.2.2.2.2.2.2.2.2.2.2.2.2.2.2.2.2",0.359719470873956,FALSE,TRUE,41
"2.2.2.1.2.2.2.2.2.2.2.2.2.2.2.2.2.2.2.2.2.2",0.465531541434148,FALSE,TRUE,42
"2.2.2.2.1.2.2.2.2.2.2.2.2.2.2.2.2.2.2.2.2.2",0.498748273132931,FALSE,TRUE,41
"2.2.2.2.2.1.2.2.2.2.2.2.2.2.2.2.2.2.2.2.2.2",0.482910786224903,FALSE,TRUE,41
"2.2.2.2.2.2.1.2.2.2.2.2.2.2.2.2.2.2.2.2.2.2",0.476165987239501,FALSE,TRUE,40
"2.2.2.2.2.2.2.1.2.2.2.2.2.2.2.2.2.2.2.2.2.2",0.391652677925267,FALSE,TRUE,41
"2.2.2.2.2.2.2.2.1.2.2.2.2.2.2.2.2.2.2.2.2.2",0.490207553878817,FALSE,TRUE,40
"2.2.2.2.2.2.2.2.2.1.2.2.2.2.2.2.2.2.2.2.2.2",0.459897328620662,FALSE,TRUE,41
"2.2.2.2.2.2.2.2.2.2.1.2.2.2.2.2.2.2.2.2.2.2",0.505107579661184,FALSE,TRUE,34
"2.2.2.2.2.2.2.2.2.2.2.1.2.2.2.2.2.2.2.2.2.2",0.377557959028037,FALSE,TRUE,41
"2.2.2.2.2.2.2.2.2.2.2.2.1.2.2.2.2.2.2.2.2.2",0.439949953617071,FALSE,TRUE,41
"2.2.2.2.2.2.2.2.2.2.2.2.2.1.2.2.2.2.2.2.2.2",0.500097174401663,FALSE,TRUE,40
"2.2.2.2.2.2.2.2.2.2.2.2.2.2.1.2.2.2.2.2.2.2",0.446792535369966,FALSE,TRUE,41
"2.2.2.2.2.2.2.2.2.2.2.2.2.2.2.1.2.2.2.2.2.2",0.465572668917669,FALSE,TRUE,41
"2.2.2.2.2.2.2.2.2.2.2.2.2.2.2.2.1.2.2.2.2.2",0.467364348716967,FALSE,TRUE,39
"2.2.2.2.2.2.2.2.2.2.2.2.2.2.2.2.2.1.2.2.2.2",0.439307841489331,FALSE,TRUE,41
"2.2.2.2.2.2.2.2.2.2.2.2.2.2.2.2.2.2.1.2.2.2",0.489248625528583,FALSE,TRUE,40
"2.2.2.2.2.2.2.2.2.2.2.2.2.2.2.2.2.2.2.1.2.2",0.445596487230949,FALSE,TRUE,41
"2.2.2.2.2.2.2.2.2.2.2.2.2.2.2.2.2.2.2.2.1.2",0.428691302664433,FALSE,TRUE,41
"2.2.2.2.2.2.2.2.2.2.2.2.2.2.2.2.2.2.2.2.2.1",0.43639666668586,FALSE,TRUE,41
"3.2.2.3.2.2.2.2.2.2.2.2.2.2.2.2.2.2.2.2.2.2",0.485536869924843,FALSE,TRUE,36
"2.2.3.3.2.2.2.2.2.2.2.2.2.2.2.2.2.2.2.2.2.2",0.566330899537852,FALSE,TRUE,37
"2.2.2.4.2.2.2.2.2.2.2.2.2.2.2.2.2.2.2.2.2.2",0.450405215179083,FALSE,TRUE,37
"2.2.2.3.3.2.2.2.2.2.2.2.2.2.2.2.2.2.2.2.2.2",0.414346298831131,FALSE,TRUE,37
"2.2.2.3.2.3.2.2.2.2.2.2.2.2.2.2.2.2.2.2.2.2",0.447212851874346,FALSE,TRUE,37
"2.2.2.3.2.2.3.2.2.2.2.2.2.2.2.2.2.2.2.2.2.2",0.458377142766457,FALSE,TRUE,37
"2.2.2.3.2.2.2.3.2.2.2.2.2.2.2.2.2.2.2.2.2.2",0.546296847279046,FALSE,TRUE,37
"2.2.2.3.2.2.2.2.3.2.2.2.2.2.2.2.2.2.2.2.2.2",0.43836769285237,FALSE,TRUE,36
"2.2.2.3.2.2.2.2.2.2.3.2.2.2.2.2.2.2.2.2.2.2",0.420277272216453,FALSE,TRUE,38
"2.2.2.3.2.2.2.2.2.2.2.2.3.2.2.2.2.2.2.2.2.2",0.496840151884141,FALSE,TRUE,35
"2.2.2.3.2.2.2.2.2.2.2.2.2.3.2.2.2.2.2.2.2.2",0.43377410956265,FALSE,TRUE,36
"2.2.2.3.2.2.2.2.2.2.2.2.2.2.3.2.2.2.2.2.2.2",0.481082358422274,FALSE,TRUE,37
"2.2.2.3.2.2.2.2.2.2.2.2.2.2.2.3.2.2.2.2.2.2",0.475213031721687,FALSE,TRUE,37
"2.2.2.3.2.2.2.2.2.2.2.2.2.2.2.2.3.2.2.2.2.2",0.459870957489394,FALSE,TRUE,36
"2.2.2.3.2.2.2.2.2.2.2.2.2.2.2.2.2.3.2.2.2.2",0.487254699076361,FALSE,TRUE,37
"2.2.2.3.2.2.2.2.2.2.2.2.2.2.2.2.2.2.3.2.2.2",0.449492051846539,FALSE,TRUE,37
"2.2.2.3.2.2.2.2.2.2.2.2.2.2.2.2.2.2.2.3.2.2",0.497071987799099,FALSE,TRUE,37
"2.2.2.3.2.2.2.2.2.2.2.2.2.2.2.2.2.2.2.2.3.2",0.483539403779858,FALSE,TRUE,37
"2.2.2.3.2.2.2.2.2.2.2.2.2.2.2.2.2.2.2.2.2.3",0.494951768354414,FALSE,TRUE,35
"1.2.2.3.2.2.2.2.2.2.2.2.2.2.2.2.2.2.2.2.2.2",0.437917985633151,FALSE,TRUE,36
"2.1.2.3.2.2.2.2.2.2.2.2.2.2.2.2.2.2.2.2.2.2",0.420782644442733,FALSE,TRUE,36
"2.2.1.3.2.2.2.2.2.2.2.2.2.2.2.2.2.2.2.2.2.2",0.35255731225853,FALSE,TRUE,36
"2.2.2.3.1.2.2.2.2.2.2.2.2.2.2.2.2.2.2.2.2.2",0.500682244911704,FALSE,TRUE,36
"2.2.2.3.2.1.2.2.2.2.2.2.2.2.2.2.2.2.2.2.2.2",0.475383539714259,FALSE,TRUE,36
"2.2.2.3.2.2.2.1.2.2.2.2.2.2.2.2.2.2.2.2.2.2",0.386518171889688,FALSE,TRUE,36
"2.2.2.3.2.2.2.2.1.2.2.2.2.2.2.2.2.2.2.2.2.2",0.484485065026178,FALSE,TRUE,36
"2.2.2.3.2.2.2.2.2.1.2.2.2.2.2.2.2.2.2.2.2.2",0.447998039947757,FALSE,TRUE,37
"2.2.2.3.2.2.2.2.2.2.2.1.2.2.2.2.2.2.2.2.2.2",0.372334540043045,FALSE,TRUE,37
"2.2.2.3.2.2.2.2.2.2.2.2.1.2.2.2.2.2.2.2.2.2",0.43269242449448,FALSE,TRUE,36
"2.2.2.3.2.2.2.2.2.2.2.2.2.1.2.2.2.2.2.2.2.2",0.502756048945754,FALSE,TRUE,36
"2.2.2.3.2.2.2.2.2.2.2.2.2.2.1.2.2.2.2.2.2.2",0.443891350510696,FALSE,TRUE,36
"2.2.2.3.2.2.2.2.2.2.2.2.2.2.2.1.2.2.2.2.2.2",0.453995335229941,FALSE,TRUE,36
"2.2.2.3.2.2.2.2.2.2.2.2.2.2.2.2.1.2.2.2.2.2",0.467895162492508,FALSE,TRUE,36
"2.2.2.3.2.2.2.2.2.2.2.2.2.2.2.2.2.1.2.2.2.2",0.440852234689335,FALSE,TRUE,36
"2.2.2.3.2.2.2.2.2.2.2.2.2.2.2.2.2.2.1.2.2.2",0.475656100963573,FALSE,TRUE,36
"2.2.2.3.2.2.2.2.2.2.2.2.2.2.2.2.2.2.2.1.2.2",0.435640600094381,FALSE,TRUE,36
"2.2.2.3.2.2.2.2.2.2.2.2.2.2.2.2.2.2.2.2.1.2",0.427239641382189,FALSE,TRUE,36
"2.2.2.3.2.2.2.2.2.2.2.2.2.2.2.2.2.2.2.2.2.1",0.430729126273459,FALSE,TRUE,36
"3.2.2.3.2.2.2.2.2.3.2.2.2.2.2.2.2.2.2.2.2.2",0.49642095342353,FALSE,TRUE,37
"2.3.2.3.2.2.2.2.2.3.2.2.2.2.2.2.2.2.2.2.2.2",0.525788446604847,FALSE,TRUE,38
"2.2.3.3.2.2.2.2.2.3.2.2.2.2.2.2.2.2.2.2.2.2",0.567324174512555,FALSE,TRUE,40
"2.2.2.4.2.2.2.2.2.3.2.2.2.2.2.2.2.2.2.2.2.2",0.464602884319362,FALSE,TRUE,40
"2.2.2.3.2.3.2.2.2.3.2.2.2.2.2.2.2.2.2.2.2.2",0.453800394882884,FALSE,TRUE,40
"2.2.2.3.2.2.3.2.2.3.2.2.2.2.2.2.2.2.2.2.2.2",0.466514598235512,FALSE,TRUE,39
"2.2.2.3.2.2.2.3.2.3.2.2.2.2.2.2.2.2.2.2.2.2",0.555991399345658,FALSE,TRUE,40
"2.2.2.3.2.2.2.2.3.3.2.2.2.2.2.2.2.2.2.2.2.2",0.447324705941046,FALSE,TRUE,40
"2.2.2.3.2.2.2.2.2.4.2.2.2.2.2.2.2.2.2.2.2.2",0.469117162943656,FALSE,TRUE,39
"2.2.2.3.2.2.2.2.2.3.3.2.2.2.2.2.2.2.2.2.2.2",0.427328312754484,FALSE,TRUE,40
"2.2.2.3.2.2.2.2.2.3.2.3.2.2.2.2.2.2.2.2.2.2",0.528533714102728,FALSE,TRUE,39
"2.2.2.3.2.2.2.2.2.3.2.2.3.2.2.2.2.2.2.2.2.2",0.518809288509311,FALSE,TRUE,36
"2.2.2.3.2.2.2.2.2.3.2.2.2.3.2.2.2.2.2.2.2.2",0.44884759056736,FALSE,TRUE,39
"2.2.2.3.2.2.2.2.2.3.2.2.2.2.3.2.2.2.2.2.2.2",0.483807288301461,FALSE,TRUE,40
"2.2.2.3.2.2.2.2.2.3.2.2.2.2.2.3.2.2.2.2.2.2",0.483578013289795,FALSE,TRUE,40
"2.2.2.3.2.2.2.2.2.3.2.2.2.2.2.2.3.2.2.2.2.2",0.461484580596991,FALSE,TRUE,39
"2.2.2.3.2.2.2.2.2.3.2.2.2.2.2.2.2.3.2.2.2.2",0.494148384247514,FALSE,TRUE,40
"2.2.2.3.2.2.2.2.2.3.2.2.2.2.2.2.2.2.3.2.2.2",0.45174740453496,FALSE,TRUE,40
"2.2.2.3.2.2.2.2.2.3.2.2.2.2.2.2.2.2.2.3.2.2",0.507114185573127,FALSE,TRUE,38
"2.2.2.3.2.2.2.2.2.3.2.2.2.2.2.2.2.2.2.2.3.2",0.491585072857434,FALSE,TRUE,40
"1.2.2.3.2.2.2.2.2.3.2.2.2.2.2.2.2.2.2.2.2.2",0.442204935106898,FALSE,TRUE,38
"2.1.2.3.2.2.2.2.2.3.2.2.2.2.2.2.2.2.2.2.2.2",0.421630516293531,FALSE,TRUE,39
"2.2.1.3.2.2.2.2.2.3.2.2.2.2.2.2.2.2.2.2.2.2",0.365035920649297,FALSE,TRUE,39
"2.2.2.3.1.2.2.2.2.3.2.2.2.2.2.2.2.2.2.2.2.2",0.506445275480834,FALSE,TRUE,40
"2.2.2.3.2.1.2.2.2.3.2.2.2.2.2.2.2.2.2.2.2.2",0.483310232554759,FALSE,TRUE,39
"2.2.2.3.2.2.1.2.2.3.2.2.2.2.2.2.2.2.2.2.2.2",0.475488691161932,FALSE,TRUE,38
"2.2.2.3.2.2.2.1.2.3.2.2.2.2.2.2.2.2.2.2.2.2",0.391414154707456,FALSE,TRUE,39
"2.2.2.3.2.2.2.2.1.3.2.2.2.2.2.2.2.2.2.2.2.2",0.489749701274056,FALSE,TRUE,38
"2.2.2.3.2.2.2.2.2.3.1.2.2.2.2.2.2.2.2.2.2.2",0.513174455056142,FALSE,TRUE,31
"2.2.2.3.2.2.2.2.2.3.2.1.2.2.2.2.2.2.2.2.2.2",0.389347305569483,FALSE,TRUE,39
"2.2.2.3.2.2.2.2.2.3.2.2.1.2.2.2.2.2.2.2.2.2",0.42449013092905,FALSE,TRUE,39
"2.2.2.3.2.2.2.2.2.3.2.2.2.1.2.2.2.2.2.2.2.2",0.501796116107377,FALSE,TRUE,38
"2.2.2.3.2.2.2.2.2.3.2.2.2.2.1.2.2.2.2.2.2.2",0.455183353374916,FALSE,TRUE,39
"2.2.2.3.2.2.2.2.2.3.2.2.2.2.2.1.2.2.2.2.2.2",0.460756786433104,FALSE,TRUE,39
"2.2.2.3.2.2.2.2.2.3.2.2.2.2.2.2.1.2.2.2.2.2",0.480077937366987,FALSE,TRUE,39
"2.2.2.3.2.2.2.2.2.3.2.2.2.2.2.2.2.1.2.2.2.2",0.448683077420318,FALSE,TRUE,39
"2.2.2.3.2.2.2.2.2.3.2.2.2.2.2.2.2.2.1.2.2.2",0.488676241224764,FALSE,TRUE,38
"2.2.2.3.2.2.2.2.2.3.2.2.2.2.2.2.2.2.2.1.2.2",0.439530808161324,FALSE,TRUE,39
"2.2.2.3.2.2.2.2.2.3.2.2.2.2.2.2.2.2.2.2.1.2",0.432688965521812,FALSE,TRUE,39
"2.2.2.3.2.2.2.2.2.3.2.2.2.2.2.2.2.2.2.2.2.1",0.443739234721828,FALSE,TRUE,40
"3.2.2.3.2.2.2.2.2.2.1.2.2.2.2.2.2.2.2.2.2.2",0.518949218997397,FALSE,TRUE,35
"2.2.3.3.2.2.2.2.2.2.1.2.2.2.2.2.2.2.2.2.2.2",0.605373568460719,FALSE,TRUE,36
"2.2.2.4.2.2.2.2.2.2.1.2.2.2.2.2.2.2.2.2.2.2",0.491971664590911,FALSE,TRUE,35
"2.2.2.3.3.2.2.2.2.2.1.2.2.2.2.2.2.2.2.2.2.2",0.456878678140394,FALSE,TRUE,35
"2.2.2.3.2.3.2.2.2.2.1.2.2.2.2.2.2.2.2.2.2.2",0.491427497427018,FALSE,TRUE,36
"2.2.2.3.2.2.3.2.2.2.1.2.2.2.2.2.2.2.2.2.2.2",0.503479704815696,FALSE,TRUE,36
"2.2.2.3.2.2.2.3.2.2.1.2.2.2.2.2.2.2.2.2.2.2",0.581004792075249,FALSE,TRUE,35
"2.2.2.3.2.2.2.2.3.2.1.2.2.2.2.2.2.2.2.2.2.2",0.479142649426471,FALSE,TRUE,35
"2.2.2.3.2.2.2.2.2.2.1.3.2.2.2.2.2.2.2.2.2.2",0.576244253058452,FALSE,TRUE,36
"2.2.2.3.2.2.2.2.2.2.1.2.2.2.3.2.2.2.2.2.2.2",0.518450318888349,FALSE,TRUE,36
"2.2.2.3.2.2.2.2.2.2.1.2.2.2.2.3.2.2.2.2.2.2",0.513544837730453,FALSE,TRUE,36
"2.2.2.3.2.2.2.2.2.2.1.2.2.2.2.2.2.3.2.2.2.2",0.525650492751874,FALSE,TRUE,35
"2.2.2.3.2.2.2.2.2.2.1.2.2.2.2.2.2.2.3.2.2.2",0.487331112820663,FALSE,TRUE,35
"2.2.2.3.2.2.2.2.2.2.1.2.2.2.2.2.2.2.2.3.2.2",0.526848725368494,FALSE,TRUE,35
"2.2.2.3.2.2.2.2.2.2.1.2.2.2.2.2.2.2.2.2.3.2",0.523613350423017,FALSE,TRUE,36
"2.2.2.3.2.2.2.2.2.2.1.2.2.2.2.2.2.2.2.2.2.3",0.532467886874128,FALSE,TRUE,35
"1.2.2.3.2.2.2.2.2.2.1.2.2.2.2.2.2.2.2.2.2.2",0.477509059849685,FALSE,TRUE,35
"2.1.2.3.2.2.2.2.2.2.1.2.2.2.2.2.2.2.2.2.2.2",0.452694491798934,FALSE,TRUE,36
"2.2.1.3.2.2.2.2.2.2.1.2.2.2.2.2.2.2.2.2.2.2",0.384733859393002,FALSE,TRUE,35
"2.2.2.3.1.2.2.2.2.2.1.2.2.2.2.2.2.2.2.2.2.2",0.528858953102144,FALSE,TRUE,35
"2.2.2.3.2.1.2.2.2.2.1.2.2.2.2.2.2.2.2.2.2.2",0.503416934467905,FALSE,TRUE,35
"2.2.2.3.2.2.1.2.2.2.1.2.2.2.2.2.2.2.2.2.2.2",0.496828811233747,FALSE,TRUE,34
"2.2.2.3.2.2.2.1.2.2.1.2.2.2.2.2.2.2.2.2.2.2",0.42308092962429,FALSE,TRUE,35
"2.2.2.3.2.2.2.2.1.2.1.2.2.2.2.2.2.2.2.2.2.2",0.515503643423677,FALSE,TRUE,35
"2.2.2.3.2.2.2.2.2.1.1.2.2.2.2.2.2.2.2.2.2.2",0.483700692636044,FALSE,TRUE,35
"2.2.2.3.2.2.2.2.2.2.1.1.2.2.2.2.2.2.2.2.2.2",0.399511633546619,FALSE,TRUE,35
"2.2.2.3.2.2.2.2.2.2.1.2.1.2.2.2.2.2.2.2.2.2",0.470575561856037,FALSE,TRUE,36
"2.2.2.3.2.2.2.2.2.2.1.2.2.1.2.2.2.2.2.2.2.2",0.530511878378562,FALSE,TRUE,35
"2.2.2.3.2.2.2.2.2.2.1.2.2.2.1.2.2.2.2.2.2.2",0.478349148227157,FALSE,TRUE,34
"2.2.2.3.2.2.2.2.2.2.1.2.2.2.2.1.2.2.2.2.2.2",0.488018918305425,FALSE,TRUE,35
"2.2.2.3.2.2.2.2.2.2.1.2.2.2.2.2.1.2.2.2.2.2",0.500236969732536,FALSE,TRUE,35
"2.2.2.3.2.2.2.2.2.2.1.2.2.2.2.2.2.1.2.2.2.2",0.474801601856434,FALSE,TRUE,35
"2.2.2.3.2.2.2.2.2.2.1.2.2.2.2.2.2.2.2.1.2.2",0.477450338718877,FALSE,TRUE,35
"2.2.2.3.2.2.2.2.2.2.1.2.2.2.2.2.2.2.2.2.1.2",0.458352609446682,FALSE,TRUE,35
"2.2.2.3.2.2.2.2.2.2.1.2.2.2.2.2.2.2.2.2.2.1",0.465193142827747,FALSE,TRUE,35
"2.3.2.3.2.2.2.2.2.3.2.2.2.2.2.2.2.2.2.2.2.3",0.541644886465417,FALSE,TRUE,39
"2.2.3.3.2.2.2.2.2.3.2.2.2.2.2.2.2.2.2.2.2.3",0.571708905081491,FALSE,TRUE,40
"2.2.2.4.2.2.2.2.2.3.2.2.2.2.2.2.2.2.2.2.2.3",0.484686702277829,FALSE,TRUE,40
"2.2.2.3.3.2.2.2.2.3.2.2.2.2.2.2.2.2.2.2.2.3",0.435836020438488,FALSE,TRUE,40
"2.2.2.3.2.3.2.2.2.3.2.2.2.2.2.2.2.2.2.2.2.3",0.469584661816044,FALSE,TRUE,39
"2.2.2.3.2.2.2.3.2.3.2.2.2.2.2.2.2.2.2.2.2.3",0.570562945695326,FALSE,TRUE,40
"2.2.2.3.2.2.2.2.3.3.2.2.2.2.2.2.2.2.2.2.2.3",0.466997313966118,FALSE,TRUE,40
"2.2.2.3.2.2.2.2.2.4.2.2.2.2.2.2.2.2.2.2.2.3",0.481760563763073,FALSE,TRUE,40
"2.2.2.3.2.2.2.2.2.3.3.2.2.2.2.2.2.2.2.2.2.3",0.446182104054653,FALSE,TRUE,40
"2.2.2.3.2.2.2.2.2.3.2.3.2.2.2.2.2.2.2.2.2.3",0.528702263207937,FALSE,TRUE,39
"2.2.2.3.2.2.2.2.2.3.2.2.3.2.2.2.2.2.2.2.2.3",0.545719368133207,FALSE,TRUE,39
"2.2.2.3.2.2.2.2.2.3.2.2.2.3.2.2.2.2.2.2.2.3",0.471677439330156,FALSE,TRUE,40
"2.2.2.3.2.2.2.2.2.3.2.2.2.2.3.2.2.2.2.2.2.3",0.491427312194845,FALSE,TRUE,40
"2.2.2.3.2.2.2.2.2.3.2.2.2.2.2.3.2.2.2.2.2.3",0.50126283596148,FALSE,TRUE,40
"2.2.2.3.2.2.2.2.2.3.2.2.2.2.2.2.3.2.2.2.2.3",0.473764436334351,FALSE,TRUE,40
"2.2.2.3.2.2.2.2.2.3.2.2.2.2.2.2.2.3.2.2.2.3",0.511187979870132,FALSE,TRUE,40
"2.2.2.3.2.2.2.2.2.3.2.2.2.2.2.2.2.2.3.2.2.3",0.469717424710825,FALSE,TRUE,40
"2.2.2.3.2.2.2.2.2.3.2.2.2.2.2.2.2.2.2.3.2.3",0.530405318726517,FALSE,TRUE,40
"2.2.2.3.2.2.2.2.2.3.2.2.2.2.2.2.2.2.2.2.3.3",0.504837667155733,FALSE,TRUE,40
"2.2.2.3.2.2.2.2.2.3.2.2.2.2.2.2.2.2.2.2.2.4",0.501548855782852,FALSE,TRUE,41
"1.2.2.3.2.2.2.2.2.3.2.2.2.2.2.2.2.2.2.2.2.3",0.464491350600592,FALSE,TRUE,39
"2.1.2.3.2.2.2.2.2.3.2.2.2.2.2.2.2.2.2.2.2.3",0.443994407551978,FALSE,TRUE,39
"2.2.1.3.2.2.2.2.2.3.2.2.2.2.2.2.2.2.2.2.2.3",0.39806403539359,FALSE,TRUE,39
"2.2.2.2.2.2.2.2.2.3.2.2.2.2.2.2.2.2.2.2.2.3",0.493648606797078,FALSE,TRUE,39
"2.2.2.3.1.2.2.2.2.3.2.2.2.2.2.2.2.2.2.2.2.3",0.530431200460509,FALSE,TRUE,39
"2.2.2.3.2.1.2.2.2.3.2.2.2.2.2.2.2.2.2.2.2.3",0.505570537261283,FALSE,TRUE,39
"2.2.2.3.2.2.1.2.2.3.2.2.2.2.2.2.2.2.2.2.2.3",0.489267829923348,FALSE,TRUE,39
"2.2.2.3.2.2.2.1.2.3.2.2.2.2.2.2.2.2.2.2.2.3",0.414774861070811,FALSE,TRUE,39
"2.2.2.3.2.2.2.2.1.3.2.2.2.2.2.2.2.2.2.2.2.3",0.508024810515727,FALSE,TRUE,39
"2.2.2.3.2.2.2.2.2.3.1.2.2.2.2.2.2.2.2.2.2.3",0.53219663794613,FALSE,TRUE,37
"2.2.2.3.2.2.2.2.2.3.2.1.2.2.2.2.2.2.2.2.2.3",0.426457050037905,FALSE,TRUE,39
"2.2.2.3.2.2.2.2.2.3.2.2.1.2.2.2.2.2.2.2.2.3",0.434988322493951,FALSE,TRUE,39
"2.2.2.3.2.2.2.2.2.3.2.2.2.1.2.2.2.2.2.2.2.3",0.516780449354666,FALSE,TRUE,39
"2.2.2.3.2.2.2.2.2.3.2.2.2.2.1.2.2.2.2.2.2.3",0.485058385060142,FALSE,TRUE,39
"2.2.2.3.2.2.2.2.2.3.2.2.2.2.2.1.2.2.2.2.2.3",0.480939731245649,FALSE,TRUE,39
"2.2.2.3.2.2.2.2.2.3.2.2.2.2.2.2.1.2.2.2.2.3",0.505416535695796,FALSE,TRUE,39
"2.2.2.3.2.2.2.2.2.3.2.2.2.2.2.2.2.1.2.2.2.3",0.469915307482991,FALSE,TRUE,39
"2.2.2.3.2.2.2.2.2.3.2.2.2.2.2.2.2.2.1.2.2.3",0.507886913344282,FALSE,TRUE,39
"2.2.2.3.2.2.2.2.2.3.2.2.2.2.2.2.2.2.2.1.2.3",0.454138336542797,FALSE,TRUE,39
"2.2.2.3.2.2.2.2.2.3.2.2.2.2.2.2.2.2.2.2.1.3",0.457874764876383,FALSE,TRUE,39
"3.2.2.3.2.2.2.2.2.2.1.2.2.3.2.2.2.2.2.2.2.2",0.496174150181604,FALSE,TRUE,39
"2.3.2.3.2.2.2.2.2.2.1.2.2.3.2.2.2.2.2.2.2.2",0.526991712238348,FALSE,TRUE,35
"2.2.3.3.2.2.2.2.2.2.1.2.2.3.2.2.2.2.2.2.2.2",0.578889773840174,FALSE,TRUE,39
"2.2.2.4.2.2.2.2.2.2.1.2.2.3.2.2.2.2.2.2.2.2",0.45715030346065,FALSE,TRUE,38
"2.2.2.3.3.2.2.2.2.2.1.2.2.3.2.2.2.2.2.2.2.2",0.429949111638276,FALSE,TRUE,39
"2.2.2.3.2.3.2.2.2.2.1.2.2.3.2.2.2.2.2.2.2.2",0.460910328794432,FALSE,TRUE,39
"2.2.2.3.2.2.3.2.2.2.1.2.2.3.2.2.2.2.2.2.2.2",0.477570266110069,FALSE,TRUE,39
"2.2.2.3.2.2.2.3.2.2.1.2.2.3.2.2.2.2.2.2.2.2",0.558551858713063,FALSE,TRUE,39
"2.2.2.3.2.2.2.2.2.3.1.2.2.3.2.2.2.2.2.2.2.2",0.493416205327263,FALSE,TRUE,37
"2.2.2.3.2.2.2.2.2.2.1.2.3.3.2.2.2.2.2.2.2.2",0.505250556987575,FALSE,TRUE,35
"2.2.2.3.2.2.2.2.2.2.1.2.2.4.2.2.2.2.2.2.2.2",0.446470078126739,FALSE,TRUE,40
"2.2.2.3.2.2.2.2.2.2.1.2.2.3.3.2.2.2.2.2.2.2",0.489721296367551,FALSE,TRUE,39
"2.2.2.3.2.2.2.2.2.2.1.2.2.3.2.3.2.2.2.2.2.2",0.480466329669041,FALSE,TRUE,39
"2.2.2.3.2.2.2.2.2.2.1.2.2.3.2.2.3.2.2.2.2.2",0.475954134933803,FALSE,TRUE,38
"2.2.2.3.2.2.2.2.2.2.1.2.2.3.2.2.2.3.2.2.2.2",0.487587191608367,FALSE,TRUE,39
"2.2.2.3.2.2.2.2.2.2.1.2.2.3.2.2.2.2.3.2.2.2",0.460445846746522,FALSE,TRUE,39
"2.2.2.3.2.2.2.2.2.2.1.2.2.3.2.2.2.2.2.3.2.2",0.503834595152087,FALSE,TRUE,38
"2.2.2.3.2.2.2.2.2.2.1.2.2.3.2.2.2.2.2.2.3.2",0.494226767939745,FALSE,TRUE,39
"2.2.2.3.2.2.2.2.2.2.1.2.2.3.2.2.2.2.2.2.2.3",0.508575996985601,FALSE,TRUE,39
"1.2.2.3.2.2.2.2.2.2.1.2.2.3.2.2.2.2.2.2.2.2",0.444853598505315,FALSE,TRUE,38
"2.1.2.3.2.2.2.2.2.2.1.2.2.3.2.2.2.2.2.2.2.2",0.421855011385963,FALSE,TRUE,37
"2.2.1.3.2.2.2.2.2.2.1.2.2.3.2.2.2.2.2.2.2.2",0.356640451843339,FALSE,TRUE,38
"2.2.2.2.2.2.2.2.2.2.1.2.2.3.2.2.2.2.2.2.2.2",0.485240462167254,FALSE,TRUE,37
"2.2.2.3.1.2.2.2.2.2.1.2.2.3.2.2.2.2.2.2.2.2",0.501637275634047,FALSE,TRUE,38
"2.2.2.3.2.1.2.2.2.2.1.2.2.3.2.2.2.2.2.2.2.2",0.479181280004249,FALSE,TRUE,38
"2.2.2.3.2.2.1.2.2.2.1.2.2.3.2.2.2.2.2.2.2.2",0.465617823440701,FALSE,TRUE,37
"2.2.2.3.2.2.2.1.2.2.1.2.2.3.2.2.2.2.2.2.2.2",0.390374878031382,FALSE,TRUE,38
"2.2.2.3.2.2.2.2.1.2.1.2.2.3.2.2.2.2.2.2.2.2",0.483897841257868,FALSE,TRUE,39
"2.2.2.3.2.2.2.2.2.1.1.2.2.3.2.2.2.2.2.2.2.2",0.448085737209905,FALSE,TRUE,38
"2.2.2.3.2.2.2.2.2.2.1.1.2.3.2.2.2.2.2.2.2.2",0.37615439719964,FALSE,TRUE,39
"2.2.2.3.2.2.2.2.2.2.1.2.1.3.2.2.2.2.2.2.2.2",0.439863914541577,FALSE,TRUE,38
"2.2.2.3.2.2.2.2.2.2.1.2.2.3.1.2.2.2.2.2.2.2",0.451687129894545,FALSE,TRUE,37
"2.2.2.3.2.2.2.2.2.2.1.2.2.3.2.1.2.2.2.2.2.2",0.466435838498048,FALSE,TRUE,38
"2.2.2.3.2.2.2.2.2.2.1.2.2.3.2.2.1.2.2.2.2.2",0.468673035836058,FALSE,TRUE,37
"2.2.2.3.2.2.2.2.2.2.1.2.2.3.2.2.2.1.2.2.2.2",0.457687772591249,FALSE,TRUE,38
"2.2.2.3.2.2.2.2.2.2.1.2.2.3.2.2.2.2.1.2.2.2",0.481332282729151,FALSE,TRUE,38
"2.2.2.3.2.2.2.2.2.2.1.2.2.3.2.2.2.2.2.1.2.2",0.445253241917147,FALSE,TRUE,38
"2.2.2.3.2.2.2.2.2.2.1.2.2.3.2.2.2.2.2.2.1.2",0.4327969906215,FALSE,TRUE,38
"2.2.2.3.2.2.2.2.2.2.1.2.2.3.2.2.2.2.2.2.2.1",0.433711580001186,FALSE,TRUE,38
"3.3.2.3.2.2.2.2.2.2.1.2.2.2.2.2.2.2.2.2.2.2",0.563291826539672,FALSE,TRUE,37
"2.4.2.3.2.2.2.2.2.2.1.2.2.2.2.2.2.2.2.2.2.2",0.588879708565607,FALSE,TRUE,38
"2.3.3.3.2.2.2.2.2.2.1.2.2.2.2.2.2.2.2.2.2.2",0.645352522390177,FALSE,TRUE,37
"2.3.2.4.2.2.2.2.2.2.1.2.2.2.2.2.2.2.2.2.2.2",0.533426013733014,FALSE,TRUE,36
"2.3.2.3.3.2.2.2.2.2.1.2.2.2.2.2.2.2.2.2.2.2",0.505653400321237,FALSE,TRUE,37
"2.3.2.3.2.3.2.2.2.2.1.2.2.2.2.2.2.2.2.2.2.2",0.539173042451832,FALSE,TRUE,37
"2.3.2.3.2.2.3.2.2.2.1.2.2.2.2.2.2.2.2.2.2.2",0.555587875483301,FALSE,TRUE,37
"2.3.2.3.2.2.2.3.2.2.1.2.2.2.2.2.2.2.2.2.2.2",0.622390678869517,FALSE,TRUE,37
"2.3.2.3.2.2.2.2.3.2.1.2.2.2.2.2.2.2.2.2.2.2",0.522619677023746,FALSE,TRUE,36
"2.3.2.3.2.2.2.2.2.3.1.2.2.2.2.2.2.2.2.2.2.2",0.565716114164267,FALSE,TRUE,36
"2.3.2.3.2.2.2.2.2.2.1.3.2.2.2.2.2.2.2.2.2.2",0.608174539650474,FALSE,TRUE,36
"2.3.2.3.2.2.2.2.2.2.1.2.3.2.2.2.2.2.2.2.2.2",0.580533007963805,FALSE,TRUE,33
"2.3.2.3.2.2.2.2.2.2.1.2.2.2.3.2.2.2.2.2.2.2",0.555417266159851,FALSE,TRUE,38
"2.3.2.3.2.2.2.2.2.2.1.2.2.2.2.3.2.2.2.2.2.2",0.559487417727084,FALSE,TRUE,37
"2.3.2.3.2.2.2.2.2.2.1.2.2.2.2.2.3.2.2.2.2.2",0.546291272906083,FALSE,TRUE,38
"2.3.2.3.2.2.2.2.2.2.1.2.2.2.2.2.2.3.2.2.2.2",0.568965748718928,FALSE,TRUE,37
"2.3.2.3.2.2.2.2.2.2.1.2.2.2.2.2.2.2.3.2.2.2",0.536642658197799,FALSE,TRUE,37
"2.3.2.3.2.2.2.2.2.2.1.2.2.2.2.2.2.2.2.2.3.2",0.560426031105233,FALSE,TRUE,37
"2.3.2.3.2.2.2.2.2.2.1.2.2.2.2.2.2.2.2.2.2.3",0.575094318309679,FALSE,TRUE,37
"1.3.2.3.2.2.2.2.2.2.1.2.2.2.2.2.2.2.2.2.2.2",0.523581440902541,FALSE,TRUE,36
"2.3.1.3.2.2.2.2.2.2.1.2.2.2.2.2.2.2.2.2.2.2",0.434273760243621,FALSE,TRUE,36
"2.3.2.2.2.2.2.2.2.2.1.2.2.2.2.2.2.2.2.2.2.2",0.554241170538205,FALSE,TRUE,36
"2.3.2.3.1.2.2.2.2.2.1.2.2.2.2.2.2.2.2.2.2.2",0.570540041148564,FALSE,TRUE,36
"2.3.2.3.2.1.2.2.2.2.1.2.2.2.2.2.2.2.2.2.2.2",0.546514053974282,FALSE,TRUE,36
"2.3.2.3.2.2.1.2.2.2.1.2.2.2.2.2.2.2.2.2.2.2",0.5348741277524,FALSE,TRUE,36
"2.3.2.3.2.2.2.1.2.2.1.2.2.2.2.2.2.2.2.2.2.2",0.470438237726583,FALSE,TRUE,36
"2.3.2.3.2.2.2.2.1.2.1.2.2.2.2.2.2.2.2.2.2.2",0.563032120652026,FALSE,TRUE,36
"2.3.2.3.2.2.2.2.2.1.1.2.2.2.2.2.2.2.2.2.2.2",0.522231016166738,FALSE,TRUE,36
"2.3.2.3.2.2.2.2.2.2.1.1.2.2.2.2.2.2.2.2.2.2",0.456886777838973,FALSE,TRUE,36
"2.3.2.3.2.2.2.2.2.2.1.2.1.2.2.2.2.2.2.2.2.2",0.511441698006467,FALSE,TRUE,36
"2.3.2.3.2.2.2.2.2.2.1.2.2.1.2.2.2.2.2.2.2.2",0.572021506077153,FALSE,TRUE,36
"2.3.2.3.2.2.2.2.2.2.1.2.2.2.2.1.2.2.2.2.2.2",0.532037757791933,FALSE,TRUE,36
"2.3.2.3.2.2.2.2.2.2.1.2.2.2.2.2.2.1.2.2.2.2",0.521860957733394,FALSE,TRUE,36
"2.3.2.3.2.2.2.2.2.2.1.2.2.2.2.2.2.2.1.2.2.2",0.55008839786912,FALSE,TRUE,36
"2.3.2.3.2.2.2.2.2.2.1.2.2.2.2.2.2.2.2.1.2.2",0.516625399931821,FALSE,TRUE,37
"2.3.2.3.2.2.2.2.2.2.1.2.2.2.2.2.2.2.2.2.1.2",0.512098632627208,FALSE,TRUE,36
"2.3.2.3.2.2.2.2.2.2.1.2.2.2.2.2.2.2.2.2.2.1",0.513503576383902,FALSE,TRUE,36
"3.2.2.3.2.2.2.2.2.2.1.2.3.2.2.2.2.2.2.2.2.2",0.546983934539599,FALSE,TRUE,37
"2.2.3.3.2.2.2.2.2.2.1.2.3.2.2.2.2.2.2.2.2.2",0.6386906564254,FALSE,TRUE,37
"2.2.2.3.3.2.2.2.2.2.1.2.3.2.2.2.2.2.2.2.2.2",0.491538776495528,FALSE,TRUE,37
"2.2.2.3.2.3.2.2.2.2.1.2.3.2.2.2.2.2.2.2.2.2",0.52054464153643,FALSE,TRUE,37
"2.2.2.3.2.2.3.2.2.2.1.2.3.2.2.2.2.2.2.2.2.2",0.534509443948431,FALSE,TRUE,37
"2.2.2.3.2.2.2.3.2.2.1.2.3.2.2.2.2.2.2.2.2.2",0.611607490217029,FALSE,TRUE,37
"2.2.2.3.2.2.2.2.3.2.1.2.3.2.2.2.2.2.2.2.2.2",0.506732489147529,FALSE,TRUE,36
"2.2.2.3.2.2.2.2.2.2.1.3.3.2.2.2.2.2.2.2.2.2",0.609148748033674,FALSE,TRUE,34
"2.2.2.3.2.2.2.2.2.2.1.2.3.2.3.2.2.2.2.2.2.2",0.53979719746508,FALSE,TRUE,36
"2.2.2.3.2.2.2.2.2.2.1.2.3.2.2.3.2.2.2.2.2.2",0.530535597854931,FALSE,TRUE,37
"2.2.2.3.2.2.2.2.2.2.1.2.3.2.2.2.3.2.2.2.2.2",0.538888560810943,FALSE,TRUE,36
"2.2.2.3.2.2.2.2.2.2.1.2.3.2.2.2.2.3.2.2.2.2",0.547940124877392,FALSE,TRUE,37
"2.2.2.3.2.2.2.2.2.2.1.2.3.2.2.2.2.2.3.2.2.2",0.516070757893226,FALSE,TRUE,36
"2.2.2.3.2.2.2.2.2.2.1.2.3.2.2.2.2.2.2.3.2.2",0.549898464381916,FALSE,TRUE,32
"2.2.2.3.2.2.2.2.2.2.1.2.3.2.2.2.2.2.2.2.3.2",0.547026715155874,FALSE,TRUE,37
"2.2.2.3.2.2.2.2.2.2.1.2.3.2.2.2.2.2.2.2.2.3",0.564899547444531,FALSE,TRUE,37
"1.2.2.3.2.2.2.2.2.2.1.2.3.2.2.2.2.2.2.2.2.2",0.497358266000303,FALSE,TRUE,36
"2.1.2.3.2.2.2.2.2.2.1.2.3.2.2.2.2.2.2.2.2.2",0.471546062801339,FALSE,TRUE,35
"2.2.1.3.2.2.2.2.2.2.1.2.3.2.2.2.2.2.2.2.2.2",0.399431475464902,FALSE,TRUE,36
"2.2.2.3.1.2.2.2.2.2.1.2.3.2.2.2.2.2.2.2.2.2",0.542831782490018,FALSE,TRUE,36
"2.2.2.3.2.1.2.2.2.2.1.2.3.2.2.2.2.2.2.2.2.2",0.52317473450687,FALSE,TRUE,36
"2.2.2.3.2.2.1.2.2.2.1.2.3.2.2.2.2.2.2.2.2.2",0.512587249417569,FALSE,TRUE,35
"2.2.2.3.2.2.2.1.2.2.1.2.3.2.2.2.2.2.2.2.2.2",0.439242634178132,FALSE,TRUE,36
"2.2.2.3.2.2.2.2.1.2.1.2.3.2.2.2.2.2.2.2.2.2",0.53646242920566,FALSE,TRUE,36
"2.2.2.3.2.2.2.2.2.1.1.2.3.2.2.2.2.2.2.2.2.2",0.493292376657277,FALSE,TRUE,37
"2.2.2.3.2.2.2.2.2.2.1.1.3.2.2.2.2.2.2.2.2.2",0.415563353747789,FALSE,TRUE,36
"2.2.2.3.2.2.2.2.2.2.1.2.3.1.2.2.2.2.2.2.2.2",0.550487947319866,FALSE,TRUE,36
"2.2.2.3.2.2.2.2.2.2.1.2.3.2.1.2.2.2.2.2.2.2",0.504557561236387,FALSE,TRUE,35
"2.2.2.3.2.2.2.2.2.2.1.2.3.2.2.1.2.2.2.2.2.2",0.518958407073802,FALSE,TRUE,36
"2.2.2.3.2.2.2.2.2.2.1.2.3.2.2.2.1.2.2.2.2.2",0.51027373669421,FALSE,TRUE,35
"2.2.2.3.2.2.2.2.2.2.1.2.3.2.2.2.2.1.2.2.2.2",0.500322863343287,FALSE,TRUE,36
"2.2.2.3.2.2.2.2.2.2.1.2.3.2.2.2.2.2.1.2.2.2",0.5278535354554,FALSE,TRUE,36
"2.2.2.3.2.2.2.2.2.2.1.2.3.2.2.2.2.2.2.1.2.2",0.502310029840192,FALSE,TRUE,36
"2.2.2.3.2.2.2.2.2.2.1.2.3.2.2.2.2.2.2.2.1.2",0.482950602341279,FALSE,TRUE,36
"2.2.2.3.2.2.2.2.2.2.1.2.3.2.2.2.2.2.2.2.2.1",0.48192315538579,FALSE,TRUE,36
"3.2.2.3.2.2.2.2.2.2.1.2.2.2.2.2.2.2.1.2.2.2",0.52596828708588,FALSE,TRUE,40
"2.2.3.3.2.2.2.2.2.2.1.2.2.2.2.2.2.2.1.2.2.2",0.600585191910246,FALSE,TRUE,40
"2.2.2.4.2.2.2.2.2.2.1.2.2.2.2.2.2.2.1.2.2.2",0.488300882916967,FALSE,TRUE,39
"2.2.2.3.3.2.2.2.2.2.1.2.2.2.2.2.2.2.1.2.2.2",0.47166283532143,FALSE,TRUE,40
"2.2.2.3.2.3.2.2.2.2.1.2.2.2.2.2.2.2.1.2.2.2",0.503246553945412,FALSE,TRUE,40
"2.2.2.3.2.2.3.2.2.2.1.2.2.2.2.2.2.2.1.2.2.2",0.510088929262205,FALSE,TRUE,40
"2.2.2.3.2.2.2.3.2.2.1.2.2.2.2.2.2.2.1.2.2.2",0.573656242804911,FALSE,TRUE,40
"2.2.2.3.2.2.2.2.3.2.1.2.2.2.2.2.2.2.1.2.2.2",0.49212554980078,FALSE,TRUE,39
"2.2.2.3.2.2.2.2.2.3.1.2.2.2.2.2.2.2.1.2.2.2",0.521932180541098,FALSE,TRUE,38
"2.2.2.3.2.2.2.2.2.2.1.3.2.2.2.2.2.2.1.2.2.2",0.574096676104138,FALSE,TRUE,38
"2.2.2.3.2.2.2.2.2.2.1.2.2.2.3.2.2.2.1.2.2.2",0.51826701129608,FALSE,TRUE,40
"2.2.2.3.2.2.2.2.2.2.1.2.2.2.2.3.2.2.1.2.2.2",0.520227185934519,FALSE,TRUE,40
"2.2.2.3.2.2.2.2.2.2.1.2.2.2.2.2.3.2.1.2.2.2",0.505077214619278,FALSE,TRUE,39
"2.2.2.3.2.2.2.2.2.2.1.2.2.2.2.2.2.3.1.2.2.2",0.520193558940294,FALSE,TRUE,40
"2.2.2.3.2.2.2.2.2.2.1.2.2.2.2.2.2.2.1.3.2.2",0.525477052654112,FALSE,TRUE,39
"2.2.2.3.2.2.2.2.2.2.1.2.2.2.2.2.2.2.1.2.3.2",0.516659542012308,FALSE,TRUE,40
"2.2.2.3.2.2.2.2.2.2.1.2.2.2.2.2.2.2.1.2.2.3",0.53611218313943,FALSE,TRUE,40
"1.2.2.3.2.2.2.2.2.2.1.2.2.2.2.2.2.2.1.2.2.2",0.478290778635889,FALSE,TRUE,39
"2.1.2.3.2.2.2.2.2.2.1.2.2.2.2.2.2.2.1.2.2.2",0.460948137170796,FALSE,TRUE,38
"2.2.1.3.2.2.2.2.2.2.1.2.2.2.2.2.2.2.1.2.2.2",0.396094587636686,FALSE,TRUE,39
"2.2.2.2.2.2.2.2.2.2.1.2.2.2.2.2.2.2.1.2.2.2",0.515310854688233,FALSE,TRUE,38
"2.2.2.3.1.2.2.2.2.2.1.2.2.2.2.2.2.2.1.2.2.2",0.520432005883812,FALSE,TRUE,39
"2.2.2.3.2.1.2.2.2.2.1.2.2.2.2.2.2.2.1.2.2.2",0.499105825565684,FALSE,TRUE,39
"2.2.2.3.2.2.1.2.2.2.1.2.2.2.2.2.2.2.1.2.2.2",0.495707528448235,FALSE,TRUE,38
"2.2.2.3.2.2.2.1.2.2.1.2.2.2.2.2.2.2.1.2.2.2",0.436598388110861,FALSE,TRUE,39
"2.2.2.3.2.2.2.2.1.2.1.2.2.2.2.2.2.2.1.2.2.2",0.509782881732177,FALSE,TRUE,39
"2.2.2.3.2.2.2.2.2.1.1.2.2.2.2.2.2.2.1.2.2.2",0.481664085167613,FALSE,TRUE,39
"2.2.2.3.2.2.2.2.2.2.1.1.2.2.2.2.2.2.1.2.2.2",0.409041882101876,FALSE,TRUE,39
"2.2.2.3.2.2.2.2.2.2.1.2.1.2.2.2.2.2.1.2.2.2",0.479839621730062,FALSE,TRUE,39
"2.2.2.3.2.2.2.2.2.2.1.2.2.1.2.2.2.2.1.2.2.2",0.533876272727165,FALSE,TRUE,39
"2.2.2.3.2.2.2.2.2.2.1.2.2.2.1.2.2.2.1.2.2.2",0.484694725010733,FALSE,TRUE,38
"2.2.2.3.2.2.2.2.2.2.1.2.2.2.2.1.2.2.1.2.2.2",0.489398039492586,FALSE,TRUE,39
"2.2.2.3.2.2.2.2.2.2.1.2.2.2.2.2.1.2.1.2.2.2",0.50211466317979,FALSE,TRUE,38
"2.2.2.3.2.2.2.2.2.2.1.2.2.2.2.2.2.1.1.2.2.2",0.48760242709038,FALSE,TRUE,39
"2.2.2.3.2.2.2.2.2.2.1.2.2.2.2.2.2.2.1.1.2.2",0.485289648452779,FALSE,TRUE,39
"2.2.2.3.2.2.2.2.2.2.1.2.2.2.2.2.2.2.1.2.1.2",0.470514433281504,FALSE,TRUE,39
"2.2.2.3.2.2.2.2.2.2.1.2.2.2.2.2.2.2.1.2.2.1",0.468116196447595,FALSE,TRUE,39
"2.3.2.3.2.2.2.2.2.3.1.2.3.2.2.2.2.2.2.2.2.2",0.608768121716288,FALSE,TRUE,37
"2.2.3.3.2.2.2.2.2.3.1.2.3.2.2.2.2.2.2.2.2.2",0.653902052293726,FALSE,TRUE,38
"2.2.2.4.2.2.2.2.2.3.1.2.3.2.2.2.2.2.2.2.2.2",0.546087059492205,FALSE,TRUE,37
"2.2.2.3.3.2.2.2.2.3.1.2.3.2.2.2.2.2.2.2.2.2",0.51428146325565,FALSE,TRUE,36
"2.2.2.3.2.3.2.2.2.3.1.2.3.2.2.2.2.2.2.2.2.2",0.542019367952912,FALSE,TRUE,38
"2.2.2.3.2.2.3.2.2.3.1.2.3.2.2.2.2.2.2.2.2.2",0.556142139381707,FALSE,TRUE,38
"2.2.2.3.2.2.2.3.2.3.1.2.3.2.2.2.2.2.2.2.2.2",0.634977702043567,FALSE,TRUE,38
"2.2.2.3.2.2.2.2.3.3.1.2.3.2.2.2.2.2.2.2.2.2",0.530202277711094,FALSE,TRUE,38
"2.2.2.3.2.2.2.2.2.3.1.3.3.2.2.2.2.2.2.2.2.2",0.62164468129864,FALSE,TRUE,38
"2.2.2.3.2.2.2.2.2.3.1.2.4.2.2.2.2.2.2.2.2.2",0.575493588071678,FALSE,TRUE,38
"2.2.2.3.2.2.2.2.2.3.1.2.3.3.2.2.2.2.2.2.2.2",0.534103486677416,FALSE,TRUE,37
"2.2.2.3.2.2.2.2.2.3.1.2.3.2.3.2.2.2.2.2.2.2",0.556955453666673,FALSE,TRUE,38
"2.2.2.3.2.2.2.2.2.3.1.2.3.2.2.3.2.2.2.2.2.2",0.55357239488198,FALSE,TRUE,38
"2.2.2.3.2.2.2.2.2.3.1.2.3.2.2.2.3.2.2.2.2.2",0.554763031040628,FALSE,TRUE,37
"2.2.2.3.2.2.2.2.2.3.1.2.3.2.2.2.2.3.2.2.2.2",0.569444588802429,FALSE,TRUE,37
"2.2.2.3.2.2.2.2.2.3.1.2.3.2.2.2.2.2.3.2.2.2",0.533450092643095,FALSE,TRUE,37
"2.2.2.3.2.2.2.2.2.3.1.2.3.2.2.2.2.2.2.2.3.2",0.569565539928278,FALSE,TRUE,38
"2.2.2.3.2.2.2.2.2.3.1.2.3.2.2.2.2.2.2.2.2.3",0.579813790588369,FALSE,TRUE,36
"1.2.2.3.2.2.2.2.2.3.1.2.3.2.2.2.2.2.2.2.2.2",0.515526286364059,FALSE,TRUE,38
"2.1.2.3.2.2.2.2.2.3.1.2.3.2.2.2.2.2.2.2.2.2",0.486534159192252,FALSE,TRUE,37
"2.2.1.3.2.2.2.2.2.3.1.2.3.2.2.2.2.2.2.2.2.2",0.42579719134269,FALSE,TRUE,37
"2.2.2.2.2.2.2.2.2.3.1.2.3.2.2.2.2.2.2.2.2.2",0.541765571992323,FALSE,TRUE,37
"2.2.2.3.1.2.2.2.2.3.1.2.3.2.2.2.2.2.2.2.2.2",0.561685399374569,FALSE,TRUE,37
"2.2.2.3.2.1.2.2.2.3.1.2.3.2.2.2.2.2.2.2.2.2",0.544512388175059,FALSE,TRUE,37
"2.2.2.3.2.2.1.2.2.3.1.2.3.2.2.2.2.2.2.2.2.2",0.532848660548902,FALSE,TRUE,37
"2.2.2.3.2.2.2.1.2.3.1.2.3.2.2.2.2.2.2.2.2.2",0.458705124679159,FALSE,TRUE,37
"2.2.2.3.2.2.2.2.1.3.1.2.3.2.2.2.2.2.2.2.2.2",0.555307999402319,FALSE,TRUE,37
"2.2.2.3.2.2.2.2.2.3.1.1.3.2.2.2.2.2.2.2.2.2",0.445337772136926,FALSE,TRUE,37
"2.2.2.3.2.2.2.2.2.3.1.2.3.1.2.2.2.2.2.2.2.2",0.56382277886409,FALSE,TRUE,37
"2.2.2.3.2.2.2.2.2.3.1.2.3.2.1.2.2.2.2.2.2.2",0.529799618607547,FALSE,TRUE,37
"2.2.2.3.2.2.2.2.2.3.1.2.3.2.2.1.2.2.2.2.2.2",0.539459186258104,FALSE,TRUE,37
"2.2.2.3.2.2.2.2.2.3.1.2.3.2.2.2.1.2.2.2.2.2",0.536228758076563,FALSE,TRUE,37
"2.2.2.3.2.2.2.2.2.3.1.2.3.2.2.2.2.1.2.2.2.2",0.521703838995781,FALSE,TRUE,37
"2.2.2.3.2.2.2.2.2.3.1.2.3.2.2.2.2.2.1.2.2.2",0.554218660324638,FALSE,TRUE,36
"2.2.2.3.2.2.2.2.2.3.1.2.3.2.2.2.2.2.2.1.2.2",0.521382293849296,FALSE,TRUE,38
"2.2.2.3.2.2.2.2.2.3.1.2.3.2.2.2.2.2.2.2.1.2",0.50190721526581,FALSE,TRUE,37
"2.2.2.3.2.2.2.2.2.3.1.2.3.2.2.2.2.2.2.2.2.1",0.508781893858475,FALSE,TRUE,37
"3.2.2.2.2.2.2.2.2.2.1.2.3.2.2.2.2.2.2.2.2.2",0.542151220959598,FALSE,TRUE,39
"2.3.2.2.2.2.2.2.2.2.1.2.3.2.2.2.2.2.2.2.2.2",0.58129454324262,FALSE,TRUE,38
"2.2.3.2.2.2.2.2.2.2.1.2.3.2.2.2.2.2.2.2.2.2",0.633984779530063,FALSE,TRUE,40
"2.2.2.2.3.2.2.2.2.2.1.2.3.2.2.2.2.2.2.2.2.2",0.494548849106975,FALSE,TRUE,40
"2.2.2.2.2.3.2.2.2.2.1.2.3.2.2.2.2.2.2.2.2.2",0.514809038093975,FALSE,TRUE,40
"2.2.2.2.2.2.3.2.2.2.1.2.3.2.2.2.2.2.2.2.2.2",0.530312472009354,FALSE,TRUE,40
"2.2.2.2.2.2.2.3.2.2.1.2.3.2.2.2.2.2.2.2.2.2",0.610259662094678,FALSE,TRUE,40
"2.2.2.2.2.2.2.2.3.2.1.2.3.2.2.2.2.2.2.2.2.2",0.502552390186604,FALSE,TRUE,40
"2.2.2.2.2.2.2.2.2.2.1.3.3.2.2.2.2.2.2.2.2.2",0.606815211042202,FALSE,TRUE,40
"2.2.2.2.2.2.2.2.2.2.1.2.4.2.2.2.2.2.2.2.2.2",0.53586171137602,FALSE,TRUE,40
"2.2.2.2.2.2.2.2.2.2.1.2.3.3.2.2.2.2.2.2.2.2",0.510434625258049,FALSE,TRUE,39
"2.2.2.2.2.2.2.2.2.2.1.2.3.2.3.2.2.2.2.2.2.2",0.537744893667587,FALSE,TRUE,40
"2.2.2.2.2.2.2.2.2.2.1.2.3.2.2.3.2.2.2.2.2.2",0.521766888802743,FALSE,TRUE,40
"2.2.2.2.2.2.2.2.2.2.1.2.3.2.2.2.3.2.2.2.2.2",0.541258671001476,FALSE,TRUE,39
"2.2.2.2.2.2.2.2.2.2.1.2.3.2.2.2.2.2.3.2.2.2",0.505942780760711,FALSE,TRUE,40
"2.2.2.2.2.2.2.2.2.2.1.2.3.2.2.2.2.2.2.3.2.2",0.540471357603319,FALSE,TRUE,39
"2.2.2.2.2.2.2.2.2.2.1.2.3.2.2.2.2.2.2.2.3.2",0.548293722011555,FALSE,TRUE,40
"2.2.2.2.2.2.2.2.2.2.1.2.3.2.2.2.2.2.2.2.2.3",0.560092106236048,FALSE,TRUE,40
"1.2.2.2.2.2.2.2.2.2.1.2.3.2.2.2.2.2.2.2.2.2",0.494785100525488,FALSE,TRUE,39
"2.1.2.2.2.2.2.2.2.2.1.2.3.2.2.2.2.2.2.2.2.2",0.465072268594865,FALSE,TRUE,39
"2.2.1.2.2.2.2.2.2.2.1.2.3.2.2.2.2.2.2.2.2.2",0.398324959906822,FALSE,TRUE,39
"2.2.2.1.2.2.2.2.2.2.1.2.3.2.2.2.2.2.2.2.2.2",0.505489621777808,FALSE,TRUE,40
"2.2.2.2.1.2.2.2.2.2.1.2.3.2.2.2.2.2.2.2.2.2",0.531888297778346,FALSE,TRUE,39
"2.2.2.2.2.1.2.2.2.2.1.2.3.2.2.2.2.2.2.2.2.2",0.521215427702893,FALSE,TRUE,39
"2.2.2.2.2.2.1.2.2.2.1.2.3.2.2.2.2.2.2.2.2.2",0.509618805953402,FALSE,TRUE,39
"2.2.2.2.2.2.2.1.2.2.1.2.3.2.2.2.2.2.2.2.2.2",0.435784204561591,FALSE,TRUE,39
"2.2.2.2.2.2.2.2.1.2.1.2.3.2.2.2.2.2.2.2.2.2",0.532229102706818,FALSE,TRUE,39
"2.2.2.2.2.2.2.2.2.1.1.2.3.2.2.2.2.2.2.2.2.2",0.497086420716586,FALSE,TRUE,39
"2.2.2.2.2.2.2.2.2.2.1.1.3.2.2.2.2.2.2.2.2.2",0.411957341517982,FALSE,TRUE,39
"2.2.2.2.2.2.2.2.2.2.1.2.3.1.2.2.2.2.2.2.2.2",0.538881168230365,FALSE,TRUE,39
"2.2.2.2.2.2.2.2.2.2.1.2.3.2.1.2.2.2.2.2.2.2",0.499712377176184,FALSE,TRUE,39
"2.2.2.2.2.2.2.2.2.2.1.2.3.2.2.1.2.2.2.2.2.2",0.520967973714534,FALSE,TRUE,39
"2.2.2.2.2.2.2.2.2.2.1.2.3.2.2.2.1.2.2.2.2.2",0.501421445007824,FALSE,TRUE,37
"2.2.2.2.2.2.2.2.2.2.1.2.3.2.2.2.2.1.2.2.2.2",0.489370494620476,FALSE,TRUE,40
"2.2.2.2.2.2.2.2.2.2.1.2.3.2.2.2.2.2.1.2.2.2",0.531351096132086,FALSE,TRUE,38
"2.2.2.2.2.2.2.2.2.2.1.2.3.2.2.2.2.2.2.1.2.2",0.504127587282283,FALSE,TRUE,39
"2.2.2.2.2.2.2.2.2.2.1.2.3.2.2.2.2.2.2.2.1.2",0.47433124805707,FALSE,TRUE,39
"2.2.2.2.2.2.2.2.2.2.1.2.3.2.2.2.2.2.2.2.2.1",0.479631009810999,FALSE,TRUE,39
"3.2.2.3.2.2.2.2.3.2.1.2.2.3.2.2.2.2.2.2.2.2",0.476506400838654,FALSE,TRUE,39
"2.2.3.3.2.2.2.2.3.2.1.2.2.3.2.2.2.2.2.2.2.2",0.55841068747438,FALSE,TRUE,39
"2.2.2.4.2.2.2.2.3.2.1.2.2.3.2.2.2.2.2.2.2.2",0.43782150309551,FALSE,TRUE,39
"2.2.2.3.3.2.2.2.3.2.1.2.2.3.2.2.2.2.2.2.2.2",0.413479801430962,FALSE,TRUE,39
"2.2.2.3.2.3.2.2.3.2.1.2.2.3.2.2.2.2.2.2.2.2",0.437232788587531,FALSE,TRUE,39
"2.2.2.3.2.2.3.2.3.2.1.2.2.3.2.2.2.2.2.2.2.2",0.449765377791529,FALSE,TRUE,39
"2.2.2.3.2.2.2.2.4.2.1.2.2.3.2.2.2.2.2.2.2.2",0.419492295067195,FALSE,TRUE,40
"2.2.2.3.2.2.2.2.3.3.1.2.2.3.2.2.2.2.2.2.2.2",0.472581304045363,FALSE,TRUE,39
"2.2.2.3.2.2.2.2.3.2.2.2.2.3.2.2.2.2.2.2.2.2",0.408677820201436,FALSE,TRUE,39
"2.2.2.3.2.2.2.2.3.2.1.3.2.3.2.2.2.2.2.2.2.2",0.5153665765369,FALSE,TRUE,39
"2.2.2.3.2.2.2.2.3.2.1.2.3.3.2.2.2.2.2.2.2.2",0.485057945099651,FALSE,TRUE,38
"2.2.2.3.2.2.2.2.3.2.1.2.2.4.2.2.2.2.2.2.2.2",0.430119088081754,FALSE,TRUE,39
"2.2.2.3.2.2.2.2.3.2.1.2.2.3.3.2.2.2.2.2.2.2",0.46575667251736,FALSE,TRUE,39
"2.2.2.3.2.2.2.2.3.2.1.2.2.3.2.3.2.2.2.2.2.2",0.454096580560018,FALSE,TRUE,39
"2.2.2.3.2.2.2.2.3.2.1.2.2.3.2.2.3.2.2.2.2.2",0.458812789810406,FALSE,TRUE,38
"2.2.2.3.2.2.2.2.3.2.1.2.2.3.2.2.2.3.2.2.2.2",0.47213532286706,FALSE,TRUE,39
"2.2.2.3.2.2.2.2.3.2.1.2.2.3.2.2.2.2.3.2.2.2",0.430016596042888,FALSE,TRUE,39
"2.2.2.3.2.2.2.2.3.2.1.2.2.3.2.2.2.2.2.3.2.2",0.489209583582036,FALSE,TRUE,39
"2.2.2.3.2.2.2.2.3.2.1.2.2.3.2.2.2.2.2.2.3.2",0.46333159505836,FALSE,TRUE,39
"2.2.2.3.2.2.2.2.3.2.1.2.2.3.2.2.2.2.2.2.2.3",0.487460250115694,FALSE,TRUE,39
"1.2.2.3.2.2.2.2.3.2.1.2.2.3.2.2.2.2.2.2.2.2",0.419685800875741,FALSE,TRUE,38
"2.1.2.3.2.2.2.2.3.2.1.2.2.3.2.2.2.2.2.2.2.2",0.402407761774153,FALSE,TRUE,39
"2.2.1.3.2.2.2.2.3.2.1.2.2.3.2.2.2.2.2.2.2.2",0.334595500319606,FALSE,TRUE,38
"2.2.2.2.2.2.2.2.3.2.1.2.2.3.2.2.2.2.2.2.2.2",0.461744056558269,FALSE,TRUE,39
"2.2.2.3.1.2.2.2.3.2.1.2.2.3.2.2.2.2.2.2.2.2",0.476275200651535,FALSE,TRUE,38
"2.2.2.3.2.1.2.2.3.2.1.2.2.3.2.2.2.2.2.2.2.2",0.458963012260976,FALSE,TRUE,38
"2.2.2.3.2.2.1.2.3.2.1.2.2.3.2.2.2.2.2.2.2.2",0.449627175717087,FALSE,TRUE,38
"2.2.2.3.2.2.2.1.3.2.1.2.2.3.2.2.2.2.2.2.2.2",0.366617859921138,FALSE,TRUE,39
"2.2.2.3.2.2.2.2.3.1.1.2.2.3.2.2.2.2.2.2.2.2",0.425097825097824,FALSE,TRUE,38
"2.2.2.3.2.2.2.2.3.2.1.1.2.3.2.2.2.2.2.2.2.2",0.361027520210235,FALSE,TRUE,38
"2.2.2.3.2.2.2.2.3.2.1.2.1.3.2.2.2.2.2.2.2.2",0.416501708646003,FALSE,TRUE,38
"2.2.2.3.2.2.2.2.3.2.1.2.2.3.1.2.2.2.2.2.2.2",0.432585408186526,FALSE,TRUE,38
"2.2.2.3.2.2.2.2.3.2.1.2.2.3.2.1.2.2.2.2.2.2",0.448148313903423,FALSE,TRUE,38
"2.2.2.3.2.2.2.2.3.2.1.2.2.3.2.2.1.2.2.2.2.2",0.441828633679344,FALSE,TRUE,38
"2.2.2.3.2.2.2.2.3.2.1.2.2.3.2.2.2.1.2.2.2.2",0.429588416421346,FALSE,TRUE,38
"2.2.2.3.2.2.2.2.3.2.1.2.2.3.2.2.2.2.1.2.2.2",0.467773794047922,FALSE,TRUE,37
"2.2.2.3.2.2.2.2.3.2.1.2.2.3.2.2.2.2.2.1.2.2",0.416800347674495,FALSE,TRUE,38
"2.2.2.3.2.2.2.2.3.2.1.2.2.3.2.2.2.2.2.2.1.2",0.421969909335516,FALSE,TRUE,38
"2.2.2.3.2.2.2.2.3.2.1.2.2.3.2.2.2.2.2.2.2.1",0.411134899588354,FALSE,TRUE,38
"3.3.2.3.2.2.2.2.2.2.2.2.2.2.2.2.2.2.2.2.2.2",0.527045429155334,FALSE,TRUE,40
"2.4.2.3.2.2.2.2.2.2.2.2.2.2.2.2.2.2.2.2.2.2",0.546834916741213,FALSE,TRUE,41
"2.3.3.3.2.2.2.2.2.2.2.2.2.2.2.2.2.2.2.2.2.2",0.60311610147912,FALSE,TRUE,40
"2.3.2.4.2.2.2.2.2.2.2.2.2.2.2.2.2.2.2.2.2.2",0.488789020538755,FALSE,TRUE,40
"2.3.2.3.3.2.2.2.2.2.2.2.2.2.2.2.2.2.2.2.2.2",0.459505198406921,FALSE,TRUE,39
"2.3.2.3.2.3.2.2.2.2.2.2.2.2.2.2.2.2.2.2.2.2",0.491866898883475,FALSE,TRUE,40
"2.3.2.3.2.2.3.2.2.2.2.2.2.2.2.2.2.2.2.2.2.2",0.506351228782916,FALSE,TRUE,40
"2.3.2.3.2.2.2.3.2.2.2.2.2.2.2.2.2.2.2.2.2.2",0.584788942013956,FALSE,TRUE,40
"2.3.2.3.2.2.2.2.3.2.2.2.2.2.2.2.2.2.2.2.2.2",0.478300055450984,FALSE,TRUE,40
"2.3.2.3.2.2.2.2.2.2.3.2.2.2.2.2.2.2.2.2.2.2",0.458971190768015,FALSE,TRUE,41
"2.3.2.3.2.2.2.2.2.2.2.3.2.2.2.2.2.2.2.2.2.2",0.559683583043217,FALSE,TRUE,40
"2.3.2.3.2.2.2.2.2.2.2.2.3.2.2.2.2.2.2.2.2.2",0.543164423129296,FALSE,TRUE,40
"2.3.2.3.2.2.2.2.2.2.2.2.2.3.2.2.2.2.2.2.2.2",0.478801164823265,FALSE,TRUE,37
"2.3.2.3.2.2.2.2.2.2.2.2.2.2.3.2.2.2.2.2.2.2",0.514884512807584,FALSE,TRUE,40
"2.3.2.3.2.2.2.2.2.2.2.2.2.2.2.3.2.2.2.2.2.2",0.518212185937738,FALSE,TRUE,40
"2.3.2.3.2.2.2.2.2.2.2.2.2.2.2.2.3.2.2.2.2.2",0.502629949869396,FALSE,TRUE,40
"2.3.2.3.2.2.2.2.2.2.2.2.2.2.2.2.2.3.2.2.2.2",0.526901356175404,FALSE,TRUE,40
"2.3.2.3.2.2.2.2.2.2.2.2.2.2.2.2.2.2.3.2.2.2",0.495361569503498,FALSE,TRUE,39
"2.3.2.3.2.2.2.2.2.2.2.2.2.2.2.2.2.2.2.3.2.2",0.545743196255691,FALSE,TRUE,40
"2.3.2.3.2.2.2.2.2.2.2.2.2.2.2.2.2.2.2.2.3.2",0.518049576235624,FALSE,TRUE,40
"2.3.2.3.2.2.2.2.2.2.2.2.2.2.2.2.2.2.2.2.2.3",0.534516351096818,FALSE,TRUE,39
"1.3.2.3.2.2.2.2.2.2.2.2.2.2.2.2.2.2.2.2.2.2",0.480052591447905,FALSE,TRUE,39
"2.3.1.3.2.2.2.2.2.2.2.2.2.2.2.2.2.2.2.2.2.2",0.398569378544259,FALSE,TRUE,39
"2.3.2.3.1.2.2.2.2.2.2.2.2.2.2.2.2.2.2.2.2.2",0.539188904578489,FALSE,TRUE,39
"2.3.2.3.2.1.2.2.2.2.2.2.2.2.2.2.2.2.2.2.2.2",0.514829519150333,FALSE,TRUE,39
"2.3.2.3.2.2.1.2.2.2.2.2.2.2.2.2.2.2.2.2.2.2",0.504824032200676,FALSE,TRUE,38
"2.3.2.3.2.2.2.1.2.2.2.2.2.2.2.2.2.2.2.2.2.2",0.430078639949944,FALSE,TRUE,39
"2.3.2.3.2.2.2.2.2.1.2.2.2.2.2.2.2.2.2.2.2.2",0.48321803468673,FALSE,TRUE,39
"2.3.2.3.2.2.2.2.2.2.2.1.2.2.2.2.2.2.2.2.2.2",0.426036004432771,FALSE,TRUE,39
"2.3.2.3.2.2.2.2.2.2.2.2.1.2.2.2.2.2.2.2.2.2",0.469676206217692,FALSE,TRUE,39
"2.3.2.3.2.2.2.2.2.2.2.2.2.1.2.2.2.2.2.2.2.2",0.54114477586121,FALSE,TRUE,38
"2.3.2.3.2.2.2.2.2.2.2.2.2.2.1.2.2.2.2.2.2.2",0.493682791892897,FALSE,TRUE,37
"2.3.2.3.2.2.2.2.2.2.2.2.2.2.2.1.2.2.2.2.2.2",0.494215982605709,FALSE,TRUE,39
"2.3.2.3.2.2.2.2.2.2.2.2.2.2.2.2.1.2.2.2.2.2",0.508874178602401,FALSE,TRUE,37
"2.3.2.3.2.2.2.2.2.2.2.2.2.2.2.2.2.1.2.2.2.2",0.484823533939138,FALSE,TRUE,39
"2.3.2.3.2.2.2.2.2.2.2.2.2.2.2.2.2.2.1.2.2.2",0.51241014166298,FALSE,TRUE,39
"2.3.2.3.2.2.2.2.2.2.2.2.2.2.2.2.2.2.2.1.2.2",0.471027854615322,FALSE,TRUE,39
"2.3.2.3.2.2.2.2.2.2.2.2.2.2.2.2.2.2.2.2.1.2",0.47670547508159,FALSE,TRUE,39
"2.3.2.3.2.2.2.2.2.2.2.2.2.2.2.2.2.2.2.2.2.1",0.475220035665691,FALSE,TRUE,39
"3.2.2.3.2.2.2.2.2.3.1.2.3.2.2.2.2.2.2.3.2.2",0.59163759281584,FALSE,TRUE,38
"2.3.2.3.2.2.2.2.2.3.1.2.3.2.2.2.2.2.2.3.2.2",0.634118249566379,FALSE,TRUE,36
"2.2.3.3.2.2.2.2.2.3.1.2.3.2.2.2.2.2.2.3.2.2",0.677758603290625,FALSE,TRUE,38
"2.2.2.4.2.2.2.2.2.3.1.2.3.2.2.2.2.2.2.3.2.2",0.570928632578845,FALSE,TRUE,36
"2.2.2.3.3.2.2.2.2.3.1.2.3.2.2.2.2.2.2.3.2.2",0.542601250651477,FALSE,TRUE,38
"2.2.2.3.2.3.2.2.2.3.1.2.3.2.2.2.2.2.2.3.2.2",0.567559143009456,FALSE,TRUE,38
"2.2.2.3.2.2.3.2.2.3.1.2.3.2.2.2.2.2.2.3.2.2",0.584625586232606,FALSE,TRUE,38
"2.2.2.3.2.2.2.3.2.3.1.2.3.2.2.2.2.2.2.3.2.2",0.654972413531676,FALSE,TRUE,38
"2.2.2.3.2.2.2.2.3.3.1.2.3.2.2.2.2.2.2.3.2.2",0.56008851443846,FALSE,TRUE,38
"2.2.2.3.2.2.2.2.2.4.1.2.3.2.2.2.2.2.2.3.2.2",0.577097664157217,FALSE,TRUE,38
"2.2.2.3.2.2.2.2.2.3.2.2.3.2.2.2.2.2.2.3.2.2",0.547455288591935,FALSE,TRUE,38
"2.2.2.3.2.2.2.2.2.3.1.2.4.2.2.2.2.2.2.3.2.2",0.591370875722991,FALSE,TRUE,37
"2.2.2.3.2.2.2.2.2.3.1.2.3.3.2.2.2.2.2.3.2.2",0.55934862811576,FALSE,TRUE,38
"2.2.2.3.2.2.2.2.2.3.1.2.3.2.2.3.2.2.2.3.2.2",0.573494419945804,FALSE,TRUE,38
"2.2.2.3.2.2.2.2.2.3.1.2.3.2.2.2.3.2.2.3.2.2",0.580457674578802,FALSE,TRUE,38
"2.2.2.3.2.2.2.2.2.3.1.2.3.2.2.2.2.3.2.3.2.2",0.587867955126182,FALSE,TRUE,38
"2.2.2.3.2.2.2.2.2.3.1.2.3.2.2.2.2.2.3.3.2.2",0.557480615912756,FALSE,TRUE,36
"2.2.2.3.2.2.2.2.2.3.1.2.3.2.2.2.2.2.2.3.3.2",0.597525533783175,FALSE,TRUE,38
"2.2.2.3.2.2.2.2.2.3.1.2.3.2.2.2.2.2.2.3.2.3",0.603783486225444,FALSE,TRUE,38
"1.2.2.3.2.2.2.2.2.3.1.2.3.2.2.2.2.2.2.3.2.2",0.53589360435999,FALSE,TRUE,37
"2.1.2.3.2.2.2.2.2.3.1.2.3.2.2.2.2.2.2.3.2.2",0.499573177724756,FALSE,TRUE,37
"2.2.1.3.2.2.2.2.2.3.1.2.3.2.2.2.2.2.2.3.2.2",0.440337186731278,FALSE,TRUE,37
"2.2.2.2.2.2.2.2.2.3.1.2.3.2.2.2.2.2.2.3.2.2",0.555237146034014,FALSE,TRUE,37
"2.2.2.3.1.2.2.2.2.3.1.2.3.2.2.2.2.2.2.3.2.2",0.571506600963114,FALSE,TRUE,37
"2.2.2.3.2.1.2.2.2.3.1.2.3.2.2.2.2.2.2.3.2.2",0.55833523511858,FALSE,TRUE,37
"2.2.2.3.2.2.1.2.2.3.1.2.3.2.2.2.2.2.2.3.2.2",0.542934994189517,FALSE,TRUE,37
"2.2.2.3.2.2.2.1.2.3.1.2.3.2.2.2.2.2.2.3.2.2",0.476223515210962,FALSE,TRUE,37
"2.2.2.3.2.2.2.2.1.3.1.2.3.2.2.2.2.2.2.3.2.2",0.564383158973147,FALSE,TRUE,37
"2.2.2.3.2.2.2.2.2.3.1.1.3.2.2.2.2.2.2.3.2.2",0.455675875838903,FALSE,TRUE,38
"2.2.2.3.2.2.2.2.2.3.1.2.2.2.2.2.2.2.2.3.2.2",0.535961715881302,FALSE,TRUE,35
"2.2.2.3.2.2.2.2.2.3.1.2.3.1.2.2.2.2.2.3.2.2",0.576689163743628,FALSE,TRUE,37
"2.2.2.3.2.2.2.2.2.3.1.2.3.2.1.2.2.2.2.3.2.2",0.545877715567499,FALSE,TRUE,38
"2.2.2.3.2.2.2.2.2.3.1.2.3.2.2.1.2.2.2.3.2.2",0.558830682415928,FALSE,TRUE,37
"2.2.2.3.2.2.2.2.2.3.1.2.3.2.2.2.1.2.2.3.2.2",0.5497787593582,FALSE,TRUE,37
"2.2.2.3.2.2.2.2.2.3.1.2.3.2.2.2.2.1.2.3.2.2",0.542040449817772,FALSE,TRUE,37
"2.2.2.3.2.2.2.2.2.3.1.2.3.2.2.2.2.2.1.3.2.2",0.56924333584573,FALSE,TRUE,37
"2.2.2.3.2.2.2.2.2.3.1.2.3.2.2.2.2.2.2.3.1.2",0.511974712975661,FALSE,TRUE,37
"2.2.2.3.2.2.2.2.2.3.1.2.3.2.2.2.2.2.2.3.2.1",0.524152620911319,FALSE,TRUE,37
"3.2.2.4.2.2.2.2.2.2.1.2.3.2.2.2.2.2.2.2.2.2",0.533770563226834,FALSE,TRUE,39
"2.3.2.4.2.2.2.2.2.2.1.2.3.2.2.2.2.2.2.2.2.2",0.561707942670207,FALSE,TRUE,39
"2.2.3.4.2.2.2.2.2.2.1.2.3.2.2.2.2.2.2.2.2.2",0.623875502436284,FALSE,TRUE,40
"2.2.2.5.2.2.2.2.2.2.1.2.3.2.2.2.2.2.2.2.2.2",0.486972298787493,FALSE,TRUE,41
"2.2.2.4.3.2.2.2.2.2.1.2.3.2.2.2.2.2.2.2.2.2",0.47409935709266,FALSE,TRUE,40
"2.2.2.4.2.3.2.2.2.2.1.2.3.2.2.2.2.2.2.2.2.2",0.510029200120799,FALSE,TRUE,40
"2.2.2.4.2.2.3.2.2.2.1.2.3.2.2.2.2.2.2.2.2.2",0.521281851728678,FALSE,TRUE,40
"2.2.2.4.2.2.2.3.2.2.1.2.3.2.2.2.2.2.2.2.2.2",0.593046833753291,FALSE,TRUE,40
"2.2.2.4.2.2.2.2.3.2.1.2.3.2.2.2.2.2.2.2.2.2",0.49515859509043,FALSE,TRUE,40
"2.2.2.4.2.2.2.2.2.2.2.2.3.2.2.2.2.2.2.2.2.2",0.477700276245704,FALSE,TRUE,40
"2.2.2.4.2.2.2.2.2.2.1.3.3.2.2.2.2.2.2.2.2.2",0.594079039144834,FALSE,TRUE,40
"2.2.2.4.2.2.2.2.2.2.1.2.4.2.2.2.2.2.2.2.2.2",0.526620944600361,FALSE,TRUE,40
"2.2.2.4.2.2.2.2.2.2.1.2.3.3.2.2.2.2.2.2.2.2",0.484092552287281,FALSE,TRUE,39
"2.2.2.4.2.2.2.2.2.2.1.2.3.2.3.2.2.2.2.2.2.2",0.52589235796572,FALSE,TRUE,40
"2.2.2.4.2.2.2.2.2.2.1.2.3.2.2.3.2.2.2.2.2.2",0.521964019053076,FALSE,TRUE,40
"2.2.2.4.2.2.2.2.2.2.1.2.3.2.2.2.3.2.2.2.2.2",0.519853560817772,FALSE,TRUE,39
"2.2.2.4.2.2.2.2.2.2.1.2.3.2.2.2.2.3.2.2.2.2",0.52522340544777,FALSE,TRUE,40
"2.2.2.4.2.2.2.2.2.2.1.2.3.2.2.2.2.2.2.3.2.2",0.539323676461283,FALSE,TRUE,38
"2.2.2.4.2.2.2.2.2.2.1.2.3.2.2.2.2.2.2.2.3.2",0.529387253975373,FALSE,TRUE,39
"2.2.2.4.2.2.2.2.2.2.1.2.3.2.2.2.2.2.2.2.2.3",0.552773309060389,FALSE,TRUE,40
"1.2.2.4.2.2.2.2.2.2.1.2.3.2.2.2.2.2.2.2.2.2",0.482956166291424,FALSE,TRUE,39
"2.1.2.4.2.2.2.2.2.2.1.2.3.2.2.2.2.2.2.2.2.2",0.461309528549534,FALSE,TRUE,39
"2.2.1.4.2.2.2.2.2.2.1.2.3.2.2.2.2.2.2.2.2.2",0.385249506337577,FALSE,TRUE,39
"2.2.2.4.1.2.2.2.2.2.1.2.3.2.2.2.2.2.2.2.2.2",0.533418380004774,FALSE,TRUE,39
"2.2.2.4.2.1.2.2.2.2.1.2.3.2.2.2.2.2.2.2.2.2",0.506459434506016,FALSE,TRUE,39
"2.2.2.4.2.2.1.2.2.2.1.2.3.2.2.2.2.2.2.2.2.2",0.498008628657519,FALSE,TRUE,39
"2.2.2.4.2.2.2.1.2.2.1.2.3.2.2.2.2.2.2.2.2.2",0.427927829634985,FALSE,TRUE,39
"2.2.2.4.2.2.2.2.1.2.1.2.3.2.2.2.2.2.2.2.2.2",0.5214435138557,FALSE,TRUE,39
"2.2.2.4.2.2.2.2.2.1.1.2.3.2.2.2.2.2.2.2.2.2",0.472307536201115,FALSE,TRUE,39
"2.2.2.4.2.2.2.2.2.2.1.1.3.2.2.2.2.2.2.2.2.2",0.402072889182839,FALSE,TRUE,39
"2.2.2.4.2.2.2.2.2.2.1.2.3.1.2.2.2.2.2.2.2.2",0.54295280601206,FALSE,TRUE,39
"2.2.2.4.2.2.2.2.2.2.1.2.3.2.1.2.2.2.2.2.2.2",0.490262283622416,FALSE,TRUE,39
"2.2.2.4.2.2.2.2.2.2.1.2.3.2.2.1.2.2.2.2.2.2",0.499364933613388,FALSE,TRUE,39
"2.2.2.4.2.2.2.2.2.2.1.2.3.2.2.2.1.2.2.2.2.2",0.500648753835813,FALSE,TRUE,39
"2.2.2.4.2.2.2.2.2.2.1.2.3.2.2.2.2.1.2.2.2.2",0.494566054422602,FALSE,TRUE,39
"2.2.2.4.2.2.2.2.2.2.1.2.3.2.2.2.2.2.1.2.2.2",0.506572195849382,FALSE,TRUE,39
"2.2.2.4.2.2.2.2.2.2.1.2.3.2.2.2.2.2.2.1.2.2",0.48528367211146,FALSE,TRUE,39
"2.2.2.4.2.2.2.2.2.2.1.2.3.2.2.2.2.2.2.2.1.2",0.473552821557922,FALSE,TRUE,39
"2.2.2.4.2.2.2.2.2.2.1.2.3.2.2.2.2.2.2.2.2.1",0.465969633774214,FALSE,TRUE,39
"3.3.2.3.2.2.2.2.2.2.1.2.2.2.2.2.1.2.2.2.2.2",0.553821410772453,FALSE,TRUE,38
"2.4.2.3.2.2.2.2.2.2.1.2.2.2.2.2.1.2.2.2.2.2",0.578810635387739,FALSE,TRUE,38
"2.3.3.3.2.2.2.2.2.2.1.2.2.2.2.2.1.2.2.2.2.2",0.646692984768822,FALSE,TRUE,38
"2.3.2.4.2.2.2.2.2.2.1.2.2.2.2.2.1.2.2.2.2.2",0.530734276903079,FALSE,TRUE,39
"2.3.2.3.3.2.2.2.2.2.1.2.2.2.2.2.1.2.2.2.2.2",0.503167348177349,FALSE,TRUE,38
"2.3.2.3.2.3.2.2.2.2.1.2.2.2.2.2.1.2.2.2.2.2",0.530593231644867,FALSE,TRUE,38
"2.3.2.3.2.2.3.2.2.2.1.2.2.2.2.2.1.2.2.2.2.2",0.54455985888868,FALSE,TRUE,38
"2.3.2.3.2.2.2.3.2.2.1.2.2.2.2.2.1.2.2.2.2.2",0.616459327253458,FALSE,TRUE,38
"2.3.2.3.2.2.2.2.3.2.1.2.2.2.2.2.1.2.2.2.2.2",0.510599196860332,FALSE,TRUE,38
"2.3.2.3.2.2.2.2.2.3.1.2.2.2.2.2.1.2.2.2.2.2",0.563591420874457,FALSE,TRUE,38
"2.3.2.3.2.2.2.2.2.2.1.3.2.2.2.2.1.2.2.2.2.2",0.613519756421677,FALSE,TRUE,38
"2.3.2.3.2.2.2.2.2.2.1.2.3.2.2.2.1.2.2.2.2.2",0.557795968746504,FALSE,TRUE,37
"2.3.2.3.2.2.2.2.2.2.1.2.2.2.3.2.1.2.2.2.2.2",0.551421596537234,FALSE,TRUE,38
"2.3.2.3.2.2.2.2.2.2.1.2.2.2.2.3.1.2.2.2.2.2",0.546135537989047,FALSE,TRUE,38
"2.3.2.3.2.2.2.2.2.2.1.2.2.2.2.2.1.3.2.2.2.2",0.570406937975886,FALSE,TRUE,38
"2.3.2.3.2.2.2.2.2.2.1.2.2.2.2.2.1.2.3.2.2.2",0.52802346845042,FALSE,TRUE,37
"2.3.2.3.2.2.2.2.2.2.1.2.2.2.2.2.1.2.2.3.2.2",0.563733418656461,FALSE,TRUE,38
"2.3.2.3.2.2.2.2.2.2.1.2.2.2.2.2.1.2.2.2.3.2",0.554006987884181,FALSE,TRUE,38
"2.3.2.3.2.2.2.2.2.2.1.2.2.2.2.2.1.2.2.2.2.3",0.573217577543401,FALSE,TRUE,38
"1.3.2.3.2.2.2.2.2.2.1.2.2.2.2.2.1.2.2.2.2.2",0.516200269253592,FALSE,TRUE,37
"2.3.1.3.2.2.2.2.2.2.1.2.2.2.2.2.1.2.2.2.2.2",0.417648510109746,FALSE,TRUE,37
"2.3.2.3.1.2.2.2.2.2.1.2.2.2.2.2.1.2.2.2.2.2",0.556912205513185,FALSE,TRUE,37
"2.3.2.3.2.1.2.2.2.2.1.2.2.2.2.2.1.2.2.2.2.2",0.538770210197228,FALSE,TRUE,37
"2.3.2.3.2.2.1.2.2.2.1.2.2.2.2.2.1.2.2.2.2.2",0.530051530074297,FALSE,TRUE,37
"2.3.2.3.2.2.2.1.2.2.1.2.2.2.2.2.1.2.2.2.2.2",0.460075192766615,FALSE,TRUE,37
"2.3.2.3.2.2.2.2.1.2.1.2.2.2.2.2.1.2.2.2.2.2",0.5583273524641,FALSE,TRUE,36
"2.3.2.3.2.2.2.2.2.1.1.2.2.2.2.2.1.2.2.2.2.2",0.509028388781344,FALSE,TRUE,37
"2.3.2.3.2.2.2.2.2.2.1.1.2.2.2.2.1.2.2.2.2.2",0.436238470491438,FALSE,TRUE,37
"2.3.2.3.2.2.2.2.2.2.1.2.1.2.2.2.1.2.2.2.2.2",0.519188019450887,FALSE,TRUE,37
"2.3.2.3.2.2.2.2.2.2.1.2.2.1.2.2.1.2.2.2.2.2",0.56631154067365,FALSE,TRUE,38
"2.3.2.3.2.2.2.2.2.2.1.2.2.2.1.2.1.2.2.2.2.2",0.519529258048574,FALSE,TRUE,36
"2.3.2.3.2.2.2.2.2.2.1.2.2.2.2.1.1.2.2.2.2.2",0.528504442953243,FALSE,TRUE,37
"2.3.2.3.2.2.2.2.2.2.1.2.2.2.2.2.1.1.2.2.2.2",0.503614770990662,FALSE,TRUE,37
"2.3.2.3.2.2.2.2.2.2.1.2.2.2.2.2.1.2.1.2.2.2",0.541504026602407,FALSE,TRUE,36
"2.3.2.3.2.2.2.2.2.2.1.2.2.2.2.2.1.2.2.1.2.2",0.514910100476836,FALSE,TRUE,37
"2.3.2.3.2.2.2.2.2.2.1.2.2.2.2.2.1.2.2.2.1.2",0.502888510466318,FALSE,TRUE,37
"2.3.2.3.2.2.2.2.2.2.1.2.2.2.2.2.1.2.2.2.2.1",0.500136360226212,FALSE,TRUE,37
"3.3.2.3.2.2.2.2.2.2.1.2.2.2.1.2.2.2.2.2.2.2",0.54251875582581,FALSE,TRUE,38
"2.4.2.3.2.2.2.2.2.2.1.2.2.2.1.2.2.2.2.2.2.2",0.575300982595368,FALSE,TRUE,38
"2.3.3.3.2.2.2.2.2.2.1.2.2.2.1.2.2.2.2.2.2.2",0.640069904365202,FALSE,TRUE,38
"2.3.2.4.2.2.2.2.2.2.1.2.2.2.1.2.2.2.2.2.2.2",0.512722803199107,FALSE,TRUE,38
"2.3.2.3.3.2.2.2.2.2.1.2.2.2.1.2.2.2.2.2.2.2",0.486079671355297,FALSE,TRUE,38
"2.3.2.3.2.3.2.2.2.2.1.2.2.2.1.2.2.2.2.2.2.2",0.520322788535056,FALSE,TRUE,38
"2.3.2.3.2.2.3.2.2.2.1.2.2.2.1.2.2.2.2.2.2.2",0.538874998843112,FALSE,TRUE,38
"2.3.2.3.2.2.2.3.2.2.1.2.2.2.1.2.2.2.2.2.2.2",0.608729029952504,FALSE,TRUE,38
"2.3.2.3.2.2.2.2.3.2.1.2.2.2.1.2.2.2.2.2.2.2",0.506372723161523,FALSE,TRUE,38
"2.3.2.3.2.2.2.2.2.3.1.2.2.2.1.2.2.2.2.2.2.2",0.550192397545885,FALSE,TRUE,38
"2.3.2.3.2.2.2.2.2.2.1.3.2.2.1.2.2.2.2.2.2.2",0.608062762751635,FALSE,TRUE,38
"2.3.2.3.2.2.2.2.2.2.1.2.3.2.1.2.2.2.2.2.2.2",0.561544690444917,FALSE,TRUE,37
"2.3.2.3.2.2.2.2.2.2.1.2.2.2.1.3.2.2.2.2.2.2",0.540368518454952,FALSE,TRUE,38
"2.3.2.3.2.2.2.2.2.2.1.2.2.2.1.2.3.2.2.2.2.2",0.530253870112127,FALSE,TRUE,37
"2.3.2.3.2.2.2.2.2.2.1.2.2.2.1.2.2.3.2.2.2.2",0.546827317855249,FALSE,TRUE,38
"2.3.2.3.2.2.2.2.2.2.1.2.2.2.1.2.2.2.2.3.2.2",0.553907747131517,FALSE,TRUE,38
"2.3.2.3.2.2.2.2.2.2.1.2.2.2.1.2.2.2.2.2.3.2",0.555043278473539,FALSE,TRUE,38
"2.3.2.3.2.2.2.2.2.2.1.2.2.2.1.2.2.2.2.2.2.3",0.566807430344368,FALSE,TRUE,38
"1.3.2.3.2.2.2.2.2.2.1.2.2.2.1.2.2.2.2.2.2.2",0.504040688968352,FALSE,TRUE,37
"2.3.1.3.2.2.2.2.2.2.1.2.2.2.1.2.2.2.2.2.2.2",0.398906726071921,FALSE,TRUE,37
"2.3.2.2.2.2.2.2.2.2.1.2.2.2.1.2.2.2.2.2.2.2",0.53278203977981,FALSE,TRUE,37
"2.3.2.3.1.2.2.2.2.2.1.2.2.2.1.2.2.2.2.2.2.2",0.548847452526219,FALSE,TRUE,37
"2.3.2.3.2.1.2.2.2.2.1.2.2.2.1.2.2.2.2.2.2.2",0.524010911196169,FALSE,TRUE,37
"2.3.2.3.2.2.1.2.2.2.1.2.2.2.1.2.2.2.2.2.2.2",0.511831497564245,FALSE,TRUE,37
"2.3.2.3.2.2.2.1.2.2.1.2.2.2.1.2.2.2.2.2.2.2",0.441988515255033,FALSE,TRUE,37
"2.3.2.3.2.2.2.2.1.2.1.2.2.2.1.2.2.2.2.2.2.2",0.538087429742388,FALSE,TRUE,36
"2.3.2.3.2.2.2.2.2.1.1.2.2.2.1.2.2.2.2.2.2.2",0.496717252029963,FALSE,TRUE,37
"2.3.2.3.2.2.2.2.2.2.1.1.2.2.1.2.2.2.2.2.2.2",0.417728181264274,FALSE,TRUE,37
"2.3.2.3.2.2.2.2.2.2.1.2.1.2.1.2.2.2.2.2.2.2",0.490280143813781,FALSE,TRUE,37
"2.3.2.3.2.2.2.2.2.2.1.2.2.1.1.2.2.2.2.2.2.2",0.549607133514848,FALSE,TRUE,38
"2.3.2.3.2.2.2.2.2.2.1.2.2.2.1.1.2.2.2.2.2.2",0.50970794734708,FALSE,TRUE,37
"2.3.2.3.2.2.2.2.2.2.1.2.2.2.1.2.2.1.2.2.2.2",0.502388937926915,FALSE,TRUE,37
"2.3.2.3.2.2.2.2.2.2.1.2.2.2.1.2.2.2.1.2.2.2",0.533540564897252,FALSE,TRUE,37
"2.3.2.3.2.2.2.2.2.2.1.2.2.2.1.2.2.2.2.1.2.2",0.499883101669872,FALSE,TRUE,37
"2.3.2.3.2.2.2.2.2.2.1.2.2.2.1.2.2.2.2.2.1.2",0.476063773598143,FALSE,TRUE,37
"2.3.2.3.2.2.2.2.2.2.1.2.2.2.1.2.2.2.2.2.2.1",0.481508166168884,FALSE,TRUE,37
"3.2.2.4.2.2.2.2.2.2.1.2.3.2.2.2.2.2.3.2.2.2",0.520157385270998,FALSE,TRUE,40
"2.3.2.4.2.2.2.2.2.2.1.2.3.2.2.2.2.2.3.2.2.2",0.558611343604761,FALSE,TRUE,40
"2.2.3.4.2.2.2.2.2.2.1.2.3.2.2.2.2.2.3.2.2.2",0.622827314159752,FALSE,TRUE,40
"2.2.2.5.2.2.2.2.2.2.1.2.3.2.2.2.2.2.3.2.2.2",0.486568172358801,FALSE,TRUE,40
"2.2.2.4.3.2.2.2.2.2.1.2.3.2.2.2.2.2.3.2.2.2",0.457601615709389,FALSE,TRUE,40
"2.2.2.4.2.3.2.2.2.2.1.2.3.2.2.2.2.2.3.2.2.2",0.493442676893284,FALSE,TRUE,40
"2.2.2.4.2.2.3.2.2.2.1.2.3.2.2.2.2.2.3.2.2.2",0.51272836191289,FALSE,TRUE,40
"2.2.2.4.2.2.2.3.2.2.1.2.3.2.2.2.2.2.3.2.2.2",0.594018373322342,FALSE,TRUE,40
"2.2.2.4.2.2.2.2.3.2.1.2.3.2.2.2.2.2.3.2.2.2",0.479900727495013,FALSE,TRUE,40
"2.2.2.4.2.2.2.2.2.3.1.2.3.2.2.2.2.2.3.2.2.2",0.533432583248082,FALSE,TRUE,39
"2.2.2.4.2.2.2.2.2.2.2.2.3.2.2.2.2.2.3.2.2.2",0.470118157501008,FALSE,TRUE,41
"2.2.2.4.2.2.2.2.2.2.1.3.3.2.2.2.2.2.3.2.2.2",0.592004230885936,FALSE,TRUE,40
"2.2.2.4.2.2.2.2.2.2.1.2.4.2.2.2.2.2.3.2.2.2",0.523788589400056,FALSE,TRUE,39
"2.2.2.4.2.2.2.2.2.2.1.2.3.3.2.2.2.2.3.2.2.2",0.479695518649332,FALSE,TRUE,40
"2.2.2.4.2.2.2.2.2.2.1.2.3.2.3.2.2.2.3.2.2.2",0.523728725278295,FALSE,TRUE,40
"2.2.2.4.2.2.2.2.2.2.1.2.3.2.2.3.2.2.3.2.2.2",0.508821225696445,FALSE,TRUE,40
"2.2.2.4.2.2.2.2.2.2.1.2.3.2.2.2.3.2.3.2.2.2",0.512803535665931,FALSE,TRUE,40
"2.2.2.4.2.2.2.2.2.2.1.2.3.2.2.2.2.3.3.2.2.2",0.525576594603746,FALSE,TRUE,40
"2.2.2.4.2.2.2.2.2.2.1.2.3.2.2.2.2.2.4.2.2.2",0.483873587163572,FALSE,TRUE,41
"2.2.2.4.2.2.2.2.2.2.1.2.3.2.2.2.2.2.3.2.3.2",0.532208085018505,FALSE,TRUE,39
"2.2.2.4.2.2.2.2.2.2.1.2.3.2.2.2.2.2.3.2.2.3",0.545474804869684,FALSE,TRUE,40
"1.2.2.4.2.2.2.2.2.2.1.2.3.2.2.2.2.2.3.2.2.2",0.47997391684613,FALSE,TRUE,39
"2.1.2.4.2.2.2.2.2.2.1.2.3.2.2.2.2.2.3.2.2.2",0.449404476200529,FALSE,TRUE,39
"2.2.1.4.2.2.2.2.2.2.1.2.3.2.2.2.2.2.3.2.2.2",0.370971950776468,FALSE,TRUE,39
"2.2.2.4.1.2.2.2.2.2.1.2.3.2.2.2.2.2.3.2.2.2",0.534923881890049,FALSE,TRUE,39
"2.2.2.4.2.1.2.2.2.2.1.2.3.2.2.2.2.2.3.2.2.2",0.506804654766206,FALSE,TRUE,39
"2.2.2.4.2.2.1.2.2.2.1.2.3.2.2.2.2.2.3.2.2.2",0.492456247761902,FALSE,TRUE,38
"2.2.2.4.2.2.2.1.2.2.1.2.3.2.2.2.2.2.3.2.2.2",0.412096614367337,FALSE,TRUE,39
"2.2.2.4.2.2.2.2.1.2.1.2.3.2.2.2.2.2.3.2.2.2",0.520664121884771,FALSE,TRUE,39
"2.2.2.4.2.2.2.2.2.1.1.2.3.2.2.2.2.2.3.2.2.2",0.469421538568414,FALSE,TRUE,39
"2.2.2.4.2.2.2.2.2.2.1.1.3.2.2.2.2.2.3.2.2.2",0.387979910004687,FALSE,TRUE,39
"2.2.2.4.2.2.2.2.2.2.1.2.2.2.2.2.2.2.3.2.2.2",0.480490146278525,FALSE,TRUE,39
"2.2.2.4.2.2.2.2.2.2.1.2.3.1.2.2.2.2.3.2.2.2",0.532420423631723,FALSE,TRUE,39
"2.2.2.4.2.2.2.2.2.2.1.2.3.2.1.2.2.2.3.2.2.2",0.477424249202978,FALSE,TRUE,39
"2.2.2.4.2.2.2.2.2.2.1.2.3.2.2.1.2.2.3.2.2.2",0.495705077016418,FALSE,TRUE,39
"2.2.2.4.2.2.2.2.2.2.1.2.3.2.2.2.1.2.3.2.2.2",0.491887165030879,FALSE,TRUE,39
"2.2.2.4.2.2.2.2.2.2.1.2.3.2.2.2.2.1.3.2.2.2",0.477989277300308,FALSE,TRUE,39
"2.2.2.4.2.2.2.2.2.2.1.2.3.2.2.2.2.2.3.1.2.2",0.475968041134519,FALSE,TRUE,40
"2.2.2.4.2.2.2.2.2.2.1.2.3.2.2.2.2.2.3.2.1.2",0.456484790151944,FALSE,TRUE,39
"2.2.2.4.2.2.2.2.2.2.1.2.3.2.2.2.2.2.3.2.2.1",0.458009148420338,FALSE,TRUE,39
"3.3.2.3.2.2.2.2.2.2.1.2.2.3.1.2.2.2.2.2.2.2",0.524151588008262,FALSE,TRUE,40
"2.4.2.3.2.2.2.2.2.2.1.2.2.3.1.2.2.2.2.2.2.2",0.554871351661252,FALSE,TRUE,40
"2.3.3.3.2.2.2.2.2.2.1.2.2.3.1.2.2.2.2.2.2.2",0.619379465007276,FALSE,TRUE,40
"2.3.2.4.2.2.2.2.2.2.1.2.2.3.1.2.2.2.2.2.2.2",0.483481391053925,FALSE,TRUE,40
"2.3.2.3.3.2.2.2.2.2.1.2.2.3.1.2.2.2.2.2.2.2",0.462389615945497,FALSE,TRUE,40
"2.3.2.3.2.3.2.2.2.2.1.2.2.3.1.2.2.2.2.2.2.2",0.49496809280585,FALSE,TRUE,40
"2.3.2.3.2.2.3.2.2.2.1.2.2.3.1.2.2.2.2.2.2.2",0.516683660747143,FALSE,TRUE,40
"2.3.2.3.2.2.2.3.2.2.1.2.2.3.1.2.2.2.2.2.2.2",0.591187328224279,FALSE,TRUE,40
"2.3.2.3.2.2.2.2.3.2.1.2.2.3.1.2.2.2.2.2.2.2",0.486989701172149,FALSE,TRUE,38
"2.3.2.3.2.2.2.2.2.3.1.2.2.3.1.2.2.2.2.2.2.2",0.533841132529461,FALSE,TRUE,40
"2.3.2.3.2.2.2.2.2.2.2.2.2.3.1.2.2.2.2.2.2.2",0.462591603799869,FALSE,TRUE,40
"2.3.2.3.2.2.2.2.2.2.1.3.2.3.1.2.2.2.2.2.2.2",0.582316157029196,FALSE,TRUE,38
"2.3.2.3.2.2.2.2.2.2.1.2.3.3.1.2.2.2.2.2.2.2",0.5402538257084,FALSE,TRUE,40
"2.3.2.3.2.2.2.2.2.2.1.2.2.4.1.2.2.2.2.2.2.2",0.478539279718655,FALSE,TRUE,41
"2.3.2.3.2.2.2.2.2.2.1.2.2.3.1.3.2.2.2.2.2.2",0.513741774671381,FALSE,TRUE,40
"2.3.2.3.2.2.2.2.2.2.1.2.2.3.1.2.3.2.2.2.2.2",0.509347487160689,FALSE,TRUE,40
"2.3.2.3.2.2.2.2.2.2.1.2.2.3.1.2.2.3.2.2.2.2",0.515369575521155,FALSE,TRUE,40
"2.3.2.3.2.2.2.2.2.2.1.2.2.3.1.2.2.2.3.2.2.2",0.491699112144781,FALSE,TRUE,40
"2.3.2.3.2.2.2.2.2.2.1.2.2.3.1.2.2.2.2.3.2.2",0.53562950714754,FALSE,TRUE,39
"2.3.2.3.2.2.2.2.2.2.1.2.2.3.1.2.2.2.2.2.3.2",0.530926481682411,FALSE,TRUE,40
"2.3.2.3.2.2.2.2.2.2.1.2.2.3.1.2.2.2.2.2.2.3",0.5466523462589,FALSE,TRUE,40
"1.3.2.3.2.2.2.2.2.2.1.2.2.3.1.2.2.2.2.2.2.2",0.47601005381485,FALSE,TRUE,39
"2.3.1.3.2.2.2.2.2.2.1.2.2.3.1.2.2.2.2.2.2.2",0.374113728516087,FALSE,TRUE,39
"2.3.2.2.2.2.2.2.2.2.1.2.2.3.1.2.2.2.2.2.2.2",0.516521763193844,FALSE,TRUE,40
"2.3.2.3.1.2.2.2.2.2.1.2.2.3.1.2.2.2.2.2.2.2",0.527536264577808,FALSE,TRUE,39
"2.3.2.3.2.1.2.2.2.2.1.2.2.3.1.2.2.2.2.2.2.2",0.503751500906092,FALSE,TRUE,39
"2.3.2.3.2.2.1.2.2.2.1.2.2.3.1.2.2.2.2.2.2.2",0.485286536979521,FALSE,TRUE,39
"2.3.2.3.2.2.2.1.2.2.1.2.2.3.1.2.2.2.2.2.2.2",0.413282117363912,FALSE,TRUE,39
"2.3.2.3.2.2.2.2.1.2.1.2.2.3.1.2.2.2.2.2.2.2",0.511908470988843,FALSE,TRUE,39
"2.3.2.3.2.2.2.2.2.1.1.2.2.3.1.2.2.2.2.2.2.2",0.466738723698093,FALSE,TRUE,39
"2.3.2.3.2.2.2.2.2.2.1.1.2.3.1.2.2.2.2.2.2.2",0.397678386050097,FALSE,TRUE,39
"2.3.2.3.2.2.2.2.2.2.1.2.1.3.1.2.2.2.2.2.2.2",0.463256194031466,FALSE,TRUE,39
"2.3.2.3.2.2.2.2.2.2.1.2.2.3.1.1.2.2.2.2.2.2",0.490797767305744,FALSE,TRUE,39
"2.3.2.3.2.2.2.2.2.2.1.2.2.3.1.2.1.2.2.2.2.2",0.494056020082423,FALSE,TRUE,38
"2.3.2.3.2.2.2.2.2.2.1.2.2.3.1.2.2.1.2.2.2.2",0.487782206577786,FALSE,TRUE,39
"2.3.2.3.2.2.2.2.2.2.1.2.2.3.1.2.2.2.1.2.2.2",0.508454497749926,FALSE,TRUE,39
"2.3.2.3.2.2.2.2.2.2.1.2.2.3.1.2.2.2.2.1.2.2",0.471958025183709,FALSE,TRUE,39
"2.3.2.3.2.2.2.2.2.2.1.2.2.3.1.2.2.2.2.2.1.2",0.45423855053801,FALSE,TRUE,39
"2.3.2.3.2.2.2.2.2.2.1.2.2.3.1.2.2.2.2.2.2.1",0.455403760697665,FALSE,TRUE,39
"4.2.2.3.2.2.2.2.2.3.2.2.2.2.2.2.2.2.2.2.2.3",0.511916722103467,FALSE,TRUE,42
"3.3.2.3.2.2.2.2.2.3.2.2.2.2.2.2.2.2.2.2.2.3",0.5572440659444,FALSE,TRUE,41
"3.2.3.3.2.2.2.2.2.3.2.2.2.2.2.2.2.2.2.2.2.3",0.588485707356087,FALSE,TRUE,41
"3.2.2.4.2.2.2.2.2.3.2.2.2.2.2.2.2.2.2.2.2.3",0.502182687972319,FALSE,TRUE,41
"3.2.2.3.3.2.2.2.2.3.2.2.2.2.2.2.2.2.2.2.2.3",0.440941990447783,FALSE,TRUE,40
"3.2.2.3.2.3.2.2.2.3.2.2.2.2.2.2.2.2.2.2.2.3",0.480384417162599,FALSE,TRUE,41
"3.2.2.3.2.2.3.2.2.3.2.2.2.2.2.2.2.2.2.2.2.3",0.522029469972957,FALSE,TRUE,41
"3.2.2.3.2.2.2.3.2.3.2.2.2.2.2.2.2.2.2.2.2.3",0.588368356467556,FALSE,TRUE,41
"3.2.2.3.2.2.2.2.3.3.2.2.2.2.2.2.2.2.2.2.2.3",0.485285095844129,FALSE,TRUE,41
"3.2.2.3.2.2.2.2.2.4.2.2.2.2.2.2.2.2.2.2.2.3",0.501110839713363,FALSE,TRUE,41
"3.2.2.3.2.2.2.2.2.3.3.2.2.2.2.2.2.2.2.2.2.3",0.466137085866016,FALSE,TRUE,41
"3.2.2.3.2.2.2.2.2.3.2.2.3.2.2.2.2.2.2.2.2.3",0.566014938575172,FALSE,TRUE,39
"3.2.2.3.2.2.2.2.2.3.2.2.2.3.2.2.2.2.2.2.2.3",0.493549376192291,FALSE,TRUE,41
"3.2.2.3.2.2.2.2.2.3.2.2.2.2.3.2.2.2.2.2.2.3",0.507949128543001,FALSE,TRUE,41
"3.2.2.3.2.2.2.2.2.3.2.2.2.2.2.3.2.2.2.2.2.3",0.514109654633221,FALSE,TRUE,41
"3.2.2.3.2.2.2.2.2.3.2.2.2.2.2.2.3.2.2.2.2.3",0.489777080348287,FALSE,TRUE,41
"3.2.2.3.2.2.2.2.2.3.2.2.2.2.2.2.2.3.2.2.2.3",0.528343495463692,FALSE,TRUE,41
"3.2.2.3.2.2.2.2.2.3.2.2.2.2.2.2.2.2.3.2.2.3",0.481342190287835,FALSE,TRUE,41
"3.2.2.3.2.2.2.2.2.3.2.2.2.2.2.2.2.2.2.3.2.3",0.546548527309962,FALSE,TRUE,41
"3.2.2.3.2.2.2.2.2.3.2.2.2.2.2.2.2.2.2.2.3.3",0.532745866686218,FALSE,TRUE,41
"3.2.2.3.2.2.2.2.2.3.2.2.2.2.2.2.2.2.2.2.2.4",0.513883185668179,FALSE,TRUE,41
"3.1.2.3.2.2.2.2.2.3.2.2.2.2.2.2.2.2.2.2.2.3",0.460221520994724,FALSE,TRUE,40
"3.2.1.3.2.2.2.2.2.3.2.2.2.2.2.2.2.2.2.2.2.3",0.413570350800189,FALSE,TRUE,40
"3.2.2.2.2.2.2.2.2.3.2.2.2.2.2.2.2.2.2.2.2.3",0.508214087401342,FALSE,TRUE,41
"3.2.2.3.1.2.2.2.2.3.2.2.2.2.2.2.2.2.2.2.2.3",0.557058402072286,FALSE,TRUE,40
"3.2.2.3.2.1.2.2.2.3.2.2.2.2.2.2.2.2.2.2.2.3",0.52632471763964,FALSE,TRUE,40
"3.2.2.3.2.2.1.2.2.3.2.2.2.2.2.2.2.2.2.2.2.3",0.489986717931328,FALSE,TRUE,40
"3.2.2.3.2.2.2.1.2.3.2.2.2.2.2.2.2.2.2.2.2.3",0.428383954397643,FALSE,TRUE,40
"3.2.2.3.2.2.2.2.1.3.2.2.2.2.2.2.2.2.2.2.2.3",0.521198059215147,FALSE,TRUE,40
"3.2.2.3.2.2.2.2.2.2.2.2.2.2.2.2.2.2.2.2.2.3",0.507733119635577,FALSE,TRUE,40
"3.2.2.3.2.2.2.2.2.3.1.2.2.2.2.2.2.2.2.2.2.3",0.544718218380951,FALSE,TRUE,38
"3.2.2.3.2.2.2.2.2.3.2.1.2.2.2.2.2.2.2.2.2.3",0.440772630639564,FALSE,TRUE,41
"3.2.2.3.2.2.2.2.2.3.2.2.1.2.2.2.2.2.2.2.2.3",0.447345184220225,FALSE,TRUE,40
"3.2.2.3.2.2.2.2.2.3.2.2.2.1.2.2.2.2.2.2.2.3",0.527519581137333,FALSE,TRUE,40
"3.2.2.3.2.2.2.2.2.3.2.2.2.2.1.2.2.2.2.2.2.3",0.501068527065674,FALSE,TRUE,40
"3.2.2.3.2.2.2.2.2.3.2.2.2.2.2.1.2.2.2.2.2.3",0.499011000557972,FALSE,TRUE,40
"3.2.2.3.2.2.2.2.2.3.2.2.2.2.2.2.1.2.2.2.2.3",0.521176344822525,FALSE,TRUE,40
"3.2.2.3.2.2.2.2.2.3.2.2.2.2.2.2.2.1.2.2.2.3",0.484551377513247,FALSE,TRUE,40
"3.2.2.3.2.2.2.2.2.3.2.2.2.2.2.2.2.2.1.2.2.3",0.52772209507651,FALSE,TRUE,40
"3.2.2.3.2.2.2.2.2.3.2.2.2.2.2.2.2.2.2.1.2.3",0.469958522728466,FALSE,TRUE,40
"3.2.2.3.2.2.2.2.2.3.2.2.2.2.2.2.2.2.2.2.1.3",0.463314595878069,FALSE,TRUE,40
"4.2.2.3.2.2.2.2.2.3.1.2.3.2.2.2.2.2.2.2.2.2",0.572190625998515,FALSE,TRUE,42
"3.3.2.3.2.2.2.2.2.3.1.2.3.2.2.2.2.2.2.2.2.2",0.626718551981897,FALSE,TRUE,41
"3.2.3.3.2.2.2.2.2.3.1.2.3.2.2.2.2.2.2.2.2.2",0.673142056964257,FALSE,TRUE,41
"3.2.2.4.2.2.2.2.2.3.1.2.3.2.2.2.2.2.2.2.2.2",0.565714225982675,FALSE,TRUE,40
"3.2.2.3.3.2.2.2.2.3.1.2.3.2.2.2.2.2.2.2.2.2",0.523183179267089,FALSE,TRUE,41
"3.2.2.3.2.3.2.2.2.3.1.2.3.2.2.2.2.2.2.2.2.2",0.555568235194294,FALSE,TRUE,41
"3.2.2.3.2.2.3.2.2.3.1.2.3.2.2.2.2.2.2.2.2.2",0.591245701612005,FALSE,TRUE,41
"3.2.2.3.2.2.2.3.2.3.1.2.3.2.2.2.2.2.2.2.2.2",0.654808638389605,FALSE,TRUE,41
"3.2.2.3.2.2.2.2.3.3.1.2.3.2.2.2.2.2.2.2.2.2",0.552025025741723,FALSE,TRUE,41
"3.2.2.3.2.2.2.2.2.4.1.2.3.2.2.2.2.2.2.2.2.2",0.579104497795533,FALSE,TRUE,41
"3.2.2.3.2.2.2.2.2.3.2.2.3.2.2.2.2.2.2.2.2.2",0.542252224439269,FALSE,TRUE,40
"3.2.2.3.2.2.2.2.2.3.1.3.3.2.2.2.2.2.2.2.2.2",0.641648944228777,FALSE,TRUE,40
"3.2.2.3.2.2.2.2.2.3.1.2.4.2.2.2.2.2.2.2.2.2",0.597572930121212,FALSE,TRUE,40
"3.2.2.3.2.2.2.2.2.3.1.2.3.3.2.2.2.2.2.2.2.2",0.558845122287357,FALSE,TRUE,41
"3.2.2.3.2.2.2.2.2.3.1.2.3.2.3.2.2.2.2.2.2.2",0.577064300290856,FALSE,TRUE,40
"3.2.2.3.2.2.2.2.2.3.1.2.3.2.2.3.2.2.2.2.2.2",0.568986469591089,FALSE,TRUE,41
"3.2.2.3.2.2.2.2.2.3.1.2.3.2.2.2.3.2.2.2.2.2",0.57398817387892,FALSE,TRUE,41
"3.2.2.3.2.2.2.2.2.3.1.2.3.2.2.2.2.3.2.2.2.2",0.589204965596188,FALSE,TRUE,41
"3.2.2.3.2.2.2.2.2.3.1.2.3.2.2.2.2.2.3.2.2.2",0.548102042699306,FALSE,TRUE,41
"3.2.2.3.2.2.2.2.2.3.1.2.3.2.2.2.2.2.2.2.3.2",0.59929749598815,FALSE,TRUE,41
"3.2.2.3.2.2.2.2.2.3.1.2.3.2.2.2.2.2.2.2.2.3",0.595654984599772,FALSE,TRUE,39
"3.1.2.3.2.2.2.2.2.3.1.2.3.2.2.2.2.2.2.2.2.2",0.506262953735623,FALSE,TRUE,40
"3.2.1.3.2.2.2.2.2.3.1.2.3.2.2.2.2.2.2.2.2.2",0.444196084231577,FALSE,TRUE,40
"3.2.2.2.2.2.2.2.2.3.1.2.3.2.2.2.2.2.2.2.2.2",0.56019922452266,FALSE,TRUE,40
"3.2.2.3.1.2.2.2.2.3.1.2.3.2.2.2.2.2.2.2.2.2",0.590069274840822,FALSE,TRUE,40
"3.2.2.3.2.1.2.2.2.3.1.2.3.2.2.2.2.2.2.2.2.2",0.568084093938349,FALSE,TRUE,40
"3.2.2.3.2.2.1.2.2.3.1.2.3.2.2.2.2.2.2.2.2.2",0.536924174350733,FALSE,TRUE,40
"3.2.2.3.2.2.2.1.2.3.1.2.3.2.2.2.2.2.2.2.2.2",0.476036492153903,FALSE,TRUE,40
"3.2.2.3.2.2.2.2.1.3.1.2.3.2.2.2.2.2.2.2.2.2",0.571227608891878,FALSE,TRUE,40
"3.2.2.3.2.2.2.2.2.3.1.1.3.2.2.2.2.2.2.2.2.2",0.462772406590517,FALSE,TRUE,40
"3.2.2.3.2.2.2.2.2.3.1.2.2.2.2.2.2.2.2.2.2.2",0.52944508087323,FALSE,TRUE,38
"3.2.2.3.2.2.2.2.2.3.1.2.3.1.2.2.2.2.2.2.2.2",0.577385617095003,FALSE,TRUE,40
"3.2.2.3.2.2.2.2.2.3.1.2.3.2.1.2.2.2.2.2.2.2",0.548215691050063,FALSE,TRUE,40
"3.2.2.3.2.2.2.2.2.3.1.2.3.2.2.1.2.2.2.2.2.2",0.560720757085403,FALSE,TRUE,40
"3.2.2.3.2.2.2.2.2.3.1.2.3.2.2.2.1.2.2.2.2.2",0.554240682690011,FALSE,TRUE,40
"3.2.2.3.2.2.2.2.2.3.1.2.3.2.2.2.2.1.2.2.2.2",0.53977072445463,FALSE,TRUE,40
"3.2.2.3.2.2.2.2.2.3.1.2.3.2.2.2.2.2.1.2.2.2",0.576999249645541,FALSE,TRUE,40
"3.2.2.3.2.2.2.2.2.3.1.2.3.2.2.2.2.2.2.1.2.2",0.540906800642149,FALSE,TRUE,40
"3.2.2.3.2.2.2.2.2.3.1.2.3.2.2.2.2.2.2.2.1.2",0.51175801200834,FALSE,TRUE,40
"3.2.2.3.2.2.2.2.2.3.1.2.3.2.2.2.2.2.2.2.2.1",0.530733973029094,FALSE,TRUE,40
"3.2.2.4.2.2.2.2.2.2.1.2.3.2.2.2.2.2.3.3.2.2",0.543728547998851,FALSE,TRUE,40
"2.3.2.4.2.2.2.2.2.2.1.2.3.2.2.2.2.2.3.3.2.2",0.587646892854997,FALSE,TRUE,40
"2.2.3.4.2.2.2.2.2.2.1.2.3.2.2.2.2.2.3.3.2.2",0.651576826942959,FALSE,TRUE,40
"2.2.2.5.2.2.2.2.2.2.1.2.3.2.2.2.2.2.3.3.2.2",0.511271797074357,FALSE,TRUE,40
"2.2.2.4.3.2.2.2.2.2.1.2.3.2.2.2.2.2.3.3.2.2",0.488079244538988,FALSE,TRUE,40
"2.2.2.4.2.3.2.2.2.2.1.2.3.2.2.2.2.2.3.3.2.2",0.521339365788328,FALSE,TRUE,40
"2.2.2.4.2.2.3.2.2.2.1.2.3.2.2.2.2.2.3.3.2.2",0.545350899634402,FALSE,TRUE,40
"2.2.2.4.2.2.2.3.2.2.1.2.3.2.2.2.2.2.3.3.2.2",0.618796733738905,FALSE,TRUE,40
"2.2.2.4.2.2.2.2.3.2.1.2.3.2.2.2.2.2.3.3.2.2",0.512344666720772,FALSE,TRUE,40
"2.2.2.4.2.2.2.2.2.3.1.2.3.2.2.2.2.2.3.3.2.2",0.560652994207633,FALSE,TRUE,37
"2.2.2.4.2.2.2.2.2.2.2.2.3.2.2.2.2.2.3.3.2.2",0.50065292301609,FALSE,TRUE,41
"2.2.2.4.2.2.2.2.2.2.1.3.3.2.2.2.2.2.3.3.2.2",0.625461692875497,FALSE,TRUE,40
"2.2.2.4.2.2.2.2.2.2.1.2.4.2.2.2.2.2.3.3.2.2",0.544921940667348,FALSE,TRUE,40
"2.2.2.4.2.2.2.2.2.2.1.2.3.3.2.2.2.2.3.3.2.2",0.508873838707716,FALSE,TRUE,40
"2.2.2.4.2.2.2.2.2.2.1.2.3.2.3.2.2.2.3.3.2.2",0.551115059230175,FALSE,TRUE,40
"2.2.2.4.2.2.2.2.2.2.1.2.3.2.2.3.2.2.3.3.2.2",0.5316105905555,FALSE,TRUE,40
"2.2.2.4.2.2.2.2.2.2.1.2.3.2.2.2.3.2.3.3.2.2",0.542748400707205,FALSE,TRUE,40
"2.2.2.4.2.2.2.2.2.2.1.2.3.2.2.2.2.3.3.3.2.2",0.547002860986899,FALSE,TRUE,40
"2.2.2.4.2.2.2.2.2.2.1.2.3.2.2.2.2.2.4.3.2.2",0.508542163244643,FALSE,TRUE,40
"2.2.2.4.2.2.2.2.2.2.1.2.3.2.2.2.2.2.3.4.2.2",0.544138022044822,FALSE,TRUE,41
"2.2.2.4.2.2.2.2.2.2.1.2.3.2.2.2.2.2.3.3.2.3",0.574060907992704,FALSE,TRUE,40
"1.2.2.4.2.2.2.2.2.2.1.2.3.2.2.2.2.2.3.3.2.2",0.504621236245586,FALSE,TRUE,39
"2.1.2.4.2.2.2.2.2.2.1.2.3.2.2.2.2.2.3.3.2.2",0.466976748665216,FALSE,TRUE,39
"2.2.1.4.2.2.2.2.2.2.1.2.3.2.2.2.2.2.3.3.2.2",0.388637923080558,FALSE,TRUE,39
"2.2.2.3.2.2.2.2.2.2.1.2.3.2.2.2.2.2.3.3.2.2",0.537913259509928,FALSE,TRUE,38
"2.2.2.4.1.2.2.2.2.2.1.2.3.2.2.2.2.2.3.3.2.2",0.550149433708702,FALSE,TRUE,39
"2.2.2.4.2.1.2.2.2.2.1.2.3.2.2.2.2.2.3.3.2.2",0.526279485726661,FALSE,TRUE,39
"2.2.2.4.2.2.1.2.2.2.1.2.3.2.2.2.2.2.3.3.2.2",0.506886854567426,FALSE,TRUE,38
"2.2.2.4.2.2.2.1.2.2.1.2.3.2.2.2.2.2.3.3.2.2",0.432887211557697,FALSE,TRUE,39
"2.2.2.4.2.2.2.2.1.2.1.2.3.2.2.2.2.2.3.3.2.2",0.535239009518291,FALSE,TRUE,39
"2.2.2.4.2.2.2.2.2.1.1.2.3.2.2.2.2.2.3.3.2.2",0.489817019034863,FALSE,TRUE,39
"2.2.2.4.2.2.2.2.2.2.1.1.3.2.2.2.2.2.3.3.2.2",0.403270839473779,FALSE,TRUE,39
"2.2.2.4.2.2.2.2.2.2.1.2.2.2.2.2.2.2.3.3.2.2",0.506471702718689,FALSE,TRUE,40
"2.2.2.4.2.2.2.2.2.2.1.2.3.1.2.2.2.2.3.3.2.2",0.549702511579789,FALSE,TRUE,39
"2.2.2.4.2.2.2.2.2.2.1.2.3.2.1.2.2.2.3.3.2.2",0.496847578062031,FALSE,TRUE,39
"2.2.2.4.2.2.2.2.2.2.1.2.3.2.2.1.2.2.3.3.2.2",0.520375592171162,FALSE,TRUE,39
"2.2.2.4.2.2.2.2.2.2.1.2.3.2.2.2.1.2.3.3.2.2",0.509578276737706,FALSE,TRUE,39
"2.2.2.4.2.2.2.2.2.2.1.2.3.2.2.2.2.1.3.3.2.2",0.503566387161298,FALSE,TRUE,39
"2.2.2.4.2.2.2.2.2.2.1.2.3.2.2.2.2.2.3.3.1.2",0.473016374630335,FALSE,TRUE,40
"2.2.2.4.2.2.2.2.2.2.1.2.3.2.2.2.2.2.3.3.2.1",0.476987566751986,FALSE,TRUE,39
"3.2.2.3.2.2.2.2.2.3.1.2.3.2.2.2.2.2.2.4.2.2",0.594318041177119,FALSE,TRUE,41
"2.3.2.3.2.2.2.2.2.3.1.2.3.2.2.2.2.2.2.4.2.2",0.642865975577451,FALSE,TRUE,41
"2.2.3.3.2.2.2.2.2.3.1.2.3.2.2.2.2.2.2.4.2.2",0.684339945231652,FALSE,TRUE,41
"2.2.2.4.2.2.2.2.2.3.1.2.3.2.2.2.2.2.2.4.2.2",0.580789113757591,FALSE,TRUE,41
"2.2.2.3.3.2.2.2.2.3.1.2.3.2.2.2.2.2.2.4.2.2",0.55654197888685,FALSE,TRUE,41
"2.2.2.3.2.3.2.2.2.3.1.2.3.2.2.2.2.2.2.4.2.2",0.577423201213356,FALSE,TRUE,41
"2.2.2.3.2.2.3.2.2.3.1.2.3.2.2.2.2.2.2.4.2.2",0.597019765253885,FALSE,TRUE,41
"2.2.2.3.2.2.2.3.2.3.1.2.3.2.2.2.2.2.2.4.2.2",0.657280440593274,FALSE,TRUE,41
"2.2.2.3.2.2.2.2.3.3.1.2.3.2.2.2.2.2.2.4.2.2",0.574901630523683,FALSE,TRUE,41
"2.2.2.3.2.2.2.2.2.4.1.2.3.2.2.2.2.2.2.4.2.2",0.58065000441844,FALSE,TRUE,41
"2.2.2.3.2.2.2.2.2.3.2.2.3.2.2.2.2.2.2.4.2.2",0.561867013231306,FALSE,TRUE,42
"2.2.2.3.2.2.2.2.2.3.1.3.3.2.2.2.2.2.2.4.2.2",0.665928975629412,FALSE,TRUE,41
"2.2.2.3.2.2.2.2.2.3.1.2.4.2.2.2.2.2.2.4.2.2",0.589375752069296,FALSE,TRUE,41
"2.2.2.3.2.2.2.2.2.3.1.2.3.3.2.2.2.2.2.4.2.2",0.569158601557651,FALSE,TRUE,41
"2.2.2.3.2.2.2.2.2.3.1.2.3.2.3.2.2.2.2.4.2.2",0.586914568939268,FALSE,TRUE,41
"2.2.2.3.2.2.2.2.2.3.1.2.3.2.2.3.2.2.2.4.2.2",0.576925666179067,FALSE,TRUE,41
"2.2.2.3.2.2.2.2.2.3.1.2.3.2.2.2.3.2.2.4.2.2",0.59055769510417,FALSE,TRUE,41
"2.2.2.3.2.2.2.2.2.3.1.2.3.2.2.2.2.3.2.4.2.2",0.590228731976668,FALSE,TRUE,41
"2.2.2.3.2.2.2.2.2.3.1.2.3.2.2.2.2.2.3.4.2.2",0.56556322453539,FALSE,TRUE,41
"2.2.2.3.2.2.2.2.2.3.1.2.3.2.2.2.2.2.2.5.2.2",0.559336878219009,FALSE,TRUE,42
"2.2.2.3.2.2.2.2.2.3.1.2.3.2.2.2.2.2.2.4.3.2",0.61017552169617,FALSE,TRUE,41
"2.2.2.3.2.2.2.2.2.3.1.2.3.2.2.2.2.2.2.4.2.3",0.611536284237052,FALSE,TRUE,41
"1.2.2.3.2.2.2.2.2.3.1.2.3.2.2.2.2.2.2.4.2.2",0.540545854697318,FALSE,TRUE,40
"2.1.2.3.2.2.2.2.2.3.1.2.3.2.2.2.2.2.2.4.2.2",0.496531706047666,FALSE,TRUE,40
"2.2.1.3.2.2.2.2.2.3.1.2.3.2.2.2.2.2.2.4.2.2",0.439866381437863,FALSE,TRUE,40
"2.2.2.2.2.2.2.2.2.3.1.2.3.2.2.2.2.2.2.4.2.2",0.551148738590842,FALSE,TRUE,41
"2.2.2.3.1.2.2.2.2.3.1.2.3.2.2.2.2.2.2.4.2.2",0.563481839193953,FALSE,TRUE,40
"2.2.2.3.2.1.2.2.2.3.1.2.3.2.2.2.2.2.2.4.2.2",0.555232085480599,FALSE,TRUE,40
"2.2.2.3.2.2.1.2.2.3.1.2.3.2.2.2.2.2.2.4.2.2",0.536697469952218,FALSE,TRUE,40
"2.2.2.3.2.2.2.1.2.3.1.2.3.2.2.2.2.2.2.4.2.2",0.478924866300483,FALSE,TRUE,40
"2.2.2.3.2.2.2.2.1.3.1.2.3.2.2.2.2.2.2.4.2.2",0.556080263998392,FALSE,TRUE,40
"2.2.2.3.2.2.2.2.2.2.1.2.3.2.2.2.2.2.2.4.2.2",0.552861519185588,FALSE,TRUE,41
"2.2.2.3.2.2.2.2.2.3.1.1.3.2.2.2.2.2.2.4.2.2",0.44950608680775,FALSE,TRUE,40
"2.2.2.3.2.2.2.2.2.3.1.2.2.2.2.2.2.2.2.4.2.2",0.544127095527669,FALSE,TRUE,41
"2.2.2.3.2.2.2.2.2.3.1.2.3.1.2.2.2.2.2.4.2.2",0.572323040521496,FALSE,TRUE,40
"2.2.2.3.2.2.2.2.2.3.1.2.3.2.1.2.2.2.2.4.2.2",0.544965444008452,FALSE,TRUE,40
"2.2.2.3.2.2.2.2.2.3.1.2.3.2.2.1.2.2.2.4.2.2",0.562043661615506,FALSE,TRUE,40
"2.2.2.3.2.2.2.2.2.3.1.2.3.2.2.2.1.2.2.4.2.2",0.546271462241751,FALSE,TRUE,40
"2.2.2.3.2.2.2.2.2.3.1.2.3.2.2.2.2.1.2.4.2.2",0.545860329679514,FALSE,TRUE,40
"2.2.2.3.2.2.2.2.2.3.1.2.3.2.2.2.2.2.1.4.2.2",0.567767481888785,FALSE,TRUE,40
"2.2.2.3.2.2.2.2.2.3.1.2.3.2.2.2.2.2.2.4.1.2",0.505187745307379,FALSE,TRUE,40
"2.2.2.3.2.2.2.2.2.3.1.2.3.2.2.2.2.2.2.4.2.1",0.523134936334402,FALSE,TRUE,40
"3.2.2.2.2.2.2.2.2.2.1.2.3.2.2.2.2.3.2.2.2.2",0.568118863080938,FALSE,TRUE,41
"2.3.2.2.2.2.2.2.2.2.1.2.3.2.2.2.2.3.2.2.2.2",0.604501101635688,FALSE,TRUE,41
"2.2.3.2.2.2.2.2.2.2.1.2.3.2.2.2.2.3.2.2.2.2",0.651929313286548,FALSE,TRUE,41
"2.2.2.2.3.2.2.2.2.2.1.2.3.2.2.2.2.3.2.2.2.2",0.511702594411359,FALSE,TRUE,41
"2.2.2.2.2.3.2.2.2.2.1.2.3.2.2.2.2.3.2.2.2.2",0.542829637859437,FALSE,TRUE,41
"2.2.2.2.2.2.3.2.2.2.1.2.3.2.2.2.2.3.2.2.2.2",0.550534646173893,FALSE,TRUE,41
"2.2.2.2.2.2.2.3.2.2.1.2.3.2.2.2.2.3.2.2.2.2",0.628535665756321,FALSE,TRUE,41
"2.2.2.2.2.2.2.2.3.2.1.2.3.2.2.2.2.3.2.2.2.2",0.534546629899172,FALSE,TRUE,41
"2.2.2.2.2.2.2.2.2.3.1.2.3.2.2.2.2.3.2.2.2.2",0.565082955375848,FALSE,TRUE,40
"2.2.2.2.2.2.2.2.2.2.2.2.3.2.2.2.2.3.2.2.2.2",0.523233625660545,FALSE,TRUE,41
"2.2.2.2.2.2.2.2.2.2.1.3.3.2.2.2.2.3.2.2.2.2",0.633296187360692,FALSE,TRUE,41
"2.2.2.2.2.2.2.2.2.2.1.2.4.2.2.2.2.3.2.2.2.2",0.557827314934439,FALSE,TRUE,40
"2.2.2.2.2.2.2.2.2.2.1.2.3.3.2.2.2.3.2.2.2.2",0.524380392972893,FALSE,TRUE,41
"2.2.2.2.2.2.2.2.2.2.1.2.3.2.3.2.2.3.2.2.2.2",0.563096187338986,FALSE,TRUE,41
"2.2.2.2.2.2.2.2.2.2.1.2.3.2.2.3.2.3.2.2.2.2",0.553378265056976,FALSE,TRUE,41
"2.2.2.2.2.2.2.2.2.2.1.2.3.2.2.2.3.3.2.2.2.2",0.555754751549373,FALSE,TRUE,41
"2.2.2.2.2.2.2.2.2.2.1.2.3.2.2.2.2.4.2.2.2.2",0.561524232064822,FALSE,TRUE,42
"2.2.2.2.2.2.2.2.2.2.1.2.3.2.2.2.2.3.3.2.2.2",0.539434710233213,FALSE,TRUE,41
"2.2.2.2.2.2.2.2.2.2.1.2.3.2.2.2.2.3.2.3.2.2",0.562314878762495,FALSE,TRUE,41
"2.2.2.2.2.2.2.2.2.2.1.2.3.2.2.2.2.3.2.2.3.2",0.576581646127711,FALSE,TRUE,41
"2.2.2.2.2.2.2.2.2.2.1.2.3.2.2.2.2.3.2.2.2.3",0.583889953865737,FALSE,TRUE,41
"1.2.2.2.2.2.2.2.2.2.1.2.3.2.2.2.2.3.2.2.2.2",0.517511415572738,FALSE,TRUE,40
"2.1.2.2.2.2.2.2.2.2.1.2.3.2.2.2.2.3.2.2.2.2",0.48960880822465,FALSE,TRUE,40
"2.2.1.2.2.2.2.2.2.2.1.2.3.2.2.2.2.3.2.2.2.2",0.426345408056751,FALSE,TRUE,40
"2.2.2.1.2.2.2.2.2.2.1.2.3.2.2.2.2.3.2.2.2.2",0.5359065240754,FALSE,TRUE,40
"2.2.2.2.1.2.2.2.2.2.1.2.3.2.2.2.2.3.2.2.2.2",0.562127888768105,FALSE,TRUE,40
"2.2.2.2.2.1.2.2.2.2.1.2.3.2.2.2.2.3.2.2.2.2",0.541365991394204,FALSE,TRUE,40
"2.2.2.2.2.2.1.2.2.2.1.2.3.2.2.2.2.3.2.2.2.2",0.538174534916367,FALSE,TRUE,40
"2.2.2.2.2.2.2.1.2.2.1.2.3.2.2.2.2.3.2.2.2.2",0.464348894674424,FALSE,TRUE,40
"2.2.2.2.2.2.2.2.1.2.1.2.3.2.2.2.2.3.2.2.2.2",0.549039986671411,FALSE,TRUE,40
"2.2.2.2.2.2.2.2.2.1.1.2.3.2.2.2.2.3.2.2.2.2",0.522047314294422,FALSE,TRUE,40
"2.2.2.2.2.2.2.2.2.2.1.1.3.2.2.2.2.3.2.2.2.2",0.433039941663678,FALSE,TRUE,40
"2.2.2.2.2.2.2.2.2.2.1.2.2.2.2.2.2.3.2.2.2.2",0.53101885701078,FALSE,TRUE,39
"2.2.2.2.2.2.2.2.2.2.1.2.3.1.2.2.2.3.2.2.2.2",0.572388639455187,FALSE,TRUE,40
"2.2.2.2.2.2.2.2.2.2.1.2.3.2.1.2.2.3.2.2.2.2",0.521810452388014,FALSE,TRUE,40
"2.2.2.2.2.2.2.2.2.2.1.2.3.2.2.1.2.3.2.2.2.2",0.537602920345561,FALSE,TRUE,40
"2.2.2.2.2.2.2.2.2.2.1.2.3.2.2.2.1.3.2.2.2.2",0.534810970840073,FALSE,TRUE,40
"2.2.2.2.2.2.2.2.2.2.1.2.3.2.2.2.2.3.1.2.2.2",0.546199147919342,FALSE,TRUE,40
"2.2.2.2.2.2.2.2.2.2.1.2.3.2.2.2.2.3.2.1.2.2",0.530589311238313,FALSE,TRUE,40
"2.2.2.2.2.2.2.2.2.2.1.2.3.2.2.2.2.3.2.2.1.2",0.492377612357079,FALSE,TRUE,40
"2.2.2.2.2.2.2.2.2.2.1.2.3.2.2.2.2.3.2.2.2.1",0.504040573025938,FALSE,TRUE,40
"2.3.2.3.2.2.3.2.2.3.2.2.2.2.2.2.2.2.2.2.2.3",0.54183191828249,FALSE,TRUE,41
"2.2.3.3.2.2.3.2.2.3.2.2.2.2.2.2.2.2.2.2.2.3",0.567650288545718,FALSE,TRUE,41
"2.2.2.4.2.2.3.2.2.3.2.2.2.2.2.2.2.2.2.2.2.3",0.48070514750089,FALSE,TRUE,41
"2.2.2.3.3.2.3.2.2.3.2.2.2.2.2.2.2.2.2.2.2.3",0.440875677588584,FALSE,TRUE,39
"2.2.2.3.2.3.3.2.2.3.2.2.2.2.2.2.2.2.2.2.2.3",0.466577299897501,FALSE,TRUE,40
"2.2.2.3.2.2.4.2.2.3.2.2.2.2.2.2.2.2.2.2.2.3",0.473264064233567,FALSE,TRUE,42
"2.2.2.3.2.2.3.3.2.3.2.2.2.2.2.2.2.2.2.2.2.3",0.571988214974907,FALSE,TRUE,41
"2.2.2.3.2.2.3.2.3.3.2.2.2.2.2.2.2.2.2.2.2.3",0.457285173240381,FALSE,TRUE,41
"2.2.2.3.2.2.3.2.2.4.2.2.2.2.2.2.2.2.2.2.2.3",0.478066844334191,FALSE,TRUE,41
"2.2.2.3.2.2.3.2.2.3.3.2.2.2.2.2.2.2.2.2.2.3",0.433007982703512,FALSE,TRUE,41
"2.2.2.3.2.2.3.2.2.3.2.3.2.2.2.2.2.2.2.2.2.3",0.517997410384536,FALSE,TRUE,40
"2.2.2.3.2.2.3.2.2.3.2.2.3.2.2.2.2.2.2.2.2.3",0.544506964988654,FALSE,TRUE,41
"2.2.2.3.2.2.3.2.2.3.2.2.2.3.2.2.2.2.2.2.2.3",0.46715769970434,FALSE,TRUE,41
"2.2.2.3.2.2.3.2.2.3.2.2.2.2.3.2.2.2.2.2.2.3",0.483175467868338,FALSE,TRUE,41
"2.2.2.3.2.2.3.2.2.3.2.2.2.2.2.3.2.2.2.2.2.3",0.493087927098271,FALSE,TRUE,41
"2.2.2.3.2.2.3.2.2.3.2.2.2.2.2.2.3.2.2.2.2.3",0.473100741536646,FALSE,TRUE,41
"2.2.2.3.2.2.3.2.2.3.2.2.2.2.2.2.2.3.2.2.2.3",0.50266313674841,FALSE,TRUE,41
"2.2.2.3.2.2.3.2.2.3.2.2.2.2.2.2.2.2.3.2.2.3",0.462723032033549,FALSE,TRUE,41
"2.2.2.3.2.2.3.2.2.3.2.2.2.2.2.2.2.2.2.3.2.3",0.532873127144804,FALSE,TRUE,41
"2.2.2.3.2.2.3.2.2.3.2.2.2.2.2.2.2.2.2.2.3.3",0.492035370162468,FALSE,TRUE,41
"2.2.2.3.2.2.3.2.2.3.2.2.2.2.2.2.2.2.2.2.2.4",0.501771434503336,FALSE,TRUE,41
"2.1.2.3.2.2.3.2.2.3.2.2.2.2.2.2.2.2.2.2.2.3",0.432647060587368,FALSE,TRUE,40
"2.2.1.3.2.2.3.2.2.3.2.2.2.2.2.2.2.2.2.2.2.3",0.39129049805997,FALSE,TRUE,40
"2.2.2.2.2.2.3.2.2.3.2.2.2.2.2.2.2.2.2.2.2.3",0.487229762670501,FALSE,TRUE,41
"2.2.2.3.1.2.3.2.2.3.2.2.2.2.2.2.2.2.2.2.2.3",0.515810473832915,FALSE,TRUE,40
"2.2.2.3.2.1.3.2.2.3.2.2.2.2.2.2.2.2.2.2.2.3",0.498394058451267,FALSE,TRUE,40
"2.2.2.3.2.2.3.1.2.3.2.2.2.2.2.2.2.2.2.2.2.3",0.40251484037074,FALSE,TRUE,40
"2.2.2.3.2.2.3.2.1.3.2.2.2.2.2.2.2.2.2.2.2.3",0.508353780807169,FALSE,TRUE,40
"2.2.2.3.2.2.3.2.2.2.2.2.2.2.2.2.2.2.2.2.2.3",0.488215267717783,FALSE,TRUE,40
"2.2.2.3.2.2.3.2.2.3.1.2.2.2.2.2.2.2.2.2.2.3",0.535295232965708,FALSE,TRUE,40
"2.2.2.3.2.2.3.2.2.3.2.1.2.2.2.2.2.2.2.2.2.3",0.428042790881058,FALSE,TRUE,40
"2.2.2.3.2.2.3.2.2.3.2.2.1.2.2.2.2.2.2.2.2.3",0.424563632042106,FALSE,TRUE,40
"2.2.2.3.2.2.3.2.2.3.2.2.2.1.2.2.2.2.2.2.2.3",0.509054062508609,FALSE,TRUE,40
"2.2.2.3.2.2.3.2.2.3.2.2.2.2.1.2.2.2.2.2.2.3",0.48300180879427,FALSE,TRUE,40
"2.2.2.3.2.2.3.2.2.3.2.2.2.2.2.1.2.2.2.2.2.3",0.479034964264048,FALSE,TRUE,40
"2.2.2.3.2.2.3.2.2.3.2.2.2.2.2.2.1.2.2.2.2.3",0.495593022628218,FALSE,TRUE,40
"2.2.2.3.2.2.3.2.2.3.2.2.2.2.2.2.2.1.2.2.2.3",0.468373175730081,FALSE,TRUE,40
"2.2.2.3.2.2.3.2.2.3.2.2.2.2.2.2.2.2.1.2.2.3",0.505111185161632,FALSE,TRUE,40
"2.2.2.3.2.2.3.2.2.3.2.2.2.2.2.2.2.2.2.1.2.3",0.441530211847384,FALSE,TRUE,40
"2.2.2.3.2.2.3.2.2.3.2.2.2.2.2.2.2.2.2.2.1.3",0.45934359986915,FALSE,TRUE,40
"1.3.2.3.2.2.3.2.2.3.2.2.2.2.2.2.2.2.2.2.2.3",0.495967533055614,FALSE,TRUE,40
"1.2.3.3.2.2.3.2.2.3.2.2.2.2.2.2.2.2.2.2.2.3",0.519874062025003,FALSE,TRUE,40
"1.2.2.4.2.2.3.2.2.3.2.2.2.2.2.2.2.2.2.2.2.3",0.434844523402006,FALSE,TRUE,40
"1.2.2.3.3.2.3.2.2.3.2.2.2.2.2.2.2.2.2.2.2.3",0.406588921059546,FALSE,TRUE,40
"1.2.2.3.2.2.4.2.2.3.2.2.2.2.2.2.2.2.2.2.2.3",0.414397801072397,FALSE,TRUE,40
"1.2.2.3.2.2.3.3.2.3.2.2.2.2.2.2.2.2.2.2.2.3",0.524056780239325,FALSE,TRUE,40
"1.2.2.3.2.2.3.2.3.3.2.2.2.2.2.2.2.2.2.2.2.3",0.41065341897097,FALSE,TRUE,40
"1.2.2.3.2.2.3.2.2.4.2.2.2.2.2.2.2.2.2.2.2.3",0.431605917538302,FALSE,TRUE,40
"1.2.2.3.2.2.3.2.2.3.3.2.2.2.2.2.2.2.2.2.2.3",0.385549195454891,FALSE,TRUE,40
"1.2.2.3.2.2.3.2.2.3.2.3.2.2.2.2.2.2.2.2.2.3",0.472005748145286,FALSE,TRUE,40
"1.2.2.3.2.2.3.2.2.3.2.2.3.2.2.2.2.2.2.2.2.3",0.49202297051025,FALSE,TRUE,40
"1.2.2.3.2.2.3.2.2.3.2.2.2.3.2.2.2.2.2.2.2.3",0.417476028072886,FALSE,TRUE,40
"1.2.2.3.2.2.3.2.2.3.2.2.2.2.3.2.2.2.2.2.2.3",0.437722397722915,FALSE,TRUE,40
"1.2.2.3.2.2.3.2.2.3.2.2.2.2.2.3.2.2.2.2.2.3",0.448241394776294,FALSE,TRUE,40
"1.2.2.3.2.2.3.2.2.3.2.2.2.2.2.2.3.2.2.2.2.3",0.430312970223321,FALSE,TRUE,40
"1.2.2.3.2.2.3.2.2.3.2.2.2.2.2.2.2.3.2.2.2.3",0.455980843047145,FALSE,TRUE,40
"1.2.2.3.2.2.3.2.2.3.2.2.2.2.2.2.2.2.3.2.2.3",0.42141105494191,FALSE,TRUE,40
"1.2.2.3.2.2.3.2.2.3.2.2.2.2.2.2.2.2.2.3.2.3",0.486210807240418,FALSE,TRUE,40
"1.2.2.3.2.2.3.2.2.3.2.2.2.2.2.2.2.2.2.2.3.3",0.436669123834308,FALSE,TRUE,40
"1.2.2.3.2.2.3.2.2.3.2.2.2.2.2.2.2.2.2.2.2.4",0.460094847929487,FALSE,TRUE,40
"1.1.2.3.2.2.3.2.2.3.2.2.2.2.2.2.2.2.2.2.2.3",0.388261199730719,FALSE,TRUE,39
"1.2.1.3.2.2.3.2.2.3.2.2.2.2.2.2.2.2.2.2.2.3",0.348910241697384,FALSE,TRUE,39
"1.2.2.2.2.2.3.2.2.3.2.2.2.2.2.2.2.2.2.2.2.3",0.442687405223851,FALSE,TRUE,40
"1.2.2.3.1.2.3.2.2.3.2.2.2.2.2.2.2.2.2.2.2.3",0.46021193565908,FALSE,TRUE,39
"1.2.2.3.2.1.3.2.2.3.2.2.2.2.2.2.2.2.2.2.2.3",0.449551046448884,FALSE,TRUE,40
"1.2.2.3.2.2.3.1.2.3.2.2.2.2.2.2.2.2.2.2.2.3",0.360547282826084,FALSE,TRUE,39
"1.2.2.3.2.2.3.2.1.3.2.2.2.2.2.2.2.2.2.2.2.3",0.46562693462126,FALSE,TRUE,39
"1.2.2.3.2.2.3.2.2.2.2.2.2.2.2.2.2.2.2.2.2.3",0.444407010812923,FALSE,TRUE,40
"1.2.2.3.2.2.3.2.2.3.1.2.2.2.2.2.2.2.2.2.2.3",0.491866900318489,FALSE,TRUE,39
"1.2.2.3.2.2.3.2.2.3.2.1.2.2.2.2.2.2.2.2.2.3",0.385707818026788,FALSE,TRUE,39
"1.2.2.3.2.2.3.2.2.3.2.2.1.2.2.2.2.2.2.2.2.3",0.386598190257189,FALSE,TRUE,39
"1.2.2.3.2.2.3.2.2.3.2.2.2.1.2.2.2.2.2.2.2.3",0.468134496897955,FALSE,TRUE,39
"1.2.2.3.2.2.3.2.2.3.2.2.2.2.1.2.2.2.2.2.2.3",0.437947256465857,FALSE,TRUE,39
"1.2.2.3.2.2.3.2.2.3.2.2.2.2.2.1.2.2.2.2.2.3",0.434709385035835,FALSE,TRUE,39
"1.2.2.3.2.2.3.2.2.3.2.2.2.2.2.2.1.2.2.2.2.3",0.448236165864563,FALSE,TRUE,39
"1.2.2.3.2.2.3.2.2.3.2.2.2.2.2.2.2.1.2.2.2.3",0.425233927730505,FALSE,TRUE,39
"1.2.2.3.2.2.3.2.2.3.2.2.2.2.2.2.2.2.1.2.2.3",0.456983596811193,FALSE,TRUE,39
"1.2.2.3.2.2.3.2.2.3.2.2.2.2.2.2.2.2.2.1.2.3",0.397781570172471,FALSE,TRUE,39
"1.2.2.3.2.2.3.2.2.3.2.2.2.2.2.2.2.2.2.2.1.3",0.423988682592466,FALSE,TRUE,39
"1.2.2.3.2.2.3.2.2.3.2.2.2.2.2.2.2.2.2.2.2.2",0.41765659753225,FALSE,TRUE,39
"3.2.2.3.2.2.1.2.2.2.2.2.2.2.2.2.2.2.2.2.2.2",0.470356445068597,FALSE,TRUE,40
"2.2.3.3.2.2.1.2.2.2.2.2.2.2.2.2.2.2.2.2.2.2",0.56369777475764,FALSE,TRUE,40
"2.2.2.4.2.2.1.2.2.2.2.2.2.2.2.2.2.2.2.2.2.2",0.448981086409957,FALSE,TRUE,40
"2.2.2.3.3.2.1.2.2.2.2.2.2.2.2.2.2.2.2.2.2.2",0.404429331874176,FALSE,TRUE,39
"2.2.2.3.2.3.1.2.2.2.2.2.2.2.2.2.2.2.2.2.2.2",0.445062073689977,FALSE,TRUE,40
"2.2.2.3.2.2.1.3.2.2.2.2.2.2.2.2.2.2.2.2.2.2",0.537169315517895,FALSE,TRUE,40
"2.2.2.3.2.2.1.2.3.2.2.2.2.2.2.2.2.2.2.2.2.2",0.444048808333174,FALSE,TRUE,40
"2.2.2.3.2.2.1.2.2.2.3.2.2.2.2.2.2.2.2.2.2.2",0.429150484109007,FALSE,TRUE,40
"2.2.2.3.2.2.1.2.2.2.2.3.2.2.2.2.2.2.2.2.2.2",0.538252589205913,FALSE,TRUE,40
"2.2.2.3.2.2.1.2.2.2.2.2.3.2.2.2.2.2.2.2.2.2",0.488467191844534,FALSE,TRUE,39
"2.2.2.3.2.2.1.2.2.2.2.2.2.3.2.2.2.2.2.2.2.2",0.430841062952819,FALSE,TRUE,40
"2.2.2.3.2.2.1.2.2.2.2.2.2.2.3.2.2.2.2.2.2.2",0.485254151917266,FALSE,TRUE,40
"2.2.2.3.2.2.1.2.2.2.2.2.2.2.2.3.2.2.2.2.2.2",0.47747889453682,FALSE,TRUE,40
"2.2.2.3.2.2.1.2.2.2.2.2.2.2.2.2.3.2.2.2.2.2",0.455193419344126,FALSE,TRUE,39
"2.2.2.3.2.2.1.2.2.2.2.2.2.2.2.2.2.3.2.2.2.2",0.48992627332812,FALSE,TRUE,40
"2.2.2.3.2.2.1.2.2.2.2.2.2.2.2.2.2.2.3.2.2.2",0.452156368942763,FALSE,TRUE,40
"2.2.2.3.2.2.1.2.2.2.2.2.2.2.2.2.2.2.2.3.2.2",0.486834806950031,FALSE,TRUE,40
"2.2.2.3.2.2.1.2.2.2.2.2.2.2.2.2.2.2.2.2.3.2",0.491910708080158,FALSE,TRUE,40
"2.2.2.3.2.2.1.2.2.2.2.2.2.2.2.2.2.2.2.2.2.3",0.490103891227889,FALSE,TRUE,39
"1.2.2.3.2.2.1.2.2.2.2.2.2.2.2.2.2.2.2.2.2.2",0.452925529540873,FALSE,TRUE,39
"2.1.2.3.2.2.1.2.2.2.2.2.2.2.2.2.2.2.2.2.2.2",0.427004772480015,FALSE,TRUE,39
"2.2.1.3.2.2.1.2.2.2.2.2.2.2.2.2.2.2.2.2.2.2",0.354798914266524,FALSE,TRUE,39
"2.2.2.3.1.2.1.2.2.2.2.2.2.2.2.2.2.2.2.2.2.2",0.509115199361669,FALSE,TRUE,39
"2.2.2.3.2.1.1.2.2.2.2.2.2.2.2.2.2.2.2.2.2.2",0.476665440007142,FALSE,TRUE,39
"2.2.2.3.2.2.1.1.2.2.2.2.2.2.2.2.2.2.2.2.2.2",0.394332545267399,FALSE,TRUE,39
"2.2.2.3.2.2.1.2.1.2.2.2.2.2.2.2.2.2.2.2.2.2",0.477975168896464,FALSE,TRUE,38
"2.2.2.3.2.2.1.2.2.1.2.2.2.2.2.2.2.2.2.2.2.2",0.448861372563672,FALSE,TRUE,39
"2.2.2.3.2.2.1.2.2.2.2.1.2.2.2.2.2.2.2.2.2.2",0.364480178123195,FALSE,TRUE,39
"2.2.2.3.2.2.1.2.2.2.2.2.1.2.2.2.2.2.2.2.2.2",0.440945961266768,FALSE,TRUE,39
"2.2.2.3.2.2.1.2.2.2.2.2.2.2.1.2.2.2.2.2.2.2",0.439504720406272,FALSE,TRUE,39
"2.2.2.3.2.2.1.2.2.2.2.2.2.2.2.1.2.2.2.2.2.2",0.450659575024331,FALSE,TRUE,39
"2.2.2.3.2.2.1.2.2.2.2.2.2.2.2.2.1.2.2.2.2.2",0.471394527262037,FALSE,TRUE,39
"2.2.2.3.2.2.1.2.2.2.2.2.2.2.2.2.2.1.2.2.2.2",0.437776459058481,FALSE,TRUE,39
"2.2.2.3.2.2.1.2.2.2.2.2.2.2.2.2.2.2.1.2.2.2",0.471871231471561,FALSE,TRUE,38
"2.2.2.3.2.2.1.2.2.2.2.2.2.2.2.2.2.2.2.1.2.2",0.44490596603036,FALSE,TRUE,39
"2.2.2.3.2.2.1.2.2.2.2.2.2.2.2.2.2.2.2.2.1.2",0.420299999836719,FALSE,TRUE,39
"2.2.2.3.2.2.1.2.2.2.2.2.2.2.2.2.2.2.2.2.2.1",0.434433276196809,FALSE,TRUE,39
"1.3.2.3.2.3.3.2.2.3.2.2.2.2.2.2.2.2.2.2.2.3",0.479873560920534,FALSE,TRUE,40
"1.2.3.3.2.3.3.2.2.3.2.2.2.2.2.2.2.2.2.2.2.3",0.505145604001233,FALSE,TRUE,40
"1.2.2.4.2.3.3.2.2.3.2.2.2.2.2.2.2.2.2.2.2.3",0.418191235471947,FALSE,TRUE,40
"1.2.2.3.2.4.3.2.2.3.2.2.2.2.2.2.2.2.2.2.2.3",0.393738749690942,FALSE,TRUE,41
"1.2.2.3.2.3.4.2.2.3.2.2.2.2.2.2.2.2.2.2.2.3",0.39826701757217,FALSE,TRUE,40
"1.2.2.3.2.3.3.3.2.3.2.2.2.2.2.2.2.2.2.2.2.3",0.515452839708177,FALSE,TRUE,40
"1.2.2.3.2.3.3.2.3.3.2.2.2.2.2.2.2.2.2.2.2.3",0.390661259947203,FALSE,TRUE,40
"1.2.2.3.2.3.3.2.2.4.2.2.2.2.2.2.2.2.2.2.2.3",0.413195424751766,FALSE,TRUE,40
"1.2.2.3.2.3.3.2.2.3.3.2.2.2.2.2.2.2.2.2.2.3",0.35954961185435,FALSE,TRUE,40
"1.2.2.3.2.3.3.2.2.3.2.3.2.2.2.2.2.2.2.2.2.3",0.452174960434041,FALSE,TRUE,40
"1.2.2.3.2.3.3.2.2.3.2.2.3.2.2.2.2.2.2.2.2.3",0.477610202537759,FALSE,TRUE,40
"1.2.2.3.2.3.3.2.2.3.2.2.2.3.2.2.2.2.2.2.2.3",0.394368532784524,FALSE,TRUE,40
"1.2.2.3.2.3.3.2.2.3.2.2.2.2.3.2.2.2.2.2.2.3",0.417897864279903,FALSE,TRUE,40
"1.2.2.3.2.3.3.2.2.3.2.2.2.2.2.3.2.2.2.2.2.3",0.422301030226555,FALSE,TRUE,40
"1.2.2.3.2.3.3.2.2.3.2.2.2.2.2.2.3.2.2.2.2.3",0.410980977251723,FALSE,TRUE,40
"1.2.2.3.2.3.3.2.2.3.2.2.2.2.2.2.2.3.2.2.2.3",0.439842752878241,FALSE,TRUE,40
"1.2.2.3.2.3.3.2.2.3.2.2.2.2.2.2.2.2.3.2.2.3",0.396931580984945,FALSE,TRUE,40
"1.2.2.3.2.3.3.2.2.3.2.2.2.2.2.2.2.2.2.3.2.3",0.471725428808563,FALSE,TRUE,40
"1.2.2.3.2.3.3.2.2.3.2.2.2.2.2.2.2.2.2.2.3.3",0.427341873448072,FALSE,TRUE,40
"1.2.2.3.2.3.3.2.2.3.2.2.2.2.2.2.2.2.2.2.2.4",0.438978935006728,FALSE,TRUE,40
"1.1.2.3.2.3.3.2.2.3.2.2.2.2.2.2.2.2.2.2.2.3",0.367868376166884,FALSE,TRUE,39
"1.2.1.3.2.3.3.2.2.3.2.2.2.2.2.2.2.2.2.2.2.3",0.327227174122891,FALSE,TRUE,39
"1.2.2.2.2.3.3.2.2.3.2.2.2.2.2.2.2.2.2.2.2.3",0.423081995465541,FALSE,TRUE,40
"1.2.2.3.1.3.3.2.2.3.2.2.2.2.2.2.2.2.2.2.2.3",0.45586527771991,FALSE,TRUE,40
"1.2.2.3.2.3.2.2.2.3.2.2.2.2.2.2.2.2.2.2.2.3",0.443534868583289,FALSE,TRUE,39
"1.2.2.3.2.3.3.1.2.3.2.2.2.2.2.2.2.2.2.2.2.3",0.33320649347257,FALSE,TRUE,39
"1.2.2.3.2.3.3.2.1.3.2.2.2.2.2.2.2.2.2.2.2.3",0.448183875015577,FALSE,TRUE,39
"1.2.2.3.2.3.3.2.2.2.2.2.2.2.2.2.2.2.2.2.2.3",0.426233211372497,FALSE,TRUE,40
"1.2.2.3.2.3.3.2.2.3.1.2.2.2.2.2.2.2.2.2.2.3",0.481333040494011,FALSE,TRUE,39
"1.2.2.3.2.3.3.2.2.3.2.1.2.2.2.2.2.2.2.2.2.3",0.368176885579516,FALSE,TRUE,39
"1.2.2.3.2.3.3.2.2.3.2.2.1.2.2.2.2.2.2.2.2.3",0.364183777447542,FALSE,TRUE,39
"1.2.2.3.2.3.3.2.2.3.2.2.2.1.2.2.2.2.2.2.2.3",0.453971021909001,FALSE,TRUE,39
"1.2.2.3.2.3.3.2.2.3.2.2.2.2.1.2.2.2.2.2.2.3",0.420761541266476,FALSE,TRUE,39
"1.2.2.3.2.3.3.2.2.3.2.2.2.2.2.1.2.2.2.2.2.3",0.422488611228391,FALSE,TRUE,39
"1.2.2.3.2.3.3.2.2.3.2.2.2.2.2.2.1.2.2.2.2.3",0.4302011094074,FALSE,TRUE,39
"1.2.2.3.2.3.3.2.2.3.2.2.2.2.2.2.2.1.2.2.2.3",0.403755369285574,FALSE,TRUE,39
"1.2.2.3.2.3.3.2.2.3.2.2.2.2.2.2.2.2.1.2.2.3",0.443737302912363,FALSE,TRUE,39
"1.2.2.3.2.3.3.2.2.3.2.2.2.2.2.2.2.2.2.1.2.3",0.375270095299012,FALSE,TRUE,39
"1.2.2.3.2.3.3.2.2.3.2.2.2.2.2.2.2.2.2.2.1.3",0.398708387144169,FALSE,TRUE,39
"1.2.2.3.2.3.3.2.2.3.2.2.2.2.2.2.2.2.2.2.2.2",0.401755440946271,FALSE,TRUE,40
"3.2.2.3.3.2.2.2.2.3.2.2.2.2.2.2.2.2.2.2.2.2",0.430597320162207,FALSE,TRUE,41
"2.3.2.3.3.2.2.2.2.3.2.2.2.2.2.2.2.2.2.2.2.2",0.473462686397288,FALSE,TRUE,41
"2.2.3.3.3.2.2.2.2.3.2.2.2.2.2.2.2.2.2.2.2.2",0.508557533663741,FALSE,TRUE,42
"2.2.2.4.3.2.2.2.2.3.2.2.2.2.2.2.2.2.2.2.2.2",0.405940018709621,FALSE,TRUE,42
"2.2.2.3.4.2.2.2.2.3.2.2.2.2.2.2.2.2.2.2.2.2",0.348480964933662,FALSE,TRUE,43
"2.2.2.3.3.3.2.2.2.3.2.2.2.2.2.2.2.2.2.2.2.2",0.385997961424125,FALSE,TRUE,42
"2.2.2.3.3.2.3.2.2.3.2.2.2.2.2.2.2.2.2.2.2.2",0.423266446780932,FALSE,TRUE,41
"2.2.2.3.3.2.2.3.2.3.2.2.2.2.2.2.2.2.2.2.2.2",0.507780183360829,FALSE,TRUE,42
"2.2.2.3.3.2.2.2.3.3.2.2.2.2.2.2.2.2.2.2.2.2",0.397975706084856,FALSE,TRUE,42
"2.2.2.3.3.2.2.2.2.4.2.2.2.2.2.2.2.2.2.2.2.2",0.416634852695039,FALSE,TRUE,42
"2.2.2.3.3.2.2.2.2.3.3.2.2.2.2.2.2.2.2.2.2.2",0.369103146794355,FALSE,TRUE,42
"2.2.2.3.3.2.2.2.2.3.2.3.2.2.2.2.2.2.2.2.2.2",0.467551719370845,FALSE,TRUE,41
"2.2.2.3.3.2.2.2.2.3.2.2.3.2.2.2.2.2.2.2.2.2",0.473215844254085,FALSE,TRUE,41
"2.2.2.3.3.2.2.2.2.3.2.2.2.3.2.2.2.2.2.2.2.2",0.395873511007739,FALSE,TRUE,42
"2.2.2.3.3.2.2.2.2.3.2.2.2.2.3.2.2.2.2.2.2.2",0.430334112708235,FALSE,TRUE,42
"2.2.2.3.3.2.2.2.2.3.2.2.2.2.2.3.2.2.2.2.2.2",0.421044560100744,FALSE,TRUE,42
"2.2.2.3.3.2.2.2.2.3.2.2.2.2.2.2.3.2.2.2.2.2",0.402846591932734,FALSE,TRUE,42
"2.2.2.3.3.2.2.2.2.3.2.2.2.2.2.2.2.3.2.2.2.2",0.431630929227803,FALSE,TRUE,42
"2.2.2.3.3.2.2.2.2.3.2.2.2.2.2.2.2.2.3.2.2.2",0.388956287769654,FALSE,TRUE,42
"2.2.2.3.3.2.2.2.2.3.2.2.2.2.2.2.2.2.2.3.2.2",0.458464278627834,FALSE,TRUE,42
"2.2.2.3.3.2.2.2.2.3.2.2.2.2.2.2.2.2.2.2.3.2",0.449275976158925,FALSE,TRUE,42
"1.2.2.3.3.2.2.2.2.3.2.2.2.2.2.2.2.2.2.2.2.2",0.399065566926122,FALSE,TRUE,41
"2.1.2.3.3.2.2.2.2.3.2.2.2.2.2.2.2.2.2.2.2.2",0.367017343793997,FALSE,TRUE,41
"2.2.1.3.3.2.2.2.2.3.2.2.2.2.2.2.2.2.2.2.2.2",0.31773093908974,FALSE,TRUE,41
"2.2.2.2.3.2.2.2.2.3.2.2.2.2.2.2.2.2.2.2.2.2",0.427979908232999,FALSE,TRUE,41
"2.2.2.3.3.1.2.2.2.3.2.2.2.2.2.2.2.2.2.2.2.2",0.443522286662574,FALSE,TRUE,41
"2.2.2.3.3.2.1.2.2.3.2.2.2.2.2.2.2.2.2.2.2.2",0.410990540460764,FALSE,TRUE,40
"2.2.2.3.3.2.2.1.2.3.2.2.2.2.2.2.2.2.2.2.2.2",0.33401936710101,FALSE,TRUE,41
"2.2.2.3.3.2.2.2.1.3.2.2.2.2.2.2.2.2.2.2.2.2",0.431846436074086,FALSE,TRUE,41
"2.2.2.3.3.2.2.2.2.3.1.2.2.2.2.2.2.2.2.2.2.2",0.464865179508313,FALSE,TRUE,39
"2.2.2.3.3.2.2.2.2.3.2.1.2.2.2.2.2.2.2.2.2.2",0.342521448097608,FALSE,TRUE,41
"2.2.2.3.3.2.2.2.2.3.2.2.1.2.2.2.2.2.2.2.2.2",0.362356104110966,FALSE,TRUE,41
"2.2.2.3.3.2.2.2.2.3.2.2.2.1.2.2.2.2.2.2.2.2",0.447093852101434,FALSE,TRUE,41
"2.2.2.3.3.2.2.2.2.3.2.2.2.2.1.2.2.2.2.2.2.2",0.401673317576328,FALSE,TRUE,41
"2.2.2.3.3.2.2.2.2.3.2.2.2.2.2.1.2.2.2.2.2.2",0.415019368385964,FALSE,TRUE,41
"2.2.2.3.3.2.2.2.2.3.2.2.2.2.2.2.1.2.2.2.2.2",0.430366977718039,FALSE,TRUE,41
"2.2.2.3.3.2.2.2.2.3.2.2.2.2.2.2.2.1.2.2.2.2",0.40377881711123,FALSE,TRUE,41
"2.2.2.3.3.2.2.2.2.3.2.2.2.2.2.2.2.2.1.2.2.2",0.444316716166687,FALSE,TRUE,41
"2.2.2.3.3.2.2.2.2.3.2.2.2.2.2.2.2.2.2.1.2.2",0.381224438101816,FALSE,TRUE,41
"2.2.2.3.3.2.2.2.2.3.2.2.2.2.2.2.2.2.2.2.1.2",0.370576106992818,FALSE,TRUE,41
"2.2.2.3.3.2.2.2.2.3.2.2.2.2.2.2.2.2.2.2.2.1",0.395383362745641,FALSE,TRUE,41
"2.2.2.3.3.3.3.2.2.3.2.2.2.2.2.2.2.2.2.2.2.3",0.404128854276395,FALSE,TRUE,41
"1.3.2.3.3.3.3.2.2.3.2.2.2.2.2.2.2.2.2.2.2.3",0.429627100866068,FALSE,TRUE,41
"1.2.3.3.3.3.3.2.2.3.2.2.2.2.2.2.2.2.2.2.2.3",0.448392798821292,FALSE,TRUE,41
"1.2.2.4.3.3.3.2.2.3.2.2.2.2.2.2.2.2.2.2.2.3",0.36337579088837,FALSE,TRUE,41
"1.2.2.3.4.3.3.2.2.3.2.2.2.2.2.2.2.2.2.2.2.3",0.309778295635359,FALSE,TRUE,42
"1.2.2.3.3.4.3.2.2.3.2.2.2.2.2.2.2.2.2.2.2.3",0.331756790906255,FALSE,TRUE,41
"1.2.2.3.3.3.4.2.2.3.2.2.2.2.2.2.2.2.2.2.2.3",0.358364124944956,FALSE,TRUE,41
"1.2.2.3.3.3.3.3.2.3.2.2.2.2.2.2.2.2.2.2.2.3",0.468505713874745,FALSE,TRUE,41
"1.2.2.3.3.3.3.2.3.3.2.2.2.2.2.2.2.2.2.2.2.3",0.344736432790624,FALSE,TRUE,41
"1.2.2.3.3.3.3.2.2.4.2.2.2.2.2.2.2.2.2.2.2.3",0.363845468767436,FALSE,TRUE,41
"1.2.2.3.3.3.3.2.2.3.3.2.2.2.2.2.2.2.2.2.2.3",0.305993882123667,FALSE,TRUE,41
"1.2.2.3.3.3.3.2.2.3.2.3.2.2.2.2.2.2.2.2.2.3",0.392845552794539,FALSE,TRUE,41
"1.2.2.3.3.3.3.2.2.3.2.2.3.2.2.2.2.2.2.2.2.3",0.434567535221428,FALSE,TRUE,41
"1.2.2.3.3.3.3.2.2.3.2.2.2.3.2.2.2.2.2.2.2.3",0.345573983838718,FALSE,TRUE,41
"1.2.2.3.3.3.3.2.2.3.2.2.2.2.3.2.2.2.2.2.2.3",0.367633804486762,FALSE,TRUE,41
"1.2.2.3.3.3.3.2.2.3.2.2.2.2.2.3.2.2.2.2.2.3",0.364040222980765,FALSE,TRUE,41
"1.2.2.3.3.3.3.2.2.3.2.2.2.2.2.2.3.2.2.2.2.3",0.356583306941589,FALSE,TRUE,41
"1.2.2.3.3.3.3.2.2.3.2.2.2.2.2.2.2.3.2.2.2.3",0.381439943454539,FALSE,TRUE,41
"1.2.2.3.3.3.3.2.2.3.2.2.2.2.2.2.2.2.3.2.2.3",0.338952737911488,FALSE,TRUE,41
"1.2.2.3.3.3.3.2.2.3.2.2.2.2.2.2.2.2.2.3.2.3",0.425874681961021,FALSE,TRUE,41
"1.2.2.3.3.3.3.2.2.3.2.2.2.2.2.2.2.2.2.2.3.3",0.385771329068617,FALSE,TRUE,41
"1.2.2.3.3.3.3.2.2.3.2.2.2.2.2.2.2.2.2.2.2.4",0.383680712394621,FALSE,TRUE,41
"1.1.2.3.3.3.3.2.2.3.2.2.2.2.2.2.2.2.2.2.2.3",0.318766972711708,FALSE,TRUE,40
"1.2.1.3.3.3.3.2.2.3.2.2.2.2.2.2.2.2.2.2.2.3",0.28564254589457,FALSE,TRUE,40
"1.2.2.2.3.3.3.2.2.3.2.2.2.2.2.2.2.2.2.2.2.3",0.379498873152889,FALSE,TRUE,41
"1.2.2.3.3.3.2.2.2.3.2.2.2.2.2.2.2.2.2.2.2.3",0.382488523948005,FALSE,TRUE,41
"1.2.2.3.3.3.3.1.2.3.2.2.2.2.2.2.2.2.2.2.2.3",0.282061853759221,FALSE,TRUE,40
"1.2.2.3.3.3.3.2.1.3.2.2.2.2.2.2.2.2.2.2.2.3",0.394044923724926,FALSE,TRUE,40
"1.2.2.3.3.3.3.2.2.2.2.2.2.2.2.2.2.2.2.2.2.3",0.375229871098766,FALSE,TRUE,41
"1.2.2.3.3.3.3.2.2.3.1.2.2.2.2.2.2.2.2.2.2.3",0.436016202491087,FALSE,TRUE,40
"1.2.2.3.3.3.3.2.2.3.2.1.2.2.2.2.2.2.2.2.2.3",0.326911910944752,FALSE,TRUE,40
"1.2.2.3.3.3.3.2.2.3.2.2.1.2.2.2.2.2.2.2.2.3",0.306915948094576,FALSE,TRUE,40
"1.2.2.3.3.3.3.2.2.3.2.2.2.1.2.2.2.2.2.2.2.3",0.402507543963998,FALSE,TRUE,40
"1.2.2.3.3.3.3.2.2.3.2.2.2.2.1.2.2.2.2.2.2.3",0.371460998421342,FALSE,TRUE,40
"1.2.2.3.3.3.3.2.2.3.2.2.2.2.2.1.2.2.2.2.2.3",0.380007589070058,FALSE,TRUE,40
"1.2.2.3.3.3.3.2.2.3.2.2.2.2.2.2.1.2.2.2.2.3",0.384011752736426,FALSE,TRUE,40
"1.2.2.3.3.3.3.2.2.3.2.2.2.2.2.2.2.1.2.2.2.3",0.362016370521637,FALSE,TRUE,40
"1.2.2.3.3.3.3.2.2.3.2.2.2.2.2.2.2.2.1.2.2.3",0.402170290949752,FALSE,TRUE,40
"1.2.2.3.3.3.3.2.2.3.2.2.2.2.2.2.2.2.2.1.2.3",0.321565493742742,FALSE,TRUE,40
"1.2.2.3.3.3.3.2.2.3.2.2.2.2.2.2.2.2.2.2.1.3",0.343085024168981,FALSE,TRUE,40
"1.2.2.3.3.3.3.2.2.3.2.2.2.2.2.2.2.2.2.2.2.2",0.356932164493338,FALSE,TRUE,41
"3.3.2.3.2.2.2.2.2.2.1.2.2.2.1.2.2.2.3.2.2.2",0.51915121615233,FALSE,TRUE,40
"2.4.2.3.2.2.2.2.2.2.1.2.2.2.1.2.2.2.3.2.2.2",0.560189005717358,FALSE,TRUE,40
"2.3.3.3.2.2.2.2.2.2.1.2.2.2.1.2.2.2.3.2.2.2",0.625900938313017,FALSE,TRUE,40
"2.3.2.4.2.2.2.2.2.2.1.2.2.2.1.2.2.2.3.2.2.2",0.501118729159276,FALSE,TRUE,40
"2.3.2.3.3.2.2.2.2.2.1.2.2.2.1.2.2.2.3.2.2.2",0.458806649190307,FALSE,TRUE,40
"2.3.2.3.2.3.2.2.2.2.1.2.2.2.1.2.2.2.3.2.2.2",0.49258201503836,FALSE,TRUE,40
"2.3.2.3.2.2.3.2.2.2.1.2.2.2.1.2.2.2.3.2.2.2",0.518268109206039,FALSE,TRUE,40
"2.3.2.3.2.2.2.3.2.2.1.2.2.2.1.2.2.2.3.2.2.2",0.597913196337985,FALSE,TRUE,40
"2.3.2.3.2.2.2.2.3.2.1.2.2.2.1.2.2.2.3.2.2.2",0.479853991602551,FALSE,TRUE,40
"2.3.2.3.2.2.2.2.2.3.1.2.2.2.1.2.2.2.3.2.2.2",0.527256094976147,FALSE,TRUE,40
"2.3.2.3.2.2.2.2.2.2.2.2.2.2.1.2.2.2.3.2.2.2",0.474579102670957,FALSE,TRUE,40
"2.3.2.3.2.2.2.2.2.2.1.3.2.2.1.2.2.2.3.2.2.2",0.592753239097897,FALSE,TRUE,40
"2.3.2.3.2.2.2.2.2.2.1.2.3.2.1.2.2.2.3.2.2.2",0.545694806267883,FALSE,TRUE,40
"2.3.2.3.2.2.2.2.2.2.1.2.2.2.1.3.2.2.3.2.2.2",0.515283548650254,FALSE,TRUE,40
"2.3.2.3.2.2.2.2.2.2.1.2.2.2.1.2.3.2.3.2.2.2",0.5125816364575,FALSE,TRUE,40
"2.3.2.3.2.2.2.2.2.2.1.2.2.2.1.2.2.3.3.2.2.2",0.535971364066774,FALSE,TRUE,40
"2.3.2.3.2.2.2.2.2.2.1.2.2.2.1.2.2.2.4.2.2.2",0.479032935292083,FALSE,TRUE,41
"2.3.2.3.2.2.2.2.2.2.1.2.2.2.1.2.2.2.3.3.2.2",0.537661984474555,FALSE,TRUE,39
"2.3.2.3.2.2.2.2.2.2.1.2.2.2.1.2.2.2.3.2.3.2",0.54458917183285,FALSE,TRUE,40
"2.3.2.3.2.2.2.2.2.2.1.2.2.2.1.2.2.2.3.2.2.3",0.547429789477745,FALSE,TRUE,40
"1.3.2.3.2.2.2.2.2.2.1.2.2.2.1.2.2.2.3.2.2.2",0.489561860916429,FALSE,TRUE,39
"2.2.2.3.2.2.2.2.2.2.1.2.2.2.1.2.2.2.3.2.2.2",0.456890693528427,FALSE,TRUE,39
"2.3.1.3.2.2.2.2.2.2.1.2.2.2.1.2.2.2.3.2.2.2",0.376474269756317,FALSE,TRUE,39
"2.3.2.2.2.2.2.2.2.2.1.2.2.2.1.2.2.2.3.2.2.2",0.507394238373637,FALSE,TRUE,40
"2.3.2.3.1.2.2.2.2.2.1.2.2.2.1.2.2.2.3.2.2.2",0.53960926839965,FALSE,TRUE,39
"2.3.2.3.2.1.2.2.2.2.1.2.2.2.1.2.2.2.3.2.2.2",0.51392266972724,FALSE,TRUE,39
"2.3.2.3.2.2.1.2.2.2.1.2.2.2.1.2.2.2.3.2.2.2",0.497172288746866,FALSE,TRUE,39
"2.3.2.3.2.2.2.1.2.2.1.2.2.2.1.2.2.2.3.2.2.2",0.416316015015834,FALSE,TRUE,39
"2.3.2.3.2.2.2.2.1.2.1.2.2.2.1.2.2.2.3.2.2.2",0.527074730466201,FALSE,TRUE,39
"2.3.2.3.2.2.2.2.2.1.1.2.2.2.1.2.2.2.3.2.2.2",0.48251081789851,FALSE,TRUE,39
"2.3.2.3.2.2.2.2.2.2.1.1.2.2.1.2.2.2.3.2.2.2",0.395736505232406,FALSE,TRUE,39
"2.3.2.3.2.2.2.2.2.2.1.2.1.2.1.2.2.2.3.2.2.2",0.470424577518107,FALSE,TRUE,39
"2.3.2.3.2.2.2.2.2.2.1.2.2.1.1.2.2.2.3.2.2.2",0.529890848990504,FALSE,TRUE,39
"2.3.2.3.2.2.2.2.2.2.1.2.2.2.1.1.2.2.3.2.2.2",0.496436776526189,FALSE,TRUE,39
"2.3.2.3.2.2.2.2.2.2.1.2.2.2.1.2.1.2.3.2.2.2",0.499724261123831,FALSE,TRUE,38
"2.3.2.3.2.2.2.2.2.2.1.2.2.2.1.2.2.1.3.2.2.2",0.475580933811138,FALSE,TRUE,39
"2.3.2.3.2.2.2.2.2.2.1.2.2.2.1.2.2.2.3.1.2.2",0.479345012488201,FALSE,TRUE,39
"2.3.2.3.2.2.2.2.2.2.1.2.2.2.1.2.2.2.3.2.1.2",0.451112130454915,FALSE,TRUE,39
"2.3.2.3.2.2.2.2.2.2.1.2.2.2.1.2.2.2.3.2.2.1",0.464056887933803,FALSE,TRUE,39
"3.3.2.3.2.2.2.2.2.2.1.2.2.2.2.2.2.2.2.3.2.2",0.589377458530889,FALSE,TRUE,41
"2.4.2.3.2.2.2.2.2.2.1.2.2.2.2.2.2.2.2.3.2.2",0.619349424346479,FALSE,TRUE,41
"2.3.3.3.2.2.2.2.2.2.1.2.2.2.2.2.2.2.2.3.2.2",0.67649810421836,FALSE,TRUE,41
"2.3.2.4.2.2.2.2.2.2.1.2.2.2.2.2.2.2.2.3.2.2",0.563220781505851,FALSE,TRUE,41
"2.3.2.3.3.2.2.2.2.2.1.2.2.2.2.2.2.2.2.3.2.2",0.53962284540432,FALSE,TRUE,41
"2.3.2.3.2.3.2.2.2.2.1.2.2.2.2.2.2.2.2.3.2.2",0.570431250886491,FALSE,TRUE,41
"2.3.2.3.2.2.3.2.2.2.1.2.2.2.2.2.2.2.2.3.2.2",0.590589501988561,FALSE,TRUE,41
"2.3.2.3.2.2.2.3.2.2.1.2.2.2.2.2.2.2.2.3.2.2",0.649384900037512,FALSE,TRUE,41
"2.3.2.3.2.2.2.2.3.2.1.2.2.2.2.2.2.2.2.3.2.2",0.558448989660295,FALSE,TRUE,40
"2.3.2.3.2.2.2.2.2.3.1.2.2.2.2.2.2.2.2.3.2.2",0.594563721109264,FALSE,TRUE,39
"2.3.2.3.2.2.2.2.2.2.1.3.2.2.2.2.2.2.2.3.2.2",0.644757821350726,FALSE,TRUE,41
"2.3.2.3.2.2.2.2.2.2.1.2.3.2.2.2.2.2.2.3.2.2",0.604266334354807,FALSE,TRUE,39
"2.3.2.3.2.2.2.2.2.2.1.2.2.3.2.2.2.2.2.3.2.2",0.55821298217559,FALSE,TRUE,37
"2.3.2.3.2.2.2.2.2.2.1.2.2.2.3.2.2.2.2.3.2.2",0.584426228597884,FALSE,TRUE,41
"2.3.2.3.2.2.2.2.2.2.1.2.2.2.2.3.2.2.2.3.2.2",0.585118905972909,FALSE,TRUE,41
"2.3.2.3.2.2.2.2.2.2.1.2.2.2.2.2.3.2.2.3.2.2",0.578472817808323,FALSE,TRUE,40
"2.3.2.3.2.2.2.2.2.2.1.2.2.2.2.2.2.3.2.3.2.2",0.593184916718238,FALSE,TRUE,41
"2.3.2.3.2.2.2.2.2.2.1.2.2.2.2.2.2.2.3.3.2.2",0.566465307203165,FALSE,TRUE,40
"2.3.2.3.2.2.2.2.2.2.1.2.2.2.2.2.2.2.2.4.2.2",0.590819705185466,FALSE,TRUE,42
"2.3.2.3.2.2.2.2.2.2.1.2.2.2.2.2.2.2.2.3.3.2",0.59349788850038,FALSE,TRUE,41
"2.3.2.3.2.2.2.2.2.2.1.2.2.2.2.2.2.2.2.3.2.3",0.605696172171484,FALSE,TRUE,41
"1.3.2.3.2.2.2.2.2.2.1.2.2.2.2.2.2.2.2.3.2.2",0.54972274157616,FALSE,TRUE,40
"2.3.1.3.2.2.2.2.2.2.1.2.2.2.2.2.2.2.2.3.2.2",0.453732238899225,FALSE,TRUE,40
"2.3.2.2.2.2.2.2.2.2.1.2.2.2.2.2.2.2.2.3.2.2",0.574901592161163,FALSE,TRUE,40
"2.3.2.3.1.2.2.2.2.2.1.2.2.2.2.2.2.2.2.3.2.2",0.586684164191727,FALSE,TRUE,40
"2.3.2.3.2.1.2.2.2.2.1.2.2.2.2.2.2.2.2.3.2.2",0.566779433194711,FALSE,TRUE,40
"2.3.2.3.2.2.1.2.2.2.1.2.2.2.2.2.2.2.2.3.2.2",0.55098942795559,FALSE,TRUE,40
"2.3.2.3.2.2.2.1.2.2.1.2.2.2.2.2.2.2.2.3.2.2",0.493267615710611,FALSE,TRUE,40
"2.3.2.3.2.2.2.2.1.2.1.2.2.2.2.2.2.2.2.3.2.2",0.57837185971323,FALSE,TRUE,39
"2.3.2.3.2.2.2.2.2.1.1.2.2.2.2.2.2.2.2.3.2.2",0.544929418841016,FALSE,TRUE,40
"2.3.2.3.2.2.2.2.2.2.1.1.2.2.2.2.2.2.2.3.2.2",0.472779644784535,FALSE,TRUE,40
"2.3.2.3.2.2.2.2.2.2.1.2.1.2.2.2.2.2.2.3.2.2",0.538774469921013,FALSE,TRUE,40
"2.3.2.3.2.2.2.2.2.2.1.2.2.1.2.2.2.2.2.3.2.2",0.59144290157691,FALSE,TRUE,40
"2.3.2.3.2.2.2.2.2.2.1.2.2.2.2.1.2.2.2.3.2.2",0.557979968844376,FALSE,TRUE,40
"2.3.2.3.2.2.2.2.2.2.1.2.2.2.2.2.2.1.2.3.2.2",0.548741406691542,FALSE,TRUE,40
"2.3.2.3.2.2.2.2.2.2.1.2.2.2.2.2.2.2.1.3.2.2",0.571564831924572,FALSE,TRUE,39
"2.3.2.3.2.2.2.2.2.2.1.2.2.2.2.2.2.2.2.3.1.2",0.529080546457003,FALSE,TRUE,40
"2.3.2.3.2.2.2.2.2.2.1.2.2.2.2.2.2.2.2.3.2.1",0.534587130489704,FALSE,TRUE,40
"4.2.2.3.2.2.2.2.2.3.2.3.2.2.2.2.2.2.2.2.2.3",0.547333780210364,FALSE,TRUE,42
"3.3.2.3.2.2.2.2.2.3.2.3.2.2.2.2.2.2.2.2.2.3",0.577752785240936,FALSE,TRUE,42
"3.2.3.3.2.2.2.2.2.3.2.3.2.2.2.2.2.2.2.2.2.3",0.596756603999176,FALSE,TRUE,42
"3.2.2.4.2.2.2.2.2.3.2.3.2.2.2.2.2.2.2.2.2.3",0.537427515017898,FALSE,TRUE,42
"3.2.2.3.3.2.2.2.2.3.2.3.2.2.2.2.2.2.2.2.2.3",0.469582765785776,FALSE,TRUE,42
"3.2.2.3.2.3.2.2.2.3.2.3.2.2.2.2.2.2.2.2.2.3",0.511401843649575,FALSE,TRUE,42
"3.2.2.3.2.2.3.2.2.3.2.3.2.2.2.2.2.2.2.2.2.3",0.551246171351214,FALSE,TRUE,41
"3.2.2.3.2.2.2.3.2.3.2.3.2.2.2.2.2.2.2.2.2.3",0.610413540983198,FALSE,TRUE,42
"3.2.2.3.2.2.2.2.3.3.2.3.2.2.2.2.2.2.2.2.2.3",0.511787306839113,FALSE,TRUE,42
"3.2.2.3.2.2.2.2.2.4.2.3.2.2.2.2.2.2.2.2.2.3",0.527308717277361,FALSE,TRUE,42
"3.2.2.3.2.2.2.2.2.3.3.3.2.2.2.2.2.2.2.2.2.3",0.494929751454475,FALSE,TRUE,42
"3.2.2.3.2.2.2.2.2.3.2.4.2.2.2.2.2.2.2.2.2.3",0.547469668204515,FALSE,TRUE,43
"3.2.2.3.2.2.2.2.2.3.2.3.3.2.2.2.2.2.2.2.2.3",0.609064654727623,FALSE,TRUE,42
"3.2.2.3.2.2.2.2.2.3.2.3.2.3.2.2.2.2.2.2.2.3",0.525391516951743,FALSE,TRUE,42
"3.2.2.3.2.2.2.2.2.3.2.3.2.2.3.2.2.2.2.2.2.3",0.52122882870575,FALSE,TRUE,42
"3.2.2.3.2.2.2.2.2.3.2.3.2.2.2.3.2.2.2.2.2.3",0.551235385234544,FALSE,TRUE,42
"3.2.2.3.2.2.2.2.2.3.2.3.2.2.2.2.3.2.2.2.2.3",0.511762194558263,FALSE,TRUE,42
"3.2.2.3.2.2.2.2.2.3.2.3.2.2.2.2.2.3.2.2.2.3",0.565003468803379,FALSE,TRUE,42
"3.2.2.3.2.2.2.2.2.3.2.3.2.2.2.2.2.2.3.2.2.3",0.519260055916831,FALSE,TRUE,42
"3.2.2.3.2.2.2.2.2.3.2.3.2.2.2.2.2.2.2.3.2.3",0.591328168523406,FALSE,TRUE,42
"3.2.2.3.2.2.2.2.2.3.2.3.2.2.2.2.2.2.2.2.3.3",0.55020164707508,FALSE,TRUE,42
"3.2.2.3.2.2.2.2.2.3.2.3.2.2.2.2.2.2.2.2.2.4",0.530774328732762,FALSE,TRUE,42
"3.1.2.3.2.2.2.2.2.3.2.3.2.2.2.2.2.2.2.2.2.3",0.508075064989436,FALSE,TRUE,41
"3.2.1.3.2.2.2.2.2.3.2.3.2.2.2.2.2.2.2.2.2.3",0.473198311063962,FALSE,TRUE,41
"3.2.2.2.2.2.2.2.2.3.2.3.2.2.2.2.2.2.2.2.2.3",0.541457590903359,FALSE,TRUE,42
"3.2.2.3.1.2.2.2.2.3.2.3.2.2.2.2.2.2.2.2.2.3",0.597957372809575,FALSE,TRUE,41
"3.2.2.3.2.1.2.2.2.3.2.3.2.2.2.2.2.2.2.2.2.3",0.564720442420857,FALSE,TRUE,41
"3.2.2.3.2.2.1.2.2.3.2.3.2.2.2.2.2.2.2.2.2.3",0.529757408161471,FALSE,TRUE,41
"3.2.2.3.2.2.2.1.2.3.2.3.2.2.2.2.2.2.2.2.2.3",0.473820862274804,FALSE,TRUE,41
"3.2.2.3.2.2.2.2.1.3.2.3.2.2.2.2.2.2.2.2.2.3",0.564262070794699,FALSE,TRUE,41
"3.2.2.3.2.2.2.2.2.2.2.3.2.2.2.2.2.2.2.2.2.3",0.55119876017596,FALSE,TRUE,40
"3.2.2.3.2.2.2.2.2.3.1.3.2.2.2.2.2.2.2.2.2.3",0.585606936935942,FALSE,TRUE,41
"3.2.2.3.2.2.2.2.2.3.2.3.1.2.2.2.2.2.2.2.2.3",0.473708459897519,FALSE,TRUE,41
"3.2.2.3.2.2.2.2.2.3.2.3.2.1.2.2.2.2.2.2.2.3",0.564244936926691,FALSE,TRUE,41
"3.2.2.3.2.2.2.2.2.3.2.3.2.2.1.2.2.2.2.2.2.3",0.556022349148891,FALSE,TRUE,41
"3.2.2.3.2.2.2.2.2.3.2.3.2.2.2.1.2.2.2.2.2.3",0.530026716312737,FALSE,TRUE,41
"3.2.2.3.2.2.2.2.2.3.2.3.2.2.2.2.1.2.2.2.2.3",0.569141217438372,FALSE,TRUE,41
"3.2.2.3.2.2.2.2.2.3.2.3.2.2.2.2.2.1.2.2.2.3",0.516747689335532,FALSE,TRUE,41
"3.2.2.3.2.2.2.2.2.3.2.3.2.2.2.2.2.2.1.2.2.3",0.557220827591559,FALSE,TRUE,41
"3.2.2.3.2.2.2.2.2.3.2.3.2.2.2.2.2.2.2.1.2.3",0.494474392384802,FALSE,TRUE,41
"3.2.2.3.2.2.2.2.2.3.2.3.2.2.2.2.2.2.2.2.1.3",0.513983084946759,FALSE,TRUE,41
"3.2.2.3.2.2.2.2.2.3.2.3.2.2.2.2.2.2.2.2.2.2",0.549300862761454,FALSE,TRUE,40
"3.2.2.3.2.2.2.2.2.2.1.2.2.2.2.2.3.2.2.2.2.2",0.51223284470506,FALSE,TRUE,40
"2.2.3.3.2.2.2.2.2.2.1.2.2.2.2.2.3.2.2.2.2.2",0.588155506415883,FALSE,TRUE,40
"2.2.2.4.2.2.2.2.2.2.1.2.2.2.2.2.3.2.2.2.2.2",0.480698861910723,FALSE,TRUE,39
"2.2.2.3.3.2.2.2.2.2.1.2.2.2.2.2.3.2.2.2.2.2",0.44570060455154,FALSE,TRUE,40
"2.2.2.3.2.3.2.2.2.2.1.2.2.2.2.2.3.2.2.2.2.2",0.485251421269714,FALSE,TRUE,40
"2.2.2.3.2.2.3.2.2.2.1.2.2.2.2.2.3.2.2.2.2.2",0.501566962070758,FALSE,TRUE,40
"2.2.2.3.2.2.2.3.2.2.1.2.2.2.2.2.3.2.2.2.2.2",0.571050961378614,FALSE,TRUE,40
"2.2.2.3.2.2.2.2.3.2.1.2.2.2.2.2.3.2.2.2.2.2",0.477769967283859,FALSE,TRUE,39
"2.2.2.3.2.2.2.2.2.3.1.2.2.2.2.2.3.2.2.2.2.2",0.500549017424063,FALSE,TRUE,38
"2.2.2.3.2.2.2.2.2.2.1.3.2.2.2.2.3.2.2.2.2.2",0.556305785848833,FALSE,TRUE,38
"2.2.2.3.2.2.2.2.2.2.1.2.2.2.3.2.3.2.2.2.2.2",0.508684100216834,FALSE,TRUE,40
"2.2.2.3.2.2.2.2.2.2.1.2.2.2.2.3.3.2.2.2.2.2",0.511318554908665,FALSE,TRUE,40
"2.2.2.3.2.2.2.2.2.2.1.2.2.2.2.2.4.2.2.2.2.2",0.481801315091602,FALSE,TRUE,41
"2.2.2.3.2.2.2.2.2.2.1.2.2.2.2.2.3.3.2.2.2.2",0.50951841821792,FALSE,TRUE,40
"2.2.2.3.2.2.2.2.2.2.1.2.2.2.2.2.3.2.3.2.2.2",0.480527394305942,FALSE,TRUE,40
"2.2.2.3.2.2.2.2.2.2.1.2.2.2.2.2.3.2.2.3.2.2",0.525694048527143,FALSE,TRUE,39
"2.2.2.3.2.2.2.2.2.2.1.2.2.2.2.2.3.2.2.2.3.2",0.515935887705974,FALSE,TRUE,40
"2.2.2.3.2.2.2.2.2.2.1.2.2.2.2.2.3.2.2.2.2.3",0.519597757437186,FALSE,TRUE,40
"1.2.2.3.2.2.2.2.2.2.1.2.2.2.2.2.3.2.2.2.2.2",0.472336227597646,FALSE,TRUE,39
"2.2.1.3.2.2.2.2.2.2.1.2.2.2.2.2.3.2.2.2.2.2",0.38891015083824,FALSE,TRUE,39
"2.2.2.2.2.2.2.2.2.2.1.2.2.2.2.2.3.2.2.2.2.2",0.504008787363299,FALSE,TRUE,38
"2.2.2.3.1.2.2.2.2.2.1.2.2.2.2.2.3.2.2.2.2.2",0.527616011647493,FALSE,TRUE,39
"2.2.2.3.2.1.2.2.2.2.1.2.2.2.2.2.3.2.2.2.2.2",0.497222347267858,FALSE,TRUE,39
"2.2.2.3.2.2.1.2.2.2.1.2.2.2.2.2.3.2.2.2.2.2",0.48580140310873,FALSE,TRUE,38
"2.2.2.3.2.2.2.1.2.2.1.2.2.2.2.2.3.2.2.2.2.2",0.420423891832346,FALSE,TRUE,39
"2.2.2.3.2.2.2.2.1.2.1.2.2.2.2.2.3.2.2.2.2.2",0.504752039116107,FALSE,TRUE,39
"2.2.2.3.2.2.2.2.2.1.1.2.2.2.2.2.3.2.2.2.2.2",0.482927222237067,FALSE,TRUE,39
"2.2.2.3.2.2.2.2.2.2.1.1.2.2.2.2.3.2.2.2.2.2",0.40662845097619,FALSE,TRUE,39
"2.2.2.3.2.2.2.2.2.2.1.2.1.2.2.2.3.2.2.2.2.2",0.449535864904253,FALSE,TRUE,39
"2.2.2.3.2.2.2.2.2.2.1.2.2.1.2.2.3.2.2.2.2.2",0.520075461778483,FALSE,TRUE,39
"2.2.2.3.2.2.2.2.2.2.1.2.2.2.1.2.3.2.2.2.2.2",0.475602227032406,FALSE,TRUE,38
"2.2.2.3.2.2.2.2.2.2.1.2.2.2.2.1.3.2.2.2.2.2",0.478322454431217,FALSE,TRUE,39
"2.2.2.3.2.2.2.2.2.2.1.2.2.2.2.2.3.1.2.2.2.2",0.478860940552548,FALSE,TRUE,39
"2.2.2.3.2.2.2.2.2.2.1.2.2.2.2.2.3.2.2.1.2.2",0.466189422629609,FALSE,TRUE,39
"2.2.2.3.2.2.2.2.2.2.1.2.2.2.2.2.3.2.2.2.1.2",0.452739327678867,FALSE,TRUE,39
"2.2.2.3.2.2.2.2.2.2.1.2.2.2.2.2.3.2.2.2.2.1",0.464768550519311,FALSE,TRUE,39
"3.3.2.2.2.2.2.2.2.2.1.2.2.2.2.2.1.2.2.2.2.2",0.548370164462616,FALSE,TRUE,40
"2.4.2.2.2.2.2.2.2.2.1.2.2.2.2.2.1.2.2.2.2.2",0.57818420277058,FALSE,TRUE,40
"2.3.3.2.2.2.2.2.2.2.1.2.2.2.2.2.1.2.2.2.2.2",0.641827533367817,FALSE,TRUE,40
"2.3.2.2.3.2.2.2.2.2.1.2.2.2.2.2.1.2.2.2.2.2",0.503877691979686,FALSE,TRUE,40
"2.3.2.2.2.3.2.2.2.2.1.2.2.2.2.2.1.2.2.2.2.2",0.523154095728063,FALSE,TRUE,40
"2.3.2.2.2.2.3.2.2.2.1.2.2.2.2.2.1.2.2.2.2.2",0.539294333935247,FALSE,TRUE,40
"2.3.2.2.2.2.2.3.2.2.1.2.2.2.2.2.1.2.2.2.2.2",0.615481612560038,FALSE,TRUE,40
"2.3.2.2.2.2.2.2.3.2.1.2.2.2.2.2.1.2.2.2.2.2",0.504592453936966,FALSE,TRUE,40
"2.3.2.2.2.2.2.2.2.3.1.2.2.2.2.2.1.2.2.2.2.2",0.551634537328629,FALSE,TRUE,40
"2.3.2.2.2.2.2.2.2.2.2.2.2.2.2.2.1.2.2.2.2.2",0.51128984343958,FALSE,TRUE,39
"2.3.2.2.2.2.2.2.2.2.1.3.2.2.2.2.1.2.2.2.2.2",0.610522006557672,FALSE,TRUE,40
"2.3.2.2.2.2.2.2.2.2.1.2.3.2.2.2.1.2.2.2.2.2",0.55250347748176,FALSE,TRUE,38
"2.3.2.2.2.2.2.2.2.2.1.2.2.3.2.2.1.2.2.2.2.2",0.520316506484692,FALSE,TRUE,40
"2.3.2.2.2.2.2.2.2.2.1.2.2.2.3.2.1.2.2.2.2.2",0.547245115176577,FALSE,TRUE,40
"2.3.2.2.2.2.2.2.2.2.1.2.2.2.2.3.1.2.2.2.2.2",0.535896158709248,FALSE,TRUE,40
"2.3.2.2.2.2.2.2.2.2.1.2.2.2.2.2.1.3.2.2.2.2",0.575294372063,FALSE,TRUE,40
"2.3.2.2.2.2.2.2.2.2.1.2.2.2.2.2.1.2.3.2.2.2",0.517020231490522,FALSE,TRUE,40
"2.3.2.2.2.2.2.2.2.2.1.2.2.2.2.2.1.2.2.3.2.2",0.554316040172292,FALSE,TRUE,39
"2.3.2.2.2.2.2.2.2.2.1.2.2.2.2.2.1.2.2.2.3.2",0.554439204107696,FALSE,TRUE,40
"2.3.2.2.2.2.2.2.2.2.1.2.2.2.2.2.1.2.2.2.2.3",0.566825431728703,FALSE,TRUE,40
"1.3.2.2.2.2.2.2.2.2.1.2.2.2.2.2.1.2.2.2.2.2",0.51287329176421,FALSE,TRUE,39
"2.2.2.2.2.2.2.2.2.2.1.2.2.2.2.2.1.2.2.2.2.2",0.493005975298177,FALSE,TRUE,37
"2.3.1.2.2.2.2.2.2.2.1.2.2.2.2.2.1.2.2.2.2.2",0.41508086716595,FALSE,TRUE,39
"2.3.2.1.2.2.2.2.2.2.1.2.2.2.2.2.1.2.2.2.2.2",0.51666515484664,FALSE,TRUE,40
"2.3.2.2.1.2.2.2.2.2.1.2.2.2.2.2.1.2.2.2.2.2",0.546601493125592,FALSE,TRUE,39
"2.3.2.2.2.1.2.2.2.2.1.2.2.2.2.2.1.2.2.2.2.2",0.536828876631618,FALSE,TRUE,39
"2.3.2.2.2.2.1.2.2.2.1.2.2.2.2.2.1.2.2.2.2.2",0.526622107007485,FALSE,TRUE,39
"2.3.2.2.2.2.2.1.2.2.1.2.2.2.2.2.1.2.2.2.2.2",0.454221181576166,FALSE,TRUE,39
"2.3.2.2.2.2.2.2.1.2.1.2.2.2.2.2.1.2.2.2.2.2",0.554426837318287,FALSE,TRUE,39
"2.3.2.2.2.2.2.2.2.1.1.2.2.2.2.2.1.2.2.2.2.2",0.512015364740267,FALSE,TRUE,39
"2.3.2.2.2.2.2.2.2.2.1.1.2.2.2.2.1.2.2.2.2.2",0.431876534935654,FALSE,TRUE,39
"2.3.2.2.2.2.2.2.2.2.1.2.1.2.2.2.1.2.2.2.2.2",0.516599500470061,FALSE,TRUE,39
"2.3.2.2.2.2.2.2.2.2.1.2.2.1.2.2.1.2.2.2.2.2",0.55470885898358,FALSE,TRUE,39
"2.3.2.2.2.2.2.2.2.2.1.2.2.2.1.2.1.2.2.2.2.2",0.515323136624003,FALSE,TRUE,38
"2.3.2.2.2.2.2.2.2.2.1.2.2.2.2.1.1.2.2.2.2.2",0.530314636533159,FALSE,TRUE,39
"2.3.2.2.2.2.2.2.2.2.1.2.2.2.2.2.1.1.2.2.2.2",0.490605027143039,FALSE,TRUE,39
"2.3.2.2.2.2.2.2.2.2.1.2.2.2.2.2.1.2.1.2.2.2",0.544287904584183,FALSE,TRUE,39
"2.3.2.2.2.2.2.2.2.2.1.2.2.2.2.2.1.2.2.1.2.2",0.515093428884645,FALSE,TRUE,39
"2.3.2.2.2.2.2.2.2.2.1.2.2.2.2.2.1.2.2.2.1.2",0.493292144377093,FALSE,TRUE,39
"2.3.2.2.2.2.2.2.2.2.1.2.2.2.2.2.1.2.2.2.2.1",0.497804275753653,FALSE,TRUE,39
"3.2.2.4.2.2.2.2.2.2.1.2.3.2.2.2.2.2.3.3.3.2",0.580931933198175,FALSE,TRUE,40
"2.3.2.4.2.2.2.2.2.2.1.2.3.2.2.2.2.2.3.3.3.2",0.605469623160683,FALSE,TRUE,40
"2.2.3.4.2.2.2.2.2.2.1.2.3.2.2.2.2.2.3.3.3.2",0.668387422147769,FALSE,TRUE,40
"2.2.2.5.2.2.2.2.2.2.1.2.3.2.2.2.2.2.3.3.3.2",0.536049305806969,FALSE,TRUE,40
"2.2.2.4.3.2.2.2.2.2.1.2.3.2.2.2.2.2.3.3.3.2",0.532136410069546,FALSE,TRUE,40
"2.2.2.4.2.3.2.2.2.2.1.2.3.2.2.2.2.2.3.3.3.2",0.559661566408664,FALSE,TRUE,40
"2.2.2.4.2.2.3.2.2.2.1.2.3.2.2.2.2.2.3.3.3.2",0.566186058203116,FALSE,TRUE,41
"2.2.2.4.2.2.2.3.2.2.1.2.3.2.2.2.2.2.3.3.3.2",0.634887089586669,FALSE,TRUE,40
"2.2.2.4.2.2.2.2.3.2.1.2.3.2.2.2.2.2.3.3.3.2",0.534495578939167,FALSE,TRUE,40
"2.2.2.4.2.2.2.2.2.3.1.2.3.2.2.2.2.2.3.3.3.2",0.590214559743925,FALSE,TRUE,40
"2.2.2.4.2.2.2.2.2.2.2.2.3.2.2.2.2.2.3.3.3.2",0.527245759698941,FALSE,TRUE,41
"2.2.2.4.2.2.2.2.2.2.1.3.3.2.2.2.2.2.3.3.3.2",0.634686497157268,FALSE,TRUE,40
"2.2.2.4.2.2.2.2.2.2.1.2.4.2.2.2.2.2.3.3.3.2",0.570161921388937,FALSE,TRUE,40
"2.2.2.4.2.2.2.2.2.2.1.2.3.3.2.2.2.2.3.3.3.2",0.537143415397593,FALSE,TRUE,40
"2.2.2.4.2.2.2.2.2.2.1.2.3.2.3.2.2.2.3.3.3.2",0.566488640784508,FALSE,TRUE,40
"2.2.2.4.2.2.2.2.2.2.1.2.3.2.2.3.2.2.3.3.3.2",0.563847459283826,FALSE,TRUE,40
"2.2.2.4.2.2.2.2.2.2.1.2.3.2.2.2.3.2.3.3.3.2",0.571174356085688,FALSE,TRUE,40
"2.2.2.4.2.2.2.2.2.2.1.2.3.2.2.2.2.3.3.3.3.2",0.575172072830685,FALSE,TRUE,40
"2.2.2.4.2.2.2.2.2.2.1.2.3.2.2.2.2.2.4.3.3.2",0.546107250832002,FALSE,TRUE,40
"2.2.2.4.2.2.2.2.2.2.1.2.3.2.2.2.2.2.3.4.3.2",0.578161099523543,FALSE,TRUE,40
"2.2.2.4.2.2.2.2.2.2.1.2.3.2.2.2.2.2.3.3.4.2",0.560259765096634,FALSE,TRUE,41
"2.2.2.4.2.2.2.2.2.2.1.2.3.2.2.2.2.2.3.3.3.3",0.59776466388851,FALSE,TRUE,40
"1.2.2.4.2.2.2.2.2.2.1.2.3.2.2.2.2.2.3.3.3.2",0.523944174636562,FALSE,TRUE,39
"2.1.2.4.2.2.2.2.2.2.1.2.3.2.2.2.2.2.3.3.3.2",0.505118039376749,FALSE,TRUE,39
"2.2.1.4.2.2.2.2.2.2.1.2.3.2.2.2.2.2.3.3.3.2",0.427132977245667,FALSE,TRUE,39
"2.2.2.3.2.2.2.2.2.2.1.2.3.2.2.2.2.2.3.3.3.2",0.570608815084158,FALSE,TRUE,40
"2.2.2.4.1.2.2.2.2.2.1.2.3.2.2.2.2.2.3.3.3.2",0.564576688027788,FALSE,TRUE,39
"2.2.2.4.2.1.2.2.2.2.1.2.3.2.2.2.2.2.3.3.3.2",0.546754273444142,FALSE,TRUE,39
"2.2.2.4.2.2.2.1.2.2.1.2.3.2.2.2.2.2.3.3.3.2",0.47116456138188,FALSE,TRUE,39
"2.2.2.4.2.2.2.2.1.2.1.2.3.2.2.2.2.2.3.3.3.2",0.570932392984611,FALSE,TRUE,39
"2.2.2.4.2.2.2.2.2.1.1.2.3.2.2.2.2.2.3.3.3.2",0.517125837812129,FALSE,TRUE,39
"2.2.2.4.2.2.2.2.2.2.1.1.3.2.2.2.2.2.3.3.3.2",0.448590762573821,FALSE,TRUE,39
"2.2.2.4.2.2.2.2.2.2.1.2.2.2.2.2.2.2.3.3.3.2",0.536470452326352,FALSE,TRUE,40
"2.2.2.4.2.2.2.2.2.2.1.2.3.1.2.2.2.2.3.3.3.2",0.577473308472748,FALSE,TRUE,39
"2.2.2.4.2.2.2.2.2.2.1.2.3.2.1.2.2.2.3.3.3.2",0.53706700607515,FALSE,TRUE,39
"2.2.2.4.2.2.2.2.2.2.1.2.3.2.2.1.2.2.3.3.3.2",0.544992478144085,FALSE,TRUE,39
"2.2.2.4.2.2.2.2.2.2.1.2.3.2.2.2.1.2.3.3.3.2",0.537696660795082,FALSE,TRUE,39
"2.2.2.4.2.2.2.2.2.2.1.2.3.2.2.2.2.1.3.3.3.2",0.531699898217497,FALSE,TRUE,39
"2.2.2.4.2.2.2.2.2.2.1.2.3.2.2.2.2.2.2.3.3.2",0.557076839293052,FALSE,TRUE,39
"2.2.2.4.2.2.2.2.2.2.1.2.3.2.2.2.2.2.3.3.3.1",0.5098341916433,FALSE,TRUE,39
"2.3.2.3.2.2.2.2.2.4.1.2.3.2.2.2.2.2.2.2.2.2",0.618947958832752,FALSE,TRUE,41
"2.2.3.3.2.2.2.2.2.4.1.2.3.2.2.2.2.2.2.2.2.2",0.650331319454351,FALSE,TRUE,41
"2.2.2.4.2.2.2.2.2.4.1.2.3.2.2.2.2.2.2.2.2.2",0.55852226397721,FALSE,TRUE,41
"2.2.2.3.3.2.2.2.2.4.1.2.3.2.2.2.2.2.2.2.2.2",0.520838367301118,FALSE,TRUE,41
"2.2.2.3.2.3.2.2.2.4.1.2.3.2.2.2.2.2.2.2.2.2",0.546957898550545,FALSE,TRUE,41
"2.2.2.3.2.2.3.2.2.4.1.2.3.2.2.2.2.2.2.2.2.2",0.560196319628375,FALSE,TRUE,41
"2.2.2.3.2.2.2.3.2.4.1.2.3.2.2.2.2.2.2.2.2.2",0.639053369931176,FALSE,TRUE,41
"2.2.2.3.2.2.2.2.3.4.1.2.3.2.2.2.2.2.2.2.2.2",0.536981384024108,FALSE,TRUE,41
"2.2.2.3.2.2.2.2.2.5.1.2.3.2.2.2.2.2.2.2.2.2",0.54178562646982,FALSE,TRUE,42
"2.2.2.3.2.2.2.2.2.4.2.2.3.2.2.2.2.2.2.2.2.2",0.52494194709212,FALSE,TRUE,41
"2.2.2.3.2.2.2.2.2.4.1.3.3.2.2.2.2.2.2.2.2.2",0.617094260113549,FALSE,TRUE,40
"2.2.2.3.2.2.2.2.2.4.1.2.4.2.2.2.2.2.2.2.2.2",0.591697381799329,FALSE,TRUE,41
"2.2.2.3.2.2.2.2.2.4.1.2.3.3.2.2.2.2.2.2.2.2",0.546107467884219,FALSE,TRUE,41
"2.2.2.3.2.2.2.2.2.4.1.2.3.2.3.2.2.2.2.2.2.2",0.557203001399694,FALSE,TRUE,40
"2.2.2.3.2.2.2.2.2.4.1.2.3.2.2.3.2.2.2.2.2.2",0.559637434834113,FALSE,TRUE,41
"2.2.2.3.2.2.2.2.2.4.1.2.3.2.2.2.3.2.2.2.2.2",0.553020720435728,FALSE,TRUE,41
"2.2.2.3.2.2.2.2.2.4.1.2.3.2.2.2.2.3.2.2.2.2",0.573279352211455,FALSE,TRUE,41
"2.2.2.3.2.2.2.2.2.4.1.2.3.2.2.2.2.2.3.2.2.2",0.53361189908123,FALSE,TRUE,41
"2.2.2.3.2.2.2.2.2.4.1.2.3.2.2.2.2.2.2.2.3.2",0.575400260201537,FALSE,TRUE,41
"2.2.2.3.2.2.2.2.2.4.1.2.3.2.2.2.2.2.2.2.2.3",0.577064210961151,FALSE,TRUE,41
"1.2.2.3.2.2.2.2.2.4.1.2.3.2.2.2.2.2.2.2.2.2",0.516715463283328,FALSE,TRUE,40
"2.1.2.3.2.2.2.2.2.4.1.2.3.2.2.2.2.2.2.2.2.2",0.484345910979067,FALSE,TRUE,40
"2.2.1.3.2.2.2.2.2.4.1.2.3.2.2.2.2.2.2.2.2.2",0.436125300045524,FALSE,TRUE,40
"2.2.2.2.2.2.2.2.2.4.1.2.3.2.2.2.2.2.2.2.2.2",0.536961902457046,FALSE,TRUE,41
"2.2.2.3.1.2.2.2.2.4.1.2.3.2.2.2.2.2.2.2.2.2",0.561662453538692,FALSE,TRUE,40
"2.2.2.3.2.1.2.2.2.4.1.2.3.2.2.2.2.2.2.2.2.2",0.547188600032709,FALSE,TRUE,40
"2.2.2.3.2.2.1.2.2.4.1.2.3.2.2.2.2.2.2.2.2.2",0.535503386022418,FALSE,TRUE,40
"2.2.2.3.2.2.2.1.2.4.1.2.3.2.2.2.2.2.2.2.2.2",0.462382896907369,FALSE,TRUE,40
"2.2.2.3.2.2.2.2.1.4.1.2.3.2.2.2.2.2.2.2.2.2",0.55566624033543,FALSE,TRUE,40
"2.2.2.3.2.2.2.2.2.4.1.1.3.2.2.2.2.2.2.2.2.2",0.457726831174612,FALSE,TRUE,40
"2.2.2.3.2.2.2.2.2.4.1.2.2.2.2.2.2.2.2.2.2.2",0.503194650396157,FALSE,TRUE,40
"2.2.2.3.2.2.2.2.2.4.1.2.3.1.2.2.2.2.2.2.2.2",0.558646135106462,FALSE,TRUE,40
"2.2.2.3.2.2.2.2.2.4.1.2.3.2.1.2.2.2.2.2.2.2",0.536752973821387,FALSE,TRUE,40
"2.2.2.3.2.2.2.2.2.4.1.2.3.2.2.1.2.2.2.2.2.2",0.541754415798477,FALSE,TRUE,40
"2.2.2.3.2.2.2.2.2.4.1.2.3.2.2.2.1.2.2.2.2.2",0.544650553785465,FALSE,TRUE,40
"2.2.2.3.2.2.2.2.2.4.1.2.3.2.2.2.2.1.2.2.2.2",0.525533049999935,FALSE,TRUE,40
"2.2.2.3.2.2.2.2.2.4.1.2.3.2.2.2.2.2.1.2.2.2",0.562552628852277,FALSE,TRUE,40
"2.2.2.3.2.2.2.2.2.4.1.2.3.2.2.2.2.2.2.1.2.2",0.524277886152016,FALSE,TRUE,40
"2.2.2.3.2.2.2.2.2.4.1.2.3.2.2.2.2.2.2.2.1.2",0.502861143101373,FALSE,TRUE,40
"2.2.2.3.2.2.2.2.2.4.1.2.3.2.2.2.2.2.2.2.2.1",0.518112467558686,FALSE,TRUE,40
"3.2.2.3.2.2.2.2.2.3.1.2.3.2.3.2.2.2.2.3.2.2",0.599047749606707,FALSE,TRUE,40
"2.3.2.3.2.2.2.2.2.3.1.2.3.2.3.2.2.2.2.3.2.2",0.632355500125794,FALSE,TRUE,41
"2.2.3.3.2.2.2.2.2.3.1.2.3.2.3.2.2.2.2.3.2.2",0.668901103252797,FALSE,TRUE,41
"2.2.2.4.2.2.2.2.2.3.1.2.3.2.3.2.2.2.2.3.2.2",0.577446869580865,FALSE,TRUE,41
"2.2.2.3.3.2.2.2.2.3.1.2.3.2.3.2.2.2.2.3.2.2",0.55083747402293,FALSE,TRUE,41
"2.2.2.3.2.3.2.2.2.3.1.2.3.2.3.2.2.2.2.3.2.2",0.573352307481965,FALSE,TRUE,41
"2.2.2.3.2.2.3.2.2.3.1.2.3.2.3.2.2.2.2.3.2.2",0.588709478575594,FALSE,TRUE,41
"2.2.2.3.2.2.2.3.2.3.1.2.3.2.3.2.2.2.2.3.2.2",0.653625394069553,FALSE,TRUE,41
"2.2.2.3.2.2.2.2.3.3.1.2.3.2.3.2.2.2.2.3.2.2",0.564436949782628,FALSE,TRUE,41
"2.2.2.3.2.2.2.2.2.4.1.2.3.2.3.2.2.2.2.3.2.2",0.580218380901186,FALSE,TRUE,40
"2.2.2.3.2.2.2.2.2.3.2.2.3.2.3.2.2.2.2.3.2.2",0.553646289207187,FALSE,TRUE,42
"2.2.2.3.2.2.2.2.2.3.1.3.3.2.3.2.2.2.2.3.2.2",0.63856840231853,FALSE,TRUE,41
"2.2.2.3.2.2.2.2.2.3.1.2.4.2.3.2.2.2.2.3.2.2",0.594909377358456,FALSE,TRUE,41
"2.2.2.3.2.2.2.2.2.3.1.2.3.3.3.2.2.2.2.3.2.2",0.564315075968307,FALSE,TRUE,41
"2.2.2.3.2.2.2.2.2.3.1.2.3.2.4.2.2.2.2.3.2.2",0.567885769239816,FALSE,TRUE,42
"2.2.2.3.2.2.2.2.2.3.1.2.3.2.3.3.2.2.2.3.2.2",0.578103661174701,FALSE,TRUE,41
"2.2.2.3.2.2.2.2.2.3.1.2.3.2.3.2.3.2.2.3.2.2",0.58409255503412,FALSE,TRUE,41
"2.2.2.3.2.2.2.2.2.3.1.2.3.2.3.2.2.3.2.3.2.2",0.596014450880754,FALSE,TRUE,41
"2.2.2.3.2.2.2.2.2.3.1.2.3.2.3.2.2.2.3.3.2.2",0.569466212036157,FALSE,TRUE,41
"2.2.2.3.2.2.2.2.2.3.1.2.3.2.3.2.2.2.2.3.3.2",0.587021504185407,FALSE,TRUE,41
"2.2.2.3.2.2.2.2.2.3.1.2.3.2.3.2.2.2.2.3.2.3",0.598278685734661,FALSE,TRUE,41
"1.2.2.3.2.2.2.2.2.3.1.2.3.2.3.2.2.2.2.3.2.2",0.541518395100163,FALSE,TRUE,40
"2.1.2.3.2.2.2.2.2.3.1.2.3.2.3.2.2.2.2.3.2.2",0.515841539001857,FALSE,TRUE,40
"2.2.1.3.2.2.2.2.2.3.1.2.3.2.3.2.2.2.2.3.2.2",0.46296342769696,FALSE,TRUE,40
"2.2.2.2.2.2.2.2.2.3.1.2.3.2.3.2.2.2.2.3.2.2",0.563398349725032,FALSE,TRUE,41
"2.2.2.3.1.2.2.2.2.3.1.2.3.2.3.2.2.2.2.3.2.2",0.577421656480458,FALSE,TRUE,40
"2.2.2.3.2.1.2.2.2.3.1.2.3.2.3.2.2.2.2.3.2.2",0.566290952306929,FALSE,TRUE,40
"2.2.2.3.2.2.1.2.2.3.1.2.3.2.3.2.2.2.2.3.2.2",0.551894482833632,FALSE,TRUE,40
"2.2.2.3.2.2.2.1.2.3.1.2.3.2.3.2.2.2.2.3.2.2",0.492675109919392,FALSE,TRUE,40
"2.2.2.3.2.2.2.2.1.3.1.2.3.2.3.2.2.2.2.3.2.2",0.573846984930531,FALSE,TRUE,40
"2.2.2.3.2.2.2.2.2.2.1.2.3.2.3.2.2.2.2.3.2.2",0.560469844726862,FALSE,TRUE,40
"2.2.2.3.2.2.2.2.2.3.1.1.3.2.3.2.2.2.2.3.2.2",0.481040572603454,FALSE,TRUE,40
"2.2.2.3.2.2.2.2.2.3.1.2.2.2.3.2.2.2.2.3.2.2",0.545593779084636,FALSE,TRUE,41
"2.2.2.3.2.2.2.2.2.3.1.2.3.1.3.2.2.2.2.3.2.2",0.585763422366896,FALSE,TRUE,40
"2.2.2.3.2.2.2.2.2.3.1.2.3.2.3.1.2.2.2.3.2.2",0.568183263680213,FALSE,TRUE,40
"2.2.2.3.2.2.2.2.2.3.1.2.3.2.3.2.1.2.2.3.2.2",0.559631094084175,FALSE,TRUE,40
"2.2.2.3.2.2.2.2.2.3.1.2.3.2.3.2.2.1.2.3.2.2",0.54819192746646,FALSE,TRUE,40
"2.2.2.3.2.2.2.2.2.3.1.2.3.2.3.2.2.2.1.3.2.2",0.570546975808808,FALSE,TRUE,40
"2.2.2.3.2.2.2.2.2.3.1.2.3.2.3.2.2.2.2.3.1.2",0.53663506300583,FALSE,TRUE,40
"2.2.2.3.2.2.2.2.2.3.1.2.3.2.3.2.2.2.2.3.2.1",0.542778665175238,FALSE,TRUE,40
"3.3.2.3.2.2.2.2.2.2.1.2.2.3.2.2.1.2.2.2.2.2",0.533216104130748,FALSE,TRUE,40
"2.4.2.3.2.2.2.2.2.2.1.2.2.3.2.2.1.2.2.2.2.2",0.555666994150773,FALSE,TRUE,40
"2.3.3.3.2.2.2.2.2.2.1.2.2.3.2.2.1.2.2.2.2.2",0.621731844004088,FALSE,TRUE,40
"2.3.2.4.2.2.2.2.2.2.1.2.2.3.2.2.1.2.2.2.2.2",0.497291189022519,FALSE,TRUE,40
"2.3.2.3.3.2.2.2.2.2.1.2.2.3.2.2.1.2.2.2.2.2",0.476654697464808,FALSE,TRUE,40
"2.3.2.3.2.3.2.2.2.2.1.2.2.3.2.2.1.2.2.2.2.2",0.502446084898322,FALSE,TRUE,40
"2.3.2.3.2.2.3.2.2.2.1.2.2.3.2.2.1.2.2.2.2.2",0.517925122802976,FALSE,TRUE,40
"2.3.2.3.2.2.2.3.2.2.1.2.2.3.2.2.1.2.2.2.2.2",0.595231601106734,FALSE,TRUE,40
"2.3.2.3.2.2.2.2.3.2.1.2.2.3.2.2.1.2.2.2.2.2",0.488163554947994,FALSE,TRUE,38
"2.3.2.3.2.2.2.2.2.3.1.2.2.3.2.2.1.2.2.2.2.2",0.54329779359929,FALSE,TRUE,40
"2.3.2.3.2.2.2.2.2.2.2.2.2.3.2.2.1.2.2.2.2.2",0.473761104928543,FALSE,TRUE,40
"2.3.2.3.2.2.2.2.2.2.1.3.2.3.2.2.1.2.2.2.2.2",0.583765339057707,FALSE,TRUE,38
"2.3.2.3.2.2.2.2.2.2.1.2.3.3.2.2.1.2.2.2.2.2",0.533374899425521,FALSE,TRUE,40
"2.3.2.3.2.2.2.2.2.2.1.2.2.4.2.2.1.2.2.2.2.2",0.483991345776242,FALSE,TRUE,41
"2.3.2.3.2.2.2.2.2.2.1.2.2.3.3.2.1.2.2.2.2.2",0.522866068047665,FALSE,TRUE,40
"2.3.2.3.2.2.2.2.2.2.1.2.2.3.2.3.1.2.2.2.2.2",0.515940675030174,FALSE,TRUE,40
"2.3.2.3.2.2.2.2.2.2.1.2.2.3.2.2.1.3.2.2.2.2",0.533182428620078,FALSE,TRUE,40
"2.3.2.3.2.2.2.2.2.2.1.2.2.3.2.2.1.2.3.2.2.2",0.503169005115743,FALSE,TRUE,40
"2.3.2.3.2.2.2.2.2.2.1.2.2.3.2.2.1.2.2.3.2.2",0.541654724797215,FALSE,TRUE,39
"2.3.2.3.2.2.2.2.2.2.1.2.2.3.2.2.1.2.2.2.3.2",0.526216395651115,FALSE,TRUE,40
"2.3.2.3.2.2.2.2.2.2.1.2.2.3.2.2.1.2.2.2.2.3",0.54988386329312,FALSE,TRUE,40
"1.3.2.3.2.2.2.2.2.2.1.2.2.3.2.2.1.2.2.2.2.2",0.482540628201397,FALSE,TRUE,39
"2.3.1.3.2.2.2.2.2.2.1.2.2.3.2.2.1.2.2.2.2.2",0.389497366700712,FALSE,TRUE,39
"2.3.2.3.1.2.2.2.2.2.1.2.2.3.2.2.1.2.2.2.2.2",0.5303197351418,FALSE,TRUE,39
"2.3.2.3.2.1.2.2.2.2.1.2.2.3.2.2.1.2.2.2.2.2",0.513273248963306,FALSE,TRUE,39
"2.3.2.3.2.2.1.2.2.2.1.2.2.3.2.2.1.2.2.2.2.2",0.500675718760444,FALSE,TRUE,39
"2.3.2.3.2.2.2.1.2.2.1.2.2.3.2.2.1.2.2.2.2.2",0.42755356378988,FALSE,TRUE,39
"2.3.2.3.2.2.2.2.1.2.1.2.2.3.2.2.1.2.2.2.2.2",0.527209425024185,FALSE,TRUE,39
"2.3.2.3.2.2.2.2.2.1.1.2.2.3.2.2.1.2.2.2.2.2",0.475256088394078,FALSE,TRUE,39
"2.3.2.3.2.2.2.2.2.2.1.1.2.3.2.2.1.2.2.2.2.2",0.412215594317081,FALSE,TRUE,39
"2.3.2.3.2.2.2.2.2.2.1.2.1.3.2.2.1.2.2.2.2.2",0.487964608125429,FALSE,TRUE,39
"2.3.2.3.2.2.2.2.2.2.1.2.2.3.2.1.1.2.2.2.2.2",0.505291616756261,FALSE,TRUE,39
"2.3.2.3.2.2.2.2.2.2.1.2.2.3.2.2.1.1.2.2.2.2",0.48693413631142,FALSE,TRUE,39
"2.3.2.3.2.2.2.2.2.2.1.2.2.3.2.2.1.2.1.2.2.2",0.512023659778238,FALSE,TRUE,39
"2.3.2.3.2.2.2.2.2.2.1.2.2.3.2.2.1.2.2.1.2.2",0.482993046896644,FALSE,TRUE,39
"2.3.2.3.2.2.2.2.2.2.1.2.2.3.2.2.1.2.2.2.1.2",0.47721432373708,FALSE,TRUE,39
"2.3.2.3.2.2.2.2.2.2.1.2.2.3.2.2.1.2.2.2.2.1",0.469344161316022,FALSE,TRUE,39
"3.2.2.3.2.2.2.2.2.2.1.2.4.2.2.2.2.2.2.2.2.2",0.559372090605236,FALSE,TRUE,40
"2.3.2.3.2.2.2.2.2.2.1.2.4.2.2.2.2.2.2.2.2.2",0.592190355899906,FALSE,TRUE,41
"2.2.3.3.2.2.2.2.2.2.1.2.4.2.2.2.2.2.2.2.2.2",0.654370054040587,FALSE,TRUE,41
"2.2.2.3.3.2.2.2.2.2.1.2.4.2.2.2.2.2.2.2.2.2",0.51137471860384,FALSE,TRUE,41
"2.2.2.3.2.3.2.2.2.2.1.2.4.2.2.2.2.2.2.2.2.2",0.534839447620896,FALSE,TRUE,41
"2.2.2.3.2.2.3.2.2.2.1.2.4.2.2.2.2.2.2.2.2.2",0.549531895232314,FALSE,TRUE,41
"2.2.2.3.2.2.2.3.2.2.1.2.4.2.2.2.2.2.2.2.2.2",0.624163230090162,FALSE,TRUE,41
"2.2.2.3.2.2.2.2.3.2.1.2.4.2.2.2.2.2.2.2.2.2",0.520242630844705,FALSE,TRUE,41
"2.2.2.3.2.2.2.2.2.2.2.2.4.2.2.2.2.2.2.2.2.2",0.510384012325929,FALSE,TRUE,42
"2.2.2.3.2.2.2.2.2.2.1.3.4.2.2.2.2.2.2.2.2.2",0.626330080026221,FALSE,TRUE,41
"2.2.2.3.2.2.2.2.2.2.1.2.5.2.2.2.2.2.2.2.2.2",0.531475133399158,FALSE,TRUE,42
"2.2.2.3.2.2.2.2.2.2.1.2.4.3.2.2.2.2.2.2.2.2",0.51594462998981,FALSE,TRUE,41
"2.2.2.3.2.2.2.2.2.2.1.2.4.2.3.2.2.2.2.2.2.2",0.545605192145321,FALSE,TRUE,41
"2.2.2.3.2.2.2.2.2.2.1.2.4.2.2.3.2.2.2.2.2.2",0.532772943848057,FALSE,TRUE,41
"2.2.2.3.2.2.2.2.2.2.1.2.4.2.2.2.3.2.2.2.2.2",0.561622952537313,FALSE,TRUE,41
"2.2.2.3.2.2.2.2.2.2.1.2.4.2.2.2.2.3.2.2.2.2",0.554860706783671,FALSE,TRUE,40
"2.2.2.3.2.2.2.2.2.2.1.2.4.2.2.2.2.2.3.2.2.2",0.530819905350389,FALSE,TRUE,40
"2.2.2.3.2.2.2.2.2.2.1.2.4.2.2.2.2.2.2.3.2.2",0.555933102464869,FALSE,TRUE,40
"2.2.2.3.2.2.2.2.2.2.1.2.4.2.2.2.2.2.2.2.3.2",0.554365914424904,FALSE,TRUE,41
"2.2.2.3.2.2.2.2.2.2.1.2.4.2.2.2.2.2.2.2.2.3",0.580701363516025,FALSE,TRUE,41
"1.2.2.3.2.2.2.2.2.2.1.2.4.2.2.2.2.2.2.2.2.2",0.502617736084952,FALSE,TRUE,40
"2.1.2.3.2.2.2.2.2.2.1.2.4.2.2.2.2.2.2.2.2.2",0.476269902354755,FALSE,TRUE,40
"2.2.1.3.2.2.2.2.2.2.1.2.4.2.2.2.2.2.2.2.2.2",0.401883854981385,FALSE,TRUE,40
"2.2.2.3.1.2.2.2.2.2.1.2.4.2.2.2.2.2.2.2.2.2",0.541604662933479,FALSE,TRUE,40
"2.2.2.3.2.1.2.2.2.2.1.2.4.2.2.2.2.2.2.2.2.2",0.527392284675942,FALSE,TRUE,40
"2.2.2.3.2.2.1.2.2.2.1.2.4.2.2.2.2.2.2.2.2.2",0.513752063679478,FALSE,TRUE,40
"2.2.2.3.2.2.2.1.2.2.1.2.4.2.2.2.2.2.2.2.2.2",0.442605118718251,FALSE,TRUE,40
"2.2.2.3.2.2.2.2.1.2.1.2.4.2.2.2.2.2.2.2.2.2",0.541140308682911,FALSE,TRUE,40
"2.2.2.3.2.2.2.2.2.1.1.2.4.2.2.2.2.2.2.2.2.2",0.489453469137487,FALSE,TRUE,40
"2.2.2.3.2.2.2.2.2.2.1.1.4.2.2.2.2.2.2.2.2.2",0.418011945823114,FALSE,TRUE,40
"2.2.2.3.2.2.2.2.2.2.1.2.4.1.2.2.2.2.2.2.2.2",0.555775502916683,FALSE,TRUE,40
"2.2.2.3.2.2.2.2.2.2.1.2.4.2.1.2.2.2.2.2.2.2",0.516148573852122,FALSE,TRUE,40
"2.2.2.3.2.2.2.2.2.2.1.2.4.2.2.1.2.2.2.2.2.2",0.534045749596511,FALSE,TRUE,40
"2.2.2.3.2.2.2.2.2.2.1.2.4.2.2.2.1.2.2.2.2.2",0.506364905758222,FALSE,TRUE,40
"2.2.2.3.2.2.2.2.2.2.1.2.4.2.2.2.2.1.2.2.2.2",0.510865257139538,FALSE,TRUE,40
"2.2.2.3.2.2.2.2.2.2.1.2.4.2.2.2.2.2.1.2.2.2",0.529359797906474,FALSE,TRUE,40
"2.2.2.3.2.2.2.2.2.2.1.2.4.2.2.2.2.2.2.1.2.2",0.513518315159658,FALSE,TRUE,40
"2.2.2.3.2.2.2.2.2.2.1.2.4.2.2.2.2.2.2.2.1.2",0.493534394882264,FALSE,TRUE,40
"2.2.2.3.2.2.2.2.2.2.1.2.4.2.2.2.2.2.2.2.2.1",0.485051134418957,FALSE,TRUE,40
"3.2.2.4.2.2.1.2.2.2.1.2.3.2.2.2.2.2.3.3.3.2",0.545096336062495,FALSE,TRUE,39
"2.3.2.4.2.2.1.2.2.2.1.2.3.2.2.2.2.2.3.3.3.2",0.578650679695084,FALSE,TRUE,39
"2.2.3.4.2.2.1.2.2.2.1.2.3.2.2.2.2.2.3.3.3.2",0.64387087415425,FALSE,TRUE,39
"2.2.2.5.2.2.1.2.2.2.1.2.3.2.2.2.2.2.3.3.3.2",0.514985521612698,FALSE,TRUE,39
"2.2.2.4.3.2.1.2.2.2.1.2.3.2.2.2.2.2.3.3.3.2",0.506110857925711,FALSE,TRUE,39
"2.2.2.4.2.3.1.2.2.2.1.2.3.2.2.2.2.2.3.3.3.2",0.537733480607959,FALSE,TRUE,39
"2.2.2.4.2.2.1.3.2.2.1.2.3.2.2.2.2.2.3.3.3.2",0.604329553244122,FALSE,TRUE,39
"2.2.2.4.2.2.1.2.3.2.1.2.3.2.2.2.2.2.3.3.3.2",0.521521112911096,FALSE,TRUE,39
"2.2.2.4.2.2.1.2.2.2.2.2.3.2.2.2.2.2.3.3.3.2",0.518208415395668,FALSE,TRUE,40
"2.2.2.4.2.2.1.2.2.2.1.3.3.2.2.2.2.2.3.3.3.2",0.620303359390251,FALSE,TRUE,39
"2.2.2.4.2.2.1.2.2.2.1.2.4.2.2.2.2.2.3.3.3.2",0.54166444676118,FALSE,TRUE,39
"2.2.2.4.2.2.1.2.2.2.1.2.3.3.2.2.2.2.3.3.3.2",0.517658005377034,FALSE,TRUE,39
"2.2.2.4.2.2.1.2.2.2.1.2.3.2.3.2.2.2.3.3.3.2",0.550673820587073,FALSE,TRUE,39
"2.2.2.4.2.2.1.2.2.2.1.2.3.2.2.3.2.2.3.3.3.2",0.544781131004895,FALSE,TRUE,39
"2.2.2.4.2.2.1.2.2.2.1.2.3.2.2.2.3.2.3.3.3.2",0.547837418996688,FALSE,TRUE,39
"2.2.2.4.2.2.1.2.2.2.1.2.3.2.2.2.2.3.3.3.3.2",0.55699070959132,FALSE,TRUE,39
"2.2.2.4.2.2.1.2.2.2.1.2.3.2.2.2.2.2.4.3.3.2",0.527457754801383,FALSE,TRUE,39
"2.2.2.4.2.2.1.2.2.2.1.2.3.2.2.2.2.2.3.4.3.2",0.545495178317377,FALSE,TRUE,39
"2.2.2.4.2.2.1.2.2.2.1.2.3.2.2.2.2.2.3.3.4.2",0.54704867529359,FALSE,TRUE,39
"2.2.2.4.2.2.1.2.2.2.1.2.3.2.2.2.2.2.3.3.3.3",0.572665662905196,FALSE,TRUE,39
"1.2.2.4.2.2.1.2.2.2.1.2.3.2.2.2.2.2.3.3.3.2",0.518384515091835,FALSE,TRUE,38
"2.1.2.4.2.2.1.2.2.2.1.2.3.2.2.2.2.2.3.3.3.2",0.49076172045967,FALSE,TRUE,38
"2.2.1.4.2.2.1.2.2.2.1.2.3.2.2.2.2.2.3.3.3.2",0.410139588565345,FALSE,TRUE,38
"2.2.2.3.2.2.1.2.2.2.1.2.3.2.2.2.2.2.3.3.3.2",0.550150911874199,FALSE,TRUE,39
"2.2.2.4.1.2.1.2.2.2.1.2.3.2.2.2.2.2.3.3.3.2",0.548242122598813,FALSE,TRUE,38
"2.2.2.4.2.1.1.2.2.2.1.2.3.2.2.2.2.2.3.3.3.2",0.526289715483984,FALSE,TRUE,38
"2.2.2.4.2.2.1.1.2.2.1.2.3.2.2.2.2.2.3.3.3.2",0.460271153012288,FALSE,TRUE,38
"2.2.2.4.2.2.1.2.1.2.1.2.3.2.2.2.2.2.3.3.3.2",0.542321256022953,FALSE,TRUE,38
"2.2.2.4.2.2.1.2.2.1.1.2.3.2.2.2.2.2.3.3.3.2",0.498173099239216,FALSE,TRUE,39
"2.2.2.4.2.2.1.2.2.2.1.1.3.2.2.2.2.2.3.3.3.2",0.421502342415374,FALSE,TRUE,38
"2.2.2.4.2.2.1.2.2.2.1.2.2.2.2.2.2.2.3.3.3.2",0.524484644742728,FALSE,TRUE,39
"2.2.2.4.2.2.1.2.2.2.1.2.3.1.2.2.2.2.3.3.3.2",0.556951005728513,FALSE,TRUE,38
"2.2.2.4.2.2.1.2.2.2.1.2.3.2.1.2.2.2.3.3.3.2",0.511524072673183,FALSE,TRUE,38
"2.2.2.4.2.2.1.2.2.2.1.2.3.2.2.1.2.2.3.3.3.2",0.521739758360427,FALSE,TRUE,38
"2.2.2.4.2.2.1.2.2.2.1.2.3.2.2.2.1.2.3.3.3.2",0.518782848799164,FALSE,TRUE,38
"2.2.2.4.2.2.1.2.2.2.1.2.3.2.2.2.2.1.3.3.3.2",0.508383648351397,FALSE,TRUE,38
"2.2.2.4.2.2.1.2.2.2.1.2.3.2.2.2.2.2.2.3.3.2",0.534006522875279,FALSE,TRUE,39
"2.2.2.4.2.2.1.2.2.2.1.2.3.2.2.2.2.2.3.2.3.2",0.523227382829419,FALSE,TRUE,38
"2.2.2.4.2.2.1.2.2.2.1.2.3.2.2.2.2.2.3.3.3.1",0.49264026951828,FALSE,TRUE,38
"3.2.2.3.2.2.2.2.2.3.1.3.3.2.2.2.2.2.2.3.2.2",0.670678573836758,FALSE,TRUE,40
"2.3.2.3.2.2.2.2.2.3.1.3.3.2.2.2.2.2.2.3.2.2",0.698972767739254,FALSE,TRUE,41
"2.2.3.3.2.2.2.2.2.3.1.3.3.2.2.2.2.2.2.3.2.2",0.729161365391733,FALSE,TRUE,41
"2.2.2.4.2.2.2.2.2.3.1.3.3.2.2.2.2.2.2.3.2.2",0.648492071428296,FALSE,TRUE,41
"2.2.2.3.3.2.2.2.2.3.1.3.3.2.2.2.2.2.2.3.2.2",0.617374402728283,FALSE,TRUE,41
"2.2.2.3.2.3.2.2.2.3.1.3.3.2.2.2.2.2.2.3.2.2",0.643137536680466,FALSE,TRUE,41
"2.2.2.3.2.2.3.2.2.3.1.3.3.2.2.2.2.2.2.3.2.2",0.657347279194789,FALSE,TRUE,41
"2.2.2.3.2.2.2.3.2.3.1.3.3.2.2.2.2.2.2.3.2.2",0.719766520818838,FALSE,TRUE,41
"2.2.2.3.2.2.2.2.3.3.1.3.3.2.2.2.2.2.2.3.2.2",0.633121596982178,FALSE,TRUE,41
"2.2.2.3.2.2.2.2.2.4.1.3.3.2.2.2.2.2.2.3.2.2",0.647169539322414,FALSE,TRUE,40
"2.2.2.3.2.2.2.2.2.3.2.3.3.2.2.2.2.2.2.3.2.2",0.618518475087783,FALSE,TRUE,42
"2.2.2.3.2.2.2.2.2.3.1.4.3.2.2.2.2.2.2.3.2.2",0.692082598535615,FALSE,TRUE,42
"2.2.2.3.2.2.2.2.2.3.1.3.4.2.2.2.2.2.2.3.2.2",0.678412446346614,FALSE,TRUE,41
"2.2.2.3.2.2.2.2.2.3.1.3.3.3.2.2.2.2.2.3.2.2",0.63459077936242,FALSE,TRUE,41
"2.2.2.3.2.2.2.2.2.3.1.3.3.2.2.3.2.2.2.3.2.2",0.654810445453241,FALSE,TRUE,41
"2.2.2.3.2.2.2.2.2.3.1.3.3.2.2.2.3.2.2.3.2.2",0.646406937831013,FALSE,TRUE,41
"2.2.2.3.2.2.2.2.2.3.1.3.3.2.2.2.2.3.2.3.2.2",0.666168001791272,FALSE,TRUE,41
"2.2.2.3.2.2.2.2.2.3.1.3.3.2.2.2.2.2.3.3.2.2",0.641523352237472,FALSE,TRUE,41
"2.2.2.3.2.2.2.2.2.3.1.3.3.2.2.2.2.2.2.3.3.2",0.657161693285123,FALSE,TRUE,41
"2.2.2.3.2.2.2.2.2.3.1.3.3.2.2.2.2.2.2.3.2.3",0.663779429983005,FALSE,TRUE,41
"1.2.2.3.2.2.2.2.2.3.1.3.3.2.2.2.2.2.2.3.2.2",0.613153982603048,FALSE,TRUE,40
"2.1.2.3.2.2.2.2.2.3.1.3.3.2.2.2.2.2.2.3.2.2",0.591729007279768,FALSE,TRUE,40
"2.2.1.3.2.2.2.2.2.3.1.3.3.2.2.2.2.2.2.3.2.2",0.543469940581338,FALSE,TRUE,40
"2.2.2.2.2.2.2.2.2.3.1.3.3.2.2.2.2.2.2.3.2.2",0.634547811017338,FALSE,TRUE,41
"2.2.2.3.1.2.2.2.2.3.1.3.3.2.2.2.2.2.2.3.2.2",0.652778348628905,FALSE,TRUE,40
"2.2.2.3.2.1.2.2.2.3.1.3.3.2.2.2.2.2.2.3.2.2",0.639422411419345,FALSE,TRUE,40
"2.2.2.3.2.2.1.2.2.3.1.3.3.2.2.2.2.2.2.3.2.2",0.627450871844533,FALSE,TRUE,40
"2.2.2.3.2.2.2.1.2.3.1.3.3.2.2.2.2.2.2.3.2.2",0.56737744036192,FALSE,TRUE,40
"2.2.2.3.2.2.2.2.1.3.1.3.3.2.2.2.2.2.2.3.2.2",0.64849932513535,FALSE,TRUE,40
"2.2.2.3.2.2.2.2.2.2.1.3.3.2.2.2.2.2.2.3.2.2",0.637077540480835,FALSE,TRUE,40
"2.2.2.3.2.2.2.2.2.3.1.3.2.2.2.2.2.2.2.3.2.2",0.605712682734975,FALSE,TRUE,41
"2.2.2.3.2.2.2.2.2.3.1.3.3.1.2.2.2.2.2.3.2.2",0.6584020977073,FALSE,TRUE,40
"2.2.2.3.2.2.2.2.2.3.1.3.3.2.1.2.2.2.2.3.2.2",0.643495738631441,FALSE,TRUE,40
"2.2.2.3.2.2.2.2.2.3.1.3.3.2.2.1.2.2.2.3.2.2",0.633709651703717,FALSE,TRUE,40
"2.2.2.3.2.2.2.2.2.3.1.3.3.2.2.2.1.2.2.3.2.2",0.640554360624436,FALSE,TRUE,40
"2.2.2.3.2.2.2.2.2.3.1.3.3.2.2.2.2.1.2.3.2.2",0.620407171202481,FALSE,TRUE,40
"2.2.2.3.2.2.2.2.2.3.1.3.3.2.2.2.2.2.1.3.2.2",0.641330308687321,FALSE,TRUE,40
"2.2.2.3.2.2.2.2.2.3.1.3.3.2.2.2.2.2.2.3.1.2",0.607967232214826,FALSE,TRUE,40
"2.2.2.3.2.2.2.2.2.3.1.3.3.2.2.2.2.2.2.3.2.1",0.621335858892409,FALSE,TRUE,40
"3.2.2.4.2.2.1.2.2.3.1.2.3.2.2.2.2.2.3.3.3.2",0.575318435376553,FALSE,TRUE,40
"2.3.2.4.2.2.1.2.2.3.1.2.3.2.2.2.2.2.3.3.3.2",0.612565085992732,FALSE,TRUE,40
"2.2.3.4.2.2.1.2.2.3.1.2.3.2.2.2.2.2.3.3.3.2",0.667321910570579,FALSE,TRUE,40
"2.2.2.5.2.2.1.2.2.3.1.2.3.2.2.2.2.2.3.3.3.2",0.548688340251732,FALSE,TRUE,40
"2.2.2.4.3.2.1.2.2.3.1.2.3.2.2.2.2.2.3.3.3.2",0.531249389197931,FALSE,TRUE,40
"2.2.2.4.2.3.1.2.2.3.1.2.3.2.2.2.2.2.3.3.3.2",0.563597011699831,FALSE,TRUE,40
"2.2.2.4.2.2.1.3.2.3.1.2.3.2.2.2.2.2.3.3.3.2",0.635663857547597,FALSE,TRUE,40
"2.2.2.4.2.2.1.2.3.3.1.2.3.2.2.2.2.2.3.3.3.2",0.548915835214627,FALSE,TRUE,40
"2.2.2.4.2.2.1.2.2.4.1.2.3.2.2.2.2.2.3.3.3.2",0.578264949518777,FALSE,TRUE,41
"2.2.2.4.2.2.1.2.2.3.2.2.3.2.2.2.2.2.3.3.3.2",0.544596640096556,FALSE,TRUE,41
"2.2.2.4.2.2.1.2.2.3.1.3.3.2.2.2.2.2.3.3.3.2",0.639215058098943,FALSE,TRUE,40
"2.2.2.4.2.2.1.2.2.3.1.2.4.2.2.2.2.2.3.3.3.2",0.581997800061282,FALSE,TRUE,40
"2.2.2.4.2.2.1.2.2.3.1.2.3.3.2.2.2.2.3.3.3.2",0.550593745129806,FALSE,TRUE,40
"2.2.2.4.2.2.1.2.2.3.1.2.3.2.3.2.2.2.3.3.3.2",0.571240751965138,FALSE,TRUE,40
"2.2.2.4.2.2.1.2.2.3.1.2.3.2.2.3.2.2.3.3.3.2",0.572801372848458,FALSE,TRUE,40
"2.2.2.4.2.2.1.2.2.3.1.2.3.2.2.2.3.2.3.3.3.2",0.569310634169857,FALSE,TRUE,40
"2.2.2.4.2.2.1.2.2.3.1.2.3.2.2.2.2.3.3.3.3.2",0.585664723542537,FALSE,TRUE,40
"2.2.2.4.2.2.1.2.2.3.1.2.3.2.2.2.2.2.4.3.3.2",0.55088051024657,FALSE,TRUE,40
"2.2.2.4.2.2.1.2.2.3.1.2.3.2.2.2.2.2.3.4.3.2",0.576030400308854,FALSE,TRUE,40
"2.2.2.4.2.2.1.2.2.3.1.2.3.2.2.2.2.2.3.3.4.2",0.57344515203846,FALSE,TRUE,40
"2.2.2.4.2.2.1.2.2.3.1.2.3.2.2.2.2.2.3.3.3.3",0.592237252221043,FALSE,TRUE,40
"1.2.2.4.2.2.1.2.2.3.1.2.3.2.2.2.2.2.3.3.3.2",0.542676187383057,FALSE,TRUE,39
"2.1.2.4.2.2.1.2.2.3.1.2.3.2.2.2.2.2.3.3.3.2",0.51122336377965,FALSE,TRUE,39
"2.2.1.4.2.2.1.2.2.3.1.2.3.2.2.2.2.2.3.3.3.2",0.439674606969878,FALSE,TRUE,39
"2.2.2.3.2.2.1.2.2.3.1.2.3.2.2.2.2.2.3.3.3.2",0.570274368448302,FALSE,TRUE,40
"2.2.2.4.1.2.1.2.2.3.1.2.3.2.2.2.2.2.3.3.3.2",0.575686212525811,FALSE,TRUE,39
"2.2.2.4.2.1.1.2.2.3.1.2.3.2.2.2.2.2.3.3.3.2",0.554341361827394,FALSE,TRUE,39
"2.2.2.4.2.2.1.1.2.3.1.2.3.2.2.2.2.2.3.3.3.2",0.483026720509925,FALSE,TRUE,39
"2.2.2.4.2.2.1.2.1.3.1.2.3.2.2.2.2.2.3.3.3.2",0.568215046710918,FALSE,TRUE,39
"2.2.2.4.2.2.1.2.2.3.1.1.3.2.2.2.2.2.3.3.3.2",0.455871459364015,FALSE,TRUE,39
"2.2.2.4.2.2.1.2.2.3.1.2.2.2.2.2.2.2.3.3.3.2",0.536984879558686,FALSE,TRUE,40
"2.2.2.4.2.2.1.2.2.3.1.2.3.1.2.2.2.2.3.3.3.2",0.577681715133703,FALSE,TRUE,39
"2.2.2.4.2.2.1.2.2.3.1.2.3.2.1.2.2.2.3.3.3.2",0.54474578471344,FALSE,TRUE,39
"2.2.2.4.2.2.1.2.2.3.1.2.3.2.2.1.2.2.3.3.3.2",0.548514001137005,FALSE,TRUE,39
"2.2.2.4.2.2.1.2.2.3.1.2.3.2.2.2.1.2.3.3.3.2",0.550636470555596,FALSE,TRUE,39
"2.2.2.4.2.2.1.2.2.3.1.2.3.2.2.2.2.1.3.3.3.2",0.533760513860449,FALSE,TRUE,39
"2.2.2.4.2.2.1.2.2.3.1.2.3.2.2.2.2.2.2.3.3.2",0.565675334200797,FALSE,TRUE,40
"2.2.2.4.2.2.1.2.2.3.1.2.3.2.2.2.2.2.3.2.3.2",0.546097208502179,FALSE,TRUE,40
"2.2.2.4.2.2.1.2.2.3.1.2.3.2.2.2.2.2.3.3.2.2",0.53279216812998,FALSE,TRUE,39
"2.2.2.4.2.2.1.2.2.3.1.2.3.2.2.2.2.2.3.3.3.1",0.526318833302678,FALSE,TRUE,39
"3.1.2.3.2.2.2.2.2.2.1.2.2.2.2.2.3.2.2.2.2.2",0.458085867524177,FALSE,TRUE,40
"2.1.3.3.2.2.2.2.2.2.1.2.2.2.2.2.3.2.2.2.2.2",0.537929860800591,FALSE,TRUE,40
"2.1.2.4.2.2.2.2.2.2.1.2.2.2.2.2.3.2.2.2.2.2",0.430964505248007,FALSE,TRUE,40
"2.1.2.3.3.2.2.2.2.2.1.2.2.2.2.2.3.2.2.2.2.2",0.390989466909074,FALSE,TRUE,40
"2.1.2.3.2.3.2.2.2.2.1.2.2.2.2.2.3.2.2.2.2.2",0.429532466642615,FALSE,TRUE,40
"2.1.2.3.2.2.3.2.2.2.1.2.2.2.2.2.3.2.2.2.2.2",0.441682172569497,FALSE,TRUE,40
"2.1.2.3.2.2.2.3.2.2.1.2.2.2.2.2.3.2.2.2.2.2",0.518793023553342,FALSE,TRUE,40
"2.1.2.3.2.2.2.2.3.2.1.2.2.2.2.2.3.2.2.2.2.2",0.426939623175152,FALSE,TRUE,40
"2.1.2.3.2.2.2.2.2.3.1.2.2.2.2.2.3.2.2.2.2.2",0.440500294392364,FALSE,TRUE,40
"2.1.2.3.2.2.2.2.2.2.2.2.2.2.2.2.3.2.2.2.2.2",0.411278582860829,FALSE,TRUE,40
"2.1.2.3.2.2.2.2.2.2.1.3.2.2.2.2.3.2.2.2.2.2",0.515796652084219,FALSE,TRUE,40
"2.1.2.3.2.2.2.2.2.2.1.2.3.2.2.2.3.2.2.2.2.2",0.478657404117834,FALSE,TRUE,39
"2.1.2.3.2.2.2.2.2.2.1.2.2.3.2.2.3.2.2.2.2.2",0.420308728474013,FALSE,TRUE,39
"2.1.2.3.2.2.2.2.2.2.1.2.2.2.3.2.3.2.2.2.2.2",0.464830671013803,FALSE,TRUE,40
"2.1.2.3.2.2.2.2.2.2.1.2.2.2.2.3.3.2.2.2.2.2",0.45622389456297,FALSE,TRUE,40
"2.1.2.3.2.2.2.2.2.2.1.2.2.2.2.2.4.2.2.2.2.2",0.428103483295502,FALSE,TRUE,40
"2.1.2.3.2.2.2.2.2.2.1.2.2.2.2.2.3.3.2.2.2.2",0.45725589868516,FALSE,TRUE,40
"2.1.2.3.2.2.2.2.2.2.1.2.2.2.2.2.3.2.3.2.2.2",0.42286393598955,FALSE,TRUE,40
"2.1.2.3.2.2.2.2.2.2.1.2.2.2.2.2.3.2.2.3.2.2",0.463277007336594,FALSE,TRUE,40
"2.1.2.3.2.2.2.2.2.2.1.2.2.2.2.2.3.2.2.2.3.2",0.470662806663257,FALSE,TRUE,40
"2.1.2.3.2.2.2.2.2.2.1.2.2.2.2.2.3.2.2.2.2.3",0.46920040659859,FALSE,TRUE,40
"1.1.2.3.2.2.2.2.2.2.1.2.2.2.2.2.3.2.2.2.2.2",0.419368455612891,FALSE,TRUE,39
"2.1.1.3.2.2.2.2.2.2.1.2.2.2.2.2.3.2.2.2.2.2",0.33280637617603,FALSE,TRUE,39
"2.1.2.2.2.2.2.2.2.2.1.2.2.2.2.2.3.2.2.2.2.2",0.44663107012041,FALSE,TRUE,40
"2.1.2.3.1.2.2.2.2.2.1.2.2.2.2.2.3.2.2.2.2.2",0.475112374423479,FALSE,TRUE,39
"2.1.2.3.2.1.2.2.2.2.1.2.2.2.2.2.3.2.2.2.2.2",0.445491630590591,FALSE,TRUE,39
"2.1.2.3.2.2.1.2.2.2.1.2.2.2.2.2.3.2.2.2.2.2",0.438653041258994,FALSE,TRUE,39
"2.1.2.3.2.2.2.1.2.2.1.2.2.2.2.2.3.2.2.2.2.2",0.3674634406291,FALSE,TRUE,39
"2.1.2.3.2.2.2.2.1.2.1.2.2.2.2.2.3.2.2.2.2.2",0.447783182123805,FALSE,TRUE,39
"2.1.2.3.2.2.2.2.2.1.1.2.2.2.2.2.3.2.2.2.2.2",0.43513419604979,FALSE,TRUE,39
"2.1.2.3.2.2.2.2.2.2.1.1.2.2.2.2.3.2.2.2.2.2",0.341335588278542,FALSE,TRUE,39
"2.1.2.3.2.2.2.2.2.2.1.2.1.2.2.2.3.2.2.2.2.2",0.40272631256527,FALSE,TRUE,39
"2.1.2.3.2.2.2.2.2.2.1.2.2.1.2.2.3.2.2.2.2.2",0.468664988246719,FALSE,TRUE,39
"2.1.2.3.2.2.2.2.2.2.1.2.2.2.1.2.3.2.2.2.2.2",0.412163474388757,FALSE,TRUE,39
"2.1.2.3.2.2.2.2.2.2.1.2.2.2.2.1.3.2.2.2.2.2",0.426928733031763,FALSE,TRUE,39
"2.1.2.3.2.2.2.2.2.2.1.2.2.2.2.2.3.1.2.2.2.2",0.423888214515901,FALSE,TRUE,39
"2.1.2.3.2.2.2.2.2.2.1.2.2.2.2.2.3.2.1.2.2.2",0.456803885564811,FALSE,TRUE,38
"2.1.2.3.2.2.2.2.2.2.1.2.2.2.2.2.3.2.2.1.2.2",0.420761086313562,FALSE,TRUE,39
"2.1.2.3.2.2.2.2.2.2.1.2.2.2.2.2.3.2.2.2.1.2",0.391075127338417,FALSE,TRUE,39
"2.1.2.3.2.2.2.2.2.2.1.2.2.2.2.2.3.2.2.2.2.1",0.407307027994771,FALSE,TRUE,39
"3.2.2.3.2.2.2.2.2.2.1.3.2.3.2.2.2.2.2.2.2.2",0.564193407578232,FALSE,TRUE,41
"2.3.2.3.2.2.2.2.2.2.1.3.2.3.2.2.2.2.2.2.2.2",0.58032131168395,FALSE,TRUE,37
"2.2.3.3.2.2.2.2.2.2.1.3.2.3.2.2.2.2.2.2.2.2",0.619603354321399,FALSE,TRUE,41
"2.2.2.4.2.2.2.2.2.2.1.3.2.3.2.2.2.2.2.2.2.2",0.522885524177677,FALSE,TRUE,41
"2.2.2.3.3.2.2.2.2.2.1.3.2.3.2.2.2.2.2.2.2.2",0.490290400853833,FALSE,TRUE,41
"2.2.2.3.2.3.2.2.2.2.1.3.2.3.2.2.2.2.2.2.2.2",0.524416665522076,FALSE,TRUE,41
"2.2.2.3.2.2.3.2.2.2.1.3.2.3.2.2.2.2.2.2.2.2",0.536415226458873,FALSE,TRUE,41
"2.2.2.3.2.2.2.3.2.2.1.3.2.3.2.2.2.2.2.2.2.2",0.613036886301813,FALSE,TRUE,40
"2.2.2.3.2.2.2.2.2.3.1.3.2.3.2.2.2.2.2.2.2.2",0.54961930203693,FALSE,TRUE,41
"2.2.2.3.2.2.2.2.2.2.2.3.2.3.2.2.2.2.2.2.2.2",0.4904936988029,FALSE,TRUE,41
"2.2.2.3.2.2.2.2.2.2.1.4.2.3.2.2.2.2.2.2.2.2",0.576785022678227,FALSE,TRUE,42
"2.2.2.3.2.2.2.2.2.2.1.3.3.3.2.2.2.2.2.2.2.2",0.579418457230286,FALSE,TRUE,40
"2.2.2.3.2.2.2.2.2.2.1.3.2.4.2.2.2.2.2.2.2.2",0.509304324028525,FALSE,TRUE,41
"2.2.2.3.2.2.2.2.2.2.1.3.2.3.3.2.2.2.2.2.2.2",0.535300830213778,FALSE,TRUE,41
"2.2.2.3.2.2.2.2.2.2.1.3.2.3.2.3.2.2.2.2.2.2",0.550920906009906,FALSE,TRUE,41
"2.2.2.3.2.2.2.2.2.2.1.3.2.3.2.2.3.2.2.2.2.2",0.528298909368409,FALSE,TRUE,40
"2.2.2.3.2.2.2.2.2.2.1.3.2.3.2.2.2.3.2.2.2.2",0.554572553061186,FALSE,TRUE,41
"2.2.2.3.2.2.2.2.2.2.1.3.2.3.2.2.2.2.3.2.2.2",0.532985378046662,FALSE,TRUE,41
"2.2.2.3.2.2.2.2.2.2.1.3.2.3.2.2.2.2.2.3.2.2",0.580502387418754,FALSE,TRUE,41
"2.2.2.3.2.2.2.2.2.2.1.3.2.3.2.2.2.2.2.2.3.2",0.543240572127703,FALSE,TRUE,41
"2.2.2.3.2.2.2.2.2.2.1.3.2.3.2.2.2.2.2.2.2.3",0.556157512275108,FALSE,TRUE,41
"1.2.2.3.2.2.2.2.2.2.1.3.2.3.2.2.2.2.2.2.2.2",0.508992143811701,FALSE,TRUE,40
"2.1.2.3.2.2.2.2.2.2.1.3.2.3.2.2.2.2.2.2.2.2",0.501336074685776,FALSE,TRUE,40
"2.2.1.3.2.2.2.2.2.2.1.3.2.3.2.2.2.2.2.2.2.2",0.446498034769198,FALSE,TRUE,40
"2.2.2.2.2.2.2.2.2.2.1.3.2.3.2.2.2.2.2.2.2.2",0.552172868493304,FALSE,TRUE,41
"2.2.2.3.1.2.2.2.2.2.1.3.2.3.2.2.2.2.2.2.2.2",0.573275180131545,FALSE,TRUE,40
"2.2.2.3.2.1.2.2.2.2.1.3.2.3.2.2.2.2.2.2.2.2",0.54830638309603,FALSE,TRUE,40
"2.2.2.3.2.2.1.2.2.2.1.3.2.3.2.2.2.2.2.2.2.2",0.539587865272239,FALSE,TRUE,40
"2.2.2.3.2.2.2.1.2.2.1.3.2.3.2.2.2.2.2.2.2.2",0.467551326540333,FALSE,TRUE,40
"2.2.2.3.2.2.2.2.1.2.1.3.2.3.2.2.2.2.2.2.2.2",0.557407001466155,FALSE,TRUE,40
"2.2.2.3.2.2.2.2.2.1.1.3.2.3.2.2.2.2.2.2.2.2",0.524899147619905,FALSE,TRUE,40
"2.2.2.3.2.2.2.2.2.2.1.3.1.3.2.2.2.2.2.2.2.2",0.498300423057699,FALSE,TRUE,40
"2.2.2.3.2.2.2.2.2.2.1.3.2.3.1.2.2.2.2.2.2.2",0.538130531083763,FALSE,TRUE,39
"2.2.2.3.2.2.2.2.2.2.1.3.2.3.2.1.2.2.2.2.2.2",0.527941855748155,FALSE,TRUE,40
"2.2.2.3.2.2.2.2.2.2.1.3.2.3.2.2.1.2.2.2.2.2",0.548862641107679,FALSE,TRUE,39
"2.2.2.3.2.2.2.2.2.2.1.3.2.3.2.2.2.1.2.2.2.2",0.52327870118231,FALSE,TRUE,40
"2.2.2.3.2.2.2.2.2.2.1.3.2.3.2.2.2.2.1.2.2.2",0.540411882090442,FALSE,TRUE,39
"2.2.2.3.2.2.2.2.2.2.1.3.2.3.2.2.2.2.2.1.2.2",0.501799668364639,FALSE,TRUE,40
"2.2.2.3.2.2.2.2.2.2.1.3.2.3.2.2.2.2.2.2.1.2",0.515610958913233,FALSE,TRUE,40
"2.2.2.3.2.2.2.2.2.2.1.3.2.3.2.2.2.2.2.2.2.1",0.518815073023357,FALSE,TRUE,40
"3.3.2.3.2.2.2.2.1.2.2.2.2.2.2.2.2.2.2.2.2.2",0.54102700008988,FALSE,TRUE,41
"2.4.2.3.2.2.2.2.1.2.2.2.2.2.2.2.2.2.2.2.2.2",0.564954861183904,FALSE,TRUE,41
"2.3.3.3.2.2.2.2.1.2.2.2.2.2.2.2.2.2.2.2.2.2",0.617948216611844,FALSE,TRUE,41
"2.3.2.4.2.2.2.2.1.2.2.2.2.2.2.2.2.2.2.2.2.2",0.503091277194949,FALSE,TRUE,41
"2.3.2.3.3.2.2.2.1.2.2.2.2.2.2.2.2.2.2.2.2.2",0.472986896469614,FALSE,TRUE,41
"2.3.2.3.2.3.2.2.1.2.2.2.2.2.2.2.2.2.2.2.2.2",0.510923266272919,FALSE,TRUE,41
"2.3.2.3.2.2.3.2.1.2.2.2.2.2.2.2.2.2.2.2.2.2",0.529508526325757,FALSE,TRUE,41
"2.3.2.3.2.2.2.3.1.2.2.2.2.2.2.2.2.2.2.2.2.2",0.597187773941887,FALSE,TRUE,41
"2.3.2.3.2.2.2.2.1.3.2.2.2.2.2.2.2.2.2.2.2.2",0.540988738695068,FALSE,TRUE,40
"2.3.2.3.2.2.2.2.1.2.3.2.2.2.2.2.2.2.2.2.2.2",0.480187141294765,FALSE,TRUE,41
"2.3.2.3.2.2.2.2.1.2.2.3.2.2.2.2.2.2.2.2.2.2",0.585123055653268,FALSE,TRUE,40
"2.3.2.3.2.2.2.2.1.2.2.2.3.2.2.2.2.2.2.2.2.2",0.556459602770513,FALSE,TRUE,41
"2.3.2.3.2.2.2.2.1.2.2.2.2.3.2.2.2.2.2.2.2.2",0.491368644623854,FALSE,TRUE,41
"2.3.2.3.2.2.2.2.1.2.2.2.2.2.3.2.2.2.2.2.2.2",0.535139963269642,FALSE,TRUE,41
"2.3.2.3.2.2.2.2.1.2.2.2.2.2.2.3.2.2.2.2.2.2",0.538924820900844,FALSE,TRUE,41
"2.3.2.3.2.2.2.2.1.2.2.2.2.2.2.2.3.2.2.2.2.2",0.515583065130886,FALSE,TRUE,41
"2.3.2.3.2.2.2.2.1.2.2.2.2.2.2.2.2.3.2.2.2.2",0.536627390349802,FALSE,TRUE,41
"2.3.2.3.2.2.2.2.1.2.2.2.2.2.2.2.2.2.3.2.2.2",0.520791661702171,FALSE,TRUE,41
"2.3.2.3.2.2.2.2.1.2.2.2.2.2.2.2.2.2.2.3.2.2",0.552534720235156,FALSE,TRUE,40
"2.3.2.3.2.2.2.2.1.2.2.2.2.2.2.2.2.2.2.2.3.2",0.544040743154533,FALSE,TRUE,41
"2.3.2.3.2.2.2.2.1.2.2.2.2.2.2.2.2.2.2.2.2.3",0.551088001954802,FALSE,TRUE,41
"1.3.2.3.2.2.2.2.1.2.2.2.2.2.2.2.2.2.2.2.2.2",0.500399372873834,FALSE,TRUE,40
"2.3.1.3.2.2.2.2.1.2.2.2.2.2.2.2.2.2.2.2.2.2",0.415891364191936,FALSE,TRUE,40
"2.3.2.2.2.2.2.2.1.2.2.2.2.2.2.2.2.2.2.2.2.2",0.538392360898228,FALSE,TRUE,40
"2.3.2.3.1.2.2.2.1.2.2.2.2.2.2.2.2.2.2.2.2.2",0.557307591627137,FALSE,TRUE,40
"2.3.2.3.2.1.2.2.1.2.2.2.2.2.2.2.2.2.2.2.2.2",0.529200127616343,FALSE,TRUE,40
"2.3.2.3.2.2.1.2.1.2.2.2.2.2.2.2.2.2.2.2.2.2",0.514977904786393,FALSE,TRUE,39
"2.3.2.3.2.2.2.1.1.2.2.2.2.2.2.2.2.2.2.2.2.2",0.449934269351077,FALSE,TRUE,40
"2.3.2.3.2.2.2.2.1.1.2.2.2.2.2.2.2.2.2.2.2.2",0.50129985586381,FALSE,TRUE,40
"2.3.2.3.2.2.2.2.1.2.2.1.2.2.2.2.2.2.2.2.2.2",0.434819868057966,FALSE,TRUE,40
"2.3.2.3.2.2.2.2.1.2.2.2.1.2.2.2.2.2.2.2.2.2",0.489563885134434,FALSE,TRUE,40
"2.3.2.3.2.2.2.2.1.2.2.2.2.1.2.2.2.2.2.2.2.2",0.561545054266482,FALSE,TRUE,40
"2.3.2.3.2.2.2.2.1.2.2.2.2.2.1.2.2.2.2.2.2.2",0.505943332383176,FALSE,TRUE,39
"2.3.2.3.2.2.2.2.1.2.2.2.2.2.2.1.2.2.2.2.2.2",0.507472129748855,FALSE,TRUE,40
"2.3.2.3.2.2.2.2.1.2.2.2.2.2.2.2.1.2.2.2.2.2",0.529525753405489,FALSE,TRUE,39
"2.3.2.3.2.2.2.2.1.2.2.2.2.2.2.2.2.1.2.2.2.2",0.508127567060969,FALSE,TRUE,40
"2.3.2.3.2.2.2.2.1.2.2.2.2.2.2.2.2.2.1.2.2.2",0.520361953235494,FALSE,TRUE,40
"2.3.2.3.2.2.2.2.1.2.2.2.2.2.2.2.2.2.2.1.2.2",0.496677995988154,FALSE,TRUE,40
"2.3.2.3.2.2.2.2.1.2.2.2.2.2.2.2.2.2.2.2.1.2",0.481879973172592,FALSE,TRUE,40
"2.3.2.3.2.2.2.2.1.2.2.2.2.2.2.2.2.2.2.2.2.1",0.491903516604999,FALSE,TRUE,40
"3.2.2.3.2.2.2.2.2.2.2.3.2.2.2.2.2.2.2.2.2.2",0.54773002036156,FALSE,TRUE,40
"2.2.3.3.2.2.2.2.2.2.2.3.2.2.2.2.2.2.2.2.2.2",0.601795422435787,FALSE,TRUE,42
"2.2.2.4.2.2.2.2.2.2.2.3.2.2.2.2.2.2.2.2.2.2",0.511253495030511,FALSE,TRUE,42
"2.2.2.3.3.2.2.2.2.2.2.3.2.2.2.2.2.2.2.2.2.2",0.469226195219788,FALSE,TRUE,41
"2.2.2.3.2.3.2.2.2.2.2.3.2.2.2.2.2.2.2.2.2.2",0.505018681352223,FALSE,TRUE,42
"2.2.2.3.2.2.3.2.2.2.2.3.2.2.2.2.2.2.2.2.2.2",0.512793975874912,FALSE,TRUE,42
"2.2.2.3.2.2.2.3.2.2.2.3.2.2.2.2.2.2.2.2.2.2",0.595834968987807,FALSE,TRUE,42
"2.2.2.3.2.2.2.2.3.2.2.3.2.2.2.2.2.2.2.2.2.2",0.492283751452268,FALSE,TRUE,42
"2.2.2.3.2.2.2.2.2.2.3.3.2.2.2.2.2.2.2.2.2.2",0.474114853831912,FALSE,TRUE,42
"2.2.2.3.2.2.2.2.2.2.2.4.2.2.2.2.2.2.2.2.2.2",0.559037614013042,FALSE,TRUE,43
"2.2.2.3.2.2.2.2.2.2.2.3.3.2.2.2.2.2.2.2.2.2",0.566291486476299,FALSE,TRUE,41
"2.2.2.3.2.2.2.2.2.2.2.3.2.2.3.2.2.2.2.2.2.2",0.522306073978307,FALSE,TRUE,42
"2.2.2.3.2.2.2.2.2.2.2.3.2.2.2.3.2.2.2.2.2.2",0.54001146714544,FALSE,TRUE,42
"2.2.2.3.2.2.2.2.2.2.2.3.2.2.2.2.3.2.2.2.2.2",0.507809962788218,FALSE,TRUE,41
"2.2.2.3.2.2.2.2.2.2.2.3.2.2.2.2.2.3.2.2.2.2",0.549524786782898,FALSE,TRUE,42
"2.2.2.3.2.2.2.2.2.2.2.3.2.2.2.2.2.2.3.2.2.2",0.515660305458727,FALSE,TRUE,42
"2.2.2.3.2.2.2.2.2.2.2.3.2.2.2.2.2.2.2.3.2.2",0.569213100266664,FALSE,TRUE,42
"2.2.2.3.2.2.2.2.2.2.2.3.2.2.2.2.2.2.2.2.3.2",0.528184290667927,FALSE,TRUE,42
"2.2.2.3.2.2.2.2.2.2.2.3.2.2.2.2.2.2.2.2.2.3",0.537754716257579,FALSE,TRUE,40
"1.2.2.3.2.2.2.2.2.2.2.3.2.2.2.2.2.2.2.2.2.2",0.498441193693224,FALSE,TRUE,41
"2.1.2.3.2.2.2.2.2.2.2.3.2.2.2.2.2.2.2.2.2.2",0.495799932964462,FALSE,TRUE,41
"2.2.1.3.2.2.2.2.2.2.2.3.2.2.2.2.2.2.2.2.2.2",0.437872889406174,FALSE,TRUE,41
"2.2.2.3.1.2.2.2.2.2.2.3.2.2.2.2.2.2.2.2.2.2",0.568296500373283,FALSE,TRUE,41
"2.2.2.3.2.1.2.2.2.2.2.3.2.2.2.2.2.2.2.2.2.2",0.54069701510586,FALSE,TRUE,41
"2.2.2.3.2.2.2.1.2.2.2.3.2.2.2.2.2.2.2.2.2.2",0.458732534739403,FALSE,TRUE,41
"2.2.2.3.2.2.2.2.1.2.2.3.2.2.2.2.2.2.2.2.2.2",0.554028821590218,FALSE,TRUE,40
"2.2.2.3.2.2.2.2.2.1.2.3.2.2.2.2.2.2.2.2.2.2",0.519733799600281,FALSE,TRUE,41
"2.2.2.3.2.2.2.2.2.2.2.3.1.2.2.2.2.2.2.2.2.2",0.48613011138744,FALSE,TRUE,41
"2.2.2.3.2.2.2.2.2.2.2.3.2.1.2.2.2.2.2.2.2.2",0.568863706070873,FALSE,TRUE,40
"2.2.2.3.2.2.2.2.2.2.2.3.2.2.1.2.2.2.2.2.2.2",0.524900987190641,FALSE,TRUE,41
"2.2.2.3.2.2.2.2.2.2.2.3.2.2.2.1.2.2.2.2.2.2",0.511522639121498,FALSE,TRUE,41
"2.2.2.3.2.2.2.2.2.2.2.3.2.2.2.2.1.2.2.2.2.2",0.542880527468125,FALSE,TRUE,41
"2.2.2.3.2.2.2.2.2.2.2.3.2.2.2.2.2.1.2.2.2.2",0.501604190153283,FALSE,TRUE,41
"2.2.2.3.2.2.2.2.2.2.2.3.2.2.2.2.2.2.1.2.2.2",0.531317607219884,FALSE,TRUE,40
"2.2.2.3.2.2.2.2.2.2.2.3.2.2.2.2.2.2.2.1.2.2",0.48701603923621,FALSE,TRUE,41
"2.2.2.3.2.2.2.2.2.2.2.3.2.2.2.2.2.2.2.2.1.2",0.504901547703446,FALSE,TRUE,41
"2.2.2.3.2.2.2.2.2.2.2.3.2.2.2.2.2.2.2.2.2.1",0.5109689727796,FALSE,TRUE,41
"3.2.2.3.2.2.1.2.2.2.2.2.2.1.2.2.2.2.2.2.2.2",0.501887776968895,FALSE,TRUE,40
"2.3.2.3.2.2.1.2.2.2.2.2.2.1.2.2.2.2.2.2.2.2",0.536648088971095,FALSE,TRUE,39
"2.2.3.3.2.2.1.2.2.2.2.2.2.1.2.2.2.2.2.2.2.2",0.59698784415765,FALSE,TRUE,40
"2.2.2.4.2.2.1.2.2.2.2.2.2.1.2.2.2.2.2.2.2.2",0.491596530108205,FALSE,TRUE,40
"2.2.2.3.3.2.1.2.2.2.2.2.2.1.2.2.2.2.2.2.2.2",0.440079630540268,FALSE,TRUE,40
"2.2.2.3.2.3.1.2.2.2.2.2.2.1.2.2.2.2.2.2.2.2",0.483703841044078,FALSE,TRUE,40
"2.2.2.3.2.2.1.3.2.2.2.2.2.1.2.2.2.2.2.2.2.2",0.566343563876629,FALSE,TRUE,40
"2.2.2.3.2.2.1.2.3.2.2.2.2.1.2.2.2.2.2.2.2.2",0.475687274479543,FALSE,TRUE,40
"2.2.2.3.2.2.1.2.2.3.2.2.2.1.2.2.2.2.2.2.2.2",0.504639474123334,FALSE,TRUE,39
"2.2.2.3.2.2.1.2.2.2.3.2.2.1.2.2.2.2.2.2.2.2",0.473665577294844,FALSE,TRUE,40
"2.2.2.3.2.2.1.2.2.2.2.3.2.1.2.2.2.2.2.2.2.2",0.577955585428512,FALSE,TRUE,39
"2.2.2.3.2.2.1.2.2.2.2.2.3.1.2.2.2.2.2.2.2.2",0.519026607310872,FALSE,TRUE,40
"2.2.2.3.2.2.1.2.2.2.2.2.2.1.3.2.2.2.2.2.2.2",0.521904832019992,FALSE,TRUE,40
"2.2.2.3.2.2.1.2.2.2.2.2.2.1.2.3.2.2.2.2.2.2",0.517344288045508,FALSE,TRUE,40
"2.2.2.3.2.2.1.2.2.2.2.2.2.1.2.2.3.2.2.2.2.2",0.488482200189292,FALSE,TRUE,40
"2.2.2.3.2.2.1.2.2.2.2.2.2.1.2.2.2.3.2.2.2.2",0.535910581149697,FALSE,TRUE,40
"2.2.2.3.2.2.1.2.2.2.2.2.2.1.2.2.2.2.3.2.2.2",0.488366438668174,FALSE,TRUE,40
"2.2.2.3.2.2.1.2.2.2.2.2.2.1.2.2.2.2.2.3.2.2",0.517387254477161,FALSE,TRUE,40
"2.2.2.3.2.2.1.2.2.2.2.2.2.1.2.2.2.2.2.2.3.2",0.527801920298988,FALSE,TRUE,40
"2.2.2.3.2.2.1.2.2.2.2.2.2.1.2.2.2.2.2.2.2.3",0.52219388477129,FALSE,TRUE,40
"1.2.2.3.2.2.1.2.2.2.2.2.2.1.2.2.2.2.2.2.2.2",0.494319241692915,FALSE,TRUE,39
"2.1.2.3.2.2.1.2.2.2.2.2.2.1.2.2.2.2.2.2.2.2",0.467272573495646,FALSE,TRUE,39
"2.2.1.3.2.2.1.2.2.2.2.2.2.1.2.2.2.2.2.2.2.2",0.393098587204465,FALSE,TRUE,39
"2.2.2.2.2.2.1.2.2.2.2.2.2.1.2.2.2.2.2.2.2.2",0.505256532465477,FALSE,TRUE,39
"2.2.2.3.1.2.1.2.2.2.2.2.2.1.2.2.2.2.2.2.2.2",0.54434327428397,FALSE,TRUE,39
"2.2.2.3.2.1.1.2.2.2.2.2.2.1.2.2.2.2.2.2.2.2",0.509903655803275,FALSE,TRUE,39
"2.2.2.3.2.2.1.1.2.2.2.2.2.1.2.2.2.2.2.2.2.2",0.436168556523792,FALSE,TRUE,39
"2.2.2.3.2.2.1.2.1.2.2.2.2.1.2.2.2.2.2.2.2.2",0.518007630432604,FALSE,TRUE,39
"2.2.2.3.2.2.1.2.2.1.2.2.2.1.2.2.2.2.2.2.2.2",0.491859504355957,FALSE,TRUE,39
"2.2.2.3.2.2.1.2.2.2.1.2.2.1.2.2.2.2.2.2.2.2",0.524746242615054,FALSE,TRUE,38
"2.2.2.3.2.2.1.2.2.2.2.1.2.1.2.2.2.2.2.2.2.2",0.397447042013912,FALSE,TRUE,39
"2.2.2.3.2.2.1.2.2.2.2.2.1.1.2.2.2.2.2.2.2.2",0.48310185714771,FALSE,TRUE,39
"2.2.2.3.2.2.1.2.2.2.2.2.2.1.1.2.2.2.2.2.2.2",0.475686755421682,FALSE,TRUE,39
"2.2.2.3.2.2.1.2.2.2.2.2.2.1.2.1.2.2.2.2.2.2",0.482493398683117,FALSE,TRUE,39
"2.2.2.3.2.2.1.2.2.2.2.2.2.1.2.2.1.2.2.2.2.2",0.51011933231771,FALSE,TRUE,39
"2.2.2.3.2.2.1.2.2.2.2.2.2.1.2.2.2.1.2.2.2.2",0.46404349819829,FALSE,TRUE,39
"2.2.2.3.2.2.1.2.2.2.2.2.2.1.2.2.2.2.1.2.2.2",0.508366479782466,FALSE,TRUE,39
"2.2.2.3.2.2.1.2.2.2.2.2.2.1.2.2.2.2.2.1.2.2",0.486243814432572,FALSE,TRUE,39
"2.2.2.3.2.2.1.2.2.2.2.2.2.1.2.2.2.2.2.2.1.2",0.456378190039985,FALSE,TRUE,39
"2.2.2.3.2.2.1.2.2.2.2.2.2.1.2.2.2.2.2.2.2.1",0.474745060302154,FALSE,TRUE,39
"3.3.2.3.2.2.2.2.3.2.1.2.2.3.2.2.2.2.2.2.2.2",0.52278046473976,FALSE,TRUE,41
"2.4.2.3.2.2.2.2.3.2.1.2.2.3.2.2.2.2.2.2.2.2",0.541284988058369,FALSE,TRUE,42
"2.3.3.3.2.2.2.2.3.2.1.2.2.3.2.2.2.2.2.2.2.2",0.599070190780567,FALSE,TRUE,41
"2.3.2.4.2.2.2.2.3.2.1.2.2.3.2.2.2.2.2.2.2.2",0.48127632438003,FALSE,TRUE,41
"2.3.2.3.3.2.2.2.3.2.1.2.2.3.2.2.2.2.2.2.2.2",0.462606903241806,FALSE,TRUE,41
"2.3.2.3.2.3.2.2.3.2.1.2.2.3.2.2.2.2.2.2.2.2",0.486899435794436,FALSE,TRUE,41
"2.3.2.3.2.2.3.2.3.2.1.2.2.3.2.2.2.2.2.2.2.2",0.500073354323523,FALSE,TRUE,41
"2.3.2.3.2.2.2.3.3.2.1.2.2.3.2.2.2.2.2.2.2.2",0.58128100279392,FALSE,TRUE,41
"2.3.2.3.2.2.2.2.4.2.1.2.2.3.2.2.2.2.2.2.2.2",0.463870750135112,FALSE,TRUE,41
"2.3.2.3.2.2.2.2.3.3.1.2.2.3.2.2.2.2.2.2.2.2",0.525082005819793,FALSE,TRUE,41
"2.3.2.3.2.2.2.2.3.2.2.2.2.3.2.2.2.2.2.2.2.2",0.451521103118104,FALSE,TRUE,40
"2.3.2.3.2.2.2.2.3.2.1.3.2.3.2.2.2.2.2.2.2.2",0.549147719131496,FALSE,TRUE,40
"2.3.2.3.2.2.2.2.3.2.1.2.3.3.2.2.2.2.2.2.2.2",0.534609371763901,FALSE,TRUE,41
"2.3.2.3.2.2.2.2.3.2.1.2.2.4.2.2.2.2.2.2.2.2",0.478230566148937,FALSE,TRUE,41
"2.3.2.3.2.2.2.2.3.2.1.2.2.3.3.2.2.2.2.2.2.2",0.503803854582063,FALSE,TRUE,41
"2.3.2.3.2.2.2.2.3.2.1.2.2.3.2.3.2.2.2.2.2.2",0.502690079507127,FALSE,TRUE,41
"2.3.2.3.2.2.2.2.3.2.1.2.2.3.2.2.3.2.2.2.2.2",0.504694400992742,FALSE,TRUE,41
"2.3.2.3.2.2.2.2.3.2.1.2.2.3.2.2.2.3.2.2.2.2",0.516871565035894,FALSE,TRUE,41
"2.3.2.3.2.2.2.2.3.2.1.2.2.3.2.2.2.2.3.2.2.2",0.481314481813802,FALSE,TRUE,41
"2.3.2.3.2.2.2.2.3.2.1.2.2.3.2.2.2.2.2.3.2.2",0.541770980219233,FALSE,TRUE,39
"2.3.2.3.2.2.2.2.3.2.1.2.2.3.2.2.2.2.2.2.3.2",0.502724422806347,FALSE,TRUE,41
"2.3.2.3.2.2.2.2.3.2.1.2.2.3.2.2.2.2.2.2.2.3",0.530952752871412,FALSE,TRUE,41
"1.3.2.3.2.2.2.2.3.2.1.2.2.3.2.2.2.2.2.2.2.2",0.465874886779361,FALSE,TRUE,40
"2.3.1.3.2.2.2.2.3.2.1.2.2.3.2.2.2.2.2.2.2.2",0.385446628304936,FALSE,TRUE,40
"2.3.2.2.2.2.2.2.3.2.1.2.2.3.2.2.2.2.2.2.2.2",0.511052727588389,FALSE,TRUE,41
"2.3.2.3.1.2.2.2.3.2.1.2.2.3.2.2.2.2.2.2.2.2",0.519515343575865,FALSE,TRUE,40
"2.3.2.3.2.1.2.2.3.2.1.2.2.3.2.2.2.2.2.2.2.2",0.502192694896888,FALSE,TRUE,40
"2.3.2.3.2.2.1.2.3.2.1.2.2.3.2.2.2.2.2.2.2.2",0.49082103440006,FALSE,TRUE,40
"2.3.2.3.2.2.2.1.3.2.1.2.2.3.2.2.2.2.2.2.2.2",0.415074000229451,FALSE,TRUE,40
"2.3.2.3.2.2.2.2.3.1.1.2.2.3.2.2.2.2.2.2.2.2",0.465521983326176,FALSE,TRUE,40
"2.3.2.3.2.2.2.2.3.2.1.1.2.3.2.2.2.2.2.2.2.2",0.418709844626691,FALSE,TRUE,40
"2.3.2.3.2.2.2.2.3.2.1.2.1.3.2.2.2.2.2.2.2.2",0.458326205895913,FALSE,TRUE,40
"2.3.2.3.2.2.2.2.3.2.1.2.2.3.2.1.2.2.2.2.2.2",0.491538127036409,FALSE,TRUE,40
"2.3.2.3.2.2.2.2.3.2.1.2.2.3.2.2.2.1.2.2.2.2",0.4772544738986,FALSE,TRUE,40
"2.3.2.3.2.2.2.2.3.2.1.2.2.3.2.2.2.2.1.2.2.2",0.507850697641009,FALSE,TRUE,40
"2.3.2.3.2.2.2.2.3.2.1.2.2.3.2.2.2.2.2.1.2.2",0.456921150208712,FALSE,TRUE,40
"2.3.2.3.2.2.2.2.3.2.1.2.2.3.2.2.2.2.2.2.1.2",0.475422604156935,FALSE,TRUE,40
"2.3.2.3.2.2.2.2.3.2.1.2.2.3.2.2.2.2.2.2.2.1",0.460351434578399,FALSE,TRUE,40
"3.2.2.3.2.2.2.3.3.2.1.2.2.3.2.2.2.2.2.2.2.2",0.561631215059687,FALSE,TRUE,41
"2.2.3.3.2.2.2.3.3.2.1.2.2.3.2.2.2.2.2.2.2.2",0.6336714228296,FALSE,TRUE,41
"2.2.2.4.2.2.2.3.3.2.1.2.2.3.2.2.2.2.2.2.2.2",0.516879480254428,FALSE,TRUE,41
"2.2.2.3.3.2.2.3.3.2.1.2.2.3.2.2.2.2.2.2.2.2",0.501449581492696,FALSE,TRUE,41
"2.2.2.3.2.3.2.3.3.2.1.2.2.3.2.2.2.2.2.2.2.2",0.530250505615874,FALSE,TRUE,41
"2.2.2.3.2.2.3.3.3.2.1.2.2.3.2.2.2.2.2.2.2.2",0.53814030544245,FALSE,TRUE,41
"2.2.2.3.2.2.2.4.3.2.1.2.2.3.2.2.2.2.2.2.2.2",0.611751709258427,FALSE,TRUE,42
"2.2.2.3.2.2.2.3.4.2.1.2.2.3.2.2.2.2.2.2.2.2",0.504764217604575,FALSE,TRUE,41
"2.2.2.3.2.2.2.3.3.3.1.2.2.3.2.2.2.2.2.2.2.2",0.557765766864827,FALSE,TRUE,41
"2.2.2.3.2.2.2.3.3.2.2.2.2.3.2.2.2.2.2.2.2.2",0.491831919945182,FALSE,TRUE,42
"2.2.2.3.2.2.2.3.3.2.1.3.2.3.2.2.2.2.2.2.2.2",0.587908921345307,FALSE,TRUE,40
"2.2.2.3.2.2.2.3.3.2.1.2.3.3.2.2.2.2.2.2.2.2",0.573205000639265,FALSE,TRUE,41
"2.2.2.3.2.2.2.3.3.2.1.2.2.4.2.2.2.2.2.2.2.2",0.514871914019973,FALSE,TRUE,41
"2.2.2.3.2.2.2.3.3.2.1.2.2.3.3.2.2.2.2.2.2.2",0.539126954620092,FALSE,TRUE,41
"2.2.2.3.2.2.2.3.3.2.1.2.2.3.2.3.2.2.2.2.2.2",0.54557445062604,FALSE,TRUE,41
"2.2.2.3.2.2.2.3.3.2.1.2.2.3.2.2.3.2.2.2.2.2",0.536940093873657,FALSE,TRUE,41
"2.2.2.3.2.2.2.3.3.2.1.2.2.3.2.2.2.3.2.2.2.2",0.550570223005859,FALSE,TRUE,41
"2.2.2.3.2.2.2.3.3.2.1.2.2.3.2.2.2.2.3.2.2.2",0.523186300035844,FALSE,TRUE,41
"2.2.2.3.2.2.2.3.3.2.1.2.2.3.2.2.2.2.2.3.2.2",0.575343385828833,FALSE,TRUE,41
"2.2.2.3.2.2.2.3.3.2.1.2.2.3.2.2.2.2.2.2.3.2",0.537689942585697,FALSE,TRUE,41
"2.2.2.3.2.2.2.3.3.2.1.2.2.3.2.2.2.2.2.2.2.3",0.566319684445025,FALSE,TRUE,41
"1.2.2.3.2.2.2.3.3.2.1.2.2.3.2.2.2.2.2.2.2.2",0.500579876284659,FALSE,TRUE,40
"2.1.2.3.2.2.2.3.3.2.1.2.2.3.2.2.2.2.2.2.2.2",0.48754937781819,FALSE,TRUE,40
"2.2.1.3.2.2.2.3.3.2.1.2.2.3.2.2.2.2.2.2.2.2",0.421703848438042,FALSE,TRUE,40
"2.2.2.2.2.2.2.3.3.2.1.2.2.3.2.2.2.2.2.2.2.2",0.546899438487049,FALSE,TRUE,41
"2.2.2.3.1.2.2.3.3.2.1.2.2.3.2.2.2.2.2.2.2.2",0.551731772916532,FALSE,TRUE,40
"2.2.2.3.2.1.2.3.3.2.1.2.2.3.2.2.2.2.2.2.2.2",0.531514562081197,FALSE,TRUE,40
"2.2.2.3.2.2.1.3.3.2.1.2.2.3.2.2.2.2.2.2.2.2",0.525160585002851,FALSE,TRUE,40
"2.2.2.3.2.2.2.3.3.1.1.2.2.3.2.2.2.2.2.2.2.2",0.504935840396348,FALSE,TRUE,40
"2.2.2.3.2.2.2.3.3.2.1.1.2.3.2.2.2.2.2.2.2.2",0.452786579339064,FALSE,TRUE,40
"2.2.2.3.2.2.2.3.3.2.1.2.1.3.2.2.2.2.2.2.2.2",0.491881916836735,FALSE,TRUE,40
"2.2.2.3.2.2.2.3.3.2.1.2.2.2.2.2.2.2.2.2.2.2",0.558110824493016,FALSE,TRUE,40
"2.2.2.3.2.2.2.3.3.2.1.2.2.3.1.2.2.2.2.2.2.2",0.523585739234667,FALSE,TRUE,40
"2.2.2.3.2.2.2.3.3.2.1.2.2.3.2.1.2.2.2.2.2.2",0.521739577245814,FALSE,TRUE,40
"2.2.2.3.2.2.2.3.3.2.1.2.2.3.2.2.1.2.2.2.2.2",0.528495665865855,FALSE,TRUE,40
"2.2.2.3.2.2.2.3.3.2.1.2.2.3.2.2.2.1.2.2.2.2",0.516023032125902,FALSE,TRUE,40
"2.2.2.3.2.2.2.3.3.2.1.2.2.3.2.2.2.2.1.2.2.2",0.53907997799344,FALSE,TRUE,40
"2.2.2.3.2.2.2.3.3.2.1.2.2.3.2.2.2.2.2.1.2.2",0.495353939498675,FALSE,TRUE,40
"2.2.2.3.2.2.2.3.3.2.1.2.2.3.2.2.2.2.2.2.1.2",0.510219781644263,FALSE,TRUE,40
"2.2.2.3.2.2.2.3.3.2.1.2.2.3.2.2.2.2.2.2.2.1",0.497409497441234,FALSE,TRUE,40
