"karyotype","fitness","is_fq","is_nn","boundary_degree"
"2.2.2.2.2.2.2.2.2.2.2.2.2.2.2.2.2.2.2.2.2.2",0.428095800155729,TRUE,FALSE,0
"2.2.2.2.2.2.2.2.2.2.2.2.2.2.2.2.2.2.3.2.2.2",0.309064021706971,TRUE,FALSE,0
"1.2.2.2.2.2.2.2.2.2.2.2.2.2.2.2.2.2.3.2.2.2",0.382411177585138,TRUE,FALSE,0
"2.2.2.1.2.2.2.2.2.2.2.2.2.2.2.2.2.2.2.2.2.2",0.451695510665765,TRUE,FALSE,0
"2.2.2.1.2.2.2.2.2.3.2.2.2.2.2.2.2.2.2.2.2.2",0.208849092971531,TRUE,FALSE,0
"2.2.2.2.2.2.2.2.2.3.2.2.2.2.2.2.2.2.3.2.2.2",0.216792315390337,TRUE,FALSE,0
"2.2.2.1.2.2.2.2.2.1.2.2.2.2.2.2.2.2.2.2.2.2",0.284415051463212,TRUE,FALSE,0
"2.2.2.1.2.2.2.2.2.3.2.2.2.2.2.2.2.2.1.2.2.2",0.269883513475804,TRUE,FALSE,0
"2.2.2.1.2.2.2.2.2.2.2.2.2.2.2.2.2.2.1.2.2.2",0.403606502490229,TRUE,FALSE,0
"2.2.2.2.2.2.2.2.2.2.1.2.2.2.2.2.2.2.3.2.2.2",0.359366383084545,TRUE,FALSE,0
"2.2.2.2.1.2.2.2.2.2.2.2.2.2.2.2.2.2.2.2.2.2",0.455556178185657,TRUE,FALSE,0
"2.2.2.1.2.2.2.2.2.2.1.2.2.2.2.2.2.2.1.2.2.2",0.409852205234243,TRUE,FALSE,0
"2.2.2.2.2.2.2.2.2.2.2.2.2.2.2.2.1.2.2.2.2.2",0.223838318248988,TRUE,FALSE,0
"2.2.2.2.1.2.2.2.2.2.2.2.2.1.2.2.2.2.2.2.2.2",0.366769603437582,TRUE,FALSE,0
"2.3.2.2.2.2.2.2.2.2.1.2.2.2.2.2.2.2.3.2.2.2",0.336266668483396,TRUE,FALSE,0
"2.2.2.1.2.2.2.2.2.2.2.2.2.2.2.2.2.2.2.2.2.3",0.268859920124679,TRUE,FALSE,0
"2.2.2.2.1.2.2.3.2.2.2.2.2.2.2.2.2.2.2.2.2.2",0.34968292216896,TRUE,FALSE,0
"2.2.2.2.2.2.2.2.2.2.2.2.2.2.2.2.2.2.3.2.2.1",0.285956188734293,TRUE,FALSE,0
"2.2.2.1.2.2.2.2.2.2.1.2.2.2.2.2.2.2.1.3.2.2",0.378872236400248,TRUE,FALSE,0
"2.2.2.2.2.2.2.2.2.3.2.2.2.2.2.2.2.2.3.2.2.1",0.305546644332397,TRUE,FALSE,0
"1.2.2.2.2.2.2.2.2.2.2.2.2.1.2.2.2.2.3.2.2.2",0.350043234792876,TRUE,FALSE,0
"1.2.2.2.2.2.2.2.2.2.2.2.2.2.2.2.2.1.3.2.2.2",0.178369889196465,TRUE,FALSE,0
"2.2.2.2.2.2.2.2.2.2.3.2.2.2.2.2.1.2.2.2.2.2",0.220146200556714,TRUE,FALSE,0
"2.2.2.2.1.2.2.2.3.2.2.2.2.1.2.2.2.2.2.2.2.2",0.364954065895619,TRUE,FALSE,0
"2.2.2.2.2.2.2.2.2.2.3.2.2.2.2.2.1.2.3.2.2.2",0.248567887637796,TRUE,FALSE,0
"2.2.2.2.2.2.1.2.2.2.2.2.2.2.2.2.2.2.3.2.2.2",0.279759019771903,TRUE,FALSE,0
"2.2.2.2.2.2.2.2.2.3.1.2.2.2.2.2.2.2.3.2.2.1",0.355981998699894,TRUE,FALSE,0
"2.2.2.1.2.2.2.2.2.2.1.2.2.2.1.2.2.2.1.3.2.2",0.285572681229855,TRUE,FALSE,0
"2.2.2.2.1.2.2.2.2.2.2.2.2.2.2.2.2.2.2.1.2.2",0.344173231312804,TRUE,FALSE,0
"2.2.2.2.2.2.2.2.2.3.1.2.2.3.2.2.2.2.3.2.2.1",0.289706900894149,TRUE,FALSE,0
"2.2.2.1.2.2.2.2.2.3.2.2.2.1.2.2.2.2.2.2.2.2",0.304375196426355,TRUE,FALSE,0
"2.2.2.1.2.2.2.2.2.1.2.2.3.2.2.2.2.2.2.2.2.2",0.537130651991143,TRUE,FALSE,0
"1.2.2.2.2.2.2.2.2.2.2.2.2.2.2.3.2.2.3.2.2.2",0.382357874337386,TRUE,FALSE,0
"2.2.2.2.2.2.2.2.2.3.2.2.2.2.2.2.1.2.2.2.2.2",0.0916171078688443,TRUE,FALSE,0
"2.2.2.1.2.2.2.2.2.2.1.1.2.2.2.2.2.2.1.2.2.2",0.287941886784079,TRUE,FALSE,0
"1.2.2.2.2.2.2.2.2.1.2.2.2.2.2.2.2.2.3.2.2.2",0.193467228133635,TRUE,FALSE,0
"2.2.2.2.3.2.2.2.2.2.3.2.2.2.2.2.1.2.3.2.2.2",0.187310674947797,TRUE,FALSE,0
"2.2.2.2.2.2.2.2.2.2.3.2.2.2.2.2.1.2.3.2.3.2",0.308624591941281,TRUE,FALSE,0
"2.2.2.1.1.2.2.2.2.3.2.2.2.1.2.2.2.2.2.2.2.2",0.331142049397201,TRUE,FALSE,0
"2.2.2.1.2.2.2.2.2.1.2.2.3.2.2.2.2.1.2.2.2.2",0.381904366873178,TRUE,FALSE,0
"2.2.2.2.2.2.2.2.2.1.2.2.3.2.2.2.2.2.2.2.2.2",0.439345747435328,TRUE,FALSE,0
"2.2.2.1.2.2.2.2.2.2.3.2.2.2.2.2.2.2.1.2.2.2",0.362908236080435,TRUE,FALSE,0
"2.2.2.2.2.2.2.2.2.3.2.2.2.2.2.2.1.3.2.2.2.2",0.177677760062128,TRUE,FALSE,0
"2.2.2.1.2.2.2.2.2.2.1.2.2.2.2.2.3.2.1.3.2.2",0.369204998318833,TRUE,FALSE,0
"2.3.2.2.2.2.2.2.2.2.1.2.2.2.1.2.2.2.3.2.2.2",0.23888971087688,TRUE,FALSE,0
"2.2.2.2.2.2.2.1.2.3.1.2.2.2.2.2.2.2.3.2.2.1",0.509222348328225,TRUE,FALSE,0
"2.2.2.1.2.2.2.2.3.2.3.2.2.2.2.2.2.2.1.2.2.2",0.430278195104296,TRUE,FALSE,0
"2.3.2.2.2.2.2.2.2.3.2.2.2.2.2.2.2.2.3.2.2.2",0.252534218760977,TRUE,FALSE,0
"2.2.2.2.2.2.2.2.2.3.2.2.2.2.3.2.2.2.3.2.2.1",0.177180813523222,TRUE,FALSE,0
"2.2.2.1.2.2.2.2.2.1.2.2.3.2.2.2.2.2.2.1.2.2",0.372165565797319,TRUE,FALSE,0
"3.2.2.2.2.2.2.2.2.2.2.2.2.2.2.2.2.2.2.2.2.2",0.21328591450818,FALSE,TRUE,39
"2.3.2.2.2.2.2.2.2.2.2.2.2.2.2.2.2.2.2.2.2.2",0.380484384941317,FALSE,TRUE,37
"2.2.3.2.2.2.2.2.2.2.2.2.2.2.2.2.2.2.2.2.2.2",0.441760037898936,FALSE,TRUE,39
"2.2.2.3.2.2.2.2.2.2.2.2.2.2.2.2.2.2.2.2.2.2",0.275922017106474,FALSE,TRUE,40
"2.2.2.2.3.2.2.2.2.2.2.2.2.2.2.2.2.2.2.2.2.2",0.28538055051735,FALSE,TRUE,40
"2.2.2.2.2.3.2.2.2.2.2.2.2.2.2.2.2.2.2.2.2.2",0.493605693241525,FALSE,TRUE,39
"2.2.2.2.2.2.3.2.2.2.2.2.2.2.2.2.2.2.2.2.2.2",0.33373589772869,FALSE,TRUE,39
"2.2.2.2.2.2.2.3.2.2.2.2.2.2.2.2.2.2.2.2.2.2",0.337312646884439,FALSE,TRUE,39
"2.2.2.2.2.2.2.2.3.2.2.2.2.2.2.2.2.2.2.2.2.2",0.402596305863495,FALSE,TRUE,38
"2.2.2.2.2.2.2.2.2.3.2.2.2.2.2.2.2.2.2.2.2.2",0.237836607386118,FALSE,TRUE,34
"2.2.2.2.2.2.2.2.2.2.3.2.2.2.2.2.2.2.2.2.2.2",0.372633125372566,FALSE,TRUE,38
"2.2.2.2.2.2.2.2.2.2.2.3.2.2.2.2.2.2.2.2.2.2",0.271756531292824,FALSE,TRUE,39
"2.2.2.2.2.2.2.2.2.2.2.2.3.2.2.2.2.2.2.2.2.2",0.579318915805639,FALSE,TRUE,38
"2.2.2.2.2.2.2.2.2.2.2.2.2.3.2.2.2.2.2.2.2.2",0.424133046081025,FALSE,TRUE,39
"2.2.2.2.2.2.2.2.2.2.2.2.2.2.3.2.2.2.2.2.2.2",0.369454927510863,FALSE,TRUE,39
"2.2.2.2.2.2.2.2.2.2.2.2.2.2.2.3.2.2.2.2.2.2",0.502137390350537,FALSE,TRUE,38
"2.2.2.2.2.2.2.2.2.2.2.2.2.2.2.2.3.2.2.2.2.2",0.472650922986752,FALSE,TRUE,40
"2.2.2.2.2.2.2.2.2.2.2.2.2.2.2.2.2.3.2.2.2.2",0.281482869179789,FALSE,TRUE,38
"2.2.2.2.2.2.2.2.2.2.2.2.2.2.2.2.2.2.2.3.2.2",0.318421307346104,FALSE,TRUE,39
"2.2.2.2.2.2.2.2.2.2.2.2.2.2.2.2.2.2.2.2.3.2",0.49243504671177,FALSE,TRUE,39
"2.2.2.2.2.2.2.2.2.2.2.2.2.2.2.2.2.2.2.2.2.3",0.332053424746486,FALSE,TRUE,39
"1.2.2.2.2.2.2.2.2.2.2.2.2.2.2.2.2.2.2.2.2.2",0.502005722320268,FALSE,TRUE,34
"2.1.2.2.2.2.2.2.2.2.2.2.2.2.2.2.2.2.2.2.2.2",0.404123209838919,FALSE,TRUE,38
"2.2.1.2.2.2.2.2.2.2.2.2.2.2.2.2.2.2.2.2.2.2",0.173932659969912,FALSE,TRUE,38
"2.2.2.2.2.1.2.2.2.2.2.2.2.2.2.2.2.2.2.2.2.2",0.123339257977349,FALSE,TRUE,38
"2.2.2.2.2.2.1.2.2.2.2.2.2.2.2.2.2.2.2.2.2.2",0.428681675595087,FALSE,TRUE,38
"2.2.2.2.2.2.2.1.2.2.2.2.2.2.2.2.2.2.2.2.2.2",0.433245105919573,FALSE,TRUE,38
"2.2.2.2.2.2.2.2.1.2.2.2.2.2.2.2.2.2.2.2.2.2",0.353516272558297,FALSE,TRUE,38
"2.2.2.2.2.2.2.2.2.1.2.2.2.2.2.2.2.2.2.2.2.2",0.243886533336381,FALSE,TRUE,36
"2.2.2.2.2.2.2.2.2.2.1.2.2.2.2.2.2.2.2.2.2.2",0.441298917279526,FALSE,TRUE,36
"2.2.2.2.2.2.2.2.2.2.2.1.2.2.2.2.2.2.2.2.2.2",0.503534089988979,FALSE,TRUE,38
"2.2.2.2.2.2.2.2.2.2.2.2.1.2.2.2.2.2.2.2.2.2",0.131947732198606,FALSE,TRUE,38
"2.2.2.2.2.2.2.2.2.2.2.2.2.1.2.2.2.2.2.2.2.2",0.333160356816902,FALSE,TRUE,35
"2.2.2.2.2.2.2.2.2.2.2.2.2.2.1.2.2.2.2.2.2.2",0.319129977532962,FALSE,TRUE,38
"2.2.2.2.2.2.2.2.2.2.2.2.2.2.2.1.2.2.2.2.2.2",0.248038582387425,FALSE,TRUE,38
"2.2.2.2.2.2.2.2.2.2.2.2.2.2.2.2.2.1.2.2.2.2",0.366604706868093,FALSE,TRUE,37
"2.2.2.2.2.2.2.2.2.2.2.2.2.2.2.2.2.2.1.2.2.2",0.395263936828308,FALSE,TRUE,36
"2.2.2.2.2.2.2.2.2.2.2.2.2.2.2.2.2.2.2.1.2.2",0.334112738799682,FALSE,TRUE,38
"2.2.2.2.2.2.2.2.2.2.2.2.2.2.2.2.2.2.2.2.1.2",0.194487121342008,FALSE,TRUE,38
"2.2.2.2.2.2.2.2.2.2.2.2.2.2.2.2.2.2.2.2.2.1",0.357426378332482,FALSE,TRUE,37
"3.2.2.2.2.2.2.2.2.2.2.2.2.2.2.2.2.2.3.2.2.2",0.15331211166556,FALSE,TRUE,38
"2.3.2.2.2.2.2.2.2.2.2.2.2.2.2.2.2.2.3.2.2.2",0.295953954972435,FALSE,TRUE,36
"2.2.3.2.2.2.2.2.2.2.2.2.2.2.2.2.2.2.3.2.2.2",0.375458507873047,FALSE,TRUE,37
"2.2.2.3.2.2.2.2.2.2.2.2.2.2.2.2.2.2.3.2.2.2",0.133348404958178,FALSE,TRUE,37
"2.2.2.2.3.2.2.2.2.2.2.2.2.2.2.2.2.2.3.2.2.2",0.279870731382089,FALSE,TRUE,35
"2.2.2.2.2.3.2.2.2.2.2.2.2.2.2.2.2.2.3.2.2.2",0.279235543695227,FALSE,TRUE,37
"2.2.2.2.2.2.3.2.2.2.2.2.2.2.2.2.2.2.3.2.2.2",0.285245322675192,FALSE,TRUE,38
"2.2.2.2.2.2.2.3.2.2.2.2.2.2.2.2.2.2.3.2.2.2",0.266009455321383,FALSE,TRUE,36
"2.2.2.2.2.2.2.2.3.2.2.2.2.2.2.2.2.2.3.2.2.2",0.300517002779879,FALSE,TRUE,37
"2.2.2.2.2.2.2.2.2.2.3.2.2.2.2.2.2.2.3.2.2.2",0.219376985690451,FALSE,TRUE,35
"2.2.2.2.2.2.2.2.2.2.2.3.2.2.2.2.2.2.3.2.2.2",0.15007020961052,FALSE,TRUE,37
"2.2.2.2.2.2.2.2.2.2.2.2.3.2.2.2.2.2.3.2.2.2",0.370053849710045,FALSE,TRUE,36
"2.2.2.2.2.2.2.2.2.2.2.2.2.3.2.2.2.2.3.2.2.2",0.290740304558879,FALSE,TRUE,37
"2.2.2.2.2.2.2.2.2.2.2.2.2.2.3.2.2.2.3.2.2.2",0.33229451021725,FALSE,TRUE,37
"2.2.2.2.2.2.2.2.2.2.2.2.2.2.2.3.2.2.3.2.2.2",0.360110731241149,FALSE,TRUE,37
"2.2.2.2.2.2.2.2.2.2.2.2.2.2.2.2.3.2.3.2.2.2",0.243849954329383,FALSE,TRUE,37
"2.2.2.2.2.2.2.2.2.2.2.2.2.2.2.2.2.3.3.2.2.2",0.251798446287519,FALSE,TRUE,37
"2.2.2.2.2.2.2.2.2.2.2.2.2.2.2.2.2.2.4.2.2.2",0.09615378634347,FALSE,TRUE,38
"2.2.2.2.2.2.2.2.2.2.2.2.2.2.2.2.2.2.3.3.2.2",0.228573188598006,FALSE,TRUE,37
"2.2.2.2.2.2.2.2.2.2.2.2.2.2.2.2.2.2.3.2.3.2",0.29260462418452,FALSE,TRUE,35
"2.2.2.2.2.2.2.2.2.2.2.2.2.2.2.2.2.2.3.2.2.3",0.27871789158409,FALSE,TRUE,37
"2.1.2.2.2.2.2.2.2.2.2.2.2.2.2.2.2.2.3.2.2.2",0.28171622233822,FALSE,TRUE,36
"2.2.1.2.2.2.2.2.2.2.2.2.2.2.2.2.2.2.3.2.2.2",0.0511987219321485,FALSE,TRUE,36
"2.2.2.1.2.2.2.2.2.2.2.2.2.2.2.2.2.2.3.2.2.2",0.362648003155159,FALSE,TRUE,34
"2.2.2.2.1.2.2.2.2.2.2.2.2.2.2.2.2.2.3.2.2.2",0.304877962502873,FALSE,TRUE,33
"2.2.2.2.2.1.2.2.2.2.2.2.2.2.2.2.2.2.3.2.2.2",0.0753042778191672,FALSE,TRUE,36
"2.2.2.2.2.2.2.1.2.2.2.2.2.2.2.2.2.2.3.2.2.2",0.304012744900655,FALSE,TRUE,36
"2.2.2.2.2.2.2.2.1.2.2.2.2.2.2.2.2.2.3.2.2.2",0.25149665285571,FALSE,TRUE,36
"2.2.2.2.2.2.2.2.2.1.2.2.2.2.2.2.2.2.3.2.2.2",0.117096853335952,FALSE,TRUE,35
"2.2.2.2.2.2.2.2.2.2.2.1.2.2.2.2.2.2.3.2.2.2",0.47963491998636,FALSE,TRUE,36
"2.2.2.2.2.2.2.2.2.2.2.2.1.2.2.2.2.2.3.2.2.2",0.113113953530638,FALSE,TRUE,36
"2.2.2.2.2.2.2.2.2.2.2.2.2.1.2.2.2.2.3.2.2.2",0.235664374303513,FALSE,TRUE,35
"2.2.2.2.2.2.2.2.2.2.2.2.2.2.1.2.2.2.3.2.2.2",0.168916770372562,FALSE,TRUE,35
"2.2.2.2.2.2.2.2.2.2.2.2.2.2.2.1.2.2.3.2.2.2",0.174370722905085,FALSE,TRUE,36
"2.2.2.2.2.2.2.2.2.2.2.2.2.2.2.2.1.2.3.2.2.2",0.263842972181403,FALSE,TRUE,33
"2.2.2.2.2.2.2.2.2.2.2.2.2.2.2.2.2.1.3.2.2.2",0.223488636512091,FALSE,TRUE,36
"2.2.2.2.2.2.2.2.2.2.2.2.2.2.2.2.2.2.3.1.2.2",0.165420578741253,FALSE,TRUE,35
"2.2.2.2.2.2.2.2.2.2.2.2.2.2.2.2.2.2.3.2.1.2",0.140789353794091,FALSE,TRUE,36
"1.3.2.2.2.2.2.2.2.2.2.2.2.2.2.2.2.2.3.2.2.2",0.27711697442914,FALSE,TRUE,35
"1.2.3.2.2.2.2.2.2.2.2.2.2.2.2.2.2.2.3.2.2.2",0.35716306195627,FALSE,TRUE,37
"1.2.2.3.2.2.2.2.2.2.2.2.2.2.2.2.2.2.3.2.2.2",0.228320821225795,FALSE,TRUE,37
"1.2.2.2.3.2.2.2.2.2.2.2.2.2.2.2.2.2.3.2.2.2",0.307720360586588,FALSE,TRUE,37
"1.2.2.2.2.3.2.2.2.2.2.2.2.2.2.2.2.2.3.2.2.2",0.33489758960601,FALSE,TRUE,37
"1.2.2.2.2.2.3.2.2.2.2.2.2.2.2.2.2.2.3.2.2.2",0.350815327883969,FALSE,TRUE,37
"1.2.2.2.2.2.2.3.2.2.2.2.2.2.2.2.2.2.3.2.2.2",0.385508143246809,FALSE,TRUE,37
"1.2.2.2.2.2.2.2.3.2.2.2.2.2.2.2.2.2.3.2.2.2",0.454156030671901,FALSE,TRUE,37
"1.2.2.2.2.2.2.2.2.3.2.2.2.2.2.2.2.2.3.2.2.2",0.235779198159551,FALSE,TRUE,36
"1.2.2.2.2.2.2.2.2.2.3.2.2.2.2.2.2.2.3.2.2.2",0.331305930574697,FALSE,TRUE,36
"1.2.2.2.2.2.2.2.2.2.2.3.2.2.2.2.2.2.3.2.2.2",0.196264671085815,FALSE,TRUE,37
"1.2.2.2.2.2.2.2.2.2.2.2.3.2.2.2.2.2.3.2.2.2",0.425597889529955,FALSE,TRUE,37
"1.2.2.2.2.2.2.2.2.2.2.2.2.3.2.2.2.2.3.2.2.2",0.322362423647585,FALSE,TRUE,38
"1.2.2.2.2.2.2.2.2.2.2.2.2.2.3.2.2.2.3.2.2.2",0.351411991890305,FALSE,TRUE,37
"1.2.2.2.2.2.2.2.2.2.2.2.2.2.2.2.3.2.3.2.2.2",0.229287122994819,FALSE,TRUE,37
"1.2.2.2.2.2.2.2.2.2.2.2.2.2.2.2.2.3.3.2.2.2",0.406085478076202,FALSE,TRUE,38
"1.2.2.2.2.2.2.2.2.2.2.2.2.2.2.2.2.2.4.2.2.2",0.119346268117619,FALSE,TRUE,37
"1.2.2.2.2.2.2.2.2.2.2.2.2.2.2.2.2.2.3.3.2.2",0.367907276550693,FALSE,TRUE,37
"1.2.2.2.2.2.2.2.2.2.2.2.2.2.2.2.2.2.3.2.3.2",0.239630104038102,FALSE,TRUE,37
"1.2.2.2.2.2.2.2.2.2.2.2.2.2.2.2.2.2.3.2.2.3",0.276718293864637,FALSE,TRUE,37
"1.1.2.2.2.2.2.2.2.2.2.2.2.2.2.2.2.2.3.2.2.2",0.430767503706413,FALSE,TRUE,36
"1.2.1.2.2.2.2.2.2.2.2.2.2.2.2.2.2.2.3.2.2.2",0.19871768253777,FALSE,TRUE,36
"1.2.2.1.2.2.2.2.2.2.2.2.2.2.2.2.2.2.3.2.2.2",0.39121875125873,FALSE,TRUE,35
"1.2.2.2.1.2.2.2.2.2.2.2.2.2.2.2.2.2.3.2.2.2",0.361173297147733,FALSE,TRUE,35
"1.2.2.2.2.1.2.2.2.2.2.2.2.2.2.2.2.2.3.2.2.2",0.157336261544276,FALSE,TRUE,36
"1.2.2.2.2.2.1.2.2.2.2.2.2.2.2.2.2.2.3.2.2.2",0.350407894030754,FALSE,TRUE,36
"1.2.2.2.2.2.2.1.2.2.2.2.2.2.2.2.2.2.3.2.2.2",0.300279673303025,FALSE,TRUE,36
"1.2.2.2.2.2.2.2.1.2.2.2.2.2.2.2.2.2.3.2.2.2",0.234226456203344,FALSE,TRUE,36
"1.2.2.2.2.2.2.2.2.2.1.2.2.2.2.2.2.2.3.2.2.2",0.392306089629818,FALSE,TRUE,35
"1.2.2.2.2.2.2.2.2.2.2.1.2.2.2.2.2.2.3.2.2.2",0.516178057231464,FALSE,TRUE,36
"1.2.2.2.2.2.2.2.2.2.2.2.1.2.2.2.2.2.3.2.2.2",0.206738613750897,FALSE,TRUE,36
"1.2.2.2.2.2.2.2.2.2.2.2.2.2.1.2.2.2.3.2.2.2",0.234407392567778,FALSE,TRUE,36
"1.2.2.2.2.2.2.2.2.2.2.2.2.2.2.1.2.2.3.2.2.2",0.31163195812817,FALSE,TRUE,37
"1.2.2.2.2.2.2.2.2.2.2.2.2.2.2.2.1.2.3.2.2.2",0.401694221533376,FALSE,TRUE,34
"1.2.2.2.2.2.2.2.2.2.2.2.2.2.2.2.2.2.3.1.2.2",0.192842171300363,FALSE,TRUE,36
"1.2.2.2.2.2.2.2.2.2.2.2.2.2.2.2.2.2.3.2.1.2",0.32291945035361,FALSE,TRUE,36
"1.2.2.2.2.2.2.2.2.2.2.2.2.2.2.2.2.2.3.2.2.1",0.370043981575808,FALSE,TRUE,35
"3.2.2.1.2.2.2.2.2.2.2.2.2.2.2.2.2.2.2.2.2.2",0.268830447301788,FALSE,TRUE,37
"2.3.2.1.2.2.2.2.2.2.2.2.2.2.2.2.2.2.2.2.2.2",0.396462891059816,FALSE,TRUE,37
"2.2.3.1.2.2.2.2.2.2.2.2.2.2.2.2.2.2.2.2.2.2",0.362261805650427,FALSE,TRUE,37
"2.2.2.1.3.2.2.2.2.2.2.2.2.2.2.2.2.2.2.2.2.2",0.320777163750659,FALSE,TRUE,37
"2.2.2.1.2.3.2.2.2.2.2.2.2.2.2.2.2.2.2.2.2.2",0.517956891287411,FALSE,TRUE,37
"2.2.2.1.2.2.3.2.2.2.2.2.2.2.2.2.2.2.2.2.2.2",0.487206425364223,FALSE,TRUE,37
"2.2.2.1.2.2.2.3.2.2.2.2.2.2.2.2.2.2.2.2.2.2",0.417255985850088,FALSE,TRUE,36
"2.2.2.1.2.2.2.2.3.2.2.2.2.2.2.2.2.2.2.2.2.2",0.516964413796165,FALSE,TRUE,36
"2.2.2.1.2.2.2.2.2.2.3.2.2.2.2.2.2.2.2.2.2.2",0.401530491671645,FALSE,TRUE,35
"2.2.2.1.2.2.2.2.2.2.2.3.2.2.2.2.2.2.2.2.2.2",0.331529663524326,FALSE,TRUE,37
"2.2.2.1.2.2.2.2.2.2.2.2.3.2.2.2.2.2.2.2.2.2",0.656485299637957,FALSE,TRUE,35
"2.2.2.1.2.2.2.2.2.2.2.2.2.3.2.2.2.2.2.2.2.2",0.400854638399964,FALSE,TRUE,37
"2.2.2.1.2.2.2.2.2.2.2.2.2.2.3.2.2.2.2.2.2.2",0.475019759761613,FALSE,TRUE,37
"2.2.2.1.2.2.2.2.2.2.2.2.2.2.2.3.2.2.2.2.2.2",0.368690116964566,FALSE,TRUE,37
"2.2.2.1.2.2.2.2.2.2.2.2.2.2.2.2.3.2.2.2.2.2",0.420774999407112,FALSE,TRUE,37
"2.2.2.1.2.2.2.2.2.2.2.2.2.2.2.2.2.3.2.2.2.2",0.38436231223719,FALSE,TRUE,37
"2.2.2.1.2.2.2.2.2.2.2.2.2.2.2.2.2.2.2.3.2.2",0.361956794454381,FALSE,TRUE,36
"2.2.2.1.2.2.2.2.2.2.2.2.2.2.2.2.2.2.2.2.3.2",0.420899058249011,FALSE,TRUE,37
"1.2.2.1.2.2.2.2.2.2.2.2.2.2.2.2.2.2.2.2.2.2",0.451925536579781,FALSE,TRUE,35
"2.1.2.1.2.2.2.2.2.2.2.2.2.2.2.2.2.2.2.2.2.2",0.423041052293468,FALSE,TRUE,36
"2.2.1.1.2.2.2.2.2.2.2.2.2.2.2.2.2.2.2.2.2.2",0.297501195360831,FALSE,TRUE,36
"2.2.2.1.1.2.2.2.2.2.2.2.2.2.2.2.2.2.2.2.2.2",0.428347441342012,FALSE,TRUE,33
"2.2.2.1.2.1.2.2.2.2.2.2.2.2.2.2.2.2.2.2.2.2",0.209283306723157,FALSE,TRUE,36
"2.2.2.1.2.2.1.2.2.2.2.2.2.2.2.2.2.2.2.2.2.2",0.335081642154407,FALSE,TRUE,35
"2.2.2.1.2.2.2.1.2.2.2.2.2.2.2.2.2.2.2.2.2.2",0.364821665682452,FALSE,TRUE,36
"2.2.2.1.2.2.2.2.1.2.2.2.2.2.2.2.2.2.2.2.2.2",0.286907026258558,FALSE,TRUE,36
"2.2.2.1.2.2.2.2.2.2.1.2.2.2.2.2.2.2.2.2.2.2",0.475061206463882,FALSE,TRUE,33
"2.2.2.1.2.2.2.2.2.2.2.1.2.2.2.2.2.2.2.2.2.2",0.46159295233442,FALSE,TRUE,35
"2.2.2.1.2.2.2.2.2.2.2.2.1.2.2.2.2.2.2.2.2.2",0.170984540957686,FALSE,TRUE,36
"2.2.2.1.2.2.2.2.2.2.2.2.2.1.2.2.2.2.2.2.2.2",0.387515203873005,FALSE,TRUE,35
"2.2.2.1.2.2.2.2.2.2.2.2.2.2.1.2.2.2.2.2.2.2",0.274966735535497,FALSE,TRUE,36
"2.2.2.1.2.2.2.2.2.2.2.2.2.2.2.1.2.2.2.2.2.2",0.385685168616869,FALSE,TRUE,36
"2.2.2.1.2.2.2.2.2.2.2.2.2.2.2.2.1.2.2.2.2.2",0.31784944686947,FALSE,TRUE,35
"2.2.2.1.2.2.2.2.2.2.2.2.2.2.2.2.2.1.2.2.2.2",0.261323078467299,FALSE,TRUE,35
"2.2.2.1.2.2.2.2.2.2.2.2.2.2.2.2.2.2.2.1.2.2",0.328333847920536,FALSE,TRUE,34
"2.2.2.1.2.2.2.2.2.2.2.2.2.2.2.2.2.2.2.2.1.2",0.306359299357106,FALSE,TRUE,36
"2.2.2.1.2.2.2.2.2.2.2.2.2.2.2.2.2.2.2.2.2.1",0.399528159066006,FALSE,TRUE,36
"3.2.2.1.2.2.2.2.2.3.2.2.2.2.2.2.2.2.2.2.2.2",0.0797741110850417,FALSE,TRUE,39
"2.3.2.1.2.2.2.2.2.3.2.2.2.2.2.2.2.2.2.2.2.2",0.195038812085848,FALSE,TRUE,37
"2.2.3.1.2.2.2.2.2.3.2.2.2.2.2.2.2.2.2.2.2.2",0.0028294936780919,FALSE,TRUE,39
"2.2.2.1.3.2.2.2.2.3.2.2.2.2.2.2.2.2.2.2.2.2",0.0770179484373991,FALSE,TRUE,39
"2.2.2.1.2.3.2.2.2.3.2.2.2.2.2.2.2.2.2.2.2.2",0.280197415874323,FALSE,TRUE,39
"2.2.2.1.2.2.3.2.2.3.2.2.2.2.2.2.2.2.2.2.2.2",0.270827064151735,FALSE,TRUE,39
"2.2.2.1.2.2.2.3.2.3.2.2.2.2.2.2.2.2.2.2.2.2",0.303025051074315,FALSE,TRUE,39
"2.2.2.1.2.2.2.2.3.3.2.2.2.2.2.2.2.2.2.2.2.2",0.211600742447577,FALSE,TRUE,39
"2.2.2.1.2.2.2.2.2.4.2.2.2.2.2.2.2.2.2.2.2.2",-0.197211666146172,FALSE,TRUE,40
"2.2.2.1.2.2.2.2.2.3.3.2.2.2.2.2.2.2.2.2.2.2",0.159267823952957,FALSE,TRUE,39
"2.2.2.1.2.2.2.2.2.3.2.3.2.2.2.2.2.2.2.2.2.2",0.120946059654533,FALSE,TRUE,39
"2.2.2.1.2.2.2.2.2.3.2.2.3.2.2.2.2.2.2.2.2.2",0.329146777906114,FALSE,TRUE,39
"2.2.2.1.2.2.2.2.2.3.2.2.2.3.2.2.2.2.2.2.2.2",0.0912432501753426,FALSE,TRUE,40
"2.2.2.1.2.2.2.2.2.3.2.2.2.2.3.2.2.2.2.2.2.2",0.113102908453123,FALSE,TRUE,39
"2.2.2.1.2.2.2.2.2.3.2.2.2.2.2.3.2.2.2.2.2.2",0.0661303052436932,FALSE,TRUE,39
"2.2.2.1.2.2.2.2.2.3.2.2.2.2.2.2.3.2.2.2.2.2",0.246598414932034,FALSE,TRUE,39
"2.2.2.1.2.2.2.2.2.3.2.2.2.2.2.2.2.3.2.2.2.2",0.256806604211285,FALSE,TRUE,37
"2.2.2.1.2.2.2.2.2.3.2.2.2.2.2.2.2.2.3.2.2.2",0.117532895252562,FALSE,TRUE,37
"2.2.2.1.2.2.2.2.2.3.2.2.2.2.2.2.2.2.2.3.2.2",-0.0222456535951626,FALSE,TRUE,39
"2.2.2.1.2.2.2.2.2.3.2.2.2.2.2.2.2.2.2.2.3.2",0.06025324575265,FALSE,TRUE,39
"2.2.2.1.2.2.2.2.2.3.2.2.2.2.2.2.2.2.2.2.2.3",-0.0194370297766532,FALSE,TRUE,39
"1.2.2.1.2.2.2.2.2.3.2.2.2.2.2.2.2.2.2.2.2.2",0.230008520321624,FALSE,TRUE,38
"2.1.2.1.2.2.2.2.2.3.2.2.2.2.2.2.2.2.2.2.2.2",0.214576232988813,FALSE,TRUE,38
"2.2.1.1.2.2.2.2.2.3.2.2.2.2.2.2.2.2.2.2.2.2",0.237275241852712,FALSE,TRUE,38
"2.2.2.1.1.2.2.2.2.3.2.2.2.2.2.2.2.2.2.2.2.2",0.238171052132385,FALSE,TRUE,37
"2.2.2.1.2.1.2.2.2.3.2.2.2.2.2.2.2.2.2.2.2.2",0.0780259032018413,FALSE,TRUE,38
"2.2.2.1.2.2.1.2.2.3.2.2.2.2.2.2.2.2.2.2.2.2",0.118413852917019,FALSE,TRUE,38
"2.2.2.1.2.2.2.1.2.3.2.2.2.2.2.2.2.2.2.2.2.2",0.0715679432651213,FALSE,TRUE,38
"2.2.2.1.2.2.2.2.1.3.2.2.2.2.2.2.2.2.2.2.2.2",0.230036835344068,FALSE,TRUE,38
"2.2.2.1.2.2.2.2.2.3.1.2.2.2.2.2.2.2.2.2.2.2",0.250815136880782,FALSE,TRUE,38
"2.2.2.1.2.2.2.2.2.3.2.1.2.2.2.2.2.2.2.2.2.2",0.255689032464677,FALSE,TRUE,38
"2.2.2.1.2.2.2.2.2.3.2.2.1.2.2.2.2.2.2.2.2.2",0.0941392921703506,FALSE,TRUE,38
"2.2.2.1.2.2.2.2.2.3.2.2.2.2.1.2.2.2.2.2.2.2",0.141932981942188,FALSE,TRUE,38
"2.2.2.1.2.2.2.2.2.3.2.2.2.2.2.1.2.2.2.2.2.2",0.298986925074101,FALSE,TRUE,38
"2.2.2.1.2.2.2.2.2.3.2.2.2.2.2.2.1.2.2.2.2.2",0.15918839307207,FALSE,TRUE,36
"2.2.2.1.2.2.2.2.2.3.2.2.2.2.2.2.2.1.2.2.2.2",0.0899853994266699,FALSE,TRUE,38
"2.2.2.1.2.2.2.2.2.3.2.2.2.2.2.2.2.2.2.1.2.2",0.330496856890833,FALSE,TRUE,38
"2.2.2.1.2.2.2.2.2.3.2.2.2.2.2.2.2.2.2.2.1.2",0.299348576087496,FALSE,TRUE,38
"2.2.2.1.2.2.2.2.2.3.2.2.2.2.2.2.2.2.2.2.2.1",0.325948018164401,FALSE,TRUE,36
"3.2.2.2.2.2.2.2.2.3.2.2.2.2.2.2.2.2.3.2.2.2",0.172645149849564,FALSE,TRUE,40
"2.2.3.2.2.2.2.2.2.3.2.2.2.2.2.2.2.2.3.2.2.2",0.0410207537673293,FALSE,TRUE,40
"2.2.2.3.2.2.2.2.2.3.2.2.2.2.2.2.2.2.3.2.2.2",0.277676024981,FALSE,TRUE,40
"2.2.2.2.3.2.2.2.2.3.2.2.2.2.2.2.2.2.3.2.2.2",0.250082209324261,FALSE,TRUE,40
"2.2.2.2.2.3.2.2.2.3.2.2.2.2.2.2.2.2.3.2.2.2",0.205823380804565,FALSE,TRUE,40
"2.2.2.2.2.2.3.2.2.3.2.2.2.2.2.2.2.2.3.2.2.2",0.22591221744548,FALSE,TRUE,40
"2.2.2.2.2.2.2.3.2.3.2.2.2.2.2.2.2.2.3.2.2.2",0.189811125521425,FALSE,TRUE,40
"2.2.2.2.2.2.2.2.3.3.2.2.2.2.2.2.2.2.3.2.2.2",0.208214596195597,FALSE,TRUE,40
"2.2.2.2.2.2.2.2.2.4.2.2.2.2.2.2.2.2.3.2.2.2",-0.0658522224723727,FALSE,TRUE,41
"2.2.2.2.2.2.2.2.2.3.3.2.2.2.2.2.2.2.3.2.2.2",0.159083281940654,FALSE,TRUE,39
"2.2.2.2.2.2.2.2.2.3.2.3.2.2.2.2.2.2.3.2.2.2",0.208779668738985,FALSE,TRUE,40
"2.2.2.2.2.2.2.2.2.3.2.2.3.2.2.2.2.2.3.2.2.2",0.201429428716715,FALSE,TRUE,40
"2.2.2.2.2.2.2.2.2.3.2.2.2.3.2.2.2.2.3.2.2.2",0.112231222249279,FALSE,TRUE,39
"2.2.2.2.2.2.2.2.2.3.2.2.2.2.3.2.2.2.3.2.2.2",0.150923234524517,FALSE,TRUE,40
"2.2.2.2.2.2.2.2.2.3.2.2.2.2.2.3.2.2.3.2.2.2",0.188927569804214,FALSE,TRUE,39
"2.2.2.2.2.2.2.2.2.3.2.2.2.2.2.2.3.2.3.2.2.2",0.178620144623948,FALSE,TRUE,40
"2.2.2.2.2.2.2.2.2.3.2.2.2.2.2.2.2.3.3.2.2.2",0.348086593382304,FALSE,TRUE,38
"2.2.2.2.2.2.2.2.2.3.2.2.2.2.2.2.2.2.4.2.2.2",0.174615968998647,FALSE,TRUE,40
"2.2.2.2.2.2.2.2.2.3.2.2.2.2.2.2.2.2.3.3.2.2",-0.102257912380766,FALSE,TRUE,40
"2.2.2.2.2.2.2.2.2.3.2.2.2.2.2.2.2.2.3.2.3.2",0.223912354001791,FALSE,TRUE,40
"2.2.2.2.2.2.2.2.2.3.2.2.2.2.2.2.2.2.3.2.2.3",0.157296321016641,FALSE,TRUE,41
"2.1.2.2.2.2.2.2.2.3.2.2.2.2.2.2.2.2.3.2.2.2",0.157026622568162,FALSE,TRUE,40
"2.2.1.2.2.2.2.2.2.3.2.2.2.2.2.2.2.2.3.2.2.2",0.228354622318026,FALSE,TRUE,39
"2.2.2.2.1.2.2.2.2.3.2.2.2.2.2.2.2.2.3.2.2.2",0.173697098606237,FALSE,TRUE,38
"2.2.2.2.2.1.2.2.2.3.2.2.2.2.2.2.2.2.3.2.2.2",0.0161569682231323,FALSE,TRUE,39
"2.2.2.2.2.2.1.2.2.3.2.2.2.2.2.2.2.2.3.2.2.2",0.145184248987928,FALSE,TRUE,39
"2.2.2.2.2.2.2.1.2.3.2.2.2.2.2.2.2.2.3.2.2.2",0.214062034564163,FALSE,TRUE,38
"2.2.2.2.2.2.2.2.1.3.2.2.2.2.2.2.2.2.3.2.2.2",0.21044252237357,FALSE,TRUE,39
"2.2.2.2.2.2.2.2.2.3.1.2.2.2.2.2.2.2.3.2.2.2",0.247187634778165,FALSE,TRUE,37
"2.2.2.2.2.2.2.2.2.3.2.1.2.2.2.2.2.2.3.2.2.2",0.274278572706873,FALSE,TRUE,39
"2.2.2.2.2.2.2.2.2.3.2.2.1.2.2.2.2.2.3.2.2.2",0.0960215993337133,FALSE,TRUE,39
"2.2.2.2.2.2.2.2.2.3.2.2.2.1.2.2.2.2.3.2.2.2",0.255918238167605,FALSE,TRUE,36
"2.2.2.2.2.2.2.2.2.3.2.2.2.2.1.2.2.2.3.2.2.2",0.114627530336914,FALSE,TRUE,39
"2.2.2.2.2.2.2.2.2.3.2.2.2.2.2.1.2.2.3.2.2.2",0.251224855914508,FALSE,TRUE,39
"2.2.2.2.2.2.2.2.2.3.2.2.2.2.2.2.1.2.3.2.2.2",0.207762111434669,FALSE,TRUE,36
"2.2.2.2.2.2.2.2.2.3.2.2.2.2.2.2.2.1.3.2.2.2",0.0146919334748574,FALSE,TRUE,38
"2.2.2.2.2.2.2.2.2.3.2.2.2.2.2.2.2.2.3.1.2.2",0.354798860173192,FALSE,TRUE,39
"2.2.2.2.2.2.2.2.2.3.2.2.2.2.2.2.2.2.3.2.1.2",0.120126633010927,FALSE,TRUE,39
"3.2.2.1.2.2.2.2.2.1.2.2.2.2.2.2.2.2.2.2.2.2",0.167051841610444,FALSE,TRUE,39
"2.3.2.1.2.2.2.2.2.1.2.2.2.2.2.2.2.2.2.2.2.2",0.213718377544662,FALSE,TRUE,39
"2.2.3.1.2.2.2.2.2.1.2.2.2.2.2.2.2.2.2.2.2.2",0.356974667978798,FALSE,TRUE,39
"2.2.2.1.3.2.2.2.2.1.2.2.2.2.2.2.2.2.2.2.2.2",0.24818764300175,FALSE,TRUE,39
"2.2.2.1.2.3.2.2.2.1.2.2.2.2.2.2.2.2.2.2.2.2",0.383297687361233,FALSE,TRUE,39
"2.2.2.1.2.2.3.2.2.1.2.2.2.2.2.2.2.2.2.2.2.2",0.289675374817103,FALSE,TRUE,39
"2.2.2.1.2.2.2.3.2.1.2.2.2.2.2.2.2.2.2.2.2.2",0.134484161924014,FALSE,TRUE,39
"2.2.2.1.2.2.2.2.3.1.2.2.2.2.2.2.2.2.2.2.2.2",0.389161548562635,FALSE,TRUE,39
"2.2.2.1.2.2.2.2.2.1.3.2.2.2.2.2.2.2.2.2.2.2",0.271493704384616,FALSE,TRUE,38
"2.2.2.1.2.2.2.2.2.1.2.3.2.2.2.2.2.2.2.2.2.2",0.169596852390444,FALSE,TRUE,39
"2.2.2.1.2.2.2.2.2.1.2.2.2.3.2.2.2.2.2.2.2.2",0.354310074480376,FALSE,TRUE,39
"2.2.2.1.2.2.2.2.2.1.2.2.2.2.3.2.2.2.2.2.2.2",0.408813197778898,FALSE,TRUE,39
"2.2.2.1.2.2.2.2.2.1.2.2.2.2.2.3.2.2.2.2.2.2",0.296635558545911,FALSE,TRUE,39
"2.2.2.1.2.2.2.2.2.1.2.2.2.2.2.2.3.2.2.2.2.2",0.244663645228128,FALSE,TRUE,39
"2.2.2.1.2.2.2.2.2.1.2.2.2.2.2.2.2.3.2.2.2.2",0.208003148320535,FALSE,TRUE,39
"2.2.2.1.2.2.2.2.2.1.2.2.2.2.2.2.2.2.3.2.2.2",0.258014408630762,FALSE,TRUE,37
"2.2.2.1.2.2.2.2.2.1.2.2.2.2.2.2.2.2.2.3.2.2",0.399743110243166,FALSE,TRUE,39
"2.2.2.1.2.2.2.2.2.1.2.2.2.2.2.2.2.2.2.2.3.2",0.4525217989598,FALSE,TRUE,39
"2.2.2.1.2.2.2.2.2.1.2.2.2.2.2.2.2.2.2.2.2.3",0.283537987958167,FALSE,TRUE,39
"1.2.2.1.2.2.2.2.2.1.2.2.2.2.2.2.2.2.2.2.2.2",0.243421656322616,FALSE,TRUE,36
"2.1.2.1.2.2.2.2.2.1.2.2.2.2.2.2.2.2.2.2.2.2",0.262385011251561,FALSE,TRUE,38
"2.2.1.1.2.2.2.2.2.1.2.2.2.2.2.2.2.2.2.2.2.2",0.119303771756408,FALSE,TRUE,38
"2.2.2.1.1.2.2.2.2.1.2.2.2.2.2.2.2.2.2.2.2.2",0.198431530530355,FALSE,TRUE,37
"2.2.2.1.2.1.2.2.2.1.2.2.2.2.2.2.2.2.2.2.2.2",0.0108796275484738,FALSE,TRUE,38
"2.2.2.1.2.2.1.2.2.1.2.2.2.2.2.2.2.2.2.2.2.2",0.290296292161744,FALSE,TRUE,38
"2.2.2.1.2.2.2.1.2.1.2.2.2.2.2.2.2.2.2.2.2.2",0.341268153393639,FALSE,TRUE,38
"2.2.2.1.2.2.2.2.1.1.2.2.2.2.2.2.2.2.2.2.2.2",0.0298437175278237,FALSE,TRUE,38
"2.2.2.1.2.2.2.2.2.1.1.2.2.2.2.2.2.2.2.2.2.2",0.281608377154633,FALSE,TRUE,37
"2.2.2.1.2.2.2.2.2.1.2.1.2.2.2.2.2.2.2.2.2.2",0.291607089656062,FALSE,TRUE,38
"2.2.2.1.2.2.2.2.2.1.2.2.1.2.2.2.2.2.2.2.2.2",-0.0347564837349666,FALSE,TRUE,39
"2.2.2.1.2.2.2.2.2.1.2.2.2.1.2.2.2.2.2.2.2.2",0.143365710196975,FALSE,TRUE,38
"2.2.2.1.2.2.2.2.2.1.2.2.2.2.1.2.2.2.2.2.2.2",0.0994380821052538,FALSE,TRUE,38
"2.2.2.1.2.2.2.2.2.1.2.2.2.2.2.1.2.2.2.2.2.2",0.173070034937006,FALSE,TRUE,38
"2.2.2.1.2.2.2.2.2.1.2.2.2.2.2.2.1.2.2.2.2.2",0.144894635007246,FALSE,TRUE,37
"2.2.2.1.2.2.2.2.2.1.2.2.2.2.2.2.2.1.2.2.2.2",0.105656093507307,FALSE,TRUE,38
"2.2.2.1.2.2.2.2.2.1.2.2.2.2.2.2.2.2.1.2.2.2",0.192452475898411,FALSE,TRUE,36
"2.2.2.1.2.2.2.2.2.1.2.2.2.2.2.2.2.2.2.1.2.2",0.0651956849165926,FALSE,TRUE,38
"2.2.2.1.2.2.2.2.2.1.2.2.2.2.2.2.2.2.2.2.1.2",-0.0109895401288245,FALSE,TRUE,38
"2.2.2.1.2.2.2.2.2.1.2.2.2.2.2.2.2.2.2.2.2.1",0.0890929505099178,FALSE,TRUE,38
"3.2.2.1.2.2.2.2.2.3.2.2.2.2.2.2.2.2.1.2.2.2",0.154502313786012,FALSE,TRUE,39
"2.3.2.1.2.2.2.2.2.3.2.2.2.2.2.2.2.2.1.2.2.2",0.280769259750922,FALSE,TRUE,39
"2.2.3.1.2.2.2.2.2.3.2.2.2.2.2.2.2.2.1.2.2.2",0.0910145604719386,FALSE,TRUE,39
"2.2.2.2.2.2.2.2.2.3.2.2.2.2.2.2.2.2.1.2.2.2",0.227733469287151,FALSE,TRUE,39
"2.2.2.1.3.2.2.2.2.3.2.2.2.2.2.2.2.2.1.2.2.2",0.109069206259129,FALSE,TRUE,39
"2.2.2.1.2.3.2.2.2.3.2.2.2.2.2.2.2.2.1.2.2.2",0.212345864034084,FALSE,TRUE,39
"2.2.2.1.2.2.3.2.2.3.2.2.2.2.2.2.2.2.1.2.2.2",0.333962282179051,FALSE,TRUE,39
"2.2.2.1.2.2.2.3.2.3.2.2.2.2.2.2.2.2.1.2.2.2",0.380824835950894,FALSE,TRUE,39
"2.2.2.1.2.2.2.2.3.3.2.2.2.2.2.2.2.2.1.2.2.2",0.22845443856694,FALSE,TRUE,38
"2.2.2.1.2.2.2.2.2.4.2.2.2.2.2.2.2.2.1.2.2.2",-0.0403534581332389,FALSE,TRUE,40
"2.2.2.1.2.2.2.2.2.3.3.2.2.2.2.2.2.2.1.2.2.2",0.238885687405326,FALSE,TRUE,38
"2.2.2.1.2.2.2.2.2.3.2.3.2.2.2.2.2.2.1.2.2.2",0.230725178950347,FALSE,TRUE,39
"2.2.2.1.2.2.2.2.2.3.2.2.3.2.2.2.2.2.1.2.2.2",0.305496579376013,FALSE,TRUE,39
"2.2.2.1.2.2.2.2.2.3.2.2.2.3.2.2.2.2.1.2.2.2",0.186213783113089,FALSE,TRUE,39
"2.2.2.1.2.2.2.2.2.3.2.2.2.2.3.2.2.2.1.2.2.2",0.169973010172847,FALSE,TRUE,39
"2.2.2.1.2.2.2.2.2.3.2.2.2.2.2.3.2.2.1.2.2.2",0.0480517239721342,FALSE,TRUE,39
"2.2.2.1.2.2.2.2.2.3.2.2.2.2.2.2.3.2.1.2.2.2",0.249816975876818,FALSE,TRUE,39
"2.2.2.1.2.2.2.2.2.3.2.2.2.2.2.2.2.3.1.2.2.2",0.199465645407442,FALSE,TRUE,39
"2.2.2.1.2.2.2.2.2.3.2.2.2.2.2.2.2.2.1.3.2.2",0.108376453666296,FALSE,TRUE,38
"2.2.2.1.2.2.2.2.2.3.2.2.2.2.2.2.2.2.1.2.3.2",0.0950869855324104,FALSE,TRUE,39
"2.2.2.1.2.2.2.2.2.3.2.2.2.2.2.2.2.2.1.2.2.3",0.170478071125773,FALSE,TRUE,39
"1.2.2.1.2.2.2.2.2.3.2.2.2.2.2.2.2.2.1.2.2.2",0.262501161101378,FALSE,TRUE,38
"2.1.2.1.2.2.2.2.2.3.2.2.2.2.2.2.2.2.1.2.2.2",0.252289833629008,FALSE,TRUE,38
"2.2.1.1.2.2.2.2.2.3.2.2.2.2.2.2.2.2.1.2.2.2",0.234501135704578,FALSE,TRUE,38
"2.2.2.1.1.2.2.2.2.3.2.2.2.2.2.2.2.2.1.2.2.2",0.297848019598635,FALSE,TRUE,37
"2.2.2.1.2.1.2.2.2.3.2.2.2.2.2.2.2.2.1.2.2.2",0.313726724250768,FALSE,TRUE,38
"2.2.2.1.2.2.1.2.2.3.2.2.2.2.2.2.2.2.1.2.2.2",0.12391316346508,FALSE,TRUE,38
"2.2.2.1.2.2.2.1.2.3.2.2.2.2.2.2.2.2.1.2.2.2",0.108111915904239,FALSE,TRUE,38
"2.2.2.1.2.2.2.2.1.3.2.2.2.2.2.2.2.2.1.2.2.2",0.32596240129584,FALSE,TRUE,38
"2.2.2.1.2.2.2.2.2.3.1.2.2.2.2.2.2.2.1.2.2.2",0.278461948759484,FALSE,TRUE,36
"2.2.2.1.2.2.2.2.2.3.2.1.2.2.2.2.2.2.1.2.2.2",0.217298940616928,FALSE,TRUE,37
"2.2.2.1.2.2.2.2.2.3.2.2.1.2.2.2.2.2.1.2.2.2",0.256729690129187,FALSE,TRUE,38
"2.2.2.1.2.2.2.2.2.3.2.2.2.1.2.2.2.2.1.2.2.2",0.339047529093484,FALSE,TRUE,37
"2.2.2.1.2.2.2.2.2.3.2.2.2.2.1.2.2.2.1.2.2.2",0.230720191679192,FALSE,TRUE,38
"2.2.2.1.2.2.2.2.2.3.2.2.2.2.2.1.2.2.1.2.2.2",0.365490066376072,FALSE,TRUE,38
"2.2.2.1.2.2.2.2.2.3.2.2.2.2.2.2.1.2.1.2.2.2",0.2827144947796,FALSE,TRUE,37
"2.2.2.1.2.2.2.2.2.3.2.2.2.2.2.2.2.1.1.2.2.2",0.262881315805221,FALSE,TRUE,38
"2.2.2.1.2.2.2.2.2.3.2.2.2.2.2.2.2.2.1.1.2.2",0.330239397794921,FALSE,TRUE,38
"2.2.2.1.2.2.2.2.2.3.2.2.2.2.2.2.2.2.1.2.1.2",0.354815401540968,FALSE,TRUE,38
"2.2.2.1.2.2.2.2.2.3.2.2.2.2.2.2.2.2.1.2.2.1",0.199143598159635,FALSE,TRUE,38
"3.2.2.1.2.2.2.2.2.2.2.2.2.2.2.2.2.2.1.2.2.2",0.252634725505235,FALSE,TRUE,37
"2.3.2.1.2.2.2.2.2.2.2.2.2.2.2.2.2.2.1.2.2.2",0.377774032001046,FALSE,TRUE,37
"2.2.3.1.2.2.2.2.2.2.2.2.2.2.2.2.2.2.1.2.2.2",0.337674781526303,FALSE,TRUE,37
"2.2.2.1.3.2.2.2.2.2.2.2.2.2.2.2.2.2.1.2.2.2",0.267717999212708,FALSE,TRUE,37
"2.2.2.1.2.3.2.2.2.2.2.2.2.2.2.2.2.2.1.2.2.2",0.364330583667608,FALSE,TRUE,37
"2.2.2.1.2.2.3.2.2.2.2.2.2.2.2.2.2.2.1.2.2.2",0.449764622179241,FALSE,TRUE,37
"2.2.2.1.2.2.2.3.2.2.2.2.2.2.2.2.2.2.1.2.2.2",0.37230667104938,FALSE,TRUE,37
"2.2.2.1.2.2.2.2.3.2.2.2.2.2.2.2.2.2.1.2.2.2",0.445498987519264,FALSE,TRUE,37
"2.2.2.1.2.2.2.2.2.2.2.3.2.2.2.2.2.2.1.2.2.2",0.37755918886224,FALSE,TRUE,37
"2.2.2.1.2.2.2.2.2.2.2.2.3.2.2.2.2.2.1.2.2.2",0.56840550542079,FALSE,TRUE,36
"2.2.2.1.2.2.2.2.2.2.2.2.2.3.2.2.2.2.1.2.2.2",0.400423846881746,FALSE,TRUE,37
"2.2.2.1.2.2.2.2.2.2.2.2.2.2.3.2.2.2.1.2.2.2",0.410594890214114,FALSE,TRUE,37
"2.2.2.1.2.2.2.2.2.2.2.2.2.2.2.3.2.2.1.2.2.2",0.267918689685655,FALSE,TRUE,37
"2.2.2.1.2.2.2.2.2.2.2.2.2.2.2.2.3.2.1.2.2.2",0.38108617797071,FALSE,TRUE,36
"2.2.2.1.2.2.2.2.2.2.2.2.2.2.2.2.2.3.1.2.2.2",0.235880944218487,FALSE,TRUE,37
"2.2.2.1.2.2.2.2.2.2.2.2.2.2.2.2.2.2.1.3.2.2",0.358055567836914,FALSE,TRUE,35
"2.2.2.1.2.2.2.2.2.2.2.2.2.2.2.2.2.2.1.2.3.2",0.409447276015121,FALSE,TRUE,37
"2.2.2.1.2.2.2.2.2.2.2.2.2.2.2.2.2.2.1.2.2.3",0.359997233943189,FALSE,TRUE,37
"1.2.2.1.2.2.2.2.2.2.2.2.2.2.2.2.2.2.1.2.2.2",0.401043780688046,FALSE,TRUE,36
"2.1.2.1.2.2.2.2.2.2.2.2.2.2.2.2.2.2.1.2.2.2",0.343847039149127,FALSE,TRUE,36
"2.2.1.1.2.2.2.2.2.2.2.2.2.2.2.2.2.2.1.2.2.2",0.223636185776752,FALSE,TRUE,36
"2.2.2.1.1.2.2.2.2.2.2.2.2.2.2.2.2.2.1.2.2.2",0.381723314188298,FALSE,TRUE,35
"2.2.2.1.2.1.2.2.2.2.2.2.2.2.2.2.2.2.1.2.2.2",0.354835417001658,FALSE,TRUE,36
"2.2.2.1.2.2.1.2.2.2.2.2.2.2.2.2.2.2.1.2.2.2",0.216173090384703,FALSE,TRUE,36
"2.2.2.1.2.2.2.1.2.2.2.2.2.2.2.2.2.2.1.2.2.2",0.303761005175778,FALSE,TRUE,36
"2.2.2.1.2.2.2.2.1.2.2.2.2.2.2.2.2.2.1.2.2.2",0.279096381265981,FALSE,TRUE,36
"2.2.2.1.2.2.2.2.2.2.2.1.2.2.2.2.2.2.1.2.2.2",0.30982534800661,FALSE,TRUE,36
"2.2.2.1.2.2.2.2.2.2.2.2.1.2.2.2.2.2.1.2.2.2",0.186825352886448,FALSE,TRUE,36
"2.2.2.1.2.2.2.2.2.2.2.2.2.1.2.2.2.2.1.2.2.2",0.299035112511408,FALSE,TRUE,36
"2.2.2.1.2.2.2.2.2.2.2.2.2.2.1.2.2.2.1.2.2.2",0.231813613525572,FALSE,TRUE,35
"2.2.2.1.2.2.2.2.2.2.2.2.2.2.2.1.2.2.1.2.2.2",0.381652928701367,FALSE,TRUE,36
"2.2.2.1.2.2.2.2.2.2.2.2.2.2.2.2.1.2.1.2.2.2",0.325399000707318,FALSE,TRUE,35
"2.2.2.1.2.2.2.2.2.2.2.2.2.2.2.2.2.1.1.2.2.2",0.344186155056449,FALSE,TRUE,36
"2.2.2.1.2.2.2.2.2.2.2.2.2.2.2.2.2.2.1.1.2.2",0.247872396488108,FALSE,TRUE,36
"2.2.2.1.2.2.2.2.2.2.2.2.2.2.2.2.2.2.1.2.1.2",0.2701880920177,FALSE,TRUE,36
"2.2.2.1.2.2.2.2.2.2.2.2.2.2.2.2.2.2.1.2.2.1",0.242649184346066,FALSE,TRUE,36
"3.2.2.2.2.2.2.2.2.2.1.2.2.2.2.2.2.2.3.2.2.2",0.216132170160907,FALSE,TRUE,40
"2.2.3.2.2.2.2.2.2.2.1.2.2.2.2.2.2.2.3.2.2.2",0.342687461492308,FALSE,TRUE,40
"2.2.2.3.2.2.2.2.2.2.1.2.2.2.2.2.2.2.3.2.2.2",0.226533598593339,FALSE,TRUE,40
"2.2.2.2.3.2.2.2.2.2.1.2.2.2.2.2.2.2.3.2.2.2",0.309196631479908,FALSE,TRUE,40
"2.2.2.2.2.3.2.2.2.2.1.2.2.2.2.2.2.2.3.2.2.2",0.430877607576739,FALSE,TRUE,40
"2.2.2.2.2.2.3.2.2.2.1.2.2.2.2.2.2.2.3.2.2.2",0.245167359037125,FALSE,TRUE,40
"2.2.2.2.2.2.2.3.2.2.1.2.2.2.2.2.2.2.3.2.2.2",0.273041165363973,FALSE,TRUE,40
"2.2.2.2.2.2.2.2.3.2.1.2.2.2.2.2.2.2.3.2.2.2",0.333867162370694,FALSE,TRUE,40
"2.2.2.2.2.2.2.2.2.2.1.3.2.2.2.2.2.2.3.2.2.2",0.183861950784319,FALSE,TRUE,40
"2.2.2.2.2.2.2.2.2.2.1.2.3.2.2.2.2.2.3.2.2.2",0.452494519973589,FALSE,TRUE,40
"2.2.2.2.2.2.2.2.2.2.1.2.2.3.2.2.2.2.3.2.2.2",0.333964190336772,FALSE,TRUE,38
"2.2.2.2.2.2.2.2.2.2.1.2.2.2.3.2.2.2.3.2.2.2",0.32945566323475,FALSE,TRUE,40
"2.2.2.2.2.2.2.2.2.2.1.2.2.2.2.3.2.2.3.2.2.2",0.416318486848457,FALSE,TRUE,39
"2.2.2.2.2.2.2.2.2.2.1.2.2.2.2.2.3.2.3.2.2.2",0.370956315519232,FALSE,TRUE,40
"2.2.2.2.2.2.2.2.2.2.1.2.2.2.2.2.2.3.3.2.2.2",0.278823468249647,FALSE,TRUE,40
"2.2.2.2.2.2.2.2.2.2.1.2.2.2.2.2.2.2.4.2.2.2",0.167836812635192,FALSE,TRUE,40
"2.2.2.2.2.2.2.2.2.2.1.2.2.2.2.2.2.2.3.3.2.2",0.25373614188167,FALSE,TRUE,40
"2.2.2.2.2.2.2.2.2.2.1.2.2.2.2.2.2.2.3.2.3.2",0.398095870622952,FALSE,TRUE,40
"2.2.2.2.2.2.2.2.2.2.1.2.2.2.2.2.2.2.3.2.2.3",0.277849069497282,FALSE,TRUE,40
"2.1.2.2.2.2.2.2.2.2.1.2.2.2.2.2.2.2.3.2.2.2",0.332443735253657,FALSE,TRUE,40
"2.2.1.2.2.2.2.2.2.2.1.2.2.2.2.2.2.2.3.2.2.2",0.136324764733655,FALSE,TRUE,39
"2.2.2.1.2.2.2.2.2.2.1.2.2.2.2.2.2.2.3.2.2.2",0.392585684879336,FALSE,TRUE,38
"2.2.2.2.1.2.2.2.2.2.1.2.2.2.2.2.2.2.3.2.2.2",0.349593381763938,FALSE,TRUE,38
"2.2.2.2.2.1.2.2.2.2.1.2.2.2.2.2.2.2.3.2.2.2",0.0252505811374738,FALSE,TRUE,39
"2.2.2.2.2.2.1.2.2.2.1.2.2.2.2.2.2.2.3.2.2.2",0.395299191285875,FALSE,TRUE,39
"2.2.2.2.2.2.2.1.2.2.1.2.2.2.2.2.2.2.3.2.2.2",0.390392959857261,FALSE,TRUE,37
"2.2.2.2.2.2.2.2.1.2.1.2.2.2.2.2.2.2.3.2.2.2",0.306852660337444,FALSE,TRUE,39
"2.2.2.2.2.2.2.2.2.1.1.2.2.2.2.2.2.2.3.2.2.2",0.138077272272091,FALSE,TRUE,38
"2.2.2.2.2.2.2.2.2.2.1.1.2.2.2.2.2.2.3.2.2.2",0.517403299551832,FALSE,TRUE,39
"2.2.2.2.2.2.2.2.2.2.1.2.1.2.2.2.2.2.3.2.2.2",0.11308654132432,FALSE,TRUE,39
"2.2.2.2.2.2.2.2.2.2.1.2.2.1.2.2.2.2.3.2.2.2",0.287648782986857,FALSE,TRUE,38
"2.2.2.2.2.2.2.2.2.2.1.2.2.2.1.2.2.2.3.2.2.2",0.226106830037909,FALSE,TRUE,39
"2.2.2.2.2.2.2.2.2.2.1.2.2.2.2.1.2.2.3.2.2.2",0.214652949943177,FALSE,TRUE,39
"2.2.2.2.2.2.2.2.2.2.1.2.2.2.2.2.1.2.3.2.2.2",0.224265468041159,FALSE,TRUE,38
"2.2.2.2.2.2.2.2.2.2.1.2.2.2.2.2.2.1.3.2.2.2",0.282767607361729,FALSE,TRUE,38
"2.2.2.2.2.2.2.2.2.2.1.2.2.2.2.2.2.2.3.1.2.2",0.223196452651595,FALSE,TRUE,39
"2.2.2.2.2.2.2.2.2.2.1.2.2.2.2.2.2.2.3.2.1.2",0.162451413992254,FALSE,TRUE,39
"2.2.2.2.2.2.2.2.2.2.1.2.2.2.2.2.2.2.3.2.2.1",0.35028436496667,FALSE,TRUE,36
"3.2.2.2.1.2.2.2.2.2.2.2.2.2.2.2.2.2.2.2.2.2",0.27965583576567,FALSE,TRUE,38
"2.3.2.2.1.2.2.2.2.2.2.2.2.2.2.2.2.2.2.2.2.2",0.397210819939629,FALSE,TRUE,38
"2.2.3.2.1.2.2.2.2.2.2.2.2.2.2.2.2.2.2.2.2.2",0.453415754255425,FALSE,TRUE,38
"2.2.2.3.1.2.2.2.2.2.2.2.2.2.2.2.2.2.2.2.2.2",0.280305876441313,FALSE,TRUE,38
"2.2.2.2.1.3.2.2.2.2.2.2.2.2.2.2.2.2.2.2.2.2",0.493446988931133,FALSE,TRUE,38
"2.2.2.2.1.2.3.2.2.2.2.2.2.2.2.2.2.2.2.2.2.2",0.386322821287634,FALSE,TRUE,38
"2.2.2.2.1.2.2.2.3.2.2.2.2.2.2.2.2.2.2.2.2.2",0.443420886427214,FALSE,TRUE,38
"2.2.2.2.1.2.2.2.2.3.2.2.2.2.2.2.2.2.2.2.2.2",0.27422790256381,FALSE,TRUE,35
"2.2.2.2.1.2.2.2.2.2.3.2.2.2.2.2.2.2.2.2.2.2",0.396077918044238,FALSE,TRUE,37
"2.2.2.2.1.2.2.2.2.2.2.3.2.2.2.2.2.2.2.2.2.2",0.305897060540211,FALSE,TRUE,38
"2.2.2.2.1.2.2.2.2.2.2.2.3.2.2.2.2.2.2.2.2.2",0.560460628804438,FALSE,TRUE,37
"2.2.2.2.1.2.2.2.2.2.2.2.2.3.2.2.2.2.2.2.2.2",0.440991603536189,FALSE,TRUE,39
"2.2.2.2.1.2.2.2.2.2.2.2.2.2.3.2.2.2.2.2.2.2",0.445580642504983,FALSE,TRUE,38
"2.2.2.2.1.2.2.2.2.2.2.2.2.2.2.3.2.2.2.2.2.2",0.481712375326143,FALSE,TRUE,38
"2.2.2.2.1.2.2.2.2.2.2.2.2.2.2.2.3.2.2.2.2.2",0.396020937328462,FALSE,TRUE,38
"2.2.2.2.1.2.2.2.2.2.2.2.2.2.2.2.2.3.2.2.2.2",0.424813609989959,FALSE,TRUE,38
"2.2.2.2.1.2.2.2.2.2.2.2.2.2.2.2.2.2.2.3.2.2",0.328952348898987,FALSE,TRUE,39
"2.2.2.2.1.2.2.2.2.2.2.2.2.2.2.2.2.2.2.2.3.2",0.505218206621029,FALSE,TRUE,38
"2.2.2.2.1.2.2.2.2.2.2.2.2.2.2.2.2.2.2.2.2.3",0.393741171486944,FALSE,TRUE,37
"1.2.2.2.1.2.2.2.2.2.2.2.2.2.2.2.2.2.2.2.2.2",0.488019859255654,FALSE,TRUE,36
"2.1.2.2.1.2.2.2.2.2.2.2.2.2.2.2.2.2.2.2.2.2",0.45271306285459,FALSE,TRUE,37
"2.2.1.2.1.2.2.2.2.2.2.2.2.2.2.2.2.2.2.2.2.2",0.227385145210566,FALSE,TRUE,37
"2.2.2.2.1.1.2.2.2.2.2.2.2.2.2.2.2.2.2.2.2.2",0.181527606655426,FALSE,TRUE,37
"2.2.2.2.1.2.1.2.2.2.2.2.2.2.2.2.2.2.2.2.2.2",0.421629203805682,FALSE,TRUE,36
"2.2.2.2.1.2.2.1.2.2.2.2.2.2.2.2.2.2.2.2.2.2",0.484285385557406,FALSE,TRUE,38
"2.2.2.2.1.2.2.2.1.2.2.2.2.2.2.2.2.2.2.2.2.2",0.312170085445132,FALSE,TRUE,37
"2.2.2.2.1.2.2.2.2.1.2.2.2.2.2.2.2.2.2.2.2.2",0.233089731634986,FALSE,TRUE,35
"2.2.2.2.1.2.2.2.2.2.1.2.2.2.2.2.2.2.2.2.2.2",0.467246634922074,FALSE,TRUE,36
"2.2.2.2.1.2.2.2.2.2.2.1.2.2.2.2.2.2.2.2.2.2",0.536997461163723,FALSE,TRUE,37
"2.2.2.2.1.2.2.2.2.2.2.2.1.2.2.2.2.2.2.2.2.2",0.190591532080053,FALSE,TRUE,37
"2.2.2.2.1.2.2.2.2.2.2.2.2.2.1.2.2.2.2.2.2.2",0.330741522205664,FALSE,TRUE,37
"2.2.2.2.1.2.2.2.2.2.2.2.2.2.2.1.2.2.2.2.2.2",0.3015385282388,FALSE,TRUE,37
"2.2.2.2.1.2.2.2.2.2.2.2.2.2.2.2.1.2.2.2.2.2",0.304559675650927,FALSE,TRUE,35
"2.2.2.2.1.2.2.2.2.2.2.2.2.2.2.2.2.1.2.2.2.2",0.263499030376283,FALSE,TRUE,37
"2.2.2.2.1.2.2.2.2.2.2.2.2.2.2.2.2.2.1.2.2.2",0.425707263314881,FALSE,TRUE,36
"2.2.2.2.1.2.2.2.2.2.2.2.2.2.2.2.2.2.2.2.1.2",0.209018249985596,FALSE,TRUE,37
"2.2.2.2.1.2.2.2.2.2.2.2.2.2.2.2.2.2.2.2.2.1",0.309553170372483,FALSE,TRUE,36
"3.2.2.1.2.2.2.2.2.2.1.2.2.2.2.2.2.2.1.2.2.2",0.27068325620536,FALSE,TRUE,37
"2.3.2.1.2.2.2.2.2.2.1.2.2.2.2.2.2.2.1.2.2.2",0.362863508268382,FALSE,TRUE,37
"2.2.3.1.2.2.2.2.2.2.1.2.2.2.2.2.2.2.1.2.2.2",0.326403543192825,FALSE,TRUE,37
"2.2.2.2.2.2.2.2.2.2.1.2.2.2.2.2.2.2.1.2.2.2",0.36986355183011,FALSE,TRUE,37
"2.2.2.1.3.2.2.2.2.2.1.2.2.2.2.2.2.2.1.2.2.2",0.267273997712304,FALSE,TRUE,37
"2.2.2.1.2.3.2.2.2.2.1.2.2.2.2.2.2.2.1.2.2.2",0.33252629027353,FALSE,TRUE,37
"2.2.2.1.2.2.3.2.2.2.1.2.2.2.2.2.2.2.1.2.2.2",0.444011093800103,FALSE,TRUE,37
"2.2.2.1.2.2.2.3.2.2.1.2.2.2.2.2.2.2.1.2.2.2",0.406029639864194,FALSE,TRUE,37
"2.2.2.1.2.2.2.2.3.2.1.2.2.2.2.2.2.2.1.2.2.2",0.438421171421973,FALSE,TRUE,37
"2.2.2.1.2.2.2.2.2.2.1.3.2.2.2.2.2.2.1.2.2.2",0.40500425000434,FALSE,TRUE,38
"2.2.2.1.2.2.2.2.2.2.1.2.3.2.2.2.2.2.1.2.2.2",0.507512400513727,FALSE,TRUE,37
"2.2.2.1.2.2.2.2.2.2.1.2.2.3.2.2.2.2.1.2.2.2",0.394145991602408,FALSE,TRUE,37
"2.2.2.1.2.2.2.2.2.2.1.2.2.2.3.2.2.2.1.2.2.2",0.379779663880628,FALSE,TRUE,37
"2.2.2.1.2.2.2.2.2.2.1.2.2.2.2.3.2.2.1.2.2.2",0.248896297151657,FALSE,TRUE,37
"2.2.2.1.2.2.2.2.2.2.1.2.2.2.2.2.3.2.1.2.2.2",0.383754101373524,FALSE,TRUE,37
"2.2.2.1.2.2.2.2.2.2.1.2.2.2.2.2.2.3.1.2.2.2",0.25149071118793,FALSE,TRUE,37
"2.2.2.1.2.2.2.2.2.2.1.2.2.2.2.2.2.2.1.2.3.2",0.372640992822306,FALSE,TRUE,37
"2.2.2.1.2.2.2.2.2.2.1.2.2.2.2.2.2.2.1.2.2.3",0.436610423353825,FALSE,TRUE,36
"1.2.2.1.2.2.2.2.2.2.1.2.2.2.2.2.2.2.1.2.2.2",0.395665436555068,FALSE,TRUE,36
"2.1.2.1.2.2.2.2.2.2.1.2.2.2.2.2.2.2.1.2.2.2",0.376486828253599,FALSE,TRUE,36
"2.2.1.1.2.2.2.2.2.2.1.2.2.2.2.2.2.2.1.2.2.2",0.227026565917858,FALSE,TRUE,36
"2.2.2.1.1.2.2.2.2.2.1.2.2.2.2.2.2.2.1.2.2.2",0.410283397594339,FALSE,TRUE,36
"2.2.2.1.2.1.2.2.2.2.1.2.2.2.2.2.2.2.1.2.2.2",0.39699795341111,FALSE,TRUE,36
"2.2.2.1.2.2.1.2.2.2.1.2.2.2.2.2.2.2.1.2.2.2",0.195862290878416,FALSE,TRUE,36
"2.2.2.1.2.2.2.1.2.2.1.2.2.2.2.2.2.2.1.2.2.2",0.290302718062758,FALSE,TRUE,36
"2.2.2.1.2.2.2.2.1.2.1.2.2.2.2.2.2.2.1.2.2.2",0.285131763718394,FALSE,TRUE,36
"2.2.2.1.2.2.2.2.2.1.1.2.2.2.2.2.2.2.1.2.2.2",0.223177606891617,FALSE,TRUE,35
"2.2.2.1.2.2.2.2.2.2.1.2.1.2.2.2.2.2.1.2.2.2",0.248343870490882,FALSE,TRUE,36
"2.2.2.1.2.2.2.2.2.2.1.2.2.1.2.2.2.2.1.2.2.2",0.321279360170485,FALSE,TRUE,36
"2.2.2.1.2.2.2.2.2.2.1.2.2.2.1.2.2.2.1.2.2.2",0.251586246944472,FALSE,TRUE,36
"2.2.2.1.2.2.2.2.2.2.1.2.2.2.2.1.2.2.1.2.2.2",0.41453054439302,FALSE,TRUE,36
"2.2.2.1.2.2.2.2.2.2.1.2.2.2.2.2.1.2.1.2.2.2",0.368830344542413,FALSE,TRUE,36
"2.2.2.1.2.2.2.2.2.2.1.2.2.2.2.2.2.1.1.2.2.2",0.357147510617824,FALSE,TRUE,36
"2.2.2.1.2.2.2.2.2.2.1.2.2.2.2.2.2.2.1.1.2.2",0.207974278663288,FALSE,TRUE,37
"2.2.2.1.2.2.2.2.2.2.1.2.2.2.2.2.2.2.1.2.1.2",0.331898141369935,FALSE,TRUE,36
"2.2.2.1.2.2.2.2.2.2.1.2.2.2.2.2.2.2.1.2.2.1",0.207671633883653,FALSE,TRUE,36
"3.2.2.2.2.2.2.2.2.2.2.2.2.2.2.2.1.2.2.2.2.2",-0.00774981197694466,FALSE,TRUE,39
"2.3.2.2.2.2.2.2.2.2.2.2.2.2.2.2.1.2.2.2.2.2",0.109144549834107,FALSE,TRUE,39
"2.2.3.2.2.2.2.2.2.2.2.2.2.2.2.2.1.2.2.2.2.2",0.329811757501349,FALSE,TRUE,39
"2.2.2.3.2.2.2.2.2.2.2.2.2.2.2.2.1.2.2.2.2.2",0.09236625489576,FALSE,TRUE,39
"2.2.2.2.3.2.2.2.2.2.2.2.2.2.2.2.1.2.2.2.2.2",0.0589546211505145,FALSE,TRUE,38
"2.2.2.2.2.3.2.2.2.2.2.2.2.2.2.2.1.2.2.2.2.2",0.409591698568111,FALSE,TRUE,39
"2.2.2.2.2.2.3.2.2.2.2.2.2.2.2.2.1.2.2.2.2.2",0.108636586361881,FALSE,TRUE,39
"2.2.2.2.2.2.2.3.2.2.2.2.2.2.2.2.1.2.2.2.2.2",0.0845494319268984,FALSE,TRUE,38
"2.2.2.2.2.2.2.2.3.2.2.2.2.2.2.2.1.2.2.2.2.2",0.259224028487229,FALSE,TRUE,39
"2.2.2.2.2.2.2.2.2.2.2.3.2.2.2.2.1.2.2.2.2.2",0.141202363322771,FALSE,TRUE,39
"2.2.2.2.2.2.2.2.2.2.2.2.3.2.2.2.1.2.2.2.2.2",0.438718856389206,FALSE,TRUE,38
"2.2.2.2.2.2.2.2.2.2.2.2.2.3.2.2.1.2.2.2.2.2",0.2674532951993,FALSE,TRUE,39
"2.2.2.2.2.2.2.2.2.2.2.2.2.2.3.2.1.2.2.2.2.2",0.120209035874997,FALSE,TRUE,39
"2.2.2.2.2.2.2.2.2.2.2.2.2.2.2.3.1.2.2.2.2.2",0.410943172415091,FALSE,TRUE,39
"2.2.2.2.2.2.2.2.2.2.2.2.2.2.2.2.1.3.2.2.2.2",0.124436349686858,FALSE,TRUE,39
"2.2.2.2.2.2.2.2.2.2.2.2.2.2.2.2.1.2.2.3.2.2",0.196913140002805,FALSE,TRUE,39
"2.2.2.2.2.2.2.2.2.2.2.2.2.2.2.2.1.2.2.2.3.2",0.372474725467919,FALSE,TRUE,38
"2.2.2.2.2.2.2.2.2.2.2.2.2.2.2.2.1.2.2.2.2.3",0.220357993962353,FALSE,TRUE,38
"1.2.2.2.2.2.2.2.2.2.2.2.2.2.2.2.1.2.2.2.2.2",0.390642074386193,FALSE,TRUE,37
"2.1.2.2.2.2.2.2.2.2.2.2.2.2.2.2.1.2.2.2.2.2",0.276228685355007,FALSE,TRUE,38
"2.2.1.2.2.2.2.2.2.2.2.2.2.2.2.2.1.2.2.2.2.2",-0.0293617215827414,FALSE,TRUE,38
"2.2.2.2.2.1.2.2.2.2.2.2.2.2.2.2.1.2.2.2.2.2",-0.0717588436403196,FALSE,TRUE,38
"2.2.2.2.2.2.1.2.2.2.2.2.2.2.2.2.1.2.2.2.2.2",0.259414440986363,FALSE,TRUE,37
"2.2.2.2.2.2.2.1.2.2.2.2.2.2.2.2.1.2.2.2.2.2",0.26742961127416,FALSE,TRUE,38
"2.2.2.2.2.2.2.2.1.2.2.2.2.2.2.2.1.2.2.2.2.2",0.144343487912665,FALSE,TRUE,38
"2.2.2.2.2.2.2.2.2.1.2.2.2.2.2.2.1.2.2.2.2.2",0.130364862258532,FALSE,TRUE,37
"2.2.2.2.2.2.2.2.2.2.1.2.2.2.2.2.1.2.2.2.2.2",0.194477675516507,FALSE,TRUE,38
"2.2.2.2.2.2.2.2.2.2.2.1.2.2.2.2.1.2.2.2.2.2",0.294689213419885,FALSE,TRUE,38
"2.2.2.2.2.2.2.2.2.2.2.2.1.2.2.2.1.2.2.2.2.2",-0.0745813867956015,FALSE,TRUE,38
"2.2.2.2.2.2.2.2.2.2.2.2.2.1.2.2.1.2.2.2.2.2",0.104389569736539,FALSE,TRUE,37
"2.2.2.2.2.2.2.2.2.2.2.2.2.2.1.2.1.2.2.2.2.2",0.144867727725139,FALSE,TRUE,38
"2.2.2.2.2.2.2.2.2.2.2.2.2.2.2.1.1.2.2.2.2.2",-0.000674774119160971,FALSE,TRUE,38
"2.2.2.2.2.2.2.2.2.2.2.2.2.2.2.2.1.1.2.2.2.2",0.182067901486728,FALSE,TRUE,38
"2.2.2.2.2.2.2.2.2.2.2.2.2.2.2.2.1.2.1.2.2.2",0.178543918952919,FALSE,TRUE,37
"2.2.2.2.2.2.2.2.2.2.2.2.2.2.2.2.1.2.2.1.2.2",0.10945581375884,FALSE,TRUE,37
"2.2.2.2.2.2.2.2.2.2.2.2.2.2.2.2.1.2.2.2.1.2",-0.0132061245165067,FALSE,TRUE,38
"2.2.2.2.2.2.2.2.2.2.2.2.2.2.2.2.1.2.2.2.2.1",0.140711554717865,FALSE,TRUE,37
"3.2.2.2.1.2.2.2.2.2.2.2.2.1.2.2.2.2.2.2.2.2",0.166450462057403,FALSE,TRUE,39
"2.3.2.2.1.2.2.2.2.2.2.2.2.1.2.2.2.2.2.2.2.2",0.314712225644874,FALSE,TRUE,39
"2.2.3.2.1.2.2.2.2.2.2.2.2.1.2.2.2.2.2.2.2.2",0.471650613083715,FALSE,TRUE,39
"2.2.2.3.1.2.2.2.2.2.2.2.2.1.2.2.2.2.2.2.2.2",0.185320390282896,FALSE,TRUE,39
"2.2.2.2.1.3.2.2.2.2.2.2.2.1.2.2.2.2.2.2.2.2",0.393421063024878,FALSE,TRUE,39
"2.2.2.2.1.2.3.2.2.2.2.2.2.1.2.2.2.2.2.2.2.2",0.32291995148635,FALSE,TRUE,39
"2.2.2.2.1.2.2.3.2.2.2.2.2.1.2.2.2.2.2.2.2.2",0.23884208674235,FALSE,TRUE,39
"2.2.2.2.1.2.2.2.2.3.2.2.2.1.2.2.2.2.2.2.2.2",0.337138181750974,FALSE,TRUE,37
"2.2.2.2.1.2.2.2.2.2.3.2.2.1.2.2.2.2.2.2.2.2",0.301870613430734,FALSE,TRUE,39
"2.2.2.2.1.2.2.2.2.2.2.3.2.1.2.2.2.2.2.2.2.2",0.231386529196512,FALSE,TRUE,39
"2.2.2.2.1.2.2.2.2.2.2.2.3.1.2.2.2.2.2.2.2.2",0.529652071987954,FALSE,TRUE,39
"2.2.2.2.1.2.2.2.2.2.2.2.2.1.3.2.2.2.2.2.2.2",0.386461764651509,FALSE,TRUE,39
"2.2.2.2.1.2.2.2.2.2.2.2.2.1.2.3.2.2.2.2.2.2",0.450917840532349,FALSE,TRUE,39
"2.2.2.2.1.2.2.2.2.2.2.2.2.1.2.2.3.2.2.2.2.2",0.342339252705518,FALSE,TRUE,39
"2.2.2.2.1.2.2.2.2.2.2.2.2.1.2.2.2.3.2.2.2.2",0.284031119780152,FALSE,TRUE,39
"2.2.2.2.1.2.2.2.2.2.2.2.2.1.2.2.2.2.3.2.2.2",0.251163572767842,FALSE,TRUE,37
"2.2.2.2.1.2.2.2.2.2.2.2.2.1.2.2.2.2.2.3.2.2",0.331076160126657,FALSE,TRUE,39
"2.2.2.2.1.2.2.2.2.2.2.2.2.1.2.2.2.2.2.2.3.2",0.486890942064984,FALSE,TRUE,39
"2.2.2.2.1.2.2.2.2.2.2.2.2.1.2.2.2.2.2.2.2.3",0.341478120827723,FALSE,TRUE,39
"1.2.2.2.1.2.2.2.2.2.2.2.2.1.2.2.2.2.2.2.2.2",0.428094162039308,FALSE,TRUE,36
"2.1.2.2.1.2.2.2.2.2.2.2.2.1.2.2.2.2.2.2.2.2",0.365045356094636,FALSE,TRUE,38
"2.2.1.2.1.2.2.2.2.2.2.2.2.1.2.2.2.2.2.2.2.2",0.101580517029458,FALSE,TRUE,38
"2.2.2.1.1.2.2.2.2.2.2.2.2.1.2.2.2.2.2.2.2.2",0.352970224351519,FALSE,TRUE,36
"2.2.2.2.1.1.2.2.2.2.2.2.2.1.2.2.2.2.2.2.2.2",0.117729688591696,FALSE,TRUE,38
"2.2.2.2.1.2.1.2.2.2.2.2.2.1.2.2.2.2.2.2.2.2",0.36287899994979,FALSE,TRUE,38
"2.2.2.2.1.2.2.1.2.2.2.2.2.1.2.2.2.2.2.2.2.2",0.436608919454108,FALSE,TRUE,38
"2.2.2.2.1.2.2.2.1.2.2.2.2.1.2.2.2.2.2.2.2.2",0.202474239993956,FALSE,TRUE,39
"2.2.2.2.1.2.2.2.2.1.2.2.2.1.2.2.2.2.2.2.2.2",0.135148447354845,FALSE,TRUE,38
"2.2.2.2.1.2.2.2.2.2.1.2.2.1.2.2.2.2.2.2.2.2",0.384620302938763,FALSE,TRUE,38
"2.2.2.2.1.2.2.2.2.2.2.1.2.1.2.2.2.2.2.2.2.2",0.426599335868575,FALSE,TRUE,38
"2.2.2.2.1.2.2.2.2.2.2.2.1.1.2.2.2.2.2.2.2.2",0.0728705093924808,FALSE,TRUE,38
"2.2.2.2.1.2.2.2.2.2.2.2.2.1.1.2.2.2.2.2.2.2",0.240760253342277,FALSE,TRUE,38
"2.2.2.2.1.2.2.2.2.2.2.2.2.1.2.1.2.2.2.2.2.2",0.164007996603399,FALSE,TRUE,38
"2.2.2.2.1.2.2.2.2.2.2.2.2.1.2.2.1.2.2.2.2.2",0.19529489125135,FALSE,TRUE,37
"2.2.2.2.1.2.2.2.2.2.2.2.2.1.2.2.2.1.2.2.2.2",0.237259694394518,FALSE,TRUE,38
"2.2.2.2.1.2.2.2.2.2.2.2.2.1.2.2.2.2.1.2.2.2",0.296385198690921,FALSE,TRUE,38
"2.2.2.2.1.2.2.2.2.2.2.2.2.1.2.2.2.2.2.1.2.2",0.250389349773171,FALSE,TRUE,38
"2.2.2.2.1.2.2.2.2.2.2.2.2.1.2.2.2.2.2.2.1.2",0.056858398553138,FALSE,TRUE,38
"2.2.2.2.1.2.2.2.2.2.2.2.2.1.2.2.2.2.2.2.2.1",0.183271573283648,FALSE,TRUE,38
"3.3.2.2.2.2.2.2.2.2.1.2.2.2.2.2.2.2.3.2.2.2",0.259297191950773,FALSE,TRUE,40
"2.4.2.2.2.2.2.2.2.2.1.2.2.2.2.2.2.2.3.2.2.2",0.270768389352606,FALSE,TRUE,41
"2.3.3.2.2.2.2.2.2.2.1.2.2.2.2.2.2.2.3.2.2.2",0.222045001429169,FALSE,TRUE,40
"2.3.2.3.2.2.2.2.2.2.1.2.2.2.2.2.2.2.3.2.2.2",0.320953986736529,FALSE,TRUE,40
"2.3.2.2.3.2.2.2.2.2.1.2.2.2.2.2.2.2.3.2.2.2",0.30023056330839,FALSE,TRUE,40
"2.3.2.2.2.3.2.2.2.2.1.2.2.2.2.2.2.2.3.2.2.2",0.443772163058808,FALSE,TRUE,40
"2.3.2.2.2.2.3.2.2.2.1.2.2.2.2.2.2.2.3.2.2.2",0.130528908996485,FALSE,TRUE,40
"2.3.2.2.2.2.2.3.2.2.1.2.2.2.2.2.2.2.3.2.2.2",0.201858604196971,FALSE,TRUE,40
"2.3.2.2.2.2.2.2.3.2.1.2.2.2.2.2.2.2.3.2.2.2",0.310611453715266,FALSE,TRUE,40
"2.3.2.2.2.2.2.2.2.3.1.2.2.2.2.2.2.2.3.2.2.2",0.267984788016051,FALSE,TRUE,38
"2.3.2.2.2.2.2.2.2.2.1.3.2.2.2.2.2.2.3.2.2.2",0.183599499932426,FALSE,TRUE,40
"2.3.2.2.2.2.2.2.2.2.1.2.3.2.2.2.2.2.3.2.2.2",0.483877510384301,FALSE,TRUE,40
"2.3.2.2.2.2.2.2.2.2.1.2.2.3.2.2.2.2.3.2.2.2",0.36094018459171,FALSE,TRUE,40
"2.3.2.2.2.2.2.2.2.2.1.2.2.2.3.2.2.2.3.2.2.2",0.240943437110698,FALSE,TRUE,41
"2.3.2.2.2.2.2.2.2.2.1.2.2.2.2.3.2.2.3.2.2.2",0.390401231170076,FALSE,TRUE,40
"2.3.2.2.2.2.2.2.2.2.1.2.2.2.2.2.3.2.3.2.2.2",0.480481555011246,FALSE,TRUE,40
"2.3.2.2.2.2.2.2.2.2.1.2.2.2.2.2.2.3.3.2.2.2",0.221799811843404,FALSE,TRUE,40
"2.3.2.2.2.2.2.2.2.2.1.2.2.2.2.2.2.2.4.2.2.2",0.182619913034345,FALSE,TRUE,40
"2.3.2.2.2.2.2.2.2.2.1.2.2.2.2.2.2.2.3.3.2.2",0.24933844084967,FALSE,TRUE,40
"2.3.2.2.2.2.2.2.2.2.1.2.2.2.2.2.2.2.3.2.3.2",0.400457819459919,FALSE,TRUE,40
"2.3.2.2.2.2.2.2.2.2.1.2.2.2.2.2.2.2.3.2.2.3",0.147701412077742,FALSE,TRUE,40
"1.3.2.2.2.2.2.2.2.2.1.2.2.2.2.2.2.2.3.2.2.2",0.286679591716892,FALSE,TRUE,38
"2.3.1.2.2.2.2.2.2.2.1.2.2.2.2.2.2.2.3.2.2.2",0.192625815564828,FALSE,TRUE,39
"2.3.2.1.2.2.2.2.2.2.1.2.2.2.2.2.2.2.3.2.2.2",0.314811391236392,FALSE,TRUE,39
"2.3.2.2.1.2.2.2.2.2.1.2.2.2.2.2.2.2.3.2.2.2",0.280883378886083,FALSE,TRUE,39
"2.3.2.2.2.1.2.2.2.2.1.2.2.2.2.2.2.2.3.2.2.2",-0.025482561067823,FALSE,TRUE,39
"2.3.2.2.2.2.1.2.2.2.1.2.2.2.2.2.2.2.3.2.2.2",0.470649246055865,FALSE,TRUE,38
"2.3.2.2.2.2.2.1.2.2.1.2.2.2.2.2.2.2.3.2.2.2",0.425890579620262,FALSE,TRUE,39
"2.3.2.2.2.2.2.2.1.2.1.2.2.2.2.2.2.2.3.2.2.2",0.293829505563614,FALSE,TRUE,39
"2.3.2.2.2.2.2.2.2.1.1.2.2.2.2.2.2.2.3.2.2.2",0.129970730283098,FALSE,TRUE,39
"2.3.2.2.2.2.2.2.2.2.1.1.2.2.2.2.2.2.3.2.2.2",0.451056970991666,FALSE,TRUE,39
"2.3.2.2.2.2.2.2.2.2.1.2.1.2.2.2.2.2.3.2.2.2",0.0476832564882151,FALSE,TRUE,39
"2.3.2.2.2.2.2.2.2.2.1.2.2.1.2.2.2.2.3.2.2.2",0.245774116475338,FALSE,TRUE,39
"2.3.2.2.2.2.2.2.2.2.1.2.2.2.2.1.2.2.3.2.2.2",0.189459824259545,FALSE,TRUE,39
"2.3.2.2.2.2.2.2.2.2.1.2.2.2.2.2.1.2.3.2.2.2",0.103021987335775,FALSE,TRUE,39
"2.3.2.2.2.2.2.2.2.2.1.2.2.2.2.2.2.1.3.2.2.2",0.307004835092079,FALSE,TRUE,39
"2.3.2.2.2.2.2.2.2.2.1.2.2.2.2.2.2.2.2.2.2.2",0.377462141788337,FALSE,TRUE,39
"2.3.2.2.2.2.2.2.2.2.1.2.2.2.2.2.2.2.3.1.2.2",0.205805830495977,FALSE,TRUE,39
"2.3.2.2.2.2.2.2.2.2.1.2.2.2.2.2.2.2.3.2.1.2",0.143978311883409,FALSE,TRUE,39
"2.3.2.2.2.2.2.2.2.2.1.2.2.2.2.2.2.2.3.2.2.1",0.431744949146556,FALSE,TRUE,37
"3.2.2.1.2.2.2.2.2.2.2.2.2.2.2.2.2.2.2.2.2.3",0.158988225869109,FALSE,TRUE,41
"2.3.2.1.2.2.2.2.2.2.2.2.2.2.2.2.2.2.2.2.2.3",0.187761052969519,FALSE,TRUE,41
"2.2.3.1.2.2.2.2.2.2.2.2.2.2.2.2.2.2.2.2.2.3",0.163884947763761,FALSE,TRUE,41
"2.2.2.1.3.2.2.2.2.2.2.2.2.2.2.2.2.2.2.2.2.3",0.122808969033618,FALSE,TRUE,41
"2.2.2.1.2.3.2.2.2.2.2.2.2.2.2.2.2.2.2.2.2.3",0.333443201919456,FALSE,TRUE,41
"2.2.2.1.2.2.3.2.2.2.2.2.2.2.2.2.2.2.2.2.2.3",0.370464219747708,FALSE,TRUE,41
"2.2.2.1.2.2.2.3.2.2.2.2.2.2.2.2.2.2.2.2.2.3",0.336654393641357,FALSE,TRUE,41
"2.2.2.1.2.2.2.2.3.2.2.2.2.2.2.2.2.2.2.2.2.3",0.38518994630396,FALSE,TRUE,41
"2.2.2.1.2.2.2.2.2.2.3.2.2.2.2.2.2.2.2.2.2.3",0.226959867562236,FALSE,TRUE,40
"2.2.2.1.2.2.2.2.2.2.2.3.2.2.2.2.2.2.2.2.2.3",0.177554251072666,FALSE,TRUE,41
"2.2.2.1.2.2.2.2.2.2.2.2.3.2.2.2.2.2.2.2.2.3",0.479918487087149,FALSE,TRUE,40
"2.2.2.1.2.2.2.2.2.2.2.2.2.3.2.2.2.2.2.2.2.3",0.173677583416238,FALSE,TRUE,41
"2.2.2.1.2.2.2.2.2.2.2.2.2.2.3.2.2.2.2.2.2.3",0.298909108483271,FALSE,TRUE,41
"2.2.2.1.2.2.2.2.2.2.2.2.2.2.2.3.2.2.2.2.2.3",0.16436346147329,FALSE,TRUE,41
"2.2.2.1.2.2.2.2.2.2.2.2.2.2.2.2.3.2.2.2.2.3",0.241429714701551,FALSE,TRUE,41
"2.2.2.1.2.2.2.2.2.2.2.2.2.2.2.2.2.3.2.2.2.3",0.242421968261477,FALSE,TRUE,41
"2.2.2.1.2.2.2.2.2.2.2.2.2.2.2.2.2.2.3.2.2.3",0.168728038361531,FALSE,TRUE,40
"2.2.2.1.2.2.2.2.2.2.2.2.2.2.2.2.2.2.2.3.2.3",0.218666124832628,FALSE,TRUE,41
"2.2.2.1.2.2.2.2.2.2.2.2.2.2.2.2.2.2.2.2.3.3",0.0672198816998011,FALSE,TRUE,41
"2.2.2.1.2.2.2.2.2.2.2.2.2.2.2.2.2.2.2.2.2.4",-0.0400651861151986,FALSE,TRUE,42
"1.2.2.1.2.2.2.2.2.2.2.2.2.2.2.2.2.2.2.2.2.3",0.256680178719208,FALSE,TRUE,40
"2.1.2.1.2.2.2.2.2.2.2.2.2.2.2.2.2.2.2.2.2.3",0.286496555874007,FALSE,TRUE,40
"2.2.1.1.2.2.2.2.2.2.2.2.2.2.2.2.2.2.2.2.2.3",0.244134625256771,FALSE,TRUE,40
"2.2.2.1.1.2.2.2.2.2.2.2.2.2.2.2.2.2.2.2.2.3",0.293643133591184,FALSE,TRUE,39
"2.2.2.1.2.1.2.2.2.2.2.2.2.2.2.2.2.2.2.2.2.3",0.115006754838287,FALSE,TRUE,40
"2.2.2.1.2.2.1.2.2.2.2.2.2.2.2.2.2.2.2.2.2.3",0.163953525796024,FALSE,TRUE,40
"2.2.2.1.2.2.2.1.2.2.2.2.2.2.2.2.2.2.2.2.2.3",0.0802307978255061,FALSE,TRUE,40
"2.2.2.1.2.2.2.2.1.2.2.2.2.2.2.2.2.2.2.2.2.3",0.130686970706612,FALSE,TRUE,40
"2.2.2.1.2.2.2.2.2.2.1.2.2.2.2.2.2.2.2.2.2.3",0.320964122223307,FALSE,TRUE,39
"2.2.2.1.2.2.2.2.2.2.2.1.2.2.2.2.2.2.2.2.2.3",0.324923096807769,FALSE,TRUE,40
"2.2.2.1.2.2.2.2.2.2.2.2.1.2.2.2.2.2.2.2.2.3",0.0868714950325515,FALSE,TRUE,40
"2.2.2.1.2.2.2.2.2.2.2.2.2.1.2.2.2.2.2.2.2.3",0.267598409421159,FALSE,TRUE,39
"2.2.2.1.2.2.2.2.2.2.2.2.2.2.1.2.2.2.2.2.2.3",0.147333496024907,FALSE,TRUE,40
"2.2.2.1.2.2.2.2.2.2.2.2.2.2.2.1.2.2.2.2.2.3",0.267298609036466,FALSE,TRUE,40
"2.2.2.1.2.2.2.2.2.2.2.2.2.2.2.2.1.2.2.2.2.3",0.212211315630911,FALSE,TRUE,39
"2.2.2.1.2.2.2.2.2.2.2.2.2.2.2.2.2.1.2.2.2.3",0.0826442662794656,FALSE,TRUE,40
"2.2.2.1.2.2.2.2.2.2.2.2.2.2.2.2.2.2.2.1.2.3",0.164911205227138,FALSE,TRUE,40
"2.2.2.1.2.2.2.2.2.2.2.2.2.2.2.2.2.2.2.2.1.3",0.319607475442943,FALSE,TRUE,40
"3.2.2.2.1.2.2.3.2.2.2.2.2.2.2.2.2.2.2.2.2.2",0.203618594940824,FALSE,TRUE,41
"2.3.2.2.1.2.2.3.2.2.2.2.2.2.2.2.2.2.2.2.2.2",0.265757086629794,FALSE,TRUE,41
"2.2.3.2.1.2.2.3.2.2.2.2.2.2.2.2.2.2.2.2.2.2",0.393807202675562,FALSE,TRUE,41
"2.2.2.3.1.2.2.3.2.2.2.2.2.2.2.2.2.2.2.2.2.2",0.188599668669959,FALSE,TRUE,41
"2.2.2.2.1.3.2.3.2.2.2.2.2.2.2.2.2.2.2.2.2.2",0.401120616148328,FALSE,TRUE,41
"2.2.2.2.1.2.3.3.2.2.2.2.2.2.2.2.2.2.2.2.2.2",0.24808413235764,FALSE,TRUE,41
"2.2.2.2.1.2.2.4.2.2.2.2.2.2.2.2.2.2.2.2.2.2",0.197609865608457,FALSE,TRUE,42
"2.2.2.2.1.2.2.3.3.2.2.2.2.2.2.2.2.2.2.2.2.2",0.323561379499029,FALSE,TRUE,40
"2.2.2.2.1.2.2.3.2.3.2.2.2.2.2.2.2.2.2.2.2.2",0.238022525955408,FALSE,TRUE,41
"2.2.2.2.1.2.2.3.2.2.3.2.2.2.2.2.2.2.2.2.2.2",0.339121362436313,FALSE,TRUE,41
"2.2.2.2.1.2.2.3.2.2.2.3.2.2.2.2.2.2.2.2.2.2",0.292653908298694,FALSE,TRUE,41
"2.2.2.2.1.2.2.3.2.2.2.2.3.2.2.2.2.2.2.2.2.2",0.440634123938026,FALSE,TRUE,41
"2.2.2.2.1.2.2.3.2.2.2.2.2.3.2.2.2.2.2.2.2.2",0.392633281114462,FALSE,TRUE,41
"2.2.2.2.1.2.2.3.2.2.2.2.2.2.3.2.2.2.2.2.2.2",0.300221057151579,FALSE,TRUE,41
"2.2.2.2.1.2.2.3.2.2.2.2.2.2.2.3.2.2.2.2.2.2",0.438837549695931,FALSE,TRUE,41
"2.2.2.2.1.2.2.3.2.2.2.2.2.2.2.2.3.2.2.2.2.2",0.329864428912419,FALSE,TRUE,41
"2.2.2.2.1.2.2.3.2.2.2.2.2.2.2.2.2.3.2.2.2.2",0.299062829113556,FALSE,TRUE,41
"2.2.2.2.1.2.2.3.2.2.2.2.2.2.2.2.2.2.3.2.2.2",0.332365697311253,FALSE,TRUE,40
"2.2.2.2.1.2.2.3.2.2.2.2.2.2.2.2.2.2.2.3.2.2",0.262161215430822,FALSE,TRUE,41
"2.2.2.2.1.2.2.3.2.2.2.2.2.2.2.2.2.2.2.2.3.2",0.495165359549082,FALSE,TRUE,41
"2.2.2.2.1.2.2.3.2.2.2.2.2.2.2.2.2.2.2.2.2.3",0.354417647529744,FALSE,TRUE,41
"1.2.2.2.1.2.2.3.2.2.2.2.2.2.2.2.2.2.2.2.2.2",0.389714057004418,FALSE,TRUE,40
"2.1.2.2.1.2.2.3.2.2.2.2.2.2.2.2.2.2.2.2.2.2",0.386246251864766,FALSE,TRUE,40
"2.2.1.2.1.2.2.3.2.2.2.2.2.2.2.2.2.2.2.2.2.2",0.142401562812111,FALSE,TRUE,40
"2.2.2.1.1.2.2.3.2.2.2.2.2.2.2.2.2.2.2.2.2.2",0.328342566948887,FALSE,TRUE,39
"2.2.2.2.1.1.2.3.2.2.2.2.2.2.2.2.2.2.2.2.2.2",0.155189826026444,FALSE,TRUE,40
"2.2.2.2.1.2.1.3.2.2.2.2.2.2.2.2.2.2.2.2.2.2",0.371993073464706,FALSE,TRUE,40
"2.2.2.2.1.2.2.3.1.2.2.2.2.2.2.2.2.2.2.2.2.2",0.192344167345647,FALSE,TRUE,40
"2.2.2.2.1.2.2.3.2.1.2.2.2.2.2.2.2.2.2.2.2.2",0.139028881796935,FALSE,TRUE,40
"2.2.2.2.1.2.2.3.2.2.1.2.2.2.2.2.2.2.2.2.2.2",0.32263894407337,FALSE,TRUE,40
"2.2.2.2.1.2.2.3.2.2.2.1.2.2.2.2.2.2.2.2.2.2",0.371166018692456,FALSE,TRUE,40
"2.2.2.2.1.2.2.3.2.2.2.2.1.2.2.2.2.2.2.2.2.2",0.113027021365682,FALSE,TRUE,40
"2.2.2.2.1.2.2.3.2.2.2.2.2.2.1.2.2.2.2.2.2.2",0.30404438913615,FALSE,TRUE,40
"2.2.2.2.1.2.2.3.2.2.2.2.2.2.2.1.2.2.2.2.2.2",0.157966472727438,FALSE,TRUE,40
"2.2.2.2.1.2.2.3.2.2.2.2.2.2.2.2.1.2.2.2.2.2",0.140991109260276,FALSE,TRUE,39
"2.2.2.2.1.2.2.3.2.2.2.2.2.2.2.2.2.1.2.2.2.2",0.203178765619725,FALSE,TRUE,40
"2.2.2.2.1.2.2.3.2.2.2.2.2.2.2.2.2.2.1.2.2.2",0.242134666856204,FALSE,TRUE,40
"2.2.2.2.1.2.2.3.2.2.2.2.2.2.2.2.2.2.2.1.2.2",0.25162559286728,FALSE,TRUE,40
"2.2.2.2.1.2.2.3.2.2.2.2.2.2.2.2.2.2.2.2.1.2",0.0899500585433474,FALSE,TRUE,40
"2.2.2.2.1.2.2.3.2.2.2.2.2.2.2.2.2.2.2.2.2.1",0.121102785085336,FALSE,TRUE,40
"3.2.2.2.2.2.2.2.2.2.2.2.2.2.2.2.2.2.3.2.2.1",0.108966478842569,FALSE,TRUE,40
"2.3.2.2.2.2.2.2.2.2.2.2.2.2.2.2.2.2.3.2.2.1",0.387363441479956,FALSE,TRUE,39
"2.2.3.2.2.2.2.2.2.2.2.2.2.2.2.2.2.2.3.2.2.1",0.410326658258589,FALSE,TRUE,40
"2.2.2.3.2.2.2.2.2.2.2.2.2.2.2.2.2.2.3.2.2.1",0.0488717864962073,FALSE,TRUE,40
"2.2.2.2.3.2.2.2.2.2.2.2.2.2.2.2.2.2.3.2.2.1",0.293171724308645,FALSE,TRUE,40
"2.2.2.2.2.3.2.2.2.2.2.2.2.2.2.2.2.2.3.2.2.1",0.283533794654129,FALSE,TRUE,40
"2.2.2.2.2.2.3.2.2.2.2.2.2.2.2.2.2.2.3.2.2.1",0.0920190628572356,FALSE,TRUE,40
"2.2.2.2.2.2.2.3.2.2.2.2.2.2.2.2.2.2.3.2.2.1",0.139810298488593,FALSE,TRUE,40
"2.2.2.2.2.2.2.2.3.2.2.2.2.2.2.2.2.2.3.2.2.1",0.0928291881658048,FALSE,TRUE,40
"2.2.2.2.2.2.2.2.2.2.3.2.2.2.2.2.2.2.3.2.2.1",0.179911041756199,FALSE,TRUE,39
"2.2.2.2.2.2.2.2.2.2.2.3.2.2.2.2.2.2.3.2.2.1",0.0974152186636905,FALSE,TRUE,40
"2.2.2.2.2.2.2.2.2.2.2.2.3.2.2.2.2.2.3.2.2.1",0.302017727297413,FALSE,TRUE,40
"2.2.2.2.2.2.2.2.2.2.2.2.2.3.2.2.2.2.3.2.2.1",0.347501457416065,FALSE,TRUE,39
"2.2.2.2.2.2.2.2.2.2.2.2.2.2.3.2.2.2.3.2.2.1",0.23888974695604,FALSE,TRUE,40
"2.2.2.2.2.2.2.2.2.2.2.2.2.2.2.3.2.2.3.2.2.1",0.440842344054322,FALSE,TRUE,39
"2.2.2.2.2.2.2.2.2.2.2.2.2.2.2.2.3.2.3.2.2.1",0.352995243524265,FALSE,TRUE,40
"2.2.2.2.2.2.2.2.2.2.2.2.2.2.2.2.2.3.3.2.2.1",0.0377805708594461,FALSE,TRUE,40
"2.2.2.2.2.2.2.2.2.2.2.2.2.2.2.2.2.2.4.2.2.1",0.0804233936187481,FALSE,TRUE,40
"2.2.2.2.2.2.2.2.2.2.2.2.2.2.2.2.2.2.3.3.2.1",0.153717376190538,FALSE,TRUE,40
"2.2.2.2.2.2.2.2.2.2.2.2.2.2.2.2.2.2.3.2.3.1",0.438504414416169,FALSE,TRUE,40
"2.1.2.2.2.2.2.2.2.2.2.2.2.2.2.2.2.2.3.2.2.1",0.184878913361776,FALSE,TRUE,39
"2.2.1.2.2.2.2.2.2.2.2.2.2.2.2.2.2.2.3.2.2.1",-0.0356801286945932,FALSE,TRUE,39
"2.2.2.1.2.2.2.2.2.2.2.2.2.2.2.2.2.2.3.2.2.1",0.406662916845795,FALSE,TRUE,38
"2.2.2.2.1.2.2.2.2.2.2.2.2.2.2.2.2.2.3.2.2.1",0.268507745563545,FALSE,TRUE,38
"2.2.2.2.2.1.2.2.2.2.2.2.2.2.2.2.2.2.3.2.2.1",0.0949031024610167,FALSE,TRUE,39
"2.2.2.2.2.2.1.2.2.2.2.2.2.2.2.2.2.2.3.2.2.1",0.404102814008911,FALSE,TRUE,39
"2.2.2.2.2.2.2.1.2.2.2.2.2.2.2.2.2.2.3.2.2.1",0.425964527603668,FALSE,TRUE,38
"2.2.2.2.2.2.2.2.1.2.2.2.2.2.2.2.2.2.3.2.2.1",0.425789625483863,FALSE,TRUE,39
"2.2.2.2.2.2.2.2.2.1.2.2.2.2.2.2.2.2.3.2.2.1",-0.013730244613881,FALSE,TRUE,39
"2.2.2.2.2.2.2.2.2.2.2.1.2.2.2.2.2.2.3.2.2.1",0.448512404452826,FALSE,TRUE,39
"2.2.2.2.2.2.2.2.2.2.2.2.1.2.2.2.2.2.3.2.2.1",0.155672429779378,FALSE,TRUE,39
"2.2.2.2.2.2.2.2.2.2.2.2.2.1.2.2.2.2.3.2.2.1",0.162636617948259,FALSE,TRUE,38
"2.2.2.2.2.2.2.2.2.2.2.2.2.2.1.2.2.2.3.2.2.1",0.22847641150918,FALSE,TRUE,39
"2.2.2.2.2.2.2.2.2.2.2.2.2.2.2.1.2.2.3.2.2.1",0.0594051598148111,FALSE,TRUE,39
"2.2.2.2.2.2.2.2.2.2.2.2.2.2.2.2.1.2.3.2.2.1",0.130430722305674,FALSE,TRUE,37
"2.2.2.2.2.2.2.2.2.2.2.2.2.2.2.2.2.1.3.2.2.1",0.476794326511566,FALSE,TRUE,38
"2.2.2.2.2.2.2.2.2.2.2.2.2.2.2.2.2.2.3.1.2.1",0.224401255246412,FALSE,TRUE,39
"2.2.2.2.2.2.2.2.2.2.2.2.2.2.2.2.2.2.3.2.1.1",-0.0104040009913877,FALSE,TRUE,39
"3.2.2.1.2.2.2.2.2.2.1.2.2.2.2.2.2.2.1.3.2.2",0.295560911160757,FALSE,TRUE,37
"2.3.2.1.2.2.2.2.2.2.1.2.2.2.2.2.2.2.1.3.2.2",0.393055598829476,FALSE,TRUE,37
"2.2.3.1.2.2.2.2.2.2.1.2.2.2.2.2.2.2.1.3.2.2",0.194102860595581,FALSE,TRUE,37
"2.2.2.2.2.2.2.2.2.2.1.2.2.2.2.2.2.2.1.3.2.2",0.3339182137556,FALSE,TRUE,38
"2.2.2.1.3.2.2.2.2.2.1.2.2.2.2.2.2.2.1.3.2.2",0.299133582260627,FALSE,TRUE,37
"2.2.2.1.2.3.2.2.2.2.1.2.2.2.2.2.2.2.1.3.2.2",0.321861611579866,FALSE,TRUE,37
"2.2.2.1.2.2.3.2.2.2.1.2.2.2.2.2.2.2.1.3.2.2",0.409643054419012,FALSE,TRUE,37
"2.2.2.1.2.2.2.3.2.2.1.2.2.2.2.2.2.2.1.3.2.2",0.361539026830274,FALSE,TRUE,37
"2.2.2.1.2.2.2.2.3.2.1.2.2.2.2.2.2.2.1.3.2.2",0.309520461761499,FALSE,TRUE,37
"2.2.2.1.2.2.2.2.2.3.1.2.2.2.2.2.2.2.1.3.2.2",0.136257616749241,FALSE,TRUE,36
"2.2.2.1.2.2.2.2.2.2.1.3.2.2.2.2.2.2.1.3.2.2",0.40239619315113,FALSE,TRUE,37
"2.2.2.1.2.2.2.2.2.2.1.2.3.2.2.2.2.2.1.3.2.2",0.372853391786142,FALSE,TRUE,37
"2.2.2.1.2.2.2.2.2.2.1.2.2.3.2.2.2.2.1.3.2.2",0.312222251775503,FALSE,TRUE,37
"2.2.2.1.2.2.2.2.2.2.1.2.2.2.3.2.2.2.1.3.2.2",0.312438108474285,FALSE,TRUE,38
"2.2.2.1.2.2.2.2.2.2.1.2.2.2.2.3.2.2.1.3.2.2",0.141794036351247,FALSE,TRUE,37
"2.2.2.1.2.2.2.2.2.2.1.2.2.2.2.2.2.3.1.3.2.2",0.28465062109562,FALSE,TRUE,37
"2.2.2.1.2.2.2.2.2.2.1.2.2.2.2.2.2.2.2.3.2.2",0.413745092074599,FALSE,TRUE,37
"2.2.2.1.2.2.2.2.2.2.1.2.2.2.2.2.2.2.1.4.2.2",0.229538853448523,FALSE,TRUE,38
"2.2.2.1.2.2.2.2.2.2.1.2.2.2.2.2.2.2.1.3.3.2",0.285385819149894,FALSE,TRUE,37
"2.2.2.1.2.2.2.2.2.2.1.2.2.2.2.2.2.2.1.3.2.3",0.396789269616967,FALSE,TRUE,37
"1.2.2.1.2.2.2.2.2.2.1.2.2.2.2.2.2.2.1.3.2.2",0.372606155588985,FALSE,TRUE,36
"2.1.2.1.2.2.2.2.2.2.1.2.2.2.2.2.2.2.1.3.2.2",0.303260044704077,FALSE,TRUE,36
"2.2.1.1.2.2.2.2.2.2.1.2.2.2.2.2.2.2.1.3.2.2",0.361977596186162,FALSE,TRUE,36
"2.2.2.1.1.2.2.2.2.2.1.2.2.2.2.2.2.2.1.3.2.2",0.315876750838987,FALSE,TRUE,36
"2.2.2.1.2.1.2.2.2.2.1.2.2.2.2.2.2.2.1.3.2.2",0.347276871940128,FALSE,TRUE,36
"2.2.2.1.2.2.1.2.2.2.1.2.2.2.2.2.2.2.1.3.2.2",0.204730065627246,FALSE,TRUE,36
"2.2.2.1.2.2.2.1.2.2.1.2.2.2.2.2.2.2.1.3.2.2",0.28197697255207,FALSE,TRUE,36
"2.2.2.1.2.2.2.2.1.2.1.2.2.2.2.2.2.2.1.3.2.2",0.385689711485703,FALSE,TRUE,36
"2.2.2.1.2.2.2.2.2.1.1.2.2.2.2.2.2.2.1.3.2.2",0.3796494006029,FALSE,TRUE,36
"2.2.2.1.2.2.2.2.2.2.1.1.2.2.2.2.2.2.1.3.2.2",0.274702693759463,FALSE,TRUE,36
"2.2.2.1.2.2.2.2.2.2.1.2.1.2.2.2.2.2.1.3.2.2",0.331536952079538,FALSE,TRUE,36
"2.2.2.1.2.2.2.2.2.2.1.2.2.1.2.2.2.2.1.3.2.2",0.39401973740317,FALSE,TRUE,36
"2.2.2.1.2.2.2.2.2.2.1.2.2.2.2.1.2.2.1.3.2.2",0.471341344696187,FALSE,TRUE,36
"2.2.2.1.2.2.2.2.2.2.1.2.2.2.2.2.1.2.1.3.2.2",0.321171454852287,FALSE,TRUE,37
"2.2.2.1.2.2.2.2.2.2.1.2.2.2.2.2.2.1.1.3.2.2",0.274717916744628,FALSE,TRUE,36
"2.2.2.1.2.2.2.2.2.2.1.2.2.2.2.2.2.2.1.3.1.2",0.301805905418916,FALSE,TRUE,36
"2.2.2.1.2.2.2.2.2.2.1.2.2.2.2.2.2.2.1.3.2.1",0.200392577175811,FALSE,TRUE,36
"3.2.2.2.2.2.2.2.2.3.2.2.2.2.2.2.2.2.3.2.2.1",0.20467318213803,FALSE,TRUE,38
"2.3.2.2.2.2.2.2.2.3.2.2.2.2.2.2.2.2.3.2.2.1",0.424918575626317,FALSE,TRUE,38
"2.2.3.2.2.2.2.2.2.3.2.2.2.2.2.2.2.2.3.2.2.1",0.191397163212507,FALSE,TRUE,38
"2.2.2.3.2.2.2.2.2.3.2.2.2.2.2.2.2.2.3.2.2.1",0.229317930398388,FALSE,TRUE,38
"2.2.2.2.3.2.2.2.2.3.2.2.2.2.2.2.2.2.3.2.2.1",0.355289104577296,FALSE,TRUE,38
"2.2.2.2.2.3.2.2.2.3.2.2.2.2.2.2.2.2.3.2.2.1",0.350303159095534,FALSE,TRUE,38
"2.2.2.2.2.2.3.2.2.3.2.2.2.2.2.2.2.2.3.2.2.1",0.105772727908305,FALSE,TRUE,38
"2.2.2.2.2.2.2.3.2.3.2.2.2.2.2.2.2.2.3.2.2.1",0.166630562838584,FALSE,TRUE,38
"2.2.2.2.2.2.2.2.3.3.2.2.2.2.2.2.2.2.3.2.2.1",0.0545979020117873,FALSE,TRUE,38
"2.2.2.2.2.2.2.2.2.4.2.2.2.2.2.2.2.2.3.2.2.1",0.0563215382620038,FALSE,TRUE,39
"2.2.2.2.2.2.2.2.2.3.3.2.2.2.2.2.2.2.3.2.2.1",0.22391860494442,FALSE,TRUE,39
"2.2.2.2.2.2.2.2.2.3.2.3.2.2.2.2.2.2.3.2.2.1",0.204048832244007,FALSE,TRUE,38
"2.2.2.2.2.2.2.2.2.3.2.2.3.2.2.2.2.2.3.2.2.1",0.19506932700184,FALSE,TRUE,38
"2.2.2.2.2.2.2.2.2.3.2.2.2.3.2.2.2.2.3.2.2.1",0.241200878941734,FALSE,TRUE,38
"2.2.2.2.2.2.2.2.2.3.2.2.2.2.2.3.2.2.3.2.2.1",0.373150260883068,FALSE,TRUE,38
"2.2.2.2.2.2.2.2.2.3.2.2.2.2.2.2.3.2.3.2.2.1",0.398452762258123,FALSE,TRUE,38
"2.2.2.2.2.2.2.2.2.3.2.2.2.2.2.2.2.3.3.2.2.1",0.202051139831765,FALSE,TRUE,38
"2.2.2.2.2.2.2.2.2.3.2.2.2.2.2.2.2.2.4.2.2.1",0.185814733948378,FALSE,TRUE,38
"2.2.2.2.2.2.2.2.2.3.2.2.2.2.2.2.2.2.3.3.2.1",-0.0757098459338545,FALSE,TRUE,38
"2.2.2.2.2.2.2.2.2.3.2.2.2.2.2.2.2.2.3.2.3.1",0.404914525520026,FALSE,TRUE,38
"1.2.2.2.2.2.2.2.2.3.2.2.2.2.2.2.2.2.3.2.2.1",0.37494388005123,FALSE,TRUE,37
"2.1.2.2.2.2.2.2.2.3.2.2.2.2.2.2.2.2.3.2.2.1",0.169924647297587,FALSE,TRUE,37
"2.2.1.2.2.2.2.2.2.3.2.2.2.2.2.2.2.2.3.2.2.1",0.209981931952131,FALSE,TRUE,37
"2.2.2.1.2.2.2.2.2.3.2.2.2.2.2.2.2.2.3.2.2.1",0.309366128521964,FALSE,TRUE,36
"2.2.2.2.1.2.2.2.2.3.2.2.2.2.2.2.2.2.3.2.2.1",0.244480204468431,FALSE,TRUE,37
"2.2.2.2.2.1.2.2.2.3.2.2.2.2.2.2.2.2.3.2.2.1",0.0775376379471665,FALSE,TRUE,37
"2.2.2.2.2.2.1.2.2.3.2.2.2.2.2.2.2.2.3.2.2.1",0.401804758168114,FALSE,TRUE,37
"2.2.2.2.2.2.2.1.2.3.2.2.2.2.2.2.2.2.3.2.2.1",0.427403468350538,FALSE,TRUE,37
"2.2.2.2.2.2.2.2.1.3.2.2.2.2.2.2.2.2.3.2.2.1",0.521749604404179,FALSE,TRUE,37
"2.2.2.2.2.2.2.2.2.3.2.1.2.2.2.2.2.2.3.2.2.1",0.423335765550481,FALSE,TRUE,37
"2.2.2.2.2.2.2.2.2.3.2.2.1.2.2.2.2.2.3.2.2.1",0.266528079745472,FALSE,TRUE,37
"2.2.2.2.2.2.2.2.2.3.2.2.2.1.2.2.2.2.3.2.2.1",0.301069332620624,FALSE,TRUE,37
"2.2.2.2.2.2.2.2.2.3.2.2.2.2.1.2.2.2.3.2.2.1",0.322543349394884,FALSE,TRUE,38
"2.2.2.2.2.2.2.2.2.3.2.2.2.2.2.1.2.2.3.2.2.1",0.175192913556746,FALSE,TRUE,37
"2.2.2.2.2.2.2.2.2.3.2.2.2.2.2.2.1.2.3.2.2.1",0.123686287153471,FALSE,TRUE,36
"2.2.2.2.2.2.2.2.2.3.2.2.2.2.2.2.2.1.3.2.2.1",0.330694617311666,FALSE,TRUE,37
"2.2.2.2.2.2.2.2.2.3.2.2.2.2.2.2.2.2.2.2.2.1",0.349118406770392,FALSE,TRUE,36
"2.2.2.2.2.2.2.2.2.3.2.2.2.2.2.2.2.2.3.1.2.1",0.503104261799276,FALSE,TRUE,37
"2.2.2.2.2.2.2.2.2.3.2.2.2.2.2.2.2.2.3.2.1.1",0.100724821496159,FALSE,TRUE,37
"1.3.2.2.2.2.2.2.2.2.2.2.2.1.2.2.2.2.3.2.2.2",0.235137720169273,FALSE,TRUE,40
"1.2.3.2.2.2.2.2.2.2.2.2.2.1.2.2.2.2.3.2.2.2",0.417238024239569,FALSE,TRUE,40
"1.2.2.3.2.2.2.2.2.2.2.2.2.1.2.2.2.2.3.2.2.2",0.160303607810747,FALSE,TRUE,40
"1.2.2.2.3.2.2.2.2.2.2.2.2.1.2.2.2.2.3.2.2.2",0.246146697882702,FALSE,TRUE,40
"1.2.2.2.2.3.2.2.2.2.2.2.2.1.2.2.2.2.3.2.2.2",0.273913634817105,FALSE,TRUE,40
"1.2.2.2.2.2.3.2.2.2.2.2.2.1.2.2.2.2.3.2.2.2",0.345301690928476,FALSE,TRUE,40
"1.2.2.2.2.2.2.3.2.2.2.2.2.1.2.2.2.2.3.2.2.2",0.341119110103815,FALSE,TRUE,40
"1.2.2.2.2.2.2.2.3.2.2.2.2.1.2.2.2.2.3.2.2.2",0.420350330788408,FALSE,TRUE,40
"1.2.2.2.2.2.2.2.2.3.2.2.2.1.2.2.2.2.3.2.2.2",0.315221926140249,FALSE,TRUE,39
"1.2.2.2.2.2.2.2.2.2.3.2.2.1.2.2.2.2.3.2.2.2",0.294591463039665,FALSE,TRUE,40
"1.2.2.2.2.2.2.2.2.2.2.3.2.1.2.2.2.2.3.2.2.2",0.161847112770978,FALSE,TRUE,40
"1.2.2.2.2.2.2.2.2.2.2.2.3.1.2.2.2.2.3.2.2.2",0.451001201387746,FALSE,TRUE,40
"1.2.2.2.2.2.2.2.2.2.2.2.2.1.3.2.2.2.3.2.2.2",0.337418927238662,FALSE,TRUE,40
"1.2.2.2.2.2.2.2.2.2.2.2.2.1.2.3.2.2.3.2.2.2",0.384982313146544,FALSE,TRUE,40
"1.2.2.2.2.2.2.2.2.2.2.2.2.1.2.2.3.2.3.2.2.2",0.223355002286224,FALSE,TRUE,40
"1.2.2.2.2.2.2.2.2.2.2.2.2.1.2.2.2.3.3.2.2.2",0.312326634142479,FALSE,TRUE,40
"1.2.2.2.2.2.2.2.2.2.2.2.2.1.2.2.2.2.4.2.2.2",0.0950486862562171,FALSE,TRUE,40
"1.2.2.2.2.2.2.2.2.2.2.2.2.1.2.2.2.2.3.3.2.2",0.408505330816679,FALSE,TRUE,40
"1.2.2.2.2.2.2.2.2.2.2.2.2.1.2.2.2.2.3.2.3.2",0.245308936916008,FALSE,TRUE,40
"1.2.2.2.2.2.2.2.2.2.2.2.2.1.2.2.2.2.3.2.2.3",0.272447935359598,FALSE,TRUE,40
"1.1.2.2.2.2.2.2.2.2.2.2.2.1.2.2.2.2.3.2.2.2",0.413123184040744,FALSE,TRUE,39
"1.2.1.2.2.2.2.2.2.2.2.2.2.1.2.2.2.2.3.2.2.2",0.113939140183769,FALSE,TRUE,39
"1.2.2.1.2.2.2.2.2.2.2.2.2.1.2.2.2.2.3.2.2.2",0.386433825750701,FALSE,TRUE,39
"1.2.2.2.1.2.2.2.2.2.2.2.2.1.2.2.2.2.3.2.2.2",0.338094429844224,FALSE,TRUE,37
"1.2.2.2.2.1.2.2.2.2.2.2.2.1.2.2.2.2.3.2.2.2",0.13067024118371,FALSE,TRUE,39
"1.2.2.2.2.2.1.2.2.2.2.2.2.1.2.2.2.2.3.2.2.2",0.351199235042594,FALSE,TRUE,38
"1.2.2.2.2.2.2.1.2.2.2.2.2.1.2.2.2.2.3.2.2.2",0.297910806194706,FALSE,TRUE,39
"1.2.2.2.2.2.2.2.1.2.2.2.2.1.2.2.2.2.3.2.2.2",0.171300043416238,FALSE,TRUE,39
"1.2.2.2.2.2.2.2.2.1.2.2.2.1.2.2.2.2.3.2.2.2",0.159978683154209,FALSE,TRUE,39
"1.2.2.2.2.2.2.2.2.2.1.2.2.1.2.2.2.2.3.2.2.2",0.362952327944434,FALSE,TRUE,38
"1.2.2.2.2.2.2.2.2.2.2.1.2.1.2.2.2.2.3.2.2.2",0.466645373296558,FALSE,TRUE,39
"1.2.2.2.2.2.2.2.2.2.2.2.1.1.2.2.2.2.3.2.2.2",0.141275883208291,FALSE,TRUE,39
"1.2.2.2.2.2.2.2.2.2.2.2.2.1.1.2.2.2.3.2.2.2",0.210011740051808,FALSE,TRUE,39
"1.2.2.2.2.2.2.2.2.2.2.2.2.1.2.1.2.2.3.2.2.2",0.223168641540921,FALSE,TRUE,39
"1.2.2.2.2.2.2.2.2.2.2.2.2.1.2.2.1.2.3.2.2.2",0.341317191300326,FALSE,TRUE,39
"1.2.2.2.2.2.2.2.2.2.2.2.2.1.2.2.2.1.3.2.2.2",0.186356031690765,FALSE,TRUE,39
"1.2.2.2.2.2.2.2.2.2.2.2.2.1.2.2.2.2.2.2.2.2",0.431626643366879,FALSE,TRUE,38
"1.2.2.2.2.2.2.2.2.2.2.2.2.1.2.2.2.2.3.1.2.2",0.139806719923524,FALSE,TRUE,39
"1.2.2.2.2.2.2.2.2.2.2.2.2.1.2.2.2.2.3.2.1.2",0.229317481413617,FALSE,TRUE,39
"1.2.2.2.2.2.2.2.2.2.2.2.2.1.2.2.2.2.3.2.2.1",0.280694847798875,FALSE,TRUE,38
"1.3.2.2.2.2.2.2.2.2.2.2.2.2.2.2.2.1.3.2.2.2",0.180052102605683,FALSE,TRUE,40
"1.2.3.2.2.2.2.2.2.2.2.2.2.2.2.2.2.1.3.2.2.2",-0.0171887930593176,FALSE,TRUE,40
"1.2.2.3.2.2.2.2.2.2.2.2.2.2.2.2.2.1.3.2.2.2",0.252363636544971,FALSE,TRUE,40
"1.2.2.2.3.2.2.2.2.2.2.2.2.2.2.2.2.1.3.2.2.2",0.301479859615197,FALSE,TRUE,40
"1.2.2.2.2.3.2.2.2.2.2.2.2.2.2.2.2.1.3.2.2.2",0.364210619138017,FALSE,TRUE,40
"1.2.2.2.2.2.3.2.2.2.2.2.2.2.2.2.2.1.3.2.2.2",0.0928623141537608,FALSE,TRUE,40
"1.2.2.2.2.2.2.3.2.2.2.2.2.2.2.2.2.1.3.2.2.2",0.119471253248831,FALSE,TRUE,40
"1.2.2.2.2.2.2.2.3.2.2.2.2.2.2.2.2.1.3.2.2.2",0.232057322001664,FALSE,TRUE,40
"1.2.2.2.2.2.2.2.2.3.2.2.2.2.2.2.2.1.3.2.2.2",-0.00502652780914496,FALSE,TRUE,39
"1.2.2.2.2.2.2.2.2.2.3.2.2.2.2.2.2.1.3.2.2.2",0.117778553599396,FALSE,TRUE,40
"1.2.2.2.2.2.2.2.2.2.2.3.2.2.2.2.2.1.3.2.2.2",0.0150254162551354,FALSE,TRUE,40
"1.2.2.2.2.2.2.2.2.2.2.2.3.2.2.2.2.1.3.2.2.2",0.239945586333663,FALSE,TRUE,40
"1.2.2.2.2.2.2.2.2.2.2.2.2.3.2.2.2.1.3.2.2.2",0.0791665831989363,FALSE,TRUE,40
"1.2.2.2.2.2.2.2.2.2.2.2.2.2.3.2.2.1.3.2.2.2",0.21438801809321,FALSE,TRUE,40
"1.2.2.2.2.2.2.2.2.2.2.2.2.2.2.3.2.1.3.2.2.2",0.16078830280903,FALSE,TRUE,40
"1.2.2.2.2.2.2.2.2.2.2.2.2.2.2.2.3.1.3.2.2.2",0.144166412571539,FALSE,TRUE,40
"1.2.2.2.2.2.2.2.2.2.2.2.2.2.2.2.2.1.4.2.2.2",-0.0392086762022692,FALSE,TRUE,40
"1.2.2.2.2.2.2.2.2.2.2.2.2.2.2.2.2.1.3.3.2.2",0.0732120780200709,FALSE,TRUE,40
"1.2.2.2.2.2.2.2.2.2.2.2.2.2.2.2.2.1.3.2.3.2",0.176391095977138,FALSE,TRUE,40
"1.2.2.2.2.2.2.2.2.2.2.2.2.2.2.2.2.1.3.2.2.3",-0.0878066794512372,FALSE,TRUE,40
"1.1.2.2.2.2.2.2.2.2.2.2.2.2.2.2.2.1.3.2.2.2",0.166345387472561,FALSE,TRUE,39
"1.2.1.2.2.2.2.2.2.2.2.2.2.2.2.2.2.1.3.2.2.2",0.248012433771246,FALSE,TRUE,39
"1.2.2.1.2.2.2.2.2.2.2.2.2.2.2.2.2.1.3.2.2.2",0.0161565021049337,FALSE,TRUE,39
"1.2.2.2.1.2.2.2.2.2.2.2.2.2.2.2.2.1.3.2.2.2",0.0505680730473791,FALSE,TRUE,39
"1.2.2.2.2.1.2.2.2.2.2.2.2.2.2.2.2.1.3.2.2.2",-0.0940634603416493,FALSE,TRUE,39
"1.2.2.2.2.2.1.2.2.2.2.2.2.2.2.2.2.1.3.2.2.2",0.206081980607312,FALSE,TRUE,38
"1.2.2.2.2.2.2.1.2.2.2.2.2.2.2.2.2.1.3.2.2.2",0.218969685798373,FALSE,TRUE,39
"1.2.2.2.2.2.2.2.1.2.2.2.2.2.2.2.2.1.3.2.2.2",0.128410277322139,FALSE,TRUE,39
"1.2.2.2.2.2.2.2.2.1.2.2.2.2.2.2.2.1.3.2.2.2",0.0287293161632012,FALSE,TRUE,39
"1.2.2.2.2.2.2.2.2.2.1.2.2.2.2.2.2.1.3.2.2.2",0.227084158815261,FALSE,TRUE,38
"1.2.2.2.2.2.2.2.2.2.2.1.2.2.2.2.2.1.3.2.2.2",0.319174292425023,FALSE,TRUE,39
"1.2.2.2.2.2.2.2.2.2.2.2.1.2.2.2.2.1.3.2.2.2",0.00960823865804935,FALSE,TRUE,39
"1.2.2.2.2.2.2.2.2.2.2.2.2.2.1.2.2.1.3.2.2.2",0.0374194003144001,FALSE,TRUE,39
"1.2.2.2.2.2.2.2.2.2.2.2.2.2.2.1.2.1.3.2.2.2",0.241273900097777,FALSE,TRUE,39
"1.2.2.2.2.2.2.2.2.2.2.2.2.2.2.2.1.1.3.2.2.2",0.0967448214381426,FALSE,TRUE,39
"1.2.2.2.2.2.2.2.2.2.2.2.2.2.2.2.2.1.2.2.2.2",0.338242814346826,FALSE,TRUE,39
"1.2.2.2.2.2.2.2.2.2.2.2.2.2.2.2.2.1.3.1.2.2",0.179293616515817,FALSE,TRUE,39
"1.2.2.2.2.2.2.2.2.2.2.2.2.2.2.2.2.1.3.2.1.2",0.167104168670661,FALSE,TRUE,39
"1.2.2.2.2.2.2.2.2.2.2.2.2.2.2.2.2.1.3.2.2.1",0.370982149989992,FALSE,TRUE,38
"3.2.2.2.2.2.2.2.2.2.3.2.2.2.2.2.1.2.2.2.2.2",-0.0333408664511209,FALSE,TRUE,40
"2.3.2.2.2.2.2.2.2.2.3.2.2.2.2.2.1.2.2.2.2.2",0.112738374228684,FALSE,TRUE,40
"2.2.3.2.2.2.2.2.2.2.3.2.2.2.2.2.1.2.2.2.2.2",0.396184206020609,FALSE,TRUE,40
"2.2.2.3.2.2.2.2.2.2.3.2.2.2.2.2.1.2.2.2.2.2",0.0857616077240346,FALSE,TRUE,40
"2.2.2.2.3.2.2.2.2.2.3.2.2.2.2.2.1.2.2.2.2.2",0.0642699867041812,FALSE,TRUE,40
"2.2.2.2.2.3.2.2.2.2.3.2.2.2.2.2.1.2.2.2.2.2",0.359613211378956,FALSE,TRUE,40
"2.2.2.2.2.2.3.2.2.2.3.2.2.2.2.2.1.2.2.2.2.2",0.170385910105347,FALSE,TRUE,40
"2.2.2.2.2.2.2.3.2.2.3.2.2.2.2.2.1.2.2.2.2.2",0.0910638094714942,FALSE,TRUE,40
"2.2.2.2.2.2.2.2.3.2.3.2.2.2.2.2.1.2.2.2.2.2",0.293334661815144,FALSE,TRUE,40
"2.2.2.2.2.2.2.2.2.3.3.2.2.2.2.2.1.2.2.2.2.2",0.126394822582418,FALSE,TRUE,39
"2.2.2.2.2.2.2.2.2.2.4.2.2.2.2.2.1.2.2.2.2.2",0.171322349336033,FALSE,TRUE,41
"2.2.2.2.2.2.2.2.2.2.3.3.2.2.2.2.1.2.2.2.2.2",0.155632012378983,FALSE,TRUE,40
"2.2.2.2.2.2.2.2.2.2.3.2.3.2.2.2.1.2.2.2.2.2",0.430683281836499,FALSE,TRUE,40
"2.2.2.2.2.2.2.2.2.2.3.2.2.3.2.2.1.2.2.2.2.2",0.281701359996424,FALSE,TRUE,40
"2.2.2.2.2.2.2.2.2.2.3.2.2.2.3.2.1.2.2.2.2.2",0.179883485781443,FALSE,TRUE,40
"2.2.2.2.2.2.2.2.2.2.3.2.2.2.2.3.1.2.2.2.2.2",0.43783239161816,FALSE,TRUE,40
"2.2.2.2.2.2.2.2.2.2.3.2.2.2.2.2.1.3.2.2.2.2",0.144582313753819,FALSE,TRUE,39
"2.2.2.2.2.2.2.2.2.2.3.2.2.2.2.2.1.2.2.3.2.2",0.226435828301983,FALSE,TRUE,40
"2.2.2.2.2.2.2.2.2.2.3.2.2.2.2.2.1.2.2.2.3.2",0.35689553907414,FALSE,TRUE,40
"2.2.2.2.2.2.2.2.2.2.3.2.2.2.2.2.1.2.2.2.2.3",0.219035274911121,FALSE,TRUE,40
"1.2.2.2.2.2.2.2.2.2.3.2.2.2.2.2.1.2.2.2.2.2",0.424375357855523,FALSE,TRUE,39
"2.1.2.2.2.2.2.2.2.2.3.2.2.2.2.2.1.2.2.2.2.2",0.26444091947618,FALSE,TRUE,39
"2.2.1.2.2.2.2.2.2.2.3.2.2.2.2.2.1.2.2.2.2.2",-0.0807733933351604,FALSE,TRUE,39
"2.2.2.1.2.2.2.2.2.2.3.2.2.2.2.2.1.2.2.2.2.2",0.275248269422394,FALSE,TRUE,37
"2.2.2.2.1.2.2.2.2.2.3.2.2.2.2.2.1.2.2.2.2.2",0.301242509698106,FALSE,TRUE,38
"2.2.2.2.2.1.2.2.2.2.3.2.2.2.2.2.1.2.2.2.2.2",-0.0563311113798824,FALSE,TRUE,39
"2.2.2.2.2.2.1.2.2.2.3.2.2.2.2.2.1.2.2.2.2.2",0.204943605058603,FALSE,TRUE,39
"2.2.2.2.2.2.2.1.2.2.3.2.2.2.2.2.1.2.2.2.2.2",0.255635966574491,FALSE,TRUE,39
"2.2.2.2.2.2.2.2.1.2.3.2.2.2.2.2.1.2.2.2.2.2",0.0919270436989906,FALSE,TRUE,39
"2.2.2.2.2.2.2.2.2.1.3.2.2.2.2.2.1.2.2.2.2.2",0.109885030133996,FALSE,TRUE,39
"2.2.2.2.2.2.2.2.2.2.3.1.2.2.2.2.1.2.2.2.2.2",0.289583771833735,FALSE,TRUE,39
"2.2.2.2.2.2.2.2.2.2.3.2.1.2.2.2.1.2.2.2.2.2",-0.0826132618990446,FALSE,TRUE,39
"2.2.2.2.2.2.2.2.2.2.3.2.2.1.2.2.1.2.2.2.2.2",0.087307638091934,FALSE,TRUE,39
"2.2.2.2.2.2.2.2.2.2.3.2.2.2.1.2.1.2.2.2.2.2",0.113795762997685,FALSE,TRUE,39
"2.2.2.2.2.2.2.2.2.2.3.2.2.2.2.1.1.2.2.2.2.2",-0.0550636225251123,FALSE,TRUE,39
"2.2.2.2.2.2.2.2.2.2.3.2.2.2.2.2.1.1.2.2.2.2",0.142519600504656,FALSE,TRUE,39
"2.2.2.2.2.2.2.2.2.2.3.2.2.2.2.2.1.2.1.2.2.2",0.1698231648816,FALSE,TRUE,38
"2.2.2.2.2.2.2.2.2.2.3.2.2.2.2.2.1.2.2.1.2.2",0.0837218184416808,FALSE,TRUE,39
"2.2.2.2.2.2.2.2.2.2.3.2.2.2.2.2.1.2.2.2.1.2",-0.049746525793502,FALSE,TRUE,39
"2.2.2.2.2.2.2.2.2.2.3.2.2.2.2.2.1.2.2.2.2.1",0.138184409474486,FALSE,TRUE,39
"3.2.2.2.1.2.2.2.3.2.2.2.2.1.2.2.2.2.2.2.2.2",0.159912793329119,FALSE,TRUE,40
"2.3.2.2.1.2.2.2.3.2.2.2.2.1.2.2.2.2.2.2.2.2",0.349284180302596,FALSE,TRUE,40
"2.2.3.2.1.2.2.2.3.2.2.2.2.1.2.2.2.2.2.2.2.2",0.576143356134099,FALSE,TRUE,40
"2.2.2.3.1.2.2.2.3.2.2.2.2.1.2.2.2.2.2.2.2.2",0.0716849297355448,FALSE,TRUE,40
"2.2.2.2.2.2.2.2.3.2.2.2.2.1.2.2.2.2.2.2.2.2",0.328227559602559,FALSE,TRUE,40
"2.2.2.2.1.3.2.2.3.2.2.2.2.1.2.2.2.2.2.2.2.2",0.290670265454913,FALSE,TRUE,40
"2.2.2.2.1.2.3.2.3.2.2.2.2.1.2.2.2.2.2.2.2.2",0.258255188479442,FALSE,TRUE,40
"2.2.2.2.1.2.2.3.3.2.2.2.2.1.2.2.2.2.2.2.2.2",0.223646795851568,FALSE,TRUE,39
"2.2.2.2.1.2.2.2.4.2.2.2.2.1.2.2.2.2.2.2.2.2",0.213890916506363,FALSE,TRUE,41
"2.2.2.2.1.2.2.2.3.3.2.2.2.1.2.2.2.2.2.2.2.2",0.322982789044051,FALSE,TRUE,39
"2.2.2.2.1.2.2.2.3.2.3.2.2.1.2.2.2.2.2.2.2.2",0.298391170735649,FALSE,TRUE,40
"2.2.2.2.1.2.2.2.3.2.2.3.2.1.2.2.2.2.2.2.2.2",0.264174026434489,FALSE,TRUE,40
"2.2.2.2.1.2.2.2.3.2.2.2.3.1.2.2.2.2.2.2.2.2",0.308833421484958,FALSE,TRUE,40
"2.2.2.2.1.2.2.2.3.2.2.2.2.1.3.2.2.2.2.2.2.2",0.300125396332908,FALSE,TRUE,40
"2.2.2.2.1.2.2.2.3.2.2.2.2.1.2.3.2.2.2.2.2.2",0.544957531554257,FALSE,TRUE,40
"2.2.2.2.1.2.2.2.3.2.2.2.2.1.2.2.3.2.2.2.2.2",0.317917610860714,FALSE,TRUE,40
"2.2.2.2.1.2.2.2.3.2.2.2.2.1.2.2.2.3.2.2.2.2",0.171055273656069,FALSE,TRUE,40
"2.2.2.2.1.2.2.2.3.2.2.2.2.1.2.2.2.2.3.2.2.2",0.243661974689105,FALSE,TRUE,40
"2.2.2.2.1.2.2.2.3.2.2.2.2.1.2.2.2.2.2.3.2.2",0.30219138237988,FALSE,TRUE,40
"2.2.2.2.1.2.2.2.3.2.2.2.2.1.2.2.2.2.2.2.3.2",0.443491381485079,FALSE,TRUE,40
"2.2.2.2.1.2.2.2.3.2.2.2.2.1.2.2.2.2.2.2.2.3",0.410345353056884,FALSE,TRUE,40
"1.2.2.2.1.2.2.2.3.2.2.2.2.1.2.2.2.2.2.2.2.2",0.512003013140712,FALSE,TRUE,39
"2.1.2.2.1.2.2.2.3.2.2.2.2.1.2.2.2.2.2.2.2.2",0.326475583981814,FALSE,TRUE,39
"2.2.1.2.1.2.2.2.3.2.2.2.2.1.2.2.2.2.2.2.2.2",0.0282454613222229,FALSE,TRUE,39
"2.2.2.1.1.2.2.2.3.2.2.2.2.1.2.2.2.2.2.2.2.2",0.436495167182313,FALSE,TRUE,38
"2.2.2.2.1.1.2.2.3.2.2.2.2.1.2.2.2.2.2.2.2.2",0.265523872640403,FALSE,TRUE,39
"2.2.2.2.1.2.1.2.3.2.2.2.2.1.2.2.2.2.2.2.2.2",0.370587657170905,FALSE,TRUE,39
"2.2.2.2.1.2.2.1.3.2.2.2.2.1.2.2.2.2.2.2.2.2",0.431139817291051,FALSE,TRUE,39
"2.2.2.2.1.2.2.2.3.1.2.2.2.1.2.2.2.2.2.2.2.2",0.172056137386855,FALSE,TRUE,39
"2.2.2.2.1.2.2.2.3.2.1.2.2.1.2.2.2.2.2.2.2.2",0.382696816017974,FALSE,TRUE,39
"2.2.2.2.1.2.2.2.3.2.2.1.2.1.2.2.2.2.2.2.2.2",0.440337450986021,FALSE,TRUE,39
"2.2.2.2.1.2.2.2.3.2.2.2.1.1.2.2.2.2.2.2.2.2",0.267072385872329,FALSE,TRUE,39
"2.2.2.2.1.2.2.2.3.2.2.2.2.1.1.2.2.2.2.2.2.2",0.319628443674457,FALSE,TRUE,39
"2.2.2.2.1.2.2.2.3.2.2.2.2.1.2.1.2.2.2.2.2.2",0.0784780323745122,FALSE,TRUE,39
"2.2.2.2.1.2.2.2.3.2.2.2.2.1.2.2.1.2.2.2.2.2",0.210204733959199,FALSE,TRUE,39
"2.2.2.2.1.2.2.2.3.2.2.2.2.1.2.2.2.1.2.2.2.2",0.339383963372964,FALSE,TRUE,39
"2.2.2.2.1.2.2.2.3.2.2.2.2.1.2.2.2.2.1.2.2.2",0.338577714078794,FALSE,TRUE,39
"2.2.2.2.1.2.2.2.3.2.2.2.2.1.2.2.2.2.2.1.2.2",0.299105652615163,FALSE,TRUE,38
"2.2.2.2.1.2.2.2.3.2.2.2.2.1.2.2.2.2.2.2.1.2",0.0883898167997468,FALSE,TRUE,39
"2.2.2.2.1.2.2.2.3.2.2.2.2.1.2.2.2.2.2.2.2.1",0.133823341983594,FALSE,TRUE,39
"3.2.2.2.2.2.2.2.2.2.3.2.2.2.2.2.1.2.3.2.2.2",0.0394212217149672,FALSE,TRUE,39
"2.3.2.2.2.2.2.2.2.2.3.2.2.2.2.2.1.2.3.2.2.2",0.142656961061306,FALSE,TRUE,39
"2.2.3.2.2.2.2.2.2.2.3.2.2.2.2.2.1.2.3.2.2.2",0.432256575867643,FALSE,TRUE,39
"2.2.2.3.2.2.2.2.2.2.3.2.2.2.2.2.1.2.3.2.2.2",0.105082856096854,FALSE,TRUE,39
"2.2.2.2.2.3.2.2.2.2.3.2.2.2.2.2.1.2.3.2.2.2",0.206656624840271,FALSE,TRUE,39
"2.2.2.2.2.2.3.2.2.2.3.2.2.2.2.2.1.2.3.2.2.2",0.310384509115278,FALSE,TRUE,39
"2.2.2.2.2.2.2.3.2.2.3.2.2.2.2.2.1.2.3.2.2.2",0.17337939756963,FALSE,TRUE,39
"2.2.2.2.2.2.2.2.3.2.3.2.2.2.2.2.1.2.3.2.2.2",0.352411023366885,FALSE,TRUE,39
"2.2.2.2.2.2.2.2.2.3.3.2.2.2.2.2.1.2.3.2.2.2",0.228166827992908,FALSE,TRUE,37
"2.2.2.2.2.2.2.2.2.2.4.2.2.2.2.2.1.2.3.2.2.2",0.181879665250684,FALSE,TRUE,39
"2.2.2.2.2.2.2.2.2.2.3.3.2.2.2.2.1.2.3.2.2.2",0.232166010404577,FALSE,TRUE,39
"2.2.2.2.2.2.2.2.2.2.3.2.3.2.2.2.1.2.3.2.2.2",0.342350474281102,FALSE,TRUE,39
"2.2.2.2.2.2.2.2.2.2.3.2.2.3.2.2.1.2.3.2.2.2",0.303868244763263,FALSE,TRUE,39
"2.2.2.2.2.2.2.2.2.2.3.2.2.2.3.2.1.2.3.2.2.2",0.298155502332656,FALSE,TRUE,39
"2.2.2.2.2.2.2.2.2.2.3.2.2.2.2.3.1.2.3.2.2.2",0.382390178009041,FALSE,TRUE,39
"2.2.2.2.2.2.2.2.2.2.3.2.2.2.2.2.1.3.3.2.2.2",0.268328007919933,FALSE,TRUE,39
"2.2.2.2.2.2.2.2.2.2.3.2.2.2.2.2.1.2.4.2.2.2",0.219202294640644,FALSE,TRUE,40
"2.2.2.2.2.2.2.2.2.2.3.2.2.2.2.2.1.2.3.3.2.2",0.269908990284149,FALSE,TRUE,39
"2.2.2.2.2.2.2.2.2.2.3.2.2.2.2.2.1.2.3.2.2.3",0.342739163707672,FALSE,TRUE,39
"1.2.2.2.2.2.2.2.2.2.3.2.2.2.2.2.1.2.3.2.2.2",0.413427311965259,FALSE,TRUE,36
"2.1.2.2.2.2.2.2.2.2.3.2.2.2.2.2.1.2.3.2.2.2",0.293710736005449,FALSE,TRUE,38
"2.2.1.2.2.2.2.2.2.2.3.2.2.2.2.2.1.2.3.2.2.2",-0.0765722261598534,FALSE,TRUE,38
"2.2.2.1.2.2.2.2.2.2.3.2.2.2.2.2.1.2.3.2.2.2",0.268421134112172,FALSE,TRUE,38
"2.2.2.2.1.2.2.2.2.2.3.2.2.2.2.2.1.2.3.2.2.2",0.28695956289257,FALSE,TRUE,39
"2.2.2.2.2.1.2.2.2.2.3.2.2.2.2.2.1.2.3.2.2.2",0.0611609246394991,FALSE,TRUE,38
"2.2.2.2.2.2.1.2.2.2.3.2.2.2.2.2.1.2.3.2.2.2",0.123225582225659,FALSE,TRUE,36
"2.2.2.2.2.2.2.1.2.2.3.2.2.2.2.2.1.2.3.2.2.2",0.261495307617558,FALSE,TRUE,38
"2.2.2.2.2.2.2.2.1.2.3.2.2.2.2.2.1.2.3.2.2.2",0.0235343497750827,FALSE,TRUE,38
"2.2.2.2.2.2.2.2.2.1.3.2.2.2.2.2.1.2.3.2.2.2",0.102600636813221,FALSE,TRUE,38
"2.2.2.2.2.2.2.2.2.2.3.1.2.2.2.2.1.2.3.2.2.2",0.301476233460895,FALSE,TRUE,38
"2.2.2.2.2.2.2.2.2.2.3.2.1.2.2.2.1.2.3.2.2.2",0.00974935833445483,FALSE,TRUE,38
"2.2.2.2.2.2.2.2.2.2.3.2.2.1.2.2.1.2.3.2.2.2",0.125784658123118,FALSE,TRUE,38
"2.2.2.2.2.2.2.2.2.2.3.2.2.2.1.2.1.2.3.2.2.2",0.099096017018001,FALSE,TRUE,38
"2.2.2.2.2.2.2.2.2.2.3.2.2.2.2.1.1.2.3.2.2.2",0.00782320131981792,FALSE,TRUE,38
"2.2.2.2.2.2.2.2.2.2.3.2.2.2.2.2.1.1.3.2.2.2",0.0488295888399335,FALSE,TRUE,38
"2.2.2.2.2.2.2.2.2.2.3.2.2.2.2.2.1.2.3.1.2.2",0.031229609664619,FALSE,TRUE,38
"2.2.2.2.2.2.2.2.2.2.3.2.2.2.2.2.1.2.3.2.1.2",0.0136496924840208,FALSE,TRUE,39
"2.2.2.2.2.2.2.2.2.2.3.2.2.2.2.2.1.2.3.2.2.1",0.10220356143281,FALSE,TRUE,36
"3.2.2.2.2.2.1.2.2.2.2.2.2.2.2.2.2.2.3.2.2.2",0.125681385869184,FALSE,TRUE,41
"2.3.2.2.2.2.1.2.2.2.2.2.2.2.2.2.2.2.3.2.2.2",0.374942751558166,FALSE,TRUE,39
"2.2.3.2.2.2.1.2.2.2.2.2.2.2.2.2.2.2.3.2.2.2",0.281302468741341,FALSE,TRUE,41
"2.2.2.3.2.2.1.2.2.2.2.2.2.2.2.2.2.2.3.2.2.2",0.158337199958329,FALSE,TRUE,41
"2.2.2.2.3.2.1.2.2.2.2.2.2.2.2.2.2.2.3.2.2.2",0.314542945562058,FALSE,TRUE,41
"2.2.2.2.2.3.1.2.2.2.2.2.2.2.2.2.2.2.3.2.2.2",0.266163820240374,FALSE,TRUE,41
"2.2.2.2.2.2.1.3.2.2.2.2.2.2.2.2.2.2.3.2.2.2",0.268815230939738,FALSE,TRUE,41
"2.2.2.2.2.2.1.2.3.2.2.2.2.2.2.2.2.2.3.2.2.2",0.171767400228891,FALSE,TRUE,41
"2.2.2.2.2.2.1.2.2.2.3.2.2.2.2.2.2.2.3.2.2.2",0.145408498763361,FALSE,TRUE,40
"2.2.2.2.2.2.1.2.2.2.2.3.2.2.2.2.2.2.3.2.2.2",0.0851563299926105,FALSE,TRUE,41
"2.2.2.2.2.2.1.2.2.2.2.2.3.2.2.2.2.2.3.2.2.2",0.324509679132044,FALSE,TRUE,41
"2.2.2.2.2.2.1.2.2.2.2.2.2.3.2.2.2.2.3.2.2.2",0.23067654563733,FALSE,TRUE,41
"2.2.2.2.2.2.1.2.2.2.2.2.2.2.3.2.2.2.3.2.2.2",0.389391283460597,FALSE,TRUE,41
"2.2.2.2.2.2.1.2.2.2.2.2.2.2.2.3.2.2.3.2.2.2",0.24153202447557,FALSE,TRUE,40
"2.2.2.2.2.2.1.2.2.2.2.2.2.2.2.2.3.2.3.2.2.2",0.268606174472302,FALSE,TRUE,41
"2.2.2.2.2.2.1.2.2.2.2.2.2.2.2.2.2.3.3.2.2.2",0.184302737077463,FALSE,TRUE,41
"2.2.2.2.2.2.1.2.2.2.2.2.2.2.2.2.2.2.4.2.2.2",0.000374761191517528,FALSE,TRUE,41
"2.2.2.2.2.2.1.2.2.2.2.2.2.2.2.2.2.2.3.3.2.2",0.127409537576017,FALSE,TRUE,41
"2.2.2.2.2.2.1.2.2.2.2.2.2.2.2.2.2.2.3.2.3.2",0.207800999418539,FALSE,TRUE,41
"2.2.2.2.2.2.1.2.2.2.2.2.2.2.2.2.2.2.3.2.2.3",0.118355132802335,FALSE,TRUE,41
"2.1.2.2.2.2.1.2.2.2.2.2.2.2.2.2.2.2.3.2.2.2",0.166148722862288,FALSE,TRUE,40
"2.2.1.2.2.2.1.2.2.2.2.2.2.2.2.2.2.2.3.2.2.2",0.129106881521843,FALSE,TRUE,40
"2.2.2.1.2.2.1.2.2.2.2.2.2.2.2.2.2.2.3.2.2.2",0.266116748458745,FALSE,TRUE,39
"2.2.2.2.1.2.1.2.2.2.2.2.2.2.2.2.2.2.3.2.2.2",0.22619567310676,FALSE,TRUE,39
"2.2.2.2.2.1.1.2.2.2.2.2.2.2.2.2.2.2.3.2.2.2",0.0355633722283098,FALSE,TRUE,40
"2.2.2.2.2.2.1.1.2.2.2.2.2.2.2.2.2.2.3.2.2.2",0.281425369413737,FALSE,TRUE,40
"2.2.2.2.2.2.1.2.1.2.2.2.2.2.2.2.2.2.3.2.2.2",0.33620021174839,FALSE,TRUE,40
"2.2.2.2.2.2.1.2.2.1.2.2.2.2.2.2.2.2.3.2.2.2",0.184488282287768,FALSE,TRUE,39
"2.2.2.2.2.2.1.2.2.2.2.1.2.2.2.2.2.2.3.2.2.2",0.460088427281495,FALSE,TRUE,40
"2.2.2.2.2.2.1.2.2.2.2.2.1.2.2.2.2.2.3.2.2.2",0.143869936977552,FALSE,TRUE,40
"2.2.2.2.2.2.1.2.2.2.2.2.2.1.2.2.2.2.3.2.2.2",0.257091823738013,FALSE,TRUE,39
"2.2.2.2.2.2.1.2.2.2.2.2.2.2.1.2.2.2.3.2.2.2",0.172991183010125,FALSE,TRUE,40
"2.2.2.2.2.2.1.2.2.2.2.2.2.2.2.1.2.2.3.2.2.2",0.206049445158756,FALSE,TRUE,40
"2.2.2.2.2.2.1.2.2.2.2.2.2.2.2.2.1.2.3.2.2.2",0.206621540212033,FALSE,TRUE,38
"2.2.2.2.2.2.1.2.2.2.2.2.2.2.2.2.2.1.3.2.2.2",0.259119757740968,FALSE,TRUE,39
"2.2.2.2.2.2.1.2.2.2.2.2.2.2.2.2.2.2.3.1.2.2",0.254322714200961,FALSE,TRUE,40
"2.2.2.2.2.2.1.2.2.2.2.2.2.2.2.2.2.2.3.2.1.2",0.155617732145159,FALSE,TRUE,40
"3.2.2.2.2.2.2.2.2.3.1.2.2.2.2.2.2.2.3.2.2.1",0.22888704695387,FALSE,TRUE,38
"2.3.2.2.2.2.2.2.2.3.1.2.2.2.2.2.2.2.3.2.2.1",0.447749388422261,FALSE,TRUE,36
"2.2.3.2.2.2.2.2.2.3.1.2.2.2.2.2.2.2.3.2.2.1",0.208693525393492,FALSE,TRUE,38
"2.2.2.3.2.2.2.2.2.3.1.2.2.2.2.2.2.2.3.2.2.1",0.306975639651603,FALSE,TRUE,38
"2.2.2.2.3.2.2.2.2.3.1.2.2.2.2.2.2.2.3.2.2.1",0.363037267340307,FALSE,TRUE,38
"2.2.2.2.2.3.2.2.2.3.1.2.2.2.2.2.2.2.3.2.2.1",0.470796519267543,FALSE,TRUE,38
"2.2.2.2.2.2.3.2.2.3.1.2.2.2.2.2.2.2.3.2.2.1",0.10772515804854,FALSE,TRUE,38
"2.2.2.2.2.2.2.3.2.3.1.2.2.2.2.2.2.2.3.2.2.1",0.1756062047319,FALSE,TRUE,39
"2.2.2.2.2.2.2.2.3.3.1.2.2.2.2.2.2.2.3.2.2.1",0.0834039311327184,FALSE,TRUE,38
"2.2.2.2.2.2.2.2.2.4.1.2.2.2.2.2.2.2.3.2.2.1",0.0866208150287394,FALSE,TRUE,38
"2.2.2.2.2.2.2.2.2.3.1.3.2.2.2.2.2.2.3.2.2.1",0.263199663677228,FALSE,TRUE,38
"2.2.2.2.2.2.2.2.2.3.1.2.3.2.2.2.2.2.3.2.2.1",0.247490277574091,FALSE,TRUE,38
"2.2.2.2.2.2.2.2.2.3.1.2.2.2.3.2.2.2.3.2.2.1",0.192649908290166,FALSE,TRUE,38
"2.2.2.2.2.2.2.2.2.3.1.2.2.2.2.3.2.2.3.2.2.1",0.4488557643374,FALSE,TRUE,38
"2.2.2.2.2.2.2.2.2.3.1.2.2.2.2.2.3.2.3.2.2.1",0.516787963508732,FALSE,TRUE,38
"2.2.2.2.2.2.2.2.2.3.1.2.2.2.2.2.2.3.3.2.2.1",0.227512021869953,FALSE,TRUE,38
"2.2.2.2.2.2.2.2.2.3.1.2.2.2.2.2.2.2.4.2.2.1",0.287802778714044,FALSE,TRUE,38
"2.2.2.2.2.2.2.2.2.3.1.2.2.2.2.2.2.2.3.3.2.1",-0.0369915076982992,FALSE,TRUE,38
"2.2.2.2.2.2.2.2.2.3.1.2.2.2.2.2.2.2.3.2.3.1",0.50080908498111,FALSE,TRUE,38
"1.2.2.2.2.2.2.2.2.3.1.2.2.2.2.2.2.2.3.2.2.1",0.410642018399496,FALSE,TRUE,37
"2.1.2.2.2.2.2.2.2.3.1.2.2.2.2.2.2.2.3.2.2.1",0.228088733201121,FALSE,TRUE,37
"2.2.1.2.2.2.2.2.2.3.1.2.2.2.2.2.2.2.3.2.2.1",0.273082468205163,FALSE,TRUE,37
"2.2.2.1.2.2.2.2.2.3.1.2.2.2.2.2.2.2.3.2.2.1",0.346934774728917,FALSE,TRUE,37
"2.2.2.2.1.2.2.2.2.3.1.2.2.2.2.2.2.2.3.2.2.1",0.299381109039123,FALSE,TRUE,37
"2.2.2.2.2.1.2.2.2.3.1.2.2.2.2.2.2.2.3.2.2.1",0.0546408084734731,FALSE,TRUE,37
"2.2.2.2.2.2.1.2.2.3.1.2.2.2.2.2.2.2.3.2.2.1",0.505353426158404,FALSE,TRUE,37
"2.2.2.2.2.2.2.2.1.3.1.2.2.2.2.2.2.2.3.2.2.1",0.558901130554523,FALSE,TRUE,37
"2.2.2.2.2.2.2.2.2.3.1.1.2.2.2.2.2.2.3.2.2.1",0.419538852076215,FALSE,TRUE,37
"2.2.2.2.2.2.2.2.2.3.1.2.1.2.2.2.2.2.3.2.2.1",0.321884010951257,FALSE,TRUE,37
"2.2.2.2.2.2.2.2.2.3.1.2.2.1.2.2.2.2.3.2.2.1",0.354287121994659,FALSE,TRUE,38
"2.2.2.2.2.2.2.2.2.3.1.2.2.2.1.2.2.2.3.2.2.1",0.418432795942275,FALSE,TRUE,37
"2.2.2.2.2.2.2.2.2.3.1.2.2.2.2.1.2.2.3.2.2.1",0.161348207876422,FALSE,TRUE,37
"2.2.2.2.2.2.2.2.2.3.1.2.2.2.2.2.1.2.3.2.2.1",0.0889286219316606,FALSE,TRUE,37
"2.2.2.2.2.2.2.2.2.3.1.2.2.2.2.2.2.1.3.2.2.1",0.35160412956099,FALSE,TRUE,37
"2.2.2.2.2.2.2.2.2.3.1.2.2.2.2.2.2.2.2.2.2.1",0.321366218144298,FALSE,TRUE,38
"2.2.2.2.2.2.2.2.2.3.1.2.2.2.2.2.2.2.3.1.2.1",0.563314181163224,FALSE,TRUE,37
"2.2.2.2.2.2.2.2.2.3.1.2.2.2.2.2.2.2.3.2.1.1",0.116804920172795,FALSE,TRUE,37
"3.2.2.1.2.2.2.2.2.2.1.2.2.2.1.2.2.2.1.3.2.2",0.113235979505441,FALSE,TRUE,38
"2.3.2.1.2.2.2.2.2.2.1.2.2.2.1.2.2.2.1.3.2.2",0.385886728258215,FALSE,TRUE,38
"2.2.3.1.2.2.2.2.2.2.1.2.2.2.1.2.2.2.1.3.2.2",0.234164023260875,FALSE,TRUE,38
"2.2.2.2.2.2.2.2.2.2.1.2.2.2.1.2.2.2.1.3.2.2",0.283673364180291,FALSE,TRUE,39
"2.2.2.1.3.2.2.2.2.2.1.2.2.2.1.2.2.2.1.3.2.2",0.263266416123052,FALSE,TRUE,38
"2.2.2.1.2.3.2.2.2.2.1.2.2.2.1.2.2.2.1.3.2.2",0.270815652040659,FALSE,TRUE,38
"2.2.2.1.2.2.3.2.2.2.1.2.2.2.1.2.2.2.1.3.2.2",0.443870554962857,FALSE,TRUE,38
"2.2.2.1.2.2.2.3.2.2.1.2.2.2.1.2.2.2.1.3.2.2",0.274868654919664,FALSE,TRUE,38
"2.2.2.1.2.2.2.2.3.2.1.2.2.2.1.2.2.2.1.3.2.2",0.28224553374285,FALSE,TRUE,38
"2.2.2.1.2.2.2.2.2.3.1.2.2.2.1.2.2.2.1.3.2.2",0.19703466964703,FALSE,TRUE,38
"2.2.2.1.2.2.2.2.2.2.2.2.2.2.1.2.2.2.1.3.2.2",0.213192504447254,FALSE,TRUE,38
"2.2.2.1.2.2.2.2.2.2.1.3.2.2.1.2.2.2.1.3.2.2",0.252060924250371,FALSE,TRUE,38
"2.2.2.1.2.2.2.2.2.2.1.2.3.2.1.2.2.2.1.3.2.2",0.344129228733546,FALSE,TRUE,38
"2.2.2.1.2.2.2.2.2.2.1.2.2.3.1.2.2.2.1.3.2.2",0.243876745152771,FALSE,TRUE,38
"2.2.2.1.2.2.2.2.2.2.1.2.2.2.1.3.2.2.1.3.2.2",0.100897476573923,FALSE,TRUE,38
"2.2.2.1.2.2.2.2.2.2.1.2.2.2.1.2.3.2.1.3.2.2",0.211462501524552,FALSE,TRUE,38
"2.2.2.1.2.2.2.2.2.2.1.2.2.2.1.2.2.3.1.3.2.2",0.251978220281498,FALSE,TRUE,38
"2.2.2.1.2.2.2.2.2.2.1.2.2.2.1.2.2.2.2.3.2.2",0.285630165207284,FALSE,TRUE,39
"2.2.2.1.2.2.2.2.2.2.1.2.2.2.1.2.2.2.1.4.2.2",0.185125110333044,FALSE,TRUE,38
"2.2.2.1.2.2.2.2.2.2.1.2.2.2.1.2.2.2.1.3.3.2",0.294889262203556,FALSE,TRUE,38
"2.2.2.1.2.2.2.2.2.2.1.2.2.2.1.2.2.2.1.3.2.3",0.331146349906983,FALSE,TRUE,38
"1.2.2.1.2.2.2.2.2.2.1.2.2.2.1.2.2.2.1.3.2.2",0.353730902569172,FALSE,TRUE,37
"2.1.2.1.2.2.2.2.2.2.1.2.2.2.1.2.2.2.1.3.2.2",0.13528586441224,FALSE,TRUE,37
"2.2.1.1.2.2.2.2.2.2.1.2.2.2.1.2.2.2.1.3.2.2",0.135575882687888,FALSE,TRUE,37
"2.2.2.1.1.2.2.2.2.2.1.2.2.2.1.2.2.2.1.3.2.2",0.189195671673368,FALSE,TRUE,37
"2.2.2.1.2.1.2.2.2.2.1.2.2.2.1.2.2.2.1.3.2.2",0.232172074769665,FALSE,TRUE,37
"2.2.2.1.2.2.1.2.2.2.1.2.2.2.1.2.2.2.1.3.2.2",0.0138029526714041,FALSE,TRUE,37
"2.2.2.1.2.2.2.1.2.2.1.2.2.2.1.2.2.2.1.3.2.2",0.205504986532144,FALSE,TRUE,37
"2.2.2.1.2.2.2.2.1.2.1.2.2.2.1.2.2.2.1.3.2.2",0.240032660746195,FALSE,TRUE,37
"2.2.2.1.2.2.2.2.2.1.1.2.2.2.1.2.2.2.1.3.2.2",0.172292714502556,FALSE,TRUE,37
"2.2.2.1.2.2.2.2.2.2.1.1.2.2.1.2.2.2.1.3.2.2",0.253033742396116,FALSE,TRUE,36
"2.2.2.1.2.2.2.2.2.2.1.2.1.2.1.2.2.2.1.3.2.2",0.196145262439433,FALSE,TRUE,37
"2.2.2.1.2.2.2.2.2.2.1.2.2.1.1.2.2.2.1.3.2.2",0.27481069240325,FALSE,TRUE,37
"2.2.2.1.2.2.2.2.2.2.1.2.2.2.1.1.2.2.1.3.2.2",0.337759393330047,FALSE,TRUE,37
"2.2.2.1.2.2.2.2.2.2.1.2.2.2.1.2.1.2.1.3.2.2",0.322482003646095,FALSE,TRUE,37
"2.2.2.1.2.2.2.2.2.2.1.2.2.2.1.2.2.1.1.3.2.2",0.167017054823767,FALSE,TRUE,37
"2.2.2.1.2.2.2.2.2.2.1.2.2.2.1.2.2.2.1.3.1.2",0.160650178750656,FALSE,TRUE,37
"2.2.2.1.2.2.2.2.2.2.1.2.2.2.1.2.2.2.1.3.2.1",0.105426080029611,FALSE,TRUE,37
"3.2.2.2.1.2.2.2.2.2.2.2.2.2.2.2.2.2.2.1.2.2",0.182028706849568,FALSE,TRUE,40
"2.3.2.2.1.2.2.2.2.2.2.2.2.2.2.2.2.2.2.1.2.2",0.292324956386207,FALSE,TRUE,40
"2.2.3.2.1.2.2.2.2.2.2.2.2.2.2.2.2.2.2.1.2.2",0.39625890285507,FALSE,TRUE,40
"2.2.2.3.1.2.2.2.2.2.2.2.2.2.2.2.2.2.2.1.2.2",0.185307495736916,FALSE,TRUE,40
"2.2.2.2.1.3.2.2.2.2.2.2.2.2.2.2.2.2.2.1.2.2",0.467773778892749,FALSE,TRUE,40
"2.2.2.2.1.2.3.2.2.2.2.2.2.2.2.2.2.2.2.1.2.2",0.284238468673622,FALSE,TRUE,40
"2.2.2.2.1.2.2.2.3.2.2.2.2.2.2.2.2.2.2.1.2.2",0.396629940735575,FALSE,TRUE,39
"2.2.2.2.1.2.2.2.2.3.2.2.2.2.2.2.2.2.2.1.2.2",0.441671856390217,FALSE,TRUE,40
"2.2.2.2.1.2.2.2.2.2.3.2.2.2.2.2.2.2.2.1.2.2",0.272046142450271,FALSE,TRUE,40
"2.2.2.2.1.2.2.2.2.2.2.3.2.2.2.2.2.2.2.1.2.2",0.103275658890666,FALSE,TRUE,40
"2.2.2.2.1.2.2.2.2.2.2.2.3.2.2.2.2.2.2.1.2.2",0.581081257350247,FALSE,TRUE,40
"2.2.2.2.1.2.2.2.2.2.2.2.2.3.2.2.2.2.2.1.2.2",0.400538509024991,FALSE,TRUE,40
"2.2.2.2.1.2.2.2.2.2.2.2.2.2.3.2.2.2.2.1.2.2",0.453691627282404,FALSE,TRUE,40
"2.2.2.2.1.2.2.2.2.2.2.2.2.2.2.3.2.2.2.1.2.2",0.357318013832025,FALSE,TRUE,40
"2.2.2.2.1.2.2.2.2.2.2.2.2.2.2.2.3.2.2.1.2.2",0.362451660256358,FALSE,TRUE,40
"2.2.2.2.1.2.2.2.2.2.2.2.2.2.2.2.2.3.2.1.2.2",0.283729965925852,FALSE,TRUE,40
"2.2.2.2.1.2.2.2.2.2.2.2.2.2.2.2.2.2.3.1.2.2",0.101838018896281,FALSE,TRUE,39
"2.2.2.2.1.2.2.2.2.2.2.2.2.2.2.2.2.2.2.1.3.2",0.385931114306953,FALSE,TRUE,40
"2.2.2.2.1.2.2.2.2.2.2.2.2.2.2.2.2.2.2.1.2.3",0.235748358701893,FALSE,TRUE,40
"1.2.2.2.1.2.2.2.2.2.2.2.2.2.2.2.2.2.2.1.2.2",0.337990510165597,FALSE,TRUE,39
"2.1.2.2.1.2.2.2.2.2.2.2.2.2.2.2.2.2.2.1.2.2",0.354185690207236,FALSE,TRUE,39
"2.2.1.2.1.2.2.2.2.2.2.2.2.2.2.2.2.2.2.1.2.2",0.120247810355161,FALSE,TRUE,39
"2.2.2.1.1.2.2.2.2.2.2.2.2.2.2.2.2.2.2.1.2.2",0.31550543520933,FALSE,TRUE,38
"2.2.2.2.1.1.2.2.2.2.2.2.2.2.2.2.2.2.2.1.2.2",-0.0580898004318241,FALSE,TRUE,39
"2.2.2.2.1.2.1.2.2.2.2.2.2.2.2.2.2.2.2.1.2.2",0.372204736944367,FALSE,TRUE,39
"2.2.2.2.1.2.2.1.2.2.2.2.2.2.2.2.2.2.2.1.2.2",0.404487584293775,FALSE,TRUE,39
"2.2.2.2.1.2.2.2.1.2.2.2.2.2.2.2.2.2.2.1.2.2",0.146301275730176,FALSE,TRUE,39
"2.2.2.2.1.2.2.2.2.1.2.2.2.2.2.2.2.2.2.1.2.2",0.0415024685699277,FALSE,TRUE,39
"2.2.2.2.1.2.2.2.2.2.1.2.2.2.2.2.2.2.2.1.2.2",0.358249641960993,FALSE,TRUE,39
"2.2.2.2.1.2.2.2.2.2.2.1.2.2.2.2.2.2.2.1.2.2",0.476605308791043,FALSE,TRUE,39
"2.2.2.2.1.2.2.2.2.2.2.2.1.2.2.2.2.2.2.1.2.2",-0.0102098762891342,FALSE,TRUE,39
"2.2.2.2.1.2.2.2.2.2.2.2.2.2.1.2.2.2.2.1.2.2",0.150882208025722,FALSE,TRUE,39
"2.2.2.2.1.2.2.2.2.2.2.2.2.2.2.1.2.2.2.1.2.2",0.195291121436692,FALSE,TRUE,39
"2.2.2.2.1.2.2.2.2.2.2.2.2.2.2.2.1.2.2.1.2.2",0.184970050705712,FALSE,TRUE,38
"2.2.2.2.1.2.2.2.2.2.2.2.2.2.2.2.2.1.2.1.2.2",0.231680272000265,FALSE,TRUE,39
"2.2.2.2.1.2.2.2.2.2.2.2.2.2.2.2.2.2.1.1.2.2",0.343649627353609,FALSE,TRUE,39
"2.2.2.2.1.2.2.2.2.2.2.2.2.2.2.2.2.2.2.1.1.2",0.0805629666517753,FALSE,TRUE,39
"2.2.2.2.1.2.2.2.2.2.2.2.2.2.2.2.2.2.2.1.2.1",0.289480293372057,FALSE,TRUE,39
"3.2.2.2.2.2.2.2.2.3.1.2.2.3.2.2.2.2.3.2.2.1",0.197852427870072,FALSE,TRUE,40
"2.3.2.2.2.2.2.2.2.3.1.2.2.3.2.2.2.2.3.2.2.1",0.422649848638177,FALSE,TRUE,40
"2.2.3.2.2.2.2.2.2.3.1.2.2.3.2.2.2.2.3.2.2.1",0.0799712353664294,FALSE,TRUE,40
"2.2.2.3.2.2.2.2.2.3.1.2.2.3.2.2.2.2.3.2.2.1",0.314511130715926,FALSE,TRUE,40
"2.2.2.2.3.2.2.2.2.3.1.2.2.3.2.2.2.2.3.2.2.1",0.329935191213195,FALSE,TRUE,40
"2.2.2.2.2.3.2.2.2.3.1.2.2.3.2.2.2.2.3.2.2.1",0.42270713984503,FALSE,TRUE,40
"2.2.2.2.2.2.3.2.2.3.1.2.2.3.2.2.2.2.3.2.2.1",0.0889065960129566,FALSE,TRUE,40
"2.2.2.2.2.2.2.3.2.3.1.2.2.3.2.2.2.2.3.2.2.1",0.145323650891483,FALSE,TRUE,40
"2.2.2.2.2.2.2.2.3.3.1.2.2.3.2.2.2.2.3.2.2.1",-0.012052842456225,FALSE,TRUE,40
"2.2.2.2.2.2.2.2.2.4.1.2.2.3.2.2.2.2.3.2.2.1",0.0121145087030285,FALSE,TRUE,40
"2.2.2.2.2.2.2.2.2.3.1.3.2.3.2.2.2.2.3.2.2.1",0.21540559502588,FALSE,TRUE,40
"2.2.2.2.2.2.2.2.2.3.1.2.3.3.2.2.2.2.3.2.2.1",0.139437801009892,FALSE,TRUE,40
"2.2.2.2.2.2.2.2.2.3.1.2.2.4.2.2.2.2.3.2.2.1",0.213800657899623,FALSE,TRUE,41
"2.2.2.2.2.2.2.2.2.3.1.2.2.3.3.2.2.2.3.2.2.1",0.146191744643089,FALSE,TRUE,39
"2.2.2.2.2.2.2.2.2.3.1.2.2.3.2.3.2.2.3.2.2.1",0.333917472066317,FALSE,TRUE,40
"2.2.2.2.2.2.2.2.2.3.1.2.2.3.2.2.3.2.3.2.2.1",0.43052420178198,FALSE,TRUE,40
"2.2.2.2.2.2.2.2.2.3.1.2.2.3.2.2.2.3.3.2.2.1",0.217833706749683,FALSE,TRUE,40
"2.2.2.2.2.2.2.2.2.3.1.2.2.3.2.2.2.2.4.2.2.1",0.226034646272671,FALSE,TRUE,40
"2.2.2.2.2.2.2.2.2.3.1.2.2.3.2.2.2.2.3.3.2.1",-0.155716327021867,FALSE,TRUE,40
"2.2.2.2.2.2.2.2.2.3.1.2.2.3.2.2.2.2.3.2.3.1",0.403726687576798,FALSE,TRUE,40
"2.2.2.2.2.2.2.2.2.3.1.2.2.3.2.2.2.2.3.2.2.2",0.132034162952989,FALSE,TRUE,39
"1.2.2.2.2.2.2.2.2.3.1.2.2.3.2.2.2.2.3.2.2.1",0.311452376643763,FALSE,TRUE,39
"2.1.2.2.2.2.2.2.2.3.1.2.2.3.2.2.2.2.3.2.2.1",0.13670805664531,FALSE,TRUE,39
"2.2.1.2.2.2.2.2.2.3.1.2.2.3.2.2.2.2.3.2.2.1",0.321947186250188,FALSE,TRUE,39
"2.2.2.1.2.2.2.2.2.3.1.2.2.3.2.2.2.2.3.2.2.1",0.235986238904824,FALSE,TRUE,39
"2.2.2.2.1.2.2.2.2.3.1.2.2.3.2.2.2.2.3.2.2.1",0.215485108326155,FALSE,TRUE,39
"2.2.2.2.2.1.2.2.2.3.1.2.2.3.2.2.2.2.3.2.2.1",-0.0209100252795303,FALSE,TRUE,39
"2.2.2.2.2.2.1.2.2.3.1.2.2.3.2.2.2.2.3.2.2.1",0.454198104774895,FALSE,TRUE,39
"2.2.2.2.2.2.2.1.2.3.1.2.2.3.2.2.2.2.3.2.2.1",0.437922348029236,FALSE,TRUE,39
"2.2.2.2.2.2.2.2.1.3.1.2.2.3.2.2.2.2.3.2.2.1",0.50657477418645,FALSE,TRUE,39
"2.2.2.2.2.2.2.2.2.2.1.2.2.3.2.2.2.2.3.2.2.1",0.401653320709321,FALSE,TRUE,38
"2.2.2.2.2.2.2.2.2.3.1.1.2.3.2.2.2.2.3.2.2.1",0.34944730175576,FALSE,TRUE,39
"2.2.2.2.2.2.2.2.2.3.1.2.1.3.2.2.2.2.3.2.2.1",0.332039067702588,FALSE,TRUE,39
"2.2.2.2.2.2.2.2.2.3.1.2.2.3.1.2.2.2.3.2.2.1",0.372584789452533,FALSE,TRUE,39
"2.2.2.2.2.2.2.2.2.3.1.2.2.3.2.1.2.2.3.2.2.1",0.147205844116343,FALSE,TRUE,39
"2.2.2.2.2.2.2.2.2.3.1.2.2.3.2.2.1.2.3.2.2.1",0.0646414822320546,FALSE,TRUE,39
"2.2.2.2.2.2.2.2.2.3.1.2.2.3.2.2.2.1.3.2.2.1",0.231210463724912,FALSE,TRUE,39
"2.2.2.2.2.2.2.2.2.3.1.2.2.3.2.2.2.2.2.2.2.1",0.268328911993555,FALSE,TRUE,40
"2.2.2.2.2.2.2.2.2.3.1.2.2.3.2.2.2.2.3.1.2.1",0.591481831388836,FALSE,TRUE,39
"2.2.2.2.2.2.2.2.2.3.1.2.2.3.2.2.2.2.3.2.1.1",0.104720868247477,FALSE,TRUE,39
"3.2.2.1.2.2.2.2.2.3.2.2.2.1.2.2.2.2.2.2.2.2",0.152601520387851,FALSE,TRUE,39
"2.3.2.1.2.2.2.2.2.3.2.2.2.1.2.2.2.2.2.2.2.2",0.264775737364616,FALSE,TRUE,39
"2.2.3.1.2.2.2.2.2.3.2.2.2.1.2.2.2.2.2.2.2.2",0.168040132721849,FALSE,TRUE,39
"2.2.2.2.2.2.2.2.2.3.2.2.2.1.2.2.2.2.2.2.2.2",0.292898887452756,FALSE,TRUE,37
"2.2.2.1.3.2.2.2.2.3.2.2.2.1.2.2.2.2.2.2.2.2",0.148533232864462,FALSE,TRUE,40
"2.2.2.1.2.3.2.2.2.3.2.2.2.1.2.2.2.2.2.2.2.2",0.350608250259777,FALSE,TRUE,39
"2.2.2.1.2.2.3.2.2.3.2.2.2.1.2.2.2.2.2.2.2.2",0.326691944114472,FALSE,TRUE,39
"2.2.2.1.2.2.2.3.2.3.2.2.2.1.2.2.2.2.2.2.2.2",0.34448213846189,FALSE,TRUE,39
"2.2.2.1.2.2.2.2.3.3.2.2.2.1.2.2.2.2.2.2.2.2",0.324316877429973,FALSE,TRUE,39
"2.2.2.1.2.2.2.2.2.4.2.2.2.1.2.2.2.2.2.2.2.2",-0.0609970061041648,FALSE,TRUE,39
"2.2.2.1.2.2.2.2.2.3.3.2.2.1.2.2.2.2.2.2.2.2",0.239516401056478,FALSE,TRUE,39
"2.2.2.1.2.2.2.2.2.3.2.3.2.1.2.2.2.2.2.2.2.2",0.206806803871567,FALSE,TRUE,39
"2.2.2.1.2.2.2.2.2.3.2.2.3.1.2.2.2.2.2.2.2.2",0.472522870528074,FALSE,TRUE,39
"2.2.2.1.2.2.2.2.2.3.2.2.2.1.3.2.2.2.2.2.2.2",0.230313863010182,FALSE,TRUE,39
"2.2.2.1.2.2.2.2.2.3.2.2.2.1.2.3.2.2.2.2.2.2",0.193508457571168,FALSE,TRUE,39
"2.2.2.1.2.2.2.2.2.3.2.2.2.1.2.2.3.2.2.2.2.2",0.33777134255316,FALSE,TRUE,39
"2.2.2.1.2.2.2.2.2.3.2.2.2.1.2.2.2.3.2.2.2.2",0.250024890662619,FALSE,TRUE,39
"2.2.2.1.2.2.2.2.2.3.2.2.2.1.2.2.2.2.3.2.2.2",0.219540708065058,FALSE,TRUE,38
"2.2.2.1.2.2.2.2.2.3.2.2.2.1.2.2.2.2.2.3.2.2",0.127017855592045,FALSE,TRUE,39
"2.2.2.1.2.2.2.2.2.3.2.2.2.1.2.2.2.2.2.2.3.2",0.19123839142395,FALSE,TRUE,39
"2.2.2.1.2.2.2.2.2.3.2.2.2.1.2.2.2.2.2.2.2.3",0.0882455555243884,FALSE,TRUE,38
"1.2.2.1.2.2.2.2.2.3.2.2.2.1.2.2.2.2.2.2.2.2",0.343373452296984,FALSE,TRUE,38
"2.1.2.1.2.2.2.2.2.3.2.2.2.1.2.2.2.2.2.2.2.2",0.3013872691261,FALSE,TRUE,38
"2.2.1.1.2.2.2.2.2.3.2.2.2.1.2.2.2.2.2.2.2.2",0.225493348701063,FALSE,TRUE,38
"2.2.2.1.2.1.2.2.2.3.2.2.2.1.2.2.2.2.2.2.2.2",0.201991908005765,FALSE,TRUE,38
"2.2.2.1.2.2.1.2.2.3.2.2.2.1.2.2.2.2.2.2.2.2",0.196104501620706,FALSE,TRUE,38
"2.2.2.1.2.2.2.1.2.3.2.2.2.1.2.2.2.2.2.2.2.2",0.168290050214055,FALSE,TRUE,38
"2.2.2.1.2.2.2.2.1.3.2.2.2.1.2.2.2.2.2.2.2.2",0.296504389256984,FALSE,TRUE,38
"2.2.2.1.2.2.2.2.2.3.1.2.2.1.2.2.2.2.2.2.2.2",0.354244056663557,FALSE,TRUE,38
"2.2.2.1.2.2.2.2.2.3.2.1.2.1.2.2.2.2.2.2.2.2",0.34095007873384,FALSE,TRUE,38
"2.2.2.1.2.2.2.2.2.3.2.2.1.1.2.2.2.2.2.2.2.2",0.122933960262195,FALSE,TRUE,38
"2.2.2.1.2.2.2.2.2.3.2.2.2.1.1.2.2.2.2.2.2.2",0.222839527311049,FALSE,TRUE,38
"2.2.2.1.2.2.2.2.2.3.2.2.2.1.2.1.2.2.2.2.2.2",0.314287390973954,FALSE,TRUE,38
"2.2.2.1.2.2.2.2.2.3.2.2.2.1.2.2.1.2.2.2.2.2",0.210837561292542,FALSE,TRUE,37
"2.2.2.1.2.2.2.2.2.3.2.2.2.1.2.2.2.1.2.2.2.2",0.226730976279638,FALSE,TRUE,38
"2.2.2.1.2.2.2.2.2.3.2.2.2.1.2.2.2.2.2.1.2.2",0.328197892669875,FALSE,TRUE,38
"2.2.2.1.2.2.2.2.2.3.2.2.2.1.2.2.2.2.2.2.1.2",0.311684095099327,FALSE,TRUE,38
"2.2.2.1.2.2.2.2.2.3.2.2.2.1.2.2.2.2.2.2.2.1",0.366334753393171,FALSE,TRUE,38
"3.2.2.1.2.2.2.2.2.1.2.2.3.2.2.2.2.2.2.2.2.2",0.436239083300642,FALSE,TRUE,37
"2.3.2.1.2.2.2.2.2.1.2.2.3.2.2.2.2.2.2.2.2.2",0.545791497697397,FALSE,TRUE,37
"2.2.3.1.2.2.2.2.2.1.2.2.3.2.2.2.2.2.2.2.2.2",0.547518434501215,FALSE,TRUE,37
"2.2.2.1.3.2.2.2.2.1.2.2.3.2.2.2.2.2.2.2.2.2",0.532450497795188,FALSE,TRUE,37
"2.2.2.1.2.3.2.2.2.1.2.2.3.2.2.2.2.2.2.2.2.2",0.55315680498099,FALSE,TRUE,37
"2.2.2.1.2.2.3.2.2.1.2.2.3.2.2.2.2.2.2.2.2.2",0.411443435982196,FALSE,TRUE,37
"2.2.2.1.2.2.2.3.2.1.2.2.3.2.2.2.2.2.2.2.2.2",0.329683591631854,FALSE,TRUE,37
"2.2.2.1.2.2.2.2.3.1.2.2.3.2.2.2.2.2.2.2.2.2",0.459083494999332,FALSE,TRUE,37
"2.2.2.1.2.2.2.2.2.1.3.2.3.2.2.2.2.2.2.2.2.2",0.474955815775735,FALSE,TRUE,37
"2.2.2.1.2.2.2.2.2.1.2.3.3.2.2.2.2.2.2.2.2.2",0.38840645101686,FALSE,TRUE,37
"2.2.2.1.2.2.2.2.2.1.2.2.4.2.2.2.2.2.2.2.2.2",0.637862567771304,FALSE,TRUE,38
"2.2.2.1.2.2.2.2.2.1.2.2.3.3.2.2.2.2.2.2.2.2",0.581418138685414,FALSE,TRUE,37
"2.2.2.1.2.2.2.2.2.1.2.2.3.2.3.2.2.2.2.2.2.2",0.59882277337683,FALSE,TRUE,37
"2.2.2.1.2.2.2.2.2.1.2.2.3.2.2.3.2.2.2.2.2.2",0.519572710387218,FALSE,TRUE,37
"2.2.2.1.2.2.2.2.2.1.2.2.3.2.2.2.3.2.2.2.2.2",0.413629279761955,FALSE,TRUE,37
"2.2.2.1.2.2.2.2.2.1.2.2.3.2.2.2.2.3.2.2.2.2",0.310462960985502,FALSE,TRUE,38
"2.2.2.1.2.2.2.2.2.1.2.2.3.2.2.2.2.2.3.2.2.2",0.436660141030983,FALSE,TRUE,37
"2.2.2.1.2.2.2.2.2.1.2.2.3.2.2.2.2.2.2.3.2.2",0.468422808979435,FALSE,TRUE,38
"2.2.2.1.2.2.2.2.2.1.2.2.3.2.2.2.2.2.2.2.3.2",0.738265124180035,FALSE,TRUE,37
"2.2.2.1.2.2.2.2.2.1.2.2.3.2.2.2.2.2.2.2.2.3",0.517865291904016,FALSE,TRUE,36
"1.2.2.1.2.2.2.2.2.1.2.2.3.2.2.2.2.2.2.2.2.2",0.463704165177398,FALSE,TRUE,36
"2.1.2.1.2.2.2.2.2.1.2.2.3.2.2.2.2.2.2.2.2.2",0.3969386396727,FALSE,TRUE,36
"2.2.1.1.2.2.2.2.2.1.2.2.3.2.2.2.2.2.2.2.2.2",0.308217897144936,FALSE,TRUE,36
"2.2.2.1.1.2.2.2.2.1.2.2.3.2.2.2.2.2.2.2.2.2",0.411290998767299,FALSE,TRUE,36
"2.2.2.1.2.1.2.2.2.1.2.2.3.2.2.2.2.2.2.2.2.2",0.291957262843506,FALSE,TRUE,36
"2.2.2.1.2.2.1.2.2.1.2.2.3.2.2.2.2.2.2.2.2.2",0.527479001682863,FALSE,TRUE,36
"2.2.2.1.2.2.2.1.2.1.2.2.3.2.2.2.2.2.2.2.2.2",0.610285291418607,FALSE,TRUE,36
"2.2.2.1.2.2.2.2.1.1.2.2.3.2.2.2.2.2.2.2.2.2",0.342421927520929,FALSE,TRUE,36
"2.2.2.1.2.2.2.2.2.1.1.2.3.2.2.2.2.2.2.2.2.2",0.550689970641737,FALSE,TRUE,36
"2.2.2.1.2.2.2.2.2.1.2.1.3.2.2.2.2.2.2.2.2.2",0.55009372774957,FALSE,TRUE,36
"2.2.2.1.2.2.2.2.2.1.2.2.3.1.2.2.2.2.2.2.2.2",0.385520896635107,FALSE,TRUE,36
"2.2.2.1.2.2.2.2.2.1.2.2.3.2.1.2.2.2.2.2.2.2",0.353752093329902,FALSE,TRUE,36
"2.2.2.1.2.2.2.2.2.1.2.2.3.2.2.1.2.2.2.2.2.2",0.360994516238641,FALSE,TRUE,36
"2.2.2.1.2.2.2.2.2.1.2.2.3.2.2.2.1.2.2.2.2.2",0.405518684571221,FALSE,TRUE,36
"2.2.2.1.2.2.2.2.2.1.2.2.3.2.2.2.2.2.1.2.2.2",0.446641390066129,FALSE,TRUE,35
"2.2.2.1.2.2.2.2.2.1.2.2.3.2.2.2.2.2.2.2.1.2",0.155538747977512,FALSE,TRUE,36
"2.2.2.1.2.2.2.2.2.1.2.2.3.2.2.2.2.2.2.2.2.1",0.281969974546364,FALSE,TRUE,36
"1.3.2.2.2.2.2.2.2.2.2.2.2.2.2.3.2.2.3.2.2.2",0.284087674730937,FALSE,TRUE,41
"1.2.3.2.2.2.2.2.2.2.2.2.2.2.2.3.2.2.3.2.2.2",0.311718182352678,FALSE,TRUE,41
"1.2.2.3.2.2.2.2.2.2.2.2.2.2.2.3.2.2.3.2.2.2",0.295389657231866,FALSE,TRUE,41
"1.2.2.2.3.2.2.2.2.2.2.2.2.2.2.3.2.2.3.2.2.2",0.31773821504943,FALSE,TRUE,41
"1.2.2.2.2.3.2.2.2.2.2.2.2.2.2.3.2.2.3.2.2.2",0.255805488674786,FALSE,TRUE,41
"1.2.2.2.2.2.3.2.2.2.2.2.2.2.2.3.2.2.3.2.2.2",0.379684588132692,FALSE,TRUE,41
"1.2.2.2.2.2.2.3.2.2.2.2.2.2.2.3.2.2.3.2.2.2",0.434110076255686,FALSE,TRUE,41
"1.2.2.2.2.2.2.2.3.2.2.2.2.2.2.3.2.2.3.2.2.2",0.473197895894867,FALSE,TRUE,41
"1.2.2.2.2.2.2.2.2.3.2.2.2.2.2.3.2.2.3.2.2.2",0.217392935860183,FALSE,TRUE,40
"1.2.2.2.2.2.2.2.2.2.3.2.2.2.2.3.2.2.3.2.2.2",0.348320622308413,FALSE,TRUE,41
"1.2.2.2.2.2.2.2.2.2.2.3.2.2.2.3.2.2.3.2.2.2",0.248260417324532,FALSE,TRUE,41
"1.2.2.2.2.2.2.2.2.2.2.2.3.2.2.3.2.2.3.2.2.2",0.303683320369906,FALSE,TRUE,41
"1.2.2.2.2.2.2.2.2.2.2.2.2.3.2.3.2.2.3.2.2.2",0.291551699363907,FALSE,TRUE,41
"1.2.2.2.2.2.2.2.2.2.2.2.2.2.3.3.2.2.3.2.2.2",0.339578891182924,FALSE,TRUE,41
"1.2.2.2.2.2.2.2.2.2.2.2.2.2.2.4.2.2.3.2.2.2",0.376394941147487,FALSE,TRUE,42
"1.2.2.2.2.2.2.2.2.2.2.2.2.2.2.3.3.2.3.2.2.2",0.17604134581741,FALSE,TRUE,41
"1.2.2.2.2.2.2.2.2.2.2.2.2.2.2.3.2.3.3.2.2.2",0.463219596590459,FALSE,TRUE,41
"1.2.2.2.2.2.2.2.2.2.2.2.2.2.2.3.2.2.4.2.2.2",0.139993682849183,FALSE,TRUE,41
"1.2.2.2.2.2.2.2.2.2.2.2.2.2.2.3.2.2.3.3.2.2",0.395302839742584,FALSE,TRUE,41
"1.2.2.2.2.2.2.2.2.2.2.2.2.2.2.3.2.2.3.2.3.2",0.1571022070806,FALSE,TRUE,41
"1.2.2.2.2.2.2.2.2.2.2.2.2.2.2.3.2.2.3.2.2.3",0.254590731957698,FALSE,TRUE,41
"1.1.2.2.2.2.2.2.2.2.2.2.2.2.2.3.2.2.3.2.2.2",0.424123137856557,FALSE,TRUE,40
"1.2.1.2.2.2.2.2.2.2.2.2.2.2.2.3.2.2.3.2.2.2",0.268217295736619,FALSE,TRUE,40
"1.2.2.1.2.2.2.2.2.2.2.2.2.2.2.3.2.2.3.2.2.2",0.296892537442566,FALSE,TRUE,40
"1.2.2.2.1.2.2.2.2.2.2.2.2.2.2.3.2.2.3.2.2.2",0.34610774500513,FALSE,TRUE,40
"1.2.2.2.2.1.2.2.2.2.2.2.2.2.2.3.2.2.3.2.2.2",0.25493278992807,FALSE,TRUE,40
"1.2.2.2.2.2.1.2.2.2.2.2.2.2.2.3.2.2.3.2.2.2",0.267309552605422,FALSE,TRUE,39
"1.2.2.2.2.2.2.1.2.2.2.2.2.2.2.3.2.2.3.2.2.2",0.25048316661317,FALSE,TRUE,40
"1.2.2.2.2.2.2.2.1.2.2.2.2.2.2.3.2.2.3.2.2.2",0.223374878144741,FALSE,TRUE,40
"1.2.2.2.2.2.2.2.2.1.2.2.2.2.2.3.2.2.3.2.2.2",0.234380100868318,FALSE,TRUE,40
"1.2.2.2.2.2.2.2.2.2.1.2.2.2.2.3.2.2.3.2.2.2",0.370647905916947,FALSE,TRUE,39
"1.2.2.2.2.2.2.2.2.2.2.1.2.2.2.3.2.2.3.2.2.2",0.414532753691125,FALSE,TRUE,40
"1.2.2.2.2.2.2.2.2.2.2.2.1.2.2.3.2.2.3.2.2.2",0.31159381946488,FALSE,TRUE,40
"1.2.2.2.2.2.2.2.2.2.2.2.2.2.1.3.2.2.3.2.2.2",0.230375550059439,FALSE,TRUE,40
"1.2.2.2.2.2.2.2.2.2.2.2.2.2.2.3.1.2.3.2.2.2",0.484481628069655,FALSE,TRUE,40
"1.2.2.2.2.2.2.2.2.2.2.2.2.2.2.3.2.2.2.2.2.2",0.443567683382285,FALSE,TRUE,40
"1.2.2.2.2.2.2.2.2.2.2.2.2.2.2.3.2.2.3.1.2.2",0.212310404565463,FALSE,TRUE,40
"1.2.2.2.2.2.2.2.2.2.2.2.2.2.2.3.2.2.3.2.1.2",0.422563006720281,FALSE,TRUE,40
"1.2.2.2.2.2.2.2.2.2.2.2.2.2.2.3.2.2.3.2.2.1",0.425774833484403,FALSE,TRUE,39
"3.2.2.2.2.2.2.2.2.3.2.2.2.2.2.2.1.2.2.2.2.2",0.0171738877794162,FALSE,TRUE,40
"2.3.2.2.2.2.2.2.2.3.2.2.2.2.2.2.1.2.2.2.2.2",0.0207380876015913,FALSE,TRUE,38
"2.2.3.2.2.2.2.2.2.3.2.2.2.2.2.2.1.2.2.2.2.2",-0.0520894266084146,FALSE,TRUE,40
"2.2.2.3.2.2.2.2.2.3.2.2.2.2.2.2.1.2.2.2.2.2",0.113033512859895,FALSE,TRUE,40
"2.2.2.2.3.2.2.2.2.3.2.2.2.2.2.2.1.2.2.2.2.2",-0.024256199764312,FALSE,TRUE,40
"2.2.2.2.2.3.2.2.2.3.2.2.2.2.2.2.1.2.2.2.2.2",0.277978008295731,FALSE,TRUE,40
"2.2.2.2.2.2.3.2.2.3.2.2.2.2.2.2.1.2.2.2.2.2",0.00245892295470642,FALSE,TRUE,40
"2.2.2.2.2.2.2.3.2.3.2.2.2.2.2.2.1.2.2.2.2.2",0.0219467908084887,FALSE,TRUE,40
"2.2.2.2.2.2.2.2.3.3.2.2.2.2.2.2.1.2.2.2.2.2",0.154662839989604,FALSE,TRUE,40
"2.2.2.2.2.2.2.2.2.4.2.2.2.2.2.2.1.2.2.2.2.2",-0.227463978572034,FALSE,TRUE,41
"2.2.2.2.2.2.2.2.2.3.2.3.2.2.2.2.1.2.2.2.2.2",0.107683476660291,FALSE,TRUE,40
"2.2.2.2.2.2.2.2.2.3.2.2.3.2.2.2.1.2.2.2.2.2",0.219295746711189,FALSE,TRUE,40
"2.2.2.2.2.2.2.2.2.3.2.2.2.3.2.2.1.2.2.2.2.2",0.00374565437748867,FALSE,TRUE,40
"2.2.2.2.2.2.2.2.2.3.2.2.2.2.3.2.1.2.2.2.2.2",-0.0661098938267528,FALSE,TRUE,40
"2.2.2.2.2.2.2.2.2.3.2.2.2.2.2.3.1.2.2.2.2.2",0.0952085945601963,FALSE,TRUE,40
"2.2.2.2.2.2.2.2.2.3.2.2.2.2.2.2.1.2.2.3.2.2",-0.125506409835225,FALSE,TRUE,40
"2.2.2.2.2.2.2.2.2.3.2.2.2.2.2.2.1.2.2.2.3.2",0.145154734763681,FALSE,TRUE,40
"2.2.2.2.2.2.2.2.2.3.2.2.2.2.2.2.1.2.2.2.2.3",0.10941780930655,FALSE,TRUE,40
"1.2.2.2.2.2.2.2.2.3.2.2.2.2.2.2.1.2.2.2.2.2",0.17039770882546,FALSE,TRUE,39
"2.1.2.2.2.2.2.2.2.3.2.2.2.2.2.2.1.2.2.2.2.2",0.139838192556435,FALSE,TRUE,39
"2.2.1.2.2.2.2.2.2.3.2.2.2.2.2.2.1.2.2.2.2.2",0.0870294866032286,FALSE,TRUE,39
"2.2.2.2.1.2.2.2.2.3.2.2.2.2.2.2.1.2.2.2.2.2",0.141628311437449,FALSE,TRUE,38
"2.2.2.2.2.1.2.2.2.3.2.2.2.2.2.2.1.2.2.2.2.2",-0.10423737125277,FALSE,TRUE,39
"2.2.2.2.2.2.1.2.2.3.2.2.2.2.2.2.1.2.2.2.2.2",0.118543056279004,FALSE,TRUE,39
"2.2.2.2.2.2.2.1.2.3.2.2.2.2.2.2.1.2.2.2.2.2",0.0861602727376375,FALSE,TRUE,39
"2.2.2.2.2.2.2.2.1.3.2.2.2.2.2.2.1.2.2.2.2.2",0.147733347177348,FALSE,TRUE,39
"2.2.2.2.2.2.2.2.2.3.1.2.2.2.2.2.1.2.2.2.2.2",0.0446215992717545,FALSE,TRUE,39
"2.2.2.2.2.2.2.2.2.3.2.1.2.2.2.2.1.2.2.2.2.2",0.133769072455182,FALSE,TRUE,39
"2.2.2.2.2.2.2.2.2.3.2.2.1.2.2.2.1.2.2.2.2.2",-0.0392509259737372,FALSE,TRUE,39
"2.2.2.2.2.2.2.2.2.3.2.2.2.1.2.2.1.2.2.2.2.2",0.0941088691256915,FALSE,TRUE,37
"2.2.2.2.2.2.2.2.2.3.2.2.2.2.1.2.1.2.2.2.2.2",0.109425995676224,FALSE,TRUE,39
"2.2.2.2.2.2.2.2.2.3.2.2.2.2.2.1.1.2.2.2.2.2",0.0629333772267305,FALSE,TRUE,39
"2.2.2.2.2.2.2.2.2.3.2.2.2.2.2.2.1.1.2.2.2.2",-0.00817614890057089,FALSE,TRUE,40
"2.2.2.2.2.2.2.2.2.3.2.2.2.2.2.2.1.2.1.2.2.2",0.0698768373793395,FALSE,TRUE,37
"2.2.2.2.2.2.2.2.2.3.2.2.2.2.2.2.1.2.2.1.2.2",0.197012906160521,FALSE,TRUE,39
"2.2.2.2.2.2.2.2.2.3.2.2.2.2.2.2.1.2.2.2.1.2",-0.0114836765523021,FALSE,TRUE,39
"2.2.2.2.2.2.2.2.2.3.2.2.2.2.2.2.1.2.2.2.2.1",0.0801127737698253,FALSE,TRUE,37
"3.2.2.1.2.2.2.2.2.2.1.1.2.2.2.2.2.2.1.2.2.2",0.185005019540311,FALSE,TRUE,38
"2.3.2.1.2.2.2.2.2.2.1.1.2.2.2.2.2.2.1.2.2.2",0.232753658639663,FALSE,TRUE,38
"2.2.3.1.2.2.2.2.2.2.1.1.2.2.2.2.2.2.1.2.2.2",0.264572348557564,FALSE,TRUE,38
"2.2.2.2.2.2.2.2.2.2.1.1.2.2.2.2.2.2.1.2.2.2",0.259763488907778,FALSE,TRUE,39
"2.2.2.1.3.2.2.2.2.2.1.1.2.2.2.2.2.2.1.2.2.2",0.118883188628929,FALSE,TRUE,38
"2.2.2.1.2.3.2.2.2.2.1.1.2.2.2.2.2.2.1.2.2.2",0.124101358370745,FALSE,TRUE,38
"2.2.2.1.2.2.3.2.2.2.1.1.2.2.2.2.2.2.1.2.2.2",0.358270330169812,FALSE,TRUE,38
"2.2.2.1.2.2.2.3.2.2.1.1.2.2.2.2.2.2.1.2.2.2",0.34110309695096,FALSE,TRUE,38
"2.2.2.1.2.2.2.2.3.2.1.1.2.2.2.2.2.2.1.2.2.2",0.332269180768552,FALSE,TRUE,38
"2.2.2.1.2.2.2.2.2.3.1.1.2.2.2.2.2.2.1.2.2.2",0.178211718115136,FALSE,TRUE,37
"2.2.2.1.2.2.2.2.2.2.1.1.3.2.2.2.2.2.1.2.2.2",0.295955652668647,FALSE,TRUE,38
"2.2.2.1.2.2.2.2.2.2.1.1.2.3.2.2.2.2.1.2.2.2",0.275699217506715,FALSE,TRUE,38
"2.2.2.1.2.2.2.2.2.2.1.1.2.2.3.2.2.2.1.2.2.2",0.233927655131485,FALSE,TRUE,38
"2.2.2.1.2.2.2.2.2.2.1.1.2.2.2.3.2.2.1.2.2.2",0.160711775769164,FALSE,TRUE,38
"2.2.2.1.2.2.2.2.2.2.1.1.2.2.2.2.3.2.1.2.2.2",0.22526820109897,FALSE,TRUE,37
"2.2.2.1.2.2.2.2.2.2.1.1.2.2.2.2.2.3.1.2.2.2",0.133767201014516,FALSE,TRUE,38
"2.2.2.1.2.2.2.2.2.2.1.1.2.2.2.2.2.2.2.2.2.2",0.467100349695194,FALSE,TRUE,38
"2.2.2.1.2.2.2.2.2.2.1.1.2.2.2.2.2.2.1.2.3.2",0.234102466317996,FALSE,TRUE,38
"2.2.2.1.2.2.2.2.2.2.1.1.2.2.2.2.2.2.1.2.2.3",0.425314523603687,FALSE,TRUE,38
"1.2.2.1.2.2.2.2.2.2.1.1.2.2.2.2.2.2.1.2.2.2",0.324405993767705,FALSE,TRUE,37
"2.1.2.1.2.2.2.2.2.2.1.1.2.2.2.2.2.2.1.2.2.2",0.275784923209203,FALSE,TRUE,37
"2.2.1.1.2.2.2.2.2.2.1.1.2.2.2.2.2.2.1.2.2.2",0.0984967392203906,FALSE,TRUE,37
"2.2.2.1.1.2.2.2.2.2.1.1.2.2.2.2.2.2.1.2.2.2",0.378945500651003,FALSE,TRUE,37
"2.2.2.1.2.1.2.2.2.2.1.1.2.2.2.2.2.2.1.2.2.2",0.439030115290485,FALSE,TRUE,37
"2.2.2.1.2.2.1.2.2.2.1.1.2.2.2.2.2.2.1.2.2.2",0.014424670341493,FALSE,TRUE,37
"2.2.2.1.2.2.2.1.2.2.1.1.2.2.2.2.2.2.1.2.2.2",0.127587903344667,FALSE,TRUE,37
"2.2.2.1.2.2.2.2.1.2.1.1.2.2.2.2.2.2.1.2.2.2",0.165895826788787,FALSE,TRUE,37
"2.2.2.1.2.2.2.2.2.1.1.1.2.2.2.2.2.2.1.2.2.2",0.183909649710298,FALSE,TRUE,37
"2.2.2.1.2.2.2.2.2.2.1.1.1.2.2.2.2.2.1.2.2.2",0.223538411861886,FALSE,TRUE,37
"2.2.2.1.2.2.2.2.2.2.1.1.2.1.2.2.2.2.1.2.2.2",0.207594452391876,FALSE,TRUE,37
"2.2.2.1.2.2.2.2.2.2.1.1.2.2.1.2.2.2.1.2.2.2",0.196525939815956,FALSE,TRUE,36
"2.2.2.1.2.2.2.2.2.2.1.1.2.2.2.1.2.2.1.2.2.2",0.277123146915471,FALSE,TRUE,37
"2.2.2.1.2.2.2.2.2.2.1.1.2.2.2.2.1.2.1.2.2.2",0.332519680104641,FALSE,TRUE,37
"2.2.2.1.2.2.2.2.2.2.1.1.2.2.2.2.2.1.1.2.2.2",0.287042605631715,FALSE,TRUE,37
"2.2.2.1.2.2.2.2.2.2.1.1.2.2.2.2.2.2.1.1.2.2",0.0887402864124755,FALSE,TRUE,37
"2.2.2.1.2.2.2.2.2.2.1.1.2.2.2.2.2.2.1.2.1.2",0.279940239732514,FALSE,TRUE,37
"2.2.2.1.2.2.2.2.2.2.1.1.2.2.2.2.2.2.1.2.2.1",0.0596778550555416,FALSE,TRUE,37
"1.3.2.2.2.2.2.2.2.1.2.2.2.2.2.2.2.2.3.2.2.2",0.126760586450567,FALSE,TRUE,40
"1.2.3.2.2.2.2.2.2.1.2.2.2.2.2.2.2.2.3.2.2.2",0.334985548184582,FALSE,TRUE,40
"1.2.2.3.2.2.2.2.2.1.2.2.2.2.2.2.2.2.3.2.2.2",0.00583392698139957,FALSE,TRUE,40
"1.2.2.2.3.2.2.2.2.1.2.2.2.2.2.2.2.2.3.2.2.2",0.122570118663444,FALSE,TRUE,40
"1.2.2.2.2.3.2.2.2.1.2.2.2.2.2.2.2.2.3.2.2.2",0.202977218116087,FALSE,TRUE,40
"1.2.2.2.2.2.3.2.2.1.2.2.2.2.2.2.2.2.3.2.2.2",0.237410169413295,FALSE,TRUE,40
"1.2.2.2.2.2.2.3.2.1.2.2.2.2.2.2.2.2.3.2.2.2",0.180593977452358,FALSE,TRUE,40
"1.2.2.2.2.2.2.2.3.1.2.2.2.2.2.2.2.2.3.2.2.2",0.34746767619561,FALSE,TRUE,40
"1.2.2.2.2.2.2.2.2.1.3.2.2.2.2.2.2.2.3.2.2.2",0.173512205324398,FALSE,TRUE,40
"1.2.2.2.2.2.2.2.2.1.2.3.2.2.2.2.2.2.3.2.2.2",-0.00190983961235005,FALSE,TRUE,40
"1.2.2.2.2.2.2.2.2.1.2.2.3.2.2.2.2.2.3.2.2.2",0.299666644969983,FALSE,TRUE,38
"1.2.2.2.2.2.2.2.2.1.2.2.2.3.2.2.2.2.3.2.2.2",0.21942250502211,FALSE,TRUE,40
"1.2.2.2.2.2.2.2.2.1.2.2.2.2.3.2.2.2.3.2.2.2",0.301268672062203,FALSE,TRUE,40
"1.2.2.2.2.2.2.2.2.1.2.2.2.2.2.2.3.2.3.2.2.2",0.00480239889986676,FALSE,TRUE,40
"1.2.2.2.2.2.2.2.2.1.2.2.2.2.2.2.2.3.3.2.2.2",0.251192062303747,FALSE,TRUE,40
"1.2.2.2.2.2.2.2.2.1.2.2.2.2.2.2.2.2.4.2.2.2",-0.05293437941403,FALSE,TRUE,40
"1.2.2.2.2.2.2.2.2.1.2.2.2.2.2.2.2.2.3.3.2.2",0.389702475236686,FALSE,TRUE,40
"1.2.2.2.2.2.2.2.2.1.2.2.2.2.2.2.2.2.3.2.3.2",0.146063619253938,FALSE,TRUE,40
"1.2.2.2.2.2.2.2.2.1.2.2.2.2.2.2.2.2.3.2.2.3",0.232846275877566,FALSE,TRUE,40
"1.1.2.2.2.2.2.2.2.1.2.2.2.2.2.2.2.2.3.2.2.2",0.239704551107902,FALSE,TRUE,39
"1.2.1.2.2.2.2.2.2.1.2.2.2.2.2.2.2.2.3.2.2.2",-0.034644224285343,FALSE,TRUE,39
"1.2.2.1.2.2.2.2.2.1.2.2.2.2.2.2.2.2.3.2.2.2",0.23989084452214,FALSE,TRUE,37
"1.2.2.2.1.2.2.2.2.1.2.2.2.2.2.2.2.2.3.2.2.2",0.157137722402452,FALSE,TRUE,39
"1.2.2.2.2.1.2.2.2.1.2.2.2.2.2.2.2.2.3.2.2.2",-0.024100494060349,FALSE,TRUE,39
"1.2.2.2.2.2.1.2.2.1.2.2.2.2.2.2.2.2.3.2.2.2",0.19851427324801,FALSE,TRUE,38
"1.2.2.2.2.2.2.1.2.1.2.2.2.2.2.2.2.2.3.2.2.2",0.173064866801985,FALSE,TRUE,39
"1.2.2.2.2.2.2.2.1.1.2.2.2.2.2.2.2.2.3.2.2.2",-0.0059482565661907,FALSE,TRUE,39
"1.2.2.2.2.2.2.2.2.1.1.2.2.2.2.2.2.2.3.2.2.2",0.175377712389215,FALSE,TRUE,38
"1.2.2.2.2.2.2.2.2.1.2.1.2.2.2.2.2.2.3.2.2.2",0.310869244698533,FALSE,TRUE,39
"1.2.2.2.2.2.2.2.2.1.2.2.1.2.2.2.2.2.3.2.2.2",0.0586883533650627,FALSE,TRUE,39
"1.2.2.2.2.2.2.2.2.1.2.2.2.2.1.2.2.2.3.2.2.2",0.0197391940884724,FALSE,TRUE,39
"1.2.2.2.2.2.2.2.2.1.2.2.2.2.2.1.2.2.3.2.2.2",0.0658955846491076,FALSE,TRUE,39
"1.2.2.2.2.2.2.2.2.1.2.2.2.2.2.2.1.2.3.2.2.2",0.289509859127788,FALSE,TRUE,39
"1.2.2.2.2.2.2.2.2.1.2.2.2.2.2.2.2.2.2.2.2.2",0.272128564109655,FALSE,TRUE,37
"1.2.2.2.2.2.2.2.2.1.2.2.2.2.2.2.2.2.3.1.2.2",-0.052222643986197,FALSE,TRUE,39
"1.2.2.2.2.2.2.2.2.1.2.2.2.2.2.2.2.2.3.2.1.2",0.0223814434730642,FALSE,TRUE,39
"1.2.2.2.2.2.2.2.2.1.2.2.2.2.2.2.2.2.3.2.2.1",0.0183747307892686,FALSE,TRUE,38
"3.2.2.2.3.2.2.2.2.2.3.2.2.2.2.2.1.2.3.2.2.2",0.0294142184893121,FALSE,TRUE,41
"2.3.2.2.3.2.2.2.2.2.3.2.2.2.2.2.1.2.3.2.2.2",0.0998539690554389,FALSE,TRUE,41
"2.2.3.2.3.2.2.2.2.2.3.2.2.2.2.2.1.2.3.2.2.2",0.326836020006634,FALSE,TRUE,41
"2.2.2.3.3.2.2.2.2.2.3.2.2.2.2.2.1.2.3.2.2.2",0.134043883195483,FALSE,TRUE,41
"2.2.2.2.4.2.2.2.2.2.3.2.2.2.2.2.1.2.3.2.2.2",0.059992562193298,FALSE,TRUE,42
"2.2.2.2.3.3.2.2.2.2.3.2.2.2.2.2.1.2.3.2.2.2",0.165590450067094,FALSE,TRUE,41
"2.2.2.2.3.2.3.2.2.2.3.2.2.2.2.2.1.2.3.2.2.2",0.225691851103079,FALSE,TRUE,41
"2.2.2.2.3.2.2.3.2.2.3.2.2.2.2.2.1.2.3.2.2.2",0.0729535686522756,FALSE,TRUE,41
"2.2.2.2.3.2.2.2.3.2.3.2.2.2.2.2.1.2.3.2.2.2",0.355296909926792,FALSE,TRUE,41
"2.2.2.2.3.2.2.2.2.3.3.2.2.2.2.2.1.2.3.2.2.2",0.23786355570266,FALSE,TRUE,41
"2.2.2.2.3.2.2.2.2.2.4.2.2.2.2.2.1.2.3.2.2.2",0.146246506171805,FALSE,TRUE,41
"2.2.2.2.3.2.2.2.2.2.3.3.2.2.2.2.1.2.3.2.2.2",0.223437055761979,FALSE,TRUE,41
"2.2.2.2.3.2.2.2.2.2.3.2.3.2.2.2.1.2.3.2.2.2",0.379053177826598,FALSE,TRUE,41
"2.2.2.2.3.2.2.2.2.2.3.2.2.3.2.2.1.2.3.2.2.2",0.269553646292408,FALSE,TRUE,41
"2.2.2.2.3.2.2.2.2.2.3.2.2.2.3.2.1.2.3.2.2.2",0.204537101494003,FALSE,TRUE,41
"2.2.2.2.3.2.2.2.2.2.3.2.2.2.2.3.1.2.3.2.2.2",0.332214440960996,FALSE,TRUE,41
"2.2.2.2.3.2.2.2.2.2.3.2.2.2.2.2.2.2.3.2.2.2",0.217674451443632,FALSE,TRUE,41
"2.2.2.2.3.2.2.2.2.2.3.2.2.2.2.2.1.3.3.2.2.2",0.171551345216176,FALSE,TRUE,41
"2.2.2.2.3.2.2.2.2.2.3.2.2.2.2.2.1.2.4.2.2.2",0.266354624435657,FALSE,TRUE,41
"2.2.2.2.3.2.2.2.2.2.3.2.2.2.2.2.1.2.3.3.2.2",0.216992690617666,FALSE,TRUE,41
"2.2.2.2.3.2.2.2.2.2.3.2.2.2.2.2.1.2.3.2.3.2",0.34636559870079,FALSE,TRUE,41
"2.2.2.2.3.2.2.2.2.2.3.2.2.2.2.2.1.2.3.2.2.3",0.322695485935796,FALSE,TRUE,41
"1.2.2.2.3.2.2.2.2.2.3.2.2.2.2.2.1.2.3.2.2.2",0.292007221666119,FALSE,TRUE,40
"2.1.2.2.3.2.2.2.2.2.3.2.2.2.2.2.1.2.3.2.2.2",0.21444177707834,FALSE,TRUE,40
"2.2.1.2.3.2.2.2.2.2.3.2.2.2.2.2.1.2.3.2.2.2",-0.0747724454475475,FALSE,TRUE,40
"2.2.2.1.3.2.2.2.2.2.3.2.2.2.2.2.1.2.3.2.2.2",0.163565759048374,FALSE,TRUE,40
"2.2.2.2.3.1.2.2.2.2.3.2.2.2.2.2.1.2.3.2.2.2",-0.0197816674539628,FALSE,TRUE,40
"2.2.2.2.3.2.1.2.2.2.3.2.2.2.2.2.1.2.3.2.2.2",0.126199008089688,FALSE,TRUE,40
"2.2.2.2.3.2.2.1.2.2.3.2.2.2.2.2.1.2.3.2.2.2",0.230757331871513,FALSE,TRUE,40
"2.2.2.2.3.2.2.2.1.2.3.2.2.2.2.2.1.2.3.2.2.2",-0.0160203113738021,FALSE,TRUE,40
"2.2.2.2.3.2.2.2.2.1.3.2.2.2.2.2.1.2.3.2.2.2",-0.0206031754044423,FALSE,TRUE,40
"2.2.2.2.3.2.2.2.2.2.2.2.2.2.2.2.1.2.3.2.2.2",0.182080205807297,FALSE,TRUE,39
"2.2.2.2.3.2.2.2.2.2.3.1.2.2.2.2.1.2.3.2.2.2",0.170914108090656,FALSE,TRUE,40
"2.2.2.2.3.2.2.2.2.2.3.2.1.2.2.2.1.2.3.2.2.2",-0.109747678416334,FALSE,TRUE,40
"2.2.2.2.3.2.2.2.2.2.3.2.2.1.2.2.1.2.3.2.2.2",0.0338762363695535,FALSE,TRUE,40
"2.2.2.2.3.2.2.2.2.2.3.2.2.2.1.2.1.2.3.2.2.2",0.0414211323086788,FALSE,TRUE,40
"2.2.2.2.3.2.2.2.2.2.3.2.2.2.2.1.1.2.3.2.2.2",-0.0103496190418572,FALSE,TRUE,40
"2.2.2.2.3.2.2.2.2.2.3.2.2.2.2.2.1.1.3.2.2.2",0.068831253680787,FALSE,TRUE,40
"2.2.2.2.3.2.2.2.2.2.3.2.2.2.2.2.1.2.3.1.2.2",0.0162214659852899,FALSE,TRUE,40
"2.2.2.2.3.2.2.2.2.2.3.2.2.2.2.2.1.2.3.2.1.2",-0.135145655451339,FALSE,TRUE,40
"2.2.2.2.3.2.2.2.2.2.3.2.2.2.2.2.1.2.3.2.2.1",0.0385313670548501,FALSE,TRUE,40
"3.2.2.2.2.2.2.2.2.2.3.2.2.2.2.2.1.2.3.2.3.2",0.215369226809778,FALSE,TRUE,41
"2.3.2.2.2.2.2.2.2.2.3.2.2.2.2.2.1.2.3.2.3.2",0.22514510501427,FALSE,TRUE,41
"2.2.3.2.2.2.2.2.2.2.3.2.2.2.2.2.1.2.3.2.3.2",0.34176131224308,FALSE,TRUE,41
"2.2.2.3.2.2.2.2.2.2.3.2.2.2.2.2.1.2.3.2.3.2",0.210109523335052,FALSE,TRUE,41
"2.2.2.2.2.3.2.2.2.2.3.2.2.2.2.2.1.2.3.2.3.2",0.0958397870010001,FALSE,TRUE,41
"2.2.2.2.2.2.3.2.2.2.3.2.2.2.2.2.1.2.3.2.3.2",0.450069241697495,FALSE,TRUE,41
"2.2.2.2.2.2.2.3.2.2.3.2.2.2.2.2.1.2.3.2.3.2",0.303727896223573,FALSE,TRUE,41
"2.2.2.2.2.2.2.2.3.2.3.2.2.2.2.2.1.2.3.2.3.2",0.424491934402156,FALSE,TRUE,41
"2.2.2.2.2.2.2.2.2.3.3.2.2.2.2.2.1.2.3.2.3.2",0.277089019793985,FALSE,TRUE,41
"2.2.2.2.2.2.2.2.2.2.4.2.2.2.2.2.1.2.3.2.3.2",0.195077207454014,FALSE,TRUE,41
"2.2.2.2.2.2.2.2.2.2.3.3.2.2.2.2.1.2.3.2.3.2",0.262378179540781,FALSE,TRUE,41
"2.2.2.2.2.2.2.2.2.2.3.2.3.2.2.2.1.2.3.2.3.2",0.354099268600822,FALSE,TRUE,41
"2.2.2.2.2.2.2.2.2.2.3.2.2.3.2.2.1.2.3.2.3.2",0.318871405191705,FALSE,TRUE,41
"2.2.2.2.2.2.2.2.2.2.3.2.2.2.3.2.1.2.3.2.3.2",0.393168547979008,FALSE,TRUE,41
"2.2.2.2.2.2.2.2.2.2.3.2.2.2.2.3.1.2.3.2.3.2",0.22315579141353,FALSE,TRUE,41
"2.2.2.2.2.2.2.2.2.2.3.2.2.2.2.2.2.2.3.2.3.2",0.155511237882301,FALSE,TRUE,41
"2.2.2.2.2.2.2.2.2.2.3.2.2.2.2.2.1.3.3.2.3.2",0.360293794497156,FALSE,TRUE,41
"2.2.2.2.2.2.2.2.2.2.3.2.2.2.2.2.1.2.4.2.3.2",0.170487311515868,FALSE,TRUE,41
"2.2.2.2.2.2.2.2.2.2.3.2.2.2.2.2.1.2.3.3.3.2",0.339068467615809,FALSE,TRUE,41
"2.2.2.2.2.2.2.2.2.2.3.2.2.2.2.2.1.2.3.2.4.2",0.170306821730333,FALSE,TRUE,42
"2.2.2.2.2.2.2.2.2.2.3.2.2.2.2.2.1.2.3.2.3.3",0.348613617913667,FALSE,TRUE,41
"1.2.2.2.2.2.2.2.2.2.3.2.2.2.2.2.1.2.3.2.3.2",0.32467014757238,FALSE,TRUE,40
"2.1.2.2.2.2.2.2.2.2.3.2.2.2.2.2.1.2.3.2.3.2",0.32786560397665,FALSE,TRUE,40
"2.2.1.2.2.2.2.2.2.2.3.2.2.2.2.2.1.2.3.2.3.2",0.10394393393635,FALSE,TRUE,40
"2.2.2.1.2.2.2.2.2.2.3.2.2.2.2.2.1.2.3.2.3.2",0.281450407196226,FALSE,TRUE,40
"2.2.2.2.1.2.2.2.2.2.3.2.2.2.2.2.1.2.3.2.3.2",0.211461244088275,FALSE,TRUE,40
"2.2.2.2.2.1.2.2.2.2.3.2.2.2.2.2.1.2.3.2.3.2",0.220554417913296,FALSE,TRUE,40
"2.2.2.2.2.2.1.2.2.2.3.2.2.2.2.2.1.2.3.2.3.2",0.105426678183469,FALSE,TRUE,40
"2.2.2.2.2.2.2.1.2.2.3.2.2.2.2.2.1.2.3.2.3.2",0.236547696722993,FALSE,TRUE,40
"2.2.2.2.2.2.2.2.1.2.3.2.2.2.2.2.1.2.3.2.3.2",0.107257725252796,FALSE,TRUE,40
"2.2.2.2.2.2.2.2.2.1.3.2.2.2.2.2.1.2.3.2.3.2",0.129118634251126,FALSE,TRUE,40
"2.2.2.2.2.2.2.2.2.2.2.2.2.2.2.2.1.2.3.2.3.2",0.371747942982552,FALSE,TRUE,39
"2.2.2.2.2.2.2.2.2.2.3.1.2.2.2.2.1.2.3.2.3.2",0.364370472577092,FALSE,TRUE,40
"2.2.2.2.2.2.2.2.2.2.3.2.1.2.2.2.1.2.3.2.3.2",0.120149067669722,FALSE,TRUE,40
"2.2.2.2.2.2.2.2.2.2.3.2.2.1.2.2.1.2.3.2.3.2",0.214135028481398,FALSE,TRUE,40
"2.2.2.2.2.2.2.2.2.2.3.2.2.2.1.2.1.2.3.2.3.2",0.0688744500519993,FALSE,TRUE,40
"2.2.2.2.2.2.2.2.2.2.3.2.2.2.2.1.1.2.3.2.3.2",0.315605181864154,FALSE,TRUE,40
"2.2.2.2.2.2.2.2.2.2.3.2.2.2.2.2.1.1.3.2.3.2",0.0711237624839262,FALSE,TRUE,40
"2.2.2.2.2.2.2.2.2.2.3.2.2.2.2.2.1.2.3.1.3.2",0.0584425421134352,FALSE,TRUE,40
"2.2.2.2.2.2.2.2.2.2.3.2.2.2.2.2.1.2.3.2.3.1",0.248598537110472,FALSE,TRUE,40
"3.2.2.1.1.2.2.2.2.3.2.2.2.1.2.2.2.2.2.2.2.2",0.196663876757317,FALSE,TRUE,39
"2.3.2.1.1.2.2.2.2.3.2.2.2.1.2.2.2.2.2.2.2.2",0.302380611544569,FALSE,TRUE,39
"2.2.3.1.1.2.2.2.2.3.2.2.2.1.2.2.2.2.2.2.2.2",0.194533422646499,FALSE,TRUE,39
"2.2.2.1.1.3.2.2.2.3.2.2.2.1.2.2.2.2.2.2.2.2",0.41757154888664,FALSE,TRUE,39
"2.2.2.1.1.2.3.2.2.3.2.2.2.1.2.2.2.2.2.2.2.2",0.348519781955233,FALSE,TRUE,39
"2.2.2.1.1.2.2.3.2.3.2.2.2.1.2.2.2.2.2.2.2.2",0.271528348221641,FALSE,TRUE,39
"2.2.2.1.1.2.2.2.3.3.2.2.2.1.2.2.2.2.2.2.2.2",0.352273546407371,FALSE,TRUE,37
"2.2.2.1.1.2.2.2.2.4.2.2.2.1.2.2.2.2.2.2.2.2",-0.00762905160057148,FALSE,TRUE,39
"2.2.2.1.1.2.2.2.2.3.3.2.2.1.2.2.2.2.2.2.2.2",0.261425030924655,FALSE,TRUE,39
"2.2.2.1.1.2.2.2.2.3.2.3.2.1.2.2.2.2.2.2.2.2",0.231207788196224,FALSE,TRUE,39
"2.2.2.1.1.2.2.2.2.3.2.2.3.1.2.2.2.2.2.2.2.2",0.462815247264644,FALSE,TRUE,39
"2.2.2.1.1.2.2.2.2.3.2.2.2.1.3.2.2.2.2.2.2.2",0.30695722325274,FALSE,TRUE,39
"2.2.2.1.1.2.2.2.2.3.2.2.2.1.2.3.2.2.2.2.2.2",0.246080546596724,FALSE,TRUE,39
"2.2.2.1.1.2.2.2.2.3.2.2.2.1.2.2.3.2.2.2.2.2",0.309051545291659,FALSE,TRUE,39
"2.2.2.1.1.2.2.2.2.3.2.2.2.1.2.2.2.3.2.2.2.2",0.408998442367523,FALSE,TRUE,39
"2.2.2.1.1.2.2.2.2.3.2.2.2.1.2.2.2.2.3.2.2.2",0.245124662542215,FALSE,TRUE,39
"2.2.2.1.1.2.2.2.2.3.2.2.2.1.2.2.2.2.2.3.2.2",0.0979735242872432,FALSE,TRUE,39
"2.2.2.1.1.2.2.2.2.3.2.2.2.1.2.2.2.2.2.2.3.2",0.310446528496707,FALSE,TRUE,39
"2.2.2.1.1.2.2.2.2.3.2.2.2.1.2.2.2.2.2.2.2.3",0.164349132791368,FALSE,TRUE,39
"1.2.2.1.1.2.2.2.2.3.2.2.2.1.2.2.2.2.2.2.2.2",0.34872256889156,FALSE,TRUE,38
"2.1.2.1.1.2.2.2.2.3.2.2.2.1.2.2.2.2.2.2.2.2",0.305736174644865,FALSE,TRUE,38
"2.2.1.1.1.2.2.2.2.3.2.2.2.1.2.2.2.2.2.2.2.2",0.278959007567943,FALSE,TRUE,38
"2.2.2.1.1.1.2.2.2.3.2.2.2.1.2.2.2.2.2.2.2.2",0.184212386906122,FALSE,TRUE,38
"2.2.2.1.1.2.1.2.2.3.2.2.2.1.2.2.2.2.2.2.2.2",0.214141151037467,FALSE,TRUE,38
"2.2.2.1.1.2.2.1.2.3.2.2.2.1.2.2.2.2.2.2.2.2",0.277940898426197,FALSE,TRUE,38
"2.2.2.1.1.2.2.2.1.3.2.2.2.1.2.2.2.2.2.2.2.2",0.267080193927215,FALSE,TRUE,38
"2.2.2.1.1.2.2.2.2.3.1.2.2.1.2.2.2.2.2.2.2.2",0.386245931089188,FALSE,TRUE,38
"2.2.2.1.1.2.2.2.2.3.2.1.2.1.2.2.2.2.2.2.2.2",0.370331340487762,FALSE,TRUE,38
"2.2.2.1.1.2.2.2.2.3.2.2.1.1.2.2.2.2.2.2.2.2",0.163845490430156,FALSE,TRUE,38
"2.2.2.1.1.2.2.2.2.3.2.2.2.1.1.2.2.2.2.2.2.2",0.199509853614428,FALSE,TRUE,38
"2.2.2.1.1.2.2.2.2.3.2.2.2.1.2.1.2.2.2.2.2.2",0.332370209657315,FALSE,TRUE,38
"2.2.2.1.1.2.2.2.2.3.2.2.2.1.2.2.1.2.2.2.2.2",0.243578772852884,FALSE,TRUE,38
"2.2.2.1.1.2.2.2.2.3.2.2.2.1.2.2.2.1.2.2.2.2",0.0848524052879939,FALSE,TRUE,38
"2.2.2.1.1.2.2.2.2.3.2.2.2.1.2.2.2.2.1.2.2.2",0.362859703138673,FALSE,TRUE,37
"2.2.2.1.1.2.2.2.2.3.2.2.2.1.2.2.2.2.2.1.2.2",0.383299392354738,FALSE,TRUE,38
"2.2.2.1.1.2.2.2.2.3.2.2.2.1.2.2.2.2.2.2.1.2",0.237763377852431,FALSE,TRUE,38
"2.2.2.1.1.2.2.2.2.3.2.2.2.1.2.2.2.2.2.2.2.1",0.321758487078089,FALSE,TRUE,38
"3.2.2.1.2.2.2.2.2.1.2.2.3.2.2.2.2.1.2.2.2.2",0.361974635940948,FALSE,TRUE,39
"2.3.2.1.2.2.2.2.2.1.2.2.3.2.2.2.2.1.2.2.2.2",0.327848902998559,FALSE,TRUE,39
"2.2.3.1.2.2.2.2.2.1.2.2.3.2.2.2.2.1.2.2.2.2",0.212364839949695,FALSE,TRUE,39
"2.2.2.2.2.2.2.2.2.1.2.2.3.2.2.2.2.1.2.2.2.2",0.447423410842647,FALSE,TRUE,40
"2.2.2.1.3.2.2.2.2.1.2.2.3.2.2.2.2.1.2.2.2.2",0.436405491082745,FALSE,TRUE,39
"2.2.2.1.2.3.2.2.2.1.2.2.3.2.2.2.2.1.2.2.2.2",0.519734171889811,FALSE,TRUE,39
"2.2.2.1.2.2.3.2.2.1.2.2.3.2.2.2.2.1.2.2.2.2",0.384668562290219,FALSE,TRUE,39
"2.2.2.1.2.2.2.3.2.1.2.2.3.2.2.2.2.1.2.2.2.2",0.318776033742167,FALSE,TRUE,39
"2.2.2.1.2.2.2.2.3.1.2.2.3.2.2.2.2.1.2.2.2.2",0.522741034149551,FALSE,TRUE,39
"2.2.2.1.2.2.2.2.2.2.2.2.3.2.2.2.2.1.2.2.2.2",0.374080944341607,FALSE,TRUE,39
"2.2.2.1.2.2.2.2.2.1.3.2.3.2.2.2.2.1.2.2.2.2",0.356263336854826,FALSE,TRUE,39
"2.2.2.1.2.2.2.2.2.1.2.3.3.2.2.2.2.1.2.2.2.2",0.282915200422599,FALSE,TRUE,39
"2.2.2.1.2.2.2.2.2.1.2.2.4.2.2.2.2.1.2.2.2.2",0.504658030495709,FALSE,TRUE,39
"2.2.2.1.2.2.2.2.2.1.2.2.3.3.2.2.2.1.2.2.2.2",0.322655585926342,FALSE,TRUE,39
"2.2.2.1.2.2.2.2.2.1.2.2.3.2.3.2.2.1.2.2.2.2",0.54825411650658,FALSE,TRUE,39
"2.2.2.1.2.2.2.2.2.1.2.2.3.2.2.3.2.1.2.2.2.2",0.197054997209746,FALSE,TRUE,39
"2.2.2.1.2.2.2.2.2.1.2.2.3.2.2.2.3.1.2.2.2.2",0.206018515935437,FALSE,TRUE,39
"2.2.2.1.2.2.2.2.2.1.2.2.3.2.2.2.2.1.3.2.2.2",0.313901013632979,FALSE,TRUE,39
"2.2.2.1.2.2.2.2.2.1.2.2.3.2.2.2.2.1.2.3.2.2",0.368700899793327,FALSE,TRUE,39
"2.2.2.1.2.2.2.2.2.1.2.2.3.2.2.2.2.1.2.2.3.2",0.480138062308454,FALSE,TRUE,39
"2.2.2.1.2.2.2.2.2.1.2.2.3.2.2.2.2.1.2.2.2.3",0.333345901139249,FALSE,TRUE,39
"1.2.2.1.2.2.2.2.2.1.2.2.3.2.2.2.2.1.2.2.2.2",0.275508331169073,FALSE,TRUE,38
"2.1.2.1.2.2.2.2.2.1.2.2.3.2.2.2.2.1.2.2.2.2",0.353255228893886,FALSE,TRUE,38
"2.2.1.1.2.2.2.2.2.1.2.2.3.2.2.2.2.1.2.2.2.2",0.279776157330463,FALSE,TRUE,38
"2.2.2.1.1.2.2.2.2.1.2.2.3.2.2.2.2.1.2.2.2.2",0.276495672578226,FALSE,TRUE,38
"2.2.2.1.2.1.2.2.2.1.2.2.3.2.2.2.2.1.2.2.2.2",0.130110286329438,FALSE,TRUE,38
"2.2.2.1.2.2.1.2.2.1.2.2.3.2.2.2.2.1.2.2.2.2",0.21542476860302,FALSE,TRUE,38
"2.2.2.1.2.2.2.1.2.1.2.2.3.2.2.2.2.1.2.2.2.2",0.382581429914074,FALSE,TRUE,38
"2.2.2.1.2.2.2.2.1.1.2.2.3.2.2.2.2.1.2.2.2.2",0.0619249020770387,FALSE,TRUE,38
"2.2.2.1.2.2.2.2.2.1.1.2.3.2.2.2.2.1.2.2.2.2",0.348511639361924,FALSE,TRUE,38
"2.2.2.1.2.2.2.2.2.1.2.1.3.2.2.2.2.1.2.2.2.2",0.395145851603747,FALSE,TRUE,38
"2.2.2.1.2.2.2.2.2.1.2.2.3.1.2.2.2.1.2.2.2.2",0.314171133677082,FALSE,TRUE,38
"2.2.2.1.2.2.2.2.2.1.2.2.3.2.1.2.2.1.2.2.2.2",0.142689117313912,FALSE,TRUE,38
"2.2.2.1.2.2.2.2.2.1.2.2.3.2.2.1.2.1.2.2.2.2",0.378680100740946,FALSE,TRUE,38
"2.2.2.1.2.2.2.2.2.1.2.2.3.2.2.2.1.1.2.2.2.2",0.360061541595058,FALSE,TRUE,38
"2.2.2.1.2.2.2.2.2.1.2.2.3.2.2.2.2.1.1.2.2.2",0.321626086983079,FALSE,TRUE,38
"2.2.2.1.2.2.2.2.2.1.2.2.3.2.2.2.2.1.2.1.2.2",0.13857321622169,FALSE,TRUE,38
"2.2.2.1.2.2.2.2.2.1.2.2.3.2.2.2.2.1.2.2.1.2",0.238599042654215,FALSE,TRUE,38
"2.2.2.1.2.2.2.2.2.1.2.2.3.2.2.2.2.1.2.2.2.1",0.214843429961637,FALSE,TRUE,38
"3.2.2.2.2.2.2.2.2.1.2.2.3.2.2.2.2.2.2.2.2.2",0.268129668404367,FALSE,TRUE,41
"2.3.2.2.2.2.2.2.2.1.2.2.3.2.2.2.2.2.2.2.2.2",0.470686788783752,FALSE,TRUE,41
"2.2.3.2.2.2.2.2.2.1.2.2.3.2.2.2.2.2.2.2.2.2",0.575782065127036,FALSE,TRUE,41
"2.2.2.3.2.2.2.2.2.1.2.2.3.2.2.2.2.2.2.2.2.2",0.150158582992925,FALSE,TRUE,42
"2.2.2.2.3.2.2.2.2.1.2.2.3.2.2.2.2.2.2.2.2.2",0.395872160934226,FALSE,TRUE,41
"2.2.2.2.2.3.2.2.2.1.2.2.3.2.2.2.2.2.2.2.2.2",0.436325596363778,FALSE,TRUE,41
"2.2.2.2.2.2.3.2.2.1.2.2.3.2.2.2.2.2.2.2.2.2",0.277946584796925,FALSE,TRUE,41
"2.2.2.2.2.2.2.3.2.1.2.2.3.2.2.2.2.2.2.2.2.2",0.275893342289554,FALSE,TRUE,41
"2.2.2.2.2.2.2.2.3.1.2.2.3.2.2.2.2.2.2.2.2.2",0.296919786575084,FALSE,TRUE,41
"2.2.2.2.2.2.2.2.2.1.3.2.3.2.2.2.2.2.2.2.2.2",0.35177464248371,FALSE,TRUE,41
"2.2.2.2.2.2.2.2.2.1.2.3.3.2.2.2.2.2.2.2.2.2",0.204381180325802,FALSE,TRUE,41
"2.2.2.2.2.2.2.2.2.1.2.2.4.2.2.2.2.2.2.2.2.2",0.52211943911653,FALSE,TRUE,41
"2.2.2.2.2.2.2.2.2.1.2.2.3.3.2.2.2.2.2.2.2.2",0.507100271709159,FALSE,TRUE,41
"2.2.2.2.2.2.2.2.2.1.2.2.3.2.3.2.2.2.2.2.2.2",0.448348626261474,FALSE,TRUE,41
"2.2.2.2.2.2.2.2.2.1.2.2.3.2.2.3.2.2.2.2.2.2",0.484545916569641,FALSE,TRUE,41
"2.2.2.2.2.2.2.2.2.1.2.2.3.2.2.2.3.2.2.2.2.2",0.366366399521506,FALSE,TRUE,41
"2.2.2.2.2.2.2.2.2.1.2.2.3.2.2.2.2.3.2.2.2.2",0.172475091904236,FALSE,TRUE,41
"2.2.2.2.2.2.2.2.2.1.2.2.3.2.2.2.2.2.3.2.2.2",0.233308801914586,FALSE,TRUE,38
"2.2.2.2.2.2.2.2.2.1.2.2.3.2.2.2.2.2.2.3.2.2",0.392599918135648,FALSE,TRUE,41
"2.2.2.2.2.2.2.2.2.1.2.2.3.2.2.2.2.2.2.2.3.2",0.595491253663046,FALSE,TRUE,41
"2.2.2.2.2.2.2.2.2.1.2.2.3.2.2.2.2.2.2.2.2.3",0.513612497431594,FALSE,TRUE,41
"1.2.2.2.2.2.2.2.2.1.2.2.3.2.2.2.2.2.2.2.2.2",0.45287655618124,FALSE,TRUE,38
"2.1.2.2.2.2.2.2.2.1.2.2.3.2.2.2.2.2.2.2.2.2",0.33233380565909,FALSE,TRUE,40
"2.2.1.2.2.2.2.2.2.1.2.2.3.2.2.2.2.2.2.2.2.2",0.111268819480645,FALSE,TRUE,40
"2.2.2.2.1.2.2.2.2.1.2.2.3.2.2.2.2.2.2.2.2.2",0.385689902491262,FALSE,TRUE,38
"2.2.2.2.2.1.2.2.2.1.2.2.3.2.2.2.2.2.2.2.2.2",0.228783999186217,FALSE,TRUE,40
"2.2.2.2.2.2.1.2.2.1.2.2.3.2.2.2.2.2.2.2.2.2",0.474288864569685,FALSE,TRUE,40
"2.2.2.2.2.2.2.1.2.1.2.2.3.2.2.2.2.2.2.2.2.2",0.512943065731972,FALSE,TRUE,40
"2.2.2.2.2.2.2.2.1.1.2.2.3.2.2.2.2.2.2.2.2.2",0.373862218231221,FALSE,TRUE,40
"2.2.2.2.2.2.2.2.2.1.1.2.3.2.2.2.2.2.2.2.2.2",0.46935243119501,FALSE,TRUE,40
"2.2.2.2.2.2.2.2.2.1.2.1.3.2.2.2.2.2.2.2.2.2",0.550966420376692,FALSE,TRUE,40
"2.2.2.2.2.2.2.2.2.1.2.2.3.1.2.2.2.2.2.2.2.2",0.309848000071147,FALSE,TRUE,40
"2.2.2.2.2.2.2.2.2.1.2.2.3.2.1.2.2.2.2.2.2.2",0.297546356353111,FALSE,TRUE,40
"2.2.2.2.2.2.2.2.2.1.2.2.3.2.2.1.2.2.2.2.2.2",0.240299521993417,FALSE,TRUE,40
"2.2.2.2.2.2.2.2.2.1.2.2.3.2.2.2.1.2.2.2.2.2",0.352398431924533,FALSE,TRUE,38
"2.2.2.2.2.2.2.2.2.1.2.2.3.2.2.2.2.2.1.2.2.2",0.433360789892555,FALSE,TRUE,40
"2.2.2.2.2.2.2.2.2.1.2.2.3.2.2.2.2.2.2.1.2.2",0.283338538568894,FALSE,TRUE,40
"2.2.2.2.2.2.2.2.2.1.2.2.3.2.2.2.2.2.2.2.1.2",0.0815475944339271,FALSE,TRUE,40
"2.2.2.2.2.2.2.2.2.1.2.2.3.2.2.2.2.2.2.2.2.1",0.162595077059907,FALSE,TRUE,40
"3.2.2.1.2.2.2.2.2.2.3.2.2.2.2.2.2.2.1.2.2.2",0.20847057388923,FALSE,TRUE,39
"2.3.2.1.2.2.2.2.2.2.3.2.2.2.2.2.2.2.1.2.2.2",0.347668810786503,FALSE,TRUE,39
"2.2.3.1.2.2.2.2.2.2.3.2.2.2.2.2.2.2.1.2.2.2",0.327372392633813,FALSE,TRUE,39
"2.2.2.2.2.2.2.2.2.2.3.2.2.2.2.2.2.2.1.2.2.2",0.380498219529652,FALSE,TRUE,38
"2.2.2.1.3.2.2.2.2.2.3.2.2.2.2.2.2.2.1.2.2.2",0.246770727025722,FALSE,TRUE,39
"2.2.2.1.2.3.2.2.2.2.3.2.2.2.2.2.2.2.1.2.2.2",0.359234489283507,FALSE,TRUE,39
"2.2.2.1.2.2.3.2.2.2.3.2.2.2.2.2.2.2.1.2.2.2",0.424268464490797,FALSE,TRUE,39
"2.2.2.1.2.2.2.3.2.2.3.2.2.2.2.2.2.2.1.2.2.2",0.300129608994059,FALSE,TRUE,39
"2.2.2.1.2.2.2.2.2.2.4.2.2.2.2.2.2.2.1.2.2.2",0.29470846860649,FALSE,TRUE,40
"2.2.2.1.2.2.2.2.2.2.3.3.2.2.2.2.2.2.1.2.2.2",0.325124850317416,FALSE,TRUE,39
"2.2.2.1.2.2.2.2.2.2.3.2.3.2.2.2.2.2.1.2.2.2",0.577697129021452,FALSE,TRUE,39
"2.2.2.1.2.2.2.2.2.2.3.2.2.3.2.2.2.2.1.2.2.2",0.370177947072153,FALSE,TRUE,39
"2.2.2.1.2.2.2.2.2.2.3.2.2.2.3.2.2.2.1.2.2.2",0.409305526022924,FALSE,TRUE,39
"2.2.2.1.2.2.2.2.2.2.3.2.2.2.2.3.2.2.1.2.2.2",0.267631768445777,FALSE,TRUE,39
"2.2.2.1.2.2.2.2.2.2.3.2.2.2.2.2.3.2.1.2.2.2",0.342556800377736,FALSE,TRUE,39
"2.2.2.1.2.2.2.2.2.2.3.2.2.2.2.2.2.3.1.2.2.2",0.224614737526772,FALSE,TRUE,39
"2.2.2.1.2.2.2.2.2.2.3.2.2.2.2.2.2.2.1.3.2.2",0.309513557407775,FALSE,TRUE,39
"2.2.2.1.2.2.2.2.2.2.3.2.2.2.2.2.2.2.1.2.3.2",0.409755650283655,FALSE,TRUE,39
"2.2.2.1.2.2.2.2.2.2.3.2.2.2.2.2.2.2.1.2.2.3",0.282803681189937,FALSE,TRUE,38
"1.2.2.1.2.2.2.2.2.2.3.2.2.2.2.2.2.2.1.2.2.2",0.371985459607628,FALSE,TRUE,38
"2.1.2.1.2.2.2.2.2.2.3.2.2.2.2.2.2.2.1.2.2.2",0.29351007644524,FALSE,TRUE,38
"2.2.1.1.2.2.2.2.2.2.3.2.2.2.2.2.2.2.1.2.2.2",0.197820244000349,FALSE,TRUE,38
"2.2.2.1.1.2.2.2.2.2.3.2.2.2.2.2.2.2.1.2.2.2",0.317632336968643,FALSE,TRUE,38
"2.2.2.1.2.1.2.2.2.2.3.2.2.2.2.2.2.2.1.2.2.2",0.279471286691548,FALSE,TRUE,38
"2.2.2.1.2.2.1.2.2.2.3.2.2.2.2.2.2.2.1.2.2.2",0.213343341431455,FALSE,TRUE,38
"2.2.2.1.2.2.2.1.2.2.3.2.2.2.2.2.2.2.1.2.2.2",0.294553403456076,FALSE,TRUE,38
"2.2.2.1.2.2.2.2.1.2.3.2.2.2.2.2.2.2.1.2.2.2",0.236732790891968,FALSE,TRUE,39
"2.2.2.1.2.2.2.2.2.1.3.2.2.2.2.2.2.2.1.2.2.2",0.146419334245813,FALSE,TRUE,37
"2.2.2.1.2.2.2.2.2.2.3.1.2.2.2.2.2.2.1.2.2.2",0.293581869294975,FALSE,TRUE,38
"2.2.2.1.2.2.2.2.2.2.3.2.1.2.2.2.2.2.1.2.2.2",0.119502538565355,FALSE,TRUE,38
"2.2.2.1.2.2.2.2.2.2.3.2.2.1.2.2.2.2.1.2.2.2",0.247509374464163,FALSE,TRUE,38
"2.2.2.1.2.2.2.2.2.2.3.2.2.2.1.2.2.2.1.2.2.2",0.196864843570118,FALSE,TRUE,38
"2.2.2.1.2.2.2.2.2.2.3.2.2.2.2.1.2.2.1.2.2.2",0.308997005193322,FALSE,TRUE,38
"2.2.2.1.2.2.2.2.2.2.3.2.2.2.2.2.1.2.1.2.2.2",0.264285630165138,FALSE,TRUE,36
"2.2.2.1.2.2.2.2.2.2.3.2.2.2.2.2.2.1.1.2.2.2",0.275705582930163,FALSE,TRUE,38
"2.2.2.1.2.2.2.2.2.2.3.2.2.2.2.2.2.2.1.1.2.2",0.258538357145886,FALSE,TRUE,38
"2.2.2.1.2.2.2.2.2.2.3.2.2.2.2.2.2.2.1.2.1.2",0.17209629483824,FALSE,TRUE,38
"2.2.2.1.2.2.2.2.2.2.3.2.2.2.2.2.2.2.1.2.2.1",0.234755240622323,FALSE,TRUE,38
"3.2.2.2.2.2.2.2.2.3.2.2.2.2.2.2.1.3.2.2.2.2",0.196498393510862,FALSE,TRUE,41
"2.3.2.2.2.2.2.2.2.3.2.2.2.2.2.2.1.3.2.2.2.2",0.00119643989554597,FALSE,TRUE,41
"2.2.3.2.2.2.2.2.2.3.2.2.2.2.2.2.1.3.2.2.2.2",0.114055294228984,FALSE,TRUE,41
"2.2.2.3.2.2.2.2.2.3.2.2.2.2.2.2.1.3.2.2.2.2",0.215787332767897,FALSE,TRUE,41
"2.2.2.2.3.2.2.2.2.3.2.2.2.2.2.2.1.3.2.2.2.2",-0.00652614342757828,FALSE,TRUE,41
"2.2.2.2.2.3.2.2.2.3.2.2.2.2.2.2.1.3.2.2.2.2",0.275913889546677,FALSE,TRUE,41
"2.2.2.2.2.2.3.2.2.3.2.2.2.2.2.2.1.3.2.2.2.2",0.0364772823990526,FALSE,TRUE,41
"2.2.2.2.2.2.2.3.2.3.2.2.2.2.2.2.1.3.2.2.2.2",0.0724518336093588,FALSE,TRUE,41
"2.2.2.2.2.2.2.2.3.3.2.2.2.2.2.2.1.3.2.2.2.2",0.324872455645366,FALSE,TRUE,41
"2.2.2.2.2.2.2.2.2.4.2.2.2.2.2.2.1.3.2.2.2.2",0.0245061009314097,FALSE,TRUE,41
"2.2.2.2.2.2.2.2.2.3.3.2.2.2.2.2.1.3.2.2.2.2",0.265661886776091,FALSE,TRUE,40
"2.2.2.2.2.2.2.2.2.3.2.3.2.2.2.2.1.3.2.2.2.2",0.325231627638792,FALSE,TRUE,41
"2.2.2.2.2.2.2.2.2.3.2.2.3.2.2.2.1.3.2.2.2.2",0.32622954710568,FALSE,TRUE,41
"2.2.2.2.2.2.2.2.2.3.2.2.2.3.2.2.1.3.2.2.2.2",0.183657482795135,FALSE,TRUE,41
"2.2.2.2.2.2.2.2.2.3.2.2.2.2.3.2.1.3.2.2.2.2",-0.00127558828346871,FALSE,TRUE,41
"2.2.2.2.2.2.2.2.2.3.2.2.2.2.2.3.1.3.2.2.2.2",0.280506072006039,FALSE,TRUE,41
"2.2.2.2.2.2.2.2.2.3.2.2.2.2.2.2.2.3.2.2.2.2",0.286601857231489,FALSE,TRUE,39
"2.2.2.2.2.2.2.2.2.3.2.2.2.2.2.2.1.4.2.2.2.2",0.107568903266224,FALSE,TRUE,42
"2.2.2.2.2.2.2.2.2.3.2.2.2.2.2.2.1.3.3.2.2.2",0.443175436947821,FALSE,TRUE,40
"2.2.2.2.2.2.2.2.2.3.2.2.2.2.2.2.1.3.2.3.2.2",0.155183137946293,FALSE,TRUE,41
"2.2.2.2.2.2.2.2.2.3.2.2.2.2.2.2.1.3.2.2.3.2",0.269407656398729,FALSE,TRUE,41
"2.2.2.2.2.2.2.2.2.3.2.2.2.2.2.2.1.3.2.2.2.3",0.202683596837014,FALSE,TRUE,41
"1.2.2.2.2.2.2.2.2.3.2.2.2.2.2.2.1.3.2.2.2.2",0.218710332126478,FALSE,TRUE,40
"2.1.2.2.2.2.2.2.2.3.2.2.2.2.2.2.1.3.2.2.2.2",0.272108369653483,FALSE,TRUE,40
"2.2.1.2.2.2.2.2.2.3.2.2.2.2.2.2.1.3.2.2.2.2",0.147992120296033,FALSE,TRUE,40
"2.2.2.1.2.2.2.2.2.3.2.2.2.2.2.2.1.3.2.2.2.2",0.0848944602884414,FALSE,TRUE,39
"2.2.2.2.1.2.2.2.2.3.2.2.2.2.2.2.1.3.2.2.2.2",0.303285721208516,FALSE,TRUE,40
"2.2.2.2.2.1.2.2.2.3.2.2.2.2.2.2.1.3.2.2.2.2",0.0237465088084958,FALSE,TRUE,40
"2.2.2.2.2.2.1.2.2.3.2.2.2.2.2.2.1.3.2.2.2.2",0.190163026866945,FALSE,TRUE,40
"2.2.2.2.2.2.2.1.2.3.2.2.2.2.2.2.1.3.2.2.2.2",0.155180189427443,FALSE,TRUE,40
"2.2.2.2.2.2.2.2.1.3.2.2.2.2.2.2.1.3.2.2.2.2",0.021101514715875,FALSE,TRUE,40
"2.2.2.2.2.2.2.2.2.3.1.2.2.2.2.2.1.3.2.2.2.2",0.0558517312602772,FALSE,TRUE,40
"2.2.2.2.2.2.2.2.2.3.2.1.2.2.2.2.1.3.2.2.2.2",0.0950817391272025,FALSE,TRUE,40
"2.2.2.2.2.2.2.2.2.3.2.2.1.2.2.2.1.3.2.2.2.2",-0.0928861105124867,FALSE,TRUE,40
"2.2.2.2.2.2.2.2.2.3.2.2.2.1.2.2.1.3.2.2.2.2",0.0755988267249361,FALSE,TRUE,40
"2.2.2.2.2.2.2.2.2.3.2.2.2.2.1.2.1.3.2.2.2.2",0.196493816375525,FALSE,TRUE,40
"2.2.2.2.2.2.2.2.2.3.2.2.2.2.2.1.1.3.2.2.2.2",0.0639475681574147,FALSE,TRUE,40
"2.2.2.2.2.2.2.2.2.3.2.2.2.2.2.2.1.3.1.2.2.2",-0.0123767098703105,FALSE,TRUE,40
"2.2.2.2.2.2.2.2.2.3.2.2.2.2.2.2.1.3.2.1.2.2",0.111310649669166,FALSE,TRUE,40
"2.2.2.2.2.2.2.2.2.3.2.2.2.2.2.2.1.3.2.2.1.2",0.0024780889687525,FALSE,TRUE,40
"2.2.2.2.2.2.2.2.2.3.2.2.2.2.2.2.1.3.2.2.2.1",0.12890389367505,FALSE,TRUE,40
"3.2.2.1.2.2.2.2.2.2.1.2.2.2.2.2.3.2.1.3.2.2",0.275990389266556,FALSE,TRUE,39
"2.3.2.1.2.2.2.2.2.2.1.2.2.2.2.2.3.2.1.3.2.2",0.387933448684581,FALSE,TRUE,39
"2.2.3.1.2.2.2.2.2.2.1.2.2.2.2.2.3.2.1.3.2.2",0.17487774853637,FALSE,TRUE,39
"2.2.2.2.2.2.2.2.2.2.1.2.2.2.2.2.3.2.1.3.2.2",0.37229093423613,FALSE,TRUE,40
"2.2.2.1.3.2.2.2.2.2.1.2.2.2.2.2.3.2.1.3.2.2",0.304557742345982,FALSE,TRUE,39
"2.2.2.1.2.3.2.2.2.2.1.2.2.2.2.2.3.2.1.3.2.2",0.218021969843953,FALSE,TRUE,39
"2.2.2.1.2.2.3.2.2.2.1.2.2.2.2.2.3.2.1.3.2.2",0.506209282589552,FALSE,TRUE,39
"2.2.2.1.2.2.2.3.2.2.1.2.2.2.2.2.3.2.1.3.2.2",0.431951061934926,FALSE,TRUE,39
"2.2.2.1.2.2.2.2.3.2.1.2.2.2.2.2.3.2.1.3.2.2",0.341009692447531,FALSE,TRUE,39
"2.2.2.1.2.2.2.2.2.3.1.2.2.2.2.2.3.2.1.3.2.2",0.147264174276362,FALSE,TRUE,39
"2.2.2.1.2.2.2.2.2.2.2.2.2.2.2.2.3.2.1.3.2.2",0.316507128729173,FALSE,TRUE,39
"2.2.2.1.2.2.2.2.2.2.1.3.2.2.2.2.3.2.1.3.2.2",0.398786527464254,FALSE,TRUE,39
"2.2.2.1.2.2.2.2.2.2.1.2.3.2.2.2.3.2.1.3.2.2",0.347403376847169,FALSE,TRUE,39
"2.2.2.1.2.2.2.2.2.2.1.2.2.3.2.2.3.2.1.3.2.2",0.314598555580244,FALSE,TRUE,39
"2.2.2.1.2.2.2.2.2.2.1.2.2.2.3.2.3.2.1.3.2.2",0.352013794385358,FALSE,TRUE,39
"2.2.2.1.2.2.2.2.2.2.1.2.2.2.2.3.3.2.1.3.2.2",0.102171366344947,FALSE,TRUE,39
"2.2.2.1.2.2.2.2.2.2.1.2.2.2.2.2.4.2.1.3.2.2",0.281262713285282,FALSE,TRUE,40
"2.2.2.1.2.2.2.2.2.2.1.2.2.2.2.2.3.3.1.3.2.2",0.341117013909685,FALSE,TRUE,39
"2.2.2.1.2.2.2.2.2.2.1.2.2.2.2.2.3.2.2.3.2.2",0.371385133549846,FALSE,TRUE,40
"2.2.2.1.2.2.2.2.2.2.1.2.2.2.2.2.3.2.1.4.2.2",0.229740542954216,FALSE,TRUE,39
"2.2.2.1.2.2.2.2.2.2.1.2.2.2.2.2.3.2.1.3.3.2",0.259883745709659,FALSE,TRUE,39
"2.2.2.1.2.2.2.2.2.2.1.2.2.2.2.2.3.2.1.3.2.3",0.367290937219048,FALSE,TRUE,39
"1.2.2.1.2.2.2.2.2.2.1.2.2.2.2.2.3.2.1.3.2.2",0.355381804805648,FALSE,TRUE,38
"2.1.2.1.2.2.2.2.2.2.1.2.2.2.2.2.3.2.1.3.2.2",0.295318072304887,FALSE,TRUE,38
"2.2.1.1.2.2.2.2.2.2.1.2.2.2.2.2.3.2.1.3.2.2",0.325001638152833,FALSE,TRUE,38
"2.2.2.1.1.2.2.2.2.2.1.2.2.2.2.2.3.2.1.3.2.2",0.306175074157412,FALSE,TRUE,38
"2.2.2.1.2.1.2.2.2.2.1.2.2.2.2.2.3.2.1.3.2.2",0.343777672997662,FALSE,TRUE,38
"2.2.2.1.2.2.1.2.2.2.1.2.2.2.2.2.3.2.1.3.2.2",0.121667761442327,FALSE,TRUE,38
"2.2.2.1.2.2.2.1.2.2.1.2.2.2.2.2.3.2.1.3.2.2",0.250789027630388,FALSE,TRUE,38
"2.2.2.1.2.2.2.2.1.2.1.2.2.2.2.2.3.2.1.3.2.2",0.291395902879505,FALSE,TRUE,38
"2.2.2.1.2.2.2.2.2.1.1.2.2.2.2.2.3.2.1.3.2.2",0.409211827303903,FALSE,TRUE,38
"2.2.2.1.2.2.2.2.2.2.1.1.2.2.2.2.3.2.1.3.2.2",0.26434003628287,FALSE,TRUE,37
"2.2.2.1.2.2.2.2.2.2.1.2.1.2.2.2.3.2.1.3.2.2",0.270921470498352,FALSE,TRUE,38
"2.2.2.1.2.2.2.2.2.2.1.2.2.1.2.2.3.2.1.3.2.2",0.412709456634489,FALSE,TRUE,38
"2.2.2.1.2.2.2.2.2.2.1.2.2.2.2.1.3.2.1.3.2.2",0.495816171262777,FALSE,TRUE,38
"2.2.2.1.2.2.2.2.2.2.1.2.2.2.2.2.3.1.1.3.2.2",0.210608121594368,FALSE,TRUE,38
"2.2.2.1.2.2.2.2.2.2.1.2.2.2.2.2.3.2.1.3.1.2",0.360677591180206,FALSE,TRUE,38
"2.2.2.1.2.2.2.2.2.2.1.2.2.2.2.2.3.2.1.3.2.1",0.226825407315569,FALSE,TRUE,38
"3.3.2.2.2.2.2.2.2.2.1.2.2.2.1.2.2.2.3.2.2.2",0.142399672996384,FALSE,TRUE,40
"2.4.2.2.2.2.2.2.2.2.1.2.2.2.1.2.2.2.3.2.2.2",0.218571204880902,FALSE,TRUE,40
"2.3.3.2.2.2.2.2.2.2.1.2.2.2.1.2.2.2.3.2.2.2",0.21639879461715,FALSE,TRUE,40
"2.3.2.3.2.2.2.2.2.2.1.2.2.2.1.2.2.2.3.2.2.2",0.242554501808812,FALSE,TRUE,40
"2.3.2.2.3.2.2.2.2.2.1.2.2.2.1.2.2.2.3.2.2.2",0.262294540065621,FALSE,TRUE,40
"2.3.2.2.2.3.2.2.2.2.1.2.2.2.1.2.2.2.3.2.2.2",0.439955364517083,FALSE,TRUE,40
"2.3.2.2.2.2.3.2.2.2.1.2.2.2.1.2.2.2.3.2.2.2",0.100886534424257,FALSE,TRUE,40
"2.3.2.2.2.2.2.3.2.2.1.2.2.2.1.2.2.2.3.2.2.2",0.109233449028373,FALSE,TRUE,40
"2.3.2.2.2.2.2.2.3.2.1.2.2.2.1.2.2.2.3.2.2.2",0.266714102279572,FALSE,TRUE,40
"2.3.2.2.2.2.2.2.2.3.1.2.2.2.1.2.2.2.3.2.2.2",0.285954613986924,FALSE,TRUE,39
"2.3.2.2.2.2.2.2.2.2.2.2.2.2.1.2.2.2.3.2.2.2",0.170202504505066,FALSE,TRUE,39
"2.3.2.2.2.2.2.2.2.2.1.3.2.2.1.2.2.2.3.2.2.2",0.0411202573495184,FALSE,TRUE,40
"2.3.2.2.2.2.2.2.2.2.1.2.3.2.1.2.2.2.3.2.2.2",0.448732373166697,FALSE,TRUE,40
"2.3.2.2.2.2.2.2.2.2.1.2.2.3.1.2.2.2.3.2.2.2",0.271026467360323,FALSE,TRUE,40
"2.3.2.2.2.2.2.2.2.2.1.2.2.2.1.3.2.2.3.2.2.2",0.319332414634067,FALSE,TRUE,40
"2.3.2.2.2.2.2.2.2.2.1.2.2.2.1.2.3.2.3.2.2.2",0.373941990439361,FALSE,TRUE,40
"2.3.2.2.2.2.2.2.2.2.1.2.2.2.1.2.2.3.3.2.2.2",0.172633463676454,FALSE,TRUE,40
"2.3.2.2.2.2.2.2.2.2.1.2.2.2.1.2.2.2.4.2.2.2",0.0189763898368994,FALSE,TRUE,40
"2.3.2.2.2.2.2.2.2.2.1.2.2.2.1.2.2.2.3.3.2.2",0.247733415759153,FALSE,TRUE,40
"2.3.2.2.2.2.2.2.2.2.1.2.2.2.1.2.2.2.3.2.3.2",0.323567230921095,FALSE,TRUE,40
"2.3.2.2.2.2.2.2.2.2.1.2.2.2.1.2.2.2.3.2.2.3",-0.0033989831927811,FALSE,TRUE,40
"1.3.2.2.2.2.2.2.2.2.1.2.2.2.1.2.2.2.3.2.2.2",0.238638935655402,FALSE,TRUE,39
"2.3.1.2.2.2.2.2.2.2.1.2.2.2.1.2.2.2.3.2.2.2",0.0812907000086581,FALSE,TRUE,39
"2.3.2.1.2.2.2.2.2.2.1.2.2.2.1.2.2.2.3.2.2.2",0.154525334843456,FALSE,TRUE,39
"2.3.2.2.1.2.2.2.2.2.1.2.2.2.1.2.2.2.3.2.2.2",0.167814588838539,FALSE,TRUE,39
"2.3.2.2.2.1.2.2.2.2.1.2.2.2.1.2.2.2.3.2.2.2",-0.16576274800833,FALSE,TRUE,39
"2.3.2.2.2.2.1.2.2.2.1.2.2.2.1.2.2.2.3.2.2.2",0.336705112035695,FALSE,TRUE,39
"2.3.2.2.2.2.2.1.2.2.1.2.2.2.1.2.2.2.3.2.2.2",0.346426713310723,FALSE,TRUE,39
"2.3.2.2.2.2.2.2.1.2.1.2.2.2.1.2.2.2.3.2.2.2",0.164214575663786,FALSE,TRUE,39
"2.3.2.2.2.2.2.2.2.1.1.2.2.2.1.2.2.2.3.2.2.2",-0.0392398201227504,FALSE,TRUE,39
"2.3.2.2.2.2.2.2.2.2.1.1.2.2.1.2.2.2.3.2.2.2",0.4039135418264,FALSE,TRUE,39
"2.3.2.2.2.2.2.2.2.2.1.2.1.2.1.2.2.2.3.2.2.2",-0.0706985885404704,FALSE,TRUE,39
"2.3.2.2.2.2.2.2.2.2.1.2.2.1.1.2.2.2.3.2.2.2",0.134659357844459,FALSE,TRUE,39
"2.3.2.2.2.2.2.2.2.2.1.2.2.2.1.1.2.2.3.2.2.2",0.0542287155048336,FALSE,TRUE,39
"2.3.2.2.2.2.2.2.2.2.1.2.2.2.1.2.1.2.3.2.2.2",0.0183994772331206,FALSE,TRUE,39
"2.3.2.2.2.2.2.2.2.2.1.2.2.2.1.2.2.1.3.2.2.2",0.214695507124117,FALSE,TRUE,39
"2.3.2.2.2.2.2.2.2.2.1.2.2.2.1.2.2.2.2.2.2.2",0.345484523815424,FALSE,TRUE,40
"2.3.2.2.2.2.2.2.2.2.1.2.2.2.1.2.2.2.3.1.2.2",0.0618008667791907,FALSE,TRUE,39
"2.3.2.2.2.2.2.2.2.2.1.2.2.2.1.2.2.2.3.2.1.2",0.0163905934727841,FALSE,TRUE,39
"2.3.2.2.2.2.2.2.2.2.1.2.2.2.1.2.2.2.3.2.2.1",0.409510624598383,FALSE,TRUE,39
"3.2.2.2.2.2.2.1.2.3.1.2.2.2.2.2.2.2.3.2.2.1",0.406703467454269,FALSE,TRUE,39
"2.3.2.2.2.2.2.1.2.3.1.2.2.2.2.2.2.2.3.2.2.1",0.612170250052175,FALSE,TRUE,39
"2.2.3.2.2.2.2.1.2.3.1.2.2.2.2.2.2.2.3.2.2.1",0.287790749904056,FALSE,TRUE,39
"2.2.2.3.2.2.2.1.2.3.1.2.2.2.2.2.2.2.3.2.2.1",0.537161681090698,FALSE,TRUE,39
"2.2.2.2.3.2.2.1.2.3.1.2.2.2.2.2.2.2.3.2.2.1",0.474031066907622,FALSE,TRUE,39
"2.2.2.2.2.3.2.1.2.3.1.2.2.2.2.2.2.2.3.2.2.1",0.51169365466456,FALSE,TRUE,39
"2.2.2.2.2.2.3.1.2.3.1.2.2.2.2.2.2.2.3.2.2.1",0.289586535713961,FALSE,TRUE,39
"2.2.2.2.2.2.2.1.3.3.1.2.2.2.2.2.2.2.3.2.2.1",0.203708403489392,FALSE,TRUE,39
"2.2.2.2.2.2.2.1.2.4.1.2.2.2.2.2.2.2.3.2.2.1",0.237416736330189,FALSE,TRUE,39
"2.2.2.2.2.2.2.1.2.3.1.3.2.2.2.2.2.2.3.2.2.1",0.450973732310584,FALSE,TRUE,39
"2.2.2.2.2.2.2.1.2.3.1.2.3.2.2.2.2.2.3.2.2.1",0.361124725332995,FALSE,TRUE,39
"2.2.2.2.2.2.2.1.2.3.1.2.2.2.3.2.2.2.3.2.2.1",0.322088459156698,FALSE,TRUE,38
"2.2.2.2.2.2.2.1.2.3.1.2.2.2.2.3.2.2.3.2.2.1",0.533834754464212,FALSE,TRUE,39
"2.2.2.2.2.2.2.1.2.3.1.2.2.2.2.2.3.2.3.2.2.1",0.610979627800345,FALSE,TRUE,39
"2.2.2.2.2.2.2.1.2.3.1.2.2.2.2.2.2.3.3.2.2.1",0.287357490141698,FALSE,TRUE,39
"2.2.2.2.2.2.2.1.2.3.1.2.2.2.2.2.2.2.4.2.2.1",0.433964030118415,FALSE,TRUE,39
"2.2.2.2.2.2.2.1.2.3.1.2.2.2.2.2.2.2.3.3.2.1",0.0789710796734651,FALSE,TRUE,39
"2.2.2.2.2.2.2.1.2.3.1.2.2.2.2.2.2.2.3.2.3.1",0.553121383481996,FALSE,TRUE,39
"2.2.2.2.2.2.2.1.2.3.1.2.2.2.2.2.2.2.3.2.2.2",0.277481694219747,FALSE,TRUE,38
"1.2.2.2.2.2.2.1.2.3.1.2.2.2.2.2.2.2.3.2.2.1",0.507457320734426,FALSE,TRUE,38
"2.1.2.2.2.2.2.1.2.3.1.2.2.2.2.2.2.2.3.2.2.1",0.333256321131999,FALSE,TRUE,38
"2.2.1.2.2.2.2.1.2.3.1.2.2.2.2.2.2.2.3.2.2.1",0.452360080342164,FALSE,TRUE,38
"2.2.2.1.2.2.2.1.2.3.1.2.2.2.2.2.2.2.3.2.2.1",0.395893485478848,FALSE,TRUE,38
"2.2.2.2.1.2.2.1.2.3.1.2.2.2.2.2.2.2.3.2.2.1",0.44348450927671,FALSE,TRUE,38
"2.2.2.2.2.1.2.1.2.3.1.2.2.2.2.2.2.2.3.2.2.1",0.236780955304316,FALSE,TRUE,38
"2.2.2.2.2.2.1.1.2.3.1.2.2.2.2.2.2.2.3.2.2.1",0.582858419349525,FALSE,TRUE,38
"2.2.2.2.2.2.2.1.1.3.1.2.2.2.2.2.2.2.3.2.2.1",0.645378487720188,FALSE,TRUE,38
"2.2.2.2.2.2.2.1.2.2.1.2.2.2.2.2.2.2.3.2.2.1",0.536839281009161,FALSE,TRUE,37
"2.2.2.2.2.2.2.1.2.3.1.1.2.2.2.2.2.2.3.2.2.1",0.50965079199174,FALSE,TRUE,38
"2.2.2.2.2.2.2.1.2.3.1.2.1.2.2.2.2.2.3.2.2.1",0.470582162737352,FALSE,TRUE,38
"2.2.2.2.2.2.2.1.2.3.1.2.2.1.2.2.2.2.3.2.2.1",0.536587010612053,FALSE,TRUE,38
"2.2.2.2.2.2.2.1.2.3.1.2.2.2.1.2.2.2.3.2.2.1",0.524905844917672,FALSE,TRUE,38
"2.2.2.2.2.2.2.1.2.3.1.2.2.2.2.1.2.2.3.2.2.1",0.318532572155755,FALSE,TRUE,38
"2.2.2.2.2.2.2.1.2.3.1.2.2.2.2.2.1.2.3.2.2.1",0.282159883806459,FALSE,TRUE,38
"2.2.2.2.2.2.2.1.2.3.1.2.2.2.2.2.2.1.3.2.2.1",0.462932098275771,FALSE,TRUE,38
"2.2.2.2.2.2.2.1.2.3.1.2.2.2.2.2.2.2.2.2.2.1",0.432502661694429,FALSE,TRUE,39
"2.2.2.2.2.2.2.1.2.3.1.2.2.2.2.2.2.2.3.1.2.1",0.705738713777977,FALSE,TRUE,38
"2.2.2.2.2.2.2.1.2.3.1.2.2.2.2.2.2.2.3.2.1.1",0.298746426772463,FALSE,TRUE,38
"3.2.2.1.2.2.2.2.3.2.3.2.2.2.2.2.2.2.1.2.2.2",0.285373493329808,FALSE,TRUE,40
"2.3.2.1.2.2.2.2.3.2.3.2.2.2.2.2.2.2.1.2.2.2",0.422574010324994,FALSE,TRUE,40
"2.2.3.1.2.2.2.2.3.2.3.2.2.2.2.2.2.2.1.2.2.2",0.417060097705955,FALSE,TRUE,40
"2.2.2.2.2.2.2.2.3.2.3.2.2.2.2.2.2.2.1.2.2.2",0.425173840710249,FALSE,TRUE,41
"2.2.2.1.3.2.2.2.3.2.3.2.2.2.2.2.2.2.1.2.2.2",0.324390441822196,FALSE,TRUE,40
"2.2.2.1.2.3.2.2.3.2.3.2.2.2.2.2.2.2.1.2.2.2",0.468187982853132,FALSE,TRUE,40
"2.2.2.1.2.2.3.2.3.2.3.2.2.2.2.2.2.2.1.2.2.2",0.379204843240006,FALSE,TRUE,40
"2.2.2.1.2.2.2.3.3.2.3.2.2.2.2.2.2.2.1.2.2.2",0.279277778185112,FALSE,TRUE,40
"2.2.2.1.2.2.2.2.4.2.3.2.2.2.2.2.2.2.1.2.2.2",0.401287916354614,FALSE,TRUE,41
"2.2.2.1.2.2.2.2.3.3.3.2.2.2.2.2.2.2.1.2.2.2",0.243483137868812,FALSE,TRUE,39
"2.2.2.1.2.2.2.2.3.2.4.2.2.2.2.2.2.2.1.2.2.2",0.383796220436355,FALSE,TRUE,40
"2.2.2.1.2.2.2.2.3.2.3.3.2.2.2.2.2.2.1.2.2.2",0.420804435903571,FALSE,TRUE,40
"2.2.2.1.2.2.2.2.3.2.3.2.3.2.2.2.2.2.1.2.2.2",0.527584673569342,FALSE,TRUE,40
"2.2.2.1.2.2.2.2.3.2.3.2.2.3.2.2.2.2.1.2.2.2",0.438117238691389,FALSE,TRUE,40
"2.2.2.1.2.2.2.2.3.2.3.2.2.2.3.2.2.2.1.2.2.2",0.388301048866592,FALSE,TRUE,40
"2.2.2.1.2.2.2.2.3.2.3.2.2.2.2.3.2.2.1.2.2.2",0.495875991323276,FALSE,TRUE,40
"2.2.2.1.2.2.2.2.3.2.3.2.2.2.2.2.3.2.1.2.2.2",0.4399848524678,FALSE,TRUE,40
"2.2.2.1.2.2.2.2.3.2.3.2.2.2.2.2.2.3.1.2.2.2",0.251747621013503,FALSE,TRUE,40
"2.2.2.1.2.2.2.2.3.2.3.2.2.2.2.2.2.2.2.2.2.2",0.482208395727602,FALSE,TRUE,40
"2.2.2.1.2.2.2.2.3.2.3.2.2.2.2.2.2.2.1.3.2.2",0.315388276898213,FALSE,TRUE,40
"2.2.2.1.2.2.2.2.3.2.3.2.2.2.2.2.2.2.1.2.3.2",0.544136731895503,FALSE,TRUE,40
"2.2.2.1.2.2.2.2.3.2.3.2.2.2.2.2.2.2.1.2.2.3",0.295752263809269,FALSE,TRUE,40
"1.2.2.1.2.2.2.2.3.2.3.2.2.2.2.2.2.2.1.2.2.2",0.484499087756354,FALSE,TRUE,39
"2.1.2.1.2.2.2.2.3.2.3.2.2.2.2.2.2.2.1.2.2.2",0.332761184326341,FALSE,TRUE,39
"2.2.1.1.2.2.2.2.3.2.3.2.2.2.2.2.2.2.1.2.2.2",0.276596402420583,FALSE,TRUE,39
"2.2.2.1.1.2.2.2.3.2.3.2.2.2.2.2.2.2.1.2.2.2",0.387627537496507,FALSE,TRUE,39
"2.2.2.1.2.1.2.2.3.2.3.2.2.2.2.2.2.2.1.2.2.2",0.282646297653492,FALSE,TRUE,39
"2.2.2.1.2.2.1.2.3.2.3.2.2.2.2.2.2.2.1.2.2.2",0.364610297699492,FALSE,TRUE,39
"2.2.2.1.2.2.2.1.3.2.3.2.2.2.2.2.2.2.1.2.2.2",0.429021345746471,FALSE,TRUE,39
"2.2.2.1.2.2.2.2.3.1.3.2.2.2.2.2.2.2.1.2.2.2",0.211082225538134,FALSE,TRUE,39
"2.2.2.1.2.2.2.2.3.2.3.1.2.2.2.2.2.2.1.2.2.2",0.359281924764236,FALSE,TRUE,39
"2.2.2.1.2.2.2.2.3.2.3.2.1.2.2.2.2.2.1.2.2.2",0.215010263432001,FALSE,TRUE,39
"2.2.2.1.2.2.2.2.3.2.3.2.2.1.2.2.2.2.1.2.2.2",0.313058168065736,FALSE,TRUE,39
"2.2.2.1.2.2.2.2.3.2.3.2.2.2.1.2.2.2.1.2.2.2",0.319672303552885,FALSE,TRUE,39
"2.2.2.1.2.2.2.2.3.2.3.2.2.2.2.1.2.2.1.2.2.2",0.27040043703972,FALSE,TRUE,39
"2.2.2.1.2.2.2.2.3.2.3.2.2.2.2.2.1.2.1.2.2.2",0.20001968533422,FALSE,TRUE,39
"2.2.2.1.2.2.2.2.3.2.3.2.2.2.2.2.2.1.1.2.2.2",0.335413489409551,FALSE,TRUE,39
"2.2.2.1.2.2.2.2.3.2.3.2.2.2.2.2.2.2.1.1.2.2",0.429652980217576,FALSE,TRUE,39
"2.2.2.1.2.2.2.2.3.2.3.2.2.2.2.2.2.2.1.2.1.2",0.16748857590035,FALSE,TRUE,39
"2.2.2.1.2.2.2.2.3.2.3.2.2.2.2.2.2.2.1.2.2.1",0.325161101074618,FALSE,TRUE,39
"3.3.2.2.2.2.2.2.2.3.2.2.2.2.2.2.2.2.3.2.2.2",0.284391254148113,FALSE,TRUE,42
"2.4.2.2.2.2.2.2.2.3.2.2.2.2.2.2.2.2.3.2.2.2",0.254758181891801,FALSE,TRUE,43
"2.3.3.2.2.2.2.2.2.3.2.2.2.2.2.2.2.2.3.2.2.2",-0.0354927192590943,FALSE,TRUE,42
"2.3.2.3.2.2.2.2.2.3.2.2.2.2.2.2.2.2.3.2.2.2",0.416870171735898,FALSE,TRUE,42
"2.3.2.2.3.2.2.2.2.3.2.2.2.2.2.2.2.2.3.2.2.2",0.303902637653295,FALSE,TRUE,42
"2.3.2.2.2.3.2.2.2.3.2.2.2.2.2.2.2.2.3.2.2.2",0.269454507763249,FALSE,TRUE,42
"2.3.2.2.2.2.3.2.2.3.2.2.2.2.2.2.2.2.3.2.2.2",0.126776123386429,FALSE,TRUE,42
"2.3.2.2.2.2.2.3.2.3.2.2.2.2.2.2.2.2.3.2.2.2",0.144171103271603,FALSE,TRUE,42
"2.3.2.2.2.2.2.2.3.3.2.2.2.2.2.2.2.2.3.2.2.2",0.229390486216546,FALSE,TRUE,42
"2.3.2.2.2.2.2.2.2.4.2.2.2.2.2.2.2.2.3.2.2.2",-0.00300099343898453,FALSE,TRUE,42
"2.3.2.2.2.2.2.2.2.3.3.2.2.2.2.2.2.2.3.2.2.2",0.208653128860296,FALSE,TRUE,42
"2.3.2.2.2.2.2.2.2.3.2.3.2.2.2.2.2.2.3.2.2.2",0.26943270323523,FALSE,TRUE,42
"2.3.2.2.2.2.2.2.2.3.2.2.3.2.2.2.2.2.3.2.2.2",0.298556652296169,FALSE,TRUE,42
"2.3.2.2.2.2.2.2.2.3.2.2.2.3.2.2.2.2.3.2.2.2",0.185644141354559,FALSE,TRUE,42
"2.3.2.2.2.2.2.2.2.3.2.2.2.2.3.2.2.2.3.2.2.2",0.107141820258725,FALSE,TRUE,41
"2.3.2.2.2.2.2.2.2.3.2.2.2.2.2.3.2.2.3.2.2.2",0.215528650657998,FALSE,TRUE,42
"2.3.2.2.2.2.2.2.2.3.2.2.2.2.2.2.3.2.3.2.2.2",0.347277243065793,FALSE,TRUE,42
"2.3.2.2.2.2.2.2.2.3.2.2.2.2.2.2.2.3.3.2.2.2",0.308806889304196,FALSE,TRUE,42
"2.3.2.2.2.2.2.2.2.3.2.2.2.2.2.2.2.2.4.2.2.2",0.259074588378417,FALSE,TRUE,42
"2.3.2.2.2.2.2.2.2.3.2.2.2.2.2.2.2.2.3.3.2.2",-0.0881962432061764,FALSE,TRUE,42
"2.3.2.2.2.2.2.2.2.3.2.2.2.2.2.2.2.2.3.2.3.2",0.298114619969498,FALSE,TRUE,42
"2.3.2.2.2.2.2.2.2.3.2.2.2.2.2.2.2.2.3.2.2.3",0.0968245751983935,FALSE,TRUE,42
"1.3.2.2.2.2.2.2.2.3.2.2.2.2.2.2.2.2.3.2.2.2",0.167341597450382,FALSE,TRUE,40
"2.3.1.2.2.2.2.2.2.3.2.2.2.2.2.2.2.2.3.2.2.2",0.333258356516278,FALSE,TRUE,41
"2.3.2.1.2.2.2.2.2.3.2.2.2.2.2.2.2.2.3.2.2.2",0.0905899717807501,FALSE,TRUE,40
"2.3.2.2.1.2.2.2.2.3.2.2.2.2.2.2.2.2.3.2.2.2",0.16037257313072,FALSE,TRUE,41
"2.3.2.2.2.1.2.2.2.3.2.2.2.2.2.2.2.2.3.2.2.2",0.0367911113813259,FALSE,TRUE,41
"2.3.2.2.2.2.1.2.2.3.2.2.2.2.2.2.2.2.3.2.2.2",0.291808283584687,FALSE,TRUE,40
"2.3.2.2.2.2.2.1.2.3.2.2.2.2.2.2.2.2.3.2.2.2",0.311619612075814,FALSE,TRUE,41
"2.3.2.2.2.2.2.2.1.3.2.2.2.2.2.2.2.2.3.2.2.2",0.26780537214854,FALSE,TRUE,41
"2.3.2.2.2.2.2.2.2.3.2.1.2.2.2.2.2.2.3.2.2.2",0.258834265278851,FALSE,TRUE,41
"2.3.2.2.2.2.2.2.2.3.2.2.1.2.2.2.2.2.3.2.2.2",0.0886440462666221,FALSE,TRUE,41
"2.3.2.2.2.2.2.2.2.3.2.2.2.1.2.2.2.2.3.2.2.2",0.236134360640916,FALSE,TRUE,41
"2.3.2.2.2.2.2.2.2.3.2.2.2.2.1.2.2.2.3.2.2.2",0.207163139923223,FALSE,TRUE,39
"2.3.2.2.2.2.2.2.2.3.2.2.2.2.2.1.2.2.3.2.2.2",0.268188909178573,FALSE,TRUE,41
"2.3.2.2.2.2.2.2.2.3.2.2.2.2.2.2.1.2.3.2.2.2",0.132940535189371,FALSE,TRUE,40
"2.3.2.2.2.2.2.2.2.3.2.2.2.2.2.2.2.1.3.2.2.2",0.105700984913104,FALSE,TRUE,41
"2.3.2.2.2.2.2.2.2.3.2.2.2.2.2.2.2.2.2.2.2.2",0.220936851444389,FALSE,TRUE,39
"2.3.2.2.2.2.2.2.2.3.2.2.2.2.2.2.2.2.3.1.2.2",0.378116744824587,FALSE,TRUE,41
"2.3.2.2.2.2.2.2.2.3.2.2.2.2.2.2.2.2.3.2.1.2",0.122680952683999,FALSE,TRUE,41
"3.2.2.2.2.2.2.2.2.3.2.2.2.2.3.2.2.2.3.2.2.1",0.163176095275275,FALSE,TRUE,41
"2.3.2.2.2.2.2.2.2.3.2.2.2.2.3.2.2.2.3.2.2.1",0.22828367396897,FALSE,TRUE,40
"2.2.3.2.2.2.2.2.2.3.2.2.2.2.3.2.2.2.3.2.2.1",0.0251652842726963,FALSE,TRUE,41
"2.2.2.3.2.2.2.2.2.3.2.2.2.2.3.2.2.2.3.2.2.1",0.112304662245572,FALSE,TRUE,41
"2.2.2.2.3.2.2.2.2.3.2.2.2.2.3.2.2.2.3.2.2.1",0.187941156235191,FALSE,TRUE,41
"2.2.2.2.2.3.2.2.2.3.2.2.2.2.3.2.2.2.3.2.2.1",0.224578639474177,FALSE,TRUE,41
"2.2.2.2.2.2.3.2.2.3.2.2.2.2.3.2.2.2.3.2.2.1",-0.0590445974093683,FALSE,TRUE,41
"2.2.2.2.2.2.2.3.2.3.2.2.2.2.3.2.2.2.3.2.2.1",0.0328522003494201,FALSE,TRUE,41
"2.2.2.2.2.2.2.2.3.3.2.2.2.2.3.2.2.2.3.2.2.1",-0.0351722926967873,FALSE,TRUE,41
"2.2.2.2.2.2.2.2.2.4.2.2.2.2.3.2.2.2.3.2.2.1",-0.080459166918802,FALSE,TRUE,41
"2.2.2.2.2.2.2.2.2.3.3.2.2.2.3.2.2.2.3.2.2.1",0.159818239174676,FALSE,TRUE,41
"2.2.2.2.2.2.2.2.2.3.2.3.2.2.3.2.2.2.3.2.2.1",0.109950253033545,FALSE,TRUE,41
"2.2.2.2.2.2.2.2.2.3.2.2.3.2.3.2.2.2.3.2.2.1",0.0844825566720266,FALSE,TRUE,41
"2.2.2.2.2.2.2.2.2.3.2.2.2.3.3.2.2.2.3.2.2.1",0.110099438507728,FALSE,TRUE,40
"2.2.2.2.2.2.2.2.2.3.2.2.2.2.4.2.2.2.3.2.2.1",-0.00868423400572563,FALSE,TRUE,42
"2.2.2.2.2.2.2.2.2.3.2.2.2.2.3.3.2.2.3.2.2.1",0.225089666834751,FALSE,TRUE,41
"2.2.2.2.2.2.2.2.2.3.2.2.2.2.3.2.3.2.3.2.2.1",0.306517372849012,FALSE,TRUE,41
"2.2.2.2.2.2.2.2.2.3.2.2.2.2.3.2.2.3.3.2.2.1",0.103142655171512,FALSE,TRUE,41
"2.2.2.2.2.2.2.2.2.3.2.2.2.2.3.2.2.2.4.2.2.1",0.133472573158986,FALSE,TRUE,41
"2.2.2.2.2.2.2.2.2.3.2.2.2.2.3.2.2.2.3.3.2.1",-0.171889205776623,FALSE,TRUE,41
"2.2.2.2.2.2.2.2.2.3.2.2.2.2.3.2.2.2.3.2.3.1",0.270362948673989,FALSE,TRUE,41
"1.2.2.2.2.2.2.2.2.3.2.2.2.2.3.2.2.2.3.2.2.1",0.188241362033589,FALSE,TRUE,40
"2.1.2.2.2.2.2.2.2.3.2.2.2.2.3.2.2.2.3.2.2.1",0.109491277564488,FALSE,TRUE,40
"2.2.1.2.2.2.2.2.2.3.2.2.2.2.3.2.2.2.3.2.2.1",0.201255876472799,FALSE,TRUE,40
"2.2.2.1.2.2.2.2.2.3.2.2.2.2.3.2.2.2.3.2.2.1",0.232849316158443,FALSE,TRUE,40
"2.2.2.2.1.2.2.2.2.3.2.2.2.2.3.2.2.2.3.2.2.1",0.118204985995497,FALSE,TRUE,40
"2.2.2.2.2.1.2.2.2.3.2.2.2.2.3.2.2.2.3.2.2.1",-0.00555190950559019,FALSE,TRUE,40
"2.2.2.2.2.2.1.2.2.3.2.2.2.2.3.2.2.2.3.2.2.1",0.391515879203822,FALSE,TRUE,40
"2.2.2.2.2.2.2.1.2.3.2.2.2.2.3.2.2.2.3.2.2.1",0.304893104046996,FALSE,TRUE,39
"2.2.2.2.2.2.2.2.1.3.2.2.2.2.3.2.2.2.3.2.2.1",0.447015010254351,FALSE,TRUE,40
"2.2.2.2.2.2.2.2.2.3.2.1.2.2.3.2.2.2.3.2.2.1",0.264931217163833,FALSE,TRUE,40
"2.2.2.2.2.2.2.2.2.3.2.2.1.2.3.2.2.2.3.2.2.1",0.189573478629502,FALSE,TRUE,40
"2.2.2.2.2.2.2.2.2.3.2.2.2.1.3.2.2.2.3.2.2.1",0.19165527396226,FALSE,TRUE,40
"2.2.2.2.2.2.2.2.2.3.2.2.2.2.3.1.2.2.3.2.2.1",0.110579479870609,FALSE,TRUE,40
"2.2.2.2.2.2.2.2.2.3.2.2.2.2.3.2.1.2.3.2.2.1",0.00449037707303737,FALSE,TRUE,40
"2.2.2.2.2.2.2.2.2.3.2.2.2.2.3.2.2.1.3.2.2.1",0.214472529574897,FALSE,TRUE,40
"2.2.2.2.2.2.2.2.2.3.2.2.2.2.3.2.2.2.2.2.2.1",0.196204744241546,FALSE,TRUE,41
"2.2.2.2.2.2.2.2.2.3.2.2.2.2.3.2.2.2.3.1.2.1",0.461920743743421,FALSE,TRUE,40
"2.2.2.2.2.2.2.2.2.3.2.2.2.2.3.2.2.2.3.2.1.1",0.0154425956677011,FALSE,TRUE,40
"3.2.2.1.2.2.2.2.2.1.2.2.3.2.2.2.2.2.2.1.2.2",0.319593907719109,FALSE,TRUE,39
"2.3.2.1.2.2.2.2.2.1.2.2.3.2.2.2.2.2.2.1.2.2",0.291998178081423,FALSE,TRUE,39
"2.2.3.1.2.2.2.2.2.1.2.2.3.2.2.2.2.2.2.1.2.2",0.405826176868605,FALSE,TRUE,39
"2.2.2.1.3.2.2.2.2.1.2.2.3.2.2.2.2.2.2.1.2.2",0.343213162379701,FALSE,TRUE,39
"2.2.2.1.2.3.2.2.2.1.2.2.3.2.2.2.2.2.2.1.2.2",0.488279805731967,FALSE,TRUE,39
"2.2.2.1.2.2.3.2.2.1.2.2.3.2.2.2.2.2.2.1.2.2",0.279771051693611,FALSE,TRUE,39
"2.2.2.1.2.2.2.3.2.1.2.2.3.2.2.2.2.2.2.1.2.2",0.217369639481737,FALSE,TRUE,39
"2.2.2.1.2.2.2.2.3.1.2.2.3.2.2.2.2.2.2.1.2.2",0.429384366421655,FALSE,TRUE,39
"2.2.2.1.2.2.2.2.2.2.2.2.3.2.2.2.2.2.2.1.2.2",0.67941011226508,FALSE,TRUE,39
"2.2.2.1.2.2.2.2.2.1.3.2.3.2.2.2.2.2.2.1.2.2",0.357589886640072,FALSE,TRUE,39
"2.2.2.1.2.2.2.2.2.1.2.3.3.2.2.2.2.2.2.1.2.2",0.169523146060183,FALSE,TRUE,39
"2.2.2.1.2.2.2.2.2.1.2.2.4.2.2.2.2.2.2.1.2.2",0.543250478467115,FALSE,TRUE,39
"2.2.2.1.2.2.2.2.2.1.2.2.3.3.2.2.2.2.2.1.2.2",0.435395233855873,FALSE,TRUE,39
"2.2.2.1.2.2.2.2.2.1.2.2.3.2.3.2.2.2.2.1.2.2",0.504462289340916,FALSE,TRUE,39
"2.2.2.1.2.2.2.2.2.1.2.2.3.2.2.3.2.2.2.1.2.2",0.335614761847521,FALSE,TRUE,39
"2.2.2.1.2.2.2.2.2.1.2.2.3.2.2.2.3.2.2.1.2.2",0.268670722708082,FALSE,TRUE,39
"2.2.2.1.2.2.2.2.2.1.2.2.3.2.2.2.2.3.2.1.2.2",0.291446026211182,FALSE,TRUE,39
"2.2.2.1.2.2.2.2.2.1.2.2.3.2.2.2.2.2.3.1.2.2",0.231683107026388,FALSE,TRUE,39
"2.2.2.1.2.2.2.2.2.1.2.2.3.2.2.2.2.2.2.1.3.2",0.52515188989251,FALSE,TRUE,39
"2.2.2.1.2.2.2.2.2.1.2.2.3.2.2.2.2.2.2.1.2.3",0.379929375758582,FALSE,TRUE,39
"1.2.2.1.2.2.2.2.2.1.2.2.3.2.2.2.2.2.2.1.2.2",0.259181449969705,FALSE,TRUE,38
"2.1.2.1.2.2.2.2.2.1.2.2.3.2.2.2.2.2.2.1.2.2",0.334269225372105,FALSE,TRUE,38
"2.2.1.1.2.2.2.2.2.1.2.2.3.2.2.2.2.2.2.1.2.2",0.234947506419338,FALSE,TRUE,38
"2.2.2.1.1.2.2.2.2.1.2.2.3.2.2.2.2.2.2.1.2.2",0.261361932713353,FALSE,TRUE,38
"2.2.2.1.2.1.2.2.2.1.2.2.3.2.2.2.2.2.2.1.2.2",0.0205533902701047,FALSE,TRUE,38
"2.2.2.1.2.2.1.2.2.1.2.2.3.2.2.2.2.2.2.1.2.2",0.39486335919563,FALSE,TRUE,38
"2.2.2.1.2.2.2.1.2.1.2.2.3.2.2.2.2.2.2.1.2.2",0.437414625032026,FALSE,TRUE,38
"2.2.2.1.2.2.2.2.1.1.2.2.3.2.2.2.2.2.2.1.2.2",0.0499189073615577,FALSE,TRUE,38
"2.2.2.1.2.2.2.2.2.1.1.2.3.2.2.2.2.2.2.1.2.2",0.332642638842316,FALSE,TRUE,38
"2.2.2.1.2.2.2.2.2.1.2.1.3.2.2.2.2.2.2.1.2.2",0.392841671217263,FALSE,TRUE,38
"2.2.2.1.2.2.2.2.2.1.2.2.3.1.2.2.2.2.2.1.2.2",0.274975839545244,FALSE,TRUE,38
"2.2.2.1.2.2.2.2.2.1.2.2.3.2.1.2.2.2.2.1.2.2",0.185874953378455,FALSE,TRUE,38
"2.2.2.1.2.2.2.2.2.1.2.2.3.2.2.1.2.2.2.1.2.2",0.250719064544606,FALSE,TRUE,38
"2.2.2.1.2.2.2.2.2.1.2.2.3.2.2.2.1.2.2.1.2.2",0.287699771494558,FALSE,TRUE,38
"2.2.2.1.2.2.2.2.2.1.2.2.3.2.2.2.2.2.1.1.2.2",0.271246757588916,FALSE,TRUE,38
"2.2.2.1.2.2.2.2.2.1.2.2.3.2.2.2.2.2.2.1.1.2",0.0537549021762747,FALSE,TRUE,38
"2.2.2.1.2.2.2.2.2.1.2.2.3.2.2.2.2.2.2.1.2.1",0.155783511825882,FALSE,TRUE,38
