"karyotype","fitness","is_fq","is_nn","boundary_degree"
"2.2.2.2.2.2.2.2.2.2.2.2.2.2.2.2.2.2.2.2.2.2",0.403097864941344,TRUE,FALSE,0
"2.2.2.2.2.2.2.2.2.2.2.2.1.2.2.2.2.2.2.2.2.2",0.394533971041845,TRUE,FALSE,0
"2.2.2.2.2.2.2.2.1.2.2.2.1.2.2.2.2.2.2.2.2.2",0.290401046668857,TRUE,FALSE,0
"2.2.2.2.2.2.2.2.2.2.2.2.1.2.2.2.2.2.3.2.2.2",0.211496567042215,TRUE,FALSE,0
"2.2.2.2.2.2.2.2.2.2.2.2.2.2.2.3.2.2.2.2.2.2",0.200786821005307,TRUE,FALSE,0
"2.2.2.2.2.2.2.2.2.2.2.2.1.2.3.2.2.2.2.2.2.2",0.347005503007231,TRUE,FALSE,0
"2.2.2.2.2.2.2.1.2.2.2.2.1.2.3.2.2.2.2.2.2.2",0.579760174780998,TRUE,FALSE,0
"2.2.2.2.3.2.2.2.2.2.2.2.1.2.2.2.2.2.3.2.2.2",0.189308302236124,TRUE,FALSE,0
"2.2.2.2.2.2.2.2.2.2.2.3.1.2.3.2.2.2.2.2.2.2",0.183768148442614,TRUE,FALSE,0
"3.2.2.2.2.2.2.2.1.2.2.2.1.2.2.2.2.2.2.2.2.2",0.383221542581513,TRUE,FALSE,0
"2.2.2.2.2.2.2.2.1.2.2.2.1.2.2.2.2.1.2.2.2.2",0.256500710589266,TRUE,FALSE,0
"2.1.2.2.2.2.2.2.1.2.2.2.1.2.2.2.2.2.2.2.2.2",0.502924347636559,TRUE,FALSE,0
"2.2.2.2.2.2.2.2.2.2.2.2.2.2.2.3.3.2.2.2.2.2",0.212414690026409,TRUE,FALSE,0
"2.1.2.2.2.2.2.2.1.2.2.2.1.2.3.2.2.2.2.2.2.2",0.455610263840085,TRUE,FALSE,0
"3.2.2.2.2.2.2.2.1.2.2.2.1.2.2.2.2.1.2.2.2.2",0.322356542136978,TRUE,FALSE,0
"2.2.2.2.1.2.2.1.2.2.2.2.1.2.3.2.2.2.2.2.2.2",0.497681093214287,TRUE,FALSE,0
"2.2.2.2.2.1.2.2.2.2.2.2.1.2.2.2.2.2.2.2.2.2",0.410068951022587,TRUE,FALSE,0
"2.1.2.2.2.3.2.2.1.2.2.2.1.2.3.2.2.2.2.2.2.2",0.233044385591538,TRUE,FALSE,0
"2.2.2.2.2.2.2.2.2.2.2.2.2.2.2.2.2.2.2.1.2.2",0.335809892617149,TRUE,FALSE,0
"2.2.2.1.2.2.2.2.2.2.2.2.1.2.2.2.2.2.3.2.2.2",0.177577997596153,TRUE,FALSE,0
"3.2.2.2.2.2.2.1.2.2.2.2.1.2.3.2.2.2.2.2.2.2",0.51659236007984,TRUE,FALSE,0
"3.2.2.2.2.2.2.2.1.2.2.2.1.1.2.2.2.2.2.2.2.2",0.403632450521496,TRUE,FALSE,0
"2.1.2.2.2.1.2.2.2.2.2.2.1.2.2.2.2.2.2.2.2.2",0.607058981850205,TRUE,FALSE,0
"2.1.2.2.2.1.2.2.1.2.2.2.1.2.2.2.2.2.2.2.2.2",0.552662231532119,TRUE,FALSE,0
"2.2.2.2.2.2.2.2.3.2.2.2.2.2.2.2.2.2.2.1.2.2",0.389623479951026,TRUE,FALSE,0
"2.2.2.2.2.2.2.2.3.2.2.2.2.2.3.2.2.2.2.1.2.2",0.478805436945047,TRUE,FALSE,0
"2.2.2.2.2.2.2.2.2.2.2.2.1.2.2.3.2.2.3.2.2.2",0.171294330217695,TRUE,FALSE,0
"2.2.2.2.2.2.2.2.2.2.2.2.1.3.2.2.2.2.2.2.2.2",0.275469402055525,TRUE,FALSE,0
"3.1.2.2.2.2.2.2.1.2.2.2.1.2.2.2.2.2.2.2.2.2",0.575921679488426,TRUE,FALSE,0
"2.2.2.2.2.2.2.2.3.2.2.2.2.2.3.3.2.2.2.1.2.2",0.454643392971195,TRUE,FALSE,0
"2.1.2.2.2.2.2.2.3.2.2.2.2.2.3.3.2.2.2.1.2.2",0.468867757675945,TRUE,FALSE,0
"2.2.2.2.2.2.2.1.2.2.2.2.2.2.2.2.2.2.2.1.2.2",0.206660737149659,TRUE,FALSE,0
"3.2.2.2.2.2.2.1.2.2.2.2.1.2.3.2.2.2.3.2.2.2",0.30787815594752,TRUE,FALSE,0
"2.2.2.1.2.1.2.2.2.2.2.2.1.2.2.2.2.2.2.2.2.2",0.361053294899789,TRUE,FALSE,0
"2.2.2.2.2.2.2.3.2.2.2.2.2.2.2.2.2.2.2.1.2.2",0.461417957166351,TRUE,FALSE,0
"3.1.2.2.2.2.2.2.1.2.2.3.1.2.2.2.2.2.2.2.2.2",0.59476584046428,TRUE,FALSE,0
"2.2.2.2.2.2.2.2.2.2.2.2.1.3.2.2.2.1.2.2.2.2",0.35693139788804,TRUE,FALSE,0
"2.2.2.2.2.2.2.2.2.2.2.2.1.3.2.2.2.1.2.2.3.2",0.341387211957732,TRUE,FALSE,0
"2.2.2.1.2.2.2.2.2.2.2.2.2.2.2.2.2.2.3.2.2.2",0.238068036439688,TRUE,FALSE,0
"3.2.2.2.2.1.2.1.2.2.2.2.1.2.3.2.2.2.2.2.2.2",0.359591464492386,TRUE,FALSE,0
"2.1.2.2.2.1.2.2.1.2.2.3.1.2.2.2.2.2.2.2.2.2",0.537523881802954,TRUE,FALSE,0
"2.2.2.2.2.2.2.2.2.3.2.2.1.2.2.2.2.2.2.2.2.2",0.223450034454295,TRUE,FALSE,0
"3.2.2.2.2.2.3.2.1.2.2.2.1.2.2.2.2.1.2.2.2.2",0.471416975344308,TRUE,FALSE,0
"2.2.2.2.2.1.2.1.2.2.2.2.2.2.2.2.2.2.2.1.2.2",0.238775309155248,TRUE,FALSE,0
"3.1.2.2.2.2.2.2.1.2.2.2.1.2.1.2.2.2.2.2.2.2",0.435180075885847,TRUE,FALSE,0
"3.1.2.2.2.2.2.2.1.2.2.2.1.2.2.2.2.2.2.2.1.2",0.490569384234461,TRUE,FALSE,0
"3.1.2.2.2.2.2.2.1.2.2.2.1.2.2.2.2.1.2.2.2.2",0.224765698498957,TRUE,FALSE,0
"2.1.2.2.2.1.2.2.2.2.2.2.1.2.2.2.2.2.3.2.2.2",0.440130327056329,TRUE,FALSE,0
"1.1.2.2.2.1.2.2.2.2.2.2.1.2.2.2.2.2.3.2.2.2",0.46253986025256,TRUE,FALSE,0
"2.2.3.2.2.2.2.1.2.2.2.2.1.2.3.2.2.2.2.2.2.2",0.346004492715968,TRUE,FALSE,0
"3.2.2.2.2.2.2.2.2.2.2.2.2.2.2.2.2.2.2.2.2.2",0.372786030450308,FALSE,TRUE,39
"2.3.2.2.2.2.2.2.2.2.2.2.2.2.2.2.2.2.2.2.2.2",0.053481214251449,FALSE,TRUE,40
"2.2.3.2.2.2.2.2.2.2.2.2.2.2.2.2.2.2.2.2.2.2",0.179699738535449,FALSE,TRUE,40
"2.2.2.3.2.2.2.2.2.2.2.2.2.2.2.2.2.2.2.2.2.2",0.366420619727912,FALSE,TRUE,40
"2.2.2.2.3.2.2.2.2.2.2.2.2.2.2.2.2.2.2.2.2.2",0.428962435534497,FALSE,TRUE,39
"2.2.2.2.2.3.2.2.2.2.2.2.2.2.2.2.2.2.2.2.2.2",0.283150858994169,FALSE,TRUE,40
"2.2.2.2.2.2.3.2.2.2.2.2.2.2.2.2.2.2.2.2.2.2",0.267629732949253,FALSE,TRUE,40
"2.2.2.2.2.2.2.3.2.2.2.2.2.2.2.2.2.2.2.2.2.2",0.302162486407636,FALSE,TRUE,40
"2.2.2.2.2.2.2.2.3.2.2.2.2.2.2.2.2.2.2.2.2.2",0.357713453186008,FALSE,TRUE,39
"2.2.2.2.2.2.2.2.2.3.2.2.2.2.2.2.2.2.2.2.2.2",0.224520597189812,FALSE,TRUE,40
"2.2.2.2.2.2.2.2.2.2.3.2.2.2.2.2.2.2.2.2.2.2",0.266822102430622,FALSE,TRUE,40
"2.2.2.2.2.2.2.2.2.2.2.3.2.2.2.2.2.2.2.2.2.2",0.335760340893676,FALSE,TRUE,39
"2.2.2.2.2.2.2.2.2.2.2.2.3.2.2.2.2.2.2.2.2.2",0.32739335413555,FALSE,TRUE,41
"2.2.2.2.2.2.2.2.2.2.2.2.2.3.2.2.2.2.2.2.2.2",0.23618287868633,FALSE,TRUE,39
"2.2.2.2.2.2.2.2.2.2.2.2.2.2.3.2.2.2.2.2.2.2",0.458399768751158,FALSE,TRUE,37
"2.2.2.2.2.2.2.2.2.2.2.2.2.2.2.2.3.2.2.2.2.2",0.267526024059529,FALSE,TRUE,40
"2.2.2.2.2.2.2.2.2.2.2.2.2.2.2.2.2.3.2.2.2.2",0.252321190870462,FALSE,TRUE,40
"2.2.2.2.2.2.2.2.2.2.2.2.2.2.2.2.2.2.3.2.2.2",0.254948183913467,FALSE,TRUE,38
"2.2.2.2.2.2.2.2.2.2.2.2.2.2.2.2.2.2.2.3.2.2",0.252151619831057,FALSE,TRUE,41
"2.2.2.2.2.2.2.2.2.2.2.2.2.2.2.2.2.2.2.2.3.2",0.0114048339617396,FALSE,TRUE,40
"2.2.2.2.2.2.2.2.2.2.2.2.2.2.2.2.2.2.2.2.2.3",0.418098614526701,FALSE,TRUE,40
"1.2.2.2.2.2.2.2.2.2.2.2.2.2.2.2.2.2.2.2.2.2",0.0604843479109755,FALSE,TRUE,39
"2.1.2.2.2.2.2.2.2.2.2.2.2.2.2.2.2.2.2.2.2.2",0.677532995554659,FALSE,TRUE,37
"2.2.1.2.2.2.2.2.2.2.2.2.2.2.2.2.2.2.2.2.2.2",0.381239204486112,FALSE,TRUE,39
"2.2.2.1.2.2.2.2.2.2.2.2.2.2.2.2.2.2.2.2.2.2",0.402867512799802,FALSE,TRUE,37
"2.2.2.2.1.2.2.2.2.2.2.2.2.2.2.2.2.2.2.2.2.2",0.17462195828207,FALSE,TRUE,39
"2.2.2.2.2.1.2.2.2.2.2.2.2.2.2.2.2.2.2.2.2.2",0.409691068895369,FALSE,TRUE,36
"2.2.2.2.2.2.1.2.2.2.2.2.2.2.2.2.2.2.2.2.2.2",0.256777971201803,FALSE,TRUE,39
"2.2.2.2.2.2.2.1.2.2.2.2.2.2.2.2.2.2.2.2.2.2",0.378190524221801,FALSE,TRUE,37
"2.2.2.2.2.2.2.2.1.2.2.2.2.2.2.2.2.2.2.2.2.2",0.268275867511115,FALSE,TRUE,36
"2.2.2.2.2.2.2.2.2.1.2.2.2.2.2.2.2.2.2.2.2.2",0.246223226417291,FALSE,TRUE,39
"2.2.2.2.2.2.2.2.2.2.1.2.2.2.2.2.2.2.2.2.2.2",0.322787968256835,FALSE,TRUE,39
"2.2.2.2.2.2.2.2.2.2.2.1.2.2.2.2.2.2.2.2.2.2",0.281547186130905,FALSE,TRUE,39
"2.2.2.2.2.2.2.2.2.2.2.2.2.1.2.2.2.2.2.2.2.2",0.415750427040284,FALSE,TRUE,39
"2.2.2.2.2.2.2.2.2.2.2.2.2.2.1.2.2.2.2.2.2.2",0.27320857861574,FALSE,TRUE,39
"2.2.2.2.2.2.2.2.2.2.2.2.2.2.2.1.2.2.2.2.2.2",0.288620834685363,FALSE,TRUE,40
"2.2.2.2.2.2.2.2.2.2.2.2.2.2.2.2.1.2.2.2.2.2",0.250572954743993,FALSE,TRUE,39
"2.2.2.2.2.2.2.2.2.2.2.2.2.2.2.2.2.1.2.2.2.2",0.425306152626905,FALSE,TRUE,37
"2.2.2.2.2.2.2.2.2.2.2.2.2.2.2.2.2.2.1.2.2.2",0.317232070564925,FALSE,TRUE,39
"2.2.2.2.2.2.2.2.2.2.2.2.2.2.2.2.2.2.2.2.1.2",0.562701406044819,FALSE,TRUE,39
"2.2.2.2.2.2.2.2.2.2.2.2.2.2.2.2.2.2.2.2.2.1",0.243182849547266,FALSE,TRUE,39
"3.2.2.2.2.2.2.2.2.2.2.2.1.2.2.2.2.2.2.2.2.2",0.394652408977957,FALSE,TRUE,31
"2.3.2.2.2.2.2.2.2.2.2.2.1.2.2.2.2.2.2.2.2.2",0.0071728728358719,FALSE,TRUE,35
"2.2.3.2.2.2.2.2.2.2.2.2.1.2.2.2.2.2.2.2.2.2",0.248675419350554,FALSE,TRUE,34
"2.2.2.3.2.2.2.2.2.2.2.2.1.2.2.2.2.2.2.2.2.2",0.353372629110226,FALSE,TRUE,35
"2.2.2.2.3.2.2.2.2.2.2.2.1.2.2.2.2.2.2.2.2.2",0.394349737760046,FALSE,TRUE,35
"2.2.2.2.2.3.2.2.2.2.2.2.1.2.2.2.2.2.2.2.2.2",0.22240339561227,FALSE,TRUE,36
"2.2.2.2.2.2.3.2.2.2.2.2.1.2.2.2.2.2.2.2.2.2",0.390676961117439,FALSE,TRUE,35
"2.2.2.2.2.2.2.3.2.2.2.2.1.2.2.2.2.2.2.2.2.2",0.192891578171168,FALSE,TRUE,34
"2.2.2.2.2.2.2.2.3.2.2.2.1.2.2.2.2.2.2.2.2.2",0.369862797714474,FALSE,TRUE,35
"2.2.2.2.2.2.2.2.2.2.3.2.1.2.2.2.2.2.2.2.2.2",0.117460465456135,FALSE,TRUE,35
"2.2.2.2.2.2.2.2.2.2.2.3.1.2.2.2.2.2.2.2.2.2",0.219004927847324,FALSE,TRUE,35
"2.2.2.2.2.2.2.2.2.2.2.2.1.2.2.3.2.2.2.2.2.2",0.278073754809075,FALSE,TRUE,34
"2.2.2.2.2.2.2.2.2.2.2.2.1.2.2.2.3.2.2.2.2.2",0.395483467042382,FALSE,TRUE,34
"2.2.2.2.2.2.2.2.2.2.2.2.1.2.2.2.2.3.2.2.2.2",0.205135399634651,FALSE,TRUE,35
"2.2.2.2.2.2.2.2.2.2.2.2.1.2.2.2.2.2.2.3.2.2",0.30426633534767,FALSE,TRUE,35
"2.2.2.2.2.2.2.2.2.2.2.2.1.2.2.2.2.2.2.2.3.2",0.0449914780297574,FALSE,TRUE,34
"2.2.2.2.2.2.2.2.2.2.2.2.1.2.2.2.2.2.2.2.2.3",0.468656079633004,FALSE,TRUE,35
"1.2.2.2.2.2.2.2.2.2.2.2.1.2.2.2.2.2.2.2.2.2",0.034058293493428,FALSE,TRUE,34
"2.1.2.2.2.2.2.2.2.2.2.2.1.2.2.2.2.2.2.2.2.2",0.677388901749221,FALSE,TRUE,33
"2.2.1.2.2.2.2.2.2.2.2.2.1.2.2.2.2.2.2.2.2.2",0.348550400678119,FALSE,TRUE,34
"2.2.2.1.2.2.2.2.2.2.2.2.1.2.2.2.2.2.2.2.2.2",0.28480121816361,FALSE,TRUE,34
"2.2.2.2.1.2.2.2.2.2.2.2.1.2.2.2.2.2.2.2.2.2",0.217969749601546,FALSE,TRUE,33
"2.2.2.2.2.2.1.2.2.2.2.2.1.2.2.2.2.2.2.2.2.2",0.176765114341826,FALSE,TRUE,34
"2.2.2.2.2.2.2.1.2.2.2.2.1.2.2.2.2.2.2.2.2.2",0.441941214018585,FALSE,TRUE,30
"2.2.2.2.2.2.2.2.2.1.2.2.1.2.2.2.2.2.2.2.2.2",0.298787477354466,FALSE,TRUE,35
"2.2.2.2.2.2.2.2.2.2.1.2.1.2.2.2.2.2.2.2.2.2",0.35736958353221,FALSE,TRUE,34
"2.2.2.2.2.2.2.2.2.2.2.1.1.2.2.2.2.2.2.2.2.2",0.367256581715622,FALSE,TRUE,34
"2.2.2.2.2.2.2.2.2.2.2.2.1.1.2.2.2.2.2.2.2.2",0.36714193445554,FALSE,TRUE,34
"2.2.2.2.2.2.2.2.2.2.2.2.1.2.1.2.2.2.2.2.2.2",0.308814323835096,FALSE,TRUE,35
"2.2.2.2.2.2.2.2.2.2.2.2.1.2.2.1.2.2.2.2.2.2",0.282393454861506,FALSE,TRUE,34
"2.2.2.2.2.2.2.2.2.2.2.2.1.2.2.2.1.2.2.2.2.2",0.194035120086774,FALSE,TRUE,34
"2.2.2.2.2.2.2.2.2.2.2.2.1.2.2.2.2.1.2.2.2.2",0.382400729058507,FALSE,TRUE,32
"2.2.2.2.2.2.2.2.2.2.2.2.1.2.2.2.2.2.1.2.2.2",0.371423458844422,FALSE,TRUE,35
"2.2.2.2.2.2.2.2.2.2.2.2.1.2.2.2.2.2.2.1.2.2",0.340753955207308,FALSE,TRUE,31
"2.2.2.2.2.2.2.2.2.2.2.2.1.2.2.2.2.2.2.2.1.2",0.507945698584839,FALSE,TRUE,34
"2.2.2.2.2.2.2.2.2.2.2.2.1.2.2.2.2.2.2.2.2.1",0.212997160816431,FALSE,TRUE,34
"2.3.2.2.2.2.2.2.1.2.2.2.1.2.2.2.2.2.2.2.2.2",0.0144866590921394,FALSE,TRUE,38
"2.2.3.2.2.2.2.2.1.2.2.2.1.2.2.2.2.2.2.2.2.2",0.191873957982287,FALSE,TRUE,37
"2.2.2.3.2.2.2.2.1.2.2.2.1.2.2.2.2.2.2.2.2.2",0.329823415854743,FALSE,TRUE,37
"2.2.2.2.3.2.2.2.1.2.2.2.1.2.2.2.2.2.2.2.2.2",0.394200343629512,FALSE,TRUE,36
"2.2.2.2.2.3.2.2.1.2.2.2.1.2.2.2.2.2.2.2.2.2",0.138612846085589,FALSE,TRUE,36
"2.2.2.2.2.2.3.2.1.2.2.2.1.2.2.2.2.2.2.2.2.2",0.349304969917325,FALSE,TRUE,37
"2.2.2.2.2.2.2.3.1.2.2.2.1.2.2.2.2.2.2.2.2.2",0.133953449799995,FALSE,TRUE,37
"2.2.2.2.2.2.2.2.1.3.2.2.1.2.2.2.2.2.2.2.2.2",0.216496845714873,FALSE,TRUE,37
"2.2.2.2.2.2.2.2.1.2.3.2.1.2.2.2.2.2.2.2.2.2",0.299632938544238,FALSE,TRUE,37
"2.2.2.2.2.2.2.2.1.2.2.3.1.2.2.2.2.2.2.2.2.2",0.209596167651115,FALSE,TRUE,35
"2.2.2.2.2.2.2.2.1.2.2.2.1.3.2.2.2.2.2.2.2.2",0.345823760412715,FALSE,TRUE,37
"2.2.2.2.2.2.2.2.1.2.2.2.1.2.3.2.2.2.2.2.2.2",0.272583080184774,FALSE,TRUE,34
"2.2.2.2.2.2.2.2.1.2.2.2.1.2.2.3.2.2.2.2.2.2",0.142721732413364,FALSE,TRUE,35
"2.2.2.2.2.2.2.2.1.2.2.2.1.2.2.2.3.2.2.2.2.2",0.188390548985796,FALSE,TRUE,37
"2.2.2.2.2.2.2.2.1.2.2.2.1.2.2.2.2.3.2.2.2.2",0.226295786301411,FALSE,TRUE,38
"2.2.2.2.2.2.2.2.1.2.2.2.1.2.2.2.2.2.3.2.2.2",0.255771178669506,FALSE,TRUE,34
"2.2.2.2.2.2.2.2.1.2.2.2.1.2.2.2.2.2.2.3.2.2",0.211791158270016,FALSE,TRUE,37
"2.2.2.2.2.2.2.2.1.2.2.2.1.2.2.2.2.2.2.2.3.2",0.00738806923345702,FALSE,TRUE,37
"2.2.2.2.2.2.2.2.1.2.2.2.1.2.2.2.2.2.2.2.2.3",0.301974185192488,FALSE,TRUE,37
"1.2.2.2.2.2.2.2.1.2.2.2.1.2.2.2.2.2.2.2.2.2",-0.0846902228846442,FALSE,TRUE,37
"2.2.1.2.2.2.2.2.1.2.2.2.1.2.2.2.2.2.2.2.2.2",0.192154792794727,FALSE,TRUE,36
"2.2.2.1.2.2.2.2.1.2.2.2.1.2.2.2.2.2.2.2.2.2",0.254456692401807,FALSE,TRUE,34
"2.2.2.2.1.2.2.2.1.2.2.2.1.2.2.2.2.2.2.2.2.2",0.0550318355185676,FALSE,TRUE,36
"2.2.2.2.2.1.2.2.1.2.2.2.1.2.2.2.2.2.2.2.2.2",0.392758965212677,FALSE,TRUE,34
"2.2.2.2.2.2.1.2.1.2.2.2.1.2.2.2.2.2.2.2.2.2",0.0621584850175505,FALSE,TRUE,36
"2.2.2.2.2.2.2.1.1.2.2.2.1.2.2.2.2.2.2.2.2.2",0.272581793670603,FALSE,TRUE,35
"2.2.2.2.2.2.2.2.1.1.2.2.1.2.2.2.2.2.2.2.2.2",0.0584920674098896,FALSE,TRUE,36
"2.2.2.2.2.2.2.2.1.2.1.2.1.2.2.2.2.2.2.2.2.2",0.186452758054909,FALSE,TRUE,36
"2.2.2.2.2.2.2.2.1.2.2.1.1.2.2.2.2.2.2.2.2.2",0.176522477275518,FALSE,TRUE,36
"2.2.2.2.2.2.2.2.1.2.2.2.1.1.2.2.2.2.2.2.2.2",0.231971819936192,FALSE,TRUE,36
"2.2.2.2.2.2.2.2.1.2.2.2.1.2.1.2.2.2.2.2.2.2",0.262884684429372,FALSE,TRUE,36
"2.2.2.2.2.2.2.2.1.2.2.2.1.2.2.1.2.2.2.2.2.2",0.121997893755502,FALSE,TRUE,36
"2.2.2.2.2.2.2.2.1.2.2.2.1.2.2.2.1.2.2.2.2.2",0.108936252328908,FALSE,TRUE,36
"2.2.2.2.2.2.2.2.1.2.2.2.1.2.2.2.2.2.1.2.2.2",0.158441216474178,FALSE,TRUE,36
"2.2.2.2.2.2.2.2.1.2.2.2.1.2.2.2.2.2.2.1.2.2",0.157196479564481,FALSE,TRUE,35
"2.2.2.2.2.2.2.2.1.2.2.2.1.2.2.2.2.2.2.2.1.2",0.421218387131932,FALSE,TRUE,36
"2.2.2.2.2.2.2.2.1.2.2.2.1.2.2.2.2.2.2.2.2.1",0.20058842546335,FALSE,TRUE,36
"3.2.2.2.2.2.2.2.2.2.2.2.1.2.2.2.2.2.3.2.2.2",0.233551576895958,FALSE,TRUE,35
"2.3.2.2.2.2.2.2.2.2.2.2.1.2.2.2.2.2.3.2.2.2",-0.183505602836044,FALSE,TRUE,38
"2.2.3.2.2.2.2.2.2.2.2.2.1.2.2.2.2.2.3.2.2.2",-0.00514588508144326,FALSE,TRUE,38
"2.2.2.3.2.2.2.2.2.2.2.2.1.2.2.2.2.2.3.2.2.2",0.109874890629807,FALSE,TRUE,39
"2.2.2.2.2.3.2.2.2.2.2.2.1.2.2.2.2.2.3.2.2.2",0.162408682508566,FALSE,TRUE,38
"2.2.2.2.2.2.3.2.2.2.2.2.1.2.2.2.2.2.3.2.2.2",0.218707652790278,FALSE,TRUE,38
"2.2.2.2.2.2.2.3.2.2.2.2.1.2.2.2.2.2.3.2.2.2",0.0456510425510942,FALSE,TRUE,38
"2.2.2.2.2.2.2.2.3.2.2.2.1.2.2.2.2.2.3.2.2.2",0.146123908824238,FALSE,TRUE,38
"2.2.2.2.2.2.2.2.2.3.2.2.1.2.2.2.2.2.3.2.2.2",0.0391168973677105,FALSE,TRUE,38
"2.2.2.2.2.2.2.2.2.2.3.2.1.2.2.2.2.2.3.2.2.2",-0.0202086358411838,FALSE,TRUE,38
"2.2.2.2.2.2.2.2.2.2.2.3.1.2.2.2.2.2.3.2.2.2",0.01301070900081,FALSE,TRUE,37
"2.2.2.2.2.2.2.2.2.2.2.2.1.3.2.2.2.2.3.2.2.2",0.0379741592038028,FALSE,TRUE,37
"2.2.2.2.2.2.2.2.2.2.2.2.1.2.3.2.2.2.3.2.2.2",0.212388767343366,FALSE,TRUE,35
"2.2.2.2.2.2.2.2.2.2.2.2.1.2.2.2.3.2.3.2.2.2",0.3441246764061,FALSE,TRUE,38
"2.2.2.2.2.2.2.2.2.2.2.2.1.2.2.2.2.3.3.2.2.2",0.0105603001921386,FALSE,TRUE,38
"2.2.2.2.2.2.2.2.2.2.2.2.1.2.2.2.2.2.4.2.2.2",0.0277225387202769,FALSE,TRUE,39
"2.2.2.2.2.2.2.2.2.2.2.2.1.2.2.2.2.2.3.3.2.2",0.114435191524127,FALSE,TRUE,38
"2.2.2.2.2.2.2.2.2.2.2.2.1.2.2.2.2.2.3.2.3.2",-0.172422027284675,FALSE,TRUE,38
"2.2.2.2.2.2.2.2.2.2.2.2.1.2.2.2.2.2.3.2.2.3",0.347204428397278,FALSE,TRUE,38
"1.2.2.2.2.2.2.2.2.2.2.2.1.2.2.2.2.2.3.2.2.2",0.0216545416658171,FALSE,TRUE,35
"2.1.2.2.2.2.2.2.2.2.2.2.1.2.2.2.2.2.3.2.2.2",0.551368935596845,FALSE,TRUE,34
"2.2.1.2.2.2.2.2.2.2.2.2.1.2.2.2.2.2.3.2.2.2",0.2463669723512,FALSE,TRUE,37
"2.2.2.2.1.2.2.2.2.2.2.2.1.2.2.2.2.2.3.2.2.2",0.177113469957602,FALSE,TRUE,38
"2.2.2.2.2.1.2.2.2.2.2.2.1.2.2.2.2.2.3.2.2.2",0.192770896697997,FALSE,TRUE,35
"2.2.2.2.2.2.1.2.2.2.2.2.1.2.2.2.2.2.3.2.2.2",0.0825959290641785,FALSE,TRUE,37
"2.2.2.2.2.2.2.1.2.2.2.2.1.2.2.2.2.2.3.2.2.2",0.217998074335858,FALSE,TRUE,35
"2.2.2.2.2.2.2.2.2.1.2.2.1.2.2.2.2.2.3.2.2.2",0.255246660818558,FALSE,TRUE,37
"2.2.2.2.2.2.2.2.2.2.1.2.1.2.2.2.2.2.3.2.2.2",0.419246042838686,FALSE,TRUE,37
"2.2.2.2.2.2.2.2.2.2.2.1.1.2.2.2.2.2.3.2.2.2",0.18402517945222,FALSE,TRUE,37
"2.2.2.2.2.2.2.2.2.2.2.2.1.1.2.2.2.2.3.2.2.2",0.296739287034663,FALSE,TRUE,37
"2.2.2.2.2.2.2.2.2.2.2.2.1.2.1.2.2.2.3.2.2.2",0.0988336038498538,FALSE,TRUE,37
"2.2.2.2.2.2.2.2.2.2.2.2.1.2.2.1.2.2.3.2.2.2",0.251596836736316,FALSE,TRUE,38
"2.2.2.2.2.2.2.2.2.2.2.2.1.2.2.2.1.2.3.2.2.2",0.00569994227424429,FALSE,TRUE,37
"2.2.2.2.2.2.2.2.2.2.2.2.1.2.2.2.2.1.3.2.2.2",0.313462944979299,FALSE,TRUE,35
"2.2.2.2.2.2.2.2.2.2.2.2.1.2.2.2.2.2.3.1.2.2",0.198961455683018,FALSE,TRUE,36
"2.2.2.2.2.2.2.2.2.2.2.2.1.2.2.2.2.2.3.2.1.2",0.380537728309814,FALSE,TRUE,37
"2.2.2.2.2.2.2.2.2.2.2.2.1.2.2.2.2.2.3.2.2.1",-0.0429521932751459,FALSE,TRUE,37
"3.2.2.2.2.2.2.2.2.2.2.2.2.2.2.3.2.2.2.2.2.2",0.061749192922202,FALSE,TRUE,41
"2.3.2.2.2.2.2.2.2.2.2.2.2.2.2.3.2.2.2.2.2.2",-0.132397073853079,FALSE,TRUE,41
"2.2.3.2.2.2.2.2.2.2.2.2.2.2.2.3.2.2.2.2.2.2",-0.0991507556923029,FALSE,TRUE,41
"2.2.2.3.2.2.2.2.2.2.2.2.2.2.2.3.2.2.2.2.2.2",0.0882405860353148,FALSE,TRUE,41
"2.2.2.2.3.2.2.2.2.2.2.2.2.2.2.3.2.2.2.2.2.2",0.248275170875806,FALSE,TRUE,41
"2.2.2.2.2.3.2.2.2.2.2.2.2.2.2.3.2.2.2.2.2.2",0.161650070764688,FALSE,TRUE,41
"2.2.2.2.2.2.3.2.2.2.2.2.2.2.2.3.2.2.2.2.2.2",0.105945835041984,FALSE,TRUE,41
"2.2.2.2.2.2.2.3.2.2.2.2.2.2.2.3.2.2.2.2.2.2",0.095489078652689,FALSE,TRUE,40
"2.2.2.2.2.2.2.2.3.2.2.2.2.2.2.3.2.2.2.2.2.2",0.223769201909826,FALSE,TRUE,39
"2.2.2.2.2.2.2.2.2.3.2.2.2.2.2.3.2.2.2.2.2.2",-0.0285080139698672,FALSE,TRUE,40
"2.2.2.2.2.2.2.2.2.2.3.2.2.2.2.3.2.2.2.2.2.2",0.0463748097880136,FALSE,TRUE,41
"2.2.2.2.2.2.2.2.2.2.2.3.2.2.2.3.2.2.2.2.2.2",0.232395323144334,FALSE,TRUE,41
"2.2.2.2.2.2.2.2.2.2.2.2.3.2.2.3.2.2.2.2.2.2",0.0372907611831529,FALSE,TRUE,41
"2.2.2.2.2.2.2.2.2.2.2.2.2.3.2.3.2.2.2.2.2.2",0.0673636814353075,FALSE,TRUE,40
"2.2.2.2.2.2.2.2.2.2.2.2.2.2.3.3.2.2.2.2.2.2",0.396681569012045,FALSE,TRUE,38
"2.2.2.2.2.2.2.2.2.2.2.2.2.2.2.4.2.2.2.2.2.2",-0.0990475573583289,FALSE,TRUE,42
"2.2.2.2.2.2.2.2.2.2.2.2.2.2.2.3.2.3.2.2.2.2",-0.0266232322839062,FALSE,TRUE,41
"2.2.2.2.2.2.2.2.2.2.2.2.2.2.2.3.2.2.3.2.2.2",-0.00199391279789424,FALSE,TRUE,39
"2.2.2.2.2.2.2.2.2.2.2.2.2.2.2.3.2.2.2.3.2.2",0.177979868272111,FALSE,TRUE,41
"2.2.2.2.2.2.2.2.2.2.2.2.2.2.2.3.2.2.2.2.3.2",-0.203352335495248,FALSE,TRUE,41
"2.2.2.2.2.2.2.2.2.2.2.2.2.2.2.3.2.2.2.2.2.3",0.177094783802491,FALSE,TRUE,41
"1.2.2.2.2.2.2.2.2.2.2.2.2.2.2.3.2.2.2.2.2.2",0.281476146424333,FALSE,TRUE,40
"2.1.2.2.2.2.2.2.2.2.2.2.2.2.2.3.2.2.2.2.2.2",0.520646823269164,FALSE,TRUE,40
"2.2.1.2.2.2.2.2.2.2.2.2.2.2.2.3.2.2.2.2.2.2",0.334695477161358,FALSE,TRUE,40
"2.2.2.1.2.2.2.2.2.2.2.2.2.2.2.3.2.2.2.2.2.2",0.36678395864637,FALSE,TRUE,39
"2.2.2.2.1.2.2.2.2.2.2.2.2.2.2.3.2.2.2.2.2.2",0.08863395362827,FALSE,TRUE,40
"2.2.2.2.2.1.2.2.2.2.2.2.2.2.2.3.2.2.2.2.2.2",0.163126454861785,FALSE,TRUE,39
"2.2.2.2.2.2.1.2.2.2.2.2.2.2.2.3.2.2.2.2.2.2",0.166372690040439,FALSE,TRUE,40
"2.2.2.2.2.2.2.1.2.2.2.2.2.2.2.3.2.2.2.2.2.2",0.212858399795459,FALSE,TRUE,39
"2.2.2.2.2.2.2.2.1.2.2.2.2.2.2.3.2.2.2.2.2.2",0.021597634128964,FALSE,TRUE,39
"2.2.2.2.2.2.2.2.2.1.2.2.2.2.2.3.2.2.2.2.2.2",0.0963543266912651,FALSE,TRUE,40
"2.2.2.2.2.2.2.2.2.2.1.2.2.2.2.3.2.2.2.2.2.2",0.314187980953409,FALSE,TRUE,40
"2.2.2.2.2.2.2.2.2.2.2.1.2.2.2.3.2.2.2.2.2.2",0.132398675167461,FALSE,TRUE,40
"2.2.2.2.2.2.2.2.2.2.2.2.2.1.2.3.2.2.2.2.2.2",0.262711610507091,FALSE,TRUE,40
"2.2.2.2.2.2.2.2.2.2.2.2.2.2.1.3.2.2.2.2.2.2",0.0310724637933205,FALSE,TRUE,40
"2.2.2.2.2.2.2.2.2.2.2.2.2.2.2.3.1.2.2.2.2.2",0.0442242651795444,FALSE,TRUE,41
"2.2.2.2.2.2.2.2.2.2.2.2.2.2.2.3.2.1.2.2.2.2",0.34119717215655,FALSE,TRUE,40
"2.2.2.2.2.2.2.2.2.2.2.2.2.2.2.3.2.2.1.2.2.2",0.300981761848451,FALSE,TRUE,40
"2.2.2.2.2.2.2.2.2.2.2.2.2.2.2.3.2.2.2.1.2.2",0.0313045012186888,FALSE,TRUE,36
"2.2.2.2.2.2.2.2.2.2.2.2.2.2.2.3.2.2.2.2.1.2",0.564343022579021,FALSE,TRUE,40
"2.2.2.2.2.2.2.2.2.2.2.2.2.2.2.3.2.2.2.2.2.1",0.252266874555165,FALSE,TRUE,40
"3.2.2.2.2.2.2.2.2.2.2.2.1.2.3.2.2.2.2.2.2.2",0.292814774890965,FALSE,TRUE,36
"2.3.2.2.2.2.2.2.2.2.2.2.1.2.3.2.2.2.2.2.2.2",0.0699095921642105,FALSE,TRUE,39
"2.2.3.2.2.2.2.2.2.2.2.2.1.2.3.2.2.2.2.2.2.2",0.353313086625747,FALSE,TRUE,39
"2.2.2.3.2.2.2.2.2.2.2.2.1.2.3.2.2.2.2.2.2.2",0.380114717983884,FALSE,TRUE,39
"2.2.2.2.3.2.2.2.2.2.2.2.1.2.3.2.2.2.2.2.2.2",0.316362127238744,FALSE,TRUE,38
"2.2.2.2.2.3.2.2.2.2.2.2.1.2.3.2.2.2.2.2.2.2",0.15883263627659,FALSE,TRUE,37
"2.2.2.2.2.2.3.2.2.2.2.2.1.2.3.2.2.2.2.2.2.2",0.345043821410337,FALSE,TRUE,39
"2.2.2.2.2.2.2.3.2.2.2.2.1.2.3.2.2.2.2.2.2.2",0.0636714620654985,FALSE,TRUE,40
"2.2.2.2.2.2.2.2.3.2.2.2.1.2.3.2.2.2.2.2.2.2",0.278274004716632,FALSE,TRUE,37
"2.2.2.2.2.2.2.2.2.3.2.2.1.2.3.2.2.2.2.2.2.2",0.129087936710343,FALSE,TRUE,39
"2.2.2.2.2.2.2.2.2.2.3.2.1.2.3.2.2.2.2.2.2.2",0.0142104609026314,FALSE,TRUE,39
"2.2.2.2.2.2.2.2.2.2.2.2.1.3.3.2.2.2.2.2.2.2",0.243439626843573,FALSE,TRUE,38
"2.2.2.2.2.2.2.2.2.2.2.2.1.2.4.2.2.2.2.2.2.2",0.13825768506763,FALSE,TRUE,40
"2.2.2.2.2.2.2.2.2.2.2.2.1.2.3.3.2.2.2.2.2.2",0.404418547318649,FALSE,TRUE,37
"2.2.2.2.2.2.2.2.2.2.2.2.1.2.3.2.3.2.2.2.2.2",0.328854831087376,FALSE,TRUE,39
"2.2.2.2.2.2.2.2.2.2.2.2.1.2.3.2.2.3.2.2.2.2",0.214907400601652,FALSE,TRUE,39
"2.2.2.2.2.2.2.2.2.2.2.2.1.2.3.2.2.2.2.3.2.2",0.237832004306408,FALSE,TRUE,39
"2.2.2.2.2.2.2.2.2.2.2.2.1.2.3.2.2.2.2.2.3.2",0.130805094381877,FALSE,TRUE,39
"2.2.2.2.2.2.2.2.2.2.2.2.1.2.3.2.2.2.2.2.2.3",0.455208227855091,FALSE,TRUE,39
"1.2.2.2.2.2.2.2.2.2.2.2.1.2.3.2.2.2.2.2.2.2",-0.00168288706493157,FALSE,TRUE,38
"2.1.2.2.2.2.2.2.2.2.2.2.1.2.3.2.2.2.2.2.2.2",0.542656790294769,FALSE,TRUE,35
"2.2.1.2.2.2.2.2.2.2.2.2.1.2.3.2.2.2.2.2.2.2",0.234778502028248,FALSE,TRUE,38
"2.2.2.1.2.2.2.2.2.2.2.2.1.2.3.2.2.2.2.2.2.2",0.222302318310896,FALSE,TRUE,36
"2.2.2.2.1.2.2.2.2.2.2.2.1.2.3.2.2.2.2.2.2.2",0.177417195586044,FALSE,TRUE,38
"2.2.2.2.2.1.2.2.2.2.2.2.1.2.3.2.2.2.2.2.2.2",0.365126577425176,FALSE,TRUE,35
"2.2.2.2.2.2.1.2.2.2.2.2.1.2.3.2.2.2.2.2.2.2",0.109535730350966,FALSE,TRUE,38
"2.2.2.2.2.2.2.2.2.1.2.2.1.2.3.2.2.2.2.2.2.2",0.36863742224855,FALSE,TRUE,38
"2.2.2.2.2.2.2.2.2.2.1.2.1.2.3.2.2.2.2.2.2.2",0.311221452997769,FALSE,TRUE,38
"2.2.2.2.2.2.2.2.2.2.2.1.1.2.3.2.2.2.2.2.2.2",0.420308441810215,FALSE,TRUE,39
"2.2.2.2.2.2.2.2.2.2.2.2.1.1.3.2.2.2.2.2.2.2",0.240356821219004,FALSE,TRUE,38
"2.2.2.2.2.2.2.2.2.2.2.2.1.2.3.1.2.2.2.2.2.2",0.143217912526889,FALSE,TRUE,38
"2.2.2.2.2.2.2.2.2.2.2.2.1.2.3.2.1.2.2.2.2.2",0.216781969602045,FALSE,TRUE,38
"2.2.2.2.2.2.2.2.2.2.2.2.1.2.3.2.2.1.2.2.2.2",0.318643338786516,FALSE,TRUE,36
"2.2.2.2.2.2.2.2.2.2.2.2.1.2.3.2.2.2.1.2.2.2",0.305977023257539,FALSE,TRUE,38
"2.2.2.2.2.2.2.2.2.2.2.2.1.2.3.2.2.2.2.1.2.2",0.348135650254666,FALSE,TRUE,36
"2.2.2.2.2.2.2.2.2.2.2.2.1.2.3.2.2.2.2.2.1.2",0.346191381363138,FALSE,TRUE,38
"2.2.2.2.2.2.2.2.2.2.2.2.1.2.3.2.2.2.2.2.2.1",0.182159220400346,FALSE,TRUE,38
"2.3.2.2.2.2.2.1.2.2.2.2.1.2.3.2.2.2.2.2.2.2",0.393190366509408,FALSE,TRUE,37
"2.2.2.3.2.2.2.1.2.2.2.2.1.2.3.2.2.2.2.2.2.2",0.365687848656748,FALSE,TRUE,37
"2.2.2.2.3.2.2.1.2.2.2.2.1.2.3.2.2.2.2.2.2.2",0.414310908981672,FALSE,TRUE,38
"2.2.2.2.2.3.2.1.2.2.2.2.1.2.3.2.2.2.2.2.2.2",0.337974180703368,FALSE,TRUE,37
"2.2.2.2.2.2.3.1.2.2.2.2.1.2.3.2.2.2.2.2.2.2",0.600207118334418,FALSE,TRUE,37
"2.2.2.2.2.2.2.1.3.2.2.2.1.2.3.2.2.2.2.2.2.2",0.488975336481179,FALSE,TRUE,37
"2.2.2.2.2.2.2.1.2.3.2.2.1.2.3.2.2.2.2.2.2.2",0.417809781199226,FALSE,TRUE,36
"2.2.2.2.2.2.2.1.2.2.3.2.1.2.3.2.2.2.2.2.2.2",0.237624462892924,FALSE,TRUE,37
"2.2.2.2.2.2.2.1.2.2.2.3.1.2.3.2.2.2.2.2.2.2",0.332219309052339,FALSE,TRUE,37
"2.2.2.2.2.2.2.1.2.2.2.2.2.2.3.2.2.2.2.2.2.2",0.532683331330093,FALSE,TRUE,36
"2.2.2.2.2.2.2.1.2.2.2.2.1.3.3.2.2.2.2.2.2.2",0.480085587070958,FALSE,TRUE,36
"2.2.2.2.2.2.2.1.2.2.2.2.1.2.4.2.2.2.2.2.2.2",0.537817097826255,FALSE,TRUE,37
"2.2.2.2.2.2.2.1.2.2.2.2.1.2.3.3.2.2.2.2.2.2",0.591339786764135,FALSE,TRUE,37
"2.2.2.2.2.2.2.1.2.2.2.2.1.2.3.2.3.2.2.2.2.2",0.398144806827582,FALSE,TRUE,37
"2.2.2.2.2.2.2.1.2.2.2.2.1.2.3.2.2.3.2.2.2.2",0.393508346202626,FALSE,TRUE,37
"2.2.2.2.2.2.2.1.2.2.2.2.1.2.3.2.2.2.3.2.2.2",0.366421492131773,FALSE,TRUE,36
"2.2.2.2.2.2.2.1.2.2.2.2.1.2.3.2.2.2.2.3.2.2",0.373164086219532,FALSE,TRUE,37
"2.2.2.2.2.2.2.1.2.2.2.2.1.2.3.2.2.2.2.2.3.2",0.478902945736242,FALSE,TRUE,37
"2.2.2.2.2.2.2.1.2.2.2.2.1.2.3.2.2.2.2.2.2.3",0.544767374917823,FALSE,TRUE,37
"1.2.2.2.2.2.2.1.2.2.2.2.1.2.3.2.2.2.2.2.2.2",0.240738821928298,FALSE,TRUE,37
"2.1.2.2.2.2.2.1.2.2.2.2.1.2.3.2.2.2.2.2.2.2",0.512753770930413,FALSE,TRUE,35
"2.2.1.2.2.2.2.1.2.2.2.2.1.2.3.2.2.2.2.2.2.2",0.602322423427626,FALSE,TRUE,37
"2.2.2.1.2.2.2.1.2.2.2.2.1.2.3.2.2.2.2.2.2.2",0.556432490467171,FALSE,TRUE,36
"2.2.2.2.2.1.2.1.2.2.2.2.1.2.3.2.2.2.2.2.2.2",0.513857926242284,FALSE,TRUE,35
"2.2.2.2.2.2.1.1.2.2.2.2.1.2.3.2.2.2.2.2.2.2",0.205723632986334,FALSE,TRUE,36
"2.2.2.2.2.2.2.1.1.2.2.2.1.2.3.2.2.2.2.2.2.2",0.396060019592999,FALSE,TRUE,34
"2.2.2.2.2.2.2.1.2.1.2.2.1.2.3.2.2.2.2.2.2.2",0.256382953213334,FALSE,TRUE,36
"2.2.2.2.2.2.2.1.2.2.1.2.1.2.3.2.2.2.2.2.2.2",0.393001539931306,FALSE,TRUE,36
"2.2.2.2.2.2.2.1.2.2.2.1.1.2.3.2.2.2.2.2.2.2",0.654060314439696,FALSE,TRUE,36
"2.2.2.2.2.2.2.1.2.2.2.2.1.1.3.2.2.2.2.2.2.2",0.40110606816667,FALSE,TRUE,36
"2.2.2.2.2.2.2.1.2.2.2.2.1.2.3.1.2.2.2.2.2.2",0.30526082208115,FALSE,TRUE,36
"2.2.2.2.2.2.2.1.2.2.2.2.1.2.3.2.1.2.2.2.2.2",0.387707555204275,FALSE,TRUE,36
"2.2.2.2.2.2.2.1.2.2.2.2.1.2.3.2.2.1.2.2.2.2",0.46824065467868,FALSE,TRUE,36
"2.2.2.2.2.2.2.1.2.2.2.2.1.2.3.2.2.2.1.2.2.2",0.558132279830294,FALSE,TRUE,36
"2.2.2.2.2.2.2.1.2.2.2.2.1.2.3.2.2.2.2.1.2.2",0.48642608444111,FALSE,TRUE,34
"2.2.2.2.2.2.2.1.2.2.2.2.1.2.3.2.2.2.2.2.1.2",0.428459977913007,FALSE,TRUE,36
"2.2.2.2.2.2.2.1.2.2.2.2.1.2.3.2.2.2.2.2.2.1",0.556193433789315,FALSE,TRUE,36
"3.2.2.2.3.2.2.2.2.2.2.2.1.2.2.2.2.2.3.2.2.2",0.228547104250238,FALSE,TRUE,41
"2.3.2.2.3.2.2.2.2.2.2.2.1.2.2.2.2.2.3.2.2.2",-0.0903774480947798,FALSE,TRUE,41
"2.2.3.2.3.2.2.2.2.2.2.2.1.2.2.2.2.2.3.2.2.2",-0.0174006747675831,FALSE,TRUE,41
"2.2.2.3.3.2.2.2.2.2.2.2.1.2.2.2.2.2.3.2.2.2",-0.00842318612149255,FALSE,TRUE,41
"2.2.2.2.4.2.2.2.2.2.2.2.1.2.2.2.2.2.3.2.2.2",0.117564592284779,FALSE,TRUE,42
"2.2.2.2.3.3.2.2.2.2.2.2.1.2.2.2.2.2.3.2.2.2",0.0750664748825027,FALSE,TRUE,41
"2.2.2.2.3.2.3.2.2.2.2.2.1.2.2.2.2.2.3.2.2.2",0.164065660487173,FALSE,TRUE,41
"2.2.2.2.3.2.2.3.2.2.2.2.1.2.2.2.2.2.3.2.2.2",0.0675384959828615,FALSE,TRUE,41
"2.2.2.2.3.2.2.2.3.2.2.2.1.2.2.2.2.2.3.2.2.2",0.165117102208497,FALSE,TRUE,41
"2.2.2.2.3.2.2.2.2.3.2.2.1.2.2.2.2.2.3.2.2.2",0.122159498222045,FALSE,TRUE,40
"2.2.2.2.3.2.2.2.2.2.3.2.1.2.2.2.2.2.3.2.2.2",-0.000931812614601033,FALSE,TRUE,41
"2.2.2.2.3.2.2.2.2.2.2.3.1.2.2.2.2.2.3.2.2.2",0.0524649580282996,FALSE,TRUE,41
"2.2.2.2.3.2.2.2.2.2.2.2.2.2.2.2.2.2.3.2.2.2",0.195744153965833,FALSE,TRUE,40
"2.2.2.2.3.2.2.2.2.2.2.2.1.3.2.2.2.2.3.2.2.2",-0.0192358648100664,FALSE,TRUE,40
"2.2.2.2.3.2.2.2.2.2.2.2.1.2.3.2.2.2.3.2.2.2",0.133092001002228,FALSE,TRUE,40
"2.2.2.2.3.2.2.2.2.2.2.2.1.2.2.3.2.2.3.2.2.2",0.301674283429755,FALSE,TRUE,41
"2.2.2.2.3.2.2.2.2.2.2.2.1.2.2.2.3.2.3.2.2.2",0.378518072306388,FALSE,TRUE,41
"2.2.2.2.3.2.2.2.2.2.2.2.1.2.2.2.2.3.3.2.2.2",0.0784257131852713,FALSE,TRUE,41
"2.2.2.2.3.2.2.2.2.2.2.2.1.2.2.2.2.2.4.2.2.2",0.109171893299363,FALSE,TRUE,41
"2.2.2.2.3.2.2.2.2.2.2.2.1.2.2.2.2.2.3.3.2.2",0.158709872712352,FALSE,TRUE,41
"2.2.2.2.3.2.2.2.2.2.2.2.1.2.2.2.2.2.3.2.3.2",-0.103854429058206,FALSE,TRUE,41
"2.2.2.2.3.2.2.2.2.2.2.2.1.2.2.2.2.2.3.2.2.3",0.344308622034763,FALSE,TRUE,41
"1.2.2.2.3.2.2.2.2.2.2.2.1.2.2.2.2.2.3.2.2.2",0.0167299935374872,FALSE,TRUE,40
"2.1.2.2.3.2.2.2.2.2.2.2.1.2.2.2.2.2.3.2.2.2",0.336119103146478,FALSE,TRUE,39
"2.2.1.2.3.2.2.2.2.2.2.2.1.2.2.2.2.2.3.2.2.2",0.259161168992219,FALSE,TRUE,40
"2.2.2.1.3.2.2.2.2.2.2.2.1.2.2.2.2.2.3.2.2.2",0.145905963776961,FALSE,TRUE,39
"2.2.2.2.3.1.2.2.2.2.2.2.1.2.2.2.2.2.3.2.2.2",0.191530616646223,FALSE,TRUE,38
"2.2.2.2.3.2.1.2.2.2.2.2.1.2.2.2.2.2.3.2.2.2",0.0890599521205141,FALSE,TRUE,40
"2.2.2.2.3.2.2.1.2.2.2.2.1.2.2.2.2.2.3.2.2.2",0.0882673039459814,FALSE,TRUE,40
"2.2.2.2.3.2.2.2.1.2.2.2.1.2.2.2.2.2.3.2.2.2",0.24901237097391,FALSE,TRUE,39
"2.2.2.2.3.2.2.2.2.1.2.2.1.2.2.2.2.2.3.2.2.2",0.199742467135044,FALSE,TRUE,40
"2.2.2.2.3.2.2.2.2.2.1.2.1.2.2.2.2.2.3.2.2.2",0.356958783848205,FALSE,TRUE,40
"2.2.2.2.3.2.2.2.2.2.2.1.1.2.2.2.2.2.3.2.2.2",0.0572939122366752,FALSE,TRUE,40
"2.2.2.2.3.2.2.2.2.2.2.2.1.1.2.2.2.2.3.2.2.2",0.283836381885853,FALSE,TRUE,40
"2.2.2.2.3.2.2.2.2.2.2.2.1.2.1.2.2.2.3.2.2.2",0.0511936237062512,FALSE,TRUE,40
"2.2.2.2.3.2.2.2.2.2.2.2.1.2.2.1.2.2.3.2.2.2",0.204357992483054,FALSE,TRUE,40
"2.2.2.2.3.2.2.2.2.2.2.2.1.2.2.2.1.2.3.2.2.2",-0.0588363446763442,FALSE,TRUE,40
"2.2.2.2.3.2.2.2.2.2.2.2.1.2.2.2.2.1.3.2.2.2",0.192493545259536,FALSE,TRUE,40
"2.2.2.2.3.2.2.2.2.2.2.2.1.2.2.2.2.2.3.1.2.2",0.104283092324636,FALSE,TRUE,40
"2.2.2.2.3.2.2.2.2.2.2.2.1.2.2.2.2.2.3.2.1.2",0.226957168313535,FALSE,TRUE,40
"2.2.2.2.3.2.2.2.2.2.2.2.1.2.2.2.2.2.3.2.2.1",-0.0853872408746723,FALSE,TRUE,40
"3.2.2.2.2.2.2.2.2.2.2.3.1.2.3.2.2.2.2.2.2.2",0.307714183684337,FALSE,TRUE,40
"2.3.2.2.2.2.2.2.2.2.2.3.1.2.3.2.2.2.2.2.2.2",-0.146543337095156,FALSE,TRUE,41
"2.2.3.2.2.2.2.2.2.2.2.3.1.2.3.2.2.2.2.2.2.2",0.284836370744817,FALSE,TRUE,40
"2.2.2.3.2.2.2.2.2.2.2.3.1.2.3.2.2.2.2.2.2.2",0.293439475408358,FALSE,TRUE,41
"2.2.2.2.3.2.2.2.2.2.2.3.1.2.3.2.2.2.2.2.2.2",0.20118985246631,FALSE,TRUE,41
"2.2.2.2.2.3.2.2.2.2.2.3.1.2.3.2.2.2.2.2.2.2",-0.0059950796451181,FALSE,TRUE,41
"2.2.2.2.2.2.3.2.2.2.2.3.1.2.3.2.2.2.2.2.2.2",0.122359633579611,FALSE,TRUE,41
"2.2.2.2.2.2.2.3.2.2.2.3.1.2.3.2.2.2.2.2.2.2",0.0954572046248955,FALSE,TRUE,41
"2.2.2.2.2.2.2.2.3.2.2.3.1.2.3.2.2.2.2.2.2.2",0.10150156550023,FALSE,TRUE,41
"2.2.2.2.2.2.2.2.2.3.2.3.1.2.3.2.2.2.2.2.2.2",0.100900290902407,FALSE,TRUE,40
"2.2.2.2.2.2.2.2.2.2.3.3.1.2.3.2.2.2.2.2.2.2",-0.103615073497432,FALSE,TRUE,41
"2.2.2.2.2.2.2.2.2.2.2.4.1.2.3.2.2.2.2.2.2.2",-0.0543989816411588,FALSE,TRUE,42
"2.2.2.2.2.2.2.2.2.2.2.3.2.2.3.2.2.2.2.2.2.2",0.364032921940675,FALSE,TRUE,41
"2.2.2.2.2.2.2.2.2.2.2.3.1.3.3.2.2.2.2.2.2.2",0.0460617248675069,FALSE,TRUE,40
"2.2.2.2.2.2.2.2.2.2.2.3.1.2.4.2.2.2.2.2.2.2",0.0752126766272595,FALSE,TRUE,41
"2.2.2.2.2.2.2.2.2.2.2.3.1.2.3.3.2.2.2.2.2.2",0.247156360768862,FALSE,TRUE,41
"2.2.2.2.2.2.2.2.2.2.2.3.1.2.3.2.3.2.2.2.2.2",0.289455014612205,FALSE,TRUE,41
"2.2.2.2.2.2.2.2.2.2.2.3.1.2.3.2.2.3.2.2.2.2",0.106641173474592,FALSE,TRUE,41
"2.2.2.2.2.2.2.2.2.2.2.3.1.2.3.2.2.2.3.2.2.2",0.0554502644370628,FALSE,TRUE,40
"2.2.2.2.2.2.2.2.2.2.2.3.1.2.3.2.2.2.2.3.2.2",0.171223815995667,FALSE,TRUE,41
"2.2.2.2.2.2.2.2.2.2.2.3.1.2.3.2.2.2.2.2.3.2",0.0363690791854012,FALSE,TRUE,41
"2.2.2.2.2.2.2.2.2.2.2.3.1.2.3.2.2.2.2.2.2.3",0.333098452748226,FALSE,TRUE,41
"1.2.2.2.2.2.2.2.2.2.2.3.1.2.3.2.2.2.2.2.2.2",-0.232194861064072,FALSE,TRUE,40
"2.1.2.2.2.2.2.2.2.2.2.3.1.2.3.2.2.2.2.2.2.2",0.526239500762435,FALSE,TRUE,39
"2.2.1.2.2.2.2.2.2.2.2.3.1.2.3.2.2.2.2.2.2.2",-0.00935747509370335,FALSE,TRUE,40
"2.2.2.1.2.2.2.2.2.2.2.3.1.2.3.2.2.2.2.2.2.2",-0.13348098013521,FALSE,TRUE,40
"2.2.2.2.1.2.2.2.2.2.2.3.1.2.3.2.2.2.2.2.2.2",0.0513931658350723,FALSE,TRUE,39
"2.2.2.2.2.1.2.2.2.2.2.3.1.2.3.2.2.2.2.2.2.2",0.253076715981133,FALSE,TRUE,39
"2.2.2.2.2.2.1.2.2.2.2.3.1.2.3.2.2.2.2.2.2.2",0.0650796288740221,FALSE,TRUE,40
"2.2.2.2.2.2.2.2.1.2.2.3.1.2.3.2.2.2.2.2.2.2",0.165366128694574,FALSE,TRUE,38
"2.2.2.2.2.2.2.2.2.1.2.3.1.2.3.2.2.2.2.2.2.2",0.33689120520206,FALSE,TRUE,40
"2.2.2.2.2.2.2.2.2.2.1.3.1.2.3.2.2.2.2.2.2.2",0.210084996069321,FALSE,TRUE,40
"2.2.2.2.2.2.2.2.2.2.2.3.1.1.3.2.2.2.2.2.2.2",0.129413871030895,FALSE,TRUE,40
"2.2.2.2.2.2.2.2.2.2.2.3.1.2.3.1.2.2.2.2.2.2",0.173684938693237,FALSE,TRUE,40
"2.2.2.2.2.2.2.2.2.2.2.3.1.2.3.2.1.2.2.2.2.2",0.0407548200590798,FALSE,TRUE,40
"2.2.2.2.2.2.2.2.2.2.2.3.1.2.3.2.2.1.2.2.2.2",0.280723738120755,FALSE,TRUE,40
"2.2.2.2.2.2.2.2.2.2.2.3.1.2.3.2.2.2.1.2.2.2",0.151359010507777,FALSE,TRUE,40
"2.2.2.2.2.2.2.2.2.2.2.3.1.2.3.2.2.2.2.1.2.2",0.22137553490676,FALSE,TRUE,40
"2.2.2.2.2.2.2.2.2.2.2.3.1.2.3.2.2.2.2.2.1.2",0.198624951084898,FALSE,TRUE,40
"2.2.2.2.2.2.2.2.2.2.2.3.1.2.3.2.2.2.2.2.2.1",0.00708877989507466,FALSE,TRUE,40
"4.2.2.2.2.2.2.2.1.2.2.2.1.2.2.2.2.2.2.2.2.2",0.299032992345823,FALSE,TRUE,38
"3.3.2.2.2.2.2.2.1.2.2.2.1.2.2.2.2.2.2.2.2.2",-0.0177538039357984,FALSE,TRUE,38
"3.2.3.2.2.2.2.2.1.2.2.2.1.2.2.2.2.2.2.2.2.2",0.210623394371908,FALSE,TRUE,37
"3.2.2.3.2.2.2.2.1.2.2.2.1.2.2.2.2.2.2.2.2.2",0.40673196530297,FALSE,TRUE,37
"3.2.2.2.3.2.2.2.1.2.2.2.1.2.2.2.2.2.2.2.2.2",0.404707486217847,FALSE,TRUE,37
"3.2.2.2.2.3.2.2.1.2.2.2.1.2.2.2.2.2.2.2.2.2",0.260944861144573,FALSE,TRUE,37
"3.2.2.2.2.2.3.2.1.2.2.2.1.2.2.2.2.2.2.2.2.2",0.418722433887635,FALSE,TRUE,37
"3.2.2.2.2.2.2.3.1.2.2.2.1.2.2.2.2.2.2.2.2.2",0.141391357297576,FALSE,TRUE,37
"3.2.2.2.2.2.2.2.1.3.2.2.1.2.2.2.2.2.2.2.2.2",0.113812302394858,FALSE,TRUE,36
"3.2.2.2.2.2.2.2.1.2.3.2.1.2.2.2.2.2.2.2.2.2",0.221126907768364,FALSE,TRUE,37
"3.2.2.2.2.2.2.2.1.2.2.3.1.2.2.2.2.2.2.2.2.2",0.408695754207632,FALSE,TRUE,37
"3.2.2.2.2.2.2.2.1.2.2.2.2.2.2.2.2.2.2.2.2.2",0.32162613149323,FALSE,TRUE,37
"3.2.2.2.2.2.2.2.1.2.2.2.1.3.2.2.2.2.2.2.2.2",0.284616296035526,FALSE,TRUE,37
"3.2.2.2.2.2.2.2.1.2.2.2.1.2.3.2.2.2.2.2.2.2",0.344875480969808,FALSE,TRUE,35
"3.2.2.2.2.2.2.2.1.2.2.2.1.2.2.3.2.2.2.2.2.2",0.0972281674374528,FALSE,TRUE,37
"3.2.2.2.2.2.2.2.1.2.2.2.1.2.2.2.3.2.2.2.2.2",0.370959428305368,FALSE,TRUE,37
"3.2.2.2.2.2.2.2.1.2.2.2.1.2.2.2.2.3.2.2.2.2",0.21923763411475,FALSE,TRUE,38
"3.2.2.2.2.2.2.2.1.2.2.2.1.2.2.2.2.2.3.2.2.2",0.28185767347975,FALSE,TRUE,36
"3.2.2.2.2.2.2.2.1.2.2.2.1.2.2.2.2.2.2.3.2.2",0.390298676277468,FALSE,TRUE,37
"3.2.2.2.2.2.2.2.1.2.2.2.1.2.2.2.2.2.2.2.3.2",0.0337249150460738,FALSE,TRUE,37
"3.2.2.2.2.2.2.2.1.2.2.2.1.2.2.2.2.2.2.2.2.3",0.317360547438592,FALSE,TRUE,37
"3.2.1.2.2.2.2.2.1.2.2.2.1.2.2.2.2.2.2.2.2.2",0.356133193024575,FALSE,TRUE,36
"3.2.2.1.2.2.2.2.1.2.2.2.1.2.2.2.2.2.2.2.2.2",0.285812623589674,FALSE,TRUE,36
"3.2.2.2.1.2.2.2.1.2.2.2.1.2.2.2.2.2.2.2.2.2",0.210643105441181,FALSE,TRUE,36
"3.2.2.2.2.1.2.2.1.2.2.2.1.2.2.2.2.2.2.2.2.2",0.502867875027305,FALSE,TRUE,35
"3.2.2.2.2.2.1.2.1.2.2.2.1.2.2.2.2.2.2.2.2.2",0.327831874065527,FALSE,TRUE,36
"3.2.2.2.2.2.2.1.1.2.2.2.1.2.2.2.2.2.2.2.2.2",0.328932037853044,FALSE,TRUE,34
"3.2.2.2.2.2.2.2.1.1.2.2.1.2.2.2.2.2.2.2.2.2",0.201262080549616,FALSE,TRUE,36
"3.2.2.2.2.2.2.2.1.2.1.2.1.2.2.2.2.2.2.2.2.2",0.388137529362536,FALSE,TRUE,36
"3.2.2.2.2.2.2.2.1.2.2.1.1.2.2.2.2.2.2.2.2.2",0.226151930001599,FALSE,TRUE,36
"3.2.2.2.2.2.2.2.1.2.2.2.1.2.1.2.2.2.2.2.2.2",0.240180186285483,FALSE,TRUE,36
"3.2.2.2.2.2.2.2.1.2.2.2.1.2.2.1.2.2.2.2.2.2",0.422925299827163,FALSE,TRUE,36
"3.2.2.2.2.2.2.2.1.2.2.2.1.2.2.2.1.2.2.2.2.2",0.0802435992842621,FALSE,TRUE,36
"3.2.2.2.2.2.2.2.1.2.2.2.1.2.2.2.2.2.1.2.2.2",0.36470816545551,FALSE,TRUE,36
"3.2.2.2.2.2.2.2.1.2.2.2.1.2.2.2.2.2.2.1.2.2",0.10142314047025,FALSE,TRUE,36
"3.2.2.2.2.2.2.2.1.2.2.2.1.2.2.2.2.2.2.2.1.2",0.580232662858048,FALSE,TRUE,36
"3.2.2.2.2.2.2.2.1.2.2.2.1.2.2.2.2.2.2.2.2.1",0.267848569600661,FALSE,TRUE,36
"2.3.2.2.2.2.2.2.1.2.2.2.1.2.2.2.2.1.2.2.2.2",0.171554164149084,FALSE,TRUE,38
"2.2.3.2.2.2.2.2.1.2.2.2.1.2.2.2.2.1.2.2.2.2",0.195797313145096,FALSE,TRUE,38
"2.2.2.3.2.2.2.2.1.2.2.2.1.2.2.2.2.1.2.2.2.2",0.21988711036051,FALSE,TRUE,38
"2.2.2.2.3.2.2.2.1.2.2.2.1.2.2.2.2.1.2.2.2.2",0.293072862400634,FALSE,TRUE,38
"2.2.2.2.2.3.2.2.1.2.2.2.1.2.2.2.2.1.2.2.2.2",0.139475528603976,FALSE,TRUE,38
"2.2.2.2.2.2.3.2.1.2.2.2.1.2.2.2.2.1.2.2.2.2",0.405624875829411,FALSE,TRUE,38
"2.2.2.2.2.2.2.3.1.2.2.2.1.2.2.2.2.1.2.2.2.2",0.230388081821786,FALSE,TRUE,38
"2.2.2.2.2.2.2.2.1.3.2.2.1.2.2.2.2.1.2.2.2.2",0.289738167851217,FALSE,TRUE,37
"2.2.2.2.2.2.2.2.1.2.3.2.1.2.2.2.2.1.2.2.2.2",0.350544783465208,FALSE,TRUE,38
"2.2.2.2.2.2.2.2.1.2.2.3.1.2.2.2.2.1.2.2.2.2",0.284712241817584,FALSE,TRUE,38
"2.2.2.2.2.2.2.2.1.2.2.2.2.2.2.2.2.1.2.2.2.2",0.15967157574532,FALSE,TRUE,38
"2.2.2.2.2.2.2.2.1.2.2.2.1.3.2.2.2.1.2.2.2.2",0.405432569387259,FALSE,TRUE,36
"2.2.2.2.2.2.2.2.1.2.2.2.1.2.3.2.2.1.2.2.2.2",0.204737916135407,FALSE,TRUE,36
"2.2.2.2.2.2.2.2.1.2.2.2.1.2.2.3.2.1.2.2.2.2",0.164150724477559,FALSE,TRUE,38
"2.2.2.2.2.2.2.2.1.2.2.2.1.2.2.2.3.1.2.2.2.2",0.178124079005474,FALSE,TRUE,38
"2.2.2.2.2.2.2.2.1.2.2.2.1.2.2.2.2.1.3.2.2.2",0.299447514124195,FALSE,TRUE,37
"2.2.2.2.2.2.2.2.1.2.2.2.1.2.2.2.2.1.2.3.2.2",0.217627466575998,FALSE,TRUE,38
"2.2.2.2.2.2.2.2.1.2.2.2.1.2.2.2.2.1.2.2.3.2",0.129756834258215,FALSE,TRUE,36
"2.2.2.2.2.2.2.2.1.2.2.2.1.2.2.2.2.1.2.2.2.3",0.324409917724104,FALSE,TRUE,38
"1.2.2.2.2.2.2.2.1.2.2.2.1.2.2.2.2.1.2.2.2.2",-0.102071595338991,FALSE,TRUE,38
"2.1.2.2.2.2.2.2.1.2.2.2.1.2.2.2.2.1.2.2.2.2",0.216177611037148,FALSE,TRUE,35
"2.2.1.2.2.2.2.2.1.2.2.2.1.2.2.2.2.1.2.2.2.2",0.207164798582149,FALSE,TRUE,37
"2.2.2.1.2.2.2.2.1.2.2.2.1.2.2.2.2.1.2.2.2.2",0.246131719132511,FALSE,TRUE,37
"2.2.2.2.1.2.2.2.1.2.2.2.1.2.2.2.2.1.2.2.2.2",0.121424697530657,FALSE,TRUE,37
"2.2.2.2.2.1.2.2.1.2.2.2.1.2.2.2.2.1.2.2.2.2",0.294048159175446,FALSE,TRUE,35
"2.2.2.2.2.2.1.2.1.2.2.2.1.2.2.2.2.1.2.2.2.2",0.0020243075243962,FALSE,TRUE,37
"2.2.2.2.2.2.2.1.1.2.2.2.1.2.2.2.2.1.2.2.2.2",0.0538266279139284,FALSE,TRUE,37
"2.2.2.2.2.2.2.2.1.1.2.2.1.2.2.2.2.1.2.2.2.2",-0.101920947706536,FALSE,TRUE,37
"2.2.2.2.2.2.2.2.1.2.1.2.1.2.2.2.2.1.2.2.2.2",0.0139935667998173,FALSE,TRUE,37
"2.2.2.2.2.2.2.2.1.2.2.1.1.2.2.2.2.1.2.2.2.2",0.0707315913820911,FALSE,TRUE,37
"2.2.2.2.2.2.2.2.1.2.2.2.1.1.2.2.2.1.2.2.2.2",0.180877931388586,FALSE,TRUE,37
"2.2.2.2.2.2.2.2.1.2.2.2.1.2.1.2.2.1.2.2.2.2",0.212791634454247,FALSE,TRUE,37
"2.2.2.2.2.2.2.2.1.2.2.2.1.2.2.1.2.1.2.2.2.2",0.0565324789924826,FALSE,TRUE,37
"2.2.2.2.2.2.2.2.1.2.2.2.1.2.2.2.1.1.2.2.2.2",0.00977151342685211,FALSE,TRUE,37
"2.2.2.2.2.2.2.2.1.2.2.2.1.2.2.2.2.1.1.2.2.2",0.10335738310864,FALSE,TRUE,37
"2.2.2.2.2.2.2.2.1.2.2.2.1.2.2.2.2.1.2.1.2.2",0.0700768138613147,FALSE,TRUE,37
"2.2.2.2.2.2.2.2.1.2.2.2.1.2.2.2.2.1.2.2.1.2",0.274285877491244,FALSE,TRUE,37
"2.2.2.2.2.2.2.2.1.2.2.2.1.2.2.2.2.1.2.2.2.1",0.219382978359124,FALSE,TRUE,37
"2.1.3.2.2.2.2.2.1.2.2.2.1.2.2.2.2.2.2.2.2.2",0.427168940878634,FALSE,TRUE,36
"2.1.2.3.2.2.2.2.1.2.2.2.1.2.2.2.2.2.2.2.2.2",0.414937588101675,FALSE,TRUE,36
"2.1.2.2.3.2.2.2.1.2.2.2.1.2.2.2.2.2.2.2.2.2",0.576943388886401,FALSE,TRUE,36
"2.1.2.2.2.3.2.2.1.2.2.2.1.2.2.2.2.2.2.2.2.2",0.279065148116119,FALSE,TRUE,37
"2.1.2.2.2.2.3.2.1.2.2.2.1.2.2.2.2.2.2.2.2.2",0.516325263016785,FALSE,TRUE,36
"2.1.2.2.2.2.2.3.1.2.2.2.1.2.2.2.2.2.2.2.2.2",0.374381783772833,FALSE,TRUE,36
"2.1.2.2.2.2.2.2.1.3.2.2.1.2.2.2.2.2.2.2.2.2",0.574493315475684,FALSE,TRUE,35
"2.1.2.2.2.2.2.2.1.2.3.2.1.2.2.2.2.2.2.2.2.2",0.421486478089106,FALSE,TRUE,36
"2.1.2.2.2.2.2.2.1.2.2.3.1.2.2.2.2.2.2.2.2.2",0.486341217072851,FALSE,TRUE,36
"2.1.2.2.2.2.2.2.1.2.2.2.2.2.2.2.2.2.2.2.2.2",0.381655696456489,FALSE,TRUE,36
"2.1.2.2.2.2.2.2.1.2.2.2.1.3.2.2.2.2.2.2.2.2",0.512646693719445,FALSE,TRUE,35
"2.1.2.2.2.2.2.2.1.2.2.2.1.2.2.3.2.2.2.2.2.2",0.312134680340165,FALSE,TRUE,36
"2.1.2.2.2.2.2.2.1.2.2.2.1.2.2.2.3.2.2.2.2.2",0.427910841440666,FALSE,TRUE,36
"2.1.2.2.2.2.2.2.1.2.2.2.1.2.2.2.2.3.2.2.2.2",0.551479412590817,FALSE,TRUE,36
"2.1.2.2.2.2.2.2.1.2.2.2.1.2.2.2.2.2.3.2.2.2",0.518615689149353,FALSE,TRUE,35
"2.1.2.2.2.2.2.2.1.2.2.2.1.2.2.2.2.2.2.3.2.2",0.499613314394393,FALSE,TRUE,36
"2.1.2.2.2.2.2.2.1.2.2.2.1.2.2.2.2.2.2.2.3.2",0.255886809670815,FALSE,TRUE,36
"2.1.2.2.2.2.2.2.1.2.2.2.1.2.2.2.2.2.2.2.2.3",0.550322678586019,FALSE,TRUE,36
"1.1.2.2.2.2.2.2.1.2.2.2.1.2.2.2.2.2.2.2.2.2",0.0865247417833179,FALSE,TRUE,36
"2.1.1.2.2.2.2.2.1.2.2.2.1.2.2.2.2.2.2.2.2.2",0.369429575696391,FALSE,TRUE,35
"2.1.2.1.2.2.2.2.1.2.2.2.1.2.2.2.2.2.2.2.2.2",0.32982940798423,FALSE,TRUE,35
"2.1.2.2.1.2.2.2.1.2.2.2.1.2.2.2.2.2.2.2.2.2",0.221641196412328,FALSE,TRUE,35
"2.1.2.2.2.2.1.2.1.2.2.2.1.2.2.2.2.2.2.2.2.2",0.278394601846008,FALSE,TRUE,35
"2.1.2.2.2.2.2.1.1.2.2.2.1.2.2.2.2.2.2.2.2.2",0.255918118108474,FALSE,TRUE,35
"2.1.2.2.2.2.2.2.1.1.2.2.1.2.2.2.2.2.2.2.2.2",-0.00994564565739922,FALSE,TRUE,35
"2.1.2.2.2.2.2.2.1.2.1.2.1.2.2.2.2.2.2.2.2.2",0.206642091410563,FALSE,TRUE,35
"2.1.2.2.2.2.2.2.1.2.2.1.1.2.2.2.2.2.2.2.2.2",0.254255298808769,FALSE,TRUE,35
"2.1.2.2.2.2.2.2.1.2.2.2.1.1.2.2.2.2.2.2.2.2",0.38533301052337,FALSE,TRUE,35
"2.1.2.2.2.2.2.2.1.2.2.2.1.2.1.2.2.2.2.2.2.2",0.362079977994281,FALSE,TRUE,36
"2.1.2.2.2.2.2.2.1.2.2.2.1.2.2.1.2.2.2.2.2.2",0.330083161740636,FALSE,TRUE,35
"2.1.2.2.2.2.2.2.1.2.2.2.1.2.2.2.1.2.2.2.2.2",0.0940086083052271,FALSE,TRUE,35
"2.1.2.2.2.2.2.2.1.2.2.2.1.2.2.2.2.2.1.2.2.2",0.288561202758907,FALSE,TRUE,35
"2.1.2.2.2.2.2.2.1.2.2.2.1.2.2.2.2.2.2.1.2.2",0.174893727614076,FALSE,TRUE,35
"2.1.2.2.2.2.2.2.1.2.2.2.1.2.2.2.2.2.2.2.1.2",0.553736114737449,FALSE,TRUE,35
"2.1.2.2.2.2.2.2.1.2.2.2.1.2.2.2.2.2.2.2.2.1",0.329662505026093,FALSE,TRUE,35
"3.2.2.2.2.2.2.2.2.2.2.2.2.2.2.3.3.2.2.2.2.2",0.205775454581113,FALSE,TRUE,42
"2.3.2.2.2.2.2.2.2.2.2.2.2.2.2.3.3.2.2.2.2.2",-0.195678797501218,FALSE,TRUE,42
"2.2.3.2.2.2.2.2.2.2.2.2.2.2.2.3.3.2.2.2.2.2",0.0726028848826414,FALSE,TRUE,42
"2.2.2.3.2.2.2.2.2.2.2.2.2.2.2.3.3.2.2.2.2.2",0.184346120097644,FALSE,TRUE,42
"2.2.2.2.3.2.2.2.2.2.2.2.2.2.2.3.3.2.2.2.2.2",0.303450312963853,FALSE,TRUE,42
"2.2.2.2.2.3.2.2.2.2.2.2.2.2.2.3.3.2.2.2.2.2",0.0956377775373504,FALSE,TRUE,42
"2.2.2.2.2.2.3.2.2.2.2.2.2.2.2.3.3.2.2.2.2.2",0.1410848988567,FALSE,TRUE,42
"2.2.2.2.2.2.2.3.2.2.2.2.2.2.2.3.3.2.2.2.2.2",-0.0503915163216972,FALSE,TRUE,42
"2.2.2.2.2.2.2.2.3.2.2.2.2.2.2.3.3.2.2.2.2.2",0.163404949603884,FALSE,TRUE,42
"2.2.2.2.2.2.2.2.2.3.2.2.2.2.2.3.3.2.2.2.2.2",-0.112560416255412,FALSE,TRUE,42
"2.2.2.2.2.2.2.2.2.2.3.2.2.2.2.3.3.2.2.2.2.2",-0.00384220099233918,FALSE,TRUE,42
"2.2.2.2.2.2.2.2.2.2.2.3.2.2.2.3.3.2.2.2.2.2",0.313855360175226,FALSE,TRUE,42
"2.2.2.2.2.2.2.2.2.2.2.2.3.2.2.3.3.2.2.2.2.2",0.141639157863423,FALSE,TRUE,42
"2.2.2.2.2.2.2.2.2.2.2.2.2.3.2.3.3.2.2.2.2.2",0.0518339100400636,FALSE,TRUE,42
"2.2.2.2.2.2.2.2.2.2.2.2.2.2.3.3.3.2.2.2.2.2",0.232355940204551,FALSE,TRUE,42
"2.2.2.2.2.2.2.2.2.2.2.2.2.2.2.4.3.2.2.2.2.2",0.0708558238433579,FALSE,TRUE,42
"2.2.2.2.2.2.2.2.2.2.2.2.2.2.2.3.4.2.2.2.2.2",0.111331719303573,FALSE,TRUE,43
"2.2.2.2.2.2.2.2.2.2.2.2.2.2.2.3.3.3.2.2.2.2",-0.000538931825360896,FALSE,TRUE,42
"2.2.2.2.2.2.2.2.2.2.2.2.2.2.2.3.3.2.3.2.2.2",0.0573319348519077,FALSE,TRUE,41
"2.2.2.2.2.2.2.2.2.2.2.2.2.2.2.3.3.2.2.3.2.2",0.127318066368551,FALSE,TRUE,42
"2.2.2.2.2.2.2.2.2.2.2.2.2.2.2.3.3.2.2.2.3.2",-0.0743929458852136,FALSE,TRUE,42
"2.2.2.2.2.2.2.2.2.2.2.2.2.2.2.3.3.2.2.2.2.3",0.264426296813351,FALSE,TRUE,42
"1.2.2.2.2.2.2.2.2.2.2.2.2.2.2.3.3.2.2.2.2.2",0.273864594819971,FALSE,TRUE,41
"2.1.2.2.2.2.2.2.2.2.2.2.2.2.2.3.3.2.2.2.2.2",0.549588277959235,FALSE,TRUE,41
"2.2.1.2.2.2.2.2.2.2.2.2.2.2.2.3.3.2.2.2.2.2",0.246339374887919,FALSE,TRUE,41
"2.2.2.1.2.2.2.2.2.2.2.2.2.2.2.3.3.2.2.2.2.2",0.169786437990863,FALSE,TRUE,41
"2.2.2.2.1.2.2.2.2.2.2.2.2.2.2.3.3.2.2.2.2.2",0.0023424411349585,FALSE,TRUE,41
"2.2.2.2.2.1.2.2.2.2.2.2.2.2.2.3.3.2.2.2.2.2",0.222329792733531,FALSE,TRUE,41
"2.2.2.2.2.2.1.2.2.2.2.2.2.2.2.3.3.2.2.2.2.2",0.243157292830042,FALSE,TRUE,41
"2.2.2.2.2.2.2.1.2.2.2.2.2.2.2.3.3.2.2.2.2.2",0.332817425968201,FALSE,TRUE,41
"2.2.2.2.2.2.2.2.1.2.2.2.2.2.2.3.3.2.2.2.2.2",0.113312919720207,FALSE,TRUE,41
"2.2.2.2.2.2.2.2.2.1.2.2.2.2.2.3.3.2.2.2.2.2",0.313600984787853,FALSE,TRUE,41
"2.2.2.2.2.2.2.2.2.2.1.2.2.2.2.3.3.2.2.2.2.2",0.125273479589753,FALSE,TRUE,41
"2.2.2.2.2.2.2.2.2.2.2.1.2.2.2.3.3.2.2.2.2.2",0.0798640315263847,FALSE,TRUE,41
"2.2.2.2.2.2.2.2.2.2.2.2.1.2.2.3.3.2.2.2.2.2",0.176818106794063,FALSE,TRUE,39
"2.2.2.2.2.2.2.2.2.2.2.2.2.1.2.3.3.2.2.2.2.2",0.269272276504479,FALSE,TRUE,41
"2.2.2.2.2.2.2.2.2.2.2.2.2.2.1.3.3.2.2.2.2.2",0.216243118784416,FALSE,TRUE,41
"2.2.2.2.2.2.2.2.2.2.2.2.2.2.2.3.3.1.2.2.2.2",0.304681484624107,FALSE,TRUE,41
"2.2.2.2.2.2.2.2.2.2.2.2.2.2.2.3.3.2.1.2.2.2",0.10894490111319,FALSE,TRUE,41
"2.2.2.2.2.2.2.2.2.2.2.2.2.2.2.3.3.2.2.1.2.2",0.174565781376584,FALSE,TRUE,40
"2.2.2.2.2.2.2.2.2.2.2.2.2.2.2.3.3.2.2.2.1.2",0.631327680113865,FALSE,TRUE,41
"2.2.2.2.2.2.2.2.2.2.2.2.2.2.2.3.3.2.2.2.2.1",0.232810247791315,FALSE,TRUE,41
"3.1.2.2.2.2.2.2.1.2.2.2.1.2.3.2.2.2.2.2.2.2",0.477844753587923,FALSE,TRUE,34
"2.1.3.2.2.2.2.2.1.2.2.2.1.2.3.2.2.2.2.2.2.2",0.493793549067307,FALSE,TRUE,38
"2.1.2.3.2.2.2.2.1.2.2.2.1.2.3.2.2.2.2.2.2.2",0.427553368782472,FALSE,TRUE,38
"2.1.2.2.3.2.2.2.1.2.2.2.1.2.3.2.2.2.2.2.2.2",0.491477552141982,FALSE,TRUE,38
"2.1.2.2.2.2.3.2.1.2.2.2.1.2.3.2.2.2.2.2.2.2",0.423144345869005,FALSE,TRUE,38
"2.1.2.2.2.2.2.3.1.2.2.2.1.2.3.2.2.2.2.2.2.2",0.207228602219611,FALSE,TRUE,38
"2.1.2.2.2.2.2.2.1.3.2.2.1.2.3.2.2.2.2.2.2.2",0.321930510110142,FALSE,TRUE,38
"2.1.2.2.2.2.2.2.1.2.3.2.1.2.3.2.2.2.2.2.2.2",0.331640347953959,FALSE,TRUE,38
"2.1.2.2.2.2.2.2.1.2.2.3.1.2.3.2.2.2.2.2.2.2",0.470317480170485,FALSE,TRUE,34
"2.1.2.2.2.2.2.2.1.2.2.2.2.2.3.2.2.2.2.2.2.2",0.383211292128443,FALSE,TRUE,39
"2.1.2.2.2.2.2.2.1.2.2.2.1.3.3.2.2.2.2.2.2.2",0.442299511996568,FALSE,TRUE,38
"2.1.2.2.2.2.2.2.1.2.2.2.1.2.4.2.2.2.2.2.2.2",0.190466194291224,FALSE,TRUE,39
"2.1.2.2.2.2.2.2.1.2.2.2.1.2.3.3.2.2.2.2.2.2",0.442239472446399,FALSE,TRUE,38
"2.1.2.2.2.2.2.2.1.2.2.2.1.2.3.2.3.2.2.2.2.2",0.393300590716087,FALSE,TRUE,38
"2.1.2.2.2.2.2.2.1.2.2.2.1.2.3.2.2.3.2.2.2.2",0.475593661925055,FALSE,TRUE,38
"2.1.2.2.2.2.2.2.1.2.2.2.1.2.3.2.2.2.3.2.2.2",0.525397544477832,FALSE,TRUE,38
"2.1.2.2.2.2.2.2.1.2.2.2.1.2.3.2.2.2.2.3.2.2",0.399672796006987,FALSE,TRUE,38
"2.1.2.2.2.2.2.2.1.2.2.2.1.2.3.2.2.2.2.2.3.2",0.288529806922136,FALSE,TRUE,38
"2.1.2.2.2.2.2.2.1.2.2.2.1.2.3.2.2.2.2.2.2.3",0.584722032469112,FALSE,TRUE,38
"1.1.2.2.2.2.2.2.1.2.2.2.1.2.3.2.2.2.2.2.2.2",0.126344909943403,FALSE,TRUE,37
"2.1.1.2.2.2.2.2.1.2.2.2.1.2.3.2.2.2.2.2.2.2",0.254233482987801,FALSE,TRUE,37
"2.1.2.1.2.2.2.2.1.2.2.2.1.2.3.2.2.2.2.2.2.2",0.329746017760679,FALSE,TRUE,37
"2.1.2.2.1.2.2.2.1.2.2.2.1.2.3.2.2.2.2.2.2.2",0.204112088093143,FALSE,TRUE,37
"2.1.2.2.2.1.2.2.1.2.2.2.1.2.3.2.2.2.2.2.2.2",0.500064869453874,FALSE,TRUE,36
"2.1.2.2.2.2.1.2.1.2.2.2.1.2.3.2.2.2.2.2.2.2",0.282471238586883,FALSE,TRUE,37
"2.1.2.2.2.2.2.1.1.2.2.2.1.2.3.2.2.2.2.2.2.2",0.323102582252043,FALSE,TRUE,35
"2.1.2.2.2.2.2.2.1.1.2.2.1.2.3.2.2.2.2.2.2.2",0.131526054602384,FALSE,TRUE,37
"2.1.2.2.2.2.2.2.1.2.1.2.1.2.3.2.2.2.2.2.2.2",0.231179590360694,FALSE,TRUE,37
"2.1.2.2.2.2.2.2.1.2.2.1.1.2.3.2.2.2.2.2.2.2",0.235797624115672,FALSE,TRUE,37
"2.1.2.2.2.2.2.2.1.2.2.2.1.1.3.2.2.2.2.2.2.2",0.331088984045158,FALSE,TRUE,37
"2.1.2.2.2.2.2.2.1.2.2.2.1.2.3.1.2.2.2.2.2.2",0.227011097879846,FALSE,TRUE,37
"2.1.2.2.2.2.2.2.1.2.2.2.1.2.3.2.1.2.2.2.2.2",0.0716687019644402,FALSE,TRUE,37
"2.1.2.2.2.2.2.2.1.2.2.2.1.2.3.2.2.1.2.2.2.2",0.218749929909429,FALSE,TRUE,35
"2.1.2.2.2.2.2.2.1.2.2.2.1.2.3.2.2.2.1.2.2.2",0.280269430076938,FALSE,TRUE,37
"2.1.2.2.2.2.2.2.1.2.2.2.1.2.3.2.2.2.2.1.2.2",0.129140793694005,FALSE,TRUE,37
"2.1.2.2.2.2.2.2.1.2.2.2.1.2.3.2.2.2.2.2.1.2",0.470405162327699,FALSE,TRUE,36
"2.1.2.2.2.2.2.2.1.2.2.2.1.2.3.2.2.2.2.2.2.1",0.28770190293971,FALSE,TRUE,37
"4.2.2.2.2.2.2.2.1.2.2.2.1.2.2.2.2.1.2.2.2.2",0.183707623537643,FALSE,TRUE,37
"3.3.2.2.2.2.2.2.1.2.2.2.1.2.2.2.2.1.2.2.2.2",0.207713970127626,FALSE,TRUE,37
"3.2.3.2.2.2.2.2.1.2.2.2.1.2.2.2.2.1.2.2.2.2",0.298419149881568,FALSE,TRUE,36
"3.2.2.3.2.2.2.2.1.2.2.2.1.2.2.2.2.1.2.2.2.2",0.457693013337037,FALSE,TRUE,36
"3.2.2.2.3.2.2.2.1.2.2.2.1.2.2.2.2.1.2.2.2.2",0.25884022864014,FALSE,TRUE,36
"3.2.2.2.2.3.2.2.1.2.2.2.1.2.2.2.2.1.2.2.2.2",0.219945852915993,FALSE,TRUE,36
"3.2.2.2.2.2.2.3.1.2.2.2.1.2.2.2.2.1.2.2.2.2",0.228117224156822,FALSE,TRUE,36
"3.2.2.2.2.2.2.2.2.2.2.2.1.2.2.2.2.1.2.2.2.2",0.361214278241877,FALSE,TRUE,36
"3.2.2.2.2.2.2.2.1.3.2.2.1.2.2.2.2.1.2.2.2.2",0.235378817858181,FALSE,TRUE,36
"3.2.2.2.2.2.2.2.1.2.3.2.1.2.2.2.2.1.2.2.2.2",0.234378044971753,FALSE,TRUE,36
"3.2.2.2.2.2.2.2.1.2.2.3.1.2.2.2.2.1.2.2.2.2",0.459907963122482,FALSE,TRUE,36
"3.2.2.2.2.2.2.2.1.2.2.2.2.2.2.2.2.1.2.2.2.2",0.299157896021744,FALSE,TRUE,37
"3.2.2.2.2.2.2.2.1.2.2.2.1.3.2.2.2.1.2.2.2.2",0.35288483565622,FALSE,TRUE,35
"3.2.2.2.2.2.2.2.1.2.2.2.1.2.3.2.2.1.2.2.2.2",0.22778262742589,FALSE,TRUE,36
"3.2.2.2.2.2.2.2.1.2.2.2.1.2.2.3.2.1.2.2.2.2",0.0276191576086657,FALSE,TRUE,36
"3.2.2.2.2.2.2.2.1.2.2.2.1.2.2.2.3.1.2.2.2.2",0.422315689841999,FALSE,TRUE,36
"3.2.2.2.2.2.2.2.1.2.2.2.1.2.2.2.2.1.3.2.2.2",0.305282048026627,FALSE,TRUE,36
"3.2.2.2.2.2.2.2.1.2.2.2.1.2.2.2.2.1.2.3.2.2",0.469243990143678,FALSE,TRUE,36
"3.2.2.2.2.2.2.2.1.2.2.2.1.2.2.2.2.1.2.2.3.2",0.214385180708007,FALSE,TRUE,36
"3.2.2.2.2.2.2.2.1.2.2.2.1.2.2.2.2.1.2.2.2.3",0.344502629625502,FALSE,TRUE,36
"3.2.1.2.2.2.2.2.1.2.2.2.1.2.2.2.2.1.2.2.2.2",0.243985335902512,FALSE,TRUE,35
"3.2.2.1.2.2.2.2.1.2.2.2.1.2.2.2.2.1.2.2.2.2",0.115651986617658,FALSE,TRUE,35
"3.2.2.2.1.2.2.2.1.2.2.2.1.2.2.2.2.1.2.2.2.2",0.275957637213894,FALSE,TRUE,35
"3.2.2.2.2.1.2.2.1.2.2.2.1.2.2.2.2.1.2.2.2.2",0.427161613135104,FALSE,TRUE,35
"3.2.2.2.2.2.1.2.1.2.2.2.1.2.2.2.2.1.2.2.2.2",0.182994515141154,FALSE,TRUE,36
"3.2.2.2.2.2.2.1.1.2.2.2.1.2.2.2.2.1.2.2.2.2",0.167236263624845,FALSE,TRUE,35
"3.2.2.2.2.2.2.2.1.1.2.2.1.2.2.2.2.1.2.2.2.2",0.0146785447113391,FALSE,TRUE,35
"3.2.2.2.2.2.2.2.1.2.1.2.1.2.2.2.2.1.2.2.2.2",0.235767660376148,FALSE,TRUE,35
"3.2.2.2.2.2.2.2.1.2.2.1.1.2.2.2.2.1.2.2.2.2",0.0924406634603211,FALSE,TRUE,35
"3.2.2.2.2.2.2.2.1.2.2.2.1.1.2.2.2.1.2.2.2.2",0.331944025935908,FALSE,TRUE,35
"3.2.2.2.2.2.2.2.1.2.2.2.1.2.1.2.2.1.2.2.2.2",0.274272848092855,FALSE,TRUE,35
"3.2.2.2.2.2.2.2.1.2.2.2.1.2.2.1.2.1.2.2.2.2",0.254206377119169,FALSE,TRUE,35
"3.2.2.2.2.2.2.2.1.2.2.2.1.2.2.2.1.1.2.2.2.2",-0.115987465004703,FALSE,TRUE,35
"3.2.2.2.2.2.2.2.1.2.2.2.1.2.2.2.2.1.1.2.2.2",0.218127134513247,FALSE,TRUE,35
"3.2.2.2.2.2.2.2.1.2.2.2.1.2.2.2.2.1.2.1.2.2",-0.0297356618893078,FALSE,TRUE,35
"3.2.2.2.2.2.2.2.1.2.2.2.1.2.2.2.2.1.2.2.1.2",0.299651003193969,FALSE,TRUE,35
"3.2.2.2.2.2.2.2.1.2.2.2.1.2.2.2.2.1.2.2.2.1",0.162712927912672,FALSE,TRUE,35
"3.2.2.2.1.2.2.1.2.2.2.2.1.2.3.2.2.2.2.2.2.2",0.609266822790227,FALSE,TRUE,37
"2.3.2.2.1.2.2.1.2.2.2.2.1.2.3.2.2.2.2.2.2.2",0.317505137722501,FALSE,TRUE,39
"2.2.3.2.1.2.2.1.2.2.2.2.1.2.3.2.2.2.2.2.2.2",0.345686651862707,FALSE,TRUE,39
"2.2.2.3.1.2.2.1.2.2.2.2.1.2.3.2.2.2.2.2.2.2",0.282960092084534,FALSE,TRUE,39
"2.2.2.2.1.3.2.1.2.2.2.2.1.2.3.2.2.2.2.2.2.2",0.238669299118392,FALSE,TRUE,39
"2.2.2.2.1.2.3.1.2.2.2.2.1.2.3.2.2.2.2.2.2.2",0.439401629339079,FALSE,TRUE,39
"2.2.2.2.1.2.2.1.3.2.2.2.1.2.3.2.2.2.2.2.2.2",0.61690304653602,FALSE,TRUE,39
"2.2.2.2.1.2.2.1.2.3.2.2.1.2.3.2.2.2.2.2.2.2",0.465685597577545,FALSE,TRUE,39
"2.2.2.2.1.2.2.1.2.2.3.2.1.2.3.2.2.2.2.2.2.2",0.339706825232876,FALSE,TRUE,39
"2.2.2.2.1.2.2.1.2.2.2.3.1.2.3.2.2.2.2.2.2.2",0.216046963427077,FALSE,TRUE,38
"2.2.2.2.1.2.2.1.2.2.2.2.2.2.3.2.2.2.2.2.2.2",0.378851113009689,FALSE,TRUE,40
"2.2.2.2.1.2.2.1.2.2.2.2.1.3.3.2.2.2.2.2.2.2",0.510385939806745,FALSE,TRUE,39
"2.2.2.2.1.2.2.1.2.2.2.2.1.2.4.2.2.2.2.2.2.2",0.479163787903351,FALSE,TRUE,39
"2.2.2.2.1.2.2.1.2.2.2.2.1.2.3.3.2.2.2.2.2.2",0.546320536331736,FALSE,TRUE,39
"2.2.2.2.1.2.2.1.2.2.2.2.1.2.3.2.3.2.2.2.2.2",0.172675733893562,FALSE,TRUE,39
"2.2.2.2.1.2.2.1.2.2.2.2.1.2.3.2.2.3.2.2.2.2",0.394308013836939,FALSE,TRUE,39
"2.2.2.2.1.2.2.1.2.2.2.2.1.2.3.2.2.2.3.2.2.2",0.441334589466942,FALSE,TRUE,38
"2.2.2.2.1.2.2.1.2.2.2.2.1.2.3.2.2.2.2.3.2.2",0.257939841697982,FALSE,TRUE,39
"2.2.2.2.1.2.2.1.2.2.2.2.1.2.3.2.2.2.2.2.3.2",0.336376745761247,FALSE,TRUE,39
"2.2.2.2.1.2.2.1.2.2.2.2.1.2.3.2.2.2.2.2.2.3",0.410655252657766,FALSE,TRUE,39
"1.2.2.2.1.2.2.1.2.2.2.2.1.2.3.2.2.2.2.2.2.2",0.0911428823263428,FALSE,TRUE,38
"2.1.2.2.1.2.2.1.2.2.2.2.1.2.3.2.2.2.2.2.2.2",0.446253204082309,FALSE,TRUE,38
"2.2.1.2.1.2.2.1.2.2.2.2.1.2.3.2.2.2.2.2.2.2",0.429484432784526,FALSE,TRUE,38
"2.2.2.1.1.2.2.1.2.2.2.2.1.2.3.2.2.2.2.2.2.2",0.540362541953964,FALSE,TRUE,38
"2.2.2.2.1.1.2.1.2.2.2.2.1.2.3.2.2.2.2.2.2.2",0.522157319743033,FALSE,TRUE,37
"2.2.2.2.1.2.1.1.2.2.2.2.1.2.3.2.2.2.2.2.2.2",0.231830055864871,FALSE,TRUE,38
"2.2.2.2.1.2.2.1.1.2.2.2.1.2.3.2.2.2.2.2.2.2",0.176952314417208,FALSE,TRUE,38
"2.2.2.2.1.2.2.1.2.1.2.2.1.2.3.2.2.2.2.2.2.2",0.0716507257995183,FALSE,TRUE,38
"2.2.2.2.1.2.2.1.2.2.1.2.1.2.3.2.2.2.2.2.2.2",0.320144511529909,FALSE,TRUE,38
"2.2.2.2.1.2.2.1.2.2.2.1.1.2.3.2.2.2.2.2.2.2",0.562487666209353,FALSE,TRUE,38
"2.2.2.2.1.2.2.1.2.2.2.2.1.1.3.2.2.2.2.2.2.2",0.31208607374805,FALSE,TRUE,38
"2.2.2.2.1.2.2.1.2.2.2.2.1.2.2.2.2.2.2.2.2.2",0.404802575958183,FALSE,TRUE,38
"2.2.2.2.1.2.2.1.2.2.2.2.1.2.3.1.2.2.2.2.2.2",0.134816136424571,FALSE,TRUE,38
"2.2.2.2.1.2.2.1.2.2.2.2.1.2.3.2.1.2.2.2.2.2",0.431491533910764,FALSE,TRUE,38
"2.2.2.2.1.2.2.1.2.2.2.2.1.2.3.2.2.1.2.2.2.2",0.36691311421615,FALSE,TRUE,38
"2.2.2.2.1.2.2.1.2.2.2.2.1.2.3.2.2.2.1.2.2.2",0.388863239720864,FALSE,TRUE,38
"2.2.2.2.1.2.2.1.2.2.2.2.1.2.3.2.2.2.2.1.2.2",0.428332137108709,FALSE,TRUE,38
"2.2.2.2.1.2.2.1.2.2.2.2.1.2.3.2.2.2.2.2.1.2",0.429038396596737,FALSE,TRUE,38
"2.2.2.2.1.2.2.1.2.2.2.2.1.2.3.2.2.2.2.2.2.1",0.493386172651705,FALSE,TRUE,38
"3.2.2.2.2.1.2.2.2.2.2.2.1.2.2.2.2.2.2.2.2.2",0.414565918696274,FALSE,TRUE,35
"2.3.2.2.2.1.2.2.2.2.2.2.1.2.2.2.2.2.2.2.2.2",-0.0237803305390018,FALSE,TRUE,39
"2.2.3.2.2.1.2.2.2.2.2.2.1.2.2.2.2.2.2.2.2.2",0.249192429189075,FALSE,TRUE,38
"2.2.2.3.2.1.2.2.2.2.2.2.1.2.2.2.2.2.2.2.2.2",0.318992950116531,FALSE,TRUE,39
"2.2.2.2.3.1.2.2.2.2.2.2.1.2.2.2.2.2.2.2.2.2",0.346385393854527,FALSE,TRUE,37
"2.2.2.2.2.1.3.2.2.2.2.2.1.2.2.2.2.2.2.2.2.2",0.488593657607605,FALSE,TRUE,38
"2.2.2.2.2.1.2.3.2.2.2.2.1.2.2.2.2.2.2.2.2.2",0.211649719590447,FALSE,TRUE,38
"2.2.2.2.2.1.2.2.3.2.2.2.1.2.2.2.2.2.2.2.2.2",0.226626493766196,FALSE,TRUE,38
"2.2.2.2.2.1.2.2.2.3.2.2.1.2.2.2.2.2.2.2.2.2",0.0997908911139745,FALSE,TRUE,38
"2.2.2.2.2.1.2.2.2.2.3.2.1.2.2.2.2.2.2.2.2.2",0.12587872654208,FALSE,TRUE,38
"2.2.2.2.2.1.2.2.2.2.2.3.1.2.2.2.2.2.2.2.2.2",0.29888628214194,FALSE,TRUE,36
"2.2.2.2.2.1.2.2.2.2.2.2.1.3.2.2.2.2.2.2.2.2",0.290012997960358,FALSE,TRUE,37
"2.2.2.2.2.1.2.2.2.2.2.2.1.2.2.3.2.2.2.2.2.2",0.233688855734897,FALSE,TRUE,36
"2.2.2.2.2.1.2.2.2.2.2.2.1.2.2.2.3.2.2.2.2.2",0.318347712354564,FALSE,TRUE,38
"2.2.2.2.2.1.2.2.2.2.2.2.1.2.2.2.2.3.2.2.2.2",0.0990062557407514,FALSE,TRUE,38
"2.2.2.2.2.1.2.2.2.2.2.2.1.2.2.2.2.2.2.3.2.2",0.175085227794239,FALSE,TRUE,38
"2.2.2.2.2.1.2.2.2.2.2.2.1.2.2.2.2.2.2.2.3.2",0.0820797227721102,FALSE,TRUE,38
"2.2.2.2.2.1.2.2.2.2.2.2.1.2.2.2.2.2.2.2.2.3",0.459527705914657,FALSE,TRUE,38
"1.2.2.2.2.1.2.2.2.2.2.2.1.2.2.2.2.2.2.2.2.2",0.261384080190433,FALSE,TRUE,36
"2.2.1.2.2.1.2.2.2.2.2.2.1.2.2.2.2.2.2.2.2.2",0.442255626443068,FALSE,TRUE,37
"2.2.2.2.1.1.2.2.2.2.2.2.1.2.2.2.2.2.2.2.2.2",0.304340387122598,FALSE,TRUE,37
"2.2.2.2.2.1.1.2.2.2.2.2.1.2.2.2.2.2.2.2.2.2",0.175479506228895,FALSE,TRUE,37
"2.2.2.2.2.1.2.1.2.2.2.2.1.2.2.2.2.2.2.2.2.2",0.394635378190352,FALSE,TRUE,33
"2.2.2.2.2.1.2.2.2.1.2.2.1.2.2.2.2.2.2.2.2.2",0.333409332379706,FALSE,TRUE,37
"2.2.2.2.2.1.2.2.2.2.1.2.1.2.2.2.2.2.2.2.2.2",0.325373898060059,FALSE,TRUE,37
"2.2.2.2.2.1.2.2.2.2.2.1.1.2.2.2.2.2.2.2.2.2",0.437154018039895,FALSE,TRUE,37
"2.2.2.2.2.1.2.2.2.2.2.2.1.1.2.2.2.2.2.2.2.2",0.338672493311754,FALSE,TRUE,37
"2.2.2.2.2.1.2.2.2.2.2.2.1.2.1.2.2.2.2.2.2.2",0.317154186752896,FALSE,TRUE,37
"2.2.2.2.2.1.2.2.2.2.2.2.1.2.2.1.2.2.2.2.2.2",0.333004126824017,FALSE,TRUE,37
"2.2.2.2.2.1.2.2.2.2.2.2.1.2.2.2.1.2.2.2.2.2",0.267822962610654,FALSE,TRUE,37
"2.2.2.2.2.1.2.2.2.2.2.2.1.2.2.2.2.1.2.2.2.2",0.428882473683017,FALSE,TRUE,35
"2.2.2.2.2.1.2.2.2.2.2.2.1.2.2.2.2.2.1.2.2.2",0.460633601508751,FALSE,TRUE,37
"2.2.2.2.2.1.2.2.2.2.2.2.1.2.2.2.2.2.2.1.2.2",0.449385145131671,FALSE,TRUE,35
"2.2.2.2.2.1.2.2.2.2.2.2.1.2.2.2.2.2.2.2.1.2",0.59650952881828,FALSE,TRUE,37
"2.2.2.2.2.1.2.2.2.2.2.2.1.2.2.2.2.2.2.2.2.1",0.222623802841877,FALSE,TRUE,37
"3.1.2.2.2.3.2.2.1.2.2.2.1.2.3.2.2.2.2.2.2.2",0.308051467274619,FALSE,TRUE,38
"2.2.2.2.2.3.2.2.1.2.2.2.1.2.3.2.2.2.2.2.2.2",0.112278712590868,FALSE,TRUE,38
"2.1.3.2.2.3.2.2.1.2.2.2.1.2.3.2.2.2.2.2.2.2",0.249110551424256,FALSE,TRUE,39
"2.1.2.3.2.3.2.2.1.2.2.2.1.2.3.2.2.2.2.2.2.2",0.337882843191708,FALSE,TRUE,39
"2.1.2.2.3.3.2.2.1.2.2.2.1.2.3.2.2.2.2.2.2.2",0.273729268429993,FALSE,TRUE,39
"2.1.2.2.2.4.2.2.1.2.2.2.1.2.3.2.2.2.2.2.2.2",-0.0572198096543632,FALSE,TRUE,40
"2.1.2.2.2.3.3.2.1.2.2.2.1.2.3.2.2.2.2.2.2.2",0.0843576683633824,FALSE,TRUE,39
"2.1.2.2.2.3.2.3.1.2.2.2.1.2.3.2.2.2.2.2.2.2",0.0707702459960219,FALSE,TRUE,39
"2.1.2.2.2.3.2.2.2.2.2.2.1.2.3.2.2.2.2.2.2.2",0.326650169710448,FALSE,TRUE,39
"2.1.2.2.2.3.2.2.1.3.2.2.1.2.3.2.2.2.2.2.2.2",0.176721874887481,FALSE,TRUE,39
"2.1.2.2.2.3.2.2.1.2.3.2.1.2.3.2.2.2.2.2.2.2",0.152815831130197,FALSE,TRUE,39
"2.1.2.2.2.3.2.2.1.2.2.3.1.2.3.2.2.2.2.2.2.2",0.262464669889075,FALSE,TRUE,39
"2.1.2.2.2.3.2.2.1.2.2.2.2.2.3.2.2.2.2.2.2.2",0.211129899991489,FALSE,TRUE,40
"2.1.2.2.2.3.2.2.1.2.2.2.1.3.3.2.2.2.2.2.2.2",0.107834563416632,FALSE,TRUE,39
"2.1.2.2.2.3.2.2.1.2.2.2.1.2.4.2.2.2.2.2.2.2",0.0765907564667288,FALSE,TRUE,39
"2.1.2.2.2.3.2.2.1.2.2.2.1.2.3.3.2.2.2.2.2.2",0.334398884412908,FALSE,TRUE,39
"2.1.2.2.2.3.2.2.1.2.2.2.1.2.3.2.3.2.2.2.2.2",0.307112841049521,FALSE,TRUE,39
"2.1.2.2.2.3.2.2.1.2.2.2.1.2.3.2.2.3.2.2.2.2",0.401540086518506,FALSE,TRUE,39
"2.1.2.2.2.3.2.2.1.2.2.2.1.2.3.2.2.2.3.2.2.2",0.348144580384062,FALSE,TRUE,39
"2.1.2.2.2.3.2.2.1.2.2.2.1.2.3.2.2.2.2.3.2.2",0.268265848480686,FALSE,TRUE,39
"2.1.2.2.2.3.2.2.1.2.2.2.1.2.3.2.2.2.2.2.3.2",0.137025730770356,FALSE,TRUE,39
"2.1.2.2.2.3.2.2.1.2.2.2.1.2.3.2.2.2.2.2.2.3",0.485540731742889,FALSE,TRUE,39
"1.1.2.2.2.3.2.2.1.2.2.2.1.2.3.2.2.2.2.2.2.2",-0.110151035925407,FALSE,TRUE,38
"2.1.1.2.2.3.2.2.1.2.2.2.1.2.3.2.2.2.2.2.2.2",0.0858896327793788,FALSE,TRUE,38
"2.1.2.1.2.3.2.2.1.2.2.2.1.2.3.2.2.2.2.2.2.2",0.100646163559557,FALSE,TRUE,38
"2.1.2.2.1.3.2.2.1.2.2.2.1.2.3.2.2.2.2.2.2.2",0.0896075765744308,FALSE,TRUE,38
"2.1.2.2.2.3.1.2.1.2.2.2.1.2.3.2.2.2.2.2.2.2",0.201360631379089,FALSE,TRUE,38
"2.1.2.2.2.3.2.1.1.2.2.2.1.2.3.2.2.2.2.2.2.2",0.153533639562071,FALSE,TRUE,38
"2.1.2.2.2.3.2.2.1.1.2.2.1.2.3.2.2.2.2.2.2.2",0.0274872402176404,FALSE,TRUE,38
"2.1.2.2.2.3.2.2.1.2.1.2.1.2.3.2.2.2.2.2.2.2",0.257041637655224,FALSE,TRUE,38
"2.1.2.2.2.3.2.2.1.2.2.1.1.2.3.2.2.2.2.2.2.2",0.00860109738481174,FALSE,TRUE,38
"2.1.2.2.2.3.2.2.1.2.2.2.1.1.3.2.2.2.2.2.2.2",0.340891387275281,FALSE,TRUE,38
"2.1.2.2.2.3.2.2.1.2.2.2.1.2.3.1.2.2.2.2.2.2",0.0379980675396634,FALSE,TRUE,38
"2.1.2.2.2.3.2.2.1.2.2.2.1.2.3.2.1.2.2.2.2.2",-0.150449471937426,FALSE,TRUE,38
"2.1.2.2.2.3.2.2.1.2.2.2.1.2.3.2.2.1.2.2.2.2",0.0356128165681144,FALSE,TRUE,38
"2.1.2.2.2.3.2.2.1.2.2.2.1.2.3.2.2.2.1.2.2.2",0.144460579795756,FALSE,TRUE,38
"2.1.2.2.2.3.2.2.1.2.2.2.1.2.3.2.2.2.2.1.2.2",-0.0922169130941877,FALSE,TRUE,38
"2.1.2.2.2.3.2.2.1.2.2.2.1.2.3.2.2.2.2.2.1.2",0.197617117534494,FALSE,TRUE,38
"2.1.2.2.2.3.2.2.1.2.2.2.1.2.3.2.2.2.2.2.2.1",0.0295716442174082,FALSE,TRUE,38
"3.2.2.2.2.2.2.2.2.2.2.2.2.2.2.2.2.2.2.1.2.2",0.182247660747964,FALSE,TRUE,38
"2.3.2.2.2.2.2.2.2.2.2.2.2.2.2.2.2.2.2.1.2.2",0.256841525629251,FALSE,TRUE,38
"2.2.3.2.2.2.2.2.2.2.2.2.2.2.2.2.2.2.2.1.2.2",0.162138014839587,FALSE,TRUE,38
"2.2.2.3.2.2.2.2.2.2.2.2.2.2.2.2.2.2.2.1.2.2",0.35551924118156,FALSE,TRUE,38
"2.2.2.2.3.2.2.2.2.2.2.2.2.2.2.2.2.2.2.1.2.2",0.316799988171415,FALSE,TRUE,38
"2.2.2.2.2.3.2.2.2.2.2.2.2.2.2.2.2.2.2.1.2.2",0.22754012901831,FALSE,TRUE,38
"2.2.2.2.2.2.3.2.2.2.2.2.2.2.2.2.2.2.2.1.2.2",0.209124654463244,FALSE,TRUE,38
"2.2.2.2.2.2.2.2.2.3.2.2.2.2.2.2.2.2.2.1.2.2",0.411042687467783,FALSE,TRUE,37
"2.2.2.2.2.2.2.2.2.2.3.2.2.2.2.2.2.2.2.1.2.2",0.268904559194019,FALSE,TRUE,38
"2.2.2.2.2.2.2.2.2.2.2.3.2.2.2.2.2.2.2.1.2.2",0.358507091920075,FALSE,TRUE,38
"2.2.2.2.2.2.2.2.2.2.2.2.3.2.2.2.2.2.2.1.2.2",0.216868886070902,FALSE,TRUE,38
"2.2.2.2.2.2.2.2.2.2.2.2.2.3.2.2.2.2.2.1.2.2",0.240911097546514,FALSE,TRUE,37
"2.2.2.2.2.2.2.2.2.2.2.2.2.2.3.2.2.2.2.1.2.2",0.475702631074026,FALSE,TRUE,36
"2.2.2.2.2.2.2.2.2.2.2.2.2.2.2.2.3.2.2.1.2.2",0.349781306815459,FALSE,TRUE,37
"2.2.2.2.2.2.2.2.2.2.2.2.2.2.2.2.2.3.2.1.2.2",0.38164535890656,FALSE,TRUE,38
"2.2.2.2.2.2.2.2.2.2.2.2.2.2.2.2.2.2.3.1.2.2",0.228214162575147,FALSE,TRUE,36
"2.2.2.2.2.2.2.2.2.2.2.2.2.2.2.2.2.2.2.1.3.2",0.0776739134096298,FALSE,TRUE,38
"2.2.2.2.2.2.2.2.2.2.2.2.2.2.2.2.2.2.2.1.2.3",0.314804617927502,FALSE,TRUE,38
"1.2.2.2.2.2.2.2.2.2.2.2.2.2.2.2.2.2.2.1.2.2",0.0150219578613032,FALSE,TRUE,37
"2.1.2.2.2.2.2.2.2.2.2.2.2.2.2.2.2.2.2.1.2.2",0.400444600192929,FALSE,TRUE,37
"2.2.1.2.2.2.2.2.2.2.2.2.2.2.2.2.2.2.2.1.2.2",0.31010710099059,FALSE,TRUE,37
"2.2.2.1.2.2.2.2.2.2.2.2.2.2.2.2.2.2.2.1.2.2",0.331859479524908,FALSE,TRUE,36
"2.2.2.2.1.2.2.2.2.2.2.2.2.2.2.2.2.2.2.1.2.2",0.174973372018941,FALSE,TRUE,37
"2.2.2.2.2.1.2.2.2.2.2.2.2.2.2.2.2.2.2.1.2.2",0.354730593426723,FALSE,TRUE,36
"2.2.2.2.2.2.1.2.2.2.2.2.2.2.2.2.2.2.2.1.2.2",0.186784097905561,FALSE,TRUE,37
"2.2.2.2.2.2.2.2.1.2.2.2.2.2.2.2.2.2.2.1.2.2",0.0842797216851294,FALSE,TRUE,37
"2.2.2.2.2.2.2.2.2.1.2.2.2.2.2.2.2.2.2.1.2.2",-0.0427105427613418,FALSE,TRUE,37
"2.2.2.2.2.2.2.2.2.2.1.2.2.2.2.2.2.2.2.1.2.2",0.23338953352922,FALSE,TRUE,37
"2.2.2.2.2.2.2.2.2.2.2.1.2.2.2.2.2.2.2.1.2.2",0.215593996730037,FALSE,TRUE,37
"2.2.2.2.2.2.2.2.2.2.2.2.2.1.2.2.2.2.2.1.2.2",0.307660190515296,FALSE,TRUE,37
"2.2.2.2.2.2.2.2.2.2.2.2.2.2.1.2.2.2.2.1.2.2",0.133538691143203,FALSE,TRUE,37
"2.2.2.2.2.2.2.2.2.2.2.2.2.2.2.1.2.2.2.1.2.2",0.324298912024321,FALSE,TRUE,37
"2.2.2.2.2.2.2.2.2.2.2.2.2.2.2.2.1.2.2.1.2.2",0.0515607602682808,FALSE,TRUE,37
"2.2.2.2.2.2.2.2.2.2.2.2.2.2.2.2.2.1.2.1.2.2",0.205832381952614,FALSE,TRUE,37
"2.2.2.2.2.2.2.2.2.2.2.2.2.2.2.2.2.2.1.1.2.2",0.219902393756479,FALSE,TRUE,37
"2.2.2.2.2.2.2.2.2.2.2.2.2.2.2.2.2.2.2.1.1.2",0.334136455740908,FALSE,TRUE,37
"2.2.2.2.2.2.2.2.2.2.2.2.2.2.2.2.2.2.2.1.2.1",0.241761101111031,FALSE,TRUE,37
"3.2.2.1.2.2.2.2.2.2.2.2.1.2.2.2.2.2.3.2.2.2",0.275235306207473,FALSE,TRUE,39
"2.3.2.1.2.2.2.2.2.2.2.2.1.2.2.2.2.2.3.2.2.2",-0.049260282374242,FALSE,TRUE,39
"2.2.3.1.2.2.2.2.2.2.2.2.1.2.2.2.2.2.3.2.2.2",0.128918657390003,FALSE,TRUE,39
"2.2.2.1.2.3.2.2.2.2.2.2.1.2.2.2.2.2.3.2.2.2",-0.00426795385137259,FALSE,TRUE,39
"2.2.2.1.2.2.3.2.2.2.2.2.1.2.2.2.2.2.3.2.2.2",0.185394581437377,FALSE,TRUE,39
"2.2.2.1.2.2.2.3.2.2.2.2.1.2.2.2.2.2.3.2.2.2",0.0342153772658926,FALSE,TRUE,39
"2.2.2.1.2.2.2.2.3.2.2.2.1.2.2.2.2.2.3.2.2.2",0.126987110673797,FALSE,TRUE,39
"2.2.2.1.2.2.2.2.2.3.2.2.1.2.2.2.2.2.3.2.2.2",0.0444731273186856,FALSE,TRUE,38
"2.2.2.1.2.2.2.2.2.2.3.2.1.2.2.2.2.2.3.2.2.2",-0.0689486533481126,FALSE,TRUE,39
"2.2.2.1.2.2.2.2.2.2.2.3.1.2.2.2.2.2.3.2.2.2",-0.0779627306870701,FALSE,TRUE,39
"2.2.2.1.2.2.2.2.2.2.2.2.1.3.2.2.2.2.3.2.2.2",0.0571485064680973,FALSE,TRUE,38
"2.2.2.1.2.2.2.2.2.2.2.2.1.2.3.2.2.2.3.2.2.2",0.105631298281204,FALSE,TRUE,38
"2.2.2.1.2.2.2.2.2.2.2.2.1.2.2.3.2.2.3.2.2.2",0.288091725363584,FALSE,TRUE,39
"2.2.2.1.2.2.2.2.2.2.2.2.1.2.2.2.3.2.3.2.2.2",0.353113135603709,FALSE,TRUE,39
"2.2.2.1.2.2.2.2.2.2.2.2.1.2.2.2.2.3.3.2.2.2",0.0416754379627755,FALSE,TRUE,39
"2.2.2.1.2.2.2.2.2.2.2.2.1.2.2.2.2.2.4.2.2.2",0.0820361883813843,FALSE,TRUE,39
"2.2.2.1.2.2.2.2.2.2.2.2.1.2.2.2.2.2.3.3.2.2",0.14791732632391,FALSE,TRUE,39
"2.2.2.1.2.2.2.2.2.2.2.2.1.2.2.2.2.2.3.2.3.2",0.0588791240479027,FALSE,TRUE,39
"2.2.2.1.2.2.2.2.2.2.2.2.1.2.2.2.2.2.3.2.2.3",0.337434988277423,FALSE,TRUE,39
"1.2.2.1.2.2.2.2.2.2.2.2.1.2.2.2.2.2.3.2.2.2",-0.0964362970844564,FALSE,TRUE,38
"2.1.2.1.2.2.2.2.2.2.2.2.1.2.2.2.2.2.3.2.2.2",0.390780397290739,FALSE,TRUE,37
"2.2.1.1.2.2.2.2.2.2.2.2.1.2.2.2.2.2.3.2.2.2",0.103142777139896,FALSE,TRUE,38
"2.2.2.1.1.2.2.2.2.2.2.2.1.2.2.2.2.2.3.2.2.2",0.192394343188884,FALSE,TRUE,38
"2.2.2.1.2.1.2.2.2.2.2.2.1.2.2.2.2.2.3.2.2.2",0.236329309178077,FALSE,TRUE,36
"2.2.2.1.2.2.1.2.2.2.2.2.1.2.2.2.2.2.3.2.2.2",0.0978415438318272,FALSE,TRUE,38
"2.2.2.1.2.2.2.1.2.2.2.2.1.2.2.2.2.2.3.2.2.2",0.209627193910672,FALSE,TRUE,38
"2.2.2.1.2.2.2.2.1.2.2.2.1.2.2.2.2.2.3.2.2.2",0.19526753292191,FALSE,TRUE,37
"2.2.2.1.2.2.2.2.2.1.2.2.1.2.2.2.2.2.3.2.2.2",0.134948523738713,FALSE,TRUE,38
"2.2.2.1.2.2.2.2.2.2.1.2.1.2.2.2.2.2.3.2.2.2",0.33945814448227,FALSE,TRUE,38
"2.2.2.1.2.2.2.2.2.2.2.1.1.2.2.2.2.2.3.2.2.2",0.306977636929779,FALSE,TRUE,38
"2.2.2.1.2.2.2.2.2.2.2.2.1.1.2.2.2.2.3.2.2.2",0.230097721449925,FALSE,TRUE,38
"2.2.2.1.2.2.2.2.2.2.2.2.1.2.1.2.2.2.3.2.2.2",0.119034731899014,FALSE,TRUE,38
"2.2.2.1.2.2.2.2.2.2.2.2.1.2.2.1.2.2.3.2.2.2",0.160716765013016,FALSE,TRUE,38
"2.2.2.1.2.2.2.2.2.2.2.2.1.2.2.2.1.2.3.2.2.2",0.0371483047303855,FALSE,TRUE,38
"2.2.2.1.2.2.2.2.2.2.2.2.1.2.2.2.2.1.3.2.2.2",0.131438988187634,FALSE,TRUE,38
"2.2.2.1.2.2.2.2.2.2.2.2.1.2.2.2.2.2.3.1.2.2",0.147748365596508,FALSE,TRUE,38
"2.2.2.1.2.2.2.2.2.2.2.2.1.2.2.2.2.2.3.2.1.2",0.10076883374444,FALSE,TRUE,38
"2.2.2.1.2.2.2.2.2.2.2.2.1.2.2.2.2.2.3.2.2.1",0.0364414021831685,FALSE,TRUE,38
"4.2.2.2.2.2.2.1.2.2.2.2.1.2.3.2.2.2.2.2.2.2",0.181860853057005,FALSE,TRUE,39
"3.3.2.2.2.2.2.1.2.2.2.2.1.2.3.2.2.2.2.2.2.2",0.364876191621401,FALSE,TRUE,38
"3.2.3.2.2.2.2.1.2.2.2.2.1.2.3.2.2.2.2.2.2.2",0.255931566227043,FALSE,TRUE,38
"3.2.2.3.2.2.2.1.2.2.2.2.1.2.3.2.2.2.2.2.2.2",0.363025987045419,FALSE,TRUE,38
"3.2.2.2.3.2.2.1.2.2.2.2.1.2.3.2.2.2.2.2.2.2",0.228931978017735,FALSE,TRUE,38
"3.2.2.2.2.3.2.1.2.2.2.2.1.2.3.2.2.2.2.2.2.2",0.453339622874987,FALSE,TRUE,39
"3.2.2.2.2.2.3.1.2.2.2.2.1.2.3.2.2.2.2.2.2.2",0.617973543342814,FALSE,TRUE,38
"3.2.2.2.2.2.2.1.3.2.2.2.1.2.3.2.2.2.2.2.2.2",0.27676174761557,FALSE,TRUE,38
"3.2.2.2.2.2.2.1.2.3.2.2.1.2.3.2.2.2.2.2.2.2",0.14157522265406,FALSE,TRUE,38
"3.2.2.2.2.2.2.1.2.2.3.2.1.2.3.2.2.2.2.2.2.2",0.180194216640289,FALSE,TRUE,38
"3.2.2.2.2.2.2.1.2.2.2.3.1.2.3.2.2.2.2.2.2.2",0.5596015324756,FALSE,TRUE,37
"3.2.2.2.2.2.2.1.2.2.2.2.2.2.3.2.2.2.2.2.2.2",0.491088847051218,FALSE,TRUE,39
"3.2.2.2.2.2.2.1.2.2.2.2.1.3.3.2.2.2.2.2.2.2",0.362335711868757,FALSE,TRUE,38
"3.2.2.2.2.2.2.1.2.2.2.2.1.2.4.2.2.2.2.2.2.2",0.397457246135548,FALSE,TRUE,38
"3.2.2.2.2.2.2.1.2.2.2.2.1.2.3.3.2.2.2.2.2.2",0.379543347589059,FALSE,TRUE,38
"3.2.2.2.2.2.2.1.2.2.2.2.1.2.3.2.3.2.2.2.2.2",0.475871760715191,FALSE,TRUE,38
"3.2.2.2.2.2.2.1.2.2.2.2.1.2.3.2.2.3.2.2.2.2",0.292362487829367,FALSE,TRUE,38
"3.2.2.2.2.2.2.1.2.2.2.2.1.2.3.2.2.2.2.3.2.2",0.397417027509179,FALSE,TRUE,38
"3.2.2.2.2.2.2.1.2.2.2.2.1.2.3.2.2.2.2.2.3.2",0.353543468833949,FALSE,TRUE,38
"3.2.2.2.2.2.2.1.2.2.2.2.1.2.3.2.2.2.2.2.2.3",0.464822874808289,FALSE,TRUE,38
"3.1.2.2.2.2.2.1.2.2.2.2.1.2.3.2.2.2.2.2.2.2",0.365114961991192,FALSE,TRUE,37
"3.2.1.2.2.2.2.1.2.2.2.2.1.2.3.2.2.2.2.2.2.2",0.642857508720761,FALSE,TRUE,37
"3.2.2.1.2.2.2.1.2.2.2.2.1.2.3.2.2.2.2.2.2.2",0.535767360137776,FALSE,TRUE,37
"3.2.2.2.2.2.1.1.2.2.2.2.1.2.3.2.2.2.2.2.2.2",0.185011006139256,FALSE,TRUE,37
"3.2.2.2.2.2.2.1.1.2.2.2.1.2.3.2.2.2.2.2.2.2",0.477010710606275,FALSE,TRUE,35
"3.2.2.2.2.2.2.1.2.1.2.2.1.2.3.2.2.2.2.2.2.2",0.348012135134609,FALSE,TRUE,37
"3.2.2.2.2.2.2.1.2.2.1.2.1.2.3.2.2.2.2.2.2.2",0.448838769318511,FALSE,TRUE,37
"3.2.2.2.2.2.2.1.2.2.2.1.1.2.3.2.2.2.2.2.2.2",0.432996991586239,FALSE,TRUE,37
"3.2.2.2.2.2.2.1.2.2.2.2.1.1.3.2.2.2.2.2.2.2",0.410242261974756,FALSE,TRUE,37
"3.2.2.2.2.2.2.1.2.2.2.2.1.2.2.2.2.2.2.2.2.2",0.417401271947503,FALSE,TRUE,36
"3.2.2.2.2.2.2.1.2.2.2.2.1.2.3.1.2.2.2.2.2.2",0.388033516523103,FALSE,TRUE,37
"3.2.2.2.2.2.2.1.2.2.2.2.1.2.3.2.1.2.2.2.2.2",0.242612998588942,FALSE,TRUE,37
"3.2.2.2.2.2.2.1.2.2.2.2.1.2.3.2.2.1.2.2.2.2",0.371286927659244,FALSE,TRUE,37
"3.2.2.2.2.2.2.1.2.2.2.2.1.2.3.2.2.2.1.2.2.2",0.626819494454622,FALSE,TRUE,38
"3.2.2.2.2.2.2.1.2.2.2.2.1.2.3.2.2.2.2.1.2.2",0.358849954483731,FALSE,TRUE,37
"3.2.2.2.2.2.2.1.2.2.2.2.1.2.3.2.2.2.2.2.1.2",0.410549683816485,FALSE,TRUE,37
"3.2.2.2.2.2.2.1.2.2.2.2.1.2.3.2.2.2.2.2.2.1",0.405372240329733,FALSE,TRUE,37
"4.2.2.2.2.2.2.2.1.2.2.2.1.1.2.2.2.2.2.2.2.2",0.47976421704195,FALSE,TRUE,39
"3.3.2.2.2.2.2.2.1.2.2.2.1.1.2.2.2.2.2.2.2.2",-0.0248653635032512,FALSE,TRUE,39
"3.2.3.2.2.2.2.2.1.2.2.2.1.1.2.2.2.2.2.2.2.2",0.378144484721877,FALSE,TRUE,39
"3.2.2.3.2.2.2.2.1.2.2.2.1.1.2.2.2.2.2.2.2.2",0.455805414911546,FALSE,TRUE,39
"3.2.2.2.3.2.2.2.1.2.2.2.1.1.2.2.2.2.2.2.2.2",0.469508006651648,FALSE,TRUE,39
"3.2.2.2.2.3.2.2.1.2.2.2.1.1.2.2.2.2.2.2.2.2",0.270474149906965,FALSE,TRUE,39
"3.2.2.2.2.2.3.2.1.2.2.2.1.1.2.2.2.2.2.2.2.2",0.414577057480464,FALSE,TRUE,38
"3.2.2.2.2.2.2.3.1.2.2.2.1.1.2.2.2.2.2.2.2.2",0.20287616893401,FALSE,TRUE,39
"3.2.2.2.2.2.2.2.2.2.2.2.1.1.2.2.2.2.2.2.2.2",0.489416577441197,FALSE,TRUE,39
"3.2.2.2.2.2.2.2.1.3.2.2.1.1.2.2.2.2.2.2.2.2",0.19753244236872,FALSE,TRUE,39
"3.2.2.2.2.2.2.2.1.2.3.2.1.1.2.2.2.2.2.2.2.2",0.294333750394053,FALSE,TRUE,39
"3.2.2.2.2.2.2.2.1.2.2.3.1.1.2.2.2.2.2.2.2.2",0.322251454579659,FALSE,TRUE,38
"3.2.2.2.2.2.2.2.1.2.2.2.2.1.2.2.2.2.2.2.2.2",0.321566849157925,FALSE,TRUE,40
"3.2.2.2.2.2.2.2.1.2.2.2.1.1.3.2.2.2.2.2.2.2",0.333854628895552,FALSE,TRUE,39
"3.2.2.2.2.2.2.2.1.2.2.2.1.1.2.3.2.2.2.2.2.2",0.0968745418858948,FALSE,TRUE,39
"3.2.2.2.2.2.2.2.1.2.2.2.1.1.2.2.3.2.2.2.2.2",0.357343621425099,FALSE,TRUE,39
"3.2.2.2.2.2.2.2.1.2.2.2.1.1.2.2.2.3.2.2.2.2",0.220452291521835,FALSE,TRUE,39
"3.2.2.2.2.2.2.2.1.2.2.2.1.1.2.2.2.2.3.2.2.2",0.393425175816206,FALSE,TRUE,39
"3.2.2.2.2.2.2.2.1.2.2.2.1.1.2.2.2.2.2.3.2.2",0.383082515509892,FALSE,TRUE,39
"3.2.2.2.2.2.2.2.1.2.2.2.1.1.2.2.2.2.2.2.3.2",0.11622017843451,FALSE,TRUE,39
"3.2.2.2.2.2.2.2.1.2.2.2.1.1.2.2.2.2.2.2.2.3",0.299310481623672,FALSE,TRUE,39
"3.1.2.2.2.2.2.2.1.2.2.2.1.1.2.2.2.2.2.2.2.2",0.507475748746323,FALSE,TRUE,33
"3.2.1.2.2.2.2.2.1.2.2.2.1.1.2.2.2.2.2.2.2.2",0.292379362971739,FALSE,TRUE,38
"3.2.2.1.2.2.2.2.1.2.2.2.1.1.2.2.2.2.2.2.2.2",0.285719576474711,FALSE,TRUE,38
"3.2.2.2.1.2.2.2.1.2.2.2.1.1.2.2.2.2.2.2.2.2",0.185117812068613,FALSE,TRUE,38
"3.2.2.2.2.1.2.2.1.2.2.2.1.1.2.2.2.2.2.2.2.2",0.503102397122165,FALSE,TRUE,38
"3.2.2.2.2.2.1.2.1.2.2.2.1.1.2.2.2.2.2.2.2.2",0.330696597941085,FALSE,TRUE,38
"3.2.2.2.2.2.2.1.1.2.2.2.1.1.2.2.2.2.2.2.2.2",0.241279500176316,FALSE,TRUE,38
"3.2.2.2.2.2.2.2.1.1.2.2.1.1.2.2.2.2.2.2.2.2",0.135218363445142,FALSE,TRUE,38
"3.2.2.2.2.2.2.2.1.2.1.2.1.1.2.2.2.2.2.2.2.2",0.337714232497195,FALSE,TRUE,38
"3.2.2.2.2.2.2.2.1.2.2.1.1.1.2.2.2.2.2.2.2.2",0.352148484529382,FALSE,TRUE,38
"3.2.2.2.2.2.2.2.1.2.2.2.1.1.1.2.2.2.2.2.2.2",0.268748299042797,FALSE,TRUE,37
"3.2.2.2.2.2.2.2.1.2.2.2.1.1.2.1.2.2.2.2.2.2",0.3966436585541,FALSE,TRUE,38
"3.2.2.2.2.2.2.2.1.2.2.2.1.1.2.2.1.2.2.2.2.2",0.060813876064052,FALSE,TRUE,38
"3.2.2.2.2.2.2.2.1.2.2.2.1.1.2.2.2.2.1.2.2.2",0.388452937827546,FALSE,TRUE,38
"3.2.2.2.2.2.2.2.1.2.2.2.1.1.2.2.2.2.2.1.2.2",0.0960747286333917,FALSE,TRUE,38
"3.2.2.2.2.2.2.2.1.2.2.2.1.1.2.2.2.2.2.2.1.2",0.540467292086594,FALSE,TRUE,37
"3.2.2.2.2.2.2.2.1.2.2.2.1.1.2.2.2.2.2.2.2.1",0.285927578697313,FALSE,TRUE,38
"3.1.2.2.2.1.2.2.2.2.2.2.1.2.2.2.2.2.2.2.2.2",0.514363440890098,FALSE,TRUE,36
"2.1.3.2.2.1.2.2.2.2.2.2.1.2.2.2.2.2.2.2.2.2",0.430423969357641,FALSE,TRUE,37
"2.1.2.3.2.1.2.2.2.2.2.2.1.2.2.2.2.2.2.2.2.2",0.489876213273859,FALSE,TRUE,37
"2.1.2.2.3.1.2.2.2.2.2.2.1.2.2.2.2.2.2.2.2.2",0.390122924443263,FALSE,TRUE,37
"2.1.2.2.2.1.3.2.2.2.2.2.1.2.2.2.2.2.2.2.2.2",0.800055716598774,FALSE,TRUE,37
"2.1.2.2.2.1.2.3.2.2.2.2.1.2.2.2.2.2.2.2.2.2",0.526816436370885,FALSE,TRUE,37
"2.1.2.2.2.1.2.2.3.2.2.2.1.2.2.2.2.2.2.2.2.2",0.33901324642295,FALSE,TRUE,38
"2.1.2.2.2.1.2.2.2.3.2.2.1.2.2.2.2.2.2.2.2.2",0.372060739365401,FALSE,TRUE,36
"2.1.2.2.2.1.2.2.2.2.3.2.1.2.2.2.2.2.2.2.2.2",0.459548258883627,FALSE,TRUE,37
"2.1.2.2.2.1.2.2.2.2.2.3.1.2.2.2.2.2.2.2.2.2",0.573818829534197,FALSE,TRUE,37
"2.1.2.2.2.1.2.2.2.2.2.2.2.2.2.2.2.2.2.2.2.2",0.637550613477748,FALSE,TRUE,37
"2.1.2.2.2.1.2.2.2.2.2.2.1.3.2.2.2.2.2.2.2.2",0.575460443608275,FALSE,TRUE,36
"2.1.2.2.2.1.2.2.2.2.2.2.1.2.3.2.2.2.2.2.2.2",0.49807474929254,FALSE,TRUE,36
"2.1.2.2.2.1.2.2.2.2.2.2.1.2.2.3.2.2.2.2.2.2",0.385076666342307,FALSE,TRUE,37
"2.1.2.2.2.1.2.2.2.2.2.2.1.2.2.2.3.2.2.2.2.2",0.396514224538281,FALSE,TRUE,37
"2.1.2.2.2.1.2.2.2.2.2.2.1.2.2.2.2.3.2.2.2.2",0.433257094628069,FALSE,TRUE,37
"2.1.2.2.2.1.2.2.2.2.2.2.1.2.2.2.2.2.2.3.2.2",0.324614154079724,FALSE,TRUE,37
"2.1.2.2.2.1.2.2.2.2.2.2.1.2.2.2.2.2.2.2.3.2",0.496930123230364,FALSE,TRUE,37
"2.1.2.2.2.1.2.2.2.2.2.2.1.2.2.2.2.2.2.2.2.3",0.595944981044762,FALSE,TRUE,37
"1.1.2.2.2.1.2.2.2.2.2.2.1.2.2.2.2.2.2.2.2.2",0.443336252765363,FALSE,TRUE,36
"2.1.1.2.2.1.2.2.2.2.2.2.1.2.2.2.2.2.2.2.2.2",0.527233204344312,FALSE,TRUE,36
"2.1.2.1.2.1.2.2.2.2.2.2.1.2.2.2.2.2.2.2.2.2",0.425164555473677,FALSE,TRUE,36
"2.1.2.2.1.1.2.2.2.2.2.2.1.2.2.2.2.2.2.2.2.2",0.541193406472159,FALSE,TRUE,36
"2.1.2.2.2.1.1.2.2.2.2.2.1.2.2.2.2.2.2.2.2.2",0.253887317570167,FALSE,TRUE,36
"2.1.2.2.2.1.2.1.2.2.2.2.1.2.2.2.2.2.2.2.2.2",0.245774582092912,FALSE,TRUE,36
"2.1.2.2.2.1.2.2.2.1.2.2.1.2.2.2.2.2.2.2.2.2",0.246615870409648,FALSE,TRUE,36
"2.1.2.2.2.1.2.2.2.2.1.2.1.2.2.2.2.2.2.2.2.2",0.208855114762854,FALSE,TRUE,36
"2.1.2.2.2.1.2.2.2.2.2.1.1.2.2.2.2.2.2.2.2.2",0.447581576146702,FALSE,TRUE,36
"2.1.2.2.2.1.2.2.2.2.2.2.1.1.2.2.2.2.2.2.2.2",0.377421265085187,FALSE,TRUE,36
"2.1.2.2.2.1.2.2.2.2.2.2.1.2.1.2.2.2.2.2.2.2",0.462171844587419,FALSE,TRUE,36
"2.1.2.2.2.1.2.2.2.2.2.2.1.2.2.1.2.2.2.2.2.2",0.524041794004102,FALSE,TRUE,36
"2.1.2.2.2.1.2.2.2.2.2.2.1.2.2.2.1.2.2.2.2.2",0.349622190187016,FALSE,TRUE,36
"2.1.2.2.2.1.2.2.2.2.2.2.1.2.2.2.2.1.2.2.2.2",0.419363636115681,FALSE,TRUE,36
"2.1.2.2.2.1.2.2.2.2.2.2.1.2.2.2.2.2.1.2.2.2",0.477651779852108,FALSE,TRUE,37
"2.1.2.2.2.1.2.2.2.2.2.2.1.2.2.2.2.2.2.1.2.2",0.496275953868991,FALSE,TRUE,36
"2.1.2.2.2.1.2.2.2.2.2.2.1.2.2.2.2.2.2.2.1.2",0.581992001015658,FALSE,TRUE,36
"2.1.2.2.2.1.2.2.2.2.2.2.1.2.2.2.2.2.2.2.2.1",0.462187302004997,FALSE,TRUE,36
"3.1.2.2.2.1.2.2.1.2.2.2.1.2.2.2.2.2.2.2.2.2",0.635039337345263,FALSE,TRUE,32
"2.1.3.2.2.1.2.2.1.2.2.2.1.2.2.2.2.2.2.2.2.2",0.530113842966787,FALSE,TRUE,36
"2.1.2.3.2.1.2.2.1.2.2.2.1.2.2.2.2.2.2.2.2.2",0.497953146693856,FALSE,TRUE,36
"2.1.2.2.3.1.2.2.1.2.2.2.1.2.2.2.2.2.2.2.2.2",0.53681635233953,FALSE,TRUE,36
"2.1.2.2.2.1.3.2.1.2.2.2.1.2.2.2.2.2.2.2.2.2",0.639358029140915,FALSE,TRUE,36
"2.1.2.2.2.1.2.3.1.2.2.2.1.2.2.2.2.2.2.2.2.2",0.526632804779431,FALSE,TRUE,36
"2.1.2.2.2.1.2.2.1.3.2.2.1.2.2.2.2.2.2.2.2.2",0.598872107409187,FALSE,TRUE,36
"2.1.2.2.2.1.2.2.1.2.3.2.1.2.2.2.2.2.2.2.2.2",0.477132030691138,FALSE,TRUE,36
"2.1.2.2.2.1.2.2.1.2.2.2.2.2.2.2.2.2.2.2.2.2",0.467869058017754,FALSE,TRUE,37
"2.1.2.2.2.1.2.2.1.2.2.2.1.3.2.2.2.2.2.2.2.2",0.59433847338207,FALSE,TRUE,36
"2.1.2.2.2.1.2.2.1.2.2.2.1.2.2.3.2.2.2.2.2.2",0.258777121412676,FALSE,TRUE,36
"2.1.2.2.2.1.2.2.1.2.2.2.1.2.2.2.3.2.2.2.2.2",0.451353619336237,FALSE,TRUE,36
"2.1.2.2.2.1.2.2.1.2.2.2.1.2.2.2.2.3.2.2.2.2",0.539583937631218,FALSE,TRUE,36
"2.1.2.2.2.1.2.2.1.2.2.2.1.2.2.2.2.2.3.2.2.2",0.520404683151352,FALSE,TRUE,35
"2.1.2.2.2.1.2.2.1.2.2.2.1.2.2.2.2.2.2.3.2.2",0.485545759208044,FALSE,TRUE,36
"2.1.2.2.2.1.2.2.1.2.2.2.1.2.2.2.2.2.2.2.3.2",0.420185411207955,FALSE,TRUE,36
"2.1.2.2.2.1.2.2.1.2.2.2.1.2.2.2.2.2.2.2.2.3",0.534183809435014,FALSE,TRUE,36
"1.1.2.2.2.1.2.2.1.2.2.2.1.2.2.2.2.2.2.2.2.2",0.254345054236777,FALSE,TRUE,34
"2.1.1.2.2.1.2.2.1.2.2.2.1.2.2.2.2.2.2.2.2.2",0.365986981297852,FALSE,TRUE,35
"2.1.2.1.2.1.2.2.1.2.2.2.1.2.2.2.2.2.2.2.2.2",0.342938532751192,FALSE,TRUE,34
"2.1.2.2.1.1.2.2.1.2.2.2.1.2.2.2.2.2.2.2.2.2",0.30173863453401,FALSE,TRUE,35
"2.1.2.2.2.1.1.2.1.2.2.2.1.2.2.2.2.2.2.2.2.2",0.309303879533981,FALSE,TRUE,35
"2.1.2.2.2.1.2.1.1.2.2.2.1.2.2.2.2.2.2.2.2.2",0.160864307618625,FALSE,TRUE,35
"2.1.2.2.2.1.2.2.1.1.2.2.1.2.2.2.2.2.2.2.2.2",-0.0246642520276232,FALSE,TRUE,35
"2.1.2.2.2.1.2.2.1.2.1.2.1.2.2.2.2.2.2.2.2.2",0.111619994252524,FALSE,TRUE,35
"2.1.2.2.2.1.2.2.1.2.2.1.1.2.2.2.2.2.2.2.2.2",0.37620320291951,FALSE,TRUE,36
"2.1.2.2.2.1.2.2.1.2.2.2.1.1.2.2.2.2.2.2.2.2",0.303607849824871,FALSE,TRUE,35
"2.1.2.2.2.1.2.2.1.2.2.2.1.2.1.2.2.2.2.2.2.2",0.389645858563807,FALSE,TRUE,34
"2.1.2.2.2.1.2.2.1.2.2.2.1.2.2.1.2.2.2.2.2.2",0.46010798194192,FALSE,TRUE,35
"2.1.2.2.2.1.2.2.1.2.2.2.1.2.2.2.1.2.2.2.2.2",0.186084339581615,FALSE,TRUE,35
"2.1.2.2.2.1.2.2.1.2.2.2.1.2.2.2.2.1.2.2.2.2",0.227006384987597,FALSE,TRUE,33
"2.1.2.2.2.1.2.2.1.2.2.2.1.2.2.2.2.2.1.2.2.2",0.296164522378539,FALSE,TRUE,35
"2.1.2.2.2.1.2.2.1.2.2.2.1.2.2.2.2.2.2.1.2.2",0.264375131899578,FALSE,TRUE,35
"2.1.2.2.2.1.2.2.1.2.2.2.1.2.2.2.2.2.2.2.1.2",0.571171116007422,FALSE,TRUE,34
"2.1.2.2.2.1.2.2.1.2.2.2.1.2.2.2.2.2.2.2.2.1",0.395529766452112,FALSE,TRUE,35
"3.2.2.2.2.2.2.2.3.2.2.2.2.2.2.2.2.2.2.1.2.2",0.17545696588038,FALSE,TRUE,40
"2.3.2.2.2.2.2.2.3.2.2.2.2.2.2.2.2.2.2.1.2.2",0.15930805148069,FALSE,TRUE,40
"2.2.3.2.2.2.2.2.3.2.2.2.2.2.2.2.2.2.2.1.2.2",0.114532758031558,FALSE,TRUE,40
"2.2.2.3.2.2.2.2.3.2.2.2.2.2.2.2.2.2.2.1.2.2",0.350373763309359,FALSE,TRUE,40
"2.2.2.2.3.2.2.2.3.2.2.2.2.2.2.2.2.2.2.1.2.2",0.214038942619721,FALSE,TRUE,40
"2.2.2.2.2.3.2.2.3.2.2.2.2.2.2.2.2.2.2.1.2.2",0.238179235364206,FALSE,TRUE,40
"2.2.2.2.2.2.3.2.3.2.2.2.2.2.2.2.2.2.2.1.2.2",0.244072965450415,FALSE,TRUE,40
"2.2.2.2.2.2.2.3.3.2.2.2.2.2.2.2.2.2.2.1.2.2",0.356461074505051,FALSE,TRUE,40
"2.2.2.2.2.2.2.2.4.2.2.2.2.2.2.2.2.2.2.1.2.2",0.306684824820018,FALSE,TRUE,41
"2.2.2.2.2.2.2.2.3.3.2.2.2.2.2.2.2.2.2.1.2.2",0.236072618548605,FALSE,TRUE,40
"2.2.2.2.2.2.2.2.3.2.3.2.2.2.2.2.2.2.2.1.2.2",0.0469078429647042,FALSE,TRUE,40
"2.2.2.2.2.2.2.2.3.2.2.3.2.2.2.2.2.2.2.1.2.2",0.301330393767038,FALSE,TRUE,40
"2.2.2.2.2.2.2.2.3.2.2.2.3.2.2.2.2.2.2.1.2.2",0.333400237945562,FALSE,TRUE,40
"2.2.2.2.2.2.2.2.3.2.2.2.2.3.2.2.2.2.2.1.2.2",0.121491900426442,FALSE,TRUE,40
"2.2.2.2.2.2.2.2.3.2.2.2.2.2.2.3.2.2.2.1.2.2",0.200078383781132,FALSE,TRUE,38
"2.2.2.2.2.2.2.2.3.2.2.2.2.2.2.2.3.2.2.1.2.2",0.453776290137888,FALSE,TRUE,40
"2.2.2.2.2.2.2.2.3.2.2.2.2.2.2.2.2.3.2.1.2.2",0.293901141102434,FALSE,TRUE,40
"2.2.2.2.2.2.2.2.3.2.2.2.2.2.2.2.2.2.3.1.2.2",0.147468274165815,FALSE,TRUE,40
"2.2.2.2.2.2.2.2.3.2.2.2.2.2.2.2.2.2.2.1.3.2",0.131341282597572,FALSE,TRUE,40
"2.2.2.2.2.2.2.2.3.2.2.2.2.2.2.2.2.2.2.1.2.3",0.454520720255592,FALSE,TRUE,40
"1.2.2.2.2.2.2.2.3.2.2.2.2.2.2.2.2.2.2.1.2.2",0.144419249452717,FALSE,TRUE,39
"2.1.2.2.2.2.2.2.3.2.2.2.2.2.2.2.2.2.2.1.2.2",0.53540822627979,FALSE,TRUE,38
"2.2.1.2.2.2.2.2.3.2.2.2.2.2.2.2.2.2.2.1.2.2",0.510979045074172,FALSE,TRUE,39
"2.2.2.1.2.2.2.2.3.2.2.2.2.2.2.2.2.2.2.1.2.2",0.419069611902364,FALSE,TRUE,39
"2.2.2.2.1.2.2.2.3.2.2.2.2.2.2.2.2.2.2.1.2.2",0.387682639476853,FALSE,TRUE,39
"2.2.2.2.2.1.2.2.3.2.2.2.2.2.2.2.2.2.2.1.2.2",0.411267795826968,FALSE,TRUE,38
"2.2.2.2.2.2.1.2.3.2.2.2.2.2.2.2.2.2.2.1.2.2",0.231470468100831,FALSE,TRUE,39
"2.2.2.2.2.2.2.1.3.2.2.2.2.2.2.2.2.2.2.1.2.2",0.375240764391578,FALSE,TRUE,38
"2.2.2.2.2.2.2.2.3.1.2.2.2.2.2.2.2.2.2.1.2.2",0.222398364504761,FALSE,TRUE,39
"2.2.2.2.2.2.2.2.3.2.1.2.2.2.2.2.2.2.2.1.2.2",0.512401902471438,FALSE,TRUE,39
"2.2.2.2.2.2.2.2.3.2.2.1.2.2.2.2.2.2.2.1.2.2",0.381518416144792,FALSE,TRUE,39
"2.2.2.2.2.2.2.2.3.2.2.2.1.2.2.2.2.2.2.1.2.2",0.358023583093054,FALSE,TRUE,38
"2.2.2.2.2.2.2.2.3.2.2.2.2.1.2.2.2.2.2.1.2.2",0.498107902672785,FALSE,TRUE,39
"2.2.2.2.2.2.2.2.3.2.2.2.2.2.1.2.2.2.2.1.2.2",0.180870024161629,FALSE,TRUE,40
"2.2.2.2.2.2.2.2.3.2.2.2.2.2.2.1.2.2.2.1.2.2",0.302678073312071,FALSE,TRUE,39
"2.2.2.2.2.2.2.2.3.2.2.2.2.2.2.2.1.2.2.1.2.2",0.0434632460572235,FALSE,TRUE,39
"2.2.2.2.2.2.2.2.3.2.2.2.2.2.2.2.2.1.2.1.2.2",0.358820885705482,FALSE,TRUE,39
"2.2.2.2.2.2.2.2.3.2.2.2.2.2.2.2.2.2.1.1.2.2",0.504231161040664,FALSE,TRUE,39
"2.2.2.2.2.2.2.2.3.2.2.2.2.2.2.2.2.2.2.1.1.2",0.355713236988341,FALSE,TRUE,39
"2.2.2.2.2.2.2.2.3.2.2.2.2.2.2.2.2.2.2.1.2.1",0.211817638178646,FALSE,TRUE,39
"3.2.2.2.2.2.2.2.3.2.2.2.2.2.3.2.2.2.2.1.2.2",0.19837442904128,FALSE,TRUE,40
"2.3.2.2.2.2.2.2.3.2.2.2.2.2.3.2.2.2.2.1.2.2",0.409966101768698,FALSE,TRUE,40
"2.2.3.2.2.2.2.2.3.2.2.2.2.2.3.2.2.2.2.1.2.2",0.273869201648602,FALSE,TRUE,40
"2.2.2.3.2.2.2.2.3.2.2.2.2.2.3.2.2.2.2.1.2.2",0.493631760081745,FALSE,TRUE,40
"2.2.2.2.3.2.2.2.3.2.2.2.2.2.3.2.2.2.2.1.2.2",0.196537351185045,FALSE,TRUE,40
"2.2.2.2.2.3.2.2.3.2.2.2.2.2.3.2.2.2.2.1.2.2",0.325388614406332,FALSE,TRUE,40
"2.2.2.2.2.2.3.2.3.2.2.2.2.2.3.2.2.2.2.1.2.2",0.363573880134848,FALSE,TRUE,40
"2.2.2.2.2.2.2.3.3.2.2.2.2.2.3.2.2.2.2.1.2.2",0.289406234676049,FALSE,TRUE,39
"2.2.2.2.2.2.2.2.4.2.2.2.2.2.3.2.2.2.2.1.2.2",0.29173893849928,FALSE,TRUE,40
"2.2.2.2.2.2.2.2.3.3.2.2.2.2.3.2.2.2.2.1.2.2",0.222302353048953,FALSE,TRUE,40
"2.2.2.2.2.2.2.2.3.2.3.2.2.2.3.2.2.2.2.1.2.2",0.0782061662785931,FALSE,TRUE,40
"2.2.2.2.2.2.2.2.3.2.2.3.2.2.3.2.2.2.2.1.2.2",0.341148655746196,FALSE,TRUE,40
"2.2.2.2.2.2.2.2.3.2.2.2.3.2.3.2.2.2.2.1.2.2",0.560792306200619,FALSE,TRUE,40
"2.2.2.2.2.2.2.2.3.2.2.2.2.3.3.2.2.2.2.1.2.2",0.219392744043482,FALSE,TRUE,40
"2.2.2.2.2.2.2.2.3.2.2.2.2.2.4.2.2.2.2.1.2.2",0.406818501485498,FALSE,TRUE,41
"2.2.2.2.2.2.2.2.3.2.2.2.2.2.3.2.3.2.2.1.2.2",0.457920446913566,FALSE,TRUE,40
"2.2.2.2.2.2.2.2.3.2.2.2.2.2.3.2.2.3.2.1.2.2",0.451289826847143,FALSE,TRUE,40
"2.2.2.2.2.2.2.2.3.2.2.2.2.2.3.2.2.2.3.1.2.2",0.25043480606788,FALSE,TRUE,40
"2.2.2.2.2.2.2.2.3.2.2.2.2.2.3.2.2.2.2.2.2.2",0.339552664700861,FALSE,TRUE,39
"2.2.2.2.2.2.2.2.3.2.2.2.2.2.3.2.2.2.2.1.3.2",0.427261641742567,FALSE,TRUE,40
"2.2.2.2.2.2.2.2.3.2.2.2.2.2.3.2.2.2.2.1.2.3",0.558704787598167,FALSE,TRUE,40
"1.2.2.2.2.2.2.2.3.2.2.2.2.2.3.2.2.2.2.1.2.2",0.304699145790072,FALSE,TRUE,39
"2.1.2.2.2.2.2.2.3.2.2.2.2.2.3.2.2.2.2.1.2.2",0.419823934740338,FALSE,TRUE,39
"2.2.1.2.2.2.2.2.3.2.2.2.2.2.3.2.2.2.2.1.2.2",0.471951356209869,FALSE,TRUE,39
"2.2.2.1.2.2.2.2.3.2.2.2.2.2.3.2.2.2.2.1.2.2",0.425974577707645,FALSE,TRUE,39
"2.2.2.2.1.2.2.2.3.2.2.2.2.2.3.2.2.2.2.1.2.2",0.52212543858102,FALSE,TRUE,39
"2.2.2.2.2.1.2.2.3.2.2.2.2.2.3.2.2.2.2.1.2.2",0.45320266199952,FALSE,TRUE,39
"2.2.2.2.2.2.1.2.3.2.2.2.2.2.3.2.2.2.2.1.2.2",0.248579640306309,FALSE,TRUE,39
"2.2.2.2.2.2.2.1.3.2.2.2.2.2.3.2.2.2.2.1.2.2",0.539032680570579,FALSE,TRUE,38
"2.2.2.2.2.2.2.2.3.1.2.2.2.2.3.2.2.2.2.1.2.2",0.329416003451059,FALSE,TRUE,39
"2.2.2.2.2.2.2.2.3.2.1.2.2.2.3.2.2.2.2.1.2.2",0.568587312037475,FALSE,TRUE,39
"2.2.2.2.2.2.2.2.3.2.2.1.2.2.3.2.2.2.2.1.2.2",0.484281206276302,FALSE,TRUE,39
"2.2.2.2.2.2.2.2.3.2.2.2.1.2.3.2.2.2.2.1.2.2",0.336157933861612,FALSE,TRUE,37
"2.2.2.2.2.2.2.2.3.2.2.2.2.1.3.2.2.2.2.1.2.2",0.48866308672294,FALSE,TRUE,39
"2.2.2.2.2.2.2.2.3.2.2.2.2.2.3.1.2.2.2.1.2.2",0.262664973655021,FALSE,TRUE,40
"2.2.2.2.2.2.2.2.3.2.2.2.2.2.3.2.1.2.2.1.2.2",0.176958559384141,FALSE,TRUE,39
"2.2.2.2.2.2.2.2.3.2.2.2.2.2.3.2.2.1.2.1.2.2",0.34438496154319,FALSE,TRUE,39
"2.2.2.2.2.2.2.2.3.2.2.2.2.2.3.2.2.2.1.1.2.2",0.538061362732611,FALSE,TRUE,39
"2.2.2.2.2.2.2.2.3.2.2.2.2.2.3.2.2.2.2.1.1.2",0.251267110319487,FALSE,TRUE,39
"2.2.2.2.2.2.2.2.3.2.2.2.2.2.3.2.2.2.2.1.2.1",0.29604449375878,FALSE,TRUE,39
"3.2.2.2.2.2.2.2.2.2.2.2.1.2.2.3.2.2.3.2.2.2",0.243051854317976,FALSE,TRUE,41
"2.3.2.2.2.2.2.2.2.2.2.2.1.2.2.3.2.2.3.2.2.2",-0.236363662699937,FALSE,TRUE,41
"2.2.3.2.2.2.2.2.2.2.2.2.1.2.2.3.2.2.3.2.2.2",-0.114119407413823,FALSE,TRUE,41
"2.2.2.3.2.2.2.2.2.2.2.2.1.2.2.3.2.2.3.2.2.2",0.00301797331351224,FALSE,TRUE,41
"2.2.2.2.2.3.2.2.2.2.2.2.1.2.2.3.2.2.3.2.2.2",0.0997631691034375,FALSE,TRUE,41
"2.2.2.2.2.2.3.2.2.2.2.2.1.2.2.3.2.2.3.2.2.2",0.068976765559445,FALSE,TRUE,41
"2.2.2.2.2.2.2.3.2.2.2.2.1.2.2.3.2.2.3.2.2.2",0.0467938666661316,FALSE,TRUE,41
"2.2.2.2.2.2.2.2.3.2.2.2.1.2.2.3.2.2.3.2.2.2",0.164614543717497,FALSE,TRUE,41
"2.2.2.2.2.2.2.2.2.3.2.2.1.2.2.3.2.2.3.2.2.2",-0.0668889757065891,FALSE,TRUE,40
"2.2.2.2.2.2.2.2.2.2.3.2.1.2.2.3.2.2.3.2.2.2",0.177937733598292,FALSE,TRUE,41
"2.2.2.2.2.2.2.2.2.2.2.3.1.2.2.3.2.2.3.2.2.2",0.20463263765577,FALSE,TRUE,41
"2.2.2.2.2.2.2.2.2.2.2.2.1.3.2.3.2.2.3.2.2.2",0.00194140538576243,FALSE,TRUE,40
"2.2.2.2.2.2.2.2.2.2.2.2.1.2.3.3.2.2.3.2.2.2",0.276196156316308,FALSE,TRUE,40
"2.2.2.2.2.2.2.2.2.2.2.2.1.2.2.4.2.2.3.2.2.2",0.0812161998729693,FALSE,TRUE,42
"2.2.2.2.2.2.2.2.2.2.2.2.1.2.2.3.3.2.3.2.2.2",0.0931422486516148,FALSE,TRUE,39
"2.2.2.2.2.2.2.2.2.2.2.2.1.2.2.3.2.3.3.2.2.2",-0.0866684440765729,FALSE,TRUE,41
"2.2.2.2.2.2.2.2.2.2.2.2.1.2.2.3.2.2.4.2.2.2",0.143763001277067,FALSE,TRUE,41
"2.2.2.2.2.2.2.2.2.2.2.2.1.2.2.3.2.2.3.3.2.2",0.0300200396787074,FALSE,TRUE,41
"2.2.2.2.2.2.2.2.2.2.2.2.1.2.2.3.2.2.3.2.3.2",-0.287701048297841,FALSE,TRUE,41
"2.2.2.2.2.2.2.2.2.2.2.2.1.2.2.3.2.2.3.2.2.3",0.180065608271644,FALSE,TRUE,41
"1.2.2.2.2.2.2.2.2.2.2.2.1.2.2.3.2.2.3.2.2.2",0.0959797027382172,FALSE,TRUE,40
"2.1.2.2.2.2.2.2.2.2.2.2.1.2.2.3.2.2.3.2.2.2",0.48976920400785,FALSE,TRUE,39
"2.2.1.2.2.2.2.2.2.2.2.2.1.2.2.3.2.2.3.2.2.2",0.305382650702074,FALSE,TRUE,40
"2.2.2.2.1.2.2.2.2.2.2.2.1.2.2.3.2.2.3.2.2.2",0.060202708946392,FALSE,TRUE,40
"2.2.2.2.2.1.2.2.2.2.2.2.1.2.2.3.2.2.3.2.2.2",0.17661679607534,FALSE,TRUE,38
"2.2.2.2.2.2.1.2.2.2.2.2.1.2.2.3.2.2.3.2.2.2",0.191913150099766,FALSE,TRUE,40
"2.2.2.2.2.2.2.1.2.2.2.2.1.2.2.3.2.2.3.2.2.2",0.122040907526222,FALSE,TRUE,40
"2.2.2.2.2.2.2.2.1.2.2.2.1.2.2.3.2.2.3.2.2.2",0.12215890620085,FALSE,TRUE,39
"2.2.2.2.2.2.2.2.2.1.2.2.1.2.2.3.2.2.3.2.2.2",0.129898409540533,FALSE,TRUE,40
"2.2.2.2.2.2.2.2.2.2.1.2.1.2.2.3.2.2.3.2.2.2",0.251927476385674,FALSE,TRUE,40
"2.2.2.2.2.2.2.2.2.2.2.1.1.2.2.3.2.2.3.2.2.2",0.00979855234204439,FALSE,TRUE,40
"2.2.2.2.2.2.2.2.2.2.2.2.1.1.2.3.2.2.3.2.2.2",0.308580246455696,FALSE,TRUE,40
"2.2.2.2.2.2.2.2.2.2.2.2.1.2.1.3.2.2.3.2.2.2",0.0128975485753263,FALSE,TRUE,40
"2.2.2.2.2.2.2.2.2.2.2.2.1.2.2.3.1.2.3.2.2.2",0.162370799804022,FALSE,TRUE,40
"2.2.2.2.2.2.2.2.2.2.2.2.1.2.2.3.2.1.3.2.2.2",0.270990847749558,FALSE,TRUE,40
"2.2.2.2.2.2.2.2.2.2.2.2.1.2.2.3.2.2.3.1.2.2",0.15609845970719,FALSE,TRUE,40
"2.2.2.2.2.2.2.2.2.2.2.2.1.2.2.3.2.2.3.2.1.2",0.455525659145691,FALSE,TRUE,40
"2.2.2.2.2.2.2.2.2.2.2.2.1.2.2.3.2.2.3.2.2.1",0.0726871426848295,FALSE,TRUE,40
"3.2.2.2.2.2.2.2.2.2.2.2.1.3.2.2.2.2.2.2.2.2",0.144592815401998,FALSE,TRUE,39
"2.3.2.2.2.2.2.2.2.2.2.2.1.3.2.2.2.2.2.2.2.2",0.00609239195631569,FALSE,TRUE,40
"2.2.3.2.2.2.2.2.2.2.2.2.1.3.2.2.2.2.2.2.2.2",0.0909194426419193,FALSE,TRUE,40
"2.2.2.3.2.2.2.2.2.2.2.2.1.3.2.2.2.2.2.2.2.2",0.20351400011559,FALSE,TRUE,40
"2.2.2.2.3.2.2.2.2.2.2.2.1.3.2.2.2.2.2.2.2.2",0.162347148651088,FALSE,TRUE,39
"2.2.2.2.2.3.2.2.2.2.2.2.1.3.2.2.2.2.2.2.2.2",0.18633027380961,FALSE,TRUE,40
"2.2.2.2.2.2.3.2.2.2.2.2.1.3.2.2.2.2.2.2.2.2",0.234172764161012,FALSE,TRUE,40
"2.2.2.2.2.2.2.3.2.2.2.2.1.3.2.2.2.2.2.2.2.2",0.193995900056073,FALSE,TRUE,40
"2.2.2.2.2.2.2.2.3.2.2.2.1.3.2.2.2.2.2.2.2.2",0.198569200532371,FALSE,TRUE,40
"2.2.2.2.2.2.2.2.2.3.2.2.1.3.2.2.2.2.2.2.2.2",0.0746925482009806,FALSE,TRUE,40
"2.2.2.2.2.2.2.2.2.2.3.2.1.3.2.2.2.2.2.2.2.2",-0.0112186415502049,FALSE,TRUE,40
"2.2.2.2.2.2.2.2.2.2.2.3.1.3.2.2.2.2.2.2.2.2",0.0905891501873999,FALSE,TRUE,39
"2.2.2.2.2.2.2.2.2.2.2.2.1.4.2.2.2.2.2.2.2.2",0.148343650240866,FALSE,TRUE,41
"2.2.2.2.2.2.2.2.2.2.2.2.1.3.2.3.2.2.2.2.2.2",0.18040278930973,FALSE,TRUE,38
"2.2.2.2.2.2.2.2.2.2.2.2.1.3.2.2.3.2.2.2.2.2",0.397296370520531,FALSE,TRUE,40
"2.2.2.2.2.2.2.2.2.2.2.2.1.3.2.2.2.3.2.2.2.2",0.0683641429701227,FALSE,TRUE,41
"2.2.2.2.2.2.2.2.2.2.2.2.1.3.2.2.2.2.2.3.2.2",0.246834503388105,FALSE,TRUE,40
"2.2.2.2.2.2.2.2.2.2.2.2.1.3.2.2.2.2.2.2.3.2",-0.00683235861343885,FALSE,TRUE,40
"2.2.2.2.2.2.2.2.2.2.2.2.1.3.2.2.2.2.2.2.2.3",0.394376480934161,FALSE,TRUE,40
"1.2.2.2.2.2.2.2.2.2.2.2.1.3.2.2.2.2.2.2.2.2",-0.0222569502142761,FALSE,TRUE,39
"2.1.2.2.2.2.2.2.2.2.2.2.1.3.2.2.2.2.2.2.2.2",0.557074225412868,FALSE,TRUE,37
"2.2.1.2.2.2.2.2.2.2.2.2.1.3.2.2.2.2.2.2.2.2",0.312002991209629,FALSE,TRUE,39
"2.2.2.1.2.2.2.2.2.2.2.2.1.3.2.2.2.2.2.2.2.2",0.281804601381797,FALSE,TRUE,37
"2.2.2.2.1.2.2.2.2.2.2.2.1.3.2.2.2.2.2.2.2.2",0.270103880134422,FALSE,TRUE,39
"2.2.2.2.2.2.1.2.2.2.2.2.1.3.2.2.2.2.2.2.2.2",0.158432607051465,FALSE,TRUE,39
"2.2.2.2.2.2.2.1.2.2.2.2.1.3.2.2.2.2.2.2.2.2",0.277405288339036,FALSE,TRUE,38
"2.2.2.2.2.2.2.2.2.1.2.2.1.3.2.2.2.2.2.2.2.2",0.334848635721934,FALSE,TRUE,39
"2.2.2.2.2.2.2.2.2.2.1.2.1.3.2.2.2.2.2.2.2.2",0.390002419713094,FALSE,TRUE,39
"2.2.2.2.2.2.2.2.2.2.2.1.1.3.2.2.2.2.2.2.2.2",0.250538710368524,FALSE,TRUE,39
"2.2.2.2.2.2.2.2.2.2.2.2.1.3.1.2.2.2.2.2.2.2",0.19424872292786,FALSE,TRUE,39
"2.2.2.2.2.2.2.2.2.2.2.2.1.3.2.1.2.2.2.2.2.2",0.170233022798356,FALSE,TRUE,39
"2.2.2.2.2.2.2.2.2.2.2.2.1.3.2.2.1.2.2.2.2.2",0.0407319826380926,FALSE,TRUE,39
"2.2.2.2.2.2.2.2.2.2.2.2.1.3.2.2.2.2.1.2.2.2",0.365986904988227,FALSE,TRUE,39
"2.2.2.2.2.2.2.2.2.2.2.2.1.3.2.2.2.2.2.1.2.2",0.248272582207131,FALSE,TRUE,38
"2.2.2.2.2.2.2.2.2.2.2.2.1.3.2.2.2.2.2.2.1.2",0.308344524203127,FALSE,TRUE,39
"2.2.2.2.2.2.2.2.2.2.2.2.1.3.2.2.2.2.2.2.2.1",0.0970825925330127,FALSE,TRUE,39
"4.1.2.2.2.2.2.2.1.2.2.2.1.2.2.2.2.2.2.2.2.2",0.398949562322041,FALSE,TRUE,35
"3.1.3.2.2.2.2.2.1.2.2.2.1.2.2.2.2.2.2.2.2.2",0.495614463889341,FALSE,TRUE,34
"3.1.2.3.2.2.2.2.1.2.2.2.1.2.2.2.2.2.2.2.2.2",0.565324050604519,FALSE,TRUE,34
"3.1.2.2.3.2.2.2.1.2.2.2.1.2.2.2.2.2.2.2.2.2",0.458424016918724,FALSE,TRUE,34
"3.1.2.2.2.3.2.2.1.2.2.2.1.2.2.2.2.2.2.2.2.2",0.401018483429655,FALSE,TRUE,33
"3.1.2.2.2.2.3.2.1.2.2.2.1.2.2.2.2.2.2.2.2.2",0.599270790224189,FALSE,TRUE,34
"3.1.2.2.2.2.2.3.1.2.2.2.1.2.2.2.2.2.2.2.2.2",0.388513015773561,FALSE,TRUE,34
"3.1.2.2.2.2.2.2.2.2.2.2.1.2.2.2.2.2.2.2.2.2",0.592781721592316,FALSE,TRUE,34
"3.1.2.2.2.2.2.2.1.3.2.2.1.2.2.2.2.2.2.2.2.2",0.475228704167846,FALSE,TRUE,34
"3.1.2.2.2.2.2.2.1.2.3.2.1.2.2.2.2.2.2.2.2.2",0.281350196207875,FALSE,TRUE,34
"3.1.2.2.2.2.2.2.1.2.2.2.2.2.2.2.2.2.2.2.2.2",0.511749724274919,FALSE,TRUE,35
"3.1.2.2.2.2.2.2.1.2.2.2.1.3.2.2.2.2.2.2.2.2",0.479215666208456,FALSE,TRUE,34
"3.1.2.2.2.2.2.2.1.2.2.2.1.2.2.3.2.2.2.2.2.2",0.24878220716219,FALSE,TRUE,34
"3.1.2.2.2.2.2.2.1.2.2.2.1.2.2.2.3.2.2.2.2.2",0.625550682167794,FALSE,TRUE,34
"3.1.2.2.2.2.2.2.1.2.2.2.1.2.2.2.2.3.2.2.2.2",0.593052410599558,FALSE,TRUE,35
"3.1.2.2.2.2.2.2.1.2.2.2.1.2.2.2.2.2.3.2.2.2",0.479473963151285,FALSE,TRUE,34
"3.1.2.2.2.2.2.2.1.2.2.2.1.2.2.2.2.2.2.3.2.2",0.695440712097552,FALSE,TRUE,34
"3.1.2.2.2.2.2.2.1.2.2.2.1.2.2.2.2.2.2.2.3.2",0.435720403368911,FALSE,TRUE,35
"3.1.2.2.2.2.2.2.1.2.2.2.1.2.2.2.2.2.2.2.2.3",0.51416695647918,FALSE,TRUE,34
"3.1.1.2.2.2.2.2.1.2.2.2.1.2.2.2.2.2.2.2.2.2",0.468680410938926,FALSE,TRUE,33
"3.1.2.1.2.2.2.2.1.2.2.2.1.2.2.2.2.2.2.2.2.2",0.30000890740986,FALSE,TRUE,33
"3.1.2.2.1.2.2.2.1.2.2.2.1.2.2.2.2.2.2.2.2.2",0.472364472089083,FALSE,TRUE,33
"3.1.2.2.2.2.1.2.1.2.2.2.1.2.2.2.2.2.2.2.2.2",0.432208287461313,FALSE,TRUE,33
"3.1.2.2.2.2.2.1.1.2.2.2.1.2.2.2.2.2.2.2.2.2",0.383926478316083,FALSE,TRUE,33
"3.1.2.2.2.2.2.2.1.1.2.2.1.2.2.2.2.2.2.2.2.2",0.172539295891819,FALSE,TRUE,33
"3.1.2.2.2.2.2.2.1.2.1.2.1.2.2.2.2.2.2.2.2.2",0.440439671429966,FALSE,TRUE,33
"3.1.2.2.2.2.2.2.1.2.2.1.1.2.2.2.2.2.2.2.2.2",0.370803456195904,FALSE,TRUE,34
"3.1.2.2.2.2.2.2.1.2.2.2.1.2.2.1.2.2.2.2.2.2",0.485758088053498,FALSE,TRUE,33
"3.1.2.2.2.2.2.2.1.2.2.2.1.2.2.2.1.2.2.2.2.2",0.0435298924248977,FALSE,TRUE,33
"3.1.2.2.2.2.2.2.1.2.2.2.1.2.2.2.2.2.1.2.2.2",0.473380685631479,FALSE,TRUE,33
"3.1.2.2.2.2.2.2.1.2.2.2.1.2.2.2.2.2.2.1.2.2",0.152661232682222,FALSE,TRUE,33
"3.1.2.2.2.2.2.2.1.2.2.2.1.2.2.2.2.2.2.2.2.1",0.35409746469732,FALSE,TRUE,33
"3.2.2.2.2.2.2.2.3.2.2.2.2.2.3.3.2.2.2.1.2.2",0.0591504190035311,FALSE,TRUE,40
"2.3.2.2.2.2.2.2.3.2.2.2.2.2.3.3.2.2.2.1.2.2",0.268332386261271,FALSE,TRUE,41
"2.2.3.2.2.2.2.2.3.2.2.2.2.2.3.3.2.2.2.1.2.2",0.108651416917296,FALSE,TRUE,40
"2.2.2.3.2.2.2.2.3.2.2.2.2.2.3.3.2.2.2.1.2.2",0.243103666892493,FALSE,TRUE,40
"2.2.2.2.3.2.2.2.3.2.2.2.2.2.3.3.2.2.2.1.2.2",0.288082256642551,FALSE,TRUE,40
"2.2.2.2.2.3.2.2.3.2.2.2.2.2.3.3.2.2.2.1.2.2",0.348332473704751,FALSE,TRUE,40
"2.2.2.2.2.2.3.2.3.2.2.2.2.2.3.3.2.2.2.1.2.2",0.279844168507173,FALSE,TRUE,40
"2.2.2.2.2.2.2.3.3.2.2.2.2.2.3.3.2.2.2.1.2.2",0.22553150070984,FALSE,TRUE,40
"2.2.2.2.2.2.2.2.4.2.2.2.2.2.3.3.2.2.2.1.2.2",0.44023658198226,FALSE,TRUE,40
"2.2.2.2.2.2.2.2.3.3.2.2.2.2.3.3.2.2.2.1.2.2",0.204649229660871,FALSE,TRUE,40
"2.2.2.2.2.2.2.2.3.2.3.2.2.2.3.3.2.2.2.1.2.2",0.0606488039146979,FALSE,TRUE,40
"2.2.2.2.2.2.2.2.3.2.2.3.2.2.3.3.2.2.2.1.2.2",0.310552025943734,FALSE,TRUE,40
"2.2.2.2.2.2.2.2.3.2.2.2.3.2.3.3.2.2.2.1.2.2",0.360485994523203,FALSE,TRUE,40
"2.2.2.2.2.2.2.2.3.2.2.2.2.3.3.3.2.2.2.1.2.2",0.210564670873526,FALSE,TRUE,40
"2.2.2.2.2.2.2.2.3.2.2.2.2.2.4.3.2.2.2.1.2.2",0.549868130350119,FALSE,TRUE,40
"2.2.2.2.2.2.2.2.3.2.2.2.2.2.3.4.2.2.2.1.2.2",0.27315843106265,FALSE,TRUE,41
"2.2.2.2.2.2.2.2.3.2.2.2.2.2.3.3.3.2.2.1.2.2",0.465497629126976,FALSE,TRUE,40
"2.2.2.2.2.2.2.2.3.2.2.2.2.2.3.3.2.3.2.1.2.2",0.282761855617383,FALSE,TRUE,40
"2.2.2.2.2.2.2.2.3.2.2.2.2.2.3.3.2.2.3.1.2.2",0.206231082176741,FALSE,TRUE,40
"2.2.2.2.2.2.2.2.3.2.2.2.2.2.3.3.2.2.2.2.2.2",0.392664080863947,FALSE,TRUE,39
"2.2.2.2.2.2.2.2.3.2.2.2.2.2.3.3.2.2.2.1.3.2",0.163943816828065,FALSE,TRUE,40
"2.2.2.2.2.2.2.2.3.2.2.2.2.2.3.3.2.2.2.1.2.3",0.361647348964245,FALSE,TRUE,40
"1.2.2.2.2.2.2.2.3.2.2.2.2.2.3.3.2.2.2.1.2.2",0.499158378036851,FALSE,TRUE,39
"2.2.1.2.2.2.2.2.3.2.2.2.2.2.3.3.2.2.2.1.2.2",0.579620196564575,FALSE,TRUE,39
"2.2.2.1.2.2.2.2.3.2.2.2.2.2.3.3.2.2.2.1.2.2",0.557892969449534,FALSE,TRUE,39
"2.2.2.2.1.2.2.2.3.2.2.2.2.2.3.3.2.2.2.1.2.2",0.477634767348173,FALSE,TRUE,39
"2.2.2.2.2.1.2.2.3.2.2.2.2.2.3.3.2.2.2.1.2.2",0.40818297507073,FALSE,TRUE,39
"2.2.2.2.2.2.1.2.3.2.2.2.2.2.3.3.2.2.2.1.2.2",0.345458580013216,FALSE,TRUE,39
"2.2.2.2.2.2.2.1.3.2.2.2.2.2.3.3.2.2.2.1.2.2",0.502352590818886,FALSE,TRUE,39
"2.2.2.2.2.2.2.2.2.2.2.2.2.2.3.3.2.2.2.1.2.2",0.294804783093767,FALSE,TRUE,38
"2.2.2.2.2.2.2.2.3.1.2.2.2.2.3.3.2.2.2.1.2.2",0.273148410484488,FALSE,TRUE,39
"2.2.2.2.2.2.2.2.3.2.1.2.2.2.3.3.2.2.2.1.2.2",0.683299914419751,FALSE,TRUE,39
"2.2.2.2.2.2.2.2.3.2.2.1.2.2.3.3.2.2.2.1.2.2",0.447679192462663,FALSE,TRUE,39
"2.2.2.2.2.2.2.2.3.2.2.2.1.2.3.3.2.2.2.1.2.2",0.492077138281435,FALSE,TRUE,39
"2.2.2.2.2.2.2.2.3.2.2.2.2.1.3.3.2.2.2.1.2.2",0.487959254886832,FALSE,TRUE,39
"2.2.2.2.2.2.2.2.3.2.2.2.2.2.3.3.1.2.2.1.2.2",0.13824008632165,FALSE,TRUE,39
"2.2.2.2.2.2.2.2.3.2.2.2.2.2.3.3.2.1.2.1.2.2",0.438825949282671,FALSE,TRUE,39
"2.2.2.2.2.2.2.2.3.2.2.2.2.2.3.3.2.2.1.1.2.2",0.682624634281924,FALSE,TRUE,39
"2.2.2.2.2.2.2.2.3.2.2.2.2.2.3.3.2.2.2.1.1.2",0.416928311300202,FALSE,TRUE,39
"2.2.2.2.2.2.2.2.3.2.2.2.2.2.3.3.2.2.2.1.2.1",0.394827669890948,FALSE,TRUE,39
"3.1.2.2.2.2.2.2.3.2.2.2.2.2.3.3.2.2.2.1.2.2",0.0440269191399431,FALSE,TRUE,40
"2.1.3.2.2.2.2.2.3.2.2.2.2.2.3.3.2.2.2.1.2.2",0.313431756576982,FALSE,TRUE,40
"2.1.2.3.2.2.2.2.3.2.2.2.2.2.3.3.2.2.2.1.2.2",0.26308772515124,FALSE,TRUE,40
"2.1.2.2.3.2.2.2.3.2.2.2.2.2.3.3.2.2.2.1.2.2",0.219514474607971,FALSE,TRUE,40
"2.1.2.2.2.3.2.2.3.2.2.2.2.2.3.3.2.2.2.1.2.2",0.357591714791253,FALSE,TRUE,40
"2.1.2.2.2.2.3.2.3.2.2.2.2.2.3.3.2.2.2.1.2.2",0.370505988696853,FALSE,TRUE,40
"2.1.2.2.2.2.2.3.3.2.2.2.2.2.3.3.2.2.2.1.2.2",0.424046251649636,FALSE,TRUE,40
"2.1.2.2.2.2.2.2.4.2.2.2.2.2.3.3.2.2.2.1.2.2",0.391235457416813,FALSE,TRUE,40
"2.1.2.2.2.2.2.2.3.3.2.2.2.2.3.3.2.2.2.1.2.2",0.31413942352101,FALSE,TRUE,40
"2.1.2.2.2.2.2.2.3.2.3.2.2.2.3.3.2.2.2.1.2.2",0.0626923826826138,FALSE,TRUE,40
"2.1.2.2.2.2.2.2.3.2.2.3.2.2.3.3.2.2.2.1.2.2",0.499758781336583,FALSE,TRUE,40
"2.1.2.2.2.2.2.2.3.2.2.2.3.2.3.3.2.2.2.1.2.2",0.331555585928008,FALSE,TRUE,40
"2.1.2.2.2.2.2.2.3.2.2.2.2.3.3.3.2.2.2.1.2.2",0.306923500011845,FALSE,TRUE,40
"2.1.2.2.2.2.2.2.3.2.2.2.2.2.4.3.2.2.2.1.2.2",0.380102570527891,FALSE,TRUE,40
"2.1.2.2.2.2.2.2.3.2.2.2.2.2.3.4.2.2.2.1.2.2",0.266847252310133,FALSE,TRUE,40
"2.1.2.2.2.2.2.2.3.2.2.2.2.2.3.3.3.2.2.1.2.2",0.676166473040762,FALSE,TRUE,40
"2.1.2.2.2.2.2.2.3.2.2.2.2.2.3.3.2.3.2.1.2.2",0.383993696269913,FALSE,TRUE,40
"2.1.2.2.2.2.2.2.3.2.2.2.2.2.3.3.2.2.3.1.2.2",0.258177865272522,FALSE,TRUE,40
"2.1.2.2.2.2.2.2.3.2.2.2.2.2.3.3.2.2.2.2.2.2",0.628561150893087,FALSE,TRUE,41
"2.1.2.2.2.2.2.2.3.2.2.2.2.2.3.3.2.2.2.1.3.2",0.303578420985205,FALSE,TRUE,40
"2.1.2.2.2.2.2.2.3.2.2.2.2.2.3.3.2.2.2.1.2.3",0.448102970562252,FALSE,TRUE,40
"1.1.2.2.2.2.2.2.3.2.2.2.2.2.3.3.2.2.2.1.2.2",0.520940816341052,FALSE,TRUE,39
"2.1.1.2.2.2.2.2.3.2.2.2.2.2.3.3.2.2.2.1.2.2",0.50508224607853,FALSE,TRUE,39
"2.1.2.1.2.2.2.2.3.2.2.2.2.2.3.3.2.2.2.1.2.2",0.489298790580244,FALSE,TRUE,39
"2.1.2.2.1.2.2.2.3.2.2.2.2.2.3.3.2.2.2.1.2.2",0.542190279644163,FALSE,TRUE,39
"2.1.2.2.2.1.2.2.3.2.2.2.2.2.3.3.2.2.2.1.2.2",0.325869769955873,FALSE,TRUE,39
"2.1.2.2.2.2.1.2.3.2.2.2.2.2.3.3.2.2.2.1.2.2",0.23302388322329,FALSE,TRUE,39
"2.1.2.2.2.2.2.1.3.2.2.2.2.2.3.3.2.2.2.1.2.2",0.439924998390009,FALSE,TRUE,39
"2.1.2.2.2.2.2.2.2.2.2.2.2.2.3.3.2.2.2.1.2.2",0.311705843310872,FALSE,TRUE,40
"2.1.2.2.2.2.2.2.3.1.2.2.2.2.3.3.2.2.2.1.2.2",0.262729105881873,FALSE,TRUE,39
"2.1.2.2.2.2.2.2.3.2.1.2.2.2.3.3.2.2.2.1.2.2",0.469843208736574,FALSE,TRUE,39
"2.1.2.2.2.2.2.2.3.2.2.1.2.2.3.3.2.2.2.1.2.2",0.374207365904101,FALSE,TRUE,39
"2.1.2.2.2.2.2.2.3.2.2.2.1.2.3.3.2.2.2.1.2.2",0.438669023135032,FALSE,TRUE,39
"2.1.2.2.2.2.2.2.3.2.2.2.2.1.3.3.2.2.2.1.2.2",0.359006559297617,FALSE,TRUE,39
"2.1.2.2.2.2.2.2.3.2.2.2.2.2.2.3.2.2.2.1.2.2",0.396126104616746,FALSE,TRUE,39
"2.1.2.2.2.2.2.2.3.2.2.2.2.2.3.3.1.2.2.1.2.2",0.00493532701426926,FALSE,TRUE,39
"2.1.2.2.2.2.2.2.3.2.2.2.2.2.3.3.2.1.2.1.2.2",0.273861211954713,FALSE,TRUE,39
"2.1.2.2.2.2.2.2.3.2.2.2.2.2.3.3.2.2.1.1.2.2",0.552772089368723,FALSE,TRUE,39
"2.1.2.2.2.2.2.2.3.2.2.2.2.2.3.3.2.2.2.1.1.2",0.300150346961761,FALSE,TRUE,39
"2.1.2.2.2.2.2.2.3.2.2.2.2.2.3.3.2.2.2.1.2.1",0.318208720594622,FALSE,TRUE,39
"3.2.2.2.2.2.2.1.2.2.2.2.2.2.2.2.2.2.2.1.2.2",0.156838389531572,FALSE,TRUE,39
"2.3.2.2.2.2.2.1.2.2.2.2.2.2.2.2.2.2.2.1.2.2",0.152412971925577,FALSE,TRUE,39
"2.2.3.2.2.2.2.1.2.2.2.2.2.2.2.2.2.2.2.1.2.2",0.13609117964755,FALSE,TRUE,39
"2.2.2.3.2.2.2.1.2.2.2.2.2.2.2.2.2.2.2.1.2.2",0.0240153062101451,FALSE,TRUE,39
"2.2.2.2.3.2.2.1.2.2.2.2.2.2.2.2.2.2.2.1.2.2",0.272353495800369,FALSE,TRUE,39
"2.2.2.2.2.3.2.1.2.2.2.2.2.2.2.2.2.2.2.1.2.2",0.05330021719579,FALSE,TRUE,40
"2.2.2.2.2.2.3.1.2.2.2.2.2.2.2.2.2.2.2.1.2.2",-0.038293803269096,FALSE,TRUE,39
"2.2.2.2.2.2.2.1.2.3.2.2.2.2.2.2.2.2.2.1.2.2",0.429556736299969,FALSE,TRUE,39
"2.2.2.2.2.2.2.1.2.2.3.2.2.2.2.2.2.2.2.1.2.2",-0.0490534796282578,FALSE,TRUE,39
"2.2.2.2.2.2.2.1.2.2.2.3.2.2.2.2.2.2.2.1.2.2",0.044558526461536,FALSE,TRUE,39
"2.2.2.2.2.2.2.1.2.2.2.2.3.2.2.2.2.2.2.1.2.2",-0.0176546264131044,FALSE,TRUE,39
"2.2.2.2.2.2.2.1.2.2.2.2.2.3.2.2.2.2.2.1.2.2",0.12409057558567,FALSE,TRUE,39
"2.2.2.2.2.2.2.1.2.2.2.2.2.2.3.2.2.2.2.1.2.2",0.400983245469658,FALSE,TRUE,36
"2.2.2.2.2.2.2.1.2.2.2.2.2.2.2.3.2.2.2.1.2.2",0.0228160951245588,FALSE,TRUE,38
"2.2.2.2.2.2.2.1.2.2.2.2.2.2.2.2.3.2.2.1.2.2",0.30621695791693,FALSE,TRUE,39
"2.2.2.2.2.2.2.1.2.2.2.2.2.2.2.2.2.3.2.1.2.2",0.195123635478543,FALSE,TRUE,39
"2.2.2.2.2.2.2.1.2.2.2.2.2.2.2.2.2.2.3.1.2.2",0.0155636307182833,FALSE,TRUE,39
"2.2.2.2.2.2.2.1.2.2.2.2.2.2.2.2.2.2.2.1.3.2",-0.0114830282455026,FALSE,TRUE,39
"2.2.2.2.2.2.2.1.2.2.2.2.2.2.2.2.2.2.2.1.2.3",0.160978505813786,FALSE,TRUE,39
"1.2.2.2.2.2.2.1.2.2.2.2.2.2.2.2.2.2.2.1.2.2",-0.10560803624818,FALSE,TRUE,38
"2.1.2.2.2.2.2.1.2.2.2.2.2.2.2.2.2.2.2.1.2.2",0.296122573498226,FALSE,TRUE,38
"2.2.1.2.2.2.2.1.2.2.2.2.2.2.2.2.2.2.2.1.2.2",0.221144465176749,FALSE,TRUE,38
"2.2.2.1.2.2.2.1.2.2.2.2.2.2.2.2.2.2.2.1.2.2",0.318589151051119,FALSE,TRUE,38
"2.2.2.2.1.2.2.1.2.2.2.2.2.2.2.2.2.2.2.1.2.2",0.0364166489850793,FALSE,TRUE,38
"2.2.2.2.2.2.1.1.2.2.2.2.2.2.2.2.2.2.2.1.2.2",0.167902279465121,FALSE,TRUE,38
"2.2.2.2.2.2.2.1.1.2.2.2.2.2.2.2.2.2.2.1.2.2",-0.112674727870622,FALSE,TRUE,38
"2.2.2.2.2.2.2.1.2.1.2.2.2.2.2.2.2.2.2.1.2.2",-0.0343027599891748,FALSE,TRUE,38
"2.2.2.2.2.2.2.1.2.2.1.2.2.2.2.2.2.2.2.1.2.2",0.221963662654808,FALSE,TRUE,38
"2.2.2.2.2.2.2.1.2.2.2.1.2.2.2.2.2.2.2.1.2.2",0.371517334529489,FALSE,TRUE,38
"2.2.2.2.2.2.2.1.2.2.2.2.1.2.2.2.2.2.2.1.2.2",0.339770676049452,FALSE,TRUE,36
"2.2.2.2.2.2.2.1.2.2.2.2.2.1.2.2.2.2.2.1.2.2",0.160951745181654,FALSE,TRUE,38
"2.2.2.2.2.2.2.1.2.2.2.2.2.2.1.2.2.2.2.1.2.2",0.076184424344136,FALSE,TRUE,38
"2.2.2.2.2.2.2.1.2.2.2.2.2.2.2.1.2.2.2.1.2.2",0.100355260207356,FALSE,TRUE,38
"2.2.2.2.2.2.2.1.2.2.2.2.2.2.2.2.1.2.2.1.2.2",0.00193487805583391,FALSE,TRUE,38
"2.2.2.2.2.2.2.1.2.2.2.2.2.2.2.2.2.1.2.1.2.2",0.19215080908326,FALSE,TRUE,38
"2.2.2.2.2.2.2.1.2.2.2.2.2.2.2.2.2.2.1.1.2.2",0.162700267008047,FALSE,TRUE,38
"2.2.2.2.2.2.2.1.2.2.2.2.2.2.2.2.2.2.2.1.1.2",0.209992878343941,FALSE,TRUE,38
"2.2.2.2.2.2.2.1.2.2.2.2.2.2.2.2.2.2.2.1.2.1",0.133108406636968,FALSE,TRUE,38
"4.2.2.2.2.2.2.1.2.2.2.2.1.2.3.2.2.2.3.2.2.2",0.137698432971163,FALSE,TRUE,40
"3.3.2.2.2.2.2.1.2.2.2.2.1.2.3.2.2.2.3.2.2.2",0.103421511119322,FALSE,TRUE,40
"3.2.3.2.2.2.2.1.2.2.2.2.1.2.3.2.2.2.3.2.2.2",0.0765941632437761,FALSE,TRUE,39
"3.2.2.3.2.2.2.1.2.2.2.2.1.2.3.2.2.2.3.2.2.2",0.146806136140966,FALSE,TRUE,40
"3.2.2.2.3.2.2.1.2.2.2.2.1.2.3.2.2.2.3.2.2.2",0.109061417621986,FALSE,TRUE,40
"3.2.2.2.2.3.2.1.2.2.2.2.1.2.3.2.2.2.3.2.2.2",0.26116483285847,FALSE,TRUE,40
"3.2.2.2.2.2.3.1.2.2.2.2.1.2.3.2.2.2.3.2.2.2",0.352659900021883,FALSE,TRUE,40
"3.2.2.2.2.2.2.2.2.2.2.2.1.2.3.2.2.2.3.2.2.2",0.14440916469899,FALSE,TRUE,39
"3.2.2.2.2.2.2.1.3.2.2.2.1.2.3.2.2.2.3.2.2.2",0.0938209460238971,FALSE,TRUE,40
"3.2.2.2.2.2.2.1.2.3.2.2.1.2.3.2.2.2.3.2.2.2",-0.0657961560007055,FALSE,TRUE,40
"3.2.2.2.2.2.2.1.2.2.3.2.1.2.3.2.2.2.3.2.2.2",0.119845888826975,FALSE,TRUE,40
"3.2.2.2.2.2.2.1.2.2.2.3.1.2.3.2.2.2.3.2.2.2",0.413819568253122,FALSE,TRUE,40
"3.2.2.2.2.2.2.1.2.2.2.2.2.2.3.2.2.2.3.2.2.2",0.246487364962301,FALSE,TRUE,41
"3.2.2.2.2.2.2.1.2.2.2.2.1.3.3.2.2.2.3.2.2.2",0.109263690016515,FALSE,TRUE,40
"3.2.2.2.2.2.2.1.2.2.2.2.1.2.4.2.2.2.3.2.2.2",0.168805130673193,FALSE,TRUE,40
"3.2.2.2.2.2.2.1.2.2.2.2.1.2.3.3.2.2.3.2.2.2",0.328270220259841,FALSE,TRUE,40
"3.2.2.2.2.2.2.1.2.2.2.2.1.2.3.2.3.2.3.2.2.2",0.357322784742127,FALSE,TRUE,40
"3.2.2.2.2.2.2.1.2.2.2.2.1.2.3.2.2.3.3.2.2.2",0.0904209714283521,FALSE,TRUE,40
"3.2.2.2.2.2.2.1.2.2.2.2.1.2.3.2.2.2.4.2.2.2",0.221313634163163,FALSE,TRUE,41
"3.2.2.2.2.2.2.1.2.2.2.2.1.2.3.2.2.2.3.3.2.2",0.194094647141052,FALSE,TRUE,40
"3.2.2.2.2.2.2.1.2.2.2.2.1.2.3.2.2.2.3.2.3.2",0.0911535187585685,FALSE,TRUE,40
"3.2.2.2.2.2.2.1.2.2.2.2.1.2.3.2.2.2.3.2.2.3",0.356785347275629,FALSE,TRUE,40
"3.1.2.2.2.2.2.1.2.2.2.2.1.2.3.2.2.2.3.2.2.2",0.253885440630696,FALSE,TRUE,39
"3.2.1.2.2.2.2.1.2.2.2.2.1.2.3.2.2.2.3.2.2.2",0.468807700998764,FALSE,TRUE,39
"3.2.2.1.2.2.2.1.2.2.2.2.1.2.3.2.2.2.3.2.2.2",0.411704440449752,FALSE,TRUE,39
"3.2.2.2.1.2.2.1.2.2.2.2.1.2.3.2.2.2.3.2.2.2",0.433427885574322,FALSE,TRUE,38
"3.2.2.2.2.1.2.1.2.2.2.2.1.2.3.2.2.2.3.2.2.2",0.218237401264168,FALSE,TRUE,39
"3.2.2.2.2.2.1.1.2.2.2.2.1.2.3.2.2.2.3.2.2.2",0.122993846499521,FALSE,TRUE,39
"3.2.2.2.2.2.2.1.1.2.2.2.1.2.3.2.2.2.3.2.2.2",0.373521450802346,FALSE,TRUE,39
"3.2.2.2.2.2.2.1.2.1.2.2.1.2.3.2.2.2.3.2.2.2",0.275190091078623,FALSE,TRUE,39
"3.2.2.2.2.2.2.1.2.2.1.2.1.2.3.2.2.2.3.2.2.2",0.382159397303061,FALSE,TRUE,39
"3.2.2.2.2.2.2.1.2.2.2.1.1.2.3.2.2.2.3.2.2.2",0.17554364720849,FALSE,TRUE,39
"3.2.2.2.2.2.2.1.2.2.2.2.1.1.3.2.2.2.3.2.2.2",0.331656088917141,FALSE,TRUE,39
"3.2.2.2.2.2.2.1.2.2.2.2.1.2.2.2.2.2.3.2.2.2",0.248195290249874,FALSE,TRUE,38
"3.2.2.2.2.2.2.1.2.2.2.2.1.2.3.1.2.2.3.2.2.2",0.204078932118731,FALSE,TRUE,39
"3.2.2.2.2.2.2.1.2.2.2.2.1.2.3.2.1.2.3.2.2.2",0.0646143928963822,FALSE,TRUE,39
"3.2.2.2.2.2.2.1.2.2.2.2.1.2.3.2.2.1.3.2.2.2",0.251052766769006,FALSE,TRUE,39
"3.2.2.2.2.2.2.1.2.2.2.2.1.2.3.2.2.2.3.1.2.2",0.182493550264035,FALSE,TRUE,39
"3.2.2.2.2.2.2.1.2.2.2.2.1.2.3.2.2.2.3.2.1.2",0.278275083011369,FALSE,TRUE,39
"3.2.2.2.2.2.2.1.2.2.2.2.1.2.3.2.2.2.3.2.2.1",0.107939205276297,FALSE,TRUE,39
"3.2.2.1.2.1.2.2.2.2.2.2.1.2.2.2.2.2.2.2.2.2",0.306333916086341,FALSE,TRUE,39
"2.3.2.1.2.1.2.2.2.2.2.2.1.2.2.2.2.2.2.2.2.2",0.151922850420108,FALSE,TRUE,39
"2.2.3.1.2.1.2.2.2.2.2.2.1.2.2.2.2.2.2.2.2.2",0.227301845302351,FALSE,TRUE,39
"2.2.2.1.3.1.2.2.2.2.2.2.1.2.2.2.2.2.2.2.2.2",0.311094710467694,FALSE,TRUE,39
"2.2.2.1.2.1.3.2.2.2.2.2.1.2.2.2.2.2.2.2.2.2",0.491895068393247,FALSE,TRUE,39
"2.2.2.1.2.1.2.3.2.2.2.2.1.2.2.2.2.2.2.2.2.2",0.133493954826729,FALSE,TRUE,39
"2.2.2.1.2.1.2.2.3.2.2.2.1.2.2.2.2.2.2.2.2.2",0.257341993792409,FALSE,TRUE,39
"2.2.2.1.2.1.2.2.2.3.2.2.1.2.2.2.2.2.2.2.2.2",0.281854707274713,FALSE,TRUE,38
"2.2.2.1.2.1.2.2.2.2.3.2.1.2.2.2.2.2.2.2.2.2",0.1490815889718,FALSE,TRUE,39
"2.2.2.1.2.1.2.2.2.2.2.3.1.2.2.2.2.2.2.2.2.2",0.15831372379761,FALSE,TRUE,39
"2.2.2.1.2.1.2.2.2.2.2.2.2.2.2.2.2.2.2.2.2.2",0.546611160292662,FALSE,TRUE,38
"2.2.2.1.2.1.2.2.2.2.2.2.1.3.2.2.2.2.2.2.2.2",0.316117702511983,FALSE,TRUE,38
"2.2.2.1.2.1.2.2.2.2.2.2.1.2.3.2.2.2.2.2.2.2",0.375346012042007,FALSE,TRUE,38
"2.2.2.1.2.1.2.2.2.2.2.2.1.2.2.3.2.2.2.2.2.2",0.265938611193814,FALSE,TRUE,39
"2.2.2.1.2.1.2.2.2.2.2.2.1.2.2.2.3.2.2.2.2.2",0.186249105766469,FALSE,TRUE,39
"2.2.2.1.2.1.2.2.2.2.2.2.1.2.2.2.2.3.2.2.2.2",0.262436071970923,FALSE,TRUE,39
"2.2.2.1.2.1.2.2.2.2.2.2.1.2.2.2.2.2.2.3.2.2",0.113464875220638,FALSE,TRUE,39
"2.2.2.1.2.1.2.2.2.2.2.2.1.2.2.2.2.2.2.2.3.2",0.191385599012971,FALSE,TRUE,39
"2.2.2.1.2.1.2.2.2.2.2.2.1.2.2.2.2.2.2.2.2.3",0.374932513761931,FALSE,TRUE,39
"1.2.2.1.2.1.2.2.2.2.2.2.1.2.2.2.2.2.2.2.2.2",0.159654119997606,FALSE,TRUE,38
"2.2.1.1.2.1.2.2.2.2.2.2.1.2.2.2.2.2.2.2.2.2",0.358302457615568,FALSE,TRUE,38
"2.2.2.1.1.1.2.2.2.2.2.2.1.2.2.2.2.2.2.2.2.2",0.288473685709364,FALSE,TRUE,38
"2.2.2.1.2.1.1.2.2.2.2.2.1.2.2.2.2.2.2.2.2.2",0.0261454336687961,FALSE,TRUE,38
"2.2.2.1.2.1.2.1.2.2.2.2.1.2.2.2.2.2.2.2.2.2",0.431546638867881,FALSE,TRUE,38
"2.2.2.1.2.1.2.2.1.2.2.2.1.2.2.2.2.2.2.2.2.2",0.312892255602753,FALSE,TRUE,36
"2.2.2.1.2.1.2.2.2.1.2.2.1.2.2.2.2.2.2.2.2.2",0.111781711242158,FALSE,TRUE,38
"2.2.2.1.2.1.2.2.2.2.1.2.1.2.2.2.2.2.2.2.2.2",0.276563757164485,FALSE,TRUE,38
"2.2.2.1.2.1.2.2.2.2.2.1.1.2.2.2.2.2.2.2.2.2",0.449138227518052,FALSE,TRUE,38
"2.2.2.1.2.1.2.2.2.2.2.2.1.1.2.2.2.2.2.2.2.2",0.238061193956048,FALSE,TRUE,38
"2.2.2.1.2.1.2.2.2.2.2.2.1.2.1.2.2.2.2.2.2.2",0.194436005124771,FALSE,TRUE,38
"2.2.2.1.2.1.2.2.2.2.2.2.1.2.2.1.2.2.2.2.2.2",0.340483238595689,FALSE,TRUE,38
"2.2.2.1.2.1.2.2.2.2.2.2.1.2.2.2.1.2.2.2.2.2",0.379170832007514,FALSE,TRUE,38
"2.2.2.1.2.1.2.2.2.2.2.2.1.2.2.2.2.1.2.2.2.2",0.204640900380181,FALSE,TRUE,38
"2.2.2.1.2.1.2.2.2.2.2.2.1.2.2.2.2.2.1.2.2.2",0.396872434887998,FALSE,TRUE,38
"2.2.2.1.2.1.2.2.2.2.2.2.1.2.2.2.2.2.2.1.2.2",0.447832459114735,FALSE,TRUE,38
"2.2.2.1.2.1.2.2.2.2.2.2.1.2.2.2.2.2.2.2.1.2",0.307770360337307,FALSE,TRUE,38
"2.2.2.1.2.1.2.2.2.2.2.2.1.2.2.2.2.2.2.2.2.1",0.303675548020634,FALSE,TRUE,38
"3.2.2.2.2.2.2.3.2.2.2.2.2.2.2.2.2.2.2.1.2.2",0.216506508537756,FALSE,TRUE,41
"2.3.2.2.2.2.2.3.2.2.2.2.2.2.2.2.2.2.2.1.2.2",0.318347643371965,FALSE,TRUE,41
"2.2.3.2.2.2.2.3.2.2.2.2.2.2.2.2.2.2.2.1.2.2",0.316999290733234,FALSE,TRUE,41
"2.2.2.3.2.2.2.3.2.2.2.2.2.2.2.2.2.2.2.1.2.2",0.594787504271711,FALSE,TRUE,41
"2.2.2.2.3.2.2.3.2.2.2.2.2.2.2.2.2.2.2.1.2.2",0.412494768276565,FALSE,TRUE,41
"2.2.2.2.2.3.2.3.2.2.2.2.2.2.2.2.2.2.2.1.2.2",0.462323426357536,FALSE,TRUE,41
"2.2.2.2.2.2.3.3.2.2.2.2.2.2.2.2.2.2.2.1.2.2",0.46630145539891,FALSE,TRUE,41
"2.2.2.2.2.2.2.4.2.2.2.2.2.2.2.2.2.2.2.1.2.2",0.371464698467021,FALSE,TRUE,42
"2.2.2.2.2.2.2.3.2.3.2.2.2.2.2.2.2.2.2.1.2.2",0.29234937526746,FALSE,TRUE,41
"2.2.2.2.2.2.2.3.2.2.3.2.2.2.2.2.2.2.2.1.2.2",0.480489352314804,FALSE,TRUE,41
"2.2.2.2.2.2.2.3.2.2.2.3.2.2.2.2.2.2.2.1.2.2",0.481423014727721,FALSE,TRUE,41
"2.2.2.2.2.2.2.3.2.2.2.2.3.2.2.2.2.2.2.1.2.2",0.538370796017003,FALSE,TRUE,41
"2.2.2.2.2.2.2.3.2.2.2.2.2.3.2.2.2.2.2.1.2.2",0.429610936335858,FALSE,TRUE,41
"2.2.2.2.2.2.2.3.2.2.2.2.2.2.3.2.2.2.2.1.2.2",0.408267593806392,FALSE,TRUE,40
"2.2.2.2.2.2.2.3.2.2.2.2.2.2.2.3.2.2.2.1.2.2",0.16046390228035,FALSE,TRUE,40
"2.2.2.2.2.2.2.3.2.2.2.2.2.2.2.2.3.2.2.1.2.2",0.238966480539715,FALSE,TRUE,41
"2.2.2.2.2.2.2.3.2.2.2.2.2.2.2.2.2.3.2.1.2.2",0.46964915354558,FALSE,TRUE,41
"2.2.2.2.2.2.2.3.2.2.2.2.2.2.2.2.2.2.3.1.2.2",0.411963662175862,FALSE,TRUE,41
"2.2.2.2.2.2.2.3.2.2.2.2.2.2.2.2.2.2.2.1.3.2",0.20356620040142,FALSE,TRUE,41
"2.2.2.2.2.2.2.3.2.2.2.2.2.2.2.2.2.2.2.1.2.3",0.427340514067233,FALSE,TRUE,41
"1.2.2.2.2.2.2.3.2.2.2.2.2.2.2.2.2.2.2.1.2.2",0.18522734514188,FALSE,TRUE,40
"2.1.2.2.2.2.2.3.2.2.2.2.2.2.2.2.2.2.2.1.2.2",0.504287331374853,FALSE,TRUE,40
"2.2.1.2.2.2.2.3.2.2.2.2.2.2.2.2.2.2.2.1.2.2",0.29957704437148,FALSE,TRUE,40
"2.2.2.1.2.2.2.3.2.2.2.2.2.2.2.2.2.2.2.1.2.2",0.243605586552275,FALSE,TRUE,40
"2.2.2.2.1.2.2.3.2.2.2.2.2.2.2.2.2.2.2.1.2.2",0.293710151440944,FALSE,TRUE,40
"2.2.2.2.2.1.2.3.2.2.2.2.2.2.2.2.2.2.2.1.2.2",0.401990776542483,FALSE,TRUE,40
"2.2.2.2.2.2.1.3.2.2.2.2.2.2.2.2.2.2.2.1.2.2",0.24214543361521,FALSE,TRUE,40
"2.2.2.2.2.2.2.3.1.2.2.2.2.2.2.2.2.2.2.1.2.2",0.396418674846633,FALSE,TRUE,40
"2.2.2.2.2.2.2.3.2.1.2.2.2.2.2.2.2.2.2.1.2.2",0.215776631711075,FALSE,TRUE,40
"2.2.2.2.2.2.2.3.2.2.1.2.2.2.2.2.2.2.2.1.2.2",0.255310267252177,FALSE,TRUE,40
"2.2.2.2.2.2.2.3.2.2.2.1.2.2.2.2.2.2.2.1.2.2",0.171925128172315,FALSE,TRUE,40
"2.2.2.2.2.2.2.3.2.2.2.2.1.2.2.2.2.2.2.1.2.2",0.253823331384893,FALSE,TRUE,39
"2.2.2.2.2.2.2.3.2.2.2.2.2.1.2.2.2.2.2.1.2.2",0.408484352086072,FALSE,TRUE,40
"2.2.2.2.2.2.2.3.2.2.2.2.2.2.1.2.2.2.2.1.2.2",0.359047074214943,FALSE,TRUE,40
"2.2.2.2.2.2.2.3.2.2.2.2.2.2.2.1.2.2.2.1.2.2",0.415396292040049,FALSE,TRUE,40
"2.2.2.2.2.2.2.3.2.2.2.2.2.2.2.2.1.2.2.1.2.2",0.298205382199604,FALSE,TRUE,40
"2.2.2.2.2.2.2.3.2.2.2.2.2.2.2.2.2.1.2.1.2.2",0.305407826810067,FALSE,TRUE,40
"2.2.2.2.2.2.2.3.2.2.2.2.2.2.2.2.2.2.1.1.2.2",0.267470528553216,FALSE,TRUE,40
"2.2.2.2.2.2.2.3.2.2.2.2.2.2.2.2.2.2.2.1.1.2",0.432743398851975,FALSE,TRUE,40
"2.2.2.2.2.2.2.3.2.2.2.2.2.2.2.2.2.2.2.1.2.1",0.331913184649334,FALSE,TRUE,40
"4.1.2.2.2.2.2.2.1.2.2.3.1.2.2.2.2.2.2.2.2.2",0.425695721741917,FALSE,TRUE,39
"3.1.3.2.2.2.2.2.1.2.2.3.1.2.2.2.2.2.2.2.2.2",0.373244385796893,FALSE,TRUE,39
"3.1.2.3.2.2.2.2.1.2.2.3.1.2.2.2.2.2.2.2.2.2",0.353135410572957,FALSE,TRUE,39
"3.1.2.2.3.2.2.2.1.2.2.3.1.2.2.2.2.2.2.2.2.2",0.499813765576595,FALSE,TRUE,39
"3.1.2.2.2.3.2.2.1.2.2.3.1.2.2.2.2.2.2.2.2.2",0.469915021060296,FALSE,TRUE,39
"3.1.2.2.2.2.3.2.1.2.2.3.1.2.2.2.2.2.2.2.2.2",0.70294916983071,FALSE,TRUE,39
"3.1.2.2.2.2.2.3.1.2.2.3.1.2.2.2.2.2.2.2.2.2",0.162778691945142,FALSE,TRUE,39
"3.1.2.2.2.2.2.2.2.2.2.3.1.2.2.2.2.2.2.2.2.2",0.627853876986633,FALSE,TRUE,40
"3.1.2.2.2.2.2.2.1.3.2.3.1.2.2.2.2.2.2.2.2.2",0.471581360774999,FALSE,TRUE,39
"3.1.2.2.2.2.2.2.1.2.3.3.1.2.2.2.2.2.2.2.2.2",0.264257501238636,FALSE,TRUE,39
"3.1.2.2.2.2.2.2.1.2.2.4.1.2.2.2.2.2.2.2.2.2",0.337753761948508,FALSE,TRUE,40
"3.1.2.2.2.2.2.2.1.2.2.3.2.2.2.2.2.2.2.2.2.2",0.582906653880573,FALSE,TRUE,40
"3.1.2.2.2.2.2.2.1.2.2.3.1.3.2.2.2.2.2.2.2.2",0.583740062212914,FALSE,TRUE,39
"3.1.2.2.2.2.2.2.1.2.2.3.1.2.3.2.2.2.2.2.2.2",0.500355865776625,FALSE,TRUE,38
"3.1.2.2.2.2.2.2.1.2.2.3.1.2.2.3.2.2.2.2.2.2",0.496973728481373,FALSE,TRUE,39
"3.1.2.2.2.2.2.2.1.2.2.3.1.2.2.2.3.2.2.2.2.2",0.47684939928383,FALSE,TRUE,39
"3.1.2.2.2.2.2.2.1.2.2.3.1.2.2.2.2.3.2.2.2.2",0.503183968385108,FALSE,TRUE,39
"3.1.2.2.2.2.2.2.1.2.2.3.1.2.2.2.2.2.3.2.2.2",0.424370955952344,FALSE,TRUE,39
"3.1.2.2.2.2.2.2.1.2.2.3.1.2.2.2.2.2.2.3.2.2",0.462393088042622,FALSE,TRUE,39
"3.1.2.2.2.2.2.2.1.2.2.3.1.2.2.2.2.2.2.2.3.2",0.412147743664426,FALSE,TRUE,39
"3.1.2.2.2.2.2.2.1.2.2.3.1.2.2.2.2.2.2.2.2.3",0.499557571162748,FALSE,TRUE,39
"3.1.1.2.2.2.2.2.1.2.2.3.1.2.2.2.2.2.2.2.2.2",0.525106344033125,FALSE,TRUE,38
"3.1.2.1.2.2.2.2.1.2.2.3.1.2.2.2.2.2.2.2.2.2",0.506347045436774,FALSE,TRUE,38
"3.1.2.2.1.2.2.2.1.2.2.3.1.2.2.2.2.2.2.2.2.2",0.492193837950535,FALSE,TRUE,38
"3.1.2.2.2.1.2.2.1.2.2.3.1.2.2.2.2.2.2.2.2.2",0.545204313957355,FALSE,TRUE,37
"3.1.2.2.2.2.1.2.1.2.2.3.1.2.2.2.2.2.2.2.2.2",0.292860705890291,FALSE,TRUE,38
"3.1.2.2.2.2.2.1.1.2.2.3.1.2.2.2.2.2.2.2.2.2",0.568492146446247,FALSE,TRUE,38
"3.1.2.2.2.2.2.2.1.1.2.3.1.2.2.2.2.2.2.2.2.2",0.169627667893498,FALSE,TRUE,38
"3.1.2.2.2.2.2.2.1.2.1.3.1.2.2.2.2.2.2.2.2.2",0.589542194594276,FALSE,TRUE,38
"3.1.2.2.2.2.2.2.1.2.2.3.1.1.2.2.2.2.2.2.2.2",0.404108306351763,FALSE,TRUE,37
"3.1.2.2.2.2.2.2.1.2.2.3.1.2.1.2.2.2.2.2.2.2",0.43524241726106,FALSE,TRUE,38
"3.1.2.2.2.2.2.2.1.2.2.3.1.2.2.1.2.2.2.2.2.2",0.458571000650425,FALSE,TRUE,38
"3.1.2.2.2.2.2.2.1.2.2.3.1.2.2.2.1.2.2.2.2.2",0.240997625002144,FALSE,TRUE,38
"3.1.2.2.2.2.2.2.1.2.2.3.1.2.2.2.2.1.2.2.2.2",0.383177665967292,FALSE,TRUE,37
"3.1.2.2.2.2.2.2.1.2.2.3.1.2.2.2.2.2.1.2.2.2",0.647621483919093,FALSE,TRUE,38
"3.1.2.2.2.2.2.2.1.2.2.3.1.2.2.2.2.2.2.1.2.2",0.332091971861469,FALSE,TRUE,38
"3.1.2.2.2.2.2.2.1.2.2.3.1.2.2.2.2.2.2.2.1.2",0.507998324724369,FALSE,TRUE,38
"3.1.2.2.2.2.2.2.1.2.2.3.1.2.2.2.2.2.2.2.2.1",0.481907967949438,FALSE,TRUE,38
"3.2.2.2.2.2.2.2.2.2.2.2.1.3.2.2.2.1.2.2.2.2",0.191631717124027,FALSE,TRUE,37
"2.3.2.2.2.2.2.2.2.2.2.2.1.3.2.2.2.1.2.2.2.2",0.311973875297934,FALSE,TRUE,39
"2.2.3.2.2.2.2.2.2.2.2.2.1.3.2.2.2.1.2.2.2.2",0.198942007263642,FALSE,TRUE,39
"2.2.2.3.2.2.2.2.2.2.2.2.1.3.2.2.2.1.2.2.2.2",0.302015620316355,FALSE,TRUE,39
"2.2.2.2.3.2.2.2.2.2.2.2.1.3.2.2.2.1.2.2.2.2",0.126807097833103,FALSE,TRUE,39
"2.2.2.2.2.3.2.2.2.2.2.2.1.3.2.2.2.1.2.2.2.2",0.199276160819797,FALSE,TRUE,39
"2.2.2.2.2.2.3.2.2.2.2.2.1.3.2.2.2.1.2.2.2.2",0.462577866400975,FALSE,TRUE,39
"2.2.2.2.2.2.2.3.2.2.2.2.1.3.2.2.2.1.2.2.2.2",0.312534816081543,FALSE,TRUE,39
"2.2.2.2.2.2.2.2.3.2.2.2.1.3.2.2.2.1.2.2.2.2",0.186502219396251,FALSE,TRUE,39
"2.2.2.2.2.2.2.2.2.3.2.2.1.3.2.2.2.1.2.2.2.2",0.185911741442623,FALSE,TRUE,38
"2.2.2.2.2.2.2.2.2.2.3.2.1.3.2.2.2.1.2.2.2.2",0.12985952819777,FALSE,TRUE,39
"2.2.2.2.2.2.2.2.2.2.2.3.1.3.2.2.2.1.2.2.2.2",0.317745223224114,FALSE,TRUE,39
"2.2.2.2.2.2.2.2.2.2.2.2.2.3.2.2.2.1.2.2.2.2",0.36537571839394,FALSE,TRUE,39
"2.2.2.2.2.2.2.2.2.2.2.2.1.4.2.2.2.1.2.2.2.2",0.285906018265723,FALSE,TRUE,39
"2.2.2.2.2.2.2.2.2.2.2.2.1.3.3.2.2.1.2.2.2.2",0.236944570334653,FALSE,TRUE,38
"2.2.2.2.2.2.2.2.2.2.2.2.1.3.2.3.2.1.2.2.2.2",0.369657591807031,FALSE,TRUE,39
"2.2.2.2.2.2.2.2.2.2.2.2.1.3.2.2.3.1.2.2.2.2",0.399464491803608,FALSE,TRUE,39
"2.2.2.2.2.2.2.2.2.2.2.2.1.3.2.2.2.1.3.2.2.2",0.178551976583089,FALSE,TRUE,38
"2.2.2.2.2.2.2.2.2.2.2.2.1.3.2.2.2.1.2.3.2.2",0.333615648653642,FALSE,TRUE,39
"2.2.2.2.2.2.2.2.2.2.2.2.1.3.2.2.2.1.2.2.2.3",0.473509972088604,FALSE,TRUE,39
"1.2.2.2.2.2.2.2.2.2.2.2.1.3.2.2.2.1.2.2.2.2",0.0777015763615009,FALSE,TRUE,38
"2.1.2.2.2.2.2.2.2.2.2.2.1.3.2.2.2.1.2.2.2.2",0.338722297920658,FALSE,TRUE,38
"2.2.1.2.2.2.2.2.2.2.2.2.1.3.2.2.2.1.2.2.2.2",0.361486799764344,FALSE,TRUE,38
"2.2.2.1.2.2.2.2.2.2.2.2.1.3.2.2.2.1.2.2.2.2",0.22183896375389,FALSE,TRUE,38
"2.2.2.2.1.2.2.2.2.2.2.2.1.3.2.2.2.1.2.2.2.2",0.437642567321453,FALSE,TRUE,38
"2.2.2.2.2.1.2.2.2.2.2.2.1.3.2.2.2.1.2.2.2.2",0.347319306674414,FALSE,TRUE,37
"2.2.2.2.2.2.1.2.2.2.2.2.1.3.2.2.2.1.2.2.2.2",0.0883784287820388,FALSE,TRUE,38
"2.2.2.2.2.2.2.1.2.2.2.2.1.3.2.2.2.1.2.2.2.2",0.278018920763248,FALSE,TRUE,38
"2.2.2.2.2.2.2.2.2.1.2.2.1.3.2.2.2.1.2.2.2.2",0.27423986400775,FALSE,TRUE,38
"2.2.2.2.2.2.2.2.2.2.1.2.1.3.2.2.2.1.2.2.2.2",0.21678163463472,FALSE,TRUE,38
"2.2.2.2.2.2.2.2.2.2.2.1.1.3.2.2.2.1.2.2.2.2",0.232827628503772,FALSE,TRUE,38
"2.2.2.2.2.2.2.2.2.2.2.2.1.3.1.2.2.1.2.2.2.2",0.35131132386738,FALSE,TRUE,38
"2.2.2.2.2.2.2.2.2.2.2.2.1.3.2.1.2.1.2.2.2.2",0.136093914901677,FALSE,TRUE,38
"2.2.2.2.2.2.2.2.2.2.2.2.1.3.2.2.1.1.2.2.2.2",0.122227824357809,FALSE,TRUE,38
"2.2.2.2.2.2.2.2.2.2.2.2.1.3.2.2.2.1.1.2.2.2",0.282494370984694,FALSE,TRUE,38
"2.2.2.2.2.2.2.2.2.2.2.2.1.3.2.2.2.1.2.1.2.2",0.280336340938766,FALSE,TRUE,38
"2.2.2.2.2.2.2.2.2.2.2.2.1.3.2.2.2.1.2.2.1.2",0.177022982024658,FALSE,TRUE,39
"2.2.2.2.2.2.2.2.2.2.2.2.1.3.2.2.2.1.2.2.2.1",0.258163635167203,FALSE,TRUE,38
"3.2.2.2.2.2.2.2.2.2.2.2.1.3.2.2.2.1.2.2.3.2",0.0969816777120265,FALSE,TRUE,40
"2.3.2.2.2.2.2.2.2.2.2.2.1.3.2.2.2.1.2.2.3.2",0.224707229639376,FALSE,TRUE,40
"2.2.3.2.2.2.2.2.2.2.2.2.1.3.2.2.2.1.2.2.3.2",0.010703012305409,FALSE,TRUE,40
"2.2.2.3.2.2.2.2.2.2.2.2.1.3.2.2.2.1.2.2.3.2",0.0620220834997315,FALSE,TRUE,40
"2.2.2.2.3.2.2.2.2.2.2.2.1.3.2.2.2.1.2.2.3.2",0.131087175592966,FALSE,TRUE,40
"2.2.2.2.2.3.2.2.2.2.2.2.1.3.2.2.2.1.2.2.3.2",0.388906714654178,FALSE,TRUE,40
"2.2.2.2.2.2.3.2.2.2.2.2.1.3.2.2.2.1.2.2.3.2",0.542886722916992,FALSE,TRUE,40
"2.2.2.2.2.2.2.3.2.2.2.2.1.3.2.2.2.1.2.2.3.2",0.251604117425424,FALSE,TRUE,40
"2.2.2.2.2.2.2.2.3.2.2.2.1.3.2.2.2.1.2.2.3.2",0.17757163888796,FALSE,TRUE,40
"2.2.2.2.2.2.2.2.2.3.2.2.1.3.2.2.2.1.2.2.3.2",0.0608362843971846,FALSE,TRUE,40
"2.2.2.2.2.2.2.2.2.2.3.2.1.3.2.2.2.1.2.2.3.2",0.219806342511714,FALSE,TRUE,40
"2.2.2.2.2.2.2.2.2.2.2.3.1.3.2.2.2.1.2.2.3.2",0.314127332068671,FALSE,TRUE,40
"2.2.2.2.2.2.2.2.2.2.2.2.2.3.2.2.2.1.2.2.3.2",0.224383929051344,FALSE,TRUE,41
"2.2.2.2.2.2.2.2.2.2.2.2.1.4.2.2.2.1.2.2.3.2",0.372676345862243,FALSE,TRUE,40
"2.2.2.2.2.2.2.2.2.2.2.2.1.3.3.2.2.1.2.2.3.2",0.310441206489478,FALSE,TRUE,40
"2.2.2.2.2.2.2.2.2.2.2.2.1.3.2.3.2.1.2.2.3.2",0.243590198109409,FALSE,TRUE,40
"2.2.2.2.2.2.2.2.2.2.2.2.1.3.2.2.3.1.2.2.3.2",0.129209418471252,FALSE,TRUE,40
"2.2.2.2.2.2.2.2.2.2.2.2.1.3.2.2.2.1.3.2.3.2",0.0890753683397865,FALSE,TRUE,40
"2.2.2.2.2.2.2.2.2.2.2.2.1.3.2.2.2.1.2.3.3.2",0.121186565576551,FALSE,TRUE,40
"2.2.2.2.2.2.2.2.2.2.2.2.1.3.2.2.2.1.2.2.4.2",0.175623188129297,FALSE,TRUE,41
"2.2.2.2.2.2.2.2.2.2.2.2.1.3.2.2.2.1.2.2.3.3",0.201495525847603,FALSE,TRUE,40
"1.2.2.2.2.2.2.2.2.2.2.2.1.3.2.2.2.1.2.2.3.2",0.231942181089755,FALSE,TRUE,39
"2.1.2.2.2.2.2.2.2.2.2.2.1.3.2.2.2.1.2.2.3.2",0.358725417325794,FALSE,TRUE,39
"2.2.1.2.2.2.2.2.2.2.2.2.1.3.2.2.2.1.2.2.3.2",0.561604907257485,FALSE,TRUE,39
"2.2.2.1.2.2.2.2.2.2.2.2.1.3.2.2.2.1.2.2.3.2",0.610771267474705,FALSE,TRUE,39
"2.2.2.2.1.2.2.2.2.2.2.2.1.3.2.2.2.1.2.2.3.2",0.379525696393266,FALSE,TRUE,39
"2.2.2.2.2.1.2.2.2.2.2.2.1.3.2.2.2.1.2.2.3.2",0.205538146559,FALSE,TRUE,39
"2.2.2.2.2.2.1.2.2.2.2.2.1.3.2.2.2.1.2.2.3.2",0.0204997399494154,FALSE,TRUE,39
"2.2.2.2.2.2.2.1.2.2.2.2.1.3.2.2.2.1.2.2.3.2",0.323442130504334,FALSE,TRUE,39
"2.2.2.2.2.2.2.2.1.2.2.2.1.3.2.2.2.1.2.2.3.2",0.363171396828313,FALSE,TRUE,38
"2.2.2.2.2.2.2.2.2.1.2.2.1.3.2.2.2.1.2.2.3.2",0.285240037562286,FALSE,TRUE,39
"2.2.2.2.2.2.2.2.2.2.1.2.1.3.2.2.2.1.2.2.3.2",0.160103724032996,FALSE,TRUE,39
"2.2.2.2.2.2.2.2.2.2.2.1.1.3.2.2.2.1.2.2.3.2",0.303272909168812,FALSE,TRUE,39
"2.2.2.2.2.2.2.2.2.2.2.2.1.2.2.2.2.1.2.2.3.2",0.25599331431251,FALSE,TRUE,38
"2.2.2.2.2.2.2.2.2.2.2.2.1.3.1.2.2.1.2.2.3.2",0.244336204991582,FALSE,TRUE,39
"2.2.2.2.2.2.2.2.2.2.2.2.1.3.2.1.2.1.2.2.3.2",0.0968250331482854,FALSE,TRUE,39
"2.2.2.2.2.2.2.2.2.2.2.2.1.3.2.2.1.1.2.2.3.2",0.349109759359367,FALSE,TRUE,39
"2.2.2.2.2.2.2.2.2.2.2.2.1.3.2.2.2.1.1.2.3.2",0.36711258858637,FALSE,TRUE,39
"2.2.2.2.2.2.2.2.2.2.2.2.1.3.2.2.2.1.2.1.3.2",0.434425250341555,FALSE,TRUE,39
"2.2.2.2.2.2.2.2.2.2.2.2.1.3.2.2.2.1.2.2.3.1",0.392734336769534,FALSE,TRUE,39
"3.2.2.1.2.2.2.2.2.2.2.2.2.2.2.2.2.2.3.2.2.2",0.242132717942781,FALSE,TRUE,41
"2.3.2.1.2.2.2.2.2.2.2.2.2.2.2.2.2.2.3.2.2.2",-0.083761996867346,FALSE,TRUE,41
"2.2.3.1.2.2.2.2.2.2.2.2.2.2.2.2.2.2.3.2.2.2",0.0627141772126572,FALSE,TRUE,41
"2.2.2.1.3.2.2.2.2.2.2.2.2.2.2.2.2.2.3.2.2.2",0.146661399250376,FALSE,TRUE,40
"2.2.2.1.2.3.2.2.2.2.2.2.2.2.2.2.2.2.3.2.2.2",0.0920817384057332,FALSE,TRUE,41
"2.2.2.1.2.2.3.2.2.2.2.2.2.2.2.2.2.2.3.2.2.2",0.18863155113823,FALSE,TRUE,41
"2.2.2.1.2.2.2.3.2.2.2.2.2.2.2.2.2.2.3.2.2.2",0.107308305870334,FALSE,TRUE,41
"2.2.2.1.2.2.2.2.3.2.2.2.2.2.2.2.2.2.3.2.2.2",0.141363507815155,FALSE,TRUE,41
"2.2.2.1.2.2.2.2.2.3.2.2.2.2.2.2.2.2.3.2.2.2",-0.00877071758841117,FALSE,TRUE,41
"2.2.2.1.2.2.2.2.2.2.3.2.2.2.2.2.2.2.3.2.2.2",-0.0580696525771458,FALSE,TRUE,41
"2.2.2.1.2.2.2.2.2.2.2.3.2.2.2.2.2.2.3.2.2.2",-0.0431976455155395,FALSE,TRUE,41
"2.2.2.1.2.2.2.2.2.2.2.2.3.2.2.2.2.2.3.2.2.2",0.26783380491229,FALSE,TRUE,42
"2.2.2.1.2.2.2.2.2.2.2.2.2.3.2.2.2.2.3.2.2.2",0.067209694416494,FALSE,TRUE,41
"2.2.2.1.2.2.2.2.2.2.2.2.2.2.3.2.2.2.3.2.2.2",0.257521652712261,FALSE,TRUE,41
"2.2.2.1.2.2.2.2.2.2.2.2.2.2.2.3.2.2.3.2.2.2",0.204451103947174,FALSE,TRUE,39
"2.2.2.1.2.2.2.2.2.2.2.2.2.2.2.2.3.2.3.2.2.2",0.355600162388269,FALSE,TRUE,41
"2.2.2.1.2.2.2.2.2.2.2.2.2.2.2.2.2.3.3.2.2.2",0.020327250959362,FALSE,TRUE,41
"2.2.2.1.2.2.2.2.2.2.2.2.2.2.2.2.2.2.4.2.2.2",0.028258940643002,FALSE,TRUE,41
"2.2.2.1.2.2.2.2.2.2.2.2.2.2.2.2.2.2.3.3.2.2",0.162881408277818,FALSE,TRUE,41
"2.2.2.1.2.2.2.2.2.2.2.2.2.2.2.2.2.2.3.2.3.2",0.0293793302716133,FALSE,TRUE,41
"2.2.2.1.2.2.2.2.2.2.2.2.2.2.2.2.2.2.3.2.2.3",0.34074956389548,FALSE,TRUE,41
"1.2.2.1.2.2.2.2.2.2.2.2.2.2.2.2.2.2.3.2.2.2",-0.0357268306388498,FALSE,TRUE,40
"2.1.2.1.2.2.2.2.2.2.2.2.2.2.2.2.2.2.3.2.2.2",0.567206422965409,FALSE,TRUE,40
"2.2.1.1.2.2.2.2.2.2.2.2.2.2.2.2.2.2.3.2.2.2",0.250962372098945,FALSE,TRUE,40
"2.2.2.1.1.2.2.2.2.2.2.2.2.2.2.2.2.2.3.2.2.2",0.261721138161631,FALSE,TRUE,40
"2.2.2.1.2.1.2.2.2.2.2.2.2.2.2.2.2.2.3.2.2.2",0.317133491829969,FALSE,TRUE,39
"2.2.2.1.2.2.1.2.2.2.2.2.2.2.2.2.2.2.3.2.2.2",0.141462103915278,FALSE,TRUE,40
"2.2.2.1.2.2.2.1.2.2.2.2.2.2.2.2.2.2.3.2.2.2",0.291116078343094,FALSE,TRUE,40
"2.2.2.1.2.2.2.2.1.2.2.2.2.2.2.2.2.2.3.2.2.2",0.263689911507084,FALSE,TRUE,40
"2.2.2.1.2.2.2.2.2.1.2.2.2.2.2.2.2.2.3.2.2.2",0.235782132441909,FALSE,TRUE,40
"2.2.2.1.2.2.2.2.2.2.1.2.2.2.2.2.2.2.3.2.2.2",0.493950768839406,FALSE,TRUE,40
"2.2.2.1.2.2.2.2.2.2.2.1.2.2.2.2.2.2.3.2.2.2",0.397712042414439,FALSE,TRUE,40
"2.2.2.1.2.2.2.2.2.2.2.2.2.1.2.2.2.2.3.2.2.2",0.35488610046212,FALSE,TRUE,40
"2.2.2.1.2.2.2.2.2.2.2.2.2.2.1.2.2.2.3.2.2.2",0.142022654068534,FALSE,TRUE,40
"2.2.2.1.2.2.2.2.2.2.2.2.2.2.2.1.2.2.3.2.2.2",0.181529068250204,FALSE,TRUE,40
"2.2.2.1.2.2.2.2.2.2.2.2.2.2.2.2.1.2.3.2.2.2",0.0201600424517742,FALSE,TRUE,40
"2.2.2.1.2.2.2.2.2.2.2.2.2.2.2.2.2.1.3.2.2.2",0.340471378572721,FALSE,TRUE,40
"2.2.2.1.2.2.2.2.2.2.2.2.2.2.2.2.2.2.3.1.2.2",0.187791019569712,FALSE,TRUE,38
"2.2.2.1.2.2.2.2.2.2.2.2.2.2.2.2.2.2.3.2.1.2",0.235507589565285,FALSE,TRUE,40
"2.2.2.1.2.2.2.2.2.2.2.2.2.2.2.2.2.2.3.2.2.1",0.0982046776555547,FALSE,TRUE,40
"4.2.2.2.2.1.2.1.2.2.2.2.1.2.3.2.2.2.2.2.2.2",0.115129598000389,FALSE,TRUE,39
"3.3.2.2.2.1.2.1.2.2.2.2.1.2.3.2.2.2.2.2.2.2",0.290510056263133,FALSE,TRUE,39
"3.2.3.2.2.1.2.1.2.2.2.2.1.2.3.2.2.2.2.2.2.2",0.1766929773058,FALSE,TRUE,38
"3.2.2.3.2.1.2.1.2.2.2.2.1.2.3.2.2.2.2.2.2.2",0.276776467898553,FALSE,TRUE,39
"3.2.2.2.3.1.2.1.2.2.2.2.1.2.3.2.2.2.2.2.2.2",0.0707684464210108,FALSE,TRUE,39
"3.2.2.2.2.1.3.1.2.2.2.2.1.2.3.2.2.2.2.2.2.2",0.540544989911483,FALSE,TRUE,39
"3.2.2.2.2.1.2.2.2.2.2.2.1.2.3.2.2.2.2.2.2.2",0.301663828849125,FALSE,TRUE,38
"3.2.2.2.2.1.2.1.3.2.2.2.1.2.3.2.2.2.2.2.2.2",0.054957400390359,FALSE,TRUE,39
"3.2.2.2.2.1.2.1.2.3.2.2.1.2.3.2.2.2.2.2.2.2",-0.0114931230802882,FALSE,TRUE,39
"3.2.2.2.2.1.2.1.2.2.3.2.1.2.3.2.2.2.2.2.2.2",0.235767600039103,FALSE,TRUE,39
"3.2.2.2.2.1.2.1.2.2.2.3.1.2.3.2.2.2.2.2.2.2",0.421607429652857,FALSE,TRUE,39
"3.2.2.2.2.1.2.1.2.2.2.2.2.2.3.2.2.2.2.2.2.2",0.327269459276957,FALSE,TRUE,40
"3.2.2.2.2.1.2.1.2.2.2.2.1.3.3.2.2.2.2.2.2.2",0.318762330869522,FALSE,TRUE,39
"3.2.2.2.2.1.2.1.2.2.2.2.1.2.4.2.2.2.2.2.2.2",0.266906675863379,FALSE,TRUE,39
"3.2.2.2.2.1.2.1.2.2.2.2.1.2.3.3.2.2.2.2.2.2",0.179095864168488,FALSE,TRUE,39
"3.2.2.2.2.1.2.1.2.2.2.2.1.2.3.2.3.2.2.2.2.2",0.277056315276881,FALSE,TRUE,39
"3.2.2.2.2.1.2.1.2.2.2.2.1.2.3.2.2.3.2.2.2.2",0.100064523041335,FALSE,TRUE,39
"3.2.2.2.2.1.2.1.2.2.2.2.1.2.3.2.2.2.2.3.2.2",0.1418202828483,FALSE,TRUE,39
"3.2.2.2.2.1.2.1.2.2.2.2.1.2.3.2.2.2.2.2.3.2",0.303721550179584,FALSE,TRUE,39
"3.2.2.2.2.1.2.1.2.2.2.2.1.2.3.2.2.2.2.2.2.3",0.30159939912826,FALSE,TRUE,39
"3.1.2.2.2.1.2.1.2.2.2.2.1.2.3.2.2.2.2.2.2.2",0.14541521547828,FALSE,TRUE,38
"3.2.1.2.2.1.2.1.2.2.2.2.1.2.3.2.2.2.2.2.2.2",0.465499367845231,FALSE,TRUE,38
"3.2.2.1.2.1.2.1.2.2.2.2.1.2.3.2.2.2.2.2.2.2",0.459112298132264,FALSE,TRUE,38
"3.2.2.2.1.1.2.1.2.2.2.2.1.2.3.2.2.2.2.2.2.2",0.514252835059302,FALSE,TRUE,37
"3.2.2.2.2.1.1.1.2.2.2.2.1.2.3.2.2.2.2.2.2.2",0.13910081793772,FALSE,TRUE,38
"3.2.2.2.2.1.2.1.1.2.2.2.1.2.3.2.2.2.2.2.2.2",0.444769057288545,FALSE,TRUE,38
"3.2.2.2.2.1.2.1.2.1.2.2.1.2.3.2.2.2.2.2.2.2",0.168214741924513,FALSE,TRUE,38
"3.2.2.2.2.1.2.1.2.2.1.2.1.2.3.2.2.2.2.2.2.2",0.263720376373442,FALSE,TRUE,38
"3.2.2.2.2.1.2.1.2.2.2.1.1.2.3.2.2.2.2.2.2.2",0.341040474612383,FALSE,TRUE,38
"3.2.2.2.2.1.2.1.2.2.2.2.1.1.3.2.2.2.2.2.2.2",0.255719526841472,FALSE,TRUE,38
"3.2.2.2.2.1.2.1.2.2.2.2.1.2.2.2.2.2.2.2.2.2",0.247768573712333,FALSE,TRUE,37
"3.2.2.2.2.1.2.1.2.2.2.2.1.2.3.1.2.2.2.2.2.2",0.324519489522652,FALSE,TRUE,38
"3.2.2.2.2.1.2.1.2.2.2.2.1.2.3.2.1.2.2.2.2.2",0.185672994189023,FALSE,TRUE,38
"3.2.2.2.2.1.2.1.2.2.2.2.1.2.3.2.2.1.2.2.2.2",0.266509241170961,FALSE,TRUE,38
"3.2.2.2.2.1.2.1.2.2.2.2.1.2.3.2.2.2.1.2.2.2",0.497746707353685,FALSE,TRUE,38
"3.2.2.2.2.1.2.1.2.2.2.2.1.2.3.2.2.2.2.1.2.2",0.287580097894705,FALSE,TRUE,38
"3.2.2.2.2.1.2.1.2.2.2.2.1.2.3.2.2.2.2.2.1.2",0.26893985531393,FALSE,TRUE,38
"3.2.2.2.2.1.2.1.2.2.2.2.1.2.3.2.2.2.2.2.2.1",0.287950203904934,FALSE,TRUE,38
"2.2.2.2.2.1.2.2.1.2.2.3.1.2.2.2.2.2.2.2.2.2",0.336270395539397,FALSE,TRUE,37
"2.1.3.2.2.1.2.2.1.2.2.3.1.2.2.2.2.2.2.2.2.2",0.410546691291689,FALSE,TRUE,38
"2.1.2.3.2.1.2.2.1.2.2.3.1.2.2.2.2.2.2.2.2.2",0.254345925357664,FALSE,TRUE,38
"2.1.2.2.3.1.2.2.1.2.2.3.1.2.2.2.2.2.2.2.2.2",0.546752543047577,FALSE,TRUE,38
"2.1.2.2.2.1.3.2.1.2.2.3.1.2.2.2.2.2.2.2.2.2",0.625637295959224,FALSE,TRUE,38
"2.1.2.2.2.1.2.3.1.2.2.3.1.2.2.2.2.2.2.2.2.2",0.222859578764543,FALSE,TRUE,38
"2.1.2.2.2.1.2.2.1.3.2.3.1.2.2.2.2.2.2.2.2.2",0.479284334106097,FALSE,TRUE,38
"2.1.2.2.2.1.2.2.1.2.3.3.1.2.2.2.2.2.2.2.2.2",0.326139726819494,FALSE,TRUE,38
"2.1.2.2.2.1.2.2.1.2.2.4.1.2.2.2.2.2.2.2.2.2",0.271626344359675,FALSE,TRUE,39
"2.1.2.2.2.1.2.2.1.2.2.3.2.2.2.2.2.2.2.2.2.2",0.494968593002533,FALSE,TRUE,39
"2.1.2.2.2.1.2.2.1.2.2.3.1.3.2.2.2.2.2.2.2.2",0.624186820035391,FALSE,TRUE,38
"2.1.2.2.2.1.2.2.1.2.2.3.1.2.3.2.2.2.2.2.2.2",0.494183098537755,FALSE,TRUE,37
"2.1.2.2.2.1.2.2.1.2.2.3.1.2.2.3.2.2.2.2.2.2",0.416522280361112,FALSE,TRUE,38
"2.1.2.2.2.1.2.2.1.2.2.3.1.2.2.2.3.2.2.2.2.2",0.312918763980615,FALSE,TRUE,38
"2.1.2.2.2.1.2.2.1.2.2.3.1.2.2.2.2.3.2.2.2.2",0.412246223403844,FALSE,TRUE,38
"2.1.2.2.2.1.2.2.1.2.2.3.1.2.2.2.2.2.3.2.2.2",0.379444520593592,FALSE,TRUE,37
"2.1.2.2.2.1.2.2.1.2.2.3.1.2.2.2.2.2.2.3.2.2",0.318280926979356,FALSE,TRUE,38
"2.1.2.2.2.1.2.2.1.2.2.3.1.2.2.2.2.2.2.2.3.2",0.375611103184293,FALSE,TRUE,38
"2.1.2.2.2.1.2.2.1.2.2.3.1.2.2.2.2.2.2.2.2.3",0.480578427353572,FALSE,TRUE,38
"1.1.2.2.2.1.2.2.1.2.2.3.1.2.2.2.2.2.2.2.2.2",0.386568589005025,FALSE,TRUE,37
"2.1.1.2.2.1.2.2.1.2.2.3.1.2.2.2.2.2.2.2.2.2",0.3719809138912,FALSE,TRUE,37
"2.1.2.1.2.1.2.2.1.2.2.3.1.2.2.2.2.2.2.2.2.2",0.419781170204938,FALSE,TRUE,37
"2.1.2.2.1.1.2.2.1.2.2.3.1.2.2.2.2.2.2.2.2.2",0.328230728895041,FALSE,TRUE,37
"2.1.2.2.2.1.1.2.1.2.2.3.1.2.2.2.2.2.2.2.2.2",0.224887014878147,FALSE,TRUE,37
"2.1.2.2.2.1.2.1.1.2.2.3.1.2.2.2.2.2.2.2.2.2",0.41194736524002,FALSE,TRUE,37
"2.1.2.2.2.1.2.2.1.1.2.3.1.2.2.2.2.2.2.2.2.2",0.145472578010332,FALSE,TRUE,37
"2.1.2.2.2.1.2.2.1.2.1.3.1.2.2.2.2.2.2.2.2.2",0.303414256740029,FALSE,TRUE,37
"2.1.2.2.2.1.2.2.1.2.2.3.1.1.2.2.2.2.2.2.2.2",0.241057202823761,FALSE,TRUE,37
"2.1.2.2.2.1.2.2.1.2.2.3.1.2.1.2.2.2.2.2.2.2",0.458325518841131,FALSE,TRUE,37
"2.1.2.2.2.1.2.2.1.2.2.3.1.2.2.1.2.2.2.2.2.2",0.453372441672035,FALSE,TRUE,37
"2.1.2.2.2.1.2.2.1.2.2.3.1.2.2.2.1.2.2.2.2.2",0.3167213992354,FALSE,TRUE,37
"2.1.2.2.2.1.2.2.1.2.2.3.1.2.2.2.2.1.2.2.2.2",0.428709226743322,FALSE,TRUE,37
"2.1.2.2.2.1.2.2.1.2.2.3.1.2.2.2.2.2.1.2.2.2",0.437816708849391,FALSE,TRUE,37
"2.1.2.2.2.1.2.2.1.2.2.3.1.2.2.2.2.2.2.1.2.2",0.396891135880668,FALSE,TRUE,37
"2.1.2.2.2.1.2.2.1.2.2.3.1.2.2.2.2.2.2.2.1.2",0.605707341562347,FALSE,TRUE,37
"2.1.2.2.2.1.2.2.1.2.2.3.1.2.2.2.2.2.2.2.2.1",0.512684962912318,FALSE,TRUE,37
"3.2.2.2.2.2.2.2.2.3.2.2.1.2.2.2.2.2.2.2.2.2",-0.00327671437865884,FALSE,TRUE,40
"2.3.2.2.2.2.2.2.2.3.2.2.1.2.2.2.2.2.2.2.2.2",-0.058376859971728,FALSE,TRUE,41
"2.2.3.2.2.2.2.2.2.3.2.2.1.2.2.2.2.2.2.2.2.2",0.226529725577968,FALSE,TRUE,41
"2.2.2.3.2.2.2.2.2.3.2.2.1.2.2.2.2.2.2.2.2.2",0.163123740300429,FALSE,TRUE,41
"2.2.2.2.3.2.2.2.2.3.2.2.1.2.2.2.2.2.2.2.2.2",0.222268324378002,FALSE,TRUE,40
"2.2.2.2.2.3.2.2.2.3.2.2.1.2.2.2.2.2.2.2.2.2",0.23707822387815,FALSE,TRUE,41
"2.2.2.2.2.2.3.2.2.3.2.2.1.2.2.2.2.2.2.2.2.2",0.0581212297957794,FALSE,TRUE,41
"2.2.2.2.2.2.2.3.2.3.2.2.1.2.2.2.2.2.2.2.2.2",0.156613950226369,FALSE,TRUE,41
"2.2.2.2.2.2.2.2.3.3.2.2.1.2.2.2.2.2.2.2.2.2",0.181633979665507,FALSE,TRUE,41
"2.2.2.2.2.2.2.2.2.4.2.2.1.2.2.2.2.2.2.2.2.2",0.0832906973123132,FALSE,TRUE,42
"2.2.2.2.2.2.2.2.2.3.3.2.1.2.2.2.2.2.2.2.2.2",-0.111144598517947,FALSE,TRUE,41
"2.2.2.2.2.2.2.2.2.3.2.3.1.2.2.2.2.2.2.2.2.2",0.0948499550599127,FALSE,TRUE,40
"2.2.2.2.2.2.2.2.2.3.2.2.1.2.2.3.2.2.2.2.2.2",0.0506877306230133,FALSE,TRUE,39
"2.2.2.2.2.2.2.2.2.3.2.2.1.2.2.2.3.2.2.2.2.2",0.371504795957855,FALSE,TRUE,41
"2.2.2.2.2.2.2.2.2.3.2.2.1.2.2.2.2.3.2.2.2.2",0.0111758343773176,FALSE,TRUE,41
"2.2.2.2.2.2.2.2.2.3.2.2.1.2.2.2.2.2.2.3.2.2",0.245508986116743,FALSE,TRUE,41
"2.2.2.2.2.2.2.2.2.3.2.2.1.2.2.2.2.2.2.2.3.2",-0.203438107920301,FALSE,TRUE,41
"2.2.2.2.2.2.2.2.2.3.2.2.1.2.2.2.2.2.2.2.2.3",0.282814715283221,FALSE,TRUE,41
"1.2.2.2.2.2.2.2.2.3.2.2.1.2.2.2.2.2.2.2.2.2",0.0454495210569429,FALSE,TRUE,40
"2.1.2.2.2.2.2.2.2.3.2.2.1.2.2.2.2.2.2.2.2.2",0.50486493303352,FALSE,TRUE,38
"2.2.1.2.2.2.2.2.2.3.2.2.1.2.2.2.2.2.2.2.2.2",0.186800597805271,FALSE,TRUE,40
"2.2.2.1.2.2.2.2.2.3.2.2.1.2.2.2.2.2.2.2.2.2",0.227008672828893,FALSE,TRUE,38
"2.2.2.2.1.2.2.2.2.3.2.2.1.2.2.2.2.2.2.2.2.2",0.0918277874334834,FALSE,TRUE,40
"2.2.2.2.2.2.1.2.2.3.2.2.1.2.2.2.2.2.2.2.2.2",0.154232385276216,FALSE,TRUE,40
"2.2.2.2.2.2.2.1.2.3.2.2.1.2.2.2.2.2.2.2.2.2",0.407851600357609,FALSE,TRUE,39
"2.2.2.2.2.2.2.2.2.3.1.2.1.2.2.2.2.2.2.2.2.2",0.324429424842024,FALSE,TRUE,40
"2.2.2.2.2.2.2.2.2.3.2.1.1.2.2.2.2.2.2.2.2.2",0.288573536186057,FALSE,TRUE,40
"2.2.2.2.2.2.2.2.2.3.2.2.1.1.2.2.2.2.2.2.2.2",0.190962653483104,FALSE,TRUE,40
"2.2.2.2.2.2.2.2.2.3.2.2.1.2.1.2.2.2.2.2.2.2",0.18377935609694,FALSE,TRUE,40
"2.2.2.2.2.2.2.2.2.3.2.2.1.2.2.1.2.2.2.2.2.2",0.268548730910586,FALSE,TRUE,40
"2.2.2.2.2.2.2.2.2.3.2.2.1.2.2.2.1.2.2.2.2.2",0.0798462489245017,FALSE,TRUE,40
"2.2.2.2.2.2.2.2.2.3.2.2.1.2.2.2.2.1.2.2.2.2",0.33423319538964,FALSE,TRUE,38
"2.2.2.2.2.2.2.2.2.3.2.2.1.2.2.2.2.2.1.2.2.2",0.326493246965058,FALSE,TRUE,40
"2.2.2.2.2.2.2.2.2.3.2.2.1.2.2.2.2.2.2.1.2.2",0.268679813243469,FALSE,TRUE,39
"2.2.2.2.2.2.2.2.2.3.2.2.1.2.2.2.2.2.2.2.1.2",0.343408899627875,FALSE,TRUE,40
"2.2.2.2.2.2.2.2.2.3.2.2.1.2.2.2.2.2.2.2.2.1",0.00346489259884156,FALSE,TRUE,40
"4.2.2.2.2.2.3.2.1.2.2.2.1.2.2.2.2.1.2.2.2.2",0.111639977126258,FALSE,TRUE,39
"3.3.2.2.2.2.3.2.1.2.2.2.1.2.2.2.2.1.2.2.2.2",0.44828479629845,FALSE,TRUE,39
"3.2.3.2.2.2.3.2.1.2.2.2.1.2.2.2.2.1.2.2.2.2",0.401888824652563,FALSE,TRUE,39
"3.2.2.3.2.2.3.2.1.2.2.2.1.2.2.2.2.1.2.2.2.2",0.384847900180688,FALSE,TRUE,39
"3.2.2.2.3.2.3.2.1.2.2.2.1.2.2.2.2.1.2.2.2.2",0.406329347884982,FALSE,TRUE,39
"3.2.2.2.2.3.3.2.1.2.2.2.1.2.2.2.2.1.2.2.2.2",0.386014014038468,FALSE,TRUE,39
"3.2.2.2.2.2.4.2.1.2.2.2.1.2.2.2.2.1.2.2.2.2",0.436696998783006,FALSE,TRUE,40
"3.2.2.2.2.2.3.3.1.2.2.2.1.2.2.2.2.1.2.2.2.2",0.421030889522464,FALSE,TRUE,39
"3.2.2.2.2.2.3.2.2.2.2.2.1.2.2.2.2.1.2.2.2.2",0.493593737593899,FALSE,TRUE,40
"3.2.2.2.2.2.3.2.1.3.2.2.1.2.2.2.2.1.2.2.2.2",0.27454059002868,FALSE,TRUE,39
"3.2.2.2.2.2.3.2.1.2.3.2.1.2.2.2.2.1.2.2.2.2",0.43294846580794,FALSE,TRUE,39
"3.2.2.2.2.2.3.2.1.2.2.3.1.2.2.2.2.1.2.2.2.2",0.639254056074893,FALSE,TRUE,39
"3.2.2.2.2.2.3.2.1.2.2.2.2.2.2.2.2.1.2.2.2.2",0.285744815693774,FALSE,TRUE,40
"3.2.2.2.2.2.3.2.1.2.2.2.1.3.2.2.2.1.2.2.2.2",0.53063026036378,FALSE,TRUE,39
"3.2.2.2.2.2.3.2.1.2.2.2.1.2.3.2.2.1.2.2.2.2",0.310764826801458,FALSE,TRUE,39
"3.2.2.2.2.2.3.2.1.2.2.2.1.2.2.3.2.1.2.2.2.2",0.155857102322162,FALSE,TRUE,39
"3.2.2.2.2.2.3.2.1.2.2.2.1.2.2.2.3.1.2.2.2.2",0.451951425074962,FALSE,TRUE,39
"3.2.2.2.2.2.3.2.1.2.2.2.1.2.2.2.2.1.3.2.2.2",0.445990187097666,FALSE,TRUE,39
"3.2.2.2.2.2.3.2.1.2.2.2.1.2.2.2.2.1.2.3.2.2",0.596724373783917,FALSE,TRUE,39
"3.2.2.2.2.2.3.2.1.2.2.2.1.2.2.2.2.1.2.2.3.2",0.258845196297393,FALSE,TRUE,39
"3.2.2.2.2.2.3.2.1.2.2.2.1.2.2.2.2.1.2.2.2.3",0.386971545223478,FALSE,TRUE,39
"3.1.2.2.2.2.3.2.1.2.2.2.1.2.2.2.2.1.2.2.2.2",0.309004829165053,FALSE,TRUE,37
"3.2.1.2.2.2.3.2.1.2.2.2.1.2.2.2.2.1.2.2.2.2",0.330725480901955,FALSE,TRUE,38
"3.2.2.1.2.2.3.2.1.2.2.2.1.2.2.2.2.1.2.2.2.2",0.386061738881782,FALSE,TRUE,38
"3.2.2.2.1.2.3.2.1.2.2.2.1.2.2.2.2.1.2.2.2.2",0.35995068552029,FALSE,TRUE,38
"3.2.2.2.2.1.3.2.1.2.2.2.1.2.2.2.2.1.2.2.2.2",0.432907009137733,FALSE,TRUE,38
"3.2.2.2.2.2.3.1.1.2.2.2.1.2.2.2.2.1.2.2.2.2",0.279275987098834,FALSE,TRUE,38
"3.2.2.2.2.2.3.2.1.1.2.2.1.2.2.2.2.1.2.2.2.2",0.241034995202219,FALSE,TRUE,38
"3.2.2.2.2.2.3.2.1.2.1.2.1.2.2.2.2.1.2.2.2.2",0.200289246547584,FALSE,TRUE,38
"3.2.2.2.2.2.3.2.1.2.2.1.1.2.2.2.2.1.2.2.2.2",0.0850985818783724,FALSE,TRUE,38
"3.2.2.2.2.2.3.2.1.2.2.2.1.1.2.2.2.1.2.2.2.2",0.369528115634898,FALSE,TRUE,37
"3.2.2.2.2.2.3.2.1.2.2.2.1.2.1.2.2.1.2.2.2.2",0.489141587595698,FALSE,TRUE,38
"3.2.2.2.2.2.3.2.1.2.2.2.1.2.2.1.2.1.2.2.2.2",0.369675360656201,FALSE,TRUE,38
"3.2.2.2.2.2.3.2.1.2.2.2.1.2.2.2.1.1.2.2.2.2",0.0966116224019505,FALSE,TRUE,38
"3.2.2.2.2.2.3.2.1.2.2.2.1.2.2.2.2.1.1.2.2.2",0.260418045424935,FALSE,TRUE,38
"3.2.2.2.2.2.3.2.1.2.2.2.1.2.2.2.2.1.2.1.2.2",0.115407026661086,FALSE,TRUE,38
"3.2.2.2.2.2.3.2.1.2.2.2.1.2.2.2.2.1.2.2.1.2",0.424350938950797,FALSE,TRUE,38
"3.2.2.2.2.2.3.2.1.2.2.2.1.2.2.2.2.1.2.2.2.1",0.425616615514794,FALSE,TRUE,38
"3.2.2.2.2.1.2.1.2.2.2.2.2.2.2.2.2.2.2.1.2.2",0.0332208891626365,FALSE,TRUE,39
"2.3.2.2.2.1.2.1.2.2.2.2.2.2.2.2.2.2.2.1.2.2",0.191222017891614,FALSE,TRUE,39
"2.2.3.2.2.1.2.1.2.2.2.2.2.2.2.2.2.2.2.1.2.2",0.0513470912818022,FALSE,TRUE,39
"2.2.2.3.2.1.2.1.2.2.2.2.2.2.2.2.2.2.2.1.2.2",-0.107834746057645,FALSE,TRUE,39
"2.2.2.2.3.1.2.1.2.2.2.2.2.2.2.2.2.2.2.1.2.2",0.191676067659831,FALSE,TRUE,39
"2.2.2.2.2.1.3.1.2.2.2.2.2.2.2.2.2.2.2.1.2.2",0.108453355328751,FALSE,TRUE,39
"2.2.2.2.2.1.2.1.3.2.2.2.2.2.2.2.2.2.2.1.2.2",0.323676110314149,FALSE,TRUE,38
"2.2.2.2.2.1.2.1.2.3.2.2.2.2.2.2.2.2.2.1.2.2",0.398112438667343,FALSE,TRUE,39
"2.2.2.2.2.1.2.1.2.2.3.2.2.2.2.2.2.2.2.1.2.2",-0.0810797084809469,FALSE,TRUE,39
"2.2.2.2.2.1.2.1.2.2.2.3.2.2.2.2.2.2.2.1.2.2",0.196905151925274,FALSE,TRUE,39
"2.2.2.2.2.1.2.1.2.2.2.2.3.2.2.2.2.2.2.1.2.2",-0.00962176877370928,FALSE,TRUE,39
"2.2.2.2.2.1.2.1.2.2.2.2.2.3.2.2.2.2.2.1.2.2",0.149948936886353,FALSE,TRUE,39
"2.2.2.2.2.1.2.1.2.2.2.2.2.2.3.2.2.2.2.1.2.2",0.434543704020176,FALSE,TRUE,39
"2.2.2.2.2.1.2.1.2.2.2.2.2.2.2.3.2.2.2.1.2.2",-0.021441745245371,FALSE,TRUE,39
"2.2.2.2.2.1.2.1.2.2.2.2.2.2.2.2.3.2.2.1.2.2",0.349929751165276,FALSE,TRUE,39
"2.2.2.2.2.1.2.1.2.2.2.2.2.2.2.2.2.3.2.1.2.2",0.123603560959037,FALSE,TRUE,39
"2.2.2.2.2.1.2.1.2.2.2.2.2.2.2.2.2.2.3.1.2.2",-0.0274065549717641,FALSE,TRUE,39
"2.2.2.2.2.1.2.1.2.2.2.2.2.2.2.2.2.2.2.2.2.2",0.385252170077698,FALSE,TRUE,38
"2.2.2.2.2.1.2.1.2.2.2.2.2.2.2.2.2.2.2.1.3.2",-0.0455002570290885,FALSE,TRUE,39
"2.2.2.2.2.1.2.1.2.2.2.2.2.2.2.2.2.2.2.1.2.3",0.16821108422826,FALSE,TRUE,39
"1.2.2.2.2.1.2.1.2.2.2.2.2.2.2.2.2.2.2.1.2.2",0.186723868418082,FALSE,TRUE,38
"2.1.2.2.2.1.2.1.2.2.2.2.2.2.2.2.2.2.2.1.2.2",0.221064040431422,FALSE,TRUE,38
"2.2.1.2.2.1.2.1.2.2.2.2.2.2.2.2.2.2.2.1.2.2",0.430967562631597,FALSE,TRUE,38
"2.2.2.1.2.1.2.1.2.2.2.2.2.2.2.2.2.2.2.1.2.2",0.460529251383469,FALSE,TRUE,38
"2.2.2.2.1.1.2.1.2.2.2.2.2.2.2.2.2.2.2.1.2.2",0.171597683881135,FALSE,TRUE,38
"2.2.2.2.2.1.1.1.2.2.2.2.2.2.2.2.2.2.2.1.2.2",0.0760614147613237,FALSE,TRUE,38
"2.2.2.2.2.1.2.1.1.2.2.2.2.2.2.2.2.2.2.1.2.2",0.00415928745902318,FALSE,TRUE,38
"2.2.2.2.2.1.2.1.2.1.2.2.2.2.2.2.2.2.2.1.2.2",0.0482134120211901,FALSE,TRUE,38
"2.2.2.2.2.1.2.1.2.2.1.2.2.2.2.2.2.2.2.1.2.2",0.191077233482271,FALSE,TRUE,38
"2.2.2.2.2.1.2.1.2.2.2.1.2.2.2.2.2.2.2.1.2.2",0.300878511554778,FALSE,TRUE,38
"2.2.2.2.2.1.2.1.2.2.2.2.1.2.2.2.2.2.2.1.2.2",0.350420746480238,FALSE,TRUE,36
"2.2.2.2.2.1.2.1.2.2.2.2.2.1.2.2.2.2.2.1.2.2",0.150494910047285,FALSE,TRUE,38
"2.2.2.2.2.1.2.1.2.2.2.2.2.2.1.2.2.2.2.1.2.2",0.0717456697549061,FALSE,TRUE,38
"2.2.2.2.2.1.2.1.2.2.2.2.2.2.2.1.2.2.2.1.2.2",0.184382375838036,FALSE,TRUE,38
"2.2.2.2.2.1.2.1.2.2.2.2.2.2.2.2.1.2.2.1.2.2",0.0450419231543428,FALSE,TRUE,38
"2.2.2.2.2.1.2.1.2.2.2.2.2.2.2.2.2.1.2.1.2.2",0.221385209636086,FALSE,TRUE,38
"2.2.2.2.2.1.2.1.2.2.2.2.2.2.2.2.2.2.1.1.2.2",0.290826309497804,FALSE,TRUE,38
"2.2.2.2.2.1.2.1.2.2.2.2.2.2.2.2.2.2.2.1.1.2",0.321130490286909,FALSE,TRUE,38
"2.2.2.2.2.1.2.1.2.2.2.2.2.2.2.2.2.2.2.1.2.1",0.168217010776695,FALSE,TRUE,38
"4.1.2.2.2.2.2.2.1.2.2.2.1.2.1.2.2.2.2.2.2.2",0.314597831363484,FALSE,TRUE,38
"3.1.3.2.2.2.2.2.1.2.2.2.1.2.1.2.2.2.2.2.2.2",0.297034183850756,FALSE,TRUE,38
"3.1.2.3.2.2.2.2.1.2.2.2.1.2.1.2.2.2.2.2.2.2",0.367886706375651,FALSE,TRUE,38
"3.1.2.2.3.2.2.2.1.2.2.2.1.2.1.2.2.2.2.2.2.2",0.418686105970313,FALSE,TRUE,38
"3.1.2.2.2.3.2.2.1.2.2.2.1.2.1.2.2.2.2.2.2.2",0.371825817648846,FALSE,TRUE,38
"3.1.2.2.2.2.3.2.1.2.2.2.1.2.1.2.2.2.2.2.2.2",0.479641842155024,FALSE,TRUE,38
"3.1.2.2.2.2.2.3.1.2.2.2.1.2.1.2.2.2.2.2.2.2",0.405067953322196,FALSE,TRUE,38
"3.1.2.2.2.2.2.2.2.2.2.2.1.2.1.2.2.2.2.2.2.2",0.508928652422674,FALSE,TRUE,39
"3.1.2.2.2.2.2.2.1.3.2.2.1.2.1.2.2.2.2.2.2.2",0.522997876739048,FALSE,TRUE,38
"3.1.2.2.2.2.2.2.1.2.3.2.1.2.1.2.2.2.2.2.2.2",0.254009589811879,FALSE,TRUE,38
"3.1.2.2.2.2.2.2.1.2.2.2.2.2.1.2.2.2.2.2.2.2",0.332587497523033,FALSE,TRUE,39
"3.1.2.2.2.2.2.2.1.2.2.2.1.3.1.2.2.2.2.2.2.2",0.39563354762026,FALSE,TRUE,38
"3.1.2.2.2.2.2.2.1.2.2.2.1.2.1.3.2.2.2.2.2.2",-0.00725907438324084,FALSE,TRUE,38
"3.1.2.2.2.2.2.2.1.2.2.2.1.2.1.2.3.2.2.2.2.2",0.394397038753594,FALSE,TRUE,38
"3.1.2.2.2.2.2.2.1.2.2.2.1.2.1.2.2.3.2.2.2.2",0.429133510108006,FALSE,TRUE,38
"3.1.2.2.2.2.2.2.1.2.2.2.1.2.1.2.2.2.3.2.2.2",0.308556607216336,FALSE,TRUE,38
"3.1.2.2.2.2.2.2.1.2.2.2.1.2.1.2.2.2.2.3.2.2",0.532292061935198,FALSE,TRUE,38
"3.1.2.2.2.2.2.2.1.2.2.2.1.2.1.2.2.2.2.2.3.2",0.227086253963935,FALSE,TRUE,38
"3.1.2.2.2.2.2.2.1.2.2.2.1.2.1.2.2.2.2.2.2.3",0.27681971576615,FALSE,TRUE,38
"3.1.1.2.2.2.2.2.1.2.2.2.1.2.1.2.2.2.2.2.2.2",0.439857038423468,FALSE,TRUE,37
"3.1.2.1.2.2.2.2.1.2.2.2.1.2.1.2.2.2.2.2.2.2",0.224230153028282,FALSE,TRUE,37
"3.1.2.2.1.2.2.2.1.2.2.2.1.2.1.2.2.2.2.2.2.2",0.299683134479745,FALSE,TRUE,37
"3.1.2.2.2.1.2.2.1.2.2.2.1.2.1.2.2.2.2.2.2.2",0.439339748542075,FALSE,TRUE,36
"3.1.2.2.2.2.1.2.1.2.2.2.1.2.1.2.2.2.2.2.2.2",0.339332278236258,FALSE,TRUE,37
"3.1.2.2.2.2.2.1.1.2.2.2.1.2.1.2.2.2.2.2.2.2",0.236992836656244,FALSE,TRUE,37
"3.1.2.2.2.2.2.2.1.1.2.2.1.2.1.2.2.2.2.2.2.2",-0.00429730434232355,FALSE,TRUE,37
"3.1.2.2.2.2.2.2.1.2.1.2.1.2.1.2.2.2.2.2.2.2",0.262796149525514,FALSE,TRUE,37
"3.1.2.2.2.2.2.2.1.2.2.1.1.2.1.2.2.2.2.2.2.2",0.32921545486624,FALSE,TRUE,37
"3.1.2.2.2.2.2.2.1.2.2.2.1.1.1.2.2.2.2.2.2.2",0.371704131561042,FALSE,TRUE,36
"3.1.2.2.2.2.2.2.1.2.2.2.1.2.1.1.2.2.2.2.2.2",0.490522175974661,FALSE,TRUE,37
"3.1.2.2.2.2.2.2.1.2.2.2.1.2.1.2.1.2.2.2.2.2",0.101366911800808,FALSE,TRUE,37
"3.1.2.2.2.2.2.2.1.2.2.2.1.2.1.2.2.1.2.2.2.2",0.185768757252869,FALSE,TRUE,36
"3.1.2.2.2.2.2.2.1.2.2.2.1.2.1.2.2.2.1.2.2.2",0.342009487687643,FALSE,TRUE,37
"3.1.2.2.2.2.2.2.1.2.2.2.1.2.1.2.2.2.2.1.2.2",0.179021835179514,FALSE,TRUE,37
"3.1.2.2.2.2.2.2.1.2.2.2.1.2.1.2.2.2.2.2.1.2",0.468580170467414,FALSE,TRUE,37
"3.1.2.2.2.2.2.2.1.2.2.2.1.2.1.2.2.2.2.2.2.1",0.32352842570332,FALSE,TRUE,37
"4.1.2.2.2.2.2.2.1.2.2.2.1.2.2.2.2.2.2.2.1.2",0.215101918388524,FALSE,TRUE,38
"3.1.3.2.2.2.2.2.1.2.2.2.1.2.2.2.2.2.2.2.1.2",0.379715569860842,FALSE,TRUE,38
"3.1.2.3.2.2.2.2.1.2.2.2.1.2.2.2.2.2.2.2.1.2",0.392702084647522,FALSE,TRUE,38
"3.1.2.2.3.2.2.2.1.2.2.2.1.2.2.2.2.2.2.2.1.2",0.264557408063449,FALSE,TRUE,38
"3.1.2.2.2.3.2.2.1.2.2.2.1.2.2.2.2.2.2.2.1.2",0.366380874688274,FALSE,TRUE,38
"3.1.2.2.2.2.3.2.1.2.2.2.1.2.2.2.2.2.2.2.1.2",0.659860687071636,FALSE,TRUE,38
"3.1.2.2.2.2.2.3.1.2.2.2.1.2.2.2.2.2.2.2.1.2",0.280630041768676,FALSE,TRUE,38
"3.1.2.2.2.2.2.2.2.2.2.2.1.2.2.2.2.2.2.2.1.2",0.44708106238919,FALSE,TRUE,39
"3.1.2.2.2.2.2.2.1.3.2.2.1.2.2.2.2.2.2.2.1.2",0.499206638280473,FALSE,TRUE,38
"3.1.2.2.2.2.2.2.1.2.3.2.1.2.2.2.2.2.2.2.1.2",0.250508377939876,FALSE,TRUE,38
"3.1.2.2.2.2.2.2.1.2.2.2.2.2.2.2.2.2.2.2.1.2",0.577870183590349,FALSE,TRUE,39
"3.1.2.2.2.2.2.2.1.2.2.2.1.3.2.2.2.2.2.2.1.2",0.491130826369724,FALSE,TRUE,38
"3.1.2.2.2.2.2.2.1.2.2.2.1.2.3.2.2.2.2.2.1.2",0.371925437286823,FALSE,TRUE,37
"3.1.2.2.2.2.2.2.1.2.2.2.1.2.2.3.2.2.2.2.1.2",0.362147979898374,FALSE,TRUE,38
"3.1.2.2.2.2.2.2.1.2.2.2.1.2.2.2.3.2.2.2.1.2",0.468121459605083,FALSE,TRUE,38
"3.1.2.2.2.2.2.2.1.2.2.2.1.2.2.2.2.3.2.2.1.2",0.654953701303136,FALSE,TRUE,38
"3.1.2.2.2.2.2.2.1.2.2.2.1.2.2.2.2.2.3.2.1.2",0.403203967946021,FALSE,TRUE,38
"3.1.2.2.2.2.2.2.1.2.2.2.1.2.2.2.2.2.2.3.1.2",0.533906436282232,FALSE,TRUE,38
"3.1.2.2.2.2.2.2.1.2.2.2.1.2.2.2.2.2.2.2.1.3",0.466443105712063,FALSE,TRUE,38
"3.1.1.2.2.2.2.2.1.2.2.2.1.2.2.2.2.2.2.2.1.2",0.426248772658412,FALSE,TRUE,37
"3.1.2.1.2.2.2.2.1.2.2.2.1.2.2.2.2.2.2.2.1.2",0.199094566682306,FALSE,TRUE,37
"3.1.2.2.1.2.2.2.1.2.2.2.1.2.2.2.2.2.2.2.1.2",0.551028060904582,FALSE,TRUE,37
"3.1.2.2.2.1.2.2.1.2.2.2.1.2.2.2.2.2.2.2.1.2",0.405565595829328,FALSE,TRUE,36
"3.1.2.2.2.2.1.2.1.2.2.2.1.2.2.2.2.2.2.2.1.2",0.109544462653442,FALSE,TRUE,37
"3.1.2.2.2.2.2.1.1.2.2.2.1.2.2.2.2.2.2.2.1.2",0.372446359116673,FALSE,TRUE,37
"3.1.2.2.2.2.2.2.1.1.2.2.1.2.2.2.2.2.2.2.1.2",0.128358903007552,FALSE,TRUE,37
"3.1.2.2.2.2.2.2.1.2.1.2.1.2.2.2.2.2.2.2.1.2",0.30496584134495,FALSE,TRUE,37
"3.1.2.2.2.2.2.2.1.2.2.1.1.2.2.2.2.2.2.2.1.2",0.250605640103534,FALSE,TRUE,37
"3.1.2.2.2.2.2.2.1.2.2.2.1.1.2.2.2.2.2.2.1.2",0.317513131465903,FALSE,TRUE,36
"3.1.2.2.2.2.2.2.1.2.2.2.1.2.2.1.2.2.2.2.1.2",0.344376513511959,FALSE,TRUE,37
"3.1.2.2.2.2.2.2.1.2.2.2.1.2.2.2.1.2.2.2.1.2",0.0733054591841166,FALSE,TRUE,37
"3.1.2.2.2.2.2.2.1.2.2.2.1.2.2.2.2.1.2.2.1.2",0.10410544958834,FALSE,TRUE,36
"3.1.2.2.2.2.2.2.1.2.2.2.1.2.2.2.2.2.1.2.1.2",0.399721835632666,FALSE,TRUE,37
"3.1.2.2.2.2.2.2.1.2.2.2.1.2.2.2.2.2.2.1.1.2",0.185240324783702,FALSE,TRUE,37
"3.1.2.2.2.2.2.2.1.2.2.2.1.2.2.2.2.2.2.2.1.1",0.363416322940543,FALSE,TRUE,37
"4.1.2.2.2.2.2.2.1.2.2.2.1.2.2.2.2.1.2.2.2.2",0.119429039310559,FALSE,TRUE,37
"3.1.3.2.2.2.2.2.1.2.2.2.1.2.2.2.2.1.2.2.2.2",0.351875538775346,FALSE,TRUE,37
"3.1.2.3.2.2.2.2.1.2.2.2.1.2.2.2.2.1.2.2.2.2",0.458378558618018,FALSE,TRUE,37
"3.1.2.2.3.2.2.2.1.2.2.2.1.2.2.2.2.1.2.2.2.2",0.156934574691483,FALSE,TRUE,37
"3.1.2.2.2.3.2.2.1.2.2.2.1.2.2.2.2.1.2.2.2.2",0.134464609883111,FALSE,TRUE,37
"3.1.2.2.2.2.2.3.1.2.2.2.1.2.2.2.2.1.2.2.2.2",0.236809943671143,FALSE,TRUE,37
"3.1.2.2.2.2.2.2.2.2.2.2.1.2.2.2.2.1.2.2.2.2",0.322858385636949,FALSE,TRUE,38
"3.1.2.2.2.2.2.2.1.3.2.2.1.2.2.2.2.1.2.2.2.2",0.438632709157881,FALSE,TRUE,37
"3.1.2.2.2.2.2.2.1.2.3.2.1.2.2.2.2.1.2.2.2.2",0.0813155411466435,FALSE,TRUE,37
"3.1.2.2.2.2.2.2.1.2.2.2.2.2.2.2.2.1.2.2.2.2",0.295534632220876,FALSE,TRUE,38
"3.1.2.2.2.2.2.2.1.2.2.2.1.3.2.2.2.1.2.2.2.2",0.223894000123375,FALSE,TRUE,37
"3.1.2.2.2.2.2.2.1.2.2.2.1.2.3.2.2.1.2.2.2.2",0.182818940019014,FALSE,TRUE,36
"3.1.2.2.2.2.2.2.1.2.2.2.1.2.2.3.2.1.2.2.2.2",-0.0683031182331167,FALSE,TRUE,37
"3.1.2.2.2.2.2.2.1.2.2.2.1.2.2.2.3.1.2.2.2.2",0.440873642661694,FALSE,TRUE,37
"3.1.2.2.2.2.2.2.1.2.2.2.1.2.2.2.2.1.3.2.2.2",0.245852252628778,FALSE,TRUE,37
"3.1.2.2.2.2.2.2.1.2.2.2.1.2.2.2.2.1.2.3.2.2",0.498807693053685,FALSE,TRUE,37
"3.1.2.2.2.2.2.2.1.2.2.2.1.2.2.2.2.1.2.2.3.2",0.300828838305326,FALSE,TRUE,37
"3.1.2.2.2.2.2.2.1.2.2.2.1.2.2.2.2.1.2.2.2.3",0.343637655197362,FALSE,TRUE,37
"3.1.1.2.2.2.2.2.1.2.2.2.1.2.2.2.2.1.2.2.2.2",0.0792201494259408,FALSE,TRUE,36
"3.1.2.1.2.2.2.2.1.2.2.2.1.2.2.2.2.1.2.2.2.2",-0.148280953781753,FALSE,TRUE,36
"3.1.2.2.1.2.2.2.1.2.2.2.1.2.2.2.2.1.2.2.2.2",0.192425968075359,FALSE,TRUE,36
"3.1.2.2.2.1.2.2.1.2.2.2.1.2.2.2.2.1.2.2.2.2",0.307916956708945,FALSE,TRUE,35
"3.1.2.2.2.2.1.2.1.2.2.2.1.2.2.2.2.1.2.2.2.2",0.148058514865469,FALSE,TRUE,36
"3.1.2.2.2.2.2.1.1.2.2.2.1.2.2.2.2.1.2.2.2.2",0.0576048026684453,FALSE,TRUE,36
"3.1.2.2.2.2.2.2.1.1.2.2.1.2.2.2.2.1.2.2.2.2",-0.163942069612876,FALSE,TRUE,36
"3.1.2.2.2.2.2.2.1.2.1.2.1.2.2.2.2.1.2.2.2.2",0.12775073377139,FALSE,TRUE,36
"3.1.2.2.2.2.2.2.1.2.2.1.1.2.2.2.2.1.2.2.2.2",0.0105542659217146,FALSE,TRUE,36
"3.1.2.2.2.2.2.2.1.2.2.2.1.1.2.2.2.1.2.2.2.2",0.238971994566927,FALSE,TRUE,36
"3.1.2.2.2.2.2.2.1.2.2.2.1.2.2.1.2.1.2.2.2.2",0.194013095999203,FALSE,TRUE,36
"3.1.2.2.2.2.2.2.1.2.2.2.1.2.2.2.1.1.2.2.2.2",-0.268864768050536,FALSE,TRUE,36
"3.1.2.2.2.2.2.2.1.2.2.2.1.2.2.2.2.1.1.2.2.2",0.0519216278415431,FALSE,TRUE,36
"3.1.2.2.2.2.2.2.1.2.2.2.1.2.2.2.2.1.2.1.2.2",-0.140337606392049,FALSE,TRUE,36
"3.1.2.2.2.2.2.2.1.2.2.2.1.2.2.2.2.1.2.2.2.1",-0.0288982286620226,FALSE,TRUE,36
"3.1.2.2.2.1.2.2.2.2.2.2.1.2.2.2.2.2.3.2.2.2",0.378038695645095,FALSE,TRUE,39
"2.1.3.2.2.1.2.2.2.2.2.2.1.2.2.2.2.2.3.2.2.2",0.16081816435975,FALSE,TRUE,38
"2.1.2.3.2.1.2.2.2.2.2.2.1.2.2.2.2.2.3.2.2.2",0.191921730646134,FALSE,TRUE,38
"2.1.2.2.3.1.2.2.2.2.2.2.1.2.2.2.2.2.3.2.2.2",0.202443492702436,FALSE,TRUE,36
"2.1.2.2.2.1.3.2.2.2.2.2.1.2.2.2.2.2.3.2.2.2",0.65968520306915,FALSE,TRUE,38
"2.1.2.2.2.1.2.3.2.2.2.2.1.2.2.2.2.2.3.2.2.2",0.278730248816598,FALSE,TRUE,38
"2.1.2.2.2.1.2.2.3.2.2.2.1.2.2.2.2.2.3.2.2.2",0.162878468101314,FALSE,TRUE,38
"2.1.2.2.2.1.2.2.2.3.2.2.1.2.2.2.2.2.3.2.2.2",0.153162733862259,FALSE,TRUE,38
"2.1.2.2.2.1.2.2.2.2.3.2.1.2.2.2.2.2.3.2.2.2",0.262522594478715,FALSE,TRUE,38
"2.1.2.2.2.1.2.2.2.2.2.3.1.2.2.2.2.2.3.2.2.2",0.313338542055668,FALSE,TRUE,37
"2.1.2.2.2.1.2.2.2.2.2.2.2.2.2.2.2.2.3.2.2.2",0.461704272679463,FALSE,TRUE,39
"2.1.2.2.2.1.2.2.2.2.2.2.1.3.2.2.2.2.3.2.2.2",0.367094168436675,FALSE,TRUE,38
"2.1.2.2.2.1.2.2.2.2.2.2.1.2.3.2.2.2.3.2.2.2",0.379070062878158,FALSE,TRUE,38
"2.1.2.2.2.1.2.2.2.2.2.2.1.2.2.3.2.2.3.2.2.2",0.357861688193242,FALSE,TRUE,36
"2.1.2.2.2.1.2.2.2.2.2.2.1.2.2.2.3.2.3.2.2.2",0.304273376232242,FALSE,TRUE,38
"2.1.2.2.2.1.2.2.2.2.2.2.1.2.2.2.2.3.3.2.2.2",0.186090106445252,FALSE,TRUE,38
"2.1.2.2.2.1.2.2.2.2.2.2.1.2.2.2.2.2.4.2.2.2",0.238447406062595,FALSE,TRUE,39
"2.1.2.2.2.1.2.2.2.2.2.2.1.2.2.2.2.2.3.3.2.2",0.120546946936542,FALSE,TRUE,38
"2.1.2.2.2.1.2.2.2.2.2.2.1.2.2.2.2.2.3.2.3.2",0.31777407690604,FALSE,TRUE,38
"2.1.2.2.2.1.2.2.2.2.2.2.1.2.2.2.2.2.3.2.2.3",0.45166257789743,FALSE,TRUE,38
"2.1.1.2.2.1.2.2.2.2.2.2.1.2.2.2.2.2.3.2.2.2",0.513236761816357,FALSE,TRUE,37
"2.1.2.1.2.1.2.2.2.2.2.2.1.2.2.2.2.2.3.2.2.2",0.395126029130038,FALSE,TRUE,35
"2.1.2.2.1.1.2.2.2.2.2.2.1.2.2.2.2.2.3.2.2.2",0.537721562934502,FALSE,TRUE,37
"2.1.2.2.2.1.1.2.2.2.2.2.1.2.2.2.2.2.3.2.2.2",0.165931067989147,FALSE,TRUE,37
"2.1.2.2.2.1.2.1.2.2.2.2.1.2.2.2.2.2.3.2.2.2",0.1326232190892,FALSE,TRUE,37
"2.1.2.2.2.1.2.2.2.1.2.2.1.2.2.2.2.2.3.2.2.2",0.24086986866261,FALSE,TRUE,37
"2.1.2.2.2.1.2.2.2.2.1.2.1.2.2.2.2.2.3.2.2.2",0.337048298259519,FALSE,TRUE,37
"2.1.2.2.2.1.2.2.2.2.2.1.1.2.2.2.2.2.3.2.2.2",0.367452046137057,FALSE,TRUE,37
"2.1.2.2.2.1.2.2.2.2.2.2.1.1.2.2.2.2.3.2.2.2",0.33872291441356,FALSE,TRUE,37
"2.1.2.2.2.1.2.2.2.2.2.2.1.2.1.2.2.2.3.2.2.2",0.268306375159191,FALSE,TRUE,37
"2.1.2.2.2.1.2.2.2.2.2.2.1.2.2.1.2.2.3.2.2.2",0.425743406138322,FALSE,TRUE,37
"2.1.2.2.2.1.2.2.2.2.2.2.1.2.2.2.1.2.3.2.2.2",0.215586007289984,FALSE,TRUE,37
"2.1.2.2.2.1.2.2.2.2.2.2.1.2.2.2.2.1.3.2.2.2",0.401662744932038,FALSE,TRUE,37
"2.1.2.2.2.1.2.2.2.2.2.2.1.2.2.2.2.2.3.1.2.2",0.39715951093444,FALSE,TRUE,37
"2.1.2.2.2.1.2.2.2.2.2.2.1.2.2.2.2.2.3.2.1.2",0.455287492046151,FALSE,TRUE,37
"2.1.2.2.2.1.2.2.2.2.2.2.1.2.2.2.2.2.3.2.2.1",0.290442119206906,FALSE,TRUE,37
"1.2.2.2.2.1.2.2.2.2.2.2.1.2.2.2.2.2.3.2.2.2",0.133772666613859,FALSE,TRUE,37
"1.1.3.2.2.1.2.2.2.2.2.2.1.2.2.2.2.2.3.2.2.2",0.212300671845515,FALSE,TRUE,38
"1.1.2.3.2.1.2.2.2.2.2.2.1.2.2.2.2.2.3.2.2.2",0.239772578692144,FALSE,TRUE,38
"1.1.2.2.3.1.2.2.2.2.2.2.1.2.2.2.2.2.3.2.2.2",0.343093273206192,FALSE,TRUE,38
"1.1.2.2.2.2.2.2.2.2.2.2.1.2.2.2.2.2.3.2.2.2",0.426449717258237,FALSE,TRUE,38
"1.1.2.2.2.1.3.2.2.2.2.2.1.2.2.2.2.2.3.2.2.2",0.507591451074262,FALSE,TRUE,38
"1.1.2.2.2.1.2.3.2.2.2.2.1.2.2.2.2.2.3.2.2.2",0.312607092896706,FALSE,TRUE,38
"1.1.2.2.2.1.2.2.3.2.2.2.1.2.2.2.2.2.3.2.2.2",0.243672514542128,FALSE,TRUE,38
"1.1.2.2.2.1.2.2.2.3.2.2.1.2.2.2.2.2.3.2.2.2",0.171410041524142,FALSE,TRUE,38
"1.1.2.2.2.1.2.2.2.2.3.2.1.2.2.2.2.2.3.2.2.2",0.245486364680431,FALSE,TRUE,38
"1.1.2.2.2.1.2.2.2.2.2.3.1.2.2.2.2.2.3.2.2.2",0.402782187151071,FALSE,TRUE,38
"1.1.2.2.2.1.2.2.2.2.2.2.2.2.2.2.2.2.3.2.2.2",0.426772452926817,FALSE,TRUE,39
"1.1.2.2.2.1.2.2.2.2.2.2.1.3.2.2.2.2.3.2.2.2",0.345102795780065,FALSE,TRUE,38
"1.1.2.2.2.1.2.2.2.2.2.2.1.2.3.2.2.2.3.2.2.2",0.46091891865228,FALSE,TRUE,38
"1.1.2.2.2.1.2.2.2.2.2.2.1.2.2.3.2.2.3.2.2.2",0.329337611763306,FALSE,TRUE,38
"1.1.2.2.2.1.2.2.2.2.2.2.1.2.2.2.3.2.3.2.2.2",0.304564300330989,FALSE,TRUE,38
"1.1.2.2.2.1.2.2.2.2.2.2.1.2.2.2.2.3.3.2.2.2",0.225860572170014,FALSE,TRUE,38
"1.1.2.2.2.1.2.2.2.2.2.2.1.2.2.2.2.2.4.2.2.2",0.250002627718219,FALSE,TRUE,38
"1.1.2.2.2.1.2.2.2.2.2.2.1.2.2.2.2.2.3.3.2.2",0.213345381702957,FALSE,TRUE,38
"1.1.2.2.2.1.2.2.2.2.2.2.1.2.2.2.2.2.3.2.3.2",0.262813091529859,FALSE,TRUE,38
"1.1.2.2.2.1.2.2.2.2.2.2.1.2.2.2.2.2.3.2.2.3",0.530739681913575,FALSE,TRUE,38
"1.1.1.2.2.1.2.2.2.2.2.2.1.2.2.2.2.2.3.2.2.2",0.459473289273924,FALSE,TRUE,37
"1.1.2.1.2.1.2.2.2.2.2.2.1.2.2.2.2.2.3.2.2.2",0.347617811441438,FALSE,TRUE,37
"1.1.2.2.1.1.2.2.2.2.2.2.1.2.2.2.2.2.3.2.2.2",0.396773883243428,FALSE,TRUE,37
"1.1.2.2.2.1.1.2.2.2.2.2.1.2.2.2.2.2.3.2.2.2",0.199896605253885,FALSE,TRUE,37
"1.1.2.2.2.1.2.1.2.2.2.2.1.2.2.2.2.2.3.2.2.2",0.249425398200926,FALSE,TRUE,37
"1.1.2.2.2.1.2.2.1.2.2.2.1.2.2.2.2.2.3.2.2.2",0.428027239265918,FALSE,TRUE,36
"1.1.2.2.2.1.2.2.2.1.2.2.1.2.2.2.2.2.3.2.2.2",0.336350491832302,FALSE,TRUE,37
"1.1.2.2.2.1.2.2.2.2.1.2.1.2.2.2.2.2.3.2.2.2",0.217534868618793,FALSE,TRUE,37
"1.1.2.2.2.1.2.2.2.2.2.1.1.2.2.2.2.2.3.2.2.2",0.300413495715687,FALSE,TRUE,37
"1.1.2.2.2.1.2.2.2.2.2.2.1.1.2.2.2.2.3.2.2.2",0.349346425780759,FALSE,TRUE,37
"1.1.2.2.2.1.2.2.2.2.2.2.1.2.1.2.2.2.3.2.2.2",0.383720201573341,FALSE,TRUE,37
"1.1.2.2.2.1.2.2.2.2.2.2.1.2.2.1.2.2.3.2.2.2",0.489397824719529,FALSE,TRUE,37
"1.1.2.2.2.1.2.2.2.2.2.2.1.2.2.2.1.2.3.2.2.2",0.283777033694888,FALSE,TRUE,37
"1.1.2.2.2.1.2.2.2.2.2.2.1.2.2.2.2.1.3.2.2.2",0.48170469228164,FALSE,TRUE,37
"1.1.2.2.2.1.2.2.2.2.2.2.1.2.2.2.2.2.3.1.2.2",0.393790612261138,FALSE,TRUE,37
"1.1.2.2.2.1.2.2.2.2.2.2.1.2.2.2.2.2.3.2.1.2",0.649210777571516,FALSE,TRUE,37
"1.1.2.2.2.1.2.2.2.2.2.2.1.2.2.2.2.2.3.2.2.1",0.421835726350769,FALSE,TRUE,37
"2.3.3.2.2.2.2.1.2.2.2.2.1.2.3.2.2.2.2.2.2.2",0.12414767625917,FALSE,TRUE,40
"2.2.4.2.2.2.2.1.2.2.2.2.1.2.3.2.2.2.2.2.2.2",0.0635316418675155,FALSE,TRUE,41
"2.2.3.3.2.2.2.1.2.2.2.2.1.2.3.2.2.2.2.2.2.2",0.134871918851899,FALSE,TRUE,40
"2.2.3.2.3.2.2.1.2.2.2.2.1.2.3.2.2.2.2.2.2.2",0.162528665208479,FALSE,TRUE,40
"2.2.3.2.2.3.2.1.2.2.2.2.1.2.3.2.2.2.2.2.2.2",0.235005377719652,FALSE,TRUE,40
"2.2.3.2.2.2.3.1.2.2.2.2.1.2.3.2.2.2.2.2.2.2",0.446532271655508,FALSE,TRUE,40
"2.2.3.2.2.2.2.1.3.2.2.2.1.2.3.2.2.2.2.2.2.2",0.207100032367305,FALSE,TRUE,40
"2.2.3.2.2.2.2.1.2.3.2.2.1.2.3.2.2.2.2.2.2.2",0.254679485255017,FALSE,TRUE,40
"2.2.3.2.2.2.2.1.2.2.3.2.1.2.3.2.2.2.2.2.2.2",0.0592300253165657,FALSE,TRUE,40
"2.2.3.2.2.2.2.1.2.2.2.3.1.2.3.2.2.2.2.2.2.2",0.350139940588667,FALSE,TRUE,39
"2.2.3.2.2.2.2.1.2.2.2.2.2.2.3.2.2.2.2.2.2.2",0.285653950516805,FALSE,TRUE,41
"2.2.3.2.2.2.2.1.2.2.2.2.1.3.3.2.2.2.2.2.2.2",0.196396177450386,FALSE,TRUE,40
"2.2.3.2.2.2.2.1.2.2.2.2.1.2.4.2.2.2.2.2.2.2",0.386693209874911,FALSE,TRUE,40
"2.2.3.2.2.2.2.1.2.2.2.2.1.2.3.3.2.2.2.2.2.2",0.244426049781601,FALSE,TRUE,40
"2.2.3.2.2.2.2.1.2.2.2.2.1.2.3.2.3.2.2.2.2.2",0.342194582684725,FALSE,TRUE,40
"2.2.3.2.2.2.2.1.2.2.2.2.1.2.3.2.2.3.2.2.2.2",0.140432130518107,FALSE,TRUE,40
"2.2.3.2.2.2.2.1.2.2.2.2.1.2.3.2.2.2.3.2.2.2",0.09278097849738,FALSE,TRUE,39
"2.2.3.2.2.2.2.1.2.2.2.2.1.2.3.2.2.2.2.3.2.2",0.267236333515401,FALSE,TRUE,40
"2.2.3.2.2.2.2.1.2.2.2.2.1.2.3.2.2.2.2.2.3.2",0.122882264669531,FALSE,TRUE,40
"2.2.3.2.2.2.2.1.2.2.2.2.1.2.3.2.2.2.2.2.2.3",0.35488657299147,FALSE,TRUE,40
"1.2.3.2.2.2.2.1.2.2.2.2.1.2.3.2.2.2.2.2.2.2",0.150402970104056,FALSE,TRUE,39
"2.1.3.2.2.2.2.1.2.2.2.2.1.2.3.2.2.2.2.2.2.2",0.417537454562703,FALSE,TRUE,39
"2.2.3.1.2.2.2.1.2.2.2.2.1.2.3.2.2.2.2.2.2.2",0.431980953069252,FALSE,TRUE,39
"2.2.3.2.2.1.2.1.2.2.2.2.1.2.3.2.2.2.2.2.2.2",0.239030030236749,FALSE,TRUE,38
"2.2.3.2.2.2.1.1.2.2.2.2.1.2.3.2.2.2.2.2.2.2",-0.00546490598486976,FALSE,TRUE,39
"2.2.3.2.2.2.2.1.1.2.2.2.1.2.3.2.2.2.2.2.2.2",0.281900165452236,FALSE,TRUE,39
"2.2.3.2.2.2.2.1.2.1.2.2.1.2.3.2.2.2.2.2.2.2",0.215797134632477,FALSE,TRUE,39
"2.2.3.2.2.2.2.1.2.2.1.2.1.2.3.2.2.2.2.2.2.2",0.180084804510709,FALSE,TRUE,39
"2.2.3.2.2.2.2.1.2.2.2.1.1.2.3.2.2.2.2.2.2.2",0.339317123192971,FALSE,TRUE,39
"2.2.3.2.2.2.2.1.2.2.2.2.1.1.3.2.2.2.2.2.2.2",0.266753826565727,FALSE,TRUE,39
"2.2.3.2.2.2.2.1.2.2.2.2.1.2.2.2.2.2.2.2.2.2",0.191011389693103,FALSE,TRUE,39
"2.2.3.2.2.2.2.1.2.2.2.2.1.2.3.1.2.2.2.2.2.2",0.187265217104647,FALSE,TRUE,39
"2.2.3.2.2.2.2.1.2.2.2.2.1.2.3.2.1.2.2.2.2.2",0.192271672457345,FALSE,TRUE,39
"2.2.3.2.2.2.2.1.2.2.2.2.1.2.3.2.2.1.2.2.2.2",0.323312298465034,FALSE,TRUE,39
"2.2.3.2.2.2.2.1.2.2.2.2.1.2.3.2.2.2.1.2.2.2",0.382846075924957,FALSE,TRUE,39
"2.2.3.2.2.2.2.1.2.2.2.2.1.2.3.2.2.2.2.1.2.2",0.361581661054698,FALSE,TRUE,39
"2.2.3.2.2.2.2.1.2.2.2.2.1.2.3.2.2.2.2.2.1.2",0.387577305415095,FALSE,TRUE,39
"2.2.3.2.2.2.2.1.2.2.2.2.1.2.3.2.2.2.2.2.2.1",0.239172264953809,FALSE,TRUE,39
