"karyotype","fitness","is_fq","is_nn","boundary_degree"
"2.2.2.2.2.2.2.2.2.2.2.2.2.2.2.2.2.2.2.2.2.2",0.492124793331505,TRUE,FALSE,0
"2.2.2.2.2.1.2.2.2.2.2.2.2.2.2.2.2.2.2.2.2.2",0.490575366153148,TRUE,FALSE,0
"2.2.2.2.2.2.3.2.2.2.2.2.2.2.2.2.2.2.2.2.2.2",0.476551379660262,TRUE,FALSE,0
"2.2.2.2.2.2.1.2.2.2.2.2.2.2.2.2.2.2.2.2.2.2",0.454228538025114,TRUE,FALSE,0
"2.2.2.2.2.2.1.2.2.2.2.2.2.2.3.2.2.2.2.2.2.2",0.446135946244853,TRUE,FALSE,0
"2.2.2.2.2.2.2.1.2.2.2.2.2.2.2.2.2.2.2.2.2.2",0.495548237575156,TRUE,FALSE,0
"2.2.2.2.2.2.2.2.2.2.2.2.2.2.2.1.2.2.2.2.2.2",0.614490647792601,TRUE,FALSE,0
"2.2.2.2.2.2.2.2.2.2.3.2.2.2.2.2.2.2.2.2.2.2",0.307685155016471,TRUE,FALSE,0
"2.2.2.2.2.2.2.2.2.2.2.2.2.2.3.1.2.2.2.2.2.2",0.617077002743091,TRUE,FALSE,0
"1.2.2.2.2.1.2.2.2.2.2.2.2.2.2.2.2.2.2.2.2.2",0.507174893210057,TRUE,FALSE,0
"2.2.2.2.2.2.3.2.2.2.2.2.2.1.2.2.2.2.2.2.2.2",0.509106315549947,TRUE,FALSE,0
"2.2.2.2.2.2.2.2.2.2.3.1.2.2.2.2.2.2.2.2.2.2",0.304240888752207,TRUE,FALSE,0
"3.2.2.2.2.2.2.2.2.2.2.2.2.2.2.1.2.2.2.2.2.2",0.428646123101664,TRUE,FALSE,0
"2.2.2.2.2.2.2.2.2.2.2.2.2.2.2.2.2.1.2.2.2.2",0.541426768886877,TRUE,FALSE,0
"2.2.2.2.2.2.3.2.2.2.2.2.1.1.2.2.2.2.2.2.2.2",0.549746293093344,TRUE,FALSE,0
"2.2.2.2.2.2.2.2.2.2.2.2.2.2.3.2.2.2.2.2.2.2",0.483183804199509,TRUE,FALSE,0
"2.2.2.2.2.2.2.2.2.2.3.2.2.2.2.2.2.1.2.2.2.2",0.339242050052643,TRUE,FALSE,0
"3.2.2.2.2.2.2.2.2.2.2.2.2.2.2.1.2.2.1.2.2.2",0.467034077224054,TRUE,FALSE,0
"2.2.2.3.2.2.2.2.2.2.2.2.2.2.3.2.2.2.2.2.2.2",0.383706204874459,TRUE,FALSE,0
"2.2.2.2.2.2.2.2.2.2.2.2.2.3.2.2.2.2.2.2.2.2",0.391148795759089,TRUE,FALSE,0
"2.2.1.2.2.2.1.2.2.2.2.2.2.2.3.2.2.2.2.2.2.2",0.542833803375567,TRUE,FALSE,0
"2.3.2.2.2.2.2.2.2.2.2.2.2.2.2.1.2.2.2.2.2.2",0.639277822844766,TRUE,FALSE,0
"2.2.2.2.2.2.3.2.2.2.2.2.2.1.2.3.2.2.2.2.2.2",0.362400871517548,TRUE,FALSE,0
"2.2.2.2.2.1.3.2.2.2.2.2.1.1.2.2.2.2.2.2.2.2",0.568063663328445,TRUE,FALSE,0
"2.2.3.2.2.2.2.2.2.2.2.2.2.2.3.2.2.2.2.2.2.2",0.353619131490226,TRUE,FALSE,0
"2.2.2.2.2.1.2.2.2.2.2.2.2.2.2.2.1.2.2.2.2.2",0.437251231869749,TRUE,FALSE,0
"3.2.2.2.2.2.2.2.2.2.2.2.1.2.2.1.2.2.2.2.2.2",0.526877877913067,TRUE,FALSE,0
"2.2.2.2.2.1.2.2.2.2.2.2.1.1.2.2.2.2.2.2.2.2",0.562075208777919,TRUE,FALSE,0
"2.2.2.2.2.2.2.2.2.2.2.2.2.2.2.1.2.2.2.2.1.2",0.56357045415463,TRUE,FALSE,0
"2.2.1.2.2.2.2.2.2.2.2.2.2.2.3.1.2.2.2.2.2.2",0.610492754485081,TRUE,FALSE,0
"2.2.2.2.2.1.4.2.2.2.2.2.1.1.2.2.2.2.2.2.2.2",0.518080377601092,TRUE,FALSE,0
"2.2.2.2.2.2.2.2.2.2.1.2.2.2.3.1.2.2.2.2.2.2",0.610550451046164,TRUE,FALSE,0
"2.2.2.2.2.1.4.2.2.2.2.2.1.1.2.2.2.2.2.2.2.3",0.491683443019903,TRUE,FALSE,0
"2.2.2.2.2.1.3.2.2.2.2.2.2.2.2.2.1.2.2.2.2.2",0.446233677352184,TRUE,FALSE,0
"2.2.2.2.2.2.3.2.2.1.2.2.2.1.2.2.2.2.2.2.2.2",0.561509626334708,TRUE,FALSE,0
"2.2.2.2.2.2.2.2.2.2.2.2.2.2.2.2.1.1.2.2.2.2",0.523267883661437,TRUE,FALSE,0
"2.3.2.2.2.2.2.2.2.2.2.1.2.2.2.1.2.2.2.2.2.2",0.585067767174402,TRUE,FALSE,0
"2.2.2.2.2.2.2.2.2.2.2.2.1.2.2.1.2.2.2.2.2.2",0.641574116952296,TRUE,FALSE,0
"2.2.3.2.2.2.2.2.2.2.2.2.2.2.3.2.2.2.2.2.1.2",0.264637391473525,TRUE,FALSE,0
"2.2.2.1.2.2.3.2.2.2.2.2.2.1.2.3.2.2.2.2.2.2",0.363639238772581,TRUE,FALSE,0
"1.2.1.2.2.2.1.2.2.2.2.2.2.2.3.2.2.2.2.2.2.2",0.586091075557296,TRUE,FALSE,0
"2.2.1.2.2.2.2.2.2.2.3.2.2.2.2.2.2.1.2.2.2.2",0.482561064743059,TRUE,FALSE,0
"1.3.2.2.2.2.2.2.2.2.2.2.2.2.2.1.2.2.2.2.2.2",0.742128291478593,TRUE,FALSE,0
"2.2.2.2.2.2.3.2.2.2.2.2.1.1.2.2.3.2.2.2.2.2",0.550285219742523,TRUE,FALSE,0
"3.2.2.2.2.3.2.2.2.2.2.2.1.2.2.1.2.2.2.2.2.2",0.553346016124735,TRUE,FALSE,0
"2.2.2.2.2.2.2.2.2.2.3.2.2.2.2.2.2.1.2.3.2.2",0.258864059672441,TRUE,FALSE,0
"2.2.2.2.2.2.1.2.2.2.2.2.2.2.3.1.2.2.2.2.2.2",0.562203596231518,TRUE,FALSE,0
"2.2.2.2.2.1.2.2.2.3.2.2.2.2.2.2.1.2.2.2.2.2",0.324376487219447,TRUE,FALSE,0
"2.2.1.2.2.2.1.2.2.2.2.2.2.2.2.2.2.2.2.2.2.2",0.57685180269365,TRUE,FALSE,0
"2.2.2.2.2.2.2.2.2.2.2.2.1.2.2.2.2.2.2.2.2.2",0.576296808970515,TRUE,FALSE,0
"3.2.2.2.2.2.2.2.2.2.2.2.2.2.2.2.2.2.2.2.2.2",0.319641209971906,FALSE,TRUE,32
"2.3.2.2.2.2.2.2.2.2.2.2.2.2.2.2.2.2.2.2.2.2",0.473981411133497,FALSE,TRUE,31
"2.2.3.2.2.2.2.2.2.2.2.2.2.2.2.2.2.2.2.2.2.2",0.341728668488366,FALSE,TRUE,32
"2.2.2.3.2.2.2.2.2.2.2.2.2.2.2.2.2.2.2.2.2.2",0.422916812211301,FALSE,TRUE,33
"2.2.2.2.3.2.2.2.2.2.2.2.2.2.2.2.2.2.2.2.2.2",0.441896271675182,FALSE,TRUE,33
"2.2.2.2.2.3.2.2.2.2.2.2.2.2.2.2.2.2.2.2.2.2",0.453447594372459,FALSE,TRUE,34
"2.2.2.2.2.2.2.3.2.2.2.2.2.2.2.2.2.2.2.2.2.2",0.424273141176172,FALSE,TRUE,34
"2.2.2.2.2.2.2.2.3.2.2.2.2.2.2.2.2.2.2.2.2.2",0.370874013096029,FALSE,TRUE,33
"2.2.2.2.2.2.2.2.2.3.2.2.2.2.2.2.2.2.2.2.2.2",0.417390063695105,FALSE,TRUE,32
"2.2.2.2.2.2.2.2.2.2.2.3.2.2.2.2.2.2.2.2.2.2",0.380880750952298,FALSE,TRUE,33
"2.2.2.2.2.2.2.2.2.2.2.2.3.2.2.2.2.2.2.2.2.2",0.256271456307932,FALSE,TRUE,34
"2.2.2.2.2.2.2.2.2.2.2.2.2.2.2.3.2.2.2.2.2.2",0.347000712345495,FALSE,TRUE,33
"2.2.2.2.2.2.2.2.2.2.2.2.2.2.2.2.3.2.2.2.2.2",0.485147317547582,FALSE,TRUE,33
"2.2.2.2.2.2.2.2.2.2.2.2.2.2.2.2.2.3.2.2.2.2",0.39076219748344,FALSE,TRUE,34
"2.2.2.2.2.2.2.2.2.2.2.2.2.2.2.2.2.2.3.2.2.2",0.385297518295815,FALSE,TRUE,33
"2.2.2.2.2.2.2.2.2.2.2.2.2.2.2.2.2.2.2.3.2.2",0.451937729439341,FALSE,TRUE,33
"2.2.2.2.2.2.2.2.2.2.2.2.2.2.2.2.2.2.2.2.3.2",0.511470892774979,FALSE,TRUE,33
"2.2.2.2.2.2.2.2.2.2.2.2.2.2.2.2.2.2.2.2.2.3",0.510162839854328,FALSE,TRUE,33
"1.2.2.2.2.2.2.2.2.2.2.2.2.2.2.2.2.2.2.2.2.2",0.521828307160072,FALSE,TRUE,31
"2.1.2.2.2.2.2.2.2.2.2.2.2.2.2.2.2.2.2.2.2.2",0.419706439950937,FALSE,TRUE,32
"2.2.1.2.2.2.2.2.2.2.2.2.2.2.2.2.2.2.2.2.2.2",0.592070120450723,FALSE,TRUE,32
"2.2.2.1.2.2.2.2.2.2.2.2.2.2.2.2.2.2.2.2.2.2",0.494518366611694,FALSE,TRUE,32
"2.2.2.2.1.2.2.2.2.2.2.2.2.2.2.2.2.2.2.2.2.2",0.472613353704569,FALSE,TRUE,32
"2.2.2.2.2.2.2.2.1.2.2.2.2.2.2.2.2.2.2.2.2.2",0.55853149757663,FALSE,TRUE,32
"2.2.2.2.2.2.2.2.2.1.2.2.2.2.2.2.2.2.2.2.2.2",0.552205976657665,FALSE,TRUE,31
"2.2.2.2.2.2.2.2.2.2.1.2.2.2.2.2.2.2.2.2.2.2",0.605745709828456,FALSE,TRUE,33
"2.2.2.2.2.2.2.2.2.2.2.1.2.2.2.2.2.2.2.2.2.2",0.511338595561457,FALSE,TRUE,31
"2.2.2.2.2.2.2.2.2.2.2.2.2.1.2.2.2.2.2.2.2.2",0.531480966593673,FALSE,TRUE,31
"2.2.2.2.2.2.2.2.2.2.2.2.2.2.1.2.2.2.2.2.2.2",0.465575585852377,FALSE,TRUE,33
"2.2.2.2.2.2.2.2.2.2.2.2.2.2.2.2.1.2.2.2.2.2",0.462900640013932,FALSE,TRUE,31
"2.2.2.2.2.2.2.2.2.2.2.2.2.2.2.2.2.2.1.2.2.2",0.498089133775188,FALSE,TRUE,31
"2.2.2.2.2.2.2.2.2.2.2.2.2.2.2.2.2.2.2.1.2.2",0.464648882313051,FALSE,TRUE,32
"2.2.2.2.2.2.2.2.2.2.2.2.2.2.2.2.2.2.2.2.1.2",0.430076009987587,FALSE,TRUE,31
"2.2.2.2.2.2.2.2.2.2.2.2.2.2.2.2.2.2.2.2.2.1",0.440429710831079,FALSE,TRUE,32
"3.2.2.2.2.1.2.2.2.2.2.2.2.2.2.2.2.2.2.2.2.2",0.323916357472494,FALSE,TRUE,39
"2.3.2.2.2.1.2.2.2.2.2.2.2.2.2.2.2.2.2.2.2.2",0.498522786422913,FALSE,TRUE,38
"2.2.3.2.2.1.2.2.2.2.2.2.2.2.2.2.2.2.2.2.2.2",0.359836264374239,FALSE,TRUE,38
"2.2.2.3.2.1.2.2.2.2.2.2.2.2.2.2.2.2.2.2.2.2",0.457209602037405,FALSE,TRUE,38
"2.2.2.2.3.1.2.2.2.2.2.2.2.2.2.2.2.2.2.2.2.2",0.414730688025495,FALSE,TRUE,39
"2.2.2.2.2.1.3.2.2.2.2.2.2.2.2.2.2.2.2.2.2.2",0.508412101524248,FALSE,TRUE,37
"2.2.2.2.2.1.2.3.2.2.2.2.2.2.2.2.2.2.2.2.2.2",0.434966574906064,FALSE,TRUE,39
"2.2.2.2.2.1.2.2.3.2.2.2.2.2.2.2.2.2.2.2.2.2",0.372552692161111,FALSE,TRUE,39
"2.2.2.2.2.1.2.2.2.3.2.2.2.2.2.2.2.2.2.2.2.2",0.386679970694907,FALSE,TRUE,39
"2.2.2.2.2.1.2.2.2.2.3.2.2.2.2.2.2.2.2.2.2.2",0.332441800977506,FALSE,TRUE,37
"2.2.2.2.2.1.2.2.2.2.2.3.2.2.2.2.2.2.2.2.2.2",0.404351268036791,FALSE,TRUE,39
"2.2.2.2.2.1.2.2.2.2.2.2.3.2.2.2.2.2.2.2.2.2",0.250626503307932,FALSE,TRUE,39
"2.2.2.2.2.1.2.2.2.2.2.2.2.3.2.2.2.2.2.2.2.2",0.357450711213426,FALSE,TRUE,39
"2.2.2.2.2.1.2.2.2.2.2.2.2.2.3.2.2.2.2.2.2.2",0.49728421080912,FALSE,TRUE,35
"2.2.2.2.2.1.2.2.2.2.2.2.2.2.2.3.2.2.2.2.2.2",0.419596332967679,FALSE,TRUE,39
"2.2.2.2.2.1.2.2.2.2.2.2.2.2.2.2.3.2.2.2.2.2",0.516373219658892,FALSE,TRUE,40
"2.2.2.2.2.1.2.2.2.2.2.2.2.2.2.2.2.3.2.2.2.2",0.359268538060198,FALSE,TRUE,39
"2.2.2.2.2.1.2.2.2.2.2.2.2.2.2.2.2.2.3.2.2.2",0.405347987412617,FALSE,TRUE,39
"2.2.2.2.2.1.2.2.2.2.2.2.2.2.2.2.2.2.2.3.2.2",0.471132465354962,FALSE,TRUE,39
"2.2.2.2.2.1.2.2.2.2.2.2.2.2.2.2.2.2.2.2.3.2",0.486703214099058,FALSE,TRUE,39
"2.2.2.2.2.1.2.2.2.2.2.2.2.2.2.2.2.2.2.2.2.3",0.503469789888146,FALSE,TRUE,39
"2.1.2.2.2.1.2.2.2.2.2.2.2.2.2.2.2.2.2.2.2.2",0.377280480605729,FALSE,TRUE,38
"2.2.1.2.2.1.2.2.2.2.2.2.2.2.2.2.2.2.2.2.2.2",0.560360326749751,FALSE,TRUE,37
"2.2.2.1.2.1.2.2.2.2.2.2.2.2.2.2.2.2.2.2.2.2",0.461295210780078,FALSE,TRUE,38
"2.2.2.2.1.1.2.2.2.2.2.2.2.2.2.2.2.2.2.2.2.2",0.472104860228606,FALSE,TRUE,38
"2.2.2.2.2.1.1.2.2.2.2.2.2.2.2.2.2.2.2.2.2.2",0.416480614469225,FALSE,TRUE,36
"2.2.2.2.2.1.2.1.2.2.2.2.2.2.2.2.2.2.2.2.2.2",0.48945449875156,FALSE,TRUE,38
"2.2.2.2.2.1.2.2.1.2.2.2.2.2.2.2.2.2.2.2.2.2",0.539210145024954,FALSE,TRUE,38
"2.2.2.2.2.1.2.2.2.1.2.2.2.2.2.2.2.2.2.2.2.2",0.570445299447312,FALSE,TRUE,38
"2.2.2.2.2.1.2.2.2.2.1.2.2.2.2.2.2.2.2.2.2.2",0.56940746310593,FALSE,TRUE,38
"2.2.2.2.2.1.2.2.2.2.2.1.2.2.2.2.2.2.2.2.2.2",0.509550984353412,FALSE,TRUE,37
"2.2.2.2.2.1.2.2.2.2.2.2.1.2.2.2.2.2.2.2.2.2",0.570808818795603,FALSE,TRUE,35
"2.2.2.2.2.1.2.2.2.2.2.2.2.1.2.2.2.2.2.2.2.2",0.544247702557706,FALSE,TRUE,36
"2.2.2.2.2.1.2.2.2.2.2.2.2.2.1.2.2.2.2.2.2.2",0.446232768384394,FALSE,TRUE,38
"2.2.2.2.2.1.2.2.2.2.2.2.2.2.2.1.2.2.2.2.2.2",0.546694790208525,FALSE,TRUE,33
"2.2.2.2.2.1.2.2.2.2.2.2.2.2.2.2.2.1.2.2.2.2",0.566644948374866,FALSE,TRUE,37
"2.2.2.2.2.1.2.2.2.2.2.2.2.2.2.2.2.2.1.2.2.2",0.481510312903674,FALSE,TRUE,38
"2.2.2.2.2.1.2.2.2.2.2.2.2.2.2.2.2.2.2.1.2.2",0.447362532309505,FALSE,TRUE,38
"2.2.2.2.2.1.2.2.2.2.2.2.2.2.2.2.2.2.2.2.1.2",0.461816349196016,FALSE,TRUE,37
"2.2.2.2.2.1.2.2.2.2.2.2.2.2.2.2.2.2.2.2.2.1",0.448096260303536,FALSE,TRUE,38
"3.2.2.2.2.2.3.2.2.2.2.2.2.2.2.2.2.2.2.2.2.2",0.269247079657121,FALSE,TRUE,40
"2.3.2.2.2.2.3.2.2.2.2.2.2.2.2.2.2.2.2.2.2.2",0.39637210283172,FALSE,TRUE,40
"2.2.3.2.2.2.3.2.2.2.2.2.2.2.2.2.2.2.2.2.2.2",0.344777988560258,FALSE,TRUE,40
"2.2.2.3.2.2.3.2.2.2.2.2.2.2.2.2.2.2.2.2.2.2",0.385636455132621,FALSE,TRUE,40
"2.2.2.2.3.2.3.2.2.2.2.2.2.2.2.2.2.2.2.2.2.2",0.414239020110382,FALSE,TRUE,41
"2.2.2.2.2.3.3.2.2.2.2.2.2.2.2.2.2.2.2.2.2.2",0.410193550544934,FALSE,TRUE,41
"2.2.2.2.2.2.4.2.2.2.2.2.2.2.2.2.2.2.2.2.2.2",0.415640776726759,FALSE,TRUE,42
"2.2.2.2.2.2.3.3.2.2.2.2.2.2.2.2.2.2.2.2.2.2",0.459576583320584,FALSE,TRUE,41
"2.2.2.2.2.2.3.2.3.2.2.2.2.2.2.2.2.2.2.2.2.2",0.343272201831062,FALSE,TRUE,41
"2.2.2.2.2.2.3.2.2.3.2.2.2.2.2.2.2.2.2.2.2.2",0.393759388654345,FALSE,TRUE,41
"2.2.2.2.2.2.3.2.2.2.3.2.2.2.2.2.2.2.2.2.2.2",0.271352368849195,FALSE,TRUE,39
"2.2.2.2.2.2.3.2.2.2.2.3.2.2.2.2.2.2.2.2.2.2",0.35765601569648,FALSE,TRUE,41
"2.2.2.2.2.2.3.2.2.2.2.2.3.2.2.2.2.2.2.2.2.2",0.239024469332969,FALSE,TRUE,41
"2.2.2.2.2.2.3.2.2.2.2.2.2.3.2.2.2.2.2.2.2.2",0.379351355355417,FALSE,TRUE,42
"2.2.2.2.2.2.3.2.2.2.2.2.2.2.3.2.2.2.2.2.2.2",0.473625335703538,FALSE,TRUE,38
"2.2.2.2.2.2.3.2.2.2.2.2.2.2.2.3.2.2.2.2.2.2",0.310821045047114,FALSE,TRUE,40
"2.2.2.2.2.2.3.2.2.2.2.2.2.2.2.2.3.2.2.2.2.2",0.48410079479863,FALSE,TRUE,40
"2.2.2.2.2.2.3.2.2.2.2.2.2.2.2.2.2.3.2.2.2.2",0.396024199980069,FALSE,TRUE,41
"2.2.2.2.2.2.3.2.2.2.2.2.2.2.2.2.2.2.3.2.2.2",0.38339957062199,FALSE,TRUE,41
"2.2.2.2.2.2.3.2.2.2.2.2.2.2.2.2.2.2.2.3.2.2",0.399202821562384,FALSE,TRUE,41
"2.2.2.2.2.2.3.2.2.2.2.2.2.2.2.2.2.2.2.2.3.2",0.472218446834902,FALSE,TRUE,41
"2.2.2.2.2.2.3.2.2.2.2.2.2.2.2.2.2.2.2.2.2.3",0.485406379860653,FALSE,TRUE,41
"1.2.2.2.2.2.3.2.2.2.2.2.2.2.2.2.2.2.2.2.2.2",0.560074893836412,FALSE,TRUE,39
"2.1.2.2.2.2.3.2.2.2.2.2.2.2.2.2.2.2.2.2.2.2",0.468161185644427,FALSE,TRUE,40
"2.2.1.2.2.2.3.2.2.2.2.2.2.2.2.2.2.2.2.2.2.2",0.560183505352373,FALSE,TRUE,40
"2.2.2.1.2.2.3.2.2.2.2.2.2.2.2.2.2.2.2.2.2.2",0.512241004995032,FALSE,TRUE,39
"2.2.2.2.1.2.3.2.2.2.2.2.2.2.2.2.2.2.2.2.2.2",0.465881068325062,FALSE,TRUE,40
"2.2.2.2.2.2.3.1.2.2.2.2.2.2.2.2.2.2.2.2.2.2",0.42960377619907,FALSE,TRUE,40
"2.2.2.2.2.2.3.2.1.2.2.2.2.2.2.2.2.2.2.2.2.2",0.570069735032551,FALSE,TRUE,40
"2.2.2.2.2.2.3.2.2.1.2.2.2.2.2.2.2.2.2.2.2.2",0.545548214070466,FALSE,TRUE,40
"2.2.2.2.2.2.3.2.2.2.1.2.2.2.2.2.2.2.2.2.2.2",0.608113130379627,FALSE,TRUE,40
"2.2.2.2.2.2.3.2.2.2.2.1.2.2.2.2.2.2.2.2.2.2",0.505819699760977,FALSE,TRUE,39
"2.2.2.2.2.2.3.2.2.2.2.2.1.2.2.2.2.2.2.2.2.2",0.554115133709866,FALSE,TRUE,37
"2.2.2.2.2.2.3.2.2.2.2.2.2.2.1.2.2.2.2.2.2.2",0.446738888561781,FALSE,TRUE,40
"2.2.2.2.2.2.3.2.2.2.2.2.2.2.2.1.2.2.2.2.2.2",0.619419113982606,FALSE,TRUE,35
"2.2.2.2.2.2.3.2.2.2.2.2.2.2.2.2.1.2.2.2.2.2",0.435605444140683,FALSE,TRUE,38
"2.2.2.2.2.2.3.2.2.2.2.2.2.2.2.2.2.1.2.2.2.2",0.506647138104,FALSE,TRUE,38
"2.2.2.2.2.2.3.2.2.2.2.2.2.2.2.2.2.2.1.2.2.2",0.466611735674881,FALSE,TRUE,40
"2.2.2.2.2.2.3.2.2.2.2.2.2.2.2.2.2.2.2.1.2.2",0.504206117981302,FALSE,TRUE,40
"2.2.2.2.2.2.3.2.2.2.2.2.2.2.2.2.2.2.2.2.1.2",0.441316353856238,FALSE,TRUE,39
"2.2.2.2.2.2.3.2.2.2.2.2.2.2.2.2.2.2.2.2.2.1",0.439922990446816,FALSE,TRUE,40
"3.2.2.2.2.2.1.2.2.2.2.2.2.2.2.2.2.2.2.2.2.2",0.33858006534051,FALSE,TRUE,38
"2.3.2.2.2.2.1.2.2.2.2.2.2.2.2.2.2.2.2.2.2.2",0.50433219045727,FALSE,TRUE,38
"2.2.3.2.2.2.1.2.2.2.2.2.2.2.2.2.2.2.2.2.2.2",0.28566208503995,FALSE,TRUE,40
"2.2.2.3.2.2.1.2.2.2.2.2.2.2.2.2.2.2.2.2.2.2",0.417815767831868,FALSE,TRUE,39
"2.2.2.2.3.2.1.2.2.2.2.2.2.2.2.2.2.2.2.2.2.2",0.426270670918485,FALSE,TRUE,39
"2.2.2.2.2.3.1.2.2.2.2.2.2.2.2.2.2.2.2.2.2.2",0.450217570029299,FALSE,TRUE,39
"2.2.2.2.2.2.1.3.2.2.2.2.2.2.2.2.2.2.2.2.2.2",0.347932439938592,FALSE,TRUE,39
"2.2.2.2.2.2.1.2.3.2.2.2.2.2.2.2.2.2.2.2.2.2",0.359004783561682,FALSE,TRUE,39
"2.2.2.2.2.2.1.2.2.3.2.2.2.2.2.2.2.2.2.2.2.2",0.388888201229,FALSE,TRUE,39
"2.2.2.2.2.2.1.2.2.2.3.2.2.2.2.2.2.2.2.2.2.2",0.299716674129045,FALSE,TRUE,37
"2.2.2.2.2.2.1.2.2.2.2.3.2.2.2.2.2.2.2.2.2.2",0.356316489251371,FALSE,TRUE,39
"2.2.2.2.2.2.1.2.2.2.2.2.3.2.2.2.2.2.2.2.2.2",0.237719443290923,FALSE,TRUE,39
"2.2.2.2.2.2.1.2.2.2.2.2.2.3.2.2.2.2.2.2.2.2",0.34990124826642,FALSE,TRUE,39
"2.2.2.2.2.2.1.2.2.2.2.2.2.2.2.3.2.2.2.2.2.2",0.328564456816735,FALSE,TRUE,39
"2.2.2.2.2.2.1.2.2.2.2.2.2.2.2.2.3.2.2.2.2.2",0.444698220313476,FALSE,TRUE,39
"2.2.2.2.2.2.1.2.2.2.2.2.2.2.2.2.2.3.2.2.2.2",0.336084146287555,FALSE,TRUE,39
"2.2.2.2.2.2.1.2.2.2.2.2.2.2.2.2.2.2.3.2.2.2",0.352135070930964,FALSE,TRUE,39
"2.2.2.2.2.2.1.2.2.2.2.2.2.2.2.2.2.2.2.3.2.2",0.465681079450548,FALSE,TRUE,39
"2.2.2.2.2.2.1.2.2.2.2.2.2.2.2.2.2.2.2.2.3.2",0.492043659914368,FALSE,TRUE,39
"2.2.2.2.2.2.1.2.2.2.2.2.2.2.2.2.2.2.2.2.2.3",0.475396754623238,FALSE,TRUE,39
"1.2.2.2.2.2.1.2.2.2.2.2.2.2.2.2.2.2.2.2.2.2",0.42528365518853,FALSE,TRUE,37
"2.1.2.2.2.2.1.2.2.2.2.2.2.2.2.2.2.2.2.2.2.2",0.316987586909451,FALSE,TRUE,38
"2.2.2.1.2.2.1.2.2.2.2.2.2.2.2.2.2.2.2.2.2.2",0.422583513634766,FALSE,TRUE,38
"2.2.2.2.1.2.1.2.2.2.2.2.2.2.2.2.2.2.2.2.2.2",0.422429938226897,FALSE,TRUE,38
"2.2.2.2.2.2.1.1.2.2.2.2.2.2.2.2.2.2.2.2.2.2",0.503784657631438,FALSE,TRUE,38
"2.2.2.2.2.2.1.2.1.2.2.2.2.2.2.2.2.2.2.2.2.2",0.491204486019842,FALSE,TRUE,38
"2.2.2.2.2.2.1.2.2.1.2.2.2.2.2.2.2.2.2.2.2.2",0.504633209452285,FALSE,TRUE,38
"2.2.2.2.2.2.1.2.2.2.1.2.2.2.2.2.2.2.2.2.2.2",0.549501735595873,FALSE,TRUE,38
"2.2.2.2.2.2.1.2.2.2.2.1.2.2.2.2.2.2.2.2.2.2",0.467707301993442,FALSE,TRUE,37
"2.2.2.2.2.2.1.2.2.2.2.2.1.2.2.2.2.2.2.2.2.2",0.542672260957989,FALSE,TRUE,37
"2.2.2.2.2.2.1.2.2.2.2.2.2.1.2.2.2.2.2.2.2.2",0.502525848788821,FALSE,TRUE,38
"2.2.2.2.2.2.1.2.2.2.2.2.2.2.1.2.2.2.2.2.2.2",0.425448959376201,FALSE,TRUE,39
"2.2.2.2.2.2.1.2.2.2.2.2.2.2.2.1.2.2.2.2.2.2",0.55639292563797,FALSE,TRUE,34
"2.2.2.2.2.2.1.2.2.2.2.2.2.2.2.2.1.2.2.2.2.2",0.429550870841981,FALSE,TRUE,36
"2.2.2.2.2.2.1.2.2.2.2.2.2.2.2.2.2.1.2.2.2.2",0.524494076190269,FALSE,TRUE,36
"2.2.2.2.2.2.1.2.2.2.2.2.2.2.2.2.2.2.1.2.2.2",0.46400252504413,FALSE,TRUE,38
"2.2.2.2.2.2.1.2.2.2.2.2.2.2.2.2.2.2.2.1.2.2",0.370216358697283,FALSE,TRUE,38
"2.2.2.2.2.2.1.2.2.2.2.2.2.2.2.2.2.2.2.2.1.2",0.377498986438991,FALSE,TRUE,37
"2.2.2.2.2.2.1.2.2.2.2.2.2.2.2.2.2.2.2.2.2.1",0.396313435911809,FALSE,TRUE,38
"3.2.2.2.2.2.1.2.2.2.2.2.2.2.3.2.2.2.2.2.2.2",0.316092767333443,FALSE,TRUE,38
"2.3.2.2.2.2.1.2.2.2.2.2.2.2.3.2.2.2.2.2.2.2",0.472277824117012,FALSE,TRUE,38
"2.2.3.2.2.2.1.2.2.2.2.2.2.2.3.2.2.2.2.2.2.2",0.29551623030557,FALSE,TRUE,38
"2.2.2.3.2.2.1.2.2.2.2.2.2.2.3.2.2.2.2.2.2.2",0.38068192712782,FALSE,TRUE,38
"2.2.2.2.3.2.1.2.2.2.2.2.2.2.3.2.2.2.2.2.2.2",0.429117352439764,FALSE,TRUE,38
"2.2.2.2.2.3.1.2.2.2.2.2.2.2.3.2.2.2.2.2.2.2",0.419927910673618,FALSE,TRUE,38
"2.2.2.2.2.2.1.3.2.2.2.2.2.2.3.2.2.2.2.2.2.2",0.305938306639281,FALSE,TRUE,38
"2.2.2.2.2.2.1.2.3.2.2.2.2.2.3.2.2.2.2.2.2.2",0.333543081497303,FALSE,TRUE,38
"2.2.2.2.2.2.1.2.2.3.2.2.2.2.3.2.2.2.2.2.2.2",0.398586725983475,FALSE,TRUE,38
"2.2.2.2.2.2.1.2.2.2.3.2.2.2.3.2.2.2.2.2.2.2",0.321415045681914,FALSE,TRUE,38
"2.2.2.2.2.2.1.2.2.2.2.3.2.2.3.2.2.2.2.2.2.2",0.33815978646085,FALSE,TRUE,38
"2.2.2.2.2.2.1.2.2.2.2.2.3.2.3.2.2.2.2.2.2.2",0.243152546280483,FALSE,TRUE,38
"2.2.2.2.2.2.1.2.2.2.2.2.2.3.3.2.2.2.2.2.2.2",0.352264939450128,FALSE,TRUE,38
"2.2.2.2.2.2.1.2.2.2.2.2.2.2.4.2.2.2.2.2.2.2",0.411839955923594,FALSE,TRUE,39
"2.2.2.2.2.2.1.2.2.2.2.2.2.2.3.3.2.2.2.2.2.2",0.293374143941934,FALSE,TRUE,39
"2.2.2.2.2.2.1.2.2.2.2.2.2.2.3.2.3.2.2.2.2.2",0.41973918538545,FALSE,TRUE,38
"2.2.2.2.2.2.1.2.2.2.2.2.2.2.3.2.2.3.2.2.2.2",0.327225923177559,FALSE,TRUE,38
"2.2.2.2.2.2.1.2.2.2.2.2.2.2.3.2.2.2.3.2.2.2",0.318064339181849,FALSE,TRUE,38
"2.2.2.2.2.2.1.2.2.2.2.2.2.2.3.2.2.2.2.3.2.2",0.462900523409389,FALSE,TRUE,38
"2.2.2.2.2.2.1.2.2.2.2.2.2.2.3.2.2.2.2.2.3.2",0.523537881766676,FALSE,TRUE,38
"2.2.2.2.2.2.1.2.2.2.2.2.2.2.3.2.2.2.2.2.2.3",0.440713299213948,FALSE,TRUE,38
"1.2.2.2.2.2.1.2.2.2.2.2.2.2.3.2.2.2.2.2.2.2",0.445913357036205,FALSE,TRUE,37
"2.1.2.2.2.2.1.2.2.2.2.2.2.2.3.2.2.2.2.2.2.2",0.346205100171975,FALSE,TRUE,37
"2.2.2.1.2.2.1.2.2.2.2.2.2.2.3.2.2.2.2.2.2.2",0.454438863908655,FALSE,TRUE,37
"2.2.2.2.1.2.1.2.2.2.2.2.2.2.3.2.2.2.2.2.2.2",0.402398439698476,FALSE,TRUE,37
"2.2.2.2.2.1.1.2.2.2.2.2.2.2.3.2.2.2.2.2.2.2",0.429642221527188,FALSE,TRUE,37
"2.2.2.2.2.2.1.1.2.2.2.2.2.2.3.2.2.2.2.2.2.2",0.528696465551541,FALSE,TRUE,37
"2.2.2.2.2.2.1.2.1.2.2.2.2.2.3.2.2.2.2.2.2.2",0.504982240465814,FALSE,TRUE,37
"2.2.2.2.2.2.1.2.2.1.2.2.2.2.3.2.2.2.2.2.2.2",0.469800329905677,FALSE,TRUE,37
"2.2.2.2.2.2.1.2.2.2.1.2.2.2.3.2.2.2.2.2.2.2",0.497143755792007,FALSE,TRUE,37
"2.2.2.2.2.2.1.2.2.2.2.1.2.2.3.2.2.2.2.2.2.2",0.474098945853426,FALSE,TRUE,37
"2.2.2.2.2.2.1.2.2.2.2.2.1.2.3.2.2.2.2.2.2.2",0.530153409644381,FALSE,TRUE,37
"2.2.2.2.2.2.1.2.2.2.2.2.2.1.3.2.2.2.2.2.2.2",0.498486213660801,FALSE,TRUE,37
"2.2.2.2.2.2.1.2.2.2.2.2.2.2.3.2.1.2.2.2.2.2",0.439449557971373,FALSE,TRUE,37
"2.2.2.2.2.2.1.2.2.2.2.2.2.2.3.2.2.1.2.2.2.2",0.527214810541193,FALSE,TRUE,37
"2.2.2.2.2.2.1.2.2.2.2.2.2.2.3.2.2.2.1.2.2.2",0.487768092545673,FALSE,TRUE,37
"2.2.2.2.2.2.1.2.2.2.2.2.2.2.3.2.2.2.2.1.2.2",0.36060476503602,FALSE,TRUE,37
"2.2.2.2.2.2.1.2.2.2.2.2.2.2.3.2.2.2.2.2.1.2",0.340914782521747,FALSE,TRUE,36
"2.2.2.2.2.2.1.2.2.2.2.2.2.2.3.2.2.2.2.2.2.1",0.418001752471219,FALSE,TRUE,37
"3.2.2.2.2.2.2.1.2.2.2.2.2.2.2.2.2.2.2.2.2.2",0.282712481004095,FALSE,TRUE,40
"2.3.2.2.2.2.2.1.2.2.2.2.2.2.2.2.2.2.2.2.2.2",0.419441838963882,FALSE,TRUE,40
"2.2.3.2.2.2.2.1.2.2.2.2.2.2.2.2.2.2.2.2.2.2",0.366958875083237,FALSE,TRUE,40
"2.2.2.3.2.2.2.1.2.2.2.2.2.2.2.2.2.2.2.2.2.2",0.439913334521475,FALSE,TRUE,40
"2.2.2.2.3.2.2.1.2.2.2.2.2.2.2.2.2.2.2.2.2.2",0.423684715953823,FALSE,TRUE,41
"2.2.2.2.2.3.2.1.2.2.2.2.2.2.2.2.2.2.2.2.2.2",0.45598583393503,FALSE,TRUE,41
"2.2.2.2.2.2.2.1.3.2.2.2.2.2.2.2.2.2.2.2.2.2",0.371332001565403,FALSE,TRUE,41
"2.2.2.2.2.2.2.1.2.3.2.2.2.2.2.2.2.2.2.2.2.2",0.401351472022164,FALSE,TRUE,41
"2.2.2.2.2.2.2.1.2.2.3.2.2.2.2.2.2.2.2.2.2.2",0.295558729971904,FALSE,TRUE,39
"2.2.2.2.2.2.2.1.2.2.2.3.2.2.2.2.2.2.2.2.2.2",0.40350919344202,FALSE,TRUE,41
"2.2.2.2.2.2.2.1.2.2.2.2.3.2.2.2.2.2.2.2.2.2",0.268336032702405,FALSE,TRUE,41
"2.2.2.2.2.2.2.1.2.2.2.2.2.3.2.2.2.2.2.2.2.2",0.353345190118277,FALSE,TRUE,41
"2.2.2.2.2.2.2.1.2.2.2.2.2.2.3.2.2.2.2.2.2.2",0.521030853781208,FALSE,TRUE,37
"2.2.2.2.2.2.2.1.2.2.2.2.2.2.2.3.2.2.2.2.2.2",0.397605542284705,FALSE,TRUE,41
"2.2.2.2.2.2.2.1.2.2.2.2.2.2.2.2.3.2.2.2.2.2",0.536969671245617,FALSE,TRUE,41
"2.2.2.2.2.2.2.1.2.2.2.2.2.2.2.2.2.3.2.2.2.2",0.411929720393772,FALSE,TRUE,41
"2.2.2.2.2.2.2.1.2.2.2.2.2.2.2.2.2.2.3.2.2.2",0.462489970919642,FALSE,TRUE,41
"2.2.2.2.2.2.2.1.2.2.2.2.2.2.2.2.2.2.2.3.2.2",0.403548922103642,FALSE,TRUE,41
"2.2.2.2.2.2.2.1.2.2.2.2.2.2.2.2.2.2.2.2.3.2",0.433881131627399,FALSE,TRUE,41
"2.2.2.2.2.2.2.1.2.2.2.2.2.2.2.2.2.2.2.2.2.3",0.494041219577577,FALSE,TRUE,41
"1.2.2.2.2.2.2.1.2.2.2.2.2.2.2.2.2.2.2.2.2.2",0.555208176186612,FALSE,TRUE,39
"2.1.2.2.2.2.2.1.2.2.2.2.2.2.2.2.2.2.2.2.2.2",0.468982085819005,FALSE,TRUE,40
"2.2.1.2.2.2.2.1.2.2.2.2.2.2.2.2.2.2.2.2.2.2",0.559432243896672,FALSE,TRUE,39
"2.2.2.1.2.2.2.1.2.2.2.2.2.2.2.2.2.2.2.2.2.2",0.487979583697712,FALSE,TRUE,40
"2.2.2.2.1.2.2.1.2.2.2.2.2.2.2.2.2.2.2.2.2.2",0.478429808954848,FALSE,TRUE,40
"2.2.2.2.2.2.2.1.1.2.2.2.2.2.2.2.2.2.2.2.2.2",0.559038119691465,FALSE,TRUE,40
"2.2.2.2.2.2.2.1.2.1.2.2.2.2.2.2.2.2.2.2.2.2",0.570031537912793,FALSE,TRUE,40
"2.2.2.2.2.2.2.1.2.2.1.2.2.2.2.2.2.2.2.2.2.2",0.609843314587957,FALSE,TRUE,40
"2.2.2.2.2.2.2.1.2.2.2.1.2.2.2.2.2.2.2.2.2.2",0.503025113153252,FALSE,TRUE,39
"2.2.2.2.2.2.2.1.2.2.2.2.1.2.2.2.2.2.2.2.2.2",0.549558389079242,FALSE,TRUE,39
"2.2.2.2.2.2.2.1.2.2.2.2.2.1.2.2.2.2.2.2.2.2",0.557023419403996,FALSE,TRUE,39
"2.2.2.2.2.2.2.1.2.2.2.2.2.2.1.2.2.2.2.2.2.2",0.435081076334615,FALSE,TRUE,40
"2.2.2.2.2.2.2.1.2.2.2.2.2.2.2.1.2.2.2.2.2.2",0.57335569060674,FALSE,TRUE,35
"2.2.2.2.2.2.2.1.2.2.2.2.2.2.2.2.1.2.2.2.2.2",0.427335771667128,FALSE,TRUE,38
"2.2.2.2.2.2.2.1.2.2.2.2.2.2.2.2.2.1.2.2.2.2",0.522586875622004,FALSE,TRUE,38
"2.2.2.2.2.2.2.1.2.2.2.2.2.2.2.2.2.2.1.2.2.2",0.427326196990755,FALSE,TRUE,40
"2.2.2.2.2.2.2.1.2.2.2.2.2.2.2.2.2.2.2.1.2.2",0.529106817148865,FALSE,TRUE,40
"2.2.2.2.2.2.2.1.2.2.2.2.2.2.2.2.2.2.2.2.1.2",0.527743601001397,FALSE,TRUE,39
"2.2.2.2.2.2.2.1.2.2.2.2.2.2.2.2.2.2.2.2.2.1",0.474806252678284,FALSE,TRUE,40
"2.2.3.2.2.2.2.2.2.2.2.2.2.2.2.1.2.2.2.2.2.2",0.473252811569554,FALSE,TRUE,36
"2.2.2.3.2.2.2.2.2.2.2.2.2.2.2.1.2.2.2.2.2.2",0.54575975762373,FALSE,TRUE,36
"2.2.2.2.3.2.2.2.2.2.2.2.2.2.2.1.2.2.2.2.2.2",0.571102928704288,FALSE,TRUE,36
"2.2.2.2.2.3.2.2.2.2.2.2.2.2.2.1.2.2.2.2.2.2",0.618798915623083,FALSE,TRUE,36
"2.2.2.2.2.2.2.3.2.2.2.2.2.2.2.1.2.2.2.2.2.2",0.567085016956144,FALSE,TRUE,36
"2.2.2.2.2.2.2.2.3.2.2.2.2.2.2.1.2.2.2.2.2.2",0.470061158781288,FALSE,TRUE,36
"2.2.2.2.2.2.2.2.2.3.2.2.2.2.2.1.2.2.2.2.2.2",0.477827630261878,FALSE,TRUE,36
"2.2.2.2.2.2.2.2.2.2.3.2.2.2.2.1.2.2.2.2.2.2",0.419813192396692,FALSE,TRUE,34
"2.2.2.2.2.2.2.2.2.2.2.3.2.2.2.1.2.2.2.2.2.2",0.5271180397897,FALSE,TRUE,36
"2.2.2.2.2.2.2.2.2.2.2.2.3.2.2.1.2.2.2.2.2.2",0.390715090550805,FALSE,TRUE,37
"2.2.2.2.2.2.2.2.2.2.2.2.2.3.2.1.2.2.2.2.2.2",0.510435442110065,FALSE,TRUE,36
"2.2.2.2.2.2.2.2.2.2.2.2.2.2.2.1.3.2.2.2.2.2",0.622642949751157,FALSE,TRUE,36
"2.2.2.2.2.2.2.2.2.2.2.2.2.2.2.1.2.3.2.2.2.2",0.494217203262167,FALSE,TRUE,36
"2.2.2.2.2.2.2.2.2.2.2.2.2.2.2.1.2.2.3.2.2.2",0.534665440724362,FALSE,TRUE,36
"2.2.2.2.2.2.2.2.2.2.2.2.2.2.2.1.2.2.2.3.2.2",0.59714050426831,FALSE,TRUE,36
"2.2.2.2.2.2.2.2.2.2.2.2.2.2.2.1.2.2.2.2.3.2",0.612717271649639,FALSE,TRUE,37
"2.2.2.2.2.2.2.2.2.2.2.2.2.2.2.1.2.2.2.2.2.3",0.674823251992204,FALSE,TRUE,36
"1.2.2.2.2.2.2.2.2.2.2.2.2.2.2.1.2.2.2.2.2.2",0.654997226609005,FALSE,TRUE,35
"2.1.2.2.2.2.2.2.2.2.2.2.2.2.2.1.2.2.2.2.2.2",0.487194010455004,FALSE,TRUE,36
"2.2.1.2.2.2.2.2.2.2.2.2.2.2.2.1.2.2.2.2.2.2",0.649845765729551,FALSE,TRUE,34
"2.2.2.1.2.2.2.2.2.2.2.2.2.2.2.1.2.2.2.2.2.2",0.596040242927544,FALSE,TRUE,35
"2.2.2.2.1.2.2.2.2.2.2.2.2.2.2.1.2.2.2.2.2.2",0.559674530375539,FALSE,TRUE,35
"2.2.2.2.2.2.2.2.1.2.2.2.2.2.2.1.2.2.2.2.2.2",0.684527621743826,FALSE,TRUE,35
"2.2.2.2.2.2.2.2.2.1.2.2.2.2.2.1.2.2.2.2.2.2",0.702485499452689,FALSE,TRUE,35
"2.2.2.2.2.2.2.2.2.2.1.2.2.2.2.1.2.2.2.2.2.2",0.677315293320517,FALSE,TRUE,35
"2.2.2.2.2.2.2.2.2.2.2.1.2.2.2.1.2.2.2.2.2.2",0.579696120217985,FALSE,TRUE,34
"2.2.2.2.2.2.2.2.2.2.2.2.2.1.2.1.2.2.2.2.2.2",0.637317287503347,FALSE,TRUE,34
"2.2.2.2.2.2.2.2.2.2.2.2.2.2.1.1.2.2.2.2.2.2",0.572403069082988,FALSE,TRUE,36
"2.2.2.2.2.2.2.2.2.2.2.2.2.2.2.1.1.2.2.2.2.2",0.55053638523558,FALSE,TRUE,33
"2.2.2.2.2.2.2.2.2.2.2.2.2.2.2.1.2.1.2.2.2.2",0.668365548359238,FALSE,TRUE,33
"2.2.2.2.2.2.2.2.2.2.2.2.2.2.2.1.2.2.1.2.2.2",0.606187546541652,FALSE,TRUE,35
"2.2.2.2.2.2.2.2.2.2.2.2.2.2.2.1.2.2.2.1.2.2",0.54920015673059,FALSE,TRUE,35
"2.2.2.2.2.2.2.2.2.2.2.2.2.2.2.1.2.2.2.2.2.1",0.511802308347827,FALSE,TRUE,35
"3.2.2.2.2.2.2.2.2.2.3.2.2.2.2.2.2.2.2.2.2.2",0.157178320453847,FALSE,TRUE,39
"2.3.2.2.2.2.2.2.2.2.3.2.2.2.2.2.2.2.2.2.2.2",0.280352184654049,FALSE,TRUE,39
"2.2.3.2.2.2.2.2.2.2.3.2.2.2.2.2.2.2.2.2.2.2",0.184111230840333,FALSE,TRUE,39
"2.2.2.3.2.2.2.2.2.2.3.2.2.2.2.2.2.2.2.2.2.2",0.279892109053628,FALSE,TRUE,39
"2.2.2.2.3.2.2.2.2.2.3.2.2.2.2.2.2.2.2.2.2.2",0.252934589191093,FALSE,TRUE,40
"2.2.2.2.2.3.2.2.2.2.3.2.2.2.2.2.2.2.2.2.2.2",0.269450865890974,FALSE,TRUE,40
"2.2.2.2.2.2.2.3.2.2.3.2.2.2.2.2.2.2.2.2.2.2",0.287867195465656,FALSE,TRUE,40
"2.2.2.2.2.2.2.2.3.2.3.2.2.2.2.2.2.2.2.2.2.2",0.215769815894171,FALSE,TRUE,40
"2.2.2.2.2.2.2.2.2.3.3.2.2.2.2.2.2.2.2.2.2.2",0.243596945019255,FALSE,TRUE,40
"2.2.2.2.2.2.2.2.2.2.4.2.2.2.2.2.2.2.2.2.2.2",0.127772631150885,FALSE,TRUE,41
"2.2.2.2.2.2.2.2.2.2.3.3.2.2.2.2.2.2.2.2.2.2",0.261684216077827,FALSE,TRUE,41
"2.2.2.2.2.2.2.2.2.2.3.2.3.2.2.2.2.2.2.2.2.2",0.0885195223927598,FALSE,TRUE,40
"2.2.2.2.2.2.2.2.2.2.3.2.2.3.2.2.2.2.2.2.2.2",0.214880877248458,FALSE,TRUE,40
"2.2.2.2.2.2.2.2.2.2.3.2.2.2.3.2.2.2.2.2.2.2",0.334422385206595,FALSE,TRUE,36
"2.2.2.2.2.2.2.2.2.2.3.2.2.2.2.3.2.2.2.2.2.2",0.223309115244213,FALSE,TRUE,40
"2.2.2.2.2.2.2.2.2.2.3.2.2.2.2.2.3.2.2.2.2.2",0.289385043814473,FALSE,TRUE,40
"2.2.2.2.2.2.2.2.2.2.3.2.2.2.2.2.2.3.2.2.2.2",0.233287048070369,FALSE,TRUE,41
"2.2.2.2.2.2.2.2.2.2.3.2.2.2.2.2.2.2.3.2.2.2",0.204812173485742,FALSE,TRUE,40
"2.2.2.2.2.2.2.2.2.2.3.2.2.2.2.2.2.2.2.3.2.2",0.230384916089905,FALSE,TRUE,40
"2.2.2.2.2.2.2.2.2.2.3.2.2.2.2.2.2.2.2.2.3.2",0.313032382926368,FALSE,TRUE,40
"2.2.2.2.2.2.2.2.2.2.3.2.2.2.2.2.2.2.2.2.2.3",0.389971146498757,FALSE,TRUE,40
"1.2.2.2.2.2.2.2.2.2.3.2.2.2.2.2.2.2.2.2.2.2",0.33704084208202,FALSE,TRUE,38
"2.1.2.2.2.2.2.2.2.2.3.2.2.2.2.2.2.2.2.2.2.2",0.264111147741681,FALSE,TRUE,39
"2.2.1.2.2.2.2.2.2.2.3.2.2.2.2.2.2.2.2.2.2.2",0.442994348852905,FALSE,TRUE,38
"2.2.2.1.2.2.2.2.2.2.3.2.2.2.2.2.2.2.2.2.2.2",0.286417088751225,FALSE,TRUE,39
"2.2.2.2.1.2.2.2.2.2.3.2.2.2.2.2.2.2.2.2.2.2",0.327875788569449,FALSE,TRUE,39
"2.2.2.2.2.2.2.2.1.2.3.2.2.2.2.2.2.2.2.2.2.2",0.363029602761767,FALSE,TRUE,39
"2.2.2.2.2.2.2.2.2.1.3.2.2.2.2.2.2.2.2.2.2.2",0.389587885264721,FALSE,TRUE,39
"2.2.2.2.2.2.2.2.2.2.3.2.1.2.2.2.2.2.2.2.2.2",0.437470451105355,FALSE,TRUE,38
"2.2.2.2.2.2.2.2.2.2.3.2.2.1.2.2.2.2.2.2.2.2",0.360242443074151,FALSE,TRUE,38
"2.2.2.2.2.2.2.2.2.2.3.2.2.2.1.2.2.2.2.2.2.2",0.258312422849973,FALSE,TRUE,39
"2.2.2.2.2.2.2.2.2.2.3.2.2.2.2.2.1.2.2.2.2.2",0.309303748985979,FALSE,TRUE,38
"2.2.2.2.2.2.2.2.2.2.3.2.2.2.2.2.2.2.1.2.2.2",0.323971299697618,FALSE,TRUE,39
"2.2.2.2.2.2.2.2.2.2.3.2.2.2.2.2.2.2.2.1.2.2",0.332169734880798,FALSE,TRUE,39
"2.2.2.2.2.2.2.2.2.2.3.2.2.2.2.2.2.2.2.2.1.2",0.272450598121666,FALSE,TRUE,38
"2.2.2.2.2.2.2.2.2.2.3.2.2.2.2.2.2.2.2.2.2.1",0.204328970196387,FALSE,TRUE,39
"3.2.2.2.2.2.2.2.2.2.2.2.2.2.3.1.2.2.2.2.2.2",0.429529935464111,FALSE,TRUE,35
"2.3.2.2.2.2.2.2.2.2.2.2.2.2.3.1.2.2.2.2.2.2",0.610484265447951,FALSE,TRUE,35
"2.2.3.2.2.2.2.2.2.2.2.2.2.2.3.1.2.2.2.2.2.2",0.514239690683233,FALSE,TRUE,37
"2.2.2.3.2.2.2.2.2.2.2.2.2.2.3.1.2.2.2.2.2.2",0.526613610881965,FALSE,TRUE,37
"2.2.2.2.3.2.2.2.2.2.2.2.2.2.3.1.2.2.2.2.2.2",0.601488554828437,FALSE,TRUE,37
"2.2.2.2.2.3.2.2.2.2.2.2.2.2.3.1.2.2.2.2.2.2",0.604996133073238,FALSE,TRUE,37
"2.2.2.2.2.2.3.2.2.2.2.2.2.2.3.1.2.2.2.2.2.2",0.626615340114877,FALSE,TRUE,38
"2.2.2.2.2.2.2.3.2.2.2.2.2.2.3.1.2.2.2.2.2.2",0.538661187921201,FALSE,TRUE,37
"2.2.2.2.2.2.2.2.3.2.2.2.2.2.3.1.2.2.2.2.2.2",0.463557686059063,FALSE,TRUE,37
"2.2.2.2.2.2.2.2.2.3.2.2.2.2.3.1.2.2.2.2.2.2",0.497231527205379,FALSE,TRUE,37
"2.2.2.2.2.2.2.2.2.2.3.2.2.2.3.1.2.2.2.2.2.2",0.476026406357525,FALSE,TRUE,38
"2.2.2.2.2.2.2.2.2.2.2.3.2.2.3.1.2.2.2.2.2.2",0.535083482535099,FALSE,TRUE,37
"2.2.2.2.2.2.2.2.2.2.2.2.3.2.3.1.2.2.2.2.2.2",0.427949373678531,FALSE,TRUE,37
"2.2.2.2.2.2.2.2.2.2.2.2.2.3.3.1.2.2.2.2.2.2",0.520898919435005,FALSE,TRUE,37
"2.2.2.2.2.2.2.2.2.2.2.2.2.2.4.1.2.2.2.2.2.2",0.577723306768114,FALSE,TRUE,38
"2.2.2.2.2.2.2.2.2.2.2.2.2.2.3.1.3.2.2.2.2.2",0.606238347824448,FALSE,TRUE,37
"2.2.2.2.2.2.2.2.2.2.2.2.2.2.3.1.2.3.2.2.2.2",0.492669071130659,FALSE,TRUE,37
"2.2.2.2.2.2.2.2.2.2.2.2.2.2.3.1.2.2.3.2.2.2",0.510021158728472,FALSE,TRUE,37
"2.2.2.2.2.2.2.2.2.2.2.2.2.2.3.1.2.2.2.3.2.2",0.618533113316158,FALSE,TRUE,37
"2.2.2.2.2.2.2.2.2.2.2.2.2.2.3.1.2.2.2.2.3.2",0.649036242784901,FALSE,TRUE,37
"2.2.2.2.2.2.2.2.2.2.2.2.2.2.3.1.2.2.2.2.2.3",0.652172343597386,FALSE,TRUE,37
"1.2.2.2.2.2.2.2.2.2.2.2.2.2.3.1.2.2.2.2.2.2",0.681186942518358,FALSE,TRUE,35
"2.1.2.2.2.2.2.2.2.2.2.2.2.2.3.1.2.2.2.2.2.2",0.531508006356509,FALSE,TRUE,36
"2.2.2.1.2.2.2.2.2.2.2.2.2.2.3.1.2.2.2.2.2.2",0.631163407834843,FALSE,TRUE,36
"2.2.2.2.1.2.2.2.2.2.2.2.2.2.3.1.2.2.2.2.2.2",0.534782377059249,FALSE,TRUE,36
"2.2.2.2.2.1.2.2.2.2.2.2.2.2.3.1.2.2.2.2.2.2",0.559831974083816,FALSE,TRUE,36
"2.2.2.2.2.2.2.1.2.2.2.2.2.2.3.1.2.2.2.2.2.2",0.596895836937977,FALSE,TRUE,36
"2.2.2.2.2.2.2.2.1.2.2.2.2.2.3.1.2.2.2.2.2.2",0.70311443422425,FALSE,TRUE,36
"2.2.2.2.2.2.2.2.2.1.2.2.2.2.3.1.2.2.2.2.2.2",0.674192796918808,FALSE,TRUE,36
"2.2.2.2.2.2.2.2.2.2.2.1.2.2.3.1.2.2.2.2.2.2",0.57125519218419,FALSE,TRUE,35
"2.2.2.2.2.2.2.2.2.2.2.2.1.2.3.1.2.2.2.2.2.2",0.619608916306203,FALSE,TRUE,35
"2.2.2.2.2.2.2.2.2.2.2.2.2.1.3.1.2.2.2.2.2.2",0.641632413746661,FALSE,TRUE,36
"2.2.2.2.2.2.2.2.2.2.2.2.2.2.3.1.1.2.2.2.2.2",0.568446280965772,FALSE,TRUE,36
"2.2.2.2.2.2.2.2.2.2.2.2.2.2.3.1.2.1.2.2.2.2",0.683197414591327,FALSE,TRUE,36
"2.2.2.2.2.2.2.2.2.2.2.2.2.2.3.1.2.2.1.2.2.2",0.632569125162995,FALSE,TRUE,35
"2.2.2.2.2.2.2.2.2.2.2.2.2.2.3.1.2.2.2.1.2.2",0.541564205522611,FALSE,TRUE,36
"2.2.2.2.2.2.2.2.2.2.2.2.2.2.3.1.2.2.2.2.1.2",0.534574471476752,FALSE,TRUE,35
"2.2.2.2.2.2.2.2.2.2.2.2.2.2.3.1.2.2.2.2.2.1",0.533410109888106,FALSE,TRUE,36
"1.3.2.2.2.1.2.2.2.2.2.2.2.2.2.2.2.2.2.2.2.2",0.584529962019397,FALSE,TRUE,38
"1.2.3.2.2.1.2.2.2.2.2.2.2.2.2.2.2.2.2.2.2.2",0.312840067561411,FALSE,TRUE,40
"1.2.2.3.2.1.2.2.2.2.2.2.2.2.2.2.2.2.2.2.2.2",0.489442926058197,FALSE,TRUE,40
"1.2.2.2.3.1.2.2.2.2.2.2.2.2.2.2.2.2.2.2.2.2",0.4295005634007,FALSE,TRUE,40
"1.2.2.2.2.1.3.2.2.2.2.2.2.2.2.2.2.2.2.2.2.2",0.580998564055937,FALSE,TRUE,38
"1.2.2.2.2.1.2.3.2.2.2.2.2.2.2.2.2.2.2.2.2.2",0.423675977277448,FALSE,TRUE,40
"1.2.2.2.2.1.2.2.3.2.2.2.2.2.2.2.2.2.2.2.2.2",0.457189288490103,FALSE,TRUE,40
"1.2.2.2.2.1.2.2.2.3.2.2.2.2.2.2.2.2.2.2.2.2",0.467372976230424,FALSE,TRUE,39
"1.2.2.2.2.1.2.2.2.2.3.2.2.2.2.2.2.2.2.2.2.2",0.339956803910359,FALSE,TRUE,39
"1.2.2.2.2.1.2.2.2.2.2.3.2.2.2.2.2.2.2.2.2.2",0.432746852269391,FALSE,TRUE,40
"1.2.2.2.2.1.2.2.2.2.2.2.3.2.2.2.2.2.2.2.2.2",0.323619910406548,FALSE,TRUE,40
"1.2.2.2.2.1.2.2.2.2.2.2.2.3.2.2.2.2.2.2.2.2",0.365901632831219,FALSE,TRUE,39
"1.2.2.2.2.1.2.2.2.2.2.2.2.2.3.2.2.2.2.2.2.2",0.548873081016425,FALSE,TRUE,39
"1.2.2.2.2.1.2.2.2.2.2.2.2.2.2.3.2.2.2.2.2.2",0.39595845972237,FALSE,TRUE,40
"1.2.2.2.2.1.2.2.2.2.2.2.2.2.2.2.3.2.2.2.2.2",0.543309430327065,FALSE,TRUE,40
"1.2.2.2.2.1.2.2.2.2.2.2.2.2.2.2.2.3.2.2.2.2",0.407358672488923,FALSE,TRUE,40
"1.2.2.2.2.1.2.2.2.2.2.2.2.2.2.2.2.2.3.2.2.2",0.489849578592444,FALSE,TRUE,40
"1.2.2.2.2.1.2.2.2.2.2.2.2.2.2.2.2.2.2.3.2.2",0.508987629710814,FALSE,TRUE,40
"1.2.2.2.2.1.2.2.2.2.2.2.2.2.2.2.2.2.2.2.3.2",0.513292818813346,FALSE,TRUE,40
"1.2.2.2.2.1.2.2.2.2.2.2.2.2.2.2.2.2.2.2.2.3",0.485949315800787,FALSE,TRUE,40
"1.1.2.2.2.1.2.2.2.2.2.2.2.2.2.2.2.2.2.2.2.2",0.304246822179881,FALSE,TRUE,39
"1.2.1.2.2.1.2.2.2.2.2.2.2.2.2.2.2.2.2.2.2.2",0.62546513117787,FALSE,TRUE,39
"1.2.2.1.2.1.2.2.2.2.2.2.2.2.2.2.2.2.2.2.2.2",0.455006512038928,FALSE,TRUE,39
"1.2.2.2.1.1.2.2.2.2.2.2.2.2.2.2.2.2.2.2.2.2",0.483109315194743,FALSE,TRUE,39
"1.2.2.2.2.1.1.2.2.2.2.2.2.2.2.2.2.2.2.2.2.2",0.378498459717934,FALSE,TRUE,38
"1.2.2.2.2.1.2.1.2.2.2.2.2.2.2.2.2.2.2.2.2.2",0.536430789841813,FALSE,TRUE,38
"1.2.2.2.2.1.2.2.1.2.2.2.2.2.2.2.2.2.2.2.2.2",0.498538226375821,FALSE,TRUE,39
"1.2.2.2.2.1.2.2.2.1.2.2.2.2.2.2.2.2.2.2.2.2",0.510282558991395,FALSE,TRUE,39
"1.2.2.2.2.1.2.2.2.2.1.2.2.2.2.2.2.2.2.2.2.2",0.584241753088591,FALSE,TRUE,39
"1.2.2.2.2.1.2.2.2.2.2.1.2.2.2.2.2.2.2.2.2.2",0.491413983057332,FALSE,TRUE,39
"1.2.2.2.2.1.2.2.2.2.2.2.1.2.2.2.2.2.2.2.2.2",0.504353155740195,FALSE,TRUE,37
"1.2.2.2.2.1.2.2.2.2.2.2.2.1.2.2.2.2.2.2.2.2",0.545277809203668,FALSE,TRUE,38
"1.2.2.2.2.1.2.2.2.2.2.2.2.2.1.2.2.2.2.2.2.2",0.419802548658071,FALSE,TRUE,39
"1.2.2.2.2.1.2.2.2.2.2.2.2.2.2.1.2.2.2.2.2.2",0.573709294787349,FALSE,TRUE,37
"1.2.2.2.2.1.2.2.2.2.2.2.2.2.2.2.1.2.2.2.2.2",0.435599369383672,FALSE,TRUE,37
"1.2.2.2.2.1.2.2.2.2.2.2.2.2.2.2.2.1.2.2.2.2",0.539010611552865,FALSE,TRUE,38
"1.2.2.2.2.1.2.2.2.2.2.2.2.2.2.2.2.2.1.2.2.2",0.413801992410115,FALSE,TRUE,39
"1.2.2.2.2.1.2.2.2.2.2.2.2.2.2.2.2.2.2.1.2.2",0.445920932948063,FALSE,TRUE,39
"1.2.2.2.2.1.2.2.2.2.2.2.2.2.2.2.2.2.2.2.1.2",0.469694577649636,FALSE,TRUE,39
"1.2.2.2.2.1.2.2.2.2.2.2.2.2.2.2.2.2.2.2.2.1",0.495451665657959,FALSE,TRUE,39
"3.2.2.2.2.2.3.2.2.2.2.2.2.1.2.2.2.2.2.2.2.2",0.300875006641148,FALSE,TRUE,38
"2.3.2.2.2.2.3.2.2.2.2.2.2.1.2.2.2.2.2.2.2.2",0.457158174262617,FALSE,TRUE,38
"2.2.3.2.2.2.3.2.2.2.2.2.2.1.2.2.2.2.2.2.2.2",0.388875555551778,FALSE,TRUE,38
"2.2.2.3.2.2.3.2.2.2.2.2.2.1.2.2.2.2.2.2.2.2",0.443514704960374,FALSE,TRUE,38
"2.2.2.2.3.2.3.2.2.2.2.2.2.1.2.2.2.2.2.2.2.2",0.419150309154106,FALSE,TRUE,38
"2.2.2.2.2.3.3.2.2.2.2.2.2.1.2.2.2.2.2.2.2.2",0.422345350318926,FALSE,TRUE,38
"2.2.2.2.2.2.4.2.2.2.2.2.2.1.2.2.2.2.2.2.2.2",0.445019988719462,FALSE,TRUE,37
"2.2.2.2.2.2.3.3.2.2.2.2.2.1.2.2.2.2.2.2.2.2",0.470295967700694,FALSE,TRUE,38
"2.2.2.2.2.2.3.2.3.2.2.2.2.1.2.2.2.2.2.2.2.2",0.422783846538722,FALSE,TRUE,38
"2.2.2.2.2.2.3.2.2.3.2.2.2.1.2.2.2.2.2.2.2.2",0.43098040804669,FALSE,TRUE,39
"2.2.2.2.2.2.3.2.2.2.3.2.2.1.2.2.2.2.2.2.2.2",0.32776207697957,FALSE,TRUE,37
"2.2.2.2.2.2.3.2.2.2.2.3.2.1.2.2.2.2.2.2.2.2",0.340678407223325,FALSE,TRUE,38
"2.2.2.2.2.2.3.2.2.2.2.2.3.1.2.2.2.2.2.2.2.2",0.285927982653417,FALSE,TRUE,39
"2.2.2.2.2.2.3.2.2.2.2.2.2.1.3.2.2.2.2.2.2.2",0.511983689655869,FALSE,TRUE,37
"2.2.2.2.2.2.3.2.2.2.2.2.2.1.2.2.3.2.2.2.2.2",0.480302451632806,FALSE,TRUE,38
"2.2.2.2.2.2.3.2.2.2.2.2.2.1.2.2.2.3.2.2.2.2",0.495260581402558,FALSE,TRUE,38
"2.2.2.2.2.2.3.2.2.2.2.2.2.1.2.2.2.2.3.2.2.2",0.410978935947828,FALSE,TRUE,38
"2.2.2.2.2.2.3.2.2.2.2.2.2.1.2.2.2.2.2.3.2.2",0.458958766445455,FALSE,TRUE,38
"2.2.2.2.2.2.3.2.2.2.2.2.2.1.2.2.2.2.2.2.3.2",0.485469468940716,FALSE,TRUE,38
"2.2.2.2.2.2.3.2.2.2.2.2.2.1.2.2.2.2.2.2.2.3",0.50918609579178,FALSE,TRUE,38
"1.2.2.2.2.2.3.2.2.2.2.2.2.1.2.2.2.2.2.2.2.2",0.583736465211358,FALSE,TRUE,37
"2.1.2.2.2.2.3.2.2.2.2.2.2.1.2.2.2.2.2.2.2.2",0.446552457958921,FALSE,TRUE,37
"2.2.1.2.2.2.3.2.2.2.2.2.2.1.2.2.2.2.2.2.2.2",0.568989230109166,FALSE,TRUE,37
"2.2.2.1.2.2.3.2.2.2.2.2.2.1.2.2.2.2.2.2.2.2",0.520887417749332,FALSE,TRUE,37
"2.2.2.2.1.2.3.2.2.2.2.2.2.1.2.2.2.2.2.2.2.2",0.502219187870743,FALSE,TRUE,37
"2.2.2.2.2.1.3.2.2.2.2.2.2.1.2.2.2.2.2.2.2.2",0.551965077447258,FALSE,TRUE,34
"2.2.2.2.2.2.3.1.2.2.2.2.2.1.2.2.2.2.2.2.2.2",0.487637210667043,FALSE,TRUE,36
"2.2.2.2.2.2.3.2.1.2.2.2.2.1.2.2.2.2.2.2.2.2",0.551633558969127,FALSE,TRUE,37
"2.2.2.2.2.2.3.2.2.2.1.2.2.1.2.2.2.2.2.2.2.2",0.609464330643014,FALSE,TRUE,37
"2.2.2.2.2.2.3.2.2.2.2.1.2.1.2.2.2.2.2.2.2.2",0.602822261319104,FALSE,TRUE,37
"2.2.2.2.2.2.3.2.2.2.2.2.2.1.1.2.2.2.2.2.2.2",0.470403114953925,FALSE,TRUE,37
"2.2.2.2.2.2.3.2.2.2.2.2.2.1.2.1.2.2.2.2.2.2",0.62896930645902,FALSE,TRUE,37
"2.2.2.2.2.2.3.2.2.2.2.2.2.1.2.2.1.2.2.2.2.2",0.511296881221264,FALSE,TRUE,36
"2.2.2.2.2.2.3.2.2.2.2.2.2.1.2.2.2.1.2.2.2.2",0.466741170709606,FALSE,TRUE,36
"2.2.2.2.2.2.3.2.2.2.2.2.2.1.2.2.2.2.1.2.2.2",0.504258463407122,FALSE,TRUE,37
"2.2.2.2.2.2.3.2.2.2.2.2.2.1.2.2.2.2.2.1.2.2",0.517971235998733,FALSE,TRUE,37
"2.2.2.2.2.2.3.2.2.2.2.2.2.1.2.2.2.2.2.2.1.2",0.502015664044816,FALSE,TRUE,37
"2.2.2.2.2.2.3.2.2.2.2.2.2.1.2.2.2.2.2.2.2.1",0.483957749896109,FALSE,TRUE,37
"3.2.2.2.2.2.2.2.2.2.3.1.2.2.2.2.2.2.2.2.2.2",0.197741428320337,FALSE,TRUE,41
"2.3.2.2.2.2.2.2.2.2.3.1.2.2.2.2.2.2.2.2.2.2",0.290483405273938,FALSE,TRUE,39
"2.2.3.2.2.2.2.2.2.2.3.1.2.2.2.2.2.2.2.2.2.2",0.143744039035536,FALSE,TRUE,41
"2.2.2.3.2.2.2.2.2.2.3.1.2.2.2.2.2.2.2.2.2.2",0.224304904312911,FALSE,TRUE,41
"2.2.2.2.3.2.2.2.2.2.3.1.2.2.2.2.2.2.2.2.2.2",0.254205355499526,FALSE,TRUE,41
"2.2.2.2.2.3.2.2.2.2.3.1.2.2.2.2.2.2.2.2.2.2",0.265454683450361,FALSE,TRUE,41
"2.2.2.2.2.2.3.2.2.2.3.1.2.2.2.2.2.2.2.2.2.2",0.282704792330451,FALSE,TRUE,40
"2.2.2.2.2.2.2.3.2.2.3.1.2.2.2.2.2.2.2.2.2.2",0.298183452643791,FALSE,TRUE,41
"2.2.2.2.2.2.2.2.3.2.3.1.2.2.2.2.2.2.2.2.2.2",0.170709016107985,FALSE,TRUE,41
"2.2.2.2.2.2.2.2.2.3.3.1.2.2.2.2.2.2.2.2.2.2",0.271753470906679,FALSE,TRUE,41
"2.2.2.2.2.2.2.2.2.2.4.1.2.2.2.2.2.2.2.2.2.2",0.0670395186310644,FALSE,TRUE,41
"2.2.2.2.2.2.2.2.2.2.3.1.3.2.2.2.2.2.2.2.2.2",0.129129961607521,FALSE,TRUE,41
"2.2.2.2.2.2.2.2.2.2.3.1.2.3.2.2.2.2.2.2.2.2",0.137376719945044,FALSE,TRUE,40
"2.2.2.2.2.2.2.2.2.2.3.1.2.2.3.2.2.2.2.2.2.2",0.347763105370287,FALSE,TRUE,40
"2.2.2.2.2.2.2.2.2.2.3.1.2.2.2.3.2.2.2.2.2.2",0.1907082088823,FALSE,TRUE,41
"2.2.2.2.2.2.2.2.2.2.3.1.2.2.2.2.3.2.2.2.2.2",0.329918688710486,FALSE,TRUE,41
"2.2.2.2.2.2.2.2.2.2.3.1.2.2.2.2.2.3.2.2.2.2",0.229033404115981,FALSE,TRUE,41
"2.2.2.2.2.2.2.2.2.2.3.1.2.2.2.2.2.2.3.2.2.2",0.292251349197562,FALSE,TRUE,41
"2.2.2.2.2.2.2.2.2.2.3.1.2.2.2.2.2.2.2.3.2.2",0.179432093749342,FALSE,TRUE,40
"2.2.2.2.2.2.2.2.2.2.3.1.2.2.2.2.2.2.2.2.3.2",0.322483074921007,FALSE,TRUE,41
"2.2.2.2.2.2.2.2.2.2.3.1.2.2.2.2.2.2.2.2.2.3",0.387594924800639,FALSE,TRUE,41
"1.2.2.2.2.2.2.2.2.2.3.1.2.2.2.2.2.2.2.2.2.2",0.301930378822185,FALSE,TRUE,40
"2.1.2.2.2.2.2.2.2.2.3.1.2.2.2.2.2.2.2.2.2.2",0.252275842167225,FALSE,TRUE,40
"2.2.1.2.2.2.2.2.2.2.3.1.2.2.2.2.2.2.2.2.2.2",0.439485131270964,FALSE,TRUE,39
"2.2.2.1.2.2.2.2.2.2.3.1.2.2.2.2.2.2.2.2.2.2",0.336579381486286,FALSE,TRUE,40
"2.2.2.2.1.2.2.2.2.2.3.1.2.2.2.2.2.2.2.2.2.2",0.308102999550044,FALSE,TRUE,40
"2.2.2.2.2.1.2.2.2.2.3.1.2.2.2.2.2.2.2.2.2.2",0.330893046891792,FALSE,TRUE,39
"2.2.2.2.2.2.1.2.2.2.3.1.2.2.2.2.2.2.2.2.2.2",0.283054860032482,FALSE,TRUE,39
"2.2.2.2.2.2.2.1.2.2.3.1.2.2.2.2.2.2.2.2.2.2",0.300289078057841,FALSE,TRUE,39
"2.2.2.2.2.2.2.2.1.2.3.1.2.2.2.2.2.2.2.2.2.2",0.405028361566559,FALSE,TRUE,40
"2.2.2.2.2.2.2.2.2.1.3.1.2.2.2.2.2.2.2.2.2.2",0.35105304724126,FALSE,TRUE,40
"2.2.2.2.2.2.2.2.2.2.3.1.1.2.2.2.2.2.2.2.2.2",0.364590724911499,FALSE,TRUE,39
"2.2.2.2.2.2.2.2.2.2.3.1.2.1.2.2.2.2.2.2.2.2",0.42316202283242,FALSE,TRUE,40
"2.2.2.2.2.2.2.2.2.2.3.1.2.2.1.2.2.2.2.2.2.2",0.24289837307472,FALSE,TRUE,40
"2.2.2.2.2.2.2.2.2.2.3.1.2.2.2.1.2.2.2.2.2.2",0.424732413308931,FALSE,TRUE,38
"2.2.2.2.2.2.2.2.2.2.3.1.2.2.2.2.1.2.2.2.2.2",0.261354611472701,FALSE,TRUE,40
"2.2.2.2.2.2.2.2.2.2.3.1.2.2.2.2.2.1.2.2.2.2",0.330180353146507,FALSE,TRUE,37
"2.2.2.2.2.2.2.2.2.2.3.1.2.2.2.2.2.2.1.2.2.2",0.247842325085375,FALSE,TRUE,40
"2.2.2.2.2.2.2.2.2.2.3.1.2.2.2.2.2.2.2.1.2.2",0.390820073077382,FALSE,TRUE,40
"2.2.2.2.2.2.2.2.2.2.3.1.2.2.2.2.2.2.2.2.1.2",0.269918214425485,FALSE,TRUE,40
"2.2.2.2.2.2.2.2.2.2.3.1.2.2.2.2.2.2.2.2.2.1",0.215086837623946,FALSE,TRUE,40
"4.2.2.2.2.2.2.2.2.2.2.2.2.2.2.1.2.2.2.2.2.2",0.212115004463066,FALSE,TRUE,40
"3.3.2.2.2.2.2.2.2.2.2.2.2.2.2.1.2.2.2.2.2.2",0.426639696622332,FALSE,TRUE,38
"3.2.3.2.2.2.2.2.2.2.2.2.2.2.2.1.2.2.2.2.2.2",0.337451916556387,FALSE,TRUE,39
"3.2.2.3.2.2.2.2.2.2.2.2.2.2.2.1.2.2.2.2.2.2",0.364781710219829,FALSE,TRUE,39
"3.2.2.2.3.2.2.2.2.2.2.2.2.2.2.1.2.2.2.2.2.2",0.383289341250761,FALSE,TRUE,39
"3.2.2.2.2.3.2.2.2.2.2.2.2.2.2.1.2.2.2.2.2.2",0.448239506625557,FALSE,TRUE,39
"3.2.2.2.2.2.3.2.2.2.2.2.2.2.2.1.2.2.2.2.2.2",0.395853850619708,FALSE,TRUE,38
"3.2.2.2.2.2.2.3.2.2.2.2.2.2.2.1.2.2.2.2.2.2",0.422929961800853,FALSE,TRUE,39
"3.2.2.2.2.2.2.2.3.2.2.2.2.2.2.1.2.2.2.2.2.2",0.269640042788674,FALSE,TRUE,39
"3.2.2.2.2.2.2.2.2.3.2.2.2.2.2.1.2.2.2.2.2.2",0.262107930007247,FALSE,TRUE,39
"3.2.2.2.2.2.2.2.2.2.3.2.2.2.2.1.2.2.2.2.2.2",0.237571566694515,FALSE,TRUE,38
"3.2.2.2.2.2.2.2.2.2.2.3.2.2.2.1.2.2.2.2.2.2",0.32988544654191,FALSE,TRUE,39
"3.2.2.2.2.2.2.2.2.2.2.2.3.2.2.1.2.2.2.2.2.2",0.194568201419341,FALSE,TRUE,40
"3.2.2.2.2.2.2.2.2.2.2.2.2.3.2.1.2.2.2.2.2.2",0.351752178011774,FALSE,TRUE,38
"3.2.2.2.2.2.2.2.2.2.2.2.2.2.2.1.3.2.2.2.2.2",0.456649936459256,FALSE,TRUE,39
"3.2.2.2.2.2.2.2.2.2.2.2.2.2.2.1.2.3.2.2.2.2",0.301688162213317,FALSE,TRUE,39
"3.2.2.2.2.2.2.2.2.2.2.2.2.2.2.1.2.2.3.2.2.2",0.340150487666765,FALSE,TRUE,40
"3.2.2.2.2.2.2.2.2.2.2.2.2.2.2.1.2.2.2.3.2.2",0.413508308986238,FALSE,TRUE,39
"3.2.2.2.2.2.2.2.2.2.2.2.2.2.2.1.2.2.2.2.3.2",0.405022546120939,FALSE,TRUE,39
"3.2.2.2.2.2.2.2.2.2.2.2.2.2.2.1.2.2.2.2.2.3",0.492941153836017,FALSE,TRUE,39
"3.1.2.2.2.2.2.2.2.2.2.2.2.2.2.1.2.2.2.2.2.2",0.386001202874238,FALSE,TRUE,38
"3.2.1.2.2.2.2.2.2.2.2.2.2.2.2.1.2.2.2.2.2.2",0.456630543555736,FALSE,TRUE,37
"3.2.2.1.2.2.2.2.2.2.2.2.2.2.2.1.2.2.2.2.2.2",0.455250658925099,FALSE,TRUE,38
"3.2.2.2.1.2.2.2.2.2.2.2.2.2.2.1.2.2.2.2.2.2",0.393471280980019,FALSE,TRUE,38
"3.2.2.2.2.1.2.2.2.2.2.2.2.2.2.1.2.2.2.2.2.2",0.372411741656267,FALSE,TRUE,37
"3.2.2.2.2.2.1.2.2.2.2.2.2.2.2.1.2.2.2.2.2.2",0.431738074678821,FALSE,TRUE,36
"3.2.2.2.2.2.2.1.2.2.2.2.2.2.2.1.2.2.2.2.2.2",0.343597326869393,FALSE,TRUE,37
"3.2.2.2.2.2.2.2.1.2.2.2.2.2.2.1.2.2.2.2.2.2",0.542668047899746,FALSE,TRUE,38
"3.2.2.2.2.2.2.2.2.1.2.2.2.2.2.1.2.2.2.2.2.2",0.558112700283873,FALSE,TRUE,38
"3.2.2.2.2.2.2.2.2.2.1.2.2.2.2.1.2.2.2.2.2.2",0.509730351722098,FALSE,TRUE,37
"3.2.2.2.2.2.2.2.2.2.2.1.2.2.2.1.2.2.2.2.2.2",0.450913934901288,FALSE,TRUE,37
"3.2.2.2.2.2.2.2.2.2.2.2.2.1.2.1.2.2.2.2.2.2",0.46375776930974,FALSE,TRUE,38
"3.2.2.2.2.2.2.2.2.2.2.2.2.2.1.1.2.2.2.2.2.2",0.402499858916715,FALSE,TRUE,38
"3.2.2.2.2.2.2.2.2.2.2.2.2.2.2.1.1.2.2.2.2.2",0.357572218945728,FALSE,TRUE,38
"3.2.2.2.2.2.2.2.2.2.2.2.2.2.2.1.2.1.2.2.2.2",0.513431743849319,FALSE,TRUE,37
"3.2.2.2.2.2.2.2.2.2.2.2.2.2.2.1.2.2.2.1.2.2",0.416566477918167,FALSE,TRUE,38
"3.2.2.2.2.2.2.2.2.2.2.2.2.2.2.1.2.2.2.2.1.2",0.400281586834237,FALSE,TRUE,38
"3.2.2.2.2.2.2.2.2.2.2.2.2.2.2.1.2.2.2.2.2.1",0.333533430104621,FALSE,TRUE,38
"3.2.2.2.2.2.2.2.2.2.2.2.2.2.2.2.2.1.2.2.2.2",0.39771605207871,FALSE,TRUE,38
"2.3.2.2.2.2.2.2.2.2.2.2.2.2.2.2.2.1.2.2.2.2",0.54012526478273,FALSE,TRUE,38
"2.2.3.2.2.2.2.2.2.2.2.2.2.2.2.2.2.1.2.2.2.2",0.377708326524996,FALSE,TRUE,38
"2.2.2.3.2.2.2.2.2.2.2.2.2.2.2.2.2.1.2.2.2.2",0.460069917710724,FALSE,TRUE,38
"2.2.2.2.3.2.2.2.2.2.2.2.2.2.2.2.2.1.2.2.2.2",0.511641896915966,FALSE,TRUE,39
"2.2.2.2.2.3.2.2.2.2.2.2.2.2.2.2.2.1.2.2.2.2",0.471908907458568,FALSE,TRUE,39
"2.2.2.2.2.2.2.3.2.2.2.2.2.2.2.2.2.1.2.2.2.2",0.482224247738526,FALSE,TRUE,39
"2.2.2.2.2.2.2.2.3.2.2.2.2.2.2.2.2.1.2.2.2.2",0.447109419540596,FALSE,TRUE,39
"2.2.2.2.2.2.2.2.2.3.2.2.2.2.2.2.2.1.2.2.2.2",0.482070737780287,FALSE,TRUE,39
"2.2.2.2.2.2.2.2.2.2.2.3.2.2.2.2.2.1.2.2.2.2",0.430097967760026,FALSE,TRUE,39
"2.2.2.2.2.2.2.2.2.2.2.2.3.2.2.2.2.1.2.2.2.2",0.355025013470087,FALSE,TRUE,39
"2.2.2.2.2.2.2.2.2.2.2.2.2.3.2.2.2.1.2.2.2.2",0.490435721947447,FALSE,TRUE,39
"2.2.2.2.2.2.2.2.2.2.2.2.2.2.3.2.2.1.2.2.2.2",0.546874571357522,FALSE,TRUE,35
"2.2.2.2.2.2.2.2.2.2.2.2.2.2.2.3.2.1.2.2.2.2",0.37091995695836,FALSE,TRUE,39
"2.2.2.2.2.2.2.2.2.2.2.2.2.2.2.2.3.1.2.2.2.2",0.513853445442554,FALSE,TRUE,40
"2.2.2.2.2.2.2.2.2.2.2.2.2.2.2.2.2.1.3.2.2.2",0.468303832828628,FALSE,TRUE,39
"2.2.2.2.2.2.2.2.2.2.2.2.2.2.2.2.2.1.2.3.2.2",0.501210455780572,FALSE,TRUE,39
"2.2.2.2.2.2.2.2.2.2.2.2.2.2.2.2.2.1.2.2.3.2",0.54405690591976,FALSE,TRUE,39
"2.2.2.2.2.2.2.2.2.2.2.2.2.2.2.2.2.1.2.2.2.3",0.582179896365851,FALSE,TRUE,39
"1.2.2.2.2.2.2.2.2.2.2.2.2.2.2.2.2.1.2.2.2.2",0.533726972635194,FALSE,TRUE,37
"2.1.2.2.2.2.2.2.2.2.2.2.2.2.2.2.2.1.2.2.2.2",0.435146206953549,FALSE,TRUE,38
"2.2.1.2.2.2.2.2.2.2.2.2.2.2.2.2.2.1.2.2.2.2",0.634749712412344,FALSE,TRUE,37
"2.2.2.1.2.2.2.2.2.2.2.2.2.2.2.2.2.1.2.2.2.2",0.542777754493287,FALSE,TRUE,38
"2.2.2.2.1.2.2.2.2.2.2.2.2.2.2.2.2.1.2.2.2.2",0.500039762491069,FALSE,TRUE,38
"2.2.2.2.2.2.2.2.1.2.2.2.2.2.2.2.2.1.2.2.2.2",0.589477009944284,FALSE,TRUE,38
"2.2.2.2.2.2.2.2.2.1.2.2.2.2.2.2.2.1.2.2.2.2",0.580197349451211,FALSE,TRUE,38
"2.2.2.2.2.2.2.2.2.2.1.2.2.2.2.2.2.1.2.2.2.2",0.65911548601278,FALSE,TRUE,39
"2.2.2.2.2.2.2.2.2.2.2.1.2.2.2.2.2.1.2.2.2.2",0.539885428964478,FALSE,TRUE,38
"2.2.2.2.2.2.2.2.2.2.2.2.1.2.2.2.2.1.2.2.2.2",0.546270930044396,FALSE,TRUE,37
"2.2.2.2.2.2.2.2.2.2.2.2.2.1.2.2.2.1.2.2.2.2",0.51030285429887,FALSE,TRUE,37
"2.2.2.2.2.2.2.2.2.2.2.2.2.2.1.2.2.1.2.2.2.2",0.495043695620456,FALSE,TRUE,38
"2.2.2.2.2.2.2.2.2.2.2.2.2.2.2.2.2.1.1.2.2.2",0.509024940206073,FALSE,TRUE,38
"2.2.2.2.2.2.2.2.2.2.2.2.2.2.2.2.2.1.2.1.2.2",0.510658795657589,FALSE,TRUE,38
"2.2.2.2.2.2.2.2.2.2.2.2.2.2.2.2.2.1.2.2.1.2",0.482121333157754,FALSE,TRUE,37
"2.2.2.2.2.2.2.2.2.2.2.2.2.2.2.2.2.1.2.2.2.1",0.461386551268446,FALSE,TRUE,38
"3.2.2.2.2.2.3.2.2.2.2.2.1.1.2.2.2.2.2.2.2.2",0.42945593759314,FALSE,TRUE,38
"2.3.2.2.2.2.3.2.2.2.2.2.1.1.2.2.2.2.2.2.2.2",0.520100579563481,FALSE,TRUE,38
"2.2.3.2.2.2.3.2.2.2.2.2.1.1.2.2.2.2.2.2.2.2",0.490915269476657,FALSE,TRUE,38
"2.2.2.3.2.2.3.2.2.2.2.2.1.1.2.2.2.2.2.2.2.2",0.418666590944954,FALSE,TRUE,38
"2.2.2.2.3.2.3.2.2.2.2.2.1.1.2.2.2.2.2.2.2.2",0.514870982261802,FALSE,TRUE,38
"2.2.2.2.2.3.3.2.2.2.2.2.1.1.2.2.2.2.2.2.2.2",0.457231183979395,FALSE,TRUE,39
"2.2.2.2.2.2.4.2.2.2.2.2.1.1.2.2.2.2.2.2.2.2",0.470880309903955,FALSE,TRUE,37
"2.2.2.2.2.2.3.3.2.2.2.2.1.1.2.2.2.2.2.2.2.2",0.545455537130495,FALSE,TRUE,38
"2.2.2.2.2.2.3.2.3.2.2.2.1.1.2.2.2.2.2.2.2.2",0.463464760059465,FALSE,TRUE,38
"2.2.2.2.2.2.3.2.2.3.2.2.1.1.2.2.2.2.2.2.2.2",0.526665828290588,FALSE,TRUE,38
"2.2.2.2.2.2.3.2.2.2.3.2.1.1.2.2.2.2.2.2.2.2",0.424281023508025,FALSE,TRUE,38
"2.2.2.2.2.2.3.2.2.2.2.3.1.1.2.2.2.2.2.2.2.2",0.447284788340485,FALSE,TRUE,38
"2.2.2.2.2.2.3.2.2.2.2.2.1.1.3.2.2.2.2.2.2.2",0.536958163248028,FALSE,TRUE,38
"2.2.2.2.2.2.3.2.2.2.2.2.1.1.2.3.2.2.2.2.2.2",0.421315134748354,FALSE,TRUE,37
"2.2.2.2.2.2.3.2.2.2.2.2.1.1.2.2.2.3.2.2.2.2",0.606499150593537,FALSE,TRUE,38
"2.2.2.2.2.2.3.2.2.2.2.2.1.1.2.2.2.2.3.2.2.2",0.567775519629732,FALSE,TRUE,38
"2.2.2.2.2.2.3.2.2.2.2.2.1.1.2.2.2.2.2.3.2.2",0.484923328302468,FALSE,TRUE,38
"2.2.2.2.2.2.3.2.2.2.2.2.1.1.2.2.2.2.2.2.3.2",0.517120623971799,FALSE,TRUE,38
"2.2.2.2.2.2.3.2.2.2.2.2.1.1.2.2.2.2.2.2.2.3",0.524900420419916,FALSE,TRUE,37
"1.2.2.2.2.2.3.2.2.2.2.2.1.1.2.2.2.2.2.2.2.2",0.535669726877898,FALSE,TRUE,37
"2.1.2.2.2.2.3.2.2.2.2.2.1.1.2.2.2.2.2.2.2.2",0.469052691565602,FALSE,TRUE,37
"2.2.1.2.2.2.3.2.2.2.2.2.1.1.2.2.2.2.2.2.2.2",0.510471463651629,FALSE,TRUE,37
"2.2.2.1.2.2.3.2.2.2.2.2.1.1.2.2.2.2.2.2.2.2",0.61173558207841,FALSE,TRUE,36
"2.2.2.2.1.2.3.2.2.2.2.2.1.1.2.2.2.2.2.2.2.2",0.492284968914096,FALSE,TRUE,37
"2.2.2.2.2.2.2.2.2.2.2.2.1.1.2.2.2.2.2.2.2.2",0.580878749930884,FALSE,TRUE,36
"2.2.2.2.2.2.3.1.2.2.2.2.1.1.2.2.2.2.2.2.2.2",0.501696680995692,FALSE,TRUE,37
"2.2.2.2.2.2.3.2.1.2.2.2.1.1.2.2.2.2.2.2.2.2",0.577748895420873,FALSE,TRUE,37
"2.2.2.2.2.2.3.2.2.1.2.2.1.1.2.2.2.2.2.2.2.2",0.51637413435724,FALSE,TRUE,37
"2.2.2.2.2.2.3.2.2.2.1.2.1.1.2.2.2.2.2.2.2.2",0.54021423959491,FALSE,TRUE,37
"2.2.2.2.2.2.3.2.2.2.2.1.1.1.2.2.2.2.2.2.2.2",0.518451653460572,FALSE,TRUE,37
"2.2.2.2.2.2.3.2.2.2.2.2.1.1.1.2.2.2.2.2.2.2",0.505747460903437,FALSE,TRUE,37
"2.2.2.2.2.2.3.2.2.2.2.2.1.1.2.1.2.2.2.2.2.2",0.594815930206036,FALSE,TRUE,35
"2.2.2.2.2.2.3.2.2.2.2.2.1.1.2.2.1.2.2.2.2.2",0.511554418446269,FALSE,TRUE,38
"2.2.2.2.2.2.3.2.2.2.2.2.1.1.2.2.2.1.2.2.2.2",0.431584645312028,FALSE,TRUE,37
"2.2.2.2.2.2.3.2.2.2.2.2.1.1.2.2.2.2.1.2.2.2",0.424564939732653,FALSE,TRUE,37
"2.2.2.2.2.2.3.2.2.2.2.2.1.1.2.2.2.2.2.1.2.2",0.572275038106372,FALSE,TRUE,37
"2.2.2.2.2.2.3.2.2.2.2.2.1.1.2.2.2.2.2.2.1.2",0.544320153464823,FALSE,TRUE,37
"2.2.2.2.2.2.3.2.2.2.2.2.1.1.2.2.2.2.2.2.2.1",0.53910035969212,FALSE,TRUE,37
"3.2.2.2.2.2.2.2.2.2.2.2.2.2.3.2.2.2.2.2.2.2",0.303593736924204,FALSE,TRUE,38
"2.3.2.2.2.2.2.2.2.2.2.2.2.2.3.2.2.2.2.2.2.2",0.444839603336444,FALSE,TRUE,38
"2.2.2.2.3.2.2.2.2.2.2.2.2.2.3.2.2.2.2.2.2.2",0.448240078930328,FALSE,TRUE,38
"2.2.2.2.2.3.2.2.2.2.2.2.2.2.3.2.2.2.2.2.2.2",0.427604503101052,FALSE,TRUE,38
"2.2.2.2.2.2.2.3.2.2.2.2.2.2.3.2.2.2.2.2.2.2",0.382037037403497,FALSE,TRUE,38
"2.2.2.2.2.2.2.2.3.2.2.2.2.2.3.2.2.2.2.2.2.2",0.343262018666782,FALSE,TRUE,38
"2.2.2.2.2.2.2.2.2.3.2.2.2.2.3.2.2.2.2.2.2.2",0.42618023636234,FALSE,TRUE,38
"2.2.2.2.2.2.2.2.2.2.2.3.2.2.3.2.2.2.2.2.2.2",0.362770137078447,FALSE,TRUE,38
"2.2.2.2.2.2.2.2.2.2.2.2.3.2.3.2.2.2.2.2.2.2",0.264064507420283,FALSE,TRUE,38
"2.2.2.2.2.2.2.2.2.2.2.2.2.3.3.2.2.2.2.2.2.2",0.386991478630119,FALSE,TRUE,38
"2.2.2.2.2.2.2.2.2.2.2.2.2.2.4.2.2.2.2.2.2.2",0.447226833228649,FALSE,TRUE,39
"2.2.2.2.2.2.2.2.2.2.2.2.2.2.3.3.2.2.2.2.2.2",0.312884131318059,FALSE,TRUE,39
"2.2.2.2.2.2.2.2.2.2.2.2.2.2.3.2.3.2.2.2.2.2",0.463987129716217,FALSE,TRUE,38
"2.2.2.2.2.2.2.2.2.2.2.2.2.2.3.2.2.3.2.2.2.2",0.375053102858155,FALSE,TRUE,38
"2.2.2.2.2.2.2.2.2.2.2.2.2.2.3.2.2.2.3.2.2.2",0.354163428948423,FALSE,TRUE,38
"2.2.2.2.2.2.2.2.2.2.2.2.2.2.3.2.2.2.2.3.2.2",0.456381118013757,FALSE,TRUE,38
"2.2.2.2.2.2.2.2.2.2.2.2.2.2.3.2.2.2.2.2.3.2",0.543010469818555,FALSE,TRUE,38
"2.2.2.2.2.2.2.2.2.2.2.2.2.2.3.2.2.2.2.2.2.3",0.472393252550782,FALSE,TRUE,38
"1.2.2.2.2.2.2.2.2.2.2.2.2.2.3.2.2.2.2.2.2.2",0.539770654247914,FALSE,TRUE,35
"2.1.2.2.2.2.2.2.2.2.2.2.2.2.3.2.2.2.2.2.2.2",0.44597986305496,FALSE,TRUE,37
"2.2.1.2.2.2.2.2.2.2.2.2.2.2.3.2.2.2.2.2.2.2",0.55429667447632,FALSE,TRUE,37
"2.2.2.1.2.2.2.2.2.2.2.2.2.2.3.2.2.2.2.2.2.2",0.52656673626619,FALSE,TRUE,38
"2.2.2.2.1.2.2.2.2.2.2.2.2.2.3.2.2.2.2.2.2.2",0.447531454684186,FALSE,TRUE,37
"2.2.2.2.2.2.2.2.1.2.2.2.2.2.3.2.2.2.2.2.2.2",0.573130348535405,FALSE,TRUE,37
"2.2.2.2.2.2.2.2.2.1.2.2.2.2.3.2.2.2.2.2.2.2",0.51647868532082,FALSE,TRUE,37
"2.2.2.2.2.2.2.2.2.2.1.2.2.2.3.2.2.2.2.2.2.2",0.54386451366443,FALSE,TRUE,37
"2.2.2.2.2.2.2.2.2.2.2.1.2.2.3.2.2.2.2.2.2.2",0.510224044084825,FALSE,TRUE,36
"2.2.2.2.2.2.2.2.2.2.2.2.1.2.3.2.2.2.2.2.2.2",0.554804021527572,FALSE,TRUE,37
"2.2.2.2.2.2.2.2.2.2.2.2.2.1.3.2.2.2.2.2.2.2",0.528729092787735,FALSE,TRUE,36
"2.2.2.2.2.2.2.2.2.2.2.2.2.2.3.2.1.2.2.2.2.2",0.46738483332039,FALSE,TRUE,35
"2.2.2.2.2.2.2.2.2.2.2.2.2.2.3.2.2.2.1.2.2.2",0.518063727993199,FALSE,TRUE,37
"2.2.2.2.2.2.2.2.2.2.2.2.2.2.3.2.2.2.2.1.2.2",0.450717470342853,FALSE,TRUE,37
"2.2.2.2.2.2.2.2.2.2.2.2.2.2.3.2.2.2.2.2.1.2",0.389511057378231,FALSE,TRUE,37
"2.2.2.2.2.2.2.2.2.2.2.2.2.2.3.2.2.2.2.2.2.1",0.465296152391312,FALSE,TRUE,37
"3.2.2.2.2.2.2.2.2.2.3.2.2.2.2.2.2.1.2.2.2.2",0.219343013119942,FALSE,TRUE,38
"2.3.2.2.2.2.2.2.2.2.3.2.2.2.2.2.2.1.2.2.2.2",0.330556787746995,FALSE,TRUE,38
"2.2.3.2.2.2.2.2.2.2.3.2.2.2.2.2.2.1.2.2.2.2",0.193815090956968,FALSE,TRUE,39
"2.2.2.3.2.2.2.2.2.2.3.2.2.2.2.2.2.1.2.2.2.2",0.29531455524621,FALSE,TRUE,38
"2.2.2.2.3.2.2.2.2.2.3.2.2.2.2.2.2.1.2.2.2.2",0.307349444682235,FALSE,TRUE,38
"2.2.2.2.2.3.2.2.2.2.3.2.2.2.2.2.2.1.2.2.2.2",0.283433060491542,FALSE,TRUE,38
"2.2.2.2.2.2.3.2.2.2.3.2.2.2.2.2.2.1.2.2.2.2",0.293336142166644,FALSE,TRUE,38
"2.2.2.2.2.2.2.3.2.2.3.2.2.2.2.2.2.1.2.2.2.2",0.324567396399347,FALSE,TRUE,38
"2.2.2.2.2.2.2.2.3.2.3.2.2.2.2.2.2.1.2.2.2.2",0.28265460410627,FALSE,TRUE,38
"2.2.2.2.2.2.2.2.2.3.3.2.2.2.2.2.2.1.2.2.2.2",0.306965223239227,FALSE,TRUE,38
"2.2.2.2.2.2.2.2.2.2.4.2.2.2.2.2.2.1.2.2.2.2",0.137102206478453,FALSE,TRUE,39
"2.2.2.2.2.2.2.2.2.2.3.3.2.2.2.2.2.1.2.2.2.2",0.29614801868047,FALSE,TRUE,38
"2.2.2.2.2.2.2.2.2.2.3.2.3.2.2.2.2.1.2.2.2.2",0.167760157290078,FALSE,TRUE,38
"2.2.2.2.2.2.2.2.2.2.3.2.2.3.2.2.2.1.2.2.2.2",0.298763795806188,FALSE,TRUE,38
"2.2.2.2.2.2.2.2.2.2.3.2.2.2.3.2.2.1.2.2.2.2",0.381903384263611,FALSE,TRUE,38
"2.2.2.2.2.2.2.2.2.2.3.2.2.2.2.3.2.1.2.2.2.2",0.225653013264701,FALSE,TRUE,38
"2.2.2.2.2.2.2.2.2.2.3.2.2.2.2.2.3.1.2.2.2.2",0.30871024105723,FALSE,TRUE,38
"2.2.2.2.2.2.2.2.2.2.3.2.2.2.2.2.2.1.3.2.2.2",0.269078501516746,FALSE,TRUE,38
"2.2.2.2.2.2.2.2.2.2.3.2.2.2.2.2.2.1.2.2.3.2",0.334285392437263,FALSE,TRUE,38
"2.2.2.2.2.2.2.2.2.2.3.2.2.2.2.2.2.1.2.2.2.3",0.441653862609881,FALSE,TRUE,38
"1.2.2.2.2.2.2.2.2.2.3.2.2.2.2.2.2.1.2.2.2.2",0.335154587409542,FALSE,TRUE,37
"2.1.2.2.2.2.2.2.2.2.3.2.2.2.2.2.2.1.2.2.2.2",0.257383793028199,FALSE,TRUE,37
"2.2.2.1.2.2.2.2.2.2.3.2.2.2.2.2.2.1.2.2.2.2",0.327296317746145,FALSE,TRUE,37
"2.2.2.2.1.2.2.2.2.2.3.2.2.2.2.2.2.1.2.2.2.2",0.32849377652719,FALSE,TRUE,37
"2.2.2.2.2.1.2.2.2.2.3.2.2.2.2.2.2.1.2.2.2.2",0.380385933628242,FALSE,TRUE,37
"2.2.2.2.2.2.1.2.2.2.3.2.2.2.2.2.2.1.2.2.2.2",0.346461875492263,FALSE,TRUE,37
"2.2.2.2.2.2.2.1.2.2.3.2.2.2.2.2.2.1.2.2.2.2",0.304136818221539,FALSE,TRUE,37
"2.2.2.2.2.2.2.2.1.2.3.2.2.2.2.2.2.1.2.2.2.2",0.370333874791942,FALSE,TRUE,37
"2.2.2.2.2.2.2.2.2.1.3.2.2.2.2.2.2.1.2.2.2.2",0.382665020229081,FALSE,TRUE,37
"2.2.2.2.2.2.2.2.2.2.3.2.1.2.2.2.2.1.2.2.2.2",0.397408052524821,FALSE,TRUE,37
"2.2.2.2.2.2.2.2.2.2.3.2.2.1.2.2.2.1.2.2.2.2",0.320875215463849,FALSE,TRUE,37
"2.2.2.2.2.2.2.2.2.2.3.2.2.2.1.2.2.1.2.2.2.2",0.271356370239849,FALSE,TRUE,37
"2.2.2.2.2.2.2.2.2.2.3.2.2.2.2.1.2.1.2.2.2.2",0.465952761879098,FALSE,TRUE,37
"2.2.2.2.2.2.2.2.2.2.3.2.2.2.2.2.1.1.2.2.2.2",0.344876023663307,FALSE,TRUE,37
"2.2.2.2.2.2.2.2.2.2.3.2.2.2.2.2.2.1.1.2.2.2",0.319660612722303,FALSE,TRUE,37
"2.2.2.2.2.2.2.2.2.2.3.2.2.2.2.2.2.1.2.1.2.2",0.365766929151698,FALSE,TRUE,38
"2.2.2.2.2.2.2.2.2.2.3.2.2.2.2.2.2.1.2.2.1.2",0.304386137414078,FALSE,TRUE,37
"2.2.2.2.2.2.2.2.2.2.3.2.2.2.2.2.2.1.2.2.2.1",0.209776714423087,FALSE,TRUE,37
"4.2.2.2.2.2.2.2.2.2.2.2.2.2.2.1.2.2.1.2.2.2",0.243868053295389,FALSE,TRUE,40
"3.3.2.2.2.2.2.2.2.2.2.2.2.2.2.1.2.2.1.2.2.2",0.461107632125205,FALSE,TRUE,39
"3.2.3.2.2.2.2.2.2.2.2.2.2.2.2.1.2.2.1.2.2.2",0.389353182981206,FALSE,TRUE,40
"3.2.2.3.2.2.2.2.2.2.2.2.2.2.2.1.2.2.1.2.2.2",0.390284932089521,FALSE,TRUE,40
"3.2.2.2.3.2.2.2.2.2.2.2.2.2.2.1.2.2.1.2.2.2",0.470547339974834,FALSE,TRUE,40
"3.2.2.2.2.3.2.2.2.2.2.2.2.2.2.1.2.2.1.2.2.2",0.485404919231309,FALSE,TRUE,39
"3.2.2.2.2.2.3.2.2.2.2.2.2.2.2.1.2.2.1.2.2.2",0.423583756392503,FALSE,TRUE,40
"3.2.2.2.2.2.2.3.2.2.2.2.2.2.2.1.2.2.1.2.2.2",0.505806982878843,FALSE,TRUE,40
"3.2.2.2.2.2.2.2.3.2.2.2.2.2.2.1.2.2.1.2.2.2",0.299666532083518,FALSE,TRUE,40
"3.2.2.2.2.2.2.2.2.3.2.2.2.2.2.1.2.2.1.2.2.2",0.294004219300635,FALSE,TRUE,40
"3.2.2.2.2.2.2.2.2.2.3.2.2.2.2.1.2.2.1.2.2.2",0.303380911209221,FALSE,TRUE,40
"3.2.2.2.2.2.2.2.2.2.2.3.2.2.2.1.2.2.1.2.2.2",0.41074727004426,FALSE,TRUE,40
"3.2.2.2.2.2.2.2.2.2.2.2.3.2.2.1.2.2.1.2.2.2",0.297432456548314,FALSE,TRUE,40
"3.2.2.2.2.2.2.2.2.2.2.2.2.3.2.1.2.2.1.2.2.2",0.372774979471473,FALSE,TRUE,40
"3.2.2.2.2.2.2.2.2.2.2.2.2.2.3.1.2.2.1.2.2.2",0.481762086199819,FALSE,TRUE,39
"3.2.2.2.2.2.2.2.2.2.2.2.2.2.2.2.2.2.1.2.2.2",0.381850625659188,FALSE,TRUE,40
"3.2.2.2.2.2.2.2.2.2.2.2.2.2.2.1.3.2.1.2.2.2",0.521229078363059,FALSE,TRUE,40
"3.2.2.2.2.2.2.2.2.2.2.2.2.2.2.1.2.3.1.2.2.2",0.357204013138776,FALSE,TRUE,40
"3.2.2.2.2.2.2.2.2.2.2.2.2.2.2.1.2.2.1.3.2.2",0.454126243188647,FALSE,TRUE,40
"3.2.2.2.2.2.2.2.2.2.2.2.2.2.2.1.2.2.1.2.3.2",0.416580378010818,FALSE,TRUE,40
"3.2.2.2.2.2.2.2.2.2.2.2.2.2.2.1.2.2.1.2.2.3",0.544804196730503,FALSE,TRUE,40
"3.1.2.2.2.2.2.2.2.2.2.2.2.2.2.1.2.2.1.2.2.2",0.402184857400227,FALSE,TRUE,39
"3.2.1.2.2.2.2.2.2.2.2.2.2.2.2.1.2.2.1.2.2.2",0.470810536160612,FALSE,TRUE,39
"3.2.2.1.2.2.2.2.2.2.2.2.2.2.2.1.2.2.1.2.2.2",0.48020802113249,FALSE,TRUE,39
"3.2.2.2.1.2.2.2.2.2.2.2.2.2.2.1.2.2.1.2.2.2",0.377970104872305,FALSE,TRUE,39
"3.2.2.2.2.1.2.2.2.2.2.2.2.2.2.1.2.2.1.2.2.2",0.404353221253584,FALSE,TRUE,39
"3.2.2.2.2.2.1.2.2.2.2.2.2.2.2.1.2.2.1.2.2.2",0.467440480031155,FALSE,TRUE,39
"3.2.2.2.2.2.2.1.2.2.2.2.2.2.2.1.2.2.1.2.2.2",0.353837299342156,FALSE,TRUE,39
"3.2.2.2.2.2.2.2.1.2.2.2.2.2.2.1.2.2.1.2.2.2",0.577369361137764,FALSE,TRUE,39
"3.2.2.2.2.2.2.2.2.1.2.2.2.2.2.1.2.2.1.2.2.2",0.601860660960607,FALSE,TRUE,39
"3.2.2.2.2.2.2.2.2.2.1.2.2.2.2.1.2.2.1.2.2.2",0.530536621442356,FALSE,TRUE,39
"3.2.2.2.2.2.2.2.2.2.2.1.2.2.2.1.2.2.1.2.2.2",0.429712688237212,FALSE,TRUE,39
"3.2.2.2.2.2.2.2.2.2.2.2.1.2.2.1.2.2.1.2.2.2",0.466017319065212,FALSE,TRUE,37
"3.2.2.2.2.2.2.2.2.2.2.2.2.1.2.1.2.2.1.2.2.2",0.49784214878553,FALSE,TRUE,39
"3.2.2.2.2.2.2.2.2.2.2.2.2.2.1.1.2.2.1.2.2.2",0.433050521588307,FALSE,TRUE,39
"3.2.2.2.2.2.2.2.2.2.2.2.2.2.2.1.1.2.1.2.2.2",0.3692252260384,FALSE,TRUE,39
"3.2.2.2.2.2.2.2.2.2.2.2.2.2.2.1.2.1.1.2.2.2",0.517389742595637,FALSE,TRUE,39
"3.2.2.2.2.2.2.2.2.2.2.2.2.2.2.1.2.2.1.1.2.2",0.422127614656469,FALSE,TRUE,39
"3.2.2.2.2.2.2.2.2.2.2.2.2.2.2.1.2.2.1.2.1.2",0.472552327368642,FALSE,TRUE,38
"3.2.2.2.2.2.2.2.2.2.2.2.2.2.2.1.2.2.1.2.2.1",0.366661421784187,FALSE,TRUE,39
"3.2.2.3.2.2.2.2.2.2.2.2.2.2.3.2.2.2.2.2.2.2",0.217657242565616,FALSE,TRUE,42
"2.3.2.3.2.2.2.2.2.2.2.2.2.2.3.2.2.2.2.2.2.2",0.283587255487652,FALSE,TRUE,42
"2.2.3.3.2.2.2.2.2.2.2.2.2.2.3.2.2.2.2.2.2.2",0.313947958263859,FALSE,TRUE,41
"2.2.2.4.2.2.2.2.2.2.2.2.2.2.3.2.2.2.2.2.2.2",0.257023956337342,FALSE,TRUE,43
"2.2.2.3.3.2.2.2.2.2.2.2.2.2.3.2.2.2.2.2.2.2",0.314325986555222,FALSE,TRUE,42
"2.2.2.3.2.3.2.2.2.2.2.2.2.2.3.2.2.2.2.2.2.2",0.311372720794983,FALSE,TRUE,42
"2.2.2.3.2.2.3.2.2.2.2.2.2.2.3.2.2.2.2.2.2.2",0.355900946940291,FALSE,TRUE,41
"2.2.2.3.2.2.2.3.2.2.2.2.2.2.3.2.2.2.2.2.2.2",0.288500766844513,FALSE,TRUE,42
"2.2.2.3.2.2.2.2.3.2.2.2.2.2.3.2.2.2.2.2.2.2",0.218241902283367,FALSE,TRUE,42
"2.2.2.3.2.2.2.2.2.3.2.2.2.2.3.2.2.2.2.2.2.2",0.359178267632174,FALSE,TRUE,42
"2.2.2.3.2.2.2.2.2.2.3.2.2.2.3.2.2.2.2.2.2.2",0.272847518073471,FALSE,TRUE,41
"2.2.2.3.2.2.2.2.2.2.2.3.2.2.3.2.2.2.2.2.2.2",0.317868885997935,FALSE,TRUE,42
"2.2.2.3.2.2.2.2.2.2.2.2.3.2.3.2.2.2.2.2.2.2",0.199086241364627,FALSE,TRUE,42
"2.2.2.3.2.2.2.2.2.2.2.2.2.3.3.2.2.2.2.2.2.2",0.244844721981358,FALSE,TRUE,41
"2.2.2.3.2.2.2.2.2.2.2.2.2.2.4.2.2.2.2.2.2.2",0.327501041024554,FALSE,TRUE,42
"2.2.2.3.2.2.2.2.2.2.2.2.2.2.3.3.2.2.2.2.2.2",0.229686905578861,FALSE,TRUE,42
"2.2.2.3.2.2.2.2.2.2.2.2.2.2.3.2.3.2.2.2.2.2",0.382619757497525,FALSE,TRUE,42
"2.2.2.3.2.2.2.2.2.2.2.2.2.2.3.2.2.3.2.2.2.2",0.283732984631199,FALSE,TRUE,42
"2.2.2.3.2.2.2.2.2.2.2.2.2.2.3.2.2.2.3.2.2.2",0.26867533895401,FALSE,TRUE,42
"2.2.2.3.2.2.2.2.2.2.2.2.2.2.3.2.2.2.2.3.2.2",0.31649089019995,FALSE,TRUE,42
"2.2.2.3.2.2.2.2.2.2.2.2.2.2.3.2.2.2.2.2.3.2",0.472632404886834,FALSE,TRUE,42
"2.2.2.3.2.2.2.2.2.2.2.2.2.2.3.2.2.2.2.2.2.3",0.34037345139863,FALSE,TRUE,42
"1.2.2.3.2.2.2.2.2.2.2.2.2.2.3.2.2.2.2.2.2.2",0.457503855975304,FALSE,TRUE,41
"2.1.2.3.2.2.2.2.2.2.2.2.2.2.3.2.2.2.2.2.2.2",0.398165399438444,FALSE,TRUE,41
"2.2.1.3.2.2.2.2.2.2.2.2.2.2.3.2.2.2.2.2.2.2",0.418359190202046,FALSE,TRUE,39
"2.2.2.3.1.2.2.2.2.2.2.2.2.2.3.2.2.2.2.2.2.2",0.370106856113318,FALSE,TRUE,41
"2.2.2.3.2.1.2.2.2.2.2.2.2.2.3.2.2.2.2.2.2.2",0.430504620196898,FALSE,TRUE,40
"2.2.2.3.2.2.2.1.2.2.2.2.2.2.3.2.2.2.2.2.2.2",0.432575181071868,FALSE,TRUE,40
"2.2.2.3.2.2.2.2.1.2.2.2.2.2.3.2.2.2.2.2.2.2",0.530145841212749,FALSE,TRUE,41
"2.2.2.3.2.2.2.2.2.1.2.2.2.2.3.2.2.2.2.2.2.2",0.392015389891617,FALSE,TRUE,41
"2.2.2.3.2.2.2.2.2.2.1.2.2.2.3.2.2.2.2.2.2.2",0.435423729971389,FALSE,TRUE,40
"2.2.2.3.2.2.2.2.2.2.2.1.2.2.3.2.2.2.2.2.2.2",0.400832429270885,FALSE,TRUE,41
"2.2.2.3.2.2.2.2.2.2.2.2.1.2.3.2.2.2.2.2.2.2",0.418466794988236,FALSE,TRUE,40
"2.2.2.3.2.2.2.2.2.2.2.2.2.1.3.2.2.2.2.2.2.2",0.454969065075305,FALSE,TRUE,41
"2.2.2.3.2.2.2.2.2.2.2.2.2.2.3.2.1.2.2.2.2.2",0.369622737959128,FALSE,TRUE,41
"2.2.2.3.2.2.2.2.2.2.2.2.2.2.3.2.2.1.2.2.2.2",0.442743012674788,FALSE,TRUE,40
"2.2.2.3.2.2.2.2.2.2.2.2.2.2.3.2.2.2.1.2.2.2",0.404655210394206,FALSE,TRUE,41
"2.2.2.3.2.2.2.2.2.2.2.2.2.2.3.2.2.2.2.1.2.2",0.433639027015591,FALSE,TRUE,41
"2.2.2.3.2.2.2.2.2.2.2.2.2.2.3.2.2.2.2.2.1.2",0.280817414672645,FALSE,TRUE,40
"2.2.2.3.2.2.2.2.2.2.2.2.2.2.3.2.2.2.2.2.2.1",0.416697384865694,FALSE,TRUE,41
"3.2.2.2.2.2.2.2.2.2.2.2.2.3.2.2.2.2.2.2.2.2",0.258357404759202,FALSE,TRUE,41
"2.3.2.2.2.2.2.2.2.2.2.2.2.3.2.2.2.2.2.2.2.2",0.379601653904641,FALSE,TRUE,41
"2.2.3.2.2.2.2.2.2.2.2.2.2.3.2.2.2.2.2.2.2.2",0.270925747855787,FALSE,TRUE,41
"2.2.2.3.2.2.2.2.2.2.2.2.2.3.2.2.2.2.2.2.2.2",0.278165118731333,FALSE,TRUE,41
"2.2.2.2.3.2.2.2.2.2.2.2.2.3.2.2.2.2.2.2.2.2",0.361199644008109,FALSE,TRUE,42
"2.2.2.2.2.3.2.2.2.2.2.2.2.3.2.2.2.2.2.2.2.2",0.394741588343838,FALSE,TRUE,42
"2.2.2.2.2.2.2.3.2.2.2.2.2.3.2.2.2.2.2.2.2.2",0.365446758209498,FALSE,TRUE,42
"2.2.2.2.2.2.2.2.3.2.2.2.2.3.2.2.2.2.2.2.2.2",0.234373413603815,FALSE,TRUE,42
"2.2.2.2.2.2.2.2.2.3.2.2.2.3.2.2.2.2.2.2.2.2",0.329090238286303,FALSE,TRUE,42
"2.2.2.2.2.2.2.2.2.2.2.3.2.3.2.2.2.2.2.2.2.2",0.351813154535374,FALSE,TRUE,42
"2.2.2.2.2.2.2.2.2.2.2.2.3.3.2.2.2.2.2.2.2.2",0.218298196587313,FALSE,TRUE,42
"2.2.2.2.2.2.2.2.2.2.2.2.2.4.2.2.2.2.2.2.2.2",0.267809139686567,FALSE,TRUE,43
"2.2.2.2.2.2.2.2.2.2.2.2.2.3.2.3.2.2.2.2.2.2",0.250072053208662,FALSE,TRUE,42
"2.2.2.2.2.2.2.2.2.2.2.2.2.3.2.2.3.2.2.2.2.2",0.432709424148829,FALSE,TRUE,42
"2.2.2.2.2.2.2.2.2.2.2.2.2.3.2.2.2.3.2.2.2.2",0.254432014391521,FALSE,TRUE,42
"2.2.2.2.2.2.2.2.2.2.2.2.2.3.2.2.2.2.3.2.2.2",0.312097542312949,FALSE,TRUE,42
"2.2.2.2.2.2.2.2.2.2.2.2.2.3.2.2.2.2.2.3.2.2",0.314237521437848,FALSE,TRUE,42
"2.2.2.2.2.2.2.2.2.2.2.2.2.3.2.2.2.2.2.2.3.2",0.442802061409523,FALSE,TRUE,42
"2.2.2.2.2.2.2.2.2.2.2.2.2.3.2.2.2.2.2.2.2.3",0.416614015676055,FALSE,TRUE,42
"1.2.2.2.2.2.2.2.2.2.2.2.2.3.2.2.2.2.2.2.2.2",0.400396426338884,FALSE,TRUE,40
"2.1.2.2.2.2.2.2.2.2.2.2.2.3.2.2.2.2.2.2.2.2",0.352514321643711,FALSE,TRUE,41
"2.2.1.2.2.2.2.2.2.2.2.2.2.3.2.2.2.2.2.2.2.2",0.483110031304687,FALSE,TRUE,40
"2.2.2.1.2.2.2.2.2.2.2.2.2.3.2.2.2.2.2.2.2.2",0.444585360657072,FALSE,TRUE,41
"2.2.2.2.1.2.2.2.2.2.2.2.2.3.2.2.2.2.2.2.2.2",0.384273012470882,FALSE,TRUE,41
"2.2.2.2.2.2.2.2.1.2.2.2.2.3.2.2.2.2.2.2.2.2",0.498832249595779,FALSE,TRUE,41
"2.2.2.2.2.2.2.2.2.1.2.2.2.3.2.2.2.2.2.2.2.2",0.445761151225374,FALSE,TRUE,41
"2.2.2.2.2.2.2.2.2.2.1.2.2.3.2.2.2.2.2.2.2.2",0.517334954431244,FALSE,TRUE,41
"2.2.2.2.2.2.2.2.2.2.2.1.2.3.2.2.2.2.2.2.2.2",0.339087643465607,FALSE,TRUE,40
"2.2.2.2.2.2.2.2.2.2.2.2.1.3.2.2.2.2.2.2.2.2",0.469250446289998,FALSE,TRUE,40
"2.2.2.2.2.2.2.2.2.2.2.2.2.3.1.2.2.2.2.2.2.2",0.367662915794257,FALSE,TRUE,41
"2.2.2.2.2.2.2.2.2.2.2.2.2.3.2.2.1.2.2.2.2.2",0.307900224656351,FALSE,TRUE,39
"2.2.2.2.2.2.2.2.2.2.2.2.2.3.2.2.2.2.1.2.2.2",0.374261032503531,FALSE,TRUE,41
"2.2.2.2.2.2.2.2.2.2.2.2.2.3.2.2.2.2.2.1.2.2",0.387555587427687,FALSE,TRUE,41
"2.2.2.2.2.2.2.2.2.2.2.2.2.3.2.2.2.2.2.2.1.2",0.298961987313895,FALSE,TRUE,40
"2.2.2.2.2.2.2.2.2.2.2.2.2.3.2.2.2.2.2.2.2.1",0.327955669855141,FALSE,TRUE,41
"3.2.1.2.2.2.1.2.2.2.2.2.2.2.3.2.2.2.2.2.2.2",0.365819646350037,FALSE,TRUE,39
"2.3.1.2.2.2.1.2.2.2.2.2.2.2.3.2.2.2.2.2.2.2",0.515726608205563,FALSE,TRUE,38
"2.2.1.3.2.2.1.2.2.2.2.2.2.2.3.2.2.2.2.2.2.2",0.440547435116195,FALSE,TRUE,37
"2.2.1.2.3.2.1.2.2.2.2.2.2.2.3.2.2.2.2.2.2.2",0.522660102724205,FALSE,TRUE,38
"2.2.1.2.2.3.1.2.2.2.2.2.2.2.3.2.2.2.2.2.2.2",0.519318706434109,FALSE,TRUE,38
"2.2.1.2.2.2.1.3.2.2.2.2.2.2.3.2.2.2.2.2.2.2",0.43466087738164,FALSE,TRUE,38
"2.2.1.2.2.2.1.2.3.2.2.2.2.2.3.2.2.2.2.2.2.2",0.403025207048295,FALSE,TRUE,38
"2.2.1.2.2.2.1.2.2.3.2.2.2.2.3.2.2.2.2.2.2.2",0.468969035608226,FALSE,TRUE,38
"2.2.1.2.2.2.1.2.2.2.3.2.2.2.3.2.2.2.2.2.2.2",0.458193565543109,FALSE,TRUE,38
"2.2.1.2.2.2.1.2.2.2.2.3.2.2.3.2.2.2.2.2.2.2",0.458177303204944,FALSE,TRUE,38
"2.2.1.2.2.2.1.2.2.2.2.2.3.2.3.2.2.2.2.2.2.2",0.379496593959965,FALSE,TRUE,38
"2.2.1.2.2.2.1.2.2.2.2.2.2.3.3.2.2.2.2.2.2.2",0.452380938580818,FALSE,TRUE,38
"2.2.1.2.2.2.1.2.2.2.2.2.2.2.4.2.2.2.2.2.2.2",0.476745836855823,FALSE,TRUE,39
"2.2.1.2.2.2.1.2.2.2.2.2.2.2.3.3.2.2.2.2.2.2",0.418623129219363,FALSE,TRUE,38
"2.2.1.2.2.2.1.2.2.2.2.2.2.2.3.2.3.2.2.2.2.2",0.523969779793533,FALSE,TRUE,38
"2.2.1.2.2.2.1.2.2.2.2.2.2.2.3.2.2.3.2.2.2.2",0.428194572530604,FALSE,TRUE,38
"2.2.1.2.2.2.1.2.2.2.2.2.2.2.3.2.2.2.3.2.2.2",0.424641984140003,FALSE,TRUE,38
"2.2.1.2.2.2.1.2.2.2.2.2.2.2.3.2.2.2.2.3.2.2",0.552890413632192,FALSE,TRUE,38
"2.2.1.2.2.2.1.2.2.2.2.2.2.2.3.2.2.2.2.2.3.2",0.614044949843484,FALSE,TRUE,38
"2.2.1.2.2.2.1.2.2.2.2.2.2.2.3.2.2.2.2.2.2.3",0.531513106158724,FALSE,TRUE,38
"2.1.1.2.2.2.1.2.2.2.2.2.2.2.3.2.2.2.2.2.2.2",0.467158307124581,FALSE,TRUE,37
"2.2.1.1.2.2.1.2.2.2.2.2.2.2.3.2.2.2.2.2.2.2",0.584604259387595,FALSE,TRUE,37
"2.2.1.2.1.2.1.2.2.2.2.2.2.2.3.2.2.2.2.2.2.2",0.465061384856975,FALSE,TRUE,37
"2.2.1.2.2.1.1.2.2.2.2.2.2.2.3.2.2.2.2.2.2.2",0.511234114875959,FALSE,TRUE,37
"2.2.1.2.2.2.1.1.2.2.2.2.2.2.3.2.2.2.2.2.2.2",0.580959260073074,FALSE,TRUE,37
"2.2.1.2.2.2.1.2.1.2.2.2.2.2.3.2.2.2.2.2.2.2",0.634484679085496,FALSE,TRUE,37
"2.2.1.2.2.2.1.2.2.1.2.2.2.2.3.2.2.2.2.2.2.2",0.567767539816474,FALSE,TRUE,37
"2.2.1.2.2.2.1.2.2.2.1.2.2.2.3.2.2.2.2.2.2.2",0.504913195780534,FALSE,TRUE,37
"2.2.1.2.2.2.1.2.2.2.2.1.2.2.3.2.2.2.2.2.2.2",0.534315830579764,FALSE,TRUE,37
"2.2.1.2.2.2.1.2.2.2.2.2.1.2.3.2.2.2.2.2.2.2",0.536238795957462,FALSE,TRUE,37
"2.2.1.2.2.2.1.2.2.2.2.2.2.1.3.2.2.2.2.2.2.2",0.563547443521436,FALSE,TRUE,37
"2.2.1.2.2.2.1.2.2.2.2.2.2.2.3.1.2.2.2.2.2.2",0.585711862511785,FALSE,TRUE,36
"2.2.1.2.2.2.1.2.2.2.2.2.2.2.3.2.1.2.2.2.2.2",0.516577490086652,FALSE,TRUE,37
"2.2.1.2.2.2.1.2.2.2.2.2.2.2.3.2.2.1.2.2.2.2",0.605892068161188,FALSE,TRUE,37
"2.2.1.2.2.2.1.2.2.2.2.2.2.2.3.2.2.2.1.2.2.2",0.568901005379013,FALSE,TRUE,37
"2.2.1.2.2.2.1.2.2.2.2.2.2.2.3.2.2.2.2.1.2.2",0.469952184781521,FALSE,TRUE,37
"2.2.1.2.2.2.1.2.2.2.2.2.2.2.3.2.2.2.2.2.1.2",0.451761572133091,FALSE,TRUE,37
"2.2.1.2.2.2.1.2.2.2.2.2.2.2.3.2.2.2.2.2.2.1",0.517402298656359,FALSE,TRUE,37
"2.4.2.2.2.2.2.2.2.2.2.2.2.2.2.1.2.2.2.2.2.2",0.592292053043855,FALSE,TRUE,40
"2.3.3.2.2.2.2.2.2.2.2.2.2.2.2.1.2.2.2.2.2.2",0.541600671011947,FALSE,TRUE,39
"2.3.2.3.2.2.2.2.2.2.2.2.2.2.2.1.2.2.2.2.2.2",0.523917523893509,FALSE,TRUE,39
"2.3.2.2.3.2.2.2.2.2.2.2.2.2.2.1.2.2.2.2.2.2",0.609832658945772,FALSE,TRUE,39
"2.3.2.2.2.3.2.2.2.2.2.2.2.2.2.1.2.2.2.2.2.2",0.61284574266054,FALSE,TRUE,39
"2.3.2.2.2.2.3.2.2.2.2.2.2.2.2.1.2.2.2.2.2.2",0.585984723936984,FALSE,TRUE,38
"2.3.2.2.2.2.2.3.2.2.2.2.2.2.2.1.2.2.2.2.2.2",0.62308350510923,FALSE,TRUE,39
"2.3.2.2.2.2.2.2.3.2.2.2.2.2.2.1.2.2.2.2.2.2",0.463080739883164,FALSE,TRUE,39
"2.3.2.2.2.2.2.2.2.3.2.2.2.2.2.1.2.2.2.2.2.2",0.498061086135651,FALSE,TRUE,39
"2.3.2.2.2.2.2.2.2.2.3.2.2.2.2.1.2.2.2.2.2.2",0.454616477832361,FALSE,TRUE,38
"2.3.2.2.2.2.2.2.2.2.2.3.2.2.2.1.2.2.2.2.2.2",0.544019169905299,FALSE,TRUE,40
"2.3.2.2.2.2.2.2.2.2.2.2.3.2.2.1.2.2.2.2.2.2",0.435519425257406,FALSE,TRUE,39
"2.3.2.2.2.2.2.2.2.2.2.2.2.3.2.1.2.2.2.2.2.2",0.537943206049962,FALSE,TRUE,38
"2.3.2.2.2.2.2.2.2.2.2.2.2.2.2.1.3.2.2.2.2.2",0.66041365809068,FALSE,TRUE,39
"2.3.2.2.2.2.2.2.2.2.2.2.2.2.2.1.2.3.2.2.2.2",0.512484607404659,FALSE,TRUE,39
"2.3.2.2.2.2.2.2.2.2.2.2.2.2.2.1.2.2.3.2.2.2",0.546001838744442,FALSE,TRUE,39
"2.3.2.2.2.2.2.2.2.2.2.2.2.2.2.1.2.2.2.3.2.2",0.586067504654977,FALSE,TRUE,39
"2.3.2.2.2.2.2.2.2.2.2.2.2.2.2.1.2.2.2.2.3.2",0.640191324029849,FALSE,TRUE,39
"2.3.2.2.2.2.2.2.2.2.2.2.2.2.2.1.2.2.2.2.2.3",0.665341380763103,FALSE,TRUE,39
"2.3.1.2.2.2.2.2.2.2.2.2.2.2.2.1.2.2.2.2.2.2",0.635641632235237,FALSE,TRUE,37
"2.3.2.1.2.2.2.2.2.2.2.2.2.2.2.1.2.2.2.2.2.2",0.677486566945294,FALSE,TRUE,38
"2.3.2.2.1.2.2.2.2.2.2.2.2.2.2.1.2.2.2.2.2.2",0.577300300760566,FALSE,TRUE,38
"2.3.2.2.2.1.2.2.2.2.2.2.2.2.2.1.2.2.2.2.2.2",0.587009113312642,FALSE,TRUE,37
"2.3.2.2.2.2.1.2.2.2.2.2.2.2.2.1.2.2.2.2.2.2",0.643228461701975,FALSE,TRUE,36
"2.3.2.2.2.2.2.1.2.2.2.2.2.2.2.1.2.2.2.2.2.2",0.537865179221877,FALSE,TRUE,37
"2.3.2.2.2.2.2.2.1.2.2.2.2.2.2.1.2.2.2.2.2.2",0.740370958277265,FALSE,TRUE,38
"2.3.2.2.2.2.2.2.2.1.2.2.2.2.2.1.2.2.2.2.2.2",0.703612652647625,FALSE,TRUE,38
"2.3.2.2.2.2.2.2.2.2.1.2.2.2.2.1.2.2.2.2.2.2",0.667861723669395,FALSE,TRUE,37
"2.3.2.2.2.2.2.2.2.2.2.2.1.2.2.1.2.2.2.2.2.2",0.657335411803947,FALSE,TRUE,36
"2.3.2.2.2.2.2.2.2.2.2.2.2.1.2.1.2.2.2.2.2.2",0.683466670061143,FALSE,TRUE,38
"2.3.2.2.2.2.2.2.2.2.2.2.2.2.1.1.2.2.2.2.2.2",0.62808325069047,FALSE,TRUE,38
"2.3.2.2.2.2.2.2.2.2.2.2.2.2.2.1.1.2.2.2.2.2",0.552205212731166,FALSE,TRUE,38
"2.3.2.2.2.2.2.2.2.2.2.2.2.2.2.1.2.1.2.2.2.2",0.710894628887079,FALSE,TRUE,37
"2.3.2.2.2.2.2.2.2.2.2.2.2.2.2.1.2.2.1.2.2.2",0.631979071201,FALSE,TRUE,37
"2.3.2.2.2.2.2.2.2.2.2.2.2.2.2.1.2.2.2.1.2.2",0.610326358797141,FALSE,TRUE,38
"2.3.2.2.2.2.2.2.2.2.2.2.2.2.2.1.2.2.2.2.1.2",0.575240545495209,FALSE,TRUE,38
"2.3.2.2.2.2.2.2.2.2.2.2.2.2.2.1.2.2.2.2.2.1",0.560711480554618,FALSE,TRUE,38
"3.2.2.2.2.2.3.2.2.2.2.2.2.1.2.3.2.2.2.2.2.2",0.189428449722614,FALSE,TRUE,40
"2.3.2.2.2.2.3.2.2.2.2.2.2.1.2.3.2.2.2.2.2.2",0.250874940361286,FALSE,TRUE,40
"2.2.3.2.2.2.3.2.2.2.2.2.2.1.2.3.2.2.2.2.2.2",0.259598606525588,FALSE,TRUE,40
"2.2.2.3.2.2.3.2.2.2.2.2.2.1.2.3.2.2.2.2.2.2",0.32335237196011,FALSE,TRUE,41
"2.2.2.2.3.2.3.2.2.2.2.2.2.1.2.3.2.2.2.2.2.2",0.270346635943617,FALSE,TRUE,40
"2.2.2.2.2.3.3.2.2.2.2.2.2.1.2.3.2.2.2.2.2.2",0.212868177805881,FALSE,TRUE,40
"2.2.2.2.2.2.4.2.2.2.2.2.2.1.2.3.2.2.2.2.2.2",0.282957664124515,FALSE,TRUE,40
"2.2.2.2.2.2.3.3.2.2.2.2.2.1.2.3.2.2.2.2.2.2",0.288720412418451,FALSE,TRUE,40
"2.2.2.2.2.2.3.2.3.2.2.2.2.1.2.3.2.2.2.2.2.2",0.302225169853071,FALSE,TRUE,40
"2.2.2.2.2.2.3.2.2.3.2.2.2.1.2.3.2.2.2.2.2.2",0.344993706198101,FALSE,TRUE,40
"2.2.2.2.2.2.3.2.2.2.3.2.2.1.2.3.2.2.2.2.2.2",0.230541056002381,FALSE,TRUE,40
"2.2.2.2.2.2.3.2.2.2.2.3.2.1.2.3.2.2.2.2.2.2",0.227227256693598,FALSE,TRUE,40
"2.2.2.2.2.2.3.2.2.2.2.2.3.1.2.3.2.2.2.2.2.2",0.162181144286472,FALSE,TRUE,40
"2.2.2.2.2.2.3.2.2.2.2.2.2.1.3.3.2.2.2.2.2.2",0.349115968685338,FALSE,TRUE,40
"2.2.2.2.2.2.3.2.2.2.2.2.2.1.2.4.2.2.2.2.2.2",0.244314468984003,FALSE,TRUE,41
"2.2.2.2.2.2.3.2.2.2.2.2.2.1.2.3.3.2.2.2.2.2",0.293038529785267,FALSE,TRUE,39
"2.2.2.2.2.2.3.2.2.2.2.2.2.1.2.3.2.3.2.2.2.2",0.389405501193765,FALSE,TRUE,40
"2.2.2.2.2.2.3.2.2.2.2.2.2.1.2.3.2.2.3.2.2.2",0.26722790265713,FALSE,TRUE,40
"2.2.2.2.2.2.3.2.2.2.2.2.2.1.2.3.2.2.2.3.2.2",0.288301465580132,FALSE,TRUE,40
"2.2.2.2.2.2.3.2.2.2.2.2.2.1.2.3.2.2.2.2.3.2",0.347524511470596,FALSE,TRUE,40
"2.2.2.2.2.2.3.2.2.2.2.2.2.1.2.3.2.2.2.2.2.3",0.326821595638159,FALSE,TRUE,40
"1.2.2.2.2.2.3.2.2.2.2.2.2.1.2.3.2.2.2.2.2.2",0.401116568033589,FALSE,TRUE,39
"2.1.2.2.2.2.3.2.2.2.2.2.2.1.2.3.2.2.2.2.2.2",0.370343607051526,FALSE,TRUE,39
"2.2.1.2.2.2.3.2.2.2.2.2.2.1.2.3.2.2.2.2.2.2",0.446605001177941,FALSE,TRUE,39
"2.2.2.2.1.2.3.2.2.2.2.2.2.1.2.3.2.2.2.2.2.2",0.376824355576886,FALSE,TRUE,39
"2.2.2.2.2.1.3.2.2.2.2.2.2.1.2.3.2.2.2.2.2.2",0.498029796614573,FALSE,TRUE,38
"2.2.2.2.2.2.2.2.2.2.2.2.2.1.2.3.2.2.2.2.2.2",0.401160755531686,FALSE,TRUE,39
"2.2.2.2.2.2.3.1.2.2.2.2.2.1.2.3.2.2.2.2.2.2",0.403571703400115,FALSE,TRUE,39
"2.2.2.2.2.2.3.2.1.2.2.2.2.1.2.3.2.2.2.2.2.2",0.393779556482863,FALSE,TRUE,39
"2.2.2.2.2.2.3.2.2.1.2.2.2.1.2.3.2.2.2.2.2.2",0.390608117713636,FALSE,TRUE,39
"2.2.2.2.2.2.3.2.2.2.1.2.2.1.2.3.2.2.2.2.2.2",0.475405201220152,FALSE,TRUE,39
"2.2.2.2.2.2.3.2.2.2.2.1.2.1.2.3.2.2.2.2.2.2",0.473418654553575,FALSE,TRUE,39
"2.2.2.2.2.2.3.2.2.2.2.2.2.1.1.3.2.2.2.2.2.2",0.356947268982564,FALSE,TRUE,39
"2.2.2.2.2.2.3.2.2.2.2.2.2.1.2.3.1.2.2.2.2.2",0.423931615737964,FALSE,TRUE,39
"2.2.2.2.2.2.3.2.2.2.2.2.2.1.2.3.2.1.2.2.2.2",0.289314733295177,FALSE,TRUE,39
"2.2.2.2.2.2.3.2.2.2.2.2.2.1.2.3.2.2.1.2.2.2",0.364225763815453,FALSE,TRUE,39
"2.2.2.2.2.2.3.2.2.2.2.2.2.1.2.3.2.2.2.1.2.2",0.400356849863891,FALSE,TRUE,39
"2.2.2.2.2.2.3.2.2.2.2.2.2.1.2.3.2.2.2.2.1.2",0.363331062324622,FALSE,TRUE,39
"2.2.2.2.2.2.3.2.2.2.2.2.2.1.2.3.2.2.2.2.2.1",0.389997836635214,FALSE,TRUE,39
"3.2.2.2.2.1.3.2.2.2.2.2.1.1.2.2.2.2.2.2.2.2",0.43201002975963,FALSE,TRUE,37
"2.3.2.2.2.1.3.2.2.2.2.2.1.1.2.2.2.2.2.2.2.2",0.557931619196558,FALSE,TRUE,37
"2.2.3.2.2.1.3.2.2.2.2.2.1.1.2.2.2.2.2.2.2.2",0.553599551414329,FALSE,TRUE,37
"2.2.2.3.2.1.3.2.2.2.2.2.1.1.2.2.2.2.2.2.2.2",0.453808156166166,FALSE,TRUE,37
"2.2.2.2.3.1.3.2.2.2.2.2.1.1.2.2.2.2.2.2.2.2",0.531807522708886,FALSE,TRUE,37
"2.2.2.2.2.1.3.3.2.2.2.2.1.1.2.2.2.2.2.2.2.2",0.577291575637534,FALSE,TRUE,37
"2.2.2.2.2.1.3.2.3.2.2.2.1.1.2.2.2.2.2.2.2.2",0.502603536014118,FALSE,TRUE,37
"2.2.2.2.2.1.3.2.2.3.2.2.1.1.2.2.2.2.2.2.2.2",0.552957056558086,FALSE,TRUE,37
"2.2.2.2.2.1.3.2.2.2.3.2.1.1.2.2.2.2.2.2.2.2",0.495165902410685,FALSE,TRUE,37
"2.2.2.2.2.1.3.2.2.2.2.3.1.1.2.2.2.2.2.2.2.2",0.489455352285652,FALSE,TRUE,37
"2.2.2.2.2.1.3.2.2.2.2.2.1.2.2.2.2.2.2.2.2.2",0.578652636672996,FALSE,TRUE,36
"2.2.2.2.2.1.3.2.2.2.2.2.1.1.3.2.2.2.2.2.2.2",0.560675354123048,FALSE,TRUE,37
"2.2.2.2.2.1.3.2.2.2.2.2.1.1.2.3.2.2.2.2.2.2",0.538638189904871,FALSE,TRUE,36
"2.2.2.2.2.1.3.2.2.2.2.2.1.1.2.2.3.2.2.2.2.2",0.595881691266496,FALSE,TRUE,37
"2.2.2.2.2.1.3.2.2.2.2.2.1.1.2.2.2.3.2.2.2.2",0.590304897363372,FALSE,TRUE,37
"2.2.2.2.2.1.3.2.2.2.2.2.1.1.2.2.2.2.3.2.2.2",0.590801220832924,FALSE,TRUE,37
"2.2.2.2.2.1.3.2.2.2.2.2.1.1.2.2.2.2.2.3.2.2",0.495647339218851,FALSE,TRUE,37
"2.2.2.2.2.1.3.2.2.2.2.2.1.1.2.2.2.2.2.2.3.2",0.509742436562862,FALSE,TRUE,37
"2.2.2.2.2.1.3.2.2.2.2.2.1.1.2.2.2.2.2.2.2.3",0.544219999518971,FALSE,TRUE,37
"1.2.2.2.2.1.3.2.2.2.2.2.1.1.2.2.2.2.2.2.2.2",0.546173027447635,FALSE,TRUE,36
"2.1.2.2.2.1.3.2.2.2.2.2.1.1.2.2.2.2.2.2.2.2",0.460179046843364,FALSE,TRUE,36
"2.2.1.2.2.1.3.2.2.2.2.2.1.1.2.2.2.2.2.2.2.2",0.48779185852802,FALSE,TRUE,36
"2.2.2.1.2.1.3.2.2.2.2.2.1.1.2.2.2.2.2.2.2.2",0.602222288921435,FALSE,TRUE,36
"2.2.2.2.1.1.3.2.2.2.2.2.1.1.2.2.2.2.2.2.2.2",0.501306320582574,FALSE,TRUE,36
"2.2.2.2.2.1.3.1.2.2.2.2.1.1.2.2.2.2.2.2.2.2",0.500458503334711,FALSE,TRUE,36
"2.2.2.2.2.1.3.2.1.2.2.2.1.1.2.2.2.2.2.2.2.2",0.549381323537108,FALSE,TRUE,36
"2.2.2.2.2.1.3.2.2.1.2.2.1.1.2.2.2.2.2.2.2.2",0.517015291632916,FALSE,TRUE,35
"2.2.2.2.2.1.3.2.2.2.1.2.1.1.2.2.2.2.2.2.2.2",0.513865239075627,FALSE,TRUE,36
"2.2.2.2.2.1.3.2.2.2.2.1.1.1.2.2.2.2.2.2.2.2",0.521799134009202,FALSE,TRUE,36
"2.2.2.2.2.1.3.2.2.2.2.2.1.1.1.2.2.2.2.2.2.2",0.516969249320721,FALSE,TRUE,36
"2.2.2.2.2.1.3.2.2.2.2.2.1.1.2.1.2.2.2.2.2.2",0.519456003418147,FALSE,TRUE,36
"2.2.2.2.2.1.3.2.2.2.2.2.1.1.2.2.1.2.2.2.2.2",0.500328411006964,FALSE,TRUE,34
"2.2.2.2.2.1.3.2.2.2.2.2.1.1.2.2.2.1.2.2.2.2",0.477537559754874,FALSE,TRUE,36
"2.2.2.2.2.1.3.2.2.2.2.2.1.1.2.2.2.2.1.2.2.2",0.434737385243821,FALSE,TRUE,36
"2.2.2.2.2.1.3.2.2.2.2.2.1.1.2.2.2.2.2.1.2.2",0.574883741130296,FALSE,TRUE,36
"2.2.2.2.2.1.3.2.2.2.2.2.1.1.2.2.2.2.2.2.1.2",0.586844962659625,FALSE,TRUE,36
"2.2.2.2.2.1.3.2.2.2.2.2.1.1.2.2.2.2.2.2.2.1",0.549412995382955,FALSE,TRUE,36
"3.2.3.2.2.2.2.2.2.2.2.2.2.2.3.2.2.2.2.2.2.2",0.243982011488052,FALSE,TRUE,41
"2.3.3.2.2.2.2.2.2.2.2.2.2.2.3.2.2.2.2.2.2.2",0.359104692750427,FALSE,TRUE,41
"2.2.4.2.2.2.2.2.2.2.2.2.2.2.3.2.2.2.2.2.2.2",0.20884956936962,FALSE,TRUE,42
"2.2.3.2.3.2.2.2.2.2.2.2.2.2.3.2.2.2.2.2.2.2",0.335288011493403,FALSE,TRUE,41
"2.2.3.2.2.3.2.2.2.2.2.2.2.2.3.2.2.2.2.2.2.2",0.288781333698642,FALSE,TRUE,41
"2.2.3.2.2.2.3.2.2.2.2.2.2.2.3.2.2.2.2.2.2.2",0.360372107501872,FALSE,TRUE,40
"2.2.3.2.2.2.2.3.2.2.2.2.2.2.3.2.2.2.2.2.2.2",0.241388256862781,FALSE,TRUE,41
"2.2.3.2.2.2.2.2.3.2.2.2.2.2.3.2.2.2.2.2.2.2",0.267148425696555,FALSE,TRUE,41
"2.2.3.2.2.2.2.2.2.3.2.2.2.2.3.2.2.2.2.2.2.2",0.321856086456836,FALSE,TRUE,41
"2.2.3.2.2.2.2.2.2.2.3.2.2.2.3.2.2.2.2.2.2.2",0.210086924342965,FALSE,TRUE,40
"2.2.3.2.2.2.2.2.2.2.2.3.2.2.3.2.2.2.2.2.2.2",0.244924278551306,FALSE,TRUE,41
"2.2.3.2.2.2.2.2.2.2.2.2.3.2.3.2.2.2.2.2.2.2",0.153187178186139,FALSE,TRUE,41
"2.2.3.2.2.2.2.2.2.2.2.2.2.3.3.2.2.2.2.2.2.2",0.287446568283153,FALSE,TRUE,40
"2.2.3.2.2.2.2.2.2.2.2.2.2.2.4.2.2.2.2.2.2.2",0.344546295925849,FALSE,TRUE,41
"2.2.3.2.2.2.2.2.2.2.2.2.2.2.3.3.2.2.2.2.2.2",0.198040943970377,FALSE,TRUE,41
"2.2.3.2.2.2.2.2.2.2.2.2.2.2.3.2.3.2.2.2.2.2",0.309013499532825,FALSE,TRUE,41
"2.2.3.2.2.2.2.2.2.2.2.2.2.2.3.2.2.3.2.2.2.2",0.276185872074016,FALSE,TRUE,41
"2.2.3.2.2.2.2.2.2.2.2.2.2.2.3.2.2.2.3.2.2.2",0.226224955533687,FALSE,TRUE,41
"2.2.3.2.2.2.2.2.2.2.2.2.2.2.3.2.2.2.2.3.2.2",0.342933600522662,FALSE,TRUE,41
"2.2.3.2.2.2.2.2.2.2.2.2.2.2.3.2.2.2.2.2.3.2",0.406563668922383,FALSE,TRUE,42
"2.2.3.2.2.2.2.2.2.2.2.2.2.2.3.2.2.2.2.2.2.3",0.363192195628849,FALSE,TRUE,41
"1.2.3.2.2.2.2.2.2.2.2.2.2.2.3.2.2.2.2.2.2.2",0.343338496140149,FALSE,TRUE,40
"2.1.3.2.2.2.2.2.2.2.2.2.2.2.3.2.2.2.2.2.2.2",0.29998870966634,FALSE,TRUE,40
"2.2.3.1.2.2.2.2.2.2.2.2.2.2.3.2.2.2.2.2.2.2",0.34233588145251,FALSE,TRUE,40
"2.2.3.2.1.2.2.2.2.2.2.2.2.2.3.2.2.2.2.2.2.2",0.340083274459875,FALSE,TRUE,40
"2.2.3.2.2.1.2.2.2.2.2.2.2.2.3.2.2.2.2.2.2.2",0.389155705818251,FALSE,TRUE,39
"2.2.3.2.2.2.2.1.2.2.2.2.2.2.3.2.2.2.2.2.2.2",0.417333877441444,FALSE,TRUE,39
"2.2.3.2.2.2.2.2.1.2.2.2.2.2.3.2.2.2.2.2.2.2",0.385994510457878,FALSE,TRUE,40
"2.2.3.2.2.2.2.2.2.1.2.2.2.2.3.2.2.2.2.2.2.2",0.384273023760042,FALSE,TRUE,40
"2.2.3.2.2.2.2.2.2.2.1.2.2.2.3.2.2.2.2.2.2.2",0.468812665492935,FALSE,TRUE,39
"2.2.3.2.2.2.2.2.2.2.2.1.2.2.3.2.2.2.2.2.2.2",0.392081386451095,FALSE,TRUE,40
"2.2.3.2.2.2.2.2.2.2.2.2.1.2.3.2.2.2.2.2.2.2",0.473533859089921,FALSE,TRUE,39
"2.2.3.2.2.2.2.2.2.2.2.2.2.1.3.2.2.2.2.2.2.2",0.401533866320081,FALSE,TRUE,40
"2.2.3.2.2.2.2.2.2.2.2.2.2.2.3.2.1.2.2.2.2.2",0.374175687321265,FALSE,TRUE,40
"2.2.3.2.2.2.2.2.2.2.2.2.2.2.3.2.2.1.2.2.2.2",0.400741950704876,FALSE,TRUE,39
"2.2.3.2.2.2.2.2.2.2.2.2.2.2.3.2.2.2.1.2.2.2",0.392867109489805,FALSE,TRUE,40
"2.2.3.2.2.2.2.2.2.2.2.2.2.2.3.2.2.2.2.1.2.2",0.295801808379755,FALSE,TRUE,40
"2.2.3.2.2.2.2.2.2.2.2.2.2.2.3.2.2.2.2.2.2.1",0.314663540028904,FALSE,TRUE,40
"3.2.2.2.2.1.2.2.2.2.2.2.2.2.2.2.1.2.2.2.2.2",0.28068003670958,FALSE,TRUE,38
"2.3.2.2.2.1.2.2.2.2.2.2.2.2.2.2.1.2.2.2.2.2",0.414249697919139,FALSE,TRUE,38
"2.2.3.2.2.1.2.2.2.2.2.2.2.2.2.2.1.2.2.2.2.2",0.354825321364693,FALSE,TRUE,38
"2.2.2.3.2.1.2.2.2.2.2.2.2.2.2.2.1.2.2.2.2.2",0.418266352389385,FALSE,TRUE,38
"2.2.2.2.3.1.2.2.2.2.2.2.2.2.2.2.1.2.2.2.2.2",0.353714554734821,FALSE,TRUE,38
"2.2.2.2.2.1.2.3.2.2.2.2.2.2.2.2.1.2.2.2.2.2",0.420463518235594,FALSE,TRUE,38
"2.2.2.2.2.1.2.2.3.2.2.2.2.2.2.2.1.2.2.2.2.2",0.317185800413339,FALSE,TRUE,38
"2.2.2.2.2.1.2.2.2.2.3.2.2.2.2.2.1.2.2.2.2.2",0.327102424317265,FALSE,TRUE,37
"2.2.2.2.2.1.2.2.2.2.2.3.2.2.2.2.1.2.2.2.2.2",0.400205221496433,FALSE,TRUE,38
"2.2.2.2.2.1.2.2.2.2.2.2.3.2.2.2.1.2.2.2.2.2",0.235036478007869,FALSE,TRUE,38
"2.2.2.2.2.1.2.2.2.2.2.2.2.3.2.2.1.2.2.2.2.2",0.261639917215118,FALSE,TRUE,37
"2.2.2.2.2.1.2.2.2.2.2.2.2.2.3.2.1.2.2.2.2.2",0.454202214662348,FALSE,TRUE,37
"2.2.2.2.2.1.2.2.2.2.2.2.2.2.2.3.1.2.2.2.2.2",0.427654091205262,FALSE,TRUE,38
"2.2.2.2.2.1.2.2.2.2.2.2.2.2.2.2.1.3.2.2.2.2",0.302264320868977,FALSE,TRUE,38
"2.2.2.2.2.1.2.2.2.2.2.2.2.2.2.2.1.2.3.2.2.2",0.400238920281346,FALSE,TRUE,38
"2.2.2.2.2.1.2.2.2.2.2.2.2.2.2.2.1.2.2.3.2.2",0.40646683469657,FALSE,TRUE,38
"2.2.2.2.2.1.2.2.2.2.2.2.2.2.2.2.1.2.2.2.3.2",0.400580338687843,FALSE,TRUE,38
"2.2.2.2.2.1.2.2.2.2.2.2.2.2.2.2.1.2.2.2.2.3",0.424033650472438,FALSE,TRUE,38
"2.1.2.2.2.1.2.2.2.2.2.2.2.2.2.2.1.2.2.2.2.2",0.348098658091431,FALSE,TRUE,37
"2.2.1.2.2.1.2.2.2.2.2.2.2.2.2.2.1.2.2.2.2.2",0.465158624826563,FALSE,TRUE,37
"2.2.2.1.2.1.2.2.2.2.2.2.2.2.2.2.1.2.2.2.2.2",0.400296822336229,FALSE,TRUE,37
"2.2.2.2.1.1.2.2.2.2.2.2.2.2.2.2.1.2.2.2.2.2",0.419597899009902,FALSE,TRUE,37
"2.2.2.2.2.1.1.2.2.2.2.2.2.2.2.2.1.2.2.2.2.2",0.369910058129502,FALSE,TRUE,37
"2.2.2.2.2.1.2.1.2.2.2.2.2.2.2.2.1.2.2.2.2.2",0.408368793398224,FALSE,TRUE,36
"2.2.2.2.2.1.2.2.1.2.2.2.2.2.2.2.1.2.2.2.2.2",0.489421570151894,FALSE,TRUE,37
"2.2.2.2.2.1.2.2.2.1.2.2.2.2.2.2.1.2.2.2.2.2",0.528029782607021,FALSE,TRUE,38
"2.2.2.2.2.1.2.2.2.2.1.2.2.2.2.2.1.2.2.2.2.2",0.48361502405491,FALSE,TRUE,37
"2.2.2.2.2.1.2.2.2.2.2.1.2.2.2.2.1.2.2.2.2.2",0.431912987440289,FALSE,TRUE,37
"2.2.2.2.2.1.2.2.2.2.2.2.1.2.2.2.1.2.2.2.2.2",0.480002224533161,FALSE,TRUE,35
"2.2.2.2.2.1.2.2.2.2.2.2.2.1.2.2.1.2.2.2.2.2",0.526330736020394,FALSE,TRUE,36
"2.2.2.2.2.1.2.2.2.2.2.2.2.2.1.2.1.2.2.2.2.2",0.388754484955367,FALSE,TRUE,37
"2.2.2.2.2.1.2.2.2.2.2.2.2.2.2.1.1.2.2.2.2.2",0.449048479794616,FALSE,TRUE,36
"2.2.2.2.2.1.2.2.2.2.2.2.2.2.2.2.1.1.2.2.2.2",0.518557746235144,FALSE,TRUE,36
"2.2.2.2.2.1.2.2.2.2.2.2.2.2.2.2.1.2.1.2.2.2",0.378854609220616,FALSE,TRUE,37
"2.2.2.2.2.1.2.2.2.2.2.2.2.2.2.2.1.2.2.1.2.2",0.408040169309214,FALSE,TRUE,37
"2.2.2.2.2.1.2.2.2.2.2.2.2.2.2.2.1.2.2.2.1.2",0.45139875081185,FALSE,TRUE,37
"2.2.2.2.2.1.2.2.2.2.2.2.2.2.2.2.1.2.2.2.2.1",0.430355774062301,FALSE,TRUE,37
"4.2.2.2.2.2.2.2.2.2.2.2.1.2.2.1.2.2.2.2.2.2",0.335675408604606,FALSE,TRUE,39
"3.3.2.2.2.2.2.2.2.2.2.2.1.2.2.1.2.2.2.2.2.2",0.51162960276085,FALSE,TRUE,38
"3.2.3.2.2.2.2.2.2.2.2.2.1.2.2.1.2.2.2.2.2.2",0.506240200004186,FALSE,TRUE,38
"3.2.2.3.2.2.2.2.2.2.2.2.1.2.2.1.2.2.2.2.2.2",0.430691526900215,FALSE,TRUE,38
"3.2.2.2.3.2.2.2.2.2.2.2.1.2.2.1.2.2.2.2.2.2",0.564155489292987,FALSE,TRUE,38
"3.2.2.2.2.2.3.2.2.2.2.2.1.2.2.1.2.2.2.2.2.2",0.506412035478098,FALSE,TRUE,38
"3.2.2.2.2.2.2.3.2.2.2.2.1.2.2.1.2.2.2.2.2.2",0.558247711795423,FALSE,TRUE,38
"3.2.2.2.2.2.2.2.3.2.2.2.1.2.2.1.2.2.2.2.2.2",0.379382201608238,FALSE,TRUE,38
"3.2.2.2.2.2.2.2.2.3.2.2.1.2.2.1.2.2.2.2.2.2",0.380659097073042,FALSE,TRUE,38
"3.2.2.2.2.2.2.2.2.2.3.2.1.2.2.1.2.2.2.2.2.2",0.437887312460147,FALSE,TRUE,38
"3.2.2.2.2.2.2.2.2.2.2.3.1.2.2.1.2.2.2.2.2.2",0.504072728738114,FALSE,TRUE,38
"3.2.2.2.2.2.2.2.2.2.2.2.1.3.2.1.2.2.2.2.2.2",0.450011341757228,FALSE,TRUE,38
"3.2.2.2.2.2.2.2.2.2.2.2.1.2.3.1.2.2.2.2.2.2",0.492162752452498,FALSE,TRUE,38
"3.2.2.2.2.2.2.2.2.2.2.2.1.2.2.2.2.2.2.2.2.2",0.468970007797143,FALSE,TRUE,39
"3.2.2.2.2.2.2.2.2.2.2.2.1.2.2.1.3.2.2.2.2.2",0.571154213327516,FALSE,TRUE,38
"3.2.2.2.2.2.2.2.2.2.2.2.1.2.2.1.2.3.2.2.2.2",0.430939123732246,FALSE,TRUE,38
"3.2.2.2.2.2.2.2.2.2.2.2.1.2.2.1.2.2.3.2.2.2",0.5051577441018,FALSE,TRUE,38
"3.2.2.2.2.2.2.2.2.2.2.2.1.2.2.1.2.2.2.3.2.2",0.554365198479245,FALSE,TRUE,38
"3.2.2.2.2.2.2.2.2.2.2.2.1.2.2.1.2.2.2.2.3.2",0.504964452108247,FALSE,TRUE,38
"3.2.2.2.2.2.2.2.2.2.2.2.1.2.2.1.2.2.2.2.2.3",0.597060166984414,FALSE,TRUE,38
"3.1.2.2.2.2.2.2.2.2.2.2.1.2.2.1.2.2.2.2.2.2",0.445362032488649,FALSE,TRUE,37
"3.2.1.2.2.2.2.2.2.2.2.2.1.2.2.1.2.2.2.2.2.2",0.442677811388902,FALSE,TRUE,37
"3.2.2.1.2.2.2.2.2.2.2.2.1.2.2.1.2.2.2.2.2.2",0.56376253973205,FALSE,TRUE,37
"3.2.2.2.1.2.2.2.2.2.2.2.1.2.2.1.2.2.2.2.2.2",0.384392942016748,FALSE,TRUE,37
"3.2.2.2.2.1.2.2.2.2.2.2.1.2.2.1.2.2.2.2.2.2",0.436159368721924,FALSE,TRUE,38
"3.2.2.2.2.2.1.2.2.2.2.2.1.2.2.1.2.2.2.2.2.2",0.513974942248977,FALSE,TRUE,37
"3.2.2.2.2.2.2.1.2.2.2.2.1.2.2.1.2.2.2.2.2.2",0.424452735564923,FALSE,TRUE,37
"3.2.2.2.2.2.2.2.1.2.2.2.1.2.2.1.2.2.2.2.2.2",0.62954093702387,FALSE,TRUE,37
"3.2.2.2.2.2.2.2.2.1.2.2.1.2.2.1.2.2.2.2.2.2",0.607617557223205,FALSE,TRUE,37
"3.2.2.2.2.2.2.2.2.2.1.2.1.2.2.1.2.2.2.2.2.2",0.47373265967496,FALSE,TRUE,37
"3.2.2.2.2.2.2.2.2.2.2.1.1.2.2.1.2.2.2.2.2.2",0.429141072396632,FALSE,TRUE,37
"3.2.2.2.2.2.2.2.2.2.2.2.1.1.2.1.2.2.2.2.2.2",0.503941932473044,FALSE,TRUE,37
"3.2.2.2.2.2.2.2.2.2.2.2.1.2.1.1.2.2.2.2.2.2",0.521265677050156,FALSE,TRUE,37
"3.2.2.2.2.2.2.2.2.2.2.2.1.2.2.1.1.2.2.2.2.2",0.434820158676657,FALSE,TRUE,37
"3.2.2.2.2.2.2.2.2.2.2.2.1.2.2.1.2.1.2.2.2.2",0.55598714339378,FALSE,TRUE,37
"3.2.2.2.2.2.2.2.2.2.2.2.1.2.2.1.2.2.2.1.2.2",0.46779204579129,FALSE,TRUE,37
"3.2.2.2.2.2.2.2.2.2.2.2.1.2.2.1.2.2.2.2.1.2",0.511050136506818,FALSE,TRUE,37
"3.2.2.2.2.2.2.2.2.2.2.2.1.2.2.1.2.2.2.2.2.1",0.425981905885356,FALSE,TRUE,37
"3.2.2.2.2.1.2.2.2.2.2.2.1.1.2.2.2.2.2.2.2.2",0.461506819108225,FALSE,TRUE,39
"2.3.2.2.2.1.2.2.2.2.2.2.1.1.2.2.2.2.2.2.2.2",0.606294720357138,FALSE,TRUE,39
"2.2.3.2.2.1.2.2.2.2.2.2.1.1.2.2.2.2.2.2.2.2",0.526621641332997,FALSE,TRUE,39
"2.2.2.3.2.1.2.2.2.2.2.2.1.1.2.2.2.2.2.2.2.2",0.477669144254783,FALSE,TRUE,39
"2.2.2.2.3.1.2.2.2.2.2.2.1.1.2.2.2.2.2.2.2.2",0.536832865740579,FALSE,TRUE,39
"2.2.2.2.2.1.2.3.2.2.2.2.1.1.2.2.2.2.2.2.2.2",0.532023060936211,FALSE,TRUE,39
"2.2.2.2.2.1.2.2.3.2.2.2.1.1.2.2.2.2.2.2.2.2",0.517466327702945,FALSE,TRUE,39
"2.2.2.2.2.1.2.2.2.3.2.2.1.1.2.2.2.2.2.2.2.2",0.547218496300874,FALSE,TRUE,39
"2.2.2.2.2.1.2.2.2.2.3.2.1.1.2.2.2.2.2.2.2.2",0.508799073054178,FALSE,TRUE,39
"2.2.2.2.2.1.2.2.2.2.2.3.1.1.2.2.2.2.2.2.2.2",0.490578739929637,FALSE,TRUE,39
"2.2.2.2.2.1.2.2.2.2.2.2.1.1.3.2.2.2.2.2.2.2",0.552784703737825,FALSE,TRUE,39
"2.2.2.2.2.1.2.2.2.2.2.2.1.1.2.3.2.2.2.2.2.2",0.549278259506409,FALSE,TRUE,39
"2.2.2.2.2.1.2.2.2.2.2.2.1.1.2.2.3.2.2.2.2.2",0.587846619451615,FALSE,TRUE,38
"2.2.2.2.2.1.2.2.2.2.2.2.1.1.2.2.2.3.2.2.2.2",0.562653228776785,FALSE,TRUE,39
"2.2.2.2.2.1.2.2.2.2.2.2.1.1.2.2.2.2.3.2.2.2",0.572567743728034,FALSE,TRUE,39
"2.2.2.2.2.1.2.2.2.2.2.2.1.1.2.2.2.2.2.3.2.2",0.539407422182331,FALSE,TRUE,39
"2.2.2.2.2.1.2.2.2.2.2.2.1.1.2.2.2.2.2.2.3.2",0.522220383983332,FALSE,TRUE,39
"2.2.2.2.2.1.2.2.2.2.2.2.1.1.2.2.2.2.2.2.2.3",0.541198121251312,FALSE,TRUE,39
"1.2.2.2.2.1.2.2.2.2.2.2.1.1.2.2.2.2.2.2.2.2",0.494819260743838,FALSE,TRUE,36
"2.1.2.2.2.1.2.2.2.2.2.2.1.1.2.2.2.2.2.2.2.2",0.396181376601806,FALSE,TRUE,38
"2.2.1.2.2.1.2.2.2.2.2.2.1.1.2.2.2.2.2.2.2.2",0.493722613849898,FALSE,TRUE,38
"2.2.2.1.2.1.2.2.2.2.2.2.1.1.2.2.2.2.2.2.2.2",0.568878284322291,FALSE,TRUE,38
"2.2.2.2.1.1.2.2.2.2.2.2.1.1.2.2.2.2.2.2.2.2",0.481938672444534,FALSE,TRUE,38
"2.2.2.2.2.1.1.2.2.2.2.2.1.1.2.2.2.2.2.2.2.2",0.49380156589816,FALSE,TRUE,39
"2.2.2.2.2.1.2.1.2.2.2.2.1.1.2.2.2.2.2.2.2.2",0.526597636867189,FALSE,TRUE,38
"2.2.2.2.2.1.2.2.1.2.2.2.1.1.2.2.2.2.2.2.2.2",0.525153791034394,FALSE,TRUE,38
"2.2.2.2.2.1.2.2.2.1.2.2.1.1.2.2.2.2.2.2.2.2",0.512102115006977,FALSE,TRUE,38
"2.2.2.2.2.1.2.2.2.2.1.2.1.1.2.2.2.2.2.2.2.2",0.483625303697283,FALSE,TRUE,38
"2.2.2.2.2.1.2.2.2.2.2.1.1.1.2.2.2.2.2.2.2.2",0.521999009771578,FALSE,TRUE,38
"2.2.2.2.2.1.2.2.2.2.2.2.1.1.1.2.2.2.2.2.2.2",0.512369262397487,FALSE,TRUE,38
"2.2.2.2.2.1.2.2.2.2.2.2.1.1.2.1.2.2.2.2.2.2",0.500286367166726,FALSE,TRUE,36
"2.2.2.2.2.1.2.2.2.2.2.2.1.1.2.2.1.2.2.2.2.2",0.49675585118519,FALSE,TRUE,36
"2.2.2.2.2.1.2.2.2.2.2.2.1.1.2.2.2.1.2.2.2.2",0.502035959245825,FALSE,TRUE,38
"2.2.2.2.2.1.2.2.2.2.2.2.1.1.2.2.2.2.1.2.2.2",0.439067377173753,FALSE,TRUE,38
"2.2.2.2.2.1.2.2.2.2.2.2.1.1.2.2.2.2.2.1.2.2",0.513647968556887,FALSE,TRUE,38
"2.2.2.2.2.1.2.2.2.2.2.2.1.1.2.2.2.2.2.2.1.2",0.56232989978679,FALSE,TRUE,38
"2.2.2.2.2.1.2.2.2.2.2.2.1.1.2.2.2.2.2.2.2.1",0.53813482549604,FALSE,TRUE,38
"2.2.3.2.2.2.2.2.2.2.2.2.2.2.2.1.2.2.2.2.1.2",0.438188304945491,FALSE,TRUE,38
"2.2.2.3.2.2.2.2.2.2.2.2.2.2.2.1.2.2.2.2.1.2",0.468305606689473,FALSE,TRUE,40
"2.2.2.2.3.2.2.2.2.2.2.2.2.2.2.1.2.2.2.2.1.2",0.485556530717607,FALSE,TRUE,40
"2.2.2.2.2.3.2.2.2.2.2.2.2.2.2.1.2.2.2.2.1.2",0.554769597675405,FALSE,TRUE,40
"2.2.2.2.2.2.3.2.2.2.2.2.2.2.2.1.2.2.2.2.1.2",0.593376764456272,FALSE,TRUE,39
"2.2.2.2.2.2.2.3.2.2.2.2.2.2.2.1.2.2.2.2.1.2",0.467903732216486,FALSE,TRUE,40
"2.2.2.2.2.2.2.2.3.2.2.2.2.2.2.1.2.2.2.2.1.2",0.416098829265958,FALSE,TRUE,40
"2.2.2.2.2.2.2.2.2.3.2.2.2.2.2.1.2.2.2.2.1.2",0.479570006678926,FALSE,TRUE,40
"2.2.2.2.2.2.2.2.2.2.3.2.2.2.2.1.2.2.2.2.1.2",0.392228677733828,FALSE,TRUE,39
"2.2.2.2.2.2.2.2.2.2.2.3.2.2.2.1.2.2.2.2.1.2",0.48251445262925,FALSE,TRUE,40
"2.2.2.2.2.2.2.2.2.2.2.2.3.2.2.1.2.2.2.2.1.2",0.342739120567144,FALSE,TRUE,40
"2.2.2.2.2.2.2.2.2.2.2.2.2.3.2.1.2.2.2.2.1.2",0.442863763960164,FALSE,TRUE,39
"2.2.2.2.2.2.2.2.2.2.2.2.2.2.2.1.3.2.2.2.1.2",0.554995022774006,FALSE,TRUE,40
"2.2.2.2.2.2.2.2.2.2.2.2.2.2.2.1.2.3.2.2.1.2",0.441466105327015,FALSE,TRUE,40
"2.2.2.2.2.2.2.2.2.2.2.2.2.2.2.1.2.2.3.2.1.2",0.449294932328528,FALSE,TRUE,40
"2.2.2.2.2.2.2.2.2.2.2.2.2.2.2.1.2.2.2.3.1.2",0.524159293201192,FALSE,TRUE,40
"2.2.2.2.2.2.2.2.2.2.2.2.2.2.2.1.2.2.2.2.1.3",0.592868269535957,FALSE,TRUE,40
"1.2.2.2.2.2.2.2.2.2.2.2.2.2.2.1.2.2.2.2.1.2",0.588126820575584,FALSE,TRUE,38
"2.1.2.2.2.2.2.2.2.2.2.2.2.2.2.1.2.2.2.2.1.2",0.444535768022326,FALSE,TRUE,39
"2.2.1.2.2.2.2.2.2.2.2.2.2.2.2.1.2.2.2.2.1.2",0.596291655100215,FALSE,TRUE,38
"2.2.2.1.2.2.2.2.2.2.2.2.2.2.2.1.2.2.2.2.1.2",0.589661160841773,FALSE,TRUE,39
"2.2.2.2.1.2.2.2.2.2.2.2.2.2.2.1.2.2.2.2.1.2",0.547978751291642,FALSE,TRUE,39
"2.2.2.2.2.1.2.2.2.2.2.2.2.2.2.1.2.2.2.2.1.2",0.515372432040737,FALSE,TRUE,38
"2.2.2.2.2.2.1.2.2.2.2.2.2.2.2.1.2.2.2.2.1.2",0.492771580566343,FALSE,TRUE,37
"2.2.2.2.2.2.2.1.2.2.2.2.2.2.2.1.2.2.2.2.1.2",0.597579240353055,FALSE,TRUE,38
"2.2.2.2.2.2.2.2.1.2.2.2.2.2.2.1.2.2.2.2.1.2",0.656086163475291,FALSE,TRUE,39
"2.2.2.2.2.2.2.2.2.1.2.2.2.2.2.1.2.2.2.2.1.2",0.605027913078996,FALSE,TRUE,39
"2.2.2.2.2.2.2.2.2.2.1.2.2.2.2.1.2.2.2.2.1.2",0.618716957161535,FALSE,TRUE,38
"2.2.2.2.2.2.2.2.2.2.2.1.2.2.2.1.2.2.2.2.1.2",0.536711908278727,FALSE,TRUE,38
"2.2.2.2.2.2.2.2.2.2.2.2.1.2.2.1.2.2.2.2.1.2",0.603438376525798,FALSE,TRUE,37
"2.2.2.2.2.2.2.2.2.2.2.2.2.1.2.1.2.2.2.2.1.2",0.600431275174132,FALSE,TRUE,39
"2.2.2.2.2.2.2.2.2.2.2.2.2.2.1.1.2.2.2.2.1.2",0.552447436098321,FALSE,TRUE,39
"2.2.2.2.2.2.2.2.2.2.2.2.2.2.2.1.1.2.2.2.1.2",0.529903099872182,FALSE,TRUE,39
"2.2.2.2.2.2.2.2.2.2.2.2.2.2.2.1.2.1.2.2.1.2",0.625458628251373,FALSE,TRUE,38
"2.2.2.2.2.2.2.2.2.2.2.2.2.2.2.1.2.2.1.2.1.2",0.584886093050982,FALSE,TRUE,38
"2.2.2.2.2.2.2.2.2.2.2.2.2.2.2.1.2.2.2.1.1.2",0.54383599321463,FALSE,TRUE,39
"2.2.2.2.2.2.2.2.2.2.2.2.2.2.2.1.2.2.2.2.1.1",0.499541098213584,FALSE,TRUE,39
"3.2.1.2.2.2.2.2.2.2.2.2.2.2.3.1.2.2.2.2.2.2",0.419740479136622,FALSE,TRUE,39
"2.3.1.2.2.2.2.2.2.2.2.2.2.2.3.1.2.2.2.2.2.2",0.556067341708299,FALSE,TRUE,39
"2.2.1.3.2.2.2.2.2.2.2.2.2.2.3.1.2.2.2.2.2.2",0.499396467601658,FALSE,TRUE,39
"2.2.1.2.3.2.2.2.2.2.2.2.2.2.3.1.2.2.2.2.2.2",0.621059754305463,FALSE,TRUE,40
"2.2.1.2.2.3.2.2.2.2.2.2.2.2.3.1.2.2.2.2.2.2",0.61947083468181,FALSE,TRUE,40
"2.2.1.2.2.2.3.2.2.2.2.2.2.2.3.1.2.2.2.2.2.2",0.60083423540283,FALSE,TRUE,40
"2.2.1.2.2.2.2.3.2.2.2.2.2.2.3.1.2.2.2.2.2.2",0.583448274914827,FALSE,TRUE,40
"2.2.1.2.2.2.2.2.3.2.2.2.2.2.3.1.2.2.2.2.2.2",0.445068622544761,FALSE,TRUE,40
"2.2.1.2.2.2.2.2.2.3.2.2.2.2.3.1.2.2.2.2.2.2",0.46937660137666,FALSE,TRUE,40
"2.2.1.2.2.2.2.2.2.2.3.2.2.2.3.1.2.2.2.2.2.2",0.576915433297498,FALSE,TRUE,40
"2.2.1.2.2.2.2.2.2.2.2.3.2.2.3.1.2.2.2.2.2.2",0.597437443649594,FALSE,TRUE,40
"2.2.1.2.2.2.2.2.2.2.2.2.3.2.3.1.2.2.2.2.2.2",0.522375161191642,FALSE,TRUE,40
"2.2.1.2.2.2.2.2.2.2.2.2.2.3.3.1.2.2.2.2.2.2",0.527187185615667,FALSE,TRUE,40
"2.2.1.2.2.2.2.2.2.2.2.2.2.2.4.1.2.2.2.2.2.2",0.524238300904475,FALSE,TRUE,40
"2.2.1.2.2.2.2.2.2.2.2.2.2.2.3.1.3.2.2.2.2.2",0.610549639270333,FALSE,TRUE,40
"2.2.1.2.2.2.2.2.2.2.2.2.2.2.3.1.2.3.2.2.2.2",0.492258349009173,FALSE,TRUE,40
"2.2.1.2.2.2.2.2.2.2.2.2.2.2.3.1.2.2.3.2.2.2",0.521616312998872,FALSE,TRUE,40
"2.2.1.2.2.2.2.2.2.2.2.2.2.2.3.1.2.2.2.3.2.2",0.640605765499419,FALSE,TRUE,40
"2.2.1.2.2.2.2.2.2.2.2.2.2.2.3.1.2.2.2.2.3.2",0.644865053296503,FALSE,TRUE,40
"2.2.1.2.2.2.2.2.2.2.2.2.2.2.3.1.2.2.2.2.2.3",0.649605416238526,FALSE,TRUE,40
"1.2.1.2.2.2.2.2.2.2.2.2.2.2.3.1.2.2.2.2.2.2",0.69434879473911,FALSE,TRUE,37
"2.1.1.2.2.2.2.2.2.2.2.2.2.2.3.1.2.2.2.2.2.2",0.553938910009705,FALSE,TRUE,39
"2.2.1.1.2.2.2.2.2.2.2.2.2.2.3.1.2.2.2.2.2.2",0.652500661343839,FALSE,TRUE,39
"2.2.1.2.1.2.2.2.2.2.2.2.2.2.3.1.2.2.2.2.2.2",0.480726355869783,FALSE,TRUE,39
"2.2.1.2.2.1.2.2.2.2.2.2.2.2.3.1.2.2.2.2.2.2",0.528370991937758,FALSE,TRUE,39
"2.2.1.2.2.2.2.1.2.2.2.2.2.2.3.1.2.2.2.2.2.2",0.543029630097174,FALSE,TRUE,39
"2.2.1.2.2.2.2.2.1.2.2.2.2.2.3.1.2.2.2.2.2.2",0.722371674392445,FALSE,TRUE,39
"2.2.1.2.2.2.2.2.2.1.2.2.2.2.3.1.2.2.2.2.2.2",0.674581201890253,FALSE,TRUE,39
"2.2.1.2.2.2.2.2.2.2.1.2.2.2.3.1.2.2.2.2.2.2",0.481849462170176,FALSE,TRUE,39
"2.2.1.2.2.2.2.2.2.2.2.1.2.2.3.1.2.2.2.2.2.2",0.498727659598315,FALSE,TRUE,39
"2.2.1.2.2.2.2.2.2.2.2.2.1.2.3.1.2.2.2.2.2.2",0.492003281021036,FALSE,TRUE,38
"2.2.1.2.2.2.2.2.2.2.2.2.2.1.3.1.2.2.2.2.2.2",0.598459841229208,FALSE,TRUE,39
"2.2.1.2.2.2.2.2.2.2.2.2.2.2.3.1.1.2.2.2.2.2",0.547883534899185,FALSE,TRUE,39
"2.2.1.2.2.2.2.2.2.2.2.2.2.2.3.1.2.1.2.2.2.2",0.659507412348865,FALSE,TRUE,39
"2.2.1.2.2.2.2.2.2.2.2.2.2.2.3.1.2.2.1.2.2.2",0.607630480986243,FALSE,TRUE,39
"2.2.1.2.2.2.2.2.2.2.2.2.2.2.3.1.2.2.2.1.2.2",0.527135309847781,FALSE,TRUE,39
"2.2.1.2.2.2.2.2.2.2.2.2.2.2.3.1.2.2.2.2.1.2",0.536341282742624,FALSE,TRUE,38
"2.2.1.2.2.2.2.2.2.2.2.2.2.2.3.1.2.2.2.2.2.1",0.52325317455674,FALSE,TRUE,39
"3.2.2.2.2.1.4.2.2.2.2.2.1.1.2.2.2.2.2.2.2.2",0.373346968182684,FALSE,TRUE,38
"2.3.2.2.2.1.4.2.2.2.2.2.1.1.2.2.2.2.2.2.2.2",0.466591773216762,FALSE,TRUE,38
"2.2.3.2.2.1.4.2.2.2.2.2.1.1.2.2.2.2.2.2.2.2",0.516657820586786,FALSE,TRUE,38
"2.2.2.3.2.1.4.2.2.2.2.2.1.1.2.2.2.2.2.2.2.2",0.386479015936181,FALSE,TRUE,38
"2.2.2.2.3.1.4.2.2.2.2.2.1.1.2.2.2.2.2.2.2.2",0.468333277369184,FALSE,TRUE,38
"2.2.2.2.2.1.5.2.2.2.2.2.1.1.2.2.2.2.2.2.2.2",0.426406458836759,FALSE,TRUE,39
"2.2.2.2.2.1.4.3.2.2.2.2.1.1.2.2.2.2.2.2.2.2",0.56706196456608,FALSE,TRUE,38
"2.2.2.2.2.1.4.2.3.2.2.2.1.1.2.2.2.2.2.2.2.2",0.447099848243305,FALSE,TRUE,38
"2.2.2.2.2.1.4.2.2.3.2.2.1.1.2.2.2.2.2.2.2.2",0.511089668305703,FALSE,TRUE,38
"2.2.2.2.2.1.4.2.2.2.3.2.1.1.2.2.2.2.2.2.2.2",0.422433539608135,FALSE,TRUE,38
"2.2.2.2.2.1.4.2.2.2.2.3.1.1.2.2.2.2.2.2.2.2",0.437627378838062,FALSE,TRUE,38
"2.2.2.2.2.1.4.2.2.2.2.2.2.1.2.2.2.2.2.2.2.2",0.508893648086687,FALSE,TRUE,38
"2.2.2.2.2.1.4.2.2.2.2.2.1.2.2.2.2.2.2.2.2.2",0.531732547590243,FALSE,TRUE,39
"2.2.2.2.2.1.4.2.2.2.2.2.1.1.3.2.2.2.2.2.2.2",0.521993073822447,FALSE,TRUE,38
"2.2.2.2.2.1.4.2.2.2.2.2.1.1.2.3.2.2.2.2.2.2",0.471878344255839,FALSE,TRUE,38
"2.2.2.2.2.1.4.2.2.2.2.2.1.1.2.2.3.2.2.2.2.2",0.551181292998542,FALSE,TRUE,37
"2.2.2.2.2.1.4.2.2.2.2.2.1.1.2.2.2.3.2.2.2.2",0.563137631391366,FALSE,TRUE,38
"2.2.2.2.2.1.4.2.2.2.2.2.1.1.2.2.2.2.3.2.2.2",0.559016206985309,FALSE,TRUE,38
"2.2.2.2.2.1.4.2.2.2.2.2.1.1.2.2.2.2.2.3.2.2",0.398954258752542,FALSE,TRUE,38
"2.2.2.2.2.1.4.2.2.2.2.2.1.1.2.2.2.2.2.2.3.2",0.445069171855728,FALSE,TRUE,38
"1.2.2.2.2.1.4.2.2.2.2.2.1.1.2.2.2.2.2.2.2.2",0.533140966914609,FALSE,TRUE,37
"2.1.2.2.2.1.4.2.2.2.2.2.1.1.2.2.2.2.2.2.2.2",0.46526647364801,FALSE,TRUE,37
"2.2.1.2.2.1.4.2.2.2.2.2.1.1.2.2.2.2.2.2.2.2",0.442193977135152,FALSE,TRUE,37
"2.2.2.1.2.1.4.2.2.2.2.2.1.1.2.2.2.2.2.2.2.2",0.576800578922588,FALSE,TRUE,37
"2.2.2.2.1.1.4.2.2.2.2.2.1.1.2.2.2.2.2.2.2.2",0.476433714143856,FALSE,TRUE,37
"2.2.2.2.2.1.4.1.2.2.2.2.1.1.2.2.2.2.2.2.2.2",0.424811122425267,FALSE,TRUE,37
"2.2.2.2.2.1.4.2.1.2.2.2.1.1.2.2.2.2.2.2.2.2",0.511722876263032,FALSE,TRUE,37
"2.2.2.2.2.1.4.2.2.1.2.2.1.1.2.2.2.2.2.2.2.2",0.459917759697695,FALSE,TRUE,37
"2.2.2.2.2.1.4.2.2.2.1.2.1.1.2.2.2.2.2.2.2.2",0.501143791965197,FALSE,TRUE,37
"2.2.2.2.2.1.4.2.2.2.2.1.1.1.2.2.2.2.2.2.2.2",0.471022624598123,FALSE,TRUE,37
"2.2.2.2.2.1.4.2.2.2.2.2.1.1.1.2.2.2.2.2.2.2",0.459166432355365,FALSE,TRUE,37
"2.2.2.2.2.1.4.2.2.2.2.2.1.1.2.1.2.2.2.2.2.2",0.484351737916118,FALSE,TRUE,37
"2.2.2.2.2.1.4.2.2.2.2.2.1.1.2.2.1.2.2.2.2.2",0.448854530878563,FALSE,TRUE,37
"2.2.2.2.2.1.4.2.2.2.2.2.1.1.2.2.2.1.2.2.2.2",0.402911664148027,FALSE,TRUE,37
"2.2.2.2.2.1.4.2.2.2.2.2.1.1.2.2.2.2.1.2.2.2",0.377916903283561,FALSE,TRUE,37
"2.2.2.2.2.1.4.2.2.2.2.2.1.1.2.2.2.2.2.1.2.2",0.587214472593718,FALSE,TRUE,37
"2.2.2.2.2.1.4.2.2.2.2.2.1.1.2.2.2.2.2.2.1.2",0.557457118501534,FALSE,TRUE,37
"2.2.2.2.2.1.4.2.2.2.2.2.1.1.2.2.2.2.2.2.2.1",0.506844468676529,FALSE,TRUE,38
"3.2.2.2.2.2.2.2.2.2.1.2.2.2.3.1.2.2.2.2.2.2",0.436405964258693,FALSE,TRUE,39
"2.3.2.2.2.2.2.2.2.2.1.2.2.2.3.1.2.2.2.2.2.2",0.55941668700604,FALSE,TRUE,39
"2.2.3.2.2.2.2.2.2.2.1.2.2.2.3.1.2.2.2.2.2.2",0.610219206375432,FALSE,TRUE,39
"2.2.2.3.2.2.2.2.2.2.1.2.2.2.3.1.2.2.2.2.2.2",0.525348755201696,FALSE,TRUE,39
"2.2.2.2.3.2.2.2.2.2.1.2.2.2.3.1.2.2.2.2.2.2",0.681094020516503,FALSE,TRUE,40
"2.2.2.2.2.3.2.2.2.2.1.2.2.2.3.1.2.2.2.2.2.2",0.608340332111071,FALSE,TRUE,40
"2.2.2.2.2.2.3.2.2.2.1.2.2.2.3.1.2.2.2.2.2.2",0.62412509732177,FALSE,TRUE,40
"2.2.2.2.2.2.2.3.2.2.1.2.2.2.3.1.2.2.2.2.2.2",0.548847885527092,FALSE,TRUE,40
"2.2.2.2.2.2.2.2.3.2.1.2.2.2.3.1.2.2.2.2.2.2",0.483701703206755,FALSE,TRUE,40
"2.2.2.2.2.2.2.2.2.3.1.2.2.2.3.1.2.2.2.2.2.2",0.501556483554991,FALSE,TRUE,40
"2.2.2.2.2.2.2.2.2.2.1.3.2.2.3.1.2.2.2.2.2.2",0.579493505262256,FALSE,TRUE,40
"2.2.2.2.2.2.2.2.2.2.1.2.3.2.3.1.2.2.2.2.2.2",0.55127403768946,FALSE,TRUE,40
"2.2.2.2.2.2.2.2.2.2.1.2.2.3.3.1.2.2.2.2.2.2",0.556744486015724,FALSE,TRUE,40
"2.2.2.2.2.2.2.2.2.2.1.2.2.2.4.1.2.2.2.2.2.2",0.496724776258108,FALSE,TRUE,40
"2.2.2.2.2.2.2.2.2.2.1.2.2.2.3.1.3.2.2.2.2.2",0.586784581214684,FALSE,TRUE,40
"2.2.2.2.2.2.2.2.2.2.1.2.2.2.3.1.2.3.2.2.2.2",0.49676250768343,FALSE,TRUE,40
"2.2.2.2.2.2.2.2.2.2.1.2.2.2.3.1.2.2.3.2.2.2",0.513090350254252,FALSE,TRUE,40
"2.2.2.2.2.2.2.2.2.2.1.2.2.2.3.1.2.2.2.3.2.2",0.686120062634386,FALSE,TRUE,40
"2.2.2.2.2.2.2.2.2.2.1.2.2.2.3.1.2.2.2.2.3.2",0.650858712269985,FALSE,TRUE,40
"2.2.2.2.2.2.2.2.2.2.1.2.2.2.3.1.2.2.2.2.2.3",0.624827875691809,FALSE,TRUE,40
"1.2.2.2.2.2.2.2.2.2.1.2.2.2.3.1.2.2.2.2.2.2",0.651984135433792,FALSE,TRUE,39
"2.1.2.2.2.2.2.2.2.2.1.2.2.2.3.1.2.2.2.2.2.2",0.55832835698638,FALSE,TRUE,39
"2.2.2.1.2.2.2.2.2.2.1.2.2.2.3.1.2.2.2.2.2.2",0.61602472880136,FALSE,TRUE,39
"2.2.2.2.1.2.2.2.2.2.1.2.2.2.3.1.2.2.2.2.2.2",0.432973131099302,FALSE,TRUE,39
"2.2.2.2.2.1.2.2.2.2.1.2.2.2.3.1.2.2.2.2.2.2",0.531915226700415,FALSE,TRUE,39
"2.2.2.2.2.2.1.2.2.2.1.2.2.2.3.1.2.2.2.2.2.2",0.555757192791781,FALSE,TRUE,38
"2.2.2.2.2.2.2.1.2.2.1.2.2.2.3.1.2.2.2.2.2.2",0.577341954379999,FALSE,TRUE,39
"2.2.2.2.2.2.2.2.1.2.1.2.2.2.3.1.2.2.2.2.2.2",0.66420407489222,FALSE,TRUE,39
"2.2.2.2.2.2.2.2.2.1.1.2.2.2.3.1.2.2.2.2.2.2",0.640005308388356,FALSE,TRUE,39
"2.2.2.2.2.2.2.2.2.2.1.1.2.2.3.1.2.2.2.2.2.2",0.519740867159125,FALSE,TRUE,39
"2.2.2.2.2.2.2.2.2.2.1.2.1.2.3.1.2.2.2.2.2.2",0.492216348971727,FALSE,TRUE,38
"2.2.2.2.2.2.2.2.2.2.1.2.2.1.3.1.2.2.2.2.2.2",0.587707737252839,FALSE,TRUE,39
"2.2.2.2.2.2.2.2.2.2.1.2.2.2.3.1.1.2.2.2.2.2",0.570275653404083,FALSE,TRUE,39
"2.2.2.2.2.2.2.2.2.2.1.2.2.2.3.1.2.1.2.2.2.2",0.664324081233517,FALSE,TRUE,39
"2.2.2.2.2.2.2.2.2.2.1.2.2.2.3.1.2.2.1.2.2.2",0.62112787895902,FALSE,TRUE,39
"2.2.2.2.2.2.2.2.2.2.1.2.2.2.3.1.2.2.2.1.2.2",0.45298731497868,FALSE,TRUE,39
"2.2.2.2.2.2.2.2.2.2.1.2.2.2.3.1.2.2.2.2.1.2",0.531255921581579,FALSE,TRUE,38
"2.2.2.2.2.2.2.2.2.2.1.2.2.2.3.1.2.2.2.2.2.1",0.539820141402467,FALSE,TRUE,39
"3.2.2.2.2.1.4.2.2.2.2.2.1.1.2.2.2.2.2.2.2.3",0.375020022628467,FALSE,TRUE,39
"2.3.2.2.2.1.4.2.2.2.2.2.1.1.2.2.2.2.2.2.2.3",0.433837743354031,FALSE,TRUE,39
"2.2.3.2.2.1.4.2.2.2.2.2.1.1.2.2.2.2.2.2.2.3",0.495668649657104,FALSE,TRUE,39
"2.2.2.3.2.1.4.2.2.2.2.2.1.1.2.2.2.2.2.2.2.3",0.31981332376283,FALSE,TRUE,39
"2.2.2.2.3.1.4.2.2.2.2.2.1.1.2.2.2.2.2.2.2.3",0.440491410296205,FALSE,TRUE,39
"2.2.2.2.2.2.4.2.2.2.2.2.1.1.2.2.2.2.2.2.2.3",0.439201848339779,FALSE,TRUE,39
"2.2.2.2.2.1.5.2.2.2.2.2.1.1.2.2.2.2.2.2.2.3",0.400349894469466,FALSE,TRUE,39
"2.2.2.2.2.1.4.3.2.2.2.2.1.1.2.2.2.2.2.2.2.3",0.546232076526492,FALSE,TRUE,39
"2.2.2.2.2.1.4.2.3.2.2.2.1.1.2.2.2.2.2.2.2.3",0.387432112258341,FALSE,TRUE,39
"2.2.2.2.2.1.4.2.2.3.2.2.1.1.2.2.2.2.2.2.2.3",0.482479371790668,FALSE,TRUE,39
"2.2.2.2.2.1.4.2.2.2.3.2.1.1.2.2.2.2.2.2.2.3",0.426402842925532,FALSE,TRUE,39
"2.2.2.2.2.1.4.2.2.2.2.3.1.1.2.2.2.2.2.2.2.3",0.39708273303009,FALSE,TRUE,39
"2.2.2.2.2.1.4.2.2.2.2.2.2.1.2.2.2.2.2.2.2.3",0.495815992325969,FALSE,TRUE,40
"2.2.2.2.2.1.4.2.2.2.2.2.1.2.2.2.2.2.2.2.2.3",0.505274935206256,FALSE,TRUE,40
"2.2.2.2.2.1.4.2.2.2.2.2.1.1.3.2.2.2.2.2.2.3",0.472699169002675,FALSE,TRUE,39
"2.2.2.2.2.1.4.2.2.2.2.2.1.1.2.3.2.2.2.2.2.3",0.384116643972006,FALSE,TRUE,39
"2.2.2.2.2.1.4.2.2.2.2.2.1.1.2.2.3.2.2.2.2.3",0.543305752840223,FALSE,TRUE,39
"2.2.2.2.2.1.4.2.2.2.2.2.1.1.2.2.2.3.2.2.2.3",0.506978890999925,FALSE,TRUE,39
"2.2.2.2.2.1.4.2.2.2.2.2.1.1.2.2.2.2.3.2.2.3",0.512088527017533,FALSE,TRUE,39
"2.2.2.2.2.1.4.2.2.2.2.2.1.1.2.2.2.2.2.3.2.3",0.402180675787076,FALSE,TRUE,39
"2.2.2.2.2.1.4.2.2.2.2.2.1.1.2.2.2.2.2.2.3.3",0.47900140140513,FALSE,TRUE,39
"2.2.2.2.2.1.4.2.2.2.2.2.1.1.2.2.2.2.2.2.2.4",0.425320840107738,FALSE,TRUE,40
"1.2.2.2.2.1.4.2.2.2.2.2.1.1.2.2.2.2.2.2.2.3",0.465522408060616,FALSE,TRUE,38
"2.1.2.2.2.1.4.2.2.2.2.2.1.1.2.2.2.2.2.2.2.3",0.444049993707312,FALSE,TRUE,38
"2.2.1.2.2.1.4.2.2.2.2.2.1.1.2.2.2.2.2.2.2.3",0.424194327505236,FALSE,TRUE,38
"2.2.2.1.2.1.4.2.2.2.2.2.1.1.2.2.2.2.2.2.2.3",0.587187058828021,FALSE,TRUE,38
"2.2.2.2.1.1.4.2.2.2.2.2.1.1.2.2.2.2.2.2.2.3",0.459803265708321,FALSE,TRUE,38
"2.2.2.2.2.1.4.1.2.2.2.2.1.1.2.2.2.2.2.2.2.3",0.407639487562983,FALSE,TRUE,38
"2.2.2.2.2.1.4.2.1.2.2.2.1.1.2.2.2.2.2.2.2.3",0.508687670672884,FALSE,TRUE,38
"2.2.2.2.2.1.4.2.2.1.2.2.1.1.2.2.2.2.2.2.2.3",0.441971595821777,FALSE,TRUE,38
"2.2.2.2.2.1.4.2.2.2.1.2.1.1.2.2.2.2.2.2.2.3",0.464908392723122,FALSE,TRUE,38
"2.2.2.2.2.1.4.2.2.2.2.1.1.1.2.2.2.2.2.2.2.3",0.467027180301395,FALSE,TRUE,38
"2.2.2.2.2.1.4.2.2.2.2.2.1.1.1.2.2.2.2.2.2.3",0.453089465952647,FALSE,TRUE,38
"2.2.2.2.2.1.4.2.2.2.2.2.1.1.2.1.2.2.2.2.2.3",0.530588437328419,FALSE,TRUE,38
"2.2.2.2.2.1.4.2.2.2.2.2.1.1.2.2.1.2.2.2.2.3",0.409495393837386,FALSE,TRUE,38
"2.2.2.2.2.1.4.2.2.2.2.2.1.1.2.2.2.1.2.2.2.3",0.405962345786725,FALSE,TRUE,38
"2.2.2.2.2.1.4.2.2.2.2.2.1.1.2.2.2.2.1.2.2.3",0.375093896008987,FALSE,TRUE,38
"2.2.2.2.2.1.4.2.2.2.2.2.1.1.2.2.2.2.2.1.2.3",0.524581333608135,FALSE,TRUE,38
"2.2.2.2.2.1.4.2.2.2.2.2.1.1.2.2.2.2.2.2.1.3",0.476835728909957,FALSE,TRUE,38
"3.2.2.2.2.1.3.2.2.2.2.2.2.2.2.2.1.2.2.2.2.2",0.240003856036205,FALSE,TRUE,40
"2.3.2.2.2.1.3.2.2.2.2.2.2.2.2.2.1.2.2.2.2.2",0.361988305239963,FALSE,TRUE,40
"2.2.3.2.2.1.3.2.2.2.2.2.2.2.2.2.1.2.2.2.2.2",0.388700736734838,FALSE,TRUE,40
"2.2.2.3.2.1.3.2.2.2.2.2.2.2.2.2.1.2.2.2.2.2",0.391808604128003,FALSE,TRUE,40
"2.2.2.2.3.1.3.2.2.2.2.2.2.2.2.2.1.2.2.2.2.2",0.358366752571554,FALSE,TRUE,40
"2.2.2.2.2.1.4.2.2.2.2.2.2.2.2.2.1.2.2.2.2.2",0.400861444877057,FALSE,TRUE,41
"2.2.2.2.2.1.3.3.2.2.2.2.2.2.2.2.1.2.2.2.2.2",0.47792881371621,FALSE,TRUE,40
"2.2.2.2.2.1.3.2.3.2.2.2.2.2.2.2.1.2.2.2.2.2",0.301669111898751,FALSE,TRUE,40
"2.2.2.2.2.1.3.2.2.3.2.2.2.2.2.2.1.2.2.2.2.2",0.329372538470547,FALSE,TRUE,40
"2.2.2.2.2.1.3.2.2.2.3.2.2.2.2.2.1.2.2.2.2.2",0.317328359929564,FALSE,TRUE,40
"2.2.2.2.2.1.3.2.2.2.2.3.2.2.2.2.1.2.2.2.2.2",0.400926766718837,FALSE,TRUE,40
"2.2.2.2.2.1.3.2.2.2.2.2.3.2.2.2.1.2.2.2.2.2",0.252954733061971,FALSE,TRUE,40
"2.2.2.2.2.1.3.2.2.2.2.2.2.3.2.2.1.2.2.2.2.2",0.273239825360105,FALSE,TRUE,40
"2.2.2.2.2.1.3.2.2.2.2.2.2.2.3.2.1.2.2.2.2.2",0.462078516278953,FALSE,TRUE,40
"2.2.2.2.2.1.3.2.2.2.2.2.2.2.2.3.1.2.2.2.2.2",0.420918725429502,FALSE,TRUE,40
"2.2.2.2.2.1.3.2.2.2.2.2.2.2.2.2.1.3.2.2.2.2",0.337732677130171,FALSE,TRUE,40
"2.2.2.2.2.1.3.2.2.2.2.2.2.2.2.2.1.2.3.2.2.2",0.424422695869846,FALSE,TRUE,40
"2.2.2.2.2.1.3.2.2.2.2.2.2.2.2.2.1.2.2.3.2.2",0.365064175227103,FALSE,TRUE,40
"2.2.2.2.2.1.3.2.2.2.2.2.2.2.2.2.1.2.2.2.3.2",0.386067696117752,FALSE,TRUE,40
"2.2.2.2.2.1.3.2.2.2.2.2.2.2.2.2.1.2.2.2.2.3",0.426759098763692,FALSE,TRUE,40
"1.2.2.2.2.1.3.2.2.2.2.2.2.2.2.2.1.2.2.2.2.2",0.494744144248954,FALSE,TRUE,38
"2.1.2.2.2.1.3.2.2.2.2.2.2.2.2.2.1.2.2.2.2.2",0.421656828446727,FALSE,TRUE,39
"2.2.1.2.2.1.3.2.2.2.2.2.2.2.2.2.1.2.2.2.2.2",0.448932875354807,FALSE,TRUE,39
"2.2.2.1.2.1.3.2.2.2.2.2.2.2.2.2.1.2.2.2.2.2",0.443109616847444,FALSE,TRUE,39
"2.2.2.2.1.1.3.2.2.2.2.2.2.2.2.2.1.2.2.2.2.2",0.443014192987511,FALSE,TRUE,39
"2.2.2.2.2.1.3.1.2.2.2.2.2.2.2.2.1.2.2.2.2.2",0.376150342590803,FALSE,TRUE,39
"2.2.2.2.2.1.3.2.1.2.2.2.2.2.2.2.1.2.2.2.2.2",0.524939289766021,FALSE,TRUE,39
"2.2.2.2.2.1.3.2.2.1.2.2.2.2.2.2.1.2.2.2.2.2",0.54159929647999,FALSE,TRUE,39
"2.2.2.2.2.1.3.2.2.2.1.2.2.2.2.2.1.2.2.2.2.2",0.50733887333001,FALSE,TRUE,39
"2.2.2.2.2.1.3.2.2.2.2.1.2.2.2.2.1.2.2.2.2.2",0.434483889910652,FALSE,TRUE,39
"2.2.2.2.2.1.3.2.2.2.2.2.1.2.2.2.1.2.2.2.2.2",0.476201681574422,FALSE,TRUE,37
"2.2.2.2.2.1.3.2.2.2.2.2.2.1.2.2.1.2.2.2.2.2",0.52748828213434,FALSE,TRUE,36
"2.2.2.2.2.1.3.2.2.2.2.2.2.2.1.2.1.2.2.2.2.2",0.396881745727541,FALSE,TRUE,39
"2.2.2.2.2.1.3.2.2.2.2.2.2.2.2.1.1.2.2.2.2.2",0.47014852372848,FALSE,TRUE,39
"2.2.2.2.2.1.3.2.2.2.2.2.2.2.2.2.1.1.2.2.2.2",0.504390469861513,FALSE,TRUE,38
"2.2.2.2.2.1.3.2.2.2.2.2.2.2.2.2.1.2.1.2.2.2",0.372613275056429,FALSE,TRUE,39
"2.2.2.2.2.1.3.2.2.2.2.2.2.2.2.2.1.2.2.1.2.2",0.473160313891334,FALSE,TRUE,39
"2.2.2.2.2.1.3.2.2.2.2.2.2.2.2.2.1.2.2.2.1.2",0.481274877273914,FALSE,TRUE,39
"2.2.2.2.2.1.3.2.2.2.2.2.2.2.2.2.1.2.2.2.2.1",0.448739712230322,FALSE,TRUE,39
"3.2.2.2.2.2.3.2.2.1.2.2.2.1.2.2.2.2.2.2.2.2",0.417998981129672,FALSE,TRUE,40
"2.3.2.2.2.2.3.2.2.1.2.2.2.1.2.2.2.2.2.2.2.2",0.495272517190383,FALSE,TRUE,40
"2.2.3.2.2.2.3.2.2.1.2.2.2.1.2.2.2.2.2.2.2.2",0.451406679014219,FALSE,TRUE,40
"2.2.2.3.2.2.3.2.2.1.2.2.2.1.2.2.2.2.2.2.2.2",0.461636149985183,FALSE,TRUE,40
"2.2.2.2.3.2.3.2.2.1.2.2.2.1.2.2.2.2.2.2.2.2",0.50983189250664,FALSE,TRUE,40
"2.2.2.2.2.3.3.2.2.1.2.2.2.1.2.2.2.2.2.2.2.2",0.453842855772674,FALSE,TRUE,40
"2.2.2.2.2.2.4.2.2.1.2.2.2.1.2.2.2.2.2.2.2.2",0.496320704297711,FALSE,TRUE,40
"2.2.2.2.2.2.3.3.2.1.2.2.2.1.2.2.2.2.2.2.2.2",0.50847122294035,FALSE,TRUE,40
"2.2.2.2.2.2.3.2.3.1.2.2.2.1.2.2.2.2.2.2.2.2",0.477189039403839,FALSE,TRUE,40
"2.2.2.2.2.2.3.2.2.1.3.2.2.1.2.2.2.2.2.2.2.2",0.416190946205187,FALSE,TRUE,40
"2.2.2.2.2.2.3.2.2.1.2.3.2.1.2.2.2.2.2.2.2.2",0.444263291431147,FALSE,TRUE,40
"2.2.2.2.2.2.3.2.2.1.2.2.3.1.2.2.2.2.2.2.2.2",0.403674731780711,FALSE,TRUE,40
"2.2.2.2.2.2.3.2.2.1.2.2.2.1.3.2.2.2.2.2.2.2",0.532833568614898,FALSE,TRUE,40
"2.2.2.2.2.2.3.2.2.1.2.2.2.1.2.2.3.2.2.2.2.2",0.519682643084249,FALSE,TRUE,39
"2.2.2.2.2.2.3.2.2.1.2.2.2.1.2.2.2.3.2.2.2.2",0.555835099285447,FALSE,TRUE,40
"2.2.2.2.2.2.3.2.2.1.2.2.2.1.2.2.2.2.3.2.2.2",0.461667743763151,FALSE,TRUE,40
"2.2.2.2.2.2.3.2.2.1.2.2.2.1.2.2.2.2.2.3.2.2",0.525801996302316,FALSE,TRUE,40
"2.2.2.2.2.2.3.2.2.1.2.2.2.1.2.2.2.2.2.2.3.2",0.586378252985547,FALSE,TRUE,40
"2.2.2.2.2.2.3.2.2.1.2.2.2.1.2.2.2.2.2.2.2.3",0.569309023925036,FALSE,TRUE,40
"1.2.2.2.2.2.3.2.2.1.2.2.2.1.2.2.2.2.2.2.2.2",0.561477168018647,FALSE,TRUE,39
"2.1.2.2.2.2.3.2.2.1.2.2.2.1.2.2.2.2.2.2.2.2",0.502897411205072,FALSE,TRUE,39
"2.2.1.2.2.2.3.2.2.1.2.2.2.1.2.2.2.2.2.2.2.2",0.601355019049342,FALSE,TRUE,39
"2.2.2.1.2.2.3.2.2.1.2.2.2.1.2.2.2.2.2.2.2.2",0.597887549547037,FALSE,TRUE,38
"2.2.2.2.1.2.3.2.2.1.2.2.2.1.2.2.2.2.2.2.2.2",0.497056630314161,FALSE,TRUE,39
"2.2.2.2.2.1.3.2.2.1.2.2.2.1.2.2.2.2.2.2.2.2",0.604227261870959,FALSE,TRUE,38
"2.2.2.2.2.2.2.2.2.1.2.2.2.1.2.2.2.2.2.2.2.2",0.577490551939591,FALSE,TRUE,39
"2.2.2.2.2.2.3.1.2.1.2.2.2.1.2.2.2.2.2.2.2.2",0.532810897779914,FALSE,TRUE,39
"2.2.2.2.2.2.3.2.1.1.2.2.2.1.2.2.2.2.2.2.2.2",0.578246289261003,FALSE,TRUE,39
"2.2.2.2.2.2.3.2.2.1.1.2.2.1.2.2.2.2.2.2.2.2",0.612763267087933,FALSE,TRUE,39
"2.2.2.2.2.2.3.2.2.1.2.1.2.1.2.2.2.2.2.2.2.2",0.604931585569674,FALSE,TRUE,39
"2.2.2.2.2.2.3.2.2.1.2.2.2.1.1.2.2.2.2.2.2.2",0.5519391441723,FALSE,TRUE,39
"2.2.2.2.2.2.3.2.2.1.2.2.2.1.2.1.2.2.2.2.2.2",0.699620235387152,FALSE,TRUE,39
"2.2.2.2.2.2.3.2.2.1.2.2.2.1.2.2.1.2.2.2.2.2",0.574458805027544,FALSE,TRUE,39
"2.2.2.2.2.2.3.2.2.1.2.2.2.1.2.2.2.1.2.2.2.2",0.506426245472876,FALSE,TRUE,39
"2.2.2.2.2.2.3.2.2.1.2.2.2.1.2.2.2.2.1.2.2.2",0.556165890105812,FALSE,TRUE,39
"2.2.2.2.2.2.3.2.2.1.2.2.2.1.2.2.2.2.2.1.2.2",0.54232057840348,FALSE,TRUE,39
"2.2.2.2.2.2.3.2.2.1.2.2.2.1.2.2.2.2.2.2.1.2",0.492744193713437,FALSE,TRUE,39
"2.2.2.2.2.2.3.2.2.1.2.2.2.1.2.2.2.2.2.2.2.1",0.522987920271935,FALSE,TRUE,39
"3.2.2.2.2.2.2.2.2.2.2.2.2.2.2.2.1.1.2.2.2.2",0.386875419470336,FALSE,TRUE,40
"2.3.2.2.2.2.2.2.2.2.2.2.2.2.2.2.1.1.2.2.2.2",0.506075780660202,FALSE,TRUE,40
"2.2.3.2.2.2.2.2.2.2.2.2.2.2.2.2.1.1.2.2.2.2",0.39619656340569,FALSE,TRUE,40
"2.2.2.3.2.2.2.2.2.2.2.2.2.2.2.2.1.1.2.2.2.2",0.431580468192389,FALSE,TRUE,40
"2.2.2.2.3.2.2.2.2.2.2.2.2.2.2.2.1.1.2.2.2.2",0.482108728368071,FALSE,TRUE,40
"2.2.2.2.2.3.2.2.2.2.2.2.2.2.2.2.1.1.2.2.2.2",0.482617881259956,FALSE,TRUE,40
"2.2.2.2.2.2.3.2.2.2.2.2.2.2.2.2.1.1.2.2.2.2",0.474487379265321,FALSE,TRUE,38
"2.2.2.2.2.2.2.3.2.2.2.2.2.2.2.2.1.1.2.2.2.2",0.520478378483024,FALSE,TRUE,40
"2.2.2.2.2.2.2.2.3.2.2.2.2.2.2.2.1.1.2.2.2.2",0.401648920404406,FALSE,TRUE,40
"2.2.2.2.2.2.2.2.2.3.2.2.2.2.2.2.1.1.2.2.2.2",0.447607386535287,FALSE,TRUE,38
"2.2.2.2.2.2.2.2.2.2.2.3.2.2.2.2.1.1.2.2.2.2",0.463376872789493,FALSE,TRUE,40
"2.2.2.2.2.2.2.2.2.2.2.2.3.2.2.2.1.1.2.2.2.2",0.378638414403272,FALSE,TRUE,40
"2.2.2.2.2.2.2.2.2.2.2.2.2.3.2.2.1.1.2.2.2.2",0.428498837482031,FALSE,TRUE,39
"2.2.2.2.2.2.2.2.2.2.2.2.2.2.3.2.1.1.2.2.2.2",0.54502990621274,FALSE,TRUE,39
"2.2.2.2.2.2.2.2.2.2.2.2.2.2.2.3.1.1.2.2.2.2",0.395956638486098,FALSE,TRUE,40
"2.2.2.2.2.2.2.2.2.2.2.2.2.2.2.2.1.1.3.2.2.2",0.507863224954436,FALSE,TRUE,40
"2.2.2.2.2.2.2.2.2.2.2.2.2.2.2.2.1.1.2.3.2.2",0.468842713997803,FALSE,TRUE,39
"2.2.2.2.2.2.2.2.2.2.2.2.2.2.2.2.1.1.2.2.3.2",0.501452730792131,FALSE,TRUE,40
"2.2.2.2.2.2.2.2.2.2.2.2.2.2.2.2.1.1.2.2.2.3",0.545779474615036,FALSE,TRUE,40
"1.2.2.2.2.2.2.2.2.2.2.2.2.2.2.2.1.1.2.2.2.2",0.489096204751959,FALSE,TRUE,39
"2.1.2.2.2.2.2.2.2.2.2.2.2.2.2.2.1.1.2.2.2.2",0.417983122816226,FALSE,TRUE,39
"2.2.1.2.2.2.2.2.2.2.2.2.2.2.2.2.1.1.2.2.2.2",0.583379230676666,FALSE,TRUE,38
"2.2.2.1.2.2.2.2.2.2.2.2.2.2.2.2.1.1.2.2.2.2",0.534482769223583,FALSE,TRUE,39
"2.2.2.2.1.2.2.2.2.2.2.2.2.2.2.2.1.1.2.2.2.2",0.473989039927141,FALSE,TRUE,39
"2.2.2.2.2.2.1.2.2.2.2.2.2.2.2.2.1.1.2.2.2.2",0.508154176894877,FALSE,TRUE,38
"2.2.2.2.2.2.2.1.2.2.2.2.2.2.2.2.1.1.2.2.2.2",0.460052437006535,FALSE,TRUE,38
"2.2.2.2.2.2.2.2.1.2.2.2.2.2.2.2.1.1.2.2.2.2",0.584491282927509,FALSE,TRUE,39
"2.2.2.2.2.2.2.2.2.1.2.2.2.2.2.2.1.1.2.2.2.2",0.582712696329567,FALSE,TRUE,39
"2.2.2.2.2.2.2.2.2.2.1.2.2.2.2.2.1.1.2.2.2.2",0.625399815089358,FALSE,TRUE,39
"2.2.2.2.2.2.2.2.2.2.2.1.2.2.2.2.1.1.2.2.2.2",0.490199575996858,FALSE,TRUE,39
"2.2.2.2.2.2.2.2.2.2.2.2.1.2.2.2.1.1.2.2.2.2",0.480821573370046,FALSE,TRUE,38
"2.2.2.2.2.2.2.2.2.2.2.2.2.1.2.2.1.1.2.2.2.2",0.524378152791888,FALSE,TRUE,39
"2.2.2.2.2.2.2.2.2.2.2.2.2.2.1.2.1.1.2.2.2.2",0.457791790826421,FALSE,TRUE,39
"2.2.2.2.2.2.2.2.2.2.2.2.2.2.2.1.1.1.2.2.2.2",0.628982447843706,FALSE,TRUE,38
"2.2.2.2.2.2.2.2.2.2.2.2.2.2.2.2.1.1.1.2.2.2",0.427214421226446,FALSE,TRUE,39
"2.2.2.2.2.2.2.2.2.2.2.2.2.2.2.2.1.1.2.1.2.2",0.504350760462417,FALSE,TRUE,39
"2.2.2.2.2.2.2.2.2.2.2.2.2.2.2.2.1.1.2.2.1.2",0.496023320042435,FALSE,TRUE,39
"2.2.2.2.2.2.2.2.2.2.2.2.2.2.2.2.1.1.2.2.2.1",0.46500376255276,FALSE,TRUE,39
"3.3.2.2.2.2.2.2.2.2.2.1.2.2.2.1.2.2.2.2.2.2",0.453593406073225,FALSE,TRUE,39
"2.4.2.2.2.2.2.2.2.2.2.1.2.2.2.1.2.2.2.2.2.2",0.511066594976096,FALSE,TRUE,40
"2.3.3.2.2.2.2.2.2.2.2.1.2.2.2.1.2.2.2.2.2.2",0.544546225986231,FALSE,TRUE,40
"2.3.2.3.2.2.2.2.2.2.2.1.2.2.2.1.2.2.2.2.2.2",0.462256501213509,FALSE,TRUE,40
"2.3.2.2.3.2.2.2.2.2.2.1.2.2.2.1.2.2.2.2.2.2",0.607677314755993,FALSE,TRUE,40
"2.3.2.2.2.3.2.2.2.2.2.1.2.2.2.1.2.2.2.2.2.2",0.56155621183849,FALSE,TRUE,40
"2.3.2.2.2.2.3.2.2.2.2.1.2.2.2.1.2.2.2.2.2.2",0.542347527239566,FALSE,TRUE,40
"2.3.2.2.2.2.2.3.2.2.2.1.2.2.2.1.2.2.2.2.2.2",0.609176352584539,FALSE,TRUE,40
"2.3.2.2.2.2.2.2.3.2.2.1.2.2.2.1.2.2.2.2.2.2",0.392208691654379,FALSE,TRUE,40
"2.3.2.2.2.2.2.2.2.3.2.1.2.2.2.1.2.2.2.2.2.2",0.453979658933372,FALSE,TRUE,40
"2.3.2.2.2.2.2.2.2.2.3.1.2.2.2.1.2.2.2.2.2.2",0.44985628666632,FALSE,TRUE,38
"2.3.2.2.2.2.2.2.2.2.2.1.3.2.2.1.2.2.2.2.2.2",0.516624521640177,FALSE,TRUE,40
"2.3.2.2.2.2.2.2.2.2.2.1.2.3.2.1.2.2.2.2.2.2",0.427220378513354,FALSE,TRUE,40
"2.3.2.2.2.2.2.2.2.2.2.1.2.2.3.1.2.2.2.2.2.2",0.546131485804855,FALSE,TRUE,39
"2.3.2.2.2.2.2.2.2.2.2.1.2.2.2.2.2.2.2.2.2.2",0.489057892061245,FALSE,TRUE,39
"2.3.2.2.2.2.2.2.2.2.2.1.2.2.2.1.3.2.2.2.2.2",0.621918214568158,FALSE,TRUE,40
"2.3.2.2.2.2.2.2.2.2.2.1.2.2.2.1.2.3.2.2.2.2",0.475435170072039,FALSE,TRUE,40
"2.3.2.2.2.2.2.2.2.2.2.1.2.2.2.1.2.2.3.2.2.2",0.572817413406931,FALSE,TRUE,40
"2.3.2.2.2.2.2.2.2.2.2.1.2.2.2.1.2.2.2.3.2.2",0.531926650206587,FALSE,TRUE,40
"2.3.2.2.2.2.2.2.2.2.2.1.2.2.2.1.2.2.2.2.3.2",0.601293853952437,FALSE,TRUE,40
"2.3.2.2.2.2.2.2.2.2.2.1.2.2.2.1.2.2.2.2.2.3",0.654785532131503,FALSE,TRUE,40
"1.3.2.2.2.2.2.2.2.2.2.1.2.2.2.1.2.2.2.2.2.2",0.613892157028944,FALSE,TRUE,39
"2.3.1.2.2.2.2.2.2.2.2.1.2.2.2.1.2.2.2.2.2.2",0.504246483701825,FALSE,TRUE,39
"2.3.2.1.2.2.2.2.2.2.2.1.2.2.2.1.2.2.2.2.2.2",0.639698984494771,FALSE,TRUE,39
"2.3.2.2.1.2.2.2.2.2.2.1.2.2.2.1.2.2.2.2.2.2",0.457273623749003,FALSE,TRUE,39
"2.3.2.2.2.1.2.2.2.2.2.1.2.2.2.1.2.2.2.2.2.2",0.53129137815474,FALSE,TRUE,39
"2.3.2.2.2.2.1.2.2.2.2.1.2.2.2.1.2.2.2.2.2.2",0.580802782309034,FALSE,TRUE,39
"2.3.2.2.2.2.2.1.2.2.2.1.2.2.2.1.2.2.2.2.2.2",0.462105857022958,FALSE,TRUE,39
"2.3.2.2.2.2.2.2.1.2.2.1.2.2.2.1.2.2.2.2.2.2",0.714681040748685,FALSE,TRUE,39
"2.3.2.2.2.2.2.2.2.1.2.1.2.2.2.1.2.2.2.2.2.2",0.631815909285233,FALSE,TRUE,39
"2.3.2.2.2.2.2.2.2.2.1.1.2.2.2.1.2.2.2.2.2.2",0.547558701503904,FALSE,TRUE,39
"2.3.2.2.2.2.2.2.2.2.2.1.1.2.2.1.2.2.2.2.2.2",0.458709536658084,FALSE,TRUE,38
"2.3.2.2.2.2.2.2.2.2.2.1.2.1.2.1.2.2.2.2.2.2",0.679939716663901,FALSE,TRUE,39
"2.3.2.2.2.2.2.2.2.2.2.1.2.2.1.1.2.2.2.2.2.2",0.586771640410504,FALSE,TRUE,39
"2.3.2.2.2.2.2.2.2.2.2.1.2.2.2.1.1.2.2.2.2.2",0.481892377186198,FALSE,TRUE,39
"2.3.2.2.2.2.2.2.2.2.2.1.2.2.2.1.2.1.2.2.2.2",0.63403810009137,FALSE,TRUE,39
"2.3.2.2.2.2.2.2.2.2.2.1.2.2.2.1.2.2.1.2.2.2",0.497461174340527,FALSE,TRUE,39
"2.3.2.2.2.2.2.2.2.2.2.1.2.2.2.1.2.2.2.1.2.2",0.567966618002416,FALSE,TRUE,39
"2.3.2.2.2.2.2.2.2.2.2.1.2.2.2.1.2.2.2.2.1.2",0.526101461781458,FALSE,TRUE,38
"2.3.2.2.2.2.2.2.2.2.2.1.2.2.2.1.2.2.2.2.2.1",0.472210021757686,FALSE,TRUE,39
"2.2.3.2.2.2.2.2.2.2.2.2.1.2.2.1.2.2.2.2.2.2",0.594318814332315,FALSE,TRUE,38
"2.2.2.3.2.2.2.2.2.2.2.2.1.2.2.1.2.2.2.2.2.2",0.528147351351438,FALSE,TRUE,38
"2.2.2.2.3.2.2.2.2.2.2.2.1.2.2.1.2.2.2.2.2.2",0.662985900308502,FALSE,TRUE,38
"2.2.2.2.2.3.2.2.2.2.2.2.1.2.2.1.2.2.2.2.2.2",0.637744313752632,FALSE,TRUE,38
"2.2.2.2.2.2.3.2.2.2.2.2.1.2.2.1.2.2.2.2.2.2",0.634463574062196,FALSE,TRUE,37
"2.2.2.2.2.2.2.3.2.2.2.2.1.2.2.1.2.2.2.2.2.2",0.646793485025378,FALSE,TRUE,38
"2.2.2.2.2.2.2.2.3.2.2.2.1.2.2.1.2.2.2.2.2.2",0.500987224482274,FALSE,TRUE,38
"2.2.2.2.2.2.2.2.2.3.2.2.1.2.2.1.2.2.2.2.2.2",0.530505819801106,FALSE,TRUE,38
"2.2.2.2.2.2.2.2.2.2.3.2.1.2.2.1.2.2.2.2.2.2",0.547029813039359,FALSE,TRUE,38
"2.2.2.2.2.2.2.2.2.2.2.3.1.2.2.1.2.2.2.2.2.2",0.660631653817144,FALSE,TRUE,38
"2.2.2.2.2.2.2.2.2.2.2.2.1.3.2.1.2.2.2.2.2.2",0.558852366139847,FALSE,TRUE,38
"2.2.2.2.2.2.2.2.2.2.2.2.1.2.2.1.3.2.2.2.2.2",0.671946851476537,FALSE,TRUE,38
"2.2.2.2.2.2.2.2.2.2.2.2.1.2.2.1.2.3.2.2.2.2",0.594676095689764,FALSE,TRUE,38
"2.2.2.2.2.2.2.2.2.2.2.2.1.2.2.1.2.2.3.2.2.2",0.661003234108651,FALSE,TRUE,38
"2.2.2.2.2.2.2.2.2.2.2.2.1.2.2.1.2.2.2.3.2.2",0.642390002610542,FALSE,TRUE,38
"2.2.2.2.2.2.2.2.2.2.2.2.1.2.2.1.2.2.2.2.3.2",0.639514736685666,FALSE,TRUE,38
"2.2.2.2.2.2.2.2.2.2.2.2.1.2.2.1.2.2.2.2.2.3",0.698570598152665,FALSE,TRUE,38
"1.2.2.2.2.2.2.2.2.2.2.2.1.2.2.1.2.2.2.2.2.2",0.581471314157108,FALSE,TRUE,37
"2.1.2.2.2.2.2.2.2.2.2.2.1.2.2.1.2.2.2.2.2.2",0.493323593145692,FALSE,TRUE,37
"2.2.1.2.2.2.2.2.2.2.2.2.1.2.2.1.2.2.2.2.2.2",0.545133732822136,FALSE,TRUE,36
"2.2.2.1.2.2.2.2.2.2.2.2.1.2.2.1.2.2.2.2.2.2",0.661634548599745,FALSE,TRUE,37
"2.2.2.2.1.2.2.2.2.2.2.2.1.2.2.1.2.2.2.2.2.2",0.505839397544211,FALSE,TRUE,37
"2.2.2.2.2.1.2.2.2.2.2.2.1.2.2.1.2.2.2.2.2.2",0.560969320642089,FALSE,TRUE,36
"2.2.2.2.2.2.1.2.2.2.2.2.1.2.2.1.2.2.2.2.2.2",0.592970960114629,FALSE,TRUE,36
"2.2.2.2.2.2.2.1.2.2.2.2.1.2.2.1.2.2.2.2.2.2",0.559481567130834,FALSE,TRUE,37
"2.2.2.2.2.2.2.2.1.2.2.2.1.2.2.1.2.2.2.2.2.2",0.71288320162575,FALSE,TRUE,37
"2.2.2.2.2.2.2.2.2.1.2.2.1.2.2.1.2.2.2.2.2.2",0.678365005790701,FALSE,TRUE,37
"2.2.2.2.2.2.2.2.2.2.1.2.1.2.2.1.2.2.2.2.2.2",0.5710820633537,FALSE,TRUE,36
"2.2.2.2.2.2.2.2.2.2.2.1.1.2.2.1.2.2.2.2.2.2",0.47884467058405,FALSE,TRUE,36
"2.2.2.2.2.2.2.2.2.2.2.2.1.1.2.1.2.2.2.2.2.2",0.60950384057744,FALSE,TRUE,35
"2.2.2.2.2.2.2.2.2.2.2.2.1.2.1.1.2.2.2.2.2.2",0.610396115808267,FALSE,TRUE,37
"2.2.2.2.2.2.2.2.2.2.2.2.1.2.2.1.1.2.2.2.2.2",0.552894279315542,FALSE,TRUE,37
"2.2.2.2.2.2.2.2.2.2.2.2.1.2.2.1.2.1.2.2.2.2",0.616354811068935,FALSE,TRUE,37
"2.2.2.2.2.2.2.2.2.2.2.2.1.2.2.1.2.2.1.2.2.2",0.511607360169603,FALSE,TRUE,37
"2.2.2.2.2.2.2.2.2.2.2.2.1.2.2.1.2.2.2.1.2.2",0.558846121003664,FALSE,TRUE,37
"2.2.2.2.2.2.2.2.2.2.2.2.1.2.2.1.2.2.2.2.2.1",0.539851121972666,FALSE,TRUE,37
"3.2.3.2.2.2.2.2.2.2.2.2.2.2.3.2.2.2.2.2.1.2",0.160278365209138,FALSE,TRUE,41
"2.3.3.2.2.2.2.2.2.2.2.2.2.2.3.2.2.2.2.2.1.2",0.24062072788831,FALSE,TRUE,41
"2.2.4.2.2.2.2.2.2.2.2.2.2.2.3.2.2.2.2.2.1.2",0.136723779146187,FALSE,TRUE,41
"2.2.3.3.2.2.2.2.2.2.2.2.2.2.3.2.2.2.2.2.1.2",0.206751631216055,FALSE,TRUE,40
"2.2.3.2.3.2.2.2.2.2.2.2.2.2.3.2.2.2.2.2.1.2",0.226136179685111,FALSE,TRUE,41
"2.2.3.2.2.3.2.2.2.2.2.2.2.2.3.2.2.2.2.2.1.2",0.181225430195121,FALSE,TRUE,41
"2.2.3.2.2.2.3.2.2.2.2.2.2.2.3.2.2.2.2.2.1.2",0.294376937454686,FALSE,TRUE,41
"2.2.3.2.2.2.2.3.2.2.2.2.2.2.3.2.2.2.2.2.1.2",0.113028846803552,FALSE,TRUE,41
"2.2.3.2.2.2.2.2.3.2.2.2.2.2.3.2.2.2.2.2.1.2",0.166564828379887,FALSE,TRUE,41
"2.2.3.2.2.2.2.2.2.3.2.2.2.2.3.2.2.2.2.2.1.2",0.284429352748636,FALSE,TRUE,41
"2.2.3.2.2.2.2.2.2.2.3.2.2.2.3.2.2.2.2.2.1.2",0.153887610080797,FALSE,TRUE,41
"2.2.3.2.2.2.2.2.2.2.2.3.2.2.3.2.2.2.2.2.1.2",0.173674504140587,FALSE,TRUE,41
"2.2.3.2.2.2.2.2.2.2.2.2.3.2.3.2.2.2.2.2.1.2",0.061631197713764,FALSE,TRUE,41
"2.2.3.2.2.2.2.2.2.2.2.2.2.3.3.2.2.2.2.2.1.2",0.155040892931539,FALSE,TRUE,41
"2.2.3.2.2.2.2.2.2.2.2.2.2.2.4.2.2.2.2.2.1.2",0.228829814438318,FALSE,TRUE,41
"2.2.3.2.2.2.2.2.2.2.2.2.2.2.3.3.2.2.2.2.1.2",0.114921929495631,FALSE,TRUE,41
"2.2.3.2.2.2.2.2.2.2.2.2.2.2.3.2.3.2.2.2.1.2",0.208681404814938,FALSE,TRUE,41
"2.2.3.2.2.2.2.2.2.2.2.2.2.2.3.2.2.3.2.2.1.2",0.178349993333063,FALSE,TRUE,41
"2.2.3.2.2.2.2.2.2.2.2.2.2.2.3.2.2.2.3.2.1.2",0.125833847791809,FALSE,TRUE,41
"2.2.3.2.2.2.2.2.2.2.2.2.2.2.3.2.2.2.2.3.1.2",0.231852186877388,FALSE,TRUE,41
"2.2.3.2.2.2.2.2.2.2.2.2.2.2.3.2.2.2.2.2.1.3",0.24425230890158,FALSE,TRUE,41
"1.2.3.2.2.2.2.2.2.2.2.2.2.2.3.2.2.2.2.2.1.2",0.253301706860138,FALSE,TRUE,40
"2.1.3.2.2.2.2.2.2.2.2.2.2.2.3.2.2.2.2.2.1.2",0.240195321061484,FALSE,TRUE,40
"2.2.3.1.2.2.2.2.2.2.2.2.2.2.3.2.2.2.2.2.1.2",0.285846876529185,FALSE,TRUE,40
"2.2.3.2.1.2.2.2.2.2.2.2.2.2.3.2.2.2.2.2.1.2",0.277290962089865,FALSE,TRUE,40
"2.2.3.2.2.1.2.2.2.2.2.2.2.2.3.2.2.2.2.2.1.2",0.333379896643297,FALSE,TRUE,40
"2.2.3.2.2.2.1.2.2.2.2.2.2.2.3.2.2.2.2.2.1.2",0.195608542447795,FALSE,TRUE,39
"2.2.3.2.2.2.2.1.2.2.2.2.2.2.3.2.2.2.2.2.1.2",0.417963879957268,FALSE,TRUE,40
"2.2.3.2.2.2.2.2.1.2.2.2.2.2.3.2.2.2.2.2.1.2",0.32185470209574,FALSE,TRUE,40
"2.2.3.2.2.2.2.2.2.1.2.2.2.2.3.2.2.2.2.2.1.2",0.260836697513398,FALSE,TRUE,40
"2.2.3.2.2.2.2.2.2.2.1.2.2.2.3.2.2.2.2.2.1.2",0.374034410223043,FALSE,TRUE,40
"2.2.3.2.2.2.2.2.2.2.2.1.2.2.3.2.2.2.2.2.1.2",0.31154113291661,FALSE,TRUE,40
"2.2.3.2.2.2.2.2.2.2.2.2.1.2.3.2.2.2.2.2.1.2",0.401096247216454,FALSE,TRUE,40
"2.2.3.2.2.2.2.2.2.2.2.2.2.1.3.2.2.2.2.2.1.2",0.351111462194348,FALSE,TRUE,40
"2.2.3.2.2.2.2.2.2.2.2.2.2.2.2.2.2.2.2.2.1.2",0.292440393299035,FALSE,TRUE,39
"2.2.3.2.2.2.2.2.2.2.2.2.2.2.3.1.2.2.2.2.1.2",0.438227497096499,FALSE,TRUE,38
"2.2.3.2.2.2.2.2.2.2.2.2.2.2.3.2.1.2.2.2.1.2",0.318980748118929,FALSE,TRUE,40
"2.2.3.2.2.2.2.2.2.2.2.2.2.2.3.2.2.1.2.2.1.2",0.321703102996403,FALSE,TRUE,40
"2.2.3.2.2.2.2.2.2.2.2.2.2.2.3.2.2.2.1.2.1.2",0.334011736402853,FALSE,TRUE,40
"2.2.3.2.2.2.2.2.2.2.2.2.2.2.3.2.2.2.2.1.1.2",0.252051406039295,FALSE,TRUE,40
"2.2.3.2.2.2.2.2.2.2.2.2.2.2.3.2.2.2.2.2.1.1",0.280219794623248,FALSE,TRUE,40
"3.2.2.1.2.2.3.2.2.2.2.2.2.1.2.3.2.2.2.2.2.2",0.196877186768756,FALSE,TRUE,40
"2.3.2.1.2.2.3.2.2.2.2.2.2.1.2.3.2.2.2.2.2.2",0.316902152297755,FALSE,TRUE,40
"2.2.3.1.2.2.3.2.2.2.2.2.2.1.2.3.2.2.2.2.2.2",0.190104849303773,FALSE,TRUE,40
"2.2.2.1.3.2.3.2.2.2.2.2.2.1.2.3.2.2.2.2.2.2",0.32846868232807,FALSE,TRUE,40
"2.2.2.1.2.3.3.2.2.2.2.2.2.1.2.3.2.2.2.2.2.2",0.26293200240401,FALSE,TRUE,40
"2.2.2.1.2.2.4.2.2.2.2.2.2.1.2.3.2.2.2.2.2.2",0.327644968986009,FALSE,TRUE,40
"2.2.2.1.2.2.3.3.2.2.2.2.2.1.2.3.2.2.2.2.2.2",0.29517470935533,FALSE,TRUE,40
"2.2.2.1.2.2.3.2.3.2.2.2.2.1.2.3.2.2.2.2.2.2",0.356191927072734,FALSE,TRUE,40
"2.2.2.1.2.2.3.2.2.3.2.2.2.1.2.3.2.2.2.2.2.2",0.328281924128668,FALSE,TRUE,40
"2.2.2.1.2.2.3.2.2.2.3.2.2.1.2.3.2.2.2.2.2.2",0.212147136797162,FALSE,TRUE,40
"2.2.2.1.2.2.3.2.2.2.2.3.2.1.2.3.2.2.2.2.2.2",0.187204232311834,FALSE,TRUE,40
"2.2.2.1.2.2.3.2.2.2.2.2.3.1.2.3.2.2.2.2.2.2",0.136574408164205,FALSE,TRUE,40
"2.2.2.1.2.2.3.2.2.2.2.2.2.2.2.3.2.2.2.2.2.2",0.347882270278751,FALSE,TRUE,40
"2.2.2.1.2.2.3.2.2.2.2.2.2.1.3.3.2.2.2.2.2.2",0.376186147051661,FALSE,TRUE,40
"2.2.2.1.2.2.3.2.2.2.2.2.2.1.2.4.2.2.2.2.2.2",0.216729308320851,FALSE,TRUE,40
"2.2.2.1.2.2.3.2.2.2.2.2.2.1.2.3.3.2.2.2.2.2",0.307250133116403,FALSE,TRUE,40
"2.2.2.1.2.2.3.2.2.2.2.2.2.1.2.3.2.3.2.2.2.2",0.360875485872136,FALSE,TRUE,40
"2.2.2.1.2.2.3.2.2.2.2.2.2.1.2.3.2.2.3.2.2.2",0.260018967993951,FALSE,TRUE,40
"2.2.2.1.2.2.3.2.2.2.2.2.2.1.2.3.2.2.2.3.2.2",0.356358042873226,FALSE,TRUE,40
"2.2.2.1.2.2.3.2.2.2.2.2.2.1.2.3.2.2.2.2.3.2",0.332878888345467,FALSE,TRUE,40
"2.2.2.1.2.2.3.2.2.2.2.2.2.1.2.3.2.2.2.2.2.3",0.349886962613633,FALSE,TRUE,40
"1.2.2.1.2.2.3.2.2.2.2.2.2.1.2.3.2.2.2.2.2.2",0.381698533806285,FALSE,TRUE,39
"2.1.2.1.2.2.3.2.2.2.2.2.2.1.2.3.2.2.2.2.2.2",0.313512277004347,FALSE,TRUE,39
"2.2.1.1.2.2.3.2.2.2.2.2.2.1.2.3.2.2.2.2.2.2",0.51452511981286,FALSE,TRUE,39
"2.2.2.1.1.2.3.2.2.2.2.2.2.1.2.3.2.2.2.2.2.2",0.337070960210231,FALSE,TRUE,39
"2.2.2.1.2.1.3.2.2.2.2.2.2.1.2.3.2.2.2.2.2.2",0.446838136035918,FALSE,TRUE,39
"2.2.2.1.2.2.2.2.2.2.2.2.2.1.2.3.2.2.2.2.2.2",0.36088327073283,FALSE,TRUE,40
"2.2.2.1.2.2.3.1.2.2.2.2.2.1.2.3.2.2.2.2.2.2",0.391024895332283,FALSE,TRUE,39
"2.2.2.1.2.2.3.2.1.2.2.2.2.1.2.3.2.2.2.2.2.2",0.342113226925445,FALSE,TRUE,39
"2.2.2.1.2.2.3.2.2.1.2.2.2.1.2.3.2.2.2.2.2.2",0.404966412598945,FALSE,TRUE,38
"2.2.2.1.2.2.3.2.2.2.1.2.2.1.2.3.2.2.2.2.2.2",0.497935899387313,FALSE,TRUE,39
"2.2.2.1.2.2.3.2.2.2.2.1.2.1.2.3.2.2.2.2.2.2",0.512057562982255,FALSE,TRUE,39
"2.2.2.1.2.2.3.2.2.2.2.2.1.1.2.3.2.2.2.2.2.2",0.477815554491138,FALSE,TRUE,38
"2.2.2.1.2.2.3.2.2.2.2.2.2.1.1.3.2.2.2.2.2.2",0.330341802379733,FALSE,TRUE,39
"2.2.2.1.2.2.3.2.2.2.2.2.2.1.2.3.1.2.2.2.2.2",0.404562647143128,FALSE,TRUE,39
"2.2.2.1.2.2.3.2.2.2.2.2.2.1.2.3.2.1.2.2.2.2",0.331774625965495,FALSE,TRUE,39
"2.2.2.1.2.2.3.2.2.2.2.2.2.1.2.3.2.2.1.2.2.2",0.370478416354915,FALSE,TRUE,39
"2.2.2.1.2.2.3.2.2.2.2.2.2.1.2.3.2.2.2.1.2.2",0.312747767586264,FALSE,TRUE,39
"2.2.2.1.2.2.3.2.2.2.2.2.2.1.2.3.2.2.2.2.1.2",0.382459721040254,FALSE,TRUE,39
"2.2.2.1.2.2.3.2.2.2.2.2.2.1.2.3.2.2.2.2.2.1",0.356750424096059,FALSE,TRUE,39
"1.3.1.2.2.2.1.2.2.2.2.2.2.2.3.2.2.2.2.2.2.2",0.615118097090922,FALSE,TRUE,39
"1.2.1.3.2.2.1.2.2.2.2.2.2.2.3.2.2.2.2.2.2.2",0.521452452717793,FALSE,TRUE,39
"1.2.1.2.3.2.1.2.2.2.2.2.2.2.3.2.2.2.2.2.2.2",0.558816006124725,FALSE,TRUE,39
"1.2.1.2.2.3.1.2.2.2.2.2.2.2.3.2.2.2.2.2.2.2",0.544581394933045,FALSE,TRUE,39
"1.2.1.2.2.2.2.2.2.2.2.2.2.2.3.2.2.2.2.2.2.2",0.647183257205235,FALSE,TRUE,38
"1.2.1.2.2.2.1.3.2.2.2.2.2.2.3.2.2.2.2.2.2.2",0.452360615778646,FALSE,TRUE,39
"1.2.1.2.2.2.1.2.3.2.2.2.2.2.3.2.2.2.2.2.2.2",0.513849562578703,FALSE,TRUE,39
"1.2.1.2.2.2.1.2.2.3.2.2.2.2.3.2.2.2.2.2.2.2",0.555849543158673,FALSE,TRUE,39
"1.2.1.2.2.2.1.2.2.2.3.2.2.2.3.2.2.2.2.2.2.2",0.502821056830366,FALSE,TRUE,39
"1.2.1.2.2.2.1.2.2.2.2.3.2.2.3.2.2.2.2.2.2.2",0.523471756852292,FALSE,TRUE,39
"1.2.1.2.2.2.1.2.2.2.2.2.3.2.3.2.2.2.2.2.2.2",0.481103953011812,FALSE,TRUE,39
"1.2.1.2.2.2.1.2.2.2.2.2.2.3.3.2.2.2.2.2.2.2",0.49445482102956,FALSE,TRUE,39
"1.2.1.2.2.2.1.2.2.2.2.2.2.2.4.2.2.2.2.2.2.2",0.546512856091835,FALSE,TRUE,39
"1.2.1.2.2.2.1.2.2.2.2.2.2.2.3.3.2.2.2.2.2.2",0.443865560949692,FALSE,TRUE,39
"1.2.1.2.2.2.1.2.2.2.2.2.2.2.3.2.3.2.2.2.2.2",0.556208478631407,FALSE,TRUE,39
"1.2.1.2.2.2.1.2.2.2.2.2.2.2.3.2.2.3.2.2.2.2",0.52238184147006,FALSE,TRUE,39
"1.2.1.2.2.2.1.2.2.2.2.2.2.2.3.2.2.2.3.2.2.2",0.525222735609697,FALSE,TRUE,39
"1.2.1.2.2.2.1.2.2.2.2.2.2.2.3.2.2.2.2.3.2.2",0.61410101188663,FALSE,TRUE,39
"1.2.1.2.2.2.1.2.2.2.2.2.2.2.3.2.2.2.2.2.3.2",0.65669092546297,FALSE,TRUE,39
"1.2.1.2.2.2.1.2.2.2.2.2.2.2.3.2.2.2.2.2.2.3",0.550532547950127,FALSE,TRUE,39
"1.1.1.2.2.2.1.2.2.2.2.2.2.2.3.2.2.2.2.2.2.2",0.425750207489208,FALSE,TRUE,38
"1.2.1.1.2.2.1.2.2.2.2.2.2.2.3.2.2.2.2.2.2.2",0.571980127079257,FALSE,TRUE,38
"1.2.1.2.1.2.1.2.2.2.2.2.2.2.3.2.2.2.2.2.2.2",0.511130089677001,FALSE,TRUE,38
"1.2.1.2.2.1.1.2.2.2.2.2.2.2.3.2.2.2.2.2.2.2",0.558347035407196,FALSE,TRUE,38
"1.2.1.2.2.2.1.1.2.2.2.2.2.2.3.2.2.2.2.2.2.2",0.652930975726432,FALSE,TRUE,38
"1.2.1.2.2.2.1.2.1.2.2.2.2.2.3.2.2.2.2.2.2.2",0.606516293289697,FALSE,TRUE,38
"1.2.1.2.2.2.1.2.2.1.2.2.2.2.3.2.2.2.2.2.2.2",0.556447010356525,FALSE,TRUE,38
"1.2.1.2.2.2.1.2.2.2.1.2.2.2.3.2.2.2.2.2.2.2",0.538597263661449,FALSE,TRUE,38
"1.2.1.2.2.2.1.2.2.2.2.1.2.2.3.2.2.2.2.2.2.2",0.536825868414634,FALSE,TRUE,38
"1.2.1.2.2.2.1.2.2.2.2.2.1.2.3.2.2.2.2.2.2.2",0.501766944041345,FALSE,TRUE,38
"1.2.1.2.2.2.1.2.2.2.2.2.2.1.3.2.2.2.2.2.2.2",0.587641758360897,FALSE,TRUE,38
"1.2.1.2.2.2.1.2.2.2.2.2.2.2.2.2.2.2.2.2.2.2",0.585070312770705,FALSE,TRUE,38
"1.2.1.2.2.2.1.2.2.2.2.2.2.2.3.1.2.2.2.2.2.2",0.62178854867564,FALSE,TRUE,36
"1.2.1.2.2.2.1.2.2.2.2.2.2.2.3.2.1.2.2.2.2.2",0.564501523869318,FALSE,TRUE,38
"1.2.1.2.2.2.1.2.2.2.2.2.2.2.3.2.2.1.2.2.2.2",0.591001845626707,FALSE,TRUE,38
"1.2.1.2.2.2.1.2.2.2.2.2.2.2.3.2.2.2.1.2.2.2",0.532699516633472,FALSE,TRUE,38
"1.2.1.2.2.2.1.2.2.2.2.2.2.2.3.2.2.2.2.1.2.2",0.474433726889987,FALSE,TRUE,38
"1.2.1.2.2.2.1.2.2.2.2.2.2.2.3.2.2.2.2.2.1.2",0.49817363546761,FALSE,TRUE,38
"1.2.1.2.2.2.1.2.2.2.2.2.2.2.3.2.2.2.2.2.2.1",0.576616066289466,FALSE,TRUE,38
"3.2.1.2.2.2.2.2.2.2.3.2.2.2.2.2.2.1.2.2.2.2",0.347893953395243,FALSE,TRUE,40
"2.3.1.2.2.2.2.2.2.2.3.2.2.2.2.2.2.1.2.2.2.2",0.4888666333054,FALSE,TRUE,40
"2.2.1.3.2.2.2.2.2.2.3.2.2.2.2.2.2.1.2.2.2.2",0.380389806202876,FALSE,TRUE,40
"2.2.1.2.3.2.2.2.2.2.3.2.2.2.2.2.2.1.2.2.2.2",0.404806232399589,FALSE,TRUE,40
"2.2.1.2.2.3.2.2.2.2.3.2.2.2.2.2.2.1.2.2.2.2",0.43540669089136,FALSE,TRUE,40
"2.2.1.2.2.2.3.2.2.2.3.2.2.2.2.2.2.1.2.2.2.2",0.424370005783665,FALSE,TRUE,40
"2.2.1.2.2.2.2.3.2.2.3.2.2.2.2.2.2.1.2.2.2.2",0.475909085485515,FALSE,TRUE,40
"2.2.1.2.2.2.2.2.3.2.3.2.2.2.2.2.2.1.2.2.2.2",0.370267719865403,FALSE,TRUE,40
"2.2.1.2.2.2.2.2.2.3.3.2.2.2.2.2.2.1.2.2.2.2",0.407890263527857,FALSE,TRUE,40
"2.2.1.2.2.2.2.2.2.2.4.2.2.2.2.2.2.1.2.2.2.2",0.258314967555209,FALSE,TRUE,40
"2.2.1.2.2.2.2.2.2.2.3.3.2.2.2.2.2.1.2.2.2.2",0.406255914849924,FALSE,TRUE,40
"2.2.1.2.2.2.2.2.2.2.3.2.3.2.2.2.2.1.2.2.2.2",0.307009703191782,FALSE,TRUE,40
"2.2.1.2.2.2.2.2.2.2.3.2.2.3.2.2.2.1.2.2.2.2",0.430189131472547,FALSE,TRUE,40
"2.2.1.2.2.2.2.2.2.2.3.2.2.2.3.2.2.1.2.2.2.2",0.521736263171451,FALSE,TRUE,40
"2.2.1.2.2.2.2.2.2.2.3.2.2.2.2.3.2.1.2.2.2.2",0.339471030884024,FALSE,TRUE,40
"2.2.1.2.2.2.2.2.2.2.3.2.2.2.2.2.3.1.2.2.2.2",0.482583873961037,FALSE,TRUE,40
"2.2.1.2.2.2.2.2.2.2.3.2.2.2.2.2.2.1.3.2.2.2",0.434274893700672,FALSE,TRUE,40
"2.2.1.2.2.2.2.2.2.2.3.2.2.2.2.2.2.1.2.3.2.2",0.401888060634638,FALSE,TRUE,40
"2.2.1.2.2.2.2.2.2.2.3.2.2.2.2.2.2.1.2.2.3.2",0.480065741797727,FALSE,TRUE,40
"2.2.1.2.2.2.2.2.2.2.3.2.2.2.2.2.2.1.2.2.2.3",0.553945363593905,FALSE,TRUE,40
"1.2.1.2.2.2.2.2.2.2.3.2.2.2.2.2.2.1.2.2.2.2",0.498862884837027,FALSE,TRUE,39
"2.1.1.2.2.2.2.2.2.2.3.2.2.2.2.2.2.1.2.2.2.2",0.36992463352377,FALSE,TRUE,39
"2.2.1.1.2.2.2.2.2.2.3.2.2.2.2.2.2.1.2.2.2.2",0.52128258303474,FALSE,TRUE,39
"2.2.1.2.1.2.2.2.2.2.3.2.2.2.2.2.2.1.2.2.2.2",0.481007582323644,FALSE,TRUE,39
"2.2.1.2.2.1.2.2.2.2.3.2.2.2.2.2.2.1.2.2.2.2",0.499973804079873,FALSE,TRUE,39
"2.2.1.2.2.2.1.2.2.2.3.2.2.2.2.2.2.1.2.2.2.2",0.497336473871004,FALSE,TRUE,37
"2.2.1.2.2.2.2.1.2.2.3.2.2.2.2.2.2.1.2.2.2.2",0.420829490156998,FALSE,TRUE,39
"2.2.1.2.2.2.2.2.1.2.3.2.2.2.2.2.2.1.2.2.2.2",0.570478335413895,FALSE,TRUE,39
"2.2.1.2.2.2.2.2.2.1.3.2.2.2.2.2.2.1.2.2.2.2",0.544430754649454,FALSE,TRUE,39
"2.2.1.2.2.2.2.2.2.2.3.1.2.2.2.2.2.1.2.2.2.2",0.457845057359014,FALSE,TRUE,38
"2.2.1.2.2.2.2.2.2.2.3.2.1.2.2.2.2.1.2.2.2.2",0.467288048591553,FALSE,TRUE,39
"2.2.1.2.2.2.2.2.2.2.3.2.2.1.2.2.2.1.2.2.2.2",0.44644012873719,FALSE,TRUE,39
"2.2.1.2.2.2.2.2.2.2.3.2.2.2.1.2.2.1.2.2.2.2",0.408778638360186,FALSE,TRUE,39
"2.2.1.2.2.2.2.2.2.2.3.2.2.2.2.1.2.1.2.2.2.2",0.591308686307197,FALSE,TRUE,39
"2.2.1.2.2.2.2.2.2.2.3.2.2.2.2.2.1.1.2.2.2.2",0.440430482984487,FALSE,TRUE,38
"2.2.1.2.2.2.2.2.2.2.3.2.2.2.2.2.2.1.1.2.2.2",0.428243935953476,FALSE,TRUE,39
"2.2.1.2.2.2.2.2.2.2.3.2.2.2.2.2.2.1.2.1.2.2",0.521358355451586,FALSE,TRUE,39
"2.2.1.2.2.2.2.2.2.2.3.2.2.2.2.2.2.1.2.2.1.2",0.436272368088395,FALSE,TRUE,39
"2.2.1.2.2.2.2.2.2.2.3.2.2.2.2.2.2.1.2.2.2.1",0.383716805423335,FALSE,TRUE,39
"1.4.2.2.2.2.2.2.2.2.2.2.2.2.2.1.2.2.2.2.2.2",0.712268047584853,FALSE,TRUE,40
"1.3.3.2.2.2.2.2.2.2.2.2.2.2.2.1.2.2.2.2.2.2",0.584325226506144,FALSE,TRUE,40
"1.3.2.3.2.2.2.2.2.2.2.2.2.2.2.1.2.2.2.2.2.2",0.643218053661876,FALSE,TRUE,40
"1.3.2.2.3.2.2.2.2.2.2.2.2.2.2.1.2.2.2.2.2.2",0.735940378458172,FALSE,TRUE,40
"1.3.2.2.2.3.2.2.2.2.2.2.2.2.2.1.2.2.2.2.2.2",0.698078389203695,FALSE,TRUE,40
"1.3.2.2.2.2.3.2.2.2.2.2.2.2.2.1.2.2.2.2.2.2",0.733203488699042,FALSE,TRUE,40
"1.3.2.2.2.2.2.3.2.2.2.2.2.2.2.1.2.2.2.2.2.2",0.69884606931186,FALSE,TRUE,40
"1.3.2.2.2.2.2.2.3.2.2.2.2.2.2.1.2.2.2.2.2.2",0.600542633728735,FALSE,TRUE,40
"1.3.2.2.2.2.2.2.2.3.2.2.2.2.2.1.2.2.2.2.2.2",0.64700462842307,FALSE,TRUE,40
"1.3.2.2.2.2.2.2.2.2.3.2.2.2.2.1.2.2.2.2.2.2",0.56567580182584,FALSE,TRUE,40
"1.3.2.2.2.2.2.2.2.2.2.3.2.2.2.1.2.2.2.2.2.2",0.70347804269006,FALSE,TRUE,40
"1.3.2.2.2.2.2.2.2.2.2.2.3.2.2.1.2.2.2.2.2.2",0.591968723104317,FALSE,TRUE,40
"1.3.2.2.2.2.2.2.2.2.2.2.2.3.2.1.2.2.2.2.2.2",0.592555671919865,FALSE,TRUE,40
"1.3.2.2.2.2.2.2.2.2.2.2.2.2.3.1.2.2.2.2.2.2",0.721987172199962,FALSE,TRUE,39
"1.3.2.2.2.2.2.2.2.2.2.2.2.2.2.2.2.2.2.2.2.2",0.562772994486102,FALSE,TRUE,39
"1.3.2.2.2.2.2.2.2.2.2.2.2.2.2.1.3.2.2.2.2.2",0.75680930509516,FALSE,TRUE,40
"1.3.2.2.2.2.2.2.2.2.2.2.2.2.2.1.2.3.2.2.2.2",0.627490278908199,FALSE,TRUE,40
"1.3.2.2.2.2.2.2.2.2.2.2.2.2.2.1.2.2.3.2.2.2",0.70791731193314,FALSE,TRUE,40
"1.3.2.2.2.2.2.2.2.2.2.2.2.2.2.1.2.2.2.3.2.2",0.712754020415158,FALSE,TRUE,40
"1.3.2.2.2.2.2.2.2.2.2.2.2.2.2.1.2.2.2.2.3.2",0.758101534510775,FALSE,TRUE,40
"1.3.2.2.2.2.2.2.2.2.2.2.2.2.2.1.2.2.2.2.2.3",0.753506930736744,FALSE,TRUE,40
"1.3.1.2.2.2.2.2.2.2.2.2.2.2.2.1.2.2.2.2.2.2",0.759723649756102,FALSE,TRUE,39
"1.3.2.1.2.2.2.2.2.2.2.2.2.2.2.1.2.2.2.2.2.2",0.72913103406417,FALSE,TRUE,39
"1.3.2.2.1.2.2.2.2.2.2.2.2.2.2.1.2.2.2.2.2.2",0.633392082251911,FALSE,TRUE,39
"1.3.2.2.2.1.2.2.2.2.2.2.2.2.2.1.2.2.2.2.2.2",0.69190187311163,FALSE,TRUE,37
"1.3.2.2.2.2.1.2.2.2.2.2.2.2.2.1.2.2.2.2.2.2",0.685073683109548,FALSE,TRUE,39
"1.3.2.2.2.2.2.1.2.2.2.2.2.2.2.1.2.2.2.2.2.2",0.672421490850499,FALSE,TRUE,39
"1.3.2.2.2.2.2.2.1.2.2.2.2.2.2.1.2.2.2.2.2.2",0.787261990461221,FALSE,TRUE,39
"1.3.2.2.2.2.2.2.2.1.2.2.2.2.2.1.2.2.2.2.2.2",0.755535989211137,FALSE,TRUE,39
"1.3.2.2.2.2.2.2.2.2.1.2.2.2.2.1.2.2.2.2.2.2",0.744605614725614,FALSE,TRUE,39
"1.3.2.2.2.2.2.2.2.2.2.2.1.2.2.1.2.2.2.2.2.2",0.663843285120063,FALSE,TRUE,38
"1.3.2.2.2.2.2.2.2.2.2.2.2.1.2.1.2.2.2.2.2.2",0.796246851962471,FALSE,TRUE,39
"1.3.2.2.2.2.2.2.2.2.2.2.2.2.1.1.2.2.2.2.2.2",0.706458810874772,FALSE,TRUE,39
"1.3.2.2.2.2.2.2.2.2.2.2.2.2.2.1.1.2.2.2.2.2",0.650602986029107,FALSE,TRUE,39
"1.3.2.2.2.2.2.2.2.2.2.2.2.2.2.1.2.1.2.2.2.2",0.77765530942813,FALSE,TRUE,39
"1.3.2.2.2.2.2.2.2.2.2.2.2.2.2.1.2.2.1.2.2.2",0.66088169800507,FALSE,TRUE,39
"1.3.2.2.2.2.2.2.2.2.2.2.2.2.2.1.2.2.2.1.2.2",0.658184550915065,FALSE,TRUE,39
"1.3.2.2.2.2.2.2.2.2.2.2.2.2.2.1.2.2.2.2.1.2",0.661605990049467,FALSE,TRUE,38
"1.3.2.2.2.2.2.2.2.2.2.2.2.2.2.1.2.2.2.2.2.1",0.667815886770514,FALSE,TRUE,39
"3.2.2.2.2.2.3.2.2.2.2.2.1.1.2.2.3.2.2.2.2.2",0.438967227376199,FALSE,TRUE,40
"2.3.2.2.2.2.3.2.2.2.2.2.1.1.2.2.3.2.2.2.2.2",0.536429471316635,FALSE,TRUE,40
"2.2.3.2.2.2.3.2.2.2.2.2.1.1.2.2.3.2.2.2.2.2",0.470810154862743,FALSE,TRUE,40
"2.2.2.3.2.2.3.2.2.2.2.2.1.1.2.2.3.2.2.2.2.2",0.432276216486944,FALSE,TRUE,40
"2.2.2.2.3.2.3.2.2.2.2.2.1.1.2.2.3.2.2.2.2.2",0.525093656483059,FALSE,TRUE,40
"2.2.2.2.2.3.3.2.2.2.2.2.1.1.2.2.3.2.2.2.2.2",0.437284953967201,FALSE,TRUE,40
"2.2.2.2.2.2.4.2.2.2.2.2.1.1.2.2.3.2.2.2.2.2",0.478722990843096,FALSE,TRUE,39
"2.2.2.2.2.2.3.3.2.2.2.2.1.1.2.2.3.2.2.2.2.2",0.517271258769127,FALSE,TRUE,40
"2.2.2.2.2.2.3.2.3.2.2.2.1.1.2.2.3.2.2.2.2.2",0.477704304926254,FALSE,TRUE,40
"2.2.2.2.2.2.3.2.2.3.2.2.1.1.2.2.3.2.2.2.2.2",0.516325016509574,FALSE,TRUE,40
"2.2.2.2.2.2.3.2.2.2.3.2.1.1.2.2.3.2.2.2.2.2",0.415148266313796,FALSE,TRUE,40
"2.2.2.2.2.2.3.2.2.2.2.3.1.1.2.2.3.2.2.2.2.2",0.421113685157944,FALSE,TRUE,40
"2.2.2.2.2.2.3.2.2.2.2.2.1.2.2.2.3.2.2.2.2.2",0.585062675483545,FALSE,TRUE,39
"2.2.2.2.2.2.3.2.2.2.2.2.1.1.3.2.3.2.2.2.2.2",0.523507440030462,FALSE,TRUE,40
"2.2.2.2.2.2.3.2.2.2.2.2.1.1.2.3.3.2.2.2.2.2",0.387118782925204,FALSE,TRUE,39
"2.2.2.2.2.2.3.2.2.2.2.2.1.1.2.2.4.2.2.2.2.2",0.519004564482618,FALSE,TRUE,41
"2.2.2.2.2.2.3.2.2.2.2.2.1.1.2.2.3.3.2.2.2.2",0.619945202884755,FALSE,TRUE,40
"2.2.2.2.2.2.3.2.2.2.2.2.1.1.2.2.3.2.3.2.2.2",0.523650508093061,FALSE,TRUE,40
"2.2.2.2.2.2.3.2.2.2.2.2.1.1.2.2.3.2.2.3.2.2",0.526562534592719,FALSE,TRUE,40
"2.2.2.2.2.2.3.2.2.2.2.2.1.1.2.2.3.2.2.2.3.2",0.548983649895189,FALSE,TRUE,40
"2.2.2.2.2.2.3.2.2.2.2.2.1.1.2.2.3.2.2.2.2.3",0.548195786877773,FALSE,TRUE,40
"1.2.2.2.2.2.3.2.2.2.2.2.1.1.2.2.3.2.2.2.2.2",0.541749743848741,FALSE,TRUE,39
"2.1.2.2.2.2.3.2.2.2.2.2.1.1.2.2.3.2.2.2.2.2",0.464306748974957,FALSE,TRUE,39
"2.2.1.2.2.2.3.2.2.2.2.2.1.1.2.2.3.2.2.2.2.2",0.513963937570467,FALSE,TRUE,39
"2.2.2.1.2.2.3.2.2.2.2.2.1.1.2.2.3.2.2.2.2.2",0.606623059553985,FALSE,TRUE,39
"2.2.2.2.1.2.3.2.2.2.2.2.1.1.2.2.3.2.2.2.2.2",0.493195009927435,FALSE,TRUE,39
"2.2.2.2.2.2.2.2.2.2.2.2.1.1.2.2.3.2.2.2.2.2",0.57911532023524,FALSE,TRUE,38
"2.2.2.2.2.2.3.1.2.2.2.2.1.1.2.2.3.2.2.2.2.2",0.528805500631073,FALSE,TRUE,39
"2.2.2.2.2.2.3.2.1.2.2.2.1.1.2.2.3.2.2.2.2.2",0.586321656898565,FALSE,TRUE,39
"2.2.2.2.2.2.3.2.2.1.2.2.1.1.2.2.3.2.2.2.2.2",0.529016427486582,FALSE,TRUE,38
"2.2.2.2.2.2.3.2.2.2.1.2.1.1.2.2.3.2.2.2.2.2",0.528874828927993,FALSE,TRUE,39
"2.2.2.2.2.2.3.2.2.2.2.1.1.1.2.2.3.2.2.2.2.2",0.534300322016888,FALSE,TRUE,39
"2.2.2.2.2.2.3.2.2.2.2.2.1.1.1.2.3.2.2.2.2.2",0.525721002562422,FALSE,TRUE,39
"2.2.2.2.2.2.3.2.2.2.2.2.1.1.2.1.3.2.2.2.2.2",0.61542549856233,FALSE,TRUE,39
"2.2.2.2.2.2.3.2.2.2.2.2.1.1.2.2.3.1.2.2.2.2",0.432600813505187,FALSE,TRUE,39
"2.2.2.2.2.2.3.2.2.2.2.2.1.1.2.2.3.2.1.2.2.2",0.474438437893707,FALSE,TRUE,39
"2.2.2.2.2.2.3.2.2.2.2.2.1.1.2.2.3.2.2.1.2.2",0.543528339315474,FALSE,TRUE,39
"2.2.2.2.2.2.3.2.2.2.2.2.1.1.2.2.3.2.2.2.1.2",0.513374905671313,FALSE,TRUE,39
"2.2.2.2.2.2.3.2.2.2.2.2.1.1.2.2.3.2.2.2.2.1",0.524058416328877,FALSE,TRUE,39
"4.2.2.2.2.3.2.2.2.2.2.2.1.2.2.1.2.2.2.2.2.2",0.410830252638205,FALSE,TRUE,40
"3.3.2.2.2.3.2.2.2.2.2.2.1.2.2.1.2.2.2.2.2.2",0.53091292329065,FALSE,TRUE,40
"3.2.3.2.2.3.2.2.2.2.2.2.1.2.2.1.2.2.2.2.2.2",0.499438577089247,FALSE,TRUE,40
"3.2.2.3.2.3.2.2.2.2.2.2.1.2.2.1.2.2.2.2.2.2",0.476845221099761,FALSE,TRUE,40
"3.2.2.2.3.3.2.2.2.2.2.2.1.2.2.1.2.2.2.2.2.2",0.604556577198503,FALSE,TRUE,40
"3.2.2.2.2.4.2.2.2.2.2.2.1.2.2.1.2.2.2.2.2.2",0.514801711184644,FALSE,TRUE,41
"3.2.2.2.2.3.3.2.2.2.2.2.1.2.2.1.2.2.2.2.2.2",0.523418755233226,FALSE,TRUE,40
"3.2.2.2.2.3.2.3.2.2.2.2.1.2.2.1.2.2.2.2.2.2",0.542339909311812,FALSE,TRUE,40
"3.2.2.2.2.3.2.2.3.2.2.2.1.2.2.1.2.2.2.2.2.2",0.420565882334694,FALSE,TRUE,40
"3.2.2.2.2.3.2.2.2.3.2.2.1.2.2.1.2.2.2.2.2.2",0.405569535661461,FALSE,TRUE,40
"3.2.2.2.2.3.2.2.2.2.3.2.1.2.2.1.2.2.2.2.2.2",0.446934318713351,FALSE,TRUE,40
"3.2.2.2.2.3.2.2.2.2.2.3.1.2.2.1.2.2.2.2.2.2",0.50549821501523,FALSE,TRUE,40
"3.2.2.2.2.3.2.2.2.2.2.2.1.3.2.1.2.2.2.2.2.2",0.469379511400133,FALSE,TRUE,40
"3.2.2.2.2.3.2.2.2.2.2.2.1.2.3.1.2.2.2.2.2.2",0.513860540828629,FALSE,TRUE,40
"3.2.2.2.2.3.2.2.2.2.2.2.1.2.2.2.2.2.2.2.2.2",0.433984374233194,FALSE,TRUE,40
"3.2.2.2.2.3.2.2.2.2.2.2.1.2.2.1.3.2.2.2.2.2",0.557698430494943,FALSE,TRUE,40
"3.2.2.2.2.3.2.2.2.2.2.2.1.2.2.1.2.3.2.2.2.2",0.494431666134922,FALSE,TRUE,40
"3.2.2.2.2.3.2.2.2.2.2.2.1.2.2.1.2.2.3.2.2.2",0.53351005953229,FALSE,TRUE,40
"3.2.2.2.2.3.2.2.2.2.2.2.1.2.2.1.2.2.2.3.2.2",0.598439811207783,FALSE,TRUE,40
"3.2.2.2.2.3.2.2.2.2.2.2.1.2.2.1.2.2.2.2.3.2",0.522113648219774,FALSE,TRUE,40
"3.2.2.2.2.3.2.2.2.2.2.2.1.2.2.1.2.2.2.2.2.3",0.602479014026291,FALSE,TRUE,40
"3.1.2.2.2.3.2.2.2.2.2.2.1.2.2.1.2.2.2.2.2.2",0.489484654073997,FALSE,TRUE,39
"3.2.1.2.2.3.2.2.2.2.2.2.1.2.2.1.2.2.2.2.2.2",0.506949006104401,FALSE,TRUE,39
"3.2.2.1.2.3.2.2.2.2.2.2.1.2.2.1.2.2.2.2.2.2",0.569041725714424,FALSE,TRUE,39
"3.2.2.2.1.3.2.2.2.2.2.2.1.2.2.1.2.2.2.2.2.2",0.413641606522516,FALSE,TRUE,39
"3.2.2.2.2.3.1.2.2.2.2.2.1.2.2.1.2.2.2.2.2.2",0.553291394361645,FALSE,TRUE,39
"3.2.2.2.2.3.2.1.2.2.2.2.1.2.2.1.2.2.2.2.2.2",0.468409742555056,FALSE,TRUE,39
"3.2.2.2.2.3.2.2.1.2.2.2.1.2.2.1.2.2.2.2.2.2",0.658765924981384,FALSE,TRUE,39
"3.2.2.2.2.3.2.2.2.1.2.2.1.2.2.1.2.2.2.2.2.2",0.63050690577565,FALSE,TRUE,39
"3.2.2.2.2.3.2.2.2.2.1.2.1.2.2.1.2.2.2.2.2.2",0.510539129999937,FALSE,TRUE,39
"3.2.2.2.2.3.2.2.2.2.2.1.1.2.2.1.2.2.2.2.2.2",0.446533720899393,FALSE,TRUE,39
"3.2.2.2.2.3.2.2.2.2.2.2.1.1.2.1.2.2.2.2.2.2",0.542256101258958,FALSE,TRUE,39
"3.2.2.2.2.3.2.2.2.2.2.2.1.2.1.1.2.2.2.2.2.2",0.547468100145443,FALSE,TRUE,39
"3.2.2.2.2.3.2.2.2.2.2.2.1.2.2.1.1.2.2.2.2.2",0.489006196912693,FALSE,TRUE,39
"3.2.2.2.2.3.2.2.2.2.2.2.1.2.2.1.2.1.2.2.2.2",0.548999949959562,FALSE,TRUE,39
"3.2.2.2.2.3.2.2.2.2.2.2.1.2.2.1.2.2.1.2.2.2",0.474862391606957,FALSE,TRUE,38
"3.2.2.2.2.3.2.2.2.2.2.2.1.2.2.1.2.2.2.1.2.2",0.480424661433042,FALSE,TRUE,39
"3.2.2.2.2.3.2.2.2.2.2.2.1.2.2.1.2.2.2.2.1.2",0.524889998574988,FALSE,TRUE,39
"3.2.2.2.2.3.2.2.2.2.2.2.1.2.2.1.2.2.2.2.2.1",0.463676347834689,FALSE,TRUE,39
"3.2.2.2.2.2.2.2.2.2.3.2.2.2.2.2.2.1.2.3.2.2",0.185094136371713,FALSE,TRUE,41
"2.3.2.2.2.2.2.2.2.2.3.2.2.2.2.2.2.1.2.3.2.2",0.222892591657177,FALSE,TRUE,41
"2.2.3.2.2.2.2.2.2.2.3.2.2.2.2.2.2.1.2.3.2.2",0.146178344270148,FALSE,TRUE,41
"2.2.2.3.2.2.2.2.2.2.3.2.2.2.2.2.2.1.2.3.2.2",0.197942959143836,FALSE,TRUE,41
"2.2.2.2.3.2.2.2.2.2.3.2.2.2.2.2.2.1.2.3.2.2",0.191213370943365,FALSE,TRUE,41
"2.2.2.2.2.3.2.2.2.2.3.2.2.2.2.2.2.1.2.3.2.2",0.190179785698658,FALSE,TRUE,41
"2.2.2.2.2.2.3.2.2.2.3.2.2.2.2.2.2.1.2.3.2.2",0.191564492064536,FALSE,TRUE,41
"2.2.2.2.2.2.2.3.2.2.3.2.2.2.2.2.2.1.2.3.2.2",0.266775877237877,FALSE,TRUE,41
"2.2.2.2.2.2.2.2.3.2.3.2.2.2.2.2.2.1.2.3.2.2",0.176723365890179,FALSE,TRUE,41
"2.2.2.2.2.2.2.2.2.3.3.2.2.2.2.2.2.1.2.3.2.2",0.215459054587096,FALSE,TRUE,41
"2.2.2.2.2.2.2.2.2.2.4.2.2.2.2.2.2.1.2.3.2.2",0.0464568559010388,FALSE,TRUE,41
"2.2.2.2.2.2.2.2.2.2.3.3.2.2.2.2.2.1.2.3.2.2",0.272157375829657,FALSE,TRUE,41
"2.2.2.2.2.2.2.2.2.2.3.2.3.2.2.2.2.1.2.3.2.2",0.103552563182491,FALSE,TRUE,41
"2.2.2.2.2.2.2.2.2.2.3.2.2.3.2.2.2.1.2.3.2.2",0.184090967500952,FALSE,TRUE,41
"2.2.2.2.2.2.2.2.2.2.3.2.2.2.3.2.2.1.2.3.2.2",0.316865107649431,FALSE,TRUE,41
"2.2.2.2.2.2.2.2.2.2.3.2.2.2.2.3.2.1.2.3.2.2",0.148364118389304,FALSE,TRUE,41
"2.2.2.2.2.2.2.2.2.2.3.2.2.2.2.2.3.1.2.3.2.2",0.240803393577886,FALSE,TRUE,41
"2.2.2.2.2.2.2.2.2.2.3.2.2.2.2.2.2.1.3.3.2.2",0.215044013527735,FALSE,TRUE,41
"2.2.2.2.2.2.2.2.2.2.3.2.2.2.2.2.2.1.2.4.2.2",0.148550104557023,FALSE,TRUE,42
"2.2.2.2.2.2.2.2.2.2.3.2.2.2.2.2.2.1.2.3.3.2",0.257047830990858,FALSE,TRUE,41
"2.2.2.2.2.2.2.2.2.2.3.2.2.2.2.2.2.1.2.3.2.3",0.367183864847107,FALSE,TRUE,41
"1.2.2.2.2.2.2.2.2.2.3.2.2.2.2.2.2.1.2.3.2.2",0.27139363663847,FALSE,TRUE,40
"2.1.2.2.2.2.2.2.2.2.3.2.2.2.2.2.2.1.2.3.2.2",0.213192892744504,FALSE,TRUE,40
"2.2.2.1.2.2.2.2.2.2.3.2.2.2.2.2.2.1.2.3.2.2",0.28067798021914,FALSE,TRUE,40
"2.2.2.2.1.2.2.2.2.2.3.2.2.2.2.2.2.1.2.3.2.2",0.279651177062428,FALSE,TRUE,40
"2.2.2.2.2.1.2.2.2.2.3.2.2.2.2.2.2.1.2.3.2.2",0.321868268457409,FALSE,TRUE,40
"2.2.2.2.2.2.1.2.2.2.3.2.2.2.2.2.2.1.2.3.2.2",0.307051070213501,FALSE,TRUE,40
"2.2.2.2.2.2.2.1.2.2.3.2.2.2.2.2.2.1.2.3.2.2",0.186166513181831,FALSE,TRUE,40
"2.2.2.2.2.2.2.2.1.2.3.2.2.2.2.2.2.1.2.3.2.2",0.330786490418247,FALSE,TRUE,40
"2.2.2.2.2.2.2.2.2.1.3.2.2.2.2.2.2.1.2.3.2.2",0.307710419216137,FALSE,TRUE,40
"2.2.2.2.2.2.2.2.2.2.3.1.2.2.2.2.2.1.2.3.2.2",0.221120670687799,FALSE,TRUE,39
"2.2.2.2.2.2.2.2.2.2.3.2.1.2.2.2.2.1.2.3.2.2",0.312389794115633,FALSE,TRUE,40
"2.2.2.2.2.2.2.2.2.2.3.2.2.1.2.2.2.1.2.3.2.2",0.270701647699488,FALSE,TRUE,40
"2.2.2.2.2.2.2.2.2.2.3.2.2.2.1.2.2.1.2.3.2.2",0.185055092807066,FALSE,TRUE,40
"2.2.2.2.2.2.2.2.2.2.3.2.2.2.2.1.2.1.2.3.2.2",0.393643880460605,FALSE,TRUE,40
"2.2.2.2.2.2.2.2.2.2.3.2.2.2.2.2.1.1.2.3.2.2",0.252336749796534,FALSE,TRUE,39
"2.2.2.2.2.2.2.2.2.2.3.2.2.2.2.2.2.1.1.3.2.2",0.232182946461251,FALSE,TRUE,40
"2.2.2.2.2.2.2.2.2.2.3.2.2.2.2.2.2.1.2.3.1.2",0.213104713282288,FALSE,TRUE,40
"2.2.2.2.2.2.2.2.2.2.3.2.2.2.2.2.2.1.2.3.2.1",0.125323718744337,FALSE,TRUE,40
"3.2.2.2.2.2.1.2.2.2.2.2.2.2.3.1.2.2.2.2.2.2",0.426939113125125,FALSE,TRUE,38
"2.3.2.2.2.2.1.2.2.2.2.2.2.2.3.1.2.2.2.2.2.2",0.613254385329058,FALSE,TRUE,38
"2.2.3.2.2.2.1.2.2.2.2.2.2.2.3.1.2.2.2.2.2.2",0.433942141875681,FALSE,TRUE,39
"2.2.2.3.2.2.1.2.2.2.2.2.2.2.3.1.2.2.2.2.2.2",0.507427041203062,FALSE,TRUE,39
"2.2.2.2.3.2.1.2.2.2.2.2.2.2.3.1.2.2.2.2.2.2",0.56180204659833,FALSE,TRUE,39
"2.2.2.2.2.3.1.2.2.2.2.2.2.2.3.1.2.2.2.2.2.2",0.573227601743928,FALSE,TRUE,39
"2.2.2.2.2.2.1.3.2.2.2.2.2.2.3.1.2.2.2.2.2.2",0.44860424941866,FALSE,TRUE,39
"2.2.2.2.2.2.1.2.3.2.2.2.2.2.3.1.2.2.2.2.2.2",0.438653873094622,FALSE,TRUE,39
"2.2.2.2.2.2.1.2.2.3.2.2.2.2.3.1.2.2.2.2.2.2",0.456842057519409,FALSE,TRUE,39
"2.2.2.2.2.2.1.2.2.2.3.2.2.2.3.1.2.2.2.2.2.2",0.437836175462383,FALSE,TRUE,39
"2.2.2.2.2.2.1.2.2.2.2.3.2.2.3.1.2.2.2.2.2.2",0.498168805731743,FALSE,TRUE,39
"2.2.2.2.2.2.1.2.2.2.2.2.3.2.3.1.2.2.2.2.2.2",0.390313483823169,FALSE,TRUE,39
"2.2.2.2.2.2.1.2.2.2.2.2.2.3.3.1.2.2.2.2.2.2",0.468588863275927,FALSE,TRUE,39
"2.2.2.2.2.2.1.2.2.2.2.2.2.2.4.1.2.2.2.2.2.2",0.528937148775963,FALSE,TRUE,39
"2.2.2.2.2.2.1.2.2.2.2.2.2.2.3.1.3.2.2.2.2.2",0.543226038543712,FALSE,TRUE,39
"2.2.2.2.2.2.1.2.2.2.2.2.2.2.3.1.2.3.2.2.2.2",0.43419229464752,FALSE,TRUE,39
"2.2.2.2.2.2.1.2.2.2.2.2.2.2.3.1.2.2.3.2.2.2",0.461616406679105,FALSE,TRUE,39
"2.2.2.2.2.2.1.2.2.2.2.2.2.2.3.1.2.2.2.3.2.2",0.598043711200006,FALSE,TRUE,39
"2.2.2.2.2.2.1.2.2.2.2.2.2.2.3.1.2.2.2.2.3.2",0.609284440460966,FALSE,TRUE,39
"2.2.2.2.2.2.1.2.2.2.2.2.2.2.3.1.2.2.2.2.2.3",0.603395169610199,FALSE,TRUE,39
"1.2.2.2.2.2.1.2.2.2.2.2.2.2.3.1.2.2.2.2.2.2",0.569980382264815,FALSE,TRUE,37
"2.1.2.2.2.2.1.2.2.2.2.2.2.2.3.1.2.2.2.2.2.2",0.423310982757885,FALSE,TRUE,38
"2.2.2.1.2.2.1.2.2.2.2.2.2.2.3.1.2.2.2.2.2.2",0.542568032982694,FALSE,TRUE,38
"2.2.2.2.1.2.1.2.2.2.2.2.2.2.3.1.2.2.2.2.2.2",0.475706845268244,FALSE,TRUE,38
"2.2.2.2.2.1.1.2.2.2.2.2.2.2.3.1.2.2.2.2.2.2",0.484123330084228,FALSE,TRUE,38
"2.2.2.2.2.2.1.1.2.2.2.2.2.2.3.1.2.2.2.2.2.2",0.5839252019664,FALSE,TRUE,38
"2.2.2.2.2.2.1.2.1.2.2.2.2.2.3.1.2.2.2.2.2.2",0.616238833027123,FALSE,TRUE,38
"2.2.2.2.2.2.1.2.2.1.2.2.2.2.3.1.2.2.2.2.2.2",0.607676902711515,FALSE,TRUE,38
"2.2.2.2.2.2.1.2.2.2.2.1.2.2.3.1.2.2.2.2.2.2",0.520722178704911,FALSE,TRUE,38
"2.2.2.2.2.2.1.2.2.2.2.2.1.2.3.1.2.2.2.2.2.2",0.582553323884615,FALSE,TRUE,37
"2.2.2.2.2.2.1.2.2.2.2.2.2.1.3.1.2.2.2.2.2.2",0.597227995091996,FALSE,TRUE,38
"2.2.2.2.2.2.1.2.2.2.2.2.2.2.3.1.1.2.2.2.2.2",0.525393260543373,FALSE,TRUE,38
"2.2.2.2.2.2.1.2.2.2.2.2.2.2.3.1.2.1.2.2.2.2",0.642029696552426,FALSE,TRUE,38
"2.2.2.2.2.2.1.2.2.2.2.2.2.2.3.1.2.2.1.2.2.2",0.584495828111039,FALSE,TRUE,38
"2.2.2.2.2.2.1.2.2.2.2.2.2.2.3.1.2.2.2.1.2.2",0.444040580840553,FALSE,TRUE,38
"2.2.2.2.2.2.1.2.2.2.2.2.2.2.3.1.2.2.2.2.1.2",0.472426427820685,FALSE,TRUE,37
"2.2.2.2.2.2.1.2.2.2.2.2.2.2.3.1.2.2.2.2.2.1",0.468900784216965,FALSE,TRUE,38
"3.2.2.2.2.1.2.2.2.3.2.2.2.2.2.2.1.2.2.2.2.2",0.112249441180287,FALSE,TRUE,40
"2.3.2.2.2.1.2.2.2.3.2.2.2.2.2.2.1.2.2.2.2.2",0.301762340806033,FALSE,TRUE,40
"2.2.3.2.2.1.2.2.2.3.2.2.2.2.2.2.1.2.2.2.2.2",0.236845838182527,FALSE,TRUE,40
"2.2.2.3.2.1.2.2.2.3.2.2.2.2.2.2.1.2.2.2.2.2",0.325336358764958,FALSE,TRUE,40
"2.2.2.2.3.1.2.2.2.3.2.2.2.2.2.2.1.2.2.2.2.2",0.222502116507964,FALSE,TRUE,40
"2.2.2.2.2.2.2.2.2.3.2.2.2.2.2.2.1.2.2.2.2.2",0.371011315744394,FALSE,TRUE,39
"2.2.2.2.2.1.2.3.2.3.2.2.2.2.2.2.1.2.2.2.2.2",0.318731336583661,FALSE,TRUE,40
"2.2.2.2.2.1.2.2.3.3.2.2.2.2.2.2.1.2.2.2.2.2",0.221365187994154,FALSE,TRUE,40
"2.2.2.2.2.1.2.2.2.4.2.2.2.2.2.2.1.2.2.2.2.2",0.23369720511663,FALSE,TRUE,41
"2.2.2.2.2.1.2.2.2.3.3.2.2.2.2.2.1.2.2.2.2.2",0.206728622944682,FALSE,TRUE,40
"2.2.2.2.2.1.2.2.2.3.2.3.2.2.2.2.1.2.2.2.2.2",0.2412545344823,FALSE,TRUE,40
"2.2.2.2.2.1.2.2.2.3.2.2.3.2.2.2.1.2.2.2.2.2",0.079223620742843,FALSE,TRUE,40
"2.2.2.2.2.1.2.2.2.3.2.2.2.3.2.2.1.2.2.2.2.2",0.153459736085567,FALSE,TRUE,40
"2.2.2.2.2.1.2.2.2.3.2.2.2.2.3.2.1.2.2.2.2.2",0.365124379073197,FALSE,TRUE,40
"2.2.2.2.2.1.2.2.2.3.2.2.2.2.2.3.1.2.2.2.2.2",0.346941964825567,FALSE,TRUE,40
"2.2.2.2.2.1.2.2.2.3.2.2.2.2.2.2.1.3.2.2.2.2",0.188776840043428,FALSE,TRUE,40
"2.2.2.2.2.1.2.2.2.3.2.2.2.2.2.2.1.2.3.2.2.2",0.30221087895599,FALSE,TRUE,40
"2.2.2.2.2.1.2.2.2.3.2.2.2.2.2.2.1.2.2.3.2.2",0.267999235915706,FALSE,TRUE,40
"2.2.2.2.2.1.2.2.2.3.2.2.2.2.2.2.1.2.2.2.3.2",0.24672382635814,FALSE,TRUE,40
"2.2.2.2.2.1.2.2.2.3.2.2.2.2.2.2.1.2.2.2.2.3",0.292690392828916,FALSE,TRUE,40
"1.2.2.2.2.1.2.2.2.3.2.2.2.2.2.2.1.2.2.2.2.2",0.393261520127393,FALSE,TRUE,38
"2.1.2.2.2.1.2.2.2.3.2.2.2.2.2.2.1.2.2.2.2.2",0.259272527843687,FALSE,TRUE,39
"2.2.1.2.2.1.2.2.2.3.2.2.2.2.2.2.1.2.2.2.2.2",0.366857207156782,FALSE,TRUE,39
"2.2.2.1.2.1.2.2.2.3.2.2.2.2.2.2.1.2.2.2.2.2",0.27344887537704,FALSE,TRUE,39
"2.2.2.2.1.1.2.2.2.3.2.2.2.2.2.2.1.2.2.2.2.2",0.354878777273151,FALSE,TRUE,39
"2.2.2.2.2.1.1.2.2.3.2.2.2.2.2.2.1.2.2.2.2.2",0.268968331872166,FALSE,TRUE,39
"2.2.2.2.2.1.2.1.2.3.2.2.2.2.2.2.1.2.2.2.2.2",0.317481374855842,FALSE,TRUE,39
"2.2.2.2.2.1.2.2.1.3.2.2.2.2.2.2.1.2.2.2.2.2",0.378601657630496,FALSE,TRUE,39
"2.2.2.2.2.1.2.2.2.3.1.2.2.2.2.2.1.2.2.2.2.2",0.405128115246113,FALSE,TRUE,39
"2.2.2.2.2.1.2.2.2.3.2.1.2.2.2.2.1.2.2.2.2.2",0.384112524067646,FALSE,TRUE,39
"2.2.2.2.2.1.2.2.2.3.2.2.1.2.2.2.1.2.2.2.2.2",0.438755054373591,FALSE,TRUE,39
"2.2.2.2.2.1.2.2.2.3.2.2.2.1.2.2.1.2.2.2.2.2",0.43330370530992,FALSE,TRUE,39
"2.2.2.2.2.1.2.2.2.3.2.2.2.2.1.2.1.2.2.2.2.2",0.271637205781684,FALSE,TRUE,39
"2.2.2.2.2.1.2.2.2.3.2.2.2.2.2.1.1.2.2.2.2.2",0.333092870499987,FALSE,TRUE,39
"2.2.2.2.2.1.2.2.2.3.2.2.2.2.2.2.1.1.2.2.2.2",0.415491866069482,FALSE,TRUE,38
"2.2.2.2.2.1.2.2.2.3.2.2.2.2.2.2.1.2.1.2.2.2",0.287348436716569,FALSE,TRUE,39
"2.2.2.2.2.1.2.2.2.3.2.2.2.2.2.2.1.2.2.1.2.2",0.329227564807681,FALSE,TRUE,39
"2.2.2.2.2.1.2.2.2.3.2.2.2.2.2.2.1.2.2.2.1.2",0.392031780208885,FALSE,TRUE,39
"2.2.2.2.2.1.2.2.2.3.2.2.2.2.2.2.1.2.2.2.2.1",0.356945092851053,FALSE,TRUE,39
"3.2.1.2.2.2.1.2.2.2.2.2.2.2.2.2.2.2.2.2.2.2",0.413674113688281,FALSE,TRUE,39
"2.3.1.2.2.2.1.2.2.2.2.2.2.2.2.2.2.2.2.2.2.2",0.589595841465899,FALSE,TRUE,39
"2.2.1.3.2.2.1.2.2.2.2.2.2.2.2.2.2.2.2.2.2.2",0.48412092260429,FALSE,TRUE,39
"2.2.1.2.3.2.1.2.2.2.2.2.2.2.2.2.2.2.2.2.2.2",0.53070952761625,FALSE,TRUE,39
"2.2.1.2.2.3.1.2.2.2.2.2.2.2.2.2.2.2.2.2.2.2",0.576881744500551,FALSE,TRUE,39
"2.2.1.2.2.2.1.3.2.2.2.2.2.2.2.2.2.2.2.2.2.2",0.493858692171437,FALSE,TRUE,39
"2.2.1.2.2.2.1.2.3.2.2.2.2.2.2.2.2.2.2.2.2.2",0.435144509568738,FALSE,TRUE,39
"2.2.1.2.2.2.1.2.2.3.2.2.2.2.2.2.2.2.2.2.2.2",0.482954018242086,FALSE,TRUE,39
"2.2.1.2.2.2.1.2.2.2.3.2.2.2.2.2.2.2.2.2.2.2",0.444176063221909,FALSE,TRUE,37
"2.2.1.2.2.2.1.2.2.2.2.3.2.2.2.2.2.2.2.2.2.2",0.49457866673062,FALSE,TRUE,39
"2.2.1.2.2.2.1.2.2.2.2.2.3.2.2.2.2.2.2.2.2.2",0.394429200422427,FALSE,TRUE,39
"2.2.1.2.2.2.1.2.2.2.2.2.2.3.2.2.2.2.2.2.2.2",0.47048433006016,FALSE,TRUE,38
"2.2.1.2.2.2.1.2.2.2.2.2.2.2.2.3.2.2.2.2.2.2",0.464128539107929,FALSE,TRUE,39
"2.2.1.2.2.2.1.2.2.2.2.2.2.2.2.2.3.2.2.2.2.2",0.582363901177,FALSE,TRUE,39
"2.2.1.2.2.2.1.2.2.2.2.2.2.2.2.2.2.3.2.2.2.2",0.459612438572322,FALSE,TRUE,39
"2.2.1.2.2.2.1.2.2.2.2.2.2.2.2.2.2.2.3.2.2.2",0.487835940755043,FALSE,TRUE,39
"2.2.1.2.2.2.1.2.2.2.2.2.2.2.2.2.2.2.2.3.2.2",0.571109426995579,FALSE,TRUE,39
"2.2.1.2.2.2.1.2.2.2.2.2.2.2.2.2.2.2.2.2.3.2",0.6182602305338,FALSE,TRUE,39
"2.2.1.2.2.2.1.2.2.2.2.2.2.2.2.2.2.2.2.2.2.3",0.585472706841031,FALSE,TRUE,39
"2.1.1.2.2.2.1.2.2.2.2.2.2.2.2.2.2.2.2.2.2.2",0.448344643579592,FALSE,TRUE,38
"2.2.1.1.2.2.1.2.2.2.2.2.2.2.2.2.2.2.2.2.2.2",0.59412350475669,FALSE,TRUE,38
"2.2.1.2.1.2.1.2.2.2.2.2.2.2.2.2.2.2.2.2.2.2",0.523676558547805,FALSE,TRUE,38
"2.2.1.2.2.1.1.2.2.2.2.2.2.2.2.2.2.2.2.2.2.2",0.519440770349459,FALSE,TRUE,37
"2.2.1.2.2.2.1.1.2.2.2.2.2.2.2.2.2.2.2.2.2.2",0.587168633250181,FALSE,TRUE,37
"2.2.1.2.2.2.1.2.1.2.2.2.2.2.2.2.2.2.2.2.2.2",0.660063198372263,FALSE,TRUE,38
"2.2.1.2.2.2.1.2.2.1.2.2.2.2.2.2.2.2.2.2.2.2",0.628702879537493,FALSE,TRUE,38
"2.2.1.2.2.2.1.2.2.2.1.2.2.2.2.2.2.2.2.2.2.2",0.590917941039118,FALSE,TRUE,38
"2.2.1.2.2.2.1.2.2.2.2.1.2.2.2.2.2.2.2.2.2.2",0.554852359315083,FALSE,TRUE,38
"2.2.1.2.2.2.1.2.2.2.2.2.1.2.2.2.2.2.2.2.2.2",0.574102179287972,FALSE,TRUE,37
"2.2.1.2.2.2.1.2.2.2.2.2.2.1.2.2.2.2.2.2.2.2",0.599810826792358,FALSE,TRUE,38
"2.2.1.2.2.2.1.2.2.2.2.2.2.2.1.2.2.2.2.2.2.2",0.568021706133824,FALSE,TRUE,39
"2.2.1.2.2.2.1.2.2.2.2.2.2.2.2.1.2.2.2.2.2.2",0.618260512849708,FALSE,TRUE,37
"2.2.1.2.2.2.1.2.2.2.2.2.2.2.2.2.1.2.2.2.2.2",0.522840994720857,FALSE,TRUE,38
"2.2.1.2.2.2.1.2.2.2.2.2.2.2.2.2.2.1.2.2.2.2",0.632304947948852,FALSE,TRUE,36
"2.2.1.2.2.2.1.2.2.2.2.2.2.2.2.2.2.2.1.2.2.2",0.566318110435096,FALSE,TRUE,38
"2.2.1.2.2.2.1.2.2.2.2.2.2.2.2.2.2.2.2.1.2.2",0.51006382618434,FALSE,TRUE,38
"2.2.1.2.2.2.1.2.2.2.2.2.2.2.2.2.2.2.2.2.1.2",0.501898265342012,FALSE,TRUE,38
"2.2.1.2.2.2.1.2.2.2.2.2.2.2.2.2.2.2.2.2.2.1",0.527116660312192,FALSE,TRUE,38
"2.3.2.2.2.2.2.2.2.2.2.2.1.2.2.2.2.2.2.2.2.2",0.555405032454662,FALSE,TRUE,40
"2.2.3.2.2.2.2.2.2.2.2.2.1.2.2.2.2.2.2.2.2.2",0.467625194870823,FALSE,TRUE,39
"2.2.2.3.2.2.2.2.2.2.2.2.1.2.2.2.2.2.2.2.2.2",0.452413616981271,FALSE,TRUE,39
"2.2.2.2.3.2.2.2.2.2.2.2.1.2.2.2.2.2.2.2.2.2",0.569156540130107,FALSE,TRUE,40
"2.2.2.2.2.3.2.2.2.2.2.2.1.2.2.2.2.2.2.2.2.2",0.516580113107871,FALSE,TRUE,39
"2.2.2.2.2.2.2.3.2.2.2.2.1.2.2.2.2.2.2.2.2.2",0.536287921874097,FALSE,TRUE,40
"2.2.2.2.2.2.2.2.3.2.2.2.1.2.2.2.2.2.2.2.2.2",0.446092936317126,FALSE,TRUE,40
"2.2.2.2.2.2.2.2.2.3.2.2.1.2.2.2.2.2.2.2.2.2",0.531001547825618,FALSE,TRUE,40
"2.2.2.2.2.2.2.2.2.2.2.3.1.2.2.2.2.2.2.2.2.2",0.541559113936856,FALSE,TRUE,40
"2.2.2.2.2.2.2.2.2.2.2.2.1.2.2.3.2.2.2.2.2.2",0.435989278556511,FALSE,TRUE,41
"2.2.2.2.2.2.2.2.2.2.2.2.1.2.2.2.3.2.2.2.2.2",0.59717761428498,FALSE,TRUE,38
"2.2.2.2.2.2.2.2.2.2.2.2.1.2.2.2.2.3.2.2.2.2",0.54234059953163,FALSE,TRUE,40
"2.2.2.2.2.2.2.2.2.2.2.2.1.2.2.2.2.2.3.2.2.2",0.587087089288019,FALSE,TRUE,40
"2.2.2.2.2.2.2.2.2.2.2.2.1.2.2.2.2.2.2.3.2.2",0.533286011897616,FALSE,TRUE,40
"2.2.2.2.2.2.2.2.2.2.2.2.1.2.2.2.2.2.2.2.3.2",0.582111184128924,FALSE,TRUE,40
"2.2.2.2.2.2.2.2.2.2.2.2.1.2.2.2.2.2.2.2.2.3",0.568656657795031,FALSE,TRUE,40
"1.2.2.2.2.2.2.2.2.2.2.2.1.2.2.2.2.2.2.2.2.2",0.517154856378401,FALSE,TRUE,38
"2.1.2.2.2.2.2.2.2.2.2.2.1.2.2.2.2.2.2.2.2.2",0.471672449033346,FALSE,TRUE,39
"2.2.1.2.2.2.2.2.2.2.2.2.1.2.2.2.2.2.2.2.2.2",0.57931790061352,FALSE,TRUE,38
"2.2.2.1.2.2.2.2.2.2.2.2.1.2.2.2.2.2.2.2.2.2",0.620788512765321,FALSE,TRUE,39
"2.2.2.2.1.2.2.2.2.2.2.2.1.2.2.2.2.2.2.2.2.2",0.484693576982402,FALSE,TRUE,39
"2.2.2.2.2.2.2.2.1.2.2.2.1.2.2.2.2.2.2.2.2.2",0.64869805168821,FALSE,TRUE,39
"2.2.2.2.2.2.2.2.2.1.2.2.1.2.2.2.2.2.2.2.2.2",0.57591706010165,FALSE,TRUE,39
"2.2.2.2.2.2.2.2.2.2.1.2.1.2.2.2.2.2.2.2.2.2",0.589200764446858,FALSE,TRUE,39
"2.2.2.2.2.2.2.2.2.2.2.1.1.2.2.2.2.2.2.2.2.2",0.491222902495795,FALSE,TRUE,38
"2.2.2.2.2.2.2.2.2.2.2.2.1.2.1.2.2.2.2.2.2.2",0.545031315040753,FALSE,TRUE,39
"2.2.2.2.2.2.2.2.2.2.2.2.1.2.2.2.1.2.2.2.2.2",0.509154479941686,FALSE,TRUE,37
"2.2.2.2.2.2.2.2.2.2.2.2.1.2.2.2.2.2.1.2.2.2",0.451363493201075,FALSE,TRUE,39
"2.2.2.2.2.2.2.2.2.2.2.2.1.2.2.2.2.2.2.1.2.2",0.551688868967029,FALSE,TRUE,39
"2.2.2.2.2.2.2.2.2.2.2.2.1.2.2.2.2.2.2.2.1.2",0.530775699529613,FALSE,TRUE,39
"2.2.2.2.2.2.2.2.2.2.2.2.1.2.2.2.2.2.2.2.2.1",0.542731737440475,FALSE,TRUE,39
