"karyotype","fitness","is_fq","is_nn","boundary_degree"
"2.2.2.2.2.2.2.2.2.2.2.2.2.2.2.2.2.2.2.2.2.2",0.721596262202978,TRUE,FALSE,0
"2.2.2.2.2.2.1.2.2.2.2.2.2.2.2.2.2.2.2.2.2.2",0.744751135963644,TRUE,FALSE,0
"2.2.2.2.2.2.1.2.2.2.2.2.1.2.2.2.2.2.2.2.2.2",0.785980484384412,TRUE,FALSE,0
"2.2.2.2.2.2.1.2.2.2.2.2.1.2.2.2.2.2.1.2.2.2",0.795065016045742,TRUE,FALSE,0
"2.2.1.2.2.2.1.2.2.2.2.2.1.2.2.2.2.2.2.2.2.2",0.802948651171626,TRUE,FALSE,0
"2.2.2.2.2.2.2.2.2.2.2.2.1.2.2.2.2.2.2.2.2.2",0.777011917267177,TRUE,FALSE,0
"2.2.2.2.2.2.1.3.2.2.2.2.1.2.2.2.2.2.2.2.2.2",0.783433805218486,TRUE,FALSE,0
"2.2.2.3.2.2.2.2.2.2.2.2.2.2.2.2.2.2.2.2.2.2",0.694456293664589,TRUE,FALSE,0
"2.2.2.4.2.2.2.2.2.2.2.2.2.2.2.2.2.2.2.2.2.2",0.641571543250846,TRUE,FALSE,0
"2.2.2.2.2.2.1.2.2.2.2.2.1.2.2.3.2.2.1.2.2.2",0.783266518585179,TRUE,FALSE,0
"2.2.1.4.2.2.2.2.2.2.2.2.2.2.2.2.2.2.2.2.2.2",0.652535346683968,TRUE,FALSE,0
"2.2.2.2.2.2.2.2.2.2.2.3.2.2.2.2.2.2.2.2.2.2",0.676860049153002,TRUE,FALSE,0
"2.3.2.2.2.2.1.2.2.2.2.2.2.2.2.2.2.2.2.2.2.2",0.64914322835395,TRUE,FALSE,0
"2.2.1.4.2.2.2.2.2.2.2.2.3.2.2.2.2.2.2.2.2.2",0.551070853806273,TRUE,FALSE,0
"2.2.2.2.2.3.1.3.2.2.2.2.1.2.2.2.2.2.2.2.2.2",0.735933297072515,TRUE,FALSE,0
"2.2.2.2.2.2.1.2.2.2.2.1.1.2.2.2.2.2.1.2.2.2",0.811211240337243,TRUE,FALSE,0
"2.2.2.2.2.2.2.2.2.2.2.1.2.2.2.2.2.2.2.2.2.2",0.735852984760747,TRUE,FALSE,0
"1.2.2.2.2.2.2.2.2.2.2.2.1.2.2.2.2.2.2.2.2.2",0.741561498594174,TRUE,FALSE,0
"2.2.2.2.2.2.2.2.2.2.2.1.2.2.2.2.2.2.2.3.2.2",0.725574154170478,TRUE,FALSE,0
"2.2.2.4.2.2.2.2.2.2.2.2.2.1.2.2.2.2.2.2.2.2",0.560755977826544,TRUE,FALSE,0
"1.2.2.2.2.2.2.2.2.2.2.2.1.2.2.2.2.2.2.2.1.2",0.685198404052427,TRUE,FALSE,0
"2.2.1.4.2.2.2.2.2.2.2.2.2.2.2.2.2.3.2.2.2.2",0.629650206126381,TRUE,FALSE,0
"2.1.2.2.2.2.2.2.2.2.2.3.2.2.2.2.2.2.2.2.2.2",0.734755473943587,TRUE,FALSE,0
"1.2.2.2.2.2.2.2.2.2.2.2.1.2.2.2.1.2.2.2.1.2",0.637569679928418,TRUE,FALSE,0
"2.2.2.3.2.2.2.2.2.2.2.1.2.2.2.2.2.2.2.2.2.2",0.701659804642279,TRUE,FALSE,0
"2.2.2.3.2.2.2.2.2.2.3.1.2.2.2.2.2.2.2.2.2.2",0.696195550592,TRUE,FALSE,0
"2.2.1.2.2.2.1.2.2.2.2.2.1.2.2.2.2.2.2.3.2.2",0.774286339345417,TRUE,FALSE,0
"2.3.2.2.2.2.1.2.2.2.2.2.2.2.2.2.2.2.2.2.3.2",0.645929330230458,TRUE,FALSE,0
"2.2.2.2.2.2.1.2.2.2.2.2.1.2.2.2.2.1.2.2.2.2",0.763592116791265,TRUE,FALSE,0
"2.2.2.2.2.2.1.2.2.2.2.2.1.2.2.3.2.2.1.3.2.2",0.772877793511925,TRUE,FALSE,0
"2.2.1.4.3.2.2.2.2.2.2.2.2.2.2.2.2.3.2.2.2.2",0.657342798304125,TRUE,FALSE,0
"2.2.1.4.2.2.2.2.2.2.2.2.2.2.3.2.2.3.2.2.2.2",0.676263592025899,TRUE,FALSE,0
"2.2.2.3.1.2.2.2.2.2.2.2.2.2.2.2.2.2.2.2.2.2",0.647993822585778,TRUE,FALSE,0
"2.2.3.2.2.2.2.2.2.2.2.1.2.2.2.2.2.2.2.3.2.2",0.700388660736535,TRUE,FALSE,0
"2.2.1.4.2.2.2.2.2.2.2.2.2.2.3.2.2.3.2.2.3.2",0.712265837830246,TRUE,FALSE,0
"2.2.1.3.2.2.2.2.2.2.2.2.2.2.2.2.2.2.2.2.2.2",0.711058103223286,TRUE,FALSE,0
"2.2.2.2.1.2.1.2.2.2.2.2.1.2.2.3.2.2.1.3.2.2",0.741597493047672,TRUE,FALSE,0
"2.2.1.2.2.2.1.2.2.2.2.2.1.2.2.3.2.2.1.2.2.2",0.817673033058584,TRUE,FALSE,0
"2.2.1.2.2.2.1.2.2.2.2.1.1.2.2.2.2.2.2.2.2.2",0.779617237128049,TRUE,FALSE,0
"2.2.1.3.2.3.2.2.2.2.2.2.2.2.2.2.2.2.2.2.2.2",0.683450784348467,TRUE,FALSE,0
"2.2.2.2.2.2.1.2.2.2.2.2.1.2.2.2.1.1.2.2.2.2",0.719778629743205,TRUE,FALSE,0
"2.3.2.2.2.2.1.2.2.2.2.2.1.2.2.2.2.2.1.2.2.2",0.703733093547058,TRUE,FALSE,0
"2.2.2.2.2.3.1.3.2.2.2.2.1.2.2.2.2.2.2.3.2.2",0.708747093889437,TRUE,FALSE,0
"1.2.2.2.2.2.2.2.2.2.2.2.1.2.2.2.2.2.2.2.3.2",0.734231211124188,TRUE,FALSE,0
"2.2.1.4.2.2.2.2.2.2.2.2.3.2.3.2.2.3.2.2.3.2",0.613621520067145,TRUE,FALSE,0
"2.2.2.3.2.2.2.2.2.2.2.1.2.2.2.2.1.2.2.2.2.2",0.657571406795267,TRUE,FALSE,0
"2.2.1.4.2.2.3.2.2.2.2.2.2.2.2.2.2.3.2.2.2.2",0.61496417908079,TRUE,FALSE,0
"2.2.2.2.2.3.1.3.2.2.2.2.2.2.2.2.2.2.2.3.2.2",0.69588647803715,TRUE,FALSE,0
"2.2.2.2.2.2.1.2.3.2.2.1.1.2.2.2.2.2.1.2.2.2",0.82247674143172,TRUE,FALSE,0
"2.2.1.3.2.3.2.2.2.2.2.2.2.2.2.2.2.2.2.2.2.1",0.711605039284894,TRUE,FALSE,0
"3.2.2.2.2.2.2.2.2.2.2.2.2.2.2.2.2.2.2.2.2.2",0.714229112278537,FALSE,TRUE,38
"2.3.2.2.2.2.2.2.2.2.2.2.2.2.2.2.2.2.2.2.2.2",0.636966991034388,FALSE,TRUE,37
"2.2.3.2.2.2.2.2.2.2.2.2.2.2.2.2.2.2.2.2.2.2",0.660574352923733,FALSE,TRUE,37
"2.2.2.2.3.2.2.2.2.2.2.2.2.2.2.2.2.2.2.2.2.2",0.675420180358614,FALSE,TRUE,38
"2.2.2.2.2.3.2.2.2.2.2.2.2.2.2.2.2.2.2.2.2.2",0.677717419364513,FALSE,TRUE,37
"2.2.2.2.2.2.3.2.2.2.2.2.2.2.2.2.2.2.2.2.2.2",0.665340326301325,FALSE,TRUE,39
"2.2.2.2.2.2.2.3.2.2.2.2.2.2.2.2.2.2.2.2.2.2",0.740309046876077,FALSE,TRUE,38
"2.2.2.2.2.2.2.2.3.2.2.2.2.2.2.2.2.2.2.2.2.2",0.686326296632766,FALSE,TRUE,38
"2.2.2.2.2.2.2.2.2.3.2.2.2.2.2.2.2.2.2.2.2.2",0.736818780737541,FALSE,TRUE,38
"2.2.2.2.2.2.2.2.2.2.3.2.2.2.2.2.2.2.2.2.2.2",0.707875460725693,FALSE,TRUE,38
"2.2.2.2.2.2.2.2.2.2.2.2.3.2.2.2.2.2.2.2.2.2",0.623740563996733,FALSE,TRUE,39
"2.2.2.2.2.2.2.2.2.2.2.2.2.3.2.2.2.2.2.2.2.2",0.766472083895503,FALSE,TRUE,38
"2.2.2.2.2.2.2.2.2.2.2.2.2.2.3.2.2.2.2.2.2.2",0.703403884772411,FALSE,TRUE,38
"2.2.2.2.2.2.2.2.2.2.2.2.2.2.2.3.2.2.2.2.2.2",0.684653683006966,FALSE,TRUE,38
"2.2.2.2.2.2.2.2.2.2.2.2.2.2.2.2.3.2.2.2.2.2",0.702062367438621,FALSE,TRUE,38
"2.2.2.2.2.2.2.2.2.2.2.2.2.2.2.2.2.3.2.2.2.2",0.694205023251928,FALSE,TRUE,38
"2.2.2.2.2.2.2.2.2.2.2.2.2.2.2.2.2.2.3.2.2.2",0.684819373490169,FALSE,TRUE,38
"2.2.2.2.2.2.2.2.2.2.2.2.2.2.2.2.2.2.2.3.2.2",0.709819154632441,FALSE,TRUE,37
"2.2.2.2.2.2.2.2.2.2.2.2.2.2.2.2.2.2.2.2.3.2",0.70135795337631,FALSE,TRUE,36
"2.2.2.2.2.2.2.2.2.2.2.2.2.2.2.2.2.2.2.2.2.3",0.673058356590053,FALSE,TRUE,38
"1.2.2.2.2.2.2.2.2.2.2.2.2.2.2.2.2.2.2.2.2.2",0.701264376344573,FALSE,TRUE,35
"2.1.2.2.2.2.2.2.2.2.2.2.2.2.2.2.2.2.2.2.2.2",0.7679516033378,FALSE,TRUE,37
"2.2.1.2.2.2.2.2.2.2.2.2.2.2.2.2.2.2.2.2.2.2",0.742008518142063,FALSE,TRUE,36
"2.2.2.1.2.2.2.2.2.2.2.2.2.2.2.2.2.2.2.2.2.2",0.729293213770466,FALSE,TRUE,38
"2.2.2.2.1.2.2.2.2.2.2.2.2.2.2.2.2.2.2.2.2.2",0.705134928902852,FALSE,TRUE,37
"2.2.2.2.2.1.2.2.2.2.2.2.2.2.2.2.2.2.2.2.2.2",0.742147723191888,FALSE,TRUE,37
"2.2.2.2.2.2.2.1.2.2.2.2.2.2.2.2.2.2.2.2.2.2",0.672628205277525,FALSE,TRUE,37
"2.2.2.2.2.2.2.2.1.2.2.2.2.2.2.2.2.2.2.2.2.2",0.720636471595828,FALSE,TRUE,37
"2.2.2.2.2.2.2.2.2.1.2.2.2.2.2.2.2.2.2.2.2.2",0.660408760632375,FALSE,TRUE,37
"2.2.2.2.2.2.2.2.2.2.1.2.2.2.2.2.2.2.2.2.2.2",0.706277967359538,FALSE,TRUE,37
"2.2.2.2.2.2.2.2.2.2.2.2.2.1.2.2.2.2.2.2.2.2",0.646699290237481,FALSE,TRUE,37
"2.2.2.2.2.2.2.2.2.2.2.2.2.2.1.2.2.2.2.2.2.2",0.705052818923643,FALSE,TRUE,37
"2.2.2.2.2.2.2.2.2.2.2.2.2.2.2.1.2.2.2.2.2.2",0.719377294596224,FALSE,TRUE,37
"2.2.2.2.2.2.2.2.2.2.2.2.2.2.2.2.1.2.2.2.2.2",0.705459816607188,FALSE,TRUE,37
"2.2.2.2.2.2.2.2.2.2.2.2.2.2.2.2.2.1.2.2.2.2",0.70461925596625,FALSE,TRUE,37
"2.2.2.2.2.2.2.2.2.2.2.2.2.2.2.2.2.2.1.2.2.2",0.733017915923556,FALSE,TRUE,37
"2.2.2.2.2.2.2.2.2.2.2.2.2.2.2.2.2.2.2.1.2.2",0.715111539359764,FALSE,TRUE,37
"2.2.2.2.2.2.2.2.2.2.2.2.2.2.2.2.2.2.2.2.1.2",0.678151702154372,FALSE,TRUE,36
"2.2.2.2.2.2.2.2.2.2.2.2.2.2.2.2.2.2.2.2.2.1",0.74034173536162,FALSE,TRUE,37
"3.2.2.2.2.2.1.2.2.2.2.2.2.2.2.2.2.2.2.2.2.2",0.743630495901136,FALSE,TRUE,39
"2.2.3.2.2.2.1.2.2.2.2.2.2.2.2.2.2.2.2.2.2.2",0.673166350171888,FALSE,TRUE,39
"2.2.2.3.2.2.1.2.2.2.2.2.2.2.2.2.2.2.2.2.2.2",0.701185962318897,FALSE,TRUE,35
"2.2.2.2.3.2.1.2.2.2.2.2.2.2.2.2.2.2.2.2.2.2",0.692334375740592,FALSE,TRUE,39
"2.2.2.2.2.3.1.2.2.2.2.2.2.2.2.2.2.2.2.2.2.2",0.702520215382146,FALSE,TRUE,37
"2.2.2.2.2.2.1.3.2.2.2.2.2.2.2.2.2.2.2.2.2.2",0.757362085783953,FALSE,TRUE,37
"2.2.2.2.2.2.1.2.3.2.2.2.2.2.2.2.2.2.2.2.2.2",0.703618274538613,FALSE,TRUE,39
"2.2.2.2.2.2.1.2.2.3.2.2.2.2.2.2.2.2.2.2.2.2",0.75664263160319,FALSE,TRUE,39
"2.2.2.2.2.2.1.2.2.2.3.2.2.2.2.2.2.2.2.2.2.2",0.737185450186087,FALSE,TRUE,39
"2.2.2.2.2.2.1.2.2.2.2.3.2.2.2.2.2.2.2.2.2.2",0.692160329022771,FALSE,TRUE,38
"2.2.2.2.2.2.1.2.2.2.2.2.3.2.2.2.2.2.2.2.2.2",0.65537513763936,FALSE,TRUE,40
"2.2.2.2.2.2.1.2.2.2.2.2.2.3.2.2.2.2.2.2.2.2",0.796441121704414,FALSE,TRUE,39
"2.2.2.2.2.2.1.2.2.2.2.2.2.2.3.2.2.2.2.2.2.2",0.733220463556477,FALSE,TRUE,39
"2.2.2.2.2.2.1.2.2.2.2.2.2.2.2.3.2.2.2.2.2.2",0.701936467972449,FALSE,TRUE,38
"2.2.2.2.2.2.1.2.2.2.2.2.2.2.2.2.3.2.2.2.2.2",0.733553967719023,FALSE,TRUE,39
"2.2.2.2.2.2.1.2.2.2.2.2.2.2.2.2.2.3.2.2.2.2",0.696019692699092,FALSE,TRUE,39
"2.2.2.2.2.2.1.2.2.2.2.2.2.2.2.2.2.2.3.2.2.2",0.70815153734512,FALSE,TRUE,39
"2.2.2.2.2.2.1.2.2.2.2.2.2.2.2.2.2.2.2.3.2.2",0.725028786135434,FALSE,TRUE,35
"2.2.2.2.2.2.1.2.2.2.2.2.2.2.2.2.2.2.2.2.3.2",0.75130558017486,FALSE,TRUE,39
"2.2.2.2.2.2.1.2.2.2.2.2.2.2.2.2.2.2.2.2.2.3",0.713561221271617,FALSE,TRUE,39
"1.2.2.2.2.2.1.2.2.2.2.2.2.2.2.2.2.2.2.2.2.2",0.71349759447627,FALSE,TRUE,38
"2.1.2.2.2.2.1.2.2.2.2.2.2.2.2.2.2.2.2.2.2.2",0.798215772062183,FALSE,TRUE,38
"2.2.1.2.2.2.1.2.2.2.2.2.2.2.2.2.2.2.2.2.2.2",0.772327831385256,FALSE,TRUE,35
"2.2.2.1.2.2.1.2.2.2.2.2.2.2.2.2.2.2.2.2.2.2",0.765581384534043,FALSE,TRUE,38
"2.2.2.2.1.2.1.2.2.2.2.2.2.2.2.2.2.2.2.2.2.2",0.732461105824631,FALSE,TRUE,37
"2.2.2.2.2.1.1.2.2.2.2.2.2.2.2.2.2.2.2.2.2.2",0.7603113462663,FALSE,TRUE,38
"2.2.2.2.2.2.1.1.2.2.2.2.2.2.2.2.2.2.2.2.2.2",0.700412643288084,FALSE,TRUE,38
"2.2.2.2.2.2.1.2.1.2.2.2.2.2.2.2.2.2.2.2.2.2",0.74655158504903,FALSE,TRUE,38
"2.2.2.2.2.2.1.2.2.1.2.2.2.2.2.2.2.2.2.2.2.2",0.68315183543124,FALSE,TRUE,38
"2.2.2.2.2.2.1.2.2.2.1.2.2.2.2.2.2.2.2.2.2.2",0.720436511800742,FALSE,TRUE,38
"2.2.2.2.2.2.1.2.2.2.2.1.2.2.2.2.2.2.2.2.2.2",0.763229165078106,FALSE,TRUE,34
"2.2.2.2.2.2.1.2.2.2.2.2.2.1.2.2.2.2.2.2.2.2",0.662724152713221,FALSE,TRUE,38
"2.2.2.2.2.2.1.2.2.2.2.2.2.2.1.2.2.2.2.2.2.2",0.717000293701744,FALSE,TRUE,38
"2.2.2.2.2.2.1.2.2.2.2.2.2.2.2.1.2.2.2.2.2.2",0.745889820671885,FALSE,TRUE,38
"2.2.2.2.2.2.1.2.2.2.2.2.2.2.2.2.1.2.2.2.2.2",0.719708351309032,FALSE,TRUE,37
"2.2.2.2.2.2.1.2.2.2.2.2.2.2.2.2.2.1.2.2.2.2",0.743692630578733,FALSE,TRUE,37
"2.2.2.2.2.2.1.2.2.2.2.2.2.2.2.2.2.2.1.2.2.2",0.753194892150712,FALSE,TRUE,36
"2.2.2.2.2.2.1.2.2.2.2.2.2.2.2.2.2.2.2.1.2.2",0.74320235070671,FALSE,TRUE,38
"2.2.2.2.2.2.1.2.2.2.2.2.2.2.2.2.2.2.2.2.1.2",0.676288846201872,FALSE,TRUE,38
"2.2.2.2.2.2.1.2.2.2.2.2.2.2.2.2.2.2.2.2.2.1",0.73734636585942,FALSE,TRUE,38
"3.2.2.2.2.2.1.2.2.2.2.2.1.2.2.2.2.2.2.2.2.2",0.79634886373194,FALSE,TRUE,35
"2.3.2.2.2.2.1.2.2.2.2.2.1.2.2.2.2.2.2.2.2.2",0.69717404430041,FALSE,TRUE,34
"2.2.3.2.2.2.1.2.2.2.2.2.1.2.2.2.2.2.2.2.2.2",0.721352443424208,FALSE,TRUE,36
"2.2.2.3.2.2.1.2.2.2.2.2.1.2.2.2.2.2.2.2.2.2",0.748124315669382,FALSE,TRUE,35
"2.2.2.2.3.2.1.2.2.2.2.2.1.2.2.2.2.2.2.2.2.2",0.723344254570386,FALSE,TRUE,35
"2.2.2.2.2.3.1.2.2.2.2.2.1.2.2.2.2.2.2.2.2.2",0.740148729083936,FALSE,TRUE,34
"2.2.2.2.2.2.1.2.3.2.2.2.1.2.2.2.2.2.2.2.2.2",0.752671505666043,FALSE,TRUE,34
"2.2.2.2.2.2.1.2.2.3.2.2.1.2.2.2.2.2.2.2.2.2",0.775595498792841,FALSE,TRUE,35
"2.2.2.2.2.2.1.2.2.2.3.2.1.2.2.2.2.2.2.2.2.2",0.784141289124183,FALSE,TRUE,35
"2.2.2.2.2.2.1.2.2.2.2.3.1.2.2.2.2.2.2.2.2.2",0.732475653532885,FALSE,TRUE,35
"2.2.2.2.2.2.1.2.2.2.2.2.1.3.2.2.2.2.2.2.2.2",0.827773880809444,FALSE,TRUE,35
"2.2.2.2.2.2.1.2.2.2.2.2.1.2.3.2.2.2.2.2.2.2",0.764969096561306,FALSE,TRUE,35
"2.2.2.2.2.2.1.2.2.2.2.2.1.2.2.3.2.2.2.2.2.2",0.784734593110843,FALSE,TRUE,34
"2.2.2.2.2.2.1.2.2.2.2.2.1.2.2.2.3.2.2.2.2.2",0.780886371801528,FALSE,TRUE,35
"2.2.2.2.2.2.1.2.2.2.2.2.1.2.2.2.2.3.2.2.2.2",0.754636666888705,FALSE,TRUE,36
"2.2.2.2.2.2.1.2.2.2.2.2.1.2.2.2.2.2.3.2.2.2",0.745505312126536,FALSE,TRUE,36
"2.2.2.2.2.2.1.2.2.2.2.2.1.2.2.2.2.2.2.3.2.2",0.756675417523378,FALSE,TRUE,33
"2.2.2.2.2.2.1.2.2.2.2.2.1.2.2.2.2.2.2.2.3.2",0.790944551471196,FALSE,TRUE,33
"2.2.2.2.2.2.1.2.2.2.2.2.1.2.2.2.2.2.2.2.2.3",0.75819810922334,FALSE,TRUE,35
"1.2.2.2.2.2.1.2.2.2.2.2.1.2.2.2.2.2.2.2.2.2",0.739033392014635,FALSE,TRUE,32
"2.1.2.2.2.2.1.2.2.2.2.2.1.2.2.2.2.2.2.2.2.2",0.82585364070452,FALSE,TRUE,34
"2.2.2.1.2.2.1.2.2.2.2.2.1.2.2.2.2.2.2.2.2.2",0.797133840273528,FALSE,TRUE,34
"2.2.2.2.1.2.1.2.2.2.2.2.1.2.2.2.2.2.2.2.2.2",0.783209340548845,FALSE,TRUE,34
"2.2.2.2.2.1.1.2.2.2.2.2.1.2.2.2.2.2.2.2.2.2",0.80270664742891,FALSE,TRUE,34
"2.2.2.2.2.2.1.1.2.2.2.2.1.2.2.2.2.2.2.2.2.2",0.754549684433474,FALSE,TRUE,35
"2.2.2.2.2.2.1.2.1.2.2.2.1.2.2.2.2.2.2.2.2.2",0.77637395522794,FALSE,TRUE,34
"2.2.2.2.2.2.1.2.2.1.2.2.1.2.2.2.2.2.2.2.2.2",0.74275856055409,FALSE,TRUE,34
"2.2.2.2.2.2.1.2.2.2.1.2.1.2.2.2.2.2.2.2.2.2",0.749080757230325,FALSE,TRUE,34
"2.2.2.2.2.2.1.2.2.2.2.1.1.2.2.2.2.2.2.2.2.2",0.802151980503666,FALSE,TRUE,33
"2.2.2.2.2.2.1.2.2.2.2.2.1.1.2.2.2.2.2.2.2.2",0.710987401905127,FALSE,TRUE,34
"2.2.2.2.2.2.1.2.2.2.2.2.1.2.1.2.2.2.2.2.2.2",0.764597566302019,FALSE,TRUE,34
"2.2.2.2.2.2.1.2.2.2.2.2.1.2.2.1.2.2.2.2.2.2",0.734957799213971,FALSE,TRUE,34
"2.2.2.2.2.2.1.2.2.2.2.2.1.2.2.2.1.2.2.2.2.2",0.752437474514525,FALSE,TRUE,34
"2.2.2.2.2.2.1.2.2.2.2.2.1.2.2.2.2.2.2.1.2.2",0.789723353309612,FALSE,TRUE,34
"2.2.2.2.2.2.1.2.2.2.2.2.1.2.2.2.2.2.2.2.1.2",0.71661633751221,FALSE,TRUE,33
"2.2.2.2.2.2.1.2.2.2.2.2.1.2.2.2.2.2.2.2.2.1",0.771067716599189,FALSE,TRUE,34
"3.2.2.2.2.2.1.2.2.2.2.2.1.2.2.2.2.2.1.2.2.2",0.806604405307305,FALSE,TRUE,36
"2.2.3.2.2.2.1.2.2.2.2.2.1.2.2.2.2.2.1.2.2.2",0.730454499841817,FALSE,TRUE,36
"2.2.2.3.2.2.1.2.2.2.2.2.1.2.2.2.2.2.1.2.2.2",0.747550325226289,FALSE,TRUE,36
"2.2.2.2.3.2.1.2.2.2.2.2.1.2.2.2.2.2.1.2.2.2",0.752879703655498,FALSE,TRUE,36
"2.2.2.2.2.3.1.2.2.2.2.2.1.2.2.2.2.2.1.2.2.2",0.744755827117472,FALSE,TRUE,35
"2.2.2.2.2.2.2.2.2.2.2.2.1.2.2.2.2.2.1.2.2.2",0.789111160104234,FALSE,TRUE,35
"2.2.2.2.2.2.1.3.2.2.2.2.1.2.2.2.2.2.1.2.2.2",0.808798339443109,FALSE,TRUE,35
"2.2.2.2.2.2.1.2.3.2.2.2.1.2.2.2.2.2.1.2.2.2",0.788811605498869,FALSE,TRUE,36
"2.2.2.2.2.2.1.2.2.3.2.2.1.2.2.2.2.2.1.2.2.2",0.80455156943134,FALSE,TRUE,36
"2.2.2.2.2.2.1.2.2.2.3.2.1.2.2.2.2.2.1.2.2.2",0.793582721727823,FALSE,TRUE,36
"2.2.2.2.2.2.1.2.2.2.2.3.1.2.2.2.2.2.1.2.2.2",0.741256323084814,FALSE,TRUE,37
"2.2.2.2.2.2.1.2.2.2.2.2.1.3.2.2.2.2.1.2.2.2",0.834317973877038,FALSE,TRUE,36
"2.2.2.2.2.2.1.2.2.2.2.2.1.2.3.2.2.2.1.2.2.2",0.787604716446914,FALSE,TRUE,36
"2.2.2.2.2.2.1.2.2.2.2.2.1.2.2.2.3.2.1.2.2.2",0.795658092421495,FALSE,TRUE,36
"2.2.2.2.2.2.1.2.2.2.2.2.1.2.2.2.2.3.1.2.2.2",0.755689474810743,FALSE,TRUE,36
"2.2.2.2.2.2.1.2.2.2.2.2.1.2.2.2.2.2.1.3.2.2",0.777987660371872,FALSE,TRUE,34
"2.2.2.2.2.2.1.2.2.2.2.2.1.2.2.2.2.2.1.2.3.2",0.787676024858584,FALSE,TRUE,36
"2.2.2.2.2.2.1.2.2.2.2.2.1.2.2.2.2.2.1.2.2.3",0.754111142303175,FALSE,TRUE,36
"1.2.2.2.2.2.1.2.2.2.2.2.1.2.2.2.2.2.1.2.2.2",0.746034741801667,FALSE,TRUE,34
"2.1.2.2.2.2.1.2.2.2.2.2.1.2.2.2.2.2.1.2.2.2",0.833716391779858,FALSE,TRUE,36
"2.2.1.2.2.2.1.2.2.2.2.2.1.2.2.2.2.2.1.2.2.2",0.808011632334479,FALSE,TRUE,34
"2.2.2.1.2.2.1.2.2.2.2.2.1.2.2.2.2.2.1.2.2.2",0.812707838557355,FALSE,TRUE,35
"2.2.2.2.1.2.1.2.2.2.2.2.1.2.2.2.2.2.1.2.2.2",0.769905463269805,FALSE,TRUE,34
"2.2.2.2.2.1.1.2.2.2.2.2.1.2.2.2.2.2.1.2.2.2",0.813474802577358,FALSE,TRUE,35
"2.2.2.2.2.2.1.1.2.2.2.2.1.2.2.2.2.2.1.2.2.2",0.746205206682328,FALSE,TRUE,35
"2.2.2.2.2.2.1.2.1.2.2.2.1.2.2.2.2.2.1.2.2.2",0.757801539867578,FALSE,TRUE,35
"2.2.2.2.2.2.1.2.2.1.2.2.1.2.2.2.2.2.1.2.2.2",0.730520978146317,FALSE,TRUE,35
"2.2.2.2.2.2.1.2.2.2.1.2.1.2.2.2.2.2.1.2.2.2",0.752377724214027,FALSE,TRUE,35
"2.2.2.2.2.2.1.2.2.2.2.2.1.1.2.2.2.2.1.2.2.2",0.71680656391882,FALSE,TRUE,35
"2.2.2.2.2.2.1.2.2.2.2.2.1.2.1.2.2.2.1.2.2.2",0.756303746150199,FALSE,TRUE,35
"2.2.2.2.2.2.1.2.2.2.2.2.1.2.2.1.2.2.1.2.2.2",0.750115225677074,FALSE,TRUE,36
"2.2.2.2.2.2.1.2.2.2.2.2.1.2.2.2.1.2.1.2.2.2",0.756558478950304,FALSE,TRUE,34
"2.2.2.2.2.2.1.2.2.2.2.2.1.2.2.2.2.1.1.2.2.2",0.780356932392353,FALSE,TRUE,34
"2.2.2.2.2.2.1.2.2.2.2.2.1.2.2.2.2.2.1.1.2.2",0.785052773155855,FALSE,TRUE,35
"2.2.2.2.2.2.1.2.2.2.2.2.1.2.2.2.2.2.1.2.1.2",0.737129031553518,FALSE,TRUE,35
"2.2.2.2.2.2.1.2.2.2.2.2.1.2.2.2.2.2.1.2.2.1",0.791765206946613,FALSE,TRUE,35
"3.2.1.2.2.2.1.2.2.2.2.2.1.2.2.2.2.2.2.2.2.2",0.818591036307693,FALSE,TRUE,37
"2.3.1.2.2.2.1.2.2.2.2.2.1.2.2.2.2.2.2.2.2.2",0.740471342040636,FALSE,TRUE,35
"2.2.1.3.2.2.1.2.2.2.2.2.1.2.2.2.2.2.2.2.2.2",0.762783422501297,FALSE,TRUE,35
"2.2.1.2.3.2.1.2.2.2.2.2.1.2.2.2.2.2.2.2.2.2",0.761544776576983,FALSE,TRUE,37
"2.2.1.2.2.3.1.2.2.2.2.2.1.2.2.2.2.2.2.2.2.2",0.771101920027911,FALSE,TRUE,36
"2.2.1.2.2.2.2.2.2.2.2.2.1.2.2.2.2.2.2.2.2.2",0.786640999318515,FALSE,TRUE,35
"2.2.1.2.2.2.1.3.2.2.2.2.1.2.2.2.2.2.2.2.2.2",0.80668047570072,FALSE,TRUE,36
"2.2.1.2.2.2.1.2.3.2.2.2.1.2.2.2.2.2.2.2.2.2",0.78532659927779,FALSE,TRUE,37
"2.2.1.2.2.2.1.2.2.3.2.2.1.2.2.2.2.2.2.2.2.2",0.787625824651068,FALSE,TRUE,37
"2.2.1.2.2.2.1.2.2.2.3.2.1.2.2.2.2.2.2.2.2.2",0.824151540837004,FALSE,TRUE,37
"2.2.1.2.2.2.1.2.2.2.2.3.1.2.2.2.2.2.2.2.2.2",0.785960867952156,FALSE,TRUE,38
"2.2.1.2.2.2.1.2.2.2.2.2.1.3.2.2.2.2.2.2.2.2",0.834829755260972,FALSE,TRUE,37
"2.2.1.2.2.2.1.2.2.2.2.2.1.2.3.2.2.2.2.2.2.2",0.795134496785519,FALSE,TRUE,37
"2.2.1.2.2.2.1.2.2.2.2.2.1.2.2.3.2.2.2.2.2.2",0.82225172742091,FALSE,TRUE,36
"2.2.1.2.2.2.1.2.2.2.2.2.1.2.2.2.3.2.2.2.2.2",0.814110926070302,FALSE,TRUE,37
"2.2.1.2.2.2.1.2.2.2.2.2.1.2.2.2.2.3.2.2.2.2",0.77673279616205,FALSE,TRUE,37
"2.2.1.2.2.2.1.2.2.2.2.2.1.2.2.2.2.2.3.2.2.2",0.763730709613404,FALSE,TRUE,37
"2.2.1.2.2.2.1.2.2.2.2.2.1.2.2.2.2.2.2.2.3.2",0.829831266299656,FALSE,TRUE,37
"2.2.1.2.2.2.1.2.2.2.2.2.1.2.2.2.2.2.2.2.2.3",0.761392896575935,FALSE,TRUE,37
"1.2.1.2.2.2.1.2.2.2.2.2.1.2.2.2.2.2.2.2.2.2",0.748201772811449,FALSE,TRUE,35
"2.1.1.2.2.2.1.2.2.2.2.2.1.2.2.2.2.2.2.2.2.2",0.813894035631935,FALSE,TRUE,36
"2.2.1.1.2.2.1.2.2.2.2.2.1.2.2.2.2.2.2.2.2.2",0.813085161824305,FALSE,TRUE,36
"2.2.1.2.1.2.1.2.2.2.2.2.1.2.2.2.2.2.2.2.2.2",0.7724028569607,FALSE,TRUE,36
"2.2.1.2.2.1.1.2.2.2.2.2.1.2.2.2.2.2.2.2.2.2",0.801736390225699,FALSE,TRUE,36
"2.2.1.2.2.2.1.1.2.2.2.2.1.2.2.2.2.2.2.2.2.2",0.761143042577754,FALSE,TRUE,36
"2.2.1.2.2.2.1.2.1.2.2.2.1.2.2.2.2.2.2.2.2.2",0.777118915346616,FALSE,TRUE,36
"2.2.1.2.2.2.1.2.2.1.2.2.1.2.2.2.2.2.2.2.2.2",0.758818213405483,FALSE,TRUE,36
"2.2.1.2.2.2.1.2.2.2.1.2.1.2.2.2.2.2.2.2.2.2",0.744482016651354,FALSE,TRUE,36
"2.2.1.2.2.2.1.2.2.2.2.2.1.1.2.2.2.2.2.2.2.2",0.735821162876565,FALSE,TRUE,36
"2.2.1.2.2.2.1.2.2.2.2.2.1.2.1.2.2.2.2.2.2.2",0.768041411587728,FALSE,TRUE,36
"2.2.1.2.2.2.1.2.2.2.2.2.1.2.2.1.2.2.2.2.2.2",0.731118619742367,FALSE,TRUE,36
"2.2.1.2.2.2.1.2.2.2.2.2.1.2.2.2.1.2.2.2.2.2",0.74756133784617,FALSE,TRUE,35
"2.2.1.2.2.2.1.2.2.2.2.2.1.2.2.2.2.1.2.2.2.2",0.773545444062183,FALSE,TRUE,35
"2.2.1.2.2.2.1.2.2.2.2.2.1.2.2.2.2.2.2.1.2.2",0.802815194170585,FALSE,TRUE,37
"2.2.1.2.2.2.1.2.2.2.2.2.1.2.2.2.2.2.2.2.1.2",0.707551483632596,FALSE,TRUE,36
"2.2.1.2.2.2.1.2.2.2.2.2.1.2.2.2.2.2.2.2.2.1",0.798463766691186,FALSE,TRUE,36
"3.2.2.2.2.2.2.2.2.2.2.2.1.2.2.2.2.2.2.2.2.2",0.779509332990518,FALSE,TRUE,40
"2.3.2.2.2.2.2.2.2.2.2.2.1.2.2.2.2.2.2.2.2.2",0.699490971048701,FALSE,TRUE,38
"2.2.3.2.2.2.2.2.2.2.2.2.1.2.2.2.2.2.2.2.2.2",0.72260782506184,FALSE,TRUE,39
"2.2.2.3.2.2.2.2.2.2.2.2.1.2.2.2.2.2.2.2.2.2",0.755333999127832,FALSE,TRUE,35
"2.2.2.2.3.2.2.2.2.2.2.2.1.2.2.2.2.2.2.2.2.2",0.720396792096849,FALSE,TRUE,39
"2.2.2.2.2.3.2.2.2.2.2.2.1.2.2.2.2.2.2.2.2.2",0.729717793027019,FALSE,TRUE,38
"2.2.2.2.2.2.3.2.2.2.2.2.1.2.2.2.2.2.2.2.2.2",0.729765380062735,FALSE,TRUE,40
"2.2.2.2.2.2.2.3.2.2.2.2.1.2.2.2.2.2.2.2.2.2",0.7824124322878,FALSE,TRUE,38
"2.2.2.2.2.2.2.2.3.2.2.2.1.2.2.2.2.2.2.2.2.2",0.748814000171439,FALSE,TRUE,39
"2.2.2.2.2.2.2.2.2.3.2.2.1.2.2.2.2.2.2.2.2.2",0.772124939805084,FALSE,TRUE,39
"2.2.2.2.2.2.2.2.2.2.3.2.1.2.2.2.2.2.2.2.2.2",0.768783016366933,FALSE,TRUE,39
"2.2.2.2.2.2.2.2.2.2.2.3.1.2.2.2.2.2.2.2.2.2",0.730944610780566,FALSE,TRUE,38
"2.2.2.2.2.2.2.2.2.2.2.2.1.3.2.2.2.2.2.2.2.2",0.814028704346226,FALSE,TRUE,39
"2.2.2.2.2.2.2.2.2.2.2.2.1.2.3.2.2.2.2.2.2.2",0.747867494731024,FALSE,TRUE,39
"2.2.2.2.2.2.2.2.2.2.2.2.1.2.2.3.2.2.2.2.2.2",0.779429525299925,FALSE,TRUE,38
"2.2.2.2.2.2.2.2.2.2.2.2.1.2.2.2.3.2.2.2.2.2",0.764376592311406,FALSE,TRUE,39
"2.2.2.2.2.2.2.2.2.2.2.2.1.2.2.2.2.3.2.2.2.2",0.767273317028455,FALSE,TRUE,39
"2.2.2.2.2.2.2.2.2.2.2.2.1.2.2.2.2.2.3.2.2.2",0.736443199210927,FALSE,TRUE,39
"2.2.2.2.2.2.2.2.2.2.2.2.1.2.2.2.2.2.2.3.2.2",0.755660561987315,FALSE,TRUE,37
"2.2.2.2.2.2.2.2.2.2.2.2.1.2.2.2.2.2.2.2.3.2",0.755704089529779,FALSE,TRUE,39
"2.2.2.2.2.2.2.2.2.2.2.2.1.2.2.2.2.2.2.2.2.3",0.727653330485635,FALSE,TRUE,39
"2.1.2.2.2.2.2.2.2.2.2.2.1.2.2.2.2.2.2.2.2.2",0.808785706419133,FALSE,TRUE,37
"2.2.2.1.2.2.2.2.2.2.2.2.1.2.2.2.2.2.2.2.2.2",0.774943101252368,FALSE,TRUE,38
"2.2.2.2.1.2.2.2.2.2.2.2.1.2.2.2.2.2.2.2.2.2",0.770412756003843,FALSE,TRUE,37
"2.2.2.2.2.1.2.2.2.2.2.2.1.2.2.2.2.2.2.2.2.2",0.798944577855009,FALSE,TRUE,38
"2.2.2.2.2.2.2.1.2.2.2.2.1.2.2.2.2.2.2.2.2.2",0.738709907650725,FALSE,TRUE,38
"2.2.2.2.2.2.2.2.1.2.2.2.1.2.2.2.2.2.2.2.2.2",0.765716705772907,FALSE,TRUE,38
"2.2.2.2.2.2.2.2.2.1.2.2.1.2.2.2.2.2.2.2.2.2",0.73185815569839,FALSE,TRUE,38
"2.2.2.2.2.2.2.2.2.2.1.2.1.2.2.2.2.2.2.2.2.2",0.74911574779051,FALSE,TRUE,38
"2.2.2.2.2.2.2.2.2.2.2.1.1.2.2.2.2.2.2.2.2.2",0.788971868571769,FALSE,TRUE,34
"2.2.2.2.2.2.2.2.2.2.2.2.1.1.2.2.2.2.2.2.2.2",0.706281726881987,FALSE,TRUE,38
"2.2.2.2.2.2.2.2.2.2.2.2.1.2.1.2.2.2.2.2.2.2",0.767398063323923,FALSE,TRUE,38
"2.2.2.2.2.2.2.2.2.2.2.2.1.2.2.1.2.2.2.2.2.2",0.725004464583154,FALSE,TRUE,38
"2.2.2.2.2.2.2.2.2.2.2.2.1.2.2.2.1.2.2.2.2.2",0.750909684093601,FALSE,TRUE,36
"2.2.2.2.2.2.2.2.2.2.2.2.1.2.2.2.2.1.2.2.2.2",0.737471497075555,FALSE,TRUE,37
"2.2.2.2.2.2.2.2.2.2.2.2.1.2.2.2.2.2.2.1.2.2",0.775797650909547,FALSE,TRUE,38
"2.2.2.2.2.2.2.2.2.2.2.2.1.2.2.2.2.2.2.2.1.2",0.731686127295603,FALSE,TRUE,37
"2.2.2.2.2.2.2.2.2.2.2.2.1.2.2.2.2.2.2.2.2.1",0.789101825956077,FALSE,TRUE,38
"3.2.2.2.2.2.1.3.2.2.2.2.1.2.2.2.2.2.2.2.2.2",0.788756476597559,FALSE,TRUE,39
"2.3.2.2.2.2.1.3.2.2.2.2.1.2.2.2.2.2.2.2.2.2",0.689681531338694,FALSE,TRUE,37
"2.2.3.2.2.2.1.3.2.2.2.2.1.2.2.2.2.2.2.2.2.2",0.714863145000811,FALSE,TRUE,39
"2.2.2.3.2.2.1.3.2.2.2.2.1.2.2.2.2.2.2.2.2.2",0.757808927365702,FALSE,TRUE,39
"2.2.2.2.3.2.1.3.2.2.2.2.1.2.2.2.2.2.2.2.2.2",0.700537739133502,FALSE,TRUE,39
"2.2.2.2.2.2.1.4.2.2.2.2.1.2.2.2.2.2.2.2.2.2",0.749190139560855,FALSE,TRUE,40
"2.2.2.2.2.2.1.3.3.2.2.2.1.2.2.2.2.2.2.2.2.2",0.733674142484213,FALSE,TRUE,39
"2.2.2.2.2.2.1.3.2.3.2.2.1.2.2.2.2.2.2.2.2.2",0.754547885413748,FALSE,TRUE,39
"2.2.2.2.2.2.1.3.2.2.3.2.1.2.2.2.2.2.2.2.2.2",0.777424769983431,FALSE,TRUE,39
"2.2.2.2.2.2.1.3.2.2.2.3.1.2.2.2.2.2.2.2.2.2",0.721827423590284,FALSE,TRUE,39
"2.2.2.2.2.2.1.3.2.2.2.2.1.3.2.2.2.2.2.2.2.2",0.819058822086237,FALSE,TRUE,39
"2.2.2.2.2.2.1.3.2.2.2.2.1.2.3.2.2.2.2.2.2.2",0.750368773437339,FALSE,TRUE,39
"2.2.2.2.2.2.1.3.2.2.2.2.1.2.2.3.2.2.2.2.2.2",0.793978841379226,FALSE,TRUE,38
"2.2.2.2.2.2.1.3.2.2.2.2.1.2.2.2.3.2.2.2.2.2",0.770349556841529,FALSE,TRUE,39
"2.2.2.2.2.2.1.3.2.2.2.2.1.2.2.2.2.3.2.2.2.2",0.751368627750297,FALSE,TRUE,39
"2.2.2.2.2.2.1.3.2.2.2.2.1.2.2.2.2.2.3.2.2.2",0.728949516236525,FALSE,TRUE,39
"2.2.2.2.2.2.1.3.2.2.2.2.1.2.2.2.2.2.2.3.2.2",0.753248927939224,FALSE,TRUE,37
"2.2.2.2.2.2.1.3.2.2.2.2.1.2.2.2.2.2.2.2.3.2",0.776414703997718,FALSE,TRUE,39
"2.2.2.2.2.2.1.3.2.2.2.2.1.2.2.2.2.2.2.2.2.3",0.777313856139913,FALSE,TRUE,39
"1.2.2.2.2.2.1.3.2.2.2.2.1.2.2.2.2.2.2.2.2.2",0.742077439938969,FALSE,TRUE,37
"2.1.2.2.2.2.1.3.2.2.2.2.1.2.2.2.2.2.2.2.2.2",0.830337899058596,FALSE,TRUE,38
"2.2.2.1.2.2.1.3.2.2.2.2.1.2.2.2.2.2.2.2.2.2",0.784517827445769,FALSE,TRUE,38
"2.2.2.2.1.2.1.3.2.2.2.2.1.2.2.2.2.2.2.2.2.2",0.802694176761106,FALSE,TRUE,38
"2.2.2.2.2.1.1.3.2.2.2.2.1.2.2.2.2.2.2.2.2.2",0.804159659741971,FALSE,TRUE,39
"2.2.2.2.2.2.1.3.1.2.2.2.1.2.2.2.2.2.2.2.2.2",0.791801483443479,FALSE,TRUE,38
"2.2.2.2.2.2.1.3.2.1.2.2.1.2.2.2.2.2.2.2.2.2",0.760283224684766,FALSE,TRUE,38
"2.2.2.2.2.2.1.3.2.2.1.2.1.2.2.2.2.2.2.2.2.2",0.754026993600851,FALSE,TRUE,38
"2.2.2.2.2.2.1.3.2.2.2.1.1.2.2.2.2.2.2.2.2.2",0.807814241881922,FALSE,TRUE,36
"2.2.2.2.2.2.1.3.2.2.2.2.1.1.2.2.2.2.2.2.2.2",0.717062221493012,FALSE,TRUE,38
"2.2.2.2.2.2.1.3.2.2.2.2.1.2.1.2.2.2.2.2.2.2",0.777733599195069,FALSE,TRUE,38
"2.2.2.2.2.2.1.3.2.2.2.2.1.2.2.1.2.2.2.2.2.2",0.722580304331856,FALSE,TRUE,38
"2.2.2.2.2.2.1.3.2.2.2.2.1.2.2.2.1.2.2.2.2.2",0.755707886894682,FALSE,TRUE,37
"2.2.2.2.2.2.1.3.2.2.2.2.1.2.2.2.2.1.2.2.2.2",0.762457205911385,FALSE,TRUE,37
"2.2.2.2.2.2.1.3.2.2.2.2.1.2.2.2.2.2.2.1.2.2",0.789683990941364,FALSE,TRUE,38
"2.2.2.2.2.2.1.3.2.2.2.2.1.2.2.2.2.2.2.2.1.2",0.724038877889121,FALSE,TRUE,38
"2.2.2.2.2.2.1.3.2.2.2.2.1.2.2.2.2.2.2.2.2.1",0.748446369497999,FALSE,TRUE,38
"3.2.2.3.2.2.2.2.2.2.2.2.2.2.2.2.2.2.2.2.2.2",0.685556866562578,FALSE,TRUE,38
"2.3.2.3.2.2.2.2.2.2.2.2.2.2.2.2.2.2.2.2.2.2",0.625096161511984,FALSE,TRUE,37
"2.2.3.3.2.2.2.2.2.2.2.2.2.2.2.2.2.2.2.2.2.2",0.636540098868901,FALSE,TRUE,39
"2.2.2.3.3.2.2.2.2.2.2.2.2.2.2.2.2.2.2.2.2.2",0.675969685256898,FALSE,TRUE,39
"2.2.2.3.2.3.2.2.2.2.2.2.2.2.2.2.2.2.2.2.2.2",0.653910128742549,FALSE,TRUE,37
"2.2.2.3.2.2.3.2.2.2.2.2.2.2.2.2.2.2.2.2.2.2",0.651064860069909,FALSE,TRUE,38
"2.2.2.3.2.2.2.3.2.2.2.2.2.2.2.2.2.2.2.2.2.2",0.726367942169141,FALSE,TRUE,38
"2.2.2.3.2.2.2.2.3.2.2.2.2.2.2.2.2.2.2.2.2.2",0.667206721305752,FALSE,TRUE,38
"2.2.2.3.2.2.2.2.2.3.2.2.2.2.2.2.2.2.2.2.2.2",0.728021422687927,FALSE,TRUE,38
"2.2.2.3.2.2.2.2.2.2.3.2.2.2.2.2.2.2.2.2.2.2",0.674144276329371,FALSE,TRUE,38
"2.2.2.3.2.2.2.2.2.2.2.3.2.2.2.2.2.2.2.2.2.2",0.655497002143549,FALSE,TRUE,38
"2.2.2.3.2.2.2.2.2.2.2.2.3.2.2.2.2.2.2.2.2.2",0.594036915816011,FALSE,TRUE,38
"2.2.2.3.2.2.2.2.2.2.2.2.2.3.2.2.2.2.2.2.2.2",0.745226396973132,FALSE,TRUE,38
"2.2.2.3.2.2.2.2.2.2.2.2.2.2.3.2.2.2.2.2.2.2",0.697770027409288,FALSE,TRUE,38
"2.2.2.3.2.2.2.2.2.2.2.2.2.2.2.3.2.2.2.2.2.2",0.653607013659813,FALSE,TRUE,38
"2.2.2.3.2.2.2.2.2.2.2.2.2.2.2.2.3.2.2.2.2.2",0.685976597901239,FALSE,TRUE,38
"2.2.2.3.2.2.2.2.2.2.2.2.2.2.2.2.2.3.2.2.2.2",0.667296570405182,FALSE,TRUE,38
"2.2.2.3.2.2.2.2.2.2.2.2.2.2.2.2.2.2.3.2.2.2",0.66756158725116,FALSE,TRUE,38
"2.2.2.3.2.2.2.2.2.2.2.2.2.2.2.2.2.2.2.3.2.2",0.676191667289994,FALSE,TRUE,38
"2.2.2.3.2.2.2.2.2.2.2.2.2.2.2.2.2.2.2.2.3.2",0.692835852390229,FALSE,TRUE,38
"2.2.2.3.2.2.2.2.2.2.2.2.2.2.2.2.2.2.2.2.2.3",0.644156073880923,FALSE,TRUE,38
"1.2.2.3.2.2.2.2.2.2.2.2.2.2.2.2.2.2.2.2.2.2",0.673854383051695,FALSE,TRUE,36
"2.1.2.3.2.2.2.2.2.2.2.2.2.2.2.2.2.2.2.2.2.2",0.72605045721791,FALSE,TRUE,36
"2.2.2.3.2.1.2.2.2.2.2.2.2.2.2.2.2.2.2.2.2.2",0.709360991345714,FALSE,TRUE,37
"2.2.2.3.2.2.2.1.2.2.2.2.2.2.2.2.2.2.2.2.2.2",0.63101866961503,FALSE,TRUE,37
"2.2.2.3.2.2.2.2.1.2.2.2.2.2.2.2.2.2.2.2.2.2",0.68537319516991,FALSE,TRUE,37
"2.2.2.3.2.2.2.2.2.1.2.2.2.2.2.2.2.2.2.2.2.2",0.613369255955789,FALSE,TRUE,37
"2.2.2.3.2.2.2.2.2.2.1.2.2.2.2.2.2.2.2.2.2.2",0.689212494239018,FALSE,TRUE,37
"2.2.2.3.2.2.2.2.2.2.2.2.2.1.2.2.2.2.2.2.2.2",0.614868107718836,FALSE,TRUE,37
"2.2.2.3.2.2.2.2.2.2.2.2.2.2.1.2.2.2.2.2.2.2",0.655212296918147,FALSE,TRUE,37
"2.2.2.3.2.2.2.2.2.2.2.2.2.2.2.1.2.2.2.2.2.2",0.701504917215271,FALSE,TRUE,37
"2.2.2.3.2.2.2.2.2.2.2.2.2.2.2.2.1.2.2.2.2.2",0.666278595740229,FALSE,TRUE,37
"2.2.2.3.2.2.2.2.2.2.2.2.2.2.2.2.2.1.2.2.2.2",0.675415100370815,FALSE,TRUE,37
"2.2.2.3.2.2.2.2.2.2.2.2.2.2.2.2.2.2.1.2.2.2",0.695027579820236,FALSE,TRUE,37
"2.2.2.3.2.2.2.2.2.2.2.2.2.2.2.2.2.2.2.1.2.2",0.693354798836094,FALSE,TRUE,37
"2.2.2.3.2.2.2.2.2.2.2.2.2.2.2.2.2.2.2.2.1.2",0.634705850592565,FALSE,TRUE,37
"2.2.2.3.2.2.2.2.2.2.2.2.2.2.2.2.2.2.2.2.2.1",0.709955732234907,FALSE,TRUE,36
"3.2.2.4.2.2.2.2.2.2.2.2.2.2.2.2.2.2.2.2.2.2",0.63281480446523,FALSE,TRUE,40
"2.3.2.4.2.2.2.2.2.2.2.2.2.2.2.2.2.2.2.2.2.2",0.592217607178106,FALSE,TRUE,40
"2.2.3.4.2.2.2.2.2.2.2.2.2.2.2.2.2.2.2.2.2.2",0.58925611589164,FALSE,TRUE,41
"2.2.2.5.2.2.2.2.2.2.2.2.2.2.2.2.2.2.2.2.2.2",0.557276375960458,FALSE,TRUE,41
"2.2.2.4.3.2.2.2.2.2.2.2.2.2.2.2.2.2.2.2.2.2",0.655143225720509,FALSE,TRUE,39
"2.2.2.4.2.3.2.2.2.2.2.2.2.2.2.2.2.2.2.2.2.2",0.606377885388697,FALSE,TRUE,40
"2.2.2.4.2.2.3.2.2.2.2.2.2.2.2.2.2.2.2.2.2.2",0.61418750841989,FALSE,TRUE,39
"2.2.2.4.2.2.2.3.2.2.2.2.2.2.2.2.2.2.2.2.2.2",0.688540400753001,FALSE,TRUE,40
"2.2.2.4.2.2.2.2.3.2.2.2.2.2.2.2.2.2.2.2.2.2",0.626325113312987,FALSE,TRUE,40
"2.2.2.4.2.2.2.2.2.3.2.2.2.2.2.2.2.2.2.2.2.2",0.693674445266304,FALSE,TRUE,40
"2.2.2.4.2.2.2.2.2.2.3.2.2.2.2.2.2.2.2.2.2.2",0.615703346008096,FALSE,TRUE,39
"2.2.2.4.2.2.2.2.2.2.2.3.2.2.2.2.2.2.2.2.2.2",0.610673364067346,FALSE,TRUE,40
"2.2.2.4.2.2.2.2.2.2.2.2.3.2.2.2.2.2.2.2.2.2",0.542476885269915,FALSE,TRUE,40
"2.2.2.4.2.2.2.2.2.2.2.2.2.3.2.2.2.2.2.2.2.2",0.695710532728787,FALSE,TRUE,41
"2.2.2.4.2.2.2.2.2.2.2.2.2.2.3.2.2.2.2.2.2.2",0.668910043351626,FALSE,TRUE,39
"2.2.2.4.2.2.2.2.2.2.2.2.2.2.2.3.2.2.2.2.2.2",0.596942013319221,FALSE,TRUE,40
"2.2.2.4.2.2.2.2.2.2.2.2.2.2.2.2.3.2.2.2.2.2",0.645482382526912,FALSE,TRUE,40
"2.2.2.4.2.2.2.2.2.2.2.2.2.2.2.2.2.3.2.2.2.2",0.614851157029412,FALSE,TRUE,37
"2.2.2.4.2.2.2.2.2.2.2.2.2.2.2.2.2.2.3.2.2.2",0.628589326835313,FALSE,TRUE,40
"2.2.2.4.2.2.2.2.2.2.2.2.2.2.2.2.2.2.2.3.2.2",0.61713511552142,FALSE,TRUE,40
"2.2.2.4.2.2.2.2.2.2.2.2.2.2.2.2.2.2.2.2.3.2",0.660670067328324,FALSE,TRUE,40
"2.2.2.4.2.2.2.2.2.2.2.2.2.2.2.2.2.2.2.2.2.3",0.590465093967811,FALSE,TRUE,40
"1.2.2.4.2.2.2.2.2.2.2.2.2.2.2.2.2.2.2.2.2.2",0.61956141946641,FALSE,TRUE,39
"2.1.2.4.2.2.2.2.2.2.2.2.2.2.2.2.2.2.2.2.2.2",0.656119676973781,FALSE,TRUE,39
"2.2.2.4.1.2.2.2.2.2.2.2.2.2.2.2.2.2.2.2.2.2",0.564112042841405,FALSE,TRUE,39
"2.2.2.4.2.1.2.2.2.2.2.2.2.2.2.2.2.2.2.2.2.2",0.649395619053044,FALSE,TRUE,39
"2.2.2.4.2.2.1.2.2.2.2.2.2.2.2.2.2.2.2.2.2.2",0.629690976371939,FALSE,TRUE,39
"2.2.2.4.2.2.2.1.2.2.2.2.2.2.2.2.2.2.2.2.2.2",0.56230455441614,FALSE,TRUE,39
"2.2.2.4.2.2.2.2.1.2.2.2.2.2.2.2.2.2.2.2.2.2",0.621123540008335,FALSE,TRUE,39
"2.2.2.4.2.2.2.2.2.1.2.2.2.2.2.2.2.2.2.2.2.2",0.541466296117867,FALSE,TRUE,39
"2.2.2.4.2.2.2.2.2.2.1.2.2.2.2.2.2.2.2.2.2.2",0.645701127350295,FALSE,TRUE,39
"2.2.2.4.2.2.2.2.2.2.2.1.2.2.2.2.2.2.2.2.2.2",0.639438119323569,FALSE,TRUE,37
"2.2.2.4.2.2.2.2.2.2.2.2.1.2.2.2.2.2.2.2.2.2",0.703991836541663,FALSE,TRUE,39
"2.2.2.4.2.2.2.2.2.2.2.2.2.2.1.2.2.2.2.2.2.2",0.578855299615456,FALSE,TRUE,39
"2.2.2.4.2.2.2.2.2.2.2.2.2.2.2.1.2.2.2.2.2.2",0.658091220031035,FALSE,TRUE,39
"2.2.2.4.2.2.2.2.2.2.2.2.2.2.2.2.1.2.2.2.2.2",0.600727364581663,FALSE,TRUE,38
"2.2.2.4.2.2.2.2.2.2.2.2.2.2.2.2.2.1.2.2.2.2",0.621542726472279,FALSE,TRUE,39
"2.2.2.4.2.2.2.2.2.2.2.2.2.2.2.2.2.2.1.2.2.2",0.628039822932154,FALSE,TRUE,39
"2.2.2.4.2.2.2.2.2.2.2.2.2.2.2.2.2.2.2.1.2.2",0.645902976572007,FALSE,TRUE,39
"2.2.2.4.2.2.2.2.2.2.2.2.2.2.2.2.2.2.2.2.1.2",0.566068758497324,FALSE,TRUE,39
"2.2.2.4.2.2.2.2.2.2.2.2.2.2.2.2.2.2.2.2.2.1",0.653388731174217,FALSE,TRUE,39
"3.2.2.2.2.2.1.2.2.2.2.2.1.2.2.3.2.2.1.2.2.2",0.791073410283935,FALSE,TRUE,37
"2.3.2.2.2.2.1.2.2.2.2.2.1.2.2.3.2.2.1.2.2.2",0.673794353356408,FALSE,TRUE,37
"2.2.3.2.2.2.1.2.2.2.2.2.1.2.2.3.2.2.1.2.2.2",0.69835938792592,FALSE,TRUE,38
"2.2.2.3.2.2.1.2.2.2.2.2.1.2.2.3.2.2.1.2.2.2",0.729040670788986,FALSE,TRUE,37
"2.2.2.2.3.2.1.2.2.2.2.2.1.2.2.3.2.2.1.2.2.2",0.743876992139835,FALSE,TRUE,37
"2.2.2.2.2.3.1.2.2.2.2.2.1.2.2.3.2.2.1.2.2.2",0.733622459299237,FALSE,TRUE,37
"2.2.2.2.2.2.2.2.2.2.2.2.1.2.2.3.2.2.1.2.2.2",0.78032680222318,FALSE,TRUE,37
"2.2.2.2.2.2.1.3.2.2.2.2.1.2.2.3.2.2.1.2.2.2",0.809797710838726,FALSE,TRUE,36
"2.2.2.2.2.2.1.2.3.2.2.2.1.2.2.3.2.2.1.2.2.2",0.770731119097477,FALSE,TRUE,36
"2.2.2.2.2.2.1.2.2.3.2.2.1.2.2.3.2.2.1.2.2.2",0.812935662140779,FALSE,TRUE,37
"2.2.2.2.2.2.1.2.2.2.3.2.1.2.2.3.2.2.1.2.2.2",0.771437644365697,FALSE,TRUE,37
"2.2.2.2.2.2.1.2.2.2.2.3.1.2.2.3.2.2.1.2.2.2",0.720972416482489,FALSE,TRUE,37
"2.2.2.2.2.2.1.2.2.2.2.2.2.2.2.3.2.2.1.2.2.2",0.698702469672679,FALSE,TRUE,37
"2.2.2.2.2.2.1.2.2.2.2.2.1.3.2.3.2.2.1.2.2.2",0.827219947527881,FALSE,TRUE,37
"2.2.2.2.2.2.1.2.2.2.2.2.1.2.3.3.2.2.1.2.2.2",0.779592232847819,FALSE,TRUE,37
"2.2.2.2.2.2.1.2.2.2.2.2.1.2.2.4.2.2.1.2.2.2",0.719123312398575,FALSE,TRUE,38
"2.2.2.2.2.2.1.2.2.2.2.2.1.2.2.3.3.2.1.2.2.2",0.774318958002314,FALSE,TRUE,37
"2.2.2.2.2.2.1.2.2.2.2.2.1.2.2.3.2.3.1.2.2.2",0.715826247506044,FALSE,TRUE,37
"2.2.2.2.2.2.1.2.2.2.2.2.1.2.2.3.2.2.1.2.3.2",0.771027222613597,FALSE,TRUE,37
"2.2.2.2.2.2.1.2.2.2.2.2.1.2.2.3.2.2.1.2.2.3",0.749039233894715,FALSE,TRUE,37
"1.2.2.2.2.2.1.2.2.2.2.2.1.2.2.3.2.2.1.2.2.2",0.741652868086403,FALSE,TRUE,36
"2.1.2.2.2.2.1.2.2.2.2.2.1.2.2.3.2.2.1.2.2.2",0.84249849277581,FALSE,TRUE,36
"2.2.2.1.2.2.1.2.2.2.2.2.1.2.2.3.2.2.1.2.2.2",0.809560294873203,FALSE,TRUE,36
"2.2.2.2.1.2.1.2.2.2.2.2.1.2.2.3.2.2.1.2.2.2",0.758667878237033,FALSE,TRUE,36
"2.2.2.2.2.1.1.2.2.2.2.2.1.2.2.3.2.2.1.2.2.2",0.801933075443677,FALSE,TRUE,36
"2.2.2.2.2.2.1.1.2.2.2.2.1.2.2.3.2.2.1.2.2.2",0.724822337122452,FALSE,TRUE,36
"2.2.2.2.2.2.1.2.1.2.2.2.1.2.2.3.2.2.1.2.2.2",0.754536521871277,FALSE,TRUE,36
"2.2.2.2.2.2.1.2.2.1.2.2.1.2.2.3.2.2.1.2.2.2",0.702864606233395,FALSE,TRUE,36
"2.2.2.2.2.2.1.2.2.2.1.2.1.2.2.3.2.2.1.2.2.2",0.747856187258412,FALSE,TRUE,36
"2.2.2.2.2.2.1.2.2.2.2.1.1.2.2.3.2.2.1.2.2.2",0.812490573273583,FALSE,TRUE,35
"2.2.2.2.2.2.1.2.2.2.2.2.1.1.2.3.2.2.1.2.2.2",0.696044140105934,FALSE,TRUE,36
"2.2.2.2.2.2.1.2.2.2.2.2.1.2.1.3.2.2.1.2.2.2",0.739445081283763,FALSE,TRUE,36
"2.2.2.2.2.2.1.2.2.2.2.2.1.2.2.3.1.2.1.2.2.2",0.760015550296029,FALSE,TRUE,36
"2.2.2.2.2.2.1.2.2.2.2.2.1.2.2.3.2.1.1.2.2.2",0.798766139128471,FALSE,TRUE,35
"2.2.2.2.2.2.1.2.2.2.2.2.1.2.2.3.2.2.1.1.2.2",0.770807057487427,FALSE,TRUE,37
"2.2.2.2.2.2.1.2.2.2.2.2.1.2.2.3.2.2.1.2.1.2",0.732961091224467,FALSE,TRUE,36
"2.2.2.2.2.2.1.2.2.2.2.2.1.2.2.3.2.2.1.2.2.1",0.77569162652607,FALSE,TRUE,36
"3.2.1.4.2.2.2.2.2.2.2.2.2.2.2.2.2.2.2.2.2.2",0.649293955087937,FALSE,TRUE,38
"2.3.1.4.2.2.2.2.2.2.2.2.2.2.2.2.2.2.2.2.2.2",0.629210505356351,FALSE,TRUE,38
"2.2.1.5.2.2.2.2.2.2.2.2.2.2.2.2.2.2.2.2.2.2",0.56244364866378,FALSE,TRUE,39
"2.2.1.4.3.2.2.2.2.2.2.2.2.2.2.2.2.2.2.2.2.2",0.690978867276112,FALSE,TRUE,38
"2.2.1.4.2.3.2.2.2.2.2.2.2.2.2.2.2.2.2.2.2.2",0.629320007290389,FALSE,TRUE,37
"2.2.1.4.2.2.3.2.2.2.2.2.2.2.2.2.2.2.2.2.2.2",0.615957949182647,FALSE,TRUE,38
"2.2.1.4.2.2.2.3.2.2.2.2.2.2.2.2.2.2.2.2.2.2",0.709511173283583,FALSE,TRUE,38
"2.2.1.4.2.2.2.2.3.2.2.2.2.2.2.2.2.2.2.2.2.2",0.651467289915396,FALSE,TRUE,38
"2.2.1.4.2.2.2.2.2.3.2.2.2.2.2.2.2.2.2.2.2.2",0.708005999933342,FALSE,TRUE,38
"2.2.1.4.2.2.2.2.2.2.3.2.2.2.2.2.2.2.2.2.2.2",0.637213612915646,FALSE,TRUE,38
"2.2.1.4.2.2.2.2.2.2.2.3.2.2.2.2.2.2.2.2.2.2",0.65580165744505,FALSE,TRUE,38
"2.2.1.4.2.2.2.2.2.2.2.2.2.3.2.2.2.2.2.2.2.2",0.697567691673519,FALSE,TRUE,38
"2.2.1.4.2.2.2.2.2.2.2.2.2.2.3.2.2.2.2.2.2.2",0.690915388174402,FALSE,TRUE,37
"2.2.1.4.2.2.2.2.2.2.2.2.2.2.2.3.2.2.2.2.2.2",0.611574678106359,FALSE,TRUE,38
"2.2.1.4.2.2.2.2.2.2.2.2.2.2.2.2.3.2.2.2.2.2",0.669039153615392,FALSE,TRUE,38
"2.2.1.4.2.2.2.2.2.2.2.2.2.2.2.2.2.2.3.2.2.2",0.644119071547313,FALSE,TRUE,38
"2.2.1.4.2.2.2.2.2.2.2.2.2.2.2.2.2.2.2.3.2.2",0.625430575934233,FALSE,TRUE,38
"2.2.1.4.2.2.2.2.2.2.2.2.2.2.2.2.2.2.2.2.3.2",0.685315169643167,FALSE,TRUE,37
"2.2.1.4.2.2.2.2.2.2.2.2.2.2.2.2.2.2.2.2.2.3",0.591425661356452,FALSE,TRUE,38
"1.2.1.4.2.2.2.2.2.2.2.2.2.2.2.2.2.2.2.2.2.2",0.6228062259161,FALSE,TRUE,37
"2.1.1.4.2.2.2.2.2.2.2.2.2.2.2.2.2.2.2.2.2.2",0.63934426954713,FALSE,TRUE,37
"2.2.1.4.1.2.2.2.2.2.2.2.2.2.2.2.2.2.2.2.2.2",0.549769098069719,FALSE,TRUE,37
"2.2.1.4.2.1.2.2.2.2.2.2.2.2.2.2.2.2.2.2.2.2",0.647305064979322,FALSE,TRUE,37
"2.2.1.4.2.2.1.2.2.2.2.2.2.2.2.2.2.2.2.2.2.2",0.646656285154315,FALSE,TRUE,37
"2.2.1.4.2.2.2.1.2.2.2.2.2.2.2.2.2.2.2.2.2.2",0.562090370714786,FALSE,TRUE,37
"2.2.1.4.2.2.2.2.1.2.2.2.2.2.2.2.2.2.2.2.2.2",0.618712692790952,FALSE,TRUE,37
"2.2.1.4.2.2.2.2.2.1.2.2.2.2.2.2.2.2.2.2.2.2",0.545434082584051,FALSE,TRUE,37
"2.2.1.4.2.2.2.2.2.2.1.2.2.2.2.2.2.2.2.2.2.2",0.645591559045008,FALSE,TRUE,37
"2.2.1.4.2.2.2.2.2.2.2.1.2.2.2.2.2.2.2.2.2.2",0.613072204614592,FALSE,TRUE,37
"2.2.1.4.2.2.2.2.2.2.2.2.1.2.2.2.2.2.2.2.2.2",0.709323384457311,FALSE,TRUE,38
"2.2.1.4.2.2.2.2.2.2.2.2.2.1.2.2.2.2.2.2.2.2",0.581599972289648,FALSE,TRUE,37
"2.2.1.4.2.2.2.2.2.2.2.2.2.2.1.2.2.2.2.2.2.2",0.581912669702812,FALSE,TRUE,37
"2.2.1.4.2.2.2.2.2.2.2.2.2.2.2.1.2.2.2.2.2.2",0.661275894806942,FALSE,TRUE,37
"2.2.1.4.2.2.2.2.2.2.2.2.2.2.2.2.1.2.2.2.2.2",0.593666021554619,FALSE,TRUE,37
"2.2.1.4.2.2.2.2.2.2.2.2.2.2.2.2.2.1.2.2.2.2",0.627276901208688,FALSE,TRUE,38
"2.2.1.4.2.2.2.2.2.2.2.2.2.2.2.2.2.2.1.2.2.2",0.632844444865601,FALSE,TRUE,37
"2.2.1.4.2.2.2.2.2.2.2.2.2.2.2.2.2.2.2.1.2.2",0.657110146214216,FALSE,TRUE,37
"2.2.1.4.2.2.2.2.2.2.2.2.2.2.2.2.2.2.2.2.1.2",0.559953776218601,FALSE,TRUE,37
"2.2.1.4.2.2.2.2.2.2.2.2.2.2.2.2.2.2.2.2.2.1",0.672847241046888,FALSE,TRUE,36
"3.2.2.2.2.2.2.2.2.2.2.3.2.2.2.2.2.2.2.2.2.2",0.660704028600743,FALSE,TRUE,41
"2.3.2.2.2.2.2.2.2.2.2.3.2.2.2.2.2.2.2.2.2.2",0.584398810124475,FALSE,TRUE,41
"2.2.3.2.2.2.2.2.2.2.2.3.2.2.2.2.2.2.2.2.2.2",0.589142898745348,FALSE,TRUE,41
"2.2.2.2.3.2.2.2.2.2.2.3.2.2.2.2.2.2.2.2.2.2",0.610452812790354,FALSE,TRUE,41
"2.2.2.2.2.3.2.2.2.2.2.3.2.2.2.2.2.2.2.2.2.2",0.625750874906418,FALSE,TRUE,41
"2.2.2.2.2.2.3.2.2.2.2.3.2.2.2.2.2.2.2.2.2.2",0.631573944056278,FALSE,TRUE,41
"2.2.2.2.2.2.2.3.2.2.2.3.2.2.2.2.2.2.2.2.2.2",0.688180930257451,FALSE,TRUE,41
"2.2.2.2.2.2.2.2.3.2.2.3.2.2.2.2.2.2.2.2.2.2",0.626543714042654,FALSE,TRUE,41
"2.2.2.2.2.2.2.2.2.3.2.3.2.2.2.2.2.2.2.2.2.2",0.69743884388787,FALSE,TRUE,41
"2.2.2.2.2.2.2.2.2.2.3.3.2.2.2.2.2.2.2.2.2.2",0.652608070879429,FALSE,TRUE,41
"2.2.2.2.2.2.2.2.2.2.2.4.2.2.2.2.2.2.2.2.2.2",0.611401503707669,FALSE,TRUE,42
"2.2.2.2.2.2.2.2.2.2.2.3.3.2.2.2.2.2.2.2.2.2",0.58208606717049,FALSE,TRUE,41
"2.2.2.2.2.2.2.2.2.2.2.3.2.3.2.2.2.2.2.2.2.2",0.73815343534332,FALSE,TRUE,41
"2.2.2.2.2.2.2.2.2.2.2.3.2.2.3.2.2.2.2.2.2.2",0.642277113059972,FALSE,TRUE,41
"2.2.2.2.2.2.2.2.2.2.2.3.2.2.2.3.2.2.2.2.2.2",0.629426632758902,FALSE,TRUE,41
"2.2.2.2.2.2.2.2.2.2.2.3.2.2.2.2.3.2.2.2.2.2",0.652839979613857,FALSE,TRUE,41
"2.2.2.2.2.2.2.2.2.2.2.3.2.2.2.2.2.3.2.2.2.2",0.653763549910971,FALSE,TRUE,41
"2.2.2.2.2.2.2.2.2.2.2.3.2.2.2.2.2.2.3.2.2.2",0.642895620575182,FALSE,TRUE,41
"2.2.2.2.2.2.2.2.2.2.2.3.2.2.2.2.2.2.2.3.2.2",0.663580330612341,FALSE,TRUE,41
"2.2.2.2.2.2.2.2.2.2.2.3.2.2.2.2.2.2.2.2.3.2",0.642870586756619,FALSE,TRUE,41
"2.2.2.2.2.2.2.2.2.2.2.3.2.2.2.2.2.2.2.2.2.3",0.632035762327689,FALSE,TRUE,41
"1.2.2.2.2.2.2.2.2.2.2.3.2.2.2.2.2.2.2.2.2.2",0.668878673832802,FALSE,TRUE,39
"2.2.1.2.2.2.2.2.2.2.2.3.2.2.2.2.2.2.2.2.2.2",0.732826989291854,FALSE,TRUE,39
"2.2.2.1.2.2.2.2.2.2.2.3.2.2.2.2.2.2.2.2.2.2",0.681510631359466,FALSE,TRUE,40
"2.2.2.2.1.2.2.2.2.2.2.3.2.2.2.2.2.2.2.2.2.2",0.685288176538567,FALSE,TRUE,39
"2.2.2.2.2.1.2.2.2.2.2.3.2.2.2.2.2.2.2.2.2.2",0.706923772033186,FALSE,TRUE,40
"2.2.2.2.2.2.2.1.2.2.2.3.2.2.2.2.2.2.2.2.2.2",0.638053469567865,FALSE,TRUE,40
"2.2.2.2.2.2.2.2.1.2.2.3.2.2.2.2.2.2.2.2.2.2",0.691914857210219,FALSE,TRUE,40
"2.2.2.2.2.2.2.2.2.1.2.3.2.2.2.2.2.2.2.2.2.2",0.613477222850681,FALSE,TRUE,40
"2.2.2.2.2.2.2.2.2.2.1.3.2.2.2.2.2.2.2.2.2.2",0.678366581262127,FALSE,TRUE,40
"2.2.2.2.2.2.2.2.2.2.2.3.2.1.2.2.2.2.2.2.2.2",0.590103908163191,FALSE,TRUE,40
"2.2.2.2.2.2.2.2.2.2.2.3.2.2.1.2.2.2.2.2.2.2",0.678579541078447,FALSE,TRUE,40
"2.2.2.2.2.2.2.2.2.2.2.3.2.2.2.1.2.2.2.2.2.2",0.689574389740991,FALSE,TRUE,40
"2.2.2.2.2.2.2.2.2.2.2.3.2.2.2.2.1.2.2.2.2.2",0.671584225832082,FALSE,TRUE,40
"2.2.2.2.2.2.2.2.2.2.2.3.2.2.2.2.2.1.2.2.2.2",0.658639034294372,FALSE,TRUE,40
"2.2.2.2.2.2.2.2.2.2.2.3.2.2.2.2.2.2.1.2.2.2",0.68871866894597,FALSE,TRUE,40
"2.2.2.2.2.2.2.2.2.2.2.3.2.2.2.2.2.2.2.1.2.2",0.673662952658535,FALSE,TRUE,40
"2.2.2.2.2.2.2.2.2.2.2.3.2.2.2.2.2.2.2.2.1.2",0.657336836413604,FALSE,TRUE,40
"2.2.2.2.2.2.2.2.2.2.2.3.2.2.2.2.2.2.2.2.2.1",0.693359013946907,FALSE,TRUE,40
"3.3.2.2.2.2.1.2.2.2.2.2.2.2.2.2.2.2.2.2.2.2",0.666664441987264,FALSE,TRUE,40
"2.4.2.2.2.2.1.2.2.2.2.2.2.2.2.2.2.2.2.2.2.2",0.523801963727866,FALSE,TRUE,41
"2.3.3.2.2.2.1.2.2.2.2.2.2.2.2.2.2.2.2.2.2.2",0.560031860232383,FALSE,TRUE,40
"2.3.2.3.2.2.1.2.2.2.2.2.2.2.2.2.2.2.2.2.2.2",0.621818366473423,FALSE,TRUE,39
"2.3.2.2.3.2.1.2.2.2.2.2.2.2.2.2.2.2.2.2.2.2",0.568757970268114,FALSE,TRUE,40
"2.3.2.2.2.3.1.2.2.2.2.2.2.2.2.2.2.2.2.2.2.2",0.594016425931336,FALSE,TRUE,40
"2.3.2.2.2.2.1.3.2.2.2.2.2.2.2.2.2.2.2.2.2.2",0.655204166784912,FALSE,TRUE,39
"2.3.2.2.2.2.1.2.3.2.2.2.2.2.2.2.2.2.2.2.2.2",0.616294511896746,FALSE,TRUE,40
"2.3.2.2.2.2.1.2.2.3.2.2.2.2.2.2.2.2.2.2.2.2",0.653599375849794,FALSE,TRUE,40
"2.3.2.2.2.2.1.2.2.2.3.2.2.2.2.2.2.2.2.2.2.2",0.651234071683147,FALSE,TRUE,40
"2.3.2.2.2.2.1.2.2.2.2.3.2.2.2.2.2.2.2.2.2.2",0.58962631473909,FALSE,TRUE,39
"2.3.2.2.2.2.1.2.2.2.2.2.3.2.2.2.2.2.2.2.2.2",0.564656671191574,FALSE,TRUE,40
"2.3.2.2.2.2.1.2.2.2.2.2.2.3.2.2.2.2.2.2.2.2",0.692063712170976,FALSE,TRUE,40
"2.3.2.2.2.2.1.2.2.2.2.2.2.2.3.2.2.2.2.2.2.2",0.624080405669154,FALSE,TRUE,40
"2.3.2.2.2.2.1.2.2.2.2.2.2.2.2.3.2.2.2.2.2.2",0.592841976314456,FALSE,TRUE,40
"2.3.2.2.2.2.1.2.2.2.2.2.2.2.2.2.3.2.2.2.2.2",0.631110034550491,FALSE,TRUE,40
"2.3.2.2.2.2.1.2.2.2.2.2.2.2.2.2.2.3.2.2.2.2",0.57027113488774,FALSE,TRUE,40
"2.3.2.2.2.2.1.2.2.2.2.2.2.2.2.2.2.2.3.2.2.2",0.62088710823789,FALSE,TRUE,40
"2.3.2.2.2.2.1.2.2.2.2.2.2.2.2.2.2.2.2.3.2.2",0.640820418077612,FALSE,TRUE,40
"2.3.2.2.2.2.1.2.2.2.2.2.2.2.2.2.2.2.2.2.2.3",0.639367148196158,FALSE,TRUE,40
"1.3.2.2.2.2.1.2.2.2.2.2.2.2.2.2.2.2.2.2.2.2",0.601911985927567,FALSE,TRUE,39
"2.3.1.2.2.2.1.2.2.2.2.2.2.2.2.2.2.2.2.2.2.2",0.702031433688434,FALSE,TRUE,38
"2.3.2.1.2.2.1.2.2.2.2.2.2.2.2.2.2.2.2.2.2.2",0.659691158065729,FALSE,TRUE,39
"2.3.2.2.1.2.1.2.2.2.2.2.2.2.2.2.2.2.2.2.2.2",0.672499864448448,FALSE,TRUE,39
"2.3.2.2.2.1.1.2.2.2.2.2.2.2.2.2.2.2.2.2.2.2",0.682291822450153,FALSE,TRUE,39
"2.3.2.2.2.2.1.1.2.2.2.2.2.2.2.2.2.2.2.2.2.2",0.614997959702174,FALSE,TRUE,39
"2.3.2.2.2.2.1.2.1.2.2.2.2.2.2.2.2.2.2.2.2.2",0.646132387126173,FALSE,TRUE,39
"2.3.2.2.2.2.1.2.2.1.2.2.2.2.2.2.2.2.2.2.2.2",0.60126989905958,FALSE,TRUE,39
"2.3.2.2.2.2.1.2.2.2.1.2.2.2.2.2.2.2.2.2.2.2",0.625292576223958,FALSE,TRUE,39
"2.3.2.2.2.2.1.2.2.2.2.1.2.2.2.2.2.2.2.2.2.2",0.675462557286517,FALSE,TRUE,38
"2.3.2.2.2.2.1.2.2.2.2.2.2.1.2.2.2.2.2.2.2.2",0.586774786480505,FALSE,TRUE,39
"2.3.2.2.2.2.1.2.2.2.2.2.2.2.1.2.2.2.2.2.2.2",0.641139118549832,FALSE,TRUE,39
"2.3.2.2.2.2.1.2.2.2.2.2.2.2.2.1.2.2.2.2.2.2",0.677622682426845,FALSE,TRUE,39
"2.3.2.2.2.2.1.2.2.2.2.2.2.2.2.2.1.2.2.2.2.2",0.634365380284567,FALSE,TRUE,39
"2.3.2.2.2.2.1.2.2.2.2.2.2.2.2.2.2.1.2.2.2.2",0.682331057775006,FALSE,TRUE,38
"2.3.2.2.2.2.1.2.2.2.2.2.2.2.2.2.2.2.1.2.2.2",0.653514968751943,FALSE,TRUE,38
"2.3.2.2.2.2.1.2.2.2.2.2.2.2.2.2.2.2.2.1.2.2",0.639928187027406,FALSE,TRUE,39
"2.3.2.2.2.2.1.2.2.2.2.2.2.2.2.2.2.2.2.2.1.2",0.599886636626541,FALSE,TRUE,40
"2.3.2.2.2.2.1.2.2.2.2.2.2.2.2.2.2.2.2.2.2.1",0.622407194105745,FALSE,TRUE,39
"3.2.1.4.2.2.2.2.2.2.2.2.3.2.2.2.2.2.2.2.2.2",0.531943989012651,FALSE,TRUE,41
"2.3.1.4.2.2.2.2.2.2.2.2.3.2.2.2.2.2.2.2.2.2",0.538716879041497,FALSE,TRUE,41
"2.2.1.5.2.2.2.2.2.2.2.2.3.2.2.2.2.2.2.2.2.2",0.464755316248199,FALSE,TRUE,41
"2.2.1.4.3.2.2.2.2.2.2.2.3.2.2.2.2.2.2.2.2.2",0.601824870551577,FALSE,TRUE,40
"2.2.1.4.2.3.2.2.2.2.2.2.3.2.2.2.2.2.2.2.2.2",0.54059255090565,FALSE,TRUE,40
"2.2.1.4.2.2.3.2.2.2.2.2.3.2.2.2.2.2.2.2.2.2",0.508840165776021,FALSE,TRUE,40
"2.2.1.4.2.2.2.3.2.2.2.2.3.2.2.2.2.2.2.2.2.2",0.62059926015877,FALSE,TRUE,41
"2.2.1.4.2.2.2.2.3.2.2.2.3.2.2.2.2.2.2.2.2.2",0.549512421112551,FALSE,TRUE,41
"2.2.1.4.2.2.2.2.2.3.2.2.3.2.2.2.2.2.2.2.2.2",0.620178294127037,FALSE,TRUE,41
"2.2.1.4.2.2.2.2.2.2.3.2.3.2.2.2.2.2.2.2.2.2",0.539160191253089,FALSE,TRUE,41
"2.2.1.4.2.2.2.2.2.2.2.3.3.2.2.2.2.2.2.2.2.2",0.556235956781619,FALSE,TRUE,41
"2.2.1.4.2.2.2.2.2.2.2.2.4.2.2.2.2.2.2.2.2.2",0.426317193240725,FALSE,TRUE,42
"2.2.1.4.2.2.2.2.2.2.2.2.3.3.2.2.2.2.2.2.2.2",0.600114026969604,FALSE,TRUE,41
"2.2.1.4.2.2.2.2.2.2.2.2.3.2.3.2.2.2.2.2.2.2",0.599844934451208,FALSE,TRUE,39
"2.2.1.4.2.2.2.2.2.2.2.2.3.2.2.3.2.2.2.2.2.2",0.486708304039733,FALSE,TRUE,41
"2.2.1.4.2.2.2.2.2.2.2.2.3.2.2.2.3.2.2.2.2.2",0.565009857360037,FALSE,TRUE,41
"2.2.1.4.2.2.2.2.2.2.2.2.3.2.2.2.2.3.2.2.2.2",0.52039697092979,FALSE,TRUE,37
"2.2.1.4.2.2.2.2.2.2.2.2.3.2.2.2.2.2.3.2.2.2",0.553609987443611,FALSE,TRUE,41
"2.2.1.4.2.2.2.2.2.2.2.2.3.2.2.2.2.2.2.3.2.2",0.539280558765151,FALSE,TRUE,41
"2.2.1.4.2.2.2.2.2.2.2.2.3.2.2.2.2.2.2.2.3.2",0.586278881307064,FALSE,TRUE,39
"2.2.1.4.2.2.2.2.2.2.2.2.3.2.2.2.2.2.2.2.2.3",0.484085503385713,FALSE,TRUE,41
"1.2.1.4.2.2.2.2.2.2.2.2.3.2.2.2.2.2.2.2.2.2",0.541936147646954,FALSE,TRUE,40
"2.1.1.4.2.2.2.2.2.2.2.2.3.2.2.2.2.2.2.2.2.2",0.536148094744781,FALSE,TRUE,40
"2.2.1.3.2.2.2.2.2.2.2.2.3.2.2.2.2.2.2.2.2.2",0.610561964023704,FALSE,TRUE,39
"2.2.1.4.1.2.2.2.2.2.2.2.3.2.2.2.2.2.2.2.2.2",0.440721578634954,FALSE,TRUE,40
"2.2.1.4.2.1.2.2.2.2.2.2.3.2.2.2.2.2.2.2.2.2",0.53684930657079,FALSE,TRUE,40
"2.2.1.4.2.2.1.2.2.2.2.2.3.2.2.2.2.2.2.2.2.2",0.554917214514402,FALSE,TRUE,40
"2.2.1.4.2.2.2.1.2.2.2.2.3.2.2.2.2.2.2.2.2.2",0.451497415510488,FALSE,TRUE,40
"2.2.1.4.2.2.2.2.1.2.2.2.3.2.2.2.2.2.2.2.2.2",0.523386327199752,FALSE,TRUE,40
"2.2.1.4.2.2.2.2.2.1.2.2.3.2.2.2.2.2.2.2.2.2",0.439108133783384,FALSE,TRUE,40
"2.2.1.4.2.2.2.2.2.2.1.2.3.2.2.2.2.2.2.2.2.2",0.548415810049292,FALSE,TRUE,40
"2.2.1.4.2.2.2.2.2.2.2.1.3.2.2.2.2.2.2.2.2.2",0.512494627725671,FALSE,TRUE,40
"2.2.1.4.2.2.2.2.2.2.2.2.3.1.2.2.2.2.2.2.2.2",0.480959918898462,FALSE,TRUE,39
"2.2.1.4.2.2.2.2.2.2.2.2.3.2.1.2.2.2.2.2.2.2",0.475334250728772,FALSE,TRUE,40
"2.2.1.4.2.2.2.2.2.2.2.2.3.2.2.1.2.2.2.2.2.2",0.597519168370122,FALSE,TRUE,40
"2.2.1.4.2.2.2.2.2.2.2.2.3.2.2.2.1.2.2.2.2.2",0.497426996927933,FALSE,TRUE,40
"2.2.1.4.2.2.2.2.2.2.2.2.3.2.2.2.2.1.2.2.2.2",0.538823124263422,FALSE,TRUE,40
"2.2.1.4.2.2.2.2.2.2.2.2.3.2.2.2.2.2.1.2.2.2",0.525691725563334,FALSE,TRUE,40
"2.2.1.4.2.2.2.2.2.2.2.2.3.2.2.2.2.2.2.1.2.2",0.546809583995492,FALSE,TRUE,40
"2.2.1.4.2.2.2.2.2.2.2.2.3.2.2.2.2.2.2.2.1.2",0.458806584454473,FALSE,TRUE,40
"2.2.1.4.2.2.2.2.2.2.2.2.3.2.2.2.2.2.2.2.2.1",0.584206671728656,FALSE,TRUE,40
"3.2.2.2.2.3.1.3.2.2.2.2.1.2.2.2.2.2.2.2.2.2",0.748428079807552,FALSE,TRUE,39
"2.3.2.2.2.3.1.3.2.2.2.2.1.2.2.2.2.2.2.2.2.2",0.627685648479728,FALSE,TRUE,39
"2.2.3.2.2.3.1.3.2.2.2.2.1.2.2.2.2.2.2.2.2.2",0.660424576773131,FALSE,TRUE,39
"2.2.2.3.2.3.1.3.2.2.2.2.1.2.2.2.2.2.2.2.2.2",0.710430575111496,FALSE,TRUE,39
"2.2.2.2.3.3.1.3.2.2.2.2.1.2.2.2.2.2.2.2.2.2",0.647471375909755,FALSE,TRUE,39
"2.2.2.2.2.4.1.3.2.2.2.2.1.2.2.2.2.2.2.2.2.2",0.666478030266173,FALSE,TRUE,40
"2.2.2.2.2.3.2.3.2.2.2.2.1.2.2.2.2.2.2.2.2.2",0.734906246025262,FALSE,TRUE,39
"2.2.2.2.2.3.1.4.2.2.2.2.1.2.2.2.2.2.2.2.2.2",0.702915798101279,FALSE,TRUE,39
"2.2.2.2.2.3.1.3.3.2.2.2.1.2.2.2.2.2.2.2.2.2",0.69577155091985,FALSE,TRUE,39
"2.2.2.2.2.3.1.3.2.3.2.2.1.2.2.2.2.2.2.2.2.2",0.730371362837345,FALSE,TRUE,39
"2.2.2.2.2.3.1.3.2.2.3.2.1.2.2.2.2.2.2.2.2.2",0.718631645514776,FALSE,TRUE,39
"2.2.2.2.2.3.1.3.2.2.2.3.1.2.2.2.2.2.2.2.2.2",0.669642917057717,FALSE,TRUE,39
"2.2.2.2.2.3.1.3.2.2.2.2.2.2.2.2.2.2.2.2.2.2",0.712123065077236,FALSE,TRUE,39
"2.2.2.2.2.3.1.3.2.2.2.2.1.3.2.2.2.2.2.2.2.2",0.783681058446728,FALSE,TRUE,39
"2.2.2.2.2.3.1.3.2.2.2.2.1.2.3.2.2.2.2.2.2.2",0.690434320427698,FALSE,TRUE,39
"2.2.2.2.2.3.1.3.2.2.2.2.1.2.2.3.2.2.2.2.2.2",0.746218240830049,FALSE,TRUE,39
"2.2.2.2.2.3.1.3.2.2.2.2.1.2.2.2.3.2.2.2.2.2",0.737417901351515,FALSE,TRUE,39
"2.2.2.2.2.3.1.3.2.2.2.2.1.2.2.2.2.3.2.2.2.2",0.706874612971156,FALSE,TRUE,39
"2.2.2.2.2.3.1.3.2.2.2.2.1.2.2.2.2.2.3.2.2.2",0.688851707230119,FALSE,TRUE,39
"2.2.2.2.2.3.1.3.2.2.2.2.1.2.2.2.2.2.2.2.3.2",0.7140826353675,FALSE,TRUE,39
"2.2.2.2.2.3.1.3.2.2.2.2.1.2.2.2.2.2.2.2.2.3",0.726054288269069,FALSE,TRUE,39
"1.2.2.2.2.3.1.3.2.2.2.2.1.2.2.2.2.2.2.2.2.2",0.688829217263337,FALSE,TRUE,38
"2.1.2.2.2.3.1.3.2.2.2.2.1.2.2.2.2.2.2.2.2.2",0.799785411312913,FALSE,TRUE,38
"2.2.1.2.2.3.1.3.2.2.2.2.1.2.2.2.2.2.2.2.2.2",0.771468258846854,FALSE,TRUE,37
"2.2.2.1.2.3.1.3.2.2.2.2.1.2.2.2.2.2.2.2.2.2",0.738894878118141,FALSE,TRUE,38
"2.2.2.2.1.3.1.3.2.2.2.2.1.2.2.2.2.2.2.2.2.2",0.76726228091661,FALSE,TRUE,38
"2.2.2.2.2.3.1.3.1.2.2.2.1.2.2.2.2.2.2.2.2.2",0.736378223752523,FALSE,TRUE,38
"2.2.2.2.2.3.1.3.2.1.2.2.1.2.2.2.2.2.2.2.2.2",0.69464719471922,FALSE,TRUE,38
"2.2.2.2.2.3.1.3.2.2.1.2.1.2.2.2.2.2.2.2.2.2",0.719132988682921,FALSE,TRUE,38
"2.2.2.2.2.3.1.3.2.2.2.1.1.2.2.2.2.2.2.2.2.2",0.766975531440983,FALSE,TRUE,38
"2.2.2.2.2.3.1.3.2.2.2.2.1.1.2.2.2.2.2.2.2.2",0.661095362111454,FALSE,TRUE,38
"2.2.2.2.2.3.1.3.2.2.2.2.1.2.1.2.2.2.2.2.2.2",0.744572980314567,FALSE,TRUE,38
"2.2.2.2.2.3.1.3.2.2.2.2.1.2.2.1.2.2.2.2.2.2",0.678264342303828,FALSE,TRUE,38
"2.2.2.2.2.3.1.3.2.2.2.2.1.2.2.2.1.2.2.2.2.2",0.696042811525909,FALSE,TRUE,38
"2.2.2.2.2.3.1.3.2.2.2.2.1.2.2.2.2.1.2.2.2.2",0.714453599657044,FALSE,TRUE,37
"2.2.2.2.2.3.1.3.2.2.2.2.1.2.2.2.2.2.1.2.2.2",0.755274125342668,FALSE,TRUE,37
"2.2.2.2.2.3.1.3.2.2.2.2.1.2.2.2.2.2.2.1.2.2",0.740293185961447,FALSE,TRUE,39
"2.2.2.2.2.3.1.3.2.2.2.2.1.2.2.2.2.2.2.2.1.2",0.695041382078733,FALSE,TRUE,38
"2.2.2.2.2.3.1.3.2.2.2.2.1.2.2.2.2.2.2.2.2.1",0.706445894289861,FALSE,TRUE,38
"3.2.2.2.2.2.1.2.2.2.2.1.1.2.2.2.2.2.1.2.2.2",0.83567881366209,FALSE,TRUE,37
"2.3.2.2.2.2.1.2.2.2.2.1.1.2.2.2.2.2.1.2.2.2",0.727293466585495,FALSE,TRUE,37
"2.2.3.2.2.2.1.2.2.2.2.1.1.2.2.2.2.2.1.2.2.2",0.780173157112851,FALSE,TRUE,37
"2.2.2.3.2.2.1.2.2.2.2.1.1.2.2.2.2.2.1.2.2.2",0.755918292172463,FALSE,TRUE,37
"2.2.2.2.3.2.1.2.2.2.2.1.1.2.2.2.2.2.1.2.2.2",0.788547773516637,FALSE,TRUE,37
"2.2.2.2.2.3.1.2.2.2.2.1.1.2.2.2.2.2.1.2.2.2",0.768373004841849,FALSE,TRUE,37
"2.2.2.2.2.2.2.2.2.2.2.1.1.2.2.2.2.2.1.2.2.2",0.801899579927814,FALSE,TRUE,36
"2.2.2.2.2.2.1.3.2.2.2.1.1.2.2.2.2.2.1.2.2.2",0.833656203846787,FALSE,TRUE,36
"2.2.2.2.2.2.1.2.2.3.2.1.1.2.2.2.2.2.1.2.2.2",0.816528923505328,FALSE,TRUE,37
"2.2.2.2.2.2.1.2.2.2.3.1.1.2.2.2.2.2.1.2.2.2",0.827729994180639,FALSE,TRUE,37
"2.2.2.2.2.2.1.2.2.2.2.1.2.2.2.2.2.2.1.2.2.2",0.771564196262611,FALSE,TRUE,36
"2.2.2.2.2.2.1.2.2.2.2.1.1.3.2.2.2.2.1.2.2.2",0.836338386367395,FALSE,TRUE,37
"2.2.2.2.2.2.1.2.2.2.2.1.1.2.3.2.2.2.1.2.2.2",0.820729931301062,FALSE,TRUE,37
"2.2.2.2.2.2.1.2.2.2.2.1.1.2.2.2.3.2.1.2.2.2",0.825125128059636,FALSE,TRUE,37
"2.2.2.2.2.2.1.2.2.2.2.1.1.2.2.2.2.3.1.2.2.2",0.764731271954533,FALSE,TRUE,37
"2.2.2.2.2.2.1.2.2.2.2.1.1.2.2.2.2.2.1.3.2.2",0.795795022688752,FALSE,TRUE,36
"2.2.2.2.2.2.1.2.2.2.2.1.1.2.2.2.2.2.1.2.3.2",0.829575523125978,FALSE,TRUE,37
"2.2.2.2.2.2.1.2.2.2.2.1.1.2.2.2.2.2.1.2.2.3",0.766557532508817,FALSE,TRUE,37
"1.2.2.2.2.2.1.2.2.2.2.1.1.2.2.2.2.2.1.2.2.2",0.746698243754761,FALSE,TRUE,36
"2.1.2.2.2.2.1.2.2.2.2.1.1.2.2.2.2.2.1.2.2.2",0.838721972839072,FALSE,TRUE,36
"2.2.1.2.2.2.1.2.2.2.2.1.1.2.2.2.2.2.1.2.2.2",0.785073135340597,FALSE,TRUE,34
"2.2.2.1.2.2.1.2.2.2.2.1.1.2.2.2.2.2.1.2.2.2",0.833320743220546,FALSE,TRUE,36
"2.2.2.2.1.2.1.2.2.2.2.1.1.2.2.2.2.2.1.2.2.2",0.763494455627857,FALSE,TRUE,36
"2.2.2.2.2.1.1.2.2.2.2.1.1.2.2.2.2.2.1.2.2.2",0.820137043195797,FALSE,TRUE,36
"2.2.2.2.2.2.1.1.2.2.2.1.1.2.2.2.2.2.1.2.2.2",0.751792737608836,FALSE,TRUE,36
"2.2.2.2.2.2.1.2.1.2.2.1.1.2.2.2.2.2.1.2.2.2",0.756599408034743,FALSE,TRUE,37
"2.2.2.2.2.2.1.2.2.1.2.1.1.2.2.2.2.2.1.2.2.2",0.748311241572266,FALSE,TRUE,36
"2.2.2.2.2.2.1.2.2.2.1.1.1.2.2.2.2.2.1.2.2.2",0.747107793314245,FALSE,TRUE,36
"2.2.2.2.2.2.1.2.2.2.2.1.1.1.2.2.2.2.1.2.2.2",0.742755116484796,FALSE,TRUE,36
"2.2.2.2.2.2.1.2.2.2.2.1.1.2.1.2.2.2.1.2.2.2",0.754087050230407,FALSE,TRUE,36
"2.2.2.2.2.2.1.2.2.2.2.1.1.2.2.1.2.2.1.2.2.2",0.750051135125012,FALSE,TRUE,36
"2.2.2.2.2.2.1.2.2.2.2.1.1.2.2.2.1.2.1.2.2.2",0.754347984233476,FALSE,TRUE,36
"2.2.2.2.2.2.1.2.2.2.2.1.1.2.2.2.2.1.1.2.2.2",0.801359076542407,FALSE,TRUE,35
"2.2.2.2.2.2.1.2.2.2.2.1.1.2.2.2.2.2.1.1.2.2",0.797369172035344,FALSE,TRUE,36
"2.2.2.2.2.2.1.2.2.2.2.1.1.2.2.2.2.2.1.2.1.2",0.721217562077836,FALSE,TRUE,36
"2.2.2.2.2.2.1.2.2.2.2.1.1.2.2.2.2.2.1.2.2.1",0.808675019072425,FALSE,TRUE,36
"3.2.2.2.2.2.2.2.2.2.2.1.2.2.2.2.2.2.2.2.2.2",0.74027765709875,FALSE,TRUE,39
"2.3.2.2.2.2.2.2.2.2.2.1.2.2.2.2.2.2.2.2.2.2",0.659131750585938,FALSE,TRUE,38
"2.2.3.2.2.2.2.2.2.2.2.1.2.2.2.2.2.2.2.2.2.2",0.708372036032937,FALSE,TRUE,39
"2.2.2.2.3.2.2.2.2.2.2.1.2.2.2.2.2.2.2.2.2.2",0.711219121593692,FALSE,TRUE,39
"2.2.2.2.2.3.2.2.2.2.2.1.2.2.2.2.2.2.2.2.2.2",0.698684025794825,FALSE,TRUE,39
"2.2.2.2.2.2.3.2.2.2.2.1.2.2.2.2.2.2.2.2.2.2",0.672688119089298,FALSE,TRUE,39
"2.2.2.2.2.2.2.3.2.2.2.1.2.2.2.2.2.2.2.2.2.2",0.760781434111425,FALSE,TRUE,39
"2.2.2.2.2.2.2.2.3.2.2.1.2.2.2.2.2.2.2.2.2.2",0.71766224952451,FALSE,TRUE,39
"2.2.2.2.2.2.2.2.2.3.2.1.2.2.2.2.2.2.2.2.2.2",0.746287972174609,FALSE,TRUE,39
"2.2.2.2.2.2.2.2.2.2.3.1.2.2.2.2.2.2.2.2.2.2",0.736751163375219,FALSE,TRUE,39
"2.2.2.2.2.2.2.2.2.2.2.1.3.2.2.2.2.2.2.2.2.2",0.637635006905857,FALSE,TRUE,39
"2.2.2.2.2.2.2.2.2.2.2.1.2.3.2.2.2.2.2.2.2.2",0.76522961414487,FALSE,TRUE,39
"2.2.2.2.2.2.2.2.2.2.2.1.2.2.3.2.2.2.2.2.2.2",0.73534040866834,FALSE,TRUE,39
"2.2.2.2.2.2.2.2.2.2.2.1.2.2.2.3.2.2.2.2.2.2",0.712935703153209,FALSE,TRUE,39
"2.2.2.2.2.2.2.2.2.2.2.1.2.2.2.2.3.2.2.2.2.2",0.727114549029189,FALSE,TRUE,39
"2.2.2.2.2.2.2.2.2.2.2.1.2.2.2.2.2.3.2.2.2.2",0.702638795045109,FALSE,TRUE,39
"2.2.2.2.2.2.2.2.2.2.2.1.2.2.2.2.2.2.3.2.2.2",0.695816773127403,FALSE,TRUE,39
"2.2.2.2.2.2.2.2.2.2.2.1.2.2.2.2.2.2.2.2.3.2",0.736487814411518,FALSE,TRUE,39
"2.2.2.2.2.2.2.2.2.2.2.1.2.2.2.2.2.2.2.2.2.3",0.685313980152129,FALSE,TRUE,39
"1.2.2.2.2.2.2.2.2.2.2.1.2.2.2.2.2.2.2.2.2.2",0.701429499222953,FALSE,TRUE,37
"2.1.2.2.2.2.2.2.2.2.2.1.2.2.2.2.2.2.2.2.2.2",0.770764864824468,FALSE,TRUE,38
"2.2.1.2.2.2.2.2.2.2.2.1.2.2.2.2.2.2.2.2.2.2",0.717002130934503,FALSE,TRUE,36
"2.2.2.1.2.2.2.2.2.2.2.1.2.2.2.2.2.2.2.2.2.2",0.747561347200482,FALSE,TRUE,39
"2.2.2.2.1.2.2.2.2.2.2.1.2.2.2.2.2.2.2.2.2.2",0.695390848617962,FALSE,TRUE,38
"2.2.2.2.2.1.2.2.2.2.2.1.2.2.2.2.2.2.2.2.2.2",0.747680939998575,FALSE,TRUE,38
"2.2.2.2.2.2.2.1.2.2.2.1.2.2.2.2.2.2.2.2.2.2",0.680075726986335,FALSE,TRUE,38
"2.2.2.2.2.2.2.2.1.2.2.1.2.2.2.2.2.2.2.2.2.2",0.717975686768067,FALSE,TRUE,38
"2.2.2.2.2.2.2.2.2.1.2.1.2.2.2.2.2.2.2.2.2.2",0.676690615464542,FALSE,TRUE,38
"2.2.2.2.2.2.2.2.2.2.1.1.2.2.2.2.2.2.2.2.2.2",0.702355045960661,FALSE,TRUE,38
"2.2.2.2.2.2.2.2.2.2.2.1.2.1.2.2.2.2.2.2.2.2",0.673639967767304,FALSE,TRUE,38
"2.2.2.2.2.2.2.2.2.2.2.1.2.2.1.2.2.2.2.2.2.2",0.701147105852186,FALSE,TRUE,38
"2.2.2.2.2.2.2.2.2.2.2.1.2.2.2.1.2.2.2.2.2.2",0.715638570674058,FALSE,TRUE,38
"2.2.2.2.2.2.2.2.2.2.2.1.2.2.2.2.1.2.2.2.2.2",0.70424766281967,FALSE,TRUE,38
"2.2.2.2.2.2.2.2.2.2.2.1.2.2.2.2.2.1.2.2.2.2",0.722123618010005,FALSE,TRUE,38
"2.2.2.2.2.2.2.2.2.2.2.1.2.2.2.2.2.2.1.2.2.2",0.747652549321965,FALSE,TRUE,36
"2.2.2.2.2.2.2.2.2.2.2.1.2.2.2.2.2.2.2.1.2.2",0.725653286506311,FALSE,TRUE,39
"2.2.2.2.2.2.2.2.2.2.2.1.2.2.2.2.2.2.2.2.1.2",0.666008261605707,FALSE,TRUE,38
"2.2.2.2.2.2.2.2.2.2.2.1.2.2.2.2.2.2.2.2.2.1",0.754574866265303,FALSE,TRUE,38
"1.3.2.2.2.2.2.2.2.2.2.2.1.2.2.2.2.2.2.2.2.2",0.644796833821587,FALSE,TRUE,38
"1.2.3.2.2.2.2.2.2.2.2.2.1.2.2.2.2.2.2.2.2.2",0.693357985264689,FALSE,TRUE,38
"1.2.2.3.2.2.2.2.2.2.2.2.1.2.2.2.2.2.2.2.2.2",0.717799450496187,FALSE,TRUE,37
"1.2.2.2.3.2.2.2.2.2.2.2.1.2.2.2.2.2.2.2.2.2",0.679482339085039,FALSE,TRUE,38
"1.2.2.2.2.3.2.2.2.2.2.2.1.2.2.2.2.2.2.2.2.2",0.68956721396469,FALSE,TRUE,38
"1.2.2.2.2.2.3.2.2.2.2.2.1.2.2.2.2.2.2.2.2.2",0.704451231364819,FALSE,TRUE,38
"1.2.2.2.2.2.2.3.2.2.2.2.1.2.2.2.2.2.2.2.2.2",0.75327793747824,FALSE,TRUE,37
"1.2.2.2.2.2.2.2.3.2.2.2.1.2.2.2.2.2.2.2.2.2",0.728443083948801,FALSE,TRUE,38
"1.2.2.2.2.2.2.2.2.3.2.2.1.2.2.2.2.2.2.2.2.2",0.729075592280949,FALSE,TRUE,38
"1.2.2.2.2.2.2.2.2.2.3.2.1.2.2.2.2.2.2.2.2.2",0.750634790907414,FALSE,TRUE,38
"1.2.2.2.2.2.2.2.2.2.2.3.1.2.2.2.2.2.2.2.2.2",0.708727306765111,FALSE,TRUE,37
"1.2.2.2.2.2.2.2.2.2.2.2.1.3.2.2.2.2.2.2.2.2",0.770329828269749,FALSE,TRUE,38
"1.2.2.2.2.2.2.2.2.2.2.2.1.2.3.2.2.2.2.2.2.2",0.71338053803931,FALSE,TRUE,38
"1.2.2.2.2.2.2.2.2.2.2.2.1.2.2.3.2.2.2.2.2.2",0.751038922637572,FALSE,TRUE,38
"1.2.2.2.2.2.2.2.2.2.2.2.1.2.2.2.3.2.2.2.2.2",0.730506510102848,FALSE,TRUE,38
"1.2.2.2.2.2.2.2.2.2.2.2.1.2.2.2.2.3.2.2.2.2",0.713708833283703,FALSE,TRUE,38
"1.2.2.2.2.2.2.2.2.2.2.2.1.2.2.2.2.2.3.2.2.2",0.70267641108299,FALSE,TRUE,38
"1.2.2.2.2.2.2.2.2.2.2.2.1.2.2.2.2.2.2.3.2.2",0.711454196226644,FALSE,TRUE,38
"1.2.2.2.2.2.2.2.2.2.2.2.1.2.2.2.2.2.2.2.2.3",0.705139570291128,FALSE,TRUE,38
"1.1.2.2.2.2.2.2.2.2.2.2.1.2.2.2.2.2.2.2.2.2",0.794035600308256,FALSE,TRUE,37
"1.2.1.2.2.2.2.2.2.2.2.2.1.2.2.2.2.2.2.2.2.2",0.744820488913536,FALSE,TRUE,36
"1.2.2.1.2.2.2.2.2.2.2.2.1.2.2.2.2.2.2.2.2.2",0.741333530174262,FALSE,TRUE,37
"1.2.2.2.1.2.2.2.2.2.2.2.1.2.2.2.2.2.2.2.2.2",0.742506120130594,FALSE,TRUE,37
"1.2.2.2.2.1.2.2.2.2.2.2.1.2.2.2.2.2.2.2.2.2",0.768759473486086,FALSE,TRUE,37
"1.2.2.2.2.2.2.1.2.2.2.2.1.2.2.2.2.2.2.2.2.2",0.698116978561258,FALSE,TRUE,37
"1.2.2.2.2.2.2.2.1.2.2.2.1.2.2.2.2.2.2.2.2.2",0.716644524792326,FALSE,TRUE,37
"1.2.2.2.2.2.2.2.2.1.2.2.1.2.2.2.2.2.2.2.2.2",0.704661008281818,FALSE,TRUE,37
"1.2.2.2.2.2.2.2.2.2.1.2.1.2.2.2.2.2.2.2.2.2",0.698199519361964,FALSE,TRUE,37
"1.2.2.2.2.2.2.2.2.2.2.1.1.2.2.2.2.2.2.2.2.2",0.739366924276217,FALSE,TRUE,36
"1.2.2.2.2.2.2.2.2.2.2.2.1.1.2.2.2.2.2.2.2.2",0.68150207631385,FALSE,TRUE,37
"1.2.2.2.2.2.2.2.2.2.2.2.1.2.1.2.2.2.2.2.2.2",0.731845533085259,FALSE,TRUE,37
"1.2.2.2.2.2.2.2.2.2.2.2.1.2.2.1.2.2.2.2.2.2",0.686150575739957,FALSE,TRUE,37
"1.2.2.2.2.2.2.2.2.2.2.2.1.2.2.2.1.2.2.2.2.2",0.713568315758646,FALSE,TRUE,37
"1.2.2.2.2.2.2.2.2.2.2.2.1.2.2.2.2.1.2.2.2.2",0.720477409864151,FALSE,TRUE,36
"1.2.2.2.2.2.2.2.2.2.2.2.1.2.2.2.2.2.1.2.2.2",0.751390421400932,FALSE,TRUE,36
"1.2.2.2.2.2.2.2.2.2.2.2.1.2.2.2.2.2.2.1.2.2",0.748358088316514,FALSE,TRUE,37
"1.2.2.2.2.2.2.2.2.2.2.2.1.2.2.2.2.2.2.2.2.1",0.737790973266593,FALSE,TRUE,37
"3.2.2.2.2.2.2.2.2.2.2.1.2.2.2.2.2.2.2.3.2.2",0.737210841314887,FALSE,TRUE,40
"2.3.2.2.2.2.2.2.2.2.2.1.2.2.2.2.2.2.2.3.2.2",0.660629920769334,FALSE,TRUE,40
"2.2.2.3.2.2.2.2.2.2.2.1.2.2.2.2.2.2.2.3.2.2",0.684564978844484,FALSE,TRUE,37
"2.2.2.2.3.2.2.2.2.2.2.1.2.2.2.2.2.2.2.3.2.2",0.702019154881941,FALSE,TRUE,40
"2.2.2.2.2.3.2.2.2.2.2.1.2.2.2.2.2.2.2.3.2.2",0.694583642106872,FALSE,TRUE,40
"2.2.2.2.2.2.3.2.2.2.2.1.2.2.2.2.2.2.2.3.2.2",0.668478903604363,FALSE,TRUE,40
"2.2.2.2.2.2.2.3.2.2.2.1.2.2.2.2.2.2.2.3.2.2",0.749903699942905,FALSE,TRUE,40
"2.2.2.2.2.2.2.2.3.2.2.1.2.2.2.2.2.2.2.3.2.2",0.69469968927859,FALSE,TRUE,40
"2.2.2.2.2.2.2.2.2.3.2.1.2.2.2.2.2.2.2.3.2.2",0.733511998884535,FALSE,TRUE,40
"2.2.2.2.2.2.2.2.2.2.3.1.2.2.2.2.2.2.2.3.2.2",0.724687368622285,FALSE,TRUE,39
"2.2.2.2.2.2.2.2.2.2.2.1.3.2.2.2.2.2.2.3.2.2",0.641056189291851,FALSE,TRUE,40
"2.2.2.2.2.2.2.2.2.2.2.1.2.3.2.2.2.2.2.3.2.2",0.763683614662628,FALSE,TRUE,40
"2.2.2.2.2.2.2.2.2.2.2.1.2.2.3.2.2.2.2.3.2.2",0.723191286749807,FALSE,TRUE,40
"2.2.2.2.2.2.2.2.2.2.2.1.2.2.2.3.2.2.2.3.2.2",0.714310576225665,FALSE,TRUE,40
"2.2.2.2.2.2.2.2.2.2.2.1.2.2.2.2.3.2.2.3.2.2",0.714163294926405,FALSE,TRUE,40
"2.2.2.2.2.2.2.2.2.2.2.1.2.2.2.2.2.3.2.3.2.2",0.705130835246091,FALSE,TRUE,40
"2.2.2.2.2.2.2.2.2.2.2.1.2.2.2.2.2.2.3.3.2.2",0.675190143995786,FALSE,TRUE,40
"2.2.2.2.2.2.2.2.2.2.2.1.2.2.2.2.2.2.2.4.2.2",0.694151333317121,FALSE,TRUE,41
"2.2.2.2.2.2.2.2.2.2.2.1.2.2.2.2.2.2.2.3.3.2",0.736240352553511,FALSE,TRUE,40
"2.2.2.2.2.2.2.2.2.2.2.1.2.2.2.2.2.2.2.3.2.3",0.678987120000539,FALSE,TRUE,40
"1.2.2.2.2.2.2.2.2.2.2.1.2.2.2.2.2.2.2.3.2.2",0.683906128602323,FALSE,TRUE,39
"2.1.2.2.2.2.2.2.2.2.2.1.2.2.2.2.2.2.2.3.2.2",0.750795082521035,FALSE,TRUE,39
"2.2.1.2.2.2.2.2.2.2.2.1.2.2.2.2.2.2.2.3.2.2",0.704666604481965,FALSE,TRUE,40
"2.2.2.1.2.2.2.2.2.2.2.1.2.2.2.2.2.2.2.3.2.2",0.74440471259134,FALSE,TRUE,39
"2.2.2.2.1.2.2.2.2.2.2.1.2.2.2.2.2.2.2.3.2.2",0.682505560902527,FALSE,TRUE,39
"2.2.2.2.2.1.2.2.2.2.2.1.2.2.2.2.2.2.2.3.2.2",0.731177318926372,FALSE,TRUE,39
"2.2.2.2.2.2.1.2.2.2.2.1.2.2.2.2.2.2.2.3.2.2",0.744935347300904,FALSE,TRUE,38
"2.2.2.2.2.2.2.1.2.2.2.1.2.2.2.2.2.2.2.3.2.2",0.669907034349643,FALSE,TRUE,39
"2.2.2.2.2.2.2.2.1.2.2.1.2.2.2.2.2.2.2.3.2.2",0.720306735357323,FALSE,TRUE,39
"2.2.2.2.2.2.2.2.2.1.2.1.2.2.2.2.2.2.2.3.2.2",0.668592576150776,FALSE,TRUE,39
"2.2.2.2.2.2.2.2.2.2.1.1.2.2.2.2.2.2.2.3.2.2",0.696622239042594,FALSE,TRUE,39
"2.2.2.2.2.2.2.2.2.2.2.1.1.2.2.2.2.2.2.3.2.2",0.769822924527008,FALSE,TRUE,38
"2.2.2.2.2.2.2.2.2.2.2.1.2.1.2.2.2.2.2.3.2.2",0.655100012301939,FALSE,TRUE,39
"2.2.2.2.2.2.2.2.2.2.2.1.2.2.1.2.2.2.2.3.2.2",0.691867732464413,FALSE,TRUE,39
"2.2.2.2.2.2.2.2.2.2.2.1.2.2.2.1.2.2.2.3.2.2",0.698964834388293,FALSE,TRUE,39
"2.2.2.2.2.2.2.2.2.2.2.1.2.2.2.2.1.2.2.3.2.2",0.696455720149665,FALSE,TRUE,38
"2.2.2.2.2.2.2.2.2.2.2.1.2.2.2.2.2.1.2.3.2.2",0.699263919976072,FALSE,TRUE,39
"2.2.2.2.2.2.2.2.2.2.2.1.2.2.2.2.2.2.1.3.2.2",0.747147491296936,FALSE,TRUE,39
"2.2.2.2.2.2.2.2.2.2.2.1.2.2.2.2.2.2.2.3.1.2",0.646776237107397,FALSE,TRUE,39
"2.2.2.2.2.2.2.2.2.2.2.1.2.2.2.2.2.2.2.3.2.1",0.738241455399548,FALSE,TRUE,39
"3.2.2.4.2.2.2.2.2.2.2.2.2.1.2.2.2.2.2.2.2.2",0.540581005492738,FALSE,TRUE,41
"2.3.2.4.2.2.2.2.2.2.2.2.2.1.2.2.2.2.2.2.2.2",0.536569715353149,FALSE,TRUE,41
"2.2.3.4.2.2.2.2.2.2.2.2.2.1.2.2.2.2.2.2.2.2",0.50529846463766,FALSE,TRUE,41
"2.2.2.5.2.2.2.2.2.2.2.2.2.1.2.2.2.2.2.2.2.2",0.479861827637747,FALSE,TRUE,41
"2.2.2.4.3.2.2.2.2.2.2.2.2.1.2.2.2.2.2.2.2.2",0.571476300323528,FALSE,TRUE,41
"2.2.2.4.2.3.2.2.2.2.2.2.2.1.2.2.2.2.2.2.2.2",0.521906248621118,FALSE,TRUE,41
"2.2.2.4.2.2.3.2.2.2.2.2.2.1.2.2.2.2.2.2.2.2",0.542094837315682,FALSE,TRUE,41
"2.2.2.4.2.2.2.3.2.2.2.2.2.1.2.2.2.2.2.2.2.2",0.620961599706556,FALSE,TRUE,41
"2.2.2.4.2.2.2.2.3.2.2.2.2.1.2.2.2.2.2.2.2.2",0.540255074948869,FALSE,TRUE,41
"2.2.2.4.2.2.2.2.2.3.2.2.2.1.2.2.2.2.2.2.2.2",0.64110524821745,FALSE,TRUE,41
"2.2.2.4.2.2.2.2.2.2.3.2.2.1.2.2.2.2.2.2.2.2",0.521679329824118,FALSE,TRUE,41
"2.2.2.4.2.2.2.2.2.2.2.3.2.1.2.2.2.2.2.2.2.2",0.522271775619696,FALSE,TRUE,41
"2.2.2.4.2.2.2.2.2.2.2.2.3.1.2.2.2.2.2.2.2.2",0.462658662757127,FALSE,TRUE,40
"2.2.2.4.2.2.2.2.2.2.2.2.2.1.3.2.2.2.2.2.2.2",0.570248685757027,FALSE,TRUE,41
"2.2.2.4.2.2.2.2.2.2.2.2.2.1.2.3.2.2.2.2.2.2",0.498538955529521,FALSE,TRUE,41
"2.2.2.4.2.2.2.2.2.2.2.2.2.1.2.2.3.2.2.2.2.2",0.584847177983879,FALSE,TRUE,41
"2.2.2.4.2.2.2.2.2.2.2.2.2.1.2.2.2.3.2.2.2.2",0.553223894182468,FALSE,TRUE,40
"2.2.2.4.2.2.2.2.2.2.2.2.2.1.2.2.2.2.3.2.2.2",0.560934608628647,FALSE,TRUE,41
"2.2.2.4.2.2.2.2.2.2.2.2.2.1.2.2.2.2.2.3.2.2",0.531768247834106,FALSE,TRUE,41
"2.2.2.4.2.2.2.2.2.2.2.2.2.1.2.2.2.2.2.2.3.2",0.578521432188225,FALSE,TRUE,41
"2.2.2.4.2.2.2.2.2.2.2.2.2.1.2.2.2.2.2.2.2.3",0.495286517199523,FALSE,TRUE,41
"1.2.2.4.2.2.2.2.2.2.2.2.2.1.2.2.2.2.2.2.2.2",0.552932399988444,FALSE,TRUE,40
"2.1.2.4.2.2.2.2.2.2.2.2.2.1.2.2.2.2.2.2.2.2",0.556385774862826,FALSE,TRUE,40
"2.2.2.4.1.2.2.2.2.2.2.2.2.1.2.2.2.2.2.2.2.2",0.489812566445504,FALSE,TRUE,39
"2.2.2.4.2.1.2.2.2.2.2.2.2.1.2.2.2.2.2.2.2.2",0.573669831605161,FALSE,TRUE,40
"2.2.2.4.2.2.1.2.2.2.2.2.2.1.2.2.2.2.2.2.2.2",0.548085839776533,FALSE,TRUE,40
"2.2.2.4.2.2.2.1.2.2.2.2.2.1.2.2.2.2.2.2.2.2",0.471375268332567,FALSE,TRUE,40
"2.2.2.4.2.2.2.2.1.2.2.2.2.1.2.2.2.2.2.2.2.2",0.546363195843251,FALSE,TRUE,40
"2.2.2.4.2.2.2.2.2.1.2.2.2.1.2.2.2.2.2.2.2.2",0.435491677682325,FALSE,TRUE,40
"2.2.2.4.2.2.2.2.2.2.1.2.2.1.2.2.2.2.2.2.2.2",0.586285862667323,FALSE,TRUE,40
"2.2.2.4.2.2.2.2.2.2.2.1.2.1.2.2.2.2.2.2.2.2",0.567594638519727,FALSE,TRUE,39
"2.2.2.4.2.2.2.2.2.2.2.2.1.1.2.2.2.2.2.2.2.2",0.627862979121973,FALSE,TRUE,40
"2.2.2.4.2.2.2.2.2.2.2.2.2.1.1.2.2.2.2.2.2.2",0.519484506065004,FALSE,TRUE,40
"2.2.2.4.2.2.2.2.2.2.2.2.2.1.2.1.2.2.2.2.2.2",0.60437139187913,FALSE,TRUE,40
"2.2.2.4.2.2.2.2.2.2.2.2.2.1.2.2.1.2.2.2.2.2",0.506405887059109,FALSE,TRUE,40
"2.2.2.4.2.2.2.2.2.2.2.2.2.1.2.2.2.1.2.2.2.2",0.525701959658418,FALSE,TRUE,40
"2.2.2.4.2.2.2.2.2.2.2.2.2.1.2.2.2.2.1.2.2.2",0.536400942777896,FALSE,TRUE,40
"2.2.2.4.2.2.2.2.2.2.2.2.2.1.2.2.2.2.2.1.2.2",0.571031947027764,FALSE,TRUE,40
"2.2.2.4.2.2.2.2.2.2.2.2.2.1.2.2.2.2.2.2.1.2",0.498757828939392,FALSE,TRUE,40
"2.2.2.4.2.2.2.2.2.2.2.2.2.1.2.2.2.2.2.2.2.1",0.591335900374831,FALSE,TRUE,40
"1.3.2.2.2.2.2.2.2.2.2.2.1.2.2.2.2.2.2.2.1.2",0.603109796353201,FALSE,TRUE,38
"1.2.3.2.2.2.2.2.2.2.2.2.1.2.2.2.2.2.2.2.1.2",0.659040500257574,FALSE,TRUE,38
"1.2.2.3.2.2.2.2.2.2.2.2.1.2.2.2.2.2.2.2.1.2",0.646477007467998,FALSE,TRUE,38
"1.2.2.2.3.2.2.2.2.2.2.2.1.2.2.2.2.2.2.2.1.2",0.63091842050515,FALSE,TRUE,38
"1.2.2.2.2.3.2.2.2.2.2.2.1.2.2.2.2.2.2.2.1.2",0.649970702678069,FALSE,TRUE,38
"1.2.2.2.2.2.3.2.2.2.2.2.1.2.2.2.2.2.2.2.1.2",0.673413840248928,FALSE,TRUE,38
"1.2.2.2.2.2.2.3.2.2.2.2.1.2.2.2.2.2.2.2.1.2",0.708387406738009,FALSE,TRUE,38
"1.2.2.2.2.2.2.2.3.2.2.2.1.2.2.2.2.2.2.2.1.2",0.669510529001931,FALSE,TRUE,38
"1.2.2.2.2.2.2.2.2.3.2.2.1.2.2.2.2.2.2.2.1.2",0.661247285868824,FALSE,TRUE,38
"1.2.2.2.2.2.2.2.2.2.3.2.1.2.2.2.2.2.2.2.1.2",0.716699788801939,FALSE,TRUE,38
"1.2.2.2.2.2.2.2.2.2.2.3.1.2.2.2.2.2.2.2.1.2",0.67930804280839,FALSE,TRUE,38
"1.2.2.2.2.2.2.2.2.2.2.2.2.2.2.2.2.2.2.2.1.2",0.647853409944544,FALSE,TRUE,38
"1.2.2.2.2.2.2.2.2.2.2.2.1.3.2.2.2.2.2.2.1.2",0.715663318536443,FALSE,TRUE,38
"1.2.2.2.2.2.2.2.2.2.2.2.1.2.3.2.2.2.2.2.1.2",0.67360552735335,FALSE,TRUE,38
"1.2.2.2.2.2.2.2.2.2.2.2.1.2.2.3.2.2.2.2.1.2",0.697121502195033,FALSE,TRUE,38
"1.2.2.2.2.2.2.2.2.2.2.2.1.2.2.2.3.2.2.2.1.2",0.695642722191976,FALSE,TRUE,39
"1.2.2.2.2.2.2.2.2.2.2.2.1.2.2.2.2.3.2.2.1.2",0.645299853049889,FALSE,TRUE,38
"1.2.2.2.2.2.2.2.2.2.2.2.1.2.2.2.2.2.3.2.1.2",0.63406950104817,FALSE,TRUE,38
"1.2.2.2.2.2.2.2.2.2.2.2.1.2.2.2.2.2.2.3.1.2",0.646754453193027,FALSE,TRUE,38
"1.2.2.2.2.2.2.2.2.2.2.2.1.2.2.2.2.2.2.2.1.3",0.657642493582453,FALSE,TRUE,38
"1.1.2.2.2.2.2.2.2.2.2.2.1.2.2.2.2.2.2.2.1.2",0.720978654241458,FALSE,TRUE,37
"1.2.1.2.2.2.2.2.2.2.2.2.1.2.2.2.2.2.2.2.1.2",0.668561825392529,FALSE,TRUE,37
"1.2.2.1.2.2.2.2.2.2.2.2.1.2.2.2.2.2.2.2.1.2",0.697266835331841,FALSE,TRUE,37
"1.2.2.2.1.2.2.2.2.2.2.2.1.2.2.2.2.2.2.2.1.2",0.678430058882367,FALSE,TRUE,37
"1.2.2.2.2.1.2.2.2.2.2.2.1.2.2.2.2.2.2.2.1.2",0.692099805248533,FALSE,TRUE,37
"1.2.2.2.2.2.1.2.2.2.2.2.1.2.2.2.2.2.2.2.1.2",0.660585329504168,FALSE,TRUE,36
"1.2.2.2.2.2.2.1.2.2.2.2.1.2.2.2.2.2.2.2.1.2",0.634186880464327,FALSE,TRUE,37
"1.2.2.2.2.2.2.2.1.2.2.2.1.2.2.2.2.2.2.2.1.2",0.662081504084981,FALSE,TRUE,37
"1.2.2.2.2.2.2.2.2.1.2.2.1.2.2.2.2.2.2.2.1.2",0.656390426223407,FALSE,TRUE,37
"1.2.2.2.2.2.2.2.2.2.1.2.1.2.2.2.2.2.2.2.1.2",0.62502010272353,FALSE,TRUE,37
"1.2.2.2.2.2.2.2.2.2.2.1.1.2.2.2.2.2.2.2.1.2",0.657460822016499,FALSE,TRUE,37
"1.2.2.2.2.2.2.2.2.2.2.2.1.1.2.2.2.2.2.2.1.2",0.63313978532961,FALSE,TRUE,37
"1.2.2.2.2.2.2.2.2.2.2.2.1.2.1.2.2.2.2.2.1.2",0.660883992148417,FALSE,TRUE,37
"1.2.2.2.2.2.2.2.2.2.2.2.1.2.2.1.2.2.2.2.1.2",0.628460308108324,FALSE,TRUE,37
"1.2.2.2.2.2.2.2.2.2.2.2.1.2.2.2.2.1.2.2.1.2",0.671846021644593,FALSE,TRUE,37
"1.2.2.2.2.2.2.2.2.2.2.2.1.2.2.2.2.2.1.2.1.2",0.705279053335278,FALSE,TRUE,37
"1.2.2.2.2.2.2.2.2.2.2.2.1.2.2.2.2.2.2.1.1.2",0.697089747171774,FALSE,TRUE,37
"1.2.2.2.2.2.2.2.2.2.2.2.1.2.2.2.2.2.2.2.1.1",0.668945683476215,FALSE,TRUE,37
"3.2.1.4.2.2.2.2.2.2.2.2.2.2.2.2.2.3.2.2.2.2",0.640045882113806,FALSE,TRUE,38
"2.3.1.4.2.2.2.2.2.2.2.2.2.2.2.2.2.3.2.2.2.2",0.57881164895541,FALSE,TRUE,38
"2.2.1.5.2.2.2.2.2.2.2.2.2.2.2.2.2.3.2.2.2.2",0.53836028986309,FALSE,TRUE,38
"2.2.1.4.2.3.2.2.2.2.2.2.2.2.2.2.2.3.2.2.2.2",0.612870534424654,FALSE,TRUE,37
"2.2.1.4.2.2.2.3.2.2.2.2.2.2.2.2.2.3.2.2.2.2",0.685701269503348,FALSE,TRUE,38
"2.2.1.4.2.2.2.2.3.2.2.2.2.2.2.2.2.3.2.2.2.2",0.635971549196519,FALSE,TRUE,38
"2.2.1.4.2.2.2.2.2.3.2.2.2.2.2.2.2.3.2.2.2.2",0.672870934079182,FALSE,TRUE,38
"2.2.1.4.2.2.2.2.2.2.3.2.2.2.2.2.2.3.2.2.2.2",0.63480718376247,FALSE,TRUE,38
"2.2.1.4.2.2.2.2.2.2.2.3.2.2.2.2.2.3.2.2.2.2",0.638125540390749,FALSE,TRUE,38
"2.2.1.4.2.2.2.2.2.2.2.2.2.3.2.2.2.3.2.2.2.2",0.659472395020478,FALSE,TRUE,38
"2.2.1.4.2.2.2.2.2.2.2.2.2.2.2.3.2.3.2.2.2.2",0.562821722436003,FALSE,TRUE,38
"2.2.1.4.2.2.2.2.2.2.2.2.2.2.2.2.3.3.2.2.2.2",0.638584786409747,FALSE,TRUE,38
"2.2.1.4.2.2.2.2.2.2.2.2.2.2.2.2.2.4.2.2.2.2",0.554639438861971,FALSE,TRUE,39
"2.2.1.4.2.2.2.2.2.2.2.2.2.2.2.2.2.3.3.2.2.2",0.631235820678116,FALSE,TRUE,38
"2.2.1.4.2.2.2.2.2.2.2.2.2.2.2.2.2.3.2.3.2.2",0.614077574233624,FALSE,TRUE,38
"2.2.1.4.2.2.2.2.2.2.2.2.2.2.2.2.2.3.2.2.3.2",0.675875070737024,FALSE,TRUE,37
"2.2.1.4.2.2.2.2.2.2.2.2.2.2.2.2.2.3.2.2.2.3",0.592576642972971,FALSE,TRUE,38
"1.2.1.4.2.2.2.2.2.2.2.2.2.2.2.2.2.3.2.2.2.2",0.585030940183625,FALSE,TRUE,37
"2.1.1.4.2.2.2.2.2.2.2.2.2.2.2.2.2.3.2.2.2.2",0.64286321861084,FALSE,TRUE,37
"2.2.1.3.2.2.2.2.2.2.2.2.2.2.2.2.2.3.2.2.2.2",0.688136635272631,FALSE,TRUE,36
"2.2.1.4.1.2.2.2.2.2.2.2.2.2.2.2.2.3.2.2.2.2",0.537996921550364,FALSE,TRUE,38
"2.2.1.4.2.1.2.2.2.2.2.2.2.2.2.2.2.3.2.2.2.2",0.618098435796482,FALSE,TRUE,37
"2.2.1.4.2.2.1.2.2.2.2.2.2.2.2.2.2.3.2.2.2.2",0.600317279804939,FALSE,TRUE,38
"2.2.1.4.2.2.2.1.2.2.2.2.2.2.2.2.2.3.2.2.2.2",0.541818980328206,FALSE,TRUE,37
"2.2.1.4.2.2.2.2.1.2.2.2.2.2.2.2.2.3.2.2.2.2",0.590565023906212,FALSE,TRUE,37
"2.2.1.4.2.2.2.2.2.1.2.2.2.2.2.2.2.3.2.2.2.2",0.537247964292598,FALSE,TRUE,37
"2.2.1.4.2.2.2.2.2.2.1.2.2.2.2.2.2.3.2.2.2.2",0.604336591866791,FALSE,TRUE,37
"2.2.1.4.2.2.2.2.2.2.2.1.2.2.2.2.2.3.2.2.2.2",0.585022092610428,FALSE,TRUE,37
"2.2.1.4.2.2.2.2.2.2.2.2.1.2.2.2.2.3.2.2.2.2",0.699046813826775,FALSE,TRUE,37
"2.2.1.4.2.2.2.2.2.2.2.2.2.1.2.2.2.3.2.2.2.2",0.576479616882004,FALSE,TRUE,36
"2.2.1.4.2.2.2.2.2.2.2.2.2.2.1.2.2.3.2.2.2.2",0.551113638714302,FALSE,TRUE,38
"2.2.1.4.2.2.2.2.2.2.2.2.2.2.2.1.2.3.2.2.2.2",0.668154313845196,FALSE,TRUE,37
"2.2.1.4.2.2.2.2.2.2.2.2.2.2.2.2.1.3.2.2.2.2",0.577773245619966,FALSE,TRUE,37
"2.2.1.4.2.2.2.2.2.2.2.2.2.2.2.2.2.3.1.2.2.2",0.601484045636619,FALSE,TRUE,37
"2.2.1.4.2.2.2.2.2.2.2.2.2.2.2.2.2.3.2.1.2.2",0.624535353518245,FALSE,TRUE,37
"2.2.1.4.2.2.2.2.2.2.2.2.2.2.2.2.2.3.2.2.1.2",0.523085281054107,FALSE,TRUE,37
"2.2.1.4.2.2.2.2.2.2.2.2.2.2.2.2.2.3.2.2.2.1",0.623241396010646,FALSE,TRUE,37
"3.1.2.2.2.2.2.2.2.2.2.3.2.2.2.2.2.2.2.2.2.2",0.702621931813779,FALSE,TRUE,41
"2.1.3.2.2.2.2.2.2.2.2.3.2.2.2.2.2.2.2.2.2.2",0.670647300925536,FALSE,TRUE,41
"2.1.2.3.2.2.2.2.2.2.2.3.2.2.2.2.2.2.2.2.2.2",0.69868719373445,FALSE,TRUE,40
"2.1.2.2.3.2.2.2.2.2.2.3.2.2.2.2.2.2.2.2.2.2",0.699906902129263,FALSE,TRUE,41
"2.1.2.2.2.3.2.2.2.2.2.3.2.2.2.2.2.2.2.2.2.2",0.698555020300599,FALSE,TRUE,41
"2.1.2.2.2.2.3.2.2.2.2.3.2.2.2.2.2.2.2.2.2.2",0.68273480196662,FALSE,TRUE,41
"2.1.2.2.2.2.2.3.2.2.2.3.2.2.2.2.2.2.2.2.2.2",0.751097584180669,FALSE,TRUE,41
"2.1.2.2.2.2.2.2.3.2.2.3.2.2.2.2.2.2.2.2.2.2",0.682491076918513,FALSE,TRUE,41
"2.1.2.2.2.2.2.2.2.3.2.3.2.2.2.2.2.2.2.2.2.2",0.758020346007696,FALSE,TRUE,41
"2.1.2.2.2.2.2.2.2.2.3.3.2.2.2.2.2.2.2.2.2.2",0.703435788426282,FALSE,TRUE,41
"2.1.2.2.2.2.2.2.2.2.2.4.2.2.2.2.2.2.2.2.2.2",0.680522851421342,FALSE,TRUE,41
"2.1.2.2.2.2.2.2.2.2.2.3.3.2.2.2.2.2.2.2.2.2",0.64581193314395,FALSE,TRUE,41
"2.1.2.2.2.2.2.2.2.2.2.3.2.3.2.2.2.2.2.2.2.2",0.796198999519427,FALSE,TRUE,41
"2.1.2.2.2.2.2.2.2.2.2.3.2.2.3.2.2.2.2.2.2.2",0.716594800713171,FALSE,TRUE,41
"2.1.2.2.2.2.2.2.2.2.2.3.2.2.2.3.2.2.2.2.2.2",0.707027754145643,FALSE,TRUE,41
"2.1.2.2.2.2.2.2.2.2.2.3.2.2.2.2.3.2.2.2.2.2",0.721045165243949,FALSE,TRUE,41
"2.1.2.2.2.2.2.2.2.2.2.3.2.2.2.2.2.3.2.2.2.2",0.742923837166852,FALSE,TRUE,41
"2.1.2.2.2.2.2.2.2.2.2.3.2.2.2.2.2.2.3.2.2.2",0.695277999886968,FALSE,TRUE,41
"2.1.2.2.2.2.2.2.2.2.2.3.2.2.2.2.2.2.2.3.2.2",0.712205210508962,FALSE,TRUE,41
"2.1.2.2.2.2.2.2.2.2.2.3.2.2.2.2.2.2.2.2.3.2",0.714571610014087,FALSE,TRUE,41
"2.1.2.2.2.2.2.2.2.2.2.3.2.2.2.2.2.2.2.2.2.3",0.673177800295115,FALSE,TRUE,41
"1.1.2.2.2.2.2.2.2.2.2.3.2.2.2.2.2.2.2.2.2.2",0.741633440363495,FALSE,TRUE,40
"2.1.1.2.2.2.2.2.2.2.2.3.2.2.2.2.2.2.2.2.2.2",0.760676969541056,FALSE,TRUE,40
"2.1.2.1.2.2.2.2.2.2.2.3.2.2.2.2.2.2.2.2.2.2",0.748950923516973,FALSE,TRUE,40
"2.1.2.2.1.2.2.2.2.2.2.3.2.2.2.2.2.2.2.2.2.2",0.705745447870053,FALSE,TRUE,40
"2.1.2.2.2.1.2.2.2.2.2.3.2.2.2.2.2.2.2.2.2.2",0.744978545405299,FALSE,TRUE,40
"2.1.2.2.2.2.1.2.2.2.2.3.2.2.2.2.2.2.2.2.2.2",0.756292040710846,FALSE,TRUE,39
"2.1.2.2.2.2.2.1.2.2.2.3.2.2.2.2.2.2.2.2.2.2",0.687419912805647,FALSE,TRUE,40
"2.1.2.2.2.2.2.2.1.2.2.3.2.2.2.2.2.2.2.2.2.2",0.748461717692923,FALSE,TRUE,40
"2.1.2.2.2.2.2.2.2.1.2.3.2.2.2.2.2.2.2.2.2.2",0.663324140987456,FALSE,TRUE,40
"2.1.2.2.2.2.2.2.2.2.1.3.2.2.2.2.2.2.2.2.2.2",0.734221931703657,FALSE,TRUE,40
"2.1.2.2.2.2.2.2.2.2.2.3.1.2.2.2.2.2.2.2.2.2",0.773248238771787,FALSE,TRUE,39
"2.1.2.2.2.2.2.2.2.2.2.3.2.1.2.2.2.2.2.2.2.2",0.637463040675099,FALSE,TRUE,40
"2.1.2.2.2.2.2.2.2.2.2.3.2.2.1.2.2.2.2.2.2.2",0.714931744732649,FALSE,TRUE,40
"2.1.2.2.2.2.2.2.2.2.2.3.2.2.2.1.2.2.2.2.2.2",0.715363464553506,FALSE,TRUE,40
"2.1.2.2.2.2.2.2.2.2.2.3.2.2.2.2.1.2.2.2.2.2",0.717561119413965,FALSE,TRUE,40
"2.1.2.2.2.2.2.2.2.2.2.3.2.2.2.2.2.1.2.2.2.2",0.683690289089295,FALSE,TRUE,40
"2.1.2.2.2.2.2.2.2.2.2.3.2.2.2.2.2.2.1.2.2.2",0.748142108378902,FALSE,TRUE,40
"2.1.2.2.2.2.2.2.2.2.2.3.2.2.2.2.2.2.2.1.2.2",0.737105961254915,FALSE,TRUE,40
"2.1.2.2.2.2.2.2.2.2.2.3.2.2.2.2.2.2.2.2.1.2",0.69541438263431,FALSE,TRUE,40
"2.1.2.2.2.2.2.2.2.2.2.3.2.2.2.2.2.2.2.2.2.1",0.768636138930803,FALSE,TRUE,40
"2.2.2.2.2.2.2.2.2.2.2.2.1.2.2.2.1.2.2.2.1.2",0.68421841957521,FALSE,TRUE,38
"1.3.2.2.2.2.2.2.2.2.2.2.1.2.2.2.1.2.2.2.1.2",0.569309596395956,FALSE,TRUE,38
"1.2.3.2.2.2.2.2.2.2.2.2.1.2.2.2.1.2.2.2.1.2",0.635168430939721,FALSE,TRUE,38
"1.2.2.3.2.2.2.2.2.2.2.2.1.2.2.2.1.2.2.2.1.2",0.592324771218354,FALSE,TRUE,38
"1.2.2.2.3.2.2.2.2.2.2.2.1.2.2.2.1.2.2.2.1.2",0.595709150860702,FALSE,TRUE,38
"1.2.2.2.2.3.2.2.2.2.2.2.1.2.2.2.1.2.2.2.1.2",0.594363900739583,FALSE,TRUE,38
"1.2.2.2.2.2.3.2.2.2.2.2.1.2.2.2.1.2.2.2.1.2",0.627403901898941,FALSE,TRUE,38
"1.2.2.2.2.2.2.3.2.2.2.2.1.2.2.2.1.2.2.2.1.2",0.666135799692575,FALSE,TRUE,38
"1.2.2.2.2.2.2.2.3.2.2.2.1.2.2.2.1.2.2.2.1.2",0.634367570996641,FALSE,TRUE,38
"1.2.2.2.2.2.2.2.2.3.2.2.1.2.2.2.1.2.2.2.1.2",0.631982609523578,FALSE,TRUE,38
"1.2.2.2.2.2.2.2.2.2.3.2.1.2.2.2.1.2.2.2.1.2",0.671505156488983,FALSE,TRUE,38
"1.2.2.2.2.2.2.2.2.2.2.3.1.2.2.2.1.2.2.2.1.2",0.650244449913481,FALSE,TRUE,38
"1.2.2.2.2.2.2.2.2.2.2.2.2.2.2.2.1.2.2.2.1.2",0.606589336455855,FALSE,TRUE,39
"1.2.2.2.2.2.2.2.2.2.2.2.1.3.2.2.1.2.2.2.1.2",0.677444761150507,FALSE,TRUE,38
"1.2.2.2.2.2.2.2.2.2.2.2.1.2.3.2.1.2.2.2.1.2",0.626983341329094,FALSE,TRUE,38
"1.2.2.2.2.2.2.2.2.2.2.2.1.2.2.3.1.2.2.2.1.2",0.663338981759521,FALSE,TRUE,38
"1.2.2.2.2.2.2.2.2.2.2.2.1.2.2.2.1.3.2.2.1.2",0.609335744117576,FALSE,TRUE,38
"1.2.2.2.2.2.2.2.2.2.2.2.1.2.2.2.1.2.3.2.1.2",0.590008189623139,FALSE,TRUE,38
"1.2.2.2.2.2.2.2.2.2.2.2.1.2.2.2.1.2.2.3.1.2",0.604623123126531,FALSE,TRUE,38
"1.2.2.2.2.2.2.2.2.2.2.2.1.2.2.2.1.2.2.2.1.3",0.595039928605344,FALSE,TRUE,38
"1.1.2.2.2.2.2.2.2.2.2.2.1.2.2.2.1.2.2.2.1.2",0.659115944522424,FALSE,TRUE,37
"1.2.1.2.2.2.2.2.2.2.2.2.1.2.2.2.1.2.2.2.1.2",0.599486368635432,FALSE,TRUE,37
"1.2.2.1.2.2.2.2.2.2.2.2.1.2.2.2.1.2.2.2.1.2",0.654771202943171,FALSE,TRUE,37
"1.2.2.2.1.2.2.2.2.2.2.2.1.2.2.2.1.2.2.2.1.2",0.619391670438029,FALSE,TRUE,37
"1.2.2.2.2.1.2.2.2.2.2.2.1.2.2.2.1.2.2.2.1.2",0.650826864413346,FALSE,TRUE,37
"1.2.2.2.2.2.1.2.2.2.2.2.1.2.2.2.1.2.2.2.1.2",0.615586236830494,FALSE,TRUE,37
"1.2.2.2.2.2.2.1.2.2.2.2.1.2.2.2.1.2.2.2.1.2",0.581915282584828,FALSE,TRUE,37
"1.2.2.2.2.2.2.2.1.2.2.2.1.2.2.2.1.2.2.2.1.2",0.600295906301588,FALSE,TRUE,37
"1.2.2.2.2.2.2.2.2.1.2.2.1.2.2.2.1.2.2.2.1.2",0.590079532276355,FALSE,TRUE,37
"1.2.2.2.2.2.2.2.2.2.1.2.1.2.2.2.1.2.2.2.1.2",0.575717584353724,FALSE,TRUE,37
"1.2.2.2.2.2.2.2.2.2.2.1.1.2.2.2.1.2.2.2.1.2",0.592069719205325,FALSE,TRUE,37
"1.2.2.2.2.2.2.2.2.2.2.2.1.1.2.2.1.2.2.2.1.2",0.578953198579053,FALSE,TRUE,37
"1.2.2.2.2.2.2.2.2.2.2.2.1.2.1.2.1.2.2.2.1.2",0.610401700579505,FALSE,TRUE,37
"1.2.2.2.2.2.2.2.2.2.2.2.1.2.2.1.1.2.2.2.1.2",0.567963159803384,FALSE,TRUE,37
"1.2.2.2.2.2.2.2.2.2.2.2.1.2.2.2.1.1.2.2.1.2",0.614260252268746,FALSE,TRUE,37
"1.2.2.2.2.2.2.2.2.2.2.2.1.2.2.2.1.2.1.2.1.2",0.652647044860644,FALSE,TRUE,37
"1.2.2.2.2.2.2.2.2.2.2.2.1.2.2.2.1.2.2.1.1.2",0.641532341965384,FALSE,TRUE,37
"1.2.2.2.2.2.2.2.2.2.2.2.1.2.2.2.1.2.2.2.1.1",0.63625768341038,FALSE,TRUE,37
"3.2.2.3.2.2.2.2.2.2.2.1.2.2.2.2.2.2.2.2.2.2",0.70425235570028,FALSE,TRUE,38
"2.3.2.3.2.2.2.2.2.2.2.1.2.2.2.2.2.2.2.2.2.2",0.640779318402283,FALSE,TRUE,38
"2.2.3.3.2.2.2.2.2.2.2.1.2.2.2.2.2.2.2.2.2.2",0.676883521719695,FALSE,TRUE,37
"2.2.2.3.3.2.2.2.2.2.2.1.2.2.2.2.2.2.2.2.2.2",0.704995696039124,FALSE,TRUE,38
"2.2.2.3.2.3.2.2.2.2.2.1.2.2.2.2.2.2.2.2.2.2",0.668241698411144,FALSE,TRUE,37
"2.2.2.3.2.2.3.2.2.2.2.1.2.2.2.2.2.2.2.2.2.2",0.651791747762887,FALSE,TRUE,38
"2.2.2.3.2.2.2.3.2.2.2.1.2.2.2.2.2.2.2.2.2.2",0.740254990725292,FALSE,TRUE,38
"2.2.2.3.2.2.2.2.3.2.2.1.2.2.2.2.2.2.2.2.2.2",0.690858220948316,FALSE,TRUE,38
"2.2.2.3.2.2.2.2.2.3.2.1.2.2.2.2.2.2.2.2.2.2",0.731897303012242,FALSE,TRUE,38
"2.2.2.3.2.2.2.2.2.2.2.1.3.2.2.2.2.2.2.2.2.2",0.600478586125849,FALSE,TRUE,38
"2.2.2.3.2.2.2.2.2.2.2.1.2.3.2.2.2.2.2.2.2.2",0.739027214808908,FALSE,TRUE,38
"2.2.2.3.2.2.2.2.2.2.2.1.2.2.3.2.2.2.2.2.2.2",0.722615800029367,FALSE,TRUE,38
"2.2.2.3.2.2.2.2.2.2.2.1.2.2.2.3.2.2.2.2.2.2",0.674059731277613,FALSE,TRUE,38
"2.2.2.3.2.2.2.2.2.2.2.1.2.2.2.2.3.2.2.2.2.2",0.704250154785971,FALSE,TRUE,39
"2.2.2.3.2.2.2.2.2.2.2.1.2.2.2.2.2.3.2.2.2.2",0.669037897529029,FALSE,TRUE,38
"2.2.2.3.2.2.2.2.2.2.2.1.2.2.2.2.2.2.3.2.2.2",0.671997496699027,FALSE,TRUE,38
"2.2.2.3.2.2.2.2.2.2.2.1.2.2.2.2.2.2.2.2.3.2",0.721337471193352,FALSE,TRUE,38
"2.2.2.3.2.2.2.2.2.2.2.1.2.2.2.2.2.2.2.2.2.3",0.648680646546292,FALSE,TRUE,38
"1.2.2.3.2.2.2.2.2.2.2.1.2.2.2.2.2.2.2.2.2.2",0.667445815603197,FALSE,TRUE,37
"2.1.2.3.2.2.2.2.2.2.2.1.2.2.2.2.2.2.2.2.2.2",0.722366409503877,FALSE,TRUE,37
"2.2.1.3.2.2.2.2.2.2.2.1.2.2.2.2.2.2.2.2.2.2",0.679502203943235,FALSE,TRUE,35
"2.2.2.3.1.2.2.2.2.2.2.1.2.2.2.2.2.2.2.2.2.2",0.632384581279358,FALSE,TRUE,37
"2.2.2.3.2.1.2.2.2.2.2.1.2.2.2.2.2.2.2.2.2.2",0.70801769997832,FALSE,TRUE,37
"2.2.2.3.2.2.1.2.2.2.2.1.2.2.2.2.2.2.2.2.2.2",0.711900843490194,FALSE,TRUE,37
"2.2.2.3.2.2.2.1.2.2.2.1.2.2.2.2.2.2.2.2.2.2",0.631175256177649,FALSE,TRUE,37
"2.2.2.3.2.2.2.2.1.2.2.1.2.2.2.2.2.2.2.2.2.2",0.676959008882125,FALSE,TRUE,37
"2.2.2.3.2.2.2.2.2.1.2.1.2.2.2.2.2.2.2.2.2.2",0.62171695551276,FALSE,TRUE,37
"2.2.2.3.2.2.2.2.2.2.1.1.2.2.2.2.2.2.2.2.2.2",0.678256160649092,FALSE,TRUE,38
"2.2.2.3.2.2.2.2.2.2.2.1.1.2.2.2.2.2.2.2.2.2",0.760884219697699,FALSE,TRUE,37
"2.2.2.3.2.2.2.2.2.2.2.1.2.1.2.2.2.2.2.2.2.2",0.632899212037637,FALSE,TRUE,36
"2.2.2.3.2.2.2.2.2.2.2.1.2.2.1.2.2.2.2.2.2.2",0.645219309452719,FALSE,TRUE,37
"2.2.2.3.2.2.2.2.2.2.2.1.2.2.2.1.2.2.2.2.2.2",0.691862881449239,FALSE,TRUE,37
"2.2.2.3.2.2.2.2.2.2.2.1.2.2.2.2.2.1.2.2.2.2",0.685993956818707,FALSE,TRUE,37
"2.2.2.3.2.2.2.2.2.2.2.1.2.2.2.2.2.2.1.2.2.2",0.7026112473898,FALSE,TRUE,37
"2.2.2.3.2.2.2.2.2.2.2.1.2.2.2.2.2.2.2.1.2.2",0.697556831695232,FALSE,TRUE,37
"2.2.2.3.2.2.2.2.2.2.2.1.2.2.2.2.2.2.2.2.1.2",0.615535217258267,FALSE,TRUE,37
"2.2.2.3.2.2.2.2.2.2.2.1.2.2.2.2.2.2.2.2.2.1",0.717704416136742,FALSE,TRUE,37
"3.2.2.3.2.2.2.2.2.2.3.1.2.2.2.2.2.2.2.2.2.2",0.683593644162806,FALSE,TRUE,41
"2.3.2.3.2.2.2.2.2.2.3.1.2.2.2.2.2.2.2.2.2.2",0.64600704925299,FALSE,TRUE,41
"2.2.3.3.2.2.2.2.2.2.3.1.2.2.2.2.2.2.2.2.2.2",0.657355096687215,FALSE,TRUE,41
"2.2.2.4.2.2.2.2.2.2.3.1.2.2.2.2.2.2.2.2.2.2",0.629055109495566,FALSE,TRUE,40
"2.2.2.3.3.2.2.2.2.2.3.1.2.2.2.2.2.2.2.2.2.2",0.713016044024869,FALSE,TRUE,41
"2.2.2.3.2.3.2.2.2.2.3.1.2.2.2.2.2.2.2.2.2.2",0.653043769758321,FALSE,TRUE,41
"2.2.2.3.2.2.3.2.2.2.3.1.2.2.2.2.2.2.2.2.2.2",0.637783480034569,FALSE,TRUE,41
"2.2.2.3.2.2.2.3.2.2.3.1.2.2.2.2.2.2.2.2.2.2",0.725770282148894,FALSE,TRUE,41
"2.2.2.3.2.2.2.2.3.2.3.1.2.2.2.2.2.2.2.2.2.2",0.681997248397772,FALSE,TRUE,41
"2.2.2.3.2.2.2.2.2.3.3.1.2.2.2.2.2.2.2.2.2.2",0.741324050382455,FALSE,TRUE,41
"2.2.2.3.2.2.2.2.2.2.4.1.2.2.2.2.2.2.2.2.2.2",0.659259617582309,FALSE,TRUE,42
"2.2.2.3.2.2.2.2.2.2.3.1.3.2.2.2.2.2.2.2.2.2",0.601162049736243,FALSE,TRUE,41
"2.2.2.3.2.2.2.2.2.2.3.1.2.3.2.2.2.2.2.2.2.2",0.732617082346895,FALSE,TRUE,41
"2.2.2.3.2.2.2.2.2.2.3.1.2.2.3.2.2.2.2.2.2.2",0.717359842681471,FALSE,TRUE,41
"2.2.2.3.2.2.2.2.2.2.3.1.2.2.2.3.2.2.2.2.2.2",0.677817142403643,FALSE,TRUE,41
"2.2.2.3.2.2.2.2.2.2.3.1.2.2.2.2.3.2.2.2.2.2",0.695236707138444,FALSE,TRUE,41
"2.2.2.3.2.2.2.2.2.2.3.1.2.2.2.2.2.3.2.2.2.2",0.688171659643398,FALSE,TRUE,41
"2.2.2.3.2.2.2.2.2.2.3.1.2.2.2.2.2.2.3.2.2.2",0.666274682988027,FALSE,TRUE,41
"2.2.2.3.2.2.2.2.2.2.3.1.2.2.2.2.2.2.2.3.2.2",0.678357860994848,FALSE,TRUE,40
"2.2.2.3.2.2.2.2.2.2.3.1.2.2.2.2.2.2.2.2.3.2",0.689593331925145,FALSE,TRUE,41
"2.2.2.3.2.2.2.2.2.2.3.1.2.2.2.2.2.2.2.2.2.3",0.64102477005792,FALSE,TRUE,41
"1.2.2.3.2.2.2.2.2.2.3.1.2.2.2.2.2.2.2.2.2.2",0.679593076932086,FALSE,TRUE,40
"2.1.2.3.2.2.2.2.2.2.3.1.2.2.2.2.2.2.2.2.2.2",0.709782225470412,FALSE,TRUE,40
"2.2.1.3.2.2.2.2.2.2.3.1.2.2.2.2.2.2.2.2.2.2",0.688630672362866,FALSE,TRUE,39
"2.2.2.3.1.2.2.2.2.2.3.1.2.2.2.2.2.2.2.2.2.2",0.615209454624989,FALSE,TRUE,39
"2.2.2.3.2.1.2.2.2.2.3.1.2.2.2.2.2.2.2.2.2.2",0.714339086269336,FALSE,TRUE,40
"2.2.2.3.2.2.1.2.2.2.3.1.2.2.2.2.2.2.2.2.2.2",0.714876013517861,FALSE,TRUE,40
"2.2.2.3.2.2.2.1.2.2.3.1.2.2.2.2.2.2.2.2.2.2",0.632769100224432,FALSE,TRUE,40
"2.2.2.3.2.2.2.2.1.2.3.1.2.2.2.2.2.2.2.2.2.2",0.675245179290295,FALSE,TRUE,40
"2.2.2.3.2.2.2.2.2.1.3.1.2.2.2.2.2.2.2.2.2.2",0.606572848685424,FALSE,TRUE,40
"2.2.2.3.2.2.2.2.2.2.3.1.1.2.2.2.2.2.2.2.2.2",0.760066999873805,FALSE,TRUE,40
"2.2.2.3.2.2.2.2.2.2.3.1.2.1.2.2.2.2.2.2.2.2",0.619451803000183,FALSE,TRUE,40
"2.2.2.3.2.2.2.2.2.2.3.1.2.2.1.2.2.2.2.2.2.2",0.635797231106625,FALSE,TRUE,40
"2.2.2.3.2.2.2.2.2.2.3.1.2.2.2.1.2.2.2.2.2.2",0.679505429679691,FALSE,TRUE,40
"2.2.2.3.2.2.2.2.2.2.3.1.2.2.2.2.1.2.2.2.2.2",0.657945878444857,FALSE,TRUE,40
"2.2.2.3.2.2.2.2.2.2.3.1.2.2.2.2.2.1.2.2.2.2",0.660303403596555,FALSE,TRUE,40
"2.2.2.3.2.2.2.2.2.2.3.1.2.2.2.2.2.2.1.2.2.2",0.698994593111781,FALSE,TRUE,40
"2.2.2.3.2.2.2.2.2.2.3.1.2.2.2.2.2.2.2.1.2.2",0.696047572329009,FALSE,TRUE,40
"2.2.2.3.2.2.2.2.2.2.3.1.2.2.2.2.2.2.2.2.1.2",0.633133399134886,FALSE,TRUE,40
"2.2.2.3.2.2.2.2.2.2.3.1.2.2.2.2.2.2.2.2.2.1",0.717312333536164,FALSE,TRUE,40
"3.2.1.2.2.2.1.2.2.2.2.2.1.2.2.2.2.2.2.3.2.2",0.799818046127781,FALSE,TRUE,39
"2.3.1.2.2.2.1.2.2.2.2.2.1.2.2.2.2.2.2.3.2.2",0.719835201404439,FALSE,TRUE,39
"2.2.1.3.2.2.1.2.2.2.2.2.1.2.2.2.2.2.2.3.2.2",0.725143253021478,FALSE,TRUE,39
"2.2.1.2.3.2.1.2.2.2.2.2.1.2.2.2.2.2.2.3.2.2",0.736218492668874,FALSE,TRUE,39
"2.2.1.2.2.3.1.2.2.2.2.2.1.2.2.2.2.2.2.3.2.2",0.747903597330745,FALSE,TRUE,37
"2.2.1.2.2.2.2.2.2.2.2.2.1.2.2.2.2.2.2.3.2.2",0.766345228995548,FALSE,TRUE,39
"2.2.1.2.2.2.1.3.2.2.2.2.1.2.2.2.2.2.2.3.2.2",0.778497439364445,FALSE,TRUE,37
"2.2.1.2.2.2.1.2.3.2.2.2.1.2.2.2.2.2.2.3.2.2",0.743839017239605,FALSE,TRUE,39
"2.2.1.2.2.2.1.2.2.3.2.2.1.2.2.2.2.2.2.3.2.2",0.759793501734477,FALSE,TRUE,39
"2.2.1.2.2.2.1.2.2.2.3.2.1.2.2.2.2.2.2.3.2.2",0.790109546037337,FALSE,TRUE,39
"2.2.1.2.2.2.1.2.2.2.2.3.1.2.2.2.2.2.2.3.2.2",0.755769687126439,FALSE,TRUE,39
"2.2.1.2.2.2.1.2.2.2.2.2.2.2.2.2.2.2.2.3.2.2",0.750954765357935,FALSE,TRUE,39
"2.2.1.2.2.2.1.2.2.2.2.2.1.3.2.2.2.2.2.3.2.2",0.815028499120996,FALSE,TRUE,39
"2.2.1.2.2.2.1.2.2.2.2.2.1.2.3.2.2.2.2.3.2.2",0.766571105885468,FALSE,TRUE,39
"2.2.1.2.2.2.1.2.2.2.2.2.1.2.2.3.2.2.2.3.2.2",0.797953391100103,FALSE,TRUE,37
"2.2.1.2.2.2.1.2.2.2.2.2.1.2.2.2.3.2.2.3.2.2",0.7811974622925,FALSE,TRUE,39
"2.2.1.2.2.2.1.2.2.2.2.2.1.2.2.2.2.3.2.3.2.2",0.757802947777391,FALSE,TRUE,39
"2.2.1.2.2.2.1.2.2.2.2.2.1.2.2.2.2.2.3.3.2.2",0.725501539646005,FALSE,TRUE,39
"2.2.1.2.2.2.1.2.2.2.2.2.1.2.2.2.2.2.2.4.2.2",0.718540967199288,FALSE,TRUE,40
"2.2.1.2.2.2.1.2.2.2.2.2.1.2.2.2.2.2.2.3.3.2",0.811402257449092,FALSE,TRUE,39
"2.2.1.2.2.2.1.2.2.2.2.2.1.2.2.2.2.2.2.3.2.3",0.742104144163346,FALSE,TRUE,39
"1.2.1.2.2.2.1.2.2.2.2.2.1.2.2.2.2.2.2.3.2.2",0.710577217951756,FALSE,TRUE,38
"2.1.1.2.2.2.1.2.2.2.2.2.1.2.2.2.2.2.2.3.2.2",0.779258369524917,FALSE,TRUE,38
"2.2.1.1.2.2.1.2.2.2.2.2.1.2.2.2.2.2.2.3.2.2",0.794423137899022,FALSE,TRUE,38
"2.2.1.2.1.2.1.2.2.2.2.2.1.2.2.2.2.2.2.3.2.2",0.741921389514228,FALSE,TRUE,38
"2.2.1.2.2.1.1.2.2.2.2.2.1.2.2.2.2.2.2.3.2.2",0.768464558107597,FALSE,TRUE,38
"2.2.1.2.2.2.1.1.2.2.2.2.1.2.2.2.2.2.2.3.2.2",0.73259071224117,FALSE,TRUE,38
"2.2.1.2.2.2.1.2.1.2.2.2.1.2.2.2.2.2.2.3.2.2",0.763897071083574,FALSE,TRUE,38
"2.2.1.2.2.2.1.2.2.1.2.2.1.2.2.2.2.2.2.3.2.2",0.731433170888375,FALSE,TRUE,38
"2.2.1.2.2.2.1.2.2.2.1.2.1.2.2.2.2.2.2.3.2.2",0.723467819274804,FALSE,TRUE,38
"2.2.1.2.2.2.1.2.2.2.2.1.1.2.2.2.2.2.2.3.2.2",0.752668180312769,FALSE,TRUE,38
"2.2.1.2.2.2.1.2.2.2.2.2.1.1.2.2.2.2.2.3.2.2",0.699882273398755,FALSE,TRUE,38
"2.2.1.2.2.2.1.2.2.2.2.2.1.2.1.2.2.2.2.3.2.2",0.74076495655974,FALSE,TRUE,38
"2.2.1.2.2.2.1.2.2.2.2.2.1.2.2.1.2.2.2.3.2.2",0.702250364972887,FALSE,TRUE,38
"2.2.1.2.2.2.1.2.2.2.2.2.1.2.2.2.1.2.2.3.2.2",0.724535792913503,FALSE,TRUE,38
"2.2.1.2.2.2.1.2.2.2.2.2.1.2.2.2.2.1.2.3.2.2",0.73759095846321,FALSE,TRUE,37
"2.2.1.2.2.2.1.2.2.2.2.2.1.2.2.2.2.2.1.3.2.2",0.790703977221271,FALSE,TRUE,36
"2.2.1.2.2.2.1.2.2.2.2.2.1.2.2.2.2.2.2.3.1.2",0.6709964585221,FALSE,TRUE,38
"2.2.1.2.2.2.1.2.2.2.2.2.1.2.2.2.2.2.2.3.2.1",0.761049291686948,FALSE,TRUE,38
"3.3.2.2.2.2.1.2.2.2.2.2.2.2.2.2.2.2.2.2.3.2",0.655755667408657,FALSE,TRUE,41
"2.4.2.2.2.2.1.2.2.2.2.2.2.2.2.2.2.2.2.2.3.2",0.515870820559921,FALSE,TRUE,41
"2.3.3.2.2.2.1.2.2.2.2.2.2.2.2.2.2.2.2.2.3.2",0.542411066675993,FALSE,TRUE,41
"2.3.2.3.2.2.1.2.2.2.2.2.2.2.2.2.2.2.2.2.3.2",0.630307450565962,FALSE,TRUE,41
"2.3.2.2.3.2.1.2.2.2.2.2.2.2.2.2.2.2.2.2.3.2",0.566871338544941,FALSE,TRUE,41
"2.3.2.2.2.3.1.2.2.2.2.2.2.2.2.2.2.2.2.2.3.2",0.574301196112655,FALSE,TRUE,41
"2.3.2.2.2.2.2.2.2.2.2.2.2.2.2.2.2.2.2.2.3.2",0.610337686813565,FALSE,TRUE,41
"2.3.2.2.2.2.1.3.2.2.2.2.2.2.2.2.2.2.2.2.3.2",0.63965061832376,FALSE,TRUE,41
"2.3.2.2.2.2.1.2.3.2.2.2.2.2.2.2.2.2.2.2.3.2",0.616514149750557,FALSE,TRUE,41
"2.3.2.2.2.2.1.2.2.3.2.2.2.2.2.2.2.2.2.2.3.2",0.66541516289335,FALSE,TRUE,41
"2.3.2.2.2.2.1.2.2.2.3.2.2.2.2.2.2.2.2.2.3.2",0.625036262602083,FALSE,TRUE,41
"2.3.2.2.2.2.1.2.2.2.2.3.2.2.2.2.2.2.2.2.3.2",0.566004879515313,FALSE,TRUE,41
"2.3.2.2.2.2.1.2.2.2.2.2.3.2.2.2.2.2.2.2.3.2",0.564266208477661,FALSE,TRUE,41
"2.3.2.2.2.2.1.2.2.2.2.2.2.3.2.2.2.2.2.2.3.2",0.689837671631742,FALSE,TRUE,41
"2.3.2.2.2.2.1.2.2.2.2.2.2.2.3.2.2.2.2.2.3.2",0.609429128345722,FALSE,TRUE,41
"2.3.2.2.2.2.1.2.2.2.2.2.2.2.2.3.2.2.2.2.3.2",0.591662841935053,FALSE,TRUE,41
"2.3.2.2.2.2.1.2.2.2.2.2.2.2.2.2.3.2.2.2.3.2",0.613205454749363,FALSE,TRUE,41
"2.3.2.2.2.2.1.2.2.2.2.2.2.2.2.2.2.3.2.2.3.2",0.583186606679665,FALSE,TRUE,41
"2.3.2.2.2.2.1.2.2.2.2.2.2.2.2.2.2.2.3.2.3.2",0.630079842394088,FALSE,TRUE,41
"2.3.2.2.2.2.1.2.2.2.2.2.2.2.2.2.2.2.2.3.3.2",0.644130022750095,FALSE,TRUE,41
"2.3.2.2.2.2.1.2.2.2.2.2.2.2.2.2.2.2.2.2.4.2",0.594625884751533,FALSE,TRUE,42
"2.3.2.2.2.2.1.2.2.2.2.2.2.2.2.2.2.2.2.2.3.3",0.628166905654197,FALSE,TRUE,41
"1.3.2.2.2.2.1.2.2.2.2.2.2.2.2.2.2.2.2.2.3.2",0.610901068422997,FALSE,TRUE,40
"2.3.1.2.2.2.1.2.2.2.2.2.2.2.2.2.2.2.2.2.3.2",0.716308287994507,FALSE,TRUE,40
"2.3.2.1.2.2.1.2.2.2.2.2.2.2.2.2.2.2.2.2.3.2",0.649167358390466,FALSE,TRUE,40
"2.3.2.2.1.2.1.2.2.2.2.2.2.2.2.2.2.2.2.2.3.2",0.674963751172446,FALSE,TRUE,40
"2.3.2.2.2.1.1.2.2.2.2.2.2.2.2.2.2.2.2.2.3.2",0.699537153871434,FALSE,TRUE,40
"2.3.2.2.2.2.1.1.2.2.2.2.2.2.2.2.2.2.2.2.3.2",0.623908737445089,FALSE,TRUE,40
"2.3.2.2.2.2.1.2.1.2.2.2.2.2.2.2.2.2.2.2.3.2",0.642116372503815,FALSE,TRUE,40
"2.3.2.2.2.2.1.2.2.1.2.2.2.2.2.2.2.2.2.2.3.2",0.58701324300774,FALSE,TRUE,40
"2.3.2.2.2.2.1.2.2.2.1.2.2.2.2.2.2.2.2.2.3.2",0.644152658844688,FALSE,TRUE,40
"2.3.2.2.2.2.1.2.2.2.2.1.2.2.2.2.2.2.2.2.3.2",0.697741802649058,FALSE,TRUE,40
"2.3.2.2.2.2.1.2.2.2.2.2.1.2.2.2.2.2.2.2.3.2",0.693879368784522,FALSE,TRUE,38
"2.3.2.2.2.2.1.2.2.2.2.2.2.1.2.2.2.2.2.2.3.2",0.575647966388729,FALSE,TRUE,40
"2.3.2.2.2.2.1.2.2.2.2.2.2.2.1.2.2.2.2.2.3.2",0.652177515844542,FALSE,TRUE,40
"2.3.2.2.2.2.1.2.2.2.2.2.2.2.2.1.2.2.2.2.3.2",0.671003944367409,FALSE,TRUE,40
"2.3.2.2.2.2.1.2.2.2.2.2.2.2.2.2.1.2.2.2.3.2",0.646582261382291,FALSE,TRUE,40
"2.3.2.2.2.2.1.2.2.2.2.2.2.2.2.2.2.1.2.2.3.2",0.667876911704289,FALSE,TRUE,40
"2.3.2.2.2.2.1.2.2.2.2.2.2.2.2.2.2.2.1.2.3.2",0.641716733334637,FALSE,TRUE,39
"2.3.2.2.2.2.1.2.2.2.2.2.2.2.2.2.2.2.2.1.3.2",0.633864295047162,FALSE,TRUE,40
"2.3.2.2.2.2.1.2.2.2.2.2.2.2.2.2.2.2.2.2.3.1",0.630151822426247,FALSE,TRUE,40
"3.2.2.2.2.2.1.2.2.2.2.2.1.2.2.2.2.1.2.2.2.2",0.75680951341019,FALSE,TRUE,38
"2.3.2.2.2.2.1.2.2.2.2.2.1.2.2.2.2.1.2.2.2.2",0.712413609031528,FALSE,TRUE,36
"2.2.3.2.2.2.1.2.2.2.2.2.1.2.2.2.2.1.2.2.2.2",0.707073276846394,FALSE,TRUE,38
"2.2.2.3.2.2.1.2.2.2.2.2.1.2.2.2.2.1.2.2.2.2",0.72799429663384,FALSE,TRUE,38
"2.2.2.2.3.2.1.2.2.2.2.2.1.2.2.2.2.1.2.2.2.2",0.711306433698723,FALSE,TRUE,38
"2.2.2.2.2.3.1.2.2.2.2.2.1.2.2.2.2.1.2.2.2.2",0.717042286856255,FALSE,TRUE,37
"2.2.2.2.2.2.1.2.3.2.2.2.1.2.2.2.2.1.2.2.2.2",0.726408718197037,FALSE,TRUE,38
"2.2.2.2.2.2.1.2.2.3.2.2.1.2.2.2.2.1.2.2.2.2",0.763501606942625,FALSE,TRUE,38
"2.2.2.2.2.2.1.2.2.2.3.2.1.2.2.2.2.1.2.2.2.2",0.744219810019439,FALSE,TRUE,38
"2.2.2.2.2.2.1.2.2.2.2.3.1.2.2.2.2.1.2.2.2.2",0.706751612234214,FALSE,TRUE,38
"2.2.2.2.2.2.1.2.2.2.2.2.1.3.2.2.2.1.2.2.2.2",0.817303985604334,FALSE,TRUE,38
"2.2.2.2.2.2.1.2.2.2.2.2.1.2.3.2.2.1.2.2.2.2",0.732805879564505,FALSE,TRUE,38
"2.2.2.2.2.2.1.2.2.2.2.2.1.2.2.3.2.1.2.2.2.2",0.793835233830013,FALSE,TRUE,37
"2.2.2.2.2.2.1.2.2.2.2.2.1.2.2.2.3.1.2.2.2.2",0.770647974940903,FALSE,TRUE,39
"2.2.2.2.2.2.1.2.2.2.2.2.1.2.2.2.2.1.3.2.2.2",0.716754043118451,FALSE,TRUE,38
"2.2.2.2.2.2.1.2.2.2.2.2.1.2.2.2.2.1.2.3.2.2",0.726022290905133,FALSE,TRUE,37
"2.2.2.2.2.2.1.2.2.2.2.2.1.2.2.2.2.1.2.2.3.2",0.759282135077125,FALSE,TRUE,38
"2.2.2.2.2.2.1.2.2.2.2.2.1.2.2.2.2.1.2.2.2.3",0.710835318381459,FALSE,TRUE,38
"1.2.2.2.2.2.1.2.2.2.2.2.1.2.2.2.2.1.2.2.2.2",0.735626714213285,FALSE,TRUE,36
"2.1.2.2.2.2.1.2.2.2.2.2.1.2.2.2.2.1.2.2.2.2",0.766483964002733,FALSE,TRUE,37
"2.2.2.1.2.2.1.2.2.2.2.2.1.2.2.2.2.1.2.2.2.2",0.772950476923801,FALSE,TRUE,37
"2.2.2.2.1.2.1.2.2.2.2.2.1.2.2.2.2.1.2.2.2.2",0.75291764686788,FALSE,TRUE,37
"2.2.2.2.2.1.1.2.2.2.2.2.1.2.2.2.2.1.2.2.2.2",0.78310483618248,FALSE,TRUE,37
"2.2.2.2.2.2.1.1.2.2.2.2.1.2.2.2.2.1.2.2.2.2",0.730786889103584,FALSE,TRUE,37
"2.2.2.2.2.2.1.2.1.2.2.2.1.2.2.2.2.1.2.2.2.2",0.760376637396878,FALSE,TRUE,37
"2.2.2.2.2.2.1.2.2.1.2.2.1.2.2.2.2.1.2.2.2.2",0.713233293686178,FALSE,TRUE,37
"2.2.2.2.2.2.1.2.2.2.1.2.1.2.2.2.2.1.2.2.2.2",0.743478856333712,FALSE,TRUE,37
"2.2.2.2.2.2.1.2.2.2.2.1.1.2.2.2.2.1.2.2.2.2",0.784635676508362,FALSE,TRUE,35
"2.2.2.2.2.2.1.2.2.2.2.2.1.1.2.2.2.1.2.2.2.2",0.674363010861497,FALSE,TRUE,37
"2.2.2.2.2.2.1.2.2.2.2.2.1.2.1.2.2.1.2.2.2.2",0.752169037583699,FALSE,TRUE,37
"2.2.2.2.2.2.1.2.2.2.2.2.1.2.2.1.2.1.2.2.2.2",0.682162218854248,FALSE,TRUE,37
"2.2.2.2.2.2.1.2.2.2.2.2.1.2.2.2.2.1.2.1.2.2",0.776503996582007,FALSE,TRUE,37
"2.2.2.2.2.2.1.2.2.2.2.2.1.2.2.2.2.1.2.2.1.2",0.704260839477062,FALSE,TRUE,37
"2.2.2.2.2.2.1.2.2.2.2.2.1.2.2.2.2.1.2.2.2.1",0.776111435305815,FALSE,TRUE,37
"3.2.2.2.2.2.1.2.2.2.2.2.1.2.2.3.2.2.1.3.2.2",0.789866642705506,FALSE,TRUE,38
"2.3.2.2.2.2.1.2.2.2.2.2.1.2.2.3.2.2.1.3.2.2",0.671023197756614,FALSE,TRUE,37
"2.2.3.2.2.2.1.2.2.2.2.2.1.2.2.3.2.2.1.3.2.2",0.692504241123647,FALSE,TRUE,38
"2.2.2.3.2.2.1.2.2.2.2.2.1.2.2.3.2.2.1.3.2.2",0.708520333308433,FALSE,TRUE,38
"2.2.2.2.3.2.1.2.2.2.2.2.1.2.2.3.2.2.1.3.2.2",0.737427009918156,FALSE,TRUE,39
"2.2.2.2.2.3.1.2.2.2.2.2.1.2.2.3.2.2.1.3.2.2",0.729328494346835,FALSE,TRUE,38
"2.2.2.2.2.2.2.2.2.2.2.2.1.2.2.3.2.2.1.3.2.2",0.778316164081237,FALSE,TRUE,39
"2.2.2.2.2.2.1.3.2.2.2.2.1.2.2.3.2.2.1.3.2.2",0.798031586835474,FALSE,TRUE,38
"2.2.2.2.2.2.1.2.3.2.2.2.1.2.2.3.2.2.1.3.2.2",0.746375909972243,FALSE,TRUE,38
"2.2.2.2.2.2.1.2.2.3.2.2.1.2.2.3.2.2.1.3.2.2",0.801553940024008,FALSE,TRUE,38
"2.2.2.2.2.2.1.2.2.2.3.2.1.2.2.3.2.2.1.3.2.2",0.760154293373953,FALSE,TRUE,38
"2.2.2.2.2.2.1.2.2.2.2.3.1.2.2.3.2.2.1.3.2.2",0.709837020101456,FALSE,TRUE,38
"2.2.2.2.2.2.1.2.2.2.2.2.2.2.2.3.2.2.1.3.2.2",0.698691619146558,FALSE,TRUE,39
"2.2.2.2.2.2.1.2.2.2.2.2.1.3.2.3.2.2.1.3.2.2",0.827865377788637,FALSE,TRUE,38
"2.2.2.2.2.2.1.2.2.2.2.2.1.2.3.3.2.2.1.3.2.2",0.771287292684833,FALSE,TRUE,38
"2.2.2.2.2.2.1.2.2.2.2.2.1.2.2.4.2.2.1.3.2.2",0.718358143394166,FALSE,TRUE,38
"2.2.2.2.2.2.1.2.2.2.2.2.1.2.2.3.3.2.1.3.2.2",0.760405378839319,FALSE,TRUE,38
"2.2.2.2.2.2.1.2.2.2.2.2.1.2.2.3.2.3.1.3.2.2",0.714632065898556,FALSE,TRUE,38
"2.2.2.2.2.2.1.2.2.2.2.2.1.2.2.3.2.2.2.3.2.2",0.763217141500523,FALSE,TRUE,37
"2.2.2.2.2.2.1.2.2.2.2.2.1.2.2.3.2.2.1.4.2.2",0.737362933867778,FALSE,TRUE,39
"2.2.2.2.2.2.1.2.2.2.2.2.1.2.2.3.2.2.1.3.3.2",0.771469187757681,FALSE,TRUE,38
"2.2.2.2.2.2.1.2.2.2.2.2.1.2.2.3.2.2.1.3.2.3",0.746112833111323,FALSE,TRUE,38
"1.2.2.2.2.2.1.2.2.2.2.2.1.2.2.3.2.2.1.3.2.2",0.72248566462803,FALSE,TRUE,37
"2.1.2.2.2.2.1.2.2.2.2.2.1.2.2.3.2.2.1.3.2.2",0.825708527010333,FALSE,TRUE,37
"2.2.1.2.2.2.1.2.2.2.2.2.1.2.2.3.2.2.1.3.2.2",0.803975171921821,FALSE,TRUE,35
"2.2.2.1.2.2.1.2.2.2.2.2.1.2.2.3.2.2.1.3.2.2",0.809215690502872,FALSE,TRUE,37
"2.2.2.2.2.1.1.2.2.2.2.2.1.2.2.3.2.2.1.3.2.2",0.785172622291922,FALSE,TRUE,37
"2.2.2.2.2.2.1.1.2.2.2.2.1.2.2.3.2.2.1.3.2.2",0.715665640379365,FALSE,TRUE,37
"2.2.2.2.2.2.1.2.1.2.2.2.1.2.2.3.2.2.1.3.2.2",0.756106810523405,FALSE,TRUE,37
"2.2.2.2.2.2.1.2.2.1.2.2.1.2.2.3.2.2.1.3.2.2",0.69217719186449,FALSE,TRUE,37
"2.2.2.2.2.2.1.2.2.2.1.2.1.2.2.3.2.2.1.3.2.2",0.7409416388107,FALSE,TRUE,37
"2.2.2.2.2.2.1.2.2.2.2.1.1.2.2.3.2.2.1.3.2.2",0.802796116199406,FALSE,TRUE,36
"2.2.2.2.2.2.1.2.2.2.2.2.1.1.2.3.2.2.1.3.2.2",0.676421375087762,FALSE,TRUE,37
"2.2.2.2.2.2.1.2.2.2.2.2.1.2.1.3.2.2.1.3.2.2",0.726003816397031,FALSE,TRUE,37
"2.2.2.2.2.2.1.2.2.2.2.2.1.2.2.3.1.2.1.3.2.2",0.753199313579133,FALSE,TRUE,37
"2.2.2.2.2.2.1.2.2.2.2.2.1.2.2.3.2.1.1.3.2.2",0.779557358062461,FALSE,TRUE,37
"2.2.2.2.2.2.1.2.2.2.2.2.1.2.2.3.2.2.1.3.1.2",0.712721990396701,FALSE,TRUE,37
"2.2.2.2.2.2.1.2.2.2.2.2.1.2.2.3.2.2.1.3.2.1",0.75872250879433,FALSE,TRUE,37
"3.2.1.4.3.2.2.2.2.2.2.2.2.2.2.2.2.3.2.2.2.2",0.677935085761033,FALSE,TRUE,41
"2.3.1.4.3.2.2.2.2.2.2.2.2.2.2.2.2.3.2.2.2.2",0.568625238592336,FALSE,TRUE,41
"2.2.2.4.3.2.2.2.2.2.2.2.2.2.2.2.2.3.2.2.2.2",0.619107507403598,FALSE,TRUE,41
"2.2.1.5.3.2.2.2.2.2.2.2.2.2.2.2.2.3.2.2.2.2",0.597841557571346,FALSE,TRUE,41
"2.2.1.4.4.2.2.2.2.2.2.2.2.2.2.2.2.3.2.2.2.2",0.624982044677877,FALSE,TRUE,42
"2.2.1.4.3.3.2.2.2.2.2.2.2.2.2.2.2.3.2.2.2.2",0.625608081513105,FALSE,TRUE,41
"2.2.1.4.3.2.3.2.2.2.2.2.2.2.2.2.2.3.2.2.2.2",0.649708105252418,FALSE,TRUE,41
"2.2.1.4.3.2.2.3.2.2.2.2.2.2.2.2.2.3.2.2.2.2",0.692635636667173,FALSE,TRUE,41
"2.2.1.4.3.2.2.2.3.2.2.2.2.2.2.2.2.3.2.2.2.2",0.643971378283849,FALSE,TRUE,41
"2.2.1.4.3.2.2.2.2.3.2.2.2.2.2.2.2.3.2.2.2.2",0.675312958416805,FALSE,TRUE,41
"2.2.1.4.3.2.2.2.2.2.3.2.2.2.2.2.2.3.2.2.2.2",0.676851420185303,FALSE,TRUE,41
"2.2.1.4.3.2.2.2.2.2.2.3.2.2.2.2.2.3.2.2.2.2",0.648200586221629,FALSE,TRUE,41
"2.2.1.4.3.2.2.2.2.2.2.2.3.2.2.2.2.3.2.2.2.2",0.557801489797363,FALSE,TRUE,40
"2.2.1.4.3.2.2.2.2.2.2.2.2.3.2.2.2.3.2.2.2.2",0.693255974732057,FALSE,TRUE,41
"2.2.1.4.3.2.2.2.2.2.2.2.2.2.3.2.2.3.2.2.2.2",0.664544901617151,FALSE,TRUE,40
"2.2.1.4.3.2.2.2.2.2.2.2.2.2.2.3.2.3.2.2.2.2",0.594506684393887,FALSE,TRUE,41
"2.2.1.4.3.2.2.2.2.2.2.2.2.2.2.2.3.3.2.2.2.2",0.665192172992132,FALSE,TRUE,41
"2.2.1.4.3.2.2.2.2.2.2.2.2.2.2.2.2.4.2.2.2.2",0.572410125161535,FALSE,TRUE,41
"2.2.1.4.3.2.2.2.2.2.2.2.2.2.2.2.2.3.3.2.2.2",0.638189081985538,FALSE,TRUE,41
"2.2.1.4.3.2.2.2.2.2.2.2.2.2.2.2.2.3.2.3.2.2",0.645143834802719,FALSE,TRUE,41
"2.2.1.4.3.2.2.2.2.2.2.2.2.2.2.2.2.3.2.2.3.2",0.70135932098987,FALSE,TRUE,40
"2.2.1.4.3.2.2.2.2.2.2.2.2.2.2.2.2.3.2.2.2.3",0.632624125532771,FALSE,TRUE,41
"1.2.1.4.3.2.2.2.2.2.2.2.2.2.2.2.2.3.2.2.2.2",0.603604462885685,FALSE,TRUE,40
"2.1.1.4.3.2.2.2.2.2.2.2.2.2.2.2.2.3.2.2.2.2",0.708439392532955,FALSE,TRUE,40
"2.2.1.3.3.2.2.2.2.2.2.2.2.2.2.2.2.3.2.2.2.2",0.68467412350168,FALSE,TRUE,40
"2.2.1.4.3.1.2.2.2.2.2.2.2.2.2.2.2.3.2.2.2.2",0.66121213539775,FALSE,TRUE,40
"2.2.1.4.3.2.1.2.2.2.2.2.2.2.2.2.2.3.2.2.2.2",0.626693576029954,FALSE,TRUE,40
"2.2.1.4.3.2.2.1.2.2.2.2.2.2.2.2.2.3.2.2.2.2",0.591150950397484,FALSE,TRUE,40
"2.2.1.4.3.2.2.2.1.2.2.2.2.2.2.2.2.3.2.2.2.2",0.634510760975887,FALSE,TRUE,40
"2.2.1.4.3.2.2.2.2.1.2.2.2.2.2.2.2.3.2.2.2.2",0.589574525058324,FALSE,TRUE,40
"2.2.1.4.3.2.2.2.2.2.1.2.2.2.2.2.2.3.2.2.2.2",0.617158005349003,FALSE,TRUE,40
"2.2.1.4.3.2.2.2.2.2.2.1.2.2.2.2.2.3.2.2.2.2",0.630702162069183,FALSE,TRUE,40
"2.2.1.4.3.2.2.2.2.2.2.2.1.2.2.2.2.3.2.2.2.2",0.716596884963085,FALSE,TRUE,40
"2.2.1.4.3.2.2.2.2.2.2.2.2.1.2.2.2.3.2.2.2.2",0.600598054496343,FALSE,TRUE,40
"2.2.1.4.3.2.2.2.2.2.2.2.2.2.1.2.2.3.2.2.2.2",0.615529092002684,FALSE,TRUE,40
"2.2.1.4.3.2.2.2.2.2.2.2.2.2.2.1.2.3.2.2.2.2",0.691741426520932,FALSE,TRUE,40
"2.2.1.4.3.2.2.2.2.2.2.2.2.2.2.2.1.3.2.2.2.2",0.611351415761423,FALSE,TRUE,40
"2.2.1.4.3.2.2.2.2.2.2.2.2.2.2.2.2.3.1.2.2.2",0.648959617759189,FALSE,TRUE,40
"2.2.1.4.3.2.2.2.2.2.2.2.2.2.2.2.2.3.2.1.2.2",0.648291798833482,FALSE,TRUE,40
"2.2.1.4.3.2.2.2.2.2.2.2.2.2.2.2.2.3.2.2.1.2",0.556696243030117,FALSE,TRUE,40
"2.2.1.4.3.2.2.2.2.2.2.2.2.2.2.2.2.3.2.2.2.1",0.641118585524347,FALSE,TRUE,40
"3.2.1.4.2.2.2.2.2.2.2.2.2.2.3.2.2.3.2.2.2.2",0.690941293147229,FALSE,TRUE,40
"2.3.1.4.2.2.2.2.2.2.2.2.2.2.3.2.2.3.2.2.2.2",0.602334497533973,FALSE,TRUE,40
"2.2.2.4.2.2.2.2.2.2.2.2.2.2.3.2.2.3.2.2.2.2",0.652604041703457,FALSE,TRUE,40
"2.2.1.5.2.2.2.2.2.2.2.2.2.2.3.2.2.3.2.2.2.2",0.605825452680503,FALSE,TRUE,40
"2.2.1.4.2.3.2.2.2.2.2.2.2.2.3.2.2.3.2.2.2.2",0.643387194199833,FALSE,TRUE,40
"2.2.1.4.2.2.3.2.2.2.2.2.2.2.3.2.2.3.2.2.2.2",0.654336290717983,FALSE,TRUE,40
"2.2.1.4.2.2.2.3.2.2.2.2.2.2.3.2.2.3.2.2.2.2",0.718016224172154,FALSE,TRUE,40
"2.2.1.4.2.2.2.2.3.2.2.2.2.2.3.2.2.3.2.2.2.2",0.666892332753117,FALSE,TRUE,40
"2.2.1.4.2.2.2.2.2.3.2.2.2.2.3.2.2.3.2.2.2.2",0.714530201965169,FALSE,TRUE,40
"2.2.1.4.2.2.2.2.2.2.3.2.2.2.3.2.2.3.2.2.2.2",0.688856253357105,FALSE,TRUE,40
"2.2.1.4.2.2.2.2.2.2.2.3.2.2.3.2.2.3.2.2.2.2",0.670516650024472,FALSE,TRUE,40
"2.2.1.4.2.2.2.2.2.2.2.2.3.2.3.2.2.3.2.2.2.2",0.574334767175323,FALSE,TRUE,39
"2.2.1.4.2.2.2.2.2.2.2.2.2.3.3.2.2.3.2.2.2.2",0.724683356544417,FALSE,TRUE,40
"2.2.1.4.2.2.2.2.2.2.2.2.2.2.4.2.2.3.2.2.2.2",0.691125875124581,FALSE,TRUE,41
"2.2.1.4.2.2.2.2.2.2.2.2.2.2.3.3.2.3.2.2.2.2",0.624330946038081,FALSE,TRUE,40
"2.2.1.4.2.2.2.2.2.2.2.2.2.2.3.2.3.3.2.2.2.2",0.691171349097249,FALSE,TRUE,40
"2.2.1.4.2.2.2.2.2.2.2.2.2.2.3.2.2.4.2.2.2.2",0.610034169592002,FALSE,TRUE,40
"2.2.1.4.2.2.2.2.2.2.2.2.2.2.3.2.2.3.3.2.2.2",0.661188511302707,FALSE,TRUE,40
"2.2.1.4.2.2.2.2.2.2.2.2.2.2.3.2.2.3.2.3.2.2",0.659825139615057,FALSE,TRUE,40
"2.2.1.4.2.2.2.2.2.2.2.2.2.2.3.2.2.3.2.2.2.3",0.63249859742889,FALSE,TRUE,40
"1.2.1.4.2.2.2.2.2.2.2.2.2.2.3.2.2.3.2.2.2.2",0.627900626726463,FALSE,TRUE,39
"2.1.1.4.2.2.2.2.2.2.2.2.2.2.3.2.2.3.2.2.2.2",0.71139696436104,FALSE,TRUE,39
"2.2.1.3.2.2.2.2.2.2.2.2.2.2.3.2.2.3.2.2.2.2",0.713236892692801,FALSE,TRUE,39
"2.2.1.4.1.2.2.2.2.2.2.2.2.2.3.2.2.3.2.2.2.2",0.620327287124082,FALSE,TRUE,39
"2.2.1.4.2.1.2.2.2.2.2.2.2.2.3.2.2.3.2.2.2.2",0.680447539000975,FALSE,TRUE,39
"2.2.1.4.2.2.1.2.2.2.2.2.2.2.3.2.2.3.2.2.2.2",0.657944439648695,FALSE,TRUE,39
"2.2.1.4.2.2.2.1.2.2.2.2.2.2.3.2.2.3.2.2.2.2",0.601498643804148,FALSE,TRUE,39
"2.2.1.4.2.2.2.2.1.2.2.2.2.2.3.2.2.3.2.2.2.2",0.649152686704179,FALSE,TRUE,39
"2.2.1.4.2.2.2.2.2.1.2.2.2.2.3.2.2.3.2.2.2.2",0.587747060178708,FALSE,TRUE,39
"2.2.1.4.2.2.2.2.2.2.1.2.2.2.3.2.2.3.2.2.2.2",0.63979551045622,FALSE,TRUE,39
"2.2.1.4.2.2.2.2.2.2.2.1.2.2.3.2.2.3.2.2.2.2",0.644854810531901,FALSE,TRUE,39
"2.2.1.4.2.2.2.2.2.2.2.2.1.2.3.2.2.3.2.2.2.2",0.738642143145996,FALSE,TRUE,39
"2.2.1.4.2.2.2.2.2.2.2.2.2.1.3.2.2.3.2.2.2.2",0.602207425655467,FALSE,TRUE,39
"2.2.1.4.2.2.2.2.2.2.2.2.2.2.3.1.2.3.2.2.2.2",0.697717083792152,FALSE,TRUE,39
"2.2.1.4.2.2.2.2.2.2.2.2.2.2.3.2.1.3.2.2.2.2",0.620812363507824,FALSE,TRUE,39
"2.2.1.4.2.2.2.2.2.2.2.2.2.2.3.2.2.3.1.2.2.2",0.663119097560985,FALSE,TRUE,39
"2.2.1.4.2.2.2.2.2.2.2.2.2.2.3.2.2.3.2.1.2.2",0.671429823321494,FALSE,TRUE,39
"2.2.1.4.2.2.2.2.2.2.2.2.2.2.3.2.2.3.2.2.1.2",0.578262227202848,FALSE,TRUE,40
"2.2.1.4.2.2.2.2.2.2.2.2.2.2.3.2.2.3.2.2.2.1",0.67960435081664,FALSE,TRUE,39
"3.2.2.3.1.2.2.2.2.2.2.2.2.2.2.2.2.2.2.2.2.2",0.632367271353894,FALSE,TRUE,41
"2.3.2.3.1.2.2.2.2.2.2.2.2.2.2.2.2.2.2.2.2.2",0.616061707307944,FALSE,TRUE,41
"2.2.3.3.1.2.2.2.2.2.2.2.2.2.2.2.2.2.2.2.2.2",0.61770626789501,FALSE,TRUE,41
"2.2.2.3.1.3.2.2.2.2.2.2.2.2.2.2.2.2.2.2.2.2",0.622991052159205,FALSE,TRUE,40
"2.2.2.3.1.2.3.2.2.2.2.2.2.2.2.2.2.2.2.2.2.2",0.59650954914418,FALSE,TRUE,41
"2.2.2.3.1.2.2.3.2.2.2.2.2.2.2.2.2.2.2.2.2.2",0.699995463548967,FALSE,TRUE,41
"2.2.2.3.1.2.2.2.3.2.2.2.2.2.2.2.2.2.2.2.2.2",0.644031714125285,FALSE,TRUE,41
"2.2.2.3.1.2.2.2.2.3.2.2.2.2.2.2.2.2.2.2.2.2",0.704701983505676,FALSE,TRUE,41
"2.2.2.3.1.2.2.2.2.2.3.2.2.2.2.2.2.2.2.2.2.2",0.618645323836805,FALSE,TRUE,40
"2.2.2.3.1.2.2.2.2.2.2.3.2.2.2.2.2.2.2.2.2.2",0.633475705944007,FALSE,TRUE,40
"2.2.2.3.1.2.2.2.2.2.2.2.3.2.2.2.2.2.2.2.2.2",0.537312060926538,FALSE,TRUE,41
"2.2.2.3.1.2.2.2.2.2.2.2.2.3.2.2.2.2.2.2.2.2",0.68977112776896,FALSE,TRUE,41
"2.2.2.3.1.2.2.2.2.2.2.2.2.2.3.2.2.2.2.2.2.2",0.695386654535075,FALSE,TRUE,41
"2.2.2.3.1.2.2.2.2.2.2.2.2.2.2.3.2.2.2.2.2.2",0.608061498319271,FALSE,TRUE,41
"2.2.2.3.1.2.2.2.2.2.2.2.2.2.2.2.3.2.2.2.2.2",0.642530182089307,FALSE,TRUE,41
"2.2.2.3.1.2.2.2.2.2.2.2.2.2.2.2.2.3.2.2.2.2",0.631103350627263,FALSE,TRUE,41
"2.2.2.3.1.2.2.2.2.2.2.2.2.2.2.2.2.2.3.2.2.2",0.641623251209618,FALSE,TRUE,41
"2.2.2.3.1.2.2.2.2.2.2.2.2.2.2.2.2.2.2.3.2.2",0.627256104859028,FALSE,TRUE,41
"2.2.2.3.1.2.2.2.2.2.2.2.2.2.2.2.2.2.2.2.3.2",0.654166297497309,FALSE,TRUE,41
"2.2.2.3.1.2.2.2.2.2.2.2.2.2.2.2.2.2.2.2.2.3",0.585789145442348,FALSE,TRUE,41
"1.2.2.3.1.2.2.2.2.2.2.2.2.2.2.2.2.2.2.2.2.2",0.634091238518434,FALSE,TRUE,40
"2.1.2.3.1.2.2.2.2.2.2.2.2.2.2.2.2.2.2.2.2.2",0.643470840279981,FALSE,TRUE,40
"2.2.1.3.1.2.2.2.2.2.2.2.2.2.2.2.2.2.2.2.2.2",0.635672186218652,FALSE,TRUE,38
"2.2.2.3.1.1.2.2.2.2.2.2.2.2.2.2.2.2.2.2.2.2",0.645785376333625,FALSE,TRUE,40
"2.2.2.3.1.2.1.2.2.2.2.2.2.2.2.2.2.2.2.2.2.2",0.657284235814878,FALSE,TRUE,39
"2.2.2.3.1.2.2.1.2.2.2.2.2.2.2.2.2.2.2.2.2.2",0.563497555152125,FALSE,TRUE,40
"2.2.2.3.1.2.2.2.1.2.2.2.2.2.2.2.2.2.2.2.2.2",0.619251996485885,FALSE,TRUE,40
"2.2.2.3.1.2.2.2.2.1.2.2.2.2.2.2.2.2.2.2.2.2",0.543124874396999,FALSE,TRUE,40
"2.2.2.3.1.2.2.2.2.2.1.2.2.2.2.2.2.2.2.2.2.2",0.654764503519591,FALSE,TRUE,40
"2.2.2.3.1.2.2.2.2.2.2.2.1.2.2.2.2.2.2.2.2.2",0.718473998571849,FALSE,TRUE,39
"2.2.2.3.1.2.2.2.2.2.2.2.2.1.2.2.2.2.2.2.2.2",0.575162115219761,FALSE,TRUE,39
"2.2.2.3.1.2.2.2.2.2.2.2.2.2.1.2.2.2.2.2.2.2",0.567193119894412,FALSE,TRUE,40
"2.2.2.3.1.2.2.2.2.2.2.2.2.2.2.1.2.2.2.2.2.2",0.655954865975865,FALSE,TRUE,40
"2.2.2.3.1.2.2.2.2.2.2.2.2.2.2.2.1.2.2.2.2.2",0.614438884160248,FALSE,TRUE,39
"2.2.2.3.1.2.2.2.2.2.2.2.2.2.2.2.2.1.2.2.2.2",0.619362219407064,FALSE,TRUE,40
"2.2.2.3.1.2.2.2.2.2.2.2.2.2.2.2.2.2.1.2.2.2",0.628912792361992,FALSE,TRUE,40
"2.2.2.3.1.2.2.2.2.2.2.2.2.2.2.2.2.2.2.1.2.2",0.649118971521689,FALSE,TRUE,40
"2.2.2.3.1.2.2.2.2.2.2.2.2.2.2.2.2.2.2.2.1.2",0.582306717855086,FALSE,TRUE,40
"2.2.2.3.1.2.2.2.2.2.2.2.2.2.2.2.2.2.2.2.2.1",0.671610741660229,FALSE,TRUE,40
"3.2.3.2.2.2.2.2.2.2.2.1.2.2.2.2.2.2.2.3.2.2",0.706302426607128,FALSE,TRUE,41
"2.3.3.2.2.2.2.2.2.2.2.1.2.2.2.2.2.2.2.3.2.2",0.61734249969798,FALSE,TRUE,41
"2.2.4.2.2.2.2.2.2.2.2.1.2.2.2.2.2.2.2.3.2.2",0.638712956770734,FALSE,TRUE,42
"2.2.3.3.2.2.2.2.2.2.2.1.2.2.2.2.2.2.2.3.2.2",0.663029762725467,FALSE,TRUE,40
"2.2.3.2.3.2.2.2.2.2.2.1.2.2.2.2.2.2.2.3.2.2",0.655669643033894,FALSE,TRUE,41
"2.2.3.2.2.3.2.2.2.2.2.1.2.2.2.2.2.2.2.3.2.2",0.658719926202239,FALSE,TRUE,41
"2.2.3.2.2.2.3.2.2.2.2.1.2.2.2.2.2.2.2.3.2.2",0.655188255256822,FALSE,TRUE,41
"2.2.3.2.2.2.2.3.2.2.2.1.2.2.2.2.2.2.2.3.2.2",0.721840799511356,FALSE,TRUE,41
"2.2.3.2.2.2.2.2.3.2.2.1.2.2.2.2.2.2.2.3.2.2",0.660511317275368,FALSE,TRUE,41
"2.2.3.2.2.2.2.2.2.3.2.1.2.2.2.2.2.2.2.3.2.2",0.710450535944246,FALSE,TRUE,41
"2.2.3.2.2.2.2.2.2.2.3.1.2.2.2.2.2.2.2.3.2.2",0.684248324218607,FALSE,TRUE,41
"2.2.3.2.2.2.2.2.2.2.2.2.2.2.2.2.2.2.2.3.2.2",0.650911319017888,FALSE,TRUE,41
"2.2.3.2.2.2.2.2.2.2.2.1.3.2.2.2.2.2.2.3.2.2",0.61931481528924,FALSE,TRUE,41
"2.2.3.2.2.2.2.2.2.2.2.1.2.3.2.2.2.2.2.3.2.2",0.744359682636185,FALSE,TRUE,41
"2.2.3.2.2.2.2.2.2.2.2.1.2.2.3.2.2.2.2.3.2.2",0.684878055166144,FALSE,TRUE,41
"2.2.3.2.2.2.2.2.2.2.2.1.2.2.2.3.2.2.2.3.2.2",0.675524984015985,FALSE,TRUE,41
"2.2.3.2.2.2.2.2.2.2.2.1.2.2.2.2.3.2.2.3.2.2",0.679412587637609,FALSE,TRUE,41
"2.2.3.2.2.2.2.2.2.2.2.1.2.2.2.2.2.3.2.3.2.2",0.676737614594133,FALSE,TRUE,41
"2.2.3.2.2.2.2.2.2.2.2.1.2.2.2.2.2.2.3.3.2.2",0.653647443350294,FALSE,TRUE,41
"2.2.3.2.2.2.2.2.2.2.2.1.2.2.2.2.2.2.2.4.2.2",0.673667127998164,FALSE,TRUE,41
"2.2.3.2.2.2.2.2.2.2.2.1.2.2.2.2.2.2.2.3.3.2",0.696211358207024,FALSE,TRUE,41
"2.2.3.2.2.2.2.2.2.2.2.1.2.2.2.2.2.2.2.3.2.3",0.66192626475729,FALSE,TRUE,41
"1.2.3.2.2.2.2.2.2.2.2.1.2.2.2.2.2.2.2.3.2.2",0.666361006850313,FALSE,TRUE,40
"2.1.3.2.2.2.2.2.2.2.2.1.2.2.2.2.2.2.2.3.2.2",0.746797493549058,FALSE,TRUE,40
"2.2.3.1.2.2.2.2.2.2.2.1.2.2.2.2.2.2.2.3.2.2",0.718212144426408,FALSE,TRUE,40
"2.2.3.2.1.2.2.2.2.2.2.1.2.2.2.2.2.2.2.3.2.2",0.683458465882833,FALSE,TRUE,40
"2.2.3.2.2.1.2.2.2.2.2.1.2.2.2.2.2.2.2.3.2.2",0.719881559340531,FALSE,TRUE,40
"2.2.3.2.2.2.1.2.2.2.2.1.2.2.2.2.2.2.2.3.2.2",0.710280418273409,FALSE,TRUE,40
"2.2.3.2.2.2.2.1.2.2.2.1.2.2.2.2.2.2.2.3.2.2",0.649564105101444,FALSE,TRUE,40
"2.2.3.2.2.2.2.2.1.2.2.1.2.2.2.2.2.2.2.3.2.2",0.703525554551036,FALSE,TRUE,40
"2.2.3.2.2.2.2.2.2.1.2.1.2.2.2.2.2.2.2.3.2.2",0.647015978329724,FALSE,TRUE,40
"2.2.3.2.2.2.2.2.2.2.1.1.2.2.2.2.2.2.2.3.2.2",0.686372124636536,FALSE,TRUE,40
"2.2.3.2.2.2.2.2.2.2.2.1.1.2.2.2.2.2.2.3.2.2",0.748817466852535,FALSE,TRUE,40
"2.2.3.2.2.2.2.2.2.2.2.1.2.1.2.2.2.2.2.3.2.2",0.623819895754596,FALSE,TRUE,40
"2.2.3.2.2.2.2.2.2.2.2.1.2.2.1.2.2.2.2.3.2.2",0.677753087060922,FALSE,TRUE,40
"2.2.3.2.2.2.2.2.2.2.2.1.2.2.2.1.2.2.2.3.2.2",0.690647578145218,FALSE,TRUE,40
"2.2.3.2.2.2.2.2.2.2.2.1.2.2.2.2.1.2.2.3.2.2",0.685944539742923,FALSE,TRUE,40
"2.2.3.2.2.2.2.2.2.2.2.1.2.2.2.2.2.1.2.3.2.2",0.678788275265799,FALSE,TRUE,40
"2.2.3.2.2.2.2.2.2.2.2.1.2.2.2.2.2.2.1.3.2.2",0.720572687668797,FALSE,TRUE,40
"2.2.3.2.2.2.2.2.2.2.2.1.2.2.2.2.2.2.2.3.1.2",0.640441907611109,FALSE,TRUE,40
"2.2.3.2.2.2.2.2.2.2.2.1.2.2.2.2.2.2.2.3.2.1",0.705699683813555,FALSE,TRUE,40
"3.2.1.4.2.2.2.2.2.2.2.2.2.2.3.2.2.3.2.2.3.2",0.719745468419387,FALSE,TRUE,40
"2.3.1.4.2.2.2.2.2.2.2.2.2.2.3.2.2.3.2.2.3.2",0.62323037153626,FALSE,TRUE,40
"2.2.2.4.2.2.2.2.2.2.2.2.2.2.3.2.2.3.2.2.3.2",0.668106838970475,FALSE,TRUE,41
"2.2.1.5.2.2.2.2.2.2.2.2.2.2.3.2.2.3.2.2.3.2",0.662419219390548,FALSE,TRUE,40
"2.2.1.4.3.2.2.2.2.2.2.2.2.2.3.2.2.3.2.2.3.2",0.69624074957971,FALSE,TRUE,39
"2.2.1.4.2.3.2.2.2.2.2.2.2.2.3.2.2.3.2.2.3.2",0.66110557024034,FALSE,TRUE,40
"2.2.1.4.2.2.3.2.2.2.2.2.2.2.3.2.2.3.2.2.3.2",0.663298899882608,FALSE,TRUE,39
"2.2.1.4.2.2.2.3.2.2.2.2.2.2.3.2.2.3.2.2.3.2",0.73670981412174,FALSE,TRUE,40
"2.2.1.4.2.2.2.2.3.2.2.2.2.2.3.2.2.3.2.2.3.2",0.706465535044624,FALSE,TRUE,40
"2.2.1.4.2.2.2.2.2.3.2.2.2.2.3.2.2.3.2.2.3.2",0.758810403123863,FALSE,TRUE,40
"2.2.1.4.2.2.2.2.2.2.3.2.2.2.3.2.2.3.2.2.3.2",0.701919541233449,FALSE,TRUE,40
"2.2.1.4.2.2.2.2.2.2.2.3.2.2.3.2.2.3.2.2.3.2",0.682733873152268,FALSE,TRUE,40
"2.2.1.4.2.2.2.2.2.2.2.2.2.3.3.2.2.3.2.2.3.2",0.756648642546969,FALSE,TRUE,40
"2.2.1.4.2.2.2.2.2.2.2.2.2.2.4.2.2.3.2.2.3.2",0.716555203143657,FALSE,TRUE,40
"2.2.1.4.2.2.2.2.2.2.2.2.2.2.3.3.2.3.2.2.3.2",0.667156640662367,FALSE,TRUE,40
"2.2.1.4.2.2.2.2.2.2.2.2.2.2.3.2.3.3.2.2.3.2",0.704584701981088,FALSE,TRUE,40
"2.2.1.4.2.2.2.2.2.2.2.2.2.2.3.2.2.4.2.2.3.2",0.66336086137239,FALSE,TRUE,40
"2.2.1.4.2.2.2.2.2.2.2.2.2.2.3.2.2.3.3.2.3.2",0.706729638144328,FALSE,TRUE,40
"2.2.1.4.2.2.2.2.2.2.2.2.2.2.3.2.2.3.2.3.3.2",0.704165822225221,FALSE,TRUE,40
"2.2.1.4.2.2.2.2.2.2.2.2.2.2.3.2.2.3.2.2.4.2",0.686922871441678,FALSE,TRUE,41
"2.2.1.4.2.2.2.2.2.2.2.2.2.2.3.2.2.3.2.2.3.3",0.662311181767832,FALSE,TRUE,40
"1.2.1.4.2.2.2.2.2.2.2.2.2.2.3.2.2.3.2.2.3.2",0.673726769747748,FALSE,TRUE,39
"2.1.1.4.2.2.2.2.2.2.2.2.2.2.3.2.2.3.2.2.3.2",0.76397541294918,FALSE,TRUE,39
"2.2.1.3.2.2.2.2.2.2.2.2.2.2.3.2.2.3.2.2.3.2",0.730136835829963,FALSE,TRUE,40
"2.2.1.4.1.2.2.2.2.2.2.2.2.2.3.2.2.3.2.2.3.2",0.661075133600534,FALSE,TRUE,39
"2.2.1.4.2.1.2.2.2.2.2.2.2.2.3.2.2.3.2.2.3.2",0.737151611325175,FALSE,TRUE,39
"2.2.1.4.2.2.1.2.2.2.2.2.2.2.3.2.2.3.2.2.3.2",0.7197997301977,FALSE,TRUE,39
"2.2.1.4.2.2.2.1.2.2.2.2.2.2.3.2.2.3.2.2.3.2",0.653002033580144,FALSE,TRUE,39
"2.2.1.4.2.2.2.2.1.2.2.2.2.2.3.2.2.3.2.2.3.2",0.684304375040869,FALSE,TRUE,39
"2.2.1.4.2.2.2.2.2.1.2.2.2.2.3.2.2.3.2.2.3.2",0.618830573358406,FALSE,TRUE,39
"2.2.1.4.2.2.2.2.2.2.1.2.2.2.3.2.2.3.2.2.3.2",0.695256577843114,FALSE,TRUE,39
"2.2.1.4.2.2.2.2.2.2.2.1.2.2.3.2.2.3.2.2.3.2",0.705847929101575,FALSE,TRUE,39
"2.2.1.4.2.2.2.2.2.2.2.2.1.2.3.2.2.3.2.2.3.2",0.775108831776583,FALSE,TRUE,40
"2.2.1.4.2.2.2.2.2.2.2.2.2.1.3.2.2.3.2.2.3.2",0.634625218594621,FALSE,TRUE,39
"2.2.1.4.2.2.2.2.2.2.2.2.2.2.3.1.2.3.2.2.3.2",0.726177995882369,FALSE,TRUE,39
"2.2.1.4.2.2.2.2.2.2.2.2.2.2.3.2.1.3.2.2.3.2",0.679896659881116,FALSE,TRUE,39
"2.2.1.4.2.2.2.2.2.2.2.2.2.2.3.2.2.2.2.2.3.2",0.71346706824526,FALSE,TRUE,39
"2.2.1.4.2.2.2.2.2.2.2.2.2.2.3.2.2.3.1.2.3.2",0.692785985199967,FALSE,TRUE,39
"2.2.1.4.2.2.2.2.2.2.2.2.2.2.3.2.2.3.2.1.3.2",0.703103488794461,FALSE,TRUE,39
"2.2.1.4.2.2.2.2.2.2.2.2.2.2.3.2.2.3.2.2.3.1",0.725340355386417,FALSE,TRUE,39
"3.2.1.3.2.2.2.2.2.2.2.2.2.2.2.2.2.2.2.2.2.2",0.707434803329769,FALSE,TRUE,39
"2.3.1.3.2.2.2.2.2.2.2.2.2.2.2.2.2.2.2.2.2.2",0.667730386488198,FALSE,TRUE,39
"2.2.1.3.3.2.2.2.2.2.2.2.2.2.2.2.2.2.2.2.2.2",0.718526465342559,FALSE,TRUE,38
"2.2.1.3.2.2.3.2.2.2.2.2.2.2.2.2.2.2.2.2.2.2",0.658326528671919,FALSE,TRUE,38
"2.2.1.3.2.2.2.3.2.2.2.2.2.2.2.2.2.2.2.2.2.2",0.750623884100167,FALSE,TRUE,39
"2.2.1.3.2.2.2.2.3.2.2.2.2.2.2.2.2.2.2.2.2.2",0.697976399587516,FALSE,TRUE,39
"2.2.1.3.2.2.2.2.2.3.2.2.2.2.2.2.2.2.2.2.2.2",0.744797419028107,FALSE,TRUE,39
"2.2.1.3.2.2.2.2.2.2.3.2.2.2.2.2.2.2.2.2.2.2",0.704042366734086,FALSE,TRUE,38
"2.2.1.3.2.2.2.2.2.2.2.3.2.2.2.2.2.2.2.2.2.2",0.707273640332749,FALSE,TRUE,38
"2.2.1.3.2.2.2.2.2.2.2.2.2.3.2.2.2.2.2.2.2.2",0.752055200544567,FALSE,TRUE,39
"2.2.1.3.2.2.2.2.2.2.2.2.2.2.3.2.2.2.2.2.2.2",0.728165102151292,FALSE,TRUE,38
"2.2.1.3.2.2.2.2.2.2.2.2.2.2.2.3.2.2.2.2.2.2",0.679765324284151,FALSE,TRUE,39
"2.2.1.3.2.2.2.2.2.2.2.2.2.2.2.2.3.2.2.2.2.2",0.714708635315234,FALSE,TRUE,39
"2.2.1.3.2.2.2.2.2.2.2.2.2.2.2.2.2.2.3.2.2.2",0.686923479731546,FALSE,TRUE,39
"2.2.1.3.2.2.2.2.2.2.2.2.2.2.2.2.2.2.2.3.2.2",0.690244921981571,FALSE,TRUE,39
"2.2.1.3.2.2.2.2.2.2.2.2.2.2.2.2.2.2.2.2.3.2",0.724576051574265,FALSE,TRUE,39
"2.2.1.3.2.2.2.2.2.2.2.2.2.2.2.2.2.2.2.2.2.3",0.651193975159173,FALSE,TRUE,39
"1.2.1.3.2.2.2.2.2.2.2.2.2.2.2.2.2.2.2.2.2.2",0.682734479038449,FALSE,TRUE,38
"2.1.1.3.2.2.2.2.2.2.2.2.2.2.2.2.2.2.2.2.2.2",0.713856145743553,FALSE,TRUE,38
"2.2.1.3.2.1.2.2.2.2.2.2.2.2.2.2.2.2.2.2.2.2",0.710512167548113,FALSE,TRUE,39
"2.2.1.3.2.2.1.2.2.2.2.2.2.2.2.2.2.2.2.2.2.2",0.72448586886787,FALSE,TRUE,36
"2.2.1.3.2.2.2.1.2.2.2.2.2.2.2.2.2.2.2.2.2.2",0.638229391834366,FALSE,TRUE,38
"2.2.1.3.2.2.2.2.1.2.2.2.2.2.2.2.2.2.2.2.2.2",0.688054256056196,FALSE,TRUE,38
"2.2.1.3.2.2.2.2.2.1.2.2.2.2.2.2.2.2.2.2.2.2",0.624896557566024,FALSE,TRUE,38
"2.2.1.3.2.2.2.2.2.2.1.2.2.2.2.2.2.2.2.2.2.2",0.692195165962677,FALSE,TRUE,38
"2.2.1.3.2.2.2.2.2.2.2.2.1.2.2.2.2.2.2.2.2.2",0.763947287401561,FALSE,TRUE,36
"2.2.1.3.2.2.2.2.2.2.2.2.2.1.2.2.2.2.2.2.2.2",0.641996982163714,FALSE,TRUE,38
"2.2.1.3.2.2.2.2.2.2.2.2.2.2.1.2.2.2.2.2.2.2",0.660336442512673,FALSE,TRUE,38
"2.2.1.3.2.2.2.2.2.2.2.2.2.2.2.1.2.2.2.2.2.2",0.704657592167234,FALSE,TRUE,38
"2.2.1.3.2.2.2.2.2.2.2.2.2.2.2.2.1.2.2.2.2.2",0.665367697499858,FALSE,TRUE,37
"2.2.1.3.2.2.2.2.2.2.2.2.2.2.2.2.2.1.2.2.2.2",0.685912714190495,FALSE,TRUE,38
"2.2.1.3.2.2.2.2.2.2.2.2.2.2.2.2.2.2.1.2.2.2",0.706617106755449,FALSE,TRUE,38
"2.2.1.3.2.2.2.2.2.2.2.2.2.2.2.2.2.2.2.1.2.2",0.709595230480092,FALSE,TRUE,38
"2.2.1.3.2.2.2.2.2.2.2.2.2.2.2.2.2.2.2.2.1.2",0.632456702543567,FALSE,TRUE,38
"2.2.1.3.2.2.2.2.2.2.2.2.2.2.2.2.2.2.2.2.2.1",0.734872640297256,FALSE,TRUE,38
"3.2.2.2.1.2.1.2.2.2.2.2.1.2.2.3.2.2.1.3.2.2",0.754427954067982,FALSE,TRUE,38
"2.3.2.2.1.2.1.2.2.2.2.2.1.2.2.3.2.2.1.3.2.2",0.671296967261365,FALSE,TRUE,38
"2.2.3.2.1.2.1.2.2.2.2.2.1.2.2.3.2.2.1.3.2.2",0.690499177227778,FALSE,TRUE,38
"2.2.2.3.1.2.1.2.2.2.2.2.1.2.2.3.2.2.1.3.2.2",0.641484254080893,FALSE,TRUE,38
"2.2.2.2.1.3.1.2.2.2.2.2.1.2.2.3.2.2.1.3.2.2",0.715228863233347,FALSE,TRUE,38
"2.2.2.2.1.2.2.2.2.2.2.2.1.2.2.3.2.2.1.3.2.2",0.748795797993768,FALSE,TRUE,39
"2.2.2.2.1.2.1.3.2.2.2.2.1.2.2.3.2.2.1.3.2.2",0.791160879017176,FALSE,TRUE,38
"2.2.2.2.1.2.1.2.3.2.2.2.1.2.2.3.2.2.1.3.2.2",0.737014261026528,FALSE,TRUE,38
"2.2.2.2.1.2.1.2.2.3.2.2.1.2.2.3.2.2.1.3.2.2",0.797207071828346,FALSE,TRUE,38
"2.2.2.2.1.2.1.2.2.2.3.2.1.2.2.3.2.2.1.3.2.2",0.728761379471765,FALSE,TRUE,38
"2.2.2.2.1.2.1.2.2.2.2.3.1.2.2.3.2.2.1.3.2.2",0.701432485467164,FALSE,TRUE,38
"2.2.2.2.1.2.1.2.2.2.2.2.2.2.2.3.2.2.1.3.2.2",0.659119789105137,FALSE,TRUE,39
"2.2.2.2.1.2.1.2.2.2.2.2.1.3.2.3.2.2.1.3.2.2",0.797666568460566,FALSE,TRUE,38
"2.2.2.2.1.2.1.2.2.2.2.2.1.2.3.3.2.2.1.3.2.2",0.78875796973542,FALSE,TRUE,38
"2.2.2.2.1.2.1.2.2.2.2.2.1.2.2.4.2.2.1.3.2.2",0.684805614360778,FALSE,TRUE,38
"2.2.2.2.1.2.1.2.2.2.2.2.1.2.2.3.3.2.1.3.2.2",0.737488031044042,FALSE,TRUE,38
"2.2.2.2.1.2.1.2.2.2.2.2.1.2.2.3.2.3.1.3.2.2",0.688778156569443,FALSE,TRUE,38
"2.2.2.2.1.2.1.2.2.2.2.2.1.2.2.3.2.2.2.3.2.2",0.755539424246023,FALSE,TRUE,39
"2.2.2.2.1.2.1.2.2.2.2.2.1.2.2.3.2.2.1.4.2.2",0.697613459781911,FALSE,TRUE,38
"2.2.2.2.1.2.1.2.2.2.2.2.1.2.2.3.2.2.1.3.3.2",0.760276792442908,FALSE,TRUE,38
"2.2.2.2.1.2.1.2.2.2.2.2.1.2.2.3.2.2.1.3.2.3",0.701316105412904,FALSE,TRUE,38
"1.2.2.2.1.2.1.2.2.2.2.2.1.2.2.3.2.2.1.3.2.2",0.69364026400222,FALSE,TRUE,37
"2.1.2.2.1.2.1.2.2.2.2.2.1.2.2.3.2.2.1.3.2.2",0.760747430847525,FALSE,TRUE,37
"2.2.1.2.1.2.1.2.2.2.2.2.1.2.2.3.2.2.1.3.2.2",0.742001572642057,FALSE,TRUE,36
"2.2.2.1.1.2.1.2.2.2.2.2.1.2.2.3.2.2.1.3.2.2",0.810651720567363,FALSE,TRUE,37
"2.2.2.2.1.1.1.2.2.2.2.2.1.2.2.3.2.2.1.3.2.2",0.734465577591827,FALSE,TRUE,37
"2.2.2.2.1.2.1.1.2.2.2.2.1.2.2.3.2.2.1.3.2.2",0.656583319932784,FALSE,TRUE,37
"2.2.2.2.1.2.1.2.1.2.2.2.1.2.2.3.2.2.1.3.2.2",0.704337782451062,FALSE,TRUE,37
"2.2.2.2.1.2.1.2.2.1.2.2.1.2.2.3.2.2.1.3.2.2",0.632893047751714,FALSE,TRUE,37
"2.2.2.2.1.2.1.2.2.2.1.2.1.2.2.3.2.2.1.3.2.2",0.711445150223485,FALSE,TRUE,37
"2.2.2.2.1.2.1.2.2.2.2.1.1.2.2.3.2.2.1.3.2.2",0.74799213487344,FALSE,TRUE,37
"2.2.2.2.1.2.1.2.2.2.2.2.1.1.2.3.2.2.1.3.2.2",0.640982127576011,FALSE,TRUE,37
"2.2.2.2.1.2.1.2.2.2.2.2.1.2.1.3.2.2.1.3.2.2",0.646397457052198,FALSE,TRUE,37
"2.2.2.2.1.2.1.2.2.2.2.2.1.2.2.2.2.2.1.3.2.2",0.749221704826164,FALSE,TRUE,37
"2.2.2.2.1.2.1.2.2.2.2.2.1.2.2.3.1.2.1.3.2.2",0.708806639793965,FALSE,TRUE,37
"2.2.2.2.1.2.1.2.2.2.2.2.1.2.2.3.2.1.1.3.2.2",0.742390128113912,FALSE,TRUE,37
"2.2.2.2.1.2.1.2.2.2.2.2.1.2.2.3.2.2.1.3.1.2",0.657824262447855,FALSE,TRUE,37
"2.2.2.2.1.2.1.2.2.2.2.2.1.2.2.3.2.2.1.3.2.1",0.738630353936532,FALSE,TRUE,37
"3.2.1.2.2.2.1.2.2.2.2.2.1.2.2.3.2.2.1.2.2.2",0.831421086806984,FALSE,TRUE,38
"2.3.1.2.2.2.1.2.2.2.2.2.1.2.2.3.2.2.1.2.2.2",0.728443403115707,FALSE,TRUE,37
"2.2.1.3.2.2.1.2.2.2.2.2.1.2.2.3.2.2.1.2.2.2",0.753688508761968,FALSE,TRUE,38
"2.2.1.2.3.2.1.2.2.2.2.2.1.2.2.3.2.2.1.2.2.2",0.803624512101415,FALSE,TRUE,38
"2.2.1.2.2.3.1.2.2.2.2.2.1.2.2.3.2.2.1.2.2.2",0.785087204205692,FALSE,TRUE,38
"2.2.1.2.2.2.2.2.2.2.2.2.1.2.2.3.2.2.1.2.2.2",0.810453252680267,FALSE,TRUE,39
"2.2.1.2.2.2.1.3.2.2.2.2.1.2.2.3.2.2.1.2.2.2",0.85251126287718,FALSE,TRUE,38
"2.2.1.2.2.2.1.2.3.2.2.2.1.2.2.3.2.2.1.2.2.2",0.816331157542989,FALSE,TRUE,38
"2.2.1.2.2.2.1.2.2.3.2.2.1.2.2.3.2.2.1.2.2.2",0.848404681891927,FALSE,TRUE,38
"2.2.1.2.2.2.1.2.2.2.3.2.1.2.2.3.2.2.1.2.2.2",0.836392810383313,FALSE,TRUE,38
"2.2.1.2.2.2.1.2.2.2.2.3.1.2.2.3.2.2.1.2.2.2",0.78729735545687,FALSE,TRUE,38
"2.2.1.2.2.2.1.2.2.2.2.2.2.2.2.3.2.2.1.2.2.2",0.738054608803154,FALSE,TRUE,39
"2.2.1.2.2.2.1.2.2.2.2.2.1.3.2.3.2.2.1.2.2.2",0.866673812872133,FALSE,TRUE,38
"2.2.1.2.2.2.1.2.2.2.2.2.1.2.3.3.2.2.1.2.2.2",0.833956024555684,FALSE,TRUE,38
"2.2.1.2.2.2.1.2.2.2.2.2.1.2.2.4.2.2.1.2.2.2",0.771804261951555,FALSE,TRUE,38
"2.2.1.2.2.2.1.2.2.2.2.2.1.2.2.3.3.2.1.2.2.2",0.825675883812771,FALSE,TRUE,38
"2.2.1.2.2.2.1.2.2.2.2.2.1.2.2.3.2.3.1.2.2.2",0.750952291318681,FALSE,TRUE,38
"2.2.1.2.2.2.1.2.2.2.2.2.1.2.2.3.2.2.1.2.3.2",0.834439172850161,FALSE,TRUE,38
"2.2.1.2.2.2.1.2.2.2.2.2.1.2.2.3.2.2.1.2.2.3",0.765867715261781,FALSE,TRUE,38
"1.2.1.2.2.2.1.2.2.2.2.2.1.2.2.3.2.2.1.2.2.2",0.764995143720361,FALSE,TRUE,37
"2.1.1.2.2.2.1.2.2.2.2.2.1.2.2.3.2.2.1.2.2.2",0.852021619997355,FALSE,TRUE,37
"2.2.1.1.2.2.1.2.2.2.2.2.1.2.2.3.2.2.1.2.2.2",0.849799228204471,FALSE,TRUE,37
"2.2.1.2.1.2.1.2.2.2.2.2.1.2.2.3.2.2.1.2.2.2",0.761589410140154,FALSE,TRUE,36
"2.2.1.2.2.1.1.2.2.2.2.2.1.2.2.3.2.2.1.2.2.2",0.815736448674718,FALSE,TRUE,37
"2.2.1.2.2.2.1.1.2.2.2.2.1.2.2.3.2.2.1.2.2.2",0.746315788030354,FALSE,TRUE,37
"2.2.1.2.2.2.1.2.1.2.2.2.1.2.2.3.2.2.1.2.2.2",0.776312202025151,FALSE,TRUE,37
"2.2.1.2.2.2.1.2.2.1.2.2.1.2.2.3.2.2.1.2.2.2",0.73020977262315,FALSE,TRUE,37
"2.2.1.2.2.2.1.2.2.2.1.2.1.2.2.3.2.2.1.2.2.2",0.751095447453005,FALSE,TRUE,37
"2.2.1.2.2.2.1.2.2.2.2.1.1.2.2.3.2.2.1.2.2.2",0.808692356476491,FALSE,TRUE,35
"2.2.1.2.2.2.1.2.2.2.2.2.1.1.2.3.2.2.1.2.2.2",0.724525810434032,FALSE,TRUE,37
"2.2.1.2.2.2.1.2.2.2.2.2.1.2.1.3.2.2.1.2.2.2",0.753759905342365,FALSE,TRUE,37
"2.2.1.2.2.2.1.2.2.2.2.2.1.2.2.3.1.2.1.2.2.2",0.768817148596384,FALSE,TRUE,37
"2.2.1.2.2.2.1.2.2.2.2.2.1.2.2.3.2.1.1.2.2.2",0.827885348162989,FALSE,TRUE,37
"2.2.1.2.2.2.1.2.2.2.2.2.1.2.2.3.2.2.1.1.2.2",0.804599868282895,FALSE,TRUE,37
"2.2.1.2.2.2.1.2.2.2.2.2.1.2.2.3.2.2.1.2.1.2",0.730350781053686,FALSE,TRUE,37
"2.2.1.2.2.2.1.2.2.2.2.2.1.2.2.3.2.2.1.2.2.1",0.822990539169713,FALSE,TRUE,37
"3.2.1.2.2.2.1.2.2.2.2.1.1.2.2.2.2.2.2.2.2.2",0.807650675594712,FALSE,TRUE,38
"2.3.1.2.2.2.1.2.2.2.2.1.1.2.2.2.2.2.2.2.2.2",0.72622949320489,FALSE,TRUE,38
"2.2.1.3.2.2.1.2.2.2.2.1.1.2.2.2.2.2.2.2.2.2",0.73245846641986,FALSE,TRUE,38
"2.2.1.2.3.2.1.2.2.2.2.1.1.2.2.2.2.2.2.2.2.2",0.76048118374071,FALSE,TRUE,38
"2.2.1.2.2.3.1.2.2.2.2.1.1.2.2.2.2.2.2.2.2.2",0.755587087526521,FALSE,TRUE,38
"2.2.1.2.2.2.2.2.2.2.2.1.1.2.2.2.2.2.2.2.2.2",0.759330290230883,FALSE,TRUE,37
"2.2.1.2.2.2.1.3.2.2.2.1.1.2.2.2.2.2.2.2.2.2",0.790686677511641,FALSE,TRUE,37
"2.2.1.2.2.2.1.2.3.2.2.1.1.2.2.2.2.2.2.2.2.2",0.778558707011416,FALSE,TRUE,36
"2.2.1.2.2.2.1.2.2.3.2.1.1.2.2.2.2.2.2.2.2.2",0.761138233896807,FALSE,TRUE,38
"2.2.1.2.2.2.1.2.2.2.3.1.1.2.2.2.2.2.2.2.2.2",0.818847860090137,FALSE,TRUE,38
"2.2.1.2.2.2.1.2.2.2.2.1.2.2.2.2.2.2.2.2.2.2",0.750782415861399,FALSE,TRUE,37
"2.2.1.2.2.2.1.2.2.2.2.1.1.3.2.2.2.2.2.2.2.2",0.798189067621011,FALSE,TRUE,38
"2.2.1.2.2.2.1.2.2.2.2.1.1.2.3.2.2.2.2.2.2.2",0.789675297619734,FALSE,TRUE,38
"2.2.1.2.2.2.1.2.2.2.2.1.1.2.2.3.2.2.2.2.2.2",0.813042531883101,FALSE,TRUE,37
"2.2.1.2.2.2.1.2.2.2.2.1.1.2.2.2.3.2.2.2.2.2",0.80410750383142,FALSE,TRUE,38
"2.2.1.2.2.2.1.2.2.2.2.1.1.2.2.2.2.3.2.2.2.2",0.748161526016721,FALSE,TRUE,38
"2.2.1.2.2.2.1.2.2.2.2.1.1.2.2.2.2.2.3.2.2.2",0.738163115298762,FALSE,TRUE,38
"2.2.1.2.2.2.1.2.2.2.2.1.1.2.2.2.2.2.2.2.3.2",0.831738567874351,FALSE,TRUE,38
"2.2.1.2.2.2.1.2.2.2.2.1.1.2.2.2.2.2.2.2.2.3",0.735199122060421,FALSE,TRUE,38
"1.2.1.2.2.2.1.2.2.2.2.1.1.2.2.2.2.2.2.2.2.2",0.712712821554794,FALSE,TRUE,37
"2.1.1.2.2.2.1.2.2.2.2.1.1.2.2.2.2.2.2.2.2.2",0.779930920111244,FALSE,TRUE,37
"2.2.1.1.2.2.1.2.2.2.2.1.1.2.2.2.2.2.2.2.2.2",0.794360456908809,FALSE,TRUE,37
"2.2.1.2.1.2.1.2.2.2.2.1.1.2.2.2.2.2.2.2.2.2",0.726501043079936,FALSE,TRUE,37
"2.2.1.2.2.1.1.2.2.2.2.1.1.2.2.2.2.2.2.2.2.2",0.76939432081187,FALSE,TRUE,37
"2.2.1.2.2.2.1.1.2.2.2.1.1.2.2.2.2.2.2.2.2.2",0.73070398651893,FALSE,TRUE,37
"2.2.1.2.2.2.1.2.1.2.2.1.1.2.2.2.2.2.2.2.2.2",0.737682524001971,FALSE,TRUE,37
"2.2.1.2.2.2.1.2.2.1.2.1.1.2.2.2.2.2.2.2.2.2",0.737034975736214,FALSE,TRUE,37
"2.2.1.2.2.2.1.2.2.2.1.1.1.2.2.2.2.2.2.2.2.2",0.703828295212722,FALSE,TRUE,37
"2.2.1.2.2.2.1.2.2.2.2.1.1.1.2.2.2.2.2.2.2.2",0.72334836589535,FALSE,TRUE,37
"2.2.1.2.2.2.1.2.2.2.2.1.1.2.1.2.2.2.2.2.2.2",0.726882069343048,FALSE,TRUE,37
"2.2.1.2.2.2.1.2.2.2.2.1.1.2.2.1.2.2.2.2.2.2",0.69224937099684,FALSE,TRUE,37
"2.2.1.2.2.2.1.2.2.2.2.1.1.2.2.2.1.2.2.2.2.2",0.709266681247262,FALSE,TRUE,37
"2.2.1.2.2.2.1.2.2.2.2.1.1.2.2.2.2.1.2.2.2.2",0.755148972581623,FALSE,TRUE,36
"2.2.1.2.2.2.1.2.2.2.2.1.1.2.2.2.2.2.2.1.2.2",0.775483267063272,FALSE,TRUE,37
"2.2.1.2.2.2.1.2.2.2.2.1.1.2.2.2.2.2.2.2.1.2",0.659387300162272,FALSE,TRUE,37
"2.2.1.2.2.2.1.2.2.2.2.1.1.2.2.2.2.2.2.2.2.1",0.776301778637708,FALSE,TRUE,37
"3.2.1.3.2.3.2.2.2.2.2.2.2.2.2.2.2.2.2.2.2.2",0.686763966875418,FALSE,TRUE,40
"2.3.1.3.2.3.2.2.2.2.2.2.2.2.2.2.2.2.2.2.2.2",0.622703334772381,FALSE,TRUE,40
"2.2.1.3.3.3.2.2.2.2.2.2.2.2.2.2.2.2.2.2.2.2",0.676357145305777,FALSE,TRUE,40
"2.2.1.3.2.4.2.2.2.2.2.2.2.2.2.2.2.2.2.2.2.2",0.630228879988296,FALSE,TRUE,41
"2.2.1.3.2.3.3.2.2.2.2.2.2.2.2.2.2.2.2.2.2.2",0.629864708092853,FALSE,TRUE,40
"2.2.1.3.2.3.2.3.2.2.2.2.2.2.2.2.2.2.2.2.2.2",0.718827922613801,FALSE,TRUE,40
"2.2.1.3.2.3.2.2.3.2.2.2.2.2.2.2.2.2.2.2.2.2",0.681315258283637,FALSE,TRUE,40
"2.2.1.3.2.3.2.2.2.3.2.2.2.2.2.2.2.2.2.2.2.2",0.731256585482424,FALSE,TRUE,40
"2.2.1.3.2.3.2.2.2.2.3.2.2.2.2.2.2.2.2.2.2.2",0.6661448091403,FALSE,TRUE,40
"2.2.1.3.2.3.2.2.2.2.2.3.2.2.2.2.2.2.2.2.2.2",0.671786662145554,FALSE,TRUE,40
"2.2.1.3.2.3.2.2.2.2.2.2.3.2.2.2.2.2.2.2.2.2",0.594340797190387,FALSE,TRUE,39
"2.2.1.3.2.3.2.2.2.2.2.2.2.3.2.2.2.2.2.2.2.2",0.729208676705754,FALSE,TRUE,40
"2.2.1.3.2.3.2.2.2.2.2.2.2.2.3.2.2.2.2.2.2.2",0.68458871069833,FALSE,TRUE,40
"2.2.1.3.2.3.2.2.2.2.2.2.2.2.2.3.2.2.2.2.2.2",0.661797602790848,FALSE,TRUE,40
"2.2.1.3.2.3.2.2.2.2.2.2.2.2.2.2.3.2.2.2.2.2",0.70041807254168,FALSE,TRUE,40
"2.2.1.3.2.3.2.2.2.2.2.2.2.2.2.2.2.3.2.2.2.2",0.66594919728512,FALSE,TRUE,39
"2.2.1.3.2.3.2.2.2.2.2.2.2.2.2.2.2.2.3.2.2.2",0.663153258710501,FALSE,TRUE,40
"2.2.1.3.2.3.2.2.2.2.2.2.2.2.2.2.2.2.2.3.2.2",0.669433706505677,FALSE,TRUE,40
"2.2.1.3.2.3.2.2.2.2.2.2.2.2.2.2.2.2.2.2.3.2",0.68047693268345,FALSE,TRUE,40
"2.2.1.3.2.3.2.2.2.2.2.2.2.2.2.2.2.2.2.2.2.3",0.621842964004636,FALSE,TRUE,41
"1.2.1.3.2.3.2.2.2.2.2.2.2.2.2.2.2.2.2.2.2.2",0.648968939622852,FALSE,TRUE,39
"2.1.1.3.2.3.2.2.2.2.2.2.2.2.2.2.2.2.2.2.2.2",0.705304698706768,FALSE,TRUE,39
"2.2.1.2.2.3.2.2.2.2.2.2.2.2.2.2.2.2.2.2.2.2",0.711157641271488,FALSE,TRUE,39
"2.2.1.3.1.3.2.2.2.2.2.2.2.2.2.2.2.2.2.2.2.2",0.623887980630311,FALSE,TRUE,38
"2.2.1.3.2.3.1.2.2.2.2.2.2.2.2.2.2.2.2.2.2.2",0.699357185066902,FALSE,TRUE,39
"2.2.1.3.2.3.2.1.2.2.2.2.2.2.2.2.2.2.2.2.2.2",0.614516938750658,FALSE,TRUE,39
"2.2.1.3.2.3.2.2.1.2.2.2.2.2.2.2.2.2.2.2.2.2",0.651273054831077,FALSE,TRUE,39
"2.2.1.3.2.3.2.2.2.1.2.2.2.2.2.2.2.2.2.2.2.2",0.588012152110209,FALSE,TRUE,39
"2.2.1.3.2.3.2.2.2.2.1.2.2.2.2.2.2.2.2.2.2.2",0.674425544359628,FALSE,TRUE,39
"2.2.1.3.2.3.2.2.2.2.2.1.2.2.2.2.2.2.2.2.2.2",0.658554041492823,FALSE,TRUE,38
"2.2.1.3.2.3.2.2.2.2.2.2.1.2.2.2.2.2.2.2.2.2",0.732745981352331,FALSE,TRUE,39
"2.2.1.3.2.3.2.2.2.2.2.2.2.1.2.2.2.2.2.2.2.2",0.60931441907866,FALSE,TRUE,39
"2.2.1.3.2.3.2.2.2.2.2.2.2.2.1.2.2.2.2.2.2.2",0.64771373490672,FALSE,TRUE,39
"2.2.1.3.2.3.2.2.2.2.2.2.2.2.2.1.2.2.2.2.2.2",0.672511947889976,FALSE,TRUE,39
"2.2.1.3.2.3.2.2.2.2.2.2.2.2.2.2.1.2.2.2.2.2",0.626682327270734,FALSE,TRUE,39
"2.2.1.3.2.3.2.2.2.2.2.2.2.2.2.2.2.1.2.2.2.2",0.656390706874027,FALSE,TRUE,39
"2.2.1.3.2.3.2.2.2.2.2.2.2.2.2.2.2.2.1.2.2.2",0.677099600923524,FALSE,TRUE,39
"2.2.1.3.2.3.2.2.2.2.2.2.2.2.2.2.2.2.2.1.2.2",0.677625195953632,FALSE,TRUE,39
"2.2.1.3.2.3.2.2.2.2.2.2.2.2.2.2.2.2.2.2.1.2",0.621032823346817,FALSE,TRUE,39
"3.2.2.2.2.2.1.2.2.2.2.2.1.2.2.2.1.1.2.2.2.2",0.710849269652478,FALSE,TRUE,38
"2.3.2.2.2.2.1.2.2.2.2.2.1.2.2.2.1.1.2.2.2.2",0.678499292262257,FALSE,TRUE,38
"2.2.3.2.2.2.1.2.2.2.2.2.1.2.2.2.1.1.2.2.2.2",0.680886170263957,FALSE,TRUE,38
"2.2.2.3.2.2.1.2.2.2.2.2.1.2.2.2.1.1.2.2.2.2",0.67778507170014,FALSE,TRUE,38
"2.2.2.2.3.2.1.2.2.2.2.2.1.2.2.2.1.1.2.2.2.2",0.673349938527077,FALSE,TRUE,38
"2.2.2.2.2.3.1.2.2.2.2.2.1.2.2.2.1.1.2.2.2.2",0.665065977080136,FALSE,TRUE,38
"2.2.2.2.2.2.2.2.2.2.2.2.1.2.2.2.1.1.2.2.2.2",0.703929748265091,FALSE,TRUE,38
"2.2.2.2.2.2.1.3.2.2.2.2.1.2.2.2.1.1.2.2.2.2",0.724244119375881,FALSE,TRUE,37
"2.2.2.2.2.2.1.2.3.2.2.2.1.2.2.2.1.1.2.2.2.2",0.693507654182954,FALSE,TRUE,38
"2.2.2.2.2.2.1.2.2.3.2.2.1.2.2.2.1.1.2.2.2.2",0.737770622969192,FALSE,TRUE,38
"2.2.2.2.2.2.1.2.2.2.3.2.1.2.2.2.1.1.2.2.2.2",0.705679884920679,FALSE,TRUE,38
"2.2.2.2.2.2.1.2.2.2.2.3.1.2.2.2.1.1.2.2.2.2",0.67615555885891,FALSE,TRUE,38
"2.2.2.2.2.2.1.2.2.2.2.2.2.2.2.2.1.1.2.2.2.2",0.707655198852936,FALSE,TRUE,38
"2.2.2.2.2.2.1.2.2.2.2.2.1.3.2.2.1.1.2.2.2.2",0.787307441895199,FALSE,TRUE,38
"2.2.2.2.2.2.1.2.2.2.2.2.1.2.3.2.1.1.2.2.2.2",0.688464716267762,FALSE,TRUE,38
"2.2.2.2.2.2.1.2.2.2.2.2.1.2.2.3.1.1.2.2.2.2",0.761726785488617,FALSE,TRUE,38
"2.2.2.2.2.2.1.2.2.2.2.2.1.2.2.2.1.1.3.2.2.2",0.67567561154543,FALSE,TRUE,38
"2.2.2.2.2.2.1.2.2.2.2.2.1.2.2.2.1.1.2.3.2.2",0.688727744330339,FALSE,TRUE,38
"2.2.2.2.2.2.1.2.2.2.2.2.1.2.2.2.1.1.2.2.3.2",0.73675540415567,FALSE,TRUE,38
"2.2.2.2.2.2.1.2.2.2.2.2.1.2.2.2.1.1.2.2.2.3",0.653544939884893,FALSE,TRUE,38
"1.2.2.2.2.2.1.2.2.2.2.2.1.2.2.2.1.1.2.2.2.2",0.693271756200778,FALSE,TRUE,37
"2.1.2.2.2.2.1.2.2.2.2.2.1.2.2.2.1.1.2.2.2.2",0.713339406717059,FALSE,TRUE,37
"2.2.1.2.2.2.1.2.2.2.2.2.1.2.2.2.1.1.2.2.2.2",0.710444974231384,FALSE,TRUE,36
"2.2.2.1.2.2.1.2.2.2.2.2.1.2.2.2.1.1.2.2.2.2",0.734609499738526,FALSE,TRUE,37
"2.2.2.2.1.2.1.2.2.2.2.2.1.2.2.2.1.1.2.2.2.2",0.704556830483135,FALSE,TRUE,37
"2.2.2.2.2.1.1.2.2.2.2.2.1.2.2.2.1.1.2.2.2.2",0.746512200206565,FALSE,TRUE,37
"2.2.2.2.2.2.1.1.2.2.2.2.1.2.2.2.1.1.2.2.2.2",0.682247741943401,FALSE,TRUE,37
"2.2.2.2.2.2.1.2.1.2.2.2.1.2.2.2.1.1.2.2.2.2",0.705150854525144,FALSE,TRUE,37
"2.2.2.2.2.2.1.2.2.1.2.2.1.2.2.2.1.1.2.2.2.2",0.65129330853686,FALSE,TRUE,37
"2.2.2.2.2.2.1.2.2.2.1.2.1.2.2.2.1.1.2.2.2.2",0.693202454021534,FALSE,TRUE,37
"2.2.2.2.2.2.1.2.2.2.2.1.1.2.2.2.1.1.2.2.2.2",0.724763781415032,FALSE,TRUE,37
"2.2.2.2.2.2.1.2.2.2.2.2.1.1.2.2.1.1.2.2.2.2",0.619879477768524,FALSE,TRUE,37
"2.2.2.2.2.2.1.2.2.2.2.2.1.2.1.2.1.1.2.2.2.2",0.708205647539671,FALSE,TRUE,37
"2.2.2.2.2.2.1.2.2.2.2.2.1.2.2.1.1.1.2.2.2.2",0.628073101155041,FALSE,TRUE,37
"2.2.2.2.2.2.1.2.2.2.2.2.1.2.2.2.1.1.1.2.2.2",0.731706829420392,FALSE,TRUE,36
"2.2.2.2.2.2.1.2.2.2.2.2.1.2.2.2.1.1.2.1.2.2",0.723951958515326,FALSE,TRUE,37
"2.2.2.2.2.2.1.2.2.2.2.2.1.2.2.2.1.1.2.2.1.2",0.64470695500152,FALSE,TRUE,37
"2.2.2.2.2.2.1.2.2.2.2.2.1.2.2.2.1.1.2.2.2.1",0.746483455993779,FALSE,TRUE,37
"3.3.2.2.2.2.1.2.2.2.2.2.1.2.2.2.2.2.1.2.2.2",0.73706406502813,FALSE,TRUE,39
"2.4.2.2.2.2.1.2.2.2.2.2.1.2.2.2.2.2.1.2.2.2",0.573299579793792,FALSE,TRUE,40
"2.3.3.2.2.2.1.2.2.2.2.2.1.2.2.2.2.2.1.2.2.2",0.62131504943161,FALSE,TRUE,39
"2.3.2.3.2.2.1.2.2.2.2.2.1.2.2.2.2.2.1.2.2.2",0.667439737712785,FALSE,TRUE,39
"2.3.2.2.3.2.1.2.2.2.2.2.1.2.2.2.2.2.1.2.2.2",0.63766786394851,FALSE,TRUE,39
"2.3.2.2.2.3.1.2.2.2.2.2.1.2.2.2.2.2.1.2.2.2",0.638238339049875,FALSE,TRUE,39
"2.3.2.2.2.2.2.2.2.2.2.2.1.2.2.2.2.2.1.2.2.2",0.708184370880591,FALSE,TRUE,39
"2.3.2.2.2.2.1.3.2.2.2.2.1.2.2.2.2.2.1.2.2.2",0.710875408966494,FALSE,TRUE,38
"2.3.2.2.2.2.1.2.3.2.2.2.1.2.2.2.2.2.1.2.2.2",0.701470389027277,FALSE,TRUE,38
"2.3.2.2.2.2.1.2.2.3.2.2.1.2.2.2.2.2.1.2.2.2",0.709680062333904,FALSE,TRUE,39
"2.3.2.2.2.2.1.2.2.2.3.2.1.2.2.2.2.2.1.2.2.2",0.709116395769453,FALSE,TRUE,39
"2.3.2.2.2.2.1.2.2.2.2.3.1.2.2.2.2.2.1.2.2.2",0.643790615088811,FALSE,TRUE,39
"2.3.2.2.2.2.1.2.2.2.2.2.1.3.2.2.2.2.1.2.2.2",0.739388659173348,FALSE,TRUE,39
"2.3.2.2.2.2.1.2.2.2.2.2.1.2.3.2.2.2.1.2.2.2",0.686842204093128,FALSE,TRUE,39
"2.3.2.2.2.2.1.2.2.2.2.2.1.2.2.2.3.2.1.2.2.2",0.696070562441881,FALSE,TRUE,39
"2.3.2.2.2.2.1.2.2.2.2.2.1.2.2.2.2.3.1.2.2.2",0.6314824093019,FALSE,TRUE,39
"2.3.2.2.2.2.1.2.2.2.2.2.1.2.2.2.2.2.1.3.2.2",0.693350790909015,FALSE,TRUE,38
"2.3.2.2.2.2.1.2.2.2.2.2.1.2.2.2.2.2.1.2.3.2",0.689321902976311,FALSE,TRUE,37
"2.3.2.2.2.2.1.2.2.2.2.2.1.2.2.2.2.2.1.2.2.3",0.687635754005667,FALSE,TRUE,39
"1.3.2.2.2.2.1.2.2.2.2.2.1.2.2.2.2.2.1.2.2.2",0.636047130422203,FALSE,TRUE,38
"2.3.1.2.2.2.1.2.2.2.2.2.1.2.2.2.2.2.1.2.2.2",0.742075625723801,FALSE,TRUE,36
"2.3.2.1.2.2.1.2.2.2.2.2.1.2.2.2.2.2.1.2.2.2",0.716690093845058,FALSE,TRUE,38
"2.3.2.2.1.2.1.2.2.2.2.2.1.2.2.2.2.2.1.2.2.2",0.711596855723436,FALSE,TRUE,38
"2.3.2.2.2.1.1.2.2.2.2.2.1.2.2.2.2.2.1.2.2.2",0.74134757249789,FALSE,TRUE,38
"2.3.2.2.2.2.1.1.2.2.2.2.1.2.2.2.2.2.1.2.2.2",0.665435220616687,FALSE,TRUE,38
"2.3.2.2.2.2.1.2.1.2.2.2.1.2.2.2.2.2.1.2.2.2",0.66551894503364,FALSE,TRUE,38
"2.3.2.2.2.2.1.2.2.1.2.2.1.2.2.2.2.2.1.2.2.2",0.647741581200601,FALSE,TRUE,38
"2.3.2.2.2.2.1.2.2.2.1.2.1.2.2.2.2.2.1.2.2.2",0.663816213166525,FALSE,TRUE,38
"2.3.2.2.2.2.1.2.2.2.2.2.1.1.2.2.2.2.1.2.2.2",0.641097798042847,FALSE,TRUE,38
"2.3.2.2.2.2.1.2.2.2.2.2.1.2.1.2.2.2.1.2.2.2",0.682649989208284,FALSE,TRUE,38
"2.3.2.2.2.2.1.2.2.2.2.2.1.2.2.1.2.2.1.2.2.2",0.686882759820045,FALSE,TRUE,38
"2.3.2.2.2.2.1.2.2.2.2.2.1.2.2.2.1.2.1.2.2.2",0.677366290454874,FALSE,TRUE,38
"2.3.2.2.2.2.1.2.2.2.2.2.1.2.2.2.2.1.1.2.2.2",0.725849705625164,FALSE,TRUE,37
"2.3.2.2.2.2.1.2.2.2.2.2.1.2.2.2.2.2.1.1.2.2",0.69054958660259,FALSE,TRUE,38
"2.3.2.2.2.2.1.2.2.2.2.2.1.2.2.2.2.2.1.2.1.2",0.663900197313462,FALSE,TRUE,38
"2.3.2.2.2.2.1.2.2.2.2.2.1.2.2.2.2.2.1.2.2.1",0.679347984919,FALSE,TRUE,38
"3.2.2.2.2.3.1.3.2.2.2.2.1.2.2.2.2.2.2.3.2.2",0.730866497817288,FALSE,TRUE,39
"2.3.2.2.2.3.1.3.2.2.2.2.1.2.2.2.2.2.2.3.2.2",0.606508688333365,FALSE,TRUE,39
"2.2.3.2.2.3.1.3.2.2.2.2.1.2.2.2.2.2.2.3.2.2",0.629859598737268,FALSE,TRUE,39
"2.2.2.3.2.3.1.3.2.2.2.2.1.2.2.2.2.2.2.3.2.2",0.676365156708673,FALSE,TRUE,39
"2.2.2.2.3.3.1.3.2.2.2.2.1.2.2.2.2.2.2.3.2.2",0.619300251185511,FALSE,TRUE,39
"2.2.2.2.2.4.1.3.2.2.2.2.1.2.2.2.2.2.2.3.2.2",0.642727297277545,FALSE,TRUE,39
"2.2.2.2.2.3.2.3.2.2.2.2.1.2.2.2.2.2.2.3.2.2",0.715165476841972,FALSE,TRUE,40
"2.2.2.2.2.3.1.4.2.2.2.2.1.2.2.2.2.2.2.3.2.2",0.673922089850813,FALSE,TRUE,39
"2.2.2.2.2.3.1.3.3.2.2.2.1.2.2.2.2.2.2.3.2.2",0.656148130448445,FALSE,TRUE,39
"2.2.2.2.2.3.1.3.2.3.2.2.1.2.2.2.2.2.2.3.2.2",0.700091602544673,FALSE,TRUE,39
"2.2.2.2.2.3.1.3.2.2.3.2.1.2.2.2.2.2.2.3.2.2",0.685537249630051,FALSE,TRUE,39
"2.2.2.2.2.3.1.3.2.2.2.3.1.2.2.2.2.2.2.3.2.2",0.63991883071016,FALSE,TRUE,39
"2.2.2.2.2.3.1.3.2.2.2.2.1.3.2.2.2.2.2.3.2.2",0.762550716910209,FALSE,TRUE,39
"2.2.2.2.2.3.1.3.2.2.2.2.1.2.3.2.2.2.2.3.2.2",0.661445811119878,FALSE,TRUE,39
"2.2.2.2.2.3.1.3.2.2.2.2.1.2.2.3.2.2.2.3.2.2",0.727995050269027,FALSE,TRUE,39
"2.2.2.2.2.3.1.3.2.2.2.2.1.2.2.2.3.2.2.3.2.2",0.705452372187989,FALSE,TRUE,39
"2.2.2.2.2.3.1.3.2.2.2.2.1.2.2.2.2.3.2.3.2.2",0.690979416098187,FALSE,TRUE,39
"2.2.2.2.2.3.1.3.2.2.2.2.1.2.2.2.2.2.3.3.2.2",0.649564364242919,FALSE,TRUE,39
"2.2.2.2.2.3.1.3.2.2.2.2.1.2.2.2.2.2.2.4.2.2",0.660697282518699,FALSE,TRUE,40
"2.2.2.2.2.3.1.3.2.2.2.2.1.2.2.2.2.2.2.3.3.2",0.695362661674058,FALSE,TRUE,39
"2.2.2.2.2.3.1.3.2.2.2.2.1.2.2.2.2.2.2.3.2.3",0.709641116103117,FALSE,TRUE,39
"1.2.2.2.2.3.1.3.2.2.2.2.1.2.2.2.2.2.2.3.2.2",0.65341141913726,FALSE,TRUE,38
"2.1.2.2.2.3.1.3.2.2.2.2.1.2.2.2.2.2.2.3.2.2",0.768246489829923,FALSE,TRUE,38
"2.2.1.2.2.3.1.3.2.2.2.2.1.2.2.2.2.2.2.3.2.2",0.747373833741188,FALSE,TRUE,36
"2.2.2.1.2.3.1.3.2.2.2.2.1.2.2.2.2.2.2.3.2.2",0.719197573189374,FALSE,TRUE,38
"2.2.2.2.1.3.1.3.2.2.2.2.1.2.2.2.2.2.2.3.2.2",0.740603966678786,FALSE,TRUE,38
"2.2.2.2.2.3.1.2.2.2.2.2.1.2.2.2.2.2.2.3.2.2",0.715521997560894,FALSE,TRUE,37
"2.2.2.2.2.3.1.3.1.2.2.2.1.2.2.2.2.2.2.3.2.2",0.724516040086928,FALSE,TRUE,38
"2.2.2.2.2.3.1.3.2.1.2.2.1.2.2.2.2.2.2.3.2.2",0.672274479615862,FALSE,TRUE,38
"2.2.2.2.2.3.1.3.2.2.1.2.1.2.2.2.2.2.2.3.2.2",0.700355963693057,FALSE,TRUE,38
"2.2.2.2.2.3.1.3.2.2.2.1.1.2.2.2.2.2.2.3.2.2",0.742697551522493,FALSE,TRUE,38
"2.2.2.2.2.3.1.3.2.2.2.2.1.1.2.2.2.2.2.3.2.2",0.628980122927314,FALSE,TRUE,38
"2.2.2.2.2.3.1.3.2.2.2.2.1.2.1.2.2.2.2.3.2.2",0.720215960034174,FALSE,TRUE,38
"2.2.2.2.2.3.1.3.2.2.2.2.1.2.2.1.2.2.2.3.2.2",0.64720873439714,FALSE,TRUE,38
"2.2.2.2.2.3.1.3.2.2.2.2.1.2.2.2.1.2.2.3.2.2",0.675214147214051,FALSE,TRUE,38
"2.2.2.2.2.3.1.3.2.2.2.2.1.2.2.2.2.1.2.3.2.2",0.678828144635967,FALSE,TRUE,38
"2.2.2.2.2.3.1.3.2.2.2.2.1.2.2.2.2.2.1.3.2.2",0.74163514886782,FALSE,TRUE,38
"2.2.2.2.2.3.1.3.2.2.2.2.1.2.2.2.2.2.2.3.1.2",0.661021540131823,FALSE,TRUE,38
"2.2.2.2.2.3.1.3.2.2.2.2.1.2.2.2.2.2.2.3.2.1",0.670093819255531,FALSE,TRUE,38
"1.3.2.2.2.2.2.2.2.2.2.2.1.2.2.2.2.2.2.2.3.2",0.634782842426651,FALSE,TRUE,40
"1.2.3.2.2.2.2.2.2.2.2.2.1.2.2.2.2.2.2.2.3.2",0.671037994494312,FALSE,TRUE,40
"1.2.2.3.2.2.2.2.2.2.2.2.1.2.2.2.2.2.2.2.3.2",0.726968416083323,FALSE,TRUE,40
"1.2.2.2.3.2.2.2.2.2.2.2.1.2.2.2.2.2.2.2.3.2",0.674755432835341,FALSE,TRUE,40
"1.2.2.2.2.3.2.2.2.2.2.2.1.2.2.2.2.2.2.2.3.2",0.668947497696416,FALSE,TRUE,40
"1.2.2.2.2.2.3.2.2.2.2.2.1.2.2.2.2.2.2.2.3.2",0.672518054556137,FALSE,TRUE,40
"1.2.2.2.2.2.2.3.2.2.2.2.1.2.2.2.2.2.2.2.3.2",0.732236077085784,FALSE,TRUE,40
"1.2.2.2.2.2.2.2.3.2.2.2.1.2.2.2.2.2.2.2.3.2",0.725604925464802,FALSE,TRUE,40
"1.2.2.2.2.2.2.2.2.3.2.2.1.2.2.2.2.2.2.2.3.2",0.732794744968929,FALSE,TRUE,40
"1.2.2.2.2.2.2.2.2.2.3.2.1.2.2.2.2.2.2.2.3.2",0.715616862294713,FALSE,TRUE,40
"1.2.2.2.2.2.2.2.2.2.2.3.1.2.2.2.2.2.2.2.3.2",0.68222669993858,FALSE,TRUE,40
"1.2.2.2.2.2.2.2.2.2.2.2.2.2.2.2.2.2.2.2.3.2",0.692622801567768,FALSE,TRUE,40
"1.2.2.2.2.2.2.2.2.2.2.2.1.3.2.2.2.2.2.2.3.2",0.753816392302849,FALSE,TRUE,40
"1.2.2.2.2.2.2.2.2.2.2.2.1.2.3.2.2.2.2.2.3.2",0.693172568135167,FALSE,TRUE,40
"1.2.2.2.2.2.2.2.2.2.2.2.1.2.2.3.2.2.2.2.3.2",0.741267241499768,FALSE,TRUE,40
"1.2.2.2.2.2.2.2.2.2.2.2.1.2.2.2.3.2.2.2.3.2",0.702483145687726,FALSE,TRUE,40
"1.2.2.2.2.2.2.2.2.2.2.2.1.2.2.2.2.3.2.2.3.2",0.722890597963836,FALSE,TRUE,40
"1.2.2.2.2.2.2.2.2.2.2.2.1.2.2.2.2.2.3.2.3.2",0.709397891964642,FALSE,TRUE,40
"1.2.2.2.2.2.2.2.2.2.2.2.1.2.2.2.2.2.2.3.3.2",0.713508115609834,FALSE,TRUE,40
"1.2.2.2.2.2.2.2.2.2.2.2.1.2.2.2.2.2.2.2.4.2",0.669904299460987,FALSE,TRUE,41
"1.2.2.2.2.2.2.2.2.2.2.2.1.2.2.2.2.2.2.2.3.3",0.692960289072713,FALSE,TRUE,40
"1.1.2.2.2.2.2.2.2.2.2.2.1.2.2.2.2.2.2.2.3.2",0.79599426698472,FALSE,TRUE,39
"1.2.1.2.2.2.2.2.2.2.2.2.1.2.2.2.2.2.2.2.3.2",0.755642139198777,FALSE,TRUE,39
"1.2.2.1.2.2.2.2.2.2.2.2.1.2.2.2.2.2.2.2.3.2",0.722292764213412,FALSE,TRUE,39
"1.2.2.2.1.2.2.2.2.2.2.2.1.2.2.2.2.2.2.2.3.2",0.739142384340369,FALSE,TRUE,39
"1.2.2.2.2.1.2.2.2.2.2.2.1.2.2.2.2.2.2.2.3.2",0.779954699660459,FALSE,TRUE,39
"1.2.2.2.2.2.1.2.2.2.2.2.1.2.2.2.2.2.2.2.3.2",0.75644541202334,FALSE,TRUE,38
"1.2.2.2.2.2.2.1.2.2.2.2.1.2.2.2.2.2.2.2.3.2",0.704135894976281,FALSE,TRUE,39
"1.2.2.2.2.2.2.2.1.2.2.2.1.2.2.2.2.2.2.2.3.2",0.707578242505231,FALSE,TRUE,39
"1.2.2.2.2.2.2.2.2.1.2.2.1.2.2.2.2.2.2.2.3.2",0.691994128051891,FALSE,TRUE,39
"1.2.2.2.2.2.2.2.2.2.1.2.1.2.2.2.2.2.2.2.3.2",0.716915943881792,FALSE,TRUE,39
"1.2.2.2.2.2.2.2.2.2.2.1.1.2.2.2.2.2.2.2.3.2",0.754894222444083,FALSE,TRUE,39
"1.2.2.2.2.2.2.2.2.2.2.2.1.1.2.2.2.2.2.2.3.2",0.677049565053716,FALSE,TRUE,39
"1.2.2.2.2.2.2.2.2.2.2.2.1.2.1.2.2.2.2.2.3.2",0.738572961138918,FALSE,TRUE,39
"1.2.2.2.2.2.2.2.2.2.2.2.1.2.2.1.2.2.2.2.3.2",0.682565221472141,FALSE,TRUE,39
"1.2.2.2.2.2.2.2.2.2.2.2.1.2.2.2.1.2.2.2.3.2",0.729977871438645,FALSE,TRUE,39
"1.2.2.2.2.2.2.2.2.2.2.2.1.2.2.2.2.1.2.2.3.2",0.704454749985449,FALSE,TRUE,39
"1.2.2.2.2.2.2.2.2.2.2.2.1.2.2.2.2.2.1.2.3.2",0.733747375237963,FALSE,TRUE,39
"1.2.2.2.2.2.2.2.2.2.2.2.1.2.2.2.2.2.2.1.3.2",0.735503254059456,FALSE,TRUE,39
"1.2.2.2.2.2.2.2.2.2.2.2.1.2.2.2.2.2.2.2.3.1",0.739963715974383,FALSE,TRUE,39
"3.2.1.4.2.2.2.2.2.2.2.2.3.2.3.2.2.3.2.2.3.2",0.603999244479335,FALSE,TRUE,41
"2.3.1.4.2.2.2.2.2.2.2.2.3.2.3.2.2.3.2.2.3.2",0.538238782363138,FALSE,TRUE,41
"2.2.2.4.2.2.2.2.2.2.2.2.3.2.3.2.2.3.2.2.3.2",0.576170588243849,FALSE,TRUE,42
"2.2.1.5.2.2.2.2.2.2.2.2.3.2.3.2.2.3.2.2.3.2",0.567990625581118,FALSE,TRUE,41
"2.2.1.4.3.2.2.2.2.2.2.2.3.2.3.2.2.3.2.2.3.2",0.60974233105628,FALSE,TRUE,41
"2.2.1.4.2.3.2.2.2.2.2.2.3.2.3.2.2.3.2.2.3.2",0.578397192721969,FALSE,TRUE,41
"2.2.1.4.2.2.3.2.2.2.2.2.3.2.3.2.2.3.2.2.3.2",0.558316641767199,FALSE,TRUE,41
"2.2.1.4.2.2.2.3.2.2.2.2.3.2.3.2.2.3.2.2.3.2",0.649326936872305,FALSE,TRUE,41
"2.2.1.4.2.2.2.2.3.2.2.2.3.2.3.2.2.3.2.2.3.2",0.607878474178714,FALSE,TRUE,41
"2.2.1.4.2.2.2.2.2.3.2.2.3.2.3.2.2.3.2.2.3.2",0.669516746390677,FALSE,TRUE,41
"2.2.1.4.2.2.2.2.2.2.3.2.3.2.3.2.2.3.2.2.3.2",0.612402345181004,FALSE,TRUE,41
"2.2.1.4.2.2.2.2.2.2.2.3.3.2.3.2.2.3.2.2.3.2",0.586580395173007,FALSE,TRUE,41
"2.2.1.4.2.2.2.2.2.2.2.2.4.2.3.2.2.3.2.2.3.2",0.499897560229561,FALSE,TRUE,42
"2.2.1.4.2.2.2.2.2.2.2.2.3.3.3.2.2.3.2.2.3.2",0.661582017080444,FALSE,TRUE,41
"2.2.1.4.2.2.2.2.2.2.2.2.3.2.4.2.2.3.2.2.3.2",0.629962391021835,FALSE,TRUE,41
"2.2.1.4.2.2.2.2.2.2.2.2.3.2.3.3.2.3.2.2.3.2",0.552027655709691,FALSE,TRUE,41
"2.2.1.4.2.2.2.2.2.2.2.2.3.2.3.2.3.3.2.2.3.2",0.603646067363791,FALSE,TRUE,41
"2.2.1.4.2.2.2.2.2.2.2.2.3.2.3.2.2.4.2.2.3.2",0.55927720364797,FALSE,TRUE,41
"2.2.1.4.2.2.2.2.2.2.2.2.3.2.3.2.2.3.3.2.3.2",0.61858947222392,FALSE,TRUE,41
"2.2.1.4.2.2.2.2.2.2.2.2.3.2.3.2.2.3.2.3.3.2",0.622025832341549,FALSE,TRUE,41
"2.2.1.4.2.2.2.2.2.2.2.2.3.2.3.2.2.3.2.2.4.2",0.593816494107557,FALSE,TRUE,41
"2.2.1.4.2.2.2.2.2.2.2.2.3.2.3.2.2.3.2.2.3.3",0.55530144320831,FALSE,TRUE,41
"1.2.1.4.2.2.2.2.2.2.2.2.3.2.3.2.2.3.2.2.3.2",0.596436986814982,FALSE,TRUE,40
"2.1.1.4.2.2.2.2.2.2.2.2.3.2.3.2.2.3.2.2.3.2",0.660372081961672,FALSE,TRUE,40
"2.2.1.3.2.2.2.2.2.2.2.2.3.2.3.2.2.3.2.2.3.2",0.631264567117657,FALSE,TRUE,41
"2.2.1.4.1.2.2.2.2.2.2.2.3.2.3.2.2.3.2.2.3.2",0.553455280062829,FALSE,TRUE,40
"2.2.1.4.2.1.2.2.2.2.2.2.3.2.3.2.2.3.2.2.3.2",0.625429716531801,FALSE,TRUE,40
"2.2.1.4.2.2.1.2.2.2.2.2.3.2.3.2.2.3.2.2.3.2",0.630844695303851,FALSE,TRUE,40
"2.2.1.4.2.2.2.1.2.2.2.2.3.2.3.2.2.3.2.2.3.2",0.545523519585402,FALSE,TRUE,40
"2.2.1.4.2.2.2.2.1.2.2.2.3.2.3.2.2.3.2.2.3.2",0.591237583681264,FALSE,TRUE,40
"2.2.1.4.2.2.2.2.2.1.2.2.3.2.3.2.2.3.2.2.3.2",0.519019544552119,FALSE,TRUE,40
"2.2.1.4.2.2.2.2.2.2.1.2.3.2.3.2.2.3.2.2.3.2",0.59528547243449,FALSE,TRUE,40
"2.2.1.4.2.2.2.2.2.2.2.1.3.2.3.2.2.3.2.2.3.2",0.606748268408173,FALSE,TRUE,40
"2.2.1.4.2.2.2.2.2.2.2.2.3.1.3.2.2.3.2.2.3.2",0.536617035230834,FALSE,TRUE,40
"2.2.1.4.2.2.2.2.2.2.2.2.3.2.2.2.2.3.2.2.3.2",0.56902645739141,FALSE,TRUE,39
"2.2.1.4.2.2.2.2.2.2.2.2.3.2.3.1.2.3.2.2.3.2",0.659117001325683,FALSE,TRUE,40
"2.2.1.4.2.2.2.2.2.2.2.2.3.2.3.2.1.3.2.2.3.2",0.586067659330208,FALSE,TRUE,40
"2.2.1.4.2.2.2.2.2.2.2.2.3.2.3.2.2.2.2.2.3.2",0.625543482938242,FALSE,TRUE,39
"2.2.1.4.2.2.2.2.2.2.2.2.3.2.3.2.2.3.1.2.3.2",0.588718513675729,FALSE,TRUE,40
"2.2.1.4.2.2.2.2.2.2.2.2.3.2.3.2.2.3.2.1.3.2",0.594240230823642,FALSE,TRUE,40
"2.2.1.4.2.2.2.2.2.2.2.2.3.2.3.2.2.3.2.2.3.1",0.641349894257081,FALSE,TRUE,40
"3.2.2.3.2.2.2.2.2.2.2.1.2.2.2.2.1.2.2.2.2.2",0.664639572806171,FALSE,TRUE,40
"2.3.2.3.2.2.2.2.2.2.2.1.2.2.2.2.1.2.2.2.2.2",0.603875694965921,FALSE,TRUE,40
"2.2.3.3.2.2.2.2.2.2.2.1.2.2.2.2.1.2.2.2.2.2",0.64857556238497,FALSE,TRUE,40
"2.2.2.4.2.2.2.2.2.2.2.1.2.2.2.2.1.2.2.2.2.2",0.582459632081005,FALSE,TRUE,39
"2.2.2.3.3.2.2.2.2.2.2.1.2.2.2.2.1.2.2.2.2.2",0.665798759445214,FALSE,TRUE,40
"2.2.2.3.2.3.2.2.2.2.2.1.2.2.2.2.1.2.2.2.2.2",0.612896950116719,FALSE,TRUE,40
"2.2.2.3.2.2.3.2.2.2.2.1.2.2.2.2.1.2.2.2.2.2",0.62008131176273,FALSE,TRUE,40
"2.2.2.3.2.2.2.3.2.2.2.1.2.2.2.2.1.2.2.2.2.2",0.707124939537848,FALSE,TRUE,40
"2.2.2.3.2.2.2.2.3.2.2.1.2.2.2.2.1.2.2.2.2.2",0.659693444856079,FALSE,TRUE,40
"2.2.2.3.2.2.2.2.2.3.2.1.2.2.2.2.1.2.2.2.2.2",0.711188603194666,FALSE,TRUE,40
"2.2.2.3.2.2.2.2.2.2.2.1.3.2.2.2.1.2.2.2.2.2",0.561744325831127,FALSE,TRUE,40
"2.2.2.3.2.2.2.2.2.2.2.1.2.3.2.2.1.2.2.2.2.2",0.71312262887399,FALSE,TRUE,40
"2.2.2.3.2.2.2.2.2.2.2.1.2.2.3.2.1.2.2.2.2.2",0.677175296790096,FALSE,TRUE,40
"2.2.2.3.2.2.2.2.2.2.2.1.2.2.2.3.1.2.2.2.2.2",0.63856109253613,FALSE,TRUE,40
"2.2.2.3.2.2.2.2.2.2.2.1.2.2.2.2.1.3.2.2.2.2",0.631983780638865,FALSE,TRUE,40
"2.2.2.3.2.2.2.2.2.2.2.1.2.2.2.2.1.2.3.2.2.2",0.633108610847676,FALSE,TRUE,40
"2.2.2.3.2.2.2.2.2.2.2.1.2.2.2.2.1.2.2.3.2.2",0.64299706917324,FALSE,TRUE,39
"2.2.2.3.2.2.2.2.2.2.2.1.2.2.2.2.1.2.2.2.3.2",0.70418551555825,FALSE,TRUE,40
"2.2.2.3.2.2.2.2.2.2.2.1.2.2.2.2.1.2.2.2.2.3",0.591171988531793,FALSE,TRUE,40
"1.2.2.3.2.2.2.2.2.2.2.1.2.2.2.2.1.2.2.2.2.2",0.617929443837601,FALSE,TRUE,39
"2.1.2.3.2.2.2.2.2.2.2.1.2.2.2.2.1.2.2.2.2.2",0.670543890038042,FALSE,TRUE,39
"2.2.1.3.2.2.2.2.2.2.2.1.2.2.2.2.1.2.2.2.2.2",0.618361144391976,FALSE,TRUE,38
"2.2.2.3.1.2.2.2.2.2.2.1.2.2.2.2.1.2.2.2.2.2",0.585390566845644,FALSE,TRUE,38
"2.2.2.3.2.1.2.2.2.2.2.1.2.2.2.2.1.2.2.2.2.2",0.673184362780187,FALSE,TRUE,39
"2.2.2.3.2.2.1.2.2.2.2.1.2.2.2.2.1.2.2.2.2.2",0.659462172472223,FALSE,TRUE,39
"2.2.2.3.2.2.2.1.2.2.2.1.2.2.2.2.1.2.2.2.2.2",0.575628360668579,FALSE,TRUE,39
"2.2.2.3.2.2.2.2.1.2.2.1.2.2.2.2.1.2.2.2.2.2",0.619913655857301,FALSE,TRUE,39
"2.2.2.3.2.2.2.2.2.1.2.1.2.2.2.2.1.2.2.2.2.2",0.554872885654171,FALSE,TRUE,39
"2.2.2.3.2.2.2.2.2.2.1.1.2.2.2.2.1.2.2.2.2.2",0.62636668514651,FALSE,TRUE,39
"2.2.2.3.2.2.2.2.2.2.2.1.1.2.2.2.1.2.2.2.2.2",0.708843495697112,FALSE,TRUE,39
"2.2.2.3.2.2.2.2.2.2.2.1.2.1.2.2.1.2.2.2.2.2",0.572333401287713,FALSE,TRUE,39
"2.2.2.3.2.2.2.2.2.2.2.1.2.2.1.2.1.2.2.2.2.2",0.60239992396183,FALSE,TRUE,39
"2.2.2.3.2.2.2.2.2.2.2.1.2.2.2.1.1.2.2.2.2.2",0.638129807844183,FALSE,TRUE,39
"2.2.2.3.2.2.2.2.2.2.2.1.2.2.2.2.1.1.2.2.2.2",0.636475535733397,FALSE,TRUE,39
"2.2.2.3.2.2.2.2.2.2.2.1.2.2.2.2.1.2.1.2.2.2",0.653187486169417,FALSE,TRUE,39
"2.2.2.3.2.2.2.2.2.2.2.1.2.2.2.2.1.2.2.1.2.2",0.649931313642432,FALSE,TRUE,39
"2.2.2.3.2.2.2.2.2.2.2.1.2.2.2.2.1.2.2.2.1.2",0.549036770656859,FALSE,TRUE,39
"2.2.2.3.2.2.2.2.2.2.2.1.2.2.2.2.1.2.2.2.2.1",0.688384026194442,FALSE,TRUE,39
"3.2.1.4.2.2.3.2.2.2.2.2.2.2.2.2.2.3.2.2.2.2",0.615787456905919,FALSE,TRUE,41
"2.3.1.4.2.2.3.2.2.2.2.2.2.2.2.2.2.3.2.2.2.2",0.57628070888577,FALSE,TRUE,41
"2.2.2.4.2.2.3.2.2.2.2.2.2.2.2.2.2.3.2.2.2.2",0.608618187259351,FALSE,TRUE,41
"2.2.1.5.2.2.3.2.2.2.2.2.2.2.2.2.2.3.2.2.2.2",0.544110248975177,FALSE,TRUE,41
"2.2.1.4.2.3.3.2.2.2.2.2.2.2.2.2.2.3.2.2.2.2",0.59503708547014,FALSE,TRUE,41
"2.2.1.4.2.2.4.2.2.2.2.2.2.2.2.2.2.3.2.2.2.2",0.563503155779481,FALSE,TRUE,42
"2.2.1.4.2.2.3.3.2.2.2.2.2.2.2.2.2.3.2.2.2.2",0.674613300031955,FALSE,TRUE,41
"2.2.1.4.2.2.3.2.3.2.2.2.2.2.2.2.2.3.2.2.2.2",0.627042660437101,FALSE,TRUE,41
"2.2.1.4.2.2.3.2.2.3.2.2.2.2.2.2.2.3.2.2.2.2",0.662410796037891,FALSE,TRUE,41
"2.2.1.4.2.2.3.2.2.2.3.2.2.2.2.2.2.3.2.2.2.2",0.610911039314799,FALSE,TRUE,41
"2.2.1.4.2.2.3.2.2.2.2.3.2.2.2.2.2.3.2.2.2.2",0.630825004004175,FALSE,TRUE,41
"2.2.1.4.2.2.3.2.2.2.2.2.3.2.2.2.2.3.2.2.2.2",0.498148375454195,FALSE,TRUE,40
"2.2.1.4.2.2.3.2.2.2.2.2.2.3.2.2.2.3.2.2.2.2",0.638987307937301,FALSE,TRUE,41
"2.2.1.4.2.2.3.2.2.2.2.2.2.2.2.3.2.3.2.2.2.2",0.556424875578097,FALSE,TRUE,41
"2.2.1.4.2.2.3.2.2.2.2.2.2.2.2.2.3.3.2.2.2.2",0.616819271964782,FALSE,TRUE,41
"2.2.1.4.2.2.3.2.2.2.2.2.2.2.2.2.2.4.2.2.2.2",0.566045896722928,FALSE,TRUE,41
"2.2.1.4.2.2.3.2.2.2.2.2.2.2.2.2.2.3.3.2.2.2",0.615670730805135,FALSE,TRUE,41
"2.2.1.4.2.2.3.2.2.2.2.2.2.2.2.2.2.3.2.3.2.2",0.60769006568642,FALSE,TRUE,41
"2.2.1.4.2.2.3.2.2.2.2.2.2.2.2.2.2.3.2.2.3.2",0.631709290471351,FALSE,TRUE,40
"2.2.1.4.2.2.3.2.2.2.2.2.2.2.2.2.2.3.2.2.2.3",0.558824026346191,FALSE,TRUE,41
"1.2.1.4.2.2.3.2.2.2.2.2.2.2.2.2.2.3.2.2.2.2",0.583843785519968,FALSE,TRUE,40
"2.1.1.4.2.2.3.2.2.2.2.2.2.2.2.2.2.3.2.2.2.2",0.617937388457513,FALSE,TRUE,40
"2.2.1.3.2.2.3.2.2.2.2.2.2.2.2.2.2.3.2.2.2.2",0.655079662054924,FALSE,TRUE,40
"2.2.1.4.1.2.3.2.2.2.2.2.2.2.2.2.2.3.2.2.2.2",0.517798122493896,FALSE,TRUE,40
"2.2.1.4.2.1.3.2.2.2.2.2.2.2.2.2.2.3.2.2.2.2",0.6095683035879,FALSE,TRUE,40
"2.2.1.4.2.2.3.1.2.2.2.2.2.2.2.2.2.3.2.2.2.2",0.526694825587615,FALSE,TRUE,40
"2.2.1.4.2.2.3.2.1.2.2.2.2.2.2.2.2.3.2.2.2.2",0.574452527949233,FALSE,TRUE,40
"2.2.1.4.2.2.3.2.2.1.2.2.2.2.2.2.2.3.2.2.2.2",0.521167254662341,FALSE,TRUE,40
"2.2.1.4.2.2.3.2.2.2.1.2.2.2.2.2.2.3.2.2.2.2",0.601797641193373,FALSE,TRUE,40
"2.2.1.4.2.2.3.2.2.2.2.1.2.2.2.2.2.3.2.2.2.2",0.566923852196205,FALSE,TRUE,40
"2.2.1.4.2.2.3.2.2.2.2.2.1.2.2.2.2.3.2.2.2.2",0.696068878441994,FALSE,TRUE,40
"2.2.1.4.2.2.3.2.2.2.2.2.2.1.2.2.2.3.2.2.2.2",0.568937340706996,FALSE,TRUE,40
"2.2.1.4.2.2.3.2.2.2.2.2.2.2.1.2.2.3.2.2.2.2",0.548110466956755,FALSE,TRUE,40
"2.2.1.4.2.2.3.2.2.2.2.2.2.2.2.1.2.3.2.2.2.2",0.647273099026628,FALSE,TRUE,40
"2.2.1.4.2.2.3.2.2.2.2.2.2.2.2.2.1.3.2.2.2.2",0.570667265797463,FALSE,TRUE,40
"2.2.1.4.2.2.3.2.2.2.2.2.2.2.2.2.2.3.1.2.2.2",0.590010234225498,FALSE,TRUE,40
"2.2.1.4.2.2.3.2.2.2.2.2.2.2.2.2.2.3.2.1.2.2",0.604230111241303,FALSE,TRUE,40
"2.2.1.4.2.2.3.2.2.2.2.2.2.2.2.2.2.3.2.2.1.2",0.536780180952198,FALSE,TRUE,40
"2.2.1.4.2.2.3.2.2.2.2.2.2.2.2.2.2.3.2.2.2.1",0.633634972903506,FALSE,TRUE,40
"3.2.2.2.2.3.1.3.2.2.2.2.2.2.2.2.2.2.2.3.2.2",0.70410598060542,FALSE,TRUE,41
"2.3.2.2.2.3.1.3.2.2.2.2.2.2.2.2.2.2.2.3.2.2",0.590604355871857,FALSE,TRUE,41
"2.2.3.2.2.3.1.3.2.2.2.2.2.2.2.2.2.2.2.3.2.2",0.609850188090853,FALSE,TRUE,41
"2.2.2.3.2.3.1.3.2.2.2.2.2.2.2.2.2.2.2.3.2.2",0.661080998681418,FALSE,TRUE,41
"2.2.2.2.3.3.1.3.2.2.2.2.2.2.2.2.2.2.2.3.2.2",0.613557355874951,FALSE,TRUE,41
"2.2.2.2.2.4.1.3.2.2.2.2.2.2.2.2.2.2.2.3.2.2",0.634296305776614,FALSE,TRUE,41
"2.2.2.2.2.3.2.3.2.2.2.2.2.2.2.2.2.2.2.3.2.2",0.68631230239368,FALSE,TRUE,42
"2.2.2.2.2.3.1.4.2.2.2.2.2.2.2.2.2.2.2.3.2.2",0.676210781601621,FALSE,TRUE,41
"2.2.2.2.2.3.1.3.3.2.2.2.2.2.2.2.2.2.2.3.2.2",0.636719581201393,FALSE,TRUE,41
"2.2.2.2.2.3.1.3.2.3.2.2.2.2.2.2.2.2.2.3.2.2",0.704258591690918,FALSE,TRUE,41
"2.2.2.2.2.3.1.3.2.2.3.2.2.2.2.2.2.2.2.3.2.2",0.667028518146947,FALSE,TRUE,41
"2.2.2.2.2.3.1.3.2.2.2.3.2.2.2.2.2.2.2.3.2.2",0.626621739924142,FALSE,TRUE,41
"2.2.2.2.2.3.1.3.2.2.2.2.3.2.2.2.2.2.2.3.2.2",0.645037092772463,FALSE,TRUE,42
"2.2.2.2.2.3.1.3.2.2.2.2.2.3.2.2.2.2.2.3.2.2",0.755551438144905,FALSE,TRUE,41
"2.2.2.2.2.3.1.3.2.2.2.2.2.2.3.2.2.2.2.3.2.2",0.654982070178185,FALSE,TRUE,41
"2.2.2.2.2.3.1.3.2.2.2.2.2.2.2.3.2.2.2.3.2.2",0.6805548910902,FALSE,TRUE,41
"2.2.2.2.2.3.1.3.2.2.2.2.2.2.2.2.3.2.2.3.2.2",0.686367185049762,FALSE,TRUE,41
"2.2.2.2.2.3.1.3.2.2.2.2.2.2.2.2.2.3.2.3.2.2",0.664024717318677,FALSE,TRUE,41
"2.2.2.2.2.3.1.3.2.2.2.2.2.2.2.2.2.2.3.3.2.2",0.640471230835406,FALSE,TRUE,41
"2.2.2.2.2.3.1.3.2.2.2.2.2.2.2.2.2.2.2.4.2.2",0.660999905723357,FALSE,TRUE,41
"2.2.2.2.2.3.1.3.2.2.2.2.2.2.2.2.2.2.2.3.3.2",0.680105561660439,FALSE,TRUE,41
"2.2.2.2.2.3.1.3.2.2.2.2.2.2.2.2.2.2.2.3.2.3",0.690036162613024,FALSE,TRUE,41
"1.2.2.2.2.3.1.3.2.2.2.2.2.2.2.2.2.2.2.3.2.2",0.657197643663689,FALSE,TRUE,40
"2.1.2.2.2.3.1.3.2.2.2.2.2.2.2.2.2.2.2.3.2.2",0.765216868227753,FALSE,TRUE,40
"2.2.1.2.2.3.1.3.2.2.2.2.2.2.2.2.2.2.2.3.2.2",0.743799892215494,FALSE,TRUE,40
"2.2.2.1.2.3.1.3.2.2.2.2.2.2.2.2.2.2.2.3.2.2",0.712185124174075,FALSE,TRUE,40
"2.2.2.2.1.3.1.3.2.2.2.2.2.2.2.2.2.2.2.3.2.2",0.718309727185325,FALSE,TRUE,40
"2.2.2.2.2.2.1.3.2.2.2.2.2.2.2.2.2.2.2.3.2.2",0.736242745631649,FALSE,TRUE,39
"2.2.2.2.2.3.1.2.2.2.2.2.2.2.2.2.2.2.2.3.2.2",0.688931431021834,FALSE,TRUE,39
"2.2.2.2.2.3.1.3.1.2.2.2.2.2.2.2.2.2.2.3.2.2",0.718661559139206,FALSE,TRUE,40
"2.2.2.2.2.3.1.3.2.1.2.2.2.2.2.2.2.2.2.3.2.2",0.643439681322043,FALSE,TRUE,40
"2.2.2.2.2.3.1.3.2.2.1.2.2.2.2.2.2.2.2.3.2.2",0.699209003189379,FALSE,TRUE,40
"2.2.2.2.2.3.1.3.2.2.2.1.2.2.2.2.2.2.2.3.2.2",0.731954847471671,FALSE,TRUE,40
"2.2.2.2.2.3.1.3.2.2.2.2.2.1.2.2.2.2.2.3.2.2",0.611541668211372,FALSE,TRUE,40
"2.2.2.2.2.3.1.3.2.2.2.2.2.2.1.2.2.2.2.3.2.2",0.701731766370753,FALSE,TRUE,40
"2.2.2.2.2.3.1.3.2.2.2.2.2.2.2.1.2.2.2.3.2.2",0.679042422631004,FALSE,TRUE,40
"2.2.2.2.2.3.1.3.2.2.2.2.2.2.2.2.1.2.2.3.2.2",0.669067295703393,FALSE,TRUE,40
"2.2.2.2.2.3.1.3.2.2.2.2.2.2.2.2.2.1.2.3.2.2",0.68086750915487,FALSE,TRUE,40
"2.2.2.2.2.3.1.3.2.2.2.2.2.2.2.2.2.2.1.3.2.2",0.726133623301602,FALSE,TRUE,40
"2.2.2.2.2.3.1.3.2.2.2.2.2.2.2.2.2.2.2.3.1.2",0.650995731658552,FALSE,TRUE,40
"2.2.2.2.2.3.1.3.2.2.2.2.2.2.2.2.2.2.2.3.2.1",0.665328329462219,FALSE,TRUE,40
"3.2.2.2.2.2.1.2.3.2.2.1.1.2.2.2.2.2.1.2.2.2",0.835198464895188,FALSE,TRUE,38
"2.3.2.2.2.2.1.2.3.2.2.1.1.2.2.2.2.2.1.2.2.2",0.743254713674617,FALSE,TRUE,37
"2.2.3.2.2.2.1.2.3.2.2.1.1.2.2.2.2.2.1.2.2.2",0.781972365404929,FALSE,TRUE,38
"2.2.2.3.2.2.1.2.3.2.2.1.1.2.2.2.2.2.1.2.2.2",0.771724603463139,FALSE,TRUE,38
"2.2.2.2.3.2.1.2.3.2.2.1.1.2.2.2.2.2.1.2.2.2",0.780155403587527,FALSE,TRUE,38
"2.2.2.2.2.3.1.2.3.2.2.1.1.2.2.2.2.2.1.2.2.2",0.788939199667283,FALSE,TRUE,38
"2.2.2.2.2.2.2.2.3.2.2.1.1.2.2.2.2.2.1.2.2.2",0.817285598780587,FALSE,TRUE,39
"2.2.2.2.2.2.1.3.3.2.2.1.1.2.2.2.2.2.1.2.2.2",0.828716931169847,FALSE,TRUE,38
"2.2.2.2.2.2.1.2.4.2.2.1.1.2.2.2.2.2.1.2.2.2",0.794396417922135,FALSE,TRUE,39
"2.2.2.2.2.2.1.2.3.3.2.1.1.2.2.2.2.2.1.2.2.2",0.817060076827088,FALSE,TRUE,38
"2.2.2.2.2.2.1.2.3.2.3.1.1.2.2.2.2.2.1.2.2.2",0.834566276618809,FALSE,TRUE,38
"2.2.2.2.2.2.1.2.3.2.2.1.2.2.2.2.2.2.1.2.2.2",0.773058687896113,FALSE,TRUE,39
"2.2.2.2.2.2.1.2.3.2.2.1.1.3.2.2.2.2.1.2.2.2",0.864224019040211,FALSE,TRUE,38
"2.2.2.2.2.2.1.2.3.2.2.1.1.2.3.2.2.2.1.2.2.2",0.819241122944989,FALSE,TRUE,38
"2.2.2.2.2.2.1.2.3.2.2.1.1.2.2.3.2.2.1.2.2.2",0.817356114715915,FALSE,TRUE,37
"2.2.2.2.2.2.1.2.3.2.2.1.1.2.2.2.3.2.1.2.2.2",0.825980045014274,FALSE,TRUE,38
"2.2.2.2.2.2.1.2.3.2.2.1.1.2.2.2.2.3.1.2.2.2",0.781362081667978,FALSE,TRUE,38
"2.2.2.2.2.2.1.2.3.2.2.1.1.2.2.2.2.2.2.2.2.2",0.786923936141705,FALSE,TRUE,37
"2.2.2.2.2.2.1.2.3.2.2.1.1.2.2.2.2.2.1.3.2.2",0.791938134851825,FALSE,TRUE,38
"2.2.2.2.2.2.1.2.3.2.2.1.1.2.2.2.2.2.1.2.3.2",0.848493185809317,FALSE,TRUE,38
"2.2.2.2.2.2.1.2.3.2.2.1.1.2.2.2.2.2.1.2.2.3",0.788957649295934,FALSE,TRUE,38
"1.2.2.2.2.2.1.2.3.2.2.1.1.2.2.2.2.2.1.2.2.2",0.770997370426214,FALSE,TRUE,37
"2.1.2.2.2.2.1.2.3.2.2.1.1.2.2.2.2.2.1.2.2.2",0.84921444251623,FALSE,TRUE,37
"2.2.1.2.2.2.1.2.3.2.2.1.1.2.2.2.2.2.1.2.2.2",0.808650392176493,FALSE,TRUE,36
"2.2.2.1.2.2.1.2.3.2.2.1.1.2.2.2.2.2.1.2.2.2",0.843072994173094,FALSE,TRUE,37
"2.2.2.2.1.2.1.2.3.2.2.1.1.2.2.2.2.2.1.2.2.2",0.79355233295893,FALSE,TRUE,37
"2.2.2.2.2.1.1.2.3.2.2.1.1.2.2.2.2.2.1.2.2.2",0.82275649202395,FALSE,TRUE,37
"2.2.2.2.2.2.1.1.3.2.2.1.1.2.2.2.2.2.1.2.2.2",0.779197455355013,FALSE,TRUE,37
"2.2.2.2.2.2.1.2.3.1.2.1.1.2.2.2.2.2.1.2.2.2",0.769379438002602,FALSE,TRUE,37
"2.2.2.2.2.2.1.2.3.2.1.1.1.2.2.2.2.2.1.2.2.2",0.767778481884221,FALSE,TRUE,37
"2.2.2.2.2.2.1.2.3.2.2.1.1.1.2.2.2.2.1.2.2.2",0.74188568641195,FALSE,TRUE,37
"2.2.2.2.2.2.1.2.3.2.2.1.1.2.1.2.2.2.1.2.2.2",0.78006416737422,FALSE,TRUE,37
"2.2.2.2.2.2.1.2.3.2.2.1.1.2.2.1.2.2.1.2.2.2",0.771404696790606,FALSE,TRUE,37
"2.2.2.2.2.2.1.2.3.2.2.1.1.2.2.2.1.2.1.2.2.2",0.77699805290929,FALSE,TRUE,37
"2.2.2.2.2.2.1.2.3.2.2.1.1.2.2.2.2.1.1.2.2.2",0.807239852917695,FALSE,TRUE,37
"2.2.2.2.2.2.1.2.3.2.2.1.1.2.2.2.2.2.1.1.2.2",0.824904822773164,FALSE,TRUE,37
"2.2.2.2.2.2.1.2.3.2.2.1.1.2.2.2.2.2.1.2.1.2",0.727293881551515,FALSE,TRUE,37
"2.2.2.2.2.2.1.2.3.2.2.1.1.2.2.2.2.2.1.2.2.1",0.810405296625718,FALSE,TRUE,37
"3.2.1.3.2.3.2.2.2.2.2.2.2.2.2.2.2.2.2.2.2.1",0.726186062928898,FALSE,TRUE,40
"2.3.1.3.2.3.2.2.2.2.2.2.2.2.2.2.2.2.2.2.2.1",0.632899390960887,FALSE,TRUE,40
"2.2.2.3.2.3.2.2.2.2.2.2.2.2.2.2.2.2.2.2.2.1",0.675486070268202,FALSE,TRUE,40
"2.2.1.4.2.3.2.2.2.2.2.2.2.2.2.2.2.2.2.2.2.1",0.653881073178069,FALSE,TRUE,39
"2.2.1.3.3.3.2.2.2.2.2.2.2.2.2.2.2.2.2.2.2.1",0.695294464908366,FALSE,TRUE,40
"2.2.1.3.2.4.2.2.2.2.2.2.2.2.2.2.2.2.2.2.2.1",0.661775571046261,FALSE,TRUE,40
"2.2.1.3.2.3.3.2.2.2.2.2.2.2.2.2.2.2.2.2.2.1",0.6775742995769,FALSE,TRUE,40
"2.2.1.3.2.3.2.3.2.2.2.2.2.2.2.2.2.2.2.2.2.1",0.7244093290295,FALSE,TRUE,40
"2.2.1.3.2.3.2.2.3.2.2.2.2.2.2.2.2.2.2.2.2.1",0.700860274537628,FALSE,TRUE,40
"2.2.1.3.2.3.2.2.2.3.2.2.2.2.2.2.2.2.2.2.2.1",0.732654531264007,FALSE,TRUE,40
"2.2.1.3.2.3.2.2.2.2.3.2.2.2.2.2.2.2.2.2.2.1",0.69860836826057,FALSE,TRUE,40
"2.2.1.3.2.3.2.2.2.2.2.3.2.2.2.2.2.2.2.2.2.1",0.698983743791342,FALSE,TRUE,40
"2.2.1.3.2.3.2.2.2.2.2.2.3.2.2.2.2.2.2.2.2.1",0.633958309481918,FALSE,TRUE,40
"2.2.1.3.2.3.2.2.2.2.2.2.2.3.2.2.2.2.2.2.2.1",0.737611574737824,FALSE,TRUE,40
"2.2.1.3.2.3.2.2.2.2.2.2.2.2.3.2.2.2.2.2.2.1",0.719518496049511,FALSE,TRUE,40
"2.2.1.3.2.3.2.2.2.2.2.2.2.2.2.3.2.2.2.2.2.1",0.694100518961575,FALSE,TRUE,40
"2.2.1.3.2.3.2.2.2.2.2.2.2.2.2.2.3.2.2.2.2.1",0.712491469239278,FALSE,TRUE,40
"2.2.1.3.2.3.2.2.2.2.2.2.2.2.2.2.2.3.2.2.2.1",0.668784742488085,FALSE,TRUE,40
"2.2.1.3.2.3.2.2.2.2.2.2.2.2.2.2.2.2.3.2.2.1",0.679381876776493,FALSE,TRUE,40
"2.2.1.3.2.3.2.2.2.2.2.2.2.2.2.2.2.2.2.3.2.1",0.691719944207599,FALSE,TRUE,40
"2.2.1.3.2.3.2.2.2.2.2.2.2.2.2.2.2.2.2.2.3.1",0.716657392072363,FALSE,TRUE,40
"1.2.1.3.2.3.2.2.2.2.2.2.2.2.2.2.2.2.2.2.2.1",0.663275093678099,FALSE,TRUE,39
"2.1.1.3.2.3.2.2.2.2.2.2.2.2.2.2.2.2.2.2.2.1",0.751603769813789,FALSE,TRUE,39
"2.2.1.2.2.3.2.2.2.2.2.2.2.2.2.2.2.2.2.2.2.1",0.741818048523181,FALSE,TRUE,40
"2.2.1.3.1.3.2.2.2.2.2.2.2.2.2.2.2.2.2.2.2.1",0.659788662845925,FALSE,TRUE,39
"2.2.1.3.2.3.1.2.2.2.2.2.2.2.2.2.2.2.2.2.2.1",0.70157703865062,FALSE,TRUE,39
"2.2.1.3.2.3.2.1.2.2.2.2.2.2.2.2.2.2.2.2.2.1",0.663239810938263,FALSE,TRUE,39
"2.2.1.3.2.3.2.2.1.2.2.2.2.2.2.2.2.2.2.2.2.1",0.685370393939099,FALSE,TRUE,39
"2.2.1.3.2.3.2.2.2.1.2.2.2.2.2.2.2.2.2.2.2.1",0.641192677001904,FALSE,TRUE,39
"2.2.1.3.2.3.2.2.2.2.1.2.2.2.2.2.2.2.2.2.2.1",0.697898556812984,FALSE,TRUE,39
"2.2.1.3.2.3.2.2.2.2.2.1.2.2.2.2.2.2.2.2.2.1",0.686236929996432,FALSE,TRUE,39
"2.2.1.3.2.3.2.2.2.2.2.2.1.2.2.2.2.2.2.2.2.1",0.750718726728687,FALSE,TRUE,39
"2.2.1.3.2.3.2.2.2.2.2.2.2.1.2.2.2.2.2.2.2.1",0.654610942975157,FALSE,TRUE,39
"2.2.1.3.2.3.2.2.2.2.2.2.2.2.1.2.2.2.2.2.2.1",0.66608362284264,FALSE,TRUE,39
"2.2.1.3.2.3.2.2.2.2.2.2.2.2.2.1.2.2.2.2.2.1",0.697338305455973,FALSE,TRUE,39
"2.2.1.3.2.3.2.2.2.2.2.2.2.2.2.2.1.2.2.2.2.1",0.66783853659365,FALSE,TRUE,39
"2.2.1.3.2.3.2.2.2.2.2.2.2.2.2.2.2.1.2.2.2.1",0.705334311159075,FALSE,TRUE,39
"2.2.1.3.2.3.2.2.2.2.2.2.2.2.2.2.2.2.1.2.2.1",0.715763980228839,FALSE,TRUE,39
"2.2.1.3.2.3.2.2.2.2.2.2.2.2.2.2.2.2.2.1.2.1",0.710799020364319,FALSE,TRUE,39
"2.2.1.3.2.3.2.2.2.2.2.2.2.2.2.2.2.2.2.2.1.1",0.638502891560699,FALSE,TRUE,39
