"karyotype","fitness","is_fq","is_nn","boundary_degree"
"2.2.2.2.2.2.2.2.2.2.2.2.2.2.2.2.2.2.2.2.2.2",0.493996995472625,TRUE,FALSE,0
"2.2.2.2.2.2.2.2.2.2.2.2.2.2.2.2.2.2.2.2.1.2",0.406181338957517,TRUE,FALSE,0
"2.2.2.2.2.2.2.2.2.2.2.2.3.2.2.2.2.2.2.2.2.2",0.419105686118004,TRUE,FALSE,0
"2.2.2.2.2.2.2.2.2.2.2.2.2.2.2.2.3.2.2.2.2.2",0.525674795193971,TRUE,FALSE,0
"2.2.2.2.2.2.2.2.2.2.2.2.2.2.2.2.2.2.2.1.2.2",0.3104945679861,TRUE,FALSE,0
"2.2.2.2.2.2.2.2.2.2.2.2.2.2.2.3.2.2.2.2.1.2",0.466736032737703,TRUE,FALSE,0
"2.2.2.2.2.2.2.2.2.2.1.2.2.2.2.2.2.2.2.2.2.2",0.31713984720576,TRUE,FALSE,0
"2.2.2.2.2.2.2.2.2.2.2.2.3.2.2.2.2.3.2.2.2.2",0.426837264528476,TRUE,FALSE,0
"2.2.2.2.2.2.2.2.3.2.2.2.2.2.2.3.2.2.2.2.1.2",0.540796021273602,TRUE,FALSE,0
"2.2.2.2.2.2.2.2.2.2.2.2.2.2.2.2.2.2.2.1.2.1",0.166643209974075,TRUE,FALSE,0
"2.2.2.2.2.2.2.2.3.2.2.2.2.2.2.4.2.2.2.2.1.2",0.512183334208214,TRUE,FALSE,0
"2.2.2.2.2.2.2.2.2.2.2.2.2.2.2.2.2.2.2.2.3.2",0.503845991108015,TRUE,FALSE,0
"2.2.2.2.2.2.2.3.3.2.2.2.2.2.2.4.2.2.2.2.1.2",0.603908464256812,TRUE,FALSE,0
"2.2.2.2.2.2.2.2.3.2.2.2.2.2.1.4.2.2.2.2.1.2",0.291520500367876,TRUE,FALSE,0
"2.2.2.2.2.2.2.2.2.2.2.2.2.2.2.3.2.1.2.2.1.2",0.282201391701129,TRUE,FALSE,0
"2.2.2.2.2.2.1.2.2.2.2.2.2.2.2.2.3.2.2.2.2.2",0.428875352167376,TRUE,FALSE,0
"2.2.2.2.3.2.2.2.2.2.2.2.2.2.2.2.2.2.2.2.3.2",0.425463643103026,TRUE,FALSE,0
"2.2.2.2.2.2.1.2.2.2.2.2.2.2.2.2.3.1.2.2.2.2",0.359658564170223,TRUE,FALSE,0
"2.2.2.2.1.2.2.2.2.2.2.2.2.2.2.2.2.2.2.2.3.2",0.499991078292762,TRUE,FALSE,0
"3.2.2.2.2.2.2.2.3.2.2.2.2.2.2.3.2.2.2.2.1.2",0.504110320768356,TRUE,FALSE,0
"2.2.2.1.2.2.2.2.3.2.2.2.2.2.2.4.2.2.2.2.1.2",0.494409258802003,TRUE,FALSE,0
"2.2.2.1.2.2.2.3.3.2.2.2.2.2.2.4.2.2.2.2.1.2",0.639961136188252,TRUE,FALSE,0
"2.2.2.2.2.2.2.2.3.2.2.2.2.3.2.4.2.2.2.2.1.2",0.439431939878499,TRUE,FALSE,0
"2.2.2.2.2.2.2.2.2.2.2.2.2.2.2.2.3.2.1.2.2.2",0.487341803721107,TRUE,FALSE,0
"2.2.2.2.2.2.2.2.3.2.2.2.2.2.1.4.2.1.2.2.1.2",0.0407044327492984,TRUE,FALSE,0
"2.2.2.2.2.2.3.2.3.2.2.2.2.2.1.4.2.2.2.2.1.2",0.361445516333464,TRUE,FALSE,0
"2.2.2.2.2.2.1.2.2.2.2.2.2.2.2.2.3.1.2.1.2.2",0.280710926774127,TRUE,FALSE,0
"2.3.2.2.2.2.2.2.2.2.2.2.3.2.2.2.2.3.2.2.2.2",0.484797687990603,TRUE,FALSE,0
"2.2.2.2.2.2.2.2.2.1.2.2.2.2.2.2.2.2.2.2.2.2",0.425267735851712,TRUE,FALSE,0
"2.2.2.2.2.2.2.2.3.2.2.2.2.2.3.4.2.2.2.2.1.2",0.593433909865031,TRUE,FALSE,0
"2.2.2.1.2.2.2.2.3.2.2.2.2.2.3.4.2.2.2.2.1.2",0.633716563404166,TRUE,FALSE,0
"2.2.2.2.2.3.2.2.3.2.2.2.2.2.3.4.2.2.2.2.1.2",0.540559198596837,TRUE,FALSE,0
"2.2.2.2.3.2.2.2.2.2.2.2.2.2.2.2.2.1.2.2.3.2",0.363789112507184,TRUE,FALSE,0
"2.2.2.2.2.2.2.2.2.2.2.2.2.2.2.2.2.1.2.2.3.2",0.416995539998492,TRUE,FALSE,0
"2.2.2.2.2.3.2.2.3.2.2.2.2.1.3.4.2.2.2.2.1.2",0.558822952096294,TRUE,FALSE,0
"2.3.2.2.2.2.2.2.2.2.2.2.2.2.2.3.2.1.2.2.1.2",0.348219999037868,TRUE,FALSE,0
"3.2.2.2.2.2.2.2.3.2.2.2.3.2.2.3.2.2.2.2.1.2",0.411374738901597,TRUE,FALSE,0
"2.2.2.2.2.2.2.2.3.3.2.2.2.2.3.4.2.2.2.2.1.2",0.462964333184456,TRUE,FALSE,0
"3.2.1.2.2.2.2.2.3.2.2.2.2.2.2.3.2.2.2.2.1.2",0.364191285132912,TRUE,FALSE,0
"2.2.2.2.2.3.2.2.2.2.2.2.2.1.3.4.2.2.2.2.1.2",0.548743912544451,TRUE,FALSE,0
"2.2.2.2.3.1.2.2.2.2.2.2.2.2.2.2.2.1.2.2.3.2",0.274351396798396,TRUE,FALSE,0
"2.2.2.2.2.2.2.2.2.1.2.2.2.2.2.2.3.2.2.2.2.2",0.510201835824057,TRUE,FALSE,0
"2.2.2.2.2.2.2.2.3.2.2.2.2.3.1.4.2.2.2.2.1.2",0.242599871655683,TRUE,FALSE,0
"2.2.2.2.2.2.3.2.2.2.2.2.2.2.2.3.2.2.2.2.1.2",0.518303156117527,TRUE,FALSE,0
"2.2.2.2.2.2.2.2.2.2.2.3.3.2.2.2.2.3.2.2.2.2",0.35682619700891,TRUE,FALSE,0
"2.2.2.2.2.3.2.2.3.2.2.2.2.1.3.4.2.2.2.1.1.2",0.527604130001366,TRUE,FALSE,0
"2.2.2.2.1.3.2.2.3.2.2.2.2.2.3.4.2.2.2.2.1.2",0.481179087303974,TRUE,FALSE,0
"2.2.2.1.2.2.2.2.2.2.2.2.2.2.2.2.2.2.2.2.2.2",0.447005375800002,TRUE,FALSE,0
"2.2.2.2.2.2.2.2.2.2.2.2.2.2.2.3.2.3.2.2.1.2",0.537584504111982,TRUE,FALSE,0
"2.2.2.2.2.2.2.2.2.2.2.2.1.2.2.3.2.3.2.2.1.2",0.588277173745763,TRUE,FALSE,0
"3.2.2.2.2.2.2.2.2.2.2.2.2.2.2.2.2.2.2.2.2.2",0.510586170085617,FALSE,TRUE,35
"2.3.2.2.2.2.2.2.2.2.2.2.2.2.2.2.2.2.2.2.2.2",0.533291984205631,FALSE,TRUE,34
"2.2.3.2.2.2.2.2.2.2.2.2.2.2.2.2.2.2.2.2.2.2",0.407360063753432,FALSE,TRUE,35
"2.2.2.3.2.2.2.2.2.2.2.2.2.2.2.2.2.2.2.2.2.2",0.469024774306141,FALSE,TRUE,36
"2.2.2.2.3.2.2.2.2.2.2.2.2.2.2.2.2.2.2.2.2.2",0.41355309395316,FALSE,TRUE,34
"2.2.2.2.2.3.2.2.2.2.2.2.2.2.2.2.2.2.2.2.2.2",0.497361213614967,FALSE,TRUE,35
"2.2.2.2.2.2.3.2.2.2.2.2.2.2.2.2.2.2.2.2.2.2",0.524316514404731,FALSE,TRUE,34
"2.2.2.2.2.2.2.3.2.2.2.2.2.2.2.2.2.2.2.2.2.2",0.633174450179726,FALSE,TRUE,35
"2.2.2.2.2.2.2.2.3.2.2.2.2.2.2.2.2.2.2.2.2.2",0.549348905926902,FALSE,TRUE,34
"2.2.2.2.2.2.2.2.2.3.2.2.2.2.2.2.2.2.2.2.2.2",0.476043431895162,FALSE,TRUE,36
"2.2.2.2.2.2.2.2.2.2.3.2.2.2.2.2.2.2.2.2.2.2",0.608837417164741,FALSE,TRUE,36
"2.2.2.2.2.2.2.2.2.2.2.3.2.2.2.2.2.2.2.2.2.2",0.406273941651299,FALSE,TRUE,34
"2.2.2.2.2.2.2.2.2.2.2.2.2.3.2.2.2.2.2.2.2.2",0.45564978894327,FALSE,TRUE,35
"2.2.2.2.2.2.2.2.2.2.2.2.2.2.3.2.2.2.2.2.2.2",0.535298874243885,FALSE,TRUE,35
"2.2.2.2.2.2.2.2.2.2.2.2.2.2.2.3.2.2.2.2.2.2",0.562038694219626,FALSE,TRUE,31
"2.2.2.2.2.2.2.2.2.2.2.2.2.2.2.2.2.3.2.2.2.2",0.481745437057131,FALSE,TRUE,32
"2.2.2.2.2.2.2.2.2.2.2.2.2.2.2.2.2.2.3.2.2.2",0.506459104316752,FALSE,TRUE,35
"2.2.2.2.2.2.2.2.2.2.2.2.2.2.2.2.2.2.2.3.2.2",0.57108372302378,FALSE,TRUE,36
"2.2.2.2.2.2.2.2.2.2.2.2.2.2.2.2.2.2.2.2.2.3",0.50105509221064,FALSE,TRUE,35
"1.2.2.2.2.2.2.2.2.2.2.2.2.2.2.2.2.2.2.2.2.2",0.375392194930833,FALSE,TRUE,34
"2.1.2.2.2.2.2.2.2.2.2.2.2.2.2.2.2.2.2.2.2.2",0.360552686671194,FALSE,TRUE,34
"2.2.1.2.2.2.2.2.2.2.2.2.2.2.2.2.2.2.2.2.2.2",0.509178008228693,FALSE,TRUE,34
"2.2.2.2.1.2.2.2.2.2.2.2.2.2.2.2.2.2.2.2.2.2",0.492895194832752,FALSE,TRUE,34
"2.2.2.2.2.1.2.2.2.2.2.2.2.2.2.2.2.2.2.2.2.2",0.397393216714868,FALSE,TRUE,34
"2.2.2.2.2.2.1.2.2.2.2.2.2.2.2.2.2.2.2.2.2.2",0.392831048956774,FALSE,TRUE,33
"2.2.2.2.2.2.2.1.2.2.2.2.2.2.2.2.2.2.2.2.2.2",0.240537245540913,FALSE,TRUE,34
"2.2.2.2.2.2.2.2.1.2.2.2.2.2.2.2.2.2.2.2.2.2",0.375996538585454,FALSE,TRUE,34
"2.2.2.2.2.2.2.2.2.2.2.1.2.2.2.2.2.2.2.2.2.2",0.515583092358838,FALSE,TRUE,34
"2.2.2.2.2.2.2.2.2.2.2.2.1.2.2.2.2.2.2.2.2.2",0.534082932369637,FALSE,TRUE,35
"2.2.2.2.2.2.2.2.2.2.2.2.2.1.2.2.2.2.2.2.2.2",0.45285238776168,FALSE,TRUE,34
"2.2.2.2.2.2.2.2.2.2.2.2.2.2.1.2.2.2.2.2.2.2",0.347268535787511,FALSE,TRUE,34
"2.2.2.2.2.2.2.2.2.2.2.2.2.2.2.1.2.2.2.2.2.2",0.349451014739615,FALSE,TRUE,34
"2.2.2.2.2.2.2.2.2.2.2.2.2.2.2.2.1.2.2.2.2.2",0.352917280054474,FALSE,TRUE,35
"2.2.2.2.2.2.2.2.2.2.2.2.2.2.2.2.2.1.2.2.2.2",0.37559080278676,FALSE,TRUE,31
"2.2.2.2.2.2.2.2.2.2.2.2.2.2.2.2.2.2.1.2.2.2",0.452496834287756,FALSE,TRUE,34
"2.2.2.2.2.2.2.2.2.2.2.2.2.2.2.2.2.2.2.2.2.1",0.390114036003091,FALSE,TRUE,34
"3.2.2.2.2.2.2.2.2.2.2.2.2.2.2.2.2.2.2.2.1.2",0.401725317701146,FALSE,TRUE,39
"2.3.2.2.2.2.2.2.2.2.2.2.2.2.2.2.2.2.2.2.1.2",0.480524033216693,FALSE,TRUE,39
"2.2.3.2.2.2.2.2.2.2.2.2.2.2.2.2.2.2.2.2.1.2",0.377775015567888,FALSE,TRUE,40
"2.2.2.3.2.2.2.2.2.2.2.2.2.2.2.2.2.2.2.2.1.2",0.378819791734616,FALSE,TRUE,40
"2.2.2.2.3.2.2.2.2.2.2.2.2.2.2.2.2.2.2.2.1.2",0.335729303643871,FALSE,TRUE,40
"2.2.2.2.2.3.2.2.2.2.2.2.2.2.2.2.2.2.2.2.1.2",0.44408976281808,FALSE,TRUE,40
"2.2.2.2.2.2.3.2.2.2.2.2.2.2.2.2.2.2.2.2.1.2",0.434346133062023,FALSE,TRUE,40
"2.2.2.2.2.2.2.3.2.2.2.2.2.2.2.2.2.2.2.2.1.2",0.577078281565634,FALSE,TRUE,40
"2.2.2.2.2.2.2.2.3.2.2.2.2.2.2.2.2.2.2.2.1.2",0.490780056655282,FALSE,TRUE,39
"2.2.2.2.2.2.2.2.2.3.2.2.2.2.2.2.2.2.2.2.1.2",0.401482870886588,FALSE,TRUE,40
"2.2.2.2.2.2.2.2.2.2.3.2.2.2.2.2.2.2.2.2.1.2",0.542030799789338,FALSE,TRUE,40
"2.2.2.2.2.2.2.2.2.2.2.3.2.2.2.2.2.2.2.2.1.2",0.282703829210941,FALSE,TRUE,40
"2.2.2.2.2.2.2.2.2.2.2.2.3.2.2.2.2.2.2.2.1.2",0.338871062344922,FALSE,TRUE,39
"2.2.2.2.2.2.2.2.2.2.2.2.2.3.2.2.2.2.2.2.1.2",0.399704115757306,FALSE,TRUE,40
"2.2.2.2.2.2.2.2.2.2.2.2.2.2.3.2.2.2.2.2.1.2",0.473339773018917,FALSE,TRUE,40
"2.2.2.2.2.2.2.2.2.2.2.2.2.2.2.2.3.2.2.2.1.2",0.451224370967581,FALSE,TRUE,37
"2.2.2.2.2.2.2.2.2.2.2.2.2.2.2.2.2.3.2.2.1.2",0.449273741652835,FALSE,TRUE,38
"2.2.2.2.2.2.2.2.2.2.2.2.2.2.2.2.2.2.3.2.1.2",0.400844241875821,FALSE,TRUE,40
"2.2.2.2.2.2.2.2.2.2.2.2.2.2.2.2.2.2.2.3.1.2",0.484589472760598,FALSE,TRUE,40
"2.2.2.2.2.2.2.2.2.2.2.2.2.2.2.2.2.2.2.2.1.3",0.498191264243739,FALSE,TRUE,40
"1.2.2.2.2.2.2.2.2.2.2.2.2.2.2.2.2.2.2.2.1.2",0.313331872993419,FALSE,TRUE,39
"2.1.2.2.2.2.2.2.2.2.2.2.2.2.2.2.2.2.2.2.1.2",0.254592175867987,FALSE,TRUE,39
"2.2.1.2.2.2.2.2.2.2.2.2.2.2.2.2.2.2.2.2.1.2",0.356425723423379,FALSE,TRUE,39
"2.2.2.1.2.2.2.2.2.2.2.2.2.2.2.2.2.2.2.2.1.2",0.358646619321949,FALSE,TRUE,39
"2.2.2.2.1.2.2.2.2.2.2.2.2.2.2.2.2.2.2.2.1.2",0.403516531561173,FALSE,TRUE,39
"2.2.2.2.2.1.2.2.2.2.2.2.2.2.2.2.2.2.2.2.1.2",0.286705886377314,FALSE,TRUE,39
"2.2.2.2.2.2.1.2.2.2.2.2.2.2.2.2.2.2.2.2.1.2",0.317423904258128,FALSE,TRUE,38
"2.2.2.2.2.2.2.1.2.2.2.2.2.2.2.2.2.2.2.2.1.2",0.135846376141872,FALSE,TRUE,39
"2.2.2.2.2.2.2.2.1.2.2.2.2.2.2.2.2.2.2.2.1.2",0.255073993125634,FALSE,TRUE,39
"2.2.2.2.2.2.2.2.2.1.2.2.2.2.2.2.2.2.2.2.1.2",0.326219837558556,FALSE,TRUE,38
"2.2.2.2.2.2.2.2.2.2.1.2.2.2.2.2.2.2.2.2.1.2",0.20334665356338,FALSE,TRUE,39
"2.2.2.2.2.2.2.2.2.2.2.1.2.2.2.2.2.2.2.2.1.2",0.469136741837125,FALSE,TRUE,39
"2.2.2.2.2.2.2.2.2.2.2.2.1.2.2.2.2.2.2.2.1.2",0.446467562381259,FALSE,TRUE,38
"2.2.2.2.2.2.2.2.2.2.2.2.2.1.2.2.2.2.2.2.1.2",0.34503505714083,FALSE,TRUE,39
"2.2.2.2.2.2.2.2.2.2.2.2.2.2.1.2.2.2.2.2.1.2",0.228950353499498,FALSE,TRUE,39
"2.2.2.2.2.2.2.2.2.2.2.2.2.2.2.1.2.2.2.2.1.2",0.271521253108841,FALSE,TRUE,40
"2.2.2.2.2.2.2.2.2.2.2.2.2.2.2.2.1.2.2.2.1.2",0.251379552625986,FALSE,TRUE,39
"2.2.2.2.2.2.2.2.2.2.2.2.2.2.2.2.2.1.2.2.1.2",0.270872161500475,FALSE,TRUE,38
"2.2.2.2.2.2.2.2.2.2.2.2.2.2.2.2.2.2.1.2.1.2",0.381430097542443,FALSE,TRUE,38
"2.2.2.2.2.2.2.2.2.2.2.2.2.2.2.2.2.2.2.1.1.2",0.240152489898204,FALSE,TRUE,38
"2.2.2.2.2.2.2.2.2.2.2.2.2.2.2.2.2.2.2.2.1.1",0.243083687815284,FALSE,TRUE,38
"3.2.2.2.2.2.2.2.2.2.2.2.3.2.2.2.2.2.2.2.2.2",0.453976051971496,FALSE,TRUE,41
"2.3.2.2.2.2.2.2.2.2.2.2.3.2.2.2.2.2.2.2.2.2",0.469256360724865,FALSE,TRUE,41
"2.2.3.2.2.2.2.2.2.2.2.2.3.2.2.2.2.2.2.2.2.2",0.326678064519513,FALSE,TRUE,41
"2.2.2.3.2.2.2.2.2.2.2.2.3.2.2.2.2.2.2.2.2.2",0.419874811519072,FALSE,TRUE,41
"2.2.2.2.3.2.2.2.2.2.2.2.3.2.2.2.2.2.2.2.2.2",0.380134698486663,FALSE,TRUE,40
"2.2.2.2.2.3.2.2.2.2.2.2.3.2.2.2.2.2.2.2.2.2",0.385310271836469,FALSE,TRUE,41
"2.2.2.2.2.2.3.2.2.2.2.2.3.2.2.2.2.2.2.2.2.2",0.480678992144315,FALSE,TRUE,41
"2.2.2.2.2.2.2.3.2.2.2.2.3.2.2.2.2.2.2.2.2.2",0.559385238942214,FALSE,TRUE,41
"2.2.2.2.2.2.2.2.3.2.2.2.3.2.2.2.2.2.2.2.2.2",0.439081879925549,FALSE,TRUE,41
"2.2.2.2.2.2.2.2.2.3.2.2.3.2.2.2.2.2.2.2.2.2",0.390858046106179,FALSE,TRUE,41
"2.2.2.2.2.2.2.2.2.2.3.2.3.2.2.2.2.2.2.2.2.2",0.476588543731384,FALSE,TRUE,41
"2.2.2.2.2.2.2.2.2.2.2.3.3.2.2.2.2.2.2.2.2.2",0.351489656061147,FALSE,TRUE,41
"2.2.2.2.2.2.2.2.2.2.2.2.4.2.2.2.2.2.2.2.2.2",0.328866278305685,FALSE,TRUE,42
"2.2.2.2.2.2.2.2.2.2.2.2.3.3.2.2.2.2.2.2.2.2",0.372504754024309,FALSE,TRUE,41
"2.2.2.2.2.2.2.2.2.2.2.2.3.2.3.2.2.2.2.2.2.2",0.458919749005498,FALSE,TRUE,41
"2.2.2.2.2.2.2.2.2.2.2.2.3.2.2.3.2.2.2.2.2.2",0.467236352368726,FALSE,TRUE,40
"2.2.2.2.2.2.2.2.2.2.2.2.3.2.2.2.3.2.2.2.2.2",0.442643310287687,FALSE,TRUE,38
"2.2.2.2.2.2.2.2.2.2.2.2.3.2.2.2.2.2.3.2.2.2",0.451267095435268,FALSE,TRUE,41
"2.2.2.2.2.2.2.2.2.2.2.2.3.2.2.2.2.2.2.3.2.2",0.487965330348333,FALSE,TRUE,41
"2.2.2.2.2.2.2.2.2.2.2.2.3.2.2.2.2.2.2.2.3.2",0.439297399718432,FALSE,TRUE,38
"2.2.2.2.2.2.2.2.2.2.2.2.3.2.2.2.2.2.2.2.2.3",0.404114700416285,FALSE,TRUE,41
"1.2.2.2.2.2.2.2.2.2.2.2.3.2.2.2.2.2.2.2.2.2",0.290079045180085,FALSE,TRUE,40
"2.1.2.2.2.2.2.2.2.2.2.2.3.2.2.2.2.2.2.2.2.2",0.29463343806684,FALSE,TRUE,40
"2.2.1.2.2.2.2.2.2.2.2.2.3.2.2.2.2.2.2.2.2.2",0.451105707349557,FALSE,TRUE,40
"2.2.2.1.2.2.2.2.2.2.2.2.3.2.2.2.2.2.2.2.2.2",0.35729562282165,FALSE,TRUE,40
"2.2.2.2.1.2.2.2.2.2.2.2.3.2.2.2.2.2.2.2.2.2",0.389915929640024,FALSE,TRUE,39
"2.2.2.2.2.1.2.2.2.2.2.2.3.2.2.2.2.2.2.2.2.2",0.362458544203171,FALSE,TRUE,40
"2.2.2.2.2.2.1.2.2.2.2.2.3.2.2.2.2.2.2.2.2.2",0.286869804734366,FALSE,TRUE,39
"2.2.2.2.2.2.2.1.2.2.2.2.3.2.2.2.2.2.2.2.2.2",0.179910503029478,FALSE,TRUE,40
"2.2.2.2.2.2.2.2.1.2.2.2.3.2.2.2.2.2.2.2.2.2",0.347697865059605,FALSE,TRUE,40
"2.2.2.2.2.2.2.2.2.1.2.2.3.2.2.2.2.2.2.2.2.2",0.367693726846914,FALSE,TRUE,39
"2.2.2.2.2.2.2.2.2.2.1.2.3.2.2.2.2.2.2.2.2.2",0.308219416862052,FALSE,TRUE,40
"2.2.2.2.2.2.2.2.2.2.2.1.3.2.2.2.2.2.2.2.2.2",0.423870345863518,FALSE,TRUE,40
"2.2.2.2.2.2.2.2.2.2.2.2.3.1.2.2.2.2.2.2.2.2",0.39819970856329,FALSE,TRUE,40
"2.2.2.2.2.2.2.2.2.2.2.2.3.2.1.2.2.2.2.2.2.2",0.300710380437569,FALSE,TRUE,40
"2.2.2.2.2.2.2.2.2.2.2.2.3.2.2.1.2.2.2.2.2.2",0.308787408547594,FALSE,TRUE,40
"2.2.2.2.2.2.2.2.2.2.2.2.3.2.2.2.1.2.2.2.2.2",0.284140076933257,FALSE,TRUE,40
"2.2.2.2.2.2.2.2.2.2.2.2.3.2.2.2.2.1.2.2.2.2",0.297559114250922,FALSE,TRUE,40
"2.2.2.2.2.2.2.2.2.2.2.2.3.2.2.2.2.2.1.2.2.2",0.365455530101102,FALSE,TRUE,39
"2.2.2.2.2.2.2.2.2.2.2.2.3.2.2.2.2.2.2.1.2.2",0.263219158516251,FALSE,TRUE,39
"2.2.2.2.2.2.2.2.2.2.2.2.3.2.2.2.2.2.2.2.2.1",0.34962072655745,FALSE,TRUE,39
"3.2.2.2.2.2.2.2.2.2.2.2.2.2.2.2.3.2.2.2.2.2",0.511487429307551,FALSE,TRUE,39
"2.3.2.2.2.2.2.2.2.2.2.2.2.2.2.2.3.2.2.2.2.2",0.596116621691852,FALSE,TRUE,39
"2.2.3.2.2.2.2.2.2.2.2.2.2.2.2.2.3.2.2.2.2.2",0.436061531252954,FALSE,TRUE,39
"2.2.2.3.2.2.2.2.2.2.2.2.2.2.2.2.3.2.2.2.2.2",0.457516696149163,FALSE,TRUE,39
"2.2.2.2.3.2.2.2.2.2.2.2.2.2.2.2.3.2.2.2.2.2",0.436306257550245,FALSE,TRUE,38
"2.2.2.2.2.3.2.2.2.2.2.2.2.2.2.2.3.2.2.2.2.2",0.497313464911305,FALSE,TRUE,39
"2.2.2.2.2.2.3.2.2.2.2.2.2.2.2.2.3.2.2.2.2.2",0.530567267453827,FALSE,TRUE,40
"2.2.2.2.2.2.2.3.2.2.2.2.2.2.2.2.3.2.2.2.2.2",0.579613976571738,FALSE,TRUE,39
"2.2.2.2.2.2.2.2.3.2.2.2.2.2.2.2.3.2.2.2.2.2",0.568621885534472,FALSE,TRUE,39
"2.2.2.2.2.2.2.2.2.3.2.2.2.2.2.2.3.2.2.2.2.2",0.4569628616838,FALSE,TRUE,40
"2.2.2.2.2.2.2.2.2.2.3.2.2.2.2.2.3.2.2.2.2.2",0.625628456669089,FALSE,TRUE,39
"2.2.2.2.2.2.2.2.2.2.2.3.2.2.2.2.3.2.2.2.2.2",0.424542291369915,FALSE,TRUE,39
"2.2.2.2.2.2.2.2.2.2.2.2.2.3.2.2.3.2.2.2.2.2",0.490778605664511,FALSE,TRUE,39
"2.2.2.2.2.2.2.2.2.2.2.2.2.2.3.2.3.2.2.2.2.2",0.486407818464458,FALSE,TRUE,39
"2.2.2.2.2.2.2.2.2.2.2.2.2.2.2.3.3.2.2.2.2.2",0.609039764130815,FALSE,TRUE,38
"2.2.2.2.2.2.2.2.2.2.2.2.2.2.2.2.4.2.2.2.2.2",0.443603123277325,FALSE,TRUE,40
"2.2.2.2.2.2.2.2.2.2.2.2.2.2.2.2.3.3.2.2.2.2",0.449030158301749,FALSE,TRUE,38
"2.2.2.2.2.2.2.2.2.2.2.2.2.2.2.2.3.2.3.2.2.2",0.538790937494308,FALSE,TRUE,40
"2.2.2.2.2.2.2.2.2.2.2.2.2.2.2.2.3.2.2.3.2.2",0.565024628718997,FALSE,TRUE,39
"2.2.2.2.2.2.2.2.2.2.2.2.2.2.2.2.3.2.2.2.3.2",0.529899940838568,FALSE,TRUE,36
"2.2.2.2.2.2.2.2.2.2.2.2.2.2.2.2.3.2.2.2.2.3",0.547546168302931,FALSE,TRUE,39
"1.2.2.2.2.2.2.2.2.2.2.2.2.2.2.2.3.2.2.2.2.2",0.447756558177159,FALSE,TRUE,38
"2.1.2.2.2.2.2.2.2.2.2.2.2.2.2.2.3.2.2.2.2.2",0.363699151731642,FALSE,TRUE,38
"2.2.1.2.2.2.2.2.2.2.2.2.2.2.2.2.3.2.2.2.2.2",0.556731207716794,FALSE,TRUE,38
"2.2.2.1.2.2.2.2.2.2.2.2.2.2.2.2.3.2.2.2.2.2",0.522392778353096,FALSE,TRUE,38
"2.2.2.2.1.2.2.2.2.2.2.2.2.2.2.2.3.2.2.2.2.2",0.544674600775683,FALSE,TRUE,37
"2.2.2.2.2.1.2.2.2.2.2.2.2.2.2.2.3.2.2.2.2.2",0.438167347843459,FALSE,TRUE,38
"2.2.2.2.2.2.2.1.2.2.2.2.2.2.2.2.3.2.2.2.2.2",0.345072456294414,FALSE,TRUE,38
"2.2.2.2.2.2.2.2.1.2.2.2.2.2.2.2.3.2.2.2.2.2",0.416687720390813,FALSE,TRUE,38
"2.2.2.2.2.2.2.2.2.2.1.2.2.2.2.2.3.2.2.2.2.2",0.359532359626523,FALSE,TRUE,38
"2.2.2.2.2.2.2.2.2.2.2.1.2.2.2.2.3.2.2.2.2.2",0.555789686161027,FALSE,TRUE,38
"2.2.2.2.2.2.2.2.2.2.2.2.1.2.2.2.3.2.2.2.2.2",0.578747273319243,FALSE,TRUE,38
"2.2.2.2.2.2.2.2.2.2.2.2.2.1.2.2.3.2.2.2.2.2",0.489633372837027,FALSE,TRUE,38
"2.2.2.2.2.2.2.2.2.2.2.2.2.2.1.2.3.2.2.2.2.2",0.442735748842674,FALSE,TRUE,38
"2.2.2.2.2.2.2.2.2.2.2.2.2.2.2.1.3.2.2.2.2.2",0.367498876118322,FALSE,TRUE,38
"2.2.2.2.2.2.2.2.2.2.2.2.2.2.2.2.3.1.2.2.2.2",0.47922529780899,FALSE,TRUE,36
"2.2.2.2.2.2.2.2.2.2.2.2.2.2.2.2.3.2.2.1.2.2",0.36951904980197,FALSE,TRUE,36
"2.2.2.2.2.2.2.2.2.2.2.2.2.2.2.2.3.2.2.2.2.1",0.429311631362278,FALSE,TRUE,37
"3.2.2.2.2.2.2.2.2.2.2.2.2.2.2.2.2.2.2.1.2.2",0.36481940458577,FALSE,TRUE,40
"2.3.2.2.2.2.2.2.2.2.2.2.2.2.2.2.2.2.2.1.2.2",0.356337701169088,FALSE,TRUE,40
"2.2.3.2.2.2.2.2.2.2.2.2.2.2.2.2.2.2.2.1.2.2",0.21192967763404,FALSE,TRUE,40
"2.2.2.3.2.2.2.2.2.2.2.2.2.2.2.2.2.2.2.1.2.2",0.29350191733567,FALSE,TRUE,40
"2.2.2.2.3.2.2.2.2.2.2.2.2.2.2.2.2.2.2.1.2.2",0.191817286853489,FALSE,TRUE,39
"2.2.2.2.2.3.2.2.2.2.2.2.2.2.2.2.2.2.2.1.2.2",0.357273775503325,FALSE,TRUE,40
"2.2.2.2.2.2.3.2.2.2.2.2.2.2.2.2.2.2.2.1.2.2",0.304221791389584,FALSE,TRUE,40
"2.2.2.2.2.2.2.3.2.2.2.2.2.2.2.2.2.2.2.1.2.2",0.485331867291841,FALSE,TRUE,40
"2.2.2.2.2.2.2.2.3.2.2.2.2.2.2.2.2.2.2.1.2.2",0.460749879313015,FALSE,TRUE,40
"2.2.2.2.2.2.2.2.2.3.2.2.2.2.2.2.2.2.2.1.2.2",0.32836777609186,FALSE,TRUE,40
"2.2.2.2.2.2.2.2.2.2.3.2.2.2.2.2.2.2.2.1.2.2",0.503146671965536,FALSE,TRUE,40
"2.2.2.2.2.2.2.2.2.2.2.3.2.2.2.2.2.2.2.1.2.2",0.236277310956288,FALSE,TRUE,40
"2.2.2.2.2.2.2.2.2.2.2.2.2.3.2.2.2.2.2.1.2.2",0.263176626087561,FALSE,TRUE,40
"2.2.2.2.2.2.2.2.2.2.2.2.2.2.3.2.2.2.2.1.2.2",0.410217697794054,FALSE,TRUE,40
"2.2.2.2.2.2.2.2.2.2.2.2.2.2.2.3.2.2.2.1.2.2",0.388563871539888,FALSE,TRUE,39
"2.2.2.2.2.2.2.2.2.2.2.2.2.2.2.2.2.3.2.1.2.2",0.280015038425209,FALSE,TRUE,39
"2.2.2.2.2.2.2.2.2.2.2.2.2.2.2.2.2.2.3.1.2.2",0.329239641204504,FALSE,TRUE,40
"2.2.2.2.2.2.2.2.2.2.2.2.2.2.2.2.2.2.2.1.3.2",0.323487001233684,FALSE,TRUE,37
"2.2.2.2.2.2.2.2.2.2.2.2.2.2.2.2.2.2.2.1.2.3",0.370230450168215,FALSE,TRUE,41
"1.2.2.2.2.2.2.2.2.2.2.2.2.2.2.2.2.2.2.1.2.2",0.160412315361365,FALSE,TRUE,39
"2.1.2.2.2.2.2.2.2.2.2.2.2.2.2.2.2.2.2.1.2.2",0.200627818321916,FALSE,TRUE,39
"2.2.1.2.2.2.2.2.2.2.2.2.2.2.2.2.2.2.2.1.2.2",0.337967981331943,FALSE,TRUE,39
"2.2.2.1.2.2.2.2.2.2.2.2.2.2.2.2.2.2.2.1.2.2",0.277899922144244,FALSE,TRUE,39
"2.2.2.2.1.2.2.2.2.2.2.2.2.2.2.2.2.2.2.1.2.2",0.357336111523935,FALSE,TRUE,38
"2.2.2.2.2.1.2.2.2.2.2.2.2.2.2.2.2.2.2.1.2.2",0.202744683448697,FALSE,TRUE,39
"2.2.2.2.2.2.1.2.2.2.2.2.2.2.2.2.2.2.2.1.2.2",0.272674816565865,FALSE,TRUE,37
"2.2.2.2.2.2.2.1.2.2.2.2.2.2.2.2.2.2.2.1.2.2",0.0607418504998686,FALSE,TRUE,39
"2.2.2.2.2.2.2.2.1.2.2.2.2.2.2.2.2.2.2.1.2.2",0.125734678173517,FALSE,TRUE,39
"2.2.2.2.2.2.2.2.2.1.2.2.2.2.2.2.2.2.2.1.2.2",0.21542324828265,FALSE,TRUE,38
"2.2.2.2.2.2.2.2.2.2.1.2.2.2.2.2.2.2.2.1.2.2",0.0712212177068413,FALSE,TRUE,39
"2.2.2.2.2.2.2.2.2.2.2.1.2.2.2.2.2.2.2.1.2.2",0.33968334545046,FALSE,TRUE,39
"2.2.2.2.2.2.2.2.2.2.2.2.1.2.2.2.2.2.2.1.2.2",0.333773579741132,FALSE,TRUE,39
"2.2.2.2.2.2.2.2.2.2.2.2.2.1.2.2.2.2.2.1.2.2",0.286924699785779,FALSE,TRUE,39
"2.2.2.2.2.2.2.2.2.2.2.2.2.2.1.2.2.2.2.1.2.2",0.158542000832642,FALSE,TRUE,39
"2.2.2.2.2.2.2.2.2.2.2.2.2.2.2.1.2.2.2.1.2.2",0.17193029403379,FALSE,TRUE,39
"2.2.2.2.2.2.2.2.2.2.2.2.2.2.2.2.1.2.2.1.2.2",0.174782612001474,FALSE,TRUE,39
"2.2.2.2.2.2.2.2.2.2.2.2.2.2.2.2.2.1.2.1.2.2",0.234095342319691,FALSE,TRUE,36
"2.2.2.2.2.2.2.2.2.2.2.2.2.2.2.2.2.2.1.1.2.2",0.264738711662904,FALSE,TRUE,38
"3.2.2.2.2.2.2.2.2.2.2.2.2.2.2.3.2.2.2.2.1.2",0.485565403872259,FALSE,TRUE,35
"2.3.2.2.2.2.2.2.2.2.2.2.2.2.2.3.2.2.2.2.1.2",0.550090800141552,FALSE,TRUE,37
"2.2.3.2.2.2.2.2.2.2.2.2.2.2.2.3.2.2.2.2.1.2",0.4685406337682,FALSE,TRUE,37
"2.2.2.3.2.2.2.2.2.2.2.2.2.2.2.3.2.2.2.2.1.2",0.439363081389017,FALSE,TRUE,37
"2.2.2.2.3.2.2.2.2.2.2.2.2.2.2.3.2.2.2.2.1.2",0.426230389514502,FALSE,TRUE,37
"2.2.2.2.2.3.2.2.2.2.2.2.2.2.2.3.2.2.2.2.1.2",0.459157672442624,FALSE,TRUE,37
"2.2.2.2.2.2.2.3.2.2.2.2.2.2.2.3.2.2.2.2.1.2",0.628422949819355,FALSE,TRUE,36
"2.2.2.2.2.2.2.2.2.3.2.2.2.2.2.3.2.2.2.2.1.2",0.437791712686587,FALSE,TRUE,37
"2.2.2.2.2.2.2.2.2.2.3.2.2.2.2.3.2.2.2.2.1.2",0.582386896961668,FALSE,TRUE,37
"2.2.2.2.2.2.2.2.2.2.2.3.2.2.2.3.2.2.2.2.1.2",0.35567017521968,FALSE,TRUE,37
"2.2.2.2.2.2.2.2.2.2.2.2.3.2.2.3.2.2.2.2.1.2",0.369365747056562,FALSE,TRUE,35
"2.2.2.2.2.2.2.2.2.2.2.2.2.3.2.3.2.2.2.2.1.2",0.417625408262128,FALSE,TRUE,36
"2.2.2.2.2.2.2.2.2.2.2.2.2.2.3.3.2.2.2.2.1.2",0.566873718836906,FALSE,TRUE,36
"2.2.2.2.2.2.2.2.2.2.2.2.2.2.2.4.2.2.2.2.1.2",0.43872354861354,FALSE,TRUE,33
"2.2.2.2.2.2.2.2.2.2.2.2.2.2.2.3.3.2.2.2.1.2",0.523658889645926,FALSE,TRUE,36
"2.2.2.2.2.2.2.2.2.2.2.2.2.2.2.3.2.2.3.2.1.2",0.458611618699103,FALSE,TRUE,37
"2.2.2.2.2.2.2.2.2.2.2.2.2.2.2.3.2.2.2.3.1.2",0.5274589856591,FALSE,TRUE,37
"2.2.2.2.2.2.2.2.2.2.2.2.2.2.2.3.2.2.2.2.1.3",0.586963149176823,FALSE,TRUE,37
"1.2.2.2.2.2.2.2.2.2.2.2.2.2.2.3.2.2.2.2.1.2",0.346025309540119,FALSE,TRUE,36
"2.1.2.2.2.2.2.2.2.2.2.2.2.2.2.3.2.2.2.2.1.2",0.301324211698214,FALSE,TRUE,36
"2.2.1.2.2.2.2.2.2.2.2.2.2.2.2.3.2.2.2.2.1.2",0.375210166112381,FALSE,TRUE,35
"2.2.2.1.2.2.2.2.2.2.2.2.2.2.2.3.2.2.2.2.1.2",0.402847215843807,FALSE,TRUE,34
"2.2.2.2.1.2.2.2.2.2.2.2.2.2.2.3.2.2.2.2.1.2",0.4268142061827,FALSE,TRUE,36
"2.2.2.2.2.1.2.2.2.2.2.2.2.2.2.3.2.2.2.2.1.2",0.394045147904661,FALSE,TRUE,36
"2.2.2.2.2.2.1.2.2.2.2.2.2.2.2.3.2.2.2.2.1.2",0.360240495361932,FALSE,TRUE,37
"2.2.2.2.2.2.2.1.2.2.2.2.2.2.2.3.2.2.2.2.1.2",0.178962226146058,FALSE,TRUE,36
"2.2.2.2.2.2.2.2.1.2.2.2.2.2.2.3.2.2.2.2.1.2",0.305995521601665,FALSE,TRUE,37
"2.2.2.2.2.2.2.2.2.1.2.2.2.2.2.3.2.2.2.2.1.2",0.399868361535535,FALSE,TRUE,35
"2.2.2.2.2.2.2.2.2.2.1.2.2.2.2.3.2.2.2.2.1.2",0.276105645855864,FALSE,TRUE,35
"2.2.2.2.2.2.2.2.2.2.2.1.2.2.2.3.2.2.2.2.1.2",0.516849889401833,FALSE,TRUE,36
"2.2.2.2.2.2.2.2.2.2.2.2.1.2.2.3.2.2.2.2.1.2",0.525277888997003,FALSE,TRUE,36
"2.2.2.2.2.2.2.2.2.2.2.2.2.1.2.3.2.2.2.2.1.2",0.43833744795561,FALSE,TRUE,36
"2.2.2.2.2.2.2.2.2.2.2.2.2.2.1.3.2.2.2.2.1.2",0.233628956300689,FALSE,TRUE,35
"2.2.2.2.2.2.2.2.2.2.2.2.2.2.2.3.1.2.2.2.1.2",0.295673990870942,FALSE,TRUE,36
"2.2.2.2.2.2.2.2.2.2.2.2.2.2.2.3.2.2.1.2.1.2",0.435558368757236,FALSE,TRUE,36
"2.2.2.2.2.2.2.2.2.2.2.2.2.2.2.3.2.2.2.1.1.2",0.306499133202688,FALSE,TRUE,35
"2.2.2.2.2.2.2.2.2.2.2.2.2.2.2.3.2.2.2.2.1.1",0.259868890807974,FALSE,TRUE,36
"3.2.2.2.2.2.2.2.2.2.1.2.2.2.2.2.2.2.2.2.2.2",0.377702947023477,FALSE,TRUE,41
"2.3.2.2.2.2.2.2.2.2.1.2.2.2.2.2.2.2.2.2.2.2",0.349376819654469,FALSE,TRUE,41
"2.2.3.2.2.2.2.2.2.2.1.2.2.2.2.2.2.2.2.2.2.2",0.152762521455405,FALSE,TRUE,41
"2.2.2.3.2.2.2.2.2.2.1.2.2.2.2.2.2.2.2.2.2.2",0.280718647712045,FALSE,TRUE,41
"2.2.2.2.3.2.2.2.2.2.1.2.2.2.2.2.2.2.2.2.2.2",0.198054123795388,FALSE,TRUE,40
"2.2.2.2.2.3.2.2.2.2.1.2.2.2.2.2.2.2.2.2.2.2",0.363500243501756,FALSE,TRUE,41
"2.2.2.2.2.2.3.2.2.2.1.2.2.2.2.2.2.2.2.2.2.2",0.302436963017104,FALSE,TRUE,41
"2.2.2.2.2.2.2.3.2.2.1.2.2.2.2.2.2.2.2.2.2.2",0.5129999073557,FALSE,TRUE,41
"2.2.2.2.2.2.2.2.3.2.1.2.2.2.2.2.2.2.2.2.2.2",0.376029770581262,FALSE,TRUE,41
"2.2.2.2.2.2.2.2.2.3.1.2.2.2.2.2.2.2.2.2.2.2",0.342080844638434,FALSE,TRUE,41
"2.2.2.2.2.2.2.2.2.2.1.3.2.2.2.2.2.2.2.2.2.2",0.23916373387962,FALSE,TRUE,41
"2.2.2.2.2.2.2.2.2.2.1.2.2.3.2.2.2.2.2.2.2.2",0.299276377250584,FALSE,TRUE,41
"2.2.2.2.2.2.2.2.2.2.1.2.2.2.3.2.2.2.2.2.2.2",0.335883558865197,FALSE,TRUE,41
"2.2.2.2.2.2.2.2.2.2.1.2.2.2.2.3.2.2.2.2.2.2",0.396393212240373,FALSE,TRUE,40
"2.2.2.2.2.2.2.2.2.2.1.2.2.2.2.2.2.3.2.2.2.2",0.292348209644425,FALSE,TRUE,40
"2.2.2.2.2.2.2.2.2.2.1.2.2.2.2.2.2.2.3.2.2.2",0.356106678114471,FALSE,TRUE,41
"2.2.2.2.2.2.2.2.2.2.1.2.2.2.2.2.2.2.2.3.2.2",0.48440071371088,FALSE,TRUE,41
"2.2.2.2.2.2.2.2.2.2.1.2.2.2.2.2.2.2.2.2.3.2",0.374048670132297,FALSE,TRUE,38
"2.2.2.2.2.2.2.2.2.2.1.2.2.2.2.2.2.2.2.2.2.3",0.338454999942577,FALSE,TRUE,41
"1.2.2.2.2.2.2.2.2.2.1.2.2.2.2.2.2.2.2.2.2.2",0.189826162766304,FALSE,TRUE,40
"2.1.2.2.2.2.2.2.2.2.1.2.2.2.2.2.2.2.2.2.2.2",0.201083533044237,FALSE,TRUE,40
"2.2.1.2.2.2.2.2.2.2.1.2.2.2.2.2.2.2.2.2.2.2",0.432304977981307,FALSE,TRUE,40
"2.2.2.1.2.2.2.2.2.2.1.2.2.2.2.2.2.2.2.2.2.2",0.301895085655708,FALSE,TRUE,40
"2.2.2.2.1.2.2.2.2.2.1.2.2.2.2.2.2.2.2.2.2.2",0.36835062686506,FALSE,TRUE,39
"2.2.2.2.2.1.2.2.2.2.1.2.2.2.2.2.2.2.2.2.2.2",0.202203371734659,FALSE,TRUE,40
"2.2.2.2.2.2.1.2.2.2.1.2.2.2.2.2.2.2.2.2.2.2",0.282023962279957,FALSE,TRUE,39
"2.2.2.2.2.2.2.1.2.2.1.2.2.2.2.2.2.2.2.2.2.2",0.0490326041204812,FALSE,TRUE,40
"2.2.2.2.2.2.2.2.1.2.1.2.2.2.2.2.2.2.2.2.2.2",0.225713565763354,FALSE,TRUE,40
"2.2.2.2.2.2.2.2.2.1.1.2.2.2.2.2.2.2.2.2.2.2",0.228458720223075,FALSE,TRUE,39
"2.2.2.2.2.2.2.2.2.2.1.1.2.2.2.2.2.2.2.2.2.2",0.346434787420661,FALSE,TRUE,40
"2.2.2.2.2.2.2.2.2.2.1.2.1.2.2.2.2.2.2.2.2.2",0.293138705265398,FALSE,TRUE,40
"2.2.2.2.2.2.2.2.2.2.1.2.2.1.2.2.2.2.2.2.2.2",0.271054803642825,FALSE,TRUE,40
"2.2.2.2.2.2.2.2.2.2.1.2.2.2.1.2.2.2.2.2.2.2",0.233919690884075,FALSE,TRUE,40
"2.2.2.2.2.2.2.2.2.2.1.2.2.2.2.1.2.2.2.2.2.2",0.179873754742741,FALSE,TRUE,40
"2.2.2.2.2.2.2.2.2.2.1.2.2.2.2.2.1.2.2.2.2.2",0.205611596017538,FALSE,TRUE,40
"2.2.2.2.2.2.2.2.2.2.1.2.2.2.2.2.2.1.2.2.2.2",0.251973440841108,FALSE,TRUE,39
"2.2.2.2.2.2.2.2.2.2.1.2.2.2.2.2.2.2.1.2.2.2",0.253847224531969,FALSE,TRUE,39
"2.2.2.2.2.2.2.2.2.2.1.2.2.2.2.2.2.2.2.2.2.1",0.228891294241629,FALSE,TRUE,39
"3.2.2.2.2.2.2.2.2.2.2.2.3.2.2.2.2.3.2.2.2.2",0.434141768626108,FALSE,TRUE,40
"2.2.3.2.2.2.2.2.2.2.2.2.3.2.2.2.2.3.2.2.2.2",0.30546919382722,FALSE,TRUE,40
"2.2.2.3.2.2.2.2.2.2.2.2.3.2.2.2.2.3.2.2.2.2",0.398542339274324,FALSE,TRUE,40
"2.2.2.2.3.2.2.2.2.2.2.2.3.2.2.2.2.3.2.2.2.2",0.348603026281089,FALSE,TRUE,40
"2.2.2.2.2.3.2.2.2.2.2.2.3.2.2.2.2.3.2.2.2.2",0.396120182430802,FALSE,TRUE,40
"2.2.2.2.2.2.3.2.2.2.2.2.3.2.2.2.2.3.2.2.2.2",0.434439899789566,FALSE,TRUE,40
"2.2.2.2.2.2.2.3.2.2.2.2.3.2.2.2.2.3.2.2.2.2",0.495720504063656,FALSE,TRUE,40
"2.2.2.2.2.2.2.2.3.2.2.2.3.2.2.2.2.3.2.2.2.2",0.485392561752921,FALSE,TRUE,40
"2.2.2.2.2.2.2.2.2.3.2.2.3.2.2.2.2.3.2.2.2.2",0.368135328349408,FALSE,TRUE,40
"2.2.2.2.2.2.2.2.2.2.3.2.3.2.2.2.2.3.2.2.2.2",0.510343425356731,FALSE,TRUE,40
"2.2.2.2.2.2.2.2.2.2.2.2.4.2.2.2.2.3.2.2.2.2",0.365331996711147,FALSE,TRUE,40
"2.2.2.2.2.2.2.2.2.2.2.2.3.3.2.2.2.3.2.2.2.2",0.367722450204706,FALSE,TRUE,40
"2.2.2.2.2.2.2.2.2.2.2.2.3.2.3.2.2.3.2.2.2.2",0.428023855399643,FALSE,TRUE,40
"2.2.2.2.2.2.2.2.2.2.2.2.3.2.2.3.2.3.2.2.2.2",0.491180320035466,FALSE,TRUE,38
"2.2.2.2.2.2.2.2.2.2.2.2.3.2.2.2.3.3.2.2.2.2",0.380748331991332,FALSE,TRUE,39
"2.2.2.2.2.2.2.2.2.2.2.2.3.2.2.2.2.4.2.2.2.2",0.31238563139264,FALSE,TRUE,41
"2.2.2.2.2.2.2.2.2.2.2.2.3.2.2.2.2.3.3.2.2.2",0.459223487371788,FALSE,TRUE,40
"2.2.2.2.2.2.2.2.2.2.2.2.3.2.2.2.2.3.2.3.2.2",0.517196666378501,FALSE,TRUE,40
"2.2.2.2.2.2.2.2.2.2.2.2.3.2.2.2.2.3.2.2.3.2",0.402158210285536,FALSE,TRUE,39
"2.2.2.2.2.2.2.2.2.2.2.2.3.2.2.2.2.3.2.2.2.3",0.400195930944484,FALSE,TRUE,40
"1.2.2.2.2.2.2.2.2.2.2.2.3.2.2.2.2.3.2.2.2.2",0.315314043468634,FALSE,TRUE,39
"2.1.2.2.2.2.2.2.2.2.2.2.3.2.2.2.2.3.2.2.2.2",0.300561133735662,FALSE,TRUE,40
"2.2.1.2.2.2.2.2.2.2.2.2.3.2.2.2.2.3.2.2.2.2",0.499023219892375,FALSE,TRUE,39
"2.2.2.1.2.2.2.2.2.2.2.2.3.2.2.2.2.3.2.2.2.2",0.408658681386168,FALSE,TRUE,38
"2.2.2.2.1.2.2.2.2.2.2.2.3.2.2.2.2.3.2.2.2.2",0.43867637799178,FALSE,TRUE,39
"2.2.2.2.2.1.2.2.2.2.2.2.3.2.2.2.2.3.2.2.2.2",0.356878661216565,FALSE,TRUE,39
"2.2.2.2.2.2.1.2.2.2.2.2.3.2.2.2.2.3.2.2.2.2",0.328907771986719,FALSE,TRUE,39
"2.2.2.2.2.2.2.1.2.2.2.2.3.2.2.2.2.3.2.2.2.2",0.260580656548625,FALSE,TRUE,39
"2.2.2.2.2.2.2.2.1.2.2.2.3.2.2.2.2.3.2.2.2.2",0.330882245633198,FALSE,TRUE,39
"2.2.2.2.2.2.2.2.2.1.2.2.3.2.2.2.2.3.2.2.2.2",0.408059820013899,FALSE,TRUE,38
"2.2.2.2.2.2.2.2.2.2.1.2.3.2.2.2.2.3.2.2.2.2",0.291177670103487,FALSE,TRUE,38
"2.2.2.2.2.2.2.2.2.2.2.1.3.2.2.2.2.3.2.2.2.2",0.435075663634823,FALSE,TRUE,40
"2.2.2.2.2.2.2.2.2.2.2.2.3.1.2.2.2.3.2.2.2.2",0.421979461348122,FALSE,TRUE,39
"2.2.2.2.2.2.2.2.2.2.2.2.3.2.1.2.2.3.2.2.2.2",0.371975083636871,FALSE,TRUE,39
"2.2.2.2.2.2.2.2.2.2.2.2.3.2.2.1.2.3.2.2.2.2",0.303609727246397,FALSE,TRUE,39
"2.2.2.2.2.2.2.2.2.2.2.2.3.2.2.2.1.3.2.2.2.2",0.363504776119407,FALSE,TRUE,39
"2.2.2.2.2.2.2.2.2.2.2.2.3.2.2.2.2.3.1.2.2.2",0.380847720770371,FALSE,TRUE,39
"2.2.2.2.2.2.2.2.2.2.2.2.3.2.2.2.2.3.2.1.2.2",0.261526718886898,FALSE,TRUE,38
"2.2.2.2.2.2.2.2.2.2.2.2.3.2.2.2.2.3.2.2.1.2",0.399204248678656,FALSE,TRUE,37
"2.2.2.2.2.2.2.2.2.2.2.2.3.2.2.2.2.3.2.2.2.1",0.362153561252726,FALSE,TRUE,39
"2.3.2.2.2.2.2.2.3.2.2.2.2.2.2.3.2.2.2.2.1.2",0.61560015106918,FALSE,TRUE,38
"2.2.3.2.2.2.2.2.3.2.2.2.2.2.2.3.2.2.2.2.1.2",0.554708308964359,FALSE,TRUE,39
"2.2.2.3.2.2.2.2.3.2.2.2.2.2.2.3.2.2.2.2.1.2",0.483513365675995,FALSE,TRUE,39
"2.2.2.2.3.2.2.2.3.2.2.2.2.2.2.3.2.2.2.2.1.2",0.513901808221643,FALSE,TRUE,39
"2.2.2.2.2.3.2.2.3.2.2.2.2.2.2.3.2.2.2.2.1.2",0.507337634096173,FALSE,TRUE,38
"2.2.2.2.2.2.3.2.3.2.2.2.2.2.2.3.2.2.2.2.1.2",0.604912577174666,FALSE,TRUE,38
"2.2.2.2.2.2.2.3.3.2.2.2.2.2.2.3.2.2.2.2.1.2",0.639278877888642,FALSE,TRUE,38
"2.2.2.2.2.2.2.2.4.2.2.2.2.2.2.3.2.2.2.2.1.2",0.514248502604475,FALSE,TRUE,40
"2.2.2.2.2.2.2.2.3.3.2.2.2.2.2.3.2.2.2.2.1.2",0.465145588566796,FALSE,TRUE,38
"2.2.2.2.2.2.2.2.3.2.3.2.2.2.2.3.2.2.2.2.1.2",0.617594807540073,FALSE,TRUE,39
"2.2.2.2.2.2.2.2.3.2.2.3.2.2.2.3.2.2.2.2.1.2",0.434072903097467,FALSE,TRUE,39
"2.2.2.2.2.2.2.2.3.2.2.2.3.2.2.3.2.2.2.2.1.2",0.427586486654235,FALSE,TRUE,39
"2.2.2.2.2.2.2.2.3.2.2.2.2.3.2.3.2.2.2.2.1.2",0.505508188129822,FALSE,TRUE,38
"2.2.2.2.2.2.2.2.3.2.2.2.2.2.3.3.2.2.2.2.1.2",0.594414513452865,FALSE,TRUE,36
"2.2.2.2.2.2.2.2.3.2.2.2.2.2.2.3.3.2.2.2.1.2",0.564655972317035,FALSE,TRUE,39
"2.2.2.2.2.2.2.2.3.2.2.2.2.2.2.3.2.3.2.2.1.2",0.63137080050992,FALSE,TRUE,38
"2.2.2.2.2.2.2.2.3.2.2.2.2.2.2.3.2.2.3.2.1.2",0.495274188589633,FALSE,TRUE,39
"2.2.2.2.2.2.2.2.3.2.2.2.2.2.2.3.2.2.2.3.1.2",0.513793591062461,FALSE,TRUE,39
"2.2.2.2.2.2.2.2.3.2.2.2.2.2.2.3.2.2.2.2.2.2",0.613248976735746,FALSE,TRUE,39
"2.2.2.2.2.2.2.2.3.2.2.2.2.2.2.3.2.2.2.2.1.3",0.618153904250717,FALSE,TRUE,39
"1.2.2.2.2.2.2.2.3.2.2.2.2.2.2.3.2.2.2.2.1.2",0.470208219458061,FALSE,TRUE,39
"2.1.2.2.2.2.2.2.3.2.2.2.2.2.2.3.2.2.2.2.1.2",0.398977823533451,FALSE,TRUE,38
"2.2.1.2.2.2.2.2.3.2.2.2.2.2.2.3.2.2.2.2.1.2",0.421121513268577,FALSE,TRUE,38
"2.2.2.1.2.2.2.2.3.2.2.2.2.2.2.3.2.2.2.2.1.2",0.514674521018751,FALSE,TRUE,36
"2.2.2.2.1.2.2.2.3.2.2.2.2.2.2.3.2.2.2.2.1.2",0.496979668298442,FALSE,TRUE,38
"2.2.2.2.2.1.2.2.3.2.2.2.2.2.2.3.2.2.2.2.1.2",0.489981198520262,FALSE,TRUE,38
"2.2.2.2.2.2.1.2.3.2.2.2.2.2.2.3.2.2.2.2.1.2",0.416068119461611,FALSE,TRUE,38
"2.2.2.2.2.2.2.1.3.2.2.2.2.2.2.3.2.2.2.2.1.2",0.311720895244261,FALSE,TRUE,38
"2.2.2.2.2.2.2.2.3.1.2.2.2.2.2.3.2.2.2.2.1.2",0.522454825102996,FALSE,TRUE,38
"2.2.2.2.2.2.2.2.3.2.1.2.2.2.2.3.2.2.2.2.1.2",0.357155333466678,FALSE,TRUE,38
"2.2.2.2.2.2.2.2.3.2.2.1.2.2.2.3.2.2.2.2.1.2",0.583556909836094,FALSE,TRUE,38
"2.2.2.2.2.2.2.2.3.2.2.2.1.2.2.3.2.2.2.2.1.2",0.617062223300786,FALSE,TRUE,37
"2.2.2.2.2.2.2.2.3.2.2.2.2.1.2.3.2.2.2.2.1.2",0.503393840239309,FALSE,TRUE,38
"2.2.2.2.2.2.2.2.3.2.2.2.2.2.1.3.2.2.2.2.1.2",0.342158910999476,FALSE,TRUE,35
"2.2.2.2.2.2.2.2.3.2.2.2.2.2.2.3.1.2.2.2.1.2",0.388119265313639,FALSE,TRUE,38
"2.2.2.2.2.2.2.2.3.2.2.2.2.2.2.3.2.1.2.2.1.2",0.318319543138941,FALSE,TRUE,36
"2.2.2.2.2.2.2.2.3.2.2.2.2.2.2.3.2.2.1.2.1.2",0.542816562238169,FALSE,TRUE,38
"2.2.2.2.2.2.2.2.3.2.2.2.2.2.2.3.2.2.2.1.1.2",0.463747170455822,FALSE,TRUE,38
"2.2.2.2.2.2.2.2.3.2.2.2.2.2.2.3.2.2.2.2.1.1",0.347949410871821,FALSE,TRUE,38
"3.2.2.2.2.2.2.2.2.2.2.2.2.2.2.2.2.2.2.1.2.1",0.245061329997669,FALSE,TRUE,40
"2.3.2.2.2.2.2.2.2.2.2.2.2.2.2.2.2.2.2.1.2.1",0.240636055294762,FALSE,TRUE,40
"2.2.3.2.2.2.2.2.2.2.2.2.2.2.2.2.2.2.2.1.2.1",0.0856517872293552,FALSE,TRUE,40
"2.2.2.3.2.2.2.2.2.2.2.2.2.2.2.2.2.2.2.1.2.1",0.168725225098787,FALSE,TRUE,40
"2.2.2.2.3.2.2.2.2.2.2.2.2.2.2.2.2.2.2.1.2.1",0.0780741406374796,FALSE,TRUE,40
"2.2.2.2.2.3.2.2.2.2.2.2.2.2.2.2.2.2.2.1.2.1",0.212277240191139,FALSE,TRUE,40
"2.2.2.2.2.2.3.2.2.2.2.2.2.2.2.2.2.2.2.1.2.1",0.1706366388229,FALSE,TRUE,40
"2.2.2.2.2.2.2.3.2.2.2.2.2.2.2.2.2.2.2.1.2.1",0.397983720156227,FALSE,TRUE,40
"2.2.2.2.2.2.2.2.3.2.2.2.2.2.2.2.2.2.2.1.2.1",0.318838156718337,FALSE,TRUE,40
"2.2.2.2.2.2.2.2.2.3.2.2.2.2.2.2.2.2.2.1.2.1",0.206794690529703,FALSE,TRUE,40
"2.2.2.2.2.2.2.2.2.2.3.2.2.2.2.2.2.2.2.1.2.1",0.34963017822715,FALSE,TRUE,40
"2.2.2.2.2.2.2.2.2.2.2.3.2.2.2.2.2.2.2.1.2.1",0.0831924710132994,FALSE,TRUE,40
"2.2.2.2.2.2.2.2.2.2.2.2.3.2.2.2.2.2.2.1.2.1",0.13354267587079,FALSE,TRUE,39
"2.2.2.2.2.2.2.2.2.2.2.2.2.3.2.2.2.2.2.1.2.1",0.128934972923333,FALSE,TRUE,40
"2.2.2.2.2.2.2.2.2.2.2.2.2.2.3.2.2.2.2.1.2.1",0.289885862055482,FALSE,TRUE,40
"2.2.2.2.2.2.2.2.2.2.2.2.2.2.2.3.2.2.2.1.2.1",0.22029273099603,FALSE,TRUE,40
"2.2.2.2.2.2.2.2.2.2.2.2.2.2.2.2.3.2.2.1.2.1",0.250911414474861,FALSE,TRUE,39
"2.2.2.2.2.2.2.2.2.2.2.2.2.2.2.2.2.3.2.1.2.1",0.190864217510383,FALSE,TRUE,40
"2.2.2.2.2.2.2.2.2.2.2.2.2.2.2.2.2.2.3.1.2.1",0.200486010720742,FALSE,TRUE,40
"2.2.2.2.2.2.2.2.2.2.2.2.2.2.2.2.2.2.2.1.3.1",0.249918319901573,FALSE,TRUE,39
"1.2.2.2.2.2.2.2.2.2.2.2.2.2.2.2.2.2.2.1.2.1",0.0130673322387233,FALSE,TRUE,39
"2.1.2.2.2.2.2.2.2.2.2.2.2.2.2.2.2.2.2.1.2.1",0.0389704692009076,FALSE,TRUE,39
"2.2.1.2.2.2.2.2.2.2.2.2.2.2.2.2.2.2.2.1.2.1",0.190144323811421,FALSE,TRUE,39
"2.2.2.1.2.2.2.2.2.2.2.2.2.2.2.2.2.2.2.1.2.1",0.11668801978951,FALSE,TRUE,38
"2.2.2.2.1.2.2.2.2.2.2.2.2.2.2.2.2.2.2.1.2.1",0.190338184510639,FALSE,TRUE,39
"2.2.2.2.2.1.2.2.2.2.2.2.2.2.2.2.2.2.2.1.2.1",0.0622626326010298,FALSE,TRUE,39
"2.2.2.2.2.2.1.2.2.2.2.2.2.2.2.2.2.2.2.1.2.1",0.123126487354908,FALSE,TRUE,39
"2.2.2.2.2.2.2.1.2.2.2.2.2.2.2.2.2.2.2.1.2.1",-0.124250626211316,FALSE,TRUE,39
"2.2.2.2.2.2.2.2.1.2.2.2.2.2.2.2.2.2.2.1.2.1",0.00754544598193245,FALSE,TRUE,39
"2.2.2.2.2.2.2.2.2.1.2.2.2.2.2.2.2.2.2.1.2.1",0.0565218756501215,FALSE,TRUE,38
"2.2.2.2.2.2.2.2.2.2.1.2.2.2.2.2.2.2.2.1.2.1",-0.0325379434794528,FALSE,TRUE,38
"2.2.2.2.2.2.2.2.2.2.2.1.2.2.2.2.2.2.2.1.2.1",0.214685346289529,FALSE,TRUE,39
"2.2.2.2.2.2.2.2.2.2.2.2.1.2.2.2.2.2.2.1.2.1",0.181310140067969,FALSE,TRUE,39
"2.2.2.2.2.2.2.2.2.2.2.2.2.1.2.2.2.2.2.1.2.1",0.142815462558695,FALSE,TRUE,39
"2.2.2.2.2.2.2.2.2.2.2.2.2.2.1.2.2.2.2.1.2.1",-0.00335511034588986,FALSE,TRUE,39
"2.2.2.2.2.2.2.2.2.2.2.2.2.2.2.1.2.2.2.1.2.1",0.0564368712425414,FALSE,TRUE,39
"2.2.2.2.2.2.2.2.2.2.2.2.2.2.2.2.1.2.2.1.2.1",0.0165163009148952,FALSE,TRUE,39
"2.2.2.2.2.2.2.2.2.2.2.2.2.2.2.2.2.1.2.1.2.1",0.082692997896306,FALSE,TRUE,39
"2.2.2.2.2.2.2.2.2.2.2.2.2.2.2.2.2.2.1.1.2.1",0.107108615974577,FALSE,TRUE,39
"2.2.2.2.2.2.2.2.2.2.2.2.2.2.2.2.2.2.2.1.1.1",0.0514196250281186,FALSE,TRUE,38
"3.2.2.2.2.2.2.2.3.2.2.2.2.2.2.4.2.2.2.2.1.2",0.498932670283558,FALSE,TRUE,34
"2.3.2.2.2.2.2.2.3.2.2.2.2.2.2.4.2.2.2.2.1.2",0.584745476556466,FALSE,TRUE,36
"2.2.3.2.2.2.2.2.3.2.2.2.2.2.2.4.2.2.2.2.1.2",0.552252422964041,FALSE,TRUE,36
"2.2.2.3.2.2.2.2.3.2.2.2.2.2.2.4.2.2.2.2.1.2",0.447430347958134,FALSE,TRUE,37
"2.2.2.2.3.2.2.2.3.2.2.2.2.2.2.4.2.2.2.2.1.2",0.516785416816054,FALSE,TRUE,36
"2.2.2.2.2.3.2.2.3.2.2.2.2.2.2.4.2.2.2.2.1.2",0.461085262830297,FALSE,TRUE,34
"2.2.2.2.2.2.3.2.3.2.2.2.2.2.2.4.2.2.2.2.1.2",0.588550290640432,FALSE,TRUE,35
"2.2.2.2.2.2.2.2.4.2.2.2.2.2.2.4.2.2.2.2.1.2",0.481656353770063,FALSE,TRUE,36
"2.2.2.2.2.2.2.2.3.3.2.2.2.2.2.4.2.2.2.2.1.2",0.424904493975065,FALSE,TRUE,36
"2.2.2.2.2.2.2.2.3.2.3.2.2.2.2.4.2.2.2.2.1.2",0.572288514726851,FALSE,TRUE,36
"2.2.2.2.2.2.2.2.3.2.2.3.2.2.2.4.2.2.2.2.1.2",0.417453862899571,FALSE,TRUE,36
"2.2.2.2.2.2.2.2.3.2.2.2.3.2.2.4.2.2.2.2.1.2",0.392875862038183,FALSE,TRUE,35
"2.2.2.2.2.2.2.2.3.2.2.2.2.2.2.5.2.2.2.2.1.2",0.416640873721269,FALSE,TRUE,37
"2.2.2.2.2.2.2.2.3.2.2.2.2.2.2.4.3.2.2.2.1.2",0.552172680054023,FALSE,TRUE,36
"2.2.2.2.2.2.2.2.3.2.2.2.2.2.2.4.2.3.2.2.1.2",0.608313214721351,FALSE,TRUE,35
"2.2.2.2.2.2.2.2.3.2.2.2.2.2.2.4.2.2.3.2.1.2",0.479050782361666,FALSE,TRUE,36
"2.2.2.2.2.2.2.2.3.2.2.2.2.2.2.4.2.2.2.3.1.2",0.50239235291552,FALSE,TRUE,36
"2.2.2.2.2.2.2.2.3.2.2.2.2.2.2.4.2.2.2.2.2.2",0.594157252092941,FALSE,TRUE,37
"2.2.2.2.2.2.2.2.3.2.2.2.2.2.2.4.2.2.2.2.1.3",0.60034183919391,FALSE,TRUE,36
"1.2.2.2.2.2.2.2.3.2.2.2.2.2.2.4.2.2.2.2.1.2",0.425318750632723,FALSE,TRUE,35
"2.1.2.2.2.2.2.2.3.2.2.2.2.2.2.4.2.2.2.2.1.2",0.3840465064308,FALSE,TRUE,35
"2.2.1.2.2.2.2.2.3.2.2.2.2.2.2.4.2.2.2.2.1.2",0.364389376632674,FALSE,TRUE,34
"2.2.2.2.1.2.2.2.3.2.2.2.2.2.2.4.2.2.2.2.1.2",0.440919133054672,FALSE,TRUE,34
"2.2.2.2.2.1.2.2.3.2.2.2.2.2.2.4.2.2.2.2.1.2",0.495504310165598,FALSE,TRUE,35
"2.2.2.2.2.2.1.2.3.2.2.2.2.2.2.4.2.2.2.2.1.2",0.392929836791517,FALSE,TRUE,35
"2.2.2.2.2.2.2.1.3.2.2.2.2.2.2.4.2.2.2.2.1.2",0.287603583785358,FALSE,TRUE,36
"2.2.2.2.2.2.2.2.3.1.2.2.2.2.2.4.2.2.2.2.1.2",0.510128307792519,FALSE,TRUE,35
"2.2.2.2.2.2.2.2.3.2.1.2.2.2.2.4.2.2.2.2.1.2",0.351675644027465,FALSE,TRUE,35
"2.2.2.2.2.2.2.2.3.2.2.1.2.2.2.4.2.2.2.2.1.2",0.548853324835429,FALSE,TRUE,35
"2.2.2.2.2.2.2.2.3.2.2.2.1.2.2.4.2.2.2.2.1.2",0.58876681787048,FALSE,TRUE,35
"2.2.2.2.2.2.2.2.3.2.2.2.2.1.2.4.2.2.2.2.1.2",0.510338030852034,FALSE,TRUE,35
"2.2.2.2.2.2.2.2.3.2.2.2.2.2.2.4.1.2.2.2.1.2",0.353091689153193,FALSE,TRUE,35
"2.2.2.2.2.2.2.2.3.2.2.2.2.2.2.4.2.1.2.2.1.2",0.276497984408674,FALSE,TRUE,34
"2.2.2.2.2.2.2.2.3.2.2.2.2.2.2.4.2.2.1.2.1.2",0.496755190937368,FALSE,TRUE,35
"2.2.2.2.2.2.2.2.3.2.2.2.2.2.2.4.2.2.2.1.1.2",0.424800753253194,FALSE,TRUE,35
"2.2.2.2.2.2.2.2.3.2.2.2.2.2.2.4.2.2.2.2.1.1",0.299515156009896,FALSE,TRUE,35
"3.2.2.2.2.2.2.2.2.2.2.2.2.2.2.2.2.2.2.2.3.2",0.537687511501371,FALSE,TRUE,39
"2.3.2.2.2.2.2.2.2.2.2.2.2.2.2.2.2.2.2.2.3.2",0.495269430636805,FALSE,TRUE,39
"2.2.3.2.2.2.2.2.2.2.2.2.2.2.2.2.2.2.2.2.3.2",0.367724572345032,FALSE,TRUE,39
"2.2.2.3.2.2.2.2.2.2.2.2.2.2.2.2.2.2.2.2.3.2",0.484882910190048,FALSE,TRUE,39
"2.2.2.2.2.3.2.2.2.2.2.2.2.2.2.2.2.2.2.2.3.2",0.47802800866293,FALSE,TRUE,39
"2.2.2.2.2.2.3.2.2.2.2.2.2.2.2.2.2.2.2.2.3.2",0.536189302583055,FALSE,TRUE,39
"2.2.2.2.2.2.2.3.2.2.2.2.2.2.2.2.2.2.2.2.3.2",0.598060118046202,FALSE,TRUE,39
"2.2.2.2.2.2.2.2.3.2.2.2.2.2.2.2.2.2.2.2.3.2",0.524005272523771,FALSE,TRUE,39
"2.2.2.2.2.2.2.2.2.3.2.2.2.2.2.2.2.2.2.2.3.2",0.470137217799429,FALSE,TRUE,39
"2.2.2.2.2.2.2.2.2.2.3.2.2.2.2.2.2.2.2.2.3.2",0.58474741947039,FALSE,TRUE,39
"2.2.2.2.2.2.2.2.2.2.2.3.2.2.2.2.2.2.2.2.3.2",0.462988834394121,FALSE,TRUE,39
"2.2.2.2.2.2.2.2.2.2.2.2.2.3.2.2.2.2.2.2.3.2",0.436525653019749,FALSE,TRUE,39
"2.2.2.2.2.2.2.2.2.2.2.2.2.2.3.2.2.2.2.2.3.2",0.512145064725615,FALSE,TRUE,39
"2.2.2.2.2.2.2.2.2.2.2.2.2.2.2.3.2.2.2.2.3.2",0.556987220897585,FALSE,TRUE,39
"2.2.2.2.2.2.2.2.2.2.2.2.2.2.2.2.2.3.2.2.3.2",0.445595746302738,FALSE,TRUE,39
"2.2.2.2.2.2.2.2.2.2.2.2.2.2.2.2.2.2.3.2.3.2",0.530319514484563,FALSE,TRUE,39
"2.2.2.2.2.2.2.2.2.2.2.2.2.2.2.2.2.2.2.3.3.2",0.574551187259339,FALSE,TRUE,39
"2.2.2.2.2.2.2.2.2.2.2.2.2.2.2.2.2.2.2.2.4.2",0.44870727181905,FALSE,TRUE,40
"2.2.2.2.2.2.2.2.2.2.2.2.2.2.2.2.2.2.2.2.3.3",0.426270550158442,FALSE,TRUE,39
"1.2.2.2.2.2.2.2.2.2.2.2.2.2.2.2.2.2.2.2.3.2",0.374898077501344,FALSE,TRUE,38
"2.1.2.2.2.2.2.2.2.2.2.2.2.2.2.2.2.2.2.2.3.2",0.411681172583503,FALSE,TRUE,38
"2.2.1.2.2.2.2.2.2.2.2.2.2.2.2.2.2.2.2.2.3.2",0.581939319057538,FALSE,TRUE,38
"2.2.2.1.2.2.2.2.2.2.2.2.2.2.2.2.2.2.2.2.3.2",0.463131704126723,FALSE,TRUE,38
"2.2.2.2.2.1.2.2.2.2.2.2.2.2.2.2.2.2.2.2.3.2",0.439324802347597,FALSE,TRUE,38
"2.2.2.2.2.2.1.2.2.2.2.2.2.2.2.2.2.2.2.2.3.2",0.398476059452818,FALSE,TRUE,37
"2.2.2.2.2.2.2.1.2.2.2.2.2.2.2.2.2.2.2.2.3.2",0.302475300817935,FALSE,TRUE,38
"2.2.2.2.2.2.2.2.1.2.2.2.2.2.2.2.2.2.2.2.3.2",0.434393318642002,FALSE,TRUE,38
"2.2.2.2.2.2.2.2.2.1.2.2.2.2.2.2.2.2.2.2.3.2",0.46195314089184,FALSE,TRUE,37
"2.2.2.2.2.2.2.2.2.2.2.1.2.2.2.2.2.2.2.2.3.2",0.482962863111062,FALSE,TRUE,38
"2.2.2.2.2.2.2.2.2.2.2.2.1.2.2.2.2.2.2.2.3.2",0.531114072840296,FALSE,TRUE,38
"2.2.2.2.2.2.2.2.2.2.2.2.2.1.2.2.2.2.2.2.3.2",0.493120508683221,FALSE,TRUE,38
"2.2.2.2.2.2.2.2.2.2.2.2.2.2.1.2.2.2.2.2.3.2",0.406559745929928,FALSE,TRUE,38
"2.2.2.2.2.2.2.2.2.2.2.2.2.2.2.1.2.2.2.2.3.2",0.379785827049536,FALSE,TRUE,38
"2.2.2.2.2.2.2.2.2.2.2.2.2.2.2.2.1.2.2.2.3.2",0.385780777545472,FALSE,TRUE,38
"2.2.2.2.2.2.2.2.2.2.2.2.2.2.2.2.2.2.1.2.3.2",0.453461052213074,FALSE,TRUE,37
"2.2.2.2.2.2.2.2.2.2.2.2.2.2.2.2.2.2.2.2.3.1",0.476634015169088,FALSE,TRUE,37
"3.2.2.2.2.2.2.3.3.2.2.2.2.2.2.4.2.2.2.2.1.2",0.544316203395448,FALSE,TRUE,39
"2.3.2.2.2.2.2.3.3.2.2.2.2.2.2.4.2.2.2.2.1.2",0.65126342164759,FALSE,TRUE,40
"2.2.3.2.2.2.2.3.3.2.2.2.2.2.2.4.2.2.2.2.1.2",0.639314045906055,FALSE,TRUE,40
"2.2.2.3.2.2.2.3.3.2.2.2.2.2.2.4.2.2.2.2.1.2",0.502207009913328,FALSE,TRUE,41
"2.2.2.2.3.2.2.3.3.2.2.2.2.2.2.4.2.2.2.2.1.2",0.623869422786611,FALSE,TRUE,40
"2.2.2.2.2.3.2.3.3.2.2.2.2.2.2.4.2.2.2.2.1.2",0.501873721447389,FALSE,TRUE,39
"2.2.2.2.2.2.3.3.3.2.2.2.2.2.2.4.2.2.2.2.1.2",0.670542933946478,FALSE,TRUE,39
"2.2.2.2.2.2.2.4.3.2.2.2.2.2.2.4.2.2.2.2.1.2",0.578996177982491,FALSE,TRUE,41
"2.2.2.2.2.2.2.3.4.2.2.2.2.2.2.4.2.2.2.2.1.2",0.531624874687489,FALSE,TRUE,40
"2.2.2.2.2.2.2.3.3.3.2.2.2.2.2.4.2.2.2.2.1.2",0.448988651634759,FALSE,TRUE,39
"2.2.2.2.2.2.2.3.3.2.3.2.2.2.2.4.2.2.2.2.1.2",0.608732316559845,FALSE,TRUE,40
"2.2.2.2.2.2.2.3.3.2.2.3.2.2.2.4.2.2.2.2.1.2",0.521742928659548,FALSE,TRUE,40
"2.2.2.2.2.2.2.3.3.2.2.2.3.2.2.4.2.2.2.2.1.2",0.47889440426278,FALSE,TRUE,40
"2.2.2.2.2.2.2.3.3.2.2.2.2.3.2.4.2.2.2.2.1.2",0.49285792226898,FALSE,TRUE,39
"2.2.2.2.2.2.2.3.3.2.2.2.2.2.3.4.2.2.2.2.1.2",0.615912246867034,FALSE,TRUE,38
"2.2.2.2.2.2.2.3.3.2.2.2.2.2.2.5.2.2.2.2.1.2",0.501391568484628,FALSE,TRUE,40
"2.2.2.2.2.2.2.3.3.2.2.2.2.2.2.4.3.2.2.2.1.2",0.572302060983764,FALSE,TRUE,40
"2.2.2.2.2.2.2.3.3.2.2.2.2.2.2.4.2.3.2.2.1.2",0.616841590644386,FALSE,TRUE,40
"2.2.2.2.2.2.2.3.3.2.2.2.2.2.2.4.2.2.3.2.1.2",0.570086370524858,FALSE,TRUE,40
"2.2.2.2.2.2.2.3.3.2.2.2.2.2.2.4.2.2.2.3.1.2",0.546005723784774,FALSE,TRUE,40
"2.2.2.2.2.2.2.3.3.2.2.2.2.2.2.4.2.2.2.2.2.2",0.621817865737293,FALSE,TRUE,41
"2.2.2.2.2.2.2.3.3.2.2.2.2.2.2.4.2.2.2.2.1.3",0.625800355342947,FALSE,TRUE,40
"1.2.2.2.2.2.2.3.3.2.2.2.2.2.2.4.2.2.2.2.1.2",0.551245755325027,FALSE,TRUE,39
"2.1.2.2.2.2.2.3.3.2.2.2.2.2.2.4.2.2.2.2.1.2",0.489825243750915,FALSE,TRUE,39
"2.2.1.2.2.2.2.3.3.2.2.2.2.2.2.4.2.2.2.2.1.2",0.46303278819366,FALSE,TRUE,39
"2.2.2.2.1.2.2.3.3.2.2.2.2.2.2.4.2.2.2.2.1.2",0.513169458291086,FALSE,TRUE,39
"2.2.2.2.2.1.2.3.3.2.2.2.2.2.2.4.2.2.2.2.1.2",0.618705315107658,FALSE,TRUE,39
"2.2.2.2.2.2.1.3.3.2.2.2.2.2.2.4.2.2.2.2.1.2",0.475002021662013,FALSE,TRUE,39
"2.2.2.2.2.2.2.3.2.2.2.2.2.2.2.4.2.2.2.2.1.2",0.584378936602114,FALSE,TRUE,39
"2.2.2.2.2.2.2.3.3.1.2.2.2.2.2.4.2.2.2.2.1.2",0.67738397389088,FALSE,TRUE,39
"2.2.2.2.2.2.2.3.3.2.1.2.2.2.2.4.2.2.2.2.1.2",0.499646693589209,FALSE,TRUE,39
"2.2.2.2.2.2.2.3.3.2.2.1.2.2.2.4.2.2.2.2.1.2",0.617679333342121,FALSE,TRUE,39
"2.2.2.2.2.2.2.3.3.2.2.2.1.2.2.4.2.2.2.2.1.2",0.68365391465853,FALSE,TRUE,39
"2.2.2.2.2.2.2.3.3.2.2.2.2.1.2.4.2.2.2.2.1.2",0.630463688554631,FALSE,TRUE,39
"2.2.2.2.2.2.2.3.3.2.2.2.2.2.1.4.2.2.2.2.1.2",0.446460830306426,FALSE,TRUE,36
"2.2.2.2.2.2.2.3.3.2.2.2.2.2.2.4.1.2.2.2.1.2",0.509846652100802,FALSE,TRUE,39
"2.2.2.2.2.2.2.3.3.2.2.2.2.2.2.4.2.1.2.2.1.2",0.424558258267338,FALSE,TRUE,38
"2.2.2.2.2.2.2.3.3.2.2.2.2.2.2.4.2.2.1.2.1.2",0.591550774182098,FALSE,TRUE,39
"2.2.2.2.2.2.2.3.3.2.2.2.2.2.2.4.2.2.2.1.1.2",0.551649590599315,FALSE,TRUE,39
"2.2.2.2.2.2.2.3.3.2.2.2.2.2.2.4.2.2.2.2.1.1",0.450592799697485,FALSE,TRUE,39
"3.2.2.2.2.2.2.2.3.2.2.2.2.2.1.4.2.2.2.2.1.2",0.329817906068223,FALSE,TRUE,36
"2.3.2.2.2.2.2.2.3.2.2.2.2.2.1.4.2.2.2.2.1.2",0.359701780782277,FALSE,TRUE,37
"2.2.3.2.2.2.2.2.3.2.2.2.2.2.1.4.2.2.2.2.1.2",0.37248889304994,FALSE,TRUE,37
"2.2.2.3.2.2.2.2.3.2.2.2.2.2.1.4.2.2.2.2.1.2",0.30035576822604,FALSE,TRUE,37
"2.2.2.2.3.2.2.2.3.2.2.2.2.2.1.4.2.2.2.2.1.2",0.312517886308243,FALSE,TRUE,37
"2.2.2.2.2.3.2.2.3.2.2.2.2.2.1.4.2.2.2.2.1.2",0.275915549411182,FALSE,TRUE,37
"2.2.2.2.2.2.2.2.4.2.2.2.2.2.1.4.2.2.2.2.1.2",0.330989258565144,FALSE,TRUE,37
"2.2.2.2.2.2.2.2.3.3.2.2.2.2.1.4.2.2.2.2.1.2",0.277885562002647,FALSE,TRUE,37
"2.2.2.2.2.2.2.2.3.2.3.2.2.2.1.4.2.2.2.2.1.2",0.384322974718368,FALSE,TRUE,37
"2.2.2.2.2.2.2.2.3.2.2.3.2.2.1.4.2.2.2.2.1.2",0.212785307603225,FALSE,TRUE,37
"2.2.2.2.2.2.2.2.3.2.2.2.3.2.1.4.2.2.2.2.1.2",0.208239554863469,FALSE,TRUE,37
"2.2.2.2.2.2.2.2.3.2.2.2.2.2.1.5.2.2.2.2.1.2",0.205158005390426,FALSE,TRUE,37
"2.2.2.2.2.2.2.2.3.2.2.2.2.2.1.4.3.2.2.2.1.2",0.410844045335517,FALSE,TRUE,37
"2.2.2.2.2.2.2.2.3.2.2.2.2.2.1.4.2.3.2.2.1.2",0.416502303836454,FALSE,TRUE,38
"2.2.2.2.2.2.2.2.3.2.2.2.2.2.1.4.2.2.3.2.1.2",0.272000829444329,FALSE,TRUE,37
"2.2.2.2.2.2.2.2.3.2.2.2.2.2.1.4.2.2.2.3.1.2",0.333138541682138,FALSE,TRUE,37
"2.2.2.2.2.2.2.2.3.2.2.2.2.2.1.4.2.2.2.2.2.2",0.375111470960914,FALSE,TRUE,38
"2.2.2.2.2.2.2.2.3.2.2.2.2.2.1.4.2.2.2.2.1.3",0.391843963492768,FALSE,TRUE,37
"1.2.2.2.2.2.2.2.3.2.2.2.2.2.1.4.2.2.2.2.1.2",0.189549912439449,FALSE,TRUE,36
"2.1.2.2.2.2.2.2.3.2.2.2.2.2.1.4.2.2.2.2.1.2",0.199767127825747,FALSE,TRUE,36
"2.2.1.2.2.2.2.2.3.2.2.2.2.2.1.4.2.2.2.2.1.2",0.164587309796414,FALSE,TRUE,36
"2.2.2.1.2.2.2.2.3.2.2.2.2.2.1.4.2.2.2.2.1.2",0.207959602448847,FALSE,TRUE,35
"2.2.2.2.1.2.2.2.3.2.2.2.2.2.1.4.2.2.2.2.1.2",0.227849773243705,FALSE,TRUE,36
"2.2.2.2.2.1.2.2.3.2.2.2.2.2.1.4.2.2.2.2.1.2",0.244657083722095,FALSE,TRUE,36
"2.2.2.2.2.2.1.2.3.2.2.2.2.2.1.4.2.2.2.2.1.2",0.175273741142992,FALSE,TRUE,37
"2.2.2.2.2.2.2.1.3.2.2.2.2.2.1.4.2.2.2.2.1.2",0.0133054965246894,FALSE,TRUE,36
"2.2.2.2.2.2.2.2.2.2.2.2.2.2.1.4.2.2.2.2.1.2",0.184177735369192,FALSE,TRUE,36
"2.2.2.2.2.2.2.2.3.1.2.2.2.2.1.4.2.2.2.2.1.2",0.220411236305237,FALSE,TRUE,36
"2.2.2.2.2.2.2.2.3.2.1.2.2.2.1.4.2.2.2.2.1.2",0.152736142272686,FALSE,TRUE,36
"2.2.2.2.2.2.2.2.3.2.2.1.2.2.1.4.2.2.2.2.1.2",0.325670019587723,FALSE,TRUE,36
"2.2.2.2.2.2.2.2.3.2.2.2.1.2.1.4.2.2.2.2.1.2",0.360084752162598,FALSE,TRUE,36
"2.2.2.2.2.2.2.2.3.2.2.2.2.1.1.4.2.2.2.2.1.2",0.290826664725143,FALSE,TRUE,37
"2.2.2.2.2.2.2.2.3.2.2.2.2.2.1.4.1.2.2.2.1.2",0.0653773470188667,FALSE,TRUE,36
"2.2.2.2.2.2.2.2.3.2.2.2.2.2.1.4.2.2.1.2.1.2",0.285193405035379,FALSE,TRUE,36
"2.2.2.2.2.2.2.2.3.2.2.2.2.2.1.4.2.2.2.1.1.2",0.190366314682512,FALSE,TRUE,36
"2.2.2.2.2.2.2.2.3.2.2.2.2.2.1.4.2.2.2.2.1.1",0.08365275104861,FALSE,TRUE,36
"3.2.2.2.2.2.2.2.2.2.2.2.2.2.2.3.2.1.2.2.1.2",0.320168650597692,FALSE,TRUE,38
"2.2.3.2.2.2.2.2.2.2.2.2.2.2.2.3.2.1.2.2.1.2",0.345264015691048,FALSE,TRUE,39
"2.2.2.3.2.2.2.2.2.2.2.2.2.2.2.3.2.1.2.2.1.2",0.285098244344399,FALSE,TRUE,39
"2.2.2.2.3.2.2.2.2.2.2.2.2.2.2.3.2.1.2.2.1.2",0.288764811124041,FALSE,TRUE,39
"2.2.2.2.2.3.2.2.2.2.2.2.2.2.2.3.2.1.2.2.1.2",0.269608066072379,FALSE,TRUE,39
"2.2.2.2.2.2.3.2.2.2.2.2.2.2.2.3.2.1.2.2.1.2",0.351717851643697,FALSE,TRUE,39
"2.2.2.2.2.2.2.3.2.2.2.2.2.2.2.3.2.1.2.2.1.2",0.472961962322184,FALSE,TRUE,39
"2.2.2.2.2.2.2.2.2.3.2.2.2.2.2.3.2.1.2.2.1.2",0.29570893217448,FALSE,TRUE,39
"2.2.2.2.2.2.2.2.2.2.3.2.2.2.2.3.2.1.2.2.1.2",0.3640640436745,FALSE,TRUE,39
"2.2.2.2.2.2.2.2.2.2.2.3.2.2.2.3.2.1.2.2.1.2",0.199063267443465,FALSE,TRUE,39
"2.2.2.2.2.2.2.2.2.2.2.2.3.2.2.3.2.1.2.2.1.2",0.185465087194507,FALSE,TRUE,39
"2.2.2.2.2.2.2.2.2.2.2.2.2.3.2.3.2.1.2.2.1.2",0.246586791996459,FALSE,TRUE,39
"2.2.2.2.2.2.2.2.2.2.2.2.2.2.3.3.2.1.2.2.1.2",0.444624110267319,FALSE,TRUE,39
"2.2.2.2.2.2.2.2.2.2.2.2.2.2.2.4.2.1.2.2.1.2",0.22373830989167,FALSE,TRUE,37
"2.2.2.2.2.2.2.2.2.2.2.2.2.2.2.3.3.1.2.2.1.2",0.397941252560588,FALSE,TRUE,39
"2.2.2.2.2.2.2.2.2.2.2.2.2.2.2.3.2.1.3.2.1.2",0.266240115925582,FALSE,TRUE,39
"2.2.2.2.2.2.2.2.2.2.2.2.2.2.2.3.2.1.2.3.1.2",0.304567968687233,FALSE,TRUE,39
"2.2.2.2.2.2.2.2.2.2.2.2.2.2.2.3.2.1.2.2.2.2",0.404715806899624,FALSE,TRUE,38
"2.2.2.2.2.2.2.2.2.2.2.2.2.2.2.3.2.1.2.2.1.3",0.40780402484938,FALSE,TRUE,39
"1.2.2.2.2.2.2.2.2.2.2.2.2.2.2.3.2.1.2.2.1.2",0.18279252374635,FALSE,TRUE,38
"2.1.2.2.2.2.2.2.2.2.2.2.2.2.2.3.2.1.2.2.1.2",0.141741490939163,FALSE,TRUE,39
"2.2.1.2.2.2.2.2.2.2.2.2.2.2.2.3.2.1.2.2.1.2",0.161582156685162,FALSE,TRUE,38
"2.2.2.1.2.2.2.2.2.2.2.2.2.2.2.3.2.1.2.2.1.2",0.193334106398059,FALSE,TRUE,38
"2.2.2.2.1.2.2.2.2.2.2.2.2.2.2.3.2.1.2.2.1.2",0.213656997464013,FALSE,TRUE,38
"2.2.2.2.2.1.2.2.2.2.2.2.2.2.2.3.2.1.2.2.1.2",0.256513540819462,FALSE,TRUE,38
"2.2.2.2.2.2.1.2.2.2.2.2.2.2.2.3.2.1.2.2.1.2",0.19053133965438,FALSE,TRUE,38
"2.2.2.2.2.2.2.1.2.2.2.2.2.2.2.3.2.1.2.2.1.2",0.00878122381795272,FALSE,TRUE,38
"2.2.2.2.2.2.2.2.1.2.2.2.2.2.2.3.2.1.2.2.1.2",0.171748004031344,FALSE,TRUE,38
"2.2.2.2.2.2.2.2.2.1.2.2.2.2.2.3.2.1.2.2.1.2",0.204122431675809,FALSE,TRUE,38
"2.2.2.2.2.2.2.2.2.2.1.2.2.2.2.3.2.1.2.2.1.2",0.154724538363852,FALSE,TRUE,38
"2.2.2.2.2.2.2.2.2.2.2.1.2.2.2.3.2.1.2.2.1.2",0.317701161695,FALSE,TRUE,38
"2.2.2.2.2.2.2.2.2.2.2.2.1.2.2.3.2.1.2.2.1.2",0.344614145737122,FALSE,TRUE,38
"2.2.2.2.2.2.2.2.2.2.2.2.2.1.2.3.2.1.2.2.1.2",0.267286790990689,FALSE,TRUE,38
"2.2.2.2.2.2.2.2.2.2.2.2.2.2.1.3.2.1.2.2.1.2",0.0158668067076962,FALSE,TRUE,36
"2.2.2.2.2.2.2.2.2.2.2.2.2.2.2.3.1.1.2.2.1.2",0.0906415139844354,FALSE,TRUE,38
"2.2.2.2.2.2.2.2.2.2.2.2.2.2.2.3.2.1.1.2.1.2",0.271016504874318,FALSE,TRUE,38
"2.2.2.2.2.2.2.2.2.2.2.2.2.2.2.3.2.1.2.1.1.2",0.161877999744029,FALSE,TRUE,38
"2.2.2.2.2.2.2.2.2.2.2.2.2.2.2.3.2.1.2.2.1.1",0.0937511144232666,FALSE,TRUE,38
"3.2.2.2.2.2.1.2.2.2.2.2.2.2.2.2.3.2.2.2.2.2",0.405235595102682,FALSE,TRUE,40
"2.3.2.2.2.2.1.2.2.2.2.2.2.2.2.2.3.2.2.2.2.2",0.522842804671178,FALSE,TRUE,40
"2.2.3.2.2.2.1.2.2.2.2.2.2.2.2.2.3.2.2.2.2.2",0.371308376950759,FALSE,TRUE,40
"2.2.2.3.2.2.1.2.2.2.2.2.2.2.2.2.3.2.2.2.2.2",0.386034459833968,FALSE,TRUE,40
"2.2.2.2.3.2.1.2.2.2.2.2.2.2.2.2.3.2.2.2.2.2",0.389776593760169,FALSE,TRUE,40
"2.2.2.2.2.3.1.2.2.2.2.2.2.2.2.2.3.2.2.2.2.2",0.400468288618208,FALSE,TRUE,40
"2.2.2.2.2.2.1.3.2.2.2.2.2.2.2.2.3.2.2.2.2.2",0.500544663727599,FALSE,TRUE,40
"2.2.2.2.2.2.1.2.3.2.2.2.2.2.2.2.3.2.2.2.2.2",0.454230220470129,FALSE,TRUE,40
"2.2.2.2.2.2.1.2.2.3.2.2.2.2.2.2.3.2.2.2.2.2",0.339546012290997,FALSE,TRUE,40
"2.2.2.2.2.2.1.2.2.2.3.2.2.2.2.2.3.2.2.2.2.2",0.487284234512765,FALSE,TRUE,40
"2.2.2.2.2.2.1.2.2.2.2.3.2.2.2.2.3.2.2.2.2.2",0.325978389878227,FALSE,TRUE,40
"2.2.2.2.2.2.1.2.2.2.2.2.3.2.2.2.3.2.2.2.2.2",0.320949774782893,FALSE,TRUE,39
"2.2.2.2.2.2.1.2.2.2.2.2.2.3.2.2.3.2.2.2.2.2",0.3906941984349,FALSE,TRUE,40
"2.2.2.2.2.2.1.2.2.2.2.2.2.2.3.2.3.2.2.2.2.2",0.408156408796322,FALSE,TRUE,40
"2.2.2.2.2.2.1.2.2.2.2.2.2.2.2.3.3.2.2.2.2.2",0.496384293593848,FALSE,TRUE,40
"2.2.2.2.2.2.1.2.2.2.2.2.2.2.2.2.4.2.2.2.2.2",0.371273028430951,FALSE,TRUE,40
"2.2.2.2.2.2.1.2.2.2.2.2.2.2.2.2.3.3.2.2.2.2",0.399569500351146,FALSE,TRUE,41
"2.2.2.2.2.2.1.2.2.2.2.2.2.2.2.2.3.2.3.2.2.2",0.443740962411392,FALSE,TRUE,40
"2.2.2.2.2.2.1.2.2.2.2.2.2.2.2.2.3.2.2.3.2.2",0.445048179922798,FALSE,TRUE,40
"2.2.2.2.2.2.1.2.2.2.2.2.2.2.2.2.3.2.2.2.3.2",0.437154708319683,FALSE,TRUE,39
"2.2.2.2.2.2.1.2.2.2.2.2.2.2.2.2.3.2.2.2.2.3",0.439100139123586,FALSE,TRUE,40
"1.2.2.2.2.2.1.2.2.2.2.2.2.2.2.2.3.2.2.2.2.2",0.359615176429968,FALSE,TRUE,39
"2.1.2.2.2.2.1.2.2.2.2.2.2.2.2.2.3.2.2.2.2.2",0.256466787140403,FALSE,TRUE,39
"2.2.1.2.2.2.1.2.2.2.2.2.2.2.2.2.3.2.2.2.2.2",0.42788416329966,FALSE,TRUE,39
"2.2.2.1.2.2.1.2.2.2.2.2.2.2.2.2.3.2.2.2.2.2",0.401994347997135,FALSE,TRUE,38
"2.2.2.2.1.2.1.2.2.2.2.2.2.2.2.2.3.2.2.2.2.2",0.402773365525544,FALSE,TRUE,39
"2.2.2.2.2.1.1.2.2.2.2.2.2.2.2.2.3.2.2.2.2.2",0.382893853823428,FALSE,TRUE,39
"2.2.2.2.2.2.1.1.2.2.2.2.2.2.2.2.3.2.2.2.2.2",0.254101504030308,FALSE,TRUE,39
"2.2.2.2.2.2.1.2.1.2.2.2.2.2.2.2.3.2.2.2.2.2",0.342851641178802,FALSE,TRUE,39
"2.2.2.2.2.2.1.2.2.1.2.2.2.2.2.2.3.2.2.2.2.2",0.443844234986956,FALSE,TRUE,38
"2.2.2.2.2.2.1.2.2.2.1.2.2.2.2.2.3.2.2.2.2.2",0.311667553702915,FALSE,TRUE,38
"2.2.2.2.2.2.1.2.2.2.2.1.2.2.2.2.3.2.2.2.2.2",0.471949922389804,FALSE,TRUE,39
"2.2.2.2.2.2.1.2.2.2.2.2.1.2.2.2.3.2.2.2.2.2",0.511966379694297,FALSE,TRUE,39
"2.2.2.2.2.2.1.2.2.2.2.2.2.1.2.2.3.2.2.2.2.2",0.401387064487917,FALSE,TRUE,39
"2.2.2.2.2.2.1.2.2.2.2.2.2.2.1.2.3.2.2.2.2.2",0.345013172601881,FALSE,TRUE,39
"2.2.2.2.2.2.1.2.2.2.2.2.2.2.2.1.3.2.2.2.2.2",0.292218869355985,FALSE,TRUE,39
"2.2.2.2.2.2.1.2.2.2.2.2.2.2.2.2.3.2.1.2.2.2",0.394371929266792,FALSE,TRUE,39
"2.2.2.2.2.2.1.2.2.2.2.2.2.2.2.2.3.2.2.1.2.2",0.313434961963051,FALSE,TRUE,38
"2.2.2.2.2.2.1.2.2.2.2.2.2.2.2.2.3.2.2.2.1.2",0.356624821786067,FALSE,TRUE,38
"2.2.2.2.2.2.1.2.2.2.2.2.2.2.2.2.3.2.2.2.2.1",0.340058078601958,FALSE,TRUE,39
"3.2.2.2.3.2.2.2.2.2.2.2.2.2.2.2.2.2.2.2.3.2",0.496636971638381,FALSE,TRUE,41
"2.3.2.2.3.2.2.2.2.2.2.2.2.2.2.2.2.2.2.2.3.2",0.393179322009604,FALSE,TRUE,41
"2.2.3.2.3.2.2.2.2.2.2.2.2.2.2.2.2.2.2.2.3.2",0.231880241673012,FALSE,TRUE,41
"2.2.2.3.3.2.2.2.2.2.2.2.2.2.2.2.2.2.2.2.3.2",0.400165980939792,FALSE,TRUE,41
"2.2.2.2.4.2.2.2.2.2.2.2.2.2.2.2.2.2.2.2.3.2",0.284168442080926,FALSE,TRUE,42
"2.2.2.2.3.3.2.2.2.2.2.2.2.2.2.2.2.2.2.2.3.2",0.430141618321221,FALSE,TRUE,41
"2.2.2.2.3.2.3.2.2.2.2.2.2.2.2.2.2.2.2.2.3.2",0.408059233866864,FALSE,TRUE,41
"2.2.2.2.3.2.2.3.2.2.2.2.2.2.2.2.2.2.2.2.3.2",0.528715078472055,FALSE,TRUE,41
"2.2.2.2.3.2.2.2.3.2.2.2.2.2.2.2.2.2.2.2.3.2",0.475206720237963,FALSE,TRUE,41
"2.2.2.2.3.2.2.2.2.3.2.2.2.2.2.2.2.2.2.2.3.2",0.425932322075469,FALSE,TRUE,41
"2.2.2.2.3.2.2.2.2.2.3.2.2.2.2.2.2.2.2.2.3.2",0.56288346619954,FALSE,TRUE,41
"2.2.2.2.3.2.2.2.2.2.2.3.2.2.2.2.2.2.2.2.3.2",0.396508931158687,FALSE,TRUE,41
"2.2.2.2.3.2.2.2.2.2.2.2.3.2.2.2.2.2.2.2.3.2",0.403748765596654,FALSE,TRUE,40
"2.2.2.2.3.2.2.2.2.2.2.2.2.3.2.2.2.2.2.2.3.2",0.389133672317649,FALSE,TRUE,41
"2.2.2.2.3.2.2.2.2.2.2.2.2.2.3.2.2.2.2.2.3.2",0.386650704006378,FALSE,TRUE,41
"2.2.2.2.3.2.2.2.2.2.2.2.2.2.2.3.2.2.2.2.3.2",0.503592222044147,FALSE,TRUE,41
"2.2.2.2.3.2.2.2.2.2.2.2.2.2.2.2.3.2.2.2.3.2",0.434472367333615,FALSE,TRUE,40
"2.2.2.2.3.2.2.2.2.2.2.2.2.2.2.2.2.3.2.2.3.2",0.36168098007121,FALSE,TRUE,42
"2.2.2.2.3.2.2.2.2.2.2.2.2.2.2.2.2.2.3.2.3.2",0.459764230268174,FALSE,TRUE,41
"2.2.2.2.3.2.2.2.2.2.2.2.2.2.2.2.2.2.2.3.3.2",0.521343402183799,FALSE,TRUE,41
"2.2.2.2.3.2.2.2.2.2.2.2.2.2.2.2.2.2.2.2.4.2",0.38171226719902,FALSE,TRUE,41
"2.2.2.2.3.2.2.2.2.2.2.2.2.2.2.2.2.2.2.2.3.3",0.369832432477986,FALSE,TRUE,41
"1.2.2.2.3.2.2.2.2.2.2.2.2.2.2.2.2.2.2.2.3.2",0.289101156625365,FALSE,TRUE,40
"2.1.2.2.3.2.2.2.2.2.2.2.2.2.2.2.2.2.2.2.3.2",0.35968647587297,FALSE,TRUE,40
"2.2.1.2.3.2.2.2.2.2.2.2.2.2.2.2.2.2.2.2.3.2",0.585148713812709,FALSE,TRUE,40
"2.2.2.1.3.2.2.2.2.2.2.2.2.2.2.2.2.2.2.2.3.2",0.406960495154074,FALSE,TRUE,39
"2.2.2.2.3.1.2.2.2.2.2.2.2.2.2.2.2.2.2.2.3.2",0.329073714033728,FALSE,TRUE,40
"2.2.2.2.3.2.1.2.2.2.2.2.2.2.2.2.2.2.2.2.3.2",0.36956954671373,FALSE,TRUE,40
"2.2.2.2.3.2.2.1.2.2.2.2.2.2.2.2.2.2.2.2.3.2",0.233061333510173,FALSE,TRUE,40
"2.2.2.2.3.2.2.2.1.2.2.2.2.2.2.2.2.2.2.2.3.2",0.342546808252132,FALSE,TRUE,40
"2.2.2.2.3.2.2.2.2.1.2.2.2.2.2.2.2.2.2.2.3.2",0.366665910331013,FALSE,TRUE,39
"2.2.2.2.3.2.2.2.2.2.1.2.2.2.2.2.2.2.2.2.3.2",0.254916650537563,FALSE,TRUE,39
"2.2.2.2.3.2.2.2.2.2.2.1.2.2.2.2.2.2.2.2.3.2",0.394641755195881,FALSE,TRUE,40
"2.2.2.2.3.2.2.2.2.2.2.2.1.2.2.2.2.2.2.2.3.2",0.40851020013076,FALSE,TRUE,40
"2.2.2.2.3.2.2.2.2.2.2.2.2.1.2.2.2.2.2.2.3.2",0.392850503362147,FALSE,TRUE,40
"2.2.2.2.3.2.2.2.2.2.2.2.2.2.1.2.2.2.2.2.3.2",0.396239994856259,FALSE,TRUE,40
"2.2.2.2.3.2.2.2.2.2.2.2.2.2.2.1.2.2.2.2.3.2",0.292052184771473,FALSE,TRUE,40
"2.2.2.2.3.2.2.2.2.2.2.2.2.2.2.2.1.2.2.2.3.2",0.339726745203046,FALSE,TRUE,40
"2.2.2.2.3.2.2.2.2.2.2.2.2.2.2.2.2.2.1.2.3.2",0.370328852795295,FALSE,TRUE,40
"2.2.2.2.3.2.2.2.2.2.2.2.2.2.2.2.2.2.2.1.3.2",0.221129551153006,FALSE,TRUE,39
"2.2.2.2.3.2.2.2.2.2.2.2.2.2.2.2.2.2.2.2.3.1",0.393809954244594,FALSE,TRUE,40
"3.2.2.2.2.2.1.2.2.2.2.2.2.2.2.2.3.1.2.2.2.2",0.342456796517314,FALSE,TRUE,39
"2.3.2.2.2.2.1.2.2.2.2.2.2.2.2.2.3.1.2.2.2.2",0.430333814209536,FALSE,TRUE,39
"2.2.3.2.2.2.1.2.2.2.2.2.2.2.2.2.3.1.2.2.2.2",0.343252273203731,FALSE,TRUE,39
"2.2.2.3.2.2.1.2.2.2.2.2.2.2.2.2.3.1.2.2.2.2",0.344590357648674,FALSE,TRUE,39
"2.2.2.2.3.2.1.2.2.2.2.2.2.2.2.2.3.1.2.2.2.2",0.364132552470192,FALSE,TRUE,39
"2.2.2.2.2.3.1.2.2.2.2.2.2.2.2.2.3.1.2.2.2.2",0.319752733934523,FALSE,TRUE,39
"2.2.2.2.2.2.1.3.2.2.2.2.2.2.2.2.3.1.2.2.2.2",0.454208761759556,FALSE,TRUE,39
"2.2.2.2.2.2.1.2.3.2.2.2.2.2.2.2.3.1.2.2.2.2",0.335110495463855,FALSE,TRUE,39
"2.2.2.2.2.2.1.2.2.3.2.2.2.2.2.2.3.1.2.2.2.2",0.304265775501196,FALSE,TRUE,39
"2.2.2.2.2.2.1.2.2.2.3.2.2.2.2.2.3.1.2.2.2.2",0.37956168497514,FALSE,TRUE,39
"2.2.2.2.2.2.1.2.2.2.2.3.2.2.2.2.3.1.2.2.2.2",0.282386524716717,FALSE,TRUE,39
"2.2.2.2.2.2.1.2.2.2.2.2.3.2.2.2.3.1.2.2.2.2",0.254499283802939,FALSE,TRUE,39
"2.2.2.2.2.2.1.2.2.2.2.2.2.3.2.2.3.1.2.2.2.2",0.321260456671733,FALSE,TRUE,39
"2.2.2.2.2.2.1.2.2.2.2.2.2.2.3.2.3.1.2.2.2.2",0.389049825474286,FALSE,TRUE,39
"2.2.2.2.2.2.1.2.2.2.2.2.2.2.2.3.3.1.2.2.2.2",0.385814495457755,FALSE,TRUE,39
"2.2.2.2.2.2.1.2.2.2.2.2.2.2.2.2.4.1.2.2.2.2",0.362024706661673,FALSE,TRUE,39
"2.2.2.2.2.2.1.2.2.2.2.2.2.2.2.2.3.1.3.2.2.2",0.357593039435964,FALSE,TRUE,39
"2.2.2.2.2.2.1.2.2.2.2.2.2.2.2.2.3.1.2.3.2.2",0.34323567197213,FALSE,TRUE,40
"2.2.2.2.2.2.1.2.2.2.2.2.2.2.2.2.3.1.2.2.3.2",0.382677572448094,FALSE,TRUE,37
"2.2.2.2.2.2.1.2.2.2.2.2.2.2.2.2.3.1.2.2.2.3",0.367839789615432,FALSE,TRUE,39
"1.2.2.2.2.2.1.2.2.2.2.2.2.2.2.2.3.1.2.2.2.2",0.297438769659937,FALSE,TRUE,38
"2.1.2.2.2.2.1.2.2.2.2.2.2.2.2.2.3.1.2.2.2.2",0.219587697691902,FALSE,TRUE,38
"2.2.1.2.2.2.1.2.2.2.2.2.2.2.2.2.3.1.2.2.2.2",0.317638678942282,FALSE,TRUE,38
"2.2.2.1.2.2.1.2.2.2.2.2.2.2.2.2.3.1.2.2.2.2",0.301145825239115,FALSE,TRUE,38
"2.2.2.2.1.2.1.2.2.2.2.2.2.2.2.2.3.1.2.2.2.2",0.29889080127082,FALSE,TRUE,38
"2.2.2.2.2.1.1.2.2.2.2.2.2.2.2.2.3.1.2.2.2.2",0.348843475173435,FALSE,TRUE,38
"2.2.2.2.2.2.1.1.2.2.2.2.2.2.2.2.3.1.2.2.2.2",0.173184752009901,FALSE,TRUE,38
"2.2.2.2.2.2.1.2.1.2.2.2.2.2.2.2.3.1.2.2.2.2",0.326477411078946,FALSE,TRUE,38
"2.2.2.2.2.2.1.2.2.1.2.2.2.2.2.2.3.1.2.2.2.2",0.350477701099398,FALSE,TRUE,37
"2.2.2.2.2.2.1.2.2.2.1.2.2.2.2.2.3.1.2.2.2.2",0.294410143274115,FALSE,TRUE,38
"2.2.2.2.2.2.1.2.2.2.2.1.2.2.2.2.3.1.2.2.2.2",0.381914139370406,FALSE,TRUE,38
"2.2.2.2.2.2.1.2.2.2.2.2.1.2.2.2.3.1.2.2.2.2",0.440569285794285,FALSE,TRUE,38
"2.2.2.2.2.2.1.2.2.2.2.2.2.1.2.2.3.1.2.2.2.2",0.334981083926318,FALSE,TRUE,38
"2.2.2.2.2.2.1.2.2.2.2.2.2.2.1.2.3.1.2.2.2.2",0.214534843303353,FALSE,TRUE,38
"2.2.2.2.2.2.1.2.2.2.2.2.2.2.2.1.3.1.2.2.2.2",0.271568034289289,FALSE,TRUE,38
"2.2.2.2.2.2.1.2.2.2.2.2.2.2.2.2.2.1.2.2.2.2",0.270935893513043,FALSE,TRUE,37
"2.2.2.2.2.2.1.2.2.2.2.2.2.2.2.2.3.1.1.2.2.2",0.342890892707748,FALSE,TRUE,37
"2.2.2.2.2.2.1.2.2.2.2.2.2.2.2.2.3.1.2.2.1.2",0.277146810194283,FALSE,TRUE,38
"2.2.2.2.2.2.1.2.2.2.2.2.2.2.2.2.3.1.2.2.2.1",0.296240204482716,FALSE,TRUE,38
"3.2.2.2.1.2.2.2.2.2.2.2.2.2.2.2.2.2.2.2.3.2",0.504811389649305,FALSE,TRUE,41
"2.3.2.2.1.2.2.2.2.2.2.2.2.2.2.2.2.2.2.2.3.2",0.517464517355751,FALSE,TRUE,41
"2.2.3.2.1.2.2.2.2.2.2.2.2.2.2.2.2.2.2.2.3.2",0.437986573215276,FALSE,TRUE,41
"2.2.2.3.1.2.2.2.2.2.2.2.2.2.2.2.2.2.2.2.3.2",0.49907223403906,FALSE,TRUE,41
"2.2.2.2.1.3.2.2.2.2.2.2.2.2.2.2.2.2.2.2.3.2",0.450365309430567,FALSE,TRUE,41
"2.2.2.2.1.2.3.2.2.2.2.2.2.2.2.2.2.2.2.2.3.2",0.587602433485542,FALSE,TRUE,41
"2.2.2.2.1.2.2.3.2.2.2.2.2.2.2.2.2.2.2.2.3.2",0.588061496569428,FALSE,TRUE,41
"2.2.2.2.1.2.2.2.3.2.2.2.2.2.2.2.2.2.2.2.3.2",0.503140045934516,FALSE,TRUE,41
"2.2.2.2.1.2.2.2.2.3.2.2.2.2.2.2.2.2.2.2.3.2",0.439531872183781,FALSE,TRUE,41
"2.2.2.2.1.2.2.2.2.2.3.2.2.2.2.2.2.2.2.2.3.2",0.520446471104007,FALSE,TRUE,41
"2.2.2.2.1.2.2.2.2.2.2.3.2.2.2.2.2.2.2.2.3.2",0.450239408982293,FALSE,TRUE,41
"2.2.2.2.1.2.2.2.2.2.2.2.3.2.2.2.2.2.2.2.3.2",0.402578688657846,FALSE,TRUE,40
"2.2.2.2.1.2.2.2.2.2.2.2.2.3.2.2.2.2.2.2.3.2",0.403135157916149,FALSE,TRUE,41
"2.2.2.2.1.2.2.2.2.2.2.2.2.2.3.2.2.2.2.2.3.2",0.56688561357856,FALSE,TRUE,41
"2.2.2.2.1.2.2.2.2.2.2.2.2.2.2.3.2.2.2.2.3.2",0.518934453454126,FALSE,TRUE,41
"2.2.2.2.1.2.2.2.2.2.2.2.2.2.2.2.3.2.2.2.3.2",0.552710251052843,FALSE,TRUE,40
"2.2.2.2.1.2.2.2.2.2.2.2.2.2.2.2.2.3.2.2.3.2",0.460258394146012,FALSE,TRUE,41
"2.2.2.2.1.2.2.2.2.2.2.2.2.2.2.2.2.2.3.2.3.2",0.522865293337687,FALSE,TRUE,41
"2.2.2.2.1.2.2.2.2.2.2.2.2.2.2.2.2.2.2.3.3.2",0.55291477715499,FALSE,TRUE,41
"2.2.2.2.1.2.2.2.2.2.2.2.2.2.2.2.2.2.2.2.4.2",0.439686310218871,FALSE,TRUE,41
"2.2.2.2.1.2.2.2.2.2.2.2.2.2.2.2.2.2.2.2.3.3",0.412940458853662,FALSE,TRUE,41
"1.2.2.2.1.2.2.2.2.2.2.2.2.2.2.2.2.2.2.2.3.2",0.381109017371737,FALSE,TRUE,40
"2.1.2.2.1.2.2.2.2.2.2.2.2.2.2.2.2.2.2.2.3.2",0.39592017943006,FALSE,TRUE,40
"2.2.1.2.1.2.2.2.2.2.2.2.2.2.2.2.2.2.2.2.3.2",0.492801159920646,FALSE,TRUE,40
"2.2.2.1.1.2.2.2.2.2.2.2.2.2.2.2.2.2.2.2.3.2",0.435117200782276,FALSE,TRUE,39
"2.2.2.2.1.1.2.2.2.2.2.2.2.2.2.2.2.2.2.2.3.2",0.4711782744405,FALSE,TRUE,40
"2.2.2.2.1.2.1.2.2.2.2.2.2.2.2.2.2.2.2.2.3.2",0.351336214999577,FALSE,TRUE,40
"2.2.2.2.1.2.2.1.2.2.2.2.2.2.2.2.2.2.2.2.3.2",0.297976066038692,FALSE,TRUE,40
"2.2.2.2.1.2.2.2.1.2.2.2.2.2.2.2.2.2.2.2.3.2",0.442919246228746,FALSE,TRUE,40
"2.2.2.2.1.2.2.2.2.1.2.2.2.2.2.2.2.2.2.2.3.2",0.476955710793353,FALSE,TRUE,39
"2.2.2.2.1.2.2.2.2.2.1.2.2.2.2.2.2.2.2.2.3.2",0.424655078897964,FALSE,TRUE,39
"2.2.2.2.1.2.2.2.2.2.2.1.2.2.2.2.2.2.2.2.3.2",0.490374503438995,FALSE,TRUE,40
"2.2.2.2.1.2.2.2.2.2.2.2.1.2.2.2.2.2.2.2.3.2",0.567719580756775,FALSE,TRUE,40
"2.2.2.2.1.2.2.2.2.2.2.2.2.1.2.2.2.2.2.2.3.2",0.515658846045603,FALSE,TRUE,40
"2.2.2.2.1.2.2.2.2.2.2.2.2.2.1.2.2.2.2.2.3.2",0.342812239842834,FALSE,TRUE,40
"2.2.2.2.1.2.2.2.2.2.2.2.2.2.2.1.2.2.2.2.3.2",0.406819914668097,FALSE,TRUE,40
"2.2.2.2.1.2.2.2.2.2.2.2.2.2.2.2.1.2.2.2.3.2",0.34869135600602,FALSE,TRUE,40
"2.2.2.2.1.2.2.2.2.2.2.2.2.2.2.2.2.1.2.2.3.2",0.391835131232462,FALSE,TRUE,40
"2.2.2.2.1.2.2.2.2.2.2.2.2.2.2.2.2.2.1.2.3.2",0.454481149797244,FALSE,TRUE,40
"2.2.2.2.1.2.2.2.2.2.2.2.2.2.2.2.2.2.2.1.3.2",0.352187609149877,FALSE,TRUE,39
"2.2.2.2.1.2.2.2.2.2.2.2.2.2.2.2.2.2.2.2.3.1",0.47659247249046,FALSE,TRUE,40
"4.2.2.2.2.2.2.2.3.2.2.2.2.2.2.3.2.2.2.2.1.2",0.361690886009032,FALSE,TRUE,40
"3.3.2.2.2.2.2.2.3.2.2.2.2.2.2.3.2.2.2.2.1.2",0.594828111628994,FALSE,TRUE,39
"3.2.3.2.2.2.2.2.3.2.2.2.2.2.2.3.2.2.2.2.1.2",0.559520042350398,FALSE,TRUE,40
"3.2.2.3.2.2.2.2.3.2.2.2.2.2.2.3.2.2.2.2.1.2",0.415444168303045,FALSE,TRUE,39
"3.2.2.2.3.2.2.2.3.2.2.2.2.2.2.3.2.2.2.2.1.2",0.496888595994937,FALSE,TRUE,39
"3.2.2.2.2.3.2.2.3.2.2.2.2.2.2.3.2.2.2.2.1.2",0.506070508479051,FALSE,TRUE,39
"3.2.2.2.2.2.3.2.3.2.2.2.2.2.2.3.2.2.2.2.1.2",0.575718982986924,FALSE,TRUE,38
"3.2.2.2.2.2.2.3.3.2.2.2.2.2.2.3.2.2.2.2.1.2",0.554900940652796,FALSE,TRUE,38
"3.2.2.2.2.2.2.2.4.2.2.2.2.2.2.3.2.2.2.2.1.2",0.442147940472311,FALSE,TRUE,39
"3.2.2.2.2.2.2.2.3.3.2.2.2.2.2.3.2.2.2.2.1.2",0.395995583394175,FALSE,TRUE,39
"3.2.2.2.2.2.2.2.3.2.3.2.2.2.2.3.2.2.2.2.1.2",0.554201521012701,FALSE,TRUE,39
"3.2.2.2.2.2.2.2.3.2.2.3.2.2.2.3.2.2.2.2.1.2",0.356461019287779,FALSE,TRUE,39
"3.2.2.2.2.2.2.2.3.2.2.2.2.3.2.3.2.2.2.2.1.2",0.505126429131025,FALSE,TRUE,38
"3.2.2.2.2.2.2.2.3.2.2.2.2.2.3.3.2.2.2.2.1.2",0.512188216880325,FALSE,TRUE,38
"3.2.2.2.2.2.2.2.3.2.2.2.2.2.2.3.3.2.2.2.1.2",0.497428057599641,FALSE,TRUE,39
"3.2.2.2.2.2.2.2.3.2.2.2.2.2.2.3.2.3.2.2.1.2",0.564359680521174,FALSE,TRUE,38
"3.2.2.2.2.2.2.2.3.2.2.2.2.2.2.3.2.2.3.2.1.2",0.442282277014192,FALSE,TRUE,39
"3.2.2.2.2.2.2.2.3.2.2.2.2.2.2.3.2.2.2.3.1.2",0.44121882040703,FALSE,TRUE,39
"3.2.2.2.2.2.2.2.3.2.2.2.2.2.2.3.2.2.2.2.2.2",0.58034308020662,FALSE,TRUE,40
"3.2.2.2.2.2.2.2.3.2.2.2.2.2.2.3.2.2.2.2.1.3",0.553719106319915,FALSE,TRUE,39
"3.1.2.2.2.2.2.2.3.2.2.2.2.2.2.3.2.2.2.2.1.2",0.357645102019484,FALSE,TRUE,38
"3.2.2.1.2.2.2.2.3.2.2.2.2.2.2.3.2.2.2.2.1.2",0.520160370081287,FALSE,TRUE,37
"3.2.2.2.1.2.2.2.3.2.2.2.2.2.2.3.2.2.2.2.1.2",0.450476744694421,FALSE,TRUE,38
"3.2.2.2.2.1.2.2.3.2.2.2.2.2.2.3.2.2.2.2.1.2",0.430831190514029,FALSE,TRUE,38
"3.2.2.2.2.2.1.2.3.2.2.2.2.2.2.3.2.2.2.2.1.2",0.38157492265191,FALSE,TRUE,38
"3.2.2.2.2.2.2.1.3.2.2.2.2.2.2.3.2.2.2.2.1.2",0.325962406329089,FALSE,TRUE,38
"3.2.2.2.2.2.2.2.3.1.2.2.2.2.2.3.2.2.2.2.1.2",0.526629166571445,FALSE,TRUE,38
"3.2.2.2.2.2.2.2.3.2.1.2.2.2.2.3.2.2.2.2.1.2",0.358564990004714,FALSE,TRUE,38
"3.2.2.2.2.2.2.2.3.2.2.1.2.2.2.3.2.2.2.2.1.2",0.590394347253529,FALSE,TRUE,38
"3.2.2.2.2.2.2.2.3.2.2.2.1.2.2.3.2.2.2.2.1.2",0.571474797702494,FALSE,TRUE,39
"3.2.2.2.2.2.2.2.3.2.2.2.2.1.2.3.2.2.2.2.1.2",0.431257222063366,FALSE,TRUE,38
"3.2.2.2.2.2.2.2.3.2.2.2.2.2.1.3.2.2.2.2.1.2",0.37525636903667,FALSE,TRUE,37
"3.2.2.2.2.2.2.2.3.2.2.2.2.2.2.2.2.2.2.2.1.2",0.437015991899441,FALSE,TRUE,38
"3.2.2.2.2.2.2.2.3.2.2.2.2.2.2.3.1.2.2.2.1.2",0.393757147141963,FALSE,TRUE,38
"3.2.2.2.2.2.2.2.3.2.2.2.2.2.2.3.2.1.2.2.1.2",0.310645470515862,FALSE,TRUE,37
"3.2.2.2.2.2.2.2.3.2.2.2.2.2.2.3.2.2.1.2.1.2",0.537116198554008,FALSE,TRUE,38
"3.2.2.2.2.2.2.2.3.2.2.2.2.2.2.3.2.2.2.1.1.2",0.474494084072182,FALSE,TRUE,38
"3.2.2.2.2.2.2.2.3.2.2.2.2.2.2.3.2.2.2.2.1.1",0.337672261279881,FALSE,TRUE,38
"3.2.2.1.2.2.2.2.3.2.2.2.2.2.2.4.2.2.2.2.1.2",0.529281013043782,FALSE,TRUE,37
"2.3.2.1.2.2.2.2.3.2.2.2.2.2.2.4.2.2.2.2.1.2",0.560042321922438,FALSE,TRUE,38
"2.2.3.1.2.2.2.2.3.2.2.2.2.2.2.4.2.2.2.2.1.2",0.546218833421417,FALSE,TRUE,38
"2.2.2.1.3.2.2.2.3.2.2.2.2.2.2.4.2.2.2.2.1.2",0.502084825076538,FALSE,TRUE,38
"2.2.2.1.2.3.2.2.3.2.2.2.2.2.2.4.2.2.2.2.1.2",0.455554034007176,FALSE,TRUE,38
"2.2.2.1.2.2.3.2.3.2.2.2.2.2.2.4.2.2.2.2.1.2",0.582658213483887,FALSE,TRUE,37
"2.2.2.1.2.2.2.2.4.2.2.2.2.2.2.4.2.2.2.2.1.2",0.508332083823436,FALSE,TRUE,38
"2.2.2.1.2.2.2.2.3.3.2.2.2.2.2.4.2.2.2.2.1.2",0.466900659307972,FALSE,TRUE,38
"2.2.2.1.2.2.2.2.3.2.3.2.2.2.2.4.2.2.2.2.1.2",0.569933501421744,FALSE,TRUE,38
"2.2.2.1.2.2.2.2.3.2.2.3.2.2.2.4.2.2.2.2.1.2",0.410152835970702,FALSE,TRUE,38
"2.2.2.1.2.2.2.2.3.2.2.2.3.2.2.4.2.2.2.2.1.2",0.363313912455738,FALSE,TRUE,38
"2.2.2.1.2.2.2.2.3.2.2.2.2.3.2.4.2.2.2.2.1.2",0.429575129981212,FALSE,TRUE,37
"2.2.2.1.2.2.2.2.3.2.2.2.2.2.2.5.2.2.2.2.1.2",0.413399366552518,FALSE,TRUE,38
"2.2.2.1.2.2.2.2.3.2.2.2.2.2.2.4.3.2.2.2.1.2",0.59007881888684,FALSE,TRUE,38
"2.2.2.1.2.2.2.2.3.2.2.2.2.2.2.4.2.3.2.2.1.2",0.626514039909511,FALSE,TRUE,38
"2.2.2.1.2.2.2.2.3.2.2.2.2.2.2.4.2.2.3.2.1.2",0.465710175870055,FALSE,TRUE,38
"2.2.2.1.2.2.2.2.3.2.2.2.2.2.2.4.2.2.2.3.1.2",0.495135704370333,FALSE,TRUE,38
"2.2.2.1.2.2.2.2.3.2.2.2.2.2.2.4.2.2.2.2.2.2",0.564469254499083,FALSE,TRUE,39
"2.2.2.1.2.2.2.2.3.2.2.2.2.2.2.4.2.2.2.2.1.3",0.592341718895423,FALSE,TRUE,38
"1.2.2.1.2.2.2.2.3.2.2.2.2.2.2.4.2.2.2.2.1.2",0.372654332701726,FALSE,TRUE,37
"2.1.2.1.2.2.2.2.3.2.2.2.2.2.2.4.2.2.2.2.1.2",0.370372206075054,FALSE,TRUE,37
"2.2.1.1.2.2.2.2.3.2.2.2.2.2.2.4.2.2.2.2.1.2",0.345422520153187,FALSE,TRUE,37
"2.2.2.1.1.2.2.2.3.2.2.2.2.2.2.4.2.2.2.2.1.2",0.424419729393081,FALSE,TRUE,37
"2.2.2.1.2.1.2.2.3.2.2.2.2.2.2.4.2.2.2.2.1.2",0.462800878948383,FALSE,TRUE,37
"2.2.2.1.2.2.1.2.3.2.2.2.2.2.2.4.2.2.2.2.1.2",0.362972246703174,FALSE,TRUE,37
"2.2.2.1.2.2.2.1.3.2.2.2.2.2.2.4.2.2.2.2.1.2",0.207806738293717,FALSE,TRUE,38
"2.2.2.1.2.2.2.2.2.2.2.2.2.2.2.4.2.2.2.2.1.2",0.369841611774773,FALSE,TRUE,37
"2.2.2.1.2.2.2.2.3.1.2.2.2.2.2.4.2.2.2.2.1.2",0.435455359548063,FALSE,TRUE,37
"2.2.2.1.2.2.2.2.3.2.1.2.2.2.2.4.2.2.2.2.1.2",0.325299738532573,FALSE,TRUE,37
"2.2.2.1.2.2.2.2.3.2.2.1.2.2.2.4.2.2.2.2.1.2",0.515276999372924,FALSE,TRUE,37
"2.2.2.1.2.2.2.2.3.2.2.2.1.2.2.4.2.2.2.2.1.2",0.577386092548378,FALSE,TRUE,37
"2.2.2.1.2.2.2.2.3.2.2.2.2.1.2.4.2.2.2.2.1.2",0.486068723326013,FALSE,TRUE,37
"2.2.2.1.2.2.2.2.3.2.2.2.2.2.2.4.1.2.2.2.1.2",0.275501285486648,FALSE,TRUE,37
"2.2.2.1.2.2.2.2.3.2.2.2.2.2.2.4.2.1.2.2.1.2",0.230860956740275,FALSE,TRUE,36
"2.2.2.1.2.2.2.2.3.2.2.2.2.2.2.4.2.2.1.2.1.2",0.47263334785169,FALSE,TRUE,37
"2.2.2.1.2.2.2.2.3.2.2.2.2.2.2.4.2.2.2.1.1.2",0.380913187581599,FALSE,TRUE,37
"2.2.2.1.2.2.2.2.3.2.2.2.2.2.2.4.2.2.2.2.1.1",0.27937888875827,FALSE,TRUE,37
"3.2.2.1.2.2.2.3.3.2.2.2.2.2.2.4.2.2.2.2.1.2",0.629096809067331,FALSE,TRUE,39
"2.3.2.1.2.2.2.3.3.2.2.2.2.2.2.4.2.2.2.2.1.2",0.672116591868891,FALSE,TRUE,39
"2.2.3.1.2.2.2.3.3.2.2.2.2.2.2.4.2.2.2.2.1.2",0.680837052859943,FALSE,TRUE,39
"2.2.2.1.3.2.2.3.3.2.2.2.2.2.2.4.2.2.2.2.1.2",0.656641759493275,FALSE,TRUE,39
"2.2.2.1.2.3.2.3.3.2.2.2.2.2.2.4.2.2.2.2.1.2",0.539535108202937,FALSE,TRUE,39
"2.2.2.1.2.2.3.3.3.2.2.2.2.2.2.4.2.2.2.2.1.2",0.715214328815579,FALSE,TRUE,39
"2.2.2.1.2.2.2.4.3.2.2.2.2.2.2.4.2.2.2.2.1.2",0.644342411514879,FALSE,TRUE,40
"2.2.2.1.2.2.2.3.4.2.2.2.2.2.2.4.2.2.2.2.1.2",0.600648718547598,FALSE,TRUE,39
"2.2.2.1.2.2.2.3.3.3.2.2.2.2.2.4.2.2.2.2.1.2",0.536193127980897,FALSE,TRUE,39
"2.2.2.1.2.2.2.3.3.2.3.2.2.2.2.4.2.2.2.2.1.2",0.65264274844656,FALSE,TRUE,39
"2.2.2.1.2.2.2.3.3.2.2.3.2.2.2.4.2.2.2.2.1.2",0.57800575269337,FALSE,TRUE,39
"2.2.2.1.2.2.2.3.3.2.2.2.3.2.2.4.2.2.2.2.1.2",0.50620332016991,FALSE,TRUE,39
"2.2.2.1.2.2.2.3.3.2.2.2.2.3.2.4.2.2.2.2.1.2",0.540813242633344,FALSE,TRUE,39
"2.2.2.1.2.2.2.3.3.2.2.2.2.2.3.4.2.2.2.2.1.2",0.68206337892518,FALSE,TRUE,39
"2.2.2.1.2.2.2.3.3.2.2.2.2.2.2.5.2.2.2.2.1.2",0.53616201439529,FALSE,TRUE,39
"2.2.2.1.2.2.2.3.3.2.2.2.2.2.2.4.3.2.2.2.1.2",0.645804758686838,FALSE,TRUE,39
"2.2.2.1.2.2.2.3.3.2.2.2.2.2.2.4.2.3.2.2.1.2",0.702878276652372,FALSE,TRUE,39
"2.2.2.1.2.2.2.3.3.2.2.2.2.2.2.4.2.2.3.2.1.2",0.607399762195033,FALSE,TRUE,39
"2.2.2.1.2.2.2.3.3.2.2.2.2.2.2.4.2.2.2.3.1.2",0.567894386385548,FALSE,TRUE,39
"2.2.2.1.2.2.2.3.3.2.2.2.2.2.2.4.2.2.2.2.2.2",0.648658206388026,FALSE,TRUE,40
"2.2.2.1.2.2.2.3.3.2.2.2.2.2.2.4.2.2.2.2.1.3",0.682145669322073,FALSE,TRUE,39
"1.2.2.1.2.2.2.3.3.2.2.2.2.2.2.4.2.2.2.2.1.2",0.543256290218137,FALSE,TRUE,38
"2.1.2.1.2.2.2.3.3.2.2.2.2.2.2.4.2.2.2.2.1.2",0.53845912727629,FALSE,TRUE,38
"2.2.1.1.2.2.2.3.3.2.2.2.2.2.2.4.2.2.2.2.1.2",0.495036065006924,FALSE,TRUE,38
"2.2.2.1.1.2.2.3.3.2.2.2.2.2.2.4.2.2.2.2.1.2",0.552663592337911,FALSE,TRUE,38
"2.2.2.1.2.1.2.3.3.2.2.2.2.2.2.4.2.2.2.2.1.2",0.648487773466857,FALSE,TRUE,38
"2.2.2.1.2.2.1.3.3.2.2.2.2.2.2.4.2.2.2.2.1.2",0.503567966452879,FALSE,TRUE,38
"2.2.2.1.2.2.2.3.2.2.2.2.2.2.2.4.2.2.2.2.1.2",0.569945278880999,FALSE,TRUE,39
"2.2.2.1.2.2.2.3.3.1.2.2.2.2.2.4.2.2.2.2.1.2",0.654029223208709,FALSE,TRUE,38
"2.2.2.1.2.2.2.3.3.2.1.2.2.2.2.4.2.2.2.2.1.2",0.527754510190676,FALSE,TRUE,38
"2.2.2.1.2.2.2.3.3.2.2.1.2.2.2.4.2.2.2.2.1.2",0.628876383054109,FALSE,TRUE,38
"2.2.2.1.2.2.2.3.3.2.2.2.1.2.2.4.2.2.2.2.1.2",0.724315414423387,FALSE,TRUE,38
"2.2.2.1.2.2.2.3.3.2.2.2.2.1.2.4.2.2.2.2.1.2",0.653001720567117,FALSE,TRUE,38
"2.2.2.1.2.2.2.3.3.2.2.2.2.2.1.4.2.2.2.2.1.2",0.426609170883803,FALSE,TRUE,38
"2.2.2.1.2.2.2.3.3.2.2.2.2.2.2.3.2.2.2.2.1.2",0.676571675185784,FALSE,TRUE,39
"2.2.2.1.2.2.2.3.3.2.2.2.2.2.2.4.1.2.2.2.1.2",0.493086253490849,FALSE,TRUE,38
"2.2.2.1.2.2.2.3.3.2.2.2.2.2.2.4.2.1.2.2.1.2",0.409649850299909,FALSE,TRUE,38
"2.2.2.1.2.2.2.3.3.2.2.2.2.2.2.4.2.2.1.2.1.2",0.623615209164758,FALSE,TRUE,38
"2.2.2.1.2.2.2.3.3.2.2.2.2.2.2.4.2.2.2.1.1.2",0.582187439116605,FALSE,TRUE,38
"2.2.2.1.2.2.2.3.3.2.2.2.2.2.2.4.2.2.2.2.1.1",0.470174571037717,FALSE,TRUE,38
"3.2.2.2.2.2.2.2.3.2.2.2.2.3.2.4.2.2.2.2.1.2",0.451108511828107,FALSE,TRUE,39
"2.3.2.2.2.2.2.2.3.2.2.2.2.3.2.4.2.2.2.2.1.2",0.504601882736002,FALSE,TRUE,40
"2.2.3.2.2.2.2.2.3.2.2.2.2.3.2.4.2.2.2.2.1.2",0.483905993199002,FALSE,TRUE,40
"2.2.2.3.2.2.2.2.3.2.2.2.2.3.2.4.2.2.2.2.1.2",0.375193408814592,FALSE,TRUE,40
"2.2.2.2.3.2.2.2.3.2.2.2.2.3.2.4.2.2.2.2.1.2",0.467313554546471,FALSE,TRUE,40
"2.2.2.2.2.3.2.2.3.2.2.2.2.3.2.4.2.2.2.2.1.2",0.365867650868642,FALSE,TRUE,39
"2.2.2.2.2.2.3.2.3.2.2.2.2.3.2.4.2.2.2.2.1.2",0.522715937880832,FALSE,TRUE,40
"2.2.2.2.2.2.2.2.4.2.2.2.2.3.2.4.2.2.2.2.1.2",0.426718539701032,FALSE,TRUE,40
"2.2.2.2.2.2.2.2.3.3.2.2.2.3.2.4.2.2.2.2.1.2",0.324811104504511,FALSE,TRUE,39
"2.2.2.2.2.2.2.2.3.2.3.2.2.3.2.4.2.2.2.2.1.2",0.483356078579728,FALSE,TRUE,40
"2.2.2.2.2.2.2.2.3.2.2.3.2.3.2.4.2.2.2.2.1.2",0.371808143177672,FALSE,TRUE,40
"2.2.2.2.2.2.2.2.3.2.2.2.3.3.2.4.2.2.2.2.1.2",0.32403808655453,FALSE,TRUE,40
"2.2.2.2.2.2.2.2.3.2.2.2.2.4.2.4.2.2.2.2.1.2",0.309240709837341,FALSE,TRUE,41
"2.2.2.2.2.2.2.2.3.2.2.2.2.3.3.4.2.2.2.2.1.2",0.540306021081278,FALSE,TRUE,38
"2.2.2.2.2.2.2.2.3.2.2.2.2.3.2.5.2.2.2.2.1.2",0.325856602544262,FALSE,TRUE,40
"2.2.2.2.2.2.2.2.3.2.2.2.2.3.2.4.3.2.2.2.1.2",0.473608043051987,FALSE,TRUE,40
"2.2.2.2.2.2.2.2.3.2.2.2.2.3.2.4.2.3.2.2.1.2",0.491546240344389,FALSE,TRUE,40
"2.2.2.2.2.2.2.2.3.2.2.2.2.3.2.4.2.2.3.2.1.2",0.425480995017956,FALSE,TRUE,40
"2.2.2.2.2.2.2.2.3.2.2.2.2.3.2.4.2.2.2.3.1.2",0.456712516521175,FALSE,TRUE,40
"2.2.2.2.2.2.2.2.3.2.2.2.2.3.2.4.2.2.2.2.2.2",0.482771821162133,FALSE,TRUE,41
"2.2.2.2.2.2.2.2.3.2.2.2.2.3.2.4.2.2.2.2.1.3",0.501624402652378,FALSE,TRUE,40
"1.2.2.2.2.2.2.2.3.2.2.2.2.3.2.4.2.2.2.2.1.2",0.345394430988825,FALSE,TRUE,39
"2.1.2.2.2.2.2.2.3.2.2.2.2.3.2.4.2.2.2.2.1.2",0.339217347417418,FALSE,TRUE,39
"2.2.1.2.2.2.2.2.3.2.2.2.2.3.2.4.2.2.2.2.1.2",0.302350408934389,FALSE,TRUE,39
"2.2.2.2.1.2.2.2.3.2.2.2.2.3.2.4.2.2.2.2.1.2",0.356517260410987,FALSE,TRUE,39
"2.2.2.2.2.1.2.2.3.2.2.2.2.3.2.4.2.2.2.2.1.2",0.45182071245859,FALSE,TRUE,39
"2.2.2.2.2.2.1.2.3.2.2.2.2.3.2.4.2.2.2.2.1.2",0.318219025181813,FALSE,TRUE,39
"2.2.2.2.2.2.2.1.3.2.2.2.2.3.2.4.2.2.2.2.1.2",0.257826652092887,FALSE,TRUE,39
"2.2.2.2.2.2.2.2.2.2.2.2.2.3.2.4.2.2.2.2.1.2",0.358960125323814,FALSE,TRUE,39
"2.2.2.2.2.2.2.2.3.1.2.2.2.3.2.4.2.2.2.2.1.2",0.465612708356914,FALSE,TRUE,39
"2.2.2.2.2.2.2.2.3.2.1.2.2.3.2.4.2.2.2.2.1.2",0.310855938482818,FALSE,TRUE,39
"2.2.2.2.2.2.2.2.3.2.2.1.2.3.2.4.2.2.2.2.1.2",0.46185763725217,FALSE,TRUE,39
"2.2.2.2.2.2.2.2.3.2.2.2.1.3.2.4.2.2.2.2.1.2",0.522990864814054,FALSE,TRUE,39
"2.2.2.2.2.2.2.2.3.2.2.2.2.3.2.4.1.2.2.2.1.2",0.295063503231213,FALSE,TRUE,39
"2.2.2.2.2.2.2.2.3.2.2.2.2.3.2.4.2.1.2.2.1.2",0.244360077491316,FALSE,TRUE,39
"2.2.2.2.2.2.2.2.3.2.2.2.2.3.2.4.2.2.1.2.1.2",0.410787682504287,FALSE,TRUE,39
"2.2.2.2.2.2.2.2.3.2.2.2.2.3.2.4.2.2.2.1.1.2",0.350229213856508,FALSE,TRUE,39
"2.2.2.2.2.2.2.2.3.2.2.2.2.3.2.4.2.2.2.2.1.1",0.250642859598122,FALSE,TRUE,39
"3.2.2.2.2.2.2.2.2.2.2.2.2.2.2.2.3.2.1.2.2.2",0.489182482482825,FALSE,TRUE,41
"2.3.2.2.2.2.2.2.2.2.2.2.2.2.2.2.3.2.1.2.2.2",0.550743701280897,FALSE,TRUE,41
"2.2.3.2.2.2.2.2.2.2.2.2.2.2.2.2.3.2.1.2.2.2",0.405072843685856,FALSE,TRUE,41
"2.2.2.3.2.2.2.2.2.2.2.2.2.2.2.2.3.2.1.2.2.2",0.41551641354611,FALSE,TRUE,41
"2.2.2.2.3.2.2.2.2.2.2.2.2.2.2.2.3.2.1.2.2.2",0.394719450773698,FALSE,TRUE,41
"2.2.2.2.2.3.2.2.2.2.2.2.2.2.2.2.3.2.1.2.2.2",0.480744400456802,FALSE,TRUE,41
"2.2.2.2.2.2.3.2.2.2.2.2.2.2.2.2.3.2.1.2.2.2",0.500357091765753,FALSE,TRUE,41
"2.2.2.2.2.2.2.3.2.2.2.2.2.2.2.2.3.2.1.2.2.2",0.546672333209757,FALSE,TRUE,41
"2.2.2.2.2.2.2.2.3.2.2.2.2.2.2.2.3.2.1.2.2.2",0.570805111228668,FALSE,TRUE,41
"2.2.2.2.2.2.2.2.2.3.2.2.2.2.2.2.3.2.1.2.2.2",0.420696172878301,FALSE,TRUE,41
"2.2.2.2.2.2.2.2.2.2.3.2.2.2.2.2.3.2.1.2.2.2",0.602063010467777,FALSE,TRUE,41
"2.2.2.2.2.2.2.2.2.2.2.3.2.2.2.2.3.2.1.2.2.2",0.389497344692114,FALSE,TRUE,41
"2.2.2.2.2.2.2.2.2.2.2.2.3.2.2.2.3.2.1.2.2.2",0.398528416473186,FALSE,TRUE,40
"2.2.2.2.2.2.2.2.2.2.2.2.2.3.2.2.3.2.1.2.2.2",0.447917690653775,FALSE,TRUE,41
"2.2.2.2.2.2.2.2.2.2.2.2.2.2.3.2.3.2.1.2.2.2",0.450049309931917,FALSE,TRUE,41
"2.2.2.2.2.2.2.2.2.2.2.2.2.2.2.3.3.2.1.2.2.2",0.576033655286764,FALSE,TRUE,41
"2.2.2.2.2.2.2.2.2.2.2.2.2.2.2.2.4.2.1.2.2.2",0.414631275866523,FALSE,TRUE,41
"2.2.2.2.2.2.2.2.2.2.2.2.2.2.2.2.3.3.1.2.2.2",0.418119005797876,FALSE,TRUE,41
"2.2.2.2.2.2.2.2.2.2.2.2.2.2.2.2.3.2.1.3.2.2",0.55067284686718,FALSE,TRUE,41
"2.2.2.2.2.2.2.2.2.2.2.2.2.2.2.2.3.2.1.2.3.2",0.489046455070509,FALSE,TRUE,40
"2.2.2.2.2.2.2.2.2.2.2.2.2.2.2.2.3.2.1.2.2.3",0.525631712949221,FALSE,TRUE,41
"1.2.2.2.2.2.2.2.2.2.2.2.2.2.2.2.3.2.1.2.2.2",0.39215603443995,FALSE,TRUE,40
"2.1.2.2.2.2.2.2.2.2.2.2.2.2.2.2.3.2.1.2.2.2",0.343859553942316,FALSE,TRUE,40
"2.2.1.2.2.2.2.2.2.2.2.2.2.2.2.2.3.2.1.2.2.2",0.493286357020171,FALSE,TRUE,40
"2.2.2.1.2.2.2.2.2.2.2.2.2.2.2.2.3.2.1.2.2.2",0.487492183399584,FALSE,TRUE,39
"2.2.2.2.1.2.2.2.2.2.2.2.2.2.2.2.3.2.1.2.2.2",0.510030379919265,FALSE,TRUE,40
"2.2.2.2.2.1.2.2.2.2.2.2.2.2.2.2.3.2.1.2.2.2",0.396091135930626,FALSE,TRUE,40
"2.2.2.2.2.2.2.1.2.2.2.2.2.2.2.2.3.2.1.2.2.2",0.319108677461909,FALSE,TRUE,40
"2.2.2.2.2.2.2.2.1.2.2.2.2.2.2.2.3.2.1.2.2.2",0.327455022696007,FALSE,TRUE,40
"2.2.2.2.2.2.2.2.2.1.2.2.2.2.2.2.3.2.1.2.2.2",0.473533504497103,FALSE,TRUE,39
"2.2.2.2.2.2.2.2.2.2.1.2.2.2.2.2.3.2.1.2.2.2",0.295777657896544,FALSE,TRUE,39
"2.2.2.2.2.2.2.2.2.2.2.1.2.2.2.2.3.2.1.2.2.2",0.52285251385368,FALSE,TRUE,40
"2.2.2.2.2.2.2.2.2.2.2.2.1.2.2.2.3.2.1.2.2.2",0.549215320966372,FALSE,TRUE,40
"2.2.2.2.2.2.2.2.2.2.2.2.2.1.2.2.3.2.1.2.2.2",0.465993945683453,FALSE,TRUE,40
"2.2.2.2.2.2.2.2.2.2.2.2.2.2.1.2.3.2.1.2.2.2",0.395298989188845,FALSE,TRUE,40
"2.2.2.2.2.2.2.2.2.2.2.2.2.2.2.1.3.2.1.2.2.2",0.325197219503877,FALSE,TRUE,40
"2.2.2.2.2.2.2.2.2.2.2.2.2.2.2.2.3.1.1.2.2.2",0.453540519262035,FALSE,TRUE,39
"2.2.2.2.2.2.2.2.2.2.2.2.2.2.2.2.3.2.1.1.2.2",0.321663494102412,FALSE,TRUE,39
"2.2.2.2.2.2.2.2.2.2.2.2.2.2.2.2.3.2.1.2.1.2",0.425822631844203,FALSE,TRUE,39
"2.2.2.2.2.2.2.2.2.2.2.2.2.2.2.2.3.2.1.2.2.1",0.379133865216874,FALSE,TRUE,40
"3.2.2.2.2.2.2.2.3.2.2.2.2.2.1.4.2.1.2.2.1.2",0.115829041690083,FALSE,TRUE,39
"2.3.2.2.2.2.2.2.3.2.2.2.2.2.1.4.2.1.2.2.1.2",0.0883243010864176,FALSE,TRUE,39
"2.2.3.2.2.2.2.2.3.2.2.2.2.2.1.4.2.1.2.2.1.2",0.162228733996922,FALSE,TRUE,39
"2.2.2.3.2.2.2.2.3.2.2.2.2.2.1.4.2.1.2.2.1.2",0.0630639817679518,FALSE,TRUE,39
"2.2.2.2.3.2.2.2.3.2.2.2.2.2.1.4.2.1.2.2.1.2",0.0885554675303135,FALSE,TRUE,39
"2.2.2.2.2.3.2.2.3.2.2.2.2.2.1.4.2.1.2.2.1.2",0.059149558283077,FALSE,TRUE,39
"2.2.2.2.2.2.3.2.3.2.2.2.2.2.1.4.2.1.2.2.1.2",0.142668518508845,FALSE,TRUE,39
"2.2.2.2.2.2.2.3.3.2.2.2.2.2.1.4.2.1.2.2.1.2",0.250281588997342,FALSE,TRUE,38
"2.2.2.2.2.2.2.2.4.2.2.2.2.2.1.4.2.1.2.2.1.2",0.0650838139468102,FALSE,TRUE,39
"2.2.2.2.2.2.2.2.3.3.2.2.2.2.1.4.2.1.2.2.1.2",0.0819453440947766,FALSE,TRUE,39
"2.2.2.2.2.2.2.2.3.2.3.2.2.2.1.4.2.1.2.2.1.2",0.124355163613933,FALSE,TRUE,39
"2.2.2.2.2.2.2.2.3.2.2.3.2.2.1.4.2.1.2.2.1.2",-0.0212390069781168,FALSE,TRUE,39
"2.2.2.2.2.2.2.2.3.2.2.2.3.2.1.4.2.1.2.2.1.2",-0.0486101135485831,FALSE,TRUE,39
"2.2.2.2.2.2.2.2.3.2.2.2.2.3.1.4.2.1.2.2.1.2",0.0385786961203992,FALSE,TRUE,38
"2.2.2.2.2.2.2.2.3.2.2.2.2.2.1.5.2.1.2.2.1.2",-0.011021605852602,FALSE,TRUE,39
"2.2.2.2.2.2.2.2.3.2.2.2.2.2.1.4.3.1.2.2.1.2",0.209404725772257,FALSE,TRUE,39
"2.2.2.2.2.2.2.2.3.2.2.2.2.2.1.4.2.1.3.2.1.2",0.0508234257992703,FALSE,TRUE,39
"2.2.2.2.2.2.2.2.3.2.2.2.2.2.1.4.2.1.2.3.1.2",0.07451010420128,FALSE,TRUE,39
"2.2.2.2.2.2.2.2.3.2.2.2.2.2.1.4.2.1.2.2.2.2",0.184225737267873,FALSE,TRUE,40
"2.2.2.2.2.2.2.2.3.2.2.2.2.2.1.4.2.1.2.2.1.3",0.147106583840415,FALSE,TRUE,39
"1.2.2.2.2.2.2.2.3.2.2.2.2.2.1.4.2.1.2.2.1.2",-0.0528540323164836,FALSE,TRUE,38
"2.1.2.2.2.2.2.2.3.2.2.2.2.2.1.4.2.1.2.2.1.2",-0.0169592296577068,FALSE,TRUE,38
"2.2.1.2.2.2.2.2.3.2.2.2.2.2.1.4.2.1.2.2.1.2",-0.0847096124604723,FALSE,TRUE,38
"2.2.2.1.2.2.2.2.3.2.2.2.2.2.1.4.2.1.2.2.1.2",-0.044323355781445,FALSE,TRUE,37
"2.2.2.2.1.2.2.2.3.2.2.2.2.2.1.4.2.1.2.2.1.2",-0.0264477767925071,FALSE,TRUE,38
"2.2.2.2.2.1.2.2.3.2.2.2.2.2.1.4.2.1.2.2.1.2",0.0112086501253789,FALSE,TRUE,38
"2.2.2.2.2.2.1.2.3.2.2.2.2.2.1.4.2.1.2.2.1.2",-0.0682371877757737,FALSE,TRUE,38
"2.2.2.2.2.2.2.1.3.2.2.2.2.2.1.4.2.1.2.2.1.2",-0.2371006357706,FALSE,TRUE,38
"2.2.2.2.2.2.2.2.2.2.2.2.2.2.1.4.2.1.2.2.1.2",-0.0298324042490441,FALSE,TRUE,37
"2.2.2.2.2.2.2.2.3.1.2.2.2.2.1.4.2.1.2.2.1.2",-0.0480187311463241,FALSE,TRUE,38
"2.2.2.2.2.2.2.2.3.2.1.2.2.2.1.4.2.1.2.2.1.2",-0.0504495731027427,FALSE,TRUE,38
"2.2.2.2.2.2.2.2.3.2.2.1.2.2.1.4.2.1.2.2.1.2",0.0784188556950888,FALSE,TRUE,38
"2.2.2.2.2.2.2.2.3.2.2.2.1.2.1.4.2.1.2.2.1.2",0.123501120922763,FALSE,TRUE,38
"2.2.2.2.2.2.2.2.3.2.2.2.2.1.1.4.2.1.2.2.1.2",0.0249839700013641,FALSE,TRUE,38
"2.2.2.2.2.2.2.2.3.2.2.2.2.2.1.3.2.1.2.2.1.2",0.0801405028015385,FALSE,TRUE,37
"2.2.2.2.2.2.2.2.3.2.2.2.2.2.1.4.1.1.2.2.1.2",-0.180922640694521,FALSE,TRUE,38
"2.2.2.2.2.2.2.2.3.2.2.2.2.2.1.4.2.1.1.2.1.2",0.0212218056278293,FALSE,TRUE,38
"2.2.2.2.2.2.2.2.3.2.2.2.2.2.1.4.2.1.2.1.1.2",-0.0359469958903469,FALSE,TRUE,38
"2.2.2.2.2.2.2.2.3.2.2.2.2.2.1.4.2.1.2.2.1.1",-0.136056473000713,FALSE,TRUE,38
"3.2.2.2.2.2.3.2.3.2.2.2.2.2.1.4.2.2.2.2.1.2",0.383717199334615,FALSE,TRUE,40
"2.3.2.2.2.2.3.2.3.2.2.2.2.2.1.4.2.2.2.2.1.2",0.458531610746286,FALSE,TRUE,40
"2.2.3.2.2.2.3.2.3.2.2.2.2.2.1.4.2.2.2.2.1.2",0.438710010574391,FALSE,TRUE,40
"2.2.2.3.2.2.3.2.3.2.2.2.2.2.1.4.2.2.2.2.1.2",0.358437412301395,FALSE,TRUE,40
"2.2.2.2.3.2.3.2.3.2.2.2.2.2.1.4.2.2.2.2.1.2",0.362001304219048,FALSE,TRUE,40
"2.2.2.2.2.3.3.2.3.2.2.2.2.2.1.4.2.2.2.2.1.2",0.30987293975138,FALSE,TRUE,40
"2.2.2.2.2.2.4.2.3.2.2.2.2.2.1.4.2.2.2.2.1.2",0.351666669341866,FALSE,TRUE,41
"2.2.2.2.2.2.3.3.3.2.2.2.2.2.1.4.2.2.2.2.1.2",0.496463072966675,FALSE,TRUE,39
"2.2.2.2.2.2.3.2.4.2.2.2.2.2.1.4.2.2.2.2.1.2",0.383738318556053,FALSE,TRUE,40
"2.2.2.2.2.2.3.2.3.3.2.2.2.2.1.4.2.2.2.2.1.2",0.347680092527324,FALSE,TRUE,40
"2.2.2.2.2.2.3.2.3.2.3.2.2.2.1.4.2.2.2.2.1.2",0.452209879419539,FALSE,TRUE,40
"2.2.2.2.2.2.3.2.3.2.2.3.2.2.1.4.2.2.2.2.1.2",0.277417585798368,FALSE,TRUE,40
"2.2.2.2.2.2.3.2.3.2.2.2.3.2.1.4.2.2.2.2.1.2",0.276697304626811,FALSE,TRUE,40
"2.2.2.2.2.2.3.2.3.2.2.2.2.3.1.4.2.2.2.2.1.2",0.31540922285468,FALSE,TRUE,39
"2.2.2.2.2.2.3.2.3.2.2.2.2.2.1.5.2.2.2.2.1.2",0.272699538722316,FALSE,TRUE,40
"2.2.2.2.2.2.3.2.3.2.2.2.2.2.1.4.3.2.2.2.1.2",0.432813456970969,FALSE,TRUE,40
"2.2.2.2.2.2.3.2.3.2.2.2.2.2.1.4.2.3.2.2.1.2",0.440324285782027,FALSE,TRUE,40
"2.2.2.2.2.2.3.2.3.2.2.2.2.2.1.4.2.2.3.2.1.2",0.321888441912112,FALSE,TRUE,40
"2.2.2.2.2.2.3.2.3.2.2.2.2.2.1.4.2.2.2.3.1.2",0.386901082246242,FALSE,TRUE,40
"2.2.2.2.2.2.3.2.3.2.2.2.2.2.1.4.2.2.2.2.2.2",0.455756173595864,FALSE,TRUE,41
"2.2.2.2.2.2.3.2.3.2.2.2.2.2.1.4.2.2.2.2.1.3",0.487745581882156,FALSE,TRUE,40
"1.2.2.2.2.2.3.2.3.2.2.2.2.2.1.4.2.2.2.2.1.2",0.282569979672542,FALSE,TRUE,39
"2.1.2.2.2.2.3.2.3.2.2.2.2.2.1.4.2.2.2.2.1.2",0.221208759741837,FALSE,TRUE,39
"2.2.1.2.2.2.3.2.3.2.2.2.2.2.1.4.2.2.2.2.1.2",0.232150727111533,FALSE,TRUE,39
"2.2.2.1.2.2.3.2.3.2.2.2.2.2.1.4.2.2.2.2.1.2",0.283655865090653,FALSE,TRUE,38
"2.2.2.2.1.2.3.2.3.2.2.2.2.2.1.4.2.2.2.2.1.2",0.303755844229564,FALSE,TRUE,39
"2.2.2.2.2.1.3.2.3.2.2.2.2.2.1.4.2.2.2.2.1.2",0.319369837869941,FALSE,TRUE,39
"2.2.2.2.2.2.3.1.3.2.2.2.2.2.1.4.2.2.2.2.1.2",0.095345207065966,FALSE,TRUE,39
"2.2.2.2.2.2.3.2.2.2.2.2.2.2.1.4.2.2.2.2.1.2",0.262457348578961,FALSE,TRUE,38
"2.2.2.2.2.2.3.2.3.1.2.2.2.2.1.4.2.2.2.2.1.2",0.281739968257219,FALSE,TRUE,39
"2.2.2.2.2.2.3.2.3.2.1.2.2.2.1.4.2.2.2.2.1.2",0.221240726373102,FALSE,TRUE,39
"2.2.2.2.2.2.3.2.3.2.2.1.2.2.1.4.2.2.2.2.1.2",0.399012360068131,FALSE,TRUE,39
"2.2.2.2.2.2.3.2.3.2.2.2.1.2.1.4.2.2.2.2.1.2",0.425915304774504,FALSE,TRUE,39
"2.2.2.2.2.2.3.2.3.2.2.2.2.1.1.4.2.2.2.2.1.2",0.362722468182968,FALSE,TRUE,39
"2.2.2.2.2.2.3.2.3.2.2.2.2.2.1.3.2.2.2.2.1.2",0.402402532448858,FALSE,TRUE,38
"2.2.2.2.2.2.3.2.3.2.2.2.2.2.1.4.1.2.2.2.1.2",0.171744498472272,FALSE,TRUE,39
"2.2.2.2.2.2.3.2.3.2.2.2.2.2.1.4.2.2.1.2.1.2",0.368731240749005,FALSE,TRUE,39
"2.2.2.2.2.2.3.2.3.2.2.2.2.2.1.4.2.2.2.1.1.2",0.262771405864275,FALSE,TRUE,39
"2.2.2.2.2.2.3.2.3.2.2.2.2.2.1.4.2.2.2.2.1.1",0.133611445345624,FALSE,TRUE,39
"3.2.2.2.2.2.1.2.2.2.2.2.2.2.2.2.3.1.2.1.2.2",0.310079683737154,FALSE,TRUE,39
"2.3.2.2.2.2.1.2.2.2.2.2.2.2.2.2.3.1.2.1.2.2",0.380806260243035,FALSE,TRUE,39
"2.2.3.2.2.2.1.2.2.2.2.2.2.2.2.2.3.1.2.1.2.2",0.241576065242404,FALSE,TRUE,39
"2.2.2.3.2.2.1.2.2.2.2.2.2.2.2.2.3.1.2.1.2.2",0.28706342600563,FALSE,TRUE,39
"2.2.2.2.3.2.1.2.2.2.2.2.2.2.2.2.3.1.2.1.2.2",0.233320052614176,FALSE,TRUE,39
"2.2.2.2.2.3.1.2.2.2.2.2.2.2.2.2.3.1.2.1.2.2",0.250187876377244,FALSE,TRUE,39
"2.2.2.2.2.2.2.2.2.2.2.2.2.2.2.2.3.1.2.1.2.2",0.345138156128052,FALSE,TRUE,38
"2.2.2.2.2.2.1.3.2.2.2.2.2.2.2.2.3.1.2.1.2.2",0.425973378582883,FALSE,TRUE,39
"2.2.2.2.2.2.1.2.3.2.2.2.2.2.2.2.3.1.2.1.2.2",0.349841234522211,FALSE,TRUE,39
"2.2.2.2.2.2.1.2.2.3.2.2.2.2.2.2.3.1.2.1.2.2",0.273589801169771,FALSE,TRUE,39
"2.2.2.2.2.2.1.2.2.2.3.2.2.2.2.2.3.1.2.1.2.2",0.377205341556115,FALSE,TRUE,39
"2.2.2.2.2.2.1.2.2.2.2.3.2.2.2.2.3.1.2.1.2.2",0.215352441485678,FALSE,TRUE,39
"2.2.2.2.2.2.1.2.2.2.2.2.3.2.2.2.3.1.2.1.2.2",0.184480574453952,FALSE,TRUE,39
"2.2.2.2.2.2.1.2.2.2.2.2.2.3.2.2.3.1.2.1.2.2",0.221953433688018,FALSE,TRUE,39
"2.2.2.2.2.2.1.2.2.2.2.2.2.2.3.2.3.1.2.1.2.2",0.401828935326773,FALSE,TRUE,39
"2.2.2.2.2.2.1.2.2.2.2.2.2.2.2.3.3.1.2.1.2.2",0.318986167357928,FALSE,TRUE,39
"2.2.2.2.2.2.1.2.2.2.2.2.2.2.2.2.4.1.2.1.2.2",0.290318847515263,FALSE,TRUE,39
"2.2.2.2.2.2.1.2.2.2.2.2.2.2.2.2.3.1.3.1.2.2",0.276088111896575,FALSE,TRUE,39
"2.2.2.2.2.2.1.2.2.2.2.2.2.2.2.2.3.1.2.1.3.2",0.304439745972375,FALSE,TRUE,39
"2.2.2.2.2.2.1.2.2.2.2.2.2.2.2.2.3.1.2.1.2.3",0.349977763558118,FALSE,TRUE,39
"1.2.2.2.2.2.1.2.2.2.2.2.2.2.2.2.3.1.2.1.2.2",0.169557396795689,FALSE,TRUE,38
"2.1.2.2.2.2.1.2.2.2.2.2.2.2.2.2.3.1.2.1.2.2",0.116178541355536,FALSE,TRUE,38
"2.2.1.2.2.2.1.2.2.2.2.2.2.2.2.2.3.1.2.1.2.2",0.252800389116983,FALSE,TRUE,38
"2.2.2.1.2.2.1.2.2.2.2.2.2.2.2.2.3.1.2.1.2.2",0.211681403385175,FALSE,TRUE,38
"2.2.2.2.1.2.1.2.2.2.2.2.2.2.2.2.3.1.2.1.2.2",0.267207375964899,FALSE,TRUE,38
"2.2.2.2.2.1.1.2.2.2.2.2.2.2.2.2.3.1.2.1.2.2",0.268111640701123,FALSE,TRUE,38
"2.2.2.2.2.2.1.1.2.2.2.2.2.2.2.2.3.1.2.1.2.2",0.0682675393392572,FALSE,TRUE,38
"2.2.2.2.2.2.1.2.1.2.2.2.2.2.2.2.3.1.2.1.2.2",0.163819083920989,FALSE,TRUE,38
"2.2.2.2.2.2.1.2.2.1.2.2.2.2.2.2.3.1.2.1.2.2",0.22055944876725,FALSE,TRUE,38
"2.2.2.2.2.2.1.2.2.2.1.2.2.2.2.2.3.1.2.1.2.2",0.135886496071912,FALSE,TRUE,38
"2.2.2.2.2.2.1.2.2.2.2.1.2.2.2.2.3.1.2.1.2.2",0.299368711464852,FALSE,TRUE,38
"2.2.2.2.2.2.1.2.2.2.2.2.1.2.2.2.3.1.2.1.2.2",0.354901776019519,FALSE,TRUE,38
"2.2.2.2.2.2.1.2.2.2.2.2.2.1.2.2.3.1.2.1.2.2",0.279058121509588,FALSE,TRUE,38
"2.2.2.2.2.2.1.2.2.2.2.2.2.2.1.2.3.1.2.1.2.2",0.076987075762412,FALSE,TRUE,38
"2.2.2.2.2.2.1.2.2.2.2.2.2.2.2.1.3.1.2.1.2.2",0.182483034903638,FALSE,TRUE,38
"2.2.2.2.2.2.1.2.2.2.2.2.2.2.2.2.2.1.2.1.2.2",0.197445320631823,FALSE,TRUE,37
"2.2.2.2.2.2.1.2.2.2.2.2.2.2.2.2.3.1.1.1.2.2",0.263049753287909,FALSE,TRUE,38
"2.2.2.2.2.2.1.2.2.2.2.2.2.2.2.2.3.1.2.1.1.2",0.208247522745492,FALSE,TRUE,38
"2.2.2.2.2.2.1.2.2.2.2.2.2.2.2.2.3.1.2.1.2.1",0.149004750105685,FALSE,TRUE,38
"3.3.2.2.2.2.2.2.2.2.2.2.3.2.2.2.2.3.2.2.2.2",0.508490202860298,FALSE,TRUE,42
"2.4.2.2.2.2.2.2.2.2.2.2.3.2.2.2.2.3.2.2.2.2",0.470414401127094,FALSE,TRUE,43
"2.3.3.2.2.2.2.2.2.2.2.2.3.2.2.2.2.3.2.2.2.2",0.363003169532076,FALSE,TRUE,42
"2.3.2.3.2.2.2.2.2.2.2.2.3.2.2.2.2.3.2.2.2.2",0.432966585574557,FALSE,TRUE,42
"2.3.2.2.3.2.2.2.2.2.2.2.3.2.2.2.2.3.2.2.2.2",0.401509003327685,FALSE,TRUE,42
"2.3.2.2.2.3.2.2.2.2.2.2.3.2.2.2.2.3.2.2.2.2",0.475760343402423,FALSE,TRUE,42
"2.3.2.2.2.2.3.2.2.2.2.2.3.2.2.2.2.3.2.2.2.2",0.491373276965457,FALSE,TRUE,42
"2.3.2.2.2.2.2.3.2.2.2.2.3.2.2.2.2.3.2.2.2.2",0.546120626179279,FALSE,TRUE,42
"2.3.2.2.2.2.2.2.3.2.2.2.3.2.2.2.2.3.2.2.2.2",0.53361045212406,FALSE,TRUE,42
"2.3.2.2.2.2.2.2.2.3.2.2.3.2.2.2.2.3.2.2.2.2",0.443923945735965,FALSE,TRUE,42
"2.3.2.2.2.2.2.2.2.2.3.2.3.2.2.2.2.3.2.2.2.2",0.575162644294458,FALSE,TRUE,42
"2.3.2.2.2.2.2.2.2.2.2.3.3.2.2.2.2.3.2.2.2.2",0.439111638690853,FALSE,TRUE,42
"2.3.2.2.2.2.2.2.2.2.2.2.4.2.2.2.2.3.2.2.2.2",0.420036630623017,FALSE,TRUE,42
"2.3.2.2.2.2.2.2.2.2.2.2.3.3.2.2.2.3.2.2.2.2",0.409718396789643,FALSE,TRUE,42
"2.3.2.2.2.2.2.2.2.2.2.2.3.2.3.2.2.3.2.2.2.2",0.491010427090865,FALSE,TRUE,42
"2.3.2.2.2.2.2.2.2.2.2.2.3.2.2.3.2.3.2.2.2.2",0.563344746343143,FALSE,TRUE,42
"2.3.2.2.2.2.2.2.2.2.2.2.3.2.2.2.3.3.2.2.2.2",0.482214992887593,FALSE,TRUE,42
"2.3.2.2.2.2.2.2.2.2.2.2.3.2.2.2.2.4.2.2.2.2",0.368505994791362,FALSE,TRUE,42
"2.3.2.2.2.2.2.2.2.2.2.2.3.2.2.2.2.3.3.2.2.2",0.533330863258751,FALSE,TRUE,42
"2.3.2.2.2.2.2.2.2.2.2.2.3.2.2.2.2.3.2.3.2.2",0.593336009695621,FALSE,TRUE,42
"2.3.2.2.2.2.2.2.2.2.2.2.3.2.2.2.2.3.2.2.3.2",0.426866594854851,FALSE,TRUE,42
"2.3.2.2.2.2.2.2.2.2.2.2.3.2.2.2.2.3.2.2.2.3",0.399956458614771,FALSE,TRUE,42
"1.3.2.2.2.2.2.2.2.2.2.2.3.2.2.2.2.3.2.2.2.2",0.356913181374408,FALSE,TRUE,41
"2.3.1.2.2.2.2.2.2.2.2.2.3.2.2.2.2.3.2.2.2.2",0.550342759992953,FALSE,TRUE,41
"2.3.2.1.2.2.2.2.2.2.2.2.3.2.2.2.2.3.2.2.2.2",0.476367206945778,FALSE,TRUE,41
"2.3.2.2.1.2.2.2.2.2.2.2.3.2.2.2.2.3.2.2.2.2",0.495138481637222,FALSE,TRUE,41
"2.3.2.2.2.1.2.2.2.2.2.2.3.2.2.2.2.3.2.2.2.2",0.406583445425799,FALSE,TRUE,41
"2.3.2.2.2.2.1.2.2.2.2.2.3.2.2.2.2.3.2.2.2.2",0.403143171189344,FALSE,TRUE,41
"2.3.2.2.2.2.2.1.2.2.2.2.3.2.2.2.2.3.2.2.2.2",0.314125101662723,FALSE,TRUE,41
"2.3.2.2.2.2.2.2.1.2.2.2.3.2.2.2.2.3.2.2.2.2",0.38247800176238,FALSE,TRUE,41
"2.3.2.2.2.2.2.2.2.1.2.2.3.2.2.2.2.3.2.2.2.2",0.446149068608039,FALSE,TRUE,41
"2.3.2.2.2.2.2.2.2.2.1.2.3.2.2.2.2.3.2.2.2.2",0.339621336589043,FALSE,TRUE,41
"2.3.2.2.2.2.2.2.2.2.2.1.3.2.2.2.2.3.2.2.2.2",0.472385308782055,FALSE,TRUE,41
"2.3.2.2.2.2.2.2.2.2.2.2.2.2.2.2.2.3.2.2.2.2",0.533211995787573,FALSE,TRUE,41
"2.3.2.2.2.2.2.2.2.2.2.2.3.1.2.2.2.3.2.2.2.2",0.493057854302215,FALSE,TRUE,41
"2.3.2.2.2.2.2.2.2.2.2.2.3.2.1.2.2.3.2.2.2.2",0.402243244742976,FALSE,TRUE,41
"2.3.2.2.2.2.2.2.2.2.2.2.3.2.2.1.2.3.2.2.2.2",0.339748829926314,FALSE,TRUE,41
"2.3.2.2.2.2.2.2.2.2.2.2.3.2.2.2.1.3.2.2.2.2",0.383566750994104,FALSE,TRUE,41
"2.3.2.2.2.2.2.2.2.2.2.2.3.2.2.2.2.3.1.2.2.2",0.420914494826944,FALSE,TRUE,41
"2.3.2.2.2.2.2.2.2.2.2.2.3.2.2.2.2.3.2.1.2.2",0.284134494864542,FALSE,TRUE,41
"2.3.2.2.2.2.2.2.2.2.2.2.3.2.2.2.2.3.2.2.1.2",0.474910717689857,FALSE,TRUE,41
"2.3.2.2.2.2.2.2.2.2.2.2.3.2.2.2.2.3.2.2.2.1",0.46555947625255,FALSE,TRUE,41
"3.2.2.2.2.2.2.2.2.1.2.2.2.2.2.2.2.2.2.2.2.2",0.473430925396921,FALSE,TRUE,40
"2.3.2.2.2.2.2.2.2.1.2.2.2.2.2.2.2.2.2.2.2.2",0.436713095567629,FALSE,TRUE,40
"2.2.3.2.2.2.2.2.2.1.2.2.2.2.2.2.2.2.2.2.2.2",0.354682522269521,FALSE,TRUE,40
"2.2.2.3.2.2.2.2.2.1.2.2.2.2.2.2.2.2.2.2.2.2",0.427373663327466,FALSE,TRUE,40
"2.2.2.2.3.2.2.2.2.1.2.2.2.2.2.2.2.2.2.2.2.2",0.334459569345004,FALSE,TRUE,39
"2.2.2.2.2.3.2.2.2.1.2.2.2.2.2.2.2.2.2.2.2.2",0.458893037700905,FALSE,TRUE,40
"2.2.2.2.2.2.3.2.2.1.2.2.2.2.2.2.2.2.2.2.2.2",0.423690636786067,FALSE,TRUE,40
"2.2.2.2.2.2.2.3.2.1.2.2.2.2.2.2.2.2.2.2.2.2",0.62473695228253,FALSE,TRUE,40
"2.2.2.2.2.2.2.2.3.1.2.2.2.2.2.2.2.2.2.2.2.2",0.51532479480427,FALSE,TRUE,40
"2.2.2.2.2.2.2.2.2.1.3.2.2.2.2.2.2.2.2.2.2.2",0.570631951758803,FALSE,TRUE,40
"2.2.2.2.2.2.2.2.2.1.2.3.2.2.2.2.2.2.2.2.2.2",0.340022927706365,FALSE,TRUE,40
"2.2.2.2.2.2.2.2.2.1.2.2.2.3.2.2.2.2.2.2.2.2",0.410878571565685,FALSE,TRUE,40
"2.2.2.2.2.2.2.2.2.1.2.2.2.2.3.2.2.2.2.2.2.2",0.516046462698289,FALSE,TRUE,40
"2.2.2.2.2.2.2.2.2.1.2.2.2.2.2.3.2.2.2.2.2.2",0.51072726648565,FALSE,TRUE,39
"2.2.2.2.2.2.2.2.2.1.2.2.2.2.2.2.2.3.2.2.2.2",0.45471736518924,FALSE,TRUE,39
"2.2.2.2.2.2.2.2.2.1.2.2.2.2.2.2.2.2.3.2.2.2",0.440333953153826,FALSE,TRUE,40
"2.2.2.2.2.2.2.2.2.1.2.2.2.2.2.2.2.2.2.3.2.2",0.53118023951251,FALSE,TRUE,40
"2.2.2.2.2.2.2.2.2.1.2.2.2.2.2.2.2.2.2.2.2.3",0.454245432984743,FALSE,TRUE,40
"1.2.2.2.2.2.2.2.2.1.2.2.2.2.2.2.2.2.2.2.2.2",0.292532162384787,FALSE,TRUE,39
"2.1.2.2.2.2.2.2.2.1.2.2.2.2.2.2.2.2.2.2.2.2",0.320263615751411,FALSE,TRUE,39
"2.2.1.2.2.2.2.2.2.1.2.2.2.2.2.2.2.2.2.2.2.2",0.429720331606974,FALSE,TRUE,39
"2.2.2.1.2.2.2.2.2.1.2.2.2.2.2.2.2.2.2.2.2.2",0.365098582319313,FALSE,TRUE,39
"2.2.2.2.1.2.2.2.2.1.2.2.2.2.2.2.2.2.2.2.2.2",0.437349175081051,FALSE,TRUE,38
"2.2.2.2.2.1.2.2.2.1.2.2.2.2.2.2.2.2.2.2.2.2",0.290839753791223,FALSE,TRUE,39
"2.2.2.2.2.2.1.2.2.1.2.2.2.2.2.2.2.2.2.2.2.2",0.341427433047809,FALSE,TRUE,39
"2.2.2.2.2.2.2.1.2.1.2.2.2.2.2.2.2.2.2.2.2.2",0.138571376799158,FALSE,TRUE,39
"2.2.2.2.2.2.2.2.1.1.2.2.2.2.2.2.2.2.2.2.2.2",0.283054350563043,FALSE,TRUE,39
"2.2.2.2.2.2.2.2.2.1.2.1.2.2.2.2.2.2.2.2.2.2",0.44135606194749,FALSE,TRUE,39
"2.2.2.2.2.2.2.2.2.1.2.2.1.2.2.2.2.2.2.2.2.2",0.446815787427405,FALSE,TRUE,39
"2.2.2.2.2.2.2.2.2.1.2.2.2.1.2.2.2.2.2.2.2.2",0.370197217834226,FALSE,TRUE,39
"2.2.2.2.2.2.2.2.2.1.2.2.2.2.1.2.2.2.2.2.2.2",0.245549736405718,FALSE,TRUE,39
"2.2.2.2.2.2.2.2.2.1.2.2.2.2.2.1.2.2.2.2.2.2",0.276256365969676,FALSE,TRUE,39
"2.2.2.2.2.2.2.2.2.1.2.2.2.2.2.2.1.2.2.2.2.2",0.233034835833284,FALSE,TRUE,40
"2.2.2.2.2.2.2.2.2.1.2.2.2.2.2.2.2.1.2.2.2.2",0.281256456980834,FALSE,TRUE,38
"2.2.2.2.2.2.2.2.2.1.2.2.2.2.2.2.2.2.1.2.2.2",0.377781498874701,FALSE,TRUE,39
"2.2.2.2.2.2.2.2.2.1.2.2.2.2.2.2.2.2.2.2.2.1",0.31407198907974,FALSE,TRUE,38
"3.2.2.2.2.2.2.2.3.2.2.2.2.2.3.4.2.2.2.2.1.2",0.53858554987889,FALSE,TRUE,37
"2.3.2.2.2.2.2.2.3.2.2.2.2.2.3.4.2.2.2.2.1.2",0.656119671995228,FALSE,TRUE,38
"2.2.3.2.2.2.2.2.3.2.2.2.2.2.3.4.2.2.2.2.1.2",0.564108696949431,FALSE,TRUE,38
"2.2.2.3.2.2.2.2.3.2.2.2.2.2.3.4.2.2.2.2.1.2",0.488706675542589,FALSE,TRUE,39
"2.2.2.2.3.2.2.2.3.2.2.2.2.2.3.4.2.2.2.2.1.2",0.575638957426037,FALSE,TRUE,38
"2.2.2.2.2.2.3.2.3.2.2.2.2.2.3.4.2.2.2.2.1.2",0.664665988784509,FALSE,TRUE,38
"2.2.2.2.2.2.2.2.4.2.2.2.2.2.3.4.2.2.2.2.1.2",0.510994668834217,FALSE,TRUE,38
"2.2.2.2.2.2.2.2.3.2.3.2.2.2.3.4.2.2.2.2.1.2",0.601370682335476,FALSE,TRUE,38
"2.2.2.2.2.2.2.2.3.2.2.3.2.2.3.4.2.2.2.2.1.2",0.493956965295334,FALSE,TRUE,38
"2.2.2.2.2.2.2.2.3.2.2.2.3.2.3.4.2.2.2.2.1.2",0.487683222216899,FALSE,TRUE,38
"2.2.2.2.2.2.2.2.3.2.2.2.2.2.4.4.2.2.2.2.1.2",0.502644442197686,FALSE,TRUE,39
"2.2.2.2.2.2.2.2.3.2.2.2.2.2.3.5.2.2.2.2.1.2",0.515940453148772,FALSE,TRUE,38
"2.2.2.2.2.2.2.2.3.2.2.2.2.2.3.4.3.2.2.2.1.2",0.538513053538043,FALSE,TRUE,38
"2.2.2.2.2.2.2.2.3.2.2.2.2.2.3.4.2.3.2.2.1.2",0.642697402491239,FALSE,TRUE,38
"2.2.2.2.2.2.2.2.3.2.2.2.2.2.3.4.2.2.3.2.1.2",0.565221915649117,FALSE,TRUE,38
"2.2.2.2.2.2.2.2.3.2.2.2.2.2.3.4.2.2.2.3.1.2",0.537186004567225,FALSE,TRUE,38
"2.2.2.2.2.2.2.2.3.2.2.2.2.2.3.4.2.2.2.2.2.2",0.671213311428586,FALSE,TRUE,39
"2.2.2.2.2.2.2.2.3.2.2.2.2.2.3.4.2.2.2.2.1.3",0.65293859984725,FALSE,TRUE,38
"1.2.2.2.2.2.2.2.3.2.2.2.2.2.3.4.2.2.2.2.1.2",0.539787145704593,FALSE,TRUE,37
"2.1.2.2.2.2.2.2.3.2.2.2.2.2.3.4.2.2.2.2.1.2",0.454773147925791,FALSE,TRUE,37
"2.2.1.2.2.2.2.2.3.2.2.2.2.2.3.4.2.2.2.2.1.2",0.486720035469545,FALSE,TRUE,37
"2.2.2.2.1.2.2.2.3.2.2.2.2.2.3.4.2.2.2.2.1.2",0.538635299680578,FALSE,TRUE,37
"2.2.2.2.2.1.2.2.3.2.2.2.2.2.3.4.2.2.2.2.1.2",0.589973668492309,FALSE,TRUE,38
"2.2.2.2.2.2.1.2.3.2.2.2.2.2.3.4.2.2.2.2.1.2",0.493628873838745,FALSE,TRUE,37
"2.2.2.2.2.2.2.1.3.2.2.2.2.2.3.4.2.2.2.2.1.2",0.463745767213145,FALSE,TRUE,37
"2.2.2.2.2.2.2.2.2.2.2.2.2.2.3.4.2.2.2.2.1.2",0.564893945342891,FALSE,TRUE,36
"2.2.2.2.2.2.2.2.3.1.2.2.2.2.3.4.2.2.2.2.1.2",0.653584568203363,FALSE,TRUE,38
"2.2.2.2.2.2.2.2.3.2.1.2.2.2.3.4.2.2.2.2.1.2",0.457630466078731,FALSE,TRUE,37
"2.2.2.2.2.2.2.2.3.2.2.1.2.2.3.4.2.2.2.2.1.2",0.634317376624413,FALSE,TRUE,37
"2.2.2.2.2.2.2.2.3.2.2.2.1.2.3.4.2.2.2.2.1.2",0.637315494229469,FALSE,TRUE,37
"2.2.2.2.2.2.2.2.3.2.2.2.2.1.3.4.2.2.2.2.1.2",0.563055575152657,FALSE,TRUE,35
"2.2.2.2.2.2.2.2.3.2.2.2.2.2.3.4.1.2.2.2.1.2",0.551169906155055,FALSE,TRUE,37
"2.2.2.2.2.2.2.2.3.2.2.2.2.2.3.4.2.1.2.2.1.2",0.415814231966374,FALSE,TRUE,37
"2.2.2.2.2.2.2.2.3.2.2.2.2.2.3.4.2.2.1.2.1.2",0.563473937770323,FALSE,TRUE,37
"2.2.2.2.2.2.2.2.3.2.2.2.2.2.3.4.2.2.2.1.1.2",0.536778387290638,FALSE,TRUE,36
"2.2.2.2.2.2.2.2.3.2.2.2.2.2.3.4.2.2.2.2.1.1",0.408793232324848,FALSE,TRUE,37
"3.2.2.1.2.2.2.2.3.2.2.2.2.2.3.4.2.2.2.2.1.2",0.617653307519731,FALSE,TRUE,39
"2.3.2.1.2.2.2.2.3.2.2.2.2.2.3.4.2.2.2.2.1.2",0.678169249747358,FALSE,TRUE,39
"2.2.3.1.2.2.2.2.3.2.2.2.2.2.3.4.2.2.2.2.1.2",0.615767814774371,FALSE,TRUE,39
"2.2.2.1.3.2.2.2.3.2.2.2.2.2.3.4.2.2.2.2.1.2",0.617682974903607,FALSE,TRUE,39
"2.2.2.1.2.3.2.2.3.2.2.2.2.2.3.4.2.2.2.2.1.2",0.586716962248822,FALSE,TRUE,37
"2.2.2.1.2.2.3.2.3.2.2.2.2.2.3.4.2.2.2.2.1.2",0.720313990130745,FALSE,TRUE,39
"2.2.2.1.2.2.2.2.4.2.2.2.2.2.3.4.2.2.2.2.1.2",0.585469170833607,FALSE,TRUE,39
"2.2.2.1.2.2.2.2.3.3.2.2.2.2.3.4.2.2.2.2.1.2",0.542106610109159,FALSE,TRUE,39
"2.2.2.1.2.2.2.2.3.2.3.2.2.2.3.4.2.2.2.2.1.2",0.651287481946942,FALSE,TRUE,39
"2.2.2.1.2.2.2.2.3.2.2.3.2.2.3.4.2.2.2.2.1.2",0.549253092448455,FALSE,TRUE,39
"2.2.2.1.2.2.2.2.3.2.2.2.3.2.3.4.2.2.2.2.1.2",0.522566514153961,FALSE,TRUE,39
"2.2.2.1.2.2.2.2.3.2.2.2.2.3.3.4.2.2.2.2.1.2",0.588422414575714,FALSE,TRUE,39
"2.2.2.1.2.2.2.2.3.2.2.2.2.2.4.4.2.2.2.2.1.2",0.572912728707233,FALSE,TRUE,40
"2.2.2.1.2.2.2.2.3.2.2.2.2.2.3.5.2.2.2.2.1.2",0.541912062518955,FALSE,TRUE,39
"2.2.2.1.2.2.2.2.3.2.2.2.2.2.3.4.3.2.2.2.1.2",0.623372183598528,FALSE,TRUE,39
"2.2.2.1.2.2.2.2.3.2.2.2.2.2.3.4.2.3.2.2.1.2",0.735445734047981,FALSE,TRUE,39
"2.2.2.1.2.2.2.2.3.2.2.2.2.2.3.4.2.2.3.2.1.2",0.597434532799962,FALSE,TRUE,39
"2.2.2.1.2.2.2.2.3.2.2.2.2.2.3.4.2.2.2.3.1.2",0.55944111522016,FALSE,TRUE,39
"2.2.2.1.2.2.2.2.3.2.2.2.2.2.3.4.2.2.2.2.2.2",0.692591615274128,FALSE,TRUE,40
"2.2.2.1.2.2.2.2.3.2.2.2.2.2.3.4.2.2.2.2.1.3",0.712632604755505,FALSE,TRUE,39
"1.2.2.1.2.2.2.2.3.2.2.2.2.2.3.4.2.2.2.2.1.2",0.545846729113226,FALSE,TRUE,38
"2.1.2.1.2.2.2.2.3.2.2.2.2.2.3.4.2.2.2.2.1.2",0.511192762902423,FALSE,TRUE,38
"2.2.1.1.2.2.2.2.3.2.2.2.2.2.3.4.2.2.2.2.1.2",0.511887176489935,FALSE,TRUE,38
"2.2.2.1.1.2.2.2.3.2.2.2.2.2.3.4.2.2.2.2.1.2",0.576531206004111,FALSE,TRUE,37
"2.2.2.1.2.1.2.2.3.2.2.2.2.2.3.4.2.2.2.2.1.2",0.619376190055765,FALSE,TRUE,38
"2.2.2.1.2.2.1.2.3.2.2.2.2.2.3.4.2.2.2.2.1.2",0.518029682052011,FALSE,TRUE,38
"2.2.2.1.2.2.2.1.3.2.2.2.2.2.3.4.2.2.2.2.1.2",0.454494303557706,FALSE,TRUE,38
"2.2.2.1.2.2.2.2.2.2.2.2.2.2.3.4.2.2.2.2.1.2",0.549557584620868,FALSE,TRUE,39
"2.2.2.1.2.2.2.2.3.1.2.2.2.2.3.4.2.2.2.2.1.2",0.647658384023058,FALSE,TRUE,38
"2.2.2.1.2.2.2.2.3.2.1.2.2.2.3.4.2.2.2.2.1.2",0.484954633738193,FALSE,TRUE,38
"2.2.2.1.2.2.2.2.3.2.2.1.2.2.3.4.2.2.2.2.1.2",0.653702165588063,FALSE,TRUE,38
"2.2.2.1.2.2.2.2.3.2.2.2.1.2.3.4.2.2.2.2.1.2",0.679458464798305,FALSE,TRUE,38
"2.2.2.1.2.2.2.2.3.2.2.2.2.1.3.4.2.2.2.2.1.2",0.596422458106851,FALSE,TRUE,37
"2.2.2.1.2.2.2.2.3.2.2.2.2.2.3.3.2.2.2.2.1.2",0.647626738705092,FALSE,TRUE,39
"2.2.2.1.2.2.2.2.3.2.2.2.2.2.3.4.1.2.2.2.1.2",0.527027502360309,FALSE,TRUE,38
"2.2.2.1.2.2.2.2.3.2.2.2.2.2.3.4.2.1.2.2.1.2",0.406757156714853,FALSE,TRUE,38
"2.2.2.1.2.2.2.2.3.2.2.2.2.2.3.4.2.2.1.2.1.2",0.60775104620717,FALSE,TRUE,38
"2.2.2.1.2.2.2.2.3.2.2.2.2.2.3.4.2.2.2.1.1.2",0.573323198411459,FALSE,TRUE,38
"2.2.2.1.2.2.2.2.3.2.2.2.2.2.3.4.2.2.2.2.1.1",0.433955522661297,FALSE,TRUE,38
"3.2.2.2.2.3.2.2.3.2.2.2.2.2.3.4.2.2.2.2.1.2",0.528676697344676,FALSE,TRUE,39
"2.3.2.2.2.3.2.2.3.2.2.2.2.2.3.4.2.2.2.2.1.2",0.60582618583227,FALSE,TRUE,39
"2.2.3.2.2.3.2.2.3.2.2.2.2.2.3.4.2.2.2.2.1.2",0.498210913218456,FALSE,TRUE,39
"2.2.2.3.2.3.2.2.3.2.2.2.2.2.3.4.2.2.2.2.1.2",0.446017574134743,FALSE,TRUE,39
"2.2.2.2.3.3.2.2.3.2.2.2.2.2.3.4.2.2.2.2.1.2",0.543970392364792,FALSE,TRUE,40
"2.2.2.2.2.4.2.2.3.2.2.2.2.2.3.4.2.2.2.2.1.2",0.424457735220043,FALSE,TRUE,40
"2.2.2.2.2.3.3.2.3.2.2.2.2.2.3.4.2.2.2.2.1.2",0.619159866110221,FALSE,TRUE,39
"2.2.2.2.2.3.2.3.3.2.2.2.2.2.3.4.2.2.2.2.1.2",0.552620049216043,FALSE,TRUE,38
"2.2.2.2.2.3.2.2.4.2.2.2.2.2.3.4.2.2.2.2.1.2",0.450097883649302,FALSE,TRUE,39
"2.2.2.2.2.3.2.2.3.3.2.2.2.2.3.4.2.2.2.2.1.2",0.397999288588829,FALSE,TRUE,39
"2.2.2.2.2.3.2.2.3.2.3.2.2.2.3.4.2.2.2.2.1.2",0.531982675904646,FALSE,TRUE,39
"2.2.2.2.2.3.2.2.3.2.2.3.2.2.3.4.2.2.2.2.1.2",0.472600590541284,FALSE,TRUE,39
"2.2.2.2.2.3.2.2.3.2.2.2.3.2.3.4.2.2.2.2.1.2",0.415869808965097,FALSE,TRUE,39
"2.2.2.2.2.3.2.2.3.2.2.2.2.3.3.4.2.2.2.2.1.2",0.451346949281425,FALSE,TRUE,39
"2.2.2.2.2.3.2.2.3.2.2.2.2.2.4.4.2.2.2.2.1.2",0.470596569181109,FALSE,TRUE,39
"2.2.2.2.2.3.2.2.3.2.2.2.2.2.3.5.2.2.2.2.1.2",0.461230783793175,FALSE,TRUE,39
"2.2.2.2.2.3.2.2.3.2.2.2.2.2.3.4.3.2.2.2.1.2",0.473263257759108,FALSE,TRUE,39
"2.2.2.2.2.3.2.2.3.2.2.2.2.2.3.4.2.3.2.2.1.2",0.57923459391888,FALSE,TRUE,39
"2.2.2.2.2.3.2.2.3.2.2.2.2.2.3.4.2.2.3.2.1.2",0.531980196375705,FALSE,TRUE,39
"2.2.2.2.2.3.2.2.3.2.2.2.2.2.3.4.2.2.2.3.1.2",0.493442579707202,FALSE,TRUE,39
"2.2.2.2.2.3.2.2.3.2.2.2.2.2.3.4.2.2.2.2.2.2",0.59665819012875,FALSE,TRUE,40
"2.2.2.2.2.3.2.2.3.2.2.2.2.2.3.4.2.2.2.2.1.3",0.573702674080137,FALSE,TRUE,39
"1.2.2.2.2.3.2.2.3.2.2.2.2.2.3.4.2.2.2.2.1.2",0.458858607915804,FALSE,TRUE,38
"2.1.2.2.2.3.2.2.3.2.2.2.2.2.3.4.2.2.2.2.1.2",0.422660835842692,FALSE,TRUE,38
"2.2.1.2.2.3.2.2.3.2.2.2.2.2.3.4.2.2.2.2.1.2",0.461608220036594,FALSE,TRUE,38
"2.2.2.2.2.3.1.2.3.2.2.2.2.2.3.4.2.2.2.2.1.2",0.416303272462388,FALSE,TRUE,38
"2.2.2.2.2.3.2.1.3.2.2.2.2.2.3.4.2.2.2.2.1.2",0.429957555239459,FALSE,TRUE,38
"2.2.2.2.2.3.2.2.2.2.2.2.2.2.3.4.2.2.2.2.1.2",0.528366425892198,FALSE,TRUE,39
"2.2.2.2.2.3.2.2.3.1.2.2.2.2.3.4.2.2.2.2.1.2",0.625075581007787,FALSE,TRUE,38
"2.2.2.2.2.3.2.2.3.2.1.2.2.2.3.4.2.2.2.2.1.2",0.430618590833364,FALSE,TRUE,38
"2.2.2.2.2.3.2.2.3.2.2.1.2.2.3.4.2.2.2.2.1.2",0.545543957545686,FALSE,TRUE,38
"2.2.2.2.2.3.2.2.3.2.2.2.1.2.3.4.2.2.2.2.1.2",0.612909322936542,FALSE,TRUE,38
"2.2.2.2.2.3.2.2.3.2.2.2.2.2.3.3.2.2.2.2.1.2",0.568201105835015,FALSE,TRUE,38
"2.2.2.2.2.3.2.2.3.2.2.2.2.2.3.4.1.2.2.2.1.2",0.4978472074185,FALSE,TRUE,38
"2.2.2.2.2.3.2.2.3.2.2.2.2.2.3.4.2.1.2.2.1.2",0.371309015437375,FALSE,TRUE,38
"2.2.2.2.2.3.2.2.3.2.2.2.2.2.3.4.2.2.1.2.1.2",0.492963177033715,FALSE,TRUE,38
"2.2.2.2.2.3.2.2.3.2.2.2.2.2.3.4.2.2.2.1.1.2",0.484036027379386,FALSE,TRUE,38
"2.2.2.2.2.3.2.2.3.2.2.2.2.2.3.4.2.2.2.2.1.1",0.385305842535321,FALSE,TRUE,38
"3.2.2.2.3.2.2.2.2.2.2.2.2.2.2.2.2.1.2.2.3.2",0.443875311257406,FALSE,TRUE,39
"2.3.2.2.3.2.2.2.2.2.2.2.2.2.2.2.2.1.2.2.3.2",0.309293382683567,FALSE,TRUE,39
"2.2.3.2.3.2.2.2.2.2.2.2.2.2.2.2.2.1.2.2.3.2",0.19303415381643,FALSE,TRUE,39
"2.2.2.3.3.2.2.2.2.2.2.2.2.2.2.2.2.1.2.2.3.2",0.383049088931629,FALSE,TRUE,39
"2.2.2.2.4.2.2.2.2.2.2.2.2.2.2.2.2.1.2.2.3.2",0.250025804495452,FALSE,TRUE,40
"2.2.2.2.3.3.2.2.2.2.2.2.2.2.2.2.2.1.2.2.3.2",0.38352921995621,FALSE,TRUE,40
"2.2.2.2.3.2.3.2.2.2.2.2.2.2.2.2.2.1.2.2.3.2",0.385848248527229,FALSE,TRUE,39
"2.2.2.2.3.2.2.3.2.2.2.2.2.2.2.2.2.1.2.2.3.2",0.513851630648745,FALSE,TRUE,39
"2.2.2.2.3.2.2.2.3.2.2.2.2.2.2.2.2.1.2.2.3.2",0.379113393208767,FALSE,TRUE,39
"2.2.2.2.3.2.2.2.2.3.2.2.2.2.2.2.2.1.2.2.3.2",0.397286522050105,FALSE,TRUE,39
"2.2.2.2.3.2.2.2.2.2.3.2.2.2.2.2.2.1.2.2.3.2",0.476343149660817,FALSE,TRUE,39
"2.2.2.2.3.2.2.2.2.2.2.3.2.2.2.2.2.1.2.2.3.2",0.349761646391849,FALSE,TRUE,39
"2.2.2.2.3.2.2.2.2.2.2.2.3.2.2.2.2.1.2.2.3.2",0.348840693543702,FALSE,TRUE,39
"2.2.2.2.3.2.2.2.2.2.2.2.2.3.2.2.2.1.2.2.3.2",0.3639503331005,FALSE,TRUE,39
"2.2.2.2.3.2.2.2.2.2.2.2.2.2.3.2.2.1.2.2.3.2",0.344669355452932,FALSE,TRUE,39
"2.2.2.2.3.2.2.2.2.2.2.2.2.2.2.3.2.1.2.2.3.2",0.409748932918662,FALSE,TRUE,39
"2.2.2.2.3.2.2.2.2.2.2.2.2.2.2.2.3.1.2.2.3.2",0.441754201288994,FALSE,TRUE,39
"2.2.2.2.3.2.2.2.2.2.2.2.2.2.2.2.2.1.3.2.3.2",0.37126380351508,FALSE,TRUE,39
"2.2.2.2.3.2.2.2.2.2.2.2.2.2.2.2.2.1.2.3.3.2",0.413498314097313,FALSE,TRUE,39
"2.2.2.2.3.2.2.2.2.2.2.2.2.2.2.2.2.1.2.2.4.2",0.338194735694484,FALSE,TRUE,39
"2.2.2.2.3.2.2.2.2.2.2.2.2.2.2.2.2.1.2.2.3.3",0.322671523711332,FALSE,TRUE,39
"1.2.2.2.3.2.2.2.2.2.2.2.2.2.2.2.2.1.2.2.3.2",0.240871163274869,FALSE,TRUE,38
"2.1.2.2.3.2.2.2.2.2.2.2.2.2.2.2.2.1.2.2.3.2",0.31935291440412,FALSE,TRUE,38
"2.2.1.2.3.2.2.2.2.2.2.2.2.2.2.2.2.1.2.2.3.2",0.488637859609216,FALSE,TRUE,38
"2.2.2.1.3.2.2.2.2.2.2.2.2.2.2.2.2.1.2.2.3.2",0.290544686372519,FALSE,TRUE,38
"2.2.2.2.3.2.1.2.2.2.2.2.2.2.2.2.2.1.2.2.3.2",0.291573987594863,FALSE,TRUE,38
"2.2.2.2.3.2.2.1.2.2.2.2.2.2.2.2.2.1.2.2.3.2",0.14437316674282,FALSE,TRUE,38
"2.2.2.2.3.2.2.2.1.2.2.2.2.2.2.2.2.1.2.2.3.2",0.305649112390238,FALSE,TRUE,38
"2.2.2.2.3.2.2.2.2.1.2.2.2.2.2.2.2.1.2.2.3.2",0.276807733755285,FALSE,TRUE,38
"2.2.2.2.3.2.2.2.2.2.1.2.2.2.2.2.2.1.2.2.3.2",0.223756325185207,FALSE,TRUE,38
"2.2.2.2.3.2.2.2.2.2.2.1.2.2.2.2.2.1.2.2.3.2",0.331238807306474,FALSE,TRUE,38
"2.2.2.2.3.2.2.2.2.2.2.2.1.2.2.2.2.1.2.2.3.2",0.336820109159463,FALSE,TRUE,38
"2.2.2.2.3.2.2.2.2.2.2.2.2.1.2.2.2.1.2.2.3.2",0.307285122815213,FALSE,TRUE,38
"2.2.2.2.3.2.2.2.2.2.2.2.2.2.1.2.2.1.2.2.3.2",0.299973319951283,FALSE,TRUE,38
"2.2.2.2.3.2.2.2.2.2.2.2.2.2.2.1.2.1.2.2.3.2",0.263091015208821,FALSE,TRUE,38
"2.2.2.2.3.2.2.2.2.2.2.2.2.2.2.2.1.1.2.2.3.2",0.222530396050884,FALSE,TRUE,38
"2.2.2.2.3.2.2.2.2.2.2.2.2.2.2.2.2.1.1.2.3.2",0.330648798146434,FALSE,TRUE,38
"2.2.2.2.3.2.2.2.2.2.2.2.2.2.2.2.2.1.2.1.3.2",0.209535095966475,FALSE,TRUE,38
"2.2.2.2.3.2.2.2.2.2.2.2.2.2.2.2.2.1.2.2.2.2",0.340164155263602,FALSE,TRUE,39
"2.2.2.2.3.2.2.2.2.2.2.2.2.2.2.2.2.1.2.2.3.1",0.340176969273364,FALSE,TRUE,38
"3.2.2.2.2.2.2.2.2.2.2.2.2.2.2.2.2.1.2.2.3.2",0.48242085814833,FALSE,TRUE,40
"2.3.2.2.2.2.2.2.2.2.2.2.2.2.2.2.2.1.2.2.3.2",0.399140397622047,FALSE,TRUE,40
"2.2.3.2.2.2.2.2.2.2.2.2.2.2.2.2.2.1.2.2.3.2",0.304720645563537,FALSE,TRUE,40
"2.2.2.3.2.2.2.2.2.2.2.2.2.2.2.2.2.1.2.2.3.2",0.452754483525683,FALSE,TRUE,40
"2.2.2.2.2.3.2.2.2.2.2.2.2.2.2.2.2.1.2.2.3.2",0.395475715889809,FALSE,TRUE,40
"2.2.2.2.2.2.3.2.2.2.2.2.2.2.2.2.2.1.2.2.3.2",0.488346662275341,FALSE,TRUE,40
"2.2.2.2.2.2.2.3.2.2.2.2.2.2.2.2.2.1.2.2.3.2",0.573020542008141,FALSE,TRUE,40
"2.2.2.2.2.2.2.2.3.2.2.2.2.2.2.2.2.1.2.2.3.2",0.415030798254253,FALSE,TRUE,40
"2.2.2.2.2.2.2.2.2.3.2.2.2.2.2.2.2.1.2.2.3.2",0.433171078628649,FALSE,TRUE,40
"2.2.2.2.2.2.2.2.2.2.3.2.2.2.2.2.2.1.2.2.3.2",0.478891332476971,FALSE,TRUE,40
"2.2.2.2.2.2.2.2.2.2.2.3.2.2.2.2.2.1.2.2.3.2",0.397201847932489,FALSE,TRUE,40
"2.2.2.2.2.2.2.2.2.2.2.2.3.2.2.2.2.1.2.2.3.2",0.349209228204575,FALSE,TRUE,39
"2.2.2.2.2.2.2.2.2.2.2.2.2.3.2.2.2.1.2.2.3.2",0.385611423374166,FALSE,TRUE,40
"2.2.2.2.2.2.2.2.2.2.2.2.2.2.3.2.2.1.2.2.3.2",0.45688404702178,FALSE,TRUE,40
"2.2.2.2.2.2.2.2.2.2.2.2.2.2.2.3.2.1.2.2.3.2",0.442674100191035,FALSE,TRUE,39
"2.2.2.2.2.2.2.2.2.2.2.2.2.2.2.2.3.1.2.2.3.2",0.508998423909791,FALSE,TRUE,38
"2.2.2.2.2.2.2.2.2.2.2.2.2.2.2.2.2.1.3.2.3.2",0.426189112425329,FALSE,TRUE,40
"2.2.2.2.2.2.2.2.2.2.2.2.2.2.2.2.2.1.2.3.3.2",0.445961516921097,FALSE,TRUE,40
"2.2.2.2.2.2.2.2.2.2.2.2.2.2.2.2.2.1.2.2.4.2",0.39754448834818,FALSE,TRUE,40
"2.2.2.2.2.2.2.2.2.2.2.2.2.2.2.2.2.1.2.2.3.3",0.378902129811385,FALSE,TRUE,40
"1.2.2.2.2.2.2.2.2.2.2.2.2.2.2.2.2.1.2.2.3.2",0.277300105016135,FALSE,TRUE,39
"2.1.2.2.2.2.2.2.2.2.2.2.2.2.2.2.2.1.2.2.3.2",0.339402339392324,FALSE,TRUE,39
"2.2.1.2.2.2.2.2.2.2.2.2.2.2.2.2.2.1.2.2.3.2",0.466029081192745,FALSE,TRUE,39
"2.2.2.1.2.2.2.2.2.2.2.2.2.2.2.2.2.1.2.2.3.2",0.31315831800156,FALSE,TRUE,38
"2.2.2.2.2.1.2.2.2.2.2.2.2.2.2.2.2.1.2.2.3.2",0.37198496674812,FALSE,TRUE,39
"2.2.2.2.2.2.1.2.2.2.2.2.2.2.2.2.2.1.2.2.3.2",0.30148387840632,FALSE,TRUE,37
"2.2.2.2.2.2.2.1.2.2.2.2.2.2.2.2.2.1.2.2.3.2",0.168452137766699,FALSE,TRUE,39
"2.2.2.2.2.2.2.2.1.2.2.2.2.2.2.2.2.1.2.2.3.2",0.367849976561495,FALSE,TRUE,39
"2.2.2.2.2.2.2.2.2.1.2.2.2.2.2.2.2.1.2.2.3.2",0.331010803578212,FALSE,TRUE,38
"2.2.2.2.2.2.2.2.2.2.1.2.2.2.2.2.2.1.2.2.3.2",0.317426695007022,FALSE,TRUE,38
"2.2.2.2.2.2.2.2.2.2.2.1.2.2.2.2.2.1.2.2.3.2",0.386797423782241,FALSE,TRUE,39
"2.2.2.2.2.2.2.2.2.2.2.2.1.2.2.2.2.1.2.2.3.2",0.444367953137655,FALSE,TRUE,39
"2.2.2.2.2.2.2.2.2.2.2.2.2.1.2.2.2.1.2.2.3.2",0.377987371944982,FALSE,TRUE,39
"2.2.2.2.2.2.2.2.2.2.2.2.2.2.1.2.2.1.2.2.3.2",0.276147149778923,FALSE,TRUE,39
"2.2.2.2.2.2.2.2.2.2.2.2.2.2.2.1.2.1.2.2.3.2",0.322627361168215,FALSE,TRUE,39
"2.2.2.2.2.2.2.2.2.2.2.2.2.2.2.2.1.1.2.2.3.2",0.247693782222735,FALSE,TRUE,39
"2.2.2.2.2.2.2.2.2.2.2.2.2.2.2.2.2.1.1.2.3.2",0.379826168725844,FALSE,TRUE,39
"2.2.2.2.2.2.2.2.2.2.2.2.2.2.2.2.2.1.2.1.3.2",0.287942943593704,FALSE,TRUE,38
"2.2.2.2.2.2.2.2.2.2.2.2.2.2.2.2.2.1.2.2.3.1",0.379684412728003,FALSE,TRUE,39
"3.2.2.2.2.3.2.2.3.2.2.2.2.1.3.4.2.2.2.2.1.2",0.506029291656125,FALSE,TRUE,38
"2.3.2.2.2.3.2.2.3.2.2.2.2.1.3.4.2.2.2.2.1.2",0.6237656346004,FALSE,TRUE,38
"2.2.3.2.2.3.2.2.3.2.2.2.2.1.3.4.2.2.2.2.1.2",0.535325110040776,FALSE,TRUE,38
"2.2.2.3.2.3.2.2.3.2.2.2.2.1.3.4.2.2.2.2.1.2",0.467630118378863,FALSE,TRUE,38
"2.2.2.2.3.3.2.2.3.2.2.2.2.1.3.4.2.2.2.2.1.2",0.550957287445408,FALSE,TRUE,38
"2.2.2.2.2.4.2.2.3.2.2.2.2.1.3.4.2.2.2.2.1.2",0.485381820139593,FALSE,TRUE,38
"2.2.2.2.2.3.3.2.3.2.2.2.2.1.3.4.2.2.2.2.1.2",0.63635810294742,FALSE,TRUE,38
"2.2.2.2.2.3.2.3.3.2.2.2.2.1.3.4.2.2.2.2.1.2",0.584189509094218,FALSE,TRUE,38
"2.2.2.2.2.3.2.2.4.2.2.2.2.1.3.4.2.2.2.2.1.2",0.463905390926445,FALSE,TRUE,39
"2.2.2.2.2.3.2.2.3.3.2.2.2.1.3.4.2.2.2.2.1.2",0.43529981764574,FALSE,TRUE,37
"2.2.2.2.2.3.2.2.3.2.3.2.2.1.3.4.2.2.2.2.1.2",0.558859861735866,FALSE,TRUE,38
"2.2.2.2.2.3.2.2.3.2.2.3.2.1.3.4.2.2.2.2.1.2",0.456389678414302,FALSE,TRUE,38
"2.2.2.2.2.3.2.2.3.2.2.2.3.1.3.4.2.2.2.2.1.2",0.448159336565626,FALSE,TRUE,38
"2.2.2.2.2.3.2.2.3.2.2.2.2.1.4.4.2.2.2.2.1.2",0.452970550604892,FALSE,TRUE,38
"2.2.2.2.2.3.2.2.3.2.2.2.2.1.3.5.2.2.2.2.1.2",0.499671288500371,FALSE,TRUE,38
"2.2.2.2.2.3.2.2.3.2.2.2.2.1.3.4.3.2.2.2.1.2",0.494181547791588,FALSE,TRUE,38
"2.2.2.2.2.3.2.2.3.2.2.2.2.1.3.4.2.3.2.2.1.2",0.638122057493425,FALSE,TRUE,38
"2.2.2.2.2.3.2.2.3.2.2.2.2.1.3.4.2.2.3.2.1.2",0.525955588904744,FALSE,TRUE,38
"2.2.2.2.2.3.2.2.3.2.2.2.2.1.3.4.2.2.2.3.1.2",0.472390648231632,FALSE,TRUE,39
"2.2.2.2.2.3.2.2.3.2.2.2.2.1.3.4.2.2.2.2.2.2",0.643072906043438,FALSE,TRUE,39
"2.2.2.2.2.3.2.2.3.2.2.2.2.1.3.4.2.2.2.2.1.3",0.618522955936389,FALSE,TRUE,38
"1.2.2.2.2.3.2.2.3.2.2.2.2.1.3.4.2.2.2.2.1.2",0.518984324488204,FALSE,TRUE,37
"2.1.2.2.2.3.2.2.3.2.2.2.2.1.3.4.2.2.2.2.1.2",0.429620340150065,FALSE,TRUE,37
"2.2.1.2.2.3.2.2.3.2.2.2.2.1.3.4.2.2.2.2.1.2",0.459135336602204,FALSE,TRUE,37
"2.2.2.1.2.3.2.2.3.2.2.2.2.1.3.4.2.2.2.2.1.2",0.599440436347581,FALSE,TRUE,36
"2.2.2.2.1.3.2.2.3.2.2.2.2.1.3.4.2.2.2.2.1.2",0.50991480224093,FALSE,TRUE,37
"2.2.2.2.2.3.1.2.3.2.2.2.2.1.3.4.2.2.2.2.1.2",0.437217248500271,FALSE,TRUE,37
"2.2.2.2.2.3.2.1.3.2.2.2.2.1.3.4.2.2.2.2.1.2",0.435994827055177,FALSE,TRUE,37
"2.2.2.2.2.3.2.2.3.1.2.2.2.1.3.4.2.2.2.2.1.2",0.627159338631473,FALSE,TRUE,37
"2.2.2.2.2.3.2.2.3.2.1.2.2.1.3.4.2.2.2.2.1.2",0.43656881545514,FALSE,TRUE,37
"2.2.2.2.2.3.2.2.3.2.2.1.2.1.3.4.2.2.2.2.1.2",0.592206556500718,FALSE,TRUE,37
"2.2.2.2.2.3.2.2.3.2.2.2.1.1.3.4.2.2.2.2.1.2",0.611305008821725,FALSE,TRUE,37
"2.2.2.2.2.3.2.2.3.2.2.2.2.1.2.4.2.2.2.2.1.2",0.495453070029454,FALSE,TRUE,37
"2.2.2.2.2.3.2.2.3.2.2.2.2.1.3.3.2.2.2.2.1.2",0.558641224600915,FALSE,TRUE,38
"2.2.2.2.2.3.2.2.3.2.2.2.2.1.3.4.1.2.2.2.1.2",0.511666335188287,FALSE,TRUE,37
"2.2.2.2.2.3.2.2.3.2.2.2.2.1.3.4.2.1.2.2.1.2",0.363562985065143,FALSE,TRUE,37
"2.2.2.2.2.3.2.2.3.2.2.2.2.1.3.4.2.2.1.2.1.2",0.533706491070325,FALSE,TRUE,37
"2.2.2.2.2.3.2.2.3.2.2.2.2.1.3.4.2.2.2.2.1.1",0.390193194226835,FALSE,TRUE,37
"3.3.2.2.2.2.2.2.2.2.2.2.2.2.2.3.2.1.2.2.1.2",0.409803924424049,FALSE,TRUE,40
"2.4.2.2.2.2.2.2.2.2.2.2.2.2.2.3.2.1.2.2.1.2",0.32654243424771,FALSE,TRUE,41
"2.3.3.2.2.2.2.2.2.2.2.2.2.2.2.3.2.1.2.2.1.2",0.403422282624061,FALSE,TRUE,40
"2.3.2.3.2.2.2.2.2.2.2.2.2.2.2.3.2.1.2.2.1.2",0.360787438219933,FALSE,TRUE,40
"2.3.2.2.3.2.2.2.2.2.2.2.2.2.2.3.2.1.2.2.1.2",0.328036762934731,FALSE,TRUE,40
"2.3.2.2.2.3.2.2.2.2.2.2.2.2.2.3.2.1.2.2.1.2",0.327987981621574,FALSE,TRUE,40
"2.3.2.2.2.2.3.2.2.2.2.2.2.2.2.3.2.1.2.2.1.2",0.394378266310873,FALSE,TRUE,39
"2.3.2.2.2.2.2.3.2.2.2.2.2.2.2.3.2.1.2.2.1.2",0.50093484431638,FALSE,TRUE,40
"2.3.2.2.2.2.2.2.3.2.2.2.2.2.2.3.2.1.2.2.1.2",0.377332103044261,FALSE,TRUE,39
"2.3.2.2.2.2.2.2.2.3.2.2.2.2.2.3.2.1.2.2.1.2",0.388119841421886,FALSE,TRUE,40
"2.3.2.2.2.2.2.2.2.2.3.2.2.2.2.3.2.1.2.2.1.2",0.423981859809718,FALSE,TRUE,40
"2.3.2.2.2.2.2.2.2.2.2.3.2.2.2.3.2.1.2.2.1.2",0.31435706790482,FALSE,TRUE,40
"2.3.2.2.2.2.2.2.2.2.2.2.3.2.2.3.2.1.2.2.1.2",0.250901169320849,FALSE,TRUE,40
"2.3.2.2.2.2.2.2.2.2.2.2.2.3.2.3.2.1.2.2.1.2",0.325724864563871,FALSE,TRUE,40
"2.3.2.2.2.2.2.2.2.2.2.2.2.2.3.3.2.1.2.2.1.2",0.485460497628216,FALSE,TRUE,40
"2.3.2.2.2.2.2.2.2.2.2.2.2.2.2.4.2.1.2.2.1.2",0.288320683905173,FALSE,TRUE,40
"2.3.2.2.2.2.2.2.2.2.2.2.2.2.2.3.3.1.2.2.1.2",0.473162713694052,FALSE,TRUE,40
"2.3.2.2.2.2.2.2.2.2.2.2.2.2.2.3.2.1.3.2.1.2",0.324527621720948,FALSE,TRUE,40
"2.3.2.2.2.2.2.2.2.2.2.2.2.2.2.3.2.1.2.3.1.2",0.316016809880192,FALSE,TRUE,40
"2.3.2.2.2.2.2.2.2.2.2.2.2.2.2.3.2.1.2.2.2.2",0.428945582250154,FALSE,TRUE,41
"2.3.2.2.2.2.2.2.2.2.2.2.2.2.2.3.2.1.2.2.1.3",0.446955514711598,FALSE,TRUE,40
"1.3.2.2.2.2.2.2.2.2.2.2.2.2.2.3.2.1.2.2.1.2",0.23563484231109,FALSE,TRUE,39
"2.3.1.2.2.2.2.2.2.2.2.2.2.2.2.3.2.1.2.2.1.2",0.232579825342776,FALSE,TRUE,39
"2.3.2.1.2.2.2.2.2.2.2.2.2.2.2.3.2.1.2.2.1.2",0.244500157160865,FALSE,TRUE,39
"2.3.2.2.1.2.2.2.2.2.2.2.2.2.2.3.2.1.2.2.1.2",0.293810717612769,FALSE,TRUE,39
"2.3.2.2.2.1.2.2.2.2.2.2.2.2.2.3.2.1.2.2.1.2",0.330212259764298,FALSE,TRUE,39
"2.3.2.2.2.2.1.2.2.2.2.2.2.2.2.3.2.1.2.2.1.2",0.278769694557088,FALSE,TRUE,39
"2.3.2.2.2.2.2.1.2.2.2.2.2.2.2.3.2.1.2.2.1.2",0.111311880102141,FALSE,TRUE,39
"2.3.2.2.2.2.2.2.1.2.2.2.2.2.2.3.2.1.2.2.1.2",0.237841077280678,FALSE,TRUE,39
"2.3.2.2.2.2.2.2.2.1.2.2.2.2.2.3.2.1.2.2.1.2",0.241426687313613,FALSE,TRUE,39
"2.3.2.2.2.2.2.2.2.2.1.2.2.2.2.3.2.1.2.2.1.2",0.225242409740716,FALSE,TRUE,39
"2.3.2.2.2.2.2.2.2.2.2.1.2.2.2.3.2.1.2.2.1.2",0.342325724260927,FALSE,TRUE,39
"2.3.2.2.2.2.2.2.2.2.2.2.1.2.2.3.2.1.2.2.1.2",0.399793054937907,FALSE,TRUE,39
"2.3.2.2.2.2.2.2.2.2.2.2.2.1.2.3.2.1.2.2.1.2",0.320459123235508,FALSE,TRUE,39
"2.3.2.2.2.2.2.2.2.2.2.2.2.2.1.3.2.1.2.2.1.2",0.0963607694389211,FALSE,TRUE,39
"2.3.2.2.2.2.2.2.2.2.2.2.2.2.2.2.2.1.2.2.1.2",0.329416361842534,FALSE,TRUE,39
"2.3.2.2.2.2.2.2.2.2.2.2.2.2.2.3.1.1.2.2.1.2",0.164638574894888,FALSE,TRUE,39
"2.3.2.2.2.2.2.2.2.2.2.2.2.2.2.3.2.1.1.2.1.2",0.342913007483442,FALSE,TRUE,39
"2.3.2.2.2.2.2.2.2.2.2.2.2.2.2.3.2.1.2.1.1.2",0.265243188132722,FALSE,TRUE,39
"2.3.2.2.2.2.2.2.2.2.2.2.2.2.2.3.2.1.2.2.1.1",0.17523204259555,FALSE,TRUE,39
"4.2.2.2.2.2.2.2.3.2.2.2.3.2.2.3.2.2.2.2.1.2",0.29597083234511,FALSE,TRUE,41
"3.3.2.2.2.2.2.2.3.2.2.2.3.2.2.3.2.2.2.2.1.2",0.491801746583317,FALSE,TRUE,41
"3.2.3.2.2.2.2.2.3.2.2.2.3.2.2.3.2.2.2.2.1.2",0.459333547809928,FALSE,TRUE,41
"3.2.2.3.2.2.2.2.3.2.2.2.3.2.2.3.2.2.2.2.1.2",0.354733582858701,FALSE,TRUE,41
"3.2.2.2.3.2.2.2.3.2.2.2.3.2.2.3.2.2.2.2.1.2",0.412448431662744,FALSE,TRUE,41
"3.2.2.2.2.3.2.2.3.2.2.2.3.2.2.3.2.2.2.2.1.2",0.401481817666957,FALSE,TRUE,41
"3.2.2.2.2.2.3.2.3.2.2.2.3.2.2.3.2.2.2.2.1.2",0.498615914347864,FALSE,TRUE,41
"3.2.2.2.2.2.2.3.3.2.2.2.3.2.2.3.2.2.2.2.1.2",0.451091325560605,FALSE,TRUE,41
"3.2.2.2.2.2.2.2.4.2.2.2.3.2.2.3.2.2.2.2.1.2",0.359204287789359,FALSE,TRUE,41
"3.2.2.2.2.2.2.2.3.3.2.2.3.2.2.3.2.2.2.2.1.2",0.312566892840351,FALSE,TRUE,41
"3.2.2.2.2.2.2.2.3.2.3.2.3.2.2.3.2.2.2.2.1.2",0.451403634405128,FALSE,TRUE,41
"3.2.2.2.2.2.2.2.3.2.2.3.3.2.2.3.2.2.2.2.1.2",0.291410822155323,FALSE,TRUE,41
"3.2.2.2.2.2.2.2.3.2.2.2.4.2.2.3.2.2.2.2.1.2",0.319980951550865,FALSE,TRUE,42
"3.2.2.2.2.2.2.2.3.2.2.2.3.3.2.3.2.2.2.2.1.2",0.423515618732323,FALSE,TRUE,41
"3.2.2.2.2.2.2.2.3.2.2.2.3.2.3.3.2.2.2.2.1.2",0.410868909966304,FALSE,TRUE,41
"3.2.2.2.2.2.2.2.3.2.2.2.3.2.2.4.2.2.2.2.1.2",0.405282901932232,FALSE,TRUE,40
"3.2.2.2.2.2.2.2.3.2.2.2.3.2.2.3.3.2.2.2.1.2",0.397649697314255,FALSE,TRUE,41
"3.2.2.2.2.2.2.2.3.2.2.2.3.2.2.3.2.3.2.2.1.2",0.502259900215839,FALSE,TRUE,41
"3.2.2.2.2.2.2.2.3.2.2.2.3.2.2.3.2.2.3.2.1.2",0.359946303416678,FALSE,TRUE,41
"3.2.2.2.2.2.2.2.3.2.2.2.3.2.2.3.2.2.2.3.1.2",0.32915265666398,FALSE,TRUE,41
"3.2.2.2.2.2.2.2.3.2.2.2.3.2.2.3.2.2.2.2.2.2",0.477148078159167,FALSE,TRUE,42
"3.2.2.2.2.2.2.2.3.2.2.2.3.2.2.3.2.2.2.2.1.3",0.456617930448248,FALSE,TRUE,41
"3.1.2.2.2.2.2.2.3.2.2.2.3.2.2.3.2.2.2.2.1.2",0.301265849092392,FALSE,TRUE,40
"3.2.1.2.2.2.2.2.3.2.2.2.3.2.2.3.2.2.2.2.1.2",0.302602043340043,FALSE,TRUE,40
"3.2.2.1.2.2.2.2.3.2.2.2.3.2.2.3.2.2.2.2.1.2",0.405306181663988,FALSE,TRUE,40
"3.2.2.2.1.2.2.2.3.2.2.2.3.2.2.3.2.2.2.2.1.2",0.366668026410099,FALSE,TRUE,40
"3.2.2.2.2.1.2.2.3.2.2.2.3.2.2.3.2.2.2.2.1.2",0.353929760042893,FALSE,TRUE,40
"3.2.2.2.2.2.1.2.3.2.2.2.3.2.2.3.2.2.2.2.1.2",0.280255745630689,FALSE,TRUE,40
"3.2.2.2.2.2.2.1.3.2.2.2.3.2.2.3.2.2.2.2.1.2",0.249303971072083,FALSE,TRUE,40
"3.2.2.2.2.2.2.2.2.2.2.2.3.2.2.3.2.2.2.2.1.2",0.407498415825288,FALSE,TRUE,40
"3.2.2.2.2.2.2.2.3.1.2.2.3.2.2.3.2.2.2.2.1.2",0.429664604244755,FALSE,TRUE,40
"3.2.2.2.2.2.2.2.3.2.1.2.3.2.2.3.2.2.2.2.1.2",0.301404883230572,FALSE,TRUE,40
"3.2.2.2.2.2.2.2.3.2.2.1.3.2.2.3.2.2.2.2.1.2",0.47188891532954,FALSE,TRUE,40
"3.2.2.2.2.2.2.2.3.2.2.2.3.1.2.3.2.2.2.2.1.2",0.333366014162254,FALSE,TRUE,40
"3.2.2.2.2.2.2.2.3.2.2.2.3.2.1.3.2.2.2.2.1.2",0.33072831812437,FALSE,TRUE,40
"3.2.2.2.2.2.2.2.3.2.2.2.3.2.2.2.2.2.2.2.1.2",0.362036770004112,FALSE,TRUE,41
"3.2.2.2.2.2.2.2.3.2.2.2.3.2.2.3.1.2.2.2.1.2",0.302586677113421,FALSE,TRUE,40
"3.2.2.2.2.2.2.2.3.2.2.2.3.2.2.3.2.1.2.2.1.2",0.198796030926895,FALSE,TRUE,40
"3.2.2.2.2.2.2.2.3.2.2.2.3.2.2.3.2.2.1.2.1.2",0.447418560027017,FALSE,TRUE,40
"3.2.2.2.2.2.2.2.3.2.2.2.3.2.2.3.2.2.2.1.1.2",0.425563544827963,FALSE,TRUE,40
"3.2.2.2.2.2.2.2.3.2.2.2.3.2.2.3.2.2.2.2.1.1",0.26606303763873,FALSE,TRUE,40
"3.2.2.2.2.2.2.2.3.3.2.2.2.2.3.4.2.2.2.2.1.2",0.384294436189112,FALSE,TRUE,41
"2.3.2.2.2.2.2.2.3.3.2.2.2.2.3.4.2.2.2.2.1.2",0.551837413945738,FALSE,TRUE,41
"2.2.3.2.2.2.2.2.3.3.2.2.2.2.3.4.2.2.2.2.1.2",0.432860819072825,FALSE,TRUE,41
"2.2.2.3.2.2.2.2.3.3.2.2.2.2.3.4.2.2.2.2.1.2",0.346833827265979,FALSE,TRUE,41
"2.2.2.2.3.2.2.2.3.3.2.2.2.2.3.4.2.2.2.2.1.2",0.461238247859878,FALSE,TRUE,41
"2.2.2.2.2.2.3.2.3.3.2.2.2.2.3.4.2.2.2.2.1.2",0.545622637147516,FALSE,TRUE,41
"2.2.2.2.2.2.2.3.3.3.2.2.2.2.3.4.2.2.2.2.1.2",0.441618624653174,FALSE,TRUE,40
"2.2.2.2.2.2.2.2.4.3.2.2.2.2.3.4.2.2.2.2.1.2",0.376335345747023,FALSE,TRUE,41
"2.2.2.2.2.2.2.2.3.4.2.2.2.2.3.4.2.2.2.2.1.2",0.292249440156366,FALSE,TRUE,42
"2.2.2.2.2.2.2.2.3.3.3.2.2.2.3.4.2.2.2.2.1.2",0.454318051314472,FALSE,TRUE,41
"2.2.2.2.2.2.2.2.3.3.2.3.2.2.3.4.2.2.2.2.1.2",0.372303713086973,FALSE,TRUE,41
"2.2.2.2.2.2.2.2.3.3.2.2.3.2.3.4.2.2.2.2.1.2",0.35527328621118,FALSE,TRUE,41
"2.2.2.2.2.2.2.2.3.3.2.2.2.3.3.4.2.2.2.2.1.2",0.383709077817193,FALSE,TRUE,40
"2.2.2.2.2.2.2.2.3.3.2.2.2.2.4.4.2.2.2.2.1.2",0.370569207279113,FALSE,TRUE,41
"2.2.2.2.2.2.2.2.3.3.2.2.2.2.3.5.2.2.2.2.1.2",0.400140655658473,FALSE,TRUE,41
"2.2.2.2.2.2.2.2.3.3.2.2.2.2.3.4.3.2.2.2.1.2",0.373350655501147,FALSE,TRUE,41
"2.2.2.2.2.2.2.2.3.3.2.2.2.2.3.4.2.3.2.2.1.2",0.4506737348486,FALSE,TRUE,41
"2.2.2.2.2.2.2.2.3.3.2.2.2.2.3.4.2.2.3.2.1.2",0.440150384550737,FALSE,TRUE,41
"2.2.2.2.2.2.2.2.3.3.2.2.2.2.3.4.2.2.2.3.1.2",0.415190354567437,FALSE,TRUE,41
"2.2.2.2.2.2.2.2.3.3.2.2.2.2.3.4.2.2.2.2.2.2",0.508725675538128,FALSE,TRUE,42
"2.2.2.2.2.2.2.2.3.3.2.2.2.2.3.4.2.2.2.2.1.3",0.491434013596947,FALSE,TRUE,41
"1.2.2.2.2.2.2.2.3.3.2.2.2.2.3.4.2.2.2.2.1.2",0.434646487842529,FALSE,TRUE,40
"2.1.2.2.2.2.2.2.3.3.2.2.2.2.3.4.2.2.2.2.1.2",0.323544724427983,FALSE,TRUE,40
"2.2.1.2.2.2.2.2.3.3.2.2.2.2.3.4.2.2.2.2.1.2",0.378509908313898,FALSE,TRUE,40
"2.2.2.2.1.2.2.2.3.3.2.2.2.2.3.4.2.2.2.2.1.2",0.410866512978463,FALSE,TRUE,39
"2.2.2.2.2.1.2.2.3.3.2.2.2.2.3.4.2.2.2.2.1.2",0.504676300527194,FALSE,TRUE,40
"2.2.2.2.2.2.1.2.3.3.2.2.2.2.3.4.2.2.2.2.1.2",0.381727667055196,FALSE,TRUE,40
"2.2.2.2.2.2.2.1.3.3.2.2.2.2.3.4.2.2.2.2.1.2",0.406536299545115,FALSE,TRUE,40
"2.2.2.2.2.2.2.2.2.3.2.2.2.2.3.4.2.2.2.2.1.2",0.470480589561683,FALSE,TRUE,41
"2.2.2.2.2.2.2.2.3.3.1.2.2.2.3.4.2.2.2.2.1.2",0.363574600389394,FALSE,TRUE,40
"2.2.2.2.2.2.2.2.3.3.2.1.2.2.3.4.2.2.2.2.1.2",0.50533477526128,FALSE,TRUE,40
"2.2.2.2.2.2.2.2.3.3.2.2.1.2.3.4.2.2.2.2.1.2",0.519614712803032,FALSE,TRUE,40
"2.2.2.2.2.2.2.2.3.3.2.2.2.1.3.4.2.2.2.2.1.2",0.462029095286623,FALSE,TRUE,39
"2.2.2.2.2.2.2.2.3.3.2.2.2.2.3.3.2.2.2.2.1.2",0.471659325003996,FALSE,TRUE,40
"2.2.2.2.2.2.2.2.3.3.2.2.2.2.3.4.1.2.2.2.1.2",0.487068672056326,FALSE,TRUE,40
"2.2.2.2.2.2.2.2.3.3.2.2.2.2.3.4.2.1.2.2.1.2",0.361356573638571,FALSE,TRUE,40
"2.2.2.2.2.2.2.2.3.3.2.2.2.2.3.4.2.2.1.2.1.2",0.440151867705965,FALSE,TRUE,40
"2.2.2.2.2.2.2.2.3.3.2.2.2.2.3.4.2.2.2.1.1.2",0.431432118652139,FALSE,TRUE,40
"2.2.2.2.2.2.2.2.3.3.2.2.2.2.3.4.2.2.2.2.1.1",0.312572628321717,FALSE,TRUE,40
"4.2.1.2.2.2.2.2.3.2.2.2.2.2.2.3.2.2.2.2.1.2",0.207932560784545,FALSE,TRUE,40
"3.3.1.2.2.2.2.2.3.2.2.2.2.2.2.3.2.2.2.2.1.2",0.439315545487199,FALSE,TRUE,40
"3.2.1.3.2.2.2.2.3.2.2.2.2.2.2.3.2.2.2.2.1.2",0.289705048625011,FALSE,TRUE,40
"3.2.1.2.3.2.2.2.3.2.2.2.2.2.2.3.2.2.2.2.1.2",0.417145193352136,FALSE,TRUE,40
"3.2.1.2.2.3.2.2.3.2.2.2.2.2.2.3.2.2.2.2.1.2",0.39276936755421,FALSE,TRUE,40
"3.2.1.2.2.2.3.2.3.2.2.2.2.2.2.3.2.2.2.2.1.2",0.46204628499791,FALSE,TRUE,40
"3.2.1.2.2.2.2.3.3.2.2.2.2.2.2.3.2.2.2.2.1.2",0.404313152412353,FALSE,TRUE,40
"3.2.1.2.2.2.2.2.4.2.2.2.2.2.2.3.2.2.2.2.1.2",0.299130768992407,FALSE,TRUE,40
"3.2.1.2.2.2.2.2.3.3.2.2.2.2.2.3.2.2.2.2.1.2",0.264267842958308,FALSE,TRUE,40
"3.2.1.2.2.2.2.2.3.2.3.2.2.2.2.3.2.2.2.2.1.2",0.356459288222056,FALSE,TRUE,40
"3.2.1.2.2.2.2.2.3.2.2.3.2.2.2.3.2.2.2.2.1.2",0.212401603777833,FALSE,TRUE,40
"3.2.1.2.2.2.2.2.3.2.2.2.2.3.2.3.2.2.2.2.1.2",0.384640702506128,FALSE,TRUE,40
"3.2.1.2.2.2.2.2.3.2.2.2.2.2.3.3.2.2.2.2.1.2",0.37532988239015,FALSE,TRUE,40
"3.2.1.2.2.2.2.2.3.2.2.2.2.2.2.4.2.2.2.2.1.2",0.334786266669228,FALSE,TRUE,39
"3.2.1.2.2.2.2.2.3.2.2.2.2.2.2.3.3.2.2.2.1.2",0.375758967606201,FALSE,TRUE,40
"3.2.1.2.2.2.2.2.3.2.2.2.2.2.2.3.2.3.2.2.1.2",0.449940770563557,FALSE,TRUE,40
"3.2.1.2.2.2.2.2.3.2.2.2.2.2.2.3.2.2.3.2.1.2",0.331439392354979,FALSE,TRUE,40
"3.2.1.2.2.2.2.2.3.2.2.2.2.2.2.3.2.2.2.3.1.2",0.299337470409796,FALSE,TRUE,40
"3.2.1.2.2.2.2.2.3.2.2.2.2.2.2.3.2.2.2.2.2.2",0.473987265614439,FALSE,TRUE,41
"3.2.1.2.2.2.2.2.3.2.2.2.2.2.2.3.2.2.2.2.1.3",0.403329986021659,FALSE,TRUE,40
"3.1.1.2.2.2.2.2.3.2.2.2.2.2.2.3.2.2.2.2.1.2",0.259513834421783,FALSE,TRUE,39
"3.2.1.1.2.2.2.2.3.2.2.2.2.2.2.3.2.2.2.2.1.2",0.374643082565019,FALSE,TRUE,39
"3.2.1.2.1.2.2.2.3.2.2.2.2.2.2.3.2.2.2.2.1.2",0.261126336316665,FALSE,TRUE,39
"3.2.1.2.2.1.2.2.3.2.2.2.2.2.2.3.2.2.2.2.1.2",0.292961482661457,FALSE,TRUE,39
"3.2.1.2.2.2.1.2.3.2.2.2.2.2.2.3.2.2.2.2.1.2",0.233648291574429,FALSE,TRUE,39
"3.2.1.2.2.2.2.1.3.2.2.2.2.2.2.3.2.2.2.2.1.2",0.217667212104504,FALSE,TRUE,39
"3.2.1.2.2.2.2.2.2.2.2.2.2.2.2.3.2.2.2.2.1.2",0.379131599872225,FALSE,TRUE,39
"3.2.1.2.2.2.2.2.3.1.2.2.2.2.2.3.2.2.2.2.1.2",0.391740706608434,FALSE,TRUE,39
"3.2.1.2.2.2.2.2.3.2.1.2.2.2.2.3.2.2.2.2.1.2",0.315787212037089,FALSE,TRUE,39
"3.2.1.2.2.2.2.2.3.2.2.1.2.2.2.3.2.2.2.2.1.2",0.466572200676318,FALSE,TRUE,39
"3.2.1.2.2.2.2.2.3.2.2.2.1.2.2.3.2.2.2.2.1.2",0.424010579539256,FALSE,TRUE,39
"3.2.1.2.2.2.2.2.3.2.2.2.2.1.2.3.2.2.2.2.1.2",0.286731586461273,FALSE,TRUE,39
"3.2.1.2.2.2.2.2.3.2.2.2.2.2.1.3.2.2.2.2.1.2",0.288048125685141,FALSE,TRUE,39
"3.2.1.2.2.2.2.2.3.2.2.2.2.2.2.2.2.2.2.2.1.2",0.337233647143381,FALSE,TRUE,40
"3.2.1.2.2.2.2.2.3.2.2.2.2.2.2.3.1.2.2.2.1.2",0.250398974071497,FALSE,TRUE,39
"3.2.1.2.2.2.2.2.3.2.2.2.2.2.2.3.2.1.2.2.1.2",0.162487767275094,FALSE,TRUE,39
"3.2.1.2.2.2.2.2.3.2.2.2.2.2.2.3.2.2.1.2.1.2",0.388055690547432,FALSE,TRUE,39
"3.2.1.2.2.2.2.2.3.2.2.2.2.2.2.3.2.2.2.1.1.2",0.367972166924209,FALSE,TRUE,39
"3.2.1.2.2.2.2.2.3.2.2.2.2.2.2.3.2.2.2.2.1.1",0.221568961654284,FALSE,TRUE,39
"3.2.2.2.2.3.2.2.2.2.2.2.2.1.3.4.2.2.2.2.1.2",0.52662499996161,FALSE,TRUE,40
"2.3.2.2.2.3.2.2.2.2.2.2.2.1.3.4.2.2.2.2.1.2",0.605559155401076,FALSE,TRUE,40
"2.2.3.2.2.3.2.2.2.2.2.2.2.1.3.4.2.2.2.2.1.2",0.545892383687035,FALSE,TRUE,40
"2.2.2.3.2.3.2.2.2.2.2.2.2.1.3.4.2.2.2.2.1.2",0.476554878312676,FALSE,TRUE,40
"2.2.2.2.3.3.2.2.2.2.2.2.2.1.3.4.2.2.2.2.1.2",0.516897319002461,FALSE,TRUE,40
"2.2.2.2.2.4.2.2.2.2.2.2.2.1.3.4.2.2.2.2.1.2",0.491439924130098,FALSE,TRUE,40
"2.2.2.2.2.3.3.2.2.2.2.2.2.1.3.4.2.2.2.2.1.2",0.617887501104419,FALSE,TRUE,40
"2.2.2.2.2.3.2.3.2.2.2.2.2.1.3.4.2.2.2.2.1.2",0.581738871879392,FALSE,TRUE,40
"2.2.2.2.2.3.2.2.2.3.2.2.2.1.3.4.2.2.2.2.1.2",0.439839423041942,FALSE,TRUE,40
"2.2.2.2.2.3.2.2.2.2.3.2.2.1.3.4.2.2.2.2.1.2",0.60611807138609,FALSE,TRUE,40
"2.2.2.2.2.3.2.2.2.2.2.3.2.1.3.4.2.2.2.2.1.2",0.44710555632236,FALSE,TRUE,40
"2.2.2.2.2.3.2.2.2.2.2.2.3.1.3.4.2.2.2.2.1.2",0.446939682422728,FALSE,TRUE,40
"2.2.2.2.2.3.2.2.2.2.2.2.2.1.4.4.2.2.2.2.1.2",0.471035187626719,FALSE,TRUE,40
"2.2.2.2.2.3.2.2.2.2.2.2.2.1.3.5.2.2.2.2.1.2",0.453266787074039,FALSE,TRUE,40
"2.2.2.2.2.3.2.2.2.2.2.2.2.1.3.4.3.2.2.2.1.2",0.508360608602673,FALSE,TRUE,40
"2.2.2.2.2.3.2.2.2.2.2.2.2.1.3.4.2.3.2.2.1.2",0.641826363873835,FALSE,TRUE,40
"2.2.2.2.2.3.2.2.2.2.2.2.2.1.3.4.2.2.3.2.1.2",0.512490530557216,FALSE,TRUE,40
"2.2.2.2.2.3.2.2.2.2.2.2.2.1.3.4.2.2.2.3.1.2",0.481011596014916,FALSE,TRUE,40
"2.2.2.2.2.3.2.2.2.2.2.2.2.1.3.4.2.2.2.2.2.2",0.624019852577161,FALSE,TRUE,41
"2.2.2.2.2.3.2.2.2.2.2.2.2.1.3.4.2.2.2.2.1.3",0.682873308524428,FALSE,TRUE,40
"1.2.2.2.2.3.2.2.2.2.2.2.2.1.3.4.2.2.2.2.1.2",0.477368244355471,FALSE,TRUE,39
"2.1.2.2.2.3.2.2.2.2.2.2.2.1.3.4.2.2.2.2.1.2",0.411681765468852,FALSE,TRUE,39
"2.2.1.2.2.3.2.2.2.2.2.2.2.1.3.4.2.2.2.2.1.2",0.4328428671978,FALSE,TRUE,39
"2.2.2.1.2.3.2.2.2.2.2.2.2.1.3.4.2.2.2.2.1.2",0.542222442820604,FALSE,TRUE,39
"2.2.2.2.1.3.2.2.2.2.2.2.2.1.3.4.2.2.2.2.1.2",0.50951904874925,FALSE,TRUE,38
"2.2.2.2.2.2.2.2.2.2.2.2.2.1.3.4.2.2.2.2.1.2",0.534056141740763,FALSE,TRUE,39
"2.2.2.2.2.3.1.2.2.2.2.2.2.1.3.4.2.2.2.2.1.2",0.439947538792216,FALSE,TRUE,39
"2.2.2.2.2.3.2.1.2.2.2.2.2.1.3.4.2.2.2.2.1.2",0.40015856702467,FALSE,TRUE,39
"2.2.2.2.2.3.2.2.1.2.2.2.2.1.3.4.2.2.2.2.1.2",0.42759596449495,FALSE,TRUE,40
"2.2.2.2.2.3.2.2.2.1.2.2.2.1.3.4.2.2.2.2.1.2",0.586465085138097,FALSE,TRUE,39
"2.2.2.2.2.3.2.2.2.2.1.2.2.1.3.4.2.2.2.2.1.2",0.38873696523922,FALSE,TRUE,39
"2.2.2.2.2.3.2.2.2.2.2.1.2.1.3.4.2.2.2.2.1.2",0.585550786387509,FALSE,TRUE,39
"2.2.2.2.2.3.2.2.2.2.2.2.1.1.3.4.2.2.2.2.1.2",0.592728250023917,FALSE,TRUE,39
"2.2.2.2.2.3.2.2.2.2.2.2.2.1.2.4.2.2.2.2.1.2",0.445895415490441,FALSE,TRUE,40
"2.2.2.2.2.3.2.2.2.2.2.2.2.1.3.3.2.2.2.2.1.2",0.563959903705078,FALSE,TRUE,40
"2.2.2.2.2.3.2.2.2.2.2.2.2.1.3.4.1.2.2.2.1.2",0.476138718234147,FALSE,TRUE,39
"2.2.2.2.2.3.2.2.2.2.2.2.2.1.3.4.2.1.2.2.1.2",0.355057945209223,FALSE,TRUE,39
"2.2.2.2.2.3.2.2.2.2.2.2.2.1.3.4.2.2.1.2.1.2",0.530088940603554,FALSE,TRUE,39
"2.2.2.2.2.3.2.2.2.2.2.2.2.1.3.4.2.2.2.1.1.2",0.494409949684102,FALSE,TRUE,39
"2.2.2.2.2.3.2.2.2.2.2.2.2.1.3.4.2.2.2.2.1.1",0.334020960242345,FALSE,TRUE,39
"3.2.2.2.3.1.2.2.2.2.2.2.2.2.2.2.2.1.2.2.3.2",0.337467600909754,FALSE,TRUE,40
"2.3.2.2.3.1.2.2.2.2.2.2.2.2.2.2.2.1.2.2.3.2",0.210254019186228,FALSE,TRUE,40
"2.2.3.2.3.1.2.2.2.2.2.2.2.2.2.2.2.1.2.2.3.2",0.091504600972072,FALSE,TRUE,40
"2.2.2.3.3.1.2.2.2.2.2.2.2.2.2.2.2.1.2.2.3.2",0.292009686296635,FALSE,TRUE,40
"2.2.2.2.4.1.2.2.2.2.2.2.2.2.2.2.2.1.2.2.3.2",0.121260923490274,FALSE,TRUE,40
"2.2.2.2.3.1.3.2.2.2.2.2.2.2.2.2.2.1.2.2.3.2",0.246212654063014,FALSE,TRUE,40
"2.2.2.2.3.1.2.3.2.2.2.2.2.2.2.2.2.1.2.2.3.2",0.435433465771962,FALSE,TRUE,40
"2.2.2.2.3.1.2.2.3.2.2.2.2.2.2.2.2.1.2.2.3.2",0.309764415991342,FALSE,TRUE,40
"2.2.2.2.3.1.2.2.2.3.2.2.2.2.2.2.2.1.2.2.3.2",0.364804733679313,FALSE,TRUE,40
"2.2.2.2.3.1.2.2.2.2.3.2.2.2.2.2.2.1.2.2.3.2",0.416321281609322,FALSE,TRUE,40
"2.2.2.2.3.1.2.2.2.2.2.3.2.2.2.2.2.1.2.2.3.2",0.260679241727976,FALSE,TRUE,40
"2.2.2.2.3.1.2.2.2.2.2.2.3.2.2.2.2.1.2.2.3.2",0.305036591870994,FALSE,TRUE,40
"2.2.2.2.3.1.2.2.2.2.2.2.2.3.2.2.2.1.2.2.3.2",0.3174357988585,FALSE,TRUE,40
"2.2.2.2.3.1.2.2.2.2.2.2.2.2.3.2.2.1.2.2.3.2",0.240460955319077,FALSE,TRUE,40
"2.2.2.2.3.1.2.2.2.2.2.2.2.2.2.3.2.1.2.2.3.2",0.343283045925183,FALSE,TRUE,40
"2.2.2.2.3.1.2.2.2.2.2.2.2.2.2.2.3.1.2.2.3.2",0.349725961611659,FALSE,TRUE,40
"2.2.2.2.3.1.2.2.2.2.2.2.2.2.2.2.2.1.3.2.3.2",0.274733655786855,FALSE,TRUE,40
"2.2.2.2.3.1.2.2.2.2.2.2.2.2.2.2.2.1.2.3.3.2",0.336818491899961,FALSE,TRUE,40
"2.2.2.2.3.1.2.2.2.2.2.2.2.2.2.2.2.1.2.2.4.2",0.27463458154988,FALSE,TRUE,40
"2.2.2.2.3.1.2.2.2.2.2.2.2.2.2.2.2.1.2.2.3.3",0.254445861131124,FALSE,TRUE,40
"1.2.2.2.3.1.2.2.2.2.2.2.2.2.2.2.2.1.2.2.3.2",0.1622494678587,FALSE,TRUE,39
"2.1.2.2.3.1.2.2.2.2.2.2.2.2.2.2.2.1.2.2.3.2",0.249102449566456,FALSE,TRUE,39
"2.2.1.2.3.1.2.2.2.2.2.2.2.2.2.2.2.1.2.2.3.2",0.414321367243309,FALSE,TRUE,39
"2.2.2.1.3.1.2.2.2.2.2.2.2.2.2.2.2.1.2.2.3.2",0.215609754681335,FALSE,TRUE,39
"2.2.2.2.3.1.1.2.2.2.2.2.2.2.2.2.2.1.2.2.3.2",0.286960436731624,FALSE,TRUE,39
"2.2.2.2.3.1.2.1.2.2.2.2.2.2.2.2.2.1.2.2.3.2",0.0767771767101482,FALSE,TRUE,39
"2.2.2.2.3.1.2.2.1.2.2.2.2.2.2.2.2.1.2.2.3.2",0.211238900973554,FALSE,TRUE,39
"2.2.2.2.3.1.2.2.2.1.2.2.2.2.2.2.2.1.2.2.3.2",0.150318894922578,FALSE,TRUE,39
"2.2.2.2.3.1.2.2.2.2.1.2.2.2.2.2.2.1.2.2.3.2",0.110450336980721,FALSE,TRUE,39
"2.2.2.2.3.1.2.2.2.2.2.1.2.2.2.2.2.1.2.2.3.2",0.250305116790229,FALSE,TRUE,39
"2.2.2.2.3.1.2.2.2.2.2.2.1.2.2.2.2.1.2.2.3.2",0.205943484281301,FALSE,TRUE,39
"2.2.2.2.3.1.2.2.2.2.2.2.2.1.2.2.2.1.2.2.3.2",0.179404438690591,FALSE,TRUE,39
"2.2.2.2.3.1.2.2.2.2.2.2.2.2.1.2.2.1.2.2.3.2",0.237366548480378,FALSE,TRUE,39
"2.2.2.2.3.1.2.2.2.2.2.2.2.2.2.1.2.1.2.2.3.2",0.156923715811196,FALSE,TRUE,39
"2.2.2.2.3.1.2.2.2.2.2.2.2.2.2.2.1.1.2.2.3.2",0.166454107431221,FALSE,TRUE,39
"2.2.2.2.3.1.2.2.2.2.2.2.2.2.2.2.2.1.1.2.3.2",0.256469449565083,FALSE,TRUE,39
"2.2.2.2.3.1.2.2.2.2.2.2.2.2.2.2.2.1.2.1.3.2",0.122603294109314,FALSE,TRUE,39
"2.2.2.2.3.1.2.2.2.2.2.2.2.2.2.2.2.1.2.2.2.2",0.235456926975517,FALSE,TRUE,40
"2.2.2.2.3.1.2.2.2.2.2.2.2.2.2.2.2.1.2.2.3.1",0.230727958104074,FALSE,TRUE,39
"3.2.2.2.2.2.2.2.2.1.2.2.2.2.2.2.3.2.2.2.2.2",0.519639012251486,FALSE,TRUE,40
"2.3.2.2.2.2.2.2.2.1.2.2.2.2.2.2.3.2.2.2.2.2",0.55936626822128,FALSE,TRUE,40
"2.2.3.2.2.2.2.2.2.1.2.2.2.2.2.2.3.2.2.2.2.2",0.419292514080857,FALSE,TRUE,40
"2.2.2.3.2.2.2.2.2.1.2.2.2.2.2.2.3.2.2.2.2.2",0.472519380676282,FALSE,TRUE,40
"2.2.2.2.3.2.2.2.2.1.2.2.2.2.2.2.3.2.2.2.2.2",0.399607280225204,FALSE,TRUE,40
"2.2.2.2.2.3.2.2.2.1.2.2.2.2.2.2.3.2.2.2.2.2",0.504070626813485,FALSE,TRUE,40
"2.2.2.2.2.2.3.2.2.1.2.2.2.2.2.2.3.2.2.2.2.2",0.472143564861325,FALSE,TRUE,40
"2.2.2.2.2.2.2.3.2.1.2.2.2.2.2.2.3.2.2.2.2.2",0.615810950617098,FALSE,TRUE,40
"2.2.2.2.2.2.2.2.3.1.2.2.2.2.2.2.3.2.2.2.2.2",0.584379930227887,FALSE,TRUE,40
"2.2.2.2.2.2.2.2.2.1.3.2.2.2.2.2.3.2.2.2.2.2",0.642998786882338,FALSE,TRUE,40
"2.2.2.2.2.2.2.2.2.1.2.3.2.2.2.2.3.2.2.2.2.2",0.41561791010902,FALSE,TRUE,40
"2.2.2.2.2.2.2.2.2.1.2.2.3.2.2.2.3.2.2.2.2.2",0.444973624472844,FALSE,TRUE,40
"2.2.2.2.2.2.2.2.2.1.2.2.2.3.2.2.3.2.2.2.2.2",0.489290294662189,FALSE,TRUE,40
"2.2.2.2.2.2.2.2.2.1.2.2.2.2.3.2.3.2.2.2.2.2",0.527872934565796,FALSE,TRUE,40
"2.2.2.2.2.2.2.2.2.1.2.2.2.2.2.3.3.2.2.2.2.2",0.614855706884058,FALSE,TRUE,40
"2.2.2.2.2.2.2.2.2.1.2.2.2.2.2.2.4.2.2.2.2.2",0.4722131387386,FALSE,TRUE,41
"2.2.2.2.2.2.2.2.2.1.2.2.2.2.2.2.3.3.2.2.2.2",0.448479622765691,FALSE,TRUE,40
"2.2.2.2.2.2.2.2.2.1.2.2.2.2.2.2.3.2.3.2.2.2",0.515037759654517,FALSE,TRUE,40
"2.2.2.2.2.2.2.2.2.1.2.2.2.2.2.2.3.2.2.3.2.2",0.580350787280519,FALSE,TRUE,40
"2.2.2.2.2.2.2.2.2.1.2.2.2.2.2.2.3.2.2.2.3.2",0.518910309944975,FALSE,TRUE,40
"2.2.2.2.2.2.2.2.2.1.2.2.2.2.2.2.3.2.2.2.2.3",0.543171581068667,FALSE,TRUE,40
"1.2.2.2.2.2.2.2.2.1.2.2.2.2.2.2.3.2.2.2.2.2",0.415153536784722,FALSE,TRUE,39
"2.1.2.2.2.2.2.2.2.1.2.2.2.2.2.2.3.2.2.2.2.2",0.369436765763767,FALSE,TRUE,39
"2.2.1.2.2.2.2.2.2.1.2.2.2.2.2.2.3.2.2.2.2.2",0.535829622690923,FALSE,TRUE,39
"2.2.2.1.2.2.2.2.2.1.2.2.2.2.2.2.3.2.2.2.2.2",0.484648003674992,FALSE,TRUE,39
"2.2.2.2.1.2.2.2.2.1.2.2.2.2.2.2.3.2.2.2.2.2",0.549272873659266,FALSE,TRUE,39
"2.2.2.2.2.1.2.2.2.1.2.2.2.2.2.2.3.2.2.2.2.2",0.387897654912802,FALSE,TRUE,39
"2.2.2.2.2.2.2.1.2.1.2.2.2.2.2.2.3.2.2.2.2.2",0.291103214145893,FALSE,TRUE,39
"2.2.2.2.2.2.2.2.1.1.2.2.2.2.2.2.3.2.2.2.2.2",0.374010492531126,FALSE,TRUE,39
"2.2.2.2.2.2.2.2.2.1.1.2.2.2.2.2.3.2.2.2.2.2",0.314897814947707,FALSE,TRUE,39
"2.2.2.2.2.2.2.2.2.1.2.1.2.2.2.2.3.2.2.2.2.2",0.527044960782248,FALSE,TRUE,39
"2.2.2.2.2.2.2.2.2.1.2.2.1.2.2.2.3.2.2.2.2.2",0.543105707702207,FALSE,TRUE,39
"2.2.2.2.2.2.2.2.2.1.2.2.2.1.2.2.3.2.2.2.2.2",0.460848970518184,FALSE,TRUE,39
"2.2.2.2.2.2.2.2.2.1.2.2.2.2.1.2.3.2.2.2.2.2",0.370909252961317,FALSE,TRUE,39
"2.2.2.2.2.2.2.2.2.1.2.2.2.2.2.1.3.2.2.2.2.2",0.339082143205145,FALSE,TRUE,39
"2.2.2.2.2.2.2.2.2.1.2.2.2.2.2.2.3.1.2.2.2.2",0.453827742962178,FALSE,TRUE,38
"2.2.2.2.2.2.2.2.2.1.2.2.2.2.2.2.3.2.2.1.2.2",0.322840639722057,FALSE,TRUE,39
"2.2.2.2.2.2.2.2.2.1.2.2.2.2.2.2.3.2.2.2.1.2",0.438127631450454,FALSE,TRUE,39
"2.2.2.2.2.2.2.2.2.1.2.2.2.2.2.2.3.2.2.2.2.1",0.412148523126643,FALSE,TRUE,39
"3.2.2.2.2.2.2.2.3.2.2.2.2.3.1.4.2.2.2.2.1.2",0.282121928387708,FALSE,TRUE,39
"2.3.2.2.2.2.2.2.3.2.2.2.2.3.1.4.2.2.2.2.1.2",0.295258801614435,FALSE,TRUE,39
"2.2.3.2.2.2.2.2.3.2.2.2.2.3.1.4.2.2.2.2.1.2",0.332319909730781,FALSE,TRUE,39
"2.2.2.3.2.2.2.2.3.2.2.2.2.3.1.4.2.2.2.2.1.2",0.252226439125191,FALSE,TRUE,39
"2.2.2.2.3.2.2.2.3.2.2.2.2.3.1.4.2.2.2.2.1.2",0.282066663614975,FALSE,TRUE,39
"2.2.2.2.2.3.2.2.3.2.2.2.2.3.1.4.2.2.2.2.1.2",0.221589550702818,FALSE,TRUE,39
"2.2.2.2.2.2.2.3.3.2.2.2.2.3.1.4.2.2.2.2.1.2",0.332837238823211,FALSE,TRUE,39
"2.2.2.2.2.2.2.2.4.2.2.2.2.3.1.4.2.2.2.2.1.2",0.303459488124887,FALSE,TRUE,39
"2.2.2.2.2.2.2.2.3.3.2.2.2.3.1.4.2.2.2.2.1.2",0.200158512187926,FALSE,TRUE,39
"2.2.2.2.2.2.2.2.3.2.3.2.2.3.1.4.2.2.2.2.1.2",0.310425725578752,FALSE,TRUE,39
"2.2.2.2.2.2.2.2.3.2.2.3.2.3.1.4.2.2.2.2.1.2",0.180776726007902,FALSE,TRUE,39
"2.2.2.2.2.2.2.2.3.2.2.2.3.3.1.4.2.2.2.2.1.2",0.176037451415389,FALSE,TRUE,39
"2.2.2.2.2.2.2.2.3.2.2.2.2.4.1.4.2.2.2.2.1.2",0.161804159813425,FALSE,TRUE,40
"2.2.2.2.2.2.2.2.3.2.2.2.2.3.1.5.2.2.2.2.1.2",0.152338029210882,FALSE,TRUE,39
"2.2.2.2.2.2.2.2.3.2.2.2.2.3.1.4.3.2.2.2.1.2",0.336781050167654,FALSE,TRUE,39
"2.2.2.2.2.2.2.2.3.2.2.2.2.3.1.4.2.3.2.2.1.2",0.314869084176761,FALSE,TRUE,39
"2.2.2.2.2.2.2.2.3.2.2.2.2.3.1.4.2.2.3.2.1.2",0.235245515146645,FALSE,TRUE,39
"2.2.2.2.2.2.2.2.3.2.2.2.2.3.1.4.2.2.2.3.1.2",0.286268292901023,FALSE,TRUE,39
"2.2.2.2.2.2.2.2.3.2.2.2.2.3.1.4.2.2.2.2.2.2",0.278859312486321,FALSE,TRUE,40
"2.2.2.2.2.2.2.2.3.2.2.2.2.3.1.4.2.2.2.2.1.3",0.314197112666623,FALSE,TRUE,39
"1.2.2.2.2.2.2.2.3.2.2.2.2.3.1.4.2.2.2.2.1.2",0.158166578040568,FALSE,TRUE,38
"2.1.2.2.2.2.2.2.3.2.2.2.2.3.1.4.2.2.2.2.1.2",0.184310933295292,FALSE,TRUE,38
"2.2.1.2.2.2.2.2.3.2.2.2.2.3.1.4.2.2.2.2.1.2",0.123913148153268,FALSE,TRUE,38
"2.2.2.1.2.2.2.2.3.2.2.2.2.3.1.4.2.2.2.2.1.2",0.168854684766622,FALSE,TRUE,38
"2.2.2.2.1.2.2.2.3.2.2.2.2.3.1.4.2.2.2.2.1.2",0.174484490628562,FALSE,TRUE,38
"2.2.2.2.2.1.2.2.3.2.2.2.2.3.1.4.2.2.2.2.1.2",0.203161669472408,FALSE,TRUE,38
"2.2.2.2.2.2.1.2.3.2.2.2.2.3.1.4.2.2.2.2.1.2",0.129920258014835,FALSE,TRUE,38
"2.2.2.2.2.2.2.1.3.2.2.2.2.3.1.4.2.2.2.2.1.2",0.028363448447002,FALSE,TRUE,38
"2.2.2.2.2.2.2.2.2.2.2.2.2.3.1.4.2.2.2.2.1.2",0.126312870068444,FALSE,TRUE,39
"2.2.2.2.2.2.2.2.3.1.2.2.2.3.1.4.2.2.2.2.1.2",0.201094127098233,FALSE,TRUE,38
"2.2.2.2.2.2.2.2.3.2.1.2.2.3.1.4.2.2.2.2.1.2",0.14405619470397,FALSE,TRUE,38
"2.2.2.2.2.2.2.2.3.2.2.1.2.3.1.4.2.2.2.2.1.2",0.270865816294812,FALSE,TRUE,38
"2.2.2.2.2.2.2.2.3.2.2.2.1.3.1.4.2.2.2.2.1.2",0.303859625059234,FALSE,TRUE,38
"2.2.2.2.2.2.2.2.3.2.2.2.2.3.1.3.2.2.2.2.1.2",0.317423420952656,FALSE,TRUE,39
"2.2.2.2.2.2.2.2.3.2.2.2.2.3.1.4.1.2.2.2.1.2",0.0489593984313664,FALSE,TRUE,38
"2.2.2.2.2.2.2.2.3.2.2.2.2.3.1.4.2.2.1.2.1.2",0.230688444330137,FALSE,TRUE,38
"2.2.2.2.2.2.2.2.3.2.2.2.2.3.1.4.2.2.2.1.1.2",0.160541786270054,FALSE,TRUE,38
"2.2.2.2.2.2.2.2.3.2.2.2.2.3.1.4.2.2.2.2.1.1",0.063489000940246,FALSE,TRUE,38
"3.2.2.2.2.2.3.2.2.2.2.2.2.2.2.3.2.2.2.2.1.2",0.544770139569642,FALSE,TRUE,40
"2.3.2.2.2.2.3.2.2.2.2.2.2.2.2.3.2.2.2.2.1.2",0.579489596867998,FALSE,TRUE,40
"2.2.3.2.2.2.3.2.2.2.2.2.2.2.2.3.2.2.2.2.1.2",0.490411739385647,FALSE,TRUE,41
"2.2.2.3.2.2.3.2.2.2.2.2.2.2.2.3.2.2.2.2.1.2",0.467392512672135,FALSE,TRUE,41
"2.2.2.2.3.2.3.2.2.2.2.2.2.2.2.3.2.2.2.2.1.2",0.433316794390113,FALSE,TRUE,41
"2.2.2.2.2.3.3.2.2.2.2.2.2.2.2.3.2.2.2.2.1.2",0.520688407554937,FALSE,TRUE,41
"2.2.2.2.2.2.4.2.2.2.2.2.2.2.2.3.2.2.2.2.1.2",0.484331480103994,FALSE,TRUE,42
"2.2.2.2.2.2.3.3.2.2.2.2.2.2.2.3.2.2.2.2.1.2",0.674345210664375,FALSE,TRUE,41
"2.2.2.2.2.2.3.2.2.3.2.2.2.2.2.3.2.2.2.2.1.2",0.507961010084686,FALSE,TRUE,41
"2.2.2.2.2.2.3.2.2.2.3.2.2.2.2.3.2.2.2.2.1.2",0.675543837860341,FALSE,TRUE,41
"2.2.2.2.2.2.3.2.2.2.2.3.2.2.2.3.2.2.2.2.1.2",0.407576491848941,FALSE,TRUE,41
"2.2.2.2.2.2.3.2.2.2.2.2.3.2.2.3.2.2.2.2.1.2",0.446386872432474,FALSE,TRUE,41
"2.2.2.2.2.2.3.2.2.2.2.2.2.3.2.3.2.2.2.2.1.2",0.482570379683545,FALSE,TRUE,41
"2.2.2.2.2.2.3.2.2.2.2.2.2.2.3.3.2.2.2.2.1.2",0.59961863770499,FALSE,TRUE,41
"2.2.2.2.2.2.3.2.2.2.2.2.2.2.2.4.2.2.2.2.1.2",0.510045318146502,FALSE,TRUE,39
"2.2.2.2.2.2.3.2.2.2.2.2.2.2.2.3.3.2.2.2.1.2",0.560005797626312,FALSE,TRUE,41
"2.2.2.2.2.2.3.2.2.2.2.2.2.2.2.3.2.3.2.2.1.2",0.558256053588909,FALSE,TRUE,40
"2.2.2.2.2.2.3.2.2.2.2.2.2.2.2.3.2.2.3.2.1.2",0.508231881083028,FALSE,TRUE,41
"2.2.2.2.2.2.3.2.2.2.2.2.2.2.2.3.2.2.2.3.1.2",0.604454263890692,FALSE,TRUE,41
"2.2.2.2.2.2.3.2.2.2.2.2.2.2.2.3.2.2.2.2.2.2",0.614812047181466,FALSE,TRUE,41
"2.2.2.2.2.2.3.2.2.2.2.2.2.2.2.3.2.2.2.2.1.3",0.649439650159385,FALSE,TRUE,41
"1.2.2.2.2.2.3.2.2.2.2.2.2.2.2.3.2.2.2.2.1.2",0.398247825771814,FALSE,TRUE,40
"2.1.2.2.2.2.3.2.2.2.2.2.2.2.2.3.2.2.2.2.1.2",0.366064549274929,FALSE,TRUE,40
"2.2.1.2.2.2.3.2.2.2.2.2.2.2.2.3.2.2.2.2.1.2",0.456526940899792,FALSE,TRUE,40
"2.2.2.1.2.2.3.2.2.2.2.2.2.2.2.3.2.2.2.2.1.2",0.475920072018805,FALSE,TRUE,40
"2.2.2.2.1.2.3.2.2.2.2.2.2.2.2.3.2.2.2.2.1.2",0.516356536320904,FALSE,TRUE,40
"2.2.2.2.2.1.3.2.2.2.2.2.2.2.2.3.2.2.2.2.1.2",0.402388752291737,FALSE,TRUE,40
"2.2.2.2.2.2.3.1.2.2.2.2.2.2.2.3.2.2.2.2.1.2",0.223722081133664,FALSE,TRUE,40
"2.2.2.2.2.2.3.2.1.2.2.2.2.2.2.3.2.2.2.2.1.2",0.3426942042472,FALSE,TRUE,40
"2.2.2.2.2.2.3.2.2.1.2.2.2.2.2.3.2.2.2.2.1.2",0.426391133529436,FALSE,TRUE,40
"2.2.2.2.2.2.3.2.2.2.1.2.2.2.2.3.2.2.2.2.1.2",0.287480582198468,FALSE,TRUE,40
"2.2.2.2.2.2.3.2.2.2.2.1.2.2.2.3.2.2.2.2.1.2",0.565157209897033,FALSE,TRUE,40
"2.2.2.2.2.2.3.2.2.2.2.2.1.2.2.3.2.2.2.2.1.2",0.549153138684893,FALSE,TRUE,39
"2.2.2.2.2.2.3.2.2.2.2.2.2.1.2.3.2.2.2.2.1.2",0.480347895144137,FALSE,TRUE,40
"2.2.2.2.2.2.3.2.2.2.2.2.2.2.1.3.2.2.2.2.1.2",0.294516680877808,FALSE,TRUE,38
"2.2.2.2.2.2.3.2.2.2.2.2.2.2.2.3.1.2.2.2.1.2",0.347031312677854,FALSE,TRUE,40
"2.2.2.2.2.2.3.2.2.2.2.2.2.2.2.3.2.2.1.2.1.2",0.484121127768951,FALSE,TRUE,40
"2.2.2.2.2.2.3.2.2.2.2.2.2.2.2.3.2.2.2.1.1.2",0.325750372081959,FALSE,TRUE,40
"2.2.2.2.2.2.3.2.2.2.2.2.2.2.2.3.2.2.2.2.1.1",0.315617493993825,FALSE,TRUE,40
"3.2.2.2.2.2.2.2.2.2.2.3.3.2.2.2.2.3.2.2.2.2",0.322210251002973,FALSE,TRUE,42
"2.2.3.2.2.2.2.2.2.2.2.3.3.2.2.2.2.3.2.2.2.2",0.252526902328822,FALSE,TRUE,42
"2.2.2.3.2.2.2.2.2.2.2.3.3.2.2.2.2.3.2.2.2.2",0.327338333791632,FALSE,TRUE,42
"2.2.2.2.3.2.2.2.2.2.2.3.3.2.2.2.2.3.2.2.2.2",0.286693780184079,FALSE,TRUE,42
"2.2.2.2.2.3.2.2.2.2.2.3.3.2.2.2.2.3.2.2.2.2",0.380515362196367,FALSE,TRUE,42
"2.2.2.2.2.2.3.2.2.2.2.3.3.2.2.2.2.3.2.2.2.2",0.386585115127684,FALSE,TRUE,42
"2.2.2.2.2.2.2.3.2.2.2.3.3.2.2.2.2.3.2.2.2.2",0.433053046890771,FALSE,TRUE,42
"2.2.2.2.2.2.2.2.3.2.2.3.3.2.2.2.2.3.2.2.2.2",0.434076313841003,FALSE,TRUE,42
"2.2.2.2.2.2.2.2.2.3.2.3.3.2.2.2.2.3.2.2.2.2",0.286992282630613,FALSE,TRUE,42
"2.2.2.2.2.2.2.2.2.2.3.3.3.2.2.2.2.3.2.2.2.2",0.442227259610564,FALSE,TRUE,42
"2.2.2.2.2.2.2.2.2.2.2.4.3.2.2.2.2.3.2.2.2.2",0.234178097397531,FALSE,TRUE,43
"2.2.2.2.2.2.2.2.2.2.2.3.4.2.2.2.2.3.2.2.2.2",0.32378763498746,FALSE,TRUE,42
"2.2.2.2.2.2.2.2.2.2.2.3.3.3.2.2.2.3.2.2.2.2",0.334468480018358,FALSE,TRUE,42
"2.2.2.2.2.2.2.2.2.2.2.3.3.2.3.2.2.3.2.2.2.2",0.320483861639525,FALSE,TRUE,42
"2.2.2.2.2.2.2.2.2.2.2.3.3.2.2.3.2.3.2.2.2.2",0.424580461366089,FALSE,TRUE,42
"2.2.2.2.2.2.2.2.2.2.2.3.3.2.2.2.3.3.2.2.2.2",0.307545670927504,FALSE,TRUE,42
"2.2.2.2.2.2.2.2.2.2.2.3.3.2.2.2.2.4.2.2.2.2",0.252375003127107,FALSE,TRUE,42
"2.2.2.2.2.2.2.2.2.2.2.3.3.2.2.2.2.3.3.2.2.2",0.385332425626282,FALSE,TRUE,42
"2.2.2.2.2.2.2.2.2.2.2.3.3.2.2.2.2.3.2.3.2.2",0.456669162910887,FALSE,TRUE,42
"2.2.2.2.2.2.2.2.2.2.2.3.3.2.2.2.2.3.2.2.3.2",0.366118814797938,FALSE,TRUE,42
"2.2.2.2.2.2.2.2.2.2.2.3.3.2.2.2.2.3.2.2.2.3",0.361205417297638,FALSE,TRUE,42
"1.2.2.2.2.2.2.2.2.2.2.3.3.2.2.2.2.3.2.2.2.2",0.282915571864621,FALSE,TRUE,41
"2.1.2.2.2.2.2.2.2.2.2.3.3.2.2.2.2.3.2.2.2.2",0.220614884129479,FALSE,TRUE,41
"2.2.1.2.2.2.2.2.2.2.2.3.3.2.2.2.2.3.2.2.2.2",0.412940563281937,FALSE,TRUE,41
"2.2.2.1.2.2.2.2.2.2.2.3.3.2.2.2.2.3.2.2.2.2",0.346908433252743,FALSE,TRUE,41
"2.2.2.2.1.2.2.2.2.2.2.3.3.2.2.2.2.3.2.2.2.2",0.366771161584102,FALSE,TRUE,41
"2.2.2.2.2.1.2.2.2.2.2.3.3.2.2.2.2.3.2.2.2.2",0.249158791252926,FALSE,TRUE,41
"2.2.2.2.2.2.1.2.2.2.2.3.3.2.2.2.2.3.2.2.2.2",0.2597853358764,FALSE,TRUE,41
"2.2.2.2.2.2.2.1.2.2.2.3.3.2.2.2.2.3.2.2.2.2",0.1900479634576,FALSE,TRUE,41
"2.2.2.2.2.2.2.2.1.2.2.3.3.2.2.2.2.3.2.2.2.2",0.260033242278503,FALSE,TRUE,41
"2.2.2.2.2.2.2.2.2.1.2.3.3.2.2.2.2.3.2.2.2.2",0.348939800042467,FALSE,TRUE,41
"2.2.2.2.2.2.2.2.2.2.1.3.3.2.2.2.2.3.2.2.2.2",0.227621152452706,FALSE,TRUE,41
"2.2.2.2.2.2.2.2.2.2.2.3.2.2.2.2.2.3.2.2.2.2",0.389037648945072,FALSE,TRUE,41
"2.2.2.2.2.2.2.2.2.2.2.3.3.1.2.2.2.3.2.2.2.2",0.310101123118093,FALSE,TRUE,41
"2.2.2.2.2.2.2.2.2.2.2.3.3.2.1.2.2.3.2.2.2.2",0.354266678706059,FALSE,TRUE,41
"2.2.2.2.2.2.2.2.2.2.2.3.3.2.2.1.2.3.2.2.2.2",0.233356565746414,FALSE,TRUE,41
"2.2.2.2.2.2.2.2.2.2.2.3.3.2.2.2.1.3.2.2.2.2",0.309910657961268,FALSE,TRUE,41
"2.2.2.2.2.2.2.2.2.2.2.3.3.2.2.2.2.3.1.2.2.2",0.317804481165287,FALSE,TRUE,41
"2.2.2.2.2.2.2.2.2.2.2.3.3.2.2.2.2.3.2.1.2.2",0.210482607326111,FALSE,TRUE,41
"2.2.2.2.2.2.2.2.2.2.2.3.3.2.2.2.2.3.2.2.1.2",0.29970038725337,FALSE,TRUE,41
"2.2.2.2.2.2.2.2.2.2.2.3.3.2.2.2.2.3.2.2.2.1",0.272756855187631,FALSE,TRUE,41
"3.2.2.2.2.3.2.2.3.2.2.2.2.1.3.4.2.2.2.1.1.2",0.514789848084554,FALSE,TRUE,39
"2.3.2.2.2.3.2.2.3.2.2.2.2.1.3.4.2.2.2.1.1.2",0.61621716867935,FALSE,TRUE,39
"2.2.3.2.2.3.2.2.3.2.2.2.2.1.3.4.2.2.2.1.1.2",0.462890475177046,FALSE,TRUE,39
"2.2.2.3.2.3.2.2.3.2.2.2.2.1.3.4.2.2.2.1.1.2",0.421056152051001,FALSE,TRUE,39
"2.2.2.2.3.3.2.2.3.2.2.2.2.1.3.4.2.2.2.1.1.2",0.510543322181671,FALSE,TRUE,39
"2.2.2.2.2.4.2.2.3.2.2.2.2.1.3.4.2.2.2.1.1.2",0.455461712001606,FALSE,TRUE,39
"2.2.2.2.2.3.3.2.3.2.2.2.2.1.3.4.2.2.2.1.1.2",0.585882234897239,FALSE,TRUE,39
"2.2.2.2.2.3.2.3.3.2.2.2.2.1.3.4.2.2.2.1.1.2",0.597308099098564,FALSE,TRUE,39
"2.2.2.2.2.3.2.2.4.2.2.2.2.1.3.4.2.2.2.1.1.2",0.447885912387935,FALSE,TRUE,39
"2.2.2.2.2.3.2.2.3.3.2.2.2.1.3.4.2.2.2.1.1.2",0.411805436197262,FALSE,TRUE,39
"2.2.2.2.2.3.2.2.3.2.3.2.2.1.3.4.2.2.2.1.1.2",0.540443149357528,FALSE,TRUE,39
"2.2.2.2.2.3.2.2.3.2.2.3.2.1.3.4.2.2.2.1.1.2",0.429334978631717,FALSE,TRUE,39
"2.2.2.2.2.3.2.2.3.2.2.2.3.1.3.4.2.2.2.1.1.2",0.438945728209391,FALSE,TRUE,39
"2.2.2.2.2.3.2.2.3.2.2.2.2.1.4.4.2.2.2.1.1.2",0.446959817893705,FALSE,TRUE,39
"2.2.2.2.2.3.2.2.3.2.2.2.2.1.3.5.2.2.2.1.1.2",0.442153447789705,FALSE,TRUE,39
"2.2.2.2.2.3.2.2.3.2.2.2.2.1.3.4.3.2.2.1.1.2",0.474059738039267,FALSE,TRUE,39
"2.2.2.2.2.3.2.2.3.2.2.2.2.1.3.4.2.3.2.1.1.2",0.574892313207829,FALSE,TRUE,39
"2.2.2.2.2.3.2.2.3.2.2.2.2.1.3.4.2.2.3.1.1.2",0.528207385494426,FALSE,TRUE,39
"2.2.2.2.2.3.2.2.3.2.2.2.2.1.3.4.2.2.2.1.2.2",0.654467480000655,FALSE,TRUE,40
"2.2.2.2.2.3.2.2.3.2.2.2.2.1.3.4.2.2.2.1.1.3",0.613954525979587,FALSE,TRUE,39
"1.2.2.2.2.3.2.2.3.2.2.2.2.1.3.4.2.2.2.1.1.2",0.443840752907045,FALSE,TRUE,38
"2.1.2.2.2.3.2.2.3.2.2.2.2.1.3.4.2.2.2.1.1.2",0.380232727242558,FALSE,TRUE,38
"2.2.1.2.2.3.2.2.3.2.2.2.2.1.3.4.2.2.2.1.1.2",0.451552613453249,FALSE,TRUE,38
"2.2.2.1.2.3.2.2.3.2.2.2.2.1.3.4.2.2.2.1.1.2",0.568246079774173,FALSE,TRUE,38
"2.2.2.2.1.3.2.2.3.2.2.2.2.1.3.4.2.2.2.1.1.2",0.479823310512232,FALSE,TRUE,37
"2.2.2.2.2.2.2.2.3.2.2.2.2.1.3.4.2.2.2.1.1.2",0.54057986162891,FALSE,TRUE,38
"2.2.2.2.2.3.1.2.3.2.2.2.2.1.3.4.2.2.2.1.1.2",0.437884406788721,FALSE,TRUE,38
"2.2.2.2.2.3.2.1.3.2.2.2.2.1.3.4.2.2.2.1.1.2",0.356063372048547,FALSE,TRUE,38
"2.2.2.2.2.3.2.2.3.1.2.2.2.1.3.4.2.2.2.1.1.2",0.56882578560964,FALSE,TRUE,38
"2.2.2.2.2.3.2.2.3.2.1.2.2.1.3.4.2.2.2.1.1.2",0.384529804096991,FALSE,TRUE,38
"2.2.2.2.2.3.2.2.3.2.2.1.2.1.3.4.2.2.2.1.1.2",0.575231482696535,FALSE,TRUE,38
"2.2.2.2.2.3.2.2.3.2.2.2.1.1.3.4.2.2.2.1.1.2",0.562361205773594,FALSE,TRUE,38
"2.2.2.2.2.3.2.2.3.2.2.2.2.1.2.4.2.2.2.1.1.2",0.44009931818874,FALSE,TRUE,39
"2.2.2.2.2.3.2.2.3.2.2.2.2.1.3.3.2.2.2.1.1.2",0.539385667422212,FALSE,TRUE,39
"2.2.2.2.2.3.2.2.3.2.2.2.2.1.3.4.1.2.2.1.1.2",0.478643235181609,FALSE,TRUE,38
"2.2.2.2.2.3.2.2.3.2.2.2.2.1.3.4.2.1.2.1.1.2",0.374704734995137,FALSE,TRUE,38
"2.2.2.2.2.3.2.2.3.2.2.2.2.1.3.4.2.2.1.1.1.2",0.465948437016729,FALSE,TRUE,38
"2.2.2.2.2.3.2.2.3.2.2.2.2.1.3.4.2.2.2.1.1.1",0.340476551093577,FALSE,TRUE,38
"3.2.2.2.1.3.2.2.3.2.2.2.2.2.3.4.2.2.2.2.1.2",0.466991596814598,FALSE,TRUE,40
"2.3.2.2.1.3.2.2.3.2.2.2.2.2.3.4.2.2.2.2.1.2",0.531574972349663,FALSE,TRUE,40
"2.2.3.2.1.3.2.2.3.2.2.2.2.2.3.4.2.2.2.2.1.2",0.470406363494414,FALSE,TRUE,40
"2.2.2.3.1.3.2.2.3.2.2.2.2.2.3.4.2.2.2.2.1.2",0.400020512130443,FALSE,TRUE,40
"2.2.2.2.1.4.2.2.3.2.2.2.2.2.3.4.2.2.2.2.1.2",0.386265890421818,FALSE,TRUE,40
"2.2.2.2.1.3.3.2.3.2.2.2.2.2.3.4.2.2.2.2.1.2",0.583560417114142,FALSE,TRUE,40
"2.2.2.2.1.3.2.3.3.2.2.2.2.2.3.4.2.2.2.2.1.2",0.493681319450994,FALSE,TRUE,40
"2.2.2.2.1.3.2.2.4.2.2.2.2.2.3.4.2.2.2.2.1.2",0.398041045979536,FALSE,TRUE,40
"2.2.2.2.1.3.2.2.3.3.2.2.2.2.3.4.2.2.2.2.1.2",0.352808374813648,FALSE,TRUE,39
"2.2.2.2.1.3.2.2.3.2.3.2.2.2.3.4.2.2.2.2.1.2",0.429979357115385,FALSE,TRUE,40
"2.2.2.2.1.3.2.2.3.2.2.3.2.2.3.4.2.2.2.2.1.2",0.419318912696106,FALSE,TRUE,40
"2.2.2.2.1.3.2.2.3.2.2.2.3.2.3.4.2.2.2.2.1.2",0.362799581250616,FALSE,TRUE,40
"2.2.2.2.1.3.2.2.3.2.2.2.2.3.3.4.2.2.2.2.1.2",0.382044939839158,FALSE,TRUE,40
"2.2.2.2.1.3.2.2.3.2.2.2.2.2.4.4.2.2.2.2.1.2",0.431855677104967,FALSE,TRUE,40
"2.2.2.2.1.3.2.2.3.2.2.2.2.2.3.5.2.2.2.2.1.2",0.406564621912688,FALSE,TRUE,40
"2.2.2.2.1.3.2.2.3.2.2.2.2.2.3.4.3.2.2.2.1.2",0.439967440429862,FALSE,TRUE,40
"2.2.2.2.1.3.2.2.3.2.2.2.2.2.3.4.2.3.2.2.1.2",0.516581863293527,FALSE,TRUE,40
"2.2.2.2.1.3.2.2.3.2.2.2.2.2.3.4.2.2.3.2.1.2",0.501410752781428,FALSE,TRUE,40
"2.2.2.2.1.3.2.2.3.2.2.2.2.2.3.4.2.2.2.3.1.2",0.46207743008053,FALSE,TRUE,40
"2.2.2.2.1.3.2.2.3.2.2.2.2.2.3.4.2.2.2.2.2.2",0.53684974842042,FALSE,TRUE,41
"2.2.2.2.1.3.2.2.3.2.2.2.2.2.3.4.2.2.2.2.1.3",0.476752118662174,FALSE,TRUE,40
"1.2.2.2.1.3.2.2.3.2.2.2.2.2.3.4.2.2.2.2.1.2",0.388111704043275,FALSE,TRUE,39
"2.1.2.2.1.3.2.2.3.2.2.2.2.2.3.4.2.2.2.2.1.2",0.407184144482568,FALSE,TRUE,39
"2.2.1.2.1.3.2.2.3.2.2.2.2.2.3.4.2.2.2.2.1.2",0.369511628308039,FALSE,TRUE,39
"2.2.2.1.1.3.2.2.3.2.2.2.2.2.3.4.2.2.2.2.1.2",0.526752968245061,FALSE,TRUE,38
"2.2.2.2.1.3.1.2.3.2.2.2.2.2.3.4.2.2.2.2.1.2",0.356494323254483,FALSE,TRUE,39
"2.2.2.2.1.3.2.1.3.2.2.2.2.2.3.4.2.2.2.2.1.2",0.381449953475814,FALSE,TRUE,39
"2.2.2.2.1.3.2.2.2.2.2.2.2.2.3.4.2.2.2.2.1.2",0.473510438273694,FALSE,TRUE,39
"2.2.2.2.1.3.2.2.3.1.2.2.2.2.3.4.2.2.2.2.1.2",0.559080067370012,FALSE,TRUE,39
"2.2.2.2.1.3.2.2.3.2.1.2.2.2.3.4.2.2.2.2.1.2",0.415033949455019,FALSE,TRUE,39
"2.2.2.2.1.3.2.2.3.2.2.1.2.2.3.4.2.2.2.2.1.2",0.485002783396299,FALSE,TRUE,39
"2.2.2.2.1.3.2.2.3.2.2.2.1.2.3.4.2.2.2.2.1.2",0.55970668078878,FALSE,TRUE,39
"2.2.2.2.1.3.2.2.3.2.2.2.2.2.2.4.2.2.2.2.1.2",0.40105127787522,FALSE,TRUE,39
"2.2.2.2.1.3.2.2.3.2.2.2.2.2.3.3.2.2.2.2.1.2",0.517811308036244,FALSE,TRUE,40
"2.2.2.2.1.3.2.2.3.2.2.2.2.2.3.4.1.2.2.2.1.2",0.417537993351062,FALSE,TRUE,39
"2.2.2.2.1.3.2.2.3.2.2.2.2.2.3.4.2.1.2.2.1.2",0.316529194108787,FALSE,TRUE,39
"2.2.2.2.1.3.2.2.3.2.2.2.2.2.3.4.2.2.1.2.1.2",0.411116076738592,FALSE,TRUE,39
"2.2.2.2.1.3.2.2.3.2.2.2.2.2.3.4.2.2.2.1.1.2",0.423815556643209,FALSE,TRUE,38
"2.2.2.2.1.3.2.2.3.2.2.2.2.2.3.4.2.2.2.2.1.1",0.353933371580484,FALSE,TRUE,39
"3.2.2.1.2.2.2.2.2.2.2.2.2.2.2.2.2.2.2.2.2.2",0.49444344739323,FALSE,TRUE,41
"2.3.2.1.2.2.2.2.2.2.2.2.2.2.2.2.2.2.2.2.2.2",0.479326869872779,FALSE,TRUE,41
"2.2.3.1.2.2.2.2.2.2.2.2.2.2.2.2.2.2.2.2.2.2",0.387039669231977,FALSE,TRUE,41
"2.2.2.1.3.2.2.2.2.2.2.2.2.2.2.2.2.2.2.2.2.2",0.396405471932152,FALSE,TRUE,40
"2.2.2.1.2.3.2.2.2.2.2.2.2.2.2.2.2.2.2.2.2.2",0.431779456077128,FALSE,TRUE,41
"2.2.2.1.2.2.3.2.2.2.2.2.2.2.2.2.2.2.2.2.2.2",0.501145519710116,FALSE,TRUE,41
"2.2.2.1.2.2.2.3.2.2.2.2.2.2.2.2.2.2.2.2.2.2",0.624762452796573,FALSE,TRUE,41
"2.2.2.1.2.2.2.2.3.2.2.2.2.2.2.2.2.2.2.2.2.2",0.514806071452217,FALSE,TRUE,41
"2.2.2.1.2.2.2.2.2.3.2.2.2.2.2.2.2.2.2.2.2.2",0.45675655743211,FALSE,TRUE,41
"2.2.2.1.2.2.2.2.2.2.3.2.2.2.2.2.2.2.2.2.2.2",0.540594842807678,FALSE,TRUE,41
"2.2.2.1.2.2.2.2.2.2.2.3.2.2.2.2.2.2.2.2.2.2",0.371718496941491,FALSE,TRUE,41
"2.2.2.1.2.2.2.2.2.2.2.2.2.3.2.2.2.2.2.2.2.2",0.402962514300597,FALSE,TRUE,41
"2.2.2.1.2.2.2.2.2.2.2.2.2.2.3.2.2.2.2.2.2.2",0.5350727748543,FALSE,TRUE,41
"2.2.2.1.2.2.2.2.2.2.2.2.2.2.2.3.2.2.2.2.2.2",0.490245982027726,FALSE,TRUE,40
"2.2.2.1.2.2.2.2.2.2.2.2.2.2.2.2.2.3.2.2.2.2",0.489597970695464,FALSE,TRUE,40
"2.2.2.1.2.2.2.2.2.2.2.2.2.2.2.2.2.2.3.2.2.2",0.457023502422227,FALSE,TRUE,41
"2.2.2.1.2.2.2.2.2.2.2.2.2.2.2.2.2.2.2.3.2.2",0.507020407299393,FALSE,TRUE,41
"2.2.2.1.2.2.2.2.2.2.2.2.2.2.2.2.2.2.2.2.2.3",0.467830623854401,FALSE,TRUE,41
"1.2.2.1.2.2.2.2.2.2.2.2.2.2.2.2.2.2.2.2.2.2",0.307906339888232,FALSE,TRUE,40
"2.1.2.1.2.2.2.2.2.2.2.2.2.2.2.2.2.2.2.2.2.2",0.315872483547051,FALSE,TRUE,40
"2.2.1.1.2.2.2.2.2.2.2.2.2.2.2.2.2.2.2.2.2.2",0.436843564796128,FALSE,TRUE,40
"2.2.2.1.1.2.2.2.2.2.2.2.2.2.2.2.2.2.2.2.2.2",0.415028202201121,FALSE,TRUE,39
"2.2.2.1.2.1.2.2.2.2.2.2.2.2.2.2.2.2.2.2.2.2",0.36700075931609,FALSE,TRUE,40
"2.2.2.1.2.2.1.2.2.2.2.2.2.2.2.2.2.2.2.2.2.2",0.316580236636805,FALSE,TRUE,39
"2.2.2.1.2.2.2.1.2.2.2.2.2.2.2.2.2.2.2.2.2.2",0.177346052102832,FALSE,TRUE,40
"2.2.2.1.2.2.2.2.1.2.2.2.2.2.2.2.2.2.2.2.2.2",0.327917947870897,FALSE,TRUE,40
"2.2.2.1.2.2.2.2.2.2.2.1.2.2.2.2.2.2.2.2.2.2",0.45110197900595,FALSE,TRUE,40
"2.2.2.1.2.2.2.2.2.2.2.2.1.2.2.2.2.2.2.2.2.2",0.494561360096801,FALSE,TRUE,40
"2.2.2.1.2.2.2.2.2.2.2.2.2.1.2.2.2.2.2.2.2.2",0.412056240965613,FALSE,TRUE,40
"2.2.2.1.2.2.2.2.2.2.2.2.2.2.1.2.2.2.2.2.2.2",0.261568176812334,FALSE,TRUE,40
"2.2.2.1.2.2.2.2.2.2.2.2.2.2.2.1.2.2.2.2.2.2",0.336755758181558,FALSE,TRUE,40
"2.2.2.1.2.2.2.2.2.2.2.2.2.2.2.2.1.2.2.2.2.2",0.267960000959565,FALSE,TRUE,40
"2.2.2.1.2.2.2.2.2.2.2.2.2.2.2.2.2.1.2.2.2.2",0.282022138359101,FALSE,TRUE,39
"2.2.2.1.2.2.2.2.2.2.2.2.2.2.2.2.2.2.1.2.2.2",0.402445576717561,FALSE,TRUE,39
"2.2.2.1.2.2.2.2.2.2.2.2.2.2.2.2.2.2.2.2.2.1",0.336663900846343,FALSE,TRUE,39
"3.2.2.2.2.2.2.2.2.2.2.2.2.2.2.3.2.3.2.2.1.2",0.52613962367387,FALSE,TRUE,39
"2.3.2.2.2.2.2.2.2.2.2.2.2.2.2.3.2.3.2.2.1.2",0.623857132238071,FALSE,TRUE,40
"2.2.3.2.2.2.2.2.2.2.2.2.2.2.2.3.2.3.2.2.1.2",0.493007013705058,FALSE,TRUE,40
"2.2.2.3.2.2.2.2.2.2.2.2.2.2.2.3.2.3.2.2.1.2",0.482955237412995,FALSE,TRUE,40
"2.2.2.2.3.2.2.2.2.2.2.2.2.2.2.3.2.3.2.2.1.2",0.469558299926228,FALSE,TRUE,40
"2.2.2.2.2.3.2.2.2.2.2.2.2.2.2.3.2.3.2.2.1.2",0.524951691363679,FALSE,TRUE,40
"2.2.2.2.2.2.2.3.2.2.2.2.2.2.2.3.2.3.2.2.1.2",0.630468255017125,FALSE,TRUE,40
"2.2.2.2.2.2.2.2.2.3.2.2.2.2.2.3.2.3.2.2.1.2",0.465545224431068,FALSE,TRUE,40
"2.2.2.2.2.2.2.2.2.2.3.2.2.2.2.3.2.3.2.2.1.2",0.661253013205089,FALSE,TRUE,40
"2.2.2.2.2.2.2.2.2.2.2.3.2.2.2.3.2.3.2.2.1.2",0.42593295320602,FALSE,TRUE,40
"2.2.2.2.2.2.2.2.2.2.2.2.3.2.2.3.2.3.2.2.1.2",0.454913412551466,FALSE,TRUE,39
"2.2.2.2.2.2.2.2.2.2.2.2.2.3.2.3.2.3.2.2.1.2",0.462922782350149,FALSE,TRUE,40
"2.2.2.2.2.2.2.2.2.2.2.2.2.2.3.3.2.3.2.2.1.2",0.58968649110648,FALSE,TRUE,40
"2.2.2.2.2.2.2.2.2.2.2.2.2.2.2.4.2.3.2.2.1.2",0.533449778501987,FALSE,TRUE,39
"2.2.2.2.2.2.2.2.2.2.2.2.2.2.2.3.3.3.2.2.1.2",0.535741179929991,FALSE,TRUE,40
"2.2.2.2.2.2.2.2.2.2.2.2.2.2.2.3.2.4.2.2.1.2",0.477936517876081,FALSE,TRUE,41
"2.2.2.2.2.2.2.2.2.2.2.2.2.2.2.3.2.3.3.2.1.2",0.532696503741326,FALSE,TRUE,40
"2.2.2.2.2.2.2.2.2.2.2.2.2.2.2.3.2.3.2.3.1.2",0.631644806766526,FALSE,TRUE,40
"2.2.2.2.2.2.2.2.2.2.2.2.2.2.2.3.2.3.2.2.2.2",0.568815628448377,FALSE,TRUE,39
"2.2.2.2.2.2.2.2.2.2.2.2.2.2.2.3.2.3.2.2.1.3",0.619158312256853,FALSE,TRUE,40
"1.2.2.2.2.2.2.2.2.2.2.2.2.2.2.3.2.3.2.2.1.2",0.425935859492366,FALSE,TRUE,39
"2.1.2.2.2.2.2.2.2.2.2.2.2.2.2.3.2.3.2.2.1.2",0.378364152108765,FALSE,TRUE,39
"2.2.1.2.2.2.2.2.2.2.2.2.2.2.2.3.2.3.2.2.1.2",0.481852499255765,FALSE,TRUE,39
"2.2.2.1.2.2.2.2.2.2.2.2.2.2.2.3.2.3.2.2.1.2",0.509848552488018,FALSE,TRUE,39
"2.2.2.2.1.2.2.2.2.2.2.2.2.2.2.3.2.3.2.2.1.2",0.522306513592749,FALSE,TRUE,39
"2.2.2.2.2.1.2.2.2.2.2.2.2.2.2.3.2.3.2.2.1.2",0.446611667176591,FALSE,TRUE,39
"2.2.2.2.2.2.1.2.2.2.2.2.2.2.2.3.2.3.2.2.1.2",0.440165894625861,FALSE,TRUE,39
"2.2.2.2.2.2.2.1.2.2.2.2.2.2.2.3.2.3.2.2.1.2",0.300807808594323,FALSE,TRUE,39
"2.2.2.2.2.2.2.2.1.2.2.2.2.2.2.3.2.3.2.2.1.2",0.363670962070142,FALSE,TRUE,39
"2.2.2.2.2.2.2.2.2.1.2.2.2.2.2.3.2.3.2.2.1.2",0.502029201138134,FALSE,TRUE,39
"2.2.2.2.2.2.2.2.2.2.1.2.2.2.2.3.2.3.2.2.1.2",0.32868002339538,FALSE,TRUE,39
"2.2.2.2.2.2.2.2.2.2.2.1.2.2.2.3.2.3.2.2.1.2",0.588313604765022,FALSE,TRUE,39
"2.2.2.2.2.2.2.2.2.2.2.2.2.1.2.3.2.3.2.2.1.2",0.526983922663171,FALSE,TRUE,39
"2.2.2.2.2.2.2.2.2.2.2.2.2.2.1.3.2.3.2.2.1.2",0.348976199964523,FALSE,TRUE,39
"2.2.2.2.2.2.2.2.2.2.2.2.2.2.2.3.1.3.2.2.1.2",0.409958035704805,FALSE,TRUE,39
"2.2.2.2.2.2.2.2.2.2.2.2.2.2.2.3.2.3.1.2.1.2",0.502253325690778,FALSE,TRUE,39
"2.2.2.2.2.2.2.2.2.2.2.2.2.2.2.3.2.3.2.1.1.2",0.36282158007691,FALSE,TRUE,39
"2.2.2.2.2.2.2.2.2.2.2.2.2.2.2.3.2.3.2.2.1.1",0.371048244553785,FALSE,TRUE,39
"3.2.2.2.2.2.2.2.2.2.2.2.1.2.2.3.2.3.2.2.1.2",0.562292060876277,FALSE,TRUE,40
"2.3.2.2.2.2.2.2.2.2.2.2.1.2.2.3.2.3.2.2.1.2",0.652336787445922,FALSE,TRUE,40
"2.2.3.2.2.2.2.2.2.2.2.2.1.2.2.3.2.3.2.2.1.2",0.534602320786163,FALSE,TRUE,40
"2.2.2.3.2.2.2.2.2.2.2.2.1.2.2.3.2.3.2.2.1.2",0.515090504083963,FALSE,TRUE,40
"2.2.2.2.3.2.2.2.2.2.2.2.1.2.2.3.2.3.2.2.1.2",0.499637691648787,FALSE,TRUE,40
"2.2.2.2.2.3.2.2.2.2.2.2.1.2.2.3.2.3.2.2.1.2",0.609041411498857,FALSE,TRUE,40
"2.2.2.2.2.2.3.2.2.2.2.2.1.2.2.3.2.3.2.2.1.2",0.591288501660003,FALSE,TRUE,39
"2.2.2.2.2.2.2.3.2.2.2.2.1.2.2.3.2.3.2.2.1.2",0.6839340569915,FALSE,TRUE,40
"2.2.2.2.2.2.2.2.3.2.2.2.1.2.2.3.2.3.2.2.1.2",0.682516988624199,FALSE,TRUE,39
"2.2.2.2.2.2.2.2.2.3.2.2.1.2.2.3.2.3.2.2.1.2",0.529418545532117,FALSE,TRUE,40
"2.2.2.2.2.2.2.2.2.2.3.2.1.2.2.3.2.3.2.2.1.2",0.732356904964557,FALSE,TRUE,40
"2.2.2.2.2.2.2.2.2.2.2.3.1.2.2.3.2.3.2.2.1.2",0.470288521321315,FALSE,TRUE,40
"2.2.2.2.2.2.2.2.2.2.2.2.1.3.2.3.2.3.2.2.1.2",0.520603204313924,FALSE,TRUE,40
"2.2.2.2.2.2.2.2.2.2.2.2.1.2.3.3.2.3.2.2.1.2",0.626533473577887,FALSE,TRUE,40
"2.2.2.2.2.2.2.2.2.2.2.2.1.2.2.4.2.3.2.2.1.2",0.596890286590074,FALSE,TRUE,40
"2.2.2.2.2.2.2.2.2.2.2.2.1.2.2.3.3.3.2.2.1.2",0.607110512667741,FALSE,TRUE,40
"2.2.2.2.2.2.2.2.2.2.2.2.1.2.2.3.2.4.2.2.1.2",0.519718771867751,FALSE,TRUE,40
"2.2.2.2.2.2.2.2.2.2.2.2.1.2.2.3.2.3.3.2.1.2",0.571648648122249,FALSE,TRUE,40
"2.2.2.2.2.2.2.2.2.2.2.2.1.2.2.3.2.3.2.3.1.2",0.698533643786404,FALSE,TRUE,40
"2.2.2.2.2.2.2.2.2.2.2.2.1.2.2.3.2.3.2.2.2.2",0.610815883331778,FALSE,TRUE,41
"2.2.2.2.2.2.2.2.2.2.2.2.1.2.2.3.2.3.2.2.1.3",0.664244619381466,FALSE,TRUE,40
"1.2.2.2.2.2.2.2.2.2.2.2.1.2.2.3.2.3.2.2.1.2",0.48861364460921,FALSE,TRUE,39
"2.1.2.2.2.2.2.2.2.2.2.2.1.2.2.3.2.3.2.2.1.2",0.442443382823306,FALSE,TRUE,39
"2.2.1.2.2.2.2.2.2.2.2.2.1.2.2.3.2.3.2.2.1.2",0.521282275602277,FALSE,TRUE,39
"2.2.2.1.2.2.2.2.2.2.2.2.1.2.2.3.2.3.2.2.1.2",0.574208151186051,FALSE,TRUE,39
"2.2.2.2.1.2.2.2.2.2.2.2.1.2.2.3.2.3.2.2.1.2",0.585957001223593,FALSE,TRUE,39
"2.2.2.2.2.1.2.2.2.2.2.2.1.2.2.3.2.3.2.2.1.2",0.468458120515581,FALSE,TRUE,39
"2.2.2.2.2.2.1.2.2.2.2.2.1.2.2.3.2.3.2.2.1.2",0.516548021191563,FALSE,TRUE,39
"2.2.2.2.2.2.2.1.2.2.2.2.1.2.2.3.2.3.2.2.1.2",0.342746893672908,FALSE,TRUE,39
"2.2.2.2.2.2.2.2.1.2.2.2.1.2.2.3.2.3.2.2.1.2",0.401458869003489,FALSE,TRUE,39
"2.2.2.2.2.2.2.2.2.1.2.2.1.2.2.3.2.3.2.2.1.2",0.538177086017741,FALSE,TRUE,39
"2.2.2.2.2.2.2.2.2.2.1.2.1.2.2.3.2.3.2.2.1.2",0.345562041601583,FALSE,TRUE,39
"2.2.2.2.2.2.2.2.2.2.2.1.1.2.2.3.2.3.2.2.1.2",0.649547952681711,FALSE,TRUE,39
"2.2.2.2.2.2.2.2.2.2.2.2.1.1.2.3.2.3.2.2.1.2",0.564085564351315,FALSE,TRUE,39
"2.2.2.2.2.2.2.2.2.2.2.2.1.2.1.3.2.3.2.2.1.2",0.376383885628697,FALSE,TRUE,39
"2.2.2.2.2.2.2.2.2.2.2.2.1.2.2.2.2.3.2.2.1.2",0.479535637779367,FALSE,TRUE,39
"2.2.2.2.2.2.2.2.2.2.2.2.1.2.2.3.1.3.2.2.1.2",0.447795097081611,FALSE,TRUE,39
"2.2.2.2.2.2.2.2.2.2.2.2.1.2.2.3.2.3.1.2.1.2",0.553808028071083,FALSE,TRUE,39
"2.2.2.2.2.2.2.2.2.2.2.2.1.2.2.3.2.3.2.1.1.2",0.391660895123528,FALSE,TRUE,39
"2.2.2.2.2.2.2.2.2.2.2.2.1.2.2.3.2.3.2.2.1.1",0.430090229234033,FALSE,TRUE,39
