"karyotype","fitness","is_fq","is_nn","boundary_degree"
"2.2.2.2.2.2.2.2.2.2.2.2.2.2.2.2.2.2.2.2.2.2",0.456995801000539,TRUE,FALSE,0
"2.2.2.2.2.2.2.2.2.2.2.2.2.2.2.2.2.1.2.2.2.2",0.524665627279592,TRUE,FALSE,0
"2.2.2.2.2.2.2.2.2.2.2.2.2.2.2.3.2.1.2.2.2.2",0.498009702029463,TRUE,FALSE,0
"2.2.2.2.2.2.2.2.2.2.2.2.2.2.2.2.3.2.2.2.2.2",0.494452193291613,TRUE,FALSE,0
"2.2.2.1.2.2.2.2.2.2.2.2.2.2.2.2.2.1.2.2.2.2",0.508565981836244,TRUE,FALSE,0
"2.1.2.2.2.2.2.2.2.2.2.2.2.2.2.2.2.1.2.2.2.2",0.518089784761549,TRUE,FALSE,0
"2.2.2.1.2.2.2.3.2.2.2.2.2.2.2.2.2.1.2.2.2.2",0.562182044002528,TRUE,FALSE,0
"2.2.2.2.2.2.2.2.2.2.2.2.2.2.1.3.2.1.2.2.2.2",0.500092785355705,TRUE,FALSE,0
"2.3.2.2.2.2.2.2.2.2.2.2.2.2.2.2.2.2.2.2.2.2",0.44733898503017,TRUE,FALSE,0
"2.2.2.2.2.2.2.2.2.2.2.2.2.2.2.2.2.1.2.2.2.1",0.5208637670706,TRUE,FALSE,0
"2.2.2.2.2.2.2.2.2.2.2.2.1.2.2.2.2.1.2.2.2.2",0.618156489058615,TRUE,FALSE,0
"2.2.2.2.2.2.2.2.2.3.2.2.2.2.2.2.2.2.2.2.2.2",0.408590182751566,TRUE,FALSE,0
"2.2.2.2.2.2.2.2.2.2.2.1.2.2.2.3.2.1.2.2.2.2",0.511676163624073,TRUE,FALSE,0
"2.2.2.1.2.2.2.3.2.2.2.2.2.2.2.1.2.1.2.2.2.2",0.564807306708388,TRUE,FALSE,0
"2.2.3.2.2.2.2.2.2.2.2.2.2.2.2.2.3.2.2.2.2.2",0.537328687824245,TRUE,FALSE,0
"2.2.2.2.2.2.2.2.2.1.2.2.1.2.2.2.2.1.2.2.2.2",0.632620313101613,TRUE,FALSE,0
"2.1.2.2.2.2.2.2.2.2.2.3.2.2.2.2.2.1.2.2.2.2",0.520652923286453,TRUE,FALSE,0
"2.2.2.1.2.2.2.3.2.2.2.2.2.2.2.2.2.1.2.3.2.2",0.528904775499653,TRUE,FALSE,0
"2.2.2.2.2.2.2.2.2.2.3.2.2.2.2.2.2.1.2.2.2.2",0.460877689749166,TRUE,FALSE,0
"2.2.2.1.2.1.2.3.2.2.2.2.2.2.2.1.2.1.2.2.2.2",0.546423472080209,TRUE,FALSE,0
"2.2.3.2.2.2.2.2.2.2.2.2.2.2.2.2.2.1.2.2.2.1",0.548080145075824,TRUE,FALSE,0
"2.1.2.2.2.2.2.3.2.2.2.3.2.2.2.2.2.1.2.2.2.2",0.567598632485195,TRUE,FALSE,0
"2.2.2.2.3.2.2.2.2.2.2.2.2.2.1.3.2.1.2.2.2.2",0.453631927601067,TRUE,FALSE,0
"2.2.3.2.2.2.2.2.2.2.2.2.2.1.2.2.2.1.2.2.2.1",0.568035455306797,TRUE,FALSE,0
"2.2.2.2.2.2.2.2.1.2.2.2.2.2.2.3.2.1.2.2.2.2",0.469758479363455,TRUE,FALSE,0
"2.2.2.2.2.2.2.2.1.2.2.2.2.2.2.3.2.1.1.2.2.2",0.447997194291741,TRUE,FALSE,0
"3.1.2.2.2.2.2.2.2.2.2.2.2.2.2.2.2.1.2.2.2.2",0.483886930907895,TRUE,FALSE,0
"2.2.2.2.2.2.3.2.2.2.3.2.2.2.2.2.2.1.2.2.2.2",0.451055921557894,TRUE,FALSE,0
"2.2.2.1.2.2.2.2.2.2.2.2.2.2.2.2.2.1.1.2.2.2",0.427633683871821,TRUE,FALSE,0
"2.2.2.1.2.1.2.3.2.2.2.2.2.2.2.1.3.1.2.2.2.2",0.580270075294734,TRUE,FALSE,0
"3.1.2.2.2.2.2.2.2.2.2.2.2.2.2.2.2.1.2.2.2.1",0.472729851948711,TRUE,FALSE,0
"2.2.2.2.3.2.2.2.1.2.2.2.2.2.1.3.2.1.2.2.2.2",0.425075235370732,TRUE,FALSE,0
"2.2.2.2.2.2.2.2.2.2.2.2.1.1.2.2.2.1.2.2.2.2",0.64698542001863,TRUE,FALSE,0
"2.2.2.2.3.2.2.2.2.2.2.2.2.2.1.3.3.1.2.2.2.2",0.48544945837227,TRUE,FALSE,0
"2.2.2.2.2.2.2.2.1.2.1.2.2.2.2.3.2.1.1.2.2.2",0.47464015268152,TRUE,FALSE,0
"2.2.2.1.2.2.2.2.2.2.2.2.2.2.2.2.2.1.3.2.2.2",0.550332860577087,TRUE,FALSE,0
"2.2.2.1.2.1.2.2.2.2.2.2.2.2.2.2.2.1.2.2.2.2",0.511362256509239,TRUE,FALSE,0
"2.2.2.1.2.2.2.3.2.2.2.2.2.1.2.1.2.1.2.2.2.2",0.583763418788534,TRUE,FALSE,0
"2.3.2.2.2.2.2.2.2.2.2.2.2.2.2.1.2.2.2.2.2.2",0.486416581426635,TRUE,FALSE,0
"2.3.2.2.2.2.1.2.2.2.2.2.2.2.2.1.2.2.2.2.2.2",0.472731988590902,TRUE,FALSE,0
"2.2.2.2.2.2.2.2.3.2.2.2.2.2.2.2.2.1.2.2.2.2",0.560720040365913,TRUE,FALSE,0
"2.2.2.2.3.1.2.2.2.2.2.2.2.2.1.3.3.1.2.2.2.2",0.490181072028147,TRUE,FALSE,0
"2.3.2.1.2.2.2.3.2.2.2.2.2.2.2.2.2.1.2.3.2.2",0.485609204612791,TRUE,FALSE,0
"2.2.2.2.2.1.2.2.2.3.2.2.2.2.2.2.2.2.2.2.2.2",0.418973114916342,TRUE,FALSE,0
"2.3.2.1.2.2.3.3.2.2.2.2.2.2.2.2.2.1.2.3.2.2",0.466024222440937,TRUE,FALSE,0
"2.2.3.2.2.2.3.2.2.2.2.2.2.2.2.2.3.2.2.2.2.2",0.520033570302164,TRUE,FALSE,0
"2.2.2.2.3.2.2.2.3.2.2.2.2.2.2.2.2.1.2.2.2.2",0.512616647874274,TRUE,FALSE,0
"2.2.3.2.2.2.2.2.2.2.2.2.2.1.2.2.2.1.1.2.2.1",0.503016075196544,TRUE,FALSE,0
"2.2.2.2.3.2.2.2.2.2.2.1.2.2.1.3.2.1.2.2.2.2",0.471741504995287,TRUE,FALSE,0
"2.2.2.1.2.2.2.2.2.2.2.2.2.2.2.2.2.1.2.2.1.2",0.517315340787675,TRUE,FALSE,0
"3.2.2.2.2.2.2.2.2.2.2.2.2.2.2.2.2.2.2.2.2.2",0.405757038200546,FALSE,TRUE,38
"2.2.3.2.2.2.2.2.2.2.2.2.2.2.2.2.2.2.2.2.2.2",0.498416692247517,FALSE,TRUE,37
"2.2.2.3.2.2.2.2.2.2.2.2.2.2.2.2.2.2.2.2.2.2",0.432492399058555,FALSE,TRUE,39
"2.2.2.2.3.2.2.2.2.2.2.2.2.2.2.2.2.2.2.2.2.2",0.413746889590161,FALSE,TRUE,38
"2.2.2.2.2.3.2.2.2.2.2.2.2.2.2.2.2.2.2.2.2.2",0.434357592215506,FALSE,TRUE,39
"2.2.2.2.2.2.3.2.2.2.2.2.2.2.2.2.2.2.2.2.2.2",0.454006670714383,FALSE,TRUE,37
"2.2.2.2.2.2.2.3.2.2.2.2.2.2.2.2.2.2.2.2.2.2",0.47178354363072,FALSE,TRUE,38
"2.2.2.2.2.2.2.2.3.2.2.2.2.2.2.2.2.2.2.2.2.2",0.477855127892112,FALSE,TRUE,38
"2.2.2.2.2.2.2.2.2.2.3.2.2.2.2.2.2.2.2.2.2.2",0.395923897932204,FALSE,TRUE,38
"2.2.2.2.2.2.2.2.2.2.2.3.2.2.2.2.2.2.2.2.2.2",0.447569010009878,FALSE,TRUE,38
"2.2.2.2.2.2.2.2.2.2.2.2.3.2.2.2.2.2.2.2.2.2",0.361250844027853,FALSE,TRUE,39
"2.2.2.2.2.2.2.2.2.2.2.2.2.3.2.2.2.2.2.2.2.2",0.412497443042025,FALSE,TRUE,39
"2.2.2.2.2.2.2.2.2.2.2.2.2.2.3.2.2.2.2.2.2.2",0.456071981169654,FALSE,TRUE,39
"2.2.2.2.2.2.2.2.2.2.2.2.2.2.2.3.2.2.2.2.2.2",0.426197390029143,FALSE,TRUE,36
"2.2.2.2.2.2.2.2.2.2.2.2.2.2.2.2.2.3.2.2.2.2",0.367003307083585,FALSE,TRUE,40
"2.2.2.2.2.2.2.2.2.2.2.2.2.2.2.2.2.2.3.2.2.2",0.476059308409209,FALSE,TRUE,38
"2.2.2.2.2.2.2.2.2.2.2.2.2.2.2.2.2.2.2.3.2.2",0.409569306567305,FALSE,TRUE,39
"2.2.2.2.2.2.2.2.2.2.2.2.2.2.2.2.2.2.2.2.3.2",0.436884391894102,FALSE,TRUE,39
"2.2.2.2.2.2.2.2.2.2.2.2.2.2.2.2.2.2.2.2.2.3",0.439812512386131,FALSE,TRUE,39
"1.2.2.2.2.2.2.2.2.2.2.2.2.2.2.2.2.2.2.2.2.2",0.4874496671838,FALSE,TRUE,38
"2.1.2.2.2.2.2.2.2.2.2.2.2.2.2.2.2.2.2.2.2.2",0.44931889956087,FALSE,TRUE,37
"2.2.1.2.2.2.2.2.2.2.2.2.2.2.2.2.2.2.2.2.2.2",0.404280033319145,FALSE,TRUE,38
"2.2.2.1.2.2.2.2.2.2.2.2.2.2.2.2.2.2.2.2.2.2",0.459172143084322,FALSE,TRUE,33
"2.2.2.2.1.2.2.2.2.2.2.2.2.2.2.2.2.2.2.2.2.2",0.484814685491821,FALSE,TRUE,38
"2.2.2.2.2.1.2.2.2.2.2.2.2.2.2.2.2.2.2.2.2.2",0.465873952837948,FALSE,TRUE,37
"2.2.2.2.2.2.1.2.2.2.2.2.2.2.2.2.2.2.2.2.2.2",0.454871968475804,FALSE,TRUE,37
"2.2.2.2.2.2.2.1.2.2.2.2.2.2.2.2.2.2.2.2.2.2",0.409288529711725,FALSE,TRUE,38
"2.2.2.2.2.2.2.2.1.2.2.2.2.2.2.2.2.2.2.2.2.2",0.423619798389294,FALSE,TRUE,37
"2.2.2.2.2.2.2.2.2.1.2.2.2.2.2.2.2.2.2.2.2.2",0.485939698692282,FALSE,TRUE,38
"2.2.2.2.2.2.2.2.2.2.1.2.2.2.2.2.2.2.2.2.2.2",0.504871780051832,FALSE,TRUE,38
"2.2.2.2.2.2.2.2.2.2.2.1.2.2.2.2.2.2.2.2.2.2",0.451920503955796,FALSE,TRUE,37
"2.2.2.2.2.2.2.2.2.2.2.2.1.2.2.2.2.2.2.2.2.2",0.545387311662003,FALSE,TRUE,36
"2.2.2.2.2.2.2.2.2.2.2.2.2.1.2.2.2.2.2.2.2.2",0.494079430049624,FALSE,TRUE,37
"2.2.2.2.2.2.2.2.2.2.2.2.2.2.1.2.2.2.2.2.2.2",0.443897510497879,FALSE,TRUE,37
"2.2.2.2.2.2.2.2.2.2.2.2.2.2.2.1.2.2.2.2.2.2",0.47088683491473,FALSE,TRUE,37
"2.2.2.2.2.2.2.2.2.2.2.2.2.2.2.2.1.2.2.2.2.2",0.41296628227714,FALSE,TRUE,39
"2.2.2.2.2.2.2.2.2.2.2.2.2.2.2.2.2.2.1.2.2.2",0.401547779382089,FALSE,TRUE,37
"2.2.2.2.2.2.2.2.2.2.2.2.2.2.2.2.2.2.2.1.2.2",0.480551915398339,FALSE,TRUE,38
"2.2.2.2.2.2.2.2.2.2.2.2.2.2.2.2.2.2.2.2.1.2",0.463144508396706,FALSE,TRUE,37
"2.2.2.2.2.2.2.2.2.2.2.2.2.2.2.2.2.2.2.2.2.1",0.447658545197631,FALSE,TRUE,37
"3.2.2.2.2.2.2.2.2.2.2.2.2.2.2.2.2.1.2.2.2.2",0.485293968676743,FALSE,TRUE,34
"2.3.2.2.2.2.2.2.2.2.2.2.2.2.2.2.2.1.2.2.2.2",0.507972186395786,FALSE,TRUE,34
"2.2.3.2.2.2.2.2.2.2.2.2.2.2.2.2.2.1.2.2.2.2",0.546631648738131,FALSE,TRUE,32
"2.2.2.3.2.2.2.2.2.2.2.2.2.2.2.2.2.1.2.2.2.2",0.516839646813149,FALSE,TRUE,35
"2.2.2.2.3.2.2.2.2.2.2.2.2.2.2.2.2.1.2.2.2.2",0.469260355309135,FALSE,TRUE,33
"2.2.2.2.2.3.2.2.2.2.2.2.2.2.2.2.2.1.2.2.2.2",0.50745266384266,FALSE,TRUE,34
"2.2.2.2.2.2.3.2.2.2.2.2.2.2.2.2.2.1.2.2.2.2",0.503218153893941,FALSE,TRUE,34
"2.2.2.2.2.2.2.3.2.2.2.2.2.2.2.2.2.1.2.2.2.2",0.562607609848331,FALSE,TRUE,31
"2.2.2.2.2.2.2.2.2.3.2.2.2.2.2.2.2.1.2.2.2.2",0.473963557046768,FALSE,TRUE,33
"2.2.2.2.2.2.2.2.2.2.2.3.2.2.2.2.2.1.2.2.2.2",0.511505740953298,FALSE,TRUE,33
"2.2.2.2.2.2.2.2.2.2.2.2.3.2.2.2.2.1.2.2.2.2",0.41737593005012,FALSE,TRUE,35
"2.2.2.2.2.2.2.2.2.2.2.2.2.3.2.2.2.1.2.2.2.2",0.476888897067107,FALSE,TRUE,34
"2.2.2.2.2.2.2.2.2.2.2.2.2.2.3.2.2.1.2.2.2.2",0.514045240077629,FALSE,TRUE,34
"2.2.2.2.2.2.2.2.2.2.2.2.2.2.2.2.3.1.2.2.2.2",0.55875969483107,FALSE,TRUE,33
"2.2.2.2.2.2.2.2.2.2.2.2.2.2.2.2.2.1.3.2.2.2",0.556253694258483,FALSE,TRUE,34
"2.2.2.2.2.2.2.2.2.2.2.2.2.2.2.2.2.1.2.3.2.2",0.483258240826741,FALSE,TRUE,33
"2.2.2.2.2.2.2.2.2.2.2.2.2.2.2.2.2.1.2.2.3.2",0.49557719857094,FALSE,TRUE,34
"2.2.2.2.2.2.2.2.2.2.2.2.2.2.2.2.2.1.2.2.2.3",0.5007629610468,FALSE,TRUE,35
"1.2.2.2.2.2.2.2.2.2.2.2.2.2.2.2.2.1.2.2.2.2",0.536796977809707,FALSE,TRUE,33
"2.2.1.2.2.2.2.2.2.2.2.2.2.2.2.2.2.1.2.2.2.2",0.48676126328999,FALSE,TRUE,33
"2.2.2.2.1.2.2.2.2.2.2.2.2.2.2.2.2.1.2.2.2.2",0.563045873414664,FALSE,TRUE,33
"2.2.2.2.2.1.2.2.2.2.2.2.2.2.2.2.2.1.2.2.2.2",0.521272914413945,FALSE,TRUE,32
"2.2.2.2.2.2.1.2.2.2.2.2.2.2.2.2.2.1.2.2.2.2",0.536449296339459,FALSE,TRUE,33
"2.2.2.2.2.2.2.1.2.2.2.2.2.2.2.2.2.1.2.2.2.2",0.451904286655005,FALSE,TRUE,33
"2.2.2.2.2.2.2.2.1.2.2.2.2.2.2.2.2.1.2.2.2.2",0.474610944039549,FALSE,TRUE,33
"2.2.2.2.2.2.2.2.2.1.2.2.2.2.2.2.2.1.2.2.2.2",0.551730484243148,FALSE,TRUE,33
"2.2.2.2.2.2.2.2.2.2.1.2.2.2.2.2.2.1.2.2.2.2",0.568799724888343,FALSE,TRUE,34
"2.2.2.2.2.2.2.2.2.2.2.1.2.2.2.2.2.1.2.2.2.2",0.522543259690134,FALSE,TRUE,33
"2.2.2.2.2.2.2.2.2.2.2.2.2.1.2.2.2.1.2.2.2.2",0.562934949856727,FALSE,TRUE,32
"2.2.2.2.2.2.2.2.2.2.2.2.2.2.1.2.2.1.2.2.2.2",0.52011668397174,FALSE,TRUE,32
"2.2.2.2.2.2.2.2.2.2.2.2.2.2.2.1.2.1.2.2.2.2",0.526478681703855,FALSE,TRUE,32
"2.2.2.2.2.2.2.2.2.2.2.2.2.2.2.2.1.1.2.2.2.2",0.480996623724257,FALSE,TRUE,33
"2.2.2.2.2.2.2.2.2.2.2.2.2.2.2.2.2.1.1.2.2.2",0.454446469042154,FALSE,TRUE,32
"2.2.2.2.2.2.2.2.2.2.2.2.2.2.2.2.2.1.2.1.2.2",0.537818414776455,FALSE,TRUE,33
"2.2.2.2.2.2.2.2.2.2.2.2.2.2.2.2.2.1.2.2.1.2",0.536687209202381,FALSE,TRUE,33
"3.2.2.2.2.2.2.2.2.2.2.2.2.2.2.3.2.1.2.2.2.2",0.454993529259078,FALSE,TRUE,37
"2.3.2.2.2.2.2.2.2.2.2.2.2.2.2.3.2.1.2.2.2.2",0.458553368397248,FALSE,TRUE,37
"2.2.3.2.2.2.2.2.2.2.2.2.2.2.2.3.2.1.2.2.2.2",0.528817561902406,FALSE,TRUE,37
"2.2.2.3.2.2.2.2.2.2.2.2.2.2.2.3.2.1.2.2.2.2",0.479332276917329,FALSE,TRUE,38
"2.2.2.2.3.2.2.2.2.2.2.2.2.2.2.3.2.1.2.2.2.2",0.437903104029965,FALSE,TRUE,36
"2.2.2.2.2.3.2.2.2.2.2.2.2.2.2.3.2.1.2.2.2.2",0.463542641041656,FALSE,TRUE,38
"2.2.2.2.2.2.3.2.2.2.2.2.2.2.2.3.2.1.2.2.2.2",0.468225013764205,FALSE,TRUE,37
"2.2.2.2.2.2.2.3.2.2.2.2.2.2.2.3.2.1.2.2.2.2",0.522941142011015,FALSE,TRUE,37
"2.2.2.2.2.2.2.2.3.2.2.2.2.2.2.3.2.1.2.2.2.2",0.514392667785881,FALSE,TRUE,38
"2.2.2.2.2.2.2.2.2.3.2.2.2.2.2.3.2.1.2.2.2.2",0.469760046098326,FALSE,TRUE,37
"2.2.2.2.2.2.2.2.2.2.3.2.2.2.2.3.2.1.2.2.2.2",0.440038258896794,FALSE,TRUE,37
"2.2.2.2.2.2.2.2.2.2.2.3.2.2.2.3.2.1.2.2.2.2",0.471717775382919,FALSE,TRUE,38
"2.2.2.2.2.2.2.2.2.2.2.2.3.2.2.3.2.1.2.2.2.2",0.382797770876832,FALSE,TRUE,38
"2.2.2.2.2.2.2.2.2.2.2.2.2.3.2.3.2.1.2.2.2.2",0.446099134854657,FALSE,TRUE,38
"2.2.2.2.2.2.2.2.2.2.2.2.2.2.3.3.2.1.2.2.2.2",0.479961212099251,FALSE,TRUE,39
"2.2.2.2.2.2.2.2.2.2.2.2.2.2.2.4.2.1.2.2.2.2",0.456701737757017,FALSE,TRUE,39
"2.2.2.2.2.2.2.2.2.2.2.2.2.2.2.3.3.1.2.2.2.2",0.530309163207038,FALSE,TRUE,36
"2.2.2.2.2.2.2.2.2.2.2.2.2.2.2.3.2.1.3.2.2.2",0.483988257333895,FALSE,TRUE,37
"2.2.2.2.2.2.2.2.2.2.2.2.2.2.2.3.2.1.2.3.2.2",0.447491212195218,FALSE,TRUE,38
"2.2.2.2.2.2.2.2.2.2.2.2.2.2.2.3.2.1.2.2.3.2",0.464346052418299,FALSE,TRUE,38
"2.2.2.2.2.2.2.2.2.2.2.2.2.2.2.3.2.1.2.2.2.3",0.480134628206013,FALSE,TRUE,38
"1.2.2.2.2.2.2.2.2.2.2.2.2.2.2.3.2.1.2.2.2.2",0.520016578838293,FALSE,TRUE,37
"2.1.2.2.2.2.2.2.2.2.2.2.2.2.2.3.2.1.2.2.2.2",0.518512143890753,FALSE,TRUE,35
"2.2.1.2.2.2.2.2.2.2.2.2.2.2.2.3.2.1.2.2.2.2",0.453043379654562,FALSE,TRUE,37
"2.2.2.1.2.2.2.2.2.2.2.2.2.2.2.3.2.1.2.2.2.2",0.49244724097129,FALSE,TRUE,32
"2.2.2.2.1.2.2.2.2.2.2.2.2.2.2.3.2.1.2.2.2.2",0.540749747526223,FALSE,TRUE,37
"2.2.2.2.2.1.2.2.2.2.2.2.2.2.2.3.2.1.2.2.2.2",0.515527931827043,FALSE,TRUE,36
"2.2.2.2.2.2.1.2.2.2.2.2.2.2.2.3.2.1.2.2.2.2",0.5181922806129,FALSE,TRUE,37
"2.2.2.2.2.2.2.1.2.2.2.2.2.2.2.3.2.1.2.2.2.2",0.438728587616508,FALSE,TRUE,37
"2.2.2.2.2.2.2.2.2.1.2.2.2.2.2.3.2.1.2.2.2.2",0.507913623952024,FALSE,TRUE,36
"2.2.2.2.2.2.2.2.2.2.1.2.2.2.2.3.2.1.2.2.2.2",0.537399771121569,FALSE,TRUE,36
"2.2.2.2.2.2.2.2.2.2.2.2.1.2.2.3.2.1.2.2.2.2",0.603840784327849,FALSE,TRUE,35
"2.2.2.2.2.2.2.2.2.2.2.2.2.1.2.3.2.1.2.2.2.2",0.541967140389407,FALSE,TRUE,36
"2.2.2.2.2.2.2.2.2.2.2.2.2.2.2.3.1.1.2.2.2.2",0.461454509150155,FALSE,TRUE,37
"2.2.2.2.2.2.2.2.2.2.2.2.2.2.2.3.2.1.1.2.2.2",0.475589890090746,FALSE,TRUE,35
"2.2.2.2.2.2.2.2.2.2.2.2.2.2.2.3.2.1.2.1.2.2",0.524213558172985,FALSE,TRUE,37
"2.2.2.2.2.2.2.2.2.2.2.2.2.2.2.3.2.1.2.2.1.2",0.517849027826,FALSE,TRUE,36
"2.2.2.2.2.2.2.2.2.2.2.2.2.2.2.3.2.1.2.2.2.1",0.48985891193998,FALSE,TRUE,36
"3.2.2.2.2.2.2.2.2.2.2.2.2.2.2.2.3.2.2.2.2.2",0.434858076551352,FALSE,TRUE,41
"2.3.2.2.2.2.2.2.2.2.2.2.2.2.2.2.3.2.2.2.2.2",0.471202189260218,FALSE,TRUE,40
"2.2.2.3.2.2.2.2.2.2.2.2.2.2.2.2.3.2.2.2.2.2",0.45731538794226,FALSE,TRUE,41
"2.2.2.2.3.2.2.2.2.2.2.2.2.2.2.2.3.2.2.2.2.2",0.440592123325721,FALSE,TRUE,41
"2.2.2.2.2.3.2.2.2.2.2.2.2.2.2.2.3.2.2.2.2.2",0.476895111622737,FALSE,TRUE,41
"2.2.2.2.2.2.3.2.2.2.2.2.2.2.2.2.3.2.2.2.2.2",0.479873460660376,FALSE,TRUE,41
"2.2.2.2.2.2.2.3.2.2.2.2.2.2.2.2.3.2.2.2.2.2",0.505463313409547,FALSE,TRUE,41
"2.2.2.2.2.2.2.2.3.2.2.2.2.2.2.2.3.2.2.2.2.2",0.511627361200835,FALSE,TRUE,40
"2.2.2.2.2.2.2.2.2.3.2.2.2.2.2.2.3.2.2.2.2.2",0.457725410569813,FALSE,TRUE,40
"2.2.2.2.2.2.2.2.2.2.3.2.2.2.2.2.3.2.2.2.2.2",0.432656654920856,FALSE,TRUE,40
"2.2.2.2.2.2.2.2.2.2.2.3.2.2.2.2.3.2.2.2.2.2",0.474926629327715,FALSE,TRUE,41
"2.2.2.2.2.2.2.2.2.2.2.2.3.2.2.2.3.2.2.2.2.2",0.390230734003619,FALSE,TRUE,41
"2.2.2.2.2.2.2.2.2.2.2.2.2.3.2.2.3.2.2.2.2.2",0.43892479919742,FALSE,TRUE,41
"2.2.2.2.2.2.2.2.2.2.2.2.2.2.3.2.3.2.2.2.2.2",0.48274679161354,FALSE,TRUE,41
"2.2.2.2.2.2.2.2.2.2.2.2.2.2.2.3.3.2.2.2.2.2",0.462061325151327,FALSE,TRUE,40
"2.2.2.2.2.2.2.2.2.2.2.2.2.2.2.2.4.2.2.2.2.2",0.525129624663372,FALSE,TRUE,42
"2.2.2.2.2.2.2.2.2.2.2.2.2.2.2.2.3.3.2.2.2.2",0.407023365365188,FALSE,TRUE,41
"2.2.2.2.2.2.2.2.2.2.2.2.2.2.2.2.3.2.3.2.2.2",0.483801469511398,FALSE,TRUE,41
"2.2.2.2.2.2.2.2.2.2.2.2.2.2.2.2.3.2.2.3.2.2",0.431414187754496,FALSE,TRUE,41
"2.2.2.2.2.2.2.2.2.2.2.2.2.2.2.2.3.2.2.2.3.2",0.462999405139772,FALSE,TRUE,41
"2.2.2.2.2.2.2.2.2.2.2.2.2.2.2.2.3.2.2.2.2.3",0.48811765642564,FALSE,TRUE,41
"1.2.2.2.2.2.2.2.2.2.2.2.2.2.2.2.3.2.2.2.2.2",0.533736721862313,FALSE,TRUE,40
"2.1.2.2.2.2.2.2.2.2.2.2.2.2.2.2.3.2.2.2.2.2",0.499264208606951,FALSE,TRUE,39
"2.2.1.2.2.2.2.2.2.2.2.2.2.2.2.2.3.2.2.2.2.2",0.438053527967498,FALSE,TRUE,41
"2.2.2.1.2.2.2.2.2.2.2.2.2.2.2.2.3.2.2.2.2.2",0.507744104224112,FALSE,TRUE,39
"2.2.2.2.1.2.2.2.2.2.2.2.2.2.2.2.3.2.2.2.2.2",0.530727362892739,FALSE,TRUE,40
"2.2.2.2.2.1.2.2.2.2.2.2.2.2.2.2.3.2.2.2.2.2",0.496795089162144,FALSE,TRUE,39
"2.2.2.2.2.2.1.2.2.2.2.2.2.2.2.2.3.2.2.2.2.2",0.501076944295151,FALSE,TRUE,40
"2.2.2.2.2.2.2.1.2.2.2.2.2.2.2.2.3.2.2.2.2.2",0.445495331727812,FALSE,TRUE,40
"2.2.2.2.2.2.2.2.1.2.2.2.2.2.2.2.3.2.2.2.2.2",0.464700278051795,FALSE,TRUE,40
"2.2.2.2.2.2.2.2.2.1.2.2.2.2.2.2.3.2.2.2.2.2",0.511281015005129,FALSE,TRUE,40
"2.2.2.2.2.2.2.2.2.2.1.2.2.2.2.2.3.2.2.2.2.2",0.542859606843117,FALSE,TRUE,40
"2.2.2.2.2.2.2.2.2.2.2.1.2.2.2.2.3.2.2.2.2.2",0.499028513464006,FALSE,TRUE,40
"2.2.2.2.2.2.2.2.2.2.2.2.1.2.2.2.3.2.2.2.2.2",0.589319908867541,FALSE,TRUE,39
"2.2.2.2.2.2.2.2.2.2.2.2.2.1.2.2.3.2.2.2.2.2",0.54260217988354,FALSE,TRUE,40
"2.2.2.2.2.2.2.2.2.2.2.2.2.2.1.2.3.2.2.2.2.2",0.490319756705292,FALSE,TRUE,40
"2.2.2.2.2.2.2.2.2.2.2.2.2.2.2.1.3.2.2.2.2.2",0.511564614029873,FALSE,TRUE,39
"2.2.2.2.2.2.2.2.2.2.2.2.2.2.2.2.3.2.1.2.2.2",0.467576617817794,FALSE,TRUE,40
"2.2.2.2.2.2.2.2.2.2.2.2.2.2.2.2.3.2.2.1.2.2",0.529995213153453,FALSE,TRUE,40
"2.2.2.2.2.2.2.2.2.2.2.2.2.2.2.2.3.2.2.2.1.2",0.511960992690333,FALSE,TRUE,40
"2.2.2.2.2.2.2.2.2.2.2.2.2.2.2.2.3.2.2.2.2.1",0.47060096646255,FALSE,TRUE,39
"3.2.2.1.2.2.2.2.2.2.2.2.2.2.2.2.2.1.2.2.2.2",0.475910881072753,FALSE,TRUE,34
"2.3.2.1.2.2.2.2.2.2.2.2.2.2.2.2.2.1.2.2.2.2",0.486058078669786,FALSE,TRUE,33
"2.2.3.1.2.2.2.2.2.2.2.2.2.2.2.2.2.1.2.2.2.2",0.513911797444557,FALSE,TRUE,34
"2.2.2.1.3.2.2.2.2.2.2.2.2.2.2.2.2.1.2.2.2.2",0.466877586853485,FALSE,TRUE,34
"2.2.2.1.2.3.2.2.2.2.2.2.2.2.2.2.2.1.2.2.2.2",0.483055111925916,FALSE,TRUE,36
"2.2.2.1.2.2.3.2.2.2.2.2.2.2.2.2.2.1.2.2.2.2",0.488042494214545,FALSE,TRUE,34
"2.2.2.1.2.2.2.2.3.2.2.2.2.2.2.2.2.1.2.2.2.2",0.547078823775628,FALSE,TRUE,34
"2.2.2.1.2.2.2.2.2.3.2.2.2.2.2.2.2.1.2.2.2.2",0.46103697983324,FALSE,TRUE,34
"2.2.2.1.2.2.2.2.2.2.3.2.2.2.2.2.2.1.2.2.2.2",0.45345407006228,FALSE,TRUE,34
"2.2.2.1.2.2.2.2.2.2.2.3.2.2.2.2.2.1.2.2.2.2",0.492544463326379,FALSE,TRUE,34
"2.2.2.1.2.2.2.2.2.2.2.2.3.2.2.2.2.1.2.2.2.2",0.406558692183966,FALSE,TRUE,35
"2.2.2.1.2.2.2.2.2.2.2.2.2.3.2.2.2.1.2.2.2.2",0.473150512564259,FALSE,TRUE,35
"2.2.2.1.2.2.2.2.2.2.2.2.2.2.3.2.2.1.2.2.2.2",0.501410234028195,FALSE,TRUE,35
"2.2.2.1.2.2.2.2.2.2.2.2.2.2.2.2.3.1.2.2.2.2",0.554575570133953,FALSE,TRUE,34
"2.2.2.1.2.2.2.2.2.2.2.2.2.2.2.2.2.1.2.3.2.2",0.487152018301219,FALSE,TRUE,34
"2.2.2.1.2.2.2.2.2.2.2.2.2.2.2.2.2.1.2.2.3.2",0.481804966467151,FALSE,TRUE,36
"2.2.2.1.2.2.2.2.2.2.2.2.2.2.2.2.2.1.2.2.2.3",0.484062271267993,FALSE,TRUE,35
"1.2.2.1.2.2.2.2.2.2.2.2.2.2.2.2.2.1.2.2.2.2",0.51193284600212,FALSE,TRUE,34
"2.1.2.1.2.2.2.2.2.2.2.2.2.2.2.2.2.1.2.2.2.2",0.50656140784929,FALSE,TRUE,32
"2.2.1.1.2.2.2.2.2.2.2.2.2.2.2.2.2.1.2.2.2.2",0.486372077157026,FALSE,TRUE,34
"2.2.2.1.1.2.2.2.2.2.2.2.2.2.2.2.2.1.2.2.2.2",0.532930646267618,FALSE,TRUE,34
"2.2.2.1.2.2.1.2.2.2.2.2.2.2.2.2.2.1.2.2.2.2",0.518374801684447,FALSE,TRUE,34
"2.2.2.1.2.2.2.1.2.2.2.2.2.2.2.2.2.1.2.2.2.2",0.420729805169809,FALSE,TRUE,35
"2.2.2.1.2.2.2.2.1.2.2.2.2.2.2.2.2.1.2.2.2.2",0.453453892710716,FALSE,TRUE,33
"2.2.2.1.2.2.2.2.2.1.2.2.2.2.2.2.2.1.2.2.2.2",0.533114014414549,FALSE,TRUE,33
"2.2.2.1.2.2.2.2.2.2.1.2.2.2.2.2.2.1.2.2.2.2",0.545451303519752,FALSE,TRUE,34
"2.2.2.1.2.2.2.2.2.2.2.1.2.2.2.2.2.1.2.2.2.2",0.507477326866288,FALSE,TRUE,33
"2.2.2.1.2.2.2.2.2.2.2.2.1.2.2.2.2.1.2.2.2.2",0.594375310990138,FALSE,TRUE,32
"2.2.2.1.2.2.2.2.2.2.2.2.2.1.2.2.2.1.2.2.2.2",0.533110466138649,FALSE,TRUE,32
"2.2.2.1.2.2.2.2.2.2.2.2.2.2.1.2.2.1.2.2.2.2",0.501031689713016,FALSE,TRUE,33
"2.2.2.1.2.2.2.2.2.2.2.2.2.2.2.1.2.1.2.2.2.2",0.499390679629468,FALSE,TRUE,33
"2.2.2.1.2.2.2.2.2.2.2.2.2.2.2.2.1.1.2.2.2.2",0.453089977730815,FALSE,TRUE,34
"2.2.2.1.2.2.2.2.2.2.2.2.2.2.2.2.2.1.2.1.2.2",0.500692076086479,FALSE,TRUE,34
"2.2.2.1.2.2.2.2.2.2.2.2.2.2.2.2.2.1.2.2.2.1",0.502574735556463,FALSE,TRUE,33
"2.1.3.2.2.2.2.2.2.2.2.2.2.2.2.2.2.1.2.2.2.2",0.535249960238389,FALSE,TRUE,37
"2.1.2.3.2.2.2.2.2.2.2.2.2.2.2.2.2.1.2.2.2.2",0.503245968591349,FALSE,TRUE,38
"2.1.2.2.3.2.2.2.2.2.2.2.2.2.2.2.2.1.2.2.2.2",0.459316743533477,FALSE,TRUE,37
"2.1.2.2.2.3.2.2.2.2.2.2.2.2.2.2.2.1.2.2.2.2",0.513534500881022,FALSE,TRUE,38
"2.1.2.2.2.2.3.2.2.2.2.2.2.2.2.2.2.1.2.2.2.2",0.493768093923754,FALSE,TRUE,37
"2.1.2.2.2.2.2.3.2.2.2.2.2.2.2.2.2.1.2.2.2.2",0.561598981439763,FALSE,TRUE,37
"2.1.2.2.2.2.2.2.3.2.2.2.2.2.2.2.2.1.2.2.2.2",0.555616912173288,FALSE,TRUE,37
"2.1.2.2.2.2.2.2.2.3.2.2.2.2.2.2.2.1.2.2.2.2",0.470382316957011,FALSE,TRUE,37
"2.1.2.2.2.2.2.2.2.2.3.2.2.2.2.2.2.1.2.2.2.2",0.462244830115672,FALSE,TRUE,37
"2.1.2.2.2.2.2.2.2.2.2.2.3.2.2.2.2.1.2.2.2.2",0.413357397235426,FALSE,TRUE,38
"2.1.2.2.2.2.2.2.2.2.2.2.2.3.2.2.2.1.2.2.2.2",0.452622508212301,FALSE,TRUE,38
"2.1.2.2.2.2.2.2.2.2.2.2.2.2.3.2.2.1.2.2.2.2",0.501350034156267,FALSE,TRUE,38
"2.1.2.2.2.2.2.2.2.2.2.2.2.2.2.2.3.1.2.2.2.2",0.564118586510744,FALSE,TRUE,37
"2.1.2.2.2.2.2.2.2.2.2.2.2.2.2.2.2.1.3.2.2.2",0.562284005063672,FALSE,TRUE,37
"2.1.2.2.2.2.2.2.2.2.2.2.2.2.2.2.2.1.2.3.2.2",0.489489626370493,FALSE,TRUE,38
"2.1.2.2.2.2.2.2.2.2.2.2.2.2.2.2.2.1.2.2.3.2",0.493522538444896,FALSE,TRUE,38
"2.1.2.2.2.2.2.2.2.2.2.2.2.2.2.2.2.1.2.2.2.3",0.493117517308004,FALSE,TRUE,38
"1.1.2.2.2.2.2.2.2.2.2.2.2.2.2.2.2.1.2.2.2.2",0.521251023347324,FALSE,TRUE,38
"2.1.1.2.2.2.2.2.2.2.2.2.2.2.2.2.2.1.2.2.2.2",0.482646076191859,FALSE,TRUE,37
"2.1.2.2.1.2.2.2.2.2.2.2.2.2.2.2.2.1.2.2.2.2",0.557186198233254,FALSE,TRUE,37
"2.1.2.2.2.1.2.2.2.2.2.2.2.2.2.2.2.1.2.2.2.2",0.501174404144433,FALSE,TRUE,36
"2.1.2.2.2.2.1.2.2.2.2.2.2.2.2.2.2.1.2.2.2.2",0.529622104248797,FALSE,TRUE,37
"2.1.2.2.2.2.2.1.2.2.2.2.2.2.2.2.2.1.2.2.2.2",0.441624374764286,FALSE,TRUE,37
"2.1.2.2.2.2.2.2.1.2.2.2.2.2.2.2.2.1.2.2.2.2",0.466569494272235,FALSE,TRUE,36
"2.1.2.2.2.2.2.2.2.1.2.2.2.2.2.2.2.1.2.2.2.2",0.541714050951049,FALSE,TRUE,36
"2.1.2.2.2.2.2.2.2.2.1.2.2.2.2.2.2.1.2.2.2.2",0.5496066870126,FALSE,TRUE,37
"2.1.2.2.2.2.2.2.2.2.2.1.2.2.2.2.2.1.2.2.2.2",0.499421507850306,FALSE,TRUE,37
"2.1.2.2.2.2.2.2.2.2.2.2.1.2.2.2.2.1.2.2.2.2",0.605417647794128,FALSE,TRUE,35
"2.1.2.2.2.2.2.2.2.2.2.2.2.1.2.2.2.1.2.2.2.2",0.573392873382069,FALSE,TRUE,36
"2.1.2.2.2.2.2.2.2.2.2.2.2.2.1.2.2.1.2.2.2.2",0.517440119938273,FALSE,TRUE,36
"2.1.2.2.2.2.2.2.2.2.2.2.2.2.2.1.2.1.2.2.2.2",0.491910664356088,FALSE,TRUE,37
"2.1.2.2.2.2.2.2.2.2.2.2.2.2.2.2.1.1.2.2.2.2",0.464022364339071,FALSE,TRUE,37
"2.1.2.2.2.2.2.2.2.2.2.2.2.2.2.2.2.1.1.2.2.2",0.437643578643158,FALSE,TRUE,36
"2.1.2.2.2.2.2.2.2.2.2.2.2.2.2.2.2.1.2.1.2.2",0.51803135937314,FALSE,TRUE,37
"2.1.2.2.2.2.2.2.2.2.2.2.2.2.2.2.2.1.2.2.1.2",0.522586640209912,FALSE,TRUE,36
"2.1.2.2.2.2.2.2.2.2.2.2.2.2.2.2.2.1.2.2.2.1",0.517710777549473,FALSE,TRUE,36
"3.2.2.1.2.2.2.3.2.2.2.2.2.2.2.2.2.1.2.2.2.2",0.531420859203519,FALSE,TRUE,38
"2.3.2.1.2.2.2.3.2.2.2.2.2.2.2.2.2.1.2.2.2.2",0.53171270585147,FALSE,TRUE,37
"2.2.3.1.2.2.2.3.2.2.2.2.2.2.2.2.2.1.2.2.2.2",0.57533652623968,FALSE,TRUE,38
"2.2.2.1.3.2.2.3.2.2.2.2.2.2.2.2.2.1.2.2.2.2",0.525869097400673,FALSE,TRUE,38
"2.2.2.1.2.3.2.3.2.2.2.2.2.2.2.2.2.1.2.2.2.2",0.530352043995981,FALSE,TRUE,38
"2.2.2.1.2.2.3.3.2.2.2.2.2.2.2.2.2.1.2.2.2.2",0.544339543228633,FALSE,TRUE,37
"2.2.2.1.2.2.2.4.2.2.2.2.2.2.2.2.2.1.2.2.2.2",0.581836984029352,FALSE,TRUE,39
"2.2.2.1.2.2.2.3.3.2.2.2.2.2.2.2.2.1.2.2.2.2",0.581977444584029,FALSE,TRUE,37
"2.2.2.1.2.2.2.3.2.3.2.2.2.2.2.2.2.1.2.2.2.2",0.508312144585054,FALSE,TRUE,38
"2.2.2.1.2.2.2.3.2.2.3.2.2.2.2.2.2.1.2.2.2.2",0.496266539699265,FALSE,TRUE,37
"2.2.2.1.2.2.2.3.2.2.2.3.2.2.2.2.2.1.2.2.2.2",0.551927970104274,FALSE,TRUE,36
"2.2.2.1.2.2.2.3.2.2.2.2.3.2.2.2.2.1.2.2.2.2",0.471250518621791,FALSE,TRUE,38
"2.2.2.1.2.2.2.3.2.2.2.2.2.3.2.2.2.1.2.2.2.2",0.5335280062573,FALSE,TRUE,38
"2.2.2.1.2.2.2.3.2.2.2.2.2.2.3.2.2.1.2.2.2.2",0.565044458932843,FALSE,TRUE,38
"2.2.2.1.2.2.2.3.2.2.2.2.2.2.2.3.2.1.2.2.2.2",0.534276000095156,FALSE,TRUE,38
"2.2.2.1.2.2.2.3.2.2.2.2.2.2.2.2.3.1.2.2.2.2",0.604211211128501,FALSE,TRUE,37
"2.2.2.1.2.2.2.3.2.2.2.2.2.2.2.2.2.2.2.2.2.2",0.489229328731615,FALSE,TRUE,38
"2.2.2.1.2.2.2.3.2.2.2.2.2.2.2.2.2.1.3.2.2.2",0.590602897310198,FALSE,TRUE,38
"2.2.2.1.2.2.2.3.2.2.2.2.2.2.2.2.2.1.2.2.3.2",0.55248466331882,FALSE,TRUE,38
"2.2.2.1.2.2.2.3.2.2.2.2.2.2.2.2.2.1.2.2.2.3",0.520617439650478,FALSE,TRUE,38
"1.2.2.1.2.2.2.3.2.2.2.2.2.2.2.2.2.1.2.2.2.2",0.565110105891488,FALSE,TRUE,37
"2.1.2.1.2.2.2.3.2.2.2.2.2.2.2.2.2.1.2.2.2.2",0.566142531726446,FALSE,TRUE,35
"2.2.1.1.2.2.2.3.2.2.2.2.2.2.2.2.2.1.2.2.2.2",0.530788050905824,FALSE,TRUE,37
"2.2.2.1.1.2.2.3.2.2.2.2.2.2.2.2.2.1.2.2.2.2",0.584229206862382,FALSE,TRUE,37
"2.2.2.1.2.1.2.3.2.2.2.2.2.2.2.2.2.1.2.2.2.2",0.570205529421846,FALSE,TRUE,36
"2.2.2.1.2.2.1.3.2.2.2.2.2.2.2.2.2.1.2.2.2.2",0.570159786951284,FALSE,TRUE,37
"2.2.2.1.2.2.2.3.1.2.2.2.2.2.2.2.2.1.2.2.2.2",0.527439000269583,FALSE,TRUE,37
"2.2.2.1.2.2.2.3.2.1.2.2.2.2.2.2.2.1.2.2.2.2",0.590785653883476,FALSE,TRUE,37
"2.2.2.1.2.2.2.3.2.2.1.2.2.2.2.2.2.1.2.2.2.2",0.607583156118898,FALSE,TRUE,37
"2.2.2.1.2.2.2.3.2.2.2.1.2.2.2.2.2.1.2.2.2.2",0.556725740156746,FALSE,TRUE,37
"2.2.2.1.2.2.2.3.2.2.2.2.1.2.2.2.2.1.2.2.2.2",0.636788373636932,FALSE,TRUE,36
"2.2.2.1.2.2.2.3.2.2.2.2.2.1.2.2.2.1.2.2.2.2",0.581638808593896,FALSE,TRUE,37
"2.2.2.1.2.2.2.3.2.2.2.2.2.2.1.2.2.1.2.2.2.2",0.546313474384645,FALSE,TRUE,37
"2.2.2.1.2.2.2.3.2.2.2.2.2.2.2.2.1.1.2.2.2.2",0.511243443872186,FALSE,TRUE,37
"2.2.2.1.2.2.2.3.2.2.2.2.2.2.2.2.2.1.1.2.2.2",0.494940188733156,FALSE,TRUE,37
"2.2.2.1.2.2.2.3.2.2.2.2.2.2.2.2.2.1.2.1.2.2",0.564383948417414,FALSE,TRUE,38
"2.2.2.1.2.2.2.3.2.2.2.2.2.2.2.2.2.1.2.2.1.2",0.555537811812013,FALSE,TRUE,37
"2.2.2.1.2.2.2.3.2.2.2.2.2.2.2.2.2.1.2.2.2.1",0.573136279994509,FALSE,TRUE,36
"3.2.2.2.2.2.2.2.2.2.2.2.2.2.1.3.2.1.2.2.2.2",0.446660974421987,FALSE,TRUE,39
"2.3.2.2.2.2.2.2.2.2.2.2.2.2.1.3.2.1.2.2.2.2",0.456840593798906,FALSE,TRUE,39
"2.2.3.2.2.2.2.2.2.2.2.2.2.2.1.3.2.1.2.2.2.2",0.53725403812583,FALSE,TRUE,39
"2.2.2.3.2.2.2.2.2.2.2.2.2.2.1.3.2.1.2.2.2.2",0.486773248438396,FALSE,TRUE,39
"2.2.2.2.2.3.2.2.2.2.2.2.2.2.1.3.2.1.2.2.2.2",0.462998110746059,FALSE,TRUE,39
"2.2.2.2.2.2.3.2.2.2.2.2.2.2.1.3.2.1.2.2.2.2",0.478752215519571,FALSE,TRUE,39
"2.2.2.2.2.2.2.3.2.2.2.2.2.2.1.3.2.1.2.2.2.2",0.515152884610192,FALSE,TRUE,39
"2.2.2.2.2.2.2.2.3.2.2.2.2.2.1.3.2.1.2.2.2.2",0.511675007886402,FALSE,TRUE,38
"2.2.2.2.2.2.2.2.2.3.2.2.2.2.1.3.2.1.2.2.2.2",0.474932901000223,FALSE,TRUE,39
"2.2.2.2.2.2.2.2.2.2.3.2.2.2.1.3.2.1.2.2.2.2",0.440319415780615,FALSE,TRUE,38
"2.2.2.2.2.2.2.2.2.2.2.3.2.2.1.3.2.1.2.2.2.2",0.473335862445568,FALSE,TRUE,39
"2.2.2.2.2.2.2.2.2.2.2.2.3.2.1.3.2.1.2.2.2.2",0.391047868697905,FALSE,TRUE,39
"2.2.2.2.2.2.2.2.2.2.2.2.2.3.1.3.2.1.2.2.2.2",0.461393878999869,FALSE,TRUE,39
"2.2.2.2.2.2.2.2.2.2.2.2.2.2.1.4.2.1.2.2.2.2",0.465276426872466,FALSE,TRUE,39
"2.2.2.2.2.2.2.2.2.2.2.2.2.2.1.3.3.1.2.2.2.2",0.541537176289815,FALSE,TRUE,38
"2.2.2.2.2.2.2.2.2.2.2.2.2.2.1.3.2.2.2.2.2.2",0.421175874170356,FALSE,TRUE,39
"2.2.2.2.2.2.2.2.2.2.2.2.2.2.1.3.2.1.3.2.2.2",0.500726696395255,FALSE,TRUE,39
"2.2.2.2.2.2.2.2.2.2.2.2.2.2.1.3.2.1.2.3.2.2",0.446343492679232,FALSE,TRUE,39
"2.2.2.2.2.2.2.2.2.2.2.2.2.2.1.3.2.1.2.2.3.2",0.472443343910045,FALSE,TRUE,39
"2.2.2.2.2.2.2.2.2.2.2.2.2.2.1.3.2.1.2.2.2.3",0.488528729351735,FALSE,TRUE,39
"1.2.2.2.2.2.2.2.2.2.2.2.2.2.1.3.2.1.2.2.2.2",0.5329059748464,FALSE,TRUE,38
"2.1.2.2.2.2.2.2.2.2.2.2.2.2.1.3.2.1.2.2.2.2",0.522942169350782,FALSE,TRUE,37
"2.2.1.2.2.2.2.2.2.2.2.2.2.2.1.3.2.1.2.2.2.2",0.447467115605195,FALSE,TRUE,38
"2.2.2.1.2.2.2.2.2.2.2.2.2.2.1.3.2.1.2.2.2.2",0.490529162920462,FALSE,TRUE,37
"2.2.2.2.1.2.2.2.2.2.2.2.2.2.1.3.2.1.2.2.2.2",0.530574305421391,FALSE,TRUE,39
"2.2.2.2.2.1.2.2.2.2.2.2.2.2.1.3.2.1.2.2.2.2",0.519050784721725,FALSE,TRUE,37
"2.2.2.2.2.2.1.2.2.2.2.2.2.2.1.3.2.1.2.2.2.2",0.511763003882143,FALSE,TRUE,38
"2.2.2.2.2.2.2.1.2.2.2.2.2.2.1.3.2.1.2.2.2.2",0.449523753856979,FALSE,TRUE,38
"2.2.2.2.2.2.2.2.1.2.2.2.2.2.1.3.2.1.2.2.2.2",0.476760642642295,FALSE,TRUE,37
"2.2.2.2.2.2.2.2.2.1.2.2.2.2.1.3.2.1.2.2.2.2",0.506836076135104,FALSE,TRUE,38
"2.2.2.2.2.2.2.2.2.2.1.2.2.2.1.3.2.1.2.2.2.2",0.539121406963929,FALSE,TRUE,38
"2.2.2.2.2.2.2.2.2.2.2.1.2.2.1.3.2.1.2.2.2.2",0.514203557681122,FALSE,TRUE,38
"2.2.2.2.2.2.2.2.2.2.2.2.1.2.1.3.2.1.2.2.2.2",0.599244511459364,FALSE,TRUE,37
"2.2.2.2.2.2.2.2.2.2.2.2.2.1.1.3.2.1.2.2.2.2",0.531082417139218,FALSE,TRUE,38
"2.2.2.2.2.2.2.2.2.2.2.2.2.2.1.3.1.1.2.2.2.2",0.455026903070312,FALSE,TRUE,38
"2.2.2.2.2.2.2.2.2.2.2.2.2.2.1.3.2.1.1.2.2.2",0.46405668641494,FALSE,TRUE,37
"2.2.2.2.2.2.2.2.2.2.2.2.2.2.1.3.2.1.2.1.2.2",0.529172883529371,FALSE,TRUE,38
"2.2.2.2.2.2.2.2.2.2.2.2.2.2.1.3.2.1.2.2.1.2",0.514515693641223,FALSE,TRUE,38
"2.2.2.2.2.2.2.2.2.2.2.2.2.2.1.3.2.1.2.2.2.1",0.48611921974045,FALSE,TRUE,37
"3.3.2.2.2.2.2.2.2.2.2.2.2.2.2.2.2.2.2.2.2.2",0.396690678193801,FALSE,TRUE,41
"2.4.2.2.2.2.2.2.2.2.2.2.2.2.2.2.2.2.2.2.2.2",0.424578740950769,FALSE,TRUE,42
"2.3.3.2.2.2.2.2.2.2.2.2.2.2.2.2.2.2.2.2.2.2",0.491768121029881,FALSE,TRUE,40
"2.3.2.3.2.2.2.2.2.2.2.2.2.2.2.2.2.2.2.2.2.2",0.43080614965761,FALSE,TRUE,41
"2.3.2.2.3.2.2.2.2.2.2.2.2.2.2.2.2.2.2.2.2.2",0.409842082480277,FALSE,TRUE,41
"2.3.2.2.2.3.2.2.2.2.2.2.2.2.2.2.2.2.2.2.2.2",0.414928221583393,FALSE,TRUE,41
"2.3.2.2.2.2.3.2.2.2.2.2.2.2.2.2.2.2.2.2.2.2",0.448826914767968,FALSE,TRUE,41
"2.3.2.2.2.2.2.3.2.2.2.2.2.2.2.2.2.2.2.2.2.2",0.453431683151296,FALSE,TRUE,41
"2.3.2.2.2.2.2.2.3.2.2.2.2.2.2.2.2.2.2.2.2.2",0.465935765855254,FALSE,TRUE,40
"2.3.2.2.2.2.2.2.2.3.2.2.2.2.2.2.2.2.2.2.2.2",0.400622730537247,FALSE,TRUE,40
"2.3.2.2.2.2.2.2.2.2.3.2.2.2.2.2.2.2.2.2.2.2",0.384740101971043,FALSE,TRUE,40
"2.3.2.2.2.2.2.2.2.2.2.3.2.2.2.2.2.2.2.2.2.2",0.423451008918473,FALSE,TRUE,41
"2.3.2.2.2.2.2.2.2.2.2.2.3.2.2.2.2.2.2.2.2.2",0.359454124603159,FALSE,TRUE,41
"2.3.2.2.2.2.2.2.2.2.2.2.2.3.2.2.2.2.2.2.2.2",0.425368911496057,FALSE,TRUE,41
"2.3.2.2.2.2.2.2.2.2.2.2.2.2.3.2.2.2.2.2.2.2",0.454733881463273,FALSE,TRUE,41
"2.3.2.2.2.2.2.2.2.2.2.2.2.2.2.3.2.2.2.2.2.2",0.393635039833857,FALSE,TRUE,41
"2.3.2.2.2.2.2.2.2.2.2.2.2.2.2.2.2.3.2.2.2.2",0.369791970686707,FALSE,TRUE,41
"2.3.2.2.2.2.2.2.2.2.2.2.2.2.2.2.2.2.3.2.2.2",0.455972806865666,FALSE,TRUE,41
"2.3.2.2.2.2.2.2.2.2.2.2.2.2.2.2.2.2.2.3.2.2",0.394280567862934,FALSE,TRUE,41
"2.3.2.2.2.2.2.2.2.2.2.2.2.2.2.2.2.2.2.2.3.2",0.427282740555025,FALSE,TRUE,41
"2.3.2.2.2.2.2.2.2.2.2.2.2.2.2.2.2.2.2.2.2.3",0.431188978906293,FALSE,TRUE,41
"1.3.2.2.2.2.2.2.2.2.2.2.2.2.2.2.2.2.2.2.2.2",0.482314539642191,FALSE,TRUE,40
"2.3.1.2.2.2.2.2.2.2.2.2.2.2.2.2.2.2.2.2.2.2",0.39393532302284,FALSE,TRUE,40
"2.3.2.1.2.2.2.2.2.2.2.2.2.2.2.2.2.2.2.2.2.2",0.443513760458773,FALSE,TRUE,39
"2.3.2.2.1.2.2.2.2.2.2.2.2.2.2.2.2.2.2.2.2.2",0.471775976129786,FALSE,TRUE,40
"2.3.2.2.2.1.2.2.2.2.2.2.2.2.2.2.2.2.2.2.2.2",0.468017981931683,FALSE,TRUE,39
"2.3.2.2.2.2.1.2.2.2.2.2.2.2.2.2.2.2.2.2.2.2",0.442864148865871,FALSE,TRUE,40
"2.3.2.2.2.2.2.1.2.2.2.2.2.2.2.2.2.2.2.2.2.2",0.406557909388863,FALSE,TRUE,40
"2.3.2.2.2.2.2.2.1.2.2.2.2.2.2.2.2.2.2.2.2.2",0.416512958701966,FALSE,TRUE,40
"2.3.2.2.2.2.2.2.2.1.2.2.2.2.2.2.2.2.2.2.2.2",0.474839396428378,FALSE,TRUE,40
"2.3.2.2.2.2.2.2.2.2.1.2.2.2.2.2.2.2.2.2.2.2",0.500759819722858,FALSE,TRUE,40
"2.3.2.2.2.2.2.2.2.2.2.1.2.2.2.2.2.2.2.2.2.2",0.457670013800662,FALSE,TRUE,40
"2.3.2.2.2.2.2.2.2.2.2.2.1.2.2.2.2.2.2.2.2.2",0.531824357512742,FALSE,TRUE,39
"2.3.2.2.2.2.2.2.2.2.2.2.2.1.2.2.2.2.2.2.2.2",0.462325053398175,FALSE,TRUE,40
"2.3.2.2.2.2.2.2.2.2.2.2.2.2.1.2.2.2.2.2.2.2",0.427959861750665,FALSE,TRUE,40
"2.3.2.2.2.2.2.2.2.2.2.2.2.2.2.2.1.2.2.2.2.2",0.415139273258899,FALSE,TRUE,40
"2.3.2.2.2.2.2.2.2.2.2.2.2.2.2.2.2.2.1.2.2.2",0.400708579116189,FALSE,TRUE,40
"2.3.2.2.2.2.2.2.2.2.2.2.2.2.2.2.2.2.2.1.2.2",0.478153411344565,FALSE,TRUE,40
"2.3.2.2.2.2.2.2.2.2.2.2.2.2.2.2.2.2.2.2.1.2",0.456493527991097,FALSE,TRUE,40
"2.3.2.2.2.2.2.2.2.2.2.2.2.2.2.2.2.2.2.2.2.1",0.435109488678816,FALSE,TRUE,39
"3.2.2.2.2.2.2.2.2.2.2.2.2.2.2.2.2.1.2.2.2.1",0.468611807300243,FALSE,TRUE,38
"2.3.2.2.2.2.2.2.2.2.2.2.2.2.2.2.2.1.2.2.2.1",0.504026083267072,FALSE,TRUE,38
"2.2.2.3.2.2.2.2.2.2.2.2.2.2.2.2.2.1.2.2.2.1",0.514183463247236,FALSE,TRUE,39
"2.2.2.2.3.2.2.2.2.2.2.2.2.2.2.2.2.1.2.2.2.1",0.465876720971167,FALSE,TRUE,38
"2.2.2.2.2.3.2.2.2.2.2.2.2.2.2.2.2.1.2.2.2.1",0.51634132501341,FALSE,TRUE,39
"2.2.2.2.2.2.3.2.2.2.2.2.2.2.2.2.2.1.2.2.2.1",0.507310519360351,FALSE,TRUE,38
"2.2.2.2.2.2.2.3.2.2.2.2.2.2.2.2.2.1.2.2.2.1",0.574153688603521,FALSE,TRUE,38
"2.2.2.2.2.2.2.2.3.2.2.2.2.2.2.2.2.1.2.2.2.1",0.570783621053724,FALSE,TRUE,38
"2.2.2.2.2.2.2.2.2.3.2.2.2.2.2.2.2.1.2.2.2.1",0.47384746543842,FALSE,TRUE,38
"2.2.2.2.2.2.2.2.2.2.3.2.2.2.2.2.2.1.2.2.2.1",0.453270218604067,FALSE,TRUE,38
"2.2.2.2.2.2.2.2.2.2.2.3.2.2.2.2.2.1.2.2.2.1",0.493603987468751,FALSE,TRUE,38
"2.2.2.2.2.2.2.2.2.2.2.2.3.2.2.2.2.1.2.2.2.1",0.415654685614978,FALSE,TRUE,39
"2.2.2.2.2.2.2.2.2.2.2.2.2.3.2.2.2.1.2.2.2.1",0.483656616290197,FALSE,TRUE,39
"2.2.2.2.2.2.2.2.2.2.2.2.2.2.3.2.2.1.2.2.2.1",0.513147012520633,FALSE,TRUE,39
"2.2.2.2.2.2.2.2.2.2.2.2.2.2.2.2.3.1.2.2.2.1",0.542317041773299,FALSE,TRUE,38
"2.2.2.2.2.2.2.2.2.2.2.2.2.2.2.2.2.1.3.2.2.1",0.557578803709902,FALSE,TRUE,38
"2.2.2.2.2.2.2.2.2.2.2.2.2.2.2.2.2.1.2.3.2.1",0.467893231319118,FALSE,TRUE,39
"2.2.2.2.2.2.2.2.2.2.2.2.2.2.2.2.2.1.2.2.3.1",0.479852328780438,FALSE,TRUE,39
"1.2.2.2.2.2.2.2.2.2.2.2.2.2.2.2.2.1.2.2.2.1",0.546956680933425,FALSE,TRUE,38
"2.2.1.2.2.2.2.2.2.2.2.2.2.2.2.2.2.1.2.2.2.1",0.478018872129398,FALSE,TRUE,39
"2.2.2.2.1.2.2.2.2.2.2.2.2.2.2.2.2.1.2.2.2.1",0.556584136698549,FALSE,TRUE,38
"2.2.2.2.2.1.2.2.2.2.2.2.2.2.2.2.2.1.2.2.2.1",0.508154875686208,FALSE,TRUE,37
"2.2.2.2.2.2.1.2.2.2.2.2.2.2.2.2.2.1.2.2.2.1",0.521072158147174,FALSE,TRUE,38
"2.2.2.2.2.2.2.1.2.2.2.2.2.2.2.2.2.1.2.2.2.1",0.434430098974004,FALSE,TRUE,38
"2.2.2.2.2.2.2.2.1.2.2.2.2.2.2.2.2.1.2.2.2.1",0.454772195683082,FALSE,TRUE,37
"2.2.2.2.2.2.2.2.2.1.2.2.2.2.2.2.2.1.2.2.2.1",0.542960590753735,FALSE,TRUE,37
"2.2.2.2.2.2.2.2.2.2.1.2.2.2.2.2.2.1.2.2.2.1",0.568184119011129,FALSE,TRUE,38
"2.2.2.2.2.2.2.2.2.2.2.1.2.2.2.2.2.1.2.2.2.1",0.53394159169292,FALSE,TRUE,37
"2.2.2.2.2.2.2.2.2.2.2.2.1.2.2.2.2.1.2.2.2.1",0.610022890271707,FALSE,TRUE,36
"2.2.2.2.2.2.2.2.2.2.2.2.2.1.2.2.2.1.2.2.2.1",0.54493785042001,FALSE,TRUE,36
"2.2.2.2.2.2.2.2.2.2.2.2.2.2.1.2.2.1.2.2.2.1",0.511326052086925,FALSE,TRUE,37
"2.2.2.2.2.2.2.2.2.2.2.2.2.2.2.1.2.1.2.2.2.1",0.526801661479362,FALSE,TRUE,38
"2.2.2.2.2.2.2.2.2.2.2.2.2.2.2.2.1.1.2.2.2.1",0.490299551690246,FALSE,TRUE,38
"2.2.2.2.2.2.2.2.2.2.2.2.2.2.2.2.2.1.1.2.2.1",0.448169676458135,FALSE,TRUE,36
"2.2.2.2.2.2.2.2.2.2.2.2.2.2.2.2.2.1.2.1.2.1",0.547215975892713,FALSE,TRUE,38
"2.2.2.2.2.2.2.2.2.2.2.2.2.2.2.2.2.1.2.2.1.1",0.54542160775439,FALSE,TRUE,37
"3.2.2.2.2.2.2.2.2.2.2.2.1.2.2.2.2.1.2.2.2.2",0.585305223491209,FALSE,TRUE,37
"2.3.2.2.2.2.2.2.2.2.2.2.1.2.2.2.2.1.2.2.2.2",0.602029323324466,FALSE,TRUE,37
"2.2.3.2.2.2.2.2.2.2.2.2.1.2.2.2.2.1.2.2.2.2",0.627709766111122,FALSE,TRUE,37
"2.2.2.3.2.2.2.2.2.2.2.2.1.2.2.2.2.1.2.2.2.2",0.614879505104312,FALSE,TRUE,38
"2.2.2.2.3.2.2.2.2.2.2.2.1.2.2.2.2.1.2.2.2.2",0.574146873058586,FALSE,TRUE,37
"2.2.2.2.2.3.2.2.2.2.2.2.1.2.2.2.2.1.2.2.2.2",0.599252979132512,FALSE,TRUE,38
"2.2.2.2.2.2.3.2.2.2.2.2.1.2.2.2.2.1.2.2.2.2",0.596403897477172,FALSE,TRUE,37
"2.2.2.2.2.2.2.3.2.2.2.2.1.2.2.2.2.1.2.2.2.2",0.641377677965644,FALSE,TRUE,37
"2.2.2.2.2.2.2.2.3.2.2.2.1.2.2.2.2.1.2.2.2.2",0.642110756639409,FALSE,TRUE,37
"2.2.2.2.2.2.2.2.2.3.2.2.1.2.2.2.2.1.2.2.2.2",0.575519075334541,FALSE,TRUE,38
"2.2.2.2.2.2.2.2.2.2.3.2.1.2.2.2.2.1.2.2.2.2",0.560696298238571,FALSE,TRUE,37
"2.2.2.2.2.2.2.2.2.2.2.3.1.2.2.2.2.1.2.2.2.2",0.607571104333898,FALSE,TRUE,37
"2.2.2.2.2.2.2.2.2.2.2.2.1.3.2.2.2.1.2.2.2.2",0.576598838037035,FALSE,TRUE,39
"2.2.2.2.2.2.2.2.2.2.2.2.1.2.3.2.2.1.2.2.2.2",0.609612770237483,FALSE,TRUE,38
"2.2.2.2.2.2.2.2.2.2.2.2.1.2.2.2.3.1.2.2.2.2",0.65717723946405,FALSE,TRUE,37
"2.2.2.2.2.2.2.2.2.2.2.2.1.2.2.2.2.1.3.2.2.2",0.640914863595604,FALSE,TRUE,37
"2.2.2.2.2.2.2.2.2.2.2.2.1.2.2.2.2.1.2.3.2.2",0.585181094736673,FALSE,TRUE,38
"2.2.2.2.2.2.2.2.2.2.2.2.1.2.2.2.2.1.2.2.3.2",0.601158587984166,FALSE,TRUE,38
"2.2.2.2.2.2.2.2.2.2.2.2.1.2.2.2.2.1.2.2.2.3",0.59204789187472,FALSE,TRUE,38
"1.2.2.2.2.2.2.2.2.2.2.2.1.2.2.2.2.1.2.2.2.2",0.618985902512417,FALSE,TRUE,37
"2.2.1.2.2.2.2.2.2.2.2.2.1.2.2.2.2.1.2.2.2.2",0.586214280432427,FALSE,TRUE,37
"2.2.2.2.1.2.2.2.2.2.2.2.1.2.2.2.2.1.2.2.2.2",0.641746121713059,FALSE,TRUE,37
"2.2.2.2.2.1.2.2.2.2.2.2.1.2.2.2.2.1.2.2.2.2",0.610386061786083,FALSE,TRUE,36
"2.2.2.2.2.2.1.2.2.2.2.2.1.2.2.2.2.1.2.2.2.2",0.623513994764698,FALSE,TRUE,37
"2.2.2.2.2.2.2.1.2.2.2.2.1.2.2.2.2.1.2.2.2.2",0.551671924855079,FALSE,TRUE,37
"2.2.2.2.2.2.2.2.1.2.2.2.1.2.2.2.2.1.2.2.2.2",0.57635610548959,FALSE,TRUE,36
"2.2.2.2.2.2.2.2.2.2.1.2.1.2.2.2.2.1.2.2.2.2",0.650695807476046,FALSE,TRUE,37
"2.2.2.2.2.2.2.2.2.2.2.1.1.2.2.2.2.1.2.2.2.2",0.610877262085689,FALSE,TRUE,36
"2.2.2.2.2.2.2.2.2.2.2.2.1.2.1.2.2.1.2.2.2.2",0.608496091557936,FALSE,TRUE,36
"2.2.2.2.2.2.2.2.2.2.2.2.1.2.2.1.2.1.2.2.2.2",0.604280131905974,FALSE,TRUE,37
"2.2.2.2.2.2.2.2.2.2.2.2.1.2.2.2.1.1.2.2.2.2",0.56816827266839,FALSE,TRUE,37
"2.2.2.2.2.2.2.2.2.2.2.2.1.2.2.2.2.1.1.2.2.2",0.553725862136432,FALSE,TRUE,36
"2.2.2.2.2.2.2.2.2.2.2.2.1.2.2.2.2.1.2.1.2.2",0.61546493029785,FALSE,TRUE,37
"2.2.2.2.2.2.2.2.2.2.2.2.1.2.2.2.2.1.2.2.1.2",0.615488765005636,FALSE,TRUE,36
"3.2.2.2.2.2.2.2.2.3.2.2.2.2.2.2.2.2.2.2.2.2",0.338857854365948,FALSE,TRUE,41
"2.2.3.2.2.2.2.2.2.3.2.2.2.2.2.2.2.2.2.2.2.2",0.452567728866422,FALSE,TRUE,40
"2.2.2.3.2.2.2.2.2.3.2.2.2.2.2.2.2.2.2.2.2.2",0.383459275389797,FALSE,TRUE,41
"2.2.2.2.3.2.2.2.2.3.2.2.2.2.2.2.2.2.2.2.2.2",0.373210889366704,FALSE,TRUE,41
"2.2.2.2.2.3.2.2.2.3.2.2.2.2.2.2.2.2.2.2.2.2",0.385373563657695,FALSE,TRUE,42
"2.2.2.2.2.2.3.2.2.3.2.2.2.2.2.2.2.2.2.2.2.2",0.413073249282574,FALSE,TRUE,41
"2.2.2.2.2.2.2.3.2.3.2.2.2.2.2.2.2.2.2.2.2.2",0.419568345001053,FALSE,TRUE,41
"2.2.2.2.2.2.2.2.3.3.2.2.2.2.2.2.2.2.2.2.2.2",0.433574376660014,FALSE,TRUE,40
"2.2.2.2.2.2.2.2.2.4.2.2.2.2.2.2.2.2.2.2.2.2",0.341682394387163,FALSE,TRUE,42
"2.2.2.2.2.2.2.2.2.3.3.2.2.2.2.2.2.2.2.2.2.2",0.336123197826324,FALSE,TRUE,40
"2.2.2.2.2.2.2.2.2.3.2.3.2.2.2.2.2.2.2.2.2.2",0.404853203472768,FALSE,TRUE,41
"2.2.2.2.2.2.2.2.2.3.2.2.3.2.2.2.2.2.2.2.2.2",0.308487523114693,FALSE,TRUE,41
"2.2.2.2.2.2.2.2.2.3.2.2.2.3.2.2.2.2.2.2.2.2",0.351558254341706,FALSE,TRUE,41
"2.2.2.2.2.2.2.2.2.3.2.2.2.2.3.2.2.2.2.2.2.2",0.404875394796942,FALSE,TRUE,41
"2.2.2.2.2.2.2.2.2.3.2.2.2.2.2.3.2.2.2.2.2.2",0.402821773324884,FALSE,TRUE,40
"2.2.2.2.2.2.2.2.2.3.2.2.2.2.2.2.2.3.2.2.2.2",0.326158372568976,FALSE,TRUE,41
"2.2.2.2.2.2.2.2.2.3.2.2.2.2.2.2.2.2.3.2.2.2",0.415605724983441,FALSE,TRUE,41
"2.2.2.2.2.2.2.2.2.3.2.2.2.2.2.2.2.2.2.3.2.2",0.376056611713784,FALSE,TRUE,41
"2.2.2.2.2.2.2.2.2.3.2.2.2.2.2.2.2.2.2.2.3.2",0.395251436001794,FALSE,TRUE,41
"2.2.2.2.2.2.2.2.2.3.2.2.2.2.2.2.2.2.2.2.2.3",0.385402287325797,FALSE,TRUE,41
"1.2.2.2.2.2.2.2.2.3.2.2.2.2.2.2.2.2.2.2.2.2",0.461430309429096,FALSE,TRUE,40
"2.1.2.2.2.2.2.2.2.3.2.2.2.2.2.2.2.2.2.2.2.2",0.399968457540507,FALSE,TRUE,39
"2.2.1.2.2.2.2.2.2.3.2.2.2.2.2.2.2.2.2.2.2.2",0.352796976597839,FALSE,TRUE,40
"2.2.2.1.2.2.2.2.2.3.2.2.2.2.2.2.2.2.2.2.2.2",0.412316917036095,FALSE,TRUE,39
"2.2.2.2.1.2.2.2.2.3.2.2.2.2.2.2.2.2.2.2.2.2",0.428256250856454,FALSE,TRUE,40
"2.2.2.2.2.2.1.2.2.3.2.2.2.2.2.2.2.2.2.2.2.2",0.398569968693716,FALSE,TRUE,40
"2.2.2.2.2.2.2.1.2.3.2.2.2.2.2.2.2.2.2.2.2.2",0.362651047810444,FALSE,TRUE,40
"2.2.2.2.2.2.2.2.1.3.2.2.2.2.2.2.2.2.2.2.2.2",0.370510734681106,FALSE,TRUE,40
"2.2.2.2.2.2.2.2.2.3.1.2.2.2.2.2.2.2.2.2.2.2",0.470887859247794,FALSE,TRUE,40
"2.2.2.2.2.2.2.2.2.3.2.1.2.2.2.2.2.2.2.2.2.2",0.395558733296734,FALSE,TRUE,40
"2.2.2.2.2.2.2.2.2.3.2.2.1.2.2.2.2.2.2.2.2.2",0.50271130261206,FALSE,TRUE,39
"2.2.2.2.2.2.2.2.2.3.2.2.2.1.2.2.2.2.2.2.2.2",0.459201724257287,FALSE,TRUE,40
"2.2.2.2.2.2.2.2.2.3.2.2.2.2.1.2.2.2.2.2.2.2",0.398532814037766,FALSE,TRUE,40
"2.2.2.2.2.2.2.2.2.3.2.2.2.2.2.1.2.2.2.2.2.2",0.404772202712362,FALSE,TRUE,39
"2.2.2.2.2.2.2.2.2.3.2.2.2.2.2.2.1.2.2.2.2.2",0.352930028704016,FALSE,TRUE,40
"2.2.2.2.2.2.2.2.2.3.2.2.2.2.2.2.2.2.1.2.2.2",0.365696764812671,FALSE,TRUE,40
"2.2.2.2.2.2.2.2.2.3.2.2.2.2.2.2.2.2.2.1.2.2",0.41678908273255,FALSE,TRUE,40
"2.2.2.2.2.2.2.2.2.3.2.2.2.2.2.2.2.2.2.2.1.2",0.409878305404573,FALSE,TRUE,40
"2.2.2.2.2.2.2.2.2.3.2.2.2.2.2.2.2.2.2.2.2.1",0.401181923902394,FALSE,TRUE,39
"3.2.2.2.2.2.2.2.2.2.2.1.2.2.2.3.2.1.2.2.2.2",0.476385723190355,FALSE,TRUE,40
"2.3.2.2.2.2.2.2.2.2.2.1.2.2.2.3.2.1.2.2.2.2",0.487125325175287,FALSE,TRUE,40
"2.2.3.2.2.2.2.2.2.2.2.1.2.2.2.3.2.1.2.2.2.2",0.535954773693636,FALSE,TRUE,40
"2.2.2.3.2.2.2.2.2.2.2.1.2.2.2.3.2.1.2.2.2.2",0.492108934956482,FALSE,TRUE,40
"2.2.2.2.3.2.2.2.2.2.2.1.2.2.2.3.2.1.2.2.2.2",0.455043778690274,FALSE,TRUE,39
"2.2.2.2.2.3.2.2.2.2.2.1.2.2.2.3.2.1.2.2.2.2",0.478776977257572,FALSE,TRUE,40
"2.2.2.2.2.2.3.2.2.2.2.1.2.2.2.3.2.1.2.2.2.2",0.481704258467366,FALSE,TRUE,40
"2.2.2.2.2.2.2.3.2.2.2.1.2.2.2.3.2.1.2.2.2.2",0.534054456661022,FALSE,TRUE,40
"2.2.2.2.2.2.2.2.3.2.2.1.2.2.2.3.2.1.2.2.2.2",0.524750820625027,FALSE,TRUE,39
"2.2.2.2.2.2.2.2.2.3.2.1.2.2.2.3.2.1.2.2.2.2",0.474902583391207,FALSE,TRUE,40
"2.2.2.2.2.2.2.2.2.2.3.1.2.2.2.3.2.1.2.2.2.2",0.457646387728728,FALSE,TRUE,39
"2.2.2.2.2.2.2.2.2.2.2.1.3.2.2.3.2.1.2.2.2.2",0.399252003572721,FALSE,TRUE,40
"2.2.2.2.2.2.2.2.2.2.2.1.2.3.2.3.2.1.2.2.2.2",0.450755921646459,FALSE,TRUE,40
"2.2.2.2.2.2.2.2.2.2.2.1.2.2.3.3.2.1.2.2.2.2",0.493215233192191,FALSE,TRUE,40
"2.2.2.2.2.2.2.2.2.2.2.1.2.2.2.4.2.1.2.2.2.2",0.484400524773481,FALSE,TRUE,40
"2.2.2.2.2.2.2.2.2.2.2.1.2.2.2.3.3.1.2.2.2.2",0.553122964108805,FALSE,TRUE,40
"2.2.2.2.2.2.2.2.2.2.2.1.2.2.2.3.2.2.2.2.2.2",0.436444420828874,FALSE,TRUE,40
"2.2.2.2.2.2.2.2.2.2.2.1.2.2.2.3.2.1.3.2.2.2",0.515621480588688,FALSE,TRUE,40
"2.2.2.2.2.2.2.2.2.2.2.1.2.2.2.3.2.1.2.3.2.2",0.469473021707855,FALSE,TRUE,40
"2.2.2.2.2.2.2.2.2.2.2.1.2.2.2.3.2.1.2.2.3.2",0.483973630151026,FALSE,TRUE,40
"2.2.2.2.2.2.2.2.2.2.2.1.2.2.2.3.2.1.2.2.2.3",0.478256036936904,FALSE,TRUE,40
"1.2.2.2.2.2.2.2.2.2.2.1.2.2.2.3.2.1.2.2.2.2",0.523774448125041,FALSE,TRUE,39
"2.1.2.2.2.2.2.2.2.2.2.1.2.2.2.3.2.1.2.2.2.2",0.514346145994009,FALSE,TRUE,38
"2.2.1.2.2.2.2.2.2.2.2.1.2.2.2.3.2.1.2.2.2.2",0.471575959678262,FALSE,TRUE,39
"2.2.2.1.2.2.2.2.2.2.2.1.2.2.2.3.2.1.2.2.2.2",0.507002791027646,FALSE,TRUE,38
"2.2.2.2.1.2.2.2.2.2.2.1.2.2.2.3.2.1.2.2.2.2",0.550855507347403,FALSE,TRUE,39
"2.2.2.2.2.1.2.2.2.2.2.1.2.2.2.3.2.1.2.2.2.2",0.525511116140847,FALSE,TRUE,39
"2.2.2.2.2.2.1.2.2.2.2.1.2.2.2.3.2.1.2.2.2.2",0.532113020947526,FALSE,TRUE,39
"2.2.2.2.2.2.2.1.2.2.2.1.2.2.2.3.2.1.2.2.2.2",0.453435618702276,FALSE,TRUE,39
"2.2.2.2.2.2.2.2.1.2.2.1.2.2.2.3.2.1.2.2.2.2",0.486428993209736,FALSE,TRUE,38
"2.2.2.2.2.2.2.2.2.1.2.1.2.2.2.3.2.1.2.2.2.2",0.528899387354803,FALSE,TRUE,39
"2.2.2.2.2.2.2.2.2.2.1.1.2.2.2.3.2.1.2.2.2.2",0.54507839388584,FALSE,TRUE,39
"2.2.2.2.2.2.2.2.2.2.2.1.1.2.2.3.2.1.2.2.2.2",0.613743646144708,FALSE,TRUE,38
"2.2.2.2.2.2.2.2.2.2.2.1.2.1.2.3.2.1.2.2.2.2",0.564944411882321,FALSE,TRUE,39
"2.2.2.2.2.2.2.2.2.2.2.1.2.2.2.3.1.1.2.2.2.2",0.463409867699013,FALSE,TRUE,39
"2.2.2.2.2.2.2.2.2.2.2.1.2.2.2.3.2.1.1.2.2.2",0.469486983877288,FALSE,TRUE,38
"2.2.2.2.2.2.2.2.2.2.2.1.2.2.2.3.2.1.2.1.2.2",0.527224640207672,FALSE,TRUE,39
"2.2.2.2.2.2.2.2.2.2.2.1.2.2.2.3.2.1.2.2.1.2",0.524455528755162,FALSE,TRUE,39
"2.2.2.2.2.2.2.2.2.2.2.1.2.2.2.3.2.1.2.2.2.1",0.517712153169413,FALSE,TRUE,38
"3.2.2.1.2.2.2.3.2.2.2.2.2.2.2.1.2.1.2.2.2.2",0.545523333003243,FALSE,TRUE,37
"2.3.2.1.2.2.2.3.2.2.2.2.2.2.2.1.2.1.2.2.2.2",0.560503359382919,FALSE,TRUE,36
"2.2.3.1.2.2.2.3.2.2.2.2.2.2.2.1.2.1.2.2.2.2",0.564402216208514,FALSE,TRUE,37
"2.2.2.2.2.2.2.3.2.2.2.2.2.2.2.1.2.1.2.2.2.2",0.577144020173183,FALSE,TRUE,37
"2.2.2.1.3.2.2.3.2.2.2.2.2.2.2.1.2.1.2.2.2.2",0.530585648401332,FALSE,TRUE,37
"2.2.2.1.2.3.2.3.2.2.2.2.2.2.2.1.2.1.2.2.2.2",0.556474406861621,FALSE,TRUE,38
"2.2.2.1.2.2.3.3.2.2.2.2.2.2.2.1.2.1.2.2.2.2",0.547709784060497,FALSE,TRUE,37
"2.2.2.1.2.2.2.4.2.2.2.2.2.2.2.1.2.1.2.2.2.2",0.595983209930835,FALSE,TRUE,37
"2.2.2.1.2.2.2.3.3.2.2.2.2.2.2.1.2.1.2.2.2.2",0.600676677216134,FALSE,TRUE,37
"2.2.2.1.2.2.2.3.2.3.2.2.2.2.2.1.2.1.2.2.2.2",0.498520691126027,FALSE,TRUE,37
"2.2.2.1.2.2.2.3.2.2.3.2.2.2.2.1.2.1.2.2.2.2",0.50142180339971,FALSE,TRUE,37
"2.2.2.1.2.2.2.3.2.2.2.3.2.2.2.1.2.1.2.2.2.2",0.56977067993478,FALSE,TRUE,37
"2.2.2.1.2.2.2.3.2.2.2.2.3.2.2.1.2.1.2.2.2.2",0.484775858843031,FALSE,TRUE,37
"2.2.2.1.2.2.2.3.2.2.2.2.2.3.2.1.2.1.2.2.2.2",0.533909482511563,FALSE,TRUE,38
"2.2.2.1.2.2.2.3.2.2.2.2.2.2.3.1.2.1.2.2.2.2",0.571712659201978,FALSE,TRUE,37
"2.2.2.1.2.2.2.3.2.2.2.2.2.2.2.1.3.1.2.2.2.2",0.60820770157674,FALSE,TRUE,37
"2.2.2.1.2.2.2.3.2.2.2.2.2.2.2.1.2.2.2.2.2.2",0.505262114556103,FALSE,TRUE,38
"2.2.2.1.2.2.2.3.2.2.2.2.2.2.2.1.2.1.3.2.2.2",0.635404556765918,FALSE,TRUE,36
"2.2.2.1.2.2.2.3.2.2.2.2.2.2.2.1.2.1.2.3.2.2",0.543860470040715,FALSE,TRUE,36
"2.2.2.1.2.2.2.3.2.2.2.2.2.2.2.1.2.1.2.2.3.2",0.55963714000521,FALSE,TRUE,37
"2.2.2.1.2.2.2.3.2.2.2.2.2.2.2.1.2.1.2.2.2.3",0.517733538581151,FALSE,TRUE,37
"1.2.2.1.2.2.2.3.2.2.2.2.2.2.2.1.2.1.2.2.2.2",0.552394305371127,FALSE,TRUE,36
"2.1.2.1.2.2.2.3.2.2.2.2.2.2.2.1.2.1.2.2.2.2",0.539068852289464,FALSE,TRUE,36
"2.2.1.1.2.2.2.3.2.2.2.2.2.2.2.1.2.1.2.2.2.2",0.545545912490258,FALSE,TRUE,36
"2.2.2.1.1.2.2.3.2.2.2.2.2.2.2.1.2.1.2.2.2.2",0.587017909102625,FALSE,TRUE,36
"2.2.2.1.2.2.1.3.2.2.2.2.2.2.2.1.2.1.2.2.2.2",0.571584727372938,FALSE,TRUE,36
"2.2.2.1.2.2.2.3.1.2.2.2.2.2.2.1.2.1.2.2.2.2",0.510815978266977,FALSE,TRUE,36
"2.2.2.1.2.2.2.3.2.1.2.2.2.2.2.1.2.1.2.2.2.2",0.600019080144494,FALSE,TRUE,36
"2.2.2.1.2.2.2.3.2.2.1.2.2.2.2.1.2.1.2.2.2.2",0.606906924221009,FALSE,TRUE,36
"2.2.2.1.2.2.2.3.2.2.2.1.2.2.2.1.2.1.2.2.2.2",0.54202753814224,FALSE,TRUE,36
"2.2.2.1.2.2.2.3.2.2.2.2.1.2.2.1.2.1.2.2.2.2",0.624470165127071,FALSE,TRUE,36
"2.2.2.1.2.2.2.3.2.2.2.2.2.2.1.1.2.1.2.2.2.2",0.547197347367755,FALSE,TRUE,36
"2.2.2.1.2.2.2.3.2.2.2.2.2.2.2.1.1.1.2.2.2.2",0.507683622920333,FALSE,TRUE,36
"2.2.2.1.2.2.2.3.2.2.2.2.2.2.2.1.2.1.1.2.2.2",0.454277624772957,FALSE,TRUE,35
"2.2.2.1.2.2.2.3.2.2.2.2.2.2.2.1.2.1.2.1.2.2",0.552959960607064,FALSE,TRUE,36
"2.2.2.1.2.2.2.3.2.2.2.2.2.2.2.1.2.1.2.2.1.2",0.551605952238709,FALSE,TRUE,35
"2.2.2.1.2.2.2.3.2.2.2.2.2.2.2.1.2.1.2.2.2.1",0.579601446203048,FALSE,TRUE,36
"3.2.3.2.2.2.2.2.2.2.2.2.2.2.2.2.3.2.2.2.2.2",0.491578122114853,FALSE,TRUE,41
"2.3.3.2.2.2.2.2.2.2.2.2.2.2.2.2.3.2.2.2.2.2",0.51487943118714,FALSE,TRUE,40
"2.2.4.2.2.2.2.2.2.2.2.2.2.2.2.2.3.2.2.2.2.2",0.560901643331292,FALSE,TRUE,42
"2.2.3.3.2.2.2.2.2.2.2.2.2.2.2.2.3.2.2.2.2.2",0.514727629508984,FALSE,TRUE,41
"2.2.3.2.3.2.2.2.2.2.2.2.2.2.2.2.3.2.2.2.2.2",0.491943048063913,FALSE,TRUE,41
"2.2.3.2.2.3.2.2.2.2.2.2.2.2.2.2.3.2.2.2.2.2",0.515196769613486,FALSE,TRUE,41
"2.2.3.2.2.2.2.3.2.2.2.2.2.2.2.2.3.2.2.2.2.2",0.55553883733822,FALSE,TRUE,41
"2.2.3.2.2.2.2.2.3.2.2.2.2.2.2.2.3.2.2.2.2.2",0.552392284256124,FALSE,TRUE,41
"2.2.3.2.2.2.2.2.2.3.2.2.2.2.2.2.3.2.2.2.2.2",0.50043943893163,FALSE,TRUE,40
"2.2.3.2.2.2.2.2.2.2.3.2.2.2.2.2.3.2.2.2.2.2",0.490170855396596,FALSE,TRUE,41
"2.2.3.2.2.2.2.2.2.2.2.3.2.2.2.2.3.2.2.2.2.2",0.52217830840376,FALSE,TRUE,41
"2.2.3.2.2.2.2.2.2.2.2.2.3.2.2.2.3.2.2.2.2.2",0.443462665484756,FALSE,TRUE,41
"2.2.3.2.2.2.2.2.2.2.2.2.2.3.2.2.3.2.2.2.2.2",0.487579165083296,FALSE,TRUE,41
"2.2.3.2.2.2.2.2.2.2.2.2.2.2.3.2.3.2.2.2.2.2",0.520442555393353,FALSE,TRUE,41
"2.2.3.2.2.2.2.2.2.2.2.2.2.2.2.3.3.2.2.2.2.2",0.510678160530194,FALSE,TRUE,41
"2.2.3.2.2.2.2.2.2.2.2.2.2.2.2.2.4.2.2.2.2.2",0.565641736257521,FALSE,TRUE,41
"2.2.3.2.2.2.2.2.2.2.2.2.2.2.2.2.3.3.2.2.2.2",0.468329437090955,FALSE,TRUE,41
"2.2.3.2.2.2.2.2.2.2.2.2.2.2.2.2.3.2.3.2.2.2",0.533758136863303,FALSE,TRUE,41
"2.2.3.2.2.2.2.2.2.2.2.2.2.2.2.2.3.2.2.3.2.2",0.488828599784891,FALSE,TRUE,41
"2.2.3.2.2.2.2.2.2.2.2.2.2.2.2.2.3.2.2.2.3.2",0.50415374550929,FALSE,TRUE,41
"2.2.3.2.2.2.2.2.2.2.2.2.2.2.2.2.3.2.2.2.2.3",0.521500388467053,FALSE,TRUE,41
"1.2.3.2.2.2.2.2.2.2.2.2.2.2.2.2.3.2.2.2.2.2",0.557892661224129,FALSE,TRUE,40
"2.1.3.2.2.2.2.2.2.2.2.2.2.2.2.2.3.2.2.2.2.2",0.537179949801127,FALSE,TRUE,40
"2.2.3.1.2.2.2.2.2.2.2.2.2.2.2.2.3.2.2.2.2.2",0.533800186677206,FALSE,TRUE,40
"2.2.3.2.1.2.2.2.2.2.2.2.2.2.2.2.3.2.2.2.2.2",0.563143970398761,FALSE,TRUE,40
"2.2.3.2.2.1.2.2.2.2.2.2.2.2.2.2.3.2.2.2.2.2",0.539897095466669,FALSE,TRUE,40
"2.2.3.2.2.2.1.2.2.2.2.2.2.2.2.2.3.2.2.2.2.2",0.54513561956356,FALSE,TRUE,41
"2.2.3.2.2.2.2.1.2.2.2.2.2.2.2.2.3.2.2.2.2.2",0.476818400288648,FALSE,TRUE,40
"2.2.3.2.2.2.2.2.1.2.2.2.2.2.2.2.3.2.2.2.2.2",0.506847781824244,FALSE,TRUE,40
"2.2.3.2.2.2.2.2.2.1.2.2.2.2.2.2.3.2.2.2.2.2",0.550307656237253,FALSE,TRUE,40
"2.2.3.2.2.2.2.2.2.2.1.2.2.2.2.2.3.2.2.2.2.2",0.571143951203908,FALSE,TRUE,40
"2.2.3.2.2.2.2.2.2.2.2.1.2.2.2.2.3.2.2.2.2.2",0.534257746019469,FALSE,TRUE,40
"2.2.3.2.2.2.2.2.2.2.2.2.1.2.2.2.3.2.2.2.2.2",0.617969971131232,FALSE,TRUE,40
"2.2.3.2.2.2.2.2.2.2.2.2.2.1.2.2.3.2.2.2.2.2",0.57793995619271,FALSE,TRUE,40
"2.2.3.2.2.2.2.2.2.2.2.2.2.2.1.2.3.2.2.2.2.2",0.537124706311729,FALSE,TRUE,40
"2.2.3.2.2.2.2.2.2.2.2.2.2.2.2.1.3.2.2.2.2.2",0.544319981371503,FALSE,TRUE,40
"2.2.3.2.2.2.2.2.2.2.2.2.2.2.2.2.3.1.2.2.2.2",0.582232807326651,FALSE,TRUE,38
"2.2.3.2.2.2.2.2.2.2.2.2.2.2.2.2.3.2.1.2.2.2",0.498603199036886,FALSE,TRUE,40
"2.2.3.2.2.2.2.2.2.2.2.2.2.2.2.2.3.2.2.1.2.2",0.552962097541471,FALSE,TRUE,40
"2.2.3.2.2.2.2.2.2.2.2.2.2.2.2.2.3.2.2.2.1.2",0.553230088409188,FALSE,TRUE,40
"2.2.3.2.2.2.2.2.2.2.2.2.2.2.2.2.3.2.2.2.2.1",0.517456950968604,FALSE,TRUE,38
"3.2.2.2.2.2.2.2.2.1.2.2.1.2.2.2.2.1.2.2.2.2",0.622560936481981,FALSE,TRUE,39
"2.3.2.2.2.2.2.2.2.1.2.2.1.2.2.2.2.1.2.2.2.2",0.62407064876156,FALSE,TRUE,39
"2.2.3.2.2.2.2.2.2.1.2.2.1.2.2.2.2.1.2.2.2.2",0.639504785014573,FALSE,TRUE,39
"2.2.2.3.2.2.2.2.2.1.2.2.1.2.2.2.2.1.2.2.2.2",0.632062164090026,FALSE,TRUE,39
"2.2.2.2.3.2.2.2.2.1.2.2.1.2.2.2.2.1.2.2.2.2",0.582104182688845,FALSE,TRUE,39
"2.2.2.2.2.3.2.2.2.1.2.2.1.2.2.2.2.1.2.2.2.2",0.616394788935368,FALSE,TRUE,39
"2.2.2.2.2.2.3.2.2.1.2.2.1.2.2.2.2.1.2.2.2.2",0.605284666001364,FALSE,TRUE,39
"2.2.2.2.2.2.2.3.2.1.2.2.1.2.2.2.2.1.2.2.2.2",0.661649118563421,FALSE,TRUE,39
"2.2.2.2.2.2.2.2.3.1.2.2.1.2.2.2.2.1.2.2.2.2",0.651122993482267,FALSE,TRUE,38
"2.2.2.2.2.2.2.2.2.1.3.2.1.2.2.2.2.1.2.2.2.2",0.597311158696429,FALSE,TRUE,38
"2.2.2.2.2.2.2.2.2.1.2.3.1.2.2.2.2.1.2.2.2.2",0.616203151887418,FALSE,TRUE,39
"2.2.2.2.2.2.2.2.2.1.2.2.1.3.2.2.2.1.2.2.2.2",0.604640056478853,FALSE,TRUE,39
"2.2.2.2.2.2.2.2.2.1.2.2.1.2.3.2.2.1.2.2.2.2",0.627766450077258,FALSE,TRUE,39
"2.2.2.2.2.2.2.2.2.1.2.2.1.2.2.3.2.1.2.2.2.2",0.599721381807864,FALSE,TRUE,38
"2.2.2.2.2.2.2.2.2.1.2.2.1.2.2.2.3.1.2.2.2.2",0.660965433862341,FALSE,TRUE,39
"2.2.2.2.2.2.2.2.2.1.2.2.1.2.2.2.2.2.2.2.2.2",0.564828392167881,FALSE,TRUE,39
"2.2.2.2.2.2.2.2.2.1.2.2.1.2.2.2.2.1.3.2.2.2",0.666264669894363,FALSE,TRUE,39
"2.2.2.2.2.2.2.2.2.1.2.2.1.2.2.2.2.1.2.3.2.2",0.595313546195336,FALSE,TRUE,39
"2.2.2.2.2.2.2.2.2.1.2.2.1.2.2.2.2.1.2.2.3.2",0.61421607042093,FALSE,TRUE,39
"2.2.2.2.2.2.2.2.2.1.2.2.1.2.2.2.2.1.2.2.2.3",0.616421597821607,FALSE,TRUE,39
"1.2.2.2.2.2.2.2.2.1.2.2.1.2.2.2.2.1.2.2.2.2",0.60798709887336,FALSE,TRUE,38
"2.1.2.2.2.2.2.2.2.1.2.2.1.2.2.2.2.1.2.2.2.2",0.612321449692184,FALSE,TRUE,37
"2.2.1.2.2.2.2.2.2.1.2.2.1.2.2.2.2.1.2.2.2.2",0.604504401637297,FALSE,TRUE,38
"2.2.2.1.2.2.2.2.2.1.2.2.1.2.2.2.2.1.2.2.2.2",0.60711532492614,FALSE,TRUE,37
"2.2.2.2.1.2.2.2.2.1.2.2.1.2.2.2.2.1.2.2.2.2",0.662473835906952,FALSE,TRUE,38
"2.2.2.2.2.1.2.2.2.1.2.2.1.2.2.2.2.1.2.2.2.2",0.621733219686809,FALSE,TRUE,38
"2.2.2.2.2.2.1.2.2.1.2.2.1.2.2.2.2.1.2.2.2.2",0.643581485027527,FALSE,TRUE,38
"2.2.2.2.2.2.2.1.2.1.2.2.1.2.2.2.2.1.2.2.2.2",0.566008369923006,FALSE,TRUE,38
"2.2.2.2.2.2.2.2.1.1.2.2.1.2.2.2.2.1.2.2.2.2",0.595453128016116,FALSE,TRUE,38
"2.2.2.2.2.2.2.2.2.1.1.2.1.2.2.2.2.1.2.2.2.2",0.641107011209011,FALSE,TRUE,38
"2.2.2.2.2.2.2.2.2.1.2.1.1.2.2.2.2.1.2.2.2.2",0.633041183489537,FALSE,TRUE,38
"2.2.2.2.2.2.2.2.2.1.2.2.1.1.2.2.2.1.2.2.2.2",0.645355681079884,FALSE,TRUE,38
"2.2.2.2.2.2.2.2.2.1.2.2.1.2.1.2.2.1.2.2.2.2",0.618634043062984,FALSE,TRUE,38
"2.2.2.2.2.2.2.2.2.1.2.2.1.2.2.1.2.1.2.2.2.2",0.629655039822322,FALSE,TRUE,38
"2.2.2.2.2.2.2.2.2.1.2.2.1.2.2.2.1.1.2.2.2.2",0.591317897137093,FALSE,TRUE,38
"2.2.2.2.2.2.2.2.2.1.2.2.1.2.2.2.2.1.1.2.2.2",0.5578526381584,FALSE,TRUE,38
"2.2.2.2.2.2.2.2.2.1.2.2.1.2.2.2.2.1.2.1.2.2",0.635502319121661,FALSE,TRUE,38
"2.2.2.2.2.2.2.2.2.1.2.2.1.2.2.2.2.1.2.2.1.2",0.631344667919014,FALSE,TRUE,38
"2.2.2.2.2.2.2.2.2.1.2.2.1.2.2.2.2.1.2.2.2.1",0.619200116625727,FALSE,TRUE,37
"3.1.2.2.2.2.2.2.2.2.2.3.2.2.2.2.2.1.2.2.2.2",0.478317221970853,FALSE,TRUE,38
"2.1.3.2.2.2.2.2.2.2.2.3.2.2.2.2.2.1.2.2.2.2",0.541455056174732,FALSE,TRUE,39
"2.1.2.3.2.2.2.2.2.2.2.3.2.2.2.2.2.1.2.2.2.2",0.507742252145297,FALSE,TRUE,39
"2.1.2.2.3.2.2.2.2.2.2.3.2.2.2.2.2.1.2.2.2.2",0.459276160734881,FALSE,TRUE,39
"2.1.2.2.2.3.2.2.2.2.2.3.2.2.2.2.2.1.2.2.2.2",0.51713335253529,FALSE,TRUE,39
"2.1.2.2.2.2.3.2.2.2.2.3.2.2.2.2.2.1.2.2.2.2",0.496298681118578,FALSE,TRUE,39
"2.1.2.2.2.2.2.2.3.2.2.3.2.2.2.2.2.1.2.2.2.2",0.563194757324207,FALSE,TRUE,38
"2.1.2.2.2.2.2.2.2.3.2.3.2.2.2.2.2.1.2.2.2.2",0.47747179763351,FALSE,TRUE,39
"2.1.2.2.2.2.2.2.2.2.3.3.2.2.2.2.2.1.2.2.2.2",0.458922902100821,FALSE,TRUE,38
"2.1.2.2.2.2.2.2.2.2.2.4.2.2.2.2.2.1.2.2.2.2",0.509699169076563,FALSE,TRUE,40
"2.1.2.2.2.2.2.2.2.2.2.3.3.2.2.2.2.1.2.2.2.2",0.41444212982525,FALSE,TRUE,39
"2.1.2.2.2.2.2.2.2.2.2.3.2.3.2.2.2.1.2.2.2.2",0.464925330558401,FALSE,TRUE,39
"2.1.2.2.2.2.2.2.2.2.2.3.2.2.3.2.2.1.2.2.2.2",0.504523844970222,FALSE,TRUE,39
"2.1.2.2.2.2.2.2.2.2.2.3.2.2.2.3.2.1.2.2.2.2",0.508303403555931,FALSE,TRUE,38
"2.1.2.2.2.2.2.2.2.2.2.3.2.2.2.2.3.1.2.2.2.2",0.55527664478521,FALSE,TRUE,39
"2.1.2.2.2.2.2.2.2.2.2.3.2.2.2.2.2.2.2.2.2.2",0.456770778839989,FALSE,TRUE,39
"2.1.2.2.2.2.2.2.2.2.2.3.2.2.2.2.2.1.3.2.2.2",0.551533948323115,FALSE,TRUE,39
"2.1.2.2.2.2.2.2.2.2.2.3.2.2.2.2.2.1.2.3.2.2",0.482666561759404,FALSE,TRUE,39
"2.1.2.2.2.2.2.2.2.2.2.3.2.2.2.2.2.1.2.2.3.2",0.488809376014866,FALSE,TRUE,39
"2.1.2.2.2.2.2.2.2.2.2.3.2.2.2.2.2.1.2.2.2.3",0.509791521190581,FALSE,TRUE,39
"1.1.2.2.2.2.2.2.2.2.2.3.2.2.2.2.2.1.2.2.2.2",0.532570073279142,FALSE,TRUE,38
"2.1.1.2.2.2.2.2.2.2.2.3.2.2.2.2.2.1.2.2.2.2",0.482539121396655,FALSE,TRUE,38
"2.1.2.1.2.2.2.2.2.2.2.3.2.2.2.2.2.1.2.2.2.2",0.506735318150518,FALSE,TRUE,37
"2.1.2.2.1.2.2.2.2.2.2.3.2.2.2.2.2.1.2.2.2.2",0.561844079542029,FALSE,TRUE,38
"2.1.2.2.2.1.2.2.2.2.2.3.2.2.2.2.2.1.2.2.2.2",0.503784529831371,FALSE,TRUE,38
"2.1.2.2.2.2.1.2.2.2.2.3.2.2.2.2.2.1.2.2.2.2",0.531672573406167,FALSE,TRUE,38
"2.1.2.2.2.2.2.1.2.2.2.3.2.2.2.2.2.1.2.2.2.2",0.44203788570781,FALSE,TRUE,39
"2.1.2.2.2.2.2.2.1.2.2.3.2.2.2.2.2.1.2.2.2.2",0.463476049344197,FALSE,TRUE,38
"2.1.2.2.2.2.2.2.2.1.2.3.2.2.2.2.2.1.2.2.2.2",0.540456864026832,FALSE,TRUE,38
"2.1.2.2.2.2.2.2.2.2.1.3.2.2.2.2.2.1.2.2.2.2",0.558903126899676,FALSE,TRUE,38
"2.1.2.2.2.2.2.2.2.2.2.3.1.2.2.2.2.1.2.2.2.2",0.609601731646443,FALSE,TRUE,37
"2.1.2.2.2.2.2.2.2.2.2.3.2.1.2.2.2.1.2.2.2.2",0.565237082677502,FALSE,TRUE,38
"2.1.2.2.2.2.2.2.2.2.2.3.2.2.1.2.2.1.2.2.2.2",0.518977352076669,FALSE,TRUE,38
"2.1.2.2.2.2.2.2.2.2.2.3.2.2.2.1.2.1.2.2.2.2",0.507373314789492,FALSE,TRUE,38
"2.1.2.2.2.2.2.2.2.2.2.3.2.2.2.2.1.1.2.2.2.2",0.479885137163789,FALSE,TRUE,38
"2.1.2.2.2.2.2.2.2.2.2.3.2.2.2.2.2.1.1.2.2.2",0.453953991650295,FALSE,TRUE,38
"2.1.2.2.2.2.2.2.2.2.2.3.2.2.2.2.2.1.2.1.2.2",0.531372974499832,FALSE,TRUE,38
"2.1.2.2.2.2.2.2.2.2.2.3.2.2.2.2.2.1.2.2.1.2",0.533025837369173,FALSE,TRUE,38
"2.1.2.2.2.2.2.2.2.2.2.3.2.2.2.2.2.1.2.2.2.1",0.506731817425794,FALSE,TRUE,36
"3.2.2.1.2.2.2.3.2.2.2.2.2.2.2.2.2.1.2.3.2.2",0.484888167648897,FALSE,TRUE,39
"2.2.3.1.2.2.2.3.2.2.2.2.2.2.2.2.2.1.2.3.2.2",0.555846895497707,FALSE,TRUE,39
"2.2.2.2.2.2.2.3.2.2.2.2.2.2.2.2.2.1.2.3.2.2",0.510396659417705,FALSE,TRUE,39
"2.2.2.1.3.2.2.3.2.2.2.2.2.2.2.2.2.1.2.3.2.2",0.488289062965141,FALSE,TRUE,39
"2.2.2.1.2.3.2.3.2.2.2.2.2.2.2.2.2.1.2.3.2.2",0.507973792440929,FALSE,TRUE,39
"2.2.2.1.2.2.3.3.2.2.2.2.2.2.2.2.2.1.2.3.2.2",0.50906850285689,FALSE,TRUE,39
"2.2.2.1.2.2.2.4.2.2.2.2.2.2.2.2.2.1.2.3.2.2",0.537684477443827,FALSE,TRUE,39
"2.2.2.1.2.2.2.3.3.2.2.2.2.2.2.2.2.1.2.3.2.2",0.544804822875187,FALSE,TRUE,39
"2.2.2.1.2.2.2.3.2.3.2.2.2.2.2.2.2.1.2.3.2.2",0.480686497132472,FALSE,TRUE,39
"2.2.2.1.2.2.2.3.2.2.3.2.2.2.2.2.2.1.2.3.2.2",0.4587984866316,FALSE,TRUE,39
"2.2.2.1.2.2.2.3.2.2.2.3.2.2.2.2.2.1.2.3.2.2",0.513452893056186,FALSE,TRUE,39
"2.2.2.1.2.2.2.3.2.2.2.2.3.2.2.2.2.1.2.3.2.2",0.436239357439633,FALSE,TRUE,39
"2.2.2.1.2.2.2.3.2.2.2.2.2.3.2.2.2.1.2.3.2.2",0.502359824555697,FALSE,TRUE,39
"2.2.2.1.2.2.2.3.2.2.2.2.2.2.3.2.2.1.2.3.2.2",0.540093984897777,FALSE,TRUE,39
"2.2.2.1.2.2.2.3.2.2.2.2.2.2.2.3.2.1.2.3.2.2",0.493045792236178,FALSE,TRUE,39
"2.2.2.1.2.2.2.3.2.2.2.2.2.2.2.2.3.1.2.3.2.2",0.553224228934982,FALSE,TRUE,39
"2.2.2.1.2.2.2.3.2.2.2.2.2.2.2.2.2.2.2.3.2.2",0.448671268612226,FALSE,TRUE,40
"2.2.2.1.2.2.2.3.2.2.2.2.2.2.2.2.2.1.3.3.2.2",0.555834193942117,FALSE,TRUE,38
"2.2.2.1.2.2.2.3.2.2.2.2.2.2.2.2.2.1.2.4.2.2",0.469986245952371,FALSE,TRUE,40
"2.2.2.1.2.2.2.3.2.2.2.2.2.2.2.2.2.1.2.3.3.2",0.506192644773743,FALSE,TRUE,39
"2.2.2.1.2.2.2.3.2.2.2.2.2.2.2.2.2.1.2.3.2.3",0.499436539246447,FALSE,TRUE,39
"1.2.2.1.2.2.2.3.2.2.2.2.2.2.2.2.2.1.2.3.2.2",0.550416600140347,FALSE,TRUE,38
"2.1.2.1.2.2.2.3.2.2.2.2.2.2.2.2.2.1.2.3.2.2",0.548778763830852,FALSE,TRUE,39
"2.2.1.1.2.2.2.3.2.2.2.2.2.2.2.2.2.1.2.3.2.2",0.487116899415387,FALSE,TRUE,38
"2.2.2.1.1.2.2.3.2.2.2.2.2.2.2.2.2.1.2.3.2.2",0.557242853809978,FALSE,TRUE,38
"2.2.2.1.2.1.2.3.2.2.2.2.2.2.2.2.2.1.2.3.2.2",0.529633447734073,FALSE,TRUE,36
"2.2.2.1.2.2.1.3.2.2.2.2.2.2.2.2.2.1.2.3.2.2",0.543515520381578,FALSE,TRUE,38
"2.2.2.1.2.2.2.3.1.2.2.2.2.2.2.2.2.1.2.3.2.2",0.501760327874797,FALSE,TRUE,38
"2.2.2.1.2.2.2.3.2.1.2.2.2.2.2.2.2.1.2.3.2.2",0.554768108355066,FALSE,TRUE,38
"2.2.2.1.2.2.2.3.2.2.1.2.2.2.2.2.2.1.2.3.2.2",0.583092274442046,FALSE,TRUE,38
"2.2.2.1.2.2.2.3.2.2.2.1.2.2.2.2.2.1.2.3.2.2",0.53052006842247,FALSE,TRUE,38
"2.2.2.1.2.2.2.3.2.2.2.2.1.2.2.2.2.1.2.3.2.2",0.611132165810444,FALSE,TRUE,38
"2.2.2.1.2.2.2.3.2.2.2.2.2.1.2.2.2.1.2.3.2.2",0.549719903695939,FALSE,TRUE,37
"2.2.2.1.2.2.2.3.2.2.2.2.2.2.1.2.2.1.2.3.2.2",0.505835714367803,FALSE,TRUE,38
"2.2.2.1.2.2.2.3.2.2.2.2.2.2.2.2.1.1.2.3.2.2",0.495501152438926,FALSE,TRUE,38
"2.2.2.1.2.2.2.3.2.2.2.2.2.2.2.2.2.1.1.3.2.2",0.464407483252426,FALSE,TRUE,37
"2.2.2.1.2.2.2.3.2.2.2.2.2.2.2.2.2.1.2.3.1.2",0.53818918303574,FALSE,TRUE,37
"2.2.2.1.2.2.2.3.2.2.2.2.2.2.2.2.2.1.2.3.2.1",0.529737033428127,FALSE,TRUE,38
"3.2.2.2.2.2.2.2.2.2.3.2.2.2.2.2.2.1.2.2.2.2",0.39898645170777,FALSE,TRUE,39
"2.3.2.2.2.2.2.2.2.2.3.2.2.2.2.2.2.1.2.2.2.2",0.439668384626933,FALSE,TRUE,39
"2.2.3.2.2.2.2.2.2.2.3.2.2.2.2.2.2.1.2.2.2.2",0.497744567938003,FALSE,TRUE,39
"2.2.2.3.2.2.2.2.2.2.3.2.2.2.2.2.2.1.2.2.2.2",0.446052097091143,FALSE,TRUE,40
"2.2.2.2.3.2.2.2.2.2.3.2.2.2.2.2.2.1.2.2.2.2",0.40912200216801,FALSE,TRUE,39
"2.2.2.2.2.3.2.2.2.2.3.2.2.2.2.2.2.1.2.2.2.2",0.445310139715932,FALSE,TRUE,40
"2.2.2.2.2.2.2.3.2.2.3.2.2.2.2.2.2.1.2.2.2.2",0.488281640810017,FALSE,TRUE,39
"2.2.2.2.2.2.2.2.3.2.3.2.2.2.2.2.2.1.2.2.2.2",0.503464895320824,FALSE,TRUE,39
"2.2.2.2.2.2.2.2.2.3.3.2.2.2.2.2.2.1.2.2.2.2",0.394587091491138,FALSE,TRUE,39
"2.2.2.2.2.2.2.2.2.2.4.2.2.2.2.2.2.1.2.2.2.2",0.384365776862403,FALSE,TRUE,41
"2.2.2.2.2.2.2.2.2.2.3.3.2.2.2.2.2.1.2.2.2.2",0.443799332063355,FALSE,TRUE,39
"2.2.2.2.2.2.2.2.2.2.3.2.3.2.2.2.2.1.2.2.2.2",0.351111892981616,FALSE,TRUE,40
"2.2.2.2.2.2.2.2.2.2.3.2.2.3.2.2.2.1.2.2.2.2",0.4127066981707,FALSE,TRUE,40
"2.2.2.2.2.2.2.2.2.2.3.2.2.2.3.2.2.1.2.2.2.2",0.455203883808614,FALSE,TRUE,40
"2.2.2.2.2.2.2.2.2.2.3.2.2.2.2.2.3.1.2.2.2.2",0.49489637369528,FALSE,TRUE,39
"2.2.2.2.2.2.2.2.2.2.3.2.2.2.2.2.2.1.3.2.2.2",0.478167814776051,FALSE,TRUE,39
"2.2.2.2.2.2.2.2.2.2.3.2.2.2.2.2.2.1.2.3.2.2",0.418566197577996,FALSE,TRUE,40
"2.2.2.2.2.2.2.2.2.2.3.2.2.2.2.2.2.1.2.2.3.2",0.435728518314894,FALSE,TRUE,40
"2.2.2.2.2.2.2.2.2.2.3.2.2.2.2.2.2.1.2.2.2.3",0.440219504390176,FALSE,TRUE,40
"1.2.2.2.2.2.2.2.2.2.3.2.2.2.2.2.2.1.2.2.2.2",0.50038233202341,FALSE,TRUE,39
"2.2.1.2.2.2.2.2.2.2.3.2.2.2.2.2.2.1.2.2.2.2",0.410850941891869,FALSE,TRUE,39
"2.2.2.2.1.2.2.2.2.2.3.2.2.2.2.2.2.1.2.2.2.2",0.497993221975178,FALSE,TRUE,39
"2.2.2.2.2.1.2.2.2.2.3.2.2.2.2.2.2.1.2.2.2.2",0.458665918811856,FALSE,TRUE,38
"2.2.2.2.2.2.1.2.2.2.3.2.2.2.2.2.2.1.2.2.2.2",0.464491267035662,FALSE,TRUE,40
"2.2.2.2.2.2.2.1.2.2.3.2.2.2.2.2.2.1.2.2.2.2",0.3985565022961,FALSE,TRUE,39
"2.2.2.2.2.2.2.2.1.2.3.2.2.2.2.2.2.1.2.2.2.2",0.406620587053339,FALSE,TRUE,38
"2.2.2.2.2.2.2.2.2.1.3.2.2.2.2.2.2.1.2.2.2.2",0.506973670035277,FALSE,TRUE,38
"2.2.2.2.2.2.2.2.2.2.3.1.2.2.2.2.2.1.2.2.2.2",0.463706375612449,FALSE,TRUE,38
"2.2.2.2.2.2.2.2.2.2.3.2.2.1.2.2.2.1.2.2.2.2",0.502795308854294,FALSE,TRUE,38
"2.2.2.2.2.2.2.2.2.2.3.2.2.2.1.2.2.1.2.2.2.2",0.453623204670937,FALSE,TRUE,38
"2.2.2.2.2.2.2.2.2.2.3.2.2.2.2.1.2.1.2.2.2.2",0.46428806685136,FALSE,TRUE,39
"2.2.2.2.2.2.2.2.2.2.3.2.2.2.2.2.1.1.2.2.2.2",0.420083356851472,FALSE,TRUE,39
"2.2.2.2.2.2.2.2.2.2.3.2.2.2.2.2.2.1.1.2.2.2",0.407478618151233,FALSE,TRUE,38
"2.2.2.2.2.2.2.2.2.2.3.2.2.2.2.2.2.1.2.1.2.2",0.477181774699386,FALSE,TRUE,39
"2.2.2.2.2.2.2.2.2.2.3.2.2.2.2.2.2.1.2.2.1.2",0.470538232884579,FALSE,TRUE,38
"3.2.2.1.2.1.2.3.2.2.2.2.2.2.2.1.2.1.2.2.2.2",0.528123231429319,FALSE,TRUE,37
"2.3.2.1.2.1.2.3.2.2.2.2.2.2.2.1.2.1.2.2.2.2",0.555589266052515,FALSE,TRUE,37
"2.2.3.1.2.1.2.3.2.2.2.2.2.2.2.1.2.1.2.2.2.2",0.542409170823186,FALSE,TRUE,37
"2.2.2.2.2.1.2.3.2.2.2.2.2.2.2.1.2.1.2.2.2.2",0.55401719502931,FALSE,TRUE,38
"2.2.2.1.3.1.2.3.2.2.2.2.2.2.2.1.2.1.2.2.2.2",0.505164694534196,FALSE,TRUE,37
"2.2.2.1.2.1.3.3.2.2.2.2.2.2.2.1.2.1.2.2.2.2",0.524573270795608,FALSE,TRUE,37
"2.2.2.1.2.1.2.4.2.2.2.2.2.2.2.1.2.1.2.2.2.2",0.578260671524483,FALSE,TRUE,37
"2.2.2.1.2.1.2.3.3.2.2.2.2.2.2.1.2.1.2.2.2.2",0.593655474436955,FALSE,TRUE,37
"2.2.2.1.2.1.2.3.2.3.2.2.2.2.2.1.2.1.2.2.2.2",0.481183461667985,FALSE,TRUE,37
"2.2.2.1.2.1.2.3.2.2.3.2.2.2.2.1.2.1.2.2.2.2",0.483462384053502,FALSE,TRUE,37
"2.2.2.1.2.1.2.3.2.2.2.3.2.2.2.1.2.1.2.2.2.2",0.555347573796101,FALSE,TRUE,37
"2.2.2.1.2.1.2.3.2.2.2.2.3.2.2.1.2.1.2.2.2.2",0.474962261114573,FALSE,TRUE,37
"2.2.2.1.2.1.2.3.2.2.2.2.2.3.2.1.2.1.2.2.2.2",0.511053134618516,FALSE,TRUE,37
"2.2.2.1.2.1.2.3.2.2.2.2.2.2.3.1.2.1.2.2.2.2",0.554040082643794,FALSE,TRUE,37
"2.2.2.1.2.1.2.3.2.2.2.2.2.2.2.1.2.2.2.2.2.2",0.503571575121771,FALSE,TRUE,38
"2.2.2.1.2.1.2.3.2.2.2.2.2.2.2.1.2.1.3.2.2.2",0.632110566337692,FALSE,TRUE,37
"2.2.2.1.2.1.2.3.2.2.2.2.2.2.2.1.2.1.2.3.2.2",0.521250938010922,FALSE,TRUE,36
"2.2.2.1.2.1.2.3.2.2.2.2.2.2.2.1.2.1.2.2.3.2",0.539429211905045,FALSE,TRUE,37
"2.2.2.1.2.1.2.3.2.2.2.2.2.2.2.1.2.1.2.2.2.3",0.504951974523611,FALSE,TRUE,37
"1.2.2.1.2.1.2.3.2.2.2.2.2.2.2.1.2.1.2.2.2.2",0.532511141293945,FALSE,TRUE,36
"2.1.2.1.2.1.2.3.2.2.2.2.2.2.2.1.2.1.2.2.2.2",0.507467954407175,FALSE,TRUE,36
"2.2.1.1.2.1.2.3.2.2.2.2.2.2.2.1.2.1.2.2.2.2",0.530421825372658,FALSE,TRUE,36
"2.2.2.1.1.1.2.3.2.2.2.2.2.2.2.1.2.1.2.2.2.2",0.574451827984666,FALSE,TRUE,36
"2.2.2.1.2.1.1.3.2.2.2.2.2.2.2.1.2.1.2.2.2.2",0.558284163501809,FALSE,TRUE,36
"2.2.2.1.2.1.2.2.2.2.2.2.2.2.2.1.2.1.2.2.2.2",0.479544169967069,FALSE,TRUE,36
"2.2.2.1.2.1.2.3.1.2.2.2.2.2.2.1.2.1.2.2.2.2",0.481889812442334,FALSE,TRUE,36
"2.2.2.1.2.1.2.3.2.1.2.2.2.2.2.1.2.1.2.2.2.2",0.579696930097216,FALSE,TRUE,36
"2.2.2.1.2.1.2.3.2.2.1.2.2.2.2.1.2.1.2.2.2.2",0.589337534222409,FALSE,TRUE,36
"2.2.2.1.2.1.2.3.2.2.2.1.2.2.2.1.2.1.2.2.2.2",0.517877682364151,FALSE,TRUE,36
"2.2.2.1.2.1.2.3.2.2.2.2.1.2.2.1.2.1.2.2.2.2",0.596905648211575,FALSE,TRUE,36
"2.2.2.1.2.1.2.3.2.2.2.2.2.1.2.1.2.1.2.2.2.2",0.57089284023614,FALSE,TRUE,36
"2.2.2.1.2.1.2.3.2.2.2.2.2.2.1.1.2.1.2.2.2.2",0.527176137517735,FALSE,TRUE,36
"2.2.2.1.2.1.2.3.2.2.2.2.2.2.2.1.1.1.2.2.2.2",0.49633230211456,FALSE,TRUE,37
"2.2.2.1.2.1.2.3.2.2.2.2.2.2.2.1.2.1.1.2.2.2",0.421803731847218,FALSE,TRUE,36
"2.2.2.1.2.1.2.3.2.2.2.2.2.2.2.1.2.1.2.1.2.2",0.536773446117017,FALSE,TRUE,36
"2.2.2.1.2.1.2.3.2.2.2.2.2.2.2.1.2.1.2.2.1.2",0.533780148644926,FALSE,TRUE,36
"2.2.2.1.2.1.2.3.2.2.2.2.2.2.2.1.2.1.2.2.2.1",0.55502213566916,FALSE,TRUE,36
"3.2.3.2.2.2.2.2.2.2.2.2.2.2.2.2.2.1.2.2.2.1",0.511337162983845,FALSE,TRUE,38
"2.3.3.2.2.2.2.2.2.2.2.2.2.2.2.2.2.1.2.2.2.1",0.534753303310948,FALSE,TRUE,39
"2.2.4.2.2.2.2.2.2.2.2.2.2.2.2.2.2.1.2.2.2.1",0.554313022463956,FALSE,TRUE,40
"2.2.3.3.2.2.2.2.2.2.2.2.2.2.2.2.2.1.2.2.2.1",0.55813233324553,FALSE,TRUE,39
"2.2.3.2.3.2.2.2.2.2.2.2.2.2.2.2.2.1.2.2.2.1",0.498102703133968,FALSE,TRUE,39
"2.2.3.2.2.3.2.2.2.2.2.2.2.2.2.2.2.1.2.2.2.1",0.540522794937749,FALSE,TRUE,39
"2.2.3.2.2.2.3.2.2.2.2.2.2.2.2.2.2.1.2.2.2.1",0.531290939069958,FALSE,TRUE,39
"2.2.3.2.2.2.2.3.2.2.2.2.2.2.2.2.2.1.2.2.2.1",0.615040915346596,FALSE,TRUE,39
"2.2.3.2.2.2.2.2.3.2.2.2.2.2.2.2.2.1.2.2.2.1",0.59970450201337,FALSE,TRUE,38
"2.2.3.2.2.2.2.2.2.3.2.2.2.2.2.2.2.1.2.2.2.1",0.503648624979189,FALSE,TRUE,39
"2.2.3.2.2.2.2.2.2.2.3.2.2.2.2.2.2.1.2.2.2.1",0.493475251365506,FALSE,TRUE,38
"2.2.3.2.2.2.2.2.2.2.2.3.2.2.2.2.2.1.2.2.2.1",0.523291483005709,FALSE,TRUE,39
"2.2.3.2.2.2.2.2.2.2.2.2.3.2.2.2.2.1.2.2.2.1",0.450242178724604,FALSE,TRUE,39
"2.2.3.2.2.2.2.2.2.2.2.2.2.3.2.2.2.1.2.2.2.1",0.513535785236943,FALSE,TRUE,40
"2.2.3.2.2.2.2.2.2.2.2.2.2.2.3.2.2.1.2.2.2.1",0.53220919938256,FALSE,TRUE,39
"2.2.3.2.2.2.2.2.2.2.2.2.2.2.2.3.2.1.2.2.2.1",0.525197528524981,FALSE,TRUE,38
"2.2.3.2.2.2.2.2.2.2.2.2.2.2.2.2.3.1.2.2.2.1",0.572071190806043,FALSE,TRUE,37
"2.2.3.2.2.2.2.2.2.2.2.2.2.2.2.2.2.2.2.2.2.1",0.491723774485538,FALSE,TRUE,38
"2.2.3.2.2.2.2.2.2.2.2.2.2.2.2.2.2.1.3.2.2.1",0.589305703645592,FALSE,TRUE,39
"2.2.3.2.2.2.2.2.2.2.2.2.2.2.2.2.2.1.2.3.2.1",0.512452632317562,FALSE,TRUE,39
"2.2.3.2.2.2.2.2.2.2.2.2.2.2.2.2.2.1.2.2.3.1",0.507814807740715,FALSE,TRUE,39
"1.2.3.2.2.2.2.2.2.2.2.2.2.2.2.2.2.1.2.2.2.1",0.554113906839144,FALSE,TRUE,38
"2.1.3.2.2.2.2.2.2.2.2.2.2.2.2.2.2.1.2.2.2.1",0.537429621530137,FALSE,TRUE,36
"2.2.3.1.2.2.2.2.2.2.2.2.2.2.2.2.2.1.2.2.2.1",0.511955443341186,FALSE,TRUE,37
"2.2.3.2.1.2.2.2.2.2.2.2.2.2.2.2.2.1.2.2.2.1",0.576854719676351,FALSE,TRUE,38
"2.2.3.2.2.1.2.2.2.2.2.2.2.2.2.2.2.1.2.2.2.1",0.533967728664114,FALSE,TRUE,38
"2.2.3.2.2.2.1.2.2.2.2.2.2.2.2.2.2.1.2.2.2.1",0.550587974249305,FALSE,TRUE,38
"2.2.3.2.2.2.2.1.2.2.2.2.2.2.2.2.2.1.2.2.2.1",0.445709874190065,FALSE,TRUE,38
"2.2.3.2.2.2.2.2.1.2.2.2.2.2.2.2.2.1.2.2.2.1",0.477454751179442,FALSE,TRUE,38
"2.2.3.2.2.2.2.2.2.1.2.2.2.2.2.2.2.1.2.2.2.1",0.565897763142413,FALSE,TRUE,38
"2.2.3.2.2.2.2.2.2.2.1.2.2.2.2.2.2.1.2.2.2.1",0.583523681048845,FALSE,TRUE,38
"2.2.3.2.2.2.2.2.2.2.2.1.2.2.2.2.2.1.2.2.2.1",0.555261012473647,FALSE,TRUE,38
"2.2.3.2.2.2.2.2.2.2.2.2.1.2.2.2.2.1.2.2.2.1",0.626637527764574,FALSE,TRUE,37
"2.2.3.2.2.2.2.2.2.2.2.2.2.2.1.2.2.1.2.2.2.1",0.545745876266788,FALSE,TRUE,38
"2.2.3.2.2.2.2.2.2.2.2.2.2.2.2.1.2.1.2.2.2.1",0.54182228993255,FALSE,TRUE,38
"2.2.3.2.2.2.2.2.2.2.2.2.2.2.2.2.1.1.2.2.2.1",0.510424579866786,FALSE,TRUE,38
"2.2.3.2.2.2.2.2.2.2.2.2.2.2.2.2.2.1.1.2.2.1",0.466456387615366,FALSE,TRUE,38
"2.2.3.2.2.2.2.2.2.2.2.2.2.2.2.2.2.1.2.1.2.1",0.551949013533455,FALSE,TRUE,38
"2.2.3.2.2.2.2.2.2.2.2.2.2.2.2.2.2.1.2.2.1.1",0.569566333879387,FALSE,TRUE,38
"3.1.2.2.2.2.2.3.2.2.2.3.2.2.2.2.2.1.2.2.2.2",0.522349224241251,FALSE,TRUE,39
"2.2.2.2.2.2.2.3.2.2.2.3.2.2.2.2.2.1.2.2.2.2",0.554782772358962,FALSE,TRUE,39
"2.1.3.2.2.2.2.3.2.2.2.3.2.2.2.2.2.1.2.2.2.2",0.603312068498527,FALSE,TRUE,40
"2.1.2.3.2.2.2.3.2.2.2.3.2.2.2.2.2.1.2.2.2.2",0.540406544761364,FALSE,TRUE,40
"2.1.2.2.3.2.2.3.2.2.2.3.2.2.2.2.2.1.2.2.2.2",0.512358854541527,FALSE,TRUE,40
"2.1.2.2.2.3.2.3.2.2.2.3.2.2.2.2.2.1.2.2.2.2",0.551623339287476,FALSE,TRUE,40
"2.1.2.2.2.2.3.3.2.2.2.3.2.2.2.2.2.1.2.2.2.2",0.553701664623865,FALSE,TRUE,40
"2.1.2.2.2.2.2.4.2.2.2.3.2.2.2.2.2.1.2.2.2.2",0.583420673896693,FALSE,TRUE,41
"2.1.2.2.2.2.2.3.3.2.2.3.2.2.2.2.2.1.2.2.2.2",0.592411033621079,FALSE,TRUE,40
"2.1.2.2.2.2.2.3.2.3.2.3.2.2.2.2.2.1.2.2.2.2",0.523464966767168,FALSE,TRUE,40
"2.1.2.2.2.2.2.3.2.2.3.3.2.2.2.2.2.1.2.2.2.2",0.500363739300812,FALSE,TRUE,40
"2.1.2.2.2.2.2.3.2.2.2.4.2.2.2.2.2.1.2.2.2.2",0.560928377786032,FALSE,TRUE,40
"2.1.2.2.2.2.2.3.2.2.2.3.3.2.2.2.2.1.2.2.2.2",0.472636909780271,FALSE,TRUE,40
"2.1.2.2.2.2.2.3.2.2.2.3.2.3.2.2.2.1.2.2.2.2",0.519507714331453,FALSE,TRUE,40
"2.1.2.2.2.2.2.3.2.2.2.3.2.2.3.2.2.1.2.2.2.2",0.562017525801239,FALSE,TRUE,40
"2.1.2.2.2.2.2.3.2.2.2.3.2.2.2.3.2.1.2.2.2.2",0.538953210624022,FALSE,TRUE,40
"2.1.2.2.2.2.2.3.2.2.2.3.2.2.2.2.3.1.2.2.2.2",0.601346339993936,FALSE,TRUE,40
"2.1.2.2.2.2.2.3.2.2.2.3.2.2.2.2.2.2.2.2.2.2",0.481421916194546,FALSE,TRUE,41
"2.1.2.2.2.2.2.3.2.2.2.3.2.2.2.2.2.1.3.2.2.2",0.580148522728277,FALSE,TRUE,40
"2.1.2.2.2.2.2.3.2.2.2.3.2.2.2.2.2.1.2.3.2.2",0.523817433634111,FALSE,TRUE,40
"2.1.2.2.2.2.2.3.2.2.2.3.2.2.2.2.2.1.2.2.3.2",0.55445802649686,FALSE,TRUE,40
"2.1.2.2.2.2.2.3.2.2.2.3.2.2.2.2.2.1.2.2.2.3",0.546578530361417,FALSE,TRUE,40
"1.1.2.2.2.2.2.3.2.2.2.3.2.2.2.2.2.1.2.2.2.2",0.582903579366046,FALSE,TRUE,39
"2.1.1.2.2.2.2.3.2.2.2.3.2.2.2.2.2.1.2.2.2.2",0.513159900404446,FALSE,TRUE,39
"2.1.2.1.2.2.2.3.2.2.2.3.2.2.2.2.2.1.2.2.2.2",0.57042731465422,FALSE,TRUE,37
"2.1.2.2.1.2.2.3.2.2.2.3.2.2.2.2.2.1.2.2.2.2",0.605074251881591,FALSE,TRUE,39
"2.1.2.2.2.1.2.3.2.2.2.3.2.2.2.2.2.1.2.2.2.2",0.56040410593318,FALSE,TRUE,39
"2.1.2.2.2.2.1.3.2.2.2.3.2.2.2.2.2.1.2.2.2.2",0.569190929644033,FALSE,TRUE,39
"2.1.2.2.2.2.2.3.1.2.2.3.2.2.2.2.2.1.2.2.2.2",0.529146616970727,FALSE,TRUE,39
"2.1.2.2.2.2.2.3.2.1.2.3.2.2.2.2.2.1.2.2.2.2",0.587777938484702,FALSE,TRUE,39
"2.1.2.2.2.2.2.3.2.2.1.3.2.2.2.2.2.1.2.2.2.2",0.609915198334836,FALSE,TRUE,39
"2.1.2.2.2.2.2.3.2.2.2.3.1.2.2.2.2.1.2.2.2.2",0.645000191215318,FALSE,TRUE,39
"2.1.2.2.2.2.2.3.2.2.2.3.2.1.2.2.2.1.2.2.2.2",0.605853367647007,FALSE,TRUE,39
"2.1.2.2.2.2.2.3.2.2.2.3.2.2.1.2.2.1.2.2.2.2",0.556628387740146,FALSE,TRUE,39
"2.1.2.2.2.2.2.3.2.2.2.3.2.2.2.1.2.1.2.2.2.2",0.569308989174799,FALSE,TRUE,39
"2.1.2.2.2.2.2.3.2.2.2.3.2.2.2.2.1.1.2.2.2.2",0.527515449439417,FALSE,TRUE,39
"2.1.2.2.2.2.2.3.2.2.2.3.2.2.2.2.2.1.1.2.2.2",0.518801937866259,FALSE,TRUE,39
"2.1.2.2.2.2.2.3.2.2.2.3.2.2.2.2.2.1.2.1.2.2",0.581640654300592,FALSE,TRUE,39
"2.1.2.2.2.2.2.3.2.2.2.3.2.2.2.2.2.1.2.2.1.2",0.562939162067678,FALSE,TRUE,39
"2.1.2.2.2.2.2.3.2.2.2.3.2.2.2.2.2.1.2.2.2.1",0.563252516049337,FALSE,TRUE,39
"3.2.2.2.3.2.2.2.2.2.2.2.2.2.1.3.2.1.2.2.2.2",0.402956238945087,FALSE,TRUE,37
"2.3.2.2.3.2.2.2.2.2.2.2.2.2.1.3.2.1.2.2.2.2",0.414120770625317,FALSE,TRUE,37
"2.2.3.2.3.2.2.2.2.2.2.2.2.2.1.3.2.1.2.2.2.2",0.493951060991558,FALSE,TRUE,37
"2.2.2.3.3.2.2.2.2.2.2.2.2.2.1.3.2.1.2.2.2.2",0.429408531452877,FALSE,TRUE,37
"2.2.2.2.4.2.2.2.2.2.2.2.2.2.1.3.2.1.2.2.2.2",0.393233047105904,FALSE,TRUE,38
"2.2.2.2.3.3.2.2.2.2.2.2.2.2.1.3.2.1.2.2.2.2",0.427442926546438,FALSE,TRUE,37
"2.2.2.2.3.2.3.2.2.2.2.2.2.2.1.3.2.1.2.2.2.2",0.422447466655955,FALSE,TRUE,37
"2.2.2.2.3.2.2.3.2.2.2.2.2.2.1.3.2.1.2.2.2.2",0.47977578783907,FALSE,TRUE,37
"2.2.2.2.3.2.2.2.3.2.2.2.2.2.1.3.2.1.2.2.2.2",0.473980608642147,FALSE,TRUE,36
"2.2.2.2.3.2.2.2.2.3.2.2.2.2.1.3.2.1.2.2.2.2",0.433098532843209,FALSE,TRUE,37
"2.2.2.2.3.2.2.2.2.2.3.2.2.2.1.3.2.1.2.2.2.2",0.394770464108526,FALSE,TRUE,37
"2.2.2.2.3.2.2.2.2.2.2.3.2.2.1.3.2.1.2.2.2.2",0.425227506680691,FALSE,TRUE,38
"2.2.2.2.3.2.2.2.2.2.2.2.3.2.1.3.2.1.2.2.2.2",0.333793174402105,FALSE,TRUE,37
"2.2.2.2.3.2.2.2.2.2.2.2.2.3.1.3.2.1.2.2.2.2",0.400369587666988,FALSE,TRUE,37
"2.2.2.2.3.2.2.2.2.2.2.2.2.2.1.4.2.1.2.2.2.2",0.415919830168882,FALSE,TRUE,37
"2.2.2.2.3.2.2.2.2.2.2.2.2.2.1.3.2.2.2.2.2.2",0.383387946658246,FALSE,TRUE,38
"2.2.2.2.3.2.2.2.2.2.2.2.2.2.1.3.2.1.3.2.2.2",0.447635122497824,FALSE,TRUE,37
"2.2.2.2.3.2.2.2.2.2.2.2.2.2.1.3.2.1.2.3.2.2",0.392353126082618,FALSE,TRUE,37
"2.2.2.2.3.2.2.2.2.2.2.2.2.2.1.3.2.1.2.2.3.2",0.41511443924718,FALSE,TRUE,37
"2.2.2.2.3.2.2.2.2.2.2.2.2.2.1.3.2.1.2.2.2.3",0.445987197871993,FALSE,TRUE,37
"1.2.2.2.3.2.2.2.2.2.2.2.2.2.1.3.2.1.2.2.2.2",0.48370247209408,FALSE,TRUE,36
"2.1.2.2.3.2.2.2.2.2.2.2.2.2.1.3.2.1.2.2.2.2",0.47485306277891,FALSE,TRUE,36
"2.2.1.2.3.2.2.2.2.2.2.2.2.2.1.3.2.1.2.2.2.2",0.401054607413828,FALSE,TRUE,36
"2.2.2.1.3.2.2.2.2.2.2.2.2.2.1.3.2.1.2.2.2.2",0.456141323230999,FALSE,TRUE,36
"2.2.2.2.3.1.2.2.2.2.2.2.2.2.1.3.2.1.2.2.2.2",0.462791678191705,FALSE,TRUE,36
"2.2.2.2.3.2.1.2.2.2.2.2.2.2.1.3.2.1.2.2.2.2",0.479795007794114,FALSE,TRUE,36
"2.2.2.2.3.2.2.1.2.2.2.2.2.2.1.3.2.1.2.2.2.2",0.39708629352296,FALSE,TRUE,36
"2.2.2.2.3.2.2.2.2.1.2.2.2.2.1.3.2.1.2.2.2.2",0.458019333194862,FALSE,TRUE,36
"2.2.2.2.3.2.2.2.2.2.1.2.2.2.1.3.2.1.2.2.2.2",0.495253258094912,FALSE,TRUE,36
"2.2.2.2.3.2.2.2.2.2.2.2.1.2.1.3.2.1.2.2.2.2",0.566736371939191,FALSE,TRUE,36
"2.2.2.2.3.2.2.2.2.2.2.2.2.1.1.3.2.1.2.2.2.2",0.502164268265842,FALSE,TRUE,36
"2.2.2.2.3.2.2.2.2.2.2.2.2.2.1.2.2.1.2.2.2.2",0.476998700437192,FALSE,TRUE,35
"2.2.2.2.3.2.2.2.2.2.2.2.2.2.1.3.1.1.2.2.2.2",0.420163722610779,FALSE,TRUE,37
"2.2.2.2.3.2.2.2.2.2.2.2.2.2.1.3.2.1.1.2.2.2",0.426938185498231,FALSE,TRUE,36
"2.2.2.2.3.2.2.2.2.2.2.2.2.2.1.3.2.1.2.1.2.2",0.492790268251476,FALSE,TRUE,36
"2.2.2.2.3.2.2.2.2.2.2.2.2.2.1.3.2.1.2.2.1.2",0.478320333836508,FALSE,TRUE,36
"2.2.2.2.3.2.2.2.2.2.2.2.2.2.1.3.2.1.2.2.2.1",0.440828163501002,FALSE,TRUE,36
"3.2.3.2.2.2.2.2.2.2.2.2.2.1.2.2.2.1.2.2.2.1",0.523545101373849,FALSE,TRUE,38
"2.3.3.2.2.2.2.2.2.2.2.2.2.1.2.2.2.1.2.2.2.1",0.5362102101515,FALSE,TRUE,38
"2.2.4.2.2.2.2.2.2.2.2.2.2.1.2.2.2.1.2.2.2.1",0.567099842174767,FALSE,TRUE,38
"2.2.3.3.2.2.2.2.2.2.2.2.2.1.2.2.2.1.2.2.2.1",0.592801783637368,FALSE,TRUE,38
"2.2.3.2.3.2.2.2.2.2.2.2.2.1.2.2.2.1.2.2.2.1",0.535551771117658,FALSE,TRUE,38
"2.2.3.2.2.3.2.2.2.2.2.2.2.1.2.2.2.1.2.2.2.1",0.549773232427139,FALSE,TRUE,38
"2.2.3.2.2.2.3.2.2.2.2.2.2.1.2.2.2.1.2.2.2.1",0.556278442598714,FALSE,TRUE,38
"2.2.3.2.2.2.2.3.2.2.2.2.2.1.2.2.2.1.2.2.2.1",0.630878517012158,FALSE,TRUE,38
"2.2.3.2.2.2.2.2.3.2.2.2.2.1.2.2.2.1.2.2.2.1",0.612104012880261,FALSE,TRUE,38
"2.2.3.2.2.2.2.2.2.3.2.2.2.1.2.2.2.1.2.2.2.1",0.534282888896877,FALSE,TRUE,38
"2.2.3.2.2.2.2.2.2.2.3.2.2.1.2.2.2.1.2.2.2.1",0.514259846398172,FALSE,TRUE,38
"2.2.3.2.2.2.2.2.2.2.2.3.2.1.2.2.2.1.2.2.2.1",0.532058933834632,FALSE,TRUE,38
"2.2.3.2.2.2.2.2.2.2.2.2.3.1.2.2.2.1.2.2.2.1",0.478535767856388,FALSE,TRUE,38
"2.2.3.2.2.2.2.2.2.2.2.2.2.1.3.2.2.1.2.2.2.1",0.559048357840972,FALSE,TRUE,38
"2.2.3.2.2.2.2.2.2.2.2.2.2.1.2.3.2.1.2.2.2.1",0.55000064740428,FALSE,TRUE,38
"2.2.3.2.2.2.2.2.2.2.2.2.2.1.2.2.3.1.2.2.2.1",0.600045003763222,FALSE,TRUE,38
"2.2.3.2.2.2.2.2.2.2.2.2.2.1.2.2.2.2.2.2.2.1",0.507617509290161,FALSE,TRUE,39
"2.2.3.2.2.2.2.2.2.2.2.2.2.1.2.2.2.1.3.2.2.1",0.592958860715659,FALSE,TRUE,39
"2.2.3.2.2.2.2.2.2.2.2.2.2.1.2.2.2.1.2.3.2.1",0.537046168090858,FALSE,TRUE,38
"2.2.3.2.2.2.2.2.2.2.2.2.2.1.2.2.2.1.2.2.3.1",0.53189986658437,FALSE,TRUE,38
"2.2.3.2.2.2.2.2.2.2.2.2.2.1.2.2.2.1.2.2.2.2",0.57975695480876,FALSE,TRUE,37
"1.2.3.2.2.2.2.2.2.2.2.2.2.1.2.2.2.1.2.2.2.1",0.581249862109039,FALSE,TRUE,37
"2.1.3.2.2.2.2.2.2.2.2.2.2.1.2.2.2.1.2.2.2.1",0.573450160639936,FALSE,TRUE,37
"2.2.3.1.2.2.2.2.2.2.2.2.2.1.2.2.2.1.2.2.2.1",0.516837915206664,FALSE,TRUE,37
"2.2.3.2.1.2.2.2.2.2.2.2.2.1.2.2.2.1.2.2.2.1",0.578525414829864,FALSE,TRUE,37
"2.2.3.2.2.1.2.2.2.2.2.2.2.1.2.2.2.1.2.2.2.1",0.561043518791751,FALSE,TRUE,37
"2.2.3.2.2.2.1.2.2.2.2.2.2.1.2.2.2.1.2.2.2.1",0.562900252318157,FALSE,TRUE,37
"2.2.3.2.2.2.2.1.2.2.2.2.2.1.2.2.2.1.2.2.2.1",0.465690477964636,FALSE,TRUE,37
"2.2.3.2.2.2.2.2.1.2.2.2.2.1.2.2.2.1.2.2.2.1",0.503443686865528,FALSE,TRUE,37
"2.2.3.2.2.2.2.2.2.1.2.2.2.1.2.2.2.1.2.2.2.1",0.576694195561615,FALSE,TRUE,37
"2.2.3.2.2.2.2.2.2.2.1.2.2.1.2.2.2.1.2.2.2.1",0.601135160032664,FALSE,TRUE,37
"2.2.3.2.2.2.2.2.2.2.2.1.2.1.2.2.2.1.2.2.2.1",0.585467676029237,FALSE,TRUE,37
"2.2.3.2.2.2.2.2.2.2.2.2.1.1.2.2.2.1.2.2.2.1",0.635143764244468,FALSE,TRUE,35
"2.2.3.2.2.2.2.2.2.2.2.2.2.1.1.2.2.1.2.2.2.1",0.557717108666333,FALSE,TRUE,37
"2.2.3.2.2.2.2.2.2.2.2.2.2.1.2.1.2.1.2.2.2.1",0.559039387997338,FALSE,TRUE,37
"2.2.3.2.2.2.2.2.2.2.2.2.2.1.2.2.1.1.2.2.2.1",0.525295283798541,FALSE,TRUE,37
"2.2.3.2.2.2.2.2.2.2.2.2.2.1.2.2.2.1.2.1.2.1",0.564193550386403,FALSE,TRUE,37
"2.2.3.2.2.2.2.2.2.2.2.2.2.1.2.2.2.1.2.2.1.1",0.585368923981153,FALSE,TRUE,37
"3.2.2.2.2.2.2.2.1.2.2.2.2.2.2.3.2.1.2.2.2.2",0.409428617910043,FALSE,TRUE,39
"2.3.2.2.2.2.2.2.1.2.2.2.2.2.2.3.2.1.2.2.2.2",0.431739307796187,FALSE,TRUE,39
"2.2.3.2.2.2.2.2.1.2.2.2.2.2.2.3.2.1.2.2.2.2",0.498470903515244,FALSE,TRUE,39
"2.2.2.3.2.2.2.2.1.2.2.2.2.2.2.3.2.1.2.2.2.2",0.454743569530656,FALSE,TRUE,39
"2.2.2.2.3.2.2.2.1.2.2.2.2.2.2.3.2.1.2.2.2.2",0.406736010843879,FALSE,TRUE,38
"2.2.2.2.2.3.2.2.1.2.2.2.2.2.2.3.2.1.2.2.2.2",0.447258827971182,FALSE,TRUE,39
"2.2.2.2.2.2.3.2.1.2.2.2.2.2.2.3.2.1.2.2.2.2",0.438055045873299,FALSE,TRUE,39
"2.2.2.2.2.2.2.3.1.2.2.2.2.2.2.3.2.1.2.2.2.2",0.516305975914523,FALSE,TRUE,39
"2.2.2.2.2.2.2.2.1.3.2.2.2.2.2.3.2.1.2.2.2.2",0.436392184224133,FALSE,TRUE,39
"2.2.2.2.2.2.2.2.1.2.3.2.2.2.2.3.2.1.2.2.2.2",0.406606894748245,FALSE,TRUE,38
"2.2.2.2.2.2.2.2.1.2.2.3.2.2.2.3.2.1.2.2.2.2",0.43998862325601,FALSE,TRUE,39
"2.2.2.2.2.2.2.2.1.2.2.2.3.2.2.3.2.1.2.2.2.2",0.342585952847523,FALSE,TRUE,39
"2.2.2.2.2.2.2.2.1.2.2.2.2.3.2.3.2.1.2.2.2.2",0.404956797421015,FALSE,TRUE,39
"2.2.2.2.2.2.2.2.1.2.2.2.2.2.3.3.2.1.2.2.2.2",0.445343121432601,FALSE,TRUE,39
"2.2.2.2.2.2.2.2.1.2.2.2.2.2.2.4.2.1.2.2.2.2",0.450623564719214,FALSE,TRUE,39
"2.2.2.2.2.2.2.2.1.2.2.2.2.2.2.3.3.1.2.2.2.2",0.507575688908463,FALSE,TRUE,39
"2.2.2.2.2.2.2.2.1.2.2.2.2.2.2.3.2.2.2.2.2.2",0.413420667202863,FALSE,TRUE,39
"2.2.2.2.2.2.2.2.1.2.2.2.2.2.2.3.2.1.3.2.2.2",0.455353599372125,FALSE,TRUE,40
"2.2.2.2.2.2.2.2.1.2.2.2.2.2.2.3.2.1.2.3.2.2",0.42543804174622,FALSE,TRUE,39
"2.2.2.2.2.2.2.2.1.2.2.2.2.2.2.3.2.1.2.2.3.2",0.42545315872964,FALSE,TRUE,39
"2.2.2.2.2.2.2.2.1.2.2.2.2.2.2.3.2.1.2.2.2.3",0.466946240544121,FALSE,TRUE,39
"1.2.2.2.2.2.2.2.1.2.2.2.2.2.2.3.2.1.2.2.2.2",0.507798484034217,FALSE,TRUE,38
"2.1.2.2.2.2.2.2.1.2.2.2.2.2.2.3.2.1.2.2.2.2",0.489566619540295,FALSE,TRUE,37
"2.2.1.2.2.2.2.2.1.2.2.2.2.2.2.3.2.1.2.2.2.2",0.42655953992603,FALSE,TRUE,38
"2.2.2.1.2.2.2.2.1.2.2.2.2.2.2.3.2.1.2.2.2.2",0.45798169918228,FALSE,TRUE,37
"2.2.2.2.1.2.2.2.1.2.2.2.2.2.2.3.2.1.2.2.2.2",0.513197229353474,FALSE,TRUE,38
"2.2.2.2.2.1.2.2.1.2.2.2.2.2.2.3.2.1.2.2.2.2",0.474676806135364,FALSE,TRUE,38
"2.2.2.2.2.2.1.2.1.2.2.2.2.2.2.3.2.1.2.2.2.2",0.489868342918252,FALSE,TRUE,38
"2.2.2.2.2.2.2.1.1.2.2.2.2.2.2.3.2.1.2.2.2.2",0.389557956655541,FALSE,TRUE,38
"2.2.2.2.2.2.2.2.1.1.2.2.2.2.2.3.2.1.2.2.2.2",0.484616362360903,FALSE,TRUE,38
"2.2.2.2.2.2.2.2.1.2.1.2.2.2.2.3.2.1.2.2.2.2",0.515894323148183,FALSE,TRUE,38
"2.2.2.2.2.2.2.2.1.2.2.2.1.2.2.3.2.1.2.2.2.2",0.585815554075982,FALSE,TRUE,37
"2.2.2.2.2.2.2.2.1.2.2.2.2.1.2.3.2.1.2.2.2.2",0.525527106019865,FALSE,TRUE,38
"2.2.2.2.2.2.2.2.1.2.2.2.2.2.2.3.1.1.2.2.2.2",0.428103893267644,FALSE,TRUE,38
"2.2.2.2.2.2.2.2.1.2.2.2.2.2.2.3.2.1.2.1.2.2",0.489835135019419,FALSE,TRUE,38
"2.2.2.2.2.2.2.2.1.2.2.2.2.2.2.3.2.1.2.2.1.2",0.497800120067263,FALSE,TRUE,38
"2.2.2.2.2.2.2.2.1.2.2.2.2.2.2.3.2.1.2.2.2.1",0.445512375887543,FALSE,TRUE,37
"3.2.2.2.2.2.2.2.1.2.2.2.2.2.2.3.2.1.1.2.2.2",0.379059698686144,FALSE,TRUE,38
"2.3.2.2.2.2.2.2.1.2.2.2.2.2.2.3.2.1.1.2.2.2",0.417510195116949,FALSE,TRUE,38
"2.2.3.2.2.2.2.2.1.2.2.2.2.2.2.3.2.1.1.2.2.2",0.46920807506044,FALSE,TRUE,38
"2.2.2.3.2.2.2.2.1.2.2.2.2.2.2.3.2.1.1.2.2.2",0.444172512052645,FALSE,TRUE,38
"2.2.2.2.3.2.2.2.1.2.2.2.2.2.2.3.2.1.1.2.2.2",0.393006349687582,FALSE,TRUE,37
"2.2.2.2.2.3.2.2.1.2.2.2.2.2.2.3.2.1.1.2.2.2",0.433030211243229,FALSE,TRUE,38
"2.2.2.2.2.2.3.2.1.2.2.2.2.2.2.3.2.1.1.2.2.2",0.405754119577369,FALSE,TRUE,38
"2.2.2.2.2.2.2.3.1.2.2.2.2.2.2.3.2.1.1.2.2.2",0.510500010766442,FALSE,TRUE,38
"2.2.2.2.2.2.2.2.1.3.2.2.2.2.2.3.2.1.1.2.2.2",0.428855877016335,FALSE,TRUE,38
"2.2.2.2.2.2.2.2.1.2.3.2.2.2.2.3.2.1.1.2.2.2",0.401097871997684,FALSE,TRUE,39
"2.2.2.2.2.2.2.2.1.2.2.3.2.2.2.3.2.1.1.2.2.2",0.431742891105545,FALSE,TRUE,38
"2.2.2.2.2.2.2.2.1.2.2.2.3.2.2.3.2.1.1.2.2.2",0.308278077130976,FALSE,TRUE,38
"2.2.2.2.2.2.2.2.1.2.2.2.2.3.2.3.2.1.1.2.2.2",0.366482781674577,FALSE,TRUE,38
"2.2.2.2.2.2.2.2.1.2.2.2.2.2.3.3.2.1.1.2.2.2",0.437343763802715,FALSE,TRUE,38
"2.2.2.2.2.2.2.2.1.2.2.2.2.2.2.4.2.1.1.2.2.2",0.473438842139564,FALSE,TRUE,38
"2.2.2.2.2.2.2.2.1.2.2.2.2.2.2.3.3.1.1.2.2.2",0.516195406010017,FALSE,TRUE,38
"2.2.2.2.2.2.2.2.1.2.2.2.2.2.2.3.2.2.1.2.2.2",0.406684666275503,FALSE,TRUE,39
"2.2.2.2.2.2.2.2.1.2.2.2.2.2.2.3.2.1.1.3.2.2",0.41030468930412,FALSE,TRUE,38
"2.2.2.2.2.2.2.2.1.2.2.2.2.2.2.3.2.1.1.2.3.2",0.396687077751576,FALSE,TRUE,38
"2.2.2.2.2.2.2.2.1.2.2.2.2.2.2.3.2.1.1.2.2.3",0.448863249142074,FALSE,TRUE,38
"1.2.2.2.2.2.2.2.1.2.2.2.2.2.2.3.2.1.1.2.2.2",0.4915671963145,FALSE,TRUE,37
"2.1.2.2.2.2.2.2.1.2.2.2.2.2.2.3.2.1.1.2.2.2",0.456462235632392,FALSE,TRUE,37
"2.2.1.2.2.2.2.2.1.2.2.2.2.2.2.3.2.1.1.2.2.2",0.409154491767674,FALSE,TRUE,37
"2.2.2.1.2.2.2.2.1.2.2.2.2.2.2.3.2.1.1.2.2.2",0.425399593791908,FALSE,TRUE,35
"2.2.2.2.1.2.2.2.1.2.2.2.2.2.2.3.2.1.1.2.2.2",0.482422964288981,FALSE,TRUE,37
"2.2.2.2.2.1.2.2.1.2.2.2.2.2.2.3.2.1.1.2.2.2",0.443734456262118,FALSE,TRUE,37
"2.2.2.2.2.2.1.2.1.2.2.2.2.2.2.3.2.1.1.2.2.2",0.478091489588432,FALSE,TRUE,37
"2.2.2.2.2.2.2.1.1.2.2.2.2.2.2.3.2.1.1.2.2.2",0.350522352322146,FALSE,TRUE,37
"2.2.2.2.2.2.2.2.1.1.2.2.2.2.2.3.2.1.1.2.2.2",0.447674019497929,FALSE,TRUE,37
"2.2.2.2.2.2.2.2.1.2.2.1.2.2.2.3.2.1.1.2.2.2",0.44599313290575,FALSE,TRUE,36
"2.2.2.2.2.2.2.2.1.2.2.2.1.2.2.3.2.1.1.2.2.2",0.574268456705984,FALSE,TRUE,37
"2.2.2.2.2.2.2.2.1.2.2.2.2.1.2.3.2.1.1.2.2.2",0.520409653313811,FALSE,TRUE,37
"2.2.2.2.2.2.2.2.1.2.2.2.2.2.1.3.2.1.1.2.2.2",0.440530802086172,FALSE,TRUE,35
"2.2.2.2.2.2.2.2.1.2.2.2.2.2.2.2.2.1.1.2.2.2",0.407513313191216,FALSE,TRUE,36
"2.2.2.2.2.2.2.2.1.2.2.2.2.2.2.3.1.1.1.2.2.2",0.371481131393228,FALSE,TRUE,37
"2.2.2.2.2.2.2.2.1.2.2.2.2.2.2.3.2.1.1.1.2.2",0.457809213995827,FALSE,TRUE,37
"2.2.2.2.2.2.2.2.1.2.2.2.2.2.2.3.2.1.1.2.1.2",0.481137610991354,FALSE,TRUE,37
"2.2.2.2.2.2.2.2.1.2.2.2.2.2.2.3.2.1.1.2.2.1",0.418127937551173,FALSE,TRUE,37
"4.1.2.2.2.2.2.2.2.2.2.2.2.2.2.2.2.1.2.2.2.2",0.426444624630817,FALSE,TRUE,40
"3.1.3.2.2.2.2.2.2.2.2.2.2.2.2.2.2.1.2.2.2.2",0.520056717321039,FALSE,TRUE,39
"3.1.2.3.2.2.2.2.2.2.2.2.2.2.2.2.2.1.2.2.2.2",0.463888292983259,FALSE,TRUE,39
"3.1.2.2.3.2.2.2.2.2.2.2.2.2.2.2.2.1.2.2.2.2",0.429727754680361,FALSE,TRUE,39
"3.1.2.2.2.3.2.2.2.2.2.2.2.2.2.2.2.1.2.2.2.2",0.483686451088316,FALSE,TRUE,39
"3.1.2.2.2.2.3.2.2.2.2.2.2.2.2.2.2.1.2.2.2.2",0.476923379423586,FALSE,TRUE,39
"3.1.2.2.2.2.2.3.2.2.2.2.2.2.2.2.2.1.2.2.2.2",0.525133298749005,FALSE,TRUE,38
"3.1.2.2.2.2.2.2.3.2.2.2.2.2.2.2.2.1.2.2.2.2",0.535354136943682,FALSE,TRUE,38
"3.1.2.2.2.2.2.2.2.3.2.2.2.2.2.2.2.1.2.2.2.2",0.413226741893234,FALSE,TRUE,39
"3.1.2.2.2.2.2.2.2.2.3.2.2.2.2.2.2.1.2.2.2.2",0.403988452752155,FALSE,TRUE,38
"3.1.2.2.2.2.2.2.2.2.2.2.3.2.2.2.2.1.2.2.2.2",0.374701982097865,FALSE,TRUE,39
"3.1.2.2.2.2.2.2.2.2.2.2.2.3.2.2.2.1.2.2.2.2",0.428182191135881,FALSE,TRUE,39
"3.1.2.2.2.2.2.2.2.2.2.2.2.2.3.2.2.1.2.2.2.2",0.478213196959904,FALSE,TRUE,39
"3.1.2.2.2.2.2.2.2.2.2.2.2.2.2.3.2.1.2.2.2.2",0.474487633734371,FALSE,TRUE,38
"3.1.2.2.2.2.2.2.2.2.2.2.2.2.2.2.3.1.2.2.2.2",0.520498719198654,FALSE,TRUE,39
"3.1.2.2.2.2.2.2.2.2.2.2.2.2.2.2.2.2.2.2.2.2",0.402562919722593,FALSE,TRUE,39
"3.1.2.2.2.2.2.2.2.2.2.2.2.2.2.2.2.1.3.2.2.2",0.533941282887281,FALSE,TRUE,39
"3.1.2.2.2.2.2.2.2.2.2.2.2.2.2.2.2.1.2.3.2.2",0.442191047736816,FALSE,TRUE,39
"3.1.2.2.2.2.2.2.2.2.2.2.2.2.2.2.2.1.2.2.3.2",0.455840412423373,FALSE,TRUE,39
"3.1.2.2.2.2.2.2.2.2.2.2.2.2.2.2.2.1.2.2.2.3",0.472474412816232,FALSE,TRUE,40
"3.1.1.2.2.2.2.2.2.2.2.2.2.2.2.2.2.1.2.2.2.2",0.431124960696802,FALSE,TRUE,38
"3.1.2.1.2.2.2.2.2.2.2.2.2.2.2.2.2.1.2.2.2.2",0.479986233427504,FALSE,TRUE,37
"3.1.2.2.1.2.2.2.2.2.2.2.2.2.2.2.2.1.2.2.2.2",0.520265032137351,FALSE,TRUE,38
"3.1.2.2.2.1.2.2.2.2.2.2.2.2.2.2.2.1.2.2.2.2",0.468949549266274,FALSE,TRUE,38
"3.1.2.2.2.2.1.2.2.2.2.2.2.2.2.2.2.1.2.2.2.2",0.477408370921162,FALSE,TRUE,38
"3.1.2.2.2.2.2.1.2.2.2.2.2.2.2.2.2.1.2.2.2.2",0.411141142361731,FALSE,TRUE,38
"3.1.2.2.2.2.2.2.1.2.2.2.2.2.2.2.2.1.2.2.2.2",0.418902244293568,FALSE,TRUE,38
"3.1.2.2.2.2.2.2.2.1.2.2.2.2.2.2.2.1.2.2.2.2",0.531201176366613,FALSE,TRUE,38
"3.1.2.2.2.2.2.2.2.2.1.2.2.2.2.2.2.1.2.2.2.2",0.53887424136885,FALSE,TRUE,38
"3.1.2.2.2.2.2.2.2.2.2.1.2.2.2.2.2.1.2.2.2.2",0.474915862578215,FALSE,TRUE,38
"3.1.2.2.2.2.2.2.2.2.2.2.1.2.2.2.2.1.2.2.2.2",0.577875919426969,FALSE,TRUE,37
"3.1.2.2.2.2.2.2.2.2.2.2.2.1.2.2.2.1.2.2.2.2",0.528966917169455,FALSE,TRUE,38
"3.1.2.2.2.2.2.2.2.2.2.2.2.2.1.2.2.1.2.2.2.2",0.473685016378265,FALSE,TRUE,38
"3.1.2.2.2.2.2.2.2.2.2.2.2.2.2.1.2.1.2.2.2.2",0.472452757149586,FALSE,TRUE,38
"3.1.2.2.2.2.2.2.2.2.2.2.2.2.2.2.1.1.2.2.2.2",0.44039253688392,FALSE,TRUE,38
"3.1.2.2.2.2.2.2.2.2.2.2.2.2.2.2.2.1.1.2.2.2",0.401919649304974,FALSE,TRUE,38
"3.1.2.2.2.2.2.2.2.2.2.2.2.2.2.2.2.1.2.1.2.2",0.501545651398858,FALSE,TRUE,38
"3.1.2.2.2.2.2.2.2.2.2.2.2.2.2.2.2.1.2.2.1.2",0.495840546895315,FALSE,TRUE,38
"3.2.2.2.2.2.3.2.2.2.3.2.2.2.2.2.2.1.2.2.2.2",0.40262864400452,FALSE,TRUE,41
"2.3.2.2.2.2.3.2.2.2.3.2.2.2.2.2.2.1.2.2.2.2",0.433455497269474,FALSE,TRUE,41
"2.2.3.2.2.2.3.2.2.2.3.2.2.2.2.2.2.1.2.2.2.2",0.485001315866808,FALSE,TRUE,41
"2.2.2.3.2.2.3.2.2.2.3.2.2.2.2.2.2.1.2.2.2.2",0.43514118380797,FALSE,TRUE,41
"2.2.2.2.3.2.3.2.2.2.3.2.2.2.2.2.2.1.2.2.2.2",0.392801752587812,FALSE,TRUE,41
"2.2.2.2.2.3.3.2.2.2.3.2.2.2.2.2.2.1.2.2.2.2",0.437065270335566,FALSE,TRUE,41
"2.2.2.2.2.2.4.2.2.2.3.2.2.2.2.2.2.1.2.2.2.2",0.439294445266115,FALSE,TRUE,42
"2.2.2.2.2.2.3.3.2.2.3.2.2.2.2.2.2.1.2.2.2.2",0.480541703477659,FALSE,TRUE,41
"2.2.2.2.2.2.3.2.3.2.3.2.2.2.2.2.2.1.2.2.2.2",0.493284144366487,FALSE,TRUE,40
"2.2.2.2.2.2.3.2.2.3.3.2.2.2.2.2.2.1.2.2.2.2",0.392323001560484,FALSE,TRUE,41
"2.2.2.2.2.2.3.2.2.2.4.2.2.2.2.2.2.1.2.2.2.2",0.388536981817906,FALSE,TRUE,41
"2.2.2.2.2.2.3.2.2.2.3.3.2.2.2.2.2.1.2.2.2.2",0.435187323801331,FALSE,TRUE,41
"2.2.2.2.2.2.3.2.2.2.3.2.3.2.2.2.2.1.2.2.2.2",0.346849219233354,FALSE,TRUE,41
"2.2.2.2.2.2.3.2.2.2.3.2.2.3.2.2.2.1.2.2.2.2",0.407227135656131,FALSE,TRUE,41
"2.2.2.2.2.2.3.2.2.2.3.2.2.2.3.2.2.1.2.2.2.2",0.444375655768354,FALSE,TRUE,41
"2.2.2.2.2.2.3.2.2.2.3.2.2.2.2.3.2.1.2.2.2.2",0.418789987877055,FALSE,TRUE,40
"2.2.2.2.2.2.3.2.2.2.3.2.2.2.2.2.3.1.2.2.2.2",0.472054430737064,FALSE,TRUE,41
"2.2.2.2.2.2.3.2.2.2.3.2.2.2.2.2.2.2.2.2.2.2",0.407455660475074,FALSE,TRUE,41
"2.2.2.2.2.2.3.2.2.2.3.2.2.2.2.2.2.1.3.2.2.2",0.477521312835555,FALSE,TRUE,41
"2.2.2.2.2.2.3.2.2.2.3.2.2.2.2.2.2.1.2.3.2.2",0.406619679791839,FALSE,TRUE,41
"2.2.2.2.2.2.3.2.2.2.3.2.2.2.2.2.2.1.2.2.3.2",0.420163230266912,FALSE,TRUE,41
"2.2.2.2.2.2.3.2.2.2.3.2.2.2.2.2.2.1.2.2.2.3",0.424215657794087,FALSE,TRUE,41
"1.2.2.2.2.2.3.2.2.2.3.2.2.2.2.2.2.1.2.2.2.2",0.475020718932155,FALSE,TRUE,40
"2.1.2.2.2.2.3.2.2.2.3.2.2.2.2.2.2.1.2.2.2.2",0.447755984829037,FALSE,TRUE,39
"2.2.1.2.2.2.3.2.2.2.3.2.2.2.2.2.2.1.2.2.2.2",0.406011815494862,FALSE,TRUE,40
"2.2.2.1.2.2.3.2.2.2.3.2.2.2.2.2.2.1.2.2.2.2",0.4461066559641,FALSE,TRUE,39
"2.2.2.2.1.2.3.2.2.2.3.2.2.2.2.2.2.1.2.2.2.2",0.496268745689622,FALSE,TRUE,40
"2.2.2.2.2.1.3.2.2.2.3.2.2.2.2.2.2.1.2.2.2.2",0.446340151707775,FALSE,TRUE,40
"2.2.2.2.2.2.3.1.2.2.3.2.2.2.2.2.2.1.2.2.2.2",0.389475431228672,FALSE,TRUE,40
"2.2.2.2.2.2.3.2.1.2.3.2.2.2.2.2.2.1.2.2.2.2",0.399098501926631,FALSE,TRUE,40
"2.2.2.2.2.2.3.2.2.1.3.2.2.2.2.2.2.1.2.2.2.2",0.488660787273969,FALSE,TRUE,40
"2.2.2.2.2.2.3.2.2.2.3.1.2.2.2.2.2.1.2.2.2.2",0.452763014507325,FALSE,TRUE,40
"2.2.2.2.2.2.3.2.2.2.3.2.1.2.2.2.2.1.2.2.2.2",0.547407316604165,FALSE,TRUE,39
"2.2.2.2.2.2.3.2.2.2.3.2.2.1.2.2.2.1.2.2.2.2",0.490487105224094,FALSE,TRUE,40
"2.2.2.2.2.2.3.2.2.2.3.2.2.2.1.2.2.1.2.2.2.2",0.446245644340479,FALSE,TRUE,40
"2.2.2.2.2.2.3.2.2.2.3.2.2.2.2.1.2.1.2.2.2.2",0.461695409795177,FALSE,TRUE,40
"2.2.2.2.2.2.3.2.2.2.3.2.2.2.2.2.1.1.2.2.2.2",0.419669951000951,FALSE,TRUE,40
"2.2.2.2.2.2.3.2.2.2.3.2.2.2.2.2.2.1.1.2.2.2",0.387069481202018,FALSE,TRUE,40
"2.2.2.2.2.2.3.2.2.2.3.2.2.2.2.2.2.1.2.1.2.2",0.46915028742256,FALSE,TRUE,40
"2.2.2.2.2.2.3.2.2.2.3.2.2.2.2.2.2.1.2.2.1.2",0.465345110430458,FALSE,TRUE,40
"2.2.2.2.2.2.3.2.2.2.3.2.2.2.2.2.2.1.2.2.2.1",0.45167193581064,FALSE,TRUE,39
"3.2.2.1.2.2.2.2.2.2.2.2.2.2.2.2.2.1.1.2.2.2",0.392243158062228,FALSE,TRUE,39
"2.3.2.1.2.2.2.2.2.2.2.2.2.2.2.2.2.1.1.2.2.2",0.416593451875139,FALSE,TRUE,39
"2.2.3.1.2.2.2.2.2.2.2.2.2.2.2.2.2.1.1.2.2.2",0.425358150175151,FALSE,TRUE,39
"2.2.2.1.3.2.2.2.2.2.2.2.2.2.2.2.2.1.1.2.2.2",0.393260815979762,FALSE,TRUE,39
"2.2.2.1.2.3.2.2.2.2.2.2.2.2.2.2.2.1.1.2.2.2",0.412571971620685,FALSE,TRUE,39
"2.2.2.1.2.2.3.2.2.2.2.2.2.2.2.2.2.1.1.2.2.2",0.39793974271491,FALSE,TRUE,39
"2.2.2.1.2.2.2.2.3.2.2.2.2.2.2.2.2.1.1.2.2.2",0.463062484607133,FALSE,TRUE,38
"2.2.2.1.2.2.2.2.2.3.2.2.2.2.2.2.2.1.1.2.2.2",0.394364862539577,FALSE,TRUE,39
"2.2.2.1.2.2.2.2.2.2.3.2.2.2.2.2.2.1.1.2.2.2",0.390967781187332,FALSE,TRUE,38
"2.2.2.1.2.2.2.2.2.2.2.3.2.2.2.2.2.1.1.2.2.2",0.428438536960177,FALSE,TRUE,39
"2.2.2.1.2.2.2.2.2.2.2.2.3.2.2.2.2.1.1.2.2.2",0.318062600395209,FALSE,TRUE,39
"2.2.2.1.2.2.2.2.2.2.2.2.2.3.2.2.2.1.1.2.2.2",0.377301736304305,FALSE,TRUE,39
"2.2.2.1.2.2.2.2.2.2.2.2.2.2.3.2.2.1.1.2.2.2",0.43196251743851,FALSE,TRUE,39
"2.2.2.1.2.2.2.2.2.2.2.2.2.2.2.3.2.1.1.2.2.2",0.457542084592743,FALSE,TRUE,37
"2.2.2.1.2.2.2.2.2.2.2.2.2.2.2.2.3.1.1.2.2.2",0.499322273710106,FALSE,TRUE,39
"2.2.2.1.2.2.2.2.2.2.2.2.2.2.2.2.2.2.1.2.2.2",0.392123309366725,FALSE,TRUE,39
"2.2.2.1.2.2.2.2.2.2.2.2.2.2.2.2.2.1.1.3.2.2",0.410554061190754,FALSE,TRUE,38
"2.2.2.1.2.2.2.2.2.2.2.2.2.2.2.2.2.1.1.2.3.2",0.39405940004579,FALSE,TRUE,39
"2.2.2.1.2.2.2.2.2.2.2.2.2.2.2.2.2.1.1.2.2.3",0.405160436333554,FALSE,TRUE,39
"1.2.2.1.2.2.2.2.2.2.2.2.2.2.2.2.2.1.1.2.2.2",0.434231148230668,FALSE,TRUE,38
"2.1.2.1.2.2.2.2.2.2.2.2.2.2.2.2.2.1.1.2.2.2",0.412755393625398,FALSE,TRUE,37
"2.2.1.1.2.2.2.2.2.2.2.2.2.2.2.2.2.1.1.2.2.2",0.411547331889387,FALSE,TRUE,38
"2.2.2.1.1.2.2.2.2.2.2.2.2.2.2.2.2.1.1.2.2.2",0.44650492622849,FALSE,TRUE,38
"2.2.2.1.2.1.2.2.2.2.2.2.2.2.2.2.2.1.1.2.2.2",0.418653609205098,FALSE,TRUE,38
"2.2.2.1.2.2.1.2.2.2.2.2.2.2.2.2.2.1.1.2.2.2",0.448540415187137,FALSE,TRUE,38
"2.2.2.1.2.2.2.1.2.2.2.2.2.2.2.2.2.1.1.2.2.2",0.32685128207641,FALSE,TRUE,38
"2.2.2.1.2.2.2.2.1.2.2.2.2.2.2.2.2.1.1.2.2.2",0.376956644772028,FALSE,TRUE,36
"2.2.2.1.2.2.2.2.2.1.2.2.2.2.2.2.2.1.1.2.2.2",0.442408576422947,FALSE,TRUE,38
"2.2.2.1.2.2.2.2.2.2.1.2.2.2.2.2.2.1.1.2.2.2",0.447451200656657,FALSE,TRUE,38
"2.2.2.1.2.2.2.2.2.2.2.1.2.2.2.2.2.1.1.2.2.2",0.40733879698846,FALSE,TRUE,38
"2.2.2.1.2.2.2.2.2.2.2.2.1.2.2.2.2.1.1.2.2.2",0.52071557036382,FALSE,TRUE,37
"2.2.2.1.2.2.2.2.2.2.2.2.2.1.2.2.2.1.1.2.2.2",0.470265458856385,FALSE,TRUE,38
"2.2.2.1.2.2.2.2.2.2.2.2.2.2.1.2.2.1.1.2.2.2",0.410003227018731,FALSE,TRUE,38
"2.2.2.1.2.2.2.2.2.2.2.2.2.2.2.1.2.1.1.2.2.2",0.378091941981563,FALSE,TRUE,37
"2.2.2.1.2.2.2.2.2.2.2.2.2.2.2.2.1.1.1.2.2.2",0.347996553698644,FALSE,TRUE,38
"2.2.2.1.2.2.2.2.2.2.2.2.2.2.2.2.2.1.1.1.2.2",0.414262929100541,FALSE,TRUE,38
"2.2.2.1.2.2.2.2.2.2.2.2.2.2.2.2.2.1.1.2.1.2",0.443185263247045,FALSE,TRUE,38
"2.2.2.1.2.2.2.2.2.2.2.2.2.2.2.2.2.1.1.2.2.1",0.419664944522972,FALSE,TRUE,37
"3.2.2.1.2.1.2.3.2.2.2.2.2.2.2.1.3.1.2.2.2.2",0.555783159078209,FALSE,TRUE,38
"2.3.2.1.2.1.2.3.2.2.2.2.2.2.2.1.3.1.2.2.2.2",0.5734972286603,FALSE,TRUE,38
"2.2.3.1.2.1.2.3.2.2.2.2.2.2.2.1.3.1.2.2.2.2",0.57426312955537,FALSE,TRUE,38
"2.2.2.2.2.1.2.3.2.2.2.2.2.2.2.1.3.1.2.2.2.2",0.575604058095027,FALSE,TRUE,39
"2.2.2.1.3.1.2.3.2.2.2.2.2.2.2.1.3.1.2.2.2.2",0.531735150045659,FALSE,TRUE,38
"2.2.2.1.2.1.3.3.2.2.2.2.2.2.2.1.3.1.2.2.2.2",0.547873515562937,FALSE,TRUE,38
"2.2.2.1.2.1.2.4.2.2.2.2.2.2.2.1.3.1.2.2.2.2",0.602509881124146,FALSE,TRUE,38
"2.2.2.1.2.1.2.3.3.2.2.2.2.2.2.1.3.1.2.2.2.2",0.62560256919771,FALSE,TRUE,38
"2.2.2.1.2.1.2.3.2.3.2.2.2.2.2.1.3.1.2.2.2.2",0.515978853329658,FALSE,TRUE,38
"2.2.2.1.2.1.2.3.2.2.3.2.2.2.2.1.3.1.2.2.2.2",0.509369858342078,FALSE,TRUE,38
"2.2.2.1.2.1.2.3.2.2.2.3.2.2.2.1.3.1.2.2.2.2",0.583718168593747,FALSE,TRUE,38
"2.2.2.1.2.1.2.3.2.2.2.2.3.2.2.1.3.1.2.2.2.2",0.508011410769228,FALSE,TRUE,38
"2.2.2.1.2.1.2.3.2.2.2.2.2.3.2.1.3.1.2.2.2.2",0.542139989290908,FALSE,TRUE,38
"2.2.2.1.2.1.2.3.2.2.2.2.2.2.3.1.3.1.2.2.2.2",0.582215078813546,FALSE,TRUE,38
"2.2.2.1.2.1.2.3.2.2.2.2.2.2.2.2.3.1.2.2.2.2",0.603903868721445,FALSE,TRUE,37
"2.2.2.1.2.1.2.3.2.2.2.2.2.2.2.1.4.1.2.2.2.2",0.600174533224088,FALSE,TRUE,39
"2.2.2.1.2.1.2.3.2.2.2.2.2.2.2.1.3.2.2.2.2.2",0.540627174784672,FALSE,TRUE,39
"2.2.2.1.2.1.2.3.2.2.2.2.2.2.2.1.3.1.3.2.2.2",0.648873549335752,FALSE,TRUE,38
"2.2.2.1.2.1.2.3.2.2.2.2.2.2.2.1.3.1.2.3.2.2",0.535710912112579,FALSE,TRUE,38
"2.2.2.1.2.1.2.3.2.2.2.2.2.2.2.1.3.1.2.2.3.2",0.564624652623047,FALSE,TRUE,38
"2.2.2.1.2.1.2.3.2.2.2.2.2.2.2.1.3.1.2.2.2.3",0.541484045508989,FALSE,TRUE,38
"1.2.2.1.2.1.2.3.2.2.2.2.2.2.2.1.3.1.2.2.2.2",0.573180404921959,FALSE,TRUE,37
"2.1.2.1.2.1.2.3.2.2.2.2.2.2.2.1.3.1.2.2.2.2",0.557761231222397,FALSE,TRUE,37
"2.2.1.1.2.1.2.3.2.2.2.2.2.2.2.1.3.1.2.2.2.2",0.565039906142601,FALSE,TRUE,37
"2.2.2.1.1.1.2.3.2.2.2.2.2.2.2.1.3.1.2.2.2.2",0.611907846958749,FALSE,TRUE,37
"2.2.2.1.2.1.1.3.2.2.2.2.2.2.2.1.3.1.2.2.2.2",0.600451272251729,FALSE,TRUE,37
"2.2.2.1.2.1.2.2.2.2.2.2.2.2.2.1.3.1.2.2.2.2",0.519782319368989,FALSE,TRUE,37
"2.2.2.1.2.1.2.3.1.2.2.2.2.2.2.1.3.1.2.2.2.2",0.518882306004249,FALSE,TRUE,37
"2.2.2.1.2.1.2.3.2.1.2.2.2.2.2.1.3.1.2.2.2.2",0.613966207284501,FALSE,TRUE,37
"2.2.2.1.2.1.2.3.2.2.1.2.2.2.2.1.3.1.2.2.2.2",0.6313582657935,FALSE,TRUE,37
"2.2.2.1.2.1.2.3.2.2.2.1.2.2.2.1.3.1.2.2.2.2",0.557267223022701,FALSE,TRUE,37
"2.2.2.1.2.1.2.3.2.2.2.2.1.2.2.1.3.1.2.2.2.2",0.631017072687225,FALSE,TRUE,37
"2.2.2.1.2.1.2.3.2.2.2.2.2.1.2.1.3.1.2.2.2.2",0.608565364839174,FALSE,TRUE,36
"2.2.2.1.2.1.2.3.2.2.2.2.2.2.1.1.3.1.2.2.2.2",0.563577958669822,FALSE,TRUE,37
"2.2.2.1.2.1.2.3.2.2.2.2.2.2.2.1.3.1.1.2.2.2",0.471865892458101,FALSE,TRUE,37
"2.2.2.1.2.1.2.3.2.2.2.2.2.2.2.1.3.1.2.1.2.2",0.587060119402703,FALSE,TRUE,37
"2.2.2.1.2.1.2.3.2.2.2.2.2.2.2.1.3.1.2.2.1.2",0.576133032456301,FALSE,TRUE,37
"2.2.2.1.2.1.2.3.2.2.2.2.2.2.2.1.3.1.2.2.2.1",0.583921295820491,FALSE,TRUE,37
"4.1.2.2.2.2.2.2.2.2.2.2.2.2.2.2.2.1.2.2.2.1",0.406899799471108,FALSE,TRUE,39
"3.1.3.2.2.2.2.2.2.2.2.2.2.2.2.2.2.1.2.2.2.1",0.509779064708009,FALSE,TRUE,37
"3.1.2.3.2.2.2.2.2.2.2.2.2.2.2.2.2.1.2.2.2.1",0.456159209370233,FALSE,TRUE,39
"3.1.2.2.3.2.2.2.2.2.2.2.2.2.2.2.2.1.2.2.2.1",0.423109388245337,FALSE,TRUE,39
"3.1.2.2.2.3.2.2.2.2.2.2.2.2.2.2.2.1.2.2.2.1",0.483291101548625,FALSE,TRUE,39
"3.1.2.2.2.2.3.2.2.2.2.2.2.2.2.2.2.1.2.2.2.1",0.472326068110037,FALSE,TRUE,39
"3.1.2.2.2.2.2.3.2.2.2.2.2.2.2.2.2.1.2.2.2.1",0.522062595933863,FALSE,TRUE,39
"3.1.2.2.2.2.2.2.3.2.2.2.2.2.2.2.2.1.2.2.2.1",0.533422777038889,FALSE,TRUE,39
"3.1.2.2.2.2.2.2.2.3.2.2.2.2.2.2.2.1.2.2.2.1",0.403644662281353,FALSE,TRUE,39
"3.1.2.2.2.2.2.2.2.2.3.2.2.2.2.2.2.1.2.2.2.1",0.389710281117819,FALSE,TRUE,39
"3.1.2.2.2.2.2.2.2.2.2.3.2.2.2.2.2.1.2.2.2.1",0.454190703993175,FALSE,TRUE,38
"3.1.2.2.2.2.2.2.2.2.2.2.3.2.2.2.2.1.2.2.2.1",0.371436578471917,FALSE,TRUE,39
"3.1.2.2.2.2.2.2.2.2.2.2.2.3.2.2.2.1.2.2.2.1",0.433159608616113,FALSE,TRUE,39
"3.1.2.2.2.2.2.2.2.2.2.2.2.2.3.2.2.1.2.2.2.1",0.470990698134179,FALSE,TRUE,39
"3.1.2.2.2.2.2.2.2.2.2.2.2.2.2.3.2.1.2.2.2.1",0.456613654849675,FALSE,TRUE,39
"3.1.2.2.2.2.2.2.2.2.2.2.2.2.2.2.3.1.2.2.2.1",0.492965781440528,FALSE,TRUE,39
"3.1.2.2.2.2.2.2.2.2.2.2.2.2.2.2.2.2.2.2.2.1",0.390456168092672,FALSE,TRUE,40
"3.1.2.2.2.2.2.2.2.2.2.2.2.2.2.2.2.1.3.2.2.1",0.526248052621937,FALSE,TRUE,39
"3.1.2.2.2.2.2.2.2.2.2.2.2.2.2.2.2.1.2.3.2.1",0.419931649263548,FALSE,TRUE,39
"3.1.2.2.2.2.2.2.2.2.2.2.2.2.2.2.2.1.2.2.3.1",0.434409411491701,FALSE,TRUE,39
"3.1.1.2.2.2.2.2.2.2.2.2.2.2.2.2.2.1.2.2.2.1",0.41983950780152,FALSE,TRUE,38
"3.1.2.1.2.2.2.2.2.2.2.2.2.2.2.2.2.1.2.2.2.1",0.464740380301675,FALSE,TRUE,38
"3.1.2.2.1.2.2.2.2.2.2.2.2.2.2.2.2.1.2.2.2.1",0.502916789161058,FALSE,TRUE,38
"3.1.2.2.2.1.2.2.2.2.2.2.2.2.2.2.2.1.2.2.2.1",0.452498517824547,FALSE,TRUE,38
"3.1.2.2.2.2.1.2.2.2.2.2.2.2.2.2.2.1.2.2.2.1",0.456445085114517,FALSE,TRUE,38
"3.1.2.2.2.2.2.1.2.2.2.2.2.2.2.2.2.1.2.2.2.1",0.393206331073969,FALSE,TRUE,38
"3.1.2.2.2.2.2.2.1.2.2.2.2.2.2.2.2.1.2.2.2.1",0.397416355091422,FALSE,TRUE,38
"3.1.2.2.2.2.2.2.2.1.2.2.2.2.2.2.2.1.2.2.2.1",0.51648975191099,FALSE,TRUE,38
"3.1.2.2.2.2.2.2.2.2.1.2.2.2.2.2.2.1.2.2.2.1",0.530266363383149,FALSE,TRUE,38
"3.1.2.2.2.2.2.2.2.2.2.1.2.2.2.2.2.1.2.2.2.1",0.478176060341981,FALSE,TRUE,38
"3.1.2.2.2.2.2.2.2.2.2.2.1.2.2.2.2.1.2.2.2.1",0.557069784268276,FALSE,TRUE,38
"3.1.2.2.2.2.2.2.2.2.2.2.2.1.2.2.2.1.2.2.2.1",0.498848978604149,FALSE,TRUE,38
"3.1.2.2.2.2.2.2.2.2.2.2.2.2.1.2.2.1.2.2.2.1",0.456915742270775,FALSE,TRUE,38
"3.1.2.2.2.2.2.2.2.2.2.2.2.2.2.1.2.1.2.2.2.1",0.469431691047713,FALSE,TRUE,38
"3.1.2.2.2.2.2.2.2.2.2.2.2.2.2.2.1.1.2.2.2.1",0.446247182451256,FALSE,TRUE,38
"3.1.2.2.2.2.2.2.2.2.2.2.2.2.2.2.2.1.1.2.2.1",0.391562219320969,FALSE,TRUE,38
"3.1.2.2.2.2.2.2.2.2.2.2.2.2.2.2.2.1.2.1.2.1",0.503750570595525,FALSE,TRUE,38
"3.1.2.2.2.2.2.2.2.2.2.2.2.2.2.2.2.1.2.2.1.1",0.49589371355887,FALSE,TRUE,38
"3.2.2.2.3.2.2.2.1.2.2.2.2.2.1.3.2.1.2.2.2.2",0.359580517580196,FALSE,TRUE,39
"2.3.2.2.3.2.2.2.1.2.2.2.2.2.1.3.2.1.2.2.2.2",0.387904017200195,FALSE,TRUE,39
"2.2.3.2.3.2.2.2.1.2.2.2.2.2.1.3.2.1.2.2.2.2",0.464377635240235,FALSE,TRUE,39
"2.2.2.3.3.2.2.2.1.2.2.2.2.2.1.3.2.1.2.2.2.2",0.402530317093799,FALSE,TRUE,39
"2.2.2.2.4.2.2.2.1.2.2.2.2.2.1.3.2.1.2.2.2.2",0.357257474390602,FALSE,TRUE,39
"2.2.2.2.3.3.2.2.1.2.2.2.2.2.1.3.2.1.2.2.2.2",0.411122666816987,FALSE,TRUE,39
"2.2.2.2.3.2.3.2.1.2.2.2.2.2.1.3.2.1.2.2.2.2",0.387601096650632,FALSE,TRUE,39
"2.2.2.2.3.2.2.3.1.2.2.2.2.2.1.3.2.1.2.2.2.2",0.469444045899656,FALSE,TRUE,39
"2.2.2.2.3.2.2.2.1.3.2.2.2.2.1.3.2.1.2.2.2.2",0.401819277307064,FALSE,TRUE,39
"2.2.2.2.3.2.2.2.1.2.3.2.2.2.1.3.2.1.2.2.2.2",0.363050290481893,FALSE,TRUE,39
"2.2.2.2.3.2.2.2.1.2.2.3.2.2.1.3.2.1.2.2.2.2",0.396051549309911,FALSE,TRUE,39
"2.2.2.2.3.2.2.2.1.2.2.2.3.2.1.3.2.1.2.2.2.2",0.290604877428247,FALSE,TRUE,39
"2.2.2.2.3.2.2.2.1.2.2.2.2.3.1.3.2.1.2.2.2.2",0.355515655563244,FALSE,TRUE,39
"2.2.2.2.3.2.2.2.1.2.2.2.2.2.1.4.2.1.2.2.2.2",0.41165332657125,FALSE,TRUE,39
"2.2.2.2.3.2.2.2.1.2.2.2.2.2.1.3.3.1.2.2.2.2",0.465247815522956,FALSE,TRUE,38
"2.2.2.2.3.2.2.2.1.2.2.2.2.2.1.3.2.2.2.2.2.2",0.37163530078507,FALSE,TRUE,40
"2.2.2.2.3.2.2.2.1.2.2.2.2.2.1.3.2.1.3.2.2.2",0.422212866697618,FALSE,TRUE,39
"2.2.2.2.3.2.2.2.1.2.2.2.2.2.1.3.2.1.2.3.2.2",0.368730835078569,FALSE,TRUE,39
"2.2.2.2.3.2.2.2.1.2.2.2.2.2.1.3.2.1.2.2.3.2",0.377056653949056,FALSE,TRUE,39
"2.2.2.2.3.2.2.2.1.2.2.2.2.2.1.3.2.1.2.2.2.3",0.427613738274427,FALSE,TRUE,39
"1.2.2.2.3.2.2.2.1.2.2.2.2.2.1.3.2.1.2.2.2.2",0.46954595749501,FALSE,TRUE,38
"2.1.2.2.3.2.2.2.1.2.2.2.2.2.1.3.2.1.2.2.2.2",0.44556329393806,FALSE,TRUE,38
"2.2.1.2.3.2.2.2.1.2.2.2.2.2.1.3.2.1.2.2.2.2",0.373306843253091,FALSE,TRUE,38
"2.2.2.1.3.2.2.2.1.2.2.2.2.2.1.3.2.1.2.2.2.2",0.423324125898435,FALSE,TRUE,38
"2.2.2.2.3.1.2.2.1.2.2.2.2.2.1.3.2.1.2.2.2.2",0.422250446621824,FALSE,TRUE,37
"2.2.2.2.3.2.1.2.1.2.2.2.2.2.1.3.2.1.2.2.2.2",0.454938521811689,FALSE,TRUE,38
"2.2.2.2.3.2.2.1.1.2.2.2.2.2.1.3.2.1.2.2.2.2",0.350524090057086,FALSE,TRUE,38
"2.2.2.2.3.2.2.2.1.1.2.2.2.2.1.3.2.1.2.2.2.2",0.431722593599592,FALSE,TRUE,38
"2.2.2.2.3.2.2.2.1.2.1.2.2.2.1.3.2.1.2.2.2.2",0.471968749065051,FALSE,TRUE,38
"2.2.2.2.3.2.2.2.1.2.2.1.2.2.1.3.2.1.2.2.2.2",0.443760269605764,FALSE,TRUE,38
"2.2.2.2.3.2.2.2.1.2.2.2.1.2.1.3.2.1.2.2.2.2",0.550778170562375,FALSE,TRUE,38
"2.2.2.2.3.2.2.2.1.2.2.2.2.1.1.3.2.1.2.2.2.2",0.488525952013039,FALSE,TRUE,38
"2.2.2.2.3.2.2.2.1.2.2.2.2.2.1.2.2.1.2.2.2.2",0.425202257204606,FALSE,TRUE,39
"2.2.2.2.3.2.2.2.1.2.2.2.2.2.1.3.1.1.2.2.2.2",0.383822802912653,FALSE,TRUE,38
"2.2.2.2.3.2.2.2.1.2.2.2.2.2.1.3.2.1.1.2.2.2",0.396279183820544,FALSE,TRUE,36
"2.2.2.2.3.2.2.2.1.2.2.2.2.2.1.3.2.1.2.1.2.2",0.459480909235088,FALSE,TRUE,38
"2.2.2.2.3.2.2.2.1.2.2.2.2.2.1.3.2.1.2.2.1.2",0.457195594137265,FALSE,TRUE,38
"2.2.2.2.3.2.2.2.1.2.2.2.2.2.1.3.2.1.2.2.2.1",0.400960846810864,FALSE,TRUE,38
"3.2.2.2.2.2.2.2.2.2.2.2.1.1.2.2.2.1.2.2.2.2",0.605063231899756,FALSE,TRUE,39
"2.3.2.2.2.2.2.2.2.2.2.2.1.1.2.2.2.1.2.2.2.2",0.611737664370624,FALSE,TRUE,39
"2.2.3.2.2.2.2.2.2.2.2.2.1.1.2.2.2.1.2.2.2.2",0.651621259520126,FALSE,TRUE,37
"2.2.2.3.2.2.2.2.2.2.2.2.1.1.2.2.2.1.2.2.2.2",0.656274750691127,FALSE,TRUE,39
"2.2.2.2.3.2.2.2.2.2.2.2.1.1.2.2.2.1.2.2.2.2",0.621556401289052,FALSE,TRUE,39
"2.2.2.2.2.3.2.2.2.2.2.2.1.1.2.2.2.1.2.2.2.2",0.615380879991272,FALSE,TRUE,39
"2.2.2.2.2.2.3.2.2.2.2.2.1.1.2.2.2.1.2.2.2.2",0.628759431293514,FALSE,TRUE,39
"2.2.2.2.2.2.2.3.2.2.2.2.1.1.2.2.2.1.2.2.2.2",0.662002455877605,FALSE,TRUE,39
"2.2.2.2.2.2.2.2.3.2.2.2.1.1.2.2.2.1.2.2.2.2",0.657909957153838,FALSE,TRUE,38
"2.2.2.2.2.2.2.2.2.3.2.2.1.1.2.2.2.1.2.2.2.2",0.620000471548165,FALSE,TRUE,39
"2.2.2.2.2.2.2.2.2.2.3.2.1.1.2.2.2.1.2.2.2.2",0.595521625914691,FALSE,TRUE,38
"2.2.2.2.2.2.2.2.2.2.2.3.1.1.2.2.2.1.2.2.2.2",0.625230207855346,FALSE,TRUE,39
"2.2.2.2.2.2.2.2.2.2.2.2.1.1.3.2.2.1.2.2.2.2",0.648179553847803,FALSE,TRUE,39
"2.2.2.2.2.2.2.2.2.2.2.2.1.1.2.3.2.1.2.2.2.2",0.63769856889174,FALSE,TRUE,38
"2.2.2.2.2.2.2.2.2.2.2.2.1.1.2.2.3.1.2.2.2.2",0.694555083836224,FALSE,TRUE,39
"2.2.2.2.2.2.2.2.2.2.2.2.1.1.2.2.2.2.2.2.2.2",0.575636577378657,FALSE,TRUE,39
"2.2.2.2.2.2.2.2.2.2.2.2.1.1.2.2.2.1.3.2.2.2",0.651604707460017,FALSE,TRUE,39
"2.2.2.2.2.2.2.2.2.2.2.2.1.1.2.2.2.1.2.3.2.2",0.618932201367453,FALSE,TRUE,39
"2.2.2.2.2.2.2.2.2.2.2.2.1.1.2.2.2.1.2.2.3.2",0.63357995346717,FALSE,TRUE,39
"2.2.2.2.2.2.2.2.2.2.2.2.1.1.2.2.2.1.2.2.2.3",0.633462822108795,FALSE,TRUE,39
"1.2.2.2.2.2.2.2.2.2.2.2.1.1.2.2.2.1.2.2.2.2",0.656129633298423,FALSE,TRUE,38
"2.1.2.2.2.2.2.2.2.2.2.2.1.1.2.2.2.1.2.2.2.2",0.650918715401582,FALSE,TRUE,37
"2.2.1.2.2.2.2.2.2.2.2.2.1.1.2.2.2.1.2.2.2.2",0.616344318610303,FALSE,TRUE,38
"2.2.2.1.2.2.2.2.2.2.2.2.1.1.2.2.2.1.2.2.2.2",0.609633710318087,FALSE,TRUE,37
"2.2.2.2.1.2.2.2.2.2.2.2.1.1.2.2.2.1.2.2.2.2",0.650889274357613,FALSE,TRUE,38
"2.2.2.2.2.1.2.2.2.2.2.2.1.1.2.2.2.1.2.2.2.2",0.64899102294342,FALSE,TRUE,38
"2.2.2.2.2.2.1.2.2.2.2.2.1.1.2.2.2.1.2.2.2.2",0.645053822746127,FALSE,TRUE,38
"2.2.2.2.2.2.2.1.2.2.2.2.1.1.2.2.2.1.2.2.2.2",0.583973581935803,FALSE,TRUE,38
"2.2.2.2.2.2.2.2.1.2.2.2.1.1.2.2.2.1.2.2.2.2",0.615978000905837,FALSE,TRUE,38
"2.2.2.2.2.2.2.2.2.2.1.2.1.1.2.2.2.1.2.2.2.2",0.671047927474972,FALSE,TRUE,38
"2.2.2.2.2.2.2.2.2.2.2.1.1.1.2.2.2.1.2.2.2.2",0.649430160194549,FALSE,TRUE,38
"2.2.2.2.2.2.2.2.2.2.2.2.1.1.1.2.2.1.2.2.2.2",0.62655444320574,FALSE,TRUE,38
"2.2.2.2.2.2.2.2.2.2.2.2.1.1.2.1.2.1.2.2.2.2",0.62939060470074,FALSE,TRUE,38
"2.2.2.2.2.2.2.2.2.2.2.2.1.1.2.2.1.1.2.2.2.2",0.589836639579718,FALSE,TRUE,38
"2.2.2.2.2.2.2.2.2.2.2.2.1.1.2.2.2.1.1.2.2.2",0.600198472677164,FALSE,TRUE,38
"2.2.2.2.2.2.2.2.2.2.2.2.1.1.2.2.2.1.2.1.2.2",0.636452328059379,FALSE,TRUE,38
"2.2.2.2.2.2.2.2.2.2.2.2.1.1.2.2.2.1.2.2.1.2",0.640350475728718,FALSE,TRUE,38
"2.2.2.2.2.2.2.2.2.2.2.2.1.1.2.2.2.1.2.2.2.1",0.622263510681451,FALSE,TRUE,36
"3.2.2.2.3.2.2.2.2.2.2.2.2.2.1.3.3.1.2.2.2.2",0.428323432835282,FALSE,TRUE,39
"2.3.2.2.3.2.2.2.2.2.2.2.2.2.1.3.3.1.2.2.2.2",0.435686498247389,FALSE,TRUE,39
"2.2.3.2.3.2.2.2.2.2.2.2.2.2.1.3.3.1.2.2.2.2",0.52943797262388,FALSE,TRUE,39
"2.2.2.3.3.2.2.2.2.2.2.2.2.2.1.3.3.1.2.2.2.2",0.446188285546165,FALSE,TRUE,39
"2.2.2.2.4.2.2.2.2.2.2.2.2.2.1.3.3.1.2.2.2.2",0.414446394018739,FALSE,TRUE,39
"2.2.2.2.3.3.2.2.2.2.2.2.2.2.1.3.3.1.2.2.2.2",0.462043682513828,FALSE,TRUE,40
"2.2.2.2.3.2.3.2.2.2.2.2.2.2.1.3.3.1.2.2.2.2",0.44027570944871,FALSE,TRUE,39
"2.2.2.2.3.2.2.3.2.2.2.2.2.2.1.3.3.1.2.2.2.2",0.504662521939615,FALSE,TRUE,39
"2.2.2.2.3.2.2.2.3.2.2.2.2.2.1.3.3.1.2.2.2.2",0.496747120455993,FALSE,TRUE,39
"2.2.2.2.3.2.2.2.2.3.2.2.2.2.1.3.3.1.2.2.2.2",0.481335105452681,FALSE,TRUE,39
"2.2.2.2.3.2.2.2.2.2.3.2.2.2.1.3.3.1.2.2.2.2",0.432315948182579,FALSE,TRUE,39
"2.2.2.2.3.2.2.2.2.2.2.3.2.2.1.3.3.1.2.2.2.2",0.450531233964093,FALSE,TRUE,39
"2.2.2.2.3.2.2.2.2.2.2.2.3.2.1.3.3.1.2.2.2.2",0.355401543673088,FALSE,TRUE,39
"2.2.2.2.3.2.2.2.2.2.2.2.2.3.1.3.3.1.2.2.2.2",0.41703770621984,FALSE,TRUE,39
"2.2.2.2.3.2.2.2.2.2.2.2.2.2.2.3.3.1.2.2.2.2",0.461049856631562,FALSE,TRUE,39
"2.2.2.2.3.2.2.2.2.2.2.2.2.2.1.4.3.1.2.2.2.2",0.447866342575333,FALSE,TRUE,39
"2.2.2.2.3.2.2.2.2.2.2.2.2.2.1.3.4.1.2.2.2.2",0.515524309306441,FALSE,TRUE,40
"2.2.2.2.3.2.2.2.2.2.2.2.2.2.1.3.3.2.2.2.2.2",0.419306823325611,FALSE,TRUE,40
"2.2.2.2.3.2.2.2.2.2.2.2.2.2.1.3.3.1.3.2.2.2",0.45185496749998,FALSE,TRUE,39
"2.2.2.2.3.2.2.2.2.2.2.2.2.2.1.3.3.1.2.3.2.2",0.410144533626325,FALSE,TRUE,39
"2.2.2.2.3.2.2.2.2.2.2.2.2.2.1.3.3.1.2.2.3.2",0.436575781756695,FALSE,TRUE,39
"2.2.2.2.3.2.2.2.2.2.2.2.2.2.1.3.3.1.2.2.2.3",0.485923444808276,FALSE,TRUE,39
"1.2.2.2.3.2.2.2.2.2.2.2.2.2.1.3.3.1.2.2.2.2",0.523847063975929,FALSE,TRUE,38
"2.1.2.2.3.2.2.2.2.2.2.2.2.2.1.3.3.1.2.2.2.2",0.516357846382681,FALSE,TRUE,38
"2.2.1.2.3.2.2.2.2.2.2.2.2.2.1.3.3.1.2.2.2.2",0.427075906884637,FALSE,TRUE,38
"2.2.2.1.3.2.2.2.2.2.2.2.2.2.1.3.3.1.2.2.2.2",0.501989675947568,FALSE,TRUE,38
"2.2.2.2.3.2.1.2.2.2.2.2.2.2.1.3.3.1.2.2.2.2",0.522011618332403,FALSE,TRUE,38
"2.2.2.2.3.2.2.1.2.2.2.2.2.2.1.3.3.1.2.2.2.2",0.429776052562646,FALSE,TRUE,38
"2.2.2.2.3.2.2.2.2.1.2.2.2.2.1.3.3.1.2.2.2.2",0.471501803888537,FALSE,TRUE,38
"2.2.2.2.3.2.2.2.2.2.1.2.2.2.1.3.3.1.2.2.2.2",0.522223994088836,FALSE,TRUE,38
"2.2.2.2.3.2.2.2.2.2.2.1.2.2.1.3.3.1.2.2.2.2",0.510866599299684,FALSE,TRUE,38
"2.2.2.2.3.2.2.2.2.2.2.2.1.2.1.3.3.1.2.2.2.2",0.606071030995168,FALSE,TRUE,38
"2.2.2.2.3.2.2.2.2.2.2.2.2.1.1.3.3.1.2.2.2.2",0.548121579797683,FALSE,TRUE,38
"2.2.2.2.3.2.2.2.2.2.2.2.2.2.1.2.3.1.2.2.2.2",0.509551715350287,FALSE,TRUE,39
"2.2.2.2.3.2.2.2.2.2.2.2.2.2.1.3.3.1.1.2.2.2",0.48607734636759,FALSE,TRUE,38
"2.2.2.2.3.2.2.2.2.2.2.2.2.2.1.3.3.1.2.1.2.2",0.535871020229543,FALSE,TRUE,38
"2.2.2.2.3.2.2.2.2.2.2.2.2.2.1.3.3.1.2.2.1.2",0.520838023316357,FALSE,TRUE,38
"2.2.2.2.3.2.2.2.2.2.2.2.2.2.1.3.3.1.2.2.2.1",0.460489812046201,FALSE,TRUE,38
"3.2.2.2.2.2.2.2.1.2.1.2.2.2.2.3.2.1.1.2.2.2",0.428678751282893,FALSE,TRUE,38
"2.3.2.2.2.2.2.2.1.2.1.2.2.2.2.3.2.1.1.2.2.2",0.45546759476717,FALSE,TRUE,38
"2.2.3.2.2.2.2.2.1.2.1.2.2.2.2.3.2.1.1.2.2.2",0.483703286028757,FALSE,TRUE,38
"2.2.2.3.2.2.2.2.1.2.1.2.2.2.2.3.2.1.1.2.2.2",0.475879926339814,FALSE,TRUE,38
"2.2.2.2.3.2.2.2.1.2.1.2.2.2.2.3.2.1.1.2.2.2",0.418667301959516,FALSE,TRUE,38
"2.2.2.2.2.3.2.2.1.2.1.2.2.2.2.3.2.1.1.2.2.2",0.457147419476288,FALSE,TRUE,38
"2.2.2.2.2.2.3.2.1.2.1.2.2.2.2.3.2.1.1.2.2.2",0.427159410205207,FALSE,TRUE,38
"2.2.2.2.2.2.2.3.1.2.1.2.2.2.2.3.2.1.1.2.2.2",0.545364011267808,FALSE,TRUE,38
"2.2.2.2.2.2.2.2.2.2.1.2.2.2.2.3.2.1.1.2.2.2",0.497089964775681,FALSE,TRUE,38
"2.2.2.2.2.2.2.2.1.3.1.2.2.2.2.3.2.1.1.2.2.2",0.469948198232583,FALSE,TRUE,38
"2.2.2.2.2.2.2.2.1.2.1.3.2.2.2.3.2.1.1.2.2.2",0.465176279737373,FALSE,TRUE,38
"2.2.2.2.2.2.2.2.1.2.1.2.3.2.2.3.2.1.1.2.2.2",0.34364419621682,FALSE,TRUE,38
"2.2.2.2.2.2.2.2.1.2.1.2.2.3.2.3.2.1.1.2.2.2",0.398008990807524,FALSE,TRUE,38
"2.2.2.2.2.2.2.2.1.2.1.2.2.2.3.3.2.1.1.2.2.2",0.460792524087526,FALSE,TRUE,38
"2.2.2.2.2.2.2.2.1.2.1.2.2.2.2.4.2.1.1.2.2.2",0.492271119775107,FALSE,TRUE,38
"2.2.2.2.2.2.2.2.1.2.1.2.2.2.2.3.3.1.1.2.2.2",0.540889612298768,FALSE,TRUE,38
"2.2.2.2.2.2.2.2.1.2.1.2.2.2.2.3.2.2.1.2.2.2",0.434447309714141,FALSE,TRUE,39
"2.2.2.2.2.2.2.2.1.2.1.2.2.2.2.3.2.1.1.3.2.2",0.440494465519296,FALSE,TRUE,38
"2.2.2.2.2.2.2.2.1.2.1.2.2.2.2.3.2.1.1.2.3.2",0.421556760107245,FALSE,TRUE,38
"2.2.2.2.2.2.2.2.1.2.1.2.2.2.2.3.2.1.1.2.2.3",0.471319016640652,FALSE,TRUE,38
"1.2.2.2.2.2.2.2.1.2.1.2.2.2.2.3.2.1.1.2.2.2",0.491460904111854,FALSE,TRUE,37
"2.1.2.2.2.2.2.2.1.2.1.2.2.2.2.3.2.1.1.2.2.2",0.469657970987953,FALSE,TRUE,37
"2.2.1.2.2.2.2.2.1.2.1.2.2.2.2.3.2.1.1.2.2.2",0.445865339921991,FALSE,TRUE,37
"2.2.2.1.2.2.2.2.1.2.1.2.2.2.2.3.2.1.1.2.2.2",0.44681713723546,FALSE,TRUE,37
"2.2.2.2.1.2.2.2.1.2.1.2.2.2.2.3.2.1.1.2.2.2",0.507939405354708,FALSE,TRUE,37
"2.2.2.2.2.1.2.2.1.2.1.2.2.2.2.3.2.1.1.2.2.2",0.46992854787365,FALSE,TRUE,37
"2.2.2.2.2.2.1.2.1.2.1.2.2.2.2.3.2.1.1.2.2.2",0.507502590472972,FALSE,TRUE,37
"2.2.2.2.2.2.2.1.1.2.1.2.2.2.2.3.2.1.1.2.2.2",0.371628352410837,FALSE,TRUE,37
"2.2.2.2.2.2.2.2.1.1.1.2.2.2.2.3.2.1.1.2.2.2",0.46095818081424,FALSE,TRUE,37
"2.2.2.2.2.2.2.2.1.2.1.1.2.2.2.3.2.1.1.2.2.2",0.465907928636067,FALSE,TRUE,37
"2.2.2.2.2.2.2.2.1.2.1.2.1.2.2.3.2.1.1.2.2.2",0.588761857902038,FALSE,TRUE,37
"2.2.2.2.2.2.2.2.1.2.1.2.2.1.2.3.2.1.1.2.2.2",0.540507349463589,FALSE,TRUE,37
"2.2.2.2.2.2.2.2.1.2.1.2.2.2.1.3.2.1.1.2.2.2",0.468271856747004,FALSE,TRUE,37
"2.2.2.2.2.2.2.2.1.2.1.2.2.2.2.2.2.1.1.2.2.2",0.437688295527042,FALSE,TRUE,38
"2.2.2.2.2.2.2.2.1.2.1.2.2.2.2.3.1.1.1.2.2.2",0.400261559215056,FALSE,TRUE,37
"2.2.2.2.2.2.2.2.1.2.1.2.2.2.2.3.2.1.1.1.2.2",0.479168960849671,FALSE,TRUE,37
"2.2.2.2.2.2.2.2.1.2.1.2.2.2.2.3.2.1.1.2.1.2",0.509014780277394,FALSE,TRUE,37
"2.2.2.2.2.2.2.2.1.2.1.2.2.2.2.3.2.1.1.2.2.1",0.450795704509278,FALSE,TRUE,37
"3.2.2.1.2.2.2.2.2.2.2.2.2.2.2.2.2.1.3.2.2.2",0.523643887510624,FALSE,TRUE,40
"2.3.2.1.2.2.2.2.2.2.2.2.2.2.2.2.2.1.3.2.2.2",0.517363469815702,FALSE,TRUE,40
"2.2.3.1.2.2.2.2.2.2.2.2.2.2.2.2.2.1.3.2.2.2",0.560892022083686,FALSE,TRUE,40
"2.2.2.1.3.2.2.2.2.2.2.2.2.2.2.2.2.1.3.2.2.2",0.50272678610406,FALSE,TRUE,40
"2.2.2.1.2.3.2.2.2.2.2.2.2.2.2.2.2.1.3.2.2.2",0.517016895909842,FALSE,TRUE,40
"2.2.2.1.2.2.3.2.2.2.2.2.2.2.2.2.2.1.3.2.2.2",0.538274822945654,FALSE,TRUE,40
"2.2.2.1.2.2.2.2.3.2.2.2.2.2.2.2.2.1.3.2.2.2",0.591447732833553,FALSE,TRUE,39
"2.2.2.1.2.2.2.2.2.3.2.2.2.2.2.2.2.1.3.2.2.2",0.48879115557303,FALSE,TRUE,40
"2.2.2.1.2.2.2.2.2.2.3.2.2.2.2.2.2.1.3.2.2.2",0.478538507245869,FALSE,TRUE,39
"2.2.2.1.2.2.2.2.2.2.2.3.2.2.2.2.2.1.3.2.2.2",0.519629750288224,FALSE,TRUE,40
"2.2.2.1.2.2.2.2.2.2.2.2.3.2.2.2.2.1.3.2.2.2",0.458729474420089,FALSE,TRUE,40
"2.2.2.1.2.2.2.2.2.2.2.2.2.3.2.2.2.1.3.2.2.2",0.529633698723351,FALSE,TRUE,40
"2.2.2.1.2.2.2.2.2.2.2.2.2.2.3.2.2.1.3.2.2.2",0.529793070161432,FALSE,TRUE,40
"2.2.2.1.2.2.2.2.2.2.2.2.2.2.2.3.2.1.3.2.2.2",0.490208467282263,FALSE,TRUE,39
"2.2.2.1.2.2.2.2.2.2.2.2.2.2.2.2.3.1.3.2.2.2",0.568679836056851,FALSE,TRUE,40
"2.2.2.1.2.2.2.2.2.2.2.2.2.2.2.2.2.2.3.2.2.2",0.488129245713942,FALSE,TRUE,40
"2.2.2.1.2.2.2.2.2.2.2.2.2.2.2.2.2.1.4.2.2.2",0.558503960841221,FALSE,TRUE,41
"2.2.2.1.2.2.2.2.2.2.2.2.2.2.2.2.2.1.3.3.2.2",0.525657709494178,FALSE,TRUE,39
"2.2.2.1.2.2.2.2.2.2.2.2.2.2.2.2.2.1.3.2.3.2",0.530648391447237,FALSE,TRUE,40
"2.2.2.1.2.2.2.2.2.2.2.2.2.2.2.2.2.1.3.2.2.3",0.524397442274767,FALSE,TRUE,40
"1.2.2.1.2.2.2.2.2.2.2.2.2.2.2.2.2.1.3.2.2.2",0.549350038385224,FALSE,TRUE,39
"2.1.2.1.2.2.2.2.2.2.2.2.2.2.2.2.2.1.3.2.2.2",0.562566496156265,FALSE,TRUE,38
"2.2.1.1.2.2.2.2.2.2.2.2.2.2.2.2.2.1.3.2.2.2",0.525665826083964,FALSE,TRUE,39
"2.2.2.1.1.2.2.2.2.2.2.2.2.2.2.2.2.1.3.2.2.2",0.580240737898207,FALSE,TRUE,39
"2.2.2.1.2.1.2.2.2.2.2.2.2.2.2.2.2.1.3.2.2.2",0.564666622506298,FALSE,TRUE,39
"2.2.2.1.2.2.1.2.2.2.2.2.2.2.2.2.2.1.3.2.2.2",0.550321987448694,FALSE,TRUE,39
"2.2.2.1.2.2.2.1.2.2.2.2.2.2.2.2.2.1.3.2.2.2",0.477808903015029,FALSE,TRUE,39
"2.2.2.1.2.2.2.2.1.2.2.2.2.2.2.2.2.1.3.2.2.2",0.492651101112099,FALSE,TRUE,39
"2.2.2.1.2.2.2.2.2.1.2.2.2.2.2.2.2.1.3.2.2.2",0.5855973215357,FALSE,TRUE,39
"2.2.2.1.2.2.2.2.2.2.1.2.2.2.2.2.2.1.3.2.2.2",0.604087612379326,FALSE,TRUE,39
"2.2.2.1.2.2.2.2.2.2.2.1.2.2.2.2.2.1.3.2.2.2",0.567942756267773,FALSE,TRUE,39
"2.2.2.1.2.2.2.2.2.2.2.2.1.2.2.2.2.1.3.2.2.2",0.626311813187392,FALSE,TRUE,38
"2.2.2.1.2.2.2.2.2.2.2.2.2.1.2.2.2.1.3.2.2.2",0.557767127796615,FALSE,TRUE,39
"2.2.2.1.2.2.2.2.2.2.2.2.2.2.1.2.2.1.3.2.2.2",0.555921864475529,FALSE,TRUE,39
"2.2.2.1.2.2.2.2.2.2.2.2.2.2.2.1.2.1.3.2.2.2",0.581566767217306,FALSE,TRUE,38
"2.2.2.1.2.2.2.2.2.2.2.2.2.2.2.2.1.1.3.2.2.2",0.522027900746815,FALSE,TRUE,39
"2.2.2.1.2.2.2.2.2.2.2.2.2.2.2.2.2.1.3.1.2.2",0.548900839461492,FALSE,TRUE,39
"2.2.2.1.2.2.2.2.2.2.2.2.2.2.2.2.2.1.3.2.1.2",0.553367941293509,FALSE,TRUE,39
"2.2.2.1.2.2.2.2.2.2.2.2.2.2.2.2.2.1.3.2.2.1",0.548713766133632,FALSE,TRUE,38
"3.2.2.1.2.1.2.2.2.2.2.2.2.2.2.2.2.1.2.2.2.2",0.474807103241474,FALSE,TRUE,39
"2.3.2.1.2.1.2.2.2.2.2.2.2.2.2.2.2.1.2.2.2.2",0.50369827639737,FALSE,TRUE,39
"2.2.3.1.2.1.2.2.2.2.2.2.2.2.2.2.2.1.2.2.2.2",0.516828982577881,FALSE,TRUE,39
"2.2.2.1.3.1.2.2.2.2.2.2.2.2.2.2.2.1.2.2.2.2",0.461430564990814,FALSE,TRUE,39
"2.2.2.1.2.1.3.2.2.2.2.2.2.2.2.2.2.1.2.2.2.2",0.488010751341326,FALSE,TRUE,39
"2.2.2.1.2.1.2.2.3.2.2.2.2.2.2.2.2.1.2.2.2.2",0.561640107313853,FALSE,TRUE,38
"2.2.2.1.2.1.2.2.2.3.2.2.2.2.2.2.2.1.2.2.2.2",0.467149660467509,FALSE,TRUE,37
"2.2.2.1.2.1.2.2.2.2.3.2.2.2.2.2.2.1.2.2.2.2",0.458530873577327,FALSE,TRUE,38
"2.2.2.1.2.1.2.2.2.2.2.3.2.2.2.2.2.1.2.2.2.2",0.497177685193412,FALSE,TRUE,39
"2.2.2.1.2.1.2.2.2.2.2.2.3.2.2.2.2.1.2.2.2.2",0.412657083019996,FALSE,TRUE,39
"2.2.2.1.2.1.2.2.2.2.2.2.2.3.2.2.2.1.2.2.2.2",0.468467079565939,FALSE,TRUE,39
"2.2.2.1.2.1.2.2.2.2.2.2.2.2.3.2.2.1.2.2.2.2",0.503873523457529,FALSE,TRUE,39
"2.2.2.1.2.1.2.2.2.2.2.2.2.2.2.3.2.1.2.2.2.2",0.517041520833643,FALSE,TRUE,38
"2.2.2.1.2.1.2.2.2.2.2.2.2.2.2.2.3.1.2.2.2.2",0.550529404284109,FALSE,TRUE,37
"2.2.2.1.2.1.2.2.2.2.2.2.2.2.2.2.2.2.2.2.2.2",0.475531896737451,FALSE,TRUE,38
"2.2.2.1.2.1.2.2.2.2.2.2.2.2.2.2.2.1.2.3.2.2",0.485927702859068,FALSE,TRUE,38
"2.2.2.1.2.1.2.2.2.2.2.2.2.2.2.2.2.1.2.2.3.2",0.480401362041278,FALSE,TRUE,39
"2.2.2.1.2.1.2.2.2.2.2.2.2.2.2.2.2.1.2.2.2.3",0.496772194621326,FALSE,TRUE,39
"1.2.2.1.2.1.2.2.2.2.2.2.2.2.2.2.2.1.2.2.2.2",0.516007438842527,FALSE,TRUE,38
"2.1.2.1.2.1.2.2.2.2.2.2.2.2.2.2.2.1.2.2.2.2",0.492880724697887,FALSE,TRUE,37
"2.2.1.1.2.1.2.2.2.2.2.2.2.2.2.2.2.1.2.2.2.2",0.48763210584465,FALSE,TRUE,38
"2.2.2.1.1.1.2.2.2.2.2.2.2.2.2.2.2.1.2.2.2.2",0.542557092259648,FALSE,TRUE,38
"2.2.2.1.2.1.1.2.2.2.2.2.2.2.2.2.2.1.2.2.2.2",0.523714934989033,FALSE,TRUE,38
"2.2.2.1.2.1.2.1.2.2.2.2.2.2.2.2.2.1.2.2.2.2",0.416123530608132,FALSE,TRUE,38
"2.2.2.1.2.1.2.2.1.2.2.2.2.2.2.2.2.1.2.2.2.2",0.444565035050066,FALSE,TRUE,38
"2.2.2.1.2.1.2.2.2.1.2.2.2.2.2.2.2.1.2.2.2.2",0.530410810936285,FALSE,TRUE,38
"2.2.2.1.2.1.2.2.2.2.1.2.2.2.2.2.2.1.2.2.2.2",0.54686309911442,FALSE,TRUE,38
"2.2.2.1.2.1.2.2.2.2.2.1.2.2.2.2.2.1.2.2.2.2",0.506403926034224,FALSE,TRUE,38
"2.2.2.1.2.1.2.2.2.2.2.2.1.2.2.2.2.1.2.2.2.2",0.591439957301283,FALSE,TRUE,37
"2.2.2.1.2.1.2.2.2.2.2.2.2.1.2.2.2.1.2.2.2.2",0.543851180017132,FALSE,TRUE,38
"2.2.2.1.2.1.2.2.2.2.2.2.2.2.1.2.2.1.2.2.2.2",0.503071419888774,FALSE,TRUE,38
"2.2.2.1.2.1.2.2.2.2.2.2.2.2.2.2.1.1.2.2.2.2",0.459610610919736,FALSE,TRUE,38
"2.2.2.1.2.1.2.2.2.2.2.2.2.2.2.2.2.1.2.1.2.2",0.503728644747108,FALSE,TRUE,38
"2.2.2.1.2.1.2.2.2.2.2.2.2.2.2.2.2.1.2.2.1.2",0.521876892429322,FALSE,TRUE,38
"2.2.2.1.2.1.2.2.2.2.2.2.2.2.2.2.2.1.2.2.2.1",0.493648192238276,FALSE,TRUE,37
"3.2.2.1.2.2.2.3.2.2.2.2.2.1.2.1.2.1.2.2.2.2",0.563731440000147,FALSE,TRUE,38
"2.3.2.1.2.2.2.3.2.2.2.2.2.1.2.1.2.1.2.2.2.2",0.562115410115214,FALSE,TRUE,38
"2.2.3.1.2.2.2.3.2.2.2.2.2.1.2.1.2.1.2.2.2.2",0.57727277837608,FALSE,TRUE,38
"2.2.2.2.2.2.2.3.2.2.2.2.2.1.2.1.2.1.2.2.2.2",0.605104514661482,FALSE,TRUE,39
"2.2.2.1.3.2.2.3.2.2.2.2.2.1.2.1.2.1.2.2.2.2",0.56021806800594,FALSE,TRUE,38
"2.2.2.1.2.3.2.3.2.2.2.2.2.1.2.1.2.1.2.2.2.2",0.567871205372365,FALSE,TRUE,38
"2.2.2.1.2.2.3.3.2.2.2.2.2.1.2.1.2.1.2.2.2.2",0.565544502762152,FALSE,TRUE,38
"2.2.2.1.2.2.2.4.2.2.2.2.2.1.2.1.2.1.2.2.2.2",0.606815971028985,FALSE,TRUE,38
"2.2.2.1.2.2.2.3.3.2.2.2.2.1.2.1.2.1.2.2.2.2",0.609715397850474,FALSE,TRUE,38
"2.2.2.1.2.2.2.3.2.3.2.2.2.1.2.1.2.1.2.2.2.2",0.530872368149191,FALSE,TRUE,38
"2.2.2.1.2.2.2.3.2.2.3.2.2.1.2.1.2.1.2.2.2.2",0.523236146305684,FALSE,TRUE,38
"2.2.2.1.2.2.2.3.2.2.2.3.2.1.2.1.2.1.2.2.2.2",0.578958038861338,FALSE,TRUE,38
"2.2.2.1.2.2.2.3.2.2.2.2.3.1.2.1.2.1.2.2.2.2",0.510850385218514,FALSE,TRUE,38
"2.2.2.1.2.2.2.3.2.2.2.2.2.1.3.1.2.1.2.2.2.2",0.59665205958546,FALSE,TRUE,38
"2.2.2.1.2.2.2.3.2.2.2.2.2.1.2.1.3.1.2.2.2.2",0.630001018082674,FALSE,TRUE,37
"2.2.2.1.2.2.2.3.2.2.2.2.2.1.2.1.2.2.2.2.2.2",0.522142309477253,FALSE,TRUE,39
"2.2.2.1.2.2.2.3.2.2.2.2.2.1.2.1.2.1.3.2.2.2",0.641198823074896,FALSE,TRUE,38
"2.2.2.1.2.2.2.3.2.2.2.2.2.1.2.1.2.1.2.3.2.2",0.56103013190739,FALSE,TRUE,37
"2.2.2.1.2.2.2.3.2.2.2.2.2.1.2.1.2.1.2.2.3.2",0.581162101946712,FALSE,TRUE,38
"2.2.2.1.2.2.2.3.2.2.2.2.2.1.2.1.2.1.2.2.2.3",0.543111359996344,FALSE,TRUE,38
"1.2.2.1.2.2.2.3.2.2.2.2.2.1.2.1.2.1.2.2.2.2",0.572939798489868,FALSE,TRUE,37
"2.1.2.1.2.2.2.3.2.2.2.2.2.1.2.1.2.1.2.2.2.2",0.573984324191931,FALSE,TRUE,37
"2.2.1.1.2.2.2.3.2.2.2.2.2.1.2.1.2.1.2.2.2.2",0.567296848168305,FALSE,TRUE,37
"2.2.2.1.1.2.2.3.2.2.2.2.2.1.2.1.2.1.2.2.2.2",0.595221710098343,FALSE,TRUE,37
"2.2.2.1.2.2.1.3.2.2.2.2.2.1.2.1.2.1.2.2.2.2",0.588698434752129,FALSE,TRUE,37
"2.2.2.1.2.2.2.2.2.2.2.2.2.1.2.1.2.1.2.2.2.2",0.521772147665426,FALSE,TRUE,37
"2.2.2.1.2.2.2.3.1.2.2.2.2.1.2.1.2.1.2.2.2.2",0.538175733954297,FALSE,TRUE,37
"2.2.2.1.2.2.2.3.2.1.2.2.2.1.2.1.2.1.2.2.2.2",0.60765168733145,FALSE,TRUE,37
"2.2.2.1.2.2.2.3.2.2.1.2.2.1.2.1.2.1.2.2.2.2",0.621915418512091,FALSE,TRUE,37
"2.2.2.1.2.2.2.3.2.2.2.1.2.1.2.1.2.1.2.2.2.2",0.569855057553997,FALSE,TRUE,37
"2.2.2.1.2.2.2.3.2.2.2.2.1.1.2.1.2.1.2.2.2.2",0.633227546690242,FALSE,TRUE,37
"2.2.2.1.2.2.2.3.2.2.2.2.2.1.1.1.2.1.2.2.2.2",0.560050404424535,FALSE,TRUE,37
"2.2.2.1.2.2.2.3.2.2.2.2.2.1.2.1.1.1.2.2.2.2",0.528595513568775,FALSE,TRUE,37
"2.2.2.1.2.2.2.3.2.2.2.2.2.1.2.1.2.1.1.2.2.2",0.487751196535653,FALSE,TRUE,37
"2.2.2.1.2.2.2.3.2.2.2.2.2.1.2.1.2.1.2.1.2.2",0.57128070275354,FALSE,TRUE,37
"2.2.2.1.2.2.2.3.2.2.2.2.2.1.2.1.2.1.2.2.1.2",0.568956775848222,FALSE,TRUE,37
"2.2.2.1.2.2.2.3.2.2.2.2.2.1.2.1.2.1.2.2.2.1",0.587969182025763,FALSE,TRUE,37
"3.3.2.2.2.2.2.2.2.2.2.2.2.2.2.1.2.2.2.2.2.2",0.434352755074462,FALSE,TRUE,40
"2.4.2.2.2.2.2.2.2.2.2.2.2.2.2.1.2.2.2.2.2.2",0.483700371782576,FALSE,TRUE,40
"2.3.3.2.2.2.2.2.2.2.2.2.2.2.2.1.2.2.2.2.2.2",0.524227564949776,FALSE,TRUE,40
"2.3.2.3.2.2.2.2.2.2.2.2.2.2.2.1.2.2.2.2.2.2",0.477515203291667,FALSE,TRUE,40
"2.3.2.2.3.2.2.2.2.2.2.2.2.2.2.1.2.2.2.2.2.2",0.45634630996149,FALSE,TRUE,40
"2.3.2.2.2.3.2.2.2.2.2.2.2.2.2.1.2.2.2.2.2.2",0.466209786188499,FALSE,TRUE,40
"2.3.2.2.2.2.3.2.2.2.2.2.2.2.2.1.2.2.2.2.2.2",0.49558089146438,FALSE,TRUE,41
"2.3.2.2.2.2.2.3.2.2.2.2.2.2.2.1.2.2.2.2.2.2",0.503347620409123,FALSE,TRUE,40
"2.3.2.2.2.2.2.2.3.2.2.2.2.2.2.1.2.2.2.2.2.2",0.517608740434018,FALSE,TRUE,40
"2.3.2.2.2.2.2.2.2.3.2.2.2.2.2.1.2.2.2.2.2.2",0.421523035630895,FALSE,TRUE,39
"2.3.2.2.2.2.2.2.2.2.3.2.2.2.2.1.2.2.2.2.2.2",0.425782888042872,FALSE,TRUE,40
"2.3.2.2.2.2.2.2.2.2.2.3.2.2.2.1.2.2.2.2.2.2",0.476695205633149,FALSE,TRUE,40
"2.3.2.2.2.2.2.2.2.2.2.2.3.2.2.1.2.2.2.2.2.2",0.403864072732137,FALSE,TRUE,40
"2.3.2.2.2.2.2.2.2.2.2.2.2.3.2.1.2.2.2.2.2.2",0.464283397360135,FALSE,TRUE,40
"2.3.2.2.2.2.2.2.2.2.2.2.2.2.3.1.2.2.2.2.2.2",0.50224466135287,FALSE,TRUE,40
"2.3.2.2.2.2.2.2.2.2.2.2.2.2.2.1.3.2.2.2.2.2",0.513497941212451,FALSE,TRUE,39
"2.3.2.2.2.2.2.2.2.2.2.2.2.2.2.1.2.3.2.2.2.2",0.416965047368628,FALSE,TRUE,40
"2.3.2.2.2.2.2.2.2.2.2.2.2.2.2.1.2.2.3.2.2.2",0.537483246162397,FALSE,TRUE,40
"2.3.2.2.2.2.2.2.2.2.2.2.2.2.2.1.2.2.2.3.2.2",0.443358532027404,FALSE,TRUE,40
"2.3.2.2.2.2.2.2.2.2.2.2.2.2.2.1.2.2.2.2.3.2",0.466827021929343,FALSE,TRUE,40
"2.3.2.2.2.2.2.2.2.2.2.2.2.2.2.1.2.2.2.2.2.3",0.46574498968584,FALSE,TRUE,40
"1.3.2.2.2.2.2.2.2.2.2.2.2.2.2.1.2.2.2.2.2.2",0.515711253671827,FALSE,TRUE,39
"2.3.1.2.2.2.2.2.2.2.2.2.2.2.2.1.2.2.2.2.2.2",0.436757498924585,FALSE,TRUE,39
"2.3.2.1.2.2.2.2.2.2.2.2.2.2.2.1.2.2.2.2.2.2",0.475743861364074,FALSE,TRUE,39
"2.3.2.2.1.2.2.2.2.2.2.2.2.2.2.1.2.2.2.2.2.2",0.504357025000039,FALSE,TRUE,39
"2.3.2.2.2.1.2.2.2.2.2.2.2.2.2.1.2.2.2.2.2.2",0.490834523568683,FALSE,TRUE,39
"2.3.2.2.2.2.2.1.2.2.2.2.2.2.2.1.2.2.2.2.2.2",0.433276795916351,FALSE,TRUE,39
"2.3.2.2.2.2.2.2.1.2.2.2.2.2.2.1.2.2.2.2.2.2",0.438990879568564,FALSE,TRUE,39
"2.3.2.2.2.2.2.2.2.1.2.2.2.2.2.1.2.2.2.2.2.2",0.523878184970007,FALSE,TRUE,39
"2.3.2.2.2.2.2.2.2.2.1.2.2.2.2.1.2.2.2.2.2.2",0.535240666240085,FALSE,TRUE,39
"2.3.2.2.2.2.2.2.2.2.2.1.2.2.2.1.2.2.2.2.2.2",0.479576740990565,FALSE,TRUE,39
"2.3.2.2.2.2.2.2.2.2.2.2.1.2.2.1.2.2.2.2.2.2",0.558698447839611,FALSE,TRUE,39
"2.3.2.2.2.2.2.2.2.2.2.2.2.1.2.1.2.2.2.2.2.2",0.49794666122659,FALSE,TRUE,39
"2.3.2.2.2.2.2.2.2.2.2.2.2.2.1.1.2.2.2.2.2.2",0.459657858564907,FALSE,TRUE,39
"2.3.2.2.2.2.2.2.2.2.2.2.2.2.2.1.1.2.2.2.2.2",0.444858767092802,FALSE,TRUE,39
"2.3.2.2.2.2.2.2.2.2.2.2.2.2.2.1.2.1.2.2.2.2",0.534805369866714,FALSE,TRUE,38
"2.3.2.2.2.2.2.2.2.2.2.2.2.2.2.1.2.2.1.2.2.2",0.395677695017005,FALSE,TRUE,39
"2.3.2.2.2.2.2.2.2.2.2.2.2.2.2.1.2.2.2.1.2.2",0.502779751445337,FALSE,TRUE,39
"2.3.2.2.2.2.2.2.2.2.2.2.2.2.2.1.2.2.2.2.1.2",0.491543510673631,FALSE,TRUE,39
"2.3.2.2.2.2.2.2.2.2.2.2.2.2.2.1.2.2.2.2.2.1",0.476663999921663,FALSE,TRUE,39
"3.3.2.2.2.2.1.2.2.2.2.2.2.2.2.1.2.2.2.2.2.2",0.412131455101622,FALSE,TRUE,40
"2.4.2.2.2.2.1.2.2.2.2.2.2.2.2.1.2.2.2.2.2.2",0.469037656073705,FALSE,TRUE,40
"2.3.3.2.2.2.1.2.2.2.2.2.2.2.2.1.2.2.2.2.2.2",0.509878483806362,FALSE,TRUE,40
"2.3.2.3.2.2.1.2.2.2.2.2.2.2.2.1.2.2.2.2.2.2",0.467397267011681,FALSE,TRUE,40
"2.3.2.2.3.2.1.2.2.2.2.2.2.2.2.1.2.2.2.2.2.2",0.448997862144942,FALSE,TRUE,40
"2.3.2.2.2.3.1.2.2.2.2.2.2.2.2.1.2.2.2.2.2.2",0.454604204393806,FALSE,TRUE,40
"2.3.2.2.2.2.1.3.2.2.2.2.2.2.2.1.2.2.2.2.2.2",0.4931557805472,FALSE,TRUE,40
"2.3.2.2.2.2.1.2.3.2.2.2.2.2.2.1.2.2.2.2.2.2",0.510506781235134,FALSE,TRUE,40
"2.3.2.2.2.2.1.2.2.3.2.2.2.2.2.1.2.2.2.2.2.2",0.397822507547993,FALSE,TRUE,40
"2.3.2.2.2.2.1.2.2.2.3.2.2.2.2.1.2.2.2.2.2.2",0.39655453096569,FALSE,TRUE,40
"2.3.2.2.2.2.1.2.2.2.2.3.2.2.2.1.2.2.2.2.2.2",0.460417001493667,FALSE,TRUE,40
"2.3.2.2.2.2.1.2.2.2.2.2.3.2.2.1.2.2.2.2.2.2",0.389070514848594,FALSE,TRUE,40
"2.3.2.2.2.2.1.2.2.2.2.2.2.3.2.1.2.2.2.2.2.2",0.450688769631841,FALSE,TRUE,40
"2.3.2.2.2.2.1.2.2.2.2.2.2.2.3.1.2.2.2.2.2.2",0.48603221026276,FALSE,TRUE,40
"2.3.2.2.2.2.1.2.2.2.2.2.2.2.2.1.3.2.2.2.2.2",0.507433672861954,FALSE,TRUE,40
"2.3.2.2.2.2.1.2.2.2.2.2.2.2.2.1.2.3.2.2.2.2",0.379967773773862,FALSE,TRUE,40
"2.3.2.2.2.2.1.2.2.2.2.2.2.2.2.1.2.2.3.2.2.2",0.516340362266085,FALSE,TRUE,40
"2.3.2.2.2.2.1.2.2.2.2.2.2.2.2.1.2.2.2.3.2.2",0.432605789036784,FALSE,TRUE,40
"2.3.2.2.2.2.1.2.2.2.2.2.2.2.2.1.2.2.2.2.3.2",0.458192890391535,FALSE,TRUE,40
"2.3.2.2.2.2.1.2.2.2.2.2.2.2.2.1.2.2.2.2.2.3",0.461020552100216,FALSE,TRUE,40
"1.3.2.2.2.2.1.2.2.2.2.2.2.2.2.1.2.2.2.2.2.2",0.513209846606077,FALSE,TRUE,39
"2.2.2.2.2.2.1.2.2.2.2.2.2.2.2.1.2.2.2.2.2.2",0.459804599327883,FALSE,TRUE,39
"2.3.1.2.2.2.1.2.2.2.2.2.2.2.2.1.2.2.2.2.2.2",0.422182294277719,FALSE,TRUE,39
"2.3.2.1.2.2.1.2.2.2.2.2.2.2.2.1.2.2.2.2.2.2",0.458235988879101,FALSE,TRUE,39
"2.3.2.2.1.2.1.2.2.2.2.2.2.2.2.1.2.2.2.2.2.2",0.484151687393928,FALSE,TRUE,39
"2.3.2.2.2.1.1.2.2.2.2.2.2.2.2.1.2.2.2.2.2.2",0.476566160238881,FALSE,TRUE,39
"2.3.2.2.2.2.1.1.2.2.2.2.2.2.2.1.2.2.2.2.2.2",0.41481474461226,FALSE,TRUE,39
"2.3.2.2.2.2.1.2.1.2.2.2.2.2.2.1.2.2.2.2.2.2",0.418016146400127,FALSE,TRUE,39
"2.3.2.2.2.2.1.2.2.1.2.2.2.2.2.1.2.2.2.2.2.2",0.522877953795867,FALSE,TRUE,39
"2.3.2.2.2.2.1.2.2.2.1.2.2.2.2.1.2.2.2.2.2.2",0.535031638388287,FALSE,TRUE,39
"2.3.2.2.2.2.1.2.2.2.2.1.2.2.2.1.2.2.2.2.2.2",0.468666756129199,FALSE,TRUE,39
"2.3.2.2.2.2.1.2.2.2.2.2.1.2.2.1.2.2.2.2.2.2",0.544954406966742,FALSE,TRUE,39
"2.3.2.2.2.2.1.2.2.2.2.2.2.1.2.1.2.2.2.2.2.2",0.483945867672188,FALSE,TRUE,39
"2.3.2.2.2.2.1.2.2.2.2.2.2.2.1.1.2.2.2.2.2.2",0.44856131831895,FALSE,TRUE,39
"2.3.2.2.2.2.1.2.2.2.2.2.2.2.2.1.1.2.2.2.2.2",0.428953074466345,FALSE,TRUE,39
"2.3.2.2.2.2.1.2.2.2.2.2.2.2.2.1.2.1.2.2.2.2",0.54195942847296,FALSE,TRUE,39
"2.3.2.2.2.2.1.2.2.2.2.2.2.2.2.1.2.2.1.2.2.2",0.392553814399404,FALSE,TRUE,39
"2.3.2.2.2.2.1.2.2.2.2.2.2.2.2.1.2.2.2.1.2.2",0.487899776600316,FALSE,TRUE,39
"2.3.2.2.2.2.1.2.2.2.2.2.2.2.2.1.2.2.2.2.1.2",0.474364297875351,FALSE,TRUE,39
"2.3.2.2.2.2.1.2.2.2.2.2.2.2.2.1.2.2.2.2.2.1",0.453231974963635,FALSE,TRUE,39
"3.2.2.2.2.2.2.2.3.2.2.2.2.2.2.2.2.1.2.2.2.2",0.537026417358497,FALSE,TRUE,39
"2.3.2.2.2.2.2.2.3.2.2.2.2.2.2.2.2.1.2.2.2.2",0.541351456356616,FALSE,TRUE,39
"2.2.3.2.2.2.2.2.3.2.2.2.2.2.2.2.2.1.2.2.2.2",0.580496776136411,FALSE,TRUE,39
"2.2.2.3.2.2.2.2.3.2.2.2.2.2.2.2.2.1.2.2.2.2",0.552519192178393,FALSE,TRUE,40
"2.2.2.2.2.3.2.2.3.2.2.2.2.2.2.2.2.1.2.2.2.2",0.531624288388824,FALSE,TRUE,40
"2.2.2.2.2.2.3.2.3.2.2.2.2.2.2.2.2.1.2.2.2.2",0.541028275307945,FALSE,TRUE,39
"2.2.2.2.2.2.2.3.3.2.2.2.2.2.2.2.2.1.2.2.2.2",0.580573165138885,FALSE,TRUE,39
"2.2.2.2.2.2.2.2.4.2.2.2.2.2.2.2.2.1.2.2.2.2",0.585774970287077,FALSE,TRUE,41
"2.2.2.2.2.2.2.2.3.3.2.2.2.2.2.2.2.1.2.2.2.2",0.513513866531459,FALSE,TRUE,39
"2.2.2.2.2.2.2.2.3.2.2.3.2.2.2.2.2.1.2.2.2.2",0.552955784247855,FALSE,TRUE,39
"2.2.2.2.2.2.2.2.3.2.2.2.3.2.2.2.2.1.2.2.2.2",0.466176424595695,FALSE,TRUE,40
"2.2.2.2.2.2.2.2.3.2.2.2.2.3.2.2.2.1.2.2.2.2",0.524342702200259,FALSE,TRUE,40
"2.2.2.2.2.2.2.2.3.2.2.2.2.2.3.2.2.1.2.2.2.2",0.555479724324811,FALSE,TRUE,40
"2.2.2.2.2.2.2.2.3.2.2.2.2.2.2.2.3.1.2.2.2.2",0.590727263714912,FALSE,TRUE,39
"2.2.2.2.2.2.2.2.3.2.2.2.2.2.2.2.2.1.3.2.2.2",0.592992368783933,FALSE,TRUE,39
"2.2.2.2.2.2.2.2.3.2.2.2.2.2.2.2.2.1.2.3.2.2",0.515873962295125,FALSE,TRUE,40
"2.2.2.2.2.2.2.2.3.2.2.2.2.2.2.2.2.1.2.2.3.2",0.540440421338675,FALSE,TRUE,40
"2.2.2.2.2.2.2.2.3.2.2.2.2.2.2.2.2.1.2.2.2.3",0.524448372294629,FALSE,TRUE,40
"1.2.2.2.2.2.2.2.3.2.2.2.2.2.2.2.2.1.2.2.2.2",0.557705404866508,FALSE,TRUE,39
"2.2.1.2.2.2.2.2.3.2.2.2.2.2.2.2.2.1.2.2.2.2",0.52528317523606,FALSE,TRUE,39
"2.2.2.2.1.2.2.2.3.2.2.2.2.2.2.2.2.1.2.2.2.2",0.59383170278777,FALSE,TRUE,40
"2.2.2.2.2.1.2.2.3.2.2.2.2.2.2.2.2.1.2.2.2.2",0.568690910945168,FALSE,TRUE,38
"2.2.2.2.2.2.1.2.3.2.2.2.2.2.2.2.2.1.2.2.2.2",0.571684050659911,FALSE,TRUE,39
"2.2.2.2.2.2.2.1.3.2.2.2.2.2.2.2.2.1.2.2.2.2",0.505687312059247,FALSE,TRUE,39
"2.2.2.2.2.2.2.2.3.1.2.2.2.2.2.2.2.1.2.2.2.2",0.581947540940248,FALSE,TRUE,38
"2.2.2.2.2.2.2.2.3.2.1.2.2.2.2.2.2.1.2.2.2.2",0.596342892796187,FALSE,TRUE,39
"2.2.2.2.2.2.2.2.3.2.2.1.2.2.2.2.2.1.2.2.2.2",0.554545413067344,FALSE,TRUE,38
"2.2.2.2.2.2.2.2.3.2.2.2.2.1.2.2.2.1.2.2.2.2",0.586773350096965,FALSE,TRUE,38
"2.2.2.2.2.2.2.2.3.2.2.2.2.2.1.2.2.1.2.2.2.2",0.551825933746533,FALSE,TRUE,38
"2.2.2.2.2.2.2.2.3.2.2.2.2.2.2.1.2.1.2.2.2.2",0.577960960501914,FALSE,TRUE,39
"2.2.2.2.2.2.2.2.3.2.2.2.2.2.2.2.1.1.2.2.2.2",0.518808953241793,FALSE,TRUE,39
"2.2.2.2.2.2.2.2.3.2.2.2.2.2.2.2.2.1.1.2.2.2",0.488790393907417,FALSE,TRUE,38
"2.2.2.2.2.2.2.2.3.2.2.2.2.2.2.2.2.1.2.1.2.2",0.577394034337486,FALSE,TRUE,39
"2.2.2.2.2.2.2.2.3.2.2.2.2.2.2.2.2.1.2.2.1.2",0.565592516696995,FALSE,TRUE,38
"3.2.2.2.3.1.2.2.2.2.2.2.2.2.1.3.3.1.2.2.2.2",0.429169641371274,FALSE,TRUE,39
"2.3.2.2.3.1.2.2.2.2.2.2.2.2.1.3.3.1.2.2.2.2",0.450374569670622,FALSE,TRUE,39
"2.2.3.2.3.1.2.2.2.2.2.2.2.2.1.3.3.1.2.2.2.2",0.531445446500792,FALSE,TRUE,39
"2.2.2.3.3.1.2.2.2.2.2.2.2.2.1.3.3.1.2.2.2.2",0.444519948074054,FALSE,TRUE,39
"2.2.2.2.4.1.2.2.2.2.2.2.2.2.1.3.3.1.2.2.2.2",0.409415030595605,FALSE,TRUE,39
"2.2.2.2.3.1.3.2.2.2.2.2.2.2.1.3.3.1.2.2.2.2",0.438126716102976,FALSE,TRUE,39
"2.2.2.2.3.1.2.3.2.2.2.2.2.2.1.3.3.1.2.2.2.2",0.516193476029108,FALSE,TRUE,39
"2.2.2.2.3.1.2.2.3.2.2.2.2.2.1.3.3.1.2.2.2.2",0.512437654816605,FALSE,TRUE,39
"2.2.2.2.3.1.2.2.2.3.2.2.2.2.1.3.3.1.2.2.2.2",0.484990348938804,FALSE,TRUE,39
"2.2.2.2.3.1.2.2.2.2.3.2.2.2.1.3.3.1.2.2.2.2",0.436139737601625,FALSE,TRUE,39
"2.2.2.2.3.1.2.2.2.2.2.3.2.2.1.3.3.1.2.2.2.2",0.459703809263784,FALSE,TRUE,39
"2.2.2.2.3.1.2.2.2.2.2.2.3.2.1.3.3.1.2.2.2.2",0.357492307637336,FALSE,TRUE,39
"2.2.2.2.3.1.2.2.2.2.2.2.2.3.1.3.3.1.2.2.2.2",0.410391079257235,FALSE,TRUE,39
"2.2.2.2.3.1.2.2.2.2.2.2.2.2.2.3.3.1.2.2.2.2",0.465026893759309,FALSE,TRUE,40
"2.2.2.2.3.1.2.2.2.2.2.2.2.2.1.4.3.1.2.2.2.2",0.473802825170039,FALSE,TRUE,39
"2.2.2.2.3.1.2.2.2.2.2.2.2.2.1.3.4.1.2.2.2.2",0.513925211085652,FALSE,TRUE,39
"2.2.2.2.3.1.2.2.2.2.2.2.2.2.1.3.3.2.2.2.2.2",0.431459787650134,FALSE,TRUE,40
"2.2.2.2.3.1.2.2.2.2.2.2.2.2.1.3.3.1.3.2.2.2",0.470726071738678,FALSE,TRUE,39
"2.2.2.2.3.1.2.2.2.2.2.2.2.2.1.3.3.1.2.3.2.2",0.406574828740381,FALSE,TRUE,39
"2.2.2.2.3.1.2.2.2.2.2.2.2.2.1.3.3.1.2.2.3.2",0.433998588829477,FALSE,TRUE,39
"2.2.2.2.3.1.2.2.2.2.2.2.2.2.1.3.3.1.2.2.2.3",0.497544330877748,FALSE,TRUE,39
"1.2.2.2.3.1.2.2.2.2.2.2.2.2.1.3.3.1.2.2.2.2",0.529770420544358,FALSE,TRUE,38
"2.1.2.2.3.1.2.2.2.2.2.2.2.2.1.3.3.1.2.2.2.2",0.509781588371865,FALSE,TRUE,38
"2.2.1.2.3.1.2.2.2.2.2.2.2.2.1.3.3.1.2.2.2.2",0.433353551496312,FALSE,TRUE,38
"2.2.2.1.3.1.2.2.2.2.2.2.2.2.1.3.3.1.2.2.2.2",0.513049144806721,FALSE,TRUE,38
"2.2.2.2.2.1.2.2.2.2.2.2.2.2.1.3.3.1.2.2.2.2",0.555397232255746,FALSE,TRUE,38
"2.2.2.2.3.1.1.2.2.2.2.2.2.2.1.3.3.1.2.2.2.2",0.533586228208088,FALSE,TRUE,38
"2.2.2.2.3.1.2.1.2.2.2.2.2.2.1.3.3.1.2.2.2.2",0.425617141070017,FALSE,TRUE,38
"2.2.2.2.3.1.2.2.1.2.2.2.2.2.1.3.3.1.2.2.2.2",0.459224908016961,FALSE,TRUE,37
"2.2.2.2.3.1.2.2.2.1.2.2.2.2.1.3.3.1.2.2.2.2",0.47424823894337,FALSE,TRUE,38
"2.2.2.2.3.1.2.2.2.2.1.2.2.2.1.3.3.1.2.2.2.2",0.529588210097146,FALSE,TRUE,38
"2.2.2.2.3.1.2.2.2.2.2.1.2.2.1.3.3.1.2.2.2.2",0.51026008612954,FALSE,TRUE,37
"2.2.2.2.3.1.2.2.2.2.2.2.1.2.1.3.3.1.2.2.2.2",0.610109063271817,FALSE,TRUE,38
"2.2.2.2.3.1.2.2.2.2.2.2.2.1.1.3.3.1.2.2.2.2",0.564643914106954,FALSE,TRUE,38
"2.2.2.2.3.1.2.2.2.2.2.2.2.2.1.2.3.1.2.2.2.2",0.491690508155016,FALSE,TRUE,39
"2.2.2.2.3.1.2.2.2.2.2.2.2.2.1.3.3.1.1.2.2.2",0.477869936665316,FALSE,TRUE,38
"2.2.2.2.3.1.2.2.2.2.2.2.2.2.1.3.3.1.2.1.2.2",0.545275966986655,FALSE,TRUE,38
"2.2.2.2.3.1.2.2.2.2.2.2.2.2.1.3.3.1.2.2.1.2",0.530518649419982,FALSE,TRUE,38
"2.2.2.2.3.1.2.2.2.2.2.2.2.2.1.3.3.1.2.2.2.1",0.457254094669669,FALSE,TRUE,38
"3.3.2.1.2.2.2.3.2.2.2.2.2.2.2.2.2.1.2.3.2.2",0.444874136987438,FALSE,TRUE,39
"2.4.2.1.2.2.2.3.2.2.2.2.2.2.2.2.2.1.2.3.2.2",0.426935765881833,FALSE,TRUE,40
"2.3.3.1.2.2.2.3.2.2.2.2.2.2.2.2.2.1.2.3.2.2",0.511534609673846,FALSE,TRUE,39
"2.3.2.2.2.2.2.3.2.2.2.2.2.2.2.2.2.1.2.3.2.2",0.473674769832454,FALSE,TRUE,40
"2.3.2.1.3.2.2.3.2.2.2.2.2.2.2.2.2.1.2.3.2.2",0.452578792346804,FALSE,TRUE,39
"2.3.2.1.2.3.2.3.2.2.2.2.2.2.2.2.2.1.2.3.2.2",0.458933987248425,FALSE,TRUE,39
"2.3.2.1.2.2.2.4.2.2.2.2.2.2.2.2.2.1.2.3.2.2",0.484620683462897,FALSE,TRUE,39
"2.3.2.1.2.2.2.3.3.2.2.2.2.2.2.2.2.1.2.3.2.2",0.496856134420635,FALSE,TRUE,39
"2.3.2.1.2.2.2.3.2.3.2.2.2.2.2.2.2.1.2.3.2.2",0.434938450731127,FALSE,TRUE,39
"2.3.2.1.2.2.2.3.2.2.3.2.2.2.2.2.2.1.2.3.2.2",0.41140380157378,FALSE,TRUE,39
"2.3.2.1.2.2.2.3.2.2.2.3.2.2.2.2.2.1.2.3.2.2",0.460708268057371,FALSE,TRUE,39
"2.3.2.1.2.2.2.3.2.2.2.2.3.2.2.2.2.1.2.3.2.2",0.401928927170835,FALSE,TRUE,39
"2.3.2.1.2.2.2.3.2.2.2.2.2.3.2.2.2.1.2.3.2.2",0.481640322599449,FALSE,TRUE,39
"2.3.2.1.2.2.2.3.2.2.2.2.2.2.3.2.2.1.2.3.2.2",0.506037600640747,FALSE,TRUE,39
"2.3.2.1.2.2.2.3.2.2.2.2.2.2.2.3.2.1.2.3.2.2",0.430194065932629,FALSE,TRUE,39
"2.3.2.1.2.2.2.3.2.2.2.2.2.2.2.2.3.1.2.3.2.2",0.494267448015521,FALSE,TRUE,39
"2.3.2.1.2.2.2.3.2.2.2.2.2.2.2.2.2.2.2.3.2.2",0.415499692851226,FALSE,TRUE,40
"2.3.2.1.2.2.2.3.2.2.2.2.2.2.2.2.2.1.3.3.2.2",0.507884130401987,FALSE,TRUE,39
"2.3.2.1.2.2.2.3.2.2.2.2.2.2.2.2.2.1.2.4.2.2",0.417521398095301,FALSE,TRUE,39
"2.3.2.1.2.2.2.3.2.2.2.2.2.2.2.2.2.1.2.3.3.2",0.461851956125422,FALSE,TRUE,39
"2.3.2.1.2.2.2.3.2.2.2.2.2.2.2.2.2.1.2.3.2.3",0.452165757235379,FALSE,TRUE,39
"1.3.2.1.2.2.2.3.2.2.2.2.2.2.2.2.2.1.2.3.2.2",0.510823385395986,FALSE,TRUE,38
"2.3.1.1.2.2.2.3.2.2.2.2.2.2.2.2.2.1.2.3.2.2",0.449167996833372,FALSE,TRUE,38
"2.3.2.1.1.2.2.3.2.2.2.2.2.2.2.2.2.1.2.3.2.2",0.509841843333841,FALSE,TRUE,38
"2.3.2.1.2.1.2.3.2.2.2.2.2.2.2.2.2.1.2.3.2.2",0.496461210690654,FALSE,TRUE,38
"2.3.2.1.2.2.1.3.2.2.2.2.2.2.2.2.2.1.2.3.2.2",0.503442049626917,FALSE,TRUE,39
"2.3.2.1.2.2.2.2.2.2.2.2.2.2.2.2.2.1.2.3.2.2",0.455638627274372,FALSE,TRUE,38
"2.3.2.1.2.2.2.3.1.2.2.2.2.2.2.2.2.1.2.3.2.2",0.465062497472992,FALSE,TRUE,38
"2.3.2.1.2.2.2.3.2.1.2.2.2.2.2.2.2.1.2.3.2.2",0.516211915561917,FALSE,TRUE,38
"2.3.2.1.2.2.2.3.2.2.1.2.2.2.2.2.2.1.2.3.2.2",0.550340799417678,FALSE,TRUE,38
"2.3.2.1.2.2.2.3.2.2.2.1.2.2.2.2.2.1.2.3.2.2",0.499679931659216,FALSE,TRUE,38
"2.3.2.1.2.2.2.3.2.2.2.2.1.2.2.2.2.1.2.3.2.2",0.564058763702311,FALSE,TRUE,38
"2.3.2.1.2.2.2.3.2.2.2.2.2.1.2.2.2.1.2.3.2.2",0.485425291450709,FALSE,TRUE,38
"2.3.2.1.2.2.2.3.2.2.2.2.2.2.1.2.2.1.2.3.2.2",0.456263682790704,FALSE,TRUE,38
"2.3.2.1.2.2.2.3.2.2.2.2.2.2.2.1.2.1.2.3.2.2",0.524326717017706,FALSE,TRUE,37
"2.3.2.1.2.2.2.3.2.2.2.2.2.2.2.2.1.1.2.3.2.2",0.468056159806219,FALSE,TRUE,38
"2.3.2.1.2.2.2.3.2.2.2.2.2.2.2.2.2.1.1.3.2.2",0.427725780937212,FALSE,TRUE,38
"2.3.2.1.2.2.2.3.2.2.2.2.2.2.2.2.2.1.2.3.1.2",0.500251722900084,FALSE,TRUE,38
"2.3.2.1.2.2.2.3.2.2.2.2.2.2.2.2.2.1.2.3.2.1",0.491605168846104,FALSE,TRUE,38
"3.2.2.2.2.1.2.2.2.3.2.2.2.2.2.2.2.2.2.2.2.2",0.33896813175072,FALSE,TRUE,41
"2.3.2.2.2.1.2.2.2.3.2.2.2.2.2.2.2.2.2.2.2.2",0.419577987753731,FALSE,TRUE,40
"2.2.3.2.2.1.2.2.2.3.2.2.2.2.2.2.2.2.2.2.2.2",0.466356279557869,FALSE,TRUE,41
"2.2.2.3.2.1.2.2.2.3.2.2.2.2.2.2.2.2.2.2.2.2",0.384673018316316,FALSE,TRUE,41
"2.2.2.2.3.1.2.2.2.3.2.2.2.2.2.2.2.2.2.2.2.2",0.379381410281968,FALSE,TRUE,41
"2.2.2.2.2.1.3.2.2.3.2.2.2.2.2.2.2.2.2.2.2.2",0.423094686188928,FALSE,TRUE,41
"2.2.2.2.2.1.2.3.2.3.2.2.2.2.2.2.2.2.2.2.2.2",0.431232477880155,FALSE,TRUE,41
"2.2.2.2.2.1.2.2.3.3.2.2.2.2.2.2.2.2.2.2.2.2",0.450701627332279,FALSE,TRUE,41
"2.2.2.2.2.1.2.2.2.4.2.2.2.2.2.2.2.2.2.2.2.2",0.35068453004251,FALSE,TRUE,41
"2.2.2.2.2.1.2.2.2.3.3.2.2.2.2.2.2.2.2.2.2.2",0.348952231519644,FALSE,TRUE,41
"2.2.2.2.2.1.2.2.2.3.2.3.2.2.2.2.2.2.2.2.2.2",0.417156713981522,FALSE,TRUE,41
"2.2.2.2.2.1.2.2.2.3.2.2.3.2.2.2.2.2.2.2.2.2",0.318449836456823,FALSE,TRUE,41
"2.2.2.2.2.1.2.2.2.3.2.2.2.3.2.2.2.2.2.2.2.2",0.356200256223187,FALSE,TRUE,41
"2.2.2.2.2.1.2.2.2.3.2.2.2.2.3.2.2.2.2.2.2.2",0.416867260899789,FALSE,TRUE,41
"2.2.2.2.2.1.2.2.2.3.2.2.2.2.2.3.2.2.2.2.2.2",0.42586390493814,FALSE,TRUE,41
"2.2.2.2.2.1.2.2.2.3.2.2.2.2.2.2.3.2.2.2.2.2",0.46040576745717,FALSE,TRUE,40
"2.2.2.2.2.1.2.2.2.3.2.2.2.2.2.2.2.3.2.2.2.2",0.346644500833302,FALSE,TRUE,41
"2.2.2.2.2.1.2.2.2.3.2.2.2.2.2.2.2.2.3.2.2.2",0.435705243311198,FALSE,TRUE,41
"2.2.2.2.2.1.2.2.2.3.2.2.2.2.2.2.2.2.2.3.2.2",0.378899207090905,FALSE,TRUE,41
"2.2.2.2.2.1.2.2.2.3.2.2.2.2.2.2.2.2.2.2.3.2",0.397608054074646,FALSE,TRUE,41
"2.2.2.2.2.1.2.2.2.3.2.2.2.2.2.2.2.2.2.2.2.3",0.40421759032612,FALSE,TRUE,41
"1.2.2.2.2.1.2.2.2.3.2.2.2.2.2.2.2.2.2.2.2.2",0.478421244176069,FALSE,TRUE,40
"2.1.2.2.2.1.2.2.2.3.2.2.2.2.2.2.2.2.2.2.2.2",0.400380982324132,FALSE,TRUE,40
"2.2.1.2.2.1.2.2.2.3.2.2.2.2.2.2.2.2.2.2.2.2",0.358214243629784,FALSE,TRUE,40
"2.2.2.1.2.1.2.2.2.3.2.2.2.2.2.2.2.2.2.2.2.2",0.431408818974876,FALSE,TRUE,38
"2.2.2.2.1.1.2.2.2.3.2.2.2.2.2.2.2.2.2.2.2.2",0.441736805651524,FALSE,TRUE,40
"2.2.2.2.2.1.1.2.2.3.2.2.2.2.2.2.2.2.2.2.2.2",0.408837974464903,FALSE,TRUE,40
"2.2.2.2.2.1.2.1.2.3.2.2.2.2.2.2.2.2.2.2.2.2",0.370085547427424,FALSE,TRUE,40
"2.2.2.2.2.1.2.2.1.3.2.2.2.2.2.2.2.2.2.2.2.2",0.37480128532183,FALSE,TRUE,40
"2.2.2.2.2.1.2.2.2.3.1.2.2.2.2.2.2.2.2.2.2.2",0.47928960260435,FALSE,TRUE,40
"2.2.2.2.2.1.2.2.2.3.2.1.2.2.2.2.2.2.2.2.2.2",0.402539247252888,FALSE,TRUE,40
"2.2.2.2.2.1.2.2.2.3.2.2.1.2.2.2.2.2.2.2.2.2",0.509566925262593,FALSE,TRUE,40
"2.2.2.2.2.1.2.2.2.3.2.2.2.1.2.2.2.2.2.2.2.2",0.476047493410961,FALSE,TRUE,40
"2.2.2.2.2.1.2.2.2.3.2.2.2.2.1.2.2.2.2.2.2.2",0.406488685011483,FALSE,TRUE,40
"2.2.2.2.2.1.2.2.2.3.2.2.2.2.2.1.2.2.2.2.2.2",0.400859951598948,FALSE,TRUE,40
"2.2.2.2.2.1.2.2.2.3.2.2.2.2.2.2.1.2.2.2.2.2",0.368029675161958,FALSE,TRUE,40
"2.2.2.2.2.1.2.2.2.3.2.2.2.2.2.2.2.1.2.2.2.2",0.472701502086235,FALSE,TRUE,38
"2.2.2.2.2.1.2.2.2.3.2.2.2.2.2.2.2.2.1.2.2.2",0.368025579880849,FALSE,TRUE,40
"2.2.2.2.2.1.2.2.2.3.2.2.2.2.2.2.2.2.2.1.2.2",0.430495343520584,FALSE,TRUE,40
"2.2.2.2.2.1.2.2.2.3.2.2.2.2.2.2.2.2.2.2.1.2",0.425483088129906,FALSE,TRUE,40
"2.2.2.2.2.1.2.2.2.3.2.2.2.2.2.2.2.2.2.2.2.1",0.40273044877424,FALSE,TRUE,40
"3.3.2.1.2.2.3.3.2.2.2.2.2.2.2.2.2.1.2.3.2.2",0.436861900307652,FALSE,TRUE,40
"2.4.2.1.2.2.3.3.2.2.2.2.2.2.2.2.2.1.2.3.2.2",0.407183530842305,FALSE,TRUE,40
"2.3.3.1.2.2.3.3.2.2.2.2.2.2.2.2.2.1.2.3.2.2",0.484953359168792,FALSE,TRUE,40
"2.3.2.2.2.2.3.3.2.2.2.2.2.2.2.2.2.1.2.3.2.2",0.455405695734649,FALSE,TRUE,41
"2.3.2.1.3.2.3.3.2.2.2.2.2.2.2.2.2.1.2.3.2.2",0.43016726275012,FALSE,TRUE,40
"2.3.2.1.2.3.3.3.2.2.2.2.2.2.2.2.2.1.2.3.2.2",0.442595810151632,FALSE,TRUE,40
"2.3.2.1.2.2.4.3.2.2.2.2.2.2.2.2.2.1.2.3.2.2",0.449498132398328,FALSE,TRUE,41
"2.3.2.1.2.2.3.4.2.2.2.2.2.2.2.2.2.1.2.3.2.2",0.46855816992174,FALSE,TRUE,40
"2.3.2.1.2.2.3.3.3.2.2.2.2.2.2.2.2.1.2.3.2.2",0.477478413387845,FALSE,TRUE,40
"2.3.2.1.2.2.3.3.2.3.2.2.2.2.2.2.2.1.2.3.2.2",0.417664472114343,FALSE,TRUE,40
"2.3.2.1.2.2.3.3.2.2.3.2.2.2.2.2.2.1.2.3.2.2",0.402935699576303,FALSE,TRUE,40
"2.3.2.1.2.2.3.3.2.2.2.3.2.2.2.2.2.1.2.3.2.2",0.443396254256557,FALSE,TRUE,40
"2.3.2.1.2.2.3.3.2.2.2.2.3.2.2.2.2.1.2.3.2.2",0.389711985772145,FALSE,TRUE,40
"2.3.2.1.2.2.3.3.2.2.2.2.2.3.2.2.2.1.2.3.2.2",0.466688200956895,FALSE,TRUE,40
"2.3.2.1.2.2.3.3.2.2.2.2.2.2.3.2.2.1.2.3.2.2",0.483179076812723,FALSE,TRUE,40
"2.3.2.1.2.2.3.3.2.2.2.2.2.2.2.3.2.1.2.3.2.2",0.401468921665988,FALSE,TRUE,40
"2.3.2.1.2.2.3.3.2.2.2.2.2.2.2.2.3.1.2.3.2.2",0.459373209916197,FALSE,TRUE,40
"2.3.2.1.2.2.3.3.2.2.2.2.2.2.2.2.2.2.2.3.2.2",0.416828655965369,FALSE,TRUE,41
"2.3.2.1.2.2.3.3.2.2.2.2.2.2.2.2.2.1.3.3.2.2",0.496161124165093,FALSE,TRUE,40
"2.3.2.1.2.2.3.3.2.2.2.2.2.2.2.2.2.1.2.4.2.2",0.395728159146625,FALSE,TRUE,40
"2.3.2.1.2.2.3.3.2.2.2.2.2.2.2.2.2.1.2.3.3.2",0.435010101140545,FALSE,TRUE,40
"2.3.2.1.2.2.3.3.2.2.2.2.2.2.2.2.2.1.2.3.2.3",0.427154012233483,FALSE,TRUE,40
"1.3.2.1.2.2.3.3.2.2.2.2.2.2.2.2.2.1.2.3.2.2",0.477409589577158,FALSE,TRUE,39
"2.3.1.1.2.2.3.3.2.2.2.2.2.2.2.2.2.1.2.3.2.2",0.439432580281908,FALSE,TRUE,39
"2.3.2.1.1.2.3.3.2.2.2.2.2.2.2.2.2.1.2.3.2.2",0.494714697674685,FALSE,TRUE,39
"2.3.2.1.2.1.3.3.2.2.2.2.2.2.2.2.2.1.2.3.2.2",0.473430886418719,FALSE,TRUE,39
"2.3.2.1.2.2.3.2.2.2.2.2.2.2.2.2.2.1.2.3.2.2",0.437293883503101,FALSE,TRUE,40
"2.3.2.1.2.2.3.3.1.2.2.2.2.2.2.2.2.1.2.3.2.2",0.446803627300314,FALSE,TRUE,39
"2.3.2.1.2.2.3.3.2.1.2.2.2.2.2.2.2.1.2.3.2.2",0.493965131581543,FALSE,TRUE,39
"2.3.2.1.2.2.3.3.2.2.1.2.2.2.2.2.2.1.2.3.2.2",0.522793748762529,FALSE,TRUE,39
"2.3.2.1.2.2.3.3.2.2.2.1.2.2.2.2.2.1.2.3.2.2",0.47832263302432,FALSE,TRUE,39
"2.3.2.1.2.2.3.3.2.2.2.2.1.2.2.2.2.1.2.3.2.2",0.539165898899642,FALSE,TRUE,39
"2.3.2.1.2.2.3.3.2.2.2.2.2.1.2.2.2.1.2.3.2.2",0.462455254443419,FALSE,TRUE,39
"2.3.2.1.2.2.3.3.2.2.2.2.2.2.1.2.2.1.2.3.2.2",0.441031792289077,FALSE,TRUE,39
"2.3.2.1.2.2.3.3.2.2.2.2.2.2.2.1.2.1.2.3.2.2",0.508690137145014,FALSE,TRUE,39
"2.3.2.1.2.2.3.3.2.2.2.2.2.2.2.2.1.1.2.3.2.2",0.460373322828738,FALSE,TRUE,39
"2.3.2.1.2.2.3.3.2.2.2.2.2.2.2.2.2.1.1.3.2.2",0.400179416225988,FALSE,TRUE,39
"2.3.2.1.2.2.3.3.2.2.2.2.2.2.2.2.2.1.2.2.2.2",0.514324746858166,FALSE,TRUE,39
"2.3.2.1.2.2.3.3.2.2.2.2.2.2.2.2.2.1.2.3.1.2",0.487252437354705,FALSE,TRUE,39
"2.3.2.1.2.2.3.3.2.2.2.2.2.2.2.2.2.1.2.3.2.1",0.48104611279255,FALSE,TRUE,39
"3.2.3.2.2.2.3.2.2.2.2.2.2.2.2.2.3.2.2.2.2.2",0.49039191104143,FALSE,TRUE,42
"2.3.3.2.2.2.3.2.2.2.2.2.2.2.2.2.3.2.2.2.2.2",0.502704794688902,FALSE,TRUE,42
"2.2.4.2.2.2.3.2.2.2.2.2.2.2.2.2.3.2.2.2.2.2",0.542882596296153,FALSE,TRUE,42
"2.2.3.3.2.2.3.2.2.2.2.2.2.2.2.2.3.2.2.2.2.2",0.492700759754026,FALSE,TRUE,42
"2.2.3.2.3.2.3.2.2.2.2.2.2.2.2.2.3.2.2.2.2.2",0.465599979533092,FALSE,TRUE,42
"2.2.3.2.2.3.3.2.2.2.2.2.2.2.2.2.3.2.2.2.2.2",0.500371734557048,FALSE,TRUE,42
"2.2.3.2.2.2.4.2.2.2.2.2.2.2.2.2.3.2.2.2.2.2",0.49799799531045,FALSE,TRUE,43
"2.2.3.2.2.2.3.3.2.2.2.2.2.2.2.2.3.2.2.2.2.2",0.535202226892369,FALSE,TRUE,42
"2.2.3.2.2.2.3.2.3.2.2.2.2.2.2.2.3.2.2.2.2.2",0.531719435222783,FALSE,TRUE,42
"2.2.3.2.2.2.3.2.2.3.2.2.2.2.2.2.3.2.2.2.2.2",0.492250463162725,FALSE,TRUE,42
"2.2.3.2.2.2.3.2.2.2.3.2.2.2.2.2.3.2.2.2.2.2",0.488896512628742,FALSE,TRUE,42
"2.2.3.2.2.2.3.2.2.2.2.3.2.2.2.2.3.2.2.2.2.2",0.50886086515898,FALSE,TRUE,42
"2.2.3.2.2.2.3.2.2.2.2.2.3.2.2.2.3.2.2.2.2.2",0.431127360941809,FALSE,TRUE,42
"2.2.3.2.2.2.3.2.2.2.2.2.2.3.2.2.3.2.2.2.2.2",0.473181675454479,FALSE,TRUE,42
"2.2.3.2.2.2.3.2.2.2.2.2.2.2.3.2.3.2.2.2.2.2",0.504196814099528,FALSE,TRUE,42
"2.2.3.2.2.2.3.2.2.2.2.2.2.2.2.3.3.2.2.2.2.2",0.481695270890069,FALSE,TRUE,42
"2.2.3.2.2.2.3.2.2.2.2.2.2.2.2.2.4.2.2.2.2.2",0.535466330001006,FALSE,TRUE,42
"2.2.3.2.2.2.3.2.2.2.2.2.2.2.2.2.3.3.2.2.2.2",0.476083692720479,FALSE,TRUE,42
"2.2.3.2.2.2.3.2.2.2.2.2.2.2.2.2.3.2.3.2.2.2",0.530058213644817,FALSE,TRUE,42
"2.2.3.2.2.2.3.2.2.2.2.2.2.2.2.2.3.2.2.3.2.2",0.466670916249928,FALSE,TRUE,42
"2.2.3.2.2.2.3.2.2.2.2.2.2.2.2.2.3.2.2.2.3.2",0.481562225752107,FALSE,TRUE,42
"2.2.3.2.2.2.3.2.2.2.2.2.2.2.2.2.3.2.2.2.2.3",0.492426639731296,FALSE,TRUE,42
"1.2.3.2.2.2.3.2.2.2.2.2.2.2.2.2.3.2.2.2.2.2",0.523533039610509,FALSE,TRUE,41
"2.1.3.2.2.2.3.2.2.2.2.2.2.2.2.2.3.2.2.2.2.2",0.514379229425537,FALSE,TRUE,41
"2.2.3.1.2.2.3.2.2.2.2.2.2.2.2.2.3.2.2.2.2.2",0.523430999103391,FALSE,TRUE,41
"2.2.3.2.1.2.3.2.2.2.2.2.2.2.2.2.3.2.2.2.2.2",0.55724065698526,FALSE,TRUE,41
"2.2.3.2.2.1.3.2.2.2.2.2.2.2.2.2.3.2.2.2.2.2",0.519656157078179,FALSE,TRUE,41
"2.2.3.2.2.2.3.1.2.2.2.2.2.2.2.2.3.2.2.2.2.2",0.464989098196834,FALSE,TRUE,41
"2.2.3.2.2.2.3.2.1.2.2.2.2.2.2.2.3.2.2.2.2.2",0.494704599814756,FALSE,TRUE,41
"2.2.3.2.2.2.3.2.2.1.2.2.2.2.2.2.3.2.2.2.2.2",0.524180099018471,FALSE,TRUE,41
"2.2.3.2.2.2.3.2.2.2.1.2.2.2.2.2.3.2.2.2.2.2",0.540955775174332,FALSE,TRUE,41
"2.2.3.2.2.2.3.2.2.2.2.1.2.2.2.2.3.2.2.2.2.2",0.513416657271565,FALSE,TRUE,41
"2.2.3.2.2.2.3.2.2.2.2.2.1.2.2.2.3.2.2.2.2.2",0.597519117449468,FALSE,TRUE,41
"2.2.3.2.2.2.3.2.2.2.2.2.2.1.2.2.3.2.2.2.2.2",0.559898565156522,FALSE,TRUE,41
"2.2.3.2.2.2.3.2.2.2.2.2.2.2.1.2.3.2.2.2.2.2",0.520864881961157,FALSE,TRUE,41
"2.2.3.2.2.2.3.2.2.2.2.2.2.2.2.1.3.2.2.2.2.2",0.536842571526367,FALSE,TRUE,41
"2.2.3.2.2.2.3.2.2.2.2.2.2.2.2.2.2.2.2.2.2.2",0.493245989969582,FALSE,TRUE,41
"2.2.3.2.2.2.3.2.2.2.2.2.2.2.2.2.3.1.2.2.2.2",0.542983749671365,FALSE,TRUE,41
"2.2.3.2.2.2.3.2.2.2.2.2.2.2.2.2.3.2.1.2.2.2",0.467832656668276,FALSE,TRUE,41
"2.2.3.2.2.2.3.2.2.2.2.2.2.2.2.2.3.2.2.1.2.2",0.540583852526972,FALSE,TRUE,41
"2.2.3.2.2.2.3.2.2.2.2.2.2.2.2.2.3.2.2.2.1.2",0.54102488642662,FALSE,TRUE,41
"2.2.3.2.2.2.3.2.2.2.2.2.2.2.2.2.3.2.2.2.2.1",0.513594491867081,FALSE,TRUE,41
"3.2.2.2.3.2.2.2.3.2.2.2.2.2.2.2.2.1.2.2.2.2",0.491029884573327,FALSE,TRUE,41
"2.3.2.2.3.2.2.2.3.2.2.2.2.2.2.2.2.1.2.2.2.2",0.498590288198528,FALSE,TRUE,41
"2.2.3.2.3.2.2.2.3.2.2.2.2.2.2.2.2.1.2.2.2.2",0.536276786835566,FALSE,TRUE,41
"2.2.2.3.3.2.2.2.3.2.2.2.2.2.2.2.2.1.2.2.2.2",0.493946702147018,FALSE,TRUE,41
"2.2.2.2.4.2.2.2.3.2.2.2.2.2.2.2.2.1.2.2.2.2",0.451205699091018,FALSE,TRUE,42
"2.2.2.2.3.3.2.2.3.2.2.2.2.2.2.2.2.1.2.2.2.2",0.494122457738922,FALSE,TRUE,41
"2.2.2.2.3.2.3.2.3.2.2.2.2.2.2.2.2.1.2.2.2.2",0.486453325448073,FALSE,TRUE,41
"2.2.2.2.3.2.2.3.3.2.2.2.2.2.2.2.2.1.2.2.2.2",0.544612218110894,FALSE,TRUE,41
"2.2.2.2.3.2.2.2.4.2.2.2.2.2.2.2.2.1.2.2.2.2",0.548239706125962,FALSE,TRUE,41
"2.2.2.2.3.2.2.2.3.3.2.2.2.2.2.2.2.1.2.2.2.2",0.470767684411638,FALSE,TRUE,41
"2.2.2.2.3.2.2.2.3.2.3.2.2.2.2.2.2.1.2.2.2.2",0.45664407683328,FALSE,TRUE,40
"2.2.2.2.3.2.2.2.3.2.2.3.2.2.2.2.2.1.2.2.2.2",0.500639994326567,FALSE,TRUE,41
"2.2.2.2.3.2.2.2.3.2.2.2.3.2.2.2.2.1.2.2.2.2",0.410250512654445,FALSE,TRUE,41
"2.2.2.2.3.2.2.2.3.2.2.2.2.3.2.2.2.1.2.2.2.2",0.464652909751291,FALSE,TRUE,41
"2.2.2.2.3.2.2.2.3.2.2.2.2.2.3.2.2.1.2.2.2.2",0.493838998147613,FALSE,TRUE,41
"2.2.2.2.3.2.2.2.3.2.2.2.2.2.2.3.2.1.2.2.2.2",0.460968167465107,FALSE,TRUE,39
"2.2.2.2.3.2.2.2.3.2.2.2.2.2.2.2.3.1.2.2.2.2",0.531010287356826,FALSE,TRUE,41
"2.2.2.2.3.2.2.2.3.2.2.2.2.2.2.2.2.2.2.2.2.2",0.440075807356607,FALSE,TRUE,41
"2.2.2.2.3.2.2.2.3.2.2.2.2.2.2.2.2.1.3.2.2.2",0.535681525360516,FALSE,TRUE,41
"2.2.2.2.3.2.2.2.3.2.2.2.2.2.2.2.2.1.2.3.2.2",0.46236556096287,FALSE,TRUE,41
"2.2.2.2.3.2.2.2.3.2.2.2.2.2.2.2.2.1.2.2.3.2",0.482142370034192,FALSE,TRUE,41
"2.2.2.2.3.2.2.2.3.2.2.2.2.2.2.2.2.1.2.2.2.3",0.483090309361754,FALSE,TRUE,41
"1.2.2.2.3.2.2.2.3.2.2.2.2.2.2.2.2.1.2.2.2.2",0.50695895424761,FALSE,TRUE,40
"2.1.2.2.3.2.2.2.3.2.2.2.2.2.2.2.2.1.2.2.2.2",0.503743540885826,FALSE,TRUE,39
"2.2.1.2.3.2.2.2.3.2.2.2.2.2.2.2.2.1.2.2.2.2",0.47625013410256,FALSE,TRUE,40
"2.2.2.1.3.2.2.2.3.2.2.2.2.2.2.2.2.1.2.2.2.2",0.510710633077668,FALSE,TRUE,39
"2.2.2.2.3.1.2.2.3.2.2.2.2.2.2.2.2.1.2.2.2.2",0.511141620688327,FALSE,TRUE,40
"2.2.2.2.3.2.1.2.3.2.2.2.2.2.2.2.2.1.2.2.2.2",0.534972987706233,FALSE,TRUE,40
"2.2.2.2.3.2.2.1.3.2.2.2.2.2.2.2.2.1.2.2.2.2",0.450878804460765,FALSE,TRUE,40
"2.2.2.2.3.2.2.2.3.1.2.2.2.2.2.2.2.1.2.2.2.2",0.531331437914192,FALSE,TRUE,40
"2.2.2.2.3.2.2.2.3.2.1.2.2.2.2.2.2.1.2.2.2.2",0.54967228126473,FALSE,TRUE,40
"2.2.2.2.3.2.2.2.3.2.2.1.2.2.2.2.2.1.2.2.2.2",0.511958683772439,FALSE,TRUE,40
"2.2.2.2.3.2.2.2.3.2.2.2.1.2.2.2.2.1.2.2.2.2",0.605228129367992,FALSE,TRUE,39
"2.2.2.2.3.2.2.2.3.2.2.2.2.1.2.2.2.1.2.2.2.2",0.553634858721331,FALSE,TRUE,40
"2.2.2.2.3.2.2.2.3.2.2.2.2.2.1.2.2.1.2.2.2.2",0.518517371326722,FALSE,TRUE,38
"2.2.2.2.3.2.2.2.3.2.2.2.2.2.2.1.2.1.2.2.2.2",0.535580680006383,FALSE,TRUE,40
"2.2.2.2.3.2.2.2.3.2.2.2.2.2.2.2.1.1.2.2.2.2",0.484036284363006,FALSE,TRUE,40
"2.2.2.2.3.2.2.2.3.2.2.2.2.2.2.2.2.1.1.2.2.2",0.452140518126936,FALSE,TRUE,40
"2.2.2.2.3.2.2.2.3.2.2.2.2.2.2.2.2.1.2.1.2.2",0.537119685080782,FALSE,TRUE,40
"2.2.2.2.3.2.2.2.3.2.2.2.2.2.2.2.2.1.2.2.1.2",0.527032844267678,FALSE,TRUE,40
"2.2.2.2.3.2.2.2.3.2.2.2.2.2.2.2.2.1.2.2.2.1",0.52074182604039,FALSE,TRUE,39
"3.2.3.2.2.2.2.2.2.2.2.2.2.1.2.2.2.1.1.2.2.1",0.456027590701827,FALSE,TRUE,38
"2.3.3.2.2.2.2.2.2.2.2.2.2.1.2.2.2.1.1.2.2.1",0.481816531494451,FALSE,TRUE,38
"2.2.4.2.2.2.2.2.2.2.2.2.2.1.2.2.2.1.1.2.2.1",0.492423781028614,FALSE,TRUE,38
"2.2.3.3.2.2.2.2.2.2.2.2.2.1.2.2.2.1.1.2.2.1",0.53405812450344,FALSE,TRUE,38
"2.2.3.2.3.2.2.2.2.2.2.2.2.1.2.2.2.1.1.2.2.1",0.47565785929903,FALSE,TRUE,38
"2.2.3.2.2.3.2.2.2.2.2.2.2.1.2.2.2.1.1.2.2.1",0.495125742506848,FALSE,TRUE,38
"2.2.3.2.2.2.3.2.2.2.2.2.2.1.2.2.2.1.1.2.2.1",0.478269577900192,FALSE,TRUE,38
"2.2.3.2.2.2.2.3.2.2.2.2.2.1.2.2.2.1.1.2.2.1",0.575670785821896,FALSE,TRUE,38
"2.2.3.2.2.2.2.2.3.2.2.2.2.1.2.2.2.1.1.2.2.1",0.540862732385638,FALSE,TRUE,38
"2.2.3.2.2.2.2.2.2.3.2.2.2.1.2.2.2.1.1.2.2.1",0.48200660061902,FALSE,TRUE,38
"2.2.3.2.2.2.2.2.2.2.3.2.2.1.2.2.2.1.1.2.2.1",0.46598384911434,FALSE,TRUE,38
"2.2.3.2.2.2.2.2.2.2.2.3.2.1.2.2.2.1.1.2.2.1",0.485986014225327,FALSE,TRUE,38
"2.2.3.2.2.2.2.2.2.2.2.2.3.1.2.2.2.1.1.2.2.1",0.402444009340388,FALSE,TRUE,38
"2.2.3.2.2.2.2.2.2.2.2.2.2.1.3.2.2.1.1.2.2.1",0.505856788903128,FALSE,TRUE,38
"2.2.3.2.2.2.2.2.2.2.2.2.2.1.2.3.2.1.1.2.2.1",0.533127121109336,FALSE,TRUE,38
"2.2.3.2.2.2.2.2.2.2.2.2.2.1.2.2.3.1.1.2.2.1",0.563145499368364,FALSE,TRUE,38
"2.2.3.2.2.2.2.2.2.2.2.2.2.1.2.2.2.2.1.2.2.1",0.457010703635594,FALSE,TRUE,39
"2.2.3.2.2.2.2.2.2.2.2.2.2.1.2.2.2.1.1.3.2.1",0.475947573041378,FALSE,TRUE,38
"2.2.3.2.2.2.2.2.2.2.2.2.2.1.2.2.2.1.1.2.3.1",0.462371848352703,FALSE,TRUE,38
"2.2.3.2.2.2.2.2.2.2.2.2.2.1.2.2.2.1.1.2.2.2",0.513454468989213,FALSE,TRUE,39
"1.2.3.2.2.2.2.2.2.2.2.2.2.1.2.2.2.1.1.2.2.1",0.518996056760553,FALSE,TRUE,37
"2.1.3.2.2.2.2.2.2.2.2.2.2.1.2.2.2.1.1.2.2.1",0.496655472184053,FALSE,TRUE,37
"2.2.2.2.2.2.2.2.2.2.2.2.2.1.2.2.2.1.1.2.2.1",0.488066862491101,FALSE,TRUE,37
"2.2.3.1.2.2.2.2.2.2.2.2.2.1.2.2.2.1.1.2.2.1",0.448572684903485,FALSE,TRUE,37
"2.2.3.2.1.2.2.2.2.2.2.2.2.1.2.2.2.1.1.2.2.1",0.509207083410254,FALSE,TRUE,37
"2.2.3.2.2.1.2.2.2.2.2.2.2.1.2.2.2.1.1.2.2.1",0.485364920057307,FALSE,TRUE,37
"2.2.3.2.2.2.1.2.2.2.2.2.2.1.2.2.2.1.1.2.2.1",0.511625737415442,FALSE,TRUE,37
"2.2.3.2.2.2.2.1.2.2.2.2.2.1.2.2.2.1.1.2.2.1",0.39110305046682,FALSE,TRUE,37
"2.2.3.2.2.2.2.2.1.2.2.2.2.1.2.2.2.1.1.2.2.1",0.444667528336249,FALSE,TRUE,37
"2.2.3.2.2.2.2.2.2.1.2.2.2.1.2.2.2.1.1.2.2.1",0.502490209736023,FALSE,TRUE,37
"2.2.3.2.2.2.2.2.2.2.1.2.2.1.2.2.2.1.1.2.2.1",0.520335316504156,FALSE,TRUE,37
"2.2.3.2.2.2.2.2.2.2.2.1.2.1.2.2.2.1.1.2.2.1",0.498396769441598,FALSE,TRUE,37
"2.2.3.2.2.2.2.2.2.2.2.2.1.1.2.2.2.1.1.2.2.1",0.579742052038996,FALSE,TRUE,37
"2.2.3.2.2.2.2.2.2.2.2.2.2.1.1.2.2.1.1.2.2.1",0.481514620213746,FALSE,TRUE,37
"2.2.3.2.2.2.2.2.2.2.2.2.2.1.2.1.2.1.1.2.2.1",0.450898614881335,FALSE,TRUE,37
"2.2.3.2.2.2.2.2.2.2.2.2.2.1.2.2.1.1.1.2.2.1",0.432256708569549,FALSE,TRUE,37
"2.2.3.2.2.2.2.2.2.2.2.2.2.1.2.2.2.1.1.1.2.1",0.493124284250899,FALSE,TRUE,37
"2.2.3.2.2.2.2.2.2.2.2.2.2.1.2.2.2.1.1.2.1.1",0.525337334154467,FALSE,TRUE,37
"3.2.2.2.3.2.2.2.2.2.2.1.2.2.1.3.2.1.2.2.2.2",0.42758942524924,FALSE,TRUE,39
"2.3.2.2.3.2.2.2.2.2.2.1.2.2.1.3.2.1.2.2.2.2",0.44643670143893,FALSE,TRUE,39
"2.2.3.2.3.2.2.2.2.2.2.1.2.2.1.3.2.1.2.2.2.2",0.504501767381496,FALSE,TRUE,39
"2.2.2.3.3.2.2.2.2.2.2.1.2.2.1.3.2.1.2.2.2.2",0.448104889832343,FALSE,TRUE,39
"2.2.2.2.4.2.2.2.2.2.2.1.2.2.1.3.2.1.2.2.2.2",0.414957311960495,FALSE,TRUE,39
"2.2.2.2.3.3.2.2.2.2.2.1.2.2.1.3.2.1.2.2.2.2",0.44725193865756,FALSE,TRUE,39
"2.2.2.2.3.2.3.2.2.2.2.1.2.2.1.3.2.1.2.2.2.2",0.442517616760458,FALSE,TRUE,39
"2.2.2.2.3.2.2.3.2.2.2.1.2.2.1.3.2.1.2.2.2.2",0.497395706942741,FALSE,TRUE,39
"2.2.2.2.3.2.2.2.3.2.2.1.2.2.1.3.2.1.2.2.2.2",0.490967699480539,FALSE,TRUE,39
"2.2.2.2.3.2.2.2.2.3.2.1.2.2.1.3.2.1.2.2.2.2",0.440983244040098,FALSE,TRUE,39
"2.2.2.2.3.2.2.2.2.2.3.1.2.2.1.3.2.1.2.2.2.2",0.415150878041526,FALSE,TRUE,39
"2.2.2.2.3.2.2.2.2.2.2.1.3.2.1.3.2.1.2.2.2.2",0.355943297828616,FALSE,TRUE,39
"2.2.2.2.3.2.2.2.2.2.2.1.2.3.1.3.2.1.2.2.2.2",0.411297842557667,FALSE,TRUE,39
"2.2.2.2.3.2.2.2.2.2.2.1.2.2.1.4.2.1.2.2.2.2",0.446901796059793,FALSE,TRUE,39
"2.2.2.2.3.2.2.2.2.2.2.1.2.2.1.3.2.2.2.2.2.2",0.397694940002077,FALSE,TRUE,40
"2.2.2.2.3.2.2.2.2.2.2.1.2.2.1.3.2.1.3.2.2.2",0.481286676747736,FALSE,TRUE,39
"2.2.2.2.3.2.2.2.2.2.2.1.2.2.1.3.2.1.2.3.2.2",0.419791740538578,FALSE,TRUE,39
"2.2.2.2.3.2.2.2.2.2.2.1.2.2.1.3.2.1.2.2.3.2",0.438692341965633,FALSE,TRUE,39
"2.2.2.2.3.2.2.2.2.2.2.1.2.2.1.3.2.1.2.2.2.3",0.451018547940029,FALSE,TRUE,39
"1.2.2.2.3.2.2.2.2.2.2.1.2.2.1.3.2.1.2.2.2.2",0.49245390863989,FALSE,TRUE,38
"2.1.2.2.3.2.2.2.2.2.2.1.2.2.1.3.2.1.2.2.2.2",0.475324766386649,FALSE,TRUE,38
"2.2.1.2.3.2.2.2.2.2.2.1.2.2.1.3.2.1.2.2.2.2",0.424741250907762,FALSE,TRUE,38
"2.2.2.1.3.2.2.2.2.2.2.1.2.2.1.3.2.1.2.2.2.2",0.473626757114588,FALSE,TRUE,38
"2.2.2.2.3.1.2.2.2.2.2.1.2.2.1.3.2.1.2.2.2.2",0.477190834050503,FALSE,TRUE,37
"2.2.2.2.3.2.1.2.2.2.2.1.2.2.1.3.2.1.2.2.2.2",0.496121292672964,FALSE,TRUE,38
"2.2.2.2.3.2.2.1.2.2.2.1.2.2.1.3.2.1.2.2.2.2",0.41408347698459,FALSE,TRUE,38
"2.2.2.2.3.2.2.2.2.1.2.1.2.2.1.3.2.1.2.2.2.2",0.484906634972388,FALSE,TRUE,38
"2.2.2.2.3.2.2.2.2.2.1.1.2.2.1.3.2.1.2.2.2.2",0.508131462159369,FALSE,TRUE,38
"2.2.2.2.3.2.2.2.2.2.2.1.1.2.1.3.2.1.2.2.2.2",0.579715641825659,FALSE,TRUE,38
"2.2.2.2.3.2.2.2.2.2.2.1.2.1.1.3.2.1.2.2.2.2",0.527748925842603,FALSE,TRUE,38
"2.2.2.2.3.2.2.2.2.2.2.1.2.2.1.2.2.1.2.2.2.2",0.480265476928165,FALSE,TRUE,39
"2.2.2.2.3.2.2.2.2.2.2.1.2.2.1.3.1.1.2.2.2.2",0.427917398074173,FALSE,TRUE,38
"2.2.2.2.3.2.2.2.2.2.2.1.2.2.1.3.2.1.1.2.2.2",0.42730693734663,FALSE,TRUE,38
"2.2.2.2.3.2.2.2.2.2.2.1.2.2.1.3.2.1.2.1.2.2",0.498834908246735,FALSE,TRUE,38
"2.2.2.2.3.2.2.2.2.2.2.1.2.2.1.3.2.1.2.2.1.2",0.489675485447154,FALSE,TRUE,38
"2.2.2.2.3.2.2.2.2.2.2.1.2.2.1.3.2.1.2.2.2.1",0.470542322923536,FALSE,TRUE,38
"3.2.2.1.2.2.2.2.2.2.2.2.2.2.2.2.2.1.2.2.1.2",0.493801307478235,FALSE,TRUE,39
"2.3.2.1.2.2.2.2.2.2.2.2.2.2.2.2.2.1.2.2.1.2",0.500840950278968,FALSE,TRUE,39
"2.2.3.1.2.2.2.2.2.2.2.2.2.2.2.2.2.1.2.2.1.2",0.518337792637702,FALSE,TRUE,39
"2.2.2.1.3.2.2.2.2.2.2.2.2.2.2.2.2.1.2.2.1.2",0.482733271979993,FALSE,TRUE,39
"2.2.2.1.2.3.2.2.2.2.2.2.2.2.2.2.2.1.2.2.1.2",0.488355983020813,FALSE,TRUE,39
"2.2.2.1.2.2.3.2.2.2.2.2.2.2.2.2.2.1.2.2.1.2",0.499999684895583,FALSE,TRUE,39
"2.2.2.1.2.2.2.2.3.2.2.2.2.2.2.2.2.1.2.2.1.2",0.548660964900513,FALSE,TRUE,38
"2.2.2.1.2.2.2.2.2.3.2.2.2.2.2.2.2.1.2.2.1.2",0.467376792242005,FALSE,TRUE,39
"2.2.2.1.2.2.2.2.2.2.3.2.2.2.2.2.2.1.2.2.1.2",0.461001076938175,FALSE,TRUE,38
"2.2.2.1.2.2.2.2.2.2.2.3.2.2.2.2.2.1.2.2.1.2",0.508147338081841,FALSE,TRUE,39
"2.2.2.1.2.2.2.2.2.2.2.2.3.2.2.2.2.1.2.2.1.2",0.427825895042573,FALSE,TRUE,39
"2.2.2.1.2.2.2.2.2.2.2.2.2.3.2.2.2.1.2.2.1.2",0.485250984734836,FALSE,TRUE,39
"2.2.2.1.2.2.2.2.2.2.2.2.2.2.3.2.2.1.2.2.1.2",0.513060746792736,FALSE,TRUE,39
"2.2.2.1.2.2.2.2.2.2.2.2.2.2.2.3.2.1.2.2.1.2",0.50922724894242,FALSE,TRUE,38
"2.2.2.1.2.2.2.2.2.2.2.2.2.2.2.2.3.1.2.2.1.2",0.573397719981914,FALSE,TRUE,39
"2.2.2.1.2.2.2.2.2.2.2.2.2.2.2.2.2.2.2.2.1.2",0.463054292578364,FALSE,TRUE,39
"2.2.2.1.2.2.2.2.2.2.2.2.2.2.2.2.2.1.2.3.1.2",0.510975514176878,FALSE,TRUE,38
"2.2.2.1.2.2.2.2.2.2.2.2.2.2.2.2.2.1.2.2.1.3",0.480002270001578,FALSE,TRUE,39
"1.2.2.1.2.2.2.2.2.2.2.2.2.2.2.2.2.1.2.2.1.2",0.509811561626209,FALSE,TRUE,38
"2.1.2.1.2.2.2.2.2.2.2.2.2.2.2.2.2.1.2.2.1.2",0.507829027278903,FALSE,TRUE,37
"2.2.1.1.2.2.2.2.2.2.2.2.2.2.2.2.2.1.2.2.1.2",0.498229338725822,FALSE,TRUE,38
"2.2.2.1.1.2.2.2.2.2.2.2.2.2.2.2.2.1.2.2.1.2",0.536305483840793,FALSE,TRUE,38
"2.2.2.1.2.2.1.2.2.2.2.2.2.2.2.2.2.1.2.2.1.2",0.524022566730864,FALSE,TRUE,38
"2.2.2.1.2.2.2.1.2.2.2.2.2.2.2.2.2.1.2.2.1.2",0.443600808337062,FALSE,TRUE,38
"2.2.2.1.2.2.2.2.1.2.2.2.2.2.2.2.2.1.2.2.1.2",0.469218528907522,FALSE,TRUE,38
"2.2.2.1.2.2.2.2.2.1.2.2.2.2.2.2.2.1.2.2.1.2",0.543067049236001,FALSE,TRUE,38
"2.2.2.1.2.2.2.2.2.2.1.2.2.2.2.2.2.1.2.2.1.2",0.554134331871581,FALSE,TRUE,38
"2.2.2.1.2.2.2.2.2.2.2.1.2.2.2.2.2.1.2.2.1.2",0.509378948627742,FALSE,TRUE,38
"2.2.2.1.2.2.2.2.2.2.2.2.1.2.2.2.2.1.2.2.1.2",0.588739125604261,FALSE,TRUE,37
"2.2.2.1.2.2.2.2.2.2.2.2.2.1.2.2.2.1.2.2.1.2",0.53901202469581,FALSE,TRUE,38
"2.2.2.1.2.2.2.2.2.2.2.2.2.2.1.2.2.1.2.2.1.2",0.508257213603126,FALSE,TRUE,38
"2.2.2.1.2.2.2.2.2.2.2.2.2.2.2.1.2.1.2.2.1.2",0.499994829500278,FALSE,TRUE,37
"2.2.2.1.2.2.2.2.2.2.2.2.2.2.2.2.1.1.2.2.1.2",0.454649942918788,FALSE,TRUE,38
"2.2.2.1.2.2.2.2.2.2.2.2.2.2.2.2.2.1.2.1.1.2",0.4940388802219,FALSE,TRUE,38
"2.2.2.1.2.2.2.2.2.2.2.2.2.2.2.2.2.1.2.2.1.1",0.524111993009696,FALSE,TRUE,37
