"karyotype","fitness","is_fq","is_nn","boundary_degree"
"2.2.2.2.2.2.2.2.2.2.2.2.2.2.2.2.2.2.2.2.2.2",0.411390411745575,TRUE,FALSE,0
"2.2.2.2.2.2.2.2.2.2.2.2.2.2.2.2.2.2.2.2.2.3",0.254247563921382,TRUE,FALSE,0
"2.1.2.2.2.2.2.2.2.2.2.2.2.2.2.2.2.2.2.2.2.3",0.420007058637858,TRUE,FALSE,0
"1.2.2.2.2.2.2.2.2.2.2.2.2.2.2.2.2.2.2.2.2.2",0.54359015945735,TRUE,FALSE,0
"1.2.2.2.2.2.2.2.2.2.2.2.2.2.2.2.2.2.2.2.2.3",0.379035966162597,TRUE,FALSE,0
"2.2.2.2.2.2.2.2.2.1.2.2.2.2.2.2.2.2.2.2.2.2",0.549785562459658,TRUE,FALSE,0
"1.2.2.2.2.2.2.2.2.2.2.1.2.2.2.2.2.2.2.2.2.3",0.483224143956881,TRUE,FALSE,0
"1.2.2.2.2.1.2.2.2.2.2.1.2.2.2.2.2.2.2.2.2.3",0.574889655508115,TRUE,FALSE,0
"2.2.2.2.2.3.2.2.2.2.2.2.2.2.2.2.2.2.2.2.2.2",0.303237948896498,TRUE,FALSE,0
"1.2.2.2.2.2.2.2.2.2.2.2.2.2.2.2.2.2.2.3.2.2",0.568084130091448,TRUE,FALSE,0
"1.2.2.2.2.1.2.1.2.2.2.1.2.2.2.2.2.2.2.2.2.3",0.567344516235145,TRUE,FALSE,0
"1.2.2.2.2.2.2.2.2.2.2.2.2.2.2.3.2.2.2.2.2.2",0.546298780174273,TRUE,FALSE,0
"1.2.2.2.2.1.2.2.2.2.2.1.2.2.2.2.3.2.2.2.2.3",0.522996259695327,TRUE,FALSE,0
"1.2.2.2.2.2.2.2.2.2.2.2.2.2.2.3.2.2.2.2.3.2",0.380148069448124,TRUE,FALSE,0
"2.2.2.2.2.3.2.2.2.2.2.2.2.2.2.2.3.2.2.2.2.2",0.255424192060796,TRUE,FALSE,0
"1.2.2.2.2.2.2.2.2.2.2.3.2.2.2.2.2.2.2.2.2.2",0.405047134299426,TRUE,FALSE,0
"2.2.2.2.2.2.2.2.2.2.2.2.2.2.2.2.2.1.2.2.2.2",0.527484811539482,TRUE,FALSE,0
"1.2.2.2.2.1.2.1.2.2.2.1.2.2.1.2.2.2.2.2.2.3",0.553058320534566,TRUE,FALSE,0
"1.2.2.2.2.2.2.1.2.2.2.2.2.2.2.2.2.2.2.2.2.2",0.505014667036413,TRUE,FALSE,0
"2.2.2.2.2.2.2.2.2.2.2.2.2.2.2.2.2.1.1.2.2.2",0.572198414626277,TRUE,FALSE,0
"2.2.2.2.2.2.2.2.2.1.2.2.2.2.2.1.2.2.2.2.2.2",0.492963101947987,TRUE,FALSE,0
"1.2.2.2.2.1.2.1.2.3.2.1.2.2.1.2.2.2.2.2.2.3",0.462348151242213,TRUE,FALSE,0
"2.2.3.2.2.2.2.2.2.2.2.2.2.2.2.2.2.1.1.2.2.2",0.613993780450032,TRUE,FALSE,0
"1.2.2.2.2.1.2.1.2.3.2.1.2.2.1.2.2.2.2.3.2.3",0.616166835564591,TRUE,FALSE,0
"1.2.2.2.2.2.2.1.2.2.2.2.2.2.2.2.2.2.2.3.2.2",0.568010394627063,TRUE,FALSE,0
"2.2.2.3.2.3.2.2.2.2.2.2.2.2.2.2.2.2.2.2.2.2",0.303300130273912,TRUE,FALSE,0
"2.2.3.2.2.2.2.2.2.2.2.2.1.2.2.2.2.1.1.2.2.2",0.581335003352535,TRUE,FALSE,0
"1.2.2.2.2.1.2.2.2.2.2.1.2.2.2.2.2.2.2.2.2.2",0.676303337356884,TRUE,FALSE,0
"2.1.2.1.2.2.2.2.2.2.2.2.2.2.2.2.2.2.2.2.2.3",0.395019915432655,TRUE,FALSE,0
"2.2.2.3.2.3.2.2.2.2.2.1.2.2.2.2.2.2.2.2.2.2",0.380251256937255,TRUE,FALSE,0
"1.2.2.2.2.2.2.1.2.3.2.2.2.2.2.2.2.2.2.3.2.2",0.413373882198476,TRUE,FALSE,0
"2.2.2.2.2.2.2.2.2.2.2.2.1.2.2.2.2.2.2.2.2.3",0.239625436838695,TRUE,FALSE,0
"1.2.2.2.2.1.2.1.2.2.2.1.2.2.1.3.2.2.2.2.2.3",0.57833297345616,TRUE,FALSE,0
"2.2.3.3.2.2.2.2.2.2.2.2.2.2.2.2.2.1.1.2.2.2",0.682736300685085,TRUE,FALSE,0
"1.2.2.2.2.2.2.3.2.2.2.3.2.2.2.2.2.2.2.2.2.2",0.423741803213435,TRUE,FALSE,0
"2.2.3.3.2.2.2.3.2.2.2.2.2.2.2.2.2.1.1.2.2.2",0.630193652055907,TRUE,FALSE,0
"2.2.2.2.2.3.2.2.2.2.2.2.2.2.2.2.2.2.1.2.2.2",0.439410918657951,TRUE,FALSE,0
"1.2.2.2.2.2.2.1.2.2.2.3.2.2.2.2.2.2.2.2.2.2",0.357330498162271,TRUE,FALSE,0
"1.2.2.2.2.1.2.1.2.3.2.1.2.2.1.3.2.2.2.2.2.3",0.480690812455138,TRUE,FALSE,0
"2.2.3.3.3.2.2.3.2.2.2.2.2.2.2.2.2.1.1.2.2.2",0.562177862895527,TRUE,FALSE,0
"2.2.3.2.2.2.2.2.3.2.2.2.1.2.2.2.2.1.1.2.2.2",0.637689289244788,TRUE,FALSE,0
"1.2.2.2.2.2.2.1.2.2.2.1.2.2.1.3.2.2.2.2.2.3",0.564182180076414,TRUE,FALSE,0
"1.2.2.2.2.2.2.3.1.2.2.3.2.2.2.2.2.2.2.2.2.2",0.366494660072307,TRUE,FALSE,0
"2.2.2.2.2.3.2.2.2.2.2.2.2.2.2.2.1.2.2.2.2.2",0.329912334266895,TRUE,FALSE,0
"2.2.3.3.2.2.2.3.2.2.2.2.3.2.2.2.2.1.1.2.2.2",0.600946535904808,TRUE,FALSE,0
"2.2.3.4.2.2.2.2.2.2.2.2.2.2.2.2.2.1.1.2.2.2",0.709701124008989,TRUE,FALSE,0
"2.1.3.4.2.2.2.2.2.2.2.2.2.2.2.2.2.1.1.2.2.2",0.740613761235419,TRUE,FALSE,0
"1.2.2.2.2.1.2.1.2.3.2.1.3.2.1.2.2.2.2.2.2.3",0.531042539885517,TRUE,FALSE,0
"1.2.1.2.2.2.2.1.2.3.2.2.2.2.2.2.2.2.2.3.2.2",0.486460496855113,TRUE,FALSE,0
"2.2.3.2.2.2.2.3.3.2.2.2.1.2.2.2.2.1.1.2.2.2",0.63796360934318,TRUE,FALSE,0
"3.2.2.2.2.2.2.2.2.2.2.2.2.2.2.2.2.2.2.2.2.2",0.239571478338785,FALSE,TRUE,39
"2.3.2.2.2.2.2.2.2.2.2.2.2.2.2.2.2.2.2.2.2.2",0.251745947874736,FALSE,TRUE,38
"2.2.3.2.2.2.2.2.2.2.2.2.2.2.2.2.2.2.2.2.2.2",0.356515526686997,FALSE,TRUE,37
"2.2.2.3.2.2.2.2.2.2.2.2.2.2.2.2.2.2.2.2.2.2",0.44518940650249,FALSE,TRUE,37
"2.2.2.2.3.2.2.2.2.2.2.2.2.2.2.2.2.2.2.2.2.2",0.219797769148044,FALSE,TRUE,38
"2.2.2.2.2.2.3.2.2.2.2.2.2.2.2.2.2.2.2.2.2.2",0.212831545057742,FALSE,TRUE,38
"2.2.2.2.2.2.2.3.2.2.2.2.2.2.2.2.2.2.2.2.2.2",0.39905788209057,FALSE,TRUE,37
"2.2.2.2.2.2.2.2.3.2.2.2.2.2.2.2.2.2.2.2.2.2",0.497667821849786,FALSE,TRUE,38
"2.2.2.2.2.2.2.2.2.3.2.2.2.2.2.2.2.2.2.2.2.2",0.2443146776259,FALSE,TRUE,39
"2.2.2.2.2.2.2.2.2.2.3.2.2.2.2.2.2.2.2.2.2.2",0.189786132131705,FALSE,TRUE,38
"2.2.2.2.2.2.2.2.2.2.2.3.2.2.2.2.2.2.2.2.2.2",0.315861553844937,FALSE,TRUE,36
"2.2.2.2.2.2.2.2.2.2.2.2.3.2.2.2.2.2.2.2.2.2",0.407379359358913,FALSE,TRUE,38
"2.2.2.2.2.2.2.2.2.2.2.2.2.3.2.2.2.2.2.2.2.2",0.219151072367086,FALSE,TRUE,38
"2.2.2.2.2.2.2.2.2.2.2.2.2.2.3.2.2.2.2.2.2.2",0.175765173646638,FALSE,TRUE,38
"2.2.2.2.2.2.2.2.2.2.2.2.2.2.2.3.2.2.2.2.2.2",0.444514625855277,FALSE,TRUE,37
"2.2.2.2.2.2.2.2.2.2.2.2.2.2.2.2.3.2.2.2.2.2",0.344070319994852,FALSE,TRUE,38
"2.2.2.2.2.2.2.2.2.2.2.2.2.2.2.2.2.3.2.2.2.2",0.251631409519069,FALSE,TRUE,39
"2.2.2.2.2.2.2.2.2.2.2.2.2.2.2.2.2.2.3.2.2.2",0.237402073081522,FALSE,TRUE,38
"2.2.2.2.2.2.2.2.2.2.2.2.2.2.2.2.2.2.2.3.2.2",0.395037087966731,FALSE,TRUE,37
"2.2.2.2.2.2.2.2.2.2.2.2.2.2.2.2.2.2.2.2.3.2",0.221741593250336,FALSE,TRUE,37
"2.1.2.2.2.2.2.2.2.2.2.2.2.2.2.2.2.2.2.2.2.2",0.543564059505873,FALSE,TRUE,36
"2.2.1.2.2.2.2.2.2.2.2.2.2.2.2.2.2.2.2.2.2.2",0.476413412763801,FALSE,TRUE,37
"2.2.2.1.2.2.2.2.2.2.2.2.2.2.2.2.2.2.2.2.2.2",0.396787467049524,FALSE,TRUE,36
"2.2.2.2.1.2.2.2.2.2.2.2.2.2.2.2.2.2.2.2.2.2",0.530728485625358,FALSE,TRUE,37
"2.2.2.2.2.1.2.2.2.2.2.2.2.2.2.2.2.2.2.2.2.2",0.517835303749508,FALSE,TRUE,37
"2.2.2.2.2.2.1.2.2.2.2.2.2.2.2.2.2.2.2.2.2.2",0.551745167998437,FALSE,TRUE,37
"2.2.2.2.2.2.2.1.2.2.2.2.2.2.2.2.2.2.2.2.2.2",0.381297182665197,FALSE,TRUE,35
"2.2.2.2.2.2.2.2.1.2.2.2.2.2.2.2.2.2.2.2.2.2",0.324878151983463,FALSE,TRUE,37
"2.2.2.2.2.2.2.2.2.2.1.2.2.2.2.2.2.2.2.2.2.2",0.585737713156175,FALSE,TRUE,37
"2.2.2.2.2.2.2.2.2.2.2.1.2.2.2.2.2.2.2.2.2.2",0.472635156016197,FALSE,TRUE,35
"2.2.2.2.2.2.2.2.2.2.2.2.1.2.2.2.2.2.2.2.2.2",0.420284877245231,FALSE,TRUE,37
"2.2.2.2.2.2.2.2.2.2.2.2.2.1.2.2.2.2.2.2.2.2",0.523071881428176,FALSE,TRUE,37
"2.2.2.2.2.2.2.2.2.2.2.2.2.2.1.2.2.2.2.2.2.2",0.582126566847594,FALSE,TRUE,37
"2.2.2.2.2.2.2.2.2.2.2.2.2.2.2.1.2.2.2.2.2.2",0.357463314971922,FALSE,TRUE,37
"2.2.2.2.2.2.2.2.2.2.2.2.2.2.2.2.1.2.2.2.2.2",0.444067578653222,FALSE,TRUE,37
"2.2.2.2.2.2.2.2.2.2.2.2.2.2.2.2.2.2.1.2.2.2",0.536629057582869,FALSE,TRUE,36
"2.2.2.2.2.2.2.2.2.2.2.2.2.2.2.2.2.2.2.1.2.2",0.40649193694495,FALSE,TRUE,37
"2.2.2.2.2.2.2.2.2.2.2.2.2.2.2.2.2.2.2.2.1.2",0.580086463512955,FALSE,TRUE,37
"2.2.2.2.2.2.2.2.2.2.2.2.2.2.2.2.2.2.2.2.2.1",0.518329499940087,FALSE,TRUE,38
"3.2.2.2.2.2.2.2.2.2.2.2.2.2.2.2.2.2.2.2.2.3",0.104505889940395,FALSE,TRUE,40
"2.3.2.2.2.2.2.2.2.2.2.2.2.2.2.2.2.2.2.2.2.3",0.0817227886368878,FALSE,TRUE,40
"2.2.3.2.2.2.2.2.2.2.2.2.2.2.2.2.2.2.2.2.2.3",0.203055132660828,FALSE,TRUE,39
"2.2.2.3.2.2.2.2.2.2.2.2.2.2.2.2.2.2.2.2.2.3",0.305837805348517,FALSE,TRUE,38
"2.2.2.2.3.2.2.2.2.2.2.2.2.2.2.2.2.2.2.2.2.3",0.04228736170783,FALSE,TRUE,39
"2.2.2.2.2.3.2.2.2.2.2.2.2.2.2.2.2.2.2.2.2.3",0.116788824351721,FALSE,TRUE,35
"2.2.2.2.2.2.3.2.2.2.2.2.2.2.2.2.2.2.2.2.2.3",0.0473837311499711,FALSE,TRUE,39
"2.2.2.2.2.2.2.3.2.2.2.2.2.2.2.2.2.2.2.2.2.3",0.271254337047544,FALSE,TRUE,39
"2.2.2.2.2.2.2.2.3.2.2.2.2.2.2.2.2.2.2.2.2.3",0.347565585898227,FALSE,TRUE,39
"2.2.2.2.2.2.2.2.2.3.2.2.2.2.2.2.2.2.2.2.2.3",0.0673745761058401,FALSE,TRUE,39
"2.2.2.2.2.2.2.2.2.2.3.2.2.2.2.2.2.2.2.2.2.3",0.0297176564560278,FALSE,TRUE,39
"2.2.2.2.2.2.2.2.2.2.2.3.2.2.2.2.2.2.2.2.2.3",0.146015139369033,FALSE,TRUE,39
"2.2.2.2.2.2.2.2.2.2.2.2.3.2.2.2.2.2.2.2.2.3",0.272768889012151,FALSE,TRUE,40
"2.2.2.2.2.2.2.2.2.2.2.2.2.3.2.2.2.2.2.2.2.3",0.0317997859993594,FALSE,TRUE,39
"2.2.2.2.2.2.2.2.2.2.2.2.2.2.3.2.2.2.2.2.2.3",0.0528408044885783,FALSE,TRUE,39
"2.2.2.2.2.2.2.2.2.2.2.2.2.2.2.3.2.2.2.2.2.3",0.291375350892948,FALSE,TRUE,39
"2.2.2.2.2.2.2.2.2.2.2.2.2.2.2.2.3.2.2.2.2.3",0.223773433951447,FALSE,TRUE,38
"2.2.2.2.2.2.2.2.2.2.2.2.2.2.2.2.2.3.2.2.2.3",0.0524912733256991,FALSE,TRUE,39
"2.2.2.2.2.2.2.2.2.2.2.2.2.2.2.2.2.2.3.2.2.3",0.0351844619235121,FALSE,TRUE,39
"2.2.2.2.2.2.2.2.2.2.2.2.2.2.2.2.2.2.2.3.2.3",0.291331053441323,FALSE,TRUE,39
"2.2.2.2.2.2.2.2.2.2.2.2.2.2.2.2.2.2.2.2.3.3",0.0600360197502253,FALSE,TRUE,39
"2.2.2.2.2.2.2.2.2.2.2.2.2.2.2.2.2.2.2.2.2.4",0.0868858831255413,FALSE,TRUE,40
"2.2.1.2.2.2.2.2.2.2.2.2.2.2.2.2.2.2.2.2.2.3",0.325806276686644,FALSE,TRUE,38
"2.2.2.1.2.2.2.2.2.2.2.2.2.2.2.2.2.2.2.2.2.3",0.233468952247584,FALSE,TRUE,38
"2.2.2.2.1.2.2.2.2.2.2.2.2.2.2.2.2.2.2.2.2.3",0.433146300107295,FALSE,TRUE,38
"2.2.2.2.2.1.2.2.2.2.2.2.2.2.2.2.2.2.2.2.2.3",0.401207059766774,FALSE,TRUE,37
"2.2.2.2.2.2.1.2.2.2.2.2.2.2.2.2.2.2.2.2.2.3",0.444964036278157,FALSE,TRUE,38
"2.2.2.2.2.2.2.1.2.2.2.2.2.2.2.2.2.2.2.2.2.3",0.222437570341028,FALSE,TRUE,38
"2.2.2.2.2.2.2.2.1.2.2.2.2.2.2.2.2.2.2.2.2.3",0.174996133992964,FALSE,TRUE,38
"2.2.2.2.2.2.2.2.2.1.2.2.2.2.2.2.2.2.2.2.2.3",0.427071853081555,FALSE,TRUE,37
"2.2.2.2.2.2.2.2.2.2.1.2.2.2.2.2.2.2.2.2.2.3",0.452187665642636,FALSE,TRUE,38
"2.2.2.2.2.2.2.2.2.2.2.1.2.2.2.2.2.2.2.2.2.3",0.350795974891941,FALSE,TRUE,37
"2.2.2.2.2.2.2.2.2.2.2.2.2.1.2.2.2.2.2.2.2.3",0.410425128286667,FALSE,TRUE,38
"2.2.2.2.2.2.2.2.2.2.2.2.2.2.1.2.2.2.2.2.2.3",0.402394322121377,FALSE,TRUE,38
"2.2.2.2.2.2.2.2.2.2.2.2.2.2.2.1.2.2.2.2.2.3",0.219316765186142,FALSE,TRUE,37
"2.2.2.2.2.2.2.2.2.2.2.2.2.2.2.2.1.2.2.2.2.3",0.27538834822275,FALSE,TRUE,37
"2.2.2.2.2.2.2.2.2.2.2.2.2.2.2.2.2.1.2.2.2.3",0.425516099971389,FALSE,TRUE,37
"2.2.2.2.2.2.2.2.2.2.2.2.2.2.2.2.2.2.1.2.2.3",0.436930861810942,FALSE,TRUE,36
"2.2.2.2.2.2.2.2.2.2.2.2.2.2.2.2.2.2.2.1.2.3",0.199648279154706,FALSE,TRUE,38
"2.2.2.2.2.2.2.2.2.2.2.2.2.2.2.2.2.2.2.2.1.3",0.453931251284146,FALSE,TRUE,38
"3.1.2.2.2.2.2.2.2.2.2.2.2.2.2.2.2.2.2.2.2.3",0.261389451379458,FALSE,TRUE,40
"2.1.3.2.2.2.2.2.2.2.2.2.2.2.2.2.2.2.2.2.2.3",0.384998713386549,FALSE,TRUE,40
"2.1.2.3.2.2.2.2.2.2.2.2.2.2.2.2.2.2.2.2.2.3",0.44568353363327,FALSE,TRUE,41
"2.1.2.2.3.2.2.2.2.2.2.2.2.2.2.2.2.2.2.2.2.3",0.218595778056743,FALSE,TRUE,40
"2.1.2.2.2.3.2.2.2.2.2.2.2.2.2.2.2.2.2.2.2.3",0.24927176438407,FALSE,TRUE,39
"2.1.2.2.2.2.3.2.2.2.2.2.2.2.2.2.2.2.2.2.2.3",0.185685174468066,FALSE,TRUE,40
"2.1.2.2.2.2.2.3.2.2.2.2.2.2.2.2.2.2.2.2.2.3",0.421614448559068,FALSE,TRUE,40
"2.1.2.2.2.2.2.2.3.2.2.2.2.2.2.2.2.2.2.2.2.3",0.501064810462457,FALSE,TRUE,40
"2.1.2.2.2.2.2.2.2.3.2.2.2.2.2.2.2.2.2.2.2.3",0.243671445771091,FALSE,TRUE,40
"2.1.2.2.2.2.2.2.2.2.3.2.2.2.2.2.2.2.2.2.2.3",0.187723833215258,FALSE,TRUE,40
"2.1.2.2.2.2.2.2.2.2.2.3.2.2.2.2.2.2.2.2.2.3",0.312291058891862,FALSE,TRUE,40
"2.1.2.2.2.2.2.2.2.2.2.2.3.2.2.2.2.2.2.2.2.3",0.427465473084027,FALSE,TRUE,40
"2.1.2.2.2.2.2.2.2.2.2.2.2.3.2.2.2.2.2.2.2.3",0.221203417803034,FALSE,TRUE,40
"2.1.2.2.2.2.2.2.2.2.2.2.2.2.3.2.2.2.2.2.2.3",0.211317880342276,FALSE,TRUE,40
"2.1.2.2.2.2.2.2.2.2.2.2.2.2.2.3.2.2.2.2.2.3",0.43562540771843,FALSE,TRUE,40
"2.1.2.2.2.2.2.2.2.2.2.2.2.2.2.2.3.2.2.2.2.3",0.39890215083844,FALSE,TRUE,40
"2.1.2.2.2.2.2.2.2.2.2.2.2.2.2.2.2.3.2.2.2.3",0.231093300309744,FALSE,TRUE,40
"2.1.2.2.2.2.2.2.2.2.2.2.2.2.2.2.2.2.3.2.2.3",0.207412131526301,FALSE,TRUE,40
"2.1.2.2.2.2.2.2.2.2.2.2.2.2.2.2.2.2.2.3.2.3",0.453090821895794,FALSE,TRUE,40
"2.1.2.2.2.2.2.2.2.2.2.2.2.2.2.2.2.2.2.2.3.3",0.22843626187839,FALSE,TRUE,40
"2.1.2.2.2.2.2.2.2.2.2.2.2.2.2.2.2.2.2.2.2.4",0.259487381700539,FALSE,TRUE,40
"1.1.2.2.2.2.2.2.2.2.2.2.2.2.2.2.2.2.2.2.2.3",0.524921090463489,FALSE,TRUE,37
"2.1.1.2.2.2.2.2.2.2.2.2.2.2.2.2.2.2.2.2.2.3",0.457147046689086,FALSE,TRUE,39
"2.1.2.2.1.2.2.2.2.2.2.2.2.2.2.2.2.2.2.2.2.3",0.571989596382904,FALSE,TRUE,39
"2.1.2.2.2.1.2.2.2.2.2.2.2.2.2.2.2.2.2.2.2.3",0.587204066215666,FALSE,TRUE,39
"2.1.2.2.2.2.1.2.2.2.2.2.2.2.2.2.2.2.2.2.2.3",0.594046932692199,FALSE,TRUE,39
"2.1.2.2.2.2.2.1.2.2.2.2.2.2.2.2.2.2.2.2.2.3",0.390679681644123,FALSE,TRUE,39
"2.1.2.2.2.2.2.2.1.2.2.2.2.2.2.2.2.2.2.2.2.3",0.334509888787367,FALSE,TRUE,39
"2.1.2.2.2.2.2.2.2.1.2.2.2.2.2.2.2.2.2.2.2.3",0.574110421246901,FALSE,TRUE,38
"2.1.2.2.2.2.2.2.2.2.1.2.2.2.2.2.2.2.2.2.2.3",0.597604347275426,FALSE,TRUE,39
"2.1.2.2.2.2.2.2.2.2.2.1.2.2.2.2.2.2.2.2.2.3",0.502994397017114,FALSE,TRUE,38
"2.1.2.2.2.2.2.2.2.2.2.2.1.2.2.2.2.2.2.2.2.3",0.391271593524127,FALSE,TRUE,39
"2.1.2.2.2.2.2.2.2.2.2.2.2.1.2.2.2.2.2.2.2.3",0.53792600160377,FALSE,TRUE,39
"2.1.2.2.2.2.2.2.2.2.2.2.2.2.1.2.2.2.2.2.2.3",0.559956264672147,FALSE,TRUE,39
"2.1.2.2.2.2.2.2.2.2.2.2.2.2.2.1.2.2.2.2.2.3",0.38652401422456,FALSE,TRUE,39
"2.1.2.2.2.2.2.2.2.2.2.2.2.2.2.2.1.2.2.2.2.3",0.408126270213275,FALSE,TRUE,39
"2.1.2.2.2.2.2.2.2.2.2.2.2.2.2.2.2.1.2.2.2.3",0.564062522190433,FALSE,TRUE,38
"2.1.2.2.2.2.2.2.2.2.2.2.2.2.2.2.2.2.1.2.2.3",0.566546112649001,FALSE,TRUE,39
"2.1.2.2.2.2.2.2.2.2.2.2.2.2.2.2.2.2.2.1.2.3",0.374200569984602,FALSE,TRUE,39
"2.1.2.2.2.2.2.2.2.2.2.2.2.2.2.2.2.2.2.2.1.3",0.596601443648799,FALSE,TRUE,39
"1.3.2.2.2.2.2.2.2.2.2.2.2.2.2.2.2.2.2.2.2.2",0.389145552547647,FALSE,TRUE,36
"1.2.3.2.2.2.2.2.2.2.2.2.2.2.2.2.2.2.2.2.2.2",0.476243563366664,FALSE,TRUE,36
"1.2.2.3.2.2.2.2.2.2.2.2.2.2.2.2.2.2.2.2.2.2",0.561986848357933,FALSE,TRUE,35
"1.2.2.2.3.2.2.2.2.2.2.2.2.2.2.2.2.2.2.2.2.2",0.336026657303581,FALSE,TRUE,36
"1.2.2.2.2.3.2.2.2.2.2.2.2.2.2.2.2.2.2.2.2.2",0.460990049684373,FALSE,TRUE,32
"1.2.2.2.2.2.3.2.2.2.2.2.2.2.2.2.2.2.2.2.2.2",0.308088400273618,FALSE,TRUE,36
"1.2.2.2.2.2.2.3.2.2.2.2.2.2.2.2.2.2.2.2.2.2",0.536229187480722,FALSE,TRUE,36
"1.2.2.2.2.2.2.2.3.2.2.2.2.2.2.2.2.2.2.2.2.2",0.589554258244652,FALSE,TRUE,36
"1.2.2.2.2.2.2.2.2.3.2.2.2.2.2.2.2.2.2.2.2.2",0.389727033553351,FALSE,TRUE,36
"1.2.2.2.2.2.2.2.2.2.3.2.2.2.2.2.2.2.2.2.2.2",0.335259668384465,FALSE,TRUE,36
"1.2.2.2.2.2.2.2.2.2.2.2.3.2.2.2.2.2.2.2.2.2",0.550085553609688,FALSE,TRUE,36
"1.2.2.2.2.2.2.2.2.2.2.2.2.3.2.2.2.2.2.2.2.2",0.307985171597791,FALSE,TRUE,36
"1.2.2.2.2.2.2.2.2.2.2.2.2.2.3.2.2.2.2.2.2.2",0.364085358553186,FALSE,TRUE,36
"1.2.2.2.2.2.2.2.2.2.2.2.2.2.2.2.3.2.2.2.2.2",0.470400043258726,FALSE,TRUE,35
"1.2.2.2.2.2.2.2.2.2.2.2.2.2.2.2.2.3.2.2.2.2",0.348314079760263,FALSE,TRUE,36
"1.2.2.2.2.2.2.2.2.2.2.2.2.2.2.2.2.2.3.2.2.2",0.339629637556244,FALSE,TRUE,36
"1.2.2.2.2.2.2.2.2.2.2.2.2.2.2.2.2.2.2.2.3.2",0.375846381643192,FALSE,TRUE,36
"1.1.2.2.2.2.2.2.2.2.2.2.2.2.2.2.2.2.2.2.2.2",0.640812346574151,FALSE,TRUE,35
"1.2.1.2.2.2.2.2.2.2.2.2.2.2.2.2.2.2.2.2.2.2",0.612465665430283,FALSE,TRUE,35
"1.2.2.1.2.2.2.2.2.2.2.2.2.2.2.2.2.2.2.2.2.2",0.525936596306235,FALSE,TRUE,35
"1.2.2.2.1.2.2.2.2.2.2.2.2.2.2.2.2.2.2.2.2.2",0.668041673688822,FALSE,TRUE,35
"1.2.2.2.2.1.2.2.2.2.2.2.2.2.2.2.2.2.2.2.2.2",0.610329198000484,FALSE,TRUE,34
"1.2.2.2.2.2.1.2.2.2.2.2.2.2.2.2.2.2.2.2.2.2",0.694528781483222,FALSE,TRUE,35
"1.2.2.2.2.2.2.2.1.2.2.2.2.2.2.2.2.2.2.2.2.2",0.479410884642182,FALSE,TRUE,34
"1.2.2.2.2.2.2.2.2.1.2.2.2.2.2.2.2.2.2.2.2.2",0.659647248434693,FALSE,TRUE,34
"1.2.2.2.2.2.2.2.2.2.1.2.2.2.2.2.2.2.2.2.2.2",0.681986600872509,FALSE,TRUE,35
"1.2.2.2.2.2.2.2.2.2.2.1.2.2.2.2.2.2.2.2.2.2",0.633181879608176,FALSE,TRUE,35
"1.2.2.2.2.2.2.2.2.2.2.2.1.2.2.2.2.2.2.2.2.2",0.511973961480842,FALSE,TRUE,35
"1.2.2.2.2.2.2.2.2.2.2.2.2.1.2.2.2.2.2.2.2.2",0.674994599820472,FALSE,TRUE,35
"1.2.2.2.2.2.2.2.2.2.2.2.2.2.1.2.2.2.2.2.2.2",0.627217891649093,FALSE,TRUE,35
"1.2.2.2.2.2.2.2.2.2.2.2.2.2.2.1.2.2.2.2.2.2",0.510983530699017,FALSE,TRUE,35
"1.2.2.2.2.2.2.2.2.2.2.2.2.2.2.2.1.2.2.2.2.2",0.569736007748802,FALSE,TRUE,34
"1.2.2.2.2.2.2.2.2.2.2.2.2.2.2.2.2.1.2.2.2.2",0.682577619170413,FALSE,TRUE,34
"1.2.2.2.2.2.2.2.2.2.2.2.2.2.2.2.2.2.1.2.2.2",0.667905618272867,FALSE,TRUE,33
"1.2.2.2.2.2.2.2.2.2.2.2.2.2.2.2.2.2.2.1.2.2",0.492984357101249,FALSE,TRUE,36
"1.2.2.2.2.2.2.2.2.2.2.2.2.2.2.2.2.2.2.2.1.2",0.682464668951901,FALSE,TRUE,35
"1.2.2.2.2.2.2.2.2.2.2.2.2.2.2.2.2.2.2.2.2.1",0.63968021111683,FALSE,TRUE,36
"1.3.2.2.2.2.2.2.2.2.2.2.2.2.2.2.2.2.2.2.2.3",0.196049855216273,FALSE,TRUE,39
"1.2.3.2.2.2.2.2.2.2.2.2.2.2.2.2.2.2.2.2.2.3",0.326388798543627,FALSE,TRUE,39
"1.2.2.3.2.2.2.2.2.2.2.2.2.2.2.2.2.2.2.2.2.3",0.414204522366969,FALSE,TRUE,39
"1.2.2.2.3.2.2.2.2.2.2.2.2.2.2.2.2.2.2.2.2.3",0.154472666370595,FALSE,TRUE,39
"1.2.2.2.2.3.2.2.2.2.2.2.2.2.2.2.2.2.2.2.2.3",0.26424097224437,FALSE,TRUE,39
"1.2.2.2.2.2.3.2.2.2.2.2.2.2.2.2.2.2.2.2.2.3",0.142415394140184,FALSE,TRUE,39
"1.2.2.2.2.2.2.3.2.2.2.2.2.2.2.2.2.2.2.2.2.3",0.392890788340126,FALSE,TRUE,38
"1.2.2.2.2.2.2.2.3.2.2.2.2.2.2.2.2.2.2.2.2.3",0.439807817340295,FALSE,TRUE,39
"1.2.2.2.2.2.2.2.2.3.2.2.2.2.2.2.2.2.2.2.2.3",0.220895722068994,FALSE,TRUE,39
"1.2.2.2.2.2.2.2.2.2.3.2.2.2.2.2.2.2.2.2.2.3",0.175958727809501,FALSE,TRUE,39
"1.2.2.2.2.2.2.2.2.2.2.3.2.2.2.2.2.2.2.2.2.3",0.249614616101023,FALSE,TRUE,38
"1.2.2.2.2.2.2.2.2.2.2.2.3.2.2.2.2.2.2.2.2.3",0.424454469435865,FALSE,TRUE,39
"1.2.2.2.2.2.2.2.2.2.2.2.2.3.2.2.2.2.2.2.2.3",0.12579680298282,FALSE,TRUE,39
"1.2.2.2.2.2.2.2.2.2.2.2.2.2.3.2.2.2.2.2.2.3",0.224566342633664,FALSE,TRUE,39
"1.2.2.2.2.2.2.2.2.2.2.2.2.2.2.3.2.2.2.2.2.3",0.399513283486942,FALSE,TRUE,38
"1.2.2.2.2.2.2.2.2.2.2.2.2.2.2.2.3.2.2.2.2.3",0.349933413813779,FALSE,TRUE,38
"1.2.2.2.2.2.2.2.2.2.2.2.2.2.2.2.2.3.2.2.2.3",0.167076465693884,FALSE,TRUE,39
"1.2.2.2.2.2.2.2.2.2.2.2.2.2.2.2.2.2.3.2.2.3",0.148151006580929,FALSE,TRUE,39
"1.2.2.2.2.2.2.2.2.2.2.2.2.2.2.2.2.2.2.3.2.3",0.458287598656078,FALSE,TRUE,38
"1.2.2.2.2.2.2.2.2.2.2.2.2.2.2.2.2.2.2.2.3.3",0.20563547001766,FALSE,TRUE,38
"1.2.2.2.2.2.2.2.2.2.2.2.2.2.2.2.2.2.2.2.2.4",0.188774997423325,FALSE,TRUE,40
"1.2.1.2.2.2.2.2.2.2.2.2.2.2.2.2.2.2.2.2.2.3",0.442718363854435,FALSE,TRUE,38
"1.2.2.1.2.2.2.2.2.2.2.2.2.2.2.2.2.2.2.2.2.3",0.35240289293198,FALSE,TRUE,37
"1.2.2.2.1.2.2.2.2.2.2.2.2.2.2.2.2.2.2.2.2.3",0.558902096509262,FALSE,TRUE,38
"1.2.2.2.2.1.2.2.2.2.2.2.2.2.2.2.2.2.2.2.2.3",0.489721071992569,FALSE,TRUE,36
"1.2.2.2.2.2.1.2.2.2.2.2.2.2.2.2.2.2.2.2.2.3",0.572729537702977,FALSE,TRUE,38
"1.2.2.2.2.2.2.1.2.2.2.2.2.2.2.2.2.2.2.2.2.3",0.345133840595396,FALSE,TRUE,35
"1.2.2.2.2.2.2.2.1.2.2.2.2.2.2.2.2.2.2.2.2.3",0.313370261002575,FALSE,TRUE,38
"1.2.2.2.2.2.2.2.2.1.2.2.2.2.2.2.2.2.2.2.2.3",0.517969133672164,FALSE,TRUE,38
"1.2.2.2.2.2.2.2.2.2.1.2.2.2.2.2.2.2.2.2.2.3",0.535916645637394,FALSE,TRUE,38
"1.2.2.2.2.2.2.2.2.2.2.2.1.2.2.2.2.2.2.2.2.3",0.311173026830251,FALSE,TRUE,38
"1.2.2.2.2.2.2.2.2.2.2.2.2.1.2.2.2.2.2.2.2.3",0.546311034277963,FALSE,TRUE,38
"1.2.2.2.2.2.2.2.2.2.2.2.2.2.1.2.2.2.2.2.2.3",0.450424966037364,FALSE,TRUE,38
"1.2.2.2.2.2.2.2.2.2.2.2.2.2.2.1.2.2.2.2.2.3",0.348596766041823,FALSE,TRUE,38
"1.2.2.2.2.2.2.2.2.2.2.2.2.2.2.2.1.2.2.2.2.3",0.383744487903353,FALSE,TRUE,38
"1.2.2.2.2.2.2.2.2.2.2.2.2.2.2.2.2.1.2.2.2.3",0.554717324220542,FALSE,TRUE,38
"1.2.2.2.2.2.2.2.2.2.2.2.2.2.2.2.2.2.1.2.2.3",0.543258045793354,FALSE,TRUE,38
"1.2.2.2.2.2.2.2.2.2.2.2.2.2.2.2.2.2.2.1.2.3",0.282350431158548,FALSE,TRUE,38
"1.2.2.2.2.2.2.2.2.2.2.2.2.2.2.2.2.2.2.2.1.3",0.551309885862448,FALSE,TRUE,38
"3.2.2.2.2.2.2.2.2.1.2.2.2.2.2.2.2.2.2.2.2.2",0.380295190204946,FALSE,TRUE,40
"2.3.2.2.2.2.2.2.2.1.2.2.2.2.2.2.2.2.2.2.2.2",0.385967120374354,FALSE,TRUE,40
"2.2.3.2.2.2.2.2.2.1.2.2.2.2.2.2.2.2.2.2.2.2",0.504891592968804,FALSE,TRUE,40
"2.2.2.3.2.2.2.2.2.1.2.2.2.2.2.2.2.2.2.2.2.2",0.569804745048194,FALSE,TRUE,39
"2.2.2.2.3.2.2.2.2.1.2.2.2.2.2.2.2.2.2.2.2.2",0.393958166585144,FALSE,TRUE,40
"2.2.2.2.2.3.2.2.2.1.2.2.2.2.2.2.2.2.2.2.2.2",0.497277481441724,FALSE,TRUE,36
"2.2.2.2.2.2.3.2.2.1.2.2.2.2.2.2.2.2.2.2.2.2",0.382071924207518,FALSE,TRUE,40
"2.2.2.2.2.2.2.3.2.1.2.2.2.2.2.2.2.2.2.2.2.2",0.496888678565823,FALSE,TRUE,40
"2.2.2.2.2.2.2.2.3.1.2.2.2.2.2.2.2.2.2.2.2.2",0.632948493616344,FALSE,TRUE,40
"2.2.2.2.2.2.2.2.2.1.3.2.2.2.2.2.2.2.2.2.2.2",0.364365053300225,FALSE,TRUE,40
"2.2.2.2.2.2.2.2.2.1.2.3.2.2.2.2.2.2.2.2.2.2",0.481270362670457,FALSE,TRUE,39
"2.2.2.2.2.2.2.2.2.1.2.2.3.2.2.2.2.2.2.2.2.2",0.527502979446725,FALSE,TRUE,40
"2.2.2.2.2.2.2.2.2.1.2.2.2.3.2.2.2.2.2.2.2.2",0.371940308861108,FALSE,TRUE,40
"2.2.2.2.2.2.2.2.2.1.2.2.2.2.3.2.2.2.2.2.2.2",0.320255169038299,FALSE,TRUE,40
"2.2.2.2.2.2.2.2.2.1.2.2.2.2.2.3.2.2.2.2.2.2",0.574257822640341,FALSE,TRUE,40
"2.2.2.2.2.2.2.2.2.1.2.2.2.2.2.2.3.2.2.2.2.2",0.451673107859324,FALSE,TRUE,39
"2.2.2.2.2.2.2.2.2.1.2.2.2.2.2.2.2.3.2.2.2.2",0.430957772904953,FALSE,TRUE,40
"2.2.2.2.2.2.2.2.2.1.2.2.2.2.2.2.2.2.3.2.2.2",0.424778301139252,FALSE,TRUE,40
"2.2.2.2.2.2.2.2.2.1.2.2.2.2.2.2.2.2.2.3.2.2",0.493751787374324,FALSE,TRUE,39
"2.2.2.2.2.2.2.2.2.1.2.2.2.2.2.2.2.2.2.2.3.2",0.391070991379484,FALSE,TRUE,40
"2.1.2.2.2.2.2.2.2.1.2.2.2.2.2.2.2.2.2.2.2.2",0.669558314393092,FALSE,TRUE,38
"2.2.1.2.2.2.2.2.2.1.2.2.2.2.2.2.2.2.2.2.2.2",0.582301341242893,FALSE,TRUE,39
"2.2.2.1.2.2.2.2.2.1.2.2.2.2.2.2.2.2.2.2.2.2",0.527772939019999,FALSE,TRUE,39
"2.2.2.2.1.2.2.2.2.1.2.2.2.2.2.2.2.2.2.2.2.2",0.614175209291315,FALSE,TRUE,39
"2.2.2.2.2.1.2.2.2.1.2.2.2.2.2.2.2.2.2.2.2.2",0.592671160615675,FALSE,TRUE,39
"2.2.2.2.2.2.1.2.2.1.2.2.2.2.2.2.2.2.2.2.2.2",0.640625954190351,FALSE,TRUE,39
"2.2.2.2.2.2.2.1.2.1.2.2.2.2.2.2.2.2.2.2.2.2",0.54493171670413,FALSE,TRUE,38
"2.2.2.2.2.2.2.2.1.1.2.2.2.2.2.2.2.2.2.2.2.2",0.455092974819549,FALSE,TRUE,39
"2.2.2.2.2.2.2.2.2.1.1.2.2.2.2.2.2.2.2.2.2.2",0.662224016662966,FALSE,TRUE,39
"2.2.2.2.2.2.2.2.2.1.2.1.2.2.2.2.2.2.2.2.2.2",0.567161040897696,FALSE,TRUE,39
"2.2.2.2.2.2.2.2.2.1.2.2.1.2.2.2.2.2.2.2.2.2",0.557086918467785,FALSE,TRUE,38
"2.2.2.2.2.2.2.2.2.1.2.2.2.1.2.2.2.2.2.2.2.2",0.617967449206901,FALSE,TRUE,39
"2.2.2.2.2.2.2.2.2.1.2.2.2.2.1.2.2.2.2.2.2.2",0.690067058761528,FALSE,TRUE,39
"2.2.2.2.2.2.2.2.2.1.2.2.2.2.2.2.1.2.2.2.2.2",0.600497487168249,FALSE,TRUE,38
"2.2.2.2.2.2.2.2.2.1.2.2.2.2.2.2.2.1.2.2.2.2",0.599037405113032,FALSE,TRUE,38
"2.2.2.2.2.2.2.2.2.1.2.2.2.2.2.2.2.2.1.2.2.2",0.593076137589371,FALSE,TRUE,37
"2.2.2.2.2.2.2.2.2.1.2.2.2.2.2.2.2.2.2.1.2.2",0.570928237573559,FALSE,TRUE,39
"2.2.2.2.2.2.2.2.2.1.2.2.2.2.2.2.2.2.2.2.1.2",0.670847849943411,FALSE,TRUE,39
"2.2.2.2.2.2.2.2.2.1.2.2.2.2.2.2.2.2.2.2.2.1",0.598451396461789,FALSE,TRUE,39
"1.3.2.2.2.2.2.2.2.2.2.1.2.2.2.2.2.2.2.2.2.3",0.305213886105168,FALSE,TRUE,39
"1.2.3.2.2.2.2.2.2.2.2.1.2.2.2.2.2.2.2.2.2.3",0.442245250316557,FALSE,TRUE,39
"1.2.2.3.2.2.2.2.2.2.2.1.2.2.2.2.2.2.2.2.2.3",0.519134516155736,FALSE,TRUE,39
"1.2.2.2.3.2.2.2.2.2.2.1.2.2.2.2.2.2.2.2.2.3",0.279932236028798,FALSE,TRUE,39
"1.2.2.2.2.3.2.2.2.2.2.1.2.2.2.2.2.2.2.2.2.3",0.379850554099554,FALSE,TRUE,40
"1.2.2.2.2.2.3.2.2.2.2.1.2.2.2.2.2.2.2.2.2.3",0.279985902738746,FALSE,TRUE,39
"1.2.2.2.2.2.2.3.2.2.2.1.2.2.2.2.2.2.2.2.2.3",0.47612604885728,FALSE,TRUE,39
"1.2.2.2.2.2.2.2.3.2.2.1.2.2.2.2.2.2.2.2.2.3",0.545912736075301,FALSE,TRUE,39
"1.2.2.2.2.2.2.2.2.3.2.1.2.2.2.2.2.2.2.2.2.3",0.34036314998772,FALSE,TRUE,39
"1.2.2.2.2.2.2.2.2.2.3.1.2.2.2.2.2.2.2.2.2.3",0.304629407110272,FALSE,TRUE,39
"1.2.2.2.2.2.2.2.2.2.2.1.3.2.2.2.2.2.2.2.2.3",0.526215258673147,FALSE,TRUE,39
"1.2.2.2.2.2.2.2.2.2.2.1.2.3.2.2.2.2.2.2.2.3",0.26656678015959,FALSE,TRUE,39
"1.2.2.2.2.2.2.2.2.2.2.1.2.2.3.2.2.2.2.2.2.3",0.327037560347484,FALSE,TRUE,39
"1.2.2.2.2.2.2.2.2.2.2.1.2.2.2.3.2.2.2.2.2.3",0.521612864356233,FALSE,TRUE,36
"1.2.2.2.2.2.2.2.2.2.2.1.2.2.2.2.3.2.2.2.2.3",0.451531956994314,FALSE,TRUE,39
"1.2.2.2.2.2.2.2.2.2.2.1.2.2.2.2.2.3.2.2.2.3",0.313146912470069,FALSE,TRUE,39
"1.2.2.2.2.2.2.2.2.2.2.1.2.2.2.2.2.2.3.2.2.3",0.301322012008369,FALSE,TRUE,39
"1.2.2.2.2.2.2.2.2.2.2.1.2.2.2.2.2.2.2.3.2.3",0.532725407522722,FALSE,TRUE,38
"1.2.2.2.2.2.2.2.2.2.2.1.2.2.2.2.2.2.2.2.3.3",0.313922446482188,FALSE,TRUE,39
"1.2.2.2.2.2.2.2.2.2.2.1.2.2.2.2.2.2.2.2.2.4",0.280210056231959,FALSE,TRUE,39
"1.1.2.2.2.2.2.2.2.2.2.1.2.2.2.2.2.2.2.2.2.3",0.618762659381629,FALSE,TRUE,37
"1.2.1.2.2.2.2.2.2.2.2.1.2.2.2.2.2.2.2.2.2.3",0.521294862075769,FALSE,TRUE,38
"1.2.2.1.2.2.2.2.2.2.2.1.2.2.2.2.2.2.2.2.2.3",0.457606808311757,FALSE,TRUE,38
"1.2.2.2.1.2.2.2.2.2.2.1.2.2.2.2.2.2.2.2.2.3",0.622606013426411,FALSE,TRUE,38
"1.2.2.2.2.2.1.2.2.2.2.1.2.2.2.2.2.2.2.2.2.3",0.615597779771744,FALSE,TRUE,38
"1.2.2.2.2.2.2.1.2.2.2.1.2.2.2.2.2.2.2.2.2.3",0.45287361166233,FALSE,TRUE,35
"1.2.2.2.2.2.2.2.1.2.2.1.2.2.2.2.2.2.2.2.2.3",0.409207999462744,FALSE,TRUE,38
"1.2.2.2.2.2.2.2.2.1.2.1.2.2.2.2.2.2.2.2.2.3",0.584120413568126,FALSE,TRUE,38
"1.2.2.2.2.2.2.2.2.2.1.1.2.2.2.2.2.2.2.2.2.3",0.586467719666652,FALSE,TRUE,38
"1.2.2.2.2.2.2.2.2.2.2.1.1.2.2.2.2.2.2.2.2.3",0.405452014971348,FALSE,TRUE,37
"1.2.2.2.2.2.2.2.2.2.2.1.2.1.2.2.2.2.2.2.2.3",0.59613334989228,FALSE,TRUE,38
"1.2.2.2.2.2.2.2.2.2.2.1.2.2.1.2.2.2.2.2.2.3",0.556783071521241,FALSE,TRUE,36
"1.2.2.2.2.2.2.2.2.2.2.1.2.2.2.1.2.2.2.2.2.3",0.423580465878827,FALSE,TRUE,38
"1.2.2.2.2.2.2.2.2.2.2.1.2.2.2.2.1.2.2.2.2.3",0.477825175168318,FALSE,TRUE,38
"1.2.2.2.2.2.2.2.2.2.2.1.2.2.2.2.2.1.2.2.2.3",0.585983430099457,FALSE,TRUE,38
"1.2.2.2.2.2.2.2.2.2.2.1.2.2.2.2.2.2.1.2.2.3",0.580646243502019,FALSE,TRUE,38
"1.2.2.2.2.2.2.2.2.2.2.1.2.2.2.2.2.2.2.1.2.3",0.403363587409409,FALSE,TRUE,38
"1.2.2.2.2.2.2.2.2.2.2.1.2.2.2.2.2.2.2.2.1.3",0.634407036756366,FALSE,TRUE,38
"2.2.2.2.2.1.2.2.2.2.2.1.2.2.2.2.2.2.2.2.2.3",0.481407160199189,FALSE,TRUE,36
"1.3.2.2.2.1.2.2.2.2.2.1.2.2.2.2.2.2.2.2.2.3",0.37437530303148,FALSE,TRUE,36
"1.2.3.2.2.1.2.2.2.2.2.1.2.2.2.2.2.2.2.2.2.3",0.553492502247361,FALSE,TRUE,36
"1.2.2.3.2.1.2.2.2.2.2.1.2.2.2.2.2.2.2.2.2.3",0.640384432721277,FALSE,TRUE,36
"1.2.2.2.3.1.2.2.2.2.2.1.2.2.2.2.2.2.2.2.2.3",0.372908776325972,FALSE,TRUE,36
"1.2.2.2.2.1.3.2.2.2.2.1.2.2.2.2.2.2.2.2.2.3",0.362004587620986,FALSE,TRUE,36
"1.2.2.2.2.1.2.3.2.2.2.1.2.2.2.2.2.2.2.2.2.3",0.53182354735276,FALSE,TRUE,37
"1.2.2.2.2.1.2.2.3.2.2.1.2.2.2.2.2.2.2.2.2.3",0.625452679490653,FALSE,TRUE,36
"1.2.2.2.2.1.2.2.2.3.2.1.2.2.2.2.2.2.2.2.2.3",0.48305833882095,FALSE,TRUE,35
"1.2.2.2.2.1.2.2.2.2.3.1.2.2.2.2.2.2.2.2.2.3",0.439155203294477,FALSE,TRUE,36
"1.2.2.2.2.1.2.2.2.2.2.1.3.2.2.2.2.2.2.2.2.3",0.625749267883075,FALSE,TRUE,36
"1.2.2.2.2.1.2.2.2.2.2.1.2.3.2.2.2.2.2.2.2.3",0.33815210573466,FALSE,TRUE,36
"1.2.2.2.2.1.2.2.2.2.2.1.2.2.3.2.2.2.2.2.2.3",0.474612176504544,FALSE,TRUE,36
"1.2.2.2.2.1.2.2.2.2.2.1.2.2.2.3.2.2.2.2.2.3",0.568227162609999,FALSE,TRUE,35
"1.2.2.2.2.1.2.2.2.2.2.1.2.2.2.2.2.3.2.2.2.3",0.406406695687105,FALSE,TRUE,36
"1.2.2.2.2.1.2.2.2.2.2.1.2.2.2.2.2.2.3.2.2.3",0.410720154691773,FALSE,TRUE,36
"1.2.2.2.2.1.2.2.2.2.2.1.2.2.2.2.2.2.2.3.2.3",0.652452074680472,FALSE,TRUE,36
"1.2.2.2.2.1.2.2.2.2.2.1.2.2.2.2.2.2.2.2.3.3",0.450969924864947,FALSE,TRUE,36
"1.2.2.2.2.1.2.2.2.2.2.1.2.2.2.2.2.2.2.2.2.4",0.394421628994091,FALSE,TRUE,37
"1.1.2.2.2.1.2.2.2.2.2.1.2.2.2.2.2.2.2.2.2.3",0.715496176803144,FALSE,TRUE,35
"1.2.1.2.2.1.2.2.2.2.2.1.2.2.2.2.2.2.2.2.2.3",0.577355580380995,FALSE,TRUE,35
"1.2.2.1.2.1.2.2.2.2.2.1.2.2.2.2.2.2.2.2.2.3",0.501937604286163,FALSE,TRUE,35
"1.2.2.2.1.1.2.2.2.2.2.1.2.2.2.2.2.2.2.2.2.3",0.700139065375471,FALSE,TRUE,35
"1.2.2.2.2.1.1.2.2.2.2.1.2.2.2.2.2.2.2.2.2.3",0.675834017966735,FALSE,TRUE,35
"1.2.2.2.2.1.2.2.1.2.2.1.2.2.2.2.2.2.2.2.2.3",0.5012310596628,FALSE,TRUE,35
"1.2.2.2.2.1.2.2.2.1.2.1.2.2.2.2.2.2.2.2.2.3",0.608396860814747,FALSE,TRUE,35
"1.2.2.2.2.1.2.2.2.2.1.1.2.2.2.2.2.2.2.2.2.3",0.620929417090458,FALSE,TRUE,35
"1.2.2.2.2.1.2.2.2.2.2.1.1.2.2.2.2.2.2.2.2.3",0.472811738298699,FALSE,TRUE,35
"1.2.2.2.2.1.2.2.2.2.2.1.2.1.2.2.2.2.2.2.2.3",0.691653663025882,FALSE,TRUE,35
"1.2.2.2.2.1.2.2.2.2.2.1.2.2.1.2.2.2.2.2.2.3",0.59004465022789,FALSE,TRUE,33
"1.2.2.2.2.1.2.2.2.2.2.1.2.2.2.1.2.2.2.2.2.3",0.543642769361675,FALSE,TRUE,35
"1.2.2.2.2.1.2.2.2.2.2.1.2.2.2.2.1.2.2.2.2.3",0.574286641658942,FALSE,TRUE,36
"1.2.2.2.2.1.2.2.2.2.2.1.2.2.2.2.2.1.2.2.2.3",0.666124425058429,FALSE,TRUE,35
"1.2.2.2.2.1.2.2.2.2.2.1.2.2.2.2.2.2.1.2.2.3",0.640129476764088,FALSE,TRUE,35
"1.2.2.2.2.1.2.2.2.2.2.1.2.2.2.2.2.2.2.1.2.3",0.462024944342049,FALSE,TRUE,35
"1.2.2.2.2.1.2.2.2.2.2.1.2.2.2.2.2.2.2.2.1.3",0.669145021717934,FALSE,TRUE,35
"3.2.2.2.2.3.2.2.2.2.2.2.2.2.2.2.2.2.2.2.2.2",0.128122688525548,FALSE,TRUE,38
"2.3.2.2.2.3.2.2.2.2.2.2.2.2.2.2.2.2.2.2.2.2",0.193377021645856,FALSE,TRUE,38
"2.2.3.2.2.3.2.2.2.2.2.2.2.2.2.2.2.2.2.2.2.2",0.220617561002375,FALSE,TRUE,38
"2.2.2.2.3.3.2.2.2.2.2.2.2.2.2.2.2.2.2.2.2.2",0.116185409766506,FALSE,TRUE,38
"2.2.2.2.2.4.2.2.2.2.2.2.2.2.2.2.2.2.2.2.2.2",0.214192437065539,FALSE,TRUE,39
"2.2.2.2.2.3.3.2.2.2.2.2.2.2.2.2.2.2.2.2.2.2",0.14512245898363,FALSE,TRUE,38
"2.2.2.2.2.3.2.3.2.2.2.2.2.2.2.2.2.2.2.2.2.2",0.32855399213802,FALSE,TRUE,38
"2.2.2.2.2.3.2.2.3.2.2.2.2.2.2.2.2.2.2.2.2.2",0.381645876117246,FALSE,TRUE,38
"2.2.2.2.2.3.2.2.2.3.2.2.2.2.2.2.2.2.2.2.2.2",0.0910691084487888,FALSE,TRUE,38
"2.2.2.2.2.3.2.2.2.2.3.2.2.2.2.2.2.2.2.2.2.2",0.0714643757678346,FALSE,TRUE,38
"2.2.2.2.2.3.2.2.2.2.2.3.2.2.2.2.2.2.2.2.2.2",0.204098776746522,FALSE,TRUE,37
"2.2.2.2.2.3.2.2.2.2.2.2.3.2.2.2.2.2.2.2.2.2",0.294313063075202,FALSE,TRUE,38
"2.2.2.2.2.3.2.2.2.2.2.2.2.3.2.2.2.2.2.2.2.2",0.157895136085921,FALSE,TRUE,38
"2.2.2.2.2.3.2.2.2.2.2.2.2.2.3.2.2.2.2.2.2.2",0.0483278974018655,FALSE,TRUE,38
"2.2.2.2.2.3.2.2.2.2.2.2.2.2.2.3.2.2.2.2.2.2",0.375220345051231,FALSE,TRUE,37
"2.2.2.2.2.3.2.2.2.2.2.2.2.2.2.2.2.3.2.2.2.2",0.158961260489075,FALSE,TRUE,38
"2.2.2.2.2.3.2.2.2.2.2.2.2.2.2.2.2.2.3.2.2.2",0.136544005629062,FALSE,TRUE,39
"2.2.2.2.2.3.2.2.2.2.2.2.2.2.2.2.2.2.2.3.2.2",0.266477101847222,FALSE,TRUE,37
"2.2.2.2.2.3.2.2.2.2.2.2.2.2.2.2.2.2.2.2.3.2",0.0804579127696471,FALSE,TRUE,38
"2.1.2.2.2.3.2.2.2.2.2.2.2.2.2.2.2.2.2.2.2.2",0.410167632765421,FALSE,TRUE,36
"2.2.1.2.2.3.2.2.2.2.2.2.2.2.2.2.2.2.2.2.2.2",0.401238747880095,FALSE,TRUE,37
"2.2.2.1.2.3.2.2.2.2.2.2.2.2.2.2.2.2.2.2.2.2",0.329397939322301,FALSE,TRUE,38
"2.2.2.2.1.3.2.2.2.2.2.2.2.2.2.2.2.2.2.2.2.2",0.425045610515197,FALSE,TRUE,37
"2.2.2.2.2.3.1.2.2.2.2.2.2.2.2.2.2.2.2.2.2.2",0.440543268132213,FALSE,TRUE,37
"2.2.2.2.2.3.2.1.2.2.2.2.2.2.2.2.2.2.2.2.2.2",0.242655824550974,FALSE,TRUE,36
"2.2.2.2.2.3.2.2.1.2.2.2.2.2.2.2.2.2.2.2.2.2",0.23380585735286,FALSE,TRUE,37
"2.2.2.2.2.3.2.2.2.2.1.2.2.2.2.2.2.2.2.2.2.2",0.507791478084342,FALSE,TRUE,37
"2.2.2.2.2.3.2.2.2.2.2.1.2.2.2.2.2.2.2.2.2.2",0.373941540352769,FALSE,TRUE,37
"2.2.2.2.2.3.2.2.2.2.2.2.1.2.2.2.2.2.2.2.2.2",0.338969702705112,FALSE,TRUE,36
"2.2.2.2.2.3.2.2.2.2.2.2.2.1.2.2.2.2.2.2.2.2",0.39437149753679,FALSE,TRUE,37
"2.2.2.2.2.3.2.2.2.2.2.2.2.2.1.2.2.2.2.2.2.2",0.516761777503869,FALSE,TRUE,37
"2.2.2.2.2.3.2.2.2.2.2.2.2.2.2.1.2.2.2.2.2.2",0.222359776879641,FALSE,TRUE,36
"2.2.2.2.2.3.2.2.2.2.2.2.2.2.2.2.2.1.2.2.2.2",0.414977643242178,FALSE,TRUE,37
"2.2.2.2.2.3.2.2.2.2.2.2.2.2.2.2.2.2.2.1.2.2",0.329110622035123,FALSE,TRUE,37
"2.2.2.2.2.3.2.2.2.2.2.2.2.2.2.2.2.2.2.2.1.2",0.510693483470106,FALSE,TRUE,37
"2.2.2.2.2.3.2.2.2.2.2.2.2.2.2.2.2.2.2.2.2.1",0.456303896676713,FALSE,TRUE,37
"1.3.2.2.2.2.2.2.2.2.2.2.2.2.2.2.2.2.2.3.2.2",0.414597240672332,FALSE,TRUE,40
"1.2.3.2.2.2.2.2.2.2.2.2.2.2.2.2.2.2.2.3.2.2",0.535643008517441,FALSE,TRUE,40
"1.2.2.3.2.2.2.2.2.2.2.2.2.2.2.2.2.2.2.3.2.2",0.597830944625356,FALSE,TRUE,40
"1.2.2.2.3.2.2.2.2.2.2.2.2.2.2.2.2.2.2.3.2.2",0.401094235243049,FALSE,TRUE,40
"1.2.2.2.2.3.2.2.2.2.2.2.2.2.2.2.2.2.2.3.2.2",0.456446916602562,FALSE,TRUE,39
"1.2.2.2.2.2.3.2.2.2.2.2.2.2.2.2.2.2.2.3.2.2",0.346043293982321,FALSE,TRUE,40
"1.2.2.2.2.2.2.3.2.2.2.2.2.2.2.2.2.2.2.3.2.2",0.517553309189305,FALSE,TRUE,40
"1.2.2.2.2.2.2.2.3.2.2.2.2.2.2.2.2.2.2.3.2.2",0.644146954267456,FALSE,TRUE,40
"1.2.2.2.2.2.2.2.2.3.2.2.2.2.2.2.2.2.2.3.2.2",0.439467318449117,FALSE,TRUE,39
"1.2.2.2.2.2.2.2.2.2.3.2.2.2.2.2.2.2.2.3.2.2",0.352675545865518,FALSE,TRUE,40
"1.2.2.2.2.2.2.2.2.2.2.3.2.2.2.2.2.2.2.3.2.2",0.465340708868609,FALSE,TRUE,39
"1.2.2.2.2.2.2.2.2.2.2.2.3.2.2.2.2.2.2.3.2.2",0.551036387089622,FALSE,TRUE,40
"1.2.2.2.2.2.2.2.2.2.2.2.2.3.2.2.2.2.2.3.2.2",0.380074398170642,FALSE,TRUE,40
"1.2.2.2.2.2.2.2.2.2.2.2.2.2.3.2.2.2.2.3.2.2",0.359836323972867,FALSE,TRUE,40
"1.2.2.2.2.2.2.2.2.2.2.2.2.2.2.3.2.2.2.3.2.2",0.553016591839238,FALSE,TRUE,39
"1.2.2.2.2.2.2.2.2.2.2.2.2.2.2.2.3.2.2.3.2.2",0.487267139761876,FALSE,TRUE,40
"1.2.2.2.2.2.2.2.2.2.2.2.2.2.2.2.2.3.2.3.2.2",0.405132140888837,FALSE,TRUE,40
"1.2.2.2.2.2.2.2.2.2.2.2.2.2.2.2.2.2.3.3.2.2",0.388635067078677,FALSE,TRUE,40
"1.2.2.2.2.2.2.2.2.2.2.2.2.2.2.2.2.2.2.4.2.2",0.559853667161165,FALSE,TRUE,41
"1.2.2.2.2.2.2.2.2.2.2.2.2.2.2.2.2.2.2.3.3.2",0.415334877270328,FALSE,TRUE,39
"1.1.2.2.2.2.2.2.2.2.2.2.2.2.2.2.2.2.2.3.2.2",0.662373785977214,FALSE,TRUE,39
"1.2.1.2.2.2.2.2.2.2.2.2.2.2.2.2.2.2.2.3.2.2",0.591073384036997,FALSE,TRUE,38
"1.2.2.1.2.2.2.2.2.2.2.2.2.2.2.2.2.2.2.3.2.2",0.531804487203112,FALSE,TRUE,39
"1.2.2.2.1.2.2.2.2.2.2.2.2.2.2.2.2.2.2.3.2.2",0.641242670337826,FALSE,TRUE,39
"1.2.2.2.2.1.2.2.2.2.2.2.2.2.2.2.2.2.2.3.2.2",0.662235083555655,FALSE,TRUE,38
"1.2.2.2.2.2.1.2.2.2.2.2.2.2.2.2.2.2.2.3.2.2",0.693867219241429,FALSE,TRUE,39
"1.2.2.2.2.2.2.2.1.2.2.2.2.2.2.2.2.2.2.3.2.2",0.472404866690913,FALSE,TRUE,39
"1.2.2.2.2.2.2.2.2.1.2.2.2.2.2.2.2.2.2.3.2.2",0.650848899424769,FALSE,TRUE,38
"1.2.2.2.2.2.2.2.2.2.1.2.2.2.2.2.2.2.2.3.2.2",0.710219245899849,FALSE,TRUE,39
"1.2.2.2.2.2.2.2.2.2.2.1.2.2.2.2.2.2.2.3.2.2",0.617339279722583,FALSE,TRUE,37
"1.2.2.2.2.2.2.2.2.2.2.2.1.2.2.2.2.2.2.3.2.2",0.561157202780186,FALSE,TRUE,39
"1.2.2.2.2.2.2.2.2.2.2.2.2.1.2.2.2.2.2.3.2.2",0.645996476320932,FALSE,TRUE,39
"1.2.2.2.2.2.2.2.2.2.2.2.2.2.1.2.2.2.2.3.2.2",0.681761128381288,FALSE,TRUE,39
"1.2.2.2.2.2.2.2.2.2.2.2.2.2.2.1.2.2.2.3.2.2",0.551386631623524,FALSE,TRUE,39
"1.2.2.2.2.2.2.2.2.2.2.2.2.2.2.2.1.2.2.3.2.2",0.600392100405242,FALSE,TRUE,39
"1.2.2.2.2.2.2.2.2.2.2.2.2.2.2.2.2.1.2.3.2.2",0.670906547587122,FALSE,TRUE,38
"1.2.2.2.2.2.2.2.2.2.2.2.2.2.2.2.2.2.1.3.2.2",0.663032292272756,FALSE,TRUE,39
"1.2.2.2.2.2.2.2.2.2.2.2.2.2.2.2.2.2.2.3.1.2",0.690315603281213,FALSE,TRUE,39
"1.2.2.2.2.2.2.2.2.2.2.2.2.2.2.2.2.2.2.3.2.1",0.601924358857816,FALSE,TRUE,39
"2.2.2.2.2.1.2.1.2.2.2.1.2.2.2.2.2.2.2.2.2.3",0.474055465881234,FALSE,TRUE,38
"1.3.2.2.2.1.2.1.2.2.2.1.2.2.2.2.2.2.2.2.2.3",0.364972508398658,FALSE,TRUE,37
"1.2.3.2.2.1.2.1.2.2.2.1.2.2.2.2.2.2.2.2.2.3",0.518179248505024,FALSE,TRUE,37
"1.2.2.3.2.1.2.1.2.2.2.1.2.2.2.2.2.2.2.2.2.3",0.626004182090628,FALSE,TRUE,37
"1.2.2.2.3.1.2.1.2.2.2.1.2.2.2.2.2.2.2.2.2.3",0.374911698542296,FALSE,TRUE,37
"1.2.2.2.2.1.3.1.2.2.2.1.2.2.2.2.2.2.2.2.2.3",0.375481087845502,FALSE,TRUE,37
"1.2.2.2.2.1.2.1.3.2.2.1.2.2.2.2.2.2.2.2.2.3",0.58707906182407,FALSE,TRUE,37
"1.2.2.2.2.1.2.1.2.3.2.1.2.2.2.2.2.2.2.2.2.3",0.451210294103248,FALSE,TRUE,34
"1.2.2.2.2.1.2.1.2.2.3.1.2.2.2.2.2.2.2.2.2.3",0.429414995446019,FALSE,TRUE,37
"1.2.2.2.2.1.2.1.2.2.2.2.2.2.2.2.2.2.2.2.2.3",0.474859778517582,FALSE,TRUE,36
"1.2.2.2.2.1.2.1.2.2.2.1.3.2.2.2.2.2.2.2.2.3",0.634503499403562,FALSE,TRUE,36
"1.2.2.2.2.1.2.1.2.2.2.1.2.3.2.2.2.2.2.2.2.3",0.337799547193316,FALSE,TRUE,37
"1.2.2.2.2.1.2.1.2.2.2.1.2.2.3.2.2.2.2.2.2.3",0.49073857932257,FALSE,TRUE,38
"1.2.2.2.2.1.2.1.2.2.2.1.2.2.2.3.2.2.2.2.2.3",0.58952250973895,FALSE,TRUE,35
"1.2.2.2.2.1.2.1.2.2.2.1.2.2.2.2.3.2.2.2.2.3",0.561324398709934,FALSE,TRUE,37
"1.2.2.2.2.1.2.1.2.2.2.1.2.2.2.2.2.3.2.2.2.3",0.388115207824903,FALSE,TRUE,37
"1.2.2.2.2.1.2.1.2.2.2.1.2.2.2.2.2.2.3.2.2.3",0.363722280969249,FALSE,TRUE,37
"1.2.2.2.2.1.2.1.2.2.2.1.2.2.2.2.2.2.2.3.2.3",0.680646638071837,FALSE,TRUE,36
"1.2.2.2.2.1.2.1.2.2.2.1.2.2.2.2.2.2.2.2.3.3",0.450434570498974,FALSE,TRUE,37
"1.2.2.2.2.1.2.1.2.2.2.1.2.2.2.2.2.2.2.2.2.4",0.37631082564471,FALSE,TRUE,37
"1.1.2.2.2.1.2.1.2.2.2.1.2.2.2.2.2.2.2.2.2.3",0.699942011533415,FALSE,TRUE,36
"1.2.1.2.2.1.2.1.2.2.2.1.2.2.2.2.2.2.2.2.2.3",0.600553991169088,FALSE,TRUE,36
"1.2.2.1.2.1.2.1.2.2.2.1.2.2.2.2.2.2.2.2.2.3",0.49289582779522,FALSE,TRUE,36
"1.2.2.2.1.1.2.1.2.2.2.1.2.2.2.2.2.2.2.2.2.3",0.685594480782599,FALSE,TRUE,36
"1.2.2.2.2.1.1.1.2.2.2.1.2.2.2.2.2.2.2.2.2.3",0.654221628383862,FALSE,TRUE,36
"1.2.2.2.2.1.2.1.1.2.2.1.2.2.2.2.2.2.2.2.2.3",0.517492497954731,FALSE,TRUE,36
"1.2.2.2.2.1.2.1.2.1.2.1.2.2.2.2.2.2.2.2.2.3",0.634688089495434,FALSE,TRUE,36
"1.2.2.2.2.1.2.1.2.2.1.1.2.2.2.2.2.2.2.2.2.3",0.612626648744859,FALSE,TRUE,36
"1.2.2.2.2.1.2.1.2.2.2.1.1.2.2.2.2.2.2.2.2.3",0.445430529386836,FALSE,TRUE,36
"1.2.2.2.2.1.2.1.2.2.2.1.2.1.2.2.2.2.2.2.2.3",0.691590649896051,FALSE,TRUE,36
"1.2.2.2.2.1.2.1.2.2.2.1.2.2.2.1.2.2.2.2.2.3",0.503467384569128,FALSE,TRUE,36
"1.2.2.2.2.1.2.1.2.2.2.1.2.2.2.2.1.2.2.2.2.3",0.515011072095749,FALSE,TRUE,36
"1.2.2.2.2.1.2.1.2.2.2.1.2.2.2.2.2.1.2.2.2.3",0.668592526532525,FALSE,TRUE,36
"1.2.2.2.2.1.2.1.2.2.2.1.2.2.2.2.2.2.1.2.2.3",0.678924655536565,FALSE,TRUE,36
"1.2.2.2.2.1.2.1.2.2.2.1.2.2.2.2.2.2.2.1.2.3",0.421333452919222,FALSE,TRUE,36
"1.2.2.2.2.1.2.1.2.2.2.1.2.2.2.2.2.2.2.2.1.3",0.637062589481911,FALSE,TRUE,36
"1.2.2.2.2.1.2.1.2.2.2.1.2.2.2.2.2.2.2.2.2.2",0.67720433581001,FALSE,TRUE,35
"1.3.2.2.2.2.2.2.2.2.2.2.2.2.2.3.2.2.2.2.2.2",0.421345086847988,FALSE,TRUE,40
"1.2.3.2.2.2.2.2.2.2.2.2.2.2.2.3.2.2.2.2.2.2",0.465164400358872,FALSE,TRUE,40
"1.2.2.3.2.2.2.2.2.2.2.2.2.2.2.3.2.2.2.2.2.2",0.553407793992978,FALSE,TRUE,40
"1.2.2.2.3.2.2.2.2.2.2.2.2.2.2.3.2.2.2.2.2.2",0.327066925432459,FALSE,TRUE,40
"1.2.2.2.2.3.2.2.2.2.2.2.2.2.2.3.2.2.2.2.2.2",0.507723487282744,FALSE,TRUE,39
"1.2.2.2.2.2.3.2.2.2.2.2.2.2.2.3.2.2.2.2.2.2",0.307056310577795,FALSE,TRUE,40
"1.2.2.2.2.2.2.3.2.2.2.2.2.2.2.3.2.2.2.2.2.2",0.523310699873898,FALSE,TRUE,39
"1.2.2.2.2.2.2.2.3.2.2.2.2.2.2.3.2.2.2.2.2.2",0.57744430413257,FALSE,TRUE,40
"1.2.2.2.2.2.2.2.2.3.2.2.2.2.2.3.2.2.2.2.2.2",0.397718492708137,FALSE,TRUE,40
"1.2.2.2.2.2.2.2.2.2.3.2.2.2.2.3.2.2.2.2.2.2",0.340834878988705,FALSE,TRUE,40
"1.2.2.2.2.2.2.2.2.2.2.3.2.2.2.3.2.2.2.2.2.2",0.389782682190824,FALSE,TRUE,38
"1.2.2.2.2.2.2.2.2.2.2.2.3.2.2.3.2.2.2.2.2.2",0.517502416251236,FALSE,TRUE,40
"1.2.2.2.2.2.2.2.2.2.2.2.2.3.2.3.2.2.2.2.2.2",0.309276980741371,FALSE,TRUE,40
"1.2.2.2.2.2.2.2.2.2.2.2.2.2.3.3.2.2.2.2.2.2",0.359427958466615,FALSE,TRUE,40
"1.2.2.2.2.2.2.2.2.2.2.2.2.2.2.4.2.2.2.2.2.2",0.528365884960138,FALSE,TRUE,41
"1.2.2.2.2.2.2.2.2.2.2.2.2.2.2.3.3.2.2.2.2.2",0.431463964874685,FALSE,TRUE,40
"1.2.2.2.2.2.2.2.2.2.2.2.2.2.2.3.2.3.2.2.2.2",0.346692436890305,FALSE,TRUE,40
"1.2.2.2.2.2.2.2.2.2.2.2.2.2.2.3.2.2.3.2.2.2",0.36398288126112,FALSE,TRUE,40
"1.1.2.2.2.2.2.2.2.2.2.2.2.2.2.3.2.2.2.2.2.2",0.605774339973779,FALSE,TRUE,39
"1.2.1.2.2.2.2.2.2.2.2.2.2.2.2.3.2.2.2.2.2.2",0.623558432462061,FALSE,TRUE,39
"1.2.2.1.2.2.2.2.2.2.2.2.2.2.2.3.2.2.2.2.2.2",0.530549390059618,FALSE,TRUE,39
"1.2.2.2.1.2.2.2.2.2.2.2.2.2.2.3.2.2.2.2.2.2",0.689036099802342,FALSE,TRUE,39
"1.2.2.2.2.1.2.2.2.2.2.2.2.2.2.3.2.2.2.2.2.2",0.563550988980083,FALSE,TRUE,38
"1.2.2.2.2.2.1.2.2.2.2.2.2.2.2.3.2.2.2.2.2.2",0.691206418600277,FALSE,TRUE,39
"1.2.2.2.2.2.2.1.2.2.2.2.2.2.2.3.2.2.2.2.2.2",0.535454043086928,FALSE,TRUE,37
"1.2.2.2.2.2.2.2.1.2.2.2.2.2.2.3.2.2.2.2.2.2",0.497866368753255,FALSE,TRUE,39
"1.2.2.2.2.2.2.2.2.1.2.2.2.2.2.3.2.2.2.2.2.2",0.656876419791378,FALSE,TRUE,38
"1.2.2.2.2.2.2.2.2.2.1.2.2.2.2.3.2.2.2.2.2.2",0.689811292340418,FALSE,TRUE,39
"1.2.2.2.2.2.2.2.2.2.2.1.2.2.2.3.2.2.2.2.2.2",0.659891182688537,FALSE,TRUE,37
"1.2.2.2.2.2.2.2.2.2.2.2.1.2.2.3.2.2.2.2.2.2",0.545095593281684,FALSE,TRUE,39
"1.2.2.2.2.2.2.2.2.2.2.2.2.1.2.3.2.2.2.2.2.2",0.675838101908384,FALSE,TRUE,39
"1.2.2.2.2.2.2.2.2.2.2.2.2.2.1.3.2.2.2.2.2.2",0.632042136880595,FALSE,TRUE,39
"1.2.2.2.2.2.2.2.2.2.2.2.2.2.2.3.1.2.2.2.2.2",0.624295592889855,FALSE,TRUE,39
"1.2.2.2.2.2.2.2.2.2.2.2.2.2.2.3.2.1.2.2.2.2",0.700926456843467,FALSE,TRUE,38
"1.2.2.2.2.2.2.2.2.2.2.2.2.2.2.3.2.2.1.2.2.2",0.651750640116946,FALSE,TRUE,39
"1.2.2.2.2.2.2.2.2.2.2.2.2.2.2.3.2.2.2.1.2.2",0.512605722625084,FALSE,TRUE,39
"1.2.2.2.2.2.2.2.2.2.2.2.2.2.2.3.2.2.2.2.1.2",0.694108099554124,FALSE,TRUE,40
"1.2.2.2.2.2.2.2.2.2.2.2.2.2.2.3.2.2.2.2.2.1",0.627473571219529,FALSE,TRUE,39
"2.2.2.2.2.1.2.2.2.2.2.1.2.2.2.2.3.2.2.2.2.3",0.438976331556608,FALSE,TRUE,40
"1.3.2.2.2.1.2.2.2.2.2.1.2.2.2.2.3.2.2.2.2.3",0.322083759258754,FALSE,TRUE,39
"1.2.3.2.2.1.2.2.2.2.2.1.2.2.2.2.3.2.2.2.2.3",0.513590250502427,FALSE,TRUE,39
"1.2.2.3.2.1.2.2.2.2.2.1.2.2.2.2.3.2.2.2.2.3",0.635698334795594,FALSE,TRUE,39
"1.2.2.2.3.1.2.2.2.2.2.1.2.2.2.2.3.2.2.2.2.3",0.314466256098465,FALSE,TRUE,39
"1.2.2.2.2.1.3.2.2.2.2.1.2.2.2.2.3.2.2.2.2.3",0.291116935718106,FALSE,TRUE,39
"1.2.2.2.2.1.2.3.2.2.2.1.2.2.2.2.3.2.2.2.2.3",0.446705782875728,FALSE,TRUE,39
"1.2.2.2.2.1.2.2.3.2.2.1.2.2.2.2.3.2.2.2.2.3",0.585918541146316,FALSE,TRUE,39
"1.2.2.2.2.1.2.2.2.3.2.1.2.2.2.2.3.2.2.2.2.3",0.451001871929314,FALSE,TRUE,39
"1.2.2.2.2.1.2.2.2.2.3.1.2.2.2.2.3.2.2.2.2.3",0.399479686089281,FALSE,TRUE,39
"1.2.2.2.2.1.2.2.2.2.2.2.2.2.2.2.3.2.2.2.2.3",0.443108971861396,FALSE,TRUE,39
"1.2.2.2.2.1.2.2.2.2.2.1.3.2.2.2.3.2.2.2.2.3",0.548792914041334,FALSE,TRUE,39
"1.2.2.2.2.1.2.2.2.2.2.1.2.3.2.2.3.2.2.2.2.3",0.262067136639689,FALSE,TRUE,39
"1.2.2.2.2.1.2.2.2.2.2.1.2.2.3.2.3.2.2.2.2.3",0.415796724983596,FALSE,TRUE,39
"1.2.2.2.2.1.2.2.2.2.2.1.2.2.2.3.3.2.2.2.2.3",0.472803517511806,FALSE,TRUE,39
"1.2.2.2.2.1.2.2.2.2.2.1.2.2.2.2.4.2.2.2.2.3",0.434400721313821,FALSE,TRUE,40
"1.2.2.2.2.1.2.2.2.2.2.1.2.2.2.2.3.3.2.2.2.3",0.346416272215582,FALSE,TRUE,39
"1.2.2.2.2.1.2.2.2.2.2.1.2.2.2.2.3.2.3.2.2.3",0.380487770753375,FALSE,TRUE,39
"1.2.2.2.2.1.2.2.2.2.2.1.2.2.2.2.3.2.2.3.2.3",0.591458992617478,FALSE,TRUE,39
"1.2.2.2.2.1.2.2.2.2.2.1.2.2.2.2.3.2.2.2.3.3",0.42172601991578,FALSE,TRUE,39
"1.2.2.2.2.1.2.2.2.2.2.1.2.2.2.2.3.2.2.2.2.4",0.402417279276973,FALSE,TRUE,39
"1.1.2.2.2.1.2.2.2.2.2.1.2.2.2.2.3.2.2.2.2.3",0.668718596175037,FALSE,TRUE,38
"1.2.1.2.2.1.2.2.2.2.2.1.2.2.2.2.3.2.2.2.2.3",0.516362906919658,FALSE,TRUE,38
"1.2.2.1.2.1.2.2.2.2.2.1.2.2.2.2.3.2.2.2.2.3",0.409256907675226,FALSE,TRUE,38
"1.2.2.2.1.1.2.2.2.2.2.1.2.2.2.2.3.2.2.2.2.3",0.671773589217616,FALSE,TRUE,38
"1.2.2.2.2.1.1.2.2.2.2.1.2.2.2.2.3.2.2.2.2.3",0.642005498414342,FALSE,TRUE,38
"1.2.2.2.2.1.2.2.1.2.2.1.2.2.2.2.3.2.2.2.2.3",0.441599679933206,FALSE,TRUE,38
"1.2.2.2.2.1.2.2.2.1.2.1.2.2.2.2.3.2.2.2.2.3",0.536227964317331,FALSE,TRUE,38
"1.2.2.2.2.1.2.2.2.2.1.1.2.2.2.2.3.2.2.2.2.3",0.572581764584043,FALSE,TRUE,38
"1.2.2.2.2.1.2.2.2.2.2.1.1.2.2.2.3.2.2.2.2.3",0.445582738592174,FALSE,TRUE,38
"1.2.2.2.2.1.2.2.2.2.2.1.2.1.2.2.3.2.2.2.2.3",0.669061457349403,FALSE,TRUE,38
"1.2.2.2.2.1.2.2.2.2.2.1.2.2.1.2.3.2.2.2.2.3",0.555253611334341,FALSE,TRUE,37
"1.2.2.2.2.1.2.2.2.2.2.1.2.2.2.1.3.2.2.2.2.3",0.544003537860366,FALSE,TRUE,38
"1.2.2.2.2.1.2.2.2.2.2.1.2.2.2.2.3.1.2.2.2.3",0.639635192633465,FALSE,TRUE,38
"1.2.2.2.2.1.2.2.2.2.2.1.2.2.2.2.3.2.1.2.2.3",0.580516060183629,FALSE,TRUE,38
"1.2.2.2.2.1.2.2.2.2.2.1.2.2.2.2.3.2.2.1.2.3",0.418884965942524,FALSE,TRUE,38
"1.2.2.2.2.1.2.2.2.2.2.1.2.2.2.2.3.2.2.2.1.3",0.612648539806662,FALSE,TRUE,38
"1.2.2.2.2.1.2.2.2.2.2.1.2.2.2.2.3.2.2.2.2.2",0.569457147510145,FALSE,TRUE,39
"2.2.2.2.2.2.2.2.2.2.2.2.2.2.2.3.2.2.2.2.3.2",0.248023125170712,FALSE,TRUE,41
"1.3.2.2.2.2.2.2.2.2.2.2.2.2.2.3.2.2.2.2.3.2",0.245109489822313,FALSE,TRUE,41
"1.2.3.2.2.2.2.2.2.2.2.2.2.2.2.3.2.2.2.2.3.2",0.322590754837236,FALSE,TRUE,41
"1.2.2.3.2.2.2.2.2.2.2.2.2.2.2.3.2.2.2.2.3.2",0.413450190904589,FALSE,TRUE,41
"1.2.2.2.3.2.2.2.2.2.2.2.2.2.2.3.2.2.2.2.3.2",0.149905390348513,FALSE,TRUE,41
"1.2.2.2.2.3.2.2.2.2.2.2.2.2.2.3.2.2.2.2.3.2",0.295018082971815,FALSE,TRUE,41
"1.2.2.2.2.2.3.2.2.2.2.2.2.2.2.3.2.2.2.2.3.2",0.120760198038936,FALSE,TRUE,41
"1.2.2.2.2.2.2.3.2.2.2.2.2.2.2.3.2.2.2.2.3.2",0.369557602914191,FALSE,TRUE,41
"1.2.2.2.2.2.2.2.3.2.2.2.2.2.2.3.2.2.2.2.3.2",0.441698469620568,FALSE,TRUE,41
"1.2.2.2.2.2.2.2.2.3.2.2.2.2.2.3.2.2.2.2.3.2",0.222428417058986,FALSE,TRUE,41
"1.2.2.2.2.2.2.2.2.2.3.2.2.2.2.3.2.2.2.2.3.2",0.171543470819295,FALSE,TRUE,41
"1.2.2.2.2.2.2.2.2.2.2.3.2.2.2.3.2.2.2.2.3.2",0.238973200804914,FALSE,TRUE,40
"1.2.2.2.2.2.2.2.2.2.2.2.3.2.2.3.2.2.2.2.3.2",0.36780494602101,FALSE,TRUE,41
"1.2.2.2.2.2.2.2.2.2.2.2.2.3.2.3.2.2.2.2.3.2",0.128543059483077,FALSE,TRUE,41
"1.2.2.2.2.2.2.2.2.2.2.2.2.2.3.3.2.2.2.2.3.2",0.170918825652876,FALSE,TRUE,41
"1.2.2.2.2.2.2.2.2.2.2.2.2.2.2.4.2.2.2.2.3.2",0.383498716928726,FALSE,TRUE,41
"1.2.2.2.2.2.2.2.2.2.2.2.2.2.2.3.3.2.2.2.3.2",0.293926332002709,FALSE,TRUE,41
"1.2.2.2.2.2.2.2.2.2.2.2.2.2.2.3.2.3.2.2.3.2",0.181923412548935,FALSE,TRUE,41
"1.2.2.2.2.2.2.2.2.2.2.2.2.2.2.3.2.2.3.2.3.2",0.1926631495299,FALSE,TRUE,41
"1.2.2.2.2.2.2.2.2.2.2.2.2.2.2.3.2.2.2.3.3.2",0.406186905865155,FALSE,TRUE,40
"1.2.2.2.2.2.2.2.2.2.2.2.2.2.2.3.2.2.2.2.4.2",0.234233269266889,FALSE,TRUE,42
"1.2.2.2.2.2.2.2.2.2.2.2.2.2.2.3.2.2.2.2.3.3",0.235673316100006,FALSE,TRUE,40
"1.1.2.2.2.2.2.2.2.2.2.2.2.2.2.3.2.2.2.2.3.2",0.47094134526468,FALSE,TRUE,40
"1.2.1.2.2.2.2.2.2.2.2.2.2.2.2.3.2.2.2.2.3.2",0.451350096203218,FALSE,TRUE,40
"1.2.2.1.2.2.2.2.2.2.2.2.2.2.2.3.2.2.2.2.3.2",0.353922110541417,FALSE,TRUE,40
"1.2.2.2.1.2.2.2.2.2.2.2.2.2.2.3.2.2.2.2.3.2",0.564956585106941,FALSE,TRUE,40
"1.2.2.2.2.1.2.2.2.2.2.2.2.2.2.3.2.2.2.2.3.2",0.453829760633976,FALSE,TRUE,40
"1.2.2.2.2.2.1.2.2.2.2.2.2.2.2.3.2.2.2.2.3.2",0.574681478604187,FALSE,TRUE,40
"1.2.2.2.2.2.2.1.2.2.2.2.2.2.2.3.2.2.2.2.3.2",0.381756378347462,FALSE,TRUE,39
"1.2.2.2.2.2.2.2.1.2.2.2.2.2.2.3.2.2.2.2.3.2",0.317459285461467,FALSE,TRUE,40
"1.2.2.2.2.2.2.2.2.1.2.2.2.2.2.3.2.2.2.2.3.2",0.52042599912656,FALSE,TRUE,40
"1.2.2.2.2.2.2.2.2.2.1.2.2.2.2.3.2.2.2.2.3.2",0.562348691302242,FALSE,TRUE,40
"1.2.2.2.2.2.2.2.2.2.2.1.2.2.2.3.2.2.2.2.3.2",0.502684687855314,FALSE,TRUE,40
"1.2.2.2.2.2.2.2.2.2.2.2.1.2.2.3.2.2.2.2.3.2",0.377620694297494,FALSE,TRUE,40
"1.2.2.2.2.2.2.2.2.2.2.2.2.1.2.3.2.2.2.2.3.2",0.542764896670181,FALSE,TRUE,40
"1.2.2.2.2.2.2.2.2.2.2.2.2.2.1.3.2.2.2.2.3.2",0.506944592652116,FALSE,TRUE,40
"1.2.2.2.2.2.2.2.2.2.2.2.2.2.2.3.1.2.2.2.3.2",0.453655881344922,FALSE,TRUE,40
"1.2.2.2.2.2.2.2.2.2.2.2.2.2.2.3.2.1.2.2.3.2",0.566584200975813,FALSE,TRUE,40
"1.2.2.2.2.2.2.2.2.2.2.2.2.2.2.3.2.2.1.2.3.2",0.515966835609492,FALSE,TRUE,40
"1.2.2.2.2.2.2.2.2.2.2.2.2.2.2.3.2.2.2.1.3.2",0.338581444333849,FALSE,TRUE,40
"1.2.2.2.2.2.2.2.2.2.2.2.2.2.2.3.2.2.2.2.3.1",0.500322170059061,FALSE,TRUE,40
"3.2.2.2.2.3.2.2.2.2.2.2.2.2.2.2.3.2.2.2.2.2",0.0900384814089622,FALSE,TRUE,42
"2.3.2.2.2.3.2.2.2.2.2.2.2.2.2.2.3.2.2.2.2.2",0.131791349964057,FALSE,TRUE,42
"2.2.3.2.2.3.2.2.2.2.2.2.2.2.2.2.3.2.2.2.2.2",0.204716248618377,FALSE,TRUE,42
"2.2.2.3.2.3.2.2.2.2.2.2.2.2.2.2.3.2.2.2.2.2",0.284716720000121,FALSE,TRUE,41
"2.2.2.2.3.3.2.2.2.2.2.2.2.2.2.2.3.2.2.2.2.2",0.0594143784603889,FALSE,TRUE,42
"2.2.2.2.2.4.2.2.2.2.2.2.2.2.2.2.3.2.2.2.2.2",0.179431832129686,FALSE,TRUE,42
"2.2.2.2.2.3.3.2.2.2.2.2.2.2.2.2.3.2.2.2.2.2",0.0619287796799423,FALSE,TRUE,42
"2.2.2.2.2.3.2.3.2.2.2.2.2.2.2.2.3.2.2.2.2.2",0.230069904925429,FALSE,TRUE,42
"2.2.2.2.2.3.2.2.3.2.2.2.2.2.2.2.3.2.2.2.2.2",0.357158329826678,FALSE,TRUE,42
"2.2.2.2.2.3.2.2.2.3.2.2.2.2.2.2.3.2.2.2.2.2",0.0791741640385284,FALSE,TRUE,42
"2.2.2.2.2.3.2.2.2.2.3.2.2.2.2.2.3.2.2.2.2.2",0.0324038285836922,FALSE,TRUE,42
"2.2.2.2.2.3.2.2.2.2.2.3.2.2.2.2.3.2.2.2.2.2",0.169030246592282,FALSE,TRUE,42
"2.2.2.2.2.3.2.2.2.2.2.2.3.2.2.2.3.2.2.2.2.2",0.246654559454751,FALSE,TRUE,42
"2.2.2.2.2.3.2.2.2.2.2.2.2.3.2.2.3.2.2.2.2.2",0.0961227733742026,FALSE,TRUE,42
"2.2.2.2.2.3.2.2.2.2.2.2.2.2.3.2.3.2.2.2.2.2",-0.00404167700872111,FALSE,TRUE,42
"2.2.2.2.2.3.2.2.2.2.2.2.2.2.2.3.3.2.2.2.2.2",0.289470294779247,FALSE,TRUE,42
"2.2.2.2.2.3.2.2.2.2.2.2.2.2.2.2.4.2.2.2.2.2",0.195785315392338,FALSE,TRUE,43
"2.2.2.2.2.3.2.2.2.2.2.2.2.2.2.2.3.3.2.2.2.2",0.117412804957488,FALSE,TRUE,42
"2.2.2.2.2.3.2.2.2.2.2.2.2.2.2.2.3.2.3.2.2.2",0.121084063048778,FALSE,TRUE,42
"2.2.2.2.2.3.2.2.2.2.2.2.2.2.2.2.3.2.2.3.2.2",0.214523101027861,FALSE,TRUE,42
"2.2.2.2.2.3.2.2.2.2.2.2.2.2.2.2.3.2.2.2.3.2",0.041256237496221,FALSE,TRUE,42
"2.2.2.2.2.3.2.2.2.2.2.2.2.2.2.2.3.2.2.2.2.3",0.0890734726254731,FALSE,TRUE,41
"1.2.2.2.2.3.2.2.2.2.2.2.2.2.2.2.3.2.2.2.2.2",0.411091817309026,FALSE,TRUE,40
"2.1.2.2.2.3.2.2.2.2.2.2.2.2.2.2.3.2.2.2.2.2",0.380109426258673,FALSE,TRUE,41
"2.2.1.2.2.3.2.2.2.2.2.2.2.2.2.2.3.2.2.2.2.2",0.32768213968531,FALSE,TRUE,41
"2.2.2.1.2.3.2.2.2.2.2.2.2.2.2.2.3.2.2.2.2.2",0.261235641572182,FALSE,TRUE,41
"2.2.2.2.1.3.2.2.2.2.2.2.2.2.2.2.3.2.2.2.2.2",0.400297763407002,FALSE,TRUE,41
"2.2.2.2.2.3.1.2.2.2.2.2.2.2.2.2.3.2.2.2.2.2",0.415738471455234,FALSE,TRUE,41
"2.2.2.2.2.3.2.1.2.2.2.2.2.2.2.2.3.2.2.2.2.2",0.252694672263247,FALSE,TRUE,41
"2.2.2.2.2.3.2.2.1.2.2.2.2.2.2.2.3.2.2.2.2.2",0.167412967582529,FALSE,TRUE,41
"2.2.2.2.2.3.2.2.2.1.2.2.2.2.2.2.3.2.2.2.2.2",0.416634780925299,FALSE,TRUE,40
"2.2.2.2.2.3.2.2.2.2.1.2.2.2.2.2.3.2.2.2.2.2",0.467133217999253,FALSE,TRUE,41
"2.2.2.2.2.3.2.2.2.2.2.1.2.2.2.2.3.2.2.2.2.2",0.32536355144981,FALSE,TRUE,40
"2.2.2.2.2.3.2.2.2.2.2.2.1.2.2.2.3.2.2.2.2.2",0.294910739316034,FALSE,TRUE,41
"2.2.2.2.2.3.2.2.2.2.2.2.2.1.2.2.3.2.2.2.2.2",0.367056441828267,FALSE,TRUE,41
"2.2.2.2.2.3.2.2.2.2.2.2.2.2.1.2.3.2.2.2.2.2",0.488989342930376,FALSE,TRUE,41
"2.2.2.2.2.3.2.2.2.2.2.2.2.2.2.1.3.2.2.2.2.2",0.214272535077002,FALSE,TRUE,41
"2.2.2.2.2.3.2.2.2.2.2.2.2.2.2.2.3.1.2.2.2.2",0.382183820523225,FALSE,TRUE,40
"2.2.2.2.2.3.2.2.2.2.2.2.2.2.2.2.3.2.1.2.2.2",0.376124723419587,FALSE,TRUE,41
"2.2.2.2.2.3.2.2.2.2.2.2.2.2.2.2.3.2.2.1.2.2",0.289607950944086,FALSE,TRUE,41
"2.2.2.2.2.3.2.2.2.2.2.2.2.2.2.2.3.2.2.2.1.2",0.471850329996428,FALSE,TRUE,41
"2.2.2.2.2.3.2.2.2.2.2.2.2.2.2.2.3.2.2.2.2.1",0.391968199437582,FALSE,TRUE,41
"1.3.2.2.2.2.2.2.2.2.2.3.2.2.2.2.2.2.2.2.2.2",0.264141629432662,FALSE,TRUE,39
"1.2.3.2.2.2.2.2.2.2.2.3.2.2.2.2.2.2.2.2.2.2",0.325020470319837,FALSE,TRUE,39
"1.2.2.3.2.2.2.2.2.2.2.3.2.2.2.2.2.2.2.2.2.2",0.408047630972925,FALSE,TRUE,39
"1.2.2.2.3.2.2.2.2.2.2.3.2.2.2.2.2.2.2.2.2.2",0.193610596776477,FALSE,TRUE,39
"1.2.2.2.2.3.2.2.2.2.2.3.2.2.2.2.2.2.2.2.2.2",0.315152683920146,FALSE,TRUE,38
"1.2.2.2.2.2.3.2.2.2.2.3.2.2.2.2.2.2.2.2.2.2",0.139058369484732,FALSE,TRUE,39
"1.2.2.2.2.2.2.2.3.2.2.3.2.2.2.2.2.2.2.2.2.2",0.436722583631702,FALSE,TRUE,39
"1.2.2.2.2.2.2.2.2.3.2.3.2.2.2.2.2.2.2.2.2.2",0.246226300183312,FALSE,TRUE,39
"1.2.2.2.2.2.2.2.2.2.3.3.2.2.2.2.2.2.2.2.2.2",0.178023730149781,FALSE,TRUE,39
"1.2.2.2.2.2.2.2.2.2.2.4.2.2.2.2.2.2.2.2.2.2",0.236664473106168,FALSE,TRUE,40
"1.2.2.2.2.2.2.2.2.2.2.3.3.2.2.2.2.2.2.2.2.2",0.430667380281529,FALSE,TRUE,39
"1.2.2.2.2.2.2.2.2.2.2.3.2.3.2.2.2.2.2.2.2.2",0.152090626673778,FALSE,TRUE,39
"1.2.2.2.2.2.2.2.2.2.2.3.2.2.3.2.2.2.2.2.2.2",0.259193059049204,FALSE,TRUE,39
"1.2.2.2.2.2.2.2.2.2.2.3.2.2.2.2.3.2.2.2.2.2",0.34817030744993,FALSE,TRUE,39
"1.2.2.2.2.2.2.2.2.2.2.3.2.2.2.2.2.3.2.2.2.2",0.173130642581775,FALSE,TRUE,39
"1.2.2.2.2.2.2.2.2.2.2.3.2.2.2.2.2.2.3.2.2.2",0.154959200191834,FALSE,TRUE,39
"1.2.2.2.2.2.2.2.2.2.2.3.2.2.2.2.2.2.2.2.3.2",0.243508424217266,FALSE,TRUE,38
"1.1.2.2.2.2.2.2.2.2.2.3.2.2.2.2.2.2.2.2.2.2",0.499373234869301,FALSE,TRUE,38
"1.2.1.2.2.2.2.2.2.2.2.3.2.2.2.2.2.2.2.2.2.2",0.501428623356139,FALSE,TRUE,38
"1.2.2.1.2.2.2.2.2.2.2.3.2.2.2.2.2.2.2.2.2.2",0.407939593694648,FALSE,TRUE,38
"1.2.2.2.1.2.2.2.2.2.2.3.2.2.2.2.2.2.2.2.2.2",0.55694505611963,FALSE,TRUE,38
"1.2.2.2.2.1.2.2.2.2.2.3.2.2.2.2.2.2.2.2.2.2",0.485539322854388,FALSE,TRUE,38
"1.2.2.2.2.2.1.2.2.2.2.3.2.2.2.2.2.2.2.2.2.2",0.610492831168029,FALSE,TRUE,38
"1.2.2.2.2.2.2.2.1.2.2.3.2.2.2.2.2.2.2.2.2.2",0.365287882559142,FALSE,TRUE,38
"1.2.2.2.2.2.2.2.2.1.2.3.2.2.2.2.2.2.2.2.2.2",0.549730280667974,FALSE,TRUE,37
"1.2.2.2.2.2.2.2.2.2.1.3.2.2.2.2.2.2.2.2.2.2",0.591353920425458,FALSE,TRUE,38
"1.2.2.2.2.2.2.2.2.2.2.3.1.2.2.2.2.2.2.2.2.2",0.369478051574089,FALSE,TRUE,38
"1.2.2.2.2.2.2.2.2.2.2.3.2.1.2.2.2.2.2.2.2.2",0.576111047257064,FALSE,TRUE,38
"1.2.2.2.2.2.2.2.2.2.2.3.2.2.1.2.2.2.2.2.2.2",0.465585234841683,FALSE,TRUE,38
"1.2.2.2.2.2.2.2.2.2.2.3.2.2.2.1.2.2.2.2.2.2",0.400909844222691,FALSE,TRUE,38
"1.2.2.2.2.2.2.2.2.2.2.3.2.2.2.2.1.2.2.2.2.2",0.427460908530928,FALSE,TRUE,38
"1.2.2.2.2.2.2.2.2.2.2.3.2.2.2.2.2.1.2.2.2.2",0.610874761391879,FALSE,TRUE,37
"1.2.2.2.2.2.2.2.2.2.2.3.2.2.2.2.2.2.1.2.2.2",0.601008934584682,FALSE,TRUE,38
"1.2.2.2.2.2.2.2.2.2.2.3.2.2.2.2.2.2.2.1.2.2",0.330566148022573,FALSE,TRUE,38
"1.2.2.2.2.2.2.2.2.2.2.3.2.2.2.2.2.2.2.2.1.2",0.555694744041474,FALSE,TRUE,38
"1.2.2.2.2.2.2.2.2.2.2.3.2.2.2.2.2.2.2.2.2.1",0.524495325470194,FALSE,TRUE,38
"3.2.2.2.2.2.2.2.2.2.2.2.2.2.2.2.2.1.2.2.2.2",0.315776756587627,FALSE,TRUE,40
"2.3.2.2.2.2.2.2.2.2.2.2.2.2.2.2.2.1.2.2.2.2",0.371780160051704,FALSE,TRUE,40
"2.2.3.2.2.2.2.2.2.2.2.2.2.2.2.2.2.1.2.2.2.2",0.503820997520343,FALSE,TRUE,38
"2.2.2.3.2.2.2.2.2.2.2.2.2.2.2.2.2.1.2.2.2.2",0.561714758615525,FALSE,TRUE,38
"2.2.2.2.3.2.2.2.2.2.2.2.2.2.2.2.2.1.2.2.2.2",0.405841593448481,FALSE,TRUE,40
"2.2.2.2.2.2.3.2.2.2.2.2.2.2.2.2.2.1.2.2.2.2",0.381552989652108,FALSE,TRUE,40
"2.2.2.2.2.2.2.3.2.2.2.2.2.2.2.2.2.1.2.2.2.2",0.494598141961862,FALSE,TRUE,40
"2.2.2.2.2.2.2.2.3.2.2.2.2.2.2.2.2.1.2.2.2.2",0.61746436714307,FALSE,TRUE,40
"2.2.2.2.2.2.2.2.2.3.2.2.2.2.2.2.2.1.2.2.2.2",0.407148961269966,FALSE,TRUE,40
"2.2.2.2.2.2.2.2.2.2.3.2.2.2.2.2.2.1.2.2.2.2",0.339553315868727,FALSE,TRUE,40
"2.2.2.2.2.2.2.2.2.2.2.3.2.2.2.2.2.1.2.2.2.2",0.49189218564416,FALSE,TRUE,39
"2.2.2.2.2.2.2.2.2.2.2.2.3.2.2.2.2.1.2.2.2.2",0.507460821221046,FALSE,TRUE,40
"2.2.2.2.2.2.2.2.2.2.2.2.2.3.2.2.2.1.2.2.2.2",0.392036391904035,FALSE,TRUE,40
"2.2.2.2.2.2.2.2.2.2.2.2.2.2.3.2.2.1.2.2.2.2",0.2946507557697,FALSE,TRUE,40
"2.2.2.2.2.2.2.2.2.2.2.2.2.2.2.3.2.1.2.2.2.2",0.575520405446487,FALSE,TRUE,39
"2.2.2.2.2.2.2.2.2.2.2.2.2.2.2.2.3.1.2.2.2.2",0.477761008938012,FALSE,TRUE,39
"2.2.2.2.2.2.2.2.2.2.2.2.2.2.2.2.2.1.3.2.2.2",0.398862755284658,FALSE,TRUE,41
"2.2.2.2.2.2.2.2.2.2.2.2.2.2.2.2.2.1.2.3.2.2",0.472271769934352,FALSE,TRUE,39
"2.2.2.2.2.2.2.2.2.2.2.2.2.2.2.2.2.1.2.2.3.2",0.385862831353628,FALSE,TRUE,40
"2.1.2.2.2.2.2.2.2.2.2.2.2.2.2.2.2.1.2.2.2.2",0.642594476282791,FALSE,TRUE,38
"2.2.1.2.2.2.2.2.2.2.2.2.2.2.2.2.2.1.2.2.2.2",0.542672108852459,FALSE,TRUE,39
"2.2.2.1.2.2.2.2.2.2.2.2.2.2.2.2.2.1.2.2.2.2",0.499865742037347,FALSE,TRUE,39
"2.2.2.2.1.2.2.2.2.2.2.2.2.2.2.2.2.1.2.2.2.2",0.559896806096432,FALSE,TRUE,39
"2.2.2.2.2.1.2.2.2.2.2.2.2.2.2.2.2.1.2.2.2.2",0.631402903289448,FALSE,TRUE,39
"2.2.2.2.2.2.1.2.2.2.2.2.2.2.2.2.2.1.2.2.2.2",0.590621019494071,FALSE,TRUE,39
"2.2.2.2.2.2.2.1.2.2.2.2.2.2.2.2.2.1.2.2.2.2",0.504081726409168,FALSE,TRUE,38
"2.2.2.2.2.2.2.2.1.2.2.2.2.2.2.2.2.1.2.2.2.2",0.424894717632707,FALSE,TRUE,39
"2.2.2.2.2.2.2.2.2.2.1.2.2.2.2.2.2.1.2.2.2.2",0.63442061985651,FALSE,TRUE,39
"2.2.2.2.2.2.2.2.2.2.2.1.2.2.2.2.2.1.2.2.2.2",0.511776252642462,FALSE,TRUE,39
"2.2.2.2.2.2.2.2.2.2.2.2.1.2.2.2.2.1.2.2.2.2",0.5266711233966,FALSE,TRUE,37
"2.2.2.2.2.2.2.2.2.2.2.2.2.1.2.2.2.1.2.2.2.2",0.557487374263271,FALSE,TRUE,39
"2.2.2.2.2.2.2.2.2.2.2.2.2.2.1.2.2.1.2.2.2.2",0.68433319621226,FALSE,TRUE,39
"2.2.2.2.2.2.2.2.2.2.2.2.2.2.2.1.2.1.2.2.2.2",0.446837658905654,FALSE,TRUE,38
"2.2.2.2.2.2.2.2.2.2.2.2.2.2.2.2.1.1.2.2.2.2",0.526468931528218,FALSE,TRUE,38
"2.2.2.2.2.2.2.2.2.2.2.2.2.2.2.2.2.1.2.1.2.2",0.551606218346904,FALSE,TRUE,39
"2.2.2.2.2.2.2.2.2.2.2.2.2.2.2.2.2.1.2.2.1.2",0.632430264392902,FALSE,TRUE,39
"2.2.2.2.2.2.2.2.2.2.2.2.2.2.2.2.2.1.2.2.2.1",0.558199284169895,FALSE,TRUE,39
"2.2.2.2.2.1.2.1.2.2.2.1.2.2.1.2.2.2.2.2.2.3",0.535306303030733,FALSE,TRUE,36
"1.3.2.2.2.1.2.1.2.2.2.1.2.2.1.2.2.2.2.2.2.3",0.408173752805499,FALSE,TRUE,35
"1.2.3.2.2.1.2.1.2.2.2.1.2.2.1.2.2.2.2.2.2.3",0.487629436500924,FALSE,TRUE,35
"1.2.2.3.2.1.2.1.2.2.2.1.2.2.1.2.2.2.2.2.2.3",0.568429547628083,FALSE,TRUE,35
"1.2.2.2.3.1.2.1.2.2.2.1.2.2.1.2.2.2.2.2.2.3",0.393129976602008,FALSE,TRUE,35
"1.2.2.2.2.2.2.1.2.2.2.1.2.2.1.2.2.2.2.2.2.3",0.494950600769953,FALSE,TRUE,35
"1.2.2.2.2.1.3.1.2.2.2.1.2.2.1.2.2.2.2.2.2.3",0.411371095265837,FALSE,TRUE,35
"1.2.2.2.2.1.2.1.3.2.2.1.2.2.1.2.2.2.2.2.2.3",0.519165405846549,FALSE,TRUE,35
"1.2.2.2.2.1.2.1.2.2.3.1.2.2.1.2.2.2.2.2.2.3",0.466543352330938,FALSE,TRUE,35
"1.2.2.2.2.1.2.1.2.2.2.2.2.2.1.2.2.2.2.2.2.3",0.45978072006367,FALSE,TRUE,36
"1.2.2.2.2.1.2.1.2.2.2.1.3.2.1.2.2.2.2.2.2.3",0.632233118223266,FALSE,TRUE,35
"1.2.2.2.2.1.2.1.2.2.2.1.2.3.1.2.2.2.2.2.2.3",0.376298033258314,FALSE,TRUE,35
"1.2.2.2.2.1.2.1.2.2.2.1.2.2.1.2.3.2.2.2.2.3",0.568532495966141,FALSE,TRUE,34
"1.2.2.2.2.1.2.1.2.2.2.1.2.2.1.2.2.3.2.2.2.3",0.401572545219272,FALSE,TRUE,35
"1.2.2.2.2.1.2.1.2.2.2.1.2.2.1.2.2.2.3.2.2.3",0.366294030442027,FALSE,TRUE,35
"1.2.2.2.2.1.2.1.2.2.2.1.2.2.1.2.2.2.2.3.2.3",0.688269982826346,FALSE,TRUE,35
"1.2.2.2.2.1.2.1.2.2.2.1.2.2.1.2.2.2.2.2.3.3",0.47738520399553,FALSE,TRUE,35
"1.2.2.2.2.1.2.1.2.2.2.1.2.2.1.2.2.2.2.2.2.4",0.357398960489538,FALSE,TRUE,35
"1.1.2.2.2.1.2.1.2.2.2.1.2.2.1.2.2.2.2.2.2.3",0.633103205694593,FALSE,TRUE,34
"1.2.1.2.2.1.2.1.2.2.2.1.2.2.1.2.2.2.2.2.2.3",0.589928948817719,FALSE,TRUE,34
"1.2.2.1.2.1.2.1.2.2.2.1.2.2.1.2.2.2.2.2.2.3",0.510202343296173,FALSE,TRUE,34
"1.2.2.2.1.1.2.1.2.2.2.1.2.2.1.2.2.2.2.2.2.3",0.615735157532906,FALSE,TRUE,34
"1.2.2.2.2.1.1.1.2.2.2.1.2.2.1.2.2.2.2.2.2.3",0.577282782160543,FALSE,TRUE,34
"1.2.2.2.2.1.2.1.1.2.2.1.2.2.1.2.2.2.2.2.2.3",0.542172945442529,FALSE,TRUE,34
"1.2.2.2.2.1.2.1.2.1.2.1.2.2.1.2.2.2.2.2.2.3",0.598490805104645,FALSE,TRUE,35
"1.2.2.2.2.1.2.1.2.2.1.1.2.2.1.2.2.2.2.2.2.3",0.5360436670858,FALSE,TRUE,34
"1.2.2.2.2.1.2.1.2.2.2.1.1.2.1.2.2.2.2.2.2.3",0.417165871326884,FALSE,TRUE,34
"1.2.2.2.2.1.2.1.2.2.2.1.2.1.1.2.2.2.2.2.2.3",0.639123075243936,FALSE,TRUE,34
"1.2.2.2.2.1.2.1.2.2.2.1.2.2.1.1.2.2.2.2.2.3",0.478526434095958,FALSE,TRUE,35
"1.2.2.2.2.1.2.1.2.2.2.1.2.2.1.2.1.2.2.2.2.3",0.46639474344364,FALSE,TRUE,34
"1.2.2.2.2.1.2.1.2.2.2.1.2.2.1.2.2.1.2.2.2.3",0.618327699605604,FALSE,TRUE,34
"1.2.2.2.2.1.2.1.2.2.2.1.2.2.1.2.2.2.1.2.2.3",0.628490619257553,FALSE,TRUE,34
"1.2.2.2.2.1.2.1.2.2.2.1.2.2.1.2.2.2.2.1.2.3",0.406160866788378,FALSE,TRUE,34
"1.2.2.2.2.1.2.1.2.2.2.1.2.2.1.2.2.2.2.2.1.3",0.579903115924236,FALSE,TRUE,34
"1.2.2.2.2.1.2.1.2.2.2.1.2.2.1.2.2.2.2.2.2.2",0.663920985313772,FALSE,TRUE,34
"1.3.2.2.2.2.2.1.2.2.2.2.2.2.2.2.2.2.2.2.2.2",0.353948505706283,FALSE,TRUE,38
"1.2.3.2.2.2.2.1.2.2.2.2.2.2.2.2.2.2.2.2.2.2",0.418295357629123,FALSE,TRUE,38
"1.2.2.3.2.2.2.1.2.2.2.2.2.2.2.2.2.2.2.2.2.2",0.514728577065879,FALSE,TRUE,38
"1.2.2.2.3.2.2.1.2.2.2.2.2.2.2.2.2.2.2.2.2.2",0.325653296484294,FALSE,TRUE,38
"1.2.2.2.2.3.2.1.2.2.2.2.2.2.2.2.2.2.2.2.2.2",0.392768658873531,FALSE,TRUE,37
"1.2.2.2.2.2.3.1.2.2.2.2.2.2.2.2.2.2.2.2.2.2",0.295893433613051,FALSE,TRUE,38
"1.2.2.2.2.2.2.1.3.2.2.2.2.2.2.2.2.2.2.2.2.2",0.518140871681518,FALSE,TRUE,38
"1.2.2.2.2.2.2.1.2.3.2.2.2.2.2.2.2.2.2.2.2.2",0.338472702105346,FALSE,TRUE,37
"1.2.2.2.2.2.2.1.2.2.3.2.2.2.2.2.2.2.2.2.2.2",0.299796688878585,FALSE,TRUE,38
"1.2.2.2.2.2.2.1.2.2.2.2.3.2.2.2.2.2.2.2.2.2",0.532309582249009,FALSE,TRUE,38
"1.2.2.2.2.2.2.1.2.2.2.2.2.3.2.2.2.2.2.2.2.2",0.286295360129893,FALSE,TRUE,38
"1.2.2.2.2.2.2.1.2.2.2.2.2.2.3.2.2.2.2.2.2.2",0.367987768480001,FALSE,TRUE,38
"1.2.2.2.2.2.2.1.2.2.2.2.2.2.2.2.3.2.2.2.2.2",0.490194574867775,FALSE,TRUE,38
"1.2.2.2.2.2.2.1.2.2.2.2.2.2.2.2.2.3.2.2.2.2",0.304946825659745,FALSE,TRUE,38
"1.2.2.2.2.2.2.1.2.2.2.2.2.2.2.2.2.2.3.2.2.2",0.259186264812781,FALSE,TRUE,38
"1.2.2.2.2.2.2.1.2.2.2.2.2.2.2.2.2.2.2.2.3.2",0.361250652573376,FALSE,TRUE,37
"1.1.2.2.2.2.2.1.2.2.2.2.2.2.2.2.2.2.2.2.2.2",0.592890489295742,FALSE,TRUE,37
"1.2.1.2.2.2.2.1.2.2.2.2.2.2.2.2.2.2.2.2.2.2",0.602196248039995,FALSE,TRUE,36
"1.2.2.1.2.2.2.1.2.2.2.2.2.2.2.2.2.2.2.2.2.2",0.496741186935203,FALSE,TRUE,37
"1.2.2.2.1.2.2.1.2.2.2.2.2.2.2.2.2.2.2.2.2.2",0.608231036719012,FALSE,TRUE,37
"1.2.2.2.2.1.2.1.2.2.2.2.2.2.2.2.2.2.2.2.2.2",0.598449331205156,FALSE,TRUE,35
"1.2.2.2.2.2.1.1.2.2.2.2.2.2.2.2.2.2.2.2.2.2",0.634941140862718,FALSE,TRUE,37
"1.2.2.2.2.2.2.1.1.2.2.2.2.2.2.2.2.2.2.2.2.2",0.46906572500117,FALSE,TRUE,37
"1.2.2.2.2.2.2.1.2.1.2.2.2.2.2.2.2.2.2.2.2.2",0.646907051966928,FALSE,TRUE,36
"1.2.2.2.2.2.2.1.2.2.1.2.2.2.2.2.2.2.2.2.2.2",0.638576836479825,FALSE,TRUE,37
"1.2.2.2.2.2.2.1.2.2.2.1.2.2.2.2.2.2.2.2.2.2",0.605650806284274,FALSE,TRUE,36
"1.2.2.2.2.2.2.1.2.2.2.2.1.2.2.2.2.2.2.2.2.2",0.449613996852369,FALSE,TRUE,37
"1.2.2.2.2.2.2.1.2.2.2.2.2.1.2.2.2.2.2.2.2.2",0.633306325347676,FALSE,TRUE,37
"1.2.2.2.2.2.2.1.2.2.2.2.2.2.1.2.2.2.2.2.2.2",0.544907363046067,FALSE,TRUE,37
"1.2.2.2.2.2.2.1.2.2.2.2.2.2.2.1.2.2.2.2.2.2",0.440110740867762,FALSE,TRUE,37
"1.2.2.2.2.2.2.1.2.2.2.2.2.2.2.2.1.2.2.2.2.2",0.465776917692828,FALSE,TRUE,37
"1.2.2.2.2.2.2.1.2.2.2.2.2.2.2.2.2.1.2.2.2.2",0.650092966352083,FALSE,TRUE,36
"1.2.2.2.2.2.2.1.2.2.2.2.2.2.2.2.2.2.1.2.2.2",0.679878070603793,FALSE,TRUE,37
"1.2.2.2.2.2.2.1.2.2.2.2.2.2.2.2.2.2.2.1.2.2",0.419223762913806,FALSE,TRUE,38
"1.2.2.2.2.2.2.1.2.2.2.2.2.2.2.2.2.2.2.2.1.2",0.609636870315925,FALSE,TRUE,37
"1.2.2.2.2.2.2.1.2.2.2.2.2.2.2.2.2.2.2.2.2.1",0.600351428626729,FALSE,TRUE,37
"3.2.2.2.2.2.2.2.2.2.2.2.2.2.2.2.2.1.1.2.2.2",0.371114509292934,FALSE,TRUE,39
"2.3.2.2.2.2.2.2.2.2.2.2.2.2.2.2.2.1.1.2.2.2",0.449600629710273,FALSE,TRUE,39
"2.2.2.3.2.2.2.2.2.2.2.2.2.2.2.2.2.1.1.2.2.2",0.613593159723723,FALSE,TRUE,37
"2.2.2.2.3.2.2.2.2.2.2.2.2.2.2.2.2.1.1.2.2.2",0.511543856185762,FALSE,TRUE,39
"2.2.2.2.2.3.2.2.2.2.2.2.2.2.2.2.2.1.1.2.2.2",0.478547785978853,FALSE,TRUE,38
"2.2.2.2.2.2.3.2.2.2.2.2.2.2.2.2.2.1.1.2.2.2",0.456151793628475,FALSE,TRUE,39
"2.2.2.2.2.2.2.3.2.2.2.2.2.2.2.2.2.1.1.2.2.2",0.484645143566971,FALSE,TRUE,38
"2.2.2.2.2.2.2.2.3.2.2.2.2.2.2.2.2.1.1.2.2.2",0.670508795642857,FALSE,TRUE,38
"2.2.2.2.2.2.2.2.2.3.2.2.2.2.2.2.2.1.1.2.2.2",0.534561655204102,FALSE,TRUE,39
"2.2.2.2.2.2.2.2.2.2.3.2.2.2.2.2.2.1.1.2.2.2",0.460810163556292,FALSE,TRUE,39
"2.2.2.2.2.2.2.2.2.2.2.3.2.2.2.2.2.1.1.2.2.2",0.608244118073548,FALSE,TRUE,39
"2.2.2.2.2.2.2.2.2.2.2.2.3.2.2.2.2.1.1.2.2.2",0.540349691657811,FALSE,TRUE,39
"2.2.2.2.2.2.2.2.2.2.2.2.2.3.2.2.2.1.1.2.2.2",0.485460463303951,FALSE,TRUE,39
"2.2.2.2.2.2.2.2.2.2.2.2.2.2.3.2.2.1.1.2.2.2",0.374117195840986,FALSE,TRUE,39
"2.2.2.2.2.2.2.2.2.2.2.2.2.2.2.3.2.1.1.2.2.2",0.600970476092289,FALSE,TRUE,39
"2.2.2.2.2.2.2.2.2.2.2.2.2.2.2.2.3.1.1.2.2.2",0.522244759847541,FALSE,TRUE,39
"2.2.2.2.2.2.2.2.2.2.2.2.2.2.2.2.2.1.1.3.2.2",0.49105005805697,FALSE,TRUE,39
"2.2.2.2.2.2.2.2.2.2.2.2.2.2.2.2.2.1.1.2.3.2",0.490863905677177,FALSE,TRUE,39
"2.2.2.2.2.2.2.2.2.2.2.2.2.2.2.2.2.1.1.2.2.3",0.52760861270245,FALSE,TRUE,38
"1.2.2.2.2.2.2.2.2.2.2.2.2.2.2.2.2.1.1.2.2.2",0.712095471065342,FALSE,TRUE,37
"2.1.2.2.2.2.2.2.2.2.2.2.2.2.2.2.2.1.1.2.2.2",0.647986279190422,FALSE,TRUE,38
"2.2.1.2.2.2.2.2.2.2.2.2.2.2.2.2.2.1.1.2.2.2",0.509945351450519,FALSE,TRUE,39
"2.2.2.1.2.2.2.2.2.2.2.2.2.2.2.2.2.1.1.2.2.2",0.53191167374427,FALSE,TRUE,38
"2.2.2.2.1.2.2.2.2.2.2.2.2.2.2.2.2.1.1.2.2.2",0.550185200634958,FALSE,TRUE,38
"2.2.2.2.2.1.2.2.2.2.2.2.2.2.2.2.2.1.1.2.2.2",0.646343300010144,FALSE,TRUE,38
"2.2.2.2.2.2.1.2.2.2.2.2.2.2.2.2.2.1.1.2.2.2",0.57453372368638,FALSE,TRUE,38
"2.2.2.2.2.2.2.1.2.2.2.2.2.2.2.2.2.1.1.2.2.2",0.597369109810681,FALSE,TRUE,38
"2.2.2.2.2.2.2.2.1.2.2.2.2.2.2.2.2.1.1.2.2.2",0.457060692719651,FALSE,TRUE,38
"2.2.2.2.2.2.2.2.2.1.2.2.2.2.2.2.2.1.1.2.2.2",0.550012716065686,FALSE,TRUE,37
"2.2.2.2.2.2.2.2.2.2.1.2.2.2.2.2.2.1.1.2.2.2",0.582771179753918,FALSE,TRUE,38
"2.2.2.2.2.2.2.2.2.2.2.1.2.2.2.2.2.1.1.2.2.2",0.487094936480705,FALSE,TRUE,38
"2.2.2.2.2.2.2.2.2.2.2.2.1.2.2.2.2.1.1.2.2.2",0.560057807901202,FALSE,TRUE,37
"2.2.2.2.2.2.2.2.2.2.2.2.2.1.2.2.2.1.1.2.2.2",0.538754268951503,FALSE,TRUE,38
"2.2.2.2.2.2.2.2.2.2.2.2.2.2.1.2.2.1.1.2.2.2",0.701259530853708,FALSE,TRUE,38
"2.2.2.2.2.2.2.2.2.2.2.2.2.2.2.1.2.1.1.2.2.2",0.498825960462643,FALSE,TRUE,38
"2.2.2.2.2.2.2.2.2.2.2.2.2.2.2.2.1.1.1.2.2.2",0.559638518894986,FALSE,TRUE,38
"2.2.2.2.2.2.2.2.2.2.2.2.2.2.2.2.2.1.1.1.2.2",0.619514054880184,FALSE,TRUE,38
"2.2.2.2.2.2.2.2.2.2.2.2.2.2.2.2.2.1.1.2.1.2",0.616160514291222,FALSE,TRUE,38
"2.2.2.2.2.2.2.2.2.2.2.2.2.2.2.2.2.1.1.2.2.1",0.538739884470121,FALSE,TRUE,38
"3.2.2.2.2.2.2.2.2.1.2.2.2.2.2.1.2.2.2.2.2.2",0.305250744129148,FALSE,TRUE,40
"2.3.2.2.2.2.2.2.2.1.2.2.2.2.2.1.2.2.2.2.2.2",0.325906365603744,FALSE,TRUE,40
"2.2.3.2.2.2.2.2.2.1.2.2.2.2.2.1.2.2.2.2.2.2",0.453850737693083,FALSE,TRUE,40
"2.2.2.3.2.2.2.2.2.1.2.2.2.2.2.1.2.2.2.2.2.2",0.529468472382656,FALSE,TRUE,40
"2.2.2.2.3.2.2.2.2.1.2.2.2.2.2.1.2.2.2.2.2.2",0.372789966505941,FALSE,TRUE,40
"2.2.2.2.2.3.2.2.2.1.2.2.2.2.2.1.2.2.2.2.2.2",0.413350083384792,FALSE,TRUE,39
"2.2.2.2.2.2.3.2.2.1.2.2.2.2.2.1.2.2.2.2.2.2",0.368329120918806,FALSE,TRUE,40
"2.2.2.2.2.2.2.3.2.1.2.2.2.2.2.1.2.2.2.2.2.2",0.480522830676589,FALSE,TRUE,40
"2.2.2.2.2.2.2.2.3.1.2.2.2.2.2.1.2.2.2.2.2.2",0.572265540181867,FALSE,TRUE,40
"2.2.2.2.2.2.2.2.2.1.3.2.2.2.2.1.2.2.2.2.2.2",0.33655142236477,FALSE,TRUE,40
"2.2.2.2.2.2.2.2.2.1.2.3.2.2.2.1.2.2.2.2.2.2",0.454161197876539,FALSE,TRUE,40
"2.2.2.2.2.2.2.2.2.1.2.2.3.2.2.1.2.2.2.2.2.2",0.495871619070379,FALSE,TRUE,40
"2.2.2.2.2.2.2.2.2.1.2.2.2.3.2.1.2.2.2.2.2.2",0.334034926032757,FALSE,TRUE,40
"2.2.2.2.2.2.2.2.2.1.2.2.2.2.3.1.2.2.2.2.2.2",0.293040719020395,FALSE,TRUE,40
"2.2.2.2.2.2.2.2.2.1.2.2.2.2.2.1.3.2.2.2.2.2",0.447519933430535,FALSE,TRUE,40
"2.2.2.2.2.2.2.2.2.1.2.2.2.2.2.1.2.3.2.2.2.2",0.395332752900413,FALSE,TRUE,40
"2.2.2.2.2.2.2.2.2.1.2.2.2.2.2.1.2.2.3.2.2.2",0.361621901946171,FALSE,TRUE,40
"2.2.2.2.2.2.2.2.2.1.2.2.2.2.2.1.2.2.2.3.2.2",0.452904895214465,FALSE,TRUE,40
"2.2.2.2.2.2.2.2.2.1.2.2.2.2.2.1.2.2.2.2.3.2",0.363835277665714,FALSE,TRUE,40
"2.2.2.2.2.2.2.2.2.1.2.2.2.2.2.1.2.2.2.2.2.3",0.385464186268044,FALSE,TRUE,39
"1.2.2.2.2.2.2.2.2.1.2.2.2.2.2.1.2.2.2.2.2.2",0.62342780703304,FALSE,TRUE,38
"2.1.2.2.2.2.2.2.2.1.2.2.2.2.2.1.2.2.2.2.2.2",0.626741651605727,FALSE,TRUE,39
"2.2.1.2.2.2.2.2.2.1.2.2.2.2.2.1.2.2.2.2.2.2",0.528015120455398,FALSE,TRUE,39
"2.2.2.1.2.2.2.2.2.1.2.2.2.2.2.1.2.2.2.2.2.2",0.466068257384349,FALSE,TRUE,39
"2.2.2.2.1.2.2.2.2.1.2.2.2.2.2.1.2.2.2.2.2.2",0.521747566418338,FALSE,TRUE,39
"2.2.2.2.2.1.2.2.2.1.2.2.2.2.2.1.2.2.2.2.2.2",0.569271568793856,FALSE,TRUE,39
"2.2.2.2.2.2.1.2.2.1.2.2.2.2.2.1.2.2.2.2.2.2",0.560244257084754,FALSE,TRUE,39
"2.2.2.2.2.2.2.1.2.1.2.2.2.2.2.1.2.2.2.2.2.2",0.447585706207361,FALSE,TRUE,39
"2.2.2.2.2.2.2.2.1.1.2.2.2.2.2.1.2.2.2.2.2.2",0.403125623334644,FALSE,TRUE,39
"2.2.2.2.2.2.2.2.2.1.1.2.2.2.2.1.2.2.2.2.2.2",0.577152067842076,FALSE,TRUE,39
"2.2.2.2.2.2.2.2.2.1.2.1.2.2.2.1.2.2.2.2.2.2",0.477215812141019,FALSE,TRUE,39
"2.2.2.2.2.2.2.2.2.1.2.2.1.2.2.1.2.2.2.2.2.2",0.477664323198847,FALSE,TRUE,39
"2.2.2.2.2.2.2.2.2.1.2.2.2.1.2.1.2.2.2.2.2.2",0.546294119427048,FALSE,TRUE,39
"2.2.2.2.2.2.2.2.2.1.2.2.2.2.1.1.2.2.2.2.2.2",0.609135735044474,FALSE,TRUE,39
"2.2.2.2.2.2.2.2.2.1.2.2.2.2.2.1.1.2.2.2.2.2",0.49204315202053,FALSE,TRUE,39
"2.2.2.2.2.2.2.2.2.1.2.2.2.2.2.1.2.1.2.2.2.2",0.512777149734153,FALSE,TRUE,38
"2.2.2.2.2.2.2.2.2.1.2.2.2.2.2.1.2.2.1.2.2.2",0.544773802842967,FALSE,TRUE,39
"2.2.2.2.2.2.2.2.2.1.2.2.2.2.2.1.2.2.2.1.2.2",0.495778764776228,FALSE,TRUE,39
"2.2.2.2.2.2.2.2.2.1.2.2.2.2.2.1.2.2.2.2.1.2",0.582981767769222,FALSE,TRUE,39
"2.2.2.2.2.2.2.2.2.1.2.2.2.2.2.1.2.2.2.2.2.1",0.533800441149499,FALSE,TRUE,39
"2.2.2.2.2.1.2.1.2.3.2.1.2.2.1.2.2.2.2.2.2.3",0.425332623675594,FALSE,TRUE,35
"1.3.2.2.2.1.2.1.2.3.2.1.2.2.1.2.2.2.2.2.2.3",0.287264910592292,FALSE,TRUE,34
"1.2.3.2.2.1.2.1.2.3.2.1.2.2.1.2.2.2.2.2.2.3",0.384489489264481,FALSE,TRUE,34
"1.2.2.3.2.1.2.1.2.3.2.1.2.2.1.2.2.2.2.2.2.3",0.506156028711229,FALSE,TRUE,34
"1.2.2.2.3.1.2.1.2.3.2.1.2.2.1.2.2.2.2.2.2.3",0.288448196599098,FALSE,TRUE,34
"1.2.2.2.2.2.2.1.2.3.2.1.2.2.1.2.2.2.2.2.2.3",0.374600445408254,FALSE,TRUE,35
"1.2.2.2.2.1.3.1.2.3.2.1.2.2.1.2.2.2.2.2.2.3",0.308324312418212,FALSE,TRUE,34
"1.2.2.2.2.1.2.2.2.3.2.1.2.2.1.2.2.2.2.2.2.3",0.521000632439367,FALSE,TRUE,34
"1.2.2.2.2.1.2.1.3.3.2.1.2.2.1.2.2.2.2.2.2.3",0.43819177228154,FALSE,TRUE,34
"1.2.2.2.2.1.2.1.2.4.2.1.2.2.1.2.2.2.2.2.2.3",0.351060691896463,FALSE,TRUE,35
"1.2.2.2.2.1.2.1.2.3.3.1.2.2.1.2.2.2.2.2.2.3",0.344473532100111,FALSE,TRUE,34
"1.2.2.2.2.1.2.1.2.3.2.2.2.2.1.2.2.2.2.2.2.3",0.353676348540081,FALSE,TRUE,35
"1.2.2.2.2.1.2.1.2.3.2.1.2.3.1.2.2.2.2.2.2.3",0.258412023241305,FALSE,TRUE,34
"1.2.2.2.2.1.2.1.2.3.2.1.2.2.1.2.3.2.2.2.2.3",0.476666691166477,FALSE,TRUE,34
"1.2.2.2.2.1.2.1.2.3.2.1.2.2.1.2.2.3.2.2.2.3",0.269823100153845,FALSE,TRUE,34
"1.2.2.2.2.1.2.1.2.3.2.1.2.2.1.2.2.2.3.2.2.3",0.231686612879119,FALSE,TRUE,34
"1.2.2.2.2.1.2.1.2.3.2.1.2.2.1.2.2.2.2.2.3.3",0.371883712430436,FALSE,TRUE,34
"1.2.2.2.2.1.2.1.2.3.2.1.2.2.1.2.2.2.2.2.2.4",0.282268034280377,FALSE,TRUE,34
"1.1.2.2.2.1.2.1.2.3.2.1.2.2.1.2.2.2.2.2.2.3",0.568240148978048,FALSE,TRUE,33
"1.2.1.2.2.1.2.1.2.3.2.1.2.2.1.2.2.2.2.2.2.3",0.52269511330899,FALSE,TRUE,33
"1.2.2.1.2.1.2.1.2.3.2.1.2.2.1.2.2.2.2.2.2.3",0.391900289343294,FALSE,TRUE,33
"1.2.2.2.1.1.2.1.2.3.2.1.2.2.1.2.2.2.2.2.2.3",0.574409073113238,FALSE,TRUE,33
"1.2.2.2.2.1.1.1.2.3.2.1.2.2.1.2.2.2.2.2.2.3",0.531407581751977,FALSE,TRUE,33
"1.2.2.2.2.1.2.1.1.3.2.1.2.2.1.2.2.2.2.2.2.3",0.446844287799779,FALSE,TRUE,33
"1.2.2.2.2.1.2.1.2.3.1.1.2.2.1.2.2.2.2.2.2.3",0.490634884893829,FALSE,TRUE,33
"1.2.2.2.2.1.2.1.2.3.2.1.1.2.1.2.2.2.2.2.2.3",0.335778894410332,FALSE,TRUE,34
"1.2.2.2.2.1.2.1.2.3.2.1.2.1.1.2.2.2.2.2.2.3",0.601236453142336,FALSE,TRUE,33
"1.2.2.2.2.1.2.1.2.3.2.1.2.2.1.1.2.2.2.2.2.3",0.408464114670979,FALSE,TRUE,34
"1.2.2.2.2.1.2.1.2.3.2.1.2.2.1.2.1.2.2.2.2.3",0.393469422196065,FALSE,TRUE,33
"1.2.2.2.2.1.2.1.2.3.2.1.2.2.1.2.2.1.2.2.2.3",0.589437557174815,FALSE,TRUE,33
"1.2.2.2.2.1.2.1.2.3.2.1.2.2.1.2.2.2.1.2.2.3",0.606333947362434,FALSE,TRUE,33
"1.2.2.2.2.1.2.1.2.3.2.1.2.2.1.2.2.2.2.1.2.3",0.298131478981228,FALSE,TRUE,34
"1.2.2.2.2.1.2.1.2.3.2.1.2.2.1.2.2.2.2.2.1.3",0.50712686267565,FALSE,TRUE,33
"1.2.2.2.2.1.2.1.2.3.2.1.2.2.1.2.2.2.2.2.2.2",0.581846660575209,FALSE,TRUE,34
"3.2.3.2.2.2.2.2.2.2.2.2.2.2.2.2.2.1.1.2.2.2",0.405225713388103,FALSE,TRUE,38
"2.3.3.2.2.2.2.2.2.2.2.2.2.2.2.2.2.1.1.2.2.2",0.458327205531689,FALSE,TRUE,38
"2.2.4.2.2.2.2.2.2.2.2.2.2.2.2.2.2.1.1.2.2.2",0.631726323018573,FALSE,TRUE,39
"2.2.3.2.3.2.2.2.2.2.2.2.2.2.2.2.2.1.1.2.2.2",0.523805861494338,FALSE,TRUE,37
"2.2.3.2.2.3.2.2.2.2.2.2.2.2.2.2.2.1.1.2.2.2",0.488081485495113,FALSE,TRUE,37
"2.2.3.2.2.2.3.2.2.2.2.2.2.2.2.2.2.1.1.2.2.2",0.475683241215393,FALSE,TRUE,38
"2.2.3.2.2.2.2.3.2.2.2.2.2.2.2.2.2.1.1.2.2.2",0.559812124846099,FALSE,TRUE,35
"2.2.3.2.2.2.2.2.3.2.2.2.2.2.2.2.2.1.1.2.2.2",0.692703112343647,FALSE,TRUE,37
"2.2.3.2.2.2.2.2.2.3.2.2.2.2.2.2.2.1.1.2.2.2",0.542687782082261,FALSE,TRUE,38
"2.2.3.2.2.2.2.2.2.2.3.2.2.2.2.2.2.1.1.2.2.2",0.466717922840181,FALSE,TRUE,38
"2.2.3.2.2.2.2.2.2.2.2.3.2.2.2.2.2.1.1.2.2.2",0.622378665142394,FALSE,TRUE,38
"2.2.3.2.2.2.2.2.2.2.2.2.3.2.2.2.2.1.1.2.2.2",0.5990526880916,FALSE,TRUE,38
"2.2.3.2.2.2.2.2.2.2.2.2.2.3.2.2.2.1.1.2.2.2",0.496253077226587,FALSE,TRUE,38
"2.2.3.2.2.2.2.2.2.2.2.2.2.2.3.2.2.1.1.2.2.2",0.411206763119951,FALSE,TRUE,38
"2.2.3.2.2.2.2.2.2.2.2.2.2.2.2.3.2.1.1.2.2.2",0.638273608601027,FALSE,TRUE,38
"2.2.3.2.2.2.2.2.2.2.2.2.2.2.2.2.3.1.1.2.2.2",0.575131143412278,FALSE,TRUE,38
"2.2.3.2.2.2.2.2.2.2.2.2.2.2.2.2.2.2.1.2.2.2",0.533053226813619,FALSE,TRUE,37
"2.2.3.2.2.2.2.2.2.2.2.2.2.2.2.2.2.1.1.3.2.2",0.574495976197547,FALSE,TRUE,38
"2.2.3.2.2.2.2.2.2.2.2.2.2.2.2.2.2.1.1.2.3.2",0.527491265240978,FALSE,TRUE,38
"2.2.3.2.2.2.2.2.2.2.2.2.2.2.2.2.2.1.1.2.2.3",0.559918981137434,FALSE,TRUE,38
"1.2.3.2.2.2.2.2.2.2.2.2.2.2.2.2.2.1.1.2.2.2",0.751373038954274,FALSE,TRUE,37
"2.1.3.2.2.2.2.2.2.2.2.2.2.2.2.2.2.1.1.2.2.2",0.710145826685045,FALSE,TRUE,37
"2.2.3.1.2.2.2.2.2.2.2.2.2.2.2.2.2.1.1.2.2.2",0.538309933844177,FALSE,TRUE,38
"2.2.3.2.1.2.2.2.2.2.2.2.2.2.2.2.2.1.1.2.2.2",0.61524439296384,FALSE,TRUE,37
"2.2.3.2.2.1.2.2.2.2.2.2.2.2.2.2.2.1.1.2.2.2",0.71287013724879,FALSE,TRUE,37
"2.2.3.2.2.2.1.2.2.2.2.2.2.2.2.2.2.1.1.2.2.2",0.634471598643185,FALSE,TRUE,37
"2.2.3.2.2.2.2.1.2.2.2.2.2.2.2.2.2.1.1.2.2.2",0.604129693959527,FALSE,TRUE,37
"2.2.3.2.2.2.2.2.1.2.2.2.2.2.2.2.2.1.1.2.2.2",0.510307408657773,FALSE,TRUE,37
"2.2.3.2.2.2.2.2.2.1.2.2.2.2.2.2.2.1.1.2.2.2",0.621638365147998,FALSE,TRUE,37
"2.2.3.2.2.2.2.2.2.2.1.2.2.2.2.2.2.1.1.2.2.2",0.658773656431547,FALSE,TRUE,37
"2.2.3.2.2.2.2.2.2.2.2.1.2.2.2.2.2.1.1.2.2.2",0.548861101042102,FALSE,TRUE,37
"2.2.3.2.2.2.2.2.2.2.2.2.2.1.2.2.2.1.1.2.2.2",0.612912144600342,FALSE,TRUE,37
"2.2.3.2.2.2.2.2.2.2.2.2.2.2.1.2.2.1.1.2.2.2",0.735284174378614,FALSE,TRUE,37
"2.2.3.2.2.2.2.2.2.2.2.2.2.2.2.1.2.1.1.2.2.2",0.542661528490574,FALSE,TRUE,37
"2.2.3.2.2.2.2.2.2.2.2.2.2.2.2.2.1.1.1.2.2.2",0.589490518822561,FALSE,TRUE,37
"2.2.3.2.2.2.2.2.2.2.2.2.2.2.2.2.2.1.1.1.2.2",0.615526612804784,FALSE,TRUE,37
"2.2.3.2.2.2.2.2.2.2.2.2.2.2.2.2.2.1.1.2.1.2",0.653262019397772,FALSE,TRUE,37
"2.2.3.2.2.2.2.2.2.2.2.2.2.2.2.2.2.1.1.2.2.1",0.573890257257744,FALSE,TRUE,37
"2.2.2.2.2.1.2.1.2.3.2.1.2.2.1.2.2.2.2.3.2.3",0.548820084879128,FALSE,TRUE,38
"1.3.2.2.2.1.2.1.2.3.2.1.2.2.1.2.2.2.2.3.2.3",0.433000503750683,FALSE,TRUE,37
"1.2.3.2.2.1.2.1.2.3.2.1.2.2.1.2.2.2.2.3.2.3",0.548796087947489,FALSE,TRUE,37
"1.2.2.3.2.1.2.1.2.3.2.1.2.2.1.2.2.2.2.3.2.3",0.65327090270642,FALSE,TRUE,37
"1.2.2.2.3.1.2.1.2.3.2.1.2.2.1.2.2.2.2.3.2.3",0.449574528781385,FALSE,TRUE,37
"1.2.2.2.2.2.2.1.2.3.2.1.2.2.1.2.2.2.2.3.2.3",0.505836486260125,FALSE,TRUE,38
"1.2.2.2.2.1.3.1.2.3.2.1.2.2.1.2.2.2.2.3.2.3",0.458129720900705,FALSE,TRUE,37
"1.2.2.2.2.1.2.2.2.3.2.1.2.2.1.2.2.2.2.3.2.3",0.649019811592001,FALSE,TRUE,38
"1.2.2.2.2.1.2.1.3.3.2.1.2.2.1.2.2.2.2.3.2.3",0.60961867671092,FALSE,TRUE,37
"1.2.2.2.2.1.2.1.2.4.2.1.2.2.1.2.2.2.2.3.2.3",0.498172214352921,FALSE,TRUE,37
"1.2.2.2.2.1.2.1.2.3.3.1.2.2.1.2.2.2.2.3.2.3",0.48615097060203,FALSE,TRUE,37
"1.2.2.2.2.1.2.1.2.3.2.2.2.2.1.2.2.2.2.3.2.3",0.509310112890453,FALSE,TRUE,38
"1.2.2.2.2.1.2.1.2.3.2.1.3.2.1.2.2.2.2.3.2.3",0.652247633226664,FALSE,TRUE,37
"1.2.2.2.2.1.2.1.2.3.2.1.2.3.1.2.2.2.2.3.2.3",0.410800506325723,FALSE,TRUE,37
"1.2.2.2.2.1.2.1.2.3.2.1.2.2.2.2.2.2.2.3.2.3",0.566518282139629,FALSE,TRUE,37
"1.2.2.2.2.1.2.1.2.3.2.1.2.2.1.3.2.2.2.3.2.3",0.61891658358517,FALSE,TRUE,36
"1.2.2.2.2.1.2.1.2.3.2.1.2.2.1.2.3.2.2.3.2.3",0.621800004762041,FALSE,TRUE,37
"1.2.2.2.2.1.2.1.2.3.2.1.2.2.1.2.2.3.2.3.2.3",0.422328902468784,FALSE,TRUE,37
"1.2.2.2.2.1.2.1.2.3.2.1.2.2.1.2.2.2.3.3.2.3",0.387963735779041,FALSE,TRUE,37
"1.2.2.2.2.1.2.1.2.3.2.1.2.2.1.2.2.2.2.4.2.3",0.730332537447569,FALSE,TRUE,38
"1.2.2.2.2.1.2.1.2.3.2.1.2.2.1.2.2.2.2.3.3.3",0.517492597289752,FALSE,TRUE,37
"1.2.2.2.2.1.2.1.2.3.2.1.2.2.1.2.2.2.2.3.2.4",0.449051535456737,FALSE,TRUE,37
"1.1.2.2.2.1.2.1.2.3.2.1.2.2.1.2.2.2.2.3.2.3",0.705903721179231,FALSE,TRUE,36
"1.2.1.2.2.1.2.1.2.3.2.1.2.2.1.2.2.2.2.3.2.3",0.644195799873149,FALSE,TRUE,36
"1.2.2.1.2.1.2.1.2.3.2.1.2.2.1.2.2.2.2.3.2.3",0.533897071070372,FALSE,TRUE,36
"1.2.2.2.1.1.2.1.2.3.2.1.2.2.1.2.2.2.2.3.2.3",0.700910112323031,FALSE,TRUE,36
"1.2.2.2.2.1.1.1.2.3.2.1.2.2.1.2.2.2.2.3.2.3",0.670515237288758,FALSE,TRUE,36
"1.2.2.2.2.1.2.1.1.3.2.1.2.2.1.2.2.2.2.3.2.3",0.577085393462806,FALSE,TRUE,36
"1.2.2.2.2.1.2.1.2.3.1.1.2.2.1.2.2.2.2.3.2.3",0.639715616703302,FALSE,TRUE,36
"1.2.2.2.2.1.2.1.2.3.2.1.1.2.1.2.2.2.2.3.2.3",0.510609600494609,FALSE,TRUE,36
"1.2.2.2.2.1.2.1.2.3.2.1.2.1.1.2.2.2.2.3.2.3",0.722080018042057,FALSE,TRUE,36
"1.2.2.2.2.1.2.1.2.3.2.1.2.2.1.1.2.2.2.3.2.3",0.574003901374015,FALSE,TRUE,36
"1.2.2.2.2.1.2.1.2.3.2.1.2.2.1.2.1.2.2.3.2.3",0.554863118727669,FALSE,TRUE,36
"1.2.2.2.2.1.2.1.2.3.2.1.2.2.1.2.2.1.2.3.2.3",0.726591224780116,FALSE,TRUE,36
"1.2.2.2.2.1.2.1.2.3.2.1.2.2.1.2.2.2.1.3.2.3",0.742670478297204,FALSE,TRUE,36
"1.2.2.2.2.1.2.1.2.3.2.1.2.2.1.2.2.2.2.3.1.3",0.650356270251429,FALSE,TRUE,36
"1.2.2.2.2.1.2.1.2.3.2.1.2.2.1.2.2.2.2.3.2.2",0.693985422045608,FALSE,TRUE,37
"2.2.2.2.2.2.2.1.2.2.2.2.2.2.2.2.2.2.2.3.2.2",0.405765357907013,FALSE,TRUE,39
"1.3.2.2.2.2.2.1.2.2.2.2.2.2.2.2.2.2.2.3.2.2",0.417739175198962,FALSE,TRUE,38
"1.2.3.2.2.2.2.1.2.2.2.2.2.2.2.2.2.2.2.3.2.2",0.506066704896151,FALSE,TRUE,38
"1.2.2.3.2.2.2.1.2.2.2.2.2.2.2.2.2.2.2.3.2.2",0.586587670751901,FALSE,TRUE,38
"1.2.2.2.3.2.2.1.2.2.2.2.2.2.2.2.2.2.2.3.2.2",0.415104660050274,FALSE,TRUE,38
"1.2.2.2.2.3.2.1.2.2.2.2.2.2.2.2.2.2.2.3.2.2",0.424826093642037,FALSE,TRUE,38
"1.2.2.2.2.2.3.1.2.2.2.2.2.2.2.2.2.2.2.3.2.2",0.362626932699929,FALSE,TRUE,38
"1.2.2.2.2.2.2.1.3.2.2.2.2.2.2.2.2.2.2.3.2.2",0.607034649040787,FALSE,TRUE,38
"1.2.2.2.2.2.2.1.2.2.3.2.2.2.2.2.2.2.2.3.2.2",0.34729654480699,FALSE,TRUE,38
"1.2.2.2.2.2.2.1.2.2.2.3.2.2.2.2.2.2.2.3.2.2",0.445742916217828,FALSE,TRUE,38
"1.2.2.2.2.2.2.1.2.2.2.2.3.2.2.2.2.2.2.3.2.2",0.572382984602048,FALSE,TRUE,38
"1.2.2.2.2.2.2.1.2.2.2.2.2.3.2.2.2.2.2.3.2.2",0.385809384258075,FALSE,TRUE,38
"1.2.2.2.2.2.2.1.2.2.2.2.2.2.3.2.2.2.2.3.2.2",0.395161569394038,FALSE,TRUE,38
"1.2.2.2.2.2.2.1.2.2.2.2.2.2.2.3.2.2.2.3.2.2",0.58000991596704,FALSE,TRUE,38
"1.2.2.2.2.2.2.1.2.2.2.2.2.2.2.2.3.2.2.3.2.2",0.5434859743062,FALSE,TRUE,38
"1.2.2.2.2.2.2.1.2.2.2.2.2.2.2.2.2.3.2.3.2.2",0.388449105217807,FALSE,TRUE,38
"1.2.2.2.2.2.2.1.2.2.2.2.2.2.2.2.2.2.3.3.2.2",0.338201350857446,FALSE,TRUE,38
"1.2.2.2.2.2.2.1.2.2.2.2.2.2.2.2.2.2.2.4.2.2",0.597749609998061,FALSE,TRUE,39
"1.2.2.2.2.2.2.1.2.2.2.2.2.2.2.2.2.2.2.3.3.2",0.42881051089903,FALSE,TRUE,38
"1.2.2.2.2.2.2.1.2.2.2.2.2.2.2.2.2.2.2.3.2.3",0.449101160796162,FALSE,TRUE,38
"1.1.2.2.2.2.2.1.2.2.2.2.2.2.2.2.2.2.2.3.2.2",0.64910849144774,FALSE,TRUE,37
"1.2.1.2.2.2.2.1.2.2.2.2.2.2.2.2.2.2.2.3.2.2",0.624076609539534,FALSE,TRUE,37
"1.2.2.1.2.2.2.1.2.2.2.2.2.2.2.2.2.2.2.3.2.2",0.539600679713143,FALSE,TRUE,37
"1.2.2.2.1.2.2.1.2.2.2.2.2.2.2.2.2.2.2.3.2.2",0.628272576026284,FALSE,TRUE,37
"1.2.2.2.2.1.2.1.2.2.2.2.2.2.2.2.2.2.2.3.2.2",0.688569113501053,FALSE,TRUE,37
"1.2.2.2.2.2.1.1.2.2.2.2.2.2.2.2.2.2.2.3.2.2",0.67930275579392,FALSE,TRUE,37
"1.2.2.2.2.2.2.1.1.2.2.2.2.2.2.2.2.2.2.3.2.2",0.503364965354406,FALSE,TRUE,37
"1.2.2.2.2.2.2.1.2.1.2.2.2.2.2.2.2.2.2.3.2.2",0.682430290807562,FALSE,TRUE,38
"1.2.2.2.2.2.2.1.2.2.1.2.2.2.2.2.2.2.2.3.2.2",0.709680682847453,FALSE,TRUE,37
"1.2.2.2.2.2.2.1.2.2.2.1.2.2.2.2.2.2.2.3.2.2",0.634330762425897,FALSE,TRUE,37
"1.2.2.2.2.2.2.1.2.2.2.2.1.2.2.2.2.2.2.3.2.2",0.53526711255645,FALSE,TRUE,37
"1.2.2.2.2.2.2.1.2.2.2.2.2.1.2.2.2.2.2.3.2.2",0.648274814114146,FALSE,TRUE,37
"1.2.2.2.2.2.2.1.2.2.2.2.2.2.1.2.2.2.2.3.2.2",0.638020037599158,FALSE,TRUE,37
"1.2.2.2.2.2.2.1.2.2.2.2.2.2.2.1.2.2.2.3.2.2",0.519106474972151,FALSE,TRUE,37
"1.2.2.2.2.2.2.1.2.2.2.2.2.2.2.2.1.2.2.3.2.2",0.537142356292117,FALSE,TRUE,37
"1.2.2.2.2.2.2.1.2.2.2.2.2.2.2.2.2.1.2.3.2.2",0.683709952569446,FALSE,TRUE,37
"1.2.2.2.2.2.2.1.2.2.2.2.2.2.2.2.2.2.1.3.2.2",0.719202664133522,FALSE,TRUE,37
"1.2.2.2.2.2.2.1.2.2.2.2.2.2.2.2.2.2.2.3.1.2",0.660527903709564,FALSE,TRUE,37
"1.2.2.2.2.2.2.1.2.2.2.2.2.2.2.2.2.2.2.3.2.1",0.604972784143348,FALSE,TRUE,37
"3.2.2.3.2.3.2.2.2.2.2.2.2.2.2.2.2.2.2.2.2.2",0.141308983082639,FALSE,TRUE,41
"2.3.2.3.2.3.2.2.2.2.2.2.2.2.2.2.2.2.2.2.2.2",0.207546763729122,FALSE,TRUE,41
"2.2.3.3.2.3.2.2.2.2.2.2.2.2.2.2.2.2.2.2.2.2",0.230852365960264,FALSE,TRUE,41
"2.2.2.4.2.3.2.2.2.2.2.2.2.2.2.2.2.2.2.2.2.2",0.309368647690639,FALSE,TRUE,42
"2.2.2.3.3.3.2.2.2.2.2.2.2.2.2.2.2.2.2.2.2.2",0.135984951524589,FALSE,TRUE,41
"2.2.2.3.2.4.2.2.2.2.2.2.2.2.2.2.2.2.2.2.2.2",0.188824142299247,FALSE,TRUE,41
"2.2.2.3.2.3.3.2.2.2.2.2.2.2.2.2.2.2.2.2.2.2",0.153918005266937,FALSE,TRUE,41
"2.2.2.3.2.3.2.3.2.2.2.2.2.2.2.2.2.2.2.2.2.2",0.335818183678634,FALSE,TRUE,41
"2.2.2.3.2.3.2.2.3.2.2.2.2.2.2.2.2.2.2.2.2.2",0.370076965306083,FALSE,TRUE,41
"2.2.2.3.2.3.2.2.2.3.2.2.2.2.2.2.2.2.2.2.2.2",0.103274720896721,FALSE,TRUE,41
"2.2.2.3.2.3.2.2.2.2.3.2.2.2.2.2.2.2.2.2.2.2",0.0683391204548,FALSE,TRUE,41
"2.2.2.3.2.3.2.2.2.2.2.3.2.2.2.2.2.2.2.2.2.2",0.188802416299541,FALSE,TRUE,42
"2.2.2.3.2.3.2.2.2.2.2.2.3.2.2.2.2.2.2.2.2.2",0.295664953097111,FALSE,TRUE,41
"2.2.2.3.2.3.2.2.2.2.2.2.2.3.2.2.2.2.2.2.2.2",0.172675789088487,FALSE,TRUE,41
"2.2.2.3.2.3.2.2.2.2.2.2.2.2.3.2.2.2.2.2.2.2",0.0843351825158479,FALSE,TRUE,41
"2.2.2.3.2.3.2.2.2.2.2.2.2.2.2.3.2.2.2.2.2.2",0.355812331945052,FALSE,TRUE,41
"2.2.2.3.2.3.2.2.2.2.2.2.2.2.2.2.2.3.2.2.2.2",0.143183828844727,FALSE,TRUE,41
"2.2.2.3.2.3.2.2.2.2.2.2.2.2.2.2.2.2.3.2.2.2",0.102038913655067,FALSE,TRUE,41
"2.2.2.3.2.3.2.2.2.2.2.2.2.2.2.2.2.2.2.3.2.2",0.283563622734763,FALSE,TRUE,41
"2.2.2.3.2.3.2.2.2.2.2.2.2.2.2.2.2.2.2.2.3.2",0.108717552272454,FALSE,TRUE,41
"2.2.2.3.2.3.2.2.2.2.2.2.2.2.2.2.2.2.2.2.2.3",0.149477383175425,FALSE,TRUE,40
"1.2.2.3.2.3.2.2.2.2.2.2.2.2.2.2.2.2.2.2.2.2",0.438861083245945,FALSE,TRUE,39
"2.1.2.3.2.3.2.2.2.2.2.2.2.2.2.2.2.2.2.2.2.2",0.393332097980203,FALSE,TRUE,40
"2.2.1.3.2.3.2.2.2.2.2.2.2.2.2.2.2.2.2.2.2.2",0.384699003104863,FALSE,TRUE,40
"2.2.2.3.1.3.2.2.2.2.2.2.2.2.2.2.2.2.2.2.2.2",0.393581262637661,FALSE,TRUE,40
"2.2.2.3.2.3.1.2.2.2.2.2.2.2.2.2.2.2.2.2.2.2",0.44215334622941,FALSE,TRUE,40
"2.2.2.3.2.3.2.1.2.2.2.2.2.2.2.2.2.2.2.2.2.2",0.23918786445843,FALSE,TRUE,40
"2.2.2.3.2.3.2.2.1.2.2.2.2.2.2.2.2.2.2.2.2.2",0.24093985884923,FALSE,TRUE,40
"2.2.2.3.2.3.2.2.2.1.2.2.2.2.2.2.2.2.2.2.2.2",0.48739140289931,FALSE,TRUE,39
"2.2.2.3.2.3.2.2.2.2.1.2.2.2.2.2.2.2.2.2.2.2",0.504894817184981,FALSE,TRUE,40
"2.2.2.3.2.3.2.2.2.2.2.2.1.2.2.2.2.2.2.2.2.2",0.332873485034654,FALSE,TRUE,40
"2.2.2.3.2.3.2.2.2.2.2.2.2.1.2.2.2.2.2.2.2.2",0.373361176430424,FALSE,TRUE,40
"2.2.2.3.2.3.2.2.2.2.2.2.2.2.1.2.2.2.2.2.2.2",0.470851285848849,FALSE,TRUE,40
"2.2.2.3.2.3.2.2.2.2.2.2.2.2.2.1.2.2.2.2.2.2",0.248456409413423,FALSE,TRUE,40
"2.2.2.3.2.3.2.2.2.2.2.2.2.2.2.2.1.2.2.2.2.2",0.300992273971427,FALSE,TRUE,40
"2.2.2.3.2.3.2.2.2.2.2.2.2.2.2.2.2.1.2.2.2.2",0.41992829552584,FALSE,TRUE,39
"2.2.2.3.2.3.2.2.2.2.2.2.2.2.2.2.2.2.1.2.2.2",0.456240058912012,FALSE,TRUE,40
"2.2.2.3.2.3.2.2.2.2.2.2.2.2.2.2.2.2.2.1.2.2",0.313144887297774,FALSE,TRUE,40
"2.2.2.3.2.3.2.2.2.2.2.2.2.2.2.2.2.2.2.2.1.2",0.482393049698224,FALSE,TRUE,40
"2.2.2.3.2.3.2.2.2.2.2.2.2.2.2.2.2.2.2.2.2.1",0.433818738658677,FALSE,TRUE,40
"3.2.3.2.2.2.2.2.2.2.2.2.1.2.2.2.2.1.1.2.2.2",0.405785149815378,FALSE,TRUE,38
"2.3.3.2.2.2.2.2.2.2.2.2.1.2.2.2.2.1.1.2.2.2",0.428066175901642,FALSE,TRUE,38
"2.2.4.2.2.2.2.2.2.2.2.2.1.2.2.2.2.1.1.2.2.2",0.589229109744185,FALSE,TRUE,38
"2.2.3.3.2.2.2.2.2.2.2.2.1.2.2.2.2.1.1.2.2.2",0.640181618580334,FALSE,TRUE,36
"2.2.3.2.3.2.2.2.2.2.2.2.1.2.2.2.2.1.1.2.2.2",0.488322253357051,FALSE,TRUE,38
"2.2.3.2.2.3.2.2.2.2.2.2.1.2.2.2.2.1.1.2.2.2",0.475365388262835,FALSE,TRUE,38
"2.2.3.2.2.2.3.2.2.2.2.2.1.2.2.2.2.1.1.2.2.2",0.458645567622924,FALSE,TRUE,38
"2.2.3.2.2.2.2.3.2.2.2.2.1.2.2.2.2.1.1.2.2.2",0.551201043249552,FALSE,TRUE,37
"2.2.3.2.2.2.2.2.2.3.2.2.1.2.2.2.2.1.1.2.2.2",0.520244658333539,FALSE,TRUE,38
"2.2.3.2.2.2.2.2.2.2.3.2.1.2.2.2.2.1.1.2.2.2",0.463226565290157,FALSE,TRUE,38
"2.2.3.2.2.2.2.2.2.2.2.3.1.2.2.2.2.1.1.2.2.2",0.593915429021023,FALSE,TRUE,38
"2.2.3.2.2.2.2.2.2.2.2.2.1.3.2.2.2.1.1.2.2.2",0.462849045044342,FALSE,TRUE,38
"2.2.3.2.2.2.2.2.2.2.2.2.1.2.3.2.2.1.1.2.2.2",0.405366979244627,FALSE,TRUE,38
"2.2.3.2.2.2.2.2.2.2.2.2.1.2.2.3.2.1.1.2.2.2",0.647912106877917,FALSE,TRUE,38
"2.2.3.2.2.2.2.2.2.2.2.2.1.2.2.2.3.1.1.2.2.2",0.569559920043069,FALSE,TRUE,38
"2.2.3.2.2.2.2.2.2.2.2.2.1.2.2.2.2.2.1.2.2.2",0.519264350035993,FALSE,TRUE,39
"2.2.3.2.2.2.2.2.2.2.2.2.1.2.2.2.2.1.2.2.2.2",0.484396410783772,FALSE,TRUE,38
"2.2.3.2.2.2.2.2.2.2.2.2.1.2.2.2.2.1.1.3.2.2",0.570049697480023,FALSE,TRUE,38
"2.2.3.2.2.2.2.2.2.2.2.2.1.2.2.2.2.1.1.2.3.2",0.500065850681325,FALSE,TRUE,38
"2.2.3.2.2.2.2.2.2.2.2.2.1.2.2.2.2.1.1.2.2.3",0.487244146560607,FALSE,TRUE,38
"1.2.3.2.2.2.2.2.2.2.2.2.1.2.2.2.2.1.1.2.2.2",0.677296660696067,FALSE,TRUE,37
"2.1.3.2.2.2.2.2.2.2.2.2.1.2.2.2.2.1.1.2.2.2",0.68088193570721,FALSE,TRUE,37
"2.2.3.1.2.2.2.2.2.2.2.2.1.2.2.2.2.1.1.2.2.2",0.524673856948741,FALSE,TRUE,37
"2.2.3.2.1.2.2.2.2.2.2.2.1.2.2.2.2.1.1.2.2.2",0.581811661862573,FALSE,TRUE,37
"2.2.3.2.2.1.2.2.2.2.2.2.1.2.2.2.2.1.1.2.2.2",0.666611028434621,FALSE,TRUE,37
"2.2.3.2.2.2.1.2.2.2.2.2.1.2.2.2.2.1.1.2.2.2",0.612337465438097,FALSE,TRUE,37
"2.2.3.2.2.2.2.1.2.2.2.2.1.2.2.2.2.1.1.2.2.2",0.54952397347742,FALSE,TRUE,37
"2.2.3.2.2.2.2.2.1.2.2.2.1.2.2.2.2.1.1.2.2.2",0.500763621500884,FALSE,TRUE,38
"2.2.3.2.2.2.2.2.2.1.2.2.1.2.2.2.2.1.1.2.2.2",0.581028273617028,FALSE,TRUE,37
"2.2.3.2.2.2.2.2.2.2.1.2.1.2.2.2.2.1.1.2.2.2",0.604538119708002,FALSE,TRUE,37
"2.2.3.2.2.2.2.2.2.2.2.1.1.2.2.2.2.1.1.2.2.2",0.506368831037724,FALSE,TRUE,37
"2.2.3.2.2.2.2.2.2.2.2.2.1.1.2.2.2.1.1.2.2.2",0.578421961442267,FALSE,TRUE,37
"2.2.3.2.2.2.2.2.2.2.2.2.1.2.1.2.2.1.1.2.2.2",0.664783513055421,FALSE,TRUE,37
"2.2.3.2.2.2.2.2.2.2.2.2.1.2.2.1.2.1.1.2.2.2",0.474702609989794,FALSE,TRUE,37
"2.2.3.2.2.2.2.2.2.2.2.2.1.2.2.2.1.1.1.2.2.2",0.534995818673568,FALSE,TRUE,37
"2.2.3.2.2.2.2.2.2.2.2.2.1.2.2.2.2.1.1.1.2.2",0.549864205136946,FALSE,TRUE,37
"2.2.3.2.2.2.2.2.2.2.2.2.1.2.2.2.2.1.1.2.1.2",0.617126954434431,FALSE,TRUE,37
"2.2.3.2.2.2.2.2.2.2.2.2.1.2.2.2.2.1.1.2.2.1",0.588620508327844,FALSE,TRUE,37
"2.2.2.2.2.1.2.2.2.2.2.1.2.2.2.2.2.2.2.2.2.2",0.561003372174791,FALSE,TRUE,38
"1.3.2.2.2.1.2.2.2.2.2.1.2.2.2.2.2.2.2.2.2.2",0.502741355527939,FALSE,TRUE,39
"1.2.3.2.2.1.2.2.2.2.2.1.2.2.2.2.2.2.2.2.2.2",0.65048583195032,FALSE,TRUE,39
"1.2.2.3.2.1.2.2.2.2.2.1.2.2.2.2.2.2.2.2.2.2",0.749443931048458,FALSE,TRUE,39
"1.2.2.2.3.1.2.2.2.2.2.1.2.2.2.2.2.2.2.2.2.2",0.514296955706018,FALSE,TRUE,39
"1.2.2.2.2.1.3.2.2.2.2.1.2.2.2.2.2.2.2.2.2.2",0.502466386640057,FALSE,TRUE,39
"1.2.2.2.2.1.2.3.2.2.2.1.2.2.2.2.2.2.2.2.2.2",0.610439882625685,FALSE,TRUE,39
"1.2.2.2.2.1.2.2.3.2.2.1.2.2.2.2.2.2.2.2.2.2",0.717150716597591,FALSE,TRUE,39
"1.2.2.2.2.1.2.2.2.3.2.1.2.2.2.2.2.2.2.2.2.2",0.60884185415522,FALSE,TRUE,39
"1.2.2.2.2.1.2.2.2.2.3.1.2.2.2.2.2.2.2.2.2.2",0.558562815065828,FALSE,TRUE,39
"1.2.2.2.2.1.2.2.2.2.2.1.3.2.2.2.2.2.2.2.2.2",0.670025797188598,FALSE,TRUE,39
"1.2.2.2.2.1.2.2.2.2.2.1.2.3.2.2.2.2.2.2.2.2",0.469849393463863,FALSE,TRUE,39
"1.2.2.2.2.1.2.2.2.2.2.1.2.2.3.2.2.2.2.2.2.2",0.546871510642208,FALSE,TRUE,39
"1.2.2.2.2.1.2.2.2.2.2.1.2.2.2.3.2.2.2.2.2.2",0.652018674779811,FALSE,TRUE,37
"1.2.2.2.2.1.2.2.2.2.2.1.2.2.2.2.2.3.2.2.2.2",0.544469838568172,FALSE,TRUE,39
"1.2.2.2.2.1.2.2.2.2.2.1.2.2.2.2.2.2.3.2.2.2",0.559390039495686,FALSE,TRUE,39
"1.2.2.2.2.1.2.2.2.2.2.1.2.2.2.2.2.2.2.3.2.2",0.688392166040343,FALSE,TRUE,37
"1.2.2.2.2.1.2.2.2.2.2.1.2.2.2.2.2.2.2.2.3.2",0.583051256699855,FALSE,TRUE,39
"1.1.2.2.2.1.2.2.2.2.2.1.2.2.2.2.2.2.2.2.2.2",0.77223575560471,FALSE,TRUE,38
"1.2.1.2.2.1.2.2.2.2.2.1.2.2.2.2.2.2.2.2.2.2",0.682097808072021,FALSE,TRUE,38
"1.2.2.1.2.1.2.2.2.2.2.1.2.2.2.2.2.2.2.2.2.2",0.590465274918283,FALSE,TRUE,38
"1.2.2.2.1.1.2.2.2.2.2.1.2.2.2.2.2.2.2.2.2.2",0.736640099264618,FALSE,TRUE,38
"1.2.2.2.2.1.1.2.2.2.2.1.2.2.2.2.2.2.2.2.2.2",0.718019184793231,FALSE,TRUE,38
"1.2.2.2.2.1.2.2.1.2.2.1.2.2.2.2.2.2.2.2.2.2",0.600527527479942,FALSE,TRUE,38
"1.2.2.2.2.1.2.2.2.1.2.1.2.2.2.2.2.2.2.2.2.2",0.680495930881262,FALSE,TRUE,38
"1.2.2.2.2.1.2.2.2.2.1.1.2.2.2.2.2.2.2.2.2.2",0.686486128393645,FALSE,TRUE,38
"1.2.2.2.2.1.2.2.2.2.2.1.1.2.2.2.2.2.2.2.2.2",0.626274234333119,FALSE,TRUE,38
"1.2.2.2.2.1.2.2.2.2.2.1.2.1.2.2.2.2.2.2.2.2",0.751484055979087,FALSE,TRUE,38
"1.2.2.2.2.1.2.2.2.2.2.1.2.2.1.2.2.2.2.2.2.2",0.702992794796152,FALSE,TRUE,37
"1.2.2.2.2.1.2.2.2.2.2.1.2.2.2.1.2.2.2.2.2.2",0.65055684139724,FALSE,TRUE,38
"1.2.2.2.2.1.2.2.2.2.2.1.2.2.2.2.1.2.2.2.2.2",0.713751260724684,FALSE,TRUE,38
"1.2.2.2.2.1.2.2.2.2.2.1.2.2.2.2.2.1.2.2.2.2",0.717401473123399,FALSE,TRUE,38
"1.2.2.2.2.1.2.2.2.2.2.1.2.2.2.2.2.2.1.2.2.2",0.681845588679891,FALSE,TRUE,38
"1.2.2.2.2.1.2.2.2.2.2.1.2.2.2.2.2.2.2.1.2.2",0.624884299363797,FALSE,TRUE,38
"1.2.2.2.2.1.2.2.2.2.2.1.2.2.2.2.2.2.2.2.1.2",0.721218691311642,FALSE,TRUE,38
"1.2.2.2.2.1.2.2.2.2.2.1.2.2.2.2.2.2.2.2.2.1",0.674698084149449,FALSE,TRUE,39
"3.1.2.1.2.2.2.2.2.2.2.2.2.2.2.2.2.2.2.2.2.3",0.244029906599098,FALSE,TRUE,40
"2.1.3.1.2.2.2.2.2.2.2.2.2.2.2.2.2.2.2.2.2.3",0.341781528118441,FALSE,TRUE,40
"2.1.2.1.3.2.2.2.2.2.2.2.2.2.2.2.2.2.2.2.2.3",0.176400862040361,FALSE,TRUE,40
"2.1.2.1.2.3.2.2.2.2.2.2.2.2.2.2.2.2.2.2.2.3",0.26140871852219,FALSE,TRUE,40
"2.1.2.1.2.2.3.2.2.2.2.2.2.2.2.2.2.2.2.2.2.3",0.16345245027349,FALSE,TRUE,40
"2.1.2.1.2.2.2.3.2.2.2.2.2.2.2.2.2.2.2.2.2.3",0.40059119478364,FALSE,TRUE,40
"2.1.2.1.2.2.2.2.3.2.2.2.2.2.2.2.2.2.2.2.2.3",0.471170924601008,FALSE,TRUE,40
"2.1.2.1.2.2.2.2.2.3.2.2.2.2.2.2.2.2.2.2.2.3",0.206301428930893,FALSE,TRUE,40
"2.1.2.1.2.2.2.2.2.2.3.2.2.2.2.2.2.2.2.2.2.3",0.169752088573957,FALSE,TRUE,40
"2.1.2.1.2.2.2.2.2.2.2.3.2.2.2.2.2.2.2.2.2.3",0.291191168833703,FALSE,TRUE,40
"2.1.2.1.2.2.2.2.2.2.2.2.3.2.2.2.2.2.2.2.2.3",0.389983160116081,FALSE,TRUE,40
"2.1.2.1.2.2.2.2.2.2.2.2.2.3.2.2.2.2.2.2.2.3",0.182365187756704,FALSE,TRUE,40
"2.1.2.1.2.2.2.2.2.2.2.2.2.2.3.2.2.2.2.2.2.3",0.171778116815629,FALSE,TRUE,40
"2.1.2.1.2.2.2.2.2.2.2.2.2.2.2.3.2.2.2.2.2.3",0.417575439474463,FALSE,TRUE,40
"2.1.2.1.2.2.2.2.2.2.2.2.2.2.2.2.3.2.2.2.2.3",0.337714176907339,FALSE,TRUE,40
"2.1.2.1.2.2.2.2.2.2.2.2.2.2.2.2.2.3.2.2.2.3",0.208509021948517,FALSE,TRUE,40
"2.1.2.1.2.2.2.2.2.2.2.2.2.2.2.2.2.2.3.2.2.3",0.20764789173728,FALSE,TRUE,40
"2.1.2.1.2.2.2.2.2.2.2.2.2.2.2.2.2.2.2.3.2.3",0.416973841839462,FALSE,TRUE,40
"2.1.2.1.2.2.2.2.2.2.2.2.2.2.2.2.2.2.2.2.3.3",0.192931625624145,FALSE,TRUE,40
"2.1.2.1.2.2.2.2.2.2.2.2.2.2.2.2.2.2.2.2.2.4",0.229994161007101,FALSE,TRUE,40
"1.1.2.1.2.2.2.2.2.2.2.2.2.2.2.2.2.2.2.2.2.3",0.500603331540566,FALSE,TRUE,38
"2.1.1.1.2.2.2.2.2.2.2.2.2.2.2.2.2.2.2.2.2.3",0.465367352283834,FALSE,TRUE,39
"2.1.2.1.1.2.2.2.2.2.2.2.2.2.2.2.2.2.2.2.2.3",0.572639306422261,FALSE,TRUE,39
"2.1.2.1.2.1.2.2.2.2.2.2.2.2.2.2.2.2.2.2.2.3",0.52077565302709,FALSE,TRUE,39
"2.1.2.1.2.2.1.2.2.2.2.2.2.2.2.2.2.2.2.2.2.3",0.557376210898739,FALSE,TRUE,39
"2.1.2.1.2.2.2.1.2.2.2.2.2.2.2.2.2.2.2.2.2.3",0.361652675541537,FALSE,TRUE,39
"2.1.2.1.2.2.2.2.1.2.2.2.2.2.2.2.2.2.2.2.2.3",0.318932706557529,FALSE,TRUE,39
"2.1.2.1.2.2.2.2.2.1.2.2.2.2.2.2.2.2.2.2.2.3",0.565530067693614,FALSE,TRUE,39
"2.1.2.1.2.2.2.2.2.2.1.2.2.2.2.2.2.2.2.2.2.3",0.566277660307096,FALSE,TRUE,39
"2.1.2.1.2.2.2.2.2.2.2.1.2.2.2.2.2.2.2.2.2.3",0.48021818637154,FALSE,TRUE,39
"2.1.2.1.2.2.2.2.2.2.2.2.1.2.2.2.2.2.2.2.2.3",0.382221056407603,FALSE,TRUE,38
"2.1.2.1.2.2.2.2.2.2.2.2.2.1.2.2.2.2.2.2.2.3",0.532954627374405,FALSE,TRUE,39
"2.1.2.1.2.2.2.2.2.2.2.2.2.2.1.2.2.2.2.2.2.3",0.563501313326338,FALSE,TRUE,39
"2.1.2.1.2.2.2.2.2.2.2.2.2.2.2.1.2.2.2.2.2.3",0.352860321446881,FALSE,TRUE,39
"2.1.2.1.2.2.2.2.2.2.2.2.2.2.2.2.1.2.2.2.2.3",0.419196983693296,FALSE,TRUE,39
"2.1.2.1.2.2.2.2.2.2.2.2.2.2.2.2.2.1.2.2.2.3",0.541051579917666,FALSE,TRUE,39
"2.1.2.1.2.2.2.2.2.2.2.2.2.2.2.2.2.2.1.2.2.3",0.530429436957713,FALSE,TRUE,39
"2.1.2.1.2.2.2.2.2.2.2.2.2.2.2.2.2.2.2.1.2.3",0.36131418105806,FALSE,TRUE,39
"2.1.2.1.2.2.2.2.2.2.2.2.2.2.2.2.2.2.2.2.1.3",0.588666132425065,FALSE,TRUE,39
"2.1.2.1.2.2.2.2.2.2.2.2.2.2.2.2.2.2.2.2.2.2",0.521792533086059,FALSE,TRUE,39
"3.2.2.3.2.3.2.2.2.2.2.1.2.2.2.2.2.2.2.2.2.2",0.17414875481887,FALSE,TRUE,41
"2.3.2.3.2.3.2.2.2.2.2.1.2.2.2.2.2.2.2.2.2.2",0.270711693417569,FALSE,TRUE,41
"2.2.3.3.2.3.2.2.2.2.2.1.2.2.2.2.2.2.2.2.2.2",0.332899356864635,FALSE,TRUE,41
"2.2.2.4.2.3.2.2.2.2.2.1.2.2.2.2.2.2.2.2.2.2",0.393662573954143,FALSE,TRUE,41
"2.2.2.3.3.3.2.2.2.2.2.1.2.2.2.2.2.2.2.2.2.2",0.252038241850107,FALSE,TRUE,41
"2.2.2.3.2.4.2.2.2.2.2.1.2.2.2.2.2.2.2.2.2.2",0.271403861910582,FALSE,TRUE,41
"2.2.2.3.2.3.3.2.2.2.2.1.2.2.2.2.2.2.2.2.2.2",0.267664261663966,FALSE,TRUE,41
"2.2.2.3.2.3.2.3.2.2.2.1.2.2.2.2.2.2.2.2.2.2",0.389471704705072,FALSE,TRUE,41
"2.2.2.3.2.3.2.2.3.2.2.1.2.2.2.2.2.2.2.2.2.2",0.467441990889101,FALSE,TRUE,41
"2.2.2.3.2.3.2.2.2.3.2.1.2.2.2.2.2.2.2.2.2.2",0.206747644605298,FALSE,TRUE,41
"2.2.2.3.2.3.2.2.2.2.3.1.2.2.2.2.2.2.2.2.2.2",0.174662142335538,FALSE,TRUE,41
"2.2.2.3.2.3.2.2.2.2.2.1.3.2.2.2.2.2.2.2.2.2",0.354757044724535,FALSE,TRUE,41
"2.2.2.3.2.3.2.2.2.2.2.1.2.3.2.2.2.2.2.2.2.2",0.279328058297991,FALSE,TRUE,41
"2.2.2.3.2.3.2.2.2.2.2.1.2.2.3.2.2.2.2.2.2.2",0.146297360956734,FALSE,TRUE,41
"2.2.2.3.2.3.2.2.2.2.2.1.2.2.2.3.2.2.2.2.2.2",0.45918858290839,FALSE,TRUE,41
"2.2.2.3.2.3.2.2.2.2.2.1.2.2.2.2.3.2.2.2.2.2",0.359195266556825,FALSE,TRUE,40
"2.2.2.3.2.3.2.2.2.2.2.1.2.2.2.2.2.3.2.2.2.2",0.272769121596642,FALSE,TRUE,41
"2.2.2.3.2.3.2.2.2.2.2.1.2.2.2.2.2.2.3.2.2.2",0.231716043400957,FALSE,TRUE,41
"2.2.2.3.2.3.2.2.2.2.2.1.2.2.2.2.2.2.2.3.2.2",0.318744750077461,FALSE,TRUE,41
"2.2.2.3.2.3.2.2.2.2.2.1.2.2.2.2.2.2.2.2.3.2",0.202208187591591,FALSE,TRUE,41
"2.2.2.3.2.3.2.2.2.2.2.1.2.2.2.2.2.2.2.2.2.3",0.244960052289105,FALSE,TRUE,41
"1.2.2.3.2.3.2.2.2.2.2.1.2.2.2.2.2.2.2.2.2.2",0.55499075618331,FALSE,TRUE,40
"2.1.2.3.2.3.2.2.2.2.2.1.2.2.2.2.2.2.2.2.2.2",0.479282121103325,FALSE,TRUE,40
"2.2.1.3.2.3.2.2.2.2.2.1.2.2.2.2.2.2.2.2.2.2",0.426121176777107,FALSE,TRUE,40
"2.2.2.3.1.3.2.2.2.2.2.1.2.2.2.2.2.2.2.2.2.2",0.423367901391276,FALSE,TRUE,40
"2.2.2.3.2.2.2.2.2.2.2.1.2.2.2.2.2.2.2.2.2.2",0.511323184633515,FALSE,TRUE,40
"2.2.2.3.2.3.1.2.2.2.2.1.2.2.2.2.2.2.2.2.2.2",0.461559321222362,FALSE,TRUE,40
"2.2.2.3.2.3.2.1.2.2.2.1.2.2.2.2.2.2.2.2.2.2",0.330737522524874,FALSE,TRUE,40
"2.2.2.3.2.3.2.2.1.2.2.1.2.2.2.2.2.2.2.2.2.2",0.291115695804007,FALSE,TRUE,40
"2.2.2.3.2.3.2.2.2.1.2.1.2.2.2.2.2.2.2.2.2.2",0.520735823141066,FALSE,TRUE,40
"2.2.2.3.2.3.2.2.2.2.1.1.2.2.2.2.2.2.2.2.2.2",0.529323198546042,FALSE,TRUE,40
"2.2.2.3.2.3.2.2.2.2.2.1.1.2.2.2.2.2.2.2.2.2",0.410127072819129,FALSE,TRUE,40
"2.2.2.3.2.3.2.2.2.2.2.1.2.1.2.2.2.2.2.2.2.2",0.406371035048612,FALSE,TRUE,40
"2.2.2.3.2.3.2.2.2.2.2.1.2.2.1.2.2.2.2.2.2.2",0.564491793940633,FALSE,TRUE,40
"2.2.2.3.2.3.2.2.2.2.2.1.2.2.2.1.2.2.2.2.2.2",0.292162138405952,FALSE,TRUE,40
"2.2.2.3.2.3.2.2.2.2.2.1.2.2.2.2.1.2.2.2.2.2",0.372478679595143,FALSE,TRUE,39
"2.2.2.3.2.3.2.2.2.2.2.1.2.2.2.2.2.1.2.2.2.2",0.41935482478794,FALSE,TRUE,40
"2.2.2.3.2.3.2.2.2.2.2.1.2.2.2.2.2.2.1.2.2.2",0.462667837372678,FALSE,TRUE,39
"2.2.2.3.2.3.2.2.2.2.2.1.2.2.2.2.2.2.2.1.2.2",0.423633556671573,FALSE,TRUE,40
"2.2.2.3.2.3.2.2.2.2.2.1.2.2.2.2.2.2.2.2.1.2",0.532824794543635,FALSE,TRUE,40
"2.2.2.3.2.3.2.2.2.2.2.1.2.2.2.2.2.2.2.2.2.1",0.471547658685963,FALSE,TRUE,40
"2.2.2.2.2.2.2.1.2.3.2.2.2.2.2.2.2.2.2.3.2.2",0.252771824561648,FALSE,TRUE,40
"1.3.2.2.2.2.2.1.2.3.2.2.2.2.2.2.2.2.2.3.2.2",0.268923026649953,FALSE,TRUE,39
"1.2.3.2.2.2.2.1.2.3.2.2.2.2.2.2.2.2.2.3.2.2",0.347371291182953,FALSE,TRUE,40
"1.2.2.3.2.2.2.1.2.3.2.2.2.2.2.2.2.2.2.3.2.2",0.440295043321859,FALSE,TRUE,39
"1.2.2.2.3.2.2.1.2.3.2.2.2.2.2.2.2.2.2.3.2.2",0.24697568448444,FALSE,TRUE,39
"1.2.2.2.2.3.2.1.2.3.2.2.2.2.2.2.2.2.2.3.2.2",0.23501602930942,FALSE,TRUE,39
"1.2.2.2.2.2.3.1.2.3.2.2.2.2.2.2.2.2.2.3.2.2",0.202604316652074,FALSE,TRUE,39
"1.2.2.2.2.2.2.1.3.3.2.2.2.2.2.2.2.2.2.3.2.2",0.456927482020165,FALSE,TRUE,39
"1.2.2.2.2.2.2.1.2.4.2.2.2.2.2.2.2.2.2.3.2.2",0.247930246795818,FALSE,TRUE,40
"1.2.2.2.2.2.2.1.2.3.3.2.2.2.2.2.2.2.2.3.2.2",0.180444157368874,FALSE,TRUE,39
"1.2.2.2.2.2.2.1.2.3.2.3.2.2.2.2.2.2.2.3.2.2",0.283940125560716,FALSE,TRUE,38
"1.2.2.2.2.2.2.1.2.3.2.2.3.2.2.2.2.2.2.3.2.2",0.424226351291095,FALSE,TRUE,39
"1.2.2.2.2.2.2.1.2.3.2.2.2.3.2.2.2.2.2.3.2.2",0.236855921334816,FALSE,TRUE,39
"1.2.2.2.2.2.2.1.2.3.2.2.2.2.3.2.2.2.2.3.2.2",0.238079043050564,FALSE,TRUE,39
"1.2.2.2.2.2.2.1.2.3.2.2.2.2.2.3.2.2.2.3.2.2",0.428498281484224,FALSE,TRUE,39
"1.2.2.2.2.2.2.1.2.3.2.2.2.2.2.2.3.2.2.3.2.2",0.408409602955441,FALSE,TRUE,39
"1.2.2.2.2.2.2.1.2.3.2.2.2.2.2.2.2.3.2.3.2.2",0.216340912636135,FALSE,TRUE,39
"1.2.2.2.2.2.2.1.2.3.2.2.2.2.2.2.2.2.3.3.2.2",0.167201483845287,FALSE,TRUE,39
"1.2.2.2.2.2.2.1.2.3.2.2.2.2.2.2.2.2.2.4.2.2",0.470773178485291,FALSE,TRUE,39
"1.2.2.2.2.2.2.1.2.3.2.2.2.2.2.2.2.2.2.3.3.2",0.252059355318568,FALSE,TRUE,39
"1.2.2.2.2.2.2.1.2.3.2.2.2.2.2.2.2.2.2.3.2.3",0.279956855404362,FALSE,TRUE,39
"1.1.2.2.2.2.2.1.2.3.2.2.2.2.2.2.2.2.2.3.2.2",0.4981246327225,FALSE,TRUE,38
"1.2.2.1.2.2.2.1.2.3.2.2.2.2.2.2.2.2.2.3.2.2",0.379613077598355,FALSE,TRUE,38
"1.2.2.2.1.2.2.1.2.3.2.2.2.2.2.2.2.2.2.3.2.2",0.520092833237777,FALSE,TRUE,38
"1.2.2.2.2.1.2.1.2.3.2.2.2.2.2.2.2.2.2.3.2.2",0.573645648537484,FALSE,TRUE,38
"1.2.2.2.2.2.1.1.2.3.2.2.2.2.2.2.2.2.2.3.2.2",0.56069927404696,FALSE,TRUE,38
"1.2.2.2.2.2.2.1.1.3.2.2.2.2.2.2.2.2.2.3.2.2",0.35286925555424,FALSE,TRUE,38
"1.2.2.2.2.2.2.1.2.3.1.2.2.2.2.2.2.2.2.3.2.2",0.596816376632472,FALSE,TRUE,38
"1.2.2.2.2.2.2.1.2.3.2.1.2.2.2.2.2.2.2.3.2.2",0.509545157783136,FALSE,TRUE,38
"1.2.2.2.2.2.2.1.2.3.2.2.1.2.2.2.2.2.2.3.2.2",0.389621851818455,FALSE,TRUE,38
"1.2.2.2.2.2.2.1.2.3.2.2.2.1.2.2.2.2.2.3.2.2",0.531200370453384,FALSE,TRUE,38
"1.2.2.2.2.2.2.1.2.3.2.2.2.2.1.2.2.2.2.3.2.2",0.504388733763975,FALSE,TRUE,38
"1.2.2.2.2.2.2.1.2.3.2.2.2.2.2.1.2.2.2.3.2.2",0.373859846536022,FALSE,TRUE,38
"1.2.2.2.2.2.2.1.2.3.2.2.2.2.2.2.1.2.2.3.2.2",0.380283235086568,FALSE,TRUE,38
"1.2.2.2.2.2.2.1.2.3.2.2.2.2.2.2.2.1.2.3.2.2",0.57941779271826,FALSE,TRUE,38
"1.2.2.2.2.2.2.1.2.3.2.2.2.2.2.2.2.2.1.3.2.2",0.621597058692144,FALSE,TRUE,38
"1.2.2.2.2.2.2.1.2.3.2.2.2.2.2.2.2.2.2.3.1.2",0.534698626681737,FALSE,TRUE,38
"1.2.2.2.2.2.2.1.2.3.2.2.2.2.2.2.2.2.2.3.2.1",0.488982046344513,FALSE,TRUE,38
"3.2.2.2.2.2.2.2.2.2.2.2.1.2.2.2.2.2.2.2.2.3",0.129135551242979,FALSE,TRUE,41
"2.3.2.2.2.2.2.2.2.2.2.2.1.2.2.2.2.2.2.2.2.3",0.0878185446696006,FALSE,TRUE,41
"2.2.3.2.2.2.2.2.2.2.2.2.1.2.2.2.2.2.2.2.2.3",0.170641766857818,FALSE,TRUE,41
"2.2.2.3.2.2.2.2.2.2.2.2.1.2.2.2.2.2.2.2.2.3",0.29017631823611,FALSE,TRUE,41
"2.2.2.2.3.2.2.2.2.2.2.2.1.2.2.2.2.2.2.2.2.3",0.024980561844002,FALSE,TRUE,41
"2.2.2.2.2.3.2.2.2.2.2.2.1.2.2.2.2.2.2.2.2.3",0.145969175101728,FALSE,TRUE,40
"2.2.2.2.2.2.3.2.2.2.2.2.1.2.2.2.2.2.2.2.2.3",0.0802734472319248,FALSE,TRUE,41
"2.2.2.2.2.2.2.3.2.2.2.2.1.2.2.2.2.2.2.2.2.3",0.277708445282749,FALSE,TRUE,41
"2.2.2.2.2.2.2.2.3.2.2.2.1.2.2.2.2.2.2.2.2.3",0.29827224075442,FALSE,TRUE,41
"2.2.2.2.2.2.2.2.2.3.2.2.1.2.2.2.2.2.2.2.2.3",0.0548158263444276,FALSE,TRUE,41
"2.2.2.2.2.2.2.2.2.2.3.2.1.2.2.2.2.2.2.2.2.3",0.0510968374758616,FALSE,TRUE,41
"2.2.2.2.2.2.2.2.2.2.2.3.1.2.2.2.2.2.2.2.2.3",0.131090827913502,FALSE,TRUE,41
"2.2.2.2.2.2.2.2.2.2.2.2.1.3.2.2.2.2.2.2.2.3",0.0265934776214167,FALSE,TRUE,41
"2.2.2.2.2.2.2.2.2.2.2.2.1.2.3.2.2.2.2.2.2.3",0.0781206537041862,FALSE,TRUE,41
"2.2.2.2.2.2.2.2.2.2.2.2.1.2.2.3.2.2.2.2.2.3",0.291076532625577,FALSE,TRUE,41
"2.2.2.2.2.2.2.2.2.2.2.2.1.2.2.2.3.2.2.2.2.3",0.211808590907624,FALSE,TRUE,41
"2.2.2.2.2.2.2.2.2.2.2.2.1.2.2.2.2.3.2.2.2.3",0.0444704013709041,FALSE,TRUE,41
"2.2.2.2.2.2.2.2.2.2.2.2.1.2.2.2.2.2.3.2.2.3",0.0326652830776434,FALSE,TRUE,41
"2.2.2.2.2.2.2.2.2.2.2.2.1.2.2.2.2.2.2.3.2.3",0.296620324200038,FALSE,TRUE,41
"2.2.2.2.2.2.2.2.2.2.2.2.1.2.2.2.2.2.2.2.3.3",0.0559930820210859,FALSE,TRUE,41
"2.2.2.2.2.2.2.2.2.2.2.2.1.2.2.2.2.2.2.2.2.4",0.0481241793303346,FALSE,TRUE,41
"2.2.1.2.2.2.2.2.2.2.2.2.1.2.2.2.2.2.2.2.2.3",0.336656725489221,FALSE,TRUE,40
"2.2.2.1.2.2.2.2.2.2.2.2.1.2.2.2.2.2.2.2.2.3",0.227282165068583,FALSE,TRUE,39
"2.2.2.2.1.2.2.2.2.2.2.2.1.2.2.2.2.2.2.2.2.3",0.416100113801023,FALSE,TRUE,40
"2.2.2.2.2.1.2.2.2.2.2.2.1.2.2.2.2.2.2.2.2.3",0.350052066587694,FALSE,TRUE,40
"2.2.2.2.2.2.1.2.2.2.2.2.1.2.2.2.2.2.2.2.2.3",0.410274620877132,FALSE,TRUE,40
"2.2.2.2.2.2.2.1.2.2.2.2.1.2.2.2.2.2.2.2.2.3",0.18486142042672,FALSE,TRUE,40
"2.2.2.2.2.2.2.2.1.2.2.2.1.2.2.2.2.2.2.2.2.3",0.189142204325477,FALSE,TRUE,40
"2.2.2.2.2.2.2.2.2.1.2.2.1.2.2.2.2.2.2.2.2.3",0.409993351158218,FALSE,TRUE,39
"2.2.2.2.2.2.2.2.2.2.1.2.1.2.2.2.2.2.2.2.2.3",0.398749395285386,FALSE,TRUE,40
"2.2.2.2.2.2.2.2.2.2.2.1.1.2.2.2.2.2.2.2.2.3",0.324215149131726,FALSE,TRUE,39
"2.2.2.2.2.2.2.2.2.2.2.2.1.1.2.2.2.2.2.2.2.3",0.388365426281986,FALSE,TRUE,40
"2.2.2.2.2.2.2.2.2.2.2.2.1.2.1.2.2.2.2.2.2.3",0.342972722010598,FALSE,TRUE,40
"2.2.2.2.2.2.2.2.2.2.2.2.1.2.2.1.2.2.2.2.2.3",0.193014396007101,FALSE,TRUE,40
"2.2.2.2.2.2.2.2.2.2.2.2.1.2.2.2.1.2.2.2.2.3",0.258468529688759,FALSE,TRUE,40
"2.2.2.2.2.2.2.2.2.2.2.2.1.2.2.2.2.1.2.2.2.3",0.394912287621783,FALSE,TRUE,39
"2.2.2.2.2.2.2.2.2.2.2.2.1.2.2.2.2.2.1.2.2.3",0.401897451307075,FALSE,TRUE,40
"2.2.2.2.2.2.2.2.2.2.2.2.1.2.2.2.2.2.2.1.2.3",0.163957739836451,FALSE,TRUE,40
"2.2.2.2.2.2.2.2.2.2.2.2.1.2.2.2.2.2.2.2.1.3",0.4248268021534,FALSE,TRUE,40
"2.2.2.2.2.1.2.1.2.2.2.1.2.2.1.3.2.2.2.2.2.3",0.591602673063105,FALSE,TRUE,36
"1.3.2.2.2.1.2.1.2.2.2.1.2.2.1.3.2.2.2.2.2.3",0.471243572755578,FALSE,TRUE,35
"1.2.3.2.2.1.2.1.2.2.2.1.2.2.1.3.2.2.2.2.2.3",0.500805228821236,FALSE,TRUE,35
"1.2.2.3.2.1.2.1.2.2.2.1.2.2.1.3.2.2.2.2.2.3",0.580980274736032,FALSE,TRUE,35
"1.2.2.2.3.1.2.1.2.2.2.1.2.2.1.3.2.2.2.2.2.3",0.399260048130807,FALSE,TRUE,35
"1.2.2.2.2.1.3.1.2.2.2.1.2.2.1.3.2.2.2.2.2.3",0.435175235294844,FALSE,TRUE,35
"1.2.2.2.2.1.2.2.2.2.2.1.2.2.1.3.2.2.2.2.2.3",0.588632227665221,FALSE,TRUE,35
"1.2.2.2.2.1.2.1.3.2.2.1.2.2.1.3.2.2.2.2.2.3",0.532129912420906,FALSE,TRUE,35
"1.2.2.2.2.1.2.1.2.2.3.1.2.2.1.3.2.2.2.2.2.3",0.488541524973913,FALSE,TRUE,35
"1.2.2.2.2.1.2.1.2.2.2.2.2.2.1.3.2.2.2.2.2.3",0.458408393422068,FALSE,TRUE,36
"1.2.2.2.2.1.2.1.2.2.2.1.3.2.1.3.2.2.2.2.2.3",0.612265213338709,FALSE,TRUE,35
"1.2.2.2.2.1.2.1.2.2.2.1.2.3.1.3.2.2.2.2.2.3",0.398788621013694,FALSE,TRUE,35
"1.2.2.2.2.1.2.1.2.2.2.1.2.2.1.4.2.2.2.2.2.3",0.553993035489576,FALSE,TRUE,36
"1.2.2.2.2.1.2.1.2.2.2.1.2.2.1.3.3.2.2.2.2.3",0.540406485346252,FALSE,TRUE,35
"1.2.2.2.2.1.2.1.2.2.2.1.2.2.1.3.2.3.2.2.2.3",0.410556877798238,FALSE,TRUE,35
"1.2.2.2.2.1.2.1.2.2.2.1.2.2.1.3.2.2.3.2.2.3",0.4034805392501,FALSE,TRUE,35
"1.2.2.2.2.1.2.1.2.2.2.1.2.2.1.3.2.2.2.3.2.3",0.691422213827795,FALSE,TRUE,35
"1.2.2.2.2.1.2.1.2.2.2.1.2.2.1.3.2.2.2.2.3.3",0.49357918844953,FALSE,TRUE,35
"1.2.2.2.2.1.2.1.2.2.2.1.2.2.1.3.2.2.2.2.2.4",0.389328555335852,FALSE,TRUE,35
"1.1.2.2.2.1.2.1.2.2.2.1.2.2.1.3.2.2.2.2.2.3",0.620125859199026,FALSE,TRUE,34
"1.2.1.2.2.1.2.1.2.2.2.1.2.2.1.3.2.2.2.2.2.3",0.628563864109468,FALSE,TRUE,34
"1.2.2.1.2.1.2.1.2.2.2.1.2.2.1.3.2.2.2.2.2.3",0.546912798011167,FALSE,TRUE,34
"1.2.2.2.1.1.2.1.2.2.2.1.2.2.1.3.2.2.2.2.2.3",0.65814291388304,FALSE,TRUE,34
"1.2.2.2.2.1.1.1.2.2.2.1.2.2.1.3.2.2.2.2.2.3",0.587148547790086,FALSE,TRUE,34
"1.2.2.2.2.1.2.1.1.2.2.1.2.2.1.3.2.2.2.2.2.3",0.582490153314174,FALSE,TRUE,34
"1.2.2.2.2.1.2.1.2.1.2.1.2.2.1.3.2.2.2.2.2.3",0.626593056522089,FALSE,TRUE,35
"1.2.2.2.2.1.2.1.2.2.1.1.2.2.1.3.2.2.2.2.2.3",0.569671174414013,FALSE,TRUE,34
"1.2.2.2.2.1.2.1.2.2.2.1.1.2.1.3.2.2.2.2.2.3",0.486207517267205,FALSE,TRUE,34
"1.2.2.2.2.1.2.1.2.2.2.1.2.1.1.3.2.2.2.2.2.3",0.651120775680661,FALSE,TRUE,34
"1.2.2.2.2.1.2.1.2.2.2.1.2.2.1.3.1.2.2.2.2.3",0.54216789635748,FALSE,TRUE,34
"1.2.2.2.2.1.2.1.2.2.2.1.2.2.1.3.2.1.2.2.2.3",0.663435164412392,FALSE,TRUE,34
"1.2.2.2.2.1.2.1.2.2.2.1.2.2.1.3.2.2.1.2.2.3",0.635588411919234,FALSE,TRUE,34
"1.2.2.2.2.1.2.1.2.2.2.1.2.2.1.3.2.2.2.1.2.3",0.454779092299535,FALSE,TRUE,34
"1.2.2.2.2.1.2.1.2.2.2.1.2.2.1.3.2.2.2.2.1.3",0.624116348100871,FALSE,TRUE,34
"1.2.2.2.2.1.2.1.2.2.2.1.2.2.1.3.2.2.2.2.2.2",0.680166307649504,FALSE,TRUE,35
"3.2.3.3.2.2.2.2.2.2.2.2.2.2.2.2.2.1.1.2.2.2",0.473708886948644,FALSE,TRUE,38
"2.3.3.3.2.2.2.2.2.2.2.2.2.2.2.2.2.1.1.2.2.2",0.535148126704956,FALSE,TRUE,38
"2.2.4.3.2.2.2.2.2.2.2.2.2.2.2.2.2.1.1.2.2.2",0.709658031978222,FALSE,TRUE,38
"2.2.3.3.3.2.2.2.2.2.2.2.2.2.2.2.2.1.1.2.2.2",0.608175984573218,FALSE,TRUE,38
"2.2.3.3.2.3.2.2.2.2.2.2.2.2.2.2.2.1.1.2.2.2",0.527750804549556,FALSE,TRUE,38
"2.2.3.3.2.2.3.2.2.2.2.2.2.2.2.2.2.1.1.2.2.2",0.555233510375997,FALSE,TRUE,38
"2.2.3.3.2.2.2.2.3.2.2.2.2.2.2.2.2.1.1.2.2.2",0.754437422546571,FALSE,TRUE,37
"2.2.3.3.2.2.2.2.2.3.2.2.2.2.2.2.2.1.1.2.2.2",0.613760015557118,FALSE,TRUE,38
"2.2.3.3.2.2.2.2.2.2.3.2.2.2.2.2.2.1.1.2.2.2",0.532323869847842,FALSE,TRUE,38
"2.2.3.3.2.2.2.2.2.2.2.3.2.2.2.2.2.1.1.2.2.2",0.677633471258567,FALSE,TRUE,38
"2.2.3.3.2.2.2.2.2.2.2.2.3.2.2.2.2.1.1.2.2.2",0.672523771051425,FALSE,TRUE,38
"2.2.3.3.2.2.2.2.2.2.2.2.2.3.2.2.2.1.1.2.2.2",0.591055997647275,FALSE,TRUE,38
"2.2.3.3.2.2.2.2.2.2.2.2.2.2.3.2.2.1.1.2.2.2",0.500063584267062,FALSE,TRUE,38
"2.2.3.3.2.2.2.2.2.2.2.2.2.2.2.3.2.1.1.2.2.2",0.702268711708383,FALSE,TRUE,38
"2.2.3.3.2.2.2.2.2.2.2.2.2.2.2.2.3.1.1.2.2.2",0.688100875022816,FALSE,TRUE,38
"2.2.3.3.2.2.2.2.2.2.2.2.2.2.2.2.2.2.1.2.2.2",0.607599061792655,FALSE,TRUE,39
"2.2.3.3.2.2.2.2.2.2.2.2.2.2.2.2.2.1.2.2.2.2",0.557318355138056,FALSE,TRUE,38
"2.2.3.3.2.2.2.2.2.2.2.2.2.2.2.2.2.1.1.3.2.2",0.646823010773617,FALSE,TRUE,38
"2.2.3.3.2.2.2.2.2.2.2.2.2.2.2.2.2.1.1.2.3.2",0.59673219664943,FALSE,TRUE,38
"2.2.3.3.2.2.2.2.2.2.2.2.2.2.2.2.2.1.1.2.2.3",0.606465278241937,FALSE,TRUE,38
"1.2.3.3.2.2.2.2.2.2.2.2.2.2.2.2.2.1.1.2.2.2",0.808634906835755,FALSE,TRUE,37
"2.1.3.3.2.2.2.2.2.2.2.2.2.2.2.2.2.1.1.2.2.2",0.75964261088769,FALSE,TRUE,37
"2.2.3.3.1.2.2.2.2.2.2.2.2.2.2.2.2.1.1.2.2.2",0.650977353573053,FALSE,TRUE,37
"2.2.3.3.2.1.2.2.2.2.2.2.2.2.2.2.2.1.1.2.2.2",0.810048972754458,FALSE,TRUE,37
"2.2.3.3.2.2.1.2.2.2.2.2.2.2.2.2.2.1.1.2.2.2",0.695687676125499,FALSE,TRUE,37
"2.2.3.3.2.2.2.1.2.2.2.2.2.2.2.2.2.1.1.2.2.2",0.664935339833345,FALSE,TRUE,38
"2.2.3.3.2.2.2.2.1.2.2.2.2.2.2.2.2.1.1.2.2.2",0.576772319791124,FALSE,TRUE,37
"2.2.3.3.2.2.2.2.2.1.2.2.2.2.2.2.2.1.1.2.2.2",0.673131649800049,FALSE,TRUE,37
"2.2.3.3.2.2.2.2.2.2.1.2.2.2.2.2.2.1.1.2.2.2",0.72633490638254,FALSE,TRUE,37
"2.2.3.3.2.2.2.2.2.2.2.1.2.2.2.2.2.1.1.2.2.2",0.616689305053472,FALSE,TRUE,37
"2.2.3.3.2.2.2.2.2.2.2.2.2.1.2.2.2.1.1.2.2.2",0.645602361101669,FALSE,TRUE,37
"2.2.3.3.2.2.2.2.2.2.2.2.2.2.1.2.2.1.1.2.2.2",0.765410145984418,FALSE,TRUE,37
"2.2.3.3.2.2.2.2.2.2.2.2.2.2.2.1.2.1.1.2.2.2",0.614229335312157,FALSE,TRUE,37
"2.2.3.3.2.2.2.2.2.2.2.2.2.2.2.2.1.1.1.2.2.2",0.612520853077741,FALSE,TRUE,37
"2.2.3.3.2.2.2.2.2.2.2.2.2.2.2.2.2.1.1.1.2.2",0.673100910538587,FALSE,TRUE,37
"2.2.3.3.2.2.2.2.2.2.2.2.2.2.2.2.2.1.1.2.1.2",0.705248773327252,FALSE,TRUE,37
"2.2.3.3.2.2.2.2.2.2.2.2.2.2.2.2.2.1.1.2.2.1",0.647339131651187,FALSE,TRUE,37
"2.2.2.2.2.2.2.3.2.2.2.3.2.2.2.2.2.2.2.2.2.2",0.3259359482192,FALSE,TRUE,40
"1.3.2.2.2.2.2.3.2.2.2.3.2.2.2.2.2.2.2.2.2.2",0.289847295785868,FALSE,TRUE,40
"1.2.3.2.2.2.2.3.2.2.2.3.2.2.2.2.2.2.2.2.2.2",0.358559909161586,FALSE,TRUE,40
"1.2.2.3.2.2.2.3.2.2.2.3.2.2.2.2.2.2.2.2.2.2",0.431824116765409,FALSE,TRUE,40
"1.2.2.2.3.2.2.3.2.2.2.3.2.2.2.2.2.2.2.2.2.2",0.2028118092757,FALSE,TRUE,40
"1.2.2.2.2.3.2.3.2.2.2.3.2.2.2.2.2.2.2.2.2.2",0.36724868071363,FALSE,TRUE,40
"1.2.2.2.2.2.3.3.2.2.2.3.2.2.2.2.2.2.2.2.2.2",0.158275712888331,FALSE,TRUE,40
"1.2.2.2.2.2.2.4.2.2.2.3.2.2.2.2.2.2.2.2.2.2",0.42546531234423,FALSE,TRUE,41
"1.2.2.2.2.2.2.3.3.2.2.3.2.2.2.2.2.2.2.2.2.2",0.474176899390874,FALSE,TRUE,41
"1.2.2.2.2.2.2.3.2.3.2.3.2.2.2.2.2.2.2.2.2.2",0.283704143403744,FALSE,TRUE,40
"1.2.2.2.2.2.2.3.2.2.3.3.2.2.2.2.2.2.2.2.2.2",0.215810152771893,FALSE,TRUE,40
"1.2.2.2.2.2.2.3.2.2.2.4.2.2.2.2.2.2.2.2.2.2",0.276967828585994,FALSE,TRUE,40
"1.2.2.2.2.2.2.3.2.2.2.3.3.2.2.2.2.2.2.2.2.2",0.427969883533773,FALSE,TRUE,40
"1.2.2.2.2.2.2.3.2.2.2.3.2.3.2.2.2.2.2.2.2.2",0.166307823115533,FALSE,TRUE,40
"1.2.2.2.2.2.2.3.2.2.2.3.2.2.3.2.2.2.2.2.2.2",0.244755549851374,FALSE,TRUE,40
"1.2.2.2.2.2.2.3.2.2.2.3.2.2.2.3.2.2.2.2.2.2",0.401421254692421,FALSE,TRUE,39
"1.2.2.2.2.2.2.3.2.2.2.3.2.2.2.2.3.2.2.2.2.2",0.333269962352253,FALSE,TRUE,40
"1.2.2.2.2.2.2.3.2.2.2.3.2.2.2.2.2.3.2.2.2.2",0.216590445782613,FALSE,TRUE,40
"1.2.2.2.2.2.2.3.2.2.2.3.2.2.2.2.2.2.3.2.2.2",0.226596337720763,FALSE,TRUE,40
"1.2.2.2.2.2.2.3.2.2.2.3.2.2.2.2.2.2.2.3.2.2",0.447620448596584,FALSE,TRUE,39
"1.2.2.2.2.2.2.3.2.2.2.3.2.2.2.2.2.2.2.2.3.2",0.262504069596779,FALSE,TRUE,40
"1.2.2.2.2.2.2.3.2.2.2.3.2.2.2.2.2.2.2.2.2.3",0.281793712423014,FALSE,TRUE,39
"1.1.2.2.2.2.2.3.2.2.2.3.2.2.2.2.2.2.2.2.2.2",0.513684361404387,FALSE,TRUE,39
"1.2.1.2.2.2.2.3.2.2.2.3.2.2.2.2.2.2.2.2.2.2",0.492972266542572,FALSE,TRUE,39
"1.2.2.1.2.2.2.3.2.2.2.3.2.2.2.2.2.2.2.2.2.2",0.4172801935136,FALSE,TRUE,39
"1.2.2.2.1.2.2.3.2.2.2.3.2.2.2.2.2.2.2.2.2.2",0.579159148815672,FALSE,TRUE,39
"1.2.2.2.2.1.2.3.2.2.2.3.2.2.2.2.2.2.2.2.2.2",0.47344571076596,FALSE,TRUE,39
"1.2.2.2.2.2.1.3.2.2.2.3.2.2.2.2.2.2.2.2.2.2",0.633261303678184,FALSE,TRUE,39
"1.2.2.2.2.2.2.3.2.1.2.3.2.2.2.2.2.2.2.2.2.2",0.536351801197193,FALSE,TRUE,39
"1.2.2.2.2.2.2.3.2.2.1.3.2.2.2.2.2.2.2.2.2.2",0.594796433416498,FALSE,TRUE,39
"1.2.2.2.2.2.2.3.2.2.2.3.1.2.2.2.2.2.2.2.2.2",0.408338958507047,FALSE,TRUE,39
"1.2.2.2.2.2.2.3.2.2.2.3.2.1.2.2.2.2.2.2.2.2",0.589849908096111,FALSE,TRUE,39
"1.2.2.2.2.2.2.3.2.2.2.3.2.2.1.2.2.2.2.2.2.2",0.513139925439057,FALSE,TRUE,39
"1.2.2.2.2.2.2.3.2.2.2.3.2.2.2.1.2.2.2.2.2.2",0.441683065772684,FALSE,TRUE,39
"1.2.2.2.2.2.2.3.2.2.2.3.2.2.2.2.1.2.2.2.2.2",0.497462040816633,FALSE,TRUE,39
"1.2.2.2.2.2.2.3.2.2.2.3.2.2.2.2.2.1.2.2.2.2",0.604670778059053,FALSE,TRUE,39
"1.2.2.2.2.2.2.3.2.2.2.3.2.2.2.2.2.2.1.2.2.2",0.559230356801089,FALSE,TRUE,39
"1.2.2.2.2.2.2.3.2.2.2.3.2.2.2.2.2.2.2.1.2.2",0.378821157844704,FALSE,TRUE,39
"1.2.2.2.2.2.2.3.2.2.2.3.2.2.2.2.2.2.2.2.1.2",0.586984857242805,FALSE,TRUE,39
"1.2.2.2.2.2.2.3.2.2.2.3.2.2.2.2.2.2.2.2.2.1",0.528119397997011,FALSE,TRUE,39
"3.2.3.3.2.2.2.3.2.2.2.2.2.2.2.2.2.1.1.2.2.2",0.427126191095946,FALSE,TRUE,38
"2.3.3.3.2.2.2.3.2.2.2.2.2.2.2.2.2.1.1.2.2.2",0.483667433331135,FALSE,TRUE,38
"2.2.4.3.2.2.2.3.2.2.2.2.2.2.2.2.2.1.1.2.2.2",0.705792982059649,FALSE,TRUE,38
"2.2.3.4.2.2.2.3.2.2.2.2.2.2.2.2.2.1.1.2.2.2",0.671228928813153,FALSE,TRUE,37
"2.2.3.3.2.3.2.3.2.2.2.2.2.2.2.2.2.1.1.2.2.2",0.510535641633501,FALSE,TRUE,38
"2.2.3.3.2.2.3.3.2.2.2.2.2.2.2.2.2.1.1.2.2.2",0.498797267894774,FALSE,TRUE,38
"2.2.3.3.2.2.2.4.2.2.2.2.2.2.2.2.2.1.1.2.2.2",0.511503367983471,FALSE,TRUE,39
"2.2.3.3.2.2.2.3.3.2.2.2.2.2.2.2.2.1.1.2.2.2",0.73945342363706,FALSE,TRUE,36
"2.2.3.3.2.2.2.3.2.3.2.2.2.2.2.2.2.1.1.2.2.2",0.610804095147485,FALSE,TRUE,38
"2.2.3.3.2.2.2.3.2.2.3.2.2.2.2.2.2.1.1.2.2.2",0.495499627006719,FALSE,TRUE,38
"2.2.3.3.2.2.2.3.2.2.2.3.2.2.2.2.2.1.1.2.2.2",0.650166070352463,FALSE,TRUE,38
"2.2.3.3.2.2.2.3.2.2.2.2.2.3.2.2.2.1.1.2.2.2",0.550703921284586,FALSE,TRUE,38
"2.2.3.3.2.2.2.3.2.2.2.2.2.2.3.2.2.1.1.2.2.2",0.441696677557204,FALSE,TRUE,38
"2.2.3.3.2.2.2.3.2.2.2.2.2.2.2.3.2.1.1.2.2.2",0.610014123125633,FALSE,TRUE,38
"2.2.3.3.2.2.2.3.2.2.2.2.2.2.2.2.3.1.1.2.2.2",0.581409331071501,FALSE,TRUE,38
"2.2.3.3.2.2.2.3.2.2.2.2.2.2.2.2.2.2.1.2.2.2",0.574663762391975,FALSE,TRUE,39
"2.2.3.3.2.2.2.3.2.2.2.2.2.2.2.2.2.1.2.2.2.2",0.559527013006029,FALSE,TRUE,39
"2.2.3.3.2.2.2.3.2.2.2.2.2.2.2.2.2.1.1.3.2.2",0.55853712911487,FALSE,TRUE,38
"2.2.3.3.2.2.2.3.2.2.2.2.2.2.2.2.2.1.1.2.3.2",0.544143519356305,FALSE,TRUE,38
"2.2.3.3.2.2.2.3.2.2.2.2.2.2.2.2.2.1.1.2.2.3",0.578988507340985,FALSE,TRUE,38
"1.2.3.3.2.2.2.3.2.2.2.2.2.2.2.2.2.1.1.2.2.2",0.758045704966627,FALSE,TRUE,37
"2.1.3.3.2.2.2.3.2.2.2.2.2.2.2.2.2.1.1.2.2.2",0.720451482369087,FALSE,TRUE,36
"2.2.2.3.2.2.2.3.2.2.2.2.2.2.2.2.2.1.1.2.2.2",0.5196904930825,FALSE,TRUE,37
"2.2.3.3.1.2.2.3.2.2.2.2.2.2.2.2.2.1.1.2.2.2",0.599161457289027,FALSE,TRUE,38
"2.2.3.3.2.1.2.3.2.2.2.2.2.2.2.2.2.1.1.2.2.2",0.72960604331121,FALSE,TRUE,37
"2.2.3.3.2.2.1.3.2.2.2.2.2.2.2.2.2.1.1.2.2.2",0.651138392622011,FALSE,TRUE,37
"2.2.3.3.2.2.2.3.1.2.2.2.2.2.2.2.2.1.1.2.2.2",0.493650134922263,FALSE,TRUE,37
"2.2.3.3.2.2.2.3.2.1.2.2.2.2.2.2.2.1.1.2.2.2",0.579359337618942,FALSE,TRUE,37
"2.2.3.3.2.2.2.3.2.2.1.2.2.2.2.2.2.1.1.2.2.2",0.662082636696116,FALSE,TRUE,37
"2.2.3.3.2.2.2.3.2.2.2.1.2.2.2.2.2.1.1.2.2.2",0.546957116830333,FALSE,TRUE,37
"2.2.3.3.2.2.2.3.2.2.2.2.1.2.2.2.2.1.1.2.2.2",0.613114267007148,FALSE,TRUE,36
"2.2.3.3.2.2.2.3.2.2.2.2.2.1.2.2.2.1.1.2.2.2",0.585272768265463,FALSE,TRUE,37
"2.2.3.3.2.2.2.3.2.2.2.2.2.2.1.2.2.1.1.2.2.2",0.735671792355698,FALSE,TRUE,37
"2.2.3.3.2.2.2.3.2.2.2.2.2.2.2.1.2.1.1.2.2.2",0.602191463045053,FALSE,TRUE,37
"2.2.3.3.2.2.2.3.2.2.2.2.2.2.2.2.1.1.1.2.2.2",0.614013986003267,FALSE,TRUE,37
"2.2.3.3.2.2.2.3.2.2.2.2.2.2.2.2.2.1.1.1.2.2",0.665647135884319,FALSE,TRUE,37
"2.2.3.3.2.2.2.3.2.2.2.2.2.2.2.2.2.1.1.2.1.2",0.667196627486527,FALSE,TRUE,37
"2.2.3.3.2.2.2.3.2.2.2.2.2.2.2.2.2.1.1.2.2.1",0.587503718640587,FALSE,TRUE,37
"3.2.2.2.2.3.2.2.2.2.2.2.2.2.2.2.2.2.1.2.2.2",0.243735482041109,FALSE,TRUE,41
"2.3.2.2.2.3.2.2.2.2.2.2.2.2.2.2.2.2.1.2.2.2",0.330503369756509,FALSE,TRUE,41
"2.2.3.2.2.3.2.2.2.2.2.2.2.2.2.2.2.2.1.2.2.2",0.405146709147403,FALSE,TRUE,39
"2.2.2.2.3.3.2.2.2.2.2.2.2.2.2.2.2.2.1.2.2.2",0.288801940667833,FALSE,TRUE,41
"2.2.2.2.2.4.2.2.2.2.2.2.2.2.2.2.2.2.1.2.2.2",0.352255626745918,FALSE,TRUE,41
"2.2.2.2.2.3.3.2.2.2.2.2.2.2.2.2.2.2.1.2.2.2",0.272284807262686,FALSE,TRUE,41
"2.2.2.2.2.3.2.3.2.2.2.2.2.2.2.2.2.2.1.2.2.2",0.410567528836254,FALSE,TRUE,41
"2.2.2.2.2.3.2.2.3.2.2.2.2.2.2.2.2.2.1.2.2.2",0.539929754006897,FALSE,TRUE,41
"2.2.2.2.2.3.2.2.2.3.2.2.2.2.2.2.2.2.1.2.2.2",0.280272256703074,FALSE,TRUE,41
"2.2.2.2.2.3.2.2.2.2.3.2.2.2.2.2.2.2.1.2.2.2",0.242352928735341,FALSE,TRUE,41
"2.2.2.2.2.3.2.2.2.2.2.3.2.2.2.2.2.2.1.2.2.2",0.389078223219894,FALSE,TRUE,41
"2.2.2.2.2.3.2.2.2.2.2.2.3.2.2.2.2.2.1.2.2.2",0.409540963941925,FALSE,TRUE,41
"2.2.2.2.2.3.2.2.2.2.2.2.2.3.2.2.2.2.1.2.2.2",0.299949770881169,FALSE,TRUE,41
"2.2.2.2.2.3.2.2.2.2.2.2.2.2.3.2.2.2.1.2.2.2",0.189700256326369,FALSE,TRUE,41
"2.2.2.2.2.3.2.2.2.2.2.2.2.2.2.3.2.2.1.2.2.2",0.495335521822062,FALSE,TRUE,41
"2.2.2.2.2.3.2.2.2.2.2.2.2.2.2.2.2.3.1.2.2.2",0.334263045692855,FALSE,TRUE,41
"2.2.2.2.2.3.2.2.2.2.2.2.2.2.2.2.2.2.1.3.2.2",0.373217345861766,FALSE,TRUE,41
"2.2.2.2.2.3.2.2.2.2.2.2.2.2.2.2.2.2.1.2.3.2",0.256007623620125,FALSE,TRUE,41
"2.2.2.2.2.3.2.2.2.2.2.2.2.2.2.2.2.2.1.2.2.3",0.304199447096147,FALSE,TRUE,40
"1.2.2.2.2.3.2.2.2.2.2.2.2.2.2.2.2.2.1.2.2.2",0.606101074940839,FALSE,TRUE,39
"2.1.2.2.2.3.2.2.2.2.2.2.2.2.2.2.2.2.1.2.2.2",0.535775214915055,FALSE,TRUE,40
"2.2.1.2.2.3.2.2.2.2.2.2.2.2.2.2.2.2.1.2.2.2",0.469740250078809,FALSE,TRUE,40
"2.2.2.1.2.3.2.2.2.2.2.2.2.2.2.2.2.2.1.2.2.2",0.440836637051717,FALSE,TRUE,40
"2.2.2.2.1.3.2.2.2.2.2.2.2.2.2.2.2.2.1.2.2.2",0.515907636958204,FALSE,TRUE,40
"2.2.2.2.2.3.1.2.2.2.2.2.2.2.2.2.2.2.1.2.2.2",0.53866384990472,FALSE,TRUE,40
"2.2.2.2.2.3.2.1.2.2.2.2.2.2.2.2.2.2.1.2.2.2",0.417818352417768,FALSE,TRUE,40
"2.2.2.2.2.3.2.2.1.2.2.2.2.2.2.2.2.2.1.2.2.2",0.340629566199846,FALSE,TRUE,40
"2.2.2.2.2.3.2.2.2.1.2.2.2.2.2.2.2.2.1.2.2.2",0.5569506633605,FALSE,TRUE,39
"2.2.2.2.2.3.2.2.2.2.1.2.2.2.2.2.2.2.1.2.2.2",0.573668919459054,FALSE,TRUE,40
"2.2.2.2.2.3.2.2.2.2.2.1.2.2.2.2.2.2.1.2.2.2",0.453266682431083,FALSE,TRUE,39
"2.2.2.2.2.3.2.2.2.2.2.2.1.2.2.2.2.2.1.2.2.2",0.466237664842661,FALSE,TRUE,40
"2.2.2.2.2.3.2.2.2.2.2.2.2.1.2.2.2.2.1.2.2.2",0.493621249428229,FALSE,TRUE,40
"2.2.2.2.2.3.2.2.2.2.2.2.2.2.1.2.2.2.1.2.2.2",0.651250332996105,FALSE,TRUE,40
"2.2.2.2.2.3.2.2.2.2.2.2.2.2.2.1.2.2.1.2.2.2",0.357992699601789,FALSE,TRUE,40
"2.2.2.2.2.3.2.2.2.2.2.2.2.2.2.2.1.2.1.2.2.2",0.462563416566482,FALSE,TRUE,40
"2.2.2.2.2.3.2.2.2.2.2.2.2.2.2.2.2.2.1.1.2.2",0.489111302110618,FALSE,TRUE,40
"2.2.2.2.2.3.2.2.2.2.2.2.2.2.2.2.2.2.1.2.1.2",0.600435630060087,FALSE,TRUE,40
"2.2.2.2.2.3.2.2.2.2.2.2.2.2.2.2.2.2.1.2.2.1",0.51825602655509,FALSE,TRUE,40
"2.2.2.2.2.2.2.1.2.2.2.3.2.2.2.2.2.2.2.2.2.2",0.276296328146227,FALSE,TRUE,40
"1.3.2.2.2.2.2.1.2.2.2.3.2.2.2.2.2.2.2.2.2.2",0.214131810910412,FALSE,TRUE,39
"1.2.3.2.2.2.2.1.2.2.2.3.2.2.2.2.2.2.2.2.2.2",0.268875595692958,FALSE,TRUE,39
"1.2.2.3.2.2.2.1.2.2.2.3.2.2.2.2.2.2.2.2.2.2",0.353542641942672,FALSE,TRUE,39
"1.2.2.2.3.2.2.1.2.2.2.3.2.2.2.2.2.2.2.2.2.2",0.187805449020563,FALSE,TRUE,39
"1.2.2.2.2.3.2.1.2.2.2.3.2.2.2.2.2.2.2.2.2.2",0.239678357684176,FALSE,TRUE,39
"1.2.2.2.2.2.3.1.2.2.2.3.2.2.2.2.2.2.2.2.2.2",0.120472738687812,FALSE,TRUE,39
"1.2.2.2.2.2.2.1.3.2.2.3.2.2.2.2.2.2.2.2.2.2",0.366569895724701,FALSE,TRUE,39
"1.2.2.2.2.2.2.1.2.3.2.3.2.2.2.2.2.2.2.2.2.2",0.198507586288467,FALSE,TRUE,38
"1.2.2.2.2.2.2.1.2.2.3.3.2.2.2.2.2.2.2.2.2.2",0.135466715129373,FALSE,TRUE,39
"1.2.2.2.2.2.2.1.2.2.2.4.2.2.2.2.2.2.2.2.2.2",0.18508177520245,FALSE,TRUE,40
"1.2.2.2.2.2.2.1.2.2.2.3.3.2.2.2.2.2.2.2.2.2",0.401998068680025,FALSE,TRUE,39
"1.2.2.2.2.2.2.1.2.2.2.3.2.3.2.2.2.2.2.2.2.2",0.131413474127921,FALSE,TRUE,39
"1.2.2.2.2.2.2.1.2.2.2.3.2.2.3.2.2.2.2.2.2.2",0.257299193267163,FALSE,TRUE,39
"1.2.2.2.2.2.2.1.2.2.2.3.2.2.2.3.2.2.2.2.2.2",0.364130120449473,FALSE,TRUE,39
"1.2.2.2.2.2.2.1.2.2.2.3.2.2.2.2.3.2.2.2.2.2",0.349857548002745,FALSE,TRUE,39
"1.2.2.2.2.2.2.1.2.2.2.3.2.2.2.2.2.3.2.2.2.2",0.127542316760525,FALSE,TRUE,39
"1.2.2.2.2.2.2.1.2.2.2.3.2.2.2.2.2.2.3.2.2.2",0.0748457067339004,FALSE,TRUE,39
"1.2.2.2.2.2.2.1.2.2.2.3.2.2.2.2.2.2.2.2.3.2",0.220490062665005,FALSE,TRUE,39
"1.2.2.2.2.2.2.1.2.2.2.3.2.2.2.2.2.2.2.2.2.3",0.214676716502061,FALSE,TRUE,39
"1.1.2.2.2.2.2.1.2.2.2.3.2.2.2.2.2.2.2.2.2.2",0.449190667811844,FALSE,TRUE,38
"1.2.1.2.2.2.2.1.2.2.2.3.2.2.2.2.2.2.2.2.2.2",0.47190164754873,FALSE,TRUE,38
"1.2.2.1.2.2.2.1.2.2.2.3.2.2.2.2.2.2.2.2.2.2",0.36839916532003,FALSE,TRUE,38
"1.2.2.2.1.2.2.1.2.2.2.3.2.2.2.2.2.2.2.2.2.2",0.479689549952083,FALSE,TRUE,38
"1.2.2.2.2.1.2.1.2.2.2.3.2.2.2.2.2.2.2.2.2.2",0.46150339990289,FALSE,TRUE,38
"1.2.2.2.2.2.1.1.2.2.2.3.2.2.2.2.2.2.2.2.2.2",0.53669944096527,FALSE,TRUE,38
"1.2.2.2.2.2.2.1.1.2.2.3.2.2.2.2.2.2.2.2.2.2",0.3370296047528,FALSE,TRUE,38
"1.2.2.2.2.2.2.1.2.1.2.3.2.2.2.2.2.2.2.2.2.2",0.516984708445591,FALSE,TRUE,38
"1.2.2.2.2.2.2.1.2.2.1.3.2.2.2.2.2.2.2.2.2.2",0.535659118486453,FALSE,TRUE,38
"1.2.2.2.2.2.2.1.2.2.2.3.1.2.2.2.2.2.2.2.2.2",0.299369946633356,FALSE,TRUE,38
"1.2.2.2.2.2.2.1.2.2.2.3.2.1.2.2.2.2.2.2.2.2",0.517719379086231,FALSE,TRUE,38
"1.2.2.2.2.2.2.1.2.2.2.3.2.2.1.2.2.2.2.2.2.2",0.375179254087347,FALSE,TRUE,38
"1.2.2.2.2.2.2.1.2.2.2.3.2.2.2.1.2.2.2.2.2.2",0.322514921908214,FALSE,TRUE,38
"1.2.2.2.2.2.2.1.2.2.2.3.2.2.2.2.1.2.2.2.2.2",0.319620277372863,FALSE,TRUE,38
"1.2.2.2.2.2.2.1.2.2.2.3.2.2.2.2.2.1.2.2.2.2",0.561751967538337,FALSE,TRUE,38
"1.2.2.2.2.2.2.1.2.2.2.3.2.2.2.2.2.2.1.2.2.2",0.597309559226083,FALSE,TRUE,38
"1.2.2.2.2.2.2.1.2.2.2.3.2.2.2.2.2.2.2.1.2.2",0.259079143330721,FALSE,TRUE,38
"1.2.2.2.2.2.2.1.2.2.2.3.2.2.2.2.2.2.2.2.1.2",0.470153718320198,FALSE,TRUE,38
"1.2.2.2.2.2.2.1.2.2.2.3.2.2.2.2.2.2.2.2.2.1",0.469067664637151,FALSE,TRUE,38
"2.2.2.2.2.1.2.1.2.3.2.1.2.2.1.3.2.2.2.2.2.3",0.470561004586314,FALSE,TRUE,37
"1.3.2.2.2.1.2.1.2.3.2.1.2.2.1.3.2.2.2.2.2.3",0.338349382704166,FALSE,TRUE,36
"1.2.3.2.2.1.2.1.2.3.2.1.2.2.1.3.2.2.2.2.2.3",0.391522772551545,FALSE,TRUE,36
"1.2.2.3.2.1.2.1.2.3.2.1.2.2.1.3.2.2.2.2.2.3",0.515697120418855,FALSE,TRUE,36
"1.2.2.2.3.1.2.1.2.3.2.1.2.2.1.3.2.2.2.2.2.3",0.291867715073909,FALSE,TRUE,36
"1.2.2.2.2.2.2.1.2.3.2.1.2.2.1.3.2.2.2.2.2.3",0.426028235028703,FALSE,TRUE,37
"1.2.2.2.2.1.3.1.2.3.2.1.2.2.1.3.2.2.2.2.2.3",0.32508540026206,FALSE,TRUE,36
"1.2.2.2.2.1.2.2.2.3.2.1.2.2.1.3.2.2.2.2.2.3",0.521712240616393,FALSE,TRUE,37
"1.2.2.2.2.1.2.1.3.3.2.1.2.2.1.3.2.2.2.2.2.3",0.446576183288065,FALSE,TRUE,36
"1.2.2.2.2.1.2.1.2.4.2.1.2.2.1.3.2.2.2.2.2.3",0.357079251153374,FALSE,TRUE,37
"1.2.2.2.2.1.2.1.2.3.3.1.2.2.1.3.2.2.2.2.2.3",0.36197253932589,FALSE,TRUE,36
"1.2.2.2.2.1.2.1.2.3.2.2.2.2.1.3.2.2.2.2.2.3",0.350123543070763,FALSE,TRUE,37
"1.2.2.2.2.1.2.1.2.3.2.1.3.2.1.3.2.2.2.2.2.3",0.512625257066063,FALSE,TRUE,36
"1.2.2.2.2.1.2.1.2.3.2.1.2.3.1.3.2.2.2.2.2.3",0.270736138383619,FALSE,TRUE,36
"1.2.2.2.2.1.2.1.2.3.2.1.2.2.2.3.2.2.2.2.2.3",0.475294929827993,FALSE,TRUE,37
"1.2.2.2.2.1.2.1.2.3.2.1.2.2.1.4.2.2.2.2.2.3",0.460506817951822,FALSE,TRUE,37
"1.2.2.2.2.1.2.1.2.3.2.1.2.2.1.3.3.2.2.2.2.3",0.452661544129612,FALSE,TRUE,36
"1.2.2.2.2.1.2.1.2.3.2.1.2.2.1.3.2.3.2.2.2.3",0.27098783682333,FALSE,TRUE,36
"1.2.2.2.2.1.2.1.2.3.2.1.2.2.1.3.2.2.3.2.2.3",0.250754623739704,FALSE,TRUE,36
"1.2.2.2.2.1.2.1.2.3.2.1.2.2.1.3.2.2.2.2.3.3",0.38604597112562,FALSE,TRUE,36
"1.2.2.2.2.1.2.1.2.3.2.1.2.2.1.3.2.2.2.2.2.4",0.30621288115687,FALSE,TRUE,36
"1.1.2.2.2.1.2.1.2.3.2.1.2.2.1.3.2.2.2.2.2.3",0.555452829493172,FALSE,TRUE,35
"1.2.1.2.2.1.2.1.2.3.2.1.2.2.1.3.2.2.2.2.2.3",0.555866873393808,FALSE,TRUE,35
"1.2.2.1.2.1.2.1.2.3.2.1.2.2.1.3.2.2.2.2.2.3",0.41984359850961,FALSE,TRUE,35
"1.2.2.2.1.1.2.1.2.3.2.1.2.2.1.3.2.2.2.2.2.3",0.603464932148683,FALSE,TRUE,35
"1.2.2.2.2.1.1.1.2.3.2.1.2.2.1.3.2.2.2.2.2.3",0.531217912234433,FALSE,TRUE,35
"1.2.2.2.2.1.2.1.1.3.2.1.2.2.1.3.2.2.2.2.2.3",0.479411630736746,FALSE,TRUE,35
"1.2.2.2.2.1.2.1.2.3.1.1.2.2.1.3.2.2.2.2.2.3",0.516750386918883,FALSE,TRUE,35
"1.2.2.2.2.1.2.1.2.3.2.1.1.2.1.3.2.2.2.2.2.3",0.391111956848662,FALSE,TRUE,35
"1.2.2.2.2.1.2.1.2.3.2.1.2.1.1.3.2.2.2.2.2.3",0.604141175907381,FALSE,TRUE,35
"1.2.2.2.2.1.2.1.2.3.2.1.2.2.1.3.1.2.2.2.2.3",0.448900864918378,FALSE,TRUE,35
"1.2.2.2.2.1.2.1.2.3.2.1.2.2.1.3.2.1.2.2.2.3",0.62912594121646,FALSE,TRUE,35
"1.2.2.2.2.1.2.1.2.3.2.1.2.2.1.3.2.2.1.2.2.3",0.615113011868622,FALSE,TRUE,35
"1.2.2.2.2.1.2.1.2.3.2.1.2.2.1.3.2.2.2.1.2.3",0.334265631635201,FALSE,TRUE,35
"1.2.2.2.2.1.2.1.2.3.2.1.2.2.1.3.2.2.2.2.1.3",0.544187392859962,FALSE,TRUE,35
"1.2.2.2.2.1.2.1.2.3.2.1.2.2.1.3.2.2.2.2.2.2",0.595357215445224,FALSE,TRUE,36
"3.2.3.3.3.2.2.3.2.2.2.2.2.2.2.2.2.1.1.2.2.2",0.397956884068874,FALSE,TRUE,40
"2.3.3.3.3.2.2.3.2.2.2.2.2.2.2.2.2.1.1.2.2.2",0.413031772575309,FALSE,TRUE,40
"2.2.4.3.3.2.2.3.2.2.2.2.2.2.2.2.2.1.1.2.2.2",0.61774810554926,FALSE,TRUE,40
"2.2.3.4.3.2.2.3.2.2.2.2.2.2.2.2.2.1.1.2.2.2",0.637227938928708,FALSE,TRUE,39
"2.2.3.3.4.2.2.3.2.2.2.2.2.2.2.2.2.1.1.2.2.2",0.432913960533324,FALSE,TRUE,41
"2.2.3.3.3.3.2.3.2.2.2.2.2.2.2.2.2.1.1.2.2.2",0.439540610774006,FALSE,TRUE,40
"2.2.3.3.3.2.3.3.2.2.2.2.2.2.2.2.2.1.1.2.2.2",0.35143245352598,FALSE,TRUE,40
"2.2.3.3.3.2.2.4.2.2.2.2.2.2.2.2.2.1.1.2.2.2",0.46183065630688,FALSE,TRUE,40
"2.2.3.3.3.2.2.3.3.2.2.2.2.2.2.2.2.1.1.2.2.2",0.672923164911982,FALSE,TRUE,40
"2.2.3.3.3.2.2.3.2.3.2.2.2.2.2.2.2.1.1.2.2.2",0.495091641659669,FALSE,TRUE,40
"2.2.3.3.3.2.2.3.2.2.3.2.2.2.2.2.2.1.1.2.2.2",0.390968495031529,FALSE,TRUE,40
"2.2.3.3.3.2.2.3.2.2.2.3.2.2.2.2.2.1.1.2.2.2",0.532405459708763,FALSE,TRUE,40
"2.2.3.3.3.2.2.3.2.2.2.2.3.2.2.2.2.1.1.2.2.2",0.54621052107272,FALSE,TRUE,40
"2.2.3.3.3.2.2.3.2.2.2.2.2.3.2.2.2.1.1.2.2.2",0.399625412847322,FALSE,TRUE,40
"2.2.3.3.3.2.2.3.2.2.2.2.2.2.3.2.2.1.1.2.2.2",0.360925604904772,FALSE,TRUE,40
"2.2.3.3.3.2.2.3.2.2.2.2.2.2.2.3.2.1.1.2.2.2",0.520262851576095,FALSE,TRUE,40
"2.2.3.3.3.2.2.3.2.2.2.2.2.2.2.2.3.1.1.2.2.2",0.489662455336215,FALSE,TRUE,40
"2.2.3.3.3.2.2.3.2.2.2.2.2.2.2.2.2.2.1.2.2.2",0.425326835595642,FALSE,TRUE,41
"2.2.3.3.3.2.2.3.2.2.2.2.2.2.2.2.2.1.2.2.2.2",0.443452293733676,FALSE,TRUE,41
"2.2.3.3.3.2.2.3.2.2.2.2.2.2.2.2.2.1.1.3.2.2",0.535987238345679,FALSE,TRUE,40
"2.2.3.3.3.2.2.3.2.2.2.2.2.2.2.2.2.1.1.2.3.2",0.434704640328734,FALSE,TRUE,40
"2.2.3.3.3.2.2.3.2.2.2.2.2.2.2.2.2.1.1.2.2.3",0.465442495957579,FALSE,TRUE,40
"1.2.3.3.3.2.2.3.2.2.2.2.2.2.2.2.2.1.1.2.2.2",0.674531242633232,FALSE,TRUE,39
"2.1.3.3.3.2.2.3.2.2.2.2.2.2.2.2.2.1.1.2.2.2",0.672443028803735,FALSE,TRUE,39
"2.2.2.3.3.2.2.3.2.2.2.2.2.2.2.2.2.1.1.2.2.2",0.482367743449266,FALSE,TRUE,40
"2.2.3.2.3.2.2.3.2.2.2.2.2.2.2.2.2.1.1.2.2.2",0.477963145180081,FALSE,TRUE,39
"2.2.3.3.3.1.2.3.2.2.2.2.2.2.2.2.2.1.1.2.2.2",0.668333530662034,FALSE,TRUE,39
"2.2.3.3.3.2.1.3.2.2.2.2.2.2.2.2.2.1.1.2.2.2",0.669417751854482,FALSE,TRUE,39
"2.2.3.3.3.2.2.3.1.2.2.2.2.2.2.2.2.1.1.2.2.2",0.441532712046809,FALSE,TRUE,39
"2.2.3.3.3.2.2.3.2.1.2.2.2.2.2.2.2.1.1.2.2.2",0.563284297264835,FALSE,TRUE,39
"2.2.3.3.3.2.2.3.2.2.1.2.2.2.2.2.2.1.1.2.2.2",0.648135655097147,FALSE,TRUE,39
"2.2.3.3.3.2.2.3.2.2.2.1.2.2.2.2.2.1.1.2.2.2",0.549857317595785,FALSE,TRUE,39
"2.2.3.3.3.2.2.3.2.2.2.2.1.2.2.2.2.1.1.2.2.2",0.540566102728853,FALSE,TRUE,39
"2.2.3.3.3.2.2.3.2.2.2.2.2.1.2.2.2.1.1.2.2.2",0.607620947709522,FALSE,TRUE,39
"2.2.3.3.3.2.2.3.2.2.2.2.2.2.1.2.2.1.1.2.2.2",0.699940428277713,FALSE,TRUE,39
"2.2.3.3.3.2.2.3.2.2.2.2.2.2.2.1.2.1.1.2.2.2",0.567641222393971,FALSE,TRUE,39
"2.2.3.3.3.2.2.3.2.2.2.2.2.2.2.2.1.1.1.2.2.2",0.58636891712302,FALSE,TRUE,39
"2.2.3.3.3.2.2.3.2.2.2.2.2.2.2.2.2.1.1.1.2.2",0.554187623554866,FALSE,TRUE,39
"2.2.3.3.3.2.2.3.2.2.2.2.2.2.2.2.2.1.1.2.1.2",0.65917686067093,FALSE,TRUE,39
"2.2.3.3.3.2.2.3.2.2.2.2.2.2.2.2.2.1.1.2.2.1",0.57998443788555,FALSE,TRUE,39
"3.2.3.2.2.2.2.2.3.2.2.2.1.2.2.2.2.1.1.2.2.2",0.492036656334085,FALSE,TRUE,38
"2.3.3.2.2.2.2.2.3.2.2.2.1.2.2.2.2.1.1.2.2.2",0.497380781361002,FALSE,TRUE,38
"2.2.4.2.2.2.2.2.3.2.2.2.1.2.2.2.2.1.1.2.2.2",0.622416972240797,FALSE,TRUE,38
"2.2.3.3.2.2.2.2.3.2.2.2.1.2.2.2.2.1.1.2.2.2",0.684872189119909,FALSE,TRUE,37
"2.2.3.2.3.2.2.2.3.2.2.2.1.2.2.2.2.1.1.2.2.2",0.547230750824614,FALSE,TRUE,38
"2.2.3.2.2.3.2.2.3.2.2.2.1.2.2.2.2.1.1.2.2.2",0.531555001788955,FALSE,TRUE,38
"2.2.3.2.2.2.3.2.3.2.2.2.1.2.2.2.2.1.1.2.2.2",0.525009316672845,FALSE,TRUE,38
"2.2.3.2.2.2.2.2.4.2.2.2.1.2.2.2.2.1.1.2.2.2",0.650289526972781,FALSE,TRUE,39
"2.2.3.2.2.2.2.2.3.3.2.2.1.2.2.2.2.1.1.2.2.2",0.581144663059865,FALSE,TRUE,38
"2.2.3.2.2.2.2.2.3.2.3.2.1.2.2.2.2.1.1.2.2.2",0.533150848791751,FALSE,TRUE,38
"2.2.3.2.2.2.2.2.3.2.2.3.1.2.2.2.2.1.1.2.2.2",0.638660752198034,FALSE,TRUE,38
"2.2.3.2.2.2.2.2.3.2.2.2.1.3.2.2.2.1.1.2.2.2",0.529146517444822,FALSE,TRUE,38
"2.2.3.2.2.2.2.2.3.2.2.2.1.2.3.2.2.1.1.2.2.2",0.493359879214282,FALSE,TRUE,38
"2.2.3.2.2.2.2.2.3.2.2.2.1.2.2.3.2.1.1.2.2.2",0.700065402280274,FALSE,TRUE,38
"2.2.3.2.2.2.2.2.3.2.2.2.1.2.2.2.3.1.1.2.2.2",0.652891716889458,FALSE,TRUE,38
"2.2.3.2.2.2.2.2.3.2.2.2.1.2.2.2.2.2.1.2.2.2",0.582412393080314,FALSE,TRUE,39
"2.2.3.2.2.2.2.2.3.2.2.2.1.2.2.2.2.1.2.2.2.2",0.531974194980113,FALSE,TRUE,39
"2.2.3.2.2.2.2.2.3.2.2.2.1.2.2.2.2.1.1.3.2.2",0.660337468440124,FALSE,TRUE,38
"2.2.3.2.2.2.2.2.3.2.2.2.1.2.2.2.2.1.1.2.3.2",0.580754070202052,FALSE,TRUE,38
"2.2.3.2.2.2.2.2.3.2.2.2.1.2.2.2.2.1.1.2.2.3",0.537743124629348,FALSE,TRUE,38
"1.2.3.2.2.2.2.2.3.2.2.2.1.2.2.2.2.1.1.2.2.2",0.685399736397903,FALSE,TRUE,37
"2.1.3.2.2.2.2.2.3.2.2.2.1.2.2.2.2.1.1.2.2.2",0.702561842743113,FALSE,TRUE,37
"2.2.2.2.2.2.2.2.3.2.2.2.1.2.2.2.2.1.1.2.2.2",0.631715237954261,FALSE,TRUE,37
"2.2.3.1.2.2.2.2.3.2.2.2.1.2.2.2.2.1.1.2.2.2",0.576640430882662,FALSE,TRUE,37
"2.2.3.2.1.2.2.2.3.2.2.2.1.2.2.2.2.1.1.2.2.2",0.625979654857335,FALSE,TRUE,37
"2.2.3.2.2.1.2.2.3.2.2.2.1.2.2.2.2.1.1.2.2.2",0.710875158524612,FALSE,TRUE,37
"2.2.3.2.2.2.1.2.3.2.2.2.1.2.2.2.2.1.1.2.2.2",0.642335446260773,FALSE,TRUE,37
"2.2.3.2.2.2.2.1.3.2.2.2.1.2.2.2.2.1.1.2.2.2",0.573122041094342,FALSE,TRUE,38
"2.2.3.2.2.2.2.2.3.1.2.2.1.2.2.2.2.1.1.2.2.2",0.62925738952004,FALSE,TRUE,37
"2.2.3.2.2.2.2.2.3.2.1.2.1.2.2.2.2.1.1.2.2.2",0.641923208846106,FALSE,TRUE,37
"2.2.3.2.2.2.2.2.3.2.2.1.1.2.2.2.2.1.1.2.2.2",0.565555251500316,FALSE,TRUE,37
"2.2.3.2.2.2.2.2.3.2.2.2.1.1.2.2.2.1.1.2.2.2",0.618085656101392,FALSE,TRUE,37
"2.2.3.2.2.2.2.2.3.2.2.2.1.2.1.2.2.1.1.2.2.2",0.669514527023516,FALSE,TRUE,37
"2.2.3.2.2.2.2.2.3.2.2.2.1.2.2.1.2.1.1.2.2.2",0.529320025239541,FALSE,TRUE,37
"2.2.3.2.2.2.2.2.3.2.2.2.1.2.2.2.1.1.1.2.2.2",0.55836152985605,FALSE,TRUE,37
"2.2.3.2.2.2.2.2.3.2.2.2.1.2.2.2.2.1.1.1.2.2",0.567512371517812,FALSE,TRUE,37
"2.2.3.2.2.2.2.2.3.2.2.2.1.2.2.2.2.1.1.2.1.2",0.64022598209242,FALSE,TRUE,37
"2.2.3.2.2.2.2.2.3.2.2.2.1.2.2.2.2.1.1.2.2.1",0.63609078640531,FALSE,TRUE,37
"2.2.2.2.2.2.2.1.2.2.2.1.2.2.1.3.2.2.2.2.2.3",0.533884826621119,FALSE,TRUE,39
"1.3.2.2.2.2.2.1.2.2.2.1.2.2.1.3.2.2.2.2.2.3",0.43578022674779,FALSE,TRUE,38
"1.2.3.2.2.2.2.1.2.2.2.1.2.2.1.3.2.2.2.2.2.3",0.465403089034029,FALSE,TRUE,38
"1.2.2.3.2.2.2.1.2.2.2.1.2.2.1.3.2.2.2.2.2.3",0.532569214730097,FALSE,TRUE,38
"1.2.2.2.3.2.2.1.2.2.2.1.2.2.1.3.2.2.2.2.2.3",0.380508964216016,FALSE,TRUE,38
"1.2.2.2.2.3.2.1.2.2.2.1.2.2.1.3.2.2.2.2.2.3",0.528509792069951,FALSE,TRUE,39
"1.2.2.2.2.2.3.1.2.2.2.1.2.2.1.3.2.2.2.2.2.3",0.408309646759035,FALSE,TRUE,38
"1.2.2.2.2.2.2.2.2.2.2.1.2.2.1.3.2.2.2.2.2.3",0.603961758125166,FALSE,TRUE,37
"1.2.2.2.2.2.2.1.3.2.2.1.2.2.1.3.2.2.2.2.2.3",0.532143539371282,FALSE,TRUE,38
"1.2.2.2.2.2.2.1.2.2.3.1.2.2.1.3.2.2.2.2.2.3",0.425923004318759,FALSE,TRUE,38
"1.2.2.2.2.2.2.1.2.2.2.2.2.2.1.3.2.2.2.2.2.3",0.420857579243106,FALSE,TRUE,39
"1.2.2.2.2.2.2.1.2.2.2.1.3.2.1.3.2.2.2.2.2.3",0.604438078857153,FALSE,TRUE,38
"1.2.2.2.2.2.2.1.2.2.2.1.2.3.1.3.2.2.2.2.2.3",0.377164883793014,FALSE,TRUE,38
"1.2.2.2.2.2.2.1.2.2.2.1.2.2.2.3.2.2.2.2.2.3",0.515167263990718,FALSE,TRUE,37
"1.2.2.2.2.2.2.1.2.2.2.1.2.2.1.4.2.2.2.2.2.3",0.594671094690285,FALSE,TRUE,38
"1.2.2.2.2.2.2.1.2.2.2.1.2.2.1.3.3.2.2.2.2.3",0.550359316577886,FALSE,TRUE,38
"1.2.2.2.2.2.2.1.2.2.2.1.2.2.1.3.2.3.2.2.2.3",0.38741736014538,FALSE,TRUE,38
"1.2.2.2.2.2.2.1.2.2.2.1.2.2.1.3.2.2.3.2.2.3",0.356428688988436,FALSE,TRUE,38
"1.2.2.2.2.2.2.1.2.2.2.1.2.2.1.3.2.2.2.3.2.3",0.660603027586422,FALSE,TRUE,38
"1.2.2.2.2.2.2.1.2.2.2.1.2.2.1.3.2.2.2.2.3.3",0.434174244263062,FALSE,TRUE,38
"1.2.2.2.2.2.2.1.2.2.2.1.2.2.1.3.2.2.2.2.2.4",0.335248421547379,FALSE,TRUE,38
"1.1.2.2.2.2.2.1.2.2.2.1.2.2.1.3.2.2.2.2.2.3",0.623308469489749,FALSE,TRUE,37
"1.2.1.2.2.2.2.1.2.2.2.1.2.2.1.3.2.2.2.2.2.3",0.643635196506533,FALSE,TRUE,37
"1.2.2.1.2.2.2.1.2.2.2.1.2.2.1.3.2.2.2.2.2.3",0.573753363270694,FALSE,TRUE,37
"1.2.2.2.1.2.2.1.2.2.2.1.2.2.1.3.2.2.2.2.2.3",0.661398609938753,FALSE,TRUE,37
"1.2.2.2.2.2.1.1.2.2.2.1.2.2.1.3.2.2.2.2.2.3",0.60930604990846,FALSE,TRUE,37
"1.2.2.2.2.2.2.1.1.2.2.1.2.2.1.3.2.2.2.2.2.3",0.559337276781664,FALSE,TRUE,37
"1.2.2.2.2.2.2.1.2.1.2.1.2.2.1.3.2.2.2.2.2.3",0.662978379665101,FALSE,TRUE,37
"1.2.2.2.2.2.2.1.2.2.1.1.2.2.1.3.2.2.2.2.2.3",0.60562655516694,FALSE,TRUE,37
"1.2.2.2.2.2.2.1.2.2.2.1.1.2.1.3.2.2.2.2.2.3",0.468219783349488,FALSE,TRUE,37
"1.2.2.2.2.2.2.1.2.2.2.1.2.1.1.3.2.2.2.2.2.3",0.649628132139826,FALSE,TRUE,37
"1.2.2.2.2.2.2.1.2.2.2.1.2.2.1.3.1.2.2.2.2.3",0.514504179466376,FALSE,TRUE,37
"1.2.2.2.2.2.2.1.2.2.2.1.2.2.1.3.2.1.2.2.2.3",0.665060707685298,FALSE,TRUE,37
"1.2.2.2.2.2.2.1.2.2.2.1.2.2.1.3.2.2.1.2.2.3",0.662214368094498,FALSE,TRUE,37
"1.2.2.2.2.2.2.1.2.2.2.1.2.2.1.3.2.2.2.1.2.3",0.452316519080987,FALSE,TRUE,37
"1.2.2.2.2.2.2.1.2.2.2.1.2.2.1.3.2.2.2.2.1.3",0.657813880725793,FALSE,TRUE,37
"1.2.2.2.2.2.2.1.2.2.2.1.2.2.1.3.2.2.2.2.2.2",0.721486661382179,FALSE,TRUE,38
"2.2.2.2.2.2.2.3.1.2.2.3.2.2.2.2.2.2.2.2.2.2",0.247586053137297,FALSE,TRUE,41
"1.3.2.2.2.2.2.3.1.2.2.3.2.2.2.2.2.2.2.2.2.2",0.229774835034992,FALSE,TRUE,40
"1.2.3.2.2.2.2.3.1.2.2.3.2.2.2.2.2.2.2.2.2.2",0.314902118771352,FALSE,TRUE,40
"1.2.2.3.2.2.2.3.1.2.2.3.2.2.2.2.2.2.2.2.2.2",0.382555615679264,FALSE,TRUE,40
"1.2.2.2.3.2.2.3.1.2.2.3.2.2.2.2.2.2.2.2.2.2",0.1491867517427,FALSE,TRUE,40
"1.2.2.2.2.3.2.3.1.2.2.3.2.2.2.2.2.2.2.2.2.2",0.319638668772619,FALSE,TRUE,40
"1.2.2.2.2.2.3.3.1.2.2.3.2.2.2.2.2.2.2.2.2.2",0.123444073057546,FALSE,TRUE,40
"1.2.2.2.2.2.2.4.1.2.2.3.2.2.2.2.2.2.2.2.2.2",0.352061118914278,FALSE,TRUE,40
"1.2.2.2.2.2.2.3.1.3.2.3.2.2.2.2.2.2.2.2.2.2",0.230572643882725,FALSE,TRUE,40
"1.2.2.2.2.2.2.3.1.2.3.3.2.2.2.2.2.2.2.2.2.2",0.18257375917714,FALSE,TRUE,40
"1.2.2.2.2.2.2.3.1.2.2.4.2.2.2.2.2.2.2.2.2.2",0.254984182344163,FALSE,TRUE,40
"1.2.2.2.2.2.2.3.1.2.2.3.3.2.2.2.2.2.2.2.2.2",0.365669548520503,FALSE,TRUE,40
"1.2.2.2.2.2.2.3.1.2.2.3.2.3.2.2.2.2.2.2.2.2",0.117541813052137,FALSE,TRUE,40
"1.2.2.2.2.2.2.3.1.2.2.3.2.2.3.2.2.2.2.2.2.2",0.163607699684395,FALSE,TRUE,40
"1.2.2.2.2.2.2.3.1.2.2.3.2.2.2.3.2.2.2.2.2.2",0.366711299420852,FALSE,TRUE,40
"1.2.2.2.2.2.2.3.1.2.2.3.2.2.2.2.3.2.2.2.2.2",0.268786377131191,FALSE,TRUE,40
"1.2.2.2.2.2.2.3.1.2.2.3.2.2.2.2.2.3.2.2.2.2",0.19150248496604,FALSE,TRUE,40
"1.2.2.2.2.2.2.3.1.2.2.3.2.2.2.2.2.2.3.2.2.2",0.21292363638583,FALSE,TRUE,40
"1.2.2.2.2.2.2.3.1.2.2.3.2.2.2.2.2.2.2.3.2.2",0.362190427567439,FALSE,TRUE,40
"1.2.2.2.2.2.2.3.1.2.2.3.2.2.2.2.2.2.2.2.3.2",0.199475620942717,FALSE,TRUE,40
"1.2.2.2.2.2.2.3.1.2.2.3.2.2.2.2.2.2.2.2.2.3",0.228089403647706,FALSE,TRUE,40
"1.1.2.2.2.2.2.3.1.2.2.3.2.2.2.2.2.2.2.2.2.2",0.474385892591515,FALSE,TRUE,39
"1.2.1.2.2.2.2.3.1.2.2.3.2.2.2.2.2.2.2.2.2.2",0.4158987035804,FALSE,TRUE,39
"1.2.2.1.2.2.2.3.1.2.2.3.2.2.2.2.2.2.2.2.2.2",0.353313285142979,FALSE,TRUE,39
"1.2.2.2.1.2.2.3.1.2.2.3.2.2.2.2.2.2.2.2.2.2",0.520087643353099,FALSE,TRUE,39
"1.2.2.2.2.1.2.3.1.2.2.3.2.2.2.2.2.2.2.2.2.2",0.414799274571012,FALSE,TRUE,39
"1.2.2.2.2.2.1.3.1.2.2.3.2.2.2.2.2.2.2.2.2.2",0.573853516374892,FALSE,TRUE,39
"1.2.2.2.2.2.2.3.1.1.2.3.2.2.2.2.2.2.2.2.2.2",0.472214157970219,FALSE,TRUE,39
"1.2.2.2.2.2.2.3.1.2.1.3.2.2.2.2.2.2.2.2.2.2",0.527513226914632,FALSE,TRUE,39
"1.2.2.2.2.2.2.3.1.2.2.2.2.2.2.2.2.2.2.2.2.2",0.447996546481272,FALSE,TRUE,39
"1.2.2.2.2.2.2.3.1.2.2.3.1.2.2.2.2.2.2.2.2.2",0.372235532479482,FALSE,TRUE,39
"1.2.2.2.2.2.2.3.1.2.2.3.2.1.2.2.2.2.2.2.2.2",0.532178456306879,FALSE,TRUE,39
"1.2.2.2.2.2.2.3.1.2.2.3.2.2.1.2.2.2.2.2.2.2",0.488549983621254,FALSE,TRUE,39
"1.2.2.2.2.2.2.3.1.2.2.3.2.2.2.1.2.2.2.2.2.2",0.371605928305405,FALSE,TRUE,39
"1.2.2.2.2.2.2.3.1.2.2.3.2.2.2.2.1.2.2.2.2.2",0.461339172496698,FALSE,TRUE,39
"1.2.2.2.2.2.2.3.1.2.2.3.2.2.2.2.2.1.2.2.2.2",0.524159144951638,FALSE,TRUE,39
"1.2.2.2.2.2.2.3.1.2.2.3.2.2.2.2.2.2.1.2.2.2",0.468579297738106,FALSE,TRUE,39
"1.2.2.2.2.2.2.3.1.2.2.3.2.2.2.2.2.2.2.1.2.2",0.348281090313048,FALSE,TRUE,39
"1.2.2.2.2.2.2.3.1.2.2.3.2.2.2.2.2.2.2.2.1.2",0.544128498176399,FALSE,TRUE,39
"1.2.2.2.2.2.2.3.1.2.2.3.2.2.2.2.2.2.2.2.2.1",0.47742004332861,FALSE,TRUE,39
"3.2.2.2.2.3.2.2.2.2.2.2.2.2.2.2.1.2.2.2.2.2",0.158074474088465,FALSE,TRUE,41
"2.3.2.2.2.3.2.2.2.2.2.2.2.2.2.2.1.2.2.2.2.2",0.250554984315356,FALSE,TRUE,41
"2.2.3.2.2.3.2.2.2.2.2.2.2.2.2.2.1.2.2.2.2.2",0.219505846007404,FALSE,TRUE,41
"2.2.2.2.3.3.2.2.2.2.2.2.2.2.2.2.1.2.2.2.2.2",0.170187250052171,FALSE,TRUE,41
"2.2.2.2.2.4.2.2.2.2.2.2.2.2.2.2.1.2.2.2.2.2",0.239750050760901,FALSE,TRUE,41
"2.2.2.2.2.3.3.2.2.2.2.2.2.2.2.2.1.2.2.2.2.2",0.226303400434856,FALSE,TRUE,41
"2.2.2.2.2.3.2.3.2.2.2.2.2.2.2.2.1.2.2.2.2.2",0.412172130698802,FALSE,TRUE,41
"2.2.2.2.2.3.2.2.3.2.2.2.2.2.2.2.1.2.2.2.2.2",0.373066390238836,FALSE,TRUE,41
"2.2.2.2.2.3.2.2.2.3.2.2.2.2.2.2.1.2.2.2.2.2",0.0997783852953112,FALSE,TRUE,41
"2.2.2.2.2.3.2.2.2.2.3.2.2.2.2.2.1.2.2.2.2.2",0.114806328445787,FALSE,TRUE,41
"2.2.2.2.2.3.2.2.2.2.2.3.2.2.2.2.1.2.2.2.2.2",0.226793883752558,FALSE,TRUE,41
"2.2.2.2.2.3.2.2.2.2.2.2.3.2.2.2.1.2.2.2.2.2",0.315139357323109,FALSE,TRUE,41
"2.2.2.2.2.3.2.2.2.2.2.2.2.3.2.2.1.2.2.2.2.2",0.21023086743453,FALSE,TRUE,41
"2.2.2.2.2.3.2.2.2.2.2.2.2.2.3.2.1.2.2.2.2.2",0.094603481354515,FALSE,TRUE,41
"2.2.2.2.2.3.2.2.2.2.2.2.2.2.2.3.1.2.2.2.2.2",0.439101529962395,FALSE,TRUE,41
"2.2.2.2.2.3.2.2.2.2.2.2.2.2.2.2.1.3.2.2.2.2",0.1972465583501,FALSE,TRUE,41
"2.2.2.2.2.3.2.2.2.2.2.2.2.2.2.2.1.2.3.2.2.2",0.151247100563874,FALSE,TRUE,41
"2.2.2.2.2.3.2.2.2.2.2.2.2.2.2.2.1.2.2.3.2.2",0.296073614890021,FALSE,TRUE,41
"2.2.2.2.2.3.2.2.2.2.2.2.2.2.2.2.1.2.2.2.3.2",0.125516279045733,FALSE,TRUE,41
"2.2.2.2.2.3.2.2.2.2.2.2.2.2.2.2.1.2.2.2.2.3",0.150777453655374,FALSE,TRUE,40
"1.2.2.2.2.3.2.2.2.2.2.2.2.2.2.2.1.2.2.2.2.2",0.475582221491393,FALSE,TRUE,39
"2.1.2.2.2.3.2.2.2.2.2.2.2.2.2.2.1.2.2.2.2.2",0.398621442360042,FALSE,TRUE,40
"2.2.1.2.2.3.2.2.2.2.2.2.2.2.2.2.1.2.2.2.2.2",0.447422350574621,FALSE,TRUE,40
"2.2.2.1.2.3.2.2.2.2.2.2.2.2.2.2.1.2.2.2.2.2",0.374081477186478,FALSE,TRUE,40
"2.2.2.2.1.3.2.2.2.2.2.2.2.2.2.2.1.2.2.2.2.2",0.41511589787421,FALSE,TRUE,40
"2.2.2.2.2.3.1.2.2.2.2.2.2.2.2.2.1.2.2.2.2.2",0.430335781481869,FALSE,TRUE,40
"2.2.2.2.2.3.2.1.2.2.2.2.2.2.2.2.1.2.2.2.2.2",0.214001296506407,FALSE,TRUE,40
"2.2.2.2.2.3.2.2.1.2.2.2.2.2.2.2.1.2.2.2.2.2",0.288931249690585,FALSE,TRUE,40
"2.2.2.2.2.3.2.2.2.1.2.2.2.2.2.2.1.2.2.2.2.2",0.539727694988883,FALSE,TRUE,39
"2.2.2.2.2.3.2.2.2.2.1.2.2.2.2.2.1.2.2.2.2.2",0.503554834410475,FALSE,TRUE,40
"2.2.2.2.2.3.2.2.2.2.2.1.2.2.2.2.1.2.2.2.2.2",0.392805247245895,FALSE,TRUE,39
"2.2.2.2.2.3.2.2.2.2.2.2.1.2.2.2.1.2.2.2.2.2",0.362494580188207,FALSE,TRUE,40
"2.2.2.2.2.3.2.2.2.2.2.2.2.1.2.2.1.2.2.2.2.2",0.39155873577165,FALSE,TRUE,40
"2.2.2.2.2.3.2.2.2.2.2.2.2.2.1.2.1.2.2.2.2.2",0.503399743981533,FALSE,TRUE,40
"2.2.2.2.2.3.2.2.2.2.2.2.2.2.2.1.1.2.2.2.2.2",0.217295771093045,FALSE,TRUE,40
"2.2.2.2.2.3.2.2.2.2.2.2.2.2.2.2.1.1.2.2.2.2",0.411820104708356,FALSE,TRUE,39
"2.2.2.2.2.3.2.2.2.2.2.2.2.2.2.2.1.2.2.1.2.2",0.34578628573556,FALSE,TRUE,40
"2.2.2.2.2.3.2.2.2.2.2.2.2.2.2.2.1.2.2.2.1.2",0.505875801528921,FALSE,TRUE,40
"2.2.2.2.2.3.2.2.2.2.2.2.2.2.2.2.1.2.2.2.2.1",0.476715069730823,FALSE,TRUE,40
"3.2.3.3.2.2.2.3.2.2.2.2.3.2.2.2.2.1.1.2.2.2",0.382477414580711,FALSE,TRUE,40
"2.3.3.3.2.2.2.3.2.2.2.2.3.2.2.2.2.1.1.2.2.2",0.462589221235147,FALSE,TRUE,40
"2.2.4.3.2.2.2.3.2.2.2.2.3.2.2.2.2.1.1.2.2.2",0.688124805268597,FALSE,TRUE,40
"2.2.3.4.2.2.2.3.2.2.2.2.3.2.2.2.2.1.1.2.2.2",0.64291352697181,FALSE,TRUE,39
"2.2.3.3.2.3.2.3.2.2.2.2.3.2.2.2.2.1.1.2.2.2",0.478727236777997,FALSE,TRUE,40
"2.2.3.3.2.2.3.3.2.2.2.2.3.2.2.2.2.1.1.2.2.2",0.482387991210489,FALSE,TRUE,40
"2.2.3.3.2.2.2.4.2.2.2.2.3.2.2.2.2.1.1.2.2.2",0.462428120076825,FALSE,TRUE,40
"2.2.3.3.2.2.2.3.3.2.2.2.3.2.2.2.2.1.1.2.2.2",0.723711546685461,FALSE,TRUE,40
"2.2.3.3.2.2.2.3.2.3.2.2.3.2.2.2.2.1.1.2.2.2",0.583540234635311,FALSE,TRUE,40
"2.2.3.3.2.2.2.3.2.2.3.2.3.2.2.2.2.1.1.2.2.2",0.465853228226054,FALSE,TRUE,40
"2.2.3.3.2.2.2.3.2.2.2.3.3.2.2.2.2.1.1.2.2.2",0.624291163823839,FALSE,TRUE,40
"2.2.3.3.2.2.2.3.2.2.2.2.4.2.2.2.2.1.1.2.2.2",0.525676878315947,FALSE,TRUE,41
"2.2.3.3.2.2.2.3.2.2.2.2.3.3.2.2.2.1.1.2.2.2",0.542766079009552,FALSE,TRUE,40
"2.2.3.3.2.2.2.3.2.2.2.2.3.2.3.2.2.1.1.2.2.2",0.414168756685883,FALSE,TRUE,40
"2.2.3.3.2.2.2.3.2.2.2.2.3.2.2.3.2.1.1.2.2.2",0.543231203399822,FALSE,TRUE,40
"2.2.3.3.2.2.2.3.2.2.2.2.3.2.2.2.3.1.1.2.2.2",0.534940334640728,FALSE,TRUE,40
"2.2.3.3.2.2.2.3.2.2.2.2.3.2.2.2.2.2.1.2.2.2",0.549698825369139,FALSE,TRUE,41
"2.2.3.3.2.2.2.3.2.2.2.2.3.2.2.2.2.1.2.2.2.2",0.54291494594924,FALSE,TRUE,41
"2.2.3.3.2.2.2.3.2.2.2.2.3.2.2.2.2.1.1.3.2.2",0.506610607317565,FALSE,TRUE,40
"2.2.3.3.2.2.2.3.2.2.2.2.3.2.2.2.2.1.1.2.3.2",0.518403940430126,FALSE,TRUE,40
"2.2.3.3.2.2.2.3.2.2.2.2.3.2.2.2.2.1.1.2.2.3",0.580471527558765,FALSE,TRUE,40
"1.2.3.3.2.2.2.3.2.2.2.2.3.2.2.2.2.1.1.2.2.2",0.758098760968652,FALSE,TRUE,39
"2.1.3.3.2.2.2.3.2.2.2.2.3.2.2.2.2.1.1.2.2.2",0.683224726911297,FALSE,TRUE,39
"2.2.2.3.2.2.2.3.2.2.2.2.3.2.2.2.2.1.1.2.2.2",0.471264420511004,FALSE,TRUE,40
"2.2.3.2.2.2.2.3.2.2.2.2.3.2.2.2.2.1.1.2.2.2",0.525048847938564,FALSE,TRUE,39
"2.2.3.3.1.2.2.3.2.2.2.2.3.2.2.2.2.1.1.2.2.2",0.56433565650296,FALSE,TRUE,39
"2.2.3.3.2.1.2.3.2.2.2.2.3.2.2.2.2.1.1.2.2.2",0.697377601844441,FALSE,TRUE,39
"2.2.3.3.2.2.1.3.2.2.2.2.3.2.2.2.2.1.1.2.2.2",0.594132563186066,FALSE,TRUE,39
"2.2.3.3.2.2.2.3.1.2.2.2.3.2.2.2.2.1.1.2.2.2",0.449120907202278,FALSE,TRUE,39
"2.2.3.3.2.2.2.3.2.1.2.2.3.2.2.2.2.1.1.2.2.2",0.551793976397447,FALSE,TRUE,39
"2.2.3.3.2.2.2.3.2.2.1.2.3.2.2.2.2.1.1.2.2.2",0.637541167905226,FALSE,TRUE,39
"2.2.3.3.2.2.2.3.2.2.2.1.3.2.2.2.2.1.1.2.2.2",0.52133972320298,FALSE,TRUE,39
"2.2.3.3.2.2.2.3.2.2.2.2.3.1.2.2.2.1.1.2.2.2",0.554807702156592,FALSE,TRUE,39
"2.2.3.3.2.2.2.3.2.2.2.2.3.2.1.2.2.1.1.2.2.2",0.727144972459508,FALSE,TRUE,39
"2.2.3.3.2.2.2.3.2.2.2.2.3.2.2.1.2.1.1.2.2.2",0.603953520971484,FALSE,TRUE,39
"2.2.3.3.2.2.2.3.2.2.2.2.3.2.2.2.1.1.1.2.2.2",0.60010394798484,FALSE,TRUE,39
"2.2.3.3.2.2.2.3.2.2.2.2.3.2.2.2.2.1.1.1.2.2",0.668755831978109,FALSE,TRUE,39
"2.2.3.3.2.2.2.3.2.2.2.2.3.2.2.2.2.1.1.2.1.2",0.633340686589456,FALSE,TRUE,39
"2.2.3.3.2.2.2.3.2.2.2.2.3.2.2.2.2.1.1.2.2.1",0.521825731062495,FALSE,TRUE,39
"3.2.3.4.2.2.2.2.2.2.2.2.2.2.2.2.2.1.1.2.2.2",0.523717763109032,FALSE,TRUE,39
"2.3.3.4.2.2.2.2.2.2.2.2.2.2.2.2.2.1.1.2.2.2",0.600673743766806,FALSE,TRUE,40
"2.2.4.4.2.2.2.2.2.2.2.2.2.2.2.2.2.1.1.2.2.2",0.733723370688767,FALSE,TRUE,39
"2.2.3.5.2.2.2.2.2.2.2.2.2.2.2.2.2.1.1.2.2.2",0.66557243070161,FALSE,TRUE,40
"2.2.3.4.3.2.2.2.2.2.2.2.2.2.2.2.2.1.1.2.2.2",0.670480179069485,FALSE,TRUE,38
"2.2.3.4.2.3.2.2.2.2.2.2.2.2.2.2.2.1.1.2.2.2",0.546661911060831,FALSE,TRUE,39
"2.2.3.4.2.2.3.2.2.2.2.2.2.2.2.2.2.1.1.2.2.2",0.618605780875381,FALSE,TRUE,39
"2.2.3.4.2.2.2.2.3.2.2.2.2.2.2.2.2.1.1.2.2.2",0.756807620355443,FALSE,TRUE,39
"2.2.3.4.2.2.2.2.2.3.2.2.2.2.2.2.2.1.1.2.2.2",0.643269586830523,FALSE,TRUE,39
"2.2.3.4.2.2.2.2.2.2.3.2.2.2.2.2.2.1.1.2.2.2",0.565782423304721,FALSE,TRUE,39
"2.2.3.4.2.2.2.2.2.2.2.3.2.2.2.2.2.1.1.2.2.2",0.684628566145308,FALSE,TRUE,39
"2.2.3.4.2.2.2.2.2.2.2.2.3.2.2.2.2.1.1.2.2.2",0.695832753312701,FALSE,TRUE,38
"2.2.3.4.2.2.2.2.2.2.2.2.2.3.2.2.2.1.1.2.2.2",0.671030491942991,FALSE,TRUE,39
"2.2.3.4.2.2.2.2.2.2.2.2.2.2.3.2.2.1.1.2.2.2",0.563004167001096,FALSE,TRUE,39
"2.2.3.4.2.2.2.2.2.2.2.2.2.2.2.3.2.1.1.2.2.2",0.726505864047547,FALSE,TRUE,39
"2.2.3.4.2.2.2.2.2.2.2.2.2.2.2.2.3.1.1.2.2.2",0.762230098344957,FALSE,TRUE,39
"2.2.3.4.2.2.2.2.2.2.2.2.2.2.2.2.2.2.1.2.2.2",0.654430384845529,FALSE,TRUE,40
"2.2.3.4.2.2.2.2.2.2.2.2.2.2.2.2.2.1.2.2.2.2",0.584820099967572,FALSE,TRUE,40
"2.2.3.4.2.2.2.2.2.2.2.2.2.2.2.2.2.1.1.3.2.2",0.665475269536929,FALSE,TRUE,39
"2.2.3.4.2.2.2.2.2.2.2.2.2.2.2.2.2.1.1.2.3.2",0.628713287345469,FALSE,TRUE,39
"2.2.3.4.2.2.2.2.2.2.2.2.2.2.2.2.2.1.1.2.2.3",0.612720433058154,FALSE,TRUE,39
"1.2.3.4.2.2.2.2.2.2.2.2.2.2.2.2.2.1.1.2.2.2",0.806382438609194,FALSE,TRUE,38
"2.2.2.4.2.2.2.2.2.2.2.2.2.2.2.2.2.1.1.2.2.2",0.629647148505017,FALSE,TRUE,39
"2.2.3.4.1.2.2.2.2.2.2.2.2.2.2.2.2.1.1.2.2.2",0.634104327434815,FALSE,TRUE,38
"2.2.3.4.2.1.2.2.2.2.2.2.2.2.2.2.2.1.1.2.2.2",0.843131168722794,FALSE,TRUE,38
"2.2.3.4.2.2.1.2.2.2.2.2.2.2.2.2.2.1.1.2.2.2",0.698173285581124,FALSE,TRUE,38
"2.2.3.4.2.2.2.1.2.2.2.2.2.2.2.2.2.1.1.2.2.2",0.675319423446949,FALSE,TRUE,38
"2.2.3.4.2.2.2.2.1.2.2.2.2.2.2.2.2.1.1.2.2.2",0.620328704508899,FALSE,TRUE,38
"2.2.3.4.2.2.2.2.2.1.2.2.2.2.2.2.2.1.1.2.2.2",0.68507028169421,FALSE,TRUE,38
"2.2.3.4.2.2.2.2.2.2.1.2.2.2.2.2.2.1.1.2.2.2",0.747946448418335,FALSE,TRUE,38
"2.2.3.4.2.2.2.2.2.2.2.1.2.2.2.2.2.1.1.2.2.2",0.652807106582228,FALSE,TRUE,38
"2.2.3.4.2.2.2.2.2.2.2.2.1.2.2.2.2.1.1.2.2.2",0.66714831102447,FALSE,TRUE,38
"2.2.3.4.2.2.2.2.2.2.2.2.2.1.2.2.2.1.1.2.2.2",0.619099542715263,FALSE,TRUE,38
"2.2.3.4.2.2.2.2.2.2.2.2.2.2.1.2.2.1.1.2.2.2",0.743242754627718,FALSE,TRUE,38
"2.2.3.4.2.2.2.2.2.2.2.2.2.2.2.1.2.1.1.2.2.2",0.644505954293393,FALSE,TRUE,38
"2.2.3.4.2.2.2.2.2.2.2.2.2.2.2.2.1.1.1.2.2.2",0.595540290703862,FALSE,TRUE,38
"2.2.3.4.2.2.2.2.2.2.2.2.2.2.2.2.2.1.1.1.2.2",0.699638642919715,FALSE,TRUE,38
"2.2.3.4.2.2.2.2.2.2.2.2.2.2.2.2.2.1.1.2.1.2",0.710843466914554,FALSE,TRUE,38
"2.2.3.4.2.2.2.2.2.2.2.2.2.2.2.2.2.1.1.2.2.1",0.679074406003714,FALSE,TRUE,38
"3.1.3.4.2.2.2.2.2.2.2.2.2.2.2.2.2.1.1.2.2.2",0.607262797405188,FALSE,TRUE,39
"2.1.4.4.2.2.2.2.2.2.2.2.2.2.2.2.2.1.1.2.2.2",0.747181167272583,FALSE,TRUE,39
"2.1.3.5.2.2.2.2.2.2.2.2.2.2.2.2.2.1.1.2.2.2",0.636718656075896,FALSE,TRUE,39
"2.1.3.4.3.2.2.2.2.2.2.2.2.2.2.2.2.1.1.2.2.2",0.734945878478326,FALSE,TRUE,39
"2.1.3.4.2.3.2.2.2.2.2.2.2.2.2.2.2.1.1.2.2.2",0.586965243097781,FALSE,TRUE,39
"2.1.3.4.2.2.3.2.2.2.2.2.2.2.2.2.2.1.1.2.2.2",0.670773537339602,FALSE,TRUE,39
"2.1.3.4.2.2.2.3.2.2.2.2.2.2.2.2.2.1.1.2.2.2",0.727328573707161,FALSE,TRUE,38
"2.1.3.4.2.2.2.2.3.2.2.2.2.2.2.2.2.1.1.2.2.2",0.735519939656096,FALSE,TRUE,39
"2.1.3.4.2.2.2.2.2.3.2.2.2.2.2.2.2.1.1.2.2.2",0.676074807747943,FALSE,TRUE,39
"2.1.3.4.2.2.2.2.2.2.3.2.2.2.2.2.2.1.1.2.2.2",0.628907974057967,FALSE,TRUE,39
"2.1.3.4.2.2.2.2.2.2.2.3.2.2.2.2.2.1.1.2.2.2",0.704846080370905,FALSE,TRUE,39
"2.1.3.4.2.2.2.2.2.2.2.2.3.2.2.2.2.1.1.2.2.2",0.720121874761478,FALSE,TRUE,39
"2.1.3.4.2.2.2.2.2.2.2.2.2.3.2.2.2.1.1.2.2.2",0.759737240363172,FALSE,TRUE,39
"2.1.3.4.2.2.2.2.2.2.2.2.2.2.3.2.2.1.1.2.2.2",0.654218449091074,FALSE,TRUE,39
"2.1.3.4.2.2.2.2.2.2.2.2.2.2.2.3.2.1.1.2.2.2",0.747920369954125,FALSE,TRUE,39
"2.1.3.4.2.2.2.2.2.2.2.2.2.2.2.2.3.1.1.2.2.2",0.822684315849385,FALSE,TRUE,39
"2.1.3.4.2.2.2.2.2.2.2.2.2.2.2.2.2.2.1.2.2.2",0.719582613163428,FALSE,TRUE,40
"2.1.3.4.2.2.2.2.2.2.2.2.2.2.2.2.2.1.2.2.2.2",0.643681421976225,FALSE,TRUE,40
"2.1.3.4.2.2.2.2.2.2.2.2.2.2.2.2.2.1.1.3.2.2",0.702607585328778,FALSE,TRUE,39
"2.1.3.4.2.2.2.2.2.2.2.2.2.2.2.2.2.1.1.2.3.2",0.683570549568313,FALSE,TRUE,39
"2.1.3.4.2.2.2.2.2.2.2.2.2.2.2.2.2.1.1.2.2.3",0.636336446702378,FALSE,TRUE,39
"1.1.3.4.2.2.2.2.2.2.2.2.2.2.2.2.2.1.1.2.2.2",0.779407555699641,FALSE,TRUE,38
"2.1.2.4.2.2.2.2.2.2.2.2.2.2.2.2.2.1.1.2.2.2",0.664341001319814,FALSE,TRUE,39
"2.1.3.4.1.2.2.2.2.2.2.2.2.2.2.2.2.1.1.2.2.2",0.630344275437964,FALSE,TRUE,38
"2.1.3.4.2.1.2.2.2.2.2.2.2.2.2.2.2.1.1.2.2.2",0.853160236290775,FALSE,TRUE,38
"2.1.3.4.2.2.1.2.2.2.2.2.2.2.2.2.2.1.1.2.2.2",0.674551789883791,FALSE,TRUE,38
"2.1.3.4.2.2.2.1.2.2.2.2.2.2.2.2.2.1.1.2.2.2",0.673035871241695,FALSE,TRUE,38
"2.1.3.4.2.2.2.2.1.2.2.2.2.2.2.2.2.1.1.2.2.2",0.692033769398714,FALSE,TRUE,38
"2.1.3.4.2.2.2.2.2.1.2.2.2.2.2.2.2.1.1.2.2.2",0.705340328512256,FALSE,TRUE,38
"2.1.3.4.2.2.2.2.2.2.1.2.2.2.2.2.2.1.1.2.2.2",0.745472442789095,FALSE,TRUE,38
"2.1.3.4.2.2.2.2.2.2.2.1.2.2.2.2.2.1.1.2.2.2",0.690990528089301,FALSE,TRUE,38
"2.1.3.4.2.2.2.2.2.2.2.2.1.2.2.2.2.1.1.2.2.2",0.693616350841337,FALSE,TRUE,38
"2.1.3.4.2.2.2.2.2.2.2.2.2.1.2.2.2.1.1.2.2.2",0.599769409538973,FALSE,TRUE,38
"2.1.3.4.2.2.2.2.2.2.2.2.2.2.1.2.2.1.1.2.2.2",0.739024604581549,FALSE,TRUE,38
"2.1.3.4.2.2.2.2.2.2.2.2.2.2.2.1.2.1.1.2.2.2",0.669451487790682,FALSE,TRUE,38
"2.1.3.4.2.2.2.2.2.2.2.2.2.2.2.2.1.1.1.2.2.2",0.586282939923884,FALSE,TRUE,38
"2.1.3.4.2.2.2.2.2.2.2.2.2.2.2.2.2.1.1.1.2.2",0.734089457808571,FALSE,TRUE,38
"2.1.3.4.2.2.2.2.2.2.2.2.2.2.2.2.2.1.1.2.1.2",0.710937375059931,FALSE,TRUE,38
"2.1.3.4.2.2.2.2.2.2.2.2.2.2.2.2.2.1.1.2.2.1",0.690490612951038,FALSE,TRUE,38
"2.2.2.2.2.1.2.1.2.3.2.1.3.2.1.2.2.2.2.2.2.3",0.476613269033669,FALSE,TRUE,38
"1.3.2.2.2.1.2.1.2.3.2.1.3.2.1.2.2.2.2.2.2.3",0.363186595830966,FALSE,TRUE,37
"1.2.3.2.2.1.2.1.2.3.2.1.3.2.1.2.2.2.2.2.2.3",0.451248832711306,FALSE,TRUE,37
"1.2.2.3.2.1.2.1.2.3.2.1.3.2.1.2.2.2.2.2.2.3",0.58405612465386,FALSE,TRUE,37
"1.2.2.2.3.1.2.1.2.3.2.1.3.2.1.2.2.2.2.2.2.3",0.353735893317299,FALSE,TRUE,37
"1.2.2.2.2.2.2.1.2.3.2.1.3.2.1.2.2.2.2.2.2.3",0.444603368073359,FALSE,TRUE,38
"1.2.2.2.2.1.3.1.2.3.2.1.3.2.1.2.2.2.2.2.2.3",0.393235935408176,FALSE,TRUE,37
"1.2.2.2.2.1.2.2.2.3.2.1.3.2.1.2.2.2.2.2.2.3",0.578339897145648,FALSE,TRUE,38
"1.2.2.2.2.1.2.1.3.3.2.1.3.2.1.2.2.2.2.2.2.3",0.517748730102919,FALSE,TRUE,37
"1.2.2.2.2.1.2.1.2.4.2.1.3.2.1.2.2.2.2.2.2.3",0.397215449366301,FALSE,TRUE,37
"1.2.2.2.2.1.2.1.2.3.3.1.3.2.1.2.2.2.2.2.2.3",0.415020557826091,FALSE,TRUE,37
"1.2.2.2.2.1.2.1.2.3.2.2.3.2.1.2.2.2.2.2.2.3",0.420605000686103,FALSE,TRUE,38
"1.2.2.2.2.1.2.1.2.3.2.1.4.2.1.2.2.2.2.2.2.3",0.536087549979267,FALSE,TRUE,38
"1.2.2.2.2.1.2.1.2.3.2.1.3.3.1.2.2.2.2.2.2.3",0.314579828763899,FALSE,TRUE,37
"1.2.2.2.2.1.2.1.2.3.2.1.3.2.2.2.2.2.2.2.2.3",0.500433702079585,FALSE,TRUE,37
"1.2.2.2.2.1.2.1.2.3.2.1.3.2.1.2.3.2.2.2.2.3",0.517073515120587,FALSE,TRUE,37
"1.2.2.2.2.1.2.1.2.3.2.1.3.2.1.2.2.3.2.2.2.3",0.320795731421863,FALSE,TRUE,37
"1.2.2.2.2.1.2.1.2.3.2.1.3.2.1.2.2.2.3.2.2.3",0.299465793117677,FALSE,TRUE,37
"1.2.2.2.2.1.2.1.2.3.2.1.3.2.1.2.2.2.2.2.3.3",0.438594836651218,FALSE,TRUE,37
"1.2.2.2.2.1.2.1.2.3.2.1.3.2.1.2.2.2.2.2.2.4",0.383203106604307,FALSE,TRUE,37
"1.1.2.2.2.1.2.1.2.3.2.1.3.2.1.2.2.2.2.2.2.3",0.616353655431688,FALSE,TRUE,36
"1.2.1.2.2.1.2.1.2.3.2.1.3.2.1.2.2.2.2.2.2.3",0.580914545550729,FALSE,TRUE,36
"1.2.2.1.2.1.2.1.2.3.2.1.3.2.1.2.2.2.2.2.2.3",0.437640849552595,FALSE,TRUE,36
"1.2.2.2.1.1.2.1.2.3.2.1.3.2.1.2.2.2.2.2.2.3",0.642165009382247,FALSE,TRUE,36
"1.2.2.2.2.1.1.1.2.3.2.1.3.2.1.2.2.2.2.2.2.3",0.568996284372544,FALSE,TRUE,36
"1.2.2.2.2.1.2.1.1.3.2.1.3.2.1.2.2.2.2.2.2.3",0.506188632011488,FALSE,TRUE,36
"1.2.2.2.2.1.2.1.2.3.1.1.3.2.1.2.2.2.2.2.2.3",0.553011475498066,FALSE,TRUE,36
"1.2.2.2.2.1.2.1.2.3.2.1.3.1.1.2.2.2.2.2.2.3",0.660797885800275,FALSE,TRUE,36
"1.2.2.2.2.1.2.1.2.3.2.1.3.2.1.1.2.2.2.2.2.3",0.509844304930464,FALSE,TRUE,36
"1.2.2.2.2.1.2.1.2.3.2.1.3.2.1.2.1.2.2.2.2.3",0.488414080235323,FALSE,TRUE,36
"1.2.2.2.2.1.2.1.2.3.2.1.3.2.1.2.2.1.2.2.2.3",0.670255358975808,FALSE,TRUE,36
"1.2.2.2.2.1.2.1.2.3.2.1.3.2.1.2.2.2.1.2.2.3",0.671381349103247,FALSE,TRUE,36
"1.2.2.2.2.1.2.1.2.3.2.1.3.2.1.2.2.2.2.1.2.3",0.383280141581139,FALSE,TRUE,36
"1.2.2.2.2.1.2.1.2.3.2.1.3.2.1.2.2.2.2.2.1.3",0.56961662209141,FALSE,TRUE,36
"1.2.2.2.2.1.2.1.2.3.2.1.3.2.1.2.2.2.2.2.2.2",0.608278719593293,FALSE,TRUE,37
"2.2.1.2.2.2.2.1.2.3.2.2.2.2.2.2.2.2.2.3.2.2",0.309704962476986,FALSE,TRUE,40
"1.3.1.2.2.2.2.1.2.3.2.2.2.2.2.2.2.2.2.3.2.2",0.347669396107613,FALSE,TRUE,39
"1.2.1.3.2.2.2.1.2.3.2.2.2.2.2.2.2.2.2.3.2.2",0.498729265280497,FALSE,TRUE,39
"1.2.1.2.3.2.2.1.2.3.2.2.2.2.2.2.2.2.2.3.2.2",0.317297552409528,FALSE,TRUE,39
"1.2.1.2.2.3.2.1.2.3.2.2.2.2.2.2.2.2.2.3.2.2",0.327347536440774,FALSE,TRUE,39
"1.2.1.2.2.2.3.1.2.3.2.2.2.2.2.2.2.2.2.3.2.2",0.2794438919089,FALSE,TRUE,39
"1.2.1.2.2.2.2.2.2.3.2.2.2.2.2.2.2.2.2.3.2.2",0.488138302359555,FALSE,TRUE,39
"1.2.1.2.2.2.2.1.3.3.2.2.2.2.2.2.2.2.2.3.2.2",0.54565245776972,FALSE,TRUE,39
"1.2.1.2.2.2.2.1.2.4.2.2.2.2.2.2.2.2.2.3.2.2",0.326525828736573,FALSE,TRUE,39
"1.2.1.2.2.2.2.1.2.3.3.2.2.2.2.2.2.2.2.3.2.2",0.259128382439786,FALSE,TRUE,39
"1.2.1.2.2.2.2.1.2.3.2.3.2.2.2.2.2.2.2.3.2.2",0.370501455011211,FALSE,TRUE,39
"1.2.1.2.2.2.2.1.2.3.2.2.3.2.2.2.2.2.2.3.2.2",0.484454975240557,FALSE,TRUE,39
"1.2.1.2.2.2.2.1.2.3.2.2.2.3.2.2.2.2.2.3.2.2",0.311467147318719,FALSE,TRUE,39
"1.2.1.2.2.2.2.1.2.3.2.2.2.2.3.2.2.2.2.3.2.2",0.291864144706035,FALSE,TRUE,39
"1.2.1.2.2.2.2.1.2.3.2.2.2.2.2.3.2.2.2.3.2.2",0.515313970740362,FALSE,TRUE,39
"1.2.1.2.2.2.2.1.2.3.2.2.2.2.2.2.3.2.2.3.2.2",0.466903308954191,FALSE,TRUE,39
"1.2.1.2.2.2.2.1.2.3.2.2.2.2.2.2.2.3.2.3.2.2",0.309447582012967,FALSE,TRUE,39
"1.2.1.2.2.2.2.1.2.3.2.2.2.2.2.2.2.2.3.3.2.2",0.267053819496874,FALSE,TRUE,39
"1.2.1.2.2.2.2.1.2.3.2.2.2.2.2.2.2.2.2.4.2.2",0.512173951884709,FALSE,TRUE,39
"1.2.1.2.2.2.2.1.2.3.2.2.2.2.2.2.2.2.2.3.3.2",0.316093184149693,FALSE,TRUE,39
"1.2.1.2.2.2.2.1.2.3.2.2.2.2.2.2.2.2.2.3.2.3",0.341892741736219,FALSE,TRUE,39
"1.1.1.2.2.2.2.1.2.3.2.2.2.2.2.2.2.2.2.3.2.2",0.569647171289496,FALSE,TRUE,38
"1.2.1.1.2.2.2.1.2.3.2.2.2.2.2.2.2.2.2.3.2.2",0.469503668023701,FALSE,TRUE,38
"1.2.1.2.1.2.2.1.2.3.2.2.2.2.2.2.2.2.2.3.2.2",0.574892166085932,FALSE,TRUE,38
"1.2.1.2.2.1.2.1.2.3.2.2.2.2.2.2.2.2.2.3.2.2",0.633903438142707,FALSE,TRUE,38
"1.2.1.2.2.2.1.1.2.3.2.2.2.2.2.2.2.2.2.3.2.2",0.616408921976731,FALSE,TRUE,38
"1.2.1.2.2.2.2.1.1.3.2.2.2.2.2.2.2.2.2.3.2.2",0.409901527796606,FALSE,TRUE,38
"1.2.1.2.2.2.2.1.2.3.1.2.2.2.2.2.2.2.2.3.2.2",0.644680454335629,FALSE,TRUE,38
"1.2.1.2.2.2.2.1.2.3.2.1.2.2.2.2.2.2.2.3.2.2",0.557900105286787,FALSE,TRUE,38
"1.2.1.2.2.2.2.1.2.3.2.2.1.2.2.2.2.2.2.3.2.2",0.472922665222212,FALSE,TRUE,38
"1.2.1.2.2.2.2.1.2.3.2.2.2.1.2.2.2.2.2.3.2.2",0.581599310937547,FALSE,TRUE,38
"1.2.1.2.2.2.2.1.2.3.2.2.2.2.1.2.2.2.2.3.2.2",0.596263617277939,FALSE,TRUE,38
"1.2.1.2.2.2.2.1.2.3.2.2.2.2.2.1.2.2.2.3.2.2",0.430466820703859,FALSE,TRUE,38
"1.2.1.2.2.2.2.1.2.3.2.2.2.2.2.2.1.2.2.3.2.2",0.461052390025358,FALSE,TRUE,38
"1.2.1.2.2.2.2.1.2.3.2.2.2.2.2.2.2.1.2.3.2.2",0.612485167462375,FALSE,TRUE,38
"1.2.1.2.2.2.2.1.2.3.2.2.2.2.2.2.2.2.1.3.2.2",0.639435172272927,FALSE,TRUE,38
"1.2.1.2.2.2.2.1.2.3.2.2.2.2.2.2.2.2.2.2.2.2",0.438687117540113,FALSE,TRUE,38
"1.2.1.2.2.2.2.1.2.3.2.2.2.2.2.2.2.2.2.3.1.2",0.621669899217566,FALSE,TRUE,38
"1.2.1.2.2.2.2.1.2.3.2.2.2.2.2.2.2.2.2.3.2.1",0.571043818002002,FALSE,TRUE,38
"3.2.3.2.2.2.2.3.3.2.2.2.1.2.2.2.2.1.1.2.2.2",0.495774777341134,FALSE,TRUE,39
"2.3.3.2.2.2.2.3.3.2.2.2.1.2.2.2.2.1.1.2.2.2",0.496894738916127,FALSE,TRUE,39
"2.2.4.2.2.2.2.3.3.2.2.2.1.2.2.2.2.1.1.2.2.2",0.656827686828554,FALSE,TRUE,39
"2.2.3.3.2.2.2.3.3.2.2.2.1.2.2.2.2.1.1.2.2.2",0.692803833222716,FALSE,TRUE,37
"2.2.3.2.3.2.2.3.3.2.2.2.1.2.2.2.2.1.1.2.2.2",0.544502318209682,FALSE,TRUE,39
"2.2.3.2.2.3.2.3.3.2.2.2.1.2.2.2.2.1.1.2.2.2",0.569937106307303,FALSE,TRUE,39
"2.2.3.2.2.2.3.3.3.2.2.2.1.2.2.2.2.1.1.2.2.2",0.514863669869959,FALSE,TRUE,39
"2.2.3.2.2.2.2.4.3.2.2.2.1.2.2.2.2.1.1.2.2.2",0.575623869345666,FALSE,TRUE,40
"2.2.3.2.2.2.2.3.4.2.2.2.1.2.2.2.2.1.1.2.2.2",0.687274053362864,FALSE,TRUE,39
"2.2.3.2.2.2.2.3.3.3.2.2.1.2.2.2.2.1.1.2.2.2",0.617713569103971,FALSE,TRUE,39
"2.2.3.2.2.2.2.3.3.2.3.2.1.2.2.2.2.1.1.2.2.2",0.536576295138516,FALSE,TRUE,39
"2.2.3.2.2.2.2.3.3.2.2.3.1.2.2.2.2.1.1.2.2.2",0.65952514529953,FALSE,TRUE,39
"2.2.3.2.2.2.2.3.3.2.2.2.2.2.2.2.2.1.1.2.2.2",0.670229558948656,FALSE,TRUE,38
"2.2.3.2.2.2.2.3.3.2.2.2.1.3.2.2.2.1.1.2.2.2",0.536370583462075,FALSE,TRUE,39
"2.2.3.2.2.2.2.3.3.2.2.2.1.2.3.2.2.1.1.2.2.2",0.469623286018684,FALSE,TRUE,39
"2.2.3.2.2.2.2.3.3.2.2.2.1.2.2.3.2.1.1.2.2.2",0.665959630993418,FALSE,TRUE,39
"2.2.3.2.2.2.2.3.3.2.2.2.1.2.2.2.3.1.1.2.2.2",0.590385571934114,FALSE,TRUE,39
"2.2.3.2.2.2.2.3.3.2.2.2.1.2.2.2.2.2.1.2.2.2",0.594970860274745,FALSE,TRUE,40
"2.2.3.2.2.2.2.3.3.2.2.2.1.2.2.2.2.1.2.2.2.2",0.581329597564983,FALSE,TRUE,40
"2.2.3.2.2.2.2.3.3.2.2.2.1.2.2.2.2.1.1.3.2.2",0.618603230770835,FALSE,TRUE,39
"2.2.3.2.2.2.2.3.3.2.2.2.1.2.2.2.2.1.1.2.3.2",0.566396987612047,FALSE,TRUE,39
"2.2.3.2.2.2.2.3.3.2.2.2.1.2.2.2.2.1.1.2.2.3",0.552319546687277,FALSE,TRUE,39
"1.2.3.2.2.2.2.3.3.2.2.2.1.2.2.2.2.1.1.2.2.2",0.691293241526055,FALSE,TRUE,38
"2.1.3.2.2.2.2.3.3.2.2.2.1.2.2.2.2.1.1.2.2.2",0.711419484880515,FALSE,TRUE,38
"2.2.2.2.2.2.2.3.3.2.2.2.1.2.2.2.2.1.1.2.2.2",0.597815192506981,FALSE,TRUE,39
"2.2.3.1.2.2.2.3.3.2.2.2.1.2.2.2.2.1.1.2.2.2",0.57447293695357,FALSE,TRUE,38
"2.2.3.2.1.2.2.3.3.2.2.2.1.2.2.2.2.1.1.2.2.2",0.630999760545935,FALSE,TRUE,38
"2.2.3.2.2.1.2.3.3.2.2.2.1.2.2.2.2.1.1.2.2.2",0.678588015111594,FALSE,TRUE,38
"2.2.3.2.2.2.1.3.3.2.2.2.1.2.2.2.2.1.1.2.2.2",0.650305300465441,FALSE,TRUE,38
"2.2.3.2.2.2.2.3.3.1.2.2.1.2.2.2.2.1.1.2.2.2",0.595390357989822,FALSE,TRUE,38
"2.2.3.2.2.2.2.3.3.2.1.2.1.2.2.2.2.1.1.2.2.2",0.634512151027508,FALSE,TRUE,38
"2.2.3.2.2.2.2.3.3.2.2.1.1.2.2.2.2.1.1.2.2.2",0.55049724385939,FALSE,TRUE,38
"2.2.3.2.2.2.2.3.3.2.2.2.1.1.2.2.2.1.1.2.2.2",0.610720693480171,FALSE,TRUE,38
"2.2.3.2.2.2.2.3.3.2.2.2.1.2.1.2.2.1.1.2.2.2",0.702801684146971,FALSE,TRUE,38
"2.2.3.2.2.2.2.3.3.2.2.2.1.2.2.1.2.1.1.2.2.2",0.561392280234968,FALSE,TRUE,38
"2.2.3.2.2.2.2.3.3.2.2.2.1.2.2.2.1.1.1.2.2.2",0.617624023866664,FALSE,TRUE,38
"2.2.3.2.2.2.2.3.3.2.2.2.1.2.2.2.2.1.1.1.2.2",0.61477399464701,FALSE,TRUE,38
"2.2.3.2.2.2.2.3.3.2.2.2.1.2.2.2.2.1.1.2.1.2",0.658895990370686,FALSE,TRUE,38
"2.2.3.2.2.2.2.3.3.2.2.2.1.2.2.2.2.1.1.2.2.1",0.630038257358811,FALSE,TRUE,38
