"karyotype","fitness","is_fq","is_nn","boundary_degree"
"2.2.2.2.2.2.2.2.2.2.2.2.2.2.2.2.2.2.2.2.2.2",0.505794803847558,TRUE,FALSE,0
"2.2.2.2.2.2.2.2.2.2.2.2.2.2.1.2.2.2.2.2.2.2",0.454931155260305,TRUE,FALSE,0
"2.2.2.2.2.2.2.2.2.2.2.2.2.2.1.2.2.1.2.2.2.2",0.453303438269069,TRUE,FALSE,0
"2.2.2.2.2.1.2.2.2.2.2.2.2.2.1.2.2.1.2.2.2.2",0.461599589577855,TRUE,FALSE,0
"2.2.2.2.2.2.2.1.2.2.2.2.2.2.1.2.2.2.2.2.2.2",0.379384707041487,TRUE,FALSE,0
"2.2.2.2.2.2.3.1.2.2.2.2.2.2.1.2.2.2.2.2.2.2",0.345790336222831,TRUE,FALSE,0
"3.2.2.2.2.2.2.2.2.2.2.2.2.2.1.2.2.1.2.2.2.2",0.467509179752128,TRUE,FALSE,0
"3.1.2.2.2.2.2.2.2.2.2.2.2.2.1.2.2.1.2.2.2.2",0.451798333413928,TRUE,FALSE,0
"2.2.2.2.2.2.2.2.2.2.2.2.2.2.1.2.2.1.2.2.2.3",0.496287232033541,TRUE,FALSE,0
"2.2.2.2.2.2.2.2.2.2.2.2.2.2.2.2.2.2.1.2.2.2",0.450857884462634,TRUE,FALSE,0
"3.1.2.2.2.2.2.2.2.2.2.2.2.2.1.1.2.1.2.2.2.2",0.455231450184713,TRUE,FALSE,0
"2.2.2.2.2.2.2.2.2.2.2.2.2.2.1.1.2.1.2.2.2.3",0.498826279809053,TRUE,FALSE,0
"2.2.2.1.2.2.2.2.2.2.2.2.2.2.2.2.2.2.2.2.2.2",0.490773284436433,TRUE,FALSE,0
"3.2.2.2.2.2.2.2.2.2.2.2.2.2.1.2.2.1.2.1.2.2",0.45229740199928,TRUE,FALSE,0
"3.2.2.2.1.2.2.2.2.2.2.2.2.2.1.2.2.1.2.2.2.2",0.475101008060011,TRUE,FALSE,0
"2.1.2.2.2.2.2.2.2.2.2.2.2.2.2.2.2.2.2.2.2.2",0.518270370165298,TRUE,FALSE,0
"2.2.2.2.2.2.2.2.2.2.2.2.2.2.1.2.2.2.2.3.2.2",0.459823994188616,TRUE,FALSE,0
"2.2.2.2.2.2.2.2.2.2.2.2.2.2.2.2.2.2.2.1.2.2",0.495415512843308,TRUE,FALSE,0
"3.1.2.2.2.2.2.2.2.2.2.2.3.2.1.1.2.1.2.2.2.2",0.4101635199723,TRUE,FALSE,0
"3.2.2.2.2.2.2.2.2.2.2.3.2.2.1.2.2.1.2.1.2.2",0.462469450785248,TRUE,FALSE,0
"3.2.2.2.2.2.2.1.2.2.2.2.2.2.1.2.2.1.2.2.2.2",0.402104675789619,TRUE,FALSE,0
"3.1.2.2.2.2.2.2.2.1.2.2.2.2.1.1.2.1.2.2.2.2",0.476019495898425,TRUE,FALSE,0
"3.2.2.2.1.2.2.2.2.2.2.2.2.1.1.2.2.1.2.2.2.2",0.486807895681397,TRUE,FALSE,0
"3.2.2.2.2.3.2.2.2.2.2.2.2.2.1.2.2.1.2.2.2.2",0.449381076373535,TRUE,FALSE,0
"3.1.2.2.2.2.2.3.2.2.2.2.2.2.1.1.2.1.2.2.2.2",0.509661345245981,TRUE,FALSE,0
"3.2.2.1.2.2.2.2.2.2.2.2.2.2.2.2.2.2.2.2.2.2",0.499723292238622,TRUE,FALSE,0
"4.2.2.2.1.2.2.2.2.2.2.2.2.2.1.2.2.1.2.2.2.2",0.480362653239578,TRUE,FALSE,0
"3.1.2.2.1.2.2.2.2.2.2.2.2.1.1.2.2.1.2.2.2.2",0.465848221619328,TRUE,FALSE,0
"3.2.2.1.2.2.2.2.2.2.2.2.2.2.2.2.2.2.2.2.1.2",0.515021794655206,TRUE,FALSE,0
"2.2.2.2.3.2.2.2.2.2.2.2.2.2.2.2.2.2.1.2.2.2",0.434548354740136,TRUE,FALSE,0
"3.2.2.2.2.2.2.1.2.1.2.2.2.2.1.2.2.1.2.2.2.2",0.427070457081416,TRUE,FALSE,0
"3.1.2.2.1.2.2.2.3.2.2.2.2.1.1.2.2.1.2.2.2.2",0.433454911799951,TRUE,FALSE,0
"3.2.2.1.2.2.2.2.2.3.2.2.2.2.2.2.2.2.2.2.2.2",0.467913246441058,TRUE,FALSE,0
"3.2.3.1.2.2.2.2.2.2.2.2.2.2.2.2.2.2.2.2.1.2",0.48430226191946,TRUE,FALSE,0
"3.1.2.2.2.2.2.2.2.2.2.2.3.2.1.1.2.1.2.2.3.2",0.413397184571999,TRUE,FALSE,0
"2.2.2.1.2.2.2.2.2.2.2.2.2.2.2.2.2.2.3.2.2.2",0.522378177466178,TRUE,FALSE,0
"3.2.2.2.2.2.1.1.2.2.2.2.2.2.1.2.2.1.2.2.2.2",0.428754961162849,TRUE,FALSE,0
"3.2.2.1.2.2.2.2.3.3.2.2.2.2.2.2.2.2.2.2.2.2",0.433883900242651,TRUE,FALSE,0
"3.2.2.1.2.2.2.2.2.2.2.2.2.3.2.2.2.2.2.2.2.2",0.475215854774096,TRUE,FALSE,0
"3.1.2.3.2.2.2.3.2.2.2.2.2.2.1.1.2.1.2.2.2.2",0.528412906624226,TRUE,FALSE,0
"2.2.2.1.2.2.2.2.2.2.2.2.2.2.2.2.2.3.3.2.2.2",0.516492207750679,TRUE,FALSE,0
"3.1.2.2.2.2.2.2.2.2.2.2.2.2.1.2.2.1.2.3.2.2",0.47408443387623,TRUE,FALSE,0
"3.2.2.2.2.2.2.1.3.2.2.2.2.2.1.2.2.1.2.2.2.2",0.37045155611365,TRUE,FALSE,0
"3.2.2.2.2.3.2.2.2.2.2.2.2.2.1.1.2.1.2.2.2.2",0.448145164354298,TRUE,FALSE,0
"3.2.2.2.2.2.2.2.2.2.2.2.2.2.1.2.2.2.2.2.2.2",0.471593473847333,TRUE,FALSE,0
"2.2.2.2.2.1.2.2.2.2.1.2.2.2.1.2.2.1.2.2.2.2",0.43177707335268,TRUE,FALSE,0
"2.2.2.2.2.2.2.2.2.3.2.2.2.2.2.2.2.2.2.2.2.2",0.467967532618754,TRUE,FALSE,0
"3.1.2.3.2.2.2.2.2.2.2.2.2.2.1.2.2.1.2.3.2.2",0.487639324937315,TRUE,FALSE,0
"3.2.2.2.2.3.2.2.2.2.2.2.2.2.1.1.2.1.2.2.2.1",0.406051149420489,TRUE,FALSE,0
"1.2.2.2.2.2.2.2.2.2.2.2.2.2.1.2.2.2.2.3.2.2",0.437998627400126,TRUE,FALSE,0
"3.2.2.2.2.2.2.2.2.2.2.2.2.2.2.2.2.2.2.2.2.2",0.517181423501123,FALSE,TRUE,34
"2.3.2.2.2.2.2.2.2.2.2.2.2.2.2.2.2.2.2.2.2.2",0.479130489231159,FALSE,TRUE,38
"2.2.3.2.2.2.2.2.2.2.2.2.2.2.2.2.2.2.2.2.2.2",0.456984753727285,FALSE,TRUE,37
"2.2.2.3.2.2.2.2.2.2.2.2.2.2.2.2.2.2.2.2.2.2",0.510419355906996,FALSE,TRUE,38
"2.2.2.2.3.2.2.2.2.2.2.2.2.2.2.2.2.2.2.2.2.2",0.492344829278179,FALSE,TRUE,37
"2.2.2.2.2.3.2.2.2.2.2.2.2.2.2.2.2.2.2.2.2.2",0.464272398753922,FALSE,TRUE,37
"2.2.2.2.2.2.3.2.2.2.2.2.2.2.2.2.2.2.2.2.2.2",0.461342054003424,FALSE,TRUE,36
"2.2.2.2.2.2.2.3.2.2.2.2.2.2.2.2.2.2.2.2.2.2",0.576216578930372,FALSE,TRUE,37
"2.2.2.2.2.2.2.2.3.2.2.2.2.2.2.2.2.2.2.2.2.2",0.455531673415119,FALSE,TRUE,37
"2.2.2.2.2.2.2.2.2.2.3.2.2.2.2.2.2.2.2.2.2.2",0.520791946440191,FALSE,TRUE,37
"2.2.2.2.2.2.2.2.2.2.2.3.2.2.2.2.2.2.2.2.2.2",0.500399033432753,FALSE,TRUE,37
"2.2.2.2.2.2.2.2.2.2.2.2.3.2.2.2.2.2.2.2.2.2",0.462554851173268,FALSE,TRUE,37
"2.2.2.2.2.2.2.2.2.2.2.2.2.3.2.2.2.2.2.2.2.2",0.476224765663272,FALSE,TRUE,36
"2.2.2.2.2.2.2.2.2.2.2.2.2.2.3.2.2.2.2.2.2.2",0.537910434179486,FALSE,TRUE,38
"2.2.2.2.2.2.2.2.2.2.2.2.2.2.2.3.2.2.2.2.2.2",0.487212841030367,FALSE,TRUE,37
"2.2.2.2.2.2.2.2.2.2.2.2.2.2.2.2.3.2.2.2.2.2",0.488207258358349,FALSE,TRUE,37
"2.2.2.2.2.2.2.2.2.2.2.2.2.2.2.2.2.3.2.2.2.2",0.495796538555736,FALSE,TRUE,36
"2.2.2.2.2.2.2.2.2.2.2.2.2.2.2.2.2.2.3.2.2.2",0.544232788433623,FALSE,TRUE,37
"2.2.2.2.2.2.2.2.2.2.2.2.2.2.2.2.2.2.2.3.2.2",0.508443509908632,FALSE,TRUE,37
"2.2.2.2.2.2.2.2.2.2.2.2.2.2.2.2.2.2.2.2.3.2",0.485348883882892,FALSE,TRUE,37
"2.2.2.2.2.2.2.2.2.2.2.2.2.2.2.2.2.2.2.2.2.3",0.55140951393869,FALSE,TRUE,36
"1.2.2.2.2.2.2.2.2.2.2.2.2.2.2.2.2.2.2.2.2.2",0.488854722768427,FALSE,TRUE,35
"2.2.1.2.2.2.2.2.2.2.2.2.2.2.2.2.2.2.2.2.2.2",0.531735767271948,FALSE,TRUE,36
"2.2.2.2.1.2.2.2.2.2.2.2.2.2.2.2.2.2.2.2.2.2",0.514701460456895,FALSE,TRUE,36
"2.2.2.2.2.1.2.2.2.2.2.2.2.2.2.2.2.2.2.2.2.2",0.536093658800217,FALSE,TRUE,35
"2.2.2.2.2.2.1.2.2.2.2.2.2.2.2.2.2.2.2.2.2.2",0.548413350758804,FALSE,TRUE,36
"2.2.2.2.2.2.2.1.2.2.2.2.2.2.2.2.2.2.2.2.2.2",0.426786147775237,FALSE,TRUE,35
"2.2.2.2.2.2.2.2.1.2.2.2.2.2.2.2.2.2.2.2.2.2",0.548417364076374,FALSE,TRUE,36
"2.2.2.2.2.2.2.2.2.1.2.2.2.2.2.2.2.2.2.2.2.2",0.532030625014928,FALSE,TRUE,37
"2.2.2.2.2.2.2.2.2.2.1.2.2.2.2.2.2.2.2.2.2.2",0.481658203242476,FALSE,TRUE,36
"2.2.2.2.2.2.2.2.2.2.2.1.2.2.2.2.2.2.2.2.2.2",0.505907422551254,FALSE,TRUE,36
"2.2.2.2.2.2.2.2.2.2.2.2.1.2.2.2.2.2.2.2.2.2",0.534473911302788,FALSE,TRUE,36
"2.2.2.2.2.2.2.2.2.2.2.2.2.1.2.2.2.2.2.2.2.2",0.528654314790942,FALSE,TRUE,36
"2.2.2.2.2.2.2.2.2.2.2.2.2.2.2.1.2.2.2.2.2.2",0.505956505901772,FALSE,TRUE,36
"2.2.2.2.2.2.2.2.2.2.2.2.2.2.2.2.1.2.2.2.2.2",0.51591935878899,FALSE,TRUE,36
"2.2.2.2.2.2.2.2.2.2.2.2.2.2.2.2.2.1.2.2.2.2",0.506188441886996,FALSE,TRUE,33
"2.2.2.2.2.2.2.2.2.2.2.2.2.2.2.2.2.2.2.2.1.2",0.516268273986545,FALSE,TRUE,35
"2.2.2.2.2.2.2.2.2.2.2.2.2.2.2.2.2.2.2.2.2.1",0.452464280148181,FALSE,TRUE,36
"2.3.2.2.2.2.2.2.2.2.2.2.2.2.1.2.2.2.2.2.2.2",0.435727599407155,FALSE,TRUE,37
"2.2.3.2.2.2.2.2.2.2.2.2.2.2.1.2.2.2.2.2.2.2",0.413132929546028,FALSE,TRUE,37
"2.2.2.3.2.2.2.2.2.2.2.2.2.2.1.2.2.2.2.2.2.2",0.453925920983714,FALSE,TRUE,37
"2.2.2.2.3.2.2.2.2.2.2.2.2.2.1.2.2.2.2.2.2.2",0.439513696603871,FALSE,TRUE,36
"2.2.2.2.2.3.2.2.2.2.2.2.2.2.1.2.2.2.2.2.2.2",0.428309072944661,FALSE,TRUE,37
"2.2.2.2.2.2.3.2.2.2.2.2.2.2.1.2.2.2.2.2.2.2",0.419011134331429,FALSE,TRUE,37
"2.2.2.2.2.2.2.3.2.2.2.2.2.2.1.2.2.2.2.2.2.2",0.523412278637041,FALSE,TRUE,38
"2.2.2.2.2.2.2.2.3.2.2.2.2.2.1.2.2.2.2.2.2.2",0.404722678524394,FALSE,TRUE,37
"2.2.2.2.2.2.2.2.2.3.2.2.2.2.1.2.2.2.2.2.2.2",0.415684984319458,FALSE,TRUE,37
"2.2.2.2.2.2.2.2.2.2.3.2.2.2.1.2.2.2.2.2.2.2",0.470565218112102,FALSE,TRUE,37
"2.2.2.2.2.2.2.2.2.2.2.3.2.2.1.2.2.2.2.2.2.2",0.448587298068467,FALSE,TRUE,37
"2.2.2.2.2.2.2.2.2.2.2.2.3.2.1.2.2.2.2.2.2.2",0.403273631775604,FALSE,TRUE,37
"2.2.2.2.2.2.2.2.2.2.2.2.2.3.1.2.2.2.2.2.2.2",0.432025449320803,FALSE,TRUE,37
"2.2.2.2.2.2.2.2.2.2.2.2.2.2.1.3.2.2.2.2.2.2",0.439959532904458,FALSE,TRUE,37
"2.2.2.2.2.2.2.2.2.2.2.2.2.2.1.2.3.2.2.2.2.2",0.43597934302928,FALSE,TRUE,37
"2.2.2.2.2.2.2.2.2.2.2.2.2.2.1.2.2.3.2.2.2.2",0.447499508389665,FALSE,TRUE,38
"2.2.2.2.2.2.2.2.2.2.2.2.2.2.1.2.2.2.3.2.2.2",0.49420668857166,FALSE,TRUE,36
"2.2.2.2.2.2.2.2.2.2.2.2.2.2.1.2.2.2.2.2.3.2",0.445576379726265,FALSE,TRUE,37
"2.2.2.2.2.2.2.2.2.2.2.2.2.2.1.2.2.2.2.2.2.3",0.502914583035801,FALSE,TRUE,36
"1.2.2.2.2.2.2.2.2.2.2.2.2.2.1.2.2.2.2.2.2.2",0.43341810567747,FALSE,TRUE,37
"2.1.2.2.2.2.2.2.2.2.2.2.2.2.1.2.2.2.2.2.2.2",0.460310439736043,FALSE,TRUE,36
"2.2.1.2.2.2.2.2.2.2.2.2.2.2.1.2.2.2.2.2.2.2",0.473873297717347,FALSE,TRUE,36
"2.2.2.1.2.2.2.2.2.2.2.2.2.2.1.2.2.2.2.2.2.2",0.445692876024913,FALSE,TRUE,35
"2.2.2.2.1.2.2.2.2.2.2.2.2.2.1.2.2.2.2.2.2.2",0.46585796253611,FALSE,TRUE,36
"2.2.2.2.2.1.2.2.2.2.2.2.2.2.1.2.2.2.2.2.2.2",0.470404624423556,FALSE,TRUE,35
"2.2.2.2.2.2.1.2.2.2.2.2.2.2.1.2.2.2.2.2.2.2",0.489023885500903,FALSE,TRUE,36
"2.2.2.2.2.2.2.2.1.2.2.2.2.2.1.2.2.2.2.2.2.2",0.498056226155493,FALSE,TRUE,36
"2.2.2.2.2.2.2.2.2.1.2.2.2.2.1.2.2.2.2.2.2.2",0.483303679043167,FALSE,TRUE,36
"2.2.2.2.2.2.2.2.2.2.1.2.2.2.1.2.2.2.2.2.2.2",0.430343053115685,FALSE,TRUE,35
"2.2.2.2.2.2.2.2.2.2.2.1.2.2.1.2.2.2.2.2.2.2",0.455588155742843,FALSE,TRUE,36
"2.2.2.2.2.2.2.2.2.2.2.2.1.2.1.2.2.2.2.2.2.2",0.492080161284605,FALSE,TRUE,36
"2.2.2.2.2.2.2.2.2.2.2.2.2.1.1.2.2.2.2.2.2.2",0.471035919272966,FALSE,TRUE,36
"2.2.2.2.2.2.2.2.2.2.2.2.2.2.1.1.2.2.2.2.2.2",0.451457714398246,FALSE,TRUE,35
"2.2.2.2.2.2.2.2.2.2.2.2.2.2.1.2.1.2.2.2.2.2",0.466774267007599,FALSE,TRUE,36
"2.2.2.2.2.2.2.2.2.2.2.2.2.2.1.2.2.2.1.2.2.2",0.400524657203461,FALSE,TRUE,35
"2.2.2.2.2.2.2.2.2.2.2.2.2.2.1.2.2.2.2.1.2.2",0.444041194411358,FALSE,TRUE,37
"2.2.2.2.2.2.2.2.2.2.2.2.2.2.1.2.2.2.2.2.1.2",0.455286644418785,FALSE,TRUE,36
"2.2.2.2.2.2.2.2.2.2.2.2.2.2.1.2.2.2.2.2.2.1",0.401493531471185,FALSE,TRUE,36
"2.3.2.2.2.2.2.2.2.2.2.2.2.2.1.2.2.1.2.2.2.2",0.446786520911145,FALSE,TRUE,37
"2.2.3.2.2.2.2.2.2.2.2.2.2.2.1.2.2.1.2.2.2.2",0.421420943152081,FALSE,TRUE,37
"2.2.2.3.2.2.2.2.2.2.2.2.2.2.1.2.2.1.2.2.2.2",0.455799921435293,FALSE,TRUE,37
"2.2.2.2.3.2.2.2.2.2.2.2.2.2.1.2.2.1.2.2.2.2",0.437354482516861,FALSE,TRUE,37
"2.2.2.2.2.3.2.2.2.2.2.2.2.2.1.2.2.1.2.2.2.2",0.433356771473112,FALSE,TRUE,37
"2.2.2.2.2.2.3.2.2.2.2.2.2.2.1.2.2.1.2.2.2.2",0.424003836977167,FALSE,TRUE,36
"2.2.2.2.2.2.2.3.2.2.2.2.2.2.1.2.2.1.2.2.2.2",0.515120324112087,FALSE,TRUE,37
"2.2.2.2.2.2.2.2.3.2.2.2.2.2.1.2.2.1.2.2.2.2",0.41056203314763,FALSE,TRUE,36
"2.2.2.2.2.2.2.2.2.3.2.2.2.2.1.2.2.1.2.2.2.2",0.420824634995803,FALSE,TRUE,36
"2.2.2.2.2.2.2.2.2.2.3.2.2.2.1.2.2.1.2.2.2.2",0.469806690942961,FALSE,TRUE,37
"2.2.2.2.2.2.2.2.2.2.2.3.2.2.1.2.2.1.2.2.2.2",0.450094732418986,FALSE,TRUE,36
"2.2.2.2.2.2.2.2.2.2.2.2.3.2.1.2.2.1.2.2.2.2",0.404129243731871,FALSE,TRUE,37
"2.2.2.2.2.2.2.2.2.2.2.2.2.3.1.2.2.1.2.2.2.2",0.437288154794135,FALSE,TRUE,37
"2.2.2.2.2.2.2.2.2.2.2.2.2.2.1.3.2.1.2.2.2.2",0.434117363789088,FALSE,TRUE,37
"2.2.2.2.2.2.2.2.2.2.2.2.2.2.1.2.3.1.2.2.2.2",0.43528914657989,FALSE,TRUE,37
"2.2.2.2.2.2.2.2.2.2.2.2.2.2.1.2.2.1.3.2.2.2",0.492313989081045,FALSE,TRUE,37
"2.2.2.2.2.2.2.2.2.2.2.2.2.2.1.2.2.1.2.3.2.2",0.462664699011137,FALSE,TRUE,35
"2.2.2.2.2.2.2.2.2.2.2.2.2.2.1.2.2.1.2.2.3.2",0.446112569976133,FALSE,TRUE,37
"1.2.2.2.2.2.2.2.2.2.2.2.2.2.1.2.2.1.2.2.2.2",0.434307544311008,FALSE,TRUE,36
"2.1.2.2.2.2.2.2.2.2.2.2.2.2.1.2.2.1.2.2.2.2",0.445082089569363,FALSE,TRUE,33
"2.2.1.2.2.2.2.2.2.2.2.2.2.2.1.2.2.1.2.2.2.2",0.461029380129026,FALSE,TRUE,36
"2.2.2.1.2.2.2.2.2.2.2.2.2.2.1.2.2.1.2.2.2.2",0.43966349543908,FALSE,TRUE,35
"2.2.2.2.1.2.2.2.2.2.2.2.2.2.1.2.2.1.2.2.2.2",0.46432009804957,FALSE,TRUE,35
"2.2.2.2.2.2.1.2.2.2.2.2.2.2.1.2.2.1.2.2.2.2",0.47917170622735,FALSE,TRUE,35
"2.2.2.2.2.2.2.1.2.2.2.2.2.2.1.2.2.1.2.2.2.2",0.384768344578684,FALSE,TRUE,32
"2.2.2.2.2.2.2.2.1.2.2.2.2.2.1.2.2.1.2.2.2.2",0.487649954089138,FALSE,TRUE,36
"2.2.2.2.2.2.2.2.2.1.2.2.2.2.1.2.2.1.2.2.2.2",0.473877711629114,FALSE,TRUE,35
"2.2.2.2.2.2.2.2.2.2.1.2.2.2.1.2.2.1.2.2.2.2",0.427056050363275,FALSE,TRUE,36
"2.2.2.2.2.2.2.2.2.2.2.1.2.2.1.2.2.1.2.2.2.2",0.450281097486738,FALSE,TRUE,36
"2.2.2.2.2.2.2.2.2.2.2.2.1.2.1.2.2.1.2.2.2.2",0.487343372930676,FALSE,TRUE,36
"2.2.2.2.2.2.2.2.2.2.2.2.2.1.1.2.2.1.2.2.2.2",0.461821031295695,FALSE,TRUE,35
"2.2.2.2.2.2.2.2.2.2.2.2.2.2.1.1.2.1.2.2.2.2",0.453414388522883,FALSE,TRUE,34
"2.2.2.2.2.2.2.2.2.2.2.2.2.2.1.2.1.1.2.2.2.2",0.463167290612948,FALSE,TRUE,36
"2.2.2.2.2.2.2.2.2.2.2.2.2.2.1.2.2.1.1.2.2.2",0.398840867888497,FALSE,TRUE,35
"2.2.2.2.2.2.2.2.2.2.2.2.2.2.1.2.2.1.2.1.2.2",0.437418104257702,FALSE,TRUE,34
"2.2.2.2.2.2.2.2.2.2.2.2.2.2.1.2.2.1.2.2.1.2",0.451284854364884,FALSE,TRUE,36
"2.2.2.2.2.2.2.2.2.2.2.2.2.2.1.2.2.1.2.2.2.1",0.404703691493967,FALSE,TRUE,37
"3.2.2.2.2.1.2.2.2.2.2.2.2.2.1.2.2.1.2.2.2.2",0.473841666889253,FALSE,TRUE,33
"2.3.2.2.2.1.2.2.2.2.2.2.2.2.1.2.2.1.2.2.2.2",0.462716384980706,FALSE,TRUE,38
"2.2.3.2.2.1.2.2.2.2.2.2.2.2.1.2.2.1.2.2.2.2",0.437882689976368,FALSE,TRUE,38
"2.2.2.3.2.1.2.2.2.2.2.2.2.2.1.2.2.1.2.2.2.2",0.463873547095656,FALSE,TRUE,38
"2.2.2.2.3.1.2.2.2.2.2.2.2.2.1.2.2.1.2.2.2.2",0.44635826425112,FALSE,TRUE,38
"2.2.2.2.2.1.3.2.2.2.2.2.2.2.1.2.2.1.2.2.2.2",0.437172393501847,FALSE,TRUE,38
"2.2.2.2.2.1.2.3.2.2.2.2.2.2.1.2.2.1.2.2.2.2",0.521826751247646,FALSE,TRUE,38
"2.2.2.2.2.1.2.2.3.2.2.2.2.2.1.2.2.1.2.2.2.2",0.418385518941317,FALSE,TRUE,38
"2.2.2.2.2.1.2.2.2.3.2.2.2.2.1.2.2.1.2.2.2.2",0.426666201823349,FALSE,TRUE,38
"2.2.2.2.2.1.2.2.2.2.3.2.2.2.1.2.2.1.2.2.2.2",0.481186432353728,FALSE,TRUE,39
"2.2.2.2.2.1.2.2.2.2.2.3.2.2.1.2.2.1.2.2.2.2",0.460153512244624,FALSE,TRUE,38
"2.2.2.2.2.1.2.2.2.2.2.2.3.2.1.2.2.1.2.2.2.2",0.407136811563865,FALSE,TRUE,38
"2.2.2.2.2.1.2.2.2.2.2.2.2.3.1.2.2.1.2.2.2.2",0.447475937314799,FALSE,TRUE,38
"2.2.2.2.2.1.2.2.2.2.2.2.2.2.2.2.2.1.2.2.2.2",0.529709799046494,FALSE,TRUE,38
"2.2.2.2.2.1.2.2.2.2.2.2.2.2.1.3.2.1.2.2.2.2",0.442509290147511,FALSE,TRUE,38
"2.2.2.2.2.1.2.2.2.2.2.2.2.2.1.2.3.1.2.2.2.2",0.438068193609795,FALSE,TRUE,38
"2.2.2.2.2.1.2.2.2.2.2.2.2.2.1.2.2.1.3.2.2.2",0.503525685632134,FALSE,TRUE,38
"2.2.2.2.2.1.2.2.2.2.2.2.2.2.1.2.2.1.2.3.2.2",0.47584646601421,FALSE,TRUE,37
"2.2.2.2.2.1.2.2.2.2.2.2.2.2.1.2.2.1.2.2.3.2",0.459682048890999,FALSE,TRUE,38
"2.2.2.2.2.1.2.2.2.2.2.2.2.2.1.2.2.1.2.2.2.3",0.50435375157188,FALSE,TRUE,37
"1.2.2.2.2.1.2.2.2.2.2.2.2.2.1.2.2.1.2.2.2.2",0.443252235939573,FALSE,TRUE,37
"2.1.2.2.2.1.2.2.2.2.2.2.2.2.1.2.2.1.2.2.2.2",0.44468790105646,FALSE,TRUE,36
"2.2.1.2.2.1.2.2.2.2.2.2.2.2.1.2.2.1.2.2.2.2",0.460922431199628,FALSE,TRUE,37
"2.2.2.1.2.1.2.2.2.2.2.2.2.2.1.2.2.1.2.2.2.2",0.447400601375037,FALSE,TRUE,37
"2.2.2.2.1.1.2.2.2.2.2.2.2.2.1.2.2.1.2.2.2.2",0.471244458983433,FALSE,TRUE,36
"2.2.2.2.2.1.1.2.2.2.2.2.2.2.1.2.2.1.2.2.2.2",0.481442928575642,FALSE,TRUE,37
"2.2.2.2.2.1.2.1.2.2.2.2.2.2.1.2.2.1.2.2.2.2",0.393883800134185,FALSE,TRUE,35
"2.2.2.2.2.1.2.2.1.2.2.2.2.2.1.2.2.1.2.2.2.2",0.495474091319175,FALSE,TRUE,37
"2.2.2.2.2.1.2.2.2.1.2.2.2.2.1.2.2.1.2.2.2.2",0.483338956823966,FALSE,TRUE,37
"2.2.2.2.2.1.2.2.2.2.2.1.2.2.1.2.2.1.2.2.2.2",0.456163762334683,FALSE,TRUE,37
"2.2.2.2.2.1.2.2.2.2.2.2.1.2.1.2.2.1.2.2.2.2",0.500543391703054,FALSE,TRUE,37
"2.2.2.2.2.1.2.2.2.2.2.2.2.1.1.2.2.1.2.2.2.2",0.467607752447155,FALSE,TRUE,37
"2.2.2.2.2.1.2.2.2.2.2.2.2.2.1.1.2.1.2.2.2.2",0.461412855339074,FALSE,TRUE,36
"2.2.2.2.2.1.2.2.2.2.2.2.2.2.1.2.1.1.2.2.2.2",0.476055229322756,FALSE,TRUE,37
"2.2.2.2.2.1.2.2.2.2.2.2.2.2.1.2.2.1.1.2.2.2",0.404037557746354,FALSE,TRUE,37
"2.2.2.2.2.1.2.2.2.2.2.2.2.2.1.2.2.1.2.1.2.2",0.439959025055036,FALSE,TRUE,36
"2.2.2.2.2.1.2.2.2.2.2.2.2.2.1.2.2.1.2.2.1.2",0.452665404399666,FALSE,TRUE,37
"2.2.2.2.2.1.2.2.2.2.2.2.2.2.1.2.2.1.2.2.2.1",0.413018271770097,FALSE,TRUE,37
"3.2.2.2.2.2.2.1.2.2.2.2.2.2.1.2.2.2.2.2.2.2",0.399665694484303,FALSE,TRUE,35
"2.3.2.2.2.2.2.1.2.2.2.2.2.2.1.2.2.2.2.2.2.2",0.358470078727821,FALSE,TRUE,39
"2.2.3.2.2.2.2.1.2.2.2.2.2.2.1.2.2.2.2.2.2.2",0.33313601218408,FALSE,TRUE,39
"2.2.2.3.2.2.2.1.2.2.2.2.2.2.1.2.2.2.2.2.2.2",0.372712185442653,FALSE,TRUE,39
"2.2.2.2.3.2.2.1.2.2.2.2.2.2.1.2.2.2.2.2.2.2",0.359680782884746,FALSE,TRUE,39
"2.2.2.2.2.3.2.1.2.2.2.2.2.2.1.2.2.2.2.2.2.2",0.352304346312015,FALSE,TRUE,39
"2.2.2.2.2.2.2.1.3.2.2.2.2.2.1.2.2.2.2.2.2.2",0.330952569279828,FALSE,TRUE,37
"2.2.2.2.2.2.2.1.2.3.2.2.2.2.1.2.2.2.2.2.2.2",0.3392707988686,FALSE,TRUE,38
"2.2.2.2.2.2.2.1.2.2.3.2.2.2.1.2.2.2.2.2.2.2",0.398350500087852,FALSE,TRUE,39
"2.2.2.2.2.2.2.1.2.2.2.3.2.2.1.2.2.2.2.2.2.2",0.36950759860473,FALSE,TRUE,39
"2.2.2.2.2.2.2.1.2.2.2.2.3.2.1.2.2.2.2.2.2.2",0.324639260168725,FALSE,TRUE,39
"2.2.2.2.2.2.2.1.2.2.2.2.2.3.1.2.2.2.2.2.2.2",0.356339346116876,FALSE,TRUE,39
"2.2.2.2.2.2.2.1.2.2.2.2.2.2.1.3.2.2.2.2.2.2",0.363951885111995,FALSE,TRUE,39
"2.2.2.2.2.2.2.1.2.2.2.2.2.2.1.2.3.2.2.2.2.2",0.369991759942692,FALSE,TRUE,39
"2.2.2.2.2.2.2.1.2.2.2.2.2.2.1.2.2.3.2.2.2.2",0.366108712058902,FALSE,TRUE,39
"2.2.2.2.2.2.2.1.2.2.2.2.2.2.1.2.2.2.3.2.2.2",0.42590555855801,FALSE,TRUE,39
"2.2.2.2.2.2.2.1.2.2.2.2.2.2.1.2.2.2.2.3.2.2",0.390198103558891,FALSE,TRUE,38
"2.2.2.2.2.2.2.1.2.2.2.2.2.2.1.2.2.2.2.2.3.2",0.368091255498545,FALSE,TRUE,39
"2.2.2.2.2.2.2.1.2.2.2.2.2.2.1.2.2.2.2.2.2.3",0.436744000376983,FALSE,TRUE,38
"1.2.2.2.2.2.2.1.2.2.2.2.2.2.1.2.2.2.2.2.2.2",0.356169671541264,FALSE,TRUE,37
"2.1.2.2.2.2.2.1.2.2.2.2.2.2.1.2.2.2.2.2.2.2",0.388078907836005,FALSE,TRUE,37
"2.2.1.2.2.2.2.1.2.2.2.2.2.2.1.2.2.2.2.2.2.2",0.403759289470096,FALSE,TRUE,38
"2.2.2.1.2.2.2.1.2.2.2.2.2.2.1.2.2.2.2.2.2.2",0.376513890852794,FALSE,TRUE,37
"2.2.2.2.1.2.2.1.2.2.2.2.2.2.1.2.2.2.2.2.2.2",0.39564461213611,FALSE,TRUE,38
"2.2.2.2.2.1.2.1.2.2.2.2.2.2.1.2.2.2.2.2.2.2",0.396401568617053,FALSE,TRUE,37
"2.2.2.2.2.2.1.1.2.2.2.2.2.2.1.2.2.2.2.2.2.2",0.412503105100208,FALSE,TRUE,37
"2.2.2.2.2.2.2.1.1.2.2.2.2.2.1.2.2.2.2.2.2.2",0.421464670876727,FALSE,TRUE,38
"2.2.2.2.2.2.2.1.2.1.2.2.2.2.1.2.2.2.2.2.2.2",0.411101365090743,FALSE,TRUE,36
"2.2.2.2.2.2.2.1.2.2.1.2.2.2.1.2.2.2.2.2.2.2",0.352723565902783,FALSE,TRUE,38
"2.2.2.2.2.2.2.1.2.2.2.1.2.2.1.2.2.2.2.2.2.2",0.384330168499348,FALSE,TRUE,38
"2.2.2.2.2.2.2.1.2.2.2.2.1.2.1.2.2.2.2.2.2.2",0.420899514584351,FALSE,TRUE,38
"2.2.2.2.2.2.2.1.2.2.2.2.2.1.1.2.2.2.2.2.2.2",0.396095584099898,FALSE,TRUE,38
"2.2.2.2.2.2.2.1.2.2.2.2.2.2.1.1.2.2.2.2.2.2",0.376701755268908,FALSE,TRUE,38
"2.2.2.2.2.2.2.1.2.2.2.2.2.2.1.2.1.2.2.2.2.2",0.383681604704424,FALSE,TRUE,38
"2.2.2.2.2.2.2.1.2.2.2.2.2.2.1.2.2.2.1.2.2.2",0.320156974315102,FALSE,TRUE,37
"2.2.2.2.2.2.2.1.2.2.2.2.2.2.1.2.2.2.2.1.2.2",0.36489213682846,FALSE,TRUE,37
"2.2.2.2.2.2.2.1.2.2.2.2.2.2.1.2.2.2.2.2.1.2",0.384439583691115,FALSE,TRUE,38
"2.2.2.2.2.2.2.1.2.2.2.2.2.2.1.2.2.2.2.2.2.1",0.319546287816031,FALSE,TRUE,38
"3.2.2.2.2.2.3.1.2.2.2.2.2.2.1.2.2.2.2.2.2.2",0.364410158166479,FALSE,TRUE,38
"2.3.2.2.2.2.3.1.2.2.2.2.2.2.1.2.2.2.2.2.2.2",0.317937147277118,FALSE,TRUE,40
"2.2.3.2.2.2.3.1.2.2.2.2.2.2.1.2.2.2.2.2.2.2",0.301359087778853,FALSE,TRUE,40
"2.2.2.3.2.2.3.1.2.2.2.2.2.2.1.2.2.2.2.2.2.2",0.337029428988837,FALSE,TRUE,40
"2.2.2.2.3.2.3.1.2.2.2.2.2.2.1.2.2.2.2.2.2.2",0.322541715428801,FALSE,TRUE,40
"2.2.2.2.2.3.3.1.2.2.2.2.2.2.1.2.2.2.2.2.2.2",0.314488119153841,FALSE,TRUE,40
"2.2.2.2.2.2.4.1.2.2.2.2.2.2.1.2.2.2.2.2.2.2",0.313344988868441,FALSE,TRUE,41
"2.2.2.2.2.2.3.1.3.2.2.2.2.2.1.2.2.2.2.2.2.2",0.297168403835552,FALSE,TRUE,40
"2.2.2.2.2.2.3.1.2.3.2.2.2.2.1.2.2.2.2.2.2.2",0.308549202357155,FALSE,TRUE,40
"2.2.2.2.2.2.3.1.2.2.3.2.2.2.1.2.2.2.2.2.2.2",0.366446973676781,FALSE,TRUE,40
"2.2.2.2.2.2.3.1.2.2.2.3.2.2.1.2.2.2.2.2.2.2",0.33293064911549,FALSE,TRUE,40
"2.2.2.2.2.2.3.1.2.2.2.2.3.2.1.2.2.2.2.2.2.2",0.297453783172125,FALSE,TRUE,40
"2.2.2.2.2.2.3.1.2.2.2.2.2.3.1.2.2.2.2.2.2.2",0.322844342666606,FALSE,TRUE,40
"2.2.2.2.2.2.3.1.2.2.2.2.2.2.2.2.2.2.2.2.2.2",0.384775174763697,FALSE,TRUE,40
"2.2.2.2.2.2.3.1.2.2.2.2.2.2.1.3.2.2.2.2.2.2",0.333099709115175,FALSE,TRUE,40
"2.2.2.2.2.2.3.1.2.2.2.2.2.2.1.2.3.2.2.2.2.2",0.345984870407175,FALSE,TRUE,40
"2.2.2.2.2.2.3.1.2.2.2.2.2.2.1.2.2.3.2.2.2.2",0.326904053495412,FALSE,TRUE,40
"2.2.2.2.2.2.3.1.2.2.2.2.2.2.1.2.2.2.3.2.2.2",0.388564052489303,FALSE,TRUE,40
"2.2.2.2.2.2.3.1.2.2.2.2.2.2.1.2.2.2.2.3.2.2",0.358564206040897,FALSE,TRUE,39
"2.2.2.2.2.2.3.1.2.2.2.2.2.2.1.2.2.2.2.2.3.2",0.325618548249368,FALSE,TRUE,40
"2.2.2.2.2.2.3.1.2.2.2.2.2.2.1.2.2.2.2.2.2.3",0.412191567733489,FALSE,TRUE,40
"1.2.2.2.2.2.3.1.2.2.2.2.2.2.1.2.2.2.2.2.2.2",0.324451165825747,FALSE,TRUE,39
"2.1.2.2.2.2.3.1.2.2.2.2.2.2.1.2.2.2.2.2.2.2",0.361942240249212,FALSE,TRUE,39
"2.2.1.2.2.2.3.1.2.2.2.2.2.2.1.2.2.2.2.2.2.2",0.369853624098803,FALSE,TRUE,39
"2.2.2.1.2.2.3.1.2.2.2.2.2.2.1.2.2.2.2.2.2.2",0.345218459821405,FALSE,TRUE,39
"2.2.2.2.1.2.3.1.2.2.2.2.2.2.1.2.2.2.2.2.2.2",0.365668586253294,FALSE,TRUE,39
"2.2.2.2.2.1.3.1.2.2.2.2.2.2.1.2.2.2.2.2.2.2",0.36698493693272,FALSE,TRUE,39
"2.2.2.2.2.2.3.1.1.2.2.2.2.2.1.2.2.2.2.2.2.2",0.388990164883669,FALSE,TRUE,39
"2.2.2.2.2.2.3.1.2.1.2.2.2.2.1.2.2.2.2.2.2.2",0.37632353085292,FALSE,TRUE,39
"2.2.2.2.2.2.3.1.2.2.1.2.2.2.1.2.2.2.2.2.2.2",0.318136330814188,FALSE,TRUE,39
"2.2.2.2.2.2.3.1.2.2.2.1.2.2.1.2.2.2.2.2.2.2",0.353754277399099,FALSE,TRUE,39
"2.2.2.2.2.2.3.1.2.2.2.2.1.2.1.2.2.2.2.2.2.2",0.380685413904277,FALSE,TRUE,39
"2.2.2.2.2.2.3.1.2.2.2.2.2.1.1.2.2.2.2.2.2.2",0.362554350183844,FALSE,TRUE,39
"2.2.2.2.2.2.3.1.2.2.2.2.2.2.1.1.2.2.2.2.2.2",0.340409145764158,FALSE,TRUE,39
"2.2.2.2.2.2.3.1.2.2.2.2.2.2.1.2.1.2.2.2.2.2",0.342078296117066,FALSE,TRUE,39
"2.2.2.2.2.2.3.1.2.2.2.2.2.2.1.2.2.1.2.2.2.2",0.357499133282028,FALSE,TRUE,37
"2.2.2.2.2.2.3.1.2.2.2.2.2.2.1.2.2.2.1.2.2.2",0.290282418165625,FALSE,TRUE,39
"2.2.2.2.2.2.3.1.2.2.2.2.2.2.1.2.2.2.2.1.2.2",0.329911903461633,FALSE,TRUE,39
"2.2.2.2.2.2.3.1.2.2.2.2.2.2.1.2.2.2.2.2.1.2",0.36150381470368,FALSE,TRUE,39
"2.2.2.2.2.2.3.1.2.2.2.2.2.2.1.2.2.2.2.2.2.1",0.276812679024954,FALSE,TRUE,39
"4.2.2.2.2.2.2.2.2.2.2.2.2.2.1.2.2.1.2.2.2.2",0.476405635393284,FALSE,TRUE,35
"3.3.2.2.2.2.2.2.2.2.2.2.2.2.1.2.2.1.2.2.2.2",0.467480139227398,FALSE,TRUE,35
"3.2.3.2.2.2.2.2.2.2.2.2.2.2.1.2.2.1.2.2.2.2",0.439581704989878,FALSE,TRUE,34
"3.2.2.3.2.2.2.2.2.2.2.2.2.2.1.2.2.1.2.2.2.2",0.471981828633828,FALSE,TRUE,33
"3.2.2.2.3.2.2.2.2.2.2.2.2.2.1.2.2.1.2.2.2.2",0.454517444824614,FALSE,TRUE,35
"3.2.2.2.2.2.3.2.2.2.2.2.2.2.1.2.2.1.2.2.2.2",0.43658294156247,FALSE,TRUE,34
"3.2.2.2.2.2.2.3.2.2.2.2.2.2.1.2.2.1.2.2.2.2",0.52526518146287,FALSE,TRUE,34
"3.2.2.2.2.2.2.2.3.2.2.2.2.2.1.2.2.1.2.2.2.2",0.433435304931722,FALSE,TRUE,34
"3.2.2.2.2.2.2.2.2.3.2.2.2.2.1.2.2.1.2.2.2.2",0.433304589820359,FALSE,TRUE,34
"3.2.2.2.2.2.2.2.2.2.3.2.2.2.1.2.2.1.2.2.2.2",0.487259841284481,FALSE,TRUE,34
"3.2.2.2.2.2.2.2.2.2.2.3.2.2.1.2.2.1.2.2.2.2",0.470860781578385,FALSE,TRUE,34
"3.2.2.2.2.2.2.2.2.2.2.2.3.2.1.2.2.1.2.2.2.2",0.419658712514349,FALSE,TRUE,33
"3.2.2.2.2.2.2.2.2.2.2.2.2.3.1.2.2.1.2.2.2.2",0.448927015260889,FALSE,TRUE,34
"3.2.2.2.2.2.2.2.2.2.2.2.2.2.2.2.2.1.2.2.2.2",0.514677466124864,FALSE,TRUE,34
"3.2.2.2.2.2.2.2.2.2.2.2.2.2.1.3.2.1.2.2.2.2",0.449770355056012,FALSE,TRUE,34
"3.2.2.2.2.2.2.2.2.2.2.2.2.2.1.2.3.1.2.2.2.2",0.445490738309536,FALSE,TRUE,34
"3.2.2.2.2.2.2.2.2.2.2.2.2.2.1.2.2.1.3.2.2.2",0.508092838960877,FALSE,TRUE,34
"3.2.2.2.2.2.2.2.2.2.2.2.2.2.1.2.2.1.2.3.2.2",0.476544327359184,FALSE,TRUE,34
"3.2.2.2.2.2.2.2.2.2.2.2.2.2.1.2.2.1.2.2.3.2",0.461925163308896,FALSE,TRUE,34
"3.2.2.2.2.2.2.2.2.2.2.2.2.2.1.2.2.1.2.2.2.3",0.502950403173793,FALSE,TRUE,33
"3.2.1.2.2.2.2.2.2.2.2.2.2.2.1.2.2.1.2.2.2.2",0.471708510347543,FALSE,TRUE,33
"3.2.2.1.2.2.2.2.2.2.2.2.2.2.1.2.2.1.2.2.2.2",0.452006323530487,FALSE,TRUE,32
"3.2.2.2.2.2.1.2.2.2.2.2.2.2.1.2.2.1.2.2.2.2",0.494938847946697,FALSE,TRUE,33
"3.2.2.2.2.2.2.2.1.2.2.2.2.2.1.2.2.1.2.2.2.2",0.493448609848867,FALSE,TRUE,33
"3.2.2.2.2.2.2.2.2.1.2.2.2.2.1.2.2.1.2.2.2.2",0.489329301680238,FALSE,TRUE,32
"3.2.2.2.2.2.2.2.2.2.1.2.2.2.1.2.2.1.2.2.2.2",0.438360242819262,FALSE,TRUE,32
"3.2.2.2.2.2.2.2.2.2.2.1.2.2.1.2.2.1.2.2.2.2",0.457502160303958,FALSE,TRUE,33
"3.2.2.2.2.2.2.2.2.2.2.2.1.2.1.2.2.1.2.2.2.2",0.499745512811118,FALSE,TRUE,33
"3.2.2.2.2.2.2.2.2.2.2.2.2.1.1.2.2.1.2.2.2.2",0.478592979579817,FALSE,TRUE,33
"3.2.2.2.2.2.2.2.2.2.2.2.2.2.1.1.2.1.2.2.2.2",0.465691948557666,FALSE,TRUE,28
"3.2.2.2.2.2.2.2.2.2.2.2.2.2.1.2.1.1.2.2.2.2",0.481133715512896,FALSE,TRUE,33
"3.2.2.2.2.2.2.2.2.2.2.2.2.2.1.2.2.1.1.2.2.2",0.410589717032082,FALSE,TRUE,33
"3.2.2.2.2.2.2.2.2.2.2.2.2.2.1.2.2.1.2.2.1.2",0.46310466203074,FALSE,TRUE,33
"3.2.2.2.2.2.2.2.2.2.2.2.2.2.1.2.2.1.2.2.2.1",0.426515893722536,FALSE,TRUE,32
"4.1.2.2.2.2.2.2.2.2.2.2.2.2.1.2.2.1.2.2.2.2",0.452509181397967,FALSE,TRUE,36
"3.1.3.2.2.2.2.2.2.2.2.2.2.2.1.2.2.1.2.2.2.2",0.439595222246643,FALSE,TRUE,37
"3.1.2.3.2.2.2.2.2.2.2.2.2.2.1.2.2.1.2.2.2.2",0.463063105501736,FALSE,TRUE,36
"3.1.2.2.3.2.2.2.2.2.2.2.2.2.1.2.2.1.2.2.2.2",0.435442439991534,FALSE,TRUE,37
"3.1.2.2.2.3.2.2.2.2.2.2.2.2.1.2.2.1.2.2.2.2",0.440736929771551,FALSE,TRUE,37
"3.1.2.2.2.2.3.2.2.2.2.2.2.2.1.2.2.1.2.2.2.2",0.429090677948218,FALSE,TRUE,37
"3.1.2.2.2.2.2.3.2.2.2.2.2.2.1.2.2.1.2.2.2.2",0.507166846274896,FALSE,TRUE,36
"3.1.2.2.2.2.2.2.3.2.2.2.2.2.1.2.2.1.2.2.2.2",0.422631296847682,FALSE,TRUE,34
"3.1.2.2.2.2.2.2.2.3.2.2.2.2.1.2.2.1.2.2.2.2",0.423945014367179,FALSE,TRUE,37
"3.1.2.2.2.2.2.2.2.2.3.2.2.2.1.2.2.1.2.2.2.2",0.478161224461465,FALSE,TRUE,37
"3.1.2.2.2.2.2.2.2.2.2.3.2.2.1.2.2.1.2.2.2.2",0.458133158817456,FALSE,TRUE,36
"3.1.2.2.2.2.2.2.2.2.2.2.3.2.1.2.2.1.2.2.2.2",0.406334249262602,FALSE,TRUE,36
"3.1.2.2.2.2.2.2.2.2.2.2.2.3.1.2.2.1.2.2.2.2",0.439110774451922,FALSE,TRUE,37
"3.1.2.2.2.2.2.2.2.2.2.2.2.2.2.2.2.1.2.2.2.2",0.506736258064642,FALSE,TRUE,36
"3.1.2.2.2.2.2.2.2.2.2.2.2.2.1.3.2.1.2.2.2.2",0.427723185429615,FALSE,TRUE,38
"3.1.2.2.2.2.2.2.2.2.2.2.2.2.1.2.3.1.2.2.2.2",0.43310288213778,FALSE,TRUE,37
"3.1.2.2.2.2.2.2.2.2.2.2.2.2.1.2.2.2.2.2.2.2",0.470742618756215,FALSE,TRUE,36
"3.1.2.2.2.2.2.2.2.2.2.2.2.2.1.2.2.1.3.2.2.2",0.497682418288257,FALSE,TRUE,37
"3.1.2.2.2.2.2.2.2.2.2.2.2.2.1.2.2.1.2.2.3.2",0.442493605181426,FALSE,TRUE,36
"3.1.2.2.2.2.2.2.2.2.2.2.2.2.1.2.2.1.2.2.2.3",0.49139523061413,FALSE,TRUE,36
"3.1.1.2.2.2.2.2.2.2.2.2.2.2.1.2.2.1.2.2.2.2",0.439002693356834,FALSE,TRUE,36
"3.1.2.1.2.2.2.2.2.2.2.2.2.2.1.2.2.1.2.2.2.2",0.427919096362465,FALSE,TRUE,36
"3.1.2.2.1.2.2.2.2.2.2.2.2.2.1.2.2.1.2.2.2.2",0.461823595955593,FALSE,TRUE,33
"3.1.2.2.2.1.2.2.2.2.2.2.2.2.1.2.2.1.2.2.2.2",0.450296070451291,FALSE,TRUE,35
"3.1.2.2.2.2.1.2.2.2.2.2.2.2.1.2.2.1.2.2.2.2",0.469612583921966,FALSE,TRUE,35
"3.1.2.2.2.2.2.1.2.2.2.2.2.2.1.2.2.1.2.2.2.2",0.38868632878018,FALSE,TRUE,33
"3.1.2.2.2.2.2.2.1.2.2.2.2.2.1.2.2.1.2.2.2.2",0.470895848223882,FALSE,TRUE,36
"3.1.2.2.2.2.2.2.2.1.2.2.2.2.1.2.2.1.2.2.2.2",0.466431129063258,FALSE,TRUE,35
"3.1.2.2.2.2.2.2.2.2.1.2.2.2.1.2.2.1.2.2.2.2",0.414830506982187,FALSE,TRUE,36
"3.1.2.2.2.2.2.2.2.2.2.1.2.2.1.2.2.1.2.2.2.2",0.437936738105412,FALSE,TRUE,36
"3.1.2.2.2.2.2.2.2.2.2.2.1.2.1.2.2.1.2.2.2.2",0.480793262267759,FALSE,TRUE,36
"3.1.2.2.2.2.2.2.2.2.2.2.2.1.1.2.2.1.2.2.2.2",0.455560454236366,FALSE,TRUE,34
"3.1.2.2.2.2.2.2.2.2.2.2.2.2.1.2.1.1.2.2.2.2",0.461172022156938,FALSE,TRUE,36
"3.1.2.2.2.2.2.2.2.2.2.2.2.2.1.2.2.1.1.2.2.2",0.389206840724798,FALSE,TRUE,36
"3.1.2.2.2.2.2.2.2.2.2.2.2.2.1.2.2.1.2.1.2.2",0.421975915747712,FALSE,TRUE,36
"3.1.2.2.2.2.2.2.2.2.2.2.2.2.1.2.2.1.2.2.1.2",0.450624112158304,FALSE,TRUE,36
"3.1.2.2.2.2.2.2.2.2.2.2.2.2.1.2.2.1.2.2.2.1",0.405527644622669,FALSE,TRUE,36
"2.3.2.2.2.2.2.2.2.2.2.2.2.2.1.2.2.1.2.2.2.3",0.485234768261814,FALSE,TRUE,39
"2.2.3.2.2.2.2.2.2.2.2.2.2.2.1.2.2.1.2.2.2.3",0.464530788062581,FALSE,TRUE,39
"2.2.2.3.2.2.2.2.2.2.2.2.2.2.1.2.2.1.2.2.2.3",0.500140328089822,FALSE,TRUE,39
"2.2.2.2.3.2.2.2.2.2.2.2.2.2.1.2.2.1.2.2.2.3",0.479992470618445,FALSE,TRUE,39
"2.2.2.2.2.3.2.2.2.2.2.2.2.2.1.2.2.1.2.2.2.3",0.475930997348907,FALSE,TRUE,38
"2.2.2.2.2.2.3.2.2.2.2.2.2.2.1.2.2.1.2.2.2.3",0.476279473468159,FALSE,TRUE,39
"2.2.2.2.2.2.2.3.2.2.2.2.2.2.1.2.2.1.2.2.2.3",0.547728718784226,FALSE,TRUE,39
"2.2.2.2.2.2.2.2.3.2.2.2.2.2.1.2.2.1.2.2.2.3",0.452526295455849,FALSE,TRUE,39
"2.2.2.2.2.2.2.2.2.3.2.2.2.2.1.2.2.1.2.2.2.3",0.469122513792051,FALSE,TRUE,39
"2.2.2.2.2.2.2.2.2.2.3.2.2.2.1.2.2.1.2.2.2.3",0.509652884924955,FALSE,TRUE,39
"2.2.2.2.2.2.2.2.2.2.2.3.2.2.1.2.2.1.2.2.2.3",0.488248176307691,FALSE,TRUE,39
"2.2.2.2.2.2.2.2.2.2.2.2.3.2.1.2.2.1.2.2.2.3",0.450636015330214,FALSE,TRUE,39
"2.2.2.2.2.2.2.2.2.2.2.2.2.3.1.2.2.1.2.2.2.3",0.486120217465514,FALSE,TRUE,39
"2.2.2.2.2.2.2.2.2.2.2.2.2.2.2.2.2.1.2.2.2.3",0.5475829683063,FALSE,TRUE,39
"2.2.2.2.2.2.2.2.2.2.2.2.2.2.1.3.2.1.2.2.2.3",0.474849376169615,FALSE,TRUE,40
"2.2.2.2.2.2.2.2.2.2.2.2.2.2.1.2.3.1.2.2.2.3",0.475537749176613,FALSE,TRUE,39
"2.2.2.2.2.2.2.2.2.2.2.2.2.2.1.2.2.1.3.2.2.3",0.526668347011049,FALSE,TRUE,39
"2.2.2.2.2.2.2.2.2.2.2.2.2.2.1.2.2.1.2.3.2.3",0.510682301457575,FALSE,TRUE,38
"2.2.2.2.2.2.2.2.2.2.2.2.2.2.1.2.2.1.2.2.3.3",0.487735258657047,FALSE,TRUE,39
"2.2.2.2.2.2.2.2.2.2.2.2.2.2.1.2.2.1.2.2.2.4",0.531071265146383,FALSE,TRUE,40
"1.2.2.2.2.2.2.2.2.2.2.2.2.2.1.2.2.1.2.2.2.3",0.483717873056364,FALSE,TRUE,38
"2.1.2.2.2.2.2.2.2.2.2.2.2.2.1.2.2.1.2.2.2.3",0.491628381067932,FALSE,TRUE,37
"2.2.1.2.2.2.2.2.2.2.2.2.2.2.1.2.2.1.2.2.2.3",0.503586945286822,FALSE,TRUE,38
"2.2.2.1.2.2.2.2.2.2.2.2.2.2.1.2.2.1.2.2.2.3",0.480662862015793,FALSE,TRUE,38
"2.2.2.2.1.2.2.2.2.2.2.2.2.2.1.2.2.1.2.2.2.3",0.507273560939637,FALSE,TRUE,37
"2.2.2.2.2.2.1.2.2.2.2.2.2.2.1.2.2.1.2.2.2.3",0.512741846396778,FALSE,TRUE,38
"2.2.2.2.2.2.2.1.2.2.2.2.2.2.1.2.2.1.2.2.2.3",0.436402074497606,FALSE,TRUE,36
"2.2.2.2.2.2.2.2.1.2.2.2.2.2.1.2.2.1.2.2.2.3",0.53062289097339,FALSE,TRUE,38
"2.2.2.2.2.2.2.2.2.1.2.2.2.2.1.2.2.1.2.2.2.3",0.510421348745833,FALSE,TRUE,38
"2.2.2.2.2.2.2.2.2.2.1.2.2.2.1.2.2.1.2.2.2.3",0.472326100497155,FALSE,TRUE,37
"2.2.2.2.2.2.2.2.2.2.2.1.2.2.1.2.2.1.2.2.2.3",0.497977489000341,FALSE,TRUE,38
"2.2.2.2.2.2.2.2.2.2.2.2.1.2.1.2.2.1.2.2.2.3",0.526236220007692,FALSE,TRUE,38
"2.2.2.2.2.2.2.2.2.2.2.2.2.1.1.2.2.1.2.2.2.3",0.498755840773315,FALSE,TRUE,38
"2.2.2.2.2.2.2.2.2.2.2.2.2.2.1.2.1.1.2.2.2.3",0.508149017215291,FALSE,TRUE,38
"2.2.2.2.2.2.2.2.2.2.2.2.2.2.1.2.2.1.1.2.2.3",0.448838848239898,FALSE,TRUE,38
"2.2.2.2.2.2.2.2.2.2.2.2.2.2.1.2.2.1.2.1.2.3",0.473116353339432,FALSE,TRUE,37
"2.2.2.2.2.2.2.2.2.2.2.2.2.2.1.2.2.1.2.2.1.3",0.494786034659265,FALSE,TRUE,38
"3.2.2.2.2.2.2.2.2.2.2.2.2.2.2.2.2.2.1.2.2.2",0.460553174336161,FALSE,TRUE,38
"2.3.2.2.2.2.2.2.2.2.2.2.2.2.2.2.2.2.1.2.2.2",0.429899887282923,FALSE,TRUE,40
"2.2.3.2.2.2.2.2.2.2.2.2.2.2.2.2.2.2.1.2.2.2",0.40130191293256,FALSE,TRUE,40
"2.2.2.3.2.2.2.2.2.2.2.2.2.2.2.2.2.2.1.2.2.2",0.449548962085757,FALSE,TRUE,40
"2.2.2.2.2.3.2.2.2.2.2.2.2.2.2.2.2.2.1.2.2.2",0.412451347288626,FALSE,TRUE,40
"2.2.2.2.2.2.3.2.2.2.2.2.2.2.2.2.2.2.1.2.2.2",0.410272149753013,FALSE,TRUE,40
"2.2.2.2.2.2.2.3.2.2.2.2.2.2.2.2.2.2.1.2.2.2",0.530588530394984,FALSE,TRUE,40
"2.2.2.2.2.2.2.2.3.2.2.2.2.2.2.2.2.2.1.2.2.2",0.404297514043404,FALSE,TRUE,40
"2.2.2.2.2.2.2.2.2.3.2.2.2.2.2.2.2.2.1.2.2.2",0.409172177123066,FALSE,TRUE,40
"2.2.2.2.2.2.2.2.2.2.3.2.2.2.2.2.2.2.1.2.2.2",0.47642744286392,FALSE,TRUE,40
"2.2.2.2.2.2.2.2.2.2.2.3.2.2.2.2.2.2.1.2.2.2",0.446712172305781,FALSE,TRUE,40
"2.2.2.2.2.2.2.2.2.2.2.2.3.2.2.2.2.2.1.2.2.2",0.39903771582589,FALSE,TRUE,40
"2.2.2.2.2.2.2.2.2.2.2.2.2.3.2.2.2.2.1.2.2.2",0.417504779932316,FALSE,TRUE,40
"2.2.2.2.2.2.2.2.2.2.2.2.2.2.3.2.2.2.1.2.2.2",0.483855829080435,FALSE,TRUE,40
"2.2.2.2.2.2.2.2.2.2.2.2.2.2.2.3.2.2.1.2.2.2",0.428400419997745,FALSE,TRUE,40
"2.2.2.2.2.2.2.2.2.2.2.2.2.2.2.2.3.2.1.2.2.2",0.437536714627951,FALSE,TRUE,40
"2.2.2.2.2.2.2.2.2.2.2.2.2.2.2.2.2.3.1.2.2.2",0.441748307671522,FALSE,TRUE,40
"2.2.2.2.2.2.2.2.2.2.2.2.2.2.2.2.2.2.1.3.2.2",0.468961135870553,FALSE,TRUE,39
"2.2.2.2.2.2.2.2.2.2.2.2.2.2.2.2.2.2.1.2.3.2",0.430121284825398,FALSE,TRUE,40
"2.2.2.2.2.2.2.2.2.2.2.2.2.2.2.2.2.2.1.2.2.3",0.506199423116558,FALSE,TRUE,40
"1.2.2.2.2.2.2.2.2.2.2.2.2.2.2.2.2.2.1.2.2.2",0.43661443915211,FALSE,TRUE,39
"2.1.2.2.2.2.2.2.2.2.2.2.2.2.2.2.2.2.1.2.2.2",0.4580439701145,FALSE,TRUE,39
"2.2.1.2.2.2.2.2.2.2.2.2.2.2.2.2.2.2.1.2.2.2",0.477964391736515,FALSE,TRUE,39
"2.2.2.1.2.2.2.2.2.2.2.2.2.2.2.2.2.2.1.2.2.2",0.441878045514095,FALSE,TRUE,38
"2.2.2.2.1.2.2.2.2.2.2.2.2.2.2.2.2.2.1.2.2.2",0.463201001413131,FALSE,TRUE,40
"2.2.2.2.2.1.2.2.2.2.2.2.2.2.2.2.2.2.1.2.2.2",0.478473181485363,FALSE,TRUE,39
"2.2.2.2.2.2.1.2.2.2.2.2.2.2.2.2.2.2.1.2.2.2",0.490084776085835,FALSE,TRUE,39
"2.2.2.2.2.2.2.1.2.2.2.2.2.2.2.2.2.2.1.2.2.2",0.364793453921089,FALSE,TRUE,38
"2.2.2.2.2.2.2.2.1.2.2.2.2.2.2.2.2.2.1.2.2.2",0.489616031805718,FALSE,TRUE,39
"2.2.2.2.2.2.2.2.2.1.2.2.2.2.2.2.2.2.1.2.2.2",0.482702768773092,FALSE,TRUE,39
"2.2.2.2.2.2.2.2.2.2.1.2.2.2.2.2.2.2.1.2.2.2",0.416626996386079,FALSE,TRUE,39
"2.2.2.2.2.2.2.2.2.2.2.1.2.2.2.2.2.2.1.2.2.2",0.449867231037284,FALSE,TRUE,39
"2.2.2.2.2.2.2.2.2.2.2.2.1.2.2.2.2.2.1.2.2.2",0.489039967370624,FALSE,TRUE,39
"2.2.2.2.2.2.2.2.2.2.2.2.2.1.2.2.2.2.1.2.2.2",0.477691718901855,FALSE,TRUE,39
"2.2.2.2.2.2.2.2.2.2.2.2.2.2.2.1.2.2.1.2.2.2",0.455134333408816,FALSE,TRUE,39
"2.2.2.2.2.2.2.2.2.2.2.2.2.2.2.2.1.2.1.2.2.2",0.457907616907698,FALSE,TRUE,39
"2.2.2.2.2.2.2.2.2.2.2.2.2.2.2.2.2.1.1.2.2.2",0.450451402207223,FALSE,TRUE,38
"2.2.2.2.2.2.2.2.2.2.2.2.2.2.2.2.2.2.1.1.2.2",0.425995366836557,FALSE,TRUE,39
"2.2.2.2.2.2.2.2.2.2.2.2.2.2.2.2.2.2.1.2.1.2",0.463746157141754,FALSE,TRUE,39
"2.2.2.2.2.2.2.2.2.2.2.2.2.2.2.2.2.2.1.2.2.1",0.3897079115909,FALSE,TRUE,39
"4.1.2.2.2.2.2.2.2.2.2.2.2.2.1.1.2.1.2.2.2.2",0.454019687372184,FALSE,TRUE,35
"3.1.3.2.2.2.2.2.2.2.2.2.2.2.1.1.2.1.2.2.2.2",0.449906885012185,FALSE,TRUE,35
"3.1.2.3.2.2.2.2.2.2.2.2.2.2.1.1.2.1.2.2.2.2",0.467668509839043,FALSE,TRUE,34
"3.1.2.2.3.2.2.2.2.2.2.2.2.2.1.1.2.1.2.2.2.2",0.433830413467667,FALSE,TRUE,35
"3.1.2.2.2.3.2.2.2.2.2.2.2.2.1.1.2.1.2.2.2.2",0.444260218278357,FALSE,TRUE,33
"3.1.2.2.2.2.3.2.2.2.2.2.2.2.1.1.2.1.2.2.2.2",0.429375618560323,FALSE,TRUE,35
"3.1.2.2.2.2.2.2.3.2.2.2.2.2.1.1.2.1.2.2.2.2",0.429445069422205,FALSE,TRUE,35
"3.1.2.2.2.2.2.2.2.3.2.2.2.2.1.1.2.1.2.2.2.2",0.420000397016826,FALSE,TRUE,36
"3.1.2.2.2.2.2.2.2.2.3.2.2.2.1.1.2.1.2.2.2.2",0.4833937078247,FALSE,TRUE,35
"3.1.2.2.2.2.2.2.2.2.2.3.2.2.1.1.2.1.2.2.2.2",0.467366698318062,FALSE,TRUE,35
"3.1.2.2.2.2.2.2.2.2.2.2.2.3.1.1.2.1.2.2.2.2",0.439750536667288,FALSE,TRUE,35
"3.1.2.2.2.2.2.2.2.2.2.2.2.2.2.1.2.1.2.2.2.2",0.514006635018026,FALSE,TRUE,36
"3.1.2.2.2.2.2.2.2.2.2.2.2.2.1.1.3.1.2.2.2.2",0.436531487764518,FALSE,TRUE,35
"3.1.2.2.2.2.2.2.2.2.2.2.2.2.1.1.2.2.2.2.2.2",0.469878513460777,FALSE,TRUE,35
"3.1.2.2.2.2.2.2.2.2.2.2.2.2.1.1.2.1.3.2.2.2",0.497689749455984,FALSE,TRUE,35
"3.1.2.2.2.2.2.2.2.2.2.2.2.2.1.1.2.1.2.3.2.2",0.471513968675661,FALSE,TRUE,34
"3.1.2.2.2.2.2.2.2.2.2.2.2.2.1.1.2.1.2.2.3.2",0.450486246986367,FALSE,TRUE,35
"3.1.2.2.2.2.2.2.2.2.2.2.2.2.1.1.2.1.2.2.2.3",0.497404862881938,FALSE,TRUE,33
"2.1.2.2.2.2.2.2.2.2.2.2.2.2.1.1.2.1.2.2.2.2",0.449587963561293,FALSE,TRUE,33
"3.1.1.2.2.2.2.2.2.2.2.2.2.2.1.1.2.1.2.2.2.2",0.436149978298538,FALSE,TRUE,34
"3.1.2.1.2.2.2.2.2.2.2.2.2.2.1.1.2.1.2.2.2.2",0.430003661530537,FALSE,TRUE,34
"3.1.2.2.1.2.2.2.2.2.2.2.2.2.1.1.2.1.2.2.2.2",0.469912813702766,FALSE,TRUE,32
"3.1.2.2.2.1.2.2.2.2.2.2.2.2.1.1.2.1.2.2.2.2",0.453668284577351,FALSE,TRUE,34
"3.1.2.2.2.2.1.2.2.2.2.2.2.2.1.1.2.1.2.2.2.2",0.475608212541382,FALSE,TRUE,34
"3.1.2.2.2.2.2.1.2.2.2.2.2.2.1.1.2.1.2.2.2.2",0.392223715241804,FALSE,TRUE,34
"3.1.2.2.2.2.2.2.1.2.2.2.2.2.1.1.2.1.2.2.2.2",0.470796368793005,FALSE,TRUE,34
"3.1.2.2.2.2.2.2.2.2.1.2.2.2.1.1.2.1.2.2.2.2",0.41618419210026,FALSE,TRUE,34
"3.1.2.2.2.2.2.2.2.2.2.1.2.2.1.1.2.1.2.2.2.2",0.435086925789743,FALSE,TRUE,34
"3.1.2.2.2.2.2.2.2.2.2.2.1.2.1.1.2.1.2.2.2.2",0.483362837305627,FALSE,TRUE,35
"3.1.2.2.2.2.2.2.2.2.2.2.2.1.1.1.2.1.2.2.2.2",0.461838884249324,FALSE,TRUE,33
"3.1.2.2.2.2.2.2.2.2.2.2.2.2.1.1.1.1.2.2.2.2",0.463743955394709,FALSE,TRUE,34
"3.1.2.2.2.2.2.2.2.2.2.2.2.2.1.1.2.1.1.2.2.2",0.395831220652427,FALSE,TRUE,34
"3.1.2.2.2.2.2.2.2.2.2.2.2.2.1.1.2.1.2.1.2.2",0.43101167094774,FALSE,TRUE,33
"3.1.2.2.2.2.2.2.2.2.2.2.2.2.1.1.2.1.2.2.1.2",0.448547557928955,FALSE,TRUE,34
"3.1.2.2.2.2.2.2.2.2.2.2.2.2.1.1.2.1.2.2.2.1",0.406010207388926,FALSE,TRUE,32
"3.2.2.2.2.2.2.2.2.2.2.2.2.2.1.1.2.1.2.2.2.3",0.5036533219177,FALSE,TRUE,36
"2.3.2.2.2.2.2.2.2.2.2.2.2.2.1.1.2.1.2.2.2.3",0.482615516272253,FALSE,TRUE,39
"2.2.3.2.2.2.2.2.2.2.2.2.2.2.1.1.2.1.2.2.2.3",0.473862269062315,FALSE,TRUE,39
"2.2.2.3.2.2.2.2.2.2.2.2.2.2.1.1.2.1.2.2.2.3",0.504041768679965,FALSE,TRUE,39
"2.2.2.2.3.2.2.2.2.2.2.2.2.2.1.1.2.1.2.2.2.3",0.477775646548699,FALSE,TRUE,39
"2.2.2.2.2.3.2.2.2.2.2.2.2.2.1.1.2.1.2.2.2.3",0.478478086148181,FALSE,TRUE,37
"2.2.2.2.2.2.3.2.2.2.2.2.2.2.1.1.2.1.2.2.2.3",0.475589255512422,FALSE,TRUE,39
"2.2.2.2.2.2.2.3.2.2.2.2.2.2.1.1.2.1.2.2.2.3",0.549464686575486,FALSE,TRUE,39
"2.2.2.2.2.2.2.2.3.2.2.2.2.2.1.1.2.1.2.2.2.3",0.458549663885315,FALSE,TRUE,39
"2.2.2.2.2.2.2.2.2.3.2.2.2.2.1.1.2.1.2.2.2.3",0.464285176682038,FALSE,TRUE,39
"2.2.2.2.2.2.2.2.2.2.3.2.2.2.1.1.2.1.2.2.2.3",0.514039421300281,FALSE,TRUE,39
"2.2.2.2.2.2.2.2.2.2.2.3.2.2.1.1.2.1.2.2.2.3",0.496649155912907,FALSE,TRUE,39
"2.2.2.2.2.2.2.2.2.2.2.2.3.2.1.1.2.1.2.2.2.3",0.453558945006834,FALSE,TRUE,39
"2.2.2.2.2.2.2.2.2.2.2.2.2.3.1.1.2.1.2.2.2.3",0.48564762864801,FALSE,TRUE,39
"2.2.2.2.2.2.2.2.2.2.2.2.2.2.2.1.2.1.2.2.2.3",0.553661529857362,FALSE,TRUE,40
"2.2.2.2.2.2.2.2.2.2.2.2.2.2.1.1.3.1.2.2.2.3",0.477751992199142,FALSE,TRUE,39
"2.2.2.2.2.2.2.2.2.2.2.2.2.2.1.1.2.2.2.2.2.3",0.501485237560592,FALSE,TRUE,39
"2.2.2.2.2.2.2.2.2.2.2.2.2.2.1.1.2.1.3.2.2.3",0.526107745022809,FALSE,TRUE,39
"2.2.2.2.2.2.2.2.2.2.2.2.2.2.1.1.2.1.2.3.2.3",0.507540961159105,FALSE,TRUE,39
"2.2.2.2.2.2.2.2.2.2.2.2.2.2.1.1.2.1.2.2.3.3",0.494731311538461,FALSE,TRUE,39
"2.2.2.2.2.2.2.2.2.2.2.2.2.2.1.1.2.1.2.2.2.4",0.535743139824437,FALSE,TRUE,39
"1.2.2.2.2.2.2.2.2.2.2.2.2.2.1.1.2.1.2.2.2.3",0.487217284086775,FALSE,TRUE,38
"2.1.2.2.2.2.2.2.2.2.2.2.2.2.1.1.2.1.2.2.2.3",0.498793569192723,FALSE,TRUE,36
"2.2.1.2.2.2.2.2.2.2.2.2.2.2.1.1.2.1.2.2.2.3",0.499680518785978,FALSE,TRUE,38
"2.2.2.1.2.2.2.2.2.2.2.2.2.2.1.1.2.1.2.2.2.3",0.48173325711116,FALSE,TRUE,38
"2.2.2.2.1.2.2.2.2.2.2.2.2.2.1.1.2.1.2.2.2.3",0.514165635732868,FALSE,TRUE,38
"2.2.2.2.2.1.2.2.2.2.2.2.2.2.1.1.2.1.2.2.2.3",0.506748595329192,FALSE,TRUE,37
"2.2.2.2.2.2.1.2.2.2.2.2.2.2.1.1.2.1.2.2.2.3",0.518103127288922,FALSE,TRUE,38
"2.2.2.2.2.2.2.1.2.2.2.2.2.2.1.1.2.1.2.2.2.3",0.439035414898032,FALSE,TRUE,38
"2.2.2.2.2.2.2.2.1.2.2.2.2.2.1.1.2.1.2.2.2.3",0.529582255714887,FALSE,TRUE,38
"2.2.2.2.2.2.2.2.2.1.2.2.2.2.1.1.2.1.2.2.2.3",0.519282074501701,FALSE,TRUE,38
"2.2.2.2.2.2.2.2.2.2.1.2.2.2.1.1.2.1.2.2.2.3",0.472594750790171,FALSE,TRUE,38
"2.2.2.2.2.2.2.2.2.2.2.1.2.2.1.1.2.1.2.2.2.3",0.493974395743701,FALSE,TRUE,38
"2.2.2.2.2.2.2.2.2.2.2.2.1.2.1.1.2.1.2.2.2.3",0.527784114386802,FALSE,TRUE,38
"2.2.2.2.2.2.2.2.2.2.2.2.2.1.1.1.2.1.2.2.2.3",0.504490042300096,FALSE,TRUE,38
"2.2.2.2.2.2.2.2.2.2.2.2.2.2.1.1.1.1.2.2.2.3",0.509985285454811,FALSE,TRUE,38
"2.2.2.2.2.2.2.2.2.2.2.2.2.2.1.1.2.1.1.2.2.3",0.454437085548213,FALSE,TRUE,38
"2.2.2.2.2.2.2.2.2.2.2.2.2.2.1.1.2.1.2.1.2.3",0.481342895640537,FALSE,TRUE,38
"2.2.2.2.2.2.2.2.2.2.2.2.2.2.1.1.2.1.2.2.1.3",0.491901588227995,FALSE,TRUE,38
"2.3.2.1.2.2.2.2.2.2.2.2.2.2.2.2.2.2.2.2.2.2",0.470143250468218,FALSE,TRUE,39
"2.2.3.1.2.2.2.2.2.2.2.2.2.2.2.2.2.2.2.2.2.2",0.454201221045012,FALSE,TRUE,38
"2.2.2.1.3.2.2.2.2.2.2.2.2.2.2.2.2.2.2.2.2.2",0.472342940524962,FALSE,TRUE,38
"2.2.2.1.2.3.2.2.2.2.2.2.2.2.2.2.2.2.2.2.2.2",0.448620113860595,FALSE,TRUE,39
"2.2.2.1.2.2.3.2.2.2.2.2.2.2.2.2.2.2.2.2.2.2",0.448593181614233,FALSE,TRUE,39
"2.2.2.1.2.2.2.3.2.2.2.2.2.2.2.2.2.2.2.2.2.2",0.555147138182008,FALSE,TRUE,39
"2.2.2.1.2.2.2.2.3.2.2.2.2.2.2.2.2.2.2.2.2.2",0.448397634635509,FALSE,TRUE,38
"2.2.2.1.2.2.2.2.2.3.2.2.2.2.2.2.2.2.2.2.2.2",0.461483491349995,FALSE,TRUE,38
"2.2.2.1.2.2.2.2.2.2.3.2.2.2.2.2.2.2.2.2.2.2",0.504073716611154,FALSE,TRUE,39
"2.2.2.1.2.2.2.2.2.2.2.3.2.2.2.2.2.2.2.2.2.2",0.486505602563851,FALSE,TRUE,39
"2.2.2.1.2.2.2.2.2.2.2.2.3.2.2.2.2.2.2.2.2.2",0.459290602567765,FALSE,TRUE,39
"2.2.2.1.2.2.2.2.2.2.2.2.2.3.2.2.2.2.2.2.2.2",0.469420699102405,FALSE,TRUE,39
"2.2.2.1.2.2.2.2.2.2.2.2.2.2.3.2.2.2.2.2.2.2",0.517138544984436,FALSE,TRUE,39
"2.2.2.1.2.2.2.2.2.2.2.2.2.2.2.3.2.2.2.2.2.2",0.473258022359827,FALSE,TRUE,39
"2.2.2.1.2.2.2.2.2.2.2.2.2.2.2.2.3.2.2.2.2.2",0.482384020420087,FALSE,TRUE,39
"2.2.2.1.2.2.2.2.2.2.2.2.2.2.2.2.2.3.2.2.2.2",0.485053956328457,FALSE,TRUE,39
"2.2.2.1.2.2.2.2.2.2.2.2.2.2.2.2.2.2.2.3.2.2",0.491677526887292,FALSE,TRUE,38
"2.2.2.1.2.2.2.2.2.2.2.2.2.2.2.2.2.2.2.2.3.2",0.464372347291857,FALSE,TRUE,39
"2.2.2.1.2.2.2.2.2.2.2.2.2.2.2.2.2.2.2.2.2.3",0.5361435857756,FALSE,TRUE,39
"1.2.2.1.2.2.2.2.2.2.2.2.2.2.2.2.2.2.2.2.2.2",0.47593596025145,FALSE,TRUE,39
"2.1.2.1.2.2.2.2.2.2.2.2.2.2.2.2.2.2.2.2.2.2",0.496079168674754,FALSE,TRUE,38
"2.2.1.1.2.2.2.2.2.2.2.2.2.2.2.2.2.2.2.2.2.2",0.504017297175468,FALSE,TRUE,38
"2.2.2.1.1.2.2.2.2.2.2.2.2.2.2.2.2.2.2.2.2.2",0.50394850136765,FALSE,TRUE,38
"2.2.2.1.2.1.2.2.2.2.2.2.2.2.2.2.2.2.2.2.2.2",0.521144953005752,FALSE,TRUE,38
"2.2.2.1.2.2.1.2.2.2.2.2.2.2.2.2.2.2.2.2.2.2",0.530460345317179,FALSE,TRUE,38
"2.2.2.1.2.2.2.1.2.2.2.2.2.2.2.2.2.2.2.2.2.2",0.417696048575887,FALSE,TRUE,37
"2.2.2.1.2.2.2.2.1.2.2.2.2.2.2.2.2.2.2.2.2.2",0.52461770381893,FALSE,TRUE,38
"2.2.2.1.2.2.2.2.2.1.2.2.2.2.2.2.2.2.2.2.2.2",0.507646343533681,FALSE,TRUE,38
"2.2.2.1.2.2.2.2.2.2.1.2.2.2.2.2.2.2.2.2.2.2",0.467941092792661,FALSE,TRUE,38
"2.2.2.1.2.2.2.2.2.2.2.1.2.2.2.2.2.2.2.2.2.2",0.489061370387912,FALSE,TRUE,38
"2.2.2.1.2.2.2.2.2.2.2.2.1.2.2.2.2.2.2.2.2.2",0.50678708375808,FALSE,TRUE,38
"2.2.2.1.2.2.2.2.2.2.2.2.2.1.2.2.2.2.2.2.2.2",0.50460235376216,FALSE,TRUE,38
"2.2.2.1.2.2.2.2.2.2.2.2.2.2.2.1.2.2.2.2.2.2",0.489038737807839,FALSE,TRUE,38
"2.2.2.1.2.2.2.2.2.2.2.2.2.2.2.2.1.2.2.2.2.2",0.491179976544505,FALSE,TRUE,38
"2.2.2.1.2.2.2.2.2.2.2.2.2.2.2.2.2.1.2.2.2.2",0.485855542315149,FALSE,TRUE,37
"2.2.2.1.2.2.2.2.2.2.2.2.2.2.2.2.2.2.2.1.2.2",0.482109749056757,FALSE,TRUE,38
"2.2.2.1.2.2.2.2.2.2.2.2.2.2.2.2.2.2.2.2.1.2",0.507121218285928,FALSE,TRUE,37
"2.2.2.1.2.2.2.2.2.2.2.2.2.2.2.2.2.2.2.2.2.1",0.43779194164096,FALSE,TRUE,38
"4.2.2.2.2.2.2.2.2.2.2.2.2.2.1.2.2.1.2.1.2.2",0.46243654583886,FALSE,TRUE,37
"3.3.2.2.2.2.2.2.2.2.2.2.2.2.1.2.2.1.2.1.2.2",0.467439525001062,FALSE,TRUE,38
"3.2.3.2.2.2.2.2.2.2.2.2.2.2.1.2.2.1.2.1.2.2",0.42404453052846,FALSE,TRUE,38
"3.2.2.3.2.2.2.2.2.2.2.2.2.2.1.2.2.1.2.1.2.2",0.453694889954442,FALSE,TRUE,38
"3.2.2.2.3.2.2.2.2.2.2.2.2.2.1.2.2.1.2.1.2.2",0.442623965674036,FALSE,TRUE,38
"3.2.2.2.2.3.2.2.2.2.2.2.2.2.1.2.2.1.2.1.2.2",0.441098473476486,FALSE,TRUE,37
"3.2.2.2.2.2.3.2.2.2.2.2.2.2.1.2.2.1.2.1.2.2",0.421826185159508,FALSE,TRUE,38
"3.2.2.2.2.2.2.3.2.2.2.2.2.2.1.2.2.1.2.1.2.2",0.513671259558092,FALSE,TRUE,38
"3.2.2.2.2.2.2.2.3.2.2.2.2.2.1.2.2.1.2.1.2.2",0.428819510124249,FALSE,TRUE,37
"3.2.2.2.2.2.2.2.2.3.2.2.2.2.1.2.2.1.2.1.2.2",0.41576553629983,FALSE,TRUE,38
"3.2.2.2.2.2.2.2.2.2.3.2.2.2.1.2.2.1.2.1.2.2",0.476856186177682,FALSE,TRUE,38
"3.2.2.2.2.2.2.2.2.2.2.2.3.2.1.2.2.1.2.1.2.2",0.396231821080748,FALSE,TRUE,38
"3.2.2.2.2.2.2.2.2.2.2.2.2.3.1.2.2.1.2.1.2.2",0.431028716522823,FALSE,TRUE,38
"3.2.2.2.2.2.2.2.2.2.2.2.2.2.2.2.2.1.2.1.2.2",0.498207513190794,FALSE,TRUE,37
"3.2.2.2.2.2.2.2.2.2.2.2.2.2.1.3.2.1.2.1.2.2",0.428884945057066,FALSE,TRUE,38
"3.2.2.2.2.2.2.2.2.2.2.2.2.2.1.2.3.1.2.1.2.2",0.426801768165688,FALSE,TRUE,38
"3.2.2.2.2.2.2.2.2.2.2.2.2.2.1.2.2.2.2.1.2.2",0.461028190480414,FALSE,TRUE,37
"3.2.2.2.2.2.2.2.2.2.2.2.2.2.1.2.2.1.3.1.2.2",0.506302636980081,FALSE,TRUE,38
"3.2.2.2.2.2.2.2.2.2.2.2.2.2.1.2.2.1.2.1.3.2",0.455505233657366,FALSE,TRUE,38
"3.2.2.2.2.2.2.2.2.2.2.2.2.2.1.2.2.1.2.1.2.3",0.480048675078633,FALSE,TRUE,37
"3.2.1.2.2.2.2.2.2.2.2.2.2.2.1.2.2.1.2.1.2.2",0.456986556789757,FALSE,TRUE,37
"3.2.2.1.2.2.2.2.2.2.2.2.2.2.1.2.2.1.2.1.2.2",0.440217701471521,FALSE,TRUE,37
"3.2.2.2.1.2.2.2.2.2.2.2.2.2.1.2.2.1.2.1.2.2",0.456649722623107,FALSE,TRUE,35
"3.2.2.2.2.1.2.2.2.2.2.2.2.2.1.2.2.1.2.1.2.2",0.452467169267951,FALSE,TRUE,36
"3.2.2.2.2.2.1.2.2.2.2.2.2.2.1.2.2.1.2.1.2.2",0.47793240761282,FALSE,TRUE,36
"3.2.2.2.2.2.2.1.2.2.2.2.2.2.1.2.2.1.2.1.2.2",0.384155192557798,FALSE,TRUE,34
"3.2.2.2.2.2.2.2.1.2.2.2.2.2.1.2.2.1.2.1.2.2",0.467950884118808,FALSE,TRUE,37
"3.2.2.2.2.2.2.2.2.1.2.2.2.2.1.2.2.1.2.1.2.2",0.476706070557625,FALSE,TRUE,36
"3.2.2.2.2.2.2.2.2.2.1.2.2.2.1.2.2.1.2.1.2.2",0.419006119458565,FALSE,TRUE,37
"3.2.2.2.2.2.2.2.2.2.2.1.2.2.1.2.2.1.2.1.2.2",0.435617361934594,FALSE,TRUE,38
"3.2.2.2.2.2.2.2.2.2.2.2.1.2.1.2.2.1.2.1.2.2",0.493506558088014,FALSE,TRUE,37
"3.2.2.2.2.2.2.2.2.2.2.2.2.1.1.2.2.1.2.1.2.2",0.46603055145349,FALSE,TRUE,36
"3.2.2.2.2.2.2.2.2.2.2.2.2.2.1.1.2.1.2.1.2.2",0.455927853718567,FALSE,TRUE,35
"3.2.2.2.2.2.2.2.2.2.2.2.2.2.1.2.1.1.2.1.2.2",0.46933407048806,FALSE,TRUE,37
"3.2.2.2.2.2.2.2.2.2.2.2.2.2.1.2.2.1.1.1.2.2",0.383054193637468,FALSE,TRUE,37
"3.2.2.2.2.2.2.2.2.2.2.2.2.2.1.2.2.1.2.1.1.2",0.438730714642313,FALSE,TRUE,37
"3.2.2.2.2.2.2.2.2.2.2.2.2.2.1.2.2.1.2.1.2.1",0.420408553074087,FALSE,TRUE,37
"3.3.2.2.1.2.2.2.2.2.2.2.2.2.1.2.2.1.2.2.2.2",0.472453970163665,FALSE,TRUE,37
"3.2.3.2.1.2.2.2.2.2.2.2.2.2.1.2.2.1.2.2.2.2",0.44550939687256,FALSE,TRUE,37
"3.2.2.3.1.2.2.2.2.2.2.2.2.2.1.2.2.1.2.2.2.2",0.476070209481048,FALSE,TRUE,37
"3.2.2.2.1.3.2.2.2.2.2.2.2.2.1.2.2.1.2.2.2.2",0.458410988945125,FALSE,TRUE,36
"3.2.2.2.1.2.3.2.2.2.2.2.2.2.1.2.2.1.2.2.2.2",0.446989877730725,FALSE,TRUE,37
"3.2.2.2.1.2.2.3.2.2.2.2.2.2.1.2.2.1.2.2.2.2",0.526980579804795,FALSE,TRUE,37
"3.2.2.2.1.2.2.2.3.2.2.2.2.2.1.2.2.1.2.2.2.2",0.437107484409811,FALSE,TRUE,35
"3.2.2.2.1.2.2.2.2.3.2.2.2.2.1.2.2.1.2.2.2.2",0.441597041482196,FALSE,TRUE,37
"3.2.2.2.1.2.2.2.2.2.3.2.2.2.1.2.2.1.2.2.2.2",0.49624187387226,FALSE,TRUE,37
"3.2.2.2.1.2.2.2.2.2.2.3.2.2.1.2.2.1.2.2.2.2",0.475008133330591,FALSE,TRUE,36
"3.2.2.2.1.2.2.2.2.2.2.2.3.2.1.2.2.1.2.2.2.2",0.428988780840906,FALSE,TRUE,37
"3.2.2.2.1.2.2.2.2.2.2.2.2.3.1.2.2.1.2.2.2.2",0.456121422060459,FALSE,TRUE,38
"3.2.2.2.1.2.2.2.2.2.2.2.2.2.2.2.2.1.2.2.2.2",0.520537053633474,FALSE,TRUE,38
"3.2.2.2.1.2.2.2.2.2.2.2.2.2.1.3.2.1.2.2.2.2",0.452852461978147,FALSE,TRUE,37
"3.2.2.2.1.2.2.2.2.2.2.2.2.2.1.2.3.1.2.2.2.2",0.449402851255803,FALSE,TRUE,37
"3.2.2.2.1.2.2.2.2.2.2.2.2.2.1.2.2.2.2.2.2.2",0.478825428237888,FALSE,TRUE,37
"3.2.2.2.1.2.2.2.2.2.2.2.2.2.1.2.2.1.3.2.2.2",0.51228388915749,FALSE,TRUE,37
"3.2.2.2.1.2.2.2.2.2.2.2.2.2.1.2.2.1.2.3.2.2",0.487599840022229,FALSE,TRUE,36
"3.2.2.2.1.2.2.2.2.2.2.2.2.2.1.2.2.1.2.2.3.2",0.463839486178338,FALSE,TRUE,37
"3.2.2.2.1.2.2.2.2.2.2.2.2.2.1.2.2.1.2.2.2.3",0.51028369944282,FALSE,TRUE,36
"3.2.1.2.1.2.2.2.2.2.2.2.2.2.1.2.2.1.2.2.2.2",0.481664257107376,FALSE,TRUE,36
"3.2.2.1.1.2.2.2.2.2.2.2.2.2.1.2.2.1.2.2.2.2",0.463374526750325,FALSE,TRUE,36
"3.2.2.2.1.1.2.2.2.2.2.2.2.2.1.2.2.1.2.2.2.2",0.480022315012199,FALSE,TRUE,35
"3.2.2.2.1.2.1.2.2.2.2.2.2.2.1.2.2.1.2.2.2.2",0.501028954782454,FALSE,TRUE,35
"3.2.2.2.1.2.2.1.2.2.2.2.2.2.1.2.2.1.2.2.2.2",0.415005422212686,FALSE,TRUE,33
"3.2.2.2.1.2.2.2.1.2.2.2.2.2.1.2.2.1.2.2.2.2",0.505325137685766,FALSE,TRUE,36
"3.2.2.2.1.2.2.2.2.1.2.2.2.2.1.2.2.1.2.2.2.2",0.496519757020338,FALSE,TRUE,35
"3.2.2.2.1.2.2.2.2.2.1.2.2.2.1.2.2.1.2.2.2.2",0.445044141640892,FALSE,TRUE,36
"3.2.2.2.1.2.2.2.2.2.2.1.2.2.1.2.2.1.2.2.2.2",0.468729789005061,FALSE,TRUE,36
"3.2.2.2.1.2.2.2.2.2.2.2.1.2.1.2.2.1.2.2.2.2",0.505450684743359,FALSE,TRUE,36
"3.2.2.2.1.2.2.2.2.2.2.2.2.2.1.1.2.1.2.2.2.2",0.477626413821978,FALSE,TRUE,34
"3.2.2.2.1.2.2.2.2.2.2.2.2.2.1.2.1.1.2.2.2.2",0.493043149029174,FALSE,TRUE,36
"3.2.2.2.1.2.2.2.2.2.2.2.2.2.1.2.2.1.1.2.2.2",0.420879424682527,FALSE,TRUE,36
"3.2.2.2.1.2.2.2.2.2.2.2.2.2.1.2.2.1.2.2.1.2",0.476530280866677,FALSE,TRUE,36
"3.2.2.2.1.2.2.2.2.2.2.2.2.2.1.2.2.1.2.2.2.1",0.43414272056797,FALSE,TRUE,36
"3.1.2.2.2.2.2.2.2.2.2.2.2.2.2.2.2.2.2.2.2.2",0.524249363254028,FALSE,TRUE,38
"2.1.3.2.2.2.2.2.2.2.2.2.2.2.2.2.2.2.2.2.2.2",0.484202748136943,FALSE,TRUE,41
"2.1.2.3.2.2.2.2.2.2.2.2.2.2.2.2.2.2.2.2.2.2",0.527867014436992,FALSE,TRUE,41
"2.1.2.2.3.2.2.2.2.2.2.2.2.2.2.2.2.2.2.2.2.2",0.501535876674241,FALSE,TRUE,40
"2.1.2.2.2.3.2.2.2.2.2.2.2.2.2.2.2.2.2.2.2.2",0.484234496712625,FALSE,TRUE,41
"2.1.2.2.2.2.3.2.2.2.2.2.2.2.2.2.2.2.2.2.2.2",0.48184099660555,FALSE,TRUE,41
"2.1.2.2.2.2.2.3.2.2.2.2.2.2.2.2.2.2.2.2.2.2",0.585404465027695,FALSE,TRUE,41
"2.1.2.2.2.2.2.2.3.2.2.2.2.2.2.2.2.2.2.2.2.2",0.473034152434579,FALSE,TRUE,41
"2.1.2.2.2.2.2.2.2.3.2.2.2.2.2.2.2.2.2.2.2.2",0.486831003115686,FALSE,TRUE,41
"2.1.2.2.2.2.2.2.2.2.3.2.2.2.2.2.2.2.2.2.2.2",0.538859646331936,FALSE,TRUE,41
"2.1.2.2.2.2.2.2.2.2.2.3.2.2.2.2.2.2.2.2.2.2",0.515685425377779,FALSE,TRUE,41
"2.1.2.2.2.2.2.2.2.2.2.2.3.2.2.2.2.2.2.2.2.2",0.477002586035876,FALSE,TRUE,41
"2.1.2.2.2.2.2.2.2.2.2.2.2.3.2.2.2.2.2.2.2.2",0.49498678335172,FALSE,TRUE,41
"2.1.2.2.2.2.2.2.2.2.2.2.2.2.3.2.2.2.2.2.2.2",0.555660350777218,FALSE,TRUE,41
"2.1.2.2.2.2.2.2.2.2.2.2.2.2.2.3.2.2.2.2.2.2",0.493570944496778,FALSE,TRUE,41
"2.1.2.2.2.2.2.2.2.2.2.2.2.2.2.2.3.2.2.2.2.2",0.504376918220898,FALSE,TRUE,41
"2.1.2.2.2.2.2.2.2.2.2.2.2.2.2.2.2.3.2.2.2.2",0.519785286624574,FALSE,TRUE,41
"2.1.2.2.2.2.2.2.2.2.2.2.2.2.2.2.2.2.3.2.2.2",0.561159965281935,FALSE,TRUE,40
"2.1.2.2.2.2.2.2.2.2.2.2.2.2.2.2.2.2.2.3.2.2",0.531848435785553,FALSE,TRUE,40
"2.1.2.2.2.2.2.2.2.2.2.2.2.2.2.2.2.2.2.2.3.2",0.494900846729048,FALSE,TRUE,41
"2.1.2.2.2.2.2.2.2.2.2.2.2.2.2.2.2.2.2.2.2.3",0.567190897127291,FALSE,TRUE,41
"1.1.2.2.2.2.2.2.2.2.2.2.2.2.2.2.2.2.2.2.2.2",0.505600632299561,FALSE,TRUE,40
"2.1.1.2.2.2.2.2.2.2.2.2.2.2.2.2.2.2.2.2.2.2",0.527241433285004,FALSE,TRUE,40
"2.1.2.2.1.2.2.2.2.2.2.2.2.2.2.2.2.2.2.2.2.2",0.529482534969662,FALSE,TRUE,40
"2.1.2.2.2.1.2.2.2.2.2.2.2.2.2.2.2.2.2.2.2.2",0.539710338322888,FALSE,TRUE,40
"2.1.2.2.2.2.1.2.2.2.2.2.2.2.2.2.2.2.2.2.2.2",0.551090637613878,FALSE,TRUE,40
"2.1.2.2.2.2.2.1.2.2.2.2.2.2.2.2.2.2.2.2.2.2",0.442066722326732,FALSE,TRUE,39
"2.1.2.2.2.2.2.2.1.2.2.2.2.2.2.2.2.2.2.2.2.2",0.553278607029588,FALSE,TRUE,40
"2.1.2.2.2.2.2.2.2.1.2.2.2.2.2.2.2.2.2.2.2.2",0.537056483377196,FALSE,TRUE,40
"2.1.2.2.2.2.2.2.2.2.1.2.2.2.2.2.2.2.2.2.2.2",0.486646560324056,FALSE,TRUE,40
"2.1.2.2.2.2.2.2.2.2.2.1.2.2.2.2.2.2.2.2.2.2",0.514441462729223,FALSE,TRUE,40
"2.1.2.2.2.2.2.2.2.2.2.2.1.2.2.2.2.2.2.2.2.2",0.543959227933227,FALSE,TRUE,40
"2.1.2.2.2.2.2.2.2.2.2.2.2.1.2.2.2.2.2.2.2.2",0.533267102938053,FALSE,TRUE,40
"2.1.2.2.2.2.2.2.2.2.2.2.2.2.2.1.2.2.2.2.2.2",0.523212715316813,FALSE,TRUE,40
"2.1.2.2.2.2.2.2.2.2.2.2.2.2.2.2.1.2.2.2.2.2",0.523531912901387,FALSE,TRUE,40
"2.1.2.2.2.2.2.2.2.2.2.2.2.2.2.2.2.1.2.2.2.2",0.504946962589205,FALSE,TRUE,38
"2.1.2.2.2.2.2.2.2.2.2.2.2.2.2.2.2.2.2.1.2.2",0.494116872076905,FALSE,TRUE,40
"2.1.2.2.2.2.2.2.2.2.2.2.2.2.2.2.2.2.2.2.1.2",0.531054952687402,FALSE,TRUE,40
"2.1.2.2.2.2.2.2.2.2.2.2.2.2.2.2.2.2.2.2.2.1",0.459807013004265,FALSE,TRUE,40
"3.2.2.2.2.2.2.2.2.2.2.2.2.2.1.2.2.2.2.3.2.2",0.476318541134849,FALSE,TRUE,39
"2.3.2.2.2.2.2.2.2.2.2.2.2.2.1.2.2.2.2.3.2.2",0.430154643108094,FALSE,TRUE,40
"2.2.3.2.2.2.2.2.2.2.2.2.2.2.1.2.2.2.2.3.2.2",0.420226967385182,FALSE,TRUE,40
"2.2.2.3.2.2.2.2.2.2.2.2.2.2.1.2.2.2.2.3.2.2",0.46173932843498,FALSE,TRUE,40
"2.2.2.2.3.2.2.2.2.2.2.2.2.2.1.2.2.2.2.3.2.2",0.440844720893328,FALSE,TRUE,40
"2.2.2.2.2.3.2.2.2.2.2.2.2.2.1.2.2.2.2.3.2.2",0.428670156426307,FALSE,TRUE,40
"2.2.2.2.2.2.3.2.2.2.2.2.2.2.1.2.2.2.2.3.2.2",0.425345213967809,FALSE,TRUE,39
"2.2.2.2.2.2.2.3.2.2.2.2.2.2.1.2.2.2.2.3.2.2",0.521170433660375,FALSE,TRUE,40
"2.2.2.2.2.2.2.2.3.2.2.2.2.2.1.2.2.2.2.3.2.2",0.404343598768622,FALSE,TRUE,40
"2.2.2.2.2.2.2.2.2.3.2.2.2.2.1.2.2.2.2.3.2.2",0.4253869730444,FALSE,TRUE,39
"2.2.2.2.2.2.2.2.2.2.3.2.2.2.1.2.2.2.2.3.2.2",0.469565410378747,FALSE,TRUE,40
"2.2.2.2.2.2.2.2.2.2.2.3.2.2.1.2.2.2.2.3.2.2",0.447449863226657,FALSE,TRUE,40
"2.2.2.2.2.2.2.2.2.2.2.2.3.2.1.2.2.2.2.3.2.2",0.417756181141152,FALSE,TRUE,40
"2.2.2.2.2.2.2.2.2.2.2.2.2.3.1.2.2.2.2.3.2.2",0.44246722438542,FALSE,TRUE,40
"2.2.2.2.2.2.2.2.2.2.2.2.2.2.1.3.2.2.2.3.2.2",0.450350360691942,FALSE,TRUE,40
"2.2.2.2.2.2.2.2.2.2.2.2.2.2.1.2.3.2.2.3.2.2",0.446348236737695,FALSE,TRUE,40
"2.2.2.2.2.2.2.2.2.2.2.2.2.2.1.2.2.3.2.3.2.2",0.44833924236406,FALSE,TRUE,40
"2.2.2.2.2.2.2.2.2.2.2.2.2.2.1.2.2.2.3.3.2.2",0.484616548507304,FALSE,TRUE,40
"2.2.2.2.2.2.2.2.2.2.2.2.2.2.1.2.2.2.2.4.2.2",0.457542422040665,FALSE,TRUE,41
"2.2.2.2.2.2.2.2.2.2.2.2.2.2.1.2.2.2.2.3.3.2",0.443135741131142,FALSE,TRUE,40
"2.2.2.2.2.2.2.2.2.2.2.2.2.2.1.2.2.2.2.3.2.3",0.511124594370089,FALSE,TRUE,39
"2.1.2.2.2.2.2.2.2.2.2.2.2.2.1.2.2.2.2.3.2.2",0.476397581104613,FALSE,TRUE,36
"2.2.1.2.2.2.2.2.2.2.2.2.2.2.1.2.2.2.2.3.2.2",0.477149446171629,FALSE,TRUE,39
"2.2.2.1.2.2.2.2.2.2.2.2.2.2.1.2.2.2.2.3.2.2",0.447521275930648,FALSE,TRUE,38
"2.2.2.2.1.2.2.2.2.2.2.2.2.2.1.2.2.2.2.3.2.2",0.474093083701914,FALSE,TRUE,39
"2.2.2.2.2.1.2.2.2.2.2.2.2.2.1.2.2.2.2.3.2.2",0.479489283160333,FALSE,TRUE,38
"2.2.2.2.2.2.1.2.2.2.2.2.2.2.1.2.2.2.2.3.2.2",0.493597108853188,FALSE,TRUE,39
"2.2.2.2.2.2.2.2.1.2.2.2.2.2.1.2.2.2.2.3.2.2",0.5084104233053,FALSE,TRUE,39
"2.2.2.2.2.2.2.2.2.1.2.2.2.2.1.2.2.2.2.3.2.2",0.483304021916434,FALSE,TRUE,39
"2.2.2.2.2.2.2.2.2.2.1.2.2.2.1.2.2.2.2.3.2.2",0.44072502033675,FALSE,TRUE,39
"2.2.2.2.2.2.2.2.2.2.2.1.2.2.1.2.2.2.2.3.2.2",0.466521849405243,FALSE,TRUE,39
"2.2.2.2.2.2.2.2.2.2.2.2.1.2.1.2.2.2.2.3.2.2",0.486805972004785,FALSE,TRUE,39
"2.2.2.2.2.2.2.2.2.2.2.2.2.1.1.2.2.2.2.3.2.2",0.470321809141888,FALSE,TRUE,39
"2.2.2.2.2.2.2.2.2.2.2.2.2.2.1.1.2.2.2.3.2.2",0.45136664754317,FALSE,TRUE,39
"2.2.2.2.2.2.2.2.2.2.2.2.2.2.1.2.1.2.2.3.2.2",0.466233147099328,FALSE,TRUE,39
"2.2.2.2.2.2.2.2.2.2.2.2.2.2.1.2.2.2.1.3.2.2",0.419171301356495,FALSE,TRUE,38
"2.2.2.2.2.2.2.2.2.2.2.2.2.2.1.2.2.2.2.3.1.2",0.467437558601981,FALSE,TRUE,39
"2.2.2.2.2.2.2.2.2.2.2.2.2.2.1.2.2.2.2.3.2.1",0.401025940545098,FALSE,TRUE,39
"3.2.2.2.2.2.2.2.2.2.2.2.2.2.2.2.2.2.2.1.2.2",0.506359948507924,FALSE,TRUE,38
"2.3.2.2.2.2.2.2.2.2.2.2.2.2.2.2.2.2.2.1.2.2",0.482091622178841,FALSE,TRUE,41
"2.2.3.2.2.2.2.2.2.2.2.2.2.2.2.2.2.2.2.1.2.2",0.446961324542494,FALSE,TRUE,41
"2.2.2.3.2.2.2.2.2.2.2.2.2.2.2.2.2.2.2.1.2.2",0.498545022297117,FALSE,TRUE,41
"2.2.2.2.3.2.2.2.2.2.2.2.2.2.2.2.2.2.2.1.2.2",0.484583851044187,FALSE,TRUE,40
"2.2.2.2.2.3.2.2.2.2.2.2.2.2.2.2.2.2.2.1.2.2",0.459472909386021,FALSE,TRUE,41
"2.2.2.2.2.2.3.2.2.2.2.2.2.2.2.2.2.2.2.1.2.2",0.45068219036218,FALSE,TRUE,41
"2.2.2.2.2.2.2.3.2.2.2.2.2.2.2.2.2.2.2.1.2.2",0.572456662430909,FALSE,TRUE,41
"2.2.2.2.2.2.2.2.3.2.2.2.2.2.2.2.2.2.2.1.2.2",0.452786533611086,FALSE,TRUE,41
"2.2.2.2.2.2.2.2.2.3.2.2.2.2.2.2.2.2.2.1.2.2",0.453921912285818,FALSE,TRUE,41
"2.2.2.2.2.2.2.2.2.2.3.2.2.2.2.2.2.2.2.1.2.2",0.516798383310228,FALSE,TRUE,41
"2.2.2.2.2.2.2.2.2.2.2.3.2.2.2.2.2.2.2.1.2.2",0.496697686129185,FALSE,TRUE,41
"2.2.2.2.2.2.2.2.2.2.2.2.3.2.2.2.2.2.2.1.2.2",0.44313653204648,FALSE,TRUE,41
"2.2.2.2.2.2.2.2.2.2.2.2.2.3.2.2.2.2.2.1.2.2",0.461558977050422,FALSE,TRUE,41
"2.2.2.2.2.2.2.2.2.2.2.2.2.2.3.2.2.2.2.1.2.2",0.529771743432247,FALSE,TRUE,41
"2.2.2.2.2.2.2.2.2.2.2.2.2.2.2.3.2.2.2.1.2.2",0.471091326071702,FALSE,TRUE,41
"2.2.2.2.2.2.2.2.2.2.2.2.2.2.2.2.3.2.2.1.2.2",0.473497465705509,FALSE,TRUE,41
"2.2.2.2.2.2.2.2.2.2.2.2.2.2.2.2.2.3.2.1.2.2",0.491426393901398,FALSE,TRUE,41
"2.2.2.2.2.2.2.2.2.2.2.2.2.2.2.2.2.2.3.1.2.2",0.549209793068006,FALSE,TRUE,40
"2.2.2.2.2.2.2.2.2.2.2.2.2.2.2.2.2.2.2.1.3.2",0.482464010260865,FALSE,TRUE,41
"2.2.2.2.2.2.2.2.2.2.2.2.2.2.2.2.2.2.2.1.2.3",0.537331283473004,FALSE,TRUE,41
"1.2.2.2.2.2.2.2.2.2.2.2.2.2.2.2.2.2.2.1.2.2",0.479318522518912,FALSE,TRUE,40
"2.2.1.2.2.2.2.2.2.2.2.2.2.2.2.2.2.2.2.1.2.2",0.520458293832188,FALSE,TRUE,40
"2.2.2.2.1.2.2.2.2.2.2.2.2.2.2.2.2.2.2.1.2.2",0.501679772018954,FALSE,TRUE,40
"2.2.2.2.2.1.2.2.2.2.2.2.2.2.2.2.2.2.2.1.2.2",0.520267830410146,FALSE,TRUE,40
"2.2.2.2.2.2.1.2.2.2.2.2.2.2.2.2.2.2.2.1.2.2",0.53670344205897,FALSE,TRUE,40
"2.2.2.2.2.2.2.1.2.2.2.2.2.2.2.2.2.2.2.1.2.2",0.410766862830911,FALSE,TRUE,39
"2.2.2.2.2.2.2.2.1.2.2.2.2.2.2.2.2.2.2.1.2.2",0.530404591505488,FALSE,TRUE,40
"2.2.2.2.2.2.2.2.2.1.2.2.2.2.2.2.2.2.2.1.2.2",0.525360388025589,FALSE,TRUE,40
"2.2.2.2.2.2.2.2.2.2.1.2.2.2.2.2.2.2.2.1.2.2",0.465046094359922,FALSE,TRUE,40
"2.2.2.2.2.2.2.2.2.2.2.1.2.2.2.2.2.2.2.1.2.2",0.488534470322776,FALSE,TRUE,40
"2.2.2.2.2.2.2.2.2.2.2.2.1.2.2.2.2.2.2.1.2.2",0.533672625088645,FALSE,TRUE,40
"2.2.2.2.2.2.2.2.2.2.2.2.2.1.2.2.2.2.2.1.2.2",0.522555623162139,FALSE,TRUE,40
"2.2.2.2.2.2.2.2.2.2.2.2.2.2.2.1.2.2.2.1.2.2",0.501007333484372,FALSE,TRUE,40
"2.2.2.2.2.2.2.2.2.2.2.2.2.2.2.2.1.2.2.1.2.2",0.509433411778987,FALSE,TRUE,40
"2.2.2.2.2.2.2.2.2.2.2.2.2.2.2.2.2.1.2.1.2.2",0.489667939554352,FALSE,TRUE,38
"2.2.2.2.2.2.2.2.2.2.2.2.2.2.2.2.2.2.2.1.1.2",0.498257911400042,FALSE,TRUE,40
"2.2.2.2.2.2.2.2.2.2.2.2.2.2.2.2.2.2.2.1.2.1",0.447540167063462,FALSE,TRUE,40
"4.1.2.2.2.2.2.2.2.2.2.2.3.2.1.1.2.1.2.2.2.2",0.411168793332993,FALSE,TRUE,37
"3.2.2.2.2.2.2.2.2.2.2.2.3.2.1.1.2.1.2.2.2.2",0.418848381222072,FALSE,TRUE,36
"3.1.3.2.2.2.2.2.2.2.2.2.3.2.1.1.2.1.2.2.2.2",0.397749783475887,FALSE,TRUE,37
"3.1.2.3.2.2.2.2.2.2.2.2.3.2.1.1.2.1.2.2.2.2",0.4114549454497,FALSE,TRUE,36
"3.1.2.2.3.2.2.2.2.2.2.2.3.2.1.1.2.1.2.2.2.2",0.388259234747454,FALSE,TRUE,37
"3.1.2.2.2.3.2.2.2.2.2.2.3.2.1.1.2.1.2.2.2.2",0.40504434103462,FALSE,TRUE,36
"3.1.2.2.2.2.3.2.2.2.2.2.3.2.1.1.2.1.2.2.2.2",0.390283937920894,FALSE,TRUE,37
"3.1.2.2.2.2.2.3.2.2.2.2.3.2.1.1.2.1.2.2.2.2",0.4699078862012,FALSE,TRUE,36
"3.1.2.2.2.2.2.2.3.2.2.2.3.2.1.1.2.1.2.2.2.2",0.382102465708277,FALSE,TRUE,37
"3.1.2.2.2.2.2.2.2.3.2.2.3.2.1.1.2.1.2.2.2.2",0.369000052084329,FALSE,TRUE,37
"3.1.2.2.2.2.2.2.2.2.3.2.3.2.1.1.2.1.2.2.2.2",0.442584436180928,FALSE,TRUE,37
"3.1.2.2.2.2.2.2.2.2.2.3.3.2.1.1.2.1.2.2.2.2",0.419712977419622,FALSE,TRUE,37
"3.1.2.2.2.2.2.2.2.2.2.2.4.2.1.1.2.1.2.2.2.2",0.350260568351304,FALSE,TRUE,38
"3.1.2.2.2.2.2.2.2.2.2.2.3.3.1.1.2.1.2.2.2.2",0.392602220358804,FALSE,TRUE,37
"3.1.2.2.2.2.2.2.2.2.2.2.3.2.2.1.2.1.2.2.2.2",0.47703887881332,FALSE,TRUE,38
"3.1.2.2.2.2.2.2.2.2.2.2.3.2.1.1.3.1.2.2.2.2",0.388829860207519,FALSE,TRUE,37
"3.1.2.2.2.2.2.2.2.2.2.2.3.2.1.1.2.2.2.2.2.2",0.422488133495537,FALSE,TRUE,38
"3.1.2.2.2.2.2.2.2.2.2.2.3.2.1.1.2.1.3.2.2.2",0.46180511792086,FALSE,TRUE,37
"3.1.2.2.2.2.2.2.2.2.2.2.3.2.1.1.2.1.2.3.2.2",0.43552424238834,FALSE,TRUE,36
"3.1.2.2.2.2.2.2.2.2.2.2.3.2.1.1.2.1.2.2.2.3",0.455582142720247,FALSE,TRUE,37
"2.1.2.2.2.2.2.2.2.2.2.2.3.2.1.1.2.1.2.2.2.2",0.40353591042179,FALSE,TRUE,37
"3.1.1.2.2.2.2.2.2.2.2.2.3.2.1.1.2.1.2.2.2.2",0.399150273596732,FALSE,TRUE,36
"3.1.2.1.2.2.2.2.2.2.2.2.3.2.1.1.2.1.2.2.2.2",0.396739765951806,FALSE,TRUE,36
"3.1.2.2.1.2.2.2.2.2.2.2.3.2.1.1.2.1.2.2.2.2",0.426314108646002,FALSE,TRUE,36
"3.1.2.2.2.1.2.2.2.2.2.2.3.2.1.1.2.1.2.2.2.2",0.403854764410473,FALSE,TRUE,36
"3.1.2.2.2.2.1.2.2.2.2.2.3.2.1.1.2.1.2.2.2.2",0.425543980318961,FALSE,TRUE,36
"3.1.2.2.2.2.2.1.2.2.2.2.3.2.1.1.2.1.2.2.2.2",0.34403528229373,FALSE,TRUE,36
"3.1.2.2.2.2.2.2.1.2.2.2.3.2.1.1.2.1.2.2.2.2",0.428459898574461,FALSE,TRUE,36
"3.1.2.2.2.2.2.2.2.1.2.2.3.2.1.1.2.1.2.2.2.2",0.438937043550021,FALSE,TRUE,36
"3.1.2.2.2.2.2.2.2.2.1.2.3.2.1.1.2.1.2.2.2.2",0.367940416218411,FALSE,TRUE,36
"3.1.2.2.2.2.2.2.2.2.2.1.3.2.1.1.2.1.2.2.2.2",0.393393975229496,FALSE,TRUE,36
"3.1.2.2.2.2.2.2.2.2.2.2.3.1.1.1.2.1.2.2.2.2",0.419486194307673,FALSE,TRUE,36
"3.1.2.2.2.2.2.2.2.2.2.2.3.2.1.1.1.1.2.2.2.2",0.422826291778273,FALSE,TRUE,36
"3.1.2.2.2.2.2.2.2.2.2.2.3.2.1.1.2.1.1.2.2.2",0.343617621203256,FALSE,TRUE,36
"3.1.2.2.2.2.2.2.2.2.2.2.3.2.1.1.2.1.2.1.2.2",0.378272025200485,FALSE,TRUE,36
"3.1.2.2.2.2.2.2.2.2.2.2.3.2.1.1.2.1.2.2.1.2",0.39733761761848,FALSE,TRUE,37
"3.1.2.2.2.2.2.2.2.2.2.2.3.2.1.1.2.1.2.2.2.1",0.359411127089631,FALSE,TRUE,36
"4.2.2.2.2.2.2.2.2.2.2.3.2.2.1.2.2.1.2.1.2.2",0.478683155486753,FALSE,TRUE,39
"3.3.2.2.2.2.2.2.2.2.2.3.2.2.1.2.2.1.2.1.2.2",0.474435142962451,FALSE,TRUE,39
"3.2.3.2.2.2.2.2.2.2.2.3.2.2.1.2.2.1.2.1.2.2",0.425290934985019,FALSE,TRUE,39
"3.2.2.3.2.2.2.2.2.2.2.3.2.2.1.2.2.1.2.1.2.2",0.462800082672948,FALSE,TRUE,39
"3.2.2.2.3.2.2.2.2.2.2.3.2.2.1.2.2.1.2.1.2.2",0.456540740924987,FALSE,TRUE,39
"3.2.2.2.2.3.2.2.2.2.2.3.2.2.1.2.2.1.2.1.2.2",0.450850851701212,FALSE,TRUE,38
"3.2.2.2.2.2.3.2.2.2.2.3.2.2.1.2.2.1.2.1.2.2",0.429311189817263,FALSE,TRUE,39
"3.2.2.2.2.2.2.3.2.2.2.3.2.2.1.2.2.1.2.1.2.2",0.526696776418301,FALSE,TRUE,39
"3.2.2.2.2.2.2.2.3.2.2.3.2.2.1.2.2.1.2.1.2.2",0.434287291048295,FALSE,TRUE,39
"3.2.2.2.2.2.2.2.2.3.2.3.2.2.1.2.2.1.2.1.2.2",0.425307163854278,FALSE,TRUE,39
"3.2.2.2.2.2.2.2.2.2.3.3.2.2.1.2.2.1.2.1.2.2",0.481012614974017,FALSE,TRUE,39
"3.2.2.2.2.2.2.2.2.2.2.4.2.2.1.2.2.1.2.1.2.2",0.467876206151712,FALSE,TRUE,40
"3.2.2.2.2.2.2.2.2.2.2.3.3.2.1.2.2.1.2.1.2.2",0.40414818682492,FALSE,TRUE,39
"3.2.2.2.2.2.2.2.2.2.2.3.2.3.1.2.2.1.2.1.2.2",0.441559268877086,FALSE,TRUE,39
"3.2.2.2.2.2.2.2.2.2.2.3.2.2.2.2.2.1.2.1.2.2",0.50926127952369,FALSE,TRUE,40
"3.2.2.2.2.2.2.2.2.2.2.3.2.2.1.3.2.1.2.1.2.2",0.434348348172643,FALSE,TRUE,39
"3.2.2.2.2.2.2.2.2.2.2.3.2.2.1.2.3.1.2.1.2.2",0.434496995227155,FALSE,TRUE,39
"3.2.2.2.2.2.2.2.2.2.2.3.2.2.1.2.2.2.2.1.2.2",0.467383659024722,FALSE,TRUE,39
"3.2.2.2.2.2.2.2.2.2.2.3.2.2.1.2.2.1.3.1.2.2",0.51498463312671,FALSE,TRUE,39
"3.2.2.2.2.2.2.2.2.2.2.3.2.2.1.2.2.1.2.1.3.2",0.467647935424079,FALSE,TRUE,39
"3.2.2.2.2.2.2.2.2.2.2.3.2.2.1.2.2.1.2.1.2.3",0.48562802848151,FALSE,TRUE,39
"2.2.2.2.2.2.2.2.2.2.2.3.2.2.1.2.2.1.2.1.2.2",0.441388623616417,FALSE,TRUE,38
"3.1.2.2.2.2.2.2.2.2.2.3.2.2.1.2.2.1.2.1.2.2",0.435195696722877,FALSE,TRUE,37
"3.2.1.2.2.2.2.2.2.2.2.3.2.2.1.2.2.1.2.1.2.2",0.476608723887004,FALSE,TRUE,38
"3.2.2.1.2.2.2.2.2.2.2.3.2.2.1.2.2.1.2.1.2.2",0.451936444091975,FALSE,TRUE,38
"3.2.2.2.1.2.2.2.2.2.2.3.2.2.1.2.2.1.2.1.2.2",0.463480124920199,FALSE,TRUE,37
"3.2.2.2.2.1.2.2.2.2.2.3.2.2.1.2.2.1.2.1.2.2",0.463456273122466,FALSE,TRUE,38
"3.2.2.2.2.2.1.2.2.2.2.3.2.2.1.2.2.1.2.1.2.2",0.491134550834864,FALSE,TRUE,38
"3.2.2.2.2.2.2.1.2.2.2.3.2.2.1.2.2.1.2.1.2.2",0.391549461047338,FALSE,TRUE,37
"3.2.2.2.2.2.2.2.1.2.2.3.2.2.1.2.2.1.2.1.2.2",0.483663902113461,FALSE,TRUE,38
"3.2.2.2.2.2.2.2.2.1.2.3.2.2.1.2.2.1.2.1.2.2",0.488197275943274,FALSE,TRUE,38
"3.2.2.2.2.2.2.2.2.2.1.3.2.2.1.2.2.1.2.1.2.2",0.43574753881504,FALSE,TRUE,38
"3.2.2.2.2.2.2.2.2.2.2.3.1.2.1.2.2.1.2.1.2.2",0.506589413847003,FALSE,TRUE,38
"3.2.2.2.2.2.2.2.2.2.2.3.2.1.1.2.2.1.2.1.2.2",0.47636588391287,FALSE,TRUE,38
"3.2.2.2.2.2.2.2.2.2.2.3.2.2.1.1.2.1.2.1.2.2",0.47115656286747,FALSE,TRUE,38
"3.2.2.2.2.2.2.2.2.2.2.3.2.2.1.2.1.1.2.1.2.2",0.482612524432541,FALSE,TRUE,38
"3.2.2.2.2.2.2.2.2.2.2.3.2.2.1.2.2.1.1.1.2.2",0.395254114902851,FALSE,TRUE,38
"3.2.2.2.2.2.2.2.2.2.2.3.2.2.1.2.2.1.2.1.1.2",0.44699875276447,FALSE,TRUE,38
"3.2.2.2.2.2.2.2.2.2.2.3.2.2.1.2.2.1.2.1.2.1",0.435931259738376,FALSE,TRUE,38
"4.2.2.2.2.2.2.1.2.2.2.2.2.2.1.2.2.1.2.2.2.2",0.415738742396807,FALSE,TRUE,35
"3.3.2.2.2.2.2.1.2.2.2.2.2.2.1.2.2.1.2.2.2.2",0.401168105917023,FALSE,TRUE,36
"3.2.3.2.2.2.2.1.2.2.2.2.2.2.1.2.2.1.2.2.2.2",0.369068758479634,FALSE,TRUE,36
"3.2.2.3.2.2.2.1.2.2.2.2.2.2.1.2.2.1.2.2.2.2",0.400143383449892,FALSE,TRUE,36
"3.2.2.2.3.2.2.1.2.2.2.2.2.2.1.2.2.1.2.2.2.2",0.384854879712353,FALSE,TRUE,36
"3.2.2.2.2.3.2.1.2.2.2.2.2.2.1.2.2.1.2.2.2.2",0.383884666382234,FALSE,TRUE,35
"3.2.2.2.2.2.3.1.2.2.2.2.2.2.1.2.2.1.2.2.2.2",0.373383865116454,FALSE,TRUE,35
"3.2.2.2.2.2.2.1.2.3.2.2.2.2.1.2.2.1.2.2.2.2",0.367156984491872,FALSE,TRUE,37
"3.2.2.2.2.2.2.1.2.2.3.2.2.2.1.2.2.1.2.2.2.2",0.424535293854821,FALSE,TRUE,36
"3.2.2.2.2.2.2.1.2.2.2.3.2.2.1.2.2.1.2.2.2.2",0.40201684965995,FALSE,TRUE,35
"3.2.2.2.2.2.2.1.2.2.2.2.3.2.1.2.2.1.2.2.2.2",0.350663846573117,FALSE,TRUE,36
"3.2.2.2.2.2.2.1.2.2.2.2.2.3.1.2.2.1.2.2.2.2",0.383815392272192,FALSE,TRUE,36
"3.2.2.2.2.2.2.1.2.2.2.2.2.2.2.2.2.1.2.2.2.2",0.445032474767407,FALSE,TRUE,37
"3.2.2.2.2.2.2.1.2.2.2.2.2.2.1.3.2.1.2.2.2.2",0.383724417322993,FALSE,TRUE,36
"3.2.2.2.2.2.2.1.2.2.2.2.2.2.1.2.3.1.2.2.2.2",0.390022918923292,FALSE,TRUE,36
"3.2.2.2.2.2.2.1.2.2.2.2.2.2.1.2.2.1.3.2.2.2",0.449924786048915,FALSE,TRUE,36
"3.2.2.2.2.2.2.1.2.2.2.2.2.2.1.2.2.1.2.3.2.2",0.415659325593756,FALSE,TRUE,35
"3.2.2.2.2.2.2.1.2.2.2.2.2.2.1.2.2.1.2.2.3.2",0.395421254469886,FALSE,TRUE,36
"3.2.2.2.2.2.2.1.2.2.2.2.2.2.1.2.2.1.2.2.2.3",0.44599096213209,FALSE,TRUE,35
"3.2.1.2.2.2.2.1.2.2.2.2.2.2.1.2.2.1.2.2.2.2",0.41208570167155,FALSE,TRUE,35
"3.2.2.1.2.2.2.1.2.2.2.2.2.2.1.2.2.1.2.2.2.2",0.393588885286869,FALSE,TRUE,35
"3.2.2.2.2.1.2.1.2.2.2.2.2.2.1.2.2.1.2.2.2.2",0.409382094085766,FALSE,TRUE,34
"3.2.2.2.2.2.2.1.1.2.2.2.2.2.1.2.2.1.2.2.2.2",0.426203271500749,FALSE,TRUE,36
"3.2.2.2.2.2.2.1.2.2.1.2.2.2.1.2.2.1.2.2.2.2",0.37126027222985,FALSE,TRUE,35
"3.2.2.2.2.2.2.1.2.2.2.1.2.2.1.2.2.1.2.2.2.2",0.396280007812566,FALSE,TRUE,35
"3.2.2.2.2.2.2.1.2.2.2.2.1.2.1.2.2.1.2.2.2.2",0.439169934530556,FALSE,TRUE,35
"3.2.2.2.2.2.2.1.2.2.2.2.2.1.1.2.2.1.2.2.2.2",0.413314868752012,FALSE,TRUE,34
"3.2.2.2.2.2.2.1.2.2.2.2.2.2.1.1.2.1.2.2.2.2",0.401230892676345,FALSE,TRUE,33
"3.2.2.2.2.2.2.1.2.2.2.2.2.2.1.2.1.1.2.2.2.2",0.407770336873083,FALSE,TRUE,35
"3.2.2.2.2.2.2.1.2.2.2.2.2.2.1.2.2.1.1.2.2.2",0.34014774917795,FALSE,TRUE,35
"3.2.2.2.2.2.2.1.2.2.2.2.2.2.1.2.2.1.2.2.1.2",0.401495732813047,FALSE,TRUE,35
"3.2.2.2.2.2.2.1.2.2.2.2.2.2.1.2.2.1.2.2.2.1",0.355278002468589,FALSE,TRUE,35
"4.1.2.2.2.2.2.2.2.1.2.2.2.2.1.1.2.1.2.2.2.2",0.475900895084541,FALSE,TRUE,37
"3.2.2.2.2.2.2.2.2.1.2.2.2.2.1.1.2.1.2.2.2.2",0.494317356745994,FALSE,TRUE,35
"3.1.3.2.2.2.2.2.2.1.2.2.2.2.1.1.2.1.2.2.2.2",0.4769133187239,FALSE,TRUE,37
"3.1.2.3.2.2.2.2.2.1.2.2.2.2.1.1.2.1.2.2.2.2",0.49741109021392,FALSE,TRUE,36
"3.1.2.2.3.2.2.2.2.1.2.2.2.2.1.1.2.1.2.2.2.2",0.454575737376053,FALSE,TRUE,37
"3.1.2.2.2.3.2.2.2.1.2.2.2.2.1.1.2.1.2.2.2.2",0.463070305467159,FALSE,TRUE,36
"3.1.2.2.2.2.3.2.2.1.2.2.2.2.1.1.2.1.2.2.2.2",0.451087073323656,FALSE,TRUE,37
"3.1.2.2.2.2.2.3.2.1.2.2.2.2.1.1.2.1.2.2.2.2",0.526359581878617,FALSE,TRUE,36
"3.1.2.2.2.2.2.2.3.1.2.2.2.2.1.1.2.1.2.2.2.2",0.451989055560767,FALSE,TRUE,37
"3.1.2.2.2.2.2.2.2.1.3.2.2.2.1.1.2.1.2.2.2.2",0.496956322428234,FALSE,TRUE,37
"3.1.2.2.2.2.2.2.2.1.2.3.2.2.1.1.2.1.2.2.2.2",0.489494341270539,FALSE,TRUE,37
"3.1.2.2.2.2.2.2.2.1.2.2.2.3.1.1.2.1.2.2.2.2",0.467132435468045,FALSE,TRUE,37
"3.1.2.2.2.2.2.2.2.1.2.2.2.2.2.1.2.1.2.2.2.2",0.532486506007069,FALSE,TRUE,38
"3.1.2.2.2.2.2.2.2.1.2.2.2.2.1.1.3.1.2.2.2.2",0.460284950513852,FALSE,TRUE,37
"3.1.2.2.2.2.2.2.2.1.2.2.2.2.1.1.2.2.2.2.2.2",0.499356760188019,FALSE,TRUE,38
"3.1.2.2.2.2.2.2.2.1.2.2.2.2.1.1.2.1.3.2.2.2",0.512852104034667,FALSE,TRUE,37
"3.1.2.2.2.2.2.2.2.1.2.2.2.2.1.1.2.1.2.3.2.2",0.488736567306627,FALSE,TRUE,36
"3.1.2.2.2.2.2.2.2.1.2.2.2.2.1.1.2.1.2.2.3.2",0.471492982816602,FALSE,TRUE,36
"3.1.2.2.2.2.2.2.2.1.2.2.2.2.1.1.2.1.2.2.2.3",0.512079594111843,FALSE,TRUE,37
"2.1.2.2.2.2.2.2.2.1.2.2.2.2.1.1.2.1.2.2.2.2",0.469353563553636,FALSE,TRUE,37
"3.1.1.2.2.2.2.2.2.1.2.2.2.2.1.1.2.1.2.2.2.2",0.448817641791654,FALSE,TRUE,36
"3.1.2.1.2.2.2.2.2.1.2.2.2.2.1.1.2.1.2.2.2.2",0.441240357412129,FALSE,TRUE,36
"3.1.2.2.1.2.2.2.2.1.2.2.2.2.1.1.2.1.2.2.2.2",0.490290666662209,FALSE,TRUE,36
"3.1.2.2.2.1.2.2.2.1.2.2.2.2.1.1.2.1.2.2.2.2",0.475687338773807,FALSE,TRUE,36
"3.1.2.2.2.2.1.2.2.1.2.2.2.2.1.1.2.1.2.2.2.2",0.493021096988542,FALSE,TRUE,36
"3.1.2.2.2.2.2.1.2.1.2.2.2.2.1.1.2.1.2.2.2.2",0.416718401315151,FALSE,TRUE,34
"3.1.2.2.2.2.2.2.1.1.2.2.2.2.1.1.2.1.2.2.2.2",0.488692422649088,FALSE,TRUE,36
"3.1.2.2.2.2.2.2.2.1.1.2.2.2.1.1.2.1.2.2.2.2",0.442687298028205,FALSE,TRUE,36
"3.1.2.2.2.2.2.2.2.1.2.1.2.2.1.1.2.1.2.2.2.2",0.454169938654464,FALSE,TRUE,36
"3.1.2.2.2.2.2.2.2.1.2.2.1.2.1.1.2.1.2.2.2.2",0.49581147610203,FALSE,TRUE,36
"3.1.2.2.2.2.2.2.2.1.2.2.2.1.1.1.2.1.2.2.2.2",0.47542452827735,FALSE,TRUE,36
"3.1.2.2.2.2.2.2.2.1.2.2.2.2.1.1.1.1.2.2.2.2",0.479594063205253,FALSE,TRUE,36
"3.1.2.2.2.2.2.2.2.1.2.2.2.2.1.1.2.1.1.2.2.2",0.421870090697101,FALSE,TRUE,36
"3.1.2.2.2.2.2.2.2.1.2.2.2.2.1.1.2.1.2.1.2.2",0.454064101048482,FALSE,TRUE,36
"3.1.2.2.2.2.2.2.2.1.2.2.2.2.1.1.2.1.2.2.1.2",0.468025540174327,FALSE,TRUE,36
"3.1.2.2.2.2.2.2.2.1.2.2.2.2.1.1.2.1.2.2.2.1",0.431364069097238,FALSE,TRUE,36
"4.2.2.2.1.2.2.2.2.2.2.2.2.1.1.2.2.1.2.2.2.2",0.494341184885325,FALSE,TRUE,37
"3.3.2.2.1.2.2.2.2.2.2.2.2.1.1.2.2.1.2.2.2.2",0.491339791194061,FALSE,TRUE,38
"3.2.3.2.1.2.2.2.2.2.2.2.2.1.1.2.2.1.2.2.2.2",0.463330013243254,FALSE,TRUE,37
"3.2.2.3.1.2.2.2.2.2.2.2.2.1.1.2.2.1.2.2.2.2",0.496777773213685,FALSE,TRUE,37
"3.2.2.2.1.3.2.2.2.2.2.2.2.1.1.2.2.1.2.2.2.2",0.471944283663477,FALSE,TRUE,36
"3.2.2.2.1.2.3.2.2.2.2.2.2.1.1.2.2.1.2.2.2.2",0.459336243289414,FALSE,TRUE,37
"3.2.2.2.1.2.2.3.2.2.2.2.2.1.1.2.2.1.2.2.2.2",0.53849767180889,FALSE,TRUE,37
"3.2.2.2.1.2.2.2.3.2.2.2.2.1.1.2.2.1.2.2.2.2",0.449213707292507,FALSE,TRUE,37
"3.2.2.2.1.2.2.2.2.3.2.2.2.1.1.2.2.1.2.2.2.2",0.459420742604746,FALSE,TRUE,37
"3.2.2.2.1.2.2.2.2.2.3.2.2.1.1.2.2.1.2.2.2.2",0.501959452725034,FALSE,TRUE,37
"3.2.2.2.1.2.2.2.2.2.2.3.2.1.1.2.2.1.2.2.2.2",0.487400864830807,FALSE,TRUE,37
"3.2.2.2.1.2.2.2.2.2.2.2.3.1.1.2.2.1.2.2.2.2",0.443003628116791,FALSE,TRUE,37
"3.2.2.2.1.2.2.2.2.2.2.2.2.1.2.2.2.1.2.2.2.2",0.539787469700608,FALSE,TRUE,38
"3.2.2.2.1.2.2.2.2.2.2.2.2.1.1.3.2.1.2.2.2.2",0.461757255926803,FALSE,TRUE,37
"3.2.2.2.1.2.2.2.2.2.2.2.2.1.1.2.3.1.2.2.2.2",0.461109283226382,FALSE,TRUE,37
"3.2.2.2.1.2.2.2.2.2.2.2.2.1.1.2.2.2.2.2.2.2",0.498788325570644,FALSE,TRUE,37
"3.2.2.2.1.2.2.2.2.2.2.2.2.1.1.2.2.1.3.2.2.2",0.520898364768292,FALSE,TRUE,37
"3.2.2.2.1.2.2.2.2.2.2.2.2.1.1.2.2.1.2.3.2.2",0.494818252158953,FALSE,TRUE,37
"3.2.2.2.1.2.2.2.2.2.2.2.2.1.1.2.2.1.2.2.3.2",0.480210664269637,FALSE,TRUE,37
"3.2.2.2.1.2.2.2.2.2.2.2.2.1.1.2.2.1.2.2.2.3",0.516449544787422,FALSE,TRUE,37
"2.2.2.2.1.2.2.2.2.2.2.2.2.1.1.2.2.1.2.2.2.2",0.473085597316267,FALSE,TRUE,36
"3.2.1.2.1.2.2.2.2.2.2.2.2.1.1.2.2.1.2.2.2.2",0.486367702649524,FALSE,TRUE,36
"3.2.2.1.1.2.2.2.2.2.2.2.2.1.1.2.2.1.2.2.2.2",0.46530892196715,FALSE,TRUE,36
"3.2.2.2.1.1.2.2.2.2.2.2.2.1.1.2.2.1.2.2.2.2",0.489414406786578,FALSE,TRUE,36
"3.2.2.2.1.2.1.2.2.2.2.2.2.1.1.2.2.1.2.2.2.2",0.51045155261492,FALSE,TRUE,36
"3.2.2.2.1.2.2.1.2.2.2.2.2.1.1.2.2.1.2.2.2.2",0.426406956444926,FALSE,TRUE,35
"3.2.2.2.1.2.2.2.1.2.2.2.2.1.1.2.2.1.2.2.2.2",0.515627167057109,FALSE,TRUE,36
"3.2.2.2.1.2.2.2.2.1.2.2.2.1.1.2.2.1.2.2.2.2",0.501102914861517,FALSE,TRUE,36
"3.2.2.2.1.2.2.2.2.2.1.2.2.1.1.2.2.1.2.2.2.2",0.461697689344287,FALSE,TRUE,36
"3.2.2.2.1.2.2.2.2.2.2.1.2.1.1.2.2.1.2.2.2.2",0.479196644474681,FALSE,TRUE,36
"3.2.2.2.1.2.2.2.2.2.2.2.1.1.1.2.2.1.2.2.2.2",0.514537879667102,FALSE,TRUE,36
"3.2.2.2.1.2.2.2.2.2.2.2.2.1.1.1.2.1.2.2.2.2",0.492222300210673,FALSE,TRUE,36
"3.2.2.2.1.2.2.2.2.2.2.2.2.1.1.2.1.1.2.2.2.2",0.503535694513716,FALSE,TRUE,36
"3.2.2.2.1.2.2.2.2.2.2.2.2.1.1.2.2.1.1.2.2.2",0.435530724399002,FALSE,TRUE,36
"3.2.2.2.1.2.2.2.2.2.2.2.2.1.1.2.2.1.2.1.2.2",0.471404902302792,FALSE,TRUE,35
"3.2.2.2.1.2.2.2.2.2.2.2.2.1.1.2.2.1.2.2.1.2",0.482701098914362,FALSE,TRUE,36
"3.2.2.2.1.2.2.2.2.2.2.2.2.1.1.2.2.1.2.2.2.1",0.450240630238549,FALSE,TRUE,36
"4.2.2.2.2.3.2.2.2.2.2.2.2.2.1.2.2.1.2.2.2.2",0.461450578336815,FALSE,TRUE,38
"3.3.2.2.2.3.2.2.2.2.2.2.2.2.1.2.2.1.2.2.2.2",0.44337425220867,FALSE,TRUE,39
"3.2.3.2.2.3.2.2.2.2.2.2.2.2.1.2.2.1.2.2.2.2",0.414515079294257,FALSE,TRUE,39
"3.2.2.3.2.3.2.2.2.2.2.2.2.2.1.2.2.1.2.2.2.2",0.454792508246348,FALSE,TRUE,39
"3.2.2.2.3.3.2.2.2.2.2.2.2.2.1.2.2.1.2.2.2.2",0.4357462227178,FALSE,TRUE,39
"3.2.2.2.2.4.2.2.2.2.2.2.2.2.1.2.2.1.2.2.2.2",0.42098318717749,FALSE,TRUE,40
"3.2.2.2.2.3.3.2.2.2.2.2.2.2.1.2.2.1.2.2.2.2",0.413455939338782,FALSE,TRUE,39
"3.2.2.2.2.3.2.3.2.2.2.2.2.2.1.2.2.1.2.2.2.2",0.508255268266121,FALSE,TRUE,39
"3.2.2.2.2.3.2.2.3.2.2.2.2.2.1.2.2.1.2.2.2.2",0.417127039503632,FALSE,TRUE,38
"3.2.2.2.2.3.2.2.2.3.2.2.2.2.1.2.2.1.2.2.2.2",0.418915732895156,FALSE,TRUE,39
"3.2.2.2.2.3.2.2.2.2.3.2.2.2.1.2.2.1.2.2.2.2",0.465468205390857,FALSE,TRUE,39
"3.2.2.2.2.3.2.2.2.2.2.3.2.2.1.2.2.1.2.2.2.2",0.452223889515972,FALSE,TRUE,38
"3.2.2.2.2.3.2.2.2.2.2.2.3.2.1.2.2.1.2.2.2.2",0.407660481221492,FALSE,TRUE,39
"3.2.2.2.2.3.2.2.2.2.2.2.2.3.1.2.2.1.2.2.2.2",0.429553523177266,FALSE,TRUE,39
"3.2.2.2.2.3.2.2.2.2.2.2.2.2.2.2.2.1.2.2.2.2",0.48072323105222,FALSE,TRUE,40
"3.2.2.2.2.3.2.2.2.2.2.2.2.2.1.3.2.1.2.2.2.2",0.431661113517274,FALSE,TRUE,40
"3.2.2.2.2.3.2.2.2.2.2.2.2.2.1.2.3.1.2.2.2.2",0.433473345785235,FALSE,TRUE,39
"3.2.2.2.2.3.2.2.2.2.2.2.2.2.1.2.2.2.2.2.2.2",0.44692034990496,FALSE,TRUE,39
"3.2.2.2.2.3.2.2.2.2.2.2.2.2.1.2.2.1.3.2.2.2",0.486850036779246,FALSE,TRUE,39
"3.2.2.2.2.3.2.2.2.2.2.2.2.2.1.2.2.1.2.3.2.2",0.452399644615619,FALSE,TRUE,38
"3.2.2.2.2.3.2.2.2.2.2.2.2.2.1.2.2.1.2.2.3.2",0.439594221872942,FALSE,TRUE,39
"3.2.2.2.2.3.2.2.2.2.2.2.2.2.1.2.2.1.2.2.2.3",0.483987230457324,FALSE,TRUE,38
"3.2.1.2.2.3.2.2.2.2.2.2.2.2.1.2.2.1.2.2.2.2",0.461135693597281,FALSE,TRUE,38
"3.2.2.1.2.3.2.2.2.2.2.2.2.2.1.2.2.1.2.2.2.2",0.43378340531869,FALSE,TRUE,38
"3.2.2.2.2.3.1.2.2.2.2.2.2.2.1.2.2.1.2.2.2.2",0.482966846935283,FALSE,TRUE,37
"3.2.2.2.2.3.2.2.1.2.2.2.2.2.1.2.2.1.2.2.2.2",0.474403016687711,FALSE,TRUE,38
"3.2.2.2.2.3.2.2.2.1.2.2.2.2.1.2.2.1.2.2.2.2",0.468744322446311,FALSE,TRUE,37
"3.2.2.2.2.3.2.2.2.2.1.2.2.2.1.2.2.1.2.2.2.2",0.424546143405131,FALSE,TRUE,38
"3.2.2.2.2.3.2.2.2.2.2.1.2.2.1.2.2.1.2.2.2.2",0.440692033571927,FALSE,TRUE,38
"3.2.2.2.2.3.2.2.2.2.2.2.1.2.1.2.2.1.2.2.2.2",0.476130887190225,FALSE,TRUE,38
"3.2.2.2.2.3.2.2.2.2.2.2.2.1.1.2.2.1.2.2.2.2",0.4623950547717,FALSE,TRUE,37
"3.2.2.2.2.3.2.2.2.2.2.2.2.2.1.2.1.1.2.2.2.2",0.457963319639239,FALSE,TRUE,38
"3.2.2.2.2.3.2.2.2.2.2.2.2.2.1.2.2.1.1.2.2.2",0.396090550395521,FALSE,TRUE,38
"3.2.2.2.2.3.2.2.2.2.2.2.2.2.1.2.2.1.2.2.1.2",0.45094868259038,FALSE,TRUE,38
"3.2.2.2.2.3.2.2.2.2.2.2.2.2.1.2.2.1.2.2.2.1",0.409774388665994,FALSE,TRUE,38
"4.1.2.2.2.2.2.3.2.2.2.2.2.2.1.1.2.1.2.2.2.2",0.503747496099225,FALSE,TRUE,37
"3.2.2.2.2.2.2.3.2.2.2.2.2.2.1.1.2.1.2.2.2.2",0.521686928934323,FALSE,TRUE,36
"3.1.3.2.2.2.2.3.2.2.2.2.2.2.1.1.2.1.2.2.2.2",0.510439827787373,FALSE,TRUE,37
"3.1.2.2.3.2.2.3.2.2.2.2.2.2.1.1.2.1.2.2.2.2",0.493043705407043,FALSE,TRUE,37
"3.1.2.2.2.3.2.3.2.2.2.2.2.2.1.1.2.1.2.2.2.2",0.49935222533333,FALSE,TRUE,36
"3.1.2.2.2.2.3.3.2.2.2.2.2.2.1.1.2.1.2.2.2.2",0.481971741814718,FALSE,TRUE,37
"3.1.2.2.2.2.2.4.2.2.2.2.2.2.1.1.2.1.2.2.2.2",0.553154280524788,FALSE,TRUE,38
"3.1.2.2.2.2.2.3.3.2.2.2.2.2.1.1.2.1.2.2.2.2",0.48300362043473,FALSE,TRUE,37
"3.1.2.2.2.2.2.3.2.3.2.2.2.2.1.1.2.1.2.2.2.2",0.476347483516694,FALSE,TRUE,37
"3.1.2.2.2.2.2.3.2.2.3.2.2.2.1.1.2.1.2.2.2.2",0.534515013893263,FALSE,TRUE,37
"3.1.2.2.2.2.2.3.2.2.2.3.2.2.1.1.2.1.2.2.2.2",0.525391601554348,FALSE,TRUE,37
"3.1.2.2.2.2.2.3.2.2.2.2.2.3.1.1.2.1.2.2.2.2",0.494421472793897,FALSE,TRUE,37
"3.1.2.2.2.2.2.3.2.2.2.2.2.2.2.1.2.1.2.2.2.2",0.57038842553178,FALSE,TRUE,38
"3.1.2.2.2.2.2.3.2.2.2.2.2.2.1.1.3.1.2.2.2.2",0.482174887833578,FALSE,TRUE,37
"3.1.2.2.2.2.2.3.2.2.2.2.2.2.1.1.2.2.2.2.2.2",0.530377714072126,FALSE,TRUE,38
"3.1.2.2.2.2.2.3.2.2.2.2.2.2.1.1.2.1.3.2.2.2",0.543974060395289,FALSE,TRUE,37
"3.1.2.2.2.2.2.3.2.2.2.2.2.2.1.1.2.1.2.3.2.2",0.520530668412257,FALSE,TRUE,36
"3.1.2.2.2.2.2.3.2.2.2.2.2.2.1.1.2.1.2.2.3.2",0.505842176779893,FALSE,TRUE,36
"3.1.2.2.2.2.2.3.2.2.2.2.2.2.1.1.2.1.2.2.2.3",0.542050561132855,FALSE,TRUE,37
"2.1.2.2.2.2.2.3.2.2.2.2.2.2.1.1.2.1.2.2.2.2",0.507147036524001,FALSE,TRUE,37
"3.1.1.2.2.2.2.3.2.2.2.2.2.2.1.1.2.1.2.2.2.2",0.484486992911008,FALSE,TRUE,36
"3.1.2.1.2.2.2.3.2.2.2.2.2.2.1.1.2.1.2.2.2.2",0.477594031696498,FALSE,TRUE,37
"3.1.2.2.1.2.2.3.2.2.2.2.2.2.1.1.2.1.2.2.2.2",0.518679215126278,FALSE,TRUE,36
"3.1.2.2.2.1.2.3.2.2.2.2.2.2.1.1.2.1.2.2.2.2",0.507048411410082,FALSE,TRUE,36
"3.1.2.2.2.2.1.3.2.2.2.2.2.2.1.1.2.1.2.2.2.2",0.53039025041348,FALSE,TRUE,36
"3.1.2.2.2.2.2.3.1.2.2.2.2.2.1.1.2.1.2.2.2.2",0.52547881603784,FALSE,TRUE,36
"3.1.2.2.2.2.2.3.2.2.1.2.2.2.1.1.2.1.2.2.2.2",0.473179169884772,FALSE,TRUE,36
"3.1.2.2.2.2.2.3.2.2.2.1.2.2.1.1.2.1.2.2.2.2",0.48529367100152,FALSE,TRUE,36
"3.1.2.2.2.2.2.3.2.2.2.2.1.2.1.1.2.1.2.2.2.2",0.531496512101784,FALSE,TRUE,36
"3.1.2.2.2.2.2.3.2.2.2.2.2.1.1.1.2.1.2.2.2.2",0.515851558709529,FALSE,TRUE,36
"3.1.2.2.2.2.2.3.2.2.2.2.2.2.1.1.1.1.2.2.2.2",0.525092616745597,FALSE,TRUE,36
"3.1.2.2.2.2.2.3.2.2.2.2.2.2.1.1.2.1.1.2.2.2",0.456808989570388,FALSE,TRUE,36
"3.1.2.2.2.2.2.3.2.2.2.2.2.2.1.1.2.1.2.1.2.2",0.489033960977378,FALSE,TRUE,36
"3.1.2.2.2.2.2.3.2.2.2.2.2.2.1.1.2.1.2.2.1.2",0.49958879176461,FALSE,TRUE,36
"3.1.2.2.2.2.2.3.2.2.2.2.2.2.1.1.2.1.2.2.2.1",0.467507995219069,FALSE,TRUE,36
"4.2.2.1.2.2.2.2.2.2.2.2.2.2.2.2.2.2.2.2.2.2",0.502534654753357,FALSE,TRUE,39
"3.3.2.1.2.2.2.2.2.2.2.2.2.2.2.2.2.2.2.2.2.2",0.484154873970511,FALSE,TRUE,38
"3.2.3.1.2.2.2.2.2.2.2.2.2.2.2.2.2.2.2.2.2.2",0.466906019731184,FALSE,TRUE,38
"3.2.2.1.3.2.2.2.2.2.2.2.2.2.2.2.2.2.2.2.2.2",0.484997870636896,FALSE,TRUE,38
"3.2.2.1.2.3.2.2.2.2.2.2.2.2.2.2.2.2.2.2.2.2",0.45925132231868,FALSE,TRUE,38
"3.2.2.1.2.2.3.2.2.2.2.2.2.2.2.2.2.2.2.2.2.2",0.45585813152025,FALSE,TRUE,38
"3.2.2.1.2.2.2.3.2.2.2.2.2.2.2.2.2.2.2.2.2.2",0.559675379894712,FALSE,TRUE,38
"3.2.2.1.2.2.2.2.3.2.2.2.2.2.2.2.2.2.2.2.2.2",0.465314905341808,FALSE,TRUE,38
"3.2.2.1.2.2.2.2.2.2.3.2.2.2.2.2.2.2.2.2.2.2",0.516462482539144,FALSE,TRUE,38
"3.2.2.1.2.2.2.2.2.2.2.3.2.2.2.2.2.2.2.2.2.2",0.501409716994895,FALSE,TRUE,38
"3.2.2.1.2.2.2.2.2.2.2.2.3.2.2.2.2.2.2.2.2.2",0.470294200832866,FALSE,TRUE,38
"3.2.2.1.2.2.2.2.2.2.2.2.2.2.3.2.2.2.2.2.2.2",0.520689990296593,FALSE,TRUE,38
"3.2.2.1.2.2.2.2.2.2.2.2.2.2.2.3.2.2.2.2.2.2",0.484127246804402,FALSE,TRUE,38
"3.2.2.1.2.2.2.2.2.2.2.2.2.2.2.2.3.2.2.2.2.2",0.486364524351497,FALSE,TRUE,38
"3.2.2.1.2.2.2.2.2.2.2.2.2.2.2.2.2.3.2.2.2.2",0.496518602472778,FALSE,TRUE,37
"3.2.2.1.2.2.2.2.2.2.2.2.2.2.2.2.2.2.3.2.2.2",0.532278714367625,FALSE,TRUE,37
"3.2.2.1.2.2.2.2.2.2.2.2.2.2.2.2.2.2.2.3.2.2",0.500781439684143,FALSE,TRUE,38
"3.2.2.1.2.2.2.2.2.2.2.2.2.2.2.2.2.2.2.2.3.2",0.473958362325326,FALSE,TRUE,39
"3.2.2.1.2.2.2.2.2.2.2.2.2.2.2.2.2.2.2.2.2.3",0.537814987855933,FALSE,TRUE,38
"3.1.2.1.2.2.2.2.2.2.2.2.2.2.2.2.2.2.2.2.2.2",0.498862895760555,FALSE,TRUE,36
"3.2.1.1.2.2.2.2.2.2.2.2.2.2.2.2.2.2.2.2.2.2",0.509489027964185,FALSE,TRUE,37
"3.2.2.1.1.2.2.2.2.2.2.2.2.2.2.2.2.2.2.2.2.2",0.508913710448625,FALSE,TRUE,37
"3.2.2.1.2.1.2.2.2.2.2.2.2.2.2.2.2.2.2.2.2.2",0.528147036954128,FALSE,TRUE,37
"3.2.2.1.2.2.1.2.2.2.2.2.2.2.2.2.2.2.2.2.2.2",0.541195454288946,FALSE,TRUE,37
"3.2.2.1.2.2.2.1.2.2.2.2.2.2.2.2.2.2.2.2.2.2",0.430388427187253,FALSE,TRUE,37
"3.2.2.1.2.2.2.2.1.2.2.2.2.2.2.2.2.2.2.2.2.2",0.526121550402508,FALSE,TRUE,37
"3.2.2.1.2.2.2.2.2.1.2.2.2.2.2.2.2.2.2.2.2.2",0.518746668801194,FALSE,TRUE,38
"3.2.2.1.2.2.2.2.2.2.1.2.2.2.2.2.2.2.2.2.2.2",0.473687315979126,FALSE,TRUE,37
"3.2.2.1.2.2.2.2.2.2.2.1.2.2.2.2.2.2.2.2.2.2",0.491714737867319,FALSE,TRUE,37
"3.2.2.1.2.2.2.2.2.2.2.2.1.2.2.2.2.2.2.2.2.2",0.513425920693043,FALSE,TRUE,37
"3.2.2.1.2.2.2.2.2.2.2.2.2.1.2.2.2.2.2.2.2.2",0.516821616429744,FALSE,TRUE,38
"3.2.2.1.2.2.2.2.2.2.2.2.2.2.1.2.2.2.2.2.2.2",0.46062478928453,FALSE,TRUE,35
"3.2.2.1.2.2.2.2.2.2.2.2.2.2.2.1.2.2.2.2.2.2",0.495879663642835,FALSE,TRUE,37
"3.2.2.1.2.2.2.2.2.2.2.2.2.2.2.2.1.2.2.2.2.2",0.505012361994108,FALSE,TRUE,37
"3.2.2.1.2.2.2.2.2.2.2.2.2.2.2.2.2.1.2.2.2.2",0.491992456681381,FALSE,TRUE,35
"3.2.2.1.2.2.2.2.2.2.2.2.2.2.2.2.2.2.1.2.2.2",0.449170228777826,FALSE,TRUE,36
"3.2.2.1.2.2.2.2.2.2.2.2.2.2.2.2.2.2.2.1.2.2",0.491377187308151,FALSE,TRUE,36
"3.2.2.1.2.2.2.2.2.2.2.2.2.2.2.2.2.2.2.2.2.1",0.454686478936981,FALSE,TRUE,37
"5.2.2.2.1.2.2.2.2.2.2.2.2.2.1.2.2.1.2.2.2.2",0.480008160369778,FALSE,TRUE,40
"4.3.2.2.1.2.2.2.2.2.2.2.2.2.1.2.2.1.2.2.2.2",0.484726747706993,FALSE,TRUE,39
"4.2.3.2.1.2.2.2.2.2.2.2.2.2.1.2.2.1.2.2.2.2",0.45608081540911,FALSE,TRUE,39
"4.2.2.3.1.2.2.2.2.2.2.2.2.2.1.2.2.1.2.2.2.2",0.483866949714112,FALSE,TRUE,39
"4.2.2.2.1.3.2.2.2.2.2.2.2.2.1.2.2.1.2.2.2.2",0.466890048346439,FALSE,TRUE,38
"4.2.2.2.1.2.3.2.2.2.2.2.2.2.1.2.2.1.2.2.2.2",0.450739974609918,FALSE,TRUE,39
"4.2.2.2.1.2.2.3.2.2.2.2.2.2.1.2.2.1.2.2.2.2",0.526384464914271,FALSE,TRUE,39
"4.2.2.2.1.2.2.2.3.2.2.2.2.2.1.2.2.1.2.2.2.2",0.452401128535587,FALSE,TRUE,39
"4.2.2.2.1.2.2.2.2.3.2.2.2.2.1.2.2.1.2.2.2.2",0.44471594334537,FALSE,TRUE,39
"4.2.2.2.1.2.2.2.2.2.3.2.2.2.1.2.2.1.2.2.2.2",0.504815336489244,FALSE,TRUE,39
"4.2.2.2.1.2.2.2.2.2.2.3.2.2.1.2.2.1.2.2.2.2",0.486767054907146,FALSE,TRUE,39
"4.2.2.2.1.2.2.2.2.2.2.2.3.2.1.2.2.1.2.2.2.2",0.437211975335699,FALSE,TRUE,39
"4.2.2.2.1.2.2.2.2.2.2.2.2.3.1.2.2.1.2.2.2.2",0.459131145299265,FALSE,TRUE,39
"4.2.2.2.1.2.2.2.2.2.2.2.2.2.2.2.2.1.2.2.2.2",0.519186655037979,FALSE,TRUE,40
"4.2.2.2.1.2.2.2.2.2.2.2.2.2.1.3.2.1.2.2.2.2",0.460744265344222,FALSE,TRUE,39
"4.2.2.2.1.2.2.2.2.2.2.2.2.2.1.2.3.1.2.2.2.2",0.450581028752448,FALSE,TRUE,39
"4.2.2.2.1.2.2.2.2.2.2.2.2.2.1.2.2.2.2.2.2.2",0.486254937709721,FALSE,TRUE,39
"4.2.2.2.1.2.2.2.2.2.2.2.2.2.1.2.2.1.3.2.2.2",0.517760869255353,FALSE,TRUE,39
"4.2.2.2.1.2.2.2.2.2.2.2.2.2.1.2.2.1.2.3.2.2",0.491763134810864,FALSE,TRUE,39
"4.2.2.2.1.2.2.2.2.2.2.2.2.2.1.2.2.1.2.2.3.2",0.469925579270241,FALSE,TRUE,39
"4.2.2.2.1.2.2.2.2.2.2.2.2.2.1.2.2.1.2.2.2.3",0.506819507185903,FALSE,TRUE,39
"4.1.2.2.1.2.2.2.2.2.2.2.2.2.1.2.2.1.2.2.2.2",0.459532659514689,FALSE,TRUE,36
"4.2.1.2.1.2.2.2.2.2.2.2.2.2.1.2.2.1.2.2.2.2",0.482255722122845,FALSE,TRUE,38
"4.2.2.1.1.2.2.2.2.2.2.2.2.2.1.2.2.1.2.2.2.2",0.466289730446172,FALSE,TRUE,38
"4.2.2.2.1.1.2.2.2.2.2.2.2.2.1.2.2.1.2.2.2.2",0.482196187487288,FALSE,TRUE,38
"4.2.2.2.1.2.1.2.2.2.2.2.2.2.1.2.2.1.2.2.2.2",0.507683919450951,FALSE,TRUE,38
"4.2.2.2.1.2.2.1.2.2.2.2.2.2.1.2.2.1.2.2.2.2",0.425478814589363,FALSE,TRUE,37
"4.2.2.2.1.2.2.2.1.2.2.2.2.2.1.2.2.1.2.2.2.2",0.500905189120761,FALSE,TRUE,38
"4.2.2.2.1.2.2.2.2.1.2.2.2.2.1.2.2.1.2.2.2.2",0.50358047151878,FALSE,TRUE,38
"4.2.2.2.1.2.2.2.2.2.1.2.2.2.1.2.2.1.2.2.2.2",0.447509545001126,FALSE,TRUE,38
"4.2.2.2.1.2.2.2.2.2.2.1.2.2.1.2.2.1.2.2.2.2",0.467240446431635,FALSE,TRUE,38
"4.2.2.2.1.2.2.2.2.2.2.2.1.2.1.2.2.1.2.2.2.2",0.507424773871411,FALSE,TRUE,38
"4.2.2.2.1.2.2.2.2.2.2.2.2.2.1.1.2.1.2.2.2.2",0.479925137513332,FALSE,TRUE,38
"4.2.2.2.1.2.2.2.2.2.2.2.2.2.1.2.1.1.2.2.2.2",0.502245910698436,FALSE,TRUE,38
"4.2.2.2.1.2.2.2.2.2.2.2.2.2.1.2.2.1.1.2.2.2",0.425371863413487,FALSE,TRUE,38
"4.2.2.2.1.2.2.2.2.2.2.2.2.2.1.2.2.1.2.1.2.2",0.463565260172764,FALSE,TRUE,37
"4.2.2.2.1.2.2.2.2.2.2.2.2.2.1.2.2.1.2.2.1.2",0.480315013719949,FALSE,TRUE,38
"4.2.2.2.1.2.2.2.2.2.2.2.2.2.1.2.2.1.2.2.2.1",0.448305544820869,FALSE,TRUE,38
"4.1.2.2.1.2.2.2.2.2.2.2.2.1.1.2.2.1.2.2.2.2",0.465667315626685,FALSE,TRUE,35
"3.1.3.2.1.2.2.2.2.2.2.2.2.1.1.2.2.1.2.2.2.2",0.458003861002771,FALSE,TRUE,36
"3.1.2.3.1.2.2.2.2.2.2.2.2.1.1.2.2.1.2.2.2.2",0.482480523875413,FALSE,TRUE,36
"3.1.2.2.1.3.2.2.2.2.2.2.2.1.1.2.2.1.2.2.2.2",0.458064374638734,FALSE,TRUE,36
"3.1.2.2.1.2.3.2.2.2.2.2.2.1.1.2.2.1.2.2.2.2",0.446705336807143,FALSE,TRUE,36
"3.1.2.2.1.2.2.3.2.2.2.2.2.1.1.2.2.1.2.2.2.2",0.515409964706575,FALSE,TRUE,36
"3.1.2.2.1.2.2.2.2.3.2.2.2.1.1.2.2.1.2.2.2.2",0.445068279937414,FALSE,TRUE,36
"3.1.2.2.1.2.2.2.2.2.3.2.2.1.1.2.2.1.2.2.2.2",0.487520899830027,FALSE,TRUE,36
"3.1.2.2.1.2.2.2.2.2.2.3.2.1.1.2.2.1.2.2.2.2",0.46952589662089,FALSE,TRUE,36
"3.1.2.2.1.2.2.2.2.2.2.2.3.1.1.2.2.1.2.2.2.2",0.424190114141708,FALSE,TRUE,36
"3.1.2.2.1.2.2.2.2.2.2.2.2.1.2.2.2.1.2.2.2.2",0.526475294519136,FALSE,TRUE,37
"3.1.2.2.1.2.2.2.2.2.2.2.2.1.1.3.2.1.2.2.2.2",0.434482565083477,FALSE,TRUE,36
"3.1.2.2.1.2.2.2.2.2.2.2.2.1.1.2.3.1.2.2.2.2",0.443776005541084,FALSE,TRUE,36
"3.1.2.2.1.2.2.2.2.2.2.2.2.1.1.2.2.2.2.2.2.2",0.492680780242117,FALSE,TRUE,37
"3.1.2.2.1.2.2.2.2.2.2.2.2.1.1.2.2.1.3.2.2.2",0.505623650810882,FALSE,TRUE,36
"3.1.2.2.1.2.2.2.2.2.2.2.2.1.1.2.2.1.2.3.2.2",0.487101072214437,FALSE,TRUE,34
"3.1.2.2.1.2.2.2.2.2.2.2.2.1.1.2.2.1.2.2.3.2",0.456090932091525,FALSE,TRUE,36
"3.1.2.2.1.2.2.2.2.2.2.2.2.1.1.2.2.1.2.2.2.3",0.499522571597006,FALSE,TRUE,36
"2.1.2.2.1.2.2.2.2.2.2.2.2.1.1.2.2.1.2.2.2.2",0.459170369208778,FALSE,TRUE,36
"3.1.1.2.1.2.2.2.2.2.2.2.2.1.1.2.2.1.2.2.2.2",0.448785869551416,FALSE,TRUE,35
"3.1.2.1.1.2.2.2.2.2.2.2.2.1.1.2.2.1.2.2.2.2",0.436401110426161,FALSE,TRUE,35
"3.1.2.2.1.1.2.2.2.2.2.2.2.1.1.2.2.1.2.2.2.2",0.460610588255526,FALSE,TRUE,35
"3.1.2.2.1.2.1.2.2.2.2.2.2.1.1.2.2.1.2.2.2.2",0.479822733515075,FALSE,TRUE,35
"3.1.2.2.1.2.2.1.2.2.2.2.2.1.1.2.2.1.2.2.2.2",0.407457250333044,FALSE,TRUE,35
"3.1.2.2.1.2.2.2.1.2.2.2.2.1.1.2.2.1.2.2.2.2",0.487612123740153,FALSE,TRUE,36
"3.1.2.2.1.2.2.2.2.1.2.2.2.1.1.2.2.1.2.2.2.2",0.472991754374777,FALSE,TRUE,35
"3.1.2.2.1.2.2.2.2.2.1.2.2.1.1.2.2.1.2.2.2.2",0.433075561284564,FALSE,TRUE,35
"3.1.2.2.1.2.2.2.2.2.2.1.2.1.1.2.2.1.2.2.2.2",0.454289735058254,FALSE,TRUE,35
"3.1.2.2.1.2.2.2.2.2.2.2.1.1.1.2.2.1.2.2.2.2",0.490884154265728,FALSE,TRUE,35
"3.1.2.2.1.2.2.2.2.2.2.2.2.1.1.1.2.1.2.2.2.2",0.476674012955424,FALSE,TRUE,33
"3.1.2.2.1.2.2.2.2.2.2.2.2.1.1.2.1.1.2.2.2.2",0.478045964659146,FALSE,TRUE,35
"3.1.2.2.1.2.2.2.2.2.2.2.2.1.1.2.2.1.1.2.2.2",0.408643985251927,FALSE,TRUE,35
"3.1.2.2.1.2.2.2.2.2.2.2.2.1.1.2.2.1.2.1.2.2",0.435994232415865,FALSE,TRUE,35
"3.1.2.2.1.2.2.2.2.2.2.2.2.1.1.2.2.1.2.2.1.2",0.464496591357621,FALSE,TRUE,35
"3.1.2.2.1.2.2.2.2.2.2.2.2.1.1.2.2.1.2.2.2.1",0.424038806947468,FALSE,TRUE,35
"4.2.2.1.2.2.2.2.2.2.2.2.2.2.2.2.2.2.2.2.1.2",0.516799893388362,FALSE,TRUE,39
"3.3.2.1.2.2.2.2.2.2.2.2.2.2.2.2.2.2.2.2.1.2",0.497870962545663,FALSE,TRUE,39
"3.2.2.2.2.2.2.2.2.2.2.2.2.2.2.2.2.2.2.2.1.2",0.527475901144005,FALSE,TRUE,38
"3.2.2.1.3.2.2.2.2.2.2.2.2.2.2.2.2.2.2.2.1.2",0.493487587711824,FALSE,TRUE,39
"3.2.2.1.2.3.2.2.2.2.2.2.2.2.2.2.2.2.2.2.1.2",0.47997154219321,FALSE,TRUE,39
"3.2.2.1.2.2.3.2.2.2.2.2.2.2.2.2.2.2.2.2.1.2",0.482580914413279,FALSE,TRUE,39
"3.2.2.1.2.2.2.3.2.2.2.2.2.2.2.2.2.2.2.2.1.2",0.572172708103978,FALSE,TRUE,39
"3.2.2.1.2.2.2.2.3.2.2.2.2.2.2.2.2.2.2.2.1.2",0.480398794759242,FALSE,TRUE,38
"3.2.2.1.2.2.2.2.2.3.2.2.2.2.2.2.2.2.2.2.1.2",0.483883963025625,FALSE,TRUE,38
"3.2.2.1.2.2.2.2.2.2.3.2.2.2.2.2.2.2.2.2.1.2",0.531101415855258,FALSE,TRUE,39
"3.2.2.1.2.2.2.2.2.2.2.3.2.2.2.2.2.2.2.2.1.2",0.515142753755965,FALSE,TRUE,39
"3.2.2.1.2.2.2.2.2.2.2.2.3.2.2.2.2.2.2.2.1.2",0.47833294769528,FALSE,TRUE,39
"3.2.2.1.2.2.2.2.2.2.2.2.2.3.2.2.2.2.2.2.1.2",0.496050484985742,FALSE,TRUE,39
"3.2.2.1.2.2.2.2.2.2.2.2.2.2.3.2.2.2.2.2.1.2",0.546227664155492,FALSE,TRUE,39
"3.2.2.1.2.2.2.2.2.2.2.2.2.2.2.3.2.2.2.2.1.2",0.504575609248476,FALSE,TRUE,39
"3.2.2.1.2.2.2.2.2.2.2.2.2.2.2.2.3.2.2.2.1.2",0.502093949816905,FALSE,TRUE,39
"3.2.2.1.2.2.2.2.2.2.2.2.2.2.2.2.2.3.2.2.1.2",0.515042992824757,FALSE,TRUE,39
"3.2.2.1.2.2.2.2.2.2.2.2.2.2.2.2.2.2.3.2.1.2",0.547201692405062,FALSE,TRUE,38
"3.2.2.1.2.2.2.2.2.2.2.2.2.2.2.2.2.2.2.3.1.2",0.523792197304342,FALSE,TRUE,39
"3.2.2.1.2.2.2.2.2.2.2.2.2.2.2.2.2.2.2.2.1.3",0.554055526898506,FALSE,TRUE,39
"3.1.2.1.2.2.2.2.2.2.2.2.2.2.2.2.2.2.2.2.1.2",0.516113368543115,FALSE,TRUE,38
"3.2.1.1.2.2.2.2.2.2.2.2.2.2.2.2.2.2.2.2.1.2",0.520755277240316,FALSE,TRUE,39
"3.2.2.1.1.2.2.2.2.2.2.2.2.2.2.2.2.2.2.2.1.2",0.530771040777695,FALSE,TRUE,38
"3.2.2.1.2.1.2.2.2.2.2.2.2.2.2.2.2.2.2.2.1.2",0.537589596303104,FALSE,TRUE,38
"3.2.2.1.2.2.1.2.2.2.2.2.2.2.2.2.2.2.2.2.1.2",0.542890986076623,FALSE,TRUE,38
"3.2.2.1.2.2.2.1.2.2.2.2.2.2.2.2.2.2.2.2.1.2",0.448629263610781,FALSE,TRUE,38
"3.2.2.1.2.2.2.2.1.2.2.2.2.2.2.2.2.2.2.2.1.2",0.540167559828099,FALSE,TRUE,38
"3.2.2.1.2.2.2.2.2.1.2.2.2.2.2.2.2.2.2.2.1.2",0.531876522223253,FALSE,TRUE,38
"3.2.2.1.2.2.2.2.2.2.1.2.2.2.2.2.2.2.2.2.1.2",0.488167943867576,FALSE,TRUE,38
"3.2.2.1.2.2.2.2.2.2.2.1.2.2.2.2.2.2.2.2.1.2",0.508281172525555,FALSE,TRUE,38
"3.2.2.1.2.2.2.2.2.2.2.2.1.2.2.2.2.2.2.2.1.2",0.535693059900383,FALSE,TRUE,38
"3.2.2.1.2.2.2.2.2.2.2.2.2.1.2.2.2.2.2.2.1.2",0.52606160750973,FALSE,TRUE,38
"3.2.2.1.2.2.2.2.2.2.2.2.2.2.1.2.2.2.2.2.1.2",0.46466829004294,FALSE,TRUE,37
"3.2.2.1.2.2.2.2.2.2.2.2.2.2.2.1.2.2.2.2.1.2",0.506108223040698,FALSE,TRUE,38
"3.2.2.1.2.2.2.2.2.2.2.2.2.2.2.2.1.2.2.2.1.2",0.51801488788907,FALSE,TRUE,38
"3.2.2.1.2.2.2.2.2.2.2.2.2.2.2.2.2.1.2.2.1.2",0.503582530104196,FALSE,TRUE,38
"3.2.2.1.2.2.2.2.2.2.2.2.2.2.2.2.2.2.1.2.1.2",0.465047126926497,FALSE,TRUE,38
"3.2.2.1.2.2.2.2.2.2.2.2.2.2.2.2.2.2.2.1.1.2",0.497839935970534,FALSE,TRUE,38
"3.2.2.1.2.2.2.2.2.2.2.2.2.2.2.2.2.2.2.2.1.1",0.467829347285084,FALSE,TRUE,38
"3.2.2.2.3.2.2.2.2.2.2.2.2.2.2.2.2.2.1.2.2.2",0.447146111080442,FALSE,TRUE,41
"2.3.2.2.3.2.2.2.2.2.2.2.2.2.2.2.2.2.1.2.2.2",0.416533912160085,FALSE,TRUE,41
"2.2.3.2.3.2.2.2.2.2.2.2.2.2.2.2.2.2.1.2.2.2",0.388299160485526,FALSE,TRUE,41
"2.2.2.3.3.2.2.2.2.2.2.2.2.2.2.2.2.2.1.2.2.2",0.438050594778006,FALSE,TRUE,41
"2.2.2.2.4.2.2.2.2.2.2.2.2.2.2.2.2.2.1.2.2.2",0.413557847303082,FALSE,TRUE,42
"2.2.2.2.3.3.2.2.2.2.2.2.2.2.2.2.2.2.1.2.2.2",0.395458459416251,FALSE,TRUE,41
"2.2.2.2.3.2.3.2.2.2.2.2.2.2.2.2.2.2.1.2.2.2",0.391007406970239,FALSE,TRUE,41
"2.2.2.2.3.2.2.3.2.2.2.2.2.2.2.2.2.2.1.2.2.2",0.519097813987521,FALSE,TRUE,41
"2.2.2.2.3.2.2.2.3.2.2.2.2.2.2.2.2.2.1.2.2.2",0.392367870049705,FALSE,TRUE,41
"2.2.2.2.3.2.2.2.2.3.2.2.2.2.2.2.2.2.1.2.2.2",0.391920623065011,FALSE,TRUE,40
"2.2.2.2.3.2.2.2.2.2.3.2.2.2.2.2.2.2.1.2.2.2",0.459106282978256,FALSE,TRUE,41
"2.2.2.2.3.2.2.2.2.2.2.3.2.2.2.2.2.2.1.2.2.2",0.434230877035342,FALSE,TRUE,41
"2.2.2.2.3.2.2.2.2.2.2.2.3.2.2.2.2.2.1.2.2.2",0.382489489286325,FALSE,TRUE,41
"2.2.2.2.3.2.2.2.2.2.2.2.2.3.2.2.2.2.1.2.2.2",0.401545633252363,FALSE,TRUE,41
"2.2.2.2.3.2.2.2.2.2.2.2.2.2.3.2.2.2.1.2.2.2",0.469166276026231,FALSE,TRUE,41
"2.2.2.2.3.2.2.2.2.2.2.2.2.2.2.3.2.2.1.2.2.2",0.417360945533967,FALSE,TRUE,41
"2.2.2.2.3.2.2.2.2.2.2.2.2.2.2.2.3.2.1.2.2.2",0.424400709702603,FALSE,TRUE,41
"2.2.2.2.3.2.2.2.2.2.2.2.2.2.2.2.2.3.1.2.2.2",0.4260322074728,FALSE,TRUE,41
"2.2.2.2.3.2.2.2.2.2.2.2.2.2.2.2.2.2.1.3.2.2",0.449120801762059,FALSE,TRUE,41
"2.2.2.2.3.2.2.2.2.2.2.2.2.2.2.2.2.2.1.2.3.2",0.418759278972133,FALSE,TRUE,41
"2.2.2.2.3.2.2.2.2.2.2.2.2.2.2.2.2.2.1.2.2.3",0.489915040017815,FALSE,TRUE,41
"1.2.2.2.3.2.2.2.2.2.2.2.2.2.2.2.2.2.1.2.2.2",0.417961899917484,FALSE,TRUE,40
"2.1.2.2.3.2.2.2.2.2.2.2.2.2.2.2.2.2.1.2.2.2",0.439198696422561,FALSE,TRUE,39
"2.2.1.2.3.2.2.2.2.2.2.2.2.2.2.2.2.2.1.2.2.2",0.457656341216808,FALSE,TRUE,40
"2.2.2.1.3.2.2.2.2.2.2.2.2.2.2.2.2.2.1.2.2.2",0.420669887998989,FALSE,TRUE,39
"2.2.2.2.3.1.2.2.2.2.2.2.2.2.2.2.2.2.1.2.2.2",0.462983981939471,FALSE,TRUE,40
"2.2.2.2.3.2.1.2.2.2.2.2.2.2.2.2.2.2.1.2.2.2",0.475248843016404,FALSE,TRUE,40
"2.2.2.2.3.2.2.1.2.2.2.2.2.2.2.2.2.2.1.2.2.2",0.344482647887212,FALSE,TRUE,40
"2.2.2.2.3.2.2.2.1.2.2.2.2.2.2.2.2.2.1.2.2.2",0.468574685314559,FALSE,TRUE,40
"2.2.2.2.3.2.2.2.2.1.2.2.2.2.2.2.2.2.1.2.2.2",0.467142633218912,FALSE,TRUE,40
"2.2.2.2.3.2.2.2.2.2.1.2.2.2.2.2.2.2.1.2.2.2",0.401084951583967,FALSE,TRUE,40
"2.2.2.2.3.2.2.2.2.2.2.1.2.2.2.2.2.2.1.2.2.2",0.429722340457636,FALSE,TRUE,40
"2.2.2.2.3.2.2.2.2.2.2.2.1.2.2.2.2.2.1.2.2.2",0.473437571262095,FALSE,TRUE,40
"2.2.2.2.3.2.2.2.2.2.2.2.2.1.2.2.2.2.1.2.2.2",0.460654266368379,FALSE,TRUE,40
"2.2.2.2.3.2.2.2.2.2.2.2.2.2.1.2.2.2.1.2.2.2",0.383269590357879,FALSE,TRUE,39
"2.2.2.2.3.2.2.2.2.2.2.2.2.2.2.1.2.2.1.2.2.2",0.433446142794129,FALSE,TRUE,40
"2.2.2.2.3.2.2.2.2.2.2.2.2.2.2.2.1.2.1.2.2.2",0.437947469383373,FALSE,TRUE,40
"2.2.2.2.3.2.2.2.2.2.2.2.2.2.2.2.2.1.1.2.2.2",0.43358556502841,FALSE,TRUE,40
"2.2.2.2.3.2.2.2.2.2.2.2.2.2.2.2.2.2.1.1.2.2",0.413366924074419,FALSE,TRUE,39
"2.2.2.2.3.2.2.2.2.2.2.2.2.2.2.2.2.2.1.2.1.2",0.442340291816264,FALSE,TRUE,40
"2.2.2.2.3.2.2.2.2.2.2.2.2.2.2.2.2.2.1.2.2.1",0.374145390990045,FALSE,TRUE,40
"4.2.2.2.2.2.2.1.2.1.2.2.2.2.1.2.2.1.2.2.2.2",0.440906865298611,FALSE,TRUE,38
"3.3.2.2.2.2.2.1.2.1.2.2.2.2.1.2.2.1.2.2.2.2",0.432388061669829,FALSE,TRUE,38
"3.2.3.2.2.2.2.1.2.1.2.2.2.2.1.2.2.1.2.2.2.2",0.398986207016518,FALSE,TRUE,38
"3.2.2.3.2.2.2.1.2.1.2.2.2.2.1.2.2.1.2.2.2.2",0.434219889603648,FALSE,TRUE,38
"3.2.2.2.3.2.2.1.2.1.2.2.2.2.1.2.2.1.2.2.2.2",0.410646526609805,FALSE,TRUE,38
"3.2.2.2.2.3.2.1.2.1.2.2.2.2.1.2.2.1.2.2.2.2",0.40705035719446,FALSE,TRUE,37
"3.2.2.2.2.2.3.1.2.1.2.2.2.2.1.2.2.1.2.2.2.2",0.397711015968505,FALSE,TRUE,38
"3.2.2.2.2.2.2.1.3.1.2.2.2.2.1.2.2.1.2.2.2.2",0.396088503609486,FALSE,TRUE,38
"3.2.2.2.2.2.2.1.2.1.3.2.2.2.1.2.2.1.2.2.2.2",0.443588271220725,FALSE,TRUE,38
"3.2.2.2.2.2.2.1.2.1.2.3.2.2.1.2.2.1.2.2.2.2",0.427394052942818,FALSE,TRUE,38
"3.2.2.2.2.2.2.1.2.1.2.2.3.2.1.2.2.1.2.2.2.2",0.383432419391915,FALSE,TRUE,38
"3.2.2.2.2.2.2.1.2.1.2.2.2.3.1.2.2.1.2.2.2.2",0.414498098674358,FALSE,TRUE,38
"3.2.2.2.2.2.2.1.2.1.2.2.2.2.2.2.2.1.2.2.2.2",0.46831458929573,FALSE,TRUE,39
"3.2.2.2.2.2.2.1.2.1.2.2.2.2.1.3.2.1.2.2.2.2",0.40235015635332,FALSE,TRUE,38
"3.2.2.2.2.2.2.1.2.1.2.2.2.2.1.2.3.1.2.2.2.2",0.416150772014924,FALSE,TRUE,38
"3.2.2.2.2.2.2.1.2.1.2.2.2.2.1.2.2.2.2.2.2.2",0.432222028396482,FALSE,TRUE,37
"3.2.2.2.2.2.2.1.2.1.2.2.2.2.1.2.2.1.3.2.2.2",0.469347581913189,FALSE,TRUE,38
"3.2.2.2.2.2.2.1.2.1.2.2.2.2.1.2.2.1.2.3.2.2",0.436932193181434,FALSE,TRUE,38
"3.2.2.2.2.2.2.1.2.1.2.2.2.2.1.2.2.1.2.2.3.2",0.418097261673828,FALSE,TRUE,38
"3.2.2.2.2.2.2.1.2.1.2.2.2.2.1.2.2.1.2.2.2.3",0.465426695564878,FALSE,TRUE,38
"2.2.2.2.2.2.2.1.2.1.2.2.2.2.1.2.2.1.2.2.2.2",0.409756911201853,FALSE,TRUE,36
"3.1.2.2.2.2.2.1.2.1.2.2.2.2.1.2.2.1.2.2.2.2",0.407547746690423,FALSE,TRUE,35
"3.2.1.2.2.2.2.1.2.1.2.2.2.2.1.2.2.1.2.2.2.2",0.430091505800431,FALSE,TRUE,37
"3.2.2.1.2.2.2.1.2.1.2.2.2.2.1.2.2.1.2.2.2.2",0.408772256761211,FALSE,TRUE,37
"3.2.2.2.1.2.2.1.2.1.2.2.2.2.1.2.2.1.2.2.2.2",0.438746205320547,FALSE,TRUE,36
"3.2.2.2.2.1.2.1.2.1.2.2.2.2.1.2.2.1.2.2.2.2",0.435550091931373,FALSE,TRUE,37
"3.2.2.2.2.2.1.1.2.1.2.2.2.2.1.2.2.1.2.2.2.2",0.451821990184805,FALSE,TRUE,37
"3.2.2.2.2.2.2.1.1.1.2.2.2.2.1.2.2.1.2.2.2.2",0.449381674559594,FALSE,TRUE,37
"3.2.2.2.2.2.2.1.2.1.1.2.2.2.1.2.2.1.2.2.2.2",0.400724856807552,FALSE,TRUE,37
"3.2.2.2.2.2.2.1.2.1.2.1.2.2.1.2.2.1.2.2.2.2",0.420613172710637,FALSE,TRUE,37
"3.2.2.2.2.2.2.1.2.1.2.2.1.2.1.2.2.1.2.2.2.2",0.455833047226857,FALSE,TRUE,37
"3.2.2.2.2.2.2.1.2.1.2.2.2.1.1.2.2.1.2.2.2.2",0.431902194979304,FALSE,TRUE,37
"3.2.2.2.2.2.2.1.2.1.2.2.2.2.1.1.2.1.2.2.2.2",0.432407806077918,FALSE,TRUE,35
"3.2.2.2.2.2.2.1.2.1.2.2.2.2.1.2.1.1.2.2.2.2",0.429567334332996,FALSE,TRUE,37
"3.2.2.2.2.2.2.1.2.1.2.2.2.2.1.2.2.1.1.2.2.2",0.370165930710096,FALSE,TRUE,37
"3.2.2.2.2.2.2.1.2.1.2.2.2.2.1.2.2.1.2.1.2.2",0.411579261037756,FALSE,TRUE,36
"3.2.2.2.2.2.2.1.2.1.2.2.2.2.1.2.2.1.2.2.1.2",0.427531644173398,FALSE,TRUE,37
"3.2.2.2.2.2.2.1.2.1.2.2.2.2.1.2.2.1.2.2.2.1",0.384321263450624,FALSE,TRUE,37
"4.1.2.2.1.2.2.2.3.2.2.2.2.1.1.2.2.1.2.2.2.2",0.442965277668377,FALSE,TRUE,37
"3.1.3.2.1.2.2.2.3.2.2.2.2.1.1.2.2.1.2.2.2.2",0.41678014412096,FALSE,TRUE,37
"3.1.2.3.1.2.2.2.3.2.2.2.2.1.1.2.2.1.2.2.2.2",0.441955708313502,FALSE,TRUE,37
"3.1.2.2.2.2.2.2.3.2.2.2.2.1.1.2.2.1.2.2.2.2",0.427018023314073,FALSE,TRUE,37
"3.1.2.2.1.3.2.2.3.2.2.2.2.1.1.2.2.1.2.2.2.2",0.427101396680501,FALSE,TRUE,37
"3.1.2.2.1.2.3.2.3.2.2.2.2.1.1.2.2.1.2.2.2.2",0.412256954577476,FALSE,TRUE,37
"3.1.2.2.1.2.2.3.3.2.2.2.2.1.1.2.2.1.2.2.2.2",0.482731345358619,FALSE,TRUE,37
"3.1.2.2.1.2.2.2.4.2.2.2.2.1.1.2.2.1.2.2.2.2",0.393903734989494,FALSE,TRUE,38
"3.1.2.2.1.2.2.2.3.3.2.2.2.1.1.2.2.1.2.2.2.2",0.412712592735279,FALSE,TRUE,37
"3.1.2.2.1.2.2.2.3.2.3.2.2.1.1.2.2.1.2.2.2.2",0.450299839832165,FALSE,TRUE,37
"3.1.2.2.1.2.2.2.3.2.2.3.2.1.1.2.2.1.2.2.2.2",0.432477513856789,FALSE,TRUE,37
"3.1.2.2.1.2.2.2.3.2.2.2.3.1.1.2.2.1.2.2.2.2",0.389538141938834,FALSE,TRUE,37
"3.1.2.2.1.2.2.2.3.2.2.2.2.2.1.2.2.1.2.2.2.2",0.428762534552979,FALSE,TRUE,36
"3.1.2.2.1.2.2.2.3.2.2.2.2.1.2.2.2.1.2.2.2.2",0.494311874056078,FALSE,TRUE,38
"3.1.2.2.1.2.2.2.3.2.2.2.2.1.1.3.2.1.2.2.2.2",0.399722114622407,FALSE,TRUE,37
"3.1.2.2.1.2.2.2.3.2.2.2.2.1.1.2.3.1.2.2.2.2",0.410175104207114,FALSE,TRUE,37
"3.1.2.2.1.2.2.2.3.2.2.2.2.1.1.2.2.2.2.2.2.2",0.451744757055345,FALSE,TRUE,38
"3.1.2.2.1.2.2.2.3.2.2.2.2.1.1.2.2.1.3.2.2.2",0.469370332913257,FALSE,TRUE,37
"3.1.2.2.1.2.2.2.3.2.2.2.2.1.1.2.2.1.2.3.2.2",0.446779409913891,FALSE,TRUE,37
"3.1.2.2.1.2.2.2.3.2.2.2.2.1.1.2.2.1.2.2.3.2",0.425837084507274,FALSE,TRUE,37
"3.1.2.2.1.2.2.2.3.2.2.2.2.1.1.2.2.1.2.2.2.3",0.466781097244817,FALSE,TRUE,37
"2.1.2.2.1.2.2.2.3.2.2.2.2.1.1.2.2.1.2.2.2.2",0.418488811391347,FALSE,TRUE,37
"3.1.1.2.1.2.2.2.3.2.2.2.2.1.1.2.2.1.2.2.2.2",0.426888828942211,FALSE,TRUE,36
"3.1.2.1.1.2.2.2.3.2.2.2.2.1.1.2.2.1.2.2.2.2",0.413567601459814,FALSE,TRUE,36
"3.1.2.2.1.1.2.2.3.2.2.2.2.1.1.2.2.1.2.2.2.2",0.427825292151821,FALSE,TRUE,36
"3.1.2.2.1.2.1.2.3.2.2.2.2.1.1.2.2.1.2.2.2.2",0.451332235403286,FALSE,TRUE,36
"3.1.2.2.1.2.2.1.3.2.2.2.2.1.1.2.2.1.2.2.2.2",0.376844166845449,FALSE,TRUE,36
"3.1.2.2.1.2.2.2.3.1.2.2.2.1.1.2.2.1.2.2.2.2",0.442485369642419,FALSE,TRUE,36
"3.1.2.2.1.2.2.2.3.2.1.2.2.1.1.2.2.1.2.2.2.2",0.407092573300692,FALSE,TRUE,36
"3.1.2.2.1.2.2.2.3.2.2.1.2.1.1.2.2.1.2.2.2.2",0.427562453347893,FALSE,TRUE,36
"3.1.2.2.1.2.2.2.3.2.2.2.1.1.1.2.2.1.2.2.2.2",0.461949959271485,FALSE,TRUE,36
"3.1.2.2.1.2.2.2.3.2.2.2.2.1.1.1.2.1.2.2.2.2",0.447501161452464,FALSE,TRUE,36
"3.1.2.2.1.2.2.2.3.2.2.2.2.1.1.2.1.1.2.2.2.2",0.448725281604116,FALSE,TRUE,36
"3.1.2.2.1.2.2.2.3.2.2.2.2.1.1.2.2.1.1.2.2.2",0.381302396349605,FALSE,TRUE,36
"3.1.2.2.1.2.2.2.3.2.2.2.2.1.1.2.2.1.2.1.2.2",0.41354574845569,FALSE,TRUE,36
"3.1.2.2.1.2.2.2.3.2.2.2.2.1.1.2.2.1.2.2.1.2",0.431957615396192,FALSE,TRUE,36
"3.1.2.2.1.2.2.2.3.2.2.2.2.1.1.2.2.1.2.2.2.1",0.394121171421532,FALSE,TRUE,36
"4.2.2.1.2.2.2.2.2.3.2.2.2.2.2.2.2.2.2.2.2.2",0.468227621663926,FALSE,TRUE,40
"3.3.2.1.2.2.2.2.2.3.2.2.2.2.2.2.2.2.2.2.2.2",0.445408502170198,FALSE,TRUE,40
"3.2.3.1.2.2.2.2.2.3.2.2.2.2.2.2.2.2.2.2.2.2",0.432942901087433,FALSE,TRUE,39
"3.2.2.2.2.2.2.2.2.3.2.2.2.2.2.2.2.2.2.2.2.2",0.476294736578458,FALSE,TRUE,39
"3.2.2.1.3.2.2.2.2.3.2.2.2.2.2.2.2.2.2.2.2.2",0.453011422226683,FALSE,TRUE,40
"3.2.2.1.2.3.2.2.2.3.2.2.2.2.2.2.2.2.2.2.2.2",0.431910146449307,FALSE,TRUE,40
"3.2.2.1.2.2.3.2.2.3.2.2.2.2.2.2.2.2.2.2.2.2",0.42619134520188,FALSE,TRUE,40
"3.2.2.1.2.2.2.3.2.3.2.2.2.2.2.2.2.2.2.2.2.2",0.528823182496378,FALSE,TRUE,40
"3.2.2.1.2.2.2.2.2.4.2.2.2.2.2.2.2.2.2.2.2.2",0.425933239169759,FALSE,TRUE,41
"3.2.2.1.2.2.2.2.2.3.3.2.2.2.2.2.2.2.2.2.2.2",0.49106267979216,FALSE,TRUE,40
"3.2.2.1.2.2.2.2.2.3.2.3.2.2.2.2.2.2.2.2.2.2",0.468208850470495,FALSE,TRUE,40
"3.2.2.1.2.2.2.2.2.3.2.2.3.2.2.2.2.2.2.2.2.2",0.432813669020946,FALSE,TRUE,40
"3.2.2.1.2.2.2.2.2.3.2.2.2.3.2.2.2.2.2.2.2.2",0.43770688848702,FALSE,TRUE,40
"3.2.2.1.2.2.2.2.2.3.2.2.2.2.3.2.2.2.2.2.2.2",0.490831615426026,FALSE,TRUE,40
"3.2.2.1.2.2.2.2.2.3.2.2.2.2.2.3.2.2.2.2.2.2",0.460856347149009,FALSE,TRUE,40
"3.2.2.1.2.2.2.2.2.3.2.2.2.2.2.2.3.2.2.2.2.2",0.453636709864248,FALSE,TRUE,40
"3.2.2.1.2.2.2.2.2.3.2.2.2.2.2.2.2.3.2.2.2.2",0.457081628082687,FALSE,TRUE,40
"3.2.2.1.2.2.2.2.2.3.2.2.2.2.2.2.2.2.3.2.2.2",0.504024399129193,FALSE,TRUE,39
"3.2.2.1.2.2.2.2.2.3.2.2.2.2.2.2.2.2.2.3.2.2",0.47344102596008,FALSE,TRUE,40
"3.2.2.1.2.2.2.2.2.3.2.2.2.2.2.2.2.2.2.2.3.2",0.443047930397591,FALSE,TRUE,40
"3.2.2.1.2.2.2.2.2.3.2.2.2.2.2.2.2.2.2.2.2.3",0.511448940749649,FALSE,TRUE,40
"3.1.2.1.2.2.2.2.2.3.2.2.2.2.2.2.2.2.2.2.2.2",0.474036226310038,FALSE,TRUE,39
"3.2.1.1.2.2.2.2.2.3.2.2.2.2.2.2.2.2.2.2.2.2",0.481815447294442,FALSE,TRUE,39
"3.2.2.1.1.2.2.2.2.3.2.2.2.2.2.2.2.2.2.2.2.2",0.477707530043813,FALSE,TRUE,39
"3.2.2.1.2.1.2.2.2.3.2.2.2.2.2.2.2.2.2.2.2.2",0.492336706927511,FALSE,TRUE,39
"3.2.2.1.2.2.1.2.2.3.2.2.2.2.2.2.2.2.2.2.2.2",0.509631402725537,FALSE,TRUE,39
"3.2.2.1.2.2.2.1.2.3.2.2.2.2.2.2.2.2.2.2.2.2",0.3981175142248,FALSE,TRUE,39
"3.2.2.1.2.2.2.2.1.3.2.2.2.2.2.2.2.2.2.2.2.2",0.495124570373618,FALSE,TRUE,40
"3.2.2.1.2.2.2.2.2.3.1.2.2.2.2.2.2.2.2.2.2.2",0.436764294658459,FALSE,TRUE,39
"3.2.2.1.2.2.2.2.2.3.2.1.2.2.2.2.2.2.2.2.2.2",0.461511190379492,FALSE,TRUE,39
"3.2.2.1.2.2.2.2.2.3.2.2.1.2.2.2.2.2.2.2.2.2",0.487904693161913,FALSE,TRUE,39
"3.2.2.1.2.2.2.2.2.3.2.2.2.1.2.2.2.2.2.2.2.2",0.491412424626452,FALSE,TRUE,39
"3.2.2.1.2.2.2.2.2.3.2.2.2.2.1.2.2.2.2.2.2.2",0.427926278394145,FALSE,TRUE,38
"3.2.2.1.2.2.2.2.2.3.2.2.2.2.2.1.2.2.2.2.2.2",0.455852945456211,FALSE,TRUE,39
"3.2.2.1.2.2.2.2.2.3.2.2.2.2.2.2.1.2.2.2.2.2",0.476083223085969,FALSE,TRUE,39
"3.2.2.1.2.2.2.2.2.3.2.2.2.2.2.2.2.1.2.2.2.2",0.468348965797099,FALSE,TRUE,39
"3.2.2.1.2.2.2.2.2.3.2.2.2.2.2.2.2.2.1.2.2.2",0.414390238724295,FALSE,TRUE,39
"3.2.2.1.2.2.2.2.2.3.2.2.2.2.2.2.2.2.2.1.2.2",0.456340382687044,FALSE,TRUE,39
"3.2.2.1.2.2.2.2.2.3.2.2.2.2.2.2.2.2.2.2.2.1",0.418822633831908,FALSE,TRUE,39
"4.2.3.1.2.2.2.2.2.2.2.2.2.2.2.2.2.2.2.2.1.2",0.491426641940154,FALSE,TRUE,40
"3.3.3.1.2.2.2.2.2.2.2.2.2.2.2.2.2.2.2.2.1.2",0.45364448936723,FALSE,TRUE,40
"3.2.4.1.2.2.2.2.2.2.2.2.2.2.2.2.2.2.2.2.1.2",0.434494079683026,FALSE,TRUE,41
"3.2.3.2.2.2.2.2.2.2.2.2.2.2.2.2.2.2.2.2.1.2",0.485024314632228,FALSE,TRUE,41
"3.2.3.1.3.2.2.2.2.2.2.2.2.2.2.2.2.2.2.2.1.2",0.466778347983212,FALSE,TRUE,40
"3.2.3.1.2.3.2.2.2.2.2.2.2.2.2.2.2.2.2.2.1.2",0.442738275354993,FALSE,TRUE,40
"3.2.3.1.2.2.3.2.2.2.2.2.2.2.2.2.2.2.2.2.1.2",0.450747683324061,FALSE,TRUE,40
"3.2.3.1.2.2.2.3.2.2.2.2.2.2.2.2.2.2.2.2.1.2",0.54782193367314,FALSE,TRUE,40
"3.2.3.1.2.2.2.2.3.2.2.2.2.2.2.2.2.2.2.2.1.2",0.440513681091962,FALSE,TRUE,40
"3.2.3.1.2.2.2.2.2.3.2.2.2.2.2.2.2.2.2.2.1.2",0.449790653867658,FALSE,TRUE,39
"3.2.3.1.2.2.2.2.2.2.3.2.2.2.2.2.2.2.2.2.1.2",0.498133855880129,FALSE,TRUE,40
"3.2.3.1.2.2.2.2.2.2.2.3.2.2.2.2.2.2.2.2.1.2",0.475286152881827,FALSE,TRUE,40
"3.2.3.1.2.2.2.2.2.2.2.2.3.2.2.2.2.2.2.2.1.2",0.44087206375217,FALSE,TRUE,40
"3.2.3.1.2.2.2.2.2.2.2.2.2.3.2.2.2.2.2.2.1.2",0.460583761583894,FALSE,TRUE,39
"3.2.3.1.2.2.2.2.2.2.2.2.2.2.3.2.2.2.2.2.1.2",0.510584221317567,FALSE,TRUE,40
"3.2.3.1.2.2.2.2.2.2.2.2.2.2.2.3.2.2.2.2.1.2",0.467849355671807,FALSE,TRUE,40
"3.2.3.1.2.2.2.2.2.2.2.2.2.2.2.2.3.2.2.2.1.2",0.468994045240326,FALSE,TRUE,40
"3.2.3.1.2.2.2.2.2.2.2.2.2.2.2.2.2.3.2.2.1.2",0.475359437554293,FALSE,TRUE,40
"3.2.3.1.2.2.2.2.2.2.2.2.2.2.2.2.2.2.3.2.1.2",0.519193213792849,FALSE,TRUE,40
"3.2.3.1.2.2.2.2.2.2.2.2.2.2.2.2.2.2.2.3.1.2",0.494238882288859,FALSE,TRUE,40
"3.2.3.1.2.2.2.2.2.2.2.2.2.2.2.2.2.2.2.2.1.3",0.523152102169943,FALSE,TRUE,40
"2.2.3.1.2.2.2.2.2.2.2.2.2.2.2.2.2.2.2.2.1.2",0.472600779685213,FALSE,TRUE,39
"3.1.3.1.2.2.2.2.2.2.2.2.2.2.2.2.2.2.2.2.1.2",0.501116834236599,FALSE,TRUE,39
"3.2.3.1.1.2.2.2.2.2.2.2.2.2.2.2.2.2.2.2.1.2",0.497663412821331,FALSE,TRUE,39
"3.2.3.1.2.1.2.2.2.2.2.2.2.2.2.2.2.2.2.2.1.2",0.515131522204631,FALSE,TRUE,39
"3.2.3.1.2.2.1.2.2.2.2.2.2.2.2.2.2.2.2.2.1.2",0.516450522923261,FALSE,TRUE,39
"3.2.3.1.2.2.2.1.2.2.2.2.2.2.2.2.2.2.2.2.1.2",0.413186479137189,FALSE,TRUE,39
"3.2.3.1.2.2.2.2.1.2.2.2.2.2.2.2.2.2.2.2.1.2",0.520350587403821,FALSE,TRUE,39
"3.2.3.1.2.2.2.2.2.1.2.2.2.2.2.2.2.2.2.2.1.2",0.507900026266362,FALSE,TRUE,39
"3.2.3.1.2.2.2.2.2.2.1.2.2.2.2.2.2.2.2.2.1.2",0.462058128780653,FALSE,TRUE,39
"3.2.3.1.2.2.2.2.2.2.2.1.2.2.2.2.2.2.2.2.1.2",0.488430205863724,FALSE,TRUE,39
"3.2.3.1.2.2.2.2.2.2.2.2.1.2.2.2.2.2.2.2.1.2",0.513594075160129,FALSE,TRUE,39
"3.2.3.1.2.2.2.2.2.2.2.2.2.1.2.2.2.2.2.2.1.2",0.501799895647251,FALSE,TRUE,39
"3.2.3.1.2.2.2.2.2.2.2.2.2.2.1.2.2.2.2.2.1.2",0.439900860265295,FALSE,TRUE,39
"3.2.3.1.2.2.2.2.2.2.2.2.2.2.2.1.2.2.2.2.1.2",0.482602905961066,FALSE,TRUE,39
"3.2.3.1.2.2.2.2.2.2.2.2.2.2.2.2.1.2.2.2.1.2",0.492640223318748,FALSE,TRUE,39
"3.2.3.1.2.2.2.2.2.2.2.2.2.2.2.2.2.1.2.2.1.2",0.48376898577256,FALSE,TRUE,39
"3.2.3.1.2.2.2.2.2.2.2.2.2.2.2.2.2.2.1.2.1.2",0.433206800128329,FALSE,TRUE,39
"3.2.3.1.2.2.2.2.2.2.2.2.2.2.2.2.2.2.2.1.1.2",0.467655497127894,FALSE,TRUE,39
"3.2.3.1.2.2.2.2.2.2.2.2.2.2.2.2.2.2.2.2.1.1",0.438231000566299,FALSE,TRUE,39
"4.1.2.2.2.2.2.2.2.2.2.2.3.2.1.1.2.1.2.2.3.2",0.416392361657805,FALSE,TRUE,38
"3.2.2.2.2.2.2.2.2.2.2.2.3.2.1.1.2.1.2.2.3.2",0.425677590578603,FALSE,TRUE,39
"3.1.3.2.2.2.2.2.2.2.2.2.3.2.1.1.2.1.2.2.3.2",0.401734816927595,FALSE,TRUE,38
"3.1.2.3.2.2.2.2.2.2.2.2.3.2.1.1.2.1.2.2.3.2",0.420381076400735,FALSE,TRUE,38
"3.1.2.2.3.2.2.2.2.2.2.2.3.2.1.1.2.1.2.2.3.2",0.39608819190185,FALSE,TRUE,38
"3.1.2.2.2.3.2.2.2.2.2.2.3.2.1.1.2.1.2.2.3.2",0.403494690051056,FALSE,TRUE,38
"3.1.2.2.2.2.3.2.2.2.2.2.3.2.1.1.2.1.2.2.3.2",0.383946278283797,FALSE,TRUE,38
"3.1.2.2.2.2.2.3.2.2.2.2.3.2.1.1.2.1.2.2.3.2",0.474629094451112,FALSE,TRUE,37
"3.1.2.2.2.2.2.2.3.2.2.2.3.2.1.1.2.1.2.2.3.2",0.38802091490085,FALSE,TRUE,38
"3.1.2.2.2.2.2.2.2.3.2.2.3.2.1.1.2.1.2.2.3.2",0.374450665259427,FALSE,TRUE,38
"3.1.2.2.2.2.2.2.2.2.3.2.3.2.1.1.2.1.2.2.3.2",0.444947278977478,FALSE,TRUE,38
"3.1.2.2.2.2.2.2.2.2.2.3.3.2.1.1.2.1.2.2.3.2",0.426126019633723,FALSE,TRUE,38
"3.1.2.2.2.2.2.2.2.2.2.2.4.2.1.1.2.1.2.2.3.2",0.361182011646902,FALSE,TRUE,38
"3.1.2.2.2.2.2.2.2.2.2.2.3.3.1.1.2.1.2.2.3.2",0.392211086828211,FALSE,TRUE,38
"3.1.2.2.2.2.2.2.2.2.2.2.3.2.2.1.2.1.2.2.3.2",0.469388062737927,FALSE,TRUE,39
"3.1.2.2.2.2.2.2.2.2.2.2.3.2.1.2.2.1.2.2.3.2",0.404657110132418,FALSE,TRUE,38
"3.1.2.2.2.2.2.2.2.2.2.2.3.2.1.1.3.1.2.2.3.2",0.39433203746614,FALSE,TRUE,38
"3.1.2.2.2.2.2.2.2.2.2.2.3.2.1.1.2.2.2.2.3.2",0.423541783317065,FALSE,TRUE,39
"3.1.2.2.2.2.2.2.2.2.2.2.3.2.1.1.2.1.3.2.3.2",0.464644877946917,FALSE,TRUE,38
"3.1.2.2.2.2.2.2.2.2.2.2.3.2.1.1.2.1.2.3.3.2",0.43031486622058,FALSE,TRUE,38
"3.1.2.2.2.2.2.2.2.2.2.2.3.2.1.1.2.1.2.2.4.2",0.40782688686634,FALSE,TRUE,39
"3.1.2.2.2.2.2.2.2.2.2.2.3.2.1.1.2.1.2.2.3.3",0.457045075591232,FALSE,TRUE,38
"2.1.2.2.2.2.2.2.2.2.2.2.3.2.1.1.2.1.2.2.3.2",0.404192721481914,FALSE,TRUE,38
"3.1.1.2.2.2.2.2.2.2.2.2.3.2.1.1.2.1.2.2.3.2",0.402563445442481,FALSE,TRUE,37
"3.1.2.1.2.2.2.2.2.2.2.2.3.2.1.1.2.1.2.2.3.2",0.394395023779518,FALSE,TRUE,37
"3.1.2.2.1.2.2.2.2.2.2.2.3.2.1.1.2.1.2.2.3.2",0.424710442005394,FALSE,TRUE,37
"3.1.2.2.2.1.2.2.2.2.2.2.3.2.1.1.2.1.2.2.3.2",0.411745862391163,FALSE,TRUE,37
"3.1.2.2.2.2.1.2.2.2.2.2.3.2.1.1.2.1.2.2.3.2",0.439718689306502,FALSE,TRUE,37
"3.1.2.2.2.2.2.1.2.2.2.2.3.2.1.1.2.1.2.2.3.2",0.345061847406875,FALSE,TRUE,37
"3.1.2.2.2.2.2.2.1.2.2.2.3.2.1.1.2.1.2.2.3.2",0.430019029704726,FALSE,TRUE,37
"3.1.2.2.2.2.2.2.2.1.2.2.3.2.1.1.2.1.2.2.3.2",0.441029536980473,FALSE,TRUE,36
"3.1.2.2.2.2.2.2.2.2.1.2.3.2.1.1.2.1.2.2.3.2",0.372976310100369,FALSE,TRUE,37
"3.1.2.2.2.2.2.2.2.2.2.1.3.2.1.1.2.1.2.2.3.2",0.393270681427551,FALSE,TRUE,37
"3.1.2.2.2.2.2.2.2.2.2.2.3.1.1.1.2.1.2.2.3.2",0.426225852572942,FALSE,TRUE,37
"3.1.2.2.2.2.2.2.2.2.2.2.3.2.1.1.1.1.2.2.3.2",0.425170639332828,FALSE,TRUE,37
"3.1.2.2.2.2.2.2.2.2.2.2.3.2.1.1.2.1.1.2.3.2",0.346513237539496,FALSE,TRUE,37
"3.1.2.2.2.2.2.2.2.2.2.2.3.2.1.1.2.1.2.1.3.2",0.390246817966797,FALSE,TRUE,37
"3.1.2.2.2.2.2.2.2.2.2.2.3.2.1.1.2.1.2.2.3.1",0.365066172365722,FALSE,TRUE,37
"2.3.2.1.2.2.2.2.2.2.2.2.2.2.2.2.2.2.3.2.2.2",0.49687238006433,FALSE,TRUE,40
"2.2.3.1.2.2.2.2.2.2.2.2.2.2.2.2.2.2.3.2.2.2",0.488582359090063,FALSE,TRUE,40
"2.2.2.1.3.2.2.2.2.2.2.2.2.2.2.2.2.2.3.2.2.2",0.507418273240913,FALSE,TRUE,40
"2.2.2.1.2.3.2.2.2.2.2.2.2.2.2.2.2.2.3.2.2.2",0.477667250659447,FALSE,TRUE,40
"2.2.2.1.2.2.3.2.2.2.2.2.2.2.2.2.2.2.3.2.2.2",0.476269976277817,FALSE,TRUE,40
"2.2.2.1.2.2.2.3.2.2.2.2.2.2.2.2.2.2.3.2.2.2",0.576479171300086,FALSE,TRUE,40
"2.2.2.1.2.2.2.2.3.2.2.2.2.2.2.2.2.2.3.2.2.2",0.477039475903384,FALSE,TRUE,40
"2.2.2.1.2.2.2.2.2.3.2.2.2.2.2.2.2.2.3.2.2.2",0.497616743362263,FALSE,TRUE,38
"2.2.2.1.2.2.2.2.2.2.3.2.2.2.2.2.2.2.3.2.2.2",0.525256035361964,FALSE,TRUE,40
"2.2.2.1.2.2.2.2.2.2.2.3.2.2.2.2.2.2.3.2.2.2",0.517706383110927,FALSE,TRUE,40
"2.2.2.1.2.2.2.2.2.2.2.2.3.2.2.2.2.2.3.2.2.2",0.501243669780073,FALSE,TRUE,40
"2.2.2.1.2.2.2.2.2.2.2.2.2.3.2.2.2.2.3.2.2.2",0.505099951104988,FALSE,TRUE,39
"2.2.2.1.2.2.2.2.2.2.2.2.2.2.3.2.2.2.3.2.2.2",0.547853134900843,FALSE,TRUE,40
"2.2.2.1.2.2.2.2.2.2.2.2.2.2.2.3.2.2.3.2.2.2",0.509726236749671,FALSE,TRUE,40
"2.2.2.1.2.2.2.2.2.2.2.2.2.2.2.2.3.2.3.2.2.2",0.509471450457239,FALSE,TRUE,40
"2.2.2.1.2.2.2.2.2.2.2.2.2.2.2.2.2.2.4.2.2.2",0.536637842633372,FALSE,TRUE,41
"2.2.2.1.2.2.2.2.2.2.2.2.2.2.2.2.2.2.3.3.2.2",0.507574110423572,FALSE,TRUE,40
"2.2.2.1.2.2.2.2.2.2.2.2.2.2.2.2.2.2.3.2.3.2",0.496232352366451,FALSE,TRUE,40
"2.2.2.1.2.2.2.2.2.2.2.2.2.2.2.2.2.2.3.2.2.3",0.557556824370433,FALSE,TRUE,40
"1.2.2.1.2.2.2.2.2.2.2.2.2.2.2.2.2.2.3.2.2.2",0.50577004906836,FALSE,TRUE,39
"2.1.2.1.2.2.2.2.2.2.2.2.2.2.2.2.2.2.3.2.2.2",0.532522893767677,FALSE,TRUE,38
"2.2.1.1.2.2.2.2.2.2.2.2.2.2.2.2.2.2.3.2.2.2",0.533173129791664,FALSE,TRUE,39
"2.2.2.1.1.2.2.2.2.2.2.2.2.2.2.2.2.2.3.2.2.2",0.531763733830982,FALSE,TRUE,39
"2.2.2.1.2.1.2.2.2.2.2.2.2.2.2.2.2.2.3.2.2.2",0.555322262660337,FALSE,TRUE,39
"2.2.2.1.2.2.1.2.2.2.2.2.2.2.2.2.2.2.3.2.2.2",0.565572670229077,FALSE,TRUE,39
"2.2.2.1.2.2.2.1.2.2.2.2.2.2.2.2.2.2.3.2.2.2",0.458051778974848,FALSE,TRUE,39
"2.2.2.1.2.2.2.2.1.2.2.2.2.2.2.2.2.2.3.2.2.2",0.559310139552448,FALSE,TRUE,39
"2.2.2.1.2.2.2.2.2.1.2.2.2.2.2.2.2.2.3.2.2.2",0.533487894743354,FALSE,TRUE,39
"2.2.2.1.2.2.2.2.2.2.1.2.2.2.2.2.2.2.3.2.2.2",0.509779473558076,FALSE,TRUE,39
"2.2.2.1.2.2.2.2.2.2.2.1.2.2.2.2.2.2.3.2.2.2",0.520996435280978,FALSE,TRUE,39
"2.2.2.1.2.2.2.2.2.2.2.2.1.2.2.2.2.2.3.2.2.2",0.527809019641127,FALSE,TRUE,39
"2.2.2.1.2.2.2.2.2.2.2.2.2.1.2.2.2.2.3.2.2.2",0.532367155600216,FALSE,TRUE,39
"2.2.2.1.2.2.2.2.2.2.2.2.2.2.1.2.2.2.3.2.2.2",0.477698989640246,FALSE,TRUE,38
"2.2.2.1.2.2.2.2.2.2.2.2.2.2.2.1.2.2.3.2.2.2",0.516316902470944,FALSE,TRUE,39
"2.2.2.1.2.2.2.2.2.2.2.2.2.2.2.2.1.2.3.2.2.2",0.526290199479914,FALSE,TRUE,39
"2.2.2.1.2.2.2.2.2.2.2.2.2.2.2.2.2.1.3.2.2.2",0.517664331578836,FALSE,TRUE,40
"2.2.2.1.2.2.2.2.2.2.2.2.2.2.2.2.2.2.3.1.2.2",0.52899791488922,FALSE,TRUE,38
"2.2.2.1.2.2.2.2.2.2.2.2.2.2.2.2.2.2.3.2.1.2",0.53682110501286,FALSE,TRUE,38
"2.2.2.1.2.2.2.2.2.2.2.2.2.2.2.2.2.2.3.2.2.1",0.478344541543058,FALSE,TRUE,39
"4.2.2.2.2.2.1.1.2.2.2.2.2.2.1.2.2.1.2.2.2.2",0.443530354253882,FALSE,TRUE,38
"3.3.2.2.2.2.1.1.2.2.2.2.2.2.1.2.2.1.2.2.2.2",0.437221651903464,FALSE,TRUE,38
"3.2.3.2.2.2.1.1.2.2.2.2.2.2.1.2.2.1.2.2.2.2",0.398066355324279,FALSE,TRUE,38
"3.2.2.3.2.2.1.1.2.2.2.2.2.2.1.2.2.1.2.2.2.2",0.429638699940633,FALSE,TRUE,38
"3.2.2.2.3.2.1.1.2.2.2.2.2.2.1.2.2.1.2.2.2.2",0.413373487632781,FALSE,TRUE,38
"3.2.2.2.2.3.1.1.2.2.2.2.2.2.1.2.2.1.2.2.2.2",0.416240314136292,FALSE,TRUE,37
"3.2.2.2.2.2.1.1.3.2.2.2.2.2.1.2.2.1.2.2.2.2",0.400381430635877,FALSE,TRUE,38
"3.2.2.2.2.2.1.1.2.3.2.2.2.2.1.2.2.1.2.2.2.2",0.393814564040772,FALSE,TRUE,38
"3.2.2.2.2.2.1.1.2.2.3.2.2.2.1.2.2.1.2.2.2.2",0.448841845167099,FALSE,TRUE,38
"3.2.2.2.2.2.1.1.2.2.2.3.2.2.1.2.2.1.2.2.2.2",0.432674385830369,FALSE,TRUE,38
"3.2.2.2.2.2.1.1.2.2.2.2.3.2.1.2.2.1.2.2.2.2",0.371997646898715,FALSE,TRUE,38
"3.2.2.2.2.2.1.1.2.2.2.2.2.3.1.2.2.1.2.2.2.2",0.412091366976539,FALSE,TRUE,38
"3.2.2.2.2.2.1.1.2.2.2.2.2.2.2.2.2.1.2.2.2.2",0.479906632852695,FALSE,TRUE,39
"3.2.2.2.2.2.1.1.2.2.2.2.2.2.1.3.2.1.2.2.2.2",0.408019003548061,FALSE,TRUE,38
"3.2.2.2.2.2.1.1.2.2.2.2.2.2.1.2.3.1.2.2.2.2",0.409893808597338,FALSE,TRUE,38
"3.2.2.2.2.2.1.1.2.2.2.2.2.2.1.2.2.2.2.2.2.2",0.43435859930383,FALSE,TRUE,37
"3.2.2.2.2.2.1.1.2.2.2.2.2.2.1.2.2.1.3.2.2.2",0.480030577987155,FALSE,TRUE,38
"3.2.2.2.2.2.1.1.2.2.2.2.2.2.1.2.2.1.2.3.2.2",0.44213923828155,FALSE,TRUE,38
"3.2.2.2.2.2.1.1.2.2.2.2.2.2.1.2.2.1.2.2.3.2",0.432921549021934,FALSE,TRUE,38
"3.2.2.2.2.2.1.1.2.2.2.2.2.2.1.2.2.1.2.2.2.3",0.462922296121572,FALSE,TRUE,38
"2.2.2.2.2.2.1.1.2.2.2.2.2.2.1.2.2.1.2.2.2.2",0.409914464343427,FALSE,TRUE,36
"3.1.2.2.2.2.1.1.2.2.2.2.2.2.1.2.2.1.2.2.2.2",0.405709779746485,FALSE,TRUE,36
"3.2.1.2.2.2.1.1.2.2.2.2.2.2.1.2.2.1.2.2.2.2",0.435108668296393,FALSE,TRUE,37
"3.2.2.1.2.2.1.1.2.2.2.2.2.2.1.2.2.1.2.2.2.2",0.417053294516503,FALSE,TRUE,37
"3.2.2.2.1.2.1.1.2.2.2.2.2.2.1.2.2.1.2.2.2.2",0.439364898740824,FALSE,TRUE,36
"3.2.2.2.2.1.1.1.2.2.2.2.2.2.1.2.2.1.2.2.2.2",0.430348133424426,FALSE,TRUE,37
"3.2.2.2.2.2.1.1.1.2.2.2.2.2.1.2.2.1.2.2.2.2",0.448861540600135,FALSE,TRUE,37
"3.2.2.2.2.2.1.1.2.2.1.2.2.2.1.2.2.1.2.2.2.2",0.399445427972567,FALSE,TRUE,37
"3.2.2.2.2.2.1.1.2.2.2.1.2.2.1.2.2.1.2.2.2.2",0.418585784772063,FALSE,TRUE,37
"3.2.2.2.2.2.1.1.2.2.2.2.1.2.1.2.2.1.2.2.2.2",0.471117078355672,FALSE,TRUE,37
"3.2.2.2.2.2.1.1.2.2.2.2.2.1.1.2.2.1.2.2.2.2",0.437935897630229,FALSE,TRUE,37
"3.2.2.2.2.2.1.1.2.2.2.2.2.2.1.1.2.1.2.2.2.2",0.430295402743753,FALSE,TRUE,37
"3.2.2.2.2.2.1.1.2.2.2.2.2.2.1.2.1.1.2.2.2.2",0.439229592781059,FALSE,TRUE,37
"3.2.2.2.2.2.1.1.2.2.2.2.2.2.1.2.2.1.1.2.2.2",0.363481162246872,FALSE,TRUE,37
"3.2.2.2.2.2.1.1.2.2.2.2.2.2.1.2.2.1.2.1.2.2",0.41029197201318,FALSE,TRUE,36
"3.2.2.2.2.2.1.1.2.2.2.2.2.2.1.2.2.1.2.2.1.2",0.415138688820672,FALSE,TRUE,37
"3.2.2.2.2.2.1.1.2.2.2.2.2.2.1.2.2.1.2.2.2.1",0.391347699386234,FALSE,TRUE,37
"4.2.2.1.2.2.2.2.3.3.2.2.2.2.2.2.2.2.2.2.2.2",0.443781461178381,FALSE,TRUE,41
"3.3.2.1.2.2.2.2.3.3.2.2.2.2.2.2.2.2.2.2.2.2",0.408011685179817,FALSE,TRUE,41
"3.2.3.1.2.2.2.2.3.3.2.2.2.2.2.2.2.2.2.2.2.2",0.391228292798807,FALSE,TRUE,41
"3.2.2.2.2.2.2.2.3.3.2.2.2.2.2.2.2.2.2.2.2.2",0.43344250065199,FALSE,TRUE,41
"3.2.2.1.3.2.2.2.3.3.2.2.2.2.2.2.2.2.2.2.2.2",0.423308452395904,FALSE,TRUE,41
"3.2.2.1.2.3.2.2.3.3.2.2.2.2.2.2.2.2.2.2.2.2",0.399640605902616,FALSE,TRUE,41
"3.2.2.1.2.2.3.2.3.3.2.2.2.2.2.2.2.2.2.2.2.2",0.391473048940338,FALSE,TRUE,41
"3.2.2.1.2.2.2.3.3.3.2.2.2.2.2.2.2.2.2.2.2.2",0.493556326027175,FALSE,TRUE,41
"3.2.2.1.2.2.2.2.4.3.2.2.2.2.2.2.2.2.2.2.2.2",0.396621143280871,FALSE,TRUE,42
"3.2.2.1.2.2.2.2.3.4.2.2.2.2.2.2.2.2.2.2.2.2",0.394051186972323,FALSE,TRUE,41
"3.2.2.1.2.2.2.2.3.3.3.2.2.2.2.2.2.2.2.2.2.2",0.451488843117734,FALSE,TRUE,41
"3.2.2.1.2.2.2.2.3.3.2.3.2.2.2.2.2.2.2.2.2.2",0.429735841610196,FALSE,TRUE,41
"3.2.2.1.2.2.2.2.3.3.2.2.3.2.2.2.2.2.2.2.2.2",0.397019575261216,FALSE,TRUE,41
"3.2.2.1.2.2.2.2.3.3.2.2.2.3.2.2.2.2.2.2.2.2",0.404476403721635,FALSE,TRUE,40
"3.2.2.1.2.2.2.2.3.3.2.2.2.2.3.2.2.2.2.2.2.2",0.456596195715684,FALSE,TRUE,41
"3.2.2.1.2.2.2.2.3.3.2.2.2.2.2.3.2.2.2.2.2.2",0.424409403254995,FALSE,TRUE,41
"3.2.2.1.2.2.2.2.3.3.2.2.2.2.2.2.3.2.2.2.2.2",0.41964144066199,FALSE,TRUE,41
"3.2.2.1.2.2.2.2.3.3.2.2.2.2.2.2.2.3.2.2.2.2",0.41620359347175,FALSE,TRUE,41
"3.2.2.1.2.2.2.2.3.3.2.2.2.2.2.2.2.2.3.2.2.2",0.465798399085794,FALSE,TRUE,41
"3.2.2.1.2.2.2.2.3.3.2.2.2.2.2.2.2.2.2.3.2.2",0.432170539693452,FALSE,TRUE,41
"3.2.2.1.2.2.2.2.3.3.2.2.2.2.2.2.2.2.2.2.3.2",0.411927630370608,FALSE,TRUE,41
"3.2.2.1.2.2.2.2.3.3.2.2.2.2.2.2.2.2.2.2.2.3",0.476245353293681,FALSE,TRUE,41
"2.2.2.1.2.2.2.2.3.3.2.2.2.2.2.2.2.2.2.2.2.2",0.419382076488276,FALSE,TRUE,39
"3.1.2.1.2.2.2.2.3.3.2.2.2.2.2.2.2.2.2.2.2.2",0.445006658353468,FALSE,TRUE,40
"3.2.1.1.2.2.2.2.3.3.2.2.2.2.2.2.2.2.2.2.2.2",0.45692796082281,FALSE,TRUE,40
"3.2.2.1.1.2.2.2.3.3.2.2.2.2.2.2.2.2.2.2.2.2",0.440285458157978,FALSE,TRUE,40
"3.2.2.1.2.1.2.2.3.3.2.2.2.2.2.2.2.2.2.2.2.2",0.457500648867529,FALSE,TRUE,40
"3.2.2.1.2.2.1.2.3.3.2.2.2.2.2.2.2.2.2.2.2.2",0.478192223447013,FALSE,TRUE,40
"3.2.2.1.2.2.2.1.3.3.2.2.2.2.2.2.2.2.2.2.2.2",0.366773232514325,FALSE,TRUE,40
"3.2.2.1.2.2.2.2.3.3.1.2.2.2.2.2.2.2.2.2.2.2",0.409725071437599,FALSE,TRUE,40
"3.2.2.1.2.2.2.2.3.3.2.1.2.2.2.2.2.2.2.2.2.2",0.432667077665423,FALSE,TRUE,40
"3.2.2.1.2.2.2.2.3.3.2.2.1.2.2.2.2.2.2.2.2.2",0.456296557309561,FALSE,TRUE,40
"3.2.2.1.2.2.2.2.3.3.2.2.2.1.2.2.2.2.2.2.2.2",0.457661174167071,FALSE,TRUE,40
"3.2.2.1.2.2.2.2.3.3.2.2.2.2.1.2.2.2.2.2.2.2",0.395567550378557,FALSE,TRUE,40
"3.2.2.1.2.2.2.2.3.3.2.2.2.2.2.1.2.2.2.2.2.2",0.424899477547684,FALSE,TRUE,40
"3.2.2.1.2.2.2.2.3.3.2.2.2.2.2.2.1.2.2.2.2.2",0.443578645172454,FALSE,TRUE,40
"3.2.2.1.2.2.2.2.3.3.2.2.2.2.2.2.2.1.2.2.2.2",0.443077213394258,FALSE,TRUE,40
"3.2.2.1.2.2.2.2.3.3.2.2.2.2.2.2.2.2.1.2.2.2",0.385926391454769,FALSE,TRUE,40
"3.2.2.1.2.2.2.2.3.3.2.2.2.2.2.2.2.2.2.1.2.2",0.432058100023882,FALSE,TRUE,40
"3.2.2.1.2.2.2.2.3.3.2.2.2.2.2.2.2.2.2.2.1.2",0.448640874907551,FALSE,TRUE,39
"3.2.2.1.2.2.2.2.3.3.2.2.2.2.2.2.2.2.2.2.2.1",0.38783504258231,FALSE,TRUE,40
"4.2.2.1.2.2.2.2.2.2.2.2.2.3.2.2.2.2.2.2.2.2",0.475593945553988,FALSE,TRUE,41
"3.3.2.1.2.2.2.2.2.2.2.2.2.3.2.2.2.2.2.2.2.2",0.453755703106466,FALSE,TRUE,41
"3.2.3.1.2.2.2.2.2.2.2.2.2.3.2.2.2.2.2.2.2.2",0.437833298384206,FALSE,TRUE,40
"3.2.2.2.2.2.2.2.2.2.2.2.2.3.2.2.2.2.2.2.2.2",0.4839984482639,FALSE,TRUE,40
"3.2.2.1.3.2.2.2.2.2.2.2.2.3.2.2.2.2.2.2.2.2",0.461625634369094,FALSE,TRUE,41
"3.2.2.1.2.3.2.2.2.2.2.2.2.3.2.2.2.2.2.2.2.2",0.433669401419881,FALSE,TRUE,41
"3.2.2.1.2.2.3.2.2.2.2.2.2.3.2.2.2.2.2.2.2.2",0.431018753415383,FALSE,TRUE,41
"3.2.2.1.2.2.2.3.2.2.2.2.2.3.2.2.2.2.2.2.2.2",0.535292696221969,FALSE,TRUE,41
"3.2.2.1.2.2.2.2.3.2.2.2.2.3.2.2.2.2.2.2.2.2",0.441177279571569,FALSE,TRUE,40
"3.2.2.1.2.2.2.2.2.2.3.2.2.3.2.2.2.2.2.2.2.2",0.49815219523364,FALSE,TRUE,41
"3.2.2.1.2.2.2.2.2.2.2.3.2.3.2.2.2.2.2.2.2.2",0.476691577014732,FALSE,TRUE,41
"3.2.2.1.2.2.2.2.2.2.2.2.3.3.2.2.2.2.2.2.2.2",0.443927764996236,FALSE,TRUE,41
"3.2.2.1.2.2.2.2.2.2.2.2.2.4.2.2.2.2.2.2.2.2",0.44497956493861,FALSE,TRUE,42
"3.2.2.1.2.2.2.2.2.2.2.2.2.3.3.2.2.2.2.2.2.2",0.489866662938731,FALSE,TRUE,41
"3.2.2.1.2.2.2.2.2.2.2.2.2.3.2.3.2.2.2.2.2.2",0.462729339149937,FALSE,TRUE,41
"3.2.2.1.2.2.2.2.2.2.2.2.2.3.2.2.3.2.2.2.2.2",0.462205625779008,FALSE,TRUE,41
"3.2.2.1.2.2.2.2.2.2.2.2.2.3.2.2.2.3.2.2.2.2",0.465078455361793,FALSE,TRUE,41
"3.2.2.1.2.2.2.2.2.2.2.2.2.3.2.2.2.2.3.2.2.2",0.511292193725616,FALSE,TRUE,40
"3.2.2.1.2.2.2.2.2.2.2.2.2.3.2.2.2.2.2.3.2.2",0.481050819118076,FALSE,TRUE,41
"3.2.2.1.2.2.2.2.2.2.2.2.2.3.2.2.2.2.2.2.3.2",0.445123104663866,FALSE,TRUE,41
"3.2.2.1.2.2.2.2.2.2.2.2.2.3.2.2.2.2.2.2.2.3",0.518947997690166,FALSE,TRUE,41
"3.1.2.1.2.2.2.2.2.2.2.2.2.3.2.2.2.2.2.2.2.2",0.480773552868288,FALSE,TRUE,40
"3.2.1.1.2.2.2.2.2.2.2.2.2.3.2.2.2.2.2.2.2.2",0.490883842606674,FALSE,TRUE,40
"3.2.2.1.1.2.2.2.2.2.2.2.2.3.2.2.2.2.2.2.2.2",0.483866708578641,FALSE,TRUE,40
"3.2.2.1.2.1.2.2.2.2.2.2.2.3.2.2.2.2.2.2.2.2",0.505287470294037,FALSE,TRUE,40
"3.2.2.1.2.2.1.2.2.2.2.2.2.3.2.2.2.2.2.2.2.2",0.518571291096598,FALSE,TRUE,40
"3.2.2.1.2.2.2.1.2.2.2.2.2.3.2.2.2.2.2.2.2.2",0.406426626225969,FALSE,TRUE,40
"3.2.2.1.2.2.2.2.1.2.2.2.2.3.2.2.2.2.2.2.2.2",0.502373712952035,FALSE,TRUE,40
"3.2.2.1.2.2.2.2.2.1.2.2.2.3.2.2.2.2.2.2.2.2",0.501016516262041,FALSE,TRUE,40
"3.2.2.1.2.2.2.2.2.2.1.2.2.3.2.2.2.2.2.2.2.2",0.443990320206495,FALSE,TRUE,40
"3.2.2.1.2.2.2.2.2.2.2.1.2.3.2.2.2.2.2.2.2.2",0.467994477671299,FALSE,TRUE,40
"3.2.2.1.2.2.2.2.2.2.2.2.1.3.2.2.2.2.2.2.2.2",0.491435127877626,FALSE,TRUE,40
"3.2.2.1.2.2.2.2.2.2.2.2.2.3.1.2.2.2.2.2.2.2",0.443396512771028,FALSE,TRUE,39
"3.2.2.1.2.2.2.2.2.2.2.2.2.3.2.1.2.2.2.2.2.2",0.468951431447998,FALSE,TRUE,40
"3.2.2.1.2.2.2.2.2.2.2.2.2.3.2.2.1.2.2.2.2.2",0.481361690154565,FALSE,TRUE,40
"3.2.2.1.2.2.2.2.2.2.2.2.2.3.2.2.2.1.2.2.2.2",0.475192145686749,FALSE,TRUE,40
"3.2.2.1.2.2.2.2.2.2.2.2.2.3.2.2.2.2.1.2.2.2",0.421655959227503,FALSE,TRUE,40
"3.2.2.1.2.2.2.2.2.2.2.2.2.3.2.2.2.2.2.1.2.2",0.46352473617557,FALSE,TRUE,40
"3.2.2.1.2.2.2.2.2.2.2.2.2.3.2.2.2.2.2.2.2.1",0.425918458338297,FALSE,TRUE,40
"4.1.2.3.2.2.2.3.2.2.2.2.2.2.1.1.2.1.2.2.2.2",0.525326207514844,FALSE,TRUE,38
"3.2.2.3.2.2.2.3.2.2.2.2.2.2.1.1.2.1.2.2.2.2",0.533373263923246,FALSE,TRUE,39
"3.1.3.3.2.2.2.3.2.2.2.2.2.2.1.1.2.1.2.2.2.2",0.519215029756231,FALSE,TRUE,38
"3.1.2.4.2.2.2.3.2.2.2.2.2.2.1.1.2.1.2.2.2.2",0.535871928505628,FALSE,TRUE,39
"3.1.2.3.3.2.2.3.2.2.2.2.2.2.1.1.2.1.2.2.2.2",0.515220472247538,FALSE,TRUE,38
"3.1.2.3.2.3.2.3.2.2.2.2.2.2.1.1.2.1.2.2.2.2",0.519567138012363,FALSE,TRUE,38
"3.1.2.3.2.2.3.3.2.2.2.2.2.2.1.1.2.1.2.2.2.2",0.499209057184435,FALSE,TRUE,38
"3.1.2.3.2.2.2.4.2.2.2.2.2.2.1.1.2.1.2.2.2.2",0.578169818479008,FALSE,TRUE,38
"3.1.2.3.2.2.2.3.3.2.2.2.2.2.1.1.2.1.2.2.2.2",0.493884560039316,FALSE,TRUE,38
"3.1.2.3.2.2.2.3.2.3.2.2.2.2.1.1.2.1.2.2.2.2",0.486792740962234,FALSE,TRUE,38
"3.1.2.3.2.2.2.3.2.2.3.2.2.2.1.1.2.1.2.2.2.2",0.555251727304148,FALSE,TRUE,38
"3.1.2.3.2.2.2.3.2.2.2.3.2.2.1.1.2.1.2.2.2.2",0.542939872848977,FALSE,TRUE,38
"3.1.2.3.2.2.2.3.2.2.2.2.3.2.1.1.2.1.2.2.2.2",0.47754455786741,FALSE,TRUE,37
"3.1.2.3.2.2.2.3.2.2.2.2.2.3.1.1.2.1.2.2.2.2",0.505818686655307,FALSE,TRUE,38
"3.1.2.3.2.2.2.3.2.2.2.2.2.2.2.1.2.1.2.2.2.2",0.595545190979454,FALSE,TRUE,39
"3.1.2.3.2.2.2.3.2.2.2.2.2.2.1.2.2.1.2.2.2.2",0.525255588662754,FALSE,TRUE,37
"3.1.2.3.2.2.2.3.2.2.2.2.2.2.1.1.3.1.2.2.2.2",0.49295496466458,FALSE,TRUE,38
"3.1.2.3.2.2.2.3.2.2.2.2.2.2.1.1.2.2.2.2.2.2",0.54424283278973,FALSE,TRUE,39
"3.1.2.3.2.2.2.3.2.2.2.2.2.2.1.1.2.1.3.2.2.2",0.568531083592594,FALSE,TRUE,38
"3.1.2.3.2.2.2.3.2.2.2.2.2.2.1.1.2.1.2.3.2.2",0.541375957805533,FALSE,TRUE,36
"3.1.2.3.2.2.2.3.2.2.2.2.2.2.1.1.2.1.2.2.3.2",0.530318624387424,FALSE,TRUE,38
"3.1.2.3.2.2.2.3.2.2.2.2.2.2.1.1.2.1.2.2.2.3",0.562301376513334,FALSE,TRUE,38
"2.1.2.3.2.2.2.3.2.2.2.2.2.2.1.1.2.1.2.2.2.2",0.523206354822337,FALSE,TRUE,38
"3.1.1.3.2.2.2.3.2.2.2.2.2.2.1.1.2.1.2.2.2.2",0.513651260542484,FALSE,TRUE,37
"3.1.2.3.1.2.2.3.2.2.2.2.2.2.1.1.2.1.2.2.2.2",0.534392337488014,FALSE,TRUE,37
"3.1.2.3.2.1.2.3.2.2.2.2.2.2.1.1.2.1.2.2.2.2",0.525076210999974,FALSE,TRUE,37
"3.1.2.3.2.2.1.3.2.2.2.2.2.2.1.1.2.1.2.2.2.2",0.550485720284749,FALSE,TRUE,37
"3.1.2.3.2.2.2.3.1.2.2.2.2.2.1.1.2.1.2.2.2.2",0.552491812053987,FALSE,TRUE,37
"3.1.2.3.2.2.2.3.2.1.2.2.2.2.1.1.2.1.2.2.2.2",0.553991005013027,FALSE,TRUE,36
"3.1.2.3.2.2.2.3.2.2.1.2.2.2.1.1.2.1.2.2.2.2",0.490567622656171,FALSE,TRUE,37
"3.1.2.3.2.2.2.3.2.2.2.1.2.2.1.1.2.1.2.2.2.2",0.505908031084651,FALSE,TRUE,37
"3.1.2.3.2.2.2.3.2.2.2.2.1.2.1.1.2.1.2.2.2.2",0.56218373534618,FALSE,TRUE,37
"3.1.2.3.2.2.2.3.2.2.2.2.2.1.1.1.2.1.2.2.2.2",0.542282447399976,FALSE,TRUE,37
"3.1.2.3.2.2.2.3.2.2.2.2.2.2.1.1.1.1.2.2.2.2",0.552200948276497,FALSE,TRUE,37
"3.1.2.3.2.2.2.3.2.2.2.2.2.2.1.1.2.1.1.2.2.2",0.470207104781415,FALSE,TRUE,37
"3.1.2.3.2.2.2.3.2.2.2.2.2.2.1.1.2.1.2.1.2.2",0.505407235084413,FALSE,TRUE,37
"3.1.2.3.2.2.2.3.2.2.2.2.2.2.1.1.2.1.2.2.1.2",0.512229994201031,FALSE,TRUE,37
"3.1.2.3.2.2.2.3.2.2.2.2.2.2.1.1.2.1.2.2.2.1",0.484382218188434,FALSE,TRUE,37
"3.2.2.1.2.2.2.2.2.2.2.2.2.2.2.2.2.3.3.2.2.2",0.528309216671911,FALSE,TRUE,40
"2.3.2.1.2.2.2.2.2.2.2.2.2.2.2.2.2.3.3.2.2.2",0.480363381651462,FALSE,TRUE,41
"2.2.3.1.2.2.2.2.2.2.2.2.2.2.2.2.2.3.3.2.2.2",0.474606663995829,FALSE,TRUE,41
"2.2.2.2.2.2.2.2.2.2.2.2.2.2.2.2.2.3.3.2.2.2",0.533967688553483,FALSE,TRUE,41
"2.2.2.1.3.2.2.2.2.2.2.2.2.2.2.2.2.3.3.2.2.2",0.502962736304996,FALSE,TRUE,41
"2.2.2.1.2.3.2.2.2.2.2.2.2.2.2.2.2.3.3.2.2.2",0.467667151865683,FALSE,TRUE,41
"2.2.2.1.2.2.3.2.2.2.2.2.2.2.2.2.2.3.3.2.2.2",0.464171299954958,FALSE,TRUE,41
"2.2.2.1.2.2.2.3.2.2.2.2.2.2.2.2.2.3.3.2.2.2",0.575161785165562,FALSE,TRUE,41
"2.2.2.1.2.2.2.2.3.2.2.2.2.2.2.2.2.3.3.2.2.2",0.465781621295641,FALSE,TRUE,41
"2.2.2.1.2.2.2.2.2.3.2.2.2.2.2.2.2.3.3.2.2.2",0.48427868861961,FALSE,TRUE,41
"2.2.2.1.2.2.2.2.2.2.3.2.2.2.2.2.2.3.3.2.2.2",0.519189661808789,FALSE,TRUE,41
"2.2.2.1.2.2.2.2.2.2.2.3.2.2.2.2.2.3.3.2.2.2",0.509148227240034,FALSE,TRUE,41
"2.2.2.1.2.2.2.2.2.2.2.2.3.2.2.2.2.3.3.2.2.2",0.493747372435047,FALSE,TRUE,41
"2.2.2.1.2.2.2.2.2.2.2.2.2.3.2.2.2.3.3.2.2.2",0.492838734017666,FALSE,TRUE,41
"2.2.2.1.2.2.2.2.2.2.2.2.2.2.3.2.2.3.3.2.2.2",0.540291232270462,FALSE,TRUE,41
"2.2.2.1.2.2.2.2.2.2.2.2.2.2.2.3.2.3.3.2.2.2",0.508905233340494,FALSE,TRUE,41
"2.2.2.1.2.2.2.2.2.2.2.2.2.2.2.2.3.3.3.2.2.2",0.502335779544406,FALSE,TRUE,41
"2.2.2.1.2.2.2.2.2.2.2.2.2.2.2.2.2.4.3.2.2.2",0.502834925847562,FALSE,TRUE,42
"2.2.2.1.2.2.2.2.2.2.2.2.2.2.2.2.2.3.4.2.2.2",0.53102956840289,FALSE,TRUE,41
"2.2.2.1.2.2.2.2.2.2.2.2.2.2.2.2.2.3.3.3.2.2",0.496650074943379,FALSE,TRUE,41
"2.2.2.1.2.2.2.2.2.2.2.2.2.2.2.2.2.3.3.2.3.2",0.487800120876138,FALSE,TRUE,41
"2.2.2.1.2.2.2.2.2.2.2.2.2.2.2.2.2.3.3.2.2.3",0.555138409130086,FALSE,TRUE,41
"1.2.2.1.2.2.2.2.2.2.2.2.2.2.2.2.2.3.3.2.2.2",0.498200653510718,FALSE,TRUE,40
"2.1.2.1.2.2.2.2.2.2.2.2.2.2.2.2.2.3.3.2.2.2",0.538589112535804,FALSE,TRUE,40
"2.2.1.1.2.2.2.2.2.2.2.2.2.2.2.2.2.3.3.2.2.2",0.53703593364518,FALSE,TRUE,40
"2.2.2.1.1.2.2.2.2.2.2.2.2.2.2.2.2.3.3.2.2.2",0.52495674590322,FALSE,TRUE,40
"2.2.2.1.2.1.2.2.2.2.2.2.2.2.2.2.2.3.3.2.2.2",0.554465832880616,FALSE,TRUE,40
"2.2.2.1.2.2.1.2.2.2.2.2.2.2.2.2.2.3.3.2.2.2",0.567504623112457,FALSE,TRUE,40
"2.2.2.1.2.2.2.1.2.2.2.2.2.2.2.2.2.3.3.2.2.2",0.447401710062462,FALSE,TRUE,40
"2.2.2.1.2.2.2.2.1.2.2.2.2.2.2.2.2.3.3.2.2.2",0.560185125217281,FALSE,TRUE,40
"2.2.2.1.2.2.2.2.2.1.2.2.2.2.2.2.2.3.3.2.2.2",0.535929010891931,FALSE,TRUE,40
"2.2.2.1.2.2.2.2.2.2.1.2.2.2.2.2.2.3.3.2.2.2",0.505143843398076,FALSE,TRUE,40
"2.2.2.1.2.2.2.2.2.2.2.1.2.2.2.2.2.3.3.2.2.2",0.518598622503777,FALSE,TRUE,40
"2.2.2.1.2.2.2.2.2.2.2.2.1.2.2.2.2.3.3.2.2.2",0.524065359806481,FALSE,TRUE,40
"2.2.2.1.2.2.2.2.2.2.2.2.2.1.2.2.2.3.3.2.2.2",0.533473339636142,FALSE,TRUE,40
"2.2.2.1.2.2.2.2.2.2.2.2.2.2.1.2.2.3.3.2.2.2",0.473821802057177,FALSE,TRUE,40
"2.2.2.1.2.2.2.2.2.2.2.2.2.2.2.1.2.3.3.2.2.2",0.506120170523749,FALSE,TRUE,40
"2.2.2.1.2.2.2.2.2.2.2.2.2.2.2.2.1.3.3.2.2.2",0.522799776478784,FALSE,TRUE,40
"2.2.2.1.2.2.2.2.2.2.2.2.2.2.2.2.2.3.3.1.2.2",0.528854657270807,FALSE,TRUE,40
"2.2.2.1.2.2.2.2.2.2.2.2.2.2.2.2.2.3.3.2.1.2",0.533722232414107,FALSE,TRUE,40
"2.2.2.1.2.2.2.2.2.2.2.2.2.2.2.2.2.3.3.2.2.1",0.46910384191493,FALSE,TRUE,40
"4.1.2.2.2.2.2.2.2.2.2.2.2.2.1.2.2.1.2.3.2.2",0.474099160898755,FALSE,TRUE,38
"3.1.3.2.2.2.2.2.2.2.2.2.2.2.1.2.2.1.2.3.2.2",0.46342390099057,FALSE,TRUE,38
"3.1.2.2.3.2.2.2.2.2.2.2.2.2.1.2.2.1.2.3.2.2",0.454000169784616,FALSE,TRUE,38
"3.1.2.2.2.3.2.2.2.2.2.2.2.2.1.2.2.1.2.3.2.2",0.457428184070574,FALSE,TRUE,37
"3.1.2.2.2.2.3.2.2.2.2.2.2.2.1.2.2.1.2.3.2.2",0.451561448646539,FALSE,TRUE,38
"3.1.2.2.2.2.2.3.2.2.2.2.2.2.1.2.2.1.2.3.2.2",0.523588737187117,FALSE,TRUE,37
"3.1.2.2.2.2.2.2.3.2.2.2.2.2.1.2.2.1.2.3.2.2",0.436438052343216,FALSE,TRUE,38
"3.1.2.2.2.2.2.2.2.3.2.2.2.2.1.2.2.1.2.3.2.2",0.449822069802957,FALSE,TRUE,38
"3.1.2.2.2.2.2.2.2.2.3.2.2.2.1.2.2.1.2.3.2.2",0.494986364463795,FALSE,TRUE,38
"3.1.2.2.2.2.2.2.2.2.2.3.2.2.1.2.2.1.2.3.2.2",0.473930678484849,FALSE,TRUE,38
"3.1.2.2.2.2.2.2.2.2.2.2.3.2.1.2.2.1.2.3.2.2",0.437817316384489,FALSE,TRUE,37
"3.1.2.2.2.2.2.2.2.2.2.2.2.3.1.2.2.1.2.3.2.2",0.465663988703747,FALSE,TRUE,38
"3.1.2.2.2.2.2.2.2.2.2.2.2.2.2.2.2.1.2.3.2.2",0.528764412669922,FALSE,TRUE,39
"3.1.2.2.2.2.2.2.2.2.2.2.2.2.1.3.2.1.2.3.2.2",0.456369465120284,FALSE,TRUE,38
"3.1.2.2.2.2.2.2.2.2.2.2.2.2.1.2.3.1.2.3.2.2",0.4601123625458,FALSE,TRUE,38
"3.1.2.2.2.2.2.2.2.2.2.2.2.2.1.2.2.2.2.3.2.2",0.487788883029429,FALSE,TRUE,37
"3.1.2.2.2.2.2.2.2.2.2.2.2.2.1.2.2.1.3.3.2.2",0.505458700902857,FALSE,TRUE,38
"3.1.2.2.2.2.2.2.2.2.2.2.2.2.1.2.2.1.2.4.2.2",0.486692820506661,FALSE,TRUE,39
"3.1.2.2.2.2.2.2.2.2.2.2.2.2.1.2.2.1.2.3.3.2",0.45660160945194,FALSE,TRUE,38
"3.1.2.2.2.2.2.2.2.2.2.2.2.2.1.2.2.1.2.3.2.3",0.519712419627479,FALSE,TRUE,38
"2.1.2.2.2.2.2.2.2.2.2.2.2.2.1.2.2.1.2.3.2.2",0.467010386709952,FALSE,TRUE,36
"3.1.1.2.2.2.2.2.2.2.2.2.2.2.1.2.2.1.2.3.2.2",0.459653652290195,FALSE,TRUE,37
"3.1.2.1.2.2.2.2.2.2.2.2.2.2.1.2.2.1.2.3.2.2",0.44745481063949,FALSE,TRUE,38
"3.1.2.2.1.2.2.2.2.2.2.2.2.2.1.2.2.1.2.3.2.2",0.48760560365261,FALSE,TRUE,35
"3.1.2.2.2.1.2.2.2.2.2.2.2.2.1.2.2.1.2.3.2.2",0.477307765547968,FALSE,TRUE,37
"3.1.2.2.2.2.1.2.2.2.2.2.2.2.1.2.2.1.2.3.2.2",0.492340869859905,FALSE,TRUE,37
"3.1.2.2.2.2.2.1.2.2.2.2.2.2.1.2.2.1.2.3.2.2",0.415618081563415,FALSE,TRUE,36
"3.1.2.2.2.2.2.2.1.2.2.2.2.2.1.2.2.1.2.3.2.2",0.501009463326598,FALSE,TRUE,37
"3.1.2.2.2.2.2.2.2.1.2.2.2.2.1.2.2.1.2.3.2.2",0.485122981973114,FALSE,TRUE,36
"3.1.2.2.2.2.2.2.2.2.1.2.2.2.1.2.2.1.2.3.2.2",0.441686253944468,FALSE,TRUE,37
"3.1.2.2.2.2.2.2.2.2.2.1.2.2.1.2.2.1.2.3.2.2",0.46640065849422,FALSE,TRUE,37
"3.1.2.2.2.2.2.2.2.2.2.2.1.2.1.2.2.1.2.3.2.2",0.493549722464691,FALSE,TRUE,37
"3.1.2.2.2.2.2.2.2.2.2.2.2.1.1.2.2.1.2.3.2.2",0.473575763828893,FALSE,TRUE,36
"3.1.2.2.2.2.2.2.2.2.2.2.2.2.1.2.1.1.2.3.2.2",0.478575416667733,FALSE,TRUE,37
"3.1.2.2.2.2.2.2.2.2.2.2.2.2.1.2.2.1.1.3.2.2",0.425054826525522,FALSE,TRUE,37
"3.1.2.2.2.2.2.2.2.2.2.2.2.2.1.2.2.1.2.3.1.2",0.481196299439816,FALSE,TRUE,37
"3.1.2.2.2.2.2.2.2.2.2.2.2.2.1.2.2.1.2.3.2.1",0.419520782113246,FALSE,TRUE,37
"4.2.2.2.2.2.2.1.3.2.2.2.2.2.1.2.2.1.2.2.2.2",0.394639652118523,FALSE,TRUE,39
"3.3.2.2.2.2.2.1.3.2.2.2.2.2.1.2.2.1.2.2.2.2",0.366387813746103,FALSE,TRUE,39
"3.2.3.2.2.2.2.1.3.2.2.2.2.2.1.2.2.1.2.2.2.2",0.328584408137215,FALSE,TRUE,39
"3.2.2.3.2.2.2.1.3.2.2.2.2.2.1.2.2.1.2.2.2.2",0.359778527193748,FALSE,TRUE,39
"3.2.2.2.3.2.2.1.3.2.2.2.2.2.1.2.2.1.2.2.2.2",0.358133520943572,FALSE,TRUE,39
"3.2.2.2.2.3.2.1.3.2.2.2.2.2.1.2.2.1.2.2.2.2",0.354129836902941,FALSE,TRUE,38
"3.2.2.2.2.2.3.1.3.2.2.2.2.2.1.2.2.1.2.2.2.2",0.340514413304825,FALSE,TRUE,39
"3.2.2.2.2.2.2.1.4.2.2.2.2.2.1.2.2.1.2.2.2.2",0.334980891280805,FALSE,TRUE,40
"3.2.2.2.2.2.2.1.3.3.2.2.2.2.1.2.2.1.2.2.2.2",0.336769752796318,FALSE,TRUE,39
"3.2.2.2.2.2.2.1.3.2.3.2.2.2.1.2.2.1.2.2.2.2",0.386884203643022,FALSE,TRUE,39
"3.2.2.2.2.2.2.1.3.2.2.3.2.2.1.2.2.1.2.2.2.2",0.365846028058221,FALSE,TRUE,39
"3.2.2.2.2.2.2.1.3.2.2.2.3.2.1.2.2.1.2.2.2.2",0.316965792206834,FALSE,TRUE,39
"3.2.2.2.2.2.2.1.3.2.2.2.2.3.1.2.2.1.2.2.2.2",0.353222823035063,FALSE,TRUE,39
"3.2.2.2.2.2.2.1.3.2.2.2.2.2.2.2.2.1.2.2.2.2",0.411925186750472,FALSE,TRUE,40
"3.2.2.2.2.2.2.1.3.2.2.2.2.2.1.3.2.1.2.2.2.2",0.349364337241721,FALSE,TRUE,39
"3.2.2.2.2.2.2.1.3.2.2.2.2.2.1.2.3.1.2.2.2.2",0.357934835630658,FALSE,TRUE,39
"3.2.2.2.2.2.2.1.3.2.2.2.2.2.1.2.2.2.2.2.2.2",0.359487638646162,FALSE,TRUE,38
"3.2.2.2.2.2.2.1.3.2.2.2.2.2.1.2.2.1.3.2.2.2",0.413805245933724,FALSE,TRUE,39
"3.2.2.2.2.2.2.1.3.2.2.2.2.2.1.2.2.1.2.3.2.2",0.375207787454355,FALSE,TRUE,39
"3.2.2.2.2.2.2.1.3.2.2.2.2.2.1.2.2.1.2.2.3.2",0.367043085037701,FALSE,TRUE,39
"3.2.2.2.2.2.2.1.3.2.2.2.2.2.1.2.2.1.2.2.2.3",0.412147272866398,FALSE,TRUE,39
"2.2.2.2.2.2.2.1.3.2.2.2.2.2.1.2.2.1.2.2.2.2",0.343941744463922,FALSE,TRUE,37
"3.1.2.2.2.2.2.1.3.2.2.2.2.2.1.2.2.1.2.2.2.2",0.361653599930325,FALSE,TRUE,37
"3.2.1.2.2.2.2.1.3.2.2.2.2.2.1.2.2.1.2.2.2.2",0.390948079163651,FALSE,TRUE,38
"3.2.2.1.2.2.2.1.3.2.2.2.2.2.1.2.2.1.2.2.2.2",0.372019551608159,FALSE,TRUE,38
"3.2.2.2.1.2.2.1.3.2.2.2.2.2.1.2.2.1.2.2.2.2",0.379507380711838,FALSE,TRUE,37
"3.2.2.2.2.1.2.1.3.2.2.2.2.2.1.2.2.1.2.2.2.2",0.376892581521598,FALSE,TRUE,38
"3.2.2.2.2.2.2.1.3.2.1.2.2.2.1.2.2.1.2.2.2.2",0.347099351424147,FALSE,TRUE,38
"3.2.2.2.2.2.2.1.3.2.2.1.2.2.1.2.2.1.2.2.2.2",0.370133730802448,FALSE,TRUE,38
"3.2.2.2.2.2.2.1.3.2.2.2.1.2.1.2.2.1.2.2.2.2",0.410552091853282,FALSE,TRUE,38
"3.2.2.2.2.2.2.1.3.2.2.2.2.1.1.2.2.1.2.2.2.2",0.381744053508151,FALSE,TRUE,38
"3.2.2.2.2.2.2.1.3.2.2.2.2.2.1.1.2.1.2.2.2.2",0.373242447500273,FALSE,TRUE,38
"3.2.2.2.2.2.2.1.3.2.2.2.2.2.1.2.1.1.2.2.2.2",0.378367606453378,FALSE,TRUE,38
"3.2.2.2.2.2.2.1.3.2.2.2.2.2.1.2.2.1.1.2.2.2",0.31429425729065,FALSE,TRUE,38
"3.2.2.2.2.2.2.1.3.2.2.2.2.2.1.2.2.1.2.1.2.2",0.363336635662698,FALSE,TRUE,37
"3.2.2.2.2.2.2.1.3.2.2.2.2.2.1.2.2.1.2.2.1.2",0.368398472664602,FALSE,TRUE,38
"3.2.2.2.2.2.2.1.3.2.2.2.2.2.1.2.2.1.2.2.2.1",0.327598112146678,FALSE,TRUE,38
"4.2.2.2.2.3.2.2.2.2.2.2.2.2.1.1.2.1.2.2.2.2",0.457990225716542,FALSE,TRUE,38
"3.3.2.2.2.3.2.2.2.2.2.2.2.2.1.1.2.1.2.2.2.2",0.436875954361975,FALSE,TRUE,38
"3.2.3.2.2.3.2.2.2.2.2.2.2.2.1.1.2.1.2.2.2.2",0.42063683947171,FALSE,TRUE,38
"3.2.2.3.2.3.2.2.2.2.2.2.2.2.1.1.2.1.2.2.2.2",0.455048113761483,FALSE,TRUE,38
"3.2.2.2.3.3.2.2.2.2.2.2.2.2.1.1.2.1.2.2.2.2",0.429512952063573,FALSE,TRUE,38
"3.2.2.2.2.4.2.2.2.2.2.2.2.2.1.1.2.1.2.2.2.2",0.420161049069006,FALSE,TRUE,38
"3.2.2.2.2.3.3.2.2.2.2.2.2.2.1.1.2.1.2.2.2.2",0.409514270199715,FALSE,TRUE,38
"3.2.2.2.2.3.2.3.2.2.2.2.2.2.1.1.2.1.2.2.2.2",0.505344304252315,FALSE,TRUE,36
"3.2.2.2.2.3.2.2.3.2.2.2.2.2.1.1.2.1.2.2.2.2",0.419559644065689,FALSE,TRUE,38
"3.2.2.2.2.3.2.2.2.3.2.2.2.2.1.1.2.1.2.2.2.2",0.410221280685147,FALSE,TRUE,38
"3.2.2.2.2.3.2.2.2.2.3.2.2.2.1.1.2.1.2.2.2.2",0.466040629233869,FALSE,TRUE,38
"3.2.2.2.2.3.2.2.2.2.2.3.2.2.1.1.2.1.2.2.2.2",0.456610275328924,FALSE,TRUE,38
"3.2.2.2.2.3.2.2.2.2.2.2.3.2.1.1.2.1.2.2.2.2",0.407110042042096,FALSE,TRUE,36
"3.2.2.2.2.3.2.2.2.2.2.2.2.3.1.1.2.1.2.2.2.2",0.425937901944748,FALSE,TRUE,38
"3.2.2.2.2.3.2.2.2.2.2.2.2.2.2.1.2.1.2.2.2.2",0.483817018355169,FALSE,TRUE,39
"3.2.2.2.2.3.2.2.2.2.2.2.2.2.1.1.3.1.2.2.2.2",0.431888226270389,FALSE,TRUE,38
"3.2.2.2.2.3.2.2.2.2.2.2.2.2.1.1.2.2.2.2.2.2",0.441740395210523,FALSE,TRUE,38
"3.2.2.2.2.3.2.2.2.2.2.2.2.2.1.1.2.1.3.2.2.2",0.481633311788503,FALSE,TRUE,38
"3.2.2.2.2.3.2.2.2.2.2.2.2.2.1.1.2.1.2.3.2.2",0.445248553271614,FALSE,TRUE,38
"3.2.2.2.2.3.2.2.2.2.2.2.2.2.1.1.2.1.2.2.3.2",0.443016177928728,FALSE,TRUE,38
"3.2.2.2.2.3.2.2.2.2.2.2.2.2.1.1.2.1.2.2.2.3",0.485021421782839,FALSE,TRUE,37
"2.2.2.2.2.3.2.2.2.2.2.2.2.2.1.1.2.1.2.2.2.2",0.433618174212741,FALSE,TRUE,36
"3.2.1.2.2.3.2.2.2.2.2.2.2.2.1.1.2.1.2.2.2.2",0.453140421211144,FALSE,TRUE,37
"3.2.2.1.2.3.2.2.2.2.2.2.2.2.1.1.2.1.2.2.2.2",0.431256584992358,FALSE,TRUE,37
"3.2.2.2.1.3.2.2.2.2.2.2.2.2.1.1.2.1.2.2.2.2",0.461741977997969,FALSE,TRUE,36
"3.2.2.2.2.3.1.2.2.2.2.2.2.2.1.1.2.1.2.2.2.2",0.483848947807645,FALSE,TRUE,37
"3.2.2.2.2.3.2.1.2.2.2.2.2.2.1.1.2.1.2.2.2.2",0.383381700324645,FALSE,TRUE,36
"3.2.2.2.2.3.2.2.1.2.2.2.2.2.1.1.2.1.2.2.2.2",0.469620655992524,FALSE,TRUE,37
"3.2.2.2.2.3.2.2.2.1.2.2.2.2.1.1.2.1.2.2.2.2",0.473995167490195,FALSE,TRUE,35
"3.2.2.2.2.3.2.2.2.2.1.2.2.2.1.1.2.1.2.2.2.2",0.421202772924969,FALSE,TRUE,37
"3.2.2.2.2.3.2.2.2.2.2.1.2.2.1.1.2.1.2.2.2.2",0.433397671274514,FALSE,TRUE,37
"3.2.2.2.2.3.2.2.2.2.2.2.1.2.1.1.2.1.2.2.2.2",0.474091283401976,FALSE,TRUE,37
"3.2.2.2.2.3.2.2.2.2.2.2.2.1.1.1.2.1.2.2.2.2",0.463583575372677,FALSE,TRUE,37
"3.2.2.2.2.3.2.2.2.2.2.2.2.2.1.1.1.1.2.2.2.2",0.45626984210192,FALSE,TRUE,37
"3.2.2.2.2.3.2.2.2.2.2.2.2.2.1.1.2.1.1.2.2.2",0.398582617966598,FALSE,TRUE,37
"3.2.2.2.2.3.2.2.2.2.2.2.2.2.1.1.2.1.2.1.2.2",0.445564781639397,FALSE,TRUE,36
"3.2.2.2.2.3.2.2.2.2.2.2.2.2.1.1.2.1.2.2.1.2",0.444132021380806,FALSE,TRUE,37
"4.2.2.2.2.2.2.2.2.2.2.2.2.2.1.2.2.2.2.2.2.2",0.482881367983762,FALSE,TRUE,40
"3.3.2.2.2.2.2.2.2.2.2.2.2.2.1.2.2.2.2.2.2.2",0.457347380996526,FALSE,TRUE,40
"3.2.3.2.2.2.2.2.2.2.2.2.2.2.1.2.2.2.2.2.2.2",0.433860139869024,FALSE,TRUE,40
"3.2.2.3.2.2.2.2.2.2.2.2.2.2.1.2.2.2.2.2.2.2",0.472379080921448,FALSE,TRUE,40
"3.2.2.2.3.2.2.2.2.2.2.2.2.2.1.2.2.2.2.2.2.2",0.459433213440332,FALSE,TRUE,40
"3.2.2.2.2.2.3.2.2.2.2.2.2.2.1.2.2.2.2.2.2.2",0.433907993909098,FALSE,TRUE,39
"3.2.2.2.2.2.2.3.2.2.2.2.2.2.1.2.2.2.2.2.2.2",0.535618940521622,FALSE,TRUE,40
"3.2.2.2.2.2.2.2.3.2.2.2.2.2.1.2.2.2.2.2.2.2",0.429064480776911,FALSE,TRUE,39
"3.2.2.2.2.2.2.2.2.3.2.2.2.2.1.2.2.2.2.2.2.2",0.429791454324664,FALSE,TRUE,38
"3.2.2.2.2.2.2.2.2.2.3.2.2.2.1.2.2.2.2.2.2.2",0.490828843627162,FALSE,TRUE,40
"3.2.2.2.2.2.2.2.2.2.2.3.2.2.1.2.2.2.2.2.2.2",0.471231317394672,FALSE,TRUE,39
"3.2.2.2.2.2.2.2.2.2.2.2.3.2.1.2.2.2.2.2.2.2",0.421757058614138,FALSE,TRUE,40
"3.2.2.2.2.2.2.2.2.2.2.2.2.3.1.2.2.2.2.2.2.2",0.445582557627348,FALSE,TRUE,38
"3.2.2.2.2.2.2.2.2.2.2.2.2.2.1.3.2.2.2.2.2.2",0.458831196186556,FALSE,TRUE,40
"3.2.2.2.2.2.2.2.2.2.2.2.2.2.1.2.3.2.2.2.2.2",0.448164382154632,FALSE,TRUE,40
"3.2.2.2.2.2.2.2.2.2.2.2.2.2.1.2.2.3.2.2.2.2",0.466055563312424,FALSE,TRUE,41
"3.2.2.2.2.2.2.2.2.2.2.2.2.2.1.2.2.2.3.2.2.2",0.51174547839647,FALSE,TRUE,40
"3.2.2.2.2.2.2.2.2.2.2.2.2.2.1.2.2.2.2.2.3.2",0.46284422851029,FALSE,TRUE,40
"3.2.2.2.2.2.2.2.2.2.2.2.2.2.1.2.2.2.2.2.2.3",0.512846166791756,FALSE,TRUE,40
"3.2.1.2.2.2.2.2.2.2.2.2.2.2.1.2.2.2.2.2.2.2",0.486761724387295,FALSE,TRUE,39
"3.2.2.2.2.1.2.2.2.2.2.2.2.2.1.2.2.2.2.2.2.2",0.484887208218548,FALSE,TRUE,39
"3.2.2.2.2.2.1.2.2.2.2.2.2.2.1.2.2.2.2.2.2.2",0.507243108131555,FALSE,TRUE,38
"3.2.2.2.2.2.2.2.1.2.2.2.2.2.1.2.2.2.2.2.2.2",0.50713608842825,FALSE,TRUE,39
"3.2.2.2.2.2.2.2.2.1.2.2.2.2.1.2.2.2.2.2.2.2",0.502120503712379,FALSE,TRUE,38
"3.2.2.2.2.2.2.2.2.2.1.2.2.2.1.2.2.2.2.2.2.2",0.443686002391242,FALSE,TRUE,39
"3.2.2.2.2.2.2.2.2.2.2.1.2.2.1.2.2.2.2.2.2.2",0.465802412787349,FALSE,TRUE,39
"3.2.2.2.2.2.2.2.2.2.2.2.1.2.1.2.2.2.2.2.2.2",0.506533486407269,FALSE,TRUE,39
"3.2.2.2.2.2.2.2.2.2.2.2.2.1.1.2.2.2.2.2.2.2",0.490828189621168,FALSE,TRUE,38
"3.2.2.2.2.2.2.2.2.2.2.2.2.2.1.1.2.2.2.2.2.2",0.465396123217104,FALSE,TRUE,37
"3.2.2.2.2.2.2.2.2.2.2.2.2.2.1.2.1.2.2.2.2.2",0.487668198096399,FALSE,TRUE,39
"3.2.2.2.2.2.2.2.2.2.2.2.2.2.1.2.2.2.1.2.2.2",0.41542733135938,FALSE,TRUE,38
"3.2.2.2.2.2.2.2.2.2.2.2.2.2.1.2.2.2.2.2.1.2",0.470701182627547,FALSE,TRUE,37
"3.2.2.2.2.2.2.2.2.2.2.2.2.2.1.2.2.2.2.2.2.1",0.424973232730478,FALSE,TRUE,39
"3.2.2.2.2.1.2.2.2.2.1.2.2.2.1.2.2.1.2.2.2.2",0.440816337294503,FALSE,TRUE,37
"2.3.2.2.2.1.2.2.2.2.1.2.2.2.1.2.2.1.2.2.2.2",0.439979367185091,FALSE,TRUE,38
"2.2.3.2.2.1.2.2.2.2.1.2.2.2.1.2.2.1.2.2.2.2",0.412573175012258,FALSE,TRUE,38
"2.2.2.3.2.1.2.2.2.2.1.2.2.2.1.2.2.1.2.2.2.2",0.432594434359723,FALSE,TRUE,38
"2.2.2.2.3.1.2.2.2.2.1.2.2.2.1.2.2.1.2.2.2.2",0.417539074951648,FALSE,TRUE,38
"2.2.2.2.2.1.3.2.2.2.1.2.2.2.1.2.2.1.2.2.2.2",0.405506938249683,FALSE,TRUE,38
"2.2.2.2.2.1.2.3.2.2.1.2.2.2.1.2.2.1.2.2.2.2",0.494603767995743,FALSE,TRUE,38
"2.2.2.2.2.1.2.2.3.2.1.2.2.2.1.2.2.1.2.2.2.2",0.39475648824969,FALSE,TRUE,38
"2.2.2.2.2.1.2.2.2.3.1.2.2.2.1.2.2.1.2.2.2.2",0.392029366769028,FALSE,TRUE,38
"2.2.2.2.2.1.2.2.2.2.1.3.2.2.1.2.2.1.2.2.2.2",0.437390582556707,FALSE,TRUE,38
"2.2.2.2.2.1.2.2.2.2.1.2.3.2.1.2.2.1.2.2.2.2",0.374138229294965,FALSE,TRUE,38
"2.2.2.2.2.1.2.2.2.2.1.2.2.3.1.2.2.1.2.2.2.2",0.412225506714494,FALSE,TRUE,38
"2.2.2.2.2.1.2.2.2.2.1.2.2.2.2.2.2.1.2.2.2.2",0.499647721633691,FALSE,TRUE,39
"2.2.2.2.2.1.2.2.2.2.1.2.2.2.1.3.2.1.2.2.2.2",0.414494490348289,FALSE,TRUE,38
"2.2.2.2.2.1.2.2.2.2.1.2.2.2.1.2.3.1.2.2.2.2",0.406566657841119,FALSE,TRUE,38
"2.2.2.2.2.1.2.2.2.2.1.2.2.2.1.2.2.2.2.2.2.2",0.442137599812669,FALSE,TRUE,38
"2.2.2.2.2.1.2.2.2.2.1.2.2.2.1.2.2.1.3.2.2.2",0.482757344768857,FALSE,TRUE,38
"2.2.2.2.2.1.2.2.2.2.1.2.2.2.1.2.2.1.2.3.2.2",0.45095232949474,FALSE,TRUE,38
"2.2.2.2.2.1.2.2.2.2.1.2.2.2.1.2.2.1.2.2.3.2",0.43076413754196,FALSE,TRUE,38
"2.2.2.2.2.1.2.2.2.2.1.2.2.2.1.2.2.1.2.2.2.3",0.476540430316721,FALSE,TRUE,37
"1.2.2.2.2.1.2.2.2.2.1.2.2.2.1.2.2.1.2.2.2.2",0.416689403980976,FALSE,TRUE,37
"2.1.2.2.2.1.2.2.2.2.1.2.2.2.1.2.2.1.2.2.2.2",0.407788526113922,FALSE,TRUE,37
"2.2.1.2.2.1.2.2.2.2.1.2.2.2.1.2.2.1.2.2.2.2",0.427587600980223,FALSE,TRUE,37
"2.2.2.1.2.1.2.2.2.2.1.2.2.2.1.2.2.1.2.2.2.2",0.419017093162752,FALSE,TRUE,37
"2.2.2.2.1.1.2.2.2.2.1.2.2.2.1.2.2.1.2.2.2.2",0.440326508588556,FALSE,TRUE,37
"2.2.2.2.2.1.1.2.2.2.1.2.2.2.1.2.2.1.2.2.2.2",0.453951769780744,FALSE,TRUE,37
"2.2.2.2.2.1.2.1.2.2.1.2.2.2.1.2.2.1.2.2.2.2",0.362131089579794,FALSE,TRUE,37
"2.2.2.2.2.1.2.2.1.2.1.2.2.2.1.2.2.1.2.2.2.2",0.459735353161919,FALSE,TRUE,37
"2.2.2.2.2.1.2.2.2.1.1.2.2.2.1.2.2.1.2.2.2.2",0.459390674205083,FALSE,TRUE,37
"2.2.2.2.2.1.2.2.2.2.1.1.2.2.1.2.2.1.2.2.2.2",0.419176115974225,FALSE,TRUE,37
"2.2.2.2.2.1.2.2.2.2.1.2.1.2.1.2.2.1.2.2.2.2",0.474033253105454,FALSE,TRUE,37
"2.2.2.2.2.1.2.2.2.2.1.2.2.1.1.2.2.1.2.2.2.2",0.443066176204402,FALSE,TRUE,37
"2.2.2.2.2.1.2.2.2.2.1.2.2.2.1.1.2.1.2.2.2.2",0.429052838695459,FALSE,TRUE,37
"2.2.2.2.2.1.2.2.2.2.1.2.2.2.1.2.1.1.2.2.2.2",0.448908620180383,FALSE,TRUE,37
"2.2.2.2.2.1.2.2.2.2.1.2.2.2.1.2.2.1.1.2.2.2",0.365719863820526,FALSE,TRUE,37
"2.2.2.2.2.1.2.2.2.2.1.2.2.2.1.2.2.1.2.1.2.2",0.406275655166087,FALSE,TRUE,37
"2.2.2.2.2.1.2.2.2.2.1.2.2.2.1.2.2.1.2.2.1.2",0.422459313841545,FALSE,TRUE,37
"2.2.2.2.2.1.2.2.2.2.1.2.2.2.1.2.2.1.2.2.2.1",0.382391286482447,FALSE,TRUE,37
"2.3.2.2.2.2.2.2.2.3.2.2.2.2.2.2.2.2.2.2.2.2",0.435220485846195,FALSE,TRUE,42
"2.2.3.2.2.2.2.2.2.3.2.2.2.2.2.2.2.2.2.2.2.2",0.417275399908126,FALSE,TRUE,42
"2.2.2.3.2.2.2.2.2.3.2.2.2.2.2.2.2.2.2.2.2.2",0.465124355036198,FALSE,TRUE,42
"2.2.2.2.3.2.2.2.2.3.2.2.2.2.2.2.2.2.2.2.2.2",0.453987296384292,FALSE,TRUE,41
"2.2.2.2.2.3.2.2.2.3.2.2.2.2.2.2.2.2.2.2.2.2",0.430099007514698,FALSE,TRUE,42
"2.2.2.2.2.2.3.2.2.3.2.2.2.2.2.2.2.2.2.2.2.2",0.425187655502118,FALSE,TRUE,42
"2.2.2.2.2.2.2.3.2.3.2.2.2.2.2.2.2.2.2.2.2.2",0.540416032415348,FALSE,TRUE,42
"2.2.2.2.2.2.2.2.3.3.2.2.2.2.2.2.2.2.2.2.2.2",0.417949995998616,FALSE,TRUE,40
"2.2.2.2.2.2.2.2.2.4.2.2.2.2.2.2.2.2.2.2.2.2",0.421156361852471,FALSE,TRUE,43
"2.2.2.2.2.2.2.2.2.3.3.2.2.2.2.2.2.2.2.2.2.2",0.489829705208489,FALSE,TRUE,42
"2.2.2.2.2.2.2.2.2.3.2.3.2.2.2.2.2.2.2.2.2.2",0.461569597729576,FALSE,TRUE,42
"2.2.2.2.2.2.2.2.2.3.2.2.3.2.2.2.2.2.2.2.2.2",0.419027110220404,FALSE,TRUE,42
"2.2.2.2.2.2.2.2.2.3.2.2.2.3.2.2.2.2.2.2.2.2",0.432762823420453,FALSE,TRUE,42
"2.2.2.2.2.2.2.2.2.3.2.2.2.2.3.2.2.2.2.2.2.2",0.502607887880529,FALSE,TRUE,42
"2.2.2.2.2.2.2.2.2.3.2.2.2.2.2.3.2.2.2.2.2.2",0.457180566899948,FALSE,TRUE,42
"2.2.2.2.2.2.2.2.2.3.2.2.2.2.2.2.3.2.2.2.2.2",0.449285632224533,FALSE,TRUE,42
"2.2.2.2.2.2.2.2.2.3.2.2.2.2.2.2.2.3.2.2.2.2",0.451566243493487,FALSE,TRUE,42
"2.2.2.2.2.2.2.2.2.3.2.2.2.2.2.2.2.2.3.2.2.2",0.510992538185468,FALSE,TRUE,41
"2.2.2.2.2.2.2.2.2.3.2.2.2.2.2.2.2.2.2.3.2.2",0.475916108802766,FALSE,TRUE,41
"2.2.2.2.2.2.2.2.2.3.2.2.2.2.2.2.2.2.2.2.3.2",0.448031698096308,FALSE,TRUE,42
"2.2.2.2.2.2.2.2.2.3.2.2.2.2.2.2.2.2.2.2.2.3",0.519602323847321,FALSE,TRUE,42
"1.2.2.2.2.2.2.2.2.3.2.2.2.2.2.2.2.2.2.2.2.2",0.454013910205577,FALSE,TRUE,41
"2.2.1.2.2.2.2.2.2.3.2.2.2.2.2.2.2.2.2.2.2.2",0.497881578302854,FALSE,TRUE,41
"2.2.2.2.1.2.2.2.2.3.2.2.2.2.2.2.2.2.2.2.2.2",0.477738102683251,FALSE,TRUE,41
"2.2.2.2.2.1.2.2.2.3.2.2.2.2.2.2.2.2.2.2.2.2",0.495007155315163,FALSE,TRUE,41
"2.2.2.2.2.2.1.2.2.3.2.2.2.2.2.2.2.2.2.2.2.2",0.511271166624997,FALSE,TRUE,41
"2.2.2.2.2.2.2.1.2.3.2.2.2.2.2.2.2.2.2.2.2.2",0.387404102570721,FALSE,TRUE,40
"2.2.2.2.2.2.2.2.1.3.2.2.2.2.2.2.2.2.2.2.2.2",0.511686813860422,FALSE,TRUE,41
"2.2.2.2.2.2.2.2.2.3.1.2.2.2.2.2.2.2.2.2.2.2",0.438269271124882,FALSE,TRUE,41
"2.2.2.2.2.2.2.2.2.3.2.1.2.2.2.2.2.2.2.2.2.2",0.469162729754601,FALSE,TRUE,41
"2.2.2.2.2.2.2.2.2.3.2.2.1.2.2.2.2.2.2.2.2.2",0.50312447474506,FALSE,TRUE,41
"2.2.2.2.2.2.2.2.2.3.2.2.2.1.2.2.2.2.2.2.2.2",0.497236241497762,FALSE,TRUE,41
"2.2.2.2.2.2.2.2.2.3.2.2.2.2.2.1.2.2.2.2.2.2",0.460687198056796,FALSE,TRUE,41
"2.2.2.2.2.2.2.2.2.3.2.2.2.2.2.2.1.2.2.2.2.2",0.481043312293329,FALSE,TRUE,41
"2.2.2.2.2.2.2.2.2.3.2.2.2.2.2.2.2.1.2.2.2.2",0.475518527484922,FALSE,TRUE,40
"2.2.2.2.2.2.2.2.2.3.2.2.2.2.2.2.2.2.2.2.1.2",0.479399406312732,FALSE,TRUE,41
"2.2.2.2.2.2.2.2.2.3.2.2.2.2.2.2.2.2.2.2.2.1",0.410189007869647,FALSE,TRUE,41
"4.1.2.3.2.2.2.2.2.2.2.2.2.2.1.2.2.1.2.3.2.2",0.491363203251179,FALSE,TRUE,39
"3.2.2.3.2.2.2.2.2.2.2.2.2.2.1.2.2.1.2.3.2.2",0.484309857379674,FALSE,TRUE,39
"3.1.3.3.2.2.2.2.2.2.2.2.2.2.1.2.2.1.2.3.2.2",0.466332737777508,FALSE,TRUE,39
"3.1.2.4.2.2.2.2.2.2.2.2.2.2.1.2.2.1.2.3.2.2",0.490399192790504,FALSE,TRUE,40
"3.1.2.3.3.2.2.2.2.2.2.2.2.2.1.2.2.1.2.3.2.2",0.472068437056037,FALSE,TRUE,39
"3.1.2.3.2.3.2.2.2.2.2.2.2.2.1.2.2.1.2.3.2.2",0.472189821441014,FALSE,TRUE,39
"3.1.2.3.2.2.3.2.2.2.2.2.2.2.1.2.2.1.2.3.2.2",0.462718655665569,FALSE,TRUE,39
"3.1.2.3.2.2.2.3.2.2.2.2.2.2.1.2.2.1.2.3.2.2",0.543499618137843,FALSE,TRUE,37
"3.1.2.3.2.2.2.2.3.2.2.2.2.2.1.2.2.1.2.3.2.2",0.442372762434056,FALSE,TRUE,39
"3.1.2.3.2.2.2.2.2.3.2.2.2.2.1.2.2.1.2.3.2.2",0.455030425895991,FALSE,TRUE,39
"3.1.2.3.2.2.2.2.2.2.3.2.2.2.1.2.2.1.2.3.2.2",0.510402016065383,FALSE,TRUE,39
"3.1.2.3.2.2.2.2.2.2.2.3.2.2.1.2.2.1.2.3.2.2",0.487297475700021,FALSE,TRUE,39
"3.1.2.3.2.2.2.2.2.2.2.2.3.2.1.2.2.1.2.3.2.2",0.439653890990924,FALSE,TRUE,39
"3.1.2.3.2.2.2.2.2.2.2.2.2.3.1.2.2.1.2.3.2.2",0.471297586273712,FALSE,TRUE,39
"3.1.2.3.2.2.2.2.2.2.2.2.2.2.2.2.2.1.2.3.2.2",0.548375451219035,FALSE,TRUE,40
"3.1.2.3.2.2.2.2.2.2.2.2.2.2.1.3.2.1.2.3.2.2",0.469087753361679,FALSE,TRUE,39
"3.1.2.3.2.2.2.2.2.2.2.2.2.2.1.2.3.1.2.3.2.2",0.464863492305594,FALSE,TRUE,39
"3.1.2.3.2.2.2.2.2.2.2.2.2.2.1.2.2.2.2.3.2.2",0.496835066031097,FALSE,TRUE,40
"3.1.2.3.2.2.2.2.2.2.2.2.2.2.1.2.2.1.3.3.2.2",0.525877221252375,FALSE,TRUE,39
"3.1.2.3.2.2.2.2.2.2.2.2.2.2.1.2.2.1.2.4.2.2",0.502628408873483,FALSE,TRUE,39
"3.1.2.3.2.2.2.2.2.2.2.2.2.2.1.2.2.1.2.3.3.2",0.476651724833314,FALSE,TRUE,39
"3.1.2.3.2.2.2.2.2.2.2.2.2.2.1.2.2.1.2.3.2.3",0.533969390935116,FALSE,TRUE,39
"2.1.2.3.2.2.2.2.2.2.2.2.2.2.1.2.2.1.2.3.2.2",0.477199202913246,FALSE,TRUE,39
"3.1.1.3.2.2.2.2.2.2.2.2.2.2.1.2.2.1.2.3.2.2",0.484317286511386,FALSE,TRUE,38
"3.1.2.3.1.2.2.2.2.2.2.2.2.2.1.2.2.1.2.3.2.2",0.497301893419952,FALSE,TRUE,38
"3.1.2.3.2.1.2.2.2.2.2.2.2.2.1.2.2.1.2.3.2.2",0.49050554982376,FALSE,TRUE,38
"3.1.2.3.2.2.1.2.2.2.2.2.2.2.1.2.2.1.2.3.2.2",0.508786947856473,FALSE,TRUE,38
"3.1.2.3.2.2.2.1.2.2.2.2.2.2.1.2.2.1.2.3.2.2",0.423004224504914,FALSE,TRUE,38
"3.1.2.3.2.2.2.2.1.2.2.2.2.2.1.2.2.1.2.3.2.2",0.522831847412336,FALSE,TRUE,38
"3.1.2.3.2.2.2.2.2.1.2.2.2.2.1.2.2.1.2.3.2.2",0.507355789790583,FALSE,TRUE,38
"3.1.2.3.2.2.2.2.2.2.1.2.2.2.1.2.2.1.2.3.2.2",0.453996195931526,FALSE,TRUE,38
"3.1.2.3.2.2.2.2.2.2.2.1.2.2.1.2.2.1.2.3.2.2",0.481027499870323,FALSE,TRUE,38
"3.1.2.3.2.2.2.2.2.2.2.2.1.2.1.2.2.1.2.3.2.2",0.519496776531228,FALSE,TRUE,38
"3.1.2.3.2.2.2.2.2.2.2.2.2.1.1.2.2.1.2.3.2.2",0.495520684229045,FALSE,TRUE,38
"3.1.2.3.2.2.2.2.2.2.2.2.2.2.1.1.2.1.2.3.2.2",0.486411601271722,FALSE,TRUE,36
"3.1.2.3.2.2.2.2.2.2.2.2.2.2.1.2.1.1.2.3.2.2",0.501529286533958,FALSE,TRUE,38
"3.1.2.3.2.2.2.2.2.2.2.2.2.2.1.2.2.1.1.3.2.2",0.43227684867968,FALSE,TRUE,38
"3.1.2.3.2.2.2.2.2.2.2.2.2.2.1.2.2.1.2.3.1.2",0.488140997009171,FALSE,TRUE,38
"3.1.2.3.2.2.2.2.2.2.2.2.2.2.1.2.2.1.2.3.2.1",0.43255111285116,FALSE,TRUE,38
"4.2.2.2.2.3.2.2.2.2.2.2.2.2.1.1.2.1.2.2.2.1",0.424846655935798,FALSE,TRUE,38
"3.3.2.2.2.3.2.2.2.2.2.2.2.2.1.1.2.1.2.2.2.1",0.401705597912222,FALSE,TRUE,38
"3.2.3.2.2.3.2.2.2.2.2.2.2.2.1.1.2.1.2.2.2.1",0.379414365512016,FALSE,TRUE,38
"3.2.2.3.2.3.2.2.2.2.2.2.2.2.1.1.2.1.2.2.2.1",0.410321782333349,FALSE,TRUE,38
"3.2.2.2.3.3.2.2.2.2.2.2.2.2.1.1.2.1.2.2.2.1",0.387717353060583,FALSE,TRUE,38
"3.2.2.2.2.4.2.2.2.2.2.2.2.2.1.1.2.1.2.2.2.1",0.380691524531003,FALSE,TRUE,38
"3.2.2.2.2.3.3.2.2.2.2.2.2.2.1.1.2.1.2.2.2.1",0.359592508119286,FALSE,TRUE,38
"3.2.2.2.2.3.2.3.2.2.2.2.2.2.1.1.2.1.2.2.2.1",0.470734982317207,FALSE,TRUE,38
"3.2.2.2.2.3.2.2.3.2.2.2.2.2.1.1.2.1.2.2.2.1",0.381164261780222,FALSE,TRUE,38
"3.2.2.2.2.3.2.2.2.3.2.2.2.2.1.1.2.1.2.2.2.1",0.364529552866665,FALSE,TRUE,38
"3.2.2.2.2.3.2.2.2.2.3.2.2.2.1.1.2.1.2.2.2.1",0.425768322591175,FALSE,TRUE,38
"3.2.2.2.2.3.2.2.2.2.2.3.2.2.1.1.2.1.2.2.2.1",0.419644992041548,FALSE,TRUE,38
"3.2.2.2.2.3.2.2.2.2.2.2.3.2.1.1.2.1.2.2.2.1",0.3621268128442,FALSE,TRUE,38
"3.2.2.2.2.3.2.2.2.2.2.2.2.3.1.1.2.1.2.2.2.1",0.380264148282345,FALSE,TRUE,38
"3.2.2.2.2.3.2.2.2.2.2.2.2.2.2.1.2.1.2.2.2.1",0.441889994887715,FALSE,TRUE,39
"3.2.2.2.2.3.2.2.2.2.2.2.2.2.1.1.3.1.2.2.2.1",0.393853111858297,FALSE,TRUE,38
"3.2.2.2.2.3.2.2.2.2.2.2.2.2.1.1.2.2.2.2.2.1",0.394145946326893,FALSE,TRUE,39
"3.2.2.2.2.3.2.2.2.2.2.2.2.2.1.1.2.1.3.2.2.1",0.446704654338445,FALSE,TRUE,38
"3.2.2.2.2.3.2.2.2.2.2.2.2.2.1.1.2.1.2.3.2.1",0.395902856506943,FALSE,TRUE,38
"3.2.2.2.2.3.2.2.2.2.2.2.2.2.1.1.2.1.2.2.3.1",0.404067755789414,FALSE,TRUE,38
"2.2.2.2.2.3.2.2.2.2.2.2.2.2.1.1.2.1.2.2.2.1",0.383414878110041,FALSE,TRUE,38
"3.1.2.2.2.3.2.2.2.2.2.2.2.2.1.1.2.1.2.2.2.1",0.396169607504015,FALSE,TRUE,36
"3.2.1.2.2.3.2.2.2.2.2.2.2.2.1.1.2.1.2.2.2.1",0.410968822154891,FALSE,TRUE,37
"3.2.2.1.2.3.2.2.2.2.2.2.2.2.1.1.2.1.2.2.2.1",0.392459486711885,FALSE,TRUE,37
"3.2.2.2.1.3.2.2.2.2.2.2.2.2.1.1.2.1.2.2.2.1",0.419763490776373,FALSE,TRUE,37
"3.2.2.2.2.2.2.2.2.2.2.2.2.2.1.1.2.1.2.2.2.1",0.421813626687844,FALSE,TRUE,36
"3.2.2.2.2.3.1.2.2.2.2.2.2.2.1.1.2.1.2.2.2.1",0.449313132511389,FALSE,TRUE,37
"3.2.2.2.2.3.2.1.2.2.2.2.2.2.1.1.2.1.2.2.2.1",0.33508387862878,FALSE,TRUE,37
"3.2.2.2.2.3.2.2.1.2.2.2.2.2.1.1.2.1.2.2.2.1",0.424935354644263,FALSE,TRUE,37
"3.2.2.2.2.3.2.2.2.1.2.2.2.2.1.1.2.1.2.2.2.1",0.436628005843522,FALSE,TRUE,37
"3.2.2.2.2.3.2.2.2.2.1.2.2.2.1.1.2.1.2.2.2.1",0.378089240442387,FALSE,TRUE,37
"3.2.2.2.2.3.2.2.2.2.2.1.2.2.1.1.2.1.2.2.2.1",0.386589377767663,FALSE,TRUE,37
"3.2.2.2.2.3.2.2.2.2.2.2.1.2.1.1.2.1.2.2.2.1",0.436049201554598,FALSE,TRUE,37
"3.2.2.2.2.3.2.2.2.2.2.2.2.1.1.1.2.1.2.2.2.1",0.425149490950618,FALSE,TRUE,37
"3.2.2.2.2.3.2.2.2.2.2.2.2.2.1.1.1.1.2.2.2.1",0.411043070000071,FALSE,TRUE,37
"3.2.2.2.2.3.2.2.2.2.2.2.2.2.1.1.2.1.1.2.2.1",0.350944351298061,FALSE,TRUE,37
"3.2.2.2.2.3.2.2.2.2.2.2.2.2.1.1.2.1.2.1.2.1",0.411820025591646,FALSE,TRUE,37
"3.2.2.2.2.3.2.2.2.2.2.2.2.2.1.1.2.1.2.2.1.1",0.399677780709204,FALSE,TRUE,37
"1.3.2.2.2.2.2.2.2.2.2.2.2.2.1.2.2.2.2.3.2.2",0.406231560502511,FALSE,TRUE,40
"1.2.3.2.2.2.2.2.2.2.2.2.2.2.1.2.2.2.2.3.2.2",0.396297123806308,FALSE,TRUE,40
"1.2.2.3.2.2.2.2.2.2.2.2.2.2.1.2.2.2.2.3.2.2",0.438237961222311,FALSE,TRUE,40
"1.2.2.2.3.2.2.2.2.2.2.2.2.2.1.2.2.2.2.3.2.2",0.416171323473094,FALSE,TRUE,40
"1.2.2.2.2.3.2.2.2.2.2.2.2.2.1.2.2.2.2.3.2.2",0.407363137288642,FALSE,TRUE,40
"1.2.2.2.2.2.3.2.2.2.2.2.2.2.1.2.2.2.2.3.2.2",0.406219644288141,FALSE,TRUE,40
"1.2.2.2.2.2.2.3.2.2.2.2.2.2.1.2.2.2.2.3.2.2",0.501163389659613,FALSE,TRUE,40
"1.2.2.2.2.2.2.2.3.2.2.2.2.2.1.2.2.2.2.3.2.2",0.378122212056447,FALSE,TRUE,40
"1.2.2.2.2.2.2.2.2.3.2.2.2.2.1.2.2.2.2.3.2.2",0.406497006452648,FALSE,TRUE,40
"1.2.2.2.2.2.2.2.2.2.3.2.2.2.1.2.2.2.2.3.2.2",0.444333967079483,FALSE,TRUE,40
"1.2.2.2.2.2.2.2.2.2.2.3.2.2.1.2.2.2.2.3.2.2",0.420037648671131,FALSE,TRUE,40
"1.2.2.2.2.2.2.2.2.2.2.2.3.2.1.2.2.2.2.3.2.2",0.395361399627625,FALSE,TRUE,40
"1.2.2.2.2.2.2.2.2.2.2.2.2.3.1.2.2.2.2.3.2.2",0.425089919187284,FALSE,TRUE,40
"1.2.2.2.2.2.2.2.2.2.2.2.2.2.2.2.2.2.2.3.2.2",0.490328788582374,FALSE,TRUE,40
"1.2.2.2.2.2.2.2.2.2.2.2.2.2.1.3.2.2.2.3.2.2",0.426823931500371,FALSE,TRUE,40
"1.2.2.2.2.2.2.2.2.2.2.2.2.2.1.2.3.2.2.3.2.2",0.429472503588148,FALSE,TRUE,40
"1.2.2.2.2.2.2.2.2.2.2.2.2.2.1.2.2.3.2.3.2.2",0.424862208631403,FALSE,TRUE,40
"1.2.2.2.2.2.2.2.2.2.2.2.2.2.1.2.2.2.3.3.2.2",0.461141622305063,FALSE,TRUE,40
"1.2.2.2.2.2.2.2.2.2.2.2.2.2.1.2.2.2.2.4.2.2",0.435172092766069,FALSE,TRUE,40
"1.2.2.2.2.2.2.2.2.2.2.2.2.2.1.2.2.2.2.3.3.2",0.420694919788292,FALSE,TRUE,40
"1.2.2.2.2.2.2.2.2.2.2.2.2.2.1.2.2.2.2.3.2.3",0.493581773025539,FALSE,TRUE,40
"1.1.2.2.2.2.2.2.2.2.2.2.2.2.1.2.2.2.2.3.2.2",0.458436001545724,FALSE,TRUE,39
"1.2.1.2.2.2.2.2.2.2.2.2.2.2.1.2.2.2.2.3.2.2",0.457454305304825,FALSE,TRUE,39
"1.2.2.1.2.2.2.2.2.2.2.2.2.2.1.2.2.2.2.3.2.2",0.427395183390979,FALSE,TRUE,39
"1.2.2.2.1.2.2.2.2.2.2.2.2.2.1.2.2.2.2.3.2.2",0.455478227547504,FALSE,TRUE,39
"1.2.2.2.2.1.2.2.2.2.2.2.2.2.1.2.2.2.2.3.2.2",0.457552368859565,FALSE,TRUE,39
"1.2.2.2.2.2.1.2.2.2.2.2.2.2.1.2.2.2.2.3.2.2",0.46891356934885,FALSE,TRUE,39
"1.2.2.2.2.2.2.1.2.2.2.2.2.2.1.2.2.2.2.3.2.2",0.367305831108078,FALSE,TRUE,38
"1.2.2.2.2.2.2.2.1.2.2.2.2.2.1.2.2.2.2.3.2.2",0.49100931608092,FALSE,TRUE,39
"1.2.2.2.2.2.2.2.2.1.2.2.2.2.1.2.2.2.2.3.2.2",0.459050621393576,FALSE,TRUE,39
"1.2.2.2.2.2.2.2.2.2.1.2.2.2.1.2.2.2.2.3.2.2",0.422123287909031,FALSE,TRUE,39
"1.2.2.2.2.2.2.2.2.2.2.1.2.2.1.2.2.2.2.3.2.2",0.450799245263107,FALSE,TRUE,39
"1.2.2.2.2.2.2.2.2.2.2.2.1.2.1.2.2.2.2.3.2.2",0.466110146598339,FALSE,TRUE,39
"1.2.2.2.2.2.2.2.2.2.2.2.2.1.1.2.2.2.2.3.2.2",0.44397627281825,FALSE,TRUE,39
"1.2.2.2.2.2.2.2.2.2.2.2.2.2.1.1.2.2.2.3.2.2",0.431906998825092,FALSE,TRUE,39
"1.2.2.2.2.2.2.2.2.2.2.2.2.2.1.2.1.2.2.3.2.2",0.439625764938931,FALSE,TRUE,39
"1.2.2.2.2.2.2.2.2.2.2.2.2.2.1.2.2.1.2.3.2.2",0.443375421943448,FALSE,TRUE,38
"1.2.2.2.2.2.2.2.2.2.2.2.2.2.1.2.2.2.1.3.2.2",0.400068023620907,FALSE,TRUE,39
"1.2.2.2.2.2.2.2.2.2.2.2.2.2.1.2.2.2.2.3.1.2",0.44674565306707,FALSE,TRUE,39
"1.2.2.2.2.2.2.2.2.2.2.2.2.2.1.2.2.2.2.3.2.1",0.374505907260122,FALSE,TRUE,39
