"karyotype","fitness","is_fq","is_nn","boundary_degree"
"2.2.2.2.2.2.2.2.2.2.2.2.2.2.2.2.2.2.2.2.2.2",0.51169027806135,TRUE,FALSE,0
"2.2.2.2.2.3.2.2.2.2.2.2.2.2.2.2.2.2.2.2.2.2",0.556513968914207,TRUE,FALSE,0
"2.2.2.1.2.3.2.2.2.2.2.2.2.2.2.2.2.2.2.2.2.2",0.402186529465426,TRUE,FALSE,0
"2.2.2.2.2.3.2.2.2.2.2.2.2.2.2.2.3.2.2.2.2.2",0.502100490671543,TRUE,FALSE,0
"2.2.2.2.2.2.3.2.2.2.2.2.2.2.2.2.2.2.2.2.2.2",0.608524905478747,TRUE,FALSE,0
"2.2.2.2.2.3.2.2.2.2.2.2.2.2.2.2.2.2.2.3.2.2",0.50171479731824,TRUE,FALSE,0
"2.2.2.2.2.3.2.2.2.2.2.2.2.2.2.2.3.2.2.2.2.1",0.418930497632098,TRUE,FALSE,0
"2.3.2.2.2.3.2.2.2.2.2.2.2.2.2.2.2.2.2.2.2.2",0.59133151167906,TRUE,FALSE,0
"2.3.2.2.2.3.2.2.2.2.2.2.2.2.2.2.2.2.2.2.2.1",0.509132914614252,TRUE,FALSE,0
"2.4.2.2.2.3.2.2.2.2.2.2.2.2.2.2.2.2.2.2.2.2",0.552484904986266,TRUE,FALSE,0
"2.2.1.2.2.2.2.2.2.2.2.2.2.2.2.2.2.2.2.2.2.2",0.510253052421858,TRUE,FALSE,0
"2.2.2.2.2.3.2.1.2.2.2.2.2.2.2.2.3.2.2.2.2.2",0.330426601634981,TRUE,FALSE,0
"2.2.2.2.2.3.2.2.2.2.2.2.2.2.2.2.2.2.2.2.3.2",0.640145405306687,TRUE,FALSE,0
"2.2.2.2.2.3.2.2.2.2.2.2.2.2.2.2.2.2.2.3.2.1",0.399265343876422,TRUE,FALSE,0
"2.2.2.2.2.3.2.2.2.2.2.2.2.2.2.2.2.2.2.2.4.2",0.66601522751457,TRUE,FALSE,0
"2.3.2.2.2.3.2.2.3.2.2.2.2.2.2.2.2.2.2.2.2.1",0.600617906598861,TRUE,FALSE,0
"2.3.2.2.2.3.2.2.3.2.2.2.2.2.3.2.2.2.2.2.2.1",0.609776227864471,TRUE,FALSE,0
"2.2.2.2.2.3.2.2.2.2.2.2.2.2.2.3.3.2.2.2.2.1",0.36037035776171,TRUE,FALSE,0
"2.3.2.2.2.3.2.2.2.1.2.2.2.2.2.2.2.2.2.2.2.2",0.666198958879067,TRUE,FALSE,0
"2.2.1.3.2.2.2.2.2.2.2.2.2.2.2.2.2.2.2.2.2.2",0.54897872096096,TRUE,FALSE,0
"2.2.2.2.2.2.3.2.2.2.2.3.2.2.2.2.2.2.2.2.2.2",0.6067247122074,TRUE,FALSE,0
"2.2.2.2.2.3.2.2.1.2.2.2.2.2.2.2.2.2.2.3.2.2",0.329648840161731,TRUE,FALSE,0
"1.3.2.2.2.3.2.2.2.2.2.2.2.2.2.2.2.2.2.2.2.1",0.567120036651626,TRUE,FALSE,0
"2.2.2.2.2.3.2.1.2.2.3.2.2.2.2.2.3.2.2.2.2.2",0.423351840234072,TRUE,FALSE,0
"2.2.1.2.2.2.2.2.2.2.2.2.2.2.2.1.2.2.2.2.2.2",0.500562436810561,TRUE,FALSE,0
"2.3.2.2.2.3.2.2.2.1.2.2.2.2.2.2.2.3.2.2.2.2",0.632387660847777,TRUE,FALSE,0
"2.2.2.2.2.2.3.2.2.2.2.3.2.2.2.2.2.2.2.2.2.1",0.52041930725186,TRUE,FALSE,0
"2.4.2.2.2.3.2.2.2.2.2.2.2.2.2.2.2.2.2.2.2.3",0.583296629391277,TRUE,FALSE,0
"2.2.1.2.2.2.2.2.1.2.2.2.2.2.2.1.2.2.2.2.2.2",0.306804996576571,TRUE,FALSE,0
"1.3.2.2.2.3.2.2.2.3.2.2.2.2.2.2.2.2.2.2.2.1",0.467426890515721,TRUE,FALSE,0
"2.2.2.2.2.3.2.2.2.2.2.2.2.2.2.2.2.2.2.2.5.2",0.61715940207297,TRUE,FALSE,0
"2.2.2.2.1.3.2.2.2.2.2.2.2.2.2.3.3.2.2.2.2.1",0.349245632739954,TRUE,FALSE,0
"2.2.2.2.2.2.3.2.2.2.2.3.1.2.2.2.2.2.2.2.2.2",0.529833103429095,TRUE,FALSE,0
"2.2.1.2.2.3.2.2.2.2.2.2.2.2.2.2.2.2.2.2.3.2",0.655860953602645,TRUE,FALSE,0
"2.3.2.2.2.3.2.2.2.2.2.2.2.2.2.1.2.2.2.2.2.2",0.532568428823258,TRUE,FALSE,0
"2.2.2.2.2.3.2.2.2.2.2.2.2.2.3.2.3.2.2.2.2.1",0.429352723372539,TRUE,FALSE,0
"2.3.2.2.2.3.1.2.2.2.2.2.2.2.2.2.2.2.2.2.2.2",0.469338693232532,TRUE,FALSE,0
"2.2.2.2.2.2.3.2.2.1.2.2.2.2.2.2.2.2.2.2.2.2",0.710449177507893,TRUE,FALSE,0
"2.2.1.3.2.3.2.2.2.2.2.2.2.2.2.2.2.2.2.2.3.2",0.739477210024158,TRUE,FALSE,0
"2.2.2.2.2.2.3.2.2.2.2.2.2.2.2.2.2.2.3.2.2.2",0.677904229745348,TRUE,FALSE,0
"2.2.3.2.2.2.2.2.2.2.2.2.2.2.2.2.2.2.2.2.2.2",0.456571759612029,TRUE,FALSE,0
"1.2.2.2.2.2.3.2.2.2.2.3.2.2.2.2.2.2.2.2.2.2",0.680539942652784,TRUE,FALSE,0
"2.2.2.2.2.3.2.2.3.2.2.2.2.2.2.3.3.2.2.2.2.1",0.512586708732352,TRUE,FALSE,0
"2.2.2.1.2.2.3.2.2.1.2.2.2.2.2.2.2.2.2.2.2.2",0.619436024620933,TRUE,FALSE,0
"2.2.2.1.2.2.3.2.2.1.2.2.2.2.2.2.2.2.3.2.2.2",0.67907948452234,TRUE,FALSE,0
"2.2.2.2.2.2.3.2.2.2.2.3.1.2.2.1.2.2.2.2.2.2",0.512199617814118,TRUE,FALSE,0
"1.3.2.2.2.3.2.2.2.2.2.2.2.2.2.3.2.2.2.2.2.1",0.555812757957848,TRUE,FALSE,0
"2.2.3.2.2.2.3.2.2.1.2.2.2.2.2.2.2.2.2.2.2.2",0.641763409991607,TRUE,FALSE,0
"2.3.2.2.2.3.2.2.3.2.2.2.2.2.3.2.2.2.1.2.2.1",0.559818096920082,TRUE,FALSE,0
"2.2.2.2.1.3.2.2.2.2.2.2.2.2.2.2.3.2.2.2.2.2",0.496756479650527,TRUE,FALSE,0
"3.2.2.2.2.2.2.2.2.2.2.2.2.2.2.2.2.2.2.2.2.2",0.41236689738126,FALSE,TRUE,39
"2.3.2.2.2.2.2.2.2.2.2.2.2.2.2.2.2.2.2.2.2.2",0.550452382018928,FALSE,TRUE,34
"2.2.2.3.2.2.2.2.2.2.2.2.2.2.2.2.2.2.2.2.2.2",0.555180440635821,FALSE,TRUE,39
"2.2.2.2.3.2.2.2.2.2.2.2.2.2.2.2.2.2.2.2.2.2",0.432295345560075,FALSE,TRUE,39
"2.2.2.2.2.2.2.3.2.2.2.2.2.2.2.2.2.2.2.2.2.2",0.656594029290229,FALSE,TRUE,39
"2.2.2.2.2.2.2.2.3.2.2.2.2.2.2.2.2.2.2.2.2.2",0.639262174190951,FALSE,TRUE,39
"2.2.2.2.2.2.2.2.2.3.2.2.2.2.2.2.2.2.2.2.2.2",0.370109517616205,FALSE,TRUE,39
"2.2.2.2.2.2.2.2.2.2.3.2.2.2.2.2.2.2.2.2.2.2",0.548376625761916,FALSE,TRUE,39
"2.2.2.2.2.2.2.2.2.2.2.3.2.2.2.2.2.2.2.2.2.2",0.531158084478713,FALSE,TRUE,36
"2.2.2.2.2.2.2.2.2.2.2.2.3.2.2.2.2.2.2.2.2.2",0.528149618038478,FALSE,TRUE,39
"2.2.2.2.2.2.2.2.2.2.2.2.2.3.2.2.2.2.2.2.2.2",0.518821984247416,FALSE,TRUE,39
"2.2.2.2.2.2.2.2.2.2.2.2.2.2.3.2.2.2.2.2.2.2",0.506560263426906,FALSE,TRUE,39
"2.2.2.2.2.2.2.2.2.2.2.2.2.2.2.3.2.2.2.2.2.2",0.449825446066476,FALSE,TRUE,39
"2.2.2.2.2.2.2.2.2.2.2.2.2.2.2.2.3.2.2.2.2.2",0.448118963803282,FALSE,TRUE,36
"2.2.2.2.2.2.2.2.2.2.2.2.2.2.2.2.2.3.2.2.2.2",0.513699357304292,FALSE,TRUE,39
"2.2.2.2.2.2.2.2.2.2.2.2.2.2.2.2.2.2.3.2.2.2",0.583857737097565,FALSE,TRUE,39
"2.2.2.2.2.2.2.2.2.2.2.2.2.2.2.2.2.2.2.3.2.2",0.432091929645568,FALSE,TRUE,37
"2.2.2.2.2.2.2.2.2.2.2.2.2.2.2.2.2.2.2.2.3.2",0.60601664242647,FALSE,TRUE,38
"2.2.2.2.2.2.2.2.2.2.2.2.2.2.2.2.2.2.2.2.2.3",0.583358085965089,FALSE,TRUE,39
"1.2.2.2.2.2.2.2.2.2.2.2.2.2.2.2.2.2.2.2.2.2",0.50682311762193,FALSE,TRUE,37
"2.1.2.2.2.2.2.2.2.2.2.2.2.2.2.2.2.2.2.2.2.2",0.37913859194146,FALSE,TRUE,38
"2.2.2.1.2.2.2.2.2.2.2.2.2.2.2.2.2.2.2.2.2.2",0.405701538449459,FALSE,TRUE,37
"2.2.2.2.1.2.2.2.2.2.2.2.2.2.2.2.2.2.2.2.2.2",0.534308310736383,FALSE,TRUE,37
"2.2.2.2.2.1.2.2.2.2.2.2.2.2.2.2.2.2.2.2.2.2",0.391383335722196,FALSE,TRUE,39
"2.2.2.2.2.2.1.2.2.2.2.2.2.2.2.2.2.2.2.2.2.2",0.374588956082955,FALSE,TRUE,38
"2.2.2.2.2.2.2.1.2.2.2.2.2.2.2.2.2.2.2.2.2.2",0.321781017490825,FALSE,TRUE,37
"2.2.2.2.2.2.2.2.1.2.2.2.2.2.2.2.2.2.2.2.2.2",0.31896147166658,FALSE,TRUE,36
"2.2.2.2.2.2.2.2.2.1.2.2.2.2.2.2.2.2.2.2.2.2",0.612860189433308,FALSE,TRUE,36
"2.2.2.2.2.2.2.2.2.2.1.2.2.2.2.2.2.2.2.2.2.2",0.381995306728405,FALSE,TRUE,38
"2.2.2.2.2.2.2.2.2.2.2.1.2.2.2.2.2.2.2.2.2.2",0.405075216462464,FALSE,TRUE,38
"2.2.2.2.2.2.2.2.2.2.2.2.1.2.2.2.2.2.2.2.2.2",0.47952051617615,FALSE,TRUE,37
"2.2.2.2.2.2.2.2.2.2.2.2.2.1.2.2.2.2.2.2.2.2",0.464156407736702,FALSE,TRUE,38
"2.2.2.2.2.2.2.2.2.2.2.2.2.2.1.2.2.2.2.2.2.2",0.485273164671388,FALSE,TRUE,38
"2.2.2.2.2.2.2.2.2.2.2.2.2.2.2.1.2.2.2.2.2.2",0.530871421893428,FALSE,TRUE,36
"2.2.2.2.2.2.2.2.2.2.2.2.2.2.2.2.1.2.2.2.2.2",0.515047363900396,FALSE,TRUE,38
"2.2.2.2.2.2.2.2.2.2.2.2.2.2.2.2.2.1.2.2.2.2",0.461616411142531,FALSE,TRUE,38
"2.2.2.2.2.2.2.2.2.2.2.2.2.2.2.2.2.2.1.2.2.2",0.39469384918052,FALSE,TRUE,38
"2.2.2.2.2.2.2.2.2.2.2.2.2.2.2.2.2.2.2.1.2.2",0.523726436234762,FALSE,TRUE,38
"2.2.2.2.2.2.2.2.2.2.2.2.2.2.2.2.2.2.2.2.1.2",0.364235161075442,FALSE,TRUE,38
"2.2.2.2.2.2.2.2.2.2.2.2.2.2.2.2.2.2.2.2.2.1",0.421654206879422,FALSE,TRUE,34
"3.2.2.2.2.3.2.2.2.2.2.2.2.2.2.2.2.2.2.2.2.2",0.442553873907275,FALSE,TRUE,37
"2.2.3.2.2.3.2.2.2.2.2.2.2.2.2.2.2.2.2.2.2.2",0.4926803877554,FALSE,TRUE,37
"2.2.2.3.2.3.2.2.2.2.2.2.2.2.2.2.2.2.2.2.2.2",0.64221177845609,FALSE,TRUE,37
"2.2.2.2.3.3.2.2.2.2.2.2.2.2.2.2.2.2.2.2.2.2",0.481996142650262,FALSE,TRUE,37
"2.2.2.2.2.4.2.2.2.2.2.2.2.2.2.2.2.2.2.2.2.2",0.518887481363862,FALSE,TRUE,38
"2.2.2.2.2.3.3.2.2.2.2.2.2.2.2.2.2.2.2.2.2.2",0.642891601812905,FALSE,TRUE,34
"2.2.2.2.2.3.2.3.2.2.2.2.2.2.2.2.2.2.2.2.2.2",0.683091112915101,FALSE,TRUE,37
"2.2.2.2.2.3.2.2.3.2.2.2.2.2.2.2.2.2.2.2.2.2",0.693551265400923,FALSE,TRUE,36
"2.2.2.2.2.3.2.2.2.3.2.2.2.2.2.2.2.2.2.2.2.2",0.418032494436205,FALSE,TRUE,37
"2.2.2.2.2.3.2.2.2.2.3.2.2.2.2.2.2.2.2.2.2.2",0.597676732935319,FALSE,TRUE,36
"2.2.2.2.2.3.2.2.2.2.2.3.2.2.2.2.2.2.2.2.2.2",0.551330964422616,FALSE,TRUE,36
"2.2.2.2.2.3.2.2.2.2.2.2.3.2.2.2.2.2.2.2.2.2",0.575137286080764,FALSE,TRUE,37
"2.2.2.2.2.3.2.2.2.2.2.2.2.3.2.2.2.2.2.2.2.2",0.51565972270729,FALSE,TRUE,37
"2.2.2.2.2.3.2.2.2.2.2.2.2.2.3.2.2.2.2.2.2.2",0.563450910506185,FALSE,TRUE,36
"2.2.2.2.2.3.2.2.2.2.2.2.2.2.2.3.2.2.2.2.2.2",0.516919909689634,FALSE,TRUE,36
"2.2.2.2.2.3.2.2.2.2.2.2.2.2.2.2.2.3.2.2.2.2",0.503374298789925,FALSE,TRUE,36
"2.2.2.2.2.3.2.2.2.2.2.2.2.2.2.2.2.2.3.2.2.2",0.596119859434714,FALSE,TRUE,36
"2.2.2.2.2.3.2.2.2.2.2.2.2.2.2.2.2.2.2.2.2.3",0.634436771546422,FALSE,TRUE,37
"1.2.2.2.2.3.2.2.2.2.2.2.2.2.2.2.2.2.2.2.2.2",0.576441151571182,FALSE,TRUE,35
"2.1.2.2.2.3.2.2.2.2.2.2.2.2.2.2.2.2.2.2.2.2",0.444713979932741,FALSE,TRUE,37
"2.2.1.2.2.3.2.2.2.2.2.2.2.2.2.2.2.2.2.2.2.2",0.571838328537129,FALSE,TRUE,34
"2.2.2.2.1.3.2.2.2.2.2.2.2.2.2.2.2.2.2.2.2.2",0.583855960727884,FALSE,TRUE,36
"2.2.2.2.2.3.1.2.2.2.2.2.2.2.2.2.2.2.2.2.2.2",0.422062694472151,FALSE,TRUE,36
"2.2.2.2.2.3.2.1.2.2.2.2.2.2.2.2.2.2.2.2.2.2",0.360032946460402,FALSE,TRUE,35
"2.2.2.2.2.3.2.2.1.2.2.2.2.2.2.2.2.2.2.2.2.2",0.365985013232639,FALSE,TRUE,36
"2.2.2.2.2.3.2.2.2.1.2.2.2.2.2.2.2.2.2.2.2.2",0.651376790368343,FALSE,TRUE,34
"2.2.2.2.2.3.2.2.2.2.1.2.2.2.2.2.2.2.2.2.2.2",0.430297862908097,FALSE,TRUE,36
"2.2.2.2.2.3.2.2.2.2.2.1.2.2.2.2.2.2.2.2.2.2",0.479279386181127,FALSE,TRUE,36
"2.2.2.2.2.3.2.2.2.2.2.2.1.2.2.2.2.2.2.2.2.2",0.501154320352397,FALSE,TRUE,36
"2.2.2.2.2.3.2.2.2.2.2.2.2.1.2.2.2.2.2.2.2.2",0.541212210902015,FALSE,TRUE,36
"2.2.2.2.2.3.2.2.2.2.2.2.2.2.1.2.2.2.2.2.2.2",0.520615127167108,FALSE,TRUE,36
"2.2.2.2.2.3.2.2.2.2.2.2.2.2.2.1.2.2.2.2.2.2",0.538791000458805,FALSE,TRUE,35
"2.2.2.2.2.3.2.2.2.2.2.2.2.2.2.2.1.2.2.2.2.2",0.532376638281683,FALSE,TRUE,37
"2.2.2.2.2.3.2.2.2.2.2.2.2.2.2.2.2.1.2.2.2.2",0.551017706857111,FALSE,TRUE,36
"2.2.2.2.2.3.2.2.2.2.2.2.2.2.2.2.2.2.1.2.2.2",0.46821721950317,FALSE,TRUE,36
"2.2.2.2.2.3.2.2.2.2.2.2.2.2.2.2.2.2.2.1.2.2",0.541192063355997,FALSE,TRUE,37
"2.2.2.2.2.3.2.2.2.2.2.2.2.2.2.2.2.2.2.2.1.2",0.436079464306025,FALSE,TRUE,37
"2.2.2.2.2.3.2.2.2.2.2.2.2.2.2.2.2.2.2.2.2.1",0.456194000301379,FALSE,TRUE,32
"3.2.2.1.2.3.2.2.2.2.2.2.2.2.2.2.2.2.2.2.2.2",0.31698433101908,FALSE,TRUE,41
"2.3.2.1.2.3.2.2.2.2.2.2.2.2.2.2.2.2.2.2.2.2",0.459224336214795,FALSE,TRUE,36
"2.2.3.1.2.3.2.2.2.2.2.2.2.2.2.2.2.2.2.2.2.2",0.349205532475216,FALSE,TRUE,40
"2.2.2.1.3.3.2.2.2.2.2.2.2.2.2.2.2.2.2.2.2.2",0.344246525505242,FALSE,TRUE,41
"2.2.2.1.2.4.2.2.2.2.2.2.2.2.2.2.2.2.2.2.2.2",0.34046987574613,FALSE,TRUE,41
"2.2.2.1.2.3.3.2.2.2.2.2.2.2.2.2.2.2.2.2.2.2",0.511906800276412,FALSE,TRUE,39
"2.2.2.1.2.3.2.3.2.2.2.2.2.2.2.2.2.2.2.2.2.2",0.552933736601066,FALSE,TRUE,41
"2.2.2.1.2.3.2.2.3.2.2.2.2.2.2.2.2.2.2.2.2.2",0.564662583927383,FALSE,TRUE,41
"2.2.2.1.2.3.2.2.2.3.2.2.2.2.2.2.2.2.2.2.2.2",0.265116107322201,FALSE,TRUE,41
"2.2.2.1.2.3.2.2.2.2.3.2.2.2.2.2.2.2.2.2.2.2",0.453162304603974,FALSE,TRUE,41
"2.2.2.1.2.3.2.2.2.2.2.3.2.2.2.2.2.2.2.2.2.2",0.389838402543612,FALSE,TRUE,41
"2.2.2.1.2.3.2.2.2.2.2.2.3.2.2.2.2.2.2.2.2.2",0.44360291478227,FALSE,TRUE,41
"2.2.2.1.2.3.2.2.2.2.2.2.2.3.2.2.2.2.2.2.2.2",0.37262626263095,FALSE,TRUE,41
"2.2.2.1.2.3.2.2.2.2.2.2.2.2.3.2.2.2.2.2.2.2",0.417700848832044,FALSE,TRUE,41
"2.2.2.1.2.3.2.2.2.2.2.2.2.2.2.3.2.2.2.2.2.2",0.38588951492651,FALSE,TRUE,41
"2.2.2.1.2.3.2.2.2.2.2.2.2.2.2.2.3.2.2.2.2.2",0.390357279739613,FALSE,TRUE,38
"2.2.2.1.2.3.2.2.2.2.2.2.2.2.2.2.2.3.2.2.2.2",0.343548127471814,FALSE,TRUE,41
"2.2.2.1.2.3.2.2.2.2.2.2.2.2.2.2.2.2.3.2.2.2",0.435777331744303,FALSE,TRUE,41
"2.2.2.1.2.3.2.2.2.2.2.2.2.2.2.2.2.2.2.3.2.2",0.39083267380038,FALSE,TRUE,39
"2.2.2.1.2.3.2.2.2.2.2.2.2.2.2.2.2.2.2.2.3.2",0.477091909352196,FALSE,TRUE,39
"2.2.2.1.2.3.2.2.2.2.2.2.2.2.2.2.2.2.2.2.2.3",0.475478442348411,FALSE,TRUE,41
"1.2.2.1.2.3.2.2.2.2.2.2.2.2.2.2.2.2.2.2.2.2",0.412208862002572,FALSE,TRUE,40
"2.1.2.1.2.3.2.2.2.2.2.2.2.2.2.2.2.2.2.2.2.2",0.295305829627835,FALSE,TRUE,40
"2.2.1.1.2.3.2.2.2.2.2.2.2.2.2.2.2.2.2.2.2.2",0.41506564849007,FALSE,TRUE,38
"2.2.2.1.1.3.2.2.2.2.2.2.2.2.2.2.2.2.2.2.2.2",0.432295406440087,FALSE,TRUE,39
"2.2.2.1.2.3.1.2.2.2.2.2.2.2.2.2.2.2.2.2.2.2",0.256259683546078,FALSE,TRUE,39
"2.2.2.1.2.3.2.1.2.2.2.2.2.2.2.2.2.2.2.2.2.2",0.203844946250688,FALSE,TRUE,39
"2.2.2.1.2.3.2.2.1.2.2.2.2.2.2.2.2.2.2.2.2.2",0.207180486576501,FALSE,TRUE,39
"2.2.2.1.2.3.2.2.2.1.2.2.2.2.2.2.2.2.2.2.2.2",0.496025507978465,FALSE,TRUE,37
"2.2.2.1.2.3.2.2.2.2.1.2.2.2.2.2.2.2.2.2.2.2",0.298670078750676,FALSE,TRUE,40
"2.2.2.1.2.3.2.2.2.2.2.1.2.2.2.2.2.2.2.2.2.2",0.347003894888817,FALSE,TRUE,40
"2.2.2.1.2.3.2.2.2.2.2.2.1.2.2.2.2.2.2.2.2.2",0.338820306677574,FALSE,TRUE,40
"2.2.2.1.2.3.2.2.2.2.2.2.2.1.2.2.2.2.2.2.2.2",0.387207147398923,FALSE,TRUE,40
"2.2.2.1.2.3.2.2.2.2.2.2.2.2.1.2.2.2.2.2.2.2",0.362141578830954,FALSE,TRUE,40
"2.2.2.1.2.3.2.2.2.2.2.2.2.2.2.1.2.2.2.2.2.2",0.374515516049907,FALSE,TRUE,39
"2.2.2.1.2.3.2.2.2.2.2.2.2.2.2.2.1.2.2.2.2.2",0.337684406540384,FALSE,TRUE,40
"2.2.2.1.2.3.2.2.2.2.2.2.2.2.2.2.2.1.2.2.2.2",0.419396914442252,FALSE,TRUE,40
"2.2.2.1.2.3.2.2.2.2.2.2.2.2.2.2.2.2.1.2.2.2",0.32765608376955,FALSE,TRUE,40
"2.2.2.1.2.3.2.2.2.2.2.2.2.2.2.2.2.2.2.1.2.2",0.356345118800725,FALSE,TRUE,40
"2.2.2.1.2.3.2.2.2.2.2.2.2.2.2.2.2.2.2.2.1.2",0.296604725176812,FALSE,TRUE,40
"2.2.2.1.2.3.2.2.2.2.2.2.2.2.2.2.2.2.2.2.2.1",0.303076403570376,FALSE,TRUE,37
"3.2.2.2.2.3.2.2.2.2.2.2.2.2.2.2.3.2.2.2.2.2",0.410086992142425,FALSE,TRUE,39
"2.3.2.2.2.3.2.2.2.2.2.2.2.2.2.2.3.2.2.2.2.2",0.542167668170286,FALSE,TRUE,35
"2.2.3.2.2.3.2.2.2.2.2.2.2.2.2.2.3.2.2.2.2.2",0.44239287864396,FALSE,TRUE,38
"2.2.2.3.2.3.2.2.2.2.2.2.2.2.2.2.3.2.2.2.2.2",0.552440026762507,FALSE,TRUE,39
"2.2.2.2.3.3.2.2.2.2.2.2.2.2.2.2.3.2.2.2.2.2",0.464521941334882,FALSE,TRUE,40
"2.2.2.2.2.4.2.2.2.2.2.2.2.2.2.2.3.2.2.2.2.2",0.470105237415984,FALSE,TRUE,39
"2.2.2.2.2.3.3.2.2.2.2.2.2.2.2.2.3.2.2.2.2.2",0.557382618279884,FALSE,TRUE,38
"2.2.2.2.2.3.2.3.2.2.2.2.2.2.2.2.3.2.2.2.2.2",0.604301006841285,FALSE,TRUE,40
"2.2.2.2.2.3.2.2.3.2.2.2.2.2.2.2.3.2.2.2.2.2",0.648784685508215,FALSE,TRUE,38
"2.2.2.2.2.3.2.2.2.3.2.2.2.2.2.2.3.2.2.2.2.2",0.378724006650542,FALSE,TRUE,39
"2.2.2.2.2.3.2.2.2.2.3.2.2.2.2.2.3.2.2.2.2.2",0.557723618416562,FALSE,TRUE,39
"2.2.2.2.2.3.2.2.2.2.2.3.2.2.2.2.3.2.2.2.2.2",0.530334379694444,FALSE,TRUE,39
"2.2.2.2.2.3.2.2.2.2.2.2.3.2.2.2.3.2.2.2.2.2",0.490058109472203,FALSE,TRUE,39
"2.2.2.2.2.3.2.2.2.2.2.2.2.3.2.2.3.2.2.2.2.2",0.451114890889716,FALSE,TRUE,39
"2.2.2.2.2.3.2.2.2.2.2.2.2.2.3.2.3.2.2.2.2.2",0.503809064674905,FALSE,TRUE,39
"2.2.2.2.2.3.2.2.2.2.2.2.2.2.2.3.3.2.2.2.2.2",0.43498666467981,FALSE,TRUE,38
"2.2.2.2.2.3.2.2.2.2.2.2.2.2.2.2.4.2.2.2.2.2",0.402470752126477,FALSE,TRUE,40
"2.2.2.2.2.3.2.2.2.2.2.2.2.2.2.2.3.3.2.2.2.2",0.466452114219102,FALSE,TRUE,39
"2.2.2.2.2.3.2.2.2.2.2.2.2.2.2.2.3.2.3.2.2.2",0.547902566693906,FALSE,TRUE,39
"2.2.2.2.2.3.2.2.2.2.2.2.2.2.2.2.3.2.2.3.2.2",0.459481717270085,FALSE,TRUE,38
"2.2.2.2.2.3.2.2.2.2.2.2.2.2.2.2.3.2.2.2.3.2",0.592143969582132,FALSE,TRUE,37
"2.2.2.2.2.3.2.2.2.2.2.2.2.2.2.2.3.2.2.2.2.3",0.567201297718494,FALSE,TRUE,40
"1.2.2.2.2.3.2.2.2.2.2.2.2.2.2.2.3.2.2.2.2.2",0.540975614320966,FALSE,TRUE,38
"2.1.2.2.2.3.2.2.2.2.2.2.2.2.2.2.3.2.2.2.2.2",0.388108785930062,FALSE,TRUE,38
"2.2.1.2.2.3.2.2.2.2.2.2.2.2.2.2.3.2.2.2.2.2",0.518944788420769,FALSE,TRUE,36
"2.2.2.2.2.3.1.2.2.2.2.2.2.2.2.2.3.2.2.2.2.2",0.39147424969616,FALSE,TRUE,37
"2.2.2.2.2.3.2.2.1.2.2.2.2.2.2.2.3.2.2.2.2.2",0.316383556084949,FALSE,TRUE,37
"2.2.2.2.2.3.2.2.2.1.2.2.2.2.2.2.3.2.2.2.2.2",0.6042453912593,FALSE,TRUE,37
"2.2.2.2.2.3.2.2.2.2.1.2.2.2.2.2.3.2.2.2.2.2",0.362640381327533,FALSE,TRUE,38
"2.2.2.2.2.3.2.2.2.2.2.1.2.2.2.2.3.2.2.2.2.2",0.395764849681862,FALSE,TRUE,38
"2.2.2.2.2.3.2.2.2.2.2.2.1.2.2.2.3.2.2.2.2.2",0.475879172927358,FALSE,TRUE,38
"2.2.2.2.2.3.2.2.2.2.2.2.2.1.2.2.3.2.2.2.2.2",0.496178462302597,FALSE,TRUE,38
"2.2.2.2.2.3.2.2.2.2.2.2.2.2.1.2.3.2.2.2.2.2",0.472531152504709,FALSE,TRUE,38
"2.2.2.2.2.3.2.2.2.2.2.2.2.2.2.1.3.2.2.2.2.2",0.510795913509586,FALSE,TRUE,37
"2.2.2.2.2.3.2.2.2.2.2.2.2.2.2.2.3.1.2.2.2.2",0.484007428949749,FALSE,TRUE,38
"2.2.2.2.2.3.2.2.2.2.2.2.2.2.2.2.3.2.1.2.2.2",0.406785812430933,FALSE,TRUE,38
"2.2.2.2.2.3.2.2.2.2.2.2.2.2.2.2.3.2.2.1.2.2",0.483692689242669,FALSE,TRUE,38
"2.2.2.2.2.3.2.2.2.2.2.2.2.2.2.2.3.2.2.2.1.2",0.38021183138787,FALSE,TRUE,38
"3.2.2.2.2.2.3.2.2.2.2.2.2.2.2.2.2.2.2.2.2.2",0.484645667017824,FALSE,TRUE,39
"2.3.2.2.2.2.3.2.2.2.2.2.2.2.2.2.2.2.2.2.2.2",0.643339656775492,FALSE,TRUE,38
"2.2.3.2.2.2.3.2.2.2.2.2.2.2.2.2.2.2.2.2.2.2",0.515178734099374,FALSE,TRUE,39
"2.2.2.3.2.2.3.2.2.2.2.2.2.2.2.2.2.2.2.2.2.2",0.639540883724028,FALSE,TRUE,38
"2.2.2.2.3.2.3.2.2.2.2.2.2.2.2.2.2.2.2.2.2.2",0.530069169500499,FALSE,TRUE,39
"2.2.2.2.2.2.4.2.2.2.2.2.2.2.2.2.2.2.2.2.2.2",0.654574326310125,FALSE,TRUE,40
"2.2.2.2.2.2.3.3.2.2.2.2.2.2.2.2.2.2.2.2.2.2",0.709208170780924,FALSE,TRUE,39
"2.2.2.2.2.2.3.2.3.2.2.2.2.2.2.2.2.2.2.2.2.2",0.696422450265232,FALSE,TRUE,39
"2.2.2.2.2.2.3.2.2.3.2.2.2.2.2.2.2.2.2.2.2.2",0.455336278393965,FALSE,TRUE,40
"2.2.2.2.2.2.3.2.2.2.3.2.2.2.2.2.2.2.2.2.2.2",0.614148318399002,FALSE,TRUE,39
"2.2.2.2.2.2.3.2.2.2.2.2.3.2.2.2.2.2.2.2.2.2",0.622740202068678,FALSE,TRUE,39
"2.2.2.2.2.2.3.2.2.2.2.2.2.3.2.2.2.2.2.2.2.2",0.612528236154855,FALSE,TRUE,39
"2.2.2.2.2.2.3.2.2.2.2.2.2.2.3.2.2.2.2.2.2.2",0.584571288695735,FALSE,TRUE,39
"2.2.2.2.2.2.3.2.2.2.2.2.2.2.2.3.2.2.2.2.2.2",0.537250143165794,FALSE,TRUE,39
"2.2.2.2.2.2.3.2.2.2.2.2.2.2.2.2.3.2.2.2.2.2",0.533718552418807,FALSE,TRUE,38
"2.2.2.2.2.2.3.2.2.2.2.2.2.2.2.2.2.3.2.2.2.2",0.616432780423612,FALSE,TRUE,39
"2.2.2.2.2.2.3.2.2.2.2.2.2.2.2.2.2.2.2.3.2.2",0.545185312634081,FALSE,TRUE,38
"2.2.2.2.2.2.3.2.2.2.2.2.2.2.2.2.2.2.2.2.3.2",0.673137797945106,FALSE,TRUE,38
"2.2.2.2.2.2.3.2.2.2.2.2.2.2.2.2.2.2.2.2.2.3",0.672404586694166,FALSE,TRUE,39
"1.2.2.2.2.2.3.2.2.2.2.2.2.2.2.2.2.2.2.2.2.2",0.621916340787304,FALSE,TRUE,38
"2.1.2.2.2.2.3.2.2.2.2.2.2.2.2.2.2.2.2.2.2.2",0.46346219517486,FALSE,TRUE,38
"2.2.1.2.2.2.3.2.2.2.2.2.2.2.2.2.2.2.2.2.2.2",0.646281723164717,FALSE,TRUE,36
"2.2.2.1.2.2.3.2.2.2.2.2.2.2.2.2.2.2.2.2.2.2",0.511287752681758,FALSE,TRUE,37
"2.2.2.2.1.2.3.2.2.2.2.2.2.2.2.2.2.2.2.2.2.2",0.619503740159578,FALSE,TRUE,38
"2.2.2.2.2.1.3.2.2.2.2.2.2.2.2.2.2.2.2.2.2.2",0.475659186807533,FALSE,TRUE,38
"2.2.2.2.2.2.3.1.2.2.2.2.2.2.2.2.2.2.2.2.2.2",0.445682179561506,FALSE,TRUE,38
"2.2.2.2.2.2.3.2.1.2.2.2.2.2.2.2.2.2.2.2.2.2",0.444950182849948,FALSE,TRUE,38
"2.2.2.2.2.2.3.2.2.2.1.2.2.2.2.2.2.2.2.2.2.2",0.497042738337958,FALSE,TRUE,38
"2.2.2.2.2.2.3.2.2.2.2.1.2.2.2.2.2.2.2.2.2.2",0.521779869100049,FALSE,TRUE,39
"2.2.2.2.2.2.3.2.2.2.2.2.1.2.2.2.2.2.2.2.2.2",0.570587203215691,FALSE,TRUE,37
"2.2.2.2.2.2.3.2.2.2.2.2.2.1.2.2.2.2.2.2.2.2",0.541764798504664,FALSE,TRUE,38
"2.2.2.2.2.2.3.2.2.2.2.2.2.2.1.2.2.2.2.2.2.2",0.601704492876963,FALSE,TRUE,38
"2.2.2.2.2.2.3.2.2.2.2.2.2.2.2.1.2.2.2.2.2.2",0.630055411749745,FALSE,TRUE,36
"2.2.2.2.2.2.3.2.2.2.2.2.2.2.2.2.1.2.2.2.2.2",0.613699006115988,FALSE,TRUE,38
"2.2.2.2.2.2.3.2.2.2.2.2.2.2.2.2.2.1.2.2.2.2",0.538577008101648,FALSE,TRUE,38
"2.2.2.2.2.2.3.2.2.2.2.2.2.2.2.2.2.2.1.2.2.2",0.491407868268053,FALSE,TRUE,39
"2.2.2.2.2.2.3.2.2.2.2.2.2.2.2.2.2.2.2.1.2.2",0.602808537662378,FALSE,TRUE,38
"2.2.2.2.2.2.3.2.2.2.2.2.2.2.2.2.2.2.2.2.1.2",0.483514870588967,FALSE,TRUE,38
"2.2.2.2.2.2.3.2.2.2.2.2.2.2.2.2.2.2.2.2.2.1",0.526350879076462,FALSE,TRUE,38
"3.2.2.2.2.3.2.2.2.2.2.2.2.2.2.2.2.2.2.3.2.2",0.398653374091685,FALSE,TRUE,40
"2.3.2.2.2.3.2.2.2.2.2.2.2.2.2.2.2.2.2.3.2.2",0.513636963534194,FALSE,TRUE,36
"2.2.3.2.2.3.2.2.2.2.2.2.2.2.2.2.2.2.2.3.2.2",0.46755325771557,FALSE,TRUE,39
"2.2.2.3.2.3.2.2.2.2.2.2.2.2.2.2.2.2.2.3.2.2",0.558385251561547,FALSE,TRUE,40
"2.2.2.2.3.3.2.2.2.2.2.2.2.2.2.2.2.2.2.3.2.2",0.406250095165313,FALSE,TRUE,40
"2.2.2.2.2.4.2.2.2.2.2.2.2.2.2.2.2.2.2.3.2.2",0.49908562679648,FALSE,TRUE,40
"2.2.2.2.2.3.3.2.2.2.2.2.2.2.2.2.2.2.2.3.2.2",0.608394003083626,FALSE,TRUE,39
"2.2.2.2.2.3.2.3.2.2.2.2.2.2.2.2.2.2.2.3.2.2",0.626995068235805,FALSE,TRUE,40
"2.2.2.2.2.3.2.2.3.2.2.2.2.2.2.2.2.2.2.3.2.2",0.617825219006552,FALSE,TRUE,41
"2.2.2.2.2.3.2.2.2.3.2.2.2.2.2.2.2.2.2.3.2.2",0.384442443958871,FALSE,TRUE,40
"2.2.2.2.2.3.2.2.2.2.3.2.2.2.2.2.2.2.2.3.2.2",0.550299076206847,FALSE,TRUE,40
"2.2.2.2.2.3.2.2.2.2.2.3.2.2.2.2.2.2.2.3.2.2",0.494262152913893,FALSE,TRUE,40
"2.2.2.2.2.3.2.2.2.2.2.2.3.2.2.2.2.2.2.3.2.2",0.529190647495048,FALSE,TRUE,40
"2.2.2.2.2.3.2.2.2.2.2.2.2.3.2.2.2.2.2.3.2.2",0.46709594822949,FALSE,TRUE,40
"2.2.2.2.2.3.2.2.2.2.2.2.2.2.3.2.2.2.2.3.2.2",0.512742436758804,FALSE,TRUE,40
"2.2.2.2.2.3.2.2.2.2.2.2.2.2.2.3.2.2.2.3.2.2",0.487368297671984,FALSE,TRUE,40
"2.2.2.2.2.3.2.2.2.2.2.2.2.2.2.2.2.3.2.3.2.2",0.449712791992457,FALSE,TRUE,40
"2.2.2.2.2.3.2.2.2.2.2.2.2.2.2.2.2.2.3.3.2.2",0.53562551812775,FALSE,TRUE,40
"2.2.2.2.2.3.2.2.2.2.2.2.2.2.2.2.2.2.2.4.2.2",0.376771591794964,FALSE,TRUE,41
"2.2.2.2.2.3.2.2.2.2.2.2.2.2.2.2.2.2.2.3.3.2",0.585693209000125,FALSE,TRUE,38
"2.2.2.2.2.3.2.2.2.2.2.2.2.2.2.2.2.2.2.3.2.3",0.589892927507893,FALSE,TRUE,41
"1.2.2.2.2.3.2.2.2.2.2.2.2.2.2.2.2.2.2.3.2.2",0.502273785238847,FALSE,TRUE,39
"2.1.2.2.2.3.2.2.2.2.2.2.2.2.2.2.2.2.2.3.2.2",0.421030721547605,FALSE,TRUE,39
"2.2.1.2.2.3.2.2.2.2.2.2.2.2.2.2.2.2.2.3.2.2",0.490694648667005,FALSE,TRUE,37
"2.2.2.2.1.3.2.2.2.2.2.2.2.2.2.2.2.2.2.3.2.2",0.555268942030478,FALSE,TRUE,38
"2.2.2.2.2.3.1.2.2.2.2.2.2.2.2.2.2.2.2.3.2.2",0.357683543685986,FALSE,TRUE,38
"2.2.2.2.2.3.2.1.2.2.2.2.2.2.2.2.2.2.2.3.2.2",0.308755198876648,FALSE,TRUE,38
"2.2.2.2.2.3.2.2.2.1.2.2.2.2.2.2.2.2.2.3.2.2",0.576151672787261,FALSE,TRUE,38
"2.2.2.2.2.3.2.2.2.2.1.2.2.2.2.2.2.2.2.3.2.2",0.375471372454105,FALSE,TRUE,39
"2.2.2.2.2.3.2.2.2.2.2.1.2.2.2.2.2.2.2.3.2.2",0.424311084721366,FALSE,TRUE,39
"2.2.2.2.2.3.2.2.2.2.2.2.1.2.2.2.2.2.2.3.2.2",0.449558970412843,FALSE,TRUE,39
"2.2.2.2.2.3.2.2.2.2.2.2.2.1.2.2.2.2.2.3.2.2",0.491480949948545,FALSE,TRUE,39
"2.2.2.2.2.3.2.2.2.2.2.2.2.2.1.2.2.2.2.3.2.2",0.462072368069159,FALSE,TRUE,39
"2.2.2.2.2.3.2.2.2.2.2.2.2.2.2.1.2.2.2.3.2.2",0.473317359284071,FALSE,TRUE,38
"2.2.2.2.2.3.2.2.2.2.2.2.2.2.2.2.1.2.2.3.2.2",0.475582144229028,FALSE,TRUE,39
"2.2.2.2.2.3.2.2.2.2.2.2.2.2.2.2.2.1.2.3.2.2",0.504027591336328,FALSE,TRUE,39
"2.2.2.2.2.3.2.2.2.2.2.2.2.2.2.2.2.2.1.3.2.2",0.425734702019481,FALSE,TRUE,39
"2.2.2.2.2.3.2.2.2.2.2.2.2.2.2.2.2.2.2.3.1.2",0.385856068156828,FALSE,TRUE,39
"3.2.2.2.2.3.2.2.2.2.2.2.2.2.2.2.3.2.2.2.2.1",0.327929634175704,FALSE,TRUE,39
"2.3.2.2.2.3.2.2.2.2.2.2.2.2.2.2.3.2.2.2.2.1",0.475270512611033,FALSE,TRUE,36
"2.2.3.2.2.3.2.2.2.2.2.2.2.2.2.2.3.2.2.2.2.1",0.360901871620991,FALSE,TRUE,39
"2.2.2.3.2.3.2.2.2.2.2.2.2.2.2.2.3.2.2.2.2.1",0.495681552677471,FALSE,TRUE,39
"2.2.2.2.3.3.2.2.2.2.2.2.2.2.2.2.3.2.2.2.2.1",0.368131733110108,FALSE,TRUE,39
"2.2.2.2.2.4.2.2.2.2.2.2.2.2.2.2.3.2.2.2.2.1",0.390362951263826,FALSE,TRUE,39
"2.2.2.2.2.3.3.2.2.2.2.2.2.2.2.2.3.2.2.2.2.1",0.49630327433215,FALSE,TRUE,39
"2.2.2.2.2.3.2.3.2.2.2.2.2.2.2.2.3.2.2.2.2.1",0.544926976247644,FALSE,TRUE,39
"2.2.2.2.2.3.2.2.3.2.2.2.2.2.2.2.3.2.2.2.2.1",0.574194333296449,FALSE,TRUE,37
"2.2.2.2.2.3.2.2.2.3.2.2.2.2.2.2.3.2.2.2.2.1",0.285669107430584,FALSE,TRUE,39
"2.2.2.2.2.3.2.2.2.2.3.2.2.2.2.2.3.2.2.2.2.1",0.480506030072392,FALSE,TRUE,38
"2.2.2.2.2.3.2.2.2.2.2.3.2.2.2.2.3.2.2.2.2.1",0.435795630113502,FALSE,TRUE,39
"2.2.2.2.2.3.2.2.2.2.2.2.3.2.2.2.3.2.2.2.2.1",0.420706610585509,FALSE,TRUE,39
"2.2.2.2.2.3.2.2.2.2.2.2.2.3.2.2.3.2.2.2.2.1",0.37593818039243,FALSE,TRUE,39
"2.2.2.2.2.3.2.2.2.2.2.2.2.2.2.2.4.2.2.2.2.1",0.348435919601674,FALSE,TRUE,39
"2.2.2.2.2.3.2.2.2.2.2.2.2.2.2.2.3.3.2.2.2.1",0.376868115408468,FALSE,TRUE,39
"2.2.2.2.2.3.2.2.2.2.2.2.2.2.2.2.3.2.3.2.2.1",0.468056771765101,FALSE,TRUE,39
"2.2.2.2.2.3.2.2.2.2.2.2.2.2.2.2.3.2.2.3.2.1",0.37773605410439,FALSE,TRUE,38
"2.2.2.2.2.3.2.2.2.2.2.2.2.2.2.2.3.2.2.2.3.1",0.515386296886283,FALSE,TRUE,38
"1.2.2.2.2.3.2.2.2.2.2.2.2.2.2.2.3.2.2.2.2.1",0.463577190798129,FALSE,TRUE,36
"2.1.2.2.2.3.2.2.2.2.2.2.2.2.2.2.3.2.2.2.2.1",0.302562845164111,FALSE,TRUE,38
"2.2.1.2.2.3.2.2.2.2.2.2.2.2.2.2.3.2.2.2.2.1",0.442044780671415,FALSE,TRUE,38
"2.2.2.1.2.3.2.2.2.2.2.2.2.2.2.2.3.2.2.2.2.1",0.295378435924421,FALSE,TRUE,37
"2.2.2.2.1.3.2.2.2.2.2.2.2.2.2.2.3.2.2.2.2.1",0.433242165200257,FALSE,TRUE,38
"2.2.2.2.2.2.2.2.2.2.2.2.2.2.2.2.3.2.2.2.2.1",0.370969946687821,FALSE,TRUE,38
"2.2.2.2.2.3.1.2.2.2.2.2.2.2.2.2.3.2.2.2.2.1",0.29556055127765,FALSE,TRUE,38
"2.2.2.2.2.3.2.1.2.2.2.2.2.2.2.2.3.2.2.2.2.1",0.228407375377347,FALSE,TRUE,37
"2.2.2.2.2.3.2.2.1.2.2.2.2.2.2.2.3.2.2.2.2.1",0.230053715803007,FALSE,TRUE,38
"2.2.2.2.2.3.2.2.2.1.2.2.2.2.2.2.3.2.2.2.2.1",0.538354913980269,FALSE,TRUE,38
"2.2.2.2.2.3.2.2.2.2.1.2.2.2.2.2.3.2.2.2.2.1",0.286891494660424,FALSE,TRUE,38
"2.2.2.2.2.3.2.2.2.2.2.1.2.2.2.2.3.2.2.2.2.1",0.329862330649604,FALSE,TRUE,38
"2.2.2.2.2.3.2.2.2.2.2.2.1.2.2.2.3.2.2.2.2.1",0.384288156113725,FALSE,TRUE,38
"2.2.2.2.2.3.2.2.2.2.2.2.2.1.2.2.3.2.2.2.2.1",0.412925838536732,FALSE,TRUE,38
"2.2.2.2.2.3.2.2.2.2.2.2.2.2.1.2.3.2.2.2.2.1",0.381782298036908,FALSE,TRUE,39
"2.2.2.2.2.3.2.2.2.2.2.2.2.2.2.1.3.2.2.2.2.1",0.430849109063923,FALSE,TRUE,39
"2.2.2.2.2.3.2.2.2.2.2.2.2.2.2.2.3.1.2.2.2.1",0.412200302382808,FALSE,TRUE,38
"2.2.2.2.2.3.2.2.2.2.2.2.2.2.2.2.3.2.1.2.2.1",0.324330247399286,FALSE,TRUE,38
"2.2.2.2.2.3.2.2.2.2.2.2.2.2.2.2.3.2.2.1.2.1",0.411246066412217,FALSE,TRUE,38
"2.2.2.2.2.3.2.2.2.2.2.2.2.2.2.2.3.2.2.2.1.1",0.29862707155948,FALSE,TRUE,38
"3.3.2.2.2.3.2.2.2.2.2.2.2.2.2.2.2.2.2.2.2.2",0.440724612865613,FALSE,TRUE,37
"2.3.3.2.2.3.2.2.2.2.2.2.2.2.2.2.2.2.2.2.2.2",0.544482460155278,FALSE,TRUE,36
"2.3.2.3.2.3.2.2.2.2.2.2.2.2.2.2.2.2.2.2.2.2",0.639939158480471,FALSE,TRUE,37
"2.3.2.2.3.3.2.2.2.2.2.2.2.2.2.2.2.2.2.2.2.2",0.501475426678383,FALSE,TRUE,37
"2.3.2.2.2.4.2.2.2.2.2.2.2.2.2.2.2.2.2.2.2.2",0.562541969938756,FALSE,TRUE,37
"2.3.2.2.2.3.3.2.2.2.2.2.2.2.2.2.2.2.2.2.2.2",0.666682738413732,FALSE,TRUE,37
"2.3.2.2.2.3.2.3.2.2.2.2.2.2.2.2.2.2.2.2.2.2",0.702110007524202,FALSE,TRUE,37
"2.3.2.2.2.3.2.2.3.2.2.2.2.2.2.2.2.2.2.2.2.2",0.675726158641005,FALSE,TRUE,36
"2.3.2.2.2.3.2.2.2.3.2.2.2.2.2.2.2.2.2.2.2.2",0.484296907092722,FALSE,TRUE,37
"2.3.2.2.2.3.2.2.2.2.3.2.2.2.2.2.2.2.2.2.2.2",0.585631181361777,FALSE,TRUE,37
"2.3.2.2.2.3.2.2.2.2.2.3.2.2.2.2.2.2.2.2.2.2",0.525658357680637,FALSE,TRUE,37
"2.3.2.2.2.3.2.2.2.2.2.2.3.2.2.2.2.2.2.2.2.2",0.649226794787331,FALSE,TRUE,37
"2.3.2.2.2.3.2.2.2.2.2.2.2.3.2.2.2.2.2.2.2.2",0.546842467952263,FALSE,TRUE,37
"2.3.2.2.2.3.2.2.2.2.2.2.2.2.3.2.2.2.2.2.2.2",0.59450454004136,FALSE,TRUE,36
"2.3.2.2.2.3.2.2.2.2.2.2.2.2.2.3.2.2.2.2.2.2",0.583678888410462,FALSE,TRUE,37
"2.3.2.2.2.3.2.2.2.2.2.2.2.2.2.2.2.3.2.2.2.2",0.560950688157124,FALSE,TRUE,37
"2.3.2.2.2.3.2.2.2.2.2.2.2.2.2.2.2.2.3.2.2.2",0.580722507262759,FALSE,TRUE,37
"2.3.2.2.2.3.2.2.2.2.2.2.2.2.2.2.2.2.2.2.3.2",0.633070588178679,FALSE,TRUE,35
"2.3.2.2.2.3.2.2.2.2.2.2.2.2.2.2.2.2.2.2.2.3",0.650054467307328,FALSE,TRUE,38
"1.3.2.2.2.3.2.2.2.2.2.2.2.2.2.2.2.2.2.2.2.2",0.639801661346797,FALSE,TRUE,34
"2.3.1.2.2.3.2.2.2.2.2.2.2.2.2.2.2.2.2.2.2.2",0.593887559224587,FALSE,TRUE,34
"2.3.2.2.1.3.2.2.2.2.2.2.2.2.2.2.2.2.2.2.2.2",0.627505528675682,FALSE,TRUE,35
"2.3.2.2.2.3.2.1.2.2.2.2.2.2.2.2.2.2.2.2.2.2",0.414059080101968,FALSE,TRUE,35
"2.3.2.2.2.3.2.2.1.2.2.2.2.2.2.2.2.2.2.2.2.2",0.443818357344041,FALSE,TRUE,35
"2.3.2.2.2.3.2.2.2.2.1.2.2.2.2.2.2.2.2.2.2.2",0.497214745761289,FALSE,TRUE,36
"2.3.2.2.2.3.2.2.2.2.2.1.2.2.2.2.2.2.2.2.2.2",0.571430660039342,FALSE,TRUE,36
"2.3.2.2.2.3.2.2.2.2.2.2.1.2.2.2.2.2.2.2.2.2",0.504105111574983,FALSE,TRUE,36
"2.3.2.2.2.3.2.2.2.2.2.2.2.1.2.2.2.2.2.2.2.2",0.599361598074617,FALSE,TRUE,36
"2.3.2.2.2.3.2.2.2.2.2.2.2.2.1.2.2.2.2.2.2.2",0.558760703170524,FALSE,TRUE,36
"2.3.2.2.2.3.2.2.2.2.2.2.2.2.2.2.1.2.2.2.2.2",0.553696726527468,FALSE,TRUE,36
"2.3.2.2.2.3.2.2.2.2.2.2.2.2.2.2.2.1.2.2.2.2",0.572687227409535,FALSE,TRUE,36
"2.3.2.2.2.3.2.2.2.2.2.2.2.2.2.2.2.2.1.2.2.2",0.552909770682467,FALSE,TRUE,36
"2.3.2.2.2.3.2.2.2.2.2.2.2.2.2.2.2.2.2.1.2.2",0.583952335646122,FALSE,TRUE,36
"2.3.2.2.2.3.2.2.2.2.2.2.2.2.2.2.2.2.2.2.1.2",0.52143038077092,FALSE,TRUE,36
"3.3.2.2.2.3.2.2.2.2.2.2.2.2.2.2.2.2.2.2.2.1",0.35618450090886,FALSE,TRUE,40
"2.4.2.2.2.3.2.2.2.2.2.2.2.2.2.2.2.2.2.2.2.1",0.499093886822488,FALSE,TRUE,39
"2.3.3.2.2.3.2.2.2.2.2.2.2.2.2.2.2.2.2.2.2.1",0.451241286363063,FALSE,TRUE,39
"2.3.2.3.2.3.2.2.2.2.2.2.2.2.2.2.2.2.2.2.2.1",0.569407239988414,FALSE,TRUE,39
"2.3.2.2.3.3.2.2.2.2.2.2.2.2.2.2.2.2.2.2.2.1",0.406992241287073,FALSE,TRUE,39
"2.3.2.2.2.4.2.2.2.2.2.2.2.2.2.2.2.2.2.2.2.1",0.490002559725562,FALSE,TRUE,39
"2.3.2.2.2.3.3.2.2.2.2.2.2.2.2.2.2.2.2.2.2.1",0.597861081470101,FALSE,TRUE,39
"2.3.2.2.2.3.2.3.2.2.2.2.2.2.2.2.2.2.2.2.2.1",0.642213768112925,FALSE,TRUE,39
"2.3.2.2.2.3.2.2.2.3.2.2.2.2.2.2.2.2.2.2.2.1",0.383098894736582,FALSE,TRUE,39
"2.3.2.2.2.3.2.2.2.2.3.2.2.2.2.2.2.2.2.2.2.1",0.52346604039354,FALSE,TRUE,39
"2.3.2.2.2.3.2.2.2.2.2.3.2.2.2.2.2.2.2.2.2.1",0.444658405281872,FALSE,TRUE,39
"2.3.2.2.2.3.2.2.2.2.2.2.3.2.2.2.2.2.2.2.2.1",0.568086853893186,FALSE,TRUE,39
"2.3.2.2.2.3.2.2.2.2.2.2.2.3.2.2.2.2.2.2.2.1",0.469817211023778,FALSE,TRUE,39
"2.3.2.2.2.3.2.2.2.2.2.2.2.2.3.2.2.2.2.2.2.1",0.524511691861475,FALSE,TRUE,36
"2.3.2.2.2.3.2.2.2.2.2.2.2.2.2.3.2.2.2.2.2.1",0.498227095964231,FALSE,TRUE,37
"2.3.2.2.2.3.2.2.2.2.2.2.2.2.2.2.2.3.2.2.2.1",0.46707311710646,FALSE,TRUE,38
"2.3.2.2.2.3.2.2.2.2.2.2.2.2.2.2.2.2.3.2.2.1",0.50998297844921,FALSE,TRUE,39
"2.3.2.2.2.3.2.2.2.2.2.2.2.2.2.2.2.2.2.3.2.1",0.421015186308608,FALSE,TRUE,38
"2.3.2.2.2.3.2.2.2.2.2.2.2.2.2.2.2.2.2.2.3.1",0.564224996756386,FALSE,TRUE,38
"2.3.1.2.2.3.2.2.2.2.2.2.2.2.2.2.2.2.2.2.2.1",0.528591536914507,FALSE,TRUE,38
"2.3.2.1.2.3.2.2.2.2.2.2.2.2.2.2.2.2.2.2.2.1",0.375741314865892,FALSE,TRUE,37
"2.3.2.2.1.3.2.2.2.2.2.2.2.2.2.2.2.2.2.2.2.1",0.565032421461969,FALSE,TRUE,38
"2.3.2.2.2.2.2.2.2.2.2.2.2.2.2.2.2.2.2.2.2.1",0.472116454951969,FALSE,TRUE,38
"2.3.2.2.2.3.1.2.2.2.2.2.2.2.2.2.2.2.2.2.2.1",0.384310145436974,FALSE,TRUE,38
"2.3.2.2.2.3.2.1.2.2.2.2.2.2.2.2.2.2.2.2.2.1",0.317678014120285,FALSE,TRUE,38
"2.3.2.2.2.3.2.2.1.2.2.2.2.2.2.2.2.2.2.2.2.1",0.359215033244041,FALSE,TRUE,39
"2.3.2.2.2.3.2.2.2.1.2.2.2.2.2.2.2.2.2.2.2.1",0.609517545376307,FALSE,TRUE,37
"2.3.2.2.2.3.2.2.2.2.1.2.2.2.2.2.2.2.2.2.2.1",0.407161851242305,FALSE,TRUE,38
"2.3.2.2.2.3.2.2.2.2.2.1.2.2.2.2.2.2.2.2.2.1",0.497000188560326,FALSE,TRUE,38
"2.3.2.2.2.3.2.2.2.2.2.2.1.2.2.2.2.2.2.2.2.1",0.426228736570142,FALSE,TRUE,38
"2.3.2.2.2.3.2.2.2.2.2.2.2.1.2.2.2.2.2.2.2.1",0.523746025233179,FALSE,TRUE,38
"2.3.2.2.2.3.2.2.2.2.2.2.2.2.1.2.2.2.2.2.2.1",0.467494284601879,FALSE,TRUE,38
"2.3.2.2.2.3.2.2.2.2.2.2.2.2.2.1.2.2.2.2.2.1",0.464279577471797,FALSE,TRUE,38
"2.3.2.2.2.3.2.2.2.2.2.2.2.2.2.2.1.2.2.2.2.1",0.469275980022079,FALSE,TRUE,38
"2.3.2.2.2.3.2.2.2.2.2.2.2.2.2.2.2.1.2.2.2.1",0.510228781620461,FALSE,TRUE,38
"2.3.2.2.2.3.2.2.2.2.2.2.2.2.2.2.2.2.1.2.2.1",0.466672723084744,FALSE,TRUE,37
"2.3.2.2.2.3.2.2.2.2.2.2.2.2.2.2.2.2.2.1.2.1",0.520617329970585,FALSE,TRUE,38
"2.3.2.2.2.3.2.2.2.2.2.2.2.2.2.2.2.2.2.2.1.1",0.432275708898921,FALSE,TRUE,38
"3.4.2.2.2.3.2.2.2.2.2.2.2.2.2.2.2.2.2.2.2.2",0.378480853795488,FALSE,TRUE,41
"2.5.2.2.2.3.2.2.2.2.2.2.2.2.2.2.2.2.2.2.2.2",0.457695945323781,FALSE,TRUE,42
"2.4.3.2.2.3.2.2.2.2.2.2.2.2.2.2.2.2.2.2.2.2",0.519801625536545,FALSE,TRUE,41
"2.4.2.3.2.3.2.2.2.2.2.2.2.2.2.2.2.2.2.2.2.2",0.564987023414137,FALSE,TRUE,41
"2.4.2.2.3.3.2.2.2.2.2.2.2.2.2.2.2.2.2.2.2.2",0.4647887042475,FALSE,TRUE,41
"2.4.2.2.2.4.2.2.2.2.2.2.2.2.2.2.2.2.2.2.2.2",0.545856798171144,FALSE,TRUE,41
"2.4.2.2.2.3.3.2.2.2.2.2.2.2.2.2.2.2.2.2.2.2",0.605389685231244,FALSE,TRUE,41
"2.4.2.2.2.3.2.3.2.2.2.2.2.2.2.2.2.2.2.2.2.2",0.641321736863741,FALSE,TRUE,41
"2.4.2.2.2.3.2.2.3.2.2.2.2.2.2.2.2.2.2.2.2.2",0.572113149933116,FALSE,TRUE,40
"2.4.2.2.2.3.2.2.2.3.2.2.2.2.2.2.2.2.2.2.2.2",0.473239684288649,FALSE,TRUE,41
"2.4.2.2.2.3.2.2.2.2.3.2.2.2.2.2.2.2.2.2.2.2",0.49972904641913,FALSE,TRUE,41
"2.4.2.2.2.3.2.2.2.2.2.3.2.2.2.2.2.2.2.2.2.2",0.422110323119126,FALSE,TRUE,41
"2.4.2.2.2.3.2.2.2.2.2.2.3.2.2.2.2.2.2.2.2.2",0.651360983498067,FALSE,TRUE,41
"2.4.2.2.2.3.2.2.2.2.2.2.2.3.2.2.2.2.2.2.2.2",0.520483385144105,FALSE,TRUE,41
"2.4.2.2.2.3.2.2.2.2.2.2.2.2.3.2.2.2.2.2.2.2",0.551831294471787,FALSE,TRUE,41
"2.4.2.2.2.3.2.2.2.2.2.2.2.2.2.3.2.2.2.2.2.2",0.575402006628241,FALSE,TRUE,41
"2.4.2.2.2.3.2.2.2.2.2.2.2.2.2.2.3.2.2.2.2.2",0.513390983662305,FALSE,TRUE,41
"2.4.2.2.2.3.2.2.2.2.2.2.2.2.2.2.2.3.2.2.2.2",0.563500075790482,FALSE,TRUE,40
"2.4.2.2.2.3.2.2.2.2.2.2.2.2.2.2.2.2.3.2.2.2",0.489372965481206,FALSE,TRUE,41
"2.4.2.2.2.3.2.2.2.2.2.2.2.2.2.2.2.2.2.3.2.2",0.470760594324166,FALSE,TRUE,41
"2.4.2.2.2.3.2.2.2.2.2.2.2.2.2.2.2.2.2.2.3.2",0.535861197186499,FALSE,TRUE,41
"1.4.2.2.2.3.2.2.2.2.2.2.2.2.2.2.2.2.2.2.2.2",0.62256500702132,FALSE,TRUE,39
"2.4.1.2.2.3.2.2.2.2.2.2.2.2.2.2.2.2.2.2.2.2",0.547565044517174,FALSE,TRUE,40
"2.4.2.1.2.3.2.2.2.2.2.2.2.2.2.2.2.2.2.2.2.2",0.457523222890567,FALSE,TRUE,40
"2.4.2.2.1.3.2.2.2.2.2.2.2.2.2.2.2.2.2.2.2.2",0.586712341804472,FALSE,TRUE,40
"2.4.2.2.2.2.2.2.2.2.2.2.2.2.2.2.2.2.2.2.2.2",0.50391767201887,FALSE,TRUE,41
"2.4.2.2.2.3.1.2.2.2.2.2.2.2.2.2.2.2.2.2.2.2",0.45672214900261,FALSE,TRUE,40
"2.4.2.2.2.3.2.1.2.2.2.2.2.2.2.2.2.2.2.2.2.2",0.406250744578114,FALSE,TRUE,40
"2.4.2.2.2.3.2.2.1.2.2.2.2.2.2.2.2.2.2.2.2.2",0.469174046962846,FALSE,TRUE,40
"2.4.2.2.2.3.2.2.2.1.2.2.2.2.2.2.2.2.2.2.2.2",0.611627722459585,FALSE,TRUE,39
"2.4.2.2.2.3.2.2.2.2.1.2.2.2.2.2.2.2.2.2.2.2",0.502480669689401,FALSE,TRUE,40
"2.4.2.2.2.3.2.2.2.2.2.1.2.2.2.2.2.2.2.2.2.2",0.603915607766371,FALSE,TRUE,40
"2.4.2.2.2.3.2.2.2.2.2.2.1.2.2.2.2.2.2.2.2.2",0.435851638133432,FALSE,TRUE,40
"2.4.2.2.2.3.2.2.2.2.2.2.2.1.2.2.2.2.2.2.2.2",0.56733151636372,FALSE,TRUE,40
"2.4.2.2.2.3.2.2.2.2.2.2.2.2.1.2.2.2.2.2.2.2",0.526534929439734,FALSE,TRUE,40
"2.4.2.2.2.3.2.2.2.2.2.2.2.2.2.1.2.2.2.2.2.2",0.467484443536661,FALSE,TRUE,40
"2.4.2.2.2.3.2.2.2.2.2.2.2.2.2.2.1.2.2.2.2.2",0.503148110245476,FALSE,TRUE,40
"2.4.2.2.2.3.2.2.2.2.2.2.2.2.2.2.2.1.2.2.2.2",0.504825997238946,FALSE,TRUE,40
"2.4.2.2.2.3.2.2.2.2.2.2.2.2.2.2.2.2.1.2.2.2",0.573133195912486,FALSE,TRUE,40
"2.4.2.2.2.3.2.2.2.2.2.2.2.2.2.2.2.2.2.1.2.2",0.551301261842102,FALSE,TRUE,40
"2.4.2.2.2.3.2.2.2.2.2.2.2.2.2.2.2.2.2.2.1.2",0.553657327136118,FALSE,TRUE,40
"3.2.1.2.2.2.2.2.2.2.2.2.2.2.2.2.2.2.2.2.2.2",0.45284794878298,FALSE,TRUE,39
"2.3.1.2.2.2.2.2.2.2.2.2.2.2.2.2.2.2.2.2.2.2",0.526144797707376,FALSE,TRUE,38
"2.2.1.2.3.2.2.2.2.2.2.2.2.2.2.2.2.2.2.2.2.2",0.446531983823854,FALSE,TRUE,39
"2.2.1.2.2.2.2.3.2.2.2.2.2.2.2.2.2.2.2.2.2.2",0.672229412497179,FALSE,TRUE,39
"2.2.1.2.2.2.2.2.3.2.2.2.2.2.2.2.2.2.2.2.2.2",0.666316175415986,FALSE,TRUE,39
"2.2.1.2.2.2.2.2.2.3.2.2.2.2.2.2.2.2.2.2.2.2",0.390803555372955,FALSE,TRUE,39
"2.2.1.2.2.2.2.2.2.2.3.2.2.2.2.2.2.2.2.2.2.2",0.575861131939572,FALSE,TRUE,39
"2.2.1.2.2.2.2.2.2.2.2.3.2.2.2.2.2.2.2.2.2.2",0.553598468374831,FALSE,TRUE,38
"2.2.1.2.2.2.2.2.2.2.2.2.3.2.2.2.2.2.2.2.2.2",0.523194173142545,FALSE,TRUE,39
"2.2.1.2.2.2.2.2.2.2.2.2.2.3.2.2.2.2.2.2.2.2",0.520312744381215,FALSE,TRUE,39
"2.2.1.2.2.2.2.2.2.2.2.2.2.2.3.2.2.2.2.2.2.2",0.513508669688091,FALSE,TRUE,39
"2.2.1.2.2.2.2.2.2.2.2.2.2.2.2.3.2.2.2.2.2.2",0.465089042224797,FALSE,TRUE,40
"2.2.1.2.2.2.2.2.2.2.2.2.2.2.2.2.3.2.2.2.2.2",0.442151735370752,FALSE,TRUE,38
"2.2.1.2.2.2.2.2.2.2.2.2.2.2.2.2.2.3.2.2.2.2",0.520414716619834,FALSE,TRUE,39
"2.2.1.2.2.2.2.2.2.2.2.2.2.2.2.2.2.2.3.2.2.2",0.567498698172631,FALSE,TRUE,38
"2.2.1.2.2.2.2.2.2.2.2.2.2.2.2.2.2.2.2.3.2.2",0.400353848168556,FALSE,TRUE,38
"2.2.1.2.2.2.2.2.2.2.2.2.2.2.2.2.2.2.2.2.3.2",0.613111898438538,FALSE,TRUE,38
"2.2.1.2.2.2.2.2.2.2.2.2.2.2.2.2.2.2.2.2.2.3",0.565167059921525,FALSE,TRUE,39
"1.2.1.2.2.2.2.2.2.2.2.2.2.2.2.2.2.2.2.2.2.2",0.468543114620091,FALSE,TRUE,38
"2.1.1.2.2.2.2.2.2.2.2.2.2.2.2.2.2.2.2.2.2.2",0.405775370390317,FALSE,TRUE,38
"2.2.1.1.2.2.2.2.2.2.2.2.2.2.2.2.2.2.2.2.2.2",0.396457403949273,FALSE,TRUE,38
"2.2.1.2.1.2.2.2.2.2.2.2.2.2.2.2.2.2.2.2.2.2",0.524926723496505,FALSE,TRUE,38
"2.2.1.2.2.1.2.2.2.2.2.2.2.2.2.2.2.2.2.2.2.2",0.377514064281823,FALSE,TRUE,38
"2.2.1.2.2.2.1.2.2.2.2.2.2.2.2.2.2.2.2.2.2.2",0.336105411675449,FALSE,TRUE,38
"2.2.1.2.2.2.2.1.2.2.2.2.2.2.2.2.2.2.2.2.2.2",0.294793933242538,FALSE,TRUE,38
"2.2.1.2.2.2.2.2.1.2.2.2.2.2.2.2.2.2.2.2.2.2",0.295161392222584,FALSE,TRUE,38
"2.2.1.2.2.2.2.2.2.1.2.2.2.2.2.2.2.2.2.2.2.2",0.585689485323232,FALSE,TRUE,37
"2.2.1.2.2.2.2.2.2.2.1.2.2.2.2.2.2.2.2.2.2.2",0.359253163950404,FALSE,TRUE,38
"2.2.1.2.2.2.2.2.2.2.2.1.2.2.2.2.2.2.2.2.2.2",0.381241076875218,FALSE,TRUE,38
"2.2.1.2.2.2.2.2.2.2.2.2.1.2.2.2.2.2.2.2.2.2",0.465439045876171,FALSE,TRUE,38
"2.2.1.2.2.2.2.2.2.2.2.2.2.1.2.2.2.2.2.2.2.2",0.459270552162421,FALSE,TRUE,38
"2.2.1.2.2.2.2.2.2.2.2.2.2.2.1.2.2.2.2.2.2.2",0.474288706340778,FALSE,TRUE,38
"2.2.1.2.2.2.2.2.2.2.2.2.2.2.2.2.1.2.2.2.2.2",0.508545160264463,FALSE,TRUE,38
"2.2.1.2.2.2.2.2.2.2.2.2.2.2.2.2.2.1.2.2.2.2",0.44918249750176,FALSE,TRUE,38
"2.2.1.2.2.2.2.2.2.2.2.2.2.2.2.2.2.2.1.2.2.2",0.40512811028853,FALSE,TRUE,38
"2.2.1.2.2.2.2.2.2.2.2.2.2.2.2.2.2.2.2.1.2.2",0.542121006437894,FALSE,TRUE,38
"2.2.1.2.2.2.2.2.2.2.2.2.2.2.2.2.2.2.2.2.1.2",0.359624529486957,FALSE,TRUE,38
"2.2.1.2.2.2.2.2.2.2.2.2.2.2.2.2.2.2.2.2.2.1",0.431495795982438,FALSE,TRUE,38
"3.2.2.2.2.3.2.1.2.2.2.2.2.2.2.2.3.2.2.2.2.2",0.283269146433759,FALSE,TRUE,40
"2.3.2.2.2.3.2.1.2.2.2.2.2.2.2.2.3.2.2.2.2.2",0.391438151007164,FALSE,TRUE,39
"2.2.3.2.2.3.2.1.2.2.2.2.2.2.2.2.3.2.2.2.2.2",0.29048344843088,FALSE,TRUE,40
"2.2.2.3.2.3.2.1.2.2.2.2.2.2.2.2.3.2.2.2.2.2",0.413679792529711,FALSE,TRUE,40
"2.2.2.2.3.3.2.1.2.2.2.2.2.2.2.2.3.2.2.2.2.2",0.279861004064897,FALSE,TRUE,40
"2.2.2.2.2.4.2.1.2.2.2.2.2.2.2.2.3.2.2.2.2.2",0.32954237392774,FALSE,TRUE,40
"2.2.2.2.2.3.3.1.2.2.2.2.2.2.2.2.3.2.2.2.2.2",0.44216463760626,FALSE,TRUE,40
"2.2.2.2.2.3.2.1.3.2.2.2.2.2.2.2.3.2.2.2.2.2",0.505021867536392,FALSE,TRUE,40
"2.2.2.2.2.3.2.1.2.3.2.2.2.2.2.2.3.2.2.2.2.2",0.203979168178935,FALSE,TRUE,40
"2.2.2.2.2.3.2.1.2.2.2.3.2.2.2.2.3.2.2.2.2.2",0.372165887651501,FALSE,TRUE,40
"2.2.2.2.2.3.2.1.2.2.2.2.3.2.2.2.3.2.2.2.2.2",0.338367971377271,FALSE,TRUE,40
"2.2.2.2.2.3.2.1.2.2.2.2.2.3.2.2.3.2.2.2.2.2",0.313880590787083,FALSE,TRUE,40
"2.2.2.2.2.3.2.1.2.2.2.2.2.2.3.2.3.2.2.2.2.2",0.361879955420321,FALSE,TRUE,39
"2.2.2.2.2.3.2.1.2.2.2.2.2.2.2.3.3.2.2.2.2.2",0.272736078113167,FALSE,TRUE,39
"2.2.2.2.2.3.2.1.2.2.2.2.2.2.2.2.4.2.2.2.2.2",0.281012692398568,FALSE,TRUE,40
"2.2.2.2.2.3.2.1.2.2.2.2.2.2.2.2.3.3.2.2.2.2",0.300246820254756,FALSE,TRUE,40
"2.2.2.2.2.3.2.1.2.2.2.2.2.2.2.2.3.2.3.2.2.2",0.378759152614299,FALSE,TRUE,40
"2.2.2.2.2.3.2.1.2.2.2.2.2.2.2.2.3.2.2.3.2.2",0.268612623441359,FALSE,TRUE,39
"2.2.2.2.2.3.2.1.2.2.2.2.2.2.2.2.3.2.2.2.3.2",0.44241411635994,FALSE,TRUE,39
"2.2.2.2.2.3.2.1.2.2.2.2.2.2.2.2.3.2.2.2.2.3",0.413327187835813,FALSE,TRUE,40
"1.2.2.2.2.3.2.1.2.2.2.2.2.2.2.2.3.2.2.2.2.2",0.35235434967082,FALSE,TRUE,39
"2.1.2.2.2.3.2.1.2.2.2.2.2.2.2.2.3.2.2.2.2.2",0.211677069403351,FALSE,TRUE,39
"2.2.1.2.2.3.2.1.2.2.2.2.2.2.2.2.3.2.2.2.2.2",0.328525326058687,FALSE,TRUE,39
"2.2.2.1.2.3.2.1.2.2.2.2.2.2.2.2.3.2.2.2.2.2",0.202578679908783,FALSE,TRUE,38
"2.2.2.2.1.3.2.1.2.2.2.2.2.2.2.2.3.2.2.2.2.2",0.346575354799743,FALSE,TRUE,39
"2.2.2.2.2.2.2.1.2.2.2.2.2.2.2.2.3.2.2.2.2.2",0.26715691828877,FALSE,TRUE,39
"2.2.2.2.2.3.1.1.2.2.2.2.2.2.2.2.3.2.2.2.2.2",0.173730454447256,FALSE,TRUE,39
"2.2.2.2.2.3.2.1.1.2.2.2.2.2.2.2.3.2.2.2.2.2",0.134808935872491,FALSE,TRUE,39
"2.2.2.2.2.3.2.1.2.1.2.2.2.2.2.2.3.2.2.2.2.2",0.455065632714872,FALSE,TRUE,39
"2.2.2.2.2.3.2.1.2.2.1.2.2.2.2.2.3.2.2.2.2.2",0.169602994337191,FALSE,TRUE,40
"2.2.2.2.2.3.2.1.2.2.2.1.2.2.2.2.3.2.2.2.2.2",0.216420052751872,FALSE,TRUE,39
"2.2.2.2.2.3.2.1.2.2.2.2.1.2.2.2.3.2.2.2.2.2",0.304105134244511,FALSE,TRUE,39
"2.2.2.2.2.3.2.1.2.2.2.2.2.1.2.2.3.2.2.2.2.2",0.312769494694878,FALSE,TRUE,39
"2.2.2.2.2.3.2.1.2.2.2.2.2.2.1.2.3.2.2.2.2.2",0.269848111401443,FALSE,TRUE,39
"2.2.2.2.2.3.2.1.2.2.2.2.2.2.2.1.3.2.2.2.2.2",0.344834536590787,FALSE,TRUE,39
"2.2.2.2.2.3.2.1.2.2.2.2.2.2.2.2.3.1.2.2.2.2",0.32932892752542,FALSE,TRUE,39
"2.2.2.2.2.3.2.1.2.2.2.2.2.2.2.2.3.2.1.2.2.2",0.236420812391942,FALSE,TRUE,39
"2.2.2.2.2.3.2.1.2.2.2.2.2.2.2.2.3.2.2.1.2.2",0.345119694741856,FALSE,TRUE,39
"2.2.2.2.2.3.2.1.2.2.2.2.2.2.2.2.3.2.2.2.1.2",0.187750430039141,FALSE,TRUE,39
"3.2.2.2.2.3.2.2.2.2.2.2.2.2.2.2.2.2.2.2.3.2",0.517769808788827,FALSE,TRUE,40
"2.2.3.2.2.3.2.2.2.2.2.2.2.2.2.2.2.2.2.2.3.2",0.572152215641426,FALSE,TRUE,40
"2.2.2.3.2.3.2.2.2.2.2.2.2.2.2.2.2.2.2.2.3.2",0.727631787641874,FALSE,TRUE,40
"2.2.2.2.3.3.2.2.2.2.2.2.2.2.2.2.2.2.2.2.3.2",0.570933414507237,FALSE,TRUE,40
"2.2.2.2.2.4.2.2.2.2.2.2.2.2.2.2.2.2.2.2.3.2",0.589534417245364,FALSE,TRUE,40
"2.2.2.2.2.3.3.2.2.2.2.2.2.2.2.2.2.2.2.2.3.2",0.708144040478187,FALSE,TRUE,39
"2.2.2.2.2.3.2.3.2.2.2.2.2.2.2.2.2.2.2.2.3.2",0.74875125327058,FALSE,TRUE,40
"2.2.2.2.2.3.2.2.3.2.2.2.2.2.2.2.2.2.2.2.3.2",0.743546412946191,FALSE,TRUE,40
"2.2.2.2.2.3.2.2.2.3.2.2.2.2.2.2.2.2.2.2.3.2",0.501013324280009,FALSE,TRUE,40
"2.2.2.2.2.3.2.2.2.2.3.2.2.2.2.2.2.2.2.2.3.2",0.655195316732419,FALSE,TRUE,40
"2.2.2.2.2.3.2.2.2.2.2.3.2.2.2.2.2.2.2.2.3.2",0.590216332528641,FALSE,TRUE,40
"2.2.2.2.2.3.2.2.2.2.2.2.3.2.2.2.2.2.2.2.3.2",0.681103966007692,FALSE,TRUE,40
"2.2.2.2.2.3.2.2.2.2.2.2.2.3.2.2.2.2.2.2.3.2",0.593454810217584,FALSE,TRUE,40
"2.2.2.2.2.3.2.2.2.2.2.2.2.2.3.2.2.2.2.2.3.2",0.641109958966596,FALSE,TRUE,40
"2.2.2.2.2.3.2.2.2.2.2.2.2.2.2.3.2.2.2.2.3.2",0.616621884770857,FALSE,TRUE,40
"2.2.2.2.2.3.2.2.2.2.2.2.2.2.2.2.2.3.2.2.3.2",0.590292955457724,FALSE,TRUE,40
"2.2.2.2.2.3.2.2.2.2.2.2.2.2.2.2.2.2.3.2.3.2",0.645305188805592,FALSE,TRUE,40
"2.2.2.2.2.3.2.2.2.2.2.2.2.2.2.2.2.2.2.2.3.3",0.704903349471722,FALSE,TRUE,40
"1.2.2.2.2.3.2.2.2.2.2.2.2.2.2.2.2.2.2.2.3.2",0.663880075475371,FALSE,TRUE,39
"2.1.2.2.2.3.2.2.2.2.2.2.2.2.2.2.2.2.2.2.3.2",0.537015673121437,FALSE,TRUE,39
"2.2.2.2.1.3.2.2.2.2.2.2.2.2.2.2.2.2.2.2.3.2",0.657241999404263,FALSE,TRUE,38
"2.2.2.2.2.3.1.2.2.2.2.2.2.2.2.2.2.2.2.2.3.2",0.51915945565947,FALSE,TRUE,38
"2.2.2.2.2.3.2.1.2.2.2.2.2.2.2.2.2.2.2.2.3.2",0.463071135462568,FALSE,TRUE,38
"2.2.2.2.2.3.2.2.1.2.2.2.2.2.2.2.2.2.2.2.3.2",0.473133761603172,FALSE,TRUE,38
"2.2.2.2.2.3.2.2.2.1.2.2.2.2.2.2.2.2.2.2.3.2",0.720673975385907,FALSE,TRUE,38
"2.2.2.2.2.3.2.2.2.2.1.2.2.2.2.2.2.2.2.2.3.2",0.53660473655398,FALSE,TRUE,39
"2.2.2.2.2.3.2.2.2.2.2.1.2.2.2.2.2.2.2.2.3.2",0.60339749928732,FALSE,TRUE,39
"2.2.2.2.2.3.2.2.2.2.2.2.1.2.2.2.2.2.2.2.3.2",0.563077562765303,FALSE,TRUE,39
"2.2.2.2.2.3.2.2.2.2.2.2.2.1.2.2.2.2.2.2.3.2",0.618458329603972,FALSE,TRUE,39
"2.2.2.2.2.3.2.2.2.2.2.2.2.2.1.2.2.2.2.2.3.2",0.610190513366856,FALSE,TRUE,39
"2.2.2.2.2.3.2.2.2.2.2.2.2.2.2.1.2.2.2.2.3.2",0.595397393619398,FALSE,TRUE,38
"2.2.2.2.2.3.2.2.2.2.2.2.2.2.2.2.1.2.2.2.3.2",0.596651104510458,FALSE,TRUE,39
"2.2.2.2.2.3.2.2.2.2.2.2.2.2.2.2.2.1.2.2.3.2",0.624060076393141,FALSE,TRUE,39
"2.2.2.2.2.3.2.2.2.2.2.2.2.2.2.2.2.2.1.2.3.2",0.580370224289512,FALSE,TRUE,39
"2.2.2.2.2.3.2.2.2.2.2.2.2.2.2.2.2.2.2.1.3.2",0.613058841989641,FALSE,TRUE,39
"2.2.2.2.2.3.2.2.2.2.2.2.2.2.2.2.2.2.2.2.3.1",0.549640358915014,FALSE,TRUE,36
"3.2.2.2.2.3.2.2.2.2.2.2.2.2.2.2.2.2.2.3.2.1",0.293889301654928,FALSE,TRUE,41
"2.2.3.2.2.3.2.2.2.2.2.2.2.2.2.2.2.2.2.3.2.1",0.362853474853585,FALSE,TRUE,41
"2.2.2.3.2.3.2.2.2.2.2.2.2.2.2.2.2.2.2.3.2.1",0.47616942316762,FALSE,TRUE,41
"2.2.2.2.3.3.2.2.2.2.2.2.2.2.2.2.2.2.2.3.2.1",0.302423786324782,FALSE,TRUE,41
"2.2.2.2.2.4.2.2.2.2.2.2.2.2.2.2.2.2.2.3.2.1",0.392771689523598,FALSE,TRUE,41
"2.2.2.2.2.3.3.2.2.2.2.2.2.2.2.2.2.2.2.3.2.1",0.517389015963282,FALSE,TRUE,41
"2.2.2.2.2.3.2.3.2.2.2.2.2.2.2.2.2.2.2.3.2.1",0.539151210472184,FALSE,TRUE,41
"2.2.2.2.2.3.2.2.3.2.2.2.2.2.2.2.2.2.2.3.2.1",0.518675701987627,FALSE,TRUE,39
"2.2.2.2.2.3.2.2.2.3.2.2.2.2.2.2.2.2.2.3.2.1",0.278214272707339,FALSE,TRUE,41
"2.2.2.2.2.3.2.2.2.2.3.2.2.2.2.2.2.2.2.3.2.1",0.456607437850109,FALSE,TRUE,41
"2.2.2.2.2.3.2.2.2.2.2.3.2.2.2.2.2.2.2.3.2.1",0.385358269078323,FALSE,TRUE,41
"2.2.2.2.2.3.2.2.2.2.2.2.3.2.2.2.2.2.2.3.2.1",0.436455118684316,FALSE,TRUE,41
"2.2.2.2.2.3.2.2.2.2.2.2.2.3.2.2.2.2.2.3.2.1",0.367430259386501,FALSE,TRUE,41
"2.2.2.2.2.3.2.2.2.2.2.2.2.2.3.2.2.2.2.3.2.1",0.421538221689651,FALSE,TRUE,39
"2.2.2.2.2.3.2.2.2.2.2.2.2.2.2.3.2.2.2.3.2.1",0.393085347291265,FALSE,TRUE,39
"2.2.2.2.2.3.2.2.2.2.2.2.2.2.2.2.2.3.2.3.2.1",0.341260244719928,FALSE,TRUE,41
"2.2.2.2.2.3.2.2.2.2.2.2.2.2.2.2.2.2.3.3.2.1",0.431272653746653,FALSE,TRUE,41
"2.2.2.2.2.3.2.2.2.2.2.2.2.2.2.2.2.2.2.4.2.1",0.284358268045037,FALSE,TRUE,41
"2.2.2.2.2.3.2.2.2.2.2.2.2.2.2.2.2.2.2.3.3.1",0.485928378588517,FALSE,TRUE,40
"1.2.2.2.2.3.2.2.2.2.2.2.2.2.2.2.2.2.2.3.2.1",0.411426408422491,FALSE,TRUE,38
"2.1.2.2.2.3.2.2.2.2.2.2.2.2.2.2.2.2.2.3.2.1",0.324096707452229,FALSE,TRUE,40
"2.2.1.2.2.3.2.2.2.2.2.2.2.2.2.2.2.2.2.3.2.1",0.398507573525895,FALSE,TRUE,40
"2.2.2.1.2.3.2.2.2.2.2.2.2.2.2.2.2.2.2.3.2.1",0.283824198900648,FALSE,TRUE,39
"2.2.2.2.1.3.2.2.2.2.2.2.2.2.2.2.2.2.2.3.2.1",0.463408556252373,FALSE,TRUE,40
"2.2.2.2.2.2.2.2.2.2.2.2.2.2.2.2.2.2.2.3.2.1",0.348144855726946,FALSE,TRUE,40
"2.2.2.2.2.3.1.2.2.2.2.2.2.2.2.2.2.2.2.3.2.1",0.256618629888755,FALSE,TRUE,40
"2.2.2.2.2.3.2.1.2.2.2.2.2.2.2.2.2.2.2.3.2.1",0.200691479640141,FALSE,TRUE,40
"2.2.2.2.2.3.2.2.1.2.2.2.2.2.2.2.2.2.2.3.2.1",0.23057330094828,FALSE,TRUE,40
"2.2.2.2.2.3.2.2.2.1.2.2.2.2.2.2.2.2.2.3.2.1",0.48673074879829,FALSE,TRUE,40
"2.2.2.2.2.3.2.2.2.2.1.2.2.2.2.2.2.2.2.3.2.1",0.279746330218755,FALSE,TRUE,40
"2.2.2.2.2.3.2.2.2.2.2.1.2.2.2.2.2.2.2.3.2.1",0.337568197354829,FALSE,TRUE,40
"2.2.2.2.2.3.2.2.2.2.2.2.1.2.2.2.2.2.2.3.2.1",0.344988535710724,FALSE,TRUE,40
"2.2.2.2.2.3.2.2.2.2.2.2.2.1.2.2.2.2.2.3.2.1",0.399489459987172,FALSE,TRUE,40
"2.2.2.2.2.3.2.2.2.2.2.2.2.2.1.2.2.2.2.3.2.1",0.351715118323954,FALSE,TRUE,40
"2.2.2.2.2.3.2.2.2.2.2.2.2.2.2.1.2.2.2.3.2.1",0.377460128446324,FALSE,TRUE,40
"2.2.2.2.2.3.2.2.2.2.2.2.2.2.2.2.1.2.2.3.2.1",0.370965389456346,FALSE,TRUE,40
"2.2.2.2.2.3.2.2.2.2.2.2.2.2.2.2.2.1.2.3.2.1",0.416884980270392,FALSE,TRUE,40
"2.2.2.2.2.3.2.2.2.2.2.2.2.2.2.2.2.2.1.3.2.1",0.333413000122383,FALSE,TRUE,40
"2.2.2.2.2.3.2.2.2.2.2.2.2.2.2.2.2.2.2.3.1.1",0.289455916275871,FALSE,TRUE,40
"3.2.2.2.2.3.2.2.2.2.2.2.2.2.2.2.2.2.2.2.4.2",0.551968226691015,FALSE,TRUE,41
"2.3.2.2.2.3.2.2.2.2.2.2.2.2.2.2.2.2.2.2.4.2",0.634536207739442,FALSE,TRUE,41
"2.2.3.2.2.3.2.2.2.2.2.2.2.2.2.2.2.2.2.2.4.2",0.592579754475284,FALSE,TRUE,41
"2.2.2.3.2.3.2.2.2.2.2.2.2.2.2.2.2.2.2.2.4.2",0.757773729719423,FALSE,TRUE,40
"2.2.2.2.3.3.2.2.2.2.2.2.2.2.2.2.2.2.2.2.4.2",0.616565526262968,FALSE,TRUE,41
"2.2.2.2.2.4.2.2.2.2.2.2.2.2.2.2.2.2.2.2.4.2",0.622420979535301,FALSE,TRUE,41
"2.2.2.2.2.3.3.2.2.2.2.2.2.2.2.2.2.2.2.2.4.2",0.711063069690008,FALSE,TRUE,41
"2.2.2.2.2.3.2.3.2.2.2.2.2.2.2.2.2.2.2.2.4.2",0.756565689188859,FALSE,TRUE,41
"2.2.2.2.2.3.2.2.3.2.2.2.2.2.2.2.2.2.2.2.4.2",0.726570619129288,FALSE,TRUE,41
"2.2.2.2.2.3.2.2.2.3.2.2.2.2.2.2.2.2.2.2.4.2",0.521103747704301,FALSE,TRUE,41
"2.2.2.2.2.3.2.2.2.2.3.2.2.2.2.2.2.2.2.2.4.2",0.662910933224728,FALSE,TRUE,41
"2.2.2.2.2.3.2.2.2.2.2.3.2.2.2.2.2.2.2.2.4.2",0.566613411818622,FALSE,TRUE,41
"2.2.2.2.2.3.2.2.2.2.2.2.3.2.2.2.2.2.2.2.4.2",0.732896129079699,FALSE,TRUE,41
"2.2.2.2.2.3.2.2.2.2.2.2.2.3.2.2.2.2.2.2.4.2",0.635948565352352,FALSE,TRUE,41
"2.2.2.2.2.3.2.2.2.2.2.2.2.2.3.2.2.2.2.2.4.2",0.660331983432622,FALSE,TRUE,41
"2.2.2.2.2.3.2.2.2.2.2.2.2.2.2.3.2.2.2.2.4.2",0.65907018308919,FALSE,TRUE,41
"2.2.2.2.2.3.2.2.2.2.2.2.2.2.2.2.3.2.2.2.4.2",0.63262555149856,FALSE,TRUE,41
"2.2.2.2.2.3.2.2.2.2.2.2.2.2.2.2.2.3.2.2.4.2",0.638384276450831,FALSE,TRUE,41
"2.2.2.2.2.3.2.2.2.2.2.2.2.2.2.2.2.2.3.2.4.2",0.630647199176744,FALSE,TRUE,41
"2.2.2.2.2.3.2.2.2.2.2.2.2.2.2.2.2.2.2.3.4.2",0.618675510248956,FALSE,TRUE,41
"2.2.2.2.2.3.2.2.2.2.2.2.2.2.2.2.2.2.2.2.4.3",0.709904458373796,FALSE,TRUE,41
"1.2.2.2.2.3.2.2.2.2.2.2.2.2.2.2.2.2.2.2.4.2",0.6803673467575,FALSE,TRUE,40
"2.1.2.2.2.3.2.2.2.2.2.2.2.2.2.2.2.2.2.2.4.2",0.569262628562022,FALSE,TRUE,40
"2.2.1.2.2.3.2.2.2.2.2.2.2.2.2.2.2.2.2.2.4.2",0.687986640517551,FALSE,TRUE,39
"2.2.2.1.2.3.2.2.2.2.2.2.2.2.2.2.2.2.2.2.4.2",0.498036933890491,FALSE,TRUE,40
"2.2.2.2.1.3.2.2.2.2.2.2.2.2.2.2.2.2.2.2.4.2",0.66234403986355,FALSE,TRUE,40
"2.2.2.2.2.2.2.2.2.2.2.2.2.2.2.2.2.2.2.2.4.2",0.628658782815387,FALSE,TRUE,41
"2.2.2.2.2.3.1.2.2.2.2.2.2.2.2.2.2.2.2.2.4.2",0.566517577766667,FALSE,TRUE,40
"2.2.2.2.2.3.2.1.2.2.2.2.2.2.2.2.2.2.2.2.4.2",0.509992080684688,FALSE,TRUE,40
"2.2.2.2.2.3.2.2.1.2.2.2.2.2.2.2.2.2.2.2.4.2",0.536378061036722,FALSE,TRUE,40
"2.2.2.2.2.3.2.2.2.1.2.2.2.2.2.2.2.2.2.2.4.2",0.741983426273597,FALSE,TRUE,40
"2.2.2.2.2.3.2.2.2.2.1.2.2.2.2.2.2.2.2.2.4.2",0.584469729180954,FALSE,TRUE,40
"2.2.2.2.2.3.2.2.2.2.2.1.2.2.2.2.2.2.2.2.4.2",0.678849367632045,FALSE,TRUE,40
"2.2.2.2.2.3.2.2.2.2.2.2.1.2.2.2.2.2.2.2.4.2",0.565187778775799,FALSE,TRUE,40
"2.2.2.2.2.3.2.2.2.2.2.2.2.1.2.2.2.2.2.2.4.2",0.621237154833672,FALSE,TRUE,40
"2.2.2.2.2.3.2.2.2.2.2.2.2.2.1.2.2.2.2.2.4.2",0.642420360317272,FALSE,TRUE,40
"2.2.2.2.2.3.2.2.2.2.2.2.2.2.2.1.2.2.2.2.4.2",0.598415330141,FALSE,TRUE,40
"2.2.2.2.2.3.2.2.2.2.2.2.2.2.2.2.1.2.2.2.4.2",0.597549146124123,FALSE,TRUE,40
"2.2.2.2.2.3.2.2.2.2.2.2.2.2.2.2.2.1.2.2.4.2",0.624082524426498,FALSE,TRUE,40
"2.2.2.2.2.3.2.2.2.2.2.2.2.2.2.2.2.2.1.2.4.2",0.642744490694206,FALSE,TRUE,40
"2.2.2.2.2.3.2.2.2.2.2.2.2.2.2.2.2.2.2.1.4.2",0.626537785556491,FALSE,TRUE,40
"2.2.2.2.2.3.2.2.2.2.2.2.2.2.2.2.2.2.2.2.4.1",0.593096639116837,FALSE,TRUE,40
"3.3.2.2.2.3.2.2.3.2.2.2.2.2.2.2.2.2.2.2.2.1",0.397495322324858,FALSE,TRUE,40
"2.4.2.2.2.3.2.2.3.2.2.2.2.2.2.2.2.2.2.2.2.1",0.524973696962059,FALSE,TRUE,39
"2.3.3.2.2.3.2.2.3.2.2.2.2.2.2.2.2.2.2.2.2.1",0.529975624434919,FALSE,TRUE,40
"2.3.2.3.2.3.2.2.3.2.2.2.2.2.2.2.2.2.2.2.2.1",0.616981524292048,FALSE,TRUE,40
"2.3.2.2.3.3.2.2.3.2.2.2.2.2.2.2.2.2.2.2.2.1",0.462328451055115,FALSE,TRUE,40
"2.3.2.2.2.4.2.2.3.2.2.2.2.2.2.2.2.2.2.2.2.1",0.579112300193126,FALSE,TRUE,40
"2.3.2.2.2.3.3.2.3.2.2.2.2.2.2.2.2.2.2.2.2.1",0.66023564124751,FALSE,TRUE,40
"2.3.2.2.2.3.2.3.3.2.2.2.2.2.2.2.2.2.2.2.2.1",0.682249908247708,FALSE,TRUE,40
"2.3.2.2.2.3.2.2.4.2.2.2.2.2.2.2.2.2.2.2.2.1",0.623074988039223,FALSE,TRUE,41
"2.3.2.2.2.3.2.2.3.3.2.2.2.2.2.2.2.2.2.2.2.1",0.504151897021601,FALSE,TRUE,39
"2.3.2.2.2.3.2.2.3.2.3.2.2.2.2.2.2.2.2.2.2.1",0.53945088550787,FALSE,TRUE,40
"2.3.2.2.2.3.2.2.3.2.2.3.2.2.2.2.2.2.2.2.2.1",0.501464666698023,FALSE,TRUE,40
"2.3.2.2.2.3.2.2.3.2.2.2.3.2.2.2.2.2.2.2.2.1",0.673519813280342,FALSE,TRUE,40
"2.3.2.2.2.3.2.2.3.2.2.2.2.3.2.2.2.2.2.2.2.1",0.55505819459826,FALSE,TRUE,40
"2.3.2.2.2.3.2.2.3.2.2.2.2.2.2.3.2.2.2.2.2.1",0.593061259873555,FALSE,TRUE,37
"2.3.2.2.2.3.2.2.3.2.2.2.2.2.2.2.3.2.2.2.2.1",0.5716278563991,FALSE,TRUE,38
"2.3.2.2.2.3.2.2.3.2.2.2.2.2.2.2.2.3.2.2.2.1",0.554184904448296,FALSE,TRUE,40
"2.3.2.2.2.3.2.2.3.2.2.2.2.2.2.2.2.2.3.2.2.1",0.589572794002189,FALSE,TRUE,40
"2.3.2.2.2.3.2.2.3.2.2.2.2.2.2.2.2.2.2.3.2.1",0.493962862595897,FALSE,TRUE,39
"2.3.2.2.2.3.2.2.3.2.2.2.2.2.2.2.2.2.2.2.3.1",0.632073935157023,FALSE,TRUE,40
"1.3.2.2.2.3.2.2.3.2.2.2.2.2.2.2.2.2.2.2.2.1",0.684182733070933,FALSE,TRUE,37
"2.2.2.2.2.3.2.2.3.2.2.2.2.2.2.2.2.2.2.2.2.1",0.598220245067471,FALSE,TRUE,36
"2.3.1.2.2.3.2.2.3.2.2.2.2.2.2.2.2.2.2.2.2.1",0.635214514641905,FALSE,TRUE,39
"2.3.2.1.2.3.2.2.3.2.2.2.2.2.2.2.2.2.2.2.2.1",0.507715093439265,FALSE,TRUE,39
"2.3.2.2.1.3.2.2.3.2.2.2.2.2.2.2.2.2.2.2.2.1",0.683264864384161,FALSE,TRUE,39
"2.3.2.2.2.2.2.2.3.2.2.2.2.2.2.2.2.2.2.2.2.1",0.561323983251231,FALSE,TRUE,40
"2.3.2.2.2.3.1.2.3.2.2.2.2.2.2.2.2.2.2.2.2.1",0.504794125888554,FALSE,TRUE,38
"2.3.2.2.2.3.2.1.3.2.2.2.2.2.2.2.2.2.2.2.2.1",0.455480458483345,FALSE,TRUE,39
"2.3.2.2.2.3.2.2.3.1.2.2.2.2.2.2.2.2.2.2.2.1",0.659173808940274,FALSE,TRUE,38
"2.3.2.2.2.3.2.2.3.2.1.2.2.2.2.2.2.2.2.2.2.1",0.565926447310659,FALSE,TRUE,39
"2.3.2.2.2.3.2.2.3.2.2.1.2.2.2.2.2.2.2.2.2.1",0.623906037916412,FALSE,TRUE,39
"2.3.2.2.2.3.2.2.3.2.2.2.1.2.2.2.2.2.2.2.2.1",0.504414720809631,FALSE,TRUE,39
"2.3.2.2.2.3.2.2.3.2.2.2.2.1.2.2.2.2.2.2.2.1",0.613681128309175,FALSE,TRUE,39
"2.3.2.2.2.3.2.2.3.2.2.2.2.2.1.2.2.2.2.2.2.1",0.568098424580843,FALSE,TRUE,40
"2.3.2.2.2.3.2.2.3.2.2.2.2.2.2.1.2.2.2.2.2.1",0.551511784894517,FALSE,TRUE,38
"2.3.2.2.2.3.2.2.3.2.2.2.2.2.2.2.1.2.2.2.2.1",0.538632116137466,FALSE,TRUE,39
"2.3.2.2.2.3.2.2.3.2.2.2.2.2.2.2.2.1.2.2.2.1",0.594596474895031,FALSE,TRUE,39
"2.3.2.2.2.3.2.2.3.2.2.2.2.2.2.2.2.2.1.2.2.1",0.570353076641951,FALSE,TRUE,39
"2.3.2.2.2.3.2.2.3.2.2.2.2.2.2.2.2.2.2.1.2.1",0.631143229444401,FALSE,TRUE,39
"2.3.2.2.2.3.2.2.3.2.2.2.2.2.2.2.2.2.2.2.1.1",0.539214877362888,FALSE,TRUE,39
"3.3.2.2.2.3.2.2.3.2.2.2.2.2.3.2.2.2.2.2.2.1",0.405399262412536,FALSE,TRUE,40
"2.4.2.2.2.3.2.2.3.2.2.2.2.2.3.2.2.2.2.2.2.1",0.532510070692825,FALSE,TRUE,40
"2.3.3.2.2.3.2.2.3.2.2.2.2.2.3.2.2.2.2.2.2.1",0.540406067904507,FALSE,TRUE,40
"2.3.2.3.2.3.2.2.3.2.2.2.2.2.3.2.2.2.2.2.2.1",0.616088109785135,FALSE,TRUE,40
"2.3.2.2.3.3.2.2.3.2.2.2.2.2.3.2.2.2.2.2.2.1",0.460100190214782,FALSE,TRUE,40
"2.3.2.2.2.4.2.2.3.2.2.2.2.2.3.2.2.2.2.2.2.1",0.600887859447486,FALSE,TRUE,40
"2.3.2.2.2.3.3.2.3.2.2.2.2.2.3.2.2.2.2.2.2.1",0.657968744222092,FALSE,TRUE,40
"2.3.2.2.2.3.2.3.3.2.2.2.2.2.3.2.2.2.2.2.2.1",0.669999344069228,FALSE,TRUE,40
"2.3.2.2.2.3.2.2.4.2.2.2.2.2.3.2.2.2.2.2.2.1",0.629416609437824,FALSE,TRUE,40
"2.3.2.2.2.3.2.2.3.3.2.2.2.2.3.2.2.2.2.2.2.1",0.525670383114862,FALSE,TRUE,40
"2.3.2.2.2.3.2.2.3.2.3.2.2.2.3.2.2.2.2.2.2.1",0.52910412771374,FALSE,TRUE,40
"2.3.2.2.2.3.2.2.3.2.2.3.2.2.3.2.2.2.2.2.2.1",0.511371194148473,FALSE,TRUE,40
"2.3.2.2.2.3.2.2.3.2.2.2.3.2.3.2.2.2.2.2.2.1",0.682131564088197,FALSE,TRUE,40
"2.3.2.2.2.3.2.2.3.2.2.2.2.3.3.2.2.2.2.2.2.1",0.566311864668957,FALSE,TRUE,40
"2.3.2.2.2.3.2.2.3.2.2.2.2.2.4.2.2.2.2.2.2.1",0.595306387362264,FALSE,TRUE,41
"2.3.2.2.2.3.2.2.3.2.2.2.2.2.3.3.2.2.2.2.2.1",0.611334656131602,FALSE,TRUE,40
"2.3.2.2.2.3.2.2.3.2.2.2.2.2.3.2.3.2.2.2.2.1",0.579818235725726,FALSE,TRUE,38
"2.3.2.2.2.3.2.2.3.2.2.2.2.2.3.2.2.3.2.2.2.1",0.574704940081706,FALSE,TRUE,40
"2.3.2.2.2.3.2.2.3.2.2.2.2.2.3.2.2.2.3.2.2.1",0.614124571907906,FALSE,TRUE,41
"2.3.2.2.2.3.2.2.3.2.2.2.2.2.3.2.2.2.2.3.2.1",0.50116539467221,FALSE,TRUE,40
"2.3.2.2.2.3.2.2.3.2.2.2.2.2.3.2.2.2.2.2.3.1",0.642635450224686,FALSE,TRUE,40
"2.3.2.2.2.3.2.2.3.2.2.2.2.2.3.2.2.2.2.2.2.2",0.673713633679515,FALSE,TRUE,40
"1.3.2.2.2.3.2.2.3.2.2.2.2.2.3.2.2.2.2.2.2.1",0.697315333837195,FALSE,TRUE,38
"2.2.2.2.2.3.2.2.3.2.2.2.2.2.3.2.2.2.2.2.2.1",0.608862170168355,FALSE,TRUE,38
"2.3.1.2.2.3.2.2.3.2.2.2.2.2.3.2.2.2.2.2.2.1",0.646888374895321,FALSE,TRUE,39
"2.3.2.1.2.3.2.2.3.2.2.2.2.2.3.2.2.2.2.2.2.1",0.527128111844662,FALSE,TRUE,39
"2.3.2.2.1.3.2.2.3.2.2.2.2.2.3.2.2.2.2.2.2.1",0.701894813148888,FALSE,TRUE,39
"2.3.2.2.2.2.2.2.3.2.2.2.2.2.3.2.2.2.2.2.2.1",0.553509813044587,FALSE,TRUE,40
"2.3.2.2.2.3.1.2.3.2.2.2.2.2.3.2.2.2.2.2.2.1",0.525552150291263,FALSE,TRUE,39
"2.3.2.2.2.3.2.1.3.2.2.2.2.2.3.2.2.2.2.2.2.1",0.486467404660626,FALSE,TRUE,39
"2.3.2.2.2.3.2.2.3.1.2.2.2.2.3.2.2.2.2.2.2.1",0.653778142257612,FALSE,TRUE,39
"2.3.2.2.2.3.2.2.3.2.1.2.2.2.3.2.2.2.2.2.2.1",0.598524296215821,FALSE,TRUE,39
"2.3.2.2.2.3.2.2.3.2.2.1.2.2.3.2.2.2.2.2.2.1",0.631816701214282,FALSE,TRUE,39
"2.3.2.2.2.3.2.2.3.2.2.2.1.2.3.2.2.2.2.2.2.1",0.511865187235994,FALSE,TRUE,39
"2.3.2.2.2.3.2.2.3.2.2.2.2.1.3.2.2.2.2.2.2.1",0.613445414011017,FALSE,TRUE,39
"2.3.2.2.2.3.2.2.3.2.2.2.2.2.3.1.2.2.2.2.2.1",0.549544729438095,FALSE,TRUE,39
"2.3.2.2.2.3.2.2.3.2.2.2.2.2.3.2.1.2.2.2.2.1",0.54629399558345,FALSE,TRUE,39
"2.3.2.2.2.3.2.2.3.2.2.2.2.2.3.2.2.1.2.2.2.1",0.589613011280966,FALSE,TRUE,39
"2.3.2.2.2.3.2.2.3.2.2.2.2.2.3.2.2.2.2.1.2.1",0.645727382192893,FALSE,TRUE,39
"2.3.2.2.2.3.2.2.3.2.2.2.2.2.3.2.2.2.2.2.1.1",0.54767628219506,FALSE,TRUE,39
"3.2.2.2.2.3.2.2.2.2.2.2.2.2.2.3.3.2.2.2.2.1",0.290865621745329,FALSE,TRUE,39
"2.3.2.2.2.3.2.2.2.2.2.2.2.2.2.3.3.2.2.2.2.1",0.433217448434854,FALSE,TRUE,37
"2.2.3.2.2.3.2.2.2.2.2.2.2.2.2.3.3.2.2.2.2.1",0.309897672141652,FALSE,TRUE,39
"2.2.2.3.2.3.2.2.2.2.2.2.2.2.2.3.3.2.2.2.2.1",0.43362692980975,FALSE,TRUE,39
"2.2.2.2.3.3.2.2.2.2.2.2.2.2.2.3.3.2.2.2.2.1",0.3358979356232,FALSE,TRUE,40
"2.2.2.2.2.4.2.2.2.2.2.2.2.2.2.3.3.2.2.2.2.1",0.342563069701757,FALSE,TRUE,39
"2.2.2.2.2.3.3.2.2.2.2.2.2.2.2.3.3.2.2.2.2.1",0.433722726971666,FALSE,TRUE,39
"2.2.2.2.2.3.2.3.2.2.2.2.2.2.2.3.3.2.2.2.2.1",0.474593792478653,FALSE,TRUE,39
"2.2.2.2.2.3.2.2.2.3.2.2.2.2.2.3.3.2.2.2.2.1",0.234795654274702,FALSE,TRUE,39
"2.2.2.2.2.3.2.2.2.2.3.2.2.2.2.3.3.2.2.2.2.1",0.395325805968495,FALSE,TRUE,39
"2.2.2.2.2.3.2.2.2.2.2.3.2.2.2.3.3.2.2.2.2.1",0.398104033673229,FALSE,TRUE,39
"2.2.2.2.2.3.2.2.2.2.2.2.3.2.2.3.3.2.2.2.2.1",0.345073247141677,FALSE,TRUE,39
"2.2.2.2.2.3.2.2.2.2.2.2.2.3.2.3.3.2.2.2.2.1",0.345425269427473,FALSE,TRUE,39
"2.2.2.2.2.3.2.2.2.2.2.2.2.2.3.3.3.2.2.2.2.1",0.371767551689755,FALSE,TRUE,39
"2.2.2.2.2.3.2.2.2.2.2.2.2.2.2.4.3.2.2.2.2.1",0.261259380320921,FALSE,TRUE,40
"2.2.2.2.2.3.2.2.2.2.2.2.2.2.2.3.4.2.2.2.2.1",0.279493781508213,FALSE,TRUE,39
"2.2.2.2.2.3.2.2.2.2.2.2.2.2.2.3.3.3.2.2.2.1",0.340912683800913,FALSE,TRUE,39
"2.2.2.2.2.3.2.2.2.2.2.2.2.2.2.3.3.2.3.2.2.1",0.431718694276233,FALSE,TRUE,39
"2.2.2.2.2.3.2.2.2.2.2.2.2.2.2.3.3.2.2.3.2.1",0.36204165860936,FALSE,TRUE,38
"2.2.2.2.2.3.2.2.2.2.2.2.2.2.2.3.3.2.2.2.3.1",0.460000691135987,FALSE,TRUE,39
"1.2.2.2.2.3.2.2.2.2.2.2.2.2.2.3.3.2.2.2.2.1",0.387847558218352,FALSE,TRUE,36
"2.1.2.2.2.3.2.2.2.2.2.2.2.2.2.3.3.2.2.2.2.1",0.235702107713937,FALSE,TRUE,38
"2.2.1.2.2.3.2.2.2.2.2.2.2.2.2.3.3.2.2.2.2.1",0.377751354123218,FALSE,TRUE,38
"2.2.2.1.2.3.2.2.2.2.2.2.2.2.2.3.3.2.2.2.2.1",0.248384349460644,FALSE,TRUE,38
"2.2.2.2.2.2.2.2.2.2.2.2.2.2.2.3.3.2.2.2.2.1",0.304391212560361,FALSE,TRUE,39
"2.2.2.2.2.3.1.2.2.2.2.2.2.2.2.3.3.2.2.2.2.1",0.243052802714749,FALSE,TRUE,38
"2.2.2.2.2.3.2.1.2.2.2.2.2.2.2.3.3.2.2.2.2.1",0.183855095648481,FALSE,TRUE,37
"2.2.2.2.2.3.2.2.1.2.2.2.2.2.2.3.3.2.2.2.2.1",0.173151603033558,FALSE,TRUE,39
"2.2.2.2.2.3.2.2.2.1.2.2.2.2.2.3.3.2.2.2.2.1",0.4814774955501,FALSE,TRUE,38
"2.2.2.2.2.3.2.2.2.2.1.2.2.2.2.3.3.2.2.2.2.1",0.257813525838577,FALSE,TRUE,38
"2.2.2.2.2.3.2.2.2.2.2.1.2.2.2.3.3.2.2.2.2.1",0.260361086603487,FALSE,TRUE,38
"2.2.2.2.2.3.2.2.2.2.2.2.1.2.2.3.3.2.2.2.2.1",0.340642663066182,FALSE,TRUE,38
"2.2.2.2.2.3.2.2.2.2.2.2.2.1.2.3.3.2.2.2.2.1",0.331034784645192,FALSE,TRUE,38
"2.2.2.2.2.3.2.2.2.2.2.2.2.2.1.3.3.2.2.2.2.1",0.323390362327159,FALSE,TRUE,38
"2.2.2.2.2.3.2.2.2.2.2.2.2.2.2.3.2.2.2.2.2.1",0.41894095168311,FALSE,TRUE,35
"2.2.2.2.2.3.2.2.2.2.2.2.2.2.2.3.3.1.2.2.2.1",0.325880793999382,FALSE,TRUE,38
"2.2.2.2.2.3.2.2.2.2.2.2.2.2.2.3.3.2.1.2.2.1",0.247127392722443,FALSE,TRUE,38
"2.2.2.2.2.3.2.2.2.2.2.2.2.2.2.3.3.2.2.1.2.1",0.328625433224495,FALSE,TRUE,38
"2.2.2.2.2.3.2.2.2.2.2.2.2.2.2.3.3.2.2.2.1.1",0.238869890500769,FALSE,TRUE,38
"3.3.2.2.2.3.2.2.2.1.2.2.2.2.2.2.2.2.2.2.2.2",0.547851569550818,FALSE,TRUE,40
"2.3.3.2.2.3.2.2.2.1.2.2.2.2.2.2.2.2.2.2.2.2",0.631847791142967,FALSE,TRUE,40
"2.3.2.3.2.3.2.2.2.1.2.2.2.2.2.2.2.2.2.2.2.2",0.704358897509297,FALSE,TRUE,40
"2.3.2.2.3.3.2.2.2.1.2.2.2.2.2.2.2.2.2.2.2.2",0.586591795007187,FALSE,TRUE,40
"2.3.2.2.2.4.2.2.2.1.2.2.2.2.2.2.2.2.2.2.2.2",0.632580432813053,FALSE,TRUE,40
"2.3.2.2.2.3.3.2.2.1.2.2.2.2.2.2.2.2.2.2.2.2",0.719123754331096,FALSE,TRUE,38
"2.3.2.2.2.3.2.3.2.1.2.2.2.2.2.2.2.2.2.2.2.2",0.72351488225602,FALSE,TRUE,40
"2.3.2.2.2.3.2.2.3.1.2.2.2.2.2.2.2.2.2.2.2.2",0.710984922627525,FALSE,TRUE,39
"2.3.2.2.2.3.2.2.2.1.3.2.2.2.2.2.2.2.2.2.2.2",0.649115748181139,FALSE,TRUE,40
"2.3.2.2.2.3.2.2.2.1.2.3.2.2.2.2.2.2.2.2.2.2",0.594323229154919,FALSE,TRUE,40
"2.3.2.2.2.3.2.2.2.1.2.2.3.2.2.2.2.2.2.2.2.2",0.718023204713088,FALSE,TRUE,40
"2.3.2.2.2.3.2.2.2.1.2.2.2.3.2.2.2.2.2.2.2.2",0.633270055724835,FALSE,TRUE,40
"2.3.2.2.2.3.2.2.2.1.2.2.2.2.3.2.2.2.2.2.2.2",0.651285248800465,FALSE,TRUE,40
"2.3.2.2.2.3.2.2.2.1.2.2.2.2.2.3.2.2.2.2.2.2",0.688749508104702,FALSE,TRUE,40
"2.3.2.2.2.3.2.2.2.1.2.2.2.2.2.2.3.2.2.2.2.2",0.633608087824421,FALSE,TRUE,39
"2.3.2.2.2.3.2.2.2.1.2.2.2.2.2.2.2.2.3.2.2.2",0.632178991057868,FALSE,TRUE,40
"2.3.2.2.2.3.2.2.2.1.2.2.2.2.2.2.2.2.2.3.2.2",0.573463340164395,FALSE,TRUE,39
"2.3.2.2.2.3.2.2.2.1.2.2.2.2.2.2.2.2.2.2.3.2",0.6774318117638,FALSE,TRUE,39
"2.3.2.2.2.3.2.2.2.1.2.2.2.2.2.2.2.2.2.2.2.3",0.69404061409969,FALSE,TRUE,39
"1.3.2.2.2.3.2.2.2.1.2.2.2.2.2.2.2.2.2.2.2.2",0.660030039424676,FALSE,TRUE,38
"2.3.1.2.2.3.2.2.2.1.2.2.2.2.2.2.2.2.2.2.2.2",0.652755251875479,FALSE,TRUE,39
"2.3.2.1.2.3.2.2.2.1.2.2.2.2.2.2.2.2.2.2.2.2",0.531712490149779,FALSE,TRUE,38
"2.3.2.2.1.3.2.2.2.1.2.2.2.2.2.2.2.2.2.2.2.2",0.688689629055966,FALSE,TRUE,39
"2.3.2.2.2.2.2.2.2.1.2.2.2.2.2.2.2.2.2.2.2.2",0.618183205086451,FALSE,TRUE,38
"2.3.2.2.2.3.1.2.2.1.2.2.2.2.2.2.2.2.2.2.2.2",0.559174090725145,FALSE,TRUE,39
"2.3.2.2.2.3.2.1.2.1.2.2.2.2.2.2.2.2.2.2.2.2",0.518093462545766,FALSE,TRUE,39
"2.3.2.2.2.3.2.2.1.1.2.2.2.2.2.2.2.2.2.2.2.2",0.549642121970777,FALSE,TRUE,39
"2.3.2.2.2.3.2.2.2.1.1.2.2.2.2.2.2.2.2.2.2.2",0.574494387460094,FALSE,TRUE,39
"2.3.2.2.2.3.2.2.2.1.2.1.2.2.2.2.2.2.2.2.2.2",0.646125472972343,FALSE,TRUE,39
"2.3.2.2.2.3.2.2.2.1.2.2.1.2.2.2.2.2.2.2.2.2",0.568938064003877,FALSE,TRUE,39
"2.3.2.2.2.3.2.2.2.1.2.2.2.1.2.2.2.2.2.2.2.2",0.653333272916711,FALSE,TRUE,39
"2.3.2.2.2.3.2.2.2.1.2.2.2.2.1.2.2.2.2.2.2.2",0.647801267518922,FALSE,TRUE,39
"2.3.2.2.2.3.2.2.2.1.2.2.2.2.2.1.2.2.2.2.2.2",0.566122287830691,FALSE,TRUE,39
"2.3.2.2.2.3.2.2.2.1.2.2.2.2.2.2.1.2.2.2.2.2",0.58522960799577,FALSE,TRUE,39
"2.3.2.2.2.3.2.2.2.1.2.2.2.2.2.2.2.1.2.2.2.2",0.637234972694166,FALSE,TRUE,40
"2.3.2.2.2.3.2.2.2.1.2.2.2.2.2.2.2.2.1.2.2.2",0.64600479162942,FALSE,TRUE,39
"2.3.2.2.2.3.2.2.2.1.2.2.2.2.2.2.2.2.2.1.2.2",0.663658638533846,FALSE,TRUE,39
"2.3.2.2.2.3.2.2.2.1.2.2.2.2.2.2.2.2.2.2.1.2",0.633856708198067,FALSE,TRUE,39
"3.2.1.3.2.2.2.2.2.2.2.2.2.2.2.2.2.2.2.2.2.2",0.466316085150174,FALSE,TRUE,41
"2.3.1.3.2.2.2.2.2.2.2.2.2.2.2.2.2.2.2.2.2.2",0.531117765844897,FALSE,TRUE,41
"2.2.1.4.2.2.2.2.2.2.2.2.2.2.2.2.2.2.2.2.2.2",0.515875160455441,FALSE,TRUE,42
"2.2.1.3.3.2.2.2.2.2.2.2.2.2.2.2.2.2.2.2.2.2",0.462742143534048,FALSE,TRUE,41
"2.2.1.3.2.3.2.2.2.2.2.2.2.2.2.2.2.2.2.2.2.2",0.647231341531802,FALSE,TRUE,39
"2.2.1.3.2.2.3.2.2.2.2.2.2.2.2.2.2.2.2.2.2.2",0.665375973140002,FALSE,TRUE,40
"2.2.1.3.2.2.2.3.2.2.2.2.2.2.2.2.2.2.2.2.2.2",0.68283909764806,FALSE,TRUE,41
"2.2.1.3.2.2.2.2.3.2.2.2.2.2.2.2.2.2.2.2.2.2",0.667488198240783,FALSE,TRUE,41
"2.2.1.3.2.2.2.2.2.3.2.2.2.2.2.2.2.2.2.2.2.2",0.44408096860307,FALSE,TRUE,41
"2.2.1.3.2.2.2.2.2.2.3.2.2.2.2.2.2.2.2.2.2.2",0.589001692744536,FALSE,TRUE,41
"2.2.1.3.2.2.2.2.2.2.2.3.2.2.2.2.2.2.2.2.2.2",0.594791500296738,FALSE,TRUE,41
"2.2.1.3.2.2.2.2.2.2.2.2.3.2.2.2.2.2.2.2.2.2",0.549872616867799,FALSE,TRUE,41
"2.2.1.3.2.2.2.2.2.2.2.2.2.3.2.2.2.2.2.2.2.2",0.553669755003101,FALSE,TRUE,41
"2.2.1.3.2.2.2.2.2.2.2.2.2.2.3.2.2.2.2.2.2.2",0.541500461641655,FALSE,TRUE,41
"2.2.1.3.2.2.2.2.2.2.2.2.2.2.2.3.2.2.2.2.2.2",0.489884068983231,FALSE,TRUE,41
"2.2.1.3.2.2.2.2.2.2.2.2.2.2.2.2.3.2.2.2.2.2",0.451532131022297,FALSE,TRUE,41
"2.2.1.3.2.2.2.2.2.2.2.2.2.2.2.2.2.3.2.2.2.2",0.577386761289135,FALSE,TRUE,41
"2.2.1.3.2.2.2.2.2.2.2.2.2.2.2.2.2.2.3.2.2.2",0.614637126480202,FALSE,TRUE,41
"2.2.1.3.2.2.2.2.2.2.2.2.2.2.2.2.2.2.2.3.2.2",0.401867064607673,FALSE,TRUE,41
"2.2.1.3.2.2.2.2.2.2.2.2.2.2.2.2.2.2.2.2.3.2",0.658090132488838,FALSE,TRUE,40
"2.2.1.3.2.2.2.2.2.2.2.2.2.2.2.2.2.2.2.2.2.3",0.604547472128068,FALSE,TRUE,41
"1.2.1.3.2.2.2.2.2.2.2.2.2.2.2.2.2.2.2.2.2.2",0.531705588576654,FALSE,TRUE,40
"2.1.1.3.2.2.2.2.2.2.2.2.2.2.2.2.2.2.2.2.2.2",0.469230591911028,FALSE,TRUE,40
"2.2.1.3.1.2.2.2.2.2.2.2.2.2.2.2.2.2.2.2.2.2",0.577094368773492,FALSE,TRUE,40
"2.2.1.3.2.1.2.2.2.2.2.2.2.2.2.2.2.2.2.2.2.2",0.372033931458487,FALSE,TRUE,40
"2.2.1.3.2.2.1.2.2.2.2.2.2.2.2.2.2.2.2.2.2.2",0.393019188444392,FALSE,TRUE,40
"2.2.1.3.2.2.2.1.2.2.2.2.2.2.2.2.2.2.2.2.2.2",0.352094743852875,FALSE,TRUE,40
"2.2.1.3.2.2.2.2.1.2.2.2.2.2.2.2.2.2.2.2.2.2",0.361797999628803,FALSE,TRUE,39
"2.2.1.3.2.2.2.2.2.1.2.2.2.2.2.2.2.2.2.2.2.2",0.613830761034851,FALSE,TRUE,40
"2.2.1.3.2.2.2.2.2.2.1.2.2.2.2.2.2.2.2.2.2.2",0.415175351444832,FALSE,TRUE,40
"2.2.1.3.2.2.2.2.2.2.2.1.2.2.2.2.2.2.2.2.2.2",0.42404023579201,FALSE,TRUE,40
"2.2.1.3.2.2.2.2.2.2.2.2.1.2.2.2.2.2.2.2.2.2",0.508782159207345,FALSE,TRUE,40
"2.2.1.3.2.2.2.2.2.2.2.2.2.1.2.2.2.2.2.2.2.2",0.497702511713083,FALSE,TRUE,40
"2.2.1.3.2.2.2.2.2.2.2.2.2.2.1.2.2.2.2.2.2.2",0.52668500885074,FALSE,TRUE,40
"2.2.1.3.2.2.2.2.2.2.2.2.2.2.2.1.2.2.2.2.2.2",0.551563646946518,FALSE,TRUE,39
"2.2.1.3.2.2.2.2.2.2.2.2.2.2.2.2.1.2.2.2.2.2",0.582262283446419,FALSE,TRUE,40
"2.2.1.3.2.2.2.2.2.2.2.2.2.2.2.2.2.1.2.2.2.2",0.461023737127972,FALSE,TRUE,40
"2.2.1.3.2.2.2.2.2.2.2.2.2.2.2.2.2.2.1.2.2.2",0.436809857659088,FALSE,TRUE,40
"2.2.1.3.2.2.2.2.2.2.2.2.2.2.2.2.2.2.2.1.2.2",0.624713207881344,FALSE,TRUE,40
"2.2.1.3.2.2.2.2.2.2.2.2.2.2.2.2.2.2.2.2.1.2",0.395198062435036,FALSE,TRUE,40
"2.2.1.3.2.2.2.2.2.2.2.2.2.2.2.2.2.2.2.2.2.1",0.476942810831127,FALSE,TRUE,40
"3.2.2.2.2.2.3.2.2.2.2.3.2.2.2.2.2.2.2.2.2.2",0.432613063182359,FALSE,TRUE,40
"2.3.2.2.2.2.3.2.2.2.2.3.2.2.2.2.2.2.2.2.2.2",0.590798451374193,FALSE,TRUE,39
"2.2.3.2.2.2.3.2.2.2.2.3.2.2.2.2.2.2.2.2.2.2",0.493994511469442,FALSE,TRUE,37
"2.2.2.3.2.2.3.2.2.2.2.3.2.2.2.2.2.2.2.2.2.2",0.627555923928176,FALSE,TRUE,39
"2.2.2.2.3.2.3.2.2.2.2.3.2.2.2.2.2.2.2.2.2.2",0.499667696849871,FALSE,TRUE,39
"2.2.2.2.2.3.3.2.2.2.2.3.2.2.2.2.2.2.2.2.2.2",0.638137903770829,FALSE,TRUE,38
"2.2.2.2.2.2.4.2.2.2.2.3.2.2.2.2.2.2.2.2.2.2",0.6415857459253,FALSE,TRUE,39
"2.2.2.2.2.2.3.3.2.2.2.3.2.2.2.2.2.2.2.2.2.2",0.708266498183071,FALSE,TRUE,39
"2.2.2.2.2.2.3.2.3.2.2.3.2.2.2.2.2.2.2.2.2.2",0.644510125363129,FALSE,TRUE,39
"2.2.2.2.2.2.3.2.2.3.2.3.2.2.2.2.2.2.2.2.2.2",0.448451958816587,FALSE,TRUE,39
"2.2.2.2.2.2.3.2.2.2.3.3.2.2.2.2.2.2.2.2.2.2",0.570652287379407,FALSE,TRUE,39
"2.2.2.2.2.2.3.2.2.2.2.4.2.2.2.2.2.2.2.2.2.2",0.528042939231694,FALSE,TRUE,40
"2.2.2.2.2.2.3.2.2.2.2.3.3.2.2.2.2.2.2.2.2.2",0.664695497398622,FALSE,TRUE,40
"2.2.2.2.2.2.3.2.2.2.2.3.2.3.2.2.2.2.2.2.2.2",0.603434461707124,FALSE,TRUE,39
"2.2.2.2.2.2.3.2.2.2.2.3.2.2.3.2.2.2.2.2.2.2",0.581141148011438,FALSE,TRUE,39
"2.2.2.2.2.2.3.2.2.2.2.3.2.2.2.3.2.2.2.2.2.2",0.558280265593438,FALSE,TRUE,39
"2.2.2.2.2.2.3.2.2.2.2.3.2.2.2.2.3.2.2.2.2.2",0.561409263871527,FALSE,TRUE,39
"2.2.2.2.2.2.3.2.2.2.2.3.2.2.2.2.2.3.2.2.2.2",0.620305612129407,FALSE,TRUE,39
"2.2.2.2.2.2.3.2.2.2.2.3.2.2.2.2.2.2.3.2.2.2",0.633961559060465,FALSE,TRUE,39
"2.2.2.2.2.2.3.2.2.2.2.3.2.2.2.2.2.2.2.3.2.2",0.5406017246513,FALSE,TRUE,39
"2.2.2.2.2.2.3.2.2.2.2.3.2.2.2.2.2.2.2.2.3.2",0.619354096781627,FALSE,TRUE,39
"2.2.2.2.2.2.3.2.2.2.2.3.2.2.2.2.2.2.2.2.2.3",0.676506382981802,FALSE,TRUE,40
"2.1.2.2.2.2.3.2.2.2.2.3.2.2.2.2.2.2.2.2.2.2",0.49632722551927,FALSE,TRUE,38
"2.2.1.2.2.2.3.2.2.2.2.3.2.2.2.2.2.2.2.2.2.2",0.671543205435411,FALSE,TRUE,37
"2.2.2.1.2.2.3.2.2.2.2.3.2.2.2.2.2.2.2.2.2.2",0.513982132261962,FALSE,TRUE,37
"2.2.2.2.1.2.3.2.2.2.2.3.2.2.2.2.2.2.2.2.2.2",0.645215944672237,FALSE,TRUE,38
"2.2.2.2.2.1.3.2.2.2.2.3.2.2.2.2.2.2.2.2.2.2",0.492849743333542,FALSE,TRUE,38
"2.2.2.2.2.2.3.1.2.2.2.3.2.2.2.2.2.2.2.2.2.2",0.46144774872852,FALSE,TRUE,38
"2.2.2.2.2.2.3.2.1.2.2.3.2.2.2.2.2.2.2.2.2.2",0.495181402269796,FALSE,TRUE,38
"2.2.2.2.2.2.3.2.2.1.2.3.2.2.2.2.2.2.2.2.2.2",0.721030566573414,FALSE,TRUE,36
"2.2.2.2.2.2.3.2.2.2.1.3.2.2.2.2.2.2.2.2.2.2",0.543997487951791,FALSE,TRUE,38
"2.2.2.2.2.2.3.2.2.2.2.3.2.1.2.2.2.2.2.2.2.2",0.556353801713121,FALSE,TRUE,38
"2.2.2.2.2.2.3.2.2.2.2.3.2.2.1.2.2.2.2.2.2.2",0.603648515578134,FALSE,TRUE,38
"2.2.2.2.2.2.3.2.2.2.2.3.2.2.2.1.2.2.2.2.2.2",0.601045729667398,FALSE,TRUE,38
"2.2.2.2.2.2.3.2.2.2.2.3.2.2.2.2.1.2.2.2.2.2",0.588909740567433,FALSE,TRUE,38
"2.2.2.2.2.2.3.2.2.2.2.3.2.2.2.2.2.1.2.2.2.2",0.535878720130707,FALSE,TRUE,38
"2.2.2.2.2.2.3.2.2.2.2.3.2.2.2.2.2.2.1.2.2.2",0.52824879204594,FALSE,TRUE,38
"2.2.2.2.2.2.3.2.2.2.2.3.2.2.2.2.2.2.2.1.2.2",0.60487088358015,FALSE,TRUE,38
"2.2.2.2.2.2.3.2.2.2.2.3.2.2.2.2.2.2.2.2.1.2",0.529675589249883,FALSE,TRUE,38
"3.2.2.2.2.3.2.2.1.2.2.2.2.2.2.2.2.2.2.3.2.2",0.261376998373234,FALSE,TRUE,41
"2.3.2.2.2.3.2.2.1.2.2.2.2.2.2.2.2.2.2.3.2.2",0.383466051776405,FALSE,TRUE,40
"2.2.3.2.2.3.2.2.1.2.2.2.2.2.2.2.2.2.2.3.2.2",0.306901356332544,FALSE,TRUE,41
"2.2.2.3.2.3.2.2.1.2.2.2.2.2.2.2.2.2.2.3.2.2",0.404079194946359,FALSE,TRUE,41
"2.2.2.2.3.3.2.2.1.2.2.2.2.2.2.2.2.2.2.3.2.2",0.278242571247989,FALSE,TRUE,41
"2.2.2.2.2.4.2.2.1.2.2.2.2.2.2.2.2.2.2.3.2.2",0.34568775382429,FALSE,TRUE,41
"2.2.2.2.2.3.3.2.1.2.2.2.2.2.2.2.2.2.2.3.2.2",0.455617368191603,FALSE,TRUE,41
"2.2.2.2.2.3.2.3.1.2.2.2.2.2.2.2.2.2.2.3.2.2",0.495488057487018,FALSE,TRUE,41
"2.2.2.2.2.3.2.2.1.3.2.2.2.2.2.2.2.2.2.3.2.2",0.195321592528767,FALSE,TRUE,41
"2.2.2.2.2.3.2.2.1.2.3.2.2.2.2.2.2.2.2.3.2.2",0.429595243378684,FALSE,TRUE,41
"2.2.2.2.2.3.2.2.1.2.2.3.2.2.2.2.2.2.2.3.2.2",0.354574549003424,FALSE,TRUE,41
"2.2.2.2.2.3.2.2.1.2.2.2.3.2.2.2.2.2.2.3.2.2",0.347750586303517,FALSE,TRUE,41
"2.2.2.2.2.3.2.2.1.2.2.2.2.3.2.2.2.2.2.3.2.2",0.308533016644278,FALSE,TRUE,41
"2.2.2.2.2.3.2.2.1.2.2.2.2.2.3.2.2.2.2.3.2.2",0.356423621552595,FALSE,TRUE,41
"2.2.2.2.2.3.2.2.1.2.2.2.2.2.2.3.2.2.2.3.2.2",0.293917270102571,FALSE,TRUE,41
"2.2.2.2.2.3.2.2.1.2.2.2.2.2.2.2.3.2.2.3.2.2",0.271374857577082,FALSE,TRUE,40
"2.2.2.2.2.3.2.2.1.2.2.2.2.2.2.2.2.3.2.3.2.2",0.307072818586598,FALSE,TRUE,41
"2.2.2.2.2.3.2.2.1.2.2.2.2.2.2.2.2.2.3.3.2.2",0.372204283010297,FALSE,TRUE,41
"2.2.2.2.2.3.2.2.1.2.2.2.2.2.2.2.2.2.2.4.2.2",0.234423585727186,FALSE,TRUE,41
"2.2.2.2.2.3.2.2.1.2.2.2.2.2.2.2.2.2.2.3.3.2",0.436759204661285,FALSE,TRUE,40
"2.2.2.2.2.3.2.2.1.2.2.2.2.2.2.2.2.2.2.3.2.3",0.41294802793958,FALSE,TRUE,41
"1.2.2.2.2.3.2.2.1.2.2.2.2.2.2.2.2.2.2.3.2.2",0.338508146061251,FALSE,TRUE,40
"2.1.2.2.2.3.2.2.1.2.2.2.2.2.2.2.2.2.2.3.2.2",0.240237171952071,FALSE,TRUE,40
"2.2.1.2.2.3.2.2.1.2.2.2.2.2.2.2.2.2.2.3.2.2",0.313416837913657,FALSE,TRUE,40
"2.2.2.1.2.3.2.2.1.2.2.2.2.2.2.2.2.2.2.3.2.2",0.217797142377948,FALSE,TRUE,39
"2.2.2.2.1.3.2.2.1.2.2.2.2.2.2.2.2.2.2.3.2.2",0.362240468396306,FALSE,TRUE,40
"2.2.2.2.2.2.2.2.1.2.2.2.2.2.2.2.2.2.2.3.2.2",0.257978993473652,FALSE,TRUE,40
"2.2.2.2.2.3.1.2.1.2.2.2.2.2.2.2.2.2.2.3.2.2",0.174696655157555,FALSE,TRUE,40
"2.2.2.2.2.3.2.1.1.2.2.2.2.2.2.2.2.2.2.3.2.2",0.110859047619035,FALSE,TRUE,40
"2.2.2.2.2.3.2.2.1.1.2.2.2.2.2.2.2.2.2.3.2.2",0.437115977047012,FALSE,TRUE,40
"2.2.2.2.2.3.2.2.1.2.1.2.2.2.2.2.2.2.2.3.2.2",0.181305101767443,FALSE,TRUE,40
"2.2.2.2.2.3.2.2.1.2.2.1.2.2.2.2.2.2.2.3.2.2",0.230754089777298,FALSE,TRUE,40
"2.2.2.2.2.3.2.2.1.2.2.2.1.2.2.2.2.2.2.3.2.2",0.290963245894614,FALSE,TRUE,40
"2.2.2.2.2.3.2.2.1.2.2.2.2.1.2.2.2.2.2.3.2.2",0.31810617809688,FALSE,TRUE,40
"2.2.2.2.2.3.2.2.1.2.2.2.2.2.1.2.2.2.2.3.2.2",0.276952718627144,FALSE,TRUE,40
"2.2.2.2.2.3.2.2.1.2.2.2.2.2.2.1.2.2.2.3.2.2",0.331100347134813,FALSE,TRUE,40
"2.2.2.2.2.3.2.2.1.2.2.2.2.2.2.2.1.2.2.3.2.2",0.344917805407405,FALSE,TRUE,40
"2.2.2.2.2.3.2.2.1.2.2.2.2.2.2.2.2.1.2.3.2.2",0.32264764034017,FALSE,TRUE,40
"2.2.2.2.2.3.2.2.1.2.2.2.2.2.2.2.2.2.1.3.2.2",0.250738229705102,FALSE,TRUE,40
"2.2.2.2.2.3.2.2.1.2.2.2.2.2.2.2.2.2.2.3.1.2",0.205545630195641,FALSE,TRUE,40
"1.4.2.2.2.3.2.2.2.2.2.2.2.2.2.2.2.2.2.2.2.1",0.574821734743151,FALSE,TRUE,37
"1.3.3.2.2.3.2.2.2.2.2.2.2.2.2.2.2.2.2.2.2.1",0.548148087223694,FALSE,TRUE,38
"1.3.2.3.2.3.2.2.2.2.2.2.2.2.2.2.2.2.2.2.2.1",0.653875513054225,FALSE,TRUE,38
"1.3.2.2.3.3.2.2.2.2.2.2.2.2.2.2.2.2.2.2.2.1",0.492269898043486,FALSE,TRUE,38
"1.3.2.2.2.4.2.2.2.2.2.2.2.2.2.2.2.2.2.2.2.1",0.541382708743863,FALSE,TRUE,38
"1.3.2.2.2.3.3.2.2.2.2.2.2.2.2.2.2.2.2.2.2.1",0.686573247689654,FALSE,TRUE,38
"1.3.2.2.2.3.2.3.2.2.2.2.2.2.2.2.2.2.2.2.2.1",0.685240071336208,FALSE,TRUE,38
"1.3.2.2.2.3.2.2.2.2.3.2.2.2.2.2.2.2.2.2.2.1",0.615209655489737,FALSE,TRUE,38
"1.3.2.2.2.3.2.2.2.2.2.3.2.2.2.2.2.2.2.2.2.1",0.569108425076173,FALSE,TRUE,38
"1.3.2.2.2.3.2.2.2.2.2.2.3.2.2.2.2.2.2.2.2.1",0.589734154044968,FALSE,TRUE,38
"1.3.2.2.2.3.2.2.2.2.2.2.2.3.2.2.2.2.2.2.2.1",0.551402665713395,FALSE,TRUE,38
"1.3.2.2.2.3.2.2.2.2.2.2.2.2.3.2.2.2.2.2.2.1",0.587177688535162,FALSE,TRUE,37
"1.3.2.2.2.3.2.2.2.2.2.2.2.2.2.2.3.2.2.2.2.1",0.550359523070378,FALSE,TRUE,37
"1.3.2.2.2.3.2.2.2.2.2.2.2.2.2.2.2.3.2.2.2.1",0.501771958839539,FALSE,TRUE,38
"1.3.2.2.2.3.2.2.2.2.2.2.2.2.2.2.2.2.3.2.2.1",0.585569723700274,FALSE,TRUE,38
"1.3.2.2.2.3.2.2.2.2.2.2.2.2.2.2.2.2.2.3.2.1",0.455510387735357,FALSE,TRUE,37
"1.3.2.2.2.3.2.2.2.2.2.2.2.2.2.2.2.2.2.2.3.1",0.639660363748551,FALSE,TRUE,38
"1.2.2.2.2.3.2.2.2.2.2.2.2.2.2.2.2.2.2.2.2.1",0.49003158143964,FALSE,TRUE,35
"1.3.1.2.2.3.2.2.2.2.2.2.2.2.2.2.2.2.2.2.2.1",0.530380611904876,FALSE,TRUE,37
"1.3.2.1.2.3.2.2.2.2.2.2.2.2.2.2.2.2.2.2.2.1",0.405044750002898,FALSE,TRUE,37
"1.3.2.2.1.3.2.2.2.2.2.2.2.2.2.2.2.2.2.2.2.1",0.60332090117914,FALSE,TRUE,37
"1.3.2.2.2.2.2.2.2.2.2.2.2.2.2.2.2.2.2.2.2.1",0.520169949331448,FALSE,TRUE,38
"1.3.2.2.2.3.1.2.2.2.2.2.2.2.2.2.2.2.2.2.2.1",0.401177290999359,FALSE,TRUE,36
"1.3.2.2.2.3.2.1.2.2.2.2.2.2.2.2.2.2.2.2.2.1",0.369048061365041,FALSE,TRUE,37
"1.3.2.2.2.3.2.2.1.2.2.2.2.2.2.2.2.2.2.2.2.1",0.390290425927882,FALSE,TRUE,37
"1.3.2.2.2.3.2.2.2.1.2.2.2.2.2.2.2.2.2.2.2.1",0.612681301365901,FALSE,TRUE,37
"1.3.2.2.2.3.2.2.2.2.1.2.2.2.2.2.2.2.2.2.2.1",0.437301592843965,FALSE,TRUE,37
"1.3.2.2.2.3.2.2.2.2.2.1.2.2.2.2.2.2.2.2.2.1",0.474693080293404,FALSE,TRUE,37
"1.3.2.2.2.3.2.2.2.2.2.2.1.2.2.2.2.2.2.2.2.1",0.504121874061831,FALSE,TRUE,37
"1.3.2.2.2.3.2.2.2.2.2.2.2.1.2.2.2.2.2.2.2.1",0.533767303018734,FALSE,TRUE,37
"1.3.2.2.2.3.2.2.2.2.2.2.2.2.1.2.2.2.2.2.2.1",0.513816162060408,FALSE,TRUE,37
"1.3.2.2.2.3.2.2.2.2.2.2.2.2.2.1.2.2.2.2.2.1",0.513157644535861,FALSE,TRUE,37
"1.3.2.2.2.3.2.2.2.2.2.2.2.2.2.2.1.2.2.2.2.1",0.482647977870676,FALSE,TRUE,37
"1.3.2.2.2.3.2.2.2.2.2.2.2.2.2.2.2.1.2.2.2.1",0.572597798234611,FALSE,TRUE,37
"1.3.2.2.2.3.2.2.2.2.2.2.2.2.2.2.2.2.1.2.2.1",0.497411802098944,FALSE,TRUE,37
"1.3.2.2.2.3.2.2.2.2.2.2.2.2.2.2.2.2.2.1.2.1",0.588848389789924,FALSE,TRUE,37
"1.3.2.2.2.3.2.2.2.2.2.2.2.2.2.2.2.2.2.2.1.1",0.457799094452684,FALSE,TRUE,37
"3.2.2.2.2.3.2.1.2.2.3.2.2.2.2.2.3.2.2.2.2.2",0.314477961134311,FALSE,TRUE,41
"2.3.2.2.2.3.2.1.2.2.3.2.2.2.2.2.3.2.2.2.2.2",0.448008978657686,FALSE,TRUE,41
"2.2.3.2.2.3.2.1.2.2.3.2.2.2.2.2.3.2.2.2.2.2",0.351466255991778,FALSE,TRUE,41
"2.2.2.3.2.3.2.1.2.2.3.2.2.2.2.2.3.2.2.2.2.2",0.478280082314467,FALSE,TRUE,41
"2.2.2.2.3.3.2.1.2.2.3.2.2.2.2.2.3.2.2.2.2.2",0.357953284853825,FALSE,TRUE,41
"2.2.2.2.2.4.2.1.2.2.3.2.2.2.2.2.3.2.2.2.2.2",0.430480422454227,FALSE,TRUE,41
"2.2.2.2.2.3.3.1.2.2.3.2.2.2.2.2.3.2.2.2.2.2",0.504861259959333,FALSE,TRUE,41
"2.2.2.2.2.3.2.1.3.2.3.2.2.2.2.2.3.2.2.2.2.2",0.544442053892081,FALSE,TRUE,41
"2.2.2.2.2.3.2.1.2.3.3.2.2.2.2.2.3.2.2.2.2.2",0.295854705224562,FALSE,TRUE,41
"2.2.2.2.2.3.2.1.2.2.4.2.2.2.2.2.3.2.2.2.2.2",0.438468641324237,FALSE,TRUE,42
"2.2.2.2.2.3.2.1.2.2.3.3.2.2.2.2.3.2.2.2.2.2",0.41328881672373,FALSE,TRUE,41
"2.2.2.2.2.3.2.1.2.2.3.2.3.2.2.2.3.2.2.2.2.2",0.448894674376706,FALSE,TRUE,41
"2.2.2.2.2.3.2.1.2.2.3.2.2.3.2.2.3.2.2.2.2.2",0.423530480198729,FALSE,TRUE,41
"2.2.2.2.2.3.2.1.2.2.3.2.2.2.3.2.3.2.2.2.2.2",0.431431570732056,FALSE,TRUE,41
"2.2.2.2.2.3.2.1.2.2.3.2.2.2.2.3.3.2.2.2.2.2",0.350618649922664,FALSE,TRUE,41
"2.2.2.2.2.3.2.1.2.2.3.2.2.2.2.2.4.2.2.2.2.2",0.368363000968077,FALSE,TRUE,41
"2.2.2.2.2.3.2.1.2.2.3.2.2.2.2.2.3.3.2.2.2.2",0.418128758166952,FALSE,TRUE,41
"2.2.2.2.2.3.2.1.2.2.3.2.2.2.2.2.3.2.3.2.2.2",0.467564129296922,FALSE,TRUE,41
"2.2.2.2.2.3.2.1.2.2.3.2.2.2.2.2.3.2.2.3.2.2",0.379455783146289,FALSE,TRUE,41
"2.2.2.2.2.3.2.1.2.2.3.2.2.2.2.2.3.2.2.2.3.2",0.501879572742014,FALSE,TRUE,41
"2.2.2.2.2.3.2.1.2.2.3.2.2.2.2.2.3.2.2.2.2.3",0.497937457128133,FALSE,TRUE,41
"1.2.2.2.2.3.2.1.2.2.3.2.2.2.2.2.3.2.2.2.2.2",0.479655005239385,FALSE,TRUE,40
"2.1.2.2.2.3.2.1.2.2.3.2.2.2.2.2.3.2.2.2.2.2",0.323756300709349,FALSE,TRUE,40
"2.2.1.2.2.3.2.1.2.2.3.2.2.2.2.2.3.2.2.2.2.2",0.451746036939303,FALSE,TRUE,40
"2.2.2.1.2.3.2.1.2.2.3.2.2.2.2.2.3.2.2.2.2.2",0.293920273242075,FALSE,TRUE,40
"2.2.2.2.1.3.2.1.2.2.3.2.2.2.2.2.3.2.2.2.2.2",0.442183496083695,FALSE,TRUE,39
"2.2.2.2.2.2.2.1.2.2.3.2.2.2.2.2.3.2.2.2.2.2",0.359297720303353,FALSE,TRUE,41
"2.2.2.2.2.3.1.1.2.2.3.2.2.2.2.2.3.2.2.2.2.2",0.305756160548922,FALSE,TRUE,40
"2.2.2.2.2.3.2.1.1.2.3.2.2.2.2.2.3.2.2.2.2.2",0.261206288820698,FALSE,TRUE,40
"2.2.2.2.2.3.2.1.2.1.3.2.2.2.2.2.3.2.2.2.2.2",0.549972685977677,FALSE,TRUE,40
"2.2.2.2.2.3.2.1.2.2.3.1.2.2.2.2.3.2.2.2.2.2",0.359469114030631,FALSE,TRUE,40
"2.2.2.2.2.3.2.1.2.2.3.2.1.2.2.2.3.2.2.2.2.2",0.369038558095343,FALSE,TRUE,40
"2.2.2.2.2.3.2.1.2.2.3.2.2.1.2.2.3.2.2.2.2.2",0.402637315710771,FALSE,TRUE,40
"2.2.2.2.2.3.2.1.2.2.3.2.2.2.1.2.3.2.2.2.2.2",0.385477618241381,FALSE,TRUE,40
"2.2.2.2.2.3.2.1.2.2.3.2.2.2.2.1.3.2.2.2.2.2",0.439426944647712,FALSE,TRUE,40
"2.2.2.2.2.3.2.1.2.2.3.2.2.2.2.2.2.2.2.2.2.2",0.442645305275328,FALSE,TRUE,40
"2.2.2.2.2.3.2.1.2.2.3.2.2.2.2.2.3.1.2.2.2.2",0.390389103256285,FALSE,TRUE,40
"2.2.2.2.2.3.2.1.2.2.3.2.2.2.2.2.3.2.1.2.2.2",0.330704959625268,FALSE,TRUE,40
"2.2.2.2.2.3.2.1.2.2.3.2.2.2.2.2.3.2.2.1.2.2",0.40673784583737,FALSE,TRUE,40
"2.2.2.2.2.3.2.1.2.2.3.2.2.2.2.2.3.2.2.2.1.2",0.315815608337616,FALSE,TRUE,40
"2.2.2.2.2.3.2.1.2.2.3.2.2.2.2.2.3.2.2.2.2.1",0.33066303182843,FALSE,TRUE,39
"3.2.1.2.2.2.2.2.2.2.2.2.2.2.2.1.2.2.2.2.2.2",0.442793757809263,FALSE,TRUE,39
"2.3.1.2.2.2.2.2.2.2.2.2.2.2.2.1.2.2.2.2.2.2",0.472585639408584,FALSE,TRUE,37
"2.2.1.2.3.2.2.2.2.2.2.2.2.2.2.1.2.2.2.2.2.2",0.428256067467882,FALSE,TRUE,39
"2.2.1.2.2.3.2.2.2.2.2.2.2.2.2.1.2.2.2.2.2.2",0.530479407408137,FALSE,TRUE,36
"2.2.1.2.2.2.3.2.2.2.2.2.2.2.2.1.2.2.2.2.2.2",0.643004741079678,FALSE,TRUE,38
"2.2.1.2.2.2.2.3.2.2.2.2.2.2.2.1.2.2.2.2.2.2",0.652136220270844,FALSE,TRUE,39
"2.2.1.2.2.2.2.2.3.2.2.2.2.2.2.1.2.2.2.2.2.2",0.64324681302803,FALSE,TRUE,40
"2.2.1.2.2.2.2.2.2.3.2.2.2.2.2.1.2.2.2.2.2.2",0.410656303454718,FALSE,TRUE,39
"2.2.1.2.2.2.2.2.2.2.3.2.2.2.2.1.2.2.2.2.2.2",0.544726557595286,FALSE,TRUE,39
"2.2.1.2.2.2.2.2.2.2.2.3.2.2.2.1.2.2.2.2.2.2",0.501621561352902,FALSE,TRUE,39
"2.2.1.2.2.2.2.2.2.2.2.2.3.2.2.1.2.2.2.2.2.2",0.543124362665842,FALSE,TRUE,39
"2.2.1.2.2.2.2.2.2.2.2.2.2.3.2.1.2.2.2.2.2.2",0.48821347023742,FALSE,TRUE,39
"2.2.1.2.2.2.2.2.2.2.2.2.2.2.3.1.2.2.2.2.2.2",0.502379968256406,FALSE,TRUE,39
"2.2.1.2.2.2.2.2.2.2.2.2.2.2.2.1.3.2.2.2.2.2",0.460051637561171,FALSE,TRUE,39
"2.2.1.2.2.2.2.2.2.2.2.2.2.2.2.1.2.3.2.2.2.2",0.500528903103848,FALSE,TRUE,39
"2.2.1.2.2.2.2.2.2.2.2.2.2.2.2.1.2.2.3.2.2.2",0.521015776702552,FALSE,TRUE,39
"2.2.1.2.2.2.2.2.2.2.2.2.2.2.2.1.2.2.2.3.2.2",0.382673797245512,FALSE,TRUE,39
"2.2.1.2.2.2.2.2.2.2.2.2.2.2.2.1.2.2.2.2.3.2",0.572429641064167,FALSE,TRUE,38
"2.2.1.2.2.2.2.2.2.2.2.2.2.2.2.1.2.2.2.2.2.3",0.542928160497216,FALSE,TRUE,39
"1.2.1.2.2.2.2.2.2.2.2.2.2.2.2.1.2.2.2.2.2.2",0.45948909406766,FALSE,TRUE,38
"2.1.1.2.2.2.2.2.2.2.2.2.2.2.2.1.2.2.2.2.2.2",0.44953845201304,FALSE,TRUE,38
"2.2.1.1.2.2.2.2.2.2.2.2.2.2.2.1.2.2.2.2.2.2",0.382272871143121,FALSE,TRUE,38
"2.2.1.2.1.2.2.2.2.2.2.2.2.2.2.1.2.2.2.2.2.2",0.526941781169925,FALSE,TRUE,38
"2.2.1.2.2.1.2.2.2.2.2.2.2.2.2.1.2.2.2.2.2.2",0.399062992856482,FALSE,TRUE,38
"2.2.1.2.2.2.1.2.2.2.2.2.2.2.2.1.2.2.2.2.2.2",0.320550572772315,FALSE,TRUE,38
"2.2.1.2.2.2.2.1.2.2.2.2.2.2.2.1.2.2.2.2.2.2",0.298009072241364,FALSE,TRUE,38
"2.2.1.2.2.2.2.2.2.1.2.2.2.2.2.1.2.2.2.2.2.2",0.541471248034513,FALSE,TRUE,38
"2.2.1.2.2.2.2.2.2.2.1.2.2.2.2.1.2.2.2.2.2.2",0.37648023250813,FALSE,TRUE,38
"2.2.1.2.2.2.2.2.2.2.2.1.2.2.2.1.2.2.2.2.2.2",0.410879179460576,FALSE,TRUE,38
"2.2.1.2.2.2.2.2.2.2.2.2.1.2.2.1.2.2.2.2.2.2",0.435000028149708,FALSE,TRUE,38
"2.2.1.2.2.2.2.2.2.2.2.2.2.1.2.1.2.2.2.2.2.2",0.469373636848403,FALSE,TRUE,38
"2.2.1.2.2.2.2.2.2.2.2.2.2.2.1.1.2.2.2.2.2.2",0.467132216842144,FALSE,TRUE,38
"2.2.1.2.2.2.2.2.2.2.2.2.2.2.2.1.1.2.2.2.2.2",0.468108640842976,FALSE,TRUE,38
"2.2.1.2.2.2.2.2.2.2.2.2.2.2.2.1.2.1.2.2.2.2",0.458677594857716,FALSE,TRUE,38
"2.2.1.2.2.2.2.2.2.2.2.2.2.2.2.1.2.2.1.2.2.2",0.434357677529678,FALSE,TRUE,38
"2.2.1.2.2.2.2.2.2.2.2.2.2.2.2.1.2.2.2.1.2.2",0.537581300649031,FALSE,TRUE,38
"2.2.1.2.2.2.2.2.2.2.2.2.2.2.2.1.2.2.2.2.1.2",0.385502735346347,FALSE,TRUE,38
"2.2.1.2.2.2.2.2.2.2.2.2.2.2.2.1.2.2.2.2.2.1",0.431966059301777,FALSE,TRUE,38
"3.3.2.2.2.3.2.2.2.1.2.2.2.2.2.2.2.3.2.2.2.2",0.554952105200194,FALSE,TRUE,41
"2.4.2.2.2.3.2.2.2.1.2.2.2.2.2.2.2.3.2.2.2.2",0.625670148896186,FALSE,TRUE,40
"2.3.3.2.2.3.2.2.2.1.2.2.2.2.2.2.2.3.2.2.2.2",0.584417133699779,FALSE,TRUE,41
"2.3.2.3.2.3.2.2.2.1.2.2.2.2.2.2.2.3.2.2.2.2",0.690718086677018,FALSE,TRUE,41
"2.3.2.2.3.3.2.2.2.1.2.2.2.2.2.2.2.3.2.2.2.2",0.563523190929783,FALSE,TRUE,41
"2.3.2.2.2.4.2.2.2.1.2.2.2.2.2.2.2.3.2.2.2.2",0.549784023516435,FALSE,TRUE,41
"2.3.2.2.2.3.3.2.2.1.2.2.2.2.2.2.2.3.2.2.2.2",0.662695511212433,FALSE,TRUE,41
"2.3.2.2.2.3.2.3.2.1.2.2.2.2.2.2.2.3.2.2.2.2",0.658353318900337,FALSE,TRUE,41
"2.3.2.2.2.3.2.2.3.1.2.2.2.2.2.2.2.3.2.2.2.2",0.66661140430443,FALSE,TRUE,41
"2.3.2.2.2.3.2.2.2.1.3.2.2.2.2.2.2.3.2.2.2.2",0.660376924883726,FALSE,TRUE,41
"2.3.2.2.2.3.2.2.2.1.2.3.2.2.2.2.2.3.2.2.2.2",0.56800424334871,FALSE,TRUE,41
"2.3.2.2.2.3.2.2.2.1.2.2.3.2.2.2.2.3.2.2.2.2",0.653584323620555,FALSE,TRUE,41
"2.3.2.2.2.3.2.2.2.1.2.2.2.3.2.2.2.3.2.2.2.2",0.575824833311821,FALSE,TRUE,41
"2.3.2.2.2.3.2.2.2.1.2.2.2.2.3.2.2.3.2.2.2.2",0.630028634742402,FALSE,TRUE,41
"2.3.2.2.2.3.2.2.2.1.2.2.2.2.2.3.2.3.2.2.2.2",0.674607362397978,FALSE,TRUE,41
"2.3.2.2.2.3.2.2.2.1.2.2.2.2.2.2.3.3.2.2.2.2",0.629009603502023,FALSE,TRUE,41
"2.3.2.2.2.3.2.2.2.1.2.2.2.2.2.2.2.4.2.2.2.2",0.533534993109537,FALSE,TRUE,42
"2.3.2.2.2.3.2.2.2.1.2.2.2.2.2.2.2.3.3.2.2.2",0.585801415139027,FALSE,TRUE,41
"2.3.2.2.2.3.2.2.2.1.2.2.2.2.2.2.2.3.2.3.2.2",0.533209400829205,FALSE,TRUE,41
"2.3.2.2.2.3.2.2.2.1.2.2.2.2.2.2.2.3.2.2.3.2",0.632219796789104,FALSE,TRUE,41
"2.3.2.2.2.3.2.2.2.1.2.2.2.2.2.2.2.3.2.2.2.3",0.673432140536689,FALSE,TRUE,41
"1.3.2.2.2.3.2.2.2.1.2.2.2.2.2.2.2.3.2.2.2.2",0.596170069937246,FALSE,TRUE,40
"2.2.2.2.2.3.2.2.2.1.2.2.2.2.2.2.2.3.2.2.2.2",0.582728331598936,FALSE,TRUE,40
"2.3.1.2.2.3.2.2.2.1.2.2.2.2.2.2.2.3.2.2.2.2",0.635139025047157,FALSE,TRUE,40
"2.3.2.1.2.3.2.2.2.1.2.2.2.2.2.2.2.3.2.2.2.2",0.479036174909858,FALSE,TRUE,40
"2.3.2.2.1.3.2.2.2.1.2.2.2.2.2.2.2.3.2.2.2.2",0.65588634957031,FALSE,TRUE,40
"2.3.2.2.2.2.2.2.2.1.2.2.2.2.2.2.2.3.2.2.2.2",0.63280893283537,FALSE,TRUE,41
"2.3.2.2.2.3.1.2.2.1.2.2.2.2.2.2.2.3.2.2.2.2",0.549629783231813,FALSE,TRUE,39
"2.3.2.2.2.3.2.1.2.1.2.2.2.2.2.2.2.3.2.2.2.2",0.503922751246307,FALSE,TRUE,40
"2.3.2.2.2.3.2.2.1.1.2.2.2.2.2.2.2.3.2.2.2.2",0.536464842612811,FALSE,TRUE,40
"2.3.2.2.2.3.2.2.2.1.1.2.2.2.2.2.2.3.2.2.2.2",0.508016963535586,FALSE,TRUE,40
"2.3.2.2.2.3.2.2.2.1.2.1.2.2.2.2.2.3.2.2.2.2",0.615868550549193,FALSE,TRUE,40
"2.3.2.2.2.3.2.2.2.1.2.2.1.2.2.2.2.3.2.2.2.2",0.55153217920714,FALSE,TRUE,40
"2.3.2.2.2.3.2.2.2.1.2.2.2.1.2.2.2.3.2.2.2.2",0.638056354229854,FALSE,TRUE,40
"2.3.2.2.2.3.2.2.2.1.2.2.2.2.1.2.2.3.2.2.2.2",0.606003303585205,FALSE,TRUE,40
"2.3.2.2.2.3.2.2.2.1.2.2.2.2.2.1.2.3.2.2.2.2",0.512629214451408,FALSE,TRUE,39
"2.3.2.2.2.3.2.2.2.1.2.2.2.2.2.2.1.3.2.2.2.2",0.52307804212308,FALSE,TRUE,40
"2.3.2.2.2.3.2.2.2.1.2.2.2.2.2.2.2.3.1.2.2.2",0.631641141264543,FALSE,TRUE,40
"2.3.2.2.2.3.2.2.2.1.2.2.2.2.2.2.2.3.2.1.2.2",0.638063361815211,FALSE,TRUE,40
"2.3.2.2.2.3.2.2.2.1.2.2.2.2.2.2.2.3.2.2.1.2",0.621282045160996,FALSE,TRUE,40
"2.3.2.2.2.3.2.2.2.1.2.2.2.2.2.2.2.3.2.2.2.1",0.563869602679529,FALSE,TRUE,39
"3.2.2.2.2.2.3.2.2.2.2.3.2.2.2.2.2.2.2.2.2.1",0.345305698117174,FALSE,TRUE,41
"2.3.2.2.2.2.3.2.2.2.2.3.2.2.2.2.2.2.2.2.2.1",0.51930226701113,FALSE,TRUE,41
"2.2.3.2.2.2.3.2.2.2.2.3.2.2.2.2.2.2.2.2.2.1",0.408786717601625,FALSE,TRUE,41
"2.2.2.3.2.2.3.2.2.2.2.3.2.2.2.2.2.2.2.2.2.1",0.560467071257279,FALSE,TRUE,41
"2.2.2.2.3.2.3.2.2.2.2.3.2.2.2.2.2.2.2.2.2.1",0.404864711528892,FALSE,TRUE,41
"2.2.2.2.2.3.3.2.2.2.2.3.2.2.2.2.2.2.2.2.2.1",0.545742941401041,FALSE,TRUE,41
"2.2.2.2.2.2.4.2.2.2.2.3.2.2.2.2.2.2.2.2.2.1",0.570830182474539,FALSE,TRUE,41
"2.2.2.2.2.2.3.3.2.2.2.3.2.2.2.2.2.2.2.2.2.1",0.64046117307507,FALSE,TRUE,41
"2.2.2.2.2.2.3.2.3.2.2.3.2.2.2.2.2.2.2.2.2.1",0.571039667407245,FALSE,TRUE,41
"2.2.2.2.2.2.3.2.2.3.2.3.2.2.2.2.2.2.2.2.2.1",0.358217192947941,FALSE,TRUE,41
"2.2.2.2.2.2.3.2.2.2.3.3.2.2.2.2.2.2.2.2.2.1",0.505500354193569,FALSE,TRUE,41
"2.2.2.2.2.2.3.2.2.2.2.4.2.2.2.2.2.2.2.2.2.1",0.446354597444549,FALSE,TRUE,41
"2.2.2.2.2.2.3.2.2.2.2.3.3.2.2.2.2.2.2.2.2.1",0.581560679809736,FALSE,TRUE,41
"2.2.2.2.2.2.3.2.2.2.2.3.2.3.2.2.2.2.2.2.2.1",0.511044009145517,FALSE,TRUE,41
"2.2.2.2.2.2.3.2.2.2.2.3.2.2.3.2.2.2.2.2.2.1",0.504995728440151,FALSE,TRUE,41
"2.2.2.2.2.2.3.2.2.2.2.3.2.2.2.3.2.2.2.2.2.1",0.482757763817033,FALSE,TRUE,41
"2.2.2.2.2.2.3.2.2.2.2.3.2.2.2.2.3.2.2.2.2.1",0.491975597484659,FALSE,TRUE,41
"2.2.2.2.2.2.3.2.2.2.2.3.2.2.2.2.2.3.2.2.2.1",0.516139389257075,FALSE,TRUE,41
"2.2.2.2.2.2.3.2.2.2.2.3.2.2.2.2.2.2.3.2.2.1",0.550976475812438,FALSE,TRUE,40
"2.2.2.2.2.2.3.2.2.2.2.3.2.2.2.2.2.2.2.3.2.1",0.454243998585014,FALSE,TRUE,41
"2.2.2.2.2.2.3.2.2.2.2.3.2.2.2.2.2.2.2.2.3.1",0.546896167322393,FALSE,TRUE,41
"1.2.2.2.2.2.3.2.2.2.2.3.2.2.2.2.2.2.2.2.2.1",0.601953364045547,FALSE,TRUE,40
"2.1.2.2.2.2.3.2.2.2.2.3.2.2.2.2.2.2.2.2.2.1",0.406133132696934,FALSE,TRUE,40
"2.2.1.2.2.2.3.2.2.2.2.3.2.2.2.2.2.2.2.2.2.1",0.592650106884566,FALSE,TRUE,40
"2.2.2.1.2.2.3.2.2.2.2.3.2.2.2.2.2.2.2.2.2.1",0.422228365865102,FALSE,TRUE,40
"2.2.2.2.1.2.3.2.2.2.2.3.2.2.2.2.2.2.2.2.2.1",0.574087044031355,FALSE,TRUE,40
"2.2.2.2.2.1.3.2.2.2.2.3.2.2.2.2.2.2.2.2.2.1",0.427031701913728,FALSE,TRUE,40
"2.2.2.2.2.2.2.2.2.2.2.3.2.2.2.2.2.2.2.2.2.1",0.440031539816547,FALSE,TRUE,40
"2.2.2.2.2.2.3.1.2.2.2.3.2.2.2.2.2.2.2.2.2.1",0.365450862893092,FALSE,TRUE,40
"2.2.2.2.2.2.3.2.1.2.2.3.2.2.2.2.2.2.2.2.2.1",0.400484605534648,FALSE,TRUE,40
"2.2.2.2.2.2.3.2.2.1.2.3.2.2.2.2.2.2.2.2.2.1",0.646572654745931,FALSE,TRUE,39
"2.2.2.2.2.2.3.2.2.2.1.3.2.2.2.2.2.2.2.2.2.1",0.450719514695008,FALSE,TRUE,40
"2.2.2.2.2.2.3.2.2.2.2.3.1.2.2.2.2.2.2.2.2.1",0.447257134276176,FALSE,TRUE,39
"2.2.2.2.2.2.3.2.2.2.2.3.2.1.2.2.2.2.2.2.2.1",0.487342822299978,FALSE,TRUE,40
"2.2.2.2.2.2.3.2.2.2.2.3.2.2.1.2.2.2.2.2.2.1",0.509789957632242,FALSE,TRUE,40
"2.2.2.2.2.2.3.2.2.2.2.3.2.2.2.1.2.2.2.2.2.1",0.516720398310521,FALSE,TRUE,39
"2.2.2.2.2.2.3.2.2.2.2.3.2.2.2.2.1.2.2.2.2.1",0.501496556120475,FALSE,TRUE,40
"2.2.2.2.2.2.3.2.2.2.2.3.2.2.2.2.2.1.2.2.2.1",0.474200451903817,FALSE,TRUE,40
"2.2.2.2.2.2.3.2.2.2.2.3.2.2.2.2.2.2.1.2.2.1",0.444528508844003,FALSE,TRUE,40
"2.2.2.2.2.2.3.2.2.2.2.3.2.2.2.2.2.2.2.1.2.1",0.530719395868242,FALSE,TRUE,40
"2.2.2.2.2.2.3.2.2.2.2.3.2.2.2.2.2.2.2.2.1.1",0.436391400878519,FALSE,TRUE,40
"3.4.2.2.2.3.2.2.2.2.2.2.2.2.2.2.2.2.2.2.2.3",0.419808288031291,FALSE,TRUE,42
"2.5.2.2.2.3.2.2.2.2.2.2.2.2.2.2.2.2.2.2.2.3",0.459200831039416,FALSE,TRUE,42
"2.4.3.2.2.3.2.2.2.2.2.2.2.2.2.2.2.2.2.2.2.3",0.572351512573494,FALSE,TRUE,42
"2.4.2.3.2.3.2.2.2.2.2.2.2.2.2.2.2.2.2.2.2.3",0.593846438733676,FALSE,TRUE,42
"2.4.2.2.3.3.2.2.2.2.2.2.2.2.2.2.2.2.2.2.2.3",0.515018129981602,FALSE,TRUE,42
"2.4.2.2.2.4.2.2.2.2.2.2.2.2.2.2.2.2.2.2.2.3",0.56157754110023,FALSE,TRUE,42
"2.4.2.2.2.3.3.2.2.2.2.2.2.2.2.2.2.2.2.2.2.3",0.62838117175511,FALSE,TRUE,42
"2.4.2.2.2.3.2.3.2.2.2.2.2.2.2.2.2.2.2.2.2.3",0.649244270936277,FALSE,TRUE,42
"2.4.2.2.2.3.2.2.3.2.2.2.2.2.2.2.2.2.2.2.2.3",0.602035155545769,FALSE,TRUE,42
"2.4.2.2.2.3.2.2.2.3.2.2.2.2.2.2.2.2.2.2.2.3",0.533358551141343,FALSE,TRUE,42
"2.4.2.2.2.3.2.2.2.2.3.2.2.2.2.2.2.2.2.2.2.3",0.513737203108278,FALSE,TRUE,42
"2.4.2.2.2.3.2.2.2.2.2.3.2.2.2.2.2.2.2.2.2.3",0.459566320909498,FALSE,TRUE,42
"2.4.2.2.2.3.2.2.2.2.2.2.3.2.2.2.2.2.2.2.2.3",0.681692128284907,FALSE,TRUE,42
"2.4.2.2.2.3.2.2.2.2.2.2.2.3.2.2.2.2.2.2.2.3",0.545846646245435,FALSE,TRUE,42
"2.4.2.2.2.3.2.2.2.2.2.2.2.2.3.2.2.2.2.2.2.3",0.571473739323748,FALSE,TRUE,42
"2.4.2.2.2.3.2.2.2.2.2.2.2.2.2.3.2.2.2.2.2.3",0.616158006796426,FALSE,TRUE,42
"2.4.2.2.2.3.2.2.2.2.2.2.2.2.2.2.3.2.2.2.2.3",0.533460976417157,FALSE,TRUE,42
"2.4.2.2.2.3.2.2.2.2.2.2.2.2.2.2.2.3.2.2.2.3",0.605910217542726,FALSE,TRUE,42
"2.4.2.2.2.3.2.2.2.2.2.2.2.2.2.2.2.2.3.2.2.3",0.50925222121145,FALSE,TRUE,42
"2.4.2.2.2.3.2.2.2.2.2.2.2.2.2.2.2.2.2.3.2.3",0.523206036479592,FALSE,TRUE,42
"2.4.2.2.2.3.2.2.2.2.2.2.2.2.2.2.2.2.2.2.3.3",0.557486245447087,FALSE,TRUE,42
"2.4.2.2.2.3.2.2.2.2.2.2.2.2.2.2.2.2.2.2.2.4",0.589659354926652,FALSE,TRUE,43
"1.4.2.2.2.3.2.2.2.2.2.2.2.2.2.2.2.2.2.2.2.3",0.638866678291898,FALSE,TRUE,41
"2.4.1.2.2.3.2.2.2.2.2.2.2.2.2.2.2.2.2.2.2.3",0.555742897262668,FALSE,TRUE,41
"2.4.2.1.2.3.2.2.2.2.2.2.2.2.2.2.2.2.2.2.2.3",0.491120959025559,FALSE,TRUE,41
"2.4.2.2.1.3.2.2.2.2.2.2.2.2.2.2.2.2.2.2.2.3",0.594289886800014,FALSE,TRUE,41
"2.4.2.2.2.2.2.2.2.2.2.2.2.2.2.2.2.2.2.2.2.3",0.540988425896349,FALSE,TRUE,42
"2.4.2.2.2.3.1.2.2.2.2.2.2.2.2.2.2.2.2.2.2.3",0.490131834023441,FALSE,TRUE,40
"2.4.2.2.2.3.2.1.2.2.2.2.2.2.2.2.2.2.2.2.2.3",0.454979613247901,FALSE,TRUE,41
"2.4.2.2.2.3.2.2.1.2.2.2.2.2.2.2.2.2.2.2.2.3",0.499291753232167,FALSE,TRUE,41
"2.4.2.2.2.3.2.2.2.1.2.2.2.2.2.2.2.2.2.2.2.3",0.610002871125001,FALSE,TRUE,40
"2.4.2.2.2.3.2.2.2.2.1.2.2.2.2.2.2.2.2.2.2.3",0.546169038101424,FALSE,TRUE,41
"2.4.2.2.2.3.2.2.2.2.2.1.2.2.2.2.2.2.2.2.2.3",0.622301852846936,FALSE,TRUE,41
"2.4.2.2.2.3.2.2.2.2.2.2.1.2.2.2.2.2.2.2.2.3",0.466746997634234,FALSE,TRUE,41
"2.4.2.2.2.3.2.2.2.2.2.2.2.1.2.2.2.2.2.2.2.3",0.595391619670082,FALSE,TRUE,41
"2.4.2.2.2.3.2.2.2.2.2.2.2.2.1.2.2.2.2.2.2.3",0.566239861375524,FALSE,TRUE,41
"2.4.2.2.2.3.2.2.2.2.2.2.2.2.2.1.2.2.2.2.2.3",0.486621439852958,FALSE,TRUE,40
"2.4.2.2.2.3.2.2.2.2.2.2.2.2.2.2.1.2.2.2.2.3",0.540456825520779,FALSE,TRUE,41
"2.4.2.2.2.3.2.2.2.2.2.2.2.2.2.2.2.1.2.2.2.3",0.519161078930585,FALSE,TRUE,41
"2.4.2.2.2.3.2.2.2.2.2.2.2.2.2.2.2.2.1.2.2.3",0.610383661208886,FALSE,TRUE,41
"2.4.2.2.2.3.2.2.2.2.2.2.2.2.2.2.2.2.2.1.2.3",0.56037530629491,FALSE,TRUE,41
"2.4.2.2.2.3.2.2.2.2.2.2.2.2.2.2.2.2.2.2.1.3",0.591419223797605,FALSE,TRUE,41
"3.2.1.2.2.2.2.2.1.2.2.2.2.2.2.1.2.2.2.2.2.2",0.291164688816075,FALSE,TRUE,39
"2.3.1.2.2.2.2.2.1.2.2.2.2.2.2.1.2.2.2.2.2.2",0.311143162089809,FALSE,TRUE,39
"2.2.2.2.2.2.2.2.1.2.2.2.2.2.2.1.2.2.2.2.2.2",0.356232397512541,FALSE,TRUE,39
"2.2.1.3.2.2.2.2.1.2.2.2.2.2.2.1.2.2.2.2.2.2",0.377573487244816,FALSE,TRUE,38
"2.2.1.2.3.2.2.2.1.2.2.2.2.2.2.1.2.2.2.2.2.2",0.282735291607493,FALSE,TRUE,39
"2.2.1.2.2.3.2.2.1.2.2.2.2.2.2.1.2.2.2.2.2.2",0.346863733362811,FALSE,TRUE,39
"2.2.1.2.2.2.3.2.1.2.2.2.2.2.2.1.2.2.2.2.2.2",0.466007776740971,FALSE,TRUE,39
"2.2.1.2.2.2.2.3.1.2.2.2.2.2.2.1.2.2.2.2.2.2",0.488692927582225,FALSE,TRUE,39
"2.2.1.2.2.2.2.2.1.3.2.2.2.2.2.1.2.2.2.2.2.2",0.211990745519431,FALSE,TRUE,39
"2.2.1.2.2.2.2.2.1.2.3.2.2.2.2.1.2.2.2.2.2.2",0.390897305382011,FALSE,TRUE,39
"2.2.1.2.2.2.2.2.1.2.2.3.2.2.2.1.2.2.2.2.2.2",0.340721229958367,FALSE,TRUE,39
"2.2.1.2.2.2.2.2.1.2.2.2.3.2.2.1.2.2.2.2.2.2",0.338894439162927,FALSE,TRUE,39
"2.2.1.2.2.2.2.2.1.2.2.2.2.3.2.1.2.2.2.2.2.2",0.30769365809031,FALSE,TRUE,39
"2.2.1.2.2.2.2.2.1.2.2.2.2.2.3.1.2.2.2.2.2.2",0.32762845238674,FALSE,TRUE,39
"2.2.1.2.2.2.2.2.1.2.2.2.2.2.2.1.3.2.2.2.2.2",0.256065908905714,FALSE,TRUE,39
"2.2.1.2.2.2.2.2.1.2.2.2.2.2.2.1.2.3.2.2.2.2",0.332230825033401,FALSE,TRUE,39
"2.2.1.2.2.2.2.2.1.2.2.2.2.2.2.1.2.2.3.2.2.2",0.332449866108943,FALSE,TRUE,39
"2.2.1.2.2.2.2.2.1.2.2.2.2.2.2.1.2.2.2.3.2.2",0.228437520891785,FALSE,TRUE,39
"2.2.1.2.2.2.2.2.1.2.2.2.2.2.2.1.2.2.2.2.3.2",0.396670946739178,FALSE,TRUE,39
"2.2.1.2.2.2.2.2.1.2.2.2.2.2.2.1.2.2.2.2.2.3",0.341347152135707,FALSE,TRUE,39
"1.2.1.2.2.2.2.2.1.2.2.2.2.2.2.1.2.2.2.2.2.2",0.27380566960378,FALSE,TRUE,38
"2.1.1.2.2.2.2.2.1.2.2.2.2.2.2.1.2.2.2.2.2.2",0.254316361543714,FALSE,TRUE,38
"2.2.1.1.2.2.2.2.1.2.2.2.2.2.2.1.2.2.2.2.2.2",0.187545265105448,FALSE,TRUE,38
"2.2.1.2.1.2.2.2.1.2.2.2.2.2.2.1.2.2.2.2.2.2",0.307610274250041,FALSE,TRUE,38
"2.2.1.2.2.1.2.2.1.2.2.2.2.2.2.1.2.2.2.2.2.2",0.216695243535565,FALSE,TRUE,38
"2.2.1.2.2.2.1.2.1.2.2.2.2.2.2.1.2.2.2.2.2.2",0.121364294711939,FALSE,TRUE,38
"2.2.1.2.2.2.2.1.1.2.2.2.2.2.2.1.2.2.2.2.2.2",0.0920325161493288,FALSE,TRUE,38
"2.2.1.2.2.2.2.2.1.1.2.2.2.2.2.1.2.2.2.2.2.2",0.371219186417082,FALSE,TRUE,38
"2.2.1.2.2.2.2.2.1.2.1.2.2.2.2.1.2.2.2.2.2.2",0.176402833660059,FALSE,TRUE,38
"2.2.1.2.2.2.2.2.1.2.2.1.2.2.2.1.2.2.2.2.2.2",0.199365323986234,FALSE,TRUE,38
"2.2.1.2.2.2.2.2.1.2.2.2.1.2.2.1.2.2.2.2.2.2",0.256829554370016,FALSE,TRUE,38
"2.2.1.2.2.2.2.2.1.2.2.2.2.1.2.1.2.2.2.2.2.2",0.275525397790731,FALSE,TRUE,38
"2.2.1.2.2.2.2.2.1.2.2.2.2.2.1.1.2.2.2.2.2.2",0.257996654470771,FALSE,TRUE,38
"2.2.1.2.2.2.2.2.1.2.2.2.2.2.2.1.1.2.2.2.2.2",0.31533219460203,FALSE,TRUE,38
"2.2.1.2.2.2.2.2.1.2.2.2.2.2.2.1.2.1.2.2.2.2",0.261358132388497,FALSE,TRUE,38
"2.2.1.2.2.2.2.2.1.2.2.2.2.2.2.1.2.2.1.2.2.2",0.241224764253377,FALSE,TRUE,38
"2.2.1.2.2.2.2.2.1.2.2.2.2.2.2.1.2.2.2.1.2.2",0.316900679452578,FALSE,TRUE,38
"2.2.1.2.2.2.2.2.1.2.2.2.2.2.2.1.2.2.2.2.1.2",0.189513236610382,FALSE,TRUE,38
"2.2.1.2.2.2.2.2.1.2.2.2.2.2.2.1.2.2.2.2.2.1",0.245932735586014,FALSE,TRUE,38
"1.4.2.2.2.3.2.2.2.3.2.2.2.2.2.2.2.2.2.2.2.1",0.504561193050539,FALSE,TRUE,40
"1.3.3.2.2.3.2.2.2.3.2.2.2.2.2.2.2.2.2.2.2.1",0.428705651017085,FALSE,TRUE,40
"1.3.2.3.2.3.2.2.2.3.2.2.2.2.2.2.2.2.2.2.2.1",0.566496872651254,FALSE,TRUE,40
"1.3.2.2.3.3.2.2.2.3.2.2.2.2.2.2.2.2.2.2.2.1",0.399297468349893,FALSE,TRUE,40
"1.3.2.2.2.4.2.2.2.3.2.2.2.2.2.2.2.2.2.2.2.1",0.453546094816044,FALSE,TRUE,40
"1.3.2.2.2.3.3.2.2.3.2.2.2.2.2.2.2.2.2.2.2.1",0.592777738737204,FALSE,TRUE,40
"1.3.2.2.2.3.2.3.2.3.2.2.2.2.2.2.2.2.2.2.2.1",0.630911159557997,FALSE,TRUE,40
"1.3.2.2.2.3.2.2.3.3.2.2.2.2.2.2.2.2.2.2.2.1",0.615145499322235,FALSE,TRUE,39
"1.3.2.2.2.3.2.2.2.4.2.2.2.2.2.2.2.2.2.2.2.1",0.324936973445535,FALSE,TRUE,41
"1.3.2.2.2.3.2.2.2.3.3.2.2.2.2.2.2.2.2.2.2.1",0.54192480531952,FALSE,TRUE,40
"1.3.2.2.2.3.2.2.2.3.2.3.2.2.2.2.2.2.2.2.2.1",0.471838918461826,FALSE,TRUE,40
"1.3.2.2.2.3.2.2.2.3.2.2.3.2.2.2.2.2.2.2.2.1",0.495768951428552,FALSE,TRUE,40
"1.3.2.2.2.3.2.2.2.3.2.2.2.3.2.2.2.2.2.2.2.1",0.446451292609065,FALSE,TRUE,40
"1.3.2.2.2.3.2.2.2.3.2.2.2.2.3.2.2.2.2.2.2.1",0.49810519234358,FALSE,TRUE,40
"1.3.2.2.2.3.2.2.2.3.2.2.2.2.2.3.2.2.2.2.2.1",0.436084417464203,FALSE,TRUE,40
"1.3.2.2.2.3.2.2.2.3.2.2.2.2.2.2.3.2.2.2.2.1",0.432600804863188,FALSE,TRUE,40
"1.3.2.2.2.3.2.2.2.3.2.2.2.2.2.2.2.3.2.2.2.1",0.414749775635173,FALSE,TRUE,40
"1.3.2.2.2.3.2.2.2.3.2.2.2.2.2.2.2.2.3.2.2.1",0.500522390633604,FALSE,TRUE,40
"1.3.2.2.2.3.2.2.2.3.2.2.2.2.2.2.2.2.2.3.2.1",0.385589509662095,FALSE,TRUE,40
"1.3.2.2.2.3.2.2.2.3.2.2.2.2.2.2.2.2.2.2.3.1",0.552809573065825,FALSE,TRUE,40
"1.3.2.2.2.3.2.2.2.3.2.2.2.2.2.2.2.2.2.2.2.2",0.558650123423822,FALSE,TRUE,40
"1.2.2.2.2.3.2.2.2.3.2.2.2.2.2.2.2.2.2.2.2.1",0.362383125965973,FALSE,TRUE,40
"1.3.1.2.2.3.2.2.2.3.2.2.2.2.2.2.2.2.2.2.2.1",0.453847119881714,FALSE,TRUE,39
"1.3.2.1.2.3.2.2.2.3.2.2.2.2.2.2.2.2.2.2.2.1",0.313783274919301,FALSE,TRUE,39
"1.3.2.2.1.3.2.2.2.3.2.2.2.2.2.2.2.2.2.2.2.1",0.50311908722585,FALSE,TRUE,39
"1.3.2.2.2.2.2.2.2.3.2.2.2.2.2.2.2.2.2.2.2.1",0.423126329578754,FALSE,TRUE,40
"1.3.2.2.2.3.1.2.2.3.2.2.2.2.2.2.2.2.2.2.2.1",0.305478359261475,FALSE,TRUE,39
"1.3.2.2.2.3.2.1.2.3.2.2.2.2.2.2.2.2.2.2.2.1",0.25066248330484,FALSE,TRUE,39
"1.3.2.2.2.3.2.2.1.3.2.2.2.2.2.2.2.2.2.2.2.1",0.268133785565202,FALSE,TRUE,39
"1.3.2.2.2.3.2.2.2.3.1.2.2.2.2.2.2.2.2.2.2.1",0.325221666921236,FALSE,TRUE,39
"1.3.2.2.2.3.2.2.2.3.2.1.2.2.2.2.2.2.2.2.2.1",0.381284427041505,FALSE,TRUE,39
"1.3.2.2.2.3.2.2.2.3.2.2.1.2.2.2.2.2.2.2.2.1",0.41822600183097,FALSE,TRUE,39
"1.3.2.2.2.3.2.2.2.3.2.2.2.1.2.2.2.2.2.2.2.1",0.450126485705532,FALSE,TRUE,39
"1.3.2.2.2.3.2.2.2.3.2.2.2.2.1.2.2.2.2.2.2.1",0.407933730985568,FALSE,TRUE,39
"1.3.2.2.2.3.2.2.2.3.2.2.2.2.2.1.2.2.2.2.2.1",0.451428956579167,FALSE,TRUE,39
"1.3.2.2.2.3.2.2.2.3.2.2.2.2.2.2.1.2.2.2.2.1",0.426306844945876,FALSE,TRUE,39
"1.3.2.2.2.3.2.2.2.3.2.2.2.2.2.2.2.1.2.2.2.1",0.472516558150726,FALSE,TRUE,39
"1.3.2.2.2.3.2.2.2.3.2.2.2.2.2.2.2.2.1.2.2.1",0.390272075496415,FALSE,TRUE,39
"1.3.2.2.2.3.2.2.2.3.2.2.2.2.2.2.2.2.2.1.2.1",0.477202376788419,FALSE,TRUE,39
"1.3.2.2.2.3.2.2.2.3.2.2.2.2.2.2.2.2.2.2.1.1",0.337672580321653,FALSE,TRUE,39
"3.2.2.2.2.3.2.2.2.2.2.2.2.2.2.2.2.2.2.2.5.2",0.524988421667297,FALSE,TRUE,42
"2.3.2.2.2.3.2.2.2.2.2.2.2.2.2.2.2.2.2.2.5.2",0.578385392566682,FALSE,TRUE,42
"2.2.3.2.2.3.2.2.2.2.2.2.2.2.2.2.2.2.2.2.5.2",0.541306034075433,FALSE,TRUE,42
"2.2.2.3.2.3.2.2.2.2.2.2.2.2.2.2.2.2.2.2.5.2",0.716355234917166,FALSE,TRUE,42
"2.2.2.2.3.3.2.2.2.2.2.2.2.2.2.2.2.2.2.2.5.2",0.595882350040903,FALSE,TRUE,42
"2.2.2.2.2.4.2.2.2.2.2.2.2.2.2.2.2.2.2.2.5.2",0.595035068196327,FALSE,TRUE,42
"2.2.2.2.2.3.3.2.2.2.2.2.2.2.2.2.2.2.2.2.5.2",0.640316377763758,FALSE,TRUE,42
"2.2.2.2.2.3.2.3.2.2.2.2.2.2.2.2.2.2.2.2.5.2",0.69008516757448,FALSE,TRUE,42
"2.2.2.2.2.3.2.2.3.2.2.2.2.2.2.2.2.2.2.2.5.2",0.63284575718714,FALSE,TRUE,42
"2.2.2.2.2.3.2.2.2.3.2.2.2.2.2.2.2.2.2.2.5.2",0.468817665734857,FALSE,TRUE,42
"2.2.2.2.2.3.2.2.2.2.3.2.2.2.2.2.2.2.2.2.5.2",0.601694739630651,FALSE,TRUE,42
"2.2.2.2.2.3.2.2.2.2.2.3.2.2.2.2.2.2.2.2.5.2",0.470965133864781,FALSE,TRUE,42
"2.2.2.2.2.3.2.2.2.2.2.2.3.2.2.2.2.2.2.2.5.2",0.710684181284108,FALSE,TRUE,42
"2.2.2.2.2.3.2.2.2.2.2.2.2.3.2.2.2.2.2.2.5.2",0.620906711777616,FALSE,TRUE,42
"2.2.2.2.2.3.2.2.2.2.2.2.2.2.3.2.2.2.2.2.5.2",0.60490124542769,FALSE,TRUE,42
"2.2.2.2.2.3.2.2.2.2.2.2.2.2.2.3.2.2.2.2.5.2",0.626722719922455,FALSE,TRUE,42
"2.2.2.2.2.3.2.2.2.2.2.2.2.2.2.2.3.2.2.2.5.2",0.606531052241521,FALSE,TRUE,42
"2.2.2.2.2.3.2.2.2.2.2.2.2.2.2.2.2.3.2.2.5.2",0.623553545104378,FALSE,TRUE,42
"2.2.2.2.2.3.2.2.2.2.2.2.2.2.2.2.2.2.3.2.5.2",0.542358323504266,FALSE,TRUE,42
"2.2.2.2.2.3.2.2.2.2.2.2.2.2.2.2.2.2.2.3.5.2",0.582787150443585,FALSE,TRUE,42
"2.2.2.2.2.3.2.2.2.2.2.2.2.2.2.2.2.2.2.2.6.2",0.490874557313024,FALSE,TRUE,43
"2.2.2.2.2.3.2.2.2.2.2.2.2.2.2.2.2.2.2.2.5.3",0.636668605240679,FALSE,TRUE,42
"1.2.2.2.2.3.2.2.2.2.2.2.2.2.2.2.2.2.2.2.5.2",0.614378446836757,FALSE,TRUE,41
"2.1.2.2.2.3.2.2.2.2.2.2.2.2.2.2.2.2.2.2.5.2",0.530335507567796,FALSE,TRUE,41
"2.2.1.2.2.3.2.2.2.2.2.2.2.2.2.2.2.2.2.2.5.2",0.649241985281194,FALSE,TRUE,41
"2.2.2.1.2.3.2.2.2.2.2.2.2.2.2.2.2.2.2.2.5.2",0.44844582880321,FALSE,TRUE,41
"2.2.2.2.1.3.2.2.2.2.2.2.2.2.2.2.2.2.2.2.5.2",0.590297469538301,FALSE,TRUE,41
"2.2.2.2.2.2.2.2.2.2.2.2.2.2.2.2.2.2.2.2.5.2",0.571309761269664,FALSE,TRUE,42
"2.2.2.2.2.3.1.2.2.2.2.2.2.2.2.2.2.2.2.2.5.2",0.543453020545914,FALSE,TRUE,41
"2.2.2.2.2.3.2.1.2.2.2.2.2.2.2.2.2.2.2.2.5.2",0.48333647293062,FALSE,TRUE,41
"2.2.2.2.2.3.2.2.1.2.2.2.2.2.2.2.2.2.2.2.5.2",0.533514578564601,FALSE,TRUE,41
"2.2.2.2.2.3.2.2.2.1.2.2.2.2.2.2.2.2.2.2.5.2",0.695125669179416,FALSE,TRUE,41
"2.2.2.2.2.3.2.2.2.2.1.2.2.2.2.2.2.2.2.2.5.2",0.560617273554211,FALSE,TRUE,41
"2.2.2.2.2.3.2.2.2.2.2.1.2.2.2.2.2.2.2.2.5.2",0.682038083701672,FALSE,TRUE,41
"2.2.2.2.2.3.2.2.2.2.2.2.1.2.2.2.2.2.2.2.5.2",0.494284039696961,FALSE,TRUE,41
"2.2.2.2.2.3.2.2.2.2.2.2.2.1.2.2.2.2.2.2.5.2",0.542235957518063,FALSE,TRUE,41
"2.2.2.2.2.3.2.2.2.2.2.2.2.2.1.2.2.2.2.2.5.2",0.599960321930665,FALSE,TRUE,41
"2.2.2.2.2.3.2.2.2.2.2.2.2.2.2.1.2.2.2.2.5.2",0.532428899650877,FALSE,TRUE,41
"2.2.2.2.2.3.2.2.2.2.2.2.2.2.2.2.1.2.2.2.5.2",0.520634889550489,FALSE,TRUE,41
"2.2.2.2.2.3.2.2.2.2.2.2.2.2.2.2.2.1.2.2.5.2",0.54390454280759,FALSE,TRUE,41
"2.2.2.2.2.3.2.2.2.2.2.2.2.2.2.2.2.2.1.2.5.2",0.632180551361103,FALSE,TRUE,41
"2.2.2.2.2.3.2.2.2.2.2.2.2.2.2.2.2.2.2.1.5.2",0.565993165551998,FALSE,TRUE,41
"2.2.2.2.2.3.2.2.2.2.2.2.2.2.2.2.2.2.2.2.5.1",0.566643296861347,FALSE,TRUE,41
"3.2.2.2.1.3.2.2.2.2.2.2.2.2.2.3.3.2.2.2.2.1",0.294428733476473,FALSE,TRUE,40
"2.3.2.2.1.3.2.2.2.2.2.2.2.2.2.3.3.2.2.2.2.1",0.420546075112539,FALSE,TRUE,40
"2.2.3.2.1.3.2.2.2.2.2.2.2.2.2.3.3.2.2.2.2.1",0.293524149444272,FALSE,TRUE,40
"2.2.2.3.1.3.2.2.2.2.2.2.2.2.2.3.3.2.2.2.2.1",0.398626431784692,FALSE,TRUE,40
"2.2.2.2.1.4.2.2.2.2.2.2.2.2.2.3.3.2.2.2.2.1",0.338514441961479,FALSE,TRUE,40
"2.2.2.2.1.3.3.2.2.2.2.2.2.2.2.3.3.2.2.2.2.1",0.395930054112898,FALSE,TRUE,40
"2.2.2.2.1.3.2.3.2.2.2.2.2.2.2.3.3.2.2.2.2.1",0.442343814699329,FALSE,TRUE,40
"2.2.2.2.1.3.2.2.3.2.2.2.2.2.2.3.3.2.2.2.2.1",0.496367825784288,FALSE,TRUE,40
"2.2.2.2.1.3.2.2.2.3.2.2.2.2.2.3.3.2.2.2.2.1",0.225840006418863,FALSE,TRUE,40
"2.2.2.2.1.3.2.2.2.2.3.2.2.2.2.3.3.2.2.2.2.1",0.388594084655259,FALSE,TRUE,40
"2.2.2.2.1.3.2.2.2.2.2.3.2.2.2.3.3.2.2.2.2.1",0.410278826596081,FALSE,TRUE,40
"2.2.2.2.1.3.2.2.2.2.2.2.3.2.2.3.3.2.2.2.2.1",0.314430291319489,FALSE,TRUE,40
"2.2.2.2.1.3.2.2.2.2.2.2.2.3.2.3.3.2.2.2.2.1",0.333261207941331,FALSE,TRUE,40
"2.2.2.2.1.3.2.2.2.2.2.2.2.2.3.3.3.2.2.2.2.1",0.364010775509326,FALSE,TRUE,39
"2.2.2.2.1.3.2.2.2.2.2.2.2.2.2.4.3.2.2.2.2.1",0.223601086636187,FALSE,TRUE,40
"2.2.2.2.1.3.2.2.2.2.2.2.2.2.2.3.4.2.2.2.2.1",0.234194341633442,FALSE,TRUE,40
"2.2.2.2.1.3.2.2.2.2.2.2.2.2.2.3.3.3.2.2.2.1",0.346700179671553,FALSE,TRUE,40
"2.2.2.2.1.3.2.2.2.2.2.2.2.2.2.3.3.2.3.2.2.1",0.424321660878995,FALSE,TRUE,40
"2.2.2.2.1.3.2.2.2.2.2.2.2.2.2.3.3.2.2.3.2.1",0.363352995275308,FALSE,TRUE,40
"2.2.2.2.1.3.2.2.2.2.2.2.2.2.2.3.3.2.2.2.3.1",0.443479883111431,FALSE,TRUE,40
"2.2.2.2.1.3.2.2.2.2.2.2.2.2.2.3.3.2.2.2.2.2",0.40794453184957,FALSE,TRUE,40
"1.2.2.2.1.3.2.2.2.2.2.2.2.2.2.3.3.2.2.2.2.1",0.382568049659621,FALSE,TRUE,39
"2.1.2.2.1.3.2.2.2.2.2.2.2.2.2.3.3.2.2.2.2.1",0.227042257083135,FALSE,TRUE,39
"2.2.1.2.1.3.2.2.2.2.2.2.2.2.2.3.3.2.2.2.2.1",0.367553601702613,FALSE,TRUE,39
"2.2.2.1.1.3.2.2.2.2.2.2.2.2.2.3.3.2.2.2.2.1",0.269939459642554,FALSE,TRUE,39
"2.2.2.2.1.2.2.2.2.2.2.2.2.2.2.3.3.2.2.2.2.1",0.282310535211679,FALSE,TRUE,40
"2.2.2.2.1.3.1.2.2.2.2.2.2.2.2.3.3.2.2.2.2.1",0.247950749819476,FALSE,TRUE,39
"2.2.2.2.1.3.2.1.2.2.2.2.2.2.2.3.3.2.2.2.2.1",0.193130497813985,FALSE,TRUE,39
"2.2.2.2.1.3.2.2.1.2.2.2.2.2.2.3.3.2.2.2.2.1",0.179426395146446,FALSE,TRUE,39
"2.2.2.2.1.3.2.2.2.1.2.2.2.2.2.3.3.2.2.2.2.1",0.461671871949794,FALSE,TRUE,39
"2.2.2.2.1.3.2.2.2.2.1.2.2.2.2.3.3.2.2.2.2.1",0.251902489736678,FALSE,TRUE,39
"2.2.2.2.1.3.2.2.2.2.2.1.2.2.2.3.3.2.2.2.2.1",0.232178903835515,FALSE,TRUE,39
"2.2.2.2.1.3.2.2.2.2.2.2.1.2.2.3.3.2.2.2.2.1",0.348097826226518,FALSE,TRUE,39
"2.2.2.2.1.3.2.2.2.2.2.2.2.1.2.3.3.2.2.2.2.1",0.308328697646785,FALSE,TRUE,39
"2.2.2.2.1.3.2.2.2.2.2.2.2.2.1.3.3.2.2.2.2.1",0.3133338705133,FALSE,TRUE,39
"2.2.2.2.1.3.2.2.2.2.2.2.2.2.2.3.2.2.2.2.2.1",0.442450689351527,FALSE,TRUE,40
"2.2.2.2.1.3.2.2.2.2.2.2.2.2.2.3.3.1.2.2.2.1",0.297108679401914,FALSE,TRUE,39
"2.2.2.2.1.3.2.2.2.2.2.2.2.2.2.3.3.2.1.2.2.1",0.234890707863772,FALSE,TRUE,39
"2.2.2.2.1.3.2.2.2.2.2.2.2.2.2.3.3.2.2.1.2.1",0.30727153092346,FALSE,TRUE,39
"2.2.2.2.1.3.2.2.2.2.2.2.2.2.2.3.3.2.2.2.1.1",0.224220574409769,FALSE,TRUE,39
"3.2.2.2.2.2.3.2.2.2.2.3.1.2.2.2.2.2.2.2.2.2",0.346712387142897,FALSE,TRUE,40
"2.3.2.2.2.2.3.2.2.2.2.3.1.2.2.2.2.2.2.2.2.2",0.487596108362032,FALSE,TRUE,40
"2.2.3.2.2.2.3.2.2.2.2.3.1.2.2.2.2.2.2.2.2.2",0.433432037485308,FALSE,TRUE,40
"2.2.2.3.2.2.3.2.2.2.2.3.1.2.2.2.2.2.2.2.2.2",0.544984502478817,FALSE,TRUE,40
"2.2.2.2.3.2.3.2.2.2.2.3.1.2.2.2.2.2.2.2.2.2",0.411223127618772,FALSE,TRUE,40
"2.2.2.2.2.3.3.2.2.2.2.3.1.2.2.2.2.2.2.2.2.2",0.553263375510289,FALSE,TRUE,40
"2.2.2.2.2.2.4.2.2.2.2.3.1.2.2.2.2.2.2.2.2.2",0.567331442972255,FALSE,TRUE,40
"2.2.2.2.2.2.3.3.2.2.2.3.1.2.2.2.2.2.2.2.2.2",0.632771088782047,FALSE,TRUE,40
"2.2.2.2.2.2.3.2.3.2.2.3.1.2.2.2.2.2.2.2.2.2",0.548676331720745,FALSE,TRUE,40
"2.2.2.2.2.2.3.2.2.3.2.3.1.2.2.2.2.2.2.2.2.2",0.392636508942475,FALSE,TRUE,40
"2.2.2.2.2.2.3.2.2.2.3.3.1.2.2.2.2.2.2.2.2.2",0.468054842431829,FALSE,TRUE,40
"2.2.2.2.2.2.3.2.2.2.2.4.1.2.2.2.2.2.2.2.2.2",0.418623591313326,FALSE,TRUE,40
"2.2.2.2.2.2.3.2.2.2.2.3.1.3.2.2.2.2.2.2.2.2",0.518919869112934,FALSE,TRUE,40
"2.2.2.2.2.2.3.2.2.2.2.3.1.2.3.2.2.2.2.2.2.2",0.504377831299192,FALSE,TRUE,40
"2.2.2.2.2.2.3.2.2.2.2.3.1.2.2.3.2.2.2.2.2.2",0.500376869398886,FALSE,TRUE,41
"2.2.2.2.2.2.3.2.2.2.2.3.1.2.2.2.3.2.2.2.2.2",0.505825172237986,FALSE,TRUE,40
"2.2.2.2.2.2.3.2.2.2.2.3.1.2.2.2.2.3.2.2.2.2",0.541615008458294,FALSE,TRUE,40
"2.2.2.2.2.2.3.2.2.2.2.3.1.2.2.2.2.2.3.2.2.2",0.540611827008905,FALSE,TRUE,39
"2.2.2.2.2.2.3.2.2.2.2.3.1.2.2.2.2.2.2.3.2.2",0.469400830900913,FALSE,TRUE,40
"2.2.2.2.2.2.3.2.2.2.2.3.1.2.2.2.2.2.2.2.3.2",0.521883084224782,FALSE,TRUE,40
"2.2.2.2.2.2.3.2.2.2.2.3.1.2.2.2.2.2.2.2.2.3",0.597029556125623,FALSE,TRUE,40
"1.2.2.2.2.2.3.2.2.2.2.3.1.2.2.2.2.2.2.2.2.2",0.622704280110856,FALSE,TRUE,39
"2.1.2.2.2.2.3.2.2.2.2.3.1.2.2.2.2.2.2.2.2.2",0.446475626904565,FALSE,TRUE,39
"2.2.1.2.2.2.3.2.2.2.2.3.1.2.2.2.2.2.2.2.2.2",0.584266676060187,FALSE,TRUE,39
"2.2.2.1.2.2.3.2.2.2.2.3.1.2.2.2.2.2.2.2.2.2",0.44826502620203,FALSE,TRUE,39
"2.2.2.2.1.2.3.2.2.2.2.3.1.2.2.2.2.2.2.2.2.2",0.584433101316372,FALSE,TRUE,39
"2.2.2.2.2.1.3.2.2.2.2.3.1.2.2.2.2.2.2.2.2.2",0.452835644485353,FALSE,TRUE,39
"2.2.2.2.2.2.2.2.2.2.2.3.1.2.2.2.2.2.2.2.2.2",0.46341269613578,FALSE,TRUE,39
"2.2.2.2.2.2.3.1.2.2.2.3.1.2.2.2.2.2.2.2.2.2",0.411931178481954,FALSE,TRUE,39
"2.2.2.2.2.2.3.2.1.2.2.3.1.2.2.2.2.2.2.2.2.2",0.44289537819694,FALSE,TRUE,39
"2.2.2.2.2.2.3.2.2.1.2.3.1.2.2.2.2.2.2.2.2.2",0.633712814995126,FALSE,TRUE,38
"2.2.2.2.2.2.3.2.2.2.1.3.1.2.2.2.2.2.2.2.2.2",0.502918836440241,FALSE,TRUE,39
"2.2.2.2.2.2.3.2.2.2.2.3.1.1.2.2.2.2.2.2.2.2",0.509748304625613,FALSE,TRUE,39
"2.2.2.2.2.2.3.2.2.2.2.3.1.2.1.2.2.2.2.2.2.2",0.52986044409191,FALSE,TRUE,39
"2.2.2.2.2.2.3.2.2.2.2.3.1.2.2.2.1.2.2.2.2.2",0.500550950339196,FALSE,TRUE,39
"2.2.2.2.2.2.3.2.2.2.2.3.1.2.2.2.2.1.2.2.2.2",0.479836046467623,FALSE,TRUE,39
"2.2.2.2.2.2.3.2.2.2.2.3.1.2.2.2.2.2.1.2.2.2",0.472662038901279,FALSE,TRUE,39
"2.2.2.2.2.2.3.2.2.2.2.3.1.2.2.2.2.2.2.1.2.2",0.524816379464398,FALSE,TRUE,39
"2.2.2.2.2.2.3.2.2.2.2.3.1.2.2.2.2.2.2.2.1.2",0.473360130863597,FALSE,TRUE,39
"3.2.1.2.2.3.2.2.2.2.2.2.2.2.2.2.2.2.2.2.3.2",0.56988576728457,FALSE,TRUE,40
"2.3.1.2.2.3.2.2.2.2.2.2.2.2.2.2.2.2.2.2.3.2",0.623324095189464,FALSE,TRUE,39
"2.2.1.2.3.3.2.2.2.2.2.2.2.2.2.2.2.2.2.2.3.2",0.593780517993026,FALSE,TRUE,40
"2.2.1.2.2.4.2.2.2.2.2.2.2.2.2.2.2.2.2.2.3.2",0.608484711503792,FALSE,TRUE,40
"2.2.1.2.2.3.3.2.2.2.2.2.2.2.2.2.2.2.2.2.3.2",0.757339401088008,FALSE,TRUE,40
"2.2.1.2.2.3.2.3.2.2.2.2.2.2.2.2.2.2.2.2.3.2",0.76913916023935,FALSE,TRUE,40
"2.2.1.2.2.3.2.2.3.2.2.2.2.2.2.2.2.2.2.2.3.2",0.781380970583925,FALSE,TRUE,40
"2.2.1.2.2.3.2.2.2.3.2.2.2.2.2.2.2.2.2.2.3.2",0.549809679190868,FALSE,TRUE,40
"2.2.1.2.2.3.2.2.2.2.3.2.2.2.2.2.2.2.2.2.3.2",0.675964670891525,FALSE,TRUE,40
"2.2.1.2.2.3.2.2.2.2.2.3.2.2.2.2.2.2.2.2.3.2",0.617205982023549,FALSE,TRUE,40
"2.2.1.2.2.3.2.2.2.2.2.2.3.2.2.2.2.2.2.2.3.2",0.695670930978908,FALSE,TRUE,40
"2.2.1.2.2.3.2.2.2.2.2.2.2.3.2.2.2.2.2.2.3.2",0.6088676737945,FALSE,TRUE,40
"2.2.1.2.2.3.2.2.2.2.2.2.2.2.3.2.2.2.2.2.3.2",0.657585015203529,FALSE,TRUE,40
"2.2.1.2.2.3.2.2.2.2.2.2.2.2.2.3.2.2.2.2.3.2",0.654821518653385,FALSE,TRUE,40
"2.2.1.2.2.3.2.2.2.2.2.2.2.2.2.2.3.2.2.2.3.2",0.615425566375121,FALSE,TRUE,39
"2.2.1.2.2.3.2.2.2.2.2.2.2.2.2.2.2.3.2.2.3.2",0.609567248898576,FALSE,TRUE,40
"2.2.1.2.2.3.2.2.2.2.2.2.2.2.2.2.2.2.3.2.3.2",0.651251814489107,FALSE,TRUE,40
"2.2.1.2.2.3.2.2.2.2.2.2.2.2.2.2.2.2.2.3.3.2",0.576035537619078,FALSE,TRUE,39
"2.2.1.2.2.3.2.2.2.2.2.2.2.2.2.2.2.2.2.2.3.3",0.703443536815126,FALSE,TRUE,40
"1.2.1.2.2.3.2.2.2.2.2.2.2.2.2.2.2.2.2.2.3.2",0.643860608254951,FALSE,TRUE,39
"2.1.1.2.2.3.2.2.2.2.2.2.2.2.2.2.2.2.2.2.3.2",0.588166437497756,FALSE,TRUE,39
"2.2.1.1.2.3.2.2.2.2.2.2.2.2.2.2.2.2.2.2.3.2",0.488197558821361,FALSE,TRUE,39
"2.2.1.2.1.3.2.2.2.2.2.2.2.2.2.2.2.2.2.2.3.2",0.675855760400283,FALSE,TRUE,39
"2.2.1.2.2.3.1.2.2.2.2.2.2.2.2.2.2.2.2.2.3.2",0.496843300300445,FALSE,TRUE,39
"2.2.1.2.2.3.2.1.2.2.2.2.2.2.2.2.2.2.2.2.3.2",0.459743828205475,FALSE,TRUE,39
"2.2.1.2.2.3.2.2.1.2.2.2.2.2.2.2.2.2.2.2.3.2",0.472648540139527,FALSE,TRUE,39
"2.2.1.2.2.3.2.2.2.1.2.2.2.2.2.2.2.2.2.2.3.2",0.702340669440185,FALSE,TRUE,39
"2.2.1.2.2.3.2.2.2.2.1.2.2.2.2.2.2.2.2.2.3.2",0.546430426604692,FALSE,TRUE,39
"2.2.1.2.2.3.2.2.2.2.2.1.2.2.2.2.2.2.2.2.3.2",0.601612745024327,FALSE,TRUE,39
"2.2.1.2.2.3.2.2.2.2.2.2.1.2.2.2.2.2.2.2.3.2",0.566102919427055,FALSE,TRUE,39
"2.2.1.2.2.3.2.2.2.2.2.2.2.1.2.2.2.2.2.2.3.2",0.633846957048315,FALSE,TRUE,39
"2.2.1.2.2.3.2.2.2.2.2.2.2.2.1.2.2.2.2.2.3.2",0.622970629518676,FALSE,TRUE,39
"2.2.1.2.2.3.2.2.2.2.2.2.2.2.2.1.2.2.2.2.3.2",0.581105414016502,FALSE,TRUE,37
"2.2.1.2.2.3.2.2.2.2.2.2.2.2.2.2.1.2.2.2.3.2",0.599188364946171,FALSE,TRUE,39
"2.2.1.2.2.3.2.2.2.2.2.2.2.2.2.2.2.1.2.2.3.2",0.632195440178136,FALSE,TRUE,39
"2.2.1.2.2.3.2.2.2.2.2.2.2.2.2.2.2.2.1.2.3.2",0.604478285440548,FALSE,TRUE,39
"2.2.1.2.2.3.2.2.2.2.2.2.2.2.2.2.2.2.2.1.3.2",0.643177846324675,FALSE,TRUE,39
"2.2.1.2.2.3.2.2.2.2.2.2.2.2.2.2.2.2.2.2.3.1",0.57950002154571,FALSE,TRUE,39
"3.3.2.2.2.3.2.2.2.2.2.2.2.2.2.1.2.2.2.2.2.2",0.397511469969867,FALSE,TRUE,41
"2.3.3.2.2.3.2.2.2.2.2.2.2.2.2.1.2.2.2.2.2.2",0.522508743046329,FALSE,TRUE,41
"2.3.2.3.2.3.2.2.2.2.2.2.2.2.2.1.2.2.2.2.2.2",0.603386463693533,FALSE,TRUE,41
"2.3.2.2.3.3.2.2.2.2.2.2.2.2.2.1.2.2.2.2.2.2",0.43376746335943,FALSE,TRUE,41
"2.3.2.2.2.4.2.2.2.2.2.2.2.2.2.1.2.2.2.2.2.2",0.469369384408477,FALSE,TRUE,41
"2.3.2.2.2.3.3.2.2.2.2.2.2.2.2.1.2.2.2.2.2.2",0.614509877727861,FALSE,TRUE,41
"2.3.2.2.2.3.2.3.2.2.2.2.2.2.2.1.2.2.2.2.2.2",0.630755609972346,FALSE,TRUE,41
"2.3.2.2.2.3.2.2.3.2.2.2.2.2.2.1.2.2.2.2.2.2",0.616192636042368,FALSE,TRUE,40
"2.3.2.2.2.3.2.2.2.3.2.2.2.2.2.1.2.2.2.2.2.2",0.465248089087258,FALSE,TRUE,41
"2.3.2.2.2.3.2.2.2.2.3.2.2.2.2.1.2.2.2.2.2.2",0.525060121405518,FALSE,TRUE,41
"2.3.2.2.2.3.2.2.2.2.2.3.2.2.2.1.2.2.2.2.2.2",0.444524734194865,FALSE,TRUE,41
"2.3.2.2.2.3.2.2.2.2.2.2.3.2.2.1.2.2.2.2.2.2",0.613356414222468,FALSE,TRUE,41
"2.3.2.2.2.3.2.2.2.2.2.2.2.3.2.1.2.2.2.2.2.2",0.460936353861253,FALSE,TRUE,41
"2.3.2.2.2.3.2.2.2.2.2.2.2.2.3.1.2.2.2.2.2.2",0.525278008157321,FALSE,TRUE,41
"2.3.2.2.2.3.2.2.2.2.2.2.2.2.2.1.3.2.2.2.2.2",0.518520596657141,FALSE,TRUE,40
"2.3.2.2.2.3.2.2.2.2.2.2.2.2.2.1.2.3.2.2.2.2",0.480325553278597,FALSE,TRUE,40
"2.3.2.2.2.3.2.2.2.2.2.2.2.2.2.1.2.2.3.2.2.2",0.495528660367425,FALSE,TRUE,41
"2.3.2.2.2.3.2.2.2.2.2.2.2.2.2.1.2.2.2.3.2.2",0.446983108299297,FALSE,TRUE,40
"2.3.2.2.2.3.2.2.2.2.2.2.2.2.2.1.2.2.2.2.3.2",0.552519114511542,FALSE,TRUE,40
"2.3.2.2.2.3.2.2.2.2.2.2.2.2.2.1.2.2.2.2.2.3",0.577635962523602,FALSE,TRUE,40
"1.3.2.2.2.3.2.2.2.2.2.2.2.2.2.1.2.2.2.2.2.2",0.569162654097545,FALSE,TRUE,39
"2.3.1.2.2.3.2.2.2.2.2.2.2.2.2.1.2.2.2.2.2.2",0.503014846587927,FALSE,TRUE,38
"2.3.2.1.2.3.2.2.2.2.2.2.2.2.2.1.2.2.2.2.2.2",0.39042869436228,FALSE,TRUE,39
"2.3.2.2.1.3.2.2.2.2.2.2.2.2.2.1.2.2.2.2.2.2",0.583426280434609,FALSE,TRUE,40
"2.3.2.2.2.2.2.2.2.2.2.2.2.2.2.1.2.2.2.2.2.2",0.53439408003828,FALSE,TRUE,39
"2.3.2.2.2.3.1.2.2.2.2.2.2.2.2.1.2.2.2.2.2.2",0.407599905225352,FALSE,TRUE,40
"2.3.2.2.2.3.2.1.2.2.2.2.2.2.2.1.2.2.2.2.2.2",0.377067087494065,FALSE,TRUE,40
"2.3.2.2.2.3.2.2.1.2.2.2.2.2.2.1.2.2.2.2.2.2",0.39337305170143,FALSE,TRUE,40
"2.3.2.2.2.3.2.2.2.2.1.2.2.2.2.1.2.2.2.2.2.2",0.448403783317109,FALSE,TRUE,40
"2.3.2.2.2.3.2.2.2.2.2.1.2.2.2.1.2.2.2.2.2.2",0.542445926976771,FALSE,TRUE,40
"2.3.2.2.2.3.2.2.2.2.2.2.1.2.2.1.2.2.2.2.2.2",0.435427493029101,FALSE,TRUE,40
"2.3.2.2.2.3.2.2.2.2.2.2.2.1.2.1.2.2.2.2.2.2",0.573681307308431,FALSE,TRUE,40
"2.3.2.2.2.3.2.2.2.2.2.2.2.2.1.1.2.2.2.2.2.2",0.515278856295141,FALSE,TRUE,40
"2.3.2.2.2.3.2.2.2.2.2.2.2.2.2.1.1.2.2.2.2.2",0.461898541249355,FALSE,TRUE,40
"2.3.2.2.2.3.2.2.2.2.2.2.2.2.2.1.2.1.2.2.2.2",0.550330296927293,FALSE,TRUE,40
"2.3.2.2.2.3.2.2.2.2.2.2.2.2.2.1.2.2.1.2.2.2",0.530863802668076,FALSE,TRUE,40
"2.3.2.2.2.3.2.2.2.2.2.2.2.2.2.1.2.2.2.1.2.2",0.536243548819936,FALSE,TRUE,40
"2.3.2.2.2.3.2.2.2.2.2.2.2.2.2.1.2.2.2.2.1.2",0.490753691011148,FALSE,TRUE,40
"3.2.2.2.2.3.2.2.2.2.2.2.2.2.3.2.3.2.2.2.2.1",0.340572301636922,FALSE,TRUE,41
"2.3.2.2.2.3.2.2.2.2.2.2.2.2.3.2.3.2.2.2.2.1",0.488770147081473,FALSE,TRUE,39
"2.2.3.2.2.3.2.2.2.2.2.2.2.2.3.2.3.2.2.2.2.1",0.364481104039492,FALSE,TRUE,41
"2.2.2.3.2.3.2.2.2.2.2.2.2.2.3.2.3.2.2.2.2.1",0.492660953806149,FALSE,TRUE,41
"2.2.2.2.3.3.2.2.2.2.2.2.2.2.3.2.3.2.2.2.2.1",0.375298594875635,FALSE,TRUE,41
"2.2.2.2.2.4.2.2.2.2.2.2.2.2.3.2.3.2.2.2.2.1",0.407936365149845,FALSE,TRUE,41
"2.2.2.2.2.3.3.2.2.2.2.2.2.2.3.2.3.2.2.2.2.1",0.488698904593456,FALSE,TRUE,41
"2.2.2.2.2.3.2.3.2.2.2.2.2.2.3.2.3.2.2.2.2.1",0.528939316279709,FALSE,TRUE,41
"2.2.2.2.2.3.2.2.3.2.2.2.2.2.3.2.3.2.2.2.2.1",0.578167243774335,FALSE,TRUE,38
"2.2.2.2.2.3.2.2.2.3.2.2.2.2.3.2.3.2.2.2.2.1",0.305316867097043,FALSE,TRUE,41
"2.2.2.2.2.3.2.2.2.2.3.2.2.2.3.2.3.2.2.2.2.1",0.473283194017162,FALSE,TRUE,41
"2.2.2.2.2.3.2.2.2.2.2.3.2.2.3.2.3.2.2.2.2.1",0.454652964896548,FALSE,TRUE,41
"2.2.2.2.2.3.2.2.2.2.2.2.3.2.3.2.3.2.2.2.2.1",0.423128245242641,FALSE,TRUE,41
"2.2.2.2.2.3.2.2.2.2.2.2.2.3.3.2.3.2.2.2.2.1",0.389896343107252,FALSE,TRUE,41
"2.2.2.2.2.3.2.2.2.2.2.2.2.2.4.2.3.2.2.2.2.1",0.415182486941949,FALSE,TRUE,42
"2.2.2.2.2.3.2.2.2.2.2.2.2.2.3.2.4.2.2.2.2.1",0.352178159909527,FALSE,TRUE,41
"2.2.2.2.2.3.2.2.2.2.2.2.2.2.3.2.3.3.2.2.2.1",0.39618917918548,FALSE,TRUE,41
"2.2.2.2.2.3.2.2.2.2.2.2.2.2.3.2.3.2.3.2.2.1",0.497016438289229,FALSE,TRUE,41
"2.2.2.2.2.3.2.2.2.2.2.2.2.2.3.2.3.2.2.3.2.1",0.384724524970331,FALSE,TRUE,40
"2.2.2.2.2.3.2.2.2.2.2.2.2.2.3.2.3.2.2.2.3.1",0.524044895371452,FALSE,TRUE,41
"1.2.2.2.2.3.2.2.2.2.2.2.2.2.3.2.3.2.2.2.2.1",0.473214175150783,FALSE,TRUE,40
"2.1.2.2.2.3.2.2.2.2.2.2.2.2.3.2.3.2.2.2.2.1",0.304808967091117,FALSE,TRUE,40
"2.2.1.2.2.3.2.2.2.2.2.2.2.2.3.2.3.2.2.2.2.1",0.458852608942328,FALSE,TRUE,40
"2.2.2.1.2.3.2.2.2.2.2.2.2.2.3.2.3.2.2.2.2.1",0.31394503637847,FALSE,TRUE,40
"2.2.2.2.1.3.2.2.2.2.2.2.2.2.3.2.3.2.2.2.2.1",0.44254298973459,FALSE,TRUE,38
"2.2.2.2.2.2.2.2.2.2.2.2.2.2.3.2.3.2.2.2.2.1",0.371660095746914,FALSE,TRUE,41
"2.2.2.2.2.3.1.2.2.2.2.2.2.2.3.2.3.2.2.2.2.1",0.324587180291168,FALSE,TRUE,40
"2.2.2.2.2.3.2.1.2.2.2.2.2.2.3.2.3.2.2.2.2.1",0.267879648708488,FALSE,TRUE,39
"2.2.2.2.2.3.2.2.1.2.2.2.2.2.3.2.3.2.2.2.2.1",0.247147629130416,FALSE,TRUE,40
"2.2.2.2.2.3.2.2.2.1.2.2.2.2.3.2.3.2.2.2.2.1",0.536195887411515,FALSE,TRUE,40
"2.2.2.2.2.3.2.2.2.2.1.2.2.2.3.2.3.2.2.2.2.1",0.311981888073331,FALSE,TRUE,40
"2.2.2.2.2.3.2.2.2.2.2.1.2.2.3.2.3.2.2.2.2.1",0.333719811185097,FALSE,TRUE,40
"2.2.2.2.2.3.2.2.2.2.2.2.1.2.3.2.3.2.2.2.2.1",0.401070851100091,FALSE,TRUE,40
"2.2.2.2.2.3.2.2.2.2.2.2.2.1.3.2.3.2.2.2.2.1",0.417022882078557,FALSE,TRUE,40
"2.2.2.2.2.3.2.2.2.2.2.2.2.2.3.1.3.2.2.2.2.1",0.439468583578711,FALSE,TRUE,40
"2.2.2.2.2.3.2.2.2.2.2.2.2.2.3.2.2.2.2.2.2.1",0.47588143429044,FALSE,TRUE,37
"2.2.2.2.2.3.2.2.2.2.2.2.2.2.3.2.3.1.2.2.2.1",0.416614819244206,FALSE,TRUE,40
"2.2.2.2.2.3.2.2.2.2.2.2.2.2.3.2.3.2.1.2.2.1",0.318333465259332,FALSE,TRUE,40
"2.2.2.2.2.3.2.2.2.2.2.2.2.2.3.2.3.2.2.1.2.1",0.4221314625137,FALSE,TRUE,40
"2.2.2.2.2.3.2.2.2.2.2.2.2.2.3.2.3.2.2.2.1.1",0.30913072302676,FALSE,TRUE,40
"3.3.2.2.2.3.1.2.2.2.2.2.2.2.2.2.2.2.2.2.2.2",0.370082524285365,FALSE,TRUE,41
"2.3.3.2.2.3.1.2.2.2.2.2.2.2.2.2.2.2.2.2.2.2",0.454477463627943,FALSE,TRUE,41
"2.3.2.3.2.3.1.2.2.2.2.2.2.2.2.2.2.2.2.2.2.2",0.546454380932158,FALSE,TRUE,41
"2.3.2.2.3.3.1.2.2.2.2.2.2.2.2.2.2.2.2.2.2.2",0.3904386564846,FALSE,TRUE,41
"2.3.2.2.2.4.1.2.2.2.2.2.2.2.2.2.2.2.2.2.2.2",0.472198956946704,FALSE,TRUE,41
"2.3.2.2.2.3.1.3.2.2.2.2.2.2.2.2.2.2.2.2.2.2",0.631758496607544,FALSE,TRUE,41
"2.3.2.2.2.3.1.2.3.2.2.2.2.2.2.2.2.2.2.2.2.2",0.585955371370451,FALSE,TRUE,40
"2.3.2.2.2.3.1.2.2.3.2.2.2.2.2.2.2.2.2.2.2.2",0.355655230648015,FALSE,TRUE,41
"2.3.2.2.2.3.1.2.2.2.3.2.2.2.2.2.2.2.2.2.2.2",0.504704338123445,FALSE,TRUE,41
"2.3.2.2.2.3.1.2.2.2.2.3.2.2.2.2.2.2.2.2.2.2",0.415802416977794,FALSE,TRUE,41
"2.3.2.2.2.3.1.2.2.2.2.2.3.2.2.2.2.2.2.2.2.2",0.536338251763857,FALSE,TRUE,41
"2.3.2.2.2.3.1.2.2.2.2.2.2.3.2.2.2.2.2.2.2.2",0.459707235853865,FALSE,TRUE,41
"2.3.2.2.2.3.1.2.2.2.2.2.2.2.3.2.2.2.2.2.2.2",0.488084254283172,FALSE,TRUE,41
"2.3.2.2.2.3.1.2.2.2.2.2.2.2.2.3.2.2.2.2.2.2",0.472793225818287,FALSE,TRUE,41
"2.3.2.2.2.3.1.2.2.2.2.2.2.2.2.2.3.2.2.2.2.2",0.454168987232373,FALSE,TRUE,40
"2.3.2.2.2.3.1.2.2.2.2.2.2.2.2.2.2.3.2.2.2.2",0.453135893701859,FALSE,TRUE,40
"2.3.2.2.2.3.1.2.2.2.2.2.2.2.2.2.2.2.3.2.2.2",0.459696481237151,FALSE,TRUE,41
"2.3.2.2.2.3.1.2.2.2.2.2.2.2.2.2.2.2.2.3.2.2",0.381425115061578,FALSE,TRUE,40
"2.3.2.2.2.3.1.2.2.2.2.2.2.2.2.2.2.2.2.2.3.2",0.519726862437878,FALSE,TRUE,40
"2.3.2.2.2.3.1.2.2.2.2.2.2.2.2.2.2.2.2.2.2.3",0.529945805688219,FALSE,TRUE,40
"1.3.2.2.2.3.1.2.2.2.2.2.2.2.2.2.2.2.2.2.2.2",0.472851552898183,FALSE,TRUE,39
"2.3.1.2.2.3.1.2.2.2.2.2.2.2.2.2.2.2.2.2.2.2",0.438273918024067,FALSE,TRUE,40
"2.3.2.1.2.3.1.2.2.2.2.2.2.2.2.2.2.2.2.2.2.2",0.314599650971154,FALSE,TRUE,39
"2.3.2.2.1.3.1.2.2.2.2.2.2.2.2.2.2.2.2.2.2.2",0.505139261049669,FALSE,TRUE,40
"2.3.2.2.2.2.1.2.2.2.2.2.2.2.2.2.2.2.2.2.2.2",0.419782509571525,FALSE,TRUE,40
"2.3.2.2.2.3.1.1.2.2.2.2.2.2.2.2.2.2.2.2.2.2",0.256186178060518,FALSE,TRUE,40
"2.3.2.2.2.3.1.2.1.2.2.2.2.2.2.2.2.2.2.2.2.2",0.296713294393981,FALSE,TRUE,40
"2.3.2.2.2.3.1.2.2.2.1.2.2.2.2.2.2.2.2.2.2.2",0.347091452690356,FALSE,TRUE,40
"2.3.2.2.2.3.1.2.2.2.2.1.2.2.2.2.2.2.2.2.2.2",0.440891559706815,FALSE,TRUE,40
"2.3.2.2.2.3.1.2.2.2.2.2.1.2.2.2.2.2.2.2.2.2",0.381830257676299,FALSE,TRUE,40
"2.3.2.2.2.3.1.2.2.2.2.2.2.1.2.2.2.2.2.2.2.2",0.465857759770724,FALSE,TRUE,40
"2.3.2.2.2.3.1.2.2.2.2.2.2.2.1.2.2.2.2.2.2.2",0.419606650500083,FALSE,TRUE,40
"2.3.2.2.2.3.1.2.2.2.2.2.2.2.2.2.1.2.2.2.2.2",0.407795739557885,FALSE,TRUE,40
"2.3.2.2.2.3.1.2.2.2.2.2.2.2.2.2.2.1.2.2.2.2",0.452095425994975,FALSE,TRUE,40
"2.3.2.2.2.3.1.2.2.2.2.2.2.2.2.2.2.2.1.2.2.2",0.435098675167004,FALSE,TRUE,40
"2.3.2.2.2.3.1.2.2.2.2.2.2.2.2.2.2.2.2.1.2.2",0.471507234281973,FALSE,TRUE,40
"2.3.2.2.2.3.1.2.2.2.2.2.2.2.2.2.2.2.2.2.1.2",0.39615594070151,FALSE,TRUE,40
"3.2.2.2.2.2.3.2.2.1.2.2.2.2.2.2.2.2.2.2.2.2",0.593434507552144,FALSE,TRUE,39
"2.3.2.2.2.2.3.2.2.1.2.2.2.2.2.2.2.2.2.2.2.2",0.705555532810037,FALSE,TRUE,37
"2.2.2.3.2.2.3.2.2.1.2.2.2.2.2.2.2.2.2.2.2.2",0.717548905381686,FALSE,TRUE,40
"2.2.2.2.3.2.3.2.2.1.2.2.2.2.2.2.2.2.2.2.2.2",0.620645838268848,FALSE,TRUE,39
"2.2.2.2.2.3.3.2.2.1.2.2.2.2.2.2.2.2.2.2.2.2",0.721212874995618,FALSE,TRUE,37
"2.2.2.2.2.2.4.2.2.1.2.2.2.2.2.2.2.2.2.2.2.2",0.753087108198976,FALSE,TRUE,39
"2.2.2.2.2.2.3.3.2.1.2.2.2.2.2.2.2.2.2.2.2.2",0.762302655825373,FALSE,TRUE,39
"2.2.2.2.2.2.3.2.3.1.2.2.2.2.2.2.2.2.2.2.2.2",0.776787519355178,FALSE,TRUE,39
"2.2.2.2.2.2.3.2.2.1.3.2.2.2.2.2.2.2.2.2.2.2",0.690488463114121,FALSE,TRUE,39
"2.2.2.2.2.2.3.2.2.1.2.2.3.2.2.2.2.2.2.2.2.2",0.711247411610869,FALSE,TRUE,39
"2.2.2.2.2.2.3.2.2.1.2.2.2.3.2.2.2.2.2.2.2.2",0.697058168138585,FALSE,TRUE,39
"2.2.2.2.2.2.3.2.2.1.2.2.2.2.3.2.2.2.2.2.2.2",0.676634279912216,FALSE,TRUE,39
"2.2.2.2.2.2.3.2.2.1.2.2.2.2.2.3.2.2.2.2.2.2",0.659784112758806,FALSE,TRUE,39
"2.2.2.2.2.2.3.2.2.1.2.2.2.2.2.2.3.2.2.2.2.2",0.632241913727232,FALSE,TRUE,39
"2.2.2.2.2.2.3.2.2.1.2.2.2.2.2.2.2.3.2.2.2.2",0.693687408919291,FALSE,TRUE,39
"2.2.2.2.2.2.3.2.2.1.2.2.2.2.2.2.2.2.3.2.2.2",0.77422701459138,FALSE,TRUE,39
"2.2.2.2.2.2.3.2.2.1.2.2.2.2.2.2.2.2.2.3.2.2",0.615893308731668,FALSE,TRUE,39
"2.2.2.2.2.2.3.2.2.1.2.2.2.2.2.2.2.2.2.2.3.2",0.780261337710417,FALSE,TRUE,39
"2.2.2.2.2.2.3.2.2.1.2.2.2.2.2.2.2.2.2.2.2.3",0.757559060686971,FALSE,TRUE,39
"1.2.2.2.2.2.3.2.2.1.2.2.2.2.2.2.2.2.2.2.2.2",0.695544403855907,FALSE,TRUE,37
"2.1.2.2.2.2.3.2.2.1.2.2.2.2.2.2.2.2.2.2.2.2",0.606282306279814,FALSE,TRUE,38
"2.2.1.2.2.2.3.2.2.1.2.2.2.2.2.2.2.2.2.2.2.2",0.718435252929891,FALSE,TRUE,38
"2.2.2.2.1.2.3.2.2.1.2.2.2.2.2.2.2.2.2.2.2.2",0.731774680940316,FALSE,TRUE,38
"2.2.2.2.2.1.3.2.2.1.2.2.2.2.2.2.2.2.2.2.2.2",0.59149581620368,FALSE,TRUE,38
"2.2.2.2.2.2.3.1.2.1.2.2.2.2.2.2.2.2.2.2.2.2",0.573364238797429,FALSE,TRUE,38
"2.2.2.2.2.2.3.2.1.1.2.2.2.2.2.2.2.2.2.2.2.2",0.560443252963089,FALSE,TRUE,38
"2.2.2.2.2.2.3.2.2.1.1.2.2.2.2.2.2.2.2.2.2.2",0.614401562346988,FALSE,TRUE,38
"2.2.2.2.2.2.3.2.2.1.2.1.2.2.2.2.2.2.2.2.2.2",0.606460583490252,FALSE,TRUE,38
"2.2.2.2.2.2.3.2.2.1.2.2.1.2.2.2.2.2.2.2.2.2",0.669965887075149,FALSE,TRUE,37
"2.2.2.2.2.2.3.2.2.1.2.2.2.1.2.2.2.2.2.2.2.2",0.652482005612959,FALSE,TRUE,38
"2.2.2.2.2.2.3.2.2.1.2.2.2.2.1.2.2.2.2.2.2.2",0.713130014533087,FALSE,TRUE,38
"2.2.2.2.2.2.3.2.2.1.2.2.2.2.2.1.2.2.2.2.2.2",0.697350202867185,FALSE,TRUE,38
"2.2.2.2.2.2.3.2.2.1.2.2.2.2.2.2.1.2.2.2.2.2",0.689087411017597,FALSE,TRUE,38
"2.2.2.2.2.2.3.2.2.1.2.2.2.2.2.2.2.1.2.2.2.2",0.654426095830448,FALSE,TRUE,38
"2.2.2.2.2.2.3.2.2.1.2.2.2.2.2.2.2.2.1.2.2.2",0.5970296876355,FALSE,TRUE,38
"2.2.2.2.2.2.3.2.2.1.2.2.2.2.2.2.2.2.2.1.2.2",0.719034425147874,FALSE,TRUE,38
"2.2.2.2.2.2.3.2.2.1.2.2.2.2.2.2.2.2.2.2.1.2",0.585299156313074,FALSE,TRUE,38
"2.2.2.2.2.2.3.2.2.1.2.2.2.2.2.2.2.2.2.2.2.1",0.640014830004559,FALSE,TRUE,37
"3.2.1.3.2.3.2.2.2.2.2.2.2.2.2.2.2.2.2.2.3.2",0.630025976095062,FALSE,TRUE,41
"2.3.1.3.2.3.2.2.2.2.2.2.2.2.2.2.2.2.2.2.3.2",0.684634426331654,FALSE,TRUE,41
"2.2.1.4.2.3.2.2.2.2.2.2.2.2.2.2.2.2.2.2.3.2",0.736776010078335,FALSE,TRUE,42
"2.2.1.3.3.3.2.2.2.2.2.2.2.2.2.2.2.2.2.2.3.2",0.67055550933234,FALSE,TRUE,41
"2.2.1.3.2.4.2.2.2.2.2.2.2.2.2.2.2.2.2.2.3.2",0.715074630686502,FALSE,TRUE,41
"2.2.1.3.2.3.3.2.2.2.2.2.2.2.2.2.2.2.2.2.3.2",0.80866763503487,FALSE,TRUE,41
"2.2.1.3.2.3.2.3.2.2.2.2.2.2.2.2.2.2.2.2.3.2",0.812703767249191,FALSE,TRUE,41
"2.2.1.3.2.3.2.2.3.2.2.2.2.2.2.2.2.2.2.2.3.2",0.829449559877539,FALSE,TRUE,41
"2.2.1.3.2.3.2.2.2.3.2.2.2.2.2.2.2.2.2.2.3.2",0.648099159551718,FALSE,TRUE,41
"2.2.1.3.2.3.2.2.2.2.3.2.2.2.2.2.2.2.2.2.3.2",0.740719518274277,FALSE,TRUE,41
"2.2.1.3.2.3.2.2.2.2.2.3.2.2.2.2.2.2.2.2.3.2",0.713175903334015,FALSE,TRUE,41
"2.2.1.3.2.3.2.2.2.2.2.2.3.2.2.2.2.2.2.2.3.2",0.744110555302125,FALSE,TRUE,41
"2.2.1.3.2.3.2.2.2.2.2.2.2.3.2.2.2.2.2.2.3.2",0.672006170130408,FALSE,TRUE,41
"2.2.1.3.2.3.2.2.2.2.2.2.2.2.3.2.2.2.2.2.3.2",0.737291330413101,FALSE,TRUE,41
"2.2.1.3.2.3.2.2.2.2.2.2.2.2.2.3.2.2.2.2.3.2",0.705657277820065,FALSE,TRUE,41
"2.2.1.3.2.3.2.2.2.2.2.2.2.2.2.2.3.2.2.2.3.2",0.638012622289761,FALSE,TRUE,41
"2.2.1.3.2.3.2.2.2.2.2.2.2.2.2.2.2.3.2.2.3.2",0.697625414876354,FALSE,TRUE,41
"2.2.1.3.2.3.2.2.2.2.2.2.2.2.2.2.2.2.3.2.3.2",0.742645609142346,FALSE,TRUE,41
"2.2.1.3.2.3.2.2.2.2.2.2.2.2.2.2.2.2.2.3.3.2",0.622033692821162,FALSE,TRUE,41
"2.2.1.3.2.3.2.2.2.2.2.2.2.2.2.2.2.2.2.2.4.2",0.782335016498478,FALSE,TRUE,40
"2.2.1.3.2.3.2.2.2.2.2.2.2.2.2.2.2.2.2.2.3.3",0.788288823967837,FALSE,TRUE,41
"1.2.1.3.2.3.2.2.2.2.2.2.2.2.2.2.2.2.2.2.3.2",0.738538426406329,FALSE,TRUE,40
"2.1.1.3.2.3.2.2.2.2.2.2.2.2.2.2.2.2.2.2.3.2",0.686338531892681,FALSE,TRUE,40
"2.2.1.3.1.3.2.2.2.2.2.2.2.2.2.2.2.2.2.2.3.2",0.753152536043325,FALSE,TRUE,40
"2.2.1.3.2.3.1.2.2.2.2.2.2.2.2.2.2.2.2.2.3.2",0.60759083650019,FALSE,TRUE,40
"2.2.1.3.2.3.2.1.2.2.2.2.2.2.2.2.2.2.2.2.3.2",0.572625235397893,FALSE,TRUE,40
"2.2.1.3.2.3.2.2.1.2.2.2.2.2.2.2.2.2.2.2.3.2",0.580727261638279,FALSE,TRUE,40
"2.2.1.3.2.3.2.2.2.1.2.2.2.2.2.2.2.2.2.2.3.2",0.774841152082382,FALSE,TRUE,40
"2.2.1.3.2.3.2.2.2.2.1.2.2.2.2.2.2.2.2.2.3.2",0.629889725516988,FALSE,TRUE,40
"2.2.1.3.2.3.2.2.2.2.2.1.2.2.2.2.2.2.2.2.3.2",0.671460401588694,FALSE,TRUE,40
"2.2.1.3.2.3.2.2.2.2.2.2.1.2.2.2.2.2.2.2.3.2",0.675997413307263,FALSE,TRUE,40
"2.2.1.3.2.3.2.2.2.2.2.2.2.1.2.2.2.2.2.2.3.2",0.731656392823531,FALSE,TRUE,40
"2.2.1.3.2.3.2.2.2.2.2.2.2.2.1.2.2.2.2.2.3.2",0.711184171617229,FALSE,TRUE,40
"2.2.1.3.2.3.2.2.2.2.2.2.2.2.2.1.2.2.2.2.3.2",0.694778008867037,FALSE,TRUE,40
"2.2.1.3.2.3.2.2.2.2.2.2.2.2.2.2.1.2.2.2.3.2",0.743348791740015,FALSE,TRUE,40
"2.2.1.3.2.3.2.2.2.2.2.2.2.2.2.2.2.1.2.2.3.2",0.699649962732677,FALSE,TRUE,40
"2.2.1.3.2.3.2.2.2.2.2.2.2.2.2.2.2.2.1.2.3.2",0.679258882159728,FALSE,TRUE,40
"2.2.1.3.2.3.2.2.2.2.2.2.2.2.2.2.2.2.2.1.3.2",0.768983099606143,FALSE,TRUE,40
"2.2.1.3.2.3.2.2.2.2.2.2.2.2.2.2.2.2.2.2.3.1",0.666659743884484,FALSE,TRUE,40
"3.2.2.2.2.2.3.2.2.2.2.2.2.2.2.2.2.2.3.2.2.2",0.540549726545499,FALSE,TRUE,42
"2.3.2.2.2.2.3.2.2.2.2.2.2.2.2.2.2.2.3.2.2.2",0.673167808598103,FALSE,TRUE,42
"2.2.3.2.2.2.3.2.2.2.2.2.2.2.2.2.2.2.3.2.2.2",0.590658840024447,FALSE,TRUE,40
"2.2.2.3.2.2.3.2.2.2.2.2.2.2.2.2.2.2.3.2.2.2",0.704359643851854,FALSE,TRUE,42
"2.2.2.2.3.2.3.2.2.2.2.2.2.2.2.2.2.2.3.2.2.2",0.606895273293061,FALSE,TRUE,42
"2.2.2.2.2.3.3.2.2.2.2.2.2.2.2.2.2.2.3.2.2.2",0.680045167902142,FALSE,TRUE,41
"2.2.2.2.2.2.4.2.2.2.2.2.2.2.2.2.2.2.3.2.2.2",0.71521202103947,FALSE,TRUE,42
"2.2.2.2.2.2.3.3.2.2.2.2.2.2.2.2.2.2.3.2.2.2",0.776774430734073,FALSE,TRUE,42
"2.2.2.2.2.2.3.2.3.2.2.2.2.2.2.2.2.2.3.2.2.2",0.74499211396817,FALSE,TRUE,42
"2.2.2.2.2.2.3.2.2.3.2.2.2.2.2.2.2.2.3.2.2.2",0.526371827180334,FALSE,TRUE,42
"2.2.2.2.2.2.3.2.2.2.3.2.2.2.2.2.2.2.3.2.2.2",0.687321263915778,FALSE,TRUE,42
"2.2.2.2.2.2.3.2.2.2.2.2.3.2.2.2.2.2.3.2.2.2",0.708942647714072,FALSE,TRUE,42
"2.2.2.2.2.2.3.2.2.2.2.2.2.3.2.2.2.2.3.2.2.2",0.653297752033595,FALSE,TRUE,42
"2.2.2.2.2.2.3.2.2.2.2.2.2.2.3.2.2.2.3.2.2.2",0.669361615690643,FALSE,TRUE,42
"2.2.2.2.2.2.3.2.2.2.2.2.2.2.2.3.2.2.3.2.2.2",0.625738838454977,FALSE,TRUE,42
"2.2.2.2.2.2.3.2.2.2.2.2.2.2.2.2.3.2.3.2.2.2",0.599126619436413,FALSE,TRUE,42
"2.2.2.2.2.2.3.2.2.2.2.2.2.2.2.2.2.3.3.2.2.2",0.67107409382675,FALSE,TRUE,42
"2.2.2.2.2.2.3.2.2.2.2.2.2.2.2.2.2.2.4.2.2.2",0.696755082870883,FALSE,TRUE,43
"2.2.2.2.2.2.3.2.2.2.2.2.2.2.2.2.2.2.3.3.2.2",0.607777001126224,FALSE,TRUE,42
"2.2.2.2.2.2.3.2.2.2.2.2.2.2.2.2.2.2.3.2.3.2",0.701695879113323,FALSE,TRUE,42
"2.2.2.2.2.2.3.2.2.2.2.2.2.2.2.2.2.2.3.2.2.3",0.735754367326348,FALSE,TRUE,42
"1.2.2.2.2.2.3.2.2.2.2.2.2.2.2.2.2.2.3.2.2.2",0.701830631826761,FALSE,TRUE,40
"2.1.2.2.2.2.3.2.2.2.2.2.2.2.2.2.2.2.3.2.2.2",0.557628616327738,FALSE,TRUE,41
"2.2.1.2.2.2.3.2.2.2.2.2.2.2.2.2.2.2.3.2.2.2",0.70743639841802,FALSE,TRUE,40
"2.2.2.1.2.2.3.2.2.2.2.2.2.2.2.2.2.2.3.2.2.2",0.579723308293092,FALSE,TRUE,40
"2.2.2.2.1.2.3.2.2.2.2.2.2.2.2.2.2.2.3.2.2.2",0.677984976542519,FALSE,TRUE,41
"2.2.2.2.2.1.3.2.2.2.2.2.2.2.2.2.2.2.3.2.2.2",0.571965995541552,FALSE,TRUE,41
"2.2.2.2.2.2.3.1.2.2.2.2.2.2.2.2.2.2.3.2.2.2",0.51617515242503,FALSE,TRUE,41
"2.2.2.2.2.2.3.2.1.2.2.2.2.2.2.2.2.2.3.2.2.2",0.532208590615737,FALSE,TRUE,41
"2.2.2.2.2.2.3.2.2.2.1.2.2.2.2.2.2.2.3.2.2.2",0.556283551032186,FALSE,TRUE,41
"2.2.2.2.2.2.3.2.2.2.2.1.2.2.2.2.2.2.3.2.2.2",0.62387897342462,FALSE,TRUE,41
"2.2.2.2.2.2.3.2.2.2.2.2.1.2.2.2.2.2.3.2.2.2",0.626462487022376,FALSE,TRUE,40
"2.2.2.2.2.2.3.2.2.2.2.2.2.1.2.2.2.2.3.2.2.2",0.63386674154573,FALSE,TRUE,41
"2.2.2.2.2.2.3.2.2.2.2.2.2.2.1.2.2.2.3.2.2.2",0.653648160350014,FALSE,TRUE,41
"2.2.2.2.2.2.3.2.2.2.2.2.2.2.2.1.2.2.3.2.2.2",0.670823548790085,FALSE,TRUE,41
"2.2.2.2.2.2.3.2.2.2.2.2.2.2.2.2.1.2.3.2.2.2",0.675861076111087,FALSE,TRUE,41
"2.2.2.2.2.2.3.2.2.2.2.2.2.2.2.2.2.1.3.2.2.2",0.62025868716235,FALSE,TRUE,41
"2.2.2.2.2.2.3.2.2.2.2.2.2.2.2.2.2.2.3.1.2.2",0.66899870038712,FALSE,TRUE,41
"2.2.2.2.2.2.3.2.2.2.2.2.2.2.2.2.2.2.3.2.1.2",0.58595695942556,FALSE,TRUE,41
"2.2.2.2.2.2.3.2.2.2.2.2.2.2.2.2.2.2.3.2.2.1",0.597423560128642,FALSE,TRUE,40
"3.2.3.2.2.2.2.2.2.2.2.2.2.2.2.2.2.2.2.2.2.2",0.33356632620458,FALSE,TRUE,42
"2.3.3.2.2.2.2.2.2.2.2.2.2.2.2.2.2.2.2.2.2.2",0.525394099459564,FALSE,TRUE,41
"2.2.4.2.2.2.2.2.2.2.2.2.2.2.2.2.2.2.2.2.2.2",0.359700284986052,FALSE,TRUE,43
"2.2.3.3.2.2.2.2.2.2.2.2.2.2.2.2.2.2.2.2.2.2",0.509061071377695,FALSE,TRUE,42
"2.2.3.2.3.2.2.2.2.2.2.2.2.2.2.2.2.2.2.2.2.2",0.371712855628702,FALSE,TRUE,42
"2.2.3.2.2.2.2.3.2.2.2.2.2.2.2.2.2.2.2.2.2.2",0.581411487763205,FALSE,TRUE,42
"2.2.3.2.2.2.2.2.3.2.2.2.2.2.2.2.2.2.2.2.2.2",0.553418407007212,FALSE,TRUE,42
"2.2.3.2.2.2.2.2.2.3.2.2.2.2.2.2.2.2.2.2.2.2",0.29743535936317,FALSE,TRUE,42
"2.2.3.2.2.2.2.2.2.2.3.2.2.2.2.2.2.2.2.2.2.2",0.468318622741044,FALSE,TRUE,42
"2.2.3.2.2.2.2.2.2.2.2.3.2.2.2.2.2.2.2.2.2.2",0.453884720957086,FALSE,TRUE,41
"2.2.3.2.2.2.2.2.2.2.2.2.3.2.2.2.2.2.2.2.2.2",0.475724656856517,FALSE,TRUE,42
"2.2.3.2.2.2.2.2.2.2.2.2.2.3.2.2.2.2.2.2.2.2",0.468892904990094,FALSE,TRUE,42
"2.2.3.2.2.2.2.2.2.2.2.2.2.2.3.2.2.2.2.2.2.2",0.441574274795203,FALSE,TRUE,42
"2.2.3.2.2.2.2.2.2.2.2.2.2.2.2.3.2.2.2.2.2.2",0.380289797570722,FALSE,TRUE,42
"2.2.3.2.2.2.2.2.2.2.2.2.2.2.2.2.3.2.2.2.2.2",0.404274124257038,FALSE,TRUE,41
"2.2.3.2.2.2.2.2.2.2.2.2.2.2.2.2.2.3.2.2.2.2",0.457098554881804,FALSE,TRUE,42
"2.2.3.2.2.2.2.2.2.2.2.2.2.2.2.2.2.2.3.2.2.2",0.541248718646922,FALSE,TRUE,41
"2.2.3.2.2.2.2.2.2.2.2.2.2.2.2.2.2.2.2.3.2.2",0.418499734999256,FALSE,TRUE,41
"2.2.3.2.2.2.2.2.2.2.2.2.2.2.2.2.2.2.2.2.3.2",0.535326332382711,FALSE,TRUE,41
"2.2.3.2.2.2.2.2.2.2.2.2.2.2.2.2.2.2.2.2.2.3",0.53752192399254,FALSE,TRUE,42
"1.2.3.2.2.2.2.2.2.2.2.2.2.2.2.2.2.2.2.2.2.2",0.478275453013408,FALSE,TRUE,41
"2.1.3.2.2.2.2.2.2.2.2.2.2.2.2.2.2.2.2.2.2.2",0.295437363002013,FALSE,TRUE,41
"2.2.3.1.2.2.2.2.2.2.2.2.2.2.2.2.2.2.2.2.2.2",0.360677730731015,FALSE,TRUE,40
"2.2.3.2.1.2.2.2.2.2.2.2.2.2.2.2.2.2.2.2.2.2",0.480509325607197,FALSE,TRUE,41
"2.2.3.2.2.1.2.2.2.2.2.2.2.2.2.2.2.2.2.2.2.2",0.351695898171139,FALSE,TRUE,41
"2.2.3.2.2.2.1.2.2.2.2.2.2.2.2.2.2.2.2.2.2.2",0.362419299524658,FALSE,TRUE,41
"2.2.3.2.2.2.2.1.2.2.2.2.2.2.2.2.2.2.2.2.2.2",0.299884518512351,FALSE,TRUE,41
"2.2.3.2.2.2.2.2.1.2.2.2.2.2.2.2.2.2.2.2.2.2",0.292641387474853,FALSE,TRUE,41
"2.2.3.2.2.2.2.2.2.1.2.2.2.2.2.2.2.2.2.2.2.2",0.579982969505478,FALSE,TRUE,40
"2.2.3.2.2.2.2.2.2.2.1.2.2.2.2.2.2.2.2.2.2.2",0.358031903354204,FALSE,TRUE,41
"2.2.3.2.2.2.2.2.2.2.2.1.2.2.2.2.2.2.2.2.2.2",0.380190692763023,FALSE,TRUE,41
"2.2.3.2.2.2.2.2.2.2.2.2.1.2.2.2.2.2.2.2.2.2",0.438647481585019,FALSE,TRUE,41
"2.2.3.2.2.2.2.2.2.2.2.2.2.1.2.2.2.2.2.2.2.2",0.406501535347219,FALSE,TRUE,41
"2.2.3.2.2.2.2.2.2.2.2.2.2.2.1.2.2.2.2.2.2.2",0.442929197156865,FALSE,TRUE,41
"2.2.3.2.2.2.2.2.2.2.2.2.2.2.2.1.2.2.2.2.2.2",0.504720681025266,FALSE,TRUE,41
"2.2.3.2.2.2.2.2.2.2.2.2.2.2.2.2.1.2.2.2.2.2",0.459687614069061,FALSE,TRUE,41
"2.2.3.2.2.2.2.2.2.2.2.2.2.2.2.2.2.1.2.2.2.2",0.41313461649097,FALSE,TRUE,41
"2.2.3.2.2.2.2.2.2.2.2.2.2.2.2.2.2.2.1.2.2.2",0.331246650909252,FALSE,TRUE,41
"2.2.3.2.2.2.2.2.2.2.2.2.2.2.2.2.2.2.2.1.2.2",0.445231057602324,FALSE,TRUE,41
"2.2.3.2.2.2.2.2.2.2.2.2.2.2.2.2.2.2.2.2.1.2",0.324610055793487,FALSE,TRUE,41
"2.2.3.2.2.2.2.2.2.2.2.2.2.2.2.2.2.2.2.2.2.1",0.363333115085232,FALSE,TRUE,41
"1.3.2.2.2.2.3.2.2.2.2.3.2.2.2.2.2.2.2.2.2.2",0.732811067682755,FALSE,TRUE,41
"1.2.3.2.2.2.3.2.2.2.2.3.2.2.2.2.2.2.2.2.2.2",0.585217974631439,FALSE,TRUE,41
"1.2.2.3.2.2.3.2.2.2.2.3.2.2.2.2.2.2.2.2.2.2",0.736785327629651,FALSE,TRUE,41
"1.2.2.2.3.2.3.2.2.2.2.3.2.2.2.2.2.2.2.2.2.2",0.622890124288704,FALSE,TRUE,41
"1.2.2.2.2.3.3.2.2.2.2.3.2.2.2.2.2.2.2.2.2.2",0.725726390762929,FALSE,TRUE,41
"1.2.2.2.2.2.4.2.2.2.2.3.2.2.2.2.2.2.2.2.2.2",0.721527701830319,FALSE,TRUE,41
"1.2.2.2.2.2.3.3.2.2.2.3.2.2.2.2.2.2.2.2.2.2",0.771691558271245,FALSE,TRUE,41
"1.2.2.2.2.2.3.2.3.2.2.3.2.2.2.2.2.2.2.2.2.2",0.741874181964926,FALSE,TRUE,41
"1.2.2.2.2.2.3.2.2.3.2.3.2.2.2.2.2.2.2.2.2.2",0.514807236296327,FALSE,TRUE,41
"1.2.2.2.2.2.3.2.2.2.3.3.2.2.2.2.2.2.2.2.2.2",0.70030270010165,FALSE,TRUE,41
"1.2.2.2.2.2.3.2.2.2.2.4.2.2.2.2.2.2.2.2.2.2",0.64797138010937,FALSE,TRUE,41
"1.2.2.2.2.2.3.2.2.2.2.3.3.2.2.2.2.2.2.2.2.2",0.701258727726492,FALSE,TRUE,41
"1.2.2.2.2.2.3.2.2.2.2.3.2.3.2.2.2.2.2.2.2.2",0.719096539583552,FALSE,TRUE,41
"1.2.2.2.2.2.3.2.2.2.2.3.2.2.3.2.2.2.2.2.2.2",0.656521192602253,FALSE,TRUE,41
"1.2.2.2.2.2.3.2.2.2.2.3.2.2.2.3.2.2.2.2.2.2",0.628394027059625,FALSE,TRUE,41
"1.2.2.2.2.2.3.2.2.2.2.3.2.2.2.2.3.2.2.2.2.2",0.643132795377998,FALSE,TRUE,41
"1.2.2.2.2.2.3.2.2.2.2.3.2.2.2.2.2.3.2.2.2.2",0.683838381680865,FALSE,TRUE,41
"1.2.2.2.2.2.3.2.2.2.2.3.2.2.2.2.2.2.3.2.2.2",0.719627828490921,FALSE,TRUE,40
"1.2.2.2.2.2.3.2.2.2.2.3.2.2.2.2.2.2.2.3.2.2",0.597809333235461,FALSE,TRUE,41
"1.2.2.2.2.2.3.2.2.2.2.3.2.2.2.2.2.2.2.2.3.2",0.686760108954917,FALSE,TRUE,41
"1.2.2.2.2.2.3.2.2.2.2.3.2.2.2.2.2.2.2.2.2.3",0.731114726118293,FALSE,TRUE,41
"1.1.2.2.2.2.3.2.2.2.2.3.2.2.2.2.2.2.2.2.2.2",0.501923685815983,FALSE,TRUE,40
"1.2.1.2.2.2.3.2.2.2.2.3.2.2.2.2.2.2.2.2.2.2",0.704723781460569,FALSE,TRUE,40
"1.2.2.1.2.2.3.2.2.2.2.3.2.2.2.2.2.2.2.2.2.2",0.540968409860966,FALSE,TRUE,40
"1.2.2.2.1.2.3.2.2.2.2.3.2.2.2.2.2.2.2.2.2.2",0.672029777401089,FALSE,TRUE,40
"1.2.2.2.2.1.3.2.2.2.2.3.2.2.2.2.2.2.2.2.2.2",0.535849837156486,FALSE,TRUE,40
"1.2.2.2.2.2.2.2.2.2.2.3.2.2.2.2.2.2.2.2.2.2",0.585861914871115,FALSE,TRUE,40
"1.2.2.2.2.2.3.1.2.2.2.3.2.2.2.2.2.2.2.2.2.2",0.518077486200002,FALSE,TRUE,40
"1.2.2.2.2.2.3.2.1.2.2.3.2.2.2.2.2.2.2.2.2.2",0.533324811202565,FALSE,TRUE,40
"1.2.2.2.2.2.3.2.2.1.2.3.2.2.2.2.2.2.2.2.2.2",0.77241462461249,FALSE,TRUE,39
"1.2.2.2.2.2.3.2.2.2.1.3.2.2.2.2.2.2.2.2.2.2",0.554121201157511,FALSE,TRUE,40
"1.2.2.2.2.2.3.2.2.2.2.3.2.1.2.2.2.2.2.2.2.2",0.571912929933504,FALSE,TRUE,40
"1.2.2.2.2.2.3.2.2.2.2.3.2.2.1.2.2.2.2.2.2.2",0.667961625220907,FALSE,TRUE,40
"1.2.2.2.2.2.3.2.2.2.2.3.2.2.2.1.2.2.2.2.2.2",0.668393827475751,FALSE,TRUE,39
"1.2.2.2.2.2.3.2.2.2.2.3.2.2.2.2.1.2.2.2.2.2",0.61840918505454,FALSE,TRUE,40
"1.2.2.2.2.2.3.2.2.2.2.3.2.2.2.2.2.1.2.2.2.2",0.602213640236957,FALSE,TRUE,40
"1.2.2.2.2.2.3.2.2.2.2.3.2.2.2.2.2.2.1.2.2.2",0.585371239836109,FALSE,TRUE,40
"1.2.2.2.2.2.3.2.2.2.2.3.2.2.2.2.2.2.2.1.2.2",0.674073110468239,FALSE,TRUE,40
"1.2.2.2.2.2.3.2.2.2.2.3.2.2.2.2.2.2.2.2.1.2",0.598671846068136,FALSE,TRUE,40
"3.2.2.2.2.3.2.2.3.2.2.2.2.2.2.3.3.2.2.2.2.1",0.382108275487261,FALSE,TRUE,41
"2.3.2.2.2.3.2.2.3.2.2.2.2.2.2.3.3.2.2.2.2.1",0.52958427563769,FALSE,TRUE,39
"2.2.3.2.2.3.2.2.3.2.2.2.2.2.2.3.3.2.2.2.2.1",0.44504135098113,FALSE,TRUE,41
"2.2.2.3.2.3.2.2.3.2.2.2.2.2.2.3.3.2.2.2.2.1",0.551935817733349,FALSE,TRUE,41
"2.2.2.2.3.3.2.2.3.2.2.2.2.2.2.3.3.2.2.2.2.1",0.476291364281157,FALSE,TRUE,41
"2.2.2.2.2.4.2.2.3.2.2.2.2.2.2.3.3.2.2.2.2.1",0.485179615200602,FALSE,TRUE,41
"2.2.2.2.2.3.3.2.3.2.2.2.2.2.2.3.3.2.2.2.2.1",0.555466840436442,FALSE,TRUE,41
"2.2.2.2.2.3.2.3.3.2.2.2.2.2.2.3.3.2.2.2.2.1",0.590165303580877,FALSE,TRUE,41
"2.2.2.2.2.3.2.2.4.2.2.2.2.2.2.3.3.2.2.2.2.1",0.607624904985443,FALSE,TRUE,42
"2.2.2.2.2.3.2.2.3.3.2.2.2.2.2.3.3.2.2.2.2.1",0.385193317383595,FALSE,TRUE,41
"2.2.2.2.2.3.2.2.3.2.3.2.2.2.2.3.3.2.2.2.2.1",0.486140653690672,FALSE,TRUE,41
"2.2.2.2.2.3.2.2.3.2.2.3.2.2.2.3.3.2.2.2.2.1",0.50610582671652,FALSE,TRUE,41
"2.2.2.2.2.3.2.2.3.2.2.2.3.2.2.3.3.2.2.2.2.1",0.509232317695212,FALSE,TRUE,41
"2.2.2.2.2.3.2.2.3.2.2.2.2.3.2.3.3.2.2.2.2.1",0.487606753752631,FALSE,TRUE,41
"2.2.2.2.2.3.2.2.3.2.2.2.2.2.3.3.3.2.2.2.2.1",0.520596001577487,FALSE,TRUE,40
"2.2.2.2.2.3.2.2.3.2.2.2.2.2.2.4.3.2.2.2.2.1",0.405305208840737,FALSE,TRUE,41
"2.2.2.2.2.3.2.2.3.2.2.2.2.2.2.3.4.2.2.2.2.1",0.416103778939823,FALSE,TRUE,41
"2.2.2.2.2.3.2.2.3.2.2.2.2.2.2.3.3.3.2.2.2.1",0.500131571899373,FALSE,TRUE,41
"2.2.2.2.2.3.2.2.3.2.2.2.2.2.2.3.3.2.3.2.2.1",0.564571801320104,FALSE,TRUE,41
"2.2.2.2.2.3.2.2.3.2.2.2.2.2.2.3.3.2.2.3.2.1",0.521725513932828,FALSE,TRUE,41
"2.2.2.2.2.3.2.2.3.2.2.2.2.2.2.3.3.2.2.2.3.1",0.577175643374434,FALSE,TRUE,41
"2.2.2.2.2.3.2.2.3.2.2.2.2.2.2.3.3.2.2.2.2.2",0.576499808449743,FALSE,TRUE,41
"1.2.2.2.2.3.2.2.3.2.2.2.2.2.2.3.3.2.2.2.2.1",0.5591325929339,FALSE,TRUE,40
"2.1.2.2.2.3.2.2.3.2.2.2.2.2.2.3.3.2.2.2.2.1",0.413503999924069,FALSE,TRUE,40
"2.2.1.2.2.3.2.2.3.2.2.2.2.2.2.3.3.2.2.2.2.1",0.545621013439731,FALSE,TRUE,40
"2.2.2.1.2.3.2.2.3.2.2.2.2.2.2.3.3.2.2.2.2.1",0.423067759922333,FALSE,TRUE,40
"2.2.2.2.2.2.2.2.3.2.2.2.2.2.2.3.3.2.2.2.2.1",0.455356142692343,FALSE,TRUE,41
"2.2.2.2.2.3.1.2.3.2.2.2.2.2.2.3.3.2.2.2.2.1",0.425044059876354,FALSE,TRUE,40
"2.2.2.2.2.3.2.1.3.2.2.2.2.2.2.3.3.2.2.2.2.1",0.359897098228152,FALSE,TRUE,40
"2.2.2.2.2.3.2.2.3.1.2.2.2.2.2.3.3.2.2.2.2.1",0.61464433154334,FALSE,TRUE,40
"2.2.2.2.2.3.2.2.3.2.1.2.2.2.2.3.3.2.2.2.2.1",0.453775723944652,FALSE,TRUE,40
"2.2.2.2.2.3.2.2.3.2.2.1.2.2.2.3.3.2.2.2.2.1",0.448080249217613,FALSE,TRUE,40
"2.2.2.2.2.3.2.2.3.2.2.2.1.2.2.3.3.2.2.2.2.1",0.479165374218295,FALSE,TRUE,40
"2.2.2.2.2.3.2.2.3.2.2.2.2.1.2.3.3.2.2.2.2.1",0.481394071333678,FALSE,TRUE,40
"2.2.2.2.2.3.2.2.3.2.2.2.2.2.1.3.3.2.2.2.2.1",0.478833019151644,FALSE,TRUE,40
"2.2.2.2.2.3.2.2.3.2.2.2.2.2.2.3.2.2.2.2.2.1",0.564660570673735,FALSE,TRUE,39
"2.2.2.2.2.3.2.2.3.2.2.2.2.2.2.3.3.1.2.2.2.1",0.455403896587361,FALSE,TRUE,40
"2.2.2.2.2.3.2.2.3.2.2.2.2.2.2.3.3.2.1.2.2.1",0.415893988658568,FALSE,TRUE,40
"2.2.2.2.2.3.2.2.3.2.2.2.2.2.2.3.3.2.2.1.2.1",0.462300095030011,FALSE,TRUE,40
"2.2.2.2.2.3.2.2.3.2.2.2.2.2.2.3.3.2.2.2.1.1",0.413826292574961,FALSE,TRUE,40
"3.2.2.1.2.2.3.2.2.1.2.2.2.2.2.2.2.2.2.2.2.2",0.547703833177324,FALSE,TRUE,39
"2.3.2.1.2.2.3.2.2.1.2.2.2.2.2.2.2.2.2.2.2.2",0.656765255809157,FALSE,TRUE,39
"2.2.3.1.2.2.3.2.2.1.2.2.2.2.2.2.2.2.2.2.2.2",0.558855153153029,FALSE,TRUE,39
"2.2.2.1.3.2.3.2.2.1.2.2.2.2.2.2.2.2.2.2.2.2",0.553560855862229,FALSE,TRUE,39
"2.2.2.1.2.3.3.2.2.1.2.2.2.2.2.2.2.2.2.2.2.2",0.597337172145021,FALSE,TRUE,37
"2.2.2.1.2.2.4.2.2.1.2.2.2.2.2.2.2.2.2.2.2.2",0.684298564677773,FALSE,TRUE,39
"2.2.2.1.2.2.3.3.2.1.2.2.2.2.2.2.2.2.2.2.2.2",0.700043626486452,FALSE,TRUE,39
"2.2.2.1.2.2.3.2.3.1.2.2.2.2.2.2.2.2.2.2.2.2",0.725055904814189,FALSE,TRUE,39
"2.2.2.1.2.2.3.2.2.1.3.2.2.2.2.2.2.2.2.2.2.2",0.623182690519657,FALSE,TRUE,39
"2.2.2.1.2.2.3.2.2.1.2.3.2.2.2.2.2.2.2.2.2.2",0.631858559091208,FALSE,TRUE,38
"2.2.2.1.2.2.3.2.2.1.2.2.3.2.2.2.2.2.2.2.2.2",0.631944217140283,FALSE,TRUE,39
"2.2.2.1.2.2.3.2.2.1.2.2.2.3.2.2.2.2.2.2.2.2",0.618855476927413,FALSE,TRUE,39
"2.2.2.1.2.2.3.2.2.1.2.2.2.2.3.2.2.2.2.2.2.2",0.596200371642108,FALSE,TRUE,39
"2.2.2.1.2.2.3.2.2.1.2.2.2.2.2.3.2.2.2.2.2.2",0.583523126805981,FALSE,TRUE,39
"2.2.2.1.2.2.3.2.2.1.2.2.2.2.2.2.3.2.2.2.2.2",0.583060638820486,FALSE,TRUE,39
"2.2.2.1.2.2.3.2.2.1.2.2.2.2.2.2.2.3.2.2.2.2",0.584021123147189,FALSE,TRUE,39
"2.2.2.1.2.2.3.2.2.1.2.2.2.2.2.2.2.2.2.3.2.2",0.569140014420959,FALSE,TRUE,39
"2.2.2.1.2.2.3.2.2.1.2.2.2.2.2.2.2.2.2.2.3.2",0.68157155492989,FALSE,TRUE,39
"2.2.2.1.2.2.3.2.2.1.2.2.2.2.2.2.2.2.2.2.2.3",0.664697523590361,FALSE,TRUE,39
"1.2.2.1.2.2.3.2.2.1.2.2.2.2.2.2.2.2.2.2.2.2",0.567386218013909,FALSE,TRUE,38
"2.1.2.1.2.2.3.2.2.1.2.2.2.2.2.2.2.2.2.2.2.2",0.486572878410934,FALSE,TRUE,38
"2.2.1.1.2.2.3.2.2.1.2.2.2.2.2.2.2.2.2.2.2.2",0.62165406968411,FALSE,TRUE,38
"2.2.2.1.1.2.3.2.2.1.2.2.2.2.2.2.2.2.2.2.2.2",0.625879641696755,FALSE,TRUE,38
"2.2.2.1.2.1.3.2.2.1.2.2.2.2.2.2.2.2.2.2.2.2",0.548702451574857,FALSE,TRUE,38
"2.2.2.1.2.2.2.2.2.1.2.2.2.2.2.2.2.2.2.2.2.2",0.503698974922722,FALSE,TRUE,37
"2.2.2.1.2.2.3.1.2.1.2.2.2.2.2.2.2.2.2.2.2.2",0.46929232887622,FALSE,TRUE,38
"2.2.2.1.2.2.3.2.1.1.2.2.2.2.2.2.2.2.2.2.2.2",0.442756588497047,FALSE,TRUE,38
"2.2.2.1.2.2.3.2.2.1.1.2.2.2.2.2.2.2.2.2.2.2",0.519205659133119,FALSE,TRUE,38
"2.2.2.1.2.2.3.2.2.1.2.1.2.2.2.2.2.2.2.2.2.2",0.516333365838234,FALSE,TRUE,38
"2.2.2.1.2.2.3.2.2.1.2.2.1.2.2.2.2.2.2.2.2.2",0.576783073425305,FALSE,TRUE,38
"2.2.2.1.2.2.3.2.2.1.2.2.2.1.2.2.2.2.2.2.2.2",0.554169479121801,FALSE,TRUE,38
"2.2.2.1.2.2.3.2.2.1.2.2.2.2.1.2.2.2.2.2.2.2",0.609921853736492,FALSE,TRUE,38
"2.2.2.1.2.2.3.2.2.1.2.2.2.2.2.1.2.2.2.2.2.2",0.596695061988913,FALSE,TRUE,38
"2.2.2.1.2.2.3.2.2.1.2.2.2.2.2.2.1.2.2.2.2.2",0.553339802806151,FALSE,TRUE,38
"2.2.2.1.2.2.3.2.2.1.2.2.2.2.2.2.2.1.2.2.2.2",0.592263588650921,FALSE,TRUE,38
"2.2.2.1.2.2.3.2.2.1.2.2.2.2.2.2.2.2.1.2.2.2",0.509325838152972,FALSE,TRUE,39
"2.2.2.1.2.2.3.2.2.1.2.2.2.2.2.2.2.2.2.1.2.2",0.587310685394934,FALSE,TRUE,38
"2.2.2.1.2.2.3.2.2.1.2.2.2.2.2.2.2.2.2.2.1.2",0.502310368099952,FALSE,TRUE,38
"2.2.2.1.2.2.3.2.2.1.2.2.2.2.2.2.2.2.2.2.2.1",0.543745702704503,FALSE,TRUE,38
"3.2.2.1.2.2.3.2.2.1.2.2.2.2.2.2.2.2.3.2.2.2",0.599023145193421,FALSE,TRUE,40
"2.3.2.1.2.2.3.2.2.1.2.2.2.2.2.2.2.2.3.2.2.2",0.672927928431708,FALSE,TRUE,40
"2.2.3.1.2.2.3.2.2.1.2.2.2.2.2.2.2.2.3.2.2.2",0.634071913904689,FALSE,TRUE,39
"2.2.2.1.3.2.3.2.2.1.2.2.2.2.2.2.2.2.3.2.2.2",0.617101655264691,FALSE,TRUE,40
"2.2.2.1.2.3.3.2.2.1.2.2.2.2.2.2.2.2.3.2.2.2",0.617429474721841,FALSE,TRUE,40
"2.2.2.1.2.2.4.2.2.1.2.2.2.2.2.2.2.2.3.2.2.2",0.740594064974781,FALSE,TRUE,40
"2.2.2.1.2.2.3.3.2.1.2.2.2.2.2.2.2.2.3.2.2.2",0.757718227698384,FALSE,TRUE,40
"2.2.2.1.2.2.3.2.3.1.2.2.2.2.2.2.2.2.3.2.2.2",0.769290644815805,FALSE,TRUE,40
"2.2.2.1.2.2.3.2.2.1.3.2.2.2.2.2.2.2.3.2.2.2",0.683749103886816,FALSE,TRUE,40
"2.2.2.1.2.2.3.2.2.1.2.3.2.2.2.2.2.2.3.2.2.2",0.64997696738064,FALSE,TRUE,40
"2.2.2.1.2.2.3.2.2.1.2.2.3.2.2.2.2.2.3.2.2.2",0.711635643272593,FALSE,TRUE,40
"2.2.2.1.2.2.3.2.2.1.2.2.2.3.2.2.2.2.3.2.2.2",0.64630356835713,FALSE,TRUE,40
"2.2.2.1.2.2.3.2.2.1.2.2.2.2.3.2.2.2.3.2.2.2",0.66703557440808,FALSE,TRUE,40
"2.2.2.1.2.2.3.2.2.1.2.2.2.2.2.3.2.2.3.2.2.2",0.67374499220147,FALSE,TRUE,40
"2.2.2.1.2.2.3.2.2.1.2.2.2.2.2.2.3.2.3.2.2.2",0.650509758089446,FALSE,TRUE,40
"2.2.2.1.2.2.3.2.2.1.2.2.2.2.2.2.2.3.3.2.2.2",0.624227309379257,FALSE,TRUE,40
"2.2.2.1.2.2.3.2.2.1.2.2.2.2.2.2.2.2.4.2.2.2",0.686520409046453,FALSE,TRUE,41
"2.2.2.1.2.2.3.2.2.1.2.2.2.2.2.2.2.2.3.3.2.2",0.628165104464893,FALSE,TRUE,40
"2.2.2.1.2.2.3.2.2.1.2.2.2.2.2.2.2.2.3.2.3.2",0.702602291586758,FALSE,TRUE,40
"2.2.2.1.2.2.3.2.2.1.2.2.2.2.2.2.2.2.3.2.2.3",0.716092450488003,FALSE,TRUE,40
"1.2.2.1.2.2.3.2.2.1.2.2.2.2.2.2.2.2.3.2.2.2",0.633756772438434,FALSE,TRUE,39
"2.1.2.1.2.2.3.2.2.1.2.2.2.2.2.2.2.2.3.2.2.2",0.572981906001398,FALSE,TRUE,39
"2.2.1.1.2.2.3.2.2.1.2.2.2.2.2.2.2.2.3.2.2.2",0.66500103169431,FALSE,TRUE,39
"2.2.2.1.1.2.3.2.2.1.2.2.2.2.2.2.2.2.3.2.2.2",0.678942157434381,FALSE,TRUE,39
"2.2.2.1.2.1.3.2.2.1.2.2.2.2.2.2.2.2.3.2.2.2",0.643611393689959,FALSE,TRUE,39
"2.2.2.1.2.2.2.2.2.1.2.2.2.2.2.2.2.2.3.2.2.2",0.560684918217401,FALSE,TRUE,40
"2.2.2.1.2.2.3.1.2.1.2.2.2.2.2.2.2.2.3.2.2.2",0.529862914949359,FALSE,TRUE,39
"2.2.2.1.2.2.3.2.1.1.2.2.2.2.2.2.2.2.3.2.2.2",0.513171077003615,FALSE,TRUE,39
"2.2.2.1.2.2.3.2.2.1.1.2.2.2.2.2.2.2.3.2.2.2",0.572930553265431,FALSE,TRUE,39
"2.2.2.1.2.2.3.2.2.1.2.1.2.2.2.2.2.2.3.2.2.2",0.609082448231838,FALSE,TRUE,39
"2.2.2.1.2.2.3.2.2.1.2.2.1.2.2.2.2.2.3.2.2.2",0.621863298222468,FALSE,TRUE,39
"2.2.2.1.2.2.3.2.2.1.2.2.2.1.2.2.2.2.3.2.2.2",0.6402317487623,FALSE,TRUE,39
"2.2.2.1.2.2.3.2.2.1.2.2.2.2.1.2.2.2.3.2.2.2",0.656856696697335,FALSE,TRUE,39
"2.2.2.1.2.2.3.2.2.1.2.2.2.2.2.1.2.2.3.2.2.2",0.618609579046935,FALSE,TRUE,39
"2.2.2.1.2.2.3.2.2.1.2.2.2.2.2.2.1.2.3.2.2.2",0.597613973402468,FALSE,TRUE,39
"2.2.2.1.2.2.3.2.2.1.2.2.2.2.2.2.2.1.3.2.2.2",0.668915074177884,FALSE,TRUE,39
"2.2.2.1.2.2.3.2.2.1.2.2.2.2.2.2.2.2.3.1.2.2",0.639133678300527,FALSE,TRUE,39
"2.2.2.1.2.2.3.2.2.1.2.2.2.2.2.2.2.2.3.2.1.2",0.591311966292849,FALSE,TRUE,39
"2.2.2.1.2.2.3.2.2.1.2.2.2.2.2.2.2.2.3.2.2.1",0.609738832823964,FALSE,TRUE,39
"3.2.2.2.2.2.3.2.2.2.2.3.1.2.2.1.2.2.2.2.2.2",0.341743214638265,FALSE,TRUE,40
"2.3.2.2.2.2.3.2.2.2.2.3.1.2.2.1.2.2.2.2.2.2",0.450321264507965,FALSE,TRUE,40
"2.2.3.2.2.2.3.2.2.2.2.3.1.2.2.1.2.2.2.2.2.2",0.459002035576186,FALSE,TRUE,40
"2.2.2.3.2.2.3.2.2.2.2.3.1.2.2.1.2.2.2.2.2.2",0.54080942258325,FALSE,TRUE,40
"2.2.2.2.3.2.3.2.2.2.2.3.1.2.2.1.2.2.2.2.2.2",0.376607661784894,FALSE,TRUE,40
"2.2.2.2.2.3.3.2.2.2.2.3.1.2.2.1.2.2.2.2.2.2",0.495934094533413,FALSE,TRUE,40
"2.2.2.2.2.2.4.2.2.2.2.3.1.2.2.1.2.2.2.2.2.2",0.562713846352817,FALSE,TRUE,40
"2.2.2.2.2.2.3.3.2.2.2.3.1.2.2.1.2.2.2.2.2.2",0.603455749438414,FALSE,TRUE,40
"2.2.2.2.2.2.3.2.3.2.2.3.1.2.2.1.2.2.2.2.2.2",0.532698567870277,FALSE,TRUE,40
"2.2.2.2.2.2.3.2.2.3.2.3.1.2.2.1.2.2.2.2.2.2",0.408090141296582,FALSE,TRUE,40
"2.2.2.2.2.2.3.2.2.2.3.3.1.2.2.1.2.2.2.2.2.2",0.435792144177648,FALSE,TRUE,40
"2.2.2.2.2.2.3.2.2.2.2.4.1.2.2.1.2.2.2.2.2.2",0.373343797123944,FALSE,TRUE,40
"2.2.2.2.2.2.3.2.2.2.2.3.1.3.2.1.2.2.2.2.2.2",0.467693066391776,FALSE,TRUE,40
"2.2.2.2.2.2.3.2.2.2.2.3.1.2.3.1.2.2.2.2.2.2",0.480508081377851,FALSE,TRUE,40
"2.2.2.2.2.2.3.2.2.2.2.3.1.2.2.1.3.2.2.2.2.2",0.518556495220824,FALSE,TRUE,40
"2.2.2.2.2.2.3.2.2.2.2.3.1.2.2.1.2.3.2.2.2.2",0.493876085243403,FALSE,TRUE,40
"2.2.2.2.2.2.3.2.2.2.2.3.1.2.2.1.2.2.3.2.2.2",0.504778422760252,FALSE,TRUE,40
"2.2.2.2.2.2.3.2.2.2.2.3.1.2.2.1.2.2.2.3.2.2",0.442057889809253,FALSE,TRUE,40
"2.2.2.2.2.2.3.2.2.2.2.3.1.2.2.1.2.2.2.2.3.2",0.488167889354336,FALSE,TRUE,40
"2.2.2.2.2.2.3.2.2.2.2.3.1.2.2.1.2.2.2.2.2.3",0.573968649289968,FALSE,TRUE,40
"1.2.2.2.2.2.3.2.2.2.2.3.1.2.2.1.2.2.2.2.2.2",0.592572278114685,FALSE,TRUE,38
"2.1.2.2.2.2.3.2.2.2.2.3.1.2.2.1.2.2.2.2.2.2",0.463517208316612,FALSE,TRUE,39
"2.2.1.2.2.2.3.2.2.2.2.3.1.2.2.1.2.2.2.2.2.2",0.525937027714205,FALSE,TRUE,39
"2.2.2.1.2.2.3.2.2.2.2.3.1.2.2.1.2.2.2.2.2.2",0.424235685978039,FALSE,TRUE,39
"2.2.2.2.1.2.3.2.2.2.2.3.1.2.2.1.2.2.2.2.2.2",0.587609429923142,FALSE,TRUE,39
"2.2.2.2.2.1.3.2.2.2.2.3.1.2.2.1.2.2.2.2.2.2",0.474259846504726,FALSE,TRUE,39
"2.2.2.2.2.2.2.2.2.2.2.3.1.2.2.1.2.2.2.2.2.2",0.43223993626482,FALSE,TRUE,40
"2.2.2.2.2.2.3.1.2.2.2.3.1.2.2.1.2.2.2.2.2.2",0.407317292423863,FALSE,TRUE,39
"2.2.2.2.2.2.3.2.1.2.2.3.1.2.2.1.2.2.2.2.2.2",0.430852617819177,FALSE,TRUE,39
"2.2.2.2.2.2.3.2.2.1.2.3.1.2.2.1.2.2.2.2.2.2",0.57777990981878,FALSE,TRUE,39
"2.2.2.2.2.2.3.2.2.2.1.3.1.2.2.1.2.2.2.2.2.2",0.504522091020624,FALSE,TRUE,39
"2.2.2.2.2.2.3.2.2.2.2.2.1.2.2.1.2.2.2.2.2.2",0.584318517743887,FALSE,TRUE,39
"2.2.2.2.2.2.3.2.2.2.2.3.1.1.2.1.2.2.2.2.2.2",0.523212384214945,FALSE,TRUE,39
"2.2.2.2.2.2.3.2.2.2.2.3.1.2.1.1.2.2.2.2.2.2",0.522695972246439,FALSE,TRUE,39
"2.2.2.2.2.2.3.2.2.2.2.3.1.2.2.1.1.2.2.2.2.2",0.447605868932022,FALSE,TRUE,39
"2.2.2.2.2.2.3.2.2.2.2.3.1.2.2.1.2.1.2.2.2.2",0.499305454329863,FALSE,TRUE,39
"2.2.2.2.2.2.3.2.2.2.2.3.1.2.2.1.2.2.1.2.2.2",0.480503729972833,FALSE,TRUE,39
"2.2.2.2.2.2.3.2.2.2.2.3.1.2.2.1.2.2.2.1.2.2",0.519816526533547,FALSE,TRUE,39
"2.2.2.2.2.2.3.2.2.2.2.3.1.2.2.1.2.2.2.2.1.2",0.478077821035273,FALSE,TRUE,39
"2.2.2.2.2.2.3.2.2.2.2.3.1.2.2.1.2.2.2.2.2.1",0.433467772998198,FALSE,TRUE,38
"1.4.2.2.2.3.2.2.2.2.2.2.2.2.2.3.2.2.2.2.2.1",0.600508760965784,FALSE,TRUE,40
"1.3.3.2.2.3.2.2.2.2.2.2.2.2.2.3.2.2.2.2.2.1",0.518330004486312,FALSE,TRUE,40
"1.3.2.3.2.3.2.2.2.2.2.2.2.2.2.3.2.2.2.2.2.1",0.620847113135775,FALSE,TRUE,40
"1.3.2.2.3.3.2.2.2.2.2.2.2.2.2.3.2.2.2.2.2.1",0.501677727870571,FALSE,TRUE,40
"1.3.2.2.2.4.2.2.2.2.2.2.2.2.2.3.2.2.2.2.2.1",0.553046092654043,FALSE,TRUE,40
"1.3.2.2.2.3.3.2.2.2.2.2.2.2.2.3.2.2.2.2.2.1",0.663099622308561,FALSE,TRUE,40
"1.3.2.2.2.3.2.3.2.2.2.2.2.2.2.3.2.2.2.2.2.1",0.671737774816925,FALSE,TRUE,40
"1.3.2.2.2.3.2.2.3.2.2.2.2.2.2.3.2.2.2.2.2.1",0.679049298606223,FALSE,TRUE,39
"1.3.2.2.2.3.2.2.2.2.3.2.2.2.2.3.2.2.2.2.2.1",0.60946371066332,FALSE,TRUE,40
"1.3.2.2.2.3.2.2.2.2.2.3.2.2.2.3.2.2.2.2.2.1",0.595920369784324,FALSE,TRUE,40
"1.3.2.2.2.3.2.2.2.2.2.2.3.2.2.3.2.2.2.2.2.1",0.544263988183249,FALSE,TRUE,40
"1.3.2.2.2.3.2.2.2.2.2.2.2.3.2.3.2.2.2.2.2.1",0.557805695010737,FALSE,TRUE,40
"1.3.2.2.2.3.2.2.2.2.2.2.2.2.3.3.2.2.2.2.2.1",0.580213645052086,FALSE,TRUE,40
"1.3.2.2.2.3.2.2.2.2.2.2.2.2.2.4.2.2.2.2.2.1",0.480749926736859,FALSE,TRUE,41
"1.3.2.2.2.3.2.2.2.2.2.2.2.2.2.3.3.2.2.2.2.1",0.499006227904698,FALSE,TRUE,38
"1.3.2.2.2.3.2.2.2.2.2.2.2.2.2.3.2.3.2.2.2.1",0.504143551353686,FALSE,TRUE,40
"1.3.2.2.2.3.2.2.2.2.2.2.2.2.2.3.2.2.3.2.2.1",0.608202118477744,FALSE,TRUE,40
"1.3.2.2.2.3.2.2.2.2.2.2.2.2.2.3.2.2.2.3.2.1",0.468473405290525,FALSE,TRUE,40
"1.3.2.2.2.3.2.2.2.2.2.2.2.2.2.3.2.2.2.2.3.1",0.653118143870238,FALSE,TRUE,40
"1.3.2.2.2.3.2.2.2.2.2.2.2.2.2.3.2.2.2.2.2.2",0.635732750674193,FALSE,TRUE,40
"1.2.2.2.2.3.2.2.2.2.2.2.2.2.2.3.2.2.2.2.2.1",0.441378586352795,FALSE,TRUE,38
"1.3.1.2.2.3.2.2.2.2.2.2.2.2.2.3.2.2.2.2.2.1",0.537802155402056,FALSE,TRUE,39
"1.3.2.1.2.3.2.2.2.2.2.2.2.2.2.3.2.2.2.2.2.1",0.416335966627528,FALSE,TRUE,39
"1.3.2.2.1.3.2.2.2.2.2.2.2.2.2.3.2.2.2.2.2.1",0.570791282986655,FALSE,TRUE,39
"1.3.2.2.2.2.2.2.2.2.2.2.2.2.2.3.2.2.2.2.2.1",0.486784417052927,FALSE,TRUE,40
"1.3.2.2.2.3.1.2.2.2.2.2.2.2.2.3.2.2.2.2.2.1",0.403845309050038,FALSE,TRUE,39
"1.3.2.2.2.3.2.1.2.2.2.2.2.2.2.3.2.2.2.2.2.1",0.358192013503544,FALSE,TRUE,39
"1.3.2.2.2.3.2.2.1.2.2.2.2.2.2.3.2.2.2.2.2.1",0.367601747597049,FALSE,TRUE,39
"1.3.2.2.2.3.2.2.2.1.2.2.2.2.2.3.2.2.2.2.2.1",0.62715854471617,FALSE,TRUE,39
"1.3.2.2.2.3.2.2.2.2.1.2.2.2.2.3.2.2.2.2.2.1",0.420603715094637,FALSE,TRUE,39
"1.3.2.2.2.3.2.2.2.2.2.1.2.2.2.3.2.2.2.2.2.1",0.430121630761616,FALSE,TRUE,39
"1.3.2.2.2.3.2.2.2.2.2.2.1.2.2.3.2.2.2.2.2.1",0.521064676137233,FALSE,TRUE,39
"1.3.2.2.2.3.2.2.2.2.2.2.2.1.2.3.2.2.2.2.2.1",0.50701235013196,FALSE,TRUE,39
"1.3.2.2.2.3.2.2.2.2.2.2.2.2.1.3.2.2.2.2.2.1",0.498025928075876,FALSE,TRUE,39
"1.3.2.2.2.3.2.2.2.2.2.2.2.2.2.3.1.2.2.2.2.1",0.514736249317997,FALSE,TRUE,39
"1.3.2.2.2.3.2.2.2.2.2.2.2.2.2.3.2.1.2.2.2.1",0.537619040173691,FALSE,TRUE,39
"1.3.2.2.2.3.2.2.2.2.2.2.2.2.2.3.2.2.1.2.2.1",0.451230370170656,FALSE,TRUE,39
"1.3.2.2.2.3.2.2.2.2.2.2.2.2.2.3.2.2.2.1.2.1",0.56521619552743,FALSE,TRUE,39
"1.3.2.2.2.3.2.2.2.2.2.2.2.2.2.3.2.2.2.2.1.1",0.420951151756348,FALSE,TRUE,39
"3.2.3.2.2.2.3.2.2.1.2.2.2.2.2.2.2.2.2.2.2.2",0.499193801672999,FALSE,TRUE,41
"2.3.3.2.2.2.3.2.2.1.2.2.2.2.2.2.2.2.2.2.2.2",0.661206189806639,FALSE,TRUE,41
"2.2.4.2.2.2.3.2.2.1.2.2.2.2.2.2.2.2.2.2.2.2",0.529627078916358,FALSE,TRUE,42
"2.2.3.3.2.2.3.2.2.1.2.2.2.2.2.2.2.2.2.2.2.2",0.661170603414815,FALSE,TRUE,41
"2.2.3.2.3.2.3.2.2.1.2.2.2.2.2.2.2.2.2.2.2.2",0.547165350208269,FALSE,TRUE,41
"2.2.3.2.2.3.3.2.2.1.2.2.2.2.2.2.2.2.2.2.2.2",0.65785812516122,FALSE,TRUE,41
"2.2.3.2.2.2.4.2.2.1.2.2.2.2.2.2.2.2.2.2.2.2",0.653343666499623,FALSE,TRUE,41
"2.2.3.2.2.2.3.3.2.1.2.2.2.2.2.2.2.2.2.2.2.2",0.686772540968569,FALSE,TRUE,41
"2.2.3.2.2.2.3.2.3.1.2.2.2.2.2.2.2.2.2.2.2.2",0.681793772281831,FALSE,TRUE,41
"2.2.3.2.2.2.3.2.2.1.3.2.2.2.2.2.2.2.2.2.2.2",0.608887880151903,FALSE,TRUE,41
"2.2.3.2.2.2.3.2.2.1.2.3.2.2.2.2.2.2.2.2.2.2",0.636280905059389,FALSE,TRUE,40
"2.2.3.2.2.2.3.2.2.1.2.2.3.2.2.2.2.2.2.2.2.2",0.651834406242809,FALSE,TRUE,41
"2.2.3.2.2.2.3.2.2.1.2.2.2.3.2.2.2.2.2.2.2.2",0.640421803518762,FALSE,TRUE,41
"2.2.3.2.2.2.3.2.2.1.2.2.2.2.3.2.2.2.2.2.2.2",0.601955132033152,FALSE,TRUE,41
"2.2.3.2.2.2.3.2.2.1.2.2.2.2.2.3.2.2.2.2.2.2",0.576904737844798,FALSE,TRUE,41
"2.2.3.2.2.2.3.2.2.1.2.2.2.2.2.2.3.2.2.2.2.2",0.573968854912357,FALSE,TRUE,41
"2.2.3.2.2.2.3.2.2.1.2.2.2.2.2.2.2.3.2.2.2.2",0.633686555097511,FALSE,TRUE,41
"2.2.3.2.2.2.3.2.2.1.2.2.2.2.2.2.2.2.3.2.2.2",0.715823535208066,FALSE,TRUE,39
"2.2.3.2.2.2.3.2.2.1.2.2.2.2.2.2.2.2.2.3.2.2",0.584727120976859,FALSE,TRUE,41
"2.2.3.2.2.2.3.2.2.1.2.2.2.2.2.2.2.2.2.2.3.2",0.700473655752437,FALSE,TRUE,41
"2.2.3.2.2.2.3.2.2.1.2.2.2.2.2.2.2.2.2.2.2.3",0.69779530317326,FALSE,TRUE,41
"1.2.3.2.2.2.3.2.2.1.2.2.2.2.2.2.2.2.2.2.2.2",0.659219125192722,FALSE,TRUE,40
"2.1.3.2.2.2.3.2.2.1.2.2.2.2.2.2.2.2.2.2.2.2",0.51154597493826,FALSE,TRUE,40
"2.2.3.2.1.2.3.2.2.1.2.2.2.2.2.2.2.2.2.2.2.2",0.664881990049196,FALSE,TRUE,40
"2.2.3.2.2.1.3.2.2.1.2.2.2.2.2.2.2.2.2.2.2.2",0.529665827130001,FALSE,TRUE,40
"2.2.3.2.2.2.3.1.2.1.2.2.2.2.2.2.2.2.2.2.2.2",0.527344893638485,FALSE,TRUE,40
"2.2.3.2.2.2.3.2.1.1.2.2.2.2.2.2.2.2.2.2.2.2",0.516916686927932,FALSE,TRUE,40
"2.2.3.2.2.2.3.2.2.1.1.2.2.2.2.2.2.2.2.2.2.2",0.570377714120878,FALSE,TRUE,40
"2.2.3.2.2.2.3.2.2.1.2.1.2.2.2.2.2.2.2.2.2.2",0.563785731398028,FALSE,TRUE,40
"2.2.3.2.2.2.3.2.2.1.2.2.1.2.2.2.2.2.2.2.2.2",0.610275134738353,FALSE,TRUE,40
"2.2.3.2.2.2.3.2.2.1.2.2.2.1.2.2.2.2.2.2.2.2",0.57448224261036,FALSE,TRUE,40
"2.2.3.2.2.2.3.2.2.1.2.2.2.2.1.2.2.2.2.2.2.2",0.653571771666402,FALSE,TRUE,40
"2.2.3.2.2.2.3.2.2.1.2.2.2.2.2.1.2.2.2.2.2.2",0.656233335785699,FALSE,TRUE,40
"2.2.3.2.2.2.3.2.2.1.2.2.2.2.2.2.1.2.2.2.2.2",0.621118240601576,FALSE,TRUE,40
"2.2.3.2.2.2.3.2.2.1.2.2.2.2.2.2.2.1.2.2.2.2",0.58411502743261,FALSE,TRUE,40
"2.2.3.2.2.2.3.2.2.1.2.2.2.2.2.2.2.2.1.2.2.2",0.521562703408809,FALSE,TRUE,40
"2.2.3.2.2.2.3.2.2.1.2.2.2.2.2.2.2.2.2.1.2.2",0.629579722754084,FALSE,TRUE,40
"2.2.3.2.2.2.3.2.2.1.2.2.2.2.2.2.2.2.2.2.1.2",0.526544617719388,FALSE,TRUE,40
"2.2.3.2.2.2.3.2.2.1.2.2.2.2.2.2.2.2.2.2.2.1",0.567935248556284,FALSE,TRUE,40
"3.3.2.2.2.3.2.2.3.2.2.2.2.2.3.2.2.2.1.2.2.1",0.383728206974256,FALSE,TRUE,40
"2.4.2.2.2.3.2.2.3.2.2.2.2.2.3.2.2.2.1.2.2.1",0.535928415912956,FALSE,TRUE,40
"2.3.3.2.2.3.2.2.3.2.2.2.2.2.3.2.2.2.1.2.2.1",0.477404550780246,FALSE,TRUE,40
"2.3.2.3.2.3.2.2.3.2.2.2.2.2.3.2.2.2.1.2.2.1",0.565334804451048,FALSE,TRUE,40
"2.3.2.2.3.3.2.2.3.2.2.2.2.2.3.2.2.2.1.2.2.1",0.413495154848001,FALSE,TRUE,40
"2.3.2.2.2.4.2.2.3.2.2.2.2.2.3.2.2.2.1.2.2.1",0.588948411491485,FALSE,TRUE,40
"2.3.2.2.2.3.3.2.3.2.2.2.2.2.3.2.2.2.1.2.2.1",0.609829909606625,FALSE,TRUE,40
"2.3.2.2.2.3.2.3.3.2.2.2.2.2.3.2.2.2.1.2.2.1",0.615018056591889,FALSE,TRUE,40
"2.3.2.2.2.3.2.2.4.2.2.2.2.2.3.2.2.2.1.2.2.1",0.591597262208086,FALSE,TRUE,40
"2.3.2.2.2.3.2.2.3.3.2.2.2.2.3.2.2.2.1.2.2.1",0.466308886572363,FALSE,TRUE,40
"2.3.2.2.2.3.2.2.3.2.3.2.2.2.3.2.2.2.1.2.2.1",0.486596167613315,FALSE,TRUE,40
"2.3.2.2.2.3.2.2.3.2.2.3.2.2.3.2.2.2.1.2.2.1",0.504958433568286,FALSE,TRUE,40
"2.3.2.2.2.3.2.2.3.2.2.2.3.2.3.2.2.2.1.2.2.1",0.60456298005174,FALSE,TRUE,40
"2.3.2.2.2.3.2.2.3.2.2.2.2.3.3.2.2.2.1.2.2.1",0.554533564623291,FALSE,TRUE,40
"2.3.2.2.2.3.2.2.3.2.2.2.2.2.4.2.2.2.1.2.2.1",0.524180419363478,FALSE,TRUE,40
"2.3.2.2.2.3.2.2.3.2.2.2.2.2.3.3.2.2.1.2.2.1",0.531144536362436,FALSE,TRUE,40
"2.3.2.2.2.3.2.2.3.2.2.2.2.2.3.2.3.2.1.2.2.1",0.531485128901793,FALSE,TRUE,40
"2.3.2.2.2.3.2.2.3.2.2.2.2.2.3.2.2.3.1.2.2.1",0.541858340101798,FALSE,TRUE,40
"2.3.2.2.2.3.2.2.3.2.2.2.2.2.3.2.2.2.1.3.2.1",0.455974453306122,FALSE,TRUE,40
"2.3.2.2.2.3.2.2.3.2.2.2.2.2.3.2.2.2.1.2.3.1",0.626964576729434,FALSE,TRUE,40
"2.3.2.2.2.3.2.2.3.2.2.2.2.2.3.2.2.2.1.2.2.2",0.630070381913976,FALSE,TRUE,41
"1.3.2.2.2.3.2.2.3.2.2.2.2.2.3.2.2.2.1.2.2.1",0.620855631236433,FALSE,TRUE,39
"2.2.2.2.2.3.2.2.3.2.2.2.2.2.3.2.2.2.1.2.2.1",0.512509383301172,FALSE,TRUE,40
"2.3.1.2.2.3.2.2.3.2.2.2.2.2.3.2.2.2.1.2.2.1",0.610256137481731,FALSE,TRUE,39
"2.3.2.1.2.3.2.2.3.2.2.2.2.2.3.2.2.2.1.2.2.1",0.479095342763455,FALSE,TRUE,39
"2.3.2.2.1.3.2.2.3.2.2.2.2.2.3.2.2.2.1.2.2.1",0.652639998879712,FALSE,TRUE,39
"2.3.2.2.2.2.2.2.3.2.2.2.2.2.3.2.2.2.1.2.2.1",0.469519775971849,FALSE,TRUE,40
"2.3.2.2.2.3.1.2.3.2.2.2.2.2.3.2.2.2.1.2.2.1",0.480281294146412,FALSE,TRUE,39
"2.3.2.2.2.3.2.1.3.2.2.2.2.2.3.2.2.2.1.2.2.1",0.438844748130325,FALSE,TRUE,39
"2.3.2.2.2.3.2.2.2.2.2.2.2.2.3.2.2.2.1.2.2.1",0.464815962216244,FALSE,TRUE,39
"2.3.2.2.2.3.2.2.3.1.2.2.2.2.3.2.2.2.1.2.2.1",0.615251666375289,FALSE,TRUE,39
"2.3.2.2.2.3.2.2.3.2.1.2.2.2.3.2.2.2.1.2.2.1",0.548373973996967,FALSE,TRUE,39
"2.3.2.2.2.3.2.2.3.2.2.1.2.2.3.2.2.2.1.2.2.1",0.539694993904567,FALSE,TRUE,39
"2.3.2.2.2.3.2.2.3.2.2.2.1.2.3.2.2.2.1.2.2.1",0.483322719073593,FALSE,TRUE,39
"2.3.2.2.2.3.2.2.3.2.2.2.2.1.3.2.2.2.1.2.2.1",0.529597876638249,FALSE,TRUE,39
"2.3.2.2.2.3.2.2.3.2.2.2.2.2.3.1.2.2.1.2.2.1",0.532673402585157,FALSE,TRUE,39
"2.3.2.2.2.3.2.2.3.2.2.2.2.2.3.2.1.2.1.2.2.1",0.502193612039774,FALSE,TRUE,39
"2.3.2.2.2.3.2.2.3.2.2.2.2.2.3.2.2.1.1.2.2.1",0.522554068116912,FALSE,TRUE,39
"2.3.2.2.2.3.2.2.3.2.2.2.2.2.3.2.2.2.1.1.2.1",0.592561134375586,FALSE,TRUE,39
"2.3.2.2.2.3.2.2.3.2.2.2.2.2.3.2.2.2.1.2.1.1",0.468774091184003,FALSE,TRUE,39
"3.2.2.2.1.3.2.2.2.2.2.2.2.2.2.2.3.2.2.2.2.2",0.427460455491798,FALSE,TRUE,41
"2.3.2.2.1.3.2.2.2.2.2.2.2.2.2.2.3.2.2.2.2.2",0.536033872907163,FALSE,TRUE,40
"2.2.3.2.1.3.2.2.2.2.2.2.2.2.2.2.3.2.2.2.2.2",0.434274389047746,FALSE,TRUE,41
"2.2.2.3.1.3.2.2.2.2.2.2.2.2.2.2.3.2.2.2.2.2",0.534415571956127,FALSE,TRUE,41
"2.2.2.2.1.4.2.2.2.2.2.2.2.2.2.2.3.2.2.2.2.2",0.462771780463218,FALSE,TRUE,41
"2.2.2.2.1.3.3.2.2.2.2.2.2.2.2.2.3.2.2.2.2.2",0.526346473484581,FALSE,TRUE,41
"2.2.2.2.1.3.2.3.2.2.2.2.2.2.2.2.3.2.2.2.2.2",0.57774739302355,FALSE,TRUE,41
"2.2.2.2.1.3.2.2.3.2.2.2.2.2.2.2.3.2.2.2.2.2",0.646202141254116,FALSE,TRUE,41
"2.2.2.2.1.3.2.2.2.3.2.2.2.2.2.2.3.2.2.2.2.2",0.380191151494761,FALSE,TRUE,41
"2.2.2.2.1.3.2.2.2.2.3.2.2.2.2.2.3.2.2.2.2.2",0.564418898737458,FALSE,TRUE,40
"2.2.2.2.1.3.2.2.2.2.2.3.2.2.2.2.3.2.2.2.2.2",0.555093422157174,FALSE,TRUE,41
"2.2.2.2.1.3.2.2.2.2.2.2.3.2.2.2.3.2.2.2.2.2",0.463163423025826,FALSE,TRUE,41
"2.2.2.2.1.3.2.2.2.2.2.2.2.3.2.2.3.2.2.2.2.2",0.444784268327478,FALSE,TRUE,41
"2.2.2.2.1.3.2.2.2.2.2.2.2.2.3.2.3.2.2.2.2.2",0.499088743921779,FALSE,TRUE,40
"2.2.2.2.1.3.2.2.2.2.2.2.2.2.2.2.4.2.2.2.2.2",0.363901046794951,FALSE,TRUE,41
"2.2.2.2.1.3.2.2.2.2.2.2.2.2.2.2.3.3.2.2.2.2",0.475800339956367,FALSE,TRUE,41
"2.2.2.2.1.3.2.2.2.2.2.2.2.2.2.2.3.2.3.2.2.2",0.543098776236649,FALSE,TRUE,41
"2.2.2.2.1.3.2.2.2.2.2.2.2.2.2.2.3.2.2.3.2.2",0.479745631496944,FALSE,TRUE,40
"2.2.2.2.1.3.2.2.2.2.2.2.2.2.2.2.3.2.2.2.3.2",0.580627549006551,FALSE,TRUE,40
"2.2.2.2.1.3.2.2.2.2.2.2.2.2.2.2.3.2.2.2.2.3",0.538354417227699,FALSE,TRUE,41
"1.2.2.2.1.3.2.2.2.2.2.2.2.2.2.2.3.2.2.2.2.2",0.531163047927308,FALSE,TRUE,40
"2.1.2.2.1.3.2.2.2.2.2.2.2.2.2.2.3.2.2.2.2.2",0.379362999782887,FALSE,TRUE,40
"2.2.1.2.1.3.2.2.2.2.2.2.2.2.2.2.3.2.2.2.2.2",0.510739835005864,FALSE,TRUE,40
"2.2.2.1.1.3.2.2.2.2.2.2.2.2.2.2.3.2.2.2.2.2",0.40336844539412,FALSE,TRUE,39
"2.2.2.2.1.2.2.2.2.2.2.2.2.2.2.2.3.2.2.2.2.2",0.443458591498967,FALSE,TRUE,40
"2.2.2.2.1.3.1.2.2.2.2.2.2.2.2.2.3.2.2.2.2.2",0.402887086900235,FALSE,TRUE,40
"2.2.2.2.1.3.2.2.1.2.2.2.2.2.2.2.3.2.2.2.2.2",0.317814476095065,FALSE,TRUE,40
"2.2.2.2.1.3.2.2.2.1.2.2.2.2.2.2.3.2.2.2.2.2",0.585831699543098,FALSE,TRUE,40
"2.2.2.2.1.3.2.2.2.2.1.2.2.2.2.2.3.2.2.2.2.2",0.354304588315261,FALSE,TRUE,40
"2.2.2.2.1.3.2.2.2.2.2.1.2.2.2.2.3.2.2.2.2.2",0.364430703180528,FALSE,TRUE,40
"2.2.2.2.1.3.2.2.2.2.2.2.1.2.2.2.3.2.2.2.2.2",0.490381966812326,FALSE,TRUE,40
"2.2.2.2.1.3.2.2.2.2.2.2.2.1.2.2.3.2.2.2.2.2",0.48162927336194,FALSE,TRUE,40
"2.2.2.2.1.3.2.2.2.2.2.2.2.2.1.2.3.2.2.2.2.2",0.469523641288967,FALSE,TRUE,40
"2.2.2.2.1.3.2.2.2.2.2.2.2.2.2.1.3.2.2.2.2.2",0.522651108147984,FALSE,TRUE,40
"2.2.2.2.1.3.2.2.2.2.2.2.2.2.2.2.3.1.2.2.2.2",0.461983137000813,FALSE,TRUE,40
"2.2.2.2.1.3.2.2.2.2.2.2.2.2.2.2.3.2.1.2.2.2",0.401279945321008,FALSE,TRUE,40
"2.2.2.2.1.3.2.2.2.2.2.2.2.2.2.2.3.2.2.1.2.2",0.452185165118895,FALSE,TRUE,40
"2.2.2.2.1.3.2.2.2.2.2.2.2.2.2.2.3.2.2.2.1.2",0.369636063444533,FALSE,TRUE,40
