"karyotype","fitness","is_fq","is_nn","boundary_degree"
"2.2.2.2.2.2.2.2.2.2.2.2.2.2.2.2.2.2.2.2.2.2",0.675459927867532,TRUE,FALSE,0
"2.2.2.2.2.3.2.2.2.2.2.2.2.2.2.2.2.2.2.2.2.2",0.679296509244306,TRUE,FALSE,0
"2.2.2.2.2.2.2.2.2.2.2.2.2.2.2.2.2.3.2.2.2.2",0.670279232211864,TRUE,FALSE,0
"2.2.2.2.2.1.2.2.2.2.2.2.2.2.2.2.2.2.2.2.2.2",0.624270141844726,TRUE,FALSE,0
"2.2.2.2.2.2.2.2.2.3.2.2.2.2.2.2.2.3.2.2.2.2",0.678440359921803,TRUE,FALSE,0
"2.2.2.2.2.2.2.2.2.2.2.2.2.2.2.2.2.2.2.2.2.3",0.59663911577244,TRUE,FALSE,0
"2.3.2.2.2.2.2.2.2.2.2.2.2.2.2.2.2.2.2.2.2.3",0.691709757531541,TRUE,FALSE,0
"2.2.2.2.2.2.2.2.2.2.2.2.2.2.2.2.2.1.2.2.2.2",0.638745416237104,TRUE,FALSE,0
"2.2.2.2.2.2.2.2.2.2.2.2.2.2.2.2.3.2.2.2.2.2",0.691635302892278,TRUE,FALSE,0
"2.2.2.2.2.2.2.2.2.2.2.2.2.2.3.2.2.1.2.2.2.2",0.623556884230095,TRUE,FALSE,0
"2.2.2.2.2.2.2.2.2.2.2.2.3.2.2.2.3.2.2.2.2.2",0.717873703823159,TRUE,FALSE,0
"2.2.2.2.1.2.2.2.2.3.2.2.2.2.2.2.2.3.2.2.2.2",0.633491843676821,TRUE,FALSE,0
"2.2.2.2.2.2.2.2.2.2.2.2.2.2.2.2.3.3.2.2.2.2",0.682316316466724,TRUE,FALSE,0
"2.2.2.2.2.2.2.2.2.2.2.2.2.2.2.3.3.2.2.2.2.2",0.686536785491725,TRUE,FALSE,0
"2.2.1.2.1.2.2.2.2.3.2.2.2.2.2.2.2.3.2.2.2.2",0.486828255069677,TRUE,FALSE,0
"2.2.2.2.2.2.2.2.2.2.2.2.2.2.2.2.3.2.1.2.2.2",0.672643948689013,TRUE,FALSE,0
"2.2.2.3.2.2.2.2.2.2.2.2.2.2.3.2.2.1.2.2.2.2",0.674953476881104,TRUE,FALSE,0
"2.2.2.3.2.2.2.2.2.2.2.2.2.2.2.2.3.3.2.2.2.2",0.745905016735009,TRUE,FALSE,0
"2.2.2.2.2.2.2.2.2.2.2.2.2.2.2.3.3.1.2.2.2.2",0.666463235219809,TRUE,FALSE,0
"2.2.2.2.2.3.2.2.2.2.2.2.3.2.2.2.3.2.2.2.2.2",0.711191195980475,TRUE,FALSE,0
"2.2.2.2.1.2.2.2.1.3.2.2.2.2.2.2.2.3.2.2.2.2",0.593944444206167,TRUE,FALSE,0
"2.3.2.3.2.2.2.2.2.2.2.2.2.2.2.2.3.3.2.2.2.2",0.778841756623025,TRUE,FALSE,0
"2.2.2.1.2.2.2.2.2.2.2.2.2.2.2.2.3.3.2.2.2.2",0.587610464533112,TRUE,FALSE,0
"2.2.2.2.2.1.2.3.2.2.2.2.2.2.2.2.2.2.2.2.2.2",0.66320549165519,TRUE,FALSE,0
"2.2.2.2.2.2.2.2.1.2.2.2.2.2.2.3.3.2.2.2.2.2",0.62789964298883,TRUE,FALSE,0
"2.1.2.2.2.2.2.2.2.2.2.2.2.2.2.2.2.1.2.2.2.2",0.535260224080856,TRUE,FALSE,0
"2.2.2.2.2.2.2.2.2.2.2.2.2.1.2.2.2.1.2.2.2.2",0.55467635558655,TRUE,FALSE,0
"2.2.2.2.2.3.2.2.2.2.3.2.2.2.2.2.2.2.2.2.2.2",0.673320623779428,TRUE,FALSE,0
"2.3.2.3.2.2.3.2.2.2.2.2.2.2.2.2.3.3.2.2.2.2",0.80433169202946,TRUE,FALSE,0
"2.2.2.2.1.2.2.2.2.3.2.2.2.2.3.2.2.3.2.2.2.2",0.635278131831576,TRUE,FALSE,0
"2.2.2.2.2.1.2.3.2.2.2.2.1.2.2.2.2.2.2.2.2.2",0.589239794320248,TRUE,FALSE,0
"2.3.2.2.1.2.2.2.2.3.2.2.2.2.2.2.2.3.2.2.2.2",0.694684284506989,TRUE,FALSE,0
"2.2.2.2.2.2.3.2.2.2.2.2.3.2.2.2.3.2.2.2.2.2",0.746434673617733,TRUE,FALSE,0
"2.2.2.2.2.2.2.1.2.2.2.2.2.1.2.2.2.1.2.2.2.2",0.505580280560047,TRUE,FALSE,0
"1.2.2.2.2.2.2.2.2.2.2.2.2.2.2.2.3.2.1.2.2.2",0.658074333382917,TRUE,FALSE,0
"2.3.2.3.2.2.2.2.2.2.2.2.2.2.2.2.3.3.2.2.2.1",0.768897871388502,TRUE,FALSE,0
"2.2.2.2.1.2.2.2.1.4.2.2.2.2.2.2.2.3.2.2.2.2",0.581443279797731,TRUE,FALSE,0
"2.2.2.2.2.3.2.1.2.2.2.2.2.2.2.2.2.2.2.2.2.2",0.643199211632856,TRUE,FALSE,0
"2.3.2.2.2.3.2.2.2.2.3.2.2.2.2.2.2.2.2.2.2.2",0.7325428965211,TRUE,FALSE,0
"2.2.2.2.1.2.2.2.2.3.2.2.2.2.1.2.2.3.2.2.2.2",0.58342614431867,TRUE,FALSE,0
"2.2.2.3.2.2.2.2.2.2.2.2.2.2.2.2.3.4.2.2.2.2",0.709185894581756,TRUE,FALSE,0
"2.2.2.2.2.2.2.2.2.2.2.2.2.2.2.1.3.2.1.2.2.2",0.622416357561823,TRUE,FALSE,0
"2.2.2.2.1.2.2.1.2.3.2.2.2.2.2.2.2.3.2.2.2.2",0.576250755075113,TRUE,FALSE,0
"1.2.2.2.2.2.2.2.2.2.2.2.2.2.2.2.3.2.1.2.2.1",0.688915907147957,TRUE,FALSE,0
"3.2.2.2.2.2.2.2.2.2.2.2.3.2.2.2.3.2.2.2.2.2",0.694788485992708,TRUE,FALSE,0
"2.2.2.2.2.2.2.2.2.2.2.2.2.2.3.2.3.3.2.2.2.2",0.687338844660066,TRUE,FALSE,0
"2.3.2.2.2.3.2.2.2.2.3.2.2.2.2.1.2.2.2.2.2.2",0.719088185096303,TRUE,FALSE,0
"3.3.2.3.2.2.3.2.2.2.2.2.2.2.2.2.3.3.2.2.2.2",0.791811760421976,TRUE,FALSE,0
"2.3.2.3.2.2.2.2.2.2.2.2.2.2.1.2.3.3.2.2.2.2",0.714561931690706,TRUE,FALSE,0
"2.3.2.1.2.2.2.2.2.2.2.2.2.2.2.2.3.3.2.2.2.2",0.657573424521735,TRUE,FALSE,0
"3.2.2.2.2.2.2.2.2.2.2.2.2.2.2.2.2.2.2.2.2.2",0.641354239811308,FALSE,TRUE,36
"2.3.2.2.2.2.2.2.2.2.2.2.2.2.2.2.2.2.2.2.2.2",0.749533221365937,FALSE,TRUE,36
"2.2.3.2.2.2.2.2.2.2.2.2.2.2.2.2.2.2.2.2.2.2",0.745336084930179,FALSE,TRUE,37
"2.2.2.3.2.2.2.2.2.2.2.2.2.2.2.2.2.2.2.2.2.2",0.74128977984337,FALSE,TRUE,36
"2.2.2.2.3.2.2.2.2.2.2.2.2.2.2.2.2.2.2.2.2.2",0.661344785448064,FALSE,TRUE,37
"2.2.2.2.2.2.3.2.2.2.2.2.2.2.2.2.2.2.2.2.2.2",0.708247847275251,FALSE,TRUE,36
"2.2.2.2.2.2.2.3.2.2.2.2.2.2.2.2.2.2.2.2.2.2",0.702734911773614,FALSE,TRUE,36
"2.2.2.2.2.2.2.2.3.2.2.2.2.2.2.2.2.2.2.2.2.2",0.697884492183692,FALSE,TRUE,37
"2.2.2.2.2.2.2.2.2.3.2.2.2.2.2.2.2.2.2.2.2.2",0.695300329273434,FALSE,TRUE,36
"2.2.2.2.2.2.2.2.2.2.3.2.2.2.2.2.2.2.2.2.2.2",0.667669488146527,FALSE,TRUE,36
"2.2.2.2.2.2.2.2.2.2.2.3.2.2.2.2.2.2.2.2.2.2",0.708567942248754,FALSE,TRUE,37
"2.2.2.2.2.2.2.2.2.2.2.2.3.2.2.2.2.2.2.2.2.2",0.713250465798393,FALSE,TRUE,35
"2.2.2.2.2.2.2.2.2.2.2.2.2.3.2.2.2.2.2.2.2.2",0.69103461299878,FALSE,TRUE,37
"2.2.2.2.2.2.2.2.2.2.2.2.2.2.3.2.2.2.2.2.2.2",0.668692826375771,FALSE,TRUE,36
"2.2.2.2.2.2.2.2.2.2.2.2.2.2.2.3.2.2.2.2.2.2",0.680339669019633,FALSE,TRUE,36
"2.2.2.2.2.2.2.2.2.2.2.2.2.2.2.2.2.2.3.2.2.2",0.645875429799357,FALSE,TRUE,37
"2.2.2.2.2.2.2.2.2.2.2.2.2.2.2.2.2.2.2.3.2.2",0.747163047135354,FALSE,TRUE,37
"2.2.2.2.2.2.2.2.2.2.2.2.2.2.2.2.2.2.2.2.3.2",0.678467582800257,FALSE,TRUE,37
"1.2.2.2.2.2.2.2.2.2.2.2.2.2.2.2.2.2.2.2.2.2",0.671635150845491,FALSE,TRUE,35
"2.1.2.2.2.2.2.2.2.2.2.2.2.2.2.2.2.2.2.2.2.2",0.566280139687247,FALSE,TRUE,36
"2.2.1.2.2.2.2.2.2.2.2.2.2.2.2.2.2.2.2.2.2.2",0.539222358227151,FALSE,TRUE,36
"2.2.2.1.2.2.2.2.2.2.2.2.2.2.2.2.2.2.2.2.2.2",0.576393673929249,FALSE,TRUE,36
"2.2.2.2.1.2.2.2.2.2.2.2.2.2.2.2.2.2.2.2.2.2",0.659654264884511,FALSE,TRUE,35
"2.2.2.2.2.2.1.2.2.2.2.2.2.2.2.2.2.2.2.2.2.2",0.595434211426862,FALSE,TRUE,36
"2.2.2.2.2.2.2.1.2.2.2.2.2.2.2.2.2.2.2.2.2.2",0.623072759554592,FALSE,TRUE,35
"2.2.2.2.2.2.2.2.1.2.2.2.2.2.2.2.2.2.2.2.2.2",0.593717197280692,FALSE,TRUE,35
"2.2.2.2.2.2.2.2.2.1.2.2.2.2.2.2.2.2.2.2.2.2",0.604944067452395,FALSE,TRUE,36
"2.2.2.2.2.2.2.2.2.2.1.2.2.2.2.2.2.2.2.2.2.2",0.651339438049056,FALSE,TRUE,36
"2.2.2.2.2.2.2.2.2.2.2.1.2.2.2.2.2.2.2.2.2.2",0.639886303134012,FALSE,TRUE,36
"2.2.2.2.2.2.2.2.2.2.2.2.1.2.2.2.2.2.2.2.2.2",0.593580536062371,FALSE,TRUE,35
"2.2.2.2.2.2.2.2.2.2.2.2.2.1.2.2.2.2.2.2.2.2",0.615246892943495,FALSE,TRUE,35
"2.2.2.2.2.2.2.2.2.2.2.2.2.2.1.2.2.2.2.2.2.2",0.633804389515122,FALSE,TRUE,36
"2.2.2.2.2.2.2.2.2.2.2.2.2.2.2.1.2.2.2.2.2.2",0.63425560668074,FALSE,TRUE,35
"2.2.2.2.2.2.2.2.2.2.2.2.2.2.2.2.1.2.2.2.2.2",0.631681909133537,FALSE,TRUE,37
"2.2.2.2.2.2.2.2.2.2.2.2.2.2.2.2.2.2.1.2.2.2",0.640916188693474,FALSE,TRUE,34
"2.2.2.2.2.2.2.2.2.2.2.2.2.2.2.2.2.2.2.1.2.2",0.570170856476281,FALSE,TRUE,36
"2.2.2.2.2.2.2.2.2.2.2.2.2.2.2.2.2.2.2.2.1.2",0.648221504734263,FALSE,TRUE,36
"2.2.2.2.2.2.2.2.2.2.2.2.2.2.2.2.2.2.2.2.2.1",0.724252856072237,FALSE,TRUE,37
"3.2.2.2.2.3.2.2.2.2.2.2.2.2.2.2.2.2.2.2.2.2",0.629547913323627,FALSE,TRUE,40
"2.3.2.2.2.3.2.2.2.2.2.2.2.2.2.2.2.2.2.2.2.2",0.72797848092127,FALSE,TRUE,38
"2.2.3.2.2.3.2.2.2.2.2.2.2.2.2.2.2.2.2.2.2.2",0.71750486308808,FALSE,TRUE,40
"2.2.2.3.2.3.2.2.2.2.2.2.2.2.2.2.2.2.2.2.2.2",0.717848558877185,FALSE,TRUE,40
"2.2.2.2.3.3.2.2.2.2.2.2.2.2.2.2.2.2.2.2.2.2",0.65982403611165,FALSE,TRUE,40
"2.2.2.2.2.4.2.2.2.2.2.2.2.2.2.2.2.2.2.2.2.2",0.649495562611357,FALSE,TRUE,41
"2.2.2.2.2.3.3.2.2.2.2.2.2.2.2.2.2.2.2.2.2.2",0.732487704619121,FALSE,TRUE,40
"2.2.2.2.2.3.2.3.2.2.2.2.2.2.2.2.2.2.2.2.2.2",0.69316736521444,FALSE,TRUE,41
"2.2.2.2.2.3.2.2.3.2.2.2.2.2.2.2.2.2.2.2.2.2",0.697268850377586,FALSE,TRUE,40
"2.2.2.2.2.3.2.2.2.3.2.2.2.2.2.2.2.2.2.2.2.2",0.691718008383081,FALSE,TRUE,39
"2.2.2.2.2.3.2.2.2.2.2.3.2.2.2.2.2.2.2.2.2.2",0.702214483394767,FALSE,TRUE,40
"2.2.2.2.2.3.2.2.2.2.2.2.3.2.2.2.2.2.2.2.2.2",0.715358140903503,FALSE,TRUE,39
"2.2.2.2.2.3.2.2.2.2.2.2.2.3.2.2.2.2.2.2.2.2",0.701063818024382,FALSE,TRUE,40
"2.2.2.2.2.3.2.2.2.2.2.2.2.2.3.2.2.2.2.2.2.2",0.652443940596967,FALSE,TRUE,39
"2.2.2.2.2.3.2.2.2.2.2.2.2.2.2.3.2.2.2.2.2.2",0.663350929259547,FALSE,TRUE,39
"2.2.2.2.2.3.2.2.2.2.2.2.2.2.2.2.3.2.2.2.2.2",0.687621698580048,FALSE,TRUE,36
"2.2.2.2.2.3.2.2.2.2.2.2.2.2.2.2.2.3.2.2.2.2",0.681305061915676,FALSE,TRUE,38
"2.2.2.2.2.3.2.2.2.2.2.2.2.2.2.2.2.2.3.2.2.2",0.634377515102232,FALSE,TRUE,40
"2.2.2.2.2.3.2.2.2.2.2.2.2.2.2.2.2.2.2.3.2.2",0.746535093641217,FALSE,TRUE,40
"2.2.2.2.2.3.2.2.2.2.2.2.2.2.2.2.2.2.2.2.3.2",0.684567711085659,FALSE,TRUE,40
"2.2.2.2.2.3.2.2.2.2.2.2.2.2.2.2.2.2.2.2.2.3",0.596075846059766,FALSE,TRUE,39
"1.2.2.2.2.3.2.2.2.2.2.2.2.2.2.2.2.2.2.2.2.2",0.692558192423752,FALSE,TRUE,39
"2.1.2.2.2.3.2.2.2.2.2.2.2.2.2.2.2.2.2.2.2.2",0.597549252664982,FALSE,TRUE,38
"2.2.1.2.2.3.2.2.2.2.2.2.2.2.2.2.2.2.2.2.2.2",0.574480439216873,FALSE,TRUE,39
"2.2.2.1.2.3.2.2.2.2.2.2.2.2.2.2.2.2.2.2.2.2",0.607609604226302,FALSE,TRUE,39
"2.2.2.2.1.3.2.2.2.2.2.2.2.2.2.2.2.2.2.2.2.2",0.67087853826806,FALSE,TRUE,39
"2.2.2.2.2.3.1.2.2.2.2.2.2.2.2.2.2.2.2.2.2.2",0.58303937819182,FALSE,TRUE,39
"2.2.2.2.2.3.2.2.1.2.2.2.2.2.2.2.2.2.2.2.2.2",0.604010098343388,FALSE,TRUE,39
"2.2.2.2.2.3.2.2.2.1.2.2.2.2.2.2.2.2.2.2.2.2",0.619030440835629,FALSE,TRUE,39
"2.2.2.2.2.3.2.2.2.2.1.2.2.2.2.2.2.2.2.2.2.2",0.657221687920805,FALSE,TRUE,40
"2.2.2.2.2.3.2.2.2.2.2.1.2.2.2.2.2.2.2.2.2.2",0.657771545656371,FALSE,TRUE,39
"2.2.2.2.2.3.2.2.2.2.2.2.1.2.2.2.2.2.2.2.2.2",0.599221176501752,FALSE,TRUE,39
"2.2.2.2.2.3.2.2.2.2.2.2.2.1.2.2.2.2.2.2.2.2",0.615643012830774,FALSE,TRUE,38
"2.2.2.2.2.3.2.2.2.2.2.2.2.2.1.2.2.2.2.2.2.2",0.662797786304356,FALSE,TRUE,39
"2.2.2.2.2.3.2.2.2.2.2.2.2.2.2.1.2.2.2.2.2.2",0.66120965902578,FALSE,TRUE,38
"2.2.2.2.2.3.2.2.2.2.2.2.2.2.2.2.1.2.2.2.2.2",0.645363886592322,FALSE,TRUE,39
"2.2.2.2.2.3.2.2.2.2.2.2.2.2.2.2.2.1.2.2.2.2",0.63878016229688,FALSE,TRUE,36
"2.2.2.2.2.3.2.2.2.2.2.2.2.2.2.2.2.2.1.2.2.2",0.66261365393501,FALSE,TRUE,38
"2.2.2.2.2.3.2.2.2.2.2.2.2.2.2.2.2.2.2.1.2.2",0.581712684660638,FALSE,TRUE,39
"2.2.2.2.2.3.2.2.2.2.2.2.2.2.2.2.2.2.2.2.1.2",0.653742791096635,FALSE,TRUE,39
"2.2.2.2.2.3.2.2.2.2.2.2.2.2.2.2.2.2.2.2.2.1",0.735959692137272,FALSE,TRUE,39
"3.2.2.2.2.2.2.2.2.2.2.2.2.2.2.2.2.3.2.2.2.2",0.6337330930834,FALSE,TRUE,40
"2.3.2.2.2.2.2.2.2.2.2.2.2.2.2.2.2.3.2.2.2.2",0.748099254439737,FALSE,TRUE,36
"2.2.3.2.2.2.2.2.2.2.2.2.2.2.2.2.2.3.2.2.2.2",0.748858651745208,FALSE,TRUE,40
"2.2.2.3.2.2.2.2.2.2.2.2.2.2.2.2.2.3.2.2.2.2",0.748902129331967,FALSE,TRUE,38
"2.2.2.2.3.2.2.2.2.2.2.2.2.2.2.2.2.3.2.2.2.2",0.682344332088991,FALSE,TRUE,40
"2.2.2.2.2.2.3.2.2.2.2.2.2.2.2.2.2.3.2.2.2.2",0.685091316038383,FALSE,TRUE,40
"2.2.2.2.2.2.2.3.2.2.2.2.2.2.2.2.2.3.2.2.2.2",0.704384929231865,FALSE,TRUE,39
"2.2.2.2.2.2.2.2.3.2.2.2.2.2.2.2.2.3.2.2.2.2",0.67799201713009,FALSE,TRUE,40
"2.2.2.2.2.2.2.2.2.2.3.2.2.2.2.2.2.3.2.2.2.2",0.665441039256199,FALSE,TRUE,39
"2.2.2.2.2.2.2.2.2.2.2.3.2.2.2.2.2.3.2.2.2.2",0.702467503822542,FALSE,TRUE,40
"2.2.2.2.2.2.2.2.2.2.2.2.3.2.2.2.2.3.2.2.2.2",0.706798083368361,FALSE,TRUE,40
"2.2.2.2.2.2.2.2.2.2.2.2.2.3.2.2.2.3.2.2.2.2",0.655420467210701,FALSE,TRUE,40
"2.2.2.2.2.2.2.2.2.2.2.2.2.2.3.2.2.3.2.2.2.2",0.677256744679521,FALSE,TRUE,39
"2.2.2.2.2.2.2.2.2.2.2.2.2.2.2.3.2.3.2.2.2.2",0.663639662407611,FALSE,TRUE,40
"2.2.2.2.2.2.2.2.2.2.2.2.2.2.2.2.2.4.2.2.2.2",0.621338486543247,FALSE,TRUE,40
"2.2.2.2.2.2.2.2.2.2.2.2.2.2.2.2.2.3.3.2.2.2",0.623729131501887,FALSE,TRUE,40
"2.2.2.2.2.2.2.2.2.2.2.2.2.2.2.2.2.3.2.3.2.2",0.727181132153223,FALSE,TRUE,40
"2.2.2.2.2.2.2.2.2.2.2.2.2.2.2.2.2.3.2.2.3.2",0.663416587521625,FALSE,TRUE,40
"2.2.2.2.2.2.2.2.2.2.2.2.2.2.2.2.2.3.2.2.2.3",0.606173227799384,FALSE,TRUE,39
"1.2.2.2.2.2.2.2.2.2.2.2.2.2.2.2.2.3.2.2.2.2",0.669221291856653,FALSE,TRUE,39
"2.1.2.2.2.2.2.2.2.2.2.2.2.2.2.2.2.3.2.2.2.2",0.55877475703351,FALSE,TRUE,39
"2.2.1.2.2.2.2.2.2.2.2.2.2.2.2.2.2.3.2.2.2.2",0.528462333498444,FALSE,TRUE,38
"2.2.2.1.2.2.2.2.2.2.2.2.2.2.2.2.2.3.2.2.2.2",0.562963208853695,FALSE,TRUE,38
"2.2.2.2.1.2.2.2.2.2.2.2.2.2.2.2.2.3.2.2.2.2",0.62898188522066,FALSE,TRUE,33
"2.2.2.2.2.1.2.2.2.2.2.2.2.2.2.2.2.3.2.2.2.2",0.611124271382867,FALSE,TRUE,38
"2.2.2.2.2.2.1.2.2.2.2.2.2.2.2.2.2.3.2.2.2.2",0.608365416802265,FALSE,TRUE,39
"2.2.2.2.2.2.2.1.2.2.2.2.2.2.2.2.2.3.2.2.2.2",0.61187482163852,FALSE,TRUE,37
"2.2.2.2.2.2.2.2.1.2.2.2.2.2.2.2.2.3.2.2.2.2",0.603096797079451,FALSE,TRUE,38
"2.2.2.2.2.2.2.2.2.1.2.2.2.2.2.2.2.3.2.2.2.2",0.610778846366069,FALSE,TRUE,40
"2.2.2.2.2.2.2.2.2.2.1.2.2.2.2.2.2.3.2.2.2.2",0.644267633847183,FALSE,TRUE,39
"2.2.2.2.2.2.2.2.2.2.2.1.2.2.2.2.2.3.2.2.2.2",0.634765008672706,FALSE,TRUE,39
"2.2.2.2.2.2.2.2.2.2.2.2.1.2.2.2.2.3.2.2.2.2",0.591260975121556,FALSE,TRUE,39
"2.2.2.2.2.2.2.2.2.2.2.2.2.1.2.2.2.3.2.2.2.2",0.638178879983129,FALSE,TRUE,39
"2.2.2.2.2.2.2.2.2.2.2.2.2.2.1.2.2.3.2.2.2.2",0.614153642559914,FALSE,TRUE,38
"2.2.2.2.2.2.2.2.2.2.2.2.2.2.2.1.2.3.2.2.2.2",0.639567209891712,FALSE,TRUE,39
"2.2.2.2.2.2.2.2.2.2.2.2.2.2.2.2.1.3.2.2.2.2",0.631930959342546,FALSE,TRUE,40
"2.2.2.2.2.2.2.2.2.2.2.2.2.2.2.2.2.3.1.2.2.2",0.652876611601247,FALSE,TRUE,39
"2.2.2.2.2.2.2.2.2.2.2.2.2.2.2.2.2.3.2.1.2.2",0.581239284426878,FALSE,TRUE,39
"2.2.2.2.2.2.2.2.2.2.2.2.2.2.2.2.2.3.2.2.1.2",0.653112354549529,FALSE,TRUE,39
"2.2.2.2.2.2.2.2.2.2.2.2.2.2.2.2.2.3.2.2.2.1",0.705737535829032,FALSE,TRUE,39
"3.2.2.2.2.1.2.2.2.2.2.2.2.2.2.2.2.2.2.2.2.2",0.607219759529639,FALSE,TRUE,40
"2.3.2.2.2.1.2.2.2.2.2.2.2.2.2.2.2.2.2.2.2.2",0.721199417216727,FALSE,TRUE,39
"2.2.3.2.2.1.2.2.2.2.2.2.2.2.2.2.2.2.2.2.2.2",0.728097585440865,FALSE,TRUE,40
"2.2.2.3.2.1.2.2.2.2.2.2.2.2.2.2.2.2.2.2.2.2",0.717203413373644,FALSE,TRUE,40
"2.2.2.2.3.1.2.2.2.2.2.2.2.2.2.2.2.2.2.2.2.2",0.617246176632608,FALSE,TRUE,40
"2.2.2.2.2.1.3.2.2.2.2.2.2.2.2.2.2.2.2.2.2.2",0.635026267488398,FALSE,TRUE,40
"2.2.2.2.2.1.2.2.3.2.2.2.2.2.2.2.2.2.2.2.2.2",0.652074463116884,FALSE,TRUE,40
"2.2.2.2.2.1.2.2.2.3.2.2.2.2.2.2.2.2.2.2.2.2",0.650701845878363,FALSE,TRUE,39
"2.2.2.2.2.1.2.2.2.2.3.2.2.2.2.2.2.2.2.2.2.2",0.615827223815559,FALSE,TRUE,40
"2.2.2.2.2.1.2.2.2.2.2.3.2.2.2.2.2.2.2.2.2.2",0.664509431742225,FALSE,TRUE,40
"2.2.2.2.2.1.2.2.2.2.2.2.3.2.2.2.2.2.2.2.2.2",0.662191003855019,FALSE,TRUE,39
"2.2.2.2.2.1.2.2.2.2.2.2.2.3.2.2.2.2.2.2.2.2",0.636451550311183,FALSE,TRUE,40
"2.2.2.2.2.1.2.2.2.2.2.2.2.2.3.2.2.2.2.2.2.2",0.640294050987675,FALSE,TRUE,39
"2.2.2.2.2.1.2.2.2.2.2.2.2.2.2.3.2.2.2.2.2.2",0.652603217428615,FALSE,TRUE,39
"2.2.2.2.2.1.2.2.2.2.2.2.2.2.2.2.3.2.2.2.2.2",0.65111416015313,FALSE,TRUE,36
"2.2.2.2.2.1.2.2.2.2.2.2.2.2.2.2.2.2.3.2.2.2",0.615167559730566,FALSE,TRUE,40
"2.2.2.2.2.1.2.2.2.2.2.2.2.2.2.2.2.2.2.3.2.2",0.697245093222246,FALSE,TRUE,40
"2.2.2.2.2.1.2.2.2.2.2.2.2.2.2.2.2.2.2.2.3.2",0.624029591627494,FALSE,TRUE,40
"2.2.2.2.2.1.2.2.2.2.2.2.2.2.2.2.2.2.2.2.2.3",0.552826361305231,FALSE,TRUE,39
"1.2.2.2.2.1.2.2.2.2.2.2.2.2.2.2.2.2.2.2.2.2",0.603237055491338,FALSE,TRUE,39
"2.1.2.2.2.1.2.2.2.2.2.2.2.2.2.2.2.2.2.2.2.2",0.492073794179906,FALSE,TRUE,38
"2.2.1.2.2.1.2.2.2.2.2.2.2.2.2.2.2.2.2.2.2.2",0.45847758208677,FALSE,TRUE,39
"2.2.2.1.2.1.2.2.2.2.2.2.2.2.2.2.2.2.2.2.2.2",0.499864436610537,FALSE,TRUE,39
"2.2.2.2.1.1.2.2.2.2.2.2.2.2.2.2.2.2.2.2.2.2",0.600397040063221,FALSE,TRUE,39
"2.2.2.2.2.1.1.2.2.2.2.2.2.2.2.2.2.2.2.2.2.2",0.565782013974855,FALSE,TRUE,39
"2.2.2.2.2.1.2.1.2.2.2.2.2.2.2.2.2.2.2.2.2.2",0.558317198537027,FALSE,TRUE,40
"2.2.2.2.2.1.2.2.1.2.2.2.2.2.2.2.2.2.2.2.2.2",0.537319094749373,FALSE,TRUE,39
"2.2.2.2.2.1.2.2.2.1.2.2.2.2.2.2.2.2.2.2.2.2",0.546231008998228,FALSE,TRUE,39
"2.2.2.2.2.1.2.2.2.2.1.2.2.2.2.2.2.2.2.2.2.2",0.598044572260498,FALSE,TRUE,39
"2.2.2.2.2.1.2.2.2.2.2.1.2.2.2.2.2.2.2.2.2.2",0.577134678538802,FALSE,TRUE,39
"2.2.2.2.2.1.2.2.2.2.2.2.1.2.2.2.2.2.2.2.2.2",0.544048037279677,FALSE,TRUE,39
"2.2.2.2.2.1.2.2.2.2.2.2.2.1.2.2.2.2.2.2.2.2",0.565922786025295,FALSE,TRUE,38
"2.2.2.2.2.1.2.2.2.2.2.2.2.2.1.2.2.2.2.2.2.2",0.559307436929209,FALSE,TRUE,39
"2.2.2.2.2.1.2.2.2.2.2.2.2.2.2.1.2.2.2.2.2.2",0.559061534977966,FALSE,TRUE,39
"2.2.2.2.2.1.2.2.2.2.2.2.2.2.2.2.1.2.2.2.2.2",0.56863475849476,FALSE,TRUE,39
"2.2.2.2.2.1.2.2.2.2.2.2.2.2.2.2.2.1.2.2.2.2",0.594796375092715,FALSE,TRUE,36
"2.2.2.2.2.1.2.2.2.2.2.2.2.2.2.2.2.2.1.2.2.2",0.569443431183076,FALSE,TRUE,38
"2.2.2.2.2.1.2.2.2.2.2.2.2.2.2.2.2.2.2.1.2.2",0.516762780673346,FALSE,TRUE,39
"2.2.2.2.2.1.2.2.2.2.2.2.2.2.2.2.2.2.2.2.1.2",0.59688681166724,FALSE,TRUE,39
"2.2.2.2.2.1.2.2.2.2.2.2.2.2.2.2.2.2.2.2.2.1",0.664289128196013,FALSE,TRUE,39
"3.2.2.2.2.2.2.2.2.3.2.2.2.2.2.2.2.3.2.2.2.2",0.638749693481202,FALSE,TRUE,41
"2.3.2.2.2.2.2.2.2.3.2.2.2.2.2.2.2.3.2.2.2.2",0.746110295278553,FALSE,TRUE,41
"2.2.3.2.2.2.2.2.2.3.2.2.2.2.2.2.2.3.2.2.2.2",0.764019277106589,FALSE,TRUE,41
"2.2.2.3.2.2.2.2.2.3.2.2.2.2.2.2.2.3.2.2.2.2",0.758164431681498,FALSE,TRUE,40
"2.2.2.2.3.2.2.2.2.3.2.2.2.2.2.2.2.3.2.2.2.2",0.695170129957706,FALSE,TRUE,42
"2.2.2.2.2.3.2.2.2.3.2.2.2.2.2.2.2.3.2.2.2.2",0.68395164081001,FALSE,TRUE,40
"2.2.2.2.2.2.3.2.2.3.2.2.2.2.2.2.2.3.2.2.2.2",0.683575679288514,FALSE,TRUE,41
"2.2.2.2.2.2.2.3.2.3.2.2.2.2.2.2.2.3.2.2.2.2",0.714212334595966,FALSE,TRUE,41
"2.2.2.2.2.2.2.2.3.3.2.2.2.2.2.2.2.3.2.2.2.2",0.659782621335766,FALSE,TRUE,41
"2.2.2.2.2.2.2.2.2.4.2.2.2.2.2.2.2.3.2.2.2.2",0.642120758588397,FALSE,TRUE,41
"2.2.2.2.2.2.2.2.2.3.3.2.2.2.2.2.2.3.2.2.2.2",0.682159269608323,FALSE,TRUE,41
"2.2.2.2.2.2.2.2.2.3.2.3.2.2.2.2.2.3.2.2.2.2",0.718732295400152,FALSE,TRUE,41
"2.2.2.2.2.2.2.2.2.3.2.2.3.2.2.2.2.3.2.2.2.2",0.696715085360382,FALSE,TRUE,41
"2.2.2.2.2.2.2.2.2.3.2.2.2.3.2.2.2.3.2.2.2.2",0.645555028290546,FALSE,TRUE,41
"2.2.2.2.2.2.2.2.2.3.2.2.2.2.3.2.2.3.2.2.2.2",0.680464133179346,FALSE,TRUE,40
"2.2.2.2.2.2.2.2.2.3.2.2.2.2.2.3.2.3.2.2.2.2",0.664204791589148,FALSE,TRUE,41
"2.2.2.2.2.2.2.2.2.3.2.2.2.2.2.2.3.3.2.2.2.2",0.666436559218641,FALSE,TRUE,37
"2.2.2.2.2.2.2.2.2.3.2.2.2.2.2.2.2.4.2.2.2.2",0.618965181513477,FALSE,TRUE,41
"2.2.2.2.2.2.2.2.2.3.2.2.2.2.2.2.2.3.3.2.2.2",0.615320333110242,FALSE,TRUE,41
"2.2.2.2.2.2.2.2.2.3.2.2.2.2.2.2.2.3.2.3.2.2",0.743164341055714,FALSE,TRUE,41
"2.2.2.2.2.2.2.2.2.3.2.2.2.2.2.2.2.3.2.2.3.2",0.666514856885301,FALSE,TRUE,41
"2.2.2.2.2.2.2.2.2.3.2.2.2.2.2.2.2.3.2.2.2.3",0.616598235507377,FALSE,TRUE,40
"1.2.2.2.2.2.2.2.2.3.2.2.2.2.2.2.2.3.2.2.2.2",0.682250763339098,FALSE,TRUE,40
"2.1.2.2.2.2.2.2.2.3.2.2.2.2.2.2.2.3.2.2.2.2",0.575573606110587,FALSE,TRUE,40
"2.2.1.2.2.2.2.2.2.3.2.2.2.2.2.2.2.3.2.2.2.2",0.53086317568562,FALSE,TRUE,40
"2.2.2.1.2.2.2.2.2.3.2.2.2.2.2.2.2.3.2.2.2.2",0.568031025471345,FALSE,TRUE,39
"2.2.2.2.2.1.2.2.2.3.2.2.2.2.2.2.2.3.2.2.2.2",0.625147977862031,FALSE,TRUE,39
"2.2.2.2.2.2.1.2.2.3.2.2.2.2.2.2.2.3.2.2.2.2",0.626308363034093,FALSE,TRUE,40
"2.2.2.2.2.2.2.1.2.3.2.2.2.2.2.2.2.3.2.2.2.2",0.619647750442731,FALSE,TRUE,40
"2.2.2.2.2.2.2.2.1.3.2.2.2.2.2.2.2.3.2.2.2.2",0.641429605096884,FALSE,TRUE,39
"2.2.2.2.2.2.2.2.2.3.1.2.2.2.2.2.2.3.2.2.2.2",0.645460208963699,FALSE,TRUE,40
"2.2.2.2.2.2.2.2.2.3.2.1.2.2.2.2.2.3.2.2.2.2",0.635248288051752,FALSE,TRUE,40
"2.2.2.2.2.2.2.2.2.3.2.2.1.2.2.2.2.3.2.2.2.2",0.618393071774409,FALSE,TRUE,40
"2.2.2.2.2.2.2.2.2.3.2.2.2.1.2.2.2.3.2.2.2.2",0.667041900912239,FALSE,TRUE,40
"2.2.2.2.2.2.2.2.2.3.2.2.2.2.1.2.2.3.2.2.2.2",0.626136821017893,FALSE,TRUE,40
"2.2.2.2.2.2.2.2.2.3.2.2.2.2.2.1.2.3.2.2.2.2",0.657710870224353,FALSE,TRUE,40
"2.2.2.2.2.2.2.2.2.3.2.2.2.2.2.2.1.3.2.2.2.2",0.664585229472001,FALSE,TRUE,40
"2.2.2.2.2.2.2.2.2.3.2.2.2.2.2.2.2.3.1.2.2.2",0.681382305263098,FALSE,TRUE,40
"2.2.2.2.2.2.2.2.2.3.2.2.2.2.2.2.2.3.2.1.2.2",0.581460879358675,FALSE,TRUE,40
"2.2.2.2.2.2.2.2.2.3.2.2.2.2.2.2.2.3.2.2.1.2",0.668728501245929,FALSE,TRUE,40
"2.2.2.2.2.2.2.2.2.3.2.2.2.2.2.2.2.3.2.2.2.1",0.712759399554254,FALSE,TRUE,40
"3.2.2.2.2.2.2.2.2.2.2.2.2.2.2.2.2.2.2.2.2.3",0.55950239712613,FALSE,TRUE,41
"2.2.3.2.2.2.2.2.2.2.2.2.2.2.2.2.2.2.2.2.2.3",0.685552483031676,FALSE,TRUE,41
"2.2.2.3.2.2.2.2.2.2.2.2.2.2.2.2.2.2.2.2.2.3",0.676963321142033,FALSE,TRUE,41
"2.2.2.2.3.2.2.2.2.2.2.2.2.2.2.2.2.2.2.2.2.3",0.581217247925405,FALSE,TRUE,41
"2.2.2.2.2.2.3.2.2.2.2.2.2.2.2.2.2.2.2.2.2.3",0.642171026298332,FALSE,TRUE,41
"2.2.2.2.2.2.2.3.2.2.2.2.2.2.2.2.2.2.2.2.2.3",0.637114166271509,FALSE,TRUE,40
"2.2.2.2.2.2.2.2.3.2.2.2.2.2.2.2.2.2.2.2.2.3",0.623758538764433,FALSE,TRUE,41
"2.2.2.2.2.2.2.2.2.3.2.2.2.2.2.2.2.2.2.2.2.3",0.6194544703544,FALSE,TRUE,40
"2.2.2.2.2.2.2.2.2.2.3.2.2.2.2.2.2.2.2.2.2.3",0.595087066769085,FALSE,TRUE,40
"2.2.2.2.2.2.2.2.2.2.2.3.2.2.2.2.2.2.2.2.2.3",0.638928333407658,FALSE,TRUE,41
"2.2.2.2.2.2.2.2.2.2.2.2.3.2.2.2.2.2.2.2.2.3",0.644043046714671,FALSE,TRUE,40
"2.2.2.2.2.2.2.2.2.2.2.2.2.3.2.2.2.2.2.2.2.3",0.621561052855605,FALSE,TRUE,41
"2.2.2.2.2.2.2.2.2.2.2.2.2.2.3.2.2.2.2.2.2.3",0.577660722432698,FALSE,TRUE,40
"2.2.2.2.2.2.2.2.2.2.2.2.2.2.2.3.2.2.2.2.2.3",0.603610879009259,FALSE,TRUE,40
"2.2.2.2.2.2.2.2.2.2.2.2.2.2.2.2.3.2.2.2.2.3",0.615706446892434,FALSE,TRUE,37
"2.2.2.2.2.2.2.2.2.2.2.2.2.2.2.2.2.2.3.2.2.3",0.570432056110729,FALSE,TRUE,41
"2.2.2.2.2.2.2.2.2.2.2.2.2.2.2.2.2.2.2.3.2.3",0.698822765360493,FALSE,TRUE,41
"2.2.2.2.2.2.2.2.2.2.2.2.2.2.2.2.2.2.2.2.3.3",0.60521792523118,FALSE,TRUE,41
"2.2.2.2.2.2.2.2.2.2.2.2.2.2.2.2.2.2.2.2.2.4",0.49127967152763,FALSE,TRUE,42
"1.2.2.2.2.2.2.2.2.2.2.2.2.2.2.2.2.2.2.2.2.3",0.597285583522794,FALSE,TRUE,40
"2.1.2.2.2.2.2.2.2.2.2.2.2.2.2.2.2.2.2.2.2.3",0.469329981769449,FALSE,TRUE,40
"2.2.1.2.2.2.2.2.2.2.2.2.2.2.2.2.2.2.2.2.2.3",0.449293956614633,FALSE,TRUE,40
"2.2.2.1.2.2.2.2.2.2.2.2.2.2.2.2.2.2.2.2.2.3",0.490650508033262,FALSE,TRUE,40
"2.2.2.2.1.2.2.2.2.2.2.2.2.2.2.2.2.2.2.2.2.3",0.585230580067399,FALSE,TRUE,40
"2.2.2.2.2.2.1.2.2.2.2.2.2.2.2.2.2.2.2.2.2.3",0.505267013354532,FALSE,TRUE,40
"2.2.2.2.2.2.2.1.2.2.2.2.2.2.2.2.2.2.2.2.2.3",0.532081342317691,FALSE,TRUE,39
"2.2.2.2.2.2.2.2.1.2.2.2.2.2.2.2.2.2.2.2.2.3",0.512613737403707,FALSE,TRUE,40
"2.2.2.2.2.2.2.2.2.1.2.2.2.2.2.2.2.2.2.2.2.3",0.524872386960578,FALSE,TRUE,40
"2.2.2.2.2.2.2.2.2.2.1.2.2.2.2.2.2.2.2.2.2.3",0.56746285607417,FALSE,TRUE,40
"2.2.2.2.2.2.2.2.2.2.2.1.2.2.2.2.2.2.2.2.2.3",0.55088822244676,FALSE,TRUE,40
"2.2.2.2.2.2.2.2.2.2.2.2.1.2.2.2.2.2.2.2.2.3",0.507953263242462,FALSE,TRUE,40
"2.2.2.2.2.2.2.2.2.2.2.2.2.1.2.2.2.2.2.2.2.3",0.530057842927632,FALSE,TRUE,39
"2.2.2.2.2.2.2.2.2.2.2.2.2.2.1.2.2.2.2.2.2.3",0.569295036631428,FALSE,TRUE,40
"2.2.2.2.2.2.2.2.2.2.2.2.2.2.2.1.2.2.2.2.2.3",0.554511146463086,FALSE,TRUE,40
"2.2.2.2.2.2.2.2.2.2.2.2.2.2.2.2.1.2.2.2.2.3",0.553408643994122,FALSE,TRUE,40
"2.2.2.2.2.2.2.2.2.2.2.2.2.2.2.2.2.1.2.2.2.3",0.549489315910465,FALSE,TRUE,37
"2.2.2.2.2.2.2.2.2.2.2.2.2.2.2.2.2.2.1.2.2.3",0.564612958919397,FALSE,TRUE,39
"2.2.2.2.2.2.2.2.2.2.2.2.2.2.2.2.2.2.2.1.2.3",0.469015407634432,FALSE,TRUE,40
"2.2.2.2.2.2.2.2.2.2.2.2.2.2.2.2.2.2.2.2.1.3",0.565048738740375,FALSE,TRUE,40
"3.3.2.2.2.2.2.2.2.2.2.2.2.2.2.2.2.2.2.2.2.3",0.650113420425756,FALSE,TRUE,42
"2.4.2.2.2.2.2.2.2.2.2.2.2.2.2.2.2.2.2.2.2.3",0.751311390710139,FALSE,TRUE,43
"2.3.3.2.2.2.2.2.2.2.2.2.2.2.2.2.2.2.2.2.2.3",0.760790746098171,FALSE,TRUE,42
"2.3.2.3.2.2.2.2.2.2.2.2.2.2.2.2.2.2.2.2.2.3",0.754180621351648,FALSE,TRUE,42
"2.3.2.2.3.2.2.2.2.2.2.2.2.2.2.2.2.2.2.2.2.3",0.681446334284672,FALSE,TRUE,42
"2.3.2.2.2.3.2.2.2.2.2.2.2.2.2.2.2.2.2.2.2.3",0.667266187231635,FALSE,TRUE,40
"2.3.2.2.2.2.3.2.2.2.2.2.2.2.2.2.2.2.2.2.2.3",0.740383739050317,FALSE,TRUE,42
"2.3.2.2.2.2.2.3.2.2.2.2.2.2.2.2.2.2.2.2.2.3",0.714694216705463,FALSE,TRUE,42
"2.3.2.2.2.2.2.2.3.2.2.2.2.2.2.2.2.2.2.2.2.3",0.702709769146108,FALSE,TRUE,42
"2.3.2.2.2.2.2.2.2.3.2.2.2.2.2.2.2.2.2.2.2.3",0.704922477268071,FALSE,TRUE,42
"2.3.2.2.2.2.2.2.2.2.3.2.2.2.2.2.2.2.2.2.2.3",0.699392465986056,FALSE,TRUE,40
"2.3.2.2.2.2.2.2.2.2.2.3.2.2.2.2.2.2.2.2.2.3",0.734277320243398,FALSE,TRUE,42
"2.3.2.2.2.2.2.2.2.2.2.2.3.2.2.2.2.2.2.2.2.3",0.716013096800005,FALSE,TRUE,42
"2.3.2.2.2.2.2.2.2.2.2.2.2.3.2.2.2.2.2.2.2.3",0.7129589309909,FALSE,TRUE,42
"2.3.2.2.2.2.2.2.2.2.2.2.2.2.3.2.2.2.2.2.2.3",0.679252965460207,FALSE,TRUE,42
"2.3.2.2.2.2.2.2.2.2.2.2.2.2.2.3.2.2.2.2.2.3",0.686321744278636,FALSE,TRUE,42
"2.3.2.2.2.2.2.2.2.2.2.2.2.2.2.2.3.2.2.2.2.3",0.688318179291366,FALSE,TRUE,41
"2.3.2.2.2.2.2.2.2.2.2.2.2.2.2.2.2.3.2.2.2.3",0.702771057058726,FALSE,TRUE,41
"2.3.2.2.2.2.2.2.2.2.2.2.2.2.2.2.2.2.3.2.2.3",0.664323075003626,FALSE,TRUE,42
"2.3.2.2.2.2.2.2.2.2.2.2.2.2.2.2.2.2.2.3.2.3",0.783627284014487,FALSE,TRUE,42
"2.3.2.2.2.2.2.2.2.2.2.2.2.2.2.2.2.2.2.2.3.3",0.710690382782071,FALSE,TRUE,42
"2.3.2.2.2.2.2.2.2.2.2.2.2.2.2.2.2.2.2.2.2.4",0.602591023674213,FALSE,TRUE,42
"1.3.2.2.2.2.2.2.2.2.2.2.2.2.2.2.2.2.2.2.2.3",0.693886774329483,FALSE,TRUE,41
"2.3.1.2.2.2.2.2.2.2.2.2.2.2.2.2.2.2.2.2.2.3",0.556279803797533,FALSE,TRUE,41
"2.3.2.1.2.2.2.2.2.2.2.2.2.2.2.2.2.2.2.2.2.3",0.595967263316058,FALSE,TRUE,41
"2.3.2.2.1.2.2.2.2.2.2.2.2.2.2.2.2.2.2.2.2.3",0.671921561142432,FALSE,TRUE,41
"2.3.2.2.2.1.2.2.2.2.2.2.2.2.2.2.2.2.2.2.2.3",0.667481013037923,FALSE,TRUE,40
"2.3.2.2.2.2.1.2.2.2.2.2.2.2.2.2.2.2.2.2.2.3",0.595929463833392,FALSE,TRUE,41
"2.3.2.2.2.2.2.1.2.2.2.2.2.2.2.2.2.2.2.2.2.3",0.643063028005676,FALSE,TRUE,41
"2.3.2.2.2.2.2.2.1.2.2.2.2.2.2.2.2.2.2.2.2.3",0.621607797729722,FALSE,TRUE,41
"2.3.2.2.2.2.2.2.2.1.2.2.2.2.2.2.2.2.2.2.2.3",0.627243751920276,FALSE,TRUE,41
"2.3.2.2.2.2.2.2.2.2.1.2.2.2.2.2.2.2.2.2.2.3",0.65221806594805,FALSE,TRUE,41
"2.3.2.2.2.2.2.2.2.2.2.1.2.2.2.2.2.2.2.2.2.3",0.64315327296348,FALSE,TRUE,41
"2.3.2.2.2.2.2.2.2.2.2.2.1.2.2.2.2.2.2.2.2.3",0.62260348856619,FALSE,TRUE,41
"2.3.2.2.2.2.2.2.2.2.2.2.2.1.2.2.2.2.2.2.2.3",0.625675540749354,FALSE,TRUE,41
"2.3.2.2.2.2.2.2.2.2.2.2.2.2.1.2.2.2.2.2.2.3",0.653805724029659,FALSE,TRUE,41
"2.3.2.2.2.2.2.2.2.2.2.2.2.2.2.1.2.2.2.2.2.3",0.661412837891434,FALSE,TRUE,41
"2.3.2.2.2.2.2.2.2.2.2.2.2.2.2.2.1.2.2.2.2.3",0.666708354057233,FALSE,TRUE,41
"2.3.2.2.2.2.2.2.2.2.2.2.2.2.2.2.2.1.2.2.2.3",0.639323772092235,FALSE,TRUE,40
"2.3.2.2.2.2.2.2.2.2.2.2.2.2.2.2.2.2.1.2.2.3",0.656603276696267,FALSE,TRUE,41
"2.3.2.2.2.2.2.2.2.2.2.2.2.2.2.2.2.2.2.1.2.3",0.564544780856021,FALSE,TRUE,41
"2.3.2.2.2.2.2.2.2.2.2.2.2.2.2.2.2.2.2.2.1.3",0.64639161950574,FALSE,TRUE,41
"3.2.2.2.2.2.2.2.2.2.2.2.2.2.2.2.2.1.2.2.2.2",0.608349988794907,FALSE,TRUE,38
"2.3.2.2.2.2.2.2.2.2.2.2.2.2.2.2.2.1.2.2.2.2",0.706974254150729,FALSE,TRUE,38
"2.2.3.2.2.2.2.2.2.2.2.2.2.2.2.2.2.1.2.2.2.2",0.701334555054105,FALSE,TRUE,38
"2.2.2.3.2.2.2.2.2.2.2.2.2.2.2.2.2.1.2.2.2.2",0.691028810766899,FALSE,TRUE,38
"2.2.2.2.3.2.2.2.2.2.2.2.2.2.2.2.2.1.2.2.2.2",0.601964717373368,FALSE,TRUE,38
"2.2.2.2.2.2.3.2.2.2.2.2.2.2.2.2.2.1.2.2.2.2",0.689106413869399,FALSE,TRUE,38
"2.2.2.2.2.2.2.3.2.2.2.2.2.2.2.2.2.1.2.2.2.2",0.659423284482704,FALSE,TRUE,37
"2.2.2.2.2.2.2.2.3.2.2.2.2.2.2.2.2.1.2.2.2.2",0.678734726344736,FALSE,TRUE,38
"2.2.2.2.2.2.2.2.2.3.2.2.2.2.2.2.2.1.2.2.2.2",0.669230456051834,FALSE,TRUE,38
"2.2.2.2.2.2.2.2.2.2.3.2.2.2.2.2.2.1.2.2.2.2",0.627949924226055,FALSE,TRUE,37
"2.2.2.2.2.2.2.2.2.2.2.3.2.2.2.2.2.1.2.2.2.2",0.671048367577596,FALSE,TRUE,38
"2.2.2.2.2.2.2.2.2.2.2.2.3.2.2.2.2.1.2.2.2.2",0.677223213627292,FALSE,TRUE,37
"2.2.2.2.2.2.2.2.2.2.2.2.2.3.2.2.2.1.2.2.2.2",0.684277705084945,FALSE,TRUE,39
"2.2.2.2.2.2.2.2.2.2.2.2.2.2.2.3.2.1.2.2.2.2",0.655102003275449,FALSE,TRUE,37
"2.2.2.2.2.2.2.2.2.2.2.2.2.2.2.2.3.1.2.2.2.2",0.658996787038058,FALSE,TRUE,35
"2.2.2.2.2.2.2.2.2.2.2.2.2.2.2.2.2.1.3.2.2.2",0.627807549626797,FALSE,TRUE,38
"2.2.2.2.2.2.2.2.2.2.2.2.2.2.2.2.2.1.2.3.2.2",0.720419020275994,FALSE,TRUE,38
"2.2.2.2.2.2.2.2.2.2.2.2.2.2.2.2.2.1.2.2.3.2",0.649859257949968,FALSE,TRUE,38
"1.2.2.2.2.2.2.2.2.2.2.2.2.2.2.2.2.1.2.2.2.2",0.631358803960607,FALSE,TRUE,37
"2.2.1.2.2.2.2.2.2.2.2.2.2.2.2.2.2.1.2.2.2.2",0.509221506547209,FALSE,TRUE,37
"2.2.2.1.2.2.2.2.2.2.2.2.2.2.2.2.2.1.2.2.2.2",0.550387396846592,FALSE,TRUE,37
"2.2.2.2.1.2.2.2.2.2.2.2.2.2.2.2.2.1.2.2.2.2",0.647250748946043,FALSE,TRUE,37
"2.2.2.2.2.2.1.2.2.2.2.2.2.2.2.2.2.1.2.2.2.2",0.542936574328128,FALSE,TRUE,37
"2.2.2.2.2.2.2.1.2.2.2.2.2.2.2.2.2.1.2.2.2.2",0.592853832832271,FALSE,TRUE,36
"2.2.2.2.2.2.2.2.1.2.2.2.2.2.2.2.2.1.2.2.2.2",0.541211025947857,FALSE,TRUE,37
"2.2.2.2.2.2.2.2.2.1.2.2.2.2.2.2.2.1.2.2.2.2",0.559909910443283,FALSE,TRUE,37
"2.2.2.2.2.2.2.2.2.2.1.2.2.2.2.2.2.1.2.2.2.2",0.617622477226039,FALSE,TRUE,37
"2.2.2.2.2.2.2.2.2.2.2.1.2.2.2.2.2.1.2.2.2.2",0.604721052439143,FALSE,TRUE,37
"2.2.2.2.2.2.2.2.2.2.2.2.1.2.2.2.2.1.2.2.2.2",0.555752129699916,FALSE,TRUE,37
"2.2.2.2.2.2.2.2.2.2.2.2.2.2.1.2.2.1.2.2.2.2",0.609028541793992,FALSE,TRUE,38
"2.2.2.2.2.2.2.2.2.2.2.2.2.2.2.1.2.1.2.2.2.2",0.588895669038609,FALSE,TRUE,37
"2.2.2.2.2.2.2.2.2.2.2.2.2.2.2.2.1.1.2.2.2.2",0.591340603538396,FALSE,TRUE,37
"2.2.2.2.2.2.2.2.2.2.2.2.2.2.2.2.2.1.1.2.2.2",0.589325771082945,FALSE,TRUE,36
"2.2.2.2.2.2.2.2.2.2.2.2.2.2.2.2.2.1.2.1.2.2",0.525145421138597,FALSE,TRUE,37
"2.2.2.2.2.2.2.2.2.2.2.2.2.2.2.2.2.1.2.2.1.2",0.603657137332498,FALSE,TRUE,37
"2.2.2.2.2.2.2.2.2.2.2.2.2.2.2.2.2.1.2.2.2.1",0.6984856896729,FALSE,TRUE,37
"3.2.2.2.2.2.2.2.2.2.2.2.2.2.2.2.3.2.2.2.2.2",0.65389716802628,FALSE,TRUE,38
"2.3.2.2.2.2.2.2.2.2.2.2.2.2.2.2.3.2.2.2.2.2",0.740055471466044,FALSE,TRUE,35
"2.2.3.2.2.2.2.2.2.2.2.2.2.2.2.2.3.2.2.2.2.2",0.748178563333999,FALSE,TRUE,38
"2.2.2.3.2.2.2.2.2.2.2.2.2.2.2.2.3.2.2.2.2.2",0.740404425553805,FALSE,TRUE,37
"2.2.2.2.3.2.2.2.2.2.2.2.2.2.2.2.3.2.2.2.2.2",0.665353188712858,FALSE,TRUE,38
"2.2.2.2.2.2.3.2.2.2.2.2.2.2.2.2.3.2.2.2.2.2",0.733255396335084,FALSE,TRUE,38
"2.2.2.2.2.2.2.3.2.2.2.2.2.2.2.2.3.2.2.2.2.2",0.709095946170246,FALSE,TRUE,37
"2.2.2.2.2.2.2.2.3.2.2.2.2.2.2.2.3.2.2.2.2.2",0.711422036336166,FALSE,TRUE,38
"2.2.2.2.2.2.2.2.2.3.2.2.2.2.2.2.3.2.2.2.2.2",0.686812601754273,FALSE,TRUE,38
"2.2.2.2.2.2.2.2.2.2.3.2.2.2.2.2.3.2.2.2.2.2",0.677875040498316,FALSE,TRUE,37
"2.2.2.2.2.2.2.2.2.2.2.3.2.2.2.2.3.2.2.2.2.2",0.722014664740824,FALSE,TRUE,38
"2.2.2.2.2.2.2.2.2.2.2.2.2.3.2.2.3.2.2.2.2.2",0.703680854720329,FALSE,TRUE,38
"2.2.2.2.2.2.2.2.2.2.2.2.2.2.3.2.3.2.2.2.2.2",0.682908246872456,FALSE,TRUE,37
"2.2.2.2.2.2.2.2.2.2.2.2.2.2.2.2.4.2.2.2.2.2",0.685630734761601,FALSE,TRUE,39
"2.2.2.2.2.2.2.2.2.2.2.2.2.2.2.2.3.2.3.2.2.2",0.646623255851979,FALSE,TRUE,39
"2.2.2.2.2.2.2.2.2.2.2.2.2.2.2.2.3.2.2.3.2.2",0.75265606784646,FALSE,TRUE,38
"2.2.2.2.2.2.2.2.2.2.2.2.2.2.2.2.3.2.2.2.3.2",0.690910410339384,FALSE,TRUE,38
"1.2.2.2.2.2.2.2.2.2.2.2.2.2.2.2.3.2.2.2.2.2",0.69447183570362,FALSE,TRUE,36
"2.1.2.2.2.2.2.2.2.2.2.2.2.2.2.2.3.2.2.2.2.2",0.608414208594375,FALSE,TRUE,36
"2.2.1.2.2.2.2.2.2.2.2.2.2.2.2.2.3.2.2.2.2.2",0.569739578812629,FALSE,TRUE,37
"2.2.2.1.2.2.2.2.2.2.2.2.2.2.2.2.3.2.2.2.2.2",0.607589266293677,FALSE,TRUE,36
"2.2.2.2.1.2.2.2.2.2.2.2.2.2.2.2.3.2.2.2.2.2",0.688208120387764,FALSE,TRUE,37
"2.2.2.2.2.2.1.2.2.2.2.2.2.2.2.2.3.2.2.2.2.2",0.605408396633325,FALSE,TRUE,37
"2.2.2.2.2.2.2.1.2.2.2.2.2.2.2.2.3.2.2.2.2.2",0.651053082174461,FALSE,TRUE,36
"2.2.2.2.2.2.2.2.1.2.2.2.2.2.2.2.3.2.2.2.2.2",0.616424104009979,FALSE,TRUE,37
"2.2.2.2.2.2.2.2.2.1.2.2.2.2.2.2.3.2.2.2.2.2",0.648749765544003,FALSE,TRUE,37
"2.2.2.2.2.2.2.2.2.2.1.2.2.2.2.2.3.2.2.2.2.2",0.67477934066045,FALSE,TRUE,37
"2.2.2.2.2.2.2.2.2.2.2.1.2.2.2.2.3.2.2.2.2.2",0.662378428164906,FALSE,TRUE,37
"2.2.2.2.2.2.2.2.2.2.2.2.1.2.2.2.3.2.2.2.2.2",0.623704660107375,FALSE,TRUE,38
"2.2.2.2.2.2.2.2.2.2.2.2.2.1.2.2.3.2.2.2.2.2",0.636304675074672,FALSE,TRUE,36
"2.2.2.2.2.2.2.2.2.2.2.2.2.2.1.2.3.2.2.2.2.2",0.654250902394892,FALSE,TRUE,37
"2.2.2.2.2.2.2.2.2.2.2.2.2.2.2.1.3.2.2.2.2.2",0.662789414540772,FALSE,TRUE,38
"2.2.2.2.2.2.2.2.2.2.2.2.2.2.2.2.3.2.2.1.2.2",0.595499886545794,FALSE,TRUE,37
"2.2.2.2.2.2.2.2.2.2.2.2.2.2.2.2.3.2.2.2.1.2",0.67095437930647,FALSE,TRUE,37
"2.2.2.2.2.2.2.2.2.2.2.2.2.2.2.2.3.2.2.2.2.1",0.737754434842385,FALSE,TRUE,36
"3.2.2.2.2.2.2.2.2.2.2.2.2.2.3.2.2.1.2.2.2.2",0.591100403245358,FALSE,TRUE,40
"2.3.2.2.2.2.2.2.2.2.2.2.2.2.3.2.2.1.2.2.2.2",0.700304140167422,FALSE,TRUE,40
"2.2.3.2.2.2.2.2.2.2.2.2.2.2.3.2.2.1.2.2.2.2",0.67020522260188,FALSE,TRUE,40
"2.2.2.2.3.2.2.2.2.2.2.2.2.2.3.2.2.1.2.2.2.2",0.597770752951939,FALSE,TRUE,40
"2.2.2.2.2.3.2.2.2.2.2.2.2.2.3.2.2.1.2.2.2.2",0.604517764150333,FALSE,TRUE,39
"2.2.2.2.2.2.3.2.2.2.2.2.2.2.3.2.2.1.2.2.2.2",0.665386410688621,FALSE,TRUE,40
"2.2.2.2.2.2.2.3.2.2.2.2.2.2.3.2.2.1.2.2.2.2",0.653252753645694,FALSE,TRUE,40
"2.2.2.2.2.2.2.2.3.2.2.2.2.2.3.2.2.1.2.2.2.2",0.638304402740528,FALSE,TRUE,40
"2.2.2.2.2.2.2.2.2.3.2.2.2.2.3.2.2.1.2.2.2.2",0.646937751622624,FALSE,TRUE,40
"2.2.2.2.2.2.2.2.2.2.3.2.2.2.3.2.2.1.2.2.2.2",0.614180136865714,FALSE,TRUE,40
"2.2.2.2.2.2.2.2.2.2.2.3.2.2.3.2.2.1.2.2.2.2",0.658944458148366,FALSE,TRUE,40
"2.2.2.2.2.2.2.2.2.2.2.2.3.2.3.2.2.1.2.2.2.2",0.648072927252934,FALSE,TRUE,40
"2.2.2.2.2.2.2.2.2.2.2.2.2.3.3.2.2.1.2.2.2.2",0.665277016149126,FALSE,TRUE,40
"2.2.2.2.2.2.2.2.2.2.2.2.2.2.4.2.2.1.2.2.2.2",0.5673283710146,FALSE,TRUE,41
"2.2.2.2.2.2.2.2.2.2.2.2.2.2.3.3.2.1.2.2.2.2",0.631216633739183,FALSE,TRUE,39
"2.2.2.2.2.2.2.2.2.2.2.2.2.2.3.2.3.1.2.2.2.2",0.640869918423587,FALSE,TRUE,38
"2.2.2.2.2.2.2.2.2.2.2.2.2.2.3.2.2.1.3.2.2.2",0.605898967833087,FALSE,TRUE,40
"2.2.2.2.2.2.2.2.2.2.2.2.2.2.3.2.2.1.2.3.2.2",0.728787448773047,FALSE,TRUE,40
"2.2.2.2.2.2.2.2.2.2.2.2.2.2.3.2.2.1.2.2.3.2",0.648574532490234,FALSE,TRUE,40
"2.2.2.2.2.2.2.2.2.2.2.2.2.2.3.2.2.1.2.2.2.3",0.525230769416834,FALSE,TRUE,39
"1.2.2.2.2.2.2.2.2.2.2.2.2.2.3.2.2.1.2.2.2.2",0.617619137177762,FALSE,TRUE,39
"2.1.2.2.2.2.2.2.2.2.2.2.2.2.3.2.2.1.2.2.2.2",0.512563468836541,FALSE,TRUE,39
"2.2.1.2.2.2.2.2.2.2.2.2.2.2.3.2.2.1.2.2.2.2",0.511304008412933,FALSE,TRUE,39
"2.2.2.1.2.2.2.2.2.2.2.2.2.2.3.2.2.1.2.2.2.2",0.537180075204943,FALSE,TRUE,40
"2.2.2.2.1.2.2.2.2.2.2.2.2.2.3.2.2.1.2.2.2.2",0.62529893677913,FALSE,TRUE,39
"2.2.2.2.2.1.2.2.2.2.2.2.2.2.3.2.2.1.2.2.2.2",0.60345850222843,FALSE,TRUE,38
"2.2.2.2.2.2.1.2.2.2.2.2.2.2.3.2.2.1.2.2.2.2",0.534870561772017,FALSE,TRUE,39
"2.2.2.2.2.2.2.1.2.2.2.2.2.2.3.2.2.1.2.2.2.2",0.570332154867966,FALSE,TRUE,38
"2.2.2.2.2.2.2.2.1.2.2.2.2.2.3.2.2.1.2.2.2.2",0.548786201549039,FALSE,TRUE,39
"2.2.2.2.2.2.2.2.2.1.2.2.2.2.3.2.2.1.2.2.2.2",0.552080634793211,FALSE,TRUE,39
"2.2.2.2.2.2.2.2.2.2.1.2.2.2.3.2.2.1.2.2.2.2",0.602427169677705,FALSE,TRUE,39
"2.2.2.2.2.2.2.2.2.2.2.1.2.2.3.2.2.1.2.2.2.2",0.586613029690784,FALSE,TRUE,39
"2.2.2.2.2.2.2.2.2.2.2.2.1.2.3.2.2.1.2.2.2.2",0.552817409615356,FALSE,TRUE,39
"2.2.2.2.2.2.2.2.2.2.2.2.2.1.3.2.2.1.2.2.2.2",0.546056309044254,FALSE,TRUE,38
"2.2.2.2.2.2.2.2.2.2.2.2.2.2.3.1.2.1.2.2.2.2",0.584779289580932,FALSE,TRUE,39
"2.2.2.2.2.2.2.2.2.2.2.2.2.2.3.2.1.1.2.2.2.2",0.582590056829981,FALSE,TRUE,39
"2.2.2.2.2.2.2.2.2.2.2.2.2.2.3.2.2.1.1.2.2.2",0.585023327603126,FALSE,TRUE,39
"2.2.2.2.2.2.2.2.2.2.2.2.2.2.3.2.2.1.2.1.2.2",0.492398972725894,FALSE,TRUE,39
"2.2.2.2.2.2.2.2.2.2.2.2.2.2.3.2.2.1.2.2.1.2",0.576207380601777,FALSE,TRUE,39
"2.2.2.2.2.2.2.2.2.2.2.2.2.2.3.2.2.1.2.2.2.1",0.696953655238537,FALSE,TRUE,39
"2.3.2.2.2.2.2.2.2.2.2.2.3.2.2.2.3.2.2.2.2.2",0.739883852403005,FALSE,TRUE,39
"2.2.3.2.2.2.2.2.2.2.2.2.3.2.2.2.3.2.2.2.2.2",0.750211504260586,FALSE,TRUE,39
"2.2.2.3.2.2.2.2.2.2.2.2.3.2.2.2.3.2.2.2.2.2",0.746699654683097,FALSE,TRUE,38
"2.2.2.2.3.2.2.2.2.2.2.2.3.2.2.2.3.2.2.2.2.2",0.691686445391991,FALSE,TRUE,39
"2.2.2.2.2.2.2.3.2.2.2.2.3.2.2.2.3.2.2.2.2.2",0.72448060975516,FALSE,TRUE,39
"2.2.2.2.2.2.2.2.3.2.2.2.3.2.2.2.3.2.2.2.2.2",0.73098845794366,FALSE,TRUE,39
"2.2.2.2.2.2.2.2.2.3.2.2.3.2.2.2.3.2.2.2.2.2",0.694776404820223,FALSE,TRUE,39
"2.2.2.2.2.2.2.2.2.2.3.2.3.2.2.2.3.2.2.2.2.2",0.693297804210519,FALSE,TRUE,39
"2.2.2.2.2.2.2.2.2.2.2.3.3.2.2.2.3.2.2.2.2.2",0.740929568302432,FALSE,TRUE,39
"2.2.2.2.2.2.2.2.2.2.2.2.4.2.2.2.3.2.2.2.2.2",0.702763226512595,FALSE,TRUE,40
"2.2.2.2.2.2.2.2.2.2.2.2.3.3.2.2.3.2.2.2.2.2",0.736554308079167,FALSE,TRUE,39
"2.2.2.2.2.2.2.2.2.2.2.2.3.2.3.2.3.2.2.2.2.2",0.696861669706515,FALSE,TRUE,38
"2.2.2.2.2.2.2.2.2.2.2.2.3.2.2.3.3.2.2.2.2.2",0.714754222903422,FALSE,TRUE,37
"2.2.2.2.2.2.2.2.2.2.2.2.3.2.2.2.4.2.2.2.2.2",0.70127846374129,FALSE,TRUE,39
"2.2.2.2.2.2.2.2.2.2.2.2.3.2.2.2.3.3.2.2.2.2",0.707763687383409,FALSE,TRUE,35
"2.2.2.2.2.2.2.2.2.2.2.2.3.2.2.2.3.2.3.2.2.2",0.680446932752742,FALSE,TRUE,39
"2.2.2.2.2.2.2.2.2.2.2.2.3.2.2.2.3.2.2.3.2.2",0.76754097049099,FALSE,TRUE,39
"2.2.2.2.2.2.2.2.2.2.2.2.3.2.2.2.3.2.2.2.3.2",0.731923814056386,FALSE,TRUE,39
"2.2.2.2.2.2.2.2.2.2.2.2.3.2.2.2.3.2.2.2.2.3",0.653436080341941,FALSE,TRUE,38
"1.2.2.2.2.2.2.2.2.2.2.2.3.2.2.2.3.2.2.2.2.2",0.707518318545479,FALSE,TRUE,38
"2.1.2.2.2.2.2.2.2.2.2.2.3.2.2.2.3.2.2.2.2.2",0.660267116427586,FALSE,TRUE,38
"2.2.1.2.2.2.2.2.2.2.2.2.3.2.2.2.3.2.2.2.2.2",0.61868007910718,FALSE,TRUE,38
"2.2.2.1.2.2.2.2.2.2.2.2.3.2.2.2.3.2.2.2.2.2",0.649633514481458,FALSE,TRUE,37
"2.2.2.2.1.2.2.2.2.2.2.2.3.2.2.2.3.2.2.2.2.2",0.714521187243954,FALSE,TRUE,38
"2.2.2.2.2.1.2.2.2.2.2.2.3.2.2.2.3.2.2.2.2.2",0.678883880276761,FALSE,TRUE,38
"2.2.2.2.2.2.1.2.2.2.2.2.3.2.2.2.3.2.2.2.2.2",0.642289102193999,FALSE,TRUE,39
"2.2.2.2.2.2.2.1.2.2.2.2.3.2.2.2.3.2.2.2.2.2",0.689397739626846,FALSE,TRUE,38
"2.2.2.2.2.2.2.2.1.2.2.2.3.2.2.2.3.2.2.2.2.2",0.649915397055815,FALSE,TRUE,37
"2.2.2.2.2.2.2.2.2.1.2.2.3.2.2.2.3.2.2.2.2.2",0.693344848807566,FALSE,TRUE,38
"2.2.2.2.2.2.2.2.2.2.1.2.3.2.2.2.3.2.2.2.2.2",0.71193717174638,FALSE,TRUE,38
"2.2.2.2.2.2.2.2.2.2.2.1.3.2.2.2.3.2.2.2.2.2",0.697222687292364,FALSE,TRUE,38
"2.2.2.2.2.2.2.2.2.2.2.2.3.1.2.2.3.2.2.2.2.2",0.657053316650802,FALSE,TRUE,38
"2.2.2.2.2.2.2.2.2.2.2.2.3.2.1.2.3.2.2.2.2.2",0.689963602403188,FALSE,TRUE,38
"2.2.2.2.2.2.2.2.2.2.2.2.3.2.2.1.3.2.2.2.2.2",0.689416632057602,FALSE,TRUE,37
"2.2.2.2.2.2.2.2.2.2.2.2.3.2.2.2.3.1.2.2.2.2",0.686113488863342,FALSE,TRUE,36
"2.2.2.2.2.2.2.2.2.2.2.2.3.2.2.2.3.2.1.2.2.2",0.691240148916485,FALSE,TRUE,36
"2.2.2.2.2.2.2.2.2.2.2.2.3.2.2.2.3.2.2.1.2.2",0.632658545348522,FALSE,TRUE,38
"2.2.2.2.2.2.2.2.2.2.2.2.3.2.2.2.3.2.2.2.1.2",0.682642357487754,FALSE,TRUE,38
"2.2.2.2.2.2.2.2.2.2.2.2.3.2.2.2.3.2.2.2.2.1",0.752539671628694,FALSE,TRUE,38
"3.2.2.2.1.2.2.2.2.3.2.2.2.2.2.2.2.3.2.2.2.2",0.587444502896227,FALSE,TRUE,35
"2.2.3.2.1.2.2.2.2.3.2.2.2.2.2.2.2.3.2.2.2.2",0.721361467239189,FALSE,TRUE,36
"2.2.2.3.1.2.2.2.2.3.2.2.2.2.2.2.2.3.2.2.2.2",0.711767512543939,FALSE,TRUE,35
"2.2.2.2.1.3.2.2.2.3.2.2.2.2.2.2.2.3.2.2.2.2",0.64575094033528,FALSE,TRUE,35
"2.2.2.2.1.2.3.2.2.3.2.2.2.2.2.2.2.3.2.2.2.2",0.631504768979138,FALSE,TRUE,35
"2.2.2.2.1.2.2.3.2.3.2.2.2.2.2.2.2.3.2.2.2.2",0.670194308371675,FALSE,TRUE,36
"2.2.2.2.1.2.2.2.3.3.2.2.2.2.2.2.2.3.2.2.2.2",0.616402041871588,FALSE,TRUE,36
"2.2.2.2.1.2.2.2.2.4.2.2.2.2.2.2.2.3.2.2.2.2",0.592905882169537,FALSE,TRUE,35
"2.2.2.2.1.2.2.2.2.3.3.2.2.2.2.2.2.3.2.2.2.2",0.642611873162185,FALSE,TRUE,35
"2.2.2.2.1.2.2.2.2.3.2.3.2.2.2.2.2.3.2.2.2.2",0.66127223464266,FALSE,TRUE,35
"2.2.2.2.1.2.2.2.2.3.2.2.3.2.2.2.2.3.2.2.2.2",0.649475517459974,FALSE,TRUE,35
"2.2.2.2.1.2.2.2.2.3.2.2.2.3.2.2.2.3.2.2.2.2",0.599873752344436,FALSE,TRUE,35
"2.2.2.2.1.2.2.2.2.3.2.2.2.2.2.3.2.3.2.2.2.2",0.609797603689822,FALSE,TRUE,35
"2.2.2.2.1.2.2.2.2.3.2.2.2.2.2.2.3.3.2.2.2.2",0.632048685198527,FALSE,TRUE,34
"2.2.2.2.1.2.2.2.2.3.2.2.2.2.2.2.2.4.2.2.2.2",0.552319113956078,FALSE,TRUE,35
"2.2.2.2.1.2.2.2.2.3.2.2.2.2.2.2.2.3.3.2.2.2",0.574007505846814,FALSE,TRUE,35
"2.2.2.2.1.2.2.2.2.3.2.2.2.2.2.2.2.3.2.3.2.2",0.677903639432624,FALSE,TRUE,35
"2.2.2.2.1.2.2.2.2.3.2.2.2.2.2.2.2.3.2.2.3.2",0.614524326594466,FALSE,TRUE,35
"2.2.2.2.1.2.2.2.2.3.2.2.2.2.2.2.2.3.2.2.2.3",0.578193305249205,FALSE,TRUE,35
"1.2.2.2.1.2.2.2.2.3.2.2.2.2.2.2.2.3.2.2.2.2",0.644093552237801,FALSE,TRUE,34
"2.1.2.2.1.2.2.2.2.3.2.2.2.2.2.2.2.3.2.2.2.2",0.541112052725709,FALSE,TRUE,35
"2.2.2.1.1.2.2.2.2.3.2.2.2.2.2.2.2.3.2.2.2.2",0.527906167544236,FALSE,TRUE,34
"2.2.2.2.1.1.2.2.2.3.2.2.2.2.2.2.2.3.2.2.2.2",0.575551486896508,FALSE,TRUE,34
"2.2.2.2.1.2.1.2.2.3.2.2.2.2.2.2.2.3.2.2.2.2",0.588246331889394,FALSE,TRUE,34
"2.2.2.2.1.2.2.2.2.3.1.2.2.2.2.2.2.3.2.2.2.2",0.597700983381645,FALSE,TRUE,34
"2.2.2.2.1.2.2.2.2.3.2.1.2.2.2.2.2.3.2.2.2.2",0.604204692393109,FALSE,TRUE,34
"2.2.2.2.1.2.2.2.2.3.2.2.1.2.2.2.2.3.2.2.2.2",0.575594017576419,FALSE,TRUE,34
"2.2.2.2.1.2.2.2.2.3.2.2.2.1.2.2.2.3.2.2.2.2",0.624952182152043,FALSE,TRUE,34
"2.2.2.2.1.2.2.2.2.3.2.2.2.2.2.1.2.3.2.2.2.2",0.622683819025126,FALSE,TRUE,34
"2.2.2.2.1.2.2.2.2.3.2.2.2.2.2.2.1.3.2.2.2.2",0.613742522997963,FALSE,TRUE,34
"2.2.2.2.1.2.2.2.2.3.2.2.2.2.2.2.2.2.2.2.2.2",0.676090441230415,FALSE,TRUE,34
"2.2.2.2.1.2.2.2.2.3.2.2.2.2.2.2.2.3.1.2.2.2",0.635789140438773,FALSE,TRUE,34
"2.2.2.2.1.2.2.2.2.3.2.2.2.2.2.2.2.3.2.1.2.2",0.562734555898952,FALSE,TRUE,34
"2.2.2.2.1.2.2.2.2.3.2.2.2.2.2.2.2.3.2.2.1.2",0.632030150197756,FALSE,TRUE,34
"2.2.2.2.1.2.2.2.2.3.2.2.2.2.2.2.2.3.2.2.2.1",0.664591605826289,FALSE,TRUE,34
"3.2.2.2.2.2.2.2.2.2.2.2.2.2.2.2.3.3.2.2.2.2",0.641643232611302,FALSE,TRUE,37
"2.3.2.2.2.2.2.2.2.2.2.2.2.2.2.2.3.3.2.2.2.2",0.736769822383596,FALSE,TRUE,35
"2.2.3.2.2.2.2.2.2.2.2.2.2.2.2.2.3.3.2.2.2.2",0.749417183566773,FALSE,TRUE,38
"2.2.2.2.3.2.2.2.2.2.2.2.2.2.2.2.3.3.2.2.2.2",0.684607631704908,FALSE,TRUE,38
"2.2.2.2.2.3.2.2.2.2.2.2.2.2.2.2.3.3.2.2.2.2",0.685644724841627,FALSE,TRUE,37
"2.2.2.2.2.2.3.2.2.2.2.2.2.2.2.2.3.3.2.2.2.2",0.706279498101086,FALSE,TRUE,36
"2.2.2.2.2.2.2.3.2.2.2.2.2.2.2.2.3.3.2.2.2.2",0.707502191776581,FALSE,TRUE,38
"2.2.2.2.2.2.2.2.3.2.2.2.2.2.2.2.3.3.2.2.2.2",0.687787858981087,FALSE,TRUE,38
"2.2.2.2.2.2.2.2.2.2.3.2.2.2.2.2.3.3.2.2.2.2",0.671582839135277,FALSE,TRUE,38
"2.2.2.2.2.2.2.2.2.2.2.3.2.2.2.2.3.3.2.2.2.2",0.712173779573479,FALSE,TRUE,38
"2.2.2.2.2.2.2.2.2.2.2.2.2.3.2.2.3.3.2.2.2.2",0.664993975374462,FALSE,TRUE,38
"2.2.2.2.2.2.2.2.2.2.2.2.2.2.2.3.3.3.2.2.2.2",0.665782214699557,FALSE,TRUE,37
"2.2.2.2.2.2.2.2.2.2.2.2.2.2.2.2.4.3.2.2.2.2",0.673109346076903,FALSE,TRUE,39
"2.2.2.2.2.2.2.2.2.2.2.2.2.2.2.2.3.4.2.2.2.2",0.630535585615855,FALSE,TRUE,39
"2.2.2.2.2.2.2.2.2.2.2.2.2.2.2.2.3.3.3.2.2.2",0.619876446604669,FALSE,TRUE,38
"2.2.2.2.2.2.2.2.2.2.2.2.2.2.2.2.3.3.2.3.2.2",0.730701979962827,FALSE,TRUE,38
"2.2.2.2.2.2.2.2.2.2.2.2.2.2.2.2.3.3.2.2.3.2",0.672421408978459,FALSE,TRUE,38
"2.2.2.2.2.2.2.2.2.2.2.2.2.2.2.2.3.3.2.2.2.3",0.619579424312893,FALSE,TRUE,38
"1.2.2.2.2.2.2.2.2.2.2.2.2.2.2.2.3.3.2.2.2.2",0.688221827328677,FALSE,TRUE,36
"2.1.2.2.2.2.2.2.2.2.2.2.2.2.2.2.3.3.2.2.2.2",0.594489022934855,FALSE,TRUE,37
"2.2.1.2.2.2.2.2.2.2.2.2.2.2.2.2.3.3.2.2.2.2",0.551719579347831,FALSE,TRUE,37
"2.2.2.2.1.2.2.2.2.2.2.2.2.2.2.2.3.3.2.2.2.2",0.651128968068593,FALSE,TRUE,36
"2.2.2.2.2.1.2.2.2.2.2.2.2.2.2.2.3.3.2.2.2.2",0.633526740918639,FALSE,TRUE,37
"2.2.2.2.2.2.1.2.2.2.2.2.2.2.2.2.3.3.2.2.2.2",0.613544714700948,FALSE,TRUE,37
"2.2.2.2.2.2.2.1.2.2.2.2.2.2.2.2.3.3.2.2.2.2",0.634254911574733,FALSE,TRUE,37
"2.2.2.2.2.2.2.2.1.2.2.2.2.2.2.2.3.3.2.2.2.2",0.620811714901835,FALSE,TRUE,36
"2.2.2.2.2.2.2.2.2.1.2.2.2.2.2.2.3.3.2.2.2.2",0.65016317808678,FALSE,TRUE,37
"2.2.2.2.2.2.2.2.2.2.1.2.2.2.2.2.3.3.2.2.2.2",0.662937826657799,FALSE,TRUE,37
"2.2.2.2.2.2.2.2.2.2.2.1.2.2.2.2.3.3.2.2.2.2",0.653088040371172,FALSE,TRUE,37
"2.2.2.2.2.2.2.2.2.2.2.2.1.2.2.2.3.3.2.2.2.2",0.616310211980409,FALSE,TRUE,37
"2.2.2.2.2.2.2.2.2.2.2.2.2.1.2.2.3.3.2.2.2.2",0.65554680993312,FALSE,TRUE,37
"2.2.2.2.2.2.2.2.2.2.2.2.2.2.1.2.3.3.2.2.2.2",0.630660103297134,FALSE,TRUE,37
"2.2.2.2.2.2.2.2.2.2.2.2.2.2.2.1.3.3.2.2.2.2",0.664252334376212,FALSE,TRUE,36
"2.2.2.2.2.2.2.2.2.2.2.2.2.2.2.2.3.3.1.2.2.2",0.681289143707088,FALSE,TRUE,35
"2.2.2.2.2.2.2.2.2.2.2.2.2.2.2.2.3.3.2.1.2.2",0.601033707941764,FALSE,TRUE,37
"2.2.2.2.2.2.2.2.2.2.2.2.2.2.2.2.3.3.2.2.1.2",0.671041385818588,FALSE,TRUE,37
"2.2.2.2.2.2.2.2.2.2.2.2.2.2.2.2.3.3.2.2.2.1",0.716505389107394,FALSE,TRUE,36
"3.2.2.2.2.2.2.2.2.2.2.2.2.2.2.3.3.2.2.2.2.2",0.627993551673322,FALSE,TRUE,39
"2.3.2.2.2.2.2.2.2.2.2.2.2.2.2.3.3.2.2.2.2.2",0.723303195422987,FALSE,TRUE,40
"2.2.3.2.2.2.2.2.2.2.2.2.2.2.2.3.3.2.2.2.2.2",0.731266851211509,FALSE,TRUE,40
"2.2.2.3.2.2.2.2.2.2.2.2.2.2.2.3.3.2.2.2.2.2",0.730126910961328,FALSE,TRUE,39
"2.2.2.2.3.2.2.2.2.2.2.2.2.2.2.3.3.2.2.2.2.2",0.673151859519995,FALSE,TRUE,40
"2.2.2.2.2.3.2.2.2.2.2.2.2.2.2.3.3.2.2.2.2.2",0.662307348222249,FALSE,TRUE,38
"2.2.2.2.2.2.3.2.2.2.2.2.2.2.2.3.3.2.2.2.2.2",0.738061899201709,FALSE,TRUE,39
"2.2.2.2.2.2.2.3.2.2.2.2.2.2.2.3.3.2.2.2.2.2",0.700416707766034,FALSE,TRUE,40
"2.2.2.2.2.2.2.2.3.2.2.2.2.2.2.3.3.2.2.2.2.2",0.690864634652708,FALSE,TRUE,41
"2.2.2.2.2.2.2.2.2.3.2.2.2.2.2.3.3.2.2.2.2.2",0.673980069128529,FALSE,TRUE,40
"2.2.2.2.2.2.2.2.2.2.3.2.2.2.2.3.3.2.2.2.2.2",0.681363520430378,FALSE,TRUE,40
"2.2.2.2.2.2.2.2.2.2.2.3.2.2.2.3.3.2.2.2.2.2",0.713614324980485,FALSE,TRUE,40
"2.2.2.2.2.2.2.2.2.2.2.2.2.3.2.3.3.2.2.2.2.2",0.686356964472222,FALSE,TRUE,40
"2.2.2.2.2.2.2.2.2.2.2.2.2.2.3.3.3.2.2.2.2.2",0.67102034702888,FALSE,TRUE,39
"2.2.2.2.2.2.2.2.2.2.2.2.2.2.2.4.3.2.2.2.2.2",0.653240045363319,FALSE,TRUE,41
"2.2.2.2.2.2.2.2.2.2.2.2.2.2.2.3.4.2.2.2.2.2",0.672135497698837,FALSE,TRUE,40
"2.2.2.2.2.2.2.2.2.2.2.2.2.2.2.3.3.2.3.2.2.2",0.622043786573684,FALSE,TRUE,40
"2.2.2.2.2.2.2.2.2.2.2.2.2.2.2.3.3.2.2.3.2.2",0.740172749618375,FALSE,TRUE,40
"2.2.2.2.2.2.2.2.2.2.2.2.2.2.2.3.3.2.2.2.3.2",0.682629004237456,FALSE,TRUE,40
"2.2.2.2.2.2.2.2.2.2.2.2.2.2.2.3.3.2.2.2.2.3",0.613080438763765,FALSE,TRUE,39
"1.2.2.2.2.2.2.2.2.2.2.2.2.2.2.3.3.2.2.2.2.2",0.712074132121203,FALSE,TRUE,38
"2.1.2.2.2.2.2.2.2.2.2.2.2.2.2.3.3.2.2.2.2.2",0.617995130287964,FALSE,TRUE,39
"2.2.1.2.2.2.2.2.2.2.2.2.2.2.2.3.3.2.2.2.2.2",0.577975503252983,FALSE,TRUE,39
"2.2.2.1.2.2.2.2.2.2.2.2.2.2.2.3.3.2.2.2.2.2",0.610188266144092,FALSE,TRUE,38
"2.2.2.2.1.2.2.2.2.2.2.2.2.2.2.3.3.2.2.2.2.2",0.672148651622848,FALSE,TRUE,39
"2.2.2.2.2.1.2.2.2.2.2.2.2.2.2.3.3.2.2.2.2.2",0.669590153604942,FALSE,TRUE,38
"2.2.2.2.2.2.1.2.2.2.2.2.2.2.2.3.3.2.2.2.2.2",0.593747814540952,FALSE,TRUE,39
"2.2.2.2.2.2.2.1.2.2.2.2.2.2.2.3.3.2.2.2.2.2",0.651591462795899,FALSE,TRUE,39
"2.2.2.2.2.2.2.2.2.1.2.2.2.2.2.3.3.2.2.2.2.2",0.653610793071984,FALSE,TRUE,39
"2.2.2.2.2.2.2.2.2.2.1.2.2.2.2.3.3.2.2.2.2.2",0.663572569530716,FALSE,TRUE,39
"2.2.2.2.2.2.2.2.2.2.2.1.2.2.2.3.3.2.2.2.2.2",0.662355148428011,FALSE,TRUE,39
"2.2.2.2.2.2.2.2.2.2.2.2.1.2.2.3.3.2.2.2.2.2",0.619565105370604,FALSE,TRUE,39
"2.2.2.2.2.2.2.2.2.2.2.2.2.1.2.3.3.2.2.2.2.2",0.643988013396489,FALSE,TRUE,39
"2.2.2.2.2.2.2.2.2.2.2.2.2.2.1.3.3.2.2.2.2.2",0.659620306490865,FALSE,TRUE,39
"2.2.2.2.2.2.2.2.2.2.2.2.2.2.2.3.3.2.1.2.2.2",0.688034784849815,FALSE,TRUE,38
"2.2.2.2.2.2.2.2.2.2.2.2.2.2.2.3.3.2.2.1.2.2",0.598356479428929,FALSE,TRUE,39
"2.2.2.2.2.2.2.2.2.2.2.2.2.2.2.3.3.2.2.2.1.2",0.671197800421071,FALSE,TRUE,39
"2.2.2.2.2.2.2.2.2.2.2.2.2.2.2.3.3.2.2.2.2.1",0.731943501663169,FALSE,TRUE,39
"3.2.1.2.1.2.2.2.2.3.2.2.2.2.2.2.2.3.2.2.2.2",0.440912379913502,FALSE,TRUE,40
"2.3.1.2.1.2.2.2.2.3.2.2.2.2.2.2.2.3.2.2.2.2",0.561680731094056,FALSE,TRUE,40
"2.2.1.3.1.2.2.2.2.3.2.2.2.2.2.2.2.3.2.2.2.2",0.586450535104274,FALSE,TRUE,40
"2.2.1.2.1.3.2.2.2.3.2.2.2.2.2.2.2.3.2.2.2.2",0.529172720132813,FALSE,TRUE,40
"2.2.1.2.1.2.3.2.2.3.2.2.2.2.2.2.2.3.2.2.2.2",0.496433107159683,FALSE,TRUE,40
"2.2.1.2.1.2.2.3.2.3.2.2.2.2.2.2.2.3.2.2.2.2",0.533020335376353,FALSE,TRUE,40
"2.2.1.2.1.2.2.2.3.3.2.2.2.2.2.2.2.3.2.2.2.2",0.495504269831012,FALSE,TRUE,40
"2.2.1.2.1.2.2.2.2.4.2.2.2.2.2.2.2.3.2.2.2.2",0.441944722498307,FALSE,TRUE,39
"2.2.1.2.1.2.2.2.2.3.3.2.2.2.2.2.2.3.2.2.2.2",0.509954104744127,FALSE,TRUE,40
"2.2.1.2.1.2.2.2.2.3.2.3.2.2.2.2.2.3.2.2.2.2",0.521607027526138,FALSE,TRUE,40
"2.2.1.2.1.2.2.2.2.3.2.2.3.2.2.2.2.3.2.2.2.2",0.521442652837496,FALSE,TRUE,40
"2.2.1.2.1.2.2.2.2.3.2.2.2.3.2.2.2.3.2.2.2.2",0.466786049281927,FALSE,TRUE,40
"2.2.1.2.1.2.2.2.2.3.2.2.2.2.3.2.2.3.2.2.2.2",0.513233401638019,FALSE,TRUE,40
"2.2.1.2.1.2.2.2.2.3.2.2.2.2.2.3.2.3.2.2.2.2",0.47726495693125,FALSE,TRUE,40
"2.2.1.2.1.2.2.2.2.3.2.2.2.2.2.2.3.3.2.2.2.2",0.49389996300506,FALSE,TRUE,40
"2.2.1.2.1.2.2.2.2.3.2.2.2.2.2.2.2.4.2.2.2.2",0.403017103800219,FALSE,TRUE,40
"2.2.1.2.1.2.2.2.2.3.2.2.2.2.2.2.2.3.3.2.2.2",0.448467172527865,FALSE,TRUE,40
"2.2.1.2.1.2.2.2.2.3.2.2.2.2.2.2.2.3.2.3.2.2",0.538127142344382,FALSE,TRUE,40
"2.2.1.2.1.2.2.2.2.3.2.2.2.2.2.2.2.3.2.2.3.2",0.455594387904675,FALSE,TRUE,40
"2.2.1.2.1.2.2.2.2.3.2.2.2.2.2.2.2.3.2.2.2.3",0.425652234960393,FALSE,TRUE,40
"1.2.1.2.1.2.2.2.2.3.2.2.2.2.2.2.2.3.2.2.2.2",0.501926829547275,FALSE,TRUE,39
"2.1.1.2.1.2.2.2.2.3.2.2.2.2.2.2.2.3.2.2.2.2",0.385385096104857,FALSE,TRUE,39
"2.2.1.1.1.2.2.2.2.3.2.2.2.2.2.2.2.3.2.2.2.2",0.368161677180664,FALSE,TRUE,39
"2.2.1.2.1.1.2.2.2.3.2.2.2.2.2.2.2.3.2.2.2.2",0.404055169291186,FALSE,TRUE,39
"2.2.1.2.1.2.1.2.2.3.2.2.2.2.2.2.2.3.2.2.2.2",0.432811353199747,FALSE,TRUE,39
"2.2.1.2.1.2.2.1.2.3.2.2.2.2.2.2.2.3.2.2.2.2",0.422636746504263,FALSE,TRUE,39
"2.2.1.2.1.2.2.2.1.3.2.2.2.2.2.2.2.3.2.2.2.2",0.429138547187403,FALSE,TRUE,38
"2.2.1.2.1.2.2.2.2.2.2.2.2.2.2.2.2.3.2.2.2.2",0.490027695394905,FALSE,TRUE,39
"2.2.1.2.1.2.2.2.2.3.1.2.2.2.2.2.2.3.2.2.2.2",0.438883118158192,FALSE,TRUE,39
"2.2.1.2.1.2.2.2.2.3.2.1.2.2.2.2.2.3.2.2.2.2",0.450182284512249,FALSE,TRUE,39
"2.2.1.2.1.2.2.2.2.3.2.2.1.2.2.2.2.3.2.2.2.2",0.417595825090502,FALSE,TRUE,39
"2.2.1.2.1.2.2.2.2.3.2.2.2.1.2.2.2.3.2.2.2.2",0.466019247488707,FALSE,TRUE,39
"2.2.1.2.1.2.2.2.2.3.2.2.2.2.1.2.2.3.2.2.2.2",0.416524986876615,FALSE,TRUE,39
"2.2.1.2.1.2.2.2.2.3.2.2.2.2.2.1.2.3.2.2.2.2",0.461919948584952,FALSE,TRUE,39
"2.2.1.2.1.2.2.2.2.3.2.2.2.2.2.2.1.3.2.2.2.2",0.462424817800371,FALSE,TRUE,39
"2.2.1.2.1.2.2.2.2.3.2.2.2.2.2.2.2.2.2.2.2.2",0.533086117285791,FALSE,TRUE,40
"2.2.1.2.1.2.2.2.2.3.2.2.2.2.2.2.2.3.1.2.2.2",0.475011304277713,FALSE,TRUE,39
"2.2.1.2.1.2.2.2.2.3.2.2.2.2.2.2.2.3.2.1.2.2",0.417004676128085,FALSE,TRUE,39
"2.2.1.2.1.2.2.2.2.3.2.2.2.2.2.2.2.3.2.2.1.2",0.500841661923686,FALSE,TRUE,39
"2.2.1.2.1.2.2.2.2.3.2.2.2.2.2.2.2.3.2.2.2.1",0.527729001436357,FALSE,TRUE,39
"3.2.2.2.2.2.2.2.2.2.2.2.2.2.2.2.3.2.1.2.2.2",0.650179379696049,FALSE,TRUE,39
"2.3.2.2.2.2.2.2.2.2.2.2.2.2.2.2.3.2.1.2.2.2",0.71768572289688,FALSE,TRUE,39
"2.2.3.2.2.2.2.2.2.2.2.2.2.2.2.2.3.2.1.2.2.2",0.74546454275903,FALSE,TRUE,39
"2.2.2.3.2.2.2.2.2.2.2.2.2.2.2.2.3.2.1.2.2.2",0.709045752324816,FALSE,TRUE,38
"2.2.2.2.3.2.2.2.2.2.2.2.2.2.2.2.3.2.1.2.2.2",0.648639081309929,FALSE,TRUE,39
"2.2.2.2.2.3.2.2.2.2.2.2.2.2.2.2.3.2.1.2.2.2",0.686571971992593,FALSE,TRUE,37
"2.2.2.2.2.2.3.2.2.2.2.2.2.2.2.2.3.2.1.2.2.2",0.715762942538677,FALSE,TRUE,38
"2.2.2.2.2.2.2.3.2.2.2.2.2.2.2.2.3.2.1.2.2.2",0.69309573825539,FALSE,TRUE,39
"2.2.2.2.2.2.2.2.3.2.2.2.2.2.2.2.3.2.1.2.2.2",0.728955690552673,FALSE,TRUE,39
"2.2.2.2.2.2.2.2.2.3.2.2.2.2.2.2.3.2.1.2.2.2",0.688155236756508,FALSE,TRUE,39
"2.2.2.2.2.2.2.2.2.2.3.2.2.2.2.2.3.2.1.2.2.2",0.672029985091833,FALSE,TRUE,39
"2.2.2.2.2.2.2.2.2.2.2.3.2.2.2.2.3.2.1.2.2.2",0.697127308468071,FALSE,TRUE,39
"2.2.2.2.2.2.2.2.2.2.2.2.2.3.2.2.3.2.1.2.2.2",0.721766422761094,FALSE,TRUE,39
"2.2.2.2.2.2.2.2.2.2.2.2.2.2.3.2.3.2.1.2.2.2",0.672165150725244,FALSE,TRUE,38
"2.2.2.2.2.2.2.2.2.2.2.2.2.2.2.2.4.2.1.2.2.2",0.680186784763075,FALSE,TRUE,39
"2.2.2.2.2.2.2.2.2.2.2.2.2.2.2.2.3.2.1.3.2.2",0.71556842155422,FALSE,TRUE,39
"2.2.2.2.2.2.2.2.2.2.2.2.2.2.2.2.3.2.1.2.3.2",0.678144302519977,FALSE,TRUE,39
"2.2.2.2.2.2.2.2.2.2.2.2.2.2.2.2.3.2.1.2.2.3",0.598976777339146,FALSE,TRUE,38
"2.1.2.2.2.2.2.2.2.2.2.2.2.2.2.2.3.2.1.2.2.2",0.589007840521542,FALSE,TRUE,38
"2.2.1.2.2.2.2.2.2.2.2.2.2.2.2.2.3.2.1.2.2.2",0.533447149882927,FALSE,TRUE,38
"2.2.2.1.2.2.2.2.2.2.2.2.2.2.2.2.3.2.1.2.2.2",0.593077489383074,FALSE,TRUE,37
"2.2.2.2.1.2.2.2.2.2.2.2.2.2.2.2.3.2.1.2.2.2",0.665819638525244,FALSE,TRUE,38
"2.2.2.2.2.1.2.2.2.2.2.2.2.2.2.2.3.2.1.2.2.2",0.610937119856749,FALSE,TRUE,37
"2.2.2.2.2.2.1.2.2.2.2.2.2.2.2.2.3.2.1.2.2.2",0.582510897665758,FALSE,TRUE,38
"2.2.2.2.2.2.2.1.2.2.2.2.2.2.2.2.3.2.1.2.2.2",0.627563352410445,FALSE,TRUE,38
"2.2.2.2.2.2.2.2.1.2.2.2.2.2.2.2.3.2.1.2.2.2",0.561892823857432,FALSE,TRUE,37
"2.2.2.2.2.2.2.2.2.1.2.2.2.2.2.2.3.2.1.2.2.2",0.607678807257462,FALSE,TRUE,38
"2.2.2.2.2.2.2.2.2.2.1.2.2.2.2.2.3.2.1.2.2.2",0.640931250279348,FALSE,TRUE,38
"2.2.2.2.2.2.2.2.2.2.2.1.2.2.2.2.3.2.1.2.2.2",0.646253392030594,FALSE,TRUE,38
"2.2.2.2.2.2.2.2.2.2.2.2.1.2.2.2.3.2.1.2.2.2",0.609317982388137,FALSE,TRUE,38
"2.2.2.2.2.2.2.2.2.2.2.2.2.1.2.2.3.2.1.2.2.2",0.58145295895959,FALSE,TRUE,38
"2.2.2.2.2.2.2.2.2.2.2.2.2.2.1.2.3.2.1.2.2.2",0.62484077877937,FALSE,TRUE,38
"2.2.2.2.2.2.2.2.2.2.2.2.2.2.2.2.3.1.1.2.2.2",0.622651219934821,FALSE,TRUE,36
"2.2.2.2.2.2.2.2.2.2.2.2.2.2.2.2.3.2.1.1.2.2",0.589653118913518,FALSE,TRUE,38
"2.2.2.2.2.2.2.2.2.2.2.2.2.2.2.2.3.2.1.2.1.2",0.642063461285806,FALSE,TRUE,38
"2.2.2.2.2.2.2.2.2.2.2.2.2.2.2.2.3.2.1.2.2.1",0.712566200689203,FALSE,TRUE,38
"3.2.2.3.2.2.2.2.2.2.2.2.2.2.3.2.2.1.2.2.2.2",0.656058743273534,FALSE,TRUE,41
"2.3.2.3.2.2.2.2.2.2.2.2.2.2.3.2.2.1.2.2.2.2",0.728061992416912,FALSE,TRUE,41
"2.2.3.3.2.2.2.2.2.2.2.2.2.2.3.2.2.1.2.2.2.2",0.69093633240959,FALSE,TRUE,41
"2.2.2.4.2.2.2.2.2.2.2.2.2.2.3.2.2.1.2.2.2.2",0.686986947571211,FALSE,TRUE,42
"2.2.2.3.3.2.2.2.2.2.2.2.2.2.3.2.2.1.2.2.2.2",0.648542730315177,FALSE,TRUE,41
"2.2.2.3.2.3.2.2.2.2.2.2.2.2.3.2.2.1.2.2.2.2",0.63111140586576,FALSE,TRUE,41
"2.2.2.3.2.2.3.2.2.2.2.2.2.2.3.2.2.1.2.2.2.2",0.714773892453496,FALSE,TRUE,41
"2.2.2.3.2.2.2.3.2.2.2.2.2.2.3.2.2.1.2.2.2.2",0.697949358190652,FALSE,TRUE,41
"2.2.2.3.2.2.2.2.3.2.2.2.2.2.3.2.2.1.2.2.2.2",0.687620241594939,FALSE,TRUE,41
"2.2.2.3.2.2.2.2.2.3.2.2.2.2.3.2.2.1.2.2.2.2",0.69727319352967,FALSE,TRUE,41
"2.2.2.3.2.2.2.2.2.2.3.2.2.2.3.2.2.1.2.2.2.2",0.673143319303923,FALSE,TRUE,41
"2.2.2.3.2.2.2.2.2.2.2.3.2.2.3.2.2.1.2.2.2.2",0.709531935970415,FALSE,TRUE,41
"2.2.2.3.2.2.2.2.2.2.2.2.3.2.3.2.2.1.2.2.2.2",0.67830759075063,FALSE,TRUE,41
"2.2.2.3.2.2.2.2.2.2.2.2.2.3.3.2.2.1.2.2.2.2",0.715908738168028,FALSE,TRUE,41
"2.2.2.3.2.2.2.2.2.2.2.2.2.2.4.2.2.1.2.2.2.2",0.618365997851053,FALSE,TRUE,41
"2.2.2.3.2.2.2.2.2.2.2.2.2.2.3.3.2.1.2.2.2.2",0.680434025476635,FALSE,TRUE,41
"2.2.2.3.2.2.2.2.2.2.2.2.2.2.3.2.3.1.2.2.2.2",0.676358255387059,FALSE,TRUE,41
"2.2.2.3.2.2.2.2.2.2.2.2.2.2.3.2.2.2.2.2.2.2",0.733497698571496,FALSE,TRUE,41
"2.2.2.3.2.2.2.2.2.2.2.2.2.2.3.2.2.1.3.2.2.2",0.671775966704423,FALSE,TRUE,41
"2.2.2.3.2.2.2.2.2.2.2.2.2.2.3.2.2.1.2.3.2.2",0.762804102396905,FALSE,TRUE,41
"2.2.2.3.2.2.2.2.2.2.2.2.2.2.3.2.2.1.2.2.3.2",0.711258646427805,FALSE,TRUE,41
"2.2.2.3.2.2.2.2.2.2.2.2.2.2.3.2.2.1.2.2.2.3",0.593064052098996,FALSE,TRUE,41
"1.2.2.3.2.2.2.2.2.2.2.2.2.2.3.2.2.1.2.2.2.2",0.654656590464044,FALSE,TRUE,40
"2.1.2.3.2.2.2.2.2.2.2.2.2.2.3.2.2.1.2.2.2.2",0.584767750256455,FALSE,TRUE,39
"2.2.1.3.2.2.2.2.2.2.2.2.2.2.3.2.2.1.2.2.2.2",0.589783971595465,FALSE,TRUE,40
"2.2.2.3.1.2.2.2.2.2.2.2.2.2.3.2.2.1.2.2.2.2",0.676278251169543,FALSE,TRUE,40
"2.2.2.3.2.1.2.2.2.2.2.2.2.2.3.2.2.1.2.2.2.2",0.681842991194726,FALSE,TRUE,40
"2.2.2.3.2.2.1.2.2.2.2.2.2.2.3.2.2.1.2.2.2.2",0.589547611774403,FALSE,TRUE,40
"2.2.2.3.2.2.2.1.2.2.2.2.2.2.3.2.2.1.2.2.2.2",0.629199963198722,FALSE,TRUE,40
"2.2.2.3.2.2.2.2.1.2.2.2.2.2.3.2.2.1.2.2.2.2",0.602591139985215,FALSE,TRUE,40
"2.2.2.3.2.2.2.2.2.1.2.2.2.2.3.2.2.1.2.2.2.2",0.604531415620466,FALSE,TRUE,40
"2.2.2.3.2.2.2.2.2.2.1.2.2.2.3.2.2.1.2.2.2.2",0.647083781069114,FALSE,TRUE,40
"2.2.2.3.2.2.2.2.2.2.2.1.2.2.3.2.2.1.2.2.2.2",0.639174970678551,FALSE,TRUE,40
"2.2.2.3.2.2.2.2.2.2.2.2.1.2.3.2.2.1.2.2.2.2",0.623893122223426,FALSE,TRUE,40
"2.2.2.3.2.2.2.2.2.2.2.2.2.1.3.2.2.1.2.2.2.2",0.596711521779261,FALSE,TRUE,39
"2.2.2.3.2.2.2.2.2.2.2.2.2.2.3.1.2.1.2.2.2.2",0.638978120582572,FALSE,TRUE,40
"2.2.2.3.2.2.2.2.2.2.2.2.2.2.3.2.1.1.2.2.2.2",0.647577497797822,FALSE,TRUE,40
"2.2.2.3.2.2.2.2.2.2.2.2.2.2.3.2.2.1.1.2.2.2",0.619865881154866,FALSE,TRUE,40
"2.2.2.3.2.2.2.2.2.2.2.2.2.2.3.2.2.1.2.1.2.2",0.554125213667109,FALSE,TRUE,40
"2.2.2.3.2.2.2.2.2.2.2.2.2.2.3.2.2.1.2.2.1.2",0.616154268532442,FALSE,TRUE,40
"2.2.2.3.2.2.2.2.2.2.2.2.2.2.3.2.2.1.2.2.2.1",0.729832419949329,FALSE,TRUE,40
"3.2.2.3.2.2.2.2.2.2.2.2.2.2.2.2.3.3.2.2.2.2",0.716255671361993,FALSE,TRUE,39
"2.2.3.3.2.2.2.2.2.2.2.2.2.2.2.2.3.3.2.2.2.2",0.782485670010342,FALSE,TRUE,40
"2.2.2.4.2.2.2.2.2.2.2.2.2.2.2.2.3.3.2.2.2.2",0.772802942962465,FALSE,TRUE,41
"2.2.2.3.3.2.2.2.2.2.2.2.2.2.2.2.3.3.2.2.2.2",0.748082724160158,FALSE,TRUE,40
"2.2.2.3.2.3.2.2.2.2.2.2.2.2.2.2.3.3.2.2.2.2",0.721194665036385,FALSE,TRUE,40
"2.2.2.3.2.2.3.2.2.2.2.2.2.2.2.2.3.3.2.2.2.2",0.771692604450827,FALSE,TRUE,39
"2.2.2.3.2.2.2.3.2.2.2.2.2.2.2.2.3.3.2.2.2.2",0.766245794182098,FALSE,TRUE,40
"2.2.2.3.2.2.2.2.3.2.2.2.2.2.2.2.3.3.2.2.2.2",0.7515969677149,FALSE,TRUE,40
"2.2.2.3.2.2.2.2.2.3.2.2.2.2.2.2.3.3.2.2.2.2",0.730428059019641,FALSE,TRUE,39
"2.2.2.3.2.2.2.2.2.2.3.2.2.2.2.2.3.3.2.2.2.2",0.740900092950339,FALSE,TRUE,40
"2.2.2.3.2.2.2.2.2.2.2.3.2.2.2.2.3.3.2.2.2.2",0.776408105237709,FALSE,TRUE,40
"2.2.2.3.2.2.2.2.2.2.2.2.3.2.2.2.3.3.2.2.2.2",0.753140908524945,FALSE,TRUE,39
"2.2.2.3.2.2.2.2.2.2.2.2.2.3.2.2.3.3.2.2.2.2",0.725916603586215,FALSE,TRUE,40
"2.2.2.3.2.2.2.2.2.2.2.2.2.2.3.2.3.3.2.2.2.2",0.751054851284793,FALSE,TRUE,40
"2.2.2.3.2.2.2.2.2.2.2.2.2.2.2.3.3.3.2.2.2.2",0.724109962105481,FALSE,TRUE,39
"2.2.2.3.2.2.2.2.2.2.2.2.2.2.2.2.4.3.2.2.2.2",0.720619214258295,FALSE,TRUE,40
"2.2.2.3.2.2.2.2.2.2.2.2.2.2.2.2.3.3.3.2.2.2",0.692751081530261,FALSE,TRUE,40
"2.2.2.3.2.2.2.2.2.2.2.2.2.2.2.2.3.3.2.3.2.2",0.777726596207616,FALSE,TRUE,40
"2.2.2.3.2.2.2.2.2.2.2.2.2.2.2.2.3.3.2.2.3.2",0.746556467679991,FALSE,TRUE,40
"2.2.2.3.2.2.2.2.2.2.2.2.2.2.2.2.3.3.2.2.2.3",0.6983484090786,FALSE,TRUE,40
"1.2.2.3.2.2.2.2.2.2.2.2.2.2.2.2.3.3.2.2.2.2",0.739333092882075,FALSE,TRUE,39
"2.1.2.3.2.2.2.2.2.2.2.2.2.2.2.2.3.3.2.2.2.2",0.67631510213383,FALSE,TRUE,40
"2.2.1.3.2.2.2.2.2.2.2.2.2.2.2.2.3.3.2.2.2.2",0.639738312228705,FALSE,TRUE,39
"2.2.2.3.1.2.2.2.2.2.2.2.2.2.2.2.3.3.2.2.2.2",0.714746699027235,FALSE,TRUE,39
"2.2.2.3.2.1.2.2.2.2.2.2.2.2.2.2.3.3.2.2.2.2",0.72447619358799,FALSE,TRUE,39
"2.2.2.3.2.2.1.2.2.2.2.2.2.2.2.2.3.3.2.2.2.2",0.674053635304652,FALSE,TRUE,39
"2.2.2.3.2.2.2.1.2.2.2.2.2.2.2.2.3.3.2.2.2.2",0.703299571430985,FALSE,TRUE,39
"2.2.2.3.2.2.2.2.1.2.2.2.2.2.2.2.3.3.2.2.2.2",0.682942531363992,FALSE,TRUE,39
"2.2.2.3.2.2.2.2.2.1.2.2.2.2.2.2.3.3.2.2.2.2",0.712614500579601,FALSE,TRUE,39
"2.2.2.3.2.2.2.2.2.2.1.2.2.2.2.2.3.3.2.2.2.2",0.721296406893038,FALSE,TRUE,39
"2.2.2.3.2.2.2.2.2.2.2.1.2.2.2.2.3.3.2.2.2.2",0.716495243208819,FALSE,TRUE,39
"2.2.2.3.2.2.2.2.2.2.2.2.1.2.2.2.3.3.2.2.2.2",0.69475917851763,FALSE,TRUE,39
"2.2.2.3.2.2.2.2.2.2.2.2.2.1.2.2.3.3.2.2.2.2",0.722091163152535,FALSE,TRUE,39
"2.2.2.3.2.2.2.2.2.2.2.2.2.2.1.2.3.3.2.2.2.2",0.692692867581205,FALSE,TRUE,39
"2.2.2.3.2.2.2.2.2.2.2.2.2.2.2.1.3.3.2.2.2.2",0.734345642254635,FALSE,TRUE,39
"2.2.2.3.2.2.2.2.2.2.2.2.2.2.2.2.3.3.1.2.2.2",0.733920030670003,FALSE,TRUE,38
"2.2.2.3.2.2.2.2.2.2.2.2.2.2.2.2.3.3.2.1.2.2",0.674491094439378,FALSE,TRUE,39
"2.2.2.3.2.2.2.2.2.2.2.2.2.2.2.2.3.3.2.2.1.2",0.723280782604304,FALSE,TRUE,39
"2.2.2.3.2.2.2.2.2.2.2.2.2.2.2.2.3.3.2.2.2.1",0.762569574975116,FALSE,TRUE,39
"3.2.2.2.2.2.2.2.2.2.2.2.2.2.2.3.3.1.2.2.2.2",0.612001415889312,FALSE,TRUE,41
"2.3.2.2.2.2.2.2.2.2.2.2.2.2.2.3.3.1.2.2.2.2",0.696987984224356,FALSE,TRUE,41
"2.2.3.2.2.2.2.2.2.2.2.2.2.2.2.3.3.1.2.2.2.2",0.704828110968482,FALSE,TRUE,41
"2.2.2.3.2.2.2.2.2.2.2.2.2.2.2.3.3.1.2.2.2.2",0.696529924803976,FALSE,TRUE,41
"2.2.2.2.3.2.2.2.2.2.2.2.2.2.2.3.3.1.2.2.2.2",0.625337063092425,FALSE,TRUE,41
"2.2.2.2.2.3.2.2.2.2.2.2.2.2.2.3.3.1.2.2.2.2",0.641215169440817,FALSE,TRUE,41
"2.2.2.2.2.2.3.2.2.2.2.2.2.2.2.3.3.1.2.2.2.2",0.73524732429042,FALSE,TRUE,41
"2.2.2.2.2.2.2.3.2.2.2.2.2.2.2.3.3.1.2.2.2.2",0.672927106185611,FALSE,TRUE,41
"2.2.2.2.2.2.2.2.3.2.2.2.2.2.2.3.3.1.2.2.2.2",0.688514149562513,FALSE,TRUE,41
"2.2.2.2.2.2.2.2.2.3.2.2.2.2.2.3.3.1.2.2.2.2",0.665242004482039,FALSE,TRUE,41
"2.2.2.2.2.2.2.2.2.2.3.2.2.2.2.3.3.1.2.2.2.2",0.65899929232196,FALSE,TRUE,41
"2.2.2.2.2.2.2.2.2.2.2.3.2.2.2.3.3.1.2.2.2.2",0.693044982768259,FALSE,TRUE,41
"2.2.2.2.2.2.2.2.2.2.2.2.3.2.2.3.3.1.2.2.2.2",0.695270764987239,FALSE,TRUE,40
"2.2.2.2.2.2.2.2.2.2.2.2.2.3.2.3.3.1.2.2.2.2",0.698385275287991,FALSE,TRUE,41
"2.2.2.2.2.2.2.2.2.2.2.2.2.2.3.3.3.1.2.2.2.2",0.641249984520113,FALSE,TRUE,39
"2.2.2.2.2.2.2.2.2.2.2.2.2.2.2.4.3.1.2.2.2.2",0.646570494340787,FALSE,TRUE,41
"2.2.2.2.2.2.2.2.2.2.2.2.2.2.2.3.4.1.2.2.2.2",0.656759277845818,FALSE,TRUE,41
"2.2.2.2.2.2.2.2.2.2.2.2.2.2.2.3.3.1.3.2.2.2",0.624688964554303,FALSE,TRUE,41
"2.2.2.2.2.2.2.2.2.2.2.2.2.2.2.3.3.1.2.3.2.2",0.730590954680532,FALSE,TRUE,41
"2.2.2.2.2.2.2.2.2.2.2.2.2.2.2.3.3.1.2.2.3.2",0.67035347478392,FALSE,TRUE,41
"2.2.2.2.2.2.2.2.2.2.2.2.2.2.2.3.3.1.2.2.2.3",0.581691838804111,FALSE,TRUE,41
"1.2.2.2.2.2.2.2.2.2.2.2.2.2.2.3.3.1.2.2.2.2",0.687476007188598,FALSE,TRUE,40
"2.1.2.2.2.2.2.2.2.2.2.2.2.2.2.3.3.1.2.2.2.2",0.603325520207929,FALSE,TRUE,38
"2.2.1.2.2.2.2.2.2.2.2.2.2.2.2.3.3.1.2.2.2.2",0.564066510469971,FALSE,TRUE,40
"2.2.2.1.2.2.2.2.2.2.2.2.2.2.2.3.3.1.2.2.2.2",0.600806808012871,FALSE,TRUE,40
"2.2.2.2.1.2.2.2.2.2.2.2.2.2.2.3.3.1.2.2.2.2",0.680098577825964,FALSE,TRUE,40
"2.2.2.2.2.1.2.2.2.2.2.2.2.2.2.3.3.1.2.2.2.2",0.653887522604658,FALSE,TRUE,40
"2.2.2.2.2.2.1.2.2.2.2.2.2.2.2.3.3.1.2.2.2.2",0.558112166388843,FALSE,TRUE,40
"2.2.2.2.2.2.2.1.2.2.2.2.2.2.2.3.3.1.2.2.2.2",0.638779257026597,FALSE,TRUE,40
"2.2.2.2.2.2.2.2.1.2.2.2.2.2.2.3.3.1.2.2.2.2",0.591319966340113,FALSE,TRUE,40
"2.2.2.2.2.2.2.2.2.1.2.2.2.2.2.3.3.1.2.2.2.2",0.623128321398968,FALSE,TRUE,40
"2.2.2.2.2.2.2.2.2.2.1.2.2.2.2.3.3.1.2.2.2.2",0.645756925259541,FALSE,TRUE,40
"2.2.2.2.2.2.2.2.2.2.2.1.2.2.2.3.3.1.2.2.2.2",0.64274922904596,FALSE,TRUE,40
"2.2.2.2.2.2.2.2.2.2.2.2.1.2.2.3.3.1.2.2.2.2",0.598142372331717,FALSE,TRUE,40
"2.2.2.2.2.2.2.2.2.2.2.2.2.1.2.3.3.1.2.2.2.2",0.594456959508167,FALSE,TRUE,38
"2.2.2.2.2.2.2.2.2.2.2.2.2.2.1.3.3.1.2.2.2.2",0.651970184745076,FALSE,TRUE,40
"2.2.2.2.2.2.2.2.2.2.2.2.2.2.2.3.3.1.1.2.2.2",0.646987221042052,FALSE,TRUE,39
"2.2.2.2.2.2.2.2.2.2.2.2.2.2.2.3.3.1.2.1.2.2",0.567802305667766,FALSE,TRUE,40
"2.2.2.2.2.2.2.2.2.2.2.2.2.2.2.3.3.1.2.2.1.2",0.643085294032165,FALSE,TRUE,40
"2.2.2.2.2.2.2.2.2.2.2.2.2.2.2.3.3.1.2.2.2.1",0.723188868810876,FALSE,TRUE,40
"3.2.2.2.2.3.2.2.2.2.2.2.3.2.2.2.3.2.2.2.2.2",0.676650109933434,FALSE,TRUE,42
"2.3.2.2.2.3.2.2.2.2.2.2.3.2.2.2.3.2.2.2.2.2",0.706685976026931,FALSE,TRUE,42
"2.2.3.2.2.3.2.2.2.2.2.2.3.2.2.2.3.2.2.2.2.2",0.710454638142715,FALSE,TRUE,42
"2.2.2.3.2.3.2.2.2.2.2.2.3.2.2.2.3.2.2.2.2.2",0.7096728790576,FALSE,TRUE,42
"2.2.2.2.3.3.2.2.2.2.2.2.3.2.2.2.3.2.2.2.2.2",0.679477300416202,FALSE,TRUE,42
"2.2.2.2.2.4.2.2.2.2.2.2.3.2.2.2.3.2.2.2.2.2",0.672966511240502,FALSE,TRUE,43
"2.2.2.2.2.3.3.2.2.2.2.2.3.2.2.2.3.2.2.2.2.2",0.759413681638354,FALSE,TRUE,42
"2.2.2.2.2.3.2.3.2.2.2.2.3.2.2.2.3.2.2.2.2.2",0.704752486730568,FALSE,TRUE,42
"2.2.2.2.2.3.2.2.3.2.2.2.3.2.2.2.3.2.2.2.2.2",0.720290373128747,FALSE,TRUE,42
"2.2.2.2.2.3.2.2.2.3.2.2.3.2.2.2.3.2.2.2.2.2",0.678396895473408,FALSE,TRUE,42
"2.2.2.2.2.3.2.2.2.2.3.2.3.2.2.2.3.2.2.2.2.2",0.688794455085395,FALSE,TRUE,40
"2.2.2.2.2.3.2.2.2.2.2.3.3.2.2.2.3.2.2.2.2.2",0.72378594661794,FALSE,TRUE,42
"2.2.2.2.2.3.2.2.2.2.2.2.4.2.2.2.3.2.2.2.2.2",0.695160768581154,FALSE,TRUE,42
"2.2.2.2.2.3.2.2.2.2.2.2.3.3.2.2.3.2.2.2.2.2",0.736434020960965,FALSE,TRUE,42
"2.2.2.2.2.3.2.2.2.2.2.2.3.2.3.2.3.2.2.2.2.2",0.669757369713077,FALSE,TRUE,42
"2.2.2.2.2.3.2.2.2.2.2.2.3.2.2.3.3.2.2.2.2.2",0.689563047171304,FALSE,TRUE,41
"2.2.2.2.2.3.2.2.2.2.2.2.3.2.2.2.4.2.2.2.2.2",0.688729247276268,FALSE,TRUE,42
"2.2.2.2.2.3.2.2.2.2.2.2.3.2.2.2.3.3.2.2.2.2",0.710201778512698,FALSE,TRUE,41
"2.2.2.2.2.3.2.2.2.2.2.2.3.2.2.2.3.2.3.2.2.2",0.660624455495687,FALSE,TRUE,42
"2.2.2.2.2.3.2.2.2.2.2.2.3.2.2.2.3.2.2.3.2.2",0.755658865908638,FALSE,TRUE,42
"2.2.2.2.2.3.2.2.2.2.2.2.3.2.2.2.3.2.2.2.3.2",0.728565528966815,FALSE,TRUE,42
"2.2.2.2.2.3.2.2.2.2.2.2.3.2.2.2.3.2.2.2.2.3",0.643620214741176,FALSE,TRUE,42
"1.2.2.2.2.3.2.2.2.2.2.2.3.2.2.2.3.2.2.2.2.2",0.714826527657648,FALSE,TRUE,41
"2.1.2.2.2.3.2.2.2.2.2.2.3.2.2.2.3.2.2.2.2.2",0.683987918157747,FALSE,TRUE,41
"2.2.1.2.2.3.2.2.2.2.2.2.3.2.2.2.3.2.2.2.2.2",0.64609074340487,FALSE,TRUE,41
"2.2.2.1.2.3.2.2.2.2.2.2.3.2.2.2.3.2.2.2.2.2",0.674722406270424,FALSE,TRUE,41
"2.2.2.2.1.3.2.2.2.2.2.2.3.2.2.2.3.2.2.2.2.2",0.716652429774,FALSE,TRUE,41
"2.2.2.2.2.3.1.2.2.2.2.2.3.2.2.2.3.2.2.2.2.2",0.620808927889618,FALSE,TRUE,41
"2.2.2.2.2.3.2.1.2.2.2.2.3.2.2.2.3.2.2.2.2.2",0.699406171037851,FALSE,TRUE,39
"2.2.2.2.2.3.2.2.1.2.2.2.3.2.2.2.3.2.2.2.2.2",0.649138330446458,FALSE,TRUE,41
"2.2.2.2.2.3.2.2.2.1.2.2.3.2.2.2.3.2.2.2.2.2",0.699854920973149,FALSE,TRUE,41
"2.2.2.2.2.3.2.2.2.2.1.2.3.2.2.2.3.2.2.2.2.2",0.707528787068255,FALSE,TRUE,41
"2.2.2.2.2.3.2.2.2.2.2.1.3.2.2.2.3.2.2.2.2.2",0.703968107077025,FALSE,TRUE,41
"2.2.2.2.2.3.2.2.2.2.2.2.3.1.2.2.3.2.2.2.2.2",0.646641687930874,FALSE,TRUE,41
"2.2.2.2.2.3.2.2.2.2.2.2.3.2.1.2.3.2.2.2.2.2",0.709444453153228,FALSE,TRUE,41
"2.2.2.2.2.3.2.2.2.2.2.2.3.2.2.1.3.2.2.2.2.2",0.704966588082727,FALSE,TRUE,41
"2.2.2.2.2.3.2.2.2.2.2.2.3.2.2.2.3.1.2.2.2.2",0.67449615768917,FALSE,TRUE,41
"2.2.2.2.2.3.2.2.2.2.2.2.3.2.2.2.3.2.1.2.2.2",0.70087005567198,FALSE,TRUE,40
"2.2.2.2.2.3.2.2.2.2.2.2.3.2.2.2.3.2.2.1.2.2",0.633884758002166,FALSE,TRUE,41
"2.2.2.2.2.3.2.2.2.2.2.2.3.2.2.2.3.2.2.2.1.2",0.676072641074418,FALSE,TRUE,41
"2.2.2.2.2.3.2.2.2.2.2.2.3.2.2.2.3.2.2.2.2.1",0.752871664412766,FALSE,TRUE,41
"3.2.2.2.1.2.2.2.1.3.2.2.2.2.2.2.2.3.2.2.2.2",0.568316190315675,FALSE,TRUE,39
"2.3.2.2.1.2.2.2.1.3.2.2.2.2.2.2.2.3.2.2.2.2",0.669215302947834,FALSE,TRUE,39
"2.2.3.2.1.2.2.2.1.3.2.2.2.2.2.2.2.3.2.2.2.2",0.706398117170363,FALSE,TRUE,39
"2.2.2.3.1.2.2.2.1.3.2.2.2.2.2.2.2.3.2.2.2.2",0.672045060482369,FALSE,TRUE,39
"2.2.2.2.1.3.2.2.1.3.2.2.2.2.2.2.2.3.2.2.2.2",0.611041249885443,FALSE,TRUE,39
"2.2.2.2.1.2.3.2.1.3.2.2.2.2.2.2.2.3.2.2.2.2",0.615102690575868,FALSE,TRUE,39
"2.2.2.2.1.2.2.3.1.3.2.2.2.2.2.2.2.3.2.2.2.2",0.641122142329268,FALSE,TRUE,39
"2.2.2.2.1.2.2.2.1.3.3.2.2.2.2.2.2.3.2.2.2.2",0.604110418708822,FALSE,TRUE,39
"2.2.2.2.1.2.2.2.1.3.2.3.2.2.2.2.2.3.2.2.2.2",0.627985835305619,FALSE,TRUE,39
"2.2.2.2.1.2.2.2.1.3.2.2.3.2.2.2.2.3.2.2.2.2",0.616982301992087,FALSE,TRUE,39
"2.2.2.2.1.2.2.2.1.3.2.2.2.3.2.2.2.3.2.2.2.2",0.584098786760792,FALSE,TRUE,39
"2.2.2.2.1.2.2.2.1.3.2.2.2.2.3.2.2.3.2.2.2.2",0.621775865612926,FALSE,TRUE,39
"2.2.2.2.1.2.2.2.1.3.2.2.2.2.2.3.2.3.2.2.2.2",0.587419218618457,FALSE,TRUE,39
"2.2.2.2.1.2.2.2.1.3.2.2.2.2.2.2.3.3.2.2.2.2",0.597442796586446,FALSE,TRUE,39
"2.2.2.2.1.2.2.2.1.3.2.2.2.2.2.2.2.4.2.2.2.2",0.524469228645008,FALSE,TRUE,39
"2.2.2.2.1.2.2.2.1.3.2.2.2.2.2.2.2.3.3.2.2.2",0.567966362337561,FALSE,TRUE,39
"2.2.2.2.1.2.2.2.1.3.2.2.2.2.2.2.2.3.2.3.2.2",0.639216070309807,FALSE,TRUE,39
"2.2.2.2.1.2.2.2.1.3.2.2.2.2.2.2.2.3.2.2.3.2",0.59104784105966,FALSE,TRUE,39
"2.2.2.2.1.2.2.2.1.3.2.2.2.2.2.2.2.3.2.2.2.3",0.537004159901163,FALSE,TRUE,39
"1.2.2.2.1.2.2.2.1.3.2.2.2.2.2.2.2.3.2.2.2.2",0.583961402244626,FALSE,TRUE,38
"2.1.2.2.1.2.2.2.1.3.2.2.2.2.2.2.2.3.2.2.2.2",0.485626706192043,FALSE,TRUE,38
"2.2.2.1.1.2.2.2.1.3.2.2.2.2.2.2.2.3.2.2.2.2",0.487348249108926,FALSE,TRUE,38
"2.2.2.2.1.1.2.2.1.3.2.2.2.2.2.2.2.3.2.2.2.2",0.529561867314049,FALSE,TRUE,38
"2.2.2.2.1.2.1.2.1.3.2.2.2.2.2.2.2.3.2.2.2.2",0.525196573115885,FALSE,TRUE,38
"2.2.2.2.1.2.2.1.1.3.2.2.2.2.2.2.2.3.2.2.2.2",0.525511607800197,FALSE,TRUE,38
"2.2.2.2.1.2.2.2.1.2.2.2.2.2.2.2.2.3.2.2.2.2",0.559306682457173,FALSE,TRUE,39
"2.2.2.2.1.2.2.2.1.3.1.2.2.2.2.2.2.3.2.2.2.2",0.554825772320592,FALSE,TRUE,38
"2.2.2.2.1.2.2.2.1.3.2.1.2.2.2.2.2.3.2.2.2.2",0.554796669134439,FALSE,TRUE,38
"2.2.2.2.1.2.2.2.1.3.2.2.1.2.2.2.2.3.2.2.2.2",0.530889862208954,FALSE,TRUE,38
"2.2.2.2.1.2.2.2.1.3.2.2.2.1.2.2.2.3.2.2.2.2",0.558813059817448,FALSE,TRUE,38
"2.2.2.2.1.2.2.2.1.3.2.2.2.2.1.2.2.3.2.2.2.2",0.516869977903226,FALSE,TRUE,38
"2.2.2.2.1.2.2.2.1.3.2.2.2.2.2.1.2.3.2.2.2.2",0.564501838172671,FALSE,TRUE,38
"2.2.2.2.1.2.2.2.1.3.2.2.2.2.2.2.1.3.2.2.2.2",0.567557430977423,FALSE,TRUE,38
"2.2.2.2.1.2.2.2.1.3.2.2.2.2.2.2.2.2.2.2.2.2",0.621698709823415,FALSE,TRUE,39
"2.2.2.2.1.2.2.2.1.3.2.2.2.2.2.2.2.3.1.2.2.2",0.561808232005478,FALSE,TRUE,38
"2.2.2.2.1.2.2.2.1.3.2.2.2.2.2.2.2.3.2.1.2.2",0.518392501820935,FALSE,TRUE,38
"2.2.2.2.1.2.2.2.1.3.2.2.2.2.2.2.2.3.2.2.1.2",0.572524996854033,FALSE,TRUE,38
"2.2.2.2.1.2.2.2.1.3.2.2.2.2.2.2.2.3.2.2.2.1",0.623947749177316,FALSE,TRUE,38
"3.3.2.3.2.2.2.2.2.2.2.2.2.2.2.2.3.3.2.2.2.2",0.751860971706118,FALSE,TRUE,39
"2.4.2.3.2.2.2.2.2.2.2.2.2.2.2.2.3.3.2.2.2.2",0.777548124621433,FALSE,TRUE,40
"2.3.3.3.2.2.2.2.2.2.2.2.2.2.2.2.3.3.2.2.2.2",0.789144492611807,FALSE,TRUE,39
"2.3.2.4.2.2.2.2.2.2.2.2.2.2.2.2.3.3.2.2.2.2",0.781642539524977,FALSE,TRUE,39
"2.3.2.3.3.2.2.2.2.2.2.2.2.2.2.2.3.3.2.2.2.2",0.785424015842727,FALSE,TRUE,39
"2.3.2.3.2.3.2.2.2.2.2.2.2.2.2.2.3.3.2.2.2.2",0.728036941032736,FALSE,TRUE,39
"2.3.2.3.2.2.2.3.2.2.2.2.2.2.2.2.3.3.2.2.2.2",0.782076607585503,FALSE,TRUE,39
"2.3.2.3.2.2.2.2.3.2.2.2.2.2.2.2.3.3.2.2.2.2",0.767176792451613,FALSE,TRUE,39
"2.3.2.3.2.2.2.2.2.3.2.2.2.2.2.2.3.3.2.2.2.2",0.752375798449742,FALSE,TRUE,39
"2.3.2.3.2.2.2.2.2.2.3.2.2.2.2.2.3.3.2.2.2.2",0.785629996278802,FALSE,TRUE,39
"2.3.2.3.2.2.2.2.2.2.2.3.2.2.2.2.3.3.2.2.2.2",0.811089559556552,FALSE,TRUE,39
"2.3.2.3.2.2.2.2.2.2.2.2.3.2.2.2.3.3.2.2.2.2",0.758974820565896,FALSE,TRUE,39
"2.3.2.3.2.2.2.2.2.2.2.2.2.3.2.2.3.3.2.2.2.2",0.75168273236287,FALSE,TRUE,39
"2.3.2.3.2.2.2.2.2.2.2.2.2.2.3.2.3.3.2.2.2.2",0.794803645682337,FALSE,TRUE,39
"2.3.2.3.2.2.2.2.2.2.2.2.2.2.2.3.3.3.2.2.2.2",0.746133565087724,FALSE,TRUE,39
"2.3.2.3.2.2.2.2.2.2.2.2.2.2.2.2.4.3.2.2.2.2",0.727789925832879,FALSE,TRUE,39
"2.3.2.3.2.2.2.2.2.2.2.2.2.2.2.2.3.4.2.2.2.2",0.750872599284923,FALSE,TRUE,39
"2.3.2.3.2.2.2.2.2.2.2.2.2.2.2.2.3.3.3.2.2.2",0.730386869696572,FALSE,TRUE,39
"2.3.2.3.2.2.2.2.2.2.2.2.2.2.2.2.3.3.2.3.2.2",0.795077516861395,FALSE,TRUE,39
"2.3.2.3.2.2.2.2.2.2.2.2.2.2.2.2.3.3.2.2.3.2",0.789821179679128,FALSE,TRUE,39
"2.3.2.3.2.2.2.2.2.2.2.2.2.2.2.2.3.3.2.2.2.3",0.757180140604448,FALSE,TRUE,40
"1.3.2.3.2.2.2.2.2.2.2.2.2.2.2.2.3.3.2.2.2.2",0.769745314397813,FALSE,TRUE,38
"2.3.1.3.2.2.2.2.2.2.2.2.2.2.2.2.3.3.2.2.2.2",0.695642185604256,FALSE,TRUE,38
"2.3.2.3.1.2.2.2.2.2.2.2.2.2.2.2.3.3.2.2.2.2",0.743515990294634,FALSE,TRUE,38
"2.3.2.3.2.1.2.2.2.2.2.2.2.2.2.2.3.3.2.2.2.2",0.783072165679454,FALSE,TRUE,38
"2.3.2.3.2.2.1.2.2.2.2.2.2.2.2.2.3.3.2.2.2.2",0.708317630592527,FALSE,TRUE,39
"2.3.2.3.2.2.2.1.2.2.2.2.2.2.2.2.3.3.2.2.2.2",0.753873789591014,FALSE,TRUE,38
"2.3.2.3.2.2.2.2.1.2.2.2.2.2.2.2.3.3.2.2.2.2",0.73325568277062,FALSE,TRUE,38
"2.3.2.3.2.2.2.2.2.1.2.2.2.2.2.2.3.3.2.2.2.2",0.757404749202237,FALSE,TRUE,38
"2.3.2.3.2.2.2.2.2.2.1.2.2.2.2.2.3.3.2.2.2.2",0.743423147148729,FALSE,TRUE,38
"2.3.2.3.2.2.2.2.2.2.2.1.2.2.2.2.3.3.2.2.2.2",0.746523822132579,FALSE,TRUE,38
"2.3.2.3.2.2.2.2.2.2.2.2.1.2.2.2.3.3.2.2.2.2",0.754048644676924,FALSE,TRUE,38
"2.3.2.3.2.2.2.2.2.2.2.2.2.1.2.2.3.3.2.2.2.2",0.763152507735877,FALSE,TRUE,38
"2.3.2.3.2.2.2.2.2.2.2.2.2.2.2.1.3.3.2.2.2.2",0.780752883119672,FALSE,TRUE,38
"2.3.2.3.2.2.2.2.2.2.2.2.2.2.2.2.2.3.2.2.2.2",0.807011759052656,FALSE,TRUE,38
"2.3.2.3.2.2.2.2.2.2.2.2.2.2.2.2.3.2.2.2.2.2",0.765668242642147,FALSE,TRUE,38
"2.3.2.3.2.2.2.2.2.2.2.2.2.2.2.2.3.3.1.2.2.2",0.762450953864149,FALSE,TRUE,38
"2.3.2.3.2.2.2.2.2.2.2.2.2.2.2.2.3.3.2.1.2.2",0.719034172776807,FALSE,TRUE,38
"2.3.2.3.2.2.2.2.2.2.2.2.2.2.2.2.3.3.2.2.1.2",0.744699582119958,FALSE,TRUE,38
"3.2.2.1.2.2.2.2.2.2.2.2.2.2.2.2.3.3.2.2.2.2",0.542529891732524,FALSE,TRUE,40
"2.2.3.1.2.2.2.2.2.2.2.2.2.2.2.2.3.3.2.2.2.2",0.680396114644894,FALSE,TRUE,40
"2.2.2.1.3.2.2.2.2.2.2.2.2.2.2.2.3.3.2.2.2.2",0.588400659097632,FALSE,TRUE,40
"2.2.2.1.2.3.2.2.2.2.2.2.2.2.2.2.3.3.2.2.2.2",0.618937741189568,FALSE,TRUE,40
"2.2.2.1.2.2.3.2.2.2.2.2.2.2.2.2.3.3.2.2.2.2",0.605818916752583,FALSE,TRUE,40
"2.2.2.1.2.2.2.3.2.2.2.2.2.2.2.2.3.3.2.2.2.2",0.617966898182154,FALSE,TRUE,40
"2.2.2.1.2.2.2.2.3.2.2.2.2.2.2.2.3.3.2.2.2.2",0.594971672550736,FALSE,TRUE,40
"2.2.2.1.2.2.2.2.2.3.2.2.2.2.2.2.3.3.2.2.2.2",0.569806002426979,FALSE,TRUE,39
"2.2.2.1.2.2.2.2.2.2.3.2.2.2.2.2.3.3.2.2.2.2",0.574840419736901,FALSE,TRUE,40
"2.2.2.1.2.2.2.2.2.2.2.3.2.2.2.2.3.3.2.2.2.2",0.615603039120921,FALSE,TRUE,40
"2.2.2.1.2.2.2.2.2.2.2.2.3.2.2.2.3.3.2.2.2.2",0.626692674466938,FALSE,TRUE,39
"2.2.2.1.2.2.2.2.2.2.2.2.2.3.2.2.3.3.2.2.2.2",0.573917340304471,FALSE,TRUE,40
"2.2.2.1.2.2.2.2.2.2.2.2.2.2.3.2.3.3.2.2.2.2",0.592929357343479,FALSE,TRUE,40
"2.2.2.1.2.2.2.2.2.2.2.2.2.2.2.3.3.3.2.2.2.2",0.579010333260018,FALSE,TRUE,39
"2.2.2.1.2.2.2.2.2.2.2.2.2.2.2.2.4.3.2.2.2.2",0.593247856194279,FALSE,TRUE,40
"2.2.2.1.2.2.2.2.2.2.2.2.2.2.2.2.3.4.2.2.2.2",0.526444890735868,FALSE,TRUE,40
"2.2.2.1.2.2.2.2.2.2.2.2.2.2.2.2.3.3.3.2.2.2",0.527087579076268,FALSE,TRUE,40
"2.2.2.1.2.2.2.2.2.2.2.2.2.2.2.2.3.3.2.3.2.2",0.644310660742579,FALSE,TRUE,40
"2.2.2.1.2.2.2.2.2.2.2.2.2.2.2.2.3.3.2.2.3.2",0.566007776637015,FALSE,TRUE,40
"2.2.2.1.2.2.2.2.2.2.2.2.2.2.2.2.3.3.2.2.2.3",0.516784301744436,FALSE,TRUE,40
"1.2.2.1.2.2.2.2.2.2.2.2.2.2.2.2.3.3.2.2.2.2",0.60072215805075,FALSE,TRUE,39
"2.1.2.1.2.2.2.2.2.2.2.2.2.2.2.2.3.3.2.2.2.2",0.489490955057516,FALSE,TRUE,40
"2.2.1.1.2.2.2.2.2.2.2.2.2.2.2.2.3.3.2.2.2.2",0.440493460679117,FALSE,TRUE,39
"2.2.2.1.1.2.2.2.2.2.2.2.2.2.2.2.3.3.2.2.2.2",0.559111771148484,FALSE,TRUE,39
"2.2.2.1.2.1.2.2.2.2.2.2.2.2.2.2.3.3.2.2.2.2",0.513290401471613,FALSE,TRUE,39
"2.2.2.1.2.2.1.2.2.2.2.2.2.2.2.2.3.3.2.2.2.2",0.527828939646903,FALSE,TRUE,39
"2.2.2.1.2.2.2.1.2.2.2.2.2.2.2.2.3.3.2.2.2.2",0.534597016975812,FALSE,TRUE,39
"2.2.2.1.2.2.2.2.1.2.2.2.2.2.2.2.3.3.2.2.2.2",0.5272912744776,FALSE,TRUE,39
"2.2.2.1.2.2.2.2.2.1.2.2.2.2.2.2.3.3.2.2.2.2",0.559585860867344,FALSE,TRUE,39
"2.2.2.1.2.2.2.2.2.2.1.2.2.2.2.2.3.3.2.2.2.2",0.570856804157134,FALSE,TRUE,39
"2.2.2.1.2.2.2.2.2.2.2.1.2.2.2.2.3.3.2.2.2.2",0.560179161274791,FALSE,TRUE,39
"2.2.2.1.2.2.2.2.2.2.2.2.1.2.2.2.3.3.2.2.2.2",0.513267223429658,FALSE,TRUE,39
"2.2.2.1.2.2.2.2.2.2.2.2.2.1.2.2.3.3.2.2.2.2",0.558307136766613,FALSE,TRUE,39
"2.2.2.1.2.2.2.2.2.2.2.2.2.2.1.2.3.3.2.2.2.2",0.539109519601055,FALSE,TRUE,39
"2.2.2.1.2.2.2.2.2.2.2.2.2.2.2.1.3.3.2.2.2.2",0.561247663226074,FALSE,TRUE,39
"2.2.2.1.2.2.2.2.2.2.2.2.2.2.2.2.3.3.1.2.2.2",0.588501325350038,FALSE,TRUE,38
"2.2.2.1.2.2.2.2.2.2.2.2.2.2.2.2.3.3.2.1.2.2",0.507640459323154,FALSE,TRUE,39
"2.2.2.1.2.2.2.2.2.2.2.2.2.2.2.2.3.3.2.2.1.2",0.589830602269159,FALSE,TRUE,39
"2.2.2.1.2.2.2.2.2.2.2.2.2.2.2.2.3.3.2.2.2.1",0.633988062462441,FALSE,TRUE,39
"3.2.2.2.2.1.2.3.2.2.2.2.2.2.2.2.2.2.2.2.2.2",0.640739826060689,FALSE,TRUE,40
"2.3.2.2.2.1.2.3.2.2.2.2.2.2.2.2.2.2.2.2.2.2",0.74281150826143,FALSE,TRUE,40
"2.2.3.2.2.1.2.3.2.2.2.2.2.2.2.2.2.2.2.2.2.2",0.753201367060197,FALSE,TRUE,40
"2.2.2.3.2.1.2.3.2.2.2.2.2.2.2.2.2.2.2.2.2.2",0.75134400768799,FALSE,TRUE,40
"2.2.2.2.3.1.2.3.2.2.2.2.2.2.2.2.2.2.2.2.2.2",0.65390697049079,FALSE,TRUE,40
"2.2.2.2.2.1.3.3.2.2.2.2.2.2.2.2.2.2.2.2.2.2",0.676399980175432,FALSE,TRUE,40
"2.2.2.2.2.1.2.4.2.2.2.2.2.2.2.2.2.2.2.2.2.2",0.673411303492633,FALSE,TRUE,41
"2.2.2.2.2.1.2.3.3.2.2.2.2.2.2.2.2.2.2.2.2.2",0.678308498146499,FALSE,TRUE,40
"2.2.2.2.2.1.2.3.2.3.2.2.2.2.2.2.2.2.2.2.2.2",0.690897873955074,FALSE,TRUE,40
"2.2.2.2.2.1.2.3.2.2.3.2.2.2.2.2.2.2.2.2.2.2",0.657111161709016,FALSE,TRUE,40
"2.2.2.2.2.1.2.3.2.2.2.3.2.2.2.2.2.2.2.2.2.2",0.703386559945328,FALSE,TRUE,40
"2.2.2.2.2.1.2.3.2.2.2.2.3.2.2.2.2.2.2.2.2.2",0.691925996815832,FALSE,TRUE,41
"2.2.2.2.2.1.2.3.2.2.2.2.2.3.2.2.2.2.2.2.2.2",0.675368602759313,FALSE,TRUE,40
"2.2.2.2.2.1.2.3.2.2.2.2.2.2.3.2.2.2.2.2.2.2",0.688577390967582,FALSE,TRUE,40
"2.2.2.2.2.1.2.3.2.2.2.2.2.2.2.3.2.2.2.2.2.2",0.686776763597171,FALSE,TRUE,40
"2.2.2.2.2.1.2.3.2.2.2.2.2.2.2.2.3.2.2.2.2.2",0.680704831182387,FALSE,TRUE,39
"2.2.2.2.2.1.2.3.2.2.2.2.2.2.2.2.2.3.2.2.2.2",0.65636099482166,FALSE,TRUE,39
"2.2.2.2.2.1.2.3.2.2.2.2.2.2.2.2.2.2.3.2.2.2",0.652018398880843,FALSE,TRUE,40
"2.2.2.2.2.1.2.3.2.2.2.2.2.2.2.2.2.2.2.3.2.2",0.735848892072473,FALSE,TRUE,40
"2.2.2.2.2.1.2.3.2.2.2.2.2.2.2.2.2.2.2.2.3.2",0.669709222898064,FALSE,TRUE,40
"2.2.2.2.2.1.2.3.2.2.2.2.2.2.2.2.2.2.2.2.2.3",0.603893589700983,FALSE,TRUE,39
"1.2.2.2.2.1.2.3.2.2.2.2.2.2.2.2.2.2.2.2.2.2",0.644010039405108,FALSE,TRUE,39
"2.1.2.2.2.1.2.3.2.2.2.2.2.2.2.2.2.2.2.2.2.2",0.545252531204758,FALSE,TRUE,39
"2.2.1.2.2.1.2.3.2.2.2.2.2.2.2.2.2.2.2.2.2.2",0.506633983375949,FALSE,TRUE,39
"2.2.2.1.2.1.2.3.2.2.2.2.2.2.2.2.2.2.2.2.2.2",0.543755777854736,FALSE,TRUE,39
"2.2.2.2.1.1.2.3.2.2.2.2.2.2.2.2.2.2.2.2.2.2",0.639836758208406,FALSE,TRUE,39
"2.2.2.2.2.1.1.3.2.2.2.2.2.2.2.2.2.2.2.2.2.2",0.601612318924625,FALSE,TRUE,39
"2.2.2.2.2.1.2.3.1.2.2.2.2.2.2.2.2.2.2.2.2.2",0.585860844785767,FALSE,TRUE,39
"2.2.2.2.2.1.2.3.2.1.2.2.2.2.2.2.2.2.2.2.2.2",0.581908698954265,FALSE,TRUE,39
"2.2.2.2.2.1.2.3.2.2.1.2.2.2.2.2.2.2.2.2.2.2",0.63340064130583,FALSE,TRUE,39
"2.2.2.2.2.1.2.3.2.2.2.1.2.2.2.2.2.2.2.2.2.2",0.614264033827266,FALSE,TRUE,39
"2.2.2.2.2.1.2.3.2.2.2.2.2.1.2.2.2.2.2.2.2.2",0.60391781754658,FALSE,TRUE,39
"2.2.2.2.2.1.2.3.2.2.2.2.2.2.1.2.2.2.2.2.2.2",0.587174067347099,FALSE,TRUE,39
"2.2.2.2.2.1.2.3.2.2.2.2.2.2.2.1.2.2.2.2.2.2",0.601146948003688,FALSE,TRUE,39
"2.2.2.2.2.1.2.3.2.2.2.2.2.2.2.2.1.2.2.2.2.2",0.614841182141606,FALSE,TRUE,39
"2.2.2.2.2.1.2.3.2.2.2.2.2.2.2.2.2.1.2.2.2.2",0.627733809996025,FALSE,TRUE,38
"2.2.2.2.2.1.2.3.2.2.2.2.2.2.2.2.2.2.1.2.2.2",0.609326512726037,FALSE,TRUE,39
"2.2.2.2.2.1.2.3.2.2.2.2.2.2.2.2.2.2.2.1.2.2",0.555832157161357,FALSE,TRUE,39
"2.2.2.2.2.1.2.3.2.2.2.2.2.2.2.2.2.2.2.2.1.2",0.627534387701008,FALSE,TRUE,39
"2.2.2.2.2.1.2.3.2.2.2.2.2.2.2.2.2.2.2.2.2.1",0.690878061137572,FALSE,TRUE,39
"3.2.2.2.2.2.2.2.1.2.2.2.2.2.2.3.3.2.2.2.2.2",0.59191792146546,FALSE,TRUE,41
"2.3.2.2.2.2.2.2.1.2.2.2.2.2.2.3.3.2.2.2.2.2",0.680283529878911,FALSE,TRUE,41
"2.2.3.2.2.2.2.2.1.2.2.2.2.2.2.3.3.2.2.2.2.2",0.69832670586906,FALSE,TRUE,41
"2.2.2.3.2.2.2.2.1.2.2.2.2.2.2.3.3.2.2.2.2.2",0.670717344204466,FALSE,TRUE,41
"2.2.2.2.3.2.2.2.1.2.2.2.2.2.2.3.3.2.2.2.2.2",0.617708396291901,FALSE,TRUE,41
"2.2.2.2.2.3.2.2.1.2.2.2.2.2.2.3.3.2.2.2.2.2",0.610008573370331,FALSE,TRUE,41
"2.2.2.2.2.2.3.2.1.2.2.2.2.2.2.3.3.2.2.2.2.2",0.699872285806425,FALSE,TRUE,41
"2.2.2.2.2.2.2.3.1.2.2.2.2.2.2.3.3.2.2.2.2.2",0.655448154042314,FALSE,TRUE,41
"2.2.2.2.2.2.2.2.1.3.2.2.2.2.2.3.3.2.2.2.2.2",0.644810309898907,FALSE,TRUE,41
"2.2.2.2.2.2.2.2.1.2.3.2.2.2.2.3.3.2.2.2.2.2",0.626897113721824,FALSE,TRUE,41
"2.2.2.2.2.2.2.2.1.2.2.3.2.2.2.3.3.2.2.2.2.2",0.660612765704816,FALSE,TRUE,41
"2.2.2.2.2.2.2.2.1.2.2.2.3.2.2.3.3.2.2.2.2.2",0.659991696397453,FALSE,TRUE,40
"2.2.2.2.2.2.2.2.1.2.2.2.2.3.2.3.3.2.2.2.2.2",0.6534692920215,FALSE,TRUE,41
"2.2.2.2.2.2.2.2.1.2.2.2.2.2.3.3.3.2.2.2.2.2",0.634593538081542,FALSE,TRUE,41
"2.2.2.2.2.2.2.2.1.2.2.2.2.2.2.4.3.2.2.2.2.2",0.608948432800773,FALSE,TRUE,41
"2.2.2.2.2.2.2.2.1.2.2.2.2.2.2.3.4.2.2.2.2.2",0.616429693177714,FALSE,TRUE,41
"2.2.2.2.2.2.2.2.1.2.2.2.2.2.2.3.3.3.2.2.2.2",0.62187921769116,FALSE,TRUE,40
"2.2.2.2.2.2.2.2.1.2.2.2.2.2.2.3.3.2.3.2.2.2",0.602432716707219,FALSE,TRUE,41
"2.2.2.2.2.2.2.2.1.2.2.2.2.2.2.3.3.2.2.3.2.2",0.682667252260609,FALSE,TRUE,41
"2.2.2.2.2.2.2.2.1.2.2.2.2.2.2.3.3.2.2.2.3.2",0.641009671956919,FALSE,TRUE,41
"2.2.2.2.2.2.2.2.1.2.2.2.2.2.2.3.3.2.2.2.2.3",0.551609266305389,FALSE,TRUE,41
"1.2.2.2.2.2.2.2.1.2.2.2.2.2.2.3.3.2.2.2.2.2",0.630049570074038,FALSE,TRUE,40
"2.1.2.2.2.2.2.2.1.2.2.2.2.2.2.3.3.2.2.2.2.2",0.541617430742186,FALSE,TRUE,40
"2.2.1.2.2.2.2.2.1.2.2.2.2.2.2.3.3.2.2.2.2.2",0.499991651686841,FALSE,TRUE,40
"2.2.2.1.2.2.2.2.1.2.2.2.2.2.2.3.3.2.2.2.2.2",0.55217565724725,FALSE,TRUE,40
"2.2.2.2.1.2.2.2.1.2.2.2.2.2.2.3.3.2.2.2.2.2",0.608338735493815,FALSE,TRUE,40
"2.2.2.2.2.1.2.2.1.2.2.2.2.2.2.3.3.2.2.2.2.2",0.60527303923985,FALSE,TRUE,40
"2.2.2.2.2.2.1.2.1.2.2.2.2.2.2.3.3.2.2.2.2.2",0.517641023855209,FALSE,TRUE,40
"2.2.2.2.2.2.2.1.1.2.2.2.2.2.2.3.3.2.2.2.2.2",0.577929581680114,FALSE,TRUE,40
"2.2.2.2.2.2.2.2.1.1.2.2.2.2.2.3.3.2.2.2.2.2",0.564585081938775,FALSE,TRUE,40
"2.2.2.2.2.2.2.2.1.2.1.2.2.2.2.3.3.2.2.2.2.2",0.599256381202829,FALSE,TRUE,40
"2.2.2.2.2.2.2.2.1.2.2.1.2.2.2.3.3.2.2.2.2.2",0.594936077440943,FALSE,TRUE,40
"2.2.2.2.2.2.2.2.1.2.2.2.1.2.2.3.3.2.2.2.2.2",0.559440435401779,FALSE,TRUE,40
"2.2.2.2.2.2.2.2.1.2.2.2.2.1.2.3.3.2.2.2.2.2",0.558636326804125,FALSE,TRUE,40
"2.2.2.2.2.2.2.2.1.2.2.2.2.2.1.3.3.2.2.2.2.2",0.581086940894739,FALSE,TRUE,40
"2.2.2.2.2.2.2.2.1.2.2.2.2.2.2.3.2.2.2.2.2.2",0.616316130052973,FALSE,TRUE,40
"2.2.2.2.2.2.2.2.1.2.2.2.2.2.2.3.3.2.1.2.2.2",0.59101008098827,FALSE,TRUE,39
"2.2.2.2.2.2.2.2.1.2.2.2.2.2.2.3.3.2.2.1.2.2",0.535884906342399,FALSE,TRUE,40
"2.2.2.2.2.2.2.2.1.2.2.2.2.2.2.3.3.2.2.2.1.2",0.592440620205268,FALSE,TRUE,40
"2.2.2.2.2.2.2.2.1.2.2.2.2.2.2.3.3.2.2.2.2.1",0.673709583363497,FALSE,TRUE,40
"3.1.2.2.2.2.2.2.2.2.2.2.2.2.2.2.2.1.2.2.2.2",0.506266404972671,FALSE,TRUE,40
"2.1.3.2.2.2.2.2.2.2.2.2.2.2.2.2.2.1.2.2.2.2",0.621663765111317,FALSE,TRUE,40
"2.1.2.3.2.2.2.2.2.2.2.2.2.2.2.2.2.1.2.2.2.2",0.606944744673624,FALSE,TRUE,39
"2.1.2.2.3.2.2.2.2.2.2.2.2.2.2.2.2.1.2.2.2.2",0.495682759111496,FALSE,TRUE,40
"2.1.2.2.2.3.2.2.2.2.2.2.2.2.2.2.2.1.2.2.2.2",0.563446209498547,FALSE,TRUE,39
"2.1.2.2.2.2.3.2.2.2.2.2.2.2.2.2.2.1.2.2.2.2",0.584887843983092,FALSE,TRUE,40
"2.1.2.2.2.2.2.3.2.2.2.2.2.2.2.2.2.1.2.2.2.2",0.571644377113546,FALSE,TRUE,40
"2.1.2.2.2.2.2.2.3.2.2.2.2.2.2.2.2.1.2.2.2.2",0.594863563738702,FALSE,TRUE,40
"2.1.2.2.2.2.2.2.2.3.2.2.2.2.2.2.2.1.2.2.2.2",0.574271163537257,FALSE,TRUE,40
"2.1.2.2.2.2.2.2.2.2.3.2.2.2.2.2.2.1.2.2.2.2",0.515284423986893,FALSE,TRUE,40
"2.1.2.2.2.2.2.2.2.2.2.3.2.2.2.2.2.1.2.2.2.2",0.561475133651952,FALSE,TRUE,40
"2.1.2.2.2.2.2.2.2.2.2.2.3.2.2.2.2.1.2.2.2.2",0.598320145447497,FALSE,TRUE,40
"2.1.2.2.2.2.2.2.2.2.2.2.2.3.2.2.2.1.2.2.2.2",0.589281028252055,FALSE,TRUE,40
"2.1.2.2.2.2.2.2.2.2.2.2.2.2.2.3.2.1.2.2.2.2",0.56430999784703,FALSE,TRUE,39
"2.1.2.2.2.2.2.2.2.2.2.2.2.2.2.2.3.1.2.2.2.2",0.582197664602095,FALSE,TRUE,38
"2.1.2.2.2.2.2.2.2.2.2.2.2.2.2.2.2.1.3.2.2.2",0.526497877492125,FALSE,TRUE,40
"2.1.2.2.2.2.2.2.2.2.2.2.2.2.2.2.2.1.2.3.2.2",0.62279972326696,FALSE,TRUE,40
"2.1.2.2.2.2.2.2.2.2.2.2.2.2.2.2.2.1.2.2.3.2",0.532663448739718,FALSE,TRUE,40
"2.1.2.2.2.2.2.2.2.2.2.2.2.2.2.2.2.1.2.2.2.3",0.427535099029206,FALSE,TRUE,39
"1.1.2.2.2.2.2.2.2.2.2.2.2.2.2.2.2.1.2.2.2.2",0.531117914363313,FALSE,TRUE,39
"2.1.1.2.2.2.2.2.2.2.2.2.2.2.2.2.2.1.2.2.2.2",0.390390865802857,FALSE,TRUE,39
"2.1.2.1.2.2.2.2.2.2.2.2.2.2.2.2.2.1.2.2.2.2",0.435440833478619,FALSE,TRUE,39
"2.1.2.2.1.2.2.2.2.2.2.2.2.2.2.2.2.1.2.2.2.2",0.549576274571018,FALSE,TRUE,39
"2.1.2.2.2.1.2.2.2.2.2.2.2.2.2.2.2.1.2.2.2.2",0.467846074678795,FALSE,TRUE,38
"2.1.2.2.2.2.1.2.2.2.2.2.2.2.2.2.2.1.2.2.2.2",0.442856587450016,FALSE,TRUE,39
"2.1.2.2.2.2.2.1.2.2.2.2.2.2.2.2.2.1.2.2.2.2",0.475331666232222,FALSE,TRUE,38
"2.1.2.2.2.2.2.2.1.2.2.2.2.2.2.2.2.1.2.2.2.2",0.420842134016404,FALSE,TRUE,39
"2.1.2.2.2.2.2.2.2.1.2.2.2.2.2.2.2.1.2.2.2.2",0.451396678156515,FALSE,TRUE,39
"2.1.2.2.2.2.2.2.2.2.1.2.2.2.2.2.2.1.2.2.2.2",0.524213233782648,FALSE,TRUE,39
"2.1.2.2.2.2.2.2.2.2.2.1.2.2.2.2.2.1.2.2.2.2",0.507167307942871,FALSE,TRUE,39
"2.1.2.2.2.2.2.2.2.2.2.2.1.2.2.2.2.1.2.2.2.2",0.432372656130111,FALSE,TRUE,39
"2.1.2.2.2.2.2.2.2.2.2.2.2.1.2.2.2.1.2.2.2.2",0.445770139709397,FALSE,TRUE,38
"2.1.2.2.2.2.2.2.2.2.2.2.2.2.1.2.2.1.2.2.2.2",0.517409977821086,FALSE,TRUE,39
"2.1.2.2.2.2.2.2.2.2.2.2.2.2.2.1.2.1.2.2.2.2",0.476189178185462,FALSE,TRUE,39
"2.1.2.2.2.2.2.2.2.2.2.2.2.2.2.2.1.1.2.2.2.2",0.465214943663357,FALSE,TRUE,39
"2.1.2.2.2.2.2.2.2.2.2.2.2.2.2.2.2.1.1.2.2.2",0.488413606548571,FALSE,TRUE,39
"2.1.2.2.2.2.2.2.2.2.2.2.2.2.2.2.2.1.2.1.2.2",0.423551817619008,FALSE,TRUE,39
"2.1.2.2.2.2.2.2.2.2.2.2.2.2.2.2.2.1.2.2.1.2",0.515156240556101,FALSE,TRUE,39
"2.1.2.2.2.2.2.2.2.2.2.2.2.2.2.2.2.1.2.2.2.1",0.617447325809541,FALSE,TRUE,39
"3.2.2.2.2.2.2.2.2.2.2.2.2.1.2.2.2.1.2.2.2.2",0.531681567436473,FALSE,TRUE,39
"2.3.2.2.2.2.2.2.2.2.2.2.2.1.2.2.2.1.2.2.2.2",0.627787130597597,FALSE,TRUE,39
"2.2.3.2.2.2.2.2.2.2.2.2.2.1.2.2.2.1.2.2.2.2",0.632877018831555,FALSE,TRUE,39
"2.2.2.3.2.2.2.2.2.2.2.2.2.1.2.2.2.1.2.2.2.2",0.609445316861033,FALSE,TRUE,38
"2.2.2.2.3.2.2.2.2.2.2.2.2.1.2.2.2.1.2.2.2.2",0.525824734905439,FALSE,TRUE,39
"2.2.2.2.2.3.2.2.2.2.2.2.2.1.2.2.2.1.2.2.2.2",0.549641795565013,FALSE,TRUE,38
"2.2.2.2.2.2.3.2.2.2.2.2.2.1.2.2.2.1.2.2.2.2",0.623190982765711,FALSE,TRUE,39
"2.2.2.2.2.2.2.3.2.2.2.2.2.1.2.2.2.1.2.2.2.2",0.577360894456012,FALSE,TRUE,40
"2.2.2.2.2.2.2.2.3.2.2.2.2.1.2.2.2.1.2.2.2.2",0.619054838038794,FALSE,TRUE,39
"2.2.2.2.2.2.2.2.2.3.2.2.2.1.2.2.2.1.2.2.2.2",0.603601161559771,FALSE,TRUE,39
"2.2.2.2.2.2.2.2.2.2.3.2.2.1.2.2.2.1.2.2.2.2",0.553776021776639,FALSE,TRUE,39
"2.2.2.2.2.2.2.2.2.2.2.3.2.1.2.2.2.1.2.2.2.2",0.591280473143002,FALSE,TRUE,39
"2.2.2.2.2.2.2.2.2.2.2.2.3.1.2.2.2.1.2.2.2.2",0.585178258900168,FALSE,TRUE,39
"2.2.2.2.2.2.2.2.2.2.2.2.2.1.2.3.2.1.2.2.2.2",0.579085082656075,FALSE,TRUE,38
"2.2.2.2.2.2.2.2.2.2.2.2.2.1.2.2.3.1.2.2.2.2",0.577618344624326,FALSE,TRUE,37
"2.2.2.2.2.2.2.2.2.2.2.2.2.1.2.2.2.1.3.2.2.2",0.576473520747558,FALSE,TRUE,39
"2.2.2.2.2.2.2.2.2.2.2.2.2.1.2.2.2.1.2.3.2.2",0.651492467052043,FALSE,TRUE,39
"2.2.2.2.2.2.2.2.2.2.2.2.2.1.2.2.2.1.2.2.3.2",0.58777615700843,FALSE,TRUE,39
"2.2.2.2.2.2.2.2.2.2.2.2.2.1.2.2.2.1.2.2.2.3",0.462134571048554,FALSE,TRUE,38
"1.2.2.2.2.2.2.2.2.2.2.2.2.1.2.2.2.1.2.2.2.2",0.538817279808821,FALSE,TRUE,38
"2.2.1.2.2.2.2.2.2.2.2.2.2.1.2.2.2.1.2.2.2.2",0.413355310419063,FALSE,TRUE,38
"2.2.2.1.2.2.2.2.2.2.2.2.2.1.2.2.2.1.2.2.2.2",0.465917965685104,FALSE,TRUE,38
"2.2.2.2.1.2.2.2.2.2.2.2.2.1.2.2.2.1.2.2.2.2",0.556878041999251,FALSE,TRUE,38
"2.2.2.2.2.1.2.2.2.2.2.2.2.1.2.2.2.1.2.2.2.2",0.515619183366651,FALSE,TRUE,37
"2.2.2.2.2.2.1.2.2.2.2.2.2.1.2.2.2.1.2.2.2.2",0.441832111661032,FALSE,TRUE,38
"2.2.2.2.2.2.2.2.1.2.2.2.2.1.2.2.2.1.2.2.2.2",0.436023262894613,FALSE,TRUE,38
"2.2.2.2.2.2.2.2.2.1.2.2.2.1.2.2.2.1.2.2.2.2",0.458495031715539,FALSE,TRUE,38
"2.2.2.2.2.2.2.2.2.2.1.2.2.1.2.2.2.1.2.2.2.2",0.523558691569254,FALSE,TRUE,38
"2.2.2.2.2.2.2.2.2.2.2.1.2.1.2.2.2.1.2.2.2.2",0.513307868418404,FALSE,TRUE,38
"2.2.2.2.2.2.2.2.2.2.2.2.1.1.2.2.2.1.2.2.2.2",0.479440466270285,FALSE,TRUE,38
"2.2.2.2.2.2.2.2.2.2.2.2.2.1.1.2.2.1.2.2.2.2",0.519709429949897,FALSE,TRUE,38
"2.2.2.2.2.2.2.2.2.2.2.2.2.1.2.1.2.1.2.2.2.2",0.497673987249646,FALSE,TRUE,38
"2.2.2.2.2.2.2.2.2.2.2.2.2.1.2.2.1.1.2.2.2.2",0.505740835344312,FALSE,TRUE,38
"2.2.2.2.2.2.2.2.2.2.2.2.2.1.2.2.2.1.1.2.2.2",0.479396989171595,FALSE,TRUE,38
"2.2.2.2.2.2.2.2.2.2.2.2.2.1.2.2.2.1.2.1.2.2",0.43082480618742,FALSE,TRUE,38
"2.2.2.2.2.2.2.2.2.2.2.2.2.1.2.2.2.1.2.2.1.2",0.495719800588266,FALSE,TRUE,38
"2.2.2.2.2.2.2.2.2.2.2.2.2.1.2.2.2.1.2.2.2.1",0.618897640553459,FALSE,TRUE,38
"3.2.2.2.2.3.2.2.2.2.3.2.2.2.2.2.2.2.2.2.2.2",0.64312880054344,FALSE,TRUE,41
"2.2.3.2.2.3.2.2.2.2.3.2.2.2.2.2.2.2.2.2.2.2",0.696270246006682,FALSE,TRUE,41
"2.2.2.3.2.3.2.2.2.2.3.2.2.2.2.2.2.2.2.2.2.2",0.718612938332971,FALSE,TRUE,41
"2.2.2.2.3.3.2.2.2.2.3.2.2.2.2.2.2.2.2.2.2.2",0.648001954381482,FALSE,TRUE,41
"2.2.2.2.2.4.2.2.2.2.3.2.2.2.2.2.2.2.2.2.2.2",0.646784508833574,FALSE,TRUE,41
"2.2.2.2.2.3.3.2.2.2.3.2.2.2.2.2.2.2.2.2.2.2",0.716353118590326,FALSE,TRUE,41
"2.2.2.2.2.3.2.3.2.2.3.2.2.2.2.2.2.2.2.2.2.2",0.689149744097527,FALSE,TRUE,41
"2.2.2.2.2.3.2.2.3.2.3.2.2.2.2.2.2.2.2.2.2.2",0.687721360063613,FALSE,TRUE,41
"2.2.2.2.2.3.2.2.2.3.3.2.2.2.2.2.2.2.2.2.2.2",0.694855415987812,FALSE,TRUE,41
"2.2.2.2.2.3.2.2.2.2.4.2.2.2.2.2.2.2.2.2.2.2",0.638025237086161,FALSE,TRUE,42
"2.2.2.2.2.3.2.2.2.2.3.3.2.2.2.2.2.2.2.2.2.2",0.702230069283661,FALSE,TRUE,41
"2.2.2.2.2.3.2.2.2.2.3.2.3.2.2.2.2.2.2.2.2.2",0.698649557667495,FALSE,TRUE,40
"2.2.2.2.2.3.2.2.2.2.3.2.2.3.2.2.2.2.2.2.2.2",0.683614052148648,FALSE,TRUE,41
"2.2.2.2.2.3.2.2.2.2.3.2.2.2.3.2.2.2.2.2.2.2",0.649267153214703,FALSE,TRUE,41
"2.2.2.2.2.3.2.2.2.2.3.2.2.2.2.3.2.2.2.2.2.2",0.666158157405382,FALSE,TRUE,41
"2.2.2.2.2.3.2.2.2.2.3.2.2.2.2.2.3.2.2.2.2.2",0.675747628712007,FALSE,TRUE,39
"2.2.2.2.2.3.2.2.2.2.3.2.2.2.2.2.2.3.2.2.2.2",0.678055154037667,FALSE,TRUE,40
"2.2.2.2.2.3.2.2.2.2.3.2.2.2.2.2.2.2.3.2.2.2",0.616854145875209,FALSE,TRUE,41
"2.2.2.2.2.3.2.2.2.2.3.2.2.2.2.2.2.2.2.3.2.2",0.752200777956619,FALSE,TRUE,41
"2.2.2.2.2.3.2.2.2.2.3.2.2.2.2.2.2.2.2.2.3.2",0.695087162915339,FALSE,TRUE,41
"2.2.2.2.2.3.2.2.2.2.3.2.2.2.2.2.2.2.2.2.2.3",0.597338020998558,FALSE,TRUE,40
"1.2.2.2.2.3.2.2.2.2.3.2.2.2.2.2.2.2.2.2.2.2",0.66740164326871,FALSE,TRUE,40
"2.1.2.2.2.3.2.2.2.2.3.2.2.2.2.2.2.2.2.2.2.2",0.58187002453031,FALSE,TRUE,41
"2.2.1.2.2.3.2.2.2.2.3.2.2.2.2.2.2.2.2.2.2.2",0.584870558910503,FALSE,TRUE,40
"2.2.2.1.2.3.2.2.2.2.3.2.2.2.2.2.2.2.2.2.2.2",0.598097073406044,FALSE,TRUE,40
"2.2.2.2.1.3.2.2.2.2.3.2.2.2.2.2.2.2.2.2.2.2",0.670215958481505,FALSE,TRUE,40
"2.2.2.2.2.3.1.2.2.2.3.2.2.2.2.2.2.2.2.2.2.2",0.587093227771242,FALSE,TRUE,40
"2.2.2.2.2.3.2.1.2.2.3.2.2.2.2.2.2.2.2.2.2.2",0.634651602070465,FALSE,TRUE,40
"2.2.2.2.2.3.2.2.1.2.3.2.2.2.2.2.2.2.2.2.2.2",0.600164344528973,FALSE,TRUE,40
"2.2.2.2.2.3.2.2.2.1.3.2.2.2.2.2.2.2.2.2.2.2",0.603534874709383,FALSE,TRUE,40
"2.2.2.2.2.3.2.2.2.2.3.1.2.2.2.2.2.2.2.2.2.2",0.645560561368349,FALSE,TRUE,40
"2.2.2.2.2.3.2.2.2.2.3.2.1.2.2.2.2.2.2.2.2.2",0.6042554531143,FALSE,TRUE,40
"2.2.2.2.2.3.2.2.2.2.3.2.2.1.2.2.2.2.2.2.2.2",0.620064336040199,FALSE,TRUE,40
"2.2.2.2.2.3.2.2.2.2.3.2.2.2.1.2.2.2.2.2.2.2",0.65422099611467,FALSE,TRUE,40
"2.2.2.2.2.3.2.2.2.2.3.2.2.2.2.1.2.2.2.2.2.2",0.646820709430663,FALSE,TRUE,40
"2.2.2.2.2.3.2.2.2.2.3.2.2.2.2.2.1.2.2.2.2.2",0.645293035072334,FALSE,TRUE,40
"2.2.2.2.2.3.2.2.2.2.3.2.2.2.2.2.2.1.2.2.2.2",0.63016992343483,FALSE,TRUE,39
"2.2.2.2.2.3.2.2.2.2.3.2.2.2.2.2.2.2.1.2.2.2",0.667454151997131,FALSE,TRUE,40
"2.2.2.2.2.3.2.2.2.2.3.2.2.2.2.2.2.2.2.1.2.2",0.567100962540257,FALSE,TRUE,40
"2.2.2.2.2.3.2.2.2.2.3.2.2.2.2.2.2.2.2.2.1.2",0.631186965710986,FALSE,TRUE,40
"2.2.2.2.2.3.2.2.2.2.3.2.2.2.2.2.2.2.2.2.2.1",0.724200046556333,FALSE,TRUE,40
"2.4.2.3.2.2.3.2.2.2.2.2.2.2.2.2.3.3.2.2.2.2",0.801745801487663,FALSE,TRUE,41
"2.3.3.3.2.2.3.2.2.2.2.2.2.2.2.2.3.3.2.2.2.2",0.798189232465014,FALSE,TRUE,41
"2.3.2.4.2.2.3.2.2.2.2.2.2.2.2.2.3.3.2.2.2.2",0.805436843334015,FALSE,TRUE,41
"2.3.2.3.3.2.3.2.2.2.2.2.2.2.2.2.3.3.2.2.2.2",0.818829218827007,FALSE,TRUE,41
"2.3.2.3.2.3.3.2.2.2.2.2.2.2.2.2.3.3.2.2.2.2",0.771556326762593,FALSE,TRUE,41
"2.3.2.3.2.2.4.2.2.2.2.2.2.2.2.2.3.3.2.2.2.2",0.784309049116184,FALSE,TRUE,42
"2.3.2.3.2.2.3.3.2.2.2.2.2.2.2.2.3.3.2.2.2.2",0.808301456892865,FALSE,TRUE,41
"2.3.2.3.2.2.3.2.3.2.2.2.2.2.2.2.3.3.2.2.2.2",0.766103820064596,FALSE,TRUE,41
"2.3.2.3.2.2.3.2.2.3.2.2.2.2.2.2.3.3.2.2.2.2",0.764741554180098,FALSE,TRUE,41
"2.3.2.3.2.2.3.2.2.2.3.2.2.2.2.2.3.3.2.2.2.2",0.802620329601583,FALSE,TRUE,41
"2.3.2.3.2.2.3.2.2.2.2.3.2.2.2.2.3.3.2.2.2.2",0.829865286897896,FALSE,TRUE,41
"2.3.2.3.2.2.3.2.2.2.2.2.3.2.2.2.3.3.2.2.2.2",0.768705351032274,FALSE,TRUE,41
"2.3.2.3.2.2.3.2.2.2.2.2.2.3.2.2.3.3.2.2.2.2",0.756308887808583,FALSE,TRUE,41
"2.3.2.3.2.2.3.2.2.2.2.2.2.2.3.2.3.3.2.2.2.2",0.811683594449394,FALSE,TRUE,41
"2.3.2.3.2.2.3.2.2.2.2.2.2.2.2.3.3.3.2.2.2.2",0.7810331507881,FALSE,TRUE,41
"2.3.2.3.2.2.3.2.2.2.2.2.2.2.2.2.4.3.2.2.2.2",0.761658386250555,FALSE,TRUE,41
"2.3.2.3.2.2.3.2.2.2.2.2.2.2.2.2.3.4.2.2.2.2",0.761528617161007,FALSE,TRUE,40
"2.3.2.3.2.2.3.2.2.2.2.2.2.2.2.2.3.3.3.2.2.2",0.754966045629937,FALSE,TRUE,41
"2.3.2.3.2.2.3.2.2.2.2.2.2.2.2.2.3.3.2.3.2.2",0.804271602370228,FALSE,TRUE,41
"2.3.2.3.2.2.3.2.2.2.2.2.2.2.2.2.3.3.2.2.3.2",0.807022932428173,FALSE,TRUE,41
"2.3.2.3.2.2.3.2.2.2.2.2.2.2.2.2.3.3.2.2.2.3",0.798496383979695,FALSE,TRUE,41
"1.3.2.3.2.2.3.2.2.2.2.2.2.2.2.2.3.3.2.2.2.2",0.779231097351192,FALSE,TRUE,41
"2.3.1.3.2.2.3.2.2.2.2.2.2.2.2.2.3.3.2.2.2.2",0.735548321487251,FALSE,TRUE,40
"2.3.2.2.2.2.3.2.2.2.2.2.2.2.2.2.3.3.2.2.2.2",0.76269636043921,FALSE,TRUE,39
"2.3.2.3.1.2.3.2.2.2.2.2.2.2.2.2.3.3.2.2.2.2",0.761801943979464,FALSE,TRUE,40
"2.3.2.3.2.1.3.2.2.2.2.2.2.2.2.2.3.3.2.2.2.2",0.790646904888398,FALSE,TRUE,40
"2.3.2.3.2.2.3.1.2.2.2.2.2.2.2.2.3.3.2.2.2.2",0.778730261060393,FALSE,TRUE,40
"2.3.2.3.2.2.3.2.1.2.2.2.2.2.2.2.3.3.2.2.2.2",0.78284421239077,FALSE,TRUE,40
"2.3.2.3.2.2.3.2.2.1.2.2.2.2.2.2.3.3.2.2.2.2",0.794734299929356,FALSE,TRUE,40
"2.3.2.3.2.2.3.2.2.2.1.2.2.2.2.2.3.3.2.2.2.2",0.777344522571945,FALSE,TRUE,40
"2.3.2.3.2.2.3.2.2.2.2.1.2.2.2.2.3.3.2.2.2.2",0.779665803243623,FALSE,TRUE,40
"2.3.2.3.2.2.3.2.2.2.2.2.1.2.2.2.3.3.2.2.2.2",0.793254225973087,FALSE,TRUE,40
"2.3.2.3.2.2.3.2.2.2.2.2.2.1.2.2.3.3.2.2.2.2",0.80911795390295,FALSE,TRUE,40
"2.3.2.3.2.2.3.2.2.2.2.2.2.2.1.2.3.3.2.2.2.2",0.74726607718472,FALSE,TRUE,40
"2.3.2.3.2.2.3.2.2.2.2.2.2.2.2.1.3.3.2.2.2.2",0.796092378587427,FALSE,TRUE,40
"2.3.2.3.2.2.3.2.2.2.2.2.2.2.2.2.2.3.2.2.2.2",0.824573279931928,FALSE,TRUE,41
"2.3.2.3.2.2.3.2.2.2.2.2.2.2.2.2.3.2.2.2.2.2",0.806814148868375,FALSE,TRUE,41
"2.3.2.3.2.2.3.2.2.2.2.2.2.2.2.2.3.3.1.2.2.2",0.788276298948797,FALSE,TRUE,40
"2.3.2.3.2.2.3.2.2.2.2.2.2.2.2.2.3.3.2.1.2.2",0.76159473554884,FALSE,TRUE,40
"2.3.2.3.2.2.3.2.2.2.2.2.2.2.2.2.3.3.2.2.1.2",0.779305909372113,FALSE,TRUE,40
"2.3.2.3.2.2.3.2.2.2.2.2.2.2.2.2.3.3.2.2.2.1",0.779205040551221,FALSE,TRUE,40
"3.2.2.2.1.2.2.2.2.3.2.2.2.2.3.2.2.3.2.2.2.2",0.589498842528156,FALSE,TRUE,41
"2.3.2.2.1.2.2.2.2.3.2.2.2.2.3.2.2.3.2.2.2.2",0.702674564423716,FALSE,TRUE,41
"2.2.3.2.1.2.2.2.2.3.2.2.2.2.3.2.2.3.2.2.2.2",0.700149893658592,FALSE,TRUE,41
"2.2.2.3.1.2.2.2.2.3.2.2.2.2.3.2.2.3.2.2.2.2",0.70866738137293,FALSE,TRUE,41
"2.2.2.2.1.3.2.2.2.3.2.2.2.2.3.2.2.3.2.2.2.2",0.623003297095224,FALSE,TRUE,41
"2.2.2.2.1.2.3.2.2.3.2.2.2.2.3.2.2.3.2.2.2.2",0.627147189680637,FALSE,TRUE,41
"2.2.2.2.1.2.2.3.2.3.2.2.2.2.3.2.2.3.2.2.2.2",0.678583492379807,FALSE,TRUE,41
"2.2.2.2.1.2.2.2.3.3.2.2.2.2.3.2.2.3.2.2.2.2",0.594443213256426,FALSE,TRUE,41
"2.2.2.2.1.2.2.2.2.4.2.2.2.2.3.2.2.3.2.2.2.2",0.59037986833447,FALSE,TRUE,40
"2.2.2.2.1.2.2.2.2.3.3.2.2.2.3.2.2.3.2.2.2.2",0.643801005435076,FALSE,TRUE,41
"2.2.2.2.1.2.2.2.2.3.2.3.2.2.3.2.2.3.2.2.2.2",0.665026938049853,FALSE,TRUE,41
"2.2.2.2.1.2.2.2.2.3.2.2.3.2.3.2.2.3.2.2.2.2",0.636786180828408,FALSE,TRUE,41
"2.2.2.2.1.2.2.2.2.3.2.2.2.3.3.2.2.3.2.2.2.2",0.601361209686867,FALSE,TRUE,41
"2.2.2.2.1.2.2.2.2.3.2.2.2.2.4.2.2.3.2.2.2.2",0.592364145052327,FALSE,TRUE,42
"2.2.2.2.1.2.2.2.2.3.2.2.2.2.3.3.2.3.2.2.2.2",0.604991057051051,FALSE,TRUE,41
"2.2.2.2.1.2.2.2.2.3.2.2.2.2.3.2.3.3.2.2.2.2",0.630574037117115,FALSE,TRUE,39
"2.2.2.2.1.2.2.2.2.3.2.2.2.2.3.2.2.4.2.2.2.2",0.571437715368424,FALSE,TRUE,41
"2.2.2.2.1.2.2.2.2.3.2.2.2.2.3.2.2.3.3.2.2.2",0.569856530004293,FALSE,TRUE,41
"2.2.2.2.1.2.2.2.2.3.2.2.2.2.3.2.2.3.2.3.2.2",0.703377241227867,FALSE,TRUE,41
"2.2.2.2.1.2.2.2.2.3.2.2.2.2.3.2.2.3.2.2.3.2",0.631597318123837,FALSE,TRUE,41
"2.2.2.2.1.2.2.2.2.3.2.2.2.2.3.2.2.3.2.2.2.3",0.567507751248147,FALSE,TRUE,41
"1.2.2.2.1.2.2.2.2.3.2.2.2.2.3.2.2.3.2.2.2.2",0.646609961126418,FALSE,TRUE,40
"2.1.2.2.1.2.2.2.2.3.2.2.2.2.3.2.2.3.2.2.2.2",0.538351967201187,FALSE,TRUE,40
"2.2.2.1.1.2.2.2.2.3.2.2.2.2.3.2.2.3.2.2.2.2",0.53622546011082,FALSE,TRUE,40
"2.2.2.2.1.1.2.2.2.3.2.2.2.2.3.2.2.3.2.2.2.2",0.600773465529847,FALSE,TRUE,40
"2.2.2.2.1.2.1.2.2.3.2.2.2.2.3.2.2.3.2.2.2.2",0.597839228011861,FALSE,TRUE,40
"2.2.2.2.1.2.2.1.2.3.2.2.2.2.3.2.2.3.2.2.2.2",0.574232820049477,FALSE,TRUE,40
"2.2.2.2.1.2.2.2.2.2.2.2.2.2.3.2.2.3.2.2.2.2",0.636172396369216,FALSE,TRUE,39
"2.2.2.2.1.2.2.2.2.3.1.2.2.2.3.2.2.3.2.2.2.2",0.604306867044461,FALSE,TRUE,40
"2.2.2.2.1.2.2.2.2.3.2.1.2.2.3.2.2.3.2.2.2.2",0.60322524736949,FALSE,TRUE,40
"2.2.2.2.1.2.2.2.2.3.2.2.1.2.3.2.2.3.2.2.2.2",0.592404922185896,FALSE,TRUE,40
"2.2.2.2.1.2.2.2.2.3.2.2.2.1.3.2.2.3.2.2.2.2",0.628462187984733,FALSE,TRUE,40
"2.2.2.2.1.2.2.2.2.3.2.2.2.2.3.1.2.3.2.2.2.2",0.63277577635935,FALSE,TRUE,40
"2.2.2.2.1.2.2.2.2.3.2.2.2.2.3.2.1.3.2.2.2.2",0.62165040820589,FALSE,TRUE,40
"2.2.2.2.1.2.2.2.2.3.2.2.2.2.3.2.2.2.2.2.2.2",0.661326538060227,FALSE,TRUE,41
"2.2.2.2.1.2.2.2.2.3.2.2.2.2.3.2.2.3.1.2.2.2",0.64709375529965,FALSE,TRUE,40
"2.2.2.2.1.2.2.2.2.3.2.2.2.2.3.2.2.3.2.1.2.2",0.541024267049649,FALSE,TRUE,40
"2.2.2.2.1.2.2.2.2.3.2.2.2.2.3.2.2.3.2.2.1.2",0.618863387209282,FALSE,TRUE,40
"2.2.2.2.1.2.2.2.2.3.2.2.2.2.3.2.2.3.2.2.2.1",0.680791751270886,FALSE,TRUE,40
"3.2.2.2.2.1.2.3.2.2.2.2.1.2.2.2.2.2.2.2.2.2",0.557287890124773,FALSE,TRUE,40
"2.3.2.2.2.1.2.3.2.2.2.2.1.2.2.2.2.2.2.2.2.2",0.688947716615473,FALSE,TRUE,40
"2.2.3.2.2.1.2.3.2.2.2.2.1.2.2.2.2.2.2.2.2.2",0.696035721538168,FALSE,TRUE,40
"2.2.2.3.2.1.2.3.2.2.2.2.1.2.2.2.2.2.2.2.2.2",0.68975349158685,FALSE,TRUE,40
"2.2.2.2.3.1.2.3.2.2.2.2.1.2.2.2.2.2.2.2.2.2",0.582216616093726,FALSE,TRUE,40
"2.2.2.2.2.2.2.3.2.2.2.2.1.2.2.2.2.2.2.2.2.2",0.629072182594551,FALSE,TRUE,40
"2.2.2.2.2.1.3.3.2.2.2.2.1.2.2.2.2.2.2.2.2.2",0.609752224510507,FALSE,TRUE,40
"2.2.2.2.2.1.2.4.2.2.2.2.1.2.2.2.2.2.2.2.2.2",0.606487368893621,FALSE,TRUE,40
"2.2.2.2.2.1.2.3.3.2.2.2.1.2.2.2.2.2.2.2.2.2",0.607885490331942,FALSE,TRUE,40
"2.2.2.2.2.1.2.3.2.3.2.2.1.2.2.2.2.2.2.2.2.2",0.633428583438966,FALSE,TRUE,40
"2.2.2.2.2.1.2.3.2.2.3.2.1.2.2.2.2.2.2.2.2.2",0.596277181270068,FALSE,TRUE,40
"2.2.2.2.2.1.2.3.2.2.2.3.1.2.2.2.2.2.2.2.2.2",0.632882504669919,FALSE,TRUE,40
"2.2.2.2.2.1.2.3.2.2.2.2.1.3.2.2.2.2.2.2.2.2",0.596254347504899,FALSE,TRUE,40
"2.2.2.2.2.1.2.3.2.2.2.2.1.2.3.2.2.2.2.2.2.2",0.623406324061163,FALSE,TRUE,40
"2.2.2.2.2.1.2.3.2.2.2.2.1.2.2.3.2.2.2.2.2.2",0.612994477190312,FALSE,TRUE,40
"2.2.2.2.2.1.2.3.2.2.2.2.1.2.2.2.3.2.2.2.2.2",0.620349265997208,FALSE,TRUE,40
"2.2.2.2.2.1.2.3.2.2.2.2.1.2.2.2.2.3.2.2.2.2",0.584976921340049,FALSE,TRUE,40
"2.2.2.2.2.1.2.3.2.2.2.2.1.2.2.2.2.2.3.2.2.2",0.576146994976027,FALSE,TRUE,40
"2.2.2.2.2.1.2.3.2.2.2.2.1.2.2.2.2.2.2.3.2.2",0.667694609857549,FALSE,TRUE,40
"2.2.2.2.2.1.2.3.2.2.2.2.1.2.2.2.2.2.2.2.3.2",0.581770705251289,FALSE,TRUE,40
"2.2.2.2.2.1.2.3.2.2.2.2.1.2.2.2.2.2.2.2.2.3",0.523964660213463,FALSE,TRUE,40
"1.2.2.2.2.1.2.3.2.2.2.2.1.2.2.2.2.2.2.2.2.2",0.581935831366573,FALSE,TRUE,39
"2.1.2.2.2.1.2.3.2.2.2.2.1.2.2.2.2.2.2.2.2.2",0.455719794601008,FALSE,TRUE,39
"2.2.1.2.2.1.2.3.2.2.2.2.1.2.2.2.2.2.2.2.2.2",0.422482181672377,FALSE,TRUE,39
"2.2.2.1.2.1.2.3.2.2.2.2.1.2.2.2.2.2.2.2.2.2",0.464542498597919,FALSE,TRUE,39
"2.2.2.2.1.1.2.3.2.2.2.2.1.2.2.2.2.2.2.2.2.2",0.56570172528111,FALSE,TRUE,39
"2.2.2.2.2.1.1.3.2.2.2.2.1.2.2.2.2.2.2.2.2.2",0.525401347003641,FALSE,TRUE,39
"2.2.2.2.2.1.2.3.1.2.2.2.1.2.2.2.2.2.2.2.2.2",0.511865364380576,FALSE,TRUE,39
"2.2.2.2.2.1.2.3.2.1.2.2.1.2.2.2.2.2.2.2.2.2",0.494483164481415,FALSE,TRUE,39
"2.2.2.2.2.1.2.3.2.2.1.2.1.2.2.2.2.2.2.2.2.2",0.54815795133222,FALSE,TRUE,39
"2.2.2.2.2.1.2.3.2.2.2.1.1.2.2.2.2.2.2.2.2.2",0.536205879544128,FALSE,TRUE,39
"2.2.2.2.2.1.2.3.2.2.2.2.1.1.2.2.2.2.2.2.2.2",0.536680593938125,FALSE,TRUE,39
"2.2.2.2.2.1.2.3.2.2.2.2.1.2.1.2.2.2.2.2.2.2",0.509689943432766,FALSE,TRUE,39
"2.2.2.2.2.1.2.3.2.2.2.2.1.2.2.1.2.2.2.2.2.2",0.52771921407888,FALSE,TRUE,39
"2.2.2.2.2.1.2.3.2.2.2.2.1.2.2.2.1.2.2.2.2.2",0.529246833301056,FALSE,TRUE,39
"2.2.2.2.2.1.2.3.2.2.2.2.1.2.2.2.2.1.2.2.2.2",0.552954927503659,FALSE,TRUE,39
"2.2.2.2.2.1.2.3.2.2.2.2.1.2.2.2.2.2.1.2.2.2",0.540634637256903,FALSE,TRUE,39
"2.2.2.2.2.1.2.3.2.2.2.2.1.2.2.2.2.2.2.1.2.2",0.478256994263835,FALSE,TRUE,39
"2.2.2.2.2.1.2.3.2.2.2.2.1.2.2.2.2.2.2.2.1.2",0.568343967887872,FALSE,TRUE,39
"2.2.2.2.2.1.2.3.2.2.2.2.1.2.2.2.2.2.2.2.2.1",0.624363917574355,FALSE,TRUE,39
"3.3.2.2.1.2.2.2.2.3.2.2.2.2.2.2.2.3.2.2.2.2",0.645767479451555,FALSE,TRUE,41
"2.4.2.2.1.2.2.2.2.3.2.2.2.2.2.2.2.3.2.2.2.2",0.72387671440229,FALSE,TRUE,42
"2.3.3.2.1.2.2.2.2.3.2.2.2.2.2.2.2.3.2.2.2.2",0.762553230219585,FALSE,TRUE,41
"2.3.2.3.1.2.2.2.2.3.2.2.2.2.2.2.2.3.2.2.2.2",0.753485398592989,FALSE,TRUE,41
"2.3.2.2.1.3.2.2.2.3.2.2.2.2.2.2.2.3.2.2.2.2",0.68453279960615,FALSE,TRUE,41
"2.3.2.2.1.2.3.2.2.3.2.2.2.2.2.2.2.3.2.2.2.2",0.694513421736765,FALSE,TRUE,41
"2.3.2.2.1.2.2.3.2.3.2.2.2.2.2.2.2.3.2.2.2.2",0.714777919838684,FALSE,TRUE,41
"2.3.2.2.1.2.2.2.3.3.2.2.2.2.2.2.2.3.2.2.2.2",0.661273025843481,FALSE,TRUE,41
"2.3.2.2.1.2.2.2.2.4.2.2.2.2.2.2.2.3.2.2.2.2",0.645777585272746,FALSE,TRUE,40
"2.3.2.2.1.2.2.2.2.3.3.2.2.2.2.2.2.3.2.2.2.2",0.714423294303889,FALSE,TRUE,41
"2.3.2.2.1.2.2.2.2.3.2.3.2.2.2.2.2.3.2.2.2.2",0.72139998944658,FALSE,TRUE,41
"2.3.2.2.1.2.2.2.2.3.2.2.3.2.2.2.2.3.2.2.2.2",0.687764320363553,FALSE,TRUE,41
"2.3.2.2.1.2.2.2.2.3.2.2.2.3.2.2.2.3.2.2.2.2",0.658341872446215,FALSE,TRUE,41
"2.3.2.2.1.2.2.2.2.3.2.2.2.2.2.3.2.3.2.2.2.2",0.660168927005653,FALSE,TRUE,41
"2.3.2.2.1.2.2.2.2.3.2.2.2.2.2.2.3.3.2.2.2.2",0.672705490898693,FALSE,TRUE,41
"2.3.2.2.1.2.2.2.2.3.2.2.2.2.2.2.2.4.2.2.2.2",0.616989884938884,FALSE,TRUE,41
"2.3.2.2.1.2.2.2.2.3.2.2.2.2.2.2.2.3.3.2.2.2",0.636652021060716,FALSE,TRUE,41
"2.3.2.2.1.2.2.2.2.3.2.2.2.2.2.2.2.3.2.3.2.2",0.727870654493264,FALSE,TRUE,41
"2.3.2.2.1.2.2.2.2.3.2.2.2.2.2.2.2.3.2.2.3.2",0.68527034531615,FALSE,TRUE,41
"2.3.2.2.1.2.2.2.2.3.2.2.2.2.2.2.2.3.2.2.2.3",0.656283819457351,FALSE,TRUE,41
"1.3.2.2.1.2.2.2.2.3.2.2.2.2.2.2.2.3.2.2.2.2",0.706901644287411,FALSE,TRUE,40
"2.3.2.1.1.2.2.2.2.3.2.2.2.2.2.2.2.3.2.2.2.2",0.602161445500474,FALSE,TRUE,40
"2.3.2.2.1.1.2.2.2.3.2.2.2.2.2.2.2.3.2.2.2.2",0.659306210928122,FALSE,TRUE,40
"2.3.2.2.1.2.1.2.2.3.2.2.2.2.2.2.2.3.2.2.2.2",0.64781689107663,FALSE,TRUE,40
"2.3.2.2.1.2.2.1.2.3.2.2.2.2.2.2.2.3.2.2.2.2",0.652866714271543,FALSE,TRUE,40
"2.3.2.2.1.2.2.2.2.2.2.2.2.2.2.2.2.3.2.2.2.2",0.698386472806902,FALSE,TRUE,40
"2.3.2.2.1.2.2.2.2.3.1.2.2.2.2.2.2.3.2.2.2.2",0.646876156354189,FALSE,TRUE,40
"2.3.2.2.1.2.2.2.2.3.2.1.2.2.2.2.2.3.2.2.2.2",0.664003569668984,FALSE,TRUE,40
"2.3.2.2.1.2.2.2.2.3.2.2.1.2.2.2.2.3.2.2.2.2",0.657296078592377,FALSE,TRUE,40
"2.3.2.2.1.2.2.2.2.3.2.2.2.1.2.2.2.3.2.2.2.2",0.687870859615255,FALSE,TRUE,40
"2.3.2.2.1.2.2.2.2.3.2.2.2.2.1.2.2.3.2.2.2.2",0.637384806862347,FALSE,TRUE,40
"2.3.2.2.1.2.2.2.2.3.2.2.2.2.2.1.2.3.2.2.2.2",0.697081704545232,FALSE,TRUE,40
"2.3.2.2.1.2.2.2.2.3.2.2.2.2.2.2.1.3.2.2.2.2",0.692327924925651,FALSE,TRUE,40
"2.3.2.2.1.2.2.2.2.3.2.2.2.2.2.2.2.2.2.2.2.2",0.734043770606746,FALSE,TRUE,41
"2.3.2.2.1.2.2.2.2.3.2.2.2.2.2.2.2.3.1.2.2.2",0.69300150220842,FALSE,TRUE,40
"2.3.2.2.1.2.2.2.2.3.2.2.2.2.2.2.2.3.2.1.2.2",0.628028269789899,FALSE,TRUE,40
"2.3.2.2.1.2.2.2.2.3.2.2.2.2.2.2.2.3.2.2.1.2",0.680725369178235,FALSE,TRUE,40
"2.3.2.2.1.2.2.2.2.3.2.2.2.2.2.2.2.3.2.2.2.1",0.706460506979407,FALSE,TRUE,40
"3.2.2.2.2.2.3.2.2.2.2.2.3.2.2.2.3.2.2.2.2.2",0.738680176070011,FALSE,TRUE,42
"2.3.2.2.2.2.3.2.2.2.2.2.3.2.2.2.3.2.2.2.2.2",0.767801995943725,FALSE,TRUE,42
"2.2.3.2.2.2.3.2.2.2.2.2.3.2.2.2.3.2.2.2.2.2",0.764088038689659,FALSE,TRUE,42
"2.2.2.3.2.2.3.2.2.2.2.2.3.2.2.2.3.2.2.2.2.2",0.773875560178674,FALSE,TRUE,42
"2.2.2.2.3.2.3.2.2.2.2.2.3.2.2.2.3.2.2.2.2.2",0.727438915749824,FALSE,TRUE,42
"2.2.2.2.2.2.4.2.2.2.2.2.3.2.2.2.3.2.2.2.2.2",0.72833300066232,FALSE,TRUE,43
"2.2.2.2.2.2.3.3.2.2.2.2.3.2.2.2.3.2.2.2.2.2",0.754656929941759,FALSE,TRUE,42
"2.2.2.2.2.2.3.2.3.2.2.2.3.2.2.2.3.2.2.2.2.2",0.735320736434575,FALSE,TRUE,42
"2.2.2.2.2.2.3.2.2.3.2.2.3.2.2.2.3.2.2.2.2.2",0.709935819222808,FALSE,TRUE,42
"2.2.2.2.2.2.3.2.2.2.3.2.3.2.2.2.3.2.2.2.2.2",0.712761953660284,FALSE,TRUE,42
"2.2.2.2.2.2.3.2.2.2.2.3.3.2.2.2.3.2.2.2.2.2",0.762710903575844,FALSE,TRUE,42
"2.2.2.2.2.2.3.2.2.2.2.2.4.2.2.2.3.2.2.2.2.2",0.716156259413996,FALSE,TRUE,42
"2.2.2.2.2.2.3.2.2.2.2.2.3.3.2.2.3.2.2.2.2.2",0.745606491328013,FALSE,TRUE,42
"2.2.2.2.2.2.3.2.2.2.2.2.3.2.3.2.3.2.2.2.2.2",0.717470118361993,FALSE,TRUE,42
"2.2.2.2.2.2.3.2.2.2.2.2.3.2.2.3.3.2.2.2.2.2",0.754295605582115,FALSE,TRUE,41
"2.2.2.2.2.2.3.2.2.2.2.2.3.2.2.2.4.2.2.2.2.2",0.738304492422033,FALSE,TRUE,42
"2.2.2.2.2.2.3.2.2.2.2.2.3.2.2.2.3.3.2.2.2.2",0.719851928449747,FALSE,TRUE,41
"2.2.2.2.2.2.3.2.2.2.2.2.3.2.2.2.3.2.3.2.2.2",0.708368659199716,FALSE,TRUE,42
"2.2.2.2.2.2.3.2.2.2.2.2.3.2.2.2.3.2.2.3.2.2",0.77997662472295,FALSE,TRUE,42
"2.2.2.2.2.2.3.2.2.2.2.2.3.2.2.2.3.2.2.2.3.2",0.751943549199251,FALSE,TRUE,42
"2.2.2.2.2.2.3.2.2.2.2.2.3.2.2.2.3.2.2.2.2.3",0.695913745599648,FALSE,TRUE,42
"1.2.2.2.2.2.3.2.2.2.2.2.3.2.2.2.3.2.2.2.2.2",0.719267694312233,FALSE,TRUE,41
"2.1.2.2.2.2.3.2.2.2.2.2.3.2.2.2.3.2.2.2.2.2",0.688478385816265,FALSE,TRUE,41
"2.2.1.2.2.2.3.2.2.2.2.2.3.2.2.2.3.2.2.2.2.2",0.65823708572455,FALSE,TRUE,41
"2.2.2.1.2.2.3.2.2.2.2.2.3.2.2.2.3.2.2.2.2.2",0.677121964161802,FALSE,TRUE,41
"2.2.2.2.1.2.3.2.2.2.2.2.3.2.2.2.3.2.2.2.2.2",0.736021046164203,FALSE,TRUE,41
"2.2.2.2.2.1.3.2.2.2.2.2.3.2.2.2.3.2.2.2.2.2",0.686733305049458,FALSE,TRUE,41
"2.2.2.2.2.2.3.1.2.2.2.2.3.2.2.2.3.2.2.2.2.2",0.716355211549694,FALSE,TRUE,41
"2.2.2.2.2.2.3.2.1.2.2.2.3.2.2.2.3.2.2.2.2.2",0.701016340271274,FALSE,TRUE,41
"2.2.2.2.2.2.3.2.2.1.2.2.3.2.2.2.3.2.2.2.2.2",0.734516805512176,FALSE,TRUE,41
"2.2.2.2.2.2.3.2.2.2.1.2.3.2.2.2.3.2.2.2.2.2",0.750289297101956,FALSE,TRUE,41
"2.2.2.2.2.2.3.2.2.2.2.1.3.2.2.2.3.2.2.2.2.2",0.73275998197257,FALSE,TRUE,41
"2.2.2.2.2.2.3.2.2.2.2.2.3.1.2.2.3.2.2.2.2.2",0.705173830810424,FALSE,TRUE,41
"2.2.2.2.2.2.3.2.2.2.2.2.3.2.1.2.3.2.2.2.2.2",0.725486848917678,FALSE,TRUE,41
"2.2.2.2.2.2.3.2.2.2.2.2.3.2.2.1.3.2.2.2.2.2",0.706543753570897,FALSE,TRUE,41
"2.2.2.2.2.2.3.2.2.2.2.2.3.2.2.2.2.2.2.2.2.2",0.73325251010164,FALSE,TRUE,41
"2.2.2.2.2.2.3.2.2.2.2.2.3.2.2.2.3.1.2.2.2.2",0.73141647031557,FALSE,TRUE,41
"2.2.2.2.2.2.3.2.2.2.2.2.3.2.2.2.3.2.1.2.2.2",0.719895402191702,FALSE,TRUE,40
"2.2.2.2.2.2.3.2.2.2.2.2.3.2.2.2.3.2.2.1.2.2",0.676001029226019,FALSE,TRUE,41
"2.2.2.2.2.2.3.2.2.2.2.2.3.2.2.2.3.2.2.2.1.2",0.719685810725389,FALSE,TRUE,41
"2.2.2.2.2.2.3.2.2.2.2.2.3.2.2.2.3.2.2.2.2.1",0.766751117439319,FALSE,TRUE,41
"3.2.2.2.2.2.2.1.2.2.2.2.2.1.2.2.2.1.2.2.2.2",0.485916893395993,FALSE,TRUE,39
"2.3.2.2.2.2.2.1.2.2.2.2.2.1.2.2.2.1.2.2.2.2",0.59456832981573,FALSE,TRUE,39
"2.2.3.2.2.2.2.1.2.2.2.2.2.1.2.2.2.1.2.2.2.2",0.600255948887937,FALSE,TRUE,39
"2.2.2.3.2.2.2.1.2.2.2.2.2.1.2.2.2.1.2.2.2.2",0.565847311992364,FALSE,TRUE,39
"2.2.2.2.3.2.2.1.2.2.2.2.2.1.2.2.2.1.2.2.2.2",0.478362901749332,FALSE,TRUE,39
"2.2.2.2.2.3.2.1.2.2.2.2.2.1.2.2.2.1.2.2.2.2",0.516427455009121,FALSE,TRUE,37
"2.2.2.2.2.2.3.1.2.2.2.2.2.1.2.2.2.1.2.2.2.2",0.572749868433053,FALSE,TRUE,39
"2.2.2.2.2.2.2.1.3.2.2.2.2.1.2.2.2.1.2.2.2.2",0.585928756658921,FALSE,TRUE,39
"2.2.2.2.2.2.2.1.2.3.2.2.2.1.2.2.2.1.2.2.2.2",0.557188687425541,FALSE,TRUE,39
"2.2.2.2.2.2.2.1.2.2.3.2.2.1.2.2.2.1.2.2.2.2",0.50255527986231,FALSE,TRUE,39
"2.2.2.2.2.2.2.1.2.2.2.3.2.1.2.2.2.1.2.2.2.2",0.539765755209492,FALSE,TRUE,39
"2.2.2.2.2.2.2.1.2.2.2.2.3.1.2.2.2.1.2.2.2.2",0.549131349853251,FALSE,TRUE,39
"2.2.2.2.2.2.2.1.2.2.2.2.2.1.3.2.2.1.2.2.2.2",0.491038703224239,FALSE,TRUE,38
"2.2.2.2.2.2.2.1.2.2.2.2.2.1.2.3.2.1.2.2.2.2",0.53569004805047,FALSE,TRUE,39
"2.2.2.2.2.2.2.1.2.2.2.2.2.1.2.2.3.1.2.2.2.2",0.541942362112648,FALSE,TRUE,39
"2.2.2.2.2.2.2.1.2.2.2.2.2.1.2.2.2.2.2.2.2.2",0.560481267039336,FALSE,TRUE,38
"2.2.2.2.2.2.2.1.2.2.2.2.2.1.2.2.2.1.3.2.2.2",0.53260952784301,FALSE,TRUE,39
"2.2.2.2.2.2.2.1.2.2.2.2.2.1.2.2.2.1.2.3.2.2",0.599542664430827,FALSE,TRUE,39
"2.2.2.2.2.2.2.1.2.2.2.2.2.1.2.2.2.1.2.2.3.2",0.529675936374011,FALSE,TRUE,39
"2.2.2.2.2.2.2.1.2.2.2.2.2.1.2.2.2.1.2.2.2.3",0.40221041161058,FALSE,TRUE,39
"1.2.2.2.2.2.2.1.2.2.2.2.2.1.2.2.2.1.2.2.2.2",0.489567070834186,FALSE,TRUE,38
"2.1.2.2.2.2.2.1.2.2.2.2.2.1.2.2.2.1.2.2.2.2",0.383220234822332,FALSE,TRUE,37
"2.2.1.2.2.2.2.1.2.2.2.2.2.1.2.2.2.1.2.2.2.2",0.354716537295968,FALSE,TRUE,38
"2.2.2.1.2.2.2.1.2.2.2.2.2.1.2.2.2.1.2.2.2.2",0.411592152438715,FALSE,TRUE,38
"2.2.2.2.1.2.2.1.2.2.2.2.2.1.2.2.2.1.2.2.2.2",0.508357972526735,FALSE,TRUE,38
"2.2.2.2.2.1.2.1.2.2.2.2.2.1.2.2.2.1.2.2.2.2",0.453719565801312,FALSE,TRUE,38
"2.2.2.2.2.2.1.1.2.2.2.2.2.1.2.2.2.1.2.2.2.2",0.394415879750799,FALSE,TRUE,38
"2.2.2.2.2.2.2.1.1.2.2.2.2.1.2.2.2.1.2.2.2.2",0.37380805675327,FALSE,TRUE,38
"2.2.2.2.2.2.2.1.2.1.2.2.2.1.2.2.2.1.2.2.2.2",0.408146598365862,FALSE,TRUE,38
"2.2.2.2.2.2.2.1.2.2.1.2.2.1.2.2.2.1.2.2.2.2",0.477323939287645,FALSE,TRUE,38
"2.2.2.2.2.2.2.1.2.2.2.1.2.1.2.2.2.1.2.2.2.2",0.467708685475551,FALSE,TRUE,38
"2.2.2.2.2.2.2.1.2.2.2.2.1.1.2.2.2.1.2.2.2.2",0.420354887268554,FALSE,TRUE,38
"2.2.2.2.2.2.2.1.2.2.2.2.2.1.1.2.2.1.2.2.2.2",0.478390594774425,FALSE,TRUE,38
"2.2.2.2.2.2.2.1.2.2.2.2.2.1.2.1.2.1.2.2.2.2",0.444455331188938,FALSE,TRUE,38
"2.2.2.2.2.2.2.1.2.2.2.2.2.1.2.2.1.1.2.2.2.2",0.445391800531308,FALSE,TRUE,38
"2.2.2.2.2.2.2.1.2.2.2.2.2.1.2.2.2.1.1.2.2.2",0.426802084936177,FALSE,TRUE,38
"2.2.2.2.2.2.2.1.2.2.2.2.2.1.2.2.2.1.2.1.2.2",0.385824234797523,FALSE,TRUE,38
"2.2.2.2.2.2.2.1.2.2.2.2.2.1.2.2.2.1.2.2.1.2",0.457032012319464,FALSE,TRUE,38
"2.2.2.2.2.2.2.1.2.2.2.2.2.1.2.2.2.1.2.2.2.1",0.581760170115503,FALSE,TRUE,38
"1.3.2.2.2.2.2.2.2.2.2.2.2.2.2.2.3.2.1.2.2.2",0.699213221832809,FALSE,TRUE,39
"1.2.3.2.2.2.2.2.2.2.2.2.2.2.2.2.3.2.1.2.2.2",0.71766689745583,FALSE,TRUE,39
"1.2.2.3.2.2.2.2.2.2.2.2.2.2.2.2.3.2.1.2.2.2",0.679010378166879,FALSE,TRUE,39
"1.2.2.2.3.2.2.2.2.2.2.2.2.2.2.2.3.2.1.2.2.2",0.625160195722576,FALSE,TRUE,39
"1.2.2.2.2.3.2.2.2.2.2.2.2.2.2.2.3.2.1.2.2.2",0.686435116732453,FALSE,TRUE,39
"1.2.2.2.2.2.3.2.2.2.2.2.2.2.2.2.3.2.1.2.2.2",0.685968178495076,FALSE,TRUE,39
"1.2.2.2.2.2.2.3.2.2.2.2.2.2.2.2.3.2.1.2.2.2",0.678853503663602,FALSE,TRUE,39
"1.2.2.2.2.2.2.2.3.2.2.2.2.2.2.2.3.2.1.2.2.2",0.73313975371887,FALSE,TRUE,39
"1.2.2.2.2.2.2.2.2.3.2.2.2.2.2.2.3.2.1.2.2.2",0.680918002004748,FALSE,TRUE,39
"1.2.2.2.2.2.2.2.2.2.3.2.2.2.2.2.3.2.1.2.2.2",0.640097901053606,FALSE,TRUE,39
"1.2.2.2.2.2.2.2.2.2.2.3.2.2.2.2.3.2.1.2.2.2",0.674883412801808,FALSE,TRUE,39
"1.2.2.2.2.2.2.2.2.2.2.2.3.2.2.2.3.2.1.2.2.2",0.665412658059542,FALSE,TRUE,38
"1.2.2.2.2.2.2.2.2.2.2.2.2.3.2.2.3.2.1.2.2.2",0.714227089684436,FALSE,TRUE,39
"1.2.2.2.2.2.2.2.2.2.2.2.2.2.3.2.3.2.1.2.2.2",0.658654515513826,FALSE,TRUE,39
"1.2.2.2.2.2.2.2.2.2.2.2.2.2.2.3.3.2.1.2.2.2",0.694185107658342,FALSE,TRUE,38
"1.2.2.2.2.2.2.2.2.2.2.2.2.2.2.2.4.2.1.2.2.2",0.673287411686827,FALSE,TRUE,39
"1.2.2.2.2.2.2.2.2.2.2.2.2.2.2.2.3.3.1.2.2.2",0.669333476408083,FALSE,TRUE,38
"1.2.2.2.2.2.2.2.2.2.2.2.2.2.2.2.3.2.1.3.2.2",0.684252668181154,FALSE,TRUE,39
"1.2.2.2.2.2.2.2.2.2.2.2.2.2.2.2.3.2.1.2.3.2",0.667898137876902,FALSE,TRUE,39
"1.2.2.2.2.2.2.2.2.2.2.2.2.2.2.2.3.2.1.2.2.3",0.59301472300514,FALSE,TRUE,40
"1.1.2.2.2.2.2.2.2.2.2.2.2.2.2.2.3.2.1.2.2.2",0.578535223738618,FALSE,TRUE,38
"1.2.1.2.2.2.2.2.2.2.2.2.2.2.2.2.3.2.1.2.2.2",0.533168420060802,FALSE,TRUE,38
"1.2.2.1.2.2.2.2.2.2.2.2.2.2.2.2.3.2.1.2.2.2",0.590404116320483,FALSE,TRUE,38
"1.2.2.2.1.2.2.2.2.2.2.2.2.2.2.2.3.2.1.2.2.2",0.659268387076325,FALSE,TRUE,38
"1.2.2.2.2.1.2.2.2.2.2.2.2.2.2.2.3.2.1.2.2.2",0.581940727479038,FALSE,TRUE,38
"1.2.2.2.2.2.1.2.2.2.2.2.2.2.2.2.3.2.1.2.2.2",0.582113320796336,FALSE,TRUE,38
"1.2.2.2.2.2.2.1.2.2.2.2.2.2.2.2.3.2.1.2.2.2",0.613280697753681,FALSE,TRUE,38
"1.2.2.2.2.2.2.2.1.2.2.2.2.2.2.2.3.2.1.2.2.2",0.531965018366538,FALSE,TRUE,38
"1.2.2.2.2.2.2.2.2.1.2.2.2.2.2.2.3.2.1.2.2.2",0.588449963644969,FALSE,TRUE,38
"1.2.2.2.2.2.2.2.2.2.1.2.2.2.2.2.3.2.1.2.2.2",0.643063166452215,FALSE,TRUE,38
"1.2.2.2.2.2.2.2.2.2.2.1.2.2.2.2.3.2.1.2.2.2",0.639681530785268,FALSE,TRUE,38
"1.2.2.2.2.2.2.2.2.2.2.2.1.2.2.2.3.2.1.2.2.2",0.605908400110205,FALSE,TRUE,38
"1.2.2.2.2.2.2.2.2.2.2.2.2.1.2.2.3.2.1.2.2.2",0.561741798658226,FALSE,TRUE,38
"1.2.2.2.2.2.2.2.2.2.2.2.2.2.1.2.3.2.1.2.2.2",0.607709236024497,FALSE,TRUE,38
"1.2.2.2.2.2.2.2.2.2.2.2.2.2.2.1.3.2.1.2.2.2",0.590568596069558,FALSE,TRUE,38
"1.2.2.2.2.2.2.2.2.2.2.2.2.2.2.2.2.2.1.2.2.2",0.618743323988449,FALSE,TRUE,38
"1.2.2.2.2.2.2.2.2.2.2.2.2.2.2.2.3.1.1.2.2.2",0.605079668137391,FALSE,TRUE,38
"1.2.2.2.2.2.2.2.2.2.2.2.2.2.2.2.3.2.1.1.2.2",0.591389434370583,FALSE,TRUE,38
"1.2.2.2.2.2.2.2.2.2.2.2.2.2.2.2.3.2.1.2.1.2",0.623685656299864,FALSE,TRUE,38
"3.3.2.3.2.2.2.2.2.2.2.2.2.2.2.2.3.3.2.2.2.1",0.75117006001363,FALSE,TRUE,40
"2.4.2.3.2.2.2.2.2.2.2.2.2.2.2.2.3.3.2.2.2.1",0.74206133304945,FALSE,TRUE,41
"2.3.3.3.2.2.2.2.2.2.2.2.2.2.2.2.3.3.2.2.2.1",0.757263655657202,FALSE,TRUE,41
"2.3.2.4.2.2.2.2.2.2.2.2.2.2.2.2.3.3.2.2.2.1",0.751430583983421,FALSE,TRUE,41
"2.3.2.3.3.2.2.2.2.2.2.2.2.2.2.2.3.3.2.2.2.1",0.775756887428036,FALSE,TRUE,41
"2.3.2.3.2.3.2.2.2.2.2.2.2.2.2.2.3.3.2.2.2.1",0.724305861791422,FALSE,TRUE,41
"2.3.2.3.2.2.2.3.2.2.2.2.2.2.2.2.3.3.2.2.2.1",0.7594789182764,FALSE,TRUE,41
"2.3.2.3.2.2.2.2.3.2.2.2.2.2.2.2.3.3.2.2.2.1",0.755050805708485,FALSE,TRUE,41
"2.3.2.3.2.2.2.2.2.3.2.2.2.2.2.2.3.3.2.2.2.1",0.739612300503944,FALSE,TRUE,41
"2.3.2.3.2.2.2.2.2.2.3.2.2.2.2.2.3.3.2.2.2.1",0.773125311014294,FALSE,TRUE,41
"2.3.2.3.2.2.2.2.2.2.2.3.2.2.2.2.3.3.2.2.2.1",0.792907238024273,FALSE,TRUE,41
"2.3.2.3.2.2.2.2.2.2.2.2.3.2.2.2.3.3.2.2.2.1",0.73631207598524,FALSE,TRUE,41
"2.3.2.3.2.2.2.2.2.2.2.2.2.3.2.2.3.3.2.2.2.1",0.732571540636653,FALSE,TRUE,41
"2.3.2.3.2.2.2.2.2.2.2.2.2.2.3.2.3.3.2.2.2.1",0.803372955065073,FALSE,TRUE,41
"2.3.2.3.2.2.2.2.2.2.2.2.2.2.2.3.3.3.2.2.2.1",0.736012369287973,FALSE,TRUE,41
"2.3.2.3.2.2.2.2.2.2.2.2.2.2.2.2.4.3.2.2.2.1",0.7132413606462,FALSE,TRUE,41
"2.3.2.3.2.2.2.2.2.2.2.2.2.2.2.2.3.4.2.2.2.1",0.735592200241503,FALSE,TRUE,40
"2.3.2.3.2.2.2.2.2.2.2.2.2.2.2.2.3.3.3.2.2.1",0.72886583821957,FALSE,TRUE,41
"2.3.2.3.2.2.2.2.2.2.2.2.2.2.2.2.3.3.2.3.2.1",0.748856637416755,FALSE,TRUE,41
"2.3.2.3.2.2.2.2.2.2.2.2.2.2.2.2.3.3.2.2.3.1",0.773586069000551,FALSE,TRUE,41
"1.3.2.3.2.2.2.2.2.2.2.2.2.2.2.2.3.3.2.2.2.1",0.750721002995052,FALSE,TRUE,40
"2.3.1.3.2.2.2.2.2.2.2.2.2.2.2.2.3.3.2.2.2.1",0.706994904620096,FALSE,TRUE,40
"2.3.2.2.2.2.2.2.2.2.2.2.2.2.2.2.3.3.2.2.2.1",0.746680100662297,FALSE,TRUE,39
"2.3.2.3.1.2.2.2.2.2.2.2.2.2.2.2.3.3.2.2.2.1",0.735184788717614,FALSE,TRUE,40
"2.3.2.3.2.1.2.2.2.2.2.2.2.2.2.2.3.3.2.2.2.1",0.769200229081638,FALSE,TRUE,40
"2.3.2.3.2.2.1.2.2.2.2.2.2.2.2.2.3.3.2.2.2.1",0.714426401432565,FALSE,TRUE,40
"2.3.2.3.2.2.2.1.2.2.2.2.2.2.2.2.3.3.2.2.2.1",0.757521759260277,FALSE,TRUE,40
"2.3.2.3.2.2.2.2.1.2.2.2.2.2.2.2.3.3.2.2.2.1",0.72572952063706,FALSE,TRUE,40
"2.3.2.3.2.2.2.2.2.1.2.2.2.2.2.2.3.3.2.2.2.1",0.75152563178084,FALSE,TRUE,40
"2.3.2.3.2.2.2.2.2.2.1.2.2.2.2.2.3.3.2.2.2.1",0.737256472604825,FALSE,TRUE,40
"2.3.2.3.2.2.2.2.2.2.2.1.2.2.2.2.3.3.2.2.2.1",0.747171027992644,FALSE,TRUE,40
"2.3.2.3.2.2.2.2.2.2.2.2.1.2.2.2.3.3.2.2.2.1",0.7567944021726,FALSE,TRUE,40
"2.3.2.3.2.2.2.2.2.2.2.2.2.1.2.2.3.3.2.2.2.1",0.765328533433835,FALSE,TRUE,40
"2.3.2.3.2.2.2.2.2.2.2.2.2.2.1.2.3.3.2.2.2.1",0.688493926819624,FALSE,TRUE,40
"2.3.2.3.2.2.2.2.2.2.2.2.2.2.2.1.3.3.2.2.2.1",0.771841918217061,FALSE,TRUE,40
"2.3.2.3.2.2.2.2.2.2.2.2.2.2.2.2.2.3.2.2.2.1",0.803157102373923,FALSE,TRUE,41
"2.3.2.3.2.2.2.2.2.2.2.2.2.2.2.2.3.2.2.2.2.1",0.764572268777316,FALSE,TRUE,41
"2.3.2.3.2.2.2.2.2.2.2.2.2.2.2.2.3.3.1.2.2.1",0.74576272026562,FALSE,TRUE,40
"2.3.2.3.2.2.2.2.2.2.2.2.2.2.2.2.3.3.2.1.2.1",0.747449702391587,FALSE,TRUE,40
"2.3.2.3.2.2.2.2.2.2.2.2.2.2.2.2.3.3.2.2.1.1",0.74294457256353,FALSE,TRUE,40
"3.2.2.2.1.2.2.2.1.4.2.2.2.2.2.2.2.3.2.2.2.2",0.548917428192839,FALSE,TRUE,40
"2.3.2.2.1.2.2.2.1.4.2.2.2.2.2.2.2.3.2.2.2.2",0.64741829814979,FALSE,TRUE,39
"2.2.3.2.1.2.2.2.1.4.2.2.2.2.2.2.2.3.2.2.2.2",0.701606634132446,FALSE,TRUE,40
"2.2.2.3.1.2.2.2.1.4.2.2.2.2.2.2.2.3.2.2.2.2",0.662180656992485,FALSE,TRUE,40
"2.2.2.2.2.2.2.2.1.4.2.2.2.2.2.2.2.3.2.2.2.2",0.632935534519543,FALSE,TRUE,40
"2.2.2.2.1.3.2.2.1.4.2.2.2.2.2.2.2.3.2.2.2.2",0.595743449528306,FALSE,TRUE,40
"2.2.2.2.1.2.3.2.1.4.2.2.2.2.2.2.2.3.2.2.2.2",0.59259750431121,FALSE,TRUE,40
"2.2.2.2.1.2.2.3.1.4.2.2.2.2.2.2.2.3.2.2.2.2",0.628918274754792,FALSE,TRUE,40
"2.2.2.2.1.2.2.2.1.5.2.2.2.2.2.2.2.3.2.2.2.2",0.529279188685302,FALSE,TRUE,41
"2.2.2.2.1.2.2.2.1.4.3.2.2.2.2.2.2.3.2.2.2.2",0.601213265862081,FALSE,TRUE,40
"2.2.2.2.1.2.2.2.1.4.2.3.2.2.2.2.2.3.2.2.2.2",0.620816029476305,FALSE,TRUE,40
"2.2.2.2.1.2.2.2.1.4.2.2.3.2.2.2.2.3.2.2.2.2",0.59183063288594,FALSE,TRUE,40
"2.2.2.2.1.2.2.2.1.4.2.2.2.3.2.2.2.3.2.2.2.2",0.555514304322651,FALSE,TRUE,40
"2.2.2.2.1.2.2.2.1.4.2.2.2.2.3.2.2.3.2.2.2.2",0.603778161480826,FALSE,TRUE,39
"2.2.2.2.1.2.2.2.1.4.2.2.2.2.2.3.2.3.2.2.2.2",0.567171012653135,FALSE,TRUE,40
"2.2.2.2.1.2.2.2.1.4.2.2.2.2.2.2.3.3.2.2.2.2",0.567057967521797,FALSE,TRUE,40
"2.2.2.2.1.2.2.2.1.4.2.2.2.2.2.2.2.4.2.2.2.2",0.501633601966036,FALSE,TRUE,40
"2.2.2.2.1.2.2.2.1.4.2.2.2.2.2.2.2.3.3.2.2.2",0.540154500614613,FALSE,TRUE,40
"2.2.2.2.1.2.2.2.1.4.2.2.2.2.2.2.2.3.2.3.2.2",0.632647479975732,FALSE,TRUE,40
"2.2.2.2.1.2.2.2.1.4.2.2.2.2.2.2.2.3.2.2.3.2",0.570153557266518,FALSE,TRUE,40
"2.2.2.2.1.2.2.2.1.4.2.2.2.2.2.2.2.3.2.2.2.3",0.526680826430447,FALSE,TRUE,40
"1.2.2.2.1.2.2.2.1.4.2.2.2.2.2.2.2.3.2.2.2.2",0.581254907882282,FALSE,TRUE,39
"2.1.2.2.1.2.2.2.1.4.2.2.2.2.2.2.2.3.2.2.2.2",0.481901247625333,FALSE,TRUE,39
"2.2.1.2.1.2.2.2.1.4.2.2.2.2.2.2.2.3.2.2.2.2",0.412297820840702,FALSE,TRUE,38
"2.2.2.1.1.2.2.2.1.4.2.2.2.2.2.2.2.3.2.2.2.2",0.470922878625151,FALSE,TRUE,39
"2.2.2.2.1.1.2.2.1.4.2.2.2.2.2.2.2.3.2.2.2.2",0.521913414435311,FALSE,TRUE,39
"2.2.2.2.1.2.1.2.1.4.2.2.2.2.2.2.2.3.2.2.2.2",0.523138941922634,FALSE,TRUE,39
"2.2.2.2.1.2.2.1.1.4.2.2.2.2.2.2.2.3.2.2.2.2",0.514474752367147,FALSE,TRUE,38
"2.2.2.2.1.2.2.2.1.4.1.2.2.2.2.2.2.3.2.2.2.2",0.533845821691069,FALSE,TRUE,39
"2.2.2.2.1.2.2.2.1.4.2.1.2.2.2.2.2.3.2.2.2.2",0.5373826362982,FALSE,TRUE,39
"2.2.2.2.1.2.2.2.1.4.2.2.1.2.2.2.2.3.2.2.2.2",0.532330601120827,FALSE,TRUE,39
"2.2.2.2.1.2.2.2.1.4.2.2.2.1.2.2.2.3.2.2.2.2",0.566103028036468,FALSE,TRUE,39
"2.2.2.2.1.2.2.2.1.4.2.2.2.2.1.2.2.3.2.2.2.2",0.509591162496322,FALSE,TRUE,38
"2.2.2.2.1.2.2.2.1.4.2.2.2.2.2.1.2.3.2.2.2.2",0.563840844537492,FALSE,TRUE,39
"2.2.2.2.1.2.2.2.1.4.2.2.2.2.2.2.1.3.2.2.2.2",0.57417848721225,FALSE,TRUE,39
"2.2.2.2.1.2.2.2.1.4.2.2.2.2.2.2.2.2.2.2.2.2",0.622485257396146,FALSE,TRUE,40
"2.2.2.2.1.2.2.2.1.4.2.2.2.2.2.2.2.3.1.2.2.2",0.56922213005523,FALSE,TRUE,39
"2.2.2.2.1.2.2.2.1.4.2.2.2.2.2.2.2.3.2.1.2.2",0.501504802758442,FALSE,TRUE,39
"2.2.2.2.1.2.2.2.1.4.2.2.2.2.2.2.2.3.2.2.1.2",0.570395915377263,FALSE,TRUE,39
"2.2.2.2.1.2.2.2.1.4.2.2.2.2.2.2.2.3.2.2.2.1",0.611304415088256,FALSE,TRUE,39
"3.2.2.2.2.3.2.1.2.2.2.2.2.2.2.2.2.2.2.2.2.2",0.597755086086161,FALSE,TRUE,41
"2.3.2.2.2.3.2.1.2.2.2.2.2.2.2.2.2.2.2.2.2.2",0.708636973602326,FALSE,TRUE,40
"2.2.3.2.2.3.2.1.2.2.2.2.2.2.2.2.2.2.2.2.2.2",0.701505182482371,FALSE,TRUE,41
"2.2.2.3.2.3.2.1.2.2.2.2.2.2.2.2.2.2.2.2.2.2",0.688578521715063,FALSE,TRUE,41
"2.2.2.2.3.3.2.1.2.2.2.2.2.2.2.2.2.2.2.2.2.2",0.625008868127762,FALSE,TRUE,41
"2.2.2.2.2.4.2.1.2.2.2.2.2.2.2.2.2.2.2.2.2.2",0.631722633835077,FALSE,TRUE,41
"2.2.2.2.2.3.3.1.2.2.2.2.2.2.2.2.2.2.2.2.2.2",0.695255343945512,FALSE,TRUE,41
"2.2.2.2.2.3.2.1.3.2.2.2.2.2.2.2.2.2.2.2.2.2",0.679706379190279,FALSE,TRUE,41
"2.2.2.2.2.3.2.1.2.3.2.2.2.2.2.2.2.2.2.2.2.2",0.655296385078088,FALSE,TRUE,41
"2.2.2.2.2.3.2.1.2.2.2.3.2.2.2.2.2.2.2.2.2.2",0.663880832161628,FALSE,TRUE,41
"2.2.2.2.2.3.2.1.2.2.2.2.3.2.2.2.2.2.2.2.2.2",0.690369701261931,FALSE,TRUE,40
"2.2.2.2.2.3.2.1.2.2.2.2.2.3.2.2.2.2.2.2.2.2",0.668538851060489,FALSE,TRUE,41
"2.2.2.2.2.3.2.1.2.2.2.2.2.2.3.2.2.2.2.2.2.2",0.610732081017454,FALSE,TRUE,41
"2.2.2.2.2.3.2.1.2.2.2.2.2.2.2.3.2.2.2.2.2.2",0.63415006552602,FALSE,TRUE,41
"2.2.2.2.2.3.2.1.2.2.2.2.2.2.2.2.3.2.2.2.2.2",0.663867483644785,FALSE,TRUE,39
"2.2.2.2.2.3.2.1.2.2.2.2.2.2.2.2.2.3.2.2.2.2",0.63789613520019,FALSE,TRUE,40
"2.2.2.2.2.3.2.1.2.2.2.2.2.2.2.2.2.2.3.2.2.2",0.605260996135276,FALSE,TRUE,41
"2.2.2.2.2.3.2.1.2.2.2.2.2.2.2.2.2.2.2.3.2.2",0.707427916226007,FALSE,TRUE,41
"2.2.2.2.2.3.2.1.2.2.2.2.2.2.2.2.2.2.2.2.3.2",0.638883189225462,FALSE,TRUE,41
"2.2.2.2.2.3.2.1.2.2.2.2.2.2.2.2.2.2.2.2.2.3",0.54748542229853,FALSE,TRUE,40
"1.2.2.2.2.3.2.1.2.2.2.2.2.2.2.2.2.2.2.2.2.2",0.653649199142984,FALSE,TRUE,40
"2.1.2.2.2.3.2.1.2.2.2.2.2.2.2.2.2.2.2.2.2.2",0.545835655526162,FALSE,TRUE,40
"2.2.1.2.2.3.2.1.2.2.2.2.2.2.2.2.2.2.2.2.2.2",0.523446137694321,FALSE,TRUE,40
"2.2.2.1.2.3.2.1.2.2.2.2.2.2.2.2.2.2.2.2.2.2",0.564630166774878,FALSE,TRUE,40
"2.2.2.2.1.3.2.1.2.2.2.2.2.2.2.2.2.2.2.2.2.2",0.635046572769998,FALSE,TRUE,40
"2.2.2.2.2.3.1.1.2.2.2.2.2.2.2.2.2.2.2.2.2.2",0.548519183108573,FALSE,TRUE,40
"2.2.2.2.2.3.2.1.1.2.2.2.2.2.2.2.2.2.2.2.2.2",0.551132873562478,FALSE,TRUE,40
"2.2.2.2.2.3.2.1.2.1.2.2.2.2.2.2.2.2.2.2.2.2",0.583962615116735,FALSE,TRUE,40
"2.2.2.2.2.3.2.1.2.2.1.2.2.2.2.2.2.2.2.2.2.2",0.624212232792702,FALSE,TRUE,40
"2.2.2.2.2.3.2.1.2.2.2.1.2.2.2.2.2.2.2.2.2.2",0.623798335642393,FALSE,TRUE,40
"2.2.2.2.2.3.2.1.2.2.2.2.1.2.2.2.2.2.2.2.2.2",0.554159948936967,FALSE,TRUE,40
"2.2.2.2.2.3.2.1.2.2.2.2.2.1.2.2.2.2.2.2.2.2",0.57563511923933,FALSE,TRUE,38
"2.2.2.2.2.3.2.1.2.2.2.2.2.2.1.2.2.2.2.2.2.2",0.633865275138689,FALSE,TRUE,40
"2.2.2.2.2.3.2.1.2.2.2.2.2.2.2.1.2.2.2.2.2.2",0.618809487020958,FALSE,TRUE,40
"2.2.2.2.2.3.2.1.2.2.2.2.2.2.2.2.1.2.2.2.2.2",0.598084342063712,FALSE,TRUE,40
"2.2.2.2.2.3.2.1.2.2.2.2.2.2.2.2.2.1.2.2.2.2",0.61015861932079,FALSE,TRUE,38
"2.2.2.2.2.3.2.1.2.2.2.2.2.2.2.2.2.2.1.2.2.2",0.620909853901434,FALSE,TRUE,40
"2.2.2.2.2.3.2.1.2.2.2.2.2.2.2.2.2.2.2.1.2.2",0.548811319322356,FALSE,TRUE,40
"2.2.2.2.2.3.2.1.2.2.2.2.2.2.2.2.2.2.2.2.1.2",0.62786226146518,FALSE,TRUE,40
"2.2.2.2.2.3.2.1.2.2.2.2.2.2.2.2.2.2.2.2.2.1",0.713005214559772,FALSE,TRUE,40
"3.3.2.2.2.3.2.2.2.2.3.2.2.2.2.2.2.2.2.2.2.2",0.702750460948505,FALSE,TRUE,41
"2.4.2.2.2.3.2.2.2.2.3.2.2.2.2.2.2.2.2.2.2.2",0.759639979257072,FALSE,TRUE,42
"2.3.3.2.2.3.2.2.2.2.3.2.2.2.2.2.2.2.2.2.2.2",0.730195903657223,FALSE,TRUE,41
"2.3.2.3.2.3.2.2.2.2.3.2.2.2.2.2.2.2.2.2.2.2",0.755206083763488,FALSE,TRUE,41
"2.3.2.2.3.3.2.2.2.2.3.2.2.2.2.2.2.2.2.2.2.2",0.712816463500788,FALSE,TRUE,41
"2.3.2.2.2.4.2.2.2.2.3.2.2.2.2.2.2.2.2.2.2.2",0.677663721842086,FALSE,TRUE,41
"2.3.2.2.2.3.3.2.2.2.3.2.2.2.2.2.2.2.2.2.2.2",0.777216038249454,FALSE,TRUE,41
"2.3.2.2.2.3.2.3.2.2.3.2.2.2.2.2.2.2.2.2.2.2",0.731227184688295,FALSE,TRUE,41
"2.3.2.2.2.3.2.2.3.2.3.2.2.2.2.2.2.2.2.2.2.2",0.728917020393866,FALSE,TRUE,41
"2.3.2.2.2.3.2.2.2.3.3.2.2.2.2.2.2.2.2.2.2.2",0.744812132827568,FALSE,TRUE,41
"2.3.2.2.2.3.2.2.2.2.4.2.2.2.2.2.2.2.2.2.2.2",0.708480281435027,FALSE,TRUE,41
"2.3.2.2.2.3.2.2.2.2.3.3.2.2.2.2.2.2.2.2.2.2",0.764421059125505,FALSE,TRUE,41
"2.3.2.2.2.3.2.2.2.2.3.2.3.2.2.2.2.2.2.2.2.2",0.732175029181757,FALSE,TRUE,41
"2.3.2.2.2.3.2.2.2.2.3.2.2.3.2.2.2.2.2.2.2.2",0.73606890515128,FALSE,TRUE,41
"2.3.2.2.2.3.2.2.2.2.3.2.2.2.3.2.2.2.2.2.2.2",0.716461520410224,FALSE,TRUE,41
"2.3.2.2.2.3.2.2.2.2.3.2.2.2.2.3.2.2.2.2.2.2",0.712845980640479,FALSE,TRUE,42
"2.3.2.2.2.3.2.2.2.2.3.2.2.2.2.2.3.2.2.2.2.2",0.708716573134667,FALSE,TRUE,41
"2.3.2.2.2.3.2.2.2.2.3.2.2.2.2.2.2.3.2.2.2.2",0.742868678061805,FALSE,TRUE,41
"2.3.2.2.2.3.2.2.2.2.3.2.2.2.2.2.2.2.3.2.2.2",0.675442196328052,FALSE,TRUE,41
"2.3.2.2.2.3.2.2.2.2.3.2.2.2.2.2.2.2.2.3.2.2",0.80150321718258,FALSE,TRUE,41
"2.3.2.2.2.3.2.2.2.2.3.2.2.2.2.2.2.2.2.2.3.2",0.768127069313392,FALSE,TRUE,41
"2.3.2.2.2.3.2.2.2.2.3.2.2.2.2.2.2.2.2.2.2.3",0.677539167405033,FALSE,TRUE,39
"1.3.2.2.2.3.2.2.2.2.3.2.2.2.2.2.2.2.2.2.2.2",0.725361815935464,FALSE,TRUE,40
"2.3.1.2.2.3.2.2.2.2.3.2.2.2.2.2.2.2.2.2.2.2",0.664995693157356,FALSE,TRUE,40
"2.3.2.1.2.3.2.2.2.2.3.2.2.2.2.2.2.2.2.2.2.2",0.673998773347751,FALSE,TRUE,40
"2.3.2.2.1.3.2.2.2.2.3.2.2.2.2.2.2.2.2.2.2.2",0.723453509608069,FALSE,TRUE,40
"2.3.2.2.2.2.2.2.2.2.3.2.2.2.2.2.2.2.2.2.2.2",0.752201579428523,FALSE,TRUE,39
"2.3.2.2.2.3.1.2.2.2.3.2.2.2.2.2.2.2.2.2.2.2",0.643821598950652,FALSE,TRUE,40
"2.3.2.2.2.3.2.1.2.2.3.2.2.2.2.2.2.2.2.2.2.2",0.711458366379088,FALSE,TRUE,39
"2.3.2.2.2.3.2.2.1.2.3.2.2.2.2.2.2.2.2.2.2.2",0.677373418517059,FALSE,TRUE,40
"2.3.2.2.2.3.2.2.2.1.3.2.2.2.2.2.2.2.2.2.2.2",0.671598436088253,FALSE,TRUE,40
"2.3.2.2.2.3.2.2.2.2.3.1.2.2.2.2.2.2.2.2.2.2",0.701243087020241,FALSE,TRUE,40
"2.3.2.2.2.3.2.2.2.2.3.2.1.2.2.2.2.2.2.2.2.2",0.687807055817284,FALSE,TRUE,40
"2.3.2.2.2.3.2.2.2.2.3.2.2.1.2.2.2.2.2.2.2.2",0.685452618995335,FALSE,TRUE,40
"2.3.2.2.2.3.2.2.2.2.3.2.2.2.1.2.2.2.2.2.2.2",0.702903610249073,FALSE,TRUE,40
"2.3.2.2.2.3.2.2.2.2.3.2.2.2.2.2.1.2.2.2.2.2",0.729413520046785,FALSE,TRUE,40
"2.3.2.2.2.3.2.2.2.2.3.2.2.2.2.2.2.1.2.2.2.2",0.6822034578601,FALSE,TRUE,40
"2.3.2.2.2.3.2.2.2.2.3.2.2.2.2.2.2.2.1.2.2.2",0.725881577830263,FALSE,TRUE,40
"2.3.2.2.2.3.2.2.2.2.3.2.2.2.2.2.2.2.2.1.2.2",0.62914464881655,FALSE,TRUE,40
"2.3.2.2.2.3.2.2.2.2.3.2.2.2.2.2.2.2.2.2.1.2",0.675479447123014,FALSE,TRUE,40
"2.3.2.2.2.3.2.2.2.2.3.2.2.2.2.2.2.2.2.2.2.1",0.75980158276028,FALSE,TRUE,40
"3.2.2.2.1.2.2.2.2.3.2.2.2.2.1.2.2.3.2.2.2.2",0.539943732608539,FALSE,TRUE,40
"2.2.3.2.1.2.2.2.2.3.2.2.2.2.1.2.2.3.2.2.2.2",0.693826583637748,FALSE,TRUE,40
"2.2.2.3.1.2.2.2.2.3.2.2.2.2.1.2.2.3.2.2.2.2",0.66425473679709,FALSE,TRUE,40
"2.2.2.2.1.3.2.2.2.3.2.2.2.2.1.2.2.3.2.2.2.2",0.622177152316098,FALSE,TRUE,40
"2.2.2.2.1.2.3.2.2.3.2.2.2.2.1.2.2.3.2.2.2.2",0.590273606841206,FALSE,TRUE,40
"2.2.2.2.1.2.2.3.2.3.2.2.2.2.1.2.2.3.2.2.2.2",0.612312559478389,FALSE,TRUE,40
"2.2.2.2.1.2.2.2.3.3.2.2.2.2.1.2.2.3.2.2.2.2",0.594492770283793,FALSE,TRUE,40
"2.2.2.2.1.2.2.2.2.4.2.2.2.2.1.2.2.3.2.2.2.2",0.549077772015182,FALSE,TRUE,39
"2.2.2.2.1.2.2.2.2.3.3.2.2.2.1.2.2.3.2.2.2.2",0.593367534969053,FALSE,TRUE,40
"2.2.2.2.1.2.2.2.2.3.2.3.2.2.1.2.2.3.2.2.2.2",0.606891605642343,FALSE,TRUE,40
"2.2.2.2.1.2.2.2.2.3.2.2.3.2.1.2.2.3.2.2.2.2",0.613976079091666,FALSE,TRUE,40
"2.2.2.2.1.2.2.2.2.3.2.2.2.3.1.2.2.3.2.2.2.2",0.556154524429573,FALSE,TRUE,40
"2.2.2.2.1.2.2.2.2.3.2.2.2.2.1.3.2.3.2.2.2.2",0.569989874030256,FALSE,TRUE,40
"2.2.2.2.1.2.2.2.2.3.2.2.2.2.1.2.3.3.2.2.2.2",0.588127037633307,FALSE,TRUE,40
"2.2.2.2.1.2.2.2.2.3.2.2.2.2.1.2.2.4.2.2.2.2",0.489651151623654,FALSE,TRUE,40
"2.2.2.2.1.2.2.2.2.3.2.2.2.2.1.2.2.3.3.2.2.2",0.535436776552106,FALSE,TRUE,40
"2.2.2.2.1.2.2.2.2.3.2.2.2.2.1.2.2.3.2.3.2.2",0.604329778785729,FALSE,TRUE,40
"2.2.2.2.1.2.2.2.2.3.2.2.2.2.1.2.2.3.2.2.3.2",0.550419661154756,FALSE,TRUE,40
"2.2.2.2.1.2.2.2.2.3.2.2.2.2.1.2.2.3.2.2.2.3",0.540212516616906,FALSE,TRUE,40
"1.2.2.2.1.2.2.2.2.3.2.2.2.2.1.2.2.3.2.2.2.2",0.591960816177177,FALSE,TRUE,39
"2.1.2.2.1.2.2.2.2.3.2.2.2.2.1.2.2.3.2.2.2.2",0.49885495334779,FALSE,TRUE,39
"2.2.2.1.1.2.2.2.2.3.2.2.2.2.1.2.2.3.2.2.2.2",0.476019622036648,FALSE,TRUE,39
"2.2.2.2.1.1.2.2.2.3.2.2.2.2.1.2.2.3.2.2.2.2",0.504662818863247,FALSE,TRUE,39
"2.2.2.2.1.2.1.2.2.3.2.2.2.2.1.2.2.3.2.2.2.2",0.532624640040585,FALSE,TRUE,39
"2.2.2.2.1.2.2.1.2.3.2.2.2.2.1.2.2.3.2.2.2.2",0.532319020015473,FALSE,TRUE,39
"2.2.2.2.1.2.2.2.2.2.2.2.2.2.1.2.2.3.2.2.2.2",0.573714914807922,FALSE,TRUE,39
"2.2.2.2.1.2.2.2.2.3.1.2.2.2.1.2.2.3.2.2.2.2",0.544434114116466,FALSE,TRUE,39
"2.2.2.2.1.2.2.2.2.3.2.1.2.2.1.2.2.3.2.2.2.2",0.558772415371818,FALSE,TRUE,39
"2.2.2.2.1.2.2.2.2.3.2.2.1.2.1.2.2.3.2.2.2.2",0.513007162276321,FALSE,TRUE,39
"2.2.2.2.1.2.2.2.2.3.2.2.2.1.1.2.2.3.2.2.2.2",0.569079637942461,FALSE,TRUE,39
"2.2.2.2.1.2.2.2.2.3.2.2.2.2.1.1.2.3.2.2.2.2",0.562326750508207,FALSE,TRUE,39
"2.2.2.2.1.2.2.2.2.3.2.2.2.2.1.2.1.3.2.2.2.2",0.555490505098656,FALSE,TRUE,39
"2.2.2.2.1.2.2.2.2.3.2.2.2.2.1.2.2.2.2.2.2.2",0.640391022529871,FALSE,TRUE,40
"2.2.2.2.1.2.2.2.2.3.2.2.2.2.1.2.2.3.1.2.2.2",0.573671947485287,FALSE,TRUE,39
"2.2.2.2.1.2.2.2.2.3.2.2.2.2.1.2.2.3.2.1.2.2",0.537360274663801,FALSE,TRUE,39
"2.2.2.2.1.2.2.2.2.3.2.2.2.2.1.2.2.3.2.2.1.2",0.595923442634872,FALSE,TRUE,39
"2.2.2.2.1.2.2.2.2.3.2.2.2.2.1.2.2.3.2.2.2.1",0.601977716196505,FALSE,TRUE,39
"3.2.2.3.2.2.2.2.2.2.2.2.2.2.2.2.3.4.2.2.2.2",0.67519966565104,FALSE,TRUE,42
"2.2.3.3.2.2.2.2.2.2.2.2.2.2.2.2.3.4.2.2.2.2",0.762031763963133,FALSE,TRUE,42
"2.2.2.4.2.2.2.2.2.2.2.2.2.2.2.2.3.4.2.2.2.2",0.754445827904685,FALSE,TRUE,42
"2.2.2.3.3.2.2.2.2.2.2.2.2.2.2.2.3.4.2.2.2.2",0.739337982249741,FALSE,TRUE,42
"2.2.2.3.2.3.2.2.2.2.2.2.2.2.2.2.3.4.2.2.2.2",0.698384754264663,FALSE,TRUE,42
"2.2.2.3.2.2.3.2.2.2.2.2.2.2.2.2.3.4.2.2.2.2",0.718908061013986,FALSE,TRUE,41
"2.2.2.3.2.2.2.3.2.2.2.2.2.2.2.2.3.4.2.2.2.2",0.73657858276803,FALSE,TRUE,42
"2.2.2.3.2.2.2.2.3.2.2.2.2.2.2.2.3.4.2.2.2.2",0.704407825662624,FALSE,TRUE,42
"2.2.2.3.2.2.2.2.2.3.2.2.2.2.2.2.3.4.2.2.2.2",0.686514279976246,FALSE,TRUE,42
"2.2.2.3.2.2.2.2.2.2.3.2.2.2.2.2.3.4.2.2.2.2",0.706356935672501,FALSE,TRUE,42
"2.2.2.3.2.2.2.2.2.2.2.3.2.2.2.2.3.4.2.2.2.2",0.737796620105965,FALSE,TRUE,42
"2.2.2.3.2.2.2.2.2.2.2.2.3.2.2.2.3.4.2.2.2.2",0.718345459902101,FALSE,TRUE,42
"2.2.2.3.2.2.2.2.2.2.2.2.2.3.2.2.3.4.2.2.2.2",0.667823715356492,FALSE,TRUE,42
"2.2.2.3.2.2.2.2.2.2.2.2.2.2.3.2.3.4.2.2.2.2",0.72887999151912,FALSE,TRUE,41
"2.2.2.3.2.2.2.2.2.2.2.2.2.2.2.3.3.4.2.2.2.2",0.68016664860095,FALSE,TRUE,42
"2.2.2.3.2.2.2.2.2.2.2.2.2.2.2.2.4.4.2.2.2.2",0.685803860069212,FALSE,TRUE,42
"2.2.2.3.2.2.2.2.2.2.2.2.2.2.2.2.3.5.2.2.2.2",0.63349899003166,FALSE,TRUE,43
"2.2.2.3.2.2.2.2.2.2.2.2.2.2.2.2.3.4.3.2.2.2",0.643775331431761,FALSE,TRUE,42
"2.2.2.3.2.2.2.2.2.2.2.2.2.2.2.2.3.4.2.3.2.2",0.731690688931552,FALSE,TRUE,42
"2.2.2.3.2.2.2.2.2.2.2.2.2.2.2.2.3.4.2.2.3.2",0.700491902369047,FALSE,TRUE,42
"2.2.2.3.2.2.2.2.2.2.2.2.2.2.2.2.3.4.2.2.2.3",0.671795933171153,FALSE,TRUE,42
"1.2.2.3.2.2.2.2.2.2.2.2.2.2.2.2.3.4.2.2.2.2",0.706381951810902,FALSE,TRUE,41
"2.1.2.3.2.2.2.2.2.2.2.2.2.2.2.2.3.4.2.2.2.2",0.632093991723977,FALSE,TRUE,41
"2.2.1.3.2.2.2.2.2.2.2.2.2.2.2.2.3.4.2.2.2.2",0.589362270769434,FALSE,TRUE,41
"2.2.2.3.1.2.2.2.2.2.2.2.2.2.2.2.3.4.2.2.2.2",0.65269548930807,FALSE,TRUE,41
"2.2.2.3.2.1.2.2.2.2.2.2.2.2.2.2.3.4.2.2.2.2",0.674023181136936,FALSE,TRUE,41
"2.2.2.3.2.2.1.2.2.2.2.2.2.2.2.2.3.4.2.2.2.2",0.653183650074423,FALSE,TRUE,41
"2.2.2.3.2.2.2.1.2.2.2.2.2.2.2.2.3.4.2.2.2.2",0.659446295999363,FALSE,TRUE,41
"2.2.2.3.2.2.2.2.1.2.2.2.2.2.2.2.3.4.2.2.2.2",0.6559801869938,FALSE,TRUE,41
"2.2.2.3.2.2.2.2.2.1.2.2.2.2.2.2.3.4.2.2.2.2",0.683288963931174,FALSE,TRUE,41
"2.2.2.3.2.2.2.2.2.2.1.2.2.2.2.2.3.4.2.2.2.2",0.682566706084651,FALSE,TRUE,41
"2.2.2.3.2.2.2.2.2.2.2.1.2.2.2.2.3.4.2.2.2.2",0.680130790752477,FALSE,TRUE,41
"2.2.2.3.2.2.2.2.2.2.2.2.1.2.2.2.3.4.2.2.2.2",0.65711394117815,FALSE,TRUE,41
"2.2.2.3.2.2.2.2.2.2.2.2.2.1.2.2.3.4.2.2.2.2",0.709236615059581,FALSE,TRUE,41
"2.2.2.3.2.2.2.2.2.2.2.2.2.2.1.2.3.4.2.2.2.2",0.641955696475969,FALSE,TRUE,40
"2.2.2.3.2.2.2.2.2.2.2.2.2.2.2.1.3.4.2.2.2.2",0.705541748791761,FALSE,TRUE,41
"2.2.2.3.2.2.2.2.2.2.2.2.2.2.2.2.2.4.2.2.2.2",0.711711610733598,FALSE,TRUE,41
"2.2.2.3.2.2.2.2.2.2.2.2.2.2.2.2.3.4.1.2.2.2",0.712913722738903,FALSE,TRUE,41
"2.2.2.3.2.2.2.2.2.2.2.2.2.2.2.2.3.4.2.1.2.2",0.650972392398039,FALSE,TRUE,41
"2.2.2.3.2.2.2.2.2.2.2.2.2.2.2.2.3.4.2.2.1.2",0.695454536710759,FALSE,TRUE,41
"2.2.2.3.2.2.2.2.2.2.2.2.2.2.2.2.3.4.2.2.2.1",0.717690665971504,FALSE,TRUE,40
"3.2.2.2.2.2.2.2.2.2.2.2.2.2.2.1.3.2.1.2.2.2",0.619202113881924,FALSE,TRUE,40
"2.3.2.2.2.2.2.2.2.2.2.2.2.2.2.1.3.2.1.2.2.2",0.679126750239948,FALSE,TRUE,40
"2.2.3.2.2.2.2.2.2.2.2.2.2.2.2.1.3.2.1.2.2.2",0.706477304996429,FALSE,TRUE,40
"2.2.2.3.2.2.2.2.2.2.2.2.2.2.2.1.3.2.1.2.2.2",0.664820797266612,FALSE,TRUE,40
"2.2.2.2.3.2.2.2.2.2.2.2.2.2.2.1.3.2.1.2.2.2",0.590712631310851,FALSE,TRUE,40
"2.2.2.2.2.3.2.2.2.2.2.2.2.2.2.1.3.2.1.2.2.2",0.658442561984952,FALSE,TRUE,40
"2.2.2.2.2.2.3.2.2.2.2.2.2.2.2.1.3.2.1.2.2.2",0.654941340423659,FALSE,TRUE,40
"2.2.2.2.2.2.2.3.2.2.2.2.2.2.2.1.3.2.1.2.2.2",0.644973570934614,FALSE,TRUE,40
"2.2.2.2.2.2.2.2.3.2.2.2.2.2.2.1.3.2.1.2.2.2",0.693903199225255,FALSE,TRUE,40
"2.2.2.2.2.2.2.2.2.3.2.2.2.2.2.1.3.2.1.2.2.2",0.649957464428503,FALSE,TRUE,40
"2.2.2.2.2.2.2.2.2.2.3.2.2.2.2.1.3.2.1.2.2.2",0.614110720290779,FALSE,TRUE,40
"2.2.2.2.2.2.2.2.2.2.2.3.2.2.2.1.3.2.1.2.2.2",0.647058656742663,FALSE,TRUE,40
"2.2.2.2.2.2.2.2.2.2.2.2.3.2.2.1.3.2.1.2.2.2",0.642704570662404,FALSE,TRUE,39
"2.2.2.2.2.2.2.2.2.2.2.2.2.3.2.1.3.2.1.2.2.2",0.683568339611465,FALSE,TRUE,40
"2.2.2.2.2.2.2.2.2.2.2.2.2.2.3.1.3.2.1.2.2.2",0.631439515884448,FALSE,TRUE,40
"2.2.2.2.2.2.2.2.2.2.2.2.2.2.2.1.4.2.1.2.2.2",0.642435984715206,FALSE,TRUE,40
"2.2.2.2.2.2.2.2.2.2.2.2.2.2.2.1.3.3.1.2.2.2",0.639034893409576,FALSE,TRUE,39
"2.2.2.2.2.2.2.2.2.2.2.2.2.2.2.1.3.2.1.3.2.2",0.668621838274426,FALSE,TRUE,40
"2.2.2.2.2.2.2.2.2.2.2.2.2.2.2.1.3.2.1.2.3.2",0.629162897764101,FALSE,TRUE,40
"2.2.2.2.2.2.2.2.2.2.2.2.2.2.2.1.3.2.1.2.2.3",0.549468695597644,FALSE,TRUE,40
"2.1.2.2.2.2.2.2.2.2.2.2.2.2.2.1.3.2.1.2.2.2",0.527727968025183,FALSE,TRUE,39
"2.2.1.2.2.2.2.2.2.2.2.2.2.2.2.1.3.2.1.2.2.2",0.47362214552163,FALSE,TRUE,39
"2.2.2.1.2.2.2.2.2.2.2.2.2.2.2.1.3.2.1.2.2.2",0.535696948281253,FALSE,TRUE,39
"2.2.2.2.1.2.2.2.2.2.2.2.2.2.2.1.3.2.1.2.2.2",0.622958080014194,FALSE,TRUE,39
"2.2.2.2.2.1.2.2.2.2.2.2.2.2.2.1.3.2.1.2.2.2",0.53846921793068,FALSE,TRUE,39
"2.2.2.2.2.2.1.2.2.2.2.2.2.2.2.1.3.2.1.2.2.2",0.54196772006142,FALSE,TRUE,39
"2.2.2.2.2.2.2.1.2.2.2.2.2.2.2.1.3.2.1.2.2.2",0.574486335442919,FALSE,TRUE,39
"2.2.2.2.2.2.2.2.1.2.2.2.2.2.2.1.3.2.1.2.2.2",0.498648988759793,FALSE,TRUE,39
"2.2.2.2.2.2.2.2.2.1.2.2.2.2.2.1.3.2.1.2.2.2",0.547064241699691,FALSE,TRUE,39
"2.2.2.2.2.2.2.2.2.2.1.2.2.2.2.1.3.2.1.2.2.2",0.596822836595084,FALSE,TRUE,39
"2.2.2.2.2.2.2.2.2.2.2.1.2.2.2.1.3.2.1.2.2.2",0.594601377966233,FALSE,TRUE,39
"2.2.2.2.2.2.2.2.2.2.2.2.1.2.2.1.3.2.1.2.2.2",0.556884676425073,FALSE,TRUE,39
"2.2.2.2.2.2.2.2.2.2.2.2.2.1.2.1.3.2.1.2.2.2",0.522645894959731,FALSE,TRUE,39
"2.2.2.2.2.2.2.2.2.2.2.2.2.2.1.1.3.2.1.2.2.2",0.564625835360518,FALSE,TRUE,39
"2.2.2.2.2.2.2.2.2.2.2.2.2.2.2.1.2.2.1.2.2.2",0.578259573835645,FALSE,TRUE,39
"2.2.2.2.2.2.2.2.2.2.2.2.2.2.2.1.3.1.1.2.2.2",0.567257899371908,FALSE,TRUE,39
"2.2.2.2.2.2.2.2.2.2.2.2.2.2.2.1.3.2.1.1.2.2",0.538335441423129,FALSE,TRUE,39
"2.2.2.2.2.2.2.2.2.2.2.2.2.2.2.1.3.2.1.2.1.2",0.589432750000012,FALSE,TRUE,39
"2.2.2.2.2.2.2.2.2.2.2.2.2.2.2.1.3.2.1.2.2.1",0.661477236520654,FALSE,TRUE,38
"3.2.2.2.1.2.2.1.2.3.2.2.2.2.2.2.2.3.2.2.2.2",0.537152503250925,FALSE,TRUE,40
"2.2.3.2.1.2.2.1.2.3.2.2.2.2.2.2.2.3.2.2.2.2",0.678103503089815,FALSE,TRUE,40
"2.2.2.3.1.2.2.1.2.3.2.2.2.2.2.2.2.3.2.2.2.2",0.660391459016299,FALSE,TRUE,40
"2.2.2.2.1.3.2.1.2.3.2.2.2.2.2.2.2.3.2.2.2.2",0.602852554782635,FALSE,TRUE,40
"2.2.2.2.1.2.3.1.2.3.2.2.2.2.2.2.2.3.2.2.2.2",0.573539108767169,FALSE,TRUE,40
"2.2.2.2.1.2.2.1.3.3.2.2.2.2.2.2.2.3.2.2.2.2",0.574794971490657,FALSE,TRUE,40
"2.2.2.2.1.2.2.1.2.4.2.2.2.2.2.2.2.3.2.2.2.2",0.535978200065972,FALSE,TRUE,39
"2.2.2.2.1.2.2.1.2.3.3.2.2.2.2.2.2.3.2.2.2.2",0.579138063301489,FALSE,TRUE,40
"2.2.2.2.1.2.2.1.2.3.2.3.2.2.2.2.2.3.2.2.2.2",0.604398197616068,FALSE,TRUE,40
"2.2.2.2.1.2.2.1.2.3.2.2.3.2.2.2.2.3.2.2.2.2",0.601559086022637,FALSE,TRUE,40
"2.2.2.2.1.2.2.1.2.3.2.2.2.3.2.2.2.3.2.2.2.2",0.544293687102201,FALSE,TRUE,40
"2.2.2.2.1.2.2.1.2.3.2.2.2.2.2.3.2.3.2.2.2.2",0.559770649385402,FALSE,TRUE,40
"2.2.2.2.1.2.2.1.2.3.2.2.2.2.2.2.3.3.2.2.2.2",0.583746926956373,FALSE,TRUE,40
"2.2.2.2.1.2.2.1.2.3.2.2.2.2.2.2.2.4.2.2.2.2",0.490942713818124,FALSE,TRUE,40
"2.2.2.2.1.2.2.1.2.3.2.2.2.2.2.2.2.3.3.2.2.2",0.518850965531899,FALSE,TRUE,40
"2.2.2.2.1.2.2.1.2.3.2.2.2.2.2.2.2.3.2.3.2.2",0.621733474148516,FALSE,TRUE,40
"2.2.2.2.1.2.2.1.2.3.2.2.2.2.2.2.2.3.2.2.3.2",0.551989260930053,FALSE,TRUE,40
"2.2.2.2.1.2.2.1.2.3.2.2.2.2.2.2.2.3.2.2.2.3",0.511162068720722,FALSE,TRUE,40
"1.2.2.2.1.2.2.1.2.3.2.2.2.2.2.2.2.3.2.2.2.2",0.582800172956976,FALSE,TRUE,39
"2.1.2.2.1.2.2.1.2.3.2.2.2.2.2.2.2.3.2.2.2.2",0.471130292074833,FALSE,TRUE,39
"2.2.2.1.1.2.2.1.2.3.2.2.2.2.2.2.2.3.2.2.2.2",0.465280694271404,FALSE,TRUE,39
"2.2.2.2.1.1.2.1.2.3.2.2.2.2.2.2.2.3.2.2.2.2",0.505417916632582,FALSE,TRUE,39
"2.2.2.2.1.2.1.1.2.3.2.2.2.2.2.2.2.3.2.2.2.2",0.532898005499803,FALSE,TRUE,39
"2.2.2.2.1.2.2.1.2.2.2.2.2.2.2.2.2.3.2.2.2.2",0.573255345383976,FALSE,TRUE,39
"2.2.2.2.1.2.2.1.2.3.1.2.2.2.2.2.2.3.2.2.2.2",0.549162974976348,FALSE,TRUE,39
"2.2.2.2.1.2.2.1.2.3.2.1.2.2.2.2.2.3.2.2.2.2",0.548225452778222,FALSE,TRUE,39
"2.2.2.2.1.2.2.1.2.3.2.2.1.2.2.2.2.3.2.2.2.2",0.512500270852017,FALSE,TRUE,39
"2.2.2.2.1.2.2.1.2.3.2.2.2.1.2.2.2.3.2.2.2.2",0.568126672661555,FALSE,TRUE,39
"2.2.2.2.1.2.2.1.2.3.2.2.2.2.2.1.2.3.2.2.2.2",0.559220327187563,FALSE,TRUE,39
"2.2.2.2.1.2.2.1.2.3.2.2.2.2.2.2.1.3.2.2.2.2",0.55065509595293,FALSE,TRUE,39
"2.2.2.2.1.2.2.1.2.3.2.2.2.2.2.2.2.2.2.2.2.2",0.624056902957745,FALSE,TRUE,40
"2.2.2.2.1.2.2.1.2.3.2.2.2.2.2.2.2.3.1.2.2.2",0.579913849107346,FALSE,TRUE,39
"2.2.2.2.1.2.2.1.2.3.2.2.2.2.2.2.2.3.2.1.2.2",0.505604918423948,FALSE,TRUE,39
"2.2.2.2.1.2.2.1.2.3.2.2.2.2.2.2.2.3.2.2.1.2",0.582038269833952,FALSE,TRUE,39
"2.2.2.2.1.2.2.1.2.3.2.2.2.2.2.2.2.3.2.2.2.1",0.618137120008515,FALSE,TRUE,39
"1.3.2.2.2.2.2.2.2.2.2.2.2.2.2.2.3.2.1.2.2.1",0.703491884778519,FALSE,TRUE,39
"1.2.3.2.2.2.2.2.2.2.2.2.2.2.2.2.3.2.1.2.2.1",0.729945181044595,FALSE,TRUE,39
"1.2.2.3.2.2.2.2.2.2.2.2.2.2.2.2.3.2.1.2.2.1",0.688995910812847,FALSE,TRUE,39
"1.2.2.2.3.2.2.2.2.2.2.2.2.2.2.2.3.2.1.2.2.1",0.653476413928578,FALSE,TRUE,39
"1.2.2.2.2.3.2.2.2.2.2.2.2.2.2.2.3.2.1.2.2.1",0.72526120154822,FALSE,TRUE,39
"1.2.2.2.2.2.3.2.2.2.2.2.2.2.2.2.3.2.1.2.2.1",0.703272550025237,FALSE,TRUE,39
"1.2.2.2.2.2.2.3.2.2.2.2.2.2.2.2.3.2.1.2.2.1",0.69804995663267,FALSE,TRUE,39
"1.2.2.2.2.2.2.2.3.2.2.2.2.2.2.2.3.2.1.2.2.1",0.764711409669983,FALSE,TRUE,39
"1.2.2.2.2.2.2.2.2.3.2.2.2.2.2.2.3.2.1.2.2.1",0.70528554901283,FALSE,TRUE,39
"1.2.2.2.2.2.2.2.2.2.3.2.2.2.2.2.3.2.1.2.2.1",0.667987605815322,FALSE,TRUE,39
"1.2.2.2.2.2.2.2.2.2.2.3.2.2.2.2.3.2.1.2.2.1",0.696656703602624,FALSE,TRUE,39
"1.2.2.2.2.2.2.2.2.2.2.2.3.2.2.2.3.2.1.2.2.1",0.682226794051208,FALSE,TRUE,39
"1.2.2.2.2.2.2.2.2.2.2.2.2.3.2.2.3.2.1.2.2.1",0.736757054018369,FALSE,TRUE,39
"1.2.2.2.2.2.2.2.2.2.2.2.2.2.3.2.3.2.1.2.2.1",0.706120816149296,FALSE,TRUE,39
"1.2.2.2.2.2.2.2.2.2.2.2.2.2.2.3.3.2.1.2.2.1",0.726155777888566,FALSE,TRUE,39
"1.2.2.2.2.2.2.2.2.2.2.2.2.2.2.2.4.2.1.2.2.1",0.697746474706184,FALSE,TRUE,39
"1.2.2.2.2.2.2.2.2.2.2.2.2.2.2.2.3.3.1.2.2.1",0.690864918920473,FALSE,TRUE,39
"1.2.2.2.2.2.2.2.2.2.2.2.2.2.2.2.3.2.2.2.2.1",0.732907330442132,FALSE,TRUE,39
"1.2.2.2.2.2.2.2.2.2.2.2.2.2.2.2.3.2.1.3.2.1",0.677815159640076,FALSE,TRUE,39
"1.2.2.2.2.2.2.2.2.2.2.2.2.2.2.2.3.2.1.2.3.1",0.691586483895933,FALSE,TRUE,39
"1.1.2.2.2.2.2.2.2.2.2.2.2.2.2.2.3.2.1.2.2.1",0.635355591800025,FALSE,TRUE,38
"1.2.1.2.2.2.2.2.2.2.2.2.2.2.2.2.3.2.1.2.2.1",0.579284017793928,FALSE,TRUE,38
"1.2.2.1.2.2.2.2.2.2.2.2.2.2.2.2.3.2.1.2.2.1",0.639896393887285,FALSE,TRUE,38
"1.2.2.2.1.2.2.2.2.2.2.2.2.2.2.2.3.2.1.2.2.1",0.691422973282027,FALSE,TRUE,38
"1.2.2.2.2.1.2.2.2.2.2.2.2.2.2.2.3.2.1.2.2.1",0.604882014967151,FALSE,TRUE,38
"1.2.2.2.2.2.1.2.2.2.2.2.2.2.2.2.3.2.1.2.2.1",0.627495408083879,FALSE,TRUE,38
"1.2.2.2.2.2.2.1.2.2.2.2.2.2.2.2.3.2.1.2.2.1",0.655616226916455,FALSE,TRUE,38
"1.2.2.2.2.2.2.2.1.2.2.2.2.2.2.2.3.2.1.2.2.1",0.561781989162215,FALSE,TRUE,38
"1.2.2.2.2.2.2.2.2.1.2.2.2.2.2.2.3.2.1.2.2.1",0.626582796380228,FALSE,TRUE,38
"1.2.2.2.2.2.2.2.2.2.1.2.2.2.2.2.3.2.1.2.2.1",0.677627071599402,FALSE,TRUE,38
"1.2.2.2.2.2.2.2.2.2.2.1.2.2.2.2.3.2.1.2.2.1",0.679525530782418,FALSE,TRUE,38
"1.2.2.2.2.2.2.2.2.2.2.2.1.2.2.2.3.2.1.2.2.1",0.650466483123798,FALSE,TRUE,38
"1.2.2.2.2.2.2.2.2.2.2.2.2.1.2.2.3.2.1.2.2.1",0.599498116118032,FALSE,TRUE,38
"1.2.2.2.2.2.2.2.2.2.2.2.2.2.1.2.3.2.1.2.2.1",0.622187791623695,FALSE,TRUE,38
"1.2.2.2.2.2.2.2.2.2.2.2.2.2.2.1.3.2.1.2.2.1",0.62006559073311,FALSE,TRUE,37
"1.2.2.2.2.2.2.2.2.2.2.2.2.2.2.2.2.2.1.2.2.1",0.654642123163663,FALSE,TRUE,39
"1.2.2.2.2.2.2.2.2.2.2.2.2.2.2.2.3.1.1.2.2.1",0.643082462273089,FALSE,TRUE,38
"1.2.2.2.2.2.2.2.2.2.2.2.2.2.2.2.3.2.1.1.2.1",0.655925847867232,FALSE,TRUE,38
"1.2.2.2.2.2.2.2.2.2.2.2.2.2.2.2.3.2.1.2.1.1",0.66219236790435,FALSE,TRUE,38
"4.2.2.2.2.2.2.2.2.2.2.2.3.2.2.2.3.2.2.2.2.2",0.639509247758152,FALSE,TRUE,43
"3.3.2.2.2.2.2.2.2.2.2.2.3.2.2.2.3.2.2.2.2.2",0.722891486950145,FALSE,TRUE,42
"3.2.3.2.2.2.2.2.2.2.2.2.3.2.2.2.3.2.2.2.2.2",0.741305979907533,FALSE,TRUE,42
"3.2.2.3.2.2.2.2.2.2.2.2.3.2.2.2.3.2.2.2.2.2",0.740144600230562,FALSE,TRUE,42
"3.2.2.2.3.2.2.2.2.2.2.2.3.2.2.2.3.2.2.2.2.2",0.678479212545014,FALSE,TRUE,42
"3.2.2.2.2.2.2.3.2.2.2.2.3.2.2.2.3.2.2.2.2.2",0.700641245878587,FALSE,TRUE,42
"3.2.2.2.2.2.2.2.3.2.2.2.3.2.2.2.3.2.2.2.2.2",0.691471526265114,FALSE,TRUE,42
"3.2.2.2.2.2.2.2.2.3.2.2.3.2.2.2.3.2.2.2.2.2",0.670903565626366,FALSE,TRUE,42
"3.2.2.2.2.2.2.2.2.2.3.2.3.2.2.2.3.2.2.2.2.2",0.689188379400734,FALSE,TRUE,42
"3.2.2.2.2.2.2.2.2.2.2.3.3.2.2.2.3.2.2.2.2.2",0.723221466111395,FALSE,TRUE,42
"3.2.2.2.2.2.2.2.2.2.2.2.4.2.2.2.3.2.2.2.2.2",0.695906783534618,FALSE,TRUE,42
"3.2.2.2.2.2.2.2.2.2.2.2.3.3.2.2.3.2.2.2.2.2",0.707950016185634,FALSE,TRUE,42
"3.2.2.2.2.2.2.2.2.2.2.2.3.2.3.2.3.2.2.2.2.2",0.674583996649924,FALSE,TRUE,42
"3.2.2.2.2.2.2.2.2.2.2.2.3.2.2.3.3.2.2.2.2.2",0.672494857566731,FALSE,TRUE,41
"3.2.2.2.2.2.2.2.2.2.2.2.3.2.2.2.4.2.2.2.2.2",0.675034640547879,FALSE,TRUE,42
"3.2.2.2.2.2.2.2.2.2.2.2.3.2.2.2.3.3.2.2.2.2",0.681124156685492,FALSE,TRUE,41
"3.2.2.2.2.2.2.2.2.2.2.2.3.2.2.2.3.2.3.2.2.2",0.643417552685139,FALSE,TRUE,42
"3.2.2.2.2.2.2.2.2.2.2.2.3.2.2.2.3.2.2.3.2.2",0.757529904329769,FALSE,TRUE,42
"3.2.2.2.2.2.2.2.2.2.2.2.3.2.2.2.3.2.2.2.3.2",0.702060537493963,FALSE,TRUE,42
"3.2.2.2.2.2.2.2.2.2.2.2.3.2.2.2.3.2.2.2.2.3",0.62303321882447,FALSE,TRUE,42
"3.1.2.2.2.2.2.2.2.2.2.2.3.2.2.2.3.2.2.2.2.2",0.63493197048749,FALSE,TRUE,41
"3.2.1.2.2.2.2.2.2.2.2.2.3.2.2.2.3.2.2.2.2.2",0.58187274926935,FALSE,TRUE,41
"3.2.2.1.2.2.2.2.2.2.2.2.3.2.2.2.3.2.2.2.2.2",0.614951192858972,FALSE,TRUE,41
"3.2.2.2.1.2.2.2.2.2.2.2.3.2.2.2.3.2.2.2.2.2",0.682115086330102,FALSE,TRUE,41
"3.2.2.2.2.1.2.2.2.2.2.2.3.2.2.2.3.2.2.2.2.2",0.668580399602405,FALSE,TRUE,41
"3.2.2.2.2.2.1.2.2.2.2.2.3.2.2.2.3.2.2.2.2.2",0.606516901555967,FALSE,TRUE,41
"3.2.2.2.2.2.2.1.2.2.2.2.3.2.2.2.3.2.2.2.2.2",0.667118648130487,FALSE,TRUE,41
"3.2.2.2.2.2.2.2.1.2.2.2.3.2.2.2.3.2.2.2.2.2",0.642499619180115,FALSE,TRUE,41
"3.2.2.2.2.2.2.2.2.1.2.2.3.2.2.2.3.2.2.2.2.2",0.672440838412268,FALSE,TRUE,41
"3.2.2.2.2.2.2.2.2.2.1.2.3.2.2.2.3.2.2.2.2.2",0.670888346818189,FALSE,TRUE,41
"3.2.2.2.2.2.2.2.2.2.2.1.3.2.2.2.3.2.2.2.2.2",0.668061317765781,FALSE,TRUE,41
"3.2.2.2.2.2.2.2.2.2.2.2.3.1.2.2.3.2.2.2.2.2",0.639164146033325,FALSE,TRUE,41
"3.2.2.2.2.2.2.2.2.2.2.2.3.2.1.2.3.2.2.2.2.2",0.668867145865808,FALSE,TRUE,41
"3.2.2.2.2.2.2.2.2.2.2.2.3.2.2.1.3.2.2.2.2.2",0.685987514404182,FALSE,TRUE,41
"3.2.2.2.2.2.2.2.2.2.2.2.3.2.2.2.2.2.2.2.2.2",0.693797034309469,FALSE,TRUE,41
"3.2.2.2.2.2.2.2.2.2.2.2.3.2.2.2.3.1.2.2.2.2",0.666861194811062,FALSE,TRUE,41
"3.2.2.2.2.2.2.2.2.2.2.2.3.2.2.2.3.2.1.2.2.2",0.682433051542701,FALSE,TRUE,40
"3.2.2.2.2.2.2.2.2.2.2.2.3.2.2.2.3.2.2.1.2.2",0.597889010668689,FALSE,TRUE,41
"3.2.2.2.2.2.2.2.2.2.2.2.3.2.2.2.3.2.2.2.1.2",0.666508769416161,FALSE,TRUE,41
"3.2.2.2.2.2.2.2.2.2.2.2.3.2.2.2.3.2.2.2.2.1",0.737821441508041,FALSE,TRUE,41
"3.2.2.2.2.2.2.2.2.2.2.2.2.2.3.2.3.3.2.2.2.2",0.643920257943448,FALSE,TRUE,42
"2.3.2.2.2.2.2.2.2.2.2.2.2.2.3.2.3.3.2.2.2.2",0.753567034822571,FALSE,TRUE,40
"2.2.3.2.2.2.2.2.2.2.2.2.2.2.3.2.3.3.2.2.2.2",0.737309685139805,FALSE,TRUE,42
"2.2.2.2.3.2.2.2.2.2.2.2.2.2.3.2.3.3.2.2.2.2",0.694123452016736,FALSE,TRUE,42
"2.2.2.2.2.3.2.2.2.2.2.2.2.2.3.2.3.3.2.2.2.2",0.670073056207588,FALSE,TRUE,42
"2.2.2.2.2.2.3.2.2.2.2.2.2.2.3.2.3.3.2.2.2.2",0.7061435302069,FALSE,TRUE,42
"2.2.2.2.2.2.2.3.2.2.2.2.2.2.3.2.3.3.2.2.2.2",0.722531134582822,FALSE,TRUE,42
"2.2.2.2.2.2.2.2.3.2.2.2.2.2.3.2.3.3.2.2.2.2",0.670024493734767,FALSE,TRUE,42
"2.2.2.2.2.2.2.2.2.3.2.2.2.2.3.2.3.3.2.2.2.2",0.667998409699221,FALSE,TRUE,40
"2.2.2.2.2.2.2.2.2.2.3.2.2.2.3.2.3.3.2.2.2.2",0.676874993482093,FALSE,TRUE,42
"2.2.2.2.2.2.2.2.2.2.2.3.2.2.3.2.3.3.2.2.2.2",0.720904529448468,FALSE,TRUE,42
"2.2.2.2.2.2.2.2.2.2.2.2.3.2.3.2.3.3.2.2.2.2",0.701452053927966,FALSE,TRUE,41
"2.2.2.2.2.2.2.2.2.2.2.2.2.3.3.2.3.3.2.2.2.2",0.669775538706305,FALSE,TRUE,42
"2.2.2.2.2.2.2.2.2.2.2.2.2.2.4.2.3.3.2.2.2.2",0.64803458665194,FALSE,TRUE,43
"2.2.2.2.2.2.2.2.2.2.2.2.2.2.3.3.3.3.2.2.2.2",0.66326517625082,FALSE,TRUE,41
"2.2.2.2.2.2.2.2.2.2.2.2.2.2.3.2.4.3.2.2.2.2",0.678036943417794,FALSE,TRUE,42
"2.2.2.2.2.2.2.2.2.2.2.2.2.2.3.2.3.4.2.2.2.2",0.651447443144691,FALSE,TRUE,41
"2.2.2.2.2.2.2.2.2.2.2.2.2.2.3.2.3.3.3.2.2.2",0.618996168803452,FALSE,TRUE,42
"2.2.2.2.2.2.2.2.2.2.2.2.2.2.3.2.3.3.2.3.2.2",0.762705113376532,FALSE,TRUE,42
"2.2.2.2.2.2.2.2.2.2.2.2.2.2.3.2.3.3.2.2.3.2",0.692130883036346,FALSE,TRUE,42
"2.2.2.2.2.2.2.2.2.2.2.2.2.2.3.2.3.3.2.2.2.3",0.609644337310598,FALSE,TRUE,42
"1.2.2.2.2.2.2.2.2.2.2.2.2.2.3.2.3.3.2.2.2.2",0.695776016176857,FALSE,TRUE,41
"2.1.2.2.2.2.2.2.2.2.2.2.2.2.3.2.3.3.2.2.2.2",0.58847021041543,FALSE,TRUE,41
"2.2.1.2.2.2.2.2.2.2.2.2.2.2.3.2.3.3.2.2.2.2",0.573852846128175,FALSE,TRUE,41
"2.2.2.2.1.2.2.2.2.2.2.2.2.2.3.2.3.3.2.2.2.2",0.653822625395541,FALSE,TRUE,39
"2.2.2.2.2.1.2.2.2.2.2.2.2.2.3.2.3.3.2.2.2.2",0.660034867012215,FALSE,TRUE,41
"2.2.2.2.2.2.1.2.2.2.2.2.2.2.3.2.3.3.2.2.2.2",0.623541318019799,FALSE,TRUE,41
"2.2.2.2.2.2.2.1.2.2.2.2.2.2.3.2.3.3.2.2.2.2",0.63102956749419,FALSE,TRUE,41
"2.2.2.2.2.2.2.2.1.2.2.2.2.2.3.2.3.3.2.2.2.2",0.648299622289844,FALSE,TRUE,41
"2.2.2.2.2.2.2.2.2.1.2.2.2.2.3.2.3.3.2.2.2.2",0.658788755325942,FALSE,TRUE,41
"2.2.2.2.2.2.2.2.2.2.1.2.2.2.3.2.3.3.2.2.2.2",0.670293702990209,FALSE,TRUE,41
"2.2.2.2.2.2.2.2.2.2.2.1.2.2.3.2.3.3.2.2.2.2",0.653914110838454,FALSE,TRUE,41
"2.2.2.2.2.2.2.2.2.2.2.2.1.2.3.2.3.3.2.2.2.2",0.631012333437118,FALSE,TRUE,41
"2.2.2.2.2.2.2.2.2.2.2.2.2.1.3.2.3.3.2.2.2.2",0.66196311272719,FALSE,TRUE,41
"2.2.2.2.2.2.2.2.2.2.2.2.2.2.3.1.3.3.2.2.2.2",0.678096010865712,FALSE,TRUE,41
"2.2.2.2.2.2.2.2.2.2.2.2.2.2.3.2.3.3.1.2.2.2",0.694958075574241,FALSE,TRUE,40
"2.2.2.2.2.2.2.2.2.2.2.2.2.2.3.2.3.3.2.1.2.2",0.58123012564625,FALSE,TRUE,41
"2.2.2.2.2.2.2.2.2.2.2.2.2.2.3.2.3.3.2.2.1.2",0.66196410296537,FALSE,TRUE,41
"2.2.2.2.2.2.2.2.2.2.2.2.2.2.3.2.3.3.2.2.2.1",0.738951552680761,FALSE,TRUE,41
"3.3.2.2.2.3.2.2.2.2.3.2.2.2.2.1.2.2.2.2.2.2",0.712776912074625,FALSE,TRUE,41
"2.4.2.2.2.3.2.2.2.2.3.2.2.2.2.1.2.2.2.2.2.2",0.757165406173834,FALSE,TRUE,41
"2.3.3.2.2.3.2.2.2.2.3.2.2.2.2.1.2.2.2.2.2.2",0.731261637241482,FALSE,TRUE,41
"2.3.2.3.2.3.2.2.2.2.3.2.2.2.2.1.2.2.2.2.2.2",0.747672467542373,FALSE,TRUE,41
"2.3.2.2.3.3.2.2.2.2.3.2.2.2.2.1.2.2.2.2.2.2",0.687094235677959,FALSE,TRUE,41
"2.3.2.2.2.4.2.2.2.2.3.2.2.2.2.1.2.2.2.2.2.2",0.684177071742204,FALSE,TRUE,41
"2.3.2.2.2.3.3.2.2.2.3.2.2.2.2.1.2.2.2.2.2.2",0.754033406849722,FALSE,TRUE,41
"2.3.2.2.2.3.2.3.2.2.3.2.2.2.2.1.2.2.2.2.2.2",0.722313985416794,FALSE,TRUE,41
"2.3.2.2.2.3.2.2.3.2.3.2.2.2.2.1.2.2.2.2.2.2",0.734776822411634,FALSE,TRUE,41
"2.3.2.2.2.3.2.2.2.3.3.2.2.2.2.1.2.2.2.2.2.2",0.740731073705549,FALSE,TRUE,41
"2.3.2.2.2.3.2.2.2.2.4.2.2.2.2.1.2.2.2.2.2.2",0.684299135891262,FALSE,TRUE,41
"2.3.2.2.2.3.2.2.2.2.3.3.2.2.2.1.2.2.2.2.2.2",0.754164468261678,FALSE,TRUE,41
"2.3.2.2.2.3.2.2.2.2.3.2.3.2.2.1.2.2.2.2.2.2",0.716543758519018,FALSE,TRUE,41
"2.3.2.2.2.3.2.2.2.2.3.2.2.3.2.1.2.2.2.2.2.2",0.738562629870662,FALSE,TRUE,41
"2.3.2.2.2.3.2.2.2.2.3.2.2.2.3.1.2.2.2.2.2.2",0.71058375252495,FALSE,TRUE,41
"2.3.2.2.2.3.2.2.2.2.3.2.2.2.2.1.3.2.2.2.2.2",0.707921949242237,FALSE,TRUE,41
"2.3.2.2.2.3.2.2.2.2.3.2.2.2.2.1.2.3.2.2.2.2",0.741980880649855,FALSE,TRUE,41
"2.3.2.2.2.3.2.2.2.2.3.2.2.2.2.1.2.2.3.2.2.2",0.685852318551876,FALSE,TRUE,41
"2.3.2.2.2.3.2.2.2.2.3.2.2.2.2.1.2.2.2.3.2.2",0.796136891728801,FALSE,TRUE,41
"2.3.2.2.2.3.2.2.2.2.3.2.2.2.2.1.2.2.2.2.3.2",0.759236664443618,FALSE,TRUE,41
"2.3.2.2.2.3.2.2.2.2.3.2.2.2.2.1.2.2.2.2.2.3",0.660902651525918,FALSE,TRUE,41
"1.3.2.2.2.3.2.2.2.2.3.2.2.2.2.1.2.2.2.2.2.2",0.687252412160133,FALSE,TRUE,40
"2.3.1.2.2.3.2.2.2.2.3.2.2.2.2.1.2.2.2.2.2.2",0.636128170036411,FALSE,TRUE,40
"2.3.2.1.2.3.2.2.2.2.3.2.2.2.2.1.2.2.2.2.2.2",0.652984356746194,FALSE,TRUE,40
"2.3.2.2.1.3.2.2.2.2.3.2.2.2.2.1.2.2.2.2.2.2",0.720915239003539,FALSE,TRUE,40
"2.3.2.2.2.2.2.2.2.2.3.2.2.2.2.1.2.2.2.2.2.2",0.715337913240609,FALSE,TRUE,41
"2.3.2.2.2.3.1.2.2.2.3.2.2.2.2.1.2.2.2.2.2.2",0.637003338908908,FALSE,TRUE,40
"2.3.2.2.2.3.2.1.2.2.3.2.2.2.2.1.2.2.2.2.2.2",0.691530443359593,FALSE,TRUE,40
"2.3.2.2.2.3.2.2.1.2.3.2.2.2.2.1.2.2.2.2.2.2",0.644064442459321,FALSE,TRUE,40
"2.3.2.2.2.3.2.2.2.1.3.2.2.2.2.1.2.2.2.2.2.2",0.647467266797562,FALSE,TRUE,40
"2.3.2.2.2.3.2.2.2.2.2.2.2.2.2.1.2.2.2.2.2.2",0.723106391367633,FALSE,TRUE,40
"2.3.2.2.2.3.2.2.2.2.3.1.2.2.2.1.2.2.2.2.2.2",0.683054780660815,FALSE,TRUE,40
"2.3.2.2.2.3.2.2.2.2.3.2.1.2.2.1.2.2.2.2.2.2",0.67441279949792,FALSE,TRUE,40
"2.3.2.2.2.3.2.2.2.2.3.2.2.1.2.1.2.2.2.2.2.2",0.656587164681262,FALSE,TRUE,40
"2.3.2.2.2.3.2.2.2.2.3.2.2.2.1.1.2.2.2.2.2.2",0.678817279307691,FALSE,TRUE,40
"2.3.2.2.2.3.2.2.2.2.3.2.2.2.2.1.1.2.2.2.2.2",0.702285423833704,FALSE,TRUE,40
"2.3.2.2.2.3.2.2.2.2.3.2.2.2.2.1.2.1.2.2.2.2",0.65585838407229,FALSE,TRUE,40
"2.3.2.2.2.3.2.2.2.2.3.2.2.2.2.1.2.2.1.2.2.2",0.688488962566302,FALSE,TRUE,40
"2.3.2.2.2.3.2.2.2.2.3.2.2.2.2.1.2.2.2.1.2.2",0.607892386964463,FALSE,TRUE,40
"2.3.2.2.2.3.2.2.2.2.3.2.2.2.2.1.2.2.2.2.1.2",0.655747332928821,FALSE,TRUE,40
"2.3.2.2.2.3.2.2.2.2.3.2.2.2.2.1.2.2.2.2.2.1",0.747908112881033,FALSE,TRUE,40
"4.3.2.3.2.2.3.2.2.2.2.2.2.2.2.2.3.3.2.2.2.2",0.743382191683025,FALSE,TRUE,43
"3.4.2.3.2.2.3.2.2.2.2.2.2.2.2.2.3.3.2.2.2.2",0.793500235581996,FALSE,TRUE,42
"3.3.3.3.2.2.3.2.2.2.2.2.2.2.2.2.3.3.2.2.2.2",0.799533891388745,FALSE,TRUE,42
"3.3.2.4.2.2.3.2.2.2.2.2.2.2.2.2.3.3.2.2.2.2",0.810918645740405,FALSE,TRUE,42
"3.3.2.3.3.2.3.2.2.2.2.2.2.2.2.2.3.3.2.2.2.2",0.816222892166844,FALSE,TRUE,42
"3.3.2.3.2.3.3.2.2.2.2.2.2.2.2.2.3.3.2.2.2.2",0.749284089285856,FALSE,TRUE,42
"3.3.2.3.2.2.4.2.2.2.2.2.2.2.2.2.3.3.2.2.2.2",0.788258017047121,FALSE,TRUE,42
"3.3.2.3.2.2.3.3.2.2.2.2.2.2.2.2.3.3.2.2.2.2",0.79227545137654,FALSE,TRUE,42
"3.3.2.3.2.2.3.2.3.2.2.2.2.2.2.2.3.3.2.2.2.2",0.736861909077869,FALSE,TRUE,42
"3.3.2.3.2.2.3.2.2.3.2.2.2.2.2.2.3.3.2.2.2.2",0.754032468374877,FALSE,TRUE,42
"3.3.2.3.2.2.3.2.2.2.3.2.2.2.2.2.3.3.2.2.2.2",0.807096532511736,FALSE,TRUE,42
"3.3.2.3.2.2.3.2.2.2.2.3.2.2.2.2.3.3.2.2.2.2",0.818240871768315,FALSE,TRUE,42
"3.3.2.3.2.2.3.2.2.2.2.2.3.2.2.2.3.3.2.2.2.2",0.778105323687485,FALSE,TRUE,42
"3.3.2.3.2.2.3.2.2.2.2.2.2.3.2.2.3.3.2.2.2.2",0.73859880369129,FALSE,TRUE,42
"3.3.2.3.2.2.3.2.2.2.2.2.2.2.3.2.3.3.2.2.2.2",0.797730232202055,FALSE,TRUE,42
"3.3.2.3.2.2.3.2.2.2.2.2.2.2.2.3.3.3.2.2.2.2",0.746588426399045,FALSE,TRUE,42
"3.3.2.3.2.2.3.2.2.2.2.2.2.2.2.2.4.3.2.2.2.2",0.750360159224583,FALSE,TRUE,42
"3.3.2.3.2.2.3.2.2.2.2.2.2.2.2.2.3.4.2.2.2.2",0.74169840344738,FALSE,TRUE,42
"3.3.2.3.2.2.3.2.2.2.2.2.2.2.2.2.3.3.3.2.2.2",0.724180715546312,FALSE,TRUE,42
"3.3.2.3.2.2.3.2.2.2.2.2.2.2.2.2.3.3.2.3.2.2",0.801225101984418,FALSE,TRUE,42
"3.3.2.3.2.2.3.2.2.2.2.2.2.2.2.2.3.3.2.2.3.2",0.783781342350318,FALSE,TRUE,42
"3.3.2.3.2.2.3.2.2.2.2.2.2.2.2.2.3.3.2.2.2.3",0.776631757579498,FALSE,TRUE,42
"3.2.2.3.2.2.3.2.2.2.2.2.2.2.2.2.3.3.2.2.2.2",0.756563319068124,FALSE,TRUE,41
"3.3.1.3.2.2.3.2.2.2.2.2.2.2.2.2.3.3.2.2.2.2",0.710855315290313,FALSE,TRUE,41
"3.3.2.2.2.2.3.2.2.2.2.2.2.2.2.2.3.3.2.2.2.2",0.734435349744687,FALSE,TRUE,42
"3.3.2.3.1.2.3.2.2.2.2.2.2.2.2.2.3.3.2.2.2.2",0.73976988216916,FALSE,TRUE,41
"3.3.2.3.2.1.3.2.2.2.2.2.2.2.2.2.3.3.2.2.2.2",0.788350898449857,FALSE,TRUE,41
"3.3.2.3.2.2.3.1.2.2.2.2.2.2.2.2.3.3.2.2.2.2",0.770130850360876,FALSE,TRUE,41
"3.3.2.3.2.2.3.2.1.2.2.2.2.2.2.2.3.3.2.2.2.2",0.78792246161397,FALSE,TRUE,41
"3.3.2.3.2.2.3.2.2.1.2.2.2.2.2.2.3.3.2.2.2.2",0.781930948661451,FALSE,TRUE,41
"3.3.2.3.2.2.3.2.2.2.1.2.2.2.2.2.3.3.2.2.2.2",0.7487130369038,FALSE,TRUE,41
"3.3.2.3.2.2.3.2.2.2.2.1.2.2.2.2.3.3.2.2.2.2",0.764065453890073,FALSE,TRUE,41
"3.3.2.3.2.2.3.2.2.2.2.2.1.2.2.2.3.3.2.2.2.2",0.761054483436924,FALSE,TRUE,41
"3.3.2.3.2.2.3.2.2.2.2.2.2.1.2.2.3.3.2.2.2.2",0.801303846739795,FALSE,TRUE,41
"3.3.2.3.2.2.3.2.2.2.2.2.2.2.1.2.3.3.2.2.2.2",0.737076321767507,FALSE,TRUE,40
"3.3.2.3.2.2.3.2.2.2.2.2.2.2.2.1.3.3.2.2.2.2",0.807094592259795,FALSE,TRUE,41
"3.3.2.3.2.2.3.2.2.2.2.2.2.2.2.2.2.3.2.2.2.2",0.810711950132406,FALSE,TRUE,42
"3.3.2.3.2.2.3.2.2.2.2.2.2.2.2.2.3.2.2.2.2.2",0.801579965707505,FALSE,TRUE,42
"3.3.2.3.2.2.3.2.2.2.2.2.2.2.2.2.3.3.1.2.2.2",0.79519396365096,FALSE,TRUE,41
"3.3.2.3.2.2.3.2.2.2.2.2.2.2.2.2.3.3.2.1.2.2",0.738594544690996,FALSE,TRUE,41
"3.3.2.3.2.2.3.2.2.2.2.2.2.2.2.2.3.3.2.2.1.2",0.776817794283627,FALSE,TRUE,41
"3.3.2.3.2.2.3.2.2.2.2.2.2.2.2.2.3.3.2.2.2.1",0.776550300281047,FALSE,TRUE,40
"3.3.2.3.2.2.2.2.2.2.2.2.2.2.1.2.3.3.2.2.2.2",0.69088906941513,FALSE,TRUE,40
"2.4.2.3.2.2.2.2.2.2.2.2.2.2.1.2.3.3.2.2.2.2",0.702384986302304,FALSE,TRUE,41
"2.3.3.3.2.2.2.2.2.2.2.2.2.2.1.2.3.3.2.2.2.2",0.746343748798708,FALSE,TRUE,41
"2.3.2.4.2.2.2.2.2.2.2.2.2.2.1.2.3.3.2.2.2.2",0.719083250794147,FALSE,TRUE,41
"2.3.2.3.3.2.2.2.2.2.2.2.2.2.1.2.3.3.2.2.2.2",0.715289937140864,FALSE,TRUE,41
"2.3.2.3.2.3.2.2.2.2.2.2.2.2.1.2.3.3.2.2.2.2",0.691723381188968,FALSE,TRUE,41
"2.3.2.3.2.2.2.3.2.2.2.2.2.2.1.2.3.3.2.2.2.2",0.709623559464924,FALSE,TRUE,41
"2.3.2.3.2.2.2.2.3.2.2.2.2.2.1.2.3.3.2.2.2.2",0.729555738203312,FALSE,TRUE,41
"2.3.2.3.2.2.2.2.2.3.2.2.2.2.1.2.3.3.2.2.2.2",0.694022535951576,FALSE,TRUE,41
"2.3.2.3.2.2.2.2.2.2.3.2.2.2.1.2.3.3.2.2.2.2",0.720960494578277,FALSE,TRUE,41
"2.3.2.3.2.2.2.2.2.2.2.3.2.2.1.2.3.3.2.2.2.2",0.744473512450324,FALSE,TRUE,41
"2.3.2.3.2.2.2.2.2.2.2.2.3.2.1.2.3.3.2.2.2.2",0.706808525187065,FALSE,TRUE,41
"2.3.2.3.2.2.2.2.2.2.2.2.2.3.1.2.3.3.2.2.2.2",0.690879604856885,FALSE,TRUE,41
"2.3.2.3.2.2.2.2.2.2.2.2.2.2.1.3.3.3.2.2.2.2",0.691370811368492,FALSE,TRUE,41
"2.3.2.3.2.2.2.2.2.2.2.2.2.2.1.2.4.3.2.2.2.2",0.664601952276875,FALSE,TRUE,41
"2.3.2.3.2.2.2.2.2.2.2.2.2.2.1.2.3.4.2.2.2.2",0.674221484651067,FALSE,TRUE,40
"2.3.2.3.2.2.2.2.2.2.2.2.2.2.1.2.3.3.3.2.2.2",0.676904091559982,FALSE,TRUE,41
"2.3.2.3.2.2.2.2.2.2.2.2.2.2.1.2.3.3.2.3.2.2",0.706213605383729,FALSE,TRUE,41
"2.3.2.3.2.2.2.2.2.2.2.2.2.2.1.2.3.3.2.2.3.2",0.711314014311259,FALSE,TRUE,41
"2.3.2.3.2.2.2.2.2.2.2.2.2.2.1.2.3.3.2.2.2.3",0.708824963908632,FALSE,TRUE,41
"1.3.2.3.2.2.2.2.2.2.2.2.2.2.1.2.3.3.2.2.2.2",0.701723729735504,FALSE,TRUE,40
"2.3.1.3.2.2.2.2.2.2.2.2.2.2.1.2.3.3.2.2.2.2",0.613367592318463,FALSE,TRUE,40
"2.3.2.2.2.2.2.2.2.2.2.2.2.2.1.2.3.3.2.2.2.2",0.671966214048083,FALSE,TRUE,39
"2.3.2.3.1.2.2.2.2.2.2.2.2.2.1.2.3.3.2.2.2.2",0.685015484343624,FALSE,TRUE,40
"2.3.2.3.2.1.2.2.2.2.2.2.2.2.1.2.3.3.2.2.2.2",0.694335060295476,FALSE,TRUE,40
"2.3.2.3.2.2.1.2.2.2.2.2.2.2.1.2.3.3.2.2.2.2",0.64130423082841,FALSE,TRUE,40
"2.3.2.3.2.2.2.1.2.2.2.2.2.2.1.2.3.3.2.2.2.2",0.697100797420613,FALSE,TRUE,40
"2.3.2.3.2.2.2.2.1.2.2.2.2.2.1.2.3.3.2.2.2.2",0.646176524581743,FALSE,TRUE,40
"2.3.2.3.2.2.2.2.2.1.2.2.2.2.1.2.3.3.2.2.2.2",0.688657699078169,FALSE,TRUE,40
"2.3.2.3.2.2.2.2.2.2.1.2.2.2.1.2.3.3.2.2.2.2",0.679812560547011,FALSE,TRUE,40
"2.3.2.3.2.2.2.2.2.2.2.1.2.2.1.2.3.3.2.2.2.2",0.685493851014832,FALSE,TRUE,40
"2.3.2.3.2.2.2.2.2.2.2.2.1.2.1.2.3.3.2.2.2.2",0.679927168109078,FALSE,TRUE,40
"2.3.2.3.2.2.2.2.2.2.2.2.2.1.1.2.3.3.2.2.2.2",0.698411047689417,FALSE,TRUE,40
"2.3.2.3.2.2.2.2.2.2.2.2.2.2.1.1.3.3.2.2.2.2",0.705539900072328,FALSE,TRUE,40
"2.3.2.3.2.2.2.2.2.2.2.2.2.2.1.2.2.3.2.2.2.2",0.741207304467127,FALSE,TRUE,41
"2.3.2.3.2.2.2.2.2.2.2.2.2.2.1.2.3.2.2.2.2.2",0.716282183237374,FALSE,TRUE,41
"2.3.2.3.2.2.2.2.2.2.2.2.2.2.1.2.3.3.1.2.2.2",0.689793866151427,FALSE,TRUE,40
"2.3.2.3.2.2.2.2.2.2.2.2.2.2.1.2.3.3.2.1.2.2",0.681314326815935,FALSE,TRUE,40
"2.3.2.3.2.2.2.2.2.2.2.2.2.2.1.2.3.3.2.2.1.2",0.695250767916195,FALSE,TRUE,40
"3.3.2.1.2.2.2.2.2.2.2.2.2.2.2.2.3.3.2.2.2.2",0.60790841004898,FALSE,TRUE,41
"2.4.2.1.2.2.2.2.2.2.2.2.2.2.2.2.3.3.2.2.2.2",0.696893742464204,FALSE,TRUE,42
"2.3.3.1.2.2.2.2.2.2.2.2.2.2.2.2.3.3.2.2.2.2",0.733644517020388,FALSE,TRUE,41
"2.3.2.1.3.2.2.2.2.2.2.2.2.2.2.2.3.3.2.2.2.2",0.664924606991278,FALSE,TRUE,41
"2.3.2.1.2.3.2.2.2.2.2.2.2.2.2.2.3.3.2.2.2.2",0.666278941367064,FALSE,TRUE,41
"2.3.2.1.2.2.3.2.2.2.2.2.2.2.2.2.3.3.2.2.2.2",0.680875396854946,FALSE,TRUE,40
"2.3.2.1.2.2.2.3.2.2.2.2.2.2.2.2.3.3.2.2.2.2",0.67126882800994,FALSE,TRUE,41
"2.3.2.1.2.2.2.2.3.2.2.2.2.2.2.2.3.3.2.2.2.2",0.64883817759931,FALSE,TRUE,41
"2.3.2.1.2.2.2.2.2.3.2.2.2.2.2.2.3.3.2.2.2.2",0.632354470772642,FALSE,TRUE,41
"2.3.2.1.2.2.2.2.2.2.3.2.2.2.2.2.3.3.2.2.2.2",0.653581281126587,FALSE,TRUE,41
"2.3.2.1.2.2.2.2.2.2.2.3.2.2.2.2.3.3.2.2.2.2",0.689211736401388,FALSE,TRUE,41
"2.3.2.1.2.2.2.2.2.2.2.2.3.2.2.2.3.3.2.2.2.2",0.675145166534087,FALSE,TRUE,41
"2.3.2.1.2.2.2.2.2.2.2.2.2.3.2.2.3.3.2.2.2.2",0.63835760800884,FALSE,TRUE,41
"2.3.2.1.2.2.2.2.2.2.2.2.2.2.3.2.3.3.2.2.2.2",0.675588087734919,FALSE,TRUE,40
"2.3.2.1.2.2.2.2.2.2.2.2.2.2.2.3.3.3.2.2.2.2",0.636365994194879,FALSE,TRUE,41
"2.3.2.1.2.2.2.2.2.2.2.2.2.2.2.2.4.3.2.2.2.2",0.640007715389835,FALSE,TRUE,41
"2.3.2.1.2.2.2.2.2.2.2.2.2.2.2.2.3.4.2.2.2.2",0.598997607038036,FALSE,TRUE,41
"2.3.2.1.2.2.2.2.2.2.2.2.2.2.2.2.3.3.3.2.2.2",0.5933741045274,FALSE,TRUE,41
"2.3.2.1.2.2.2.2.2.2.2.2.2.2.2.2.3.3.2.3.2.2",0.708062982847463,FALSE,TRUE,41
"2.3.2.1.2.2.2.2.2.2.2.2.2.2.2.2.3.3.2.2.3.2",0.648060712386936,FALSE,TRUE,41
"2.3.2.1.2.2.2.2.2.2.2.2.2.2.2.2.3.3.2.2.2.3",0.604198555788656,FALSE,TRUE,41
"1.3.2.1.2.2.2.2.2.2.2.2.2.2.2.2.3.3.2.2.2.2",0.672600943400789,FALSE,TRUE,40
"2.3.1.1.2.2.2.2.2.2.2.2.2.2.2.2.3.3.2.2.2.2",0.52014845185634,FALSE,TRUE,40
"2.3.2.1.1.2.2.2.2.2.2.2.2.2.2.2.3.3.2.2.2.2",0.620760595066451,FALSE,TRUE,40
"2.3.2.1.2.1.2.2.2.2.2.2.2.2.2.2.3.3.2.2.2.2",0.604579500529678,FALSE,TRUE,40
"2.3.2.1.2.2.1.2.2.2.2.2.2.2.2.2.3.3.2.2.2.2",0.591014684037002,FALSE,TRUE,40
"2.3.2.1.2.2.2.1.2.2.2.2.2.2.2.2.3.3.2.2.2.2",0.620121446951865,FALSE,TRUE,40
"2.3.2.1.2.2.2.2.1.2.2.2.2.2.2.2.3.3.2.2.2.2",0.61032007593593,FALSE,TRUE,40
"2.3.2.1.2.2.2.2.2.1.2.2.2.2.2.2.3.3.2.2.2.2",0.635008139110165,FALSE,TRUE,40
"2.3.2.1.2.2.2.2.2.2.1.2.2.2.2.2.3.3.2.2.2.2",0.630927613756187,FALSE,TRUE,40
"2.3.2.1.2.2.2.2.2.2.2.1.2.2.2.2.3.3.2.2.2.2",0.625193593870437,FALSE,TRUE,40
"2.3.2.1.2.2.2.2.2.2.2.2.1.2.2.2.3.3.2.2.2.2",0.600787559825193,FALSE,TRUE,40
"2.3.2.1.2.2.2.2.2.2.2.2.2.1.2.2.3.3.2.2.2.2",0.632209602506037,FALSE,TRUE,40
"2.3.2.1.2.2.2.2.2.2.2.2.2.2.1.2.3.3.2.2.2.2",0.594052780946013,FALSE,TRUE,39
"2.3.2.1.2.2.2.2.2.2.2.2.2.2.2.1.3.3.2.2.2.2",0.64393537241561,FALSE,TRUE,40
"2.3.2.1.2.2.2.2.2.2.2.2.2.2.2.2.2.3.2.2.2.2",0.653547426854174,FALSE,TRUE,40
"2.3.2.1.2.2.2.2.2.2.2.2.2.2.2.2.3.2.2.2.2.2",0.674059055464677,FALSE,TRUE,40
"2.3.2.1.2.2.2.2.2.2.2.2.2.2.2.2.3.3.1.2.2.2",0.658998763873018,FALSE,TRUE,40
"2.3.2.1.2.2.2.2.2.2.2.2.2.2.2.2.3.3.2.1.2.2",0.57713285592856,FALSE,TRUE,40
"2.3.2.1.2.2.2.2.2.2.2.2.2.2.2.2.3.3.2.2.1.2",0.645480174702785,FALSE,TRUE,40
"2.3.2.1.2.2.2.2.2.2.2.2.2.2.2.2.3.3.2.2.2.1",0.683729534675155,FALSE,TRUE,39
