"karyotype","fitness","is_fq","is_nn","boundary_degree"
"2.2.2.2.2.2.2.2.2.2.2.2.2.2.2.2.2.2.2.2.2.2",0.415687959644439,TRUE,FALSE,0
"2.2.2.2.2.2.2.3.2.2.2.2.2.2.2.2.2.2.2.2.2.2",0.468132386812548,TRUE,FALSE,0
"2.2.1.2.2.2.2.2.2.2.2.2.2.2.2.2.2.2.2.2.2.2",0.383681973719446,TRUE,FALSE,0
"2.2.1.2.2.2.2.2.2.2.2.2.2.2.2.2.2.2.2.2.3.2",0.422044982353757,TRUE,FALSE,0
"2.2.2.2.2.2.2.3.2.2.2.2.2.2.2.2.2.2.3.2.2.2",0.460104522621773,TRUE,FALSE,0
"2.2.2.2.2.2.2.3.2.2.2.2.2.2.2.2.2.1.2.2.2.2",0.483337942166197,TRUE,FALSE,0
"2.2.1.2.2.2.2.2.2.2.2.2.2.2.2.2.2.2.2.2.3.1",0.471484706346158,TRUE,FALSE,0
"2.2.1.2.2.2.2.2.2.2.2.2.2.1.2.2.2.2.2.2.3.1",0.46907082112902,TRUE,FALSE,0
"2.2.1.2.2.2.2.2.1.2.2.2.2.2.2.2.2.2.2.2.3.2",0.377425142161773,TRUE,FALSE,0
"2.2.2.2.2.2.2.3.2.2.2.2.2.2.2.2.2.1.2.2.3.2",0.531144601979957,TRUE,FALSE,0
"2.2.2.2.2.2.2.3.2.2.2.2.2.2.2.2.1.1.2.2.3.2",0.532979243026456,TRUE,FALSE,0
"2.2.1.2.2.2.2.2.2.2.2.2.2.1.2.2.2.2.2.2.2.1",0.416518344102496,TRUE,FALSE,0
"2.3.1.2.2.2.2.2.2.2.2.2.2.1.2.2.2.2.2.2.2.1",0.44967724343557,TRUE,FALSE,0
"2.2.2.2.2.2.2.3.2.2.2.2.1.2.2.2.2.2.3.2.2.2",0.417102088837109,TRUE,FALSE,0
"2.2.1.2.2.2.2.2.1.2.2.2.2.1.2.2.2.2.2.2.2.1",0.388744869319756,TRUE,FALSE,0
"2.2.1.2.2.2.2.2.2.2.2.2.2.1.2.2.3.2.2.2.2.1",0.396737850089859,TRUE,FALSE,0
"2.2.1.2.2.2.2.2.2.2.2.2.2.1.2.1.2.2.2.2.3.1",0.39157952258217,TRUE,FALSE,0
"2.2.2.2.2.3.2.3.2.2.2.2.2.2.2.2.2.2.3.2.2.2",0.424428664911976,TRUE,FALSE,0
"2.2.1.2.2.2.2.2.2.2.2.2.2.1.2.2.2.2.3.2.2.1",0.416804536830385,TRUE,FALSE,0
"2.2.2.1.2.2.2.3.2.2.2.2.2.2.2.2.2.2.2.2.2.2",0.437349479281435,TRUE,FALSE,0
"2.2.1.2.2.2.2.2.2.2.2.2.2.2.2.1.2.2.2.2.3.1",0.402653242307135,TRUE,FALSE,0
"2.3.2.2.2.2.2.2.2.2.2.2.2.1.2.2.2.2.2.2.2.1",0.487631504865608,TRUE,FALSE,0
"2.2.1.2.2.2.2.2.2.2.2.2.2.2.2.2.2.3.2.2.3.1",0.444672962918058,TRUE,FALSE,0
"2.2.1.2.2.2.2.2.2.2.2.2.3.2.2.2.2.2.2.2.2.2",0.408105625667,TRUE,FALSE,0
"2.2.1.2.3.2.2.2.2.2.2.2.2.1.2.1.2.2.2.2.3.1",0.369384891676157,TRUE,FALSE,0
"2.2.1.2.2.2.2.2.1.2.2.2.2.1.2.2.2.3.2.2.2.1",0.376525912623129,TRUE,FALSE,0
"2.3.1.2.2.2.2.2.2.2.2.2.2.1.2.2.2.2.2.1.2.1",0.535355279389075,TRUE,FALSE,0
"2.2.2.2.2.2.1.3.2.2.2.2.2.2.2.2.1.1.2.2.3.2",0.530156431164748,TRUE,FALSE,0
"2.2.2.2.2.1.2.3.2.2.2.2.2.2.2.2.2.1.2.2.2.2",0.498048328170493,TRUE,FALSE,0
"2.2.1.2.2.2.2.3.2.2.2.2.2.2.2.2.2.3.2.2.3.1",0.498498448278459,TRUE,FALSE,0
"2.4.2.2.2.2.2.2.2.2.2.2.2.1.2.2.2.2.2.2.2.1",0.513181865872307,TRUE,FALSE,0
"2.2.2.2.2.3.2.3.2.2.3.2.2.2.2.2.2.2.3.2.2.2",0.375829459378443,TRUE,FALSE,0
"2.2.1.2.2.2.2.2.2.2.2.2.3.2.2.2.2.2.2.2.2.1",0.456226057916133,TRUE,FALSE,0
"2.2.2.2.2.2.2.2.2.2.2.2.2.2.2.2.2.3.2.2.3.1",0.464410196438794,TRUE,FALSE,0
"2.2.1.2.2.2.2.2.2.2.2.2.3.2.2.1.2.2.2.2.3.1",0.441847348501427,TRUE,FALSE,0
"2.3.1.2.2.2.2.1.2.2.2.2.2.1.2.2.2.2.2.2.2.1",0.392783908095865,TRUE,FALSE,0
"2.3.2.2.2.2.2.2.2.2.2.2.2.1.2.2.2.2.1.2.2.1",0.490389336203888,TRUE,FALSE,0
"2.3.1.2.2.2.2.2.2.1.2.2.2.1.2.2.2.2.2.1.2.1",0.606235910248262,TRUE,FALSE,0
"2.3.1.2.3.2.2.2.2.2.2.2.2.1.2.2.2.2.2.1.2.1",0.517173827437311,TRUE,FALSE,0
"2.2.1.2.2.2.2.3.2.2.2.2.2.2.2.2.1.1.2.2.3.2",0.503978612503923,TRUE,FALSE,0
"2.2.1.2.2.2.2.3.2.2.2.2.2.2.2.2.2.2.2.2.3.1",0.526708495418472,TRUE,FALSE,0
"2.2.2.1.2.2.2.3.2.2.2.1.2.2.2.2.2.2.2.2.2.2",0.492785974223274,TRUE,FALSE,0
"2.3.1.1.2.2.2.1.2.2.2.2.2.1.2.2.2.2.2.2.2.1",0.358487560407315,TRUE,FALSE,0
"2.2.1.2.2.2.2.2.1.2.2.1.2.1.2.2.2.2.2.2.2.1",0.433170850046384,TRUE,FALSE,0
"2.2.2.3.2.2.2.3.2.2.2.2.1.2.2.2.2.2.3.2.2.2",0.405472858334252,TRUE,FALSE,0
"2.2.2.2.1.2.2.2.2.2.2.2.2.2.2.2.2.3.2.2.3.1",0.475819126138256,TRUE,FALSE,0
"2.2.2.2.2.2.2.3.2.2.2.2.1.2.2.2.1.1.2.2.3.2",0.490376891310732,TRUE,FALSE,0
"2.2.1.2.1.2.2.2.2.2.2.2.2.2.2.2.2.2.2.2.3.1",0.46896210162439,TRUE,FALSE,0
"2.2.2.2.2.2.2.3.2.2.2.2.1.1.2.2.2.2.3.2.2.2",0.420049872622988,TRUE,FALSE,0
"2.2.2.2.1.2.2.2.2.2.2.2.2.2.2.2.2.3.2.2.2.1",0.446008778846469,TRUE,FALSE,0
"3.2.2.2.2.2.2.2.2.2.2.2.2.2.2.2.2.2.2.2.2.2",0.359585102938966,FALSE,TRUE,41
"2.3.2.2.2.2.2.2.2.2.2.2.2.2.2.2.2.2.2.2.2.2",0.456848487469991,FALSE,TRUE,39
"2.2.3.2.2.2.2.2.2.2.2.2.2.2.2.2.2.2.2.2.2.2",0.417409325960823,FALSE,TRUE,42
"2.2.2.3.2.2.2.2.2.2.2.2.2.2.2.2.2.2.2.2.2.2",0.429743401810476,FALSE,TRUE,41
"2.2.2.2.3.2.2.2.2.2.2.2.2.2.2.2.2.2.2.2.2.2",0.397991735111674,FALSE,TRUE,41
"2.2.2.2.2.3.2.2.2.2.2.2.2.2.2.2.2.2.2.2.2.2",0.384002220468469,FALSE,TRUE,40
"2.2.2.2.2.2.3.2.2.2.2.2.2.2.2.2.2.2.2.2.2.2",0.407716979817043,FALSE,TRUE,41
"2.2.2.2.2.2.2.2.3.2.2.2.2.2.2.2.2.2.2.2.2.2",0.42292229061703,FALSE,TRUE,41
"2.2.2.2.2.2.2.2.2.3.2.2.2.2.2.2.2.2.2.2.2.2",0.34977153530977,FALSE,TRUE,41
"2.2.2.2.2.2.2.2.2.2.3.2.2.2.2.2.2.2.2.2.2.2",0.363152968503629,FALSE,TRUE,41
"2.2.2.2.2.2.2.2.2.2.2.3.2.2.2.2.2.2.2.2.2.2",0.335751137041523,FALSE,TRUE,41
"2.2.2.2.2.2.2.2.2.2.2.2.3.2.2.2.2.2.2.2.2.2",0.444293568167634,FALSE,TRUE,40
"2.2.2.2.2.2.2.2.2.2.2.2.2.3.2.2.2.2.2.2.2.2",0.415125108965779,FALSE,TRUE,41
"2.2.2.2.2.2.2.2.2.2.2.2.2.2.3.2.2.2.2.2.2.2",0.407649235473281,FALSE,TRUE,41
"2.2.2.2.2.2.2.2.2.2.2.2.2.2.2.3.2.2.2.2.2.2",0.466268419223418,FALSE,TRUE,41
"2.2.2.2.2.2.2.2.2.2.2.2.2.2.2.2.3.2.2.2.2.2",0.385883397426191,FALSE,TRUE,41
"2.2.2.2.2.2.2.2.2.2.2.2.2.2.2.2.2.3.2.2.2.2",0.394139683501833,FALSE,TRUE,38
"2.2.2.2.2.2.2.2.2.2.2.2.2.2.2.2.2.2.3.2.2.2",0.409908884273767,FALSE,TRUE,39
"2.2.2.2.2.2.2.2.2.2.2.2.2.2.2.2.2.2.2.3.2.2",0.308684478720821,FALSE,TRUE,41
"2.2.2.2.2.2.2.2.2.2.2.2.2.2.2.2.2.2.2.2.3.2",0.442922865688744,FALSE,TRUE,37
"2.2.2.2.2.2.2.2.2.2.2.2.2.2.2.2.2.2.2.2.2.3",0.352784605435119,FALSE,TRUE,41
"1.2.2.2.2.2.2.2.2.2.2.2.2.2.2.2.2.2.2.2.2.2",0.448699823953844,FALSE,TRUE,40
"2.1.2.2.2.2.2.2.2.2.2.2.2.2.2.2.2.2.2.2.2.2",0.367383831202198,FALSE,TRUE,40
"2.2.2.1.2.2.2.2.2.2.2.2.2.2.2.2.2.2.2.2.2.2",0.385052649014378,FALSE,TRUE,39
"2.2.2.2.1.2.2.2.2.2.2.2.2.2.2.2.2.2.2.2.2.2",0.420013764249732,FALSE,TRUE,38
"2.2.2.2.2.1.2.2.2.2.2.2.2.2.2.2.2.2.2.2.2.2",0.429441128089918,FALSE,TRUE,39
"2.2.2.2.2.2.1.2.2.2.2.2.2.2.2.2.2.2.2.2.2.2",0.409375802439169,FALSE,TRUE,40
"2.2.2.2.2.2.2.1.2.2.2.2.2.2.2.2.2.2.2.2.2.2",0.349452289230113,FALSE,TRUE,41
"2.2.2.2.2.2.2.2.1.2.2.2.2.2.2.2.2.2.2.2.2.2",0.390171619934404,FALSE,TRUE,39
"2.2.2.2.2.2.2.2.2.1.2.2.2.2.2.2.2.2.2.2.2.2",0.474636411390912,FALSE,TRUE,40
"2.2.2.2.2.2.2.2.2.2.1.2.2.2.2.2.2.2.2.2.2.2",0.453919794453249,FALSE,TRUE,40
"2.2.2.2.2.2.2.2.2.2.2.1.2.2.2.2.2.2.2.2.2.2",0.481260290255011,FALSE,TRUE,39
"2.2.2.2.2.2.2.2.2.2.2.2.1.2.2.2.2.2.2.2.2.2",0.373881431974099,FALSE,TRUE,39
"2.2.2.2.2.2.2.2.2.2.2.2.2.1.2.2.2.2.2.2.2.2",0.400904756260677,FALSE,TRUE,38
"2.2.2.2.2.2.2.2.2.2.2.2.2.2.1.2.2.2.2.2.2.2",0.412655961185367,FALSE,TRUE,40
"2.2.2.2.2.2.2.2.2.2.2.2.2.2.2.1.2.2.2.2.2.2",0.347422258011431,FALSE,TRUE,40
"2.2.2.2.2.2.2.2.2.2.2.2.2.2.2.2.1.2.2.2.2.2",0.430000440267028,FALSE,TRUE,40
"2.2.2.2.2.2.2.2.2.2.2.2.2.2.2.2.2.1.2.2.2.2",0.431482412288581,FALSE,TRUE,38
"2.2.2.2.2.2.2.2.2.2.2.2.2.2.2.2.2.2.1.2.2.2",0.41140273069965,FALSE,TRUE,40
"2.2.2.2.2.2.2.2.2.2.2.2.2.2.2.2.2.2.2.1.2.2",0.502086597456429,FALSE,TRUE,40
"2.2.2.2.2.2.2.2.2.2.2.2.2.2.2.2.2.2.2.2.1.2",0.366044677354041,FALSE,TRUE,40
"2.2.2.2.2.2.2.2.2.2.2.2.2.2.2.2.2.2.2.2.2.1",0.466416105959589,FALSE,TRUE,34
"3.2.2.2.2.2.2.3.2.2.2.2.2.2.2.2.2.2.2.2.2.2",0.417799127423145,FALSE,TRUE,39
"2.3.2.2.2.2.2.3.2.2.2.2.2.2.2.2.2.2.2.2.2.2",0.502348488516504,FALSE,TRUE,39
"2.2.3.2.2.2.2.3.2.2.2.2.2.2.2.2.2.2.2.2.2.2",0.466921313166212,FALSE,TRUE,39
"2.2.2.3.2.2.2.3.2.2.2.2.2.2.2.2.2.2.2.2.2.2",0.481296059933035,FALSE,TRUE,39
"2.2.2.2.3.2.2.3.2.2.2.2.2.2.2.2.2.2.2.2.2.2",0.451154490759116,FALSE,TRUE,39
"2.2.2.2.2.3.2.3.2.2.2.2.2.2.2.2.2.2.2.2.2.2",0.436144807036151,FALSE,TRUE,38
"2.2.2.2.2.2.3.3.2.2.2.2.2.2.2.2.2.2.2.2.2.2",0.456915220389691,FALSE,TRUE,39
"2.2.2.2.2.2.2.4.2.2.2.2.2.2.2.2.2.2.2.2.2.2",0.505648419579465,FALSE,TRUE,40
"2.2.2.2.2.2.2.3.3.2.2.2.2.2.2.2.2.2.2.2.2.2",0.469567088537463,FALSE,TRUE,39
"2.2.2.2.2.2.2.3.2.3.2.2.2.2.2.2.2.2.2.2.2.2",0.396325310458097,FALSE,TRUE,39
"2.2.2.2.2.2.2.3.2.2.3.2.2.2.2.2.2.2.2.2.2.2",0.423810194974388,FALSE,TRUE,38
"2.2.2.2.2.2.2.3.2.2.2.3.2.2.2.2.2.2.2.2.2.2",0.398443136034784,FALSE,TRUE,39
"2.2.2.2.2.2.2.3.2.2.2.2.3.2.2.2.2.2.2.2.2.2",0.488508025579684,FALSE,TRUE,38
"2.2.2.2.2.2.2.3.2.2.2.2.2.3.2.2.2.2.2.2.2.2",0.459778508694673,FALSE,TRUE,39
"2.2.2.2.2.2.2.3.2.2.2.2.2.2.3.2.2.2.2.2.2.2",0.454344077148832,FALSE,TRUE,39
"2.2.2.2.2.2.2.3.2.2.2.2.2.2.2.3.2.2.2.2.2.2",0.514012998411685,FALSE,TRUE,39
"2.2.2.2.2.2.2.3.2.2.2.2.2.2.2.2.3.2.2.2.2.2",0.432181904913049,FALSE,TRUE,39
"2.2.2.2.2.2.2.3.2.2.2.2.2.2.2.2.2.3.2.2.2.2",0.444070065231388,FALSE,TRUE,40
"2.2.2.2.2.2.2.3.2.2.2.2.2.2.2.2.2.2.2.3.2.2",0.363239752080625,FALSE,TRUE,39
"2.2.2.2.2.2.2.3.2.2.2.2.2.2.2.2.2.2.2.2.3.2",0.501294549254956,FALSE,TRUE,36
"2.2.2.2.2.2.2.3.2.2.2.2.2.2.2.2.2.2.2.2.2.3",0.408252350911115,FALSE,TRUE,39
"1.2.2.2.2.2.2.3.2.2.2.2.2.2.2.2.2.2.2.2.2.2",0.495773894212978,FALSE,TRUE,38
"2.1.2.2.2.2.2.3.2.2.2.2.2.2.2.2.2.2.2.2.2.2",0.425949349860538,FALSE,TRUE,38
"2.2.1.2.2.2.2.3.2.2.2.2.2.2.2.2.2.2.2.2.2.2",0.435923431602137,FALSE,TRUE,35
"2.2.2.2.1.2.2.3.2.2.2.2.2.2.2.2.2.2.2.2.2.2",0.47199235771684,FALSE,TRUE,38
"2.2.2.2.2.1.2.3.2.2.2.2.2.2.2.2.2.2.2.2.2.2",0.482062644730584,FALSE,TRUE,38
"2.2.2.2.2.2.1.3.2.2.2.2.2.2.2.2.2.2.2.2.2.2",0.462348714930089,FALSE,TRUE,38
"2.2.2.2.2.2.2.3.1.2.2.2.2.2.2.2.2.2.2.2.2.2",0.447266753648167,FALSE,TRUE,38
"2.2.2.2.2.2.2.3.2.1.2.2.2.2.2.2.2.2.2.2.2.2",0.533914168695511,FALSE,TRUE,38
"2.2.2.2.2.2.2.3.2.2.1.2.2.2.2.2.2.2.2.2.2.2",0.495839486154882,FALSE,TRUE,38
"2.2.2.2.2.2.2.3.2.2.2.1.2.2.2.2.2.2.2.2.2.2",0.5233915988885,FALSE,TRUE,38
"2.2.2.2.2.2.2.3.2.2.2.2.1.2.2.2.2.2.2.2.2.2",0.432819203748975,FALSE,TRUE,36
"2.2.2.2.2.2.2.3.2.2.2.2.2.1.2.2.2.2.2.2.2.2",0.457479862497841,FALSE,TRUE,37
"2.2.2.2.2.2.2.3.2.2.2.2.2.2.1.2.2.2.2.2.2.2",0.471372759884398,FALSE,TRUE,38
"2.2.2.2.2.2.2.3.2.2.2.2.2.2.2.1.2.2.2.2.2.2",0.402028797606903,FALSE,TRUE,38
"2.2.2.2.2.2.2.3.2.2.2.2.2.2.2.2.1.2.2.2.2.2",0.486970881964009,FALSE,TRUE,37
"2.2.2.2.2.2.2.3.2.2.2.2.2.2.2.2.2.2.1.2.2.2",0.464669507169675,FALSE,TRUE,39
"2.2.2.2.2.2.2.3.2.2.2.2.2.2.2.2.2.2.2.1.2.2",0.552497086895128,FALSE,TRUE,38
"2.2.2.2.2.2.2.3.2.2.2.2.2.2.2.2.2.2.2.2.1.2",0.411995355906904,FALSE,TRUE,38
"2.2.2.2.2.2.2.3.2.2.2.2.2.2.2.2.2.2.2.2.2.1",0.516730519897407,FALSE,TRUE,36
"3.2.1.2.2.2.2.2.2.2.2.2.2.2.2.2.2.2.2.2.2.2",0.329514008898558,FALSE,TRUE,39
"2.3.1.2.2.2.2.2.2.2.2.2.2.2.2.2.2.2.2.2.2.2",0.424638114425052,FALSE,TRUE,37
"2.2.1.3.2.2.2.2.2.2.2.2.2.2.2.2.2.2.2.2.2.2",0.40294421167656,FALSE,TRUE,39
"2.2.1.2.3.2.2.2.2.2.2.2.2.2.2.2.2.2.2.2.2.2",0.377747049946657,FALSE,TRUE,39
"2.2.1.2.2.3.2.2.2.2.2.2.2.2.2.2.2.2.2.2.2.2",0.356853133597363,FALSE,TRUE,39
"2.2.1.2.2.2.3.2.2.2.2.2.2.2.2.2.2.2.2.2.2.2",0.373957981833411,FALSE,TRUE,39
"2.2.1.2.2.2.2.2.3.2.2.2.2.2.2.2.2.2.2.2.2.2",0.401465647577051,FALSE,TRUE,39
"2.2.1.2.2.2.2.2.2.3.2.2.2.2.2.2.2.2.2.2.2.2",0.314757938382386,FALSE,TRUE,39
"2.2.1.2.2.2.2.2.2.2.3.2.2.2.2.2.2.2.2.2.2.2",0.332624374388261,FALSE,TRUE,39
"2.2.1.2.2.2.2.2.2.2.2.3.2.2.2.2.2.2.2.2.2.2",0.316382410443332,FALSE,TRUE,39
"2.2.1.2.2.2.2.2.2.2.2.2.2.3.2.2.2.2.2.2.2.2",0.384483499514059,FALSE,TRUE,39
"2.2.1.2.2.2.2.2.2.2.2.2.2.2.3.2.2.2.2.2.2.2",0.361381342070308,FALSE,TRUE,39
"2.2.1.2.2.2.2.2.2.2.2.2.2.2.2.3.2.2.2.2.2.2",0.440032833115349,FALSE,TRUE,39
"2.2.1.2.2.2.2.2.2.2.2.2.2.2.2.2.3.2.2.2.2.2",0.354352820271838,FALSE,TRUE,37
"2.2.1.2.2.2.2.2.2.2.2.2.2.2.2.2.2.3.2.2.2.2",0.367756619670211,FALSE,TRUE,38
"2.2.1.2.2.2.2.2.2.2.2.2.2.2.2.2.2.2.3.2.2.2",0.386114177085157,FALSE,TRUE,36
"2.2.1.2.2.2.2.2.2.2.2.2.2.2.2.2.2.2.2.3.2.2",0.282771968032783,FALSE,TRUE,39
"2.2.1.2.2.2.2.2.2.2.2.2.2.2.2.2.2.2.2.2.2.3",0.323254635617303,FALSE,TRUE,39
"1.2.1.2.2.2.2.2.2.2.2.2.2.2.2.2.2.2.2.2.2.2",0.414887225646466,FALSE,TRUE,38
"2.1.1.2.2.2.2.2.2.2.2.2.2.2.2.2.2.2.2.2.2.2",0.334199716821798,FALSE,TRUE,38
"2.2.1.1.2.2.2.2.2.2.2.2.2.2.2.2.2.2.2.2.2.2",0.346722189958886,FALSE,TRUE,37
"2.2.1.2.1.2.2.2.2.2.2.2.2.2.2.2.2.2.2.2.2.2",0.375922327429709,FALSE,TRUE,37
"2.2.1.2.2.1.2.2.2.2.2.2.2.2.2.2.2.2.2.2.2.2",0.392898100178302,FALSE,TRUE,38
"2.2.1.2.2.2.1.2.2.2.2.2.2.2.2.2.2.2.2.2.2.2",0.377693393413771,FALSE,TRUE,38
"2.2.1.2.2.2.2.1.2.2.2.2.2.2.2.2.2.2.2.2.2.2",0.31907454057666,FALSE,TRUE,38
"2.2.1.2.2.2.2.2.1.2.2.2.2.2.2.2.2.2.2.2.2.2",0.346723254573704,FALSE,TRUE,36
"2.2.1.2.2.2.2.2.2.1.2.2.2.2.2.2.2.2.2.2.2.2",0.445416378897267,FALSE,TRUE,38
"2.2.1.2.2.2.2.2.2.2.1.2.2.2.2.2.2.2.2.2.2.2",0.420497704398454,FALSE,TRUE,38
"2.2.1.2.2.2.2.2.2.2.2.1.2.2.2.2.2.2.2.2.2.2",0.434996701124534,FALSE,TRUE,38
"2.2.1.2.2.2.2.2.2.2.2.2.1.2.2.2.2.2.2.2.2.2",0.344764549546054,FALSE,TRUE,39
"2.2.1.2.2.2.2.2.2.2.2.2.2.1.2.2.2.2.2.2.2.2",0.367658903126293,FALSE,TRUE,33
"2.2.1.2.2.2.2.2.2.2.2.2.2.2.1.2.2.2.2.2.2.2",0.392420262596164,FALSE,TRUE,38
"2.2.1.2.2.2.2.2.2.2.2.2.2.2.2.1.2.2.2.2.2.2",0.314471541828821,FALSE,TRUE,37
"2.2.1.2.2.2.2.2.2.2.2.2.2.2.2.2.1.2.2.2.2.2",0.398056046553627,FALSE,TRUE,38
"2.2.1.2.2.2.2.2.2.2.2.2.2.2.2.2.2.1.2.2.2.2",0.391106505204824,FALSE,TRUE,37
"2.2.1.2.2.2.2.2.2.2.2.2.2.2.2.2.2.2.1.2.2.2",0.369262842285079,FALSE,TRUE,38
"2.2.1.2.2.2.2.2.2.2.2.2.2.2.2.2.2.2.2.1.2.2",0.462400477702241,FALSE,TRUE,38
"2.2.1.2.2.2.2.2.2.2.2.2.2.2.2.2.2.2.2.2.1.2",0.322385497990662,FALSE,TRUE,39
"2.2.1.2.2.2.2.2.2.2.2.2.2.2.2.2.2.2.2.2.2.1",0.430370895459017,FALSE,TRUE,29
"3.2.1.2.2.2.2.2.2.2.2.2.2.2.2.2.2.2.2.2.3.2",0.353578277455049,FALSE,TRUE,39
"2.3.1.2.2.2.2.2.2.2.2.2.2.2.2.2.2.2.2.2.3.2",0.46927303255494,FALSE,TRUE,39
"2.2.1.3.2.2.2.2.2.2.2.2.2.2.2.2.2.2.2.2.3.2",0.432624605711811,FALSE,TRUE,39
"2.2.1.2.3.2.2.2.2.2.2.2.2.2.2.2.2.2.2.2.3.2",0.404135742679629,FALSE,TRUE,39
"2.2.1.2.2.3.2.2.2.2.2.2.2.2.2.2.2.2.2.2.3.2",0.398963006548629,FALSE,TRUE,39
"2.2.1.2.2.2.3.2.2.2.2.2.2.2.2.2.2.2.2.2.3.2",0.408389555702198,FALSE,TRUE,39
"2.2.1.2.2.2.2.3.2.2.2.2.2.2.2.2.2.2.2.2.3.2",0.481561471353544,FALSE,TRUE,35
"2.2.1.2.2.2.2.2.3.2.2.2.2.2.2.2.2.2.2.2.3.2",0.448274707268049,FALSE,TRUE,40
"2.2.1.2.2.2.2.2.2.3.2.2.2.2.2.2.2.2.2.2.3.2",0.360508658961056,FALSE,TRUE,39
"2.2.1.2.2.2.2.2.2.2.3.2.2.2.2.2.2.2.2.2.3.2",0.367713004273891,FALSE,TRUE,39
"2.2.1.2.2.2.2.2.2.2.2.3.2.2.2.2.2.2.2.2.3.2",0.344011879983787,FALSE,TRUE,39
"2.2.1.2.2.2.2.2.2.2.2.2.3.2.2.2.2.2.2.2.3.2",0.453417705261615,FALSE,TRUE,38
"2.2.1.2.2.2.2.2.2.2.2.2.2.3.2.2.2.2.2.2.3.2",0.408484254639853,FALSE,TRUE,39
"2.2.1.2.2.2.2.2.2.2.2.2.2.2.3.2.2.2.2.2.3.2",0.399955527512547,FALSE,TRUE,39
"2.2.1.2.2.2.2.2.2.2.2.2.2.2.2.3.2.2.2.2.3.2",0.472629926463386,FALSE,TRUE,39
"2.2.1.2.2.2.2.2.2.2.2.2.2.2.2.2.3.2.2.2.3.2",0.397082158992513,FALSE,TRUE,39
"2.2.1.2.2.2.2.2.2.2.2.2.2.2.2.2.2.3.2.2.3.2",0.390735076764652,FALSE,TRUE,37
"2.2.1.2.2.2.2.2.2.2.2.2.2.2.2.2.2.2.3.2.3.2",0.413259013123199,FALSE,TRUE,39
"2.2.1.2.2.2.2.2.2.2.2.2.2.2.2.2.2.2.2.3.3.2",0.32992602523518,FALSE,TRUE,39
"2.2.1.2.2.2.2.2.2.2.2.2.2.2.2.2.2.2.2.2.4.2",0.440770014372179,FALSE,TRUE,40
"2.2.1.2.2.2.2.2.2.2.2.2.2.2.2.2.2.2.2.2.3.3",0.362187695409786,FALSE,TRUE,40
"1.2.1.2.2.2.2.2.2.2.2.2.2.2.2.2.2.2.2.2.3.2",0.466249972212429,FALSE,TRUE,38
"2.1.1.2.2.2.2.2.2.2.2.2.2.2.2.2.2.2.2.2.3.2",0.366422392383736,FALSE,TRUE,38
"2.2.1.1.2.2.2.2.2.2.2.2.2.2.2.2.2.2.2.2.3.2",0.3941576738373,FALSE,TRUE,38
"2.2.1.2.1.2.2.2.2.2.2.2.2.2.2.2.2.2.2.2.3.2",0.427057184302577,FALSE,TRUE,38
"2.2.1.2.2.1.2.2.2.2.2.2.2.2.2.2.2.2.2.2.3.2",0.428549604347165,FALSE,TRUE,38
"2.2.1.2.2.2.1.2.2.2.2.2.2.2.2.2.2.2.2.2.3.2",0.418550015726753,FALSE,TRUE,38
"2.2.1.2.2.2.2.1.2.2.2.2.2.2.2.2.2.2.2.2.3.2",0.348235967282154,FALSE,TRUE,38
"2.2.1.2.2.2.2.2.2.1.2.2.2.2.2.2.2.2.2.2.3.2",0.473286696403531,FALSE,TRUE,38
"2.2.1.2.2.2.2.2.2.2.1.2.2.2.2.2.2.2.2.2.3.2",0.461972919555458,FALSE,TRUE,38
"2.2.1.2.2.2.2.2.2.2.2.1.2.2.2.2.2.2.2.2.3.2",0.483942721391933,FALSE,TRUE,38
"2.2.1.2.2.2.2.2.2.2.2.2.1.2.2.2.2.2.2.2.3.2",0.375679833105434,FALSE,TRUE,38
"2.2.1.2.2.2.2.2.2.2.2.2.2.1.2.2.2.2.2.2.3.2",0.41633612573321,FALSE,TRUE,37
"2.2.1.2.2.2.2.2.2.2.2.2.2.2.1.2.2.2.2.2.3.2",0.433153307862133,FALSE,TRUE,38
"2.2.1.2.2.2.2.2.2.2.2.2.2.2.2.1.2.2.2.2.3.2",0.355794891946692,FALSE,TRUE,36
"2.2.1.2.2.2.2.2.2.2.2.2.2.2.2.2.1.2.2.2.3.2",0.428229193780898,FALSE,TRUE,36
"2.2.1.2.2.2.2.2.2.2.2.2.2.2.2.2.2.1.2.2.3.2",0.443589474162374,FALSE,TRUE,35
"2.2.1.2.2.2.2.2.2.2.2.2.2.2.2.2.2.2.1.2.3.2",0.41798641545871,FALSE,TRUE,38
"2.2.1.2.2.2.2.2.2.2.2.2.2.2.2.2.2.2.2.1.3.2",0.494358735598734,FALSE,TRUE,38
"3.2.2.2.2.2.2.3.2.2.2.2.2.2.2.2.2.2.3.2.2.2",0.404700830167496,FALSE,TRUE,40
"2.3.2.2.2.2.2.3.2.2.2.2.2.2.2.2.2.2.3.2.2.2",0.49023067333994,FALSE,TRUE,40
"2.2.3.2.2.2.2.3.2.2.2.2.2.2.2.2.2.2.3.2.2.2",0.451418854018624,FALSE,TRUE,40
"2.2.2.3.2.2.2.3.2.2.2.2.2.2.2.2.2.2.3.2.2.2",0.460638307525146,FALSE,TRUE,40
"2.2.2.2.3.2.2.3.2.2.2.2.2.2.2.2.2.2.3.2.2.2",0.446182952915179,FALSE,TRUE,40
"2.2.2.2.2.2.3.3.2.2.2.2.2.2.2.2.2.2.3.2.2.2",0.446430549338743,FALSE,TRUE,40
"2.2.2.2.2.2.2.4.2.2.2.2.2.2.2.2.2.2.3.2.2.2",0.496654442542282,FALSE,TRUE,40
"2.2.2.2.2.2.2.3.3.2.2.2.2.2.2.2.2.2.3.2.2.2",0.45171713108954,FALSE,TRUE,40
"2.2.2.2.2.2.2.3.2.3.2.2.2.2.2.2.2.2.3.2.2.2",0.396141292444165,FALSE,TRUE,40
"2.2.2.2.2.2.2.3.2.2.3.2.2.2.2.2.2.2.3.2.2.2",0.413342038960331,FALSE,TRUE,40
"2.2.2.2.2.2.2.3.2.2.2.3.2.2.2.2.2.2.3.2.2.2",0.392137025222822,FALSE,TRUE,40
"2.2.2.2.2.2.2.3.2.2.2.2.3.2.2.2.2.2.3.2.2.2",0.490769337960068,FALSE,TRUE,41
"2.2.2.2.2.2.2.3.2.2.2.2.2.3.2.2.2.2.3.2.2.2",0.452587983215532,FALSE,TRUE,40
"2.2.2.2.2.2.2.3.2.2.2.2.2.2.3.2.2.2.3.2.2.2",0.449509019407715,FALSE,TRUE,40
"2.2.2.2.2.2.2.3.2.2.2.2.2.2.2.3.2.2.3.2.2.2",0.503555239041914,FALSE,TRUE,40
"2.2.2.2.2.2.2.3.2.2.2.2.2.2.2.2.3.2.3.2.2.2",0.423115961100193,FALSE,TRUE,40
"2.2.2.2.2.2.2.3.2.2.2.2.2.2.2.2.2.3.3.2.2.2",0.434790954618471,FALSE,TRUE,40
"2.2.2.2.2.2.2.3.2.2.2.2.2.2.2.2.2.2.4.2.2.2",0.442586304596803,FALSE,TRUE,41
"2.2.2.2.2.2.2.3.2.2.2.2.2.2.2.2.2.2.3.3.2.2",0.355366880605092,FALSE,TRUE,40
"2.2.2.2.2.2.2.3.2.2.2.2.2.2.2.2.2.2.3.2.3.2",0.484607678654155,FALSE,TRUE,39
"2.2.2.2.2.2.2.3.2.2.2.2.2.2.2.2.2.2.3.2.2.3",0.408038516428389,FALSE,TRUE,40
"1.2.2.2.2.2.2.3.2.2.2.2.2.2.2.2.2.2.3.2.2.2",0.492852184619249,FALSE,TRUE,39
"2.1.2.2.2.2.2.3.2.2.2.2.2.2.2.2.2.2.3.2.2.2",0.422355979325561,FALSE,TRUE,39
"2.2.1.2.2.2.2.3.2.2.2.2.2.2.2.2.2.2.3.2.2.2",0.435430040599346,FALSE,TRUE,38
"2.2.2.1.2.2.2.3.2.2.2.2.2.2.2.2.2.2.3.2.2.2",0.442037489425614,FALSE,TRUE,38
"2.2.2.2.1.2.2.3.2.2.2.2.2.2.2.2.2.2.3.2.2.2",0.461652626250926,FALSE,TRUE,39
"2.2.2.2.2.1.2.3.2.2.2.2.2.2.2.2.2.2.3.2.2.2",0.480796208489927,FALSE,TRUE,39
"2.2.2.2.2.2.1.3.2.2.2.2.2.2.2.2.2.2.3.2.2.2",0.45544441665972,FALSE,TRUE,39
"2.2.2.2.2.2.2.3.1.2.2.2.2.2.2.2.2.2.3.2.2.2",0.449029554903456,FALSE,TRUE,39
"2.2.2.2.2.2.2.3.2.1.2.2.2.2.2.2.2.2.3.2.2.2",0.517792268358496,FALSE,TRUE,39
"2.2.2.2.2.2.2.3.2.2.1.2.2.2.2.2.2.2.3.2.2.2",0.491021006244023,FALSE,TRUE,39
"2.2.2.2.2.2.2.3.2.2.2.1.2.2.2.2.2.2.3.2.2.2",0.514991355774355,FALSE,TRUE,38
"2.2.2.2.2.2.2.3.2.2.2.2.2.1.2.2.2.2.3.2.2.2",0.45088269381543,FALSE,TRUE,39
"2.2.2.2.2.2.2.3.2.2.2.2.2.2.1.2.2.2.3.2.2.2",0.461497739959856,FALSE,TRUE,39
"2.2.2.2.2.2.2.3.2.2.2.2.2.2.2.1.2.2.3.2.2.2",0.396029916150593,FALSE,TRUE,39
"2.2.2.2.2.2.2.3.2.2.2.2.2.2.2.2.1.2.3.2.2.2",0.47830369501931,FALSE,TRUE,39
"2.2.2.2.2.2.2.3.2.2.2.2.2.2.2.2.2.1.3.2.2.2",0.475724315467577,FALSE,TRUE,37
"2.2.2.2.2.2.2.3.2.2.2.2.2.2.2.2.2.2.3.1.2.2",0.547445451028366,FALSE,TRUE,39
"2.2.2.2.2.2.2.3.2.2.2.2.2.2.2.2.2.2.3.2.1.2",0.415481065538764,FALSE,TRUE,39
"2.2.2.2.2.2.2.3.2.2.2.2.2.2.2.2.2.2.3.2.2.1",0.502342484655424,FALSE,TRUE,39
"3.2.2.2.2.2.2.3.2.2.2.2.2.2.2.2.2.1.2.2.2.2",0.44308866058103,FALSE,TRUE,39
"2.3.2.2.2.2.2.3.2.2.2.2.2.2.2.2.2.1.2.2.2.2",0.51394600112743,FALSE,TRUE,39
"2.2.3.2.2.2.2.3.2.2.2.2.2.2.2.2.2.1.2.2.2.2",0.492973377700708,FALSE,TRUE,39
"2.2.2.3.2.2.2.3.2.2.2.2.2.2.2.2.2.1.2.2.2.2",0.495805404063993,FALSE,TRUE,39
"2.2.2.2.3.2.2.3.2.2.2.2.2.2.2.2.2.1.2.2.2.2",0.467784210414161,FALSE,TRUE,39
"2.2.2.2.2.3.2.3.2.2.2.2.2.2.2.2.2.1.2.2.2.2",0.449304143853914,FALSE,TRUE,39
"2.2.2.2.2.2.3.3.2.2.2.2.2.2.2.2.2.1.2.2.2.2",0.468756878394243,FALSE,TRUE,39
"2.2.2.2.2.2.2.4.2.2.2.2.2.2.2.2.2.1.2.2.2.2",0.520264145544256,FALSE,TRUE,39
"2.2.2.2.2.2.2.3.3.2.2.2.2.2.2.2.2.1.2.2.2.2",0.480609822829721,FALSE,TRUE,39
"2.2.2.2.2.2.2.3.2.3.2.2.2.2.2.2.2.1.2.2.2.2",0.396135000009137,FALSE,TRUE,39
"2.2.2.2.2.2.2.3.2.2.3.2.2.2.2.2.2.1.2.2.2.2",0.438113505153717,FALSE,TRUE,39
"2.2.2.2.2.2.2.3.2.2.2.3.2.2.2.2.2.1.2.2.2.2",0.415782906960515,FALSE,TRUE,39
"2.2.2.2.2.2.2.3.2.2.2.2.3.2.2.2.2.1.2.2.2.2",0.496312975384141,FALSE,TRUE,39
"2.2.2.2.2.2.2.3.2.2.2.2.2.3.2.2.2.1.2.2.2.2",0.478035614592222,FALSE,TRUE,39
"2.2.2.2.2.2.2.3.2.2.2.2.2.2.3.2.2.1.2.2.2.2",0.460817531123198,FALSE,TRUE,39
"2.2.2.2.2.2.2.3.2.2.2.2.2.2.2.3.2.1.2.2.2.2",0.541099577984214,FALSE,TRUE,39
"2.2.2.2.2.2.2.3.2.2.2.2.2.2.2.2.3.1.2.2.2.2",0.456492729442618,FALSE,TRUE,39
"2.2.2.2.2.2.2.3.2.2.2.2.2.2.2.2.2.1.2.3.2.2",0.368536139731205,FALSE,TRUE,39
"2.2.2.2.2.2.2.3.2.2.2.2.2.2.2.2.2.1.2.2.2.3",0.42940585685271,FALSE,TRUE,39
"1.2.2.2.2.2.2.3.2.2.2.2.2.2.2.2.2.1.2.2.2.2",0.500354533663566,FALSE,TRUE,38
"2.1.2.2.2.2.2.3.2.2.2.2.2.2.2.2.2.1.2.2.2.2",0.442804698110684,FALSE,TRUE,38
"2.2.1.2.2.2.2.3.2.2.2.2.2.2.2.2.2.1.2.2.2.2",0.441909387115029,FALSE,TRUE,36
"2.2.2.1.2.2.2.3.2.2.2.2.2.2.2.2.2.1.2.2.2.2",0.451470117394518,FALSE,TRUE,37
"2.2.2.2.1.2.2.3.2.2.2.2.2.2.2.2.2.1.2.2.2.2",0.48361461012729,FALSE,TRUE,38
"2.2.2.2.2.2.1.3.2.2.2.2.2.2.2.2.2.1.2.2.2.2",0.482428596184094,FALSE,TRUE,37
"2.2.2.2.2.2.2.3.1.2.2.2.2.2.2.2.2.1.2.2.2.2",0.464950905655627,FALSE,TRUE,38
"2.2.2.2.2.2.2.3.2.1.2.2.2.2.2.2.2.1.2.2.2.2",0.561832837158862,FALSE,TRUE,38
"2.2.2.2.2.2.2.3.2.2.1.2.2.2.2.2.2.1.2.2.2.2",0.511617448465853,FALSE,TRUE,38
"2.2.2.2.2.2.2.3.2.2.2.1.2.2.2.2.2.1.2.2.2.2",0.533588566203951,FALSE,TRUE,37
"2.2.2.2.2.2.2.3.2.2.2.2.1.2.2.2.2.1.2.2.2.2",0.452447286189282,FALSE,TRUE,36
"2.2.2.2.2.2.2.3.2.2.2.2.2.1.2.2.2.1.2.2.2.2",0.469116125917299,FALSE,TRUE,38
"2.2.2.2.2.2.2.3.2.2.2.2.2.2.1.2.2.1.2.2.2.2",0.494556937861801,FALSE,TRUE,38
"2.2.2.2.2.2.2.3.2.2.2.2.2.2.2.1.2.1.2.2.2.2",0.405083332790156,FALSE,TRUE,38
"2.2.2.2.2.2.2.3.2.2.2.2.2.2.2.2.1.1.2.2.2.2",0.495084147391082,FALSE,TRUE,35
"2.2.2.2.2.2.2.3.2.2.2.2.2.2.2.2.2.1.1.2.2.2",0.479247484063276,FALSE,TRUE,38
"2.2.2.2.2.2.2.3.2.2.2.2.2.2.2.2.2.1.2.1.2.2",0.575534392235719,FALSE,TRUE,38
"2.2.2.2.2.2.2.3.2.2.2.2.2.2.2.2.2.1.2.2.1.2",0.410469879160192,FALSE,TRUE,39
"2.2.2.2.2.2.2.3.2.2.2.2.2.2.2.2.2.1.2.2.2.1",0.523734124998275,FALSE,TRUE,38
"3.2.1.2.2.2.2.2.2.2.2.2.2.2.2.2.2.2.2.2.3.1",0.406911372478585,FALSE,TRUE,35
"2.3.1.2.2.2.2.2.2.2.2.2.2.2.2.2.2.2.2.2.3.1",0.514440649495393,FALSE,TRUE,34
"2.2.2.2.2.2.2.2.2.2.2.2.2.2.2.2.2.2.2.2.3.1",0.496213044285011,FALSE,TRUE,35
"2.2.1.3.2.2.2.2.2.2.2.2.2.2.2.2.2.2.2.2.3.1",0.472421322609788,FALSE,TRUE,35
"2.2.1.2.3.2.2.2.2.2.2.2.2.2.2.2.2.2.2.2.3.1",0.459203546897792,FALSE,TRUE,36
"2.2.1.2.2.3.2.2.2.2.2.2.2.2.2.2.2.2.2.2.3.1",0.439302782551803,FALSE,TRUE,35
"2.2.1.2.2.2.3.2.2.2.2.2.2.2.2.2.2.2.2.2.3.1",0.458313563339608,FALSE,TRUE,35
"2.2.1.2.2.2.2.2.3.2.2.2.2.2.2.2.2.2.2.2.3.1",0.490454714125357,FALSE,TRUE,35
"2.2.1.2.2.2.2.2.2.3.2.2.2.2.2.2.2.2.2.2.3.1",0.40790085550254,FALSE,TRUE,35
"2.2.1.2.2.2.2.2.2.2.3.2.2.2.2.2.2.2.2.2.3.1",0.417886090208134,FALSE,TRUE,35
"2.2.1.2.2.2.2.2.2.2.2.3.2.2.2.2.2.2.2.2.3.1",0.39681143810001,FALSE,TRUE,35
"2.2.1.2.2.2.2.2.2.2.2.2.3.2.2.2.2.2.2.2.3.1",0.505705864190583,FALSE,TRUE,34
"2.2.1.2.2.2.2.2.2.2.2.2.2.3.2.2.2.2.2.2.3.1",0.45282968157481,FALSE,TRUE,36
"2.2.1.2.2.2.2.2.2.2.2.2.2.2.3.2.2.2.2.2.3.1",0.44377612354124,FALSE,TRUE,35
"2.2.1.2.2.2.2.2.2.2.2.2.2.2.2.3.2.2.2.2.3.1",0.524978029771401,FALSE,TRUE,36
"2.2.1.2.2.2.2.2.2.2.2.2.2.2.2.2.3.2.2.2.3.1",0.454280661946381,FALSE,TRUE,34
"2.2.1.2.2.2.2.2.2.2.2.2.2.2.2.2.2.2.3.2.3.1",0.455679198324842,FALSE,TRUE,34
"2.2.1.2.2.2.2.2.2.2.2.2.2.2.2.2.2.2.2.3.3.1",0.369445952426893,FALSE,TRUE,35
"2.2.1.2.2.2.2.2.2.2.2.2.2.2.2.2.2.2.2.2.4.1",0.489005387266976,FALSE,TRUE,35
"1.2.1.2.2.2.2.2.2.2.2.2.2.2.2.2.2.2.2.2.3.1",0.509279857612158,FALSE,TRUE,34
"2.1.1.2.2.2.2.2.2.2.2.2.2.2.2.2.2.2.2.2.3.1",0.418579540423437,FALSE,TRUE,34
"2.2.1.1.2.2.2.2.2.2.2.2.2.2.2.2.2.2.2.2.3.1",0.451751756535141,FALSE,TRUE,34
"2.2.1.2.2.1.2.2.2.2.2.2.2.2.2.2.2.2.2.2.3.1",0.484244380806541,FALSE,TRUE,34
"2.2.1.2.2.2.1.2.2.2.2.2.2.2.2.2.2.2.2.2.3.1",0.466465613473973,FALSE,TRUE,34
"2.2.1.2.2.2.2.1.2.2.2.2.2.2.2.2.2.2.2.2.3.1",0.400121136292729,FALSE,TRUE,35
"2.2.1.2.2.2.2.2.1.2.2.2.2.2.2.2.2.2.2.2.3.1",0.432644077128814,FALSE,TRUE,33
"2.2.1.2.2.2.2.2.2.1.2.2.2.2.2.2.2.2.2.2.3.1",0.523747388542693,FALSE,TRUE,34
"2.2.1.2.2.2.2.2.2.2.1.2.2.2.2.2.2.2.2.2.3.1",0.508411482681851,FALSE,TRUE,34
"2.2.1.2.2.2.2.2.2.2.2.1.2.2.2.2.2.2.2.2.3.1",0.528226192839243,FALSE,TRUE,34
"2.2.1.2.2.2.2.2.2.2.2.2.1.2.2.2.2.2.2.2.3.1",0.420301340442847,FALSE,TRUE,34
"2.2.1.2.2.2.2.2.2.2.2.2.2.2.1.2.2.2.2.2.3.1",0.485061523116936,FALSE,TRUE,34
"2.2.1.2.2.2.2.2.2.2.2.2.2.2.2.2.1.2.2.2.3.1",0.469138440089972,FALSE,TRUE,34
"2.2.1.2.2.2.2.2.2.2.2.2.2.2.2.2.2.1.2.2.3.1",0.486571368608604,FALSE,TRUE,35
"2.2.1.2.2.2.2.2.2.2.2.2.2.2.2.2.2.2.1.2.3.1",0.472783457452216,FALSE,TRUE,34
"2.2.1.2.2.2.2.2.2.2.2.2.2.2.2.2.2.2.2.1.3.1",0.550537814014572,FALSE,TRUE,34
"3.2.1.2.2.2.2.2.2.2.2.2.2.1.2.2.2.2.2.2.3.1",0.416185932994468,FALSE,TRUE,37
"2.3.1.2.2.2.2.2.2.2.2.2.2.1.2.2.2.2.2.2.3.1",0.508533649973862,FALSE,TRUE,34
"2.2.2.2.2.2.2.2.2.2.2.2.2.1.2.2.2.2.2.2.3.1",0.495368600979853,FALSE,TRUE,36
"2.2.1.3.2.2.2.2.2.2.2.2.2.1.2.2.2.2.2.2.3.1",0.475565785464963,FALSE,TRUE,37
"2.2.1.2.3.2.2.2.2.2.2.2.2.1.2.2.2.2.2.2.3.1",0.444366289580265,FALSE,TRUE,37
"2.2.1.2.2.3.2.2.2.2.2.2.2.1.2.2.2.2.2.2.3.1",0.44598821627688,FALSE,TRUE,37
"2.2.1.2.2.2.3.2.2.2.2.2.2.1.2.2.2.2.2.2.3.1",0.444653245672213,FALSE,TRUE,37
"2.2.1.2.2.2.2.3.2.2.2.2.2.1.2.2.2.2.2.2.3.1",0.529790914283258,FALSE,TRUE,36
"2.2.1.2.2.2.2.2.3.2.2.2.2.1.2.2.2.2.2.2.3.1",0.484428861313773,FALSE,TRUE,37
"2.2.1.2.2.2.2.2.2.3.2.2.2.1.2.2.2.2.2.2.3.1",0.394089775178276,FALSE,TRUE,37
"2.2.1.2.2.2.2.2.2.2.3.2.2.1.2.2.2.2.2.2.3.1",0.412173940367316,FALSE,TRUE,37
"2.2.1.2.2.2.2.2.2.2.2.3.2.1.2.2.2.2.2.2.3.1",0.388436826452872,FALSE,TRUE,37
"2.2.1.2.2.2.2.2.2.2.2.2.3.1.2.2.2.2.2.2.3.1",0.492361849919589,FALSE,TRUE,37
"2.2.1.2.2.2.2.2.2.2.2.2.2.1.3.2.2.2.2.2.3.1",0.437078658739747,FALSE,TRUE,37
"2.2.1.2.2.2.2.2.2.2.2.2.2.1.2.3.2.2.2.2.3.1",0.531709474639973,FALSE,TRUE,38
"2.2.1.2.2.2.2.2.2.2.2.2.2.1.2.2.3.2.2.2.3.1",0.455376738521377,FALSE,TRUE,37
"2.2.1.2.2.2.2.2.2.2.2.2.2.1.2.2.2.3.2.2.3.1",0.446929612633058,FALSE,TRUE,34
"2.2.1.2.2.2.2.2.2.2.2.2.2.1.2.2.2.2.3.2.3.1",0.455204654255879,FALSE,TRUE,37
"2.2.1.2.2.2.2.2.2.2.2.2.2.1.2.2.2.2.2.3.3.1",0.366687124483509,FALSE,TRUE,37
"2.2.1.2.2.2.2.2.2.2.2.2.2.1.2.2.2.2.2.2.4.1",0.496877032227564,FALSE,TRUE,38
"1.2.1.2.2.2.2.2.2.2.2.2.2.1.2.2.2.2.2.2.3.1",0.494819683133054,FALSE,TRUE,36
"2.1.1.2.2.2.2.2.2.2.2.2.2.1.2.2.2.2.2.2.3.1",0.418937370966055,FALSE,TRUE,36
"2.2.1.1.2.2.2.2.2.2.2.2.2.1.2.2.2.2.2.2.3.1",0.442873788760105,FALSE,TRUE,36
"2.2.1.2.1.2.2.2.2.2.2.2.2.1.2.2.2.2.2.2.3.1",0.476648452162975,FALSE,TRUE,36
"2.2.1.2.2.1.2.2.2.2.2.2.2.1.2.2.2.2.2.2.3.1",0.473181548813777,FALSE,TRUE,36
"2.2.1.2.2.2.1.2.2.2.2.2.2.1.2.2.2.2.2.2.3.1",0.47621543558939,FALSE,TRUE,36
"2.2.1.2.2.2.2.1.2.2.2.2.2.1.2.2.2.2.2.2.3.1",0.395135622967707,FALSE,TRUE,35
"2.2.1.2.2.2.2.2.1.2.2.2.2.1.2.2.2.2.2.2.3.1",0.433161014692691,FALSE,TRUE,33
"2.2.1.2.2.2.2.2.2.1.2.2.2.1.2.2.2.2.2.2.3.1",0.528602295730895,FALSE,TRUE,36
"2.2.1.2.2.2.2.2.2.2.1.2.2.1.2.2.2.2.2.2.3.1",0.511342237499477,FALSE,TRUE,36
"2.2.1.2.2.2.2.2.2.2.2.1.2.1.2.2.2.2.2.2.3.1",0.528780312281843,FALSE,TRUE,35
"2.2.1.2.2.2.2.2.2.2.2.2.1.1.2.2.2.2.2.2.3.1",0.427979343270752,FALSE,TRUE,36
"2.2.1.2.2.2.2.2.2.2.2.2.2.1.1.2.2.2.2.2.3.1",0.485983552079744,FALSE,TRUE,36
"2.2.1.2.2.2.2.2.2.2.2.2.2.1.2.2.1.2.2.2.3.1",0.465004652381978,FALSE,TRUE,36
"2.2.1.2.2.2.2.2.2.2.2.2.2.1.2.2.2.1.2.2.3.1",0.479348409745403,FALSE,TRUE,36
"2.2.1.2.2.2.2.2.2.2.2.2.2.1.2.2.2.2.1.2.3.1",0.468580176725066,FALSE,TRUE,36
"2.2.1.2.2.2.2.2.2.2.2.2.2.1.2.2.2.2.2.1.3.1",0.547123068994508,FALSE,TRUE,35
"3.2.1.2.2.2.2.2.1.2.2.2.2.2.2.2.2.2.2.2.3.2",0.303166365543968,FALSE,TRUE,40
"2.3.1.2.2.2.2.2.1.2.2.2.2.2.2.2.2.2.2.2.3.2",0.430559190087356,FALSE,TRUE,40
"2.2.2.2.2.2.2.2.1.2.2.2.2.2.2.2.2.2.2.2.3.2",0.410461766039314,FALSE,TRUE,40
"2.2.1.3.2.2.2.2.1.2.2.2.2.2.2.2.2.2.2.2.3.2",0.394615568116044,FALSE,TRUE,40
"2.2.1.2.3.2.2.2.1.2.2.2.2.2.2.2.2.2.2.2.3.2",0.361740451167078,FALSE,TRUE,40
"2.2.1.2.2.3.2.2.1.2.2.2.2.2.2.2.2.2.2.2.3.2",0.363293711034451,FALSE,TRUE,40
"2.2.1.2.2.2.3.2.1.2.2.2.2.2.2.2.2.2.2.2.3.2",0.369003660589294,FALSE,TRUE,40
"2.2.1.2.2.2.2.3.1.2.2.2.2.2.2.2.2.2.2.2.3.2",0.440131899377926,FALSE,TRUE,39
"2.2.1.2.2.2.2.2.1.3.2.2.2.2.2.2.2.2.2.2.3.2",0.326397177067214,FALSE,TRUE,40
"2.2.1.2.2.2.2.2.1.2.3.2.2.2.2.2.2.2.2.2.3.2",0.325246510024907,FALSE,TRUE,40
"2.2.1.2.2.2.2.2.1.2.2.3.2.2.2.2.2.2.2.2.3.2",0.303643648896349,FALSE,TRUE,40
"2.2.1.2.2.2.2.2.1.2.2.2.3.2.2.2.2.2.2.2.3.2",0.411275622692205,FALSE,TRUE,39
"2.2.1.2.2.2.2.2.1.2.2.2.2.3.2.2.2.2.2.2.3.2",0.360885807913011,FALSE,TRUE,40
"2.2.1.2.2.2.2.2.1.2.2.2.2.2.3.2.2.2.2.2.3.2",0.352616621042228,FALSE,TRUE,40
"2.2.1.2.2.2.2.2.1.2.2.2.2.2.2.3.2.2.2.2.3.2",0.420533252349484,FALSE,TRUE,40
"2.2.1.2.2.2.2.2.1.2.2.2.2.2.2.2.3.2.2.2.3.2",0.351224032748618,FALSE,TRUE,40
"2.2.1.2.2.2.2.2.1.2.2.2.2.2.2.2.2.3.2.2.3.2",0.344420760113396,FALSE,TRUE,39
"2.2.1.2.2.2.2.2.1.2.2.2.2.2.2.2.2.2.3.2.3.2",0.376864687463688,FALSE,TRUE,40
"2.2.1.2.2.2.2.2.1.2.2.2.2.2.2.2.2.2.2.3.3.2",0.300631376320215,FALSE,TRUE,40
"2.2.1.2.2.2.2.2.1.2.2.2.2.2.2.2.2.2.2.2.4.2",0.388909940179446,FALSE,TRUE,40
"2.2.1.2.2.2.2.2.1.2.2.2.2.2.2.2.2.2.2.2.3.3",0.313151659948854,FALSE,TRUE,40
"1.2.1.2.2.2.2.2.1.2.2.2.2.2.2.2.2.2.2.2.3.2",0.427043956778848,FALSE,TRUE,39
"2.1.1.2.2.2.2.2.1.2.2.2.2.2.2.2.2.2.2.2.3.2",0.317135830755007,FALSE,TRUE,39
"2.2.1.1.2.2.2.2.1.2.2.2.2.2.2.2.2.2.2.2.3.2",0.344976123775139,FALSE,TRUE,39
"2.2.1.2.1.2.2.2.1.2.2.2.2.2.2.2.2.2.2.2.3.2",0.38141107112816,FALSE,TRUE,38
"2.2.1.2.2.1.2.2.1.2.2.2.2.2.2.2.2.2.2.2.3.2",0.374552038626367,FALSE,TRUE,39
"2.2.1.2.2.2.1.2.1.2.2.2.2.2.2.2.2.2.2.2.3.2",0.369679507120043,FALSE,TRUE,39
"2.2.1.2.2.2.2.1.1.2.2.2.2.2.2.2.2.2.2.2.3.2",0.30035418449397,FALSE,TRUE,39
"2.2.1.2.2.2.2.2.1.1.2.2.2.2.2.2.2.2.2.2.3.2",0.418484900706754,FALSE,TRUE,39
"2.2.1.2.2.2.2.2.1.2.1.2.2.2.2.2.2.2.2.2.3.2",0.416026805416917,FALSE,TRUE,39
"2.2.1.2.2.2.2.2.1.2.2.1.2.2.2.2.2.2.2.2.3.2",0.435934112462252,FALSE,TRUE,39
"2.2.1.2.2.2.2.2.1.2.2.2.1.2.2.2.2.2.2.2.3.2",0.329588921288662,FALSE,TRUE,39
"2.2.1.2.2.2.2.2.1.2.2.2.2.1.2.2.2.2.2.2.3.2",0.373535158623528,FALSE,TRUE,37
"2.2.1.2.2.2.2.2.1.2.2.2.2.2.1.2.2.2.2.2.3.2",0.391449068249156,FALSE,TRUE,39
"2.2.1.2.2.2.2.2.1.2.2.2.2.2.2.1.2.2.2.2.3.2",0.321404419063576,FALSE,TRUE,38
"2.2.1.2.2.2.2.2.1.2.2.2.2.2.2.2.1.2.2.2.3.2",0.384084856575027,FALSE,TRUE,39
"2.2.1.2.2.2.2.2.1.2.2.2.2.2.2.2.2.1.2.2.3.2",0.401749907723122,FALSE,TRUE,39
"2.2.1.2.2.2.2.2.1.2.2.2.2.2.2.2.2.2.1.2.3.2",0.364626809583879,FALSE,TRUE,39
"2.2.1.2.2.2.2.2.1.2.2.2.2.2.2.2.2.2.2.1.3.2",0.43473199230556,FALSE,TRUE,39
"3.2.2.2.2.2.2.3.2.2.2.2.2.2.2.2.2.1.2.2.3.2",0.477176183497778,FALSE,TRUE,40
"2.3.2.2.2.2.2.3.2.2.2.2.2.2.2.2.2.1.2.2.3.2",0.566048453275724,FALSE,TRUE,40
"2.2.3.2.2.2.2.3.2.2.2.2.2.2.2.2.2.1.2.2.3.2",0.526840942306531,FALSE,TRUE,40
"2.2.2.3.2.2.2.3.2.2.2.2.2.2.2.2.2.1.2.2.3.2",0.535310526319698,FALSE,TRUE,40
"2.2.2.2.3.2.2.3.2.2.2.2.2.2.2.2.2.1.2.2.3.2",0.502531476696757,FALSE,TRUE,40
"2.2.2.2.2.3.2.3.2.2.2.2.2.2.2.2.2.1.2.2.3.2",0.501379743430692,FALSE,TRUE,40
"2.2.2.2.2.2.3.3.2.2.2.2.2.2.2.2.2.1.2.2.3.2",0.517255362474625,FALSE,TRUE,40
"2.2.2.2.2.2.2.4.2.2.2.2.2.2.2.2.2.1.2.2.3.2",0.573305258460717,FALSE,TRUE,40
"2.2.2.2.2.2.2.3.3.2.2.2.2.2.2.2.2.1.2.2.3.2",0.536727820219013,FALSE,TRUE,40
"2.2.2.2.2.2.2.3.2.3.2.2.2.2.2.2.2.1.2.2.3.2",0.45405210964309,FALSE,TRUE,40
"2.2.2.2.2.2.2.3.2.2.3.2.2.2.2.2.2.1.2.2.3.2",0.483909211213932,FALSE,TRUE,40
"2.2.2.2.2.2.2.3.2.2.2.3.2.2.2.2.2.1.2.2.3.2",0.455643547832528,FALSE,TRUE,40
"2.2.2.2.2.2.2.3.2.2.2.2.3.2.2.2.2.1.2.2.3.2",0.551407474424238,FALSE,TRUE,40
"2.2.2.2.2.2.2.3.2.2.2.2.2.3.2.2.2.1.2.2.3.2",0.509771976329458,FALSE,TRUE,40
"2.2.2.2.2.2.2.3.2.2.2.2.2.2.3.2.2.1.2.2.3.2",0.512643432306297,FALSE,TRUE,40
"2.2.2.2.2.2.2.3.2.2.2.2.2.2.2.3.2.1.2.2.3.2",0.579291914981319,FALSE,TRUE,40
"2.2.2.2.2.2.2.3.2.2.2.2.2.2.2.2.3.1.2.2.3.2",0.510692067214571,FALSE,TRUE,41
"2.2.2.2.2.2.2.3.2.2.2.2.2.2.2.2.2.1.3.2.3.2",0.516217246935418,FALSE,TRUE,39
"2.2.2.2.2.2.2.3.2.2.2.2.2.2.2.2.2.1.2.3.3.2",0.429870443703315,FALSE,TRUE,40
"2.2.2.2.2.2.2.3.2.2.2.2.2.2.2.2.2.1.2.2.4.2",0.556885793749129,FALSE,TRUE,41
"2.2.2.2.2.2.2.3.2.2.2.2.2.2.2.2.2.1.2.2.3.3",0.478097210817204,FALSE,TRUE,40
"1.2.2.2.2.2.2.3.2.2.2.2.2.2.2.2.2.1.2.2.3.2",0.559885097373163,FALSE,TRUE,39
"2.1.2.2.2.2.2.3.2.2.2.2.2.2.2.2.2.1.2.2.3.2",0.486692360390582,FALSE,TRUE,39
"2.2.1.2.2.2.2.3.2.2.2.2.2.2.2.2.2.1.2.2.3.2",0.50183790602172,FALSE,TRUE,36
"2.2.2.1.2.2.2.3.2.2.2.2.2.2.2.2.2.1.2.2.3.2",0.508277160579142,FALSE,TRUE,38
"2.2.2.2.1.2.2.3.2.2.2.2.2.2.2.2.2.1.2.2.3.2",0.544391329487829,FALSE,TRUE,39
"2.2.2.2.2.1.2.3.2.2.2.2.2.2.2.2.2.1.2.2.3.2",0.542898046619226,FALSE,TRUE,39
"2.2.2.2.2.2.1.3.2.2.2.2.2.2.2.2.2.1.2.2.3.2",0.527808445187181,FALSE,TRUE,39
"2.2.2.2.2.2.2.2.2.2.2.2.2.2.2.2.2.1.2.2.3.2",0.472903175657679,FALSE,TRUE,38
"2.2.2.2.2.2.2.3.1.2.2.2.2.2.2.2.2.1.2.2.3.2",0.505179656865301,FALSE,TRUE,39
"2.2.2.2.2.2.2.3.2.1.2.2.2.2.2.2.2.1.2.2.3.2",0.595969236158829,FALSE,TRUE,39
"2.2.2.2.2.2.2.3.2.2.1.2.2.2.2.2.2.1.2.2.3.2",0.561242843481991,FALSE,TRUE,39
"2.2.2.2.2.2.2.3.2.2.2.1.2.2.2.2.2.1.2.2.3.2",0.588597315336266,FALSE,TRUE,39
"2.2.2.2.2.2.2.3.2.2.2.2.1.2.2.2.2.1.2.2.3.2",0.492004376705756,FALSE,TRUE,39
"2.2.2.2.2.2.2.3.2.2.2.2.2.1.2.2.2.1.2.2.3.2",0.529120007432273,FALSE,TRUE,39
"2.2.2.2.2.2.2.3.2.2.2.2.2.2.1.2.2.1.2.2.3.2",0.541057942207952,FALSE,TRUE,39
"2.2.2.2.2.2.2.3.2.2.2.2.2.2.2.1.2.1.2.2.3.2",0.460173506635455,FALSE,TRUE,39
"2.2.2.2.2.2.2.3.2.2.2.2.2.2.2.2.2.1.1.2.3.2",0.533632683320751,FALSE,TRUE,39
"2.2.2.2.2.2.2.3.2.2.2.2.2.2.2.2.2.1.2.1.3.2",0.611778411908267,FALSE,TRUE,39
"2.2.2.2.2.2.2.3.2.2.2.2.2.2.2.2.2.1.2.2.3.1",0.573918921170222,FALSE,TRUE,37
"3.2.2.2.2.2.2.3.2.2.2.2.2.2.2.2.1.1.2.2.3.2",0.485678286946244,FALSE,TRUE,37
"2.3.2.2.2.2.2.3.2.2.2.2.2.2.2.2.1.1.2.2.3.2",0.565210614421335,FALSE,TRUE,37
"2.2.3.2.2.2.2.3.2.2.2.2.2.2.2.2.1.1.2.2.3.2",0.530502495836029,FALSE,TRUE,38
"2.2.2.3.2.2.2.3.2.2.2.2.2.2.2.2.1.1.2.2.3.2",0.529351416759589,FALSE,TRUE,37
"2.2.2.2.3.2.2.3.2.2.2.2.2.2.2.2.1.1.2.2.3.2",0.504517421289512,FALSE,TRUE,37
"2.2.2.2.2.3.2.3.2.2.2.2.2.2.2.2.1.1.2.2.3.2",0.496593384047816,FALSE,TRUE,37
"2.2.2.2.2.2.3.3.2.2.2.2.2.2.2.2.1.1.2.2.3.2",0.521450650661662,FALSE,TRUE,38
"2.2.2.2.2.2.2.4.2.2.2.2.2.2.2.2.1.1.2.2.3.2",0.577419296233466,FALSE,TRUE,37
"2.2.2.2.2.2.2.3.3.2.2.2.2.2.2.2.1.1.2.2.3.2",0.538602588569797,FALSE,TRUE,37
"2.2.2.2.2.2.2.3.2.3.2.2.2.2.2.2.1.1.2.2.3.2",0.461647070077049,FALSE,TRUE,37
"2.2.2.2.2.2.2.3.2.2.3.2.2.2.2.2.1.1.2.2.3.2",0.48500198570459,FALSE,TRUE,37
"2.2.2.2.2.2.2.3.2.2.2.3.2.2.2.2.1.1.2.2.3.2",0.456025020903528,FALSE,TRUE,37
"2.2.2.2.2.2.2.3.2.2.2.2.3.2.2.2.1.1.2.2.3.2",0.55587774869932,FALSE,TRUE,38
"2.2.2.2.2.2.2.3.2.2.2.2.2.3.2.2.1.1.2.2.3.2",0.508613891695838,FALSE,TRUE,37
"2.2.2.2.2.2.2.3.2.2.2.2.2.2.3.2.1.1.2.2.3.2",0.514859676102428,FALSE,TRUE,37
"2.2.2.2.2.2.2.3.2.2.2.2.2.2.2.3.1.1.2.2.3.2",0.582293339493776,FALSE,TRUE,37
"2.2.2.2.2.2.2.3.2.2.2.2.2.2.2.2.1.2.2.2.3.2",0.512053058394165,FALSE,TRUE,37
"2.2.2.2.2.2.2.3.2.2.2.2.2.2.2.2.1.1.3.2.3.2",0.51586915491676,FALSE,TRUE,37
"2.2.2.2.2.2.2.3.2.2.2.2.2.2.2.2.1.1.2.3.3.2",0.431820304515918,FALSE,TRUE,37
"2.2.2.2.2.2.2.3.2.2.2.2.2.2.2.2.1.1.2.2.4.2",0.546874020540437,FALSE,TRUE,37
"2.2.2.2.2.2.2.3.2.2.2.2.2.2.2.2.1.1.2.2.3.3",0.490057988292323,FALSE,TRUE,37
"1.2.2.2.2.2.2.3.2.2.2.2.2.2.2.2.1.1.2.2.3.2",0.551268971712336,FALSE,TRUE,36
"2.1.2.2.2.2.2.3.2.2.2.2.2.2.2.2.1.1.2.2.3.2",0.490252882153351,FALSE,TRUE,36
"2.2.2.1.2.2.2.3.2.2.2.2.2.2.2.2.1.1.2.2.3.2",0.517192629229277,FALSE,TRUE,36
"2.2.2.2.1.2.2.3.2.2.2.2.2.2.2.2.1.1.2.2.3.2",0.544945420020363,FALSE,TRUE,36
"2.2.2.2.2.1.2.3.2.2.2.2.2.2.2.2.1.1.2.2.3.2",0.550213885106168,FALSE,TRUE,35
"2.2.2.2.2.2.2.2.2.2.2.2.2.2.2.2.1.1.2.2.3.2",0.472120399466974,FALSE,TRUE,37
"2.2.2.2.2.2.2.3.1.2.2.2.2.2.2.2.1.1.2.2.3.2",0.506269961688616,FALSE,TRUE,36
"2.2.2.2.2.2.2.3.2.1.2.2.2.2.2.2.1.1.2.2.3.2",0.589550208757807,FALSE,TRUE,36
"2.2.2.2.2.2.2.3.2.2.1.2.2.2.2.2.1.1.2.2.3.2",0.563286368523463,FALSE,TRUE,36
"2.2.2.2.2.2.2.3.2.2.2.1.2.2.2.2.1.1.2.2.3.2",0.590805112790165,FALSE,TRUE,36
"2.2.2.2.2.2.2.3.2.2.2.2.2.1.2.2.1.1.2.2.3.2",0.53255363018481,FALSE,TRUE,36
"2.2.2.2.2.2.2.3.2.2.2.2.2.2.1.2.1.1.2.2.3.2",0.543594288881915,FALSE,TRUE,36
"2.2.2.2.2.2.2.3.2.2.2.2.2.2.2.1.1.1.2.2.3.2",0.461347939881147,FALSE,TRUE,36
"2.2.2.2.2.2.2.3.2.2.2.2.2.2.2.2.1.1.1.2.3.2",0.53846188075276,FALSE,TRUE,36
"2.2.2.2.2.2.2.3.2.2.2.2.2.2.2.2.1.1.2.1.3.2",0.613393050807659,FALSE,TRUE,36
"2.2.2.2.2.2.2.3.2.2.2.2.2.2.2.2.1.1.2.2.3.1",0.564985425390707,FALSE,TRUE,36
"3.2.1.2.2.2.2.2.2.2.2.2.2.1.2.2.2.2.2.2.2.1",0.376304175865903,FALSE,TRUE,35
"2.2.2.2.2.2.2.2.2.2.2.2.2.1.2.2.2.2.2.2.2.1",0.453200181875413,FALSE,TRUE,33
"2.2.1.3.2.2.2.2.2.2.2.2.2.1.2.2.2.2.2.2.2.1",0.433692125466911,FALSE,TRUE,35
"2.2.1.2.3.2.2.2.2.2.2.2.2.1.2.2.2.2.2.2.2.1",0.406736060680381,FALSE,TRUE,33
"2.2.1.2.2.3.2.2.2.2.2.2.2.1.2.2.2.2.2.2.2.1",0.390923064028344,FALSE,TRUE,35
"2.2.1.2.2.2.3.2.2.2.2.2.2.1.2.2.2.2.2.2.2.1",0.398559287957976,FALSE,TRUE,35
"2.2.1.2.2.2.2.3.2.2.2.2.2.1.2.2.2.2.2.2.2.1",0.468117082115804,FALSE,TRUE,34
"2.2.1.2.2.2.2.2.3.2.2.2.2.1.2.2.2.2.2.2.2.1",0.42347687627078,FALSE,TRUE,36
"2.2.1.2.2.2.2.2.2.3.2.2.2.1.2.2.2.2.2.2.2.1",0.33264067139804,FALSE,TRUE,35
"2.2.1.2.2.2.2.2.2.2.3.2.2.1.2.2.2.2.2.2.2.1",0.364638679019248,FALSE,TRUE,35
"2.2.1.2.2.2.2.2.2.2.2.3.2.1.2.2.2.2.2.2.2.1",0.351130109410837,FALSE,TRUE,35
"2.2.1.2.2.2.2.2.2.2.2.2.3.1.2.2.2.2.2.2.2.1",0.427686398622577,FALSE,TRUE,33
"2.2.1.2.2.2.2.2.2.2.2.2.2.1.3.2.2.2.2.2.2.1",0.388601514454156,FALSE,TRUE,35
"2.2.1.2.2.2.2.2.2.2.2.2.2.1.2.3.2.2.2.2.2.1",0.485336217115414,FALSE,TRUE,35
"2.2.1.2.2.2.2.2.2.2.2.2.2.1.2.2.2.3.2.2.2.1",0.409548012098772,FALSE,TRUE,34
"2.2.1.2.2.2.2.2.2.2.2.2.2.1.2.2.2.2.2.3.2.1",0.310532505619626,FALSE,TRUE,35
"1.2.1.2.2.2.2.2.2.2.2.2.2.1.2.2.2.2.2.2.2.1",0.431436991620812,FALSE,TRUE,34
"2.1.1.2.2.2.2.2.2.2.2.2.2.1.2.2.2.2.2.2.2.1",0.372876627884867,FALSE,TRUE,35
"2.2.1.1.2.2.2.2.2.2.2.2.2.1.2.2.2.2.2.2.2.1",0.379641901095777,FALSE,TRUE,33
"2.2.1.2.1.2.2.2.2.2.2.2.2.1.2.2.2.2.2.2.2.1",0.409436805006371,FALSE,TRUE,33
"2.2.1.2.2.1.2.2.2.2.2.2.2.1.2.2.2.2.2.2.2.1",0.422834345358746,FALSE,TRUE,34
"2.2.1.2.2.2.1.2.2.2.2.2.2.1.2.2.2.2.2.2.2.1",0.419405307501497,FALSE,TRUE,34
"2.2.1.2.2.2.2.1.2.2.2.2.2.1.2.2.2.2.2.2.2.1",0.354134299906452,FALSE,TRUE,33
"2.2.1.2.2.2.2.2.2.1.2.2.2.1.2.2.2.2.2.2.2.1",0.488328779452243,FALSE,TRUE,33
"2.2.1.2.2.2.2.2.2.2.1.2.2.1.2.2.2.2.2.2.2.1",0.454600350370538,FALSE,TRUE,34
"2.2.1.2.2.2.2.2.2.2.2.1.2.1.2.2.2.2.2.2.2.1",0.462071772144397,FALSE,TRUE,34
"2.2.1.2.2.2.2.2.2.2.2.2.1.1.2.2.2.2.2.2.2.1",0.388954076269946,FALSE,TRUE,34
"2.2.1.2.2.2.2.2.2.2.2.2.2.1.1.2.2.2.2.2.2.1",0.427557012420659,FALSE,TRUE,34
"2.2.1.2.2.2.2.2.2.2.2.2.2.1.2.1.2.2.2.2.2.1",0.335945875585995,FALSE,TRUE,32
"2.2.1.2.2.2.2.2.2.2.2.2.2.1.2.2.1.2.2.2.2.1",0.422338459063423,FALSE,TRUE,35
"2.2.1.2.2.2.2.2.2.2.2.2.2.1.2.2.2.1.2.2.2.1",0.413924758053682,FALSE,TRUE,34
"2.2.1.2.2.2.2.2.2.2.2.2.2.1.2.2.2.2.1.2.2.1",0.403399233317167,FALSE,TRUE,34
"2.2.1.2.2.2.2.2.2.2.2.2.2.1.2.2.2.2.2.1.2.1",0.497077196063414,FALSE,TRUE,32
"2.2.1.2.2.2.2.2.2.2.2.2.2.1.2.2.2.2.2.2.1.1",0.33774233750145,FALSE,TRUE,35
"3.3.1.2.2.2.2.2.2.2.2.2.2.1.2.2.2.2.2.2.2.1",0.414480580109462,FALSE,TRUE,36
"2.4.1.2.2.2.2.2.2.2.2.2.2.1.2.2.2.2.2.2.2.1",0.472640414955457,FALSE,TRUE,37
"2.3.1.3.2.2.2.2.2.2.2.2.2.1.2.2.2.2.2.2.2.1",0.461635071548872,FALSE,TRUE,36
"2.3.1.2.3.2.2.2.2.2.2.2.2.1.2.2.2.2.2.2.2.1",0.437547718913717,FALSE,TRUE,36
"2.3.1.2.2.3.2.2.2.2.2.2.2.1.2.2.2.2.2.2.2.1",0.421745768244497,FALSE,TRUE,36
"2.3.1.2.2.2.3.2.2.2.2.2.2.1.2.2.2.2.2.2.2.1",0.421297346936866,FALSE,TRUE,36
"2.3.1.2.2.2.2.3.2.2.2.2.2.1.2.2.2.2.2.2.2.1",0.494701336851206,FALSE,TRUE,37
"2.3.1.2.2.2.2.2.3.2.2.2.2.1.2.2.2.2.2.2.2.1",0.44724392023334,FALSE,TRUE,36
"2.3.1.2.2.2.2.2.2.3.2.2.2.1.2.2.2.2.2.2.2.1",0.354894419580405,FALSE,TRUE,36
"2.3.1.2.2.2.2.2.2.2.3.2.2.1.2.2.2.2.2.2.2.1",0.394258634760061,FALSE,TRUE,36
"2.3.1.2.2.2.2.2.2.2.2.3.2.1.2.2.2.2.2.2.2.1",0.388293627505577,FALSE,TRUE,36
"2.3.1.2.2.2.2.2.2.2.2.2.3.1.2.2.2.2.2.2.2.1",0.458974800435879,FALSE,TRUE,35
"2.3.1.2.2.2.2.2.2.2.2.2.2.2.2.2.2.2.2.2.2.1",0.46769774334151,FALSE,TRUE,34
"2.3.1.2.2.2.2.2.2.2.2.2.2.1.3.2.2.2.2.2.2.1",0.413169155485495,FALSE,TRUE,36
"2.3.1.2.2.2.2.2.2.2.2.2.2.1.2.3.2.2.2.2.2.1",0.526779860957003,FALSE,TRUE,36
"2.3.1.2.2.2.2.2.2.2.2.2.2.1.2.2.3.2.2.2.2.1",0.43040118039816,FALSE,TRUE,36
"2.3.1.2.2.2.2.2.2.2.2.2.2.1.2.2.2.3.2.2.2.1",0.44643667942892,FALSE,TRUE,35
"2.3.1.2.2.2.2.2.2.2.2.2.2.1.2.2.2.2.3.2.2.1",0.444595146662793,FALSE,TRUE,36
"2.3.1.2.2.2.2.2.2.2.2.2.2.1.2.2.2.2.2.3.2.1",0.3386251929326,FALSE,TRUE,37
"2.3.1.2.2.2.2.2.2.2.2.2.2.1.2.2.2.2.2.2.2.2",0.404599992250458,FALSE,TRUE,36
"1.3.1.2.2.2.2.2.2.2.2.2.2.1.2.2.2.2.2.2.2.1",0.459722417749662,FALSE,TRUE,35
"2.3.1.1.2.2.2.2.2.2.2.2.2.1.2.2.2.2.2.2.2.1",0.417313703110173,FALSE,TRUE,35
"2.3.1.2.1.2.2.2.2.2.2.2.2.1.2.2.2.2.2.2.2.1",0.444758657015993,FALSE,TRUE,35
"2.3.1.2.2.1.2.2.2.2.2.2.2.1.2.2.2.2.2.2.2.1",0.458455542787903,FALSE,TRUE,35
"2.3.1.2.2.2.1.2.2.2.2.2.2.1.2.2.2.2.2.2.2.1",0.461661351021861,FALSE,TRUE,35
"2.3.1.2.2.2.2.2.1.2.2.2.2.1.2.2.2.2.2.2.2.1",0.430592939999496,FALSE,TRUE,33
"2.3.1.2.2.2.2.2.2.1.2.2.2.1.2.2.2.2.2.2.2.1",0.531557916891482,FALSE,TRUE,35
"2.3.1.2.2.2.2.2.2.2.1.2.2.1.2.2.2.2.2.2.2.1",0.490402398733517,FALSE,TRUE,35
"2.3.1.2.2.2.2.2.2.2.2.1.2.1.2.2.2.2.2.2.2.1",0.490598075991871,FALSE,TRUE,34
"2.3.1.2.2.2.2.2.2.2.2.2.1.1.2.2.2.2.2.2.2.1",0.422594498692096,FALSE,TRUE,35
"2.3.1.2.2.2.2.2.2.2.2.2.2.1.1.2.2.2.2.2.2.1",0.469362188450677,FALSE,TRUE,35
"2.3.1.2.2.2.2.2.2.2.2.2.2.1.2.1.2.2.2.2.2.1",0.359619395473779,FALSE,TRUE,34
"2.3.1.2.2.2.2.2.2.2.2.2.2.1.2.2.1.2.2.2.2.1",0.454306001043313,FALSE,TRUE,35
"2.3.1.2.2.2.2.2.2.2.2.2.2.1.2.2.2.1.2.2.2.1",0.441381142238224,FALSE,TRUE,35
"2.3.1.2.2.2.2.2.2.2.2.2.2.1.2.2.2.2.1.2.2.1",0.441165882491248,FALSE,TRUE,35
"2.3.1.2.2.2.2.2.2.2.2.2.2.1.2.2.2.2.2.2.1.1",0.364251159697133,FALSE,TRUE,35
"3.2.2.2.2.2.2.3.2.2.2.2.1.2.2.2.2.2.3.2.2.2",0.349838671939649,FALSE,TRUE,39
"2.3.2.2.2.2.2.3.2.2.2.2.1.2.2.2.2.2.3.2.2.2",0.45184435934599,FALSE,TRUE,39
"2.2.3.2.2.2.2.3.2.2.2.2.1.2.2.2.2.2.3.2.2.2",0.404827027814141,FALSE,TRUE,39
"2.2.2.2.3.2.2.3.2.2.2.2.1.2.2.2.2.2.3.2.2.2",0.397996172138573,FALSE,TRUE,39
"2.2.2.2.2.3.2.3.2.2.2.2.1.2.2.2.2.2.3.2.2.2",0.390320336187398,FALSE,TRUE,38
"2.2.2.2.2.2.3.3.2.2.2.2.1.2.2.2.2.2.3.2.2.2",0.408839267634787,FALSE,TRUE,39
"2.2.2.2.2.2.2.4.2.2.2.2.1.2.2.2.2.2.3.2.2.2",0.463111479166183,FALSE,TRUE,39
"2.2.2.2.2.2.2.3.3.2.2.2.1.2.2.2.2.2.3.2.2.2",0.410555117456156,FALSE,TRUE,39
"2.2.2.2.2.2.2.3.2.3.2.2.1.2.2.2.2.2.3.2.2.2",0.351958997698985,FALSE,TRUE,39
"2.2.2.2.2.2.2.3.2.2.3.2.1.2.2.2.2.2.3.2.2.2",0.364252168235006,FALSE,TRUE,38
"2.2.2.2.2.2.2.3.2.2.2.3.1.2.2.2.2.2.3.2.2.2",0.347645633819082,FALSE,TRUE,39
"2.2.2.2.2.2.2.3.2.2.2.2.1.3.2.2.2.2.3.2.2.2",0.401971977799167,FALSE,TRUE,40
"2.2.2.2.2.2.2.3.2.2.2.2.1.2.3.2.2.2.3.2.2.2",0.405406792452783,FALSE,TRUE,39
"2.2.2.2.2.2.2.3.2.2.2.2.1.2.2.3.2.2.3.2.2.2",0.462485835361253,FALSE,TRUE,39
"2.2.2.2.2.2.2.3.2.2.2.2.1.2.2.2.3.2.3.2.2.2",0.390929488294503,FALSE,TRUE,39
"2.2.2.2.2.2.2.3.2.2.2.2.1.2.2.2.2.3.3.2.2.2",0.388279954396179,FALSE,TRUE,39
"2.2.2.2.2.2.2.3.2.2.2.2.1.2.2.2.2.2.4.2.2.2",0.394476615175525,FALSE,TRUE,39
"2.2.2.2.2.2.2.3.2.2.2.2.1.2.2.2.2.2.3.3.2.2",0.315681174251773,FALSE,TRUE,39
"2.2.2.2.2.2.2.3.2.2.2.2.1.2.2.2.2.2.3.2.3.2",0.438502355348422,FALSE,TRUE,39
"2.2.2.2.2.2.2.3.2.2.2.2.1.2.2.2.2.2.3.2.2.3",0.371516602606016,FALSE,TRUE,39
"1.2.2.2.2.2.2.3.2.2.2.2.1.2.2.2.2.2.3.2.2.2",0.465916099770007,FALSE,TRUE,38
"2.1.2.2.2.2.2.3.2.2.2.2.1.2.2.2.2.2.3.2.2.2",0.374923572335747,FALSE,TRUE,38
"2.2.1.2.2.2.2.3.2.2.2.2.1.2.2.2.2.2.3.2.2.2",0.396585434968299,FALSE,TRUE,38
"2.2.2.1.2.2.2.3.2.2.2.2.1.2.2.2.2.2.3.2.2.2",0.411542226979603,FALSE,TRUE,38
"2.2.2.2.1.2.2.3.2.2.2.2.1.2.2.2.2.2.3.2.2.2",0.424564684068543,FALSE,TRUE,38
"2.2.2.2.2.1.2.3.2.2.2.2.1.2.2.2.2.2.3.2.2.2",0.433636658838121,FALSE,TRUE,38
"2.2.2.2.2.2.1.3.2.2.2.2.1.2.2.2.2.2.3.2.2.2",0.408135856716265,FALSE,TRUE,38
"2.2.2.2.2.2.2.2.2.2.2.2.1.2.2.2.2.2.3.2.2.2",0.360716078942904,FALSE,TRUE,38
"2.2.2.2.2.2.2.3.1.2.2.2.1.2.2.2.2.2.3.2.2.2",0.4043087981803,FALSE,TRUE,38
"2.2.2.2.2.2.2.3.2.1.2.2.1.2.2.2.2.2.3.2.2.2",0.475724887849379,FALSE,TRUE,38
"2.2.2.2.2.2.2.3.2.2.1.2.1.2.2.2.2.2.3.2.2.2",0.45686331043927,FALSE,TRUE,38
"2.2.2.2.2.2.2.3.2.2.2.1.1.2.2.2.2.2.3.2.2.2",0.47422705937372,FALSE,TRUE,38
"2.2.2.2.2.2.2.3.2.2.2.2.1.2.1.2.2.2.3.2.2.2",0.422526581477795,FALSE,TRUE,38
"2.2.2.2.2.2.2.3.2.2.2.2.1.2.2.1.2.2.3.2.2.2",0.350755619660698,FALSE,TRUE,38
"2.2.2.2.2.2.2.3.2.2.2.2.1.2.2.2.1.2.3.2.2.2",0.427648620374193,FALSE,TRUE,38
"2.2.2.2.2.2.2.3.2.2.2.2.1.2.2.2.2.1.3.2.2.2",0.436504050667814,FALSE,TRUE,37
"2.2.2.2.2.2.2.3.2.2.2.2.1.2.2.2.2.2.3.1.2.2",0.504841181543292,FALSE,TRUE,38
"2.2.2.2.2.2.2.3.2.2.2.2.1.2.2.2.2.2.3.2.1.2",0.380398940654699,FALSE,TRUE,38
"2.2.2.2.2.2.2.3.2.2.2.2.1.2.2.2.2.2.3.2.2.1",0.454500986586423,FALSE,TRUE,38
"3.2.1.2.2.2.2.2.1.2.2.2.2.1.2.2.2.2.2.2.2.1",0.339079143565572,FALSE,TRUE,36
"2.2.2.2.2.2.2.2.1.2.2.2.2.1.2.2.2.2.2.2.2.1",0.434942120955999,FALSE,TRUE,36
"2.2.1.3.2.2.2.2.1.2.2.2.2.1.2.2.2.2.2.2.2.1",0.413025718499244,FALSE,TRUE,36
"2.2.1.2.3.2.2.2.1.2.2.2.2.1.2.2.2.2.2.2.2.1",0.378379891680285,FALSE,TRUE,36
"2.2.1.2.2.3.2.2.1.2.2.2.2.1.2.2.2.2.2.2.2.1",0.375795780679078,FALSE,TRUE,36
"2.2.1.2.2.2.3.2.1.2.2.2.2.1.2.2.2.2.2.2.2.1",0.377969301393044,FALSE,TRUE,36
"2.2.1.2.2.2.2.3.1.2.2.2.2.1.2.2.2.2.2.2.2.1",0.44544842014777,FALSE,TRUE,36
"2.2.1.2.2.2.2.2.1.3.2.2.2.1.2.2.2.2.2.2.2.1",0.317094112142747,FALSE,TRUE,36
"2.2.1.2.2.2.2.2.1.2.3.2.2.1.2.2.2.2.2.2.2.1",0.339117249215774,FALSE,TRUE,36
"2.2.1.2.2.2.2.2.1.2.2.3.2.1.2.2.2.2.2.2.2.1",0.324696796274575,FALSE,TRUE,37
"2.2.1.2.2.2.2.2.1.2.2.2.3.1.2.2.2.2.2.2.2.1",0.404155761579003,FALSE,TRUE,35
"2.2.1.2.2.2.2.2.1.2.2.2.2.2.2.2.2.2.2.2.2.1",0.400095701085744,FALSE,TRUE,34
"2.2.1.2.2.2.2.2.1.2.2.2.2.1.3.2.2.2.2.2.2.1",0.35889761579144,FALSE,TRUE,36
"2.2.1.2.2.2.2.2.1.2.2.2.2.1.2.3.2.2.2.2.2.1",0.44614449183785,FALSE,TRUE,36
"2.2.1.2.2.2.2.2.1.2.2.2.2.1.2.2.3.2.2.2.2.1",0.364793382214211,FALSE,TRUE,36
"2.2.1.2.2.2.2.2.1.2.2.2.2.1.2.2.2.2.3.2.2.1",0.39710127278637,FALSE,TRUE,36
"2.2.1.2.2.2.2.2.1.2.2.2.2.1.2.2.2.2.2.3.2.1",0.298461080853598,FALSE,TRUE,36
"2.2.1.2.2.2.2.2.1.2.2.2.2.1.2.2.2.2.2.2.2.2",0.332070159120845,FALSE,TRUE,35
"1.2.1.2.2.2.2.2.1.2.2.2.2.1.2.2.2.2.2.2.2.1",0.411632744773764,FALSE,TRUE,35
"2.1.1.2.2.2.2.2.1.2.2.2.2.1.2.2.2.2.2.2.2.1",0.337093658050876,FALSE,TRUE,35
"2.2.1.1.2.2.2.2.1.2.2.2.2.1.2.2.2.2.2.2.2.1",0.346225557086362,FALSE,TRUE,35
"2.2.1.2.1.2.2.2.1.2.2.2.2.1.2.2.2.2.2.2.2.1",0.382266680929753,FALSE,TRUE,35
"2.2.1.2.2.1.2.2.1.2.2.2.2.1.2.2.2.2.2.2.2.1",0.381895372788215,FALSE,TRUE,35
"2.2.1.2.2.2.1.2.1.2.2.2.2.1.2.2.2.2.2.2.2.1",0.384587434080892,FALSE,TRUE,35
"2.2.1.2.2.2.2.1.1.2.2.2.2.1.2.2.2.2.2.2.2.1",0.320804832733926,FALSE,TRUE,34
"2.2.1.2.2.2.2.2.1.1.2.2.2.1.2.2.2.2.2.2.2.1",0.44802704792032,FALSE,TRUE,35
"2.2.1.2.2.2.2.2.1.2.1.2.2.1.2.2.2.2.2.2.2.1",0.424538047277233,FALSE,TRUE,35
"2.2.1.2.2.2.2.2.1.2.2.2.1.1.2.2.2.2.2.2.2.1",0.357020310916579,FALSE,TRUE,35
"2.2.1.2.2.2.2.2.1.2.2.2.2.1.1.2.2.2.2.2.2.1",0.401610862781704,FALSE,TRUE,35
"2.2.1.2.2.2.2.2.1.2.2.2.2.1.2.1.2.2.2.2.2.1",0.321655686629512,FALSE,TRUE,34
"2.2.1.2.2.2.2.2.1.2.2.2.2.1.2.2.1.2.2.2.2.1",0.397718781673707,FALSE,TRUE,35
"2.2.1.2.2.2.2.2.1.2.2.2.2.1.2.2.2.1.2.2.2.1",0.391805810495492,FALSE,TRUE,36
"2.2.1.2.2.2.2.2.1.2.2.2.2.1.2.2.2.2.1.2.2.1",0.367103088206291,FALSE,TRUE,35
"2.2.1.2.2.2.2.2.1.2.2.2.2.1.2.2.2.2.2.1.2.1",0.453433444298818,FALSE,TRUE,34
"2.2.1.2.2.2.2.2.1.2.2.2.2.1.2.2.2.2.2.2.1.1",0.317507486436479,FALSE,TRUE,35
"3.2.1.2.2.2.2.2.2.2.2.2.2.1.2.2.3.2.2.2.2.1",0.359343829278632,FALSE,TRUE,39
"2.2.2.2.2.2.2.2.2.2.2.2.2.1.2.2.3.2.2.2.2.1",0.434447242989758,FALSE,TRUE,39
"2.2.1.3.2.2.2.2.2.2.2.2.2.1.2.2.3.2.2.2.2.1",0.425982943200596,FALSE,TRUE,39
"2.2.1.2.3.2.2.2.2.2.2.2.2.1.2.2.3.2.2.2.2.1",0.387783879225148,FALSE,TRUE,39
"2.2.1.2.2.3.2.2.2.2.2.2.2.1.2.2.3.2.2.2.2.1",0.370599000211658,FALSE,TRUE,39
"2.2.1.2.2.2.3.2.2.2.2.2.2.1.2.2.3.2.2.2.2.1",0.374928587390352,FALSE,TRUE,39
"2.2.1.2.2.2.2.3.2.2.2.2.2.1.2.2.3.2.2.2.2.1",0.442574703978289,FALSE,TRUE,39
"2.2.1.2.2.2.2.2.3.2.2.2.2.1.2.2.3.2.2.2.2.1",0.409251405557145,FALSE,TRUE,39
"2.2.1.2.2.2.2.2.2.3.2.2.2.1.2.2.3.2.2.2.2.1",0.309944183487478,FALSE,TRUE,39
"2.2.1.2.2.2.2.2.2.2.3.2.2.1.2.2.3.2.2.2.2.1",0.351102751111136,FALSE,TRUE,39
"2.2.1.2.2.2.2.2.2.2.2.3.2.1.2.2.3.2.2.2.2.1",0.334445679204258,FALSE,TRUE,39
"2.2.1.2.2.2.2.2.2.2.2.2.3.1.2.2.3.2.2.2.2.1",0.396918270369265,FALSE,TRUE,38
"2.2.1.2.2.2.2.2.2.2.2.2.2.2.2.2.3.2.2.2.2.1",0.407845449606844,FALSE,TRUE,37
"2.2.1.2.2.2.2.2.2.2.2.2.2.1.3.2.3.2.2.2.2.1",0.369330770738496,FALSE,TRUE,39
"2.2.1.2.2.2.2.2.2.2.2.2.2.1.2.3.3.2.2.2.2.1",0.464304271234352,FALSE,TRUE,39
"2.2.1.2.2.2.2.2.2.2.2.2.2.1.2.2.4.2.2.2.2.1",0.365460365941368,FALSE,TRUE,40
"2.2.1.2.2.2.2.2.2.2.2.2.2.1.2.2.3.3.2.2.2.1",0.383234603703007,FALSE,TRUE,38
"2.2.1.2.2.2.2.2.2.2.2.2.2.1.2.2.3.2.3.2.2.1",0.403636140262433,FALSE,TRUE,39
"2.2.1.2.2.2.2.2.2.2.2.2.2.1.2.2.3.2.2.3.2.1",0.295792307344915,FALSE,TRUE,39
"2.2.1.2.2.2.2.2.2.2.2.2.2.1.2.2.3.2.2.2.2.2",0.341158507717066,FALSE,TRUE,39
"1.2.1.2.2.2.2.2.2.2.2.2.2.1.2.2.3.2.2.2.2.1",0.413319625384896,FALSE,TRUE,38
"2.1.1.2.2.2.2.2.2.2.2.2.2.1.2.2.3.2.2.2.2.1",0.354014055523433,FALSE,TRUE,38
"2.2.1.1.2.2.2.2.2.2.2.2.2.1.2.2.3.2.2.2.2.1",0.349455784929823,FALSE,TRUE,38
"2.2.1.2.1.2.2.2.2.2.2.2.2.1.2.2.3.2.2.2.2.1",0.389969275883153,FALSE,TRUE,38
"2.2.1.2.2.1.2.2.2.2.2.2.2.1.2.2.3.2.2.2.2.1",0.405535351376437,FALSE,TRUE,38
"2.2.1.2.2.2.1.2.2.2.2.2.2.1.2.2.3.2.2.2.2.1",0.40118816929791,FALSE,TRUE,38
"2.2.1.2.2.2.2.1.2.2.2.2.2.1.2.2.3.2.2.2.2.1",0.340988154244041,FALSE,TRUE,37
"2.2.1.2.2.2.2.2.2.1.2.2.2.1.2.2.3.2.2.2.2.1",0.474486739784153,FALSE,TRUE,38
"2.2.1.2.2.2.2.2.2.2.1.2.2.1.2.2.3.2.2.2.2.1",0.429458433329561,FALSE,TRUE,38
"2.2.1.2.2.2.2.2.2.2.2.1.2.1.2.2.3.2.2.2.2.1",0.441048508062998,FALSE,TRUE,37
"2.2.1.2.2.2.2.2.2.2.2.2.1.1.2.2.3.2.2.2.2.1",0.381704055807034,FALSE,TRUE,38
"2.2.1.2.2.2.2.2.2.2.2.2.2.1.1.2.3.2.2.2.2.1",0.406728256246976,FALSE,TRUE,38
"2.2.1.2.2.2.2.2.2.2.2.2.2.1.2.1.3.2.2.2.2.1",0.317220274713998,FALSE,TRUE,37
"2.2.1.2.2.2.2.2.2.2.2.2.2.1.2.2.3.1.2.2.2.1",0.398197135835858,FALSE,TRUE,38
"2.2.1.2.2.2.2.2.2.2.2.2.2.1.2.2.3.2.1.2.2.1",0.377063363976641,FALSE,TRUE,38
"2.2.1.2.2.2.2.2.2.2.2.2.2.1.2.2.3.2.2.1.2.1",0.473208258953938,FALSE,TRUE,37
"2.2.1.2.2.2.2.2.2.2.2.2.2.1.2.2.3.2.2.2.1.1",0.314042308602392,FALSE,TRUE,38
"3.2.1.2.2.2.2.2.2.2.2.2.2.1.2.1.2.2.2.2.3.1",0.340608374268147,FALSE,TRUE,36
"2.3.1.2.2.2.2.2.2.2.2.2.2.1.2.1.2.2.2.2.3.1",0.422441679124541,FALSE,TRUE,35
"2.2.2.2.2.2.2.2.2.2.2.2.2.1.2.1.2.2.2.2.3.1",0.417372629823759,FALSE,TRUE,37
"2.2.1.3.2.2.2.2.2.2.2.2.2.1.2.1.2.2.2.2.3.1",0.394562600289333,FALSE,TRUE,36
"2.2.1.2.2.3.2.2.2.2.2.2.2.1.2.1.2.2.2.2.3.1",0.3635014320755,FALSE,TRUE,36
"2.2.1.2.2.2.3.2.2.2.2.2.2.1.2.1.2.2.2.2.3.1",0.366143976875262,FALSE,TRUE,36
"2.2.1.2.2.2.2.3.2.2.2.2.2.1.2.1.2.2.2.2.3.1",0.448573604714742,FALSE,TRUE,36
"2.2.1.2.2.2.2.2.3.2.2.2.2.1.2.1.2.2.2.2.3.1",0.39476901742639,FALSE,TRUE,36
"2.2.1.2.2.2.2.2.2.3.2.2.2.1.2.1.2.2.2.2.3.1",0.310023209624086,FALSE,TRUE,36
"2.2.1.2.2.2.2.2.2.2.3.2.2.1.2.1.2.2.2.2.3.1",0.328669020129825,FALSE,TRUE,36
"2.2.1.2.2.2.2.2.2.2.2.3.2.1.2.1.2.2.2.2.3.1",0.316372842203607,FALSE,TRUE,36
"2.2.1.2.2.2.2.2.2.2.2.2.3.1.2.1.2.2.2.2.3.1",0.41843881646182,FALSE,TRUE,36
"2.2.1.2.2.2.2.2.2.2.2.2.2.1.3.1.2.2.2.2.3.1",0.362692320234224,FALSE,TRUE,36
"2.2.1.2.2.2.2.2.2.2.2.2.2.1.2.1.3.2.2.2.3.1",0.378462344535391,FALSE,TRUE,35
"2.2.1.2.2.2.2.2.2.2.2.2.2.1.2.1.2.3.2.2.3.1",0.37916599763557,FALSE,TRUE,36
"2.2.1.2.2.2.2.2.2.2.2.2.2.1.2.1.2.2.3.2.3.1",0.378994890892505,FALSE,TRUE,35
"2.2.1.2.2.2.2.2.2.2.2.2.2.1.2.1.2.2.2.3.3.1",0.284703498324397,FALSE,TRUE,36
"2.2.1.2.2.2.2.2.2.2.2.2.2.1.2.1.2.2.2.2.4.1",0.425800698186853,FALSE,TRUE,36
"2.2.1.2.2.2.2.2.2.2.2.2.2.1.2.1.2.2.2.2.3.2",0.341591251299518,FALSE,TRUE,37
"1.2.1.2.2.2.2.2.2.2.2.2.2.1.2.1.2.2.2.2.3.1",0.418944940695249,FALSE,TRUE,35
"2.1.1.2.2.2.2.2.2.2.2.2.2.1.2.1.2.2.2.2.3.1",0.350920620706885,FALSE,TRUE,35
"2.2.1.1.2.2.2.2.2.2.2.2.2.1.2.1.2.2.2.2.3.1",0.369525078396801,FALSE,TRUE,35
"2.2.1.2.1.2.2.2.2.2.2.2.2.1.2.1.2.2.2.2.3.1",0.400393704895107,FALSE,TRUE,36
"2.2.1.2.2.1.2.2.2.2.2.2.2.1.2.1.2.2.2.2.3.1",0.403433815001176,FALSE,TRUE,35
"2.2.1.2.2.2.1.2.2.2.2.2.2.1.2.1.2.2.2.2.3.1",0.403835011865151,FALSE,TRUE,35
"2.2.1.2.2.2.2.1.2.2.2.2.2.1.2.1.2.2.2.2.3.1",0.326301483056771,FALSE,TRUE,35
"2.2.1.2.2.2.2.2.1.2.2.2.2.1.2.1.2.2.2.2.3.1",0.368782248317377,FALSE,TRUE,34
"2.2.1.2.2.2.2.2.2.1.2.2.2.1.2.1.2.2.2.2.3.1",0.462015099638778,FALSE,TRUE,35
"2.2.1.2.2.2.2.2.2.2.1.2.2.1.2.1.2.2.2.2.3.1",0.442965083736183,FALSE,TRUE,35
"2.2.1.2.2.2.2.2.2.2.2.1.2.1.2.1.2.2.2.2.3.1",0.448614860461206,FALSE,TRUE,35
"2.2.1.2.2.2.2.2.2.2.2.2.1.1.2.1.2.2.2.2.3.1",0.34977410390584,FALSE,TRUE,35
"2.2.1.2.2.2.2.2.2.2.2.2.2.1.1.1.2.2.2.2.3.1",0.40605745787197,FALSE,TRUE,35
"2.2.1.2.2.2.2.2.2.2.2.2.2.1.2.1.1.2.2.2.3.1",0.391380602519301,FALSE,TRUE,35
"2.2.1.2.2.2.2.2.2.2.2.2.2.1.2.1.2.1.2.2.3.1",0.39599710742395,FALSE,TRUE,35
"2.2.1.2.2.2.2.2.2.2.2.2.2.1.2.1.2.2.1.2.3.1",0.392526433234683,FALSE,TRUE,35
"2.2.1.2.2.2.2.2.2.2.2.2.2.1.2.1.2.2.2.1.3.1",0.476303122661597,FALSE,TRUE,35
"3.2.2.2.2.3.2.3.2.2.2.2.2.2.2.2.2.2.3.2.2.2",0.372149255611846,FALSE,TRUE,41
"2.3.2.2.2.3.2.3.2.2.2.2.2.2.2.2.2.2.3.2.2.2",0.452407199276145,FALSE,TRUE,41
"2.2.3.2.2.3.2.3.2.2.2.2.2.2.2.2.2.2.3.2.2.2",0.418723972098064,FALSE,TRUE,41
"2.2.2.3.2.3.2.3.2.2.2.2.2.2.2.2.2.2.3.2.2.2",0.423306339393138,FALSE,TRUE,40
"2.2.2.2.3.3.2.3.2.2.2.2.2.2.2.2.2.2.3.2.2.2",0.421325700985833,FALSE,TRUE,41
"2.2.2.2.2.4.2.3.2.2.2.2.2.2.2.2.2.2.3.2.2.2",0.37729002732894,FALSE,TRUE,42
"2.2.2.2.2.3.3.3.2.2.2.2.2.2.2.2.2.2.3.2.2.2",0.407707350227075,FALSE,TRUE,41
"2.2.2.2.2.3.2.4.2.2.2.2.2.2.2.2.2.2.3.2.2.2",0.462123634842283,FALSE,TRUE,41
"2.2.2.2.2.3.2.3.3.2.2.2.2.2.2.2.2.2.3.2.2.2",0.408141728779075,FALSE,TRUE,41
"2.2.2.2.2.3.2.3.2.3.2.2.2.2.2.2.2.2.3.2.2.2",0.355973553700314,FALSE,TRUE,41
"2.2.2.2.2.3.2.3.2.2.2.3.2.2.2.2.2.2.3.2.2.2",0.357504409494909,FALSE,TRUE,41
"2.2.2.2.2.3.2.3.2.2.2.2.3.2.2.2.2.2.3.2.2.2",0.446784705258999,FALSE,TRUE,41
"2.2.2.2.2.3.2.3.2.2.2.2.2.3.2.2.2.2.3.2.2.2",0.412571780839836,FALSE,TRUE,41
"2.2.2.2.2.3.2.3.2.2.2.2.2.2.3.2.2.2.3.2.2.2",0.422665677057829,FALSE,TRUE,41
"2.2.2.2.2.3.2.3.2.2.2.2.2.2.2.3.2.2.3.2.2.2",0.480993069118862,FALSE,TRUE,41
"2.2.2.2.2.3.2.3.2.2.2.2.2.2.2.2.3.2.3.2.2.2",0.391254604234616,FALSE,TRUE,41
"2.2.2.2.2.3.2.3.2.2.2.2.2.2.2.2.2.3.3.2.2.2",0.401620833245196,FALSE,TRUE,41
"2.2.2.2.2.3.2.3.2.2.2.2.2.2.2.2.2.2.4.2.2.2",0.403980455770082,FALSE,TRUE,41
"2.2.2.2.2.3.2.3.2.2.2.2.2.2.2.2.2.2.3.3.2.2",0.312819548451719,FALSE,TRUE,41
"2.2.2.2.2.3.2.3.2.2.2.2.2.2.2.2.2.2.3.2.3.2",0.457674207365666,FALSE,TRUE,41
"2.2.2.2.2.3.2.3.2.2.2.2.2.2.2.2.2.2.3.2.2.3",0.386272534668868,FALSE,TRUE,41
"1.2.2.2.2.3.2.3.2.2.2.2.2.2.2.2.2.2.3.2.2.2",0.455414857410011,FALSE,TRUE,40
"2.1.2.2.2.3.2.3.2.2.2.2.2.2.2.2.2.2.3.2.2.2",0.388582323122186,FALSE,TRUE,40
"2.2.1.2.2.3.2.3.2.2.2.2.2.2.2.2.2.2.3.2.2.2",0.401076454988044,FALSE,TRUE,40
"2.2.2.1.2.3.2.3.2.2.2.2.2.2.2.2.2.2.3.2.2.2",0.408598679245344,FALSE,TRUE,39
"2.2.2.2.1.3.2.3.2.2.2.2.2.2.2.2.2.2.3.2.2.2",0.417359951356843,FALSE,TRUE,40
"2.2.2.2.2.3.1.3.2.2.2.2.2.2.2.2.2.2.3.2.2.2",0.423393749797773,FALSE,TRUE,40
"2.2.2.2.2.3.2.2.2.2.2.2.2.2.2.2.2.2.3.2.2.2",0.373444794093975,FALSE,TRUE,40
"2.2.2.2.2.3.2.3.1.2.2.2.2.2.2.2.2.2.3.2.2.2",0.421484782662043,FALSE,TRUE,40
"2.2.2.2.2.3.2.3.2.1.2.2.2.2.2.2.2.2.3.2.2.2",0.488944885278073,FALSE,TRUE,40
"2.2.2.2.2.3.2.3.2.2.1.2.2.2.2.2.2.2.3.2.2.2",0.456891388015725,FALSE,TRUE,41
"2.2.2.2.2.3.2.3.2.2.2.1.2.2.2.2.2.2.3.2.2.2",0.480494207276191,FALSE,TRUE,40
"2.2.2.2.2.3.2.3.2.2.2.2.2.1.2.2.2.2.3.2.2.2",0.419072244340963,FALSE,TRUE,39
"2.2.2.2.2.3.2.3.2.2.2.2.2.2.1.2.2.2.3.2.2.2",0.419622719122037,FALSE,TRUE,40
"2.2.2.2.2.3.2.3.2.2.2.2.2.2.2.1.2.2.3.2.2.2",0.349989477376079,FALSE,TRUE,40
"2.2.2.2.2.3.2.3.2.2.2.2.2.2.2.2.1.2.3.2.2.2",0.439215278139278,FALSE,TRUE,40
"2.2.2.2.2.3.2.3.2.2.2.2.2.2.2.2.2.1.3.2.2.2",0.437534068942432,FALSE,TRUE,39
"2.2.2.2.2.3.2.3.2.2.2.2.2.2.2.2.2.2.3.1.2.2",0.522197941458866,FALSE,TRUE,40
"2.2.2.2.2.3.2.3.2.2.2.2.2.2.2.2.2.2.3.2.1.2",0.373687553621388,FALSE,TRUE,40
"2.2.2.2.2.3.2.3.2.2.2.2.2.2.2.2.2.2.3.2.2.1",0.454888063858129,FALSE,TRUE,40
"3.2.1.2.2.2.2.2.2.2.2.2.2.1.2.2.2.2.3.2.2.1",0.379133893978128,FALSE,TRUE,39
"2.2.2.2.2.2.2.2.2.2.2.2.2.1.2.2.2.2.3.2.2.1",0.443381280802723,FALSE,TRUE,39
"2.2.1.3.2.2.2.2.2.2.2.2.2.1.2.2.2.2.3.2.2.1",0.422449977030349,FALSE,TRUE,39
"2.2.1.2.3.2.2.2.2.2.2.2.2.1.2.2.2.2.3.2.2.1",0.406932949938008,FALSE,TRUE,39
"2.2.1.2.2.3.2.2.2.2.2.2.2.1.2.2.2.2.3.2.2.1",0.38023293649293,FALSE,TRUE,39
"2.2.1.2.2.2.3.2.2.2.2.2.2.1.2.2.2.2.3.2.2.1",0.395932004382013,FALSE,TRUE,39
"2.2.1.2.2.2.2.3.2.2.2.2.2.1.2.2.2.2.3.2.2.1",0.464620045256723,FALSE,TRUE,39
"2.2.1.2.2.2.2.2.3.2.2.2.2.1.2.2.2.2.3.2.2.1",0.415868156516405,FALSE,TRUE,39
"2.2.1.2.2.2.2.2.2.3.2.2.2.1.2.2.2.2.3.2.2.1",0.340046856482899,FALSE,TRUE,39
"2.2.1.2.2.2.2.2.2.2.3.2.2.1.2.2.2.2.3.2.2.1",0.365303879979512,FALSE,TRUE,39
"2.2.1.2.2.2.2.2.2.2.2.3.2.1.2.2.2.2.3.2.2.1",0.349614006249139,FALSE,TRUE,39
"2.2.1.2.2.2.2.2.2.2.2.2.3.1.2.2.2.2.3.2.2.1",0.437104837476496,FALSE,TRUE,38
"2.2.1.2.2.2.2.2.2.2.2.2.2.2.2.2.2.2.3.2.2.1",0.426909608303513,FALSE,TRUE,37
"2.2.1.2.2.2.2.2.2.2.2.2.2.1.3.2.2.2.3.2.2.1",0.390697430319487,FALSE,TRUE,39
"2.2.1.2.2.2.2.2.2.2.2.2.2.1.2.3.2.2.3.2.2.1",0.483702624539398,FALSE,TRUE,39
"2.2.1.2.2.2.2.2.2.2.2.2.2.1.2.2.2.3.3.2.2.1",0.410020659414945,FALSE,TRUE,38
"2.2.1.2.2.2.2.2.2.2.2.2.2.1.2.2.2.2.4.2.2.1",0.406269475332409,FALSE,TRUE,40
"2.2.1.2.2.2.2.2.2.2.2.2.2.1.2.2.2.2.3.3.2.1",0.306714597772503,FALSE,TRUE,39
"2.2.1.2.2.2.2.2.2.2.2.2.2.1.2.2.2.2.3.2.2.2",0.373748082151761,FALSE,TRUE,39
"1.2.1.2.2.2.2.2.2.2.2.2.2.1.2.2.2.2.3.2.2.1",0.429323218271312,FALSE,TRUE,38
"2.1.1.2.2.2.2.2.2.2.2.2.2.1.2.2.2.2.3.2.2.1",0.379230638710222,FALSE,TRUE,38
"2.2.1.1.2.2.2.2.2.2.2.2.2.1.2.2.2.2.3.2.2.1",0.391524216611447,FALSE,TRUE,38
"2.2.1.2.1.2.2.2.2.2.2.2.2.1.2.2.2.2.3.2.2.1",0.410951808071601,FALSE,TRUE,38
"2.2.1.2.2.1.2.2.2.2.2.2.2.1.2.2.2.2.3.2.2.1",0.436396892630333,FALSE,TRUE,38
"2.2.1.2.2.2.1.2.2.2.2.2.2.1.2.2.2.2.3.2.2.1",0.421168435733778,FALSE,TRUE,38
"2.2.1.2.2.2.2.1.2.2.2.2.2.1.2.2.2.2.3.2.2.1",0.359069329481243,FALSE,TRUE,37
"2.2.1.2.2.2.2.2.2.1.2.2.2.1.2.2.2.2.3.2.2.1",0.482004669398118,FALSE,TRUE,38
"2.2.1.2.2.2.2.2.2.2.1.2.2.1.2.2.2.2.3.2.2.1",0.455256004216233,FALSE,TRUE,38
"2.2.1.2.2.2.2.2.2.2.2.1.2.1.2.2.2.2.3.2.2.1",0.465528425204188,FALSE,TRUE,37
"2.2.1.2.2.2.2.2.2.2.2.2.1.1.2.2.2.2.3.2.2.1",0.382727657054101,FALSE,TRUE,38
"2.2.1.2.2.2.2.2.2.2.2.2.2.1.1.2.2.2.3.2.2.1",0.426952578068595,FALSE,TRUE,38
"2.2.1.2.2.2.2.2.2.2.2.2.2.1.2.1.2.2.3.2.2.1",0.337885221833048,FALSE,TRUE,37
"2.2.1.2.2.2.2.2.2.2.2.2.2.1.2.2.1.2.3.2.2.1",0.414239032334218,FALSE,TRUE,38
"2.2.1.2.2.2.2.2.2.2.2.2.2.1.2.2.2.1.3.2.2.1",0.413316388922552,FALSE,TRUE,38
"2.2.1.2.2.2.2.2.2.2.2.2.2.1.2.2.2.2.3.1.2.1",0.503809611784827,FALSE,TRUE,37
"2.2.1.2.2.2.2.2.2.2.2.2.2.1.2.2.2.2.3.2.1.1",0.354641809870291,FALSE,TRUE,38
"3.2.2.1.2.2.2.3.2.2.2.2.2.2.2.2.2.2.2.2.2.2",0.394687985702478,FALSE,TRUE,40
"2.3.2.1.2.2.2.3.2.2.2.2.2.2.2.2.2.2.2.2.2.2",0.474151932708067,FALSE,TRUE,40
"2.2.3.1.2.2.2.3.2.2.2.2.2.2.2.2.2.2.2.2.2.2",0.444054964658649,FALSE,TRUE,40
"2.2.2.1.3.2.2.3.2.2.2.2.2.2.2.2.2.2.2.2.2.2",0.421554975266062,FALSE,TRUE,40
"2.2.2.1.2.3.2.3.2.2.2.2.2.2.2.2.2.2.2.2.2.2",0.407615351447175,FALSE,TRUE,39
"2.2.2.1.2.2.3.3.2.2.2.2.2.2.2.2.2.2.2.2.2.2",0.425999054348643,FALSE,TRUE,40
"2.2.2.1.2.2.2.4.2.2.2.2.2.2.2.2.2.2.2.2.2.2",0.474219782621802,FALSE,TRUE,40
"2.2.2.1.2.2.2.3.3.2.2.2.2.2.2.2.2.2.2.2.2.2",0.447088555797291,FALSE,TRUE,40
"2.2.2.1.2.2.2.3.2.3.2.2.2.2.2.2.2.2.2.2.2.2",0.363401855735203,FALSE,TRUE,40
"2.2.2.1.2.2.2.3.2.2.3.2.2.2.2.2.2.2.2.2.2.2",0.397100248229289,FALSE,TRUE,40
"2.2.2.1.2.2.2.3.2.2.2.3.2.2.2.2.2.2.2.2.2.2",0.367770700999804,FALSE,TRUE,41
"2.2.2.1.2.2.2.3.2.2.2.2.3.2.2.2.2.2.2.2.2.2",0.444554676688971,FALSE,TRUE,40
"2.2.2.1.2.2.2.3.2.2.2.2.2.3.2.2.2.2.2.2.2.2",0.435712079186662,FALSE,TRUE,40
"2.2.2.1.2.2.2.3.2.2.2.2.2.2.3.2.2.2.2.2.2.2",0.425795945246083,FALSE,TRUE,40
"2.2.2.1.2.2.2.3.2.2.2.2.2.2.2.3.2.2.2.2.2.2",0.484357077232733,FALSE,TRUE,40
"2.2.2.1.2.2.2.3.2.2.2.2.2.2.2.2.3.2.2.2.2.2",0.395999104692224,FALSE,TRUE,40
"2.2.2.1.2.2.2.3.2.2.2.2.2.2.2.2.2.3.2.2.2.2",0.416009398620602,FALSE,TRUE,40
"2.2.2.1.2.2.2.3.2.2.2.2.2.2.2.2.2.2.2.3.2.2",0.335978214765065,FALSE,TRUE,40
"2.2.2.1.2.2.2.3.2.2.2.2.2.2.2.2.2.2.2.2.3.2",0.479357171339058,FALSE,TRUE,39
"2.2.2.1.2.2.2.3.2.2.2.2.2.2.2.2.2.2.2.2.2.3",0.369719592099812,FALSE,TRUE,40
"1.2.2.1.2.2.2.3.2.2.2.2.2.2.2.2.2.2.2.2.2.2",0.456380530262156,FALSE,TRUE,39
"2.1.2.1.2.2.2.3.2.2.2.2.2.2.2.2.2.2.2.2.2.2",0.393767619948044,FALSE,TRUE,39
"2.2.1.1.2.2.2.3.2.2.2.2.2.2.2.2.2.2.2.2.2.2",0.398355167688356,FALSE,TRUE,38
"2.2.2.1.1.2.2.3.2.2.2.2.2.2.2.2.2.2.2.2.2.2",0.439717419051001,FALSE,TRUE,39
"2.2.2.1.2.1.2.3.2.2.2.2.2.2.2.2.2.2.2.2.2.2",0.447614161271822,FALSE,TRUE,38
"2.2.2.1.2.2.1.3.2.2.2.2.2.2.2.2.2.2.2.2.2.2",0.43317533047254,FALSE,TRUE,39
"2.2.2.1.2.2.2.3.1.2.2.2.2.2.2.2.2.2.2.2.2.2",0.409984078907008,FALSE,TRUE,39
"2.2.2.1.2.2.2.3.2.1.2.2.2.2.2.2.2.2.2.2.2.2",0.506003230364064,FALSE,TRUE,39
"2.2.2.1.2.2.2.3.2.2.1.2.2.2.2.2.2.2.2.2.2.2",0.461068331991435,FALSE,TRUE,39
"2.2.2.1.2.2.2.3.2.2.2.2.1.2.2.2.2.2.2.2.2.2",0.415281164138037,FALSE,TRUE,38
"2.2.2.1.2.2.2.3.2.2.2.2.2.1.2.2.2.2.2.2.2.2",0.419369024281952,FALSE,TRUE,39
"2.2.2.1.2.2.2.3.2.2.2.2.2.2.1.2.2.2.2.2.2.2",0.438169438796625,FALSE,TRUE,39
"2.2.2.1.2.2.2.3.2.2.2.2.2.2.2.1.2.2.2.2.2.2",0.372142766666219,FALSE,TRUE,39
"2.2.2.1.2.2.2.3.2.2.2.2.2.2.2.2.1.2.2.2.2.2",0.46220926507034,FALSE,TRUE,39
"2.2.2.1.2.2.2.3.2.2.2.2.2.2.2.2.2.2.1.2.2.2",0.42127785880496,FALSE,TRUE,39
"2.2.2.1.2.2.2.3.2.2.2.2.2.2.2.2.2.2.2.1.2.2",0.517072096017796,FALSE,TRUE,39
"2.2.2.1.2.2.2.3.2.2.2.2.2.2.2.2.2.2.2.2.1.2",0.370905294814511,FALSE,TRUE,39
"2.2.2.1.2.2.2.3.2.2.2.2.2.2.2.2.2.2.2.2.2.1",0.493734890105908,FALSE,TRUE,39
"3.2.1.2.2.2.2.2.2.2.2.2.2.2.2.1.2.2.2.2.3.1",0.340630437682098,FALSE,TRUE,37
"2.3.1.2.2.2.2.2.2.2.2.2.2.2.2.1.2.2.2.2.3.1",0.43783076844708,FALSE,TRUE,37
"2.2.2.2.2.2.2.2.2.2.2.2.2.2.2.1.2.2.2.2.3.1",0.429658656487397,FALSE,TRUE,37
"2.2.1.3.2.2.2.2.2.2.2.2.2.2.2.1.2.2.2.2.3.1",0.399866527980528,FALSE,TRUE,37
"2.2.1.2.3.2.2.2.2.2.2.2.2.2.2.1.2.2.2.2.3.1",0.393526819362647,FALSE,TRUE,37
"2.2.1.2.2.3.2.2.2.2.2.2.2.2.2.1.2.2.2.2.3.1",0.366274478836046,FALSE,TRUE,37
"2.2.1.2.2.2.3.2.2.2.2.2.2.2.2.1.2.2.2.2.3.1",0.387951452845327,FALSE,TRUE,37
"2.2.1.2.2.2.2.3.2.2.2.2.2.2.2.1.2.2.2.2.3.1",0.457468651867305,FALSE,TRUE,36
"2.2.1.2.2.2.2.2.3.2.2.2.2.2.2.1.2.2.2.2.3.1",0.409688872371994,FALSE,TRUE,37
"2.2.1.2.2.2.2.2.2.3.2.2.2.2.2.1.2.2.2.2.3.1",0.333410665972143,FALSE,TRUE,37
"2.2.1.2.2.2.2.2.2.2.3.2.2.2.2.1.2.2.2.2.3.1",0.340700192371594,FALSE,TRUE,37
"2.2.1.2.2.2.2.2.2.2.2.3.2.2.2.1.2.2.2.2.3.1",0.331481414427636,FALSE,TRUE,37
"2.2.1.2.2.2.2.2.2.2.2.2.2.3.2.1.2.2.2.2.3.1",0.396957554191056,FALSE,TRUE,38
"2.2.1.2.2.2.2.2.2.2.2.2.2.2.3.1.2.2.2.2.3.1",0.377396532127743,FALSE,TRUE,37
"2.2.1.2.2.2.2.2.2.2.2.2.2.2.2.1.3.2.2.2.3.1",0.38724073598486,FALSE,TRUE,37
"2.2.1.2.2.2.2.2.2.2.2.2.2.2.2.1.2.3.2.2.3.1",0.387188445053473,FALSE,TRUE,35
"2.2.1.2.2.2.2.2.2.2.2.2.2.2.2.1.2.2.3.2.3.1",0.388313299096245,FALSE,TRUE,37
"2.2.1.2.2.2.2.2.2.2.2.2.2.2.2.1.2.2.2.3.3.1",0.294316290274778,FALSE,TRUE,37
"2.2.1.2.2.2.2.2.2.2.2.2.2.2.2.1.2.2.2.2.4.1",0.426490754400797,FALSE,TRUE,37
"1.2.1.2.2.2.2.2.2.2.2.2.2.2.2.1.2.2.2.2.3.1",0.441195506618685,FALSE,TRUE,36
"2.1.1.2.2.2.2.2.2.2.2.2.2.2.2.1.2.2.2.2.3.1",0.357653552924323,FALSE,TRUE,36
"2.2.1.1.2.2.2.2.2.2.2.2.2.2.2.1.2.2.2.2.3.1",0.386479230323982,FALSE,TRUE,36
"2.2.1.2.1.2.2.2.2.2.2.2.2.2.2.1.2.2.2.2.3.1",0.400169054714434,FALSE,TRUE,36
"2.2.1.2.2.1.2.2.2.2.2.2.2.2.2.1.2.2.2.2.3.1",0.421912163623247,FALSE,TRUE,36
"2.2.1.2.2.2.1.2.2.2.2.2.2.2.2.1.2.2.2.2.3.1",0.402310876763651,FALSE,TRUE,36
"2.2.1.2.2.2.2.1.2.2.2.2.2.2.2.1.2.2.2.2.3.1",0.336182109641926,FALSE,TRUE,36
"2.2.1.2.2.2.2.2.1.2.2.2.2.2.2.1.2.2.2.2.3.1",0.375805021037952,FALSE,TRUE,35
"2.2.1.2.2.2.2.2.2.1.2.2.2.2.2.1.2.2.2.2.3.1",0.464226223454767,FALSE,TRUE,36
"2.2.1.2.2.2.2.2.2.2.1.2.2.2.2.1.2.2.2.2.3.1",0.450483580897218,FALSE,TRUE,36
"2.2.1.2.2.2.2.2.2.2.2.1.2.2.2.1.2.2.2.2.3.1",0.457875843011059,FALSE,TRUE,36
"2.2.1.2.2.2.2.2.2.2.2.2.1.2.2.1.2.2.2.2.3.1",0.348293692098244,FALSE,TRUE,37
"2.2.1.2.2.2.2.2.2.2.2.2.2.2.1.1.2.2.2.2.3.1",0.413699093719307,FALSE,TRUE,36
"2.2.1.2.2.2.2.2.2.2.2.2.2.2.2.1.1.2.2.2.3.1",0.402590000091052,FALSE,TRUE,36
"2.2.1.2.2.2.2.2.2.2.2.2.2.2.2.1.2.1.2.2.3.1",0.409312657722514,FALSE,TRUE,36
"2.2.1.2.2.2.2.2.2.2.2.2.2.2.2.1.2.2.1.2.3.1",0.404580559559955,FALSE,TRUE,36
"2.2.1.2.2.2.2.2.2.2.2.2.2.2.2.1.2.2.2.1.3.1",0.489486343693039,FALSE,TRUE,36
"2.2.1.2.2.2.2.2.2.2.2.2.2.2.2.1.2.2.2.2.2.1",0.3579993385801,FALSE,TRUE,36
"3.3.2.2.2.2.2.2.2.2.2.2.2.1.2.2.2.2.2.2.2.1",0.451076158391254,FALSE,TRUE,38
"2.3.3.2.2.2.2.2.2.2.2.2.2.1.2.2.2.2.2.2.2.1",0.498816328831913,FALSE,TRUE,39
"2.3.2.3.2.2.2.2.2.2.2.2.2.1.2.2.2.2.2.2.2.1",0.494568764323218,FALSE,TRUE,38
"2.3.2.2.3.2.2.2.2.2.2.2.2.1.2.2.2.2.2.2.2.1",0.46362841094029,FALSE,TRUE,37
"2.3.2.2.2.3.2.2.2.2.2.2.2.1.2.2.2.2.2.2.2.1",0.453150265897434,FALSE,TRUE,38
"2.3.2.2.2.2.3.2.2.2.2.2.2.1.2.2.2.2.2.2.2.1",0.456937708911686,FALSE,TRUE,38
"2.3.2.2.2.2.2.3.2.2.2.2.2.1.2.2.2.2.2.2.2.1",0.535992997362007,FALSE,TRUE,38
"2.3.2.2.2.2.2.2.3.2.2.2.2.1.2.2.2.2.2.2.2.1",0.476252846112061,FALSE,TRUE,38
"2.3.2.2.2.2.2.2.2.3.2.2.2.1.2.2.2.2.2.2.2.1",0.39527726732306,FALSE,TRUE,38
"2.3.2.2.2.2.2.2.2.2.3.2.2.1.2.2.2.2.2.2.2.1",0.428973639398108,FALSE,TRUE,38
"2.3.2.2.2.2.2.2.2.2.2.3.2.1.2.2.2.2.2.2.2.1",0.410779364323879,FALSE,TRUE,38
"2.3.2.2.2.2.2.2.2.2.2.2.3.1.2.2.2.2.2.2.2.1",0.499829922495215,FALSE,TRUE,38
"2.3.2.2.2.2.2.2.2.2.2.2.2.2.2.2.2.2.2.2.2.1",0.504033210517408,FALSE,TRUE,37
"2.3.2.2.2.2.2.2.2.2.2.2.2.1.3.2.2.2.2.2.2.1",0.462967676146877,FALSE,TRUE,38
"2.3.2.2.2.2.2.2.2.2.2.2.2.1.2.3.2.2.2.2.2.1",0.562439939611037,FALSE,TRUE,38
"2.3.2.2.2.2.2.2.2.2.2.2.2.1.2.2.3.2.2.2.2.1",0.469517426642395,FALSE,TRUE,37
"2.3.2.2.2.2.2.2.2.2.2.2.2.1.2.2.2.3.2.2.2.1",0.478086195321708,FALSE,TRUE,38
"2.3.2.2.2.2.2.2.2.2.2.2.2.1.2.2.2.2.3.2.2.1",0.472589998242113,FALSE,TRUE,38
"2.3.2.2.2.2.2.2.2.2.2.2.2.1.2.2.2.2.2.3.2.1",0.36827854046845,FALSE,TRUE,38
"2.3.2.2.2.2.2.2.2.2.2.2.2.1.2.2.2.2.2.2.3.1",0.535833100325206,FALSE,TRUE,37
"2.3.2.2.2.2.2.2.2.2.2.2.2.1.2.2.2.2.2.2.2.2",0.438921941023409,FALSE,TRUE,37
"1.3.2.2.2.2.2.2.2.2.2.2.2.1.2.2.2.2.2.2.2.1",0.498518044847229,FALSE,TRUE,37
"2.3.2.1.2.2.2.2.2.2.2.2.2.1.2.2.2.2.2.2.2.1",0.460866361641634,FALSE,TRUE,36
"2.3.2.2.1.2.2.2.2.2.2.2.2.1.2.2.2.2.2.2.2.1",0.494548491994893,FALSE,TRUE,37
"2.3.2.2.2.1.2.2.2.2.2.2.2.1.2.2.2.2.2.2.2.1",0.501840425332254,FALSE,TRUE,37
"2.3.2.2.2.2.1.2.2.2.2.2.2.1.2.2.2.2.2.2.2.1",0.503338845790228,FALSE,TRUE,37
"2.3.2.2.2.2.2.1.2.2.2.2.2.1.2.2.2.2.2.2.2.1",0.425484533742949,FALSE,TRUE,36
"2.3.2.2.2.2.2.2.1.2.2.2.2.1.2.2.2.2.2.2.2.1",0.478105098509502,FALSE,TRUE,36
"2.3.2.2.2.2.2.2.2.1.2.2.2.1.2.2.2.2.2.2.2.1",0.567724321987828,FALSE,TRUE,36
"2.3.2.2.2.2.2.2.2.2.1.2.2.1.2.2.2.2.2.2.2.1",0.53102913327456,FALSE,TRUE,37
"2.3.2.2.2.2.2.2.2.2.2.1.2.1.2.2.2.2.2.2.2.1",0.545252484538077,FALSE,TRUE,37
"2.3.2.2.2.2.2.2.2.2.2.2.1.1.2.2.2.2.2.2.2.1",0.458983825221303,FALSE,TRUE,37
"2.3.2.2.2.2.2.2.2.2.2.2.2.1.1.2.2.2.2.2.2.1",0.497501259739917,FALSE,TRUE,37
"2.3.2.2.2.2.2.2.2.2.2.2.2.1.2.1.2.2.2.2.2.1",0.394871544663763,FALSE,TRUE,37
"2.3.2.2.2.2.2.2.2.2.2.2.2.1.2.2.1.2.2.2.2.1",0.490389735725939,FALSE,TRUE,37
"2.3.2.2.2.2.2.2.2.2.2.2.2.1.2.2.2.1.2.2.2.1",0.488141982632671,FALSE,TRUE,37
"2.3.2.2.2.2.2.2.2.2.2.2.2.1.2.2.2.2.2.1.2.1",0.582334214817955,FALSE,TRUE,35
"2.3.2.2.2.2.2.2.2.2.2.2.2.1.2.2.2.2.2.2.1.1",0.412648311958531,FALSE,TRUE,37
"3.2.1.2.2.2.2.2.2.2.2.2.2.2.2.2.2.3.2.2.3.1",0.370998774296936,FALSE,TRUE,38
"2.3.1.2.2.2.2.2.2.2.2.2.2.2.2.2.2.3.2.2.3.1",0.490368914479982,FALSE,TRUE,38
"2.2.1.3.2.2.2.2.2.2.2.2.2.2.2.2.2.3.2.2.3.1",0.446409084892206,FALSE,TRUE,38
"2.2.1.2.3.2.2.2.2.2.2.2.2.2.2.2.2.3.2.2.3.1",0.434480496956585,FALSE,TRUE,38
"2.2.1.2.2.3.2.2.2.2.2.2.2.2.2.2.2.3.2.2.3.1",0.412189905993715,FALSE,TRUE,38
"2.2.1.2.2.2.3.2.2.2.2.2.2.2.2.2.2.3.2.2.3.1",0.430670343975514,FALSE,TRUE,38
"2.2.1.2.2.2.2.2.3.2.2.2.2.2.2.2.2.3.2.2.3.1",0.469550817292358,FALSE,TRUE,38
"2.2.1.2.2.2.2.2.2.3.2.2.2.2.2.2.2.3.2.2.3.1",0.397171711881208,FALSE,TRUE,38
"2.2.1.2.2.2.2.2.2.2.3.2.2.2.2.2.2.3.2.2.3.1",0.394016836124301,FALSE,TRUE,38
"2.2.1.2.2.2.2.2.2.2.2.3.2.2.2.2.2.3.2.2.3.1",0.370243204449246,FALSE,TRUE,38
"2.2.1.2.2.2.2.2.2.2.2.2.3.2.2.2.2.3.2.2.3.1",0.484147023776028,FALSE,TRUE,36
"2.2.1.2.2.2.2.2.2.2.2.2.2.3.2.2.2.3.2.2.3.1",0.422309644251551,FALSE,TRUE,38
"2.2.1.2.2.2.2.2.2.2.2.2.2.2.3.2.2.3.2.2.3.1",0.421507547467646,FALSE,TRUE,38
"2.2.1.2.2.2.2.2.2.2.2.2.2.2.2.3.2.3.2.2.3.1",0.486764958180921,FALSE,TRUE,38
"2.2.1.2.2.2.2.2.2.2.2.2.2.2.2.2.3.3.2.2.3.1",0.417222235474865,FALSE,TRUE,38
"2.2.1.2.2.2.2.2.2.2.2.2.2.2.2.2.2.4.2.2.3.1",0.407610699056475,FALSE,TRUE,39
"2.2.1.2.2.2.2.2.2.2.2.2.2.2.2.2.2.3.3.2.3.1",0.426995824157288,FALSE,TRUE,38
"2.2.1.2.2.2.2.2.2.2.2.2.2.2.2.2.2.3.2.3.3.1",0.353656088005959,FALSE,TRUE,38
"2.2.1.2.2.2.2.2.2.2.2.2.2.2.2.2.2.3.2.2.4.1",0.448284781883547,FALSE,TRUE,38
"1.2.1.2.2.2.2.2.2.2.2.2.2.2.2.2.2.3.2.2.3.1",0.492580788219331,FALSE,TRUE,37
"2.1.1.2.2.2.2.2.2.2.2.2.2.2.2.2.2.3.2.2.3.1",0.391103040829857,FALSE,TRUE,37
"2.2.1.1.2.2.2.2.2.2.2.2.2.2.2.2.2.3.2.2.3.1",0.42625616570983,FALSE,TRUE,37
"2.2.1.2.1.2.2.2.2.2.2.2.2.2.2.2.2.3.2.2.3.1",0.442269470551507,FALSE,TRUE,36
"2.2.1.2.2.1.2.2.2.2.2.2.2.2.2.2.2.3.2.2.3.1",0.459180967002801,FALSE,TRUE,37
"2.2.1.2.2.2.1.2.2.2.2.2.2.2.2.2.2.3.2.2.3.1",0.439460836013187,FALSE,TRUE,37
"2.2.1.2.2.2.2.1.2.2.2.2.2.2.2.2.2.3.2.2.3.1",0.37481131961262,FALSE,TRUE,38
"2.2.1.2.2.2.2.2.1.2.2.2.2.2.2.2.2.3.2.2.3.1",0.401850689268559,FALSE,TRUE,34
"2.2.1.2.2.2.2.2.2.1.2.2.2.2.2.2.2.3.2.2.3.1",0.482894551469197,FALSE,TRUE,37
"2.2.1.2.2.2.2.2.2.2.1.2.2.2.2.2.2.3.2.2.3.1",0.479601755572681,FALSE,TRUE,37
"2.2.1.2.2.2.2.2.2.2.2.1.2.2.2.2.2.3.2.2.3.1",0.504038429999162,FALSE,TRUE,37
"2.2.1.2.2.2.2.2.2.2.2.2.1.2.2.2.2.3.2.2.3.1",0.391019516256841,FALSE,TRUE,37
"2.2.1.2.2.2.2.2.2.2.2.2.2.2.1.2.2.3.2.2.3.1",0.454719039060023,FALSE,TRUE,37
"2.2.1.2.2.2.2.2.2.2.2.2.2.2.2.2.1.3.2.2.3.1",0.451036300297489,FALSE,TRUE,37
"2.2.1.2.2.2.2.2.2.2.2.2.2.2.2.2.2.3.1.2.3.1",0.448538768316118,FALSE,TRUE,37
"2.2.1.2.2.2.2.2.2.2.2.2.2.2.2.2.2.3.2.1.3.1",0.515074612853108,FALSE,TRUE,37
"2.2.1.2.2.2.2.2.2.2.2.2.2.2.2.2.2.3.2.2.2.1",0.420134734504824,FALSE,TRUE,33
"3.2.1.2.2.2.2.2.2.2.2.2.3.2.2.2.2.2.2.2.2.2",0.365692516295569,FALSE,TRUE,40
"2.3.1.2.2.2.2.2.2.2.2.2.3.2.2.2.2.2.2.2.2.2",0.4436269793446,FALSE,TRUE,40
"2.2.1.3.2.2.2.2.2.2.2.2.3.2.2.2.2.2.2.2.2.2",0.439447638243938,FALSE,TRUE,40
"2.2.1.2.3.2.2.2.2.2.2.2.3.2.2.2.2.2.2.2.2.2",0.408422103613526,FALSE,TRUE,40
"2.2.1.2.2.3.2.2.2.2.2.2.3.2.2.2.2.2.2.2.2.2",0.378214623747431,FALSE,TRUE,40
"2.2.1.2.2.2.3.2.2.2.2.2.3.2.2.2.2.2.2.2.2.2",0.396706710673855,FALSE,TRUE,40
"2.2.1.2.2.2.2.3.2.2.2.2.3.2.2.2.2.2.2.2.2.2",0.451461739065416,FALSE,TRUE,39
"2.2.1.2.2.2.2.2.3.2.2.2.3.2.2.2.2.2.2.2.2.2",0.422007453263625,FALSE,TRUE,40
"2.2.1.2.2.2.2.2.2.3.2.2.3.2.2.2.2.2.2.2.2.2",0.340291425054023,FALSE,TRUE,40
"2.2.1.2.2.2.2.2.2.2.3.2.3.2.2.2.2.2.2.2.2.2",0.361838776439637,FALSE,TRUE,40
"2.2.1.2.2.2.2.2.2.2.2.3.3.2.2.2.2.2.2.2.2.2",0.346976356389044,FALSE,TRUE,40
"2.2.1.2.2.2.2.2.2.2.2.2.4.2.2.2.2.2.2.2.2.2",0.415615352286991,FALSE,TRUE,41
"2.2.1.2.2.2.2.2.2.2.2.2.3.3.2.2.2.2.2.2.2.2",0.419974438106588,FALSE,TRUE,40
"2.2.1.2.2.2.2.2.2.2.2.2.3.2.3.2.2.2.2.2.2.2",0.389968155936628,FALSE,TRUE,40
"2.2.1.2.2.2.2.2.2.2.2.2.3.2.2.3.2.2.2.2.2.2",0.462637527756803,FALSE,TRUE,40
"2.2.1.2.2.2.2.2.2.2.2.2.3.2.2.2.3.2.2.2.2.2",0.369091355751018,FALSE,TRUE,40
"2.2.1.2.2.2.2.2.2.2.2.2.3.2.2.2.2.3.2.2.2.2",0.3999519604129,FALSE,TRUE,40
"2.2.1.2.2.2.2.2.2.2.2.2.3.2.2.2.2.2.3.2.2.2",0.419421881297416,FALSE,TRUE,40
"2.2.1.2.2.2.2.2.2.2.2.2.3.2.2.2.2.2.2.3.2.2",0.308571918746314,FALSE,TRUE,40
"2.2.1.2.2.2.2.2.2.2.2.2.3.2.2.2.2.2.2.2.2.3",0.345045863275972,FALSE,TRUE,41
"1.2.1.2.2.2.2.2.2.2.2.2.3.2.2.2.2.2.2.2.2.2",0.423389880181026,FALSE,TRUE,39
"2.1.1.2.2.2.2.2.2.2.2.2.3.2.2.2.2.2.2.2.2.2",0.36444092822428,FALSE,TRUE,39
"2.2.1.1.2.2.2.2.2.2.2.2.3.2.2.2.2.2.2.2.2.2",0.359982329959427,FALSE,TRUE,39
"2.2.1.2.1.2.2.2.2.2.2.2.3.2.2.2.2.2.2.2.2.2",0.393236552319098,FALSE,TRUE,39
"2.2.1.2.2.1.2.2.2.2.2.2.3.2.2.2.2.2.2.2.2.2",0.41639064687538,FALSE,TRUE,39
"2.2.1.2.2.2.1.2.2.2.2.2.3.2.2.2.2.2.2.2.2.2",0.402937972381121,FALSE,TRUE,39
"2.2.1.2.2.2.2.1.2.2.2.2.3.2.2.2.2.2.2.2.2.2",0.349272034782433,FALSE,TRUE,39
"2.2.1.2.2.2.2.2.1.2.2.2.3.2.2.2.2.2.2.2.2.2",0.375809652419641,FALSE,TRUE,38
"2.2.1.2.2.2.2.2.2.1.2.2.3.2.2.2.2.2.2.2.2.2",0.468541807951883,FALSE,TRUE,39
"2.2.1.2.2.2.2.2.2.2.1.2.3.2.2.2.2.2.2.2.2.2",0.437941461384284,FALSE,TRUE,39
"2.2.1.2.2.2.2.2.2.2.2.1.3.2.2.2.2.2.2.2.2.2",0.452863563496753,FALSE,TRUE,39
"2.2.1.2.2.2.2.2.2.2.2.2.3.1.2.2.2.2.2.2.2.2",0.377211533929455,FALSE,TRUE,39
"2.2.1.2.2.2.2.2.2.2.2.2.3.2.1.2.2.2.2.2.2.2",0.41007955412769,FALSE,TRUE,39
"2.2.1.2.2.2.2.2.2.2.2.2.3.2.2.1.2.2.2.2.2.2",0.342039987625344,FALSE,TRUE,38
"2.2.1.2.2.2.2.2.2.2.2.2.3.2.2.2.1.2.2.2.2.2",0.429412489980807,FALSE,TRUE,39
"2.2.1.2.2.2.2.2.2.2.2.2.3.2.2.2.2.1.2.2.2.2",0.407713540248472,FALSE,TRUE,39
"2.2.1.2.2.2.2.2.2.2.2.2.3.2.2.2.2.2.1.2.2.2",0.383011286334177,FALSE,TRUE,39
"2.2.1.2.2.2.2.2.2.2.2.2.3.2.2.2.2.2.2.1.2.2",0.482377733085337,FALSE,TRUE,39
"2.2.1.2.2.2.2.2.2.2.2.2.3.2.2.2.2.2.2.2.1.2",0.335332849116859,FALSE,TRUE,39
"3.2.1.2.3.2.2.2.2.2.2.2.2.1.2.1.2.2.2.2.3.1",0.320306556176895,FALSE,TRUE,38
"2.3.1.2.3.2.2.2.2.2.2.2.2.1.2.1.2.2.2.2.3.1",0.397940415407658,FALSE,TRUE,38
"2.2.2.2.3.2.2.2.2.2.2.2.2.1.2.1.2.2.2.2.3.1",0.386474988712107,FALSE,TRUE,39
"2.2.1.3.3.2.2.2.2.2.2.2.2.1.2.1.2.2.2.2.3.1",0.372662121941866,FALSE,TRUE,38
"2.2.1.2.4.2.2.2.2.2.2.2.2.1.2.1.2.2.2.2.3.1",0.336011001088111,FALSE,TRUE,39
"2.2.1.2.3.3.2.2.2.2.2.2.2.1.2.1.2.2.2.2.3.1",0.344897010238335,FALSE,TRUE,38
"2.2.1.2.3.2.3.2.2.2.2.2.2.1.2.1.2.2.2.2.3.1",0.337602388268423,FALSE,TRUE,38
"2.2.1.2.3.2.2.3.2.2.2.2.2.1.2.1.2.2.2.2.3.1",0.431060527412489,FALSE,TRUE,38
"2.2.1.2.3.2.2.2.3.2.2.2.2.1.2.1.2.2.2.2.3.1",0.373192439196195,FALSE,TRUE,38
"2.2.1.2.3.2.2.2.2.3.2.2.2.1.2.1.2.2.2.2.3.1",0.295954549482992,FALSE,TRUE,38
"2.2.1.2.3.2.2.2.2.2.3.2.2.1.2.1.2.2.2.2.3.1",0.30027739405489,FALSE,TRUE,38
"2.2.1.2.3.2.2.2.2.2.2.3.2.1.2.1.2.2.2.2.3.1",0.287190430457539,FALSE,TRUE,38
"2.2.1.2.3.2.2.2.2.2.2.2.3.1.2.1.2.2.2.2.3.1",0.400240184376683,FALSE,TRUE,37
"2.2.1.2.3.2.2.2.2.2.2.2.2.1.3.1.2.2.2.2.3.1",0.344368589276501,FALSE,TRUE,38
"2.2.1.2.3.2.2.2.2.2.2.2.2.1.2.1.3.2.2.2.3.1",0.358257120671114,FALSE,TRUE,38
"2.2.1.2.3.2.2.2.2.2.2.2.2.1.2.1.2.3.2.2.3.1",0.358940290680203,FALSE,TRUE,38
"2.2.1.2.3.2.2.2.2.2.2.2.2.1.2.1.2.2.3.2.3.1",0.357362602372965,FALSE,TRUE,38
"2.2.1.2.3.2.2.2.2.2.2.2.2.1.2.1.2.2.2.3.3.1",0.270547436679779,FALSE,TRUE,38
"2.2.1.2.3.2.2.2.2.2.2.2.2.1.2.1.2.2.2.2.4.1",0.392236867026004,FALSE,TRUE,38
"2.2.1.2.3.2.2.2.2.2.2.2.2.1.2.1.2.2.2.2.3.2",0.314020968724714,FALSE,TRUE,39
"1.2.1.2.3.2.2.2.2.2.2.2.2.1.2.1.2.2.2.2.3.1",0.395205280416754,FALSE,TRUE,37
"2.1.1.2.3.2.2.2.2.2.2.2.2.1.2.1.2.2.2.2.3.1",0.331558484259979,FALSE,TRUE,37
"2.2.1.1.3.2.2.2.2.2.2.2.2.1.2.1.2.2.2.2.3.1",0.347071664356274,FALSE,TRUE,37
"2.2.1.2.3.1.2.2.2.2.2.2.2.1.2.1.2.2.2.2.3.1",0.378422735319556,FALSE,TRUE,37
"2.2.1.2.3.2.1.2.2.2.2.2.2.1.2.1.2.2.2.2.3.1",0.38962167564224,FALSE,TRUE,37
"2.2.1.2.3.2.2.1.2.2.2.2.2.1.2.1.2.2.2.2.3.1",0.299719704339126,FALSE,TRUE,37
"2.2.1.2.3.2.2.2.1.2.2.2.2.1.2.1.2.2.2.2.3.1",0.346462345517407,FALSE,TRUE,37
"2.2.1.2.3.2.2.2.2.1.2.2.2.1.2.1.2.2.2.2.3.1",0.431754226597477,FALSE,TRUE,37
"2.2.1.2.3.2.2.2.2.2.1.2.2.1.2.1.2.2.2.2.3.1",0.428145332466522,FALSE,TRUE,37
"2.2.1.2.3.2.2.2.2.2.2.1.2.1.2.1.2.2.2.2.3.1",0.435331455133201,FALSE,TRUE,37
"2.2.1.2.3.2.2.2.2.2.2.2.1.1.2.1.2.2.2.2.3.1",0.325871792547546,FALSE,TRUE,37
"2.2.1.2.3.2.2.2.2.2.2.2.2.1.1.1.2.2.2.2.3.1",0.382027606261988,FALSE,TRUE,37
"2.2.1.2.3.2.2.2.2.2.2.2.2.1.2.1.1.2.2.2.3.1",0.36584910142159,FALSE,TRUE,37
"2.2.1.2.3.2.2.2.2.2.2.2.2.1.2.1.2.1.2.2.3.1",0.375107162253186,FALSE,TRUE,37
"2.2.1.2.3.2.2.2.2.2.2.2.2.1.2.1.2.2.1.2.3.1",0.371162480116451,FALSE,TRUE,37
"2.2.1.2.3.2.2.2.2.2.2.2.2.1.2.1.2.2.2.1.3.1",0.44883803514325,FALSE,TRUE,37
"2.2.1.2.3.2.2.2.2.2.2.2.2.1.2.1.2.2.2.2.2.1",0.328021306472879,FALSE,TRUE,37
"3.2.1.2.2.2.2.2.1.2.2.2.2.1.2.2.2.3.2.2.2.1",0.320109875801441,FALSE,TRUE,38
"2.3.1.2.2.2.2.2.1.2.2.2.2.1.2.2.2.3.2.2.2.1",0.420616727651796,FALSE,TRUE,37
"2.2.2.2.2.2.2.2.1.2.2.2.2.1.2.2.2.3.2.2.2.1",0.417831149738946,FALSE,TRUE,39
"2.2.1.3.2.2.2.2.1.2.2.2.2.1.2.2.2.3.2.2.2.1",0.401424893557072,FALSE,TRUE,38
"2.2.1.2.3.2.2.2.1.2.2.2.2.1.2.2.2.3.2.2.2.1",0.367014788659905,FALSE,TRUE,38
"2.2.1.2.2.3.2.2.1.2.2.2.2.1.2.2.2.3.2.2.2.1",0.360701973294244,FALSE,TRUE,38
"2.2.1.2.2.2.3.2.1.2.2.2.2.1.2.2.2.3.2.2.2.1",0.365578346584466,FALSE,TRUE,38
"2.2.1.2.2.2.2.3.1.2.2.2.2.1.2.2.2.3.2.2.2.1",0.433226157614255,FALSE,TRUE,38
"2.2.1.2.2.2.2.2.1.3.2.2.2.1.2.2.2.3.2.2.2.1",0.318632030281304,FALSE,TRUE,38
"2.2.1.2.2.2.2.2.1.2.3.2.2.1.2.2.2.3.2.2.2.1",0.326964099804235,FALSE,TRUE,38
"2.2.1.2.2.2.2.2.1.2.2.3.2.1.2.2.2.3.2.2.2.1",0.310315065233883,FALSE,TRUE,38
"2.2.1.2.2.2.2.2.1.2.2.2.3.1.2.2.2.3.2.2.2.1",0.399360826764445,FALSE,TRUE,38
"2.2.1.2.2.2.2.2.1.2.2.2.2.2.2.2.2.3.2.2.2.1",0.385690256100131,FALSE,TRUE,37
"2.2.1.2.2.2.2.2.1.2.2.2.2.1.3.2.2.3.2.2.2.1",0.350983758446413,FALSE,TRUE,38
"2.2.1.2.2.2.2.2.1.2.2.2.2.1.2.3.2.3.2.2.2.1",0.425752945341998,FALSE,TRUE,38
"2.2.1.2.2.2.2.2.1.2.2.2.2.1.2.2.3.3.2.2.2.1",0.346855903831771,FALSE,TRUE,37
"2.2.1.2.2.2.2.2.1.2.2.2.2.1.2.2.2.4.2.2.2.1",0.355622756981494,FALSE,TRUE,39
"2.2.1.2.2.2.2.2.1.2.2.2.2.1.2.2.2.3.3.2.2.1",0.384215878647372,FALSE,TRUE,37
"2.2.1.2.2.2.2.2.1.2.2.2.2.1.2.2.2.3.2.3.2.1",0.292621979534645,FALSE,TRUE,38
"2.2.1.2.2.2.2.2.1.2.2.2.2.1.2.2.2.3.2.2.3.1",0.406062381997226,FALSE,TRUE,36
"2.2.1.2.2.2.2.2.1.2.2.2.2.1.2.2.2.3.2.2.2.2",0.314931577096117,FALSE,TRUE,39
"1.2.1.2.2.2.2.2.1.2.2.2.2.1.2.2.2.3.2.2.2.1",0.406542160313531,FALSE,TRUE,37
"2.1.1.2.2.2.2.2.1.2.2.2.2.1.2.2.2.3.2.2.2.1",0.324692421935262,FALSE,TRUE,37
"2.2.1.1.2.2.2.2.1.2.2.2.2.1.2.2.2.3.2.2.2.1",0.335239819101635,FALSE,TRUE,37
"2.2.1.2.1.2.2.2.1.2.2.2.2.1.2.2.2.3.2.2.2.1",0.370966659399764,FALSE,TRUE,37
"2.2.1.2.2.1.2.2.1.2.2.2.2.1.2.2.2.3.2.2.2.1",0.373075747762416,FALSE,TRUE,37
"2.2.1.2.2.2.1.2.1.2.2.2.2.1.2.2.2.3.2.2.2.1",0.370778903620614,FALSE,TRUE,37
"2.2.1.2.2.2.2.1.1.2.2.2.2.1.2.2.2.3.2.2.2.1",0.308084258246763,FALSE,TRUE,37
"2.2.1.2.2.2.2.2.1.1.2.2.2.1.2.2.2.3.2.2.2.1",0.423945726625893,FALSE,TRUE,37
"2.2.1.2.2.2.2.2.1.2.1.2.2.1.2.2.2.3.2.2.2.1",0.41279009577262,FALSE,TRUE,37
"2.2.1.2.2.2.2.2.1.2.2.1.2.1.2.2.2.3.2.2.2.1",0.425264798807285,FALSE,TRUE,37
"2.2.1.2.2.2.2.2.1.2.2.2.1.1.2.2.2.3.2.2.2.1",0.339756225095786,FALSE,TRUE,37
"2.2.1.2.2.2.2.2.1.2.2.2.2.1.1.2.2.3.2.2.2.1",0.38530766013216,FALSE,TRUE,37
"2.2.1.2.2.2.2.2.1.2.2.2.2.1.2.1.2.3.2.2.2.1",0.317549126611289,FALSE,TRUE,37
"2.2.1.2.2.2.2.2.1.2.2.2.2.1.2.2.1.3.2.2.2.1",0.389071193855709,FALSE,TRUE,37
"2.2.1.2.2.2.2.2.1.2.2.2.2.1.2.2.2.3.1.2.2.1",0.355231736346919,FALSE,TRUE,37
"2.2.1.2.2.2.2.2.1.2.2.2.2.1.2.2.2.3.2.1.2.1",0.435987456317096,FALSE,TRUE,37
"2.2.1.2.2.2.2.2.1.2.2.2.2.1.2.2.2.3.2.2.1.1",0.321774159024477,FALSE,TRUE,37
"3.3.1.2.2.2.2.2.2.2.2.2.2.1.2.2.2.2.2.1.2.1",0.489251001428823,FALSE,TRUE,36
"2.4.1.2.2.2.2.2.2.2.2.2.2.1.2.2.2.2.2.1.2.1",0.562123725785201,FALSE,TRUE,35
"2.3.1.3.2.2.2.2.2.2.2.2.2.1.2.2.2.2.2.1.2.1",0.552775460325177,FALSE,TRUE,36
"2.3.1.2.2.3.2.2.2.2.2.2.2.1.2.2.2.2.2.1.2.1",0.52683126562232,FALSE,TRUE,36
"2.3.1.2.2.2.3.2.2.2.2.2.2.1.2.2.2.2.2.1.2.1",0.504470147262596,FALSE,TRUE,36
"2.3.1.2.2.2.2.3.2.2.2.2.2.1.2.2.2.2.2.1.2.1",0.584935606806489,FALSE,TRUE,36
"2.3.1.2.2.2.2.2.3.2.2.2.2.1.2.2.2.2.2.1.2.1",0.548410891800043,FALSE,TRUE,36
"2.3.1.2.2.2.2.2.2.3.2.2.2.1.2.2.2.2.2.1.2.1",0.447278201700488,FALSE,TRUE,37
"2.3.1.2.2.2.2.2.2.2.3.2.2.1.2.2.2.2.2.1.2.1",0.475108169232979,FALSE,TRUE,36
"2.3.1.2.2.2.2.2.2.2.2.3.2.1.2.2.2.2.2.1.2.1",0.477896537491492,FALSE,TRUE,36
"2.3.1.2.2.2.2.2.2.2.2.2.3.1.2.2.2.2.2.1.2.1",0.540314315265362,FALSE,TRUE,36
"2.3.1.2.2.2.2.2.2.2.2.2.2.2.2.2.2.2.2.1.2.1",0.555344180299488,FALSE,TRUE,37
"2.3.1.2.2.2.2.2.2.2.2.2.2.1.3.2.2.2.2.1.2.1",0.492749753579114,FALSE,TRUE,36
"2.3.1.2.2.2.2.2.2.2.2.2.2.1.2.3.2.2.2.1.2.1",0.603799002657971,FALSE,TRUE,36
"2.3.1.2.2.2.2.2.2.2.2.2.2.1.2.2.3.2.2.1.2.1",0.511983633004016,FALSE,TRUE,35
"2.3.1.2.2.2.2.2.2.2.2.2.2.1.2.2.2.3.2.1.2.1",0.526372589862147,FALSE,TRUE,36
"2.3.1.2.2.2.2.2.2.2.2.2.2.1.2.2.2.2.3.1.2.1",0.537028329431091,FALSE,TRUE,35
"2.3.1.2.2.2.2.2.2.2.2.2.2.1.2.2.2.2.2.1.3.1",0.589526488023784,FALSE,TRUE,35
"2.3.1.2.2.2.2.2.2.2.2.2.2.1.2.2.2.2.2.1.2.2",0.486305924353638,FALSE,TRUE,37
"1.3.1.2.2.2.2.2.2.2.2.2.2.1.2.2.2.2.2.1.2.1",0.552668706970541,FALSE,TRUE,35
"2.3.1.1.2.2.2.2.2.2.2.2.2.1.2.2.2.2.2.1.2.1",0.497016606756136,FALSE,TRUE,34
"2.3.1.2.1.2.2.2.2.2.2.2.2.1.2.2.2.2.2.1.2.1",0.533112654590396,FALSE,TRUE,36
"2.3.1.2.2.1.2.2.2.2.2.2.2.1.2.2.2.2.2.1.2.1",0.52013207826433,FALSE,TRUE,35
"2.3.1.2.2.2.1.2.2.2.2.2.2.1.2.2.2.2.2.1.2.1",0.545389095832527,FALSE,TRUE,35
"2.3.1.2.2.2.2.1.2.2.2.2.2.1.2.2.2.2.2.1.2.1",0.468674310091825,FALSE,TRUE,34
"2.3.1.2.2.2.2.2.1.2.2.2.2.1.2.2.2.2.2.1.2.1",0.499938206203074,FALSE,TRUE,34
"2.3.1.2.2.2.2.2.2.2.1.2.2.1.2.2.2.2.2.1.2.1",0.577290070024221,FALSE,TRUE,35
"2.3.1.2.2.2.2.2.2.2.2.1.2.1.2.2.2.2.2.1.2.1",0.569458474388363,FALSE,TRUE,35
"2.3.1.2.2.2.2.2.2.2.2.2.1.1.2.2.2.2.2.1.2.1",0.508435540624042,FALSE,TRUE,35
"2.3.1.2.2.2.2.2.2.2.2.2.2.1.1.2.2.2.2.1.2.1",0.557151753538386,FALSE,TRUE,35
"2.3.1.2.2.2.2.2.2.2.2.2.2.1.2.1.2.2.2.1.2.1",0.449600189579173,FALSE,TRUE,35
"2.3.1.2.2.2.2.2.2.2.2.2.2.1.2.2.1.2.2.1.2.1",0.540080006443687,FALSE,TRUE,35
"2.3.1.2.2.2.2.2.2.2.2.2.2.1.2.2.2.1.2.1.2.1",0.528121209045162,FALSE,TRUE,35
"2.3.1.2.2.2.2.2.2.2.2.2.2.1.2.2.2.2.1.1.2.1",0.516557172088333,FALSE,TRUE,34
"2.3.1.2.2.2.2.2.2.2.2.2.2.1.2.2.2.2.2.1.1.1",0.448907539532587,FALSE,TRUE,35
"3.2.2.2.2.2.1.3.2.2.2.2.2.2.2.2.1.1.2.2.3.2",0.479399089688754,FALSE,TRUE,39
"2.3.2.2.2.2.1.3.2.2.2.2.2.2.2.2.1.1.2.2.3.2",0.568372023704525,FALSE,TRUE,39
"2.2.3.2.2.2.1.3.2.2.2.2.2.2.2.2.1.1.2.2.3.2",0.526804864725874,FALSE,TRUE,39
"2.2.2.3.2.2.1.3.2.2.2.2.2.2.2.2.1.1.2.2.3.2",0.526858994062785,FALSE,TRUE,39
"2.2.2.2.3.2.1.3.2.2.2.2.2.2.2.2.1.1.2.2.3.2",0.507271111889363,FALSE,TRUE,39
"2.2.2.2.2.3.1.3.2.2.2.2.2.2.2.2.1.1.2.2.3.2",0.492466312417898,FALSE,TRUE,39
"2.2.2.2.2.2.1.4.2.2.2.2.2.2.2.2.1.1.2.2.3.2",0.569101623476231,FALSE,TRUE,39
"2.2.2.2.2.2.1.3.3.2.2.2.2.2.2.2.1.1.2.2.3.2",0.543289095575592,FALSE,TRUE,39
"2.2.2.2.2.2.1.3.2.3.2.2.2.2.2.2.1.1.2.2.3.2",0.464432753525147,FALSE,TRUE,39
"2.2.2.2.2.2.1.3.2.2.3.2.2.2.2.2.1.1.2.2.3.2",0.495083426241875,FALSE,TRUE,39
"2.2.2.2.2.2.1.3.2.2.2.3.2.2.2.2.1.1.2.2.3.2",0.457419160998798,FALSE,TRUE,39
"2.2.2.2.2.2.1.3.2.2.2.2.3.2.2.2.1.1.2.2.3.2",0.554630396429,FALSE,TRUE,39
"2.2.2.2.2.2.1.3.2.2.2.2.2.3.2.2.1.1.2.2.3.2",0.486547892957331,FALSE,TRUE,39
"2.2.2.2.2.2.1.3.2.2.2.2.2.2.3.2.1.1.2.2.3.2",0.512255255540897,FALSE,TRUE,39
"2.2.2.2.2.2.1.3.2.2.2.2.2.2.2.3.1.1.2.2.3.2",0.565164301051302,FALSE,TRUE,39
"2.2.2.2.2.2.1.3.2.2.2.2.2.2.2.2.1.2.2.2.3.2",0.502875543519981,FALSE,TRUE,40
"2.2.2.2.2.2.1.3.2.2.2.2.2.2.2.2.1.1.3.2.3.2",0.514007692208083,FALSE,TRUE,39
"2.2.2.2.2.2.1.3.2.2.2.2.2.2.2.2.1.1.2.3.3.2",0.430095412743412,FALSE,TRUE,39
"2.2.2.2.2.2.1.3.2.2.2.2.2.2.2.2.1.1.2.2.4.2",0.539587851674379,FALSE,TRUE,39
"2.2.2.2.2.2.1.3.2.2.2.2.2.2.2.2.1.1.2.2.3.3",0.486543482258532,FALSE,TRUE,39
"1.2.2.2.2.2.1.3.2.2.2.2.2.2.2.2.1.1.2.2.3.2",0.552728173263539,FALSE,TRUE,38
"2.1.2.2.2.2.1.3.2.2.2.2.2.2.2.2.1.1.2.2.3.2",0.481753897913245,FALSE,TRUE,38
"2.2.1.2.2.2.1.3.2.2.2.2.2.2.2.2.1.1.2.2.3.2",0.500609758152194,FALSE,TRUE,38
"2.2.2.1.2.2.1.3.2.2.2.2.2.2.2.2.1.1.2.2.3.2",0.515153987496416,FALSE,TRUE,38
"2.2.2.2.1.2.1.3.2.2.2.2.2.2.2.2.1.1.2.2.3.2",0.534687838281536,FALSE,TRUE,38
"2.2.2.2.2.1.1.3.2.2.2.2.2.2.2.2.1.1.2.2.3.2",0.547648405645815,FALSE,TRUE,38
"2.2.2.2.2.2.1.2.2.2.2.2.2.2.2.2.1.1.2.2.3.2",0.474461100542267,FALSE,TRUE,39
"2.2.2.2.2.2.1.3.1.2.2.2.2.2.2.2.1.1.2.2.3.2",0.496848121094344,FALSE,TRUE,38
"2.2.2.2.2.2.1.3.2.1.2.2.2.2.2.2.1.1.2.2.3.2",0.580693270881114,FALSE,TRUE,38
"2.2.2.2.2.2.1.3.2.2.1.2.2.2.2.2.1.1.2.2.3.2",0.547581111360995,FALSE,TRUE,38
"2.2.2.2.2.2.1.3.2.2.2.1.2.2.2.2.1.1.2.2.3.2",0.58299925682754,FALSE,TRUE,38
"2.2.2.2.2.2.1.3.2.2.2.2.1.2.2.2.1.1.2.2.3.2",0.484983188957024,FALSE,TRUE,38
"2.2.2.2.2.2.1.3.2.2.2.2.2.1.2.2.1.1.2.2.3.2",0.549529819381876,FALSE,TRUE,38
"2.2.2.2.2.2.1.3.2.2.2.2.2.2.1.2.1.1.2.2.3.2",0.541389537952674,FALSE,TRUE,38
"2.2.2.2.2.2.1.3.2.2.2.2.2.2.2.1.1.1.2.2.3.2",0.4713765957344,FALSE,TRUE,38
"2.2.2.2.2.2.1.3.2.2.2.2.2.2.2.2.1.1.1.2.3.2",0.535823995154698,FALSE,TRUE,38
"2.2.2.2.2.2.1.3.2.2.2.2.2.2.2.2.1.1.2.1.3.2",0.608422679135573,FALSE,TRUE,38
"2.2.2.2.2.2.1.3.2.2.2.2.2.2.2.2.1.1.2.2.2.2",0.495188403520176,FALSE,TRUE,38
"2.2.2.2.2.2.1.3.2.2.2.2.2.2.2.2.1.1.2.2.3.1",0.562059775984252,FALSE,TRUE,38
"3.2.2.2.2.1.2.3.2.2.2.2.2.2.2.2.2.1.2.2.2.2",0.452227626047591,FALSE,TRUE,40
"2.3.2.2.2.1.2.3.2.2.2.2.2.2.2.2.2.1.2.2.2.2",0.531703983072864,FALSE,TRUE,40
"2.2.3.2.2.1.2.3.2.2.2.2.2.2.2.2.2.1.2.2.2.2",0.509991895057504,FALSE,TRUE,40
"2.2.2.3.2.1.2.3.2.2.2.2.2.2.2.2.2.1.2.2.2.2",0.514883061305076,FALSE,TRUE,40
"2.2.2.2.3.1.2.3.2.2.2.2.2.2.2.2.2.1.2.2.2.2",0.475876087468971,FALSE,TRUE,40
"2.2.2.2.2.1.3.3.2.2.2.2.2.2.2.2.2.1.2.2.2.2",0.486872724985772,FALSE,TRUE,40
"2.2.2.2.2.1.2.4.2.2.2.2.2.2.2.2.2.1.2.2.2.2",0.535693736911809,FALSE,TRUE,40
"2.2.2.2.2.1.2.3.3.2.2.2.2.2.2.2.2.1.2.2.2.2",0.505023310571074,FALSE,TRUE,40
"2.2.2.2.2.1.2.3.2.3.2.2.2.2.2.2.2.1.2.2.2.2",0.417016169108412,FALSE,TRUE,40
"2.2.2.2.2.1.2.3.2.2.3.2.2.2.2.2.2.1.2.2.2.2",0.453572825036218,FALSE,TRUE,40
"2.2.2.2.2.1.2.3.2.2.2.3.2.2.2.2.2.1.2.2.2.2",0.435042698370398,FALSE,TRUE,40
"2.2.2.2.2.1.2.3.2.2.2.2.3.2.2.2.2.1.2.2.2.2",0.51351594186342,FALSE,TRUE,40
"2.2.2.2.2.1.2.3.2.2.2.2.2.3.2.2.2.1.2.2.2.2",0.499651114488159,FALSE,TRUE,40
"2.2.2.2.2.1.2.3.2.2.2.2.2.2.3.2.2.1.2.2.2.2",0.469753360745725,FALSE,TRUE,40
"2.2.2.2.2.1.2.3.2.2.2.2.2.2.2.3.2.1.2.2.2.2",0.543500349450667,FALSE,TRUE,40
"2.2.2.2.2.1.2.3.2.2.2.2.2.2.2.2.3.1.2.2.2.2",0.465847408086329,FALSE,TRUE,40
"2.2.2.2.2.1.2.3.2.2.2.2.2.2.2.2.2.1.3.2.2.2",0.497350221504458,FALSE,TRUE,39
"2.2.2.2.2.1.2.3.2.2.2.2.2.2.2.2.2.1.2.3.2.2",0.399495529317155,FALSE,TRUE,40
"2.2.2.2.2.1.2.3.2.2.2.2.2.2.2.2.2.1.2.2.2.3",0.435243837828215,FALSE,TRUE,40
"1.2.2.2.2.1.2.3.2.2.2.2.2.2.2.2.2.1.2.2.2.2",0.519107359381261,FALSE,TRUE,39
"2.1.2.2.2.1.2.3.2.2.2.2.2.2.2.2.2.1.2.2.2.2",0.454603505258488,FALSE,TRUE,39
"2.2.1.2.2.1.2.3.2.2.2.2.2.2.2.2.2.1.2.2.2.2",0.451536724127712,FALSE,TRUE,39
"2.2.2.1.2.1.2.3.2.2.2.2.2.2.2.2.2.1.2.2.2.2",0.462041923380381,FALSE,TRUE,38
"2.2.2.2.1.1.2.3.2.2.2.2.2.2.2.2.2.1.2.2.2.2",0.5020714011343,FALSE,TRUE,39
"2.2.2.2.2.1.1.3.2.2.2.2.2.2.2.2.2.1.2.2.2.2",0.493633794732566,FALSE,TRUE,39
"2.2.2.2.2.1.2.2.2.2.2.2.2.2.2.2.2.1.2.2.2.2",0.445313588400527,FALSE,TRUE,39
"2.2.2.2.2.1.2.3.1.2.2.2.2.2.2.2.2.1.2.2.2.2",0.469963360932893,FALSE,TRUE,39
"2.2.2.2.2.1.2.3.2.1.2.2.2.2.2.2.2.1.2.2.2.2",0.567658538437388,FALSE,TRUE,39
"2.2.2.2.2.1.2.3.2.2.1.2.2.2.2.2.2.1.2.2.2.2",0.525674348499629,FALSE,TRUE,39
"2.2.2.2.2.1.2.3.2.2.2.1.2.2.2.2.2.1.2.2.2.2",0.542178967212654,FALSE,TRUE,39
"2.2.2.2.2.1.2.3.2.2.2.2.1.2.2.2.2.1.2.2.2.2",0.464497525574013,FALSE,TRUE,39
"2.2.2.2.2.1.2.3.2.2.2.2.2.1.2.2.2.1.2.2.2.2",0.478745575716931,FALSE,TRUE,39
"2.2.2.2.2.1.2.3.2.2.2.2.2.2.1.2.2.1.2.2.2.2",0.512811683882486,FALSE,TRUE,39
"2.2.2.2.2.1.2.3.2.2.2.2.2.2.2.1.2.1.2.2.2.2",0.429350986054893,FALSE,TRUE,39
"2.2.2.2.2.1.2.3.2.2.2.2.2.2.2.2.1.1.2.2.2.2",0.515227255991319,FALSE,TRUE,38
"2.2.2.2.2.1.2.3.2.2.2.2.2.2.2.2.2.1.1.2.2.2",0.486998228475027,FALSE,TRUE,39
"2.2.2.2.2.1.2.3.2.2.2.2.2.2.2.2.2.1.2.1.2.2",0.571576058634489,FALSE,TRUE,39
"2.2.2.2.2.1.2.3.2.2.2.2.2.2.2.2.2.1.2.2.1.2",0.425636876338479,FALSE,TRUE,39
"2.2.2.2.2.1.2.3.2.2.2.2.2.2.2.2.2.1.2.2.2.1",0.544911761362542,FALSE,TRUE,39
"3.2.1.2.2.2.2.3.2.2.2.2.2.2.2.2.2.3.2.2.3.1",0.428680598291458,FALSE,TRUE,39
"2.3.1.2.2.2.2.3.2.2.2.2.2.2.2.2.2.3.2.2.3.1",0.53647901639699,FALSE,TRUE,39
"2.2.2.2.2.2.2.3.2.2.2.2.2.2.2.2.2.3.2.2.3.1",0.51709716171238,FALSE,TRUE,39
"2.2.1.3.2.2.2.3.2.2.2.2.2.2.2.2.2.3.2.2.3.1",0.499801975977649,FALSE,TRUE,39
"2.2.1.2.3.2.2.3.2.2.2.2.2.2.2.2.2.3.2.2.3.1",0.491163623269138,FALSE,TRUE,39
"2.2.1.2.2.3.2.3.2.2.2.2.2.2.2.2.2.3.2.2.3.1",0.462394458721289,FALSE,TRUE,39
"2.2.1.2.2.2.3.3.2.2.2.2.2.2.2.2.2.3.2.2.3.1",0.478078775502864,FALSE,TRUE,39
"2.2.1.2.2.2.2.4.2.2.2.2.2.2.2.2.2.3.2.2.3.1",0.535680046154474,FALSE,TRUE,40
"2.2.1.2.2.2.2.3.3.2.2.2.2.2.2.2.2.3.2.2.3.1",0.519358381562931,FALSE,TRUE,39
"2.2.1.2.2.2.2.3.2.3.2.2.2.2.2.2.2.3.2.2.3.1",0.445291224392849,FALSE,TRUE,39
"2.2.1.2.2.2.2.3.2.2.3.2.2.2.2.2.2.3.2.2.3.1",0.456850984459003,FALSE,TRUE,39
"2.2.1.2.2.2.2.3.2.2.2.3.2.2.2.2.2.3.2.2.3.1",0.436037119101838,FALSE,TRUE,39
"2.2.1.2.2.2.2.3.2.2.2.2.3.2.2.2.2.3.2.2.3.1",0.526952758114086,FALSE,TRUE,39
"2.2.1.2.2.2.2.3.2.2.2.2.2.3.2.2.2.3.2.2.3.1",0.465178108944279,FALSE,TRUE,39
"2.2.1.2.2.2.2.3.2.2.2.2.2.2.3.2.2.3.2.2.3.1",0.468387188535362,FALSE,TRUE,39
"2.2.1.2.2.2.2.3.2.2.2.2.2.2.2.3.2.3.2.2.3.1",0.536990393426187,FALSE,TRUE,39
"2.2.1.2.2.2.2.3.2.2.2.2.2.2.2.2.3.3.2.2.3.1",0.463434861358138,FALSE,TRUE,39
"2.2.1.2.2.2.2.3.2.2.2.2.2.2.2.2.2.4.2.2.3.1",0.45797830396198,FALSE,TRUE,40
"2.2.1.2.2.2.2.3.2.2.2.2.2.2.2.2.2.3.3.2.3.1",0.478086867278228,FALSE,TRUE,39
"2.2.1.2.2.2.2.3.2.2.2.2.2.2.2.2.2.3.2.3.3.1",0.411856836153992,FALSE,TRUE,39
"2.2.1.2.2.2.2.3.2.2.2.2.2.2.2.2.2.3.2.2.4.1",0.508069611216069,FALSE,TRUE,39
"2.2.1.2.2.2.2.3.2.2.2.2.2.2.2.2.2.3.2.2.3.2",0.448185331064635,FALSE,TRUE,40
"1.2.1.2.2.2.2.3.2.2.2.2.2.2.2.2.2.3.2.2.3.1",0.542718011678407,FALSE,TRUE,38
"2.1.1.2.2.2.2.3.2.2.2.2.2.2.2.2.2.3.2.2.3.1",0.451989181862198,FALSE,TRUE,38
"2.2.1.1.2.2.2.3.2.2.2.2.2.2.2.2.2.3.2.2.3.1",0.479517172699979,FALSE,TRUE,38
"2.2.1.2.1.2.2.3.2.2.2.2.2.2.2.2.2.3.2.2.3.1",0.493114991357683,FALSE,TRUE,37
"2.2.1.2.2.1.2.3.2.2.2.2.2.2.2.2.2.3.2.2.3.1",0.516457627176703,FALSE,TRUE,38
"2.2.1.2.2.2.1.3.2.2.2.2.2.2.2.2.2.3.2.2.3.1",0.497746031790864,FALSE,TRUE,38
"2.2.1.2.2.2.2.3.1.2.2.2.2.2.2.2.2.3.2.2.3.1",0.458524921665058,FALSE,TRUE,38
"2.2.1.2.2.2.2.3.2.1.2.2.2.2.2.2.2.3.2.2.3.1",0.54330386564739,FALSE,TRUE,38
"2.2.1.2.2.2.2.3.2.2.1.2.2.2.2.2.2.3.2.2.3.1",0.522256432113143,FALSE,TRUE,38
"2.2.1.2.2.2.2.3.2.2.2.1.2.2.2.2.2.3.2.2.3.1",0.545679640011012,FALSE,TRUE,38
"2.2.1.2.2.2.2.3.2.2.2.2.1.2.2.2.2.3.2.2.3.1",0.454211677996693,FALSE,TRUE,38
"2.2.1.2.2.2.2.3.2.2.2.2.2.1.2.2.2.3.2.2.3.1",0.508439989890642,FALSE,TRUE,38
"2.2.1.2.2.2.2.3.2.2.2.2.2.2.1.2.2.3.2.2.3.1",0.516520114909764,FALSE,TRUE,38
"2.2.1.2.2.2.2.3.2.2.2.2.2.2.2.1.2.3.2.2.3.1",0.441742578165561,FALSE,TRUE,38
"2.2.1.2.2.2.2.3.2.2.2.2.2.2.2.2.1.3.2.2.3.1",0.511368749120514,FALSE,TRUE,38
"2.2.1.2.2.2.2.3.2.2.2.2.2.2.2.2.2.3.1.2.3.1",0.504158920292624,FALSE,TRUE,38
"2.2.1.2.2.2.2.3.2.2.2.2.2.2.2.2.2.3.2.1.3.1",0.564527696796673,FALSE,TRUE,38
"2.2.1.2.2.2.2.3.2.2.2.2.2.2.2.2.2.3.2.2.2.1",0.467810408251189,FALSE,TRUE,39
"3.4.2.2.2.2.2.2.2.2.2.2.2.1.2.2.2.2.2.2.2.1",0.482832578132366,FALSE,TRUE,40
"2.5.2.2.2.2.2.2.2.2.2.2.2.1.2.2.2.2.2.2.2.1",0.530459056159938,FALSE,TRUE,41
"2.4.3.2.2.2.2.2.2.2.2.2.2.1.2.2.2.2.2.2.2.1",0.52704998260558,FALSE,TRUE,40
"2.4.2.3.2.2.2.2.2.2.2.2.2.1.2.2.2.2.2.2.2.1",0.515720827098767,FALSE,TRUE,40
"2.4.2.2.3.2.2.2.2.2.2.2.2.1.2.2.2.2.2.2.2.1",0.487385863471036,FALSE,TRUE,40
"2.4.2.2.2.3.2.2.2.2.2.2.2.1.2.2.2.2.2.2.2.1",0.476926619587704,FALSE,TRUE,40
"2.4.2.2.2.2.3.2.2.2.2.2.2.1.2.2.2.2.2.2.2.1",0.473463830042996,FALSE,TRUE,40
"2.4.2.2.2.2.2.3.2.2.2.2.2.1.2.2.2.2.2.2.2.1",0.554179047906765,FALSE,TRUE,40
"2.4.2.2.2.2.2.2.3.2.2.2.2.1.2.2.2.2.2.2.2.1",0.493406084105239,FALSE,TRUE,40
"2.4.2.2.2.2.2.2.2.3.2.2.2.1.2.2.2.2.2.2.2.1",0.410555463494757,FALSE,TRUE,40
"2.4.2.2.2.2.2.2.2.2.3.2.2.1.2.2.2.2.2.2.2.1",0.452334200364532,FALSE,TRUE,40
"2.4.2.2.2.2.2.2.2.2.2.3.2.1.2.2.2.2.2.2.2.1",0.441914347304055,FALSE,TRUE,40
"2.4.2.2.2.2.2.2.2.2.2.2.3.1.2.2.2.2.2.2.2.1",0.522833094589915,FALSE,TRUE,40
"2.4.2.2.2.2.2.2.2.2.2.2.2.2.2.2.2.2.2.2.2.1",0.533379865656182,FALSE,TRUE,41
"2.4.2.2.2.2.2.2.2.2.2.2.2.1.3.2.2.2.2.2.2.1",0.480030566266071,FALSE,TRUE,40
"2.4.2.2.2.2.2.2.2.2.2.2.2.1.2.3.2.2.2.2.2.1",0.59549619902934,FALSE,TRUE,40
"2.4.2.2.2.2.2.2.2.2.2.2.2.1.2.2.3.2.2.2.2.1",0.496709532349246,FALSE,TRUE,40
"2.4.2.2.2.2.2.2.2.2.2.2.2.1.2.2.2.3.2.2.2.1",0.508563599477027,FALSE,TRUE,40
"2.4.2.2.2.2.2.2.2.2.2.2.2.1.2.2.2.2.3.2.2.1",0.494119049261063,FALSE,TRUE,40
"2.4.2.2.2.2.2.2.2.2.2.2.2.1.2.2.2.2.2.3.2.1",0.390286328371984,FALSE,TRUE,40
"2.4.2.2.2.2.2.2.2.2.2.2.2.1.2.2.2.2.2.2.3.1",0.567615184096063,FALSE,TRUE,40
"2.4.2.2.2.2.2.2.2.2.2.2.2.1.2.2.2.2.2.2.2.2",0.469215974603649,FALSE,TRUE,41
"1.4.2.2.2.2.2.2.2.2.2.2.2.1.2.2.2.2.2.2.2.1",0.517761763602118,FALSE,TRUE,39
"2.4.2.1.2.2.2.2.2.2.2.2.2.1.2.2.2.2.2.2.2.1",0.490830624281032,FALSE,TRUE,39
"2.4.2.2.1.2.2.2.2.2.2.2.2.1.2.2.2.2.2.2.2.1",0.52146057271092,FALSE,TRUE,39
"2.4.2.2.2.1.2.2.2.2.2.2.2.1.2.2.2.2.2.2.2.1",0.529234255951416,FALSE,TRUE,39
"2.4.2.2.2.2.1.2.2.2.2.2.2.1.2.2.2.2.2.2.2.1",0.537023298371973,FALSE,TRUE,39
"2.4.2.2.2.2.2.1.2.2.2.2.2.1.2.2.2.2.2.2.2.1",0.457598127704599,FALSE,TRUE,38
"2.4.2.2.2.2.2.2.1.2.2.2.2.1.2.2.2.2.2.2.2.1",0.51208166281425,FALSE,TRUE,39
"2.4.2.2.2.2.2.2.2.1.2.2.2.1.2.2.2.2.2.2.2.1",0.602559863264094,FALSE,TRUE,39
"2.4.2.2.2.2.2.2.2.2.1.2.2.1.2.2.2.2.2.2.2.1",0.558263502560066,FALSE,TRUE,39
"2.4.2.2.2.2.2.2.2.2.2.1.2.1.2.2.2.2.2.2.2.1",0.564469429462486,FALSE,TRUE,39
"2.4.2.2.2.2.2.2.2.2.2.2.1.1.2.2.2.2.2.2.2.1",0.48590716687765,FALSE,TRUE,39
"2.4.2.2.2.2.2.2.2.2.2.2.2.1.1.2.2.2.2.2.2.1",0.531754182383045,FALSE,TRUE,39
"2.4.2.2.2.2.2.2.2.2.2.2.2.1.2.1.2.2.2.2.2.1",0.412389050532393,FALSE,TRUE,39
"2.4.2.2.2.2.2.2.2.2.2.2.2.1.2.2.1.2.2.2.2.1",0.513879654767278,FALSE,TRUE,39
"2.4.2.2.2.2.2.2.2.2.2.2.2.1.2.2.2.1.2.2.2.1",0.507105388396235,FALSE,TRUE,39
"2.4.2.2.2.2.2.2.2.2.2.2.2.1.2.2.2.2.1.2.2.1",0.519253719238017,FALSE,TRUE,39
"2.4.2.2.2.2.2.2.2.2.2.2.2.1.2.2.2.2.2.1.2.1",0.611262667356029,FALSE,TRUE,38
"2.4.2.2.2.2.2.2.2.2.2.2.2.1.2.2.2.2.2.2.1.1",0.431383448140773,FALSE,TRUE,39
"3.2.2.2.2.3.2.3.2.2.3.2.2.2.2.2.2.2.3.2.2.2",0.319771227715676,FALSE,TRUE,42
"2.3.2.2.2.3.2.3.2.2.3.2.2.2.2.2.2.2.3.2.2.2",0.403253538249365,FALSE,TRUE,42
"2.2.3.2.2.3.2.3.2.2.3.2.2.2.2.2.2.2.3.2.2.2",0.372863158347139,FALSE,TRUE,42
"2.2.2.3.2.3.2.3.2.2.3.2.2.2.2.2.2.2.3.2.2.2",0.369253874075397,FALSE,TRUE,42
"2.2.2.2.3.3.2.3.2.2.3.2.2.2.2.2.2.2.3.2.2.2",0.364096434831661,FALSE,TRUE,42
"2.2.2.2.2.4.2.3.2.2.3.2.2.2.2.2.2.2.3.2.2.2",0.328776618501007,FALSE,TRUE,42
"2.2.2.2.2.3.3.3.2.2.3.2.2.2.2.2.2.2.3.2.2.2",0.352104460358099,FALSE,TRUE,42
"2.2.2.2.2.3.2.4.2.2.3.2.2.2.2.2.2.2.3.2.2.2",0.42456842175668,FALSE,TRUE,42
"2.2.2.2.2.3.2.3.3.2.3.2.2.2.2.2.2.2.3.2.2.2",0.358382592828222,FALSE,TRUE,42
"2.2.2.2.2.3.2.3.2.3.3.2.2.2.2.2.2.2.3.2.2.2",0.300470972603704,FALSE,TRUE,42
"2.2.2.2.2.3.2.3.2.2.4.2.2.2.2.2.2.2.3.2.2.2",0.314713525610483,FALSE,TRUE,43
"2.2.2.2.2.3.2.3.2.2.3.3.2.2.2.2.2.2.3.2.2.2",0.299993983598054,FALSE,TRUE,42
"2.2.2.2.2.3.2.3.2.2.3.2.3.2.2.2.2.2.3.2.2.2",0.40894037712558,FALSE,TRUE,42
"2.2.2.2.2.3.2.3.2.2.3.2.2.3.2.2.2.2.3.2.2.2",0.374340555493628,FALSE,TRUE,42
"2.2.2.2.2.3.2.3.2.2.3.2.2.2.3.2.2.2.3.2.2.2",0.369235152646373,FALSE,TRUE,42
"2.2.2.2.2.3.2.3.2.2.3.2.2.2.2.3.2.2.3.2.2.2",0.447733951723503,FALSE,TRUE,42
"2.2.2.2.2.3.2.3.2.2.3.2.2.2.2.2.3.2.3.2.2.2",0.351606667462152,FALSE,TRUE,42
"2.2.2.2.2.3.2.3.2.2.3.2.2.2.2.2.2.3.3.2.2.2",0.356156079522826,FALSE,TRUE,42
"2.2.2.2.2.3.2.3.2.2.3.2.2.2.2.2.2.2.4.2.2.2",0.352545371387249,FALSE,TRUE,42
"2.2.2.2.2.3.2.3.2.2.3.2.2.2.2.2.2.2.3.3.2.2",0.257018048916006,FALSE,TRUE,42
"2.2.2.2.2.3.2.3.2.2.3.2.2.2.2.2.2.2.3.2.3.2",0.407120832468001,FALSE,TRUE,42
"2.2.2.2.2.3.2.3.2.2.3.2.2.2.2.2.2.2.3.2.2.3",0.334597684908543,FALSE,TRUE,42
"1.2.2.2.2.3.2.3.2.2.3.2.2.2.2.2.2.2.3.2.2.2",0.414503803763995,FALSE,TRUE,41
"2.1.2.2.2.3.2.3.2.2.3.2.2.2.2.2.2.2.3.2.2.2",0.340731567304199,FALSE,TRUE,41
"2.2.1.2.2.3.2.3.2.2.3.2.2.2.2.2.2.2.3.2.2.2",0.354326874105863,FALSE,TRUE,41
"2.2.2.1.2.3.2.3.2.2.3.2.2.2.2.2.2.2.3.2.2.2",0.365610214868849,FALSE,TRUE,41
"2.2.2.2.1.3.2.3.2.2.3.2.2.2.2.2.2.2.3.2.2.2",0.37908226377999,FALSE,TRUE,41
"2.2.2.2.2.3.1.3.2.2.3.2.2.2.2.2.2.2.3.2.2.2",0.384178201398418,FALSE,TRUE,41
"2.2.2.2.2.3.2.2.2.2.3.2.2.2.2.2.2.2.3.2.2.2",0.317098579079703,FALSE,TRUE,42
"2.2.2.2.2.3.2.3.1.2.3.2.2.2.2.2.2.2.3.2.2.2",0.374564141753853,FALSE,TRUE,41
"2.2.2.2.2.3.2.3.2.1.3.2.2.2.2.2.2.2.3.2.2.2",0.448875092876259,FALSE,TRUE,41
"2.2.2.2.2.3.2.3.2.2.3.1.2.2.2.2.2.2.3.2.2.2",0.441763954026297,FALSE,TRUE,41
"2.2.2.2.2.3.2.3.2.2.3.2.1.2.2.2.2.2.3.2.2.2",0.332413619902241,FALSE,TRUE,40
"2.2.2.2.2.3.2.3.2.2.3.2.2.1.2.2.2.2.3.2.2.2",0.364561308598115,FALSE,TRUE,41
"2.2.2.2.2.3.2.3.2.2.3.2.2.2.1.2.2.2.3.2.2.2",0.375629793436989,FALSE,TRUE,41
"2.2.2.2.2.3.2.3.2.2.3.2.2.2.2.1.2.2.3.2.2.2",0.28925379415963,FALSE,TRUE,41
"2.2.2.2.2.3.2.3.2.2.3.2.2.2.2.2.1.2.3.2.2.2",0.385677104244707,FALSE,TRUE,41
"2.2.2.2.2.3.2.3.2.2.3.2.2.2.2.2.2.1.3.2.2.2",0.387327683270197,FALSE,TRUE,41
"2.2.2.2.2.3.2.3.2.2.3.2.2.2.2.2.2.2.2.2.2.2",0.392232853190008,FALSE,TRUE,41
"2.2.2.2.2.3.2.3.2.2.3.2.2.2.2.2.2.2.3.1.2.2",0.481830357934894,FALSE,TRUE,41
"2.2.2.2.2.3.2.3.2.2.3.2.2.2.2.2.2.2.3.2.1.2",0.329733873242445,FALSE,TRUE,41
"2.2.2.2.2.3.2.3.2.2.3.2.2.2.2.2.2.2.3.2.2.1",0.408849887608094,FALSE,TRUE,41
"3.2.1.2.2.2.2.2.2.2.2.2.3.2.2.2.2.2.2.2.2.1",0.416591222187469,FALSE,TRUE,40
"2.3.1.2.2.2.2.2.2.2.2.2.3.2.2.2.2.2.2.2.2.1",0.489077159121307,FALSE,TRUE,38
"2.2.2.2.2.2.2.2.2.2.2.2.3.2.2.2.2.2.2.2.2.1",0.495682966515129,FALSE,TRUE,40
"2.2.1.3.2.2.2.2.2.2.2.2.3.2.2.2.2.2.2.2.2.1",0.479266600218998,FALSE,TRUE,40
"2.2.1.2.3.2.2.2.2.2.2.2.3.2.2.2.2.2.2.2.2.1",0.465120672503736,FALSE,TRUE,40
"2.2.1.2.2.3.2.2.2.2.2.2.3.2.2.2.2.2.2.2.2.1",0.421629415196851,FALSE,TRUE,40
"2.2.1.2.2.2.3.2.2.2.2.2.3.2.2.2.2.2.2.2.2.1",0.448597428952893,FALSE,TRUE,40
"2.2.1.2.2.2.2.3.2.2.2.2.3.2.2.2.2.2.2.2.2.1",0.497396039214208,FALSE,TRUE,38
"2.2.1.2.2.2.2.2.3.2.2.2.3.2.2.2.2.2.2.2.2.1",0.462427203260538,FALSE,TRUE,40
"2.2.1.2.2.2.2.2.2.3.2.2.3.2.2.2.2.2.2.2.2.1",0.386762585850913,FALSE,TRUE,40
"2.2.1.2.2.2.2.2.2.2.3.2.3.2.2.2.2.2.2.2.2.1",0.410835807755797,FALSE,TRUE,40
"2.2.1.2.2.2.2.2.2.2.2.3.3.2.2.2.2.2.2.2.2.1",0.400475523617215,FALSE,TRUE,40
"2.2.1.2.2.2.2.2.2.2.2.2.4.2.2.2.2.2.2.2.2.1",0.462580941795846,FALSE,TRUE,40
"2.2.1.2.2.2.2.2.2.2.2.2.3.3.2.2.2.2.2.2.2.1",0.463285768118173,FALSE,TRUE,40
"2.2.1.2.2.2.2.2.2.2.2.2.3.2.3.2.2.2.2.2.2.1",0.436978555076556,FALSE,TRUE,40
"2.2.1.2.2.2.2.2.2.2.2.2.3.2.2.3.2.2.2.2.2.1",0.512891493277961,FALSE,TRUE,40
"2.2.1.2.2.2.2.2.2.2.2.2.3.2.2.2.3.2.2.2.2.1",0.423469083766192,FALSE,TRUE,38
"2.2.1.2.2.2.2.2.2.2.2.2.3.2.2.2.2.3.2.2.2.1",0.453367869578894,FALSE,TRUE,38
"2.2.1.2.2.2.2.2.2.2.2.2.3.2.2.2.2.2.3.2.2.1",0.462983503910488,FALSE,TRUE,38
"2.2.1.2.2.2.2.2.2.2.2.2.3.2.2.2.2.2.2.3.2.1",0.35051022489634,FALSE,TRUE,40
"1.2.1.2.2.2.2.2.2.2.2.2.3.2.2.2.2.2.2.2.2.1",0.466920836132952,FALSE,TRUE,39
"2.1.1.2.2.2.2.2.2.2.2.2.3.2.2.2.2.2.2.2.2.1",0.413207362294684,FALSE,TRUE,39
"2.2.1.1.2.2.2.2.2.2.2.2.3.2.2.2.2.2.2.2.2.1",0.414017044359423,FALSE,TRUE,39
"2.2.1.2.1.2.2.2.2.2.2.2.3.2.2.2.2.2.2.2.2.1",0.431846557476717,FALSE,TRUE,37
"2.2.1.2.2.1.2.2.2.2.2.2.3.2.2.2.2.2.2.2.2.1",0.466163460644954,FALSE,TRUE,39
"2.2.1.2.2.2.1.2.2.2.2.2.3.2.2.2.2.2.2.2.2.1",0.445875558599996,FALSE,TRUE,39
"2.2.1.2.2.2.2.1.2.2.2.2.3.2.2.2.2.2.2.2.2.1",0.397840794262834,FALSE,TRUE,39
"2.2.1.2.2.2.2.2.1.2.2.2.3.2.2.2.2.2.2.2.2.1",0.429627493701742,FALSE,TRUE,37
"2.2.1.2.2.2.2.2.2.1.2.2.3.2.2.2.2.2.2.2.2.1",0.516851863782164,FALSE,TRUE,39
"2.2.1.2.2.2.2.2.2.2.1.2.3.2.2.2.2.2.2.2.2.1",0.483362241504684,FALSE,TRUE,39
"2.2.1.2.2.2.2.2.2.2.2.1.3.2.2.2.2.2.2.2.2.1",0.493612815601685,FALSE,TRUE,39
"2.2.1.2.2.2.2.2.2.2.2.2.3.2.1.2.2.2.2.2.2.1",0.455839617310443,FALSE,TRUE,39
"2.2.1.2.2.2.2.2.2.2.2.2.3.2.2.1.2.2.2.2.2.1",0.387819241644947,FALSE,TRUE,37
"2.2.1.2.2.2.2.2.2.2.2.2.3.2.2.2.1.2.2.2.2.1",0.469944327471289,FALSE,TRUE,39
"2.2.1.2.2.2.2.2.2.2.2.2.3.2.2.2.2.1.2.2.2.1",0.448738929625527,FALSE,TRUE,39
"2.2.1.2.2.2.2.2.2.2.2.2.3.2.2.2.2.2.1.2.2.1",0.433541943967872,FALSE,TRUE,39
"2.2.1.2.2.2.2.2.2.2.2.2.3.2.2.2.2.2.2.1.2.1",0.533523709488592,FALSE,TRUE,39
"2.2.1.2.2.2.2.2.2.2.2.2.3.2.2.2.2.2.2.2.1.1",0.37606480046991,FALSE,TRUE,39
"3.2.2.2.2.2.2.2.2.2.2.2.2.2.2.2.2.3.2.2.3.1",0.39279362819658,FALSE,TRUE,40
"2.3.2.2.2.2.2.2.2.2.2.2.2.2.2.2.2.3.2.2.3.1",0.509524165018756,FALSE,TRUE,40
"2.2.3.2.2.2.2.2.2.2.2.2.2.2.2.2.2.3.2.2.3.1",0.453173258514008,FALSE,TRUE,41
"2.2.2.3.2.2.2.2.2.2.2.2.2.2.2.2.2.3.2.2.3.1",0.462054548681687,FALSE,TRUE,40
"2.2.2.2.3.2.2.2.2.2.2.2.2.2.2.2.2.3.2.2.3.1",0.441133343109043,FALSE,TRUE,41
"2.2.2.2.2.3.2.2.2.2.2.2.2.2.2.2.2.3.2.2.3.1",0.430274859874419,FALSE,TRUE,40
"2.2.2.2.2.2.3.2.2.2.2.2.2.2.2.2.2.3.2.2.3.1",0.454521339134476,FALSE,TRUE,40
"2.2.2.2.2.2.2.2.3.2.2.2.2.2.2.2.2.3.2.2.3.1",0.47843923541772,FALSE,TRUE,40
"2.2.2.2.2.2.2.2.2.3.2.2.2.2.2.2.2.3.2.2.3.1",0.421382312833447,FALSE,TRUE,40
"2.2.2.2.2.2.2.2.2.2.3.2.2.2.2.2.2.3.2.2.3.1",0.414621932077739,FALSE,TRUE,40
"2.2.2.2.2.2.2.2.2.2.2.3.2.2.2.2.2.3.2.2.3.1",0.379005858917976,FALSE,TRUE,40
"2.2.2.2.2.2.2.2.2.2.2.2.3.2.2.2.2.3.2.2.3.1",0.506993578933992,FALSE,TRUE,40
"2.2.2.2.2.2.2.2.2.2.2.2.2.3.2.2.2.3.2.2.3.1",0.442138353529269,FALSE,TRUE,40
"2.2.2.2.2.2.2.2.2.2.2.2.2.2.3.2.2.3.2.2.3.1",0.456617676295973,FALSE,TRUE,40
"2.2.2.2.2.2.2.2.2.2.2.2.2.2.2.3.2.3.2.2.3.1",0.497450897973886,FALSE,TRUE,40
"2.2.2.2.2.2.2.2.2.2.2.2.2.2.2.2.3.3.2.2.3.1",0.438270607317383,FALSE,TRUE,40
"2.2.2.2.2.2.2.2.2.2.2.2.2.2.2.2.2.4.2.2.3.1",0.425050295210338,FALSE,TRUE,40
"2.2.2.2.2.2.2.2.2.2.2.2.2.2.2.2.2.3.3.2.3.1",0.440957999324582,FALSE,TRUE,40
"2.2.2.2.2.2.2.2.2.2.2.2.2.2.2.2.2.3.2.3.3.1",0.370279862281144,FALSE,TRUE,40
"2.2.2.2.2.2.2.2.2.2.2.2.2.2.2.2.2.3.2.2.4.1",0.458364831777137,FALSE,TRUE,40
"2.2.2.2.2.2.2.2.2.2.2.2.2.2.2.2.2.3.2.2.3.2",0.406383610256293,FALSE,TRUE,39
"1.2.2.2.2.2.2.2.2.2.2.2.2.2.2.2.2.3.2.2.3.1",0.510841018568083,FALSE,TRUE,39
"2.1.2.2.2.2.2.2.2.2.2.2.2.2.2.2.2.3.2.2.3.1",0.412829564399626,FALSE,TRUE,39
"2.2.2.1.2.2.2.2.2.2.2.2.2.2.2.2.2.3.2.2.3.1",0.451695350353767,FALSE,TRUE,39
"2.2.2.2.2.1.2.2.2.2.2.2.2.2.2.2.2.3.2.2.3.1",0.481174424433643,FALSE,TRUE,39
"2.2.2.2.2.2.1.2.2.2.2.2.2.2.2.2.2.3.2.2.3.1",0.456049632772516,FALSE,TRUE,39
"2.2.2.2.2.2.2.1.2.2.2.2.2.2.2.2.2.3.2.2.3.1",0.3946821376742,FALSE,TRUE,39
"2.2.2.2.2.2.2.2.1.2.2.2.2.2.2.2.2.3.2.2.3.1",0.433298091656386,FALSE,TRUE,39
"2.2.2.2.2.2.2.2.2.1.2.2.2.2.2.2.2.3.2.2.3.1",0.498261116499182,FALSE,TRUE,39
"2.2.2.2.2.2.2.2.2.2.1.2.2.2.2.2.2.3.2.2.3.1",0.498677124527,FALSE,TRUE,39
"2.2.2.2.2.2.2.2.2.2.2.1.2.2.2.2.2.3.2.2.3.1",0.53701969459379,FALSE,TRUE,39
"2.2.2.2.2.2.2.2.2.2.2.2.1.2.2.2.2.3.2.2.3.1",0.408674399308819,FALSE,TRUE,39
"2.2.2.2.2.2.2.2.2.2.2.2.2.1.2.2.2.3.2.2.3.1",0.46709000714954,FALSE,TRUE,38
"2.2.2.2.2.2.2.2.2.2.2.2.2.2.1.2.2.3.2.2.3.1",0.461719688608702,FALSE,TRUE,39
"2.2.2.2.2.2.2.2.2.2.2.2.2.2.2.1.2.3.2.2.3.1",0.411236638330273,FALSE,TRUE,38
"2.2.2.2.2.2.2.2.2.2.2.2.2.2.2.2.1.3.2.2.3.1",0.469164115404219,FALSE,TRUE,39
"2.2.2.2.2.2.2.2.2.2.2.2.2.2.2.2.2.3.1.2.3.1",0.476683865646635,FALSE,TRUE,39
"2.2.2.2.2.2.2.2.2.2.2.2.2.2.2.2.2.3.2.1.3.1",0.540486319161935,FALSE,TRUE,39
"2.2.2.2.2.2.2.2.2.2.2.2.2.2.2.2.2.3.2.2.2.1",0.450939586850877,FALSE,TRUE,38
"3.2.1.2.2.2.2.2.2.2.2.2.3.2.2.1.2.2.2.2.3.1",0.391782358890598,FALSE,TRUE,39
"2.3.1.2.2.2.2.2.2.2.2.2.3.2.2.1.2.2.2.2.3.1",0.472700909216963,FALSE,TRUE,39
"2.2.2.2.2.2.2.2.2.2.2.2.3.2.2.1.2.2.2.2.3.1",0.469944837521261,FALSE,TRUE,40
"2.2.1.3.2.2.2.2.2.2.2.2.3.2.2.1.2.2.2.2.3.1",0.452644690618013,FALSE,TRUE,39
"2.2.1.2.3.2.2.2.2.2.2.2.3.2.2.1.2.2.2.2.3.1",0.437820327747423,FALSE,TRUE,38
"2.2.1.2.2.3.2.2.2.2.2.2.3.2.2.1.2.2.2.2.3.1",0.403168060041492,FALSE,TRUE,39
"2.2.1.2.2.2.3.2.2.2.2.2.3.2.2.1.2.2.2.2.3.1",0.427316728592174,FALSE,TRUE,39
"2.2.1.2.2.2.2.3.2.2.2.2.3.2.2.1.2.2.2.2.3.1",0.487137443361585,FALSE,TRUE,38
"2.2.1.2.2.2.2.2.3.2.2.2.3.2.2.1.2.2.2.2.3.1",0.446453084862947,FALSE,TRUE,39
"2.2.1.2.2.2.2.2.2.3.2.2.3.2.2.1.2.2.2.2.3.1",0.375637455961579,FALSE,TRUE,39
"2.2.1.2.2.2.2.2.2.2.3.2.3.2.2.1.2.2.2.2.3.1",0.387506266313327,FALSE,TRUE,39
"2.2.1.2.2.2.2.2.2.2.2.3.3.2.2.1.2.2.2.2.3.1",0.375830232382315,FALSE,TRUE,39
"2.2.1.2.2.2.2.2.2.2.2.2.4.2.2.1.2.2.2.2.3.1",0.463041482862989,FALSE,TRUE,40
"2.2.1.2.2.2.2.2.2.2.2.2.3.3.2.1.2.2.2.2.3.1",0.444211115974883,FALSE,TRUE,39
"2.2.1.2.2.2.2.2.2.2.2.2.3.2.3.1.2.2.2.2.3.1",0.422756216784755,FALSE,TRUE,39
"2.2.1.2.2.2.2.2.2.2.2.2.3.2.2.1.3.2.2.2.3.1",0.41588447831384,FALSE,TRUE,39
"2.2.1.2.2.2.2.2.2.2.2.2.3.2.2.1.2.3.2.2.3.1",0.431636833091706,FALSE,TRUE,38
"2.2.1.2.2.2.2.2.2.2.2.2.3.2.2.1.2.2.3.2.3.1",0.437311704857129,FALSE,TRUE,39
"2.2.1.2.2.2.2.2.2.2.2.2.3.2.2.1.2.2.2.3.3.1",0.336959154914842,FALSE,TRUE,39
"2.2.1.2.2.2.2.2.2.2.2.2.3.2.2.1.2.2.2.2.4.1",0.470630951277873,FALSE,TRUE,39
"2.2.1.2.2.2.2.2.2.2.2.2.3.2.2.1.2.2.2.2.3.2",0.391300415760592,FALSE,TRUE,38
"1.2.1.2.2.2.2.2.2.2.2.2.3.2.2.1.2.2.2.2.3.1",0.463977760677949,FALSE,TRUE,38
"2.1.1.2.2.2.2.2.2.2.2.2.3.2.2.1.2.2.2.2.3.1",0.401075901328506,FALSE,TRUE,38
"2.2.1.1.2.2.2.2.2.2.2.2.3.2.2.1.2.2.2.2.3.1",0.412030979481094,FALSE,TRUE,38
"2.2.1.2.1.2.2.2.2.2.2.2.3.2.2.1.2.2.2.2.3.1",0.433254420675411,FALSE,TRUE,37
"2.2.1.2.2.1.2.2.2.2.2.2.3.2.2.1.2.2.2.2.3.1",0.458947993979681,FALSE,TRUE,38
"2.2.1.2.2.2.1.2.2.2.2.2.3.2.2.1.2.2.2.2.3.1",0.440122807524523,FALSE,TRUE,38
"2.2.1.2.2.2.2.1.2.2.2.2.3.2.2.1.2.2.2.2.3.1",0.381601890731463,FALSE,TRUE,38
"2.2.1.2.2.2.2.2.1.2.2.2.3.2.2.1.2.2.2.2.3.1",0.417363919834054,FALSE,TRUE,38
"2.2.1.2.2.2.2.2.2.1.2.2.3.2.2.1.2.2.2.2.3.1",0.500089436756805,FALSE,TRUE,38
"2.2.1.2.2.2.2.2.2.2.1.2.3.2.2.1.2.2.2.2.3.1",0.479567810847728,FALSE,TRUE,38
"2.2.1.2.2.2.2.2.2.2.2.1.3.2.2.1.2.2.2.2.3.1",0.490929645720682,FALSE,TRUE,38
"2.2.1.2.2.2.2.2.2.2.2.2.3.2.1.1.2.2.2.2.3.1",0.443732718588612,FALSE,TRUE,38
"2.2.1.2.2.2.2.2.2.2.2.2.3.2.2.1.1.2.2.2.3.1",0.449344689594325,FALSE,TRUE,38
"2.2.1.2.2.2.2.2.2.2.2.2.3.2.2.1.2.1.2.2.3.1",0.442928754759355,FALSE,TRUE,38
"2.2.1.2.2.2.2.2.2.2.2.2.3.2.2.1.2.2.1.2.3.1",0.431742775283949,FALSE,TRUE,38
"2.2.1.2.2.2.2.2.2.2.2.2.3.2.2.1.2.2.2.1.3.1",0.521483476250917,FALSE,TRUE,38
"3.3.1.2.2.2.2.1.2.2.2.2.2.1.2.2.2.2.2.2.2.1",0.354086749754374,FALSE,TRUE,37
"2.4.1.2.2.2.2.1.2.2.2.2.2.1.2.2.2.2.2.2.2.1",0.422065364085242,FALSE,TRUE,36
"2.3.1.3.2.2.2.1.2.2.2.2.2.1.2.2.2.2.2.2.2.1",0.407619365888163,FALSE,TRUE,38
"2.3.1.2.3.2.2.1.2.2.2.2.2.1.2.2.2.2.2.2.2.1",0.376746893236953,FALSE,TRUE,36
"2.3.1.2.2.3.2.1.2.2.2.2.2.1.2.2.2.2.2.2.2.1",0.370080623147982,FALSE,TRUE,37
"2.3.1.2.2.2.3.1.2.2.2.2.2.1.2.2.2.2.2.2.2.1",0.373007747114708,FALSE,TRUE,37
"2.3.1.2.2.2.2.1.3.2.2.2.2.1.2.2.2.2.2.2.2.1",0.397854742670583,FALSE,TRUE,37
"2.3.1.2.2.2.2.1.2.3.2.2.2.1.2.2.2.2.2.2.2.1",0.310140597430335,FALSE,TRUE,37
"2.3.1.2.2.2.2.1.2.2.3.2.2.1.2.2.2.2.2.2.2.1",0.338688924221977,FALSE,TRUE,37
"2.3.1.2.2.2.2.1.2.2.2.3.2.1.2.2.2.2.2.2.2.1",0.32509584146055,FALSE,TRUE,37
"2.3.1.2.2.2.2.1.2.2.2.2.3.1.2.2.2.2.2.2.2.1",0.402737256584921,FALSE,TRUE,37
"2.3.1.2.2.2.2.1.2.2.2.2.2.2.2.2.2.2.2.2.2.1",0.410735031818381,FALSE,TRUE,38
"2.3.1.2.2.2.2.1.2.2.2.2.2.1.3.2.2.2.2.2.2.1",0.367651392133663,FALSE,TRUE,37
"2.3.1.2.2.2.2.1.2.2.2.2.2.1.2.3.2.2.2.2.2.1",0.464339274226624,FALSE,TRUE,37
"2.3.1.2.2.2.2.1.2.2.2.2.2.1.2.2.3.2.2.2.2.1",0.37942818472006,FALSE,TRUE,36
"2.3.1.2.2.2.2.1.2.2.2.2.2.1.2.2.2.3.2.2.2.1",0.387445994165927,FALSE,TRUE,37
"2.3.1.2.2.2.2.1.2.2.2.2.2.1.2.2.2.2.3.2.2.1",0.392142626026282,FALSE,TRUE,36
"2.3.1.2.2.2.2.1.2.2.2.2.2.1.2.2.2.2.2.3.2.1",0.291816828438656,FALSE,TRUE,37
"2.3.1.2.2.2.2.1.2.2.2.2.2.1.2.2.2.2.2.2.3.1",0.441335946988468,FALSE,TRUE,36
"2.3.1.2.2.2.2.1.2.2.2.2.2.1.2.2.2.2.2.2.2.2",0.346149167191106,FALSE,TRUE,38
"1.3.1.2.2.2.2.1.2.2.2.2.2.1.2.2.2.2.2.2.2.1",0.406158272866135,FALSE,TRUE,36
"2.3.1.2.1.2.2.1.2.2.2.2.2.1.2.2.2.2.2.2.2.1",0.392122997283351,FALSE,TRUE,36
"2.3.1.2.2.1.2.1.2.2.2.2.2.1.2.2.2.2.2.2.2.1",0.397088995442067,FALSE,TRUE,36
"2.3.1.2.2.2.1.1.2.2.2.2.2.1.2.2.2.2.2.2.2.1",0.399902033177298,FALSE,TRUE,36
"2.3.1.2.2.2.2.1.1.2.2.2.2.1.2.2.2.2.2.2.2.1",0.367399517583541,FALSE,TRUE,35
"2.3.1.2.2.2.2.1.2.1.2.2.2.1.2.2.2.2.2.2.2.1",0.462449893868431,FALSE,TRUE,35
"2.3.1.2.2.2.2.1.2.2.1.2.2.1.2.2.2.2.2.2.2.1",0.435001562222725,FALSE,TRUE,36
"2.3.1.2.2.2.2.1.2.2.2.1.2.1.2.2.2.2.2.2.2.1",0.44033519831889,FALSE,TRUE,36
"2.3.1.2.2.2.2.1.2.2.2.2.1.1.2.2.2.2.2.2.2.1",0.367305584235059,FALSE,TRUE,36
"2.3.1.2.2.2.2.1.2.2.2.2.2.1.1.2.2.2.2.2.2.1",0.401248145615512,FALSE,TRUE,36
"2.3.1.2.2.2.2.1.2.2.2.2.2.1.2.1.2.2.2.2.2.1",0.312291208004728,FALSE,TRUE,36
"2.3.1.2.2.2.2.1.2.2.2.2.2.1.2.2.1.2.2.2.2.1",0.393914002028402,FALSE,TRUE,36
"2.3.1.2.2.2.2.1.2.2.2.2.2.1.2.2.2.1.2.2.2.1",0.390465895803185,FALSE,TRUE,36
"2.3.1.2.2.2.2.1.2.2.2.2.2.1.2.2.2.2.1.2.2.1",0.381754040578697,FALSE,TRUE,35
"2.3.1.2.2.2.2.1.2.2.2.2.2.1.2.2.2.2.2.2.1.1",0.318667502079927,FALSE,TRUE,36
"3.3.2.2.2.2.2.2.2.2.2.2.2.1.2.2.2.2.1.2.2.1",0.452729525608332,FALSE,TRUE,39
"2.3.3.2.2.2.2.2.2.2.2.2.2.1.2.2.2.2.1.2.2.1",0.514049662066902,FALSE,TRUE,39
"2.3.2.3.2.2.2.2.2.2.2.2.2.1.2.2.2.2.1.2.2.1",0.510354054050043,FALSE,TRUE,39
"2.3.2.2.3.2.2.2.2.2.2.2.2.1.2.2.2.2.1.2.2.1",0.469082962232299,FALSE,TRUE,39
"2.3.2.2.2.3.2.2.2.2.2.2.2.1.2.2.2.2.1.2.2.1",0.464832110755411,FALSE,TRUE,39
"2.3.2.2.2.2.3.2.2.2.2.2.2.1.2.2.2.2.1.2.2.1",0.461898920335922,FALSE,TRUE,39
"2.3.2.2.2.2.2.3.2.2.2.2.2.1.2.2.2.2.1.2.2.1",0.539888297150501,FALSE,TRUE,39
"2.3.2.2.2.2.2.2.3.2.2.2.2.1.2.2.2.2.1.2.2.1",0.489390293238817,FALSE,TRUE,39
"2.3.2.2.2.2.2.2.2.3.2.2.2.1.2.2.2.2.1.2.2.1",0.393568322556003,FALSE,TRUE,39
"2.3.2.2.2.2.2.2.2.2.3.2.2.1.2.2.2.2.1.2.2.1",0.434431457246409,FALSE,TRUE,39
"2.3.2.2.2.2.2.2.2.2.2.3.2.1.2.2.2.2.1.2.2.1",0.418139669039022,FALSE,TRUE,39
"2.3.2.2.2.2.2.2.2.2.2.2.3.1.2.2.2.2.1.2.2.1",0.48985986730984,FALSE,TRUE,39
"2.3.2.2.2.2.2.2.2.2.2.2.2.2.2.2.2.2.1.2.2.1",0.507722339994292,FALSE,TRUE,40
"2.3.2.2.2.2.2.2.2.2.2.2.2.1.3.2.2.2.1.2.2.1",0.46362788933919,FALSE,TRUE,39
"2.3.2.2.2.2.2.2.2.2.2.2.2.1.2.3.2.2.1.2.2.1",0.564984361650232,FALSE,TRUE,39
"2.3.2.2.2.2.2.2.2.2.2.2.2.1.2.2.3.2.1.2.2.1",0.465782924349713,FALSE,TRUE,39
"2.3.2.2.2.2.2.2.2.2.2.2.2.1.2.2.2.3.1.2.2.1",0.480125567537095,FALSE,TRUE,39
"2.3.2.2.2.2.2.2.2.2.2.2.2.1.2.2.2.2.1.3.2.1",0.379341999427325,FALSE,TRUE,39
"2.3.2.2.2.2.2.2.2.2.2.2.2.1.2.2.2.2.1.2.3.1",0.550434502411173,FALSE,TRUE,39
"2.3.2.2.2.2.2.2.2.2.2.2.2.1.2.2.2.2.1.2.2.2",0.437434157574287,FALSE,TRUE,40
"1.3.2.2.2.2.2.2.2.2.2.2.2.1.2.2.2.2.1.2.2.1",0.501938661055992,FALSE,TRUE,38
"2.2.2.2.2.2.2.2.2.2.2.2.2.1.2.2.2.2.1.2.2.1",0.451601930230243,FALSE,TRUE,38
"2.3.2.1.2.2.2.2.2.2.2.2.2.1.2.2.2.2.1.2.2.1",0.450453753587313,FALSE,TRUE,38
"2.3.2.2.1.2.2.2.2.2.2.2.2.1.2.2.2.2.1.2.2.1",0.493040629729077,FALSE,TRUE,38
"2.3.2.2.2.1.2.2.2.2.2.2.2.1.2.2.2.2.1.2.2.1",0.493416650849468,FALSE,TRUE,38
"2.3.2.2.2.2.1.2.2.2.2.2.2.1.2.2.2.2.1.2.2.1",0.505180386755328,FALSE,TRUE,38
"2.3.2.2.2.2.2.1.2.2.2.2.2.1.2.2.2.2.1.2.2.1",0.426274012375212,FALSE,TRUE,37
"2.3.2.2.2.2.2.2.1.2.2.2.2.1.2.2.2.2.1.2.2.1",0.470103213692891,FALSE,TRUE,38
"2.3.2.2.2.2.2.2.2.1.2.2.2.1.2.2.2.2.1.2.2.1",0.573693176492856,FALSE,TRUE,38
"2.3.2.2.2.2.2.2.2.2.1.2.2.1.2.2.2.2.1.2.2.1",0.530291530402779,FALSE,TRUE,38
"2.3.2.2.2.2.2.2.2.2.2.1.2.1.2.2.2.2.1.2.2.1",0.541582118755078,FALSE,TRUE,38
"2.3.2.2.2.2.2.2.2.2.2.2.1.1.2.2.2.2.1.2.2.1",0.471287785680871,FALSE,TRUE,38
"2.3.2.2.2.2.2.2.2.2.2.2.2.1.1.2.2.2.1.2.2.1",0.501398415923612,FALSE,TRUE,38
"2.3.2.2.2.2.2.2.2.2.2.2.2.1.2.1.2.2.1.2.2.1",0.398052589323563,FALSE,TRUE,38
"2.3.2.2.2.2.2.2.2.2.2.2.2.1.2.2.1.2.1.2.2.1",0.501425540348743,FALSE,TRUE,38
"2.3.2.2.2.2.2.2.2.2.2.2.2.1.2.2.2.1.1.2.2.1",0.492056839839651,FALSE,TRUE,38
"2.3.2.2.2.2.2.2.2.2.2.2.2.1.2.2.2.2.1.1.2.1",0.574304843859154,FALSE,TRUE,37
"2.3.2.2.2.2.2.2.2.2.2.2.2.1.2.2.2.2.1.2.1.1",0.40081768730355,FALSE,TRUE,38
"3.3.1.2.2.2.2.2.2.1.2.2.2.1.2.2.2.2.2.1.2.1",0.557419486578681,FALSE,TRUE,37
"2.4.1.2.2.2.2.2.2.1.2.2.2.1.2.2.2.2.2.1.2.1",0.640426813339222,FALSE,TRUE,37
"2.3.2.2.2.2.2.2.2.1.2.2.2.1.2.2.2.2.2.1.2.1",0.651255372222349,FALSE,TRUE,37
"2.3.1.3.2.2.2.2.2.1.2.2.2.1.2.2.2.2.2.1.2.1",0.622111750871875,FALSE,TRUE,37
"2.3.1.2.3.2.2.2.2.1.2.2.2.1.2.2.2.2.2.1.2.1",0.58124154370293,FALSE,TRUE,37
"2.3.1.2.2.3.2.2.2.1.2.2.2.1.2.2.2.2.2.1.2.1",0.606628598104896,FALSE,TRUE,37
"2.3.1.2.2.2.3.2.2.1.2.2.2.1.2.2.2.2.2.1.2.1",0.576932436561233,FALSE,TRUE,37
"2.3.1.2.2.2.2.3.2.1.2.2.2.1.2.2.2.2.2.1.2.1",0.663427517618577,FALSE,TRUE,37
"2.3.1.2.2.2.2.2.3.1.2.2.2.1.2.2.2.2.2.1.2.1",0.631685432817736,FALSE,TRUE,37
"2.3.1.2.2.2.2.2.2.1.3.2.2.1.2.2.2.2.2.1.2.1",0.550681947695872,FALSE,TRUE,37
"2.3.1.2.2.2.2.2.2.1.2.3.2.1.2.2.2.2.2.1.2.1",0.540764996671488,FALSE,TRUE,37
"2.3.1.2.2.2.2.2.2.1.2.2.3.1.2.2.2.2.2.1.2.1",0.611184425873673,FALSE,TRUE,37
"2.3.1.2.2.2.2.2.2.1.2.2.2.2.2.2.2.2.2.1.2.1",0.619312804160585,FALSE,TRUE,38
"2.3.1.2.2.2.2.2.2.1.2.2.2.1.3.2.2.2.2.1.2.1",0.562192484666281,FALSE,TRUE,37
"2.3.1.2.2.2.2.2.2.1.2.2.2.1.2.3.2.2.2.1.2.1",0.659518218625688,FALSE,TRUE,37
"2.3.1.2.2.2.2.2.2.1.2.2.2.1.2.2.3.2.2.1.2.1",0.588440273315916,FALSE,TRUE,37
"2.3.1.2.2.2.2.2.2.1.2.2.2.1.2.2.2.3.2.1.2.1",0.586729029077848,FALSE,TRUE,37
"2.3.1.2.2.2.2.2.2.1.2.2.2.1.2.2.2.2.3.1.2.1",0.603116385317853,FALSE,TRUE,37
"2.3.1.2.2.2.2.2.2.1.2.2.2.1.2.2.2.2.2.1.3.1",0.645253051501884,FALSE,TRUE,37
"2.3.1.2.2.2.2.2.2.1.2.2.2.1.2.2.2.2.2.1.2.2",0.556870657564164,FALSE,TRUE,38
"1.3.1.2.2.2.2.2.2.1.2.2.2.1.2.2.2.2.2.1.2.1",0.622645395599144,FALSE,TRUE,36
"2.2.1.2.2.2.2.2.2.1.2.2.2.1.2.2.2.2.2.1.2.1",0.559285261540694,FALSE,TRUE,36
"2.3.1.1.2.2.2.2.2.1.2.2.2.1.2.2.2.2.2.1.2.1",0.56897238873443,FALSE,TRUE,36
"2.3.1.2.1.2.2.2.2.1.2.2.2.1.2.2.2.2.2.1.2.1",0.606952638102534,FALSE,TRUE,36
"2.3.1.2.2.1.2.2.2.1.2.2.2.1.2.2.2.2.2.1.2.1",0.579473037640524,FALSE,TRUE,36
"2.3.1.2.2.2.1.2.2.1.2.2.2.1.2.2.2.2.2.1.2.1",0.611142273418297,FALSE,TRUE,36
"2.3.1.2.2.2.2.1.2.1.2.2.2.1.2.2.2.2.2.1.2.1",0.528507241076002,FALSE,TRUE,35
"2.3.1.2.2.2.2.2.1.1.2.2.2.1.2.2.2.2.2.1.2.1",0.558267642281879,FALSE,TRUE,36
"2.3.1.2.2.2.2.2.2.1.1.2.2.1.2.2.2.2.2.1.2.1",0.641557154498771,FALSE,TRUE,36
"2.3.1.2.2.2.2.2.2.1.2.1.2.1.2.2.2.2.2.1.2.1",0.644259040748738,FALSE,TRUE,36
"2.3.1.2.2.2.2.2.2.1.2.2.1.1.2.2.2.2.2.1.2.1",0.576080134387488,FALSE,TRUE,36
"2.3.1.2.2.2.2.2.2.1.2.2.2.1.1.2.2.2.2.1.2.1",0.62765954803537,FALSE,TRUE,36
"2.3.1.2.2.2.2.2.2.1.2.2.2.1.2.1.2.2.2.1.2.1",0.531895623551175,FALSE,TRUE,36
"2.3.1.2.2.2.2.2.2.1.2.2.2.1.2.2.1.2.2.1.2.1",0.601627323863368,FALSE,TRUE,36
"2.3.1.2.2.2.2.2.2.1.2.2.2.1.2.2.2.1.2.1.2.1",0.604684375823397,FALSE,TRUE,36
"2.3.1.2.2.2.2.2.2.1.2.2.2.1.2.2.2.2.1.1.2.1",0.58860157829692,FALSE,TRUE,36
"2.3.1.2.2.2.2.2.2.1.2.2.2.1.2.2.2.2.2.1.1.1",0.531031870294302,FALSE,TRUE,36
"3.3.1.2.3.2.2.2.2.2.2.2.2.1.2.2.2.2.2.1.2.1",0.472703825495444,FALSE,TRUE,38
"2.4.1.2.3.2.2.2.2.2.2.2.2.1.2.2.2.2.2.1.2.1",0.543054898533281,FALSE,TRUE,38
"2.3.2.2.3.2.2.2.2.2.2.2.2.1.2.2.2.2.2.1.2.1",0.550453310935767,FALSE,TRUE,38
"2.3.1.3.3.2.2.2.2.2.2.2.2.1.2.2.2.2.2.1.2.1",0.534209018071697,FALSE,TRUE,38
"2.3.1.2.4.2.2.2.2.2.2.2.2.1.2.2.2.2.2.1.2.1",0.481562710516334,FALSE,TRUE,39
"2.3.1.2.3.3.2.2.2.2.2.2.2.1.2.2.2.2.2.1.2.1",0.5123535490042,FALSE,TRUE,38
"2.3.1.2.3.2.3.2.2.2.2.2.2.1.2.2.2.2.2.1.2.1",0.479071032773874,FALSE,TRUE,38
"2.3.1.2.3.2.2.3.2.2.2.2.2.1.2.2.2.2.2.1.2.1",0.570468605222213,FALSE,TRUE,38
"2.3.1.2.3.2.2.2.3.2.2.2.2.1.2.2.2.2.2.1.2.1",0.530985880965095,FALSE,TRUE,38
"2.3.1.2.3.2.2.2.2.3.2.2.2.1.2.2.2.2.2.1.2.1",0.436671946017931,FALSE,TRUE,38
"2.3.1.2.3.2.2.2.2.2.3.2.2.1.2.2.2.2.2.1.2.1",0.452598350292594,FALSE,TRUE,38
"2.3.1.2.3.2.2.2.2.2.2.3.2.1.2.2.2.2.2.1.2.1",0.449676040012358,FALSE,TRUE,38
"2.3.1.2.3.2.2.2.2.2.2.2.3.1.2.2.2.2.2.1.2.1",0.526811314374104,FALSE,TRUE,38
"2.3.1.2.3.2.2.2.2.2.2.2.2.2.2.2.2.2.2.1.2.1",0.547130785669832,FALSE,TRUE,39
"2.3.1.2.3.2.2.2.2.2.2.2.2.1.3.2.2.2.2.1.2.1",0.476950124909875,FALSE,TRUE,38
"2.3.1.2.3.2.2.2.2.2.2.2.2.1.2.3.2.2.2.1.2.1",0.581606177564744,FALSE,TRUE,38
"2.3.1.2.3.2.2.2.2.2.2.2.2.1.2.2.3.2.2.1.2.1",0.49567634040492,FALSE,TRUE,38
"2.3.1.2.3.2.2.2.2.2.2.2.2.1.2.2.2.3.2.1.2.1",0.50635317129498,FALSE,TRUE,38
"2.3.1.2.3.2.2.2.2.2.2.2.2.1.2.2.2.2.3.1.2.1",0.516733785448173,FALSE,TRUE,38
"2.3.1.2.3.2.2.2.2.2.2.2.2.1.2.2.2.2.2.1.3.1",0.55687599897268,FALSE,TRUE,38
"2.3.1.2.3.2.2.2.2.2.2.2.2.1.2.2.2.2.2.1.2.2",0.459210464529094,FALSE,TRUE,39
"1.3.1.2.3.2.2.2.2.2.2.2.2.1.2.2.2.2.2.1.2.1",0.532977638815658,FALSE,TRUE,37
"2.2.1.2.3.2.2.2.2.2.2.2.2.1.2.2.2.2.2.1.2.1",0.480958369242058,FALSE,TRUE,37
"2.3.1.1.3.2.2.2.2.2.2.2.2.1.2.2.2.2.2.1.2.1",0.479662567050159,FALSE,TRUE,37
"2.3.1.2.3.1.2.2.2.2.2.2.2.1.2.2.2.2.2.1.2.1",0.499037740065396,FALSE,TRUE,37
"2.3.1.2.3.2.1.2.2.2.2.2.2.1.2.2.2.2.2.1.2.1",0.536308615881156,FALSE,TRUE,37
"2.3.1.2.3.2.2.1.2.2.2.2.2.1.2.2.2.2.2.1.2.1",0.447222053113769,FALSE,TRUE,36
"2.3.1.2.3.2.2.2.1.2.2.2.2.1.2.2.2.2.2.1.2.1",0.481589880649264,FALSE,TRUE,37
"2.3.1.2.3.2.2.2.2.2.1.2.2.1.2.2.2.2.2.1.2.1",0.5645522745392,FALSE,TRUE,37
"2.3.1.2.3.2.2.2.2.2.2.1.2.1.2.2.2.2.2.1.2.1",0.563604883662281,FALSE,TRUE,37
"2.3.1.2.3.2.2.2.2.2.2.2.1.1.2.2.2.2.2.1.2.1",0.488092309958302,FALSE,TRUE,37
"2.3.1.2.3.2.2.2.2.2.2.2.2.1.1.2.2.2.2.1.2.1",0.538733473400107,FALSE,TRUE,37
"2.3.1.2.3.2.2.2.2.2.2.2.2.1.2.1.2.2.2.1.2.1",0.433734723412899,FALSE,TRUE,37
"2.3.1.2.3.2.2.2.2.2.2.2.2.1.2.2.1.2.2.1.2.1",0.51914205634382,FALSE,TRUE,37
"2.3.1.2.3.2.2.2.2.2.2.2.2.1.2.2.2.1.2.1.2.1",0.515558371398362,FALSE,TRUE,37
"2.3.1.2.3.2.2.2.2.2.2.2.2.1.2.2.2.2.1.1.2.1",0.502453062084249,FALSE,TRUE,37
"2.3.1.2.3.2.2.2.2.2.2.2.2.1.2.2.2.2.2.1.1.1",0.447927389290566,FALSE,TRUE,37
"3.2.1.2.2.2.2.3.2.2.2.2.2.2.2.2.1.1.2.2.3.2",0.455770068993467,FALSE,TRUE,39
"2.3.1.2.2.2.2.3.2.2.2.2.2.2.2.2.1.1.2.2.3.2",0.53626412843742,FALSE,TRUE,39
"2.2.1.3.2.2.2.3.2.2.2.2.2.2.2.2.1.1.2.2.3.2",0.505092685668789,FALSE,TRUE,39
"2.2.1.2.3.2.2.3.2.2.2.2.2.2.2.2.1.1.2.2.3.2",0.489563503917844,FALSE,TRUE,39
"2.2.1.2.2.3.2.3.2.2.2.2.2.2.2.2.1.1.2.2.3.2",0.472859856667172,FALSE,TRUE,39
"2.2.1.2.2.2.3.3.2.2.2.2.2.2.2.2.1.1.2.2.3.2",0.491642235262794,FALSE,TRUE,39
"2.2.1.2.2.2.2.4.2.2.2.2.2.2.2.2.1.1.2.2.3.2",0.547535571620366,FALSE,TRUE,39
"2.2.1.2.2.2.2.3.3.2.2.2.2.2.2.2.1.1.2.2.3.2",0.518720335278629,FALSE,TRUE,39
"2.2.1.2.2.2.2.3.2.3.2.2.2.2.2.2.1.1.2.2.3.2",0.427878316721262,FALSE,TRUE,39
"2.2.1.2.2.2.2.3.2.2.3.2.2.2.2.2.1.1.2.2.3.2",0.453736527215232,FALSE,TRUE,39
"2.2.1.2.2.2.2.3.2.2.2.3.2.2.2.2.1.1.2.2.3.2",0.439889849897627,FALSE,TRUE,39
"2.2.1.2.2.2.2.3.2.2.2.2.3.2.2.2.1.1.2.2.3.2",0.52652421249496,FALSE,TRUE,39
"2.2.1.2.2.2.2.3.2.2.2.2.2.3.2.2.1.1.2.2.3.2",0.484539091648811,FALSE,TRUE,39
"2.2.1.2.2.2.2.3.2.2.2.2.2.2.3.2.1.1.2.2.3.2",0.471478224218297,FALSE,TRUE,39
"2.2.1.2.2.2.2.3.2.2.2.2.2.2.2.3.1.1.2.2.3.2",0.561305754602188,FALSE,TRUE,39
"2.2.1.2.2.2.2.3.2.2.2.2.2.2.2.2.1.2.2.2.3.2",0.492464387857463,FALSE,TRUE,37
"2.2.1.2.2.2.2.3.2.2.2.2.2.2.2.2.1.1.3.2.3.2",0.495432941848358,FALSE,TRUE,39
"2.2.1.2.2.2.2.3.2.2.2.2.2.2.2.2.1.1.2.3.3.2",0.405762592707471,FALSE,TRUE,39
"2.2.1.2.2.2.2.3.2.2.2.2.2.2.2.2.1.1.2.2.4.2",0.530172485947416,FALSE,TRUE,39
"2.2.1.2.2.2.2.3.2.2.2.2.2.2.2.2.1.1.2.2.3.3",0.462557558716825,FALSE,TRUE,39
"1.2.1.2.2.2.2.3.2.2.2.2.2.2.2.2.1.1.2.2.3.2",0.5229228487831,FALSE,TRUE,38
"2.1.1.2.2.2.2.3.2.2.2.2.2.2.2.2.1.1.2.2.3.2",0.45945814279444,FALSE,TRUE,38
"2.2.1.1.2.2.2.3.2.2.2.2.2.2.2.2.1.1.2.2.3.2",0.482148306061223,FALSE,TRUE,38
"2.2.1.2.1.2.2.3.2.2.2.2.2.2.2.2.1.1.2.2.3.2",0.501320704769645,FALSE,TRUE,38
"2.2.1.2.2.1.2.3.2.2.2.2.2.2.2.2.1.1.2.2.3.2",0.515833697792498,FALSE,TRUE,38
"2.2.1.2.2.2.2.2.2.2.2.2.2.2.2.2.1.1.2.2.3.2",0.444037127541652,FALSE,TRUE,37
"2.2.1.2.2.2.2.3.1.2.2.2.2.2.2.2.1.1.2.2.3.2",0.467469829273437,FALSE,TRUE,38
"2.2.1.2.2.2.2.3.2.1.2.2.2.2.2.2.1.1.2.2.3.2",0.564723850530591,FALSE,TRUE,38
"2.2.1.2.2.2.2.3.2.2.1.2.2.2.2.2.1.1.2.2.3.2",0.536147950834393,FALSE,TRUE,38
"2.2.1.2.2.2.2.3.2.2.2.1.2.2.2.2.1.1.2.2.3.2",0.54708674578685,FALSE,TRUE,38
"2.2.1.2.2.2.2.3.2.2.2.2.1.2.2.2.1.1.2.2.3.2",0.4606499242815,FALSE,TRUE,38
"2.2.1.2.2.2.2.3.2.2.2.2.2.1.2.2.1.1.2.2.3.2",0.498040776066848,FALSE,TRUE,38
"2.2.1.2.2.2.2.3.2.2.2.2.2.2.1.2.1.1.2.2.3.2",0.526318121894573,FALSE,TRUE,38
"2.2.1.2.2.2.2.3.2.2.2.2.2.2.2.1.1.1.2.2.3.2",0.428915023404582,FALSE,TRUE,38
"2.2.1.2.2.2.2.3.2.2.2.2.2.2.2.2.1.1.1.2.3.2",0.498307691336846,FALSE,TRUE,38
"2.2.1.2.2.2.2.3.2.2.2.2.2.2.2.2.1.1.2.1.3.2",0.579764074320746,FALSE,TRUE,38
"2.2.1.2.2.2.2.3.2.2.2.2.2.2.2.2.1.1.2.2.2.2",0.452782316109282,FALSE,TRUE,38
"2.2.1.2.2.2.2.3.2.2.2.2.2.2.2.2.1.1.2.2.3.1",0.532745575095307,FALSE,TRUE,36
"3.2.1.2.2.2.2.3.2.2.2.2.2.2.2.2.2.2.2.2.3.1",0.468236665469475,FALSE,TRUE,39
"2.3.1.2.2.2.2.3.2.2.2.2.2.2.2.2.2.2.2.2.3.1",0.561034299532866,FALSE,TRUE,39
"2.2.2.2.2.2.2.3.2.2.2.2.2.2.2.2.2.2.2.2.3.1",0.551258795936319,FALSE,TRUE,37
"2.2.1.3.2.2.2.3.2.2.2.2.2.2.2.2.2.2.2.2.3.1",0.527146710558329,FALSE,TRUE,39
"2.2.1.2.3.2.2.3.2.2.2.2.2.2.2.2.2.2.2.2.3.1",0.518066028438657,FALSE,TRUE,39
"2.2.1.2.2.3.2.3.2.2.2.2.2.2.2.2.2.2.2.2.3.1",0.489881328481015,FALSE,TRUE,39
"2.2.1.2.2.2.3.3.2.2.2.2.2.2.2.2.2.2.2.2.3.1",0.507981433986227,FALSE,TRUE,39
"2.2.1.2.2.2.2.4.2.2.2.2.2.2.2.2.2.2.2.2.3.1",0.56462253454913,FALSE,TRUE,40
"2.2.1.2.2.2.2.3.3.2.2.2.2.2.2.2.2.2.2.2.3.1",0.541035878344883,FALSE,TRUE,39
"2.2.1.2.2.2.2.3.2.3.2.2.2.2.2.2.2.2.2.2.3.1",0.456886667033575,FALSE,TRUE,39
"2.2.1.2.2.2.2.3.2.2.3.2.2.2.2.2.2.2.2.2.3.1",0.48106115605645,FALSE,TRUE,39
"2.2.1.2.2.2.2.3.2.2.2.3.2.2.2.2.2.2.2.2.3.1",0.464375905659367,FALSE,TRUE,39
"2.2.1.2.2.2.2.3.2.2.2.2.3.2.2.2.2.2.2.2.3.1",0.551341555405114,FALSE,TRUE,37
"2.2.1.2.2.2.2.3.2.2.2.2.2.3.2.2.2.2.2.2.3.1",0.4989110338912,FALSE,TRUE,39
"2.2.1.2.2.2.2.3.2.2.2.2.2.2.3.2.2.2.2.2.3.1",0.492033992126526,FALSE,TRUE,39
"2.2.1.2.2.2.2.3.2.2.2.2.2.2.2.3.2.2.2.2.3.1",0.577443928033448,FALSE,TRUE,39
"2.2.1.2.2.2.2.3.2.2.2.2.2.2.2.2.3.2.2.2.3.1",0.504128415656581,FALSE,TRUE,39
"2.2.1.2.2.2.2.3.2.2.2.2.2.2.2.2.2.2.3.2.3.1",0.509492484087345,FALSE,TRUE,39
"2.2.1.2.2.2.2.3.2.2.2.2.2.2.2.2.2.2.2.3.3.1",0.427456801894625,FALSE,TRUE,39
"2.2.1.2.2.2.2.3.2.2.2.2.2.2.2.2.2.2.2.2.4.1",0.55015636751767,FALSE,TRUE,39
"1.2.1.2.2.2.2.3.2.2.2.2.2.2.2.2.2.2.2.2.3.1",0.558776747506838,FALSE,TRUE,38
"2.1.1.2.2.2.2.3.2.2.2.2.2.2.2.2.2.2.2.2.3.1",0.481771046288421,FALSE,TRUE,38
"2.2.1.1.2.2.2.3.2.2.2.2.2.2.2.2.2.2.2.2.3.1",0.50663171046836,FALSE,TRUE,38
"2.2.1.2.1.2.2.3.2.2.2.2.2.2.2.2.2.2.2.2.3.1",0.520444017169749,FALSE,TRUE,38
"2.2.1.2.2.1.2.3.2.2.2.2.2.2.2.2.2.2.2.2.3.1",0.543915426157307,FALSE,TRUE,38
"2.2.1.2.2.2.1.3.2.2.2.2.2.2.2.2.2.2.2.2.3.1",0.52456007983979,FALSE,TRUE,38
"2.2.1.2.2.2.2.3.1.2.2.2.2.2.2.2.2.2.2.2.3.1",0.491508071325028,FALSE,TRUE,37
"2.2.1.2.2.2.2.3.2.1.2.2.2.2.2.2.2.2.2.2.3.1",0.585716365479762,FALSE,TRUE,38
"2.2.1.2.2.2.2.3.2.2.1.2.2.2.2.2.2.2.2.2.3.1",0.553488820926599,FALSE,TRUE,38
"2.2.1.2.2.2.2.3.2.2.2.1.2.2.2.2.2.2.2.2.3.1",0.570808642050093,FALSE,TRUE,38
"2.2.1.2.2.2.2.3.2.2.2.2.1.2.2.2.2.2.2.2.3.1",0.483231056499005,FALSE,TRUE,38
"2.2.1.2.2.2.2.3.2.2.2.2.2.2.1.2.2.2.2.2.3.1",0.547961509475538,FALSE,TRUE,38
"2.2.1.2.2.2.2.3.2.2.2.2.2.2.2.2.1.2.2.2.3.1",0.528205951177788,FALSE,TRUE,36
"2.2.1.2.2.2.2.3.2.2.2.2.2.2.2.2.2.1.2.2.3.1",0.540142567743473,FALSE,TRUE,36
"2.2.1.2.2.2.2.3.2.2.2.2.2.2.2.2.2.2.1.2.3.1",0.52806490835608,FALSE,TRUE,38
"2.2.1.2.2.2.2.3.2.2.2.2.2.2.2.2.2.2.2.1.3.1",0.602938999887642,FALSE,TRUE,38
"2.2.1.2.2.2.2.3.2.2.2.2.2.2.2.2.2.2.2.2.2.1",0.479536216364697,FALSE,TRUE,35
"3.2.2.1.2.2.2.3.2.2.2.1.2.2.2.2.2.2.2.2.2.2",0.456545554791068,FALSE,TRUE,40
"2.3.2.1.2.2.2.3.2.2.2.1.2.2.2.2.2.2.2.2.2.2",0.525518358599717,FALSE,TRUE,40
"2.2.3.1.2.2.2.3.2.2.2.1.2.2.2.2.2.2.2.2.2.2",0.511097458448394,FALSE,TRUE,40
"2.2.2.1.3.2.2.3.2.2.2.1.2.2.2.2.2.2.2.2.2.2",0.481123466649604,FALSE,TRUE,40
"2.2.2.1.2.3.2.3.2.2.2.1.2.2.2.2.2.2.2.2.2.2",0.46644266270957,FALSE,TRUE,40
"2.2.2.1.2.2.3.3.2.2.2.1.2.2.2.2.2.2.2.2.2.2",0.479394788488793,FALSE,TRUE,40
"2.2.2.1.2.2.2.4.2.2.2.1.2.2.2.2.2.2.2.2.2.2",0.51823127139994,FALSE,TRUE,40
"2.2.2.1.2.2.2.3.3.2.2.1.2.2.2.2.2.2.2.2.2.2",0.504860910975807,FALSE,TRUE,40
"2.2.2.1.2.2.2.3.2.3.2.1.2.2.2.2.2.2.2.2.2.2",0.412948017636217,FALSE,TRUE,40
"2.2.2.1.2.2.2.3.2.2.3.1.2.2.2.2.2.2.2.2.2.2",0.460834596306371,FALSE,TRUE,40
"2.2.2.1.2.2.2.3.2.2.2.1.3.2.2.2.2.2.2.2.2.2",0.492196013497626,FALSE,TRUE,40
"2.2.2.1.2.2.2.3.2.2.2.1.2.3.2.2.2.2.2.2.2.2",0.483000572000595,FALSE,TRUE,40
"2.2.2.1.2.2.2.3.2.2.2.1.2.2.3.2.2.2.2.2.2.2",0.465991192738015,FALSE,TRUE,40
"2.2.2.1.2.2.2.3.2.2.2.1.2.2.2.3.2.2.2.2.2.2",0.535800732177313,FALSE,TRUE,40
"2.2.2.1.2.2.2.3.2.2.2.1.2.2.2.2.3.2.2.2.2.2",0.451468611770962,FALSE,TRUE,40
"2.2.2.1.2.2.2.3.2.2.2.1.2.2.2.2.2.3.2.2.2.2",0.471183507100371,FALSE,TRUE,40
"2.2.2.1.2.2.2.3.2.2.2.1.2.2.2.2.2.2.3.2.2.2",0.498043241744651,FALSE,TRUE,39
"2.2.2.1.2.2.2.3.2.2.2.1.2.2.2.2.2.2.2.3.2.2",0.395021132594011,FALSE,TRUE,40
"2.2.2.1.2.2.2.3.2.2.2.1.2.2.2.2.2.2.2.2.3.2",0.54263709132609,FALSE,TRUE,40
"2.2.2.1.2.2.2.3.2.2.2.1.2.2.2.2.2.2.2.2.2.3",0.428709770315299,FALSE,TRUE,40
"1.2.2.1.2.2.2.3.2.2.2.1.2.2.2.2.2.2.2.2.2.2",0.50638061843784,FALSE,TRUE,39
"2.1.2.1.2.2.2.3.2.2.2.1.2.2.2.2.2.2.2.2.2.2",0.451202008999968,FALSE,TRUE,39
"2.2.1.1.2.2.2.3.2.2.2.1.2.2.2.2.2.2.2.2.2.2",0.441164042388269,FALSE,TRUE,39
"2.2.2.1.1.2.2.3.2.2.2.1.2.2.2.2.2.2.2.2.2.2",0.489602088945546,FALSE,TRUE,39
"2.2.2.1.2.1.2.3.2.2.2.1.2.2.2.2.2.2.2.2.2.2",0.497593894042799,FALSE,TRUE,39
"2.2.2.1.2.2.1.3.2.2.2.1.2.2.2.2.2.2.2.2.2.2",0.487107255165434,FALSE,TRUE,39
"2.2.2.1.2.2.2.2.2.2.2.1.2.2.2.2.2.2.2.2.2.2",0.449653290657526,FALSE,TRUE,39
"2.2.2.1.2.2.2.3.1.2.2.1.2.2.2.2.2.2.2.2.2.2",0.460985946183481,FALSE,TRUE,39
"2.2.2.1.2.2.2.3.2.1.2.1.2.2.2.2.2.2.2.2.2.2",0.566519764125669,FALSE,TRUE,39
"2.2.2.1.2.2.2.3.2.2.1.1.2.2.2.2.2.2.2.2.2.2",0.505785561660941,FALSE,TRUE,39
"2.2.2.1.2.2.2.3.2.2.2.1.1.2.2.2.2.2.2.2.2.2",0.47454823352965,FALSE,TRUE,39
"2.2.2.1.2.2.2.3.2.2.2.1.2.1.2.2.2.2.2.2.2.2",0.480249602804616,FALSE,TRUE,39
"2.2.2.1.2.2.2.3.2.2.2.1.2.2.1.2.2.2.2.2.2.2",0.505651561426247,FALSE,TRUE,39
"2.2.2.1.2.2.2.3.2.2.2.1.2.2.2.1.2.2.2.2.2.2",0.429191490157904,FALSE,TRUE,39
"2.2.2.1.2.2.2.3.2.2.2.1.2.2.2.2.1.2.2.2.2.2",0.517499349767451,FALSE,TRUE,39
"2.2.2.1.2.2.2.3.2.2.2.1.2.2.2.2.2.1.2.2.2.2",0.502633042717708,FALSE,TRUE,38
"2.2.2.1.2.2.2.3.2.2.2.1.2.2.2.2.2.2.1.2.2.2",0.473806549749557,FALSE,TRUE,39
"2.2.2.1.2.2.2.3.2.2.2.1.2.2.2.2.2.2.2.1.2.2",0.565987028125143,FALSE,TRUE,39
"2.2.2.1.2.2.2.3.2.2.2.1.2.2.2.2.2.2.2.2.1.2",0.415716782718459,FALSE,TRUE,39
"2.2.2.1.2.2.2.3.2.2.2.1.2.2.2.2.2.2.2.2.2.1",0.543335122865806,FALSE,TRUE,39
"3.3.1.1.2.2.2.1.2.2.2.2.2.1.2.2.2.2.2.2.2.1",0.322619302375896,FALSE,TRUE,37
"2.4.1.1.2.2.2.1.2.2.2.2.2.1.2.2.2.2.2.2.2.1",0.39200319851437,FALSE,TRUE,37
"2.3.2.1.2.2.2.1.2.2.2.2.2.1.2.2.2.2.2.2.2.1",0.396209531292288,FALSE,TRUE,37
"2.3.1.1.3.2.2.1.2.2.2.2.2.1.2.2.2.2.2.2.2.1",0.342856250718764,FALSE,TRUE,37
"2.3.1.1.2.3.2.1.2.2.2.2.2.1.2.2.2.2.2.2.2.1",0.344584289225682,FALSE,TRUE,37
"2.3.1.1.2.2.3.1.2.2.2.2.2.1.2.2.2.2.2.2.2.1",0.341040032011271,FALSE,TRUE,37
"2.3.1.1.2.2.2.1.3.2.2.2.2.1.2.2.2.2.2.2.2.1",0.370842254403881,FALSE,TRUE,37
"2.3.1.1.2.2.2.1.2.3.2.2.2.1.2.2.2.2.2.2.2.1",0.275589099302574,FALSE,TRUE,37
"2.3.1.1.2.2.2.1.2.2.3.2.2.1.2.2.2.2.2.2.2.1",0.310111811616063,FALSE,TRUE,37
"2.3.1.1.2.2.2.1.2.2.2.3.2.1.2.2.2.2.2.2.2.1",0.291029439781743,FALSE,TRUE,37
"2.3.1.1.2.2.2.1.2.2.2.2.3.1.2.2.2.2.2.2.2.1",0.355574540576045,FALSE,TRUE,37
"2.3.1.1.2.2.2.1.2.2.2.2.2.2.2.2.2.2.2.2.2.1",0.383582003780269,FALSE,TRUE,38
"2.3.1.1.2.2.2.1.2.2.2.2.2.1.3.2.2.2.2.2.2.1",0.337894387123763,FALSE,TRUE,37
"2.3.1.1.2.2.2.1.2.2.2.2.2.1.2.3.2.2.2.2.2.1",0.426314637780711,FALSE,TRUE,37
"2.3.1.1.2.2.2.1.2.2.2.2.2.1.2.2.3.2.2.2.2.1",0.333021257738057,FALSE,TRUE,37
"2.3.1.1.2.2.2.1.2.2.2.2.2.1.2.2.2.3.2.2.2.1",0.351215930047445,FALSE,TRUE,37
"2.3.1.1.2.2.2.1.2.2.2.2.2.1.2.2.2.2.3.2.2.1",0.369193396183384,FALSE,TRUE,37
"2.3.1.1.2.2.2.1.2.2.2.2.2.1.2.2.2.2.2.3.2.1",0.263977059798176,FALSE,TRUE,37
"2.3.1.1.2.2.2.1.2.2.2.2.2.1.2.2.2.2.2.2.3.1",0.418006440802511,FALSE,TRUE,37
"2.3.1.1.2.2.2.1.2.2.2.2.2.1.2.2.2.2.2.2.2.2",0.302786932006913,FALSE,TRUE,38
"1.3.1.1.2.2.2.1.2.2.2.2.2.1.2.2.2.2.2.2.2.1",0.368230719152848,FALSE,TRUE,36
"2.2.1.1.2.2.2.1.2.2.2.2.2.1.2.2.2.2.2.2.2.1",0.316231516112709,FALSE,TRUE,36
"2.3.1.1.1.2.2.1.2.2.2.2.2.1.2.2.2.2.2.2.2.1",0.35725837534835,FALSE,TRUE,36
"2.3.1.1.2.1.2.1.2.2.2.2.2.1.2.2.2.2.2.2.2.1",0.353360365127282,FALSE,TRUE,36
"2.3.1.1.2.2.1.1.2.2.2.2.2.1.2.2.2.2.2.2.2.1",0.364692073049086,FALSE,TRUE,36
"2.3.1.1.2.2.2.1.1.2.2.2.2.1.2.2.2.2.2.2.2.1",0.327075402635471,FALSE,TRUE,36
"2.3.1.1.2.2.2.1.2.1.2.2.2.1.2.2.2.2.2.2.2.1",0.428960705272822,FALSE,TRUE,36
"2.3.1.1.2.2.2.1.2.2.1.2.2.1.2.2.2.2.2.2.2.1",0.395049043095775,FALSE,TRUE,36
"2.3.1.1.2.2.2.1.2.2.2.1.2.1.2.2.2.2.2.2.2.1",0.4063744781227,FALSE,TRUE,36
"2.3.1.1.2.2.2.1.2.2.2.2.1.1.2.2.2.2.2.2.2.1",0.345962595331313,FALSE,TRUE,36
"2.3.1.1.2.2.2.1.2.2.2.2.2.1.1.2.2.2.2.2.2.1",0.362533073885439,FALSE,TRUE,36
"2.3.1.1.2.2.2.1.2.2.2.2.2.1.2.1.2.2.2.2.2.1",0.283659563086162,FALSE,TRUE,36
"2.3.1.1.2.2.2.1.2.2.2.2.2.1.2.2.1.2.2.2.2.1",0.372384740952585,FALSE,TRUE,36
"2.3.1.1.2.2.2.1.2.2.2.2.2.1.2.2.2.1.2.2.2.1",0.359767404207742,FALSE,TRUE,36
"2.3.1.1.2.2.2.1.2.2.2.2.2.1.2.2.2.2.1.2.2.1",0.33672877197296,FALSE,TRUE,36
"2.3.1.1.2.2.2.1.2.2.2.2.2.1.2.2.2.2.2.1.2.1",0.427649391567342,FALSE,TRUE,35
"2.3.1.1.2.2.2.1.2.2.2.2.2.1.2.2.2.2.2.2.1.1",0.272557083882977,FALSE,TRUE,36
"3.2.1.2.2.2.2.2.1.2.2.1.2.1.2.2.2.2.2.2.2.1",0.384888161754552,FALSE,TRUE,37
"2.3.1.2.2.2.2.2.1.2.2.1.2.1.2.2.2.2.2.2.2.1",0.471140724530932,FALSE,TRUE,36
"2.2.2.2.2.2.2.2.1.2.2.1.2.1.2.2.2.2.2.2.2.1",0.496158972132292,FALSE,TRUE,38
"2.2.1.3.2.2.2.2.1.2.2.1.2.1.2.2.2.2.2.2.2.1",0.456768224164182,FALSE,TRUE,37
"2.2.1.2.3.2.2.2.1.2.2.1.2.1.2.2.2.2.2.2.2.1",0.432174712130519,FALSE,TRUE,37
"2.2.1.2.2.3.2.2.1.2.2.1.2.1.2.2.2.2.2.2.2.1",0.4253825730209,FALSE,TRUE,37
"2.2.1.2.2.2.3.2.1.2.2.1.2.1.2.2.2.2.2.2.2.1",0.422234686728565,FALSE,TRUE,37
"2.2.1.2.2.2.2.3.1.2.2.1.2.1.2.2.2.2.2.2.2.1",0.482060403361178,FALSE,TRUE,37
"2.2.1.2.2.2.2.2.1.3.2.1.2.1.2.2.2.2.2.2.2.1",0.353109925300573,FALSE,TRUE,37
"2.2.1.2.2.2.2.2.1.2.3.1.2.1.2.2.2.2.2.2.2.1",0.384858424602361,FALSE,TRUE,37
"2.2.1.2.2.2.2.2.1.2.2.1.3.1.2.2.2.2.2.2.2.1",0.443661052130895,FALSE,TRUE,37
"2.2.1.2.2.2.2.2.1.2.2.1.2.2.2.2.2.2.2.2.2.1",0.442062993852925,FALSE,TRUE,38
"2.2.1.2.2.2.2.2.1.2.2.1.2.1.3.2.2.2.2.2.2.1",0.39105778199394,FALSE,TRUE,37
"2.2.1.2.2.2.2.2.1.2.2.1.2.1.2.3.2.2.2.2.2.1",0.492283874294368,FALSE,TRUE,37
"2.2.1.2.2.2.2.2.1.2.2.1.2.1.2.2.3.2.2.2.2.1",0.407486205537296,FALSE,TRUE,36
"2.2.1.2.2.2.2.2.1.2.2.1.2.1.2.2.2.2.3.2.2.1",0.444803087726831,FALSE,TRUE,36
"2.2.1.2.2.2.2.2.1.2.2.1.2.1.2.2.2.2.2.3.2.1",0.346147212241711,FALSE,TRUE,37
"2.2.1.2.2.2.2.2.1.2.2.1.2.1.2.2.2.2.2.2.3.1",0.491852358451224,FALSE,TRUE,36
"2.2.1.2.2.2.2.2.1.2.2.1.2.1.2.2.2.2.2.2.2.2",0.38388341919557,FALSE,TRUE,38
"1.2.1.2.2.2.2.2.1.2.2.1.2.1.2.2.2.2.2.2.2.1",0.455400772285985,FALSE,TRUE,36
"2.1.1.2.2.2.2.2.1.2.2.1.2.1.2.2.2.2.2.2.2.1",0.383175245058114,FALSE,TRUE,36
"2.2.1.1.2.2.2.2.1.2.2.1.2.1.2.2.2.2.2.2.2.1",0.389922587314674,FALSE,TRUE,36
"2.2.1.2.1.2.2.2.1.2.2.1.2.1.2.2.2.2.2.2.2.1",0.415464334648057,FALSE,TRUE,36
"2.2.1.2.2.1.2.2.1.2.2.1.2.1.2.2.2.2.2.2.2.1",0.419532913476567,FALSE,TRUE,36
"2.2.1.2.2.2.1.2.1.2.2.1.2.1.2.2.2.2.2.2.2.1",0.425929849128168,FALSE,TRUE,36
"2.2.1.2.2.2.2.1.1.2.2.1.2.1.2.2.2.2.2.2.2.1",0.370151540712392,FALSE,TRUE,36
"2.2.1.2.2.2.2.2.1.1.2.1.2.1.2.2.2.2.2.2.2.1",0.499807665392718,FALSE,TRUE,36
"2.2.1.2.2.2.2.2.1.2.1.1.2.1.2.2.2.2.2.2.2.1",0.464853057336862,FALSE,TRUE,36
"2.2.1.2.2.2.2.2.1.2.2.1.1.1.2.2.2.2.2.2.2.1",0.403257604832663,FALSE,TRUE,36
"2.2.1.2.2.2.2.2.1.2.2.1.2.1.1.2.2.2.2.2.2.1",0.45558207110913,FALSE,TRUE,36
"2.2.1.2.2.2.2.2.1.2.2.1.2.1.2.1.2.2.2.2.2.1",0.361914606850053,FALSE,TRUE,36
"2.2.1.2.2.2.2.2.1.2.2.1.2.1.2.2.1.2.2.2.2.1",0.443415743648908,FALSE,TRUE,36
"2.2.1.2.2.2.2.2.1.2.2.1.2.1.2.2.2.1.2.2.2.1",0.426787480796548,FALSE,TRUE,36
"2.2.1.2.2.2.2.2.1.2.2.1.2.1.2.2.2.2.1.2.2.1",0.40580165518275,FALSE,TRUE,36
"2.2.1.2.2.2.2.2.1.2.2.1.2.1.2.2.2.2.2.1.2.1",0.492503434816442,FALSE,TRUE,36
"2.2.1.2.2.2.2.2.1.2.2.1.2.1.2.2.2.2.2.2.1.1",0.345029176463359,FALSE,TRUE,36
"3.2.2.3.2.2.2.3.2.2.2.2.1.2.2.2.2.2.3.2.2.2",0.333599765727618,FALSE,TRUE,41
"2.3.2.3.2.2.2.3.2.2.2.2.1.2.2.2.2.2.3.2.2.2",0.434655163894782,FALSE,TRUE,41
"2.2.3.3.2.2.2.3.2.2.2.2.1.2.2.2.2.2.3.2.2.2",0.388613140671453,FALSE,TRUE,41
"2.2.2.4.2.2.2.3.2.2.2.2.1.2.2.2.2.2.3.2.2.2",0.379596251954973,FALSE,TRUE,42
"2.2.2.3.3.2.2.3.2.2.2.2.1.2.2.2.2.2.3.2.2.2",0.385704658592363,FALSE,TRUE,41
"2.2.2.3.2.3.2.3.2.2.2.2.1.2.2.2.2.2.3.2.2.2",0.377225827693885,FALSE,TRUE,40
"2.2.2.3.2.2.3.3.2.2.2.2.1.2.2.2.2.2.3.2.2.2",0.39671556623301,FALSE,TRUE,41
"2.2.2.3.2.2.2.4.2.2.2.2.1.2.2.2.2.2.3.2.2.2",0.44925867761903,FALSE,TRUE,41
"2.2.2.3.2.2.2.3.3.2.2.2.1.2.2.2.2.2.3.2.2.2",0.390553422068202,FALSE,TRUE,41
"2.2.2.3.2.2.2.3.2.3.2.2.1.2.2.2.2.2.3.2.2.2",0.3416675010491,FALSE,TRUE,41
"2.2.2.3.2.2.2.3.2.2.3.2.1.2.2.2.2.2.3.2.2.2",0.348814737810566,FALSE,TRUE,41
"2.2.2.3.2.2.2.3.2.2.2.3.1.2.2.2.2.2.3.2.2.2",0.341497424822161,FALSE,TRUE,41
"2.2.2.3.2.2.2.3.2.2.2.2.1.3.2.2.2.2.3.2.2.2",0.385834724631383,FALSE,TRUE,41
"2.2.2.3.2.2.2.3.2.2.2.2.1.2.3.2.2.2.3.2.2.2",0.389811842490234,FALSE,TRUE,41
"2.2.2.3.2.2.2.3.2.2.2.2.1.2.2.3.2.2.3.2.2.2",0.451899588881729,FALSE,TRUE,41
"2.2.2.3.2.2.2.3.2.2.2.2.1.2.2.2.3.2.3.2.2.2",0.388058146184617,FALSE,TRUE,41
"2.2.2.3.2.2.2.3.2.2.2.2.1.2.2.2.2.3.3.2.2.2",0.378453186015659,FALSE,TRUE,41
"2.2.2.3.2.2.2.3.2.2.2.2.1.2.2.2.2.2.4.2.2.2",0.373176373484866,FALSE,TRUE,41
"2.2.2.3.2.2.2.3.2.2.2.2.1.2.2.2.2.2.3.3.2.2",0.304323045747517,FALSE,TRUE,41
"2.2.2.3.2.2.2.3.2.2.2.2.1.2.2.2.2.2.3.2.3.2",0.418788078069188,FALSE,TRUE,41
"2.2.2.3.2.2.2.3.2.2.2.2.1.2.2.2.2.2.3.2.2.3",0.371376766125029,FALSE,TRUE,41
"1.2.2.3.2.2.2.3.2.2.2.2.1.2.2.2.2.2.3.2.2.2",0.460329616179462,FALSE,TRUE,40
"2.1.2.3.2.2.2.3.2.2.2.2.1.2.2.2.2.2.3.2.2.2",0.369418337740759,FALSE,TRUE,40
"2.2.1.3.2.2.2.3.2.2.2.2.1.2.2.2.2.2.3.2.2.2",0.390834713310804,FALSE,TRUE,40
"2.2.2.3.1.2.2.3.2.2.2.2.1.2.2.2.2.2.3.2.2.2",0.414074844083959,FALSE,TRUE,40
"2.2.2.3.2.1.2.3.2.2.2.2.1.2.2.2.2.2.3.2.2.2",0.426375474900111,FALSE,TRUE,40
"2.2.2.3.2.2.1.3.2.2.2.2.1.2.2.2.2.2.3.2.2.2",0.397081445841578,FALSE,TRUE,40
"2.2.2.3.2.2.2.2.2.2.2.2.1.2.2.2.2.2.3.2.2.2",0.352817584962316,FALSE,TRUE,41
"2.2.2.3.2.2.2.3.1.2.2.2.1.2.2.2.2.2.3.2.2.2",0.401705109689395,FALSE,TRUE,40
"2.2.2.3.2.2.2.3.2.1.2.2.1.2.2.2.2.2.3.2.2.2",0.462713974587644,FALSE,TRUE,40
"2.2.2.3.2.2.2.3.2.2.1.2.1.2.2.2.2.2.3.2.2.2",0.450092584282243,FALSE,TRUE,40
"2.2.2.3.2.2.2.3.2.2.2.1.1.2.2.2.2.2.3.2.2.2",0.458492219197362,FALSE,TRUE,40
"2.2.2.3.2.2.2.3.2.2.2.2.1.1.2.2.2.2.3.2.2.2",0.415577044678104,FALSE,TRUE,40
"2.2.2.3.2.2.2.3.2.2.2.2.1.2.1.2.2.2.3.2.2.2",0.416445754702607,FALSE,TRUE,40
"2.2.2.3.2.2.2.3.2.2.2.2.1.2.2.1.2.2.3.2.2.2",0.337903705410834,FALSE,TRUE,40
"2.2.2.3.2.2.2.3.2.2.2.2.1.2.2.2.1.2.3.2.2.2",0.407946751122653,FALSE,TRUE,40
"2.2.2.3.2.2.2.3.2.2.2.2.1.2.2.2.2.1.3.2.2.2",0.422846415140079,FALSE,TRUE,40
"2.2.2.3.2.2.2.3.2.2.2.2.1.2.2.2.2.2.2.2.2.2",0.432535366626234,FALSE,TRUE,40
"2.2.2.3.2.2.2.3.2.2.2.2.1.2.2.2.2.2.3.1.2.2",0.49578847843123,FALSE,TRUE,40
"2.2.2.3.2.2.2.3.2.2.2.2.1.2.2.2.2.2.3.2.1.2",0.379155052648196,FALSE,TRUE,40
"2.2.2.3.2.2.2.3.2.2.2.2.1.2.2.2.2.2.3.2.2.1",0.432565527071963,FALSE,TRUE,40
"3.2.2.2.1.2.2.2.2.2.2.2.2.2.2.2.2.3.2.2.3.1",0.404873202582324,FALSE,TRUE,39
"2.3.2.2.1.2.2.2.2.2.2.2.2.2.2.2.2.3.2.2.3.1",0.524505782274721,FALSE,TRUE,39
"2.2.3.2.1.2.2.2.2.2.2.2.2.2.2.2.2.3.2.2.3.1",0.481066908083446,FALSE,TRUE,39
"2.2.2.3.1.2.2.2.2.2.2.2.2.2.2.2.2.3.2.2.3.1",0.474832072350659,FALSE,TRUE,39
"2.2.2.2.1.3.2.2.2.2.2.2.2.2.2.2.2.3.2.2.3.1",0.434194406000605,FALSE,TRUE,39
"2.2.2.2.1.2.3.2.2.2.2.2.2.2.2.2.2.3.2.2.3.1",0.466741805405143,FALSE,TRUE,39
"2.2.2.2.1.2.2.3.2.2.2.2.2.2.2.2.2.3.2.2.3.1",0.527464958436298,FALSE,TRUE,38
"2.2.2.2.1.2.2.2.3.2.2.2.2.2.2.2.2.3.2.2.3.1",0.492475848419175,FALSE,TRUE,39
"2.2.2.2.1.2.2.2.2.3.2.2.2.2.2.2.2.3.2.2.3.1",0.422510362153151,FALSE,TRUE,39
"2.2.2.2.1.2.2.2.2.2.3.2.2.2.2.2.2.3.2.2.3.1",0.431163820099102,FALSE,TRUE,39
"2.2.2.2.1.2.2.2.2.2.2.3.2.2.2.2.2.3.2.2.3.1",0.39475978250091,FALSE,TRUE,39
"2.2.2.2.1.2.2.2.2.2.2.2.3.2.2.2.2.3.2.2.3.1",0.51178915566198,FALSE,TRUE,39
"2.2.2.2.1.2.2.2.2.2.2.2.2.3.2.2.2.3.2.2.3.1",0.441535873564557,FALSE,TRUE,39
"2.2.2.2.1.2.2.2.2.2.2.2.2.2.3.2.2.3.2.2.3.1",0.459747277011909,FALSE,TRUE,39
"2.2.2.2.1.2.2.2.2.2.2.2.2.2.2.3.2.3.2.2.3.1",0.516824573419661,FALSE,TRUE,39
"2.2.2.2.1.2.2.2.2.2.2.2.2.2.2.2.3.3.2.2.3.1",0.450485463467199,FALSE,TRUE,39
"2.2.2.2.1.2.2.2.2.2.2.2.2.2.2.2.2.4.2.2.3.1",0.434232812455167,FALSE,TRUE,39
"2.2.2.2.1.2.2.2.2.2.2.2.2.2.2.2.2.3.3.2.3.1",0.45070069824717,FALSE,TRUE,39
"2.2.2.2.1.2.2.2.2.2.2.2.2.2.2.2.2.3.2.3.3.1",0.369834628666557,FALSE,TRUE,39
"2.2.2.2.1.2.2.2.2.2.2.2.2.2.2.2.2.3.2.2.4.1",0.483072974586292,FALSE,TRUE,40
"2.2.2.2.1.2.2.2.2.2.2.2.2.2.2.2.2.3.2.2.3.2",0.424365766435853,FALSE,TRUE,40
"1.2.2.2.1.2.2.2.2.2.2.2.2.2.2.2.2.3.2.2.3.1",0.521106485095784,FALSE,TRUE,38
"2.1.2.2.1.2.2.2.2.2.2.2.2.2.2.2.2.3.2.2.3.1",0.42003159347645,FALSE,TRUE,38
"2.2.2.1.1.2.2.2.2.2.2.2.2.2.2.2.2.3.2.2.3.1",0.46170789306582,FALSE,TRUE,38
"2.2.2.2.1.1.2.2.2.2.2.2.2.2.2.2.2.3.2.2.3.1",0.4989629419528,FALSE,TRUE,38
"2.2.2.2.1.2.1.2.2.2.2.2.2.2.2.2.2.3.2.2.3.1",0.465393742893478,FALSE,TRUE,38
"2.2.2.2.1.2.2.1.2.2.2.2.2.2.2.2.2.3.2.2.3.1",0.406723146374228,FALSE,TRUE,38
"2.2.2.2.1.2.2.2.1.2.2.2.2.2.2.2.2.3.2.2.3.1",0.441679300543111,FALSE,TRUE,38
"2.2.2.2.1.2.2.2.2.1.2.2.2.2.2.2.2.3.2.2.3.1",0.520110562084057,FALSE,TRUE,38
"2.2.2.2.1.2.2.2.2.2.1.2.2.2.2.2.2.3.2.2.3.1",0.503615275099593,FALSE,TRUE,38
"2.2.2.2.1.2.2.2.2.2.2.1.2.2.2.2.2.3.2.2.3.1",0.542272217439481,FALSE,TRUE,38
"2.2.2.2.1.2.2.2.2.2.2.2.1.2.2.2.2.3.2.2.3.1",0.424782115401519,FALSE,TRUE,38
"2.2.2.2.1.2.2.2.2.2.2.2.2.1.2.2.2.3.2.2.3.1",0.490171655173894,FALSE,TRUE,38
"2.2.2.2.1.2.2.2.2.2.2.2.2.2.1.2.2.3.2.2.3.1",0.479113212148446,FALSE,TRUE,38
"2.2.2.2.1.2.2.2.2.2.2.2.2.2.2.1.2.3.2.2.3.1",0.416748218245355,FALSE,TRUE,38
"2.2.2.2.1.2.2.2.2.2.2.2.2.2.2.2.1.3.2.2.3.1",0.481194878176555,FALSE,TRUE,38
"2.2.2.2.1.2.2.2.2.2.2.2.2.2.2.2.2.2.2.2.3.1",0.507193353803276,FALSE,TRUE,38
"2.2.2.2.1.2.2.2.2.2.2.2.2.2.2.2.2.3.1.2.3.1",0.488335579564664,FALSE,TRUE,38
"2.2.2.2.1.2.2.2.2.2.2.2.2.2.2.2.2.3.2.1.3.1",0.560840612352362,FALSE,TRUE,38
"3.2.2.2.2.2.2.3.2.2.2.2.1.2.2.2.1.1.2.2.3.2",0.42573000968414,FALSE,TRUE,39
"2.3.2.2.2.2.2.3.2.2.2.2.1.2.2.2.1.1.2.2.3.2",0.525426496712097,FALSE,TRUE,39
"2.2.3.2.2.2.2.3.2.2.2.2.1.2.2.2.1.1.2.2.3.2",0.489170126856511,FALSE,TRUE,39
"2.2.2.3.2.2.2.3.2.2.2.2.1.2.2.2.1.1.2.2.3.2",0.471300573956683,FALSE,TRUE,39
"2.2.2.2.3.2.2.3.2.2.2.2.1.2.2.2.1.1.2.2.3.2",0.462095923055259,FALSE,TRUE,39
"2.2.2.2.2.3.2.3.2.2.2.2.1.2.2.2.1.1.2.2.3.2",0.464148140359265,FALSE,TRUE,39
"2.2.2.2.2.2.3.3.2.2.2.2.1.2.2.2.1.1.2.2.3.2",0.482813216487055,FALSE,TRUE,39
"2.2.2.2.2.2.2.4.2.2.2.2.1.2.2.2.1.1.2.2.3.2",0.543178600300192,FALSE,TRUE,39
"2.2.2.2.2.2.2.3.3.2.2.2.1.2.2.2.1.1.2.2.3.2",0.49506520248999,FALSE,TRUE,39
"2.2.2.2.2.2.2.3.2.3.2.2.1.2.2.2.1.1.2.2.3.2",0.420815136393848,FALSE,TRUE,39
"2.2.2.2.2.2.2.3.2.2.3.2.1.2.2.2.1.1.2.2.3.2",0.432067807974217,FALSE,TRUE,39
"2.2.2.2.2.2.2.3.2.2.2.3.1.2.2.2.1.1.2.2.3.2",0.415926566572874,FALSE,TRUE,39
"2.2.2.2.2.2.2.3.2.2.2.2.1.3.2.2.1.1.2.2.3.2",0.464902331356633,FALSE,TRUE,39
"2.2.2.2.2.2.2.3.2.2.2.2.1.2.3.2.1.1.2.2.3.2",0.468675355070051,FALSE,TRUE,39
"2.2.2.2.2.2.2.3.2.2.2.2.1.2.2.3.1.1.2.2.3.2",0.541212832132926,FALSE,TRUE,39
"2.2.2.2.2.2.2.3.2.2.2.2.1.2.2.2.1.2.2.2.3.2",0.467490513850723,FALSE,TRUE,40
"2.2.2.2.2.2.2.3.2.2.2.2.1.2.2.2.1.1.3.2.3.2",0.465223676130992,FALSE,TRUE,39
"2.2.2.2.2.2.2.3.2.2.2.2.1.2.2.2.1.1.2.3.3.2",0.392479624300388,FALSE,TRUE,39
"2.2.2.2.2.2.2.3.2.2.2.2.1.2.2.2.1.1.2.2.4.2",0.501343247118994,FALSE,TRUE,39
"2.2.2.2.2.2.2.3.2.2.2.2.1.2.2.2.1.1.2.2.3.3",0.453898995056599,FALSE,TRUE,39
"1.2.2.2.2.2.2.3.2.2.2.2.1.2.2.2.1.1.2.2.3.2",0.529990796583508,FALSE,TRUE,38
"2.1.2.2.2.2.2.3.2.2.2.2.1.2.2.2.1.1.2.2.3.2",0.444782759312975,FALSE,TRUE,38
"2.2.2.1.2.2.2.3.2.2.2.2.1.2.2.2.1.1.2.2.3.2",0.490639115879101,FALSE,TRUE,38
"2.2.2.2.1.2.2.3.2.2.2.2.1.2.2.2.1.1.2.2.3.2",0.502298777832175,FALSE,TRUE,38
"2.2.2.2.2.1.2.3.2.2.2.2.1.2.2.2.1.1.2.2.3.2",0.501733391953425,FALSE,TRUE,38
"2.2.2.2.2.2.2.2.2.2.2.2.1.2.2.2.1.1.2.2.3.2",0.423575708843131,FALSE,TRUE,39
"2.2.2.2.2.2.2.3.1.2.2.2.1.2.2.2.1.1.2.2.3.2",0.465421148375335,FALSE,TRUE,38
"2.2.2.2.2.2.2.3.2.1.2.2.1.2.2.2.1.1.2.2.3.2",0.54425986027695,FALSE,TRUE,38
"2.2.2.2.2.2.2.3.2.2.1.2.1.2.2.2.1.1.2.2.3.2",0.533333245986018,FALSE,TRUE,38
"2.2.2.2.2.2.2.3.2.2.2.1.1.2.2.2.1.1.2.2.3.2",0.546000058860664,FALSE,TRUE,38
"2.2.2.2.2.2.2.3.2.2.2.2.1.1.2.2.1.1.2.2.3.2",0.494657993140946,FALSE,TRUE,38
"2.2.2.2.2.2.2.3.2.2.2.2.1.2.1.2.1.1.2.2.3.2",0.507566269603784,FALSE,TRUE,38
"2.2.2.2.2.2.2.3.2.2.2.2.1.2.2.1.1.1.2.2.3.2",0.416591570184537,FALSE,TRUE,38
"2.2.2.2.2.2.2.3.2.2.2.2.1.2.2.2.1.1.1.2.3.2",0.505526066915646,FALSE,TRUE,38
"2.2.2.2.2.2.2.3.2.2.2.2.1.2.2.2.1.1.2.1.3.2",0.571077297736984,FALSE,TRUE,38
"2.2.2.2.2.2.2.3.2.2.2.2.1.2.2.2.1.1.2.2.2.2",0.459114716492973,FALSE,TRUE,38
"2.2.2.2.2.2.2.3.2.2.2.2.1.2.2.2.1.1.2.2.3.1",0.517565782534373,FALSE,TRUE,38
"3.2.1.2.1.2.2.2.2.2.2.2.2.2.2.2.2.2.2.2.3.1",0.408073316570085,FALSE,TRUE,39
"2.3.1.2.1.2.2.2.2.2.2.2.2.2.2.2.2.2.2.2.3.1",0.513975409731797,FALSE,TRUE,39
"2.2.1.3.1.2.2.2.2.2.2.2.2.2.2.2.2.2.2.2.3.1",0.470434227518417,FALSE,TRUE,39
"2.2.1.2.1.3.2.2.2.2.2.2.2.2.2.2.2.2.2.2.3.1",0.432389587613932,FALSE,TRUE,39
"2.2.1.2.1.2.3.2.2.2.2.2.2.2.2.2.2.2.2.2.3.1",0.46109432485324,FALSE,TRUE,39
"2.2.1.2.1.2.2.2.3.2.2.2.2.2.2.2.2.2.2.2.3.1",0.48800028908293,FALSE,TRUE,39
"2.2.1.2.1.2.2.2.2.3.2.2.2.2.2.2.2.2.2.2.3.1",0.399016564790088,FALSE,TRUE,39
"2.2.1.2.1.2.2.2.2.2.3.2.2.2.2.2.2.2.2.2.3.1",0.423502495418485,FALSE,TRUE,39
"2.2.1.2.1.2.2.2.2.2.2.3.2.2.2.2.2.2.2.2.3.1",0.401769426606906,FALSE,TRUE,39
"2.2.1.2.1.2.2.2.2.2.2.2.3.2.2.2.2.2.2.2.3.1",0.497738551484979,FALSE,TRUE,37
"2.2.1.2.1.2.2.2.2.2.2.2.2.3.2.2.2.2.2.2.3.1",0.439826944468789,FALSE,TRUE,39
"2.2.1.2.1.2.2.2.2.2.2.2.2.2.3.2.2.2.2.2.3.1",0.435828542330521,FALSE,TRUE,39
"2.2.1.2.1.2.2.2.2.2.2.2.2.2.2.3.2.2.2.2.3.1",0.525005448411707,FALSE,TRUE,39
"2.2.1.2.1.2.2.2.2.2.2.2.2.2.2.2.3.2.2.2.3.1",0.451868069551003,FALSE,TRUE,39
"2.2.1.2.1.2.2.2.2.2.2.2.2.2.2.2.2.2.3.2.3.1",0.452419322197952,FALSE,TRUE,39
"2.2.1.2.1.2.2.2.2.2.2.2.2.2.2.2.2.2.2.3.3.1",0.358130627328178,FALSE,TRUE,39
"2.2.1.2.1.2.2.2.2.2.2.2.2.2.2.2.2.2.2.2.4.1",0.499272790539634,FALSE,TRUE,39
"1.2.1.2.1.2.2.2.2.2.2.2.2.2.2.2.2.2.2.2.3.1",0.504284795200156,FALSE,TRUE,38
"2.1.1.2.1.2.2.2.2.2.2.2.2.2.2.2.2.2.2.2.3.1",0.413224745486153,FALSE,TRUE,38
"2.2.1.1.1.2.2.2.2.2.2.2.2.2.2.2.2.2.2.2.3.1",0.448697878948585,FALSE,TRUE,38
"2.2.1.2.1.1.2.2.2.2.2.2.2.2.2.2.2.2.2.2.3.1",0.485506607606628,FALSE,TRUE,38
"2.2.1.2.1.2.1.2.2.2.2.2.2.2.2.2.2.2.2.2.3.1",0.457605817030476,FALSE,TRUE,38
"2.2.1.2.1.2.2.1.2.2.2.2.2.2.2.2.2.2.2.2.3.1",0.401396228256856,FALSE,TRUE,38
"2.2.1.2.1.2.2.2.1.2.2.2.2.2.2.2.2.2.2.2.3.1",0.430215013548779,FALSE,TRUE,37
"2.2.1.2.1.2.2.2.2.1.2.2.2.2.2.2.2.2.2.2.3.1",0.527783902769257,FALSE,TRUE,38
"2.2.1.2.1.2.2.2.2.2.1.2.2.2.2.2.2.2.2.2.3.1",0.497175511399709,FALSE,TRUE,38
"2.2.1.2.1.2.2.2.2.2.2.1.2.2.2.2.2.2.2.2.3.1",0.516738658905244,FALSE,TRUE,38
"2.2.1.2.1.2.2.2.2.2.2.2.1.2.2.2.2.2.2.2.3.1",0.42154585830482,FALSE,TRUE,38
"2.2.1.2.1.2.2.2.2.2.2.2.2.2.1.2.2.2.2.2.3.1",0.485664587025611,FALSE,TRUE,38
"2.2.1.2.1.2.2.2.2.2.2.2.2.2.2.2.1.2.2.2.3.1",0.468245528797182,FALSE,TRUE,38
"2.2.1.2.1.2.2.2.2.2.2.2.2.2.2.2.2.1.2.2.3.1",0.480617564628503,FALSE,TRUE,38
"2.2.1.2.1.2.2.2.2.2.2.2.2.2.2.2.2.2.1.2.3.1",0.469269952395177,FALSE,TRUE,38
"2.2.1.2.1.2.2.2.2.2.2.2.2.2.2.2.2.2.2.1.3.1",0.554594541427362,FALSE,TRUE,38
"2.2.1.2.1.2.2.2.2.2.2.2.2.2.2.2.2.2.2.2.2.1",0.413361535563163,FALSE,TRUE,34
"3.2.2.2.2.2.2.3.2.2.2.2.1.1.2.2.2.2.3.2.2.2",0.367853795100035,FALSE,TRUE,40
"2.3.2.2.2.2.2.3.2.2.2.2.1.1.2.2.2.2.3.2.2.2",0.449672640214747,FALSE,TRUE,40
"2.2.3.2.2.2.2.3.2.2.2.2.1.1.2.2.2.2.3.2.2.2",0.410734346628709,FALSE,TRUE,40
"2.2.2.2.3.2.2.3.2.2.2.2.1.1.2.2.2.2.3.2.2.2",0.389092149808786,FALSE,TRUE,40
"2.2.2.2.2.3.2.3.2.2.2.2.1.1.2.2.2.2.3.2.2.2",0.392174082173918,FALSE,TRUE,39
"2.2.2.2.2.2.3.3.2.2.2.2.1.1.2.2.2.2.3.2.2.2",0.398667916108389,FALSE,TRUE,40
"2.2.2.2.2.2.2.4.2.2.2.2.1.1.2.2.2.2.3.2.2.2",0.467720140231636,FALSE,TRUE,40
"2.2.2.2.2.2.2.3.3.2.2.2.1.1.2.2.2.2.3.2.2.2",0.412370193644123,FALSE,TRUE,40
"2.2.2.2.2.2.2.3.2.3.2.2.1.1.2.2.2.2.3.2.2.2",0.34022642497998,FALSE,TRUE,40
"2.2.2.2.2.2.2.3.2.2.3.2.1.1.2.2.2.2.3.2.2.2",0.36571649739419,FALSE,TRUE,40
"2.2.2.2.2.2.2.3.2.2.2.3.1.1.2.2.2.2.3.2.2.2",0.343552410781706,FALSE,TRUE,40
"2.2.2.2.2.2.2.3.2.2.2.2.1.1.3.2.2.2.3.2.2.2",0.40215168981382,FALSE,TRUE,40
"2.2.2.2.2.2.2.3.2.2.2.2.1.1.2.3.2.2.3.2.2.2",0.477831085742257,FALSE,TRUE,40
"2.2.2.2.2.2.2.3.2.2.2.2.1.1.2.2.3.2.3.2.2.2",0.401176158996047,FALSE,TRUE,40
"2.2.2.2.2.2.2.3.2.2.2.2.1.1.2.2.2.3.3.2.2.2",0.396263101303338,FALSE,TRUE,40
"2.2.2.2.2.2.2.3.2.2.2.2.1.1.2.2.2.2.4.2.2.2",0.40032153150393,FALSE,TRUE,40
"2.2.2.2.2.2.2.3.2.2.2.2.1.1.2.2.2.2.3.3.2.2",0.313914670091883,FALSE,TRUE,40
"2.2.2.2.2.2.2.3.2.2.2.2.1.1.2.2.2.2.3.2.3.2",0.44916698626342,FALSE,TRUE,40
"2.2.2.2.2.2.2.3.2.2.2.2.1.1.2.2.2.2.3.2.2.3",0.370702565797938,FALSE,TRUE,40
"1.2.2.2.2.2.2.3.2.2.2.2.1.1.2.2.2.2.3.2.2.2",0.453267951891635,FALSE,TRUE,39
"2.1.2.2.2.2.2.3.2.2.2.2.1.1.2.2.2.2.3.2.2.2",0.382821161008084,FALSE,TRUE,39
"2.2.1.2.2.2.2.3.2.2.2.2.1.1.2.2.2.2.3.2.2.2",0.397541186018247,FALSE,TRUE,39
"2.2.2.1.2.2.2.3.2.2.2.2.1.1.2.2.2.2.3.2.2.2",0.40677859628697,FALSE,TRUE,39
"2.2.2.2.1.2.2.3.2.2.2.2.1.1.2.2.2.2.3.2.2.2",0.437271835355902,FALSE,TRUE,39
"2.2.2.2.2.1.2.3.2.2.2.2.1.1.2.2.2.2.3.2.2.2",0.43773186334972,FALSE,TRUE,39
"2.2.2.2.2.2.1.3.2.2.2.2.1.1.2.2.2.2.3.2.2.2",0.425643112322268,FALSE,TRUE,39
"2.2.2.2.2.2.2.2.2.2.2.2.1.1.2.2.2.2.3.2.2.2",0.364071844892455,FALSE,TRUE,40
"2.2.2.2.2.2.2.3.1.2.2.2.1.1.2.2.2.2.3.2.2.2",0.408405740154653,FALSE,TRUE,39
"2.2.2.2.2.2.2.3.2.1.2.2.1.1.2.2.2.2.3.2.2.2",0.489632992428182,FALSE,TRUE,39
"2.2.2.2.2.2.2.3.2.2.1.2.1.1.2.2.2.2.3.2.2.2",0.463458980620304,FALSE,TRUE,39
"2.2.2.2.2.2.2.3.2.2.2.1.1.1.2.2.2.2.3.2.2.2",0.48143122795763,FALSE,TRUE,39
"2.2.2.2.2.2.2.3.2.2.2.2.1.1.1.2.2.2.3.2.2.2",0.431061743445196,FALSE,TRUE,39
"2.2.2.2.2.2.2.3.2.2.2.2.1.1.2.1.2.2.3.2.2.2",0.341642957730013,FALSE,TRUE,39
"2.2.2.2.2.2.2.3.2.2.2.2.1.1.2.2.1.2.3.2.2.2",0.424860017620231,FALSE,TRUE,39
"2.2.2.2.2.2.2.3.2.2.2.2.1.1.2.2.2.1.3.2.2.2",0.434705348013338,FALSE,TRUE,39
"2.2.2.2.2.2.2.3.2.2.2.2.1.1.2.2.2.2.2.2.2.2",0.433143498982886,FALSE,TRUE,39
"2.2.2.2.2.2.2.3.2.2.2.2.1.1.2.2.2.2.3.1.2.2",0.51105100204487,FALSE,TRUE,39
"2.2.2.2.2.2.2.3.2.2.2.2.1.1.2.2.2.2.3.2.1.2",0.375171639737747,FALSE,TRUE,39
"2.2.2.2.2.2.2.3.2.2.2.2.1.1.2.2.2.2.3.2.2.1",0.459921931345543,FALSE,TRUE,39
"3.2.2.2.1.2.2.2.2.2.2.2.2.2.2.2.2.3.2.2.2.1",0.38887764141079,FALSE,TRUE,40
"2.3.2.2.1.2.2.2.2.2.2.2.2.2.2.2.2.3.2.2.2.1",0.489532001282584,FALSE,TRUE,40
"2.2.3.2.1.2.2.2.2.2.2.2.2.2.2.2.2.3.2.2.2.1",0.461808585475869,FALSE,TRUE,40
"2.2.2.3.1.2.2.2.2.2.2.2.2.2.2.2.2.3.2.2.2.1",0.453245056931965,FALSE,TRUE,40
"2.2.2.2.1.3.2.2.2.2.2.2.2.2.2.2.2.3.2.2.2.1",0.40182887026862,FALSE,TRUE,40
"2.2.2.2.1.2.3.2.2.2.2.2.2.2.2.2.2.3.2.2.2.1",0.442970603857385,FALSE,TRUE,40
"2.2.2.2.1.2.2.3.2.2.2.2.2.2.2.2.2.3.2.2.2.1",0.494055483135858,FALSE,TRUE,40
"2.2.2.2.1.2.2.2.3.2.2.2.2.2.2.2.2.3.2.2.2.1",0.452648083370202,FALSE,TRUE,40
"2.2.2.2.1.2.2.2.2.3.2.2.2.2.2.2.2.3.2.2.2.1",0.38468305210454,FALSE,TRUE,40
"2.2.2.2.1.2.2.2.2.2.3.2.2.2.2.2.2.3.2.2.2.1",0.401683469955168,FALSE,TRUE,40
"2.2.2.2.1.2.2.2.2.2.2.3.2.2.2.2.2.3.2.2.2.1",0.375560653401453,FALSE,TRUE,40
"2.2.2.2.1.2.2.2.2.2.2.2.3.2.2.2.2.3.2.2.2.1",0.474611596425545,FALSE,TRUE,40
"2.2.2.2.1.2.2.2.2.2.2.2.2.3.2.2.2.3.2.2.2.1",0.428440204808795,FALSE,TRUE,40
"2.2.2.2.1.2.2.2.2.2.2.2.2.2.3.2.2.3.2.2.2.1",0.432925437567162,FALSE,TRUE,40
"2.2.2.2.1.2.2.2.2.2.2.2.2.2.2.3.2.3.2.2.2.1",0.495235624321143,FALSE,TRUE,40
"2.2.2.2.1.2.2.2.2.2.2.2.2.2.2.2.3.3.2.2.2.1",0.417490897817567,FALSE,TRUE,40
"2.2.2.2.1.2.2.2.2.2.2.2.2.2.2.2.2.4.2.2.2.1",0.421421718019322,FALSE,TRUE,40
"2.2.2.2.1.2.2.2.2.2.2.2.2.2.2.2.2.3.3.2.2.1",0.433084413687967,FALSE,TRUE,40
"2.2.2.2.1.2.2.2.2.2.2.2.2.2.2.2.2.3.2.3.2.1",0.330037913564816,FALSE,TRUE,40
"2.2.2.2.1.2.2.2.2.2.2.2.2.2.2.2.2.3.2.2.2.2",0.39837135554801,FALSE,TRUE,39
"1.2.2.2.1.2.2.2.2.2.2.2.2.2.2.2.2.3.2.2.2.1",0.479054815367231,FALSE,TRUE,39
"2.1.2.2.1.2.2.2.2.2.2.2.2.2.2.2.2.3.2.2.2.1",0.394761045220024,FALSE,TRUE,39
"2.2.1.2.1.2.2.2.2.2.2.2.2.2.2.2.2.3.2.2.2.1",0.402927430839512,FALSE,TRUE,37
"2.2.2.1.1.2.2.2.2.2.2.2.2.2.2.2.2.3.2.2.2.1",0.422330035498863,FALSE,TRUE,39
"2.2.2.2.1.1.2.2.2.2.2.2.2.2.2.2.2.3.2.2.2.1",0.469730705192698,FALSE,TRUE,39
"2.2.2.2.1.2.1.2.2.2.2.2.2.2.2.2.2.3.2.2.2.1",0.430310322123805,FALSE,TRUE,39
"2.2.2.2.1.2.2.1.2.2.2.2.2.2.2.2.2.3.2.2.2.1",0.38195253746995,FALSE,TRUE,39
"2.2.2.2.1.2.2.2.1.2.2.2.2.2.2.2.2.3.2.2.2.1",0.420774313636491,FALSE,TRUE,39
"2.2.2.2.1.2.2.2.2.1.2.2.2.2.2.2.2.3.2.2.2.1",0.500896678910137,FALSE,TRUE,39
"2.2.2.2.1.2.2.2.2.2.1.2.2.2.2.2.2.3.2.2.2.1",0.473653194210811,FALSE,TRUE,39
"2.2.2.2.1.2.2.2.2.2.2.1.2.2.2.2.2.3.2.2.2.1",0.501214077448627,FALSE,TRUE,39
"2.2.2.2.1.2.2.2.2.2.2.2.1.2.2.2.2.3.2.2.2.1",0.402253067286228,FALSE,TRUE,39
"2.2.2.2.1.2.2.2.2.2.2.2.2.1.2.2.2.3.2.2.2.1",0.446377076000281,FALSE,TRUE,39
"2.2.2.2.1.2.2.2.2.2.2.2.2.2.1.2.2.3.2.2.2.1",0.442903983727014,FALSE,TRUE,39
"2.2.2.2.1.2.2.2.2.2.2.2.2.2.2.1.2.3.2.2.2.1",0.380927621965301,FALSE,TRUE,39
"2.2.2.2.1.2.2.2.2.2.2.2.2.2.2.2.1.3.2.2.2.1",0.457572747446403,FALSE,TRUE,39
"2.2.2.2.1.2.2.2.2.2.2.2.2.2.2.2.2.2.2.2.2.1",0.460925756114682,FALSE,TRUE,37
"2.2.2.2.1.2.2.2.2.2.2.2.2.2.2.2.2.3.1.2.2.1",0.445873536703191,FALSE,TRUE,39
"2.2.2.2.1.2.2.2.2.2.2.2.2.2.2.2.2.3.2.1.2.1",0.537722131120628,FALSE,TRUE,39
"2.2.2.2.1.2.2.2.2.2.2.2.2.2.2.2.2.3.2.2.1.1",0.389706823568528,FALSE,TRUE,40
