"karyotype","fitness","is_fq","is_nn","boundary_degree"
"2.2.2.2.2.2.2.2.2.2.2.2.2.2.2.2.2.2.2.2.2.2",0.431937206657795,TRUE,FALSE,0
"2.2.2.2.2.2.2.2.2.2.2.2.2.2.2.2.2.3.2.2.2.2",0.392673948883867,TRUE,FALSE,0
"2.2.2.2.1.2.2.2.2.2.2.2.2.2.2.2.2.3.2.2.2.2",0.388240504849269,TRUE,FALSE,0
"2.2.2.2.2.2.2.2.2.3.2.2.2.2.2.2.2.3.2.2.2.2",0.368235697768652,TRUE,FALSE,0
"2.2.2.2.2.2.2.2.2.2.2.2.2.2.2.2.2.2.2.2.3.2",0.360135802103359,TRUE,FALSE,0
"2.2.2.2.2.2.2.2.2.2.2.2.2.2.1.2.2.2.2.2.3.2",0.392670418443075,TRUE,FALSE,0
"2.2.2.2.2.2.2.2.2.2.2.2.2.2.1.2.2.2.1.2.3.2",0.442381263068264,TRUE,FALSE,0
"2.2.3.2.2.2.2.2.2.2.2.2.2.2.2.2.2.2.2.2.3.2",0.380139705961838,TRUE,FALSE,0
"2.2.2.1.2.2.2.2.2.2.2.2.2.2.2.2.2.2.2.2.3.2",0.400611702769084,TRUE,FALSE,0
"1.2.2.2.2.2.2.2.2.2.2.2.2.2.1.2.2.2.2.2.3.2",0.411519704283139,TRUE,FALSE,0
"2.2.2.3.2.2.2.2.2.2.2.2.2.2.1.2.2.2.2.2.3.2",0.34395200077602,TRUE,FALSE,0
"1.2.2.2.2.2.3.2.2.2.2.2.2.2.1.2.2.2.2.2.3.2",0.387652153090373,TRUE,FALSE,0
"2.2.2.2.2.2.2.2.2.2.2.2.2.2.2.2.2.4.2.2.2.2",0.346705379151985,TRUE,FALSE,0
"2.2.2.2.2.2.2.2.2.2.2.2.2.2.1.2.2.3.2.2.3.2",0.349128230335894,TRUE,FALSE,0
"2.2.3.2.2.2.2.2.2.2.2.2.2.2.1.2.2.2.1.2.3.2",0.442423049583111,TRUE,FALSE,0
"2.2.2.2.2.2.2.2.2.3.2.2.1.2.2.2.2.3.2.2.2.2",0.343390615606348,TRUE,FALSE,0
"1.2.2.2.2.2.3.1.2.2.2.2.2.2.1.2.2.2.2.2.3.2",0.404859781050095,TRUE,FALSE,0
"2.2.2.2.1.2.2.2.2.2.2.2.2.2.2.2.2.3.2.3.2.2",0.362555491945038,TRUE,FALSE,0
"1.2.1.2.2.2.3.2.2.2.2.2.2.2.1.2.2.2.2.2.3.2",0.368220147572355,TRUE,FALSE,0
"2.2.2.1.2.2.2.2.1.2.2.2.2.2.2.2.2.2.2.2.3.2",0.36529948817101,TRUE,FALSE,0
"2.2.2.2.2.2.2.2.2.2.3.2.2.2.2.2.2.3.2.2.2.2",0.409001481144602,TRUE,FALSE,0
"2.2.2.2.2.2.2.2.2.3.2.2.1.2.2.2.3.3.2.2.2.2",0.316492814701389,TRUE,FALSE,0
"2.2.2.1.2.2.2.2.1.2.2.2.2.2.2.1.2.2.2.2.3.2",0.293630718200056,TRUE,FALSE,0
"2.2.2.2.2.2.2.3.2.2.3.2.2.2.2.2.2.3.2.2.2.2",0.393730271727482,TRUE,FALSE,0
"3.2.3.2.2.2.2.2.2.2.2.2.2.2.1.2.2.2.1.2.3.2",0.421786729884769,TRUE,FALSE,0
"2.2.3.2.2.2.2.2.2.2.2.2.2.2.1.1.2.2.1.2.3.2",0.409033457213734,TRUE,FALSE,0
"2.2.2.2.2.2.2.2.2.2.1.2.2.2.2.2.2.3.2.2.2.2",0.370495335208865,TRUE,FALSE,0
"2.1.3.2.2.2.2.2.2.2.2.2.2.2.1.2.2.2.1.2.3.2",0.410808839531864,TRUE,FALSE,0
"2.2.2.1.2.2.3.2.2.2.2.2.2.2.2.2.2.2.2.2.3.2",0.372248860559943,TRUE,FALSE,0
"2.2.2.2.1.2.2.2.2.2.2.3.2.2.2.2.2.3.2.3.2.2",0.378675012726739,TRUE,FALSE,0
"2.2.2.2.2.2.2.2.2.2.1.2.3.2.2.2.2.3.2.2.2.2",0.391337308873699,TRUE,FALSE,0
"1.2.2.2.2.2.2.2.2.2.2.2.2.2.2.2.2.4.2.2.2.2",0.354992332865355,TRUE,FALSE,0
"2.2.2.2.2.2.2.2.2.2.2.2.2.2.1.2.2.3.2.3.3.2",0.329603116808169,TRUE,FALSE,0
"2.2.1.2.2.2.2.2.2.3.2.2.1.2.2.2.2.3.2.2.2.2",0.31791891758752,TRUE,FALSE,0
"2.2.2.2.2.2.1.3.2.2.3.2.2.2.2.2.2.3.2.2.2.2",0.426271201989466,TRUE,FALSE,0
"2.2.2.2.2.2.2.2.2.2.1.2.3.2.2.1.2.3.2.2.2.2",0.330838153539333,TRUE,FALSE,0
"2.2.2.3.2.2.2.2.2.2.1.2.2.2.2.2.2.3.2.2.2.2",0.337946792059776,TRUE,FALSE,0
"2.2.2.1.2.2.3.2.2.2.2.2.2.2.2.2.1.2.2.2.3.2",0.410810337274409,TRUE,FALSE,0
"2.2.2.3.1.2.2.2.2.2.2.3.2.2.2.2.2.3.2.3.2.2",0.338871363726126,TRUE,FALSE,0
"2.2.2.2.2.2.2.2.2.2.1.2.2.2.2.2.2.4.2.2.2.2",0.333392771773654,TRUE,FALSE,0
"2.2.2.3.2.2.2.2.2.1.1.2.2.2.2.2.2.3.2.2.2.2",0.357705923115849,TRUE,FALSE,0
"2.2.2.2.2.2.2.2.2.2.2.2.2.2.1.2.2.2.2.2.3.1",0.380245622763756,TRUE,FALSE,0
"2.2.1.2.2.2.2.2.2.3.2.2.1.2.2.2.2.3.2.3.2.2",0.30272959277046,TRUE,FALSE,0
"2.2.3.2.2.1.2.2.2.2.2.2.2.2.2.2.2.2.2.2.3.2",0.41469941654373,TRUE,FALSE,0
"2.2.2.2.2.2.2.2.2.2.1.2.2.2.1.2.2.3.2.2.3.2",0.323270453882166,TRUE,FALSE,0
"2.3.2.3.2.2.2.2.2.2.1.2.2.2.2.2.2.3.2.2.2.2",0.362423679138277,TRUE,FALSE,0
"1.2.1.2.2.2.3.2.2.2.2.2.2.3.1.2.2.2.2.2.3.2",0.315605652102872,TRUE,FALSE,0
"2.2.2.1.2.2.3.2.2.2.2.2.2.2.2.2.2.1.2.2.3.2",0.418802259607605,TRUE,FALSE,0
"1.2.2.2.2.2.3.2.2.2.2.2.2.3.1.2.2.2.2.2.3.2",0.335675397177959,TRUE,FALSE,0
"2.2.3.1.2.2.3.2.2.2.2.2.2.2.2.2.2.2.2.2.3.2",0.387965851566848,TRUE,FALSE,0
"3.2.2.2.2.2.2.2.2.2.2.2.2.2.2.2.2.2.2.2.2.2",0.411339974431843,FALSE,TRUE,41
"2.3.2.2.2.2.2.2.2.2.2.2.2.2.2.2.2.2.2.2.2.2",0.447914668607014,FALSE,TRUE,41
"2.2.3.2.2.2.2.2.2.2.2.2.2.2.2.2.2.2.2.2.2.2",0.450032128587362,FALSE,TRUE,40
"2.2.2.3.2.2.2.2.2.2.2.2.2.2.2.2.2.2.2.2.2.2",0.391625452129547,FALSE,TRUE,39
"2.2.2.2.3.2.2.2.2.2.2.2.2.2.2.2.2.2.2.2.2.2",0.432677165245229,FALSE,TRUE,41
"2.2.2.2.2.3.2.2.2.2.2.2.2.2.2.2.2.2.2.2.2.2",0.36760469158436,FALSE,TRUE,41
"2.2.2.2.2.2.3.2.2.2.2.2.2.2.2.2.2.2.2.2.2.2",0.401706821594182,FALSE,TRUE,40
"2.2.2.2.2.2.2.3.2.2.2.2.2.2.2.2.2.2.2.2.2.2",0.411313196124133,FALSE,TRUE,40
"2.2.2.2.2.2.2.2.3.2.2.2.2.2.2.2.2.2.2.2.2.2",0.45536730847945,FALSE,TRUE,41
"2.2.2.2.2.2.2.2.2.3.2.2.2.2.2.2.2.2.2.2.2.2",0.406950217175115,FALSE,TRUE,40
"2.2.2.2.2.2.2.2.2.2.3.2.2.2.2.2.2.2.2.2.2.2",0.454477252195383,FALSE,TRUE,40
"2.2.2.2.2.2.2.2.2.2.2.3.2.2.2.2.2.2.2.2.2.2",0.434721838750061,FALSE,TRUE,41
"2.2.2.2.2.2.2.2.2.2.2.2.3.2.2.2.2.2.2.2.2.2",0.452234909782061,FALSE,TRUE,40
"2.2.2.2.2.2.2.2.2.2.2.2.2.3.2.2.2.2.2.2.2.2",0.394314826750851,FALSE,TRUE,41
"2.2.2.2.2.2.2.2.2.2.2.2.2.2.3.2.2.2.2.2.2.2",0.396485759202258,FALSE,TRUE,41
"2.2.2.2.2.2.2.2.2.2.2.2.2.2.2.3.2.2.2.2.2.2",0.485556305222068,FALSE,TRUE,41
"2.2.2.2.2.2.2.2.2.2.2.2.2.2.2.2.3.2.2.2.2.2",0.403838045524531,FALSE,TRUE,41
"2.2.2.2.2.2.2.2.2.2.2.2.2.2.2.2.2.2.3.2.2.2",0.358573234491974,FALSE,TRUE,41
"2.2.2.2.2.2.2.2.2.2.2.2.2.2.2.2.2.2.2.3.2.2",0.406818449286363,FALSE,TRUE,40
"2.2.2.2.2.2.2.2.2.2.2.2.2.2.2.2.2.2.2.2.2.3",0.447549692264307,FALSE,TRUE,41
"1.2.2.2.2.2.2.2.2.2.2.2.2.2.2.2.2.2.2.2.2.2",0.44322973670497,FALSE,TRUE,39
"2.1.2.2.2.2.2.2.2.2.2.2.2.2.2.2.2.2.2.2.2.2",0.412019932773355,FALSE,TRUE,40
"2.2.1.2.2.2.2.2.2.2.2.2.2.2.2.2.2.2.2.2.2.2",0.409454441158106,FALSE,TRUE,40
"2.2.2.1.2.2.2.2.2.2.2.2.2.2.2.2.2.2.2.2.2.2",0.464029128281602,FALSE,TRUE,38
"2.2.2.2.1.2.2.2.2.2.2.2.2.2.2.2.2.2.2.2.2.2",0.42793659029803,FALSE,TRUE,39
"2.2.2.2.2.1.2.2.2.2.2.2.2.2.2.2.2.2.2.2.2.2",0.477892934179383,FALSE,TRUE,39
"2.2.2.2.2.2.1.2.2.2.2.2.2.2.2.2.2.2.2.2.2.2",0.444574966241939,FALSE,TRUE,40
"2.2.2.2.2.2.2.1.2.2.2.2.2.2.2.2.2.2.2.2.2.2",0.44568291101143,FALSE,TRUE,40
"2.2.2.2.2.2.2.2.1.2.2.2.2.2.2.2.2.2.2.2.2.2",0.391048982138933,FALSE,TRUE,39
"2.2.2.2.2.2.2.2.2.1.2.2.2.2.2.2.2.2.2.2.2.2",0.44338034517307,FALSE,TRUE,40
"2.2.2.2.2.2.2.2.2.2.1.2.2.2.2.2.2.2.2.2.2.2",0.400968991177976,FALSE,TRUE,38
"2.2.2.2.2.2.2.2.2.2.2.1.2.2.2.2.2.2.2.2.2.2",0.424505256716509,FALSE,TRUE,40
"2.2.2.2.2.2.2.2.2.2.2.2.1.2.2.2.2.2.2.2.2.2",0.404533242180793,FALSE,TRUE,39
"2.2.2.2.2.2.2.2.2.2.2.2.2.1.2.2.2.2.2.2.2.2",0.464686633900372,FALSE,TRUE,40
"2.2.2.2.2.2.2.2.2.2.2.2.2.2.1.2.2.2.2.2.2.2",0.463275476959533,FALSE,TRUE,36
"2.2.2.2.2.2.2.2.2.2.2.2.2.2.2.1.2.2.2.2.2.2",0.361863655378598,FALSE,TRUE,40
"2.2.2.2.2.2.2.2.2.2.2.2.2.2.2.2.1.2.2.2.2.2",0.45230288321059,FALSE,TRUE,40
"2.2.2.2.2.2.2.2.2.2.2.2.2.2.2.2.2.1.2.2.2.2",0.462922439214823,FALSE,TRUE,41
"2.2.2.2.2.2.2.2.2.2.2.2.2.2.2.2.2.2.1.2.2.2",0.488091588344359,FALSE,TRUE,39
"2.2.2.2.2.2.2.2.2.2.2.2.2.2.2.2.2.2.2.1.2.2",0.449836177430255,FALSE,TRUE,40
"2.2.2.2.2.2.2.2.2.2.2.2.2.2.2.2.2.2.2.2.1.2",0.486440349192234,FALSE,TRUE,41
"2.2.2.2.2.2.2.2.2.2.2.2.2.2.2.2.2.2.2.2.2.1",0.411172867167942,FALSE,TRUE,39
"3.2.2.2.2.2.2.2.2.2.2.2.2.2.2.2.2.3.2.2.2.2",0.374718315343578,FALSE,TRUE,37
"2.3.2.2.2.2.2.2.2.2.2.2.2.2.2.2.2.3.2.2.2.2",0.414146014015547,FALSE,TRUE,36
"2.2.3.2.2.2.2.2.2.2.2.2.2.2.2.2.2.3.2.2.2.2",0.412551627341204,FALSE,TRUE,36
"2.2.2.3.2.2.2.2.2.2.2.2.2.2.2.2.2.3.2.2.2.2",0.357559365168188,FALSE,TRUE,35
"2.2.2.2.3.2.2.2.2.2.2.2.2.2.2.2.2.3.2.2.2.2",0.394522582559717,FALSE,TRUE,38
"2.2.2.2.2.3.2.2.2.2.2.2.2.2.2.2.2.3.2.2.2.2",0.3276556836028,FALSE,TRUE,37
"2.2.2.2.2.2.3.2.2.2.2.2.2.2.2.2.2.3.2.2.2.2",0.353294506366249,FALSE,TRUE,37
"2.2.2.2.2.2.2.3.2.2.2.2.2.2.2.2.2.3.2.2.2.2",0.377681999873705,FALSE,TRUE,36
"2.2.2.2.2.2.2.2.3.2.2.2.2.2.2.2.2.3.2.2.2.2",0.423415007410158,FALSE,TRUE,37
"2.2.2.2.2.2.2.2.2.2.2.3.2.2.2.2.2.3.2.2.2.2",0.401750126636597,FALSE,TRUE,36
"2.2.2.2.2.2.2.2.2.2.2.2.3.2.2.2.2.3.2.2.2.2",0.414729165097456,FALSE,TRUE,36
"2.2.2.2.2.2.2.2.2.2.2.2.2.3.2.2.2.3.2.2.2.2",0.351568568644318,FALSE,TRUE,37
"2.2.2.2.2.2.2.2.2.2.2.2.2.2.3.2.2.3.2.2.2.2",0.362630248311348,FALSE,TRUE,37
"2.2.2.2.2.2.2.2.2.2.2.2.2.2.2.3.2.3.2.2.2.2",0.438669283338013,FALSE,TRUE,37
"2.2.2.2.2.2.2.2.2.2.2.2.2.2.2.2.3.3.2.2.2.2",0.375847168385936,FALSE,TRUE,36
"2.2.2.2.2.2.2.2.2.2.2.2.2.2.2.2.2.3.3.2.2.2",0.330240693072892,FALSE,TRUE,37
"2.2.2.2.2.2.2.2.2.2.2.2.2.2.2.2.2.3.2.3.2.2",0.370907804636869,FALSE,TRUE,34
"2.2.2.2.2.2.2.2.2.2.2.2.2.2.2.2.2.3.2.2.3.2",0.322109648753102,FALSE,TRUE,33
"2.2.2.2.2.2.2.2.2.2.2.2.2.2.2.2.2.3.2.2.2.3",0.396556773946603,FALSE,TRUE,37
"1.2.2.2.2.2.2.2.2.2.2.2.2.2.2.2.2.3.2.2.2.2",0.403716888702404,FALSE,TRUE,36
"2.1.2.2.2.2.2.2.2.2.2.2.2.2.2.2.2.3.2.2.2.2",0.366792110143203,FALSE,TRUE,36
"2.2.1.2.2.2.2.2.2.2.2.2.2.2.2.2.2.3.2.2.2.2",0.369253061361515,FALSE,TRUE,35
"2.2.2.1.2.2.2.2.2.2.2.2.2.2.2.2.2.3.2.2.2.2",0.422240940764207,FALSE,TRUE,35
"2.2.2.2.2.1.2.2.2.2.2.2.2.2.2.2.2.3.2.2.2.2",0.440069599820195,FALSE,TRUE,36
"2.2.2.2.2.2.1.2.2.2.2.2.2.2.2.2.2.3.2.2.2.2",0.417026614823004,FALSE,TRUE,35
"2.2.2.2.2.2.2.1.2.2.2.2.2.2.2.2.2.3.2.2.2.2",0.401245391818587,FALSE,TRUE,36
"2.2.2.2.2.2.2.2.1.2.2.2.2.2.2.2.2.3.2.2.2.2",0.344810829551304,FALSE,TRUE,36
"2.2.2.2.2.2.2.2.2.1.2.2.2.2.2.2.2.3.2.2.2.2",0.403708949281104,FALSE,TRUE,36
"2.2.2.2.2.2.2.2.2.2.2.1.2.2.2.2.2.3.2.2.2.2",0.379095708119401,FALSE,TRUE,36
"2.2.2.2.2.2.2.2.2.2.2.2.1.2.2.2.2.3.2.2.2.2",0.364863936532334,FALSE,TRUE,34
"2.2.2.2.2.2.2.2.2.2.2.2.2.1.2.2.2.3.2.2.2.2",0.430354533169605,FALSE,TRUE,36
"2.2.2.2.2.2.2.2.2.2.2.2.2.2.1.2.2.3.2.2.2.2",0.41852518153698,FALSE,TRUE,34
"2.2.2.2.2.2.2.2.2.2.2.2.2.2.2.1.2.3.2.2.2.2",0.328987971181062,FALSE,TRUE,35
"2.2.2.2.2.2.2.2.2.2.2.2.2.2.2.2.1.3.2.2.2.2",0.401738227927875,FALSE,TRUE,36
"2.2.2.2.2.2.2.2.2.2.2.2.2.2.2.2.2.3.1.2.2.2",0.439789549742212,FALSE,TRUE,36
"2.2.2.2.2.2.2.2.2.2.2.2.2.2.2.2.2.3.2.1.2.2",0.407875802114779,FALSE,TRUE,36
"2.2.2.2.2.2.2.2.2.2.2.2.2.2.2.2.2.3.2.2.1.2",0.448075997711747,FALSE,TRUE,36
"2.2.2.2.2.2.2.2.2.2.2.2.2.2.2.2.2.3.2.2.2.1",0.384251745647394,FALSE,TRUE,36
"3.2.2.2.1.2.2.2.2.2.2.2.2.2.2.2.2.3.2.2.2.2",0.372043016801489,FALSE,TRUE,40
"2.3.2.2.1.2.2.2.2.2.2.2.2.2.2.2.2.3.2.2.2.2",0.41265581811149,FALSE,TRUE,40
"2.2.3.2.1.2.2.2.2.2.2.2.2.2.2.2.2.3.2.2.2.2",0.406412994219175,FALSE,TRUE,40
"2.2.2.3.1.2.2.2.2.2.2.2.2.2.2.2.2.3.2.2.2.2",0.35096208356358,FALSE,TRUE,38
"2.2.2.2.1.3.2.2.2.2.2.2.2.2.2.2.2.3.2.2.2.2",0.323369475704468,FALSE,TRUE,40
"2.2.2.2.1.2.3.2.2.2.2.2.2.2.2.2.2.3.2.2.2.2",0.350191058217213,FALSE,TRUE,40
"2.2.2.2.1.2.2.3.2.2.2.2.2.2.2.2.2.3.2.2.2.2",0.376719951752706,FALSE,TRUE,39
"2.2.2.2.1.2.2.2.3.2.2.2.2.2.2.2.2.3.2.2.2.2",0.424358751444524,FALSE,TRUE,40
"2.2.2.2.1.2.2.2.2.3.2.2.2.2.2.2.2.3.2.2.2.2",0.361934747123955,FALSE,TRUE,39
"2.2.2.2.1.2.2.2.2.2.3.2.2.2.2.2.2.3.2.2.2.2",0.401579434224085,FALSE,TRUE,39
"2.2.2.2.1.2.2.2.2.2.2.3.2.2.2.2.2.3.2.2.2.2",0.401289143203527,FALSE,TRUE,39
"2.2.2.2.1.2.2.2.2.2.2.2.3.2.2.2.2.3.2.2.2.2",0.408459033292027,FALSE,TRUE,39
"2.2.2.2.1.2.2.2.2.2.2.2.2.3.2.2.2.3.2.2.2.2",0.345996529774379,FALSE,TRUE,40
"2.2.2.2.1.2.2.2.2.2.2.2.2.2.3.2.2.3.2.2.2.2",0.35990103767921,FALSE,TRUE,40
"2.2.2.2.1.2.2.2.2.2.2.2.2.2.2.3.2.3.2.2.2.2",0.432579208434006,FALSE,TRUE,40
"2.2.2.2.1.2.2.2.2.2.2.2.2.2.2.2.3.3.2.2.2.2",0.368173460780838,FALSE,TRUE,40
"2.2.2.2.1.2.2.2.2.2.2.2.2.2.2.2.2.4.2.2.2.2",0.341398997123608,FALSE,TRUE,38
"2.2.2.2.1.2.2.2.2.2.2.2.2.2.2.2.2.3.3.2.2.2",0.33105167216173,FALSE,TRUE,40
"2.2.2.2.1.2.2.2.2.2.2.2.2.2.2.2.2.3.2.2.3.2",0.318346106420157,FALSE,TRUE,38
"2.2.2.2.1.2.2.2.2.2.2.2.2.2.2.2.2.3.2.2.2.3",0.38867904749176,FALSE,TRUE,40
"1.2.2.2.1.2.2.2.2.2.2.2.2.2.2.2.2.3.2.2.2.2",0.396329306238567,FALSE,TRUE,38
"2.1.2.2.1.2.2.2.2.2.2.2.2.2.2.2.2.3.2.2.2.2",0.359246683986609,FALSE,TRUE,39
"2.2.1.2.1.2.2.2.2.2.2.2.2.2.2.2.2.3.2.2.2.2",0.366385302294526,FALSE,TRUE,39
"2.2.2.1.1.2.2.2.2.2.2.2.2.2.2.2.2.3.2.2.2.2",0.41999409073737,FALSE,TRUE,39
"2.2.2.2.1.1.2.2.2.2.2.2.2.2.2.2.2.3.2.2.2.2",0.435752208917881,FALSE,TRUE,39
"2.2.2.2.1.2.1.2.2.2.2.2.2.2.2.2.2.3.2.2.2.2",0.410793002515355,FALSE,TRUE,39
"2.2.2.2.1.2.2.1.2.2.2.2.2.2.2.2.2.3.2.2.2.2",0.393015276024908,FALSE,TRUE,39
"2.2.2.2.1.2.2.2.1.2.2.2.2.2.2.2.2.3.2.2.2.2",0.335035728307182,FALSE,TRUE,39
"2.2.2.2.1.2.2.2.2.1.2.2.2.2.2.2.2.3.2.2.2.2",0.40075299464978,FALSE,TRUE,39
"2.2.2.2.1.2.2.2.2.2.1.2.2.2.2.2.2.3.2.2.2.2",0.36921869379089,FALSE,TRUE,36
"2.2.2.2.1.2.2.2.2.2.2.1.2.2.2.2.2.3.2.2.2.2",0.370642164518593,FALSE,TRUE,39
"2.2.2.2.1.2.2.2.2.2.2.2.1.2.2.2.2.3.2.2.2.2",0.36166158085046,FALSE,TRUE,38
"2.2.2.2.1.2.2.2.2.2.2.2.2.1.2.2.2.3.2.2.2.2",0.427719792915531,FALSE,TRUE,39
"2.2.2.2.1.2.2.2.2.2.2.2.2.2.1.2.2.3.2.2.2.2",0.411882338134072,FALSE,TRUE,38
"2.2.2.2.1.2.2.2.2.2.2.2.2.2.2.1.2.3.2.2.2.2",0.325925925229386,FALSE,TRUE,39
"2.2.2.2.1.2.2.2.2.2.2.2.2.2.2.2.1.3.2.2.2.2",0.400278582606609,FALSE,TRUE,39
"2.2.2.2.1.2.2.2.2.2.2.2.2.2.2.2.2.3.1.2.2.2",0.43081512562366,FALSE,TRUE,39
"2.2.2.2.1.2.2.2.2.2.2.2.2.2.2.2.2.3.2.1.2.2",0.406722014716461,FALSE,TRUE,40
"2.2.2.2.1.2.2.2.2.2.2.2.2.2.2.2.2.3.2.2.1.2",0.442806152661627,FALSE,TRUE,39
"2.2.2.2.1.2.2.2.2.2.2.2.2.2.2.2.2.3.2.2.2.1",0.382535811103818,FALSE,TRUE,39
"3.2.2.2.2.2.2.2.2.3.2.2.2.2.2.2.2.3.2.2.2.2",0.345770909381669,FALSE,TRUE,41
"2.3.2.2.2.2.2.2.2.3.2.2.2.2.2.2.2.3.2.2.2.2",0.391177014410511,FALSE,TRUE,41
"2.2.3.2.2.2.2.2.2.3.2.2.2.2.2.2.2.3.2.2.2.2",0.387654566501713,FALSE,TRUE,41
"2.2.2.3.2.2.2.2.2.3.2.2.2.2.2.2.2.3.2.2.2.2",0.330507277347201,FALSE,TRUE,40
"2.2.2.2.3.2.2.2.2.3.2.2.2.2.2.2.2.3.2.2.2.2",0.372926778742922,FALSE,TRUE,41
"2.2.2.2.2.3.2.2.2.3.2.2.2.2.2.2.2.3.2.2.2.2",0.301773616627094,FALSE,TRUE,41
"2.2.2.2.2.2.3.2.2.3.2.2.2.2.2.2.2.3.2.2.2.2",0.324564796416095,FALSE,TRUE,41
"2.2.2.2.2.2.2.3.2.3.2.2.2.2.2.2.2.3.2.2.2.2",0.356725699493458,FALSE,TRUE,40
"2.2.2.2.2.2.2.2.3.3.2.2.2.2.2.2.2.3.2.2.2.2",0.396020281514561,FALSE,TRUE,41
"2.2.2.2.2.2.2.2.2.4.2.2.2.2.2.2.2.3.2.2.2.2",0.33317278167541,FALSE,TRUE,42
"2.2.2.2.2.2.2.2.2.3.3.2.2.2.2.2.2.3.2.2.2.2",0.389812030770538,FALSE,TRUE,40
"2.2.2.2.2.2.2.2.2.3.2.3.2.2.2.2.2.3.2.2.2.2",0.3771063135927,FALSE,TRUE,41
"2.2.2.2.2.2.2.2.2.3.2.2.3.2.2.2.2.3.2.2.2.2",0.388199315868591,FALSE,TRUE,41
"2.2.2.2.2.2.2.2.2.3.2.2.2.3.2.2.2.3.2.2.2.2",0.325052205690334,FALSE,TRUE,41
"2.2.2.2.2.2.2.2.2.3.2.2.2.2.3.2.2.3.2.2.2.2",0.336293319396614,FALSE,TRUE,41
"2.2.2.2.2.2.2.2.2.3.2.2.2.2.2.3.2.3.2.2.2.2",0.412415570351092,FALSE,TRUE,41
"2.2.2.2.2.2.2.2.2.3.2.2.2.2.2.2.3.3.2.2.2.2",0.340125738666319,FALSE,TRUE,41
"2.2.2.2.2.2.2.2.2.3.2.2.2.2.2.2.2.4.2.2.2.2",0.323626599710171,FALSE,TRUE,39
"2.2.2.2.2.2.2.2.2.3.2.2.2.2.2.2.2.3.3.2.2.2",0.301008650037342,FALSE,TRUE,41
"2.2.2.2.2.2.2.2.2.3.2.2.2.2.2.2.2.3.2.3.2.2",0.349943462185474,FALSE,TRUE,39
"2.2.2.2.2.2.2.2.2.3.2.2.2.2.2.2.2.3.2.2.3.2",0.286394526323014,FALSE,TRUE,39
"2.2.2.2.2.2.2.2.2.3.2.2.2.2.2.2.2.3.2.2.2.3",0.374990461267461,FALSE,TRUE,41
"1.2.2.2.2.2.2.2.2.3.2.2.2.2.2.2.2.3.2.2.2.2",0.384274418958151,FALSE,TRUE,39
"2.1.2.2.2.2.2.2.2.3.2.2.2.2.2.2.2.3.2.2.2.2",0.341496384477557,FALSE,TRUE,40
"2.2.1.2.2.2.2.2.2.3.2.2.2.2.2.2.2.3.2.2.2.2",0.345653411984018,FALSE,TRUE,39
"2.2.2.1.2.2.2.2.2.3.2.2.2.2.2.2.2.3.2.2.2.2",0.403224954583555,FALSE,TRUE,40
"2.2.2.2.2.1.2.2.2.3.2.2.2.2.2.2.2.3.2.2.2.2",0.418726145817667,FALSE,TRUE,40
"2.2.2.2.2.2.1.2.2.3.2.2.2.2.2.2.2.3.2.2.2.2",0.396862823617253,FALSE,TRUE,40
"2.2.2.2.2.2.2.1.2.3.2.2.2.2.2.2.2.3.2.2.2.2",0.374395075269859,FALSE,TRUE,40
"2.2.2.2.2.2.2.2.1.3.2.2.2.2.2.2.2.3.2.2.2.2",0.325539687798178,FALSE,TRUE,40
"2.2.2.2.2.2.2.2.2.3.1.2.2.2.2.2.2.3.2.2.2.2",0.34264597207118,FALSE,TRUE,37
"2.2.2.2.2.2.2.2.2.3.2.1.2.2.2.2.2.3.2.2.2.2",0.355498307350344,FALSE,TRUE,40
"2.2.2.2.2.2.2.2.2.3.2.2.2.1.2.2.2.3.2.2.2.2",0.409470728807096,FALSE,TRUE,40
"2.2.2.2.2.2.2.2.2.3.2.2.2.2.1.2.2.3.2.2.2.2",0.396801340757512,FALSE,TRUE,39
"2.2.2.2.2.2.2.2.2.3.2.2.2.2.2.1.2.3.2.2.2.2",0.307432230840426,FALSE,TRUE,40
"2.2.2.2.2.2.2.2.2.3.2.2.2.2.2.2.1.3.2.2.2.2",0.389472997096811,FALSE,TRUE,40
"2.2.2.2.2.2.2.2.2.3.2.2.2.2.2.2.2.3.1.2.2.2",0.421210788487893,FALSE,TRUE,40
"2.2.2.2.2.2.2.2.2.3.2.2.2.2.2.2.2.3.2.1.2.2",0.381187273888364,FALSE,TRUE,40
"2.2.2.2.2.2.2.2.2.3.2.2.2.2.2.2.2.3.2.2.1.2",0.437118070017544,FALSE,TRUE,40
"2.2.2.2.2.2.2.2.2.3.2.2.2.2.2.2.2.3.2.2.2.1",0.357701126469589,FALSE,TRUE,40
"3.2.2.2.2.2.2.2.2.2.2.2.2.2.2.2.2.2.2.2.3.2",0.335620515682608,FALSE,TRUE,39
"2.3.2.2.2.2.2.2.2.2.2.2.2.2.2.2.2.2.2.2.3.2",0.379655462514301,FALSE,TRUE,39
"2.2.2.3.2.2.2.2.2.2.2.2.2.2.2.2.2.2.2.2.3.2",0.315782539459192,FALSE,TRUE,40
"2.2.2.2.3.2.2.2.2.2.2.2.2.2.2.2.2.2.2.2.3.2",0.361310034069249,FALSE,TRUE,39
"2.2.2.2.2.3.2.2.2.2.2.2.2.2.2.2.2.2.2.2.3.2",0.297101697182634,FALSE,TRUE,39
"2.2.2.2.2.2.3.2.2.2.2.2.2.2.2.2.2.2.2.2.3.2",0.326404939263223,FALSE,TRUE,36
"2.2.2.2.2.2.2.3.2.2.2.2.2.2.2.2.2.2.2.2.3.2",0.34244127693776,FALSE,TRUE,39
"2.2.2.2.2.2.2.2.3.2.2.2.2.2.2.2.2.2.2.2.3.2",0.384556056893238,FALSE,TRUE,39
"2.2.2.2.2.2.2.2.2.3.2.2.2.2.2.2.2.2.2.2.3.2",0.324389212835874,FALSE,TRUE,38
"2.2.2.2.2.2.2.2.2.2.3.2.2.2.2.2.2.2.2.2.3.2",0.392158479685722,FALSE,TRUE,38
"2.2.2.2.2.2.2.2.2.2.2.3.2.2.2.2.2.2.2.2.3.2",0.361645571073529,FALSE,TRUE,39
"2.2.2.2.2.2.2.2.2.2.2.2.3.2.2.2.2.2.2.2.3.2",0.375955875369165,FALSE,TRUE,39
"2.2.2.2.2.2.2.2.2.2.2.2.2.3.2.2.2.2.2.2.3.2",0.321965567739923,FALSE,TRUE,39
"2.2.2.2.2.2.2.2.2.2.2.2.2.2.3.2.2.2.2.2.3.2",0.324324450380471,FALSE,TRUE,40
"2.2.2.2.2.2.2.2.2.2.2.2.2.2.2.3.2.2.2.2.3.2",0.406298495394297,FALSE,TRUE,39
"2.2.2.2.2.2.2.2.2.2.2.2.2.2.2.2.3.2.2.2.3.2",0.329523378267824,FALSE,TRUE,39
"2.2.2.2.2.2.2.2.2.2.2.2.2.2.2.2.2.2.3.2.3.2",0.29352672738915,FALSE,TRUE,39
"2.2.2.2.2.2.2.2.2.2.2.2.2.2.2.2.2.2.2.3.3.2",0.338351045648625,FALSE,TRUE,38
"2.2.2.2.2.2.2.2.2.2.2.2.2.2.2.2.2.2.2.2.4.2",0.276287297652027,FALSE,TRUE,40
"2.2.2.2.2.2.2.2.2.2.2.2.2.2.2.2.2.2.2.2.3.3",0.372592239160031,FALSE,TRUE,39
"1.2.2.2.2.2.2.2.2.2.2.2.2.2.2.2.2.2.2.2.3.2",0.379425480870517,FALSE,TRUE,37
"2.1.2.2.2.2.2.2.2.2.2.2.2.2.2.2.2.2.2.2.3.2",0.337089282222866,FALSE,TRUE,38
"2.2.1.2.2.2.2.2.2.2.2.2.2.2.2.2.2.2.2.2.3.2",0.337650280908505,FALSE,TRUE,39
"2.2.2.2.1.2.2.2.2.2.2.2.2.2.2.2.2.2.2.2.3.2",0.356970026022235,FALSE,TRUE,37
"2.2.2.2.2.1.2.2.2.2.2.2.2.2.2.2.2.2.2.2.3.2",0.406207184226272,FALSE,TRUE,38
"2.2.2.2.2.2.1.2.2.2.2.2.2.2.2.2.2.2.2.2.3.2",0.379327908167999,FALSE,TRUE,38
"2.2.2.2.2.2.2.1.2.2.2.2.2.2.2.2.2.2.2.2.3.2",0.372631865341996,FALSE,TRUE,38
"2.2.2.2.2.2.2.2.1.2.2.2.2.2.2.2.2.2.2.2.3.2",0.320795734931343,FALSE,TRUE,37
"2.2.2.2.2.2.2.2.2.1.2.2.2.2.2.2.2.2.2.2.3.2",0.384961176953282,FALSE,TRUE,38
"2.2.2.2.2.2.2.2.2.2.1.2.2.2.2.2.2.2.2.2.3.2",0.322294168789069,FALSE,TRUE,37
"2.2.2.2.2.2.2.2.2.2.2.1.2.2.2.2.2.2.2.2.3.2",0.354369515504032,FALSE,TRUE,38
"2.2.2.2.2.2.2.2.2.2.2.2.1.2.2.2.2.2.2.2.3.2",0.339294123430226,FALSE,TRUE,38
"2.2.2.2.2.2.2.2.2.2.2.2.2.1.2.2.2.2.2.2.3.2",0.395332777924817,FALSE,TRUE,38
"2.2.2.2.2.2.2.2.2.2.2.2.2.2.2.1.2.2.2.2.3.2",0.298572551054599,FALSE,TRUE,37
"2.2.2.2.2.2.2.2.2.2.2.2.2.2.2.2.1.2.2.2.3.2",0.384643956715931,FALSE,TRUE,37
"2.2.2.2.2.2.2.2.2.2.2.2.2.2.2.2.2.1.2.2.3.2",0.392335532788741,FALSE,TRUE,37
"2.2.2.2.2.2.2.2.2.2.2.2.2.2.2.2.2.2.1.2.3.2",0.41273391275031,FALSE,TRUE,38
"2.2.2.2.2.2.2.2.2.2.2.2.2.2.2.2.2.2.2.1.3.2",0.376472499876784,FALSE,TRUE,38
"2.2.2.2.2.2.2.2.2.2.2.2.2.2.2.2.2.2.2.2.3.1",0.344099243115878,FALSE,TRUE,38
"3.2.2.2.2.2.2.2.2.2.2.2.2.2.1.2.2.2.2.2.3.2",0.367846153856033,FALSE,TRUE,36
"2.3.2.2.2.2.2.2.2.2.2.2.2.2.1.2.2.2.2.2.3.2",0.413707841243577,FALSE,TRUE,36
"2.2.3.2.2.2.2.2.2.2.2.2.2.2.1.2.2.2.2.2.3.2",0.403532981334783,FALSE,TRUE,32
"2.2.2.2.3.2.2.2.2.2.2.2.2.2.1.2.2.2.2.2.3.2",0.396164351124568,FALSE,TRUE,36
"2.2.2.2.2.3.2.2.2.2.2.2.2.2.1.2.2.2.2.2.3.2",0.334270643875455,FALSE,TRUE,36
"2.2.2.2.2.2.3.2.2.2.2.2.2.2.1.2.2.2.2.2.3.2",0.365336401528945,FALSE,TRUE,32
"2.2.2.2.2.2.2.3.2.2.2.2.2.2.1.2.2.2.2.2.3.2",0.377554772720273,FALSE,TRUE,36
"2.2.2.2.2.2.2.2.3.2.2.2.2.2.1.2.2.2.2.2.3.2",0.419700405309388,FALSE,TRUE,36
"2.2.2.2.2.2.2.2.2.3.2.2.2.2.1.2.2.2.2.2.3.2",0.359201292421943,FALSE,TRUE,36
"2.2.2.2.2.2.2.2.2.2.3.2.2.2.1.2.2.2.2.2.3.2",0.42091986226048,FALSE,TRUE,36
"2.2.2.2.2.2.2.2.2.2.2.3.2.2.1.2.2.2.2.2.3.2",0.396141662246657,FALSE,TRUE,36
"2.2.2.2.2.2.2.2.2.2.2.2.3.2.1.2.2.2.2.2.3.2",0.407188380512447,FALSE,TRUE,36
"2.2.2.2.2.2.2.2.2.2.2.2.2.3.1.2.2.2.2.2.3.2",0.349035964647448,FALSE,TRUE,35
"2.2.2.2.2.2.2.2.2.2.2.2.2.2.1.3.2.2.2.2.3.2",0.432047600728539,FALSE,TRUE,36
"2.2.2.2.2.2.2.2.2.2.2.2.2.2.1.2.3.2.2.2.3.2",0.361777874585086,FALSE,TRUE,36
"2.2.2.2.2.2.2.2.2.2.2.2.2.2.1.2.2.2.3.2.3.2",0.32778846800405,FALSE,TRUE,37
"2.2.2.2.2.2.2.2.2.2.2.2.2.2.1.2.2.2.2.3.3.2",0.367505952785763,FALSE,TRUE,36
"2.2.2.2.2.2.2.2.2.2.2.2.2.2.1.2.2.2.2.2.4.2",0.309828120694095,FALSE,TRUE,36
"2.2.2.2.2.2.2.2.2.2.2.2.2.2.1.2.2.2.2.2.3.3",0.400657285549469,FALSE,TRUE,37
"2.1.2.2.2.2.2.2.2.2.2.2.2.2.1.2.2.2.2.2.3.2",0.367751167691483,FALSE,TRUE,34
"2.2.1.2.2.2.2.2.2.2.2.2.2.2.1.2.2.2.2.2.3.2",0.377941077585338,FALSE,TRUE,34
"2.2.2.1.2.2.2.2.2.2.2.2.2.2.1.2.2.2.2.2.3.2",0.436372402706193,FALSE,TRUE,34
"2.2.2.2.1.2.2.2.2.2.2.2.2.2.1.2.2.2.2.2.3.2",0.387598897880669,FALSE,TRUE,35
"2.2.2.2.2.1.2.2.2.2.2.2.2.2.1.2.2.2.2.2.3.2",0.433209216260366,FALSE,TRUE,34
"2.2.2.2.2.2.1.2.2.2.2.2.2.2.1.2.2.2.2.2.3.2",0.405058224253635,FALSE,TRUE,35
"2.2.2.2.2.2.2.1.2.2.2.2.2.2.1.2.2.2.2.2.3.2",0.402296010443898,FALSE,TRUE,34
"2.2.2.2.2.2.2.2.1.2.2.2.2.2.1.2.2.2.2.2.3.2",0.349666980022455,FALSE,TRUE,34
"2.2.2.2.2.2.2.2.2.1.2.2.2.2.1.2.2.2.2.2.3.2",0.414353055942403,FALSE,TRUE,35
"2.2.2.2.2.2.2.2.2.2.1.2.2.2.1.2.2.2.2.2.3.2",0.357824487666625,FALSE,TRUE,35
"2.2.2.2.2.2.2.2.2.2.2.1.2.2.1.2.2.2.2.2.3.2",0.384867088179155,FALSE,TRUE,35
"2.2.2.2.2.2.2.2.2.2.2.2.1.2.1.2.2.2.2.2.3.2",0.372366970364883,FALSE,TRUE,35
"2.2.2.2.2.2.2.2.2.2.2.2.2.1.1.2.2.2.2.2.3.2",0.43257381109522,FALSE,TRUE,35
"2.2.2.2.2.2.2.2.2.2.2.2.2.2.1.1.2.2.2.2.3.2",0.335994258571091,FALSE,TRUE,34
"2.2.2.2.2.2.2.2.2.2.2.2.2.2.1.2.1.2.2.2.3.2",0.417061399839124,FALSE,TRUE,35
"2.2.2.2.2.2.2.2.2.2.2.2.2.2.1.2.2.1.2.2.3.2",0.42957731234532,FALSE,TRUE,36
"2.2.2.2.2.2.2.2.2.2.2.2.2.2.1.2.2.2.2.1.3.2",0.411397267230058,FALSE,TRUE,35
"3.2.2.2.2.2.2.2.2.2.2.2.2.2.1.2.2.2.1.2.3.2",0.425895016421774,FALSE,TRUE,39
"2.3.2.2.2.2.2.2.2.2.2.2.2.2.1.2.2.2.1.2.3.2",0.468802897537901,FALSE,TRUE,39
"2.2.2.3.2.2.2.2.2.2.2.2.2.2.1.2.2.2.1.2.3.2",0.36935363130732,FALSE,TRUE,39
"2.2.2.2.3.2.2.2.2.2.2.2.2.2.1.2.2.2.1.2.3.2",0.448713106231541,FALSE,TRUE,39
"2.2.2.2.2.3.2.2.2.2.2.2.2.2.1.2.2.2.1.2.3.2",0.388315555349532,FALSE,TRUE,39
"2.2.2.2.2.2.3.2.2.2.2.2.2.2.1.2.2.2.1.2.3.2",0.43879027419074,FALSE,TRUE,38
"2.2.2.2.2.2.2.3.2.2.2.2.2.2.1.2.2.2.1.2.3.2",0.423562983629738,FALSE,TRUE,39
"2.2.2.2.2.2.2.2.3.2.2.2.2.2.1.2.2.2.1.2.3.2",0.478974317008582,FALSE,TRUE,39
"2.2.2.2.2.2.2.2.2.3.2.2.2.2.1.2.2.2.1.2.3.2",0.414757519008921,FALSE,TRUE,39
"2.2.2.2.2.2.2.2.2.2.3.2.2.2.1.2.2.2.1.2.3.2",0.472673390514398,FALSE,TRUE,39
"2.2.2.2.2.2.2.2.2.2.2.3.2.2.1.2.2.2.1.2.3.2",0.442186655845354,FALSE,TRUE,39
"2.2.2.2.2.2.2.2.2.2.2.2.3.2.1.2.2.2.1.2.3.2",0.453575479226833,FALSE,TRUE,39
"2.2.2.2.2.2.2.2.2.2.2.2.2.3.1.2.2.2.1.2.3.2",0.386336543458005,FALSE,TRUE,39
"2.2.2.2.2.2.2.2.2.2.2.2.2.2.1.3.2.2.1.2.3.2",0.464522244345986,FALSE,TRUE,39
"2.2.2.2.2.2.2.2.2.2.2.2.2.2.1.2.3.2.1.2.3.2",0.414529119724681,FALSE,TRUE,39
"2.2.2.2.2.2.2.2.2.2.2.2.2.2.1.2.2.3.1.2.3.2",0.387782321693112,FALSE,TRUE,37
"2.2.2.2.2.2.2.2.2.2.2.2.2.2.1.2.2.2.1.3.3.2",0.407936207866834,FALSE,TRUE,38
"2.2.2.2.2.2.2.2.2.2.2.2.2.2.1.2.2.2.1.2.4.2",0.353796514049532,FALSE,TRUE,39
"2.2.2.2.2.2.2.2.2.2.2.2.2.2.1.2.2.2.1.2.3.3",0.446138652588979,FALSE,TRUE,39
"1.2.2.2.2.2.2.2.2.2.2.2.2.2.1.2.2.2.1.2.3.2",0.44942818002636,FALSE,TRUE,37
"2.1.2.2.2.2.2.2.2.2.2.2.2.2.1.2.2.2.1.2.3.2",0.412399534628906,FALSE,TRUE,38
"2.2.1.2.2.2.2.2.2.2.2.2.2.2.1.2.2.2.1.2.3.2",0.437948038385305,FALSE,TRUE,39
"2.2.2.1.2.2.2.2.2.2.2.2.2.2.1.2.2.2.1.2.3.2",0.507420684523412,FALSE,TRUE,37
"2.2.2.2.1.2.2.2.2.2.2.2.2.2.1.2.2.2.1.2.3.2",0.434051681574299,FALSE,TRUE,38
"2.2.2.2.2.1.2.2.2.2.2.2.2.2.1.2.2.2.1.2.3.2",0.478051363449624,FALSE,TRUE,38
"2.2.2.2.2.2.1.2.2.2.2.2.2.2.1.2.2.2.1.2.3.2",0.429619248264634,FALSE,TRUE,38
"2.2.2.2.2.2.2.1.2.2.2.2.2.2.1.2.2.2.1.2.3.2",0.454633244393478,FALSE,TRUE,38
"2.2.2.2.2.2.2.2.1.2.2.2.2.2.1.2.2.2.1.2.3.2",0.391162806506444,FALSE,TRUE,38
"2.2.2.2.2.2.2.2.2.1.2.2.2.2.1.2.2.2.1.2.3.2",0.45761855810286,FALSE,TRUE,38
"2.2.2.2.2.2.2.2.2.2.1.2.2.2.1.2.2.2.1.2.3.2",0.402719402323815,FALSE,TRUE,37
"2.2.2.2.2.2.2.2.2.2.2.1.2.2.1.2.2.2.1.2.3.2",0.438288657158585,FALSE,TRUE,38
"2.2.2.2.2.2.2.2.2.2.2.2.1.2.1.2.2.2.1.2.3.2",0.424258723520964,FALSE,TRUE,38
"2.2.2.2.2.2.2.2.2.2.2.2.2.1.1.2.2.2.1.2.3.2",0.490349151652009,FALSE,TRUE,38
"2.2.2.2.2.2.2.2.2.2.2.2.2.2.1.1.2.2.1.2.3.2",0.402210331508752,FALSE,TRUE,38
"2.2.2.2.2.2.2.2.2.2.2.2.2.2.1.2.1.2.1.2.3.2",0.46169795109375,FALSE,TRUE,38
"2.2.2.2.2.2.2.2.2.2.2.2.2.2.1.2.2.1.1.2.3.2",0.485421567896626,FALSE,TRUE,38
"2.2.2.2.2.2.2.2.2.2.2.2.2.2.1.2.2.2.1.1.3.2",0.469426775514672,FALSE,TRUE,38
"2.2.2.2.2.2.2.2.2.2.2.2.2.2.1.2.2.2.1.2.2.2",0.516568880079295,FALSE,TRUE,38
"2.2.2.2.2.2.2.2.2.2.2.2.2.2.1.2.2.2.1.2.3.1",0.431788652051073,FALSE,TRUE,38
"3.2.3.2.2.2.2.2.2.2.2.2.2.2.2.2.2.2.2.2.3.2",0.35164962227748,FALSE,TRUE,39
"2.3.3.2.2.2.2.2.2.2.2.2.2.2.2.2.2.2.2.2.3.2",0.400467792321025,FALSE,TRUE,41
"2.2.4.2.2.2.2.2.2.2.2.2.2.2.2.2.2.2.2.2.3.2",0.394908207573493,FALSE,TRUE,42
"2.2.3.3.2.2.2.2.2.2.2.2.2.2.2.2.2.2.2.2.3.2",0.340414395289362,FALSE,TRUE,40
"2.2.3.2.3.2.2.2.2.2.2.2.2.2.2.2.2.2.2.2.3.2",0.382727149390263,FALSE,TRUE,41
"2.2.3.2.2.3.2.2.2.2.2.2.2.2.2.2.2.2.2.2.3.2",0.327244998873395,FALSE,TRUE,42
"2.2.3.2.2.2.3.2.2.2.2.2.2.2.2.2.2.2.2.2.3.2",0.346528517545669,FALSE,TRUE,40
"2.2.3.2.2.2.2.3.2.2.2.2.2.2.2.2.2.2.2.2.3.2",0.369382118531229,FALSE,TRUE,41
"2.2.3.2.2.2.2.2.3.2.2.2.2.2.2.2.2.2.2.2.3.2",0.407422578553849,FALSE,TRUE,41
"2.2.3.2.2.2.2.2.2.3.2.2.2.2.2.2.2.2.2.2.3.2",0.343853281588197,FALSE,TRUE,41
"2.2.3.2.2.2.2.2.2.2.3.2.2.2.2.2.2.2.2.2.3.2",0.407406230198353,FALSE,TRUE,41
"2.2.3.2.2.2.2.2.2.2.2.3.2.2.2.2.2.2.2.2.3.2",0.384428953547048,FALSE,TRUE,41
"2.2.3.2.2.2.2.2.2.2.2.2.3.2.2.2.2.2.2.2.3.2",0.390333048016444,FALSE,TRUE,41
"2.2.3.2.2.2.2.2.2.2.2.2.2.3.2.2.2.2.2.2.3.2",0.346213396832447,FALSE,TRUE,41
"2.2.3.2.2.2.2.2.2.2.2.2.2.2.3.2.2.2.2.2.3.2",0.351971395198607,FALSE,TRUE,41
"2.2.3.2.2.2.2.2.2.2.2.2.2.2.2.3.2.2.2.2.3.2",0.417033875778782,FALSE,TRUE,41
"2.2.3.2.2.2.2.2.2.2.2.2.2.2.2.2.3.2.2.2.3.2",0.353140936398424,FALSE,TRUE,41
"2.2.3.2.2.2.2.2.2.2.2.2.2.2.2.2.2.3.2.2.3.2",0.344681529477746,FALSE,TRUE,39
"2.2.3.2.2.2.2.2.2.2.2.2.2.2.2.2.2.2.3.2.3.2",0.324567538248513,FALSE,TRUE,41
"2.2.3.2.2.2.2.2.2.2.2.2.2.2.2.2.2.2.2.3.3.2",0.357840438409519,FALSE,TRUE,41
"2.2.3.2.2.2.2.2.2.2.2.2.2.2.2.2.2.2.2.2.4.2",0.298355134482648,FALSE,TRUE,41
"2.2.3.2.2.2.2.2.2.2.2.2.2.2.2.2.2.2.2.2.3.3",0.383146679049682,FALSE,TRUE,41
"1.2.3.2.2.2.2.2.2.2.2.2.2.2.2.2.2.2.2.2.3.2",0.402452597484042,FALSE,TRUE,39
"2.1.3.2.2.2.2.2.2.2.2.2.2.2.2.2.2.2.2.2.3.2",0.35516384078462,FALSE,TRUE,38
"2.2.3.1.2.2.2.2.2.2.2.2.2.2.2.2.2.2.2.2.3.2",0.41572295814121,FALSE,TRUE,38
"2.2.3.2.1.2.2.2.2.2.2.2.2.2.2.2.2.2.2.2.3.2",0.375757493910527,FALSE,TRUE,40
"2.2.3.2.2.2.1.2.2.2.2.2.2.2.2.2.2.2.2.2.3.2",0.398502043637772,FALSE,TRUE,40
"2.2.3.2.2.2.2.1.2.2.2.2.2.2.2.2.2.2.2.2.3.2",0.385254694344157,FALSE,TRUE,40
"2.2.3.2.2.2.2.2.1.2.2.2.2.2.2.2.2.2.2.2.3.2",0.335928422808633,FALSE,TRUE,39
"2.2.3.2.2.2.2.2.2.1.2.2.2.2.2.2.2.2.2.2.3.2",0.403901519506168,FALSE,TRUE,40
"2.2.3.2.2.2.2.2.2.2.1.2.2.2.2.2.2.2.2.2.3.2",0.346474574040476,FALSE,TRUE,40
"2.2.3.2.2.2.2.2.2.2.2.1.2.2.2.2.2.2.2.2.3.2",0.370852992625606,FALSE,TRUE,40
"2.2.3.2.2.2.2.2.2.2.2.2.1.2.2.2.2.2.2.2.3.2",0.363596819073071,FALSE,TRUE,40
"2.2.3.2.2.2.2.2.2.2.2.2.2.1.2.2.2.2.2.2.3.2",0.411536426359084,FALSE,TRUE,40
"2.2.3.2.2.2.2.2.2.2.2.2.2.2.2.1.2.2.2.2.3.2",0.32500840942177,FALSE,TRUE,38
"2.2.3.2.2.2.2.2.2.2.2.2.2.2.2.2.1.2.2.2.3.2",0.400572442403549,FALSE,TRUE,40
"2.2.3.2.2.2.2.2.2.2.2.2.2.2.2.2.2.1.2.2.3.2",0.409692706404229,FALSE,TRUE,40
"2.2.3.2.2.2.2.2.2.2.2.2.2.2.2.2.2.2.1.2.3.2",0.421295851156799,FALSE,TRUE,36
"2.2.3.2.2.2.2.2.2.2.2.2.2.2.2.2.2.2.2.1.3.2",0.395331918631444,FALSE,TRUE,40
"2.2.3.2.2.2.2.2.2.2.2.2.2.2.2.2.2.2.2.2.3.1",0.372589678390379,FALSE,TRUE,39
"3.2.2.1.2.2.2.2.2.2.2.2.2.2.2.2.2.2.2.2.3.2",0.378264284723387,FALSE,TRUE,39
"2.3.2.1.2.2.2.2.2.2.2.2.2.2.2.2.2.2.2.2.3.2",0.415502966110425,FALSE,TRUE,39
"2.2.2.1.3.2.2.2.2.2.2.2.2.2.2.2.2.2.2.2.3.2",0.399853313950735,FALSE,TRUE,39
"2.2.2.1.2.3.2.2.2.2.2.2.2.2.2.2.2.2.2.2.3.2",0.339364409703085,FALSE,TRUE,39
"2.2.2.1.2.2.2.3.2.2.2.2.2.2.2.2.2.2.2.2.3.2",0.381413141560872,FALSE,TRUE,39
"2.2.2.1.2.2.2.2.3.2.2.2.2.2.2.2.2.2.2.2.3.2",0.421755501384005,FALSE,TRUE,40
"2.2.2.1.2.2.2.2.2.3.2.2.2.2.2.2.2.2.2.2.3.2",0.369996005764894,FALSE,TRUE,39
"2.2.2.1.2.2.2.2.2.2.3.2.2.2.2.2.2.2.2.2.3.2",0.434175539673351,FALSE,TRUE,39
"2.2.2.1.2.2.2.2.2.2.2.3.2.2.2.2.2.2.2.2.3.2",0.399982850715884,FALSE,TRUE,39
"2.2.2.1.2.2.2.2.2.2.2.2.3.2.2.2.2.2.2.2.3.2",0.425257267959034,FALSE,TRUE,39
"2.2.2.1.2.2.2.2.2.2.2.2.2.3.2.2.2.2.2.2.3.2",0.360327335786425,FALSE,TRUE,39
"2.2.2.1.2.2.2.2.2.2.2.2.2.2.3.2.2.2.2.2.3.2",0.362250133723496,FALSE,TRUE,39
"2.2.2.1.2.2.2.2.2.2.2.2.2.2.2.3.2.2.2.2.3.2",0.458484154633355,FALSE,TRUE,39
"2.2.2.1.2.2.2.2.2.2.2.2.2.2.2.2.3.2.2.2.3.2",0.36151030879857,FALSE,TRUE,39
"2.2.2.1.2.2.2.2.2.2.2.2.2.2.2.2.2.3.2.2.3.2",0.358301846993468,FALSE,TRUE,37
"2.2.2.1.2.2.2.2.2.2.2.2.2.2.2.2.2.2.3.2.3.2",0.310210119234281,FALSE,TRUE,39
"2.2.2.1.2.2.2.2.2.2.2.2.2.2.2.2.2.2.2.3.3.2",0.381818611546328,FALSE,TRUE,39
"2.2.2.1.2.2.2.2.2.2.2.2.2.2.2.2.2.2.2.2.4.2",0.323519204372763,FALSE,TRUE,39
"2.2.2.1.2.2.2.2.2.2.2.2.2.2.2.2.2.2.2.2.3.3",0.426308019338125,FALSE,TRUE,39
"1.2.2.1.2.2.2.2.2.2.2.2.2.2.2.2.2.2.2.2.3.2",0.417119335534803,FALSE,TRUE,37
"2.1.2.1.2.2.2.2.2.2.2.2.2.2.2.2.2.2.2.2.3.2",0.382535309907467,FALSE,TRUE,38
"2.2.1.1.2.2.2.2.2.2.2.2.2.2.2.2.2.2.2.2.3.2",0.381727426181285,FALSE,TRUE,38
"2.2.2.1.1.2.2.2.2.2.2.2.2.2.2.2.2.2.2.2.3.2",0.39911950450114,FALSE,TRUE,38
"2.2.2.1.2.1.2.2.2.2.2.2.2.2.2.2.2.2.2.2.3.2",0.44366826175372,FALSE,TRUE,37
"2.2.2.1.2.2.1.2.2.2.2.2.2.2.2.2.2.2.2.2.3.2",0.411645269171653,FALSE,TRUE,39
"2.2.2.1.2.2.2.1.2.2.2.2.2.2.2.2.2.2.2.2.3.2",0.414106940355919,FALSE,TRUE,38
"2.2.2.1.2.2.2.2.2.1.2.2.2.2.2.2.2.2.2.2.3.2",0.420217196979512,FALSE,TRUE,38
"2.2.2.1.2.2.2.2.2.2.1.2.2.2.2.2.2.2.2.2.3.2",0.361310461782125,FALSE,TRUE,38
"2.2.2.1.2.2.2.2.2.2.2.1.2.2.2.2.2.2.2.2.3.2",0.397056215157324,FALSE,TRUE,38
"2.2.2.1.2.2.2.2.2.2.2.2.1.2.2.2.2.2.2.2.3.2",0.371056601819172,FALSE,TRUE,38
"2.2.2.1.2.2.2.2.2.2.2.2.2.1.2.2.2.2.2.2.3.2",0.435965271636879,FALSE,TRUE,38
"2.2.2.1.2.2.2.2.2.2.2.2.2.2.2.1.2.2.2.2.3.2",0.327505410423373,FALSE,TRUE,38
"2.2.2.1.2.2.2.2.2.2.2.2.2.2.2.2.1.2.2.2.3.2",0.433194476468464,FALSE,TRUE,38
"2.2.2.1.2.2.2.2.2.2.2.2.2.2.2.2.2.1.2.2.3.2",0.435734093564056,FALSE,TRUE,38
"2.2.2.1.2.2.2.2.2.2.2.2.2.2.2.2.2.2.1.2.3.2",0.473970630095401,FALSE,TRUE,37
"2.2.2.1.2.2.2.2.2.2.2.2.2.2.2.2.2.2.2.1.3.2",0.415098518087359,FALSE,TRUE,38
"2.2.2.1.2.2.2.2.2.2.2.2.2.2.2.2.2.2.2.2.3.1",0.37156150865347,FALSE,TRUE,37
"1.3.2.2.2.2.2.2.2.2.2.2.2.2.1.2.2.2.2.2.3.2",0.435974043853213,FALSE,TRUE,39
"1.2.3.2.2.2.2.2.2.2.2.2.2.2.1.2.2.2.2.2.3.2",0.426222839289989,FALSE,TRUE,37
"1.2.2.3.2.2.2.2.2.2.2.2.2.2.1.2.2.2.2.2.3.2",0.364072024498298,FALSE,TRUE,39
"1.2.2.2.3.2.2.2.2.2.2.2.2.2.1.2.2.2.2.2.3.2",0.416128602248536,FALSE,TRUE,39
"1.2.2.2.2.3.2.2.2.2.2.2.2.2.1.2.2.2.2.2.3.2",0.352131019724099,FALSE,TRUE,39
"1.2.2.2.2.2.2.3.2.2.2.2.2.2.1.2.2.2.2.2.3.2",0.398064401989152,FALSE,TRUE,39
"1.2.2.2.2.2.2.2.3.2.2.2.2.2.1.2.2.2.2.2.3.2",0.44810403249142,FALSE,TRUE,39
"1.2.2.2.2.2.2.2.2.3.2.2.2.2.1.2.2.2.2.2.3.2",0.382053800669646,FALSE,TRUE,39
"1.2.2.2.2.2.2.2.2.2.3.2.2.2.1.2.2.2.2.2.3.2",0.434244974426106,FALSE,TRUE,39
"1.2.2.2.2.2.2.2.2.2.2.3.2.2.1.2.2.2.2.2.3.2",0.417215029886636,FALSE,TRUE,39
"1.2.2.2.2.2.2.2.2.2.2.2.3.2.1.2.2.2.2.2.3.2",0.430614214187818,FALSE,TRUE,39
"1.2.2.2.2.2.2.2.2.2.2.2.2.3.1.2.2.2.2.2.3.2",0.36796246351345,FALSE,TRUE,38
"1.2.2.2.2.2.2.2.2.2.2.2.2.2.1.3.2.2.2.2.3.2",0.45226831150346,FALSE,TRUE,39
"1.2.2.2.2.2.2.2.2.2.2.2.2.2.1.2.3.2.2.2.3.2",0.38667934782859,FALSE,TRUE,39
"1.2.2.2.2.2.2.2.2.2.2.2.2.2.1.2.2.3.2.2.3.2",0.365208241136553,FALSE,TRUE,37
"1.2.2.2.2.2.2.2.2.2.2.2.2.2.1.2.2.2.3.2.3.2",0.356285740628366,FALSE,TRUE,39
"1.2.2.2.2.2.2.2.2.2.2.2.2.2.1.2.2.2.2.3.3.2",0.385891772852995,FALSE,TRUE,38
"1.2.2.2.2.2.2.2.2.2.2.2.2.2.1.2.2.2.2.2.4.2",0.332627852424738,FALSE,TRUE,39
"1.2.2.2.2.2.2.2.2.2.2.2.2.2.1.2.2.2.2.2.3.3",0.418033610750325,FALSE,TRUE,39
"1.1.2.2.2.2.2.2.2.2.2.2.2.2.1.2.2.2.2.2.3.2",0.382873778135665,FALSE,TRUE,38
"1.2.1.2.2.2.2.2.2.2.2.2.2.2.1.2.2.2.2.2.3.2",0.393164224119288,FALSE,TRUE,37
"1.2.2.1.2.2.2.2.2.2.2.2.2.2.1.2.2.2.2.2.3.2",0.452595210870946,FALSE,TRUE,37
"1.2.2.2.1.2.2.2.2.2.2.2.2.2.1.2.2.2.2.2.3.2",0.403791073644844,FALSE,TRUE,38
"1.2.2.2.2.1.2.2.2.2.2.2.2.2.1.2.2.2.2.2.3.2",0.451993203208229,FALSE,TRUE,38
"1.2.2.2.2.2.1.2.2.2.2.2.2.2.1.2.2.2.2.2.3.2",0.418155358979185,FALSE,TRUE,39
"1.2.2.2.2.2.2.1.2.2.2.2.2.2.1.2.2.2.2.2.3.2",0.418146684195663,FALSE,TRUE,38
"1.2.2.2.2.2.2.2.1.2.2.2.2.2.1.2.2.2.2.2.3.2",0.359538888266157,FALSE,TRUE,38
"1.2.2.2.2.2.2.2.2.1.2.2.2.2.1.2.2.2.2.2.3.2",0.427758100546355,FALSE,TRUE,38
"1.2.2.2.2.2.2.2.2.2.1.2.2.2.1.2.2.2.2.2.3.2",0.380986815629869,FALSE,TRUE,37
"1.2.2.2.2.2.2.2.2.2.2.1.2.2.1.2.2.2.2.2.3.2",0.400837742341145,FALSE,TRUE,38
"1.2.2.2.2.2.2.2.2.2.2.2.1.2.1.2.2.2.2.2.3.2",0.385764063722811,FALSE,TRUE,38
"1.2.2.2.2.2.2.2.2.2.2.2.2.1.1.2.2.2.2.2.3.2",0.449107721935761,FALSE,TRUE,38
"1.2.2.2.2.2.2.2.2.2.2.2.2.2.1.1.2.2.2.2.3.2",0.353003644546953,FALSE,TRUE,38
"1.2.2.2.2.2.2.2.2.2.2.2.2.2.1.2.1.2.2.2.3.2",0.427918064264912,FALSE,TRUE,38
"1.2.2.2.2.2.2.2.2.2.2.2.2.2.1.2.2.1.2.2.3.2",0.448292081974313,FALSE,TRUE,38
"1.2.2.2.2.2.2.2.2.2.2.2.2.2.1.2.2.2.2.1.3.2",0.430590070108463,FALSE,TRUE,38
"1.2.2.2.2.2.2.2.2.2.2.2.2.2.1.2.2.2.2.2.2.2",0.474790768922314,FALSE,TRUE,38
"1.2.2.2.2.2.2.2.2.2.2.2.2.2.1.2.2.2.2.2.3.1",0.399465010171961,FALSE,TRUE,38
"3.2.2.3.2.2.2.2.2.2.2.2.2.2.1.2.2.2.2.2.3.2",0.318385399277459,FALSE,TRUE,41
"2.3.2.3.2.2.2.2.2.2.2.2.2.2.1.2.2.2.2.2.3.2",0.368412702499722,FALSE,TRUE,41
"2.2.3.3.2.2.2.2.2.2.2.2.2.2.1.2.2.2.2.2.3.2",0.35976598488768,FALSE,TRUE,39
"2.2.2.4.2.2.2.2.2.2.2.2.2.2.1.2.2.2.2.2.3.2",0.291067837899645,FALSE,TRUE,42
"2.2.2.3.3.2.2.2.2.2.2.2.2.2.1.2.2.2.2.2.3.2",0.349058982210549,FALSE,TRUE,41
"2.2.2.3.2.3.2.2.2.2.2.2.2.2.1.2.2.2.2.2.3.2",0.28543502221207,FALSE,TRUE,41
"2.2.2.3.2.2.3.2.2.2.2.2.2.2.1.2.2.2.2.2.3.2",0.313735541291973,FALSE,TRUE,40
"2.2.2.3.2.2.2.3.2.2.2.2.2.2.1.2.2.2.2.2.3.2",0.32945540336609,FALSE,TRUE,41
"2.2.2.3.2.2.2.2.3.2.2.2.2.2.1.2.2.2.2.2.3.2",0.373269294654827,FALSE,TRUE,41
"2.2.2.3.2.2.2.2.2.3.2.2.2.2.1.2.2.2.2.2.3.2",0.309217164705332,FALSE,TRUE,41
"2.2.2.3.2.2.2.2.2.2.3.2.2.2.1.2.2.2.2.2.3.2",0.369398239351078,FALSE,TRUE,41
"2.2.2.3.2.2.2.2.2.2.2.3.2.2.1.2.2.2.2.2.3.2",0.349736402613252,FALSE,TRUE,41
"2.2.2.3.2.2.2.2.2.2.2.2.3.2.1.2.2.2.2.2.3.2",0.348333388559867,FALSE,TRUE,41
"2.2.2.3.2.2.2.2.2.2.2.2.2.3.1.2.2.2.2.2.3.2",0.304333515750583,FALSE,TRUE,41
"2.2.2.3.2.2.2.2.2.2.2.2.2.2.1.3.2.2.2.2.3.2",0.370965976068985,FALSE,TRUE,41
"2.2.2.3.2.2.2.2.2.2.2.2.2.2.1.2.3.2.2.2.3.2",0.323093606950855,FALSE,TRUE,41
"2.2.2.3.2.2.2.2.2.2.2.2.2.2.1.2.2.3.2.2.3.2",0.308035148587166,FALSE,TRUE,39
"2.2.2.3.2.2.2.2.2.2.2.2.2.2.1.2.2.2.3.2.3.2",0.306164068793397,FALSE,TRUE,41
"2.2.2.3.2.2.2.2.2.2.2.2.2.2.1.2.2.2.2.3.3.2",0.314354780182058,FALSE,TRUE,40
"2.2.2.3.2.2.2.2.2.2.2.2.2.2.1.2.2.2.2.2.4.2",0.259839686066053,FALSE,TRUE,41
"2.2.2.3.2.2.2.2.2.2.2.2.2.2.1.2.2.2.2.2.3.3",0.337623925029466,FALSE,TRUE,41
"2.1.2.3.2.2.2.2.2.2.2.2.2.2.1.2.2.2.2.2.3.2",0.315351694041209,FALSE,TRUE,40
"2.2.1.3.2.2.2.2.2.2.2.2.2.2.1.2.2.2.2.2.3.2",0.325558594671527,FALSE,TRUE,40
"2.2.2.3.1.2.2.2.2.2.2.2.2.2.1.2.2.2.2.2.3.2",0.337492616347336,FALSE,TRUE,40
"2.2.2.3.2.1.2.2.2.2.2.2.2.2.1.2.2.2.2.2.3.2",0.38603814993111,FALSE,TRUE,40
"2.2.2.3.2.2.1.2.2.2.2.2.2.2.1.2.2.2.2.2.3.2",0.362089971234443,FALSE,TRUE,40
"2.2.2.3.2.2.2.1.2.2.2.2.2.2.1.2.2.2.2.2.3.2",0.353577500954375,FALSE,TRUE,40
"2.2.2.3.2.2.2.2.1.2.2.2.2.2.1.2.2.2.2.2.3.2",0.298757612081685,FALSE,TRUE,40
"2.2.2.3.2.2.2.2.2.1.2.2.2.2.1.2.2.2.2.2.3.2",0.367329132349838,FALSE,TRUE,40
"2.2.2.3.2.2.2.2.2.2.1.2.2.2.1.2.2.2.2.2.3.2",0.311684608366087,FALSE,TRUE,39
"2.2.2.3.2.2.2.2.2.2.2.1.2.2.1.2.2.2.2.2.3.2",0.333707587101069,FALSE,TRUE,40
"2.2.2.3.2.2.2.2.2.2.2.2.1.2.1.2.2.2.2.2.3.2",0.333761356495642,FALSE,TRUE,40
"2.2.2.3.2.2.2.2.2.2.2.2.2.1.1.2.2.2.2.2.3.2",0.381301445137554,FALSE,TRUE,40
"2.2.2.3.2.2.2.2.2.2.2.2.2.2.1.1.2.2.2.2.3.2",0.299841589806078,FALSE,TRUE,40
"2.2.2.3.2.2.2.2.2.2.2.2.2.2.1.2.1.2.2.2.3.2",0.358669192606974,FALSE,TRUE,40
"2.2.2.3.2.2.2.2.2.2.2.2.2.2.1.2.2.1.2.2.3.2",0.374190898243005,FALSE,TRUE,40
"2.2.2.3.2.2.2.2.2.2.2.2.2.2.1.2.2.2.2.1.3.2",0.36619088953487,FALSE,TRUE,40
"2.2.2.3.2.2.2.2.2.2.2.2.2.2.1.2.2.2.2.2.2.2",0.417785561910604,FALSE,TRUE,40
"2.2.2.3.2.2.2.2.2.2.2.2.2.2.1.2.2.2.2.2.3.1",0.34559769554151,FALSE,TRUE,40
"1.3.2.2.2.2.3.2.2.2.2.2.2.2.1.2.2.2.2.2.3.2",0.408396710489554,FALSE,TRUE,37
"1.2.3.2.2.2.3.2.2.2.2.2.2.2.1.2.2.2.2.2.3.2",0.403241039282776,FALSE,TRUE,38
"1.2.2.3.2.2.3.2.2.2.2.2.2.2.1.2.2.2.2.2.3.2",0.335704680651029,FALSE,TRUE,36
"1.2.2.2.3.2.3.2.2.2.2.2.2.2.1.2.2.2.2.2.3.2",0.392275080744208,FALSE,TRUE,37
"1.2.2.2.2.3.3.2.2.2.2.2.2.2.1.2.2.2.2.2.3.2",0.31172094436903,FALSE,TRUE,37
"1.2.2.2.2.2.4.2.2.2.2.2.2.2.1.2.2.2.2.2.3.2",0.352896713929637,FALSE,TRUE,38
"1.2.2.2.2.2.3.3.2.2.2.2.2.2.1.2.2.2.2.2.3.2",0.365866662991733,FALSE,TRUE,38
"1.2.2.2.2.2.3.2.3.2.2.2.2.2.1.2.2.2.2.2.3.2",0.413280431937561,FALSE,TRUE,37
"1.2.2.2.2.2.3.2.2.3.2.2.2.2.1.2.2.2.2.2.3.2",0.355151816806292,FALSE,TRUE,37
"1.2.2.2.2.2.3.2.2.2.3.2.2.2.1.2.2.2.2.2.3.2",0.411394290538287,FALSE,TRUE,37
"1.2.2.2.2.2.3.2.2.2.2.3.2.2.1.2.2.2.2.2.3.2",0.391713595991311,FALSE,TRUE,37
"1.2.2.2.2.2.3.2.2.2.2.2.3.2.1.2.2.2.2.2.3.2",0.407565057343296,FALSE,TRUE,37
"1.2.2.2.2.2.3.2.2.2.2.2.2.2.2.2.2.2.2.2.3.2",0.349130829936912,FALSE,TRUE,36
"1.2.2.2.2.2.3.2.2.2.2.2.2.2.1.3.2.2.2.2.3.2",0.432858668150296,FALSE,TRUE,37
"1.2.2.2.2.2.3.2.2.2.2.2.2.2.1.2.3.2.2.2.3.2",0.35700693231183,FALSE,TRUE,37
"1.2.2.2.2.2.3.2.2.2.2.2.2.2.1.2.2.3.2.2.3.2",0.33275860969319,FALSE,TRUE,36
"1.2.2.2.2.2.3.2.2.2.2.2.2.2.1.2.2.2.3.2.3.2",0.309323496547979,FALSE,TRUE,37
"1.2.2.2.2.2.3.2.2.2.2.2.2.2.1.2.2.2.2.3.3.2",0.363144077984422,FALSE,TRUE,37
"1.2.2.2.2.2.3.2.2.2.2.2.2.2.1.2.2.2.2.2.4.2",0.307071623677144,FALSE,TRUE,37
"1.2.2.2.2.2.3.2.2.2.2.2.2.2.1.2.2.2.2.2.3.3",0.401983332371861,FALSE,TRUE,37
"1.1.2.2.2.2.3.2.2.2.2.2.2.2.1.2.2.2.2.2.3.2",0.363865586740562,FALSE,TRUE,36
"1.2.2.1.2.2.3.2.2.2.2.2.2.2.1.2.2.2.2.2.3.2",0.435121021994997,FALSE,TRUE,34
"1.2.2.2.1.2.3.2.2.2.2.2.2.2.1.2.2.2.2.2.3.2",0.381361690507754,FALSE,TRUE,36
"1.2.2.2.2.1.3.2.2.2.2.2.2.2.1.2.2.2.2.2.3.2",0.448266386442938,FALSE,TRUE,36
"1.2.2.2.2.2.3.2.1.2.2.2.2.2.1.2.2.2.2.2.3.2",0.347713259504606,FALSE,TRUE,36
"1.2.2.2.2.2.3.2.2.1.2.2.2.2.1.2.2.2.2.2.3.2",0.408529221305421,FALSE,TRUE,36
"1.2.2.2.2.2.3.2.2.2.1.2.2.2.1.2.2.2.2.2.3.2",0.358217509433014,FALSE,TRUE,36
"1.2.2.2.2.2.3.2.2.2.2.1.2.2.1.2.2.2.2.2.3.2",0.380256924727971,FALSE,TRUE,36
"1.2.2.2.2.2.3.2.2.2.2.2.1.2.1.2.2.2.2.2.3.2",0.363456365546083,FALSE,TRUE,36
"1.2.2.2.2.2.3.2.2.2.2.2.2.1.1.2.2.2.2.2.3.2",0.435255997995555,FALSE,TRUE,37
"1.2.2.2.2.2.3.2.2.2.2.2.2.2.1.1.2.2.2.2.3.2",0.327007365176877,FALSE,TRUE,36
"1.2.2.2.2.2.3.2.2.2.2.2.2.2.1.2.1.2.2.2.3.2",0.411522688168819,FALSE,TRUE,36
"1.2.2.2.2.2.3.2.2.2.2.2.2.2.1.2.2.1.2.2.3.2",0.436160129715682,FALSE,TRUE,36
"1.2.2.2.2.2.3.2.2.2.2.2.2.2.1.2.2.2.1.2.3.2",0.449164357117823,FALSE,TRUE,35
"1.2.2.2.2.2.3.2.2.2.2.2.2.2.1.2.2.2.2.1.3.2",0.407632569859663,FALSE,TRUE,36
"1.2.2.2.2.2.3.2.2.2.2.2.2.2.1.2.2.2.2.2.2.2",0.455499127217462,FALSE,TRUE,37
"1.2.2.2.2.2.3.2.2.2.2.2.2.2.1.2.2.2.2.2.3.1",0.370576230378087,FALSE,TRUE,35
"3.2.2.2.2.2.2.2.2.2.2.2.2.2.2.2.2.4.2.2.2.2",0.333886163568826,FALSE,TRUE,41
"2.3.2.2.2.2.2.2.2.2.2.2.2.2.2.2.2.4.2.2.2.2",0.373915205648772,FALSE,TRUE,40
"2.2.3.2.2.2.2.2.2.2.2.2.2.2.2.2.2.4.2.2.2.2",0.368059327102909,FALSE,TRUE,40
"2.2.2.3.2.2.2.2.2.2.2.2.2.2.2.2.2.4.2.2.2.2",0.316857170874906,FALSE,TRUE,40
"2.2.2.2.3.2.2.2.2.2.2.2.2.2.2.2.2.4.2.2.2.2",0.349920513312883,FALSE,TRUE,40
"2.2.2.2.2.3.2.2.2.2.2.2.2.2.2.2.2.4.2.2.2.2",0.283540784382891,FALSE,TRUE,40
"2.2.2.2.2.2.3.2.2.2.2.2.2.2.2.2.2.4.2.2.2.2",0.301817073560365,FALSE,TRUE,40
"2.2.2.2.2.2.2.3.2.2.2.2.2.2.2.2.2.4.2.2.2.2",0.338291611538586,FALSE,TRUE,39
"2.2.2.2.2.2.2.2.3.2.2.2.2.2.2.2.2.4.2.2.2.2",0.385317044588979,FALSE,TRUE,40
"2.2.2.2.2.2.2.2.2.2.3.2.2.2.2.2.2.4.2.2.2.2",0.356746887366461,FALSE,TRUE,40
"2.2.2.2.2.2.2.2.2.2.2.3.2.2.2.2.2.4.2.2.2.2",0.36202985794784,FALSE,TRUE,40
"2.2.2.2.2.2.2.2.2.2.2.2.3.2.2.2.2.4.2.2.2.2",0.370431584386467,FALSE,TRUE,40
"2.2.2.2.2.2.2.2.2.2.2.2.2.3.2.2.2.4.2.2.2.2",0.303281512477308,FALSE,TRUE,40
"2.2.2.2.2.2.2.2.2.2.2.2.2.2.3.2.2.4.2.2.2.2",0.322596029688764,FALSE,TRUE,40
"2.2.2.2.2.2.2.2.2.2.2.2.2.2.2.3.2.4.2.2.2.2",0.383443197956735,FALSE,TRUE,40
"2.2.2.2.2.2.2.2.2.2.2.2.2.2.2.2.3.4.2.2.2.2",0.341462151000857,FALSE,TRUE,40
"2.2.2.2.2.2.2.2.2.2.2.2.2.2.2.2.2.5.2.2.2.2",0.295058615894545,FALSE,TRUE,41
"2.2.2.2.2.2.2.2.2.2.2.2.2.2.2.2.2.4.3.2.2.2",0.299416135485404,FALSE,TRUE,40
"2.2.2.2.2.2.2.2.2.2.2.2.2.2.2.2.2.4.2.3.2.2",0.328508519750627,FALSE,TRUE,39
"2.2.2.2.2.2.2.2.2.2.2.2.2.2.2.2.2.4.2.2.3.2",0.279691630108917,FALSE,TRUE,39
"2.2.2.2.2.2.2.2.2.2.2.2.2.2.2.2.2.4.2.2.2.3",0.33879675633537,FALSE,TRUE,40
"2.1.2.2.2.2.2.2.2.2.2.2.2.2.2.2.2.4.2.2.2.2",0.314610031793254,FALSE,TRUE,39
"2.2.1.2.2.2.2.2.2.2.2.2.2.2.2.2.2.4.2.2.2.2",0.322519574475152,FALSE,TRUE,39
"2.2.2.1.2.2.2.2.2.2.2.2.2.2.2.2.2.4.2.2.2.2",0.373113787883892,FALSE,TRUE,39
"2.2.2.2.2.1.2.2.2.2.2.2.2.2.2.2.2.4.2.2.2.2",0.393126389415048,FALSE,TRUE,39
"2.2.2.2.2.2.1.2.2.2.2.2.2.2.2.2.2.4.2.2.2.2",0.379147676044042,FALSE,TRUE,39
"2.2.2.2.2.2.2.1.2.2.2.2.2.2.2.2.2.4.2.2.2.2",0.349042527988284,FALSE,TRUE,39
"2.2.2.2.2.2.2.2.1.2.2.2.2.2.2.2.2.4.2.2.2.2",0.291457117059782,FALSE,TRUE,39
"2.2.2.2.2.2.2.2.2.1.2.2.2.2.2.2.2.4.2.2.2.2",0.356574721290272,FALSE,TRUE,39
"2.2.2.2.2.2.2.2.2.2.2.1.2.2.2.2.2.4.2.2.2.2",0.326964490073279,FALSE,TRUE,39
"2.2.2.2.2.2.2.2.2.2.2.2.1.2.2.2.2.4.2.2.2.2",0.318565666504485,FALSE,TRUE,38
"2.2.2.2.2.2.2.2.2.2.2.2.2.1.2.2.2.4.2.2.2.2",0.388060256927298,FALSE,TRUE,39
"2.2.2.2.2.2.2.2.2.2.2.2.2.2.1.2.2.4.2.2.2.2",0.366547248118043,FALSE,TRUE,38
"2.2.2.2.2.2.2.2.2.2.2.2.2.2.2.1.2.4.2.2.2.2",0.291533011079307,FALSE,TRUE,39
"2.2.2.2.2.2.2.2.2.2.2.2.2.2.2.2.1.4.2.2.2.2",0.344169335549369,FALSE,TRUE,39
"2.2.2.2.2.2.2.2.2.2.2.2.2.2.2.2.2.4.1.2.2.2",0.380632785600083,FALSE,TRUE,39
"2.2.2.2.2.2.2.2.2.2.2.2.2.2.2.2.2.4.2.1.2.2",0.359036151332722,FALSE,TRUE,39
"2.2.2.2.2.2.2.2.2.2.2.2.2.2.2.2.2.4.2.2.1.2",0.400643725251739,FALSE,TRUE,39
"2.2.2.2.2.2.2.2.2.2.2.2.2.2.2.2.2.4.2.2.2.1",0.350715896049089,FALSE,TRUE,39
"3.2.2.2.2.2.2.2.2.2.2.2.2.2.1.2.2.3.2.2.3.2",0.329391019782586,FALSE,TRUE,39
"2.3.2.2.2.2.2.2.2.2.2.2.2.2.1.2.2.3.2.2.3.2",0.375911992131289,FALSE,TRUE,39
"2.2.3.2.2.2.2.2.2.2.2.2.2.2.1.2.2.3.2.2.3.2",0.362666243288062,FALSE,TRUE,37
"2.2.2.2.3.2.2.2.2.2.2.2.2.2.1.2.2.3.2.2.3.2",0.353894695442502,FALSE,TRUE,39
"2.2.2.2.2.3.2.2.2.2.2.2.2.2.1.2.2.3.2.2.3.2",0.291593613832745,FALSE,TRUE,39
"2.2.2.2.2.2.3.2.2.2.2.2.2.2.1.2.2.3.2.2.3.2",0.313707231154017,FALSE,TRUE,38
"2.2.2.2.2.2.2.3.2.2.2.2.2.2.1.2.2.3.2.2.3.2",0.341545545032433,FALSE,TRUE,39
"2.2.2.2.2.2.2.2.3.2.2.2.2.2.1.2.2.3.2.2.3.2",0.382555113276004,FALSE,TRUE,39
"2.2.2.2.2.2.2.2.2.3.2.2.2.2.1.2.2.3.2.2.3.2",0.315161694533313,FALSE,TRUE,37
"2.2.2.2.2.2.2.2.2.2.3.2.2.2.1.2.2.3.2.2.3.2",0.370761547607191,FALSE,TRUE,38
"2.2.2.2.2.2.2.2.2.2.2.3.2.2.1.2.2.3.2.2.3.2",0.359295077022066,FALSE,TRUE,39
"2.2.2.2.2.2.2.2.2.2.2.2.3.2.1.2.2.3.2.2.3.2",0.366352031487568,FALSE,TRUE,39
"2.2.2.2.2.2.2.2.2.2.2.2.2.3.1.2.2.3.2.2.3.2",0.303034103710399,FALSE,TRUE,39
"2.2.2.2.2.2.2.2.2.2.2.2.2.2.1.3.2.3.2.2.3.2",0.379696188798684,FALSE,TRUE,39
"2.2.2.2.2.2.2.2.2.2.2.2.2.2.1.2.3.3.2.2.3.2",0.328901229045354,FALSE,TRUE,39
"2.2.2.2.2.2.2.2.2.2.2.2.2.2.1.2.2.4.2.2.3.2",0.300718527206974,FALSE,TRUE,38
"2.2.2.2.2.2.2.2.2.2.2.2.2.2.1.2.2.3.3.2.3.2",0.297171429895032,FALSE,TRUE,39
"2.2.2.2.2.2.2.2.2.2.2.2.2.2.1.2.2.3.2.2.4.2",0.26949501652607,FALSE,TRUE,39
"2.2.2.2.2.2.2.2.2.2.2.2.2.2.1.2.2.3.2.2.3.3",0.346099201001985,FALSE,TRUE,39
"2.1.2.2.2.2.2.2.2.2.2.2.2.2.1.2.2.3.2.2.3.2",0.31808440029399,FALSE,TRUE,38
"2.2.1.2.2.2.2.2.2.2.2.2.2.2.1.2.2.3.2.2.3.2",0.332699197407667,FALSE,TRUE,38
"2.2.2.1.2.2.2.2.2.2.2.2.2.2.1.2.2.3.2.2.3.2",0.38796998981347,FALSE,TRUE,37
"2.2.2.2.1.2.2.2.2.2.2.2.2.2.1.2.2.3.2.2.3.2",0.343407095530504,FALSE,TRUE,36
"2.2.2.2.2.1.2.2.2.2.2.2.2.2.1.2.2.3.2.2.3.2",0.389530307628133,FALSE,TRUE,38
"2.2.2.2.2.2.1.2.2.2.2.2.2.2.1.2.2.3.2.2.3.2",0.37230669318007,FALSE,TRUE,38
"2.2.2.2.2.2.2.1.2.2.2.2.2.2.1.2.2.3.2.2.3.2",0.351902296457433,FALSE,TRUE,38
"2.2.2.2.2.2.2.2.1.2.2.2.2.2.1.2.2.3.2.2.3.2",0.300044808397661,FALSE,TRUE,38
"2.2.2.2.2.2.2.2.2.1.2.2.2.2.1.2.2.3.2.2.3.2",0.371283335798484,FALSE,TRUE,38
"2.2.2.2.2.2.2.2.2.2.2.1.2.2.1.2.2.3.2.2.3.2",0.334719391573385,FALSE,TRUE,38
"2.2.2.2.2.2.2.2.2.2.2.2.1.2.1.2.2.3.2.2.3.2",0.327519123229574,FALSE,TRUE,38
"2.2.2.2.2.2.2.2.2.2.2.2.2.1.1.2.2.3.2.2.3.2",0.393163522098573,FALSE,TRUE,38
"2.2.2.2.2.2.2.2.2.2.2.2.2.2.1.1.2.3.2.2.3.2",0.300299736773042,FALSE,TRUE,38
"2.2.2.2.2.2.2.2.2.2.2.2.2.2.1.2.1.3.2.2.3.2",0.362933521375858,FALSE,TRUE,38
"2.2.2.2.2.2.2.2.2.2.2.2.2.2.1.2.2.3.2.1.3.2",0.362954643470047,FALSE,TRUE,39
"2.2.2.2.2.2.2.2.2.2.2.2.2.2.1.2.2.3.2.2.3.1",0.348715326525964,FALSE,TRUE,38
"2.3.3.2.2.2.2.2.2.2.2.2.2.2.1.2.2.2.1.2.3.2",0.469803838958927,FALSE,TRUE,38
"2.2.4.2.2.2.2.2.2.2.2.2.2.2.1.2.2.2.1.2.3.2",0.436435226897834,FALSE,TRUE,38
"2.2.3.3.2.2.2.2.2.2.2.2.2.2.1.2.2.2.1.2.3.2",0.371642332555592,FALSE,TRUE,36
"2.2.3.2.3.2.2.2.2.2.2.2.2.2.1.2.2.2.1.2.3.2",0.450205280851228,FALSE,TRUE,37
"2.2.3.2.2.3.2.2.2.2.2.2.2.2.1.2.2.2.1.2.3.2",0.397281300048587,FALSE,TRUE,37
"2.2.3.2.2.2.3.2.2.2.2.2.2.2.1.2.2.2.1.2.3.2",0.4411582471777,FALSE,TRUE,37
"2.2.3.2.2.2.2.3.2.2.2.2.2.2.1.2.2.2.1.2.3.2",0.429076980341939,FALSE,TRUE,37
"2.2.3.2.2.2.2.2.3.2.2.2.2.2.1.2.2.2.1.2.3.2",0.481134658897248,FALSE,TRUE,37
"2.2.3.2.2.2.2.2.2.3.2.2.2.2.1.2.2.2.1.2.3.2",0.416696950075066,FALSE,TRUE,37
"2.2.3.2.2.2.2.2.2.2.3.2.2.2.1.2.2.2.1.2.3.2",0.467074952307133,FALSE,TRUE,37
"2.2.3.2.2.2.2.2.2.2.2.3.2.2.1.2.2.2.1.2.3.2",0.445118711156645,FALSE,TRUE,37
"2.2.3.2.2.2.2.2.2.2.2.2.3.2.1.2.2.2.1.2.3.2",0.449147572016028,FALSE,TRUE,37
"2.2.3.2.2.2.2.2.2.2.2.2.2.3.1.2.2.2.1.2.3.2",0.387945096166703,FALSE,TRUE,37
"2.2.3.2.2.2.2.2.2.2.2.2.2.2.1.3.2.2.1.2.3.2",0.455671350574581,FALSE,TRUE,38
"2.2.3.2.2.2.2.2.2.2.2.2.2.2.1.2.3.2.1.2.3.2",0.41982838088225,FALSE,TRUE,37
"2.2.3.2.2.2.2.2.2.2.2.2.2.2.1.2.2.3.1.2.3.2",0.388953493856064,FALSE,TRUE,36
"2.2.3.2.2.2.2.2.2.2.2.2.2.2.1.2.2.2.1.3.3.2",0.406400857820689,FALSE,TRUE,37
"2.2.3.2.2.2.2.2.2.2.2.2.2.2.1.2.2.2.1.2.4.2",0.356601112544768,FALSE,TRUE,37
"2.2.3.2.2.2.2.2.2.2.2.2.2.2.1.2.2.2.1.2.3.3",0.43659091007649,FALSE,TRUE,37
"1.2.3.2.2.2.2.2.2.2.2.2.2.2.1.2.2.2.1.2.3.2",0.453255958658278,FALSE,TRUE,36
"2.2.3.1.2.2.2.2.2.2.2.2.2.2.1.2.2.2.1.2.3.2",0.505975768107949,FALSE,TRUE,36
"2.2.3.2.1.2.2.2.2.2.2.2.2.2.1.2.2.2.1.2.3.2",0.433235733426929,FALSE,TRUE,36
"2.2.3.2.2.1.2.2.2.2.2.2.2.2.1.2.2.2.1.2.3.2",0.468378309656313,FALSE,TRUE,34
"2.2.3.2.2.2.1.2.2.2.2.2.2.2.1.2.2.2.1.2.3.2",0.427270153447518,FALSE,TRUE,36
"2.2.3.2.2.2.2.1.2.2.2.2.2.2.1.2.2.2.1.2.3.2",0.449444989809931,FALSE,TRUE,36
"2.2.3.2.2.2.2.2.1.2.2.2.2.2.1.2.2.2.1.2.3.2",0.387832320840254,FALSE,TRUE,36
"2.2.3.2.2.2.2.2.2.1.2.2.2.2.1.2.2.2.1.2.3.2",0.454726215125295,FALSE,TRUE,36
"2.2.3.2.2.2.2.2.2.2.1.2.2.2.1.2.2.2.1.2.3.2",0.408443649914317,FALSE,TRUE,36
"2.2.3.2.2.2.2.2.2.2.2.1.2.2.1.2.2.2.1.2.3.2",0.435082997982147,FALSE,TRUE,36
"2.2.3.2.2.2.2.2.2.2.2.2.1.2.1.2.2.2.1.2.3.2",0.427869182898821,FALSE,TRUE,36
"2.2.3.2.2.2.2.2.2.2.2.2.2.1.1.2.2.2.1.2.3.2",0.490317167943259,FALSE,TRUE,36
"2.2.3.2.2.2.2.2.2.2.2.2.2.2.1.2.1.2.1.2.3.2",0.45685753619493,FALSE,TRUE,36
"2.2.3.2.2.2.2.2.2.2.2.2.2.2.1.2.2.1.1.2.3.2",0.485270194410806,FALSE,TRUE,36
"2.2.3.2.2.2.2.2.2.2.2.2.2.2.1.2.2.2.1.1.3.2",0.470026409543905,FALSE,TRUE,36
"2.2.3.2.2.2.2.2.2.2.2.2.2.2.1.2.2.2.1.2.2.2",0.514624315295315,FALSE,TRUE,37
"2.2.3.2.2.2.2.2.2.2.2.2.2.2.1.2.2.2.1.2.3.1",0.441247134414934,FALSE,TRUE,35
"3.2.2.2.2.2.2.2.2.3.2.2.1.2.2.2.2.3.2.2.2.2",0.327302587290666,FALSE,TRUE,39
"2.3.2.2.2.2.2.2.2.3.2.2.1.2.2.2.2.3.2.2.2.2",0.368085757688456,FALSE,TRUE,39
"2.2.3.2.2.2.2.2.2.3.2.2.1.2.2.2.2.3.2.2.2.2",0.367702022258012,FALSE,TRUE,40
"2.2.2.3.2.2.2.2.2.3.2.2.1.2.2.2.2.3.2.2.2.2",0.31464034066826,FALSE,TRUE,39
"2.2.2.2.3.2.2.2.2.3.2.2.1.2.2.2.2.3.2.2.2.2",0.347005146855886,FALSE,TRUE,39
"2.2.2.2.2.3.2.2.2.3.2.2.1.2.2.2.2.3.2.2.2.2",0.279826693638104,FALSE,TRUE,39
"2.2.2.2.2.2.3.2.2.3.2.2.1.2.2.2.2.3.2.2.2.2",0.301934618176512,FALSE,TRUE,39
"2.2.2.2.2.2.2.3.2.3.2.2.1.2.2.2.2.3.2.2.2.2",0.335298815309876,FALSE,TRUE,39
"2.2.2.2.2.2.2.2.3.3.2.2.1.2.2.2.2.3.2.2.2.2",0.373462512166935,FALSE,TRUE,39
"2.2.2.2.2.2.2.2.2.4.2.2.1.2.2.2.2.3.2.2.2.2",0.311739925084484,FALSE,TRUE,39
"2.2.2.2.2.2.2.2.2.3.3.2.1.2.2.2.2.3.2.2.2.2",0.364930540737852,FALSE,TRUE,38
"2.2.2.2.2.2.2.2.2.3.2.3.1.2.2.2.2.3.2.2.2.2",0.356135161625685,FALSE,TRUE,39
"2.2.2.2.2.2.2.2.2.3.2.2.1.3.2.2.2.3.2.2.2.2",0.301300404292857,FALSE,TRUE,39
"2.2.2.2.2.2.2.2.2.3.2.2.1.2.3.2.2.3.2.2.2.2",0.31128953707492,FALSE,TRUE,39
"2.2.2.2.2.2.2.2.2.3.2.2.1.2.2.3.2.3.2.2.2.2",0.39206434787151,FALSE,TRUE,39
"2.2.2.2.2.2.2.2.2.3.2.2.1.2.2.2.2.4.2.2.2.2",0.299935511627748,FALSE,TRUE,38
"2.2.2.2.2.2.2.2.2.3.2.2.1.2.2.2.2.3.3.2.2.2",0.277642684365351,FALSE,TRUE,39
"2.2.2.2.2.2.2.2.2.3.2.2.1.2.2.2.2.3.2.3.2.2",0.328964846020024,FALSE,TRUE,39
"2.2.2.2.2.2.2.2.2.3.2.2.1.2.2.2.2.3.2.2.3.2",0.269103379985621,FALSE,TRUE,39
"2.2.2.2.2.2.2.2.2.3.2.2.1.2.2.2.2.3.2.2.2.3",0.349968587225296,FALSE,TRUE,39
"1.2.2.2.2.2.2.2.2.3.2.2.1.2.2.2.2.3.2.2.2.2",0.354117429985099,FALSE,TRUE,38
"2.1.2.2.2.2.2.2.2.3.2.2.1.2.2.2.2.3.2.2.2.2",0.31507073648861,FALSE,TRUE,38
"2.2.2.1.2.2.2.2.2.3.2.2.1.2.2.2.2.3.2.2.2.2",0.370135502146269,FALSE,TRUE,38
"2.2.2.2.1.2.2.2.2.3.2.2.1.2.2.2.2.3.2.2.2.2",0.338024577615298,FALSE,TRUE,37
"2.2.2.2.2.1.2.2.2.3.2.2.1.2.2.2.2.3.2.2.2.2",0.390830838283882,FALSE,TRUE,38
"2.2.2.2.2.2.1.2.2.3.2.2.1.2.2.2.2.3.2.2.2.2",0.369586998374591,FALSE,TRUE,38
"2.2.2.2.2.2.2.1.2.3.2.2.1.2.2.2.2.3.2.2.2.2",0.345506322797634,FALSE,TRUE,38
"2.2.2.2.2.2.2.2.1.3.2.2.1.2.2.2.2.3.2.2.2.2",0.29965622004628,FALSE,TRUE,38
"2.2.2.2.2.2.2.2.2.3.1.2.1.2.2.2.2.3.2.2.2.2",0.319955333280537,FALSE,TRUE,37
"2.2.2.2.2.2.2.2.2.3.2.1.1.2.2.2.2.3.2.2.2.2",0.326909978730842,FALSE,TRUE,38
"2.2.2.2.2.2.2.2.2.3.2.2.1.1.2.2.2.3.2.2.2.2",0.384202257867443,FALSE,TRUE,38
"2.2.2.2.2.2.2.2.2.3.2.2.1.2.1.2.2.3.2.2.2.2",0.372444358808679,FALSE,TRUE,38
"2.2.2.2.2.2.2.2.2.3.2.2.1.2.2.1.2.3.2.2.2.2",0.278552266558899,FALSE,TRUE,38
"2.2.2.2.2.2.2.2.2.3.2.2.1.2.2.2.1.3.2.2.2.2",0.363103427736781,FALSE,TRUE,39
"2.2.2.2.2.2.2.2.2.3.2.2.1.2.2.2.2.2.2.2.2.2",0.381052016941801,FALSE,TRUE,38
"2.2.2.2.2.2.2.2.2.3.2.2.1.2.2.2.2.3.1.2.2.2",0.396528842410793,FALSE,TRUE,38
"2.2.2.2.2.2.2.2.2.3.2.2.1.2.2.2.2.3.2.1.2.2",0.353391774135445,FALSE,TRUE,38
"2.2.2.2.2.2.2.2.2.3.2.2.1.2.2.2.2.3.2.2.1.2",0.404377408532497,FALSE,TRUE,38
"2.2.2.2.2.2.2.2.2.3.2.2.1.2.2.2.2.3.2.2.2.1",0.332839374257408,FALSE,TRUE,38
"2.2.2.2.2.2.3.1.2.2.2.2.2.2.1.2.2.2.2.2.3.2",0.383265949884606,FALSE,TRUE,39
"1.3.2.2.2.2.3.1.2.2.2.2.2.2.1.2.2.2.2.2.3.2",0.429583855203931,FALSE,TRUE,39
"1.2.3.2.2.2.3.1.2.2.2.2.2.2.1.2.2.2.2.2.3.2",0.41228158060004,FALSE,TRUE,39
"1.2.2.3.2.2.3.1.2.2.2.2.2.2.1.2.2.2.2.2.3.2",0.350885280038023,FALSE,TRUE,39
"1.2.2.2.3.2.3.1.2.2.2.2.2.2.1.2.2.2.2.2.3.2",0.413611236834738,FALSE,TRUE,39
"1.2.2.2.2.3.3.1.2.2.2.2.2.2.1.2.2.2.2.2.3.2",0.335022706825273,FALSE,TRUE,39
"1.2.2.2.2.2.4.1.2.2.2.2.2.2.1.2.2.2.2.2.3.2",0.378957098098144,FALSE,TRUE,39
"1.2.2.2.2.2.3.1.3.2.2.2.2.2.1.2.2.2.2.2.3.2",0.43713732410389,FALSE,TRUE,39
"1.2.2.2.2.2.3.1.2.3.2.2.2.2.1.2.2.2.2.2.3.2",0.36965951001911,FALSE,TRUE,39
"1.2.2.2.2.2.3.1.2.2.3.2.2.2.1.2.2.2.2.2.3.2",0.427445269238166,FALSE,TRUE,39
"1.2.2.2.2.2.3.1.2.2.2.3.2.2.1.2.2.2.2.2.3.2",0.412744386192237,FALSE,TRUE,39
"1.2.2.2.2.2.3.1.2.2.2.2.3.2.1.2.2.2.2.2.3.2",0.428132311213466,FALSE,TRUE,39
"1.2.2.2.2.2.3.1.2.2.2.2.2.3.1.2.2.2.2.2.3.2",0.346239610720165,FALSE,TRUE,38
"1.2.2.2.2.2.3.1.2.2.2.2.2.2.2.2.2.2.2.2.3.2",0.369714368836854,FALSE,TRUE,40
"1.2.2.2.2.2.3.1.2.2.2.2.2.2.1.3.2.2.2.2.3.2",0.448696454278296,FALSE,TRUE,39
"1.2.2.2.2.2.3.1.2.2.2.2.2.2.1.2.3.2.2.2.3.2",0.366258653505539,FALSE,TRUE,39
"1.2.2.2.2.2.3.1.2.2.2.2.2.2.1.2.2.3.2.2.3.2",0.344013141492364,FALSE,TRUE,39
"1.2.2.2.2.2.3.1.2.2.2.2.2.2.1.2.2.2.3.2.3.2",0.323606840726276,FALSE,TRUE,39
"1.2.2.2.2.2.3.1.2.2.2.2.2.2.1.2.2.2.2.3.3.2",0.379754260868239,FALSE,TRUE,39
"1.2.2.2.2.2.3.1.2.2.2.2.2.2.1.2.2.2.2.2.4.2",0.321869159835406,FALSE,TRUE,39
"1.2.2.2.2.2.3.1.2.2.2.2.2.2.1.2.2.2.2.2.3.3",0.418763346244599,FALSE,TRUE,39
"1.1.2.2.2.2.3.1.2.2.2.2.2.2.1.2.2.2.2.2.3.2",0.377271756443389,FALSE,TRUE,38
"1.2.1.2.2.2.3.1.2.2.2.2.2.2.1.2.2.2.2.2.3.2",0.393292161225089,FALSE,TRUE,37
"1.2.2.1.2.2.3.1.2.2.2.2.2.2.1.2.2.2.2.2.3.2",0.453895473282806,FALSE,TRUE,38
"1.2.2.2.1.2.3.1.2.2.2.2.2.2.1.2.2.2.2.2.3.2",0.394851715838228,FALSE,TRUE,38
"1.2.2.2.2.1.3.1.2.2.2.2.2.2.1.2.2.2.2.2.3.2",0.458278101747541,FALSE,TRUE,38
"1.2.2.2.2.2.3.1.1.2.2.2.2.2.1.2.2.2.2.2.3.2",0.359800404410606,FALSE,TRUE,38
"1.2.2.2.2.2.3.1.2.1.2.2.2.2.1.2.2.2.2.2.3.2",0.428515330343908,FALSE,TRUE,38
"1.2.2.2.2.2.3.1.2.2.1.2.2.2.1.2.2.2.2.2.3.2",0.377168110790244,FALSE,TRUE,38
"1.2.2.2.2.2.3.1.2.2.2.1.2.2.1.2.2.2.2.2.3.2",0.393699507519734,FALSE,TRUE,38
"1.2.2.2.2.2.3.1.2.2.2.2.1.2.1.2.2.2.2.2.3.2",0.377158482889234,FALSE,TRUE,38
"1.2.2.2.2.2.3.1.2.2.2.2.2.1.1.2.2.2.2.2.3.2",0.45805038914665,FALSE,TRUE,38
"1.2.2.2.2.2.3.1.2.2.2.2.2.2.1.1.2.2.2.2.3.2",0.344570706005782,FALSE,TRUE,38
"1.2.2.2.2.2.3.1.2.2.2.2.2.2.1.2.1.2.2.2.3.2",0.436155813021894,FALSE,TRUE,38
"1.2.2.2.2.2.3.1.2.2.2.2.2.2.1.2.2.1.2.2.3.2",0.45753848213407,FALSE,TRUE,38
"1.2.2.2.2.2.3.1.2.2.2.2.2.2.1.2.2.2.1.2.3.2",0.468248467461964,FALSE,TRUE,38
"1.2.2.2.2.2.3.1.2.2.2.2.2.2.1.2.2.2.2.1.3.2",0.425876854587882,FALSE,TRUE,38
"1.2.2.2.2.2.3.1.2.2.2.2.2.2.1.2.2.2.2.2.2.2",0.474844599856237,FALSE,TRUE,39
"1.2.2.2.2.2.3.1.2.2.2.2.2.2.1.2.2.2.2.2.3.1",0.387430631686557,FALSE,TRUE,38
"3.2.2.2.1.2.2.2.2.2.2.2.2.2.2.2.2.3.2.3.2.2",0.346688175681467,FALSE,TRUE,40
"2.3.2.2.1.2.2.2.2.2.2.2.2.2.2.2.2.3.2.3.2.2",0.38809410522504,FALSE,TRUE,40
"2.2.3.2.1.2.2.2.2.2.2.2.2.2.2.2.2.3.2.3.2.2",0.380208091264291,FALSE,TRUE,40
"2.2.2.3.1.2.2.2.2.2.2.2.2.2.2.2.2.3.2.3.2.2",0.320829250580554,FALSE,TRUE,40
"2.2.2.2.1.3.2.2.2.2.2.2.2.2.2.2.2.3.2.3.2.2",0.296807330932894,FALSE,TRUE,40
"2.2.2.2.1.2.3.2.2.2.2.2.2.2.2.2.2.3.2.3.2.2",0.32695717900469,FALSE,TRUE,40
"2.2.2.2.1.2.2.3.2.2.2.2.2.2.2.2.2.3.2.3.2.2",0.350541837596316,FALSE,TRUE,40
"2.2.2.2.1.2.2.2.3.2.2.2.2.2.2.2.2.3.2.3.2.2",0.404185024026482,FALSE,TRUE,40
"2.2.2.2.1.2.2.2.2.3.2.2.2.2.2.2.2.3.2.3.2.2",0.34061275090506,FALSE,TRUE,39
"2.2.2.2.1.2.2.2.2.2.3.2.2.2.2.2.2.3.2.3.2.2",0.370354363491306,FALSE,TRUE,39
"2.2.2.2.1.2.2.2.2.2.2.2.3.2.2.2.2.3.2.3.2.2",0.376908691428144,FALSE,TRUE,40
"2.2.2.2.1.2.2.2.2.2.2.2.2.3.2.2.2.3.2.3.2.2",0.322800708600999,FALSE,TRUE,40
"2.2.2.2.1.2.2.2.2.2.2.2.2.2.3.2.2.3.2.3.2.2",0.33712868527653,FALSE,TRUE,40
"2.2.2.2.1.2.2.2.2.2.2.2.2.2.2.3.2.3.2.3.2.2",0.40619616713627,FALSE,TRUE,40
"2.2.2.2.1.2.2.2.2.2.2.2.2.2.2.2.3.3.2.3.2.2",0.345670188004599,FALSE,TRUE,40
"2.2.2.2.1.2.2.2.2.2.2.2.2.2.2.2.2.4.2.3.2.2",0.319269926789416,FALSE,TRUE,39
"2.2.2.2.1.2.2.2.2.2.2.2.2.2.2.2.2.3.3.3.2.2",0.316813593037131,FALSE,TRUE,40
"2.2.2.2.1.2.2.2.2.2.2.2.2.2.2.2.2.3.2.4.2.2",0.327250694547131,FALSE,TRUE,41
"2.2.2.2.1.2.2.2.2.2.2.2.2.2.2.2.2.3.2.3.3.2",0.29737986217425,FALSE,TRUE,38
"2.2.2.2.1.2.2.2.2.2.2.2.2.2.2.2.2.3.2.3.2.3",0.356518086653575,FALSE,TRUE,40
"1.2.2.2.1.2.2.2.2.2.2.2.2.2.2.2.2.3.2.3.2.2",0.370405299321848,FALSE,TRUE,39
"2.1.2.2.1.2.2.2.2.2.2.2.2.2.2.2.2.3.2.3.2.2",0.332310524797575,FALSE,TRUE,39
"2.2.1.2.1.2.2.2.2.2.2.2.2.2.2.2.2.3.2.3.2.2",0.341618847549645,FALSE,TRUE,39
"2.2.2.1.1.2.2.2.2.2.2.2.2.2.2.2.2.3.2.3.2.2",0.397705458188321,FALSE,TRUE,39
"2.2.2.2.1.1.2.2.2.2.2.2.2.2.2.2.2.3.2.3.2.2",0.410765310834031,FALSE,TRUE,39
"2.2.2.2.1.2.1.2.2.2.2.2.2.2.2.2.2.3.2.3.2.2",0.3841634418472,FALSE,TRUE,39
"2.2.2.2.1.2.2.1.2.2.2.2.2.2.2.2.2.3.2.3.2.2",0.367805856951648,FALSE,TRUE,39
"2.2.2.2.1.2.2.2.1.2.2.2.2.2.2.2.2.3.2.3.2.2",0.30332252456848,FALSE,TRUE,39
"2.2.2.2.1.2.2.2.2.1.2.2.2.2.2.2.2.3.2.3.2.2",0.370443436513256,FALSE,TRUE,39
"2.2.2.2.1.2.2.2.2.2.1.2.2.2.2.2.2.3.2.3.2.2",0.347842154850323,FALSE,TRUE,38
"2.2.2.2.1.2.2.2.2.2.2.1.2.2.2.2.2.3.2.3.2.2",0.341608550410707,FALSE,TRUE,40
"2.2.2.2.1.2.2.2.2.2.2.2.1.2.2.2.2.3.2.3.2.2",0.341202754837261,FALSE,TRUE,39
"2.2.2.2.1.2.2.2.2.2.2.2.2.1.2.2.2.3.2.3.2.2",0.399795719489929,FALSE,TRUE,39
"2.2.2.2.1.2.2.2.2.2.2.2.2.2.1.2.2.3.2.3.2.2",0.382637240523056,FALSE,TRUE,37
"2.2.2.2.1.2.2.2.2.2.2.2.2.2.2.1.2.3.2.3.2.2",0.301292267750852,FALSE,TRUE,39
"2.2.2.2.1.2.2.2.2.2.2.2.2.2.2.2.1.3.2.3.2.2",0.371854996293679,FALSE,TRUE,39
"2.2.2.2.1.2.2.2.2.2.2.2.2.2.2.2.2.2.2.3.2.2",0.398987422048402,FALSE,TRUE,39
"2.2.2.2.1.2.2.2.2.2.2.2.2.2.2.2.2.3.1.3.2.2",0.395524131150326,FALSE,TRUE,39
"2.2.2.2.1.2.2.2.2.2.2.2.2.2.2.2.2.3.2.3.1.2",0.412489344169004,FALSE,TRUE,39
"2.2.2.2.1.2.2.2.2.2.2.2.2.2.2.2.2.3.2.3.2.1",0.363092452952621,FALSE,TRUE,39
"2.2.1.2.2.2.3.2.2.2.2.2.2.2.1.2.2.2.2.2.3.2",0.350177696361005,FALSE,TRUE,38
"1.3.1.2.2.2.3.2.2.2.2.2.2.2.1.2.2.2.2.2.3.2",0.38651200262744,FALSE,TRUE,38
"1.2.1.3.2.2.3.2.2.2.2.2.2.2.1.2.2.2.2.2.3.2",0.314054453271085,FALSE,TRUE,38
"1.2.1.2.3.2.3.2.2.2.2.2.2.2.1.2.2.2.2.2.3.2",0.370325526848474,FALSE,TRUE,38
"1.2.1.2.2.3.3.2.2.2.2.2.2.2.1.2.2.2.2.2.3.2",0.284861317932353,FALSE,TRUE,38
"1.2.1.2.2.2.4.2.2.2.2.2.2.2.1.2.2.2.2.2.3.2",0.332737881300325,FALSE,TRUE,38
"1.2.1.2.2.2.3.3.2.2.2.2.2.2.1.2.2.2.2.2.3.2",0.338949027336979,FALSE,TRUE,38
"1.2.1.2.2.2.3.2.3.2.2.2.2.2.1.2.2.2.2.2.3.2",0.389188944541067,FALSE,TRUE,38
"1.2.1.2.2.2.3.2.2.3.2.2.2.2.1.2.2.2.2.2.3.2",0.338476893133637,FALSE,TRUE,38
"1.2.1.2.2.2.3.2.2.2.3.2.2.2.1.2.2.2.2.2.3.2",0.397447510687174,FALSE,TRUE,38
"1.2.1.2.2.2.3.2.2.2.2.3.2.2.1.2.2.2.2.2.3.2",0.369160601980339,FALSE,TRUE,38
"1.2.1.2.2.2.3.2.2.2.2.2.3.2.1.2.2.2.2.2.3.2",0.390297300577839,FALSE,TRUE,38
"1.2.1.2.2.2.3.2.2.2.2.2.2.2.2.2.2.2.2.2.3.2",0.322985889859728,FALSE,TRUE,39
"1.2.1.2.2.2.3.2.2.2.2.2.2.2.1.3.2.2.2.2.3.2",0.419860305240934,FALSE,TRUE,38
"1.2.1.2.2.2.3.2.2.2.2.2.2.2.1.2.3.2.2.2.3.2",0.334913907423883,FALSE,TRUE,38
"1.2.1.2.2.2.3.2.2.2.2.2.2.2.1.2.2.3.2.2.3.2",0.314278485266459,FALSE,TRUE,38
"1.2.1.2.2.2.3.2.2.2.2.2.2.2.1.2.2.2.3.2.3.2",0.281960678839667,FALSE,TRUE,38
"1.2.1.2.2.2.3.2.2.2.2.2.2.2.1.2.2.2.2.3.3.2",0.343912091120064,FALSE,TRUE,38
"1.2.1.2.2.2.3.2.2.2.2.2.2.2.1.2.2.2.2.2.4.2",0.289858258653826,FALSE,TRUE,38
"1.2.1.2.2.2.3.2.2.2.2.2.2.2.1.2.2.2.2.2.3.3",0.390355103532031,FALSE,TRUE,38
"1.1.1.2.2.2.3.2.2.2.2.2.2.2.1.2.2.2.2.2.3.2",0.348086051088715,FALSE,TRUE,37
"1.2.1.1.2.2.3.2.2.2.2.2.2.2.1.2.2.2.2.2.3.2",0.417784443709313,FALSE,TRUE,37
"1.2.1.2.1.2.3.2.2.2.2.2.2.2.1.2.2.2.2.2.3.2",0.364169938225308,FALSE,TRUE,37
"1.2.1.2.2.1.3.2.2.2.2.2.2.2.1.2.2.2.2.2.3.2",0.437585930450592,FALSE,TRUE,37
"1.2.1.2.2.2.3.2.1.2.2.2.2.2.1.2.2.2.2.2.3.2",0.335349086639764,FALSE,TRUE,37
"1.2.1.2.2.2.3.2.2.1.2.2.2.2.1.2.2.2.2.2.3.2",0.387839521946293,FALSE,TRUE,37
"1.2.1.2.2.2.3.2.2.2.1.2.2.2.1.2.2.2.2.2.3.2",0.333639103479688,FALSE,TRUE,37
"1.2.1.2.2.2.3.2.2.2.2.1.2.2.1.2.2.2.2.2.3.2",0.364631656522625,FALSE,TRUE,37
"1.2.1.2.2.2.3.2.2.2.2.2.1.2.1.2.2.2.2.2.3.2",0.34316912098138,FALSE,TRUE,37
"1.2.1.2.2.2.3.2.2.2.2.2.2.1.1.2.2.2.2.2.3.2",0.415544890064021,FALSE,TRUE,38
"1.2.1.2.2.2.3.2.2.2.2.2.2.2.1.1.2.2.2.2.3.2",0.304141666402232,FALSE,TRUE,37
"1.2.1.2.2.2.3.2.2.2.2.2.2.2.1.2.1.2.2.2.3.2",0.394928636515616,FALSE,TRUE,37
"1.2.1.2.2.2.3.2.2.2.2.2.2.2.1.2.2.1.2.2.3.2",0.41536419338197,FALSE,TRUE,37
"1.2.1.2.2.2.3.2.2.2.2.2.2.2.1.2.2.2.1.2.3.2",0.437478694278779,FALSE,TRUE,37
"1.2.1.2.2.2.3.2.2.2.2.2.2.2.1.2.2.2.2.1.3.2",0.389686226142333,FALSE,TRUE,37
"1.2.1.2.2.2.3.2.2.2.2.2.2.2.1.2.2.2.2.2.2.2",0.433554053730088,FALSE,TRUE,38
"1.2.1.2.2.2.3.2.2.2.2.2.2.2.1.2.2.2.2.2.3.1",0.344197669507677,FALSE,TRUE,37
"3.2.2.1.2.2.2.2.1.2.2.2.2.2.2.2.2.2.2.2.3.2",0.34897534435811,FALSE,TRUE,39
"2.3.2.1.2.2.2.2.1.2.2.2.2.2.2.2.2.2.2.2.3.2",0.386330766243336,FALSE,TRUE,39
"2.2.3.1.2.2.2.2.1.2.2.2.2.2.2.2.2.2.2.2.3.2",0.374107510698246,FALSE,TRUE,37
"2.2.2.1.3.2.2.2.1.2.2.2.2.2.2.2.2.2.2.2.3.2",0.369716000453381,FALSE,TRUE,39
"2.2.2.1.2.3.2.2.1.2.2.2.2.2.2.2.2.2.2.2.3.2",0.310290834339372,FALSE,TRUE,39
"2.2.2.1.2.2.3.2.1.2.2.2.2.2.2.2.2.2.2.2.3.2",0.350716002285554,FALSE,TRUE,36
"2.2.2.1.2.2.2.3.1.2.2.2.2.2.2.2.2.2.2.2.3.2",0.351984346884438,FALSE,TRUE,39
"2.2.2.1.2.2.2.2.1.3.2.2.2.2.2.2.2.2.2.2.3.2",0.339276245876596,FALSE,TRUE,39
"2.2.2.1.2.2.2.2.1.2.3.2.2.2.2.2.2.2.2.2.3.2",0.396218641338292,FALSE,TRUE,39
"2.2.2.1.2.2.2.2.1.2.2.3.2.2.2.2.2.2.2.2.3.2",0.370153829859681,FALSE,TRUE,39
"2.2.2.1.2.2.2.2.1.2.2.2.3.2.2.2.2.2.2.2.3.2",0.390754900070681,FALSE,TRUE,39
"2.2.2.1.2.2.2.2.1.2.2.2.2.3.2.2.2.2.2.2.3.2",0.320899808792214,FALSE,TRUE,39
"2.2.2.1.2.2.2.2.1.2.2.2.2.2.3.2.2.2.2.2.3.2",0.332112298888406,FALSE,TRUE,39
"2.2.2.1.2.2.2.2.1.2.2.2.2.2.2.3.2.2.2.2.3.2",0.4213018497027,FALSE,TRUE,40
"2.2.2.1.2.2.2.2.1.2.2.2.2.2.2.2.3.2.2.2.3.2",0.324325448199711,FALSE,TRUE,39
"2.2.2.1.2.2.2.2.1.2.2.2.2.2.2.2.2.3.2.2.3.2",0.318636687812936,FALSE,TRUE,39
"2.2.2.1.2.2.2.2.1.2.2.2.2.2.2.2.2.2.3.2.3.2",0.284320305253807,FALSE,TRUE,39
"2.2.2.1.2.2.2.2.1.2.2.2.2.2.2.2.2.2.2.3.3.2",0.338534257387374,FALSE,TRUE,39
"2.2.2.1.2.2.2.2.1.2.2.2.2.2.2.2.2.2.2.2.4.2",0.289837786500238,FALSE,TRUE,39
"2.2.2.1.2.2.2.2.1.2.2.2.2.2.2.2.2.2.2.2.3.3",0.386084437467929,FALSE,TRUE,39
"1.2.2.1.2.2.2.2.1.2.2.2.2.2.2.2.2.2.2.2.3.2",0.376243141816363,FALSE,TRUE,38
"2.1.2.1.2.2.2.2.1.2.2.2.2.2.2.2.2.2.2.2.3.2",0.341156046530057,FALSE,TRUE,38
"2.2.1.1.2.2.2.2.1.2.2.2.2.2.2.2.2.2.2.2.3.2",0.354469154441402,FALSE,TRUE,38
"2.2.2.1.1.2.2.2.1.2.2.2.2.2.2.2.2.2.2.2.3.2",0.358374459956833,FALSE,TRUE,38
"2.2.2.1.2.1.2.2.1.2.2.2.2.2.2.2.2.2.2.2.3.2",0.400938316947466,FALSE,TRUE,38
"2.2.2.1.2.2.1.2.1.2.2.2.2.2.2.2.2.2.2.2.3.2",0.363221544164133,FALSE,TRUE,38
"2.2.2.1.2.2.2.1.1.2.2.2.2.2.2.2.2.2.2.2.3.2",0.372728023713878,FALSE,TRUE,38
"2.2.2.1.2.2.2.2.1.1.2.2.2.2.2.2.2.2.2.2.3.2",0.37993641194825,FALSE,TRUE,38
"2.2.2.1.2.2.2.2.1.2.1.2.2.2.2.2.2.2.2.2.3.2",0.329248697868741,FALSE,TRUE,38
"2.2.2.1.2.2.2.2.1.2.2.1.2.2.2.2.2.2.2.2.3.2",0.355807142081792,FALSE,TRUE,38
"2.2.2.1.2.2.2.2.1.2.2.2.1.2.2.2.2.2.2.2.3.2",0.335724418708107,FALSE,TRUE,38
"2.2.2.1.2.2.2.2.1.2.2.2.2.1.2.2.2.2.2.2.3.2",0.403652291373888,FALSE,TRUE,38
"2.2.2.1.2.2.2.2.1.2.2.2.2.2.1.2.2.2.2.2.3.2",0.395969660368231,FALSE,TRUE,37
"2.2.2.1.2.2.2.2.1.2.2.2.2.2.2.2.1.2.2.2.3.2",0.398709372980883,FALSE,TRUE,37
"2.2.2.1.2.2.2.2.1.2.2.2.2.2.2.2.2.1.2.2.3.2",0.403882927879676,FALSE,TRUE,37
"2.2.2.1.2.2.2.2.1.2.2.2.2.2.2.2.2.2.1.2.3.2",0.429107711435122,FALSE,TRUE,38
"2.2.2.1.2.2.2.2.1.2.2.2.2.2.2.2.2.2.2.1.3.2",0.388728240713613,FALSE,TRUE,38
"2.2.2.1.2.2.2.2.1.2.2.2.2.2.2.2.2.2.2.2.2.2",0.426861720083728,FALSE,TRUE,38
"2.2.2.1.2.2.2.2.1.2.2.2.2.2.2.2.2.2.2.2.3.1",0.341261638358005,FALSE,TRUE,38
"3.2.2.2.2.2.2.2.2.2.3.2.2.2.2.2.2.3.2.2.2.2",0.39628731677373,FALSE,TRUE,41
"2.3.2.2.2.2.2.2.2.2.3.2.2.2.2.2.2.3.2.2.2.2",0.431376043959204,FALSE,TRUE,41
"2.2.3.2.2.2.2.2.2.2.3.2.2.2.2.2.2.3.2.2.2.2",0.423291086974291,FALSE,TRUE,41
"2.2.2.3.2.2.2.2.2.2.3.2.2.2.2.2.2.3.2.2.2.2",0.370791309962747,FALSE,TRUE,41
"2.2.2.2.3.2.2.2.2.2.3.2.2.2.2.2.2.3.2.2.2.2",0.414445467417468,FALSE,TRUE,41
"2.2.2.2.2.3.2.2.2.2.3.2.2.2.2.2.2.3.2.2.2.2",0.341815481994265,FALSE,TRUE,41
"2.2.2.2.2.2.3.2.2.2.3.2.2.2.2.2.2.3.2.2.2.2",0.370775847426237,FALSE,TRUE,41
"2.2.2.2.2.2.2.2.3.2.3.2.2.2.2.2.2.3.2.2.2.2",0.439987026425198,FALSE,TRUE,41
"2.2.2.2.2.2.2.2.2.2.4.2.2.2.2.2.2.3.2.2.2.2",0.420834160677793,FALSE,TRUE,42
"2.2.2.2.2.2.2.2.2.2.3.3.2.2.2.2.2.3.2.2.2.2",0.423134592975631,FALSE,TRUE,41
"2.2.2.2.2.2.2.2.2.2.3.2.3.2.2.2.2.3.2.2.2.2",0.430060479059472,FALSE,TRUE,41
"2.2.2.2.2.2.2.2.2.2.3.2.2.3.2.2.2.3.2.2.2.2",0.361755746261614,FALSE,TRUE,41
"2.2.2.2.2.2.2.2.2.2.3.2.2.2.3.2.2.3.2.2.2.2",0.38234915526006,FALSE,TRUE,41
"2.2.2.2.2.2.2.2.2.2.3.2.2.2.2.3.2.3.2.2.2.2",0.450476498667695,FALSE,TRUE,41
"2.2.2.2.2.2.2.2.2.2.3.2.2.2.2.2.3.3.2.2.2.2",0.390637160458805,FALSE,TRUE,41
"2.2.2.2.2.2.2.2.2.2.3.2.2.2.2.2.2.3.3.2.2.2",0.346311455568148,FALSE,TRUE,41
"2.2.2.2.2.2.2.2.2.2.3.2.2.2.2.2.2.3.2.3.2.2",0.381482503015424,FALSE,TRUE,40
"2.2.2.2.2.2.2.2.2.2.3.2.2.2.2.2.2.3.2.2.3.2",0.347419008857657,FALSE,TRUE,39
"2.2.2.2.2.2.2.2.2.2.3.2.2.2.2.2.2.3.2.2.2.3",0.408671093110393,FALSE,TRUE,41
"1.2.2.2.2.2.2.2.2.2.3.2.2.2.2.2.2.3.2.2.2.2",0.413278818255445,FALSE,TRUE,39
"2.1.2.2.2.2.2.2.2.2.3.2.2.2.2.2.2.3.2.2.2.2",0.382047346969626,FALSE,TRUE,40
"2.2.1.2.2.2.2.2.2.2.3.2.2.2.2.2.2.3.2.2.2.2",0.390515095941873,FALSE,TRUE,40
"2.2.2.1.2.2.2.2.2.2.3.2.2.2.2.2.2.3.2.2.2.2",0.441085971405597,FALSE,TRUE,40
"2.2.2.2.2.1.2.2.2.2.3.2.2.2.2.2.2.3.2.2.2.2",0.459956835075445,FALSE,TRUE,40
"2.2.2.2.2.2.1.2.2.2.3.2.2.2.2.2.2.3.2.2.2.2",0.432137523301278,FALSE,TRUE,40
"2.2.2.2.2.2.2.1.2.2.3.2.2.2.2.2.2.3.2.2.2.2",0.4172457145313,FALSE,TRUE,41
"2.2.2.2.2.2.2.2.1.2.3.2.2.2.2.2.2.3.2.2.2.2",0.35941974539674,FALSE,TRUE,40
"2.2.2.2.2.2.2.2.2.1.3.2.2.2.2.2.2.3.2.2.2.2",0.414117855563538,FALSE,TRUE,40
"2.2.2.2.2.2.2.2.2.2.3.1.2.2.2.2.2.3.2.2.2.2",0.391017239443209,FALSE,TRUE,40
"2.2.2.2.2.2.2.2.2.2.3.2.1.2.2.2.2.3.2.2.2.2",0.381444274943057,FALSE,TRUE,39
"2.2.2.2.2.2.2.2.2.2.3.2.2.1.2.2.2.3.2.2.2.2",0.454644069180431,FALSE,TRUE,40
"2.2.2.2.2.2.2.2.2.2.3.2.2.2.1.2.2.3.2.2.2.2",0.430711047809178,FALSE,TRUE,39
"2.2.2.2.2.2.2.2.2.2.3.2.2.2.2.1.2.3.2.2.2.2",0.349213719735697,FALSE,TRUE,40
"2.2.2.2.2.2.2.2.2.2.3.2.2.2.2.2.1.3.2.2.2.2",0.419330949543035,FALSE,TRUE,40
"2.2.2.2.2.2.2.2.2.2.3.2.2.2.2.2.2.3.1.2.2.2",0.457644405366719,FALSE,TRUE,40
"2.2.2.2.2.2.2.2.2.2.3.2.2.2.2.2.2.3.2.1.2.2",0.428443729441594,FALSE,TRUE,40
"2.2.2.2.2.2.2.2.2.2.3.2.2.2.2.2.2.3.2.2.1.2",0.455542363500371,FALSE,TRUE,40
"2.2.2.2.2.2.2.2.2.2.3.2.2.2.2.2.2.3.2.2.2.1",0.403445640736302,FALSE,TRUE,40
"3.2.2.2.2.2.2.2.2.3.2.2.1.2.2.2.3.3.2.2.2.2",0.29506775984655,FALSE,TRUE,41
"2.3.2.2.2.2.2.2.2.3.2.2.1.2.2.2.3.3.2.2.2.2",0.341021988076214,FALSE,TRUE,41
"2.2.3.2.2.2.2.2.2.3.2.2.1.2.2.2.3.3.2.2.2.2",0.345355372838795,FALSE,TRUE,41
"2.2.2.3.2.2.2.2.2.3.2.2.1.2.2.2.3.3.2.2.2.2",0.298104948385458,FALSE,TRUE,41
"2.2.2.2.3.2.2.2.2.3.2.2.1.2.2.2.3.3.2.2.2.2",0.323263551724726,FALSE,TRUE,41
"2.2.2.2.2.3.2.2.2.3.2.2.1.2.2.2.3.3.2.2.2.2",0.256392841263771,FALSE,TRUE,41
"2.2.2.2.2.2.3.2.2.3.2.2.1.2.2.2.3.3.2.2.2.2",0.269894284974177,FALSE,TRUE,41
"2.2.2.2.2.2.2.3.2.3.2.2.1.2.2.2.3.3.2.2.2.2",0.316595885137731,FALSE,TRUE,41
"2.2.2.2.2.2.2.2.3.3.2.2.1.2.2.2.3.3.2.2.2.2",0.347605604931498,FALSE,TRUE,41
"2.2.2.2.2.2.2.2.2.4.2.2.1.2.2.2.3.3.2.2.2.2",0.27405557498148,FALSE,TRUE,41
"2.2.2.2.2.2.2.2.2.3.3.2.1.2.2.2.3.3.2.2.2.2",0.336098704775733,FALSE,TRUE,41
"2.2.2.2.2.2.2.2.2.3.2.3.1.2.2.2.3.3.2.2.2.2",0.332817727009803,FALSE,TRUE,41
"2.2.2.2.2.2.2.2.2.3.2.2.1.3.2.2.3.3.2.2.2.2",0.285256698787574,FALSE,TRUE,41
"2.2.2.2.2.2.2.2.2.3.2.2.1.2.3.2.3.3.2.2.2.2",0.28363617663972,FALSE,TRUE,41
"2.2.2.2.2.2.2.2.2.3.2.2.1.2.2.3.3.3.2.2.2.2",0.373601429138949,FALSE,TRUE,41
"2.2.2.2.2.2.2.2.2.3.2.2.1.2.2.2.4.3.2.2.2.2",0.281565220888038,FALSE,TRUE,42
"2.2.2.2.2.2.2.2.2.3.2.2.1.2.2.2.3.4.2.2.2.2",0.286158177869011,FALSE,TRUE,41
"2.2.2.2.2.2.2.2.2.3.2.2.1.2.2.2.3.3.3.2.2.2",0.252813288797736,FALSE,TRUE,41
"2.2.2.2.2.2.2.2.2.3.2.2.1.2.2.2.3.3.2.3.2.2",0.304301418692267,FALSE,TRUE,40
"2.2.2.2.2.2.2.2.2.3.2.2.1.2.2.2.3.3.2.2.3.2",0.241924056595034,FALSE,TRUE,41
"2.2.2.2.2.2.2.2.2.3.2.2.1.2.2.2.3.3.2.2.2.3",0.324230176409822,FALSE,TRUE,41
"1.2.2.2.2.2.2.2.2.3.2.2.1.2.2.2.3.3.2.2.2.2",0.331859822928144,FALSE,TRUE,40
"2.1.2.2.2.2.2.2.2.3.2.2.1.2.2.2.3.3.2.2.2.2",0.28798431081375,FALSE,TRUE,40
"2.2.1.2.2.2.2.2.2.3.2.2.1.2.2.2.3.3.2.2.2.2",0.285712487222805,FALSE,TRUE,39
"2.2.2.1.2.2.2.2.2.3.2.2.1.2.2.2.3.3.2.2.2.2",0.333316913479223,FALSE,TRUE,40
"2.2.2.2.1.2.2.2.2.3.2.2.1.2.2.2.3.3.2.2.2.2",0.307644190880665,FALSE,TRUE,40
"2.2.2.2.2.1.2.2.2.3.2.2.1.2.2.2.3.3.2.2.2.2",0.360681094952537,FALSE,TRUE,40
"2.2.2.2.2.2.1.2.2.3.2.2.1.2.2.2.3.3.2.2.2.2",0.346833426878754,FALSE,TRUE,40
"2.2.2.2.2.2.2.1.2.3.2.2.1.2.2.2.3.3.2.2.2.2",0.310360124547639,FALSE,TRUE,40
"2.2.2.2.2.2.2.2.1.3.2.2.1.2.2.2.3.3.2.2.2.2",0.272272868130157,FALSE,TRUE,40
"2.2.2.2.2.2.2.2.2.2.2.2.1.2.2.2.3.3.2.2.2.2",0.348917106716078,FALSE,TRUE,40
"2.2.2.2.2.2.2.2.2.3.1.2.1.2.2.2.3.3.2.2.2.2",0.29527352349606,FALSE,TRUE,40
"2.2.2.2.2.2.2.2.2.3.2.1.1.2.2.2.3.3.2.2.2.2",0.296044075919399,FALSE,TRUE,40
"2.2.2.2.2.2.2.2.2.3.2.2.1.1.2.2.3.3.2.2.2.2",0.347586969102575,FALSE,TRUE,40
"2.2.2.2.2.2.2.2.2.3.2.2.1.2.1.2.3.3.2.2.2.2",0.34583606564037,FALSE,TRUE,40
"2.2.2.2.2.2.2.2.2.3.2.2.1.2.2.1.3.3.2.2.2.2",0.24368509324705,FALSE,TRUE,40
"2.2.2.2.2.2.2.2.2.3.2.2.1.2.2.2.3.2.2.2.2.2",0.341588865250235,FALSE,TRUE,41
"2.2.2.2.2.2.2.2.2.3.2.2.1.2.2.2.3.3.1.2.2.2",0.369369853147932,FALSE,TRUE,40
"2.2.2.2.2.2.2.2.2.3.2.2.1.2.2.2.3.3.2.1.2.2",0.324153701651968,FALSE,TRUE,40
"2.2.2.2.2.2.2.2.2.3.2.2.1.2.2.2.3.3.2.2.1.2",0.377908306282286,FALSE,TRUE,40
"2.2.2.2.2.2.2.2.2.3.2.2.1.2.2.2.3.3.2.2.2.1",0.304706499797257,FALSE,TRUE,40
"3.2.2.1.2.2.2.2.1.2.2.2.2.2.2.1.2.2.2.2.3.2",0.277880677500994,FALSE,TRUE,39
"2.3.2.1.2.2.2.2.1.2.2.2.2.2.2.1.2.2.2.2.3.2",0.310904402448825,FALSE,TRUE,39
"2.2.3.1.2.2.2.2.1.2.2.2.2.2.2.1.2.2.2.2.3.2",0.30611523727118,FALSE,TRUE,39
"2.2.2.2.2.2.2.2.1.2.2.2.2.2.2.1.2.2.2.2.3.2",0.260646095702428,FALSE,TRUE,39
"2.2.2.1.3.2.2.2.1.2.2.2.2.2.2.1.2.2.2.2.3.2",0.297910688704974,FALSE,TRUE,39
"2.2.2.1.2.3.2.2.1.2.2.2.2.2.2.1.2.2.2.2.3.2",0.239034632755665,FALSE,TRUE,39
"2.2.2.1.2.2.3.2.1.2.2.2.2.2.2.1.2.2.2.2.3.2",0.27840165532052,FALSE,TRUE,38
"2.2.2.1.2.2.2.3.1.2.2.2.2.2.2.1.2.2.2.2.3.2",0.28098366763777,FALSE,TRUE,39
"2.2.2.1.2.2.2.2.1.3.2.2.2.2.2.1.2.2.2.2.3.2",0.271488566369353,FALSE,TRUE,39
"2.2.2.1.2.2.2.2.1.2.3.2.2.2.2.1.2.2.2.2.3.2",0.324278496487998,FALSE,TRUE,39
"2.2.2.1.2.2.2.2.1.2.2.3.2.2.2.1.2.2.2.2.3.2",0.30099775500698,FALSE,TRUE,39
"2.2.2.1.2.2.2.2.1.2.2.2.3.2.2.1.2.2.2.2.3.2",0.323508381896632,FALSE,TRUE,39
"2.2.2.1.2.2.2.2.1.2.2.2.2.3.2.1.2.2.2.2.3.2",0.256059263514053,FALSE,TRUE,39
"2.2.2.1.2.2.2.2.1.2.2.2.2.2.3.1.2.2.2.2.3.2",0.25866395801175,FALSE,TRUE,39
"2.2.2.1.2.2.2.2.1.2.2.2.2.2.2.1.3.2.2.2.3.2",0.24506512637717,FALSE,TRUE,39
"2.2.2.1.2.2.2.2.1.2.2.2.2.2.2.1.2.3.2.2.3.2",0.25483124759455,FALSE,TRUE,39
"2.2.2.1.2.2.2.2.1.2.2.2.2.2.2.1.2.2.3.2.3.2",0.199382025431728,FALSE,TRUE,39
"2.2.2.1.2.2.2.2.1.2.2.2.2.2.2.1.2.2.2.3.3.2",0.266589061658237,FALSE,TRUE,39
"2.2.2.1.2.2.2.2.1.2.2.2.2.2.2.1.2.2.2.2.4.2",0.228370223435288,FALSE,TRUE,39
"2.2.2.1.2.2.2.2.1.2.2.2.2.2.2.1.2.2.2.2.3.3",0.322463705246223,FALSE,TRUE,39
"1.2.2.1.2.2.2.2.1.2.2.2.2.2.2.1.2.2.2.2.3.2",0.306390344975766,FALSE,TRUE,38
"2.1.2.1.2.2.2.2.1.2.2.2.2.2.2.1.2.2.2.2.3.2",0.274145816943129,FALSE,TRUE,38
"2.2.1.1.2.2.2.2.1.2.2.2.2.2.2.1.2.2.2.2.3.2",0.282041479211457,FALSE,TRUE,38
"2.2.2.1.1.2.2.2.1.2.2.2.2.2.2.1.2.2.2.2.3.2",0.286743472797211,FALSE,TRUE,38
"2.2.2.1.2.1.2.2.1.2.2.2.2.2.2.1.2.2.2.2.3.2",0.330078391201179,FALSE,TRUE,38
"2.2.2.1.2.2.1.2.1.2.2.2.2.2.2.1.2.2.2.2.3.2",0.293549103527055,FALSE,TRUE,38
"2.2.2.1.2.2.2.1.1.2.2.2.2.2.2.1.2.2.2.2.3.2",0.300903641952034,FALSE,TRUE,38
"2.2.2.1.2.2.2.2.1.1.2.2.2.2.2.1.2.2.2.2.3.2",0.306192965255071,FALSE,TRUE,38
"2.2.2.1.2.2.2.2.1.2.1.2.2.2.2.1.2.2.2.2.3.2",0.259933893421539,FALSE,TRUE,38
"2.2.2.1.2.2.2.2.1.2.2.1.2.2.2.1.2.2.2.2.3.2",0.282004350337996,FALSE,TRUE,38
"2.2.2.1.2.2.2.2.1.2.2.2.1.2.2.1.2.2.2.2.3.2",0.261093320445114,FALSE,TRUE,38
"2.2.2.1.2.2.2.2.1.2.2.2.2.1.2.1.2.2.2.2.3.2",0.327698664140594,FALSE,TRUE,38
"2.2.2.1.2.2.2.2.1.2.2.2.2.2.1.1.2.2.2.2.3.2",0.327290432803376,FALSE,TRUE,38
"2.2.2.1.2.2.2.2.1.2.2.2.2.2.2.1.1.2.2.2.3.2",0.336051544849675,FALSE,TRUE,38
"2.2.2.1.2.2.2.2.1.2.2.2.2.2.2.1.2.1.2.2.3.2",0.326906372395122,FALSE,TRUE,38
"2.2.2.1.2.2.2.2.1.2.2.2.2.2.2.1.2.2.1.2.3.2",0.374510017356162,FALSE,TRUE,38
"2.2.2.1.2.2.2.2.1.2.2.2.2.2.2.1.2.2.2.1.3.2",0.318839984398047,FALSE,TRUE,38
"2.2.2.1.2.2.2.2.1.2.2.2.2.2.2.1.2.2.2.2.2.2",0.3461672918847,FALSE,TRUE,39
"2.2.2.1.2.2.2.2.1.2.2.2.2.2.2.1.2.2.2.2.3.1",0.263044343106668,FALSE,TRUE,38
"3.2.2.2.2.2.2.3.2.2.3.2.2.2.2.2.2.3.2.2.2.2",0.379181291254434,FALSE,TRUE,41
"2.3.2.2.2.2.2.3.2.2.3.2.2.2.2.2.2.3.2.2.2.2",0.411519574313983,FALSE,TRUE,41
"2.2.3.2.2.2.2.3.2.2.3.2.2.2.2.2.2.3.2.2.2.2",0.415150163156643,FALSE,TRUE,41
"2.2.2.3.2.2.2.3.2.2.3.2.2.2.2.2.2.3.2.2.2.2",0.35547737832658,FALSE,TRUE,41
"2.2.2.2.3.2.2.3.2.2.3.2.2.2.2.2.2.3.2.2.2.2",0.395604537245356,FALSE,TRUE,41
"2.2.2.2.2.3.2.3.2.2.3.2.2.2.2.2.2.3.2.2.2.2",0.319420816428493,FALSE,TRUE,41
"2.2.2.2.2.2.3.3.2.2.3.2.2.2.2.2.2.3.2.2.2.2",0.347476850215267,FALSE,TRUE,42
"2.2.2.2.2.2.2.4.2.2.3.2.2.2.2.2.2.3.2.2.2.2",0.371700103470907,FALSE,TRUE,42
"2.2.2.2.2.2.2.3.3.2.3.2.2.2.2.2.2.3.2.2.2.2",0.417326204268416,FALSE,TRUE,41
"2.2.2.2.2.2.2.3.2.3.3.2.2.2.2.2.2.3.2.2.2.2",0.378598138925634,FALSE,TRUE,40
"2.2.2.2.2.2.2.3.2.2.4.2.2.2.2.2.2.3.2.2.2.2",0.404786789347033,FALSE,TRUE,41
"2.2.2.2.2.2.2.3.2.2.3.3.2.2.2.2.2.3.2.2.2.2",0.403911275650137,FALSE,TRUE,41
"2.2.2.2.2.2.2.3.2.2.3.2.3.2.2.2.2.3.2.2.2.2",0.410344697639754,FALSE,TRUE,41
"2.2.2.2.2.2.2.3.2.2.3.2.2.3.2.2.2.3.2.2.2.2",0.352508351836917,FALSE,TRUE,41
"2.2.2.2.2.2.2.3.2.2.3.2.2.2.3.2.2.3.2.2.2.2",0.364503411102395,FALSE,TRUE,41
"2.2.2.2.2.2.2.3.2.2.3.2.2.2.2.3.2.3.2.2.2.2",0.436222218725027,FALSE,TRUE,41
"2.2.2.2.2.2.2.3.2.2.3.2.2.2.2.2.3.3.2.2.2.2",0.384055667174337,FALSE,TRUE,41
"2.2.2.2.2.2.2.3.2.2.3.2.2.2.2.2.2.4.2.2.2.2",0.347861094039488,FALSE,TRUE,40
"2.2.2.2.2.2.2.3.2.2.3.2.2.2.2.2.2.3.3.2.2.2",0.33459967117058,FALSE,TRUE,41
"2.2.2.2.2.2.2.3.2.2.3.2.2.2.2.2.2.3.2.3.2.2",0.365190017995698,FALSE,TRUE,41
"2.2.2.2.2.2.2.3.2.2.3.2.2.2.2.2.2.3.2.2.3.2",0.335818394141515,FALSE,TRUE,41
"2.2.2.2.2.2.2.3.2.2.3.2.2.2.2.2.2.3.2.2.2.3",0.393005060116396,FALSE,TRUE,41
"1.2.2.2.2.2.2.3.2.2.3.2.2.2.2.2.2.3.2.2.2.2",0.400683600197515,FALSE,TRUE,40
"2.1.2.2.2.2.2.3.2.2.3.2.2.2.2.2.2.3.2.2.2.2",0.371391874000762,FALSE,TRUE,40
"2.2.1.2.2.2.2.3.2.2.3.2.2.2.2.2.2.3.2.2.2.2",0.368467761799088,FALSE,TRUE,40
"2.2.2.1.2.2.2.3.2.2.3.2.2.2.2.2.2.3.2.2.2.2",0.425793955029389,FALSE,TRUE,40
"2.2.2.2.1.2.2.3.2.2.3.2.2.2.2.2.2.3.2.2.2.2",0.389601785381371,FALSE,TRUE,39
"2.2.2.2.2.1.2.3.2.2.3.2.2.2.2.2.2.3.2.2.2.2",0.45230485206172,FALSE,TRUE,40
"2.2.2.2.2.2.2.3.1.2.3.2.2.2.2.2.2.3.2.2.2.2",0.350687693049624,FALSE,TRUE,40
"2.2.2.2.2.2.2.3.2.1.3.2.2.2.2.2.2.3.2.2.2.2",0.3949459652479,FALSE,TRUE,40
"2.2.2.2.2.2.2.3.2.2.3.1.2.2.2.2.2.3.2.2.2.2",0.379624640604204,FALSE,TRUE,40
"2.2.2.2.2.2.2.3.2.2.3.2.1.2.2.2.2.3.2.2.2.2",0.37081192816903,FALSE,TRUE,40
"2.2.2.2.2.2.2.3.2.2.3.2.2.1.2.2.2.3.2.2.2.2",0.433853764097369,FALSE,TRUE,40
"2.2.2.2.2.2.2.3.2.2.3.2.2.2.1.2.2.3.2.2.2.2",0.41819986512214,FALSE,TRUE,40
"2.2.2.2.2.2.2.3.2.2.3.2.2.2.2.1.2.3.2.2.2.2",0.333983521582292,FALSE,TRUE,40
"2.2.2.2.2.2.2.3.2.2.3.2.2.2.2.2.1.3.2.2.2.2",0.395937366323,FALSE,TRUE,40
"2.2.2.2.2.2.2.3.2.2.3.2.2.2.2.2.2.2.2.2.2.2",0.433869629001436,FALSE,TRUE,40
"2.2.2.2.2.2.2.3.2.2.3.2.2.2.2.2.2.3.1.2.2.2",0.439503635151843,FALSE,TRUE,40
"2.2.2.2.2.2.2.3.2.2.3.2.2.2.2.2.2.3.2.1.2.2",0.414033798667546,FALSE,TRUE,40
"2.2.2.2.2.2.2.3.2.2.3.2.2.2.2.2.2.3.2.2.1.2",0.437160400635138,FALSE,TRUE,40
"2.2.2.2.2.2.2.3.2.2.3.2.2.2.2.2.2.3.2.2.2.1",0.38928865973854,FALSE,TRUE,40
"4.2.3.2.2.2.2.2.2.2.2.2.2.2.1.2.2.2.1.2.3.2",0.395753181020777,FALSE,TRUE,41
"3.3.3.2.2.2.2.2.2.2.2.2.2.2.1.2.2.2.1.2.3.2",0.444252128139921,FALSE,TRUE,40
"3.2.4.2.2.2.2.2.2.2.2.2.2.2.1.2.2.2.1.2.3.2",0.411722653941436,FALSE,TRUE,40
"3.2.3.3.2.2.2.2.2.2.2.2.2.2.1.2.2.2.1.2.3.2",0.350172090769814,FALSE,TRUE,40
"3.2.3.2.3.2.2.2.2.2.2.2.2.2.1.2.2.2.1.2.3.2",0.429225857362372,FALSE,TRUE,40
"3.2.3.2.2.3.2.2.2.2.2.2.2.2.1.2.2.2.1.2.3.2",0.379164615122428,FALSE,TRUE,40
"3.2.3.2.2.2.3.2.2.2.2.2.2.2.1.2.2.2.1.2.3.2",0.41867522052258,FALSE,TRUE,40
"3.2.3.2.2.2.2.3.2.2.2.2.2.2.1.2.2.2.1.2.3.2",0.407059586094203,FALSE,TRUE,40
"3.2.3.2.2.2.2.2.3.2.2.2.2.2.1.2.2.2.1.2.3.2",0.448596487668048,FALSE,TRUE,40
"3.2.3.2.2.2.2.2.2.3.2.2.2.2.1.2.2.2.1.2.3.2",0.392131089008862,FALSE,TRUE,40
"3.2.3.2.2.2.2.2.2.2.3.2.2.2.1.2.2.2.1.2.3.2",0.449979028770424,FALSE,TRUE,40
"3.2.3.2.2.2.2.2.2.2.2.3.2.2.1.2.2.2.1.2.3.2",0.422003465102033,FALSE,TRUE,40
"3.2.3.2.2.2.2.2.2.2.2.2.3.2.1.2.2.2.1.2.3.2",0.422144915307947,FALSE,TRUE,40
"3.2.3.2.2.2.2.2.2.2.2.2.2.3.1.2.2.2.1.2.3.2",0.369056438123903,FALSE,TRUE,40
"3.2.3.2.2.2.2.2.2.2.2.2.2.2.2.2.2.2.1.2.3.2",0.401595784254383,FALSE,TRUE,40
"3.2.3.2.2.2.2.2.2.2.2.2.2.2.1.3.2.2.1.2.3.2",0.432232873269625,FALSE,TRUE,40
"3.2.3.2.2.2.2.2.2.2.2.2.2.2.1.2.3.2.1.2.3.2",0.392009710586227,FALSE,TRUE,40
"3.2.3.2.2.2.2.2.2.2.2.2.2.2.1.2.2.3.1.2.3.2",0.374505384210598,FALSE,TRUE,40
"3.2.3.2.2.2.2.2.2.2.2.2.2.2.1.2.2.2.2.2.3.2",0.374194673312159,FALSE,TRUE,39
"3.2.3.2.2.2.2.2.2.2.2.2.2.2.1.2.2.2.1.3.3.2",0.385925933030555,FALSE,TRUE,40
"3.2.3.2.2.2.2.2.2.2.2.2.2.2.1.2.2.2.1.2.4.2",0.334913737326666,FALSE,TRUE,40
"3.2.3.2.2.2.2.2.2.2.2.2.2.2.1.2.2.2.1.2.3.3",0.417479071945656,FALSE,TRUE,40
"3.1.3.2.2.2.2.2.2.2.2.2.2.2.1.2.2.2.1.2.3.2",0.395491686448268,FALSE,TRUE,39
"3.2.3.1.2.2.2.2.2.2.2.2.2.2.1.2.2.2.1.2.3.2",0.487258300419685,FALSE,TRUE,39
"3.2.3.2.1.2.2.2.2.2.2.2.2.2.1.2.2.2.1.2.3.2",0.414447622648939,FALSE,TRUE,39
"3.2.3.2.2.1.2.2.2.2.2.2.2.2.1.2.2.2.1.2.3.2",0.446194763964439,FALSE,TRUE,39
"3.2.3.2.2.2.1.2.2.2.2.2.2.2.1.2.2.2.1.2.3.2",0.410779273262202,FALSE,TRUE,39
"3.2.3.2.2.2.2.1.2.2.2.2.2.2.1.2.2.2.1.2.3.2",0.431460196270178,FALSE,TRUE,39
"3.2.3.2.2.2.2.2.1.2.2.2.2.2.1.2.2.2.1.2.3.2",0.378956883062176,FALSE,TRUE,39
"3.2.3.2.2.2.2.2.2.1.2.2.2.2.1.2.2.2.1.2.3.2",0.439324365902712,FALSE,TRUE,39
"3.2.3.2.2.2.2.2.2.2.1.2.2.2.1.2.2.2.1.2.3.2",0.385638303359912,FALSE,TRUE,39
"3.2.3.2.2.2.2.2.2.2.2.1.2.2.1.2.2.2.1.2.3.2",0.417584165243457,FALSE,TRUE,39
"3.2.3.2.2.2.2.2.2.2.2.2.1.2.1.2.2.2.1.2.3.2",0.414710527346425,FALSE,TRUE,39
"3.2.3.2.2.2.2.2.2.2.2.2.2.1.1.2.2.2.1.2.3.2",0.469810791767161,FALSE,TRUE,39
"3.2.3.2.2.2.2.2.2.2.2.2.2.2.1.1.2.2.1.2.3.2",0.391756355388618,FALSE,TRUE,39
"3.2.3.2.2.2.2.2.2.2.2.2.2.2.1.2.1.2.1.2.3.2",0.445019592880233,FALSE,TRUE,39
"3.2.3.2.2.2.2.2.2.2.2.2.2.2.1.2.2.1.1.2.3.2",0.461075135979332,FALSE,TRUE,39
"3.2.3.2.2.2.2.2.2.2.2.2.2.2.1.2.2.2.1.1.3.2",0.449593549800979,FALSE,TRUE,39
"3.2.3.2.2.2.2.2.2.2.2.2.2.2.1.2.2.2.1.2.2.2",0.498286768837491,FALSE,TRUE,40
"3.2.3.2.2.2.2.2.2.2.2.2.2.2.1.2.2.2.1.2.3.1",0.420243373454256,FALSE,TRUE,39
"2.3.3.2.2.2.2.2.2.2.2.2.2.2.1.1.2.2.1.2.3.2",0.433197326875106,FALSE,TRUE,39
"2.2.4.2.2.2.2.2.2.2.2.2.2.2.1.1.2.2.1.2.3.2",0.411428809026195,FALSE,TRUE,39
"2.2.3.3.2.2.2.2.2.2.2.2.2.2.1.1.2.2.1.2.3.2",0.351916563965337,FALSE,TRUE,39
"2.2.3.2.3.2.2.2.2.2.2.2.2.2.1.1.2.2.1.2.3.2",0.415522929493748,FALSE,TRUE,39
"2.2.3.2.2.3.2.2.2.2.2.2.2.2.1.1.2.2.1.2.3.2",0.361592802122648,FALSE,TRUE,39
"2.2.3.2.2.2.3.2.2.2.2.2.2.2.1.1.2.2.1.2.3.2",0.40422954435948,FALSE,TRUE,39
"2.2.3.2.2.2.2.3.2.2.2.2.2.2.1.1.2.2.1.2.3.2",0.395818125984535,FALSE,TRUE,39
"2.2.3.2.2.2.2.2.3.2.2.2.2.2.1.1.2.2.1.2.3.2",0.448856081208098,FALSE,TRUE,39
"2.2.3.2.2.2.2.2.2.3.2.2.2.2.1.1.2.2.1.2.3.2",0.384759362532302,FALSE,TRUE,39
"2.2.3.2.2.2.2.2.2.2.3.2.2.2.1.1.2.2.1.2.3.2",0.438313440048173,FALSE,TRUE,39
"2.2.3.2.2.2.2.2.2.2.2.3.2.2.1.1.2.2.1.2.3.2",0.413633735717497,FALSE,TRUE,39
"2.2.3.2.2.2.2.2.2.2.2.2.3.2.1.1.2.2.1.2.3.2",0.421614460100161,FALSE,TRUE,39
"2.2.3.2.2.2.2.2.2.2.2.2.2.3.1.1.2.2.1.2.3.2",0.36412696401573,FALSE,TRUE,39
"2.2.3.2.2.2.2.2.2.2.2.2.2.2.2.1.2.2.1.2.3.2",0.381474940525488,FALSE,TRUE,39
"2.2.3.2.2.2.2.2.2.2.2.2.2.2.1.1.3.2.1.2.3.2",0.375903932369657,FALSE,TRUE,39
"2.2.3.2.2.2.2.2.2.2.2.2.2.2.1.1.2.3.1.2.3.2",0.364467057151428,FALSE,TRUE,39
"2.2.3.2.2.2.2.2.2.2.2.2.2.2.1.1.2.2.2.2.3.2",0.35475546638731,FALSE,TRUE,38
"2.2.3.2.2.2.2.2.2.2.2.2.2.2.1.1.2.2.1.3.3.2",0.37330551804296,FALSE,TRUE,39
"2.2.3.2.2.2.2.2.2.2.2.2.2.2.1.1.2.2.1.2.4.2",0.331011902605063,FALSE,TRUE,39
"2.2.3.2.2.2.2.2.2.2.2.2.2.2.1.1.2.2.1.2.3.3",0.414518259259429,FALSE,TRUE,39
"1.2.3.2.2.2.2.2.2.2.2.2.2.2.1.1.2.2.1.2.3.2",0.417865105881704,FALSE,TRUE,38
"2.1.3.2.2.2.2.2.2.2.2.2.2.2.1.1.2.2.1.2.3.2",0.380821671911843,FALSE,TRUE,38
"2.2.3.1.2.2.2.2.2.2.2.2.2.2.1.1.2.2.1.2.3.2",0.458550516644338,FALSE,TRUE,38
"2.2.3.2.1.2.2.2.2.2.2.2.2.2.1.1.2.2.1.2.3.2",0.400512509338289,FALSE,TRUE,38
"2.2.3.2.2.1.2.2.2.2.2.2.2.2.1.1.2.2.1.2.3.2",0.436469976624691,FALSE,TRUE,38
"2.2.3.2.2.2.1.2.2.2.2.2.2.2.1.1.2.2.1.2.3.2",0.397159271923354,FALSE,TRUE,38
"2.2.3.2.2.2.2.1.2.2.2.2.2.2.1.1.2.2.1.2.3.2",0.415388260277153,FALSE,TRUE,38
"2.2.3.2.2.2.2.2.1.2.2.2.2.2.1.1.2.2.1.2.3.2",0.353805362056404,FALSE,TRUE,38
"2.2.3.2.2.2.2.2.2.1.2.2.2.2.1.1.2.2.1.2.3.2",0.420350912025681,FALSE,TRUE,38
"2.2.3.2.2.2.2.2.2.2.1.2.2.2.1.1.2.2.1.2.3.2",0.371402322264646,FALSE,TRUE,38
"2.2.3.2.2.2.2.2.2.2.2.1.2.2.1.1.2.2.1.2.3.2",0.399419275559707,FALSE,TRUE,38
"2.2.3.2.2.2.2.2.2.2.2.2.1.2.1.1.2.2.1.2.3.2",0.389179384897677,FALSE,TRUE,38
"2.2.3.2.2.2.2.2.2.2.2.2.2.1.1.1.2.2.1.2.3.2",0.448261505124627,FALSE,TRUE,38
"2.2.3.2.2.2.2.2.2.2.2.2.2.2.1.1.1.2.1.2.3.2",0.434179961572971,FALSE,TRUE,38
"2.2.3.2.2.2.2.2.2.2.2.2.2.2.1.1.2.1.1.2.3.2",0.44385322580042,FALSE,TRUE,38
"2.2.3.2.2.2.2.2.2.2.2.2.2.2.1.1.2.2.1.1.3.2",0.43695471569822,FALSE,TRUE,38
"2.2.3.2.2.2.2.2.2.2.2.2.2.2.1.1.2.2.1.2.2.2",0.473075887510515,FALSE,TRUE,39
"2.2.3.2.2.2.2.2.2.2.2.2.2.2.1.1.2.2.1.2.3.1",0.396905266318023,FALSE,TRUE,38
"3.2.2.2.2.2.2.2.2.2.1.2.2.2.2.2.2.3.2.2.2.2",0.348222723703464,FALSE,TRUE,38
"2.3.2.2.2.2.2.2.2.2.1.2.2.2.2.2.2.3.2.2.2.2",0.390186363087929,FALSE,TRUE,38
"2.2.3.2.2.2.2.2.2.2.1.2.2.2.2.2.2.3.2.2.2.2",0.395308137817487,FALSE,TRUE,38
"2.2.2.2.3.2.2.2.2.2.1.2.2.2.2.2.2.3.2.2.2.2",0.368436852608214,FALSE,TRUE,38
"2.2.2.2.2.3.2.2.2.2.1.2.2.2.2.2.2.3.2.2.2.2",0.309996308155645,FALSE,TRUE,38
"2.2.2.2.2.2.3.2.2.2.1.2.2.2.2.2.2.3.2.2.2.2",0.332637136355938,FALSE,TRUE,38
"2.2.2.2.2.2.2.3.2.2.1.2.2.2.2.2.2.3.2.2.2.2",0.355035218521763,FALSE,TRUE,38
"2.2.2.2.2.2.2.2.3.2.1.2.2.2.2.2.2.3.2.2.2.2",0.400501229635826,FALSE,TRUE,38
"2.2.2.2.2.2.2.2.2.2.1.3.2.2.2.2.2.3.2.2.2.2",0.373873199916537,FALSE,TRUE,38
"2.2.2.2.2.2.2.2.2.2.1.2.2.3.2.2.2.3.2.2.2.2",0.337601883961342,FALSE,TRUE,38
"2.2.2.2.2.2.2.2.2.2.1.2.2.2.3.2.2.3.2.2.2.2",0.337743697141777,FALSE,TRUE,38
"2.2.2.2.2.2.2.2.2.2.1.2.2.2.2.3.2.3.2.2.2.2",0.41908375810287,FALSE,TRUE,38
"2.2.2.2.2.2.2.2.2.2.1.2.2.2.2.2.3.3.2.2.2.2",0.355504210137074,FALSE,TRUE,38
"2.2.2.2.2.2.2.2.2.2.1.2.2.2.2.2.2.3.3.2.2.2",0.311843564377751,FALSE,TRUE,38
"2.2.2.2.2.2.2.2.2.2.1.2.2.2.2.2.2.3.2.3.2.2",0.353151163694526,FALSE,TRUE,37
"2.2.2.2.2.2.2.2.2.2.1.2.2.2.2.2.2.3.2.2.3.2",0.293345859892536,FALSE,TRUE,36
"2.2.2.2.2.2.2.2.2.2.1.2.2.2.2.2.2.3.2.2.2.3",0.378054511426694,FALSE,TRUE,38
"1.2.2.2.2.2.2.2.2.2.1.2.2.2.2.2.2.3.2.2.2.2",0.387195395612565,FALSE,TRUE,37
"2.1.2.2.2.2.2.2.2.2.1.2.2.2.2.2.2.3.2.2.2.2",0.346521130015571,FALSE,TRUE,37
"2.2.1.2.2.2.2.2.2.2.1.2.2.2.2.2.2.3.2.2.2.2",0.342695496470273,FALSE,TRUE,37
"2.2.2.1.2.2.2.2.2.2.1.2.2.2.2.2.2.3.2.2.2.2",0.3977925084533,FALSE,TRUE,38
"2.2.2.2.2.1.2.2.2.2.1.2.2.2.2.2.2.3.2.2.2.2",0.412325844042425,FALSE,TRUE,37
"2.2.2.2.2.2.1.2.2.2.1.2.2.2.2.2.2.3.2.2.2.2",0.393570529796864,FALSE,TRUE,37
"2.2.2.2.2.2.2.1.2.2.1.2.2.2.2.2.2.3.2.2.2.2",0.3800202869042,FALSE,TRUE,37
"2.2.2.2.2.2.2.2.1.2.1.2.2.2.2.2.2.3.2.2.2.2",0.324995468601545,FALSE,TRUE,37
"2.2.2.2.2.2.2.2.2.1.1.2.2.2.2.2.2.3.2.2.2.2",0.385545907418009,FALSE,TRUE,37
"2.2.2.2.2.2.2.2.2.2.1.1.2.2.2.2.2.3.2.2.2.2",0.362017753720313,FALSE,TRUE,37
"2.2.2.2.2.2.2.2.2.2.1.2.1.2.2.2.2.3.2.2.2.2",0.344624060303118,FALSE,TRUE,37
"2.2.2.2.2.2.2.2.2.2.1.2.2.1.2.2.2.3.2.2.2.2",0.398103693142172,FALSE,TRUE,37
"2.2.2.2.2.2.2.2.2.2.1.2.2.2.1.2.2.3.2.2.2.2",0.399760351907894,FALSE,TRUE,36
"2.2.2.2.2.2.2.2.2.2.1.2.2.2.2.1.2.3.2.2.2.2",0.305032868139434,FALSE,TRUE,37
"2.2.2.2.2.2.2.2.2.2.1.2.2.2.2.2.1.3.2.2.2.2",0.377908754537336,FALSE,TRUE,37
"2.2.2.2.2.2.2.2.2.2.1.2.2.2.2.2.2.3.1.2.2.2",0.412807597377348,FALSE,TRUE,37
"2.2.2.2.2.2.2.2.2.2.1.2.2.2.2.2.2.3.2.1.2.2",0.382817291944555,FALSE,TRUE,37
"2.2.2.2.2.2.2.2.2.2.1.2.2.2.2.2.2.3.2.2.1.2",0.432121034830067,FALSE,TRUE,37
"2.2.2.2.2.2.2.2.2.2.1.2.2.2.2.2.2.3.2.2.2.1",0.359678907779601,FALSE,TRUE,37
"2.1.4.2.2.2.2.2.2.2.2.2.2.2.1.2.2.2.1.2.3.2",0.404878917067959,FALSE,TRUE,39
"2.1.3.3.2.2.2.2.2.2.2.2.2.2.1.2.2.2.1.2.3.2",0.338080817476891,FALSE,TRUE,39
"2.1.3.2.3.2.2.2.2.2.2.2.2.2.1.2.2.2.1.2.3.2",0.420291066821101,FALSE,TRUE,39
"2.1.3.2.2.3.2.2.2.2.2.2.2.2.1.2.2.2.1.2.3.2",0.366517646313821,FALSE,TRUE,39
"2.1.3.2.2.2.3.2.2.2.2.2.2.2.1.2.2.2.1.2.3.2",0.413576146888242,FALSE,TRUE,39
"2.1.3.2.2.2.2.3.2.2.2.2.2.2.1.2.2.2.1.2.3.2",0.401288549457059,FALSE,TRUE,39
"2.1.3.2.2.2.2.2.3.2.2.2.2.2.1.2.2.2.1.2.3.2",0.457315080127451,FALSE,TRUE,39
"2.1.3.2.2.2.2.2.2.3.2.2.2.2.1.2.2.2.1.2.3.2",0.385419373364998,FALSE,TRUE,39
"2.1.3.2.2.2.2.2.2.2.3.2.2.2.1.2.2.2.1.2.3.2",0.435385089313547,FALSE,TRUE,39
"2.1.3.2.2.2.2.2.2.2.2.3.2.2.1.2.2.2.1.2.3.2",0.416881042125822,FALSE,TRUE,39
"2.1.3.2.2.2.2.2.2.2.2.2.3.2.1.2.2.2.1.2.3.2",0.421645491778816,FALSE,TRUE,39
"2.1.3.2.2.2.2.2.2.2.2.2.2.3.1.2.2.2.1.2.3.2",0.350301083191524,FALSE,TRUE,39
"2.1.3.2.2.2.2.2.2.2.2.2.2.2.2.2.2.2.1.2.3.2",0.390966709867388,FALSE,TRUE,39
"2.1.3.2.2.2.2.2.2.2.2.2.2.2.1.3.2.2.1.2.3.2",0.421315924477227,FALSE,TRUE,39
"2.1.3.2.2.2.2.2.2.2.2.2.2.2.1.2.3.2.1.2.3.2",0.390047919578836,FALSE,TRUE,39
"2.1.3.2.2.2.2.2.2.2.2.2.2.2.1.2.2.3.1.2.3.2",0.350633478291787,FALSE,TRUE,39
"2.1.3.2.2.2.2.2.2.2.2.2.2.2.1.2.2.2.2.2.3.2",0.377525945158573,FALSE,TRUE,38
"2.1.3.2.2.2.2.2.2.2.2.2.2.2.1.2.2.2.1.3.3.2",0.375720187617248,FALSE,TRUE,39
"2.1.3.2.2.2.2.2.2.2.2.2.2.2.1.2.2.2.1.2.4.2",0.323310409920685,FALSE,TRUE,39
"2.1.3.2.2.2.2.2.2.2.2.2.2.2.1.2.2.2.1.2.3.3",0.401854176131684,FALSE,TRUE,39
"1.1.3.2.2.2.2.2.2.2.2.2.2.2.1.2.2.2.1.2.3.2",0.417229966261888,FALSE,TRUE,38
"2.1.3.1.2.2.2.2.2.2.2.2.2.2.1.2.2.2.1.2.3.2",0.477329186149602,FALSE,TRUE,38
"2.1.3.2.1.2.2.2.2.2.2.2.2.2.1.2.2.2.1.2.3.2",0.400475776958875,FALSE,TRUE,38
"2.1.3.2.2.1.2.2.2.2.2.2.2.2.1.2.2.2.1.2.3.2",0.436074932423661,FALSE,TRUE,38
"2.1.3.2.2.2.1.2.2.2.2.2.2.2.1.2.2.2.1.2.3.2",0.392698221205074,FALSE,TRUE,38
"2.1.3.2.2.2.2.1.2.2.2.2.2.2.1.2.2.2.1.2.3.2",0.41457719100409,FALSE,TRUE,38
"2.1.3.2.2.2.2.2.1.2.2.2.2.2.1.2.2.2.1.2.3.2",0.35089899071043,FALSE,TRUE,38
"2.1.3.2.2.2.2.2.2.1.2.2.2.2.1.2.2.2.1.2.3.2",0.423866690125913,FALSE,TRUE,38
"2.1.3.2.2.2.2.2.2.2.1.2.2.2.1.2.2.2.1.2.3.2",0.377573681388752,FALSE,TRUE,38
"2.1.3.2.2.2.2.2.2.2.2.1.2.2.1.2.2.2.1.2.3.2",0.400509212629523,FALSE,TRUE,38
"2.1.3.2.2.2.2.2.2.2.2.2.1.2.1.2.2.2.1.2.3.2",0.392929637774129,FALSE,TRUE,38
"2.1.3.2.2.2.2.2.2.2.2.2.2.1.1.2.2.2.1.2.3.2",0.464625466920852,FALSE,TRUE,38
"2.1.3.2.2.2.2.2.2.2.2.2.2.2.1.2.1.2.1.2.3.2",0.423847062478751,FALSE,TRUE,38
"2.1.3.2.2.2.2.2.2.2.2.2.2.2.1.2.2.1.1.2.3.2",0.460177013485948,FALSE,TRUE,38
"2.1.3.2.2.2.2.2.2.2.2.2.2.2.1.2.2.2.1.1.3.2",0.438519538929936,FALSE,TRUE,38
"2.1.3.2.2.2.2.2.2.2.2.2.2.2.1.2.2.2.1.2.2.2",0.48554413660074,FALSE,TRUE,39
"2.1.3.2.2.2.2.2.2.2.2.2.2.2.1.2.2.2.1.2.3.1",0.413054453782823,FALSE,TRUE,38
"3.2.2.1.2.2.3.2.2.2.2.2.2.2.2.2.2.2.2.2.3.2",0.347575892350755,FALSE,TRUE,38
"2.3.2.1.2.2.3.2.2.2.2.2.2.2.2.2.2.2.2.2.3.2",0.382936009642682,FALSE,TRUE,38
"2.2.2.1.3.2.3.2.2.2.2.2.2.2.2.2.2.2.2.2.3.2",0.371516673594387,FALSE,TRUE,38
"2.2.2.1.2.3.3.2.2.2.2.2.2.2.2.2.2.2.2.2.3.2",0.294760514079253,FALSE,TRUE,38
"2.2.2.1.2.2.4.2.2.2.2.2.2.2.2.2.2.2.2.2.3.2",0.332948939314407,FALSE,TRUE,39
"2.2.2.1.2.2.3.3.2.2.2.2.2.2.2.2.2.2.2.2.3.2",0.345008659241328,FALSE,TRUE,38
"2.2.2.1.2.2.3.2.3.2.2.2.2.2.2.2.2.2.2.2.3.2",0.381247233300376,FALSE,TRUE,38
"2.2.2.1.2.2.3.2.2.3.2.2.2.2.2.2.2.2.2.2.3.2",0.33854078265349,FALSE,TRUE,38
"2.2.2.1.2.2.3.2.2.2.3.2.2.2.2.2.2.2.2.2.3.2",0.405261932601857,FALSE,TRUE,38
"2.2.2.1.2.2.3.2.2.2.2.3.2.2.2.2.2.2.2.2.3.2",0.369674048274186,FALSE,TRUE,38
"2.2.2.1.2.2.3.2.2.2.2.2.3.2.2.2.2.2.2.2.3.2",0.396813514822573,FALSE,TRUE,38
"2.2.2.1.2.2.3.2.2.2.2.2.2.3.2.2.2.2.2.2.3.2",0.324202425514801,FALSE,TRUE,38
"2.2.2.1.2.2.3.2.2.2.2.2.2.2.3.2.2.2.2.2.3.2",0.330173220083172,FALSE,TRUE,38
"2.2.2.1.2.2.3.2.2.2.2.2.2.2.2.3.2.2.2.2.3.2",0.432468328144714,FALSE,TRUE,38
"2.2.2.1.2.2.3.2.2.2.2.2.2.2.2.2.3.2.2.2.3.2",0.329153782538308,FALSE,TRUE,39
"2.2.2.1.2.2.3.2.2.2.2.2.2.2.2.2.2.3.2.2.3.2",0.321705673051855,FALSE,TRUE,39
"2.2.2.1.2.2.3.2.2.2.2.2.2.2.2.2.2.2.3.2.3.2",0.260675904402257,FALSE,TRUE,38
"2.2.2.1.2.2.3.2.2.2.2.2.2.2.2.2.2.2.2.3.3.2",0.355859593970838,FALSE,TRUE,38
"2.2.2.1.2.2.3.2.2.2.2.2.2.2.2.2.2.2.2.2.4.2",0.294405077529174,FALSE,TRUE,38
"2.2.2.1.2.2.3.2.2.2.2.2.2.2.2.2.2.2.2.2.3.3",0.40481353008323,FALSE,TRUE,38
"1.2.2.1.2.2.3.2.2.2.2.2.2.2.2.2.2.2.2.2.3.2",0.393825932839165,FALSE,TRUE,35
"2.1.2.1.2.2.3.2.2.2.2.2.2.2.2.2.2.2.2.2.3.2",0.359744598197817,FALSE,TRUE,37
"2.2.1.1.2.2.3.2.2.2.2.2.2.2.2.2.2.2.2.2.3.2",0.352661771049377,FALSE,TRUE,38
"2.2.2.1.1.2.3.2.2.2.2.2.2.2.2.2.2.2.2.2.3.2",0.372383795555286,FALSE,TRUE,37
"2.2.2.1.2.1.3.2.2.2.2.2.2.2.2.2.2.2.2.2.3.2",0.434919742605142,FALSE,TRUE,37
"2.2.2.1.2.2.3.1.2.2.2.2.2.2.2.2.2.2.2.2.3.2",0.39614935905141,FALSE,TRUE,37
"2.2.2.1.2.2.3.2.2.1.2.2.2.2.2.2.2.2.2.2.3.2",0.396905999628653,FALSE,TRUE,37
"2.2.2.1.2.2.3.2.2.2.1.2.2.2.2.2.2.2.2.2.3.2",0.335681496345548,FALSE,TRUE,37
"2.2.2.1.2.2.3.2.2.2.2.1.2.2.2.2.2.2.2.2.3.2",0.372386546329,FALSE,TRUE,37
"2.2.2.1.2.2.3.2.2.2.2.2.1.2.2.2.2.2.2.2.3.2",0.345241325022368,FALSE,TRUE,37
"2.2.2.1.2.2.3.2.2.2.2.2.2.1.2.2.2.2.2.2.3.2",0.416833645134737,FALSE,TRUE,37
"2.2.2.1.2.2.3.2.2.2.2.2.2.2.1.2.2.2.2.2.3.2",0.413739571217088,FALSE,TRUE,35
"2.2.2.1.2.2.3.2.2.2.2.2.2.2.2.1.2.2.2.2.3.2",0.299359194345944,FALSE,TRUE,36
"2.2.2.1.2.2.3.2.2.2.2.2.2.2.2.2.2.2.1.2.3.2",0.467584569126831,FALSE,TRUE,37
"2.2.2.1.2.2.3.2.2.2.2.2.2.2.2.2.2.2.2.1.3.2",0.386610603473738,FALSE,TRUE,37
"2.2.2.1.2.2.3.2.2.2.2.2.2.2.2.2.2.2.2.2.2.2",0.439542313162777,FALSE,TRUE,37
"2.2.2.1.2.2.3.2.2.2.2.2.2.2.2.2.2.2.2.2.3.1",0.339215927209996,FALSE,TRUE,37
"3.2.2.2.1.2.2.2.2.2.2.3.2.2.2.2.2.3.2.3.2.2",0.36075215434217,FALSE,TRUE,40
"2.3.2.2.1.2.2.2.2.2.2.3.2.2.2.2.2.3.2.3.2.2",0.400650657967356,FALSE,TRUE,40
"2.2.3.2.1.2.2.2.2.2.2.3.2.2.2.2.2.3.2.3.2.2",0.399553469784779,FALSE,TRUE,40
"2.2.2.2.2.2.2.2.2.2.2.3.2.2.2.2.2.3.2.3.2.2",0.383257011493575,FALSE,TRUE,40
"2.2.2.2.1.3.2.2.2.2.2.3.2.2.2.2.2.3.2.3.2.2",0.314316528822744,FALSE,TRUE,40
"2.2.2.2.1.2.3.2.2.2.2.3.2.2.2.2.2.3.2.3.2.2",0.340495706444551,FALSE,TRUE,40
"2.2.2.2.1.2.2.3.2.2.2.3.2.2.2.2.2.3.2.3.2.2",0.363193733238272,FALSE,TRUE,40
"2.2.2.2.1.2.2.2.3.2.2.3.2.2.2.2.2.3.2.3.2.2",0.415671203027329,FALSE,TRUE,40
"2.2.2.2.1.2.2.2.2.3.2.3.2.2.2.2.2.3.2.3.2.2",0.356091001747935,FALSE,TRUE,40
"2.2.2.2.1.2.2.2.2.2.3.3.2.2.2.2.2.3.2.3.2.2",0.39122694793756,FALSE,TRUE,40
"2.2.2.2.1.2.2.2.2.2.2.4.2.2.2.2.2.3.2.3.2.2",0.388719198440287,FALSE,TRUE,41
"2.2.2.2.1.2.2.2.2.2.2.3.3.2.2.2.2.3.2.3.2.2",0.389747670426747,FALSE,TRUE,40
"2.2.2.2.1.2.2.2.2.2.2.3.2.3.2.2.2.3.2.3.2.2",0.346159577556773,FALSE,TRUE,40
"2.2.2.2.1.2.2.2.2.2.2.3.2.2.3.2.2.3.2.3.2.2",0.350945644726677,FALSE,TRUE,40
"2.2.2.2.1.2.2.2.2.2.2.3.2.2.2.3.2.3.2.3.2.2",0.420546816199987,FALSE,TRUE,40
"2.2.2.2.1.2.2.2.2.2.2.3.2.2.2.2.3.3.2.3.2.2",0.365373935893135,FALSE,TRUE,40
"2.2.2.2.1.2.2.2.2.2.2.3.2.2.2.2.2.4.2.3.2.2",0.340998495957973,FALSE,TRUE,40
"2.2.2.2.1.2.2.2.2.2.2.3.2.2.2.2.2.3.3.3.2.2",0.335460170526424,FALSE,TRUE,40
"2.2.2.2.1.2.2.2.2.2.2.3.2.2.2.2.2.3.2.4.2.2",0.346005202821782,FALSE,TRUE,40
"2.2.2.2.1.2.2.2.2.2.2.3.2.2.2.2.2.3.2.3.3.2",0.312070437295698,FALSE,TRUE,40
"2.2.2.2.1.2.2.2.2.2.2.3.2.2.2.2.2.3.2.3.2.3",0.375013280105686,FALSE,TRUE,40
"1.2.2.2.1.2.2.2.2.2.2.3.2.2.2.2.2.3.2.3.2.2",0.388107553588962,FALSE,TRUE,39
"2.1.2.2.1.2.2.2.2.2.2.3.2.2.2.2.2.3.2.3.2.2",0.351469687278207,FALSE,TRUE,39
"2.2.1.2.1.2.2.2.2.2.2.3.2.2.2.2.2.3.2.3.2.2",0.353604015041951,FALSE,TRUE,39
"2.2.2.1.1.2.2.2.2.2.2.3.2.2.2.2.2.3.2.3.2.2",0.411735149253202,FALSE,TRUE,40
"2.2.2.2.1.1.2.2.2.2.2.3.2.2.2.2.2.3.2.3.2.2",0.424515219413722,FALSE,TRUE,39
"2.2.2.2.1.2.1.2.2.2.2.3.2.2.2.2.2.3.2.3.2.2",0.401459662679813,FALSE,TRUE,39
"2.2.2.2.1.2.2.1.2.2.2.3.2.2.2.2.2.3.2.3.2.2",0.387166306238012,FALSE,TRUE,39
"2.2.2.2.1.2.2.2.1.2.2.3.2.2.2.2.2.3.2.3.2.2",0.323008651734861,FALSE,TRUE,39
"2.2.2.2.1.2.2.2.2.1.2.3.2.2.2.2.2.3.2.3.2.2",0.386547144199118,FALSE,TRUE,39
"2.2.2.2.1.2.2.2.2.2.1.3.2.2.2.2.2.3.2.3.2.2",0.358344267196246,FALSE,TRUE,39
"2.2.2.2.1.2.2.2.2.2.2.3.1.2.2.2.2.3.2.3.2.2",0.360233047845255,FALSE,TRUE,39
"2.2.2.2.1.2.2.2.2.2.2.3.2.1.2.2.2.3.2.3.2.2",0.408283872686924,FALSE,TRUE,39
"2.2.2.2.1.2.2.2.2.2.2.3.2.2.1.2.2.3.2.3.2.2",0.400908222267227,FALSE,TRUE,39
"2.2.2.2.1.2.2.2.2.2.2.3.2.2.2.1.2.3.2.3.2.2",0.318926015806435,FALSE,TRUE,39
"2.2.2.2.1.2.2.2.2.2.2.3.2.2.2.2.1.3.2.3.2.2",0.383895446404824,FALSE,TRUE,39
"2.2.2.2.1.2.2.2.2.2.2.3.2.2.2.2.2.2.2.3.2.2",0.409324897925683,FALSE,TRUE,40
"2.2.2.2.1.2.2.2.2.2.2.3.2.2.2.2.2.3.1.3.2.2",0.407049853092391,FALSE,TRUE,39
"2.2.2.2.1.2.2.2.2.2.2.3.2.2.2.2.2.3.2.3.1.2",0.429835662003999,FALSE,TRUE,39
"2.2.2.2.1.2.2.2.2.2.2.3.2.2.2.2.2.3.2.3.2.1",0.376991675995442,FALSE,TRUE,39
"3.2.2.2.2.2.2.2.2.2.1.2.3.2.2.2.2.3.2.2.2.2",0.367185156669082,FALSE,TRUE,40
"2.3.2.2.2.2.2.2.2.2.1.2.3.2.2.2.2.3.2.2.2.2",0.409508832403428,FALSE,TRUE,39
"2.2.3.2.2.2.2.2.2.2.1.2.3.2.2.2.2.3.2.2.2.2",0.412974248483254,FALSE,TRUE,40
"2.2.2.3.2.2.2.2.2.2.1.2.3.2.2.2.2.3.2.2.2.2",0.3505049955931,FALSE,TRUE,38
"2.2.2.2.3.2.2.2.2.2.1.2.3.2.2.2.2.3.2.2.2.2",0.390301337669745,FALSE,TRUE,40
"2.2.2.2.2.3.2.2.2.2.1.2.3.2.2.2.2.3.2.2.2.2",0.330071609852197,FALSE,TRUE,40
"2.2.2.2.2.2.3.2.2.2.1.2.3.2.2.2.2.3.2.2.2.2",0.355656926897535,FALSE,TRUE,40
"2.2.2.2.2.2.2.3.2.2.1.2.3.2.2.2.2.3.2.2.2.2",0.372862410472975,FALSE,TRUE,40
"2.2.2.2.2.2.2.2.3.2.1.2.3.2.2.2.2.3.2.2.2.2",0.419661716771836,FALSE,TRUE,40
"2.2.2.2.2.2.2.2.2.3.1.2.3.2.2.2.2.3.2.2.2.2",0.36123504084504,FALSE,TRUE,39
"2.2.2.2.2.2.2.2.2.2.1.3.3.2.2.2.2.3.2.2.2.2",0.391034753059947,FALSE,TRUE,40
"2.2.2.2.2.2.2.2.2.2.1.2.4.2.2.2.2.3.2.2.2.2",0.405658760758493,FALSE,TRUE,41
"2.2.2.2.2.2.2.2.2.2.1.2.3.3.2.2.2.3.2.2.2.2",0.359805543706189,FALSE,TRUE,40
"2.2.2.2.2.2.2.2.2.2.1.2.3.2.3.2.2.3.2.2.2.2",0.35797843077763,FALSE,TRUE,40
"2.2.2.2.2.2.2.2.2.2.1.2.3.2.2.3.2.3.2.2.2.2",0.434480903390776,FALSE,TRUE,41
"2.2.2.2.2.2.2.2.2.2.1.2.3.2.2.2.3.3.2.2.2.2",0.374985221809651,FALSE,TRUE,40
"2.2.2.2.2.2.2.2.2.2.1.2.3.2.2.2.2.4.2.2.2.2",0.356614238161642,FALSE,TRUE,39
"2.2.2.2.2.2.2.2.2.2.1.2.3.2.2.2.2.3.3.2.2.2",0.336961836166222,FALSE,TRUE,40
"2.2.2.2.2.2.2.2.2.2.1.2.3.2.2.2.2.3.2.3.2.2",0.36965842451442,FALSE,TRUE,40
"2.2.2.2.2.2.2.2.2.2.1.2.3.2.2.2.2.3.2.2.3.2",0.310553053161621,FALSE,TRUE,39
"2.2.2.2.2.2.2.2.2.2.1.2.3.2.2.2.2.3.2.2.2.3",0.39935760241508,FALSE,TRUE,40
"1.2.2.2.2.2.2.2.2.2.1.2.3.2.2.2.2.3.2.2.2.2",0.408582126068939,FALSE,TRUE,39
"2.1.2.2.2.2.2.2.2.2.1.2.3.2.2.2.2.3.2.2.2.2",0.368441891931422,FALSE,TRUE,39
"2.2.1.2.2.2.2.2.2.2.1.2.3.2.2.2.2.3.2.2.2.2",0.364387904241259,FALSE,TRUE,39
"2.2.2.1.2.2.2.2.2.2.1.2.3.2.2.2.2.3.2.2.2.2",0.425703099704168,FALSE,TRUE,39
"2.2.2.2.1.2.2.2.2.2.1.2.3.2.2.2.2.3.2.2.2.2",0.388814763594879,FALSE,TRUE,38
"2.2.2.2.2.1.2.2.2.2.1.2.3.2.2.2.2.3.2.2.2.2",0.434102130703027,FALSE,TRUE,39
"2.2.2.2.2.2.1.2.2.2.1.2.3.2.2.2.2.3.2.2.2.2",0.412469299540631,FALSE,TRUE,39
"2.2.2.2.2.2.2.1.2.2.1.2.3.2.2.2.2.3.2.2.2.2",0.404240864455691,FALSE,TRUE,39
"2.2.2.2.2.2.2.2.1.2.1.2.3.2.2.2.2.3.2.2.2.2",0.346012516419921,FALSE,TRUE,39
"2.2.2.2.2.2.2.2.2.1.1.2.3.2.2.2.2.3.2.2.2.2",0.407716366547585,FALSE,TRUE,38
"2.2.2.2.2.2.2.2.2.2.1.1.3.2.2.2.2.3.2.2.2.2",0.386210044302472,FALSE,TRUE,39
"2.2.2.2.2.2.2.2.2.2.1.2.3.1.2.2.2.3.2.2.2.2",0.416790669216928,FALSE,TRUE,39
"2.2.2.2.2.2.2.2.2.2.1.2.3.2.1.2.2.3.2.2.2.2",0.420640075939537,FALSE,TRUE,38
"2.2.2.2.2.2.2.2.2.2.1.2.3.2.2.2.1.3.2.2.2.2",0.400232849420034,FALSE,TRUE,39
"2.2.2.2.2.2.2.2.2.2.1.2.3.2.2.2.2.2.2.2.2.2",0.419324262119608,FALSE,TRUE,39
"2.2.2.2.2.2.2.2.2.2.1.2.3.2.2.2.2.3.1.2.2.2",0.427813337130387,FALSE,TRUE,39
"2.2.2.2.2.2.2.2.2.2.1.2.3.2.2.2.2.3.2.1.2.2",0.406889303783719,FALSE,TRUE,39
"2.2.2.2.2.2.2.2.2.2.1.2.3.2.2.2.2.3.2.2.1.2",0.456503262447398,FALSE,TRUE,39
"2.2.2.2.2.2.2.2.2.2.1.2.3.2.2.2.2.3.2.2.2.1",0.380133743421748,FALSE,TRUE,39
"1.3.2.2.2.2.2.2.2.2.2.2.2.2.2.2.2.4.2.2.2.2",0.385048857675406,FALSE,TRUE,41
"1.2.3.2.2.2.2.2.2.2.2.2.2.2.2.2.2.4.2.2.2.2",0.377705823755562,FALSE,TRUE,41
"1.2.2.3.2.2.2.2.2.2.2.2.2.2.2.2.2.4.2.2.2.2",0.323593548985406,FALSE,TRUE,41
"1.2.2.2.3.2.2.2.2.2.2.2.2.2.2.2.2.4.2.2.2.2",0.359590443218689,FALSE,TRUE,41
"1.2.2.2.2.3.2.2.2.2.2.2.2.2.2.2.2.4.2.2.2.2",0.29043137015526,FALSE,TRUE,41
"1.2.2.2.2.2.3.2.2.2.2.2.2.2.2.2.2.4.2.2.2.2",0.313489827801591,FALSE,TRUE,41
"1.2.2.2.2.2.2.3.2.2.2.2.2.2.2.2.2.4.2.2.2.2",0.346707407825777,FALSE,TRUE,41
"1.2.2.2.2.2.2.2.3.2.2.2.2.2.2.2.2.4.2.2.2.2",0.402652586349422,FALSE,TRUE,41
"1.2.2.2.2.2.2.2.2.3.2.2.2.2.2.2.2.4.2.2.2.2",0.338417153247209,FALSE,TRUE,40
"1.2.2.2.2.2.2.2.2.2.3.2.2.2.2.2.2.4.2.2.2.2",0.357765280749199,FALSE,TRUE,40
"1.2.2.2.2.2.2.2.2.2.2.3.2.2.2.2.2.4.2.2.2.2",0.372552539360886,FALSE,TRUE,41
"1.2.2.2.2.2.2.2.2.2.2.2.3.2.2.2.2.4.2.2.2.2",0.38125434232841,FALSE,TRUE,41
"1.2.2.2.2.2.2.2.2.2.2.2.2.3.2.2.2.4.2.2.2.2",0.310131419118276,FALSE,TRUE,41
"1.2.2.2.2.2.2.2.2.2.2.2.2.2.3.2.2.4.2.2.2.2",0.332404288229361,FALSE,TRUE,41
"1.2.2.2.2.2.2.2.2.2.2.2.2.2.2.3.2.4.2.2.2.2",0.391893874027292,FALSE,TRUE,41
"1.2.2.2.2.2.2.2.2.2.2.2.2.2.2.2.3.4.2.2.2.2",0.357793818300035,FALSE,TRUE,41
"1.2.2.2.2.2.2.2.2.2.2.2.2.2.2.2.2.5.2.2.2.2",0.298600229360017,FALSE,TRUE,41
"1.2.2.2.2.2.2.2.2.2.2.2.2.2.2.2.2.4.3.2.2.2",0.318041787905821,FALSE,TRUE,41
"1.2.2.2.2.2.2.2.2.2.2.2.2.2.2.2.2.4.2.3.2.2",0.33401134112033,FALSE,TRUE,41
"1.2.2.2.2.2.2.2.2.2.2.2.2.2.2.2.2.4.2.2.3.2",0.293001741657711,FALSE,TRUE,41
"1.2.2.2.2.2.2.2.2.2.2.2.2.2.2.2.2.4.2.2.2.3",0.343183359816326,FALSE,TRUE,41
"1.1.2.2.2.2.2.2.2.2.2.2.2.2.2.2.2.4.2.2.2.2",0.31989578135015,FALSE,TRUE,40
"1.2.1.2.2.2.2.2.2.2.2.2.2.2.2.2.2.4.2.2.2.2",0.32967965091762,FALSE,TRUE,40
"1.2.2.1.2.2.2.2.2.2.2.2.2.2.2.2.2.4.2.2.2.2",0.381594240198022,FALSE,TRUE,40
"1.2.2.2.1.2.2.2.2.2.2.2.2.2.2.2.2.4.2.2.2.2",0.346923481539518,FALSE,TRUE,39
"1.2.2.2.2.1.2.2.2.2.2.2.2.2.2.2.2.4.2.2.2.2",0.40198882691128,FALSE,TRUE,40
"1.2.2.2.2.2.1.2.2.2.2.2.2.2.2.2.2.4.2.2.2.2",0.381806074939378,FALSE,TRUE,40
"1.2.2.2.2.2.2.1.2.2.2.2.2.2.2.2.2.4.2.2.2.2",0.355926784654618,FALSE,TRUE,40
"1.2.2.2.2.2.2.2.1.2.2.2.2.2.2.2.2.4.2.2.2.2",0.292006504702043,FALSE,TRUE,40
"1.2.2.2.2.2.2.2.2.1.2.2.2.2.2.2.2.4.2.2.2.2",0.358157572123189,FALSE,TRUE,40
"1.2.2.2.2.2.2.2.2.2.1.2.2.2.2.2.2.4.2.2.2.2",0.348094944929791,FALSE,TRUE,39
"1.2.2.2.2.2.2.2.2.2.2.1.2.2.2.2.2.4.2.2.2.2",0.332501609784875,FALSE,TRUE,40
"1.2.2.2.2.2.2.2.2.2.2.2.1.2.2.2.2.4.2.2.2.2",0.323642656989659,FALSE,TRUE,40
"1.2.2.2.2.2.2.2.2.2.2.2.2.1.2.2.2.4.2.2.2.2",0.395388223127006,FALSE,TRUE,40
"1.2.2.2.2.2.2.2.2.2.2.2.2.2.1.2.2.4.2.2.2.2",0.373179109708361,FALSE,TRUE,40
"1.2.2.2.2.2.2.2.2.2.2.2.2.2.2.1.2.4.2.2.2.2",0.299914875626567,FALSE,TRUE,40
"1.2.2.2.2.2.2.2.2.2.2.2.2.2.2.2.1.4.2.2.2.2",0.343140398653375,FALSE,TRUE,40
"1.2.2.2.2.2.2.2.2.2.2.2.2.2.2.2.2.4.1.2.2.2",0.377216451010409,FALSE,TRUE,40
"1.2.2.2.2.2.2.2.2.2.2.2.2.2.2.2.2.4.2.1.2.2",0.370376934083416,FALSE,TRUE,40
"1.2.2.2.2.2.2.2.2.2.2.2.2.2.2.2.2.4.2.2.1.2",0.40093599466685,FALSE,TRUE,40
"1.2.2.2.2.2.2.2.2.2.2.2.2.2.2.2.2.4.2.2.2.1",0.361750953359178,FALSE,TRUE,40
"3.2.2.2.2.2.2.2.2.2.2.2.2.2.1.2.2.3.2.3.3.2",0.312355760031052,FALSE,TRUE,41
"2.3.2.2.2.2.2.2.2.2.2.2.2.2.1.2.2.3.2.3.3.2",0.357419336386086,FALSE,TRUE,41
"2.2.3.2.2.2.2.2.2.2.2.2.2.2.1.2.2.3.2.3.3.2",0.344790864231107,FALSE,TRUE,41
"2.2.2.3.2.2.2.2.2.2.2.2.2.2.1.2.2.3.2.3.3.2",0.285206524714276,FALSE,TRUE,40
"2.2.2.2.3.2.2.2.2.2.2.2.2.2.1.2.2.3.2.3.3.2",0.337562083942435,FALSE,TRUE,41
"2.2.2.2.2.3.2.2.2.2.2.2.2.2.1.2.2.3.2.3.3.2",0.27048840315667,FALSE,TRUE,41
"2.2.2.2.2.2.3.2.2.2.2.2.2.2.1.2.2.3.2.3.3.2",0.298034798174725,FALSE,TRUE,41
"2.2.2.2.2.2.2.3.2.2.2.2.2.2.1.2.2.3.2.3.3.2",0.321626434812963,FALSE,TRUE,41
"2.2.2.2.2.2.2.2.3.2.2.2.2.2.1.2.2.3.2.3.3.2",0.368138835982305,FALSE,TRUE,41
"2.2.2.2.2.2.2.2.2.3.2.2.2.2.1.2.2.3.2.3.3.2",0.299610825082746,FALSE,TRUE,41
"2.2.2.2.2.2.2.2.2.2.3.2.2.2.1.2.2.3.2.3.3.2",0.345770332067047,FALSE,TRUE,41
"2.2.2.2.2.2.2.2.2.2.2.3.2.2.1.2.2.3.2.3.3.2",0.342924739907559,FALSE,TRUE,41
"2.2.2.2.2.2.2.2.2.2.2.2.3.2.1.2.2.3.2.3.3.2",0.342343378896352,FALSE,TRUE,41
"2.2.2.2.2.2.2.2.2.2.2.2.2.3.1.2.2.3.2.3.3.2",0.287054376663188,FALSE,TRUE,41
"2.2.2.2.2.2.2.2.2.2.2.2.2.2.2.2.2.3.2.3.3.2",0.304730781560752,FALSE,TRUE,39
"2.2.2.2.2.2.2.2.2.2.2.2.2.2.1.3.2.3.2.3.3.2",0.361142790076047,FALSE,TRUE,41
"2.2.2.2.2.2.2.2.2.2.2.2.2.2.1.2.3.3.2.3.3.2",0.311437897536328,FALSE,TRUE,41
"2.2.2.2.2.2.2.2.2.2.2.2.2.2.1.2.2.4.2.3.3.2",0.286738392168992,FALSE,TRUE,41
"2.2.2.2.2.2.2.2.2.2.2.2.2.2.1.2.2.3.3.3.3.2",0.289651668846725,FALSE,TRUE,41
"2.2.2.2.2.2.2.2.2.2.2.2.2.2.1.2.2.3.2.4.3.2",0.301395020185425,FALSE,TRUE,42
"2.2.2.2.2.2.2.2.2.2.2.2.2.2.1.2.2.3.2.3.4.2",0.255382658302041,FALSE,TRUE,41
"2.2.2.2.2.2.2.2.2.2.2.2.2.2.1.2.2.3.2.3.3.3",0.321747511662897,FALSE,TRUE,41
"1.2.2.2.2.2.2.2.2.2.2.2.2.2.1.2.2.3.2.3.3.2",0.342944951412022,FALSE,TRUE,39
"2.1.2.2.2.2.2.2.2.2.2.2.2.2.1.2.2.3.2.3.3.2",0.297188461357057,FALSE,TRUE,40
"2.2.1.2.2.2.2.2.2.2.2.2.2.2.1.2.2.3.2.3.3.2",0.311691837058997,FALSE,TRUE,40
"2.2.2.1.2.2.2.2.2.2.2.2.2.2.1.2.2.3.2.3.3.2",0.370564133656898,FALSE,TRUE,40
"2.2.2.2.1.2.2.2.2.2.2.2.2.2.1.2.2.3.2.3.3.2",0.320294506426226,FALSE,TRUE,38
"2.2.2.2.2.1.2.2.2.2.2.2.2.2.1.2.2.3.2.3.3.2",0.371090993435639,FALSE,TRUE,40
"2.2.2.2.2.2.1.2.2.2.2.2.2.2.1.2.2.3.2.3.3.2",0.350279979898299,FALSE,TRUE,40
"2.2.2.2.2.2.2.1.2.2.2.2.2.2.1.2.2.3.2.3.3.2",0.332575201525731,FALSE,TRUE,40
"2.2.2.2.2.2.2.2.1.2.2.2.2.2.1.2.2.3.2.3.3.2",0.274675310069586,FALSE,TRUE,40
"2.2.2.2.2.2.2.2.2.1.2.2.2.2.1.2.2.3.2.3.3.2",0.347131557789414,FALSE,TRUE,40
"2.2.2.2.2.2.2.2.2.2.1.2.2.2.1.2.2.3.2.3.3.2",0.307724686257835,FALSE,TRUE,40
"2.2.2.2.2.2.2.2.2.2.2.1.2.2.1.2.2.3.2.3.3.2",0.311587508701644,FALSE,TRUE,40
"2.2.2.2.2.2.2.2.2.2.2.2.1.2.1.2.2.3.2.3.3.2",0.3116270796579,FALSE,TRUE,40
"2.2.2.2.2.2.2.2.2.2.2.2.2.1.1.2.2.3.2.3.3.2",0.369999191221528,FALSE,TRUE,40
"2.2.2.2.2.2.2.2.2.2.2.2.2.2.1.1.2.3.2.3.3.2",0.279573935703278,FALSE,TRUE,40
"2.2.2.2.2.2.2.2.2.2.2.2.2.2.1.2.1.3.2.3.3.2",0.341446570934975,FALSE,TRUE,40
"2.2.2.2.2.2.2.2.2.2.2.2.2.2.1.2.2.3.1.3.3.2",0.357661378569411,FALSE,TRUE,39
"2.2.2.2.2.2.2.2.2.2.2.2.2.2.1.2.2.3.2.3.2.2",0.393221881901076,FALSE,TRUE,39
"2.2.2.2.2.2.2.2.2.2.2.2.2.2.1.2.2.3.2.3.3.1",0.333523295351549,FALSE,TRUE,39
"3.2.1.2.2.2.2.2.2.3.2.2.1.2.2.2.2.3.2.2.2.2",0.304293374497842,FALSE,TRUE,39
"2.3.1.2.2.2.2.2.2.3.2.2.1.2.2.2.2.3.2.2.2.2",0.339569400116398,FALSE,TRUE,39
"2.2.1.3.2.2.2.2.2.3.2.2.1.2.2.2.2.3.2.2.2.2",0.28302314603869,FALSE,TRUE,39
"2.2.1.2.3.2.2.2.2.3.2.2.1.2.2.2.2.3.2.2.2.2",0.321522949615071,FALSE,TRUE,39
"2.2.1.2.2.3.2.2.2.3.2.2.1.2.2.2.2.3.2.2.2.2",0.244765867944168,FALSE,TRUE,39
"2.2.1.2.2.2.3.2.2.3.2.2.1.2.2.2.2.3.2.2.2.2",0.278631420877626,FALSE,TRUE,39
"2.2.1.2.2.2.2.3.2.3.2.2.1.2.2.2.2.3.2.2.2.2",0.302242079946797,FALSE,TRUE,39
"2.2.1.2.2.2.2.2.3.3.2.2.1.2.2.2.2.3.2.2.2.2",0.341435247181516,FALSE,TRUE,39
"2.2.1.2.2.2.2.2.2.4.2.2.1.2.2.2.2.3.2.2.2.2",0.287677179108127,FALSE,TRUE,39
"2.2.1.2.2.2.2.2.2.3.3.2.1.2.2.2.2.3.2.2.2.2",0.34097984880177,FALSE,TRUE,39
"2.2.1.2.2.2.2.2.2.3.2.3.1.2.2.2.2.3.2.2.2.2",0.327115488008851,FALSE,TRUE,39
"2.2.1.2.2.2.2.2.2.3.2.2.1.3.2.2.2.3.2.2.2.2",0.272011719771656,FALSE,TRUE,39
"2.2.1.2.2.2.2.2.2.3.2.2.1.2.3.2.2.3.2.2.2.2",0.27998803137757,FALSE,TRUE,39
"2.2.1.2.2.2.2.2.2.3.2.2.1.2.2.3.2.3.2.2.2.2",0.374033564983066,FALSE,TRUE,39
"2.2.1.2.2.2.2.2.2.3.2.2.1.2.2.2.2.4.2.2.2.2",0.27497055391291,FALSE,TRUE,39
"2.2.1.2.2.2.2.2.2.3.2.2.1.2.2.2.2.3.3.2.2.2",0.241053530840376,FALSE,TRUE,39
"2.2.1.2.2.2.2.2.2.3.2.2.1.2.2.2.2.3.2.2.3.2",0.243801368776764,FALSE,TRUE,39
"2.2.1.2.2.2.2.2.2.3.2.2.1.2.2.2.2.3.2.2.2.3",0.334620122824785,FALSE,TRUE,39
"1.2.1.2.2.2.2.2.2.3.2.2.1.2.2.2.2.3.2.2.2.2",0.327368746651735,FALSE,TRUE,38
"2.1.1.2.2.2.2.2.2.3.2.2.1.2.2.2.2.3.2.2.2.2",0.294019559246566,FALSE,TRUE,38
"2.2.1.1.2.2.2.2.2.3.2.2.1.2.2.2.2.3.2.2.2.2",0.351154197964319,FALSE,TRUE,38
"2.2.1.2.1.2.2.2.2.3.2.2.1.2.2.2.2.3.2.2.2.2",0.312572147648803,FALSE,TRUE,38
"2.2.1.2.2.1.2.2.2.3.2.2.1.2.2.2.2.3.2.2.2.2",0.376291323049812,FALSE,TRUE,38
"2.2.1.2.2.2.1.2.2.3.2.2.1.2.2.2.2.3.2.2.2.2",0.342954710666407,FALSE,TRUE,38
"2.2.1.2.2.2.2.1.2.3.2.2.1.2.2.2.2.3.2.2.2.2",0.328278708496004,FALSE,TRUE,38
"2.2.1.2.2.2.2.2.1.3.2.2.1.2.2.2.2.3.2.2.2.2",0.283304631437199,FALSE,TRUE,38
"2.2.1.2.2.2.2.2.2.2.2.2.1.2.2.2.2.3.2.2.2.2",0.339553180812544,FALSE,TRUE,38
"2.2.1.2.2.2.2.2.2.3.1.2.1.2.2.2.2.3.2.2.2.2",0.293685410352498,FALSE,TRUE,38
"2.2.1.2.2.2.2.2.2.3.2.1.1.2.2.2.2.3.2.2.2.2",0.305897105221996,FALSE,TRUE,38
"2.2.1.2.2.2.2.2.2.3.2.2.1.1.2.2.2.3.2.2.2.2",0.36205134511093,FALSE,TRUE,38
"2.2.1.2.2.2.2.2.2.3.2.2.1.2.1.2.2.3.2.2.2.2",0.354497939594093,FALSE,TRUE,38
"2.2.1.2.2.2.2.2.2.3.2.2.1.2.2.1.2.3.2.2.2.2",0.248597875665173,FALSE,TRUE,38
"2.2.1.2.2.2.2.2.2.3.2.2.1.2.2.2.1.3.2.2.2.2",0.343555192773932,FALSE,TRUE,38
"2.2.1.2.2.2.2.2.2.3.2.2.1.2.2.2.2.2.2.2.2.2",0.355375527838477,FALSE,TRUE,39
"2.2.1.2.2.2.2.2.2.3.2.2.1.2.2.2.2.3.1.2.2.2",0.382795613264935,FALSE,TRUE,38
"2.2.1.2.2.2.2.2.2.3.2.2.1.2.2.2.2.3.2.1.2.2",0.330669945981905,FALSE,TRUE,39
"2.2.1.2.2.2.2.2.2.3.2.2.1.2.2.2.2.3.2.2.1.2",0.378621864611926,FALSE,TRUE,38
"2.2.1.2.2.2.2.2.2.3.2.2.1.2.2.2.2.3.2.2.2.1",0.298423354908507,FALSE,TRUE,38
"3.2.2.2.2.2.1.3.2.2.3.2.2.2.2.2.2.3.2.2.2.2",0.415069164890835,FALSE,TRUE,41
"2.3.2.2.2.2.1.3.2.2.3.2.2.2.2.2.2.3.2.2.2.2",0.447487537589929,FALSE,TRUE,41
"2.2.3.2.2.2.1.3.2.2.3.2.2.2.2.2.2.3.2.2.2.2",0.446295838462455,FALSE,TRUE,41
"2.2.2.3.2.2.1.3.2.2.3.2.2.2.2.2.2.3.2.2.2.2",0.393404755049836,FALSE,TRUE,41
"2.2.2.2.3.2.1.3.2.2.3.2.2.2.2.2.2.3.2.2.2.2",0.428443325732096,FALSE,TRUE,41
"2.2.2.2.2.3.1.3.2.2.3.2.2.2.2.2.2.3.2.2.2.2",0.369640768646438,FALSE,TRUE,41
"2.2.2.2.2.2.1.4.2.2.3.2.2.2.2.2.2.3.2.2.2.2",0.411224444964729,FALSE,TRUE,41
"2.2.2.2.2.2.1.3.3.2.3.2.2.2.2.2.2.3.2.2.2.2",0.461648290930057,FALSE,TRUE,41
"2.2.2.2.2.2.1.3.2.3.3.2.2.2.2.2.2.3.2.2.2.2",0.416001612908459,FALSE,TRUE,41
"2.2.2.2.2.2.1.3.2.2.4.2.2.2.2.2.2.3.2.2.2.2",0.433391627900564,FALSE,TRUE,41
"2.2.2.2.2.2.1.3.2.2.3.3.2.2.2.2.2.3.2.2.2.2",0.438924456489954,FALSE,TRUE,41
"2.2.2.2.2.2.1.3.2.2.3.2.3.2.2.2.2.3.2.2.2.2",0.440578584461083,FALSE,TRUE,41
"2.2.2.2.2.2.1.3.2.2.3.2.2.3.2.2.2.3.2.2.2.2",0.394451170926487,FALSE,TRUE,41
"2.2.2.2.2.2.1.3.2.2.3.2.2.2.3.2.2.3.2.2.2.2",0.40287076286503,FALSE,TRUE,41
"2.2.2.2.2.2.1.3.2.2.3.2.2.2.2.3.2.3.2.2.2.2",0.463746315499592,FALSE,TRUE,41
"2.2.2.2.2.2.1.3.2.2.3.2.2.2.2.2.3.3.2.2.2.2",0.421907193598277,FALSE,TRUE,41
"2.2.2.2.2.2.1.3.2.2.3.2.2.2.2.2.2.4.2.2.2.2",0.388657802304835,FALSE,TRUE,41
"2.2.2.2.2.2.1.3.2.2.3.2.2.2.2.2.2.3.3.2.2.2",0.391729444416741,FALSE,TRUE,41
"2.2.2.2.2.2.1.3.2.2.3.2.2.2.2.2.2.3.2.3.2.2",0.395026398571887,FALSE,TRUE,41
"2.2.2.2.2.2.1.3.2.2.3.2.2.2.2.2.2.3.2.2.3.2",0.375074597085752,FALSE,TRUE,41
"2.2.2.2.2.2.1.3.2.2.3.2.2.2.2.2.2.3.2.2.2.3",0.416438079186966,FALSE,TRUE,41
"1.2.2.2.2.2.1.3.2.2.3.2.2.2.2.2.2.3.2.2.2.2",0.427352556120523,FALSE,TRUE,40
"2.1.2.2.2.2.1.3.2.2.3.2.2.2.2.2.2.3.2.2.2.2",0.399138020220715,FALSE,TRUE,40
"2.2.1.2.2.2.1.3.2.2.3.2.2.2.2.2.2.3.2.2.2.2",0.402266575667486,FALSE,TRUE,40
"2.2.2.1.2.2.1.3.2.2.3.2.2.2.2.2.2.3.2.2.2.2",0.450598822805619,FALSE,TRUE,40
"2.2.2.2.1.2.1.3.2.2.3.2.2.2.2.2.2.3.2.2.2.2",0.419959921216587,FALSE,TRUE,40
"2.2.2.2.2.1.1.3.2.2.3.2.2.2.2.2.2.3.2.2.2.2",0.463058309117461,FALSE,TRUE,40
"2.2.2.2.2.2.1.3.1.2.3.2.2.2.2.2.2.3.2.2.2.2",0.370418542022086,FALSE,TRUE,40
"2.2.2.2.2.2.1.3.2.1.3.2.2.2.2.2.2.3.2.2.2.2",0.421199894954807,FALSE,TRUE,40
"2.2.2.2.2.2.1.3.2.2.2.2.2.2.2.2.2.3.2.2.2.2",0.411234401829195,FALSE,TRUE,40
"2.2.2.2.2.2.1.3.2.2.3.1.2.2.2.2.2.3.2.2.2.2",0.407558978881966,FALSE,TRUE,40
"2.2.2.2.2.2.1.3.2.2.3.2.1.2.2.2.2.3.2.2.2.2",0.403135396903038,FALSE,TRUE,40
"2.2.2.2.2.2.1.3.2.2.3.2.2.1.2.2.2.3.2.2.2.2",0.454243947216384,FALSE,TRUE,40
"2.2.2.2.2.2.1.3.2.2.3.2.2.2.1.2.2.3.2.2.2.2",0.442910687847665,FALSE,TRUE,40
"2.2.2.2.2.2.1.3.2.2.3.2.2.2.2.1.2.3.2.2.2.2",0.369378561355588,FALSE,TRUE,40
"2.2.2.2.2.2.1.3.2.2.3.2.2.2.2.2.1.3.2.2.2.2",0.421025284760215,FALSE,TRUE,40
"2.2.2.2.2.2.1.3.2.2.3.2.2.2.2.2.2.2.2.2.2.2",0.454296404954135,FALSE,TRUE,41
"2.2.2.2.2.2.1.3.2.2.3.2.2.2.2.2.2.3.1.2.2.2",0.445446881037866,FALSE,TRUE,40
"2.2.2.2.2.2.1.3.2.2.3.2.2.2.2.2.2.3.2.1.2.2",0.447115139522427,FALSE,TRUE,40
"2.2.2.2.2.2.1.3.2.2.3.2.2.2.2.2.2.3.2.2.1.2",0.459927616313053,FALSE,TRUE,40
"2.2.2.2.2.2.1.3.2.2.3.2.2.2.2.2.2.3.2.2.2.1",0.427774920805269,FALSE,TRUE,40
"3.2.2.2.2.2.2.2.2.2.1.2.3.2.2.1.2.3.2.2.2.2",0.307305854451821,FALSE,TRUE,40
"2.3.2.2.2.2.2.2.2.2.1.2.3.2.2.1.2.3.2.2.2.2",0.346643309483026,FALSE,TRUE,40
"2.2.3.2.2.2.2.2.2.2.1.2.3.2.2.1.2.3.2.2.2.2",0.357697799428517,FALSE,TRUE,40
"2.2.2.3.2.2.2.2.2.2.1.2.3.2.2.1.2.3.2.2.2.2",0.300756154932453,FALSE,TRUE,39
"2.2.2.2.3.2.2.2.2.2.1.2.3.2.2.1.2.3.2.2.2.2",0.328965879614352,FALSE,TRUE,40
"2.2.2.2.2.3.2.2.2.2.1.2.3.2.2.1.2.3.2.2.2.2",0.268391363526191,FALSE,TRUE,40
"2.2.2.2.2.2.3.2.2.2.1.2.3.2.2.1.2.3.2.2.2.2",0.2932512132259,FALSE,TRUE,40
"2.2.2.2.2.2.2.3.2.2.1.2.3.2.2.1.2.3.2.2.2.2",0.313029617668872,FALSE,TRUE,40
"2.2.2.2.2.2.2.2.3.2.1.2.3.2.2.1.2.3.2.2.2.2",0.358782303991857,FALSE,TRUE,40
"2.2.2.2.2.2.2.2.2.3.1.2.3.2.2.1.2.3.2.2.2.2",0.303181379345623,FALSE,TRUE,40
"2.2.2.2.2.2.2.2.2.2.2.2.3.2.2.1.2.3.2.2.2.2",0.356417560483083,FALSE,TRUE,40
"2.2.2.2.2.2.2.2.2.2.1.3.3.2.2.1.2.3.2.2.2.2",0.33303634539444,FALSE,TRUE,40
"2.2.2.2.2.2.2.2.2.2.1.2.4.2.2.1.2.3.2.2.2.2",0.351563291581325,FALSE,TRUE,40
"2.2.2.2.2.2.2.2.2.2.1.2.3.3.2.1.2.3.2.2.2.2",0.304620204521924,FALSE,TRUE,40
"2.2.2.2.2.2.2.2.2.2.1.2.3.2.3.1.2.3.2.2.2.2",0.294239087565653,FALSE,TRUE,40
"2.2.2.2.2.2.2.2.2.2.1.2.3.2.2.1.3.3.2.2.2.2",0.307091864172695,FALSE,TRUE,40
"2.2.2.2.2.2.2.2.2.2.1.2.3.2.2.1.2.4.2.2.2.2",0.301552192807861,FALSE,TRUE,39
"2.2.2.2.2.2.2.2.2.2.1.2.3.2.2.1.2.3.3.2.2.2",0.261349411114879,FALSE,TRUE,40
"2.2.2.2.2.2.2.2.2.2.1.2.3.2.2.1.2.3.2.3.2.2",0.310095213086213,FALSE,TRUE,40
"2.2.2.2.2.2.2.2.2.2.1.2.3.2.2.1.2.3.2.2.3.2",0.256836213610157,FALSE,TRUE,40
"2.2.2.2.2.2.2.2.2.2.1.2.3.2.2.1.2.3.2.2.2.3",0.347537484697202,FALSE,TRUE,40
"1.2.2.2.2.2.2.2.2.2.1.2.3.2.2.1.2.3.2.2.2.2",0.349551150332834,FALSE,TRUE,39
"2.1.2.2.2.2.2.2.2.2.1.2.3.2.2.1.2.3.2.2.2.2",0.311386029441343,FALSE,TRUE,39
"2.2.1.2.2.2.2.2.2.2.1.2.3.2.2.1.2.3.2.2.2.2",0.301672230519419,FALSE,TRUE,39
"2.2.2.1.2.2.2.2.2.2.1.2.3.2.2.1.2.3.2.2.2.2",0.354926650002085,FALSE,TRUE,39
"2.2.2.2.1.2.2.2.2.2.1.2.3.2.2.1.2.3.2.2.2.2",0.329186322483736,FALSE,TRUE,39
"2.2.2.2.2.1.2.2.2.2.1.2.3.2.2.1.2.3.2.2.2.2",0.375038668198342,FALSE,TRUE,39
"2.2.2.2.2.2.1.2.2.2.1.2.3.2.2.1.2.3.2.2.2.2",0.354639574726205,FALSE,TRUE,39
"2.2.2.2.2.2.2.1.2.2.1.2.3.2.2.1.2.3.2.2.2.2",0.34354091362271,FALSE,TRUE,39
"2.2.2.2.2.2.2.2.1.2.1.2.3.2.2.1.2.3.2.2.2.2",0.287352201303056,FALSE,TRUE,39
"2.2.2.2.2.2.2.2.2.1.1.2.3.2.2.1.2.3.2.2.2.2",0.345899610812298,FALSE,TRUE,39
"2.2.2.2.2.2.2.2.2.2.1.1.3.2.2.1.2.3.2.2.2.2",0.323617553627342,FALSE,TRUE,39
"2.2.2.2.2.2.2.2.2.2.1.2.3.1.2.1.2.3.2.2.2.2",0.353627539558699,FALSE,TRUE,39
"2.2.2.2.2.2.2.2.2.2.1.2.3.2.1.1.2.3.2.2.2.2",0.364649310712973,FALSE,TRUE,39
"2.2.2.2.2.2.2.2.2.2.1.2.3.2.2.1.1.3.2.2.2.2",0.348495689883097,FALSE,TRUE,39
"2.2.2.2.2.2.2.2.2.2.1.2.3.2.2.1.2.2.2.2.2.2",0.35579005749206,FALSE,TRUE,40
"2.2.2.2.2.2.2.2.2.2.1.2.3.2.2.1.2.3.1.2.2.2",0.385946447079437,FALSE,TRUE,39
"2.2.2.2.2.2.2.2.2.2.1.2.3.2.2.1.2.3.2.1.2.2",0.347059524778782,FALSE,TRUE,39
"2.2.2.2.2.2.2.2.2.2.1.2.3.2.2.1.2.3.2.2.1.2",0.389689669829654,FALSE,TRUE,39
"2.2.2.2.2.2.2.2.2.2.1.2.3.2.2.1.2.3.2.2.2.1",0.312665159734758,FALSE,TRUE,39
"3.2.2.3.2.2.2.2.2.2.1.2.2.2.2.2.2.3.2.2.2.2",0.315104815083885,FALSE,TRUE,39
"2.2.3.3.2.2.2.2.2.2.1.2.2.2.2.2.2.3.2.2.2.2",0.366946603523247,FALSE,TRUE,39
"2.2.2.4.2.2.2.2.2.2.1.2.2.2.2.2.2.3.2.2.2.2",0.299505153833454,FALSE,TRUE,40
"2.2.2.3.3.2.2.2.2.2.1.2.2.2.2.2.2.3.2.2.2.2",0.338574680451417,FALSE,TRUE,39
"2.2.2.3.2.3.2.2.2.2.1.2.2.2.2.2.2.3.2.2.2.2",0.277288777625287,FALSE,TRUE,39
"2.2.2.3.2.2.3.2.2.2.1.2.2.2.2.2.2.3.2.2.2.2",0.297011083467469,FALSE,TRUE,39
"2.2.2.3.2.2.2.3.2.2.1.2.2.2.2.2.2.3.2.2.2.2",0.325152976024038,FALSE,TRUE,39
"2.2.2.3.2.2.2.2.3.2.1.2.2.2.2.2.2.3.2.2.2.2",0.373114569353443,FALSE,TRUE,39
"2.2.2.3.2.2.2.2.2.3.1.2.2.2.2.2.2.3.2.2.2.2",0.305677401115663,FALSE,TRUE,39
"2.2.2.3.2.2.2.2.2.2.1.3.2.2.2.2.2.3.2.2.2.2",0.34361754854047,FALSE,TRUE,39
"2.2.2.3.2.2.2.2.2.2.1.2.2.3.2.2.2.3.2.2.2.2",0.307944356231163,FALSE,TRUE,39
"2.2.2.3.2.2.2.2.2.2.1.2.2.2.3.2.2.3.2.2.2.2",0.308208914195178,FALSE,TRUE,39
"2.2.2.3.2.2.2.2.2.2.1.2.2.2.2.3.2.3.2.2.2.2",0.375048705720166,FALSE,TRUE,39
"2.2.2.3.2.2.2.2.2.2.1.2.2.2.2.2.3.3.2.2.2.2",0.331475502545661,FALSE,TRUE,39
"2.2.2.3.2.2.2.2.2.2.1.2.2.2.2.2.2.4.2.2.2.2",0.304684902814204,FALSE,TRUE,38
"2.2.2.3.2.2.2.2.2.2.1.2.2.2.2.2.2.3.3.2.2.2",0.305004639291672,FALSE,TRUE,39
"2.2.2.3.2.2.2.2.2.2.1.2.2.2.2.2.2.3.2.3.2.2",0.317458975056243,FALSE,TRUE,39
"2.2.2.3.2.2.2.2.2.2.1.2.2.2.2.2.2.3.2.2.3.2",0.256894689764588,FALSE,TRUE,38
"2.2.2.3.2.2.2.2.2.2.1.2.2.2.2.2.2.3.2.2.2.3",0.33234244801337,FALSE,TRUE,39
"1.2.2.3.2.2.2.2.2.2.1.2.2.2.2.2.2.3.2.2.2.2",0.355649483850639,FALSE,TRUE,38
"2.1.2.3.2.2.2.2.2.2.1.2.2.2.2.2.2.3.2.2.2.2",0.308625696984277,FALSE,TRUE,39
"2.2.1.3.2.2.2.2.2.2.1.2.2.2.2.2.2.3.2.2.2.2",0.306681776627444,FALSE,TRUE,38
"2.2.2.3.1.2.2.2.2.2.1.2.2.2.2.2.2.3.2.2.2.2",0.333937871977506,FALSE,TRUE,37
"2.2.2.3.2.1.2.2.2.2.1.2.2.2.2.2.2.3.2.2.2.2",0.380866947933735,FALSE,TRUE,38
"2.2.2.3.2.2.1.2.2.2.1.2.2.2.2.2.2.3.2.2.2.2",0.366251854722053,FALSE,TRUE,38
"2.2.2.3.2.2.2.1.2.2.1.2.2.2.2.2.2.3.2.2.2.2",0.344728492595885,FALSE,TRUE,38
"2.2.2.3.2.2.2.2.1.2.1.2.2.2.2.2.2.3.2.2.2.2",0.286686833703576,FALSE,TRUE,38
"2.2.2.3.2.2.2.2.2.2.1.1.2.2.2.2.2.3.2.2.2.2",0.326752970085108,FALSE,TRUE,38
"2.2.2.3.2.2.2.2.2.2.1.2.1.2.2.2.2.3.2.2.2.2",0.320085543642706,FALSE,TRUE,38
"2.2.2.3.2.2.2.2.2.2.1.2.2.1.2.2.2.3.2.2.2.2",0.363360324543192,FALSE,TRUE,38
"2.2.2.3.2.2.2.2.2.2.1.2.2.2.1.2.2.3.2.2.2.2",0.363276971133957,FALSE,TRUE,37
"2.2.2.3.2.2.2.2.2.2.1.2.2.2.2.1.2.3.2.2.2.2",0.284027568267949,FALSE,TRUE,37
"2.2.2.3.2.2.2.2.2.2.1.2.2.2.2.2.1.3.2.2.2.2",0.336647019029474,FALSE,TRUE,38
"2.2.2.3.2.2.2.2.2.2.1.2.2.2.2.2.2.2.2.2.2.2",0.364482257853089,FALSE,TRUE,38
"2.2.2.3.2.2.2.2.2.2.1.2.2.2.2.2.2.3.1.2.2.2",0.356174941941031,FALSE,TRUE,38
"2.2.2.3.2.2.2.2.2.2.1.2.2.2.2.2.2.3.2.1.2.2",0.351962197440269,FALSE,TRUE,38
"2.2.2.3.2.2.2.2.2.2.1.2.2.2.2.2.2.3.2.2.1.2",0.405647549794895,FALSE,TRUE,38
"2.2.2.3.2.2.2.2.2.2.1.2.2.2.2.2.2.3.2.2.2.1",0.339342572006171,FALSE,TRUE,38
"3.2.2.1.2.2.3.2.2.2.2.2.2.2.2.2.1.2.2.2.3.2",0.394080097793679,FALSE,TRUE,40
"2.3.2.1.2.2.3.2.2.2.2.2.2.2.2.2.1.2.2.2.3.2",0.420947120064155,FALSE,TRUE,40
"2.2.3.1.2.2.3.2.2.2.2.2.2.2.2.2.1.2.2.2.3.2",0.426649013168842,FALSE,TRUE,40
"2.2.2.2.2.2.3.2.2.2.2.2.2.2.2.2.1.2.2.2.3.2",0.359182579969008,FALSE,TRUE,40
"2.2.2.1.3.2.3.2.2.2.2.2.2.2.2.2.1.2.2.2.3.2",0.406269955080604,FALSE,TRUE,40
"2.2.2.1.2.3.3.2.2.2.2.2.2.2.2.2.1.2.2.2.3.2",0.331804612827871,FALSE,TRUE,40
"2.2.2.1.2.2.4.2.2.2.2.2.2.2.2.2.1.2.2.2.3.2",0.377621680835406,FALSE,TRUE,40
"2.2.2.1.2.2.3.3.2.2.2.2.2.2.2.2.1.2.2.2.3.2",0.376510133756783,FALSE,TRUE,40
"2.2.2.1.2.2.3.2.3.2.2.2.2.2.2.2.1.2.2.2.3.2",0.418635788186271,FALSE,TRUE,40
"2.2.2.1.2.2.3.2.2.3.2.2.2.2.2.2.1.2.2.2.3.2",0.3868365184216,FALSE,TRUE,40
"2.2.2.1.2.2.3.2.2.2.3.2.2.2.2.2.1.2.2.2.3.2",0.446193482553396,FALSE,TRUE,40
"2.2.2.1.2.2.3.2.2.2.2.3.2.2.2.2.1.2.2.2.3.2",0.404606609842429,FALSE,TRUE,40
"2.2.2.1.2.2.3.2.2.2.2.2.3.2.2.2.1.2.2.2.3.2",0.437473753338434,FALSE,TRUE,40
"2.2.2.1.2.2.3.2.2.2.2.2.2.3.2.2.1.2.2.2.3.2",0.357691358687752,FALSE,TRUE,40
"2.2.2.1.2.2.3.2.2.2.2.2.2.2.3.2.1.2.2.2.3.2",0.367641911134546,FALSE,TRUE,40
"2.2.2.1.2.2.3.2.2.2.2.2.2.2.2.3.1.2.2.2.3.2",0.464433482765867,FALSE,TRUE,40
"2.2.2.1.2.2.3.2.2.2.2.2.2.2.2.2.1.3.2.2.3.2",0.353404683983402,FALSE,TRUE,40
"2.2.2.1.2.2.3.2.2.2.2.2.2.2.2.2.1.2.3.2.3.2",0.301926011082441,FALSE,TRUE,40
"2.2.2.1.2.2.3.2.2.2.2.2.2.2.2.2.1.2.2.3.3.2",0.39381143910527,FALSE,TRUE,40
"2.2.2.1.2.2.3.2.2.2.2.2.2.2.2.2.1.2.2.2.4.2",0.337964289739435,FALSE,TRUE,40
"2.2.2.1.2.2.3.2.2.2.2.2.2.2.2.2.1.2.2.2.3.3",0.443018264357137,FALSE,TRUE,40
"1.2.2.1.2.2.3.2.2.2.2.2.2.2.2.2.1.2.2.2.3.2",0.424243444223097,FALSE,TRUE,39
"2.1.2.1.2.2.3.2.2.2.2.2.2.2.2.2.1.2.2.2.3.2",0.398869490111011,FALSE,TRUE,39
"2.2.1.1.2.2.3.2.2.2.2.2.2.2.2.2.1.2.2.2.3.2",0.39107627740477,FALSE,TRUE,39
"2.2.2.1.1.2.3.2.2.2.2.2.2.2.2.2.1.2.2.2.3.2",0.414828615165538,FALSE,TRUE,39
"2.2.2.1.2.1.3.2.2.2.2.2.2.2.2.2.1.2.2.2.3.2",0.47410778095074,FALSE,TRUE,39
"2.2.2.1.2.2.3.1.2.2.2.2.2.2.2.2.1.2.2.2.3.2",0.441227643102404,FALSE,TRUE,39
"2.2.2.1.2.2.3.2.1.2.2.2.2.2.2.2.1.2.2.2.3.2",0.39011316477739,FALSE,TRUE,38
"2.2.2.1.2.2.3.2.2.1.2.2.2.2.2.2.1.2.2.2.3.2",0.424903603014693,FALSE,TRUE,39
"2.2.2.1.2.2.3.2.2.2.1.2.2.2.2.2.1.2.2.2.3.2",0.370887049818036,FALSE,TRUE,39
"2.2.2.1.2.2.3.2.2.2.2.1.2.2.2.2.1.2.2.2.3.2",0.414541550250665,FALSE,TRUE,39
"2.2.2.1.2.2.3.2.2.2.2.2.1.2.2.2.1.2.2.2.3.2",0.382114151618246,FALSE,TRUE,39
"2.2.2.1.2.2.3.2.2.2.2.2.2.1.2.2.1.2.2.2.3.2",0.457777570904235,FALSE,TRUE,39
"2.2.2.1.2.2.3.2.2.2.2.2.2.2.1.2.1.2.2.2.3.2",0.453311282174507,FALSE,TRUE,39
"2.2.2.1.2.2.3.2.2.2.2.2.2.2.2.1.1.2.2.2.3.2",0.343313436523735,FALSE,TRUE,39
"2.2.2.1.2.2.3.2.2.2.2.2.2.2.2.2.1.1.2.2.3.2",0.462259378483125,FALSE,TRUE,39
"2.2.2.1.2.2.3.2.2.2.2.2.2.2.2.2.1.2.1.2.3.2",0.499982986621987,FALSE,TRUE,39
"2.2.2.1.2.2.3.2.2.2.2.2.2.2.2.2.1.2.2.1.3.2",0.425383559217086,FALSE,TRUE,39
"2.2.2.1.2.2.3.2.2.2.2.2.2.2.2.2.1.2.2.2.2.2",0.472557640896473,FALSE,TRUE,40
"2.2.2.1.2.2.3.2.2.2.2.2.2.2.2.2.1.2.2.2.3.1",0.377334258190901,FALSE,TRUE,39
"3.2.2.3.1.2.2.2.2.2.2.3.2.2.2.2.2.3.2.3.2.2",0.320279088775754,FALSE,TRUE,41
"2.3.2.3.1.2.2.2.2.2.2.3.2.2.2.2.2.3.2.3.2.2",0.364016713700856,FALSE,TRUE,41
"2.2.3.3.1.2.2.2.2.2.2.3.2.2.2.2.2.3.2.3.2.2",0.364401504399084,FALSE,TRUE,41
"2.2.2.4.1.2.2.2.2.2.2.3.2.2.2.2.2.3.2.3.2.2",0.292116396534329,FALSE,TRUE,42
"2.2.2.3.2.2.2.2.2.2.2.3.2.2.2.2.2.3.2.3.2.2",0.345906196801064,FALSE,TRUE,42
"2.2.2.3.1.3.2.2.2.2.2.3.2.2.2.2.2.3.2.3.2.2",0.273787636118938,FALSE,TRUE,41
"2.2.2.3.1.2.3.2.2.2.2.3.2.2.2.2.2.3.2.3.2.2",0.296699833139572,FALSE,TRUE,41
"2.2.2.3.1.2.2.3.2.2.2.3.2.2.2.2.2.3.2.3.2.2",0.323433278417144,FALSE,TRUE,41
"2.2.2.3.1.2.2.2.3.2.2.3.2.2.2.2.2.3.2.3.2.2",0.378028574314802,FALSE,TRUE,41
"2.2.2.3.1.2.2.2.2.3.2.3.2.2.2.2.2.3.2.3.2.2",0.315535759905567,FALSE,TRUE,41
"2.2.2.3.1.2.2.2.2.2.3.3.2.2.2.2.2.3.2.3.2.2",0.347967582933438,FALSE,TRUE,41
"2.2.2.3.1.2.2.2.2.2.2.4.2.2.2.2.2.3.2.3.2.2",0.350362442926164,FALSE,TRUE,41
"2.2.2.3.1.2.2.2.2.2.2.3.3.2.2.2.2.3.2.3.2.2",0.338659012001014,FALSE,TRUE,41
"2.2.2.3.1.2.2.2.2.2.2.3.2.3.2.2.2.3.2.3.2.2",0.310222739653644,FALSE,TRUE,41
"2.2.2.3.1.2.2.2.2.2.2.3.2.2.3.2.2.3.2.3.2.2",0.315160529600198,FALSE,TRUE,41
"2.2.2.3.1.2.2.2.2.2.2.3.2.2.2.3.2.3.2.3.2.2",0.367413160051379,FALSE,TRUE,41
"2.2.2.3.1.2.2.2.2.2.2.3.2.2.2.2.3.3.2.3.2.2",0.336168928364983,FALSE,TRUE,41
"2.2.2.3.1.2.2.2.2.2.2.3.2.2.2.2.2.4.2.3.2.2",0.307972172907864,FALSE,TRUE,41
"2.2.2.3.1.2.2.2.2.2.2.3.2.2.2.2.2.3.3.3.2.2",0.32347628288269,FALSE,TRUE,41
"2.2.2.3.1.2.2.2.2.2.2.3.2.2.2.2.2.3.2.4.2.2",0.300670054198784,FALSE,TRUE,41
"2.2.2.3.1.2.2.2.2.2.2.3.2.2.2.2.2.3.2.3.3.2",0.272454739433539,FALSE,TRUE,41
"2.2.2.3.1.2.2.2.2.2.2.3.2.2.2.2.2.3.2.3.2.3",0.319856657460569,FALSE,TRUE,41
"1.2.2.3.1.2.2.2.2.2.2.3.2.2.2.2.2.3.2.3.2.2",0.349849112460256,FALSE,TRUE,40
"2.1.2.3.1.2.2.2.2.2.2.3.2.2.2.2.2.3.2.3.2.2",0.308179028988323,FALSE,TRUE,40
"2.2.1.3.1.2.2.2.2.2.2.3.2.2.2.2.2.3.2.3.2.2",0.309988057076747,FALSE,TRUE,40
"2.2.2.3.1.1.2.2.2.2.2.3.2.2.2.2.2.3.2.3.2.2",0.386329333276083,FALSE,TRUE,40
"2.2.2.3.1.2.1.2.2.2.2.3.2.2.2.2.2.3.2.3.2.2",0.367866276907973,FALSE,TRUE,40
"2.2.2.3.1.2.2.1.2.2.2.3.2.2.2.2.2.3.2.3.2.2",0.347523999678025,FALSE,TRUE,40
"2.2.2.3.1.2.2.2.1.2.2.3.2.2.2.2.2.3.2.3.2.2",0.281362494014623,FALSE,TRUE,40
"2.2.2.3.1.2.2.2.2.1.2.3.2.2.2.2.2.3.2.3.2.2",0.348374348607674,FALSE,TRUE,40
"2.2.2.3.1.2.2.2.2.2.1.3.2.2.2.2.2.3.2.3.2.2",0.32159136536541,FALSE,TRUE,40
"2.2.2.3.1.2.2.2.2.2.2.3.1.2.2.2.2.3.2.3.2.2",0.331650806067481,FALSE,TRUE,40
"2.2.2.3.1.2.2.2.2.2.2.3.2.1.2.2.2.3.2.3.2.2",0.365034651428013,FALSE,TRUE,40
"2.2.2.3.1.2.2.2.2.2.2.3.2.2.1.2.2.3.2.3.2.2",0.356385341165315,FALSE,TRUE,40
"2.2.2.3.1.2.2.2.2.2.2.3.2.2.2.1.2.3.2.3.2.2",0.292769937518199,FALSE,TRUE,40
"2.2.2.3.1.2.2.2.2.2.2.3.2.2.2.2.1.3.2.3.2.2",0.333677437743284,FALSE,TRUE,40
"2.2.2.3.1.2.2.2.2.2.2.3.2.2.2.2.2.2.2.3.2.2",0.36270160571934,FALSE,TRUE,41
"2.2.2.3.1.2.2.2.2.2.2.3.2.2.2.2.2.3.1.3.2.2",0.341290887147606,FALSE,TRUE,40
"2.2.2.3.1.2.2.2.2.2.2.3.2.2.2.2.2.3.2.2.2.2",0.36626493182161,FALSE,TRUE,40
"2.2.2.3.1.2.2.2.2.2.2.3.2.2.2.2.2.3.2.3.1.2",0.392377455313501,FALSE,TRUE,40
"2.2.2.3.1.2.2.2.2.2.2.3.2.2.2.2.2.3.2.3.2.1",0.35180806030306,FALSE,TRUE,40
"3.2.2.2.2.2.2.2.2.2.1.2.2.2.2.2.2.4.2.2.2.2",0.315469426839678,FALSE,TRUE,40
"2.3.2.2.2.2.2.2.2.2.1.2.2.2.2.2.2.4.2.2.2.2",0.35870866595613,FALSE,TRUE,39
"2.2.3.2.2.2.2.2.2.2.1.2.2.2.2.2.2.4.2.2.2.2",0.358842594929859,FALSE,TRUE,40
"2.2.2.2.3.2.2.2.2.2.1.2.2.2.2.2.2.4.2.2.2.2",0.334005734766615,FALSE,TRUE,40
"2.2.2.2.2.3.2.2.2.2.1.2.2.2.2.2.2.4.2.2.2.2",0.272948249404582,FALSE,TRUE,40
"2.2.2.2.2.2.3.2.2.2.1.2.2.2.2.2.2.4.2.2.2.2",0.290960584726683,FALSE,TRUE,40
"2.2.2.2.2.2.2.3.2.2.1.2.2.2.2.2.2.4.2.2.2.2",0.324471108772489,FALSE,TRUE,40
"2.2.2.2.2.2.2.2.3.2.1.2.2.2.2.2.2.4.2.2.2.2",0.370307696161157,FALSE,TRUE,40
"2.2.2.2.2.2.2.2.2.3.1.2.2.2.2.2.2.4.2.2.2.2",0.306570074471307,FALSE,TRUE,40
"2.2.2.2.2.2.2.2.2.2.1.3.2.2.2.2.2.4.2.2.2.2",0.343684419695711,FALSE,TRUE,40
"2.2.2.2.2.2.2.2.2.2.1.2.2.3.2.2.2.4.2.2.2.2",0.296396241904292,FALSE,TRUE,40
"2.2.2.2.2.2.2.2.2.2.1.2.2.2.3.2.2.4.2.2.2.2",0.306796732795902,FALSE,TRUE,40
"2.2.2.2.2.2.2.2.2.2.1.2.2.2.2.3.2.4.2.2.2.2",0.373942423539741,FALSE,TRUE,40
"2.2.2.2.2.2.2.2.2.2.1.2.2.2.2.2.3.4.2.2.2.2",0.328631336705892,FALSE,TRUE,40
"2.2.2.2.2.2.2.2.2.2.1.2.2.2.2.2.2.5.2.2.2.2",0.29049397914574,FALSE,TRUE,41
"2.2.2.2.2.2.2.2.2.2.1.2.2.2.2.2.2.4.3.2.2.2",0.28824002715126,FALSE,TRUE,40
"2.2.2.2.2.2.2.2.2.2.1.2.2.2.2.2.2.4.2.3.2.2",0.318531030864302,FALSE,TRUE,40
"2.2.2.2.2.2.2.2.2.2.1.2.2.2.2.2.2.4.2.2.3.2",0.260305811133281,FALSE,TRUE,39
"2.2.2.2.2.2.2.2.2.2.1.2.2.2.2.2.2.4.2.2.2.3",0.329396980787186,FALSE,TRUE,40
"2.1.2.2.2.2.2.2.2.2.1.2.2.2.2.2.2.4.2.2.2.2",0.303326442389142,FALSE,TRUE,39
"2.2.1.2.2.2.2.2.2.2.1.2.2.2.2.2.2.4.2.2.2.2",0.305686086161525,FALSE,TRUE,39
"2.2.2.1.2.2.2.2.2.2.1.2.2.2.2.2.2.4.2.2.2.2",0.358883540666299,FALSE,TRUE,39
"2.2.2.2.1.2.2.2.2.2.1.2.2.2.2.2.2.4.2.2.2.2",0.329980716832076,FALSE,TRUE,39
"2.2.2.2.2.1.2.2.2.2.1.2.2.2.2.2.2.4.2.2.2.2",0.37555643458503,FALSE,TRUE,39
"2.2.2.2.2.2.1.2.2.2.1.2.2.2.2.2.2.4.2.2.2.2",0.363250829617427,FALSE,TRUE,39
"2.2.2.2.2.2.2.1.2.2.1.2.2.2.2.2.2.4.2.2.2.2",0.33666702795519,FALSE,TRUE,39
"2.2.2.2.2.2.2.2.1.2.1.2.2.2.2.2.2.4.2.2.2.2",0.281460524947844,FALSE,TRUE,39
"2.2.2.2.2.2.2.2.2.1.1.2.2.2.2.2.2.4.2.2.2.2",0.347544696360245,FALSE,TRUE,38
"2.2.2.2.2.2.2.2.2.2.1.1.2.2.2.2.2.4.2.2.2.2",0.317954726828713,FALSE,TRUE,39
"2.2.2.2.2.2.2.2.2.2.1.2.1.2.2.2.2.4.2.2.2.2",0.306502716125182,FALSE,TRUE,39
"2.2.2.2.2.2.2.2.2.2.1.2.2.1.2.2.2.4.2.2.2.2",0.366045193910796,FALSE,TRUE,39
"2.2.2.2.2.2.2.2.2.2.1.2.2.2.1.2.2.4.2.2.2.2",0.356438818117353,FALSE,TRUE,38
"2.2.2.2.2.2.2.2.2.2.1.2.2.2.2.1.2.4.2.2.2.2",0.274961331351663,FALSE,TRUE,38
"2.2.2.2.2.2.2.2.2.2.1.2.2.2.2.2.1.4.2.2.2.2",0.330319968762524,FALSE,TRUE,39
"2.2.2.2.2.2.2.2.2.2.1.2.2.2.2.2.2.4.1.2.2.2",0.363351623790076,FALSE,TRUE,39
"2.2.2.2.2.2.2.2.2.2.1.2.2.2.2.2.2.4.2.1.2.2",0.343894082997329,FALSE,TRUE,39
"2.2.2.2.2.2.2.2.2.2.1.2.2.2.2.2.2.4.2.2.1.2",0.393066215300466,FALSE,TRUE,39
"2.2.2.2.2.2.2.2.2.2.1.2.2.2.2.2.2.4.2.2.2.1",0.334663917319738,FALSE,TRUE,39
"3.2.2.3.2.2.2.2.2.1.1.2.2.2.2.2.2.3.2.2.2.2",0.340483969380575,FALSE,TRUE,40
"2.3.2.3.2.2.2.2.2.1.1.2.2.2.2.2.2.3.2.2.2.2",0.379560489813498,FALSE,TRUE,40
"2.2.3.3.2.2.2.2.2.1.1.2.2.2.2.2.2.3.2.2.2.2",0.385078165737607,FALSE,TRUE,40
"2.2.2.4.2.2.2.2.2.1.1.2.2.2.2.2.2.3.2.2.2.2",0.320927800338398,FALSE,TRUE,40
"2.2.2.3.3.2.2.2.2.1.1.2.2.2.2.2.2.3.2.2.2.2",0.356403669295944,FALSE,TRUE,40
"2.2.2.3.2.3.2.2.2.1.1.2.2.2.2.2.2.3.2.2.2.2",0.299401512134095,FALSE,TRUE,40
"2.2.2.3.2.2.3.2.2.1.1.2.2.2.2.2.2.3.2.2.2.2",0.321910560575167,FALSE,TRUE,40
"2.2.2.3.2.2.2.3.2.1.1.2.2.2.2.2.2.3.2.2.2.2",0.341759303656213,FALSE,TRUE,40
"2.2.2.3.2.2.2.2.3.1.1.2.2.2.2.2.2.3.2.2.2.2",0.394909950629444,FALSE,TRUE,40
"2.2.2.3.2.2.2.2.2.1.2.2.2.2.2.2.2.3.2.2.2.2",0.371623289103624,FALSE,TRUE,40
"2.2.2.3.2.2.2.2.2.1.1.3.2.2.2.2.2.3.2.2.2.2",0.362447200203445,FALSE,TRUE,40
"2.2.2.3.2.2.2.2.2.1.1.2.3.2.2.2.2.3.2.2.2.2",0.370832492918883,FALSE,TRUE,39
"2.2.2.3.2.2.2.2.2.1.1.2.2.3.2.2.2.3.2.2.2.2",0.330713318800949,FALSE,TRUE,40
"2.2.2.3.2.2.2.2.2.1.1.2.2.2.3.2.2.3.2.2.2.2",0.330573383228746,FALSE,TRUE,40
"2.2.2.3.2.2.2.2.2.1.1.2.2.2.2.3.2.3.2.2.2.2",0.394288730235146,FALSE,TRUE,40
"2.2.2.3.2.2.2.2.2.1.1.2.2.2.2.2.3.3.2.2.2.2",0.361244164093572,FALSE,TRUE,40
"2.2.2.3.2.2.2.2.2.1.1.2.2.2.2.2.2.4.2.2.2.2",0.323440223884217,FALSE,TRUE,39
"2.2.2.3.2.2.2.2.2.1.1.2.2.2.2.2.2.3.3.2.2.2",0.330309018435972,FALSE,TRUE,40
"2.2.2.3.2.2.2.2.2.1.1.2.2.2.2.2.2.3.2.3.2.2",0.334258359293802,FALSE,TRUE,40
"2.2.2.3.2.2.2.2.2.1.1.2.2.2.2.2.2.3.2.2.3.2",0.289266585276542,FALSE,TRUE,40
"2.2.2.3.2.2.2.2.2.1.1.2.2.2.2.2.2.3.2.2.2.3",0.35065296710999,FALSE,TRUE,40
"1.2.2.3.2.2.2.2.2.1.1.2.2.2.2.2.2.3.2.2.2.2",0.369873143575878,FALSE,TRUE,39
"2.1.2.3.2.2.2.2.2.1.1.2.2.2.2.2.2.3.2.2.2.2",0.330441854558333,FALSE,TRUE,39
"2.2.1.3.2.2.2.2.2.1.1.2.2.2.2.2.2.3.2.2.2.2",0.327634185599691,FALSE,TRUE,39
"2.2.2.3.1.2.2.2.2.1.1.2.2.2.2.2.2.3.2.2.2.2",0.354596358803415,FALSE,TRUE,39
"2.2.2.3.2.1.2.2.2.1.1.2.2.2.2.2.2.3.2.2.2.2",0.396263279853654,FALSE,TRUE,39
"2.2.2.3.2.2.1.2.2.1.1.2.2.2.2.2.2.3.2.2.2.2",0.380662419378756,FALSE,TRUE,39
"2.2.2.3.2.2.2.1.2.1.1.2.2.2.2.2.2.3.2.2.2.2",0.366462944547969,FALSE,TRUE,39
"2.2.2.3.2.2.2.2.1.1.1.2.2.2.2.2.2.3.2.2.2.2",0.302606394244818,FALSE,TRUE,39
"2.2.2.3.2.2.2.2.2.1.1.1.2.2.2.2.2.3.2.2.2.2",0.346753512098273,FALSE,TRUE,39
"2.2.2.3.2.2.2.2.2.1.1.2.1.2.2.2.2.3.2.2.2.2",0.338386646922737,FALSE,TRUE,39
"2.2.2.3.2.2.2.2.2.1.1.2.2.1.2.2.2.3.2.2.2.2",0.378255897171632,FALSE,TRUE,39
"2.2.2.3.2.2.2.2.2.1.1.2.2.2.1.2.2.3.2.2.2.2",0.379622968914454,FALSE,TRUE,39
"2.2.2.3.2.2.2.2.2.1.1.2.2.2.2.1.2.3.2.2.2.2",0.30352434096937,FALSE,TRUE,39
"2.2.2.3.2.2.2.2.2.1.1.2.2.2.2.2.1.3.2.2.2.2",0.345849587772974,FALSE,TRUE,39
"2.2.2.3.2.2.2.2.2.1.1.2.2.2.2.2.2.2.2.2.2.2",0.384508500338392,FALSE,TRUE,40
"2.2.2.3.2.2.2.2.2.1.1.2.2.2.2.2.2.3.1.2.2.2",0.369674646846583,FALSE,TRUE,39
"2.2.2.3.2.2.2.2.2.1.1.2.2.2.2.2.2.3.2.1.2.2",0.373702910356878,FALSE,TRUE,39
"2.2.2.3.2.2.2.2.2.1.1.2.2.2.2.2.2.3.2.2.1.2",0.410659417574502,FALSE,TRUE,39
"2.2.2.3.2.2.2.2.2.1.1.2.2.2.2.2.2.3.2.2.2.1",0.359743282275267,FALSE,TRUE,39
"3.2.2.2.2.2.2.2.2.2.2.2.2.2.1.2.2.2.2.2.3.1",0.354013623530842,FALSE,TRUE,40
"2.3.2.2.2.2.2.2.2.2.2.2.2.2.1.2.2.2.2.2.3.1",0.39683135540546,FALSE,TRUE,40
"2.2.3.2.2.2.2.2.2.2.2.2.2.2.1.2.2.2.2.2.3.1",0.399963330080438,FALSE,TRUE,38
"2.2.2.2.3.2.2.2.2.2.2.2.2.2.1.2.2.2.2.2.3.1",0.380038682993612,FALSE,TRUE,40
"2.2.2.2.2.3.2.2.2.2.2.2.2.2.1.2.2.2.2.2.3.1",0.324185964291921,FALSE,TRUE,40
"2.2.2.2.2.2.3.2.2.2.2.2.2.2.1.2.2.2.2.2.3.1",0.345537866491744,FALSE,TRUE,39
"2.2.2.2.2.2.2.3.2.2.2.2.2.2.1.2.2.2.2.2.3.1",0.365636592233288,FALSE,TRUE,40
"2.2.2.2.2.2.2.2.3.2.2.2.2.2.1.2.2.2.2.2.3.1",0.404442307807505,FALSE,TRUE,40
"2.2.2.2.2.2.2.2.2.3.2.2.2.2.1.2.2.2.2.2.3.1",0.344476423945835,FALSE,TRUE,40
"2.2.2.2.2.2.2.2.2.2.3.2.2.2.1.2.2.2.2.2.3.1",0.41242330392604,FALSE,TRUE,40
"2.2.2.2.2.2.2.2.2.2.2.3.2.2.1.2.2.2.2.2.3.1",0.380764495429027,FALSE,TRUE,40
"2.2.2.2.2.2.2.2.2.2.2.2.3.2.1.2.2.2.2.2.3.1",0.395069775202693,FALSE,TRUE,40
"2.2.2.2.2.2.2.2.2.2.2.2.2.3.1.2.2.2.2.2.3.1",0.351531620441675,FALSE,TRUE,40
"2.2.2.2.2.2.2.2.2.2.2.2.2.2.1.3.2.2.2.2.3.1",0.428829177526604,FALSE,TRUE,40
"2.2.2.2.2.2.2.2.2.2.2.2.2.2.1.2.3.2.2.2.3.1",0.348767781992342,FALSE,TRUE,40
"2.2.2.2.2.2.2.2.2.2.2.2.2.2.1.2.2.2.3.2.3.1",0.3134249587064,FALSE,TRUE,40
"2.2.2.2.2.2.2.2.2.2.2.2.2.2.1.2.2.2.2.3.3.1",0.360973360731893,FALSE,TRUE,39
"2.2.2.2.2.2.2.2.2.2.2.2.2.2.1.2.2.2.2.2.4.1",0.300551115445652,FALSE,TRUE,40
"2.1.2.2.2.2.2.2.2.2.2.2.2.2.1.2.2.2.2.2.3.1",0.359288295841822,FALSE,TRUE,39
"2.2.1.2.2.2.2.2.2.2.2.2.2.2.1.2.2.2.2.2.3.1",0.356543379907022,FALSE,TRUE,39
"2.2.2.1.2.2.2.2.2.2.2.2.2.2.1.2.2.2.2.2.3.1",0.410298948486925,FALSE,TRUE,38
"2.2.2.2.1.2.2.2.2.2.2.2.2.2.1.2.2.2.2.2.3.1",0.377830210934051,FALSE,TRUE,39
"2.2.2.2.2.1.2.2.2.2.2.2.2.2.1.2.2.2.2.2.3.1",0.417893854783038,FALSE,TRUE,39
"2.2.2.2.2.2.1.2.2.2.2.2.2.2.1.2.2.2.2.2.3.1",0.39771291459535,FALSE,TRUE,39
"2.2.2.2.2.2.2.1.2.2.2.2.2.2.1.2.2.2.2.2.3.1",0.388797608105117,FALSE,TRUE,39
"2.2.2.2.2.2.2.2.1.2.2.2.2.2.1.2.2.2.2.2.3.1",0.339753566393378,FALSE,TRUE,39
"2.2.2.2.2.2.2.2.2.1.2.2.2.2.1.2.2.2.2.2.3.1",0.403511603989043,FALSE,TRUE,39
"2.2.2.2.2.2.2.2.2.2.1.2.2.2.1.2.2.2.2.2.3.1",0.342021939640353,FALSE,TRUE,38
"2.2.2.2.2.2.2.2.2.2.2.1.2.2.1.2.2.2.2.2.3.1",0.374558401745534,FALSE,TRUE,39
"2.2.2.2.2.2.2.2.2.2.2.2.1.2.1.2.2.2.2.2.3.1",0.359219357696916,FALSE,TRUE,39
"2.2.2.2.2.2.2.2.2.2.2.2.2.1.1.2.2.2.2.2.3.1",0.406432993266327,FALSE,TRUE,39
"2.2.2.2.2.2.2.2.2.2.2.2.2.2.1.1.2.2.2.2.3.1",0.315039300990293,FALSE,TRUE,39
"2.2.2.2.2.2.2.2.2.2.2.2.2.2.1.2.1.2.2.2.3.1",0.404852831208131,FALSE,TRUE,39
"2.2.2.2.2.2.2.2.2.2.2.2.2.2.1.2.2.1.2.2.3.1",0.405499617123811,FALSE,TRUE,39
"2.2.2.2.2.2.2.2.2.2.2.2.2.2.1.2.2.2.2.1.3.1",0.393228795561606,FALSE,TRUE,39
"2.2.2.2.2.2.2.2.2.2.2.2.2.2.1.2.2.2.2.2.2.1",0.44669930403738,FALSE,TRUE,39
"3.2.1.2.2.2.2.2.2.3.2.2.1.2.2.2.2.3.2.3.2.2",0.289199819269566,FALSE,TRUE,40
"2.3.1.2.2.2.2.2.2.3.2.2.1.2.2.2.2.3.2.3.2.2",0.326352927836812,FALSE,TRUE,40
"2.2.1.3.2.2.2.2.2.3.2.2.1.2.2.2.2.3.2.3.2.2",0.265827334749311,FALSE,TRUE,40
"2.2.1.2.3.2.2.2.2.3.2.2.1.2.2.2.2.3.2.3.2.2",0.308632739525769,FALSE,TRUE,40
"2.2.1.2.2.3.2.2.2.3.2.2.1.2.2.2.2.3.2.3.2.2",0.229755185184445,FALSE,TRUE,40
"2.2.1.2.2.2.3.2.2.3.2.2.1.2.2.2.2.3.2.3.2.2",0.262630570147927,FALSE,TRUE,40
"2.2.1.2.2.2.2.3.2.3.2.2.1.2.2.2.2.3.2.3.2.2",0.288398125560942,FALSE,TRUE,40
"2.2.1.2.2.2.2.2.3.3.2.2.1.2.2.2.2.3.2.3.2.2",0.334345561952385,FALSE,TRUE,40
"2.2.1.2.2.2.2.2.2.4.2.2.1.2.2.2.2.3.2.3.2.2",0.272431460145798,FALSE,TRUE,40
"2.2.1.2.2.2.2.2.2.3.3.2.1.2.2.2.2.3.2.3.2.2",0.323514147027988,FALSE,TRUE,40
"2.2.1.2.2.2.2.2.2.3.2.3.1.2.2.2.2.3.2.3.2.2",0.314147880635437,FALSE,TRUE,40
"2.2.1.2.2.2.2.2.2.3.2.2.2.2.2.2.2.3.2.3.2.2",0.326654533855067,FALSE,TRUE,40
"2.2.1.2.2.2.2.2.2.3.2.2.1.3.2.2.2.3.2.3.2.2",0.260082114719672,FALSE,TRUE,40
"2.2.1.2.2.2.2.2.2.3.2.2.1.2.3.2.2.3.2.3.2.2",0.266433423220127,FALSE,TRUE,40
"2.2.1.2.2.2.2.2.2.3.2.2.1.2.2.3.2.3.2.3.2.2",0.358693182022359,FALSE,TRUE,40
"2.2.1.2.2.2.2.2.2.3.2.2.1.2.2.2.3.3.2.3.2.2",0.27208405679797,FALSE,TRUE,39
"2.2.1.2.2.2.2.2.2.3.2.2.1.2.2.2.2.4.2.3.2.2",0.259799442906259,FALSE,TRUE,40
"2.2.1.2.2.2.2.2.2.3.2.2.1.2.2.2.2.3.3.3.2.2",0.233637771505732,FALSE,TRUE,40
"2.2.1.2.2.2.2.2.2.3.2.2.1.2.2.2.2.3.2.4.2.2",0.282290719495085,FALSE,TRUE,41
"2.2.1.2.2.2.2.2.2.3.2.2.1.2.2.2.2.3.2.3.3.2",0.228689431100216,FALSE,TRUE,40
"2.2.1.2.2.2.2.2.2.3.2.2.1.2.2.2.2.3.2.3.2.3",0.315114356631346,FALSE,TRUE,40
"1.2.1.2.2.2.2.2.2.3.2.2.1.2.2.2.2.3.2.3.2.2",0.311479271629616,FALSE,TRUE,39
"2.1.1.2.2.2.2.2.2.3.2.2.1.2.2.2.2.3.2.3.2.2",0.276605627077081,FALSE,TRUE,39
"2.2.1.1.2.2.2.2.2.3.2.2.1.2.2.2.2.3.2.3.2.2",0.336706943204959,FALSE,TRUE,39
"2.2.1.2.1.2.2.2.2.3.2.2.1.2.2.2.2.3.2.3.2.2",0.294629410187132,FALSE,TRUE,39
"2.2.1.2.2.1.2.2.2.3.2.2.1.2.2.2.2.3.2.3.2.2",0.360687305121575,FALSE,TRUE,39
"2.2.1.2.2.2.1.2.2.3.2.2.1.2.2.2.2.3.2.3.2.2",0.329772132136832,FALSE,TRUE,39
"2.2.1.2.2.2.2.1.2.3.2.2.1.2.2.2.2.3.2.3.2.2",0.311510205409785,FALSE,TRUE,39
"2.2.1.2.2.2.2.2.1.3.2.2.1.2.2.2.2.3.2.3.2.2",0.25884260197417,FALSE,TRUE,39
"2.2.1.2.2.2.2.2.2.2.2.2.1.2.2.2.2.3.2.3.2.2",0.32350470223972,FALSE,TRUE,40
"2.2.1.2.2.2.2.2.2.3.1.2.1.2.2.2.2.3.2.3.2.2",0.279381541256692,FALSE,TRUE,39
"2.2.1.2.2.2.2.2.2.3.2.1.1.2.2.2.2.3.2.3.2.2",0.288146456946823,FALSE,TRUE,39
"2.2.1.2.2.2.2.2.2.3.2.2.1.1.2.2.2.3.2.3.2.2",0.343976317591698,FALSE,TRUE,39
"2.2.1.2.2.2.2.2.2.3.2.2.1.2.1.2.2.3.2.3.2.2",0.336919820495149,FALSE,TRUE,39
"2.2.1.2.2.2.2.2.2.3.2.2.1.2.2.1.2.3.2.3.2.2",0.23360837254553,FALSE,TRUE,39
"2.2.1.2.2.2.2.2.2.3.2.2.1.2.2.2.1.3.2.3.2.2",0.326826849924969,FALSE,TRUE,39
"2.2.1.2.2.2.2.2.2.3.2.2.1.2.2.2.2.2.2.3.2.2",0.340234989035321,FALSE,TRUE,40
"2.2.1.2.2.2.2.2.2.3.2.2.1.2.2.2.2.3.1.3.2.2",0.361164737909621,FALSE,TRUE,39
"2.2.1.2.2.2.2.2.2.3.2.2.1.2.2.2.2.3.2.3.1.2",0.362802857631241,FALSE,TRUE,39
"2.2.1.2.2.2.2.2.2.3.2.2.1.2.2.2.2.3.2.3.2.1",0.287174051314927,FALSE,TRUE,39
"3.2.3.2.2.1.2.2.2.2.2.2.2.2.2.2.2.2.2.2.3.2",0.384309549352568,FALSE,TRUE,41
"2.3.3.2.2.1.2.2.2.2.2.2.2.2.2.2.2.2.2.2.3.2",0.434979683261588,FALSE,TRUE,41
"2.2.4.2.2.1.2.2.2.2.2.2.2.2.2.2.2.2.2.2.3.2",0.416377969380884,FALSE,TRUE,41
"2.2.3.3.2.1.2.2.2.2.2.2.2.2.2.2.2.2.2.2.3.2",0.376172466759818,FALSE,TRUE,41
"2.2.3.2.3.1.2.2.2.2.2.2.2.2.2.2.2.2.2.2.3.2",0.416223762453877,FALSE,TRUE,41
"2.2.3.2.2.1.3.2.2.2.2.2.2.2.2.2.2.2.2.2.3.2",0.400575316132224,FALSE,TRUE,40
"2.2.3.2.2.1.2.3.2.2.2.2.2.2.2.2.2.2.2.2.3.2",0.410306933391329,FALSE,TRUE,41
"2.2.3.2.2.1.2.2.3.2.2.2.2.2.2.2.2.2.2.2.3.2",0.448391167475046,FALSE,TRUE,41
"2.2.3.2.2.1.2.2.2.3.2.2.2.2.2.2.2.2.2.2.3.2",0.381351777703282,FALSE,TRUE,41
"2.2.3.2.2.1.2.2.2.2.3.2.2.2.2.2.2.2.2.2.3.2",0.446057212108524,FALSE,TRUE,41
"2.2.3.2.2.1.2.2.2.2.2.3.2.2.2.2.2.2.2.2.3.2",0.415843902744633,FALSE,TRUE,41
"2.2.3.2.2.1.2.2.2.2.2.2.3.2.2.2.2.2.2.2.3.2",0.426740631503442,FALSE,TRUE,41
"2.2.3.2.2.1.2.2.2.2.2.2.2.3.2.2.2.2.2.2.3.2",0.3823999244622,FALSE,TRUE,41
"2.2.3.2.2.1.2.2.2.2.2.2.2.2.3.2.2.2.2.2.3.2",0.391589481761241,FALSE,TRUE,41
"2.2.3.2.2.1.2.2.2.2.2.2.2.2.2.3.2.2.2.2.3.2",0.448065736170903,FALSE,TRUE,41
"2.2.3.2.2.1.2.2.2.2.2.2.2.2.2.2.3.2.2.2.3.2",0.38514429398887,FALSE,TRUE,41
"2.2.3.2.2.1.2.2.2.2.2.2.2.2.2.2.2.3.2.2.3.2",0.378395515351605,FALSE,TRUE,41
"2.2.3.2.2.1.2.2.2.2.2.2.2.2.2.2.2.2.3.2.3.2",0.360145853892573,FALSE,TRUE,41
"2.2.3.2.2.1.2.2.2.2.2.2.2.2.2.2.2.2.2.3.3.2",0.393551983783995,FALSE,TRUE,41
"2.2.3.2.2.1.2.2.2.2.2.2.2.2.2.2.2.2.2.2.4.2",0.330855008172866,FALSE,TRUE,41
"2.2.3.2.2.1.2.2.2.2.2.2.2.2.2.2.2.2.2.2.3.3",0.419903443203334,FALSE,TRUE,41
"1.2.3.2.2.1.2.2.2.2.2.2.2.2.2.2.2.2.2.2.3.2",0.437465508772218,FALSE,TRUE,40
"2.1.3.2.2.1.2.2.2.2.2.2.2.2.2.2.2.2.2.2.3.2",0.38913992724952,FALSE,TRUE,40
"2.2.3.1.2.1.2.2.2.2.2.2.2.2.2.2.2.2.2.2.3.2",0.44736098534947,FALSE,TRUE,38
"2.2.3.2.1.1.2.2.2.2.2.2.2.2.2.2.2.2.2.2.3.2",0.41094392906923,FALSE,TRUE,40
"2.2.3.2.2.1.1.2.2.2.2.2.2.2.2.2.2.2.2.2.3.2",0.411305912830552,FALSE,TRUE,40
"2.2.3.2.2.1.2.1.2.2.2.2.2.2.2.2.2.2.2.2.3.2",0.412535529585375,FALSE,TRUE,40
"2.2.3.2.2.1.2.2.1.2.2.2.2.2.2.2.2.2.2.2.3.2",0.364016334885522,FALSE,TRUE,40
"2.2.3.2.2.1.2.2.2.1.2.2.2.2.2.2.2.2.2.2.3.2",0.434604816648094,FALSE,TRUE,40
"2.2.3.2.2.1.2.2.2.2.1.2.2.2.2.2.2.2.2.2.3.2",0.375748171268702,FALSE,TRUE,40
"2.2.3.2.2.1.2.2.2.2.2.1.2.2.2.2.2.2.2.2.3.2",0.407871461675828,FALSE,TRUE,40
"2.2.3.2.2.1.2.2.2.2.2.2.1.2.2.2.2.2.2.2.3.2",0.395121476910829,FALSE,TRUE,40
"2.2.3.2.2.1.2.2.2.2.2.2.2.1.2.2.2.2.2.2.3.2",0.442200366580985,FALSE,TRUE,40
"2.2.3.2.2.1.2.2.2.2.2.2.2.2.1.2.2.2.2.2.3.2",0.432160553112886,FALSE,TRUE,38
"2.2.3.2.2.1.2.2.2.2.2.2.2.2.2.1.2.2.2.2.3.2",0.361080876833558,FALSE,TRUE,40
"2.2.3.2.2.1.2.2.2.2.2.2.2.2.2.2.1.2.2.2.3.2",0.436777633849186,FALSE,TRUE,40
"2.2.3.2.2.1.2.2.2.2.2.2.2.2.2.2.2.1.2.2.3.2",0.442900645089145,FALSE,TRUE,40
"2.2.3.2.2.1.2.2.2.2.2.2.2.2.2.2.2.2.1.2.3.2",0.452633393564371,FALSE,TRUE,39
"2.2.3.2.2.1.2.2.2.2.2.2.2.2.2.2.2.2.2.1.3.2",0.428245487559348,FALSE,TRUE,40
"2.2.3.2.2.1.2.2.2.2.2.2.2.2.2.2.2.2.2.2.2.2",0.485170821954739,FALSE,TRUE,40
"2.2.3.2.2.1.2.2.2.2.2.2.2.2.2.2.2.2.2.2.3.1",0.403765708080031,FALSE,TRUE,40
"3.2.2.2.2.2.2.2.2.2.1.2.2.2.1.2.2.3.2.2.3.2",0.299774223737963,FALSE,TRUE,40
"2.3.2.2.2.2.2.2.2.2.1.2.2.2.1.2.2.3.2.2.3.2",0.348678288658733,FALSE,TRUE,40
"2.2.3.2.2.2.2.2.2.2.1.2.2.2.1.2.2.3.2.2.3.2",0.341511936826677,FALSE,TRUE,40
"2.2.2.3.2.2.2.2.2.2.1.2.2.2.1.2.2.3.2.2.3.2",0.283681260400195,FALSE,TRUE,37
"2.2.2.2.3.2.2.2.2.2.1.2.2.2.1.2.2.3.2.2.3.2",0.325200971680613,FALSE,TRUE,40
"2.2.2.2.2.3.2.2.2.2.1.2.2.2.1.2.2.3.2.2.3.2",0.269924334658104,FALSE,TRUE,40
"2.2.2.2.2.2.3.2.2.2.1.2.2.2.1.2.2.3.2.2.3.2",0.292422093210178,FALSE,TRUE,40
"2.2.2.2.2.2.2.3.2.2.1.2.2.2.1.2.2.3.2.2.3.2",0.315717872211309,FALSE,TRUE,40
"2.2.2.2.2.2.2.2.3.2.1.2.2.2.1.2.2.3.2.2.3.2",0.356648753854358,FALSE,TRUE,40
"2.2.2.2.2.2.2.2.2.3.1.2.2.2.1.2.2.3.2.2.3.2",0.285371815737501,FALSE,TRUE,40
"2.2.2.2.2.2.2.2.2.2.1.3.2.2.1.2.2.3.2.2.3.2",0.327936086778635,FALSE,TRUE,40
"2.2.2.2.2.2.2.2.2.2.1.2.3.2.1.2.2.3.2.2.3.2",0.34103931210724,FALSE,TRUE,38
"2.2.2.2.2.2.2.2.2.2.1.2.2.3.1.2.2.3.2.2.3.2",0.28461851413952,FALSE,TRUE,40
"2.2.2.2.2.2.2.2.2.2.1.2.2.2.1.3.2.3.2.2.3.2",0.358226555191226,FALSE,TRUE,40
"2.2.2.2.2.2.2.2.2.2.1.2.2.2.1.2.3.3.2.2.3.2",0.303803526222314,FALSE,TRUE,40
"2.2.2.2.2.2.2.2.2.2.1.2.2.2.1.2.2.4.2.2.3.2",0.284007909418522,FALSE,TRUE,38
"2.2.2.2.2.2.2.2.2.2.1.2.2.2.1.2.2.3.3.2.3.2",0.275193580683611,FALSE,TRUE,40
"2.2.2.2.2.2.2.2.2.2.1.2.2.2.1.2.2.3.2.2.4.2",0.236329327098319,FALSE,TRUE,40
"2.2.2.2.2.2.2.2.2.2.1.2.2.2.1.2.2.3.2.2.3.3",0.32521184800204,FALSE,TRUE,40
"1.2.2.2.2.2.2.2.2.2.1.2.2.2.1.2.2.3.2.2.3.2",0.344599863884409,FALSE,TRUE,38
"2.1.2.2.2.2.2.2.2.2.1.2.2.2.1.2.2.3.2.2.3.2",0.293558970219258,FALSE,TRUE,39
"2.2.1.2.2.2.2.2.2.2.1.2.2.2.1.2.2.3.2.2.3.2",0.302636751322345,FALSE,TRUE,39
"2.2.2.1.2.2.2.2.2.2.1.2.2.2.1.2.2.3.2.2.3.2",0.361069070572102,FALSE,TRUE,39
"2.2.2.2.1.2.2.2.2.2.1.2.2.2.1.2.2.3.2.2.3.2",0.319579984064658,FALSE,TRUE,39
"2.2.2.2.2.1.2.2.2.2.1.2.2.2.1.2.2.3.2.2.3.2",0.358661577720438,FALSE,TRUE,39
"2.2.2.2.2.2.1.2.2.2.1.2.2.2.1.2.2.3.2.2.3.2",0.342333997636916,FALSE,TRUE,39
"2.2.2.2.2.2.2.1.2.2.1.2.2.2.1.2.2.3.2.2.3.2",0.326388219306826,FALSE,TRUE,39
"2.2.2.2.2.2.2.2.1.2.1.2.2.2.1.2.2.3.2.2.3.2",0.275729850405487,FALSE,TRUE,39
"2.2.2.2.2.2.2.2.2.1.1.2.2.2.1.2.2.3.2.2.3.2",0.350020958421071,FALSE,TRUE,39
"2.2.2.2.2.2.2.2.2.2.1.1.2.2.1.2.2.3.2.2.3.2",0.313748083874985,FALSE,TRUE,39
"2.2.2.2.2.2.2.2.2.2.1.2.1.2.1.2.2.3.2.2.3.2",0.301822522086962,FALSE,TRUE,39
"2.2.2.2.2.2.2.2.2.2.1.2.2.1.1.2.2.3.2.2.3.2",0.35812499928109,FALSE,TRUE,39
"2.2.2.2.2.2.2.2.2.2.1.2.2.2.1.1.2.3.2.2.3.2",0.270753860672055,FALSE,TRUE,39
"2.2.2.2.2.2.2.2.2.2.1.2.2.2.1.2.1.3.2.2.3.2",0.33647489584579,FALSE,TRUE,39
"2.2.2.2.2.2.2.2.2.2.1.2.2.2.1.2.2.3.1.2.3.2",0.357391435720522,FALSE,TRUE,38
"2.2.2.2.2.2.2.2.2.2.1.2.2.2.1.2.2.3.2.1.3.2",0.33455455693687,FALSE,TRUE,39
"2.2.2.2.2.2.2.2.2.2.1.2.2.2.1.2.2.3.2.2.3.1",0.319011413930506,FALSE,TRUE,38
"3.3.2.3.2.2.2.2.2.2.1.2.2.2.2.2.2.3.2.2.2.2",0.336400313002043,FALSE,TRUE,41
"2.4.2.3.2.2.2.2.2.2.1.2.2.2.2.2.2.3.2.2.2.2",0.381841818010235,FALSE,TRUE,42
"2.3.3.3.2.2.2.2.2.2.1.2.2.2.2.2.2.3.2.2.2.2",0.393232518355941,FALSE,TRUE,41
"2.3.2.4.2.2.2.2.2.2.1.2.2.2.2.2.2.3.2.2.2.2",0.327546557598848,FALSE,TRUE,41
"2.3.2.3.3.2.2.2.2.2.1.2.2.2.2.2.2.3.2.2.2.2",0.359866910718244,FALSE,TRUE,41
"2.3.2.3.2.3.2.2.2.2.1.2.2.2.2.2.2.3.2.2.2.2",0.30111059799876,FALSE,TRUE,41
"2.3.2.3.2.2.3.2.2.2.1.2.2.2.2.2.2.3.2.2.2.2",0.31806621160623,FALSE,TRUE,41
"2.3.2.3.2.2.2.3.2.2.1.2.2.2.2.2.2.3.2.2.2.2",0.345216157643911,FALSE,TRUE,41
"2.3.2.3.2.2.2.2.3.2.1.2.2.2.2.2.2.3.2.2.2.2",0.390162719612446,FALSE,TRUE,41
"2.3.2.3.2.2.2.2.2.3.1.2.2.2.2.2.2.3.2.2.2.2",0.331784127178314,FALSE,TRUE,41
"2.3.2.3.2.2.2.2.2.2.2.2.2.2.2.2.2.3.2.2.2.2",0.383334285478048,FALSE,TRUE,41
"2.3.2.3.2.2.2.2.2.2.1.3.2.2.2.2.2.3.2.2.2.2",0.36404810000716,FALSE,TRUE,41
"2.3.2.3.2.2.2.2.2.2.1.2.3.2.2.2.2.3.2.2.2.2",0.373151274288712,FALSE,TRUE,40
"2.3.2.3.2.2.2.2.2.2.1.2.2.3.2.2.2.3.2.2.2.2",0.338818400959095,FALSE,TRUE,41
"2.3.2.3.2.2.2.2.2.2.1.2.2.2.3.2.2.3.2.2.2.2",0.330366285633318,FALSE,TRUE,41
"2.3.2.3.2.2.2.2.2.2.1.2.2.2.2.3.2.3.2.2.2.2",0.403291966606026,FALSE,TRUE,41
"2.3.2.3.2.2.2.2.2.2.1.2.2.2.2.2.3.3.2.2.2.2",0.356577967317102,FALSE,TRUE,41
"2.3.2.3.2.2.2.2.2.2.1.2.2.2.2.2.2.4.2.2.2.2",0.335142712363865,FALSE,TRUE,40
"2.3.2.3.2.2.2.2.2.2.1.2.2.2.2.2.2.3.3.2.2.2",0.324008543510114,FALSE,TRUE,41
"2.3.2.3.2.2.2.2.2.2.1.2.2.2.2.2.2.3.2.3.2.2",0.342882292290535,FALSE,TRUE,41
"2.3.2.3.2.2.2.2.2.2.1.2.2.2.2.2.2.3.2.2.3.2",0.284510250616653,FALSE,TRUE,41
"2.3.2.3.2.2.2.2.2.2.1.2.2.2.2.2.2.3.2.2.2.3",0.36122159331195,FALSE,TRUE,41
"1.3.2.3.2.2.2.2.2.2.1.2.2.2.2.2.2.3.2.2.2.2",0.382143031855823,FALSE,TRUE,40
"2.3.1.3.2.2.2.2.2.2.1.2.2.2.2.2.2.3.2.2.2.2",0.327820289842988,FALSE,TRUE,40
"2.3.2.3.1.2.2.2.2.2.1.2.2.2.2.2.2.3.2.2.2.2",0.361253689914007,FALSE,TRUE,40
"2.3.2.3.2.1.2.2.2.2.1.2.2.2.2.2.2.3.2.2.2.2",0.405780985357233,FALSE,TRUE,40
"2.3.2.3.2.2.1.2.2.2.1.2.2.2.2.2.2.3.2.2.2.2",0.393016755362325,FALSE,TRUE,40
"2.3.2.3.2.2.2.1.2.2.1.2.2.2.2.2.2.3.2.2.2.2",0.373405348574499,FALSE,TRUE,40
"2.3.2.3.2.2.2.2.1.2.1.2.2.2.2.2.2.3.2.2.2.2",0.316834670243001,FALSE,TRUE,40
"2.3.2.3.2.2.2.2.2.2.1.1.2.2.2.2.2.3.2.2.2.2",0.354981730673344,FALSE,TRUE,40
"2.3.2.3.2.2.2.2.2.2.1.2.1.2.2.2.2.3.2.2.2.2",0.345654538617258,FALSE,TRUE,40
"2.3.2.3.2.2.2.2.2.2.1.2.2.1.2.2.2.3.2.2.2.2",0.381715674207029,FALSE,TRUE,40
"2.3.2.3.2.2.2.2.2.2.1.2.2.2.1.2.2.3.2.2.2.2",0.389829064076472,FALSE,TRUE,40
"2.3.2.3.2.2.2.2.2.2.1.2.2.2.2.1.2.3.2.2.2.2",0.304671929828128,FALSE,TRUE,40
"2.3.2.3.2.2.2.2.2.2.1.2.2.2.2.2.1.3.2.2.2.2",0.360373823984871,FALSE,TRUE,40
"2.3.2.3.2.2.2.2.2.2.1.2.2.2.2.2.2.2.2.2.2.2",0.38321189136045,FALSE,TRUE,41
"2.3.2.3.2.2.2.2.2.2.1.2.2.2.2.2.2.3.1.2.2.2",0.384785338098463,FALSE,TRUE,40
"2.3.2.3.2.2.2.2.2.2.1.2.2.2.2.2.2.3.2.1.2.2",0.374722626474558,FALSE,TRUE,40
"2.3.2.3.2.2.2.2.2.2.1.2.2.2.2.2.2.3.2.2.1.2",0.426309704813867,FALSE,TRUE,40
"2.3.2.3.2.2.2.2.2.2.1.2.2.2.2.2.2.3.2.2.2.1",0.35949099119387,FALSE,TRUE,40
"2.2.1.2.2.2.3.2.2.2.2.2.2.3.1.2.2.2.2.2.3.2",0.296711324919502,FALSE,TRUE,39
"1.3.1.2.2.2.3.2.2.2.2.2.2.3.1.2.2.2.2.2.3.2",0.34026206919345,FALSE,TRUE,38
"1.2.1.3.2.2.3.2.2.2.2.2.2.3.1.2.2.2.2.2.3.2",0.262967318331739,FALSE,TRUE,38
"1.2.1.2.3.2.3.2.2.2.2.2.2.3.1.2.2.2.2.2.3.2",0.321278298637857,FALSE,TRUE,38
"1.2.1.2.2.3.3.2.2.2.2.2.2.3.1.2.2.2.2.2.3.2",0.231804930728146,FALSE,TRUE,38
"1.2.1.2.2.2.4.2.2.2.2.2.2.3.1.2.2.2.2.2.3.2",0.275619045449101,FALSE,TRUE,38
"1.2.1.2.2.2.3.3.2.2.2.2.2.3.1.2.2.2.2.2.3.2",0.293393594827783,FALSE,TRUE,38
"1.2.1.2.2.2.3.2.3.2.2.2.2.3.1.2.2.2.2.2.3.2",0.341742338614914,FALSE,TRUE,38
"1.2.1.2.2.2.3.2.2.3.2.2.2.3.1.2.2.2.2.2.3.2",0.282673763818168,FALSE,TRUE,38
"1.2.1.2.2.2.3.2.2.2.3.2.2.3.1.2.2.2.2.2.3.2",0.336979617432259,FALSE,TRUE,38
"1.2.1.2.2.2.3.2.2.2.2.3.2.3.1.2.2.2.2.2.3.2",0.324089438548141,FALSE,TRUE,38
"1.2.1.2.2.2.3.2.2.2.2.2.3.3.1.2.2.2.2.2.3.2",0.339815038492865,FALSE,TRUE,38
"1.2.1.2.2.2.3.2.2.2.2.2.2.4.1.2.2.2.2.2.3.2",0.260495030976129,FALSE,TRUE,39
"1.2.1.2.2.2.3.2.2.2.2.2.2.3.2.2.2.2.2.2.3.2",0.275498676471663,FALSE,TRUE,39
"1.2.1.2.2.2.3.2.2.2.2.2.2.3.1.3.2.2.2.2.3.2",0.361913596807952,FALSE,TRUE,38
"1.2.1.2.2.2.3.2.2.2.2.2.2.3.1.2.3.2.2.2.3.2",0.288743998525435,FALSE,TRUE,38
"1.2.1.2.2.2.3.2.2.2.2.2.2.3.1.2.2.3.2.2.3.2",0.256333594240476,FALSE,TRUE,38
"1.2.1.2.2.2.3.2.2.2.2.2.2.3.1.2.2.2.3.2.3.2",0.240387808490219,FALSE,TRUE,38
"1.2.1.2.2.2.3.2.2.2.2.2.2.3.1.2.2.2.2.3.3.2",0.293040666204325,FALSE,TRUE,38
"1.2.1.2.2.2.3.2.2.2.2.2.2.3.1.2.2.2.2.2.4.2",0.235176627158182,FALSE,TRUE,38
"1.2.1.2.2.2.3.2.2.2.2.2.2.3.1.2.2.2.2.2.3.3",0.32630232893537,FALSE,TRUE,38
"1.1.1.2.2.2.3.2.2.2.2.2.2.3.1.2.2.2.2.2.3.2",0.289092332062272,FALSE,TRUE,37
"1.2.1.1.2.2.3.2.2.2.2.2.2.3.1.2.2.2.2.2.3.2",0.366779863113084,FALSE,TRUE,37
"1.2.1.2.1.2.3.2.2.2.2.2.2.3.1.2.2.2.2.2.3.2",0.308923803275438,FALSE,TRUE,37
"1.2.1.2.2.1.3.2.2.2.2.2.2.3.1.2.2.2.2.2.3.2",0.38789409210465,FALSE,TRUE,37
"1.2.1.2.2.2.2.2.2.2.2.2.2.3.1.2.2.2.2.2.3.2",0.348537116415684,FALSE,TRUE,38
"1.2.1.2.2.2.3.1.2.2.2.2.2.3.1.2.2.2.2.2.3.2",0.33419752091938,FALSE,TRUE,37
"1.2.1.2.2.2.3.2.1.2.2.2.2.3.1.2.2.2.2.2.3.2",0.277921554935731,FALSE,TRUE,37
"1.2.1.2.2.2.3.2.2.1.2.2.2.3.1.2.2.2.2.2.3.2",0.339604858906899,FALSE,TRUE,37
"1.2.1.2.2.2.3.2.2.2.1.2.2.3.1.2.2.2.2.2.3.2",0.291282714491975,FALSE,TRUE,37
"1.2.1.2.2.2.3.2.2.2.2.1.2.3.1.2.2.2.2.2.3.2",0.305346973007637,FALSE,TRUE,37
"1.2.1.2.2.2.3.2.2.2.2.2.1.3.1.2.2.2.2.2.3.2",0.2894148517263,FALSE,TRUE,37
"1.2.1.2.2.2.3.2.2.2.2.2.2.3.1.1.2.2.2.2.3.2",0.256803780394985,FALSE,TRUE,37
"1.2.1.2.2.2.3.2.2.2.2.2.2.3.1.2.1.2.2.2.3.2",0.336681721571515,FALSE,TRUE,37
"1.2.1.2.2.2.3.2.2.2.2.2.2.3.1.2.2.1.2.2.3.2",0.370047976748854,FALSE,TRUE,37
"1.2.1.2.2.2.3.2.2.2.2.2.2.3.1.2.2.2.1.2.3.2",0.378537442846745,FALSE,TRUE,37
"1.2.1.2.2.2.3.2.2.2.2.2.2.3.1.2.2.2.2.1.3.2",0.335309718213199,FALSE,TRUE,37
"1.2.1.2.2.2.3.2.2.2.2.2.2.3.1.2.2.2.2.2.2.2",0.385400761324225,FALSE,TRUE,38
"1.2.1.2.2.2.3.2.2.2.2.2.2.3.1.2.2.2.2.2.3.1",0.302943096005109,FALSE,TRUE,37
"3.2.2.1.2.2.3.2.2.2.2.2.2.2.2.2.2.1.2.2.3.2",0.395121309260186,FALSE,TRUE,40
"2.3.2.1.2.2.3.2.2.2.2.2.2.2.2.2.2.1.2.2.3.2",0.426355701601016,FALSE,TRUE,40
"2.2.3.1.2.2.3.2.2.2.2.2.2.2.2.2.2.1.2.2.3.2",0.435575214552359,FALSE,TRUE,40
"2.2.2.2.2.2.3.2.2.2.2.2.2.2.2.2.2.1.2.2.3.2",0.370396879735669,FALSE,TRUE,40
"2.2.2.1.3.2.3.2.2.2.2.2.2.2.2.2.2.1.2.2.3.2",0.415405546208896,FALSE,TRUE,40
"2.2.2.1.2.3.3.2.2.2.2.2.2.2.2.2.2.1.2.2.3.2",0.344870649877351,FALSE,TRUE,40
"2.2.2.1.2.2.4.2.2.2.2.2.2.2.2.2.2.1.2.2.3.2",0.387327490703373,FALSE,TRUE,40
"2.2.2.1.2.2.3.3.2.2.2.2.2.2.2.2.2.1.2.2.3.2",0.387552103348368,FALSE,TRUE,40
"2.2.2.1.2.2.3.2.3.2.2.2.2.2.2.2.2.1.2.2.3.2",0.425615075350352,FALSE,TRUE,40
"2.2.2.1.2.2.3.2.2.3.2.2.2.2.2.2.2.1.2.2.3.2",0.387006838830287,FALSE,TRUE,40
"2.2.2.1.2.2.3.2.2.2.3.2.2.2.2.2.2.1.2.2.3.2",0.459165437844608,FALSE,TRUE,40
"2.2.2.1.2.2.3.2.2.2.2.3.2.2.2.2.2.1.2.2.3.2",0.411082421847082,FALSE,TRUE,40
"2.2.2.1.2.2.3.2.2.2.2.2.3.2.2.2.2.1.2.2.3.2",0.441547399214586,FALSE,TRUE,40
"2.2.2.1.2.2.3.2.2.2.2.2.2.3.2.2.2.1.2.2.3.2",0.376425184612096,FALSE,TRUE,40
"2.2.2.1.2.2.3.2.2.2.2.2.2.2.3.2.2.1.2.2.3.2",0.372066099668883,FALSE,TRUE,40
"2.2.2.1.2.2.3.2.2.2.2.2.2.2.2.3.2.1.2.2.3.2",0.484061497658289,FALSE,TRUE,40
"2.2.2.1.2.2.3.2.2.2.2.2.2.2.2.2.3.1.2.2.3.2",0.370420310042761,FALSE,TRUE,40
"2.2.2.1.2.2.3.2.2.2.2.2.2.2.2.2.2.1.3.2.3.2",0.305163855015,FALSE,TRUE,40
"2.2.2.1.2.2.3.2.2.2.2.2.2.2.2.2.2.1.2.3.3.2",0.40005388884326,FALSE,TRUE,40
"2.2.2.1.2.2.3.2.2.2.2.2.2.2.2.2.2.1.2.2.4.2",0.341140085378412,FALSE,TRUE,40
"2.2.2.1.2.2.3.2.2.2.2.2.2.2.2.2.2.1.2.2.3.3",0.45855671953403,FALSE,TRUE,40
"1.2.2.1.2.2.3.2.2.2.2.2.2.2.2.2.2.1.2.2.3.2",0.436619125284482,FALSE,TRUE,39
"2.1.2.1.2.2.3.2.2.2.2.2.2.2.2.2.2.1.2.2.3.2",0.409569915841671,FALSE,TRUE,39
"2.2.1.1.2.2.3.2.2.2.2.2.2.2.2.2.2.1.2.2.3.2",0.396551331097561,FALSE,TRUE,39
"2.2.2.1.1.2.3.2.2.2.2.2.2.2.2.2.2.1.2.2.3.2",0.420408843242603,FALSE,TRUE,39
"2.2.2.1.2.1.3.2.2.2.2.2.2.2.2.2.2.1.2.2.3.2",0.476475440338152,FALSE,TRUE,39
"2.2.2.1.2.2.3.1.2.2.2.2.2.2.2.2.2.1.2.2.3.2",0.445567125791619,FALSE,TRUE,39
"2.2.2.1.2.2.3.2.1.2.2.2.2.2.2.2.2.1.2.2.3.2",0.399001299801614,FALSE,TRUE,38
"2.2.2.1.2.2.3.2.2.1.2.2.2.2.2.2.2.1.2.2.3.2",0.441371750573251,FALSE,TRUE,39
"2.2.2.1.2.2.3.2.2.2.1.2.2.2.2.2.2.1.2.2.3.2",0.371693837389049,FALSE,TRUE,39
"2.2.2.1.2.2.3.2.2.2.2.1.2.2.2.2.2.1.2.2.3.2",0.423410218317585,FALSE,TRUE,39
"2.2.2.1.2.2.3.2.2.2.2.2.1.2.2.2.2.1.2.2.3.2",0.391767070393462,FALSE,TRUE,39
"2.2.2.1.2.2.3.2.2.2.2.2.2.1.2.2.2.1.2.2.3.2",0.455264683142243,FALSE,TRUE,39
"2.2.2.1.2.2.3.2.2.2.2.2.2.2.1.2.2.1.2.2.3.2",0.464644812502944,FALSE,TRUE,39
"2.2.2.1.2.2.3.2.2.2.2.2.2.2.2.1.2.1.2.2.3.2",0.342313146197663,FALSE,TRUE,39
"2.2.2.1.2.2.3.2.2.2.2.2.2.2.2.2.2.1.1.2.3.2",0.51328069835772,FALSE,TRUE,39
"2.2.2.1.2.2.3.2.2.2.2.2.2.2.2.2.2.1.2.1.3.2",0.434466099841443,FALSE,TRUE,39
"2.2.2.1.2.2.3.2.2.2.2.2.2.2.2.2.2.1.2.2.2.2",0.483541508014157,FALSE,TRUE,40
"2.2.2.1.2.2.3.2.2.2.2.2.2.2.2.2.2.1.2.2.3.1",0.377310780088929,FALSE,TRUE,39
"2.2.2.2.2.2.3.2.2.2.2.2.2.3.1.2.2.2.2.2.3.2",0.313888675573696,FALSE,TRUE,39
"1.3.2.2.2.2.3.2.2.2.2.2.2.3.1.2.2.2.2.2.3.2",0.363112047603299,FALSE,TRUE,39
"1.2.3.2.2.2.3.2.2.2.2.2.2.3.1.2.2.2.2.2.3.2",0.353736468762187,FALSE,TRUE,40
"1.2.2.3.2.2.3.2.2.2.2.2.2.3.1.2.2.2.2.2.3.2",0.286351085631819,FALSE,TRUE,39
"1.2.2.2.3.2.3.2.2.2.2.2.2.3.1.2.2.2.2.2.3.2",0.343156659927651,FALSE,TRUE,39
"1.2.2.2.2.3.3.2.2.2.2.2.2.3.1.2.2.2.2.2.3.2",0.259941665681192,FALSE,TRUE,39
"1.2.2.2.2.2.4.2.2.2.2.2.2.3.1.2.2.2.2.2.3.2",0.29580815521641,FALSE,TRUE,39
"1.2.2.2.2.2.3.3.2.2.2.2.2.3.1.2.2.2.2.2.3.2",0.321051821806613,FALSE,TRUE,39
"1.2.2.2.2.2.3.2.3.2.2.2.2.3.1.2.2.2.2.2.3.2",0.366157148302657,FALSE,TRUE,39
"1.2.2.2.2.2.3.2.2.3.2.2.2.3.1.2.2.2.2.2.3.2",0.300771719065224,FALSE,TRUE,39
"1.2.2.2.2.2.3.2.2.2.3.2.2.3.1.2.2.2.2.2.3.2",0.352121021904161,FALSE,TRUE,39
"1.2.2.2.2.2.3.2.2.2.2.3.2.3.1.2.2.2.2.2.3.2",0.34777644987287,FALSE,TRUE,39
"1.2.2.2.2.2.3.2.2.2.2.2.3.3.1.2.2.2.2.2.3.2",0.357115618742974,FALSE,TRUE,39
"1.2.2.2.2.2.3.2.2.2.2.2.2.4.1.2.2.2.2.2.3.2",0.281882760892973,FALSE,TRUE,40
"1.2.2.2.2.2.3.2.2.2.2.2.2.3.2.2.2.2.2.2.3.2",0.302501749123918,FALSE,TRUE,40
"1.2.2.2.2.2.3.2.2.2.2.2.2.3.1.3.2.2.2.2.3.2",0.374189512587603,FALSE,TRUE,39
"1.2.2.2.2.2.3.2.2.2.2.2.2.3.1.2.3.2.2.2.3.2",0.313154955033194,FALSE,TRUE,39
"1.2.2.2.2.2.3.2.2.2.2.2.2.3.1.2.2.3.2.2.3.2",0.277161556548165,FALSE,TRUE,39
"1.2.2.2.2.2.3.2.2.2.2.2.2.3.1.2.2.2.3.2.3.2",0.271832384248952,FALSE,TRUE,39
"1.2.2.2.2.2.3.2.2.2.2.2.2.3.1.2.2.2.2.3.3.2",0.31333815774199,FALSE,TRUE,39
"1.2.2.2.2.2.3.2.2.2.2.2.2.3.1.2.2.2.2.2.4.2",0.254661098073951,FALSE,TRUE,39
"1.2.2.2.2.2.3.2.2.2.2.2.2.3.1.2.2.2.2.2.3.3",0.336852659902709,FALSE,TRUE,39
"1.1.2.2.2.2.3.2.2.2.2.2.2.3.1.2.2.2.2.2.3.2",0.305189159301869,FALSE,TRUE,38
"1.2.2.1.2.2.3.2.2.2.2.2.2.3.1.2.2.2.2.2.3.2",0.383300176594968,FALSE,TRUE,38
"1.2.2.2.1.2.3.2.2.2.2.2.2.3.1.2.2.2.2.2.3.2",0.327422383463696,FALSE,TRUE,38
"1.2.2.2.2.1.3.2.2.2.2.2.2.3.1.2.2.2.2.2.3.2",0.39840968337393,FALSE,TRUE,38
"1.2.2.2.2.2.3.2.1.2.2.2.2.3.1.2.2.2.2.2.3.2",0.291238786590845,FALSE,TRUE,38
"1.2.2.2.2.2.3.2.2.1.2.2.2.3.1.2.2.2.2.2.3.2",0.360045647620623,FALSE,TRUE,38
"1.2.2.2.2.2.3.2.2.2.1.2.2.3.1.2.2.2.2.2.3.2",0.315846858624467,FALSE,TRUE,38
"1.2.2.2.2.2.3.2.2.2.2.1.2.3.1.2.2.2.2.2.3.2",0.321037368257005,FALSE,TRUE,38
"1.2.2.2.2.2.3.2.2.2.2.2.1.3.1.2.2.2.2.2.3.2",0.310900131483711,FALSE,TRUE,38
"1.2.2.2.2.2.3.2.2.2.2.2.2.3.1.1.2.2.2.2.3.2",0.281769887233299,FALSE,TRUE,38
"1.2.2.2.2.2.3.2.2.2.2.2.2.3.1.2.1.2.2.2.3.2",0.352167972846591,FALSE,TRUE,38
"1.2.2.2.2.2.3.2.2.2.2.2.2.3.1.2.2.1.2.2.3.2",0.389724338609395,FALSE,TRUE,38
"1.2.2.2.2.2.3.2.2.2.2.2.2.3.1.2.2.2.1.2.3.2",0.387179210171121,FALSE,TRUE,38
"1.2.2.2.2.2.3.2.2.2.2.2.2.3.1.2.2.2.2.1.3.2",0.353424283556379,FALSE,TRUE,38
"1.2.2.2.2.2.3.2.2.2.2.2.2.3.1.2.2.2.2.2.2.2",0.406306029966412,FALSE,TRUE,39
"1.2.2.2.2.2.3.2.2.2.2.2.2.3.1.2.2.2.2.2.3.1",0.331671853331537,FALSE,TRUE,38
"3.2.3.1.2.2.3.2.2.2.2.2.2.2.2.2.2.2.2.2.3.2",0.358228829397738,FALSE,TRUE,41
"2.3.3.1.2.2.3.2.2.2.2.2.2.2.2.2.2.2.2.2.3.2",0.399301379229233,FALSE,TRUE,41
"2.2.4.1.2.2.3.2.2.2.2.2.2.2.2.2.2.2.2.2.3.2",0.397807080495898,FALSE,TRUE,42
"2.2.3.1.3.2.3.2.2.2.2.2.2.2.2.2.2.2.2.2.3.2",0.390248239220982,FALSE,TRUE,41
"2.2.3.1.2.3.3.2.2.2.2.2.2.2.2.2.2.2.2.2.3.2",0.320548780019544,FALSE,TRUE,41
"2.2.3.1.2.2.4.2.2.2.2.2.2.2.2.2.2.2.2.2.3.2",0.349130061707224,FALSE,TRUE,41
"2.2.3.1.2.2.3.3.2.2.2.2.2.2.2.2.2.2.2.2.3.2",0.369285853549197,FALSE,TRUE,41
"2.2.3.1.2.2.3.2.3.2.2.2.2.2.2.2.2.2.2.2.3.2",0.400248762401692,FALSE,TRUE,41
"2.2.3.1.2.2.3.2.2.3.2.2.2.2.2.2.2.2.2.2.3.2",0.350085351299289,FALSE,TRUE,41
"2.2.3.1.2.2.3.2.2.2.3.2.2.2.2.2.2.2.2.2.3.2",0.41539170390125,FALSE,TRUE,41
"2.2.3.1.2.2.3.2.2.2.2.3.2.2.2.2.2.2.2.2.3.2",0.38725328001907,FALSE,TRUE,41
"2.2.3.1.2.2.3.2.2.2.2.2.3.2.2.2.2.2.2.2.3.2",0.408432241157967,FALSE,TRUE,41
"2.2.3.1.2.2.3.2.2.2.2.2.2.3.2.2.2.2.2.2.3.2",0.342614655579755,FALSE,TRUE,41
"2.2.3.1.2.2.3.2.2.2.2.2.2.2.3.2.2.2.2.2.3.2",0.353345640860771,FALSE,TRUE,41
"2.2.3.1.2.2.3.2.2.2.2.2.2.2.2.3.2.2.2.2.3.2",0.439956981003182,FALSE,TRUE,41
"2.2.3.1.2.2.3.2.2.2.2.2.2.2.2.2.3.2.2.2.3.2",0.344456810485987,FALSE,TRUE,41
"2.2.3.1.2.2.3.2.2.2.2.2.2.2.2.2.2.3.2.2.3.2",0.336726084340977,FALSE,TRUE,41
"2.2.3.1.2.2.3.2.2.2.2.2.2.2.2.2.2.2.3.2.3.2",0.282020107619344,FALSE,TRUE,41
"2.2.3.1.2.2.3.2.2.2.2.2.2.2.2.2.2.2.2.3.3.2",0.372490868438582,FALSE,TRUE,41
"2.2.3.1.2.2.3.2.2.2.2.2.2.2.2.2.2.2.2.2.4.2",0.308747080806275,FALSE,TRUE,41
"2.2.3.1.2.2.3.2.2.2.2.2.2.2.2.2.2.2.2.2.3.3",0.414870284196057,FALSE,TRUE,41
"1.2.3.1.2.2.3.2.2.2.2.2.2.2.2.2.2.2.2.2.3.2",0.414100133138512,FALSE,TRUE,40
"2.1.3.1.2.2.3.2.2.2.2.2.2.2.2.2.2.2.2.2.3.2",0.373730312523856,FALSE,TRUE,40
"2.2.3.1.1.2.3.2.2.2.2.2.2.2.2.2.2.2.2.2.3.2",0.385275198963787,FALSE,TRUE,40
"2.2.3.1.2.1.3.2.2.2.2.2.2.2.2.2.2.2.2.2.3.2",0.439394294867967,FALSE,TRUE,38
"2.2.3.1.2.2.3.1.2.2.2.2.2.2.2.2.2.2.2.2.3.2",0.402936017315548,FALSE,TRUE,40
"2.2.3.1.2.2.3.2.1.2.2.2.2.2.2.2.2.2.2.2.3.2",0.360882922660073,FALSE,TRUE,39
"2.2.3.1.2.2.3.2.2.1.2.2.2.2.2.2.2.2.2.2.3.2",0.41533857609061,FALSE,TRUE,40
"2.2.3.1.2.2.3.2.2.2.1.2.2.2.2.2.2.2.2.2.3.2",0.356641814308028,FALSE,TRUE,40
"2.2.3.1.2.2.3.2.2.2.2.1.2.2.2.2.2.2.2.2.3.2",0.385599362924167,FALSE,TRUE,40
"2.2.3.1.2.2.3.2.2.2.2.2.1.2.2.2.2.2.2.2.3.2",0.363926501875503,FALSE,TRUE,40
"2.2.3.1.2.2.3.2.2.2.2.2.2.1.2.2.2.2.2.2.3.2",0.430747624167942,FALSE,TRUE,40
"2.2.3.1.2.2.3.2.2.2.2.2.2.2.1.2.2.2.2.2.3.2",0.420627939308527,FALSE,TRUE,40
"2.2.3.1.2.2.3.2.2.2.2.2.2.2.2.1.2.2.2.2.3.2",0.320610061413509,FALSE,TRUE,40
"2.2.3.1.2.2.3.2.2.2.2.2.2.2.2.2.2.2.1.2.3.2",0.477876722945087,FALSE,TRUE,40
"2.2.3.1.2.2.3.2.2.2.2.2.2.2.2.2.2.2.2.1.3.2",0.399823421342129,FALSE,TRUE,40
"2.2.3.1.2.2.3.2.2.2.2.2.2.2.2.2.2.2.2.2.2.2",0.456820321680378,FALSE,TRUE,41
"2.2.3.1.2.2.3.2.2.2.2.2.2.2.2.2.2.2.2.2.3.1",0.35979905239054,FALSE,TRUE,40
