"karyotype","fitness","is_fq","is_nn","boundary_degree"
"2.2.2.2.2.2.2.2.2.2.2.2.2.2.2.2.2.2.2.2.2.2",0.56936805378102,TRUE,FALSE,0
"2.2.2.2.2.2.2.2.3.2.2.2.2.2.2.2.2.2.2.2.2.2",0.500796069953366,TRUE,FALSE,0
"2.2.2.2.2.2.2.2.2.2.3.2.2.2.2.2.2.2.2.2.2.2",0.608971154433505,TRUE,FALSE,0
"2.2.2.3.2.2.2.2.3.2.2.2.2.2.2.2.2.2.2.2.2.2",0.483342925226704,TRUE,FALSE,0
"2.2.2.3.2.2.2.2.3.2.2.2.2.2.2.2.2.1.2.2.2.2",0.472091192576941,TRUE,FALSE,0
"2.3.2.3.2.2.2.2.3.2.2.2.2.2.2.2.2.2.2.2.2.2",0.482366492771681,TRUE,FALSE,0
"2.2.2.2.2.2.2.2.2.2.2.2.2.1.2.2.2.2.2.2.2.2",0.336415195378601,TRUE,FALSE,0
"2.2.2.2.2.2.3.2.2.2.2.2.2.2.2.2.2.2.2.2.2.2",0.546044898736834,TRUE,FALSE,0
"2.2.2.2.2.2.3.2.2.2.2.2.2.2.2.2.2.2.2.1.2.2",0.395322264205976,TRUE,FALSE,0
"2.2.2.2.2.2.2.2.2.2.2.2.3.2.2.2.2.2.2.2.2.2",0.555284835869729,TRUE,FALSE,0
"2.3.2.3.2.2.2.2.3.2.2.2.2.2.2.2.2.2.2.2.1.2",0.495076502134302,TRUE,FALSE,0
"2.2.2.1.2.2.2.2.2.2.3.2.2.2.2.2.2.2.2.2.2.2",0.509503148157089,TRUE,FALSE,0
"2.2.2.3.2.2.2.3.3.2.2.2.2.2.2.2.2.1.2.2.2.2",0.359760711519803,TRUE,FALSE,0
"2.2.2.2.2.2.3.2.2.3.2.2.2.2.2.2.2.2.2.1.2.2",0.412630392955144,TRUE,FALSE,0
"2.3.2.3.2.2.2.2.2.2.2.2.2.2.2.2.2.2.2.2.1.2",0.50909334829636,TRUE,FALSE,0
"2.2.2.3.3.2.2.2.3.2.2.2.2.2.2.2.2.2.2.2.2.2",0.493175382009581,TRUE,FALSE,0
"2.2.2.1.2.2.2.2.2.2.3.2.2.2.2.2.2.3.2.2.2.2",0.63741935628619,TRUE,FALSE,0
"2.2.2.2.2.2.3.2.2.2.2.2.2.2.2.2.2.2.2.1.2.1",0.254900123466222,TRUE,FALSE,0
"2.2.2.1.2.2.2.2.2.2.3.2.3.2.2.2.2.2.2.2.2.2",0.608183354249667,TRUE,FALSE,0
"2.2.2.3.3.2.2.2.3.2.2.1.2.2.2.2.2.2.2.2.2.2",0.538711355500613,TRUE,FALSE,0
"2.2.2.1.2.2.2.2.2.2.3.2.3.2.2.2.2.2.2.2.2.1",0.460129993540632,TRUE,FALSE,0
"1.2.2.2.2.2.3.2.2.2.2.2.2.2.2.2.2.2.2.1.2.2",0.323103961231208,TRUE,FALSE,0
"2.2.2.2.2.2.2.2.3.2.2.2.2.2.1.2.2.2.2.2.2.2",0.496483811205434,TRUE,FALSE,0
"2.2.2.2.2.2.3.2.2.2.2.2.2.2.2.3.2.2.2.2.2.2",0.631829748544835,TRUE,FALSE,0
"2.3.2.3.2.2.3.2.2.2.2.2.2.2.2.2.2.2.2.2.1.2",0.458098905801226,TRUE,FALSE,0
"2.2.2.2.2.2.2.2.3.2.2.3.2.2.1.2.2.2.2.2.2.2",0.431047654152225,TRUE,FALSE,0
"2.2.2.3.3.2.2.2.3.3.2.2.2.2.2.2.2.2.2.2.2.2",0.250049565301283,TRUE,FALSE,0
"2.2.2.1.2.2.2.2.2.2.3.2.3.2.2.2.2.2.2.3.2.1",0.391017581704108,TRUE,FALSE,0
"2.2.2.2.2.2.2.2.2.2.2.2.2.2.2.2.2.3.2.2.2.2",0.614635572348241,TRUE,FALSE,0
"2.2.2.2.3.2.2.2.3.2.2.1.2.2.2.2.2.2.2.2.2.2",0.496360453146303,TRUE,FALSE,0
"1.2.2.2.2.2.3.2.2.2.2.2.2.2.2.3.2.2.2.2.2.2",0.574632964508862,TRUE,FALSE,0
"2.2.2.2.2.2.2.2.3.2.2.1.2.2.2.2.2.2.2.2.2.2",0.592344328592161,TRUE,FALSE,0
"2.2.2.1.2.2.2.2.2.2.3.2.2.2.2.2.2.2.2.1.2.2",0.372414921323437,TRUE,FALSE,0
"3.2.2.2.2.2.3.2.2.2.2.2.2.2.2.3.2.2.2.2.2.2",0.55646943283143,TRUE,FALSE,0
"3.1.2.2.2.2.3.2.2.2.2.2.2.2.2.3.2.2.2.2.2.2",0.496301864734381,TRUE,FALSE,0
"2.1.2.2.2.2.2.2.2.2.2.2.3.2.2.2.2.2.2.2.2.2",0.466734528354887,TRUE,FALSE,0
"2.1.2.2.2.2.2.2.2.2.2.2.3.2.2.2.2.3.2.2.2.2",0.447166791016643,TRUE,FALSE,0
"2.3.2.3.2.1.2.2.2.2.2.2.2.2.2.2.2.2.2.2.1.2",0.386144602271227,TRUE,FALSE,0
"2.3.2.2.2.2.2.2.2.2.3.2.2.2.2.2.2.2.2.2.2.2",0.62267349392229,TRUE,FALSE,0
"2.1.2.2.2.2.2.2.2.2.2.3.3.2.2.2.2.3.2.2.2.2",0.315584744687107,TRUE,FALSE,0
"3.3.2.3.2.2.2.2.2.2.2.2.2.2.2.2.2.2.2.2.1.2",0.505018989564922,TRUE,FALSE,0
"2.2.2.2.2.2.3.2.2.2.2.2.2.3.2.2.2.2.2.2.2.2",0.683893278078596,TRUE,FALSE,0
"2.2.2.1.2.2.2.2.2.2.3.2.2.2.2.2.2.3.3.2.2.2",0.672560606874399,TRUE,FALSE,0
"1.1.2.2.2.2.2.2.2.2.2.2.3.2.2.2.2.3.2.2.2.2",0.478690259309523,TRUE,FALSE,0
"2.1.2.2.2.2.2.2.2.2.2.2.3.2.2.2.2.3.2.2.2.1",0.455649887028131,TRUE,FALSE,0
"2.2.1.2.2.2.2.2.2.2.2.2.2.2.2.2.2.2.2.2.2.2",0.420049380514381,TRUE,FALSE,0
"2.1.2.2.2.2.2.2.2.1.2.2.3.2.2.2.2.3.2.2.2.2",0.497862333050603,TRUE,FALSE,0
"2.3.2.3.2.2.3.2.2.1.2.2.2.2.2.2.2.2.2.2.1.2",0.280538994755805,TRUE,FALSE,0
"2.2.2.1.2.2.2.2.2.2.4.2.3.2.2.2.2.2.2.2.2.2",0.565498515974939,TRUE,FALSE,0
"1.2.2.2.2.2.2.2.2.2.2.2.2.2.2.3.2.2.2.2.2.2",0.480565168244453,TRUE,FALSE,0
"3.2.2.2.2.2.2.2.2.2.2.2.2.2.2.2.2.2.2.2.2.2",0.518890622739545,FALSE,TRUE,35
"2.3.2.2.2.2.2.2.2.2.2.2.2.2.2.2.2.2.2.2.2.2",0.543994776797333,FALSE,TRUE,34
"2.2.3.2.2.2.2.2.2.2.2.2.2.2.2.2.2.2.2.2.2.2",0.598479173563335,FALSE,TRUE,37
"2.2.2.3.2.2.2.2.2.2.2.2.2.2.2.2.2.2.2.2.2.2",0.542383692407062,FALSE,TRUE,32
"2.2.2.2.3.2.2.2.2.2.2.2.2.2.2.2.2.2.2.2.2.2",0.497320516225645,FALSE,TRUE,34
"2.2.2.2.2.3.2.2.2.2.2.2.2.2.2.2.2.2.2.2.2.2",0.660127697911316,FALSE,TRUE,36
"2.2.2.2.2.2.2.3.2.2.2.2.2.2.2.2.2.2.2.2.2.2",0.517248552313716,FALSE,TRUE,36
"2.2.2.2.2.2.2.2.2.3.2.2.2.2.2.2.2.2.2.2.2.2",0.462337033123038,FALSE,TRUE,35
"2.2.2.2.2.2.2.2.2.2.2.3.2.2.2.2.2.2.2.2.2.2",0.450630371218052,FALSE,TRUE,35
"2.2.2.2.2.2.2.2.2.2.2.2.2.3.2.2.2.2.2.2.2.2",0.723888532848119,FALSE,TRUE,37
"2.2.2.2.2.2.2.2.2.2.2.2.2.2.3.2.2.2.2.2.2.2",0.523241177632661,FALSE,TRUE,36
"2.2.2.2.2.2.2.2.2.2.2.2.2.2.2.3.2.2.2.2.2.2",0.612775566903312,FALSE,TRUE,34
"2.2.2.2.2.2.2.2.2.2.2.2.2.2.2.2.3.2.2.2.2.2",0.579994106653703,FALSE,TRUE,36
"2.2.2.2.2.2.2.2.2.2.2.2.2.2.2.2.2.2.3.2.2.2",0.566258063797072,FALSE,TRUE,36
"2.2.2.2.2.2.2.2.2.2.2.2.2.2.2.2.2.2.2.3.2.2",0.572286561445554,FALSE,TRUE,36
"2.2.2.2.2.2.2.2.2.2.2.2.2.2.2.2.2.2.2.2.3.2",0.412568452445484,FALSE,TRUE,36
"2.2.2.2.2.2.2.2.2.2.2.2.2.2.2.2.2.2.2.2.2.3",0.574618499652859,FALSE,TRUE,36
"1.2.2.2.2.2.2.2.2.2.2.2.2.2.2.2.2.2.2.2.2.2",0.47624547799803,FALSE,TRUE,33
"2.1.2.2.2.2.2.2.2.2.2.2.2.2.2.2.2.2.2.2.2.2",0.508605017938178,FALSE,TRUE,35
"2.2.2.1.2.2.2.2.2.2.2.2.2.2.2.2.2.2.2.2.2.2",0.489528880718635,FALSE,TRUE,34
"2.2.2.2.1.2.2.2.2.2.2.2.2.2.2.2.2.2.2.2.2.2",0.493879621154745,FALSE,TRUE,35
"2.2.2.2.2.1.2.2.2.2.2.2.2.2.2.2.2.2.2.2.2.2",0.39839437796607,FALSE,TRUE,35
"2.2.2.2.2.2.1.2.2.2.2.2.2.2.2.2.2.2.2.2.2.2",0.421857583070053,FALSE,TRUE,36
"2.2.2.2.2.2.2.1.2.2.2.2.2.2.2.2.2.2.2.2.2.2",0.507648954080768,FALSE,TRUE,35
"2.2.2.2.2.2.2.2.1.2.2.2.2.2.2.2.2.2.2.2.2.2",0.473192478190739,FALSE,TRUE,36
"2.2.2.2.2.2.2.2.2.1.2.2.2.2.2.2.2.2.2.2.2.2",0.451754186533101,FALSE,TRUE,35
"2.2.2.2.2.2.2.2.2.2.1.2.2.2.2.2.2.2.2.2.2.2",0.408025571183699,FALSE,TRUE,36
"2.2.2.2.2.2.2.2.2.2.2.1.2.2.2.2.2.2.2.2.2.2",0.630654388522163,FALSE,TRUE,34
"2.2.2.2.2.2.2.2.2.2.2.2.1.2.2.2.2.2.2.2.2.2",0.310472912750695,FALSE,TRUE,36
"2.2.2.2.2.2.2.2.2.2.2.2.2.2.1.2.2.2.2.2.2.2",0.545272817286026,FALSE,TRUE,34
"2.2.2.2.2.2.2.2.2.2.2.2.2.2.2.1.2.2.2.2.2.2",0.418309421544235,FALSE,TRUE,35
"2.2.2.2.2.2.2.2.2.2.2.2.2.2.2.2.1.2.2.2.2.2",0.378397890496448,FALSE,TRUE,35
"2.2.2.2.2.2.2.2.2.2.2.2.2.2.2.2.2.1.2.2.2.2",0.448099778145795,FALSE,TRUE,35
"2.2.2.2.2.2.2.2.2.2.2.2.2.2.2.2.2.2.1.2.2.2",0.45616407483374,FALSE,TRUE,35
"2.2.2.2.2.2.2.2.2.2.2.2.2.2.2.2.2.2.2.1.2.2",0.368291449774099,FALSE,TRUE,31
"2.2.2.2.2.2.2.2.2.2.2.2.2.2.2.2.2.2.2.2.1.2",0.573667586838742,FALSE,TRUE,33
"2.2.2.2.2.2.2.2.2.2.2.2.2.2.2.2.2.2.2.2.2.1",0.405564789103635,FALSE,TRUE,34
"3.2.2.2.2.2.2.2.3.2.2.2.2.2.2.2.2.2.2.2.2.2",0.397451894106507,FALSE,TRUE,39
"2.3.2.2.2.2.2.2.3.2.2.2.2.2.2.2.2.2.2.2.2.2",0.502062957300151,FALSE,TRUE,37
"2.2.3.2.2.2.2.2.3.2.2.2.2.2.2.2.2.2.2.2.2.2",0.517960395939238,FALSE,TRUE,39
"2.2.2.2.3.2.2.2.3.2.2.2.2.2.2.2.2.2.2.2.2.2",0.43608088759751,FALSE,TRUE,38
"2.2.2.2.2.3.2.2.3.2.2.2.2.2.2.2.2.2.2.2.2.2",0.554724899188378,FALSE,TRUE,39
"2.2.2.2.2.2.3.2.3.2.2.2.2.2.2.2.2.2.2.2.2.2",0.39962604083181,FALSE,TRUE,36
"2.2.2.2.2.2.2.3.3.2.2.2.2.2.2.2.2.2.2.2.2.2",0.439433744601358,FALSE,TRUE,38
"2.2.2.2.2.2.2.2.4.2.2.2.2.2.2.2.2.2.2.2.2.2",0.32888655225268,FALSE,TRUE,40
"2.2.2.2.2.2.2.2.3.3.2.2.2.2.2.2.2.2.2.2.2.2",0.346828387910759,FALSE,TRUE,38
"2.2.2.2.2.2.2.2.3.2.3.2.2.2.2.2.2.2.2.2.2.2",0.480495406615482,FALSE,TRUE,37
"2.2.2.2.2.2.2.2.3.2.2.3.2.2.2.2.2.2.2.2.2.2",0.390010831345671,FALSE,TRUE,40
"2.2.2.2.2.2.2.2.3.2.2.2.3.2.2.2.2.2.2.2.2.2",0.415445179699224,FALSE,TRUE,38
"2.2.2.2.2.2.2.2.3.2.2.2.2.3.2.2.2.2.2.2.2.2",0.657701445881624,FALSE,TRUE,38
"2.2.2.2.2.2.2.2.3.2.2.2.2.2.3.2.2.2.2.2.2.2",0.467372732672372,FALSE,TRUE,40
"2.2.2.2.2.2.2.2.3.2.2.2.2.2.2.3.2.2.2.2.2.2",0.538498560953478,FALSE,TRUE,37
"2.2.2.2.2.2.2.2.3.2.2.2.2.2.2.2.3.2.2.2.2.2",0.513172041576775,FALSE,TRUE,39
"2.2.2.2.2.2.2.2.3.2.2.2.2.2.2.2.2.3.2.2.2.2",0.522969055081974,FALSE,TRUE,39
"2.2.2.2.2.2.2.2.3.2.2.2.2.2.2.2.2.2.3.2.2.2",0.472065280960023,FALSE,TRUE,39
"2.2.2.2.2.2.2.2.3.2.2.2.2.2.2.2.2.2.2.3.2.2",0.447988200852288,FALSE,TRUE,39
"2.2.2.2.2.2.2.2.3.2.2.2.2.2.2.2.2.2.2.2.3.2",0.35676721098467,FALSE,TRUE,39
"2.2.2.2.2.2.2.2.3.2.2.2.2.2.2.2.2.2.2.2.2.3",0.437133189703934,FALSE,TRUE,39
"1.2.2.2.2.2.2.2.3.2.2.2.2.2.2.2.2.2.2.2.2.2",0.491587294816835,FALSE,TRUE,37
"2.1.2.2.2.2.2.2.3.2.2.2.2.2.2.2.2.2.2.2.2.2",0.416713871503915,FALSE,TRUE,37
"2.2.1.2.2.2.2.2.3.2.2.2.2.2.2.2.2.2.2.2.2.2",0.362217959713989,FALSE,TRUE,38
"2.2.2.1.2.2.2.2.3.2.2.2.2.2.2.2.2.2.2.2.2.2",0.463079689055992,FALSE,TRUE,38
"2.2.2.2.1.2.2.2.3.2.2.2.2.2.2.2.2.2.2.2.2.2",0.440485486493448,FALSE,TRUE,38
"2.2.2.2.2.1.2.2.3.2.2.2.2.2.2.2.2.2.2.2.2.2",0.356288031656942,FALSE,TRUE,38
"2.2.2.2.2.2.1.2.3.2.2.2.2.2.2.2.2.2.2.2.2.2",0.460192109409594,FALSE,TRUE,38
"2.2.2.2.2.2.2.1.3.2.2.2.2.2.2.2.2.2.2.2.2.2",0.439112181213386,FALSE,TRUE,38
"2.2.2.2.2.2.2.2.3.1.2.2.2.2.2.2.2.2.2.2.2.2",0.480021924243056,FALSE,TRUE,38
"2.2.2.2.2.2.2.2.3.2.1.2.2.2.2.2.2.2.2.2.2.2",0.437151596000565,FALSE,TRUE,38
"2.2.2.2.2.2.2.2.3.2.2.2.1.2.2.2.2.2.2.2.2.2",0.320897650977527,FALSE,TRUE,38
"2.2.2.2.2.2.2.2.3.2.2.2.2.1.2.2.2.2.2.2.2.2",0.288783655613313,FALSE,TRUE,38
"2.2.2.2.2.2.2.2.3.2.2.2.2.2.2.1.2.2.2.2.2.2",0.373894831259316,FALSE,TRUE,38
"2.2.2.2.2.2.2.2.3.2.2.2.2.2.2.2.1.2.2.2.2.2",0.355950283154975,FALSE,TRUE,38
"2.2.2.2.2.2.2.2.3.2.2.2.2.2.2.2.2.1.2.2.2.2",0.440444618743038,FALSE,TRUE,37
"2.2.2.2.2.2.2.2.3.2.2.2.2.2.2.2.2.2.1.2.2.2",0.43397082724515,FALSE,TRUE,38
"2.2.2.2.2.2.2.2.3.2.2.2.2.2.2.2.2.2.2.1.2.2",0.394338853627208,FALSE,TRUE,37
"2.2.2.2.2.2.2.2.3.2.2.2.2.2.2.2.2.2.2.2.1.2",0.511652999963853,FALSE,TRUE,37
"2.2.2.2.2.2.2.2.3.2.2.2.2.2.2.2.2.2.2.2.2.1",0.39693297540384,FALSE,TRUE,38
"3.2.2.2.2.2.2.2.2.2.3.2.2.2.2.2.2.2.2.2.2.2",0.554443634123658,FALSE,TRUE,40
"2.2.3.2.2.2.2.2.2.2.3.2.2.2.2.2.2.2.2.2.2.2",0.562370226532495,FALSE,TRUE,40
"2.2.2.3.2.2.2.2.2.2.3.2.2.2.2.2.2.2.2.2.2.2",0.571711673562998,FALSE,TRUE,40
"2.2.2.2.3.2.2.2.2.2.3.2.2.2.2.2.2.2.2.2.2.2",0.473417770190091,FALSE,TRUE,40
"2.2.2.2.2.3.2.2.2.2.3.2.2.2.2.2.2.2.2.2.2.2",0.678735555464035,FALSE,TRUE,40
"2.2.2.2.2.2.3.2.2.2.3.2.2.2.2.2.2.2.2.2.2.2",0.5812421048163,FALSE,TRUE,37
"2.2.2.2.2.2.2.3.2.2.3.2.2.2.2.2.2.2.2.2.2.2",0.589290570349536,FALSE,TRUE,40
"2.2.2.2.2.2.2.2.2.3.3.2.2.2.2.2.2.2.2.2.2.2",0.427397326916252,FALSE,TRUE,40
"2.2.2.2.2.2.2.2.2.2.4.2.2.2.2.2.2.2.2.2.2.2",0.544477025953056,FALSE,TRUE,40
"2.2.2.2.2.2.2.2.2.2.3.3.2.2.2.2.2.2.2.2.2.2",0.507797763323524,FALSE,TRUE,40
"2.2.2.2.2.2.2.2.2.2.3.2.3.2.2.2.2.2.2.2.2.2",0.616047746901924,FALSE,TRUE,37
"2.2.2.2.2.2.2.2.2.2.3.2.2.3.2.2.2.2.2.2.2.2",0.804507105851438,FALSE,TRUE,39
"2.2.2.2.2.2.2.2.2.2.3.2.2.2.3.2.2.2.2.2.2.2",0.556584665096582,FALSE,TRUE,40
"2.2.2.2.2.2.2.2.2.2.3.2.2.2.2.3.2.2.2.2.2.2",0.631499186413428,FALSE,TRUE,38
"2.2.2.2.2.2.2.2.2.2.3.2.2.2.2.2.3.2.2.2.2.2",0.608061437653697,FALSE,TRUE,40
"2.2.2.2.2.2.2.2.2.2.3.2.2.2.2.2.2.3.2.2.2.2",0.703113502380319,FALSE,TRUE,39
"2.2.2.2.2.2.2.2.2.2.3.2.2.2.2.2.2.2.3.2.2.2",0.561821065268167,FALSE,TRUE,39
"2.2.2.2.2.2.2.2.2.2.3.2.2.2.2.2.2.2.2.3.2.2",0.548353517547765,FALSE,TRUE,40
"2.2.2.2.2.2.2.2.2.2.3.2.2.2.2.2.2.2.2.2.3.2",0.45032315962319,FALSE,TRUE,40
"2.2.2.2.2.2.2.2.2.2.3.2.2.2.2.2.2.2.2.2.2.3",0.656283522247182,FALSE,TRUE,40
"1.2.2.2.2.2.2.2.2.2.3.2.2.2.2.2.2.2.2.2.2.2",0.531646783225537,FALSE,TRUE,38
"2.1.2.2.2.2.2.2.2.2.3.2.2.2.2.2.2.2.2.2.2.2",0.51174637674831,FALSE,TRUE,39
"2.2.1.2.2.2.2.2.2.2.3.2.2.2.2.2.2.2.2.2.2.2",0.519182220272257,FALSE,TRUE,39
"2.2.2.2.1.2.2.2.2.2.3.2.2.2.2.2.2.2.2.2.2.2",0.611218555752386,FALSE,TRUE,39
"2.2.2.2.2.1.2.2.2.2.3.2.2.2.2.2.2.2.2.2.2.2",0.468037192622362,FALSE,TRUE,39
"2.2.2.2.2.2.1.2.2.2.3.2.2.2.2.2.2.2.2.2.2.2",0.482127667423099,FALSE,TRUE,39
"2.2.2.2.2.2.2.1.2.2.3.2.2.2.2.2.2.2.2.2.2.2",0.521034801924014,FALSE,TRUE,39
"2.2.2.2.2.2.2.2.1.2.3.2.2.2.2.2.2.2.2.2.2.2",0.567278285419468,FALSE,TRUE,39
"2.2.2.2.2.2.2.2.2.1.3.2.2.2.2.2.2.2.2.2.2.2",0.57585487986965,FALSE,TRUE,39
"2.2.2.2.2.2.2.2.2.2.3.1.2.2.2.2.2.2.2.2.2.2",0.635301461253185,FALSE,TRUE,38
"2.2.2.2.2.2.2.2.2.2.3.2.1.2.2.2.2.2.2.2.2.2",0.352117152266178,FALSE,TRUE,39
"2.2.2.2.2.2.2.2.2.2.3.2.2.1.2.2.2.2.2.2.2.2",0.303468835968698,FALSE,TRUE,39
"2.2.2.2.2.2.2.2.2.2.3.2.2.2.1.2.2.2.2.2.2.2",0.567250450218004,FALSE,TRUE,38
"2.2.2.2.2.2.2.2.2.2.3.2.2.2.2.1.2.2.2.2.2.2",0.460611560026442,FALSE,TRUE,39
"2.2.2.2.2.2.2.2.2.2.3.2.2.2.2.2.1.2.2.2.2.2",0.407802751413797,FALSE,TRUE,39
"2.2.2.2.2.2.2.2.2.2.3.2.2.2.2.2.2.1.2.2.2.2",0.441784905923626,FALSE,TRUE,39
"2.2.2.2.2.2.2.2.2.2.3.2.2.2.2.2.2.2.1.2.2.2",0.516365614528872,FALSE,TRUE,39
"2.2.2.2.2.2.2.2.2.2.3.2.2.2.2.2.2.2.2.1.2.2",0.462656949231815,FALSE,TRUE,38
"2.2.2.2.2.2.2.2.2.2.3.2.2.2.2.2.2.2.2.2.1.2",0.62047718996598,FALSE,TRUE,39
"2.2.2.2.2.2.2.2.2.2.3.2.2.2.2.2.2.2.2.2.2.1",0.404619719186141,FALSE,TRUE,38
"3.2.2.3.2.2.2.2.3.2.2.2.2.2.2.2.2.2.2.2.2.2",0.338294887782721,FALSE,TRUE,39
"2.2.3.3.2.2.2.2.3.2.2.2.2.2.2.2.2.2.2.2.2.2",0.54350601616754,FALSE,TRUE,39
"2.2.2.4.2.2.2.2.3.2.2.2.2.2.2.2.2.2.2.2.2.2",0.428234068568865,FALSE,TRUE,40
"2.2.2.3.2.3.2.2.3.2.2.2.2.2.2.2.2.2.2.2.2.2",0.532822058417709,FALSE,TRUE,39
"2.2.2.3.2.2.3.2.3.2.2.2.2.2.2.2.2.2.2.2.2.2",0.331412554732684,FALSE,TRUE,38
"2.2.2.3.2.2.2.3.3.2.2.2.2.2.2.2.2.2.2.2.2.2",0.39336516566353,FALSE,TRUE,39
"2.2.2.3.2.2.2.2.4.2.2.2.2.2.2.2.2.2.2.2.2.2",0.327608720735544,FALSE,TRUE,39
"2.2.2.3.2.2.2.2.3.3.2.2.2.2.2.2.2.2.2.2.2.2",0.312483056916981,FALSE,TRUE,39
"2.2.2.3.2.2.2.2.3.2.3.2.2.2.2.2.2.2.2.2.2.2",0.474531591046205,FALSE,TRUE,38
"2.2.2.3.2.2.2.2.3.2.2.3.2.2.2.2.2.2.2.2.2.2",0.36477337282089,FALSE,TRUE,38
"2.2.2.3.2.2.2.2.3.2.2.2.3.2.2.2.2.2.2.2.2.2",0.385273649032969,FALSE,TRUE,38
"2.2.2.3.2.2.2.2.3.2.2.2.2.3.2.2.2.2.2.2.2.2",0.574010490126482,FALSE,TRUE,39
"2.2.2.3.2.2.2.2.3.2.2.2.2.2.3.2.2.2.2.2.2.2",0.427974802625569,FALSE,TRUE,39
"2.2.2.3.2.2.2.2.3.2.2.2.2.2.2.3.2.2.2.2.2.2",0.498722848829413,FALSE,TRUE,39
"2.2.2.3.2.2.2.2.3.2.2.2.2.2.2.2.3.2.2.2.2.2",0.460134159378064,FALSE,TRUE,39
"2.2.2.3.2.2.2.2.3.2.2.2.2.2.2.2.2.3.2.2.2.2",0.449048526144311,FALSE,TRUE,39
"2.2.2.3.2.2.2.2.3.2.2.2.2.2.2.2.2.2.3.2.2.2",0.455527111412835,FALSE,TRUE,39
"2.2.2.3.2.2.2.2.3.2.2.2.2.2.2.2.2.2.2.3.2.2",0.505906821297462,FALSE,TRUE,39
"2.2.2.3.2.2.2.2.3.2.2.2.2.2.2.2.2.2.2.2.3.2",0.306629870898327,FALSE,TRUE,39
"2.2.2.3.2.2.2.2.3.2.2.2.2.2.2.2.2.2.2.2.2.3",0.393989325782104,FALSE,TRUE,39
"1.2.2.3.2.2.2.2.3.2.2.2.2.2.2.2.2.2.2.2.2.2",0.499625052774098,FALSE,TRUE,38
"2.1.2.3.2.2.2.2.3.2.2.2.2.2.2.2.2.2.2.2.2.2",0.404428282209433,FALSE,TRUE,39
"2.2.1.3.2.2.2.2.3.2.2.2.2.2.2.2.2.2.2.2.2.2",0.302495145467814,FALSE,TRUE,37
"2.2.2.3.1.2.2.2.3.2.2.2.2.2.2.2.2.2.2.2.2.2",0.343638396487129,FALSE,TRUE,39
"2.2.2.3.2.1.2.2.3.2.2.2.2.2.2.2.2.2.2.2.2.2",0.348788632889663,FALSE,TRUE,38
"2.2.2.3.2.2.1.2.3.2.2.2.2.2.2.2.2.2.2.2.2.2",0.506529530702685,FALSE,TRUE,38
"2.2.2.3.2.2.2.1.3.2.2.2.2.2.2.2.2.2.2.2.2.2",0.444971442659081,FALSE,TRUE,38
"2.2.2.3.2.2.2.2.3.1.2.2.2.2.2.2.2.2.2.2.2.2",0.459310401589864,FALSE,TRUE,38
"2.2.2.3.2.2.2.2.3.2.1.2.2.2.2.2.2.2.2.2.2.2",0.390436649835537,FALSE,TRUE,38
"2.2.2.3.2.2.2.2.3.2.2.1.2.2.2.2.2.2.2.2.2.2",0.558344468878067,FALSE,TRUE,38
"2.2.2.3.2.2.2.2.3.2.2.2.1.2.2.2.2.2.2.2.2.2",0.34006216025294,FALSE,TRUE,38
"2.2.2.3.2.2.2.2.3.2.2.2.2.1.2.2.2.2.2.2.2.2",0.349814457917352,FALSE,TRUE,37
"2.2.2.3.2.2.2.2.3.2.2.2.2.2.1.2.2.2.2.2.2.2",0.498369343112234,FALSE,TRUE,37
"2.2.2.3.2.2.2.2.3.2.2.2.2.2.2.1.2.2.2.2.2.2",0.389318601336909,FALSE,TRUE,38
"2.2.2.3.2.2.2.2.3.2.2.2.2.2.2.2.1.2.2.2.2.2",0.367646808418774,FALSE,TRUE,38
"2.2.2.3.2.2.2.2.3.2.2.2.2.2.2.2.2.2.1.2.2.2",0.433955785684527,FALSE,TRUE,38
"2.2.2.3.2.2.2.2.3.2.2.2.2.2.2.2.2.2.2.1.2.2",0.353599976285083,FALSE,TRUE,38
"2.2.2.3.2.2.2.2.3.2.2.2.2.2.2.2.2.2.2.2.1.2",0.540588823366293,FALSE,TRUE,37
"2.2.2.3.2.2.2.2.3.2.2.2.2.2.2.2.2.2.2.2.2.1",0.440612087316488,FALSE,TRUE,38
"3.2.2.3.2.2.2.2.3.2.2.2.2.2.2.2.2.1.2.2.2.2",0.38350350857879,FALSE,TRUE,40
"2.3.2.3.2.2.2.2.3.2.2.2.2.2.2.2.2.1.2.2.2.2",0.474540519291899,FALSE,TRUE,39
"2.2.3.3.2.2.2.2.3.2.2.2.2.2.2.2.2.1.2.2.2.2",0.515873278525578,FALSE,TRUE,40
"2.2.2.4.2.2.2.2.3.2.2.2.2.2.2.2.2.1.2.2.2.2",0.45785712417293,FALSE,TRUE,40
"2.2.2.3.3.2.2.2.3.2.2.2.2.2.2.2.2.1.2.2.2.2",0.503941647943389,FALSE,TRUE,38
"2.2.2.3.2.3.2.2.3.2.2.2.2.2.2.2.2.1.2.2.2.2",0.490879758699976,FALSE,TRUE,40
"2.2.2.3.2.2.3.2.3.2.2.2.2.2.2.2.2.1.2.2.2.2",0.33210800566918,FALSE,TRUE,40
"2.2.2.3.2.2.2.2.4.2.2.2.2.2.2.2.2.1.2.2.2.2",0.343606463300593,FALSE,TRUE,40
"2.2.2.3.2.2.2.2.3.3.2.2.2.2.2.2.2.1.2.2.2.2",0.317302394862003,FALSE,TRUE,39
"2.2.2.3.2.2.2.2.3.2.3.2.2.2.2.2.2.1.2.2.2.2",0.417796964150445,FALSE,TRUE,40
"2.2.2.3.2.2.2.2.3.2.2.3.2.2.2.2.2.1.2.2.2.2",0.398394037312682,FALSE,TRUE,40
"2.2.2.3.2.2.2.2.3.2.2.2.3.2.2.2.2.1.2.2.2.2",0.463806751751751,FALSE,TRUE,40
"2.2.2.3.2.2.2.2.3.2.2.2.2.3.2.2.2.1.2.2.2.2",0.512619822286258,FALSE,TRUE,40
"2.2.2.3.2.2.2.2.3.2.2.2.2.2.3.2.2.1.2.2.2.2",0.441432546827912,FALSE,TRUE,40
"2.2.2.3.2.2.2.2.3.2.2.2.2.2.2.3.2.1.2.2.2.2",0.431038433705594,FALSE,TRUE,40
"2.2.2.3.2.2.2.2.3.2.2.2.2.2.2.2.3.1.2.2.2.2",0.511287034823749,FALSE,TRUE,40
"2.2.2.3.2.2.2.2.3.2.2.2.2.2.2.2.2.1.3.2.2.2",0.446271681361349,FALSE,TRUE,40
"2.2.2.3.2.2.2.2.3.2.2.2.2.2.2.2.2.1.2.3.2.2",0.591708536914785,FALSE,TRUE,40
"2.2.2.3.2.2.2.2.3.2.2.2.2.2.2.2.2.1.2.2.3.2",0.288791857591794,FALSE,TRUE,40
"2.2.2.3.2.2.2.2.3.2.2.2.2.2.2.2.2.1.2.2.2.3",0.421879962925333,FALSE,TRUE,40
"1.2.2.3.2.2.2.2.3.2.2.2.2.2.2.2.2.1.2.2.2.2",0.464031436360544,FALSE,TRUE,39
"2.1.2.3.2.2.2.2.3.2.2.2.2.2.2.2.2.1.2.2.2.2",0.386488798097215,FALSE,TRUE,39
"2.2.1.3.2.2.2.2.3.2.2.2.2.2.2.2.2.1.2.2.2.2",0.284291082715283,FALSE,TRUE,39
"2.2.2.3.1.2.2.2.3.2.2.2.2.2.2.2.2.1.2.2.2.2",0.299131737544552,FALSE,TRUE,39
"2.2.2.3.2.1.2.2.3.2.2.2.2.2.2.2.2.1.2.2.2.2",0.369643694291801,FALSE,TRUE,39
"2.2.2.3.2.2.1.2.3.2.2.2.2.2.2.2.2.1.2.2.2.2",0.493530901802347,FALSE,TRUE,39
"2.2.2.3.2.2.2.1.3.2.2.2.2.2.2.2.2.1.2.2.2.2",0.453966441013613,FALSE,TRUE,40
"2.2.2.3.2.2.2.2.2.2.2.2.2.2.2.2.2.1.2.2.2.2",0.496848405337274,FALSE,TRUE,39
"2.2.2.3.2.2.2.2.3.1.2.2.2.2.2.2.2.1.2.2.2.2",0.448006154278459,FALSE,TRUE,39
"2.2.2.3.2.2.2.2.3.2.1.2.2.2.2.2.2.1.2.2.2.2",0.447608991343444,FALSE,TRUE,39
"2.2.2.3.2.2.2.2.3.2.2.1.2.2.2.2.2.1.2.2.2.2",0.514636714855426,FALSE,TRUE,37
"2.2.2.3.2.2.2.2.3.2.2.2.1.2.2.2.2.1.2.2.2.2",0.239081816628673,FALSE,TRUE,39
"2.2.2.3.2.2.2.2.3.2.2.2.2.1.2.2.2.1.2.2.2.2",0.371313512669851,FALSE,TRUE,39
"2.2.2.3.2.2.2.2.3.2.2.2.2.2.1.2.2.1.2.2.2.2",0.464510766484338,FALSE,TRUE,38
"2.2.2.3.2.2.2.2.3.2.2.2.2.2.2.1.2.1.2.2.2.2",0.436970303442012,FALSE,TRUE,39
"2.2.2.3.2.2.2.2.3.2.2.2.2.2.2.2.1.1.2.2.2.2",0.312131596695878,FALSE,TRUE,39
"2.2.2.3.2.2.2.2.3.2.2.2.2.2.2.2.2.1.1.2.2.2",0.421532225881614,FALSE,TRUE,39
"2.2.2.3.2.2.2.2.3.2.2.2.2.2.2.2.2.1.2.1.2.2",0.239021639765162,FALSE,TRUE,39
"2.2.2.3.2.2.2.2.3.2.2.2.2.2.2.2.2.1.2.2.1.2",0.534607849166186,FALSE,TRUE,38
"2.2.2.3.2.2.2.2.3.2.2.2.2.2.2.2.2.1.2.2.2.1",0.392562319018874,FALSE,TRUE,39
"3.3.2.3.2.2.2.2.3.2.2.2.2.2.2.2.2.2.2.2.2.2",0.369539626180767,FALSE,TRUE,40
"2.4.2.3.2.2.2.2.3.2.2.2.2.2.2.2.2.2.2.2.2.2",0.401400840810447,FALSE,TRUE,42
"2.3.3.3.2.2.2.2.3.2.2.2.2.2.2.2.2.2.2.2.2.2",0.593108995530402,FALSE,TRUE,41
"2.3.2.4.2.2.2.2.3.2.2.2.2.2.2.2.2.2.2.2.2.2",0.409179555804513,FALSE,TRUE,41
"2.3.2.3.3.2.2.2.3.2.2.2.2.2.2.2.2.2.2.2.2.2",0.540401263789274,FALSE,TRUE,39
"2.3.2.3.2.3.2.2.3.2.2.2.2.2.2.2.2.2.2.2.2.2",0.489895519357038,FALSE,TRUE,41
"2.3.2.3.2.2.3.2.3.2.2.2.2.2.2.2.2.2.2.2.2.2",0.318960625354307,FALSE,TRUE,40
"2.3.2.3.2.2.2.3.3.2.2.2.2.2.2.2.2.2.2.2.2.2",0.312932744778797,FALSE,TRUE,40
"2.3.2.3.2.2.2.2.4.2.2.2.2.2.2.2.2.2.2.2.2.2",0.339566024726127,FALSE,TRUE,41
"2.3.2.3.2.2.2.2.3.3.2.2.2.2.2.2.2.2.2.2.2.2",0.40744587766391,FALSE,TRUE,40
"2.3.2.3.2.2.2.2.3.2.3.2.2.2.2.2.2.2.2.2.2.2",0.510322771652337,FALSE,TRUE,39
"2.3.2.3.2.2.2.2.3.2.2.3.2.2.2.2.2.2.2.2.2.2",0.346453846953756,FALSE,TRUE,41
"2.3.2.3.2.2.2.2.3.2.2.2.3.2.2.2.2.2.2.2.2.2",0.405147910212404,FALSE,TRUE,41
"2.3.2.3.2.2.2.2.3.2.2.2.2.3.2.2.2.2.2.2.2.2",0.465303121826926,FALSE,TRUE,41
"2.3.2.3.2.2.2.2.3.2.2.2.2.2.3.2.2.2.2.2.2.2",0.394971241508663,FALSE,TRUE,41
"2.3.2.3.2.2.2.2.3.2.2.2.2.2.2.3.2.2.2.2.2.2",0.505089494021793,FALSE,TRUE,41
"2.3.2.3.2.2.2.2.3.2.2.2.2.2.2.2.3.2.2.2.2.2",0.489955811604776,FALSE,TRUE,41
"2.3.2.3.2.2.2.2.3.2.2.2.2.2.2.2.2.3.2.2.2.2",0.435817810678152,FALSE,TRUE,41
"2.3.2.3.2.2.2.2.3.2.2.2.2.2.2.2.2.2.3.2.2.2",0.497039489256804,FALSE,TRUE,41
"2.3.2.3.2.2.2.2.3.2.2.2.2.2.2.2.2.2.2.3.2.2",0.562132189347891,FALSE,TRUE,41
"2.3.2.3.2.2.2.2.3.2.2.2.2.2.2.2.2.2.2.2.3.2",0.348232524104248,FALSE,TRUE,42
"2.3.2.3.2.2.2.2.3.2.2.2.2.2.2.2.2.2.2.2.2.3",0.374268891721072,FALSE,TRUE,41
"1.3.2.3.2.2.2.2.3.2.2.2.2.2.2.2.2.2.2.2.2.2",0.455566826150941,FALSE,TRUE,40
"2.3.1.3.2.2.2.2.3.2.2.2.2.2.2.2.2.2.2.2.2.2",0.284434917725668,FALSE,TRUE,40
"2.3.2.3.1.2.2.2.3.2.2.2.2.2.2.2.2.2.2.2.2.2",0.29475824119898,FALSE,TRUE,40
"2.3.2.3.2.1.2.2.3.2.2.2.2.2.2.2.2.2.2.2.2.2",0.372462020126021,FALSE,TRUE,39
"2.3.2.3.2.2.1.2.3.2.2.2.2.2.2.2.2.2.2.2.2.2",0.511231439669329,FALSE,TRUE,40
"2.3.2.3.2.2.2.1.3.2.2.2.2.2.2.2.2.2.2.2.2.2",0.527889111511368,FALSE,TRUE,40
"2.3.2.3.2.2.2.2.2.2.2.2.2.2.2.2.2.2.2.2.2.2",0.524423359260582,FALSE,TRUE,36
"2.3.2.3.2.2.2.2.3.1.2.2.2.2.2.2.2.2.2.2.2.2",0.370230402800777,FALSE,TRUE,40
"2.3.2.3.2.2.2.2.3.2.1.2.2.2.2.2.2.2.2.2.2.2",0.349588077039882,FALSE,TRUE,40
"2.3.2.3.2.2.2.2.3.2.2.1.2.2.2.2.2.2.2.2.2.2",0.578270416160959,FALSE,TRUE,38
"2.3.2.3.2.2.2.2.3.2.2.2.1.2.2.2.2.2.2.2.2.2",0.323488707144109,FALSE,TRUE,40
"2.3.2.3.2.2.2.2.3.2.2.2.2.1.2.2.2.2.2.2.2.2",0.434347020478705,FALSE,TRUE,40
"2.3.2.3.2.2.2.2.3.2.2.2.2.2.1.2.2.2.2.2.2.2",0.520692292973274,FALSE,TRUE,39
"2.3.2.3.2.2.2.2.3.2.2.2.2.2.2.1.2.2.2.2.2.2",0.390102771557958,FALSE,TRUE,40
"2.3.2.3.2.2.2.2.3.2.2.2.2.2.2.2.1.2.2.2.2.2",0.345863628921274,FALSE,TRUE,40
"2.3.2.3.2.2.2.2.3.2.2.2.2.2.2.2.2.2.1.2.2.2",0.394555116378421,FALSE,TRUE,40
"2.3.2.3.2.2.2.2.3.2.2.2.2.2.2.2.2.2.2.1.2.2",0.273297873260696,FALSE,TRUE,40
"2.3.2.3.2.2.2.2.3.2.2.2.2.2.2.2.2.2.2.2.2.1",0.463800489110696,FALSE,TRUE,40
"3.2.2.2.2.2.2.2.2.2.2.2.2.1.2.2.2.2.2.2.2.2",0.276557055814917,FALSE,TRUE,41
"2.3.2.2.2.2.2.2.2.2.2.2.2.1.2.2.2.2.2.2.2.2",0.399009102054399,FALSE,TRUE,40
"2.2.3.2.2.2.2.2.2.2.2.2.2.1.2.2.2.2.2.2.2.2",0.363803266479021,FALSE,TRUE,41
"2.2.2.3.2.2.2.2.2.2.2.2.2.1.2.2.2.2.2.2.2.2",0.414464888614477,FALSE,TRUE,40
"2.2.2.2.3.2.2.2.2.2.2.2.2.1.2.2.2.2.2.2.2.2",0.269136661534139,FALSE,TRUE,41
"2.2.2.2.2.3.2.2.2.2.2.2.2.1.2.2.2.2.2.2.2.2",0.459283906268945,FALSE,TRUE,41
"2.2.2.2.2.2.3.2.2.2.2.2.2.1.2.2.2.2.2.2.2.2",0.321665246067163,FALSE,TRUE,39
"2.2.2.2.2.2.2.3.2.2.2.2.2.1.2.2.2.2.2.2.2.2",0.338423806717218,FALSE,TRUE,41
"2.2.2.2.2.2.2.2.2.3.2.2.2.1.2.2.2.2.2.2.2.2",0.165144714669758,FALSE,TRUE,41
"2.2.2.2.2.2.2.2.2.2.2.3.2.1.2.2.2.2.2.2.2.2",0.284530377688212,FALSE,TRUE,41
"2.2.2.2.2.2.2.2.2.2.2.2.3.1.2.2.2.2.2.2.2.2",0.320540482688848,FALSE,TRUE,40
"2.2.2.2.2.2.2.2.2.2.2.2.2.1.3.2.2.2.2.2.2.2",0.390567150326449,FALSE,TRUE,41
"2.2.2.2.2.2.2.2.2.2.2.2.2.1.2.3.2.2.2.2.2.2",0.356255203626763,FALSE,TRUE,39
"2.2.2.2.2.2.2.2.2.2.2.2.2.1.2.2.3.2.2.2.2.2",0.422307035285865,FALSE,TRUE,41
"2.2.2.2.2.2.2.2.2.2.2.2.2.1.2.2.2.3.2.2.2.2",0.358303268389128,FALSE,TRUE,41
"2.2.2.2.2.2.2.2.2.2.2.2.2.1.2.2.2.2.3.2.2.2",0.321963802479293,FALSE,TRUE,41
"2.2.2.2.2.2.2.2.2.2.2.2.2.1.2.2.2.2.2.3.2.2",0.39778460758959,FALSE,TRUE,41
"2.2.2.2.2.2.2.2.2.2.2.2.2.1.2.2.2.2.2.2.3.2",0.154135897193261,FALSE,TRUE,41
"2.2.2.2.2.2.2.2.2.2.2.2.2.1.2.2.2.2.2.2.2.3",0.346368048282833,FALSE,TRUE,41
"1.2.2.2.2.2.2.2.2.2.2.2.2.1.2.2.2.2.2.2.2.2",0.305157722825107,FALSE,TRUE,39
"2.1.2.2.2.2.2.2.2.2.2.2.2.1.2.2.2.2.2.2.2.2",0.22297566117544,FALSE,TRUE,39
"2.2.1.2.2.2.2.2.2.2.2.2.2.1.2.2.2.2.2.2.2.2",0.201758582538924,FALSE,TRUE,40
"2.2.2.1.2.2.2.2.2.2.2.2.2.1.2.2.2.2.2.2.2.2",0.232344657376721,FALSE,TRUE,39
"2.2.2.2.1.2.2.2.2.2.2.2.2.1.2.2.2.2.2.2.2.2",0.307484785670907,FALSE,TRUE,40
"2.2.2.2.2.1.2.2.2.2.2.2.2.1.2.2.2.2.2.2.2.2",0.201276226750513,FALSE,TRUE,40
"2.2.2.2.2.2.1.2.2.2.2.2.2.1.2.2.2.2.2.2.2.2",0.207406251824506,FALSE,TRUE,40
"2.2.2.2.2.2.2.1.2.2.2.2.2.1.2.2.2.2.2.2.2.2",0.263450118530361,FALSE,TRUE,40
"2.2.2.2.2.2.2.2.1.2.2.2.2.1.2.2.2.2.2.2.2.2",0.25710843413754,FALSE,TRUE,40
"2.2.2.2.2.2.2.2.2.1.2.2.2.1.2.2.2.2.2.2.2.2",0.354064233196108,FALSE,TRUE,40
"2.2.2.2.2.2.2.2.2.2.1.2.2.1.2.2.2.2.2.2.2.2",0.278289886783467,FALSE,TRUE,40
"2.2.2.2.2.2.2.2.2.2.2.1.2.1.2.2.2.2.2.2.2.2",0.376169434093573,FALSE,TRUE,39
"2.2.2.2.2.2.2.2.2.2.2.2.1.1.2.2.2.2.2.2.2.2",0.130724341605976,FALSE,TRUE,40
"2.2.2.2.2.2.2.2.2.2.2.2.2.1.1.2.2.2.2.2.2.2",0.282982359519723,FALSE,TRUE,39
"2.2.2.2.2.2.2.2.2.2.2.2.2.1.2.1.2.2.2.2.2.2",0.241224924015462,FALSE,TRUE,40
"2.2.2.2.2.2.2.2.2.2.2.2.2.1.2.2.1.2.2.2.2.2",0.154529187242085,FALSE,TRUE,40
"2.2.2.2.2.2.2.2.2.2.2.2.2.1.2.2.2.1.2.2.2.2",0.283788672785438,FALSE,TRUE,40
"2.2.2.2.2.2.2.2.2.2.2.2.2.1.2.2.2.2.1.2.2.2",0.27129809771055,FALSE,TRUE,40
"2.2.2.2.2.2.2.2.2.2.2.2.2.1.2.2.2.2.2.1.2.2",0.180459393403989,FALSE,TRUE,39
"2.2.2.2.2.2.2.2.2.2.2.2.2.1.2.2.2.2.2.2.1.2",0.413596593883235,FALSE,TRUE,40
"2.2.2.2.2.2.2.2.2.2.2.2.2.1.2.2.2.2.2.2.2.1",0.189647745568112,FALSE,TRUE,40
"3.2.2.2.2.2.3.2.2.2.2.2.2.2.2.2.2.2.2.2.2.2",0.406880238437916,FALSE,TRUE,38
"2.3.2.2.2.2.3.2.2.2.2.2.2.2.2.2.2.2.2.2.2.2",0.518358106123245,FALSE,TRUE,36
"2.2.3.2.2.2.3.2.2.2.2.2.2.2.2.2.2.2.2.2.2.2",0.625777784932507,FALSE,TRUE,39
"2.2.2.3.2.2.3.2.2.2.2.2.2.2.2.2.2.2.2.2.2.2",0.447031073672854,FALSE,TRUE,36
"2.2.2.2.3.2.3.2.2.2.2.2.2.2.2.2.2.2.2.2.2.2",0.51541952318773,FALSE,TRUE,39
"2.2.2.2.2.3.3.2.2.2.2.2.2.2.2.2.2.2.2.2.2.2",0.623536721091386,FALSE,TRUE,39
"2.2.2.2.2.2.4.2.2.2.2.2.2.2.2.2.2.2.2.2.2.2",0.38228695434918,FALSE,TRUE,40
"2.2.2.2.2.2.3.3.2.2.2.2.2.2.2.2.2.2.2.2.2.2",0.525429113502921,FALSE,TRUE,39
"2.2.2.2.2.2.3.2.2.3.2.2.2.2.2.2.2.2.2.2.2.2",0.424780478033603,FALSE,TRUE,39
"2.2.2.2.2.2.3.2.2.2.2.3.2.2.2.2.2.2.2.2.2.2",0.408590194675295,FALSE,TRUE,39
"2.2.2.2.2.2.3.2.2.2.2.2.3.2.2.2.2.2.2.2.2.2",0.548070545753781,FALSE,TRUE,38
"2.2.2.2.2.2.3.2.2.2.2.2.2.2.3.2.2.2.2.2.2.2",0.440350778754933,FALSE,TRUE,39
"2.2.2.2.2.2.3.2.2.2.2.2.2.2.2.2.3.2.2.2.2.2",0.481964851300512,FALSE,TRUE,39
"2.2.2.2.2.2.3.2.2.2.2.2.2.2.2.2.2.3.2.2.2.2",0.576290893500445,FALSE,TRUE,39
"2.2.2.2.2.2.3.2.2.2.2.2.2.2.2.2.2.2.3.2.2.2",0.556315496363471,FALSE,TRUE,39
"2.2.2.2.2.2.3.2.2.2.2.2.2.2.2.2.2.2.2.3.2.2",0.477318538051771,FALSE,TRUE,40
"2.2.2.2.2.2.3.2.2.2.2.2.2.2.2.2.2.2.2.2.3.2",0.36596234108968,FALSE,TRUE,39
"2.2.2.2.2.2.3.2.2.2.2.2.2.2.2.2.2.2.2.2.2.3",0.539713922129407,FALSE,TRUE,39
"1.2.2.2.2.2.3.2.2.2.2.2.2.2.2.2.2.2.2.2.2.2",0.546252457900042,FALSE,TRUE,38
"2.1.2.2.2.2.3.2.2.2.2.2.2.2.2.2.2.2.2.2.2.2",0.502534016564783,FALSE,TRUE,36
"2.2.1.2.2.2.3.2.2.2.2.2.2.2.2.2.2.2.2.2.2.2",0.380994556568308,FALSE,TRUE,38
"2.2.2.1.2.2.3.2.2.2.2.2.2.2.2.2.2.2.2.2.2.2",0.517707562205288,FALSE,TRUE,37
"2.2.2.2.1.2.3.2.2.2.2.2.2.2.2.2.2.2.2.2.2.2",0.440902018645251,FALSE,TRUE,38
"2.2.2.2.2.1.3.2.2.2.2.2.2.2.2.2.2.2.2.2.2.2",0.398130672959197,FALSE,TRUE,38
"2.2.2.2.2.2.3.1.2.2.2.2.2.2.2.2.2.2.2.2.2.2",0.479112712186486,FALSE,TRUE,38
"2.2.2.2.2.2.3.2.1.2.2.2.2.2.2.2.2.2.2.2.2.2",0.55191123625828,FALSE,TRUE,38
"2.2.2.2.2.2.3.2.2.1.2.2.2.2.2.2.2.2.2.2.2.2",0.454015131711791,FALSE,TRUE,38
"2.2.2.2.2.2.3.2.2.2.1.2.2.2.2.2.2.2.2.2.2.2",0.405029591199546,FALSE,TRUE,38
"2.2.2.2.2.2.3.2.2.2.2.1.2.2.2.2.2.2.2.2.2.2",0.619322660240558,FALSE,TRUE,37
"2.2.2.2.2.2.3.2.2.2.2.2.1.2.2.2.2.2.2.2.2.2",0.291487887311589,FALSE,TRUE,38
"2.2.2.2.2.2.3.2.2.2.2.2.2.2.1.2.2.2.2.2.2.2",0.569144921618921,FALSE,TRUE,37
"2.2.2.2.2.2.3.2.2.2.2.2.2.2.2.1.2.2.2.2.2.2",0.365867558233732,FALSE,TRUE,39
"2.2.2.2.2.2.3.2.2.2.2.2.2.2.2.2.1.2.2.2.2.2",0.41659423492771,FALSE,TRUE,38
"2.2.2.2.2.2.3.2.2.2.2.2.2.2.2.2.2.1.2.2.2.2",0.432032156479375,FALSE,TRUE,38
"2.2.2.2.2.2.3.2.2.2.2.2.2.2.2.2.2.2.1.2.2.2",0.428938080170441,FALSE,TRUE,38
"2.2.2.2.2.2.3.2.2.2.2.2.2.2.2.2.2.2.2.2.1.2",0.598026273539244,FALSE,TRUE,36
"2.2.2.2.2.2.3.2.2.2.2.2.2.2.2.2.2.2.2.2.2.1",0.42260749144404,FALSE,TRUE,38
"3.2.2.2.2.2.3.2.2.2.2.2.2.2.2.2.2.2.2.1.2.2",0.330321719961194,FALSE,TRUE,38
"2.3.2.2.2.2.3.2.2.2.2.2.2.2.2.2.2.2.2.1.2.2",0.328503186517692,FALSE,TRUE,38
"2.2.3.2.2.2.3.2.2.2.2.2.2.2.2.2.2.2.2.1.2.2",0.486148128469032,FALSE,TRUE,38
"2.2.2.3.2.2.3.2.2.2.2.2.2.2.2.2.2.2.2.1.2.2",0.329766512358443,FALSE,TRUE,38
"2.2.2.2.3.2.3.2.2.2.2.2.2.2.2.2.2.2.2.1.2.2",0.391411868281326,FALSE,TRUE,38
"2.2.2.2.2.3.3.2.2.2.2.2.2.2.2.2.2.2.2.1.2.2",0.477290518341129,FALSE,TRUE,38
"2.2.2.2.2.2.4.2.2.2.2.2.2.2.2.2.2.2.2.1.2.2",0.28506382666191,FALSE,TRUE,38
"2.2.2.2.2.2.3.3.2.2.2.2.2.2.2.2.2.2.2.1.2.2",0.351384986149675,FALSE,TRUE,38
"2.2.2.2.2.2.3.2.3.2.2.2.2.2.2.2.2.2.2.1.2.2",0.328960991273534,FALSE,TRUE,37
"2.2.2.2.2.2.3.2.2.2.3.2.2.2.2.2.2.2.2.1.2.2",0.474659722184731,FALSE,TRUE,36
"2.2.2.2.2.2.3.2.2.2.2.3.2.2.2.2.2.2.2.1.2.2",0.256148900860395,FALSE,TRUE,38
"2.2.2.2.2.2.3.2.2.2.2.2.3.2.2.2.2.2.2.1.2.2",0.557016342062282,FALSE,TRUE,37
"2.2.2.2.2.2.3.2.2.2.2.2.2.3.2.2.2.2.2.1.2.2",0.547122700841641,FALSE,TRUE,38
"2.2.2.2.2.2.3.2.2.2.2.2.2.2.3.2.2.2.2.1.2.2",0.276216705562648,FALSE,TRUE,38
"2.2.2.2.2.2.3.2.2.2.2.2.2.2.2.3.2.2.2.1.2.2",0.514272144803919,FALSE,TRUE,37
"2.2.2.2.2.2.3.2.2.2.2.2.2.2.2.2.3.2.2.1.2.2",0.378781515924483,FALSE,TRUE,38
"2.2.2.2.2.2.3.2.2.2.2.2.2.2.2.2.2.3.2.1.2.2",0.504772673798532,FALSE,TRUE,37
"2.2.2.2.2.2.3.2.2.2.2.2.2.2.2.2.2.2.3.1.2.2",0.460932651067704,FALSE,TRUE,38
"2.2.2.2.2.2.3.2.2.2.2.2.2.2.2.2.2.2.2.1.3.2",0.231334639635051,FALSE,TRUE,38
"2.2.2.2.2.2.3.2.2.2.2.2.2.2.2.2.2.2.2.1.2.3",0.42913311194334,FALSE,TRUE,39
"2.1.2.2.2.2.3.2.2.2.2.2.2.2.2.2.2.2.2.1.2.2",0.396589704715889,FALSE,TRUE,37
"2.2.1.2.2.2.3.2.2.2.2.2.2.2.2.2.2.2.2.1.2.2",0.223185684210678,FALSE,TRUE,36
"2.2.2.1.2.2.3.2.2.2.2.2.2.2.2.2.2.2.2.1.2.2",0.370239207355368,FALSE,TRUE,35
"2.2.2.2.1.2.3.2.2.2.2.2.2.2.2.2.2.2.2.1.2.2",0.265702823692893,FALSE,TRUE,37
"2.2.2.2.2.1.3.2.2.2.2.2.2.2.2.2.2.2.2.1.2.2",0.24682545603782,FALSE,TRUE,37
"2.2.2.2.2.2.3.1.2.2.2.2.2.2.2.2.2.2.2.1.2.2",0.34948810541552,FALSE,TRUE,37
"2.2.2.2.2.2.3.2.1.2.2.2.2.2.2.2.2.2.2.1.2.2",0.319232849561604,FALSE,TRUE,37
"2.2.2.2.2.2.3.2.2.1.2.2.2.2.2.2.2.2.2.1.2.2",0.205407062098482,FALSE,TRUE,38
"2.2.2.2.2.2.3.2.2.2.1.2.2.2.2.2.2.2.2.1.2.2",0.209291669066897,FALSE,TRUE,37
"2.2.2.2.2.2.3.2.2.2.2.1.2.2.2.2.2.2.2.1.2.2",0.484410704816197,FALSE,TRUE,37
"2.2.2.2.2.2.3.2.2.2.2.2.1.2.2.2.2.2.2.1.2.2",0.0146294481395485,FALSE,TRUE,37
"2.2.2.2.2.2.3.2.2.2.2.2.2.1.2.2.2.2.2.1.2.2",0.184615148808446,FALSE,TRUE,36
"2.2.2.2.2.2.3.2.2.2.2.2.2.2.1.2.2.2.2.1.2.2",0.463752146100104,FALSE,TRUE,37
"2.2.2.2.2.2.3.2.2.2.2.2.2.2.2.1.2.2.2.1.2.2",0.209613006896445,FALSE,TRUE,37
"2.2.2.2.2.2.3.2.2.2.2.2.2.2.2.2.1.2.2.1.2.2",0.287104351898742,FALSE,TRUE,37
"2.2.2.2.2.2.3.2.2.2.2.2.2.2.2.2.2.1.2.1.2.2",0.167669852944308,FALSE,TRUE,37
"2.2.2.2.2.2.3.2.2.2.2.2.2.2.2.2.2.2.1.1.2.2",0.258412260511628,FALSE,TRUE,37
"2.2.2.2.2.2.3.2.2.2.2.2.2.2.2.2.2.2.2.1.1.2",0.43745689725191,FALSE,TRUE,37
"3.2.2.2.2.2.2.2.2.2.2.2.3.2.2.2.2.2.2.2.2.2",0.473723188646012,FALSE,TRUE,41
"2.3.2.2.2.2.2.2.2.2.2.2.3.2.2.2.2.2.2.2.2.2",0.559006802449942,FALSE,TRUE,41
"2.2.3.2.2.2.2.2.2.2.2.2.3.2.2.2.2.2.2.2.2.2",0.504918792322772,FALSE,TRUE,41
"2.2.2.3.2.2.2.2.2.2.2.2.3.2.2.2.2.2.2.2.2.2",0.476652710866701,FALSE,TRUE,40
"2.2.2.2.3.2.2.2.2.2.2.2.3.2.2.2.2.2.2.2.2.2",0.462998080347231,FALSE,TRUE,41
"2.2.2.2.2.3.2.2.2.2.2.2.3.2.2.2.2.2.2.2.2.2",0.630960807494949,FALSE,TRUE,41
"2.2.2.2.2.2.2.3.2.2.2.2.3.2.2.2.2.2.2.2.2.2",0.496053790596685,FALSE,TRUE,41
"2.2.2.2.2.2.2.2.2.3.2.2.3.2.2.2.2.2.2.2.2.2",0.402899174265262,FALSE,TRUE,41
"2.2.2.2.2.2.2.2.2.2.2.3.3.2.2.2.2.2.2.2.2.2",0.412928240774264,FALSE,TRUE,40
"2.2.2.2.2.2.2.2.2.2.2.2.4.2.2.2.2.2.2.2.2.2",0.328177228233348,FALSE,TRUE,42
"2.2.2.2.2.2.2.2.2.2.2.2.3.3.2.2.2.2.2.2.2.2",0.718784152914506,FALSE,TRUE,40
"2.2.2.2.2.2.2.2.2.2.2.2.3.2.3.2.2.2.2.2.2.2",0.520695227164667,FALSE,TRUE,41
"2.2.2.2.2.2.2.2.2.2.2.2.3.2.2.3.2.2.2.2.2.2",0.563903601301469,FALSE,TRUE,39
"2.2.2.2.2.2.2.2.2.2.2.2.3.2.2.2.3.2.2.2.2.2",0.480097362100849,FALSE,TRUE,41
"2.2.2.2.2.2.2.2.2.2.2.2.3.2.2.2.2.3.2.2.2.2",0.51736732178706,FALSE,TRUE,37
"2.2.2.2.2.2.2.2.2.2.2.2.3.2.2.2.2.2.3.2.2.2",0.477927241337738,FALSE,TRUE,41
"2.2.2.2.2.2.2.2.2.2.2.2.3.2.2.2.2.2.2.3.2.2",0.459547158773786,FALSE,TRUE,41
"2.2.2.2.2.2.2.2.2.2.2.2.3.2.2.2.2.2.2.2.3.2",0.429011946631246,FALSE,TRUE,41
"2.2.2.2.2.2.2.2.2.2.2.2.3.2.2.2.2.2.2.2.2.3",0.441116954214172,FALSE,TRUE,41
"1.2.2.2.2.2.2.2.2.2.2.2.3.2.2.2.2.2.2.2.2.2",0.502558752532129,FALSE,TRUE,38
"2.2.1.2.2.2.2.2.2.2.2.2.3.2.2.2.2.2.2.2.2.2",0.45764534562835,FALSE,TRUE,40
"2.2.2.1.2.2.2.2.2.2.2.2.3.2.2.2.2.2.2.2.2.2",0.554584976836317,FALSE,TRUE,38
"2.2.2.2.1.2.2.2.2.2.2.2.3.2.2.2.2.2.2.2.2.2",0.534649800064603,FALSE,TRUE,40
"2.2.2.2.2.1.2.2.2.2.2.2.3.2.2.2.2.2.2.2.2.2",0.388357798143488,FALSE,TRUE,40
"2.2.2.2.2.2.1.2.2.2.2.2.3.2.2.2.2.2.2.2.2.2",0.42049054304608,FALSE,TRUE,40
"2.2.2.2.2.2.2.1.2.2.2.2.3.2.2.2.2.2.2.2.2.2",0.473143687814758,FALSE,TRUE,40
"2.2.2.2.2.2.2.2.1.2.2.2.3.2.2.2.2.2.2.2.2.2",0.531358744349462,FALSE,TRUE,40
"2.2.2.2.2.2.2.2.2.1.2.2.3.2.2.2.2.2.2.2.2.2",0.52040519004814,FALSE,TRUE,39
"2.2.2.2.2.2.2.2.2.2.1.2.3.2.2.2.2.2.2.2.2.2",0.389033083498636,FALSE,TRUE,40
"2.2.2.2.2.2.2.2.2.2.2.1.3.2.2.2.2.2.2.2.2.2",0.642796727394708,FALSE,TRUE,39
"2.2.2.2.2.2.2.2.2.2.2.2.3.2.1.2.2.2.2.2.2.2",0.541960891774788,FALSE,TRUE,39
"2.2.2.2.2.2.2.2.2.2.2.2.3.2.2.1.2.2.2.2.2.2",0.441657807749605,FALSE,TRUE,40
"2.2.2.2.2.2.2.2.2.2.2.2.3.2.2.2.1.2.2.2.2.2",0.479188804294621,FALSE,TRUE,40
"2.2.2.2.2.2.2.2.2.2.2.2.3.2.2.2.2.1.2.2.2.2",0.540415216542198,FALSE,TRUE,40
"2.2.2.2.2.2.2.2.2.2.2.2.3.2.2.2.2.2.1.2.2.2",0.518256397674579,FALSE,TRUE,40
"2.2.2.2.2.2.2.2.2.2.2.2.3.2.2.2.2.2.2.1.2.2",0.522166162311973,FALSE,TRUE,39
"2.2.2.2.2.2.2.2.2.2.2.2.3.2.2.2.2.2.2.2.1.2",0.528837364928889,FALSE,TRUE,40
"2.2.2.2.2.2.2.2.2.2.2.2.3.2.2.2.2.2.2.2.2.1",0.512325425466008,FALSE,TRUE,37
"3.3.2.3.2.2.2.2.3.2.2.2.2.2.2.2.2.2.2.2.1.2",0.477909457604463,FALSE,TRUE,40
"2.4.2.3.2.2.2.2.3.2.2.2.2.2.2.2.2.2.2.2.1.2",0.376565274995466,FALSE,TRUE,40
"2.3.3.3.2.2.2.2.3.2.2.2.2.2.2.2.2.2.2.2.1.2",0.583528095038973,FALSE,TRUE,40
"2.3.2.4.2.2.2.2.3.2.2.2.2.2.2.2.2.2.2.2.1.2",0.439947613622606,FALSE,TRUE,40
"2.3.2.3.3.2.2.2.3.2.2.2.2.2.2.2.2.2.2.2.1.2",0.584338129488123,FALSE,TRUE,39
"2.3.2.3.2.3.2.2.3.2.2.2.2.2.2.2.2.2.2.2.1.2",0.468344588643815,FALSE,TRUE,40
"2.3.2.3.2.2.3.2.3.2.2.2.2.2.2.2.2.2.2.2.1.2",0.401120626297641,FALSE,TRUE,39
"2.3.2.3.2.2.2.3.3.2.2.2.2.2.2.2.2.2.2.2.1.2",0.263465986992791,FALSE,TRUE,40
"2.3.2.3.2.2.2.2.4.2.2.2.2.2.2.2.2.2.2.2.1.2",0.388146131928696,FALSE,TRUE,41
"2.3.2.3.2.2.2.2.3.3.2.2.2.2.2.2.2.2.2.2.1.2",0.51560689848936,FALSE,TRUE,40
"2.3.2.3.2.2.2.2.3.2.3.2.2.2.2.2.2.2.2.2.1.2",0.527739608776965,FALSE,TRUE,40
"2.3.2.3.2.2.2.2.3.2.2.3.2.2.2.2.2.2.2.2.1.2",0.366445776961693,FALSE,TRUE,40
"2.3.2.3.2.2.2.2.3.2.2.2.3.2.2.2.2.2.2.2.1.2",0.396748100866565,FALSE,TRUE,40
"2.3.2.3.2.2.2.2.3.2.2.2.2.3.2.2.2.2.2.2.1.2",0.361773504470964,FALSE,TRUE,40
"2.3.2.3.2.2.2.2.3.2.2.2.2.2.3.2.2.2.2.2.1.2",0.423411535062765,FALSE,TRUE,40
"2.3.2.3.2.2.2.2.3.2.2.2.2.2.2.3.2.2.2.2.1.2",0.432594206367223,FALSE,TRUE,40
"2.3.2.3.2.2.2.2.3.2.2.2.2.2.2.2.3.2.2.2.1.2",0.557033548295459,FALSE,TRUE,40
"2.3.2.3.2.2.2.2.3.2.2.2.2.2.2.2.2.3.2.2.1.2",0.425032320533835,FALSE,TRUE,40
"2.3.2.3.2.2.2.2.3.2.2.2.2.2.2.2.2.2.3.2.1.2",0.495774704535959,FALSE,TRUE,40
"2.3.2.3.2.2.2.2.3.2.2.2.2.2.2.2.2.2.2.3.1.2",0.594701086972096,FALSE,TRUE,40
"2.3.2.3.2.2.2.2.3.2.2.2.2.2.2.2.2.2.2.2.1.3",0.351877221762503,FALSE,TRUE,40
"1.3.2.3.2.2.2.2.3.2.2.2.2.2.2.2.2.2.2.2.1.2",0.37577465794473,FALSE,TRUE,39
"2.3.1.3.2.2.2.2.3.2.2.2.2.2.2.2.2.2.2.2.1.2",0.326072207434482,FALSE,TRUE,39
"2.3.2.2.2.2.2.2.3.2.2.2.2.2.2.2.2.2.2.2.1.2",0.475783481895363,FALSE,TRUE,39
"2.3.2.3.1.2.2.2.3.2.2.2.2.2.2.2.2.2.2.2.1.2",0.288290574953023,FALSE,TRUE,39
"2.3.2.3.2.1.2.2.3.2.2.2.2.2.2.2.2.2.2.2.1.2",0.423811239791422,FALSE,TRUE,39
"2.3.2.3.2.2.1.2.3.2.2.2.2.2.2.2.2.2.2.2.1.2",0.458351010649184,FALSE,TRUE,39
"2.3.2.3.2.2.2.1.3.2.2.2.2.2.2.2.2.2.2.2.1.2",0.625389509595257,FALSE,TRUE,39
"2.3.2.3.2.2.2.2.3.1.2.2.2.2.2.2.2.2.2.2.1.2",0.327664649670659,FALSE,TRUE,38
"2.3.2.3.2.2.2.2.3.2.1.2.2.2.2.2.2.2.2.2.1.2",0.354480872647925,FALSE,TRUE,39
"2.3.2.3.2.2.2.2.3.2.2.1.2.2.2.2.2.2.2.2.1.2",0.590132958830992,FALSE,TRUE,39
"2.3.2.3.2.2.2.2.3.2.2.2.1.2.2.2.2.2.2.2.1.2",0.391681724109171,FALSE,TRUE,39
"2.3.2.3.2.2.2.2.3.2.2.2.2.1.2.2.2.2.2.2.1.2",0.500592077345513,FALSE,TRUE,39
"2.3.2.3.2.2.2.2.3.2.2.2.2.2.1.2.2.2.2.2.1.2",0.489306006650154,FALSE,TRUE,39
"2.3.2.3.2.2.2.2.3.2.2.2.2.2.2.1.2.2.2.2.1.2",0.472604442378723,FALSE,TRUE,39
"2.3.2.3.2.2.2.2.3.2.2.2.2.2.2.2.1.2.2.2.1.2",0.308486790456239,FALSE,TRUE,39
"2.3.2.3.2.2.2.2.3.2.2.2.2.2.2.2.2.1.2.2.1.2",0.491788756741993,FALSE,TRUE,38
"2.3.2.3.2.2.2.2.3.2.2.2.2.2.2.2.2.2.1.2.1.2",0.416647158211219,FALSE,TRUE,39
"2.3.2.3.2.2.2.2.3.2.2.2.2.2.2.2.2.2.2.1.1.2",0.250059795425884,FALSE,TRUE,39
"2.3.2.3.2.2.2.2.3.2.2.2.2.2.2.2.2.2.2.2.1.1",0.497142094968244,FALSE,TRUE,39
"3.2.2.1.2.2.2.2.2.2.3.2.2.2.2.2.2.2.2.2.2.2",0.527161271245561,FALSE,TRUE,38
"2.3.2.1.2.2.2.2.2.2.3.2.2.2.2.2.2.2.2.2.2.2",0.512848980494255,FALSE,TRUE,38
"2.2.3.1.2.2.2.2.2.2.3.2.2.2.2.2.2.2.2.2.2.2",0.45665811376823,FALSE,TRUE,38
"2.2.2.1.3.2.2.2.2.2.3.2.2.2.2.2.2.2.2.2.2.2",0.342134924612113,FALSE,TRUE,38
"2.2.2.1.2.3.2.2.2.2.3.2.2.2.2.2.2.2.2.2.2.2",0.571830368998636,FALSE,TRUE,38
"2.2.2.1.2.2.3.2.2.2.3.2.2.2.2.2.2.2.2.2.2.2",0.54461850104697,FALSE,TRUE,37
"2.2.2.1.2.2.2.3.2.2.3.2.2.2.2.2.2.2.2.2.2.2",0.508031687219518,FALSE,TRUE,38
"2.2.2.1.2.2.2.2.3.2.3.2.2.2.2.2.2.2.2.2.2.2",0.40982545818969,FALSE,TRUE,37
"2.2.2.1.2.2.2.2.2.3.3.2.2.2.2.2.2.2.2.2.2.2",0.401497947102275,FALSE,TRUE,38
"2.2.2.1.2.2.2.2.2.2.4.2.2.2.2.2.2.2.2.2.2.2",0.4480754810431,FALSE,TRUE,38
"2.2.2.1.2.2.2.2.2.2.3.3.2.2.2.2.2.2.2.2.2.2",0.422068110072333,FALSE,TRUE,38
"2.2.2.1.2.2.2.2.2.2.3.2.2.3.2.2.2.2.2.2.2.2",0.70578625199873,FALSE,TRUE,38
"2.2.2.1.2.2.2.2.2.2.3.2.2.2.3.2.2.2.2.2.2.2",0.530456032380324,FALSE,TRUE,38
"2.2.2.1.2.2.2.2.2.2.3.2.2.2.2.3.2.2.2.2.2.2",0.53078659515289,FALSE,TRUE,38
"2.2.2.1.2.2.2.2.2.2.3.2.2.2.2.2.3.2.2.2.2.2",0.613033495487341,FALSE,TRUE,38
"2.2.2.1.2.2.2.2.2.2.3.2.2.2.2.2.2.2.3.2.2.2",0.537415792431639,FALSE,TRUE,38
"2.2.2.1.2.2.2.2.2.2.3.2.2.2.2.2.2.2.2.3.2.2",0.46068241472738,FALSE,TRUE,38
"2.2.2.1.2.2.2.2.2.2.3.2.2.2.2.2.2.2.2.2.3.2",0.376274429476907,FALSE,TRUE,38
"2.2.2.1.2.2.2.2.2.2.3.2.2.2.2.2.2.2.2.2.2.3",0.613335607009011,FALSE,TRUE,38
"1.2.2.1.2.2.2.2.2.2.3.2.2.2.2.2.2.2.2.2.2.2",0.396995525033129,FALSE,TRUE,37
"2.1.2.1.2.2.2.2.2.2.3.2.2.2.2.2.2.2.2.2.2.2",0.425828205161875,FALSE,TRUE,37
"2.2.1.1.2.2.2.2.2.2.3.2.2.2.2.2.2.2.2.2.2.2",0.416987978466904,FALSE,TRUE,36
"2.2.2.1.1.2.2.2.2.2.3.2.2.2.2.2.2.2.2.2.2.2",0.562649925379984,FALSE,TRUE,37
"2.2.2.1.2.1.2.2.2.2.3.2.2.2.2.2.2.2.2.2.2.2",0.383850415799866,FALSE,TRUE,37
"2.2.2.1.2.2.1.2.2.2.3.2.2.2.2.2.2.2.2.2.2.2",0.34475302036954,FALSE,TRUE,37
"2.2.2.1.2.2.2.1.2.2.3.2.2.2.2.2.2.2.2.2.2.2",0.420882261238411,FALSE,TRUE,37
"2.2.2.1.2.2.2.2.1.2.3.2.2.2.2.2.2.2.2.2.2.2",0.47587712554001,FALSE,TRUE,37
"2.2.2.1.2.2.2.2.2.1.3.2.2.2.2.2.2.2.2.2.2.2",0.452009100343406,FALSE,TRUE,37
"2.2.2.1.2.2.2.2.2.2.3.1.2.2.2.2.2.2.2.2.2.2",0.547636747312077,FALSE,TRUE,37
"2.2.2.1.2.2.2.2.2.2.3.2.1.2.2.2.2.2.2.2.2.2",0.223263915024848,FALSE,TRUE,38
"2.2.2.1.2.2.2.2.2.2.3.2.2.1.2.2.2.2.2.2.2.2",0.177818706956312,FALSE,TRUE,36
"2.2.2.1.2.2.2.2.2.2.3.2.2.2.1.2.2.2.2.2.2.2",0.408595618451345,FALSE,TRUE,37
"2.2.2.1.2.2.2.2.2.2.3.2.2.2.2.1.2.2.2.2.2.2",0.366047148486176,FALSE,TRUE,37
"2.2.2.1.2.2.2.2.2.2.3.2.2.2.2.2.1.2.2.2.2.2",0.236072608268409,FALSE,TRUE,37
"2.2.2.1.2.2.2.2.2.2.3.2.2.2.2.2.2.1.2.2.2.2",0.302255299022506,FALSE,TRUE,38
"2.2.2.1.2.2.2.2.2.2.3.2.2.2.2.2.2.2.1.2.2.2",0.372298373701378,FALSE,TRUE,37
"2.2.2.1.2.2.2.2.2.2.3.2.2.2.2.2.2.2.2.2.1.2",0.491164774859736,FALSE,TRUE,37
"2.2.2.1.2.2.2.2.2.2.3.2.2.2.2.2.2.2.2.2.2.1",0.251732645301004,FALSE,TRUE,36
"3.2.2.3.2.2.2.3.3.2.2.2.2.2.2.2.2.1.2.2.2.2",0.336451357876944,FALSE,TRUE,41
"2.3.2.3.2.2.2.3.3.2.2.2.2.2.2.2.2.1.2.2.2.2",0.284500006863985,FALSE,TRUE,40
"2.2.3.3.2.2.2.3.3.2.2.2.2.2.2.2.2.1.2.2.2.2",0.42769749609781,FALSE,TRUE,41
"2.2.2.4.2.2.2.3.3.2.2.2.2.2.2.2.2.1.2.2.2.2",0.325455958872083,FALSE,TRUE,41
"2.2.2.3.3.2.2.3.3.2.2.2.2.2.2.2.2.1.2.2.2.2",0.397573929046894,FALSE,TRUE,40
"2.2.2.3.2.3.2.3.3.2.2.2.2.2.2.2.2.1.2.2.2.2",0.329365512430787,FALSE,TRUE,41
"2.2.2.3.2.2.3.3.3.2.2.2.2.2.2.2.2.1.2.2.2.2",0.234776302847898,FALSE,TRUE,41
"2.2.2.3.2.2.2.4.3.2.2.2.2.2.2.2.2.1.2.2.2.2",0.132516078543283,FALSE,TRUE,42
"2.2.2.3.2.2.2.3.4.2.2.2.2.2.2.2.2.1.2.2.2.2",0.226435232544747,FALSE,TRUE,41
"2.2.2.3.2.2.2.3.3.3.2.2.2.2.2.2.2.1.2.2.2.2",0.302563835897034,FALSE,TRUE,41
"2.2.2.3.2.2.2.3.3.2.3.2.2.2.2.2.2.1.2.2.2.2",0.337208515018732,FALSE,TRUE,41
"2.2.2.3.2.2.2.3.3.2.2.3.2.2.2.2.2.1.2.2.2.2",0.261258749713527,FALSE,TRUE,41
"2.2.2.3.2.2.2.3.3.2.2.2.3.2.2.2.2.1.2.2.2.2",0.357484721312295,FALSE,TRUE,41
"2.2.2.3.2.2.2.3.3.2.2.2.2.3.2.2.2.1.2.2.2.2",0.327419689640772,FALSE,TRUE,41
"2.2.2.3.2.2.2.3.3.2.2.2.2.2.3.2.2.1.2.2.2.2",0.287307773890927,FALSE,TRUE,41
"2.2.2.3.2.2.2.3.3.2.2.2.2.2.2.3.2.1.2.2.2.2",0.3548095252159,FALSE,TRUE,41
"2.2.2.3.2.2.2.3.3.2.2.2.2.2.2.2.3.1.2.2.2.2",0.455122640421102,FALSE,TRUE,41
"2.2.2.3.2.2.2.3.3.2.2.2.2.2.2.2.2.1.3.2.2.2",0.381992170096207,FALSE,TRUE,41
"2.2.2.3.2.2.2.3.3.2.2.2.2.2.2.2.2.1.2.3.2.2",0.529143885841884,FALSE,TRUE,41
"2.2.2.3.2.2.2.3.3.2.2.2.2.2.2.2.2.1.2.2.3.2",0.260844547569589,FALSE,TRUE,41
"2.2.2.3.2.2.2.3.3.2.2.2.2.2.2.2.2.1.2.2.2.3",0.309530268580524,FALSE,TRUE,41
"1.2.2.3.2.2.2.3.3.2.2.2.2.2.2.2.2.1.2.2.2.2",0.301486380011297,FALSE,TRUE,40
"2.1.2.3.2.2.2.3.3.2.2.2.2.2.2.2.2.1.2.2.2.2",0.362606792797144,FALSE,TRUE,40
"2.2.1.3.2.2.2.3.3.2.2.2.2.2.2.2.2.1.2.2.2.2",0.201007051074603,FALSE,TRUE,40
"2.2.2.2.2.2.2.3.3.2.2.2.2.2.2.2.2.1.2.2.2.2",0.366282975784662,FALSE,TRUE,40
"2.2.2.3.1.2.2.3.3.2.2.2.2.2.2.2.2.1.2.2.2.2",0.192039363209711,FALSE,TRUE,40
"2.2.2.3.2.1.2.3.3.2.2.2.2.2.2.2.2.1.2.2.2.2",0.302435098898048,FALSE,TRUE,40
"2.2.2.3.2.2.1.3.3.2.2.2.2.2.2.2.2.1.2.2.2.2",0.374689174778108,FALSE,TRUE,40
"2.2.2.3.2.2.2.3.2.2.2.2.2.2.2.2.2.1.2.2.2.2",0.403510520181359,FALSE,TRUE,41
"2.2.2.3.2.2.2.3.3.1.2.2.2.2.2.2.2.1.2.2.2.2",0.26098167225563,FALSE,TRUE,40
"2.2.2.3.2.2.2.3.3.2.1.2.2.2.2.2.2.1.2.2.2.2",0.306708478432966,FALSE,TRUE,40
"2.2.2.3.2.2.2.3.3.2.2.1.2.2.2.2.2.1.2.2.2.2",0.444711323109411,FALSE,TRUE,40
"2.2.2.3.2.2.2.3.3.2.2.2.1.2.2.2.2.1.2.2.2.2",0.159465957888184,FALSE,TRUE,40
"2.2.2.3.2.2.2.3.3.2.2.2.2.1.2.2.2.1.2.2.2.2",0.345545630981398,FALSE,TRUE,40
"2.2.2.3.2.2.2.3.3.2.2.2.2.2.1.2.2.1.2.2.2.2",0.406709032201038,FALSE,TRUE,40
"2.2.2.3.2.2.2.3.3.2.2.2.2.2.2.1.2.1.2.2.2.2",0.318403194177467,FALSE,TRUE,40
"2.2.2.3.2.2.2.3.3.2.2.2.2.2.2.2.1.1.2.2.2.2",0.196584384028491,FALSE,TRUE,40
"2.2.2.3.2.2.2.3.3.2.2.2.2.2.2.2.2.1.1.2.2.2",0.286383198325102,FALSE,TRUE,40
"2.2.2.3.2.2.2.3.3.2.2.2.2.2.2.2.2.1.2.1.2.2",0.102392684770857,FALSE,TRUE,40
"2.2.2.3.2.2.2.3.3.2.2.2.2.2.2.2.2.1.2.2.1.2",0.356121473819389,FALSE,TRUE,40
"2.2.2.3.2.2.2.3.3.2.2.2.2.2.2.2.2.1.2.2.2.1",0.311735145673337,FALSE,TRUE,40
"3.2.2.2.2.2.3.2.2.3.2.2.2.2.2.2.2.2.2.1.2.2",0.313674033015286,FALSE,TRUE,41
"2.3.2.2.2.2.3.2.2.3.2.2.2.2.2.2.2.2.2.1.2.2",0.42205236559616,FALSE,TRUE,41
"2.2.3.2.2.2.3.2.2.3.2.2.2.2.2.2.2.2.2.1.2.2",0.434969056213045,FALSE,TRUE,41
"2.2.2.3.2.2.3.2.2.3.2.2.2.2.2.2.2.2.2.1.2.2",0.337343890964735,FALSE,TRUE,41
"2.2.2.2.3.2.3.2.2.3.2.2.2.2.2.2.2.2.2.1.2.2",0.323826419400586,FALSE,TRUE,41
"2.2.2.2.2.3.3.2.2.3.2.2.2.2.2.2.2.2.2.1.2.2",0.505439689901563,FALSE,TRUE,41
"2.2.2.2.2.2.4.2.2.3.2.2.2.2.2.2.2.2.2.1.2.2",0.301289366118696,FALSE,TRUE,41
"2.2.2.2.2.2.3.3.2.3.2.2.2.2.2.2.2.2.2.1.2.2",0.435167941085237,FALSE,TRUE,41
"2.2.2.2.2.2.3.2.3.3.2.2.2.2.2.2.2.2.2.1.2.2",0.307703844441695,FALSE,TRUE,41
"2.2.2.2.2.2.3.2.2.4.2.2.2.2.2.2.2.2.2.1.2.2",0.270238342588246,FALSE,TRUE,42
"2.2.2.2.2.2.3.2.2.3.3.2.2.2.2.2.2.2.2.1.2.2",0.426681109557166,FALSE,TRUE,41
"2.2.2.2.2.2.3.2.2.3.2.3.2.2.2.2.2.2.2.1.2.2",0.30332354292709,FALSE,TRUE,41
"2.2.2.2.2.2.3.2.2.3.2.2.3.2.2.2.2.2.2.1.2.2",0.485164326061301,FALSE,TRUE,41
"2.2.2.2.2.2.3.2.2.3.2.2.2.3.2.2.2.2.2.1.2.2",0.616952417230987,FALSE,TRUE,40
"2.2.2.2.2.2.3.2.2.3.2.2.2.2.3.2.2.2.2.1.2.2",0.324534254469335,FALSE,TRUE,41
"2.2.2.2.2.2.3.2.2.3.2.2.2.2.2.3.2.2.2.1.2.2",0.506937924108636,FALSE,TRUE,40
"2.2.2.2.2.2.3.2.2.3.2.2.2.2.2.2.3.2.2.1.2.2",0.358382355176156,FALSE,TRUE,41
"2.2.2.2.2.2.3.2.2.3.2.2.2.2.2.2.2.3.2.1.2.2",0.482512172115276,FALSE,TRUE,41
"2.2.2.2.2.2.3.2.2.3.2.2.2.2.2.2.2.2.3.1.2.2",0.441649484526242,FALSE,TRUE,41
"2.2.2.2.2.2.3.2.2.3.2.2.2.2.2.2.2.2.2.1.3.2",0.215776551731739,FALSE,TRUE,41
"2.2.2.2.2.2.3.2.2.3.2.2.2.2.2.2.2.2.2.1.2.3",0.492201083619454,FALSE,TRUE,41
"1.2.2.2.2.2.3.2.2.3.2.2.2.2.2.2.2.2.2.1.2.2",0.397453298087626,FALSE,TRUE,40
"2.1.2.2.2.2.3.2.2.3.2.2.2.2.2.2.2.2.2.1.2.2",0.357272699263264,FALSE,TRUE,40
"2.2.1.2.2.2.3.2.2.3.2.2.2.2.2.2.2.2.2.1.2.2",0.295328912639694,FALSE,TRUE,40
"2.2.2.1.2.2.3.2.2.3.2.2.2.2.2.2.2.2.2.1.2.2",0.371722562199557,FALSE,TRUE,40
"2.2.2.2.1.2.3.2.2.3.2.2.2.2.2.2.2.2.2.1.2.2",0.364948810458051,FALSE,TRUE,40
"2.2.2.2.2.1.3.2.2.3.2.2.2.2.2.2.2.2.2.1.2.2",0.307297719696349,FALSE,TRUE,40
"2.2.2.2.2.2.2.2.2.3.2.2.2.2.2.2.2.2.2.1.2.2",0.408954613830744,FALSE,TRUE,40
"2.2.2.2.2.2.3.1.2.3.2.2.2.2.2.2.2.2.2.1.2.2",0.336292357334861,FALSE,TRUE,40
"2.2.2.2.2.2.3.2.1.3.2.2.2.2.2.2.2.2.2.1.2.2",0.396628041471597,FALSE,TRUE,40
"2.2.2.2.2.2.3.2.2.3.1.2.2.2.2.2.2.2.2.1.2.2",0.313991051823163,FALSE,TRUE,40
"2.2.2.2.2.2.3.2.2.3.2.1.2.2.2.2.2.2.2.1.2.2",0.455687595298155,FALSE,TRUE,40
"2.2.2.2.2.2.3.2.2.3.2.2.1.2.2.2.2.2.2.1.2.2",0.117748104785856,FALSE,TRUE,40
"2.2.2.2.2.2.3.2.2.3.2.2.2.1.2.2.2.2.2.1.2.2",0.166795668013714,FALSE,TRUE,40
"2.2.2.2.2.2.3.2.2.3.2.2.2.2.1.2.2.2.2.1.2.2",0.439888844742255,FALSE,TRUE,40
"2.2.2.2.2.2.3.2.2.3.2.2.2.2.2.1.2.2.2.1.2.2",0.252447069664854,FALSE,TRUE,40
"2.2.2.2.2.2.3.2.2.3.2.2.2.2.2.2.1.2.2.1.2.2",0.297145101453536,FALSE,TRUE,40
"2.2.2.2.2.2.3.2.2.3.2.2.2.2.2.2.2.1.2.1.2.2",0.205946105218716,FALSE,TRUE,40
"2.2.2.2.2.2.3.2.2.3.2.2.2.2.2.2.2.2.1.1.2.2",0.312540533071617,FALSE,TRUE,40
"2.2.2.2.2.2.3.2.2.3.2.2.2.2.2.2.2.2.2.1.1.2",0.52124681404721,FALSE,TRUE,40
"2.2.2.2.2.2.3.2.2.3.2.2.2.2.2.2.2.2.2.1.2.1",0.257345857745211,FALSE,TRUE,40
"2.4.2.3.2.2.2.2.2.2.2.2.2.2.2.2.2.2.2.2.1.2",0.36838866255801,FALSE,TRUE,38
"2.3.3.3.2.2.2.2.2.2.2.2.2.2.2.2.2.2.2.2.1.2",0.628616424539193,FALSE,TRUE,38
"2.3.2.4.2.2.2.2.2.2.2.2.2.2.2.2.2.2.2.2.1.2",0.397724244349656,FALSE,TRUE,38
"2.3.2.3.3.2.2.2.2.2.2.2.2.2.2.2.2.2.2.2.1.2",0.633109570004183,FALSE,TRUE,38
"2.3.2.3.2.3.2.2.2.2.2.2.2.2.2.2.2.2.2.2.1.2",0.521353725632202,FALSE,TRUE,39
"2.3.2.3.2.2.2.3.2.2.2.2.2.2.2.2.2.2.2.2.1.2",0.281965591150263,FALSE,TRUE,38
"2.3.2.3.2.2.2.2.2.3.2.2.2.2.2.2.2.2.2.2.1.2",0.548341713909809,FALSE,TRUE,38
"2.3.2.3.2.2.2.2.2.2.3.2.2.2.2.2.2.2.2.2.1.2",0.584808587669521,FALSE,TRUE,36
"2.3.2.3.2.2.2.2.2.2.2.3.2.2.2.2.2.2.2.2.1.2",0.391661673125707,FALSE,TRUE,38
"2.3.2.3.2.2.2.2.2.2.2.2.3.2.2.2.2.2.2.2.1.2",0.452382722312732,FALSE,TRUE,38
"2.3.2.3.2.2.2.2.2.2.2.2.2.3.2.2.2.2.2.2.1.2",0.385476984146952,FALSE,TRUE,38
"2.3.2.3.2.2.2.2.2.2.2.2.2.2.3.2.2.2.2.2.1.2",0.400088335419825,FALSE,TRUE,38
"2.3.2.3.2.2.2.2.2.2.2.2.2.2.2.3.2.2.2.2.1.2",0.476335634952101,FALSE,TRUE,38
"2.3.2.3.2.2.2.2.2.2.2.2.2.2.2.2.3.2.2.2.1.2",0.54985436995165,FALSE,TRUE,38
"2.3.2.3.2.2.2.2.2.2.2.2.2.2.2.2.2.3.2.2.1.2",0.456867463190831,FALSE,TRUE,38
"2.3.2.3.2.2.2.2.2.2.2.2.2.2.2.2.2.2.3.2.1.2",0.477941372260331,FALSE,TRUE,38
"2.3.2.3.2.2.2.2.2.2.2.2.2.2.2.2.2.2.2.3.1.2",0.619232097775965,FALSE,TRUE,38
"2.3.2.3.2.2.2.2.2.2.2.2.2.2.2.2.2.2.2.2.1.3",0.41136397990559,FALSE,TRUE,38
"1.3.2.3.2.2.2.2.2.2.2.2.2.2.2.2.2.2.2.2.1.2",0.372782978950947,FALSE,TRUE,38
"2.2.2.3.2.2.2.2.2.2.2.2.2.2.2.2.2.2.2.2.1.2",0.575552539474278,FALSE,TRUE,36
"2.3.1.3.2.2.2.2.2.2.2.2.2.2.2.2.2.2.2.2.1.2",0.319300429153902,FALSE,TRUE,37
"2.3.2.2.2.2.2.2.2.2.2.2.2.2.2.2.2.2.2.2.1.2",0.502620891147488,FALSE,TRUE,35
"2.3.2.3.1.2.2.2.2.2.2.2.2.2.2.2.2.2.2.2.1.2",0.269109400146,FALSE,TRUE,37
"2.3.2.3.2.2.1.2.2.2.2.2.2.2.2.2.2.2.2.2.1.2",0.436408310820864,FALSE,TRUE,38
"2.3.2.3.2.2.2.1.2.2.2.2.2.2.2.2.2.2.2.2.1.2",0.622360474018317,FALSE,TRUE,37
"2.3.2.3.2.2.2.2.1.2.2.2.2.2.2.2.2.2.2.2.1.2",0.391147555347032,FALSE,TRUE,38
"2.3.2.3.2.2.2.2.2.1.2.2.2.2.2.2.2.2.2.2.1.2",0.303366598141565,FALSE,TRUE,37
"2.3.2.3.2.2.2.2.2.2.1.2.2.2.2.2.2.2.2.2.1.2",0.339717295832283,FALSE,TRUE,37
"2.3.2.3.2.2.2.2.2.2.2.1.2.2.2.2.2.2.2.2.1.2",0.561348363114519,FALSE,TRUE,37
"2.3.2.3.2.2.2.2.2.2.2.2.1.2.2.2.2.2.2.2.1.2",0.327365106579713,FALSE,TRUE,37
"2.3.2.3.2.2.2.2.2.2.2.2.2.1.2.2.2.2.2.2.1.2",0.529935973300343,FALSE,TRUE,37
"2.3.2.3.2.2.2.2.2.2.2.2.2.2.1.2.2.2.2.2.1.2",0.524122090649202,FALSE,TRUE,37
"2.3.2.3.2.2.2.2.2.2.2.2.2.2.2.1.2.2.2.2.1.2",0.456214841878311,FALSE,TRUE,37
"2.3.2.3.2.2.2.2.2.2.2.2.2.2.2.2.1.2.2.2.1.2",0.310810666088126,FALSE,TRUE,37
"2.3.2.3.2.2.2.2.2.2.2.2.2.2.2.2.2.1.2.2.1.2",0.502836657585657,FALSE,TRUE,37
"2.3.2.3.2.2.2.2.2.2.2.2.2.2.2.2.2.2.1.2.1.2",0.424080498277568,FALSE,TRUE,37
"2.3.2.3.2.2.2.2.2.2.2.2.2.2.2.2.2.2.2.1.1.2",0.213609521072134,FALSE,TRUE,37
"2.3.2.3.2.2.2.2.2.2.2.2.2.2.2.2.2.2.2.2.1.1",0.476673470334573,FALSE,TRUE,37
"3.2.2.3.3.2.2.2.3.2.2.2.2.2.2.2.2.2.2.2.2.2",0.367549923393493,FALSE,TRUE,40
"2.2.3.3.3.2.2.2.3.2.2.2.2.2.2.2.2.2.2.2.2.2",0.467828559916413,FALSE,TRUE,40
"2.2.2.4.3.2.2.2.3.2.2.2.2.2.2.2.2.2.2.2.2.2",0.510608559455099,FALSE,TRUE,40
"2.2.2.3.4.2.2.2.3.2.2.2.2.2.2.2.2.2.2.2.2.2",0.410761747375252,FALSE,TRUE,41
"2.2.2.3.3.3.2.2.3.2.2.2.2.2.2.2.2.2.2.2.2.2",0.497077131410858,FALSE,TRUE,40
"2.2.2.3.3.2.3.2.3.2.2.2.2.2.2.2.2.2.2.2.2.2",0.389294705036754,FALSE,TRUE,40
"2.2.2.3.3.2.2.3.3.2.2.2.2.2.2.2.2.2.2.2.2.2",0.403850853038856,FALSE,TRUE,39
"2.2.2.3.3.2.2.2.4.2.2.2.2.2.2.2.2.2.2.2.2.2",0.32715968805507,FALSE,TRUE,40
"2.2.2.3.3.2.2.2.3.2.3.2.2.2.2.2.2.2.2.2.2.2",0.426031221944732,FALSE,TRUE,40
"2.2.2.3.3.2.2.2.3.2.2.3.2.2.2.2.2.2.2.2.2.2",0.407883617176375,FALSE,TRUE,41
"2.2.2.3.3.2.2.2.3.2.2.2.3.2.2.2.2.2.2.2.2.2",0.317073499431477,FALSE,TRUE,40
"2.2.2.3.3.2.2.2.3.2.2.2.2.3.2.2.2.2.2.2.2.2",0.584526402272082,FALSE,TRUE,40
"2.2.2.3.3.2.2.2.3.2.2.2.2.2.3.2.2.2.2.2.2.2",0.507807704154973,FALSE,TRUE,40
"2.2.2.3.3.2.2.2.3.2.2.2.2.2.2.3.2.2.2.2.2.2",0.476653280741143,FALSE,TRUE,40
"2.2.2.3.3.2.2.2.3.2.2.2.2.2.2.2.3.2.2.2.2.2",0.504685714118652,FALSE,TRUE,40
"2.2.2.3.3.2.2.2.3.2.2.2.2.2.2.2.2.3.2.2.2.2",0.43473924475672,FALSE,TRUE,40
"2.2.2.3.3.2.2.2.3.2.2.2.2.2.2.2.2.2.3.2.2.2",0.463629276186472,FALSE,TRUE,40
"2.2.2.3.3.2.2.2.3.2.2.2.2.2.2.2.2.2.2.3.2.2",0.490128358400418,FALSE,TRUE,40
"2.2.2.3.3.2.2.2.3.2.2.2.2.2.2.2.2.2.2.2.3.2",0.292158642195654,FALSE,TRUE,40
"2.2.2.3.3.2.2.2.3.2.2.2.2.2.2.2.2.2.2.2.2.3",0.420337158775468,FALSE,TRUE,40
"1.2.2.3.3.2.2.2.3.2.2.2.2.2.2.2.2.2.2.2.2.2",0.508682651928258,FALSE,TRUE,39
"2.1.2.3.3.2.2.2.3.2.2.2.2.2.2.2.2.2.2.2.2.2",0.373816625819605,FALSE,TRUE,39
"2.2.1.3.3.2.2.2.3.2.2.2.2.2.2.2.2.2.2.2.2.2",0.3743004871605,FALSE,TRUE,39
"2.2.2.3.3.1.2.2.3.2.2.2.2.2.2.2.2.2.2.2.2.2",0.412079254583987,FALSE,TRUE,39
"2.2.2.3.3.2.1.2.3.2.2.2.2.2.2.2.2.2.2.2.2.2",0.492681471349209,FALSE,TRUE,39
"2.2.2.3.3.2.2.1.3.2.2.2.2.2.2.2.2.2.2.2.2.2",0.448919387062223,FALSE,TRUE,39
"2.2.2.3.3.2.2.2.2.2.2.2.2.2.2.2.2.2.2.2.2.2",0.558551114701615,FALSE,TRUE,39
"2.2.2.3.3.2.2.2.3.1.2.2.2.2.2.2.2.2.2.2.2.2",0.572706408692579,FALSE,TRUE,40
"2.2.2.3.3.2.2.2.3.2.1.2.2.2.2.2.2.2.2.2.2.2",0.489266786691952,FALSE,TRUE,39
"2.2.2.3.3.2.2.2.3.2.2.2.1.2.2.2.2.2.2.2.2.2",0.432634903435215,FALSE,TRUE,39
"2.2.2.3.3.2.2.2.3.2.2.2.2.1.2.2.2.2.2.2.2.2",0.363232006637573,FALSE,TRUE,39
"2.2.2.3.3.2.2.2.3.2.2.2.2.2.1.2.2.2.2.2.2.2",0.448618803463856,FALSE,TRUE,38
"2.2.2.3.3.2.2.2.3.2.2.2.2.2.2.1.2.2.2.2.2.2",0.433153859512207,FALSE,TRUE,39
"2.2.2.3.3.2.2.2.3.2.2.2.2.2.2.2.1.2.2.2.2.2",0.348562158168295,FALSE,TRUE,39
"2.2.2.3.3.2.2.2.3.2.2.2.2.2.2.2.2.2.1.2.2.2",0.438944121216661,FALSE,TRUE,39
"2.2.2.3.3.2.2.2.3.2.2.2.2.2.2.2.2.2.2.1.2.2",0.402333179610542,FALSE,TRUE,39
"2.2.2.3.3.2.2.2.3.2.2.2.2.2.2.2.2.2.2.2.1.2",0.58473977197132,FALSE,TRUE,38
"2.2.2.3.3.2.2.2.3.2.2.2.2.2.2.2.2.2.2.2.2.1",0.435767135956556,FALSE,TRUE,39
"3.2.2.1.2.2.2.2.2.2.3.2.2.2.2.2.2.3.2.2.2.2",0.58226367757721,FALSE,TRUE,40
"2.3.2.1.2.2.2.2.2.2.3.2.2.2.2.2.2.3.2.2.2.2",0.639973145255442,FALSE,TRUE,39
"2.2.3.1.2.2.2.2.2.2.3.2.2.2.2.2.2.3.2.2.2.2",0.641699675811411,FALSE,TRUE,40
"2.2.2.1.3.2.2.2.2.2.3.2.2.2.2.2.2.3.2.2.2.2",0.522060820458184,FALSE,TRUE,40
"2.2.2.1.2.3.2.2.2.2.3.2.2.2.2.2.2.3.2.2.2.2",0.722620323416765,FALSE,TRUE,40
"2.2.2.1.2.2.3.2.2.2.3.2.2.2.2.2.2.3.2.2.2.2",0.617956556070117,FALSE,TRUE,40
"2.2.2.1.2.2.2.3.2.2.3.2.2.2.2.2.2.3.2.2.2.2",0.633549860255111,FALSE,TRUE,40
"2.2.2.1.2.2.2.2.3.2.3.2.2.2.2.2.2.3.2.2.2.2",0.532600435613541,FALSE,TRUE,40
"2.2.2.1.2.2.2.2.2.3.3.2.2.2.2.2.2.3.2.2.2.2",0.523009437356087,FALSE,TRUE,40
"2.2.2.1.2.2.2.2.2.2.4.2.2.2.2.2.2.3.2.2.2.2",0.608472790534674,FALSE,TRUE,39
"2.2.2.1.2.2.2.2.2.2.3.3.2.2.2.2.2.3.2.2.2.2",0.534245909062813,FALSE,TRUE,40
"2.2.2.1.2.2.2.2.2.2.3.2.3.2.2.2.2.3.2.2.2.2",0.673871379730326,FALSE,TRUE,38
"2.2.2.1.2.2.2.2.2.2.3.2.2.3.2.2.2.3.2.2.2.2",0.74534934686936,FALSE,TRUE,40
"2.2.2.1.2.2.2.2.2.2.3.2.2.2.3.2.2.3.2.2.2.2",0.656204075167956,FALSE,TRUE,40
"2.2.2.1.2.2.2.2.2.2.3.2.2.2.2.3.2.3.2.2.2.2",0.657000758092951,FALSE,TRUE,40
"2.2.2.1.2.2.2.2.2.2.3.2.2.2.2.2.3.3.2.2.2.2",0.714309484869136,FALSE,TRUE,40
"2.2.2.1.2.2.2.2.2.2.3.2.2.2.2.2.2.4.2.2.2.2",0.621863770063296,FALSE,TRUE,41
"2.2.2.1.2.2.2.2.2.2.3.2.2.2.2.2.2.3.2.3.2.2",0.55035636640195,FALSE,TRUE,40
"2.2.2.1.2.2.2.2.2.2.3.2.2.2.2.2.2.3.2.2.3.2",0.466590708430246,FALSE,TRUE,40
"2.2.2.1.2.2.2.2.2.2.3.2.2.2.2.2.2.3.2.2.2.3",0.692065437666,FALSE,TRUE,40
"1.2.2.1.2.2.2.2.2.2.3.2.2.2.2.2.2.3.2.2.2.2",0.549035558908478,FALSE,TRUE,39
"2.1.2.1.2.2.2.2.2.2.3.2.2.2.2.2.2.3.2.2.2.2",0.56288084049413,FALSE,TRUE,39
"2.2.1.1.2.2.2.2.2.2.3.2.2.2.2.2.2.3.2.2.2.2",0.473391133186604,FALSE,TRUE,39
"2.2.2.1.1.2.2.2.2.2.3.2.2.2.2.2.2.3.2.2.2.2",0.64023294883984,FALSE,TRUE,39
"2.2.2.1.2.1.2.2.2.2.3.2.2.2.2.2.2.3.2.2.2.2",0.49972090676157,FALSE,TRUE,39
"2.2.2.1.2.2.1.2.2.2.3.2.2.2.2.2.2.3.2.2.2.2",0.503098957101394,FALSE,TRUE,39
"2.2.2.1.2.2.2.1.2.2.3.2.2.2.2.2.2.3.2.2.2.2",0.557983906482609,FALSE,TRUE,39
"2.2.2.1.2.2.2.2.1.2.3.2.2.2.2.2.2.3.2.2.2.2",0.570621203505817,FALSE,TRUE,39
"2.2.2.1.2.2.2.2.2.1.3.2.2.2.2.2.2.3.2.2.2.2",0.584467444546789,FALSE,TRUE,39
"2.2.2.1.2.2.2.2.2.2.2.2.2.2.2.2.2.3.2.2.2.2",0.559360988271438,FALSE,TRUE,39
"2.2.2.1.2.2.2.2.2.2.3.1.2.2.2.2.2.3.2.2.2.2",0.668978407888161,FALSE,TRUE,39
"2.2.2.1.2.2.2.2.2.2.3.2.1.2.2.2.2.3.2.2.2.2",0.414805104351082,FALSE,TRUE,39
"2.2.2.1.2.2.2.2.2.2.3.2.2.1.2.2.2.3.2.2.2.2",0.340187788491177,FALSE,TRUE,39
"2.2.2.1.2.2.2.2.2.2.3.2.2.2.1.2.2.3.2.2.2.2",0.515346516027215,FALSE,TRUE,39
"2.2.2.1.2.2.2.2.2.2.3.2.2.2.2.1.2.3.2.2.2.2",0.47385067729908,FALSE,TRUE,39
"2.2.2.1.2.2.2.2.2.2.3.2.2.2.2.2.1.3.2.2.2.2",0.350342424679093,FALSE,TRUE,39
"2.2.2.1.2.2.2.2.2.2.3.2.2.2.2.2.2.3.1.2.2.2",0.479822490288527,FALSE,TRUE,40
"2.2.2.1.2.2.2.2.2.2.3.2.2.2.2.2.2.3.2.1.2.2",0.509801127222255,FALSE,TRUE,39
"2.2.2.1.2.2.2.2.2.2.3.2.2.2.2.2.2.3.2.2.1.2",0.628378933453004,FALSE,TRUE,39
"2.2.2.1.2.2.2.2.2.2.3.2.2.2.2.2.2.3.2.2.2.1",0.415547046321526,FALSE,TRUE,38
"3.2.2.2.2.2.3.2.2.2.2.2.2.2.2.2.2.2.2.1.2.1",0.258200312735777,FALSE,TRUE,40
"2.3.2.2.2.2.3.2.2.2.2.2.2.2.2.2.2.2.2.1.2.1",0.224053991715175,FALSE,TRUE,40
"2.2.3.2.2.2.3.2.2.2.2.2.2.2.2.2.2.2.2.1.2.1",0.307690392072521,FALSE,TRUE,40
"2.2.2.3.2.2.3.2.2.2.2.2.2.2.2.2.2.2.2.1.2.1",0.25178794805863,FALSE,TRUE,40
"2.2.2.2.3.2.3.2.2.2.2.2.2.2.2.2.2.2.2.1.2.1",0.204910282529582,FALSE,TRUE,40
"2.2.2.2.2.3.3.2.2.2.2.2.2.2.2.2.2.2.2.1.2.1",0.325525763010979,FALSE,TRUE,40
"2.2.2.2.2.2.4.2.2.2.2.2.2.2.2.2.2.2.2.1.2.1",0.217885389627865,FALSE,TRUE,40
"2.2.2.2.2.2.3.3.2.2.2.2.2.2.2.2.2.2.2.1.2.1",0.256765228386643,FALSE,TRUE,40
"2.2.2.2.2.2.3.2.3.2.2.2.2.2.2.2.2.2.2.1.2.1",0.222285349622814,FALSE,TRUE,40
"2.2.2.2.2.2.3.2.2.2.3.2.2.2.2.2.2.2.2.1.2.1",0.285932606018204,FALSE,TRUE,40
"2.2.2.2.2.2.3.2.2.2.2.3.2.2.2.2.2.2.2.1.2.1",0.14453639386954,FALSE,TRUE,40
"2.2.2.2.2.2.3.2.2.2.2.2.3.2.2.2.2.2.2.1.2.1",0.497994644233256,FALSE,TRUE,40
"2.2.2.2.2.2.3.2.2.2.2.2.2.3.2.2.2.2.2.1.2.1",0.462116587330672,FALSE,TRUE,39
"2.2.2.2.2.2.3.2.2.2.2.2.2.2.3.2.2.2.2.1.2.1",0.178370375131666,FALSE,TRUE,40
"2.2.2.2.2.2.3.2.2.2.2.2.2.2.2.3.2.2.2.1.2.1",0.34825314091385,FALSE,TRUE,39
"2.2.2.2.2.2.3.2.2.2.2.2.2.2.2.2.3.2.2.1.2.1",0.272543081498366,FALSE,TRUE,40
"2.2.2.2.2.2.3.2.2.2.2.2.2.2.2.2.2.3.2.1.2.1",0.45217096983007,FALSE,TRUE,40
"2.2.2.2.2.2.3.2.2.2.2.2.2.2.2.2.2.2.3.1.2.1",0.32436366303553,FALSE,TRUE,40
"2.2.2.2.2.2.3.2.2.2.2.2.2.2.2.2.2.2.2.1.3.1",0.115735612792573,FALSE,TRUE,40
"1.2.2.2.2.2.3.2.2.2.2.2.2.2.2.2.2.2.2.1.2.1",0.159560209792826,FALSE,TRUE,39
"2.1.2.2.2.2.3.2.2.2.2.2.2.2.2.2.2.2.2.1.2.1",0.233513059751849,FALSE,TRUE,39
"2.2.1.2.2.2.3.2.2.2.2.2.2.2.2.2.2.2.2.1.2.1",0.169017366744958,FALSE,TRUE,39
"2.2.2.1.2.2.3.2.2.2.2.2.2.2.2.2.2.2.2.1.2.1",0.182547433418842,FALSE,TRUE,39
"2.2.2.2.1.2.3.2.2.2.2.2.2.2.2.2.2.2.2.1.2.1",0.192311654789282,FALSE,TRUE,39
"2.2.2.2.2.1.3.2.2.2.2.2.2.2.2.2.2.2.2.1.2.1",0.135018256579276,FALSE,TRUE,39
"2.2.2.2.2.2.2.2.2.2.2.2.2.2.2.2.2.2.2.1.2.1",0.19530647331994,FALSE,TRUE,39
"2.2.2.2.2.2.3.1.2.2.2.2.2.2.2.2.2.2.2.1.2.1",0.203530224024047,FALSE,TRUE,39
"2.2.2.2.2.2.3.2.1.2.2.2.2.2.2.2.2.2.2.1.2.1",0.20788004899054,FALSE,TRUE,39
"2.2.2.2.2.2.3.2.2.1.2.2.2.2.2.2.2.2.2.1.2.1",0.0857485587244427,FALSE,TRUE,39
"2.2.2.2.2.2.3.2.2.2.1.2.2.2.2.2.2.2.2.1.2.1",0.148217711981417,FALSE,TRUE,39
"2.2.2.2.2.2.3.2.2.2.2.1.2.2.2.2.2.2.2.1.2.1",0.317877927733874,FALSE,TRUE,39
"2.2.2.2.2.2.3.2.2.2.2.2.1.2.2.2.2.2.2.1.2.1",-0.143989393089001,FALSE,TRUE,39
"2.2.2.2.2.2.3.2.2.2.2.2.2.1.2.2.2.2.2.1.2.1",0.00752017614264754,FALSE,TRUE,39
"2.2.2.2.2.2.3.2.2.2.2.2.2.2.1.2.2.2.2.1.2.1",0.285251729254903,FALSE,TRUE,39
"2.2.2.2.2.2.3.2.2.2.2.2.2.2.2.1.2.2.2.1.2.1",0.119057706156041,FALSE,TRUE,39
"2.2.2.2.2.2.3.2.2.2.2.2.2.2.2.2.1.2.2.1.2.1",0.115042380801176,FALSE,TRUE,39
"2.2.2.2.2.2.3.2.2.2.2.2.2.2.2.2.2.1.2.1.2.1",-0.0196648873875098,FALSE,TRUE,39
"2.2.2.2.2.2.3.2.2.2.2.2.2.2.2.2.2.2.1.1.2.1",0.145057724897694,FALSE,TRUE,39
"2.2.2.2.2.2.3.2.2.2.2.2.2.2.2.2.2.2.2.1.1.1",0.30200511452598,FALSE,TRUE,39
"3.2.2.1.2.2.2.2.2.2.3.2.3.2.2.2.2.2.2.2.2.2",0.570300942576508,FALSE,TRUE,39
"2.3.2.1.2.2.2.2.2.2.3.2.3.2.2.2.2.2.2.2.2.2",0.637746092167176,FALSE,TRUE,38
"2.2.3.1.2.2.2.2.2.2.3.2.3.2.2.2.2.2.2.2.2.2",0.477625054937838,FALSE,TRUE,39
"2.2.2.1.3.2.2.2.2.2.3.2.3.2.2.2.2.2.2.2.2.2",0.449691487954571,FALSE,TRUE,39
"2.2.2.1.2.3.2.2.2.2.3.2.3.2.2.2.2.2.2.2.2.2",0.649122986687247,FALSE,TRUE,39
"2.2.2.1.2.2.3.2.2.2.3.2.3.2.2.2.2.2.2.2.2.2",0.628819273151098,FALSE,TRUE,39
"2.2.2.1.2.2.2.3.2.2.3.2.3.2.2.2.2.2.2.2.2.2",0.604344684192384,FALSE,TRUE,39
"2.2.2.1.2.2.2.2.3.2.3.2.3.2.2.2.2.2.2.2.2.2",0.423607888346853,FALSE,TRUE,39
"2.2.2.1.2.2.2.2.2.3.3.2.3.2.2.2.2.2.2.2.2.2",0.470725508165625,FALSE,TRUE,39
"2.2.2.1.2.2.2.2.2.2.3.3.3.2.2.2.2.2.2.2.2.2",0.492985281025022,FALSE,TRUE,39
"2.2.2.1.2.2.2.2.2.2.3.2.4.2.2.2.2.2.2.2.2.2",0.526195892840094,FALSE,TRUE,40
"2.2.2.1.2.2.2.2.2.2.3.2.3.3.2.2.2.2.2.2.2.2",0.816393590281349,FALSE,TRUE,39
"2.2.2.1.2.2.2.2.2.2.3.2.3.2.3.2.2.2.2.2.2.2",0.620241703584119,FALSE,TRUE,39
"2.2.2.1.2.2.2.2.2.2.3.2.3.2.2.3.2.2.2.2.2.2",0.576544647459026,FALSE,TRUE,39
"2.2.2.1.2.2.2.2.2.2.3.2.3.2.2.2.3.2.2.2.2.2",0.583896975167409,FALSE,TRUE,39
"2.2.2.1.2.2.2.2.2.2.3.2.3.2.2.2.2.2.3.2.2.2",0.544680649786218,FALSE,TRUE,38
"2.2.2.1.2.2.2.2.2.2.3.2.3.2.2.2.2.2.2.3.2.2",0.500000288139593,FALSE,TRUE,39
"2.2.2.1.2.2.2.2.2.2.3.2.3.2.2.2.2.2.2.2.3.2",0.475313988959019,FALSE,TRUE,39
"2.2.2.1.2.2.2.2.2.2.3.2.3.2.2.2.2.2.2.2.2.3",0.570662590200326,FALSE,TRUE,40
"1.2.2.1.2.2.2.2.2.2.3.2.3.2.2.2.2.2.2.2.2.2",0.506999750298943,FALSE,TRUE,38
"2.1.2.1.2.2.2.2.2.2.3.2.3.2.2.2.2.2.2.2.2.2",0.493735655958561,FALSE,TRUE,36
"2.2.1.1.2.2.2.2.2.2.3.2.3.2.2.2.2.2.2.2.2.2",0.561623545311621,FALSE,TRUE,38
"2.2.2.1.1.2.2.2.2.2.3.2.3.2.2.2.2.2.2.2.2.2",0.677812780983726,FALSE,TRUE,38
"2.2.2.1.2.1.2.2.2.2.3.2.3.2.2.2.2.2.2.2.2.2",0.477862945781175,FALSE,TRUE,38
"2.2.2.1.2.2.1.2.2.2.3.2.3.2.2.2.2.2.2.2.2.2",0.443063944007953,FALSE,TRUE,38
"2.2.2.1.2.2.2.1.2.2.3.2.3.2.2.2.2.2.2.2.2.2",0.47679161790456,FALSE,TRUE,38
"2.2.2.1.2.2.2.2.1.2.3.2.3.2.2.2.2.2.2.2.2.2",0.612054342375115,FALSE,TRUE,38
"2.2.2.1.2.2.2.2.2.1.3.2.3.2.2.2.2.2.2.2.2.2",0.593747915735732,FALSE,TRUE,38
"2.2.2.1.2.2.2.2.2.2.3.1.3.2.2.2.2.2.2.2.2.2",0.666043372733698,FALSE,TRUE,38
"2.2.2.1.2.2.2.2.2.2.3.2.3.1.2.2.2.2.2.2.2.2",0.262672785728866,FALSE,TRUE,38
"2.2.2.1.2.2.2.2.2.2.3.2.3.2.1.2.2.2.2.2.2.2",0.534261688568548,FALSE,TRUE,38
"2.2.2.1.2.2.2.2.2.2.3.2.3.2.2.1.2.2.2.2.2.2",0.504718500847575,FALSE,TRUE,38
"2.2.2.1.2.2.2.2.2.2.3.2.3.2.2.2.1.2.2.2.2.2",0.464976723072134,FALSE,TRUE,38
"2.2.2.1.2.2.2.2.2.2.3.2.3.2.2.2.2.1.2.2.2.2",0.450261771367425,FALSE,TRUE,38
"2.2.2.1.2.2.2.2.2.2.3.2.3.2.2.2.2.2.1.2.2.2",0.542887705407715,FALSE,TRUE,38
"2.2.2.1.2.2.2.2.2.2.3.2.3.2.2.2.2.2.2.1.2.2",0.562552995680374,FALSE,TRUE,38
"2.2.2.1.2.2.2.2.2.2.3.2.3.2.2.2.2.2.2.2.1.2",0.553368029514595,FALSE,TRUE,38
"3.2.2.3.3.2.2.2.3.2.2.1.2.2.2.2.2.2.2.2.2.2",0.396631504223028,FALSE,TRUE,40
"2.3.2.3.3.2.2.2.3.2.2.1.2.2.2.2.2.2.2.2.2.2",0.614203334849257,FALSE,TRUE,39
"2.2.3.3.3.2.2.2.3.2.2.1.2.2.2.2.2.2.2.2.2.2",0.483270347653463,FALSE,TRUE,40
"2.2.2.4.3.2.2.2.3.2.2.1.2.2.2.2.2.2.2.2.2.2",0.507817317414553,FALSE,TRUE,41
"2.2.2.3.4.2.2.2.3.2.2.1.2.2.2.2.2.2.2.2.2.2",0.43253947083243,FALSE,TRUE,40
"2.2.2.3.3.3.2.2.3.2.2.1.2.2.2.2.2.2.2.2.2.2",0.549979803727127,FALSE,TRUE,40
"2.2.2.3.3.2.3.2.3.2.2.1.2.2.2.2.2.2.2.2.2.2",0.446275332867139,FALSE,TRUE,40
"2.2.2.3.3.2.2.3.3.2.2.1.2.2.2.2.2.2.2.2.2.2",0.497253351128394,FALSE,TRUE,40
"2.2.2.3.3.2.2.2.4.2.2.1.2.2.2.2.2.2.2.2.2.2",0.415315377358437,FALSE,TRUE,40
"2.2.2.3.3.2.2.2.3.3.2.1.2.2.2.2.2.2.2.2.2.2",0.237998926439052,FALSE,TRUE,40
"2.2.2.3.3.2.2.2.3.2.3.1.2.2.2.2.2.2.2.2.2.2",0.439970976403499,FALSE,TRUE,40
"2.2.2.3.3.2.2.2.3.2.2.1.3.2.2.2.2.2.2.2.2.2",0.384749887271704,FALSE,TRUE,40
"2.2.2.3.3.2.2.2.3.2.2.1.2.3.2.2.2.2.2.2.2.2",0.648042070399555,FALSE,TRUE,40
"2.2.2.3.3.2.2.2.3.2.2.1.2.2.3.2.2.2.2.2.2.2",0.52501270981898,FALSE,TRUE,40
"2.2.2.3.3.2.2.2.3.2.2.1.2.2.2.3.2.2.2.2.2.2",0.516026200746325,FALSE,TRUE,40
"2.2.2.3.3.2.2.2.3.2.2.1.2.2.2.2.3.2.2.2.2.2",0.495832512914014,FALSE,TRUE,40
"2.2.2.3.3.2.2.2.3.2.2.1.2.2.2.2.2.3.2.2.2.2",0.506383136521917,FALSE,TRUE,40
"2.2.2.3.3.2.2.2.3.2.2.1.2.2.2.2.2.2.3.2.2.2",0.461447043122731,FALSE,TRUE,40
"2.2.2.3.3.2.2.2.3.2.2.1.2.2.2.2.2.2.2.3.2.2",0.497905075871042,FALSE,TRUE,40
"2.2.2.3.3.2.2.2.3.2.2.1.2.2.2.2.2.2.2.2.3.2",0.31127508812106,FALSE,TRUE,40
"2.2.2.3.3.2.2.2.3.2.2.1.2.2.2.2.2.2.2.2.2.3",0.517375141158511,FALSE,TRUE,40
"1.2.2.3.3.2.2.2.3.2.2.1.2.2.2.2.2.2.2.2.2.2",0.555992448754388,FALSE,TRUE,39
"2.1.2.3.3.2.2.2.3.2.2.1.2.2.2.2.2.2.2.2.2.2",0.392453664416577,FALSE,TRUE,39
"2.2.1.3.3.2.2.2.3.2.2.1.2.2.2.2.2.2.2.2.2.2",0.465060276956404,FALSE,TRUE,39
"2.2.2.3.3.1.2.2.3.2.2.1.2.2.2.2.2.2.2.2.2.2",0.448069372573252,FALSE,TRUE,39
"2.2.2.3.3.2.1.2.3.2.2.1.2.2.2.2.2.2.2.2.2.2",0.521487322248191,FALSE,TRUE,39
"2.2.2.3.3.2.2.1.3.2.2.1.2.2.2.2.2.2.2.2.2.2",0.452524654443118,FALSE,TRUE,39
"2.2.2.3.3.2.2.2.2.2.2.1.2.2.2.2.2.2.2.2.2.2",0.546560297574365,FALSE,TRUE,40
"2.2.2.3.3.2.2.2.3.1.2.1.2.2.2.2.2.2.2.2.2.2",0.665722555581034,FALSE,TRUE,39
"2.2.2.3.3.2.2.2.3.2.1.1.2.2.2.2.2.2.2.2.2.2",0.555604717260535,FALSE,TRUE,39
"2.2.2.3.3.2.2.2.3.2.2.1.1.2.2.2.2.2.2.2.2.2",0.452815921888572,FALSE,TRUE,39
"2.2.2.3.3.2.2.2.3.2.2.1.2.1.2.2.2.2.2.2.2.2",0.375343573411823,FALSE,TRUE,39
"2.2.2.3.3.2.2.2.3.2.2.1.2.2.1.2.2.2.2.2.2.2",0.496988211550167,FALSE,TRUE,39
"2.2.2.3.3.2.2.2.3.2.2.1.2.2.2.1.2.2.2.2.2.2",0.47211334096986,FALSE,TRUE,39
"2.2.2.3.3.2.2.2.3.2.2.1.2.2.2.2.1.2.2.2.2.2",0.420396237770996,FALSE,TRUE,39
"2.2.2.3.3.2.2.2.3.2.2.1.2.2.2.2.2.1.2.2.2.2",0.528201036178321,FALSE,TRUE,38
"2.2.2.3.3.2.2.2.3.2.2.1.2.2.2.2.2.2.1.2.2.2",0.506547313770555,FALSE,TRUE,39
"2.2.2.3.3.2.2.2.3.2.2.1.2.2.2.2.2.2.2.1.2.2",0.454953949841475,FALSE,TRUE,39
"2.2.2.3.3.2.2.2.3.2.2.1.2.2.2.2.2.2.2.2.1.2",0.659880717882099,FALSE,TRUE,39
"2.2.2.3.3.2.2.2.3.2.2.1.2.2.2.2.2.2.2.2.2.1",0.427554479233036,FALSE,TRUE,39
"3.2.2.1.2.2.2.2.2.2.3.2.3.2.2.2.2.2.2.2.2.1",0.470982266323508,FALSE,TRUE,39
"2.3.2.1.2.2.2.2.2.2.3.2.3.2.2.2.2.2.2.2.2.1",0.474342921789055,FALSE,TRUE,39
"2.2.3.1.2.2.2.2.2.2.3.2.3.2.2.2.2.2.2.2.2.1",0.378094218193823,FALSE,TRUE,39
"2.2.2.2.2.2.2.2.2.2.3.2.3.2.2.2.2.2.2.2.2.1",0.531056890041751,FALSE,TRUE,38
"2.2.2.1.3.2.2.2.2.2.3.2.3.2.2.2.2.2.2.2.2.1",0.309372951772285,FALSE,TRUE,39
"2.2.2.1.2.3.2.2.2.2.3.2.3.2.2.2.2.2.2.2.2.1",0.489781006442222,FALSE,TRUE,39
"2.2.2.1.2.2.3.2.2.2.3.2.3.2.2.2.2.2.2.2.2.1",0.486685832959387,FALSE,TRUE,39
"2.2.2.1.2.2.2.3.2.2.3.2.3.2.2.2.2.2.2.2.2.1",0.464468933859234,FALSE,TRUE,39
"2.2.2.1.2.2.2.2.3.2.3.2.3.2.2.2.2.2.2.2.2.1",0.371394293271433,FALSE,TRUE,39
"2.2.2.1.2.2.2.2.2.3.3.2.3.2.2.2.2.2.2.2.2.1",0.332763708064555,FALSE,TRUE,39
"2.2.2.1.2.2.2.2.2.2.4.2.3.2.2.2.2.2.2.2.2.1",0.401931079218083,FALSE,TRUE,39
"2.2.2.1.2.2.2.2.2.2.3.3.3.2.2.2.2.2.2.2.2.1",0.407440959701142,FALSE,TRUE,39
"2.2.2.1.2.2.2.2.2.2.3.2.4.2.2.2.2.2.2.2.2.1",0.539353278207807,FALSE,TRUE,39
"2.2.2.1.2.2.2.2.2.2.3.2.3.3.2.2.2.2.2.2.2.1",0.638329264952788,FALSE,TRUE,39
"2.2.2.1.2.2.2.2.2.2.3.2.3.2.3.2.2.2.2.2.2.1",0.496276818206496,FALSE,TRUE,39
"2.2.2.1.2.2.2.2.2.2.3.2.3.2.2.3.2.2.2.2.2.1",0.446710573233699,FALSE,TRUE,39
"2.2.2.1.2.2.2.2.2.2.3.2.3.2.2.2.3.2.2.2.2.1",0.54128312812394,FALSE,TRUE,39
"2.2.2.1.2.2.2.2.2.2.3.2.3.2.2.2.2.3.2.2.2.1",0.586390499083282,FALSE,TRUE,38
"2.2.2.1.2.2.2.2.2.2.3.2.3.2.2.2.2.2.3.2.2.1",0.477329402453162,FALSE,TRUE,39
"2.2.2.1.2.2.2.2.2.2.3.2.3.2.2.2.2.2.2.2.3.1",0.296678574593774,FALSE,TRUE,39
"1.2.2.1.2.2.2.2.2.2.3.2.3.2.2.2.2.2.2.2.2.1",0.349858473421173,FALSE,TRUE,38
"2.1.2.1.2.2.2.2.2.2.3.2.3.2.2.2.2.2.2.2.2.1",0.372838198641613,FALSE,TRUE,38
"2.2.1.1.2.2.2.2.2.2.3.2.3.2.2.2.2.2.2.2.2.1",0.400317227484338,FALSE,TRUE,38
"2.2.2.1.1.2.2.2.2.2.3.2.3.2.2.2.2.2.2.2.2.1",0.549329228502296,FALSE,TRUE,38
"2.2.2.1.2.1.2.2.2.2.3.2.3.2.2.2.2.2.2.2.2.1",0.357557562767356,FALSE,TRUE,38
"2.2.2.1.2.2.1.2.2.2.3.2.3.2.2.2.2.2.2.2.2.1",0.321365693478949,FALSE,TRUE,38
"2.2.2.1.2.2.2.1.2.2.3.2.3.2.2.2.2.2.2.2.2.1",0.351214674375519,FALSE,TRUE,38
"2.2.2.1.2.2.2.2.1.2.3.2.3.2.2.2.2.2.2.2.2.1",0.406590380142535,FALSE,TRUE,38
"2.2.2.1.2.2.2.2.2.1.3.2.3.2.2.2.2.2.2.2.2.1",0.460486949874443,FALSE,TRUE,38
"2.2.2.1.2.2.2.2.2.2.2.2.3.2.2.2.2.2.2.2.2.1",0.444517163835032,FALSE,TRUE,38
"2.2.2.1.2.2.2.2.2.2.3.1.3.2.2.2.2.2.2.2.2.1",0.45914146730968,FALSE,TRUE,38
"2.2.2.1.2.2.2.2.2.2.3.2.3.1.2.2.2.2.2.2.2.1",0.169307786281645,FALSE,TRUE,38
"2.2.2.1.2.2.2.2.2.2.3.2.3.2.1.2.2.2.2.2.2.1",0.370140703845535,FALSE,TRUE,38
"2.2.2.1.2.2.2.2.2.2.3.2.3.2.2.1.2.2.2.2.2.1",0.355624745349801,FALSE,TRUE,38
"2.2.2.1.2.2.2.2.2.2.3.2.3.2.2.2.1.2.2.2.2.1",0.234154583210739,FALSE,TRUE,38
"2.2.2.1.2.2.2.2.2.2.3.2.3.2.2.2.2.1.2.2.2.1",0.278788824210056,FALSE,TRUE,38
"2.2.2.1.2.2.2.2.2.2.3.2.3.2.2.2.2.2.1.2.2.1",0.330152116601775,FALSE,TRUE,38
"2.2.2.1.2.2.2.2.2.2.3.2.3.2.2.2.2.2.2.1.2.1",0.392901637699691,FALSE,TRUE,38
"2.2.2.1.2.2.2.2.2.2.3.2.3.2.2.2.2.2.2.2.1.1",0.463655108770077,FALSE,TRUE,38
"1.3.2.2.2.2.3.2.2.2.2.2.2.2.2.2.2.2.2.1.2.2",0.212274231127832,FALSE,TRUE,40
"1.2.3.2.2.2.3.2.2.2.2.2.2.2.2.2.2.2.2.1.2.2",0.3897271515114,FALSE,TRUE,40
"1.2.2.3.2.2.3.2.2.2.2.2.2.2.2.2.2.2.2.1.2.2",0.277349289329525,FALSE,TRUE,40
"1.2.2.2.3.2.3.2.2.2.2.2.2.2.2.2.2.2.2.1.2.2",0.324606865033224,FALSE,TRUE,40
"1.2.2.2.2.3.3.2.2.2.2.2.2.2.2.2.2.2.2.1.2.2",0.379795190822385,FALSE,TRUE,40
"1.2.2.2.2.2.4.2.2.2.2.2.2.2.2.2.2.2.2.1.2.2",0.293148844231574,FALSE,TRUE,40
"1.2.2.2.2.2.3.3.2.2.2.2.2.2.2.2.2.2.2.1.2.2",0.214973021499921,FALSE,TRUE,40
"1.2.2.2.2.2.3.2.3.2.2.2.2.2.2.2.2.2.2.1.2.2",0.342566301994908,FALSE,TRUE,40
"1.2.2.2.2.2.3.2.2.2.3.2.2.2.2.2.2.2.2.1.2.2",0.413261372517609,FALSE,TRUE,40
"1.2.2.2.2.2.3.2.2.2.2.3.2.2.2.2.2.2.2.1.2.2",0.217818125395312,FALSE,TRUE,40
"1.2.2.2.2.2.3.2.2.2.2.2.3.2.2.2.2.2.2.1.2.2",0.522211343384126,FALSE,TRUE,40
"1.2.2.2.2.2.3.2.2.2.2.2.2.3.2.2.2.2.2.1.2.2",0.427708675479506,FALSE,TRUE,39
"1.2.2.2.2.2.3.2.2.2.2.2.2.2.3.2.2.2.2.1.2.2",0.202419987762047,FALSE,TRUE,40
"1.2.2.2.2.2.3.2.2.2.2.2.2.2.2.3.2.2.2.1.2.2",0.422784724652085,FALSE,TRUE,38
"1.2.2.2.2.2.3.2.2.2.2.2.2.2.2.2.3.2.2.1.2.2",0.367489403436121,FALSE,TRUE,40
"1.2.2.2.2.2.3.2.2.2.2.2.2.2.2.2.2.3.2.1.2.2",0.483494079704787,FALSE,TRUE,40
"1.2.2.2.2.2.3.2.2.2.2.2.2.2.2.2.2.2.3.1.2.2",0.378161335038785,FALSE,TRUE,40
"1.2.2.2.2.2.3.2.2.2.2.2.2.2.2.2.2.2.2.1.3.2",0.228965255542716,FALSE,TRUE,40
"1.2.2.2.2.2.3.2.2.2.2.2.2.2.2.2.2.2.2.1.2.3",0.383209728021213,FALSE,TRUE,40
"1.1.2.2.2.2.3.2.2.2.2.2.2.2.2.2.2.2.2.1.2.2",0.350839896555295,FALSE,TRUE,39
"1.2.1.2.2.2.3.2.2.2.2.2.2.2.2.2.2.2.2.1.2.2",0.174828006658176,FALSE,TRUE,39
"1.2.2.1.2.2.3.2.2.2.2.2.2.2.2.2.2.2.2.1.2.2",0.313577508728281,FALSE,TRUE,39
"1.2.2.2.1.2.3.2.2.2.2.2.2.2.2.2.2.2.2.1.2.2",0.183262623631171,FALSE,TRUE,39
"1.2.2.2.2.1.3.2.2.2.2.2.2.2.2.2.2.2.2.1.2.2",0.167558423186886,FALSE,TRUE,39
"1.2.2.2.2.2.2.2.2.2.2.2.2.2.2.2.2.2.2.1.2.2",0.224455084715606,FALSE,TRUE,38
"1.2.2.2.2.2.3.1.2.2.2.2.2.2.2.2.2.2.2.1.2.2",0.3195535731115,FALSE,TRUE,39
"1.2.2.2.2.2.3.2.1.2.2.2.2.2.2.2.2.2.2.1.2.2",0.173929144163746,FALSE,TRUE,39
"1.2.2.2.2.2.3.2.2.1.2.2.2.2.2.2.2.2.2.1.2.2",0.0801471378264852,FALSE,TRUE,39
"1.2.2.2.2.2.3.2.2.2.1.2.2.2.2.2.2.2.2.1.2.2",0.14167490276402,FALSE,TRUE,39
"1.2.2.2.2.2.3.2.2.2.2.1.2.2.2.2.2.2.2.1.2.2",0.398823480543808,FALSE,TRUE,39
"1.2.2.2.2.2.3.2.2.2.2.2.1.2.2.2.2.2.2.1.2.2",-0.076014612017941,FALSE,TRUE,39
"1.2.2.2.2.2.3.2.2.2.2.2.2.1.2.2.2.2.2.1.2.2",0.158482362255747,FALSE,TRUE,39
"1.2.2.2.2.2.3.2.2.2.2.2.2.2.1.2.2.2.2.1.2.2",0.406420071876146,FALSE,TRUE,39
"1.2.2.2.2.2.3.2.2.2.2.2.2.2.2.1.2.2.2.1.2.2",0.166844726730784,FALSE,TRUE,39
"1.2.2.2.2.2.3.2.2.2.2.2.2.2.2.2.1.2.2.1.2.2",0.197851440550223,FALSE,TRUE,39
"1.2.2.2.2.2.3.2.2.2.2.2.2.2.2.2.2.1.2.1.2.2",0.0979500807230978,FALSE,TRUE,39
"1.2.2.2.2.2.3.2.2.2.2.2.2.2.2.2.2.2.1.1.2.2",0.206675292155103,FALSE,TRUE,39
"1.2.2.2.2.2.3.2.2.2.2.2.2.2.2.2.2.2.2.1.1.2",0.28896158309948,FALSE,TRUE,39
"3.2.2.2.2.2.2.2.3.2.2.2.2.2.1.2.2.2.2.2.2.2",0.412471815567566,FALSE,TRUE,40
"2.3.2.2.2.2.2.2.3.2.2.2.2.2.1.2.2.2.2.2.2.2",0.512067459196103,FALSE,TRUE,39
"2.2.3.2.2.2.2.2.3.2.2.2.2.2.1.2.2.2.2.2.2.2",0.457474788161363,FALSE,TRUE,40
"2.2.2.2.3.2.2.2.3.2.2.2.2.2.1.2.2.2.2.2.2.2",0.386312729630482,FALSE,TRUE,38
"2.2.2.2.2.3.2.2.3.2.2.2.2.2.1.2.2.2.2.2.2.2",0.553786777883534,FALSE,TRUE,40
"2.2.2.2.2.2.3.2.3.2.2.2.2.2.1.2.2.2.2.2.2.2",0.434148681050165,FALSE,TRUE,39
"2.2.2.2.2.2.2.3.3.2.2.2.2.2.1.2.2.2.2.2.2.2",0.487957208712771,FALSE,TRUE,40
"2.2.2.2.2.2.2.2.4.2.2.2.2.2.1.2.2.2.2.2.2.2",0.347213854895971,FALSE,TRUE,40
"2.2.2.2.2.2.2.2.3.3.2.2.2.2.1.2.2.2.2.2.2.2",0.339502632913564,FALSE,TRUE,40
"2.2.2.2.2.2.2.2.3.2.3.2.2.2.1.2.2.2.2.2.2.2",0.440045573858941,FALSE,TRUE,39
"2.2.2.2.2.2.2.2.3.2.2.2.3.2.1.2.2.2.2.2.2.2",0.419219253728583,FALSE,TRUE,39
"2.2.2.2.2.2.2.2.3.2.2.2.2.3.1.2.2.2.2.2.2.2",0.668150750239871,FALSE,TRUE,40
"2.2.2.2.2.2.2.2.3.2.2.2.2.2.1.3.2.2.2.2.2.2",0.529853146132782,FALSE,TRUE,40
"2.2.2.2.2.2.2.2.3.2.2.2.2.2.1.2.3.2.2.2.2.2",0.504743429163465,FALSE,TRUE,40
"2.2.2.2.2.2.2.2.3.2.2.2.2.2.1.2.2.3.2.2.2.2",0.530401992839561,FALSE,TRUE,39
"2.2.2.2.2.2.2.2.3.2.2.2.2.2.1.2.2.2.3.2.2.2",0.443358700931186,FALSE,TRUE,40
"2.2.2.2.2.2.2.2.3.2.2.2.2.2.1.2.2.2.2.3.2.2",0.350794161042978,FALSE,TRUE,40
"2.2.2.2.2.2.2.2.3.2.2.2.2.2.1.2.2.2.2.2.3.2",0.393992064963608,FALSE,TRUE,40
"2.2.2.2.2.2.2.2.3.2.2.2.2.2.1.2.2.2.2.2.2.3",0.457901007038786,FALSE,TRUE,40
"1.2.2.2.2.2.2.2.3.2.2.2.2.2.1.2.2.2.2.2.2.2",0.482877551729989,FALSE,TRUE,39
"2.1.2.2.2.2.2.2.3.2.2.2.2.2.1.2.2.2.2.2.2.2",0.403084166514387,FALSE,TRUE,39
"2.2.1.2.2.2.2.2.3.2.2.2.2.2.1.2.2.2.2.2.2.2",0.403913336026309,FALSE,TRUE,38
"2.2.2.1.2.2.2.2.3.2.2.2.2.2.1.2.2.2.2.2.2.2",0.44461901367427,FALSE,TRUE,39
"2.2.2.2.1.2.2.2.3.2.2.2.2.2.1.2.2.2.2.2.2.2",0.498768122842758,FALSE,TRUE,39
"2.2.2.2.2.1.2.2.3.2.2.2.2.2.1.2.2.2.2.2.2.2",0.361077316142732,FALSE,TRUE,39
"2.2.2.2.2.2.1.2.3.2.2.2.2.2.1.2.2.2.2.2.2.2",0.418931418968935,FALSE,TRUE,39
"2.2.2.2.2.2.2.1.3.2.2.2.2.2.1.2.2.2.2.2.2.2",0.395498825647758,FALSE,TRUE,39
"2.2.2.2.2.2.2.2.3.1.2.2.2.2.1.2.2.2.2.2.2.2",0.500491602982726,FALSE,TRUE,39
"2.2.2.2.2.2.2.2.3.2.1.2.2.2.1.2.2.2.2.2.2.2",0.480010574781271,FALSE,TRUE,39
"2.2.2.2.2.2.2.2.3.2.2.1.2.2.1.2.2.2.2.2.2.2",0.556383830745509,FALSE,TRUE,39
"2.2.2.2.2.2.2.2.3.2.2.2.1.2.1.2.2.2.2.2.2.2",0.331611443333902,FALSE,TRUE,39
"2.2.2.2.2.2.2.2.3.2.2.2.2.1.1.2.2.2.2.2.2.2",0.255055423702207,FALSE,TRUE,38
"2.2.2.2.2.2.2.2.3.2.2.2.2.2.1.1.2.2.2.2.2.2",0.36496127726214,FALSE,TRUE,39
"2.2.2.2.2.2.2.2.3.2.2.2.2.2.1.2.1.2.2.2.2.2",0.35887850204966,FALSE,TRUE,39
"2.2.2.2.2.2.2.2.3.2.2.2.2.2.1.2.2.1.2.2.2.2",0.421068480767994,FALSE,TRUE,38
"2.2.2.2.2.2.2.2.3.2.2.2.2.2.1.2.2.2.1.2.2.2",0.455367251541422,FALSE,TRUE,39
"2.2.2.2.2.2.2.2.3.2.2.2.2.2.1.2.2.2.2.1.2.2",0.473479984046679,FALSE,TRUE,39
"2.2.2.2.2.2.2.2.3.2.2.2.2.2.1.2.2.2.2.2.1.2",0.451300990737736,FALSE,TRUE,39
"2.2.2.2.2.2.2.2.3.2.2.2.2.2.1.2.2.2.2.2.2.1",0.355014930929567,FALSE,TRUE,39
"2.3.2.2.2.2.3.2.2.2.2.2.2.2.2.3.2.2.2.2.2.2",0.59145304338743,FALSE,TRUE,40
"2.2.3.2.2.2.3.2.2.2.2.2.2.2.2.3.2.2.2.2.2.2",0.623835412406509,FALSE,TRUE,40
"2.2.2.3.2.2.3.2.2.2.2.2.2.2.2.3.2.2.2.2.2.2",0.534446979853373,FALSE,TRUE,40
"2.2.2.2.3.2.3.2.2.2.2.2.2.2.2.3.2.2.2.2.2.2",0.595257492409602,FALSE,TRUE,40
"2.2.2.2.2.3.3.2.2.2.2.2.2.2.2.3.2.2.2.2.2.2",0.677591116991147,FALSE,TRUE,40
"2.2.2.2.2.2.4.2.2.2.2.2.2.2.2.3.2.2.2.2.2.2",0.492408172030193,FALSE,TRUE,40
"2.2.2.2.2.2.3.3.2.2.2.2.2.2.2.3.2.2.2.2.2.2",0.60461611485379,FALSE,TRUE,40
"2.2.2.2.2.2.3.2.3.2.2.2.2.2.2.3.2.2.2.2.2.2",0.48048362618083,FALSE,TRUE,39
"2.2.2.2.2.2.3.2.2.3.2.2.2.2.2.3.2.2.2.2.2.2",0.516812242516593,FALSE,TRUE,39
"2.2.2.2.2.2.3.2.2.2.3.2.2.2.2.3.2.2.2.2.2.2",0.644854896257574,FALSE,TRUE,39
"2.2.2.2.2.2.3.2.2.2.2.3.2.2.2.3.2.2.2.2.2.2",0.52629696879878,FALSE,TRUE,40
"2.2.2.2.2.2.3.2.2.2.2.2.3.2.2.3.2.2.2.2.2.2",0.619483693231837,FALSE,TRUE,39
"2.2.2.2.2.2.3.2.2.2.2.2.2.3.2.3.2.2.2.2.2.2",0.736620612392917,FALSE,TRUE,40
"2.2.2.2.2.2.3.2.2.2.2.2.2.2.3.3.2.2.2.2.2.2",0.546560879693438,FALSE,TRUE,40
"2.2.2.2.2.2.3.2.2.2.2.2.2.2.2.4.2.2.2.2.2.2",0.602328910288382,FALSE,TRUE,41
"2.2.2.2.2.2.3.2.2.2.2.2.2.2.2.3.3.2.2.2.2.2",0.558067947956867,FALSE,TRUE,40
"2.2.2.2.2.2.3.2.2.2.2.2.2.2.2.3.2.3.2.2.2.2",0.684695147373176,FALSE,TRUE,39
"2.2.2.2.2.2.3.2.2.2.2.2.2.2.2.3.2.2.3.2.2.2",0.604876274377233,FALSE,TRUE,40
"2.2.2.2.2.2.3.2.2.2.2.2.2.2.2.3.2.2.2.3.2.2",0.514070446036945,FALSE,TRUE,40
"2.2.2.2.2.2.3.2.2.2.2.2.2.2.2.3.2.2.2.2.3.2",0.491333781619629,FALSE,TRUE,40
"2.2.2.2.2.2.3.2.2.2.2.2.2.2.2.3.2.2.2.2.2.3",0.628881912059981,FALSE,TRUE,40
"2.1.2.2.2.2.3.2.2.2.2.2.2.2.2.3.2.2.2.2.2.2",0.5845895020816,FALSE,TRUE,39
"2.2.1.2.2.2.3.2.2.2.2.2.2.2.2.3.2.2.2.2.2.2",0.498760394880404,FALSE,TRUE,38
"2.2.2.1.2.2.3.2.2.2.2.2.2.2.2.3.2.2.2.2.2.2",0.613009111903217,FALSE,TRUE,39
"2.2.2.2.1.2.3.2.2.2.2.2.2.2.2.3.2.2.2.2.2.2",0.512623215531064,FALSE,TRUE,39
"2.2.2.2.2.1.3.2.2.2.2.2.2.2.2.3.2.2.2.2.2.2",0.513492404253554,FALSE,TRUE,39
"2.2.2.2.2.2.3.1.2.2.2.2.2.2.2.3.2.2.2.2.2.2",0.55816408789884,FALSE,TRUE,39
"2.2.2.2.2.2.3.2.1.2.2.2.2.2.2.3.2.2.2.2.2.2",0.631880172949418,FALSE,TRUE,39
"2.2.2.2.2.2.3.2.2.1.2.2.2.2.2.3.2.2.2.2.2.2",0.519522762586491,FALSE,TRUE,39
"2.2.2.2.2.2.3.2.2.2.1.2.2.2.2.3.2.2.2.2.2.2",0.505890676285377,FALSE,TRUE,39
"2.2.2.2.2.2.3.2.2.2.2.1.2.2.2.3.2.2.2.2.2.2",0.683316673179686,FALSE,TRUE,39
"2.2.2.2.2.2.3.2.2.2.2.2.1.2.2.3.2.2.2.2.2.2",0.381484061404521,FALSE,TRUE,39
"2.2.2.2.2.2.3.2.2.2.2.2.2.1.2.3.2.2.2.2.2.2",0.396084727750621,FALSE,TRUE,38
"2.2.2.2.2.2.3.2.2.2.2.2.2.2.1.3.2.2.2.2.2.2",0.630563642539446,FALSE,TRUE,39
"2.2.2.2.2.2.3.2.2.2.2.2.2.2.2.3.1.2.2.2.2.2",0.495345268083434,FALSE,TRUE,39
"2.2.2.2.2.2.3.2.2.2.2.2.2.2.2.3.2.1.2.2.2.2",0.477225654362165,FALSE,TRUE,39
"2.2.2.2.2.2.3.2.2.2.2.2.2.2.2.3.2.2.1.2.2.2",0.547520888319366,FALSE,TRUE,39
"2.2.2.2.2.2.3.2.2.2.2.2.2.2.2.3.2.2.2.2.1.2",0.603996378192563,FALSE,TRUE,39
"2.2.2.2.2.2.3.2.2.2.2.2.2.2.2.3.2.2.2.2.2.1",0.467544519910427,FALSE,TRUE,38
"3.3.2.3.2.2.3.2.2.2.2.2.2.2.2.2.2.2.2.2.1.2",0.358406217049977,FALSE,TRUE,40
"2.4.2.3.2.2.3.2.2.2.2.2.2.2.2.2.2.2.2.2.1.2",0.329240439974194,FALSE,TRUE,40
"2.3.3.3.2.2.3.2.2.2.2.2.2.2.2.2.2.2.2.2.1.2",0.616732174130787,FALSE,TRUE,40
"2.3.2.4.2.2.3.2.2.2.2.2.2.2.2.2.2.2.2.2.1.2",0.309431712576823,FALSE,TRUE,40
"2.3.2.3.3.2.3.2.2.2.2.2.2.2.2.2.2.2.2.2.1.2",0.615591843245892,FALSE,TRUE,40
"2.3.2.3.2.3.3.2.2.2.2.2.2.2.2.2.2.2.2.2.1.2",0.458133508590935,FALSE,TRUE,40
"2.3.2.3.2.2.4.2.2.2.2.2.2.2.2.2.2.2.2.2.1.2",0.29410873214848,FALSE,TRUE,41
"2.3.2.3.2.2.3.3.2.2.2.2.2.2.2.2.2.2.2.2.1.2",0.273619278072693,FALSE,TRUE,40
"2.3.2.3.2.2.3.2.2.3.2.2.2.2.2.2.2.2.2.2.1.2",0.478202922049572,FALSE,TRUE,41
"2.3.2.3.2.2.3.2.2.2.3.2.2.2.2.2.2.2.2.2.1.2",0.507576099124404,FALSE,TRUE,40
"2.3.2.3.2.2.3.2.2.2.2.3.2.2.2.2.2.2.2.2.1.2",0.347951583355873,FALSE,TRUE,40
"2.3.2.3.2.2.3.2.2.2.2.2.3.2.2.2.2.2.2.2.1.2",0.429383421153713,FALSE,TRUE,40
"2.3.2.3.2.2.3.2.2.2.2.2.2.3.2.2.2.2.2.2.1.2",0.326728417200439,FALSE,TRUE,40
"2.3.2.3.2.2.3.2.2.2.2.2.2.2.3.2.2.2.2.2.1.2",0.312600585470493,FALSE,TRUE,40
"2.3.2.3.2.2.3.2.2.2.2.2.2.2.2.3.2.2.2.2.1.2",0.468258433274966,FALSE,TRUE,40
"2.3.2.3.2.2.3.2.2.2.2.2.2.2.2.2.3.2.2.2.1.2",0.432308070083985,FALSE,TRUE,40
"2.3.2.3.2.2.3.2.2.2.2.2.2.2.2.2.2.3.2.2.1.2",0.39314235090642,FALSE,TRUE,40
"2.3.2.3.2.2.3.2.2.2.2.2.2.2.2.2.2.2.3.2.1.2",0.439223931458218,FALSE,TRUE,40
"2.3.2.3.2.2.3.2.2.2.2.2.2.2.2.2.2.2.2.3.1.2",0.519956907294385,FALSE,TRUE,40
"2.3.2.3.2.2.3.2.2.2.2.2.2.2.2.2.2.2.2.2.2.2",0.436458380773238,FALSE,TRUE,38
"2.3.2.3.2.2.3.2.2.2.2.2.2.2.2.2.2.2.2.2.1.3",0.353431165870248,FALSE,TRUE,40
"1.3.2.3.2.2.3.2.2.2.2.2.2.2.2.2.2.2.2.2.1.2",0.392051405466189,FALSE,TRUE,39
"2.2.2.3.2.2.3.2.2.2.2.2.2.2.2.2.2.2.2.2.1.2",0.529714383631558,FALSE,TRUE,38
"2.3.1.3.2.2.3.2.2.2.2.2.2.2.2.2.2.2.2.2.1.2",0.272651224581714,FALSE,TRUE,39
"2.3.2.2.2.2.3.2.2.2.2.2.2.2.2.2.2.2.2.2.1.2",0.516213156518536,FALSE,TRUE,38
"2.3.2.3.1.2.3.2.2.2.2.2.2.2.2.2.2.2.2.2.1.2",0.209770830943356,FALSE,TRUE,39
"2.3.2.3.2.1.3.2.2.2.2.2.2.2.2.2.2.2.2.2.1.2",0.347602721776816,FALSE,TRUE,39
"2.3.2.3.2.2.3.1.2.2.2.2.2.2.2.2.2.2.2.2.1.2",0.541846485355648,FALSE,TRUE,39
"2.3.2.3.2.2.3.2.1.2.2.2.2.2.2.2.2.2.2.2.1.2",0.400856861760278,FALSE,TRUE,39
"2.3.2.3.2.2.3.2.2.2.1.2.2.2.2.2.2.2.2.2.1.2",0.295892290242138,FALSE,TRUE,39
"2.3.2.3.2.2.3.2.2.2.2.1.2.2.2.2.2.2.2.2.1.2",0.505497733225633,FALSE,TRUE,39
"2.3.2.3.2.2.3.2.2.2.2.2.1.2.2.2.2.2.2.2.1.2",0.297217489584408,FALSE,TRUE,39
"2.3.2.3.2.2.3.2.2.2.2.2.2.1.2.2.2.2.2.2.1.2",0.496267739690026,FALSE,TRUE,39
"2.3.2.3.2.2.3.2.2.2.2.2.2.2.1.2.2.2.2.2.1.2",0.525198372513866,FALSE,TRUE,39
"2.3.2.3.2.2.3.2.2.2.2.2.2.2.2.1.2.2.2.2.1.2",0.379170848822732,FALSE,TRUE,39
"2.3.2.3.2.2.3.2.2.2.2.2.2.2.2.2.1.2.2.2.1.2",0.34459805693068,FALSE,TRUE,39
"2.3.2.3.2.2.3.2.2.2.2.2.2.2.2.2.2.1.2.2.1.2",0.467400276200369,FALSE,TRUE,39
"2.3.2.3.2.2.3.2.2.2.2.2.2.2.2.2.2.2.1.2.1.2",0.391699999572167,FALSE,TRUE,39
"2.3.2.3.2.2.3.2.2.2.2.2.2.2.2.2.2.2.2.1.1.2",0.247428631663944,FALSE,TRUE,39
"2.3.2.3.2.2.3.2.2.2.2.2.2.2.2.2.2.2.2.2.1.1",0.453405959455925,FALSE,TRUE,39
"3.2.2.2.2.2.2.2.3.2.2.3.2.2.1.2.2.2.2.2.2.2",0.294684283751653,FALSE,TRUE,41
"2.3.2.2.2.2.2.2.3.2.2.3.2.2.1.2.2.2.2.2.2.2",0.447322907862693,FALSE,TRUE,41
"2.2.3.2.2.2.2.2.3.2.2.3.2.2.1.2.2.2.2.2.2.2",0.430513287037624,FALSE,TRUE,41
"2.2.2.3.2.2.2.2.3.2.2.3.2.2.1.2.2.2.2.2.2.2",0.394075410785246,FALSE,TRUE,40
"2.2.2.2.3.2.2.2.3.2.2.3.2.2.1.2.2.2.2.2.2.2",0.354296356043766,FALSE,TRUE,41
"2.2.2.2.2.3.2.2.3.2.2.3.2.2.1.2.2.2.2.2.2.2",0.49750441556913,FALSE,TRUE,41
"2.2.2.2.2.2.3.2.3.2.2.3.2.2.1.2.2.2.2.2.2.2",0.339946026315084,FALSE,TRUE,41
"2.2.2.2.2.2.2.3.3.2.2.3.2.2.1.2.2.2.2.2.2.2",0.406617618824686,FALSE,TRUE,41
"2.2.2.2.2.2.2.2.4.2.2.3.2.2.1.2.2.2.2.2.2.2",0.311062354082522,FALSE,TRUE,41
"2.2.2.2.2.2.2.2.3.3.2.3.2.2.1.2.2.2.2.2.2.2",0.271118278700116,FALSE,TRUE,41
"2.2.2.2.2.2.2.2.3.2.3.3.2.2.1.2.2.2.2.2.2.2",0.359423183495544,FALSE,TRUE,41
"2.2.2.2.2.2.2.2.3.2.2.4.2.2.1.2.2.2.2.2.2.2",0.38950261416702,FALSE,TRUE,42
"2.2.2.2.2.2.2.2.3.2.2.3.3.2.1.2.2.2.2.2.2.2",0.315049682214235,FALSE,TRUE,41
"2.2.2.2.2.2.2.2.3.2.2.3.2.3.1.2.2.2.2.2.2.2",0.56073218642222,FALSE,TRUE,41
"2.2.2.2.2.2.2.2.3.2.2.3.2.2.1.3.2.2.2.2.2.2",0.519005849510212,FALSE,TRUE,41
"2.2.2.2.2.2.2.2.3.2.2.3.2.2.1.2.3.2.2.2.2.2",0.417596266234788,FALSE,TRUE,41
"2.2.2.2.2.2.2.2.3.2.2.3.2.2.1.2.2.3.2.2.2.2",0.411815081808213,FALSE,TRUE,41
"2.2.2.2.2.2.2.2.3.2.2.3.2.2.1.2.2.2.3.2.2.2",0.344990653299474,FALSE,TRUE,41
"2.2.2.2.2.2.2.2.3.2.2.3.2.2.1.2.2.2.2.3.2.2",0.303741455934813,FALSE,TRUE,41
"2.2.2.2.2.2.2.2.3.2.2.3.2.2.1.2.2.2.2.2.3.2",0.351534482962384,FALSE,TRUE,41
"2.2.2.2.2.2.2.2.3.2.2.3.2.2.1.2.2.2.2.2.2.3",0.335518026948803,FALSE,TRUE,41
"1.2.2.2.2.2.2.2.3.2.2.3.2.2.1.2.2.2.2.2.2.2",0.472556741088797,FALSE,TRUE,40
"2.1.2.2.2.2.2.2.3.2.2.3.2.2.1.2.2.2.2.2.2.2",0.346922576715559,FALSE,TRUE,40
"2.2.1.2.2.2.2.2.3.2.2.3.2.2.1.2.2.2.2.2.2.2",0.33144344974545,FALSE,TRUE,40
"2.2.2.1.2.2.2.2.3.2.2.3.2.2.1.2.2.2.2.2.2.2",0.440114682310008,FALSE,TRUE,40
"2.2.2.2.1.2.2.2.3.2.2.3.2.2.1.2.2.2.2.2.2.2",0.413266482816202,FALSE,TRUE,40
"2.2.2.2.2.1.2.2.3.2.2.3.2.2.1.2.2.2.2.2.2.2",0.282772759012975,FALSE,TRUE,40
"2.2.2.2.2.2.1.2.3.2.2.3.2.2.1.2.2.2.2.2.2.2",0.386866716288081,FALSE,TRUE,40
"2.2.2.2.2.2.2.1.3.2.2.3.2.2.1.2.2.2.2.2.2.2",0.349691054116354,FALSE,TRUE,40
"2.2.2.2.2.2.2.2.2.2.2.3.2.2.1.2.2.2.2.2.2.2",0.460583788853691,FALSE,TRUE,40
"2.2.2.2.2.2.2.2.3.1.2.3.2.2.1.2.2.2.2.2.2.2",0.4687853776804,FALSE,TRUE,40
"2.2.2.2.2.2.2.2.3.2.1.3.2.2.1.2.2.2.2.2.2.2",0.434510148612157,FALSE,TRUE,40
"2.2.2.2.2.2.2.2.3.2.2.3.1.2.1.2.2.2.2.2.2.2",0.311790130780445,FALSE,TRUE,40
"2.2.2.2.2.2.2.2.3.2.2.3.2.1.1.2.2.2.2.2.2.2",0.255970479651959,FALSE,TRUE,40
"2.2.2.2.2.2.2.2.3.2.2.3.2.2.1.1.2.2.2.2.2.2",0.266603066096591,FALSE,TRUE,40
"2.2.2.2.2.2.2.2.3.2.2.3.2.2.1.2.1.2.2.2.2.2",0.361197257567843,FALSE,TRUE,40
"2.2.2.2.2.2.2.2.3.2.2.3.2.2.1.2.2.1.2.2.2.2",0.426863322802978,FALSE,TRUE,40
"2.2.2.2.2.2.2.2.3.2.2.3.2.2.1.2.2.2.1.2.2.2",0.435882568001697,FALSE,TRUE,40
"2.2.2.2.2.2.2.2.3.2.2.3.2.2.1.2.2.2.2.1.2.2",0.420543006045355,FALSE,TRUE,40
"2.2.2.2.2.2.2.2.3.2.2.3.2.2.1.2.2.2.2.2.1.2",0.384705773842013,FALSE,TRUE,40
"2.2.2.2.2.2.2.2.3.2.2.3.2.2.1.2.2.2.2.2.2.1",0.354032839258315,FALSE,TRUE,40
"3.2.2.3.3.2.2.2.3.3.2.2.2.2.2.2.2.2.2.2.2.2",0.098268915670688,FALSE,TRUE,42
"2.3.2.3.3.2.2.2.3.3.2.2.2.2.2.2.2.2.2.2.2.2",0.376828406178565,FALSE,TRUE,41
"2.2.3.3.3.2.2.2.3.3.2.2.2.2.2.2.2.2.2.2.2.2",0.195928372344417,FALSE,TRUE,42
"2.2.2.4.3.2.2.2.3.3.2.2.2.2.2.2.2.2.2.2.2.2",0.26642546459907,FALSE,TRUE,42
"2.2.2.3.4.2.2.2.3.3.2.2.2.2.2.2.2.2.2.2.2.2",0.183597417462503,FALSE,TRUE,42
"2.2.2.3.3.3.2.2.3.3.2.2.2.2.2.2.2.2.2.2.2.2",0.287405235855432,FALSE,TRUE,42
"2.2.2.3.3.2.3.2.3.3.2.2.2.2.2.2.2.2.2.2.2.2",0.178644094239312,FALSE,TRUE,42
"2.2.2.3.3.2.2.3.3.3.2.2.2.2.2.2.2.2.2.2.2.2",0.25957176557203,FALSE,TRUE,42
"2.2.2.3.3.2.2.2.4.3.2.2.2.2.2.2.2.2.2.2.2.2",0.13929435655529,FALSE,TRUE,42
"2.2.2.3.3.2.2.2.3.4.2.2.2.2.2.2.2.2.2.2.2.2",-0.0375345361067481,FALSE,TRUE,43
"2.2.2.3.3.2.2.2.3.3.3.2.2.2.2.2.2.2.2.2.2.2",0.169309136786366,FALSE,TRUE,42
"2.2.2.3.3.2.2.2.3.3.2.3.2.2.2.2.2.2.2.2.2.2",0.223768091190926,FALSE,TRUE,42
"2.2.2.3.3.2.2.2.3.3.2.2.3.2.2.2.2.2.2.2.2.2",0.0915266985453109,FALSE,TRUE,42
"2.2.2.3.3.2.2.2.3.3.2.2.2.3.2.2.2.2.2.2.2.2",0.421440140384935,FALSE,TRUE,42
"2.2.2.3.3.2.2.2.3.3.2.2.2.2.3.2.2.2.2.2.2.2",0.295196513310715,FALSE,TRUE,42
"2.2.2.3.3.2.2.2.3.3.2.2.2.2.2.3.2.2.2.2.2.2",0.218651664084533,FALSE,TRUE,42
"2.2.2.3.3.2.2.2.3.3.2.2.2.2.2.2.3.2.2.2.2.2",0.232455148424954,FALSE,TRUE,42
"2.2.2.3.3.2.2.2.3.3.2.2.2.2.2.2.2.3.2.2.2.2",0.196289183447243,FALSE,TRUE,42
"2.2.2.3.3.2.2.2.3.3.2.2.2.2.2.2.2.2.3.2.2.2",0.174805590686926,FALSE,TRUE,42
"2.2.2.3.3.2.2.2.3.3.2.2.2.2.2.2.2.2.2.3.2.2",0.201231101449946,FALSE,TRUE,42
"2.2.2.3.3.2.2.2.3.3.2.2.2.2.2.2.2.2.2.2.3.2",0.0391040046696242,FALSE,TRUE,42
"2.2.2.3.3.2.2.2.3.3.2.2.2.2.2.2.2.2.2.2.2.3",0.24018333935051,FALSE,TRUE,42
"1.2.2.3.3.2.2.2.3.3.2.2.2.2.2.2.2.2.2.2.2.2",0.316755906827503,FALSE,TRUE,41
"2.1.2.3.3.2.2.2.3.3.2.2.2.2.2.2.2.2.2.2.2.2",0.0868565188607547,FALSE,TRUE,41
"2.2.1.3.3.2.2.2.3.3.2.2.2.2.2.2.2.2.2.2.2.2",0.194991069713375,FALSE,TRUE,41
"2.2.2.2.3.2.2.2.3.3.2.2.2.2.2.2.2.2.2.2.2.2",0.241334941268732,FALSE,TRUE,40
"2.2.2.3.3.1.2.2.3.3.2.2.2.2.2.2.2.2.2.2.2.2",0.167092175334562,FALSE,TRUE,41
"2.2.2.3.3.2.1.2.3.3.2.2.2.2.2.2.2.2.2.2.2.2",0.289194345637913,FALSE,TRUE,41
"2.2.2.3.3.2.2.1.3.3.2.2.2.2.2.2.2.2.2.2.2.2",0.138354137476894,FALSE,TRUE,41
"2.2.2.3.3.2.2.2.2.3.2.2.2.2.2.2.2.2.2.2.2.2",0.317188798632873,FALSE,TRUE,42
"2.2.2.3.3.2.2.2.3.3.1.2.2.2.2.2.2.2.2.2.2.2",0.304001154198187,FALSE,TRUE,41
"2.2.2.3.3.2.2.2.3.3.2.2.1.2.2.2.2.2.2.2.2.2",0.277338823938234,FALSE,TRUE,41
"2.2.2.3.3.2.2.2.3.3.2.2.2.1.2.2.2.2.2.2.2.2",0.103368428347634,FALSE,TRUE,41
"2.2.2.3.3.2.2.2.3.3.2.2.2.2.1.2.2.2.2.2.2.2",0.205527789826214,FALSE,TRUE,41
"2.2.2.3.3.2.2.2.3.3.2.2.2.2.2.1.2.2.2.2.2.2",0.23126357140538,FALSE,TRUE,41
"2.2.2.3.3.2.2.2.3.3.2.2.2.2.2.2.1.2.2.2.2.2",0.189330333402041,FALSE,TRUE,41
"2.2.2.3.3.2.2.2.3.3.2.2.2.2.2.2.2.1.2.2.2.2",0.289927962728149,FALSE,TRUE,40
"2.2.2.3.3.2.2.2.3.3.2.2.2.2.2.2.2.2.1.2.2.2",0.263308695162739,FALSE,TRUE,41
"2.2.2.3.3.2.2.2.3.3.2.2.2.2.2.2.2.2.2.1.2.2",0.310593975233823,FALSE,TRUE,41
"2.2.2.3.3.2.2.2.3.3.2.2.2.2.2.2.2.2.2.2.1.2",0.422401638444087,FALSE,TRUE,41
"2.2.2.3.3.2.2.2.3.3.2.2.2.2.2.2.2.2.2.2.2.1",0.168351027308183,FALSE,TRUE,41
"3.2.2.1.2.2.2.2.2.2.3.2.3.2.2.2.2.2.2.3.2.1",0.355936824234712,FALSE,TRUE,40
"2.3.2.1.2.2.2.2.2.2.3.2.3.2.2.2.2.2.2.3.2.1",0.407266463740059,FALSE,TRUE,40
"2.2.3.1.2.2.2.2.2.2.3.2.3.2.2.2.2.2.2.3.2.1",0.325274502187631,FALSE,TRUE,40
"2.2.2.2.2.2.2.2.2.2.3.2.3.2.2.2.2.2.2.3.2.1",0.421984108577856,FALSE,TRUE,41
"2.2.2.1.3.2.2.2.2.2.3.2.3.2.2.2.2.2.2.3.2.1",0.349832071074447,FALSE,TRUE,40
"2.2.2.1.2.3.2.2.2.2.3.2.3.2.2.2.2.2.2.3.2.1",0.376036453413582,FALSE,TRUE,40
"2.2.2.1.2.2.3.2.2.2.3.2.3.2.2.2.2.2.2.3.2.1",0.310840129309613,FALSE,TRUE,40
"2.2.2.1.2.2.2.3.2.2.3.2.3.2.2.2.2.2.2.3.2.1",0.421621528051319,FALSE,TRUE,40
"2.2.2.1.2.2.2.2.3.2.3.2.3.2.2.2.2.2.2.3.2.1",0.24819878900155,FALSE,TRUE,40
"2.2.2.1.2.2.2.2.2.3.3.2.3.2.2.2.2.2.2.3.2.1",0.292758787102997,FALSE,TRUE,40
"2.2.2.1.2.2.2.2.2.2.4.2.3.2.2.2.2.2.2.3.2.1",0.321201054015363,FALSE,TRUE,39
"2.2.2.1.2.2.2.2.2.2.3.3.3.2.2.2.2.2.2.3.2.1",0.371614340227408,FALSE,TRUE,40
"2.2.2.1.2.2.2.2.2.2.3.2.4.2.2.2.2.2.2.3.2.1",0.465184552098551,FALSE,TRUE,40
"2.2.2.1.2.2.2.2.2.2.3.2.3.3.2.2.2.2.2.3.2.1",0.511710993274167,FALSE,TRUE,40
"2.2.2.1.2.2.2.2.2.2.3.2.3.2.3.2.2.2.2.3.2.1",0.448782904721177,FALSE,TRUE,40
"2.2.2.1.2.2.2.2.2.2.3.2.3.2.2.3.2.2.2.3.2.1",0.294351874555463,FALSE,TRUE,40
"2.2.2.1.2.2.2.2.2.2.3.2.3.2.2.2.3.2.2.3.2.1",0.428376273685123,FALSE,TRUE,40
"2.2.2.1.2.2.2.2.2.2.3.2.3.2.2.2.2.3.2.3.2.1",0.494669458734121,FALSE,TRUE,40
"2.2.2.1.2.2.2.2.2.2.3.2.3.2.2.2.2.2.3.3.2.1",0.388407392843524,FALSE,TRUE,40
"2.2.2.1.2.2.2.2.2.2.3.2.3.2.2.2.2.2.2.4.2.1",0.260800050144403,FALSE,TRUE,41
"2.2.2.1.2.2.2.2.2.2.3.2.3.2.2.2.2.2.2.3.3.1",0.259530951994301,FALSE,TRUE,40
"1.2.2.1.2.2.2.2.2.2.3.2.3.2.2.2.2.2.2.3.2.1",0.312894779870903,FALSE,TRUE,39
"2.1.2.1.2.2.2.2.2.2.3.2.3.2.2.2.2.2.2.3.2.1",0.328364918340058,FALSE,TRUE,39
"2.2.1.1.2.2.2.2.2.2.3.2.3.2.2.2.2.2.2.3.2.1",0.340537037751016,FALSE,TRUE,39
"2.2.2.1.1.2.2.2.2.2.3.2.3.2.2.2.2.2.2.3.2.1",0.434878200895865,FALSE,TRUE,39
"2.2.2.1.2.1.2.2.2.2.3.2.3.2.2.2.2.2.2.3.2.1",0.356651659789574,FALSE,TRUE,39
"2.2.2.1.2.2.1.2.2.2.3.2.3.2.2.2.2.2.2.3.2.1",0.374102491649933,FALSE,TRUE,39
"2.2.2.1.2.2.2.1.2.2.3.2.3.2.2.2.2.2.2.3.2.1",0.269502643323282,FALSE,TRUE,39
"2.2.2.1.2.2.2.2.1.2.3.2.3.2.2.2.2.2.2.3.2.1",0.399397747131723,FALSE,TRUE,39
"2.2.2.1.2.2.2.2.2.1.3.2.3.2.2.2.2.2.2.3.2.1",0.419443087123334,FALSE,TRUE,39
"2.2.2.1.2.2.2.2.2.2.2.2.3.2.2.2.2.2.2.3.2.1",0.392291213248627,FALSE,TRUE,40
"2.2.2.1.2.2.2.2.2.2.3.1.3.2.2.2.2.2.2.3.2.1",0.359251805541972,FALSE,TRUE,39
"2.2.2.1.2.2.2.2.2.2.3.2.2.2.2.2.2.2.2.3.2.1",0.213808830555505,FALSE,TRUE,39
"2.2.2.1.2.2.2.2.2.2.3.2.3.1.2.2.2.2.2.3.2.1",0.221434628285688,FALSE,TRUE,39
"2.2.2.1.2.2.2.2.2.2.3.2.3.2.1.2.2.2.2.3.2.1",0.306185184298643,FALSE,TRUE,39
"2.2.2.1.2.2.2.2.2.2.3.2.3.2.2.1.2.2.2.3.2.1",0.377561888387374,FALSE,TRUE,39
"2.2.2.1.2.2.2.2.2.2.3.2.3.2.2.2.1.2.2.3.2.1",0.233409538294066,FALSE,TRUE,39
"2.2.2.1.2.2.2.2.2.2.3.2.3.2.2.2.2.1.2.3.2.1",0.262368143625557,FALSE,TRUE,39
"2.2.2.1.2.2.2.2.2.2.3.2.3.2.2.2.2.2.1.3.2.1",0.273074605649217,FALSE,TRUE,39
"2.2.2.1.2.2.2.2.2.2.3.2.3.2.2.2.2.2.2.3.1.1",0.395975809726658,FALSE,TRUE,39
"3.2.2.2.2.2.2.2.2.2.2.2.2.2.2.2.2.3.2.2.2.2",0.51640734718275,FALSE,TRUE,42
"2.3.2.2.2.2.2.2.2.2.2.2.2.2.2.2.2.3.2.2.2.2",0.588075209268147,FALSE,TRUE,41
"2.2.3.2.2.2.2.2.2.2.2.2.2.2.2.2.2.3.2.2.2.2",0.66501088326238,FALSE,TRUE,42
"2.2.2.3.2.2.2.2.2.2.2.2.2.2.2.2.2.3.2.2.2.2",0.523162708435655,FALSE,TRUE,41
"2.2.2.2.3.2.2.2.2.2.2.2.2.2.2.2.2.3.2.2.2.2",0.551952717501999,FALSE,TRUE,42
"2.2.2.2.2.3.2.2.2.2.2.2.2.2.2.2.2.3.2.2.2.2",0.739154199402326,FALSE,TRUE,42
"2.2.2.2.2.2.2.3.2.2.2.2.2.2.2.2.2.3.2.2.2.2",0.582221652609548,FALSE,TRUE,42
"2.2.2.2.2.2.2.2.2.3.2.2.2.2.2.2.2.3.2.2.2.2",0.50333633087957,FALSE,TRUE,42
"2.2.2.2.2.2.2.2.2.2.2.3.2.2.2.2.2.3.2.2.2.2",0.460752194180548,FALSE,TRUE,40
"2.2.2.2.2.2.2.2.2.2.2.2.2.3.2.2.2.3.2.2.2.2",0.741976804800981,FALSE,TRUE,41
"2.2.2.2.2.2.2.2.2.2.2.2.2.2.3.2.2.3.2.2.2.2",0.538680768020319,FALSE,TRUE,42
"2.2.2.2.2.2.2.2.2.2.2.2.2.2.2.3.2.3.2.2.2.2",0.690176142298972,FALSE,TRUE,40
"2.2.2.2.2.2.2.2.2.2.2.2.2.2.2.2.3.3.2.2.2.2",0.564057313674162,FALSE,TRUE,42
"2.2.2.2.2.2.2.2.2.2.2.2.2.2.2.2.2.4.2.2.2.2",0.551864139728186,FALSE,TRUE,43
"2.2.2.2.2.2.2.2.2.2.2.2.2.2.2.2.2.3.3.2.2.2",0.596922575762624,FALSE,TRUE,40
"2.2.2.2.2.2.2.2.2.2.2.2.2.2.2.2.2.3.2.3.2.2",0.51868466320526,FALSE,TRUE,42
"2.2.2.2.2.2.2.2.2.2.2.2.2.2.2.2.2.3.2.2.3.2",0.469686525421915,FALSE,TRUE,42
"2.2.2.2.2.2.2.2.2.2.2.2.2.2.2.2.2.3.2.2.2.3",0.573743736619416,FALSE,TRUE,42
"1.2.2.2.2.2.2.2.2.2.2.2.2.2.2.2.2.3.2.2.2.2",0.565383050521585,FALSE,TRUE,38
"2.1.2.2.2.2.2.2.2.2.2.2.2.2.2.2.2.3.2.2.2.2",0.564166069800489,FALSE,TRUE,36
"2.2.1.2.2.2.2.2.2.2.2.2.2.2.2.2.2.3.2.2.2.2",0.443995949077958,FALSE,TRUE,41
"2.2.2.2.1.2.2.2.2.2.2.2.2.2.2.2.2.3.2.2.2.2",0.532722878573073,FALSE,TRUE,41
"2.2.2.2.2.1.2.2.2.2.2.2.2.2.2.2.2.3.2.2.2.2",0.421000834621184,FALSE,TRUE,41
"2.2.2.2.2.2.1.2.2.2.2.2.2.2.2.2.2.3.2.2.2.2",0.491262057284089,FALSE,TRUE,41
"2.2.2.2.2.2.2.1.2.2.2.2.2.2.2.2.2.3.2.2.2.2",0.549993930016487,FALSE,TRUE,41
"2.2.2.2.2.2.2.2.1.2.2.2.2.2.2.2.2.3.2.2.2.2",0.532056800946068,FALSE,TRUE,41
"2.2.2.2.2.2.2.2.2.1.2.2.2.2.2.2.2.3.2.2.2.2",0.505851722211341,FALSE,TRUE,39
"2.2.2.2.2.2.2.2.2.2.1.2.2.2.2.2.2.3.2.2.2.2",0.403514017911897,FALSE,TRUE,41
"2.2.2.2.2.2.2.2.2.2.2.1.2.2.2.2.2.3.2.2.2.2",0.691593497950079,FALSE,TRUE,40
"2.2.2.2.2.2.2.2.2.2.2.2.1.2.2.2.2.3.2.2.2.2",0.471174038937885,FALSE,TRUE,41
"2.2.2.2.2.2.2.2.2.2.2.2.2.2.1.2.2.3.2.2.2.2",0.594648690761664,FALSE,TRUE,40
"2.2.2.2.2.2.2.2.2.2.2.2.2.2.2.1.2.3.2.2.2.2",0.425604073890657,FALSE,TRUE,41
"2.2.2.2.2.2.2.2.2.2.2.2.2.2.2.2.1.3.2.2.2.2",0.461520360146614,FALSE,TRUE,41
"2.2.2.2.2.2.2.2.2.2.2.2.2.2.2.2.2.3.1.2.2.2",0.513603687228211,FALSE,TRUE,41
"2.2.2.2.2.2.2.2.2.2.2.2.2.2.2.2.2.3.2.1.2.2",0.492169186557638,FALSE,TRUE,40
"2.2.2.2.2.2.2.2.2.2.2.2.2.2.2.2.2.3.2.2.1.2",0.603708405665472,FALSE,TRUE,41
"2.2.2.2.2.2.2.2.2.2.2.2.2.2.2.2.2.3.2.2.2.1",0.518026691634652,FALSE,TRUE,39
"3.2.2.2.3.2.2.2.3.2.2.1.2.2.2.2.2.2.2.2.2.2",0.430569275114884,FALSE,TRUE,40
"2.3.2.2.3.2.2.2.3.2.2.1.2.2.2.2.2.2.2.2.2.2",0.560168825192978,FALSE,TRUE,40
"2.2.3.2.3.2.2.2.3.2.2.1.2.2.2.2.2.2.2.2.2.2",0.410555824325233,FALSE,TRUE,40
"2.2.2.2.4.2.2.2.3.2.2.1.2.2.2.2.2.2.2.2.2.2",0.332431329017293,FALSE,TRUE,41
"2.2.2.2.3.3.2.2.3.2.2.1.2.2.2.2.2.2.2.2.2.2",0.507319076545193,FALSE,TRUE,40
"2.2.2.2.3.2.3.2.3.2.2.1.2.2.2.2.2.2.2.2.2.2",0.48224801104666,FALSE,TRUE,40
"2.2.2.2.3.2.2.3.3.2.2.1.2.2.2.2.2.2.2.2.2.2",0.475351307650891,FALSE,TRUE,40
"2.2.2.2.3.2.2.2.4.2.2.1.2.2.2.2.2.2.2.2.2.2",0.364538821814136,FALSE,TRUE,40
"2.2.2.2.3.2.2.2.3.3.2.1.2.2.2.2.2.2.2.2.2.2",0.270356037299836,FALSE,TRUE,39
"2.2.2.2.3.2.2.2.3.2.3.1.2.2.2.2.2.2.2.2.2.2",0.424041332720381,FALSE,TRUE,40
"2.2.2.2.3.2.2.2.3.2.2.1.3.2.2.2.2.2.2.2.2.2",0.41312500378139,FALSE,TRUE,40
"2.2.2.2.3.2.2.2.3.2.2.1.2.3.2.2.2.2.2.2.2.2",0.685516097742602,FALSE,TRUE,40
"2.2.2.2.3.2.2.2.3.2.2.1.2.2.3.2.2.2.2.2.2.2",0.534055560589265,FALSE,TRUE,40
"2.2.2.2.3.2.2.2.3.2.2.1.2.2.2.3.2.2.2.2.2.2",0.478898670363088,FALSE,TRUE,40
"2.2.2.2.3.2.2.2.3.2.2.1.2.2.2.2.3.2.2.2.2.2",0.5185665668362,FALSE,TRUE,40
"2.2.2.2.3.2.2.2.3.2.2.1.2.2.2.2.2.3.2.2.2.2",0.556709929312979,FALSE,TRUE,40
"2.2.2.2.3.2.2.2.3.2.2.1.2.2.2.2.2.2.3.2.2.2",0.46201139622256,FALSE,TRUE,40
"2.2.2.2.3.2.2.2.3.2.2.1.2.2.2.2.2.2.2.3.2.2",0.452612078091739,FALSE,TRUE,40
"2.2.2.2.3.2.2.2.3.2.2.1.2.2.2.2.2.2.2.2.3.2",0.293774092994237,FALSE,TRUE,40
"2.2.2.2.3.2.2.2.3.2.2.1.2.2.2.2.2.2.2.2.2.3",0.510334356926012,FALSE,TRUE,40
"1.2.2.2.3.2.2.2.3.2.2.1.2.2.2.2.2.2.2.2.2.2",0.456996427378509,FALSE,TRUE,39
"2.1.2.2.3.2.2.2.3.2.2.1.2.2.2.2.2.2.2.2.2.2",0.35463383543127,FALSE,TRUE,39
"2.2.1.2.3.2.2.2.3.2.2.1.2.2.2.2.2.2.2.2.2.2",0.444447924318272,FALSE,TRUE,39
"2.2.2.1.3.2.2.2.3.2.2.1.2.2.2.2.2.2.2.2.2.2",0.377758582911173,FALSE,TRUE,40
"2.2.2.2.3.1.2.2.3.2.2.1.2.2.2.2.2.2.2.2.2.2",0.394489829486767,FALSE,TRUE,39
"2.2.2.2.3.2.1.2.3.2.2.1.2.2.2.2.2.2.2.2.2.2",0.405642877264264,FALSE,TRUE,39
"2.2.2.2.3.2.2.1.3.2.2.1.2.2.2.2.2.2.2.2.2.2",0.385475554267957,FALSE,TRUE,39
"2.2.2.2.3.2.2.2.2.2.2.1.2.2.2.2.2.2.2.2.2.2",0.523356112332044,FALSE,TRUE,39
"2.2.2.2.3.2.2.2.3.1.2.1.2.2.2.2.2.2.2.2.2.2",0.578072510689023,FALSE,TRUE,39
"2.2.2.2.3.2.2.2.3.2.1.1.2.2.2.2.2.2.2.2.2.2",0.507760141916774,FALSE,TRUE,39
"2.2.2.2.3.2.2.2.3.2.2.1.1.2.2.2.2.2.2.2.2.2",0.351453024771886,FALSE,TRUE,39
"2.2.2.2.3.2.2.2.3.2.2.1.2.1.2.2.2.2.2.2.2.2",0.252631401537015,FALSE,TRUE,39
"2.2.2.2.3.2.2.2.3.2.2.1.2.2.1.2.2.2.2.2.2.2",0.414961052974863,FALSE,TRUE,38
"2.2.2.2.3.2.2.2.3.2.2.1.2.2.2.1.2.2.2.2.2.2",0.413814091582727,FALSE,TRUE,39
"2.2.2.2.3.2.2.2.3.2.2.1.2.2.2.2.1.2.2.2.2.2",0.324154256312014,FALSE,TRUE,39
"2.2.2.2.3.2.2.2.3.2.2.1.2.2.2.2.2.1.2.2.2.2",0.417044697297259,FALSE,TRUE,39
"2.2.2.2.3.2.2.2.3.2.2.1.2.2.2.2.2.2.1.2.2.2",0.411389264608521,FALSE,TRUE,39
"2.2.2.2.3.2.2.2.3.2.2.1.2.2.2.2.2.2.2.1.2.2",0.401893626694766,FALSE,TRUE,39
"2.2.2.2.3.2.2.2.3.2.2.1.2.2.2.2.2.2.2.2.1.2",0.57830497684733,FALSE,TRUE,39
"2.2.2.2.3.2.2.2.3.2.2.1.2.2.2.2.2.2.2.2.2.1",0.322722119748772,FALSE,TRUE,39
"1.3.2.2.2.2.3.2.2.2.2.2.2.2.2.3.2.2.2.2.2.2",0.487897720162278,FALSE,TRUE,40
"1.2.3.2.2.2.3.2.2.2.2.2.2.2.2.3.2.2.2.2.2.2",0.543047749078775,FALSE,TRUE,40
"1.2.2.3.2.2.3.2.2.2.2.2.2.2.2.3.2.2.2.2.2.2",0.517269107015925,FALSE,TRUE,40
"1.2.2.2.3.2.3.2.2.2.2.2.2.2.2.3.2.2.2.2.2.2",0.54840785061492,FALSE,TRUE,40
"1.2.2.2.2.3.3.2.2.2.2.2.2.2.2.3.2.2.2.2.2.2",0.588190938139148,FALSE,TRUE,40
"1.2.2.2.2.2.4.2.2.2.2.2.2.2.2.3.2.2.2.2.2.2",0.514927886409697,FALSE,TRUE,41
"1.2.2.2.2.2.3.3.2.2.2.2.2.2.2.3.2.2.2.2.2.2",0.485472287868054,FALSE,TRUE,40
"1.2.2.2.2.2.3.2.3.2.2.2.2.2.2.3.2.2.2.2.2.2",0.496501211264603,FALSE,TRUE,40
"1.2.2.2.2.2.3.2.2.3.2.2.2.2.2.3.2.2.2.2.2.2",0.528956390154302,FALSE,TRUE,40
"1.2.2.2.2.2.3.2.2.2.3.2.2.2.2.3.2.2.2.2.2.2",0.590113191629396,FALSE,TRUE,40
"1.2.2.2.2.2.3.2.2.2.2.3.2.2.2.3.2.2.2.2.2.2",0.509776249593935,FALSE,TRUE,40
"1.2.2.2.2.2.3.2.2.2.2.2.3.2.2.3.2.2.2.2.2.2",0.598091171230017,FALSE,TRUE,40
"1.2.2.2.2.2.3.2.2.2.2.2.2.3.2.3.2.2.2.2.2.2",0.625897380815071,FALSE,TRUE,39
"1.2.2.2.2.2.3.2.2.2.2.2.2.2.3.3.2.2.2.2.2.2",0.513566395380233,FALSE,TRUE,40
"1.2.2.2.2.2.3.2.2.2.2.2.2.2.2.4.2.2.2.2.2.2",0.506138167502286,FALSE,TRUE,40
"1.2.2.2.2.2.3.2.2.2.2.2.2.2.2.3.3.2.2.2.2.2",0.583267686083823,FALSE,TRUE,40
"1.2.2.2.2.2.3.2.2.2.2.2.2.2.2.3.2.3.2.2.2.2",0.676289433491113,FALSE,TRUE,40
"1.2.2.2.2.2.3.2.2.2.2.2.2.2.2.3.2.2.3.2.2.2",0.540437269891726,FALSE,TRUE,40
"1.2.2.2.2.2.3.2.2.2.2.2.2.2.2.3.2.2.2.3.2.2",0.507757075363022,FALSE,TRUE,40
"1.2.2.2.2.2.3.2.2.2.2.2.2.2.2.3.2.2.2.2.3.2",0.525056160449077,FALSE,TRUE,40
"1.2.2.2.2.2.3.2.2.2.2.2.2.2.2.3.2.2.2.2.2.3",0.603384218414769,FALSE,TRUE,40
"1.1.2.2.2.2.3.2.2.2.2.2.2.2.2.3.2.2.2.2.2.2",0.559078134169479,FALSE,TRUE,39
"1.2.1.2.2.2.3.2.2.2.2.2.2.2.2.3.2.2.2.2.2.2",0.463014676853602,FALSE,TRUE,39
"1.2.2.1.2.2.3.2.2.2.2.2.2.2.2.3.2.2.2.2.2.2",0.54093694005086,FALSE,TRUE,39
"1.2.2.2.1.2.3.2.2.2.2.2.2.2.2.3.2.2.2.2.2.2",0.436076216167773,FALSE,TRUE,39
"1.2.2.2.2.1.3.2.2.2.2.2.2.2.2.3.2.2.2.2.2.2",0.46110529175183,FALSE,TRUE,39
"1.2.2.2.2.2.3.1.2.2.2.2.2.2.2.3.2.2.2.2.2.2",0.539322133488638,FALSE,TRUE,39
"1.2.2.2.2.2.3.2.1.2.2.2.2.2.2.3.2.2.2.2.2.2",0.498655984421043,FALSE,TRUE,39
"1.2.2.2.2.2.3.2.2.1.2.2.2.2.2.3.2.2.2.2.2.2",0.392806405663953,FALSE,TRUE,39
"1.2.2.2.2.2.3.2.2.2.1.2.2.2.2.3.2.2.2.2.2.2",0.464942484134554,FALSE,TRUE,39
"1.2.2.2.2.2.3.2.2.2.2.1.2.2.2.3.2.2.2.2.2.2",0.606516108927252,FALSE,TRUE,39
"1.2.2.2.2.2.3.2.2.2.2.2.1.2.2.3.2.2.2.2.2.2",0.286975509127041,FALSE,TRUE,39
"1.2.2.2.2.2.3.2.2.2.2.2.2.1.2.3.2.2.2.2.2.2",0.406232372611176,FALSE,TRUE,39
"1.2.2.2.2.2.3.2.2.2.2.2.2.2.1.3.2.2.2.2.2.2",0.567058243729305,FALSE,TRUE,39
"1.2.2.2.2.2.3.2.2.2.2.2.2.2.2.3.1.2.2.2.2.2",0.400659165945548,FALSE,TRUE,39
"1.2.2.2.2.2.3.2.2.2.2.2.2.2.2.3.2.1.2.2.2.2",0.421697517715007,FALSE,TRUE,39
"1.2.2.2.2.2.3.2.2.2.2.2.2.2.2.3.2.2.1.2.2.2",0.500388509251619,FALSE,TRUE,39
"1.2.2.2.2.2.3.2.2.2.2.2.2.2.2.3.2.2.2.2.1.2",0.452713771785943,FALSE,TRUE,39
"1.2.2.2.2.2.3.2.2.2.2.2.2.2.2.3.2.2.2.2.2.1",0.382554257966849,FALSE,TRUE,39
"3.2.2.2.2.2.2.2.3.2.2.1.2.2.2.2.2.2.2.2.2.2",0.506143252837079,FALSE,TRUE,40
"2.3.2.2.2.2.2.2.3.2.2.1.2.2.2.2.2.2.2.2.2.2",0.603052011559293,FALSE,TRUE,39
"2.2.3.2.2.2.2.2.3.2.2.1.2.2.2.2.2.2.2.2.2.2",0.570404193888426,FALSE,TRUE,40
"2.2.2.2.2.3.2.2.3.2.2.1.2.2.2.2.2.2.2.2.2.2",0.643551910563288,FALSE,TRUE,40
"2.2.2.2.2.2.3.2.3.2.2.1.2.2.2.2.2.2.2.2.2.2",0.509573967127254,FALSE,TRUE,39
"2.2.2.2.2.2.2.3.3.2.2.1.2.2.2.2.2.2.2.2.2.2",0.563021224129357,FALSE,TRUE,40
"2.2.2.2.2.2.2.2.4.2.2.1.2.2.2.2.2.2.2.2.2.2",0.426554010444311,FALSE,TRUE,40
"2.2.2.2.2.2.2.2.3.3.2.1.2.2.2.2.2.2.2.2.2.2",0.409159731623408,FALSE,TRUE,40
"2.2.2.2.2.2.2.2.3.2.3.1.2.2.2.2.2.2.2.2.2.2",0.557481032276561,FALSE,TRUE,39
"2.2.2.2.2.2.2.2.3.2.2.1.3.2.2.2.2.2.2.2.2.2",0.541887138144273,FALSE,TRUE,39
"2.2.2.2.2.2.2.2.3.2.2.1.2.3.2.2.2.2.2.2.2.2",0.763156520501663,FALSE,TRUE,40
"2.2.2.2.2.2.2.2.3.2.2.1.2.2.3.2.2.2.2.2.2.2",0.555741389739732,FALSE,TRUE,40
"2.2.2.2.2.2.2.2.3.2.2.1.2.2.2.3.2.2.2.2.2.2",0.596199477778872,FALSE,TRUE,40
"2.2.2.2.2.2.2.2.3.2.2.1.2.2.2.2.3.2.2.2.2.2",0.577538394480764,FALSE,TRUE,40
"2.2.2.2.2.2.2.2.3.2.2.1.2.2.2.2.2.3.2.2.2.2",0.649070208984985,FALSE,TRUE,39
"2.2.2.2.2.2.2.2.3.2.2.1.2.2.2.2.2.2.3.2.2.2",0.554064578749601,FALSE,TRUE,40
"2.2.2.2.2.2.2.2.3.2.2.1.2.2.2.2.2.2.2.3.2.2",0.503847173926312,FALSE,TRUE,40
"2.2.2.2.2.2.2.2.3.2.2.1.2.2.2.2.2.2.2.2.3.2",0.426768871676145,FALSE,TRUE,40
"2.2.2.2.2.2.2.2.3.2.2.1.2.2.2.2.2.2.2.2.2.3",0.589617033689095,FALSE,TRUE,40
"1.2.2.2.2.2.2.2.3.2.2.1.2.2.2.2.2.2.2.2.2.2",0.549881354926152,FALSE,TRUE,39
"2.1.2.2.2.2.2.2.3.2.2.1.2.2.2.2.2.2.2.2.2.2",0.495960538999898,FALSE,TRUE,39
"2.2.1.2.2.2.2.2.3.2.2.1.2.2.2.2.2.2.2.2.2.2",0.480800576915902,FALSE,TRUE,38
"2.2.2.1.2.2.2.2.3.2.2.1.2.2.2.2.2.2.2.2.2.2",0.52194762206274,FALSE,TRUE,39
"2.2.2.2.1.2.2.2.3.2.2.1.2.2.2.2.2.2.2.2.2.2",0.556628448961224,FALSE,TRUE,40
"2.2.2.2.2.1.2.2.3.2.2.1.2.2.2.2.2.2.2.2.2.2",0.458653298224615,FALSE,TRUE,39
"2.2.2.2.2.2.1.2.3.2.2.1.2.2.2.2.2.2.2.2.2.2",0.525154672624164,FALSE,TRUE,39
"2.2.2.2.2.2.2.1.3.2.2.1.2.2.2.2.2.2.2.2.2.2",0.504885527703938,FALSE,TRUE,39
"2.2.2.2.2.2.2.2.3.1.2.1.2.2.2.2.2.2.2.2.2.2",0.568267214069372,FALSE,TRUE,39
"2.2.2.2.2.2.2.2.3.2.1.1.2.2.2.2.2.2.2.2.2.2",0.526517263506893,FALSE,TRUE,39
"2.2.2.2.2.2.2.2.3.2.2.1.1.2.2.2.2.2.2.2.2.2",0.37515875356673,FALSE,TRUE,39
"2.2.2.2.2.2.2.2.3.2.2.1.2.1.2.2.2.2.2.2.2.2",0.332619974217335,FALSE,TRUE,38
"2.2.2.2.2.2.2.2.3.2.2.1.2.2.2.1.2.2.2.2.2.2",0.473924209516928,FALSE,TRUE,39
"2.2.2.2.2.2.2.2.3.2.2.1.2.2.2.2.1.2.2.2.2.2",0.417556697357051,FALSE,TRUE,39
"2.2.2.2.2.2.2.2.3.2.2.1.2.2.2.2.2.1.2.2.2.2",0.478271377446463,FALSE,TRUE,38
"2.2.2.2.2.2.2.2.3.2.2.1.2.2.2.2.2.2.1.2.2.2",0.507481227865044,FALSE,TRUE,39
"2.2.2.2.2.2.2.2.3.2.2.1.2.2.2.2.2.2.2.1.2.2",0.479938046598732,FALSE,TRUE,39
"2.2.2.2.2.2.2.2.3.2.2.1.2.2.2.2.2.2.2.2.1.2",0.612572668258665,FALSE,TRUE,39
"2.2.2.2.2.2.2.2.3.2.2.1.2.2.2.2.2.2.2.2.2.1",0.426811646834528,FALSE,TRUE,39
"3.2.2.1.2.2.2.2.2.2.3.2.2.2.2.2.2.2.2.1.2.2",0.404383389088411,FALSE,TRUE,40
"2.3.2.1.2.2.2.2.2.2.3.2.2.2.2.2.2.2.2.1.2.2",0.347228099244941,FALSE,TRUE,39
"2.2.3.1.2.2.2.2.2.2.3.2.2.2.2.2.2.2.2.1.2.2",0.368536723712553,FALSE,TRUE,40
"2.2.2.1.3.2.2.2.2.2.3.2.2.2.2.2.2.2.2.1.2.2",0.245661275809596,FALSE,TRUE,40
"2.2.2.1.2.3.2.2.2.2.3.2.2.2.2.2.2.2.2.1.2.2",0.461817288022605,FALSE,TRUE,40
"2.2.2.1.2.2.3.2.2.2.3.2.2.2.2.2.2.2.2.1.2.2",0.418172065924751,FALSE,TRUE,38
"2.2.2.1.2.2.2.3.2.2.3.2.2.2.2.2.2.2.2.1.2.2",0.342469435344968,FALSE,TRUE,40
"2.2.2.1.2.2.2.2.3.2.3.2.2.2.2.2.2.2.2.1.2.2",0.366173918492656,FALSE,TRUE,40
"2.2.2.1.2.2.2.2.2.3.3.2.2.2.2.2.2.2.2.1.2.2",0.311149231734061,FALSE,TRUE,40
"2.2.2.1.2.2.2.2.2.2.4.2.2.2.2.2.2.2.2.1.2.2",0.341509575779226,FALSE,TRUE,39
"2.2.2.1.2.2.2.2.2.2.3.3.2.2.2.2.2.2.2.1.2.2",0.289291816329247,FALSE,TRUE,40
"2.2.2.1.2.2.2.2.2.2.3.2.2.3.2.2.2.2.2.1.2.2",0.535961752623796,FALSE,TRUE,40
"2.2.2.1.2.2.2.2.2.2.3.2.2.2.3.2.2.2.2.1.2.2",0.326532703018888,FALSE,TRUE,40
"2.2.2.1.2.2.2.2.2.2.3.2.2.2.2.3.2.2.2.1.2.2",0.46006200168563,FALSE,TRUE,40
"2.2.2.1.2.2.2.2.2.2.3.2.2.2.2.2.3.2.2.1.2.2",0.47179985499453,FALSE,TRUE,40
"2.2.2.1.2.2.2.2.2.2.3.2.2.2.2.2.2.2.3.1.2.2",0.427024708991278,FALSE,TRUE,39
"2.2.2.1.2.2.2.2.2.2.3.2.2.2.2.2.2.2.2.1.3.2",0.225823744264406,FALSE,TRUE,40
"2.2.2.1.2.2.2.2.2.2.3.2.2.2.2.2.2.2.2.1.2.3",0.482526512799239,FALSE,TRUE,40
"1.2.2.1.2.2.2.2.2.2.3.2.2.2.2.2.2.2.2.1.2.2",0.283204249527194,FALSE,TRUE,39
"2.1.2.1.2.2.2.2.2.2.3.2.2.2.2.2.2.2.2.1.2.2",0.311758205514355,FALSE,TRUE,39
"2.2.1.1.2.2.2.2.2.2.3.2.2.2.2.2.2.2.2.1.2.2",0.23607739456363,FALSE,TRUE,39
"2.2.2.1.1.2.2.2.2.2.3.2.2.2.2.2.2.2.2.1.2.2",0.341972863281909,FALSE,TRUE,39
"2.2.2.1.2.1.2.2.2.2.3.2.2.2.2.2.2.2.2.1.2.2",0.220978124132996,FALSE,TRUE,39
"2.2.2.1.2.2.1.2.2.2.3.2.2.2.2.2.2.2.2.1.2.2",0.213823695548226,FALSE,TRUE,39
"2.2.2.1.2.2.2.1.2.2.3.2.2.2.2.2.2.2.2.1.2.2",0.318442671316763,FALSE,TRUE,39
"2.2.2.1.2.2.2.2.1.2.3.2.2.2.2.2.2.2.2.1.2.2",0.281136670463554,FALSE,TRUE,39
"2.2.2.1.2.2.2.2.2.1.3.2.2.2.2.2.2.2.2.1.2.2",0.261181075030461,FALSE,TRUE,39
"2.2.2.1.2.2.2.2.2.2.2.2.2.2.2.2.2.2.2.1.2.2",0.32420689895558,FALSE,TRUE,38
"2.2.2.1.2.2.2.2.2.2.3.1.2.2.2.2.2.2.2.1.2.2",0.423839856991189,FALSE,TRUE,39
"2.2.2.1.2.2.2.2.2.2.3.2.1.2.2.2.2.2.2.1.2.2",0.0291004652330017,FALSE,TRUE,39
"2.2.2.1.2.2.2.2.2.2.3.2.2.1.2.2.2.2.2.1.2.2",0.0691742245707587,FALSE,TRUE,39
"2.2.2.1.2.2.2.2.2.2.3.2.2.2.1.2.2.2.2.1.2.2",0.34830331157768,FALSE,TRUE,39
"2.2.2.1.2.2.2.2.2.2.3.2.2.2.2.1.2.2.2.1.2.2",0.197392524638413,FALSE,TRUE,39
"2.2.2.1.2.2.2.2.2.2.3.2.2.2.2.2.1.2.2.1.2.2",0.157508970175484,FALSE,TRUE,39
"2.2.2.1.2.2.2.2.2.2.3.2.2.2.2.2.2.1.2.1.2.2",0.141054303135693,FALSE,TRUE,39
"2.2.2.1.2.2.2.2.2.2.3.2.2.2.2.2.2.2.1.1.2.2",0.266465879854482,FALSE,TRUE,39
"2.2.2.1.2.2.2.2.2.2.3.2.2.2.2.2.2.2.2.1.1.2",0.383335355174414,FALSE,TRUE,39
"2.2.2.1.2.2.2.2.2.2.3.2.2.2.2.2.2.2.2.1.2.1",0.159040889069449,FALSE,TRUE,38
"4.2.2.2.2.2.3.2.2.2.2.2.2.2.2.3.2.2.2.2.2.2",0.378146771354717,FALSE,TRUE,42
"3.3.2.2.2.2.3.2.2.2.2.2.2.2.2.3.2.2.2.2.2.2",0.553282953433297,FALSE,TRUE,42
"3.2.3.2.2.2.3.2.2.2.2.2.2.2.2.3.2.2.2.2.2.2",0.585340574094432,FALSE,TRUE,41
"3.2.2.3.2.2.3.2.2.2.2.2.2.2.2.3.2.2.2.2.2.2",0.401905687134948,FALSE,TRUE,41
"3.2.2.2.3.2.3.2.2.2.2.2.2.2.2.3.2.2.2.2.2.2",0.5250639097172,FALSE,TRUE,41
"3.2.2.2.2.3.3.2.2.2.2.2.2.2.2.3.2.2.2.2.2.2",0.635098447126422,FALSE,TRUE,41
"3.2.2.2.2.2.4.2.2.2.2.2.2.2.2.3.2.2.2.2.2.2",0.355874434404262,FALSE,TRUE,41
"3.2.2.2.2.2.3.3.2.2.2.2.2.2.2.3.2.2.2.2.2.2",0.588834810238242,FALSE,TRUE,41
"3.2.2.2.2.2.3.2.3.2.2.2.2.2.2.3.2.2.2.2.2.2",0.373526704014541,FALSE,TRUE,41
"3.2.2.2.2.2.3.2.2.3.2.2.2.2.2.3.2.2.2.2.2.2",0.393920213870151,FALSE,TRUE,41
"3.2.2.2.2.2.3.2.2.2.3.2.2.2.2.3.2.2.2.2.2.2",0.585126680508863,FALSE,TRUE,41
"3.2.2.2.2.2.3.2.2.2.2.3.2.2.2.3.2.2.2.2.2.2",0.426619879964546,FALSE,TRUE,41
"3.2.2.2.2.2.3.2.2.2.2.2.3.2.2.3.2.2.2.2.2.2",0.517918319587454,FALSE,TRUE,41
"3.2.2.2.2.2.3.2.2.2.2.2.2.3.2.3.2.2.2.2.2.2",0.683869730913074,FALSE,TRUE,40
"3.2.2.2.2.2.3.2.2.2.2.2.2.2.3.3.2.2.2.2.2.2",0.428153402419487,FALSE,TRUE,41
"3.2.2.2.2.2.3.2.2.2.2.2.2.2.2.4.2.2.2.2.2.2",0.597734375424897,FALSE,TRUE,41
"3.2.2.2.2.2.3.2.2.2.2.2.2.2.2.3.3.2.2.2.2.2",0.395728260425134,FALSE,TRUE,41
"3.2.2.2.2.2.3.2.2.2.2.2.2.2.2.3.2.3.2.2.2.2",0.560613529745987,FALSE,TRUE,41
"3.2.2.2.2.2.3.2.2.2.2.2.2.2.2.3.2.2.3.2.2.2",0.533014869693372,FALSE,TRUE,41
"3.2.2.2.2.2.3.2.2.2.2.2.2.2.2.3.2.2.2.3.2.2",0.405168786931207,FALSE,TRUE,41
"3.2.2.2.2.2.3.2.2.2.2.2.2.2.2.3.2.2.2.2.3.2",0.358070057813001,FALSE,TRUE,41
"3.2.2.2.2.2.3.2.2.2.2.2.2.2.2.3.2.2.2.2.2.3",0.52563523225742,FALSE,TRUE,41
"3.2.1.2.2.2.3.2.2.2.2.2.2.2.2.3.2.2.2.2.2.2",0.411360370476203,FALSE,TRUE,40
"3.2.2.1.2.2.3.2.2.2.2.2.2.2.2.3.2.2.2.2.2.2",0.580599926050573,FALSE,TRUE,40
"3.2.2.2.1.2.3.2.2.2.2.2.2.2.2.3.2.2.2.2.2.2",0.458710826139867,FALSE,TRUE,40
"3.2.2.2.2.1.3.2.2.2.2.2.2.2.2.3.2.2.2.2.2.2",0.444809491033687,FALSE,TRUE,40
"3.2.2.2.2.2.2.2.2.2.2.2.2.2.2.3.2.2.2.2.2.2",0.631586731212777,FALSE,TRUE,40
"3.2.2.2.2.2.3.1.2.2.2.2.2.2.2.3.2.2.2.2.2.2",0.46611777924277,FALSE,TRUE,40
"3.2.2.2.2.2.3.2.1.2.2.2.2.2.2.3.2.2.2.2.2.2",0.61902075121433,FALSE,TRUE,40
"3.2.2.2.2.2.3.2.2.1.2.2.2.2.2.3.2.2.2.2.2.2",0.516239324401236,FALSE,TRUE,40
"3.2.2.2.2.2.3.2.2.2.1.2.2.2.2.3.2.2.2.2.2.2",0.430045023342844,FALSE,TRUE,40
"3.2.2.2.2.2.3.2.2.2.2.1.2.2.2.3.2.2.2.2.2.2",0.618247064689482,FALSE,TRUE,40
"3.2.2.2.2.2.3.2.2.2.2.2.1.2.2.3.2.2.2.2.2.2",0.386280132007536,FALSE,TRUE,40
"3.2.2.2.2.2.3.2.2.2.2.2.2.1.2.3.2.2.2.2.2.2",0.305458157358565,FALSE,TRUE,40
"3.2.2.2.2.2.3.2.2.2.2.2.2.2.1.3.2.2.2.2.2.2",0.587750244971993,FALSE,TRUE,40
"3.2.2.2.2.2.3.2.2.2.2.2.2.2.2.3.1.2.2.2.2.2",0.49990316815023,FALSE,TRUE,40
"3.2.2.2.2.2.3.2.2.2.2.2.2.2.2.3.2.1.2.2.2.2",0.44899582425105,FALSE,TRUE,40
"3.2.2.2.2.2.3.2.2.2.2.2.2.2.2.3.2.2.1.2.2.2",0.477309196732113,FALSE,TRUE,40
"3.2.2.2.2.2.3.2.2.2.2.2.2.2.2.3.2.2.2.1.2.2",0.485748631227637,FALSE,TRUE,39
"3.2.2.2.2.2.3.2.2.2.2.2.2.2.2.3.2.2.2.2.1.2",0.626049891843975,FALSE,TRUE,40
"3.2.2.2.2.2.3.2.2.2.2.2.2.2.2.3.2.2.2.2.2.1",0.462543841457907,FALSE,TRUE,40
"4.1.2.2.2.2.3.2.2.2.2.2.2.2.2.3.2.2.2.2.2.2",0.330273105652865,FALSE,TRUE,41
"3.1.3.2.2.2.3.2.2.2.2.2.2.2.2.3.2.2.2.2.2.2",0.452249819010562,FALSE,TRUE,41
"3.1.2.3.2.2.3.2.2.2.2.2.2.2.2.3.2.2.2.2.2.2",0.338686606724185,FALSE,TRUE,41
"3.1.2.2.3.2.3.2.2.2.2.2.2.2.2.3.2.2.2.2.2.2",0.39888902071746,FALSE,TRUE,41
"3.1.2.2.2.3.3.2.2.2.2.2.2.2.2.3.2.2.2.2.2.2",0.580690943629274,FALSE,TRUE,41
"3.1.2.2.2.2.4.2.2.2.2.2.2.2.2.3.2.2.2.2.2.2",0.336277151799363,FALSE,TRUE,41
"3.1.2.2.2.2.3.3.2.2.2.2.2.2.2.3.2.2.2.2.2.2",0.567197639090076,FALSE,TRUE,41
"3.1.2.2.2.2.3.2.3.2.2.2.2.2.2.3.2.2.2.2.2.2",0.300363461506406,FALSE,TRUE,41
"3.1.2.2.2.2.3.2.2.3.2.2.2.2.2.3.2.2.2.2.2.2",0.286238031445541,FALSE,TRUE,41
"3.1.2.2.2.2.3.2.2.2.3.2.2.2.2.3.2.2.2.2.2.2",0.503066528459172,FALSE,TRUE,41
"3.1.2.2.2.2.3.2.2.2.2.3.2.2.2.3.2.2.2.2.2.2",0.377435802949663,FALSE,TRUE,41
"3.1.2.2.2.2.3.2.2.2.2.2.3.2.2.3.2.2.2.2.2.2",0.392713566461746,FALSE,TRUE,41
"3.1.2.2.2.2.3.2.2.2.2.2.2.3.2.3.2.2.2.2.2.2",0.67242462624029,FALSE,TRUE,41
"3.1.2.2.2.2.3.2.2.2.2.2.2.2.3.3.2.2.2.2.2.2",0.381678514981726,FALSE,TRUE,41
"3.1.2.2.2.2.3.2.2.2.2.2.2.2.2.4.2.2.2.2.2.2",0.531042879355753,FALSE,TRUE,41
"3.1.2.2.2.2.3.2.2.2.2.2.2.2.2.3.3.2.2.2.2.2",0.297930958614259,FALSE,TRUE,41
"3.1.2.2.2.2.3.2.2.2.2.2.2.2.2.3.2.3.2.2.2.2",0.495266671458937,FALSE,TRUE,41
"3.1.2.2.2.2.3.2.2.2.2.2.2.2.2.3.2.2.3.2.2.2",0.444445467590389,FALSE,TRUE,41
"3.1.2.2.2.2.3.2.2.2.2.2.2.2.2.3.2.2.2.3.2.2",0.327469263521099,FALSE,TRUE,41
"3.1.2.2.2.2.3.2.2.2.2.2.2.2.2.3.2.2.2.2.3.2",0.286802324101455,FALSE,TRUE,41
"3.1.2.2.2.2.3.2.2.2.2.2.2.2.2.3.2.2.2.2.2.3",0.448750103817665,FALSE,TRUE,41
"3.1.1.2.2.2.3.2.2.2.2.2.2.2.2.3.2.2.2.2.2.2",0.420163899111301,FALSE,TRUE,40
"3.1.2.1.2.2.3.2.2.2.2.2.2.2.2.3.2.2.2.2.2.2",0.532426682234751,FALSE,TRUE,40
"3.1.2.2.1.2.3.2.2.2.2.2.2.2.2.3.2.2.2.2.2.2",0.483114448853236,FALSE,TRUE,40
"3.1.2.2.2.1.3.2.2.2.2.2.2.2.2.3.2.2.2.2.2.2",0.424106649251631,FALSE,TRUE,40
"3.1.2.2.2.2.2.2.2.2.2.2.2.2.2.3.2.2.2.2.2.2",0.54277451388044,FALSE,TRUE,41
"3.1.2.2.2.2.3.1.2.2.2.2.2.2.2.3.2.2.2.2.2.2",0.402781548290188,FALSE,TRUE,40
"3.1.2.2.2.2.3.2.1.2.2.2.2.2.2.3.2.2.2.2.2.2",0.58994141306907,FALSE,TRUE,40
"3.1.2.2.2.2.3.2.2.1.2.2.2.2.2.3.2.2.2.2.2.2",0.537820187134268,FALSE,TRUE,40
"3.1.2.2.2.2.3.2.2.2.1.2.2.2.2.3.2.2.2.2.2.2",0.406144740439487,FALSE,TRUE,40
"3.1.2.2.2.2.3.2.2.2.2.1.2.2.2.3.2.2.2.2.2.2",0.55738350025643,FALSE,TRUE,40
"3.1.2.2.2.2.3.2.2.2.2.2.1.2.2.3.2.2.2.2.2.2",0.415961596694385,FALSE,TRUE,40
"3.1.2.2.2.2.3.2.2.2.2.2.2.1.2.3.2.2.2.2.2.2",0.213893231573458,FALSE,TRUE,40
"3.1.2.2.2.2.3.2.2.2.2.2.2.2.1.3.2.2.2.2.2.2",0.521465597345932,FALSE,TRUE,40
"3.1.2.2.2.2.3.2.2.2.2.2.2.2.2.2.2.2.2.2.2.2",0.356299037724847,FALSE,TRUE,40
"3.1.2.2.2.2.3.2.2.2.2.2.2.2.2.3.1.2.2.2.2.2",0.487701165629333,FALSE,TRUE,40
"3.1.2.2.2.2.3.2.2.2.2.2.2.2.2.3.2.1.2.2.2.2",0.387098464833782,FALSE,TRUE,40
"3.1.2.2.2.2.3.2.2.2.2.2.2.2.2.3.2.2.1.2.2.2",0.452480912107434,FALSE,TRUE,40
"3.1.2.2.2.2.3.2.2.2.2.2.2.2.2.3.2.2.2.1.2.2",0.461135950481141,FALSE,TRUE,40
"3.1.2.2.2.2.3.2.2.2.2.2.2.2.2.3.2.2.2.2.1.2",0.602596797542214,FALSE,TRUE,40
"3.1.2.2.2.2.3.2.2.2.2.2.2.2.2.3.2.2.2.2.2.1",0.426406843009533,FALSE,TRUE,40
"3.1.2.2.2.2.2.2.2.2.2.2.3.2.2.2.2.2.2.2.2.2",0.362949653525664,FALSE,TRUE,40
"2.1.3.2.2.2.2.2.2.2.2.2.3.2.2.2.2.2.2.2.2.2",0.373426193045493,FALSE,TRUE,40
"2.1.2.3.2.2.2.2.2.2.2.2.3.2.2.2.2.2.2.2.2.2",0.397816597399628,FALSE,TRUE,40
"2.1.2.2.3.2.2.2.2.2.2.2.3.2.2.2.2.2.2.2.2.2",0.356389894937382,FALSE,TRUE,40
"2.1.2.2.2.3.2.2.2.2.2.2.3.2.2.2.2.2.2.2.2.2",0.575074283078892,FALSE,TRUE,40
"2.1.2.2.2.2.3.2.2.2.2.2.3.2.2.2.2.2.2.2.2.2",0.466418077340103,FALSE,TRUE,39
"2.1.2.2.2.2.2.3.2.2.2.2.3.2.2.2.2.2.2.2.2.2",0.502084951194385,FALSE,TRUE,40
"2.1.2.2.2.2.2.2.3.2.2.2.3.2.2.2.2.2.2.2.2.2",0.314431424378321,FALSE,TRUE,39
"2.1.2.2.2.2.2.2.2.3.2.2.3.2.2.2.2.2.2.2.2.2",0.263509948078629,FALSE,TRUE,40
"2.1.2.2.2.2.2.2.2.2.3.2.3.2.2.2.2.2.2.2.2.2",0.489346531604983,FALSE,TRUE,38
"2.1.2.2.2.2.2.2.2.2.2.3.3.2.2.2.2.2.2.2.2.2",0.354541791024877,FALSE,TRUE,40
"2.1.2.2.2.2.2.2.2.2.2.2.4.2.2.2.2.2.2.2.2.2",0.252279373781203,FALSE,TRUE,40
"2.1.2.2.2.2.2.2.2.2.2.2.3.3.2.2.2.2.2.2.2.2",0.719298591848961,FALSE,TRUE,40
"2.1.2.2.2.2.2.2.2.2.2.2.3.2.3.2.2.2.2.2.2.2",0.465319503119296,FALSE,TRUE,40
"2.1.2.2.2.2.2.2.2.2.2.2.3.2.2.3.2.2.2.2.2.2",0.45082635215783,FALSE,TRUE,40
"2.1.2.2.2.2.2.2.2.2.2.2.3.2.2.2.3.2.2.2.2.2",0.358684111769957,FALSE,TRUE,40
"2.1.2.2.2.2.2.2.2.2.2.2.3.2.2.2.2.2.3.2.2.2",0.350958539259944,FALSE,TRUE,40
"2.1.2.2.2.2.2.2.2.2.2.2.3.2.2.2.2.2.2.3.2.2",0.350249685517323,FALSE,TRUE,40
"2.1.2.2.2.2.2.2.2.2.2.2.3.2.2.2.2.2.2.2.3.2",0.30737094112472,FALSE,TRUE,40
"2.1.2.2.2.2.2.2.2.2.2.2.3.2.2.2.2.2.2.2.2.3",0.366739535706217,FALSE,TRUE,40
"1.1.2.2.2.2.2.2.2.2.2.2.3.2.2.2.2.2.2.2.2.2",0.446868969735877,FALSE,TRUE,39
"2.1.1.2.2.2.2.2.2.2.2.2.3.2.2.2.2.2.2.2.2.2",0.419515812092403,FALSE,TRUE,38
"2.1.2.1.2.2.2.2.2.2.2.2.3.2.2.2.2.2.2.2.2.2",0.474963611396171,FALSE,TRUE,38
"2.1.2.2.1.2.2.2.2.2.2.2.3.2.2.2.2.2.2.2.2.2",0.495767339321445,FALSE,TRUE,39
"2.1.2.2.2.1.2.2.2.2.2.2.3.2.2.2.2.2.2.2.2.2",0.307355577423403,FALSE,TRUE,39
"2.1.2.2.2.2.1.2.2.2.2.2.3.2.2.2.2.2.2.2.2.2",0.330756627408081,FALSE,TRUE,39
"2.1.2.2.2.2.2.1.2.2.2.2.3.2.2.2.2.2.2.2.2.2",0.320009340706772,FALSE,TRUE,39
"2.1.2.2.2.2.2.2.1.2.2.2.3.2.2.2.2.2.2.2.2.2",0.458309221178721,FALSE,TRUE,39
"2.1.2.2.2.2.2.2.2.1.2.2.3.2.2.2.2.2.2.2.2.2",0.523692214672554,FALSE,TRUE,39
"2.1.2.2.2.2.2.2.2.2.1.2.3.2.2.2.2.2.2.2.2.2",0.339052193849086,FALSE,TRUE,39
"2.1.2.2.2.2.2.2.2.2.2.1.3.2.2.2.2.2.2.2.2.2",0.534123344281563,FALSE,TRUE,39
"2.1.2.2.2.2.2.2.2.2.2.2.3.1.2.2.2.2.2.2.2.2",0.172254726266308,FALSE,TRUE,38
"2.1.2.2.2.2.2.2.2.2.2.2.3.2.1.2.2.2.2.2.2.2",0.440658577802449,FALSE,TRUE,39
"2.1.2.2.2.2.2.2.2.2.2.2.3.2.2.1.2.2.2.2.2.2",0.383346746013397,FALSE,TRUE,39
"2.1.2.2.2.2.2.2.2.2.2.2.3.2.2.2.1.2.2.2.2.2",0.455773389063259,FALSE,TRUE,39
"2.1.2.2.2.2.2.2.2.2.2.2.3.2.2.2.2.1.2.2.2.2",0.430170902564771,FALSE,TRUE,40
"2.1.2.2.2.2.2.2.2.2.2.2.3.2.2.2.2.2.1.2.2.2",0.478641827585984,FALSE,TRUE,39
"2.1.2.2.2.2.2.2.2.2.2.2.3.2.2.2.2.2.2.1.2.2",0.499796429500009,FALSE,TRUE,39
"2.1.2.2.2.2.2.2.2.2.2.2.3.2.2.2.2.2.2.2.1.2",0.488619007545341,FALSE,TRUE,39
"2.1.2.2.2.2.2.2.2.2.2.2.3.2.2.2.2.2.2.2.2.1",0.42044910565761,FALSE,TRUE,39
"3.1.2.2.2.2.2.2.2.2.2.2.3.2.2.2.2.3.2.2.2.2",0.322294639050816,FALSE,TRUE,38
"2.1.3.2.2.2.2.2.2.2.2.2.3.2.2.2.2.3.2.2.2.2",0.390811147292756,FALSE,TRUE,37
"2.1.2.3.2.2.2.2.2.2.2.2.3.2.2.2.2.3.2.2.2.2",0.311478490543252,FALSE,TRUE,37
"2.1.2.2.3.2.2.2.2.2.2.2.3.2.2.2.2.3.2.2.2.2",0.387261381164402,FALSE,TRUE,37
"2.1.2.2.2.3.2.2.2.2.2.2.3.2.2.2.2.3.2.2.2.2",0.580384101407441,FALSE,TRUE,37
"2.1.2.2.2.2.3.2.2.2.2.2.3.2.2.2.2.3.2.2.2.2",0.430315838503569,FALSE,TRUE,37
"2.1.2.2.2.2.2.3.2.2.2.2.3.2.2.2.2.3.2.2.2.2",0.484716945706801,FALSE,TRUE,37
"2.1.2.2.2.2.2.2.3.2.2.2.3.2.2.2.2.3.2.2.2.2",0.311673093388635,FALSE,TRUE,37
"2.1.2.2.2.2.2.2.2.3.2.2.3.2.2.2.2.3.2.2.2.2",0.266723325373474,FALSE,TRUE,38
"2.1.2.2.2.2.2.2.2.2.3.2.3.2.2.2.2.3.2.2.2.2",0.524047066227914,FALSE,TRUE,37
"2.1.2.2.2.2.2.2.2.2.2.2.4.2.2.2.2.3.2.2.2.2",0.227200778089755,FALSE,TRUE,37
"2.1.2.2.2.2.2.2.2.2.2.2.3.3.2.2.2.3.2.2.2.2",0.633052907468665,FALSE,TRUE,37
"2.1.2.2.2.2.2.2.2.2.2.2.3.2.3.2.2.3.2.2.2.2",0.397370303710362,FALSE,TRUE,37
"2.1.2.2.2.2.2.2.2.2.2.2.3.2.2.3.2.3.2.2.2.2",0.457905029790757,FALSE,TRUE,37
"2.1.2.2.2.2.2.2.2.2.2.2.3.2.2.2.3.3.2.2.2.2",0.295208527151232,FALSE,TRUE,37
"2.1.2.2.2.2.2.2.2.2.2.2.3.2.2.2.2.4.2.2.2.2",0.358734238371394,FALSE,TRUE,38
"2.1.2.2.2.2.2.2.2.2.2.2.3.2.2.2.2.3.3.2.2.2",0.326673534149893,FALSE,TRUE,37
"2.1.2.2.2.2.2.2.2.2.2.2.3.2.2.2.2.3.2.3.2.2",0.307716861306093,FALSE,TRUE,37
"2.1.2.2.2.2.2.2.2.2.2.2.3.2.2.2.2.3.2.2.3.2",0.289169733973995,FALSE,TRUE,37
"2.1.2.2.2.2.2.2.2.2.2.2.3.2.2.2.2.3.2.2.2.3",0.331391479223183,FALSE,TRUE,38
"2.1.1.2.2.2.2.2.2.2.2.2.3.2.2.2.2.3.2.2.2.2",0.356694624121445,FALSE,TRUE,36
"2.1.2.1.2.2.2.2.2.2.2.2.3.2.2.2.2.3.2.2.2.2",0.492278267817484,FALSE,TRUE,36
"2.1.2.2.1.2.2.2.2.2.2.2.3.2.2.2.2.3.2.2.2.2",0.437811587653007,FALSE,TRUE,36
"2.1.2.2.2.1.2.2.2.2.2.2.3.2.2.2.2.3.2.2.2.2",0.271954128087773,FALSE,TRUE,36
"2.1.2.2.2.2.1.2.2.2.2.2.3.2.2.2.2.3.2.2.2.2",0.358848009067864,FALSE,TRUE,36
"2.1.2.2.2.2.2.1.2.2.2.2.3.2.2.2.2.3.2.2.2.2",0.314499549426671,FALSE,TRUE,36
"2.1.2.2.2.2.2.2.1.2.2.2.3.2.2.2.2.3.2.2.2.2",0.421754775298872,FALSE,TRUE,36
"2.1.2.2.2.2.2.2.2.2.1.2.3.2.2.2.2.3.2.2.2.2",0.27482086487083,FALSE,TRUE,36
"2.1.2.2.2.2.2.2.2.2.2.1.3.2.2.2.2.3.2.2.2.2",0.513146936239865,FALSE,TRUE,37
"2.1.2.2.2.2.2.2.2.2.2.2.3.1.2.2.2.3.2.2.2.2",0.160725354390465,FALSE,TRUE,36
"2.1.2.2.2.2.2.2.2.2.2.2.3.2.1.2.2.3.2.2.2.2",0.442822952945528,FALSE,TRUE,36
"2.1.2.2.2.2.2.2.2.2.2.2.3.2.2.1.2.3.2.2.2.2",0.332110172983545,FALSE,TRUE,36
"2.1.2.2.2.2.2.2.2.2.2.2.3.2.2.2.1.3.2.2.2.2",0.47863641942923,FALSE,TRUE,36
"2.1.2.2.2.2.2.2.2.2.2.2.3.2.2.2.2.3.1.2.2.2",0.462890906595425,FALSE,TRUE,36
"2.1.2.2.2.2.2.2.2.2.2.2.3.2.2.2.2.3.2.1.2.2",0.510358226950586,FALSE,TRUE,36
"2.1.2.2.2.2.2.2.2.2.2.2.3.2.2.2.2.3.2.2.1.2",0.468572555471585,FALSE,TRUE,36
"3.3.2.3.2.1.2.2.2.2.2.2.2.2.2.2.2.2.2.2.1.2",0.345497193635862,FALSE,TRUE,40
"2.4.2.3.2.1.2.2.2.2.2.2.2.2.2.2.2.2.2.2.1.2",0.304419095426851,FALSE,TRUE,40
"2.3.3.3.2.1.2.2.2.2.2.2.2.2.2.2.2.2.2.2.1.2",0.564548037437445,FALSE,TRUE,40
"2.3.2.4.2.1.2.2.2.2.2.2.2.2.2.2.2.2.2.2.1.2",0.287504676931563,FALSE,TRUE,40
"2.3.2.3.3.1.2.2.2.2.2.2.2.2.2.2.2.2.2.2.1.2",0.551624236670178,FALSE,TRUE,40
"2.3.2.3.2.1.2.3.2.2.2.2.2.2.2.2.2.2.2.2.1.2",0.234886113804956,FALSE,TRUE,40
"2.3.2.3.2.1.2.2.2.3.2.2.2.2.2.2.2.2.2.2.1.2",0.390354207464323,FALSE,TRUE,40
"2.3.2.3.2.1.2.2.2.2.3.2.2.2.2.2.2.2.2.2.1.2",0.474805585605576,FALSE,TRUE,40
"2.3.2.3.2.1.2.2.2.2.2.3.2.2.2.2.2.2.2.2.1.2",0.285283635069274,FALSE,TRUE,40
"2.3.2.3.2.1.2.2.2.2.2.2.3.2.2.2.2.2.2.2.1.2",0.36155864350932,FALSE,TRUE,40
"2.3.2.3.2.1.2.2.2.2.2.2.2.3.2.2.2.2.2.2.1.2",0.347006359895,FALSE,TRUE,40
"2.3.2.3.2.1.2.2.2.2.2.2.2.2.3.2.2.2.2.2.1.2",0.302864544825455,FALSE,TRUE,40
"2.3.2.3.2.1.2.2.2.2.2.2.2.2.2.3.2.2.2.2.1.2",0.37520779676727,FALSE,TRUE,40
"2.3.2.3.2.1.2.2.2.2.2.2.2.2.2.2.3.2.2.2.1.2",0.445850551153975,FALSE,TRUE,40
"2.3.2.3.2.1.2.2.2.2.2.2.2.2.2.2.2.3.2.2.1.2",0.309517197887998,FALSE,TRUE,40
"2.3.2.3.2.1.2.2.2.2.2.2.2.2.2.2.2.2.3.2.1.2",0.333186680078007,FALSE,TRUE,40
"2.3.2.3.2.1.2.2.2.2.2.2.2.2.2.2.2.2.2.3.1.2",0.513117060194545,FALSE,TRUE,40
"2.3.2.3.2.1.2.2.2.2.2.2.2.2.2.2.2.2.2.2.2.2",0.371637001628169,FALSE,TRUE,40
"2.3.2.3.2.1.2.2.2.2.2.2.2.2.2.2.2.2.2.2.1.3",0.311642101795638,FALSE,TRUE,40
"1.3.2.3.2.1.2.2.2.2.2.2.2.2.2.2.2.2.2.2.1.2",0.296899269126553,FALSE,TRUE,39
"2.2.2.3.2.1.2.2.2.2.2.2.2.2.2.2.2.2.2.2.1.2",0.412347370830927,FALSE,TRUE,40
"2.3.1.3.2.1.2.2.2.2.2.2.2.2.2.2.2.2.2.2.1.2",0.165229865247659,FALSE,TRUE,39
"2.3.2.2.2.1.2.2.2.2.2.2.2.2.2.2.2.2.2.2.1.2",0.381105717612765,FALSE,TRUE,40
"2.3.2.3.1.1.2.2.2.2.2.2.2.2.2.2.2.2.2.2.1.2",0.122612855747452,FALSE,TRUE,39
"2.3.2.3.2.1.1.2.2.2.2.2.2.2.2.2.2.2.2.2.1.2",0.313679959906137,FALSE,TRUE,39
"2.3.2.3.2.1.2.1.2.2.2.2.2.2.2.2.2.2.2.2.1.2",0.454027353248024,FALSE,TRUE,39
"2.3.2.3.2.1.2.2.1.2.2.2.2.2.2.2.2.2.2.2.1.2",0.23808415444908,FALSE,TRUE,39
"2.3.2.3.2.1.2.2.2.1.2.2.2.2.2.2.2.2.2.2.1.2",0.253967995425388,FALSE,TRUE,38
"2.3.2.3.2.1.2.2.2.2.1.2.2.2.2.2.2.2.2.2.1.2",0.215827736671664,FALSE,TRUE,39
"2.3.2.3.2.1.2.2.2.2.2.1.2.2.2.2.2.2.2.2.1.2",0.430826136806613,FALSE,TRUE,39
"2.3.2.3.2.1.2.2.2.2.2.2.1.2.2.2.2.2.2.2.1.2",0.189733673949511,FALSE,TRUE,39
"2.3.2.3.2.1.2.2.2.2.2.2.2.1.2.2.2.2.2.2.1.2",0.36496019072469,FALSE,TRUE,39
"2.3.2.3.2.1.2.2.2.2.2.2.2.2.1.2.2.2.2.2.1.2",0.389210820471497,FALSE,TRUE,39
"2.3.2.3.2.1.2.2.2.2.2.2.2.2.2.1.2.2.2.2.1.2",0.33091722869599,FALSE,TRUE,39
"2.3.2.3.2.1.2.2.2.2.2.2.2.2.2.2.1.2.2.2.1.2",0.198255771632264,FALSE,TRUE,39
"2.3.2.3.2.1.2.2.2.2.2.2.2.2.2.2.2.1.2.2.1.2",0.398859338643574,FALSE,TRUE,39
"2.3.2.3.2.1.2.2.2.2.2.2.2.2.2.2.2.2.1.2.1.2",0.338209721951346,FALSE,TRUE,39
"2.3.2.3.2.1.2.2.2.2.2.2.2.2.2.2.2.2.2.1.1.2",0.100468828044017,FALSE,TRUE,39
"2.3.2.3.2.1.2.2.2.2.2.2.2.2.2.2.2.2.2.2.1.1",0.350456397565087,FALSE,TRUE,39
"3.3.2.2.2.2.2.2.2.2.3.2.2.2.2.2.2.2.2.2.2.2",0.597434427465834,FALSE,TRUE,42
"2.4.2.2.2.2.2.2.2.2.3.2.2.2.2.2.2.2.2.2.2.2",0.539551322430855,FALSE,TRUE,43
"2.3.3.2.2.2.2.2.2.2.3.2.2.2.2.2.2.2.2.2.2.2",0.642855778156721,FALSE,TRUE,42
"2.3.2.3.2.2.2.2.2.2.3.2.2.2.2.2.2.2.2.2.2.2",0.592600689892937,FALSE,TRUE,39
"2.3.2.2.3.2.2.2.2.2.3.2.2.2.2.2.2.2.2.2.2.2",0.53731599922614,FALSE,TRUE,42
"2.3.2.2.2.3.2.2.2.2.3.2.2.2.2.2.2.2.2.2.2.2",0.650996204096921,FALSE,TRUE,42
"2.3.2.2.2.2.3.2.2.2.3.2.2.2.2.2.2.2.2.2.2.2",0.575743091303582,FALSE,TRUE,41
"2.3.2.2.2.2.2.3.2.2.3.2.2.2.2.2.2.2.2.2.2.2",0.523434636383211,FALSE,TRUE,42
"2.3.2.2.2.2.2.2.3.2.3.2.2.2.2.2.2.2.2.2.2.2",0.513390539471569,FALSE,TRUE,40
"2.3.2.2.2.2.2.2.2.3.3.2.2.2.2.2.2.2.2.2.2.2",0.527998590416472,FALSE,TRUE,42
"2.3.2.2.2.2.2.2.2.2.4.2.2.2.2.2.2.2.2.2.2.2",0.591341181877284,FALSE,TRUE,42
"2.3.2.2.2.2.2.2.2.2.3.3.2.2.2.2.2.2.2.2.2.2",0.508815038683775,FALSE,TRUE,42
"2.3.2.2.2.2.2.2.2.2.3.2.3.2.2.2.2.2.2.2.2.2",0.661931474845249,FALSE,TRUE,40
"2.3.2.2.2.2.2.2.2.2.3.2.2.3.2.2.2.2.2.2.2.2",0.71952423321549,FALSE,TRUE,42
"2.3.2.2.2.2.2.2.2.2.3.2.2.2.3.2.2.2.2.2.2.2",0.55339186009689,FALSE,TRUE,42
"2.3.2.2.2.2.2.2.2.2.3.2.2.2.2.3.2.2.2.2.2.2",0.656874029370006,FALSE,TRUE,42
"2.3.2.2.2.2.2.2.2.2.3.2.2.2.2.2.3.2.2.2.2.2",0.675509890121474,FALSE,TRUE,42
"2.3.2.2.2.2.2.2.2.2.3.2.2.2.2.2.2.3.2.2.2.2",0.713653520760847,FALSE,TRUE,40
"2.3.2.2.2.2.2.2.2.2.3.2.2.2.2.2.2.2.3.2.2.2",0.629083315587093,FALSE,TRUE,42
"2.3.2.2.2.2.2.2.2.2.3.2.2.2.2.2.2.2.2.3.2.2",0.606795104748657,FALSE,TRUE,42
"2.3.2.2.2.2.2.2.2.2.3.2.2.2.2.2.2.2.2.2.3.2",0.506469622869331,FALSE,TRUE,42
"2.3.2.2.2.2.2.2.2.2.3.2.2.2.2.2.2.2.2.2.2.3",0.671806939232273,FALSE,TRUE,42
"1.3.2.2.2.2.2.2.2.2.3.2.2.2.2.2.2.2.2.2.2.2",0.504850686059954,FALSE,TRUE,41
"2.3.1.2.2.2.2.2.2.2.3.2.2.2.2.2.2.2.2.2.2.2",0.493864099915229,FALSE,TRUE,40
"2.3.2.2.1.2.2.2.2.2.3.2.2.2.2.2.2.2.2.2.2.2",0.557751645910182,FALSE,TRUE,41
"2.3.2.2.2.1.2.2.2.2.3.2.2.2.2.2.2.2.2.2.2.2",0.486291309934306,FALSE,TRUE,41
"2.3.2.2.2.2.1.2.2.2.3.2.2.2.2.2.2.2.2.2.2.2",0.507308911326993,FALSE,TRUE,41
"2.3.2.2.2.2.2.1.2.2.3.2.2.2.2.2.2.2.2.2.2.2",0.596221762082737,FALSE,TRUE,41
"2.3.2.2.2.2.2.2.1.2.3.2.2.2.2.2.2.2.2.2.2.2",0.556873903850099,FALSE,TRUE,41
"2.3.2.2.2.2.2.2.2.1.3.2.2.2.2.2.2.2.2.2.2.2",0.48604079510456,FALSE,TRUE,41
"2.3.2.2.2.2.2.2.2.2.3.1.2.2.2.2.2.2.2.2.2.2",0.664719629538519,FALSE,TRUE,41
"2.3.2.2.2.2.2.2.2.2.3.2.1.2.2.2.2.2.2.2.2.2",0.314585734366206,FALSE,TRUE,41
"2.3.2.2.2.2.2.2.2.2.3.2.2.1.2.2.2.2.2.2.2.2",0.405053198876544,FALSE,TRUE,40
"2.3.2.2.2.2.2.2.2.2.3.2.2.2.1.2.2.2.2.2.2.2",0.592440686416874,FALSE,TRUE,41
"2.3.2.2.2.2.2.2.2.2.3.2.2.2.2.1.2.2.2.2.2.2",0.47619872175926,FALSE,TRUE,41
"2.3.2.2.2.2.2.2.2.2.3.2.2.2.2.2.1.2.2.2.2.2",0.378771813080606,FALSE,TRUE,41
"2.3.2.2.2.2.2.2.2.2.3.2.2.2.2.2.2.1.2.2.2.2",0.469466479202249,FALSE,TRUE,41
"2.3.2.2.2.2.2.2.2.2.3.2.2.2.2.2.2.2.1.2.2.2",0.480869478704381,FALSE,TRUE,41
"2.3.2.2.2.2.2.2.2.2.3.2.2.2.2.2.2.2.2.1.2.2",0.415627864774844,FALSE,TRUE,40
"2.3.2.2.2.2.2.2.2.2.3.2.2.2.2.2.2.2.2.2.1.2",0.587433679662321,FALSE,TRUE,39
"2.3.2.2.2.2.2.2.2.2.3.2.2.2.2.2.2.2.2.2.2.1",0.421193032085889,FALSE,TRUE,41
"3.1.2.2.2.2.2.2.2.2.2.3.3.2.2.2.2.3.2.2.2.2",0.231917803287732,FALSE,TRUE,41
"2.2.2.2.2.2.2.2.2.2.2.3.3.2.2.2.2.3.2.2.2.2",0.352634435459028,FALSE,TRUE,40
"2.1.3.2.2.2.2.2.2.2.2.3.3.2.2.2.2.3.2.2.2.2",0.28982440539447,FALSE,TRUE,41
"2.1.2.3.2.2.2.2.2.2.2.3.3.2.2.2.2.3.2.2.2.2",0.226570346533001,FALSE,TRUE,41
"2.1.2.2.3.2.2.2.2.2.2.3.3.2.2.2.2.3.2.2.2.2",0.281287035092893,FALSE,TRUE,41
"2.1.2.2.2.3.2.2.2.2.2.3.3.2.2.2.2.3.2.2.2.2",0.446846516857566,FALSE,TRUE,41
"2.1.2.2.2.2.3.2.2.2.2.3.3.2.2.2.2.3.2.2.2.2",0.310134809403613,FALSE,TRUE,41
"2.1.2.2.2.2.2.3.2.2.2.3.3.2.2.2.2.3.2.2.2.2",0.305885324826534,FALSE,TRUE,41
"2.1.2.2.2.2.2.2.3.2.2.3.3.2.2.2.2.3.2.2.2.2",0.159044489701536,FALSE,TRUE,41
"2.1.2.2.2.2.2.2.2.3.2.3.3.2.2.2.2.3.2.2.2.2",0.201323832846183,FALSE,TRUE,41
"2.1.2.2.2.2.2.2.2.2.3.3.3.2.2.2.2.3.2.2.2.2",0.427450896576473,FALSE,TRUE,41
"2.1.2.2.2.2.2.2.2.2.2.4.3.2.2.2.2.3.2.2.2.2",0.146492463161837,FALSE,TRUE,42
"2.1.2.2.2.2.2.2.2.2.2.3.4.2.2.2.2.3.2.2.2.2",0.10408911331631,FALSE,TRUE,41
"2.1.2.2.2.2.2.2.2.2.2.3.3.3.2.2.2.3.2.2.2.2",0.52407673866788,FALSE,TRUE,41
"2.1.2.2.2.2.2.2.2.2.2.3.3.2.3.2.2.3.2.2.2.2",0.287316472097257,FALSE,TRUE,41
"2.1.2.2.2.2.2.2.2.2.2.3.3.2.2.3.2.3.2.2.2.2",0.349635761492878,FALSE,TRUE,41
"2.1.2.2.2.2.2.2.2.2.2.3.3.2.2.2.3.3.2.2.2.2",0.234061235348332,FALSE,TRUE,41
"2.1.2.2.2.2.2.2.2.2.2.3.3.2.2.2.2.4.2.2.2.2",0.249113405986018,FALSE,TRUE,41
"2.1.2.2.2.2.2.2.2.2.2.3.3.2.2.2.2.3.3.2.2.2",0.230580657257748,FALSE,TRUE,41
"2.1.2.2.2.2.2.2.2.2.2.3.3.2.2.2.2.3.2.3.2.2",0.217770877498249,FALSE,TRUE,41
"2.1.2.2.2.2.2.2.2.2.2.3.3.2.2.2.2.3.2.2.3.2",0.214023583719357,FALSE,TRUE,41
"2.1.2.2.2.2.2.2.2.2.2.3.3.2.2.2.2.3.2.2.2.3",0.180256967860984,FALSE,TRUE,41
"1.1.2.2.2.2.2.2.2.2.2.3.3.2.2.2.2.3.2.2.2.2",0.343566447743753,FALSE,TRUE,40
"2.1.1.2.2.2.2.2.2.2.2.3.3.2.2.2.2.3.2.2.2.2",0.197340356196136,FALSE,TRUE,40
"2.1.2.1.2.2.2.2.2.2.2.3.3.2.2.2.2.3.2.2.2.2",0.373398651850075,FALSE,TRUE,40
"2.1.2.2.1.2.2.2.2.2.2.3.3.2.2.2.2.3.2.2.2.2",0.283031666028144,FALSE,TRUE,40
"2.1.2.2.2.1.2.2.2.2.2.3.3.2.2.2.2.3.2.2.2.2",0.131548749158054,FALSE,TRUE,40
"2.1.2.2.2.2.1.2.2.2.2.3.3.2.2.2.2.3.2.2.2.2",0.236364121845391,FALSE,TRUE,40
"2.1.2.2.2.2.2.1.2.2.2.3.3.2.2.2.2.3.2.2.2.2",0.214521957540317,FALSE,TRUE,40
"2.1.2.2.2.2.2.2.1.2.2.3.3.2.2.2.2.3.2.2.2.2",0.338265362552675,FALSE,TRUE,40
"2.1.2.2.2.2.2.2.2.1.2.3.3.2.2.2.2.3.2.2.2.2",0.314971328279313,FALSE,TRUE,40
"2.1.2.2.2.2.2.2.2.2.1.3.3.2.2.2.2.3.2.2.2.2",0.134420760175579,FALSE,TRUE,40
"2.1.2.2.2.2.2.2.2.2.2.3.2.2.2.2.2.3.2.2.2.2",0.430159333064236,FALSE,TRUE,40
"2.1.2.2.2.2.2.2.2.2.2.3.3.1.2.2.2.3.2.2.2.2",0.064395140247627,FALSE,TRUE,40
"2.1.2.2.2.2.2.2.2.2.2.3.3.2.1.2.2.3.2.2.2.2",0.332103994959963,FALSE,TRUE,40
"2.1.2.2.2.2.2.2.2.2.2.3.3.2.2.1.2.3.2.2.2.2",0.206392149728005,FALSE,TRUE,40
"2.1.2.2.2.2.2.2.2.2.2.3.3.2.2.2.1.3.2.2.2.2",0.334397649867414,FALSE,TRUE,40
"2.1.2.2.2.2.2.2.2.2.2.3.3.2.2.2.2.3.1.2.2.2",0.323485486462363,FALSE,TRUE,40
"2.1.2.2.2.2.2.2.2.2.2.3.3.2.2.2.2.3.2.1.2.2",0.392465653017289,FALSE,TRUE,40
"2.1.2.2.2.2.2.2.2.2.2.3.3.2.2.2.2.3.2.2.1.2",0.295722534976847,FALSE,TRUE,40
"2.1.2.2.2.2.2.2.2.2.2.3.3.2.2.2.2.3.2.2.2.1",0.358050929525307,FALSE,TRUE,40
"4.3.2.3.2.2.2.2.2.2.2.2.2.2.2.2.2.2.2.2.1.2",0.348555182244128,FALSE,TRUE,42
"3.4.2.3.2.2.2.2.2.2.2.2.2.2.2.2.2.2.2.2.1.2",0.410990541532754,FALSE,TRUE,41
"3.3.3.3.2.2.2.2.2.2.2.2.2.2.2.2.2.2.2.2.1.2",0.66715901563141,FALSE,TRUE,41
"3.3.2.4.2.2.2.2.2.2.2.2.2.2.2.2.2.2.2.2.1.2",0.334709761362403,FALSE,TRUE,41
"3.3.2.3.3.2.2.2.2.2.2.2.2.2.2.2.2.2.2.2.1.2",0.642338100807146,FALSE,TRUE,41
"3.3.2.3.2.3.2.2.2.2.2.2.2.2.2.2.2.2.2.2.1.2",0.566794488749376,FALSE,TRUE,41
"3.3.2.3.2.2.2.3.2.2.2.2.2.2.2.2.2.2.2.2.1.2",0.355572810626696,FALSE,TRUE,41
"3.3.2.3.2.2.2.2.2.3.2.2.2.2.2.2.2.2.2.2.1.2",0.455271635540495,FALSE,TRUE,41
"3.3.2.3.2.2.2.2.2.2.3.2.2.2.2.2.2.2.2.2.1.2",0.558460088646574,FALSE,TRUE,41
"3.3.2.3.2.2.2.2.2.2.2.3.2.2.2.2.2.2.2.2.1.2",0.401493560071645,FALSE,TRUE,41
"3.3.2.3.2.2.2.2.2.2.2.2.3.2.2.2.2.2.2.2.1.2",0.419058208869405,FALSE,TRUE,41
"3.3.2.3.2.2.2.2.2.2.2.2.2.3.2.2.2.2.2.2.1.2",0.417523905863484,FALSE,TRUE,41
"3.3.2.3.2.2.2.2.2.2.2.2.2.2.3.2.2.2.2.2.1.2",0.350822456213634,FALSE,TRUE,41
"3.3.2.3.2.2.2.2.2.2.2.2.2.2.2.3.2.2.2.2.1.2",0.555771887001198,FALSE,TRUE,41
"3.3.2.3.2.2.2.2.2.2.2.2.2.2.2.2.3.2.2.2.1.2",0.44242330939973,FALSE,TRUE,41
"3.3.2.3.2.2.2.2.2.2.2.2.2.2.2.2.2.3.2.2.1.2",0.390612672833382,FALSE,TRUE,41
"3.3.2.3.2.2.2.2.2.2.2.2.2.2.2.2.2.2.3.2.1.2",0.444371213469803,FALSE,TRUE,41
"3.3.2.3.2.2.2.2.2.2.2.2.2.2.2.2.2.2.2.3.1.2",0.551352340675916,FALSE,TRUE,41
"3.3.2.3.2.2.2.2.2.2.2.2.2.2.2.2.2.2.2.2.2.2",0.445913354873587,FALSE,TRUE,41
"3.3.2.3.2.2.2.2.2.2.2.2.2.2.2.2.2.2.2.2.1.3",0.37742734671761,FALSE,TRUE,41
"3.2.2.3.2.2.2.2.2.2.2.2.2.2.2.2.2.2.2.2.1.2",0.532797946418699,FALSE,TRUE,41
"3.3.1.3.2.2.2.2.2.2.2.2.2.2.2.2.2.2.2.2.1.2",0.289208434518597,FALSE,TRUE,40
"3.3.2.2.2.2.2.2.2.2.2.2.2.2.2.2.2.2.2.2.1.2",0.576400672601387,FALSE,TRUE,41
"3.3.2.3.1.2.2.2.2.2.2.2.2.2.2.2.2.2.2.2.1.2",0.253803951920227,FALSE,TRUE,40
"3.3.2.3.2.2.1.2.2.2.2.2.2.2.2.2.2.2.2.2.1.2",0.51538664226134,FALSE,TRUE,40
"3.3.2.3.2.2.2.1.2.2.2.2.2.2.2.2.2.2.2.2.1.2",0.547212910504186,FALSE,TRUE,40
"3.3.2.3.2.2.2.2.1.2.2.2.2.2.2.2.2.2.2.2.1.2",0.396707349855274,FALSE,TRUE,40
"3.3.2.3.2.2.2.2.2.1.2.2.2.2.2.2.2.2.2.2.1.2",0.37198273340126,FALSE,TRUE,39
"3.3.2.3.2.2.2.2.2.2.1.2.2.2.2.2.2.2.2.2.1.2",0.334595062514425,FALSE,TRUE,40
"3.3.2.3.2.2.2.2.2.2.2.1.2.2.2.2.2.2.2.2.1.2",0.540394606281467,FALSE,TRUE,40
"3.3.2.3.2.2.2.2.2.2.2.2.1.2.2.2.2.2.2.2.1.2",0.361539028717435,FALSE,TRUE,40
"3.3.2.3.2.2.2.2.2.2.2.2.2.1.2.2.2.2.2.2.1.2",0.51432025749383,FALSE,TRUE,40
"3.3.2.3.2.2.2.2.2.2.2.2.2.2.1.2.2.2.2.2.1.2",0.578782389124031,FALSE,TRUE,40
"3.3.2.3.2.2.2.2.2.2.2.2.2.2.2.1.2.2.2.2.1.2",0.378625149745782,FALSE,TRUE,40
"3.3.2.3.2.2.2.2.2.2.2.2.2.2.2.2.1.2.2.2.1.2",0.414922394192461,FALSE,TRUE,40
"3.3.2.3.2.2.2.2.2.2.2.2.2.2.2.2.2.1.2.2.1.2",0.556581706902794,FALSE,TRUE,40
"3.3.2.3.2.2.2.2.2.2.2.2.2.2.2.2.2.2.1.2.1.2",0.465724882525858,FALSE,TRUE,40
"3.3.2.3.2.2.2.2.2.2.2.2.2.2.2.2.2.2.2.1.1.2",0.302401722263258,FALSE,TRUE,40
"3.3.2.3.2.2.2.2.2.2.2.2.2.2.2.2.2.2.2.2.1.1",0.517164860374989,FALSE,TRUE,40
"3.2.2.2.2.2.3.2.2.2.2.2.2.3.2.2.2.2.2.2.2.2",0.565182504138642,FALSE,TRUE,41
"2.3.2.2.2.2.3.2.2.2.2.2.2.3.2.2.2.2.2.2.2.2",0.581963827965046,FALSE,TRUE,42
"2.2.3.2.2.2.3.2.2.2.2.2.2.3.2.2.2.2.2.2.2.2",0.762134338051755,FALSE,TRUE,42
"2.2.2.3.2.2.3.2.2.2.2.2.2.3.2.2.2.2.2.2.2.2",0.544011051050021,FALSE,TRUE,42
"2.2.2.2.3.2.3.2.2.2.2.2.2.3.2.2.2.2.2.2.2.2",0.684817134041382,FALSE,TRUE,42
"2.2.2.2.2.3.3.2.2.2.2.2.2.3.2.2.2.2.2.2.2.2",0.69007345648058,FALSE,TRUE,42
"2.2.2.2.2.2.4.2.2.2.2.2.2.3.2.2.2.2.2.2.2.2",0.506565220978075,FALSE,TRUE,42
"2.2.2.2.2.2.3.3.2.2.2.2.2.3.2.2.2.2.2.2.2.2",0.620709911876267,FALSE,TRUE,42
"2.2.2.2.2.2.3.2.3.2.2.2.2.3.2.2.2.2.2.2.2.2",0.531883551229419,FALSE,TRUE,41
"2.2.2.2.2.2.3.2.2.3.2.2.2.3.2.2.2.2.2.2.2.2",0.648984363735039,FALSE,TRUE,41
"2.2.2.2.2.2.3.2.2.2.3.2.2.3.2.2.2.2.2.2.2.2",0.726678508454884,FALSE,TRUE,41
"2.2.2.2.2.2.3.2.2.2.2.3.2.3.2.2.2.2.2.2.2.2",0.548101554001979,FALSE,TRUE,42
"2.2.2.2.2.2.3.2.2.2.2.2.3.3.2.2.2.2.2.2.2.2",0.691946305822296,FALSE,TRUE,41
"2.2.2.2.2.2.3.2.2.2.2.2.2.4.2.2.2.2.2.2.2.2",0.659143126316186,FALSE,TRUE,43
"2.2.2.2.2.2.3.2.2.2.2.2.2.3.3.2.2.2.2.2.2.2",0.547975517949578,FALSE,TRUE,42
"2.2.2.2.2.2.3.2.2.2.2.2.2.3.2.2.3.2.2.2.2.2",0.58947048889656,FALSE,TRUE,42
"2.2.2.2.2.2.3.2.2.2.2.2.2.3.2.2.2.3.2.2.2.2",0.67649505194561,FALSE,TRUE,41
"2.2.2.2.2.2.3.2.2.2.2.2.2.3.2.2.2.2.3.2.2.2",0.709709693878405,FALSE,TRUE,42
"2.2.2.2.2.2.3.2.2.2.2.2.2.3.2.2.2.2.2.3.2.2",0.557143119437718,FALSE,TRUE,42
"2.2.2.2.2.2.3.2.2.2.2.2.2.3.2.2.2.2.2.2.3.2",0.583057146428301,FALSE,TRUE,42
"2.2.2.2.2.2.3.2.2.2.2.2.2.3.2.2.2.2.2.2.2.3",0.669463731492348,FALSE,TRUE,42
"1.2.2.2.2.2.3.2.2.2.2.2.2.3.2.2.2.2.2.2.2.2",0.633437712547511,FALSE,TRUE,39
"2.1.2.2.2.2.3.2.2.2.2.2.2.3.2.2.2.2.2.2.2.2",0.706356862730782,FALSE,TRUE,41
"2.2.1.2.2.2.3.2.2.2.2.2.2.3.2.2.2.2.2.2.2.2",0.522482824346056,FALSE,TRUE,40
"2.2.2.1.2.2.3.2.2.2.2.2.2.3.2.2.2.2.2.2.2.2",0.641562469264861,FALSE,TRUE,41
"2.2.2.2.1.2.3.2.2.2.2.2.2.3.2.2.2.2.2.2.2.2",0.521806785677007,FALSE,TRUE,41
"2.2.2.2.2.1.3.2.2.2.2.2.2.3.2.2.2.2.2.2.2.2",0.572773141934003,FALSE,TRUE,41
"2.2.2.2.2.2.3.1.2.2.2.2.2.3.2.2.2.2.2.2.2.2",0.642653274542408,FALSE,TRUE,41
"2.2.2.2.2.2.3.2.1.2.2.2.2.3.2.2.2.2.2.2.2.2",0.665216077911514,FALSE,TRUE,41
"2.2.2.2.2.2.3.2.2.1.2.2.2.3.2.2.2.2.2.2.2.2",0.476105667401698,FALSE,TRUE,41
"2.2.2.2.2.2.3.2.2.2.1.2.2.3.2.2.2.2.2.2.2.2",0.519871206019963,FALSE,TRUE,41
"2.2.2.2.2.2.3.2.2.2.2.1.2.3.2.2.2.2.2.2.2.2",0.728220971655275,FALSE,TRUE,41
"2.2.2.2.2.2.3.2.2.2.2.2.1.3.2.2.2.2.2.2.2.2",0.429284288158838,FALSE,TRUE,41
"2.2.2.2.2.2.3.2.2.2.2.2.2.3.1.2.2.2.2.2.2.2",0.697330729737326,FALSE,TRUE,41
"2.2.2.2.2.2.3.2.2.2.2.2.2.3.2.1.2.2.2.2.2.2",0.533122087671463,FALSE,TRUE,41
"2.2.2.2.2.2.3.2.2.2.2.2.2.3.2.2.1.2.2.2.2.2",0.550361567520516,FALSE,TRUE,41
"2.2.2.2.2.2.3.2.2.2.2.2.2.3.2.2.2.1.2.2.2.2",0.551850929731839,FALSE,TRUE,41
"2.2.2.2.2.2.3.2.2.2.2.2.2.3.2.2.2.2.1.2.2.2",0.548832848919328,FALSE,TRUE,41
"2.2.2.2.2.2.3.2.2.2.2.2.2.3.2.2.2.2.2.2.1.2",0.626593421944537,FALSE,TRUE,41
"2.2.2.2.2.2.3.2.2.2.2.2.2.3.2.2.2.2.2.2.2.1",0.587120927614847,FALSE,TRUE,40
"3.2.2.1.2.2.2.2.2.2.3.2.2.2.2.2.2.3.3.2.2.2",0.608906833262897,FALSE,TRUE,41
"2.3.2.1.2.2.2.2.2.2.3.2.2.2.2.2.2.3.3.2.2.2",0.718779319195615,FALSE,TRUE,41
"2.2.3.1.2.2.2.2.2.2.3.2.2.2.2.2.2.3.3.2.2.2",0.589735370585114,FALSE,TRUE,41
"2.2.2.2.2.2.2.2.2.2.3.2.2.2.2.2.2.3.3.2.2.2",0.640496977475935,FALSE,TRUE,40
"2.2.2.1.3.2.2.2.2.2.3.2.2.2.2.2.2.3.3.2.2.2",0.54976281819525,FALSE,TRUE,41
"2.2.2.1.2.3.2.2.2.2.3.2.2.2.2.2.2.3.3.2.2.2",0.779345588599361,FALSE,TRUE,41
"2.2.2.1.2.2.3.2.2.2.3.2.2.2.2.2.2.3.3.2.2.2",0.674244149265297,FALSE,TRUE,41
"2.2.2.1.2.2.2.3.2.2.3.2.2.2.2.2.2.3.3.2.2.2",0.690486784797006,FALSE,TRUE,41
"2.2.2.1.2.2.2.2.3.2.3.2.2.2.2.2.2.3.3.2.2.2",0.523612398254873,FALSE,TRUE,41
"2.2.2.1.2.2.2.2.2.3.3.2.2.2.2.2.2.3.3.2.2.2",0.500062434626126,FALSE,TRUE,41
"2.2.2.1.2.2.2.2.2.2.4.2.2.2.2.2.2.3.3.2.2.2",0.606095497960528,FALSE,TRUE,41
"2.2.2.1.2.2.2.2.2.2.3.3.2.2.2.2.2.3.3.2.2.2",0.563288862063879,FALSE,TRUE,41
"2.2.2.1.2.2.2.2.2.2.3.2.3.2.2.2.2.3.3.2.2.2",0.617414394641909,FALSE,TRUE,40
"2.2.2.1.2.2.2.2.2.2.3.2.2.3.2.2.2.3.3.2.2.2",0.835529116160076,FALSE,TRUE,41
"2.2.2.1.2.2.2.2.2.2.3.2.2.2.3.2.2.3.3.2.2.2",0.648624261148771,FALSE,TRUE,41
"2.2.2.1.2.2.2.2.2.2.3.2.2.2.2.3.2.3.3.2.2.2",0.642921974937996,FALSE,TRUE,41
"2.2.2.1.2.2.2.2.2.2.3.2.2.2.2.2.3.3.3.2.2.2",0.643340996152236,FALSE,TRUE,41
"2.2.2.1.2.2.2.2.2.2.3.2.2.2.2.2.2.4.3.2.2.2",0.666925986375682,FALSE,TRUE,41
"2.2.2.1.2.2.2.2.2.2.3.2.2.2.2.2.2.3.4.2.2.2",0.571150123073413,FALSE,TRUE,42
"2.2.2.1.2.2.2.2.2.2.3.2.2.2.2.2.2.3.3.3.2.2",0.552532800273965,FALSE,TRUE,41
"2.2.2.1.2.2.2.2.2.2.3.2.2.2.2.2.2.3.3.2.3.2",0.542547330565133,FALSE,TRUE,41
"2.2.2.1.2.2.2.2.2.2.3.2.2.2.2.2.2.3.3.2.2.3",0.650878444874328,FALSE,TRUE,41
"1.2.2.1.2.2.2.2.2.2.3.2.2.2.2.2.2.3.3.2.2.2",0.585925864256683,FALSE,TRUE,40
"2.1.2.1.2.2.2.2.2.2.3.2.2.2.2.2.2.3.3.2.2.2",0.563403547409041,FALSE,TRUE,40
"2.2.1.1.2.2.2.2.2.2.3.2.2.2.2.2.2.3.3.2.2.2",0.587699858258926,FALSE,TRUE,40
"2.2.2.1.1.2.2.2.2.2.3.2.2.2.2.2.2.3.3.2.2.2",0.692807069749203,FALSE,TRUE,40
"2.2.2.1.2.1.2.2.2.2.3.2.2.2.2.2.2.3.3.2.2.2",0.540646471803437,FALSE,TRUE,40
"2.2.2.1.2.2.1.2.2.2.3.2.2.2.2.2.2.3.3.2.2.2",0.506364544048134,FALSE,TRUE,40
"2.2.2.1.2.2.2.1.2.2.3.2.2.2.2.2.2.3.3.2.2.2",0.583526318120568,FALSE,TRUE,40
"2.2.2.1.2.2.2.2.1.2.3.2.2.2.2.2.2.3.3.2.2.2",0.624055027412904,FALSE,TRUE,40
"2.2.2.1.2.2.2.2.2.1.3.2.2.2.2.2.2.3.3.2.2.2",0.669884347297842,FALSE,TRUE,40
"2.2.2.1.2.2.2.2.2.2.2.2.2.2.2.2.2.3.3.2.2.2",0.619250822287243,FALSE,TRUE,40
"2.2.2.1.2.2.2.2.2.2.3.1.2.2.2.2.2.3.3.2.2.2",0.69490509326133,FALSE,TRUE,40
"2.2.2.1.2.2.2.2.2.2.3.2.1.2.2.2.2.3.3.2.2.2",0.54391717312263,FALSE,TRUE,40
"2.2.2.1.2.2.2.2.2.2.3.2.2.1.2.2.2.3.3.2.2.2",0.330728437795838,FALSE,TRUE,40
"2.2.2.1.2.2.2.2.2.2.3.2.2.2.1.2.2.3.3.2.2.2",0.585398992315816,FALSE,TRUE,40
"2.2.2.1.2.2.2.2.2.2.3.2.2.2.2.1.2.3.3.2.2.2",0.542907568061946,FALSE,TRUE,40
"2.2.2.1.2.2.2.2.2.2.3.2.2.2.2.2.1.3.3.2.2.2",0.476561237058592,FALSE,TRUE,40
"2.2.2.1.2.2.2.2.2.2.3.2.2.2.2.2.2.3.3.1.2.2",0.582237650621905,FALSE,TRUE,39
"2.2.2.1.2.2.2.2.2.2.3.2.2.2.2.2.2.3.3.2.1.2",0.624890476828714,FALSE,TRUE,40
"2.2.2.1.2.2.2.2.2.2.3.2.2.2.2.2.2.3.3.2.2.1",0.524631562584986,FALSE,TRUE,40
"1.2.2.2.2.2.2.2.2.2.2.2.3.2.2.2.2.3.2.2.2.2",0.517175360983958,FALSE,TRUE,39
"1.1.3.2.2.2.2.2.2.2.2.2.3.2.2.2.2.3.2.2.2.2",0.37893585579726,FALSE,TRUE,40
"1.1.2.3.2.2.2.2.2.2.2.2.3.2.2.2.2.3.2.2.2.2",0.385388871250873,FALSE,TRUE,40
"1.1.2.2.3.2.2.2.2.2.2.2.3.2.2.2.2.3.2.2.2.2",0.40860642958157,FALSE,TRUE,40
"1.1.2.2.2.3.2.2.2.2.2.2.3.2.2.2.2.3.2.2.2.2",0.582026576916353,FALSE,TRUE,40
"1.1.2.2.2.2.3.2.2.2.2.2.3.2.2.2.2.3.2.2.2.2",0.544563809919719,FALSE,TRUE,40
"1.1.2.2.2.2.2.3.2.2.2.2.3.2.2.2.2.3.2.2.2.2",0.456363956379148,FALSE,TRUE,40
"1.1.2.2.2.2.2.2.3.2.2.2.3.2.2.2.2.3.2.2.2.2",0.378021008893847,FALSE,TRUE,40
"1.1.2.2.2.2.2.2.2.3.2.2.3.2.2.2.2.3.2.2.2.2",0.37410484880201,FALSE,TRUE,40
"1.1.2.2.2.2.2.2.2.2.3.2.3.2.2.2.2.3.2.2.2.2",0.576849798030468,FALSE,TRUE,40
"1.1.2.2.2.2.2.2.2.2.2.2.4.2.2.2.2.3.2.2.2.2",0.254335139663396,FALSE,TRUE,40
"1.1.2.2.2.2.2.2.2.2.2.2.3.3.2.2.2.3.2.2.2.2",0.667013521961913,FALSE,TRUE,40
"1.1.2.2.2.2.2.2.2.2.2.2.3.2.3.2.2.3.2.2.2.2",0.455538833524151,FALSE,TRUE,40
"1.1.2.2.2.2.2.2.2.2.2.2.3.2.2.3.2.3.2.2.2.2",0.445640328177261,FALSE,TRUE,40
"1.1.2.2.2.2.2.2.2.2.2.2.3.2.2.2.3.3.2.2.2.2",0.373778804353922,FALSE,TRUE,40
"1.1.2.2.2.2.2.2.2.2.2.2.3.2.2.2.2.4.2.2.2.2",0.429235022493867,FALSE,TRUE,40
"1.1.2.2.2.2.2.2.2.2.2.2.3.2.2.2.2.3.3.2.2.2",0.361265938087763,FALSE,TRUE,40
"1.1.2.2.2.2.2.2.2.2.2.2.3.2.2.2.2.3.2.3.2.2",0.382719038739158,FALSE,TRUE,40
"1.1.2.2.2.2.2.2.2.2.2.2.3.2.2.2.2.3.2.2.3.2",0.384737615405167,FALSE,TRUE,40
"1.1.2.2.2.2.2.2.2.2.2.2.3.2.2.2.2.3.2.2.2.3",0.352608768349295,FALSE,TRUE,40
"1.1.1.2.2.2.2.2.2.2.2.2.3.2.2.2.2.3.2.2.2.2",0.407958004125713,FALSE,TRUE,39
"1.1.2.1.2.2.2.2.2.2.2.2.3.2.2.2.2.3.2.2.2.2",0.494568404288239,FALSE,TRUE,39
"1.1.2.2.1.2.2.2.2.2.2.2.3.2.2.2.2.3.2.2.2.2",0.476167667005508,FALSE,TRUE,39
"1.1.2.2.2.1.2.2.2.2.2.2.3.2.2.2.2.3.2.2.2.2",0.300971600023199,FALSE,TRUE,39
"1.1.2.2.2.2.1.2.2.2.2.2.3.2.2.2.2.3.2.2.2.2",0.302687580831793,FALSE,TRUE,39
"1.1.2.2.2.2.2.1.2.2.2.2.3.2.2.2.2.3.2.2.2.2",0.373247324634785,FALSE,TRUE,39
"1.1.2.2.2.2.2.2.1.2.2.2.3.2.2.2.2.3.2.2.2.2",0.432790425590008,FALSE,TRUE,39
"1.1.2.2.2.2.2.2.2.1.2.2.3.2.2.2.2.3.2.2.2.2",0.467428441046367,FALSE,TRUE,39
"1.1.2.2.2.2.2.2.2.2.1.2.3.2.2.2.2.3.2.2.2.2",0.304118301585198,FALSE,TRUE,39
"1.1.2.2.2.2.2.2.2.2.2.1.3.2.2.2.2.3.2.2.2.2",0.560414983926261,FALSE,TRUE,39
"1.1.2.2.2.2.2.2.2.2.2.2.2.2.2.2.2.3.2.2.2.2",0.544763957704765,FALSE,TRUE,39
"1.1.2.2.2.2.2.2.2.2.2.2.3.1.2.2.2.3.2.2.2.2",0.199712400635849,FALSE,TRUE,39
"1.1.2.2.2.2.2.2.2.2.2.2.3.2.1.2.2.3.2.2.2.2",0.459058859454883,FALSE,TRUE,39
"1.1.2.2.2.2.2.2.2.2.2.2.3.2.2.1.2.3.2.2.2.2",0.400505858463786,FALSE,TRUE,39
"1.1.2.2.2.2.2.2.2.2.2.2.3.2.2.2.1.3.2.2.2.2",0.446673838625172,FALSE,TRUE,39
"1.1.2.2.2.2.2.2.2.2.2.2.3.2.2.2.2.3.1.2.2.2",0.486808938730065,FALSE,TRUE,39
"1.1.2.2.2.2.2.2.2.2.2.2.3.2.2.2.2.3.2.1.2.2",0.472105694049891,FALSE,TRUE,39
"1.1.2.2.2.2.2.2.2.2.2.2.3.2.2.2.2.3.2.2.1.2",0.427302278456737,FALSE,TRUE,39
"1.1.2.2.2.2.2.2.2.2.2.2.3.2.2.2.2.3.2.2.2.1",0.447818184695237,FALSE,TRUE,39
"3.1.2.2.2.2.2.2.2.2.2.2.3.2.2.2.2.3.2.2.2.1",0.328486595996215,FALSE,TRUE,40
"2.2.2.2.2.2.2.2.2.2.2.2.3.2.2.2.2.3.2.2.2.1",0.527806383958888,FALSE,TRUE,39
"2.1.3.2.2.2.2.2.2.2.2.2.3.2.2.2.2.3.2.2.2.1",0.428800034433532,FALSE,TRUE,40
"2.1.2.3.2.2.2.2.2.2.2.2.3.2.2.2.2.3.2.2.2.1",0.339927197668079,FALSE,TRUE,40
"2.1.2.2.3.2.2.2.2.2.2.2.3.2.2.2.2.3.2.2.2.1",0.378486404208134,FALSE,TRUE,40
"2.1.2.2.2.3.2.2.2.2.2.2.3.2.2.2.2.3.2.2.2.1",0.578717970171249,FALSE,TRUE,40
"2.1.2.2.2.2.3.2.2.2.2.2.3.2.2.2.2.3.2.2.2.1",0.426436586451382,FALSE,TRUE,40
"2.1.2.2.2.2.2.3.2.2.2.2.3.2.2.2.2.3.2.2.2.1",0.503844821681302,FALSE,TRUE,40
"2.1.2.2.2.2.2.2.3.2.2.2.3.2.2.2.2.3.2.2.2.1",0.367773778448515,FALSE,TRUE,40
"2.1.2.2.2.2.2.2.2.3.2.2.3.2.2.2.2.3.2.2.2.1",0.268352113028858,FALSE,TRUE,40
"2.1.2.2.2.2.2.2.2.2.3.2.3.2.2.2.2.3.2.2.2.1",0.509060852200954,FALSE,TRUE,40
"2.1.2.2.2.2.2.2.2.2.2.2.4.2.2.2.2.3.2.2.2.1",0.323463522124621,FALSE,TRUE,40
"2.1.2.2.2.2.2.2.2.2.2.2.3.3.2.2.2.3.2.2.2.1",0.639128547809805,FALSE,TRUE,40
"2.1.2.2.2.2.2.2.2.2.2.2.3.2.3.2.2.3.2.2.2.1",0.409009869048917,FALSE,TRUE,40
"2.1.2.2.2.2.2.2.2.2.2.2.3.2.2.3.2.3.2.2.2.1",0.485697932718358,FALSE,TRUE,40
"2.1.2.2.2.2.2.2.2.2.2.2.3.2.2.2.3.3.2.2.2.1",0.342769104744358,FALSE,TRUE,40
"2.1.2.2.2.2.2.2.2.2.2.2.3.2.2.2.2.4.2.2.2.1",0.398553477366695,FALSE,TRUE,40
"2.1.2.2.2.2.2.2.2.2.2.2.3.2.2.2.2.3.3.2.2.1",0.386449406886638,FALSE,TRUE,40
"2.1.2.2.2.2.2.2.2.2.2.2.3.2.2.2.2.3.2.3.2.1",0.334203763554377,FALSE,TRUE,40
"2.1.2.2.2.2.2.2.2.2.2.2.3.2.2.2.2.3.2.2.3.1",0.246897352351343,FALSE,TRUE,40
"2.1.1.2.2.2.2.2.2.2.2.2.3.2.2.2.2.3.2.2.2.1",0.378802634786752,FALSE,TRUE,39
"2.1.2.1.2.2.2.2.2.2.2.2.3.2.2.2.2.3.2.2.2.1",0.459937775857564,FALSE,TRUE,39
"2.1.2.2.1.2.2.2.2.2.2.2.3.2.2.2.2.3.2.2.2.1",0.480320810250011,FALSE,TRUE,39
"2.1.2.2.2.1.2.2.2.2.2.2.3.2.2.2.2.3.2.2.2.1",0.301688038955842,FALSE,TRUE,39
"2.1.2.2.2.2.1.2.2.2.2.2.3.2.2.2.2.3.2.2.2.1",0.354693617294379,FALSE,TRUE,39
"2.1.2.2.2.2.2.1.2.2.2.2.3.2.2.2.2.3.2.2.2.1",0.340344516782374,FALSE,TRUE,39
"2.1.2.2.2.2.2.2.1.2.2.2.3.2.2.2.2.3.2.2.2.1",0.382855341516531,FALSE,TRUE,39
"2.1.2.2.2.2.2.2.2.1.2.2.3.2.2.2.2.3.2.2.2.1",0.517404480873256,FALSE,TRUE,39
"2.1.2.2.2.2.2.2.2.2.1.2.3.2.2.2.2.3.2.2.2.1",0.294559402974926,FALSE,TRUE,39
"2.1.2.2.2.2.2.2.2.2.2.1.3.2.2.2.2.3.2.2.2.1",0.485946202247958,FALSE,TRUE,39
"2.1.2.2.2.2.2.2.2.2.2.2.2.2.2.2.2.3.2.2.2.1",0.466953467923212,FALSE,TRUE,39
"2.1.2.2.2.2.2.2.2.2.2.2.3.1.2.2.2.3.2.2.2.1",0.18318996472355,FALSE,TRUE,39
"2.1.2.2.2.2.2.2.2.2.2.2.3.2.1.2.2.3.2.2.2.1",0.447100014104979,FALSE,TRUE,39
"2.1.2.2.2.2.2.2.2.2.2.2.3.2.2.1.2.3.2.2.2.1",0.3197697240312,FALSE,TRUE,39
"2.1.2.2.2.2.2.2.2.2.2.2.3.2.2.2.1.3.2.2.2.1",0.420788288959431,FALSE,TRUE,39
"2.1.2.2.2.2.2.2.2.2.2.2.3.2.2.2.2.3.1.2.2.1",0.419111005273881,FALSE,TRUE,39
"2.1.2.2.2.2.2.2.2.2.2.2.3.2.2.2.2.3.2.1.2.1",0.451218926141464,FALSE,TRUE,39
"2.1.2.2.2.2.2.2.2.2.2.2.3.2.2.2.2.3.2.2.1.1",0.52327589595013,FALSE,TRUE,39
"3.2.1.2.2.2.2.2.2.2.2.2.2.2.2.2.2.2.2.2.2.2",0.3627697148397,FALSE,TRUE,41
"2.3.1.2.2.2.2.2.2.2.2.2.2.2.2.2.2.2.2.2.2.2",0.372580270176491,FALSE,TRUE,40
"2.2.1.3.2.2.2.2.2.2.2.2.2.2.2.2.2.2.2.2.2.2",0.377362162625019,FALSE,TRUE,40
"2.2.1.2.3.2.2.2.2.2.2.2.2.2.2.2.2.2.2.2.2.2",0.39966147089524,FALSE,TRUE,41
"2.2.1.2.2.3.2.2.2.2.2.2.2.2.2.2.2.2.2.2.2.2",0.549375648379425,FALSE,TRUE,41
"2.2.1.2.2.2.2.3.2.2.2.2.2.2.2.2.2.2.2.2.2.2",0.390485949319078,FALSE,TRUE,41
"2.2.1.2.2.2.2.2.2.3.2.2.2.2.2.2.2.2.2.2.2.2",0.408361207772373,FALSE,TRUE,41
"2.2.1.2.2.2.2.2.2.2.2.3.2.2.2.2.2.2.2.2.2.2",0.271884958951882,FALSE,TRUE,41
"2.2.1.2.2.2.2.2.2.2.2.2.2.3.2.2.2.2.2.2.2.2",0.566935442086383,FALSE,TRUE,40
"2.2.1.2.2.2.2.2.2.2.2.2.2.2.3.2.2.2.2.2.2.2",0.347304493001202,FALSE,TRUE,41
"2.2.1.2.2.2.2.2.2.2.2.2.2.2.2.3.2.2.2.2.2.2",0.528649889179833,FALSE,TRUE,39
"2.2.1.2.2.2.2.2.2.2.2.2.2.2.2.2.3.2.2.2.2.2",0.443224677355752,FALSE,TRUE,41
"2.2.1.2.2.2.2.2.2.2.2.2.2.2.2.2.2.2.3.2.2.2",0.467295564238772,FALSE,TRUE,41
"2.2.1.2.2.2.2.2.2.2.2.2.2.2.2.2.2.2.2.3.2.2",0.426952874543626,FALSE,TRUE,41
"2.2.1.2.2.2.2.2.2.2.2.2.2.2.2.2.2.2.2.2.3.2",0.306527885602376,FALSE,TRUE,41
"2.2.1.2.2.2.2.2.2.2.2.2.2.2.2.2.2.2.2.2.2.3",0.421189935856131,FALSE,TRUE,41
"1.2.1.2.2.2.2.2.2.2.2.2.2.2.2.2.2.2.2.2.2.2",0.342385975579479,FALSE,TRUE,39
"2.1.1.2.2.2.2.2.2.2.2.2.2.2.2.2.2.2.2.2.2.2",0.41619170208712,FALSE,TRUE,39
"2.2.1.1.2.2.2.2.2.2.2.2.2.2.2.2.2.2.2.2.2.2",0.350324585223143,FALSE,TRUE,39
"2.2.1.2.1.2.2.2.2.2.2.2.2.2.2.2.2.2.2.2.2.2",0.311982625938754,FALSE,TRUE,40
"2.2.1.2.2.1.2.2.2.2.2.2.2.2.2.2.2.2.2.2.2.2",0.246461633094307,FALSE,TRUE,40
"2.2.1.2.2.2.1.2.2.2.2.2.2.2.2.2.2.2.2.2.2.2",0.298458732974605,FALSE,TRUE,40
"2.2.1.2.2.2.2.1.2.2.2.2.2.2.2.2.2.2.2.2.2.2",0.404492968690908,FALSE,TRUE,40
"2.2.1.2.2.2.2.2.1.2.2.2.2.2.2.2.2.2.2.2.2.2",0.34579599694589,FALSE,TRUE,40
"2.2.1.2.2.2.2.2.2.1.2.2.2.2.2.2.2.2.2.2.2.2",0.25367967548474,FALSE,TRUE,40
"2.2.1.2.2.2.2.2.2.2.1.2.2.2.2.2.2.2.2.2.2.2",0.209500431358041,FALSE,TRUE,40
"2.2.1.2.2.2.2.2.2.2.2.1.2.2.2.2.2.2.2.2.2.2",0.52711022239254,FALSE,TRUE,39
"2.2.1.2.2.2.2.2.2.2.2.2.1.2.2.2.2.2.2.2.2.2",0.160660268561256,FALSE,TRUE,40
"2.2.1.2.2.2.2.2.2.2.2.2.2.2.1.2.2.2.2.2.2.2",0.42376719302758,FALSE,TRUE,39
"2.2.1.2.2.2.2.2.2.2.2.2.2.2.2.1.2.2.2.2.2.2",0.239076265999876,FALSE,TRUE,40
"2.2.1.2.2.2.2.2.2.2.2.2.2.2.2.2.1.2.2.2.2.2",0.250013258491621,FALSE,TRUE,40
"2.2.1.2.2.2.2.2.2.2.2.2.2.2.2.2.2.1.2.2.2.2",0.288150302000887,FALSE,TRUE,40
"2.2.1.2.2.2.2.2.2.2.2.2.2.2.2.2.2.2.1.2.2.2",0.294856065590854,FALSE,TRUE,40
"2.2.1.2.2.2.2.2.2.2.2.2.2.2.2.2.2.2.2.1.2.2",0.202972635332797,FALSE,TRUE,39
"2.2.1.2.2.2.2.2.2.2.2.2.2.2.2.2.2.2.2.2.1.2",0.420885696302826,FALSE,TRUE,40
"2.2.1.2.2.2.2.2.2.2.2.2.2.2.2.2.2.2.2.2.2.1",0.306712978485343,FALSE,TRUE,40
"3.1.2.2.2.2.2.2.2.1.2.2.3.2.2.2.2.3.2.2.2.2",0.44861450308553,FALSE,TRUE,40
"2.2.2.2.2.2.2.2.2.1.2.2.3.2.2.2.2.3.2.2.2.2",0.48717518537792,FALSE,TRUE,39
"2.1.3.2.2.2.2.2.2.1.2.2.3.2.2.2.2.3.2.2.2.2",0.494692430243879,FALSE,TRUE,40
"2.1.2.3.2.2.2.2.2.1.2.2.3.2.2.2.2.3.2.2.2.2",0.402360517027361,FALSE,TRUE,40
"2.1.2.2.3.2.2.2.2.1.2.2.3.2.2.2.2.3.2.2.2.2",0.451395322258593,FALSE,TRUE,40
"2.1.2.2.2.3.2.2.2.1.2.2.3.2.2.2.2.3.2.2.2.2",0.617824124438212,FALSE,TRUE,40
"2.1.2.2.2.2.3.2.2.1.2.2.3.2.2.2.2.3.2.2.2.2",0.528479348054649,FALSE,TRUE,40
"2.1.2.2.2.2.2.3.2.1.2.2.3.2.2.2.2.3.2.2.2.2",0.443120592348223,FALSE,TRUE,40
"2.1.2.2.2.2.2.2.3.1.2.2.3.2.2.2.2.3.2.2.2.2",0.386015893096213,FALSE,TRUE,40
"2.1.2.2.2.2.2.2.2.1.3.2.3.2.2.2.2.3.2.2.2.2",0.653807058384775,FALSE,TRUE,40
"2.1.2.2.2.2.2.2.2.1.2.2.4.2.2.2.2.3.2.2.2.2",0.270430059344994,FALSE,TRUE,40
"2.1.2.2.2.2.2.2.2.1.2.2.3.3.2.2.2.3.2.2.2.2",0.638610594259718,FALSE,TRUE,40
"2.1.2.2.2.2.2.2.2.1.2.2.3.2.3.2.2.3.2.2.2.2",0.444535734240189,FALSE,TRUE,40
"2.1.2.2.2.2.2.2.2.1.2.2.3.2.2.3.2.3.2.2.2.2",0.537712742448436,FALSE,TRUE,40
"2.1.2.2.2.2.2.2.2.1.2.2.3.2.2.2.3.3.2.2.2.2",0.420493294751157,FALSE,TRUE,40
"2.1.2.2.2.2.2.2.2.1.2.2.3.2.2.2.2.4.2.2.2.2",0.416377833471958,FALSE,TRUE,40
"2.1.2.2.2.2.2.2.2.1.2.2.3.2.2.2.2.3.3.2.2.2",0.432840197466508,FALSE,TRUE,40
"2.1.2.2.2.2.2.2.2.1.2.2.3.2.2.2.2.3.2.3.2.2",0.393534936197278,FALSE,TRUE,40
"2.1.2.2.2.2.2.2.2.1.2.2.3.2.2.2.2.3.2.2.3.2",0.427977602633001,FALSE,TRUE,40
"2.1.2.2.2.2.2.2.2.1.2.2.3.2.2.2.2.3.2.2.2.3",0.346856278669933,FALSE,TRUE,40
"2.1.1.2.2.2.2.2.2.1.2.2.3.2.2.2.2.3.2.2.2.2",0.346473056553345,FALSE,TRUE,39
"2.1.2.1.2.2.2.2.2.1.2.2.3.2.2.2.2.3.2.2.2.2",0.49057621807588,FALSE,TRUE,39
"2.1.2.2.1.2.2.2.2.1.2.2.3.2.2.2.2.3.2.2.2.2",0.42604760589111,FALSE,TRUE,39
"2.1.2.2.2.1.2.2.2.1.2.2.3.2.2.2.2.3.2.2.2.2",0.293698202827593,FALSE,TRUE,39
"2.1.2.2.2.2.1.2.2.1.2.2.3.2.2.2.2.3.2.2.2.2",0.362571847954672,FALSE,TRUE,39
"2.1.2.2.2.2.2.1.2.1.2.2.3.2.2.2.2.3.2.2.2.2",0.429776457539218,FALSE,TRUE,39
"2.1.2.2.2.2.2.2.1.1.2.2.3.2.2.2.2.3.2.2.2.2",0.467205209104663,FALSE,TRUE,39
"2.1.2.2.2.2.2.2.2.1.1.2.3.2.2.2.2.3.2.2.2.2",0.275118987137004,FALSE,TRUE,39
"2.1.2.2.2.2.2.2.2.1.2.1.3.2.2.2.2.3.2.2.2.2",0.626030568426425,FALSE,TRUE,39
"2.1.2.2.2.2.2.2.2.1.2.2.2.2.2.2.2.3.2.2.2.2",0.54075381636797,FALSE,TRUE,39
"2.1.2.2.2.2.2.2.2.1.2.2.3.1.2.2.2.3.2.2.2.2",0.24869509838466,FALSE,TRUE,39
"2.1.2.2.2.2.2.2.2.1.2.2.3.2.1.2.2.3.2.2.2.2",0.480847553286833,FALSE,TRUE,39
"2.1.2.2.2.2.2.2.2.1.2.2.3.2.2.1.2.3.2.2.2.2",0.35635506883905,FALSE,TRUE,39
"2.1.2.2.2.2.2.2.2.1.2.2.3.2.2.2.1.3.2.2.2.2",0.428608251319094,FALSE,TRUE,39
"2.1.2.2.2.2.2.2.2.1.2.2.3.2.2.2.2.3.1.2.2.2",0.448148122936396,FALSE,TRUE,39
"2.1.2.2.2.2.2.2.2.1.2.2.3.2.2.2.2.3.2.1.2.2",0.45044522619888,FALSE,TRUE,39
"2.1.2.2.2.2.2.2.2.1.2.2.3.2.2.2.2.3.2.2.1.2",0.439342671235268,FALSE,TRUE,39
"3.3.2.3.2.2.3.2.2.1.2.2.2.2.2.2.2.2.2.2.1.2",0.276702387370874,FALSE,TRUE,39
"2.4.2.3.2.2.3.2.2.1.2.2.2.2.2.2.2.2.2.2.1.2",0.132255092247855,FALSE,TRUE,40
"2.3.3.3.2.2.3.2.2.1.2.2.2.2.2.2.2.2.2.2.1.2",0.445547875704918,FALSE,TRUE,40
"2.3.2.4.2.2.3.2.2.1.2.2.2.2.2.2.2.2.2.2.1.2",0.183864650292549,FALSE,TRUE,40
"2.3.2.3.3.2.3.2.2.1.2.2.2.2.2.2.2.2.2.2.1.2",0.485722545940823,FALSE,TRUE,40
"2.3.2.3.2.3.3.2.2.1.2.2.2.2.2.2.2.2.2.2.1.2",0.233717417307278,FALSE,TRUE,40
"2.3.2.3.2.2.4.2.2.1.2.2.2.2.2.2.2.2.2.2.1.2",0.184597601114888,FALSE,TRUE,40
"2.3.2.3.2.2.3.3.2.1.2.2.2.2.2.2.2.2.2.2.1.2",0.0703153425887659,FALSE,TRUE,40
"2.3.2.3.2.2.3.2.3.1.2.2.2.2.2.2.2.2.2.2.1.2",0.265061519733478,FALSE,TRUE,39
"2.3.2.3.2.2.3.2.2.1.3.2.2.2.2.2.2.2.2.2.1.2",0.398555523822903,FALSE,TRUE,40
"2.3.2.3.2.2.3.2.2.1.2.3.2.2.2.2.2.2.2.2.1.2",0.184941219862946,FALSE,TRUE,40
"2.3.2.3.2.2.3.2.2.1.2.2.3.2.2.2.2.2.2.2.1.2",0.264970066005975,FALSE,TRUE,40
"2.3.2.3.2.2.3.2.2.1.2.2.2.3.2.2.2.2.2.2.1.2",0.0793290552201879,FALSE,TRUE,40
"2.3.2.3.2.2.3.2.2.1.2.2.2.2.3.2.2.2.2.2.1.2",0.195794031484356,FALSE,TRUE,40
"2.3.2.3.2.2.3.2.2.1.2.2.2.2.2.3.2.2.2.2.1.2",0.223579143132888,FALSE,TRUE,40
"2.3.2.3.2.2.3.2.2.1.2.2.2.2.2.2.3.2.2.2.1.2",0.324270948474041,FALSE,TRUE,40
"2.3.2.3.2.2.3.2.2.1.2.2.2.2.2.2.2.3.2.2.1.2",0.218349792089612,FALSE,TRUE,40
"2.3.2.3.2.2.3.2.2.1.2.2.2.2.2.2.2.2.3.2.1.2",0.311145967172902,FALSE,TRUE,40
"2.3.2.3.2.2.3.2.2.1.2.2.2.2.2.2.2.2.2.3.1.2",0.401526677554945,FALSE,TRUE,40
"2.3.2.3.2.2.3.2.2.1.2.2.2.2.2.2.2.2.2.2.2.2",0.313135170466621,FALSE,TRUE,41
"2.3.2.3.2.2.3.2.2.1.2.2.2.2.2.2.2.2.2.2.1.3",0.177606847444551,FALSE,TRUE,40
"1.3.2.3.2.2.3.2.2.1.2.2.2.2.2.2.2.2.2.2.1.2",0.145373094550668,FALSE,TRUE,39
"2.2.2.3.2.2.3.2.2.1.2.2.2.2.2.2.2.2.2.2.1.2",0.408800549339002,FALSE,TRUE,40
"2.3.1.3.2.2.3.2.2.1.2.2.2.2.2.2.2.2.2.2.1.2",0.134468698505883,FALSE,TRUE,39
"2.3.2.2.2.2.3.2.2.1.2.2.2.2.2.2.2.2.2.2.1.2",0.292513831204686,FALSE,TRUE,40
"2.3.2.3.1.2.3.2.2.1.2.2.2.2.2.2.2.2.2.2.1.2",0.0578774433714993,FALSE,TRUE,39
"2.3.2.3.2.1.3.2.2.1.2.2.2.2.2.2.2.2.2.2.1.2",0.230347269286056,FALSE,TRUE,38
"2.3.2.3.2.2.3.1.2.1.2.2.2.2.2.2.2.2.2.2.1.2",0.424164246438102,FALSE,TRUE,39
"2.3.2.3.2.2.3.2.1.1.2.2.2.2.2.2.2.2.2.2.1.2",0.202555985307821,FALSE,TRUE,39
"2.3.2.3.2.2.3.2.2.1.1.2.2.2.2.2.2.2.2.2.1.2",0.0959969872671935,FALSE,TRUE,39
"2.3.2.3.2.2.3.2.2.1.2.1.2.2.2.2.2.2.2.2.1.2",0.342321417246522,FALSE,TRUE,39
"2.3.2.3.2.2.3.2.2.1.2.2.1.2.2.2.2.2.2.2.1.2",0.16813572154556,FALSE,TRUE,39
"2.3.2.3.2.2.3.2.2.1.2.2.2.1.2.2.2.2.2.2.1.2",0.406147254322809,FALSE,TRUE,39
"2.3.2.3.2.2.3.2.2.1.2.2.2.2.1.2.2.2.2.2.1.2",0.306758059863138,FALSE,TRUE,39
"2.3.2.3.2.2.3.2.2.1.2.2.2.2.2.1.2.2.2.2.1.2",0.288942358331916,FALSE,TRUE,39
"2.3.2.3.2.2.3.2.2.1.2.2.2.2.2.2.1.2.2.2.1.2",0.166532699521133,FALSE,TRUE,39
"2.3.2.3.2.2.3.2.2.1.2.2.2.2.2.2.2.1.2.2.1.2",0.296227882713328,FALSE,TRUE,39
"2.3.2.3.2.2.3.2.2.1.2.2.2.2.2.2.2.2.1.2.1.2",0.168178389863253,FALSE,TRUE,39
"2.3.2.3.2.2.3.2.2.1.2.2.2.2.2.2.2.2.2.1.1.2",0.0376646534221557,FALSE,TRUE,39
"2.3.2.3.2.2.3.2.2.1.2.2.2.2.2.2.2.2.2.2.1.1",0.278077303063012,FALSE,TRUE,39
"3.2.2.1.2.2.2.2.2.2.4.2.3.2.2.2.2.2.2.2.2.2",0.542986738011116,FALSE,TRUE,41
"2.3.2.1.2.2.2.2.2.2.4.2.3.2.2.2.2.2.2.2.2.2",0.629291789413564,FALSE,TRUE,41
"2.2.3.1.2.2.2.2.2.2.4.2.3.2.2.2.2.2.2.2.2.2",0.388167773312755,FALSE,TRUE,41
"2.2.2.2.2.2.2.2.2.2.4.2.3.2.2.2.2.2.2.2.2.2",0.56707869224453,FALSE,TRUE,41
"2.2.2.1.3.2.2.2.2.2.4.2.3.2.2.2.2.2.2.2.2.2",0.392830063465334,FALSE,TRUE,41
"2.2.2.1.2.3.2.2.2.2.4.2.3.2.2.2.2.2.2.2.2.2",0.587398064526925,FALSE,TRUE,41
"2.2.2.1.2.2.3.2.2.2.4.2.3.2.2.2.2.2.2.2.2.2",0.594051040573974,FALSE,TRUE,41
"2.2.2.1.2.2.2.3.2.2.4.2.3.2.2.2.2.2.2.2.2.2",0.594844778016612,FALSE,TRUE,41
"2.2.2.1.2.2.2.2.3.2.4.2.3.2.2.2.2.2.2.2.2.2",0.353388984037546,FALSE,TRUE,41
"2.2.2.1.2.2.2.2.2.3.4.2.3.2.2.2.2.2.2.2.2.2",0.401698442928312,FALSE,TRUE,41
"2.2.2.1.2.2.2.2.2.2.5.2.3.2.2.2.2.2.2.2.2.2",0.455269461085584,FALSE,TRUE,42
"2.2.2.1.2.2.2.2.2.2.4.3.3.2.2.2.2.2.2.2.2.2",0.467857283748561,FALSE,TRUE,41
"2.2.2.1.2.2.2.2.2.2.4.2.4.2.2.2.2.2.2.2.2.2",0.543623657369802,FALSE,TRUE,41
"2.2.2.1.2.2.2.2.2.2.4.2.3.3.2.2.2.2.2.2.2.2",0.803276736361578,FALSE,TRUE,41
"2.2.2.1.2.2.2.2.2.2.4.2.3.2.3.2.2.2.2.2.2.2",0.57804851815732,FALSE,TRUE,41
"2.2.2.1.2.2.2.2.2.2.4.2.3.2.2.3.2.2.2.2.2.2",0.499041474510163,FALSE,TRUE,41
"2.2.2.1.2.2.2.2.2.2.4.2.3.2.2.2.3.2.2.2.2.2",0.534636881886694,FALSE,TRUE,41
"2.2.2.1.2.2.2.2.2.2.4.2.3.2.2.2.2.3.2.2.2.2",0.688658425728449,FALSE,TRUE,40
"2.2.2.1.2.2.2.2.2.2.4.2.3.2.2.2.2.2.3.2.2.2",0.468512684757892,FALSE,TRUE,41
"2.2.2.1.2.2.2.2.2.2.4.2.3.2.2.2.2.2.2.3.2.2",0.448423596122228,FALSE,TRUE,40
"2.2.2.1.2.2.2.2.2.2.4.2.3.2.2.2.2.2.2.2.3.2",0.445324143441687,FALSE,TRUE,41
"2.2.2.1.2.2.2.2.2.2.4.2.3.2.2.2.2.2.2.2.2.3",0.568416047856991,FALSE,TRUE,41
"1.2.2.1.2.2.2.2.2.2.4.2.3.2.2.2.2.2.2.2.2.2",0.470406415559349,FALSE,TRUE,40
"2.1.2.1.2.2.2.2.2.2.4.2.3.2.2.2.2.2.2.2.2.2",0.427880185434683,FALSE,TRUE,40
"2.2.1.1.2.2.2.2.2.2.4.2.3.2.2.2.2.2.2.2.2.2",0.573634611587955,FALSE,TRUE,40
"2.2.2.1.1.2.2.2.2.2.4.2.3.2.2.2.2.2.2.2.2.2",0.676938329685774,FALSE,TRUE,40
"2.2.2.1.2.1.2.2.2.2.4.2.3.2.2.2.2.2.2.2.2.2",0.466138291986714,FALSE,TRUE,40
"2.2.2.1.2.2.1.2.2.2.4.2.3.2.2.2.2.2.2.2.2.2",0.42818255219062,FALSE,TRUE,40
"2.2.2.1.2.2.2.1.2.2.4.2.3.2.2.2.2.2.2.2.2.2",0.417778460753006,FALSE,TRUE,40
"2.2.2.1.2.2.2.2.1.2.4.2.3.2.2.2.2.2.2.2.2.2",0.614205129359957,FALSE,TRUE,40
"2.2.2.1.2.2.2.2.2.1.4.2.3.2.2.2.2.2.2.2.2.2",0.607329249968317,FALSE,TRUE,40
"2.2.2.1.2.2.2.2.2.2.4.1.3.2.2.2.2.2.2.2.2.2",0.590298292900025,FALSE,TRUE,40
"2.2.2.1.2.2.2.2.2.2.4.2.3.1.2.2.2.2.2.2.2.2",0.179932105623797,FALSE,TRUE,40
"2.2.2.1.2.2.2.2.2.2.4.2.3.2.1.2.2.2.2.2.2.2",0.476074438647159,FALSE,TRUE,40
"2.2.2.1.2.2.2.2.2.2.4.2.3.2.2.1.2.2.2.2.2.2",0.497385011692972,FALSE,TRUE,40
"2.2.2.1.2.2.2.2.2.2.4.2.3.2.2.2.1.2.2.2.2.2",0.422551391681725,FALSE,TRUE,40
"2.2.2.1.2.2.2.2.2.2.4.2.3.2.2.2.2.1.2.2.2.2",0.358017361573692,FALSE,TRUE,40
"2.2.2.1.2.2.2.2.2.2.4.2.3.2.2.2.2.2.1.2.2.2",0.525536403861795,FALSE,TRUE,40
"2.2.2.1.2.2.2.2.2.2.4.2.3.2.2.2.2.2.2.1.2.2",0.533621554165804,FALSE,TRUE,39
"2.2.2.1.2.2.2.2.2.2.4.2.3.2.2.2.2.2.2.2.1.2",0.524855070535931,FALSE,TRUE,40
"1.3.2.2.2.2.2.2.2.2.2.2.2.2.2.3.2.2.2.2.2.2",0.420430939651953,FALSE,TRUE,41
"1.2.3.2.2.2.2.2.2.2.2.2.2.2.2.3.2.2.2.2.2.2",0.399663900260702,FALSE,TRUE,41
"1.2.2.3.2.2.2.2.2.2.2.2.2.2.2.3.2.2.2.2.2.2",0.466946134807748,FALSE,TRUE,41
"1.2.2.2.3.2.2.2.2.2.2.2.2.2.2.3.2.2.2.2.2.2",0.41201865270119,FALSE,TRUE,41
"1.2.2.2.2.3.2.2.2.2.2.2.2.2.2.3.2.2.2.2.2.2",0.513885937964904,FALSE,TRUE,41
"1.2.2.2.2.2.2.3.2.2.2.2.2.2.2.3.2.2.2.2.2.2",0.402708164814213,FALSE,TRUE,41
"1.2.2.2.2.2.2.2.3.2.2.2.2.2.2.3.2.2.2.2.2.2",0.488467862511896,FALSE,TRUE,39
"1.2.2.2.2.2.2.2.2.3.2.2.2.2.2.3.2.2.2.2.2.2",0.442323183206536,FALSE,TRUE,41
"1.2.2.2.2.2.2.2.2.2.3.2.2.2.2.3.2.2.2.2.2.2",0.514716811631906,FALSE,TRUE,39
"1.2.2.2.2.2.2.2.2.2.2.3.2.2.2.3.2.2.2.2.2.2",0.438501798967969,FALSE,TRUE,41
"1.2.2.2.2.2.2.2.2.2.2.2.3.2.2.3.2.2.2.2.2.2",0.461071479253622,FALSE,TRUE,39
"1.2.2.2.2.2.2.2.2.2.2.2.2.3.2.3.2.2.2.2.2.2",0.558963183203894,FALSE,TRUE,41
"1.2.2.2.2.2.2.2.2.2.2.2.2.2.3.3.2.2.2.2.2.2",0.4627553590954,FALSE,TRUE,41
"1.2.2.2.2.2.2.2.2.2.2.2.2.2.2.4.2.2.2.2.2.2",0.403265357389927,FALSE,TRUE,41
"1.2.2.2.2.2.2.2.2.2.2.2.2.2.2.3.3.2.2.2.2.2",0.50848899407803,FALSE,TRUE,41
"1.2.2.2.2.2.2.2.2.2.2.2.2.2.2.3.2.3.2.2.2.2",0.589631788570771,FALSE,TRUE,39
"1.2.2.2.2.2.2.2.2.2.2.2.2.2.2.3.2.2.3.2.2.2",0.409743924043251,FALSE,TRUE,41
"1.2.2.2.2.2.2.2.2.2.2.2.2.2.2.3.2.2.2.3.2.2",0.452001892668441,FALSE,TRUE,41
"1.2.2.2.2.2.2.2.2.2.2.2.2.2.2.3.2.2.2.2.3.2",0.47234463677654,FALSE,TRUE,41
"1.2.2.2.2.2.2.2.2.2.2.2.2.2.2.3.2.2.2.2.2.3",0.493464794718097,FALSE,TRUE,41
"1.1.2.2.2.2.2.2.2.2.2.2.2.2.2.3.2.2.2.2.2.2",0.436107862335109,FALSE,TRUE,40
"1.2.1.2.2.2.2.2.2.2.2.2.2.2.2.3.2.2.2.2.2.2",0.414488198240446,FALSE,TRUE,38
"1.2.2.1.2.2.2.2.2.2.2.2.2.2.2.3.2.2.2.2.2.2",0.420042666790791,FALSE,TRUE,40
"1.2.2.2.1.2.2.2.2.2.2.2.2.2.2.3.2.2.2.2.2.2",0.396328913875164,FALSE,TRUE,40
"1.2.2.2.2.1.2.2.2.2.2.2.2.2.2.3.2.2.2.2.2.2",0.345220385017703,FALSE,TRUE,40
"1.2.2.2.2.2.1.2.2.2.2.2.2.2.2.3.2.2.2.2.2.2",0.265292865477859,FALSE,TRUE,41
"1.2.2.2.2.2.2.1.2.2.2.2.2.2.2.3.2.2.2.2.2.2",0.431869894992945,FALSE,TRUE,40
"1.2.2.2.2.2.2.2.1.2.2.2.2.2.2.3.2.2.2.2.2.2",0.340958950960826,FALSE,TRUE,40
"1.2.2.2.2.2.2.2.2.1.2.2.2.2.2.3.2.2.2.2.2.2",0.314178018730405,FALSE,TRUE,40
"1.2.2.2.2.2.2.2.2.2.1.2.2.2.2.3.2.2.2.2.2.2",0.386552161702509,FALSE,TRUE,40
"1.2.2.2.2.2.2.2.2.2.2.1.2.2.2.3.2.2.2.2.2.2",0.499975122801613,FALSE,TRUE,40
"1.2.2.2.2.2.2.2.2.2.2.2.1.2.2.3.2.2.2.2.2.2",0.259794148497332,FALSE,TRUE,40
"1.2.2.2.2.2.2.2.2.2.2.2.2.1.2.3.2.2.2.2.2.2",0.303609473741068,FALSE,TRUE,38
"1.2.2.2.2.2.2.2.2.2.2.2.2.2.1.3.2.2.2.2.2.2",0.439107490072268,FALSE,TRUE,40
"1.2.2.2.2.2.2.2.2.2.2.2.2.2.2.3.1.2.2.2.2.2",0.317357459371569,FALSE,TRUE,40
"1.2.2.2.2.2.2.2.2.2.2.2.2.2.2.3.2.1.2.2.2.2",0.369343203434777,FALSE,TRUE,40
"1.2.2.2.2.2.2.2.2.2.2.2.2.2.2.3.2.2.1.2.2.2",0.443462149670693,FALSE,TRUE,40
"1.2.2.2.2.2.2.2.2.2.2.2.2.2.2.3.2.2.2.1.2.2",0.314970831441803,FALSE,TRUE,39
"1.2.2.2.2.2.2.2.2.2.2.2.2.2.2.3.2.2.2.2.1.2",0.341393752072503,FALSE,TRUE,40
"1.2.2.2.2.2.2.2.2.2.2.2.2.2.2.3.2.2.2.2.2.1",0.32116067529551,FALSE,TRUE,40
