"karyotype","fitness","is_fq","is_nn","boundary_degree"
"2.2.2.2.2.2.2.2.2.2.2.2.2.2.2.2.2.2.2.2.2.2",0.424589173674626,TRUE,FALSE,0
"2.2.2.2.2.2.2.2.2.2.2.2.2.2.2.2.2.2.2.2.3.2",0.412571468604278,TRUE,FALSE,0
"2.2.2.2.2.2.3.2.2.2.2.2.2.2.2.2.2.2.2.2.3.2",0.377222400255396,TRUE,FALSE,0
"2.2.2.2.2.2.2.2.2.2.3.2.2.2.2.2.2.2.2.2.3.2",0.350710289639539,TRUE,FALSE,0
"2.2.2.2.2.2.2.2.2.2.3.2.2.2.2.2.2.2.2.2.2.2",0.364268806136291,TRUE,FALSE,0
"2.2.2.2.2.2.2.2.2.2.2.2.2.2.2.2.2.2.2.2.3.3",0.440204976358177,TRUE,FALSE,0
"2.2.2.2.2.2.2.2.2.2.2.2.2.2.3.2.2.2.2.2.3.2",0.439601636795974,TRUE,FALSE,0
"2.2.2.2.2.2.2.2.2.2.3.2.2.2.2.2.2.2.1.2.2.2",0.39236835112071,TRUE,FALSE,0
"2.2.2.2.2.2.2.2.2.2.2.2.2.2.2.2.2.2.1.2.3.2",0.436799635985847,TRUE,FALSE,0
"2.2.2.3.2.2.2.2.2.2.2.2.2.2.2.2.2.2.2.2.3.3",0.436617328829944,TRUE,FALSE,0
"2.2.2.2.2.2.2.2.2.2.3.2.2.2.3.2.2.2.2.2.2.2",0.395237674117035,TRUE,FALSE,0
"2.2.2.3.2.2.2.2.2.2.1.2.2.2.2.2.2.2.2.2.3.3",0.490162148420542,TRUE,FALSE,0
"2.2.2.2.2.2.3.2.2.2.2.2.2.2.2.2.2.2.2.2.3.3",0.409804158246708,TRUE,FALSE,0
"2.2.2.3.2.2.2.2.1.2.1.2.2.2.2.2.2.2.2.2.3.3",0.536064591664985,TRUE,FALSE,0
"2.2.1.3.2.2.2.2.2.2.2.2.2.2.2.2.2.2.2.2.3.3",0.487787209166137,TRUE,FALSE,0
"2.2.2.3.2.2.2.2.2.2.2.2.2.2.2.2.2.2.2.2.4.3",0.425588040871747,TRUE,FALSE,0
"2.2.2.2.2.2.2.2.1.2.2.2.2.2.2.2.2.2.2.2.2.2",0.475793153782228,TRUE,FALSE,0
"2.2.2.3.2.2.2.2.1.2.1.2.2.2.2.2.2.2.1.2.3.3",0.541800546641371,TRUE,FALSE,0
"2.2.2.2.2.2.2.2.2.2.3.2.2.2.2.1.2.2.1.2.2.2",0.405126481170469,TRUE,FALSE,0
"1.2.2.2.2.2.2.2.2.2.2.2.2.2.3.2.2.2.2.2.3.2",0.496797603998791,TRUE,FALSE,0
"2.2.2.3.2.2.2.2.1.2.1.1.2.2.2.2.2.2.1.2.3.3",0.565822338068066,TRUE,FALSE,0
"2.2.2.3.3.2.2.2.2.2.1.2.2.2.2.2.2.2.2.2.3.3",0.508080932462811,TRUE,FALSE,0
"2.2.2.3.2.2.2.2.2.2.2.2.2.3.2.2.2.2.2.2.3.3",0.421943576049419,TRUE,FALSE,0
"2.2.2.3.2.2.2.2.2.2.2.2.2.2.2.2.2.2.3.2.3.3",0.413628755593343,TRUE,FALSE,0
"2.2.2.1.2.2.2.2.2.2.2.2.2.2.2.2.2.2.2.2.3.3",0.44204938906316,TRUE,FALSE,0
"2.2.3.3.2.2.2.2.1.2.1.1.2.2.2.2.2.2.1.2.3.3",0.523406048840109,TRUE,FALSE,0
"2.2.2.2.2.2.1.2.1.2.2.2.2.2.2.2.2.2.2.2.2.2",0.504088142947697,TRUE,FALSE,0
"2.2.2.3.2.2.2.2.2.2.2.2.2.2.2.3.2.2.2.2.3.3",0.428582995429751,TRUE,FALSE,0
"2.2.2.3.2.2.2.2.1.2.2.2.2.2.2.2.2.2.2.2.4.3",0.482991456110848,TRUE,FALSE,0
"2.2.2.1.2.2.2.2.2.2.2.2.2.2.2.2.2.3.2.2.3.3",0.421117062441876,TRUE,FALSE,0
"2.2.2.3.2.2.2.2.2.2.2.2.2.3.2.2.2.2.2.2.4.3",0.412753818229533,TRUE,FALSE,0
"2.2.2.3.2.2.2.2.1.2.2.2.2.2.2.2.2.2.3.2.4.3",0.465369122062826,TRUE,FALSE,0
"2.2.2.2.2.2.2.2.2.1.3.2.2.2.2.2.2.2.2.2.3.2",0.373321906857136,TRUE,FALSE,0
"2.2.2.2.2.2.2.2.2.2.2.2.2.2.2.2.3.2.2.2.3.2",0.425902139844428,TRUE,FALSE,0
"2.2.2.3.2.2.2.2.1.2.1.1.2.2.2.2.2.2.1.2.3.4",0.581233265694721,TRUE,FALSE,0
"1.2.2.2.2.2.2.2.2.2.2.2.2.2.2.2.2.2.2.2.2.2",0.493030831535695,TRUE,FALSE,0
"1.2.2.2.2.2.2.2.2.2.3.2.2.2.2.1.2.2.1.2.2.2",0.465051213953961,TRUE,FALSE,0
"2.2.2.2.2.2.2.2.2.2.3.2.2.3.2.1.2.2.1.2.2.2",0.38370692070429,TRUE,FALSE,0
"2.2.2.3.2.2.2.2.1.2.2.2.2.2.2.2.2.3.2.2.4.3",0.46573849332531,TRUE,FALSE,0
"2.2.2.2.2.2.2.2.2.2.2.2.2.2.3.2.2.2.2.2.4.2",0.42391498476881,TRUE,FALSE,0
"2.2.2.3.2.2.2.2.2.2.2.2.2.2.2.2.2.2.2.2.4.2",0.400662514485386,TRUE,FALSE,0
"2.2.2.3.2.2.2.2.2.2.2.2.2.3.2.1.2.2.2.2.4.3",0.421127354964017,TRUE,FALSE,0
"1.2.2.2.2.2.2.2.2.2.3.2.2.2.2.1.1.2.1.2.2.2",0.451975557184574,TRUE,FALSE,0
"2.2.2.3.3.2.2.2.2.3.1.2.2.2.2.2.2.2.2.2.3.3",0.483829029201514,TRUE,FALSE,0
"2.2.2.3.2.2.2.2.2.2.2.3.2.2.2.3.2.2.2.2.3.3",0.371546805421805,TRUE,FALSE,0
"2.2.3.2.2.2.2.2.1.2.1.1.2.2.2.2.2.2.1.2.3.3",0.540694966088089,TRUE,FALSE,0
"2.2.2.2.1.2.2.2.2.2.2.2.2.2.2.2.2.2.2.2.2.2",0.403164611989348,TRUE,FALSE,0
"2.2.2.3.3.2.2.2.2.3.1.2.2.2.2.3.2.2.2.2.3.3",0.469197078944147,TRUE,FALSE,0
"2.2.2.3.2.2.2.2.3.2.2.2.2.2.2.2.2.2.2.2.4.3",0.365811842195657,TRUE,FALSE,0
"2.2.2.2.2.2.2.2.2.2.3.2.2.2.3.2.1.2.2.2.2.2",0.38219975616747,TRUE,FALSE,0
"3.2.2.2.2.2.2.2.2.2.2.2.2.2.2.2.2.2.2.2.2.2",0.353296019190551,FALSE,TRUE,39
"2.3.2.2.2.2.2.2.2.2.2.2.2.2.2.2.2.2.2.2.2.2",0.413260049399199,FALSE,TRUE,38
"2.2.3.2.2.2.2.2.2.2.2.2.2.2.2.2.2.2.2.2.2.2",0.370583356461508,FALSE,TRUE,38
"2.2.2.3.2.2.2.2.2.2.2.2.2.2.2.2.2.2.2.2.2.2",0.417207493366872,FALSE,TRUE,37
"2.2.2.2.3.2.2.2.2.2.2.2.2.2.2.2.2.2.2.2.2.2",0.443588285753756,FALSE,TRUE,39
"2.2.2.2.2.3.2.2.2.2.2.2.2.2.2.2.2.2.2.2.2.2",0.388829112349035,FALSE,TRUE,38
"2.2.2.2.2.2.3.2.2.2.2.2.2.2.2.2.2.2.2.2.2.2",0.390130266281003,FALSE,TRUE,37
"2.2.2.2.2.2.2.3.2.2.2.2.2.2.2.2.2.2.2.2.2.2",0.409350908330158,FALSE,TRUE,38
"2.2.2.2.2.2.2.2.3.2.2.2.2.2.2.2.2.2.2.2.2.2",0.370083043187883,FALSE,TRUE,39
"2.2.2.2.2.2.2.2.2.3.2.2.2.2.2.2.2.2.2.2.2.2",0.39030445085071,FALSE,TRUE,38
"2.2.2.2.2.2.2.2.2.2.2.3.2.2.2.2.2.2.2.2.2.2",0.361773146395403,FALSE,TRUE,38
"2.2.2.2.2.2.2.2.2.2.2.2.3.2.2.2.2.2.2.2.2.2",0.441585006781349,FALSE,TRUE,38
"2.2.2.2.2.2.2.2.2.2.2.2.2.3.2.2.2.2.2.2.2.2",0.410809484932765,FALSE,TRUE,38
"2.2.2.2.2.2.2.2.2.2.2.2.2.2.3.2.2.2.2.2.2.2",0.449850364331662,FALSE,TRUE,37
"2.2.2.2.2.2.2.2.2.2.2.2.2.2.2.3.2.2.2.2.2.2",0.412767856747141,FALSE,TRUE,38
"2.2.2.2.2.2.2.2.2.2.2.2.2.2.2.2.3.2.2.2.2.2",0.442889807139612,FALSE,TRUE,38
"2.2.2.2.2.2.2.2.2.2.2.2.2.2.2.2.2.3.2.2.2.2",0.410364704152344,FALSE,TRUE,38
"2.2.2.2.2.2.2.2.2.2.2.2.2.2.2.2.2.2.3.2.2.2",0.396055767413545,FALSE,TRUE,38
"2.2.2.2.2.2.2.2.2.2.2.2.2.2.2.2.2.2.2.3.2.2",0.441439136534025,FALSE,TRUE,38
"2.2.2.2.2.2.2.2.2.2.2.2.2.2.2.2.2.2.2.2.2.3",0.452169920406646,FALSE,TRUE,35
"2.1.2.2.2.2.2.2.2.2.2.2.2.2.2.2.2.2.2.2.2.2",0.422930620805372,FALSE,TRUE,37
"2.2.1.2.2.2.2.2.2.2.2.2.2.2.2.2.2.2.2.2.2.2",0.471807401919378,FALSE,TRUE,37
"2.2.2.1.2.2.2.2.2.2.2.2.2.2.2.2.2.2.2.2.2.2",0.429703741002507,FALSE,TRUE,36
"2.2.2.2.2.1.2.2.2.2.2.2.2.2.2.2.2.2.2.2.2.2",0.454231016600813,FALSE,TRUE,37
"2.2.2.2.2.2.1.2.2.2.2.2.2.2.2.2.2.2.2.2.2.2",0.453527399291579,FALSE,TRUE,37
"2.2.2.2.2.2.2.1.2.2.2.2.2.2.2.2.2.2.2.2.2.2",0.433779116680939,FALSE,TRUE,37
"2.2.2.2.2.2.2.2.2.1.2.2.2.2.2.2.2.2.2.2.2.2",0.45686304490385,FALSE,TRUE,37
"2.2.2.2.2.2.2.2.2.2.1.2.2.2.2.2.2.2.2.2.2.2",0.472764880433206,FALSE,TRUE,38
"2.2.2.2.2.2.2.2.2.2.2.1.2.2.2.2.2.2.2.2.2.2",0.482018102460771,FALSE,TRUE,37
"2.2.2.2.2.2.2.2.2.2.2.2.1.2.2.2.2.2.2.2.2.2",0.407067654369892,FALSE,TRUE,37
"2.2.2.2.2.2.2.2.2.2.2.2.2.1.2.2.2.2.2.2.2.2",0.435935804516066,FALSE,TRUE,37
"2.2.2.2.2.2.2.2.2.2.2.2.2.2.1.2.2.2.2.2.2.2",0.388891465588976,FALSE,TRUE,37
"2.2.2.2.2.2.2.2.2.2.2.2.2.2.2.1.2.2.2.2.2.2",0.435869410258899,FALSE,TRUE,36
"2.2.2.2.2.2.2.2.2.2.2.2.2.2.2.2.1.2.2.2.2.2",0.401985603727118,FALSE,TRUE,36
"2.2.2.2.2.2.2.2.2.2.2.2.2.2.2.2.2.1.2.2.2.2",0.439820867876302,FALSE,TRUE,37
"2.2.2.2.2.2.2.2.2.2.2.2.2.2.2.2.2.2.1.2.2.2",0.448692359713798,FALSE,TRUE,36
"2.2.2.2.2.2.2.2.2.2.2.2.2.2.2.2.2.2.2.1.2.2",0.40248015651616,FALSE,TRUE,37
"2.2.2.2.2.2.2.2.2.2.2.2.2.2.2.2.2.2.2.2.1.2",0.42941003533828,FALSE,TRUE,38
"2.2.2.2.2.2.2.2.2.2.2.2.2.2.2.2.2.2.2.2.2.1",0.397476091937079,FALSE,TRUE,37
"3.2.2.2.2.2.2.2.2.2.2.2.2.2.2.2.2.2.2.2.3.2",0.348827296533223,FALSE,TRUE,36
"2.3.2.2.2.2.2.2.2.2.2.2.2.2.2.2.2.2.2.2.3.2",0.405582899884174,FALSE,TRUE,36
"2.2.3.2.2.2.2.2.2.2.2.2.2.2.2.2.2.2.2.2.3.2",0.354550213991714,FALSE,TRUE,36
"2.2.2.3.2.2.2.2.2.2.2.2.2.2.2.2.2.2.2.2.3.2",0.411647286234659,FALSE,TRUE,30
"2.2.2.2.3.2.2.2.2.2.2.2.2.2.2.2.2.2.2.2.3.2",0.428080170361204,FALSE,TRUE,36
"2.2.2.2.2.3.2.2.2.2.2.2.2.2.2.2.2.2.2.2.3.2",0.387066831382412,FALSE,TRUE,36
"2.2.2.2.2.2.2.3.2.2.2.2.2.2.2.2.2.2.2.2.3.2",0.401982193847937,FALSE,TRUE,36
"2.2.2.2.2.2.2.2.3.2.2.2.2.2.2.2.2.2.2.2.3.2",0.353002917047641,FALSE,TRUE,36
"2.2.2.2.2.2.2.2.2.3.2.2.2.2.2.2.2.2.2.2.3.2",0.388747218399214,FALSE,TRUE,36
"2.2.2.2.2.2.2.2.2.2.2.3.2.2.2.2.2.2.2.2.3.2",0.349787025428707,FALSE,TRUE,36
"2.2.2.2.2.2.2.2.2.2.2.2.3.2.2.2.2.2.2.2.3.2",0.428522438418522,FALSE,TRUE,36
"2.2.2.2.2.2.2.2.2.2.2.2.2.3.2.2.2.2.2.2.3.2",0.400221531577975,FALSE,TRUE,35
"2.2.2.2.2.2.2.2.2.2.2.2.2.2.2.3.2.2.2.2.3.2",0.397930513770237,FALSE,TRUE,35
"2.2.2.2.2.2.2.2.2.2.2.2.2.2.2.2.2.3.2.2.3.2",0.395349514344722,FALSE,TRUE,35
"2.2.2.2.2.2.2.2.2.2.2.2.2.2.2.2.2.2.3.2.3.2",0.38366401596175,FALSE,TRUE,36
"2.2.2.2.2.2.2.2.2.2.2.2.2.2.2.2.2.2.2.3.3.2",0.427052160210104,FALSE,TRUE,36
"2.2.2.2.2.2.2.2.2.2.2.2.2.2.2.2.2.2.2.2.4.2",0.395444508451823,FALSE,TRUE,36
"1.2.2.2.2.2.2.2.2.2.2.2.2.2.2.2.2.2.2.2.3.2",0.474671178280012,FALSE,TRUE,35
"2.1.2.2.2.2.2.2.2.2.2.2.2.2.2.2.2.2.2.2.3.2",0.406345959194258,FALSE,TRUE,35
"2.2.1.2.2.2.2.2.2.2.2.2.2.2.2.2.2.2.2.2.3.2",0.465624100952634,FALSE,TRUE,34
"2.2.2.1.2.2.2.2.2.2.2.2.2.2.2.2.2.2.2.2.3.2",0.411587910734943,FALSE,TRUE,34
"2.2.2.2.1.2.2.2.2.2.2.2.2.2.2.2.2.2.2.2.3.2",0.394656541660755,FALSE,TRUE,35
"2.2.2.2.2.1.2.2.2.2.2.2.2.2.2.2.2.2.2.2.3.2",0.432265606004819,FALSE,TRUE,35
"2.2.2.2.2.2.1.2.2.2.2.2.2.2.2.2.2.2.2.2.3.2",0.442949969992375,FALSE,TRUE,35
"2.2.2.2.2.2.2.1.2.2.2.2.2.2.2.2.2.2.2.2.3.2",0.417395913383656,FALSE,TRUE,35
"2.2.2.2.2.2.2.2.1.2.2.2.2.2.2.2.2.2.2.2.3.2",0.470112858587191,FALSE,TRUE,34
"2.2.2.2.2.2.2.2.2.1.2.2.2.2.2.2.2.2.2.2.3.2",0.435118213295055,FALSE,TRUE,35
"2.2.2.2.2.2.2.2.2.2.1.2.2.2.2.2.2.2.2.2.3.2",0.464053444390229,FALSE,TRUE,35
"2.2.2.2.2.2.2.2.2.2.2.1.2.2.2.2.2.2.2.2.3.2",0.469889297349022,FALSE,TRUE,35
"2.2.2.2.2.2.2.2.2.2.2.2.1.2.2.2.2.2.2.2.3.2",0.39654767700332,FALSE,TRUE,35
"2.2.2.2.2.2.2.2.2.2.2.2.2.1.2.2.2.2.2.2.3.2",0.423038864119248,FALSE,TRUE,35
"2.2.2.2.2.2.2.2.2.2.2.2.2.2.1.2.2.2.2.2.3.2",0.375440304503619,FALSE,TRUE,36
"2.2.2.2.2.2.2.2.2.2.2.2.2.2.2.1.2.2.2.2.3.2",0.427270609767496,FALSE,TRUE,35
"2.2.2.2.2.2.2.2.2.2.2.2.2.2.2.2.1.2.2.2.3.2",0.394970671443806,FALSE,TRUE,36
"2.2.2.2.2.2.2.2.2.2.2.2.2.2.2.2.2.1.2.2.3.2",0.431382477930156,FALSE,TRUE,35
"2.2.2.2.2.2.2.2.2.2.2.2.2.2.2.2.2.2.2.1.3.2",0.392995434382977,FALSE,TRUE,35
"2.2.2.2.2.2.2.2.2.2.2.2.2.2.2.2.2.2.2.2.3.1",0.385625601461032,FALSE,TRUE,36
"3.2.2.2.2.2.3.2.2.2.2.2.2.2.2.2.2.2.2.2.3.2",0.305672715198013,FALSE,TRUE,41
"2.3.2.2.2.2.3.2.2.2.2.2.2.2.2.2.2.2.2.2.3.2",0.369040108580323,FALSE,TRUE,41
"2.2.3.2.2.2.3.2.2.2.2.2.2.2.2.2.2.2.2.2.3.2",0.318546508208561,FALSE,TRUE,41
"2.2.2.3.2.2.3.2.2.2.2.2.2.2.2.2.2.2.2.2.3.2",0.377094030988123,FALSE,TRUE,40
"2.2.2.2.3.2.3.2.2.2.2.2.2.2.2.2.2.2.2.2.3.2",0.391570151041079,FALSE,TRUE,41
"2.2.2.2.2.3.3.2.2.2.2.2.2.2.2.2.2.2.2.2.3.2",0.347218224411416,FALSE,TRUE,41
"2.2.2.2.2.2.4.2.2.2.2.2.2.2.2.2.2.2.2.2.3.2",0.337475553215698,FALSE,TRUE,42
"2.2.2.2.2.2.3.3.2.2.2.2.2.2.2.2.2.2.2.2.3.2",0.366017810726113,FALSE,TRUE,41
"2.2.2.2.2.2.3.2.3.2.2.2.2.2.2.2.2.2.2.2.3.2",0.31763963413335,FALSE,TRUE,41
"2.2.2.2.2.2.3.2.2.3.2.2.2.2.2.2.2.2.2.2.3.2",0.351111857184876,FALSE,TRUE,41
"2.2.2.2.2.2.3.2.2.2.3.2.2.2.2.2.2.2.2.2.3.2",0.317037114299017,FALSE,TRUE,39
"2.2.2.2.2.2.3.2.2.2.2.3.2.2.2.2.2.2.2.2.3.2",0.315177883546076,FALSE,TRUE,41
"2.2.2.2.2.2.3.2.2.2.2.2.3.2.2.2.2.2.2.2.3.2",0.39199695323818,FALSE,TRUE,41
"2.2.2.2.2.2.3.2.2.2.2.2.2.3.2.2.2.2.2.2.3.2",0.363003973098974,FALSE,TRUE,41
"2.2.2.2.2.2.3.2.2.2.2.2.2.2.3.2.2.2.2.2.3.2",0.39837808601587,FALSE,TRUE,39
"2.2.2.2.2.2.3.2.2.2.2.2.2.2.2.3.2.2.2.2.3.2",0.36284955494197,FALSE,TRUE,41
"2.2.2.2.2.2.3.2.2.2.2.2.2.2.2.2.3.2.2.2.3.2",0.397973782000704,FALSE,TRUE,41
"2.2.2.2.2.2.3.2.2.2.2.2.2.2.2.2.2.3.2.2.3.2",0.355219140888925,FALSE,TRUE,41
"2.2.2.2.2.2.3.2.2.2.2.2.2.2.2.2.2.2.3.2.3.2",0.34672282553638,FALSE,TRUE,41
"2.2.2.2.2.2.3.2.2.2.2.2.2.2.2.2.2.2.2.3.3.2",0.392915738426313,FALSE,TRUE,41
"2.2.2.2.2.2.3.2.2.2.2.2.2.2.2.2.2.2.2.2.4.2",0.359166786058055,FALSE,TRUE,39
"1.2.2.2.2.2.3.2.2.2.2.2.2.2.2.2.2.2.2.2.3.2",0.448069561554841,FALSE,TRUE,38
"2.1.2.2.2.2.3.2.2.2.2.2.2.2.2.2.2.2.2.2.3.2",0.37266394371399,FALSE,TRUE,40
"2.2.1.2.2.2.3.2.2.2.2.2.2.2.2.2.2.2.2.2.3.2",0.431040098365559,FALSE,TRUE,40
"2.2.2.1.2.2.3.2.2.2.2.2.2.2.2.2.2.2.2.2.3.2",0.376044533242122,FALSE,TRUE,40
"2.2.2.2.1.2.3.2.2.2.2.2.2.2.2.2.2.2.2.2.3.2",0.360907934987963,FALSE,TRUE,39
"2.2.2.2.2.1.3.2.2.2.2.2.2.2.2.2.2.2.2.2.3.2",0.401907962533975,FALSE,TRUE,40
"2.2.2.2.2.2.3.1.2.2.2.2.2.2.2.2.2.2.2.2.3.2",0.383558576860002,FALSE,TRUE,40
"2.2.2.2.2.2.3.2.1.2.2.2.2.2.2.2.2.2.2.2.3.2",0.435137862500432,FALSE,TRUE,39
"2.2.2.2.2.2.3.2.2.1.2.2.2.2.2.2.2.2.2.2.3.2",0.402564487985935,FALSE,TRUE,39
"2.2.2.2.2.2.3.2.2.2.1.2.2.2.2.2.2.2.2.2.3.2",0.427320366695218,FALSE,TRUE,40
"2.2.2.2.2.2.3.2.2.2.2.1.2.2.2.2.2.2.2.2.3.2",0.435052007004284,FALSE,TRUE,40
"2.2.2.2.2.2.3.2.2.2.2.2.1.2.2.2.2.2.2.2.3.2",0.362778308335411,FALSE,TRUE,40
"2.2.2.2.2.2.3.2.2.2.2.2.2.1.2.2.2.2.2.2.3.2",0.389903244445951,FALSE,TRUE,40
"2.2.2.2.2.2.3.2.2.2.2.2.2.2.1.2.2.2.2.2.3.2",0.347206966039516,FALSE,TRUE,40
"2.2.2.2.2.2.3.2.2.2.2.2.2.2.2.1.2.2.2.2.3.2",0.392645139405787,FALSE,TRUE,40
"2.2.2.2.2.2.3.2.2.2.2.2.2.2.2.2.1.2.2.2.3.2",0.352897560338338,FALSE,TRUE,40
"2.2.2.2.2.2.3.2.2.2.2.2.2.2.2.2.2.1.2.2.3.2",0.401038471325113,FALSE,TRUE,40
"2.2.2.2.2.2.3.2.2.2.2.2.2.2.2.2.2.2.1.2.3.2",0.403765102415576,FALSE,TRUE,40
"2.2.2.2.2.2.3.2.2.2.2.2.2.2.2.2.2.2.2.1.3.2",0.357201627025332,FALSE,TRUE,40
"2.2.2.2.2.2.3.2.2.2.2.2.2.2.2.2.2.2.2.2.3.1",0.345746258295982,FALSE,TRUE,41
"3.2.2.2.2.2.2.2.2.2.3.2.2.2.2.2.2.2.2.2.3.2",0.283943993295152,FALSE,TRUE,40
"2.3.2.2.2.2.2.2.2.2.3.2.2.2.2.2.2.2.2.2.3.2",0.339103215023979,FALSE,TRUE,40
"2.2.3.2.2.2.2.2.2.2.3.2.2.2.2.2.2.2.2.2.3.2",0.292060210353803,FALSE,TRUE,40
"2.2.2.3.2.2.2.2.2.2.3.2.2.2.2.2.2.2.2.2.3.2",0.35298634802457,FALSE,TRUE,38
"2.2.2.2.3.2.2.2.2.2.3.2.2.2.2.2.2.2.2.2.3.2",0.369060015466259,FALSE,TRUE,40
"2.2.2.2.2.3.2.2.2.2.3.2.2.2.2.2.2.2.2.2.3.2",0.330582922733844,FALSE,TRUE,40
"2.2.2.2.2.2.2.3.2.2.3.2.2.2.2.2.2.2.2.2.3.2",0.335364562765925,FALSE,TRUE,40
"2.2.2.2.2.2.2.2.3.2.3.2.2.2.2.2.2.2.2.2.3.2",0.291014666363404,FALSE,TRUE,40
"2.2.2.2.2.2.2.2.2.3.3.2.2.2.2.2.2.2.2.2.3.2",0.328360283769896,FALSE,TRUE,41
"2.2.2.2.2.2.2.2.2.2.4.2.2.2.2.2.2.2.2.2.3.2",0.283377896948225,FALSE,TRUE,41
"2.2.2.2.2.2.2.2.2.2.3.3.2.2.2.2.2.2.2.2.3.2",0.285821129735704,FALSE,TRUE,40
"2.2.2.2.2.2.2.2.2.2.3.2.3.2.2.2.2.2.2.2.3.2",0.364296769238151,FALSE,TRUE,40
"2.2.2.2.2.2.2.2.2.2.3.2.2.3.2.2.2.2.2.2.3.2",0.331367893197951,FALSE,TRUE,40
"2.2.2.2.2.2.2.2.2.2.3.2.2.2.3.2.2.2.2.2.3.2",0.383205932178669,FALSE,TRUE,37
"2.2.2.2.2.2.2.2.2.2.3.2.2.2.2.3.2.2.2.2.3.2",0.33777616553557,FALSE,TRUE,40
"2.2.2.2.2.2.2.2.2.2.3.2.2.2.2.2.3.2.2.2.3.2",0.356312835421825,FALSE,TRUE,40
"2.2.2.2.2.2.2.2.2.2.3.2.2.2.2.2.2.3.2.2.3.2",0.337090303930247,FALSE,TRUE,40
"2.2.2.2.2.2.2.2.2.2.3.2.2.2.2.2.2.2.3.2.3.2",0.319541659345143,FALSE,TRUE,40
"2.2.2.2.2.2.2.2.2.2.3.2.2.2.2.2.2.2.2.3.3.2",0.358758114021448,FALSE,TRUE,40
"2.2.2.2.2.2.2.2.2.2.3.2.2.2.2.2.2.2.2.2.4.2",0.335007104331398,FALSE,TRUE,39
"2.2.2.2.2.2.2.2.2.2.3.2.2.2.2.2.2.2.2.2.3.3",0.371282685488073,FALSE,TRUE,37
"1.2.2.2.2.2.2.2.2.2.3.2.2.2.2.2.2.2.2.2.3.2",0.418657624668021,FALSE,TRUE,38
"2.1.2.2.2.2.2.2.2.2.3.2.2.2.2.2.2.2.2.2.3.2",0.35098095069328,FALSE,TRUE,39
"2.2.1.2.2.2.2.2.2.2.3.2.2.2.2.2.2.2.2.2.3.2",0.406982954974394,FALSE,TRUE,39
"2.2.2.1.2.2.2.2.2.2.3.2.2.2.2.2.2.2.2.2.3.2",0.347976958290112,FALSE,TRUE,38
"2.2.2.2.1.2.2.2.2.2.3.2.2.2.2.2.2.2.2.2.3.2",0.331818006994083,FALSE,TRUE,39
"2.2.2.2.2.1.2.2.2.2.3.2.2.2.2.2.2.2.2.2.3.2",0.367035383575404,FALSE,TRUE,39
"2.2.2.2.2.2.1.2.2.2.3.2.2.2.2.2.2.2.2.2.3.2",0.381312751563316,FALSE,TRUE,39
"2.2.2.2.2.2.2.1.2.2.3.2.2.2.2.2.2.2.2.2.3.2",0.362021702978919,FALSE,TRUE,39
"2.2.2.2.2.2.2.2.1.2.3.2.2.2.2.2.2.2.2.2.3.2",0.41148574652797,FALSE,TRUE,39
"2.2.2.2.2.2.2.2.2.2.3.1.2.2.2.2.2.2.2.2.3.2",0.412818184298962,FALSE,TRUE,39
"2.2.2.2.2.2.2.2.2.2.3.2.1.2.2.2.2.2.2.2.3.2",0.338781360151705,FALSE,TRUE,39
"2.2.2.2.2.2.2.2.2.2.3.2.2.1.2.2.2.2.2.2.3.2",0.369679111708835,FALSE,TRUE,39
"2.2.2.2.2.2.2.2.2.2.3.2.2.2.1.2.2.2.2.2.3.2",0.310053279807943,FALSE,TRUE,39
"2.2.2.2.2.2.2.2.2.2.3.2.2.2.2.1.2.2.2.2.3.2",0.366454966781565,FALSE,TRUE,38
"2.2.2.2.2.2.2.2.2.2.3.2.2.2.2.2.1.2.2.2.3.2",0.341580356388068,FALSE,TRUE,38
"2.2.2.2.2.2.2.2.2.2.3.2.2.2.2.2.2.1.2.2.3.2",0.367831507728682,FALSE,TRUE,39
"2.2.2.2.2.2.2.2.2.2.3.2.2.2.2.2.2.2.1.2.3.2",0.379385923691279,FALSE,TRUE,38
"2.2.2.2.2.2.2.2.2.2.3.2.2.2.2.2.2.2.2.1.3.2",0.338433460241371,FALSE,TRUE,39
"2.2.2.2.2.2.2.2.2.2.3.2.2.2.2.2.2.2.2.2.3.1",0.331582022325195,FALSE,TRUE,39
"3.2.2.2.2.2.2.2.2.2.3.2.2.2.2.2.2.2.2.2.2.2",0.289461979747963,FALSE,TRUE,39
"2.3.2.2.2.2.2.2.2.2.3.2.2.2.2.2.2.2.2.2.2.2",0.348289310558643,FALSE,TRUE,39
"2.2.3.2.2.2.2.2.2.2.3.2.2.2.2.2.2.2.2.2.2.2",0.307281567841614,FALSE,TRUE,39
"2.2.2.3.2.2.2.2.2.2.3.2.2.2.2.2.2.2.2.2.2.2",0.360325240828687,FALSE,TRUE,39
"2.2.2.2.3.2.2.2.2.2.3.2.2.2.2.2.2.2.2.2.2.2",0.385500062468915,FALSE,TRUE,39
"2.2.2.2.2.3.2.2.2.2.3.2.2.2.2.2.2.2.2.2.2.2",0.334432134877747,FALSE,TRUE,39
"2.2.2.2.2.2.3.2.2.2.3.2.2.2.2.2.2.2.2.2.2.2",0.331960080716566,FALSE,TRUE,39
"2.2.2.2.2.2.2.3.2.2.3.2.2.2.2.2.2.2.2.2.2.2",0.344688239753149,FALSE,TRUE,39
"2.2.2.2.2.2.2.2.3.2.3.2.2.2.2.2.2.2.2.2.2.2",0.308447224495075,FALSE,TRUE,39
"2.2.2.2.2.2.2.2.2.3.3.2.2.2.2.2.2.2.2.2.2.2",0.331459934161825,FALSE,TRUE,39
"2.2.2.2.2.2.2.2.2.2.4.2.2.2.2.2.2.2.2.2.2.2",0.296588328712294,FALSE,TRUE,40
"2.2.2.2.2.2.2.2.2.2.3.3.2.2.2.2.2.2.2.2.2.2",0.299204917792717,FALSE,TRUE,39
"2.2.2.2.2.2.2.2.2.2.3.2.3.2.2.2.2.2.2.2.2.2",0.37921838378566,FALSE,TRUE,39
"2.2.2.2.2.2.2.2.2.2.3.2.2.3.2.2.2.2.2.2.2.2",0.343735296666583,FALSE,TRUE,38
"2.2.2.2.2.2.2.2.2.2.3.2.2.2.2.3.2.2.2.2.2.2",0.355274032737313,FALSE,TRUE,39
"2.2.2.2.2.2.2.2.2.2.3.2.2.2.2.2.3.2.2.2.2.2",0.374333814019437,FALSE,TRUE,39
"2.2.2.2.2.2.2.2.2.2.3.2.2.2.2.2.2.3.2.2.2.2",0.352305535839026,FALSE,TRUE,39
"2.2.2.2.2.2.2.2.2.2.3.2.2.2.2.2.2.2.3.2.2.2",0.334015924920074,FALSE,TRUE,40
"2.2.2.2.2.2.2.2.2.2.3.2.2.2.2.2.2.2.2.3.2.2",0.374872127563967,FALSE,TRUE,39
"2.2.2.2.2.2.2.2.2.2.3.2.2.2.2.2.2.2.2.2.2.3",0.385151293985294,FALSE,TRUE,39
"1.2.2.2.2.2.2.2.2.2.3.2.2.2.2.2.2.2.2.2.2.2",0.439190030731113,FALSE,TRUE,37
"2.1.2.2.2.2.2.2.2.2.3.2.2.2.2.2.2.2.2.2.2.2",0.369353339423856,FALSE,TRUE,38
"2.2.1.2.2.2.2.2.2.2.3.2.2.2.2.2.2.2.2.2.2.2",0.416663018341004,FALSE,TRUE,38
"2.2.2.1.2.2.2.2.2.2.3.2.2.2.2.2.2.2.2.2.2.2",0.367449176433424,FALSE,TRUE,38
"2.2.2.2.1.2.2.2.2.2.3.2.2.2.2.2.2.2.2.2.2.2",0.342549083314928,FALSE,TRUE,38
"2.2.2.2.2.1.2.2.2.2.3.2.2.2.2.2.2.2.2.2.2.2",0.389962082919093,FALSE,TRUE,38
"2.2.2.2.2.2.1.2.2.2.3.2.2.2.2.2.2.2.2.2.2.2",0.392983001279714,FALSE,TRUE,37
"2.2.2.2.2.2.2.1.2.2.3.2.2.2.2.2.2.2.2.2.2.2",0.37971486777462,FALSE,TRUE,38
"2.2.2.2.2.2.2.2.1.2.3.2.2.2.2.2.2.2.2.2.2.2",0.419889724649198,FALSE,TRUE,37
"2.2.2.2.2.2.2.2.2.1.3.2.2.2.2.2.2.2.2.2.2.2",0.39677331475588,FALSE,TRUE,38
"2.2.2.2.2.2.2.2.2.2.3.1.2.2.2.2.2.2.2.2.2.2",0.426816220767519,FALSE,TRUE,38
"2.2.2.2.2.2.2.2.2.2.3.2.1.2.2.2.2.2.2.2.2.2",0.350631261962173,FALSE,TRUE,38
"2.2.2.2.2.2.2.2.2.2.3.2.2.1.2.2.2.2.2.2.2.2",0.384008581545509,FALSE,TRUE,38
"2.2.2.2.2.2.2.2.2.2.3.2.2.2.1.2.2.2.2.2.2.2",0.324815296516397,FALSE,TRUE,39
"2.2.2.2.2.2.2.2.2.2.3.2.2.2.2.1.2.2.2.2.2.2",0.375481865287237,FALSE,TRUE,36
"2.2.2.2.2.2.2.2.2.2.3.2.2.2.2.2.1.2.2.2.2.2",0.350746145182616,FALSE,TRUE,38
"2.2.2.2.2.2.2.2.2.2.3.2.2.2.2.2.2.1.2.2.2.2",0.379218166927166,FALSE,TRUE,38
"2.2.2.2.2.2.2.2.2.2.3.2.2.2.2.2.2.2.2.1.2.2",0.349329781663743,FALSE,TRUE,38
"2.2.2.2.2.2.2.2.2.2.3.2.2.2.2.2.2.2.2.2.1.2",0.373540308268073,FALSE,TRUE,39
"2.2.2.2.2.2.2.2.2.2.3.2.2.2.2.2.2.2.2.2.2.1",0.344792844601314,FALSE,TRUE,38
"3.2.2.2.2.2.2.2.2.2.2.2.2.2.2.2.2.2.2.2.3.3",0.369477310291964,FALSE,TRUE,39
"2.3.2.2.2.2.2.2.2.2.2.2.2.2.2.2.2.2.2.2.3.3",0.430108723905738,FALSE,TRUE,39
"2.2.3.2.2.2.2.2.2.2.2.2.2.2.2.2.2.2.2.2.3.3",0.381026056367297,FALSE,TRUE,39
"2.2.2.2.3.2.2.2.2.2.2.2.2.2.2.2.2.2.2.2.3.3",0.456145459893191,FALSE,TRUE,38
"2.2.2.2.2.3.2.2.2.2.2.2.2.2.2.2.2.2.2.2.3.3",0.413520856816414,FALSE,TRUE,39
"2.2.2.2.2.2.2.3.2.2.2.2.2.2.2.2.2.2.2.2.3.3",0.426776085671565,FALSE,TRUE,39
"2.2.2.2.2.2.2.2.3.2.2.2.2.2.2.2.2.2.2.2.3.3",0.381689989279298,FALSE,TRUE,38
"2.2.2.2.2.2.2.2.2.3.2.2.2.2.2.2.2.2.2.2.3.3",0.41046406542485,FALSE,TRUE,39
"2.2.2.2.2.2.2.2.2.2.2.3.2.2.2.2.2.2.2.2.3.3",0.379497066742159,FALSE,TRUE,38
"2.2.2.2.2.2.2.2.2.2.2.2.3.2.2.2.2.2.2.2.3.3",0.457397460261054,FALSE,TRUE,39
"2.2.2.2.2.2.2.2.2.2.2.2.2.3.2.2.2.2.2.2.3.3",0.425351451721589,FALSE,TRUE,38
"2.2.2.2.2.2.2.2.2.2.2.2.2.2.3.2.2.2.2.2.3.3",0.465775316222529,FALSE,TRUE,37
"2.2.2.2.2.2.2.2.2.2.2.2.2.2.2.3.2.2.2.2.3.3",0.431974642521651,FALSE,TRUE,38
"2.2.2.2.2.2.2.2.2.2.2.2.2.2.2.2.3.2.2.2.3.3",0.45250237127487,FALSE,TRUE,39
"2.2.2.2.2.2.2.2.2.2.2.2.2.2.2.2.2.3.2.2.3.3",0.422228838905277,FALSE,TRUE,39
"2.2.2.2.2.2.2.2.2.2.2.2.2.2.2.2.2.2.3.2.3.3",0.41446020752983,FALSE,TRUE,39
"2.2.2.2.2.2.2.2.2.2.2.2.2.2.2.2.2.2.2.3.3.3",0.451961226952996,FALSE,TRUE,39
"2.2.2.2.2.2.2.2.2.2.2.2.2.2.2.2.2.2.2.2.4.3",0.423011956238457,FALSE,TRUE,35
"2.2.2.2.2.2.2.2.2.2.2.2.2.2.2.2.2.2.2.2.3.4",0.468161611428425,FALSE,TRUE,40
"1.2.2.2.2.2.2.2.2.2.2.2.2.2.2.2.2.2.2.2.3.3",0.508911656731408,FALSE,TRUE,36
"2.1.2.2.2.2.2.2.2.2.2.2.2.2.2.2.2.2.2.2.3.3",0.437693389835032,FALSE,TRUE,38
"2.2.1.2.2.2.2.2.2.2.2.2.2.2.2.2.2.2.2.2.3.3",0.493284199862578,FALSE,TRUE,38
"2.2.2.2.1.2.2.2.2.2.2.2.2.2.2.2.2.2.2.2.3.3",0.421991209523772,FALSE,TRUE,37
"2.2.2.2.2.1.2.2.2.2.2.2.2.2.2.2.2.2.2.2.3.3",0.460302335290282,FALSE,TRUE,38
"2.2.2.2.2.2.1.2.2.2.2.2.2.2.2.2.2.2.2.2.3.3",0.465749405508715,FALSE,TRUE,39
"2.2.2.2.2.2.2.1.2.2.2.2.2.2.2.2.2.2.2.2.3.3",0.448073795000795,FALSE,TRUE,38
"2.2.2.2.2.2.2.2.1.2.2.2.2.2.2.2.2.2.2.2.3.3",0.495868234498552,FALSE,TRUE,35
"2.2.2.2.2.2.2.2.2.1.2.2.2.2.2.2.2.2.2.2.3.3",0.468341582937353,FALSE,TRUE,37
"2.2.2.2.2.2.2.2.2.2.1.2.2.2.2.2.2.2.2.2.3.3",0.497655165826581,FALSE,TRUE,36
"2.2.2.2.2.2.2.2.2.2.2.1.2.2.2.2.2.2.2.2.3.3",0.494308975006696,FALSE,TRUE,38
"2.2.2.2.2.2.2.2.2.2.2.2.1.2.2.2.2.2.2.2.3.3",0.422950033798079,FALSE,TRUE,38
"2.2.2.2.2.2.2.2.2.2.2.2.2.1.2.2.2.2.2.2.3.3",0.453186102991408,FALSE,TRUE,38
"2.2.2.2.2.2.2.2.2.2.2.2.2.2.1.2.2.2.2.2.3.3",0.404179655011632,FALSE,TRUE,38
"2.2.2.2.2.2.2.2.2.2.2.2.2.2.2.1.2.2.2.2.3.3",0.448358471842879,FALSE,TRUE,38
"2.2.2.2.2.2.2.2.2.2.2.2.2.2.2.2.1.2.2.2.3.3",0.423095207836632,FALSE,TRUE,38
"2.2.2.2.2.2.2.2.2.2.2.2.2.2.2.2.2.1.2.2.3.3",0.45933261396516,FALSE,TRUE,38
"2.2.2.2.2.2.2.2.2.2.2.2.2.2.2.2.2.2.1.2.3.3",0.460365240045035,FALSE,TRUE,38
"2.2.2.2.2.2.2.2.2.2.2.2.2.2.2.2.2.2.2.1.3.3",0.422549815644982,FALSE,TRUE,38
"3.2.2.2.2.2.2.2.2.2.2.2.2.2.3.2.2.2.2.2.3.2",0.381514030917147,FALSE,TRUE,41
"2.3.2.2.2.2.2.2.2.2.2.2.2.2.3.2.2.2.2.2.3.2",0.429845717123983,FALSE,TRUE,40
"2.2.3.2.2.2.2.2.2.2.2.2.2.2.3.2.2.2.2.2.3.2",0.389618640839983,FALSE,TRUE,40
"2.2.2.3.2.2.2.2.2.2.2.2.2.2.3.2.2.2.2.2.3.2",0.443638721775264,FALSE,TRUE,39
"2.2.2.2.3.2.2.2.2.2.2.2.2.2.3.2.2.2.2.2.3.2",0.449038738021592,FALSE,TRUE,40
"2.2.2.2.2.3.2.2.2.2.2.2.2.2.3.2.2.2.2.2.3.2",0.416942947374531,FALSE,TRUE,40
"2.2.2.2.2.2.2.3.2.2.2.2.2.2.3.2.2.2.2.2.3.2",0.425803694317506,FALSE,TRUE,40
"2.2.2.2.2.2.2.2.3.2.2.2.2.2.3.2.2.2.2.2.3.2",0.386373583855428,FALSE,TRUE,40
"2.2.2.2.2.2.2.2.2.3.2.2.2.2.3.2.2.2.2.2.3.2",0.425096889216874,FALSE,TRUE,40
"2.2.2.2.2.2.2.2.2.2.2.3.2.2.3.2.2.2.2.2.3.2",0.377554567127011,FALSE,TRUE,40
"2.2.2.2.2.2.2.2.2.2.2.2.3.2.3.2.2.2.2.2.3.2",0.454164059877586,FALSE,TRUE,40
"2.2.2.2.2.2.2.2.2.2.2.2.2.3.3.2.2.2.2.2.3.2",0.429405679822269,FALSE,TRUE,40
"2.2.2.2.2.2.2.2.2.2.2.2.2.2.4.2.2.2.2.2.3.2",0.456809941742921,FALSE,TRUE,41
"2.2.2.2.2.2.2.2.2.2.2.2.2.2.3.3.2.2.2.2.3.2",0.419068083361952,FALSE,TRUE,40
"2.2.2.2.2.2.2.2.2.2.2.2.2.2.3.2.3.2.2.2.3.2",0.451146901634843,FALSE,TRUE,40
"2.2.2.2.2.2.2.2.2.2.2.2.2.2.3.2.2.3.2.2.3.2",0.423781433669871,FALSE,TRUE,40
"2.2.2.2.2.2.2.2.2.2.2.2.2.2.3.2.2.2.3.2.3.2",0.411700294601262,FALSE,TRUE,40
"2.2.2.2.2.2.2.2.2.2.2.2.2.2.3.2.2.2.2.3.3.2",0.455441509790401,FALSE,TRUE,40
"2.1.2.2.2.2.2.2.2.2.2.2.2.2.3.2.2.2.2.2.3.2",0.435482104212142,FALSE,TRUE,39
"2.2.1.2.2.2.2.2.2.2.2.2.2.2.3.2.2.2.2.2.3.2",0.483440708102546,FALSE,TRUE,39
"2.2.2.1.2.2.2.2.2.2.2.2.2.2.3.2.2.2.2.2.3.2",0.433866950994177,FALSE,TRUE,38
"2.2.2.2.1.2.2.2.2.2.2.2.2.2.3.2.2.2.2.2.3.2",0.427546513745177,FALSE,TRUE,38
"2.2.2.2.2.1.2.2.2.2.2.2.2.2.3.2.2.2.2.2.3.2",0.455533687542166,FALSE,TRUE,39
"2.2.2.2.2.2.1.2.2.2.2.2.2.2.3.2.2.2.2.2.3.2",0.476431497296089,FALSE,TRUE,39
"2.2.2.2.2.2.2.1.2.2.2.2.2.2.3.2.2.2.2.2.3.2",0.448511113903508,FALSE,TRUE,39
"2.2.2.2.2.2.2.2.1.2.2.2.2.2.3.2.2.2.2.2.3.2",0.490543287918141,FALSE,TRUE,38
"2.2.2.2.2.2.2.2.2.1.2.2.2.2.3.2.2.2.2.2.3.2",0.453085310246088,FALSE,TRUE,38
"2.2.2.2.2.2.2.2.2.2.1.2.2.2.3.2.2.2.2.2.3.2",0.484960263941095,FALSE,TRUE,39
"2.2.2.2.2.2.2.2.2.2.2.1.2.2.3.2.2.2.2.2.3.2",0.495418416365806,FALSE,TRUE,39
"2.2.2.2.2.2.2.2.2.2.2.2.1.2.3.2.2.2.2.2.3.2",0.425153591527433,FALSE,TRUE,39
"2.2.2.2.2.2.2.2.2.2.2.2.2.1.3.2.2.2.2.2.3.2",0.44822174577057,FALSE,TRUE,39
"2.2.2.2.2.2.2.2.2.2.2.2.2.2.3.1.2.2.2.2.3.2",0.461016638791873,FALSE,TRUE,39
"2.2.2.2.2.2.2.2.2.2.2.2.2.2.3.2.1.2.2.2.3.2",0.422163383742572,FALSE,TRUE,37
"2.2.2.2.2.2.2.2.2.2.2.2.2.2.3.2.2.1.2.2.3.2",0.456660362650051,FALSE,TRUE,39
"2.2.2.2.2.2.2.2.2.2.2.2.2.2.3.2.2.2.1.2.3.2",0.461423983985271,FALSE,TRUE,39
"2.2.2.2.2.2.2.2.2.2.2.2.2.2.3.2.2.2.2.1.3.2",0.417774551976482,FALSE,TRUE,39
"2.2.2.2.2.2.2.2.2.2.2.2.2.2.3.2.2.2.2.2.3.1",0.413694994461741,FALSE,TRUE,39
"3.2.2.2.2.2.2.2.2.2.3.2.2.2.2.2.2.2.1.2.2.2",0.324415736001013,FALSE,TRUE,40
"2.3.2.2.2.2.2.2.2.2.3.2.2.2.2.2.2.2.1.2.2.2",0.380824866824548,FALSE,TRUE,40
"2.2.3.2.2.2.2.2.2.2.3.2.2.2.2.2.2.2.1.2.2.2",0.340507360654707,FALSE,TRUE,40
"2.2.2.3.2.2.2.2.2.2.3.2.2.2.2.2.2.2.1.2.2.2",0.385918444906044,FALSE,TRUE,40
"2.2.2.2.3.2.2.2.2.2.3.2.2.2.2.2.2.2.1.2.2.2",0.412716728066229,FALSE,TRUE,40
"2.2.2.2.2.3.2.2.2.2.3.2.2.2.2.2.2.2.1.2.2.2",0.370279103320761,FALSE,TRUE,40
"2.2.2.2.2.2.3.2.2.2.3.2.2.2.2.2.2.2.1.2.2.2",0.361866710501425,FALSE,TRUE,40
"2.2.2.2.2.2.2.3.2.2.3.2.2.2.2.2.2.2.1.2.2.2",0.374174497270436,FALSE,TRUE,40
"2.2.2.2.2.2.2.2.3.2.3.2.2.2.2.2.2.2.1.2.2.2",0.339732670181319,FALSE,TRUE,40
"2.2.2.2.2.2.2.2.2.3.3.2.2.2.2.2.2.2.1.2.2.2",0.365178094147172,FALSE,TRUE,40
"2.2.2.2.2.2.2.2.2.2.4.2.2.2.2.2.2.2.1.2.2.2",0.327884939954612,FALSE,TRUE,40
"2.2.2.2.2.2.2.2.2.2.3.3.2.2.2.2.2.2.1.2.2.2",0.335414072547034,FALSE,TRUE,40
"2.2.2.2.2.2.2.2.2.2.3.2.3.2.2.2.2.2.1.2.2.2",0.408432240334822,FALSE,TRUE,40
"2.2.2.2.2.2.2.2.2.2.3.2.2.3.2.2.2.2.1.2.2.2",0.373842174421387,FALSE,TRUE,40
"2.2.2.2.2.2.2.2.2.2.3.2.2.2.3.2.2.2.1.2.2.2",0.420923704140945,FALSE,TRUE,39
"2.2.2.2.2.2.2.2.2.2.3.2.2.2.2.3.2.2.1.2.2.2",0.38068119818591,FALSE,TRUE,41
"2.2.2.2.2.2.2.2.2.2.3.2.2.2.2.2.3.2.1.2.2.2",0.40534822607508,FALSE,TRUE,40
"2.2.2.2.2.2.2.2.2.2.3.2.2.2.2.2.2.3.1.2.2.2",0.381933279433158,FALSE,TRUE,40
"2.2.2.2.2.2.2.2.2.2.3.2.2.2.2.2.2.2.1.3.2.2",0.398155628822038,FALSE,TRUE,40
"2.2.2.2.2.2.2.2.2.2.3.2.2.2.2.2.2.2.1.2.2.3",0.409648675792992,FALSE,TRUE,40
"1.2.2.2.2.2.2.2.2.2.3.2.2.2.2.2.2.2.1.2.2.2",0.460063062458325,FALSE,TRUE,37
"2.1.2.2.2.2.2.2.2.2.3.2.2.2.2.2.2.2.1.2.2.2",0.393429648210788,FALSE,TRUE,39
"2.2.1.2.2.2.2.2.2.2.3.2.2.2.2.2.2.2.1.2.2.2",0.438767149077284,FALSE,TRUE,39
"2.2.2.1.2.2.2.2.2.2.3.2.2.2.2.2.2.2.1.2.2.2",0.397588886982629,FALSE,TRUE,39
"2.2.2.2.1.2.2.2.2.2.3.2.2.2.2.2.2.2.1.2.2.2",0.370857515195659,FALSE,TRUE,38
"2.2.2.2.2.1.2.2.2.2.3.2.2.2.2.2.2.2.1.2.2.2",0.409037583500135,FALSE,TRUE,39
"2.2.2.2.2.2.1.2.2.2.3.2.2.2.2.2.2.2.1.2.2.2",0.418389966975865,FALSE,TRUE,39
"2.2.2.2.2.2.2.1.2.2.3.2.2.2.2.2.2.2.1.2.2.2",0.405566290914411,FALSE,TRUE,39
"2.2.2.2.2.2.2.2.1.2.3.2.2.2.2.2.2.2.1.2.2.2",0.443731819609232,FALSE,TRUE,38
"2.2.2.2.2.2.2.2.2.1.3.2.2.2.2.2.2.2.1.2.2.2",0.418776780077446,FALSE,TRUE,38
"2.2.2.2.2.2.2.2.2.2.3.1.2.2.2.2.2.2.1.2.2.2",0.444206938327289,FALSE,TRUE,39
"2.2.2.2.2.2.2.2.2.2.3.2.1.2.2.2.2.2.1.2.2.2",0.377070560597974,FALSE,TRUE,39
"2.2.2.2.2.2.2.2.2.2.3.2.2.1.2.2.2.2.1.2.2.2",0.409613159226232,FALSE,TRUE,39
"2.2.2.2.2.2.2.2.2.2.3.2.2.2.1.2.2.2.1.2.2.2",0.354504614476886,FALSE,TRUE,39
"2.2.2.2.2.2.2.2.2.2.3.2.2.2.2.2.1.2.1.2.2.2",0.375380918784693,FALSE,TRUE,37
"2.2.2.2.2.2.2.2.2.2.3.2.2.2.2.2.2.1.1.2.2.2",0.404740634910443,FALSE,TRUE,39
"2.2.2.2.2.2.2.2.2.2.3.2.2.2.2.2.2.2.1.1.2.2",0.381568009545264,FALSE,TRUE,39
"2.2.2.2.2.2.2.2.2.2.3.2.2.2.2.2.2.2.1.2.1.2",0.400586485037835,FALSE,TRUE,39
"2.2.2.2.2.2.2.2.2.2.3.2.2.2.2.2.2.2.1.2.2.1",0.375509343028827,FALSE,TRUE,39
"3.2.2.2.2.2.2.2.2.2.2.2.2.2.2.2.2.2.1.2.3.2",0.380017561041315,FALSE,TRUE,41
"2.3.2.2.2.2.2.2.2.2.2.2.2.2.2.2.2.2.1.2.3.2",0.435004702605317,FALSE,TRUE,41
"2.2.3.2.2.2.2.2.2.2.2.2.2.2.2.2.2.2.1.2.3.2",0.38308082819366,FALSE,TRUE,41
"2.2.2.3.2.2.2.2.2.2.2.2.2.2.2.2.2.2.1.2.3.2",0.43267863090507,FALSE,TRUE,39
"2.2.2.2.3.2.2.2.2.2.2.2.2.2.2.2.2.2.1.2.3.2",0.450784926346853,FALSE,TRUE,41
"2.2.2.2.2.3.2.2.2.2.2.2.2.2.2.2.2.2.1.2.3.2",0.420102716972103,FALSE,TRUE,41
"2.2.2.2.2.2.2.3.2.2.2.2.2.2.2.2.2.2.1.2.3.2",0.427150788913669,FALSE,TRUE,41
"2.2.2.2.2.2.2.2.3.2.2.2.2.2.2.2.2.2.1.2.3.2",0.381239299638759,FALSE,TRUE,41
"2.2.2.2.2.2.2.2.2.3.2.2.2.2.2.2.2.2.1.2.3.2",0.417999102139132,FALSE,TRUE,41
"2.2.2.2.2.2.2.2.2.2.2.3.2.2.2.2.2.2.1.2.3.2",0.383994002250822,FALSE,TRUE,41
"2.2.2.2.2.2.2.2.2.2.2.2.3.2.2.2.2.2.1.2.3.2",0.453611228374194,FALSE,TRUE,41
"2.2.2.2.2.2.2.2.2.2.2.2.2.3.2.2.2.2.1.2.3.2",0.426446238382667,FALSE,TRUE,41
"2.2.2.2.2.2.2.2.2.2.2.2.2.2.2.3.2.2.1.2.3.2",0.420365056918621,FALSE,TRUE,41
"2.2.2.2.2.2.2.2.2.2.2.2.2.2.2.2.3.2.1.2.3.2",0.45422041847791,FALSE,TRUE,41
"2.2.2.2.2.2.2.2.2.2.2.2.2.2.2.2.2.3.1.2.3.2",0.420110518204062,FALSE,TRUE,41
"2.2.2.2.2.2.2.2.2.2.2.2.2.2.2.2.2.2.1.3.3.2",0.446099690558475,FALSE,TRUE,41
"2.2.2.2.2.2.2.2.2.2.2.2.2.2.2.2.2.2.1.2.4.2",0.41914656729594,FALSE,TRUE,39
"1.2.2.2.2.2.2.2.2.2.2.2.2.2.2.2.2.2.1.2.3.2",0.491478397197677,FALSE,TRUE,38
"2.1.2.2.2.2.2.2.2.2.2.2.2.2.2.2.2.2.1.2.3.2",0.425732566155382,FALSE,TRUE,40
"2.2.1.2.2.2.2.2.2.2.2.2.2.2.2.2.2.2.1.2.3.2",0.484506603663575,FALSE,TRUE,40
"2.2.2.1.2.2.2.2.2.2.2.2.2.2.2.2.2.2.1.2.3.2",0.438370986945735,FALSE,TRUE,39
"2.2.2.2.1.2.2.2.2.2.2.2.2.2.2.2.2.2.1.2.3.2",0.419643928794998,FALSE,TRUE,39
"2.2.2.2.2.1.2.2.2.2.2.2.2.2.2.2.2.2.1.2.3.2",0.446398228741174,FALSE,TRUE,40
"2.2.2.2.2.2.1.2.2.2.2.2.2.2.2.2.2.2.1.2.3.2",0.463926033378484,FALSE,TRUE,40
"2.2.2.2.2.2.2.1.2.2.2.2.2.2.2.2.2.2.1.2.3.2",0.439860567453283,FALSE,TRUE,40
"2.2.2.2.2.2.2.2.1.2.2.2.2.2.2.2.2.2.1.2.3.2",0.489252051300599,FALSE,TRUE,39
"2.2.2.2.2.2.2.2.2.1.2.2.2.2.2.2.2.2.1.2.3.2",0.453799874542465,FALSE,TRUE,39
"2.2.2.2.2.2.2.2.2.2.1.2.2.2.2.2.2.2.1.2.3.2",0.482844781816979,FALSE,TRUE,40
"2.2.2.2.2.2.2.2.2.2.2.1.2.2.2.2.2.2.1.2.3.2",0.48176611508737,FALSE,TRUE,40
"2.2.2.2.2.2.2.2.2.2.2.2.1.2.2.2.2.2.1.2.3.2",0.419242743414321,FALSE,TRUE,40
"2.2.2.2.2.2.2.2.2.2.2.2.2.1.2.2.2.2.1.2.3.2",0.444691707398269,FALSE,TRUE,40
"2.2.2.2.2.2.2.2.2.2.2.2.2.2.1.2.2.2.1.2.3.2",0.401156196584904,FALSE,TRUE,40
"2.2.2.2.2.2.2.2.2.2.2.2.2.2.2.1.2.2.1.2.3.2",0.452106452422493,FALSE,TRUE,38
"2.2.2.2.2.2.2.2.2.2.2.2.2.2.2.2.1.2.1.2.3.2",0.414409129647969,FALSE,TRUE,40
"2.2.2.2.2.2.2.2.2.2.2.2.2.2.2.2.2.1.1.2.3.2",0.454003750360994,FALSE,TRUE,40
"2.2.2.2.2.2.2.2.2.2.2.2.2.2.2.2.2.2.1.1.3.2",0.421533122496507,FALSE,TRUE,40
"2.2.2.2.2.2.2.2.2.2.2.2.2.2.2.2.2.2.1.2.3.1",0.412877093007319,FALSE,TRUE,40
"3.2.2.3.2.2.2.2.2.2.2.2.2.2.2.2.2.2.2.2.3.3",0.369830569159754,FALSE,TRUE,36
"2.3.2.3.2.2.2.2.2.2.2.2.2.2.2.2.2.2.2.2.3.3",0.426588298158882,FALSE,TRUE,36
"2.2.3.3.2.2.2.2.2.2.2.2.2.2.2.2.2.2.2.2.3.3",0.379263571211567,FALSE,TRUE,37
"2.2.2.4.2.2.2.2.2.2.2.2.2.2.2.2.2.2.2.2.3.3",0.430455112081781,FALSE,TRUE,37
"2.2.2.3.3.2.2.2.2.2.2.2.2.2.2.2.2.2.2.2.3.3",0.45693882898843,FALSE,TRUE,35
"2.2.2.3.2.3.2.2.2.2.2.2.2.2.2.2.2.2.2.2.3.3",0.409503040750812,FALSE,TRUE,36
"2.2.2.3.2.2.3.2.2.2.2.2.2.2.2.2.2.2.2.2.3.3",0.406910067073033,FALSE,TRUE,35
"2.2.2.3.2.2.2.3.2.2.2.2.2.2.2.2.2.2.2.2.3.3",0.42145533823536,FALSE,TRUE,36
"2.2.2.3.2.2.2.2.3.2.2.2.2.2.2.2.2.2.2.2.3.3",0.381000789284108,FALSE,TRUE,36
"2.2.2.3.2.2.2.2.2.3.2.2.2.2.2.2.2.2.2.2.3.3",0.405247677419393,FALSE,TRUE,35
"2.2.2.3.2.2.2.2.2.2.3.2.2.2.2.2.2.2.2.2.3.3",0.371406965155995,FALSE,TRUE,36
"2.2.2.3.2.2.2.2.2.2.2.3.2.2.2.2.2.2.2.2.3.3",0.378910820478315,FALSE,TRUE,36
"2.2.2.3.2.2.2.2.2.2.2.2.3.2.2.2.2.2.2.2.3.3",0.452087499736224,FALSE,TRUE,36
"2.2.2.3.2.2.2.2.2.2.2.2.2.2.3.2.2.2.2.2.3.3",0.467218816810653,FALSE,TRUE,35
"2.2.2.3.2.2.2.2.2.2.2.2.2.2.2.2.3.2.2.2.3.3",0.450289209570937,FALSE,TRUE,35
"2.2.2.3.2.2.2.2.2.2.2.2.2.2.2.2.2.3.2.2.3.3",0.421807210874091,FALSE,TRUE,35
"2.2.2.3.2.2.2.2.2.2.2.2.2.2.2.2.2.2.2.3.3.3",0.445518265707456,FALSE,TRUE,36
"2.2.2.3.2.2.2.2.2.2.2.2.2.2.2.2.2.2.2.2.3.4",0.46196926847522,FALSE,TRUE,36
"1.2.2.3.2.2.2.2.2.2.2.2.2.2.2.2.2.2.2.2.3.3",0.500712146229009,FALSE,TRUE,35
"2.1.2.3.2.2.2.2.2.2.2.2.2.2.2.2.2.2.2.2.3.3",0.434990651373503,FALSE,TRUE,35
"2.2.2.3.1.2.2.2.2.2.2.2.2.2.2.2.2.2.2.2.3.3",0.413907470694642,FALSE,TRUE,35
"2.2.2.3.2.1.2.2.2.2.2.2.2.2.2.2.2.2.2.2.3.3",0.45735635165555,FALSE,TRUE,35
"2.2.2.3.2.2.1.2.2.2.2.2.2.2.2.2.2.2.2.2.3.3",0.460893943259329,FALSE,TRUE,35
"2.2.2.3.2.2.2.1.2.2.2.2.2.2.2.2.2.2.2.2.3.3",0.445721831304335,FALSE,TRUE,35
"2.2.2.3.2.2.2.2.1.2.2.2.2.2.2.2.2.2.2.2.3.3",0.488825920420987,FALSE,TRUE,33
"2.2.2.3.2.2.2.2.2.1.2.2.2.2.2.2.2.2.2.2.3.3",0.466165049726657,FALSE,TRUE,35
"2.2.2.3.2.2.2.2.2.2.2.1.2.2.2.2.2.2.2.2.3.3",0.487197396511326,FALSE,TRUE,35
"2.2.2.3.2.2.2.2.2.2.2.2.1.2.2.2.2.2.2.2.3.3",0.420837990434704,FALSE,TRUE,35
"2.2.2.3.2.2.2.2.2.2.2.2.2.1.2.2.2.2.2.2.3.3",0.449164118165269,FALSE,TRUE,36
"2.2.2.3.2.2.2.2.2.2.2.2.2.2.1.2.2.2.2.2.3.3",0.39540758468648,FALSE,TRUE,35
"2.2.2.3.2.2.2.2.2.2.2.2.2.2.2.1.2.2.2.2.3.3",0.443641592259905,FALSE,TRUE,36
"2.2.2.3.2.2.2.2.2.2.2.2.2.2.2.2.1.2.2.2.3.3",0.418865803238616,FALSE,TRUE,35
"2.2.2.3.2.2.2.2.2.2.2.2.2.2.2.2.2.1.2.2.3.3",0.452279823574835,FALSE,TRUE,35
"2.2.2.3.2.2.2.2.2.2.2.2.2.2.2.2.2.2.1.2.3.3",0.453903729143094,FALSE,TRUE,34
"2.2.2.3.2.2.2.2.2.2.2.2.2.2.2.2.2.2.2.1.3.3",0.422407504248997,FALSE,TRUE,35
"2.2.2.3.2.2.2.2.2.2.2.2.2.2.2.2.2.2.2.2.2.3",0.44214934509899,FALSE,TRUE,36
"3.2.2.2.2.2.2.2.2.2.3.2.2.2.3.2.2.2.2.2.2.2",0.326077433942658,FALSE,TRUE,41
"2.3.2.2.2.2.2.2.2.2.3.2.2.2.3.2.2.2.2.2.2.2",0.377205802487546,FALSE,TRUE,41
"2.2.3.2.2.2.2.2.2.2.3.2.2.2.3.2.2.2.2.2.2.2",0.347114442280279,FALSE,TRUE,41
"2.2.2.3.2.2.2.2.2.2.3.2.2.2.3.2.2.2.2.2.2.2",0.396045914562638,FALSE,TRUE,41
"2.2.2.2.3.2.2.2.2.2.3.2.2.2.3.2.2.2.2.2.2.2",0.411579397288447,FALSE,TRUE,41
"2.2.2.2.2.3.2.2.2.2.3.2.2.2.3.2.2.2.2.2.2.2",0.368432596672264,FALSE,TRUE,41
"2.2.2.2.2.2.3.2.2.2.3.2.2.2.3.2.2.2.2.2.2.2",0.357404787398534,FALSE,TRUE,41
"2.2.2.2.2.2.2.3.2.2.3.2.2.2.3.2.2.2.2.2.2.2",0.373034911589498,FALSE,TRUE,41
"2.2.2.2.2.2.2.2.3.2.3.2.2.2.3.2.2.2.2.2.2.2",0.344940106757973,FALSE,TRUE,41
"2.2.2.2.2.2.2.2.2.3.3.2.2.2.3.2.2.2.2.2.2.2",0.371845302600823,FALSE,TRUE,41
"2.2.2.2.2.2.2.2.2.2.4.2.2.2.3.2.2.2.2.2.2.2",0.332601998331877,FALSE,TRUE,41
"2.2.2.2.2.2.2.2.2.2.3.3.2.2.3.2.2.2.2.2.2.2",0.330890062623545,FALSE,TRUE,41
"2.2.2.2.2.2.2.2.2.2.3.2.3.2.3.2.2.2.2.2.2.2",0.409183346743109,FALSE,TRUE,41
"2.2.2.2.2.2.2.2.2.2.3.2.2.3.3.2.2.2.2.2.2.2",0.376781392827975,FALSE,TRUE,41
"2.2.2.2.2.2.2.2.2.2.3.2.2.2.4.2.2.2.2.2.2.2",0.417990134382528,FALSE,TRUE,42
"2.2.2.2.2.2.2.2.2.2.3.2.2.2.3.3.2.2.2.2.2.2",0.379954690420024,FALSE,TRUE,41
"2.2.2.2.2.2.2.2.2.2.3.2.2.2.3.2.3.2.2.2.2.2",0.403062325353947,FALSE,TRUE,42
"2.2.2.2.2.2.2.2.2.2.3.2.2.2.3.2.2.3.2.2.2.2",0.385543177069537,FALSE,TRUE,41
"2.2.2.2.2.2.2.2.2.2.3.2.2.2.3.2.2.2.3.2.2.2",0.365824426149878,FALSE,TRUE,41
"2.2.2.2.2.2.2.2.2.2.3.2.2.2.3.2.2.2.2.3.2.2",0.406254051412263,FALSE,TRUE,41
"2.2.2.2.2.2.2.2.2.2.3.2.2.2.3.2.2.2.2.2.2.3",0.414373034542763,FALSE,TRUE,41
"1.2.2.2.2.2.2.2.2.2.3.2.2.2.3.2.2.2.2.2.2.2",0.465296172782227,FALSE,TRUE,38
"2.1.2.2.2.2.2.2.2.2.3.2.2.2.3.2.2.2.2.2.2.2",0.401511742414702,FALSE,TRUE,40
"2.2.1.2.2.2.2.2.2.2.3.2.2.2.3.2.2.2.2.2.2.2",0.437649791850597,FALSE,TRUE,40
"2.2.2.1.2.2.2.2.2.2.3.2.2.2.3.2.2.2.2.2.2.2",0.393928371817699,FALSE,TRUE,40
"2.2.2.2.1.2.2.2.2.2.3.2.2.2.3.2.2.2.2.2.2.2",0.378142771659405,FALSE,TRUE,39
"2.2.2.2.2.1.2.2.2.2.3.2.2.2.3.2.2.2.2.2.2.2",0.416914056984643,FALSE,TRUE,40
"2.2.2.2.2.2.1.2.2.2.3.2.2.2.3.2.2.2.2.2.2.2",0.430076432646919,FALSE,TRUE,40
"2.2.2.2.2.2.2.1.2.2.3.2.2.2.3.2.2.2.2.2.2.2",0.414118166276667,FALSE,TRUE,40
"2.2.2.2.2.2.2.2.1.2.3.2.2.2.3.2.2.2.2.2.2.2",0.445012615223457,FALSE,TRUE,39
"2.2.2.2.2.2.2.2.2.1.3.2.2.2.3.2.2.2.2.2.2.2",0.418491493441308,FALSE,TRUE,39
"2.2.2.2.2.2.2.2.2.2.3.1.2.2.3.2.2.2.2.2.2.2",0.456076878116494,FALSE,TRUE,40
"2.2.2.2.2.2.2.2.2.2.3.2.1.2.3.2.2.2.2.2.2.2",0.38284563806355,FALSE,TRUE,40
"2.2.2.2.2.2.2.2.2.2.3.2.2.1.3.2.2.2.2.2.2.2",0.413191857250893,FALSE,TRUE,40
"2.2.2.2.2.2.2.2.2.2.3.2.2.2.3.1.2.2.2.2.2.2",0.413641635400596,FALSE,TRUE,39
"2.2.2.2.2.2.2.2.2.2.3.2.2.2.3.2.2.1.2.2.2.2",0.407487369856434,FALSE,TRUE,40
"2.2.2.2.2.2.2.2.2.2.3.2.2.2.3.2.2.2.2.1.2.2",0.379061845110277,FALSE,TRUE,40
"2.2.2.2.2.2.2.2.2.2.3.2.2.2.3.2.2.2.2.2.1.2",0.402525286549107,FALSE,TRUE,40
"2.2.2.2.2.2.2.2.2.2.3.2.2.2.3.2.2.2.2.2.2.1",0.377023982909427,FALSE,TRUE,40
"3.2.2.3.2.2.2.2.2.2.1.2.2.2.2.2.2.2.2.2.3.3",0.429477065280245,FALSE,TRUE,39
"2.3.2.3.2.2.2.2.2.2.1.2.2.2.2.2.2.2.2.2.3.3",0.486020070770443,FALSE,TRUE,39
"2.2.3.3.2.2.2.2.2.2.1.2.2.2.2.2.2.2.2.2.3.3",0.437082872980165,FALSE,TRUE,39
"2.2.2.4.2.2.2.2.2.2.1.2.2.2.2.2.2.2.2.2.3.3",0.478521683655691,FALSE,TRUE,39
"2.2.2.3.2.3.2.2.2.2.1.2.2.2.2.2.2.2.2.2.3.3",0.458864221600664,FALSE,TRUE,39
"2.2.2.3.2.2.3.2.2.2.1.2.2.2.2.2.2.2.2.2.3.3",0.459310988470303,FALSE,TRUE,38
"2.2.2.3.2.2.2.3.2.2.1.2.2.2.2.2.2.2.2.2.3.3",0.479663226050935,FALSE,TRUE,39
"2.2.2.3.2.2.2.2.3.2.1.2.2.2.2.2.2.2.2.2.3.3",0.43758527335988,FALSE,TRUE,39
"2.2.2.3.2.2.2.2.2.3.1.2.2.2.2.2.2.2.2.2.3.3",0.458107539394953,FALSE,TRUE,38
"2.2.2.3.2.2.2.2.2.2.1.3.2.2.2.2.2.2.2.2.3.3",0.437708472325081,FALSE,TRUE,38
"2.2.2.3.2.2.2.2.2.2.1.2.3.2.2.2.2.2.2.2.3.3",0.507062116487955,FALSE,TRUE,39
"2.2.2.3.2.2.2.2.2.2.1.2.2.3.2.2.2.2.2.2.3.3",0.482653822869198,FALSE,TRUE,38
"2.2.2.3.2.2.2.2.2.2.1.2.2.2.3.2.2.2.2.2.3.3",0.515263844177602,FALSE,TRUE,39
"2.2.2.3.2.2.2.2.2.2.1.2.2.2.2.3.2.2.2.2.3.3",0.479462289343906,FALSE,TRUE,37
"2.2.2.3.2.2.2.2.2.2.1.2.2.2.2.2.3.2.2.2.3.3",0.512757391509822,FALSE,TRUE,39
"2.2.2.3.2.2.2.2.2.2.1.2.2.2.2.2.2.3.2.2.3.3",0.473437918698675,FALSE,TRUE,39
"2.2.2.3.2.2.2.2.2.2.1.2.2.2.2.2.2.2.3.2.3.3",0.47077568534264,FALSE,TRUE,39
"2.2.2.3.2.2.2.2.2.2.1.2.2.2.2.2.2.2.2.3.3.3",0.504139580089707,FALSE,TRUE,39
"2.2.2.3.2.2.2.2.2.2.1.2.2.2.2.2.2.2.2.2.4.3",0.480020317739748,FALSE,TRUE,36
"2.2.2.3.2.2.2.2.2.2.1.2.2.2.2.2.2.2.2.2.3.4",0.51969686828586,FALSE,TRUE,39
"1.2.2.3.2.2.2.2.2.2.1.2.2.2.2.2.2.2.2.2.3.3",0.545090587814135,FALSE,TRUE,38
"2.1.2.3.2.2.2.2.2.2.1.2.2.2.2.2.2.2.2.2.3.3",0.480492815348617,FALSE,TRUE,38
"2.2.1.3.2.2.2.2.2.2.1.2.2.2.2.2.2.2.2.2.3.3",0.534726247620807,FALSE,TRUE,38
"2.2.2.3.1.2.2.2.2.2.1.2.2.2.2.2.2.2.2.2.3.3",0.467835765542264,FALSE,TRUE,39
"2.2.2.3.2.1.2.2.2.2.1.2.2.2.2.2.2.2.2.2.3.3",0.513035555772903,FALSE,TRUE,38
"2.2.2.3.2.2.1.2.2.2.1.2.2.2.2.2.2.2.2.2.3.3",0.513605790758285,FALSE,TRUE,38
"2.2.2.3.2.2.2.1.2.2.1.2.2.2.2.2.2.2.2.2.3.3",0.492665355356597,FALSE,TRUE,38
"2.2.2.3.2.2.2.2.2.1.1.2.2.2.2.2.2.2.2.2.3.3",0.518625372620668,FALSE,TRUE,38
"2.2.2.3.2.2.2.2.2.2.1.1.2.2.2.2.2.2.2.2.3.3",0.53274759073707,FALSE,TRUE,37
"2.2.2.3.2.2.2.2.2.2.1.2.1.2.2.2.2.2.2.2.3.3",0.470921436131788,FALSE,TRUE,38
"2.2.2.3.2.2.2.2.2.2.1.2.2.1.2.2.2.2.2.2.3.3",0.4937469200709,FALSE,TRUE,38
"2.2.2.3.2.2.2.2.2.2.1.2.2.2.1.2.2.2.2.2.3.3",0.452645525223188,FALSE,TRUE,38
"2.2.2.3.2.2.2.2.2.2.1.2.2.2.2.1.2.2.2.2.3.3",0.497028316983571,FALSE,TRUE,38
"2.2.2.3.2.2.2.2.2.2.1.2.2.2.2.2.1.2.2.2.3.3",0.462757665736335,FALSE,TRUE,38
"2.2.2.3.2.2.2.2.2.2.1.2.2.2.2.2.2.1.2.2.3.3",0.505632190749162,FALSE,TRUE,38
"2.2.2.3.2.2.2.2.2.2.1.2.2.2.2.2.2.2.1.2.3.3",0.501585566040183,FALSE,TRUE,37
"2.2.2.3.2.2.2.2.2.2.1.2.2.2.2.2.2.2.2.1.3.3",0.469896021625765,FALSE,TRUE,38
"2.2.2.3.2.2.2.2.2.2.1.2.2.2.2.2.2.2.2.2.2.3",0.491857927163792,FALSE,TRUE,39
"2.2.2.3.2.2.2.2.2.2.1.2.2.2.2.2.2.2.2.2.3.2",0.459749378148187,FALSE,TRUE,37
"3.2.2.2.2.2.3.2.2.2.2.2.2.2.2.2.2.2.2.2.3.3",0.331332749808288,FALSE,TRUE,41
"2.3.2.2.2.2.3.2.2.2.2.2.2.2.2.2.2.2.2.2.3.3",0.39859111115928,FALSE,TRUE,41
"2.2.3.2.2.2.3.2.2.2.2.2.2.2.2.2.2.2.2.2.3.3",0.349595233202697,FALSE,TRUE,41
"2.2.2.2.3.2.3.2.2.2.2.2.2.2.2.2.2.2.2.2.3.3",0.424585738831423,FALSE,TRUE,41
"2.2.2.2.2.3.3.2.2.2.2.2.2.2.2.2.2.2.2.2.3.3",0.378321476508364,FALSE,TRUE,41
"2.2.2.2.2.2.4.2.2.2.2.2.2.2.2.2.2.2.2.2.3.3",0.374960471210112,FALSE,TRUE,42
"2.2.2.2.2.2.3.3.2.2.2.2.2.2.2.2.2.2.2.2.3.3",0.396023436169731,FALSE,TRUE,41
"2.2.2.2.2.2.3.2.3.2.2.2.2.2.2.2.2.2.2.2.3.3",0.351026594518598,FALSE,TRUE,41
"2.2.2.2.2.2.3.2.2.3.2.2.2.2.2.2.2.2.2.2.3.3",0.377632667686855,FALSE,TRUE,41
"2.2.2.2.2.2.3.2.2.2.3.2.2.2.2.2.2.2.2.2.3.3",0.342732879266455,FALSE,TRUE,41
"2.2.2.2.2.2.3.2.2.2.2.3.2.2.2.2.2.2.2.2.3.3",0.349435626829943,FALSE,TRUE,41
"2.2.2.2.2.2.3.2.2.2.2.2.3.2.2.2.2.2.2.2.3.3",0.425935124081908,FALSE,TRUE,41
"2.2.2.2.2.2.3.2.2.2.2.2.2.3.2.2.2.2.2.2.3.3",0.39318632264436,FALSE,TRUE,40
"2.2.2.2.2.2.3.2.2.2.2.2.2.2.3.2.2.2.2.2.3.3",0.429915912628832,FALSE,TRUE,41
"2.2.2.2.2.2.3.2.2.2.2.2.2.2.2.3.2.2.2.2.3.3",0.401561173820581,FALSE,TRUE,40
"2.2.2.2.2.2.3.2.2.2.2.2.2.2.2.2.3.2.2.2.3.3",0.429774773982456,FALSE,TRUE,41
"2.2.2.2.2.2.3.2.2.2.2.2.2.2.2.2.2.3.2.2.3.3",0.386903422594547,FALSE,TRUE,40
"2.2.2.2.2.2.3.2.2.2.2.2.2.2.2.2.2.2.3.2.3.3",0.382040850507296,FALSE,TRUE,40
"2.2.2.2.2.2.3.2.2.2.2.2.2.2.2.2.2.2.2.3.3.3",0.423127551162261,FALSE,TRUE,41
"2.2.2.2.2.2.3.2.2.2.2.2.2.2.2.2.2.2.2.2.4.3",0.391584193434313,FALSE,TRUE,40
"2.2.2.2.2.2.3.2.2.2.2.2.2.2.2.2.2.2.2.2.3.4",0.442937068471463,FALSE,TRUE,42
"1.2.2.2.2.2.3.2.2.2.2.2.2.2.2.2.2.2.2.2.3.3",0.487088925928524,FALSE,TRUE,40
"2.1.2.2.2.2.3.2.2.2.2.2.2.2.2.2.2.2.2.2.3.3",0.408832158235022,FALSE,TRUE,40
"2.2.1.2.2.2.3.2.2.2.2.2.2.2.2.2.2.2.2.2.3.3",0.463913490493067,FALSE,TRUE,39
"2.2.2.1.2.2.3.2.2.2.2.2.2.2.2.2.2.2.2.2.3.3",0.411510632604853,FALSE,TRUE,39
"2.2.2.2.1.2.3.2.2.2.2.2.2.2.2.2.2.2.2.2.3.3",0.393119910659311,FALSE,TRUE,40
"2.2.2.2.2.1.3.2.2.2.2.2.2.2.2.2.2.2.2.2.3.3",0.435085725256935,FALSE,TRUE,40
"2.2.2.2.2.2.3.1.2.2.2.2.2.2.2.2.2.2.2.2.3.3",0.41878678895942,FALSE,TRUE,40
"2.2.2.2.2.2.3.2.1.2.2.2.2.2.2.2.2.2.2.2.3.3",0.466020591807617,FALSE,TRUE,40
"2.2.2.2.2.2.3.2.2.1.2.2.2.2.2.2.2.2.2.2.3.3",0.440711086396896,FALSE,TRUE,40
"2.2.2.2.2.2.3.2.2.2.1.2.2.2.2.2.2.2.2.2.3.3",0.46553459389533,FALSE,TRUE,39
"2.2.2.2.2.2.3.2.2.2.2.1.2.2.2.2.2.2.2.2.3.3",0.46460155669102,FALSE,TRUE,40
"2.2.2.2.2.2.3.2.2.2.2.2.1.2.2.2.2.2.2.2.3.3",0.393985786131722,FALSE,TRUE,40
"2.2.2.2.2.2.3.2.2.2.2.2.2.1.2.2.2.2.2.2.3.3",0.424856554189855,FALSE,TRUE,40
"2.2.2.2.2.2.3.2.2.2.2.2.2.2.1.2.2.2.2.2.3.3",0.380366694930023,FALSE,TRUE,40
"2.2.2.2.2.2.3.2.2.2.2.2.2.2.2.1.2.2.2.2.3.3",0.41880581420786,FALSE,TRUE,40
"2.2.2.2.2.2.3.2.2.2.2.2.2.2.2.2.1.2.2.2.3.3",0.385476552790331,FALSE,TRUE,40
"2.2.2.2.2.2.3.2.2.2.2.2.2.2.2.2.2.1.2.2.3.3",0.433926283228991,FALSE,TRUE,40
"2.2.2.2.2.2.3.2.2.2.2.2.2.2.2.2.2.2.1.2.3.3",0.432592347753017,FALSE,TRUE,40
"2.2.2.2.2.2.3.2.2.2.2.2.2.2.2.2.2.2.2.1.3.3",0.3913099094076,FALSE,TRUE,40
"2.2.2.2.2.2.3.2.2.2.2.2.2.2.2.2.2.2.2.2.2.3",0.422616984769292,FALSE,TRUE,41
"3.2.2.3.2.2.2.2.1.2.1.2.2.2.2.2.2.2.2.2.3.3",0.477709593730995,FALSE,TRUE,39
"2.3.2.3.2.2.2.2.1.2.1.2.2.2.2.2.2.2.2.2.3.3",0.527266692154399,FALSE,TRUE,39
"2.2.3.3.2.2.2.2.1.2.1.2.2.2.2.2.2.2.2.2.3.3",0.488730176450248,FALSE,TRUE,38
"2.2.2.4.2.2.2.2.1.2.1.2.2.2.2.2.2.2.2.2.3.3",0.520299063336394,FALSE,TRUE,39
"2.2.2.3.3.2.2.2.1.2.1.2.2.2.2.2.2.2.2.2.3.3",0.551565760164273,FALSE,TRUE,38
"2.2.2.3.2.3.2.2.1.2.1.2.2.2.2.2.2.2.2.2.3.3",0.502563487713782,FALSE,TRUE,39
"2.2.2.3.2.2.3.2.1.2.1.2.2.2.2.2.2.2.2.2.3.3",0.506011775917123,FALSE,TRUE,39
"2.2.2.3.2.2.2.3.1.2.1.2.2.2.2.2.2.2.2.2.3.3",0.519936207148753,FALSE,TRUE,39
"2.2.2.3.2.2.2.2.1.3.1.2.2.2.2.2.2.2.2.2.3.3",0.502458335366848,FALSE,TRUE,38
"2.2.2.3.2.2.2.2.1.2.1.3.2.2.2.2.2.2.2.2.3.3",0.486692856200994,FALSE,TRUE,39
"2.2.2.3.2.2.2.2.1.2.1.2.3.2.2.2.2.2.2.2.3.3",0.551940382006776,FALSE,TRUE,39
"2.2.2.3.2.2.2.2.1.2.1.2.2.3.2.2.2.2.2.2.3.3",0.529576455316838,FALSE,TRUE,38
"2.2.2.3.2.2.2.2.1.2.1.2.2.2.3.2.2.2.2.2.3.3",0.554405503560545,FALSE,TRUE,39
"2.2.2.3.2.2.2.2.1.2.1.2.2.2.2.3.2.2.2.2.3.3",0.525584633665414,FALSE,TRUE,38
"2.2.2.3.2.2.2.2.1.2.1.2.2.2.2.2.3.2.2.2.3.3",0.56057982712901,FALSE,TRUE,39
"2.2.2.3.2.2.2.2.1.2.1.2.2.2.2.2.2.3.2.2.3.3",0.52161345146507,FALSE,TRUE,37
"2.2.2.3.2.2.2.2.1.2.1.2.2.2.2.2.2.2.3.2.3.3",0.520688621730108,FALSE,TRUE,38
"2.2.2.3.2.2.2.2.1.2.1.2.2.2.2.2.2.2.2.3.3.3",0.551521045079241,FALSE,TRUE,39
"2.2.2.3.2.2.2.2.1.2.1.2.2.2.2.2.2.2.2.2.4.3",0.532207568283494,FALSE,TRUE,36
"2.2.2.3.2.2.2.2.1.2.1.2.2.2.2.2.2.2.2.2.3.4",0.561730242072066,FALSE,TRUE,38
"1.2.2.3.2.2.2.2.1.2.1.2.2.2.2.2.2.2.2.2.3.3",0.586897637241965,FALSE,TRUE,38
"2.1.2.3.2.2.2.2.1.2.1.2.2.2.2.2.2.2.2.2.3.3",0.530398309250919,FALSE,TRUE,38
"2.2.1.3.2.2.2.2.1.2.1.2.2.2.2.2.2.2.2.2.3.3",0.573307400440556,FALSE,TRUE,37
"2.2.2.2.2.2.2.2.1.2.1.2.2.2.2.2.2.2.2.2.3.3",0.547170362054618,FALSE,TRUE,38
"2.2.2.3.1.2.2.2.1.2.1.2.2.2.2.2.2.2.2.2.3.3",0.515276099891971,FALSE,TRUE,38
"2.2.2.3.2.1.2.2.1.2.1.2.2.2.2.2.2.2.2.2.3.3",0.559852613954046,FALSE,TRUE,38
"2.2.2.3.2.2.1.2.1.2.1.2.2.2.2.2.2.2.2.2.3.3",0.558286639226363,FALSE,TRUE,38
"2.2.2.3.2.2.2.1.1.2.1.2.2.2.2.2.2.2.2.2.3.3",0.54383992242338,FALSE,TRUE,38
"2.2.2.3.2.2.2.2.1.1.1.2.2.2.2.2.2.2.2.2.3.3",0.565112886242929,FALSE,TRUE,38
"2.2.2.3.2.2.2.2.1.2.1.1.2.2.2.2.2.2.2.2.3.3",0.573465089362948,FALSE,TRUE,36
"2.2.2.3.2.2.2.2.1.2.1.2.1.2.2.2.2.2.2.2.3.3",0.517070122457235,FALSE,TRUE,38
"2.2.2.3.2.2.2.2.1.2.1.2.2.1.2.2.2.2.2.2.3.3",0.53800442009181,FALSE,TRUE,38
"2.2.2.3.2.2.2.2.1.2.1.2.2.2.1.2.2.2.2.2.3.3",0.50432278860098,FALSE,TRUE,38
"2.2.2.3.2.2.2.2.1.2.1.2.2.2.2.1.2.2.2.2.3.3",0.541468386171654,FALSE,TRUE,38
"2.2.2.3.2.2.2.2.1.2.1.2.2.2.2.2.1.2.2.2.3.3",0.505952665172187,FALSE,TRUE,38
"2.2.2.3.2.2.2.2.1.2.1.2.2.2.2.2.2.1.2.2.3.3",0.54799391062746,FALSE,TRUE,38
"2.2.2.3.2.2.2.2.1.2.1.2.2.2.2.2.2.2.2.1.3.3",0.513577607336555,FALSE,TRUE,38
"2.2.2.3.2.2.2.2.1.2.1.2.2.2.2.2.2.2.2.2.2.3",0.530196357309542,FALSE,TRUE,39
"2.2.2.3.2.2.2.2.1.2.1.2.2.2.2.2.2.2.2.2.3.2",0.50860292264007,FALSE,TRUE,39
"3.2.1.3.2.2.2.2.2.2.2.2.2.2.2.2.2.2.2.2.3.3",0.419789390061591,FALSE,TRUE,41
"2.3.1.3.2.2.2.2.2.2.2.2.2.2.2.2.2.2.2.2.3.3",0.480245249371444,FALSE,TRUE,41
"2.2.1.4.2.2.2.2.2.2.2.2.2.2.2.2.2.2.2.2.3.3",0.479079525094363,FALSE,TRUE,41
"2.2.1.3.3.2.2.2.2.2.2.2.2.2.2.2.2.2.2.2.3.3",0.507936974355168,FALSE,TRUE,40
"2.2.1.3.2.3.2.2.2.2.2.2.2.2.2.2.2.2.2.2.3.3",0.458151265495897,FALSE,TRUE,41
"2.2.1.3.2.2.3.2.2.2.2.2.2.2.2.2.2.2.2.2.3.3",0.45897469236269,FALSE,TRUE,40
"2.2.1.3.2.2.2.3.2.2.2.2.2.2.2.2.2.2.2.2.3.3",0.472282603834836,FALSE,TRUE,41
"2.2.1.3.2.2.2.2.3.2.2.2.2.2.2.2.2.2.2.2.3.3",0.436190574493912,FALSE,TRUE,40
"2.2.1.3.2.2.2.2.2.3.2.2.2.2.2.2.2.2.2.2.3.3",0.455710382635424,FALSE,TRUE,41
"2.2.1.3.2.2.2.2.2.2.3.2.2.2.2.2.2.2.2.2.3.3",0.426018484940192,FALSE,TRUE,41
"2.2.1.3.2.2.2.2.2.2.2.3.2.2.2.2.2.2.2.2.3.3",0.433399272679019,FALSE,TRUE,40
"2.2.1.3.2.2.2.2.2.2.2.2.3.2.2.2.2.2.2.2.3.3",0.507866974839739,FALSE,TRUE,41
"2.2.1.3.2.2.2.2.2.2.2.2.2.3.2.2.2.2.2.2.3.3",0.476345722046482,FALSE,TRUE,40
"2.2.1.3.2.2.2.2.2.2.2.2.2.2.3.2.2.2.2.2.3.3",0.508722878129711,FALSE,TRUE,41
"2.2.1.3.2.2.2.2.2.2.2.2.2.2.2.3.2.2.2.2.3.3",0.476222754195661,FALSE,TRUE,40
"2.2.1.3.2.2.2.2.2.2.2.2.2.2.2.2.3.2.2.2.3.3",0.505614094466665,FALSE,TRUE,41
"2.2.1.3.2.2.2.2.2.2.2.2.2.2.2.2.2.3.2.2.3.3",0.476948939359978,FALSE,TRUE,41
"2.2.1.3.2.2.2.2.2.2.2.2.2.2.2.2.2.2.3.2.3.3",0.469139412124496,FALSE,TRUE,41
"2.2.1.3.2.2.2.2.2.2.2.2.2.2.2.2.2.2.2.3.3.3",0.498172418615648,FALSE,TRUE,41
"2.2.1.3.2.2.2.2.2.2.2.2.2.2.2.2.2.2.2.2.4.3",0.481242061144088,FALSE,TRUE,37
"2.2.1.3.2.2.2.2.2.2.2.2.2.2.2.2.2.2.2.2.3.4",0.512278587817025,FALSE,TRUE,41
"1.2.1.3.2.2.2.2.2.2.2.2.2.2.2.2.2.2.2.2.3.3",0.551446673199907,FALSE,TRUE,40
"2.1.1.3.2.2.2.2.2.2.2.2.2.2.2.2.2.2.2.2.3.3",0.483087594262961,FALSE,TRUE,40
"2.2.1.3.1.2.2.2.2.2.2.2.2.2.2.2.2.2.2.2.3.3",0.464987804528718,FALSE,TRUE,40
"2.2.1.3.2.1.2.2.2.2.2.2.2.2.2.2.2.2.2.2.3.3",0.509356251309751,FALSE,TRUE,40
"2.2.1.3.2.2.1.2.2.2.2.2.2.2.2.2.2.2.2.2.3.3",0.510332834870931,FALSE,TRUE,40
"2.2.1.3.2.2.2.1.2.2.2.2.2.2.2.2.2.2.2.2.3.3",0.496707844748355,FALSE,TRUE,40
"2.2.1.3.2.2.2.2.1.2.2.2.2.2.2.2.2.2.2.2.3.3",0.534051527729092,FALSE,TRUE,38
"2.2.1.3.2.2.2.2.2.1.2.2.2.2.2.2.2.2.2.2.3.3",0.516671952645294,FALSE,TRUE,40
"2.2.1.3.2.2.2.2.2.2.2.1.2.2.2.2.2.2.2.2.3.3",0.534129900377951,FALSE,TRUE,40
"2.2.1.3.2.2.2.2.2.2.2.2.1.2.2.2.2.2.2.2.3.3",0.466535525913501,FALSE,TRUE,40
"2.2.1.3.2.2.2.2.2.2.2.2.2.1.2.2.2.2.2.2.3.3",0.496219361696365,FALSE,TRUE,40
"2.2.1.3.2.2.2.2.2.2.2.2.2.2.1.2.2.2.2.2.3.3",0.45511264525202,FALSE,TRUE,40
"2.2.1.3.2.2.2.2.2.2.2.2.2.2.2.1.2.2.2.2.3.3",0.497558028425433,FALSE,TRUE,40
"2.2.1.3.2.2.2.2.2.2.2.2.2.2.2.2.1.2.2.2.3.3",0.464252063088505,FALSE,TRUE,40
"2.2.1.3.2.2.2.2.2.2.2.2.2.2.2.2.2.1.2.2.3.3",0.498308345491614,FALSE,TRUE,40
"2.2.1.3.2.2.2.2.2.2.2.2.2.2.2.2.2.2.1.2.3.3",0.49994398568871,FALSE,TRUE,40
"2.2.1.3.2.2.2.2.2.2.2.2.2.2.2.2.2.2.2.1.3.3",0.470146482528406,FALSE,TRUE,40
"2.2.1.3.2.2.2.2.2.2.2.2.2.2.2.2.2.2.2.2.2.3",0.487075797204956,FALSE,TRUE,41
"2.2.1.3.2.2.2.2.2.2.2.2.2.2.2.2.2.2.2.2.3.2",0.462442305100224,FALSE,TRUE,39
"3.2.2.3.2.2.2.2.2.2.2.2.2.2.2.2.2.2.2.2.4.3",0.36682687517549,FALSE,TRUE,38
"2.3.2.3.2.2.2.2.2.2.2.2.2.2.2.2.2.2.2.2.4.3",0.421723237783643,FALSE,TRUE,38
"2.2.3.3.2.2.2.2.2.2.2.2.2.2.2.2.2.2.2.2.4.3",0.365692088128583,FALSE,TRUE,38
"2.2.2.4.2.2.2.2.2.2.2.2.2.2.2.2.2.2.2.2.4.3",0.4256633783502,FALSE,TRUE,38
"2.2.2.3.3.2.2.2.2.2.2.2.2.2.2.2.2.2.2.2.4.3",0.44253550664791,FALSE,TRUE,37
"2.2.2.3.2.3.2.2.2.2.2.2.2.2.2.2.2.2.2.2.4.3",0.408967831405084,FALSE,TRUE,38
"2.2.2.3.2.2.3.2.2.2.2.2.2.2.2.2.2.2.2.2.4.3",0.394530601110038,FALSE,TRUE,37
"2.2.2.3.2.2.2.3.2.2.2.2.2.2.2.2.2.2.2.2.4.3",0.414446997247123,FALSE,TRUE,38
"2.2.2.3.2.2.2.2.2.3.2.2.2.2.2.2.2.2.2.2.4.3",0.404294518466707,FALSE,TRUE,38
"2.2.2.3.2.2.2.2.2.2.3.2.2.2.2.2.2.2.2.2.4.3",0.361423649546199,FALSE,TRUE,38
"2.2.2.3.2.2.2.2.2.2.2.3.2.2.2.2.2.2.2.2.4.3",0.368872532981329,FALSE,TRUE,37
"2.2.2.3.2.2.2.2.2.2.2.2.3.2.2.2.2.2.2.2.4.3",0.439779320333617,FALSE,TRUE,38
"2.2.2.3.2.2.2.2.2.2.2.2.2.2.3.2.2.2.2.2.4.3",0.457386539746684,FALSE,TRUE,37
"2.2.2.3.2.2.2.2.2.2.2.2.2.2.2.3.2.2.2.2.4.3",0.413814702821498,FALSE,TRUE,37
"2.2.2.3.2.2.2.2.2.2.2.2.2.2.2.2.3.2.2.2.4.3",0.435561994932169,FALSE,TRUE,38
"2.2.2.3.2.2.2.2.2.2.2.2.2.2.2.2.2.3.2.2.4.3",0.408019799143662,FALSE,TRUE,38
"2.2.2.3.2.2.2.2.2.2.2.2.2.2.2.2.2.2.3.2.4.3",0.403319972584402,FALSE,TRUE,38
"2.2.2.3.2.2.2.2.2.2.2.2.2.2.2.2.2.2.2.3.4.3",0.432215071094752,FALSE,TRUE,38
"2.2.2.3.2.2.2.2.2.2.2.2.2.2.2.2.2.2.2.2.5.3",0.410470243479587,FALSE,TRUE,39
"2.2.2.3.2.2.2.2.2.2.2.2.2.2.2.2.2.2.2.2.4.4",0.450944162042489,FALSE,TRUE,39
"1.2.2.3.2.2.2.2.2.2.2.2.2.2.2.2.2.2.2.2.4.3",0.482392616211915,FALSE,TRUE,37
"2.1.2.3.2.2.2.2.2.2.2.2.2.2.2.2.2.2.2.2.4.3",0.417377875964135,FALSE,TRUE,37
"2.2.2.3.1.2.2.2.2.2.2.2.2.2.2.2.2.2.2.2.4.3",0.406064280409546,FALSE,TRUE,37
"2.2.2.3.2.1.2.2.2.2.2.2.2.2.2.2.2.2.2.2.4.3",0.436131448875658,FALSE,TRUE,37
"2.2.2.3.2.2.1.2.2.2.2.2.2.2.2.2.2.2.2.2.4.3",0.451515953219452,FALSE,TRUE,37
"2.2.2.3.2.2.2.1.2.2.2.2.2.2.2.2.2.2.2.2.4.3",0.430647687439652,FALSE,TRUE,37
"2.2.2.3.2.2.2.2.2.1.2.2.2.2.2.2.2.2.2.2.4.3",0.445513375503014,FALSE,TRUE,37
"2.2.2.3.2.2.2.2.2.2.2.1.2.2.2.2.2.2.2.2.4.3",0.474835210287383,FALSE,TRUE,37
"2.2.2.3.2.2.2.2.2.2.2.2.1.2.2.2.2.2.2.2.4.3",0.411230996550559,FALSE,TRUE,37
"2.2.2.3.2.2.2.2.2.2.2.2.2.1.2.2.2.2.2.2.4.3",0.436571136547835,FALSE,TRUE,38
"2.2.2.3.2.2.2.2.2.2.2.2.2.2.1.2.2.2.2.2.4.3",0.383331013807913,FALSE,TRUE,37
"2.2.2.3.2.2.2.2.2.2.2.2.2.2.2.1.2.2.2.2.4.3",0.436628548417325,FALSE,TRUE,37
"2.2.2.3.2.2.2.2.2.2.2.2.2.2.2.2.1.2.2.2.4.3",0.411408347837648,FALSE,TRUE,37
"2.2.2.3.2.2.2.2.2.2.2.2.2.2.2.2.2.1.2.2.4.3",0.444383004800986,FALSE,TRUE,37
"2.2.2.3.2.2.2.2.2.2.2.2.2.2.2.2.2.2.1.2.4.3",0.441760417585507,FALSE,TRUE,37
"2.2.2.3.2.2.2.2.2.2.2.2.2.2.2.2.2.2.2.1.4.3",0.413696957748291,FALSE,TRUE,37
"3.2.2.2.2.2.2.2.1.2.2.2.2.2.2.2.2.2.2.2.2.2",0.405366212615664,FALSE,TRUE,40
"2.3.2.2.2.2.2.2.1.2.2.2.2.2.2.2.2.2.2.2.2.2",0.459978271574045,FALSE,TRUE,40
"2.2.3.2.2.2.2.2.1.2.2.2.2.2.2.2.2.2.2.2.2.2",0.42674795848775,FALSE,TRUE,40
"2.2.2.3.2.2.2.2.1.2.2.2.2.2.2.2.2.2.2.2.2.2",0.465040219228007,FALSE,TRUE,40
"2.2.2.2.3.2.2.2.1.2.2.2.2.2.2.2.2.2.2.2.2.2",0.493286847744529,FALSE,TRUE,40
"2.2.2.2.2.3.2.2.1.2.2.2.2.2.2.2.2.2.2.2.2.2",0.436047664650522,FALSE,TRUE,40
"2.2.2.2.2.2.3.2.1.2.2.2.2.2.2.2.2.2.2.2.2.2",0.441662116655566,FALSE,TRUE,40
"2.2.2.2.2.2.2.3.1.2.2.2.2.2.2.2.2.2.2.2.2.2",0.455590902427075,FALSE,TRUE,40
"2.2.2.2.2.2.2.2.1.3.2.2.2.2.2.2.2.2.2.2.2.2",0.43942434527863,FALSE,TRUE,40
"2.2.2.2.2.2.2.2.1.2.2.3.2.2.2.2.2.2.2.2.2.2",0.413285042125446,FALSE,TRUE,40
"2.2.2.2.2.2.2.2.1.2.2.2.3.2.2.2.2.2.2.2.2.2",0.492697570149065,FALSE,TRUE,40
"2.2.2.2.2.2.2.2.1.2.2.2.2.3.2.2.2.2.2.2.2.2",0.463542832065864,FALSE,TRUE,40
"2.2.2.2.2.2.2.2.1.2.2.2.2.2.3.2.2.2.2.2.2.2",0.494766059967869,FALSE,TRUE,38
"2.2.2.2.2.2.2.2.1.2.2.2.2.2.2.3.2.2.2.2.2.2",0.463790990122503,FALSE,TRUE,40
"2.2.2.2.2.2.2.2.1.2.2.2.2.2.2.2.3.2.2.2.2.2",0.495226810516979,FALSE,TRUE,39
"2.2.2.2.2.2.2.2.1.2.2.2.2.2.2.2.2.3.2.2.2.2",0.46396819475943,FALSE,TRUE,40
"2.2.2.2.2.2.2.2.1.2.2.2.2.2.2.2.2.2.3.2.2.2",0.449726019463099,FALSE,TRUE,40
"2.2.2.2.2.2.2.2.1.2.2.2.2.2.2.2.2.2.2.3.2.2",0.495256405691022,FALSE,TRUE,40
"2.2.2.2.2.2.2.2.1.2.2.2.2.2.2.2.2.2.2.2.2.3",0.50127337716988,FALSE,TRUE,39
"1.2.2.2.2.2.2.2.1.2.2.2.2.2.2.2.2.2.2.2.2.2",0.54160906988539,FALSE,TRUE,39
"2.1.2.2.2.2.2.2.1.2.2.2.2.2.2.2.2.2.2.2.2.2",0.478209111290938,FALSE,TRUE,39
"2.2.1.2.2.2.2.2.1.2.2.2.2.2.2.2.2.2.2.2.2.2",0.516415042637037,FALSE,TRUE,39
"2.2.2.1.2.2.2.2.1.2.2.2.2.2.2.2.2.2.2.2.2.2",0.483908585669783,FALSE,TRUE,39
"2.2.2.2.1.2.2.2.1.2.2.2.2.2.2.2.2.2.2.2.2.2",0.455028517200038,FALSE,TRUE,39
"2.2.2.2.2.1.2.2.1.2.2.2.2.2.2.2.2.2.2.2.2.2",0.508142752617589,FALSE,TRUE,39
"2.2.2.2.2.2.2.1.1.2.2.2.2.2.2.2.2.2.2.2.2.2",0.48978534606367,FALSE,TRUE,39
"2.2.2.2.2.2.2.2.1.1.2.2.2.2.2.2.2.2.2.2.2.2",0.509360151915622,FALSE,TRUE,39
"2.2.2.2.2.2.2.2.1.2.1.2.2.2.2.2.2.2.2.2.2.2",0.517815523080728,FALSE,TRUE,39
"2.2.2.2.2.2.2.2.1.2.2.1.2.2.2.2.2.2.2.2.2.2",0.530511147474239,FALSE,TRUE,39
"2.2.2.2.2.2.2.2.1.2.2.2.1.2.2.2.2.2.2.2.2.2",0.457657683541012,FALSE,TRUE,39
"2.2.2.2.2.2.2.2.1.2.2.2.2.1.2.2.2.2.2.2.2.2",0.485097843455677,FALSE,TRUE,39
"2.2.2.2.2.2.2.2.1.2.2.2.2.2.1.2.2.2.2.2.2.2",0.445410995855834,FALSE,TRUE,39
"2.2.2.2.2.2.2.2.1.2.2.2.2.2.2.1.2.2.2.2.2.2",0.486038252018118,FALSE,TRUE,39
"2.2.2.2.2.2.2.2.1.2.2.2.2.2.2.2.1.2.2.2.2.2",0.451395843906899,FALSE,TRUE,39
"2.2.2.2.2.2.2.2.1.2.2.2.2.2.2.2.2.1.2.2.2.2",0.487358142785084,FALSE,TRUE,39
"2.2.2.2.2.2.2.2.1.2.2.2.2.2.2.2.2.2.1.2.2.2",0.495448587466538,FALSE,TRUE,37
"2.2.2.2.2.2.2.2.1.2.2.2.2.2.2.2.2.2.2.1.2.2",0.45046245971213,FALSE,TRUE,39
"2.2.2.2.2.2.2.2.1.2.2.2.2.2.2.2.2.2.2.2.1.2",0.47292871468722,FALSE,TRUE,39
"2.2.2.2.2.2.2.2.1.2.2.2.2.2.2.2.2.2.2.2.2.1",0.450157245337032,FALSE,TRUE,39
"3.2.2.3.2.2.2.2.1.2.1.2.2.2.2.2.2.2.1.2.3.3",0.490650980161203,FALSE,TRUE,38
"2.3.2.3.2.2.2.2.1.2.1.2.2.2.2.2.2.2.1.2.3.3",0.538197407171508,FALSE,TRUE,38
"2.2.3.3.2.2.2.2.1.2.1.2.2.2.2.2.2.2.1.2.3.3",0.496943038632657,FALSE,TRUE,37
"2.2.2.4.2.2.2.2.1.2.1.2.2.2.2.2.2.2.1.2.3.3",0.521753065938069,FALSE,TRUE,38
"2.2.2.3.3.2.2.2.1.2.1.2.2.2.2.2.2.2.1.2.3.3",0.554154591263804,FALSE,TRUE,37
"2.2.2.3.2.3.2.2.1.2.1.2.2.2.2.2.2.2.1.2.3.3",0.517679140458263,FALSE,TRUE,38
"2.2.2.3.2.2.3.2.1.2.1.2.2.2.2.2.2.2.1.2.3.3",0.515112711309076,FALSE,TRUE,38
"2.2.2.3.2.2.2.3.1.2.1.2.2.2.2.2.2.2.1.2.3.3",0.526128886149293,FALSE,TRUE,38
"2.2.2.3.2.2.2.2.1.3.1.2.2.2.2.2.2.2.1.2.3.3",0.512331121984077,FALSE,TRUE,38
"2.2.2.3.2.2.2.2.1.2.2.2.2.2.2.2.2.2.1.2.3.3",0.500374415139857,FALSE,TRUE,37
"2.2.2.3.2.2.2.2.1.2.1.3.2.2.2.2.2.2.1.2.3.3",0.504438506004874,FALSE,TRUE,39
"2.2.2.3.2.2.2.2.1.2.1.2.3.2.2.2.2.2.1.2.3.3",0.558741933094966,FALSE,TRUE,38
"2.2.2.3.2.2.2.2.1.2.1.2.2.3.2.2.2.2.1.2.3.3",0.538449318452872,FALSE,TRUE,38
"2.2.2.3.2.2.2.2.1.2.1.2.2.2.3.2.2.2.1.2.3.3",0.556389450583135,FALSE,TRUE,38
"2.2.2.3.2.2.2.2.1.2.1.2.2.2.2.3.2.2.1.2.3.3",0.532151680776454,FALSE,TRUE,38
"2.2.2.3.2.2.2.2.1.2.1.2.2.2.2.2.3.2.1.2.3.3",0.570860340150158,FALSE,TRUE,38
"2.2.2.3.2.2.2.2.1.2.1.2.2.2.2.2.2.3.1.2.3.3",0.525738525244646,FALSE,TRUE,38
"2.2.2.3.2.2.2.2.1.2.1.2.2.2.2.2.2.2.1.3.3.3",0.553009927233516,FALSE,TRUE,38
"2.2.2.3.2.2.2.2.1.2.1.2.2.2.2.2.2.2.1.2.4.3",0.535686730815652,FALSE,TRUE,37
"2.2.2.3.2.2.2.2.1.2.1.2.2.2.2.2.2.2.1.2.3.4",0.56292552076018,FALSE,TRUE,38
"1.2.2.3.2.2.2.2.1.2.1.2.2.2.2.2.2.2.1.2.3.3",0.58537650035394,FALSE,TRUE,37
"2.1.2.3.2.2.2.2.1.2.1.2.2.2.2.2.2.2.1.2.3.3",0.531269067274725,FALSE,TRUE,37
"2.2.1.3.2.2.2.2.1.2.1.2.2.2.2.2.2.2.1.2.3.3",0.575788054263048,FALSE,TRUE,37
"2.2.2.2.2.2.2.2.1.2.1.2.2.2.2.2.2.2.1.2.3.3",0.556694627978523,FALSE,TRUE,37
"2.2.2.3.1.2.2.2.1.2.1.2.2.2.2.2.2.2.1.2.3.3",0.523649551126496,FALSE,TRUE,37
"2.2.2.3.2.1.2.2.1.2.1.2.2.2.2.2.2.2.1.2.3.3",0.555154285863076,FALSE,TRUE,37
"2.2.2.3.2.2.1.2.1.2.1.2.2.2.2.2.2.2.1.2.3.3",0.559820785880364,FALSE,TRUE,37
"2.2.2.3.2.2.2.1.1.2.1.2.2.2.2.2.2.2.1.2.3.3",0.548275957364378,FALSE,TRUE,37
"2.2.2.3.2.2.2.2.1.1.1.2.2.2.2.2.2.2.1.2.3.3",0.566190116052272,FALSE,TRUE,37
"2.2.2.3.2.2.2.2.1.2.1.2.1.2.2.2.2.2.1.2.3.3",0.521232557116801,FALSE,TRUE,37
"2.2.2.3.2.2.2.2.1.2.1.2.2.1.2.2.2.2.1.2.3.3",0.540113638149353,FALSE,TRUE,37
"2.2.2.3.2.2.2.2.1.2.1.2.2.2.1.2.2.2.1.2.3.3",0.51325324378966,FALSE,TRUE,37
"2.2.2.3.2.2.2.2.1.2.1.2.2.2.2.1.2.2.1.2.3.3",0.545452990085201,FALSE,TRUE,37
"2.2.2.3.2.2.2.2.1.2.1.2.2.2.2.2.1.2.1.2.3.3",0.506583217849983,FALSE,TRUE,37
"2.2.2.3.2.2.2.2.1.2.1.2.2.2.2.2.2.1.1.2.3.3",0.554551497691494,FALSE,TRUE,37
"2.2.2.3.2.2.2.2.1.2.1.2.2.2.2.2.2.2.1.1.3.3",0.522715640523603,FALSE,TRUE,37
"2.2.2.3.2.2.2.2.1.2.1.2.2.2.2.2.2.2.1.2.2.3",0.537667252578052,FALSE,TRUE,38
"2.2.2.3.2.2.2.2.1.2.1.2.2.2.2.2.2.2.1.2.3.2",0.517951554144412,FALSE,TRUE,38
"3.2.2.2.2.2.2.2.2.2.3.2.2.2.2.1.2.2.1.2.2.2",0.345270969839247,FALSE,TRUE,39
"2.3.2.2.2.2.2.2.2.2.3.2.2.2.2.1.2.2.1.2.2.2",0.38993715573864,FALSE,TRUE,38
"2.2.3.2.2.2.2.2.2.2.3.2.2.2.2.1.2.2.1.2.2.2",0.352920443244893,FALSE,TRUE,38
"2.2.2.3.2.2.2.2.2.2.3.2.2.2.2.1.2.2.1.2.2.2",0.397438910236857,FALSE,TRUE,38
"2.2.2.2.3.2.2.2.2.2.3.2.2.2.2.1.2.2.1.2.2.2",0.429166340975473,FALSE,TRUE,38
"2.2.2.2.2.3.2.2.2.2.3.2.2.2.2.1.2.2.1.2.2.2",0.385116137684869,FALSE,TRUE,38
"2.2.2.2.2.2.3.2.2.2.3.2.2.2.2.1.2.2.1.2.2.2",0.375361812723547,FALSE,TRUE,38
"2.2.2.2.2.2.2.3.2.2.3.2.2.2.2.1.2.2.1.2.2.2",0.382840359148208,FALSE,TRUE,38
"2.2.2.2.2.2.2.2.3.2.3.2.2.2.2.1.2.2.1.2.2.2",0.355754854725066,FALSE,TRUE,38
"2.2.2.2.2.2.2.2.2.3.3.2.2.2.2.1.2.2.1.2.2.2",0.379258968048566,FALSE,TRUE,38
"2.2.2.2.2.2.2.2.2.2.4.2.2.2.2.1.2.2.1.2.2.2",0.34239621640743,FALSE,TRUE,38
"2.2.2.2.2.2.2.2.2.2.3.3.2.2.2.1.2.2.1.2.2.2",0.348788964337236,FALSE,TRUE,38
"2.2.2.2.2.2.2.2.2.2.3.2.3.2.2.1.2.2.1.2.2.2",0.412696350704345,FALSE,TRUE,38
"2.2.2.2.2.2.2.2.2.2.3.2.2.2.3.1.2.2.1.2.2.2",0.440701085714893,FALSE,TRUE,37
"2.2.2.2.2.2.2.2.2.2.3.2.2.2.2.1.3.2.1.2.2.2",0.407524528822987,FALSE,TRUE,38
"2.2.2.2.2.2.2.2.2.2.3.2.2.2.2.1.2.3.1.2.2.2",0.397549217765888,FALSE,TRUE,38
"2.2.2.2.2.2.2.2.2.2.3.2.2.2.2.1.2.2.1.3.2.2",0.403299554696009,FALSE,TRUE,38
"2.2.2.2.2.2.2.2.2.2.3.2.2.2.2.1.2.2.1.2.3.2",0.396490626764342,FALSE,TRUE,36
"2.2.2.2.2.2.2.2.2.2.3.2.2.2.2.1.2.2.1.2.2.3",0.41548891755685,FALSE,TRUE,38
"2.1.2.2.2.2.2.2.2.2.3.2.2.2.2.1.2.2.1.2.2.2",0.410369720290271,FALSE,TRUE,37
"2.2.1.2.2.2.2.2.2.2.3.2.2.2.2.1.2.2.1.2.2.2",0.453267890556882,FALSE,TRUE,37
"2.2.2.1.2.2.2.2.2.2.3.2.2.2.2.1.2.2.1.2.2.2",0.411382453014548,FALSE,TRUE,37
"2.2.2.2.1.2.2.2.2.2.3.2.2.2.2.1.2.2.1.2.2.2",0.379331942409876,FALSE,TRUE,37
"2.2.2.2.2.1.2.2.2.2.3.2.2.2.2.1.2.2.1.2.2.2",0.419809561739257,FALSE,TRUE,37
"2.2.2.2.2.2.1.2.2.2.3.2.2.2.2.1.2.2.1.2.2.2",0.4304651211373,FALSE,TRUE,37
"2.2.2.2.2.2.2.1.2.2.3.2.2.2.2.1.2.2.1.2.2.2",0.422390627489008,FALSE,TRUE,37
"2.2.2.2.2.2.2.2.1.2.3.2.2.2.2.1.2.2.1.2.2.2",0.454021694531602,FALSE,TRUE,37
"2.2.2.2.2.2.2.2.2.1.3.2.2.2.2.1.2.2.1.2.2.2",0.430588487120219,FALSE,TRUE,37
"2.2.2.2.2.2.2.2.2.2.2.2.2.2.2.1.2.2.1.2.2.2",0.460761800891492,FALSE,TRUE,36
"2.2.2.2.2.2.2.2.2.2.3.1.2.2.2.1.2.2.1.2.2.2",0.455065135520869,FALSE,TRUE,37
"2.2.2.2.2.2.2.2.2.2.3.2.1.2.2.1.2.2.1.2.2.2",0.398806836791923,FALSE,TRUE,37
"2.2.2.2.2.2.2.2.2.2.3.2.2.1.2.1.2.2.1.2.2.2",0.425941957779472,FALSE,TRUE,38
"2.2.2.2.2.2.2.2.2.2.3.2.2.2.1.1.2.2.1.2.2.2",0.359257955582126,FALSE,TRUE,37
"2.2.2.2.2.2.2.2.2.2.3.2.2.2.2.1.1.2.1.2.2.2",0.398376360206223,FALSE,TRUE,37
"2.2.2.2.2.2.2.2.2.2.3.2.2.2.2.1.2.1.1.2.2.2",0.414839196028098,FALSE,TRUE,37
"2.2.2.2.2.2.2.2.2.2.3.2.2.2.2.1.2.2.1.1.2.2",0.40218759434384,FALSE,TRUE,37
"2.2.2.2.2.2.2.2.2.2.3.2.2.2.2.1.2.2.1.2.1.2",0.4101457386685,FALSE,TRUE,37
"2.2.2.2.2.2.2.2.2.2.3.2.2.2.2.1.2.2.1.2.2.1",0.395407807159213,FALSE,TRUE,37
"1.3.2.2.2.2.2.2.2.2.2.2.2.2.3.2.2.2.2.2.3.2",0.489314405971815,FALSE,TRUE,41
"1.2.3.2.2.2.2.2.2.2.2.2.2.2.3.2.2.2.2.2.3.2",0.44430742630871,FALSE,TRUE,41
"1.2.2.3.2.2.2.2.2.2.2.2.2.2.3.2.2.2.2.2.3.2",0.497082055023664,FALSE,TRUE,41
"1.2.2.2.3.2.2.2.2.2.2.2.2.2.3.2.2.2.2.2.3.2",0.499167873979497,FALSE,TRUE,41
"1.2.2.2.2.3.2.2.2.2.2.2.2.2.3.2.2.2.2.2.3.2",0.473054544926835,FALSE,TRUE,41
"1.2.2.2.2.2.3.2.2.2.2.2.2.2.3.2.2.2.2.2.3.2",0.463879982847176,FALSE,TRUE,40
"1.2.2.2.2.2.2.3.2.2.2.2.2.2.3.2.2.2.2.2.3.2",0.494409053560643,FALSE,TRUE,41
"1.2.2.2.2.2.2.2.3.2.2.2.2.2.3.2.2.2.2.2.3.2",0.442600676341914,FALSE,TRUE,41
"1.2.2.2.2.2.2.2.2.3.2.2.2.2.3.2.2.2.2.2.3.2",0.482662161506084,FALSE,TRUE,41
"1.2.2.2.2.2.2.2.2.2.3.2.2.2.3.2.2.2.2.2.3.2",0.445881353085557,FALSE,TRUE,39
"1.2.2.2.2.2.2.2.2.2.2.3.2.2.3.2.2.2.2.2.3.2",0.441165281263638,FALSE,TRUE,41
"1.2.2.2.2.2.2.2.2.2.2.2.3.2.3.2.2.2.2.2.3.2",0.518279628555921,FALSE,TRUE,41
"1.2.2.2.2.2.2.2.2.2.2.2.2.3.3.2.2.2.2.2.3.2",0.495919120714987,FALSE,TRUE,41
"1.2.2.2.2.2.2.2.2.2.2.2.2.2.4.2.2.2.2.2.3.2",0.506882198152145,FALSE,TRUE,41
"1.2.2.2.2.2.2.2.2.2.2.2.2.2.3.3.2.2.2.2.3.2",0.481139294615193,FALSE,TRUE,41
"1.2.2.2.2.2.2.2.2.2.2.2.2.2.3.2.3.2.2.2.3.2",0.513206289348138,FALSE,TRUE,40
"1.2.2.2.2.2.2.2.2.2.2.2.2.2.3.2.2.3.2.2.3.2",0.475215978385291,FALSE,TRUE,41
"1.2.2.2.2.2.2.2.2.2.2.2.2.2.3.2.2.2.3.2.3.2",0.474449462655951,FALSE,TRUE,41
"1.2.2.2.2.2.2.2.2.2.2.2.2.2.3.2.2.2.2.3.3.2",0.518959902573537,FALSE,TRUE,41
"1.2.2.2.2.2.2.2.2.2.2.2.2.2.3.2.2.2.2.2.4.2",0.472837411186145,FALSE,TRUE,41
"1.2.2.2.2.2.2.2.2.2.2.2.2.2.3.2.2.2.2.2.3.3",0.529744220445877,FALSE,TRUE,40
"1.1.2.2.2.2.2.2.2.2.2.2.2.2.3.2.2.2.2.2.3.2",0.488639468052708,FALSE,TRUE,40
"1.2.1.2.2.2.2.2.2.2.2.2.2.2.3.2.2.2.2.2.3.2",0.541241239441798,FALSE,TRUE,40
"1.2.2.1.2.2.2.2.2.2.2.2.2.2.3.2.2.2.2.2.3.2",0.493172167988766,FALSE,TRUE,40
"1.2.2.2.1.2.2.2.2.2.2.2.2.2.3.2.2.2.2.2.3.2",0.490121200686892,FALSE,TRUE,40
"1.2.2.2.2.1.2.2.2.2.2.2.2.2.3.2.2.2.2.2.3.2",0.5120870523595,FALSE,TRUE,40
"1.2.2.2.2.2.1.2.2.2.2.2.2.2.3.2.2.2.2.2.3.2",0.523737682051521,FALSE,TRUE,40
"1.2.2.2.2.2.2.1.2.2.2.2.2.2.3.2.2.2.2.2.3.2",0.492826178831041,FALSE,TRUE,40
"1.2.2.2.2.2.2.2.1.2.2.2.2.2.3.2.2.2.2.2.3.2",0.545984663379101,FALSE,TRUE,40
"1.2.2.2.2.2.2.2.2.1.2.2.2.2.3.2.2.2.2.2.3.2",0.508312910228431,FALSE,TRUE,40
"1.2.2.2.2.2.2.2.2.2.1.2.2.2.3.2.2.2.2.2.3.2",0.534609277470173,FALSE,TRUE,40
"1.2.2.2.2.2.2.2.2.2.2.1.2.2.3.2.2.2.2.2.3.2",0.543777250482227,FALSE,TRUE,40
"1.2.2.2.2.2.2.2.2.2.2.2.1.2.3.2.2.2.2.2.3.2",0.473692174969379,FALSE,TRUE,40
"1.2.2.2.2.2.2.2.2.2.2.2.2.1.3.2.2.2.2.2.3.2",0.494575648532112,FALSE,TRUE,40
"1.2.2.2.2.2.2.2.2.2.2.2.2.2.3.1.2.2.2.2.3.2",0.510996259984348,FALSE,TRUE,40
"1.2.2.2.2.2.2.2.2.2.2.2.2.2.3.2.1.2.2.2.3.2",0.473328684728715,FALSE,TRUE,40
"1.2.2.2.2.2.2.2.2.2.2.2.2.2.3.2.2.1.2.2.3.2",0.518162278398643,FALSE,TRUE,40
"1.2.2.2.2.2.2.2.2.2.2.2.2.2.3.2.2.2.1.2.3.2",0.511199738388087,FALSE,TRUE,39
"1.2.2.2.2.2.2.2.2.2.2.2.2.2.3.2.2.2.2.1.3.2",0.466858482459678,FALSE,TRUE,40
"1.2.2.2.2.2.2.2.2.2.2.2.2.2.3.2.2.2.2.2.2.2",0.513789932280391,FALSE,TRUE,39
"1.2.2.2.2.2.2.2.2.2.2.2.2.2.3.2.2.2.2.2.3.1",0.462999611846314,FALSE,TRUE,40
"3.2.2.3.2.2.2.2.1.2.1.1.2.2.2.2.2.2.1.2.3.3",0.526470465940019,FALSE,TRUE,36
"2.3.2.3.2.2.2.2.1.2.1.1.2.2.2.2.2.2.1.2.3.3",0.568654828199878,FALSE,TRUE,36
"2.2.2.4.2.2.2.2.1.2.1.1.2.2.2.2.2.2.1.2.3.3",0.540853051776119,FALSE,TRUE,36
"2.2.2.3.3.2.2.2.1.2.1.1.2.2.2.2.2.2.1.2.3.3",0.576987791715379,FALSE,TRUE,36
"2.2.2.3.2.3.2.2.1.2.1.1.2.2.2.2.2.2.1.2.3.3",0.551813334402834,FALSE,TRUE,36
"2.2.2.3.2.2.3.2.1.2.1.1.2.2.2.2.2.2.1.2.3.3",0.541361418753267,FALSE,TRUE,36
"2.2.2.3.2.2.2.3.1.2.1.1.2.2.2.2.2.2.1.2.3.3",0.551484014460609,FALSE,TRUE,36
"2.2.2.3.2.2.2.2.2.2.1.1.2.2.2.2.2.2.1.2.3.3",0.531194713134538,FALSE,TRUE,36
"2.2.2.3.2.2.2.2.1.3.1.1.2.2.2.2.2.2.1.2.3.3",0.54196276725657,FALSE,TRUE,36
"2.2.2.3.2.2.2.2.1.2.2.1.2.2.2.2.2.2.1.2.3.3",0.533579184264366,FALSE,TRUE,37
"2.2.2.3.2.2.2.2.1.2.1.1.3.2.2.2.2.2.1.2.3.3",0.579748698373452,FALSE,TRUE,36
"2.2.2.3.2.2.2.2.1.2.1.1.2.3.2.2.2.2.1.2.3.3",0.566185158451337,FALSE,TRUE,36
"2.2.2.3.2.2.2.2.1.2.1.1.2.2.3.2.2.2.1.2.3.3",0.578289834298131,FALSE,TRUE,36
"2.2.2.3.2.2.2.2.1.2.1.1.2.2.2.3.2.2.1.2.3.3",0.557925048755146,FALSE,TRUE,36
"2.2.2.3.2.2.2.2.1.2.1.1.2.2.2.2.3.2.1.2.3.3",0.59604964011054,FALSE,TRUE,36
"2.2.2.3.2.2.2.2.1.2.1.1.2.2.2.2.2.3.1.2.3.3",0.547907899128925,FALSE,TRUE,36
"2.2.2.3.2.2.2.2.1.2.1.1.2.2.2.2.2.2.1.3.3.3",0.568850836478364,FALSE,TRUE,36
"2.2.2.3.2.2.2.2.1.2.1.1.2.2.2.2.2.2.1.2.4.3",0.558126819840431,FALSE,TRUE,36
"1.2.2.3.2.2.2.2.1.2.1.1.2.2.2.2.2.2.1.2.3.3",0.596109985897766,FALSE,TRUE,35
"2.1.2.3.2.2.2.2.1.2.1.1.2.2.2.2.2.2.1.2.3.3",0.549295643014429,FALSE,TRUE,35
"2.2.1.3.2.2.2.2.1.2.1.1.2.2.2.2.2.2.1.2.3.3",0.595714201113016,FALSE,TRUE,36
"2.2.2.2.2.2.2.2.1.2.1.1.2.2.2.2.2.2.1.2.3.3",0.58499822953019,FALSE,TRUE,36
"2.2.2.3.1.2.2.2.1.2.1.1.2.2.2.2.2.2.1.2.3.3",0.548376189183238,FALSE,TRUE,35
"2.2.2.3.2.1.2.2.1.2.1.1.2.2.2.2.2.2.1.2.3.3",0.567813807627584,FALSE,TRUE,35
"2.2.2.3.2.2.1.2.1.2.1.1.2.2.2.2.2.2.1.2.3.3",0.580763123293882,FALSE,TRUE,35
"2.2.2.3.2.2.2.1.1.2.1.1.2.2.2.2.2.2.1.2.3.3",0.57017289263493,FALSE,TRUE,35
"2.2.2.3.2.2.2.2.1.1.1.1.2.2.2.2.2.2.1.2.3.3",0.583459067731211,FALSE,TRUE,35
"2.2.2.3.2.2.2.2.1.2.1.1.1.2.2.2.2.2.1.2.3.3",0.547380636912749,FALSE,TRUE,35
"2.2.2.3.2.2.2.2.1.2.1.1.2.1.2.2.2.2.1.2.3.3",0.559706787892356,FALSE,TRUE,35
"2.2.2.3.2.2.2.2.1.2.1.1.2.2.1.2.2.2.1.2.3.3",0.538636757202908,FALSE,TRUE,35
"2.2.2.3.2.2.2.2.1.2.1.1.2.2.2.1.2.2.1.2.3.3",0.566144149600123,FALSE,TRUE,35
"2.2.2.3.2.2.2.2.1.2.1.1.2.2.2.2.1.2.1.2.3.3",0.528685195467118,FALSE,TRUE,35
"2.2.2.3.2.2.2.2.1.2.1.1.2.2.2.2.2.1.1.2.3.3",0.579236818937784,FALSE,TRUE,35
"2.2.2.3.2.2.2.2.1.2.1.1.2.2.2.2.2.2.1.1.3.3",0.553655977964203,FALSE,TRUE,35
"2.2.2.3.2.2.2.2.1.2.1.1.2.2.2.2.2.2.1.2.2.3",0.562405286442802,FALSE,TRUE,36
"2.2.2.3.2.2.2.2.1.2.1.1.2.2.2.2.2.2.1.2.3.2",0.54643941850518,FALSE,TRUE,37
"3.2.2.3.3.2.2.2.2.2.1.2.2.2.2.2.2.2.2.2.3.3",0.453144057989181,FALSE,TRUE,40
"2.3.2.3.3.2.2.2.2.2.1.2.2.2.2.2.2.2.2.2.3.3",0.503292871429902,FALSE,TRUE,40
"2.2.3.3.3.2.2.2.2.2.1.2.2.2.2.2.2.2.2.2.3.3",0.455572198982579,FALSE,TRUE,40
"2.2.2.4.3.2.2.2.2.2.1.2.2.2.2.2.2.2.2.2.3.3",0.501164893418403,FALSE,TRUE,40
"2.2.2.3.4.2.2.2.2.2.1.2.2.2.2.2.2.2.2.2.3.3",0.521391141723269,FALSE,TRUE,41
"2.2.2.3.3.3.2.2.2.2.1.2.2.2.2.2.2.2.2.2.3.3",0.482602258098172,FALSE,TRUE,40
"2.2.2.3.3.2.3.2.2.2.1.2.2.2.2.2.2.2.2.2.3.3",0.47604029845803,FALSE,TRUE,40
"2.2.2.3.3.2.2.3.2.2.1.2.2.2.2.2.2.2.2.2.3.3",0.496531653987904,FALSE,TRUE,40
"2.2.2.3.3.2.2.2.3.2.1.2.2.2.2.2.2.2.2.2.3.3",0.457501747971491,FALSE,TRUE,40
"2.2.2.3.3.2.2.2.2.2.1.3.2.2.2.2.2.2.2.2.3.3",0.454931365995407,FALSE,TRUE,40
"2.2.2.3.3.2.2.2.2.2.1.2.3.2.2.2.2.2.2.2.3.3",0.525484226251699,FALSE,TRUE,40
"2.2.2.3.3.2.2.2.2.2.1.2.2.3.2.2.2.2.2.2.3.3",0.503515319617833,FALSE,TRUE,39
"2.2.2.3.3.2.2.2.2.2.1.2.2.2.3.2.2.2.2.2.3.3",0.526238349344373,FALSE,TRUE,40
"2.2.2.3.3.2.2.2.2.2.1.2.2.2.2.3.2.2.2.2.3.3",0.493702200373844,FALSE,TRUE,39
"2.2.2.3.3.2.2.2.2.2.1.2.2.2.2.2.3.2.2.2.3.3",0.529074001304263,FALSE,TRUE,40
"2.2.2.3.3.2.2.2.2.2.1.2.2.2.2.2.2.3.2.2.3.3",0.489893454357682,FALSE,TRUE,40
"2.2.2.3.3.2.2.2.2.2.1.2.2.2.2.2.2.2.3.2.3.3",0.490622484491719,FALSE,TRUE,39
"2.2.2.3.3.2.2.2.2.2.1.2.2.2.2.2.2.2.2.3.3.3",0.525737128642226,FALSE,TRUE,40
"2.2.2.3.3.2.2.2.2.2.1.2.2.2.2.2.2.2.2.2.4.3",0.494045887827711,FALSE,TRUE,39
"2.2.2.3.3.2.2.2.2.2.1.2.2.2.2.2.2.2.2.2.3.4",0.537247228106238,FALSE,TRUE,40
"1.2.2.3.3.2.2.2.2.2.1.2.2.2.2.2.2.2.2.2.3.3",0.557091174050891,FALSE,TRUE,39
"2.1.2.3.3.2.2.2.2.2.1.2.2.2.2.2.2.2.2.2.3.3",0.49799899301058,FALSE,TRUE,39
"2.2.1.3.3.2.2.2.2.2.1.2.2.2.2.2.2.2.2.2.3.3",0.552442041761091,FALSE,TRUE,38
"2.2.2.2.3.2.2.2.2.2.1.2.2.2.2.2.2.2.2.2.3.3",0.51082228341378,FALSE,TRUE,39
"2.2.2.3.3.1.2.2.2.2.1.2.2.2.2.2.2.2.2.2.3.3",0.5248201225179,FALSE,TRUE,39
"2.2.2.3.3.2.1.2.2.2.1.2.2.2.2.2.2.2.2.2.3.3",0.532967395957827,FALSE,TRUE,39
"2.2.2.3.3.2.2.1.2.2.1.2.2.2.2.2.2.2.2.2.3.3",0.51182163204091,FALSE,TRUE,39
"2.2.2.3.3.2.2.2.2.1.1.2.2.2.2.2.2.2.2.2.3.3",0.528872179043322,FALSE,TRUE,40
"2.2.2.3.3.2.2.2.2.2.1.1.2.2.2.2.2.2.2.2.3.3",0.550486512172934,FALSE,TRUE,39
"2.2.2.3.3.2.2.2.2.2.1.2.1.2.2.2.2.2.2.2.3.3",0.488163743896378,FALSE,TRUE,39
"2.2.2.3.3.2.2.2.2.2.1.2.2.1.2.2.2.2.2.2.3.3",0.508746400130132,FALSE,TRUE,39
"2.2.2.3.3.2.2.2.2.2.1.2.2.2.1.2.2.2.2.2.3.3",0.477349484748426,FALSE,TRUE,39
"2.2.2.3.3.2.2.2.2.2.1.2.2.2.2.1.2.2.2.2.3.3",0.518637303891956,FALSE,TRUE,39
"2.2.2.3.3.2.2.2.2.2.1.2.2.2.2.2.1.2.2.2.3.3",0.481834622590684,FALSE,TRUE,39
"2.2.2.3.3.2.2.2.2.2.1.2.2.2.2.2.2.1.2.2.3.3",0.524792646307439,FALSE,TRUE,39
"2.2.2.3.3.2.2.2.2.2.1.2.2.2.2.2.2.2.1.2.3.3",0.516583611496382,FALSE,TRUE,38
"2.2.2.3.3.2.2.2.2.2.1.2.2.2.2.2.2.2.2.1.3.3",0.484058259220784,FALSE,TRUE,39
"2.2.2.3.3.2.2.2.2.2.1.2.2.2.2.2.2.2.2.2.2.3",0.513608915727204,FALSE,TRUE,40
"2.2.2.3.3.2.2.2.2.2.1.2.2.2.2.2.2.2.2.2.3.2",0.477985830490845,FALSE,TRUE,40
"3.2.2.3.2.2.2.2.2.2.2.2.2.3.2.2.2.2.2.2.3.3",0.347119160987417,FALSE,TRUE,41
"2.3.2.3.2.2.2.2.2.2.2.2.2.3.2.2.2.2.2.2.3.3",0.408692371247211,FALSE,TRUE,41
"2.2.3.3.2.2.2.2.2.2.2.2.2.3.2.2.2.2.2.2.3.3",0.361656492401041,FALSE,TRUE,41
"2.2.2.4.2.2.2.2.2.2.2.2.2.3.2.2.2.2.2.2.3.3",0.416971797039272,FALSE,TRUE,41
"2.2.2.3.3.2.2.2.2.2.2.2.2.3.2.2.2.2.2.2.3.3",0.445209023048149,FALSE,TRUE,40
"2.2.2.3.2.3.2.2.2.2.2.2.2.3.2.2.2.2.2.2.3.3",0.392131939690589,FALSE,TRUE,41
"2.2.2.3.2.2.3.2.2.2.2.2.2.3.2.2.2.2.2.2.3.3",0.39034364045864,FALSE,TRUE,40
"2.2.2.3.2.2.2.3.2.2.2.2.2.3.2.2.2.2.2.2.3.3",0.401090651218313,FALSE,TRUE,41
"2.2.2.3.2.2.2.2.3.2.2.2.2.3.2.2.2.2.2.2.3.3",0.365109091264808,FALSE,TRUE,41
"2.2.2.3.2.2.2.2.2.3.2.2.2.3.2.2.2.2.2.2.3.3",0.385533547856777,FALSE,TRUE,41
"2.2.2.3.2.2.2.2.2.2.3.2.2.3.2.2.2.2.2.2.3.3",0.349924137550878,FALSE,TRUE,41
"2.2.2.3.2.2.2.2.2.2.2.3.2.3.2.2.2.2.2.2.3.3",0.3606089780668,FALSE,TRUE,40
"2.2.2.3.2.2.2.2.2.2.2.2.3.3.2.2.2.2.2.2.3.3",0.434750674676936,FALSE,TRUE,41
"2.2.2.3.2.2.2.2.2.2.2.2.2.4.2.2.2.2.2.2.3.3",0.407058464785644,FALSE,TRUE,42
"2.2.2.3.2.2.2.2.2.2.2.2.2.3.3.2.2.2.2.2.3.3",0.454591012106455,FALSE,TRUE,41
"2.2.2.3.2.2.2.2.2.2.2.2.2.3.2.3.2.2.2.2.3.3",0.417034033614303,FALSE,TRUE,40
"2.2.2.3.2.2.2.2.2.2.2.2.2.3.2.2.3.2.2.2.3.3",0.432878603205683,FALSE,TRUE,41
"2.2.2.3.2.2.2.2.2.2.2.2.2.3.2.2.2.3.2.2.3.3",0.406665586916017,FALSE,TRUE,41
"2.2.2.3.2.2.2.2.2.2.2.2.2.3.2.2.2.2.3.2.3.3",0.397138416116389,FALSE,TRUE,41
"2.2.2.3.2.2.2.2.2.2.2.2.2.3.2.2.2.2.2.3.3.3",0.428477010914883,FALSE,TRUE,41
"2.2.2.3.2.2.2.2.2.2.2.2.2.3.2.2.2.2.2.2.3.4",0.445374665133367,FALSE,TRUE,41
"1.2.2.3.2.2.2.2.2.2.2.2.2.3.2.2.2.2.2.2.3.3",0.494737046063251,FALSE,TRUE,40
"2.1.2.3.2.2.2.2.2.2.2.2.2.3.2.2.2.2.2.2.3.3",0.425213575564349,FALSE,TRUE,40
"2.2.2.3.1.2.2.2.2.2.2.2.2.3.2.2.2.2.2.2.3.3",0.397225517468048,FALSE,TRUE,40
"2.2.2.3.2.1.2.2.2.2.2.2.2.3.2.2.2.2.2.2.3.3",0.446018262442413,FALSE,TRUE,40
"2.2.2.3.2.2.1.2.2.2.2.2.2.3.2.2.2.2.2.2.3.3",0.449215102591015,FALSE,TRUE,40
"2.2.2.3.2.2.2.1.2.2.2.2.2.3.2.2.2.2.2.2.3.3",0.437895119666778,FALSE,TRUE,40
"2.2.2.3.2.2.2.2.1.2.2.2.2.3.2.2.2.2.2.2.3.3",0.475708067374135,FALSE,TRUE,39
"2.2.2.3.2.2.2.2.2.1.2.2.2.3.2.2.2.2.2.2.3.3",0.457104830248893,FALSE,TRUE,40
"2.2.2.3.2.2.2.2.2.2.2.1.2.3.2.2.2.2.2.2.3.3",0.476757411149712,FALSE,TRUE,40
"2.2.2.3.2.2.2.2.2.2.2.2.1.3.2.2.2.2.2.2.3.3",0.40967766015231,FALSE,TRUE,40
"2.2.2.3.2.2.2.2.2.2.2.2.2.3.1.2.2.2.2.2.3.3",0.379754662374676,FALSE,TRUE,40
"2.2.2.3.2.2.2.2.2.2.2.2.2.3.2.1.2.2.2.2.3.3",0.426607290672934,FALSE,TRUE,40
"2.2.2.3.2.2.2.2.2.2.2.2.2.3.2.2.1.2.2.2.3.3",0.40780771333697,FALSE,TRUE,40
"2.2.2.3.2.2.2.2.2.2.2.2.2.3.2.2.2.1.2.2.3.3",0.43852420237514,FALSE,TRUE,40
"2.2.2.3.2.2.2.2.2.2.2.2.2.3.2.2.2.2.1.2.3.3",0.441748450310773,FALSE,TRUE,40
"2.2.2.3.2.2.2.2.2.2.2.2.2.3.2.2.2.2.2.1.3.3",0.410850236355909,FALSE,TRUE,40
"2.2.2.3.2.2.2.2.2.2.2.2.2.3.2.2.2.2.2.2.2.3",0.426372970520043,FALSE,TRUE,42
"2.2.2.3.2.2.2.2.2.2.2.2.2.3.2.2.2.2.2.2.3.2",0.399291175745095,FALSE,TRUE,40
"3.2.2.3.2.2.2.2.2.2.2.2.2.2.2.2.2.2.3.2.3.3",0.341198636371149,FALSE,TRUE,42
"2.3.2.3.2.2.2.2.2.2.2.2.2.2.2.2.2.2.3.2.3.3",0.399725278936508,FALSE,TRUE,42
"2.2.3.3.2.2.2.2.2.2.2.2.2.2.2.2.2.2.3.2.3.3",0.352749399676907,FALSE,TRUE,42
"2.2.2.4.2.2.2.2.2.2.2.2.2.2.2.2.2.2.3.2.3.3",0.410715225381553,FALSE,TRUE,42
"2.2.2.3.3.2.2.2.2.2.2.2.2.2.2.2.2.2.3.2.3.3",0.43529826367443,FALSE,TRUE,41
"2.2.2.3.2.3.2.2.2.2.2.2.2.2.2.2.2.2.3.2.3.3",0.379048736125389,FALSE,TRUE,42
"2.2.2.3.2.2.3.2.2.2.2.2.2.2.2.2.2.2.3.2.3.3",0.381805054954386,FALSE,TRUE,41
"2.2.2.3.2.2.2.3.2.2.2.2.2.2.2.2.2.2.3.2.3.3",0.397406185825741,FALSE,TRUE,42
"2.2.2.3.2.2.2.2.3.2.2.2.2.2.2.2.2.2.3.2.3.3",0.354904710732429,FALSE,TRUE,41
"2.2.2.3.2.2.2.2.2.3.2.2.2.2.2.2.2.2.3.2.3.3",0.377752529192575,FALSE,TRUE,42
"2.2.2.3.2.2.2.2.2.2.3.2.2.2.2.2.2.2.3.2.3.3",0.345648542112556,FALSE,TRUE,42
"2.2.2.3.2.2.2.2.2.2.2.3.2.2.2.2.2.2.3.2.3.3",0.347580509431192,FALSE,TRUE,41
"2.2.2.3.2.2.2.2.2.2.2.2.3.2.2.2.2.2.3.2.3.3",0.4279125465184,FALSE,TRUE,42
"2.2.2.3.2.2.2.2.2.2.2.2.2.2.3.2.2.2.3.2.3.3",0.446703918740953,FALSE,TRUE,42
"2.2.2.3.2.2.2.2.2.2.2.2.2.2.2.3.2.2.3.2.3.3",0.406768900737795,FALSE,TRUE,41
"2.2.2.3.2.2.2.2.2.2.2.2.2.2.2.2.3.2.3.2.3.3",0.424104716922562,FALSE,TRUE,42
"2.2.2.3.2.2.2.2.2.2.2.2.2.2.2.2.2.3.3.2.3.3",0.398485135832091,FALSE,TRUE,42
"2.2.2.3.2.2.2.2.2.2.2.2.2.2.2.2.2.2.4.2.3.3",0.387788137861683,FALSE,TRUE,43
"2.2.2.3.2.2.2.2.2.2.2.2.2.2.2.2.2.2.3.3.3.3",0.427101891691725,FALSE,TRUE,42
"2.2.2.3.2.2.2.2.2.2.2.2.2.2.2.2.2.2.3.2.3.4",0.442756863840698,FALSE,TRUE,42
"1.2.2.3.2.2.2.2.2.2.2.2.2.2.2.2.2.2.3.2.3.3",0.483501509646729,FALSE,TRUE,41
"2.1.2.3.2.2.2.2.2.2.2.2.2.2.2.2.2.2.3.2.3.3",0.415459914399015,FALSE,TRUE,41
"2.2.2.3.1.2.2.2.2.2.2.2.2.2.2.2.2.2.3.2.3.3",0.390171955310584,FALSE,TRUE,41
"2.2.2.3.2.1.2.2.2.2.2.2.2.2.2.2.2.2.3.2.3.3",0.443013186752184,FALSE,TRUE,41
"2.2.2.3.2.2.1.2.2.2.2.2.2.2.2.2.2.2.3.2.3.3",0.440768143450622,FALSE,TRUE,41
"2.2.2.3.2.2.2.1.2.2.2.2.2.2.2.2.2.2.3.2.3.3",0.424483599004501,FALSE,TRUE,41
"2.2.2.3.2.2.2.2.1.2.2.2.2.2.2.2.2.2.3.2.3.3",0.469748740727595,FALSE,TRUE,39
"2.2.2.3.2.2.2.2.2.1.2.2.2.2.2.2.2.2.3.2.3.3",0.448077238339443,FALSE,TRUE,41
"2.2.2.3.2.2.2.2.2.2.2.1.2.2.2.2.2.2.3.2.3.3",0.474829618396439,FALSE,TRUE,41
"2.2.2.3.2.2.2.2.2.2.2.2.1.2.2.2.2.2.3.2.3.3",0.399478748664365,FALSE,TRUE,41
"2.2.2.3.2.2.2.2.2.2.2.2.2.1.2.2.2.2.3.2.3.3",0.428396882866108,FALSE,TRUE,41
"2.2.2.3.2.2.2.2.2.2.2.2.2.2.1.2.2.2.3.2.3.3",0.370733539934907,FALSE,TRUE,41
"2.2.2.3.2.2.2.2.2.2.2.2.2.2.2.1.2.2.3.2.3.3",0.420365762746054,FALSE,TRUE,41
"2.2.2.3.2.2.2.2.2.2.2.2.2.2.2.2.1.2.3.2.3.3",0.399778212404739,FALSE,TRUE,41
"2.2.2.3.2.2.2.2.2.2.2.2.2.2.2.2.2.1.3.2.3.3",0.430539347519439,FALSE,TRUE,41
"2.2.2.3.2.2.2.2.2.2.2.2.2.2.2.2.2.2.3.1.3.3",0.395615971117092,FALSE,TRUE,41
"2.2.2.3.2.2.2.2.2.2.2.2.2.2.2.2.2.2.3.2.2.3",0.41888535926621,FALSE,TRUE,42
"2.2.2.3.2.2.2.2.2.2.2.2.2.2.2.2.2.2.3.2.3.2",0.385803155323928,FALSE,TRUE,40
"3.2.2.1.2.2.2.2.2.2.2.2.2.2.2.2.2.2.2.2.3.3",0.369121581614404,FALSE,TRUE,40
"2.3.2.1.2.2.2.2.2.2.2.2.2.2.2.2.2.2.2.2.3.3",0.43271885386027,FALSE,TRUE,40
"2.2.3.1.2.2.2.2.2.2.2.2.2.2.2.2.2.2.2.2.3.3",0.381563974271038,FALSE,TRUE,40
"2.2.2.1.3.2.2.2.2.2.2.2.2.2.2.2.2.2.2.2.3.3",0.453694183022826,FALSE,TRUE,40
"2.2.2.1.2.3.2.2.2.2.2.2.2.2.2.2.2.2.2.2.3.3",0.415795608286796,FALSE,TRUE,40
"2.2.2.1.2.2.2.3.2.2.2.2.2.2.2.2.2.2.2.2.3.3",0.431118432038479,FALSE,TRUE,40
"2.2.2.1.2.2.2.2.3.2.2.2.2.2.2.2.2.2.2.2.3.3",0.380926434431922,FALSE,TRUE,40
"2.2.2.1.2.2.2.2.2.3.2.2.2.2.2.2.2.2.2.2.3.3",0.414291675882377,FALSE,TRUE,40
"2.2.2.1.2.2.2.2.2.2.3.2.2.2.2.2.2.2.2.2.3.3",0.370998168611596,FALSE,TRUE,39
"2.2.2.1.2.2.2.2.2.2.2.3.2.2.2.2.2.2.2.2.3.3",0.378940883353023,FALSE,TRUE,40
"2.2.2.1.2.2.2.2.2.2.2.2.3.2.2.2.2.2.2.2.3.3",0.461017172913121,FALSE,TRUE,40
"2.2.2.1.2.2.2.2.2.2.2.2.2.3.2.2.2.2.2.2.3.3",0.428016322887903,FALSE,TRUE,40
"2.2.2.1.2.2.2.2.2.2.2.2.2.2.3.2.2.2.2.2.3.3",0.462834473795113,FALSE,TRUE,39
"2.2.2.1.2.2.2.2.2.2.2.2.2.2.2.3.2.2.2.2.3.3",0.433567974358538,FALSE,TRUE,40
"2.2.2.1.2.2.2.2.2.2.2.2.2.2.2.2.3.2.2.2.3.3",0.452934860391651,FALSE,TRUE,39
"2.2.2.1.2.2.2.2.2.2.2.2.2.2.2.2.2.2.3.2.3.3",0.414036993403269,FALSE,TRUE,40
"2.2.2.1.2.2.2.2.2.2.2.2.2.2.2.2.2.2.2.3.3.3",0.45697927312605,FALSE,TRUE,40
"2.2.2.1.2.2.2.2.2.2.2.2.2.2.2.2.2.2.2.2.4.3",0.418875088293839,FALSE,TRUE,40
"2.2.2.1.2.2.2.2.2.2.2.2.2.2.2.2.2.2.2.2.3.4",0.472688139454274,FALSE,TRUE,40
"1.2.2.1.2.2.2.2.2.2.2.2.2.2.2.2.2.2.2.2.3.3",0.513545225335702,FALSE,TRUE,39
"2.1.2.1.2.2.2.2.2.2.2.2.2.2.2.2.2.2.2.2.3.3",0.437903648451592,FALSE,TRUE,39
"2.2.1.1.2.2.2.2.2.2.2.2.2.2.2.2.2.2.2.2.3.3",0.496438709650971,FALSE,TRUE,39
"2.2.2.1.1.2.2.2.2.2.2.2.2.2.2.2.2.2.2.2.3.3",0.428216663539539,FALSE,TRUE,39
"2.2.2.1.2.1.2.2.2.2.2.2.2.2.2.2.2.2.2.2.3.3",0.461434737064421,FALSE,TRUE,39
"2.2.2.1.2.2.1.2.2.2.2.2.2.2.2.2.2.2.2.2.3.3",0.468241353183316,FALSE,TRUE,39
"2.2.2.1.2.2.2.1.2.2.2.2.2.2.2.2.2.2.2.2.3.3",0.447829734218454,FALSE,TRUE,39
"2.2.2.1.2.2.2.2.1.2.2.2.2.2.2.2.2.2.2.2.3.3",0.50071931896346,FALSE,TRUE,39
"2.2.2.1.2.2.2.2.2.1.2.2.2.2.2.2.2.2.2.2.3.3",0.468333724588826,FALSE,TRUE,39
"2.2.2.1.2.2.2.2.2.2.1.2.2.2.2.2.2.2.2.2.3.3",0.50172451847404,FALSE,TRUE,39
"2.2.2.1.2.2.2.2.2.2.2.1.2.2.2.2.2.2.2.2.3.3",0.4989487140769,FALSE,TRUE,39
"2.2.2.1.2.2.2.2.2.2.2.2.1.2.2.2.2.2.2.2.3.3",0.423176181757845,FALSE,TRUE,39
"2.2.2.1.2.2.2.2.2.2.2.2.2.1.2.2.2.2.2.2.3.3",0.454392244983117,FALSE,TRUE,39
"2.2.2.1.2.2.2.2.2.2.2.2.2.2.1.2.2.2.2.2.3.3",0.411101547347765,FALSE,TRUE,39
"2.2.2.1.2.2.2.2.2.2.2.2.2.2.2.1.2.2.2.2.3.3",0.451242069657562,FALSE,TRUE,39
"2.2.2.1.2.2.2.2.2.2.2.2.2.2.2.2.1.2.2.2.3.3",0.42571207883105,FALSE,TRUE,39
"2.2.2.1.2.2.2.2.2.2.2.2.2.2.2.2.2.1.2.2.3.3",0.464264511432151,FALSE,TRUE,40
"2.2.2.1.2.2.2.2.2.2.2.2.2.2.2.2.2.2.1.2.3.3",0.464501891246891,FALSE,TRUE,38
"2.2.2.1.2.2.2.2.2.2.2.2.2.2.2.2.2.2.2.1.3.3",0.420720746854493,FALSE,TRUE,39
"2.2.2.1.2.2.2.2.2.2.2.2.2.2.2.2.2.2.2.2.2.3",0.460076135769488,FALSE,TRUE,39
"3.2.3.3.2.2.2.2.1.2.1.1.2.2.2.2.2.2.1.2.3.3",0.484610084671685,FALSE,TRUE,37
"2.3.3.3.2.2.2.2.1.2.1.1.2.2.2.2.2.2.1.2.3.3",0.525673330465455,FALSE,TRUE,37
"2.2.4.3.2.2.2.2.1.2.1.1.2.2.2.2.2.2.1.2.3.3",0.472215870898191,FALSE,TRUE,38
"2.2.3.4.2.2.2.2.1.2.1.1.2.2.2.2.2.2.1.2.3.3",0.500769192775768,FALSE,TRUE,38
"2.2.3.3.3.2.2.2.1.2.1.1.2.2.2.2.2.2.1.2.3.3",0.534812137020447,FALSE,TRUE,37
"2.2.3.3.2.3.2.2.1.2.1.1.2.2.2.2.2.2.1.2.3.3",0.512930642858354,FALSE,TRUE,37
"2.2.3.3.2.2.3.2.1.2.1.1.2.2.2.2.2.2.1.2.3.3",0.499010050029448,FALSE,TRUE,37
"2.2.3.3.2.2.2.3.1.2.1.1.2.2.2.2.2.2.1.2.3.3",0.509674223546183,FALSE,TRUE,37
"2.2.3.3.2.2.2.2.2.2.1.1.2.2.2.2.2.2.1.2.3.3",0.483234343588463,FALSE,TRUE,38
"2.2.3.3.2.2.2.2.1.3.1.1.2.2.2.2.2.2.1.2.3.3",0.499801556884179,FALSE,TRUE,37
"2.2.3.3.2.2.2.2.1.2.2.1.2.2.2.2.2.2.1.2.3.3",0.486743112837195,FALSE,TRUE,38
"2.2.3.3.2.2.2.2.1.2.1.1.3.2.2.2.2.2.1.2.3.3",0.533329964026795,FALSE,TRUE,37
"2.2.3.3.2.2.2.2.1.2.1.1.2.3.2.2.2.2.1.2.3.3",0.521546119487011,FALSE,TRUE,37
"2.2.3.3.2.2.2.2.1.2.1.1.2.2.3.2.2.2.1.2.3.3",0.544397618389353,FALSE,TRUE,37
"2.2.3.3.2.2.2.2.1.2.1.1.2.2.2.3.2.2.1.2.3.3",0.520363499574968,FALSE,TRUE,37
"2.2.3.3.2.2.2.2.1.2.1.1.2.2.2.2.3.2.1.2.3.3",0.548739726860574,FALSE,TRUE,37
"2.2.3.3.2.2.2.2.1.2.1.1.2.2.2.2.2.3.1.2.3.3",0.50053340461735,FALSE,TRUE,37
"2.2.3.3.2.2.2.2.1.2.1.1.2.2.2.2.2.2.2.2.3.3",0.528849223813683,FALSE,TRUE,37
"2.2.3.3.2.2.2.2.1.2.1.1.2.2.2.2.2.2.1.3.3.3",0.524410703655381,FALSE,TRUE,37
"2.2.3.3.2.2.2.2.1.2.1.1.2.2.2.2.2.2.1.2.4.3",0.509667317228934,FALSE,TRUE,37
"2.2.3.3.2.2.2.2.1.2.1.1.2.2.2.2.2.2.1.2.3.4",0.53942354300365,FALSE,TRUE,37
"1.2.3.3.2.2.2.2.1.2.1.1.2.2.2.2.2.2.1.2.3.3",0.554180532296681,FALSE,TRUE,36
"2.1.3.3.2.2.2.2.1.2.1.1.2.2.2.2.2.2.1.2.3.3",0.507948726111161,FALSE,TRUE,36
"2.2.3.3.1.2.2.2.1.2.1.1.2.2.2.2.2.2.1.2.3.3",0.506039649741411,FALSE,TRUE,36
"2.2.3.3.2.1.2.2.1.2.1.1.2.2.2.2.2.2.1.2.3.3",0.523676469351403,FALSE,TRUE,36
"2.2.3.3.2.2.1.2.1.2.1.1.2.2.2.2.2.2.1.2.3.3",0.538877372477009,FALSE,TRUE,36
"2.2.3.3.2.2.2.1.1.2.1.1.2.2.2.2.2.2.1.2.3.3",0.527571636760908,FALSE,TRUE,36
"2.2.3.3.2.2.2.2.1.1.1.1.2.2.2.2.2.2.1.2.3.3",0.541943435061341,FALSE,TRUE,36
"2.2.3.3.2.2.2.2.1.2.1.1.1.2.2.2.2.2.1.2.3.3",0.50955631994298,FALSE,TRUE,36
"2.2.3.3.2.2.2.2.1.2.1.1.2.1.2.2.2.2.1.2.3.3",0.520150351790388,FALSE,TRUE,36
"2.2.3.3.2.2.2.2.1.2.1.1.2.2.1.2.2.2.1.2.3.3",0.488824208433873,FALSE,TRUE,36
"2.2.3.3.2.2.2.2.1.2.1.1.2.2.2.1.2.2.1.2.3.3",0.519544338137332,FALSE,TRUE,36
"2.2.3.3.2.2.2.2.1.2.1.1.2.2.2.2.1.2.1.2.3.3",0.49263854350522,FALSE,TRUE,36
"2.2.3.3.2.2.2.2.1.2.1.1.2.2.2.2.2.1.1.2.3.3",0.54273810735623,FALSE,TRUE,36
"2.2.3.3.2.2.2.2.1.2.1.1.2.2.2.2.2.2.1.1.3.3",0.515299612900636,FALSE,TRUE,36
"2.2.3.3.2.2.2.2.1.2.1.1.2.2.2.2.2.2.1.2.2.3",0.527401813712911,FALSE,TRUE,37
"2.2.3.3.2.2.2.2.1.2.1.1.2.2.2.2.2.2.1.2.3.2",0.50470805229182,FALSE,TRUE,37
"3.2.2.2.2.2.1.2.1.2.2.2.2.2.2.2.2.2.2.2.2.2",0.443393134575995,FALSE,TRUE,40
"2.3.2.2.2.2.1.2.1.2.2.2.2.2.2.2.2.2.2.2.2.2",0.490238855742212,FALSE,TRUE,40
"2.2.3.2.2.2.1.2.1.2.2.2.2.2.2.2.2.2.2.2.2.2",0.455922172546362,FALSE,TRUE,40
"2.2.2.3.2.2.1.2.1.2.2.2.2.2.2.2.2.2.2.2.2.2",0.491437309106545,FALSE,TRUE,40
"2.2.2.2.3.2.1.2.1.2.2.2.2.2.2.2.2.2.2.2.2.2",0.523048799081164,FALSE,TRUE,40
"2.2.2.2.2.3.1.2.1.2.2.2.2.2.2.2.2.2.2.2.2.2",0.469135477151462,FALSE,TRUE,40
"2.2.2.2.2.2.1.3.1.2.2.2.2.2.2.2.2.2.2.2.2.2",0.485369683684826,FALSE,TRUE,40
"2.2.2.2.2.2.1.2.1.3.2.2.2.2.2.2.2.2.2.2.2.2",0.470143734876288,FALSE,TRUE,40
"2.2.2.2.2.2.1.2.1.2.3.2.2.2.2.2.2.2.2.2.2.2",0.448032206150686,FALSE,TRUE,39
"2.2.2.2.2.2.1.2.1.2.2.3.2.2.2.2.2.2.2.2.2.2",0.442479640628186,FALSE,TRUE,40
"2.2.2.2.2.2.1.2.1.2.2.2.3.2.2.2.2.2.2.2.2.2",0.522313788827133,FALSE,TRUE,40
"2.2.2.2.2.2.1.2.1.2.2.2.2.3.2.2.2.2.2.2.2.2",0.49474940753314,FALSE,TRUE,40
"2.2.2.2.2.2.1.2.1.2.2.2.2.2.3.2.2.2.2.2.2.2",0.529745949431466,FALSE,TRUE,40
"2.2.2.2.2.2.1.2.1.2.2.2.2.2.2.3.2.2.2.2.2.2",0.492359881905652,FALSE,TRUE,40
"2.2.2.2.2.2.1.2.1.2.2.2.2.2.2.2.3.2.2.2.2.2",0.516579912820123,FALSE,TRUE,40
"2.2.2.2.2.2.1.2.1.2.2.2.2.2.2.2.2.3.2.2.2.2",0.497202438708836,FALSE,TRUE,40
"2.2.2.2.2.2.1.2.1.2.2.2.2.2.2.2.2.2.3.2.2.2",0.480998839246429,FALSE,TRUE,40
"2.2.2.2.2.2.1.2.1.2.2.2.2.2.2.2.2.2.2.3.2.2",0.522103459606569,FALSE,TRUE,40
"2.2.2.2.2.2.1.2.1.2.2.2.2.2.2.2.2.2.2.2.3.2",0.499683294988604,FALSE,TRUE,39
"2.2.2.2.2.2.1.2.1.2.2.2.2.2.2.2.2.2.2.2.2.3",0.524595642373576,FALSE,TRUE,40
"1.2.2.2.2.2.1.2.1.2.2.2.2.2.2.2.2.2.2.2.2.2",0.5593437103624,FALSE,TRUE,38
"2.1.2.2.2.2.1.2.1.2.2.2.2.2.2.2.2.2.2.2.2.2",0.504057432745972,FALSE,TRUE,39
"2.2.1.2.2.2.1.2.1.2.2.2.2.2.2.2.2.2.2.2.2.2",0.54358955930972,FALSE,TRUE,39
"2.2.2.1.2.2.1.2.1.2.2.2.2.2.2.2.2.2.2.2.2.2",0.51355775930878,FALSE,TRUE,39
"2.2.2.2.1.2.1.2.1.2.2.2.2.2.2.2.2.2.2.2.2.2",0.48137814001769,FALSE,TRUE,38
"2.2.2.2.2.1.1.2.1.2.2.2.2.2.2.2.2.2.2.2.2.2",0.531001461386043,FALSE,TRUE,39
"2.2.2.2.2.2.1.1.1.2.2.2.2.2.2.2.2.2.2.2.2.2",0.515740450419578,FALSE,TRUE,39
"2.2.2.2.2.2.1.2.1.1.2.2.2.2.2.2.2.2.2.2.2.2",0.534814131871796,FALSE,TRUE,39
"2.2.2.2.2.2.1.2.1.2.1.2.2.2.2.2.2.2.2.2.2.2",0.54591747877444,FALSE,TRUE,39
"2.2.2.2.2.2.1.2.1.2.2.1.2.2.2.2.2.2.2.2.2.2",0.556852064543115,FALSE,TRUE,39
"2.2.2.2.2.2.1.2.1.2.2.2.1.2.2.2.2.2.2.2.2.2",0.484114445585657,FALSE,TRUE,39
"2.2.2.2.2.2.1.2.1.2.2.2.2.1.2.2.2.2.2.2.2.2",0.510124469235795,FALSE,TRUE,39
"2.2.2.2.2.2.1.2.1.2.2.2.2.2.1.2.2.2.2.2.2.2",0.46608146076327,FALSE,TRUE,39
"2.2.2.2.2.2.1.2.1.2.2.2.2.2.2.1.2.2.2.2.2.2",0.512958932338652,FALSE,TRUE,39
"2.2.2.2.2.2.1.2.1.2.2.2.2.2.2.2.1.2.2.2.2.2",0.48618478569737,FALSE,TRUE,39
"2.2.2.2.2.2.1.2.1.2.2.2.2.2.2.2.2.1.2.2.2.2",0.510422759696698,FALSE,TRUE,39
"2.2.2.2.2.2.1.2.1.2.2.2.2.2.2.2.2.2.1.2.2.2",0.520096706178334,FALSE,TRUE,39
"2.2.2.2.2.2.1.2.1.2.2.2.2.2.2.2.2.2.2.1.2.2",0.479418784478325,FALSE,TRUE,39
"2.2.2.2.2.2.1.2.1.2.2.2.2.2.2.2.2.2.2.2.1.2",0.499836333364095,FALSE,TRUE,39
"2.2.2.2.2.2.1.2.1.2.2.2.2.2.2.2.2.2.2.2.2.1",0.483019978417514,FALSE,TRUE,39
"3.2.2.3.2.2.2.2.2.2.2.2.2.2.2.3.2.2.2.2.3.3",0.35565125806509,FALSE,TRUE,41
"2.3.2.3.2.2.2.2.2.2.2.2.2.2.2.3.2.2.2.2.3.3",0.423291269375176,FALSE,TRUE,41
"2.2.3.3.2.2.2.2.2.2.2.2.2.2.2.3.2.2.2.2.3.3",0.373157167997772,FALSE,TRUE,41
"2.2.2.4.2.2.2.2.2.2.2.2.2.2.2.3.2.2.2.2.3.3",0.422741967451218,FALSE,TRUE,41
"2.2.2.3.3.2.2.2.2.2.2.2.2.2.2.3.2.2.2.2.3.3",0.445116641543653,FALSE,TRUE,39
"2.2.2.3.2.3.2.2.2.2.2.2.2.2.2.3.2.2.2.2.3.3",0.399991149896512,FALSE,TRUE,41
"2.2.2.3.2.2.3.2.2.2.2.2.2.2.2.3.2.2.2.2.3.3",0.398189192941275,FALSE,TRUE,40
"2.2.2.3.2.2.2.3.2.2.2.2.2.2.2.3.2.2.2.2.3.3",0.417827077185312,FALSE,TRUE,41
"2.2.2.3.2.2.2.2.3.2.2.2.2.2.2.3.2.2.2.2.3.3",0.371068523716133,FALSE,TRUE,40
"2.2.2.3.2.2.2.2.2.3.2.2.2.2.2.3.2.2.2.2.3.3",0.39646865903865,FALSE,TRUE,39
"2.2.2.3.2.2.2.2.2.2.3.2.2.2.2.3.2.2.2.2.3.3",0.364796041858799,FALSE,TRUE,41
"2.2.2.3.2.2.2.2.2.2.2.2.3.2.2.3.2.2.2.2.3.3",0.452034000555181,FALSE,TRUE,41
"2.2.2.3.2.2.2.2.2.2.2.2.2.2.3.3.2.2.2.2.3.3",0.452423440730273,FALSE,TRUE,41
"2.2.2.3.2.2.2.2.2.2.2.2.2.2.2.4.2.2.2.2.3.3",0.418566503650769,FALSE,TRUE,42
"2.2.2.3.2.2.2.2.2.2.2.2.2.2.2.3.3.2.2.2.3.3",0.453845354505725,FALSE,TRUE,41
"2.2.2.3.2.2.2.2.2.2.2.2.2.2.2.3.2.3.2.2.3.3",0.411584073428723,FALSE,TRUE,41
"2.2.2.3.2.2.2.2.2.2.2.2.2.2.2.3.2.2.2.3.3.3",0.444884950501901,FALSE,TRUE,41
"2.2.2.3.2.2.2.2.2.2.2.2.2.2.2.3.2.2.2.2.3.4",0.459871289041632,FALSE,TRUE,41
"1.2.2.3.2.2.2.2.2.2.2.2.2.2.2.3.2.2.2.2.3.3",0.497969894234507,FALSE,TRUE,40
"2.1.2.3.2.2.2.2.2.2.2.2.2.2.2.3.2.2.2.2.3.3",0.421643814425682,FALSE,TRUE,40
"2.2.2.3.1.2.2.2.2.2.2.2.2.2.2.3.2.2.2.2.3.3",0.410016914435823,FALSE,TRUE,40
"2.2.2.3.2.1.2.2.2.2.2.2.2.2.2.3.2.2.2.2.3.3",0.450532555116582,FALSE,TRUE,40
"2.2.2.3.2.2.1.2.2.2.2.2.2.2.2.3.2.2.2.2.3.3",0.453224846217442,FALSE,TRUE,40
"2.2.2.3.2.2.2.1.2.2.2.2.2.2.2.3.2.2.2.2.3.3",0.433027568118406,FALSE,TRUE,40
"2.2.2.3.2.2.2.2.1.2.2.2.2.2.2.3.2.2.2.2.3.3",0.48151933780701,FALSE,TRUE,38
"2.2.2.3.2.2.2.2.2.1.2.2.2.2.2.3.2.2.2.2.3.3",0.458151783155382,FALSE,TRUE,40
"2.2.2.3.2.2.2.2.2.2.2.1.2.2.2.3.2.2.2.2.3.3",0.479367953140018,FALSE,TRUE,41
"2.2.2.3.2.2.2.2.2.2.2.2.1.2.2.3.2.2.2.2.3.3",0.404018097973415,FALSE,TRUE,40
"2.2.2.3.2.2.2.2.2.2.2.2.2.1.2.3.2.2.2.2.3.3",0.437101985633961,FALSE,TRUE,40
"2.2.2.3.2.2.2.2.2.2.2.2.2.2.1.3.2.2.2.2.3.3",0.394981922200577,FALSE,TRUE,40
"2.2.2.3.2.2.2.2.2.2.2.2.2.2.2.3.1.2.2.2.3.3",0.399314417112565,FALSE,TRUE,40
"2.2.2.3.2.2.2.2.2.2.2.2.2.2.2.3.2.1.2.2.3.3",0.445841292192042,FALSE,TRUE,40
"2.2.2.3.2.2.2.2.2.2.2.2.2.2.2.3.2.2.1.2.3.3",0.445174758863977,FALSE,TRUE,40
"2.2.2.3.2.2.2.2.2.2.2.2.2.2.2.3.2.2.2.1.3.3",0.406606746905384,FALSE,TRUE,40
"2.2.2.3.2.2.2.2.2.2.2.2.2.2.2.3.2.2.2.2.2.3",0.436581796265817,FALSE,TRUE,41
"2.2.2.3.2.2.2.2.2.2.2.2.2.2.2.3.2.2.2.2.3.2",0.39720479357221,FALSE,TRUE,39
"3.2.2.3.2.2.2.2.1.2.2.2.2.2.2.2.2.2.2.2.4.3",0.424326857611869,FALSE,TRUE,39
"2.3.2.3.2.2.2.2.1.2.2.2.2.2.2.2.2.2.2.2.4.3",0.474664158476223,FALSE,TRUE,39
"2.2.3.3.2.2.2.2.1.2.2.2.2.2.2.2.2.2.2.2.4.3",0.425447057229247,FALSE,TRUE,39
"2.2.2.4.2.2.2.2.1.2.2.2.2.2.2.2.2.2.2.2.4.3",0.479230627550609,FALSE,TRUE,39
"2.2.2.3.3.2.2.2.1.2.2.2.2.2.2.2.2.2.2.2.4.3",0.497470001107037,FALSE,TRUE,39
"2.2.2.3.2.3.2.2.1.2.2.2.2.2.2.2.2.2.2.2.4.3",0.463532260363891,FALSE,TRUE,39
"2.2.2.3.2.2.3.2.1.2.2.2.2.2.2.2.2.2.2.2.4.3",0.453006141427217,FALSE,TRUE,39
"2.2.2.3.2.2.2.3.1.2.2.2.2.2.2.2.2.2.2.2.4.3",0.466573196717856,FALSE,TRUE,39
"2.2.2.3.2.2.2.2.1.3.2.2.2.2.2.2.2.2.2.2.4.3",0.458966333719219,FALSE,TRUE,39
"2.2.2.3.2.2.2.2.1.2.3.2.2.2.2.2.2.2.2.2.4.3",0.421830960072264,FALSE,TRUE,39
"2.2.2.3.2.2.2.2.1.2.2.3.2.2.2.2.2.2.2.2.4.3",0.42796114275747,FALSE,TRUE,39
"2.2.2.3.2.2.2.2.1.2.2.2.3.2.2.2.2.2.2.2.4.3",0.49703981672574,FALSE,TRUE,39
"2.2.2.3.2.2.2.2.1.2.2.2.2.3.2.2.2.2.2.2.4.3",0.471800334862061,FALSE,TRUE,37
"2.2.2.3.2.2.2.2.1.2.2.2.2.2.3.2.2.2.2.2.4.3",0.508125429156766,FALSE,TRUE,39
"2.2.2.3.2.2.2.2.1.2.2.2.2.2.2.3.2.2.2.2.4.3",0.47320325094589,FALSE,TRUE,38
"2.2.2.3.2.2.2.2.1.2.2.2.2.2.2.2.3.2.2.2.4.3",0.493842713105703,FALSE,TRUE,39
"2.2.2.3.2.2.2.2.1.2.2.2.2.2.2.2.2.2.2.3.4.3",0.491787980411354,FALSE,TRUE,39
"2.2.2.3.2.2.2.2.1.2.2.2.2.2.2.2.2.2.2.2.5.3",0.471600524141098,FALSE,TRUE,39
"2.2.2.3.2.2.2.2.1.2.2.2.2.2.2.2.2.2.2.2.4.4",0.505724462532037,FALSE,TRUE,39
"1.2.2.3.2.2.2.2.1.2.2.2.2.2.2.2.2.2.2.2.4.3",0.537825127908132,FALSE,TRUE,38
"2.1.2.3.2.2.2.2.1.2.2.2.2.2.2.2.2.2.2.2.4.3",0.478611375879791,FALSE,TRUE,38
"2.2.1.3.2.2.2.2.1.2.2.2.2.2.2.2.2.2.2.2.4.3",0.534168770229484,FALSE,TRUE,37
"2.2.2.2.2.2.2.2.1.2.2.2.2.2.2.2.2.2.2.2.4.3",0.48375192974042,FALSE,TRUE,38
"2.2.2.3.1.2.2.2.1.2.2.2.2.2.2.2.2.2.2.2.4.3",0.465151604859311,FALSE,TRUE,38
"2.2.2.3.2.1.2.2.1.2.2.2.2.2.2.2.2.2.2.2.4.3",0.495017580734894,FALSE,TRUE,38
"2.2.2.3.2.2.1.2.1.2.2.2.2.2.2.2.2.2.2.2.4.3",0.507339348442157,FALSE,TRUE,38
"2.2.2.3.2.2.2.1.1.2.2.2.2.2.2.2.2.2.2.2.4.3",0.493027064151964,FALSE,TRUE,38
"2.2.2.3.2.2.2.2.1.1.2.2.2.2.2.2.2.2.2.2.4.3",0.504730365448663,FALSE,TRUE,38
"2.2.2.3.2.2.2.2.1.2.2.1.2.2.2.2.2.2.2.2.4.3",0.528428887238919,FALSE,TRUE,38
"2.2.2.3.2.2.2.2.1.2.2.2.1.2.2.2.2.2.2.2.4.3",0.468023069145757,FALSE,TRUE,38
"2.2.2.3.2.2.2.2.1.2.2.2.2.1.2.2.2.2.2.2.4.3",0.491746163214082,FALSE,TRUE,38
"2.2.2.3.2.2.2.2.1.2.2.2.2.2.1.2.2.2.2.2.4.3",0.446358627734721,FALSE,TRUE,38
"2.2.2.3.2.2.2.2.1.2.2.2.2.2.2.1.2.2.2.2.4.3",0.490780625525072,FALSE,TRUE,37
"2.2.2.3.2.2.2.2.1.2.2.2.2.2.2.2.1.2.2.2.4.3",0.467106496441067,FALSE,TRUE,38
"2.2.2.3.2.2.2.2.1.2.2.2.2.2.2.2.2.1.2.2.4.3",0.500180776933942,FALSE,TRUE,39
"2.2.2.3.2.2.2.2.1.2.2.2.2.2.2.2.2.2.1.2.4.3",0.492797708466123,FALSE,TRUE,37
"2.2.2.3.2.2.2.2.1.2.2.2.2.2.2.2.2.2.2.1.4.3",0.4682404425714,FALSE,TRUE,38
"2.2.2.3.2.2.2.2.1.2.2.2.2.2.2.2.2.2.2.2.4.2",0.459939847712773,FALSE,TRUE,39
"3.2.2.1.2.2.2.2.2.2.2.2.2.2.2.2.2.3.2.2.3.3",0.354840204385793,FALSE,TRUE,41
"2.3.2.1.2.2.2.2.2.2.2.2.2.2.2.2.2.3.2.2.3.3",0.413235251270642,FALSE,TRUE,41
"2.2.3.1.2.2.2.2.2.2.2.2.2.2.2.2.2.3.2.2.3.3",0.358491798903934,FALSE,TRUE,41
"2.2.2.1.3.2.2.2.2.2.2.2.2.2.2.2.2.3.2.2.3.3",0.431097937833059,FALSE,TRUE,41
"2.2.2.1.2.3.2.2.2.2.2.2.2.2.2.2.2.3.2.2.3.3",0.399995693641792,FALSE,TRUE,41
"2.2.2.1.2.2.3.2.2.2.2.2.2.2.2.2.2.3.2.2.3.3",0.385680109816146,FALSE,TRUE,40
"2.2.2.1.2.2.2.3.2.2.2.2.2.2.2.2.2.3.2.2.3.3",0.409745961846604,FALSE,TRUE,41
"2.2.2.1.2.2.2.2.3.2.2.2.2.2.2.2.2.3.2.2.3.3",0.359862996374989,FALSE,TRUE,41
"2.2.2.1.2.2.2.2.2.3.2.2.2.2.2.2.2.3.2.2.3.3",0.39964791423821,FALSE,TRUE,41
"2.2.2.1.2.2.2.2.2.2.3.2.2.2.2.2.2.3.2.2.3.3",0.354223121296671,FALSE,TRUE,41
"2.2.2.1.2.2.2.2.2.2.2.3.2.2.2.2.2.3.2.2.3.3",0.358475783023947,FALSE,TRUE,41
"2.2.2.1.2.2.2.2.2.2.2.2.3.2.2.2.2.3.2.2.3.3",0.43516149721568,FALSE,TRUE,41
"2.2.2.1.2.2.2.2.2.2.2.2.2.3.2.2.2.3.2.2.3.3",0.406990009406737,FALSE,TRUE,41
"2.2.2.1.2.2.2.2.2.2.2.2.2.2.3.2.2.3.2.2.3.3",0.443265970580586,FALSE,TRUE,41
"2.2.2.1.2.2.2.2.2.2.2.2.2.2.2.3.2.3.2.2.3.3",0.41035118134193,FALSE,TRUE,41
"2.2.2.1.2.2.2.2.2.2.2.2.2.2.2.2.3.3.2.2.3.3",0.430012075772904,FALSE,TRUE,41
"2.2.2.1.2.2.2.2.2.2.2.2.2.2.2.2.2.4.2.2.3.3",0.40205434424422,FALSE,TRUE,42
"2.2.2.1.2.2.2.2.2.2.2.2.2.2.2.2.2.3.3.2.3.3",0.392517407608016,FALSE,TRUE,41
"2.2.2.1.2.2.2.2.2.2.2.2.2.2.2.2.2.3.2.3.3.3",0.433876655365686,FALSE,TRUE,41
"2.2.2.1.2.2.2.2.2.2.2.2.2.2.2.2.2.3.2.2.4.3",0.395566039331687,FALSE,TRUE,41
"2.2.2.1.2.2.2.2.2.2.2.2.2.2.2.2.2.3.2.2.3.4",0.45153837112317,FALSE,TRUE,41
"1.2.2.1.2.2.2.2.2.2.2.2.2.2.2.2.2.3.2.2.3.3",0.487013458710602,FALSE,TRUE,40
"2.1.2.1.2.2.2.2.2.2.2.2.2.2.2.2.2.3.2.2.3.3",0.415643791368907,FALSE,TRUE,40
"2.2.1.1.2.2.2.2.2.2.2.2.2.2.2.2.2.3.2.2.3.3",0.479577844090196,FALSE,TRUE,40
"2.2.2.1.1.2.2.2.2.2.2.2.2.2.2.2.2.3.2.2.3.3",0.408677694616264,FALSE,TRUE,40
"2.2.2.1.2.1.2.2.2.2.2.2.2.2.2.2.2.3.2.2.3.3",0.435778812327461,FALSE,TRUE,40
"2.2.2.1.2.2.1.2.2.2.2.2.2.2.2.2.2.3.2.2.3.3",0.452592082245527,FALSE,TRUE,40
"2.2.2.1.2.2.2.1.2.2.2.2.2.2.2.2.2.3.2.2.3.3",0.427483378778209,FALSE,TRUE,40
"2.2.2.1.2.2.2.2.1.2.2.2.2.2.2.2.2.3.2.2.3.3",0.480897025828874,FALSE,TRUE,40
"2.2.2.1.2.2.2.2.2.1.2.2.2.2.2.2.2.3.2.2.3.3",0.441851673027869,FALSE,TRUE,40
"2.2.2.1.2.2.2.2.2.2.1.2.2.2.2.2.2.3.2.2.3.3",0.478281743775582,FALSE,TRUE,40
"2.2.2.1.2.2.2.2.2.2.2.1.2.2.2.2.2.3.2.2.3.3",0.477237430763619,FALSE,TRUE,40
"2.2.2.1.2.2.2.2.2.2.2.2.1.2.2.2.2.3.2.2.3.3",0.407573996731283,FALSE,TRUE,40
"2.2.2.1.2.2.2.2.2.2.2.2.2.1.2.2.2.3.2.2.3.3",0.434059895743139,FALSE,TRUE,40
"2.2.2.1.2.2.2.2.2.2.2.2.2.2.1.2.2.3.2.2.3.3",0.389164108579354,FALSE,TRUE,40
"2.2.2.1.2.2.2.2.2.2.2.2.2.2.2.1.2.3.2.2.3.3",0.432644943034407,FALSE,TRUE,40
"2.2.2.1.2.2.2.2.2.2.2.2.2.2.2.2.1.3.2.2.3.3",0.407428796827845,FALSE,TRUE,40
"2.2.2.1.2.2.2.2.2.2.2.2.2.2.2.2.2.3.1.2.3.3",0.443815303560389,FALSE,TRUE,40
"2.2.2.1.2.2.2.2.2.2.2.2.2.2.2.2.2.3.2.1.3.3",0.40280296707626,FALSE,TRUE,40
"2.2.2.1.2.2.2.2.2.2.2.2.2.2.2.2.2.3.2.2.2.3",0.442351058667757,FALSE,TRUE,41
"2.2.2.1.2.2.2.2.2.2.2.2.2.2.2.2.2.3.2.2.3.2",0.391274839378416,FALSE,TRUE,40
"3.2.2.3.2.2.2.2.2.2.2.2.2.3.2.2.2.2.2.2.4.3",0.345499889840597,FALSE,TRUE,40
"2.3.2.3.2.2.2.2.2.2.2.2.2.3.2.2.2.2.2.2.4.3",0.405385642353364,FALSE,TRUE,40
"2.2.3.3.2.2.2.2.2.2.2.2.2.3.2.2.2.2.2.2.4.3",0.349895632314334,FALSE,TRUE,40
"2.2.2.4.2.2.2.2.2.2.2.2.2.3.2.2.2.2.2.2.4.3",0.413737596002861,FALSE,TRUE,40
"2.2.2.3.3.2.2.2.2.2.2.2.2.3.2.2.2.2.2.2.4.3",0.432799501083387,FALSE,TRUE,40
"2.2.2.3.2.3.2.2.2.2.2.2.2.3.2.2.2.2.2.2.4.3",0.393122625681581,FALSE,TRUE,40
"2.2.2.3.2.2.3.2.2.2.2.2.2.3.2.2.2.2.2.2.4.3",0.379694260892142,FALSE,TRUE,40
"2.2.2.3.2.2.2.3.2.2.2.2.2.3.2.2.2.2.2.2.4.3",0.395572933934379,FALSE,TRUE,40
"2.2.2.3.2.2.2.2.3.2.2.2.2.3.2.2.2.2.2.2.4.3",0.351757060919557,FALSE,TRUE,40
"2.2.2.3.2.2.2.2.2.3.2.2.2.3.2.2.2.2.2.2.4.3",0.386015987846672,FALSE,TRUE,40
"2.2.2.3.2.2.2.2.2.2.3.2.2.3.2.2.2.2.2.2.4.3",0.341540834543344,FALSE,TRUE,40
"2.2.2.3.2.2.2.2.2.2.2.3.2.3.2.2.2.2.2.2.4.3",0.352436273984118,FALSE,TRUE,40
"2.2.2.3.2.2.2.2.2.2.2.2.3.3.2.2.2.2.2.2.4.3",0.424379399813513,FALSE,TRUE,40
"2.2.2.3.2.2.2.2.2.2.2.2.2.4.2.2.2.2.2.2.4.3",0.399986023291274,FALSE,TRUE,41
"2.2.2.3.2.2.2.2.2.2.2.2.2.3.3.2.2.2.2.2.4.3",0.446353515560328,FALSE,TRUE,40
"2.2.2.3.2.2.2.2.2.2.2.2.2.3.2.3.2.2.2.2.4.3",0.404413663503136,FALSE,TRUE,41
"2.2.2.3.2.2.2.2.2.2.2.2.2.3.2.2.3.2.2.2.4.3",0.420048296476789,FALSE,TRUE,40
"2.2.2.3.2.2.2.2.2.2.2.2.2.3.2.2.2.3.2.2.4.3",0.394614853476399,FALSE,TRUE,39
"2.2.2.3.2.2.2.2.2.2.2.2.2.3.2.2.2.2.3.2.4.3",0.389087140369057,FALSE,TRUE,39
"2.2.2.3.2.2.2.2.2.2.2.2.2.3.2.2.2.2.2.3.4.3",0.416979603685509,FALSE,TRUE,40
"2.2.2.3.2.2.2.2.2.2.2.2.2.3.2.2.2.2.2.2.5.3",0.400201823564365,FALSE,TRUE,41
"2.2.2.3.2.2.2.2.2.2.2.2.2.3.2.2.2.2.2.2.4.4",0.436219255191009,FALSE,TRUE,40
"1.2.2.3.2.2.2.2.2.2.2.2.2.3.2.2.2.2.2.2.4.3",0.478709725904998,FALSE,TRUE,39
"2.1.2.3.2.2.2.2.2.2.2.2.2.3.2.2.2.2.2.2.4.3",0.409475518883681,FALSE,TRUE,39
"2.2.1.3.2.2.2.2.2.2.2.2.2.3.2.2.2.2.2.2.4.3",0.471787933429063,FALSE,TRUE,39
"2.2.2.2.2.2.2.2.2.2.2.2.2.3.2.2.2.2.2.2.4.3",0.410319102656368,FALSE,TRUE,40
"2.2.2.3.1.2.2.2.2.2.2.2.2.3.2.2.2.2.2.2.4.3",0.391077844123775,FALSE,TRUE,39
"2.2.2.3.2.1.2.2.2.2.2.2.2.3.2.2.2.2.2.2.4.3",0.426908305323333,FALSE,TRUE,39
"2.2.2.3.2.2.1.2.2.2.2.2.2.3.2.2.2.2.2.2.4.3",0.441715786805774,FALSE,TRUE,39
"2.2.2.3.2.2.2.1.2.2.2.2.2.3.2.2.2.2.2.2.4.3",0.424841161371235,FALSE,TRUE,39
"2.2.2.3.2.2.2.2.2.1.2.2.2.3.2.2.2.2.2.2.4.3",0.438635347101388,FALSE,TRUE,39
"2.2.2.3.2.2.2.2.2.2.1.2.2.3.2.2.2.2.2.2.4.3",0.474603536947317,FALSE,TRUE,39
"2.2.2.3.2.2.2.2.2.2.2.1.2.3.2.2.2.2.2.2.4.3",0.466224205548593,FALSE,TRUE,39
"2.2.2.3.2.2.2.2.2.2.2.2.1.3.2.2.2.2.2.2.4.3",0.401784589846986,FALSE,TRUE,39
"2.2.2.3.2.2.2.2.2.2.2.2.2.3.1.2.2.2.2.2.4.3",0.369784191516648,FALSE,TRUE,39
"2.2.2.3.2.2.2.2.2.2.2.2.2.3.2.2.1.2.2.2.4.3",0.402120188758256,FALSE,TRUE,39
"2.2.2.3.2.2.2.2.2.2.2.2.2.3.2.2.2.1.2.2.4.3",0.432592054374226,FALSE,TRUE,39
"2.2.2.3.2.2.2.2.2.2.2.2.2.3.2.2.2.2.1.2.4.3",0.431083049598475,FALSE,TRUE,39
"2.2.2.3.2.2.2.2.2.2.2.2.2.3.2.2.2.2.2.1.4.3",0.403978479302243,FALSE,TRUE,39
"2.2.2.3.2.2.2.2.2.2.2.2.2.3.2.2.2.2.2.2.4.2",0.390095399116869,FALSE,TRUE,40
"3.2.2.3.2.2.2.2.1.2.2.2.2.2.2.2.2.2.3.2.4.3",0.401044948860155,FALSE,TRUE,41
"2.3.2.3.2.2.2.2.1.2.2.2.2.2.2.2.2.2.3.2.4.3",0.45240281811346,FALSE,TRUE,41
"2.2.3.3.2.2.2.2.1.2.2.2.2.2.2.2.2.2.3.2.4.3",0.404605166589163,FALSE,TRUE,41
"2.2.2.4.2.2.2.2.1.2.2.2.2.2.2.2.2.2.3.2.4.3",0.465507116423348,FALSE,TRUE,41
"2.2.2.3.3.2.2.2.1.2.2.2.2.2.2.2.2.2.3.2.4.3",0.481974023673553,FALSE,TRUE,41
"2.2.2.3.2.3.2.2.1.2.2.2.2.2.2.2.2.2.3.2.4.3",0.437117644646989,FALSE,TRUE,41
"2.2.2.3.2.2.3.2.1.2.2.2.2.2.2.2.2.2.3.2.4.3",0.432666656941155,FALSE,TRUE,41
"2.2.2.3.2.2.2.3.1.2.2.2.2.2.2.2.2.2.3.2.4.3",0.448574156439575,FALSE,TRUE,41
"2.2.2.3.2.2.2.2.1.3.2.2.2.2.2.2.2.2.3.2.4.3",0.437313504056037,FALSE,TRUE,41
"2.2.2.3.2.2.2.2.1.2.3.2.2.2.2.2.2.2.3.2.4.3",0.400629290494737,FALSE,TRUE,41
"2.2.2.3.2.2.2.2.1.2.2.3.2.2.2.2.2.2.3.2.4.3",0.399764861015705,FALSE,TRUE,41
"2.2.2.3.2.2.2.2.1.2.2.2.3.2.2.2.2.2.3.2.4.3",0.478391837329809,FALSE,TRUE,41
"2.2.2.3.2.2.2.2.1.2.2.2.2.3.2.2.2.2.3.2.4.3",0.452258510208721,FALSE,TRUE,40
"2.2.2.3.2.2.2.2.1.2.2.2.2.2.3.2.2.2.3.2.4.3",0.493756719962064,FALSE,TRUE,41
"2.2.2.3.2.2.2.2.1.2.2.2.2.2.2.3.2.2.3.2.4.3",0.455676808859973,FALSE,TRUE,41
"2.2.2.3.2.2.2.2.1.2.2.2.2.2.2.2.3.2.3.2.4.3",0.472155144742994,FALSE,TRUE,41
"2.2.2.3.2.2.2.2.1.2.2.2.2.2.2.2.2.3.3.2.4.3",0.448744315275061,FALSE,TRUE,41
"2.2.2.3.2.2.2.2.1.2.2.2.2.2.2.2.2.2.4.2.4.3",0.442772207539726,FALSE,TRUE,42
"2.2.2.3.2.2.2.2.1.2.2.2.2.2.2.2.2.2.3.3.4.3",0.479236111848667,FALSE,TRUE,41
"2.2.2.3.2.2.2.2.1.2.2.2.2.2.2.2.2.2.3.2.5.3",0.455997558765924,FALSE,TRUE,41
"2.2.2.3.2.2.2.2.1.2.2.2.2.2.2.2.2.2.3.2.4.4",0.492727094550148,FALSE,TRUE,41
"1.2.2.3.2.2.2.2.1.2.2.2.2.2.2.2.2.2.3.2.4.3",0.526067127655011,FALSE,TRUE,40
"2.1.2.3.2.2.2.2.1.2.2.2.2.2.2.2.2.2.3.2.4.3",0.465353854075019,FALSE,TRUE,40
"2.2.1.3.2.2.2.2.1.2.2.2.2.2.2.2.2.2.3.2.4.3",0.520581947280138,FALSE,TRUE,40
"2.2.2.2.2.2.2.2.1.2.2.2.2.2.2.2.2.2.3.2.4.3",0.462857030072753,FALSE,TRUE,41
"2.2.2.3.1.2.2.2.1.2.2.2.2.2.2.2.2.2.3.2.4.3",0.446030274810023,FALSE,TRUE,40
"2.2.2.3.2.1.2.2.1.2.2.2.2.2.2.2.2.2.3.2.4.3",0.487288831873464,FALSE,TRUE,40
"2.2.2.3.2.2.1.2.1.2.2.2.2.2.2.2.2.2.3.2.4.3",0.493242450515298,FALSE,TRUE,40
"2.2.2.3.2.2.2.1.1.2.2.2.2.2.2.2.2.2.3.2.4.3",0.476529557522394,FALSE,TRUE,40
"2.2.2.3.2.2.2.2.1.1.2.2.2.2.2.2.2.2.3.2.4.3",0.491637023271782,FALSE,TRUE,40
"2.2.2.3.2.2.2.2.1.2.1.2.2.2.2.2.2.2.3.2.4.3",0.518918776413113,FALSE,TRUE,39
"2.2.2.3.2.2.2.2.1.2.2.1.2.2.2.2.2.2.3.2.4.3",0.523312239090907,FALSE,TRUE,40
"2.2.2.3.2.2.2.2.1.2.2.2.1.2.2.2.2.2.3.2.4.3",0.451954165572623,FALSE,TRUE,40
"2.2.2.3.2.2.2.2.1.2.2.2.2.1.2.2.2.2.3.2.4.3",0.47654041695893,FALSE,TRUE,40
"2.2.2.3.2.2.2.2.1.2.2.2.2.2.1.2.2.2.3.2.4.3",0.426315387885833,FALSE,TRUE,40
"2.2.2.3.2.2.2.2.1.2.2.2.2.2.2.1.2.2.3.2.4.3",0.473941725063296,FALSE,TRUE,40
"2.2.2.3.2.2.2.2.1.2.2.2.2.2.2.2.1.2.3.2.4.3",0.454393026656517,FALSE,TRUE,40
"2.2.2.3.2.2.2.2.1.2.2.2.2.2.2.2.2.1.3.2.4.3",0.482813687386592,FALSE,TRUE,40
"2.2.2.3.2.2.2.2.1.2.2.2.2.2.2.2.2.2.3.1.4.3",0.446444228662405,FALSE,TRUE,40
"2.2.2.3.2.2.2.2.1.2.2.2.2.2.2.2.2.2.3.2.4.2",0.438653237028089,FALSE,TRUE,40
"3.2.2.2.2.2.2.2.2.1.3.2.2.2.2.2.2.2.2.2.3.2",0.306478090067511,FALSE,TRUE,41
"2.3.2.2.2.2.2.2.2.1.3.2.2.2.2.2.2.2.2.2.3.2",0.365788200048943,FALSE,TRUE,41
"2.2.3.2.2.2.2.2.2.1.3.2.2.2.2.2.2.2.2.2.3.2",0.313376549909958,FALSE,TRUE,41
"2.2.2.3.2.2.2.2.2.1.3.2.2.2.2.2.2.2.2.2.3.2",0.377075526513879,FALSE,TRUE,41
"2.2.2.2.3.2.2.2.2.1.3.2.2.2.2.2.2.2.2.2.3.2",0.385085392145781,FALSE,TRUE,41
"2.2.2.2.2.3.2.2.2.1.3.2.2.2.2.2.2.2.2.2.3.2",0.356690079344801,FALSE,TRUE,41
"2.2.2.2.2.2.3.2.2.1.3.2.2.2.2.2.2.2.2.2.3.2",0.342390675693487,FALSE,TRUE,40
"2.2.2.2.2.2.2.3.2.1.3.2.2.2.2.2.2.2.2.2.3.2",0.367110398756394,FALSE,TRUE,41
"2.2.2.2.2.2.2.2.3.1.3.2.2.2.2.2.2.2.2.2.3.2",0.309633429282805,FALSE,TRUE,41
"2.2.2.2.2.2.2.2.2.1.4.2.2.2.2.2.2.2.2.2.3.2",0.305432546849692,FALSE,TRUE,41
"2.2.2.2.2.2.2.2.2.1.3.3.2.2.2.2.2.2.2.2.3.2",0.313428809900468,FALSE,TRUE,41
"2.2.2.2.2.2.2.2.2.1.3.2.3.2.2.2.2.2.2.2.3.2",0.393740048835919,FALSE,TRUE,41
"2.2.2.2.2.2.2.2.2.1.3.2.2.3.2.2.2.2.2.2.3.2",0.360241022975833,FALSE,TRUE,41
"2.2.2.2.2.2.2.2.2.1.3.2.2.2.3.2.2.2.2.2.3.2",0.396404210957399,FALSE,TRUE,39
"2.2.2.2.2.2.2.2.2.1.3.2.2.2.2.3.2.2.2.2.3.2",0.361776362305988,FALSE,TRUE,41
"2.2.2.2.2.2.2.2.2.1.3.2.2.2.2.2.3.2.2.2.3.2",0.383188195231797,FALSE,TRUE,40
"2.2.2.2.2.2.2.2.2.1.3.2.2.2.2.2.2.3.2.2.3.2",0.353670141595421,FALSE,TRUE,41
"2.2.2.2.2.2.2.2.2.1.3.2.2.2.2.2.2.2.3.2.3.2",0.347298471495525,FALSE,TRUE,41
"2.2.2.2.2.2.2.2.2.1.3.2.2.2.2.2.2.2.2.3.3.2",0.384526365028953,FALSE,TRUE,41
"2.2.2.2.2.2.2.2.2.1.3.2.2.2.2.2.2.2.2.2.4.2",0.347450690335855,FALSE,TRUE,41
"2.2.2.2.2.2.2.2.2.1.3.2.2.2.2.2.2.2.2.2.3.3",0.399518123373523,FALSE,TRUE,40
"1.2.2.2.2.2.2.2.2.1.3.2.2.2.2.2.2.2.2.2.3.2",0.44022843996765,FALSE,TRUE,40
"2.1.2.2.2.2.2.2.2.1.3.2.2.2.2.2.2.2.2.2.3.2",0.368477592973574,FALSE,TRUE,40
"2.2.1.2.2.2.2.2.2.1.3.2.2.2.2.2.2.2.2.2.3.2",0.429762614605693,FALSE,TRUE,40
"2.2.2.1.2.2.2.2.2.1.3.2.2.2.2.2.2.2.2.2.3.2",0.368739440119199,FALSE,TRUE,40
"2.2.2.2.1.2.2.2.2.1.3.2.2.2.2.2.2.2.2.2.3.2",0.36075740693956,FALSE,TRUE,40
"2.2.2.2.2.1.2.2.2.1.3.2.2.2.2.2.2.2.2.2.3.2",0.385463558758821,FALSE,TRUE,40
"2.2.2.2.2.2.1.2.2.1.3.2.2.2.2.2.2.2.2.2.3.2",0.401163099364453,FALSE,TRUE,40
"2.2.2.2.2.2.2.1.2.1.3.2.2.2.2.2.2.2.2.2.3.2",0.375579332511194,FALSE,TRUE,40
"2.2.2.2.2.2.2.2.1.1.3.2.2.2.2.2.2.2.2.2.3.2",0.436728730093975,FALSE,TRUE,40
"2.2.2.2.2.2.2.2.2.1.3.1.2.2.2.2.2.2.2.2.3.2",0.429789094093047,FALSE,TRUE,40
"2.2.2.2.2.2.2.2.2.1.3.2.1.2.2.2.2.2.2.2.3.2",0.353822543482898,FALSE,TRUE,40
"2.2.2.2.2.2.2.2.2.1.3.2.2.1.2.2.2.2.2.2.3.2",0.385321675357934,FALSE,TRUE,40
"2.2.2.2.2.2.2.2.2.1.3.2.2.2.1.2.2.2.2.2.3.2",0.341608770047876,FALSE,TRUE,40
"2.2.2.2.2.2.2.2.2.1.3.2.2.2.2.1.2.2.2.2.3.2",0.387982320486479,FALSE,TRUE,40
"2.2.2.2.2.2.2.2.2.1.3.2.2.2.2.2.1.2.2.2.3.2",0.358819748458328,FALSE,TRUE,40
"2.2.2.2.2.2.2.2.2.1.3.2.2.2.2.2.2.1.2.2.3.2",0.395886852142151,FALSE,TRUE,40
"2.2.2.2.2.2.2.2.2.1.3.2.2.2.2.2.2.2.1.2.3.2",0.395966656965735,FALSE,TRUE,38
"2.2.2.2.2.2.2.2.2.1.3.2.2.2.2.2.2.2.2.1.3.2",0.356596818202019,FALSE,TRUE,40
"2.2.2.2.2.2.2.2.2.1.3.2.2.2.2.2.2.2.2.2.3.1",0.347748688641952,FALSE,TRUE,40
"3.2.2.2.2.2.2.2.2.2.2.2.2.2.2.2.3.2.2.2.3.2",0.358214919011041,FALSE,TRUE,42
"2.3.2.2.2.2.2.2.2.2.2.2.2.2.2.2.3.2.2.2.3.2",0.4091901521389,FALSE,TRUE,42
"2.2.3.2.2.2.2.2.2.2.2.2.2.2.2.2.3.2.2.2.3.2",0.363913765478451,FALSE,TRUE,42
"2.2.2.3.2.2.2.2.2.2.2.2.2.2.2.2.3.2.2.2.3.2",0.426132911561421,FALSE,TRUE,40
"2.2.2.2.3.2.2.2.2.2.2.2.2.2.2.2.3.2.2.2.3.2",0.438881555864994,FALSE,TRUE,42
"2.2.2.2.2.3.2.2.2.2.2.2.2.2.2.2.3.2.2.2.3.2",0.395519816861614,FALSE,TRUE,42
"2.2.2.2.2.2.2.3.2.2.2.2.2.2.2.2.3.2.2.2.3.2",0.417501295779128,FALSE,TRUE,42
"2.2.2.2.2.2.2.2.3.2.2.2.2.2.2.2.3.2.2.2.3.2",0.367077319151127,FALSE,TRUE,42
"2.2.2.2.2.2.2.2.2.3.2.2.2.2.2.2.3.2.2.2.3.2",0.397401059079433,FALSE,TRUE,42
"2.2.2.2.2.2.2.2.2.2.2.3.2.2.2.2.3.2.2.2.3.2",0.362704071757955,FALSE,TRUE,42
"2.2.2.2.2.2.2.2.2.2.2.2.3.2.2.2.3.2.2.2.3.2",0.440598806682394,FALSE,TRUE,42
"2.2.2.2.2.2.2.2.2.2.2.2.2.3.2.2.3.2.2.2.3.2",0.41111206416969,FALSE,TRUE,42
"2.2.2.2.2.2.2.2.2.2.2.2.2.2.2.3.3.2.2.2.3.2",0.422918756549322,FALSE,TRUE,42
"2.2.2.2.2.2.2.2.2.2.2.2.2.2.2.2.4.2.2.2.3.2",0.434642766827516,FALSE,TRUE,43
"2.2.2.2.2.2.2.2.2.2.2.2.2.2.2.2.3.3.2.2.3.2",0.406101179080395,FALSE,TRUE,42
"2.2.2.2.2.2.2.2.2.2.2.2.2.2.2.2.3.2.3.2.3.2",0.393299191939637,FALSE,TRUE,42
"2.2.2.2.2.2.2.2.2.2.2.2.2.2.2.2.3.2.2.3.3.2",0.439258487052272,FALSE,TRUE,42
"2.2.2.2.2.2.2.2.2.2.2.2.2.2.2.2.3.2.2.2.4.2",0.404943711249252,FALSE,TRUE,40
"1.2.2.2.2.2.2.2.2.2.2.2.2.2.2.2.3.2.2.2.3.2",0.49268411679825,FALSE,TRUE,39
"2.1.2.2.2.2.2.2.2.2.2.2.2.2.2.2.3.2.2.2.3.2",0.428885498891556,FALSE,TRUE,41
"2.2.1.2.2.2.2.2.2.2.2.2.2.2.2.2.3.2.2.2.3.2",0.483331538531021,FALSE,TRUE,41
"2.2.2.1.2.2.2.2.2.2.2.2.2.2.2.2.3.2.2.2.3.2",0.423705392145097,FALSE,TRUE,40
"2.2.2.2.1.2.2.2.2.2.2.2.2.2.2.2.3.2.2.2.3.2",0.410476797838733,FALSE,TRUE,40
"2.2.2.2.2.1.2.2.2.2.2.2.2.2.2.2.3.2.2.2.3.2",0.450318998039111,FALSE,TRUE,41
"2.2.2.2.2.2.1.2.2.2.2.2.2.2.2.2.3.2.2.2.3.2",0.449304010740289,FALSE,TRUE,41
"2.2.2.2.2.2.2.1.2.2.2.2.2.2.2.2.3.2.2.2.3.2",0.428944840954101,FALSE,TRUE,41
"2.2.2.2.2.2.2.2.1.2.2.2.2.2.2.2.3.2.2.2.3.2",0.484052316150356,FALSE,TRUE,40
"2.2.2.2.2.2.2.2.2.1.2.2.2.2.2.2.3.2.2.2.3.2",0.453311108765569,FALSE,TRUE,40
"2.2.2.2.2.2.2.2.2.2.1.2.2.2.2.2.3.2.2.2.3.2",0.485481134337282,FALSE,TRUE,41
"2.2.2.2.2.2.2.2.2.2.2.1.2.2.2.2.3.2.2.2.3.2",0.484026975944996,FALSE,TRUE,41
"2.2.2.2.2.2.2.2.2.2.2.2.1.2.2.2.3.2.2.2.3.2",0.41177514472518,FALSE,TRUE,41
"2.2.2.2.2.2.2.2.2.2.2.2.2.1.2.2.3.2.2.2.3.2",0.439408705978476,FALSE,TRUE,41
"2.2.2.2.2.2.2.2.2.2.2.2.2.2.1.2.3.2.2.2.3.2",0.389487157277837,FALSE,TRUE,41
"2.2.2.2.2.2.2.2.2.2.2.2.2.2.2.1.3.2.2.2.3.2",0.429426327082779,FALSE,TRUE,41
"2.2.2.2.2.2.2.2.2.2.2.2.2.2.2.2.3.1.2.2.3.2",0.448010257632048,FALSE,TRUE,41
"2.2.2.2.2.2.2.2.2.2.2.2.2.2.2.2.3.2.2.1.3.2",0.406306137038785,FALSE,TRUE,41
"2.2.2.2.2.2.2.2.2.2.2.2.2.2.2.2.3.2.2.2.3.1",0.3997903183319,FALSE,TRUE,41
"3.2.2.3.2.2.2.2.1.2.1.1.2.2.2.2.2.2.1.2.3.4",0.539007486633657,FALSE,TRUE,38
"2.3.2.3.2.2.2.2.1.2.1.1.2.2.2.2.2.2.1.2.3.4",0.580984317304972,FALSE,TRUE,38
"2.2.2.4.2.2.2.2.1.2.1.1.2.2.2.2.2.2.1.2.3.4",0.553821405087958,FALSE,TRUE,38
"2.2.2.3.3.2.2.2.1.2.1.1.2.2.2.2.2.2.1.2.3.4",0.591258244250196,FALSE,TRUE,38
"2.2.2.3.2.3.2.2.1.2.1.1.2.2.2.2.2.2.1.2.3.4",0.568624481000799,FALSE,TRUE,38
"2.2.2.3.2.2.3.2.1.2.1.1.2.2.2.2.2.2.1.2.3.4",0.561995034324443,FALSE,TRUE,38
"2.2.2.3.2.2.2.3.1.2.1.1.2.2.2.2.2.2.1.2.3.4",0.563808371395596,FALSE,TRUE,38
"2.2.2.3.2.2.2.2.2.2.1.1.2.2.2.2.2.2.1.2.3.4",0.55119507365968,FALSE,TRUE,39
"2.2.2.3.2.2.2.2.1.3.1.1.2.2.2.2.2.2.1.2.3.4",0.553583531842947,FALSE,TRUE,38
"2.2.2.3.2.2.2.2.1.2.2.1.2.2.2.2.2.2.1.2.3.4",0.545771048447704,FALSE,TRUE,39
"2.2.2.3.2.2.2.2.1.2.1.1.3.2.2.2.2.2.1.2.3.4",0.594658790842444,FALSE,TRUE,38
"2.2.2.3.2.2.2.2.1.2.1.1.2.3.2.2.2.2.1.2.3.4",0.578991932365224,FALSE,TRUE,38
"2.2.2.3.2.2.2.2.1.2.1.1.2.2.3.2.2.2.1.2.3.4",0.591421337908181,FALSE,TRUE,38
"2.2.2.3.2.2.2.2.1.2.1.1.2.2.2.3.2.2.1.2.3.4",0.579406943072653,FALSE,TRUE,38
"2.2.2.3.2.2.2.2.1.2.1.1.2.2.2.2.3.2.1.2.3.4",0.610868079582296,FALSE,TRUE,38
"2.2.2.3.2.2.2.2.1.2.1.1.2.2.2.2.2.3.1.2.3.4",0.562890470368058,FALSE,TRUE,38
"2.2.2.3.2.2.2.2.1.2.1.1.2.2.2.2.2.2.2.2.3.4",0.593525620945177,FALSE,TRUE,38
"2.2.2.3.2.2.2.2.1.2.1.1.2.2.2.2.2.2.1.3.3.4",0.580655204104627,FALSE,TRUE,38
"2.2.2.3.2.2.2.2.1.2.1.1.2.2.2.2.2.2.1.2.4.4",0.573722479896926,FALSE,TRUE,38
"2.2.2.3.2.2.2.2.1.2.1.1.2.2.2.2.2.2.1.2.3.5",0.591811664634705,FALSE,TRUE,39
"1.2.2.3.2.2.2.2.1.2.1.1.2.2.2.2.2.2.1.2.3.4",0.613938933541797,FALSE,TRUE,37
"2.1.2.3.2.2.2.2.1.2.1.1.2.2.2.2.2.2.1.2.3.4",0.568270338215652,FALSE,TRUE,37
"2.2.1.3.2.2.2.2.1.2.1.1.2.2.2.2.2.2.1.2.3.4",0.609337835612374,FALSE,TRUE,37
"2.2.2.2.2.2.2.2.1.2.1.1.2.2.2.2.2.2.1.2.3.4",0.602905391278601,FALSE,TRUE,37
"2.2.2.3.1.2.2.2.1.2.1.1.2.2.2.2.2.2.1.2.3.4",0.565169937523433,FALSE,TRUE,37
"2.2.2.3.2.1.2.2.1.2.1.1.2.2.2.2.2.2.1.2.3.4",0.581217194292063,FALSE,TRUE,37
"2.2.2.3.2.2.1.2.1.2.1.1.2.2.2.2.2.2.1.2.3.4",0.590890662456406,FALSE,TRUE,37
"2.2.2.3.2.2.2.1.1.2.1.1.2.2.2.2.2.2.1.2.3.4",0.588622050140128,FALSE,TRUE,37
"2.2.2.3.2.2.2.2.1.1.1.1.2.2.2.2.2.2.1.2.3.4",0.60207588893067,FALSE,TRUE,37
"2.2.2.3.2.2.2.2.1.2.1.1.1.2.2.2.2.2.1.2.3.4",0.563220502819332,FALSE,TRUE,37
"2.2.2.3.2.2.2.2.1.2.1.1.2.1.2.2.2.2.1.2.3.4",0.57750271972611,FALSE,TRUE,37
"2.2.2.3.2.2.2.2.1.2.1.1.2.2.1.2.2.2.1.2.3.4",0.556053457666887,FALSE,TRUE,37
"2.2.2.3.2.2.2.2.1.2.1.1.2.2.2.1.2.2.1.2.3.4",0.575455235946546,FALSE,TRUE,37
"2.2.2.3.2.2.2.2.1.2.1.1.2.2.2.2.1.2.1.2.3.4",0.544240364612018,FALSE,TRUE,37
"2.2.2.3.2.2.2.2.1.2.1.1.2.2.2.2.2.1.1.2.3.4",0.594690940509474,FALSE,TRUE,37
"2.2.2.3.2.2.2.2.1.2.1.1.2.2.2.2.2.2.1.1.3.4",0.571874779310007,FALSE,TRUE,37
"2.2.2.3.2.2.2.2.1.2.1.1.2.2.2.2.2.2.1.2.2.4",0.57738695178375,FALSE,TRUE,38
"1.3.2.2.2.2.2.2.2.2.2.2.2.2.2.2.2.2.2.2.2.2",0.483884075357731,FALSE,TRUE,41
"1.2.3.2.2.2.2.2.2.2.2.2.2.2.2.2.2.2.2.2.2.2",0.437464893777586,FALSE,TRUE,41
"1.2.2.3.2.2.2.2.2.2.2.2.2.2.2.2.2.2.2.2.2.2",0.48085683841525,FALSE,TRUE,41
"1.2.2.2.3.2.2.2.2.2.2.2.2.2.2.2.2.2.2.2.2.2",0.506065837770937,FALSE,TRUE,41
"1.2.2.2.2.3.2.2.2.2.2.2.2.2.2.2.2.2.2.2.2.2",0.456403245563311,FALSE,TRUE,41
"1.2.2.2.2.2.3.2.2.2.2.2.2.2.2.2.2.2.2.2.2.2",0.46727263967982,FALSE,TRUE,40
"1.2.2.2.2.2.2.3.2.2.2.2.2.2.2.2.2.2.2.2.2.2",0.489977116458452,FALSE,TRUE,41
"1.2.2.2.2.2.2.2.3.2.2.2.2.2.2.2.2.2.2.2.2.2",0.438142856328195,FALSE,TRUE,41
"1.2.2.2.2.2.2.2.2.3.2.2.2.2.2.2.2.2.2.2.2.2",0.459164673929442,FALSE,TRUE,41
"1.2.2.2.2.2.2.2.2.2.2.3.2.2.2.2.2.2.2.2.2.2",0.438064717074129,FALSE,TRUE,41
"1.2.2.2.2.2.2.2.2.2.2.2.3.2.2.2.2.2.2.2.2.2",0.516099889514676,FALSE,TRUE,41
"1.2.2.2.2.2.2.2.2.2.2.2.2.3.2.2.2.2.2.2.2.2",0.487922497213401,FALSE,TRUE,41
"1.2.2.2.2.2.2.2.2.2.2.2.2.2.2.3.2.2.2.2.2.2",0.485938259568383,FALSE,TRUE,41
"1.2.2.2.2.2.2.2.2.2.2.2.2.2.2.2.3.2.2.2.2.2",0.516321594598766,FALSE,TRUE,40
"1.2.2.2.2.2.2.2.2.2.2.2.2.2.2.2.2.3.2.2.2.2",0.473861039971342,FALSE,TRUE,41
"1.2.2.2.2.2.2.2.2.2.2.2.2.2.2.2.2.2.3.2.2.2",0.469555386945507,FALSE,TRUE,41
"1.2.2.2.2.2.2.2.2.2.2.2.2.2.2.2.2.2.2.3.2.2",0.514380541047947,FALSE,TRUE,41
"1.2.2.2.2.2.2.2.2.2.2.2.2.2.2.2.2.2.2.2.2.3",0.52668675767816,FALSE,TRUE,40
"1.1.2.2.2.2.2.2.2.2.2.2.2.2.2.2.2.2.2.2.2.2",0.486834374250305,FALSE,TRUE,40
"1.2.1.2.2.2.2.2.2.2.2.2.2.2.2.2.2.2.2.2.2.2",0.539672916179934,FALSE,TRUE,40
"1.2.2.1.2.2.2.2.2.2.2.2.2.2.2.2.2.2.2.2.2.2",0.501186893287898,FALSE,TRUE,40
"1.2.2.2.1.2.2.2.2.2.2.2.2.2.2.2.2.2.2.2.2.2",0.475688558953582,FALSE,TRUE,40
"1.2.2.2.2.1.2.2.2.2.2.2.2.2.2.2.2.2.2.2.2.2",0.521499012484872,FALSE,TRUE,40
"1.2.2.2.2.2.1.2.2.2.2.2.2.2.2.2.2.2.2.2.2.2",0.511465366169706,FALSE,TRUE,39
"1.2.2.2.2.2.2.1.2.2.2.2.2.2.2.2.2.2.2.2.2.2",0.488224746948667,FALSE,TRUE,40
"1.2.2.2.2.2.2.2.2.1.2.2.2.2.2.2.2.2.2.2.2.2",0.522896653441084,FALSE,TRUE,40
"1.2.2.2.2.2.2.2.2.2.1.2.2.2.2.2.2.2.2.2.2.2",0.532403218183391,FALSE,TRUE,40
"1.2.2.2.2.2.2.2.2.2.2.1.2.2.2.2.2.2.2.2.2.2",0.539785425592266,FALSE,TRUE,40
"1.2.2.2.2.2.2.2.2.2.2.2.1.2.2.2.2.2.2.2.2.2",0.467429336944089,FALSE,TRUE,40
"1.2.2.2.2.2.2.2.2.2.2.2.2.1.2.2.2.2.2.2.2.2",0.493940713752994,FALSE,TRUE,40
"1.2.2.2.2.2.2.2.2.2.2.2.2.2.1.2.2.2.2.2.2.2",0.459372681903258,FALSE,TRUE,40
"1.2.2.2.2.2.2.2.2.2.2.2.2.2.2.1.2.2.2.2.2.2",0.49703430217281,FALSE,TRUE,38
"1.2.2.2.2.2.2.2.2.2.2.2.2.2.2.2.1.2.2.2.2.2",0.463713359194415,FALSE,TRUE,40
"1.2.2.2.2.2.2.2.2.2.2.2.2.2.2.2.2.1.2.2.2.2",0.511363398526132,FALSE,TRUE,40
"1.2.2.2.2.2.2.2.2.2.2.2.2.2.2.2.2.2.1.2.2.2",0.509886395334647,FALSE,TRUE,37
"1.2.2.2.2.2.2.2.2.2.2.2.2.2.2.2.2.2.2.1.2.2",0.464417677813447,FALSE,TRUE,40
"1.2.2.2.2.2.2.2.2.2.2.2.2.2.2.2.2.2.2.2.1.2",0.502152154424283,FALSE,TRUE,40
"1.2.2.2.2.2.2.2.2.2.2.2.2.2.2.2.2.2.2.2.2.1",0.458380072863951,FALSE,TRUE,40
"1.3.2.2.2.2.2.2.2.2.3.2.2.2.2.1.2.2.1.2.2.2",0.452857562678353,FALSE,TRUE,38
"1.2.3.2.2.2.2.2.2.2.3.2.2.2.2.1.2.2.1.2.2.2",0.409485046217876,FALSE,TRUE,38
"1.2.2.3.2.2.2.2.2.2.3.2.2.2.2.1.2.2.1.2.2.2",0.45202645357774,FALSE,TRUE,38
"1.2.2.2.3.2.2.2.2.2.3.2.2.2.2.1.2.2.1.2.2.2",0.483736800813003,FALSE,TRUE,38
"1.2.2.2.2.3.2.2.2.2.3.2.2.2.2.1.2.2.1.2.2.2",0.443075904461333,FALSE,TRUE,38
"1.2.2.2.2.2.3.2.2.2.3.2.2.2.2.1.2.2.1.2.2.2",0.444145556038391,FALSE,TRUE,38
"1.2.2.2.2.2.2.3.2.2.3.2.2.2.2.1.2.2.1.2.2.2",0.454577012555564,FALSE,TRUE,38
"1.2.2.2.2.2.2.2.3.2.3.2.2.2.2.1.2.2.1.2.2.2",0.413695540137041,FALSE,TRUE,38
"1.2.2.2.2.2.2.2.2.3.3.2.2.2.2.1.2.2.1.2.2.2",0.437685379297495,FALSE,TRUE,38
"1.2.2.2.2.2.2.2.2.2.4.2.2.2.2.1.2.2.1.2.2.2",0.406830024280886,FALSE,TRUE,38
"1.2.2.2.2.2.2.2.2.2.3.3.2.2.2.1.2.2.1.2.2.2",0.41608497958368,FALSE,TRUE,38
"1.2.2.2.2.2.2.2.2.2.3.2.3.2.2.1.2.2.1.2.2.2",0.479402093753839,FALSE,TRUE,38
"1.2.2.2.2.2.2.2.2.2.3.2.2.3.2.1.2.2.1.2.2.2",0.453169774245713,FALSE,TRUE,38
"1.2.2.2.2.2.2.2.2.2.3.2.2.2.3.1.2.2.1.2.2.2",0.496034382601182,FALSE,TRUE,38
"1.2.2.2.2.2.2.2.2.2.3.2.2.2.2.1.3.2.1.2.2.2",0.472328500515762,FALSE,TRUE,39
"1.2.2.2.2.2.2.2.2.2.3.2.2.2.2.1.2.3.1.2.2.2",0.451209661974028,FALSE,TRUE,38
"1.2.2.2.2.2.2.2.2.2.3.2.2.2.2.1.2.2.2.2.2.2",0.443044695426228,FALSE,TRUE,37
"1.2.2.2.2.2.2.2.2.2.3.2.2.2.2.1.2.2.1.3.2.2",0.468366338058503,FALSE,TRUE,38
"1.2.2.2.2.2.2.2.2.2.3.2.2.2.2.1.2.2.1.2.3.2",0.449233917949248,FALSE,TRUE,38
"1.2.2.2.2.2.2.2.2.2.3.2.2.2.2.1.2.2.1.2.2.3",0.482298927049779,FALSE,TRUE,38
"1.1.2.2.2.2.2.2.2.2.3.2.2.2.2.1.2.2.1.2.2.2",0.464689595545916,FALSE,TRUE,37
"1.2.1.2.2.2.2.2.2.2.3.2.2.2.2.1.2.2.1.2.2.2",0.514688483145757,FALSE,TRUE,37
"1.2.2.1.2.2.2.2.2.2.3.2.2.2.2.1.2.2.1.2.2.2",0.475036538152451,FALSE,TRUE,37
"1.2.2.2.1.2.2.2.2.2.3.2.2.2.2.1.2.2.1.2.2.2",0.442906121435652,FALSE,TRUE,37
"1.2.2.2.2.1.2.2.2.2.3.2.2.2.2.1.2.2.1.2.2.2",0.479830378861313,FALSE,TRUE,37
"1.2.2.2.2.2.1.2.2.2.3.2.2.2.2.1.2.2.1.2.2.2",0.47990644403062,FALSE,TRUE,37
"1.2.2.2.2.2.2.1.2.2.3.2.2.2.2.1.2.2.1.2.2.2",0.468827664712279,FALSE,TRUE,37
"1.2.2.2.2.2.2.2.1.2.3.2.2.2.2.1.2.2.1.2.2.2",0.513121966457925,FALSE,TRUE,37
"1.2.2.2.2.2.2.2.2.1.3.2.2.2.2.1.2.2.1.2.2.2",0.490241808741537,FALSE,TRUE,37
"1.2.2.2.2.2.2.2.2.2.2.2.2.2.2.1.2.2.1.2.2.2",0.514233668046356,FALSE,TRUE,36
"1.2.2.2.2.2.2.2.2.2.3.1.2.2.2.1.2.2.1.2.2.2",0.505205827198419,FALSE,TRUE,37
"1.2.2.2.2.2.2.2.2.2.3.2.1.2.2.1.2.2.1.2.2.2",0.450044701473585,FALSE,TRUE,37
"1.2.2.2.2.2.2.2.2.2.3.2.2.1.2.1.2.2.1.2.2.2",0.474541524211551,FALSE,TRUE,37
"1.2.2.2.2.2.2.2.2.2.3.2.2.2.1.1.2.2.1.2.2.2",0.421538114813833,FALSE,TRUE,37
"1.2.2.2.2.2.2.2.2.2.3.2.2.2.2.1.2.1.1.2.2.2",0.479477948486708,FALSE,TRUE,37
"1.2.2.2.2.2.2.2.2.2.3.2.2.2.2.1.2.2.1.1.2.2",0.455020470457276,FALSE,TRUE,37
"1.2.2.2.2.2.2.2.2.2.3.2.2.2.2.1.2.2.1.2.1.2",0.475429230567309,FALSE,TRUE,37
"1.2.2.2.2.2.2.2.2.2.3.2.2.2.2.1.2.2.1.2.2.1",0.447130151101816,FALSE,TRUE,37
"3.2.2.2.2.2.2.2.2.2.3.2.2.3.2.1.2.2.1.2.2.2",0.315224657356043,FALSE,TRUE,40
"2.3.2.2.2.2.2.2.2.2.3.2.2.3.2.1.2.2.1.2.2.2",0.366237507173211,FALSE,TRUE,40
"2.2.3.2.2.2.2.2.2.2.3.2.2.3.2.1.2.2.1.2.2.2",0.32801951497518,FALSE,TRUE,40
"2.2.2.3.2.2.2.2.2.2.3.2.2.3.2.1.2.2.1.2.2.2",0.376856969305002,FALSE,TRUE,40
"2.2.2.2.3.2.2.2.2.2.3.2.2.3.2.1.2.2.1.2.2.2",0.410636403946128,FALSE,TRUE,40
"2.2.2.2.2.3.2.2.2.2.3.2.2.3.2.1.2.2.1.2.2.2",0.360840414703877,FALSE,TRUE,40
"2.2.2.2.2.2.3.2.2.2.3.2.2.3.2.1.2.2.1.2.2.2",0.352437406501457,FALSE,TRUE,40
"2.2.2.2.2.2.2.3.2.2.3.2.2.3.2.1.2.2.1.2.2.2",0.356133624904123,FALSE,TRUE,40
"2.2.2.2.2.2.2.2.3.2.3.2.2.3.2.1.2.2.1.2.2.2",0.332089201809774,FALSE,TRUE,40
"2.2.2.2.2.2.2.2.2.3.3.2.2.3.2.1.2.2.1.2.2.2",0.352534819785357,FALSE,TRUE,40
"2.2.2.2.2.2.2.2.2.2.4.2.2.3.2.1.2.2.1.2.2.2",0.314125905362367,FALSE,TRUE,40
"2.2.2.2.2.2.2.2.2.2.3.3.2.3.2.1.2.2.1.2.2.2",0.323224284962763,FALSE,TRUE,40
"2.2.2.2.2.2.2.2.2.2.3.2.3.3.2.1.2.2.1.2.2.2",0.389574620148205,FALSE,TRUE,40
"2.2.2.2.2.2.2.2.2.2.3.2.2.4.2.1.2.2.1.2.2.2",0.363831428971343,FALSE,TRUE,41
"2.2.2.2.2.2.2.2.2.2.3.2.2.3.3.1.2.2.1.2.2.2",0.420886182428692,FALSE,TRUE,40
"2.2.2.2.2.2.2.2.2.2.3.2.2.3.2.1.3.2.1.2.2.2",0.383147058489235,FALSE,TRUE,40
"2.2.2.2.2.2.2.2.2.2.3.2.2.3.2.1.2.3.1.2.2.2",0.375195284336747,FALSE,TRUE,40
"2.2.2.2.2.2.2.2.2.2.3.2.2.3.2.1.2.2.2.2.2.2",0.352375221374632,FALSE,TRUE,40
"2.2.2.2.2.2.2.2.2.2.3.2.2.3.2.1.2.2.1.3.2.2",0.380314287327553,FALSE,TRUE,40
"2.2.2.2.2.2.2.2.2.2.3.2.2.3.2.1.2.2.1.2.3.2",0.375518345834481,FALSE,TRUE,40
"2.2.2.2.2.2.2.2.2.2.3.2.2.3.2.1.2.2.1.2.2.3",0.392212544022099,FALSE,TRUE,40
"2.1.2.2.2.2.2.2.2.2.3.2.2.3.2.1.2.2.1.2.2.2",0.393182427019459,FALSE,TRUE,39
"2.2.1.2.2.2.2.2.2.2.3.2.2.3.2.1.2.2.1.2.2.2",0.43578284469585,FALSE,TRUE,39
"2.2.2.1.2.2.2.2.2.2.3.2.2.3.2.1.2.2.1.2.2.2",0.390185245616005,FALSE,TRUE,39
"2.2.2.2.1.2.2.2.2.2.3.2.2.3.2.1.2.2.1.2.2.2",0.356019027987234,FALSE,TRUE,39
"2.2.2.2.2.1.2.2.2.2.3.2.2.3.2.1.2.2.1.2.2.2",0.402032073306284,FALSE,TRUE,39
"2.2.2.2.2.2.1.2.2.2.3.2.2.3.2.1.2.2.1.2.2.2",0.411808550220155,FALSE,TRUE,39
"2.2.2.2.2.2.2.1.2.2.3.2.2.3.2.1.2.2.1.2.2.2",0.407620679500162,FALSE,TRUE,39
"2.2.2.2.2.2.2.2.1.2.3.2.2.3.2.1.2.2.1.2.2.2",0.435385495964169,FALSE,TRUE,39
"2.2.2.2.2.2.2.2.2.1.3.2.2.3.2.1.2.2.1.2.2.2",0.415234843062866,FALSE,TRUE,39
"2.2.2.2.2.2.2.2.2.2.2.2.2.3.2.1.2.2.1.2.2.2",0.446757883672721,FALSE,TRUE,40
"2.2.2.2.2.2.2.2.2.2.3.1.2.3.2.1.2.2.1.2.2.2",0.438557178572265,FALSE,TRUE,39
"2.2.2.2.2.2.2.2.2.2.3.2.1.3.2.1.2.2.1.2.2.2",0.380092871416237,FALSE,TRUE,39
"2.2.2.2.2.2.2.2.2.2.3.2.2.3.1.1.2.2.1.2.2.2",0.33739960825017,FALSE,TRUE,39
"2.2.2.2.2.2.2.2.2.2.3.2.2.3.2.1.1.2.1.2.2.2",0.380930307600906,FALSE,TRUE,38
"2.2.2.2.2.2.2.2.2.2.3.2.2.3.2.1.2.1.1.2.2.2",0.394930166458031,FALSE,TRUE,39
"2.2.2.2.2.2.2.2.2.2.3.2.2.3.2.1.2.2.1.1.2.2",0.383230005250661,FALSE,TRUE,39
"2.2.2.2.2.2.2.2.2.2.3.2.2.3.2.1.2.2.1.2.1.2",0.389147346802906,FALSE,TRUE,39
"2.2.2.2.2.2.2.2.2.2.3.2.2.3.2.1.2.2.1.2.2.1",0.376401865304044,FALSE,TRUE,39
"3.2.2.3.2.2.2.2.1.2.2.2.2.2.2.2.2.3.2.2.4.3",0.412540034263161,FALSE,TRUE,41
"2.3.2.3.2.2.2.2.1.2.2.2.2.2.2.2.2.3.2.2.4.3",0.459637351655341,FALSE,TRUE,41
"2.2.3.3.2.2.2.2.1.2.2.2.2.2.2.2.2.3.2.2.4.3",0.40553647047229,FALSE,TRUE,41
"2.2.2.4.2.2.2.2.1.2.2.2.2.2.2.2.2.3.2.2.4.3",0.46520208771262,FALSE,TRUE,41
"2.2.2.3.3.2.2.2.1.2.2.2.2.2.2.2.2.3.2.2.4.3",0.478279494392488,FALSE,TRUE,41
"2.2.2.3.2.3.2.2.1.2.2.2.2.2.2.2.2.3.2.2.4.3",0.451942013439024,FALSE,TRUE,41
"2.2.2.3.2.2.3.2.1.2.2.2.2.2.2.2.2.3.2.2.4.3",0.43113250330088,FALSE,TRUE,41
"2.2.2.3.2.2.2.3.1.2.2.2.2.2.2.2.2.3.2.2.4.3",0.448568106235329,FALSE,TRUE,41
"2.2.2.3.2.2.2.2.1.3.2.2.2.2.2.2.2.3.2.2.4.3",0.447118381118012,FALSE,TRUE,41
"2.2.2.3.2.2.2.2.1.2.3.2.2.2.2.2.2.3.2.2.4.3",0.408483606738712,FALSE,TRUE,41
"2.2.2.3.2.2.2.2.1.2.2.3.2.2.2.2.2.3.2.2.4.3",0.412288167699074,FALSE,TRUE,41
"2.2.2.3.2.2.2.2.1.2.2.2.3.2.2.2.2.3.2.2.4.3",0.474590187334952,FALSE,TRUE,41
"2.2.2.3.2.2.2.2.1.2.2.2.2.3.2.2.2.3.2.2.4.3",0.454201404634857,FALSE,TRUE,40
"2.2.2.3.2.2.2.2.1.2.2.2.2.2.3.2.2.3.2.2.4.3",0.491578886071337,FALSE,TRUE,41
"2.2.2.3.2.2.2.2.1.2.2.2.2.2.2.3.2.3.2.2.4.3",0.454740152035009,FALSE,TRUE,41
"2.2.2.3.2.2.2.2.1.2.2.2.2.2.2.2.3.3.2.2.4.3",0.474485028040902,FALSE,TRUE,41
"2.2.2.3.2.2.2.2.1.2.2.2.2.2.2.2.2.4.2.2.4.3",0.448776212642403,FALSE,TRUE,42
"2.2.2.3.2.2.2.2.1.2.2.2.2.2.2.2.2.3.2.3.4.3",0.47173685275907,FALSE,TRUE,41
"2.2.2.3.2.2.2.2.1.2.2.2.2.2.2.2.2.3.2.2.5.3",0.450929449812799,FALSE,TRUE,41
"2.2.2.3.2.2.2.2.1.2.2.2.2.2.2.2.2.3.2.2.4.4",0.487873857763122,FALSE,TRUE,41
"1.2.2.3.2.2.2.2.1.2.2.2.2.2.2.2.2.3.2.2.4.3",0.515778014088499,FALSE,TRUE,40
"2.1.2.3.2.2.2.2.1.2.2.2.2.2.2.2.2.3.2.2.4.3",0.45919467060527,FALSE,TRUE,40
"2.2.1.3.2.2.2.2.1.2.2.2.2.2.2.2.2.3.2.2.4.3",0.521366638433608,FALSE,TRUE,40
"2.2.2.2.2.2.2.2.1.2.2.2.2.2.2.2.2.3.2.2.4.3",0.463327167882907,FALSE,TRUE,41
"2.2.2.3.1.2.2.2.1.2.2.2.2.2.2.2.2.3.2.2.4.3",0.449538103729226,FALSE,TRUE,40
"2.2.2.3.2.1.2.2.1.2.2.2.2.2.2.2.2.3.2.2.4.3",0.472630977389447,FALSE,TRUE,40
"2.2.2.3.2.2.1.2.1.2.2.2.2.2.2.2.2.3.2.2.4.3",0.494921197975571,FALSE,TRUE,40
"2.2.2.3.2.2.2.1.1.2.2.2.2.2.2.2.2.3.2.2.4.3",0.476543672586422,FALSE,TRUE,40
"2.2.2.3.2.2.2.2.1.1.2.2.2.2.2.2.2.3.2.2.4.3",0.482596520446425,FALSE,TRUE,40
"2.2.2.3.2.2.2.2.1.2.1.2.2.2.2.2.2.3.2.2.4.3",0.512782498985704,FALSE,TRUE,39
"2.2.2.3.2.2.2.2.1.2.2.1.2.2.2.2.2.3.2.2.4.3",0.509345991270717,FALSE,TRUE,40
"2.2.2.3.2.2.2.2.1.2.2.2.1.2.2.2.2.3.2.2.4.3",0.456202940607316,FALSE,TRUE,40
"2.2.2.3.2.2.2.2.1.2.2.2.2.1.2.2.2.3.2.2.4.3",0.475247725253476,FALSE,TRUE,40
"2.2.2.3.2.2.2.2.1.2.2.2.2.2.1.2.2.3.2.2.4.3",0.428683056290761,FALSE,TRUE,40
"2.2.2.3.2.2.2.2.1.2.2.2.2.2.2.1.2.3.2.2.4.3",0.474551921100668,FALSE,TRUE,40
"2.2.2.3.2.2.2.2.1.2.2.2.2.2.2.2.1.3.2.2.4.3",0.452235144689934,FALSE,TRUE,40
"2.2.2.3.2.2.2.2.1.2.2.2.2.2.2.2.2.3.1.2.4.3",0.474725723542883,FALSE,TRUE,40
"2.2.2.3.2.2.2.2.1.2.2.2.2.2.2.2.2.3.2.1.4.3",0.45459179151059,FALSE,TRUE,40
"2.2.2.3.2.2.2.2.1.2.2.2.2.2.2.2.2.3.2.2.3.3",0.475537398214965,FALSE,TRUE,39
"2.2.2.3.2.2.2.2.1.2.2.2.2.2.2.2.2.3.2.2.4.2",0.443650247230209,FALSE,TRUE,40
"3.2.2.2.2.2.2.2.2.2.2.2.2.2.3.2.2.2.2.2.4.2",0.374950459040909,FALSE,TRUE,42
"2.3.2.2.2.2.2.2.2.2.2.2.2.2.3.2.2.2.2.2.4.2",0.419480337351699,FALSE,TRUE,42
"2.2.3.2.2.2.2.2.2.2.2.2.2.2.3.2.2.2.2.2.4.2",0.371013392207293,FALSE,TRUE,42
"2.2.2.3.2.2.2.2.2.2.2.2.2.2.3.2.2.2.2.2.4.2",0.434160619385667,FALSE,TRUE,40
"2.2.2.2.3.2.2.2.2.2.2.2.2.2.3.2.2.2.2.2.4.2",0.429550014485409,FALSE,TRUE,42
"2.2.2.2.2.3.2.2.2.2.2.2.2.2.3.2.2.2.2.2.4.2",0.412040460204656,FALSE,TRUE,42
"2.2.2.2.2.2.3.2.2.2.2.2.2.2.3.2.2.2.2.2.4.2",0.382250536681777,FALSE,TRUE,41
"2.2.2.2.2.2.2.3.2.2.2.2.2.2.3.2.2.2.2.2.4.2",0.414813894163767,FALSE,TRUE,42
"2.2.2.2.2.2.2.2.3.2.2.2.2.2.3.2.2.2.2.2.4.2",0.366990468203372,FALSE,TRUE,42
"2.2.2.2.2.2.2.2.2.3.2.2.2.2.3.2.2.2.2.2.4.2",0.420068660544415,FALSE,TRUE,42
"2.2.2.2.2.2.2.2.2.2.3.2.2.2.3.2.2.2.2.2.4.2",0.36845666940202,FALSE,TRUE,41
"2.2.2.2.2.2.2.2.2.2.2.3.2.2.3.2.2.2.2.2.4.2",0.363286102333397,FALSE,TRUE,42
"2.2.2.2.2.2.2.2.2.2.2.2.3.2.3.2.2.2.2.2.4.2",0.436871644177758,FALSE,TRUE,42
"2.2.2.2.2.2.2.2.2.2.2.2.2.3.3.2.2.2.2.2.4.2",0.415496162262393,FALSE,TRUE,42
"2.2.2.2.2.2.2.2.2.2.2.2.2.2.4.2.2.2.2.2.4.2",0.442982162168978,FALSE,TRUE,42
"2.2.2.2.2.2.2.2.2.2.2.2.2.2.3.3.2.2.2.2.4.2",0.400292152503768,FALSE,TRUE,42
"2.2.2.2.2.2.2.2.2.2.2.2.2.2.3.2.3.2.2.2.4.2",0.431023991095799,FALSE,TRUE,41
"2.2.2.2.2.2.2.2.2.2.2.2.2.2.3.2.2.3.2.2.4.2",0.405357569425788,FALSE,TRUE,42
"2.2.2.2.2.2.2.2.2.2.2.2.2.2.3.2.2.2.3.2.4.2",0.396316333727706,FALSE,TRUE,42
"2.2.2.2.2.2.2.2.2.2.2.2.2.2.3.2.2.2.2.3.4.2",0.437356743023095,FALSE,TRUE,42
"2.2.2.2.2.2.2.2.2.2.2.2.2.2.3.2.2.2.2.2.5.2",0.40420593384127,FALSE,TRUE,43
"2.2.2.2.2.2.2.2.2.2.2.2.2.2.3.2.2.2.2.2.4.3",0.449692034776619,FALSE,TRUE,40
"2.1.2.2.2.2.2.2.2.2.2.2.2.2.3.2.2.2.2.2.4.2",0.414482261114854,FALSE,TRUE,41
"2.2.1.2.2.2.2.2.2.2.2.2.2.2.3.2.2.2.2.2.4.2",0.472384880395413,FALSE,TRUE,41
"2.2.2.1.2.2.2.2.2.2.2.2.2.2.3.2.2.2.2.2.4.2",0.412160133295996,FALSE,TRUE,41
"2.2.2.2.1.2.2.2.2.2.2.2.2.2.3.2.2.2.2.2.4.2",0.415581666782054,FALSE,TRUE,41
"2.2.2.2.2.1.2.2.2.2.2.2.2.2.3.2.2.2.2.2.4.2",0.429402968348014,FALSE,TRUE,41
"2.2.2.2.2.2.1.2.2.2.2.2.2.2.3.2.2.2.2.2.4.2",0.461625434511526,FALSE,TRUE,41
"2.2.2.2.2.2.2.1.2.2.2.2.2.2.3.2.2.2.2.2.4.2",0.428381456116328,FALSE,TRUE,41
"2.2.2.2.2.2.2.2.1.2.2.2.2.2.3.2.2.2.2.2.4.2",0.479566451579148,FALSE,TRUE,41
"2.2.2.2.2.2.2.2.2.1.2.2.2.2.3.2.2.2.2.2.4.2",0.427366501121535,FALSE,TRUE,41
"2.2.2.2.2.2.2.2.2.2.1.2.2.2.3.2.2.2.2.2.4.2",0.470225795723494,FALSE,TRUE,41
"2.2.2.2.2.2.2.2.2.2.2.1.2.2.3.2.2.2.2.2.4.2",0.47815042310147,FALSE,TRUE,41
"2.2.2.2.2.2.2.2.2.2.2.2.1.2.3.2.2.2.2.2.4.2",0.411280282033032,FALSE,TRUE,41
"2.2.2.2.2.2.2.2.2.2.2.2.2.1.3.2.2.2.2.2.4.2",0.431177666441832,FALSE,TRUE,41
"2.2.2.2.2.2.2.2.2.2.2.2.2.2.3.1.2.2.2.2.4.2",0.448685267293329,FALSE,TRUE,41
"2.2.2.2.2.2.2.2.2.2.2.2.2.2.3.2.1.2.2.2.4.2",0.410971453562338,FALSE,TRUE,41
"2.2.2.2.2.2.2.2.2.2.2.2.2.2.3.2.2.1.2.2.4.2",0.444089219188853,FALSE,TRUE,41
"2.2.2.2.2.2.2.2.2.2.2.2.2.2.3.2.2.2.1.2.4.2",0.445130240949886,FALSE,TRUE,40
"2.2.2.2.2.2.2.2.2.2.2.2.2.2.3.2.2.2.2.1.4.2",0.404639274482658,FALSE,TRUE,41
"2.2.2.2.2.2.2.2.2.2.2.2.2.2.3.2.2.2.2.2.4.1",0.398544682760613,FALSE,TRUE,41
"3.2.2.3.2.2.2.2.2.2.2.2.2.2.2.2.2.2.2.2.4.2",0.348833887555313,FALSE,TRUE,42
"2.3.2.3.2.2.2.2.2.2.2.2.2.2.2.2.2.2.2.2.4.2",0.399849293656382,FALSE,TRUE,42
"2.2.3.3.2.2.2.2.2.2.2.2.2.2.2.2.2.2.2.2.4.2",0.342376031666723,FALSE,TRUE,42
"2.2.2.4.2.2.2.2.2.2.2.2.2.2.2.2.2.2.2.2.4.2",0.403230354971436,FALSE,TRUE,42
"2.2.2.3.3.2.2.2.2.2.2.2.2.2.2.2.2.2.2.2.4.2",0.417426946403502,FALSE,TRUE,42
"2.2.2.3.2.3.2.2.2.2.2.2.2.2.2.2.2.2.2.2.4.2",0.385377160840054,FALSE,TRUE,42
"2.2.2.3.2.2.3.2.2.2.2.2.2.2.2.2.2.2.2.2.4.2",0.364897623049235,FALSE,TRUE,40
"2.2.2.3.2.2.2.3.2.2.2.2.2.2.2.2.2.2.2.2.4.2",0.392668143963677,FALSE,TRUE,42
"2.2.2.3.2.2.2.2.3.2.2.2.2.2.2.2.2.2.2.2.4.2",0.339785701170752,FALSE,TRUE,42
"2.2.2.3.2.2.2.2.2.3.2.2.2.2.2.2.2.2.2.2.4.2",0.385486846270615,FALSE,TRUE,42
"2.2.2.3.2.2.2.2.2.2.3.2.2.2.2.2.2.2.2.2.4.2",0.343184238059607,FALSE,TRUE,40
"2.2.2.3.2.2.2.2.2.2.2.3.2.2.2.2.2.2.2.2.4.2",0.341986161633299,FALSE,TRUE,42
"2.2.2.3.2.2.2.2.2.2.2.2.3.2.2.2.2.2.2.2.4.2",0.413704211640216,FALSE,TRUE,42
"2.2.2.3.2.2.2.2.2.2.2.2.2.2.2.3.2.2.2.2.4.2",0.382192378682128,FALSE,TRUE,41
"2.2.2.3.2.2.2.2.2.2.2.2.2.2.2.2.3.2.2.2.4.2",0.411548317337352,FALSE,TRUE,40
"2.2.2.3.2.2.2.2.2.2.2.2.2.2.2.2.2.3.2.2.4.2",0.384257332617264,FALSE,TRUE,41
"2.2.2.3.2.2.2.2.2.2.2.2.2.2.2.2.2.2.3.2.4.2",0.374925586560196,FALSE,TRUE,40
"2.2.2.3.2.2.2.2.2.2.2.2.2.2.2.2.2.2.2.3.4.2",0.409559356428428,FALSE,TRUE,42
"2.2.2.3.2.2.2.2.2.2.2.2.2.2.2.2.2.2.2.2.5.2",0.385625604797719,FALSE,TRUE,42
"1.2.2.3.2.2.2.2.2.2.2.2.2.2.2.2.2.2.2.2.4.2",0.450816467173178,FALSE,TRUE,41
"2.1.2.3.2.2.2.2.2.2.2.2.2.2.2.2.2.2.2.2.4.2",0.388872413675657,FALSE,TRUE,41
"2.2.1.3.2.2.2.2.2.2.2.2.2.2.2.2.2.2.2.2.4.2",0.455772252799432,FALSE,TRUE,40
"2.2.2.3.1.2.2.2.2.2.2.2.2.2.2.2.2.2.2.2.4.2",0.381132628242627,FALSE,TRUE,41
"2.2.2.3.2.1.2.2.2.2.2.2.2.2.2.2.2.2.2.2.4.2",0.410601119022553,FALSE,TRUE,41
"2.2.2.3.2.2.1.2.2.2.2.2.2.2.2.2.2.2.2.2.4.2",0.431168237055954,FALSE,TRUE,41
"2.2.2.3.2.2.2.1.2.2.2.2.2.2.2.2.2.2.2.2.4.2",0.40238985524127,FALSE,TRUE,41
"2.2.2.3.2.2.2.2.2.1.2.2.2.2.2.2.2.2.2.2.4.2",0.414791365741067,FALSE,TRUE,41
"2.2.2.3.2.2.2.2.2.2.1.2.2.2.2.2.2.2.2.2.4.2",0.449523206986423,FALSE,TRUE,40
"2.2.2.3.2.2.2.2.2.2.2.1.2.2.2.2.2.2.2.2.4.2",0.452884287404055,FALSE,TRUE,41
"2.2.2.3.2.2.2.2.2.2.2.2.1.2.2.2.2.2.2.2.4.2",0.387405233543576,FALSE,TRUE,41
"2.2.2.3.2.2.2.2.2.2.2.2.2.1.2.2.2.2.2.2.4.2",0.409416206849798,FALSE,TRUE,41
"2.2.2.3.2.2.2.2.2.2.2.2.2.2.1.2.2.2.2.2.4.2",0.357060550737627,FALSE,TRUE,41
"2.2.2.3.2.2.2.2.2.2.2.2.2.2.2.1.2.2.2.2.4.2",0.418327705120509,FALSE,TRUE,40
"2.2.2.3.2.2.2.2.2.2.2.2.2.2.2.2.1.2.2.2.4.2",0.386027019600028,FALSE,TRUE,41
"2.2.2.3.2.2.2.2.2.2.2.2.2.2.2.2.2.1.2.2.4.2",0.418640092182424,FALSE,TRUE,41
"2.2.2.3.2.2.2.2.2.2.2.2.2.2.2.2.2.2.1.2.4.2",0.421132126828699,FALSE,TRUE,39
"2.2.2.3.2.2.2.2.2.2.2.2.2.2.2.2.2.2.2.1.4.2",0.387309093668409,FALSE,TRUE,41
"2.2.2.3.2.2.2.2.2.2.2.2.2.2.2.2.2.2.2.2.4.1",0.376550490524623,FALSE,TRUE,42
"3.2.2.3.2.2.2.2.2.2.2.2.2.3.2.1.2.2.2.2.4.3",0.361600355247422,FALSE,TRUE,41
"2.3.2.3.2.2.2.2.2.2.2.2.2.3.2.1.2.2.2.2.4.3",0.410404209489488,FALSE,TRUE,41
"2.2.3.3.2.2.2.2.2.2.2.2.2.3.2.1.2.2.2.2.4.3",0.357720019316541,FALSE,TRUE,41
"2.2.2.4.2.2.2.2.2.2.2.2.2.3.2.1.2.2.2.2.4.3",0.420556891670974,FALSE,TRUE,41
"2.2.2.3.3.2.2.2.2.2.2.2.2.3.2.1.2.2.2.2.4.3",0.444540717446146,FALSE,TRUE,41
"2.2.2.3.2.3.2.2.2.2.2.2.2.3.2.1.2.2.2.2.4.3",0.402967500040054,FALSE,TRUE,41
"2.2.2.3.2.2.3.2.2.2.2.2.2.3.2.1.2.2.2.2.4.3",0.389315213305837,FALSE,TRUE,41
"2.2.2.3.2.2.2.3.2.2.2.2.2.3.2.1.2.2.2.2.4.3",0.399764803008544,FALSE,TRUE,41
"2.2.2.3.2.2.2.2.3.2.2.2.2.3.2.1.2.2.2.2.4.3",0.363926634891468,FALSE,TRUE,40
"2.2.2.3.2.2.2.2.2.3.2.2.2.3.2.1.2.2.2.2.4.3",0.39449450898293,FALSE,TRUE,41
"2.2.2.3.2.2.2.2.2.2.3.2.2.3.2.1.2.2.2.2.4.3",0.352315062756597,FALSE,TRUE,41
"2.2.2.3.2.2.2.2.2.2.2.3.2.3.2.1.2.2.2.2.4.3",0.362396381035924,FALSE,TRUE,41
"2.2.2.3.2.2.2.2.2.2.2.2.3.3.2.1.2.2.2.2.4.3",0.424299058204107,FALSE,TRUE,41
"2.2.2.3.2.2.2.2.2.2.2.2.2.4.2.1.2.2.2.2.4.3",0.406294552596997,FALSE,TRUE,41
"2.2.2.3.2.2.2.2.2.2.2.2.2.3.3.1.2.2.2.2.4.3",0.460987182530676,FALSE,TRUE,41
"2.2.2.3.2.2.2.2.2.2.2.2.2.3.2.1.3.2.2.2.4.3",0.418175731738778,FALSE,TRUE,41
"2.2.2.3.2.2.2.2.2.2.2.2.2.3.2.1.2.3.2.2.4.3",0.404949601239852,FALSE,TRUE,41
"2.2.2.3.2.2.2.2.2.2.2.2.2.3.2.1.2.2.3.2.4.3",0.397653857861158,FALSE,TRUE,41
"2.2.2.3.2.2.2.2.2.2.2.2.2.3.2.1.2.2.2.3.4.3",0.418176046980504,FALSE,TRUE,41
"2.2.2.3.2.2.2.2.2.2.2.2.2.3.2.1.2.2.2.2.5.3",0.413115827250233,FALSE,TRUE,41
"2.2.2.3.2.2.2.2.2.2.2.2.2.3.2.1.2.2.2.2.4.4",0.438192012933953,FALSE,TRUE,41
"1.2.2.3.2.2.2.2.2.2.2.2.2.3.2.1.2.2.2.2.4.3",0.479642809607834,FALSE,TRUE,40
"2.1.2.3.2.2.2.2.2.2.2.2.2.3.2.1.2.2.2.2.4.3",0.421631264803414,FALSE,TRUE,40
"2.2.1.3.2.2.2.2.2.2.2.2.2.3.2.1.2.2.2.2.4.3",0.482236967523576,FALSE,TRUE,40
"2.2.2.2.2.2.2.2.2.2.2.2.2.3.2.1.2.2.2.2.4.3",0.419830618860739,FALSE,TRUE,41
"2.2.2.3.1.2.2.2.2.2.2.2.2.3.2.1.2.2.2.2.4.3",0.395514609229326,FALSE,TRUE,40
"2.2.2.3.2.1.2.2.2.2.2.2.2.3.2.1.2.2.2.2.4.3",0.433996885652417,FALSE,TRUE,40
"2.2.2.3.2.2.1.2.2.2.2.2.2.3.2.1.2.2.2.2.4.3",0.448846305249726,FALSE,TRUE,40
"2.2.2.3.2.2.2.1.2.2.2.2.2.3.2.1.2.2.2.2.4.3",0.437252683411312,FALSE,TRUE,40
"2.2.2.3.2.2.2.2.1.2.2.2.2.3.2.1.2.2.2.2.4.3",0.477317668093513,FALSE,TRUE,39
"2.2.2.3.2.2.2.2.2.1.2.2.2.3.2.1.2.2.2.2.4.3",0.447129263711958,FALSE,TRUE,40
"2.2.2.3.2.2.2.2.2.2.1.2.2.3.2.1.2.2.2.2.4.3",0.481926385249054,FALSE,TRUE,40
"2.2.2.3.2.2.2.2.2.2.2.1.2.3.2.1.2.2.2.2.4.3",0.471891337083908,FALSE,TRUE,40
"2.2.2.3.2.2.2.2.2.2.2.2.1.3.2.1.2.2.2.2.4.3",0.419006809177854,FALSE,TRUE,40
"2.2.2.3.2.2.2.2.2.2.2.2.2.3.1.1.2.2.2.2.4.3",0.371047535119307,FALSE,TRUE,40
"2.2.2.3.2.2.2.2.2.2.2.2.2.3.2.1.1.2.2.2.4.3",0.420167150529691,FALSE,TRUE,40
"2.2.2.3.2.2.2.2.2.2.2.2.2.3.2.1.2.1.2.2.4.3",0.439127842842928,FALSE,TRUE,40
"2.2.2.3.2.2.2.2.2.2.2.2.2.3.2.1.2.2.1.2.4.3",0.43871224860132,FALSE,TRUE,40
"2.2.2.3.2.2.2.2.2.2.2.2.2.3.2.1.2.2.2.1.4.3",0.419752657260877,FALSE,TRUE,40
"2.2.2.3.2.2.2.2.2.2.2.2.2.3.2.1.2.2.2.2.4.2",0.40496066772052,FALSE,TRUE,40
"1.3.2.2.2.2.2.2.2.2.3.2.2.2.2.1.1.2.1.2.2.2",0.448601084006446,FALSE,TRUE,38
"1.2.3.2.2.2.2.2.2.2.3.2.2.2.2.1.1.2.1.2.2.2",0.400500615905705,FALSE,TRUE,38
"1.2.2.3.2.2.2.2.2.2.3.2.2.2.2.1.1.2.1.2.2.2",0.43827045456316,FALSE,TRUE,38
"1.2.2.2.3.2.2.2.2.2.3.2.2.2.2.1.1.2.1.2.2.2",0.471231966549619,FALSE,TRUE,38
"1.2.2.2.2.3.2.2.2.2.3.2.2.2.2.1.1.2.1.2.2.2",0.434821049357073,FALSE,TRUE,38
"1.2.2.2.2.2.3.2.2.2.3.2.2.2.2.1.1.2.1.2.2.2",0.423854502944709,FALSE,TRUE,38
"1.2.2.2.2.2.2.3.2.2.3.2.2.2.2.1.1.2.1.2.2.2",0.439472769483454,FALSE,TRUE,38
"1.2.2.2.2.2.2.2.3.2.3.2.2.2.2.1.1.2.1.2.2.2",0.40134202216494,FALSE,TRUE,38
"1.2.2.2.2.2.2.2.2.3.3.2.2.2.2.1.1.2.1.2.2.2",0.430322570049858,FALSE,TRUE,38
"1.2.2.2.2.2.2.2.2.2.4.2.2.2.2.1.1.2.1.2.2.2",0.402663246187694,FALSE,TRUE,38
"1.2.2.2.2.2.2.2.2.2.3.3.2.2.2.1.1.2.1.2.2.2",0.403722819244792,FALSE,TRUE,38
"1.2.2.2.2.2.2.2.2.2.3.2.3.2.2.1.1.2.1.2.2.2",0.467620198775586,FALSE,TRUE,38
"1.2.2.2.2.2.2.2.2.2.3.2.2.3.2.1.1.2.1.2.2.2",0.443828292753182,FALSE,TRUE,37
"1.2.2.2.2.2.2.2.2.2.3.2.2.2.3.1.1.2.1.2.2.2",0.48277247518653,FALSE,TRUE,38
"1.2.2.2.2.2.2.2.2.2.3.2.2.2.2.2.1.2.1.2.2.2",0.435875009486865,FALSE,TRUE,38
"1.2.2.2.2.2.2.2.2.2.3.2.2.2.2.1.1.3.1.2.2.2",0.440066962347538,FALSE,TRUE,38
"1.2.2.2.2.2.2.2.2.2.3.2.2.2.2.1.1.2.2.2.2.2",0.43469769983497,FALSE,TRUE,39
"1.2.2.2.2.2.2.2.2.2.3.2.2.2.2.1.1.2.1.3.2.2",0.4581623366522,FALSE,TRUE,38
"1.2.2.2.2.2.2.2.2.2.3.2.2.2.2.1.1.2.1.2.3.2",0.439838131191208,FALSE,TRUE,38
"1.2.2.2.2.2.2.2.2.2.3.2.2.2.2.1.1.2.1.2.2.3",0.470754234597213,FALSE,TRUE,38
"1.1.2.2.2.2.2.2.2.2.3.2.2.2.2.1.1.2.1.2.2.2",0.44358363107273,FALSE,TRUE,37
"1.2.1.2.2.2.2.2.2.2.3.2.2.2.2.1.1.2.1.2.2.2",0.497136346967535,FALSE,TRUE,37
"1.2.2.1.2.2.2.2.2.2.3.2.2.2.2.1.1.2.1.2.2.2",0.46272626328116,FALSE,TRUE,37
"1.2.2.2.1.2.2.2.2.2.3.2.2.2.2.1.1.2.1.2.2.2",0.429338246133464,FALSE,TRUE,37
"1.2.2.2.2.1.2.2.2.2.3.2.2.2.2.1.1.2.1.2.2.2",0.462031793429189,FALSE,TRUE,37
"1.2.2.2.2.2.1.2.2.2.3.2.2.2.2.1.1.2.1.2.2.2",0.473338758244147,FALSE,TRUE,37
"1.2.2.2.2.2.2.1.2.2.3.2.2.2.2.1.1.2.1.2.2.2",0.456996969466088,FALSE,TRUE,37
"1.2.2.2.2.2.2.2.1.2.3.2.2.2.2.1.1.2.1.2.2.2",0.498129469106556,FALSE,TRUE,37
"1.2.2.2.2.2.2.2.2.1.3.2.2.2.2.1.1.2.1.2.2.2",0.471076576981039,FALSE,TRUE,37
"1.2.2.2.2.2.2.2.2.2.2.2.2.2.2.1.1.2.1.2.2.2",0.491751505188554,FALSE,TRUE,38
"1.2.2.2.2.2.2.2.2.2.3.1.2.2.2.1.1.2.1.2.2.2",0.490990463934856,FALSE,TRUE,37
"1.2.2.2.2.2.2.2.2.2.3.2.1.2.2.1.1.2.1.2.2.2",0.434988295915585,FALSE,TRUE,37
"1.2.2.2.2.2.2.2.2.2.3.2.2.1.2.1.1.2.1.2.2.2",0.457163747468301,FALSE,TRUE,37
"1.2.2.2.2.2.2.2.2.2.3.2.2.2.1.1.1.2.1.2.2.2",0.409841718354952,FALSE,TRUE,37
"1.2.2.2.2.2.2.2.2.2.3.2.2.2.2.1.1.1.1.2.2.2",0.463619806885275,FALSE,TRUE,37
"1.2.2.2.2.2.2.2.2.2.3.2.2.2.2.1.1.2.1.1.2.2",0.440346812400601,FALSE,TRUE,37
"1.2.2.2.2.2.2.2.2.2.3.2.2.2.2.1.1.2.1.2.1.2",0.457358008663565,FALSE,TRUE,37
"1.2.2.2.2.2.2.2.2.2.3.2.2.2.2.1.1.2.1.2.2.1",0.432646805414463,FALSE,TRUE,37
"3.2.2.3.3.2.2.2.2.3.1.2.2.2.2.2.2.2.2.2.3.3",0.428474417816504,FALSE,TRUE,40
"2.3.2.3.3.2.2.2.2.3.1.2.2.2.2.2.2.2.2.2.3.3",0.477569558562399,FALSE,TRUE,40
"2.2.3.3.3.2.2.2.2.3.1.2.2.2.2.2.2.2.2.2.3.3",0.43353505696796,FALSE,TRUE,40
"2.2.2.4.3.2.2.2.2.3.1.2.2.2.2.2.2.2.2.2.3.3",0.475817824165397,FALSE,TRUE,40
"2.2.2.3.4.2.2.2.2.3.1.2.2.2.2.2.2.2.2.2.3.3",0.505273773618033,FALSE,TRUE,40
"2.2.2.3.3.3.2.2.2.3.1.2.2.2.2.2.2.2.2.2.3.3",0.454729109575878,FALSE,TRUE,40
"2.2.2.3.3.2.3.2.2.3.1.2.2.2.2.2.2.2.2.2.3.3",0.449812086039393,FALSE,TRUE,40
"2.2.2.3.3.2.2.3.2.3.1.2.2.2.2.2.2.2.2.2.3.3",0.463735757058999,FALSE,TRUE,40
"2.2.2.3.3.2.2.2.3.3.1.2.2.2.2.2.2.2.2.2.3.3",0.435817810368881,FALSE,TRUE,40
"2.2.2.3.3.2.2.2.2.4.1.2.2.2.2.2.2.2.2.2.3.3",0.457254657623745,FALSE,TRUE,41
"2.2.2.3.3.2.2.2.2.3.2.2.2.2.2.2.2.2.2.2.3.3",0.43279786895007,FALSE,TRUE,40
"2.2.2.3.3.2.2.2.2.3.1.3.2.2.2.2.2.2.2.2.3.3",0.426360304954451,FALSE,TRUE,40
"2.2.2.3.3.2.2.2.2.3.1.2.3.2.2.2.2.2.2.2.3.3",0.494717198500777,FALSE,TRUE,40
"2.2.2.3.3.2.2.2.2.3.1.2.2.3.2.2.2.2.2.2.3.3",0.474078512387136,FALSE,TRUE,40
"2.2.2.3.3.2.2.2.2.3.1.2.2.2.3.2.2.2.2.2.3.3",0.510794019259137,FALSE,TRUE,40
"2.2.2.3.3.2.2.2.2.3.1.2.2.2.2.2.3.2.2.2.3.3",0.499089599229307,FALSE,TRUE,40
"2.2.2.3.3.2.2.2.2.3.1.2.2.2.2.2.2.3.2.2.3.3",0.471505222651106,FALSE,TRUE,40
"2.2.2.3.3.2.2.2.2.3.1.2.2.2.2.2.2.2.3.2.3.3",0.462919812171695,FALSE,TRUE,40
"2.2.2.3.3.2.2.2.2.3.1.2.2.2.2.2.2.2.2.3.3.3",0.497569035187105,FALSE,TRUE,40
"2.2.2.3.3.2.2.2.2.3.1.2.2.2.2.2.2.2.2.2.4.3",0.479565363410464,FALSE,TRUE,40
"2.2.2.3.3.2.2.2.2.3.1.2.2.2.2.2.2.2.2.2.3.4",0.507556145406811,FALSE,TRUE,40
"1.2.2.3.3.2.2.2.2.3.1.2.2.2.2.2.2.2.2.2.3.3",0.53418793169703,FALSE,TRUE,39
"2.1.2.3.3.2.2.2.2.3.1.2.2.2.2.2.2.2.2.2.3.3",0.4763155359261,FALSE,TRUE,39
"2.2.1.3.3.2.2.2.2.3.1.2.2.2.2.2.2.2.2.2.3.3",0.527253100146921,FALSE,TRUE,39
"2.2.2.2.3.2.2.2.2.3.1.2.2.2.2.2.2.2.2.2.3.3",0.488082533950077,FALSE,TRUE,40
"2.2.2.3.3.1.2.2.2.3.1.2.2.2.2.2.2.2.2.2.3.3",0.505088023562422,FALSE,TRUE,39
"2.2.2.3.3.2.1.2.2.3.1.2.2.2.2.2.2.2.2.2.3.3",0.510724294334622,FALSE,TRUE,39
"2.2.2.3.3.2.2.1.2.3.1.2.2.2.2.2.2.2.2.2.3.3",0.496031518856226,FALSE,TRUE,39
"2.2.2.3.3.2.2.2.1.3.1.2.2.2.2.2.2.2.2.2.3.3",0.525902907547024,FALSE,TRUE,38
"2.2.2.3.3.2.2.2.2.3.1.1.2.2.2.2.2.2.2.2.3.3",0.53106861879532,FALSE,TRUE,39
"2.2.2.3.3.2.2.2.2.3.1.2.1.2.2.2.2.2.2.2.3.3",0.471053347727595,FALSE,TRUE,39
"2.2.2.3.3.2.2.2.2.3.1.2.2.1.2.2.2.2.2.2.3.3",0.490298464761284,FALSE,TRUE,39
"2.2.2.3.3.2.2.2.2.3.1.2.2.2.1.2.2.2.2.2.3.3",0.445012512838024,FALSE,TRUE,39
"2.2.2.3.3.2.2.2.2.3.1.2.2.2.2.1.2.2.2.2.3.3",0.494400104631125,FALSE,TRUE,40
"2.2.2.3.3.2.2.2.2.3.1.2.2.2.2.2.1.2.2.2.3.3",0.46443293298121,FALSE,TRUE,39
"2.2.2.3.3.2.2.2.2.3.1.2.2.2.2.2.2.1.2.2.3.3",0.495133587293592,FALSE,TRUE,39
"2.2.2.3.3.2.2.2.2.3.1.2.2.2.2.2.2.2.1.2.3.3",0.49654967015634,FALSE,TRUE,39
"2.2.2.3.3.2.2.2.2.3.1.2.2.2.2.2.2.2.2.1.3.3",0.465268701501911,FALSE,TRUE,39
"2.2.2.3.3.2.2.2.2.3.1.2.2.2.2.2.2.2.2.2.2.3",0.479876556157498,FALSE,TRUE,40
"2.2.2.3.3.2.2.2.2.3.1.2.2.2.2.2.2.2.2.2.3.2",0.46000805083882,FALSE,TRUE,40
"3.2.2.3.2.2.2.2.2.2.2.3.2.2.2.3.2.2.2.2.3.3",0.291643081978175,FALSE,TRUE,42
"2.3.2.3.2.2.2.2.2.2.2.3.2.2.2.3.2.2.2.2.3.3",0.360841907538228,FALSE,TRUE,42
"2.2.3.3.2.2.2.2.2.2.2.3.2.2.2.3.2.2.2.2.3.3",0.313816752077069,FALSE,TRUE,42
"2.2.2.4.2.2.2.2.2.2.2.3.2.2.2.3.2.2.2.2.3.3",0.368632125283795,FALSE,TRUE,42
"2.2.2.3.3.2.2.2.2.2.2.3.2.2.2.3.2.2.2.2.3.3",0.386943455640873,FALSE,TRUE,42
"2.2.2.3.2.3.2.2.2.2.2.3.2.2.2.3.2.2.2.2.3.3",0.336916694849229,FALSE,TRUE,42
"2.2.2.3.2.2.3.2.2.2.2.3.2.2.2.3.2.2.2.2.3.3",0.34185696162614,FALSE,TRUE,42
"2.2.2.3.2.2.2.3.2.2.2.3.2.2.2.3.2.2.2.2.3.3",0.359031583198087,FALSE,TRUE,42
"2.2.2.3.2.2.2.2.3.2.2.3.2.2.2.3.2.2.2.2.3.3",0.314522512302745,FALSE,TRUE,42
"2.2.2.3.2.2.2.2.2.3.2.3.2.2.2.3.2.2.2.2.3.3",0.333908074246932,FALSE,TRUE,42
"2.2.2.3.2.2.2.2.2.2.3.3.2.2.2.3.2.2.2.2.3.3",0.304890125106634,FALSE,TRUE,42
"2.2.2.3.2.2.2.2.2.2.2.4.2.2.2.3.2.2.2.2.3.3",0.311605135041132,FALSE,TRUE,43
"2.2.2.3.2.2.2.2.2.2.2.3.3.2.2.3.2.2.2.2.3.3",0.395399400295554,FALSE,TRUE,42
"2.2.2.3.2.2.2.2.2.2.2.3.2.3.2.3.2.2.2.2.3.3",0.356611707606205,FALSE,TRUE,41
"2.2.2.3.2.2.2.2.2.2.2.3.2.2.3.3.2.2.2.2.3.3",0.397066420987024,FALSE,TRUE,42
"2.2.2.3.2.2.2.2.2.2.2.3.2.2.2.4.2.2.2.2.3.3",0.363744990079817,FALSE,TRUE,42
"2.2.2.3.2.2.2.2.2.2.2.3.2.2.2.3.3.2.2.2.3.3",0.396733037819467,FALSE,TRUE,42
"2.2.2.3.2.2.2.2.2.2.2.3.2.2.2.3.2.3.2.2.3.3",0.354445963843232,FALSE,TRUE,42
"2.2.2.3.2.2.2.2.2.2.2.3.2.2.2.3.2.2.3.2.3.3",0.342977858768522,FALSE,TRUE,41
"2.2.2.3.2.2.2.2.2.2.2.3.2.2.2.3.2.2.2.3.3.3",0.393760929311321,FALSE,TRUE,42
"2.2.2.3.2.2.2.2.2.2.2.3.2.2.2.3.2.2.2.2.4.3",0.357171517687559,FALSE,TRUE,41
"2.2.2.3.2.2.2.2.2.2.2.3.2.2.2.3.2.2.2.2.3.4",0.405329620472757,FALSE,TRUE,42
"1.2.2.3.2.2.2.2.2.2.2.3.2.2.2.3.2.2.2.2.3.3",0.449398100805632,FALSE,TRUE,41
"2.1.2.3.2.2.2.2.2.2.2.3.2.2.2.3.2.2.2.2.3.3",0.369425852712132,FALSE,TRUE,41
"2.2.1.3.2.2.2.2.2.2.2.3.2.2.2.3.2.2.2.2.3.3",0.423039576739629,FALSE,TRUE,40
"2.2.2.2.2.2.2.2.2.2.2.3.2.2.2.3.2.2.2.2.3.3",0.372601059609368,FALSE,TRUE,41
"2.2.2.3.1.2.2.2.2.2.2.3.2.2.2.3.2.2.2.2.3.3",0.354832512416317,FALSE,TRUE,41
"2.2.2.3.2.1.2.2.2.2.2.3.2.2.2.3.2.2.2.2.3.3",0.401153717275594,FALSE,TRUE,41
"2.2.2.3.2.2.1.2.2.2.2.3.2.2.2.3.2.2.2.2.3.3",0.39628678846443,FALSE,TRUE,41
"2.2.2.3.2.2.2.1.2.2.2.3.2.2.2.3.2.2.2.2.3.3",0.378475190362104,FALSE,TRUE,41
"2.2.2.3.2.2.2.2.1.2.2.3.2.2.2.3.2.2.2.2.3.3",0.425975426494007,FALSE,TRUE,41
"2.2.2.3.2.2.2.2.2.1.2.3.2.2.2.3.2.2.2.2.3.3",0.407466666780182,FALSE,TRUE,41
"2.2.2.3.2.2.2.2.2.2.1.3.2.2.2.3.2.2.2.2.3.3",0.427167661771156,FALSE,TRUE,40
"2.2.2.3.2.2.2.2.2.2.2.3.1.2.2.3.2.2.2.2.3.3",0.347173180460627,FALSE,TRUE,41
"2.2.2.3.2.2.2.2.2.2.2.3.2.1.2.3.2.2.2.2.3.3",0.38391954287988,FALSE,TRUE,41
"2.2.2.3.2.2.2.2.2.2.2.3.2.2.1.3.2.2.2.2.3.3",0.337739821242213,FALSE,TRUE,41
"2.2.2.3.2.2.2.2.2.2.2.3.2.2.2.3.1.2.2.2.3.3",0.342899449450234,FALSE,TRUE,41
"2.2.2.3.2.2.2.2.2.2.2.3.2.2.2.3.2.1.2.2.3.3",0.390086908751456,FALSE,TRUE,41
"2.2.2.3.2.2.2.2.2.2.2.3.2.2.2.3.2.2.1.2.3.3",0.397288660862329,FALSE,TRUE,41
"2.2.2.3.2.2.2.2.2.2.2.3.2.2.2.3.2.2.2.1.3.3",0.344765629336833,FALSE,TRUE,41
"2.2.2.3.2.2.2.2.2.2.2.3.2.2.2.3.2.2.2.2.2.3",0.379875608449898,FALSE,TRUE,42
"2.2.2.3.2.2.2.2.2.2.2.3.2.2.2.3.2.2.2.2.3.2",0.338783183562989,FALSE,TRUE,42
"3.2.3.2.2.2.2.2.1.2.1.1.2.2.2.2.2.2.1.2.3.3",0.496676371012765,FALSE,TRUE,38
"2.3.3.2.2.2.2.2.1.2.1.1.2.2.2.2.2.2.1.2.3.3",0.543340461680255,FALSE,TRUE,38
"2.2.4.2.2.2.2.2.1.2.1.1.2.2.2.2.2.2.1.2.3.3",0.487347810273491,FALSE,TRUE,38
"2.2.3.2.3.2.2.2.1.2.1.1.2.2.2.2.2.2.1.2.3.3",0.547863370214333,FALSE,TRUE,38
"2.2.3.2.2.3.2.2.1.2.1.1.2.2.2.2.2.2.1.2.3.3",0.530624976979516,FALSE,TRUE,38
"2.2.3.2.2.2.3.2.1.2.1.1.2.2.2.2.2.2.1.2.3.3",0.514317067101587,FALSE,TRUE,38
"2.2.3.2.2.2.2.3.1.2.1.1.2.2.2.2.2.2.1.2.3.3",0.527858024823083,FALSE,TRUE,38
"2.2.3.2.2.2.2.2.2.2.1.1.2.2.2.2.2.2.1.2.3.3",0.496457038808297,FALSE,TRUE,39
"2.2.3.2.2.2.2.2.1.3.1.1.2.2.2.2.2.2.1.2.3.3",0.518582100188815,FALSE,TRUE,38
"2.2.3.2.2.2.2.2.1.2.2.1.2.2.2.2.2.2.1.2.3.3",0.499314246233543,FALSE,TRUE,39
"2.2.3.2.2.2.2.2.1.2.1.2.2.2.2.2.2.2.1.2.3.3",0.509436792780085,FALSE,TRUE,38
"2.2.3.2.2.2.2.2.1.2.1.1.3.2.2.2.2.2.1.2.3.3",0.55247384832661,FALSE,TRUE,38
"2.2.3.2.2.2.2.2.1.2.1.1.2.3.2.2.2.2.1.2.3.3",0.538098062581086,FALSE,TRUE,38
"2.2.3.2.2.2.2.2.1.2.1.1.2.2.3.2.2.2.1.2.3.3",0.556914231095677,FALSE,TRUE,38
"2.2.3.2.2.2.2.2.1.2.1.1.2.2.2.3.2.2.1.2.3.3",0.535938103833099,FALSE,TRUE,38
"2.2.3.2.2.2.2.2.1.2.1.1.2.2.2.2.3.2.1.2.3.3",0.565461838402792,FALSE,TRUE,38
"2.2.3.2.2.2.2.2.1.2.1.1.2.2.2.2.2.3.1.2.3.3",0.514747716498224,FALSE,TRUE,38
"2.2.3.2.2.2.2.2.1.2.1.1.2.2.2.2.2.2.2.2.3.3",0.542273963976481,FALSE,TRUE,39
"2.2.3.2.2.2.2.2.1.2.1.1.2.2.2.2.2.2.1.3.3.3",0.544893998332449,FALSE,TRUE,38
"2.2.3.2.2.2.2.2.1.2.1.1.2.2.2.2.2.2.1.2.4.3",0.520971766850191,FALSE,TRUE,38
"2.2.3.2.2.2.2.2.1.2.1.1.2.2.2.2.2.2.1.2.3.4",0.559578197650897,FALSE,TRUE,37
"1.2.3.2.2.2.2.2.1.2.1.1.2.2.2.2.2.2.1.2.3.3",0.576959718036875,FALSE,TRUE,37
"2.1.3.2.2.2.2.2.1.2.1.1.2.2.2.2.2.2.1.2.3.3",0.523848057483854,FALSE,TRUE,37
"2.2.3.1.2.2.2.2.1.2.1.1.2.2.2.2.2.2.1.2.3.3",0.553199585241248,FALSE,TRUE,38
"2.2.3.2.1.2.2.2.1.2.1.1.2.2.2.2.2.2.1.2.3.3",0.527457523386683,FALSE,TRUE,37
"2.2.3.2.2.1.2.2.1.2.1.1.2.2.2.2.2.2.1.2.3.3",0.540218131931385,FALSE,TRUE,37
"2.2.3.2.2.2.1.2.1.2.1.1.2.2.2.2.2.2.1.2.3.3",0.558469419099644,FALSE,TRUE,37
"2.2.3.2.2.2.2.1.1.2.1.1.2.2.2.2.2.2.1.2.3.3",0.544352704207928,FALSE,TRUE,37
"2.2.3.2.2.2.2.2.1.1.1.1.2.2.2.2.2.2.1.2.3.3",0.557919761532695,FALSE,TRUE,37
"2.2.3.2.2.2.2.2.1.2.1.1.1.2.2.2.2.2.1.2.3.3",0.525111807899704,FALSE,TRUE,37
"2.2.3.2.2.2.2.2.1.2.1.1.2.1.2.2.2.2.1.2.3.3",0.538298194106296,FALSE,TRUE,37
"2.2.3.2.2.2.2.2.1.2.1.1.2.2.1.2.2.2.1.2.3.3",0.510408874078464,FALSE,TRUE,37
"2.2.3.2.2.2.2.2.1.2.1.1.2.2.2.1.2.2.1.2.3.3",0.539197873986821,FALSE,TRUE,37
"2.2.3.2.2.2.2.2.1.2.1.1.2.2.2.2.1.2.1.2.3.3",0.509701444527107,FALSE,TRUE,37
"2.2.3.2.2.2.2.2.1.2.1.1.2.2.2.2.2.1.1.2.3.3",0.563379221938984,FALSE,TRUE,37
"2.2.3.2.2.2.2.2.1.2.1.1.2.2.2.2.2.2.1.1.3.3",0.528614183271319,FALSE,TRUE,37
"2.2.3.2.2.2.2.2.1.2.1.1.2.2.2.2.2.2.1.2.2.3",0.550885831622245,FALSE,TRUE,38
"2.2.3.2.2.2.2.2.1.2.1.1.2.2.2.2.2.2.1.2.3.2",0.519109913578213,FALSE,TRUE,38
"3.2.2.2.1.2.2.2.2.2.2.2.2.2.2.2.2.2.2.2.2.2",0.327674512216783,FALSE,TRUE,41
"2.3.2.2.1.2.2.2.2.2.2.2.2.2.2.2.2.2.2.2.2.2",0.393632610391577,FALSE,TRUE,41
"2.2.3.2.1.2.2.2.2.2.2.2.2.2.2.2.2.2.2.2.2.2",0.34893810094391,FALSE,TRUE,41
"2.2.2.3.1.2.2.2.2.2.2.2.2.2.2.2.2.2.2.2.2.2",0.391131926647573,FALSE,TRUE,41
"2.2.2.2.1.3.2.2.2.2.2.2.2.2.2.2.2.2.2.2.2.2",0.363329921765906,FALSE,TRUE,41
"2.2.2.2.1.2.3.2.2.2.2.2.2.2.2.2.2.2.2.2.2.2",0.370414441808981,FALSE,TRUE,40
"2.2.2.2.1.2.2.3.2.2.2.2.2.2.2.2.2.2.2.2.2.2",0.388404754580202,FALSE,TRUE,41
"2.2.2.2.1.2.2.2.3.2.2.2.2.2.2.2.2.2.2.2.2.2",0.348379395219057,FALSE,TRUE,41
"2.2.2.2.1.2.2.2.2.3.2.2.2.2.2.2.2.2.2.2.2.2",0.361545828067024,FALSE,TRUE,41
"2.2.2.2.1.2.2.2.2.2.2.3.2.2.2.2.2.2.2.2.2.2",0.343462222462081,FALSE,TRUE,41
"2.2.2.2.1.2.2.2.2.2.2.2.3.2.2.2.2.2.2.2.2.2",0.419237188855884,FALSE,TRUE,41
"2.2.2.2.1.2.2.2.2.2.2.2.2.3.2.2.2.2.2.2.2.2",0.387126960788274,FALSE,TRUE,41
"2.2.2.2.1.2.2.2.2.2.2.2.2.2.3.2.2.2.2.2.2.2",0.433947071203582,FALSE,TRUE,39
"2.2.2.2.1.2.2.2.2.2.2.2.2.2.2.3.2.2.2.2.2.2",0.395398401556388,FALSE,TRUE,41
"2.2.2.2.1.2.2.2.2.2.2.2.2.2.2.2.3.2.2.2.2.2",0.423781167830851,FALSE,TRUE,40
"2.2.2.2.1.2.2.2.2.2.2.2.2.2.2.2.2.3.2.2.2.2",0.389583602297536,FALSE,TRUE,41
"2.2.2.2.1.2.2.2.2.2.2.2.2.2.2.2.2.2.3.2.2.2",0.375192744870887,FALSE,TRUE,41
"2.2.2.2.1.2.2.2.2.2.2.2.2.2.2.2.2.2.2.3.2.2",0.416349701620832,FALSE,TRUE,41
"2.2.2.2.1.2.2.2.2.2.2.2.2.2.2.2.2.2.2.2.2.3",0.430470783370607,FALSE,TRUE,40
"2.1.2.2.1.2.2.2.2.2.2.2.2.2.2.2.2.2.2.2.2.2",0.400805526302832,FALSE,TRUE,40
"2.2.1.2.1.2.2.2.2.2.2.2.2.2.2.2.2.2.2.2.2.2",0.450150190330893,FALSE,TRUE,40
"2.2.2.1.1.2.2.2.2.2.2.2.2.2.2.2.2.2.2.2.2.2",0.412741024874697,FALSE,TRUE,40
"2.2.2.2.1.1.2.2.2.2.2.2.2.2.2.2.2.2.2.2.2.2",0.437217785901971,FALSE,TRUE,40
"2.2.2.2.1.2.1.2.2.2.2.2.2.2.2.2.2.2.2.2.2.2",0.429918939207413,FALSE,TRUE,39
"2.2.2.2.1.2.2.1.2.2.2.2.2.2.2.2.2.2.2.2.2.2",0.411468678161411,FALSE,TRUE,40
"2.2.2.2.1.2.2.2.2.1.2.2.2.2.2.2.2.2.2.2.2.2",0.442441751840516,FALSE,TRUE,40
"2.2.2.2.1.2.2.2.2.2.1.2.2.2.2.2.2.2.2.2.2.2",0.45119421957561,FALSE,TRUE,40
"2.2.2.2.1.2.2.2.2.2.2.1.2.2.2.2.2.2.2.2.2.2",0.45848879403978,FALSE,TRUE,40
"2.2.2.2.1.2.2.2.2.2.2.2.1.2.2.2.2.2.2.2.2.2",0.386561766022232,FALSE,TRUE,40
"2.2.2.2.1.2.2.2.2.2.2.2.2.1.2.2.2.2.2.2.2.2",0.416598032499044,FALSE,TRUE,40
"2.2.2.2.1.2.2.2.2.2.2.2.2.2.1.2.2.2.2.2.2.2",0.362033261225259,FALSE,TRUE,40
"2.2.2.2.1.2.2.2.2.2.2.2.2.2.2.1.2.2.2.2.2.2",0.410045288406538,FALSE,TRUE,40
"2.2.2.2.1.2.2.2.2.2.2.2.2.2.2.2.1.2.2.2.2.2",0.378675746803716,FALSE,TRUE,40
"2.2.2.2.1.2.2.2.2.2.2.2.2.2.2.2.2.1.2.2.2.2",0.417868341405614,FALSE,TRUE,40
"2.2.2.2.1.2.2.2.2.2.2.2.2.2.2.2.2.2.1.2.2.2",0.427921794040338,FALSE,TRUE,38
"2.2.2.2.1.2.2.2.2.2.2.2.2.2.2.2.2.2.2.1.2.2",0.384750826959378,FALSE,TRUE,40
"2.2.2.2.1.2.2.2.2.2.2.2.2.2.2.2.2.2.2.2.1.2",0.40435088765331,FALSE,TRUE,40
"2.2.2.2.1.2.2.2.2.2.2.2.2.2.2.2.2.2.2.2.2.1",0.37618301598906,FALSE,TRUE,40
"3.2.2.3.3.2.2.2.2.3.1.2.2.2.2.3.2.2.2.2.3.3",0.40751120527597,FALSE,TRUE,41
"2.3.2.3.3.2.2.2.2.3.1.2.2.2.2.3.2.2.2.2.3.3",0.46816750596065,FALSE,TRUE,41
"2.2.3.3.3.2.2.2.2.3.1.2.2.2.2.3.2.2.2.2.3.3",0.422654664895988,FALSE,TRUE,41
"2.2.2.4.3.2.2.2.2.3.1.2.2.2.2.3.2.2.2.2.3.3",0.462073519847274,FALSE,TRUE,41
"2.2.2.3.4.2.2.2.2.3.1.2.2.2.2.3.2.2.2.2.3.3",0.487143707778598,FALSE,TRUE,41
"2.2.2.3.3.3.2.2.2.3.1.2.2.2.2.3.2.2.2.2.3.3",0.438379517266009,FALSE,TRUE,41
"2.2.2.3.3.2.3.2.2.3.1.2.2.2.2.3.2.2.2.2.3.3",0.433637335094516,FALSE,TRUE,41
"2.2.2.3.3.2.2.3.2.3.1.2.2.2.2.3.2.2.2.2.3.3",0.45325125675248,FALSE,TRUE,41
"2.2.2.3.3.2.2.2.3.3.1.2.2.2.2.3.2.2.2.2.3.3",0.418999080362349,FALSE,TRUE,41
"2.2.2.3.3.2.2.2.2.4.1.2.2.2.2.3.2.2.2.2.3.3",0.442117731296217,FALSE,TRUE,41
"2.2.2.3.3.2.2.2.2.3.2.2.2.2.2.3.2.2.2.2.3.3",0.420116943138837,FALSE,TRUE,40
"2.2.2.3.3.2.2.2.2.3.1.3.2.2.2.3.2.2.2.2.3.3",0.411012192770595,FALSE,TRUE,41
"2.2.2.3.3.2.2.2.2.3.1.2.3.2.2.3.2.2.2.2.3.3",0.488468454464034,FALSE,TRUE,41
"2.2.2.3.3.2.2.2.2.3.1.2.2.3.2.3.2.2.2.2.3.3",0.462372050374633,FALSE,TRUE,41
"2.2.2.3.3.2.2.2.2.3.1.2.2.2.3.3.2.2.2.2.3.3",0.489400791425568,FALSE,TRUE,41
"2.2.2.3.3.2.2.2.2.3.1.2.2.2.2.4.2.2.2.2.3.3",0.449916136215634,FALSE,TRUE,42
"2.2.2.3.3.2.2.2.2.3.1.2.2.2.2.3.3.2.2.2.3.3",0.496229928331546,FALSE,TRUE,41
"2.2.2.3.3.2.2.2.2.3.1.2.2.2.2.3.2.3.2.2.3.3",0.456297942320626,FALSE,TRUE,41
"2.2.2.3.3.2.2.2.2.3.1.2.2.2.2.3.2.2.3.2.3.3",0.448298535049635,FALSE,TRUE,41
"2.2.2.3.3.2.2.2.2.3.1.2.2.2.2.3.2.2.2.3.3.3",0.490473976917099,FALSE,TRUE,41
"2.2.2.3.3.2.2.2.2.3.1.2.2.2.2.3.2.2.2.2.4.3",0.462765460606762,FALSE,TRUE,41
"2.2.2.3.3.2.2.2.2.3.1.2.2.2.2.3.2.2.2.2.3.4",0.49891949582267,FALSE,TRUE,41
"1.2.2.3.3.2.2.2.2.3.1.2.2.2.2.3.2.2.2.2.3.3",0.525253536085757,FALSE,TRUE,40
"2.1.2.3.3.2.2.2.2.3.1.2.2.2.2.3.2.2.2.2.3.3",0.456063370827088,FALSE,TRUE,40
"2.2.1.3.3.2.2.2.2.3.1.2.2.2.2.3.2.2.2.2.3.3",0.507751295177356,FALSE,TRUE,40
"2.2.2.2.3.2.2.2.2.3.1.2.2.2.2.3.2.2.2.2.3.3",0.472748150180492,FALSE,TRUE,41
"2.2.2.3.2.2.2.2.2.3.1.2.2.2.2.3.2.2.2.2.3.3",0.447291342975641,FALSE,TRUE,39
"2.2.2.3.3.1.2.2.2.3.1.2.2.2.2.3.2.2.2.2.3.3",0.492047973210892,FALSE,TRUE,40
"2.2.2.3.3.2.1.2.2.3.1.2.2.2.2.3.2.2.2.2.3.3",0.497542989051687,FALSE,TRUE,40
"2.2.2.3.3.2.2.1.2.3.1.2.2.2.2.3.2.2.2.2.3.3",0.477221254472947,FALSE,TRUE,40
"2.2.2.3.3.2.2.2.1.3.1.2.2.2.2.3.2.2.2.2.3.3",0.512360865596686,FALSE,TRUE,40
"2.2.2.3.3.2.2.2.2.3.1.1.2.2.2.3.2.2.2.2.3.3",0.517926099072695,FALSE,TRUE,40
"2.2.2.3.3.2.2.2.2.3.1.2.1.2.2.3.2.2.2.2.3.3",0.447381733958397,FALSE,TRUE,40
"2.2.2.3.3.2.2.2.2.3.1.2.2.1.2.3.2.2.2.2.3.3",0.471937880138508,FALSE,TRUE,40
"2.2.2.3.3.2.2.2.2.3.1.2.2.2.1.3.2.2.2.2.3.3",0.437929546440615,FALSE,TRUE,40
"2.2.2.3.3.2.2.2.2.3.1.2.2.2.2.3.1.2.2.2.3.3",0.438489409443724,FALSE,TRUE,40
"2.2.2.3.3.2.2.2.2.3.1.2.2.2.2.3.2.1.2.2.3.3",0.480723432423242,FALSE,TRUE,40
"2.2.2.3.3.2.2.2.2.3.1.2.2.2.2.3.2.2.1.2.3.3",0.482228087238957,FALSE,TRUE,40
"2.2.2.3.3.2.2.2.2.3.1.2.2.2.2.3.2.2.2.1.3.3",0.442824784580709,FALSE,TRUE,40
"2.2.2.3.3.2.2.2.2.3.1.2.2.2.2.3.2.2.2.2.2.3",0.466623698066598,FALSE,TRUE,41
"2.2.2.3.3.2.2.2.2.3.1.2.2.2.2.3.2.2.2.2.3.2",0.439013004684464,FALSE,TRUE,41
"3.2.2.3.2.2.2.2.3.2.2.2.2.2.2.2.2.2.2.2.4.3",0.309694838128078,FALSE,TRUE,42
"2.3.2.3.2.2.2.2.3.2.2.2.2.2.2.2.2.2.2.2.4.3",0.367071788512574,FALSE,TRUE,42
"2.2.3.3.2.2.2.2.3.2.2.2.2.2.2.2.2.2.2.2.4.3",0.305468175547079,FALSE,TRUE,42
"2.2.2.4.2.2.2.2.3.2.2.2.2.2.2.2.2.2.2.2.4.3",0.368940014953761,FALSE,TRUE,42
"2.2.2.3.3.2.2.2.3.2.2.2.2.2.2.2.2.2.2.2.4.3",0.384678557979817,FALSE,TRUE,42
"2.2.2.3.2.3.2.2.3.2.2.2.2.2.2.2.2.2.2.2.4.3",0.353220832146451,FALSE,TRUE,42
"2.2.2.3.2.2.3.2.3.2.2.2.2.2.2.2.2.2.2.2.4.3",0.334012438483555,FALSE,TRUE,42
"2.2.2.3.2.2.2.3.3.2.2.2.2.2.2.2.2.2.2.2.4.3",0.359976121825482,FALSE,TRUE,42
"2.2.2.3.2.2.2.2.4.2.2.2.2.2.2.2.2.2.2.2.4.3",0.305627818090011,FALSE,TRUE,43
"2.2.2.3.2.2.2.2.3.3.2.2.2.2.2.2.2.2.2.2.4.3",0.348352018984746,FALSE,TRUE,42
"2.2.2.3.2.2.2.2.3.2.3.2.2.2.2.2.2.2.2.2.4.3",0.301762493412021,FALSE,TRUE,42
"2.2.2.3.2.2.2.2.3.2.2.3.2.2.2.2.2.2.2.2.4.3",0.309427804124057,FALSE,TRUE,42
"2.2.2.3.2.2.2.2.3.2.2.2.3.2.2.2.2.2.2.2.4.3",0.379749583662298,FALSE,TRUE,42
"2.2.2.3.2.2.2.2.3.2.2.2.2.2.3.2.2.2.2.2.4.3",0.404075983984042,FALSE,TRUE,42
"2.2.2.3.2.2.2.2.3.2.2.2.2.2.2.3.2.2.2.2.4.3",0.350884471879269,FALSE,TRUE,41
"2.2.2.3.2.2.2.2.3.2.2.2.2.2.2.2.3.2.2.2.4.3",0.37621461314347,FALSE,TRUE,42
"2.2.2.3.2.2.2.2.3.2.2.2.2.2.2.2.2.3.2.2.4.3",0.348806025420965,FALSE,TRUE,42
"2.2.2.3.2.2.2.2.3.2.2.2.2.2.2.2.2.2.3.2.4.3",0.339807073471794,FALSE,TRUE,41
"2.2.2.3.2.2.2.2.3.2.2.2.2.2.2.2.2.2.2.3.4.3",0.370106396657189,FALSE,TRUE,42
"2.2.2.3.2.2.2.2.3.2.2.2.2.2.2.2.2.2.2.2.5.3",0.347810837512114,FALSE,TRUE,42
"2.2.2.3.2.2.2.2.3.2.2.2.2.2.2.2.2.2.2.2.4.4",0.392815273182872,FALSE,TRUE,42
"1.2.2.3.2.2.2.2.3.2.2.2.2.2.2.2.2.2.2.2.4.3",0.421598254677298,FALSE,TRUE,41
"2.1.2.3.2.2.2.2.3.2.2.2.2.2.2.2.2.2.2.2.4.3",0.353052932850752,FALSE,TRUE,41
"2.2.1.3.2.2.2.2.3.2.2.2.2.2.2.2.2.2.2.2.4.3",0.423936360884389,FALSE,TRUE,40
"2.2.2.2.2.2.2.2.3.2.2.2.2.2.2.2.2.2.2.2.4.3",0.360556312027019,FALSE,TRUE,41
"2.2.2.3.1.2.2.2.3.2.2.2.2.2.2.2.2.2.2.2.4.3",0.344993914590724,FALSE,TRUE,41
"2.2.2.3.2.1.2.2.3.2.2.2.2.2.2.2.2.2.2.2.4.3",0.373531563756619,FALSE,TRUE,41
"2.2.2.3.2.2.1.2.3.2.2.2.2.2.2.2.2.2.2.2.4.3",0.392815865762098,FALSE,TRUE,41
"2.2.2.3.2.2.2.1.3.2.2.2.2.2.2.2.2.2.2.2.4.3",0.365647817257035,FALSE,TRUE,41
"2.2.2.3.2.2.2.2.3.1.2.2.2.2.2.2.2.2.2.2.4.3",0.38258845100175,FALSE,TRUE,41
"2.2.2.3.2.2.2.2.3.2.1.2.2.2.2.2.2.2.2.2.4.3",0.422181786690013,FALSE,TRUE,40
"2.2.2.3.2.2.2.2.3.2.2.1.2.2.2.2.2.2.2.2.4.3",0.416769111350721,FALSE,TRUE,41
"2.2.2.3.2.2.2.2.3.2.2.2.1.2.2.2.2.2.2.2.4.3",0.352269071370935,FALSE,TRUE,41
"2.2.2.3.2.2.2.2.3.2.2.2.2.1.2.2.2.2.2.2.4.3",0.378423291138624,FALSE,TRUE,41
"2.2.2.3.2.2.2.2.3.2.2.2.2.2.1.2.2.2.2.2.4.3",0.318062281409124,FALSE,TRUE,41
"2.2.2.3.2.2.2.2.3.2.2.2.2.2.2.1.2.2.2.2.4.3",0.380954298574709,FALSE,TRUE,40
"2.2.2.3.2.2.2.2.3.2.2.2.2.2.2.2.1.2.2.2.4.3",0.352025671994767,FALSE,TRUE,41
"2.2.2.3.2.2.2.2.3.2.2.2.2.2.2.2.2.1.2.2.4.3",0.385134648184466,FALSE,TRUE,41
"2.2.2.3.2.2.2.2.3.2.2.2.2.2.2.2.2.2.1.2.4.3",0.387438447548375,FALSE,TRUE,41
"2.2.2.3.2.2.2.2.3.2.2.2.2.2.2.2.2.2.2.1.4.3",0.35683523540666,FALSE,TRUE,41
"3.2.2.2.2.2.2.2.2.2.3.2.2.2.3.2.1.2.2.2.2.2",0.318698734115949,FALSE,TRUE,41
"2.3.2.2.2.2.2.2.2.2.3.2.2.2.3.2.1.2.2.2.2.2",0.374121425557037,FALSE,TRUE,41
"2.2.3.2.2.2.2.2.2.2.3.2.2.2.3.2.1.2.2.2.2.2",0.338290829937145,FALSE,TRUE,41
"2.2.2.3.2.2.2.2.2.2.3.2.2.2.3.2.1.2.2.2.2.2",0.381007072176442,FALSE,TRUE,41
"2.2.2.2.3.2.2.2.2.2.3.2.2.2.3.2.1.2.2.2.2.2",0.401044820225282,FALSE,TRUE,41
"2.2.2.2.2.3.2.2.2.2.3.2.2.2.3.2.1.2.2.2.2.2",0.35894095084413,FALSE,TRUE,41
"2.2.2.2.2.2.3.2.2.2.3.2.2.2.3.2.1.2.2.2.2.2",0.337276509633326,FALSE,TRUE,41
"2.2.2.2.2.2.2.3.2.2.3.2.2.2.3.2.1.2.2.2.2.2",0.358628049248062,FALSE,TRUE,41
"2.2.2.2.2.2.2.2.3.2.3.2.2.2.3.2.1.2.2.2.2.2",0.331851838883176,FALSE,TRUE,41
"2.2.2.2.2.2.2.2.2.3.3.2.2.2.3.2.1.2.2.2.2.2",0.363054477888485,FALSE,TRUE,41
"2.2.2.2.2.2.2.2.2.2.4.2.2.2.3.2.1.2.2.2.2.2",0.329252389580392,FALSE,TRUE,41
"2.2.2.2.2.2.2.2.2.2.3.3.2.2.3.2.1.2.2.2.2.2",0.318466959321522,FALSE,TRUE,41
"2.2.2.2.2.2.2.2.2.2.3.2.3.2.3.2.1.2.2.2.2.2",0.397393229408927,FALSE,TRUE,41
"2.2.2.2.2.2.2.2.2.2.3.2.2.3.3.2.1.2.2.2.2.2",0.367469120443632,FALSE,TRUE,41
"2.2.2.2.2.2.2.2.2.2.3.2.2.2.4.2.1.2.2.2.2.2",0.406236648299214,FALSE,TRUE,41
"2.2.2.2.2.2.2.2.2.2.3.2.2.2.3.3.1.2.2.2.2.2",0.35537348779378,FALSE,TRUE,41
"2.2.2.2.2.2.2.2.2.2.3.2.2.2.3.2.1.3.2.2.2.2",0.375016432767314,FALSE,TRUE,41
"2.2.2.2.2.2.2.2.2.2.3.2.2.2.3.2.1.2.3.2.2.2",0.356495336759234,FALSE,TRUE,41
"2.2.2.2.2.2.2.2.2.2.3.2.2.2.3.2.1.2.2.3.2.2",0.395561191809098,FALSE,TRUE,41
"2.2.2.2.2.2.2.2.2.2.3.2.2.2.3.2.1.2.2.2.3.2",0.37533371475026,FALSE,TRUE,39
"2.2.2.2.2.2.2.2.2.2.3.2.2.2.3.2.1.2.2.2.2.3",0.40325770510799,FALSE,TRUE,41
"1.2.2.2.2.2.2.2.2.2.3.2.2.2.3.2.1.2.2.2.2.2",0.44563181128584,FALSE,TRUE,40
"2.1.2.2.2.2.2.2.2.2.3.2.2.2.3.2.1.2.2.2.2.2",0.379023250902865,FALSE,TRUE,40
"2.2.1.2.2.2.2.2.2.2.3.2.2.2.3.2.1.2.2.2.2.2",0.419985199769428,FALSE,TRUE,40
"2.2.2.1.2.2.2.2.2.2.3.2.2.2.3.2.1.2.2.2.2.2",0.382896091818747,FALSE,TRUE,40
"2.2.2.2.1.2.2.2.2.2.3.2.2.2.3.2.1.2.2.2.2.2",0.362558387798066,FALSE,TRUE,40
"2.2.2.2.2.1.2.2.2.2.3.2.2.2.3.2.1.2.2.2.2.2",0.400335112628645,FALSE,TRUE,40
"2.2.2.2.2.2.1.2.2.2.3.2.2.2.3.2.1.2.2.2.2.2",0.423477612512326,FALSE,TRUE,40
"2.2.2.2.2.2.2.1.2.2.3.2.2.2.3.2.1.2.2.2.2.2",0.401728304548052,FALSE,TRUE,40
"2.2.2.2.2.2.2.2.1.2.3.2.2.2.3.2.1.2.2.2.2.2",0.430560653247636,FALSE,TRUE,40
"2.2.2.2.2.2.2.2.2.1.3.2.2.2.3.2.1.2.2.2.2.2",0.400763515003604,FALSE,TRUE,40
"2.2.2.2.2.2.2.2.2.2.2.2.2.2.3.2.1.2.2.2.2.2",0.426700445996038,FALSE,TRUE,39
"2.2.2.2.2.2.2.2.2.2.3.1.2.2.3.2.1.2.2.2.2.2",0.441772571156451,FALSE,TRUE,40
"2.2.2.2.2.2.2.2.2.2.3.2.1.2.3.2.1.2.2.2.2.2",0.367699065498154,FALSE,TRUE,40
"2.2.2.2.2.2.2.2.2.2.3.2.2.1.3.2.1.2.2.2.2.2",0.39567996123805,FALSE,TRUE,40
"2.2.2.2.2.2.2.2.2.2.3.2.2.2.3.1.1.2.2.2.2.2",0.411286728469534,FALSE,TRUE,40
"2.2.2.2.2.2.2.2.2.2.3.2.2.2.3.2.1.1.2.2.2.2",0.390926089700915,FALSE,TRUE,40
"2.2.2.2.2.2.2.2.2.2.3.2.2.2.3.2.1.2.1.2.2.2",0.403667908109901,FALSE,TRUE,39
"2.2.2.2.2.2.2.2.2.2.3.2.2.2.3.2.1.2.2.1.2.2",0.364790791169634,FALSE,TRUE,40
"2.2.2.2.2.2.2.2.2.2.3.2.2.2.3.2.1.2.2.2.1.2",0.383043923273689,FALSE,TRUE,40
"2.2.2.2.2.2.2.2.2.2.3.2.2.2.3.2.1.2.2.2.2.1",0.36200526349512,FALSE,TRUE,40
