"karyotype","fitness","is_fq","is_nn","boundary_degree"
"2.2.2.2.2.2.2.2.2.2.2.2.2.2.2.2.2.2.2.2.2.2",0.555198408424434,TRUE,FALSE,0
"2.2.2.2.2.2.2.2.2.3.2.2.2.2.2.2.2.2.2.2.2.2",0.616872693218731,TRUE,FALSE,0
"2.2.2.2.2.2.2.2.2.3.2.2.3.2.2.2.2.2.2.2.2.2",0.536161440291057,TRUE,FALSE,0
"2.2.2.2.3.2.2.2.2.3.2.2.3.2.2.2.2.2.2.2.2.2",0.695468666699608,TRUE,FALSE,0
"2.2.2.2.2.2.2.2.2.3.2.2.2.2.2.3.2.2.2.2.2.2",0.465006064478421,TRUE,FALSE,0
"2.2.2.2.2.2.2.2.2.2.2.2.2.2.1.2.2.2.2.2.2.2",0.293888535120567,TRUE,FALSE,0
"1.2.2.2.2.2.2.2.2.2.2.2.2.2.1.2.2.2.2.2.2.2",0.380971653697383,TRUE,FALSE,0
"2.2.2.2.2.2.2.2.2.3.2.2.2.2.2.2.1.2.2.2.2.2",0.338590113164067,TRUE,FALSE,0
"2.2.2.2.2.2.3.2.2.3.2.2.2.2.2.2.1.2.2.2.2.2",0.27695424672834,TRUE,FALSE,0
"2.2.2.2.2.2.2.2.1.3.2.2.3.2.2.2.2.2.2.2.2.2",0.171412384374089,TRUE,FALSE,0
"2.2.2.2.2.2.3.2.2.3.2.2.2.2.2.2.1.2.2.1.2.2",0.332159821437906,TRUE,FALSE,0
"2.2.2.2.2.2.2.2.2.3.2.2.2.2.2.3.2.2.2.2.2.1",0.59963015255144,TRUE,FALSE,0
"2.2.2.2.2.2.2.2.2.2.2.2.2.2.1.2.2.2.2.2.3.2",0.775842603209078,TRUE,FALSE,0
"2.2.2.2.2.2.2.2.2.2.2.2.2.2.2.2.2.2.2.1.2.2",0.467470832810728,TRUE,FALSE,0
"2.2.2.2.2.2.4.2.2.3.2.2.2.2.2.2.1.2.2.1.2.2",0.45459407842923,TRUE,FALSE,0
"2.2.2.2.2.2.4.2.2.3.2.2.2.2.1.2.1.2.2.1.2.2",0.28135500912879,TRUE,FALSE,0
"2.2.2.1.2.2.2.2.2.3.2.2.2.2.2.2.2.2.2.2.2.2",0.549335595991723,TRUE,FALSE,0
"2.2.2.2.2.2.2.2.2.3.2.2.2.2.2.2.1.2.3.2.2.2",0.407681382593976,TRUE,FALSE,0
"2.2.2.2.2.2.2.3.2.2.2.2.2.2.2.2.2.2.2.2.2.2",0.418577667385024,TRUE,FALSE,0
"1.2.2.2.2.2.2.2.2.2.2.2.2.2.1.3.2.2.2.2.2.2",0.195253534847289,TRUE,FALSE,0
"2.2.2.2.2.2.2.2.2.3.2.2.2.1.2.2.2.2.2.2.2.2",0.186928615968729,TRUE,FALSE,0
"2.2.2.2.2.2.3.2.2.3.2.2.2.2.2.2.1.3.2.1.2.2",0.321445223928555,TRUE,FALSE,0
"3.2.2.2.2.2.4.2.2.3.2.2.2.2.2.2.1.2.2.1.2.2",0.306575376225387,TRUE,FALSE,0
"2.2.2.2.3.1.2.2.2.3.2.2.3.2.2.2.2.2.2.2.2.2",0.471976620209837,TRUE,FALSE,0
"2.2.2.2.2.2.2.2.2.2.2.2.2.2.2.2.1.2.2.2.2.2",0.554056894623316,TRUE,FALSE,0
"2.2.2.2.2.2.2.3.2.2.2.1.2.2.2.2.2.2.2.2.2.2",0.438321381611186,TRUE,FALSE,0
"2.2.2.2.2.2.2.1.2.3.2.2.2.2.2.2.2.2.2.2.2.2",0.33025068019889,TRUE,FALSE,0
"2.2.2.2.2.2.4.2.2.3.2.2.2.2.1.2.1.2.2.1.3.2",0.658568273448503,TRUE,FALSE,0
"2.2.2.2.2.2.1.2.2.3.2.2.2.2.2.2.1.2.3.2.2.2",0.473594590896731,TRUE,FALSE,0
"2.2.2.2.3.2.2.2.2.3.2.2.2.1.2.2.2.2.2.2.2.2",0.239686948950747,TRUE,FALSE,0
"2.2.2.2.2.2.2.2.2.2.3.2.2.2.2.2.2.2.2.1.2.2",0.569762256965936,TRUE,FALSE,0
"2.2.2.2.2.2.4.3.2.3.2.2.2.2.1.2.1.2.2.1.3.2",0.509611165633564,TRUE,FALSE,0
"2.2.2.2.2.2.2.3.2.2.2.2.2.2.2.2.1.2.2.2.2.2",0.343768224124827,TRUE,FALSE,0
"2.2.2.2.3.2.2.2.2.3.2.2.2.1.2.2.2.2.2.3.2.2",0.279746965806534,TRUE,FALSE,0
"2.2.2.2.2.2.4.2.2.3.2.2.3.2.2.2.1.2.2.1.2.2",0.261308985256219,TRUE,FALSE,0
"2.2.2.2.3.2.2.2.2.2.2.2.2.1.2.2.2.2.2.2.2.2",0.538625807389033,TRUE,FALSE,0
"2.2.2.2.2.3.2.2.2.3.2.2.2.2.2.3.2.2.2.2.2.2",0.441256202439707,TRUE,FALSE,0
"2.2.2.2.2.2.2.2.2.3.2.2.2.2.2.2.2.2.3.2.2.2",0.664882022616324,TRUE,FALSE,0
"2.2.2.2.2.2.3.2.2.3.2.2.2.2.2.2.2.2.2.1.2.2",0.357320757128487,TRUE,FALSE,0
"3.2.2.2.2.2.2.2.2.3.2.2.3.2.2.2.2.2.2.2.2.2",0.364646443956224,TRUE,FALSE,0
"2.2.2.2.3.2.2.2.2.3.2.2.2.2.2.2.2.2.3.2.2.2",0.201924098424884,TRUE,FALSE,0
"2.2.2.2.2.2.2.3.2.3.2.2.2.2.2.3.2.2.2.2.2.1",0.51789603754872,TRUE,FALSE,0
"2.2.2.2.2.3.2.2.2.3.2.2.2.2.2.3.3.2.2.2.2.2",0.272246320319621,TRUE,FALSE,0
"2.2.2.2.2.2.3.2.2.3.2.2.3.2.2.2.1.3.2.1.2.2",0.398615056697153,TRUE,FALSE,0
"3.2.2.2.2.2.3.2.2.3.2.2.2.2.2.2.2.2.2.1.2.2",0.513084957271419,TRUE,FALSE,0
"2.2.2.2.3.1.2.2.2.3.2.2.3.2.2.2.2.2.3.2.2.2",0.168496466532993,TRUE,FALSE,0
"2.2.2.2.2.2.2.2.1.3.2.3.3.2.2.2.2.2.2.2.2.2",0.467098478357993,TRUE,FALSE,0
"2.2.2.2.1.2.4.2.2.3.2.2.2.2.2.2.1.2.2.1.2.2",0.240506652746691,TRUE,FALSE,0
"2.2.2.2.2.2.2.2.2.2.3.2.2.2.2.2.2.2.2.1.1.2",0.101056536394048,TRUE,FALSE,0
"2.2.2.2.2.2.2.2.2.3.2.2.2.2.2.2.2.2.3.1.2.2",0.356966306147368,TRUE,FALSE,0
"3.2.2.2.2.2.2.2.2.2.2.2.2.2.2.2.2.2.2.2.2.2",0.277141983985616,FALSE,TRUE,37
"2.3.2.2.2.2.2.2.2.2.2.2.2.2.2.2.2.2.2.2.2.2",-0.0986871862261036,FALSE,TRUE,38
"2.2.3.2.2.2.2.2.2.2.2.2.2.2.2.2.2.2.2.2.2.2",0.365948872439335,FALSE,TRUE,38
"2.2.2.3.2.2.2.2.2.2.2.2.2.2.2.2.2.2.2.2.2.2",0.00573211499612307,FALSE,TRUE,38
"2.2.2.2.3.2.2.2.2.2.2.2.2.2.2.2.2.2.2.2.2.2",0.323458730356769,FALSE,TRUE,35
"2.2.2.2.2.3.2.2.2.2.2.2.2.2.2.2.2.2.2.2.2.2",0.322084661686882,FALSE,TRUE,37
"2.2.2.2.2.2.3.2.2.2.2.2.2.2.2.2.2.2.2.2.2.2",0.219671109428238,FALSE,TRUE,38
"2.2.2.2.2.2.2.2.3.2.2.2.2.2.2.2.2.2.2.2.2.2",0.378135414071952,FALSE,TRUE,38
"2.2.2.2.2.2.2.2.2.2.3.2.2.2.2.2.2.2.2.2.2.2",0.257019833056894,FALSE,TRUE,37
"2.2.2.2.2.2.2.2.2.2.2.3.2.2.2.2.2.2.2.2.2.2",0.369031761303868,FALSE,TRUE,38
"2.2.2.2.2.2.2.2.2.2.2.2.3.2.2.2.2.2.2.2.2.2",0.0974808031466132,FALSE,TRUE,35
"2.2.2.2.2.2.2.2.2.2.2.2.2.3.2.2.2.2.2.2.2.2",0.276259355553618,FALSE,TRUE,38
"2.2.2.2.2.2.2.2.2.2.2.2.2.2.3.2.2.2.2.2.2.2",0.244708150569969,FALSE,TRUE,39
"2.2.2.2.2.2.2.2.2.2.2.2.2.2.2.3.2.2.2.2.2.2",0.196050269956365,FALSE,TRUE,35
"2.2.2.2.2.2.2.2.2.2.2.2.2.2.2.2.3.2.2.2.2.2",-0.051775397362305,FALSE,TRUE,39
"2.2.2.2.2.2.2.2.2.2.2.2.2.2.2.2.2.3.2.2.2.2",0.377470470253173,FALSE,TRUE,38
"2.2.2.2.2.2.2.2.2.2.2.2.2.2.2.2.2.2.3.2.2.2",0.243116376056011,FALSE,TRUE,37
"2.2.2.2.2.2.2.2.2.2.2.2.2.2.2.2.2.2.2.3.2.2",0.133375002455689,FALSE,TRUE,39
"2.2.2.2.2.2.2.2.2.2.2.2.2.2.2.2.2.2.2.2.3.2",0.399711906443736,FALSE,TRUE,38
"2.2.2.2.2.2.2.2.2.2.2.2.2.2.2.2.2.2.2.2.2.3",0.698918377758705,FALSE,TRUE,38
"1.2.2.2.2.2.2.2.2.2.2.2.2.2.2.2.2.2.2.2.2.2",0.310123584538849,FALSE,TRUE,36
"2.1.2.2.2.2.2.2.2.2.2.2.2.2.2.2.2.2.2.2.2.2",0.570938367386059,FALSE,TRUE,37
"2.2.1.2.2.2.2.2.2.2.2.2.2.2.2.2.2.2.2.2.2.2",0.197774885681744,FALSE,TRUE,37
"2.2.2.1.2.2.2.2.2.2.2.2.2.2.2.2.2.2.2.2.2.2",0.632222840226329,FALSE,TRUE,37
"2.2.2.2.1.2.2.2.2.2.2.2.2.2.2.2.2.2.2.2.2.2",0.144748162215393,FALSE,TRUE,37
"2.2.2.2.2.1.2.2.2.2.2.2.2.2.2.2.2.2.2.2.2.2",0.40104544654204,FALSE,TRUE,37
"2.2.2.2.2.2.1.2.2.2.2.2.2.2.2.2.2.2.2.2.2.2",0.190217346664658,FALSE,TRUE,37
"2.2.2.2.2.2.2.1.2.2.2.2.2.2.2.2.2.2.2.2.2.2",0.357887220992429,FALSE,TRUE,38
"2.2.2.2.2.2.2.2.1.2.2.2.2.2.2.2.2.2.2.2.2.2",0.374148234797868,FALSE,TRUE,36
"2.2.2.2.2.2.2.2.2.1.2.2.2.2.2.2.2.2.2.2.2.2",-0.12314796047805,FALSE,TRUE,38
"2.2.2.2.2.2.2.2.2.2.1.2.2.2.2.2.2.2.2.2.2.2",0.133624690961378,FALSE,TRUE,37
"2.2.2.2.2.2.2.2.2.2.2.1.2.2.2.2.2.2.2.2.2.2",0.229253231198868,FALSE,TRUE,37
"2.2.2.2.2.2.2.2.2.2.2.2.1.2.2.2.2.2.2.2.2.2",0.311114382513706,FALSE,TRUE,37
"2.2.2.2.2.2.2.2.2.2.2.2.2.1.2.2.2.2.2.2.2.2",0.276280378038695,FALSE,TRUE,36
"2.2.2.2.2.2.2.2.2.2.2.2.2.2.2.1.2.2.2.2.2.2",0.130379457609734,FALSE,TRUE,37
"2.2.2.2.2.2.2.2.2.2.2.2.2.2.2.2.2.1.2.2.2.2",0.44263380288984,FALSE,TRUE,37
"2.2.2.2.2.2.2.2.2.2.2.2.2.2.2.2.2.2.1.2.2.2",0.145569512101631,FALSE,TRUE,37
"2.2.2.2.2.2.2.2.2.2.2.2.2.2.2.2.2.2.2.2.1.2",-0.00221094878736824,FALSE,TRUE,36
"2.2.2.2.2.2.2.2.2.2.2.2.2.2.2.2.2.2.2.2.2.1",0.443823756735401,FALSE,TRUE,36
"3.2.2.2.2.2.2.2.2.3.2.2.2.2.2.2.2.2.2.2.2.2",0.511201970455465,FALSE,TRUE,33
"2.3.2.2.2.2.2.2.2.3.2.2.2.2.2.2.2.2.2.2.2.2",0.487081089249495,FALSE,TRUE,35
"2.2.3.2.2.2.2.2.2.3.2.2.2.2.2.2.2.2.2.2.2.2",0.561272838517374,FALSE,TRUE,35
"2.2.2.3.2.2.2.2.2.3.2.2.2.2.2.2.2.2.2.2.2.2",0.206821569154926,FALSE,TRUE,36
"2.2.2.2.3.2.2.2.2.3.2.2.2.2.2.2.2.2.2.2.2.2",0.468001330520471,FALSE,TRUE,33
"2.2.2.2.2.3.2.2.2.3.2.2.2.2.2.2.2.2.2.2.2.2",0.44295092256854,FALSE,TRUE,34
"2.2.2.2.2.2.3.2.2.3.2.2.2.2.2.2.2.2.2.2.2.2",0.313108577547816,FALSE,TRUE,33
"2.2.2.2.2.2.2.3.2.3.2.2.2.2.2.2.2.2.2.2.2.2",0.256161463676401,FALSE,TRUE,34
"2.2.2.2.2.2.2.2.3.3.2.2.2.2.2.2.2.2.2.2.2.2",0.238597929962315,FALSE,TRUE,35
"2.2.2.2.2.2.2.2.2.4.2.2.2.2.2.2.2.2.2.2.2.2",-0.0713328074766142,FALSE,TRUE,36
"2.2.2.2.2.2.2.2.2.3.3.2.2.2.2.2.2.2.2.2.2.2",0.14032886923498,FALSE,TRUE,34
"2.2.2.2.2.2.2.2.2.3.2.3.2.2.2.2.2.2.2.2.2.2",0.586654562539436,FALSE,TRUE,34
"2.2.2.2.2.2.2.2.2.3.2.2.2.3.2.2.2.2.2.2.2.2",0.225227140015815,FALSE,TRUE,36
"2.2.2.2.2.2.2.2.2.3.2.2.2.2.3.2.2.2.2.2.2.2",0.331369153629692,FALSE,TRUE,35
"2.2.2.2.2.2.2.2.2.3.2.2.2.2.2.2.3.2.2.2.2.2",0.231925113742285,FALSE,TRUE,35
"2.2.2.2.2.2.2.2.2.3.2.2.2.2.2.2.2.3.2.2.2.2",0.451020671855018,FALSE,TRUE,35
"2.2.2.2.2.2.2.2.2.3.2.2.2.2.2.2.2.2.2.3.2.2",0.442076455320245,FALSE,TRUE,34
"2.2.2.2.2.2.2.2.2.3.2.2.2.2.2.2.2.2.2.2.3.2",0.166865252222139,FALSE,TRUE,34
"2.2.2.2.2.2.2.2.2.3.2.2.2.2.2.2.2.2.2.2.2.3",0.718733250573791,FALSE,TRUE,35
"1.2.2.2.2.2.2.2.2.3.2.2.2.2.2.2.2.2.2.2.2.2",0.333036528660473,FALSE,TRUE,33
"2.1.2.2.2.2.2.2.2.3.2.2.2.2.2.2.2.2.2.2.2.2",0.21543125413919,FALSE,TRUE,34
"2.2.1.2.2.2.2.2.2.3.2.2.2.2.2.2.2.2.2.2.2.2",-0.0387201564875965,FALSE,TRUE,34
"2.2.2.2.1.2.2.2.2.3.2.2.2.2.2.2.2.2.2.2.2.2",0.0374701078076152,FALSE,TRUE,34
"2.2.2.2.2.1.2.2.2.3.2.2.2.2.2.2.2.2.2.2.2.2",0.373051746144307,FALSE,TRUE,33
"2.2.2.2.2.2.1.2.2.3.2.2.2.2.2.2.2.2.2.2.2.2",0.256759420613664,FALSE,TRUE,34
"2.2.2.2.2.2.2.2.1.3.2.2.2.2.2.2.2.2.2.2.2.2",0.18941520165487,FALSE,TRUE,33
"2.2.2.2.2.2.2.2.2.3.1.2.2.2.2.2.2.2.2.2.2.2",0.256544088778361,FALSE,TRUE,34
"2.2.2.2.2.2.2.2.2.3.2.1.2.2.2.2.2.2.2.2.2.2",0.0133429785004219,FALSE,TRUE,33
"2.2.2.2.2.2.2.2.2.3.2.2.1.2.2.2.2.2.2.2.2.2",0.150471505972524,FALSE,TRUE,35
"2.2.2.2.2.2.2.2.2.3.2.2.2.2.1.2.2.2.2.2.2.2",0.514898938278095,FALSE,TRUE,32
"2.2.2.2.2.2.2.2.2.3.2.2.2.2.2.1.2.2.2.2.2.2",-0.0168326350860426,FALSE,TRUE,35
"2.2.2.2.2.2.2.2.2.3.2.2.2.2.2.2.2.1.2.2.2.2",0.309225331796964,FALSE,TRUE,34
"2.2.2.2.2.2.2.2.2.3.2.2.2.2.2.2.2.2.1.2.2.2",0.0275354781798165,FALSE,TRUE,35
"2.2.2.2.2.2.2.2.2.3.2.2.2.2.2.2.2.2.2.1.2.2",0.322061776838132,FALSE,TRUE,31
"2.2.2.2.2.2.2.2.2.3.2.2.2.2.2.2.2.2.2.2.1.2",0.185074232495065,FALSE,TRUE,34
"2.2.2.2.2.2.2.2.2.3.2.2.2.2.2.2.2.2.2.2.2.1",0.342711311182598,FALSE,TRUE,33
"2.3.2.2.2.2.2.2.2.3.2.2.3.2.2.2.2.2.2.2.2.2",0.0375492667259697,FALSE,TRUE,39
"2.2.3.2.2.2.2.2.2.3.2.2.3.2.2.2.2.2.2.2.2.2",0.374553315571232,FALSE,TRUE,39
"2.2.2.3.2.2.2.2.2.3.2.2.3.2.2.2.2.2.2.2.2.2",0.220991884880686,FALSE,TRUE,39
"2.2.2.2.2.3.2.2.2.3.2.2.3.2.2.2.2.2.2.2.2.2",0.392187520239006,FALSE,TRUE,38
"2.2.2.2.2.2.3.2.2.3.2.2.3.2.2.2.2.2.2.2.2.2",0.0483124552068209,FALSE,TRUE,37
"2.2.2.2.2.2.2.3.2.3.2.2.3.2.2.2.2.2.2.2.2.2",0.567266273587871,FALSE,TRUE,38
"2.2.2.2.2.2.2.2.3.3.2.2.3.2.2.2.2.2.2.2.2.2",0.246548525480016,FALSE,TRUE,40
"2.2.2.2.2.2.2.2.2.4.2.2.3.2.2.2.2.2.2.2.2.2",0.152503497788185,FALSE,TRUE,39
"2.2.2.2.2.2.2.2.2.3.3.2.3.2.2.2.2.2.2.2.2.2",0.11282682036933,FALSE,TRUE,39
"2.2.2.2.2.2.2.2.2.3.2.3.3.2.2.2.2.2.2.2.2.2",0.591243510687952,FALSE,TRUE,39
"2.2.2.2.2.2.2.2.2.3.2.2.4.2.2.2.2.2.2.2.2.2",-0.114014101554979,FALSE,TRUE,40
"2.2.2.2.2.2.2.2.2.3.2.2.3.3.2.2.2.2.2.2.2.2",0.205142412348322,FALSE,TRUE,39
"2.2.2.2.2.2.2.2.2.3.2.2.3.2.3.2.2.2.2.2.2.2",0.285574036253719,FALSE,TRUE,39
"2.2.2.2.2.2.2.2.2.3.2.2.3.2.2.3.2.2.2.2.2.2",0.257347123937835,FALSE,TRUE,37
"2.2.2.2.2.2.2.2.2.3.2.2.3.2.2.2.3.2.2.2.2.2",0.295891803188076,FALSE,TRUE,39
"2.2.2.2.2.2.2.2.2.3.2.2.3.2.2.2.2.3.2.2.2.2",0.314314393260351,FALSE,TRUE,39
"2.2.2.2.2.2.2.2.2.3.2.2.3.2.2.2.2.2.3.2.2.2",0.389413509018694,FALSE,TRUE,36
"2.2.2.2.2.2.2.2.2.3.2.2.3.2.2.2.2.2.2.3.2.2",0.018610279638957,FALSE,TRUE,39
"2.2.2.2.2.2.2.2.2.3.2.2.3.2.2.2.2.2.2.2.3.2",0.157257880330573,FALSE,TRUE,39
"2.2.2.2.2.2.2.2.2.3.2.2.3.2.2.2.2.2.2.2.2.3",0.510103179429718,FALSE,TRUE,39
"1.2.2.2.2.2.2.2.2.3.2.2.3.2.2.2.2.2.2.2.2.2",0.633744122986725,FALSE,TRUE,39
"2.1.2.2.2.2.2.2.2.3.2.2.3.2.2.2.2.2.2.2.2.2",0.551515450893109,FALSE,TRUE,38
"2.2.1.2.2.2.2.2.2.3.2.2.3.2.2.2.2.2.2.2.2.2",0.126727249773178,FALSE,TRUE,38
"2.2.2.1.2.2.2.2.2.3.2.2.3.2.2.2.2.2.2.2.2.2",0.469806403446175,FALSE,TRUE,38
"2.2.2.2.1.2.2.2.2.3.2.2.3.2.2.2.2.2.2.2.2.2",-0.0697214128249215,FALSE,TRUE,39
"2.2.2.2.2.1.2.2.2.3.2.2.3.2.2.2.2.2.2.2.2.2",0.0866798713319745,FALSE,TRUE,37
"2.2.2.2.2.2.1.2.2.3.2.2.3.2.2.2.2.2.2.2.2.2",0.35684522468379,FALSE,TRUE,38
"2.2.2.2.2.2.2.1.2.3.2.2.3.2.2.2.2.2.2.2.2.2",0.121341453563079,FALSE,TRUE,38
"2.2.2.2.2.2.2.2.2.3.1.2.3.2.2.2.2.2.2.2.2.2",0.185191590319799,FALSE,TRUE,38
"2.2.2.2.2.2.2.2.2.3.2.1.3.2.2.2.2.2.2.2.2.2",0.0435665620919885,FALSE,TRUE,38
"2.2.2.2.2.2.2.2.2.3.2.2.3.1.2.2.2.2.2.2.2.2",0.411884108406276,FALSE,TRUE,38
"2.2.2.2.2.2.2.2.2.3.2.2.3.2.1.2.2.2.2.2.2.2",0.165792726911561,FALSE,TRUE,37
"2.2.2.2.2.2.2.2.2.3.2.2.3.2.2.1.2.2.2.2.2.2",0.352901105293832,FALSE,TRUE,38
"2.2.2.2.2.2.2.2.2.3.2.2.3.2.2.2.1.2.2.2.2.2",0.270589576343656,FALSE,TRUE,35
"2.2.2.2.2.2.2.2.2.3.2.2.3.2.2.2.2.1.2.2.2.2",0.386382494960213,FALSE,TRUE,38
"2.2.2.2.2.2.2.2.2.3.2.2.3.2.2.2.2.2.1.2.2.2",0.158301912176492,FALSE,TRUE,38
"2.2.2.2.2.2.2.2.2.3.2.2.3.2.2.2.2.2.2.1.2.2",0.460223220618407,FALSE,TRUE,35
"2.2.2.2.2.2.2.2.2.3.2.2.3.2.2.2.2.2.2.2.1.2",0.0580698328723634,FALSE,TRUE,38
"2.2.2.2.2.2.2.2.2.3.2.2.3.2.2.2.2.2.2.2.2.1",0.318415040018228,FALSE,TRUE,37
"3.2.2.2.3.2.2.2.2.3.2.2.3.2.2.2.2.2.2.2.2.2",0.354184198488229,FALSE,TRUE,41
"2.3.2.2.3.2.2.2.2.3.2.2.3.2.2.2.2.2.2.2.2.2",0.302558914236235,FALSE,TRUE,41
"2.2.3.2.3.2.2.2.2.3.2.2.3.2.2.2.2.2.2.2.2.2",0.412648952431123,FALSE,TRUE,41
"2.2.2.3.3.2.2.2.2.3.2.2.3.2.2.2.2.2.2.2.2.2",0.561848108192069,FALSE,TRUE,41
"2.2.2.2.4.2.2.2.2.3.2.2.3.2.2.2.2.2.2.2.2.2",-0.0527199286710675,FALSE,TRUE,42
"2.2.2.2.3.3.2.2.2.3.2.2.3.2.2.2.2.2.2.2.2.2",0.262441141497723,FALSE,TRUE,42
"2.2.2.2.3.2.3.2.2.3.2.2.3.2.2.2.2.2.2.2.2.2",0.592149750592424,FALSE,TRUE,41
"2.2.2.2.3.2.2.3.2.3.2.2.3.2.2.2.2.2.2.2.2.2",0.440070283700776,FALSE,TRUE,41
"2.2.2.2.3.2.2.2.3.3.2.2.3.2.2.2.2.2.2.2.2.2",0.785392361129453,FALSE,TRUE,41
"2.2.2.2.3.2.2.2.2.4.2.2.3.2.2.2.2.2.2.2.2.2",0.0865589363900254,FALSE,TRUE,41
"2.2.2.2.3.2.2.2.2.3.3.2.3.2.2.2.2.2.2.2.2.2",0.306605081993495,FALSE,TRUE,41
"2.2.2.2.3.2.2.2.2.3.2.3.3.2.2.2.2.2.2.2.2.2",0.507446907866925,FALSE,TRUE,40
"2.2.2.2.3.2.2.2.2.3.2.2.4.2.2.2.2.2.2.2.2.2",0.249604786205715,FALSE,TRUE,41
"2.2.2.2.3.2.2.2.2.3.2.2.3.3.2.2.2.2.2.2.2.2",0.373330002456101,FALSE,TRUE,41
"2.2.2.2.3.2.2.2.2.3.2.2.3.2.3.2.2.2.2.2.2.2",0.55969969009854,FALSE,TRUE,41
"2.2.2.2.3.2.2.2.2.3.2.2.3.2.2.3.2.2.2.2.2.2",0.556124625171935,FALSE,TRUE,40
"2.2.2.2.3.2.2.2.2.3.2.2.3.2.2.2.3.2.2.2.2.2",0.421544290581538,FALSE,TRUE,41
"2.2.2.2.3.2.2.2.2.3.2.2.3.2.2.2.2.3.2.2.2.2",0.48749630529356,FALSE,TRUE,41
"2.2.2.2.3.2.2.2.2.3.2.2.3.2.2.2.2.2.3.2.2.2",0.424711102615864,FALSE,TRUE,40
"2.2.2.2.3.2.2.2.2.3.2.2.3.2.2.2.2.2.2.3.2.2",0.309056941598863,FALSE,TRUE,39
"2.2.2.2.3.2.2.2.2.3.2.2.3.2.2.2.2.2.2.2.3.2",0.446415347291014,FALSE,TRUE,41
"2.2.2.2.3.2.2.2.2.3.2.2.3.2.2.2.2.2.2.2.2.3",0.634043148417694,FALSE,TRUE,41
"1.2.2.2.3.2.2.2.2.3.2.2.3.2.2.2.2.2.2.2.2.2",0.695017971470653,FALSE,TRUE,40
"2.1.2.2.3.2.2.2.2.3.2.2.3.2.2.2.2.2.2.2.2.2",0.285320089213522,FALSE,TRUE,40
"2.2.1.2.3.2.2.2.2.3.2.2.3.2.2.2.2.2.2.2.2.2",0.250487602980904,FALSE,TRUE,40
"2.2.2.1.3.2.2.2.2.3.2.2.3.2.2.2.2.2.2.2.2.2",0.209352152186232,FALSE,TRUE,39
"2.2.2.2.3.2.1.2.2.3.2.2.3.2.2.2.2.2.2.2.2.2",-0.0452154950787581,FALSE,TRUE,40
"2.2.2.2.3.2.2.1.2.3.2.2.3.2.2.2.2.2.2.2.2.2",0.34220607384374,FALSE,TRUE,39
"2.2.2.2.3.2.2.2.1.3.2.2.3.2.2.2.2.2.2.2.2.2",0.129425316267947,FALSE,TRUE,39
"2.2.2.2.3.2.2.2.2.2.2.2.3.2.2.2.2.2.2.2.2.2",0.289726553831006,FALSE,TRUE,39
"2.2.2.2.3.2.2.2.2.3.1.2.3.2.2.2.2.2.2.2.2.2",0.408644516071313,FALSE,TRUE,40
"2.2.2.2.3.2.2.2.2.3.2.1.3.2.2.2.2.2.2.2.2.2",0.254373482874023,FALSE,TRUE,40
"2.2.2.2.3.2.2.2.2.3.2.2.3.1.2.2.2.2.2.2.2.2",0.405347648297892,FALSE,TRUE,37
"2.2.2.2.3.2.2.2.2.3.2.2.3.2.1.2.2.2.2.2.2.2",0.172149868917835,FALSE,TRUE,40
"2.2.2.2.3.2.2.2.2.3.2.2.3.2.2.1.2.2.2.2.2.2",0.116198200517537,FALSE,TRUE,40
"2.2.2.2.3.2.2.2.2.3.2.2.3.2.2.2.1.2.2.2.2.2",0.306514611291173,FALSE,TRUE,39
"2.2.2.2.3.2.2.2.2.3.2.2.3.2.2.2.2.1.2.2.2.2",0.548997279348531,FALSE,TRUE,40
"2.2.2.2.3.2.2.2.2.3.2.2.3.2.2.2.2.2.1.2.2.2",-0.0774594426785618,FALSE,TRUE,40
"2.2.2.2.3.2.2.2.2.3.2.2.3.2.2.2.2.2.2.1.2.2",0.496325647231941,FALSE,TRUE,40
"2.2.2.2.3.2.2.2.2.3.2.2.3.2.2.2.2.2.2.2.1.2",-0.027568921148252,FALSE,TRUE,40
"2.2.2.2.3.2.2.2.2.3.2.2.3.2.2.2.2.2.2.2.2.1",0.402072227524014,FALSE,TRUE,40
"3.2.2.2.2.2.2.2.2.3.2.2.2.2.2.3.2.2.2.2.2.2",0.513333880474132,FALSE,TRUE,39
"2.3.2.2.2.2.2.2.2.3.2.2.2.2.2.3.2.2.2.2.2.2",0.217808281263049,FALSE,TRUE,40
"2.2.3.2.2.2.2.2.2.3.2.2.2.2.2.3.2.2.2.2.2.2",0.123749205887814,FALSE,TRUE,40
"2.2.2.3.2.2.2.2.2.3.2.2.2.2.2.3.2.2.2.2.2.2",0.163332953465927,FALSE,TRUE,40
"2.2.2.2.3.2.2.2.2.3.2.2.2.2.2.3.2.2.2.2.2.2",0.19802966170289,FALSE,TRUE,37
"2.2.2.2.2.2.3.2.2.3.2.2.2.2.2.3.2.2.2.2.2.2",-0.16840566535469,FALSE,TRUE,38
"2.2.2.2.2.2.2.3.2.3.2.2.2.2.2.3.2.2.2.2.2.2",0.396998459129173,FALSE,TRUE,39
"2.2.2.2.2.2.2.2.3.3.2.2.2.2.2.3.2.2.2.2.2.2",0.11803881130373,FALSE,TRUE,40
"2.2.2.2.2.2.2.2.2.4.2.2.2.2.2.3.2.2.2.2.2.2",-0.00210856005444141,FALSE,TRUE,40
"2.2.2.2.2.2.2.2.2.3.3.2.2.2.2.3.2.2.2.2.2.2",-0.19773520930836,FALSE,TRUE,40
"2.2.2.2.2.2.2.2.2.3.2.3.2.2.2.3.2.2.2.2.2.2",0.32116175862113,FALSE,TRUE,40
"2.2.2.2.2.2.2.2.2.3.2.2.2.3.2.3.2.2.2.2.2.2",0.0241343111241707,FALSE,TRUE,40
"2.2.2.2.2.2.2.2.2.3.2.2.2.2.3.3.2.2.2.2.2.2",0.154883033488468,FALSE,TRUE,40
"2.2.2.2.2.2.2.2.2.3.2.2.2.2.2.4.2.2.2.2.2.2",0.0827073455381408,FALSE,TRUE,41
"2.2.2.2.2.2.2.2.2.3.2.2.2.2.2.3.3.2.2.2.2.2",0.311150322794218,FALSE,TRUE,40
"2.2.2.2.2.2.2.2.2.3.2.2.2.2.2.3.2.3.2.2.2.2",0.341309098372563,FALSE,TRUE,40
"2.2.2.2.2.2.2.2.2.3.2.2.2.2.2.3.2.2.3.2.2.2",0.100125475898317,FALSE,TRUE,37
"2.2.2.2.2.2.2.2.2.3.2.2.2.2.2.3.2.2.2.3.2.2",0.233045691736096,FALSE,TRUE,40
"2.2.2.2.2.2.2.2.2.3.2.2.2.2.2.3.2.2.2.2.3.2",-0.0340403258680135,FALSE,TRUE,40
"2.2.2.2.2.2.2.2.2.3.2.2.2.2.2.3.2.2.2.2.2.3",0.447569759711666,FALSE,TRUE,41
"1.2.2.2.2.2.2.2.2.3.2.2.2.2.2.3.2.2.2.2.2.2",0.168910888794045,FALSE,TRUE,37
"2.1.2.2.2.2.2.2.2.3.2.2.2.2.2.3.2.2.2.2.2.2",0.339596381985491,FALSE,TRUE,39
"2.2.1.2.2.2.2.2.2.3.2.2.2.2.2.3.2.2.2.2.2.2",0.385814058297613,FALSE,TRUE,39
"2.2.2.1.2.2.2.2.2.3.2.2.2.2.2.3.2.2.2.2.2.2",0.355506288736638,FALSE,TRUE,39
"2.2.2.2.1.2.2.2.2.3.2.2.2.2.2.3.2.2.2.2.2.2",0.0525199003754075,FALSE,TRUE,39
"2.2.2.2.2.1.2.2.2.3.2.2.2.2.2.3.2.2.2.2.2.2",0.133636273043273,FALSE,TRUE,40
"2.2.2.2.2.2.1.2.2.3.2.2.2.2.2.3.2.2.2.2.2.2",0.645254638355427,FALSE,TRUE,39
"2.2.2.2.2.2.2.1.2.3.2.2.2.2.2.3.2.2.2.2.2.2",0.01828024670494,FALSE,TRUE,39
"2.2.2.2.2.2.2.2.1.3.2.2.2.2.2.3.2.2.2.2.2.2",0.319699476734492,FALSE,TRUE,38
"2.2.2.2.2.2.2.2.2.3.1.2.2.2.2.3.2.2.2.2.2.2",0.303483230999549,FALSE,TRUE,39
"2.2.2.2.2.2.2.2.2.3.2.1.2.2.2.3.2.2.2.2.2.2",0.277795058188335,FALSE,TRUE,39
"2.2.2.2.2.2.2.2.2.3.2.2.1.2.2.3.2.2.2.2.2.2",0.160319362625419,FALSE,TRUE,39
"2.2.2.2.2.2.2.2.2.3.2.2.2.1.2.3.2.2.2.2.2.2",0.387539293763075,FALSE,TRUE,38
"2.2.2.2.2.2.2.2.2.3.2.2.2.2.1.3.2.2.2.2.2.2",0.34377029363601,FALSE,TRUE,37
"2.2.2.2.2.2.2.2.2.3.2.2.2.2.2.3.1.2.2.2.2.2",0.230466928113813,FALSE,TRUE,36
"2.2.2.2.2.2.2.2.2.3.2.2.2.2.2.3.2.1.2.2.2.2",0.337920690997967,FALSE,TRUE,39
"2.2.2.2.2.2.2.2.2.3.2.2.2.2.2.3.2.2.1.2.2.2",0.509002603392779,FALSE,TRUE,39
"2.2.2.2.2.2.2.2.2.3.2.2.2.2.2.3.2.2.2.1.2.2",0.343162660920259,FALSE,TRUE,36
"2.2.2.2.2.2.2.2.2.3.2.2.2.2.2.3.2.2.2.2.1.2",0.323486008702661,FALSE,TRUE,39
"3.2.2.2.2.2.2.2.2.2.2.2.2.2.1.2.2.2.2.2.2.2",-0.167238025823356,FALSE,TRUE,40
"2.3.2.2.2.2.2.2.2.2.2.2.2.2.1.2.2.2.2.2.2.2",-0.0566070896027956,FALSE,TRUE,39
"2.2.3.2.2.2.2.2.2.2.2.2.2.2.1.2.2.2.2.2.2.2",0.0347031253424796,FALSE,TRUE,39
"2.2.2.3.2.2.2.2.2.2.2.2.2.2.1.2.2.2.2.2.2.2",0.111055829097964,FALSE,TRUE,39
"2.2.2.2.3.2.2.2.2.2.2.2.2.2.1.2.2.2.2.2.2.2",-0.0266444962779426,FALSE,TRUE,38
"2.2.2.2.2.3.2.2.2.2.2.2.2.2.1.2.2.2.2.2.2.2",0.0503589182755868,FALSE,TRUE,39
"2.2.2.2.2.2.3.2.2.2.2.2.2.2.1.2.2.2.2.2.2.2",0.355132606432057,FALSE,TRUE,39
"2.2.2.2.2.2.2.3.2.2.2.2.2.2.1.2.2.2.2.2.2.2",0.171937624990457,FALSE,TRUE,37
"2.2.2.2.2.2.2.2.3.2.2.2.2.2.1.2.2.2.2.2.2.2",0.224893596451037,FALSE,TRUE,39
"2.2.2.2.2.2.2.2.2.2.3.2.2.2.1.2.2.2.2.2.2.2",0.261329202763312,FALSE,TRUE,38
"2.2.2.2.2.2.2.2.2.2.2.3.2.2.1.2.2.2.2.2.2.2",0.324679663130026,FALSE,TRUE,39
"2.2.2.2.2.2.2.2.2.2.2.2.3.2.1.2.2.2.2.2.2.2",0.0751040797857893,FALSE,TRUE,38
"2.2.2.2.2.2.2.2.2.2.2.2.2.3.1.2.2.2.2.2.2.2",-0.136240325090706,FALSE,TRUE,39
"2.2.2.2.2.2.2.2.2.2.2.2.2.2.1.3.2.2.2.2.2.2",0.153673619307467,FALSE,TRUE,38
"2.2.2.2.2.2.2.2.2.2.2.2.2.2.1.2.3.2.2.2.2.2",0.0989442846538347,FALSE,TRUE,39
"2.2.2.2.2.2.2.2.2.2.2.2.2.2.1.2.2.3.2.2.2.2",0.0247879162635662,FALSE,TRUE,39
"2.2.2.2.2.2.2.2.2.2.2.2.2.2.1.2.2.2.3.2.2.2",0.495016191234598,FALSE,TRUE,38
"2.2.2.2.2.2.2.2.2.2.2.2.2.2.1.2.2.2.2.3.2.2",0.222030575942828,FALSE,TRUE,39
"2.2.2.2.2.2.2.2.2.2.2.2.2.2.1.2.2.2.2.2.2.3",0.443339912749917,FALSE,TRUE,39
"2.1.2.2.2.2.2.2.2.2.2.2.2.2.1.2.2.2.2.2.2.2",0.480917649809333,FALSE,TRUE,38
"2.2.1.2.2.2.2.2.2.2.2.2.2.2.1.2.2.2.2.2.2.2",0.0599755717438736,FALSE,TRUE,38
"2.2.2.1.2.2.2.2.2.2.2.2.2.2.1.2.2.2.2.2.2.2",0.223615867308998,FALSE,TRUE,37
"2.2.2.2.1.2.2.2.2.2.2.2.2.2.1.2.2.2.2.2.2.2",0.0878932212318351,FALSE,TRUE,38
"2.2.2.2.2.1.2.2.2.2.2.2.2.2.1.2.2.2.2.2.2.2",0.246549676634496,FALSE,TRUE,38
"2.2.2.2.2.2.1.2.2.2.2.2.2.2.1.2.2.2.2.2.2.2",-0.0931486792576299,FALSE,TRUE,38
"2.2.2.2.2.2.2.1.2.2.2.2.2.2.1.2.2.2.2.2.2.2",0.155385789562542,FALSE,TRUE,37
"2.2.2.2.2.2.2.2.1.2.2.2.2.2.1.2.2.2.2.2.2.2",-0.0729376114468036,FALSE,TRUE,38
"2.2.2.2.2.2.2.2.2.1.2.2.2.2.1.2.2.2.2.2.2.2",-0.0854397416473648,FALSE,TRUE,38
"2.2.2.2.2.2.2.2.2.2.1.2.2.2.1.2.2.2.2.2.2.2",0.0379050419990702,FALSE,TRUE,38
"2.2.2.2.2.2.2.2.2.2.2.1.2.2.1.2.2.2.2.2.2.2",-0.131413590076962,FALSE,TRUE,37
"2.2.2.2.2.2.2.2.2.2.2.2.1.2.1.2.2.2.2.2.2.2",0.223132573733657,FALSE,TRUE,38
"2.2.2.2.2.2.2.2.2.2.2.2.2.1.1.2.2.2.2.2.2.2",0.0743572425619908,FALSE,TRUE,36
"2.2.2.2.2.2.2.2.2.2.2.2.2.2.1.1.2.2.2.2.2.2",0.0198335309589818,FALSE,TRUE,38
"2.2.2.2.2.2.2.2.2.2.2.2.2.2.1.2.1.2.2.2.2.2",0.0463732613491102,FALSE,TRUE,36
"2.2.2.2.2.2.2.2.2.2.2.2.2.2.1.2.2.1.2.2.2.2",0.287928363475267,FALSE,TRUE,38
"2.2.2.2.2.2.2.2.2.2.2.2.2.2.1.2.2.2.1.2.2.2",-0.193612105496214,FALSE,TRUE,38
"2.2.2.2.2.2.2.2.2.2.2.2.2.2.1.2.2.2.2.1.2.2",0.043214286567237,FALSE,TRUE,37
"2.2.2.2.2.2.2.2.2.2.2.2.2.2.1.2.2.2.2.2.1.2",-0.280282268344486,FALSE,TRUE,39
"2.2.2.2.2.2.2.2.2.2.2.2.2.2.1.2.2.2.2.2.2.1",0.110912535629401,FALSE,TRUE,38
"1.3.2.2.2.2.2.2.2.2.2.2.2.2.1.2.2.2.2.2.2.2",-0.163522986372249,FALSE,TRUE,39
"1.2.3.2.2.2.2.2.2.2.2.2.2.2.1.2.2.2.2.2.2.2",0.292754051361557,FALSE,TRUE,39
"1.2.2.3.2.2.2.2.2.2.2.2.2.2.1.2.2.2.2.2.2.2",-0.0931560156227036,FALSE,TRUE,39
"1.2.2.2.3.2.2.2.2.2.2.2.2.2.1.2.2.2.2.2.2.2",0.214223980303468,FALSE,TRUE,39
"1.2.2.2.2.3.2.2.2.2.2.2.2.2.1.2.2.2.2.2.2.2",0.208439742574143,FALSE,TRUE,39
"1.2.2.2.2.2.3.2.2.2.2.2.2.2.1.2.2.2.2.2.2.2",0.251198943684637,FALSE,TRUE,39
"1.2.2.2.2.2.2.3.2.2.2.2.2.2.1.2.2.2.2.2.2.2",0.364140925067737,FALSE,TRUE,38
"1.2.2.2.2.2.2.2.3.2.2.2.2.2.1.2.2.2.2.2.2.2",0.164774820550117,FALSE,TRUE,39
"1.2.2.2.2.2.2.2.2.3.2.2.2.2.1.2.2.2.2.2.2.2",0.503630583672375,FALSE,TRUE,38
"1.2.2.2.2.2.2.2.2.2.3.2.2.2.1.2.2.2.2.2.2.2",0.266531139044295,FALSE,TRUE,39
"1.2.2.2.2.2.2.2.2.2.2.3.2.2.1.2.2.2.2.2.2.2",0.422786725415438,FALSE,TRUE,39
"1.2.2.2.2.2.2.2.2.2.2.2.3.2.1.2.2.2.2.2.2.2",0.250570448261669,FALSE,TRUE,39
"1.2.2.2.2.2.2.2.2.2.2.2.2.3.1.2.2.2.2.2.2.2",-0.00957639137121415,FALSE,TRUE,39
"1.2.2.2.2.2.2.2.2.2.2.2.2.2.1.2.3.2.2.2.2.2",-0.130868245801788,FALSE,TRUE,39
"1.2.2.2.2.2.2.2.2.2.2.2.2.2.1.2.2.3.2.2.2.2",0.247277031582199,FALSE,TRUE,39
"1.2.2.2.2.2.2.2.2.2.2.2.2.2.1.2.2.2.3.2.2.2",0.552995093178706,FALSE,TRUE,39
"1.2.2.2.2.2.2.2.2.2.2.2.2.2.1.2.2.2.2.3.2.2",0.292590693056199,FALSE,TRUE,39
"1.2.2.2.2.2.2.2.2.2.2.2.2.2.1.2.2.2.2.2.3.2",0.508242625767211,FALSE,TRUE,39
"1.2.2.2.2.2.2.2.2.2.2.2.2.2.1.2.2.2.2.2.2.3",0.59462281680869,FALSE,TRUE,39
"1.1.2.2.2.2.2.2.2.2.2.2.2.2.1.2.2.2.2.2.2.2",0.606878482039656,FALSE,TRUE,38
"1.2.1.2.2.2.2.2.2.2.2.2.2.2.1.2.2.2.2.2.2.2",0.00664633076311172,FALSE,TRUE,38
"1.2.2.1.2.2.2.2.2.2.2.2.2.2.1.2.2.2.2.2.2.2",0.565701836099969,FALSE,TRUE,38
"1.2.2.2.1.2.2.2.2.2.2.2.2.2.1.2.2.2.2.2.2.2",0.160879868015756,FALSE,TRUE,38
"1.2.2.2.2.1.2.2.2.2.2.2.2.2.1.2.2.2.2.2.2.2",0.176935701175766,FALSE,TRUE,38
"1.2.2.2.2.2.1.2.2.2.2.2.2.2.1.2.2.2.2.2.2.2",-0.0340721165338396,FALSE,TRUE,38
"1.2.2.2.2.2.2.1.2.2.2.2.2.2.1.2.2.2.2.2.2.2",0.190184848294424,FALSE,TRUE,38
"1.2.2.2.2.2.2.2.1.2.2.2.2.2.1.2.2.2.2.2.2.2",0.0805101340562913,FALSE,TRUE,38
"1.2.2.2.2.2.2.2.2.1.2.2.2.2.1.2.2.2.2.2.2.2",-0.11304426240405,FALSE,TRUE,38
"1.2.2.2.2.2.2.2.2.2.1.2.2.2.1.2.2.2.2.2.2.2",0.045006231229151,FALSE,TRUE,38
"1.2.2.2.2.2.2.2.2.2.2.1.2.2.1.2.2.2.2.2.2.2",-0.121412499369278,FALSE,TRUE,38
"1.2.2.2.2.2.2.2.2.2.2.2.1.2.1.2.2.2.2.2.2.2",0.0987389231354232,FALSE,TRUE,38
"1.2.2.2.2.2.2.2.2.2.2.2.2.1.1.2.2.2.2.2.2.2",0.207482855254965,FALSE,TRUE,38
"1.2.2.2.2.2.2.2.2.2.2.2.2.2.1.1.2.2.2.2.2.2",-0.00841748714563821,FALSE,TRUE,39
"1.2.2.2.2.2.2.2.2.2.2.2.2.2.1.2.1.2.2.2.2.2",0.365909401984534,FALSE,TRUE,37
"1.2.2.2.2.2.2.2.2.2.2.2.2.2.1.2.2.1.2.2.2.2",0.226294177568713,FALSE,TRUE,38
"1.2.2.2.2.2.2.2.2.2.2.2.2.2.1.2.2.2.1.2.2.2",-0.193329669550974,FALSE,TRUE,38
"1.2.2.2.2.2.2.2.2.2.2.2.2.2.1.2.2.2.2.1.2.2",0.0537749642908578,FALSE,TRUE,37
"1.2.2.2.2.2.2.2.2.2.2.2.2.2.1.2.2.2.2.2.1.2",-0.15418299700184,FALSE,TRUE,38
"1.2.2.2.2.2.2.2.2.2.2.2.2.2.1.2.2.2.2.2.2.1",0.10520743725529,FALSE,TRUE,38
"3.2.2.2.2.2.2.2.2.3.2.2.2.2.2.2.1.2.2.2.2.2",0.0585283937912359,FALSE,TRUE,37
"2.3.2.2.2.2.2.2.2.3.2.2.2.2.2.2.1.2.2.2.2.2",0.489610405238332,FALSE,TRUE,38
"2.2.3.2.2.2.2.2.2.3.2.2.2.2.2.2.1.2.2.2.2.2",-0.0850539763814027,FALSE,TRUE,38
"2.2.2.3.2.2.2.2.2.3.2.2.2.2.2.2.1.2.2.2.2.2",0.499978033578919,FALSE,TRUE,38
"2.2.2.2.3.2.2.2.2.3.2.2.2.2.2.2.1.2.2.2.2.2",0.00976217695331899,FALSE,TRUE,36
"2.2.2.2.2.3.2.2.2.3.2.2.2.2.2.2.1.2.2.2.2.2",0.274275361178489,FALSE,TRUE,37
"2.2.2.2.2.2.2.3.2.3.2.2.2.2.2.2.1.2.2.2.2.2",0.0855220991515627,FALSE,TRUE,38
"2.2.2.2.2.2.2.2.3.3.2.2.2.2.2.2.1.2.2.2.2.2",0.205489923620826,FALSE,TRUE,38
"2.2.2.2.2.2.2.2.2.4.2.2.2.2.2.2.1.2.2.2.2.2",-0.286396237703906,FALSE,TRUE,39
"2.2.2.2.2.2.2.2.2.3.3.2.2.2.2.2.1.2.2.2.2.2",-0.000129857729936623,FALSE,TRUE,38
"2.2.2.2.2.2.2.2.2.3.2.3.2.2.2.2.1.2.2.2.2.2",0.322134457328973,FALSE,TRUE,38
"2.2.2.2.2.2.2.2.2.3.2.2.2.3.2.2.1.2.2.2.2.2",0.184388891875123,FALSE,TRUE,38
"2.2.2.2.2.2.2.2.2.3.2.2.2.2.3.2.1.2.2.2.2.2",0.368483465491383,FALSE,TRUE,38
"2.2.2.2.2.2.2.2.2.3.2.2.2.2.2.2.1.3.2.2.2.2",0.319446485545961,FALSE,TRUE,37
"2.2.2.2.2.2.2.2.2.3.2.2.2.2.2.2.1.2.2.3.2.2",0.439390143366812,FALSE,TRUE,38
"2.2.2.2.2.2.2.2.2.3.2.2.2.2.2.2.1.2.2.2.3.2",0.0390631935803441,FALSE,TRUE,38
"2.2.2.2.2.2.2.2.2.3.2.2.2.2.2.2.1.2.2.2.2.3",0.261505480923083,FALSE,TRUE,38
"1.2.2.2.2.2.2.2.2.3.2.2.2.2.2.2.1.2.2.2.2.2",0.312367157884728,FALSE,TRUE,37
"2.1.2.2.2.2.2.2.2.3.2.2.2.2.2.2.1.2.2.2.2.2",-0.164198059309925,FALSE,TRUE,37
"2.2.1.2.2.2.2.2.2.3.2.2.2.2.2.2.1.2.2.2.2.2",0.229485259439324,FALSE,TRUE,37
"2.2.2.1.2.2.2.2.2.3.2.2.2.2.2.2.1.2.2.2.2.2",-0.245991565069482,FALSE,TRUE,37
"2.2.2.2.1.2.2.2.2.3.2.2.2.2.2.2.1.2.2.2.2.2",0.192125013591686,FALSE,TRUE,37
"2.2.2.2.2.1.2.2.2.3.2.2.2.2.2.2.1.2.2.2.2.2",0.46357888925212,FALSE,TRUE,37
"2.2.2.2.2.2.1.2.2.3.2.2.2.2.2.2.1.2.2.2.2.2",0.118743313093584,FALSE,TRUE,38
"2.2.2.2.2.2.2.1.2.3.2.2.2.2.2.2.1.2.2.2.2.2",0.106849093743243,FALSE,TRUE,37
"2.2.2.2.2.2.2.2.1.3.2.2.2.2.2.2.1.2.2.2.2.2",0.134941980813781,FALSE,TRUE,36
"2.2.2.2.2.2.2.2.2.3.1.2.2.2.2.2.1.2.2.2.2.2",0.0963675647908095,FALSE,TRUE,37
"2.2.2.2.2.2.2.2.2.3.2.1.2.2.2.2.1.2.2.2.2.2",0.125897225019234,FALSE,TRUE,37
"2.2.2.2.2.2.2.2.2.3.2.2.1.2.2.2.1.2.2.2.2.2",0.140783207811173,FALSE,TRUE,37
"2.2.2.2.2.2.2.2.2.3.2.2.2.1.2.2.1.2.2.2.2.2",0.214360187766685,FALSE,TRUE,36
"2.2.2.2.2.2.2.2.2.3.2.2.2.2.1.2.1.2.2.2.2.2",-0.00670326750013219,FALSE,TRUE,37
"2.2.2.2.2.2.2.2.2.3.2.2.2.2.2.1.1.2.2.2.2.2",0.204888741699203,FALSE,TRUE,37
"2.2.2.2.2.2.2.2.2.3.2.2.2.2.2.2.1.1.2.2.2.2",0.194132571141104,FALSE,TRUE,37
"2.2.2.2.2.2.2.2.2.3.2.2.2.2.2.2.1.2.1.2.2.2",0.0799140778009497,FALSE,TRUE,38
"2.2.2.2.2.2.2.2.2.3.2.2.2.2.2.2.1.2.2.1.2.2",-0.0424421155894863,FALSE,TRUE,36
"2.2.2.2.2.2.2.2.2.3.2.2.2.2.2.2.1.2.2.2.1.2",-0.0471460245934589,FALSE,TRUE,37
"2.2.2.2.2.2.2.2.2.3.2.2.2.2.2.2.1.2.2.2.2.1",0.442386732975556,FALSE,TRUE,36
"3.2.2.2.2.2.3.2.2.3.2.2.2.2.2.2.1.2.2.2.2.2",0.189306009775002,FALSE,TRUE,38
"2.3.2.2.2.2.3.2.2.3.2.2.2.2.2.2.1.2.2.2.2.2",0.372917993151408,FALSE,TRUE,40
"2.2.3.2.2.2.3.2.2.3.2.2.2.2.2.2.1.2.2.2.2.2",0.0889604902306805,FALSE,TRUE,40
"2.2.2.3.2.2.3.2.2.3.2.2.2.2.2.2.1.2.2.2.2.2",0.328649132714971,FALSE,TRUE,40
"2.2.2.2.3.2.3.2.2.3.2.2.2.2.2.2.1.2.2.2.2.2",-0.0533001431163945,FALSE,TRUE,40
"2.2.2.2.2.3.3.2.2.3.2.2.2.2.2.2.1.2.2.2.2.2",0.152527441645374,FALSE,TRUE,40
"2.2.2.2.2.2.4.2.2.3.2.2.2.2.2.2.1.2.2.2.2.2",0.0832061427490481,FALSE,TRUE,37
"2.2.2.2.2.2.3.3.2.3.2.2.2.2.2.2.1.2.2.2.2.2",0.26651334323272,FALSE,TRUE,39
"2.2.2.2.2.2.3.2.3.3.2.2.2.2.2.2.1.2.2.2.2.2",0.22663205117664,FALSE,TRUE,40
"2.2.2.2.2.2.3.2.2.4.2.2.2.2.2.2.1.2.2.2.2.2",-0.37529056157342,FALSE,TRUE,40
"2.2.2.2.2.2.3.2.2.3.3.2.2.2.2.2.1.2.2.2.2.2",-0.303558833100187,FALSE,TRUE,40
"2.2.2.2.2.2.3.2.2.3.2.3.2.2.2.2.1.2.2.2.2.2",0.176691210707044,FALSE,TRUE,40
"2.2.2.2.2.2.3.2.2.3.2.2.3.2.2.2.1.2.2.2.2.2",0.0168683758140154,FALSE,TRUE,37
"2.2.2.2.2.2.3.2.2.3.2.2.2.3.2.2.1.2.2.2.2.2",0.120210804622112,FALSE,TRUE,40
"2.2.2.2.2.2.3.2.2.3.2.2.2.2.3.2.1.2.2.2.2.2",0.259759800051706,FALSE,TRUE,40
"2.2.2.2.2.2.3.2.2.3.2.2.2.2.2.3.1.2.2.2.2.2",0.185027954933468,FALSE,TRUE,39
"2.2.2.2.2.2.3.2.2.3.2.2.2.2.2.2.1.3.2.2.2.2",0.262107489431731,FALSE,TRUE,39
"2.2.2.2.2.2.3.2.2.3.2.2.2.2.2.2.1.2.3.2.2.2",-0.0526667367157666,FALSE,TRUE,39
"2.2.2.2.2.2.3.2.2.3.2.2.2.2.2.2.1.2.2.3.2.2",0.0665917920305637,FALSE,TRUE,41
"2.2.2.2.2.2.3.2.2.3.2.2.2.2.2.2.1.2.2.2.3.2",-0.0260801623583855,FALSE,TRUE,40
"2.2.2.2.2.2.3.2.2.3.2.2.2.2.2.2.1.2.2.2.2.3",0.201787991445369,FALSE,TRUE,40
"1.2.2.2.2.2.3.2.2.3.2.2.2.2.2.2.1.2.2.2.2.2",0.1357386876335,FALSE,TRUE,39
"2.1.2.2.2.2.3.2.2.3.2.2.2.2.2.2.1.2.2.2.2.2",-0.123104119100277,FALSE,TRUE,39
"2.2.1.2.2.2.3.2.2.3.2.2.2.2.2.2.1.2.2.2.2.2",0.419395562232663,FALSE,TRUE,39
"2.2.2.1.2.2.3.2.2.3.2.2.2.2.2.2.1.2.2.2.2.2",-0.0364612288536617,FALSE,TRUE,38
"2.2.2.2.1.2.3.2.2.3.2.2.2.2.2.2.1.2.2.2.2.2",0.0266472852686891,FALSE,TRUE,38
"2.2.2.2.2.1.3.2.2.3.2.2.2.2.2.2.1.2.2.2.2.2",0.148278010589094,FALSE,TRUE,39
"2.2.2.2.2.2.3.1.2.3.2.2.2.2.2.2.1.2.2.2.2.2",-0.0777597183632005,FALSE,TRUE,38
"2.2.2.2.2.2.3.2.1.3.2.2.2.2.2.2.1.2.2.2.2.2",0.284023914905774,FALSE,TRUE,39
"2.2.2.2.2.2.3.2.2.2.2.2.2.2.2.2.1.2.2.2.2.2",0.435034664417426,FALSE,TRUE,38
"2.2.2.2.2.2.3.2.2.3.1.2.2.2.2.2.1.2.2.2.2.2",0.2836350538852,FALSE,TRUE,39
"2.2.2.2.2.2.3.2.2.3.2.1.2.2.2.2.1.2.2.2.2.2",0.13056180829718,FALSE,TRUE,39
"2.2.2.2.2.2.3.2.2.3.2.2.1.2.2.2.1.2.2.2.2.2",0.166129438343525,FALSE,TRUE,39
"2.2.2.2.2.2.3.2.2.3.2.2.2.1.2.2.1.2.2.2.2.2",0.157324383923075,FALSE,TRUE,38
"2.2.2.2.2.2.3.2.2.3.2.2.2.2.1.2.1.2.2.2.2.2",0.0979282564397924,FALSE,TRUE,38
"2.2.2.2.2.2.3.2.2.3.2.2.2.2.2.1.1.2.2.2.2.2",0.220650656809666,FALSE,TRUE,39
"2.2.2.2.2.2.3.2.2.3.2.2.2.2.2.2.1.1.2.2.2.2",0.0915554124813648,FALSE,TRUE,39
"2.2.2.2.2.2.3.2.2.3.2.2.2.2.2.2.1.2.1.2.2.2",0.291614775362762,FALSE,TRUE,39
"2.2.2.2.2.2.3.2.2.3.2.2.2.2.2.2.1.2.2.2.1.2",0.353517368350749,FALSE,TRUE,39
"2.2.2.2.2.2.3.2.2.3.2.2.2.2.2.2.1.2.2.2.2.1",0.532514177450756,FALSE,TRUE,39
"3.2.2.2.2.2.2.2.1.3.2.2.3.2.2.2.2.2.2.2.2.2",0.0971348529333605,FALSE,TRUE,40
"2.3.2.2.2.2.2.2.1.3.2.2.3.2.2.2.2.2.2.2.2.2",-0.132453349420159,FALSE,TRUE,40
"2.2.3.2.2.2.2.2.1.3.2.2.3.2.2.2.2.2.2.2.2.2",0.594287340146428,FALSE,TRUE,40
"2.2.2.3.2.2.2.2.1.3.2.2.3.2.2.2.2.2.2.2.2.2",-0.01302158435383,FALSE,TRUE,40
"2.2.2.2.2.3.2.2.1.3.2.2.3.2.2.2.2.2.2.2.2.2",0.175444425826192,FALSE,TRUE,40
"2.2.2.2.2.2.3.2.1.3.2.2.3.2.2.2.2.2.2.2.2.2",0.168906269494839,FALSE,TRUE,40
"2.2.2.2.2.2.2.3.1.3.2.2.3.2.2.2.2.2.2.2.2.2",0.113850282074126,FALSE,TRUE,40
"2.2.2.2.2.2.2.2.1.4.2.2.3.2.2.2.2.2.2.2.2.2",-0.0712263769691308,FALSE,TRUE,40
"2.2.2.2.2.2.2.2.1.3.3.2.3.2.2.2.2.2.2.2.2.2",0.115935052591191,FALSE,TRUE,40
"2.2.2.2.2.2.2.2.1.3.2.2.4.2.2.2.2.2.2.2.2.2",-0.0820580336163767,FALSE,TRUE,40
"2.2.2.2.2.2.2.2.1.3.2.2.3.3.2.2.2.2.2.2.2.2",0.200236137011456,FALSE,TRUE,40
"2.2.2.2.2.2.2.2.1.3.2.2.3.2.3.2.2.2.2.2.2.2",-0.0991221236239496,FALSE,TRUE,40
"2.2.2.2.2.2.2.2.1.3.2.2.3.2.2.3.2.2.2.2.2.2",0.340527778225716,FALSE,TRUE,39
"2.2.2.2.2.2.2.2.1.3.2.2.3.2.2.2.3.2.2.2.2.2",0.215367605912292,FALSE,TRUE,40
"2.2.2.2.2.2.2.2.1.3.2.2.3.2.2.2.2.3.2.2.2.2",0.127665777214602,FALSE,TRUE,40
"2.2.2.2.2.2.2.2.1.3.2.2.3.2.2.2.2.2.3.2.2.2",0.403856803245565,FALSE,TRUE,39
"2.2.2.2.2.2.2.2.1.3.2.2.3.2.2.2.2.2.2.3.2.2",-0.0491557844311625,FALSE,TRUE,40
"2.2.2.2.2.2.2.2.1.3.2.2.3.2.2.2.2.2.2.2.3.2",0.162358636924298,FALSE,TRUE,40
"2.2.2.2.2.2.2.2.1.3.2.2.3.2.2.2.2.2.2.2.2.3",0.440755342775798,FALSE,TRUE,40
"1.2.2.2.2.2.2.2.1.3.2.2.3.2.2.2.2.2.2.2.2.2",0.330152994917491,FALSE,TRUE,39
"2.1.2.2.2.2.2.2.1.3.2.2.3.2.2.2.2.2.2.2.2.2",0.244081163817497,FALSE,TRUE,39
"2.2.1.2.2.2.2.2.1.3.2.2.3.2.2.2.2.2.2.2.2.2",-0.275324011434303,FALSE,TRUE,39
"2.2.2.1.2.2.2.2.1.3.2.2.3.2.2.2.2.2.2.2.2.2",0.146040697930138,FALSE,TRUE,38
"2.2.2.2.1.2.2.2.1.3.2.2.3.2.2.2.2.2.2.2.2.2",0.0173999948618744,FALSE,TRUE,39
"2.2.2.2.2.1.2.2.1.3.2.2.3.2.2.2.2.2.2.2.2.2",-0.099288000479768,FALSE,TRUE,38
"2.2.2.2.2.2.1.2.1.3.2.2.3.2.2.2.2.2.2.2.2.2",-0.109650710168914,FALSE,TRUE,39
"2.2.2.2.2.2.2.1.1.3.2.2.3.2.2.2.2.2.2.2.2.2",0.024333546475621,FALSE,TRUE,38
"2.2.2.2.2.2.2.2.1.2.2.2.3.2.2.2.2.2.2.2.2.2",-0.115199026783512,FALSE,TRUE,39
"2.2.2.2.2.2.2.2.1.3.1.2.3.2.2.2.2.2.2.2.2.2",-0.186683661398319,FALSE,TRUE,39
"2.2.2.2.2.2.2.2.1.3.2.1.3.2.2.2.2.2.2.2.2.2",-0.0894520812468458,FALSE,TRUE,40
"2.2.2.2.2.2.2.2.1.3.2.2.3.1.2.2.2.2.2.2.2.2",0.117940106511796,FALSE,TRUE,38
"2.2.2.2.2.2.2.2.1.3.2.2.3.2.1.2.2.2.2.2.2.2",-0.00793115375425463,FALSE,TRUE,39
"2.2.2.2.2.2.2.2.1.3.2.2.3.2.2.1.2.2.2.2.2.2",0.0439806203121344,FALSE,TRUE,39
"2.2.2.2.2.2.2.2.1.3.2.2.3.2.2.2.1.2.2.2.2.2",0.0949052913432537,FALSE,TRUE,38
"2.2.2.2.2.2.2.2.1.3.2.2.3.2.2.2.2.1.2.2.2.2",0.185841200722383,FALSE,TRUE,39
"2.2.2.2.2.2.2.2.1.3.2.2.3.2.2.2.2.2.1.2.2.2",-0.280772694481385,FALSE,TRUE,39
"2.2.2.2.2.2.2.2.1.3.2.2.3.2.2.2.2.2.2.1.2.2",0.246315236957517,FALSE,TRUE,39
"2.2.2.2.2.2.2.2.1.3.2.2.3.2.2.2.2.2.2.2.1.2",-0.2795875013504,FALSE,TRUE,39
"2.2.2.2.2.2.2.2.1.3.2.2.3.2.2.2.2.2.2.2.2.1",-0.169601576993932,FALSE,TRUE,39
"3.2.2.2.2.2.3.2.2.3.2.2.2.2.2.2.1.2.2.1.2.2",0.0549467407562409,FALSE,TRUE,37
"2.3.2.2.2.2.3.2.2.3.2.2.2.2.2.2.1.2.2.1.2.2",0.466354742594815,FALSE,TRUE,37
"2.2.3.2.2.2.3.2.2.3.2.2.2.2.2.2.1.2.2.1.2.2",-0.0412775538722228,FALSE,TRUE,37
"2.2.2.3.2.2.3.2.2.3.2.2.2.2.2.2.1.2.2.1.2.2",0.37220949312304,FALSE,TRUE,37
"2.2.2.2.3.2.3.2.2.3.2.2.2.2.2.2.1.2.2.1.2.2",-0.166810018184335,FALSE,TRUE,37
"2.2.2.2.2.3.3.2.2.3.2.2.2.2.2.2.1.2.2.1.2.2",0.199278429552058,FALSE,TRUE,37
"2.2.2.2.2.2.3.3.2.3.2.2.2.2.2.2.1.2.2.1.2.2",0.217827183885766,FALSE,TRUE,37
"2.2.2.2.2.2.3.2.3.3.2.2.2.2.2.2.1.2.2.1.2.2",0.394966638663982,FALSE,TRUE,37
"2.2.2.2.2.2.3.2.2.4.2.2.2.2.2.2.1.2.2.1.2.2",-0.184914933978466,FALSE,TRUE,37
"2.2.2.2.2.2.3.2.2.3.3.2.2.2.2.2.1.2.2.1.2.2",0.00512627214220728,FALSE,TRUE,37
"2.2.2.2.2.2.3.2.2.3.2.3.2.2.2.2.1.2.2.1.2.2",0.416527322682602,FALSE,TRUE,37
"2.2.2.2.2.2.3.2.2.3.2.2.3.2.2.2.1.2.2.1.2.2",0.172621658559632,FALSE,TRUE,37
"2.2.2.2.2.2.3.2.2.3.2.2.2.3.2.2.1.2.2.1.2.2",0.31229900506924,FALSE,TRUE,37
"2.2.2.2.2.2.3.2.2.3.2.2.2.2.3.2.1.2.2.1.2.2",0.432269621070453,FALSE,TRUE,37
"2.2.2.2.2.2.3.2.2.3.2.2.2.2.2.3.1.2.2.1.2.2",0.381652037570681,FALSE,TRUE,37
"2.2.2.2.2.2.3.2.2.3.2.2.2.2.2.2.1.2.3.1.2.2",0.0819135080024737,FALSE,TRUE,36
"2.2.2.2.2.2.3.2.2.3.2.2.2.2.2.2.1.2.2.1.3.2",0.291113619370696,FALSE,TRUE,36
"2.2.2.2.2.2.3.2.2.3.2.2.2.2.2.2.1.2.2.1.2.3",0.155863680353468,FALSE,TRUE,37
"1.2.2.2.2.2.3.2.2.3.2.2.2.2.2.2.1.2.2.1.2.2",0.262345466454741,FALSE,TRUE,36
"2.1.2.2.2.2.3.2.2.3.2.2.2.2.2.2.1.2.2.1.2.2",-0.223813109093812,FALSE,TRUE,36
"2.2.1.2.2.2.3.2.2.3.2.2.2.2.2.2.1.2.2.1.2.2",0.320982109952066,FALSE,TRUE,36
"2.2.2.1.2.2.3.2.2.3.2.2.2.2.2.2.1.2.2.1.2.2",-0.167637531946421,FALSE,TRUE,36
"2.2.2.2.1.2.3.2.2.3.2.2.2.2.2.2.1.2.2.1.2.2",0.22507754732064,FALSE,TRUE,36
"2.2.2.2.2.1.3.2.2.3.2.2.2.2.2.2.1.2.2.1.2.2",0.345356800298885,FALSE,TRUE,36
"2.2.2.2.2.2.3.1.2.3.2.2.2.2.2.2.1.2.2.1.2.2",0.176289952863165,FALSE,TRUE,36
"2.2.2.2.2.2.3.2.1.3.2.2.2.2.2.2.1.2.2.1.2.2",0.456309680543907,FALSE,TRUE,36
"2.2.2.2.2.2.3.2.2.2.2.2.2.2.2.2.1.2.2.1.2.2",0.394322262472025,FALSE,TRUE,36
"2.2.2.2.2.2.3.2.2.3.1.2.2.2.2.2.1.2.2.1.2.2",-0.0201198227244146,FALSE,TRUE,36
"2.2.2.2.2.2.3.2.2.3.2.1.2.2.2.2.1.2.2.1.2.2",0.313194821253674,FALSE,TRUE,36
"2.2.2.2.2.2.3.2.2.3.2.2.1.2.2.2.1.2.2.1.2.2",-0.00968139311075331,FALSE,TRUE,36
"2.2.2.2.2.2.3.2.2.3.2.2.2.1.2.2.1.2.2.1.2.2",0.0238144038587534,FALSE,TRUE,36
"2.2.2.2.2.2.3.2.2.3.2.2.2.2.1.2.1.2.2.1.2.2",-0.0856947425001235,FALSE,TRUE,35
"2.2.2.2.2.2.3.2.2.3.2.2.2.2.2.1.1.2.2.1.2.2",0.0864903889616316,FALSE,TRUE,36
"2.2.2.2.2.2.3.2.2.3.2.2.2.2.2.2.1.1.2.1.2.2",0.0693994965440943,FALSE,TRUE,37
"2.2.2.2.2.2.3.2.2.3.2.2.2.2.2.2.1.2.1.1.2.2",0.0105258560516467,FALSE,TRUE,36
"2.2.2.2.2.2.3.2.2.3.2.2.2.2.2.2.1.2.2.1.1.2",0.101888270944357,FALSE,TRUE,36
"2.2.2.2.2.2.3.2.2.3.2.2.2.2.2.2.1.2.2.1.2.1",0.453857006772991,FALSE,TRUE,36
"3.2.2.2.2.2.2.2.2.3.2.2.2.2.2.3.2.2.2.2.2.1",0.709925958874366,FALSE,TRUE,40
"2.3.2.2.2.2.2.2.2.3.2.2.2.2.2.3.2.2.2.2.2.1",0.404048332535953,FALSE,TRUE,40
"2.2.3.2.2.2.2.2.2.3.2.2.2.2.2.3.2.2.2.2.2.1",0.223640305055667,FALSE,TRUE,40
"2.2.2.3.2.2.2.2.2.3.2.2.2.2.2.3.2.2.2.2.2.1",0.334650252124337,FALSE,TRUE,40
"2.2.2.2.3.2.2.2.2.3.2.2.2.2.2.3.2.2.2.2.2.1",0.150923123572477,FALSE,TRUE,40
"2.2.2.2.2.3.2.2.2.3.2.2.2.2.2.3.2.2.2.2.2.1",0.32881472016838,FALSE,TRUE,39
"2.2.2.2.2.2.3.2.2.3.2.2.2.2.2.3.2.2.2.2.2.1",0.07531897919821,FALSE,TRUE,40
"2.2.2.2.2.2.2.2.3.3.2.2.2.2.2.3.2.2.2.2.2.1",0.205827096432058,FALSE,TRUE,40
"2.2.2.2.2.2.2.2.2.4.2.2.2.2.2.3.2.2.2.2.2.1",-0.0517567222403681,FALSE,TRUE,40
"2.2.2.2.2.2.2.2.2.3.3.2.2.2.2.3.2.2.2.2.2.1",-0.146976289043176,FALSE,TRUE,40
"2.2.2.2.2.2.2.2.2.3.2.3.2.2.2.3.2.2.2.2.2.1",0.321430471787224,FALSE,TRUE,40
"2.2.2.2.2.2.2.2.2.3.2.2.3.2.2.3.2.2.2.2.2.1",0.280227888476184,FALSE,TRUE,39
"2.2.2.2.2.2.2.2.2.3.2.2.2.3.2.3.2.2.2.2.2.1",0.239626066406434,FALSE,TRUE,40
"2.2.2.2.2.2.2.2.2.3.2.2.2.2.3.3.2.2.2.2.2.1",0.238223185650569,FALSE,TRUE,40
"2.2.2.2.2.2.2.2.2.3.2.2.2.2.2.4.2.2.2.2.2.1",0.279268397478785,FALSE,TRUE,40
"2.2.2.2.2.2.2.2.2.3.2.2.2.2.2.3.3.2.2.2.2.1",0.182350142965255,FALSE,TRUE,39
"2.2.2.2.2.2.2.2.2.3.2.2.2.2.2.3.2.3.2.2.2.1",0.574550253868748,FALSE,TRUE,40
"2.2.2.2.2.2.2.2.2.3.2.2.2.2.2.3.2.2.3.2.2.1",0.124435843793955,FALSE,TRUE,39
"2.2.2.2.2.2.2.2.2.3.2.2.2.2.2.3.2.2.2.3.2.1",0.157978408175029,FALSE,TRUE,40
"2.2.2.2.2.2.2.2.2.3.2.2.2.2.2.3.2.2.2.2.3.1",-0.0898711177562597,FALSE,TRUE,40
"1.2.2.2.2.2.2.2.2.3.2.2.2.2.2.3.2.2.2.2.2.1",0.232942306156033,FALSE,TRUE,39
"2.1.2.2.2.2.2.2.2.3.2.2.2.2.2.3.2.2.2.2.2.1",0.290721178364893,FALSE,TRUE,39
"2.2.1.2.2.2.2.2.2.3.2.2.2.2.2.3.2.2.2.2.2.1",0.413938101852763,FALSE,TRUE,39
"2.2.2.1.2.2.2.2.2.3.2.2.2.2.2.3.2.2.2.2.2.1",0.446924432282163,FALSE,TRUE,38
"2.2.2.2.1.2.2.2.2.3.2.2.2.2.2.3.2.2.2.2.2.1",0.3999987440426,FALSE,TRUE,39
"2.2.2.2.2.1.2.2.2.3.2.2.2.2.2.3.2.2.2.2.2.1",0.38094261947812,FALSE,TRUE,39
"2.2.2.2.2.2.1.2.2.3.2.2.2.2.2.3.2.2.2.2.2.1",0.429155534730683,FALSE,TRUE,39
"2.2.2.2.2.2.2.1.2.3.2.2.2.2.2.3.2.2.2.2.2.1",0.167019577500759,FALSE,TRUE,39
"2.2.2.2.2.2.2.2.1.3.2.2.2.2.2.3.2.2.2.2.2.1",0.29241350062951,FALSE,TRUE,39
"2.2.2.2.2.2.2.2.2.2.2.2.2.2.2.3.2.2.2.2.2.1",0.384856131738667,FALSE,TRUE,39
"2.2.2.2.2.2.2.2.2.3.1.2.2.2.2.3.2.2.2.2.2.1",0.437080740261025,FALSE,TRUE,39
"2.2.2.2.2.2.2.2.2.3.2.1.2.2.2.3.2.2.2.2.2.1",0.435265831776879,FALSE,TRUE,39
"2.2.2.2.2.2.2.2.2.3.2.2.1.2.2.3.2.2.2.2.2.1",0.247295582231151,FALSE,TRUE,39
"2.2.2.2.2.2.2.2.2.3.2.2.2.1.2.3.2.2.2.2.2.1",0.268782063476354,FALSE,TRUE,38
"2.2.2.2.2.2.2.2.2.3.2.2.2.2.1.3.2.2.2.2.2.1",0.404770868491156,FALSE,TRUE,39
"2.2.2.2.2.2.2.2.2.3.2.2.2.2.2.3.1.2.2.2.2.1",0.495368832158901,FALSE,TRUE,38
"2.2.2.2.2.2.2.2.2.3.2.2.2.2.2.3.2.1.2.2.2.1",0.284478245191462,FALSE,TRUE,39
"2.2.2.2.2.2.2.2.2.3.2.2.2.2.2.3.2.2.1.2.2.1",0.566640976748792,FALSE,TRUE,39
"2.2.2.2.2.2.2.2.2.3.2.2.2.2.2.3.2.2.2.1.2.1",0.594956560247053,FALSE,TRUE,39
"2.2.2.2.2.2.2.2.2.3.2.2.2.2.2.3.2.2.2.2.1.1",0.394939036705174,FALSE,TRUE,39
"3.2.2.2.2.2.2.2.2.2.2.2.2.2.1.2.2.2.2.2.3.2",0.566059836939216,FALSE,TRUE,41
"2.3.2.2.2.2.2.2.2.2.2.2.2.2.1.2.2.2.2.2.3.2",0.115882041829753,FALSE,TRUE,41
"2.2.3.2.2.2.2.2.2.2.2.2.2.2.1.2.2.2.2.2.3.2",0.397510141920995,FALSE,TRUE,41
"2.2.2.3.2.2.2.2.2.2.2.2.2.2.1.2.2.2.2.2.3.2",0.292830293397834,FALSE,TRUE,41
"2.2.2.2.3.2.2.2.2.2.2.2.2.2.1.2.2.2.2.2.3.2",0.656169483252646,FALSE,TRUE,41
"2.2.2.2.2.3.2.2.2.2.2.2.2.2.1.2.2.2.2.2.3.2",0.519840953596227,FALSE,TRUE,41
"2.2.2.2.2.2.3.2.2.2.2.2.2.2.1.2.2.2.2.2.3.2",0.168829204729393,FALSE,TRUE,41
"2.2.2.2.2.2.2.3.2.2.2.2.2.2.1.2.2.2.2.2.3.2",0.563860132736701,FALSE,TRUE,40
"2.2.2.2.2.2.2.2.3.2.2.2.2.2.1.2.2.2.2.2.3.2",0.295716022440232,FALSE,TRUE,41
"2.2.2.2.2.2.2.2.2.3.2.2.2.2.1.2.2.2.2.2.3.2",0.370741489175669,FALSE,TRUE,40
"2.2.2.2.2.2.2.2.2.2.3.2.2.2.1.2.2.2.2.2.3.2",0.258804463585017,FALSE,TRUE,41
"2.2.2.2.2.2.2.2.2.2.2.3.2.2.1.2.2.2.2.2.3.2",0.649492044726667,FALSE,TRUE,41
"2.2.2.2.2.2.2.2.2.2.2.2.3.2.1.2.2.2.2.2.3.2",0.249599467523083,FALSE,TRUE,41
"2.2.2.2.2.2.2.2.2.2.2.2.2.3.1.2.2.2.2.2.3.2",0.121796222017074,FALSE,TRUE,41
"2.2.2.2.2.2.2.2.2.2.2.2.2.2.1.3.2.2.2.2.3.2",0.190536008252386,FALSE,TRUE,40
"2.2.2.2.2.2.2.2.2.2.2.2.2.2.1.2.3.2.2.2.3.2",0.368010916811106,FALSE,TRUE,41
"2.2.2.2.2.2.2.2.2.2.2.2.2.2.1.2.2.3.2.2.3.2",0.495499530675931,FALSE,TRUE,41
"2.2.2.2.2.2.2.2.2.2.2.2.2.2.1.2.2.2.3.2.3.2",0.518930420660728,FALSE,TRUE,41
"2.2.2.2.2.2.2.2.2.2.2.2.2.2.1.2.2.2.2.3.3.2",0.511512072211426,FALSE,TRUE,41
"2.2.2.2.2.2.2.2.2.2.2.2.2.2.1.2.2.2.2.2.4.2",0.283977028059841,FALSE,TRUE,42
"2.2.2.2.2.2.2.2.2.2.2.2.2.2.1.2.2.2.2.2.3.3",0.772870558517227,FALSE,TRUE,41
"2.1.2.2.2.2.2.2.2.2.2.2.2.2.1.2.2.2.2.2.3.2",0.642663083429275,FALSE,TRUE,40
"2.2.1.2.2.2.2.2.2.2.2.2.2.2.1.2.2.2.2.2.3.2",0.323907927418604,FALSE,TRUE,40
"2.2.2.1.2.2.2.2.2.2.2.2.2.2.1.2.2.2.2.2.3.2",0.664937002005017,FALSE,TRUE,40
"2.2.2.2.1.2.2.2.2.2.2.2.2.2.1.2.2.2.2.2.3.2",0.0270633346329624,FALSE,TRUE,40
"2.2.2.2.2.1.2.2.2.2.2.2.2.2.1.2.2.2.2.2.3.2",0.417724925316405,FALSE,TRUE,40
"2.2.2.2.2.2.1.2.2.2.2.2.2.2.1.2.2.2.2.2.3.2",0.460434893532662,FALSE,TRUE,40
"2.2.2.2.2.2.2.1.2.2.2.2.2.2.1.2.2.2.2.2.3.2",0.401458788700571,FALSE,TRUE,40
"2.2.2.2.2.2.2.2.1.2.2.2.2.2.1.2.2.2.2.2.3.2",0.576256913735101,FALSE,TRUE,40
"2.2.2.2.2.2.2.2.2.1.2.2.2.2.1.2.2.2.2.2.3.2",0.171206518558576,FALSE,TRUE,40
"2.2.2.2.2.2.2.2.2.2.1.2.2.2.1.2.2.2.2.2.3.2",0.306276406465519,FALSE,TRUE,40
"2.2.2.2.2.2.2.2.2.2.2.1.2.2.1.2.2.2.2.2.3.2",0.284848332529558,FALSE,TRUE,40
"2.2.2.2.2.2.2.2.2.2.2.2.1.2.1.2.2.2.2.2.3.2",0.40624288677917,FALSE,TRUE,40
"2.2.2.2.2.2.2.2.2.2.2.2.2.1.1.2.2.2.2.2.3.2",0.568779092150189,FALSE,TRUE,40
"2.2.2.2.2.2.2.2.2.2.2.2.2.2.1.1.2.2.2.2.3.2",0.348300837871433,FALSE,TRUE,40
"2.2.2.2.2.2.2.2.2.2.2.2.2.2.1.2.1.2.2.2.3.2",0.439378451982257,FALSE,TRUE,39
"2.2.2.2.2.2.2.2.2.2.2.2.2.2.1.2.2.1.2.2.3.2",0.579324034382082,FALSE,TRUE,40
"2.2.2.2.2.2.2.2.2.2.2.2.2.2.1.2.2.2.1.2.3.2",0.0938946890086319,FALSE,TRUE,40
"2.2.2.2.2.2.2.2.2.2.2.2.2.2.1.2.2.2.2.1.3.2",0.369153845520769,FALSE,TRUE,39
"2.2.2.2.2.2.2.2.2.2.2.2.2.2.1.2.2.2.2.2.3.1",0.562419997393353,FALSE,TRUE,40
"3.2.2.2.2.2.2.2.2.2.2.2.2.2.2.2.2.2.2.1.2.2",0.212864867972682,FALSE,TRUE,38
"2.3.2.2.2.2.2.2.2.2.2.2.2.2.2.2.2.2.2.1.2.2",0.287860482484205,FALSE,TRUE,40
"2.2.3.2.2.2.2.2.2.2.2.2.2.2.2.2.2.2.2.1.2.2",0.0831536346798145,FALSE,TRUE,40
"2.2.2.3.2.2.2.2.2.2.2.2.2.2.2.2.2.2.2.1.2.2",0.359623422797033,FALSE,TRUE,40
"2.2.2.2.3.2.2.2.2.2.2.2.2.2.2.2.2.2.2.1.2.2",-0.076501093393537,FALSE,TRUE,39
"2.2.2.2.2.3.2.2.2.2.2.2.2.2.2.2.2.2.2.1.2.2",0.0508284744862084,FALSE,TRUE,40
"2.2.2.2.2.2.3.2.2.2.2.2.2.2.2.2.2.2.2.1.2.2",0.596450125542189,FALSE,TRUE,37
"2.2.2.2.2.2.2.3.2.2.2.2.2.2.2.2.2.2.2.1.2.2",0.280638612182,FALSE,TRUE,38
"2.2.2.2.2.2.2.2.3.2.2.2.2.2.2.2.2.2.2.1.2.2",0.166141963723828,FALSE,TRUE,40
"2.2.2.2.2.2.2.2.2.2.2.3.2.2.2.2.2.2.2.1.2.2",0.16886169353848,FALSE,TRUE,40
"2.2.2.2.2.2.2.2.2.2.2.2.3.2.2.2.2.2.2.1.2.2",0.300587274261395,FALSE,TRUE,39
"2.2.2.2.2.2.2.2.2.2.2.2.2.3.2.2.2.2.2.1.2.2",0.491329648168699,FALSE,TRUE,40
"2.2.2.2.2.2.2.2.2.2.2.2.2.2.3.2.2.2.2.1.2.2",0.573820921348539,FALSE,TRUE,40
"2.2.2.2.2.2.2.2.2.2.2.2.2.2.2.3.2.2.2.1.2.2",0.297011130371729,FALSE,TRUE,39
"2.2.2.2.2.2.2.2.2.2.2.2.2.2.2.2.3.2.2.1.2.2",0.0822576799920448,FALSE,TRUE,40
"2.2.2.2.2.2.2.2.2.2.2.2.2.2.2.2.2.3.2.1.2.2",0.555769270499455,FALSE,TRUE,40
"2.2.2.2.2.2.2.2.2.2.2.2.2.2.2.2.2.2.3.1.2.2",0.214512764528387,FALSE,TRUE,39
"2.2.2.2.2.2.2.2.2.2.2.2.2.2.2.2.2.2.2.1.3.2",0.506053189184333,FALSE,TRUE,39
"2.2.2.2.2.2.2.2.2.2.2.2.2.2.2.2.2.2.2.1.2.3",0.303644958139713,FALSE,TRUE,40
"1.2.2.2.2.2.2.2.2.2.2.2.2.2.2.2.2.2.2.1.2.2",0.375682838811265,FALSE,TRUE,38
"2.1.2.2.2.2.2.2.2.2.2.2.2.2.2.2.2.2.2.1.2.2",0.138298183519233,FALSE,TRUE,39
"2.2.1.2.2.2.2.2.2.2.2.2.2.2.2.2.2.2.2.1.2.2",0.388446686193626,FALSE,TRUE,39
"2.2.2.1.2.2.2.2.2.2.2.2.2.2.2.2.2.2.2.1.2.2",0.266175898662584,FALSE,TRUE,38
"2.2.2.2.1.2.2.2.2.2.2.2.2.2.2.2.2.2.2.1.2.2",0.426642623356915,FALSE,TRUE,39
"2.2.2.2.2.1.2.2.2.2.2.2.2.2.2.2.2.2.2.1.2.2",0.392266626780282,FALSE,TRUE,39
"2.2.2.2.2.2.1.2.2.2.2.2.2.2.2.2.2.2.2.1.2.2",-0.254795031540004,FALSE,TRUE,39
"2.2.2.2.2.2.2.1.2.2.2.2.2.2.2.2.2.2.2.1.2.2",0.287251513757762,FALSE,TRUE,38
"2.2.2.2.2.2.2.2.1.2.2.2.2.2.2.2.2.2.2.1.2.2",0.302835988901008,FALSE,TRUE,39
"2.2.2.2.2.2.2.2.2.1.2.2.2.2.2.2.2.2.2.1.2.2",0.0859453977039121,FALSE,TRUE,39
"2.2.2.2.2.2.2.2.2.2.1.2.2.2.2.2.2.2.2.1.2.2",0.00972715303237897,FALSE,TRUE,40
"2.2.2.2.2.2.2.2.2.2.2.1.2.2.2.2.2.2.2.1.2.2",0.119727054455347,FALSE,TRUE,38
"2.2.2.2.2.2.2.2.2.2.2.2.1.2.2.2.2.2.2.1.2.2",0.169311852744502,FALSE,TRUE,39
"2.2.2.2.2.2.2.2.2.2.2.2.2.1.2.2.2.2.2.1.2.2",-0.114093875828602,FALSE,TRUE,37
"2.2.2.2.2.2.2.2.2.2.2.2.2.2.2.1.2.2.2.1.2.2",-0.104204339056702,FALSE,TRUE,39
"2.2.2.2.2.2.2.2.2.2.2.2.2.2.2.2.1.2.2.1.2.2",0.334749859488384,FALSE,TRUE,36
"2.2.2.2.2.2.2.2.2.2.2.2.2.2.2.2.2.1.2.1.2.2",0.0951117103347182,FALSE,TRUE,39
"2.2.2.2.2.2.2.2.2.2.2.2.2.2.2.2.2.2.1.1.2.2",0.0563854911562716,FALSE,TRUE,39
"2.2.2.2.2.2.2.2.2.2.2.2.2.2.2.2.2.2.2.1.1.2",-0.117275652629392,FALSE,TRUE,39
"2.2.2.2.2.2.2.2.2.2.2.2.2.2.2.2.2.2.2.1.2.1",0.467355366053307,FALSE,TRUE,39
"2.3.2.2.2.2.4.2.2.3.2.2.2.2.2.2.1.2.2.1.2.2",0.124393353697028,FALSE,TRUE,36
"2.2.3.2.2.2.4.2.2.3.2.2.2.2.2.2.1.2.2.1.2.2",0.343191062609601,FALSE,TRUE,36
"2.2.2.3.2.2.4.2.2.3.2.2.2.2.2.2.1.2.2.1.2.2",0.0547927911512816,FALSE,TRUE,36
"2.2.2.2.3.2.4.2.2.3.2.2.2.2.2.2.1.2.2.1.2.2",-0.0306169215098447,FALSE,TRUE,37
"2.2.2.2.2.3.4.2.2.3.2.2.2.2.2.2.1.2.2.1.2.2",0.49299139796353,FALSE,TRUE,36
"2.2.2.2.2.2.5.2.2.3.2.2.2.2.2.2.1.2.2.1.2.2",0.297308976827973,FALSE,TRUE,37
"2.2.2.2.2.2.4.3.2.3.2.2.2.2.2.2.1.2.2.1.2.2",0.370150274872162,FALSE,TRUE,35
"2.2.2.2.2.2.4.2.3.3.2.2.2.2.2.2.1.2.2.1.2.2",0.623847120064561,FALSE,TRUE,36
"2.2.2.2.2.2.4.2.2.4.2.2.2.2.2.2.1.2.2.1.2.2",0.255344079284677,FALSE,TRUE,36
"2.2.2.2.2.2.4.2.2.3.3.2.2.2.2.2.1.2.2.1.2.2",0.0726179663787462,FALSE,TRUE,36
"2.2.2.2.2.2.4.2.2.3.2.3.2.2.2.2.1.2.2.1.2.2",0.443726494879292,FALSE,TRUE,36
"2.2.2.2.2.2.4.2.2.3.2.2.2.3.2.2.1.2.2.1.2.2",0.316583174199887,FALSE,TRUE,36
"2.2.2.2.2.2.4.2.2.3.2.2.2.2.3.2.1.2.2.1.2.2",0.282485283116948,FALSE,TRUE,37
"2.2.2.2.2.2.4.2.2.3.2.2.2.2.2.3.1.2.2.1.2.2",0.322194040533312,FALSE,TRUE,36
"2.2.2.2.2.2.4.2.2.3.2.2.2.2.2.2.2.2.2.1.2.2",0.140832708066094,FALSE,TRUE,37
"2.2.2.2.2.2.4.2.2.3.2.2.2.2.2.2.1.3.2.1.2.2",0.168654773818345,FALSE,TRUE,36
"2.2.2.2.2.2.4.2.2.3.2.2.2.2.2.2.1.2.3.1.2.2",0.104983361791722,FALSE,TRUE,36
"2.2.2.2.2.2.4.2.2.3.2.2.2.2.2.2.1.2.2.1.3.2",0.477676718461862,FALSE,TRUE,35
"2.2.2.2.2.2.4.2.2.3.2.2.2.2.2.2.1.2.2.1.2.3",0.490496527422875,FALSE,TRUE,36
"1.2.2.2.2.2.4.2.2.3.2.2.2.2.2.2.1.2.2.1.2.2",0.292869723268255,FALSE,TRUE,36
"2.1.2.2.2.2.4.2.2.3.2.2.2.2.2.2.1.2.2.1.2.2",0.249240151580222,FALSE,TRUE,35
"2.2.1.2.2.2.4.2.2.3.2.2.2.2.2.2.1.2.2.1.2.2",0.0326014284299813,FALSE,TRUE,35
"2.2.2.1.2.2.4.2.2.3.2.2.2.2.2.2.1.2.2.1.2.2",0.446736949361087,FALSE,TRUE,35
"2.2.2.2.2.1.4.2.2.3.2.2.2.2.2.2.1.2.2.1.2.2",0.00324846133652507,FALSE,TRUE,35
"2.2.2.2.2.2.4.1.2.3.2.2.2.2.2.2.1.2.2.1.2.2",0.151867742990001,FALSE,TRUE,35
"2.2.2.2.2.2.4.2.1.3.2.2.2.2.2.2.1.2.2.1.2.2",0.221578002684204,FALSE,TRUE,35
"2.2.2.2.2.2.4.2.2.2.2.2.2.2.2.2.1.2.2.1.2.2",0.0598957026256867,FALSE,TRUE,36
"2.2.2.2.2.2.4.2.2.3.1.2.2.2.2.2.1.2.2.1.2.2",0.100944638095113,FALSE,TRUE,35
"2.2.2.2.2.2.4.2.2.3.2.1.2.2.2.2.1.2.2.1.2.2",0.136750449957815,FALSE,TRUE,35
"2.2.2.2.2.2.4.2.2.3.2.2.1.2.2.2.1.2.2.1.2.2",-0.0799344584033476,FALSE,TRUE,36
"2.2.2.2.2.2.4.2.2.3.2.2.2.1.2.2.1.2.2.1.2.2",0.238801393818214,FALSE,TRUE,35
"2.2.2.2.2.2.4.2.2.3.2.2.2.2.2.1.1.2.2.1.2.2",0.237067042244399,FALSE,TRUE,35
"2.2.2.2.2.2.4.2.2.3.2.2.2.2.2.2.1.1.2.1.2.2",0.279789358494224,FALSE,TRUE,35
"2.2.2.2.2.2.4.2.2.3.2.2.2.2.2.2.1.2.1.1.2.2",0.156351664176872,FALSE,TRUE,35
"2.2.2.2.2.2.4.2.2.3.2.2.2.2.2.2.1.2.2.1.1.2",0.0465801464909605,FALSE,TRUE,35
"2.2.2.2.2.2.4.2.2.3.2.2.2.2.2.2.1.2.2.1.2.1",0.268748390257529,FALSE,TRUE,35
"3.2.2.2.2.2.4.2.2.3.2.2.2.2.1.2.1.2.2.1.2.2",-0.0449046738596212,FALSE,TRUE,38
"2.3.2.2.2.2.4.2.2.3.2.2.2.2.1.2.1.2.2.1.2.2",0.158453758426669,FALSE,TRUE,38
"2.2.3.2.2.2.4.2.2.3.2.2.2.2.1.2.1.2.2.1.2.2",-0.150841359740716,FALSE,TRUE,38
"2.2.2.3.2.2.4.2.2.3.2.2.2.2.1.2.1.2.2.1.2.2",0.148598269142602,FALSE,TRUE,38
"2.2.2.2.3.2.4.2.2.3.2.2.2.2.1.2.1.2.2.1.2.2",-0.381275832068684,FALSE,TRUE,38
"2.2.2.2.2.3.4.2.2.3.2.2.2.2.1.2.1.2.2.1.2.2",0.13523488313978,FALSE,TRUE,38
"2.2.2.2.2.2.5.2.2.3.2.2.2.2.1.2.1.2.2.1.2.2",0.345420809639197,FALSE,TRUE,38
"2.2.2.2.2.2.4.3.2.3.2.2.2.2.1.2.1.2.2.1.2.2",0.243487028213846,FALSE,TRUE,38
"2.2.2.2.2.2.4.2.3.3.2.2.2.2.1.2.1.2.2.1.2.2",0.463078593607238,FALSE,TRUE,38
"2.2.2.2.2.2.4.2.2.4.2.2.2.2.1.2.1.2.2.1.2.2",0.239474414135658,FALSE,TRUE,38
"2.2.2.2.2.2.4.2.2.3.3.2.2.2.1.2.1.2.2.1.2.2",0.164339205471868,FALSE,TRUE,38
"2.2.2.2.2.2.4.2.2.3.2.3.2.2.1.2.1.2.2.1.2.2",0.366693859724815,FALSE,TRUE,38
"2.2.2.2.2.2.4.2.2.3.2.2.3.2.1.2.1.2.2.1.2.2",0.211386080388303,FALSE,TRUE,38
"2.2.2.2.2.2.4.2.2.3.2.2.2.3.1.2.1.2.2.1.2.2",0.238894927664162,FALSE,TRUE,38
"2.2.2.2.2.2.4.2.2.3.2.2.2.2.1.3.1.2.2.1.2.2",0.253017844083661,FALSE,TRUE,38
"2.2.2.2.2.2.4.2.2.3.2.2.2.2.1.2.2.2.2.1.2.2",0.18538021449831,FALSE,TRUE,38
"2.2.2.2.2.2.4.2.2.3.2.2.2.2.1.2.1.3.2.1.2.2",0.23607491478506,FALSE,TRUE,37
"2.2.2.2.2.2.4.2.2.3.2.2.2.2.1.2.1.2.3.1.2.2",0.0214701095247662,FALSE,TRUE,38
"2.2.2.2.2.2.4.2.2.3.2.2.2.2.1.2.1.2.2.2.2.2",0.134894525648293,FALSE,TRUE,38
"2.2.2.2.2.2.4.2.2.3.2.2.2.2.1.2.1.2.2.1.2.3",0.157241369326205,FALSE,TRUE,38
"1.2.2.2.2.2.4.2.2.3.2.2.2.2.1.2.1.2.2.1.2.2",0.294611104114007,FALSE,TRUE,37
"2.1.2.2.2.2.4.2.2.3.2.2.2.2.1.2.1.2.2.1.2.2",0.119104155097529,FALSE,TRUE,37
"2.2.1.2.2.2.4.2.2.3.2.2.2.2.1.2.1.2.2.1.2.2",0.245473659207031,FALSE,TRUE,37
"2.2.2.1.2.2.4.2.2.3.2.2.2.2.1.2.1.2.2.1.2.2",-0.0333349104427433,FALSE,TRUE,37
"2.2.2.2.1.2.4.2.2.3.2.2.2.2.1.2.1.2.2.1.2.2",0.389007963162257,FALSE,TRUE,37
"2.2.2.2.2.1.4.2.2.3.2.2.2.2.1.2.1.2.2.1.2.2",0.302546735134441,FALSE,TRUE,37
"2.2.2.2.2.2.4.1.2.3.2.2.2.2.1.2.1.2.2.1.2.2",0.105314853806804,FALSE,TRUE,37
"2.2.2.2.2.2.4.2.1.3.2.2.2.2.1.2.1.2.2.1.2.2",0.163376209223778,FALSE,TRUE,37
"2.2.2.2.2.2.4.2.2.2.2.2.2.2.1.2.1.2.2.1.2.2",-0.00795056787194975,FALSE,TRUE,38
"2.2.2.2.2.2.4.2.2.3.1.2.2.2.1.2.1.2.2.1.2.2",-0.0550023736493247,FALSE,TRUE,37
"2.2.2.2.2.2.4.2.2.3.2.1.2.2.1.2.1.2.2.1.2.2",0.243502494298614,FALSE,TRUE,37
"2.2.2.2.2.2.4.2.2.3.2.2.1.2.1.2.1.2.2.1.2.2",0.0677078892346027,FALSE,TRUE,37
"2.2.2.2.2.2.4.2.2.3.2.2.2.1.1.2.1.2.2.1.2.2",-0.0754340967900233,FALSE,TRUE,37
"2.2.2.2.2.2.4.2.2.3.2.2.2.2.1.1.1.2.2.1.2.2",0.19782919583997,FALSE,TRUE,37
"2.2.2.2.2.2.4.2.2.3.2.2.2.2.1.2.1.1.2.1.2.2",0.09869838240279,FALSE,TRUE,37
"2.2.2.2.2.2.4.2.2.3.2.2.2.2.1.2.1.2.1.1.2.2",0.038283726109455,FALSE,TRUE,37
"2.2.2.2.2.2.4.2.2.3.2.2.2.2.1.2.1.2.2.1.1.2",-0.23807892543511,FALSE,TRUE,38
"2.2.2.2.2.2.4.2.2.3.2.2.2.2.1.2.1.2.2.1.2.1",0.263745744282955,FALSE,TRUE,37
"3.2.2.1.2.2.2.2.2.3.2.2.2.2.2.2.2.2.2.2.2.2",0.229746570033228,FALSE,TRUE,40
"2.3.2.1.2.2.2.2.2.3.2.2.2.2.2.2.2.2.2.2.2.2",0.539122007261332,FALSE,TRUE,41
"2.2.3.1.2.2.2.2.2.3.2.2.2.2.2.2.2.2.2.2.2.2",0.0846136801422059,FALSE,TRUE,41
"2.2.2.1.3.2.2.2.2.3.2.2.2.2.2.2.2.2.2.2.2.2",0.17816817868338,FALSE,TRUE,38
"2.2.2.1.2.3.2.2.2.3.2.2.2.2.2.2.2.2.2.2.2.2",0.39572820589351,FALSE,TRUE,40
"2.2.2.1.2.2.3.2.2.3.2.2.2.2.2.2.2.2.2.2.2.2",0.401363798021385,FALSE,TRUE,39
"2.2.2.1.2.2.2.3.2.3.2.2.2.2.2.2.2.2.2.2.2.2",0.224060710599814,FALSE,TRUE,40
"2.2.2.1.2.2.2.2.3.3.2.2.2.2.2.2.2.2.2.2.2.2",0.410843162249963,FALSE,TRUE,41
"2.2.2.1.2.2.2.2.2.4.2.2.2.2.2.2.2.2.2.2.2.2",-0.0764433950668295,FALSE,TRUE,41
"2.2.2.1.2.2.2.2.2.3.3.2.2.2.2.2.2.2.2.2.2.2",0.231122790724344,FALSE,TRUE,41
"2.2.2.1.2.2.2.2.2.3.2.3.2.2.2.2.2.2.2.2.2.2",0.43407072145185,FALSE,TRUE,41
"2.2.2.1.2.2.2.2.2.3.2.2.2.3.2.2.2.2.2.2.2.2",0.219874214609619,FALSE,TRUE,41
"2.2.2.1.2.2.2.2.2.3.2.2.2.2.3.2.2.2.2.2.2.2",0.480328033156885,FALSE,TRUE,41
"2.2.2.1.2.2.2.2.2.3.2.2.2.2.2.2.3.2.2.2.2.2",0.609815794457312,FALSE,TRUE,41
"2.2.2.1.2.2.2.2.2.3.2.2.2.2.2.2.2.3.2.2.2.2",0.306205274608083,FALSE,TRUE,41
"2.2.2.1.2.2.2.2.2.3.2.2.2.2.2.2.2.2.3.2.2.2",0.56579803491598,FALSE,TRUE,38
"2.2.2.1.2.2.2.2.2.3.2.2.2.2.2.2.2.2.2.3.2.2",0.483299945984101,FALSE,TRUE,41
"2.2.2.1.2.2.2.2.2.3.2.2.2.2.2.2.2.2.2.2.3.2",0.239265195631307,FALSE,TRUE,41
"2.2.2.1.2.2.2.2.2.3.2.2.2.2.2.2.2.2.2.2.2.3",0.434708426615173,FALSE,TRUE,41
"1.2.2.1.2.2.2.2.2.3.2.2.2.2.2.2.2.2.2.2.2.2",0.501589153402428,FALSE,TRUE,40
"2.1.2.1.2.2.2.2.2.3.2.2.2.2.2.2.2.2.2.2.2.2",0.0183967743522906,FALSE,TRUE,40
"2.2.1.1.2.2.2.2.2.3.2.2.2.2.2.2.2.2.2.2.2.2",0.075363963691751,FALSE,TRUE,40
"2.2.2.1.1.2.2.2.2.3.2.2.2.2.2.2.2.2.2.2.2.2",0.307660757980366,FALSE,TRUE,40
"2.2.2.1.2.1.2.2.2.3.2.2.2.2.2.2.2.2.2.2.2.2",0.465668387920529,FALSE,TRUE,40
"2.2.2.1.2.2.1.2.2.3.2.2.2.2.2.2.2.2.2.2.2.2",0.152883590666195,FALSE,TRUE,40
"2.2.2.1.2.2.2.1.2.3.2.2.2.2.2.2.2.2.2.2.2.2",0.380501959384869,FALSE,TRUE,40
"2.2.2.1.2.2.2.2.1.3.2.2.2.2.2.2.2.2.2.2.2.2",0.154626902310453,FALSE,TRUE,39
"2.2.2.1.2.2.2.2.2.3.1.2.2.2.2.2.2.2.2.2.2.2",0.242401381244356,FALSE,TRUE,40
"2.2.2.1.2.2.2.2.2.3.2.1.2.2.2.2.2.2.2.2.2.2",0.143815357891226,FALSE,TRUE,40
"2.2.2.1.2.2.2.2.2.3.2.2.1.2.2.2.2.2.2.2.2.2",0.205450253050198,FALSE,TRUE,40
"2.2.2.1.2.2.2.2.2.3.2.2.2.1.2.2.2.2.2.2.2.2",0.384422204488772,FALSE,TRUE,39
"2.2.2.1.2.2.2.2.2.3.2.2.2.2.1.2.2.2.2.2.2.2",0.217236095355872,FALSE,TRUE,39
"2.2.2.1.2.2.2.2.2.3.2.2.2.2.2.1.2.2.2.2.2.2",0.235281449528834,FALSE,TRUE,40
"2.2.2.1.2.2.2.2.2.3.2.2.2.2.2.2.2.1.2.2.2.2",0.375487828186703,FALSE,TRUE,40
"2.2.2.1.2.2.2.2.2.3.2.2.2.2.2.2.2.2.1.2.2.2",-0.0478051410448966,FALSE,TRUE,40
"2.2.2.1.2.2.2.2.2.3.2.2.2.2.2.2.2.2.2.1.2.2",-0.0810539790346311,FALSE,TRUE,37
"2.2.2.1.2.2.2.2.2.3.2.2.2.2.2.2.2.2.2.2.1.2",0.0603819552893651,FALSE,TRUE,40
"2.2.2.1.2.2.2.2.2.3.2.2.2.2.2.2.2.2.2.2.2.1",0.359381957000654,FALSE,TRUE,39
"3.2.2.2.2.2.2.2.2.3.2.2.2.2.2.2.1.2.3.2.2.2",0.233122903518538,FALSE,TRUE,39
"2.3.2.2.2.2.2.2.2.3.2.2.2.2.2.2.1.2.3.2.2.2",0.408901530580747,FALSE,TRUE,39
"2.2.3.2.2.2.2.2.2.3.2.2.2.2.2.2.1.2.3.2.2.2",0.123367497894121,FALSE,TRUE,39
"2.2.2.3.2.2.2.2.2.3.2.2.2.2.2.2.1.2.3.2.2.2",0.402184208089149,FALSE,TRUE,39
"2.2.2.2.3.2.2.2.2.3.2.2.2.2.2.2.1.2.3.2.2.2",0.0354975140755474,FALSE,TRUE,39
"2.2.2.2.2.3.2.2.2.3.2.2.2.2.2.2.1.2.3.2.2.2",0.440388335549426,FALSE,TRUE,39
"2.2.2.2.2.2.2.3.2.3.2.2.2.2.2.2.1.2.3.2.2.2",0.22943928104216,FALSE,TRUE,38
"2.2.2.2.2.2.2.2.3.3.2.2.2.2.2.2.1.2.3.2.2.2",0.344595259589105,FALSE,TRUE,39
"2.2.2.2.2.2.2.2.2.4.2.2.2.2.2.2.1.2.3.2.2.2",-0.056228768996539,FALSE,TRUE,39
"2.2.2.2.2.2.2.2.2.3.3.2.2.2.2.2.1.2.3.2.2.2",-0.00103605055206524,FALSE,TRUE,39
"2.2.2.2.2.2.2.2.2.3.2.3.2.2.2.2.1.2.3.2.2.2",0.374978930459939,FALSE,TRUE,39
"2.2.2.2.2.2.2.2.2.3.2.2.3.2.2.2.1.2.3.2.2.2",0.302049696409466,FALSE,TRUE,39
"2.2.2.2.2.2.2.2.2.3.2.2.2.3.2.2.1.2.3.2.2.2",0.0352223675056629,FALSE,TRUE,39
"2.2.2.2.2.2.2.2.2.3.2.2.2.2.3.2.1.2.3.2.2.2",0.253105939912464,FALSE,TRUE,39
"2.2.2.2.2.2.2.2.2.3.2.2.2.2.2.3.1.2.3.2.2.2",-0.0101564621877226,FALSE,TRUE,39
"2.2.2.2.2.2.2.2.2.3.2.2.2.2.2.2.1.3.3.2.2.2",0.14423863172801,FALSE,TRUE,39
"2.2.2.2.2.2.2.2.2.3.2.2.2.2.2.2.1.2.4.2.2.2",0.0483723749640809,FALSE,TRUE,40
"2.2.2.2.2.2.2.2.2.3.2.2.2.2.2.2.1.2.3.3.2.2",0.428695553905989,FALSE,TRUE,39
"2.2.2.2.2.2.2.2.2.3.2.2.2.2.2.2.1.2.3.2.3.2",0.244100403827629,FALSE,TRUE,39
"2.2.2.2.2.2.2.2.2.3.2.2.2.2.2.2.1.2.3.2.2.3",0.305860109299627,FALSE,TRUE,39
"1.2.2.2.2.2.2.2.2.3.2.2.2.2.2.2.1.2.3.2.2.2",0.411161738862255,FALSE,TRUE,38
"2.1.2.2.2.2.2.2.2.3.2.2.2.2.2.2.1.2.3.2.2.2",0.0646676434473957,FALSE,TRUE,38
"2.2.1.2.2.2.2.2.2.3.2.2.2.2.2.2.1.2.3.2.2.2",0.361286559632075,FALSE,TRUE,38
"2.2.2.1.2.2.2.2.2.3.2.2.2.2.2.2.1.2.3.2.2.2",0.0824751692570184,FALSE,TRUE,38
"2.2.2.2.1.2.2.2.2.3.2.2.2.2.2.2.1.2.3.2.2.2",0.104452184867201,FALSE,TRUE,38
"2.2.2.2.2.1.2.2.2.3.2.2.2.2.2.2.1.2.3.2.2.2",-0.0409339892597104,FALSE,TRUE,38
"2.2.2.2.2.2.2.1.2.3.2.2.2.2.2.2.1.2.3.2.2.2",0.18742402423079,FALSE,TRUE,38
"2.2.2.2.2.2.2.2.1.3.2.2.2.2.2.2.1.2.3.2.2.2",0.215014422013047,FALSE,TRUE,38
"2.2.2.2.2.2.2.2.2.2.2.2.2.2.2.2.1.2.3.2.2.2",0.174876206361065,FALSE,TRUE,38
"2.2.2.2.2.2.2.2.2.3.1.2.2.2.2.2.1.2.3.2.2.2",0.137329151793648,FALSE,TRUE,38
"2.2.2.2.2.2.2.2.2.3.2.1.2.2.2.2.1.2.3.2.2.2",0.33346754285852,FALSE,TRUE,38
"2.2.2.2.2.2.2.2.2.3.2.2.1.2.2.2.1.2.3.2.2.2",-0.0380078461421994,FALSE,TRUE,38
"2.2.2.2.2.2.2.2.2.3.2.2.2.1.2.2.1.2.3.2.2.2",0.230779804947446,FALSE,TRUE,38
"2.2.2.2.2.2.2.2.2.3.2.2.2.2.1.2.1.2.3.2.2.2",0.220246039655465,FALSE,TRUE,38
"2.2.2.2.2.2.2.2.2.3.2.2.2.2.2.1.1.2.3.2.2.2",0.52616889549494,FALSE,TRUE,38
"2.2.2.2.2.2.2.2.2.3.2.2.2.2.2.2.1.1.3.2.2.2",0.443926241860356,FALSE,TRUE,38
"2.2.2.2.2.2.2.2.2.3.2.2.2.2.2.2.1.2.3.1.2.2",0.0834461495720198,FALSE,TRUE,37
"2.2.2.2.2.2.2.2.2.3.2.2.2.2.2.2.1.2.3.2.1.2",0.150349381872114,FALSE,TRUE,38
"2.2.2.2.2.2.2.2.2.3.2.2.2.2.2.2.1.2.3.2.2.1",0.490584070778409,FALSE,TRUE,38
"3.2.2.2.2.2.2.3.2.2.2.2.2.2.2.2.2.2.2.2.2.2",0.117345307950326,FALSE,TRUE,40
"2.3.2.2.2.2.2.3.2.2.2.2.2.2.2.2.2.2.2.2.2.2",0.212131940938366,FALSE,TRUE,40
"2.2.3.2.2.2.2.3.2.2.2.2.2.2.2.2.2.2.2.2.2.2",0.242070091823436,FALSE,TRUE,40
"2.2.2.3.2.2.2.3.2.2.2.2.2.2.2.2.2.2.2.2.2.2",0.287517621584816,FALSE,TRUE,40
"2.2.2.2.3.2.2.3.2.2.2.2.2.2.2.2.2.2.2.2.2.2",0.110153654544513,FALSE,TRUE,39
"2.2.2.2.2.3.2.3.2.2.2.2.2.2.2.2.2.2.2.2.2.2",0.124584058623801,FALSE,TRUE,40
"2.2.2.2.2.2.3.3.2.2.2.2.2.2.2.2.2.2.2.2.2.2",0.339246407691844,FALSE,TRUE,40
"2.2.2.2.2.2.2.4.2.2.2.2.2.2.2.2.2.2.2.2.2.2",0.0566560818128726,FALSE,TRUE,41
"2.2.2.2.2.2.2.3.3.2.2.2.2.2.2.2.2.2.2.2.2.2",0.358165643771171,FALSE,TRUE,40
"2.2.2.2.2.2.2.3.2.2.3.2.2.2.2.2.2.2.2.2.2.2",0.0779863536629747,FALSE,TRUE,39
"2.2.2.2.2.2.2.3.2.2.2.3.2.2.2.2.2.2.2.2.2.2",0.0691812302740046,FALSE,TRUE,41
"2.2.2.2.2.2.2.3.2.2.2.2.3.2.2.2.2.2.2.2.2.2",0.151756218925042,FALSE,TRUE,39
"2.2.2.2.2.2.2.3.2.2.2.2.2.3.2.2.2.2.2.2.2.2",0.321850528463685,FALSE,TRUE,40
"2.2.2.2.2.2.2.3.2.2.2.2.2.2.3.2.2.2.2.2.2.2",0.172198671124201,FALSE,TRUE,40
"2.2.2.2.2.2.2.3.2.2.2.2.2.2.2.3.2.2.2.2.2.2",0.172899106948789,FALSE,TRUE,38
"2.2.2.2.2.2.2.3.2.2.2.2.2.2.2.2.3.2.2.2.2.2",0.153699717275311,FALSE,TRUE,41
"2.2.2.2.2.2.2.3.2.2.2.2.2.2.2.2.2.3.2.2.2.2",0.207447552568936,FALSE,TRUE,40
"2.2.2.2.2.2.2.3.2.2.2.2.2.2.2.2.2.2.3.2.2.2",0.060526208159709,FALSE,TRUE,39
"2.2.2.2.2.2.2.3.2.2.2.2.2.2.2.2.2.2.2.3.2.2",0.280699578666769,FALSE,TRUE,40
"2.2.2.2.2.2.2.3.2.2.2.2.2.2.2.2.2.2.2.2.3.2",0.109283238308694,FALSE,TRUE,39
"2.2.2.2.2.2.2.3.2.2.2.2.2.2.2.2.2.2.2.2.2.3",0.43820852865904,FALSE,TRUE,40
"1.2.2.2.2.2.2.3.2.2.2.2.2.2.2.2.2.2.2.2.2.2",0.257440830103703,FALSE,TRUE,38
"2.1.2.2.2.2.2.3.2.2.2.2.2.2.2.2.2.2.2.2.2.2",-0.0286526863606796,FALSE,TRUE,39
"2.2.1.2.2.2.2.3.2.2.2.2.2.2.2.2.2.2.2.2.2.2",0.3700978445309,FALSE,TRUE,39
"2.2.2.1.2.2.2.3.2.2.2.2.2.2.2.2.2.2.2.2.2.2",0.191495110743587,FALSE,TRUE,38
"2.2.2.2.1.2.2.3.2.2.2.2.2.2.2.2.2.2.2.2.2.2",0.271591797711019,FALSE,TRUE,39
"2.2.2.2.2.1.2.3.2.2.2.2.2.2.2.2.2.2.2.2.2.2",0.579915674079791,FALSE,TRUE,39
"2.2.2.2.2.2.1.3.2.2.2.2.2.2.2.2.2.2.2.2.2.2",0.0318690824176666,FALSE,TRUE,39
"2.2.2.2.2.2.2.3.1.2.2.2.2.2.2.2.2.2.2.2.2.2",0.495379482981551,FALSE,TRUE,39
"2.2.2.2.2.2.2.3.2.1.2.2.2.2.2.2.2.2.2.2.2.2",0.0841587979616989,FALSE,TRUE,39
"2.2.2.2.2.2.2.3.2.2.1.2.2.2.2.2.2.2.2.2.2.2",0.106353493623116,FALSE,TRUE,39
"2.2.2.2.2.2.2.3.2.2.2.2.1.2.2.2.2.2.2.2.2.2",0.0637219118883563,FALSE,TRUE,39
"2.2.2.2.2.2.2.3.2.2.2.2.2.1.2.2.2.2.2.2.2.2",0.265062318981681,FALSE,TRUE,37
"2.2.2.2.2.2.2.3.2.2.2.2.2.2.2.1.2.2.2.2.2.2",-0.0692866642240224,FALSE,TRUE,39
"2.2.2.2.2.2.2.3.2.2.2.2.2.2.2.2.2.1.2.2.2.2",0.427939275162684,FALSE,TRUE,39
"2.2.2.2.2.2.2.3.2.2.2.2.2.2.2.2.2.2.1.2.2.2",0.115788831903651,FALSE,TRUE,39
"2.2.2.2.2.2.2.3.2.2.2.2.2.2.2.2.2.2.2.2.1.2",0.0607257451499356,FALSE,TRUE,39
"2.2.2.2.2.2.2.3.2.2.2.2.2.2.2.2.2.2.2.2.2.1",0.504576129923125,FALSE,TRUE,37
"1.3.2.2.2.2.2.2.2.2.2.2.2.2.1.3.2.2.2.2.2.2",-0.0782581747177075,FALSE,TRUE,40
"1.2.3.2.2.2.2.2.2.2.2.2.2.2.1.3.2.2.2.2.2.2",-0.237517271058953,FALSE,TRUE,40
"1.2.2.3.2.2.2.2.2.2.2.2.2.2.1.3.2.2.2.2.2.2",0.187632944589488,FALSE,TRUE,40
"1.2.2.2.3.2.2.2.2.2.2.2.2.2.1.3.2.2.2.2.2.2",0.150653490676285,FALSE,TRUE,40
"1.2.2.2.2.3.2.2.2.2.2.2.2.2.1.3.2.2.2.2.2.2",-0.0319202439202701,FALSE,TRUE,40
"1.2.2.2.2.2.3.2.2.2.2.2.2.2.1.3.2.2.2.2.2.2",-0.0375966938233536,FALSE,TRUE,40
"1.2.2.2.2.2.2.3.2.2.2.2.2.2.1.3.2.2.2.2.2.2",0.229765015546502,FALSE,TRUE,40
"1.2.2.2.2.2.2.2.3.2.2.2.2.2.1.3.2.2.2.2.2.2",-0.124546940806288,FALSE,TRUE,40
"1.2.2.2.2.2.2.2.2.3.2.2.2.2.1.3.2.2.2.2.2.2",0.262859432285966,FALSE,TRUE,38
"1.2.2.2.2.2.2.2.2.2.3.2.2.2.1.3.2.2.2.2.2.2",0.0956889102705488,FALSE,TRUE,40
"1.2.2.2.2.2.2.2.2.2.2.3.2.2.1.3.2.2.2.2.2.2",-0.0408934725953261,FALSE,TRUE,40
"1.2.2.2.2.2.2.2.2.2.2.2.3.2.1.3.2.2.2.2.2.2",-0.117038073689557,FALSE,TRUE,40
"1.2.2.2.2.2.2.2.2.2.2.2.2.3.1.3.2.2.2.2.2.2",0.0301069568585434,FALSE,TRUE,40
"1.2.2.2.2.2.2.2.2.2.2.2.2.2.2.3.2.2.2.2.2.2",0.103506836644237,FALSE,TRUE,39
"1.2.2.2.2.2.2.2.2.2.2.2.2.2.1.4.2.2.2.2.2.2",-0.0783014684280214,FALSE,TRUE,41
"1.2.2.2.2.2.2.2.2.2.2.2.2.2.1.3.3.2.2.2.2.2",0.126212451214421,FALSE,TRUE,40
"1.2.2.2.2.2.2.2.2.2.2.2.2.2.1.3.2.3.2.2.2.2",0.185488334749009,FALSE,TRUE,40
"1.2.2.2.2.2.2.2.2.2.2.2.2.2.1.3.2.2.3.2.2.2",0.188740136119352,FALSE,TRUE,40
"1.2.2.2.2.2.2.2.2.2.2.2.2.2.1.3.2.2.2.3.2.2",0.0419718797189506,FALSE,TRUE,40
"1.2.2.2.2.2.2.2.2.2.2.2.2.2.1.3.2.2.2.2.3.2",0.0492105091072921,FALSE,TRUE,39
"1.2.2.2.2.2.2.2.2.2.2.2.2.2.1.3.2.2.2.2.2.3",0.162944113182889,FALSE,TRUE,40
"1.1.2.2.2.2.2.2.2.2.2.2.2.2.1.3.2.2.2.2.2.2",0.357526845405795,FALSE,TRUE,39
"1.2.1.2.2.2.2.2.2.2.2.2.2.2.1.3.2.2.2.2.2.2",0.187051543268386,FALSE,TRUE,39
"1.2.2.1.2.2.2.2.2.2.2.2.2.2.1.3.2.2.2.2.2.2",0.148088007138045,FALSE,TRUE,39
"1.2.2.2.1.2.2.2.2.2.2.2.2.2.1.3.2.2.2.2.2.2",0.147119829989995,FALSE,TRUE,39
"1.2.2.2.2.1.2.2.2.2.2.2.2.2.1.3.2.2.2.2.2.2",0.215005260450986,FALSE,TRUE,39
"1.2.2.2.2.2.1.2.2.2.2.2.2.2.1.3.2.2.2.2.2.2",0.234247421678831,FALSE,TRUE,39
"1.2.2.2.2.2.2.1.2.2.2.2.2.2.1.3.2.2.2.2.2.2",0.0662003976711472,FALSE,TRUE,39
"1.2.2.2.2.2.2.2.1.2.2.2.2.2.1.3.2.2.2.2.2.2",0.0533870078832053,FALSE,TRUE,39
"1.2.2.2.2.2.2.2.2.1.2.2.2.2.1.3.2.2.2.2.2.2",0.0103762489477989,FALSE,TRUE,39
"1.2.2.2.2.2.2.2.2.2.1.2.2.2.1.3.2.2.2.2.2.2",0.126047739685007,FALSE,TRUE,39
"1.2.2.2.2.2.2.2.2.2.2.1.2.2.1.3.2.2.2.2.2.2",0.0617969132662222,FALSE,TRUE,39
"1.2.2.2.2.2.2.2.2.2.2.2.1.2.1.3.2.2.2.2.2.2",0.174985550557129,FALSE,TRUE,39
"1.2.2.2.2.2.2.2.2.2.2.2.2.1.1.3.2.2.2.2.2.2",0.270947170292566,FALSE,TRUE,39
"1.2.2.2.2.2.2.2.2.2.2.2.2.2.1.3.1.2.2.2.2.2",-0.0507987018207582,FALSE,TRUE,39
"1.2.2.2.2.2.2.2.2.2.2.2.2.2.1.3.2.1.2.2.2.2",0.106976760100397,FALSE,TRUE,39
"1.2.2.2.2.2.2.2.2.2.2.2.2.2.1.3.2.2.1.2.2.2",0.239462134637833,FALSE,TRUE,39
"1.2.2.2.2.2.2.2.2.2.2.2.2.2.1.3.2.2.2.1.2.2",0.0682612489446605,FALSE,TRUE,39
"1.2.2.2.2.2.2.2.2.2.2.2.2.2.1.3.2.2.2.2.1.2",0.019070347901695,FALSE,TRUE,39
"1.2.2.2.2.2.2.2.2.2.2.2.2.2.1.3.2.2.2.2.2.1",0.27182857309323,FALSE,TRUE,39
"3.2.2.2.2.2.2.2.2.3.2.2.2.1.2.2.2.2.2.2.2.2",0.329506838593747,FALSE,TRUE,39
"2.3.2.2.2.2.2.2.2.3.2.2.2.1.2.2.2.2.2.2.2.2",0.152466623636318,FALSE,TRUE,40
"2.2.3.2.2.2.2.2.2.3.2.2.2.1.2.2.2.2.2.2.2.2",0.370313686422039,FALSE,TRUE,40
"2.2.2.3.2.2.2.2.2.3.2.2.2.1.2.2.2.2.2.2.2.2",-0.192066810412535,FALSE,TRUE,40
"2.2.2.2.2.3.2.2.2.3.2.2.2.1.2.2.2.2.2.2.2.2",0.187578450029568,FALSE,TRUE,39
"2.2.2.2.2.2.3.2.2.3.2.2.2.1.2.2.2.2.2.2.2.2",0.264933603171406,FALSE,TRUE,38
"2.2.2.2.2.2.2.3.2.3.2.2.2.1.2.2.2.2.2.2.2.2",-0.00463898344518642,FALSE,TRUE,39
"2.2.2.2.2.2.2.2.3.3.2.2.2.1.2.2.2.2.2.2.2.2",0.124242541098172,FALSE,TRUE,40
"2.2.2.2.2.2.2.2.2.4.2.2.2.1.2.2.2.2.2.2.2.2",-0.166977857237043,FALSE,TRUE,40
"2.2.2.2.2.2.2.2.2.3.3.2.2.1.2.2.2.2.2.2.2.2",0.296887809952041,FALSE,TRUE,40
"2.2.2.2.2.2.2.2.2.3.2.3.2.1.2.2.2.2.2.2.2.2",0.282666054505544,FALSE,TRUE,40
"2.2.2.2.2.2.2.2.2.3.2.2.2.1.3.2.2.2.2.2.2.2",-0.0394548353520963,FALSE,TRUE,40
"2.2.2.2.2.2.2.2.2.3.2.2.2.1.2.2.3.2.2.2.2.2",-0.0510258793092571,FALSE,TRUE,40
"2.2.2.2.2.2.2.2.2.3.2.2.2.1.2.2.2.3.2.2.2.2",0.365128466063485,FALSE,TRUE,40
"2.2.2.2.2.2.2.2.2.3.2.2.2.1.2.2.2.2.3.2.2.2",0.322778955766982,FALSE,TRUE,38
"2.2.2.2.2.2.2.2.2.3.2.2.2.1.2.2.2.2.2.3.2.2",0.230378347674913,FALSE,TRUE,40
"2.2.2.2.2.2.2.2.2.3.2.2.2.1.2.2.2.2.2.2.3.2",0.0575613554350584,FALSE,TRUE,40
"2.2.2.2.2.2.2.2.2.3.2.2.2.1.2.2.2.2.2.2.2.3",0.23201173842302,FALSE,TRUE,40
"1.2.2.2.2.2.2.2.2.3.2.2.2.1.2.2.2.2.2.2.2.2",0.0042152398797257,FALSE,TRUE,39
"2.1.2.2.2.2.2.2.2.3.2.2.2.1.2.2.2.2.2.2.2.2",-0.149215654389632,FALSE,TRUE,39
"2.2.1.2.2.2.2.2.2.3.2.2.2.1.2.2.2.2.2.2.2.2",-0.298760102962726,FALSE,TRUE,39
"2.2.2.2.1.2.2.2.2.3.2.2.2.1.2.2.2.2.2.2.2.2",-0.0581078735772009,FALSE,TRUE,40
"2.2.2.2.2.1.2.2.2.3.2.2.2.1.2.2.2.2.2.2.2.2",0.0480850083325549,FALSE,TRUE,39
"2.2.2.2.2.2.1.2.2.3.2.2.2.1.2.2.2.2.2.2.2.2",0.0436587922541679,FALSE,TRUE,39
"2.2.2.2.2.2.2.1.2.3.2.2.2.1.2.2.2.2.2.2.2.2",0.0488280046370297,FALSE,TRUE,39
"2.2.2.2.2.2.2.2.1.3.2.2.2.1.2.2.2.2.2.2.2.2",0.114326782244611,FALSE,TRUE,38
"2.2.2.2.2.2.2.2.2.3.1.2.2.1.2.2.2.2.2.2.2.2",-0.0946579445561749,FALSE,TRUE,39
"2.2.2.2.2.2.2.2.2.3.2.1.2.1.2.2.2.2.2.2.2.2",-0.341027525817423,FALSE,TRUE,39
"2.2.2.2.2.2.2.2.2.3.2.2.1.1.2.2.2.2.2.2.2.2",-0.234592693575598,FALSE,TRUE,39
"2.2.2.2.2.2.2.2.2.3.2.2.2.1.1.2.2.2.2.2.2.2",0.196852289806509,FALSE,TRUE,38
"2.2.2.2.2.2.2.2.2.3.2.2.2.1.2.1.2.2.2.2.2.2",-0.142224382795179,FALSE,TRUE,39
"2.2.2.2.2.2.2.2.2.3.2.2.2.1.2.2.2.1.2.2.2.2",-0.206621476612985,FALSE,TRUE,39
"2.2.2.2.2.2.2.2.2.3.2.2.2.1.2.2.2.2.1.2.2.2",-0.201954445242839,FALSE,TRUE,39
"2.2.2.2.2.2.2.2.2.3.2.2.2.1.2.2.2.2.2.1.2.2",-0.0880882075159334,FALSE,TRUE,36
"2.2.2.2.2.2.2.2.2.3.2.2.2.1.2.2.2.2.2.2.1.2",-0.173424013735049,FALSE,TRUE,39
"2.2.2.2.2.2.2.2.2.3.2.2.2.1.2.2.2.2.2.2.2.1",-0.109895146230844,FALSE,TRUE,38
"3.2.2.2.2.2.3.2.2.3.2.2.2.2.2.2.1.3.2.1.2.2",0.10271366829181,FALSE,TRUE,37
"2.3.2.2.2.2.3.2.2.3.2.2.2.2.2.2.1.3.2.1.2.2",0.457115978670951,FALSE,TRUE,39
"2.2.3.2.2.2.3.2.2.3.2.2.2.2.2.2.1.3.2.1.2.2",-0.000620418388785909,FALSE,TRUE,39
"2.2.2.3.2.2.3.2.2.3.2.2.2.2.2.2.1.3.2.1.2.2",0.507081364755771,FALSE,TRUE,39
"2.2.2.2.3.2.3.2.2.3.2.2.2.2.2.2.1.3.2.1.2.2",-0.231273249249921,FALSE,TRUE,39
"2.2.2.2.2.3.3.2.2.3.2.2.2.2.2.2.1.3.2.1.2.2",0.0918653857844193,FALSE,TRUE,39
"2.2.2.2.2.2.3.3.2.3.2.2.2.2.2.2.1.3.2.1.2.2",0.153906036375256,FALSE,TRUE,39
"2.2.2.2.2.2.3.2.3.3.2.2.2.2.2.2.1.3.2.1.2.2",0.449619050299188,FALSE,TRUE,39
"2.2.2.2.2.2.3.2.2.4.2.2.2.2.2.2.1.3.2.1.2.2",-0.0843147833160953,FALSE,TRUE,39
"2.2.2.2.2.2.3.2.2.3.3.2.2.2.2.2.1.3.2.1.2.2",-0.106391052441568,FALSE,TRUE,39
"2.2.2.2.2.2.3.2.2.3.2.3.2.2.2.2.1.3.2.1.2.2",0.145576314659808,FALSE,TRUE,39
"2.2.2.2.2.2.3.2.2.3.2.2.2.3.2.2.1.3.2.1.2.2",0.0223218394266765,FALSE,TRUE,39
"2.2.2.2.2.2.3.2.2.3.2.2.2.2.3.2.1.3.2.1.2.2",0.284379087477434,FALSE,TRUE,39
"2.2.2.2.2.2.3.2.2.3.2.2.2.2.2.3.1.3.2.1.2.2",0.0973944427673543,FALSE,TRUE,39
"2.2.2.2.2.2.3.2.2.3.2.2.2.2.2.2.2.3.2.1.2.2",0.539952155398344,FALSE,TRUE,39
"2.2.2.2.2.2.3.2.2.3.2.2.2.2.2.2.1.4.2.1.2.2",0.0345324482665462,FALSE,TRUE,40
"2.2.2.2.2.2.3.2.2.3.2.2.2.2.2.2.1.3.3.1.2.2",0.00653947322218426,FALSE,TRUE,39
"2.2.2.2.2.2.3.2.2.3.2.2.2.2.2.2.1.3.2.1.3.2",0.357652272505024,FALSE,TRUE,39
"2.2.2.2.2.2.3.2.2.3.2.2.2.2.2.2.1.3.2.1.2.3",0.193072477683817,FALSE,TRUE,39
"1.2.2.2.2.2.3.2.2.3.2.2.2.2.2.2.1.3.2.1.2.2",0.328923783744361,FALSE,TRUE,38
"2.1.2.2.2.2.3.2.2.3.2.2.2.2.2.2.1.3.2.1.2.2",-0.13713738959835,FALSE,TRUE,38
"2.2.1.2.2.2.3.2.2.3.2.2.2.2.2.2.1.3.2.1.2.2",0.478138794360124,FALSE,TRUE,38
"2.2.2.1.2.2.3.2.2.3.2.2.2.2.2.2.1.3.2.1.2.2",-0.206495473704171,FALSE,TRUE,38
"2.2.2.2.1.2.3.2.2.3.2.2.2.2.2.2.1.3.2.1.2.2",0.475035845511811,FALSE,TRUE,37
"2.2.2.2.2.1.3.2.2.3.2.2.2.2.2.2.1.3.2.1.2.2",0.207486837506038,FALSE,TRUE,38
"2.2.2.2.2.2.2.2.2.3.2.2.2.2.2.2.1.3.2.1.2.2",0.121668984910782,FALSE,TRUE,38
"2.2.2.2.2.2.3.1.2.3.2.2.2.2.2.2.1.3.2.1.2.2",0.408863051888571,FALSE,TRUE,38
"2.2.2.2.2.2.3.2.1.3.2.2.2.2.2.2.1.3.2.1.2.2",0.220615914364501,FALSE,TRUE,38
"2.2.2.2.2.2.3.2.2.2.2.2.2.2.2.2.1.3.2.1.2.2",0.281554228601847,FALSE,TRUE,39
"2.2.2.2.2.2.3.2.2.3.1.2.2.2.2.2.1.3.2.1.2.2",0.149605510428645,FALSE,TRUE,38
"2.2.2.2.2.2.3.2.2.3.2.1.2.2.2.2.1.3.2.1.2.2",0.368392185417724,FALSE,TRUE,38
"2.2.2.2.2.2.3.2.2.3.2.2.1.2.2.2.1.3.2.1.2.2",-0.112608808212304,FALSE,TRUE,39
"2.2.2.2.2.2.3.2.2.3.2.2.2.1.2.2.1.3.2.1.2.2",0.280516538921024,FALSE,TRUE,38
"2.2.2.2.2.2.3.2.2.3.2.2.2.2.1.2.1.3.2.1.2.2",0.0591872040455704,FALSE,TRUE,37
"2.2.2.2.2.2.3.2.2.3.2.2.2.2.2.1.1.3.2.1.2.2",0.339814653095567,FALSE,TRUE,38
"2.2.2.2.2.2.3.2.2.3.2.2.2.2.2.2.1.3.1.1.2.2",0.0795141086763908,FALSE,TRUE,38
"2.2.2.2.2.2.3.2.2.3.2.2.2.2.2.2.1.3.2.1.1.2",0.139945458697364,FALSE,TRUE,38
"2.2.2.2.2.2.3.2.2.3.2.2.2.2.2.2.1.3.2.1.2.1",0.406614040476378,FALSE,TRUE,38
"4.2.2.2.2.2.4.2.2.3.2.2.2.2.2.2.1.2.2.1.2.2",-0.044239762988938,FALSE,TRUE,41
"3.3.2.2.2.2.4.2.2.3.2.2.2.2.2.2.1.2.2.1.2.2",0.227810191319488,FALSE,TRUE,40
"3.2.3.2.2.2.4.2.2.3.2.2.2.2.2.2.1.2.2.1.2.2",0.161180812550697,FALSE,TRUE,40
"3.2.2.3.2.2.4.2.2.3.2.2.2.2.2.2.1.2.2.1.2.2",0.213317882620939,FALSE,TRUE,40
"3.2.2.2.3.2.4.2.2.3.2.2.2.2.2.2.1.2.2.1.2.2",-0.126482171195005,FALSE,TRUE,40
"3.2.2.2.2.3.4.2.2.3.2.2.2.2.2.2.1.2.2.1.2.2",0.135883305943168,FALSE,TRUE,40
"3.2.2.2.2.2.5.2.2.3.2.2.2.2.2.2.1.2.2.1.2.2",0.218460406161361,FALSE,TRUE,40
"3.2.2.2.2.2.4.3.2.3.2.2.2.2.2.2.1.2.2.1.2.2",0.210008518774026,FALSE,TRUE,40
"3.2.2.2.2.2.4.2.3.3.2.2.2.2.2.2.1.2.2.1.2.2",0.527918240898703,FALSE,TRUE,40
"3.2.2.2.2.2.4.2.2.4.2.2.2.2.2.2.1.2.2.1.2.2",0.0942220352104083,FALSE,TRUE,40
"3.2.2.2.2.2.4.2.2.3.3.2.2.2.2.2.1.2.2.1.2.2",0.131224916771504,FALSE,TRUE,40
"3.2.2.2.2.2.4.2.2.3.2.3.2.2.2.2.1.2.2.1.2.2",0.388049862575589,FALSE,TRUE,40
"3.2.2.2.2.2.4.2.2.3.2.2.3.2.2.2.1.2.2.1.2.2",0.183957483915538,FALSE,TRUE,40
"3.2.2.2.2.2.4.2.2.3.2.2.2.3.2.2.1.2.2.1.2.2",0.306689517780244,FALSE,TRUE,40
"3.2.2.2.2.2.4.2.2.3.2.2.2.2.3.2.1.2.2.1.2.2",0.273323149059389,FALSE,TRUE,40
"3.2.2.2.2.2.4.2.2.3.2.2.2.2.2.3.1.2.2.1.2.2",0.201243460352329,FALSE,TRUE,40
"3.2.2.2.2.2.4.2.2.3.2.2.2.2.2.2.2.2.2.1.2.2",0.39569470704783,FALSE,TRUE,40
"3.2.2.2.2.2.4.2.2.3.2.2.2.2.2.2.1.3.2.1.2.2",0.147802277928897,FALSE,TRUE,39
"3.2.2.2.2.2.4.2.2.3.2.2.2.2.2.2.1.2.3.1.2.2",-0.00838716933458735,FALSE,TRUE,40
"3.2.2.2.2.2.4.2.2.3.2.2.2.2.2.2.1.2.2.2.2.2",0.173278940120585,FALSE,TRUE,40
"3.2.2.2.2.2.4.2.2.3.2.2.2.2.2.2.1.2.2.1.3.2",0.621899207678237,FALSE,TRUE,39
"3.2.2.2.2.2.4.2.2.3.2.2.2.2.2.2.1.2.2.1.2.3",0.264230028478696,FALSE,TRUE,40
"3.1.2.2.2.2.4.2.2.3.2.2.2.2.2.2.1.2.2.1.2.2",0.0162421105351655,FALSE,TRUE,39
"3.2.1.2.2.2.4.2.2.3.2.2.2.2.2.2.1.2.2.1.2.2",0.314326307790583,FALSE,TRUE,39
"3.2.2.1.2.2.4.2.2.3.2.2.2.2.2.2.1.2.2.1.2.2",0.0618151527993881,FALSE,TRUE,39
"3.2.2.2.1.2.4.2.2.3.2.2.2.2.2.2.1.2.2.1.2.2",0.249702010634433,FALSE,TRUE,39
"3.2.2.2.2.1.4.2.2.3.2.2.2.2.2.2.1.2.2.1.2.2",0.0789857164018197,FALSE,TRUE,39
"3.2.2.2.2.2.4.1.2.3.2.2.2.2.2.2.1.2.2.1.2.2",0.253989813912496,FALSE,TRUE,39
"3.2.2.2.2.2.4.2.1.3.2.2.2.2.2.2.1.2.2.1.2.2",0.18612421361806,FALSE,TRUE,39
"3.2.2.2.2.2.4.2.2.2.2.2.2.2.2.2.1.2.2.1.2.2",-0.0364810178506741,FALSE,TRUE,40
"3.2.2.2.2.2.4.2.2.3.1.2.2.2.2.2.1.2.2.1.2.2",-0.0951932540443201,FALSE,TRUE,39
"3.2.2.2.2.2.4.2.2.3.2.1.2.2.2.2.1.2.2.1.2.2",0.189465554939674,FALSE,TRUE,39
"3.2.2.2.2.2.4.2.2.3.2.2.1.2.2.2.1.2.2.1.2.2",-0.0437106142916486,FALSE,TRUE,39
"3.2.2.2.2.2.4.2.2.3.2.2.2.1.2.2.1.2.2.1.2.2",0.0198559010296506,FALSE,TRUE,39
"3.2.2.2.2.2.4.2.2.3.2.2.2.2.2.1.1.2.2.1.2.2",0.251834996166197,FALSE,TRUE,39
"3.2.2.2.2.2.4.2.2.3.2.2.2.2.2.2.1.1.2.1.2.2",0.23366879539559,FALSE,TRUE,39
"3.2.2.2.2.2.4.2.2.3.2.2.2.2.2.2.1.2.1.1.2.2",0.0296094300688433,FALSE,TRUE,39
"3.2.2.2.2.2.4.2.2.3.2.2.2.2.2.2.1.2.2.1.1.2",-0.203496991527257,FALSE,TRUE,39
"3.2.2.2.2.2.4.2.2.3.2.2.2.2.2.2.1.2.2.1.2.1",0.293541538895783,FALSE,TRUE,39
"3.2.2.2.3.1.2.2.2.3.2.2.3.2.2.2.2.2.2.2.2.2",0.309502193163192,FALSE,TRUE,39
"2.3.2.2.3.1.2.2.2.3.2.2.3.2.2.2.2.2.2.2.2.2",-0.133989733642065,FALSE,TRUE,40
"2.2.3.2.3.1.2.2.2.3.2.2.3.2.2.2.2.2.2.2.2.2",0.376702036307705,FALSE,TRUE,40
"2.2.2.3.3.1.2.2.2.3.2.2.3.2.2.2.2.2.2.2.2.2",0.102916099390624,FALSE,TRUE,40
"2.2.2.2.4.1.2.2.2.3.2.2.3.2.2.2.2.2.2.2.2.2",0.125940843138047,FALSE,TRUE,40
"2.2.2.2.3.1.3.2.2.3.2.2.3.2.2.2.2.2.2.2.2.2",0.0306532387910318,FALSE,TRUE,40
"2.2.2.2.3.1.2.3.2.3.2.2.3.2.2.2.2.2.2.2.2.2",0.390456032016899,FALSE,TRUE,40
"2.2.2.2.3.1.2.2.3.3.2.2.3.2.2.2.2.2.2.2.2.2",0.663042231120092,FALSE,TRUE,40
"2.2.2.2.3.1.2.2.2.4.2.2.3.2.2.2.2.2.2.2.2.2",0.270075682087518,FALSE,TRUE,40
"2.2.2.2.3.1.2.2.2.3.3.2.3.2.2.2.2.2.2.2.2.2",0.157591525816428,FALSE,TRUE,40
"2.2.2.2.3.1.2.2.2.3.2.3.3.2.2.2.2.2.2.2.2.2",0.573220336933798,FALSE,TRUE,40
"2.2.2.2.3.1.2.2.2.3.2.2.4.2.2.2.2.2.2.2.2.2",0.101617792567311,FALSE,TRUE,40
"2.2.2.2.3.1.2.2.2.3.2.2.3.3.2.2.2.2.2.2.2.2",-0.00411353008158785,FALSE,TRUE,40
"2.2.2.2.3.1.2.2.2.3.2.2.3.2.3.2.2.2.2.2.2.2",0.163300060868086,FALSE,TRUE,40
"2.2.2.2.3.1.2.2.2.3.2.2.3.2.2.3.2.2.2.2.2.2",0.0972848693930371,FALSE,TRUE,40
"2.2.2.2.3.1.2.2.2.3.2.2.3.2.2.2.3.2.2.2.2.2",0.311194550669605,FALSE,TRUE,40
"2.2.2.2.3.1.2.2.2.3.2.2.3.2.2.2.2.3.2.2.2.2",0.233799669411205,FALSE,TRUE,40
"2.2.2.2.3.1.2.2.2.3.2.2.3.2.2.2.2.2.2.3.2.2",0.16596628982379,FALSE,TRUE,40
"2.2.2.2.3.1.2.2.2.3.2.2.3.2.2.2.2.2.2.2.3.2",0.135729033948141,FALSE,TRUE,40
"2.2.2.2.3.1.2.2.2.3.2.2.3.2.2.2.2.2.2.2.2.3",0.544185474284565,FALSE,TRUE,40
"1.2.2.2.3.1.2.2.2.3.2.2.3.2.2.2.2.2.2.2.2.2",0.352055439041503,FALSE,TRUE,39
"2.1.2.2.3.1.2.2.2.3.2.2.3.2.2.2.2.2.2.2.2.2",0.513705732857326,FALSE,TRUE,39
"2.2.1.2.3.1.2.2.2.3.2.2.3.2.2.2.2.2.2.2.2.2",-0.0659096877494901,FALSE,TRUE,39
"2.2.2.1.3.1.2.2.2.3.2.2.3.2.2.2.2.2.2.2.2.2",0.339872273665539,FALSE,TRUE,39
"2.2.2.2.3.1.1.2.2.3.2.2.3.2.2.2.2.2.2.2.2.2",0.36208170663588,FALSE,TRUE,39
"2.2.2.2.3.1.2.1.2.3.2.2.3.2.2.2.2.2.2.2.2.2",0.0380141069639568,FALSE,TRUE,39
"2.2.2.2.3.1.2.2.1.3.2.2.3.2.2.2.2.2.2.2.2.2",0.0836343374710544,FALSE,TRUE,38
"2.2.2.2.3.1.2.2.2.2.2.2.3.2.2.2.2.2.2.2.2.2",-0.0526031137949178,FALSE,TRUE,40
"2.2.2.2.3.1.2.2.2.3.1.2.3.2.2.2.2.2.2.2.2.2",0.303470203016235,FALSE,TRUE,39
"2.2.2.2.3.1.2.2.2.3.2.1.3.2.2.2.2.2.2.2.2.2",0.289334470743243,FALSE,TRUE,39
"2.2.2.2.3.1.2.2.2.3.2.2.2.2.2.2.2.2.2.2.2.2",0.318616008028345,FALSE,TRUE,38
"2.2.2.2.3.1.2.2.2.3.2.2.3.1.2.2.2.2.2.2.2.2",0.462511632061408,FALSE,TRUE,38
"2.2.2.2.3.1.2.2.2.3.2.2.3.2.1.2.2.2.2.2.2.2",0.300332987985247,FALSE,TRUE,39
"2.2.2.2.3.1.2.2.2.3.2.2.3.2.2.1.2.2.2.2.2.2",0.364233872913595,FALSE,TRUE,39
"2.2.2.2.3.1.2.2.2.3.2.2.3.2.2.2.1.2.2.2.2.2",0.284931859340478,FALSE,TRUE,39
"2.2.2.2.3.1.2.2.2.3.2.2.3.2.2.2.2.1.2.2.2.2",0.624663146381719,FALSE,TRUE,39
"2.2.2.2.3.1.2.2.2.3.2.2.3.2.2.2.2.2.1.2.2.2",0.0558690016335675,FALSE,TRUE,40
"2.2.2.2.3.1.2.2.2.3.2.2.3.2.2.2.2.2.2.1.2.2",0.494840774672607,FALSE,TRUE,39
"2.2.2.2.3.1.2.2.2.3.2.2.3.2.2.2.2.2.2.2.1.2",0.0236398460884649,FALSE,TRUE,39
"2.2.2.2.3.1.2.2.2.3.2.2.3.2.2.2.2.2.2.2.2.1",0.167625228856149,FALSE,TRUE,39
"3.2.2.2.2.2.2.2.2.2.2.2.2.2.2.2.1.2.2.2.2.2",0.108575125305815,FALSE,TRUE,39
"2.3.2.2.2.2.2.2.2.2.2.2.2.2.2.2.1.2.2.2.2.2",0.296704005394285,FALSE,TRUE,39
"2.2.3.2.2.2.2.2.2.2.2.2.2.2.2.2.1.2.2.2.2.2",-0.0573611305676736,FALSE,TRUE,39
"2.2.2.3.2.2.2.2.2.2.2.2.2.2.2.2.1.2.2.2.2.2",0.666291600792675,FALSE,TRUE,39
"2.2.2.2.3.2.2.2.2.2.2.2.2.2.2.2.1.2.2.2.2.2",-0.0126612963200425,FALSE,TRUE,38
"2.2.2.2.2.3.2.2.2.2.2.2.2.2.2.2.1.2.2.2.2.2",0.117988819175913,FALSE,TRUE,39
"2.2.2.2.2.2.2.2.3.2.2.2.2.2.2.2.1.2.2.2.2.2",0.26958877095732,FALSE,TRUE,39
"2.2.2.2.2.2.2.2.2.2.3.2.2.2.2.2.1.2.2.2.2.2",0.457427773363661,FALSE,TRUE,38
"2.2.2.2.2.2.2.2.2.2.2.3.2.2.2.2.1.2.2.2.2.2",0.178743590634137,FALSE,TRUE,39
"2.2.2.2.2.2.2.2.2.2.2.2.3.2.2.2.1.2.2.2.2.2",0.0360610215042367,FALSE,TRUE,39
"2.2.2.2.2.2.2.2.2.2.2.2.2.3.2.2.1.2.2.2.2.2",0.408959993486342,FALSE,TRUE,39
"2.2.2.2.2.2.2.2.2.2.2.2.2.2.3.2.1.2.2.2.2.2",0.652433512477957,FALSE,TRUE,39
"2.2.2.2.2.2.2.2.2.2.2.2.2.2.2.3.1.2.2.2.2.2",0.0667450395652773,FALSE,TRUE,39
"2.2.2.2.2.2.2.2.2.2.2.2.2.2.2.2.1.3.2.2.2.2",0.506735280937262,FALSE,TRUE,39
"2.2.2.2.2.2.2.2.2.2.2.2.2.2.2.2.1.2.2.3.2.2",0.453195366688395,FALSE,TRUE,39
"2.2.2.2.2.2.2.2.2.2.2.2.2.2.2.2.1.2.2.2.3.2",0.488284472980203,FALSE,TRUE,38
"2.2.2.2.2.2.2.2.2.2.2.2.2.2.2.2.1.2.2.2.2.3",0.338426207401562,FALSE,TRUE,39
"1.2.2.2.2.2.2.2.2.2.2.2.2.2.2.2.1.2.2.2.2.2",0.647643569630843,FALSE,TRUE,37
"2.1.2.2.2.2.2.2.2.2.2.2.2.2.2.2.1.2.2.2.2.2",0.269886550383608,FALSE,TRUE,38
"2.2.1.2.2.2.2.2.2.2.2.2.2.2.2.2.1.2.2.2.2.2",0.616933543044377,FALSE,TRUE,38
"2.2.2.1.2.2.2.2.2.2.2.2.2.2.2.2.1.2.2.2.2.2",0.0969280174375187,FALSE,TRUE,38
"2.2.2.2.1.2.2.2.2.2.2.2.2.2.2.2.1.2.2.2.2.2",0.443396841879357,FALSE,TRUE,38
"2.2.2.2.2.1.2.2.2.2.2.2.2.2.2.2.1.2.2.2.2.2",0.511511501300756,FALSE,TRUE,38
"2.2.2.2.2.2.1.2.2.2.2.2.2.2.2.2.1.2.2.2.2.2",0.0399585779475653,FALSE,TRUE,37
"2.2.2.2.2.2.2.1.2.2.2.2.2.2.2.2.1.2.2.2.2.2",0.262752487727711,FALSE,TRUE,39
"2.2.2.2.2.2.2.2.1.2.2.2.2.2.2.2.1.2.2.2.2.2",0.221499770532489,FALSE,TRUE,38
"2.2.2.2.2.2.2.2.2.1.2.2.2.2.2.2.1.2.2.2.2.2",0.0898968071938695,FALSE,TRUE,39
"2.2.2.2.2.2.2.2.2.2.1.2.2.2.2.2.1.2.2.2.2.2",0.0469063445887043,FALSE,TRUE,38
"2.2.2.2.2.2.2.2.2.2.2.1.2.2.2.2.1.2.2.2.2.2",0.312722016741894,FALSE,TRUE,38
"2.2.2.2.2.2.2.2.2.2.2.2.1.2.2.2.1.2.2.2.2.2",0.453252146128947,FALSE,TRUE,38
"2.2.2.2.2.2.2.2.2.2.2.2.2.1.2.2.1.2.2.2.2.2",0.041593525202245,FALSE,TRUE,37
"2.2.2.2.2.2.2.2.2.2.2.2.2.2.2.1.1.2.2.2.2.2",0.244141588743189,FALSE,TRUE,38
"2.2.2.2.2.2.2.2.2.2.2.2.2.2.2.2.1.1.2.2.2.2",0.298769243016539,FALSE,TRUE,38
"2.2.2.2.2.2.2.2.2.2.2.2.2.2.2.2.1.2.1.2.2.2",0.340423176498177,FALSE,TRUE,38
"2.2.2.2.2.2.2.2.2.2.2.2.2.2.2.2.1.2.2.2.1.2",-0.140550555591045,FALSE,TRUE,38
"2.2.2.2.2.2.2.2.2.2.2.2.2.2.2.2.1.2.2.2.2.1",0.698684295797633,FALSE,TRUE,38
"3.2.2.2.2.2.2.3.2.2.2.1.2.2.2.2.2.2.2.2.2.2",0.168668154998872,FALSE,TRUE,41
"2.3.2.2.2.2.2.3.2.2.2.1.2.2.2.2.2.2.2.2.2.2",0.241640475290607,FALSE,TRUE,41
"2.2.3.2.2.2.2.3.2.2.2.1.2.2.2.2.2.2.2.2.2.2",0.370966166434796,FALSE,TRUE,41
"2.2.2.3.2.2.2.3.2.2.2.1.2.2.2.2.2.2.2.2.2.2",0.135355174785209,FALSE,TRUE,41
"2.2.2.2.3.2.2.3.2.2.2.1.2.2.2.2.2.2.2.2.2.2",0.123366396910044,FALSE,TRUE,41
"2.2.2.2.2.3.2.3.2.2.2.1.2.2.2.2.2.2.2.2.2.2",0.0578466460767562,FALSE,TRUE,41
"2.2.2.2.2.2.3.3.2.2.2.1.2.2.2.2.2.2.2.2.2.2",0.649703302782464,FALSE,TRUE,41
"2.2.2.2.2.2.2.4.2.2.2.1.2.2.2.2.2.2.2.2.2.2",0.281381586674061,FALSE,TRUE,41
"2.2.2.2.2.2.2.3.3.2.2.1.2.2.2.2.2.2.2.2.2.2",0.330551653534584,FALSE,TRUE,41
"2.2.2.2.2.2.2.3.2.3.2.1.2.2.2.2.2.2.2.2.2.2",0.0345168589452283,FALSE,TRUE,40
"2.2.2.2.2.2.2.3.2.2.3.1.2.2.2.2.2.2.2.2.2.2",0.0881157184635993,FALSE,TRUE,41
"2.2.2.2.2.2.2.3.2.2.2.1.3.2.2.2.2.2.2.2.2.2",0.0623893990647058,FALSE,TRUE,41
"2.2.2.2.2.2.2.3.2.2.2.1.2.3.2.2.2.2.2.2.2.2",0.478932162665268,FALSE,TRUE,41
"2.2.2.2.2.2.2.3.2.2.2.1.2.2.3.2.2.2.2.2.2.2",0.423985327194218,FALSE,TRUE,41
"2.2.2.2.2.2.2.3.2.2.2.1.2.2.2.3.2.2.2.2.2.2",0.712232849831746,FALSE,TRUE,41
"2.2.2.2.2.2.2.3.2.2.2.1.2.2.2.2.3.2.2.2.2.2",-0.0584952777876842,FALSE,TRUE,41
"2.2.2.2.2.2.2.3.2.2.2.1.2.2.2.2.2.3.2.2.2.2",0.45033633268692,FALSE,TRUE,41
"2.2.2.2.2.2.2.3.2.2.2.1.2.2.2.2.2.2.3.2.2.2",0.428853662745839,FALSE,TRUE,41
"2.2.2.2.2.2.2.3.2.2.2.1.2.2.2.2.2.2.2.3.2.2",0.107142664352585,FALSE,TRUE,41
"2.2.2.2.2.2.2.3.2.2.2.1.2.2.2.2.2.2.2.2.3.2",0.360131020647372,FALSE,TRUE,41
"2.2.2.2.2.2.2.3.2.2.2.1.2.2.2.2.2.2.2.2.2.3",0.510455155148729,FALSE,TRUE,41
"1.2.2.2.2.2.2.3.2.2.2.1.2.2.2.2.2.2.2.2.2.2",0.321481652895408,FALSE,TRUE,40
"2.1.2.2.2.2.2.3.2.2.2.1.2.2.2.2.2.2.2.2.2.2",0.112151403853906,FALSE,TRUE,40
"2.2.1.2.2.2.2.3.2.2.2.1.2.2.2.2.2.2.2.2.2.2",0.187019403071921,FALSE,TRUE,40
"2.2.2.1.2.2.2.3.2.2.2.1.2.2.2.2.2.2.2.2.2.2",0.237135158919049,FALSE,TRUE,40
"2.2.2.2.1.2.2.3.2.2.2.1.2.2.2.2.2.2.2.2.2.2",0.104169934153794,FALSE,TRUE,40
"2.2.2.2.2.1.2.3.2.2.2.1.2.2.2.2.2.2.2.2.2.2",0.445867033446755,FALSE,TRUE,40
"2.2.2.2.2.2.1.3.2.2.2.1.2.2.2.2.2.2.2.2.2.2",-0.196840906603563,FALSE,TRUE,40
"2.2.2.2.2.2.2.3.1.2.2.1.2.2.2.2.2.2.2.2.2.2",0.359278164420167,FALSE,TRUE,40
"2.2.2.2.2.2.2.3.2.1.2.1.2.2.2.2.2.2.2.2.2.2",0.244603516562514,FALSE,TRUE,40
"2.2.2.2.2.2.2.3.2.2.1.1.2.2.2.2.2.2.2.2.2.2",-0.0564746611379606,FALSE,TRUE,40
"2.2.2.2.2.2.2.3.2.2.2.1.1.2.2.2.2.2.2.2.2.2",0.3038520977494,FALSE,TRUE,40
"2.2.2.2.2.2.2.3.2.2.2.1.2.1.2.2.2.2.2.2.2.2",0.0349425917736431,FALSE,TRUE,40
"2.2.2.2.2.2.2.3.2.2.2.1.2.2.1.2.2.2.2.2.2.2",-0.00518376880991059,FALSE,TRUE,39
"2.2.2.2.2.2.2.3.2.2.2.1.2.2.2.1.2.2.2.2.2.2",-0.13808002289467,FALSE,TRUE,40
"2.2.2.2.2.2.2.3.2.2.2.1.2.2.2.2.1.2.2.2.2.2",0.484437343201717,FALSE,TRUE,39
"2.2.2.2.2.2.2.3.2.2.2.1.2.2.2.2.2.1.2.2.2.2",0.022640308683479,FALSE,TRUE,40
"2.2.2.2.2.2.2.3.2.2.2.1.2.2.2.2.2.2.1.2.2.2",-0.110478032634236,FALSE,TRUE,40
"2.2.2.2.2.2.2.3.2.2.2.1.2.2.2.2.2.2.2.1.2.2",0.22298586522525,FALSE,TRUE,39
"2.2.2.2.2.2.2.3.2.2.2.1.2.2.2.2.2.2.2.2.1.2",0.0267486014061739,FALSE,TRUE,40
"2.2.2.2.2.2.2.3.2.2.2.1.2.2.2.2.2.2.2.2.2.1",0.396535245976894,FALSE,TRUE,40
"3.2.2.2.2.2.2.1.2.3.2.2.2.2.2.2.2.2.2.2.2.2",0.134519181998974,FALSE,TRUE,40
"2.3.2.2.2.2.2.1.2.3.2.2.2.2.2.2.2.2.2.2.2.2",0.198117320192055,FALSE,TRUE,41
"2.2.3.2.2.2.2.1.2.3.2.2.2.2.2.2.2.2.2.2.2.2",0.266167668817767,FALSE,TRUE,41
"2.2.2.3.2.2.2.1.2.3.2.2.2.2.2.2.2.2.2.2.2.2",0.123465208381787,FALSE,TRUE,41
"2.2.2.2.3.2.2.1.2.3.2.2.2.2.2.2.2.2.2.2.2.2",0.486808869155549,FALSE,TRUE,38
"2.2.2.2.2.3.2.1.2.3.2.2.2.2.2.2.2.2.2.2.2.2",0.428817112077165,FALSE,TRUE,40
"2.2.2.2.2.2.3.1.2.3.2.2.2.2.2.2.2.2.2.2.2.2",-0.00142039575087335,FALSE,TRUE,39
"2.2.2.2.2.2.2.1.3.3.2.2.2.2.2.2.2.2.2.2.2.2",0.138910042640381,FALSE,TRUE,41
"2.2.2.2.2.2.2.1.2.4.2.2.2.2.2.2.2.2.2.2.2.2",-0.0459339944424276,FALSE,TRUE,41
"2.2.2.2.2.2.2.1.2.3.3.2.2.2.2.2.2.2.2.2.2.2",0.121569819805451,FALSE,TRUE,41
"2.2.2.2.2.2.2.1.2.3.2.3.2.2.2.2.2.2.2.2.2.2",0.699863490821264,FALSE,TRUE,41
"2.2.2.2.2.2.2.1.2.3.2.2.2.3.2.2.2.2.2.2.2.2",0.00387487496341551,FALSE,TRUE,41
"2.2.2.2.2.2.2.1.2.3.2.2.2.2.3.2.2.2.2.2.2.2",0.347638254004142,FALSE,TRUE,41
"2.2.2.2.2.2.2.1.2.3.2.2.2.2.2.2.3.2.2.2.2.2",0.206000159047229,FALSE,TRUE,41
"2.2.2.2.2.2.2.1.2.3.2.2.2.2.2.2.2.3.2.2.2.2",0.291862048115659,FALSE,TRUE,41
"2.2.2.2.2.2.2.1.2.3.2.2.2.2.2.2.2.2.3.2.2.2",0.316538721527572,FALSE,TRUE,38
"2.2.2.2.2.2.2.1.2.3.2.2.2.2.2.2.2.2.2.3.2.2",0.31764765004064,FALSE,TRUE,41
"2.2.2.2.2.2.2.1.2.3.2.2.2.2.2.2.2.2.2.2.3.2",0.337831839186702,FALSE,TRUE,41
"2.2.2.2.2.2.2.1.2.3.2.2.2.2.2.2.2.2.2.2.2.3",0.346595491760889,FALSE,TRUE,41
"1.2.2.2.2.2.2.1.2.3.2.2.2.2.2.2.2.2.2.2.2.2",0.269054144469196,FALSE,TRUE,40
"2.1.2.2.2.2.2.1.2.3.2.2.2.2.2.2.2.2.2.2.2.2",0.182814153031604,FALSE,TRUE,40
"2.2.1.2.2.2.2.1.2.3.2.2.2.2.2.2.2.2.2.2.2.2",0.0687542178459811,FALSE,TRUE,40
"2.2.2.2.1.2.2.1.2.3.2.2.2.2.2.2.2.2.2.2.2.2",-0.0233532602096888,FALSE,TRUE,40
"2.2.2.2.2.1.2.1.2.3.2.2.2.2.2.2.2.2.2.2.2.2",-0.113228034609585,FALSE,TRUE,40
"2.2.2.2.2.2.1.1.2.3.2.2.2.2.2.2.2.2.2.2.2.2",0.0822662737051776,FALSE,TRUE,40
"2.2.2.2.2.2.2.1.1.3.2.2.2.2.2.2.2.2.2.2.2.2",0.165959754877574,FALSE,TRUE,39
"2.2.2.2.2.2.2.1.2.3.1.2.2.2.2.2.2.2.2.2.2.2",0.14076869525742,FALSE,TRUE,40
"2.2.2.2.2.2.2.1.2.3.2.1.2.2.2.2.2.2.2.2.2.2",-0.194354921877422,FALSE,TRUE,40
"2.2.2.2.2.2.2.1.2.3.2.2.1.2.2.2.2.2.2.2.2.2",0.0402197869553111,FALSE,TRUE,40
"2.2.2.2.2.2.2.1.2.3.2.2.2.2.1.2.2.2.2.2.2.2",0.00142682876919227,FALSE,TRUE,39
"2.2.2.2.2.2.2.1.2.3.2.2.2.2.2.1.2.2.2.2.2.2",-0.104632493327957,FALSE,TRUE,40
"2.2.2.2.2.2.2.1.2.3.2.2.2.2.2.2.2.1.2.2.2.2",0.148815859674564,FALSE,TRUE,40
"2.2.2.2.2.2.2.1.2.3.2.2.2.2.2.2.2.2.1.2.2.2",-0.13189015424326,FALSE,TRUE,40
"2.2.2.2.2.2.2.1.2.3.2.2.2.2.2.2.2.2.2.1.2.2",0.0192925453222706,FALSE,TRUE,37
"2.2.2.2.2.2.2.1.2.3.2.2.2.2.2.2.2.2.2.2.1.2",-0.0166918966051742,FALSE,TRUE,40
"2.2.2.2.2.2.2.1.2.3.2.2.2.2.2.2.2.2.2.2.2.1",0.197440281099889,FALSE,TRUE,39
"3.2.2.2.2.2.4.2.2.3.2.2.2.2.1.2.1.2.2.1.3.2",0.55022447545201,FALSE,TRUE,37
"2.3.2.2.2.2.4.2.2.3.2.2.2.2.1.2.1.2.2.1.3.2",0.468204352729748,FALSE,TRUE,38
"2.2.3.2.2.2.4.2.2.3.2.2.2.2.1.2.1.2.2.1.3.2",0.367295346924127,FALSE,TRUE,38
"2.2.2.3.2.2.4.2.2.3.2.2.2.2.1.2.1.2.2.1.3.2",0.324042007847942,FALSE,TRUE,38
"2.2.2.2.3.2.4.2.2.3.2.2.2.2.1.2.1.2.2.1.3.2",-0.0304437695437822,FALSE,TRUE,38
"2.2.2.2.2.3.4.2.2.3.2.2.2.2.1.2.1.2.2.1.3.2",0.511081549639795,FALSE,TRUE,38
"2.2.2.2.2.2.5.2.2.3.2.2.2.2.1.2.1.2.2.1.3.2",0.568030059380886,FALSE,TRUE,38
"2.2.2.2.2.2.4.2.3.3.2.2.2.2.1.2.1.2.2.1.3.2",0.557283568426849,FALSE,TRUE,38
"2.2.2.2.2.2.4.2.2.4.2.2.2.2.1.2.1.2.2.1.3.2",-0.015773188981394,FALSE,TRUE,38
"2.2.2.2.2.2.4.2.2.3.3.2.2.2.1.2.1.2.2.1.3.2",-0.00172714830635917,FALSE,TRUE,38
"2.2.2.2.2.2.4.2.2.3.2.3.2.2.1.2.1.2.2.1.3.2",0.586517324239662,FALSE,TRUE,38
"2.2.2.2.2.2.4.2.2.3.2.2.3.2.1.2.1.2.2.1.3.2",0.338853668482864,FALSE,TRUE,37
"2.2.2.2.2.2.4.2.2.3.2.2.2.3.1.2.1.2.2.1.3.2",0.289325553750574,FALSE,TRUE,38
"2.2.2.2.2.2.4.2.2.3.2.2.2.2.1.3.1.2.2.1.3.2",0.609591075984027,FALSE,TRUE,38
"2.2.2.2.2.2.4.2.2.3.2.2.2.2.1.2.2.2.2.1.3.2",0.0973849600767542,FALSE,TRUE,39
"2.2.2.2.2.2.4.2.2.3.2.2.2.2.1.2.1.3.2.1.3.2",0.503548096699267,FALSE,TRUE,38
"2.2.2.2.2.2.4.2.2.3.2.2.2.2.1.2.1.2.3.1.3.2",0.345578788061475,FALSE,TRUE,38
"2.2.2.2.2.2.4.2.2.3.2.2.2.2.1.2.1.2.2.2.3.2",0.173051834840989,FALSE,TRUE,39
"2.2.2.2.2.2.4.2.2.3.2.2.2.2.1.2.1.2.2.1.4.2",0.241452830149504,FALSE,TRUE,39
"2.2.2.2.2.2.4.2.2.3.2.2.2.2.1.2.1.2.2.1.3.3",0.622353133923053,FALSE,TRUE,38
"1.2.2.2.2.2.4.2.2.3.2.2.2.2.1.2.1.2.2.1.3.2",0.365828273934339,FALSE,TRUE,37
"2.1.2.2.2.2.4.2.2.3.2.2.2.2.1.2.1.2.2.1.3.2",0.236396100392152,FALSE,TRUE,37
"2.2.1.2.2.2.4.2.2.3.2.2.2.2.1.2.1.2.2.1.3.2",0.0469815839968631,FALSE,TRUE,37
"2.2.2.1.2.2.4.2.2.3.2.2.2.2.1.2.1.2.2.1.3.2",0.439513354900798,FALSE,TRUE,37
"2.2.2.2.1.2.4.2.2.3.2.2.2.2.1.2.1.2.2.1.3.2",0.42497796419258,FALSE,TRUE,36
"2.2.2.2.2.1.4.2.2.3.2.2.2.2.1.2.1.2.2.1.3.2",0.332685295214629,FALSE,TRUE,37
"2.2.2.2.2.2.3.2.2.3.2.2.2.2.1.2.1.2.2.1.3.2",0.227681347261119,FALSE,TRUE,37
"2.2.2.2.2.2.4.1.2.3.2.2.2.2.1.2.1.2.2.1.3.2",0.170418827078852,FALSE,TRUE,38
"2.2.2.2.2.2.4.2.1.3.2.2.2.2.1.2.1.2.2.1.3.2",0.177249980604525,FALSE,TRUE,37
"2.2.2.2.2.2.4.2.2.2.2.2.2.2.1.2.1.2.2.1.3.2",0.478346127448546,FALSE,TRUE,38
"2.2.2.2.2.2.4.2.2.3.1.2.2.2.1.2.1.2.2.1.3.2",0.452339798436772,FALSE,TRUE,37
"2.2.2.2.2.2.4.2.2.3.2.1.2.2.1.2.1.2.2.1.3.2",0.310660995928962,FALSE,TRUE,37
"2.2.2.2.2.2.4.2.2.3.2.2.1.2.1.2.1.2.2.1.3.2",0.184662170080987,FALSE,TRUE,37
"2.2.2.2.2.2.4.2.2.3.2.2.2.1.1.2.1.2.2.1.3.2",0.22623932759728,FALSE,TRUE,37
"2.2.2.2.2.2.4.2.2.3.2.2.2.2.1.1.1.2.2.1.3.2",0.0134683214995309,FALSE,TRUE,37
"2.2.2.2.2.2.4.2.2.3.2.2.2.2.1.2.1.1.2.1.3.2",0.386027562348927,FALSE,TRUE,37
"2.2.2.2.2.2.4.2.2.3.2.2.2.2.1.2.1.2.1.1.3.2",0.252547779116706,FALSE,TRUE,37
"2.2.2.2.2.2.4.2.2.3.2.2.2.2.1.2.1.2.2.1.3.1",0.476591890711694,FALSE,TRUE,37
"3.2.2.2.2.2.1.2.2.3.2.2.2.2.2.2.1.2.3.2.2.2",0.141688857472829,FALSE,TRUE,40
"2.3.2.2.2.2.1.2.2.3.2.2.2.2.2.2.1.2.3.2.2.2",0.602895768915369,FALSE,TRUE,40
"2.2.3.2.2.2.1.2.2.3.2.2.2.2.2.2.1.2.3.2.2.2",-0.106046543734581,FALSE,TRUE,40
"2.2.2.3.2.2.1.2.2.3.2.2.2.2.2.2.1.2.3.2.2.2",0.627880387820315,FALSE,TRUE,40
"2.2.2.2.3.2.1.2.2.3.2.2.2.2.2.2.1.2.3.2.2.2",-0.0397958678827836,FALSE,TRUE,39
"2.2.2.2.2.3.1.2.2.3.2.2.2.2.2.2.1.2.3.2.2.2",0.178105416007961,FALSE,TRUE,40
"2.2.2.2.2.2.1.3.2.3.2.2.2.2.2.2.1.2.3.2.2.2",0.0496345734707314,FALSE,TRUE,40
"2.2.2.2.2.2.1.2.3.3.2.2.2.2.2.2.1.2.3.2.2.2",0.347372534522138,FALSE,TRUE,40
"2.2.2.2.2.2.1.2.2.4.2.2.2.2.2.2.1.2.3.2.2.2",-0.0145349645135858,FALSE,TRUE,40
"2.2.2.2.2.2.1.2.2.3.3.2.2.2.2.2.1.2.3.2.2.2",0.281100073481414,FALSE,TRUE,40
"2.2.2.2.2.2.1.2.2.3.2.3.2.2.2.2.1.2.3.2.2.2",0.408883876323787,FALSE,TRUE,40
"2.2.2.2.2.2.1.2.2.3.2.2.3.2.2.2.1.2.3.2.2.2",0.375436186668754,FALSE,TRUE,40
"2.2.2.2.2.2.1.2.2.3.2.2.2.3.2.2.1.2.3.2.2.2",0.327514207031267,FALSE,TRUE,40
"2.2.2.2.2.2.1.2.2.3.2.2.2.2.3.2.1.2.3.2.2.2",0.43119414851858,FALSE,TRUE,40
"2.2.2.2.2.2.1.2.2.3.2.2.2.2.2.3.1.2.3.2.2.2",0.252060073334376,FALSE,TRUE,40
"2.2.2.2.2.2.1.2.2.3.2.2.2.2.2.2.2.2.3.2.2.2",0.730509155799564,FALSE,TRUE,38
"2.2.2.2.2.2.1.2.2.3.2.2.2.2.2.2.1.3.3.2.2.2",0.345914168523394,FALSE,TRUE,40
"2.2.2.2.2.2.1.2.2.3.2.2.2.2.2.2.1.2.4.2.2.2",0.368003484988458,FALSE,TRUE,40
"2.2.2.2.2.2.1.2.2.3.2.2.2.2.2.2.1.2.3.3.2.2",0.545238953564216,FALSE,TRUE,40
"2.2.2.2.2.2.1.2.2.3.2.2.2.2.2.2.1.2.3.2.3.2",0.329660703175555,FALSE,TRUE,40
"2.2.2.2.2.2.1.2.2.3.2.2.2.2.2.2.1.2.3.2.2.3",0.236641794246319,FALSE,TRUE,40
"1.2.2.2.2.2.1.2.2.3.2.2.2.2.2.2.1.2.3.2.2.2",0.580277861233707,FALSE,TRUE,39
"2.1.2.2.2.2.1.2.2.3.2.2.2.2.2.2.1.2.3.2.2.2",-0.104492833827751,FALSE,TRUE,39
"2.2.1.2.2.2.1.2.2.3.2.2.2.2.2.2.1.2.3.2.2.2",0.261596669645205,FALSE,TRUE,39
"2.2.2.1.2.2.1.2.2.3.2.2.2.2.2.2.1.2.3.2.2.2",-0.127639245025671,FALSE,TRUE,39
"2.2.2.2.1.2.1.2.2.3.2.2.2.2.2.2.1.2.3.2.2.2",0.449383657993659,FALSE,TRUE,39
"2.2.2.2.2.1.1.2.2.3.2.2.2.2.2.2.1.2.3.2.2.2",0.579214442391549,FALSE,TRUE,39
"2.2.2.2.2.2.1.1.2.3.2.2.2.2.2.2.1.2.3.2.2.2",0.467228748860644,FALSE,TRUE,39
"2.2.2.2.2.2.1.2.1.3.2.2.2.2.2.2.1.2.3.2.2.2",0.188146437953321,FALSE,TRUE,39
"2.2.2.2.2.2.1.2.2.2.2.2.2.2.2.2.1.2.3.2.2.2",0.363175156080878,FALSE,TRUE,39
"2.2.2.2.2.2.1.2.2.3.1.2.2.2.2.2.1.2.3.2.2.2",0.0112392723111563,FALSE,TRUE,39
"2.2.2.2.2.2.1.2.2.3.2.1.2.2.2.2.1.2.3.2.2.2",0.468580152093928,FALSE,TRUE,39
"2.2.2.2.2.2.1.2.2.3.2.2.1.2.2.2.1.2.3.2.2.2",0.0215982850941094,FALSE,TRUE,39
"2.2.2.2.2.2.1.2.2.3.2.2.2.1.2.2.1.2.3.2.2.2",0.0838177748615163,FALSE,TRUE,39
"2.2.2.2.2.2.1.2.2.3.2.2.2.2.1.2.1.2.3.2.2.2",0.071302675571196,FALSE,TRUE,39
"2.2.2.2.2.2.1.2.2.3.2.2.2.2.2.1.1.2.3.2.2.2",0.204911588527586,FALSE,TRUE,39
"2.2.2.2.2.2.1.2.2.3.2.2.2.2.2.2.1.1.3.2.2.2",0.332131334058684,FALSE,TRUE,39
"2.2.2.2.2.2.1.2.2.3.2.2.2.2.2.2.1.2.3.1.2.2",-0.0939364966050022,FALSE,TRUE,38
"2.2.2.2.2.2.1.2.2.3.2.2.2.2.2.2.1.2.3.2.1.2",-0.173518275588305,FALSE,TRUE,39
"2.2.2.2.2.2.1.2.2.3.2.2.2.2.2.2.1.2.3.2.2.1",0.41622585728308,FALSE,TRUE,39
"3.2.2.2.3.2.2.2.2.3.2.2.2.1.2.2.2.2.2.2.2.2",0.0832420555805533,FALSE,TRUE,39
"2.3.2.2.3.2.2.2.2.3.2.2.2.1.2.2.2.2.2.2.2.2",0.506290673591626,FALSE,TRUE,39
"2.2.3.2.3.2.2.2.2.3.2.2.2.1.2.2.2.2.2.2.2.2",0.0986792136422829,FALSE,TRUE,39
"2.2.2.3.3.2.2.2.2.3.2.2.2.1.2.2.2.2.2.2.2.2",0.233684715199681,FALSE,TRUE,39
"2.2.2.2.4.2.2.2.2.3.2.2.2.1.2.2.2.2.2.2.2.2",0.104088032578243,FALSE,TRUE,40
"2.2.2.2.3.3.2.2.2.3.2.2.2.1.2.2.2.2.2.2.2.2",0.178334265742946,FALSE,TRUE,39
"2.2.2.2.3.2.3.2.2.3.2.2.2.1.2.2.2.2.2.2.2.2",0.37414026228083,FALSE,TRUE,39
"2.2.2.2.3.2.2.3.2.3.2.2.2.1.2.2.2.2.2.2.2.2",-0.0907557327022034,FALSE,TRUE,39
"2.2.2.2.3.2.2.2.3.3.2.2.2.1.2.2.2.2.2.2.2.2",0.278426014784134,FALSE,TRUE,39
"2.2.2.2.3.2.2.2.2.4.2.2.2.1.2.2.2.2.2.2.2.2",-0.219927291795879,FALSE,TRUE,40
"2.2.2.2.3.2.2.2.2.3.3.2.2.1.2.2.2.2.2.2.2.2",0.163763520729044,FALSE,TRUE,39
"2.2.2.2.3.2.2.2.2.3.2.3.2.1.2.2.2.2.2.2.2.2",0.144383310203595,FALSE,TRUE,39
"2.2.2.2.3.2.2.2.2.3.2.2.2.1.3.2.2.2.2.2.2.2",0.161946422113166,FALSE,TRUE,39
"2.2.2.2.3.2.2.2.2.3.2.2.2.1.2.3.2.2.2.2.2.2",0.313422676555995,FALSE,TRUE,38
"2.2.2.2.3.2.2.2.2.3.2.2.2.1.2.2.3.2.2.2.2.2",0.20847764172314,FALSE,TRUE,39
"2.2.2.2.3.2.2.2.2.3.2.2.2.1.2.2.2.3.2.2.2.2",0.227531164736672,FALSE,TRUE,39
"2.2.2.2.3.2.2.2.2.3.2.2.2.1.2.2.2.2.3.2.2.2",0.0561466632525306,FALSE,TRUE,38
"2.2.2.2.3.2.2.2.2.3.2.2.2.1.2.2.2.2.2.2.3.2",0.00166895538605792,FALSE,TRUE,39
"2.2.2.2.3.2.2.2.2.3.2.2.2.1.2.2.2.2.2.2.2.3",0.0646793223454898,FALSE,TRUE,39
"1.2.2.2.3.2.2.2.2.3.2.2.2.1.2.2.2.2.2.2.2.2",0.10085789119965,FALSE,TRUE,38
"2.1.2.2.3.2.2.2.2.3.2.2.2.1.2.2.2.2.2.2.2.2",-0.49126647457297,FALSE,TRUE,38
"2.2.1.2.3.2.2.2.2.3.2.2.2.1.2.2.2.2.2.2.2.2",-0.0105110556726677,FALSE,TRUE,38
"2.2.2.1.3.2.2.2.2.3.2.2.2.1.2.2.2.2.2.2.2.2",-0.0946085886015,FALSE,TRUE,37
"2.2.2.2.3.1.2.2.2.3.2.2.2.1.2.2.2.2.2.2.2.2",0.398920483206289,FALSE,TRUE,36
"2.2.2.2.3.2.1.2.2.3.2.2.2.1.2.2.2.2.2.2.2.2",-0.0428625515756067,FALSE,TRUE,38
"2.2.2.2.3.2.2.1.2.3.2.2.2.1.2.2.2.2.2.2.2.2",0.35098332567332,FALSE,TRUE,37
"2.2.2.2.3.2.2.2.1.3.2.2.2.1.2.2.2.2.2.2.2.2",0.380715786163416,FALSE,TRUE,38
"2.2.2.2.3.2.2.2.2.3.1.2.2.1.2.2.2.2.2.2.2.2",0.0344924344569141,FALSE,TRUE,38
"2.2.2.2.3.2.2.2.2.3.2.1.2.1.2.2.2.2.2.2.2.2",0.147131729592799,FALSE,TRUE,38
"2.2.2.2.3.2.2.2.2.3.2.2.1.1.2.2.2.2.2.2.2.2",-0.12944092355236,FALSE,TRUE,38
"2.2.2.2.3.2.2.2.2.3.2.2.2.1.1.2.2.2.2.2.2.2",0.149935251722867,FALSE,TRUE,38
"2.2.2.2.3.2.2.2.2.3.2.2.2.1.2.1.2.2.2.2.2.2",-0.182416068546961,FALSE,TRUE,38
"2.2.2.2.3.2.2.2.2.3.2.2.2.1.2.2.1.2.2.2.2.2",-0.02604365103542,FALSE,TRUE,37
"2.2.2.2.3.2.2.2.2.3.2.2.2.1.2.2.2.1.2.2.2.2",0.00642834649080377,FALSE,TRUE,38
"2.2.2.2.3.2.2.2.2.3.2.2.2.1.2.2.2.2.1.2.2.2",-0.105743858452368,FALSE,TRUE,38
"2.2.2.2.3.2.2.2.2.3.2.2.2.1.2.2.2.2.2.1.2.2",-0.153050739328621,FALSE,TRUE,39
"2.2.2.2.3.2.2.2.2.3.2.2.2.1.2.2.2.2.2.2.1.2",0.0829857666617169,FALSE,TRUE,38
"2.2.2.2.3.2.2.2.2.3.2.2.2.1.2.2.2.2.2.2.2.1",0.176783757706551,FALSE,TRUE,38
"3.2.2.2.2.2.2.2.2.2.3.2.2.2.2.2.2.2.2.1.2.2",0.367832274302995,FALSE,TRUE,40
"2.3.2.2.2.2.2.2.2.2.3.2.2.2.2.2.2.2.2.1.2.2",0.292228390406941,FALSE,TRUE,40
"2.2.3.2.2.2.2.2.2.2.3.2.2.2.2.2.2.2.2.1.2.2",0.0301758842722452,FALSE,TRUE,40
"2.2.2.3.2.2.2.2.2.2.3.2.2.2.2.2.2.2.2.1.2.2",0.265708708408111,FALSE,TRUE,40
"2.2.2.2.3.2.2.2.2.2.3.2.2.2.2.2.2.2.2.1.2.2",-0.00435763959987274,FALSE,TRUE,40
"2.2.2.2.2.3.2.2.2.2.3.2.2.2.2.2.2.2.2.1.2.2",0.327049989627903,FALSE,TRUE,40
"2.2.2.2.2.2.3.2.2.2.3.2.2.2.2.2.2.2.2.1.2.2",0.356691881968296,FALSE,TRUE,39
"2.2.2.2.2.2.2.3.2.2.3.2.2.2.2.2.2.2.2.1.2.2",0.219217953196158,FALSE,TRUE,39
"2.2.2.2.2.2.2.2.3.2.3.2.2.2.2.2.2.2.2.1.2.2",0.194594562270276,FALSE,TRUE,40
"2.2.2.2.2.2.2.2.2.3.3.2.2.2.2.2.2.2.2.1.2.2",0.298720031762742,FALSE,TRUE,37
"2.2.2.2.2.2.2.2.2.2.4.2.2.2.2.2.2.2.2.1.2.2",-0.0502298834290585,FALSE,TRUE,41
"2.2.2.2.2.2.2.2.2.2.3.3.2.2.2.2.2.2.2.1.2.2",0.187520155306418,FALSE,TRUE,40
"2.2.2.2.2.2.2.2.2.2.3.2.3.2.2.2.2.2.2.1.2.2",0.42892484805347,FALSE,TRUE,40
"2.2.2.2.2.2.2.2.2.2.3.2.2.3.2.2.2.2.2.1.2.2",0.0595723241971758,FALSE,TRUE,40
"2.2.2.2.2.2.2.2.2.2.3.2.2.2.3.2.2.2.2.1.2.2",0.477456433281574,FALSE,TRUE,40
"2.2.2.2.2.2.2.2.2.2.3.2.2.2.2.3.2.2.2.1.2.2",0.35945019337383,FALSE,TRUE,40
"2.2.2.2.2.2.2.2.2.2.3.2.2.2.2.2.3.2.2.1.2.2",0.00306459815454343,FALSE,TRUE,40
"2.2.2.2.2.2.2.2.2.2.3.2.2.2.2.2.2.3.2.1.2.2",0.253050374102138,FALSE,TRUE,40
"2.2.2.2.2.2.2.2.2.2.3.2.2.2.2.2.2.2.3.1.2.2",0.320639003072009,FALSE,TRUE,39
"2.2.2.2.2.2.2.2.2.2.3.2.2.2.2.2.2.2.2.1.3.2",0.147887781105063,FALSE,TRUE,41
"2.2.2.2.2.2.2.2.2.2.3.2.2.2.2.2.2.2.2.1.2.3",0.507900833008338,FALSE,TRUE,40
"1.2.2.2.2.2.2.2.2.2.3.2.2.2.2.2.2.2.2.1.2.2",0.331758304671548,FALSE,TRUE,39
"2.1.2.2.2.2.2.2.2.2.3.2.2.2.2.2.2.2.2.1.2.2",0.351373189922531,FALSE,TRUE,39
"2.2.1.2.2.2.2.2.2.2.3.2.2.2.2.2.2.2.2.1.2.2",0.346477543188296,FALSE,TRUE,39
"2.2.2.1.2.2.2.2.2.2.3.2.2.2.2.2.2.2.2.1.2.2",0.300959092738895,FALSE,TRUE,39
"2.2.2.2.1.2.2.2.2.2.3.2.2.2.2.2.2.2.2.1.2.2",0.421397562946653,FALSE,TRUE,39
"2.2.2.2.2.1.2.2.2.2.3.2.2.2.2.2.2.2.2.1.2.2",0.663397233666743,FALSE,TRUE,39
"2.2.2.2.2.2.1.2.2.2.3.2.2.2.2.2.2.2.2.1.2.2",0.219050759078843,FALSE,TRUE,39
"2.2.2.2.2.2.2.1.2.2.3.2.2.2.2.2.2.2.2.1.2.2",0.249670359784262,FALSE,TRUE,39
"2.2.2.2.2.2.2.2.1.2.3.2.2.2.2.2.2.2.2.1.2.2",0.258798785489353,FALSE,TRUE,39
"2.2.2.2.2.2.2.2.2.1.3.2.2.2.2.2.2.2.2.1.2.2",0.184423406644757,FALSE,TRUE,39
"2.2.2.2.2.2.2.2.2.2.3.1.2.2.2.2.2.2.2.1.2.2",0.392564943534002,FALSE,TRUE,39
"2.2.2.2.2.2.2.2.2.2.3.2.1.2.2.2.2.2.2.1.2.2",0.372622806088331,FALSE,TRUE,39
"2.2.2.2.2.2.2.2.2.2.3.2.2.1.2.2.2.2.2.1.2.2",0.408290886934406,FALSE,TRUE,39
"2.2.2.2.2.2.2.2.2.2.3.2.2.2.1.2.2.2.2.1.2.2",0.317630750995322,FALSE,TRUE,38
"2.2.2.2.2.2.2.2.2.2.3.2.2.2.2.1.2.2.2.1.2.2",0.205472797257266,FALSE,TRUE,39
"2.2.2.2.2.2.2.2.2.2.3.2.2.2.2.2.1.2.2.1.2.2",0.42435410493793,FALSE,TRUE,38
"2.2.2.2.2.2.2.2.2.2.3.2.2.2.2.2.2.1.2.1.2.2",0.504150781496574,FALSE,TRUE,39
"2.2.2.2.2.2.2.2.2.2.3.2.2.2.2.2.2.2.1.1.2.2",0.391322987912192,FALSE,TRUE,39
"2.2.2.2.2.2.2.2.2.2.3.2.2.2.2.2.2.2.2.1.2.1",0.555266336426672,FALSE,TRUE,39
"3.2.2.2.2.2.4.3.2.3.2.2.2.2.1.2.1.2.2.1.3.2",0.30392711340147,FALSE,TRUE,39
"2.3.2.2.2.2.4.3.2.3.2.2.2.2.1.2.1.2.2.1.3.2",0.530305392698859,FALSE,TRUE,39
"2.2.3.2.2.2.4.3.2.3.2.2.2.2.1.2.1.2.2.1.3.2",0.367175990866435,FALSE,TRUE,39
"2.2.2.3.2.2.4.3.2.3.2.2.2.2.1.2.1.2.2.1.3.2",0.30427409116156,FALSE,TRUE,39
"2.2.2.2.3.2.4.3.2.3.2.2.2.2.1.2.1.2.2.1.3.2",-0.0265111156667322,FALSE,TRUE,39
"2.2.2.2.2.3.4.3.2.3.2.2.2.2.1.2.1.2.2.1.3.2",0.142483898705019,FALSE,TRUE,39
"2.2.2.2.2.2.5.3.2.3.2.2.2.2.1.2.1.2.2.1.3.2",0.552941666158257,FALSE,TRUE,39
"2.2.2.2.2.2.4.4.2.3.2.2.2.2.1.2.1.2.2.1.3.2",0.27363758680668,FALSE,TRUE,40
"2.2.2.2.2.2.4.3.3.3.2.2.2.2.1.2.1.2.2.1.3.2",0.539670865019792,FALSE,TRUE,39
"2.2.2.2.2.2.4.3.2.4.2.2.2.2.1.2.1.2.2.1.3.2",0.140858973507339,FALSE,TRUE,39
"2.2.2.2.2.2.4.3.2.3.3.2.2.2.1.2.1.2.2.1.3.2",0.224408159487267,FALSE,TRUE,39
"2.2.2.2.2.2.4.3.2.3.2.3.2.2.1.2.1.2.2.1.3.2",0.209499836151668,FALSE,TRUE,39
"2.2.2.2.2.2.4.3.2.3.2.2.3.2.1.2.1.2.2.1.3.2",0.461447129443703,FALSE,TRUE,39
"2.2.2.2.2.2.4.3.2.3.2.2.2.3.1.2.1.2.2.1.3.2",0.39202765909275,FALSE,TRUE,39
"2.2.2.2.2.2.4.3.2.3.2.2.2.2.2.2.1.2.2.1.3.2",0.293304476197358,FALSE,TRUE,39
"2.2.2.2.2.2.4.3.2.3.2.2.2.2.1.3.1.2.2.1.3.2",0.492400202168787,FALSE,TRUE,39
"2.2.2.2.2.2.4.3.2.3.2.2.2.2.1.2.2.2.2.1.3.2",-0.0309984625669749,FALSE,TRUE,40
"2.2.2.2.2.2.4.3.2.3.2.2.2.2.1.2.1.3.2.1.3.2",0.265572135078885,FALSE,TRUE,39
"2.2.2.2.2.2.4.3.2.3.2.2.2.2.1.2.1.2.3.1.3.2",0.109620739276747,FALSE,TRUE,39
"2.2.2.2.2.2.4.3.2.3.2.2.2.2.1.2.1.2.2.2.3.2",0.115624673142833,FALSE,TRUE,40
"2.2.2.2.2.2.4.3.2.3.2.2.2.2.1.2.1.2.2.1.4.2",0.449307085342145,FALSE,TRUE,39
"2.2.2.2.2.2.4.3.2.3.2.2.2.2.1.2.1.2.2.1.3.3",0.472351824431642,FALSE,TRUE,39
"1.2.2.2.2.2.4.3.2.3.2.2.2.2.1.2.1.2.2.1.3.2",0.308005478349006,FALSE,TRUE,38
"2.1.2.2.2.2.4.3.2.3.2.2.2.2.1.2.1.2.2.1.3.2",-0.0615270034057751,FALSE,TRUE,38
"2.2.1.2.2.2.4.3.2.3.2.2.2.2.1.2.1.2.2.1.3.2",0.0406227779958966,FALSE,TRUE,38
"2.2.2.1.2.2.4.3.2.3.2.2.2.2.1.2.1.2.2.1.3.2",0.351334930230156,FALSE,TRUE,38
"2.2.2.2.1.2.4.3.2.3.2.2.2.2.1.2.1.2.2.1.3.2",0.530171053419774,FALSE,TRUE,38
"2.2.2.2.2.1.4.3.2.3.2.2.2.2.1.2.1.2.2.1.3.2",0.307865986267022,FALSE,TRUE,38
"2.2.2.2.2.2.3.3.2.3.2.2.2.2.1.2.1.2.2.1.3.2",-0.0569002491021594,FALSE,TRUE,39
"2.2.2.2.2.2.4.3.1.3.2.2.2.2.1.2.1.2.2.1.3.2",0.228612527126403,FALSE,TRUE,38
"2.2.2.2.2.2.4.3.2.2.2.2.2.2.1.2.1.2.2.1.3.2",0.38606075912159,FALSE,TRUE,39
"2.2.2.2.2.2.4.3.2.3.1.2.2.2.1.2.1.2.2.1.3.2",0.37231445021286,FALSE,TRUE,38
"2.2.2.2.2.2.4.3.2.3.2.1.2.2.1.2.1.2.2.1.3.2",0.271693253163178,FALSE,TRUE,38
"2.2.2.2.2.2.4.3.2.3.2.2.1.2.1.2.1.2.2.1.3.2",-0.0840884244412843,FALSE,TRUE,38
"2.2.2.2.2.2.4.3.2.3.2.2.2.1.1.2.1.2.2.1.3.2",0.0796610085154434,FALSE,TRUE,38
"2.2.2.2.2.2.4.3.2.3.2.2.2.2.1.1.1.2.2.1.3.2",-0.223138680620665,FALSE,TRUE,38
"2.2.2.2.2.2.4.3.2.3.2.2.2.2.1.2.1.1.2.1.3.2",0.367393858138214,FALSE,TRUE,38
"2.2.2.2.2.2.4.3.2.3.2.2.2.2.1.2.1.2.1.1.3.2",0.0323885634043475,FALSE,TRUE,38
"2.2.2.2.2.2.4.3.2.3.2.2.2.2.1.2.1.2.2.1.3.1",0.327618643954444,FALSE,TRUE,38
"3.2.2.2.2.2.2.3.2.2.2.2.2.2.2.2.1.2.2.2.2.2",0.0947512659784472,FALSE,TRUE,40
"2.3.2.2.2.2.2.3.2.2.2.2.2.2.2.2.1.2.2.2.2.2",0.436009772484466,FALSE,TRUE,40
"2.2.3.2.2.2.2.3.2.2.2.2.2.2.2.2.1.2.2.2.2.2",0.0190438656794214,FALSE,TRUE,40
"2.2.2.3.2.2.2.3.2.2.2.2.2.2.2.2.1.2.2.2.2.2",0.662428900483382,FALSE,TRUE,40
"2.2.2.2.3.2.2.3.2.2.2.2.2.2.2.2.1.2.2.2.2.2",-0.143791667788061,FALSE,TRUE,40
"2.2.2.2.2.3.2.3.2.2.2.2.2.2.2.2.1.2.2.2.2.2",-0.335901590026077,FALSE,TRUE,40
"2.2.2.2.2.2.3.3.2.2.2.2.2.2.2.2.1.2.2.2.2.2",0.45631719398673,FALSE,TRUE,39
"2.2.2.2.2.2.2.4.2.2.2.2.2.2.2.2.1.2.2.2.2.2",-0.0452070612782395,FALSE,TRUE,41
"2.2.2.2.2.2.2.3.3.2.2.2.2.2.2.2.1.2.2.2.2.2",0.215187867747663,FALSE,TRUE,40
"2.2.2.2.2.2.2.3.2.2.3.2.2.2.2.2.1.2.2.2.2.2",0.0870279223233555,FALSE,TRUE,40
"2.2.2.2.2.2.2.3.2.2.2.3.2.2.2.2.1.2.2.2.2.2",-0.128165973430049,FALSE,TRUE,40
"2.2.2.2.2.2.2.3.2.2.2.2.3.2.2.2.1.2.2.2.2.2",0.0231115999153546,FALSE,TRUE,40
"2.2.2.2.2.2.2.3.2.2.2.2.2.3.2.2.1.2.2.2.2.2",0.293152518748596,FALSE,TRUE,40
"2.2.2.2.2.2.2.3.2.2.2.2.2.2.3.2.1.2.2.2.2.2",0.297673256189657,FALSE,TRUE,40
"2.2.2.2.2.2.2.3.2.2.2.2.2.2.2.3.1.2.2.2.2.2",0.171711487079668,FALSE,TRUE,40
"2.2.2.2.2.2.2.3.2.2.2.2.2.2.2.2.1.3.2.2.2.2",0.176400716794159,FALSE,TRUE,40
"2.2.2.2.2.2.2.3.2.2.2.2.2.2.2.2.1.2.3.2.2.2",0.148366997553632,FALSE,TRUE,39
"2.2.2.2.2.2.2.3.2.2.2.2.2.2.2.2.1.2.2.3.2.2",0.207344599205097,FALSE,TRUE,40
"2.2.2.2.2.2.2.3.2.2.2.2.2.2.2.2.1.2.2.2.3.2",0.248546748966591,FALSE,TRUE,40
"2.2.2.2.2.2.2.3.2.2.2.2.2.2.2.2.1.2.2.2.2.3",0.220333967018543,FALSE,TRUE,40
"1.2.2.2.2.2.2.3.2.2.2.2.2.2.2.2.1.2.2.2.2.2",0.465272195673078,FALSE,TRUE,39
"2.1.2.2.2.2.2.3.2.2.2.2.2.2.2.2.1.2.2.2.2.2",-0.0640060197412489,FALSE,TRUE,39
"2.2.1.2.2.2.2.3.2.2.2.2.2.2.2.2.1.2.2.2.2.2",0.5130675745205,FALSE,TRUE,39
"2.2.2.1.2.2.2.3.2.2.2.2.2.2.2.2.1.2.2.2.2.2",-0.0872016062676641,FALSE,TRUE,39
"2.2.2.2.1.2.2.3.2.2.2.2.2.2.2.2.1.2.2.2.2.2",0.575144919691957,FALSE,TRUE,39
"2.2.2.2.2.1.2.3.2.2.2.2.2.2.2.2.1.2.2.2.2.2",0.622951477918216,FALSE,TRUE,39
"2.2.2.2.2.2.1.3.2.2.2.2.2.2.2.2.1.2.2.2.2.2",-0.143299590431257,FALSE,TRUE,39
"2.2.2.2.2.2.2.3.1.2.2.2.2.2.2.2.1.2.2.2.2.2",0.104379918705223,FALSE,TRUE,39
"2.2.2.2.2.2.2.3.2.1.2.2.2.2.2.2.1.2.2.2.2.2",0.140411621717715,FALSE,TRUE,39
"2.2.2.2.2.2.2.3.2.2.1.2.2.2.2.2.1.2.2.2.2.2",-0.0115351563113856,FALSE,TRUE,39
"2.2.2.2.2.2.2.3.2.2.2.2.1.2.2.2.1.2.2.2.2.2",0.104508527843875,FALSE,TRUE,39
"2.2.2.2.2.2.2.3.2.2.2.2.2.1.2.2.1.2.2.2.2.2",0.00939450085613323,FALSE,TRUE,39
"2.2.2.2.2.2.2.3.2.2.2.2.2.2.1.2.1.2.2.2.2.2",0.0744887644386676,FALSE,TRUE,39
"2.2.2.2.2.2.2.3.2.2.2.2.2.2.2.1.1.2.2.2.2.2",-0.0172640552346307,FALSE,TRUE,39
"2.2.2.2.2.2.2.3.2.2.2.2.2.2.2.2.1.1.2.2.2.2",0.201718546766231,FALSE,TRUE,39
"2.2.2.2.2.2.2.3.2.2.2.2.2.2.2.2.1.2.1.2.2.2",0.218538186039512,FALSE,TRUE,39
"2.2.2.2.2.2.2.3.2.2.2.2.2.2.2.2.1.2.2.1.2.2",0.206517243468481,FALSE,TRUE,39
"2.2.2.2.2.2.2.3.2.2.2.2.2.2.2.2.1.2.2.2.1.2",0.00578890681533157,FALSE,TRUE,39
"2.2.2.2.2.2.2.3.2.2.2.2.2.2.2.2.1.2.2.2.2.1",0.484035632839994,FALSE,TRUE,39
"3.2.2.2.3.2.2.2.2.3.2.2.2.1.2.2.2.2.2.3.2.2",0.057468807519597,FALSE,TRUE,41
"2.3.2.2.3.2.2.2.2.3.2.2.2.1.2.2.2.2.2.3.2.2",0.467463643996816,FALSE,TRUE,41
"2.2.3.2.3.2.2.2.2.3.2.2.2.1.2.2.2.2.2.3.2.2",0.0790590011770182,FALSE,TRUE,41
"2.2.2.3.3.2.2.2.2.3.2.2.2.1.2.2.2.2.2.3.2.2",0.442906204523401,FALSE,TRUE,41
"2.2.2.2.4.2.2.2.2.3.2.2.2.1.2.2.2.2.2.3.2.2",0.0428735273696998,FALSE,TRUE,41
"2.2.2.2.3.3.2.2.2.3.2.2.2.1.2.2.2.2.2.3.2.2",0.14836419373651,FALSE,TRUE,41
"2.2.2.2.3.2.3.2.2.3.2.2.2.1.2.2.2.2.2.3.2.2",0.471991069309161,FALSE,TRUE,41
"2.2.2.2.3.2.2.3.2.3.2.2.2.1.2.2.2.2.2.3.2.2",0.231009276795202,FALSE,TRUE,41
"2.2.2.2.3.2.2.2.3.3.2.2.2.1.2.2.2.2.2.3.2.2",0.289168133687147,FALSE,TRUE,41
"2.2.2.2.3.2.2.2.2.4.2.2.2.1.2.2.2.2.2.3.2.2",-0.387410383866014,FALSE,TRUE,41
"2.2.2.2.3.2.2.2.2.3.3.2.2.1.2.2.2.2.2.3.2.2",-0.151273206216468,FALSE,TRUE,41
"2.2.2.2.3.2.2.2.2.3.2.3.2.1.2.2.2.2.2.3.2.2",0.194663379900331,FALSE,TRUE,41
"2.2.2.2.3.2.2.2.2.3.2.2.3.1.2.2.2.2.2.3.2.2",0.025434033999059,FALSE,TRUE,40
"2.2.2.2.3.2.2.2.2.3.2.2.2.2.2.2.2.2.2.3.2.2",0.275701281352598,FALSE,TRUE,39
"2.2.2.2.3.2.2.2.2.3.2.2.2.1.3.2.2.2.2.3.2.2",0.479281763981337,FALSE,TRUE,41
"2.2.2.2.3.2.2.2.2.3.2.2.2.1.2.3.2.2.2.3.2.2",0.35325672328661,FALSE,TRUE,41
"2.2.2.2.3.2.2.2.2.3.2.2.2.1.2.2.3.2.2.3.2.2",0.19669566757889,FALSE,TRUE,41
"2.2.2.2.3.2.2.2.2.3.2.2.2.1.2.2.2.3.2.3.2.2",0.235528183642087,FALSE,TRUE,41
"2.2.2.2.3.2.2.2.2.3.2.2.2.1.2.2.2.2.3.3.2.2",0.229688262076456,FALSE,TRUE,40
"2.2.2.2.3.2.2.2.2.3.2.2.2.1.2.2.2.2.2.4.2.2",0.0463041966610607,FALSE,TRUE,42
"2.2.2.2.3.2.2.2.2.3.2.2.2.1.2.2.2.2.2.3.3.2",0.0308211811613125,FALSE,TRUE,41
"2.2.2.2.3.2.2.2.2.3.2.2.2.1.2.2.2.2.2.3.2.3",0.16443424766653,FALSE,TRUE,41
"1.2.2.2.3.2.2.2.2.3.2.2.2.1.2.2.2.2.2.3.2.2",0.196917085355901,FALSE,TRUE,40
"2.1.2.2.3.2.2.2.2.3.2.2.2.1.2.2.2.2.2.3.2.2",-0.310996418948913,FALSE,TRUE,40
"2.2.1.2.3.2.2.2.2.3.2.2.2.1.2.2.2.2.2.3.2.2",0.127097067079877,FALSE,TRUE,40
"2.2.2.1.3.2.2.2.2.3.2.2.2.1.2.2.2.2.2.3.2.2",-0.070704187449163,FALSE,TRUE,40
"2.2.2.2.3.1.2.2.2.3.2.2.2.1.2.2.2.2.2.3.2.2",0.348177936170936,FALSE,TRUE,40
"2.2.2.2.3.2.1.2.2.3.2.2.2.1.2.2.2.2.2.3.2.2",0.0328367222499222,FALSE,TRUE,40
"2.2.2.2.3.2.2.1.2.3.2.2.2.1.2.2.2.2.2.3.2.2",-0.0177096397242452,FALSE,TRUE,40
"2.2.2.2.3.2.2.2.1.3.2.2.2.1.2.2.2.2.2.3.2.2",0.152876765846729,FALSE,TRUE,40
"2.2.2.2.3.2.2.2.2.2.2.2.2.1.2.2.2.2.2.3.2.2",0.758606052372576,FALSE,TRUE,41
"2.2.2.2.3.2.2.2.2.3.1.2.2.1.2.2.2.2.2.3.2.2",0.334215890021111,FALSE,TRUE,40
"2.2.2.2.3.2.2.2.2.3.2.1.2.1.2.2.2.2.2.3.2.2",-0.130286761943385,FALSE,TRUE,40
"2.2.2.2.3.2.2.2.2.3.2.2.1.1.2.2.2.2.2.3.2.2",0.160882417572345,FALSE,TRUE,40
"2.2.2.2.3.2.2.2.2.3.2.2.2.1.1.2.2.2.2.3.2.2",0.0367497414086592,FALSE,TRUE,40
"2.2.2.2.3.2.2.2.2.3.2.2.2.1.2.1.2.2.2.3.2.2",-0.27150837867014,FALSE,TRUE,40
"2.2.2.2.3.2.2.2.2.3.2.2.2.1.2.2.1.2.2.3.2.2",0.079951773949566,FALSE,TRUE,40
"2.2.2.2.3.2.2.2.2.3.2.2.2.1.2.2.2.1.2.3.2.2",-0.0448037064152174,FALSE,TRUE,40
"2.2.2.2.3.2.2.2.2.3.2.2.2.1.2.2.2.2.1.3.2.2",0.00279084929854021,FALSE,TRUE,40
"2.2.2.2.3.2.2.2.2.3.2.2.2.1.2.2.2.2.2.3.1.2",0.175339758321377,FALSE,TRUE,40
"2.2.2.2.3.2.2.2.2.3.2.2.2.1.2.2.2.2.2.3.2.1",0.312112885905181,FALSE,TRUE,40
"2.3.2.2.2.2.4.2.2.3.2.2.3.2.2.2.1.2.2.1.2.2",-0.0116072163874207,FALSE,TRUE,40
"2.2.3.2.2.2.4.2.2.3.2.2.3.2.2.2.1.2.2.1.2.2",0.229122396271629,FALSE,TRUE,40
"2.2.2.3.2.2.4.2.2.3.2.2.3.2.2.2.1.2.2.1.2.2",-0.0695807957831449,FALSE,TRUE,40
"2.2.2.2.3.2.4.2.2.3.2.2.3.2.2.2.1.2.2.1.2.2",-0.00778777514841687,FALSE,TRUE,40
"2.2.2.2.2.3.4.2.2.3.2.2.3.2.2.2.1.2.2.1.2.2",0.166690990336303,FALSE,TRUE,40
"2.2.2.2.2.2.5.2.2.3.2.2.3.2.2.2.1.2.2.1.2.2",0.0446421159483289,FALSE,TRUE,40
"2.2.2.2.2.2.4.3.2.3.2.2.3.2.2.2.1.2.2.1.2.2",0.345592164813696,FALSE,TRUE,40
"2.2.2.2.2.2.4.2.3.3.2.2.3.2.2.2.1.2.2.1.2.2",0.35953142146072,FALSE,TRUE,40
"2.2.2.2.2.2.4.2.2.4.2.2.3.2.2.2.1.2.2.1.2.2",0.164415207052634,FALSE,TRUE,40
"2.2.2.2.2.2.4.2.2.3.3.2.3.2.2.2.1.2.2.1.2.2",0.169201364563513,FALSE,TRUE,40
"2.2.2.2.2.2.4.2.2.3.2.3.3.2.2.2.1.2.2.1.2.2",0.20211045223908,FALSE,TRUE,40
"2.2.2.2.2.2.4.2.2.3.2.2.4.2.2.2.1.2.2.1.2.2",-0.039450573719873,FALSE,TRUE,41
"2.2.2.2.2.2.4.2.2.3.2.2.3.3.2.2.1.2.2.1.2.2",0.338602803958202,FALSE,TRUE,40
"2.2.2.2.2.2.4.2.2.3.2.2.3.2.3.2.1.2.2.1.2.2",0.140206831850822,FALSE,TRUE,40
"2.2.2.2.2.2.4.2.2.3.2.2.3.2.2.3.1.2.2.1.2.2",0.253276383427068,FALSE,TRUE,40
"2.2.2.2.2.2.4.2.2.3.2.2.3.2.2.2.2.2.2.1.2.2",-0.0781630599707833,FALSE,TRUE,40
"2.2.2.2.2.2.4.2.2.3.2.2.3.2.2.2.1.3.2.1.2.2",0.338805131581444,FALSE,TRUE,39
"2.2.2.2.2.2.4.2.2.3.2.2.3.2.2.2.1.2.3.1.2.2",-0.179488948969644,FALSE,TRUE,40
"2.2.2.2.2.2.4.2.2.3.2.2.3.2.2.2.1.2.2.2.2.2",-0.265752346375885,FALSE,TRUE,40
"2.2.2.2.2.2.4.2.2.3.2.2.3.2.2.2.1.2.2.1.3.2",0.277881359789829,FALSE,TRUE,39
"2.2.2.2.2.2.4.2.2.3.2.2.3.2.2.2.1.2.2.1.2.3",0.207984320697135,FALSE,TRUE,40
"1.2.2.2.2.2.4.2.2.3.2.2.3.2.2.2.1.2.2.1.2.2",0.154235037875986,FALSE,TRUE,39
"2.1.2.2.2.2.4.2.2.3.2.2.3.2.2.2.1.2.2.1.2.2",0.297395733416521,FALSE,TRUE,39
"2.2.1.2.2.2.4.2.2.3.2.2.3.2.2.2.1.2.2.1.2.2",0.0926444205327716,FALSE,TRUE,39
"2.2.2.1.2.2.4.2.2.3.2.2.3.2.2.2.1.2.2.1.2.2",0.206316726256101,FALSE,TRUE,39
"2.2.2.2.1.2.4.2.2.3.2.2.3.2.2.2.1.2.2.1.2.2",-0.0165048988664571,FALSE,TRUE,39
"2.2.2.2.2.1.4.2.2.3.2.2.3.2.2.2.1.2.2.1.2.2",0.0350660765853595,FALSE,TRUE,39
"2.2.2.2.2.2.4.1.2.3.2.2.3.2.2.2.1.2.2.1.2.2",-0.0516456160023267,FALSE,TRUE,39
"2.2.2.2.2.2.4.2.1.3.2.2.3.2.2.2.1.2.2.1.2.2",0.14150685408851,FALSE,TRUE,39
"2.2.2.2.2.2.4.2.2.2.2.2.3.2.2.2.1.2.2.1.2.2",-0.0560550682043374,FALSE,TRUE,40
"2.2.2.2.2.2.4.2.2.3.1.2.3.2.2.2.1.2.2.1.2.2",0.00343604585661093,FALSE,TRUE,39
"2.2.2.2.2.2.4.2.2.3.2.1.3.2.2.2.1.2.2.1.2.2",0.125685088454291,FALSE,TRUE,39
"2.2.2.2.2.2.4.2.2.3.2.2.3.1.2.2.1.2.2.1.2.2",-0.135652377752923,FALSE,TRUE,39
"2.2.2.2.2.2.4.2.2.3.2.2.3.2.2.1.1.2.2.1.2.2",0.297594539489888,FALSE,TRUE,39
"2.2.2.2.2.2.4.2.2.3.2.2.3.2.2.2.1.1.2.1.2.2",-0.0199692143302751,FALSE,TRUE,39
"2.2.2.2.2.2.4.2.2.3.2.2.3.2.2.2.1.2.1.1.2.2",0.223961783129043,FALSE,TRUE,39
"2.2.2.2.2.2.4.2.2.3.2.2.3.2.2.2.1.2.2.1.1.2",0.180907971027732,FALSE,TRUE,39
"2.2.2.2.2.2.4.2.2.3.2.2.3.2.2.2.1.2.2.1.2.1",0.233024453912697,FALSE,TRUE,39
"3.2.2.2.3.2.2.2.2.2.2.2.2.1.2.2.2.2.2.2.2.2",0.132263215791036,FALSE,TRUE,41
"2.3.2.2.3.2.2.2.2.2.2.2.2.1.2.2.2.2.2.2.2.2",0.259303027929162,FALSE,TRUE,41
"2.2.3.2.3.2.2.2.2.2.2.2.2.1.2.2.2.2.2.2.2.2",0.166290804415506,FALSE,TRUE,41
"2.2.2.3.3.2.2.2.2.2.2.2.2.1.2.2.2.2.2.2.2.2",0.484464029137198,FALSE,TRUE,41
"2.2.2.2.4.2.2.2.2.2.2.2.2.1.2.2.2.2.2.2.2.2",0.313736833479633,FALSE,TRUE,41
"2.2.2.2.3.3.2.2.2.2.2.2.2.1.2.2.2.2.2.2.2.2",0.48255457331135,FALSE,TRUE,41
"2.2.2.2.3.2.3.2.2.2.2.2.2.1.2.2.2.2.2.2.2.2",0.327079149441889,FALSE,TRUE,41
"2.2.2.2.3.2.2.3.2.2.2.2.2.1.2.2.2.2.2.2.2.2",0.488233424502055,FALSE,TRUE,39
"2.2.2.2.3.2.2.2.3.2.2.2.2.1.2.2.2.2.2.2.2.2",0.345637501321417,FALSE,TRUE,41
"2.2.2.2.3.2.2.2.2.2.3.2.2.1.2.2.2.2.2.2.2.2",0.498425178385863,FALSE,TRUE,41
"2.2.2.2.3.2.2.2.2.2.2.3.2.1.2.2.2.2.2.2.2.2",0.569164236114,FALSE,TRUE,41
"2.2.2.2.3.2.2.2.2.2.2.2.3.1.2.2.2.2.2.2.2.2",0.265862163901002,FALSE,TRUE,40
"2.2.2.2.3.2.2.2.2.2.2.2.2.1.3.2.2.2.2.2.2.2",0.560603164788589,FALSE,TRUE,41
"2.2.2.2.3.2.2.2.2.2.2.2.2.1.2.3.2.2.2.2.2.2",0.023897638876784,FALSE,TRUE,41
"2.2.2.2.3.2.2.2.2.2.2.2.2.1.2.2.3.2.2.2.2.2",0.601467310436923,FALSE,TRUE,41
"2.2.2.2.3.2.2.2.2.2.2.2.2.1.2.2.2.3.2.2.2.2",0.397213061866493,FALSE,TRUE,41
"2.2.2.2.3.2.2.2.2.2.2.2.2.1.2.2.2.2.3.2.2.2",0.312732193932318,FALSE,TRUE,40
"2.2.2.2.3.2.2.2.2.2.2.2.2.1.2.2.2.2.2.2.3.2",0.52428822295244,FALSE,TRUE,41
"2.2.2.2.3.2.2.2.2.2.2.2.2.1.2.2.2.2.2.2.2.3",0.399510836195797,FALSE,TRUE,41
"1.2.2.2.3.2.2.2.2.2.2.2.2.1.2.2.2.2.2.2.2.2",0.554602460167302,FALSE,TRUE,40
"2.1.2.2.3.2.2.2.2.2.2.2.2.1.2.2.2.2.2.2.2.2",0.166311329985403,FALSE,TRUE,40
"2.2.1.2.3.2.2.2.2.2.2.2.2.1.2.2.2.2.2.2.2.2",0.425413978360876,FALSE,TRUE,40
"2.2.2.1.3.2.2.2.2.2.2.2.2.1.2.2.2.2.2.2.2.2",0.20104685974736,FALSE,TRUE,40
"2.2.2.2.3.1.2.2.2.2.2.2.2.1.2.2.2.2.2.2.2.2",0.132585317965886,FALSE,TRUE,40
"2.2.2.2.3.2.1.2.2.2.2.2.2.1.2.2.2.2.2.2.2.2",0.0526390525591574,FALSE,TRUE,40
"2.2.2.2.3.2.2.1.2.2.2.2.2.1.2.2.2.2.2.2.2.2",0.346936284541384,FALSE,TRUE,40
"2.2.2.2.3.2.2.2.1.2.2.2.2.1.2.2.2.2.2.2.2.2",0.460271632765839,FALSE,TRUE,40
"2.2.2.2.3.2.2.2.2.1.2.2.2.1.2.2.2.2.2.2.2.2",0.170662224389719,FALSE,TRUE,41
"2.2.2.2.3.2.2.2.2.2.1.2.2.1.2.2.2.2.2.2.2.2",-0.0985997336143203,FALSE,TRUE,40
"2.2.2.2.3.2.2.2.2.2.2.1.2.1.2.2.2.2.2.2.2.2",0.106162588474044,FALSE,TRUE,40
"2.2.2.2.3.2.2.2.2.2.2.2.1.1.2.2.2.2.2.2.2.2",0.0740964619238807,FALSE,TRUE,40
"2.2.2.2.3.2.2.2.2.2.2.2.2.1.1.2.2.2.2.2.2.2",-0.0324123075702258,FALSE,TRUE,38
"2.2.2.2.3.2.2.2.2.2.2.2.2.1.2.1.2.2.2.2.2.2",0.184140688172347,FALSE,TRUE,40
"2.2.2.2.3.2.2.2.2.2.2.2.2.1.2.2.1.2.2.2.2.2",-0.0238645374844838,FALSE,TRUE,38
"2.2.2.2.3.2.2.2.2.2.2.2.2.1.2.2.2.1.2.2.2.2",0.318611423518157,FALSE,TRUE,40
"2.2.2.2.3.2.2.2.2.2.2.2.2.1.2.2.2.2.1.2.2.2",-0.0804602494325655,FALSE,TRUE,40
"2.2.2.2.3.2.2.2.2.2.2.2.2.1.2.2.2.2.2.1.2.2",-0.213405292862386,FALSE,TRUE,38
"2.2.2.2.3.2.2.2.2.2.2.2.2.1.2.2.2.2.2.2.1.2",-0.129554486201527,FALSE,TRUE,40
"2.2.2.2.3.2.2.2.2.2.2.2.2.1.2.2.2.2.2.2.2.1",0.49438445208079,FALSE,TRUE,40
"3.2.2.2.2.3.2.2.2.3.2.2.2.2.2.3.2.2.2.2.2.2",0.269723457322283,FALSE,TRUE,41
"2.3.2.2.2.3.2.2.2.3.2.2.2.2.2.3.2.2.2.2.2.2",0.156490791660676,FALSE,TRUE,41
"2.2.3.2.2.3.2.2.2.3.2.2.2.2.2.3.2.2.2.2.2.2",0.0659092014079456,FALSE,TRUE,41
"2.2.2.3.2.3.2.2.2.3.2.2.2.2.2.3.2.2.2.2.2.2",0.0562631166394474,FALSE,TRUE,41
"2.2.2.2.3.3.2.2.2.3.2.2.2.2.2.3.2.2.2.2.2.2",0.134180457523888,FALSE,TRUE,41
"2.2.2.2.2.4.2.2.2.3.2.2.2.2.2.3.2.2.2.2.2.2",0.174464894587113,FALSE,TRUE,42
"2.2.2.2.2.3.3.2.2.3.2.2.2.2.2.3.2.2.2.2.2.2",0.00371920146265489,FALSE,TRUE,41
"2.2.2.2.2.3.2.3.2.3.2.2.2.2.2.3.2.2.2.2.2.2",0.0814060644190801,FALSE,TRUE,40
"2.2.2.2.2.3.2.2.3.3.2.2.2.2.2.3.2.2.2.2.2.2",0.199158206342872,FALSE,TRUE,41
"2.2.2.2.2.3.2.2.2.4.2.2.2.2.2.3.2.2.2.2.2.2",0.174581105020175,FALSE,TRUE,41
"2.2.2.2.2.3.2.2.2.3.3.2.2.2.2.3.2.2.2.2.2.2",-0.142328332009203,FALSE,TRUE,41
"2.2.2.2.2.3.2.2.2.3.2.3.2.2.2.3.2.2.2.2.2.2",0.43439563636772,FALSE,TRUE,41
"2.2.2.2.2.3.2.2.2.3.2.2.3.2.2.3.2.2.2.2.2.2",0.317160672599454,FALSE,TRUE,40
"2.2.2.2.2.3.2.2.2.3.2.2.2.3.2.3.2.2.2.2.2.2",-0.176017427132516,FALSE,TRUE,41
"2.2.2.2.2.3.2.2.2.3.2.2.2.2.3.3.2.2.2.2.2.2",0.227378972344728,FALSE,TRUE,41
"2.2.2.2.2.3.2.2.2.3.2.2.2.2.2.4.2.2.2.2.2.2",0.218500597341895,FALSE,TRUE,41
"2.2.2.2.2.3.2.2.2.3.2.2.2.2.2.3.2.3.2.2.2.2",0.147260483033595,FALSE,TRUE,41
"2.2.2.2.2.3.2.2.2.3.2.2.2.2.2.3.2.2.3.2.2.2",0.319415917555582,FALSE,TRUE,40
"2.2.2.2.2.3.2.2.2.3.2.2.2.2.2.3.2.2.2.3.2.2",0.207951003865369,FALSE,TRUE,41
"2.2.2.2.2.3.2.2.2.3.2.2.2.2.2.3.2.2.2.2.3.2",0.24476716665567,FALSE,TRUE,41
"2.2.2.2.2.3.2.2.2.3.2.2.2.2.2.3.2.2.2.2.2.3",0.48018506348955,FALSE,TRUE,41
"1.2.2.2.2.3.2.2.2.3.2.2.2.2.2.3.2.2.2.2.2.2",0.297270703657647,FALSE,TRUE,40
"2.1.2.2.2.3.2.2.2.3.2.2.2.2.2.3.2.2.2.2.2.2",0.404571992871779,FALSE,TRUE,40
"2.2.1.2.2.3.2.2.2.3.2.2.2.2.2.3.2.2.2.2.2.2",0.22146610804212,FALSE,TRUE,40
"2.2.2.1.2.3.2.2.2.3.2.2.2.2.2.3.2.2.2.2.2.2",0.278339021525072,FALSE,TRUE,39
"2.2.2.2.1.3.2.2.2.3.2.2.2.2.2.3.2.2.2.2.2.2",-0.0501383737738321,FALSE,TRUE,40
"2.2.2.2.2.3.1.2.2.3.2.2.2.2.2.3.2.2.2.2.2.2",0.42297285712838,FALSE,TRUE,40
"2.2.2.2.2.3.2.1.2.3.2.2.2.2.2.3.2.2.2.2.2.2",0.239893998854605,FALSE,TRUE,39
"2.2.2.2.2.3.2.2.1.3.2.2.2.2.2.3.2.2.2.2.2.2",0.291258036782774,FALSE,TRUE,40
"2.2.2.2.2.3.2.2.2.2.2.2.2.2.2.3.2.2.2.2.2.2",0.0600597074820816,FALSE,TRUE,40
"2.2.2.2.2.3.2.2.2.3.1.2.2.2.2.3.2.2.2.2.2.2",0.299910591664328,FALSE,TRUE,40
"2.2.2.2.2.3.2.2.2.3.2.1.2.2.2.3.2.2.2.2.2.2",0.372679992299639,FALSE,TRUE,40
"2.2.2.2.2.3.2.2.2.3.2.2.1.2.2.3.2.2.2.2.2.2",0.240680621055136,FALSE,TRUE,40
"2.2.2.2.2.3.2.2.2.3.2.2.2.1.2.3.2.2.2.2.2.2",0.358131289276111,FALSE,TRUE,39
"2.2.2.2.2.3.2.2.2.3.2.2.2.2.1.3.2.2.2.2.2.2",0.345930283212483,FALSE,TRUE,40
"2.2.2.2.2.3.2.2.2.3.2.2.2.2.2.3.1.2.2.2.2.2",0.194063594475608,FALSE,TRUE,40
"2.2.2.2.2.3.2.2.2.3.2.2.2.2.2.3.2.1.2.2.2.2",0.503006906301945,FALSE,TRUE,40
"2.2.2.2.2.3.2.2.2.3.2.2.2.2.2.3.2.2.1.2.2.2",0.144142452018113,FALSE,TRUE,40
"2.2.2.2.2.3.2.2.2.3.2.2.2.2.2.3.2.2.2.1.2.2",0.295538402243823,FALSE,TRUE,40
"2.2.2.2.2.3.2.2.2.3.2.2.2.2.2.3.2.2.2.2.1.2",0.0924722026593667,FALSE,TRUE,40
"3.2.2.2.2.2.2.2.2.3.2.2.2.2.2.2.2.2.3.2.2.2",0.68665339418716,FALSE,TRUE,38
"2.3.2.2.2.2.2.2.2.3.2.2.2.2.2.2.2.2.3.2.2.2",0.398092614916523,FALSE,TRUE,39
"2.2.3.2.2.2.2.2.2.3.2.2.2.2.2.2.2.2.3.2.2.2",0.063160106595346,FALSE,TRUE,39
"2.2.2.3.2.2.2.2.2.3.2.2.2.2.2.2.2.2.3.2.2.2",0.366451156630947,FALSE,TRUE,39
"2.2.2.2.2.3.2.2.2.3.2.2.2.2.2.2.2.2.3.2.2.2",0.411124173676457,FALSE,TRUE,38
"2.2.2.2.2.2.3.2.2.3.2.2.2.2.2.2.2.2.3.2.2.2",0.134329741724684,FALSE,TRUE,39
"2.2.2.2.2.2.2.3.2.3.2.2.2.2.2.2.2.2.3.2.2.2",0.30838920213674,FALSE,TRUE,38
"2.2.2.2.2.2.2.2.3.3.2.2.2.2.2.2.2.2.3.2.2.2",0.176908050901596,FALSE,TRUE,39
"2.2.2.2.2.2.2.2.2.4.2.2.2.2.2.2.2.2.3.2.2.2",0.288140792315076,FALSE,TRUE,39
"2.2.2.2.2.2.2.2.2.3.3.2.2.2.2.2.2.2.3.2.2.2",0.160581188291721,FALSE,TRUE,39
"2.2.2.2.2.2.2.2.2.3.2.3.2.2.2.2.2.2.3.2.2.2",0.236563969841096,FALSE,TRUE,39
"2.2.2.2.2.2.2.2.2.3.2.2.2.3.2.2.2.2.3.2.2.2",0.190801775994076,FALSE,TRUE,39
"2.2.2.2.2.2.2.2.2.3.2.2.2.2.3.2.2.2.3.2.2.2",0.374899298667508,FALSE,TRUE,39
"2.2.2.2.2.2.2.2.2.3.2.2.2.2.2.2.3.2.3.2.2.2",0.391174838108238,FALSE,TRUE,40
"2.2.2.2.2.2.2.2.2.3.2.2.2.2.2.2.2.3.3.2.2.2",0.369227592641887,FALSE,TRUE,39
"2.2.2.2.2.2.2.2.2.3.2.2.2.2.2.2.2.2.4.2.2.2",0.142827797098701,FALSE,TRUE,40
"2.2.2.2.2.2.2.2.2.3.2.2.2.2.2.2.2.2.3.3.2.2",0.380150652079711,FALSE,TRUE,40
"2.2.2.2.2.2.2.2.2.3.2.2.2.2.2.2.2.2.3.2.3.2",0.161616568489464,FALSE,TRUE,39
"2.2.2.2.2.2.2.2.2.3.2.2.2.2.2.2.2.2.3.2.2.3",0.421614549094798,FALSE,TRUE,39
"1.2.2.2.2.2.2.2.2.3.2.2.2.2.2.2.2.2.3.2.2.2",0.357139617810089,FALSE,TRUE,38
"2.1.2.2.2.2.2.2.2.3.2.2.2.2.2.2.2.2.3.2.2.2",0.377508384686278,FALSE,TRUE,38
"2.2.1.2.2.2.2.2.2.3.2.2.2.2.2.2.2.2.3.2.2.2",0.313027156086569,FALSE,TRUE,38
"2.2.2.2.1.2.2.2.2.3.2.2.2.2.2.2.2.2.3.2.2.2",0.180179708827343,FALSE,TRUE,39
"2.2.2.2.2.1.2.2.2.3.2.2.2.2.2.2.2.2.3.2.2.2",0.313769793729165,FALSE,TRUE,37
"2.2.2.2.2.2.2.2.1.3.2.2.2.2.2.2.2.2.3.2.2.2",0.456016273716388,FALSE,TRUE,37
"2.2.2.2.2.2.2.2.2.3.1.2.2.2.2.2.2.2.3.2.2.2",0.399010343856489,FALSE,TRUE,38
"2.2.2.2.2.2.2.2.2.3.2.1.2.2.2.2.2.2.3.2.2.2",0.478781034134046,FALSE,TRUE,38
"2.2.2.2.2.2.2.2.2.3.2.2.1.2.2.2.2.2.3.2.2.2",0.0939663523807785,FALSE,TRUE,38
"2.2.2.2.2.2.2.2.2.3.2.2.2.2.1.2.2.2.3.2.2.2",0.680724148790131,FALSE,TRUE,37
"2.2.2.2.2.2.2.2.2.3.2.2.2.2.2.1.2.2.3.2.2.2",0.518226747615319,FALSE,TRUE,38
"2.2.2.2.2.2.2.2.2.3.2.2.2.2.2.2.2.1.3.2.2.2",0.397550562107523,FALSE,TRUE,38
"2.2.2.2.2.2.2.2.2.3.2.2.2.2.2.2.2.2.3.2.1.2",0.450585676093961,FALSE,TRUE,38
"2.2.2.2.2.2.2.2.2.3.2.2.2.2.2.2.2.2.3.2.2.1",0.596396979787516,FALSE,TRUE,37
"2.3.2.2.2.2.3.2.2.3.2.2.2.2.2.2.2.2.2.1.2.2",0.546725915289617,FALSE,TRUE,40
"2.2.3.2.2.2.3.2.2.3.2.2.2.2.2.2.2.2.2.1.2.2",0.0838431189653818,FALSE,TRUE,40
"2.2.2.3.2.2.3.2.2.3.2.2.2.2.2.2.2.2.2.1.2.2",0.174552214362637,FALSE,TRUE,40
"2.2.2.2.3.2.3.2.2.3.2.2.2.2.2.2.2.2.2.1.2.2",0.0852799542098975,FALSE,TRUE,40
"2.2.2.2.2.3.3.2.2.3.2.2.2.2.2.2.2.2.2.1.2.2",0.264064417800177,FALSE,TRUE,40
"2.2.2.2.2.2.3.3.2.3.2.2.2.2.2.2.2.2.2.1.2.2",0.299262691778989,FALSE,TRUE,40
"2.2.2.2.2.2.3.2.3.3.2.2.2.2.2.2.2.2.2.1.2.2",-0.0684817182682032,FALSE,TRUE,40
"2.2.2.2.2.2.3.2.2.4.2.2.2.2.2.2.2.2.2.1.2.2",-0.404955590267896,FALSE,TRUE,40
"2.2.2.2.2.2.3.2.2.3.3.2.2.2.2.2.2.2.2.1.2.2",-0.116819181549453,FALSE,TRUE,38
"2.2.2.2.2.2.3.2.2.3.2.3.2.2.2.2.2.2.2.1.2.2",0.228225373312266,FALSE,TRUE,40
"2.2.2.2.2.2.3.2.2.3.2.2.3.2.2.2.2.2.2.1.2.2",0.390642356844974,FALSE,TRUE,36
"2.2.2.2.2.2.3.2.2.3.2.2.2.3.2.2.2.2.2.1.2.2",0.294634708147836,FALSE,TRUE,40
"2.2.2.2.2.2.3.2.2.3.2.2.2.2.3.2.2.2.2.1.2.2",0.277487851500251,FALSE,TRUE,40
"2.2.2.2.2.2.3.2.2.3.2.2.2.2.2.3.2.2.2.1.2.2",0.334290250599177,FALSE,TRUE,38
"2.2.2.2.2.2.3.2.2.3.2.2.2.2.2.2.3.2.2.1.2.2",0.076356609447298,FALSE,TRUE,41
"2.2.2.2.2.2.3.2.2.3.2.2.2.2.2.2.2.2.3.1.2.2",0.0067660836664045,FALSE,TRUE,38
"2.2.2.2.2.2.3.2.2.3.2.2.2.2.2.2.2.2.2.1.3.2",-0.168361276899583,FALSE,TRUE,40
"2.2.2.2.2.2.3.2.2.3.2.2.2.2.2.2.2.2.2.1.2.3",0.155684796386928,FALSE,TRUE,40
"1.2.2.2.2.2.3.2.2.3.2.2.2.2.2.2.2.2.2.1.2.2",-0.0520873957227048,FALSE,TRUE,40
"2.1.2.2.2.2.3.2.2.3.2.2.2.2.2.2.2.2.2.1.2.2",-0.183965316960349,FALSE,TRUE,39
"2.2.1.2.2.2.3.2.2.3.2.2.2.2.2.2.2.2.2.1.2.2",0.356857670860194,FALSE,TRUE,39
"2.2.2.1.2.2.3.2.2.3.2.2.2.2.2.2.2.2.2.1.2.2",0.192053280616816,FALSE,TRUE,37
"2.2.2.2.1.2.3.2.2.3.2.2.2.2.2.2.2.2.2.1.2.2",0.00680311196232323,FALSE,TRUE,38
"2.2.2.2.2.1.3.2.2.3.2.2.2.2.2.2.2.2.2.1.2.2",0.180138798867539,FALSE,TRUE,39
"2.2.2.2.2.2.3.1.2.3.2.2.2.2.2.2.2.2.2.1.2.2",-0.0455072041456963,FALSE,TRUE,37
"2.2.2.2.2.2.3.2.1.3.2.2.2.2.2.2.2.2.2.1.2.2",0.534563985743588,FALSE,TRUE,39
"2.2.2.2.2.2.3.2.2.3.1.2.2.2.2.2.2.2.2.1.2.2",0.26662293314728,FALSE,TRUE,39
"2.2.2.2.2.2.3.2.2.3.2.1.2.2.2.2.2.2.2.1.2.2",0.112712682879566,FALSE,TRUE,39
"2.2.2.2.2.2.3.2.2.3.2.2.1.2.2.2.2.2.2.1.2.2",0.0199137556607687,FALSE,TRUE,39
"2.2.2.2.2.2.3.2.2.3.2.2.2.1.2.2.2.2.2.1.2.2",0.0183808389338161,FALSE,TRUE,37
"2.2.2.2.2.2.3.2.2.3.2.2.2.2.1.2.2.2.2.1.2.2",0.239474370147116,FALSE,TRUE,38
"2.2.2.2.2.2.3.2.2.3.2.2.2.2.2.1.2.2.2.1.2.2",0.120730310943589,FALSE,TRUE,39
"2.2.2.2.2.2.3.2.2.3.2.2.2.2.2.2.2.1.2.1.2.2",-0.104196593758259,FALSE,TRUE,39
"2.2.2.2.2.2.3.2.2.3.2.2.2.2.2.2.2.2.1.1.2.2",0.319861500288076,FALSE,TRUE,39
"2.2.2.2.2.2.3.2.2.3.2.2.2.2.2.2.2.2.2.1.1.2",0.495573317575777,FALSE,TRUE,39
"2.2.2.2.2.2.3.2.2.3.2.2.2.2.2.2.2.2.2.1.2.1",0.566615806182802,FALSE,TRUE,39
"4.2.2.2.2.2.2.2.2.3.2.2.3.2.2.2.2.2.2.2.2.2",0.247748158444228,FALSE,TRUE,43
"3.3.2.2.2.2.2.2.2.3.2.2.3.2.2.2.2.2.2.2.2.2",-0.219982120584078,FALSE,TRUE,42
"3.2.3.2.2.2.2.2.2.3.2.2.3.2.2.2.2.2.2.2.2.2",0.148772496736778,FALSE,TRUE,42
"3.2.2.3.2.2.2.2.2.3.2.2.3.2.2.2.2.2.2.2.2.2",0.0438094891507514,FALSE,TRUE,42
"3.2.2.2.2.3.2.2.2.3.2.2.3.2.2.2.2.2.2.2.2.2",0.305410002566744,FALSE,TRUE,42
"3.2.2.2.2.2.3.2.2.3.2.2.3.2.2.2.2.2.2.2.2.2",0.0523984526745386,FALSE,TRUE,40
"3.2.2.2.2.2.2.3.2.3.2.2.3.2.2.2.2.2.2.2.2.2",0.448230940280624,FALSE,TRUE,42
"3.2.2.2.2.2.2.2.3.3.2.2.3.2.2.2.2.2.2.2.2.2",0.20387661819875,FALSE,TRUE,42
"3.2.2.2.2.2.2.2.2.4.2.2.3.2.2.2.2.2.2.2.2.2",0.193966538986431,FALSE,TRUE,42
"3.2.2.2.2.2.2.2.2.3.3.2.3.2.2.2.2.2.2.2.2.2",0.112378116211633,FALSE,TRUE,42
"3.2.2.2.2.2.2.2.2.3.2.3.3.2.2.2.2.2.2.2.2.2",0.45410201376829,FALSE,TRUE,41
"3.2.2.2.2.2.2.2.2.3.2.2.4.2.2.2.2.2.2.2.2.2",-0.0672931069708064,FALSE,TRUE,42
"3.2.2.2.2.2.2.2.2.3.2.2.3.3.2.2.2.2.2.2.2.2",0.119361676138665,FALSE,TRUE,42
"3.2.2.2.2.2.2.2.2.3.2.2.3.2.3.2.2.2.2.2.2.2",0.251040415129334,FALSE,TRUE,42
"3.2.2.2.2.2.2.2.2.3.2.2.3.2.2.3.2.2.2.2.2.2",0.28397319998927,FALSE,TRUE,41
"3.2.2.2.2.2.2.2.2.3.2.2.3.2.2.2.3.2.2.2.2.2",0.192611971862068,FALSE,TRUE,42
"3.2.2.2.2.2.2.2.2.3.2.2.3.2.2.2.2.3.2.2.2.2",0.192388915298262,FALSE,TRUE,42
"3.2.2.2.2.2.2.2.2.3.2.2.3.2.2.2.2.2.3.2.2.2",0.354605235868862,FALSE,TRUE,41
"3.2.2.2.2.2.2.2.2.3.2.2.3.2.2.2.2.2.2.3.2.2",0.0554323218141442,FALSE,TRUE,42
"3.2.2.2.2.2.2.2.2.3.2.2.3.2.2.2.2.2.2.2.3.2",0.222695553750397,FALSE,TRUE,42
"3.2.2.2.2.2.2.2.2.3.2.2.3.2.2.2.2.2.2.2.2.3",0.35879867653036,FALSE,TRUE,42
"3.1.2.2.2.2.2.2.2.3.2.2.3.2.2.2.2.2.2.2.2.2",0.579500694234494,FALSE,TRUE,41
"3.2.1.2.2.2.2.2.2.3.2.2.3.2.2.2.2.2.2.2.2.2",0.118808748643048,FALSE,TRUE,41
"3.2.2.1.2.2.2.2.2.3.2.2.3.2.2.2.2.2.2.2.2.2",0.298583939574663,FALSE,TRUE,40
"3.2.2.2.1.2.2.2.2.3.2.2.3.2.2.2.2.2.2.2.2.2",-0.0723795535526471,FALSE,TRUE,41
"3.2.2.2.2.1.2.2.2.3.2.2.3.2.2.2.2.2.2.2.2.2",-0.0807383081535721,FALSE,TRUE,40
"3.2.2.2.2.2.1.2.2.3.2.2.3.2.2.2.2.2.2.2.2.2",0.278049808240491,FALSE,TRUE,41
"3.2.2.2.2.2.2.1.2.3.2.2.3.2.2.2.2.2.2.2.2.2",-0.130090217504621,FALSE,TRUE,40
"3.2.2.2.2.2.2.2.2.2.2.2.3.2.2.2.2.2.2.2.2.2",-0.17658391495808,FALSE,TRUE,41
"3.2.2.2.2.2.2.2.2.3.1.2.3.2.2.2.2.2.2.2.2.2",0.126651061945326,FALSE,TRUE,41
"3.2.2.2.2.2.2.2.2.3.2.1.3.2.2.2.2.2.2.2.2.2",-0.118987856208438,FALSE,TRUE,41
"3.2.2.2.2.2.2.2.2.3.2.2.3.1.2.2.2.2.2.2.2.2",0.549850139457481,FALSE,TRUE,40
"3.2.2.2.2.2.2.2.2.3.2.2.3.2.1.2.2.2.2.2.2.2",-0.0646998453314606,FALSE,TRUE,41
"3.2.2.2.2.2.2.2.2.3.2.2.3.2.2.1.2.2.2.2.2.2",0.544018946680428,FALSE,TRUE,41
"3.2.2.2.2.2.2.2.2.3.2.2.3.2.2.2.1.2.2.2.2.2",0.164145593701972,FALSE,TRUE,40
"3.2.2.2.2.2.2.2.2.3.2.2.3.2.2.2.2.1.2.2.2.2",0.330171292287947,FALSE,TRUE,41
"3.2.2.2.2.2.2.2.2.3.2.2.3.2.2.2.2.2.1.2.2.2",0.0263949000789301,FALSE,TRUE,41
"3.2.2.2.2.2.2.2.2.3.2.2.3.2.2.2.2.2.2.1.2.2",0.176595140482406,FALSE,TRUE,39
"3.2.2.2.2.2.2.2.2.3.2.2.3.2.2.2.2.2.2.2.1.2",-0.152545502526794,FALSE,TRUE,41
"3.2.2.2.2.2.2.2.2.3.2.2.3.2.2.2.2.2.2.2.2.1",0.151978255438311,FALSE,TRUE,41
"3.2.2.2.3.2.2.2.2.3.2.2.2.2.2.2.2.2.3.2.2.2",0.296635538795895,FALSE,TRUE,42
"2.3.2.2.3.2.2.2.2.3.2.2.2.2.2.2.2.2.3.2.2.2",0.582657113580416,FALSE,TRUE,42
"2.2.3.2.3.2.2.2.2.3.2.2.2.2.2.2.2.2.3.2.2.2",-0.122463159138872,FALSE,TRUE,42
"2.2.2.3.3.2.2.2.2.3.2.2.2.2.2.2.2.2.3.2.2.2",0.385111533098114,FALSE,TRUE,42
"2.2.2.2.4.2.2.2.2.3.2.2.2.2.2.2.2.2.3.2.2.2",-0.407701922466084,FALSE,TRUE,43
"2.2.2.2.3.3.2.2.2.3.2.2.2.2.2.2.2.2.3.2.2.2",-0.074237612562104,FALSE,TRUE,42
"2.2.2.2.3.2.3.2.2.3.2.2.2.2.2.2.2.2.3.2.2.2",0.204859250419743,FALSE,TRUE,42
"2.2.2.2.3.2.2.3.2.3.2.2.2.2.2.2.2.2.3.2.2.2",-0.0734418027566984,FALSE,TRUE,42
"2.2.2.2.3.2.2.2.3.3.2.2.2.2.2.2.2.2.3.2.2.2",0.196511361041743,FALSE,TRUE,42
"2.2.2.2.3.2.2.2.2.4.2.2.2.2.2.2.2.2.3.2.2.2",-0.141456394277805,FALSE,TRUE,42
"2.2.2.2.3.2.2.2.2.3.3.2.2.2.2.2.2.2.3.2.2.2",-0.200581885211141,FALSE,TRUE,42
"2.2.2.2.3.2.2.2.2.3.2.3.2.2.2.2.2.2.3.2.2.2",-0.17303164406902,FALSE,TRUE,42
"2.2.2.2.3.2.2.2.2.3.2.2.2.3.2.2.2.2.3.2.2.2",0.234603888736734,FALSE,TRUE,42
"2.2.2.2.3.2.2.2.2.3.2.2.2.2.3.2.2.2.3.2.2.2",0.0876160257571193,FALSE,TRUE,42
"2.2.2.2.3.2.2.2.2.3.2.2.2.2.2.3.2.2.3.2.2.2",0.225236338641965,FALSE,TRUE,41
"2.2.2.2.3.2.2.2.2.3.2.2.2.2.2.2.3.2.3.2.2.2",0.208138199231622,FALSE,TRUE,42
"2.2.2.2.3.2.2.2.2.3.2.2.2.2.2.2.2.3.3.2.2.2",0.0114124343881562,FALSE,TRUE,42
"2.2.2.2.3.2.2.2.2.3.2.2.2.2.2.2.2.2.4.2.2.2",-0.0748094717268633,FALSE,TRUE,42
"2.2.2.2.3.2.2.2.2.3.2.2.2.2.2.2.2.2.3.3.2.2",0.0252044055893422,FALSE,TRUE,40
"2.2.2.2.3.2.2.2.2.3.2.2.2.2.2.2.2.2.3.2.3.2",0.0733104893335327,FALSE,TRUE,42
"2.2.2.2.3.2.2.2.2.3.2.2.2.2.2.2.2.2.3.2.2.3",0.0140822428068373,FALSE,TRUE,42
"1.2.2.2.3.2.2.2.2.3.2.2.2.2.2.2.2.2.3.2.2.2",0.203402095820921,FALSE,TRUE,41
"2.1.2.2.3.2.2.2.2.3.2.2.2.2.2.2.2.2.3.2.2.2",-0.275184889638006,FALSE,TRUE,41
"2.2.1.2.3.2.2.2.2.3.2.2.2.2.2.2.2.2.3.2.2.2",0.193941267377452,FALSE,TRUE,41
"2.2.2.1.3.2.2.2.2.3.2.2.2.2.2.2.2.2.3.2.2.2",-0.0460244458473827,FALSE,TRUE,40
"2.2.2.2.3.1.2.2.2.3.2.2.2.2.2.2.2.2.3.2.2.2",0.240809844203138,FALSE,TRUE,39
"2.2.2.2.3.2.1.2.2.3.2.2.2.2.2.2.2.2.3.2.2.2",0.11542408462269,FALSE,TRUE,40
"2.2.2.2.3.2.2.1.2.3.2.2.2.2.2.2.2.2.3.2.2.2",0.294150420392788,FALSE,TRUE,40
"2.2.2.2.3.2.2.2.1.3.2.2.2.2.2.2.2.2.3.2.2.2",-0.147660997763249,FALSE,TRUE,41
"2.2.2.2.3.2.2.2.2.2.2.2.2.2.2.2.2.2.3.2.2.2",0.288151231383777,FALSE,TRUE,40
"2.2.2.2.3.2.2.2.2.3.1.2.2.2.2.2.2.2.3.2.2.2",0.276659334007084,FALSE,TRUE,41
"2.2.2.2.3.2.2.2.2.3.2.1.2.2.2.2.2.2.3.2.2.2",0.36286093289581,FALSE,TRUE,41
"2.2.2.2.3.2.2.2.2.3.2.2.1.2.2.2.2.2.3.2.2.2",-0.293268112323714,FALSE,TRUE,41
"2.2.2.2.3.2.2.2.2.3.2.2.2.2.1.2.2.2.3.2.2.2",0.186247921117179,FALSE,TRUE,41
"2.2.2.2.3.2.2.2.2.3.2.2.2.2.2.1.2.2.3.2.2.2",0.13487668975616,FALSE,TRUE,41
"2.2.2.2.3.2.2.2.2.3.2.2.2.2.2.2.2.1.3.2.2.2",0.153590523908472,FALSE,TRUE,41
"2.2.2.2.3.2.2.2.2.3.2.2.2.2.2.2.2.2.3.1.2.2",0.0764918799414859,FALSE,TRUE,41
"2.2.2.2.3.2.2.2.2.3.2.2.2.2.2.2.2.2.3.2.1.2",0.0412842106018839,FALSE,TRUE,41
"2.2.2.2.3.2.2.2.2.3.2.2.2.2.2.2.2.2.3.2.2.1",0.264646687846129,FALSE,TRUE,41
"3.2.2.2.2.2.2.3.2.3.2.2.2.2.2.3.2.2.2.2.2.1",0.539006642876945,FALSE,TRUE,41
"2.3.2.2.2.2.2.3.2.3.2.2.2.2.2.3.2.2.2.2.2.1",0.538926309046525,FALSE,TRUE,41
"2.2.3.2.2.2.2.3.2.3.2.2.2.2.2.3.2.2.2.2.2.1",0.175348415002165,FALSE,TRUE,41
"2.2.2.3.2.2.2.3.2.3.2.2.2.2.2.3.2.2.2.2.2.1",0.303275575359555,FALSE,TRUE,41
"2.2.2.2.3.2.2.3.2.3.2.2.2.2.2.3.2.2.2.2.2.1",-0.0716157749206454,FALSE,TRUE,41
"2.2.2.2.2.3.2.3.2.3.2.2.2.2.2.3.2.2.2.2.2.1",-0.00312898276447568,FALSE,TRUE,40
"2.2.2.2.2.2.3.3.2.3.2.2.2.2.2.3.2.2.2.2.2.1",0.216991280526377,FALSE,TRUE,41
"2.2.2.2.2.2.2.4.2.3.2.2.2.2.2.3.2.2.2.2.2.1",0.220109922319208,FALSE,TRUE,42
"2.2.2.2.2.2.2.3.3.3.2.2.2.2.2.3.2.2.2.2.2.1",0.374132122470395,FALSE,TRUE,41
"2.2.2.2.2.2.2.3.2.4.2.2.2.2.2.3.2.2.2.2.2.1",0.026416832963436,FALSE,TRUE,41
"2.2.2.2.2.2.2.3.2.3.3.2.2.2.2.3.2.2.2.2.2.1",-0.071693725264008,FALSE,TRUE,41
"2.2.2.2.2.2.2.3.2.3.2.3.2.2.2.3.2.2.2.2.2.1",0.0335825014756955,FALSE,TRUE,41
"2.2.2.2.2.2.2.3.2.3.2.2.3.2.2.3.2.2.2.2.2.1",0.400979110171722,FALSE,TRUE,41
"2.2.2.2.2.2.2.3.2.3.2.2.2.3.2.3.2.2.2.2.2.1",0.290145570793968,FALSE,TRUE,41
"2.2.2.2.2.2.2.3.2.3.2.2.2.2.3.3.2.2.2.2.2.1",0.0804370371400387,FALSE,TRUE,41
"2.2.2.2.2.2.2.3.2.3.2.2.2.2.2.4.2.2.2.2.2.1",0.431851742022591,FALSE,TRUE,41
"2.2.2.2.2.2.2.3.2.3.2.2.2.2.2.3.3.2.2.2.2.1",0.0375974759612281,FALSE,TRUE,41
"2.2.2.2.2.2.2.3.2.3.2.2.2.2.2.3.2.3.2.2.2.1",0.371091932843508,FALSE,TRUE,41
"2.2.2.2.2.2.2.3.2.3.2.2.2.2.2.3.2.2.3.2.2.1",-0.0444792468441088,FALSE,TRUE,41
"2.2.2.2.2.2.2.3.2.3.2.2.2.2.2.3.2.2.2.3.2.1",-0.00395029777676251,FALSE,TRUE,41
"2.2.2.2.2.2.2.3.2.3.2.2.2.2.2.3.2.2.2.2.3.1",0.0576105095588805,FALSE,TRUE,41
"1.2.2.2.2.2.2.3.2.3.2.2.2.2.2.3.2.2.2.2.2.1",0.0982974454048352,FALSE,TRUE,40
"2.1.2.2.2.2.2.3.2.3.2.2.2.2.2.3.2.2.2.2.2.1",-0.0100647722979555,FALSE,TRUE,40
"2.2.1.2.2.2.2.3.2.3.2.2.2.2.2.3.2.2.2.2.2.1",0.237222214584355,FALSE,TRUE,40
"2.2.2.1.2.2.2.3.2.3.2.2.2.2.2.3.2.2.2.2.2.1",0.300686252278334,FALSE,TRUE,40
"2.2.2.2.1.2.2.3.2.3.2.2.2.2.2.3.2.2.2.2.2.1",0.465418267565898,FALSE,TRUE,40
"2.2.2.2.2.1.2.3.2.3.2.2.2.2.2.3.2.2.2.2.2.1",0.57777325466589,FALSE,TRUE,40
"2.2.2.2.2.2.1.3.2.3.2.2.2.2.2.3.2.2.2.2.2.1",0.226155200866917,FALSE,TRUE,40
"2.2.2.2.2.2.2.3.1.3.2.2.2.2.2.3.2.2.2.2.2.1",0.406711799767376,FALSE,TRUE,40
"2.2.2.2.2.2.2.3.2.2.2.2.2.2.2.3.2.2.2.2.2.1",0.422392350941859,FALSE,TRUE,39
"2.2.2.2.2.2.2.3.2.3.1.2.2.2.2.3.2.2.2.2.2.1",0.505438913046553,FALSE,TRUE,40
"2.2.2.2.2.2.2.3.2.3.2.1.2.2.2.3.2.2.2.2.2.1",0.614364973874002,FALSE,TRUE,40
"2.2.2.2.2.2.2.3.2.3.2.2.1.2.2.3.2.2.2.2.2.1",-0.020334104826566,FALSE,TRUE,40
"2.2.2.2.2.2.2.3.2.3.2.2.2.1.2.3.2.2.2.2.2.1",0.195815636348296,FALSE,TRUE,40
"2.2.2.2.2.2.2.3.2.3.2.2.2.2.1.3.2.2.2.2.2.1",0.514087309188601,FALSE,TRUE,40
"2.2.2.2.2.2.2.3.2.3.2.2.2.2.2.2.2.2.2.2.2.1",0.116185113616066,FALSE,TRUE,39
"2.2.2.2.2.2.2.3.2.3.2.2.2.2.2.3.1.2.2.2.2.1",0.442017454111204,FALSE,TRUE,40
"2.2.2.2.2.2.2.3.2.3.2.2.2.2.2.3.2.1.2.2.2.1",0.348566573957488,FALSE,TRUE,40
"2.2.2.2.2.2.2.3.2.3.2.2.2.2.2.3.2.2.1.2.2.1",0.353287126392784,FALSE,TRUE,40
"2.2.2.2.2.2.2.3.2.3.2.2.2.2.2.3.2.2.2.1.2.1",0.398015869045319,FALSE,TRUE,40
"2.2.2.2.2.2.2.3.2.3.2.2.2.2.2.3.2.2.2.2.1.1",0.548880539911056,FALSE,TRUE,40
"3.2.2.2.2.3.2.2.2.3.2.2.2.2.2.3.3.2.2.2.2.2",0.429840984367189,FALSE,TRUE,42
"2.3.2.2.2.3.2.2.2.3.2.2.2.2.2.3.3.2.2.2.2.2",0.143309451373081,FALSE,TRUE,42
"2.2.3.2.2.3.2.2.2.3.2.2.2.2.2.3.3.2.2.2.2.2",0.151657520484993,FALSE,TRUE,42
"2.2.2.3.2.3.2.2.2.3.2.2.2.2.2.3.3.2.2.2.2.2",-0.198531084267005,FALSE,TRUE,42
"2.2.2.2.3.3.2.2.2.3.2.2.2.2.2.3.3.2.2.2.2.2",0.176940591223243,FALSE,TRUE,42
"2.2.2.2.2.4.2.2.2.3.2.2.2.2.2.3.3.2.2.2.2.2",0.196467053125502,FALSE,TRUE,42
"2.2.2.2.2.3.3.2.2.3.2.2.2.2.2.3.3.2.2.2.2.2",-0.0669402565195298,FALSE,TRUE,42
"2.2.2.2.2.3.2.3.2.3.2.2.2.2.2.3.3.2.2.2.2.2",0.106360168413001,FALSE,TRUE,42
"2.2.2.2.2.3.2.2.3.3.2.2.2.2.2.3.3.2.2.2.2.2",0.0947964935424875,FALSE,TRUE,42
"2.2.2.2.2.3.2.2.2.4.2.2.2.2.2.3.3.2.2.2.2.2",0.0983046473419854,FALSE,TRUE,42
"2.2.2.2.2.3.2.2.2.3.3.2.2.2.2.3.3.2.2.2.2.2",-0.063599310301922,FALSE,TRUE,42
"2.2.2.2.2.3.2.2.2.3.2.3.2.2.2.3.3.2.2.2.2.2",0.372464191511345,FALSE,TRUE,42
"2.2.2.2.2.3.2.2.2.3.2.2.3.2.2.3.3.2.2.2.2.2",0.366079973901716,FALSE,TRUE,42
"2.2.2.2.2.3.2.2.2.3.2.2.2.3.2.3.3.2.2.2.2.2",0.0526684631407763,FALSE,TRUE,42
"2.2.2.2.2.3.2.2.2.3.2.2.2.2.3.3.3.2.2.2.2.2",-0.0566071035257284,FALSE,TRUE,42
"2.2.2.2.2.3.2.2.2.3.2.2.2.2.2.4.3.2.2.2.2.2",0.0322858300088961,FALSE,TRUE,42
"2.2.2.2.2.3.2.2.2.3.2.2.2.2.2.3.4.2.2.2.2.2",-0.0985354508796892,FALSE,TRUE,43
"2.2.2.2.2.3.2.2.2.3.2.2.2.2.2.3.3.3.2.2.2.2",0.256960055757239,FALSE,TRUE,42
"2.2.2.2.2.3.2.2.2.3.2.2.2.2.2.3.3.2.3.2.2.2",0.0588792121208429,FALSE,TRUE,42
"2.2.2.2.2.3.2.2.2.3.2.2.2.2.2.3.3.2.2.3.2.2",0.108626914089596,FALSE,TRUE,42
"2.2.2.2.2.3.2.2.2.3.2.2.2.2.2.3.3.2.2.2.3.2",0.0319140661459303,FALSE,TRUE,42
"2.2.2.2.2.3.2.2.2.3.2.2.2.2.2.3.3.2.2.2.2.3",0.260445170513982,FALSE,TRUE,42
"1.2.2.2.2.3.2.2.2.3.2.2.2.2.2.3.3.2.2.2.2.2",-0.102756599364923,FALSE,TRUE,41
"2.1.2.2.2.3.2.2.2.3.2.2.2.2.2.3.3.2.2.2.2.2",0.138898756850233,FALSE,TRUE,41
"2.2.1.2.2.3.2.2.2.3.2.2.2.2.2.3.3.2.2.2.2.2",-0.0562191110304573,FALSE,TRUE,41
"2.2.2.1.2.3.2.2.2.3.2.2.2.2.2.3.3.2.2.2.2.2",0.524446171360149,FALSE,TRUE,41
"2.2.2.2.1.3.2.2.2.3.2.2.2.2.2.3.3.2.2.2.2.2",0.0546958420242187,FALSE,TRUE,41
"2.2.2.2.2.3.1.2.2.3.2.2.2.2.2.3.3.2.2.2.2.2",0.320034977553366,FALSE,TRUE,41
"2.2.2.2.2.3.2.1.2.3.2.2.2.2.2.3.3.2.2.2.2.2",0.228791264501073,FALSE,TRUE,41
"2.2.2.2.2.3.2.2.1.3.2.2.2.2.2.3.3.2.2.2.2.2",0.29330550360773,FALSE,TRUE,41
"2.2.2.2.2.3.2.2.2.2.2.2.2.2.2.3.3.2.2.2.2.2",0.172302433438716,FALSE,TRUE,42
"2.2.2.2.2.3.2.2.2.3.1.2.2.2.2.3.3.2.2.2.2.2",0.207607609939346,FALSE,TRUE,41
"2.2.2.2.2.3.2.2.2.3.2.1.2.2.2.3.3.2.2.2.2.2",0.286050790503167,FALSE,TRUE,41
"2.2.2.2.2.3.2.2.2.3.2.2.1.2.2.3.3.2.2.2.2.2",-0.221717066934963,FALSE,TRUE,41
"2.2.2.2.2.3.2.2.2.3.2.2.2.1.2.3.3.2.2.2.2.2",0.000176991406002305,FALSE,TRUE,41
"2.2.2.2.2.3.2.2.2.3.2.2.2.2.1.3.3.2.2.2.2.2",0.436523790475672,FALSE,TRUE,41
"2.2.2.2.2.3.2.2.2.3.2.2.2.2.2.2.3.2.2.2.2.2",-0.000987372691816541,FALSE,TRUE,41
"2.2.2.2.2.3.2.2.2.3.2.2.2.2.2.3.3.1.2.2.2.2",0.102743793117701,FALSE,TRUE,41
"2.2.2.2.2.3.2.2.2.3.2.2.2.2.2.3.3.2.1.2.2.2",0.11695755609713,FALSE,TRUE,41
"2.2.2.2.2.3.2.2.2.3.2.2.2.2.2.3.3.2.2.1.2.2",0.216115979309976,FALSE,TRUE,41
"2.2.2.2.2.3.2.2.2.3.2.2.2.2.2.3.3.2.2.2.1.2",0.120534561776402,FALSE,TRUE,41
"2.2.2.2.2.3.2.2.2.3.2.2.2.2.2.3.3.2.2.2.2.1",0.0824735310222567,FALSE,TRUE,40
"3.2.2.2.2.2.3.2.2.3.2.2.3.2.2.2.1.3.2.1.2.2",0.176987688660908,FALSE,TRUE,40
"2.3.2.2.2.2.3.2.2.3.2.2.3.2.2.2.1.3.2.1.2.2",0.260881600587808,FALSE,TRUE,40
"2.2.3.2.2.2.3.2.2.3.2.2.3.2.2.2.1.3.2.1.2.2",0.134761952064567,FALSE,TRUE,40
"2.2.2.3.2.2.3.2.2.3.2.2.3.2.2.2.1.3.2.1.2.2",0.559752601461379,FALSE,TRUE,40
"2.2.2.2.3.2.3.2.2.3.2.2.3.2.2.2.1.3.2.1.2.2",-0.0464828714759065,FALSE,TRUE,40
"2.2.2.2.2.3.3.2.2.3.2.2.3.2.2.2.1.3.2.1.2.2",-0.0507870866333104,FALSE,TRUE,40
"2.2.2.2.2.2.3.3.2.3.2.2.3.2.2.2.1.3.2.1.2.2",0.124579186330415,FALSE,TRUE,40
"2.2.2.2.2.2.3.2.3.3.2.2.3.2.2.2.1.3.2.1.2.2",0.411456125729063,FALSE,TRUE,40
"2.2.2.2.2.2.3.2.2.4.2.2.3.2.2.2.1.3.2.1.2.2",0.0441281672692987,FALSE,TRUE,40
"2.2.2.2.2.2.3.2.2.3.3.2.3.2.2.2.1.3.2.1.2.2",0.327581273006822,FALSE,TRUE,40
"2.2.2.2.2.2.3.2.2.3.2.3.3.2.2.2.1.3.2.1.2.2",-0.0882639563208446,FALSE,TRUE,40
"2.2.2.2.2.2.3.2.2.3.2.2.4.2.2.2.1.3.2.1.2.2",0.0816074790743297,FALSE,TRUE,41
"2.2.2.2.2.2.3.2.2.3.2.2.3.3.2.2.1.3.2.1.2.2",0.555020444750996,FALSE,TRUE,40
"2.2.2.2.2.2.3.2.2.3.2.2.3.2.3.2.1.3.2.1.2.2",0.277638852032452,FALSE,TRUE,40
"2.2.2.2.2.2.3.2.2.3.2.2.3.2.2.3.1.3.2.1.2.2",0.171141039593225,FALSE,TRUE,40
"2.2.2.2.2.2.3.2.2.3.2.2.3.2.2.2.2.3.2.1.2.2",0.501896914528343,FALSE,TRUE,40
"2.2.2.2.2.2.3.2.2.3.2.2.3.2.2.2.1.4.2.1.2.2",0.361375388498385,FALSE,TRUE,40
"2.2.2.2.2.2.3.2.2.3.2.2.3.2.2.2.1.3.3.1.2.2",-0.105745438117877,FALSE,TRUE,40
"2.2.2.2.2.2.3.2.2.3.2.2.3.2.2.2.1.3.2.2.2.2",0.239494099966057,FALSE,TRUE,40
"2.2.2.2.2.2.3.2.2.3.2.2.3.2.2.2.1.3.2.1.3.2",0.187037287264548,FALSE,TRUE,40
"2.2.2.2.2.2.3.2.2.3.2.2.3.2.2.2.1.3.2.1.2.3",0.161596381552151,FALSE,TRUE,40
"1.2.2.2.2.2.3.2.2.3.2.2.3.2.2.2.1.3.2.1.2.2",0.470837151340162,FALSE,TRUE,39
"2.1.2.2.2.2.3.2.2.3.2.2.3.2.2.2.1.3.2.1.2.2",-0.0643262300513535,FALSE,TRUE,39
"2.2.1.2.2.2.3.2.2.3.2.2.3.2.2.2.1.3.2.1.2.2",0.585681950982153,FALSE,TRUE,39
"2.2.2.1.2.2.3.2.2.3.2.2.3.2.2.2.1.3.2.1.2.2",-0.122702066716517,FALSE,TRUE,39
"2.2.2.2.1.2.3.2.2.3.2.2.3.2.2.2.1.3.2.1.2.2",0.322489536310448,FALSE,TRUE,39
"2.2.2.2.2.1.3.2.2.3.2.2.3.2.2.2.1.3.2.1.2.2",0.36059232071685,FALSE,TRUE,39
"2.2.2.2.2.2.2.2.2.3.2.2.3.2.2.2.1.3.2.1.2.2",0.0693842553357953,FALSE,TRUE,40
"2.2.2.2.2.2.3.1.2.3.2.2.3.2.2.2.1.3.2.1.2.2",0.334755250270047,FALSE,TRUE,39
"2.2.2.2.2.2.3.2.1.3.2.2.3.2.2.2.1.3.2.1.2.2",0.378313831210121,FALSE,TRUE,39
"2.2.2.2.2.2.3.2.2.2.2.2.3.2.2.2.1.3.2.1.2.2",0.0705531077122375,FALSE,TRUE,40
"2.2.2.2.2.2.3.2.2.3.1.2.3.2.2.2.1.3.2.1.2.2",-0.0104485663271119,FALSE,TRUE,39
"2.2.2.2.2.2.3.2.2.3.2.1.3.2.2.2.1.3.2.1.2.2",0.32776709208074,FALSE,TRUE,39
"2.2.2.2.2.2.3.2.2.3.2.2.3.1.2.2.1.3.2.1.2.2",0.185266759585748,FALSE,TRUE,39
"2.2.2.2.2.2.3.2.2.3.2.2.3.2.1.2.1.3.2.1.2.2",0.0846224960759422,FALSE,TRUE,39
"2.2.2.2.2.2.3.2.2.3.2.2.3.2.2.1.1.3.2.1.2.2",0.34472947151158,FALSE,TRUE,39
"2.2.2.2.2.2.3.2.2.3.2.2.3.2.2.2.1.3.1.1.2.2",0.162118573281814,FALSE,TRUE,39
"2.2.2.2.2.2.3.2.2.3.2.2.3.2.2.2.1.3.2.1.1.2",0.102188441652475,FALSE,TRUE,39
"2.2.2.2.2.2.3.2.2.3.2.2.3.2.2.2.1.3.2.1.2.1",0.516547999792338,FALSE,TRUE,39
"4.2.2.2.2.2.3.2.2.3.2.2.2.2.2.2.2.2.2.1.2.2",0.225173200153719,FALSE,TRUE,42
"3.3.2.2.2.2.3.2.2.3.2.2.2.2.2.2.2.2.2.1.2.2",0.693359175368266,FALSE,TRUE,41
"3.2.3.2.2.2.3.2.2.3.2.2.2.2.2.2.2.2.2.1.2.2",-0.0811973363697986,FALSE,TRUE,41
"3.2.2.3.2.2.3.2.2.3.2.2.2.2.2.2.2.2.2.1.2.2",0.528408147993565,FALSE,TRUE,41
"3.2.2.2.3.2.3.2.2.3.2.2.2.2.2.2.2.2.2.1.2.2",0.18598137429683,FALSE,TRUE,41
"3.2.2.2.2.3.3.2.2.3.2.2.2.2.2.2.2.2.2.1.2.2",0.287965053868563,FALSE,TRUE,41
"3.2.2.2.2.2.3.3.2.3.2.2.2.2.2.2.2.2.2.1.2.2",0.38276382298185,FALSE,TRUE,41
"3.2.2.2.2.2.3.2.3.3.2.2.2.2.2.2.2.2.2.1.2.2",0.088269826685682,FALSE,TRUE,41
"3.2.2.2.2.2.3.2.2.4.2.2.2.2.2.2.2.2.2.1.2.2",-0.184382789026294,FALSE,TRUE,41
"3.2.2.2.2.2.3.2.2.3.3.2.2.2.2.2.2.2.2.1.2.2",0.12782888399537,FALSE,TRUE,41
"3.2.2.2.2.2.3.2.2.3.2.3.2.2.2.2.2.2.2.1.2.2",0.30694028006382,FALSE,TRUE,41
"3.2.2.2.2.2.3.2.2.3.2.2.3.2.2.2.2.2.2.1.2.2",0.310319546714475,FALSE,TRUE,39
"3.2.2.2.2.2.3.2.2.3.2.2.2.3.2.2.2.2.2.1.2.2",0.491056534166015,FALSE,TRUE,41
"3.2.2.2.2.2.3.2.2.3.2.2.2.2.3.2.2.2.2.1.2.2",0.606147476812827,FALSE,TRUE,41
"3.2.2.2.2.2.3.2.2.3.2.2.2.2.2.3.2.2.2.1.2.2",0.318627732961292,FALSE,TRUE,41
"3.2.2.2.2.2.3.2.2.3.2.2.2.2.2.2.3.2.2.1.2.2",0.370679680228616,FALSE,TRUE,41
"3.2.2.2.2.2.3.2.2.3.2.2.2.2.2.2.2.3.2.1.2.2",0.567287995067455,FALSE,TRUE,40
"3.2.2.2.2.2.3.2.2.3.2.2.2.2.2.2.2.2.3.1.2.2",0.0990759239826281,FALSE,TRUE,40
"3.2.2.2.2.2.3.2.2.3.2.2.2.2.2.2.2.2.2.2.2.2",0.421965700414629,FALSE,TRUE,39
"3.2.2.2.2.2.3.2.2.3.2.2.2.2.2.2.2.2.2.1.3.2",0.163131573131053,FALSE,TRUE,41
"3.2.2.2.2.2.3.2.2.3.2.2.2.2.2.2.2.2.2.1.2.3",0.180485896464896,FALSE,TRUE,41
"3.1.2.2.2.2.3.2.2.3.2.2.2.2.2.2.2.2.2.1.2.2",-0.204755448878033,FALSE,TRUE,40
"3.2.1.2.2.2.3.2.2.3.2.2.2.2.2.2.2.2.2.1.2.2",0.549972409940889,FALSE,TRUE,40
"3.2.2.1.2.2.3.2.2.3.2.2.2.2.2.2.2.2.2.1.2.2",0.000814824342854625,FALSE,TRUE,40
"3.2.2.2.1.2.3.2.2.3.2.2.2.2.2.2.2.2.2.1.2.2",0.221277300398414,FALSE,TRUE,40
"3.2.2.2.2.1.3.2.2.3.2.2.2.2.2.2.2.2.2.1.2.2",0.484122892711008,FALSE,TRUE,40
"3.2.2.2.2.2.2.2.2.3.2.2.2.2.2.2.2.2.2.1.2.2",0.175347532879485,FALSE,TRUE,37
"3.2.2.2.2.2.3.1.2.3.2.2.2.2.2.2.2.2.2.1.2.2",0.205718865978486,FALSE,TRUE,40
"3.2.2.2.2.2.3.2.1.3.2.2.2.2.2.2.2.2.2.1.2.2",0.575724812913866,FALSE,TRUE,40
"3.2.2.2.2.2.3.2.2.2.2.2.2.2.2.2.2.2.2.1.2.2",0.648289843490935,FALSE,TRUE,40
"3.2.2.2.2.2.3.2.2.3.1.2.2.2.2.2.2.2.2.1.2.2",0.165722790632123,FALSE,TRUE,40
"3.2.2.2.2.2.3.2.2.3.2.1.2.2.2.2.2.2.2.1.2.2",0.20513905289016,FALSE,TRUE,40
"3.2.2.2.2.2.3.2.2.3.2.2.1.2.2.2.2.2.2.1.2.2",0.280825240263108,FALSE,TRUE,40
"3.2.2.2.2.2.3.2.2.3.2.2.2.1.2.2.2.2.2.1.2.2",0.016721835404765,FALSE,TRUE,40
"3.2.2.2.2.2.3.2.2.3.2.2.2.2.1.2.2.2.2.1.2.2",0.0636548722200974,FALSE,TRUE,40
"3.2.2.2.2.2.3.2.2.3.2.2.2.2.2.1.2.2.2.1.2.2",0.138250541085784,FALSE,TRUE,40
"3.2.2.2.2.2.3.2.2.3.2.2.2.2.2.2.2.1.2.1.2.2",0.0491708772339681,FALSE,TRUE,40
"3.2.2.2.2.2.3.2.2.3.2.2.2.2.2.2.2.2.1.1.2.2",0.329206560479228,FALSE,TRUE,40
"3.2.2.2.2.2.3.2.2.3.2.2.2.2.2.2.2.2.2.1.1.2",0.224643853326883,FALSE,TRUE,40
"3.2.2.2.2.2.3.2.2.3.2.2.2.2.2.2.2.2.2.1.2.1",0.764839876213557,FALSE,TRUE,40
"3.2.2.2.3.1.2.2.2.3.2.2.3.2.2.2.2.2.3.2.2.2",0.211556583963383,FALSE,TRUE,41
"2.3.2.2.3.1.2.2.2.3.2.2.3.2.2.2.2.2.3.2.2.2",0.130943588195228,FALSE,TRUE,41
"2.2.3.2.3.1.2.2.2.3.2.2.3.2.2.2.2.2.3.2.2.2",-0.111075302089002,FALSE,TRUE,41
"2.2.2.3.3.1.2.2.2.3.2.2.3.2.2.2.2.2.3.2.2.2",0.127764318126541,FALSE,TRUE,41
"2.2.2.2.4.1.2.2.2.3.2.2.3.2.2.2.2.2.3.2.2.2",-0.0782301359671049,FALSE,TRUE,41
"2.2.2.2.3.1.3.2.2.3.2.2.3.2.2.2.2.2.3.2.2.2",0.0201077838113185,FALSE,TRUE,41
"2.2.2.2.3.1.2.3.2.3.2.2.3.2.2.2.2.2.3.2.2.2",0.114352216870708,FALSE,TRUE,41
"2.2.2.2.3.1.2.2.3.3.2.2.3.2.2.2.2.2.3.2.2.2",0.119918327080774,FALSE,TRUE,41
"2.2.2.2.3.1.2.2.2.4.2.2.3.2.2.2.2.2.3.2.2.2",0.0632943719350298,FALSE,TRUE,41
"2.2.2.2.3.1.2.2.2.3.3.2.3.2.2.2.2.2.3.2.2.2",0.0877889949107844,FALSE,TRUE,41
"2.2.2.2.3.1.2.2.2.3.2.3.3.2.2.2.2.2.3.2.2.2",-0.0278128932165765,FALSE,TRUE,41
"2.2.2.2.3.1.2.2.2.3.2.2.4.2.2.2.2.2.3.2.2.2",0.215618156607146,FALSE,TRUE,41
"2.2.2.2.3.1.2.2.2.3.2.2.3.3.2.2.2.2.3.2.2.2",0.228418486555753,FALSE,TRUE,41
"2.2.2.2.3.1.2.2.2.3.2.2.3.2.3.2.2.2.3.2.2.2",0.199980630113207,FALSE,TRUE,41
"2.2.2.2.3.1.2.2.2.3.2.2.3.2.2.3.2.2.3.2.2.2",0.0174804725985922,FALSE,TRUE,41
"2.2.2.2.3.1.2.2.2.3.2.2.3.2.2.2.3.2.3.2.2.2",0.0842437328009628,FALSE,TRUE,41
"2.2.2.2.3.1.2.2.2.3.2.2.3.2.2.2.2.3.3.2.2.2",0.1167378097425,FALSE,TRUE,41
"2.2.2.2.3.1.2.2.2.3.2.2.3.2.2.2.2.2.4.2.2.2",-0.205655434519811,FALSE,TRUE,42
"2.2.2.2.3.1.2.2.2.3.2.2.3.2.2.2.2.2.3.3.2.2",0.0329620297984304,FALSE,TRUE,41
"2.2.2.2.3.1.2.2.2.3.2.2.3.2.2.2.2.2.3.2.3.2",-0.160371734322679,FALSE,TRUE,41
"2.2.2.2.3.1.2.2.2.3.2.2.3.2.2.2.2.2.3.2.2.3",-0.108100464880546,FALSE,TRUE,41
"1.2.2.2.3.1.2.2.2.3.2.2.3.2.2.2.2.2.3.2.2.2",0.184215079447075,FALSE,TRUE,40
"2.1.2.2.3.1.2.2.2.3.2.2.3.2.2.2.2.2.3.2.2.2",0.0205136709933021,FALSE,TRUE,40
"2.2.1.2.3.1.2.2.2.3.2.2.3.2.2.2.2.2.3.2.2.2",0.0233137549408144,FALSE,TRUE,40
"2.2.2.1.3.1.2.2.2.3.2.2.3.2.2.2.2.2.3.2.2.2",0.0244892044969266,FALSE,TRUE,40
"2.2.2.2.2.1.2.2.2.3.2.2.3.2.2.2.2.2.3.2.2.2",0.188294267363753,FALSE,TRUE,39
"2.2.2.2.3.1.1.2.2.3.2.2.3.2.2.2.2.2.3.2.2.2",0.313172272241426,FALSE,TRUE,40
"2.2.2.2.3.1.2.1.2.3.2.2.3.2.2.2.2.2.3.2.2.2",-0.261820267334702,FALSE,TRUE,40
"2.2.2.2.3.1.2.2.1.3.2.2.3.2.2.2.2.2.3.2.2.2",-0.0756240521983915,FALSE,TRUE,40
"2.2.2.2.3.1.2.2.2.2.2.2.3.2.2.2.2.2.3.2.2.2",0.0991028463277765,FALSE,TRUE,41
"2.2.2.2.3.1.2.2.2.3.1.2.3.2.2.2.2.2.3.2.2.2",0.250329465633811,FALSE,TRUE,40
"2.2.2.2.3.1.2.2.2.3.2.1.3.2.2.2.2.2.3.2.2.2",0.0872404209903445,FALSE,TRUE,40
"2.2.2.2.3.1.2.2.2.3.2.2.3.1.2.2.2.2.3.2.2.2",0.115788950545021,FALSE,TRUE,40
"2.2.2.2.3.1.2.2.2.3.2.2.3.2.1.2.2.2.3.2.2.2",0.167659172985812,FALSE,TRUE,40
"2.2.2.2.3.1.2.2.2.3.2.2.3.2.2.1.2.2.3.2.2.2",0.298800106030759,FALSE,TRUE,40
"2.2.2.2.3.1.2.2.2.3.2.2.3.2.2.2.1.2.3.2.2.2",0.0554326810010108,FALSE,TRUE,40
"2.2.2.2.3.1.2.2.2.3.2.2.3.2.2.2.2.1.3.2.2.2",0.136073517169635,FALSE,TRUE,40
"2.2.2.2.3.1.2.2.2.3.2.2.3.2.2.2.2.2.3.1.2.2",0.290051984507507,FALSE,TRUE,40
"2.2.2.2.3.1.2.2.2.3.2.2.3.2.2.2.2.2.3.2.1.2",-0.0297619395799678,FALSE,TRUE,40
"2.2.2.2.3.1.2.2.2.3.2.2.3.2.2.2.2.2.3.2.2.1",0.142713162727189,FALSE,TRUE,40
"3.2.2.2.2.2.2.2.1.3.2.3.3.2.2.2.2.2.2.2.2.2",0.322964336025765,FALSE,TRUE,40
"2.3.2.2.2.2.2.2.1.3.2.3.3.2.2.2.2.2.2.2.2.2",0.014454535484293,FALSE,TRUE,41
"2.2.3.2.2.2.2.2.1.3.2.3.3.2.2.2.2.2.2.2.2.2",0.61054906378688,FALSE,TRUE,41
"2.2.2.3.2.2.2.2.1.3.2.3.3.2.2.2.2.2.2.2.2.2",0.20096182918747,FALSE,TRUE,41
"2.2.2.2.3.2.2.2.1.3.2.3.3.2.2.2.2.2.2.2.2.2",0.287272529565624,FALSE,TRUE,40
"2.2.2.2.2.3.2.2.1.3.2.3.3.2.2.2.2.2.2.2.2.2",0.1629005497123,FALSE,TRUE,41
"2.2.2.2.2.2.3.2.1.3.2.3.3.2.2.2.2.2.2.2.2.2",0.210724105944288,FALSE,TRUE,41
"2.2.2.2.2.2.2.3.1.3.2.3.3.2.2.2.2.2.2.2.2.2",0.178611759008742,FALSE,TRUE,41
"2.2.2.2.2.2.2.2.1.4.2.3.3.2.2.2.2.2.2.2.2.2",0.200686436150266,FALSE,TRUE,41
"2.2.2.2.2.2.2.2.1.3.3.3.3.2.2.2.2.2.2.2.2.2",0.285168050835574,FALSE,TRUE,41
"2.2.2.2.2.2.2.2.1.3.2.4.3.2.2.2.2.2.2.2.2.2",0.17765533588726,FALSE,TRUE,42
"2.2.2.2.2.2.2.2.1.3.2.3.4.2.2.2.2.2.2.2.2.2",0.136449257102256,FALSE,TRUE,41
"2.2.2.2.2.2.2.2.1.3.2.3.3.3.2.2.2.2.2.2.2.2",0.355982429886367,FALSE,TRUE,41
"2.2.2.2.2.2.2.2.1.3.2.3.3.2.3.2.2.2.2.2.2.2",0.032543814596278,FALSE,TRUE,41
"2.2.2.2.2.2.2.2.1.3.2.3.3.2.2.3.2.2.2.2.2.2",0.363305615914044,FALSE,TRUE,41
"2.2.2.2.2.2.2.2.1.3.2.3.3.2.2.2.3.2.2.2.2.2",0.193513546896844,FALSE,TRUE,41
"2.2.2.2.2.2.2.2.1.3.2.3.3.2.2.2.2.3.2.2.2.2",0.197449745504563,FALSE,TRUE,41
"2.2.2.2.2.2.2.2.1.3.2.3.3.2.2.2.2.2.3.2.2.2",0.240612554201347,FALSE,TRUE,41
"2.2.2.2.2.2.2.2.1.3.2.3.3.2.2.2.2.2.2.3.2.2",-0.0635641782098145,FALSE,TRUE,41
"2.2.2.2.2.2.2.2.1.3.2.3.3.2.2.2.2.2.2.2.3.2",0.132756747539225,FALSE,TRUE,41
"2.2.2.2.2.2.2.2.1.3.2.3.3.2.2.2.2.2.2.2.2.3",0.558886725110321,FALSE,TRUE,41
"1.2.2.2.2.2.2.2.1.3.2.3.3.2.2.2.2.2.2.2.2.2",0.425264838621157,FALSE,TRUE,40
"2.1.2.2.2.2.2.2.1.3.2.3.3.2.2.2.2.2.2.2.2.2",0.30204494533437,FALSE,TRUE,40
"2.2.1.2.2.2.2.2.1.3.2.3.3.2.2.2.2.2.2.2.2.2",-0.0565797698079611,FALSE,TRUE,40
"2.2.2.1.2.2.2.2.1.3.2.3.3.2.2.2.2.2.2.2.2.2",0.294527374428468,FALSE,TRUE,40
"2.2.2.2.1.2.2.2.1.3.2.3.3.2.2.2.2.2.2.2.2.2",0.152618294349609,FALSE,TRUE,40
"2.2.2.2.2.1.2.2.1.3.2.3.3.2.2.2.2.2.2.2.2.2",0.261114991288254,FALSE,TRUE,40
"2.2.2.2.2.2.1.2.1.3.2.3.3.2.2.2.2.2.2.2.2.2",0.140693101661002,FALSE,TRUE,40
"2.2.2.2.2.2.2.1.1.3.2.3.3.2.2.2.2.2.2.2.2.2",0.422348616918362,FALSE,TRUE,40
"2.2.2.2.2.2.2.2.1.2.2.3.3.2.2.2.2.2.2.2.2.2",0.0653416027770159,FALSE,TRUE,41
"2.2.2.2.2.2.2.2.1.3.1.3.3.2.2.2.2.2.2.2.2.2",0.233753353544646,FALSE,TRUE,40
"2.2.2.2.2.2.2.2.1.3.2.3.2.2.2.2.2.2.2.2.2.2",0.451970041414676,FALSE,TRUE,40
"2.2.2.2.2.2.2.2.1.3.2.3.3.1.2.2.2.2.2.2.2.2",0.410253309360366,FALSE,TRUE,40
"2.2.2.2.2.2.2.2.1.3.2.3.3.2.1.2.2.2.2.2.2.2",0.403348966145441,FALSE,TRUE,40
"2.2.2.2.2.2.2.2.1.3.2.3.3.2.2.1.2.2.2.2.2.2",0.178452607271381,FALSE,TRUE,40
"2.2.2.2.2.2.2.2.1.3.2.3.3.2.2.2.1.2.2.2.2.2",0.196514676399203,FALSE,TRUE,40
"2.2.2.2.2.2.2.2.1.3.2.3.3.2.2.2.2.1.2.2.2.2",0.434996880378672,FALSE,TRUE,40
"2.2.2.2.2.2.2.2.1.3.2.3.3.2.2.2.2.2.1.2.2.2",-0.0857171051739078,FALSE,TRUE,40
"2.2.2.2.2.2.2.2.1.3.2.3.3.2.2.2.2.2.2.1.2.2",0.483878087352823,FALSE,TRUE,40
"2.2.2.2.2.2.2.2.1.3.2.3.3.2.2.2.2.2.2.2.1.2",0.140885066657657,FALSE,TRUE,40
"2.2.2.2.2.2.2.2.1.3.2.3.3.2.2.2.2.2.2.2.2.1",0.110467741967688,FALSE,TRUE,40
"2.3.2.2.1.2.4.2.2.3.2.2.2.2.2.2.1.2.2.1.2.2",-0.0650190572788736,FALSE,TRUE,39
"2.2.3.2.1.2.4.2.2.3.2.2.2.2.2.2.1.2.2.1.2.2",0.58531929174812,FALSE,TRUE,39
"2.2.2.3.1.2.4.2.2.3.2.2.2.2.2.2.1.2.2.1.2.2",-0.275015658246525,FALSE,TRUE,39
"2.2.2.2.1.3.4.2.2.3.2.2.2.2.2.2.1.2.2.1.2.2",0.203504185915211,FALSE,TRUE,39
"2.2.2.2.1.2.5.2.2.3.2.2.2.2.2.2.1.2.2.1.2.2",0.0553090165943887,FALSE,TRUE,39
"2.2.2.2.1.2.4.3.2.3.2.2.2.2.2.2.1.2.2.1.2.2",0.246872658900001,FALSE,TRUE,39
"2.2.2.2.1.2.4.2.3.3.2.2.2.2.2.2.1.2.2.1.2.2",0.139360033640172,FALSE,TRUE,39
"2.2.2.2.1.2.4.2.2.4.2.2.2.2.2.2.1.2.2.1.2.2",0.222617544339803,FALSE,TRUE,39
"2.2.2.2.1.2.4.2.2.3.3.2.2.2.2.2.1.2.2.1.2.2",0.312263776556693,FALSE,TRUE,39
"2.2.2.2.1.2.4.2.2.3.2.3.2.2.2.2.1.2.2.1.2.2",0.444165998777593,FALSE,TRUE,39
"2.2.2.2.1.2.4.2.2.3.2.2.2.3.2.2.1.2.2.1.2.2",0.146077009259375,FALSE,TRUE,39
"2.2.2.2.1.2.4.2.2.3.2.2.2.2.3.2.1.2.2.1.2.2",-0.024431765650202,FALSE,TRUE,39
"2.2.2.2.1.2.4.2.2.3.2.2.2.2.2.3.1.2.2.1.2.2",0.223122168998289,FALSE,TRUE,39
"2.2.2.2.1.2.4.2.2.3.2.2.2.2.2.2.2.2.2.1.2.2",-0.137632079558397,FALSE,TRUE,39
"2.2.2.2.1.2.4.2.2.3.2.2.2.2.2.2.1.3.2.1.2.2",0.24467666605992,FALSE,TRUE,38
"2.2.2.2.1.2.4.2.2.3.2.2.2.2.2.2.1.2.3.1.2.2",0.313623723495794,FALSE,TRUE,39
"2.2.2.2.1.2.4.2.2.3.2.2.2.2.2.2.1.2.2.2.2.2",-0.0307664656384335,FALSE,TRUE,39
"2.2.2.2.1.2.4.2.2.3.2.2.2.2.2.2.1.2.2.1.3.2",0.329599889865362,FALSE,TRUE,38
"2.2.2.2.1.2.4.2.2.3.2.2.2.2.2.2.1.2.2.1.2.3",0.500163477876664,FALSE,TRUE,39
"1.2.2.2.1.2.4.2.2.3.2.2.2.2.2.2.1.2.2.1.2.2",0.0501022273037378,FALSE,TRUE,38
"2.1.2.2.1.2.4.2.2.3.2.2.2.2.2.2.1.2.2.1.2.2",0.435165272395632,FALSE,TRUE,38
"2.2.1.2.1.2.4.2.2.3.2.2.2.2.2.2.1.2.2.1.2.2",-0.377035027268583,FALSE,TRUE,38
"2.2.2.1.1.2.4.2.2.3.2.2.2.2.2.2.1.2.2.1.2.2",0.658339619893952,FALSE,TRUE,38
"2.2.2.2.1.1.4.2.2.3.2.2.2.2.2.2.1.2.2.1.2.2",-0.192445729011101,FALSE,TRUE,38
"2.2.2.2.1.2.4.1.2.3.2.2.2.2.2.2.1.2.2.1.2.2",0.143051229223736,FALSE,TRUE,38
"2.2.2.2.1.2.4.2.1.3.2.2.2.2.2.2.1.2.2.1.2.2",0.0397648256861892,FALSE,TRUE,38
"2.2.2.2.1.2.4.2.2.2.2.2.2.2.2.2.1.2.2.1.2.2",-0.0588115830991036,FALSE,TRUE,39
"2.2.2.2.1.2.4.2.2.3.1.2.2.2.2.2.1.2.2.1.2.2",-0.173880798998241,FALSE,TRUE,38
"2.2.2.2.1.2.4.2.2.3.2.1.2.2.2.2.1.2.2.1.2.2",-0.147152356318747,FALSE,TRUE,38
"2.2.2.2.1.2.4.2.2.3.2.2.1.2.2.2.1.2.2.1.2.2",0.00822263337767786,FALSE,TRUE,38
"2.2.2.2.1.2.4.2.2.3.2.2.2.1.2.2.1.2.2.1.2.2",-0.224008890517878,FALSE,TRUE,38
"2.2.2.2.1.2.4.2.2.3.2.2.2.2.2.1.1.2.2.1.2.2",-0.0860675605858284,FALSE,TRUE,38
"2.2.2.2.1.2.4.2.2.3.2.2.2.2.2.2.1.1.2.1.2.2",-0.0199944176407236,FALSE,TRUE,38
"2.2.2.2.1.2.4.2.2.3.2.2.2.2.2.2.1.2.1.1.2.2",-0.1160704052966,FALSE,TRUE,38
"2.2.2.2.1.2.4.2.2.3.2.2.2.2.2.2.1.2.2.1.1.2",0.178944207022678,FALSE,TRUE,38
"2.2.2.2.1.2.4.2.2.3.2.2.2.2.2.2.1.2.2.1.2.1",-0.0506599417634121,FALSE,TRUE,38
"3.2.2.2.2.2.2.2.2.2.3.2.2.2.2.2.2.2.2.1.1.2",-0.212985292373984,FALSE,TRUE,40
"2.3.2.2.2.2.2.2.2.2.3.2.2.2.2.2.2.2.2.1.1.2",-0.127250517661027,FALSE,TRUE,40
"2.2.3.2.2.2.2.2.2.2.3.2.2.2.2.2.2.2.2.1.1.2",-0.224347196066134,FALSE,TRUE,40
"2.2.2.3.2.2.2.2.2.2.3.2.2.2.2.2.2.2.2.1.1.2",0.0643065293721694,FALSE,TRUE,40
"2.2.2.2.3.2.2.2.2.2.3.2.2.2.2.2.2.2.2.1.1.2",-0.357689303798865,FALSE,TRUE,40
"2.2.2.2.2.3.2.2.2.2.3.2.2.2.2.2.2.2.2.1.1.2",-0.0456441004405765,FALSE,TRUE,40
"2.2.2.2.2.2.3.2.2.2.3.2.2.2.2.2.2.2.2.1.1.2",0.288034250074019,FALSE,TRUE,40
"2.2.2.2.2.2.2.3.2.2.3.2.2.2.2.2.2.2.2.1.1.2",0.107140490721516,FALSE,TRUE,40
"2.2.2.2.2.2.2.2.3.2.3.2.2.2.2.2.2.2.2.1.1.2",0.113131011177195,FALSE,TRUE,40
"2.2.2.2.2.2.2.2.2.3.3.2.2.2.2.2.2.2.2.1.1.2",0.581934817974448,FALSE,TRUE,40
"2.2.2.2.2.2.2.2.2.2.4.2.2.2.2.2.2.2.2.1.1.2",0.152363591317507,FALSE,TRUE,40
"2.2.2.2.2.2.2.2.2.2.3.3.2.2.2.2.2.2.2.1.1.2",-0.118445071546716,FALSE,TRUE,40
"2.2.2.2.2.2.2.2.2.2.3.2.3.2.2.2.2.2.2.1.1.2",-0.0874299712094524,FALSE,TRUE,40
"2.2.2.2.2.2.2.2.2.2.3.2.2.3.2.2.2.2.2.1.1.2",-0.0136480394518182,FALSE,TRUE,40
"2.2.2.2.2.2.2.2.2.2.3.2.2.2.3.2.2.2.2.1.1.2",0.441787510823491,FALSE,TRUE,40
"2.2.2.2.2.2.2.2.2.2.3.2.2.2.2.3.2.2.2.1.1.2",0.0233110966109672,FALSE,TRUE,40
"2.2.2.2.2.2.2.2.2.2.3.2.2.2.2.2.3.2.2.1.1.2",-0.128524959876402,FALSE,TRUE,40
"2.2.2.2.2.2.2.2.2.2.3.2.2.2.2.2.2.3.2.1.1.2",-0.0869843806196119,FALSE,TRUE,40
"2.2.2.2.2.2.2.2.2.2.3.2.2.2.2.2.2.2.3.1.1.2",-0.0817193521622566,FALSE,TRUE,40
"2.2.2.2.2.2.2.2.2.2.3.2.2.2.2.2.2.2.2.2.1.2",-0.121523785003688,FALSE,TRUE,40
"2.2.2.2.2.2.2.2.2.2.3.2.2.2.2.2.2.2.2.1.1.3",0.0271968682921897,FALSE,TRUE,40
"1.2.2.2.2.2.2.2.2.2.3.2.2.2.2.2.2.2.2.1.1.2",0.226389530089171,FALSE,TRUE,39
"2.1.2.2.2.2.2.2.2.2.3.2.2.2.2.2.2.2.2.1.1.2",0.378681856369141,FALSE,TRUE,39
"2.2.1.2.2.2.2.2.2.2.3.2.2.2.2.2.2.2.2.1.1.2",0.252857654254152,FALSE,TRUE,39
"2.2.2.1.2.2.2.2.2.2.3.2.2.2.2.2.2.2.2.1.1.2",-0.0116103884310767,FALSE,TRUE,39
"2.2.2.2.1.2.2.2.2.2.3.2.2.2.2.2.2.2.2.1.1.2",0.274454197504051,FALSE,TRUE,39
"2.2.2.2.2.1.2.2.2.2.3.2.2.2.2.2.2.2.2.1.1.2",0.161809614279848,FALSE,TRUE,39
"2.2.2.2.2.2.1.2.2.2.3.2.2.2.2.2.2.2.2.1.1.2",-0.106704849093894,FALSE,TRUE,39
"2.2.2.2.2.2.2.1.2.2.3.2.2.2.2.2.2.2.2.1.1.2",-0.0519598957177181,FALSE,TRUE,39
"2.2.2.2.2.2.2.2.1.2.3.2.2.2.2.2.2.2.2.1.1.2",-0.102208502984589,FALSE,TRUE,39
"2.2.2.2.2.2.2.2.2.1.3.2.2.2.2.2.2.2.2.1.1.2",-0.337712810896149,FALSE,TRUE,39
"2.2.2.2.2.2.2.2.2.2.3.1.2.2.2.2.2.2.2.1.1.2",0.112518412724543,FALSE,TRUE,39
"2.2.2.2.2.2.2.2.2.2.3.2.1.2.2.2.2.2.2.1.1.2",0.344711292655377,FALSE,TRUE,39
"2.2.2.2.2.2.2.2.2.2.3.2.2.1.2.2.2.2.2.1.1.2",-0.177195414826032,FALSE,TRUE,39
"2.2.2.2.2.2.2.2.2.2.3.2.2.2.1.2.2.2.2.1.1.2",-0.0398606498609434,FALSE,TRUE,39
"2.2.2.2.2.2.2.2.2.2.3.2.2.2.2.1.2.2.2.1.1.2",0.152051281226534,FALSE,TRUE,39
"2.2.2.2.2.2.2.2.2.2.3.2.2.2.2.2.1.2.2.1.1.2",0.0990396207055575,FALSE,TRUE,39
"2.2.2.2.2.2.2.2.2.2.3.2.2.2.2.2.2.1.2.1.1.2",0.018423259994581,FALSE,TRUE,39
"2.2.2.2.2.2.2.2.2.2.3.2.2.2.2.2.2.2.1.1.1.2",0.24641963535948,FALSE,TRUE,39
"2.2.2.2.2.2.2.2.2.2.3.2.2.2.2.2.2.2.2.1.1.1",0.183996183903942,FALSE,TRUE,39
"3.2.2.2.2.2.2.2.2.3.2.2.2.2.2.2.2.2.3.1.2.2",0.429692945817158,FALSE,TRUE,39
"2.3.2.2.2.2.2.2.2.3.2.2.2.2.2.2.2.2.3.1.2.2",0.500797333968249,FALSE,TRUE,41
"2.2.3.2.2.2.2.2.2.3.2.2.2.2.2.2.2.2.3.1.2.2",0.1554952132901,FALSE,TRUE,41
"2.2.2.3.2.2.2.2.2.3.2.2.2.2.2.2.2.2.3.1.2.2",0.128022134633865,FALSE,TRUE,41
"2.2.2.2.2.3.2.2.2.3.2.2.2.2.2.2.2.2.3.1.2.2",0.454256162877004,FALSE,TRUE,41
"2.2.2.2.2.2.2.3.2.3.2.2.2.2.2.2.2.2.3.1.2.2",0.0701036617146818,FALSE,TRUE,41
"2.2.2.2.2.2.2.2.3.3.2.2.2.2.2.2.2.2.3.1.2.2",0.00369794137761778,FALSE,TRUE,41
"2.2.2.2.2.2.2.2.2.4.2.2.2.2.2.2.2.2.3.1.2.2",-0.103374060836593,FALSE,TRUE,41
"2.2.2.2.2.2.2.2.2.3.3.2.2.2.2.2.2.2.3.1.2.2",0.160711788796627,FALSE,TRUE,39
"2.2.2.2.2.2.2.2.2.3.2.3.2.2.2.2.2.2.3.1.2.2",0.313253486021015,FALSE,TRUE,41
"2.2.2.2.2.2.2.2.2.3.2.2.3.2.2.2.2.2.3.1.2.2",0.688086726213256,FALSE,TRUE,40
"2.2.2.2.2.2.2.2.2.3.2.2.2.3.2.2.2.2.3.1.2.2",0.209718553486774,FALSE,TRUE,41
"2.2.2.2.2.2.2.2.2.3.2.2.2.2.3.2.2.2.3.1.2.2",0.128027040985055,FALSE,TRUE,41
"2.2.2.2.2.2.2.2.2.3.2.2.2.2.2.3.2.2.3.1.2.2",0.119818038366927,FALSE,TRUE,40
"2.2.2.2.2.2.2.2.2.3.2.2.2.2.2.2.3.2.3.1.2.2",0.36584182315445,FALSE,TRUE,41
"2.2.2.2.2.2.2.2.2.3.2.2.2.2.2.2.2.3.3.1.2.2",0.338883015427671,FALSE,TRUE,41
"2.2.2.2.2.2.2.2.2.3.2.2.2.2.2.2.2.2.4.1.2.2",0.117038309815915,FALSE,TRUE,41
"2.2.2.2.2.2.2.2.2.3.2.2.2.2.2.2.2.2.3.1.3.2",0.0930632270401669,FALSE,TRUE,41
"2.2.2.2.2.2.2.2.2.3.2.2.2.2.2.2.2.2.3.1.2.3",0.27111402431296,FALSE,TRUE,41
"1.2.2.2.2.2.2.2.2.3.2.2.2.2.2.2.2.2.3.1.2.2",0.123371878029039,FALSE,TRUE,40
"2.1.2.2.2.2.2.2.2.3.2.2.2.2.2.2.2.2.3.1.2.2",-0.0708502048249693,FALSE,TRUE,40
"2.2.1.2.2.2.2.2.2.3.2.2.2.2.2.2.2.2.3.1.2.2",0.224607977365864,FALSE,TRUE,40
"2.2.2.1.2.2.2.2.2.3.2.2.2.2.2.2.2.2.3.1.2.2",0.258901907272834,FALSE,TRUE,39
"2.2.2.2.1.2.2.2.2.3.2.2.2.2.2.2.2.2.3.1.2.2",0.0587028112222324,FALSE,TRUE,40
"2.2.2.2.2.1.2.2.2.3.2.2.2.2.2.2.2.2.3.1.2.2",-0.0302222059939306,FALSE,TRUE,40
"2.2.2.2.2.2.1.2.2.3.2.2.2.2.2.2.2.2.3.1.2.2",0.333312839962525,FALSE,TRUE,39
"2.2.2.2.2.2.2.1.2.3.2.2.2.2.2.2.2.2.3.1.2.2",0.185658040058721,FALSE,TRUE,39
"2.2.2.2.2.2.2.2.1.3.2.2.2.2.2.2.2.2.3.1.2.2",0.315757075269009,FALSE,TRUE,40
"2.2.2.2.2.2.2.2.2.3.1.2.2.2.2.2.2.2.3.1.2.2",-0.0130968940127259,FALSE,TRUE,40
"2.2.2.2.2.2.2.2.2.3.2.1.2.2.2.2.2.2.3.1.2.2",0.200864494845005,FALSE,TRUE,40
"2.2.2.2.2.2.2.2.2.3.2.2.1.2.2.2.2.2.3.1.2.2",-0.31246427639625,FALSE,TRUE,40
"2.2.2.2.2.2.2.2.2.3.2.2.2.1.2.2.2.2.3.1.2.2",0.0247246983359025,FALSE,TRUE,39
"2.2.2.2.2.2.2.2.2.3.2.2.2.2.1.2.2.2.3.1.2.2",0.290949710181035,FALSE,TRUE,40
"2.2.2.2.2.2.2.2.2.3.2.2.2.2.2.1.2.2.3.1.2.2",0.347835261971307,FALSE,TRUE,40
"2.2.2.2.2.2.2.2.2.3.2.2.2.2.2.2.2.1.3.1.2.2",0.202296352335522,FALSE,TRUE,40
"2.2.2.2.2.2.2.2.2.3.2.2.2.2.2.2.2.2.3.1.1.2",0.111645556563098,FALSE,TRUE,40
"2.2.2.2.2.2.2.2.2.3.2.2.2.2.2.2.2.2.3.1.2.1",0.425637761728394,FALSE,TRUE,40
