"karyotype","fitness","is_fq","is_nn","boundary_degree"
"2.2.2.2.2.2.2.2.2.2.2.2.2.2.2.2.2.2.2.2.2.2",0.434704190514194,TRUE,FALSE,0
"2.2.2.2.2.2.2.2.2.2.2.2.2.2.2.3.2.2.2.2.2.2",0.496302191375279,TRUE,FALSE,0
"2.2.2.2.2.2.2.2.2.2.2.1.2.2.2.2.2.2.2.2.2.2",0.36597060269558,TRUE,FALSE,0
"1.2.2.2.2.2.2.2.2.2.2.2.2.2.2.3.2.2.2.2.2.2",0.375993558269854,TRUE,FALSE,0
"2.2.2.2.2.2.2.2.2.2.2.2.3.2.2.2.2.2.2.2.2.2",0.317131124472449,TRUE,FALSE,0
"2.2.2.2.2.2.2.2.2.2.2.1.2.2.2.2.2.2.2.2.1.2",0.370150576541825,TRUE,FALSE,0
"2.2.2.2.2.2.2.2.3.2.2.2.2.2.2.2.2.2.2.2.2.2",0.297759977445469,TRUE,FALSE,0
"2.2.2.2.2.2.2.2.2.2.2.3.2.2.2.3.2.2.2.2.2.2",0.506623206979113,TRUE,FALSE,0
"2.2.2.2.2.2.2.2.2.2.2.3.2.2.1.3.2.2.2.2.2.2",0.396116847283607,TRUE,FALSE,0
"2.2.2.2.2.2.2.2.2.2.2.4.2.2.1.3.2.2.2.2.2.2",0.337766502685855,TRUE,FALSE,0
"2.2.2.2.2.2.2.2.2.2.2.2.2.2.2.2.2.1.2.2.2.2",0.35921476557901,TRUE,FALSE,0
"2.2.2.2.2.2.2.2.2.2.2.2.3.2.2.2.2.2.2.2.1.2",0.382624808707889,TRUE,FALSE,0
"2.2.2.2.2.2.2.2.2.2.2.3.2.2.1.3.2.2.2.1.2.2",0.466711946681767,TRUE,FALSE,0
"2.2.2.2.2.2.2.2.2.2.2.3.3.2.1.3.2.2.2.1.2.2",0.499726836986686,TRUE,FALSE,0
"1.2.2.2.2.2.2.2.2.2.2.2.2.1.2.3.2.2.2.2.2.2",0.553138248900538,TRUE,FALSE,0
"2.2.2.2.2.2.2.2.2.2.2.3.2.1.1.3.2.2.2.2.2.2",0.348421685525385,TRUE,FALSE,0
"2.2.2.3.2.2.2.2.2.2.2.3.2.2.2.3.2.2.2.2.2.2",0.455508942902273,TRUE,FALSE,0
"2.2.2.2.2.2.2.2.2.2.2.3.2.2.2.3.2.2.2.2.2.3",0.322756709996963,TRUE,FALSE,0
"2.2.2.2.2.2.2.2.2.2.3.2.2.2.2.2.2.2.2.2.2.2",0.342404119965271,TRUE,FALSE,0
"2.2.2.2.2.2.2.2.2.2.2.2.3.3.2.2.2.2.2.2.1.2",0.169879932013451,TRUE,FALSE,0
"2.2.2.2.2.2.2.2.2.2.2.2.2.2.1.3.2.2.2.1.2.2",0.428475850916125,TRUE,FALSE,0
"2.2.2.2.2.2.2.2.2.2.2.3.2.1.1.3.2.2.2.2.2.3",0.241387883436793,TRUE,FALSE,0
"2.2.3.2.2.2.2.2.2.2.2.3.2.1.1.3.2.2.2.2.2.2",0.23372717153534,TRUE,FALSE,0
"1.2.2.2.2.2.2.2.2.2.2.2.2.1.2.3.2.3.2.2.2.2",0.4512910992178,TRUE,FALSE,0
"2.2.1.2.2.2.2.2.2.2.2.3.2.2.2.3.2.2.2.2.2.2",0.2590813720724,TRUE,FALSE,0
"2.2.2.2.2.2.2.2.2.2.2.3.2.2.2.3.2.2.2.1.2.2",0.529379706865792,TRUE,FALSE,0
"2.2.2.2.2.2.2.2.2.2.2.2.2.2.1.2.2.2.2.1.2.2",0.404550096656951,TRUE,FALSE,0
"2.2.2.2.2.2.2.2.2.2.2.2.2.2.1.2.2.1.2.1.2.2",0.360945581533981,TRUE,FALSE,0
"2.2.2.2.2.2.2.2.2.2.2.4.2.2.1.3.2.2.2.2.3.2",0.306835929935378,TRUE,FALSE,0
"2.2.2.2.2.2.2.2.1.2.2.2.3.2.2.2.2.2.2.2.2.2",0.352947231034922,TRUE,FALSE,0
"2.2.2.2.1.2.2.2.2.2.2.3.2.2.1.3.2.2.2.1.2.2",0.504798583597613,TRUE,FALSE,0
"2.2.2.2.2.2.2.2.2.2.2.4.1.2.1.3.2.2.2.2.2.2",0.228851473253625,TRUE,FALSE,0
"1.2.2.2.2.2.2.2.2.2.2.4.2.2.1.3.2.2.2.2.2.2",0.366873139102293,TRUE,FALSE,0
"2.2.2.2.2.2.2.2.2.2.2.3.2.3.2.3.2.2.2.1.2.2",0.241781411496537,TRUE,FALSE,0
"2.2.2.2.2.2.2.2.2.2.2.2.2.2.1.3.2.2.2.1.2.1",0.352533480534032,TRUE,FALSE,0
"2.2.2.2.2.2.2.2.2.2.2.3.2.2.2.3.1.2.2.2.2.3",0.316649464628134,TRUE,FALSE,0
"2.2.2.2.2.2.2.2.2.2.2.3.2.3.2.3.2.2.2.1.2.1",0.314533407006516,TRUE,FALSE,0
"2.2.2.2.2.2.3.2.2.2.3.2.2.2.2.2.2.2.2.2.2.2",0.48992760607048,TRUE,FALSE,0
"1.2.2.2.2.2.3.2.2.2.2.2.2.1.2.3.2.2.2.2.2.2",0.629356400733164,TRUE,FALSE,0
"2.2.2.2.2.2.2.2.2.2.2.3.1.3.2.3.2.2.2.1.2.1",0.35903556398161,TRUE,FALSE,0
"2.2.2.2.2.2.2.2.2.2.2.3.2.2.2.3.2.2.2.1.2.3",0.383882346147157,TRUE,FALSE,0
"2.2.1.2.1.2.2.2.2.2.2.3.2.2.2.3.2.2.2.2.2.2",0.526320815622206,TRUE,FALSE,0
"2.3.2.3.2.2.2.2.2.2.2.3.2.2.2.3.2.2.2.2.2.2",0.462971701176239,TRUE,FALSE,0
"1.2.2.2.2.2.2.2.2.3.2.2.2.2.2.3.2.2.2.2.2.2",0.315004811619281,TRUE,FALSE,0
"2.2.2.2.2.2.2.2.1.2.2.2.3.2.2.2.2.2.2.1.2.2",0.226839677567033,TRUE,FALSE,0
"2.1.2.2.2.2.2.2.2.2.2.2.2.2.2.2.2.2.2.2.2.2",0.317594117881404,TRUE,FALSE,0
"2.2.2.2.2.3.2.2.2.2.2.4.1.2.1.3.2.2.2.2.2.2",0.244443621272881,TRUE,FALSE,0
"2.2.2.2.2.2.2.2.2.2.2.4.2.2.2.3.2.2.2.1.2.3",0.295389901151021,TRUE,FALSE,0
"2.2.1.2.1.2.2.2.2.2.1.3.2.2.2.3.2.2.2.2.2.2",0.406063427816768,TRUE,FALSE,0
"2.2.2.2.2.2.2.1.2.2.2.3.1.3.2.3.2.2.2.1.2.1",0.402748090666199,TRUE,FALSE,0
"3.2.2.2.2.2.2.2.2.2.2.2.2.2.2.2.2.2.2.2.2.2",0.436945111494312,FALSE,TRUE,36
"2.3.2.2.2.2.2.2.2.2.2.2.2.2.2.2.2.2.2.2.2.2",0.352896701254152,FALSE,TRUE,37
"2.2.3.2.2.2.2.2.2.2.2.2.2.2.2.2.2.2.2.2.2.2",0.403153019599919,FALSE,TRUE,36
"2.2.2.3.2.2.2.2.2.2.2.2.2.2.2.2.2.2.2.2.2.2",0.424524077910922,FALSE,TRUE,35
"2.2.2.2.3.2.2.2.2.2.2.2.2.2.2.2.2.2.2.2.2.2",0.302735369576951,FALSE,TRUE,36
"2.2.2.2.2.3.2.2.2.2.2.2.2.2.2.2.2.2.2.2.2.2",0.502320552944855,FALSE,TRUE,36
"2.2.2.2.2.2.3.2.2.2.2.2.2.2.2.2.2.2.2.2.2.2",0.576950898569126,FALSE,TRUE,36
"2.2.2.2.2.2.2.3.2.2.2.2.2.2.2.2.2.2.2.2.2.2",0.216840111440661,FALSE,TRUE,36
"2.2.2.2.2.2.2.2.2.3.2.2.2.2.2.2.2.2.2.2.2.2",0.383600328022857,FALSE,TRUE,35
"2.2.2.2.2.2.2.2.2.2.2.3.2.2.2.2.2.2.2.2.2.2",0.419356451081415,FALSE,TRUE,32
"2.2.2.2.2.2.2.2.2.2.2.2.2.3.2.2.2.2.2.2.2.2",0.219686855384654,FALSE,TRUE,35
"2.2.2.2.2.2.2.2.2.2.2.2.2.2.3.2.2.2.2.2.2.2",0.214512311155423,FALSE,TRUE,36
"2.2.2.2.2.2.2.2.2.2.2.2.2.2.2.2.3.2.2.2.2.2",0.314115925735156,FALSE,TRUE,36
"2.2.2.2.2.2.2.2.2.2.2.2.2.2.2.2.2.3.2.2.2.2",0.461594312923493,FALSE,TRUE,37
"2.2.2.2.2.2.2.2.2.2.2.2.2.2.2.2.2.2.3.2.2.2",0.34122561001593,FALSE,TRUE,36
"2.2.2.2.2.2.2.2.2.2.2.2.2.2.2.2.2.2.2.3.2.2",0.451438717503655,FALSE,TRUE,36
"2.2.2.2.2.2.2.2.2.2.2.2.2.2.2.2.2.2.2.2.3.2",0.329696668085157,FALSE,TRUE,36
"2.2.2.2.2.2.2.2.2.2.2.2.2.2.2.2.2.2.2.2.2.3",0.385833199704965,FALSE,TRUE,35
"1.2.2.2.2.2.2.2.2.2.2.2.2.2.2.2.2.2.2.2.2.2",0.221862747060801,FALSE,TRUE,33
"2.2.1.2.2.2.2.2.2.2.2.2.2.2.2.2.2.2.2.2.2.2",0.166395058342872,FALSE,TRUE,34
"2.2.2.1.2.2.2.2.2.2.2.2.2.2.2.2.2.2.2.2.2.2",0.25377984538012,FALSE,TRUE,35
"2.2.2.2.1.2.2.2.2.2.2.2.2.2.2.2.2.2.2.2.2.2",0.455894253957813,FALSE,TRUE,35
"2.2.2.2.2.1.2.2.2.2.2.2.2.2.2.2.2.2.2.2.2.2",0.283175910646867,FALSE,TRUE,35
"2.2.2.2.2.2.1.2.2.2.2.2.2.2.2.2.2.2.2.2.2.2",0.11759341075765,FALSE,TRUE,35
"2.2.2.2.2.2.2.1.2.2.2.2.2.2.2.2.2.2.2.2.2.2",0.511113488223957,FALSE,TRUE,35
"2.2.2.2.2.2.2.2.1.2.2.2.2.2.2.2.2.2.2.2.2.2",0.436244448647693,FALSE,TRUE,35
"2.2.2.2.2.2.2.2.2.1.2.2.2.2.2.2.2.2.2.2.2.2",0.354427916131902,FALSE,TRUE,35
"2.2.2.2.2.2.2.2.2.2.1.2.2.2.2.2.2.2.2.2.2.2",0.267353375396371,FALSE,TRUE,36
"2.2.2.2.2.2.2.2.2.2.2.2.1.2.2.2.2.2.2.2.2.2",0.484507333262838,FALSE,TRUE,36
"2.2.2.2.2.2.2.2.2.2.2.2.2.1.2.2.2.2.2.2.2.2",0.56325897132203,FALSE,TRUE,34
"2.2.2.2.2.2.2.2.2.2.2.2.2.2.1.2.2.2.2.2.2.2",0.456342143994949,FALSE,TRUE,33
"2.2.2.2.2.2.2.2.2.2.2.2.2.2.2.1.2.2.2.2.2.2",0.227828919070513,FALSE,TRUE,36
"2.2.2.2.2.2.2.2.2.2.2.2.2.2.2.2.1.2.2.2.2.2",0.430896949785182,FALSE,TRUE,35
"2.2.2.2.2.2.2.2.2.2.2.2.2.2.2.2.2.2.1.2.2.2",0.307350520791122,FALSE,TRUE,35
"2.2.2.2.2.2.2.2.2.2.2.2.2.2.2.2.2.2.2.1.2.2",0.345418871691887,FALSE,TRUE,32
"2.2.2.2.2.2.2.2.2.2.2.2.2.2.2.2.2.2.2.2.1.2",0.477237730826506,FALSE,TRUE,34
"2.2.2.2.2.2.2.2.2.2.2.2.2.2.2.2.2.2.2.2.2.1",0.329273673650701,FALSE,TRUE,35
"3.2.2.2.2.2.2.2.2.2.2.2.2.2.2.3.2.2.2.2.2.2",0.377919301196092,FALSE,TRUE,41
"2.3.2.2.2.2.2.2.2.2.2.2.2.2.2.3.2.2.2.2.2.2",0.555181254402132,FALSE,TRUE,39
"2.2.3.2.2.2.2.2.2.2.2.2.2.2.2.3.2.2.2.2.2.2",0.472717479862449,FALSE,TRUE,40
"2.2.2.3.2.2.2.2.2.2.2.2.2.2.2.3.2.2.2.2.2.2",0.525292656989198,FALSE,TRUE,39
"2.2.2.2.3.2.2.2.2.2.2.2.2.2.2.3.2.2.2.2.2.2",0.218151459888414,FALSE,TRUE,40
"2.2.2.2.2.3.2.2.2.2.2.2.2.2.2.3.2.2.2.2.2.2",0.522517319203223,FALSE,TRUE,40
"2.2.2.2.2.2.3.2.2.2.2.2.2.2.2.3.2.2.2.2.2.2",0.609948354070494,FALSE,TRUE,38
"2.2.2.2.2.2.2.3.2.2.2.2.2.2.2.3.2.2.2.2.2.2",0.338524436800605,FALSE,TRUE,40
"2.2.2.2.2.2.2.2.3.2.2.2.2.2.2.3.2.2.2.2.2.2",0.379177023597497,FALSE,TRUE,40
"2.2.2.2.2.2.2.2.2.3.2.2.2.2.2.3.2.2.2.2.2.2",0.324541812307761,FALSE,TRUE,40
"2.2.2.2.2.2.2.2.2.2.3.2.2.2.2.3.2.2.2.2.2.2",0.350479352028083,FALSE,TRUE,39
"2.2.2.2.2.2.2.2.2.2.2.2.3.2.2.3.2.2.2.2.2.2",0.417712690858836,FALSE,TRUE,38
"2.2.2.2.2.2.2.2.2.2.2.2.2.3.2.3.2.2.2.2.2.2",0.239612434329763,FALSE,TRUE,39
"2.2.2.2.2.2.2.2.2.2.2.2.2.2.3.3.2.2.2.2.2.2",0.358716345042139,FALSE,TRUE,40
"2.2.2.2.2.2.2.2.2.2.2.2.2.2.2.4.2.2.2.2.2.2",0.418711109284321,FALSE,TRUE,41
"2.2.2.2.2.2.2.2.2.2.2.2.2.2.2.3.3.2.2.2.2.2",0.375526937234154,FALSE,TRUE,40
"2.2.2.2.2.2.2.2.2.2.2.2.2.2.2.3.2.3.2.2.2.2",0.438453057001527,FALSE,TRUE,39
"2.2.2.2.2.2.2.2.2.2.2.2.2.2.2.3.2.2.3.2.2.2",0.406340137572317,FALSE,TRUE,40
"2.2.2.2.2.2.2.2.2.2.2.2.2.2.2.3.2.2.2.3.2.2",0.444578109266665,FALSE,TRUE,40
"2.2.2.2.2.2.2.2.2.2.2.2.2.2.2.3.2.2.2.2.3.2",0.39176361208104,FALSE,TRUE,40
"2.2.2.2.2.2.2.2.2.2.2.2.2.2.2.3.2.2.2.2.2.3",0.389011558470397,FALSE,TRUE,38
"2.1.2.2.2.2.2.2.2.2.2.2.2.2.2.3.2.2.2.2.2.2",0.250682276561718,FALSE,TRUE,39
"2.2.1.2.2.2.2.2.2.2.2.2.2.2.2.3.2.2.2.2.2.2",0.216542914078911,FALSE,TRUE,38
"2.2.2.1.2.2.2.2.2.2.2.2.2.2.2.3.2.2.2.2.2.2",0.277952922387614,FALSE,TRUE,39
"2.2.2.2.1.2.2.2.2.2.2.2.2.2.2.3.2.2.2.2.2.2",0.621384030935136,FALSE,TRUE,38
"2.2.2.2.2.1.2.2.2.2.2.2.2.2.2.3.2.2.2.2.2.2",0.342879718578358,FALSE,TRUE,39
"2.2.2.2.2.2.1.2.2.2.2.2.2.2.2.3.2.2.2.2.2.2",0.208982150826195,FALSE,TRUE,39
"2.2.2.2.2.2.2.1.2.2.2.2.2.2.2.3.2.2.2.2.2.2",0.495172750393614,FALSE,TRUE,39
"2.2.2.2.2.2.2.2.1.2.2.2.2.2.2.3.2.2.2.2.2.2",0.494478930839678,FALSE,TRUE,38
"2.2.2.2.2.2.2.2.2.1.2.2.2.2.2.3.2.2.2.2.2.2",0.525234925712677,FALSE,TRUE,39
"2.2.2.2.2.2.2.2.2.2.1.2.2.2.2.3.2.2.2.2.2.2",0.379780890479953,FALSE,TRUE,39
"2.2.2.2.2.2.2.2.2.2.2.1.2.2.2.3.2.2.2.2.2.2",0.392984438683011,FALSE,TRUE,39
"2.2.2.2.2.2.2.2.2.2.2.2.1.2.2.3.2.2.2.2.2.2",0.490507881876089,FALSE,TRUE,39
"2.2.2.2.2.2.2.2.2.2.2.2.2.1.2.3.2.2.2.2.2.2",0.638803972913017,FALSE,TRUE,36
"2.2.2.2.2.2.2.2.2.2.2.2.2.2.1.3.2.2.2.2.2.2",0.379461383417951,FALSE,TRUE,36
"2.2.2.2.2.2.2.2.2.2.2.2.2.2.2.3.1.2.2.2.2.2",0.489407807008629,FALSE,TRUE,38
"2.2.2.2.2.2.2.2.2.2.2.2.2.2.2.3.2.1.2.2.2.2",0.480741384492327,FALSE,TRUE,39
"2.2.2.2.2.2.2.2.2.2.2.2.2.2.2.3.2.2.1.2.2.2",0.391265537946831,FALSE,TRUE,39
"2.2.2.2.2.2.2.2.2.2.2.2.2.2.2.3.2.2.2.1.2.2",0.482198188671767,FALSE,TRUE,35
"2.2.2.2.2.2.2.2.2.2.2.2.2.2.2.3.2.2.2.2.1.2",0.535682143261346,FALSE,TRUE,37
"2.2.2.2.2.2.2.2.2.2.2.2.2.2.2.3.2.2.2.2.2.1",0.433745688004858,FALSE,TRUE,37
"3.2.2.2.2.2.2.2.2.2.2.1.2.2.2.2.2.2.2.2.2.2",0.429834022710557,FALSE,TRUE,40
"2.3.2.2.2.2.2.2.2.2.2.1.2.2.2.2.2.2.2.2.2.2",0.263585130537753,FALSE,TRUE,40
"2.2.3.2.2.2.2.2.2.2.2.1.2.2.2.2.2.2.2.2.2.2",0.363445794924892,FALSE,TRUE,40
"2.2.2.3.2.2.2.2.2.2.2.1.2.2.2.2.2.2.2.2.2.2",0.453489802658431,FALSE,TRUE,40
"2.2.2.2.3.2.2.2.2.2.2.1.2.2.2.2.2.2.2.2.2.2",0.217734495059183,FALSE,TRUE,40
"2.2.2.2.2.3.2.2.2.2.2.1.2.2.2.2.2.2.2.2.2.2",0.455980630553138,FALSE,TRUE,40
"2.2.2.2.2.2.3.2.2.2.2.1.2.2.2.2.2.2.2.2.2.2",0.524143817169359,FALSE,TRUE,39
"2.2.2.2.2.2.2.3.2.2.2.1.2.2.2.2.2.2.2.2.2.2",0.267398489321975,FALSE,TRUE,40
"2.2.2.2.2.2.2.2.3.2.2.1.2.2.2.2.2.2.2.2.2.2",0.286335210431127,FALSE,TRUE,40
"2.2.2.2.2.2.2.2.2.3.2.1.2.2.2.2.2.2.2.2.2.2",0.413063346283971,FALSE,TRUE,40
"2.2.2.2.2.2.2.2.2.2.3.1.2.2.2.2.2.2.2.2.2.2",0.338516493978373,FALSE,TRUE,39
"2.2.2.2.2.2.2.2.2.2.2.1.3.2.2.2.2.2.2.2.2.2",0.260922157677394,FALSE,TRUE,39
"2.2.2.2.2.2.2.2.2.2.2.1.2.3.2.2.2.2.2.2.2.2",0.188021809145948,FALSE,TRUE,40
"2.2.2.2.2.2.2.2.2.2.2.1.2.2.3.2.2.2.2.2.2.2",0.090602097374315,FALSE,TRUE,40
"2.2.2.2.2.2.2.2.2.2.2.1.2.2.2.2.3.2.2.2.2.2",0.342779708811277,FALSE,TRUE,40
"2.2.2.2.2.2.2.2.2.2.2.1.2.2.2.2.2.3.2.2.2.2",0.398093415962621,FALSE,TRUE,40
"2.2.2.2.2.2.2.2.2.2.2.1.2.2.2.2.2.2.3.2.2.2",0.307082742722509,FALSE,TRUE,40
"2.2.2.2.2.2.2.2.2.2.2.1.2.2.2.2.2.2.2.3.2.2",0.421705246202563,FALSE,TRUE,40
"2.2.2.2.2.2.2.2.2.2.2.1.2.2.2.2.2.2.2.2.3.2",0.271567426030316,FALSE,TRUE,41
"2.2.2.2.2.2.2.2.2.2.2.1.2.2.2.2.2.2.2.2.2.3",0.394907919937292,FALSE,TRUE,40
"1.2.2.2.2.2.2.2.2.2.2.1.2.2.2.2.2.2.2.2.2.2",0.0717411584032644,FALSE,TRUE,38
"2.1.2.2.2.2.2.2.2.2.2.1.2.2.2.2.2.2.2.2.2.2",0.28589978963238,FALSE,TRUE,39
"2.2.1.2.2.2.2.2.2.2.2.1.2.2.2.2.2.2.2.2.2.2",0.0961983173089887,FALSE,TRUE,39
"2.2.2.1.2.2.2.2.2.2.2.1.2.2.2.2.2.2.2.2.2.2",0.133719181601598,FALSE,TRUE,39
"2.2.2.2.1.2.2.2.2.2.2.1.2.2.2.2.2.2.2.2.2.2",0.390767164103778,FALSE,TRUE,39
"2.2.2.2.2.1.2.2.2.2.2.1.2.2.2.2.2.2.2.2.2.2",0.252034561158011,FALSE,TRUE,39
"2.2.2.2.2.2.1.2.2.2.2.1.2.2.2.2.2.2.2.2.2.2",0.0867958191445485,FALSE,TRUE,39
"2.2.2.2.2.2.2.1.2.2.2.1.2.2.2.2.2.2.2.2.2.2",0.318722077329015,FALSE,TRUE,39
"2.2.2.2.2.2.2.2.1.2.2.1.2.2.2.2.2.2.2.2.2.2",0.317074515205178,FALSE,TRUE,38
"2.2.2.2.2.2.2.2.2.1.2.1.2.2.2.2.2.2.2.2.2.2",0.201642667936121,FALSE,TRUE,39
"2.2.2.2.2.2.2.2.2.2.1.1.2.2.2.2.2.2.2.2.2.2",0.154894075367646,FALSE,TRUE,39
"2.2.2.2.2.2.2.2.2.2.2.1.1.2.2.2.2.2.2.2.2.2",0.420912744524414,FALSE,TRUE,39
"2.2.2.2.2.2.2.2.2.2.2.1.2.1.2.2.2.2.2.2.2.2",0.479796945060042,FALSE,TRUE,39
"2.2.2.2.2.2.2.2.2.2.2.1.2.2.1.2.2.2.2.2.2.2",0.407372522307737,FALSE,TRUE,38
"2.2.2.2.2.2.2.2.2.2.2.1.2.2.2.1.2.2.2.2.2.2",0.189021433426138,FALSE,TRUE,39
"2.2.2.2.2.2.2.2.2.2.2.1.2.2.2.2.1.2.2.2.2.2",0.282973554305878,FALSE,TRUE,39
"2.2.2.2.2.2.2.2.2.2.2.1.2.2.2.2.2.1.2.2.2.2",0.298545621801541,FALSE,TRUE,39
"2.2.2.2.2.2.2.2.2.2.2.1.2.2.2.2.2.2.1.2.2.2",0.215368351161082,FALSE,TRUE,39
"2.2.2.2.2.2.2.2.2.2.2.1.2.2.2.2.2.2.2.1.2.2",0.215171988149151,FALSE,TRUE,38
"2.2.2.2.2.2.2.2.2.2.2.1.2.2.2.2.2.2.2.2.2.1",0.222069433910111,FALSE,TRUE,39
"1.3.2.2.2.2.2.2.2.2.2.2.2.2.2.3.2.2.2.2.2.2",0.279813070533017,FALSE,TRUE,39
"1.2.3.2.2.2.2.2.2.2.2.2.2.2.2.3.2.2.2.2.2.2",0.369299090831647,FALSE,TRUE,39
"1.2.2.3.2.2.2.2.2.2.2.2.2.2.2.3.2.2.2.2.2.2",0.521399294255523,FALSE,TRUE,38
"1.2.2.2.3.2.2.2.2.2.2.2.2.2.2.3.2.2.2.2.2.2",0.0318478937859388,FALSE,TRUE,39
"1.2.2.2.2.3.2.2.2.2.2.2.2.2.2.3.2.2.2.2.2.2",0.524793552342096,FALSE,TRUE,39
"1.2.2.2.2.2.3.2.2.2.2.2.2.2.2.3.2.2.2.2.2.2",0.549682260491872,FALSE,TRUE,39
"1.2.2.2.2.2.2.3.2.2.2.2.2.2.2.3.2.2.2.2.2.2",0.200515083719556,FALSE,TRUE,39
"1.2.2.2.2.2.2.2.3.2.2.2.2.2.2.3.2.2.2.2.2.2",0.270350333156633,FALSE,TRUE,38
"1.2.2.2.2.2.2.2.2.2.3.2.2.2.2.3.2.2.2.2.2.2",0.371917732850175,FALSE,TRUE,38
"1.2.2.2.2.2.2.2.2.2.2.3.2.2.2.3.2.2.2.2.2.2",0.472478449721665,FALSE,TRUE,33
"1.2.2.2.2.2.2.2.2.2.2.2.3.2.2.3.2.2.2.2.2.2",0.303985329958905,FALSE,TRUE,38
"1.2.2.2.2.2.2.2.2.2.2.2.2.3.2.3.2.2.2.2.2.2",0.107141351653663,FALSE,TRUE,40
"1.2.2.2.2.2.2.2.2.2.2.2.2.2.3.3.2.2.2.2.2.2",0.262535747591813,FALSE,TRUE,39
"1.2.2.2.2.2.2.2.2.2.2.2.2.2.2.4.2.2.2.2.2.2",0.373756512610723,FALSE,TRUE,39
"1.2.2.2.2.2.2.2.2.2.2.2.2.2.2.3.3.2.2.2.2.2",0.307007992087574,FALSE,TRUE,39
"1.2.2.2.2.2.2.2.2.2.2.2.2.2.2.3.2.3.2.2.2.2",0.336389767830324,FALSE,TRUE,39
"1.2.2.2.2.2.2.2.2.2.2.2.2.2.2.3.2.2.3.2.2.2",0.337335261782996,FALSE,TRUE,39
"1.2.2.2.2.2.2.2.2.2.2.2.2.2.2.3.2.2.2.3.2.2",0.326794435865856,FALSE,TRUE,39
"1.2.2.2.2.2.2.2.2.2.2.2.2.2.2.3.2.2.2.2.3.2",0.32799410476452,FALSE,TRUE,39
"1.2.2.2.2.2.2.2.2.2.2.2.2.2.2.3.2.2.2.2.2.3",0.284071041300173,FALSE,TRUE,38
"1.1.2.2.2.2.2.2.2.2.2.2.2.2.2.3.2.2.2.2.2.2",0.254285581872091,FALSE,TRUE,37
"1.2.1.2.2.2.2.2.2.2.2.2.2.2.2.3.2.2.2.2.2.2",0.116262887944254,FALSE,TRUE,37
"1.2.2.1.2.2.2.2.2.2.2.2.2.2.2.3.2.2.2.2.2.2",0.0552651987792218,FALSE,TRUE,38
"1.2.2.2.1.2.2.2.2.2.2.2.2.2.2.3.2.2.2.2.2.2",0.583678493419294,FALSE,TRUE,38
"1.2.2.2.2.1.2.2.2.2.2.2.2.2.2.3.2.2.2.2.2.2",0.131224556450552,FALSE,TRUE,38
"1.2.2.2.2.2.1.2.2.2.2.2.2.2.2.3.2.2.2.2.2.2",0.0661153267981452,FALSE,TRUE,38
"1.2.2.2.2.2.2.1.2.2.2.2.2.2.2.3.2.2.2.2.2.2",0.44374632874758,FALSE,TRUE,38
"1.2.2.2.2.2.2.2.1.2.2.2.2.2.2.3.2.2.2.2.2.2",0.433186330005946,FALSE,TRUE,38
"1.2.2.2.2.2.2.2.2.1.2.2.2.2.2.3.2.2.2.2.2.2",0.314896067213139,FALSE,TRUE,39
"1.2.2.2.2.2.2.2.2.2.1.2.2.2.2.3.2.2.2.2.2.2",0.119245784279189,FALSE,TRUE,38
"1.2.2.2.2.2.2.2.2.2.2.1.2.2.2.3.2.2.2.2.2.2",0.178389097944369,FALSE,TRUE,37
"1.2.2.2.2.2.2.2.2.2.2.2.1.2.2.3.2.2.2.2.2.2",0.379172880154292,FALSE,TRUE,38
"1.2.2.2.2.2.2.2.2.2.2.2.2.2.1.3.2.2.2.2.2.2",0.218807067917911,FALSE,TRUE,36
"1.2.2.2.2.2.2.2.2.2.2.2.2.2.2.3.1.2.2.2.2.2",0.317888365128613,FALSE,TRUE,38
"1.2.2.2.2.2.2.2.2.2.2.2.2.2.2.3.2.1.2.2.2.2",0.330242578441926,FALSE,TRUE,37
"1.2.2.2.2.2.2.2.2.2.2.2.2.2.2.3.2.2.1.2.2.2",0.327732550967644,FALSE,TRUE,38
"1.2.2.2.2.2.2.2.2.2.2.2.2.2.2.3.2.2.2.1.2.2",0.395012391297176,FALSE,TRUE,36
"1.2.2.2.2.2.2.2.2.2.2.2.2.2.2.3.2.2.2.2.1.2",0.36482092870033,FALSE,TRUE,38
"1.2.2.2.2.2.2.2.2.2.2.2.2.2.2.3.2.2.2.2.2.1",0.345803122366716,FALSE,TRUE,38
"3.2.2.2.2.2.2.2.2.2.2.2.3.2.2.2.2.2.2.2.2.2",0.365726345169431,FALSE,TRUE,40
"2.3.2.2.2.2.2.2.2.2.2.2.3.2.2.2.2.2.2.2.2.2",0.26357273036671,FALSE,TRUE,40
"2.2.3.2.2.2.2.2.2.2.2.2.3.2.2.2.2.2.2.2.2.2",0.331647322813219,FALSE,TRUE,40
"2.2.2.3.2.2.2.2.2.2.2.2.3.2.2.2.2.2.2.2.2.2",0.388305214614885,FALSE,TRUE,40
"2.2.2.2.3.2.2.2.2.2.2.2.3.2.2.2.2.2.2.2.2.2",0.104052966497763,FALSE,TRUE,40
"2.2.2.2.2.3.2.2.2.2.2.2.3.2.2.2.2.2.2.2.2.2",0.415713644306599,FALSE,TRUE,40
"2.2.2.2.2.2.3.2.2.2.2.2.3.2.2.2.2.2.2.2.2.2",0.493688042856352,FALSE,TRUE,39
"2.2.2.2.2.2.2.3.2.2.2.2.3.2.2.2.2.2.2.2.2.2",0.0882073529322462,FALSE,TRUE,40
"2.2.2.2.2.2.2.2.3.2.2.2.3.2.2.2.2.2.2.2.2.2",0.191122954457547,FALSE,TRUE,41
"2.2.2.2.2.2.2.2.2.3.2.2.3.2.2.2.2.2.2.2.2.2",0.165229069289117,FALSE,TRUE,40
"2.2.2.2.2.2.2.2.2.2.3.2.3.2.2.2.2.2.2.2.2.2",0.202404678330045,FALSE,TRUE,39
"2.2.2.2.2.2.2.2.2.2.2.3.3.2.2.2.2.2.2.2.2.2",0.310081040544883,FALSE,TRUE,39
"2.2.2.2.2.2.2.2.2.2.2.2.4.2.2.2.2.2.2.2.2.2",0.182986702960327,FALSE,TRUE,41
"2.2.2.2.2.2.2.2.2.2.2.2.3.3.2.2.2.2.2.2.2.2",0.0283794939736965,FALSE,TRUE,40
"2.2.2.2.2.2.2.2.2.2.2.2.3.2.3.2.2.2.2.2.2.2",0.0242890282373045,FALSE,TRUE,40
"2.2.2.2.2.2.2.2.2.2.2.2.3.2.2.2.3.2.2.2.2.2",0.30334562216637,FALSE,TRUE,40
"2.2.2.2.2.2.2.2.2.2.2.2.3.2.2.2.2.3.2.2.2.2",0.304629117114451,FALSE,TRUE,40
"2.2.2.2.2.2.2.2.2.2.2.2.3.2.2.2.2.2.3.2.2.2",0.337119935228412,FALSE,TRUE,40
"2.2.2.2.2.2.2.2.2.2.2.2.3.2.2.2.2.2.2.3.2.2",0.33032966151529,FALSE,TRUE,40
"2.2.2.2.2.2.2.2.2.2.2.2.3.2.2.2.2.2.2.2.3.2",0.195003310815146,FALSE,TRUE,41
"2.2.2.2.2.2.2.2.2.2.2.2.3.2.2.2.2.2.2.2.2.3",0.25272097127497,FALSE,TRUE,40
"1.2.2.2.2.2.2.2.2.2.2.2.3.2.2.2.2.2.2.2.2.2",0.126624079759102,FALSE,TRUE,38
"2.1.2.2.2.2.2.2.2.2.2.2.3.2.2.2.2.2.2.2.2.2",0.169582862728076,FALSE,TRUE,39
"2.2.1.2.2.2.2.2.2.2.2.2.3.2.2.2.2.2.2.2.2.2",0.0980618468020453,FALSE,TRUE,39
"2.2.2.1.2.2.2.2.2.2.2.2.3.2.2.2.2.2.2.2.2.2",0.0905375402486683,FALSE,TRUE,39
"2.2.2.2.1.2.2.2.2.2.2.2.3.2.2.2.2.2.2.2.2.2",0.464451684381946,FALSE,TRUE,39
"2.2.2.2.2.1.2.2.2.2.2.2.3.2.2.2.2.2.2.2.2.2",0.196895519773528,FALSE,TRUE,39
"2.2.2.2.2.2.1.2.2.2.2.2.3.2.2.2.2.2.2.2.2.2",-0.0209171769197853,FALSE,TRUE,39
"2.2.2.2.2.2.2.1.2.2.2.2.3.2.2.2.2.2.2.2.2.2",0.455907261274314,FALSE,TRUE,39
"2.2.2.2.2.2.2.2.2.1.2.2.3.2.2.2.2.2.2.2.2.2",0.345179272162573,FALSE,TRUE,39
"2.2.2.2.2.2.2.2.2.2.1.2.3.2.2.2.2.2.2.2.2.2",0.21000370632417,FALSE,TRUE,39
"2.2.2.2.2.2.2.2.2.2.2.2.3.1.2.2.2.2.2.2.2.2",0.563458262129994,FALSE,TRUE,39
"2.2.2.2.2.2.2.2.2.2.2.2.3.2.1.2.2.2.2.2.2.2",0.497816680163833,FALSE,TRUE,38
"2.2.2.2.2.2.2.2.2.2.2.2.3.2.2.1.2.2.2.2.2.2",0.0864046886340121,FALSE,TRUE,39
"2.2.2.2.2.2.2.2.2.2.2.2.3.2.2.2.1.2.2.2.2.2",0.256544511398595,FALSE,TRUE,39
"2.2.2.2.2.2.2.2.2.2.2.2.3.2.2.2.2.1.2.2.2.2",0.329151877525358,FALSE,TRUE,39
"2.2.2.2.2.2.2.2.2.2.2.2.3.2.2.2.2.2.1.2.2.2",0.134836998053046,FALSE,TRUE,39
"2.2.2.2.2.2.2.2.2.2.2.2.3.2.2.2.2.2.2.1.2.2",0.249315300689199,FALSE,TRUE,38
"2.2.2.2.2.2.2.2.2.2.2.2.3.2.2.2.2.2.2.2.2.1",0.275948597442798,FALSE,TRUE,39
"3.2.2.2.2.2.2.2.2.2.2.1.2.2.2.2.2.2.2.2.1.2",0.450812777003479,FALSE,TRUE,40
"2.3.2.2.2.2.2.2.2.2.2.1.2.2.2.2.2.2.2.2.1.2",0.213991749174752,FALSE,TRUE,40
"2.2.3.2.2.2.2.2.2.2.2.1.2.2.2.2.2.2.2.2.1.2",0.368400995746244,FALSE,TRUE,40
"2.2.2.3.2.2.2.2.2.2.2.1.2.2.2.2.2.2.2.2.1.2",0.442561360725454,FALSE,TRUE,40
"2.2.2.2.3.2.2.2.2.2.2.1.2.2.2.2.2.2.2.2.1.2",0.279453112726474,FALSE,TRUE,40
"2.2.2.2.2.3.2.2.2.2.2.1.2.2.2.2.2.2.2.2.1.2",0.426635974839843,FALSE,TRUE,40
"2.2.2.2.2.2.3.2.2.2.2.1.2.2.2.2.2.2.2.2.1.2",0.434759915687436,FALSE,TRUE,40
"2.2.2.2.2.2.2.3.2.2.2.1.2.2.2.2.2.2.2.2.1.2",0.352830435706989,FALSE,TRUE,40
"2.2.2.2.2.2.2.2.3.2.2.1.2.2.2.2.2.2.2.2.1.2",0.343719141599859,FALSE,TRUE,39
"2.2.2.2.2.2.2.2.2.3.2.1.2.2.2.2.2.2.2.2.1.2",0.533209744283198,FALSE,TRUE,40
"2.2.2.2.2.2.2.2.2.2.3.1.2.2.2.2.2.2.2.2.1.2",0.430072970110418,FALSE,TRUE,39
"2.2.2.2.2.2.2.2.2.2.2.1.3.2.2.2.2.2.2.2.1.2",0.278679095788129,FALSE,TRUE,38
"2.2.2.2.2.2.2.2.2.2.2.1.2.3.2.2.2.2.2.2.1.2",0.274876708373627,FALSE,TRUE,38
"2.2.2.2.2.2.2.2.2.2.2.1.2.2.3.2.2.2.2.2.1.2",0.120132663513918,FALSE,TRUE,40
"2.2.2.2.2.2.2.2.2.2.2.1.2.2.2.3.2.2.2.2.1.2",0.393245786381247,FALSE,TRUE,39
"2.2.2.2.2.2.2.2.2.2.2.1.2.2.2.2.3.2.2.2.1.2",0.378537858116918,FALSE,TRUE,40
"2.2.2.2.2.2.2.2.2.2.2.1.2.2.2.2.2.3.2.2.1.2",0.434180584358467,FALSE,TRUE,40
"2.2.2.2.2.2.2.2.2.2.2.1.2.2.2.2.2.2.3.2.1.2",0.306342618106086,FALSE,TRUE,40
"2.2.2.2.2.2.2.2.2.2.2.1.2.2.2.2.2.2.2.3.1.2",0.459524993830662,FALSE,TRUE,40
"2.2.2.2.2.2.2.2.2.2.2.1.2.2.2.2.2.2.2.2.1.3",0.433562941249315,FALSE,TRUE,40
"1.2.2.2.2.2.2.2.2.2.2.1.2.2.2.2.2.2.2.2.1.2",0.0601141395099018,FALSE,TRUE,39
"2.1.2.2.2.2.2.2.2.2.2.1.2.2.2.2.2.2.2.2.1.2",0.373174394520499,FALSE,TRUE,38
"2.2.1.2.2.2.2.2.2.2.2.1.2.2.2.2.2.2.2.2.1.2",0.109729973887881,FALSE,TRUE,39
"2.2.2.1.2.2.2.2.2.2.2.1.2.2.2.2.2.2.2.2.1.2",0.139382802341709,FALSE,TRUE,39
"2.2.2.2.1.2.2.2.2.2.2.1.2.2.2.2.2.2.2.2.1.2",0.288065501236965,FALSE,TRUE,39
"2.2.2.2.2.1.2.2.2.2.2.1.2.2.2.2.2.2.2.2.1.2",0.270153259133396,FALSE,TRUE,39
"2.2.2.2.2.2.1.2.2.2.2.1.2.2.2.2.2.2.2.2.1.2",0.204370196918743,FALSE,TRUE,39
"2.2.2.2.2.2.2.1.2.2.2.1.2.2.2.2.2.2.2.2.1.2",0.20294882080578,FALSE,TRUE,39
"2.2.2.2.2.2.2.2.1.2.2.1.2.2.2.2.2.2.2.2.1.2",0.247123152040457,FALSE,TRUE,39
"2.2.2.2.2.2.2.2.2.1.2.1.2.2.2.2.2.2.2.2.1.2",0.0773479467684557,FALSE,TRUE,39
"2.2.2.2.2.2.2.2.2.2.1.1.2.2.2.2.2.2.2.2.1.2",0.114210026817772,FALSE,TRUE,39
"2.2.2.2.2.2.2.2.2.2.2.1.1.2.2.2.2.2.2.2.1.2",0.393235540066663,FALSE,TRUE,39
"2.2.2.2.2.2.2.2.2.2.2.1.2.1.2.2.2.2.2.2.1.2",0.372194299448098,FALSE,TRUE,39
"2.2.2.2.2.2.2.2.2.2.2.1.2.2.1.2.2.2.2.2.1.2",0.376195623618115,FALSE,TRUE,39
"2.2.2.2.2.2.2.2.2.2.2.1.2.2.2.1.2.2.2.2.1.2",0.213189393356123,FALSE,TRUE,39
"2.2.2.2.2.2.2.2.2.2.2.1.2.2.2.2.1.2.2.2.1.2",0.239381561656883,FALSE,TRUE,39
"2.2.2.2.2.2.2.2.2.2.2.1.2.2.2.2.2.1.2.2.1.2",0.249720268381639,FALSE,TRUE,38
"2.2.2.2.2.2.2.2.2.2.2.1.2.2.2.2.2.2.1.2.1.2",0.212909313373126,FALSE,TRUE,39
"2.2.2.2.2.2.2.2.2.2.2.1.2.2.2.2.2.2.2.1.1.2",0.172165942336527,FALSE,TRUE,39
"2.2.2.2.2.2.2.2.2.2.2.1.2.2.2.2.2.2.2.2.1.1",0.197172368618994,FALSE,TRUE,39
"3.2.2.2.2.2.2.2.3.2.2.2.2.2.2.2.2.2.2.2.2.2",0.342255756685312,FALSE,TRUE,42
"2.3.2.2.2.2.2.2.3.2.2.2.2.2.2.2.2.2.2.2.2.2",0.193953537255224,FALSE,TRUE,42
"2.2.3.2.2.2.2.2.3.2.2.2.2.2.2.2.2.2.2.2.2.2",0.332284532033723,FALSE,TRUE,42
"2.2.2.3.2.2.2.2.3.2.2.2.2.2.2.2.2.2.2.2.2.2",0.253845543823305,FALSE,TRUE,42
"2.2.2.2.3.2.2.2.3.2.2.2.2.2.2.2.2.2.2.2.2.2",0.228972207035445,FALSE,TRUE,42
"2.2.2.2.2.3.2.2.3.2.2.2.2.2.2.2.2.2.2.2.2.2",0.288462369395701,FALSE,TRUE,42
"2.2.2.2.2.2.3.2.3.2.2.2.2.2.2.2.2.2.2.2.2.2",0.485825846418463,FALSE,TRUE,41
"2.2.2.2.2.2.2.3.3.2.2.2.2.2.2.2.2.2.2.2.2.2",0.0237474324012655,FALSE,TRUE,42
"2.2.2.2.2.2.2.2.4.2.2.2.2.2.2.2.2.2.2.2.2.2",0.0839714343385882,FALSE,TRUE,43
"2.2.2.2.2.2.2.2.3.3.2.2.2.2.2.2.2.2.2.2.2.2",0.358331893953364,FALSE,TRUE,42
"2.2.2.2.2.2.2.2.3.2.3.2.2.2.2.2.2.2.2.2.2.2",0.176303858148719,FALSE,TRUE,41
"2.2.2.2.2.2.2.2.3.2.2.3.2.2.2.2.2.2.2.2.2.2",0.238325639464855,FALSE,TRUE,41
"2.2.2.2.2.2.2.2.3.2.2.2.2.3.2.2.2.2.2.2.2.2",0.126161937995454,FALSE,TRUE,42
"2.2.2.2.2.2.2.2.3.2.2.2.2.2.3.2.2.2.2.2.2.2",0.117052777579749,FALSE,TRUE,42
"2.2.2.2.2.2.2.2.3.2.2.2.2.2.2.2.3.2.2.2.2.2",0.0956907947681456,FALSE,TRUE,42
"2.2.2.2.2.2.2.2.3.2.2.2.2.2.2.2.2.3.2.2.2.2",0.393017093926301,FALSE,TRUE,42
"2.2.2.2.2.2.2.2.3.2.2.2.2.2.2.2.2.2.3.2.2.2",0.149459767360288,FALSE,TRUE,42
"2.2.2.2.2.2.2.2.3.2.2.2.2.2.2.2.2.2.2.3.2.2",0.347340295257868,FALSE,TRUE,42
"2.2.2.2.2.2.2.2.3.2.2.2.2.2.2.2.2.2.2.2.3.2",0.197649656691542,FALSE,TRUE,42
"2.2.2.2.2.2.2.2.3.2.2.2.2.2.2.2.2.2.2.2.2.3",0.230902530709757,FALSE,TRUE,42
"1.2.2.2.2.2.2.2.3.2.2.2.2.2.2.2.2.2.2.2.2.2",0.111548075374223,FALSE,TRUE,40
"2.1.2.2.2.2.2.2.3.2.2.2.2.2.2.2.2.2.2.2.2.2",0.221526286765355,FALSE,TRUE,41
"2.2.1.2.2.2.2.2.3.2.2.2.2.2.2.2.2.2.2.2.2.2",0.071112604475509,FALSE,TRUE,41
"2.2.2.1.2.2.2.2.3.2.2.2.2.2.2.2.2.2.2.2.2.2",0.192551095645764,FALSE,TRUE,41
"2.2.2.2.1.2.2.2.3.2.2.2.2.2.2.2.2.2.2.2.2.2",0.292899387499441,FALSE,TRUE,41
"2.2.2.2.2.1.2.2.3.2.2.2.2.2.2.2.2.2.2.2.2.2",0.205331752758876,FALSE,TRUE,41
"2.2.2.2.2.2.1.2.3.2.2.2.2.2.2.2.2.2.2.2.2.2",0.00985446105444514,FALSE,TRUE,41
"2.2.2.2.2.2.2.1.3.2.2.2.2.2.2.2.2.2.2.2.2.2",0.484515506189741,FALSE,TRUE,41
"2.2.2.2.2.2.2.2.3.1.2.2.2.2.2.2.2.2.2.2.2.2",0.154640746002379,FALSE,TRUE,41
"2.2.2.2.2.2.2.2.3.2.1.2.2.2.2.2.2.2.2.2.2.2",0.195122016297388,FALSE,TRUE,41
"2.2.2.2.2.2.2.2.3.2.2.2.1.2.2.2.2.2.2.2.2.2",0.352516749312095,FALSE,TRUE,41
"2.2.2.2.2.2.2.2.3.2.2.2.2.1.2.2.2.2.2.2.2.2",0.409459294414703,FALSE,TRUE,41
"2.2.2.2.2.2.2.2.3.2.2.2.2.2.1.2.2.2.2.2.2.2",0.303581518260536,FALSE,TRUE,40
"2.2.2.2.2.2.2.2.3.2.2.2.2.2.2.1.2.2.2.2.2.2",0.104067153696911,FALSE,TRUE,41
"2.2.2.2.2.2.2.2.3.2.2.2.2.2.2.2.1.2.2.2.2.2",0.37486752014125,FALSE,TRUE,41
"2.2.2.2.2.2.2.2.3.2.2.2.2.2.2.2.2.1.2.2.2.2",0.166363491252811,FALSE,TRUE,41
"2.2.2.2.2.2.2.2.3.2.2.2.2.2.2.2.2.2.1.2.2.2",0.316730570821432,FALSE,TRUE,41
"2.2.2.2.2.2.2.2.3.2.2.2.2.2.2.2.2.2.2.1.2.2",0.240700275515092,FALSE,TRUE,40
"2.2.2.2.2.2.2.2.3.2.2.2.2.2.2.2.2.2.2.2.1.2",0.37608936139457,FALSE,TRUE,39
"2.2.2.2.2.2.2.2.3.2.2.2.2.2.2.2.2.2.2.2.2.1",0.259214432463099,FALSE,TRUE,41
"3.2.2.2.2.2.2.2.2.2.2.3.2.2.2.3.2.2.2.2.2.2",0.358820044971295,FALSE,TRUE,37
"2.3.2.2.2.2.2.2.2.2.2.3.2.2.2.3.2.2.2.2.2.2",0.590459033829381,FALSE,TRUE,37
"2.2.3.2.2.2.2.2.2.2.2.3.2.2.2.3.2.2.2.2.2.2",0.45317149147258,FALSE,TRUE,37
"2.2.2.2.3.2.2.2.2.2.2.3.2.2.2.3.2.2.2.2.2.2",0.262014008114376,FALSE,TRUE,37
"2.2.2.2.2.3.2.2.2.2.2.3.2.2.2.3.2.2.2.2.2.2",0.456961497563591,FALSE,TRUE,37
"2.2.2.2.2.2.3.2.2.2.2.3.2.2.2.3.2.2.2.2.2.2",0.587555896012685,FALSE,TRUE,37
"2.2.2.2.2.2.2.3.2.2.2.3.2.2.2.3.2.2.2.2.2.2",0.26325589949527,FALSE,TRUE,37
"2.2.2.2.2.2.2.2.3.2.2.3.2.2.2.3.2.2.2.2.2.2",0.350082166798012,FALSE,TRUE,36
"2.2.2.2.2.2.2.2.2.3.2.3.2.2.2.3.2.2.2.2.2.2",0.271731550956074,FALSE,TRUE,36
"2.2.2.2.2.2.2.2.2.2.3.3.2.2.2.3.2.2.2.2.2.2",0.314658357292414,FALSE,TRUE,36
"2.2.2.2.2.2.2.2.2.2.2.4.2.2.2.3.2.2.2.2.2.2",0.44662185769513,FALSE,TRUE,35
"2.2.2.2.2.2.2.2.2.2.2.3.3.2.2.3.2.2.2.2.2.2",0.427152171967503,FALSE,TRUE,36
"2.2.2.2.2.2.2.2.2.2.2.3.2.3.2.3.2.2.2.2.2.2",0.260405325552529,FALSE,TRUE,36
"2.2.2.2.2.2.2.2.2.2.2.3.2.2.3.3.2.2.2.2.2.2",0.412593781318324,FALSE,TRUE,38
"2.2.2.2.2.2.2.2.2.2.2.3.2.2.2.4.2.2.2.2.2.2",0.464900932821871,FALSE,TRUE,37
"2.2.2.2.2.2.2.2.2.2.2.3.2.2.2.3.3.2.2.2.2.2",0.347973387110251,FALSE,TRUE,37
"2.2.2.2.2.2.2.2.2.2.2.3.2.2.2.3.2.3.2.2.2.2",0.433947594983461,FALSE,TRUE,37
"2.2.2.2.2.2.2.2.2.2.2.3.2.2.2.3.2.2.3.2.2.2",0.431158764543904,FALSE,TRUE,37
"2.2.2.2.2.2.2.2.2.2.2.3.2.2.2.3.2.2.2.3.2.2",0.448054037486999,FALSE,TRUE,38
"2.2.2.2.2.2.2.2.2.2.2.3.2.2.2.3.2.2.2.2.3.2",0.401724841524055,FALSE,TRUE,36
"2.1.2.2.2.2.2.2.2.2.2.3.2.2.2.3.2.2.2.2.2.2",0.25078886940527,FALSE,TRUE,35
"2.2.2.1.2.2.2.2.2.2.2.3.2.2.2.3.2.2.2.2.2.2",0.351297775757486,FALSE,TRUE,37
"2.2.2.2.1.2.2.2.2.2.2.3.2.2.2.3.2.2.2.2.2.2",0.604452229347517,FALSE,TRUE,35
"2.2.2.2.2.1.2.2.2.2.2.3.2.2.2.3.2.2.2.2.2.2",0.369100730147255,FALSE,TRUE,36
"2.2.2.2.2.2.1.2.2.2.2.3.2.2.2.3.2.2.2.2.2.2",0.234662369142682,FALSE,TRUE,36
"2.2.2.2.2.2.2.1.2.2.2.3.2.2.2.3.2.2.2.2.2.2",0.605661680537976,FALSE,TRUE,36
"2.2.2.2.2.2.2.2.1.2.2.3.2.2.2.3.2.2.2.2.2.2",0.568290912441142,FALSE,TRUE,36
"2.2.2.2.2.2.2.2.2.1.2.3.2.2.2.3.2.2.2.2.2.2",0.602662301718473,FALSE,TRUE,36
"2.2.2.2.2.2.2.2.2.2.1.3.2.2.2.3.2.2.2.2.2.2",0.448080571459724,FALSE,TRUE,35
"2.2.2.2.2.2.2.2.2.2.2.3.1.2.2.3.2.2.2.2.2.2",0.485440198158751,FALSE,TRUE,35
"2.2.2.2.2.2.2.2.2.2.2.3.2.1.2.3.2.2.2.2.2.2",0.6153751263804,FALSE,TRUE,34
"2.2.2.2.2.2.2.2.2.2.2.3.2.2.2.3.1.2.2.2.2.2",0.541951282835504,FALSE,TRUE,36
"2.2.2.2.2.2.2.2.2.2.2.3.2.2.2.3.2.1.2.2.2.2",0.47980474278996,FALSE,TRUE,35
"2.2.2.2.2.2.2.2.2.2.2.3.2.2.2.3.2.2.1.2.2.2",0.433779800812474,FALSE,TRUE,36
"2.2.2.2.2.2.2.2.2.2.2.3.2.2.2.3.2.2.2.2.1.2",0.577030849759625,FALSE,TRUE,36
"2.2.2.2.2.2.2.2.2.2.2.3.2.2.2.3.2.2.2.2.2.1",0.503297763863267,FALSE,TRUE,36
"3.2.2.2.2.2.2.2.2.2.2.3.2.2.1.3.2.2.2.2.2.2",0.220258290422192,FALSE,TRUE,38
"2.3.2.2.2.2.2.2.2.2.2.3.2.2.1.3.2.2.2.2.2.2",0.458578074021289,FALSE,TRUE,37
"2.2.3.2.2.2.2.2.2.2.2.3.2.2.1.3.2.2.2.2.2.2",0.327069530778306,FALSE,TRUE,38
"2.2.2.3.2.2.2.2.2.2.2.3.2.2.1.3.2.2.2.2.2.2",0.326252016337389,FALSE,TRUE,37
"2.2.2.2.3.2.2.2.2.2.2.3.2.2.1.3.2.2.2.2.2.2",0.243608058263121,FALSE,TRUE,38
"2.2.2.2.2.3.2.2.2.2.2.3.2.2.1.3.2.2.2.2.2.2",0.382253567608212,FALSE,TRUE,37
"2.2.2.2.2.2.3.2.2.2.2.3.2.2.1.3.2.2.2.2.2.2",0.381286635680033,FALSE,TRUE,38
"2.2.2.2.2.2.2.3.2.2.2.3.2.2.1.3.2.2.2.2.2.2",0.240991428859589,FALSE,TRUE,38
"2.2.2.2.2.2.2.2.3.2.2.3.2.2.1.3.2.2.2.2.2.2",0.263923634642186,FALSE,TRUE,38
"2.2.2.2.2.2.2.2.2.3.2.3.2.2.1.3.2.2.2.2.2.2",0.184834936451992,FALSE,TRUE,38
"2.2.2.2.2.2.2.2.2.2.3.3.2.2.1.3.2.2.2.2.2.2",0.313639931104175,FALSE,TRUE,38
"2.2.2.2.2.2.2.2.2.2.2.3.3.2.1.3.2.2.2.2.2.2",0.459309537014148,FALSE,TRUE,38
"2.2.2.2.2.2.2.2.2.2.2.3.2.3.1.3.2.2.2.2.2.2",0.330570764673072,FALSE,TRUE,39
"2.2.2.2.2.2.2.2.2.2.2.3.2.2.1.4.2.2.2.2.2.2",0.324913921968687,FALSE,TRUE,38
"2.2.2.2.2.2.2.2.2.2.2.3.2.2.1.3.3.2.2.2.2.2",0.249373816856918,FALSE,TRUE,38
"2.2.2.2.2.2.2.2.2.2.2.3.2.2.1.3.2.3.2.2.2.2",0.354616170542324,FALSE,TRUE,38
"2.2.2.2.2.2.2.2.2.2.2.3.2.2.1.3.2.2.3.2.2.2",0.230883423635861,FALSE,TRUE,38
"2.2.2.2.2.2.2.2.2.2.2.3.2.2.1.3.2.2.2.3.2.2",0.285323721474582,FALSE,TRUE,39
"2.2.2.2.2.2.2.2.2.2.2.3.2.2.1.3.2.2.2.2.3.2",0.3733152368006,FALSE,TRUE,38
"2.2.2.2.2.2.2.2.2.2.2.3.2.2.1.3.2.2.2.2.2.3",0.266204599659671,FALSE,TRUE,37
"1.2.2.2.2.2.2.2.2.2.2.3.2.2.1.3.2.2.2.2.2.2",0.342743040348855,FALSE,TRUE,36
"2.1.2.2.2.2.2.2.2.2.2.3.2.2.1.3.2.2.2.2.2.2",0.197015529561758,FALSE,TRUE,37
"2.2.1.2.2.2.2.2.2.2.2.3.2.2.1.3.2.2.2.2.2.2",0.388323326024672,FALSE,TRUE,36
"2.2.2.1.2.2.2.2.2.2.2.3.2.2.1.3.2.2.2.2.2.2",0.305217257689108,FALSE,TRUE,37
"2.2.2.2.1.2.2.2.2.2.2.3.2.2.1.3.2.2.2.2.2.2",0.416272956627637,FALSE,TRUE,36
"2.2.2.2.2.1.2.2.2.2.2.3.2.2.1.3.2.2.2.2.2.2",0.304405777679049,FALSE,TRUE,37
"2.2.2.2.2.2.1.2.2.2.2.3.2.2.1.3.2.2.2.2.2.2",0.18526398254615,FALSE,TRUE,37
"2.2.2.2.2.2.2.1.2.2.2.3.2.2.1.3.2.2.2.2.2.2",0.434123076422775,FALSE,TRUE,37
"2.2.2.2.2.2.2.2.1.2.2.3.2.2.1.3.2.2.2.2.2.2",0.46648205663708,FALSE,TRUE,37
"2.2.2.2.2.2.2.2.2.1.2.3.2.2.1.3.2.2.2.2.2.2",0.433294870748215,FALSE,TRUE,37
"2.2.2.2.2.2.2.2.2.2.1.3.2.2.1.3.2.2.2.2.2.2",0.375231350967442,FALSE,TRUE,37
"2.2.2.2.2.2.2.2.2.2.2.3.1.2.1.3.2.2.2.2.2.2",0.250533547111019,FALSE,TRUE,36
"2.2.2.2.2.2.2.2.2.2.2.3.2.2.1.2.2.2.2.2.2.2",0.388711973596322,FALSE,TRUE,37
"2.2.2.2.2.2.2.2.2.2.2.3.2.2.1.3.1.2.2.2.2.2",0.473255966906534,FALSE,TRUE,36
"2.2.2.2.2.2.2.2.2.2.2.3.2.2.1.3.2.1.2.2.2.2",0.438910964389816,FALSE,TRUE,37
"2.2.2.2.2.2.2.2.2.2.2.3.2.2.1.3.2.2.1.2.2.2",0.424493255131843,FALSE,TRUE,37
"2.2.2.2.2.2.2.2.2.2.2.3.2.2.1.3.2.2.2.2.1.2",0.381346956342375,FALSE,TRUE,37
"2.2.2.2.2.2.2.2.2.2.2.3.2.2.1.3.2.2.2.2.2.1",0.338167634402692,FALSE,TRUE,36
"3.2.2.2.2.2.2.2.2.2.2.4.2.2.1.3.2.2.2.2.2.2",0.134335825930911,FALSE,TRUE,39
"2.3.2.2.2.2.2.2.2.2.2.4.2.2.1.3.2.2.2.2.2.2",0.411514715240657,FALSE,TRUE,38
"2.2.3.2.2.2.2.2.2.2.2.4.2.2.1.3.2.2.2.2.2.2",0.287722978399001,FALSE,TRUE,37
"2.2.2.3.2.2.2.2.2.2.2.4.2.2.1.3.2.2.2.2.2.2",0.197107846312927,FALSE,TRUE,37
"2.2.2.2.3.2.2.2.2.2.2.4.2.2.1.3.2.2.2.2.2.2",0.244264152030275,FALSE,TRUE,38
"2.2.2.2.2.3.2.2.2.2.2.4.2.2.1.3.2.2.2.2.2.2",0.297802902588223,FALSE,TRUE,38
"2.2.2.2.2.2.3.2.2.2.2.4.2.2.1.3.2.2.2.2.2.2",0.304882589196126,FALSE,TRUE,38
"2.2.2.2.2.2.2.3.2.2.2.4.2.2.1.3.2.2.2.2.2.2",0.0923445965924351,FALSE,TRUE,38
"2.2.2.2.2.2.2.2.3.2.2.4.2.2.1.3.2.2.2.2.2.2",0.211063490935111,FALSE,TRUE,38
"2.2.2.2.2.2.2.2.2.3.2.4.2.2.1.3.2.2.2.2.2.2",0.0923494807823011,FALSE,TRUE,38
"2.2.2.2.2.2.2.2.2.2.3.4.2.2.1.3.2.2.2.2.2.2",0.25799268262947,FALSE,TRUE,38
"2.2.2.2.2.2.2.2.2.2.2.5.2.2.1.3.2.2.2.2.2.2",0.239059038683394,FALSE,TRUE,39
"2.2.2.2.2.2.2.2.2.2.2.4.3.2.1.3.2.2.2.2.2.2",0.361939265868904,FALSE,TRUE,38
"2.2.2.2.2.2.2.2.2.2.2.4.2.3.1.3.2.2.2.2.2.2",0.271588425684975,FALSE,TRUE,38
"2.2.2.2.2.2.2.2.2.2.2.4.2.2.1.4.2.2.2.2.2.2",0.342558951690183,FALSE,TRUE,38
"2.2.2.2.2.2.2.2.2.2.2.4.2.2.1.3.3.2.2.2.2.2",0.169247267991719,FALSE,TRUE,38
"2.2.2.2.2.2.2.2.2.2.2.4.2.2.1.3.2.3.2.2.2.2",0.316403603682481,FALSE,TRUE,38
"2.2.2.2.2.2.2.2.2.2.2.4.2.2.1.3.2.2.3.2.2.2",0.24932137394964,FALSE,TRUE,38
"2.2.2.2.2.2.2.2.2.2.2.4.2.2.1.3.2.2.2.3.2.2",0.24608963273226,FALSE,TRUE,38
"2.2.2.2.2.2.2.2.2.2.2.4.2.2.1.3.2.2.2.2.2.3",0.143304256877604,FALSE,TRUE,35
"2.1.2.2.2.2.2.2.2.2.2.4.2.2.1.3.2.2.2.2.2.2",0.168171448807038,FALSE,TRUE,37
"2.2.1.2.2.2.2.2.2.2.2.4.2.2.1.3.2.2.2.2.2.2",0.336429606164332,FALSE,TRUE,36
"2.2.2.1.2.2.2.2.2.2.2.4.2.2.1.3.2.2.2.2.2.2",0.344510443392074,FALSE,TRUE,37
"2.2.2.2.1.2.2.2.2.2.2.4.2.2.1.3.2.2.2.2.2.2",0.302061144149288,FALSE,TRUE,36
"2.2.2.2.2.1.2.2.2.2.2.4.2.2.1.3.2.2.2.2.2.2",0.25876793657226,FALSE,TRUE,37
"2.2.2.2.2.2.1.2.2.2.2.4.2.2.1.3.2.2.2.2.2.2",0.183793746176211,FALSE,TRUE,37
"2.2.2.2.2.2.2.1.2.2.2.4.2.2.1.3.2.2.2.2.2.2",0.491899616623234,FALSE,TRUE,37
"2.2.2.2.2.2.2.2.1.2.2.4.2.2.1.3.2.2.2.2.2.2",0.449593368186827,FALSE,TRUE,37
"2.2.2.2.2.2.2.2.2.1.2.4.2.2.1.3.2.2.2.2.2.2",0.438916350995975,FALSE,TRUE,37
"2.2.2.2.2.2.2.2.2.2.1.4.2.2.1.3.2.2.2.2.2.2",0.350953348624703,FALSE,TRUE,37
"2.2.2.2.2.2.2.2.2.2.2.4.2.1.1.3.2.2.2.2.2.2",0.281768737498283,FALSE,TRUE,35
"2.2.2.2.2.2.2.2.2.2.2.4.2.2.1.2.2.2.2.2.2.2",0.257510103918491,FALSE,TRUE,38
"2.2.2.2.2.2.2.2.2.2.2.4.2.2.1.3.1.2.2.2.2.2",0.471660009584893,FALSE,TRUE,37
"2.2.2.2.2.2.2.2.2.2.2.4.2.2.1.3.2.1.2.2.2.2",0.343227753073807,FALSE,TRUE,37
"2.2.2.2.2.2.2.2.2.2.2.4.2.2.1.3.2.2.1.2.2.2",0.36785263602822,FALSE,TRUE,37
"2.2.2.2.2.2.2.2.2.2.2.4.2.2.1.3.2.2.2.1.2.2",0.413313763313443,FALSE,TRUE,33
"2.2.2.2.2.2.2.2.2.2.2.4.2.2.1.3.2.2.2.2.1.2",0.35020818467495,FALSE,TRUE,38
"2.2.2.2.2.2.2.2.2.2.2.4.2.2.1.3.2.2.2.2.2.1",0.362142718363413,FALSE,TRUE,37
"3.2.2.2.2.2.2.2.2.2.2.2.2.2.2.2.2.1.2.2.2.2",0.36736245659667,FALSE,TRUE,41
"2.3.2.2.2.2.2.2.2.2.2.2.2.2.2.2.2.1.2.2.2.2",0.370526352800971,FALSE,TRUE,41
"2.2.3.2.2.2.2.2.2.2.2.2.2.2.2.2.2.1.2.2.2.2",0.416446871054302,FALSE,TRUE,41
"2.2.2.3.2.2.2.2.2.2.2.2.2.2.2.2.2.1.2.2.2.2",0.490948654538374,FALSE,TRUE,41
"2.2.2.2.3.2.2.2.2.2.2.2.2.2.2.2.2.1.2.2.2.2",0.178267069671103,FALSE,TRUE,41
"2.2.2.2.2.3.2.2.2.2.2.2.2.2.2.2.2.1.2.2.2.2",0.416331400096061,FALSE,TRUE,41
"2.2.2.2.2.2.3.2.2.2.2.2.2.2.2.2.2.1.2.2.2.2",0.545675285089495,FALSE,TRUE,40
"2.2.2.2.2.2.2.3.2.2.2.2.2.2.2.2.2.1.2.2.2.2",0.130062828825439,FALSE,TRUE,41
"2.2.2.2.2.2.2.2.2.3.2.2.2.2.2.2.2.1.2.2.2.2",0.278703061945596,FALSE,TRUE,41
"2.2.2.2.2.2.2.2.2.2.3.2.2.2.2.2.2.1.2.2.2.2",0.304908117910735,FALSE,TRUE,40
"2.2.2.2.2.2.2.2.2.2.2.3.2.2.2.2.2.1.2.2.2.2",0.332086123253417,FALSE,TRUE,40
"2.2.2.2.2.2.2.2.2.2.2.2.2.3.2.2.2.1.2.2.2.2",0.158440530350908,FALSE,TRUE,41
"2.2.2.2.2.2.2.2.2.2.2.2.2.2.3.2.2.1.2.2.2.2",0.136440280183311,FALSE,TRUE,41
"2.2.2.2.2.2.2.2.2.2.2.2.2.2.2.2.3.1.2.2.2.2",0.323912224915038,FALSE,TRUE,41
"2.2.2.2.2.2.2.2.2.2.2.2.2.2.2.2.2.1.3.2.2.2",0.254616556996132,FALSE,TRUE,41
"2.2.2.2.2.2.2.2.2.2.2.2.2.2.2.2.2.1.2.3.2.2",0.397575643353476,FALSE,TRUE,41
"2.2.2.2.2.2.2.2.2.2.2.2.2.2.2.2.2.1.2.2.3.2",0.304475950815582,FALSE,TRUE,41
"2.2.2.2.2.2.2.2.2.2.2.2.2.2.2.2.2.1.2.2.2.3",0.336916176564826,FALSE,TRUE,41
"1.2.2.2.2.2.2.2.2.2.2.2.2.2.2.2.2.1.2.2.2.2",0.156130835492849,FALSE,TRUE,39
"2.1.2.2.2.2.2.2.2.2.2.2.2.2.2.2.2.1.2.2.2.2",0.167607419859731,FALSE,TRUE,40
"2.2.1.2.2.2.2.2.2.2.2.2.2.2.2.2.2.1.2.2.2.2",0.131064208787908,FALSE,TRUE,40
"2.2.2.1.2.2.2.2.2.2.2.2.2.2.2.2.2.1.2.2.2.2",0.0802376836049875,FALSE,TRUE,40
"2.2.2.2.1.2.2.2.2.2.2.2.2.2.2.2.2.1.2.2.2.2",0.456693780285614,FALSE,TRUE,40
"2.2.2.2.2.1.2.2.2.2.2.2.2.2.2.2.2.1.2.2.2.2",0.236712522834547,FALSE,TRUE,40
"2.2.2.2.2.2.1.2.2.2.2.2.2.2.2.2.2.1.2.2.2.2",-0.00219243050845422,FALSE,TRUE,40
"2.2.2.2.2.2.2.1.2.2.2.2.2.2.2.2.2.1.2.2.2.2",0.449017732792737,FALSE,TRUE,40
"2.2.2.2.2.2.2.2.1.2.2.2.2.2.2.2.2.1.2.2.2.2",0.39874973389212,FALSE,TRUE,39
"2.2.2.2.2.2.2.2.2.1.2.2.2.2.2.2.2.1.2.2.2.2",0.292384185522111,FALSE,TRUE,40
"2.2.2.2.2.2.2.2.2.2.1.2.2.2.2.2.2.1.2.2.2.2",0.198542963062775,FALSE,TRUE,40
"2.2.2.2.2.2.2.2.2.2.2.2.1.2.2.2.2.1.2.2.2.2",0.342601247408019,FALSE,TRUE,40
"2.2.2.2.2.2.2.2.2.2.2.2.2.1.2.2.2.1.2.2.2.2",0.512112634114608,FALSE,TRUE,40
"2.2.2.2.2.2.2.2.2.2.2.2.2.2.1.2.2.1.2.2.2.2",0.442186731175469,FALSE,TRUE,39
"2.2.2.2.2.2.2.2.2.2.2.2.2.2.2.1.2.1.2.2.2.2",0.134714547206775,FALSE,TRUE,40
"2.2.2.2.2.2.2.2.2.2.2.2.2.2.2.2.1.1.2.2.2.2",0.291532933057554,FALSE,TRUE,40
"2.2.2.2.2.2.2.2.2.2.2.2.2.2.2.2.2.1.1.2.2.2",0.222114513823277,FALSE,TRUE,40
"2.2.2.2.2.2.2.2.2.2.2.2.2.2.2.2.2.1.2.1.2.2",0.234160419731601,FALSE,TRUE,39
"2.2.2.2.2.2.2.2.2.2.2.2.2.2.2.2.2.1.2.2.1.2",0.339190957247564,FALSE,TRUE,38
"2.2.2.2.2.2.2.2.2.2.2.2.2.2.2.2.2.1.2.2.2.1",0.254442781822732,FALSE,TRUE,40
"3.2.2.2.2.2.2.2.2.2.2.2.3.2.2.2.2.2.2.2.1.2",0.430733803432062,FALSE,TRUE,40
"2.3.2.2.2.2.2.2.2.2.2.2.3.2.2.2.2.2.2.2.1.2",0.279546653232203,FALSE,TRUE,40
"2.2.3.2.2.2.2.2.2.2.2.2.3.2.2.2.2.2.2.2.1.2",0.407863305520503,FALSE,TRUE,40
"2.2.2.3.2.2.2.2.2.2.2.2.3.2.2.2.2.2.2.2.1.2",0.451141298450961,FALSE,TRUE,40
"2.2.2.2.3.2.2.2.2.2.2.2.3.2.2.2.2.2.2.2.1.2",0.255708307367335,FALSE,TRUE,40
"2.2.2.2.2.3.2.2.2.2.2.2.3.2.2.2.2.2.2.2.1.2",0.450688354811146,FALSE,TRUE,40
"2.2.2.2.2.2.3.2.2.2.2.2.3.2.2.2.2.2.2.2.1.2",0.503419721967257,FALSE,TRUE,40
"2.2.2.2.2.2.2.3.2.2.2.2.3.2.2.2.2.2.2.2.1.2",0.217736355468831,FALSE,TRUE,40
"2.2.2.2.2.2.2.2.3.2.2.2.3.2.2.2.2.2.2.2.1.2",0.285042718295654,FALSE,TRUE,39
"2.2.2.2.2.2.2.2.2.3.2.2.3.2.2.2.2.2.2.2.1.2",0.369585348296672,FALSE,TRUE,40
"2.2.2.2.2.2.2.2.2.2.3.2.3.2.2.2.2.2.2.2.1.2",0.323849611002282,FALSE,TRUE,39
"2.2.2.2.2.2.2.2.2.2.2.3.3.2.2.2.2.2.2.2.1.2",0.385595247880833,FALSE,TRUE,40
"2.2.2.2.2.2.2.2.2.2.2.2.4.2.2.2.2.2.2.2.1.2",0.254179888952373,FALSE,TRUE,40
"2.2.2.2.2.2.2.2.2.2.2.2.3.2.3.2.2.2.2.2.1.2",0.0500571061459525,FALSE,TRUE,40
"2.2.2.2.2.2.2.2.2.2.2.2.3.2.2.3.2.2.2.2.1.2",0.495749321361815,FALSE,TRUE,39
"2.2.2.2.2.2.2.2.2.2.2.2.3.2.2.2.3.2.2.2.1.2",0.365469892075286,FALSE,TRUE,40
"2.2.2.2.2.2.2.2.2.2.2.2.3.2.2.2.2.3.2.2.1.2",0.422714087452275,FALSE,TRUE,40
"2.2.2.2.2.2.2.2.2.2.2.2.3.2.2.2.2.2.3.2.1.2",0.378749267641888,FALSE,TRUE,40
"2.2.2.2.2.2.2.2.2.2.2.2.3.2.2.2.2.2.2.3.1.2",0.464687642238828,FALSE,TRUE,40
"2.2.2.2.2.2.2.2.2.2.2.2.3.2.2.2.2.2.2.2.1.3",0.368736690929576,FALSE,TRUE,40
"1.2.2.2.2.2.2.2.2.2.2.2.3.2.2.2.2.2.2.2.1.2",0.131585001445045,FALSE,TRUE,39
"2.1.2.2.2.2.2.2.2.2.2.2.3.2.2.2.2.2.2.2.1.2",0.269569710738209,FALSE,TRUE,38
"2.2.1.2.2.2.2.2.2.2.2.2.3.2.2.2.2.2.2.2.1.2",0.134420833850771,FALSE,TRUE,39
"2.2.2.1.2.2.2.2.2.2.2.2.3.2.2.2.2.2.2.2.1.2",0.143438631731365,FALSE,TRUE,39
"2.2.2.2.1.2.2.2.2.2.2.2.3.2.2.2.2.2.2.2.1.2",0.417957417147718,FALSE,TRUE,39
"2.2.2.2.2.1.2.2.2.2.2.2.3.2.2.2.2.2.2.2.1.2",0.27384122485801,FALSE,TRUE,39
"2.2.2.2.2.2.1.2.2.2.2.2.3.2.2.2.2.2.2.2.1.2",0.0629075535908812,FALSE,TRUE,39
"2.2.2.2.2.2.2.1.2.2.2.2.3.2.2.2.2.2.2.2.1.2",0.41947667963129,FALSE,TRUE,39
"2.2.2.2.2.2.2.2.1.2.2.2.3.2.2.2.2.2.2.2.1.2",0.352689507488053,FALSE,TRUE,38
"2.2.2.2.2.2.2.2.2.1.2.2.3.2.2.2.2.2.2.2.1.2",0.241109716178279,FALSE,TRUE,39
"2.2.2.2.2.2.2.2.2.2.1.2.3.2.2.2.2.2.2.2.1.2",0.202739608642099,FALSE,TRUE,39
"2.2.2.2.2.2.2.2.2.2.2.2.3.1.2.2.2.2.2.2.1.2",0.541220029943907,FALSE,TRUE,40
"2.2.2.2.2.2.2.2.2.2.2.2.3.2.1.2.2.2.2.2.1.2",0.528717447524526,FALSE,TRUE,39
"2.2.2.2.2.2.2.2.2.2.2.2.3.2.2.1.2.2.2.2.1.2",0.139573173275386,FALSE,TRUE,39
"2.2.2.2.2.2.2.2.2.2.2.2.3.2.2.2.1.2.2.2.1.2",0.291420970405293,FALSE,TRUE,39
"2.2.2.2.2.2.2.2.2.2.2.2.3.2.2.2.2.1.2.2.1.2",0.333105465290305,FALSE,TRUE,38
"2.2.2.2.2.2.2.2.2.2.2.2.3.2.2.2.2.2.1.2.1.2",0.171894471548499,FALSE,TRUE,39
"2.2.2.2.2.2.2.2.2.2.2.2.3.2.2.2.2.2.2.1.1.2",0.216985988046855,FALSE,TRUE,38
"2.2.2.2.2.2.2.2.2.2.2.2.3.2.2.2.2.2.2.2.1.1",0.257310356165108,FALSE,TRUE,39
"3.2.2.2.2.2.2.2.2.2.2.3.2.2.1.3.2.2.2.1.2.2",0.321847466993814,FALSE,TRUE,36
"2.3.2.2.2.2.2.2.2.2.2.3.2.2.1.3.2.2.2.1.2.2",0.586827965765278,FALSE,TRUE,36
"2.2.3.2.2.2.2.2.2.2.2.3.2.2.1.3.2.2.2.1.2.2",0.431520681651633,FALSE,TRUE,35
"2.2.2.3.2.2.2.2.2.2.2.3.2.2.1.3.2.2.2.1.2.2",0.445055137784341,FALSE,TRUE,36
"2.2.2.2.3.2.2.2.2.2.2.3.2.2.1.3.2.2.2.1.2.2",0.260237810488648,FALSE,TRUE,37
"2.2.2.2.2.3.2.2.2.2.2.3.2.2.1.3.2.2.2.1.2.2",0.430605426758342,FALSE,TRUE,36
"2.2.2.2.2.2.3.2.2.2.2.3.2.2.1.3.2.2.2.1.2.2",0.546337221717468,FALSE,TRUE,36
"2.2.2.2.2.2.2.3.2.2.2.3.2.2.1.3.2.2.2.1.2.2",0.250738253081844,FALSE,TRUE,36
"2.2.2.2.2.2.2.2.3.2.2.3.2.2.1.3.2.2.2.1.2.2",0.2769843104606,FALSE,TRUE,36
"2.2.2.2.2.2.2.2.2.3.2.3.2.2.1.3.2.2.2.1.2.2",0.294843217076047,FALSE,TRUE,36
"2.2.2.2.2.2.2.2.2.2.3.3.2.2.1.3.2.2.2.1.2.2",0.352006385097445,FALSE,TRUE,36
"2.2.2.2.2.2.2.2.2.2.2.3.2.3.1.3.2.2.2.1.2.2",0.314459414889285,FALSE,TRUE,35
"2.2.2.2.2.2.2.2.2.2.2.3.2.2.1.4.2.2.2.1.2.2",0.41941619134839,FALSE,TRUE,36
"2.2.2.2.2.2.2.2.2.2.2.3.2.2.1.3.3.2.2.1.2.2",0.2874269541477,FALSE,TRUE,36
"2.2.2.2.2.2.2.2.2.2.2.3.2.2.1.3.2.3.2.1.2.2",0.408365819199829,FALSE,TRUE,36
"2.2.2.2.2.2.2.2.2.2.2.3.2.2.1.3.2.2.3.1.2.2",0.327207615728357,FALSE,TRUE,36
"2.2.2.2.2.2.2.2.2.2.2.3.2.2.1.3.2.2.2.1.3.2",0.410762653916071,FALSE,TRUE,35
"2.2.2.2.2.2.2.2.2.2.2.3.2.2.1.3.2.2.2.1.2.3",0.347426353462522,FALSE,TRUE,34
"1.2.2.2.2.2.2.2.2.2.2.3.2.2.1.3.2.2.2.1.2.2",0.39596900862672,FALSE,TRUE,34
"2.1.2.2.2.2.2.2.2.2.2.3.2.2.1.3.2.2.2.1.2.2",0.221172371731153,FALSE,TRUE,35
"2.2.1.2.2.2.2.2.2.2.2.3.2.2.1.3.2.2.2.1.2.2",0.341260610473659,FALSE,TRUE,35
"2.2.2.1.2.2.2.2.2.2.2.3.2.2.1.3.2.2.2.1.2.2",0.319247767336688,FALSE,TRUE,35
"2.2.2.2.2.1.2.2.2.2.2.3.2.2.1.3.2.2.2.1.2.2",0.355635240586111,FALSE,TRUE,35
"2.2.2.2.2.2.1.2.2.2.2.3.2.2.1.3.2.2.2.1.2.2",0.166878079300492,FALSE,TRUE,35
"2.2.2.2.2.2.2.1.2.2.2.3.2.2.1.3.2.2.2.1.2.2",0.536364160788529,FALSE,TRUE,35
"2.2.2.2.2.2.2.2.1.2.2.3.2.2.1.3.2.2.2.1.2.2",0.530181371287237,FALSE,TRUE,35
"2.2.2.2.2.2.2.2.2.1.2.3.2.2.1.3.2.2.2.1.2.2",0.440697678401213,FALSE,TRUE,35
"2.2.2.2.2.2.2.2.2.2.1.3.2.2.1.3.2.2.2.1.2.2",0.416276028543548,FALSE,TRUE,35
"2.2.2.2.2.2.2.2.2.2.2.3.1.2.1.3.2.2.2.1.2.2",0.334127620951294,FALSE,TRUE,35
"2.2.2.2.2.2.2.2.2.2.2.3.2.1.1.3.2.2.2.1.2.2",0.482298381267357,FALSE,TRUE,33
"2.2.2.2.2.2.2.2.2.2.2.3.2.2.1.2.2.2.2.1.2.2",0.398647547223849,FALSE,TRUE,35
"2.2.2.2.2.2.2.2.2.2.2.3.2.2.1.3.1.2.2.1.2.2",0.567235418912177,FALSE,TRUE,35
"2.2.2.2.2.2.2.2.2.2.2.3.2.2.1.3.2.1.2.1.2.2",0.46825003737201,FALSE,TRUE,34
"2.2.2.2.2.2.2.2.2.2.2.3.2.2.1.3.2.2.1.1.2.2",0.410229157896625,FALSE,TRUE,35
"2.2.2.2.2.2.2.2.2.2.2.3.2.2.1.3.2.2.2.1.1.2",0.427079598043116,FALSE,TRUE,35
"2.2.2.2.2.2.2.2.2.2.2.3.2.2.1.3.2.2.2.1.2.1",0.430011120326272,FALSE,TRUE,34
"3.2.2.2.2.2.2.2.2.2.2.3.3.2.1.3.2.2.2.1.2.2",0.403245636531426,FALSE,TRUE,40
"2.3.2.2.2.2.2.2.2.2.2.3.3.2.1.3.2.2.2.1.2.2",0.605647237634534,FALSE,TRUE,40
"2.2.3.2.2.2.2.2.2.2.2.3.3.2.1.3.2.2.2.1.2.2",0.515013597913385,FALSE,TRUE,40
"2.2.2.3.2.2.2.2.2.2.2.3.3.2.1.3.2.2.2.1.2.2",0.475725067638232,FALSE,TRUE,40
"2.2.2.2.3.2.2.2.2.2.2.3.3.2.1.3.2.2.2.1.2.2",0.207830358462105,FALSE,TRUE,40
"2.2.2.2.2.3.2.2.2.2.2.3.3.2.1.3.2.2.2.1.2.2",0.445746526810885,FALSE,TRUE,40
"2.2.2.2.2.2.3.2.2.2.2.3.3.2.1.3.2.2.2.1.2.2",0.574143636638416,FALSE,TRUE,40
"2.2.2.2.2.2.2.3.2.2.2.3.3.2.1.3.2.2.2.1.2.2",0.299825709245654,FALSE,TRUE,40
"2.2.2.2.2.2.2.2.3.2.2.3.3.2.1.3.2.2.2.1.2.2",0.340354692406924,FALSE,TRUE,40
"2.2.2.2.2.2.2.2.2.3.2.3.3.2.1.3.2.2.2.1.2.2",0.252721877559166,FALSE,TRUE,40
"2.2.2.2.2.2.2.2.2.2.3.3.3.2.1.3.2.2.2.1.2.2",0.396601485798645,FALSE,TRUE,40
"2.2.2.2.2.2.2.2.2.2.2.4.3.2.1.3.2.2.2.1.2.2",0.411798083993182,FALSE,TRUE,39
"2.2.2.2.2.2.2.2.2.2.2.3.4.2.1.3.2.2.2.1.2.2",0.412149078514232,FALSE,TRUE,41
"2.2.2.2.2.2.2.2.2.2.2.3.3.3.1.3.2.2.2.1.2.2",0.26972718134045,FALSE,TRUE,39
"2.2.2.2.2.2.2.2.2.2.2.3.3.2.2.3.2.2.2.1.2.2",0.452655180958556,FALSE,TRUE,38
"2.2.2.2.2.2.2.2.2.2.2.3.3.2.1.4.2.2.2.1.2.2",0.421581421132775,FALSE,TRUE,40
"2.2.2.2.2.2.2.2.2.2.2.3.3.2.1.3.3.2.2.1.2.2",0.417347411856318,FALSE,TRUE,40
"2.2.2.2.2.2.2.2.2.2.2.3.3.2.1.3.2.3.2.1.2.2",0.429894661352099,FALSE,TRUE,40
"2.2.2.2.2.2.2.2.2.2.2.3.3.2.1.3.2.2.3.1.2.2",0.446088590504346,FALSE,TRUE,40
"2.2.2.2.2.2.2.2.2.2.2.3.3.2.1.3.2.2.2.1.3.2",0.346222884556448,FALSE,TRUE,40
"2.2.2.2.2.2.2.2.2.2.2.3.3.2.1.3.2.2.2.1.2.3",0.350780724538139,FALSE,TRUE,39
"1.2.2.2.2.2.2.2.2.2.2.3.3.2.1.3.2.2.2.1.2.2",0.422758140975695,FALSE,TRUE,39
"2.1.2.2.2.2.2.2.2.2.2.3.3.2.1.3.2.2.2.1.2.2",0.248664557249719,FALSE,TRUE,39
"2.2.1.2.2.2.2.2.2.2.2.3.3.2.1.3.2.2.2.1.2.2",0.290419401202785,FALSE,TRUE,39
"2.2.2.1.2.2.2.2.2.2.2.3.3.2.1.3.2.2.2.1.2.2",0.292193873819855,FALSE,TRUE,39
"2.2.2.2.1.2.2.2.2.2.2.3.3.2.1.3.2.2.2.1.2.2",0.563815402681458,FALSE,TRUE,39
"2.2.2.2.2.1.2.2.2.2.2.3.3.2.1.3.2.2.2.1.2.2",0.415926717067622,FALSE,TRUE,39
"2.2.2.2.2.2.1.2.2.2.2.3.3.2.1.3.2.2.2.1.2.2",0.204538332201229,FALSE,TRUE,39
"2.2.2.2.2.2.2.1.2.2.2.3.3.2.1.3.2.2.2.1.2.2",0.535503137698174,FALSE,TRUE,39
"2.2.2.2.2.2.2.2.1.2.2.3.3.2.1.3.2.2.2.1.2.2",0.527077002933187,FALSE,TRUE,39
"2.2.2.2.2.2.2.2.2.1.2.3.3.2.1.3.2.2.2.1.2.2",0.511766709035108,FALSE,TRUE,39
"2.2.2.2.2.2.2.2.2.2.1.3.3.2.1.3.2.2.2.1.2.2",0.446304858253205,FALSE,TRUE,39
"2.2.2.2.2.2.2.2.2.2.2.2.3.2.1.3.2.2.2.1.2.2",0.486737857443373,FALSE,TRUE,38
"2.2.2.2.2.2.2.2.2.2.2.3.3.1.1.3.2.2.2.1.2.2",0.554956683645597,FALSE,TRUE,38
"2.2.2.2.2.2.2.2.2.2.2.3.3.2.1.2.2.2.2.1.2.2",0.4307925924053,FALSE,TRUE,39
"2.2.2.2.2.2.2.2.2.2.2.3.3.2.1.3.1.2.2.1.2.2",0.49487457088972,FALSE,TRUE,39
"2.2.2.2.2.2.2.2.2.2.2.3.3.2.1.3.2.1.2.1.2.2",0.486440507892585,FALSE,TRUE,39
"2.2.2.2.2.2.2.2.2.2.2.3.3.2.1.3.2.2.1.1.2.2",0.359587278538314,FALSE,TRUE,39
"2.2.2.2.2.2.2.2.2.2.2.3.3.2.1.3.2.2.2.1.1.2",0.538519297489373,FALSE,TRUE,39
"2.2.2.2.2.2.2.2.2.2.2.3.3.2.1.3.2.2.2.1.2.1",0.52284466512262,FALSE,TRUE,38
"1.3.2.2.2.2.2.2.2.2.2.2.2.1.2.3.2.2.2.2.2.2",0.445185714751105,FALSE,TRUE,38
"1.2.3.2.2.2.2.2.2.2.2.2.2.1.2.3.2.2.2.2.2.2",0.425006556253567,FALSE,TRUE,38
"1.2.2.3.2.2.2.2.2.2.2.2.2.1.2.3.2.2.2.2.2.2",0.620351113260173,FALSE,TRUE,38
"1.2.2.2.3.2.2.2.2.2.2.2.2.1.2.3.2.2.2.2.2.2",0.207131868873338,FALSE,TRUE,38
"1.2.2.2.2.3.2.2.2.2.2.2.2.1.2.3.2.2.2.2.2.2",0.667727523844333,FALSE,TRUE,38
"1.2.2.2.2.2.2.3.2.2.2.2.2.1.2.3.2.2.2.2.2.2",0.35238344344382,FALSE,TRUE,38
"1.2.2.2.2.2.2.2.3.2.2.2.2.1.2.3.2.2.2.2.2.2",0.420393647117503,FALSE,TRUE,38
"1.2.2.2.2.2.2.2.2.3.2.2.2.1.2.3.2.2.2.2.2.2",0.441214980091847,FALSE,TRUE,38
"1.2.2.2.2.2.2.2.2.2.3.2.2.1.2.3.2.2.2.2.2.2",0.576934261802318,FALSE,TRUE,38
"1.2.2.2.2.2.2.2.2.2.2.3.2.1.2.3.2.2.2.2.2.2",0.615049298652987,FALSE,TRUE,36
"1.2.2.2.2.2.2.2.2.2.2.2.3.1.2.3.2.2.2.2.2.2",0.551013249894936,FALSE,TRUE,38
"1.2.2.2.2.2.2.2.2.2.2.2.2.1.3.3.2.2.2.2.2.2",0.576696699883887,FALSE,TRUE,38
"1.2.2.2.2.2.2.2.2.2.2.2.2.1.2.4.2.2.2.2.2.2",0.526386355676462,FALSE,TRUE,38
"1.2.2.2.2.2.2.2.2.2.2.2.2.1.2.3.3.2.2.2.2.2",0.443870583345388,FALSE,TRUE,38
"1.2.2.2.2.2.2.2.2.2.2.2.2.1.2.3.2.2.3.2.2.2",0.459191400173408,FALSE,TRUE,38
"1.2.2.2.2.2.2.2.2.2.2.2.2.1.2.3.2.2.2.3.2.2",0.443019896855531,FALSE,TRUE,38
"1.2.2.2.2.2.2.2.2.2.2.2.2.1.2.3.2.2.2.2.3.2",0.549320958269359,FALSE,TRUE,38
"1.2.2.2.2.2.2.2.2.2.2.2.2.1.2.3.2.2.2.2.2.3",0.437163947615161,FALSE,TRUE,38
"1.1.2.2.2.2.2.2.2.2.2.2.2.1.2.3.2.2.2.2.2.2",0.44216209153074,FALSE,TRUE,37
"1.2.1.2.2.2.2.2.2.2.2.2.2.1.2.3.2.2.2.2.2.2",0.375764575337229,FALSE,TRUE,37
"1.2.2.1.2.2.2.2.2.2.2.2.2.1.2.3.2.2.2.2.2.2",0.234828081126423,FALSE,TRUE,37
"1.2.2.2.1.2.2.2.2.2.2.2.2.1.2.3.2.2.2.2.2.2",0.667472440780135,FALSE,TRUE,37
"1.2.2.2.2.1.2.2.2.2.2.2.2.1.2.3.2.2.2.2.2.2",0.265901401371008,FALSE,TRUE,37
"1.2.2.2.2.2.1.2.2.2.2.2.2.1.2.3.2.2.2.2.2.2",0.240677605488331,FALSE,TRUE,38
"1.2.2.2.2.2.2.1.2.2.2.2.2.1.2.3.2.2.2.2.2.2",0.560860333272469,FALSE,TRUE,37
"1.2.2.2.2.2.2.2.1.2.2.2.2.1.2.3.2.2.2.2.2.2",0.584543574177741,FALSE,TRUE,37
"1.2.2.2.2.2.2.2.2.1.2.2.2.1.2.3.2.2.2.2.2.2",0.449797793571499,FALSE,TRUE,37
"1.2.2.2.2.2.2.2.2.2.1.2.2.1.2.3.2.2.2.2.2.2",0.281283252409153,FALSE,TRUE,37
"1.2.2.2.2.2.2.2.2.2.2.1.2.1.2.3.2.2.2.2.2.2",0.338786494279316,FALSE,TRUE,37
"1.2.2.2.2.2.2.2.2.2.2.2.1.1.2.3.2.2.2.2.2.2",0.436539019421287,FALSE,TRUE,37
"1.2.2.2.2.2.2.2.2.2.2.2.2.1.1.3.2.2.2.2.2.2",0.239293094584177,FALSE,TRUE,35
"1.2.2.2.2.2.2.2.2.2.2.2.2.1.2.2.2.2.2.2.2.2",0.414186457897,FALSE,TRUE,37
"1.2.2.2.2.2.2.2.2.2.2.2.2.1.2.3.1.2.2.2.2.2",0.511585933685073,FALSE,TRUE,37
"1.2.2.2.2.2.2.2.2.2.2.2.2.1.2.3.2.1.2.2.2.2",0.524078856581698,FALSE,TRUE,38
"1.2.2.2.2.2.2.2.2.2.2.2.2.1.2.3.2.2.1.2.2.2",0.508546842421091,FALSE,TRUE,37
"1.2.2.2.2.2.2.2.2.2.2.2.2.1.2.3.2.2.2.1.2.2",0.587874579148055,FALSE,TRUE,37
"1.2.2.2.2.2.2.2.2.2.2.2.2.1.2.3.2.2.2.2.1.2",0.46764694780022,FALSE,TRUE,37
"1.2.2.2.2.2.2.2.2.2.2.2.2.1.2.3.2.2.2.2.2.1",0.483672047585508,FALSE,TRUE,37
"3.2.2.2.2.2.2.2.2.2.2.3.2.1.1.3.2.2.2.2.2.2",0.170309288951005,FALSE,TRUE,38
"2.3.2.2.2.2.2.2.2.2.2.3.2.1.1.3.2.2.2.2.2.2",0.332305485516251,FALSE,TRUE,38
"2.2.2.3.2.2.2.2.2.2.2.3.2.1.1.3.2.2.2.2.2.2",0.209303906942324,FALSE,TRUE,37
"2.2.2.2.3.2.2.2.2.2.2.3.2.1.1.3.2.2.2.2.2.2",0.295041804380594,FALSE,TRUE,38
"2.2.2.2.2.3.2.2.2.2.2.3.2.1.1.3.2.2.2.2.2.2",0.377783915268356,FALSE,TRUE,38
"2.2.2.2.2.2.3.2.2.2.2.3.2.1.1.3.2.2.2.2.2.2",0.215258548563048,FALSE,TRUE,38
"2.2.2.2.2.2.2.3.2.2.2.3.2.1.1.3.2.2.2.2.2.2",0.188901728450222,FALSE,TRUE,38
"2.2.2.2.2.2.2.2.3.2.2.3.2.1.1.3.2.2.2.2.2.2",0.244607978978659,FALSE,TRUE,38
"2.2.2.2.2.2.2.2.2.3.2.3.2.1.1.3.2.2.2.2.2.2",0.12604127290182,FALSE,TRUE,38
"2.2.2.2.2.2.2.2.2.2.3.3.2.1.1.3.2.2.2.2.2.2",0.337439042236041,FALSE,TRUE,38
"2.2.2.2.2.2.2.2.2.2.2.3.3.1.1.3.2.2.2.2.2.2",0.483383081119977,FALSE,TRUE,37
"2.2.2.2.2.2.2.2.2.2.2.3.2.1.1.4.2.2.2.2.2.2",0.309860422848375,FALSE,TRUE,38
"2.2.2.2.2.2.2.2.2.2.2.3.2.1.1.3.3.2.2.2.2.2",0.184693299205691,FALSE,TRUE,38
"2.2.2.2.2.2.2.2.2.2.2.3.2.1.1.3.2.3.2.2.2.2",0.333421332200073,FALSE,TRUE,38
"2.2.2.2.2.2.2.2.2.2.2.3.2.1.1.3.2.2.3.2.2.2",0.136493916829413,FALSE,TRUE,38
"2.2.2.2.2.2.2.2.2.2.2.3.2.1.1.3.2.2.2.3.2.2",0.159471830414714,FALSE,TRUE,38
"2.2.2.2.2.2.2.2.2.2.2.3.2.1.1.3.2.2.2.2.3.2",0.389309819499971,FALSE,TRUE,37
"1.2.2.2.2.2.2.2.2.2.2.3.2.1.1.3.2.2.2.2.2.2",0.342710186092937,FALSE,TRUE,34
"2.1.2.2.2.2.2.2.2.2.2.3.2.1.1.3.2.2.2.2.2.2",0.253128943726376,FALSE,TRUE,37
"2.2.1.2.2.2.2.2.2.2.2.3.2.1.1.3.2.2.2.2.2.2",0.502041550847132,FALSE,TRUE,37
"2.2.2.1.2.2.2.2.2.2.2.3.2.1.1.3.2.2.2.2.2.2",0.365466753748028,FALSE,TRUE,37
"2.2.2.2.1.2.2.2.2.2.2.3.2.1.1.3.2.2.2.2.2.2",0.261127685334845,FALSE,TRUE,36
"2.2.2.2.2.1.2.2.2.2.2.3.2.1.1.3.2.2.2.2.2.2",0.222839846618696,FALSE,TRUE,37
"2.2.2.2.2.2.1.2.2.2.2.3.2.1.1.3.2.2.2.2.2.2",0.238978170465181,FALSE,TRUE,37
"2.2.2.2.2.2.2.1.2.2.2.3.2.1.1.3.2.2.2.2.2.2",0.393135707342989,FALSE,TRUE,37
"2.2.2.2.2.2.2.2.1.2.2.3.2.1.1.3.2.2.2.2.2.2",0.410978457090813,FALSE,TRUE,37
"2.2.2.2.2.2.2.2.2.1.2.3.2.1.1.3.2.2.2.2.2.2",0.362219344151966,FALSE,TRUE,37
"2.2.2.2.2.2.2.2.2.2.1.3.2.1.1.3.2.2.2.2.2.2",0.313917726698234,FALSE,TRUE,37
"2.2.2.2.2.2.2.2.2.2.2.2.2.1.1.3.2.2.2.2.2.2",0.327573522812544,FALSE,TRUE,35
"2.2.2.2.2.2.2.2.2.2.2.3.1.1.1.3.2.2.2.2.2.2",0.140919164878579,FALSE,TRUE,36
"2.2.2.2.2.2.2.2.2.2.2.3.2.1.1.2.2.2.2.2.2.2",0.319385240383788,FALSE,TRUE,38
"2.2.2.2.2.2.2.2.2.2.2.3.2.1.1.3.1.2.2.2.2.2",0.488854083600482,FALSE,TRUE,37
"2.2.2.2.2.2.2.2.2.2.2.3.2.1.1.3.2.1.2.2.2.2",0.386897656322073,FALSE,TRUE,37
"2.2.2.2.2.2.2.2.2.2.2.3.2.1.1.3.2.2.1.2.2.2",0.469324346029206,FALSE,TRUE,37
"2.2.2.2.2.2.2.2.2.2.2.3.2.1.1.3.2.2.2.2.1.2",0.248727689689848,FALSE,TRUE,37
"2.2.2.2.2.2.2.2.2.2.2.3.2.1.1.3.2.2.2.2.2.1",0.292053941800029,FALSE,TRUE,38
"3.2.2.3.2.2.2.2.2.2.2.3.2.2.2.3.2.2.2.2.2.2",0.256832009203484,FALSE,TRUE,41
"2.2.3.3.2.2.2.2.2.2.2.3.2.2.2.3.2.2.2.2.2.2",0.25873009005511,FALSE,TRUE,41
"2.2.2.4.2.2.2.2.2.2.2.3.2.2.2.3.2.2.2.2.2.2",0.247265405959057,FALSE,TRUE,42
"2.2.2.3.3.2.2.2.2.2.2.3.2.2.2.3.2.2.2.2.2.2",0.361786069104958,FALSE,TRUE,41
"2.2.2.3.2.3.2.2.2.2.2.3.2.2.2.3.2.2.2.2.2.2",0.361749054497678,FALSE,TRUE,41
"2.2.2.3.2.2.3.2.2.2.2.3.2.2.2.3.2.2.2.2.2.2",0.429407427640222,FALSE,TRUE,41
"2.2.2.3.2.2.2.3.2.2.2.3.2.2.2.3.2.2.2.2.2.2",0.166354531648128,FALSE,TRUE,41
"2.2.2.3.2.2.2.2.3.2.2.3.2.2.2.3.2.2.2.2.2.2",0.328272370944547,FALSE,TRUE,41
"2.2.2.3.2.2.2.2.2.3.2.3.2.2.2.3.2.2.2.2.2.2",0.192603325093787,FALSE,TRUE,41
"2.2.2.3.2.2.2.2.2.2.3.3.2.2.2.3.2.2.2.2.2.2",0.198575824976148,FALSE,TRUE,41
"2.2.2.3.2.2.2.2.2.2.2.4.2.2.2.3.2.2.2.2.2.2",0.3607350703087,FALSE,TRUE,40
"2.2.2.3.2.2.2.2.2.2.2.3.3.2.2.3.2.2.2.2.2.2",0.415864314914049,FALSE,TRUE,41
"2.2.2.3.2.2.2.2.2.2.2.3.2.3.2.3.2.2.2.2.2.2",0.325584974223841,FALSE,TRUE,40
"2.2.2.3.2.2.2.2.2.2.2.3.2.2.3.3.2.2.2.2.2.2",0.456804794003278,FALSE,TRUE,41
"2.2.2.3.2.2.2.2.2.2.2.3.2.2.2.4.2.2.2.2.2.2",0.432270633588407,FALSE,TRUE,41
"2.2.2.3.2.2.2.2.2.2.2.3.2.2.2.3.3.2.2.2.2.2",0.248250490188554,FALSE,TRUE,41
"2.2.2.3.2.2.2.2.2.2.2.3.2.2.2.3.2.3.2.2.2.2",0.339707745326236,FALSE,TRUE,41
"2.2.2.3.2.2.2.2.2.2.2.3.2.2.2.3.2.2.3.2.2.2",0.405726046616195,FALSE,TRUE,41
"2.2.2.3.2.2.2.2.2.2.2.3.2.2.2.3.2.2.2.3.2.2",0.349124304627136,FALSE,TRUE,41
"2.2.2.3.2.2.2.2.2.2.2.3.2.2.2.3.2.2.2.2.3.2",0.392143305020419,FALSE,TRUE,41
"2.2.2.3.2.2.2.2.2.2.2.3.2.2.2.3.2.2.2.2.2.3",0.265964373514281,FALSE,TRUE,39
"1.2.2.3.2.2.2.2.2.2.2.3.2.2.2.3.2.2.2.2.2.2",0.521177505992322,FALSE,TRUE,39
"2.1.2.3.2.2.2.2.2.2.2.3.2.2.2.3.2.2.2.2.2.2",0.303789745847087,FALSE,TRUE,41
"2.2.1.3.2.2.2.2.2.2.2.3.2.2.2.3.2.2.2.2.2.2",0.433790297179094,FALSE,TRUE,39
"2.2.2.3.1.2.2.2.2.2.2.3.2.2.2.3.2.2.2.2.2.2",0.378385859243641,FALSE,TRUE,39
"2.2.2.3.2.1.2.2.2.2.2.3.2.2.2.3.2.2.2.2.2.2",0.389721680752103,FALSE,TRUE,40
"2.2.2.3.2.2.1.2.2.2.2.3.2.2.2.3.2.2.2.2.2.2",0.349620407053296,FALSE,TRUE,40
"2.2.2.3.2.2.2.1.2.2.2.3.2.2.2.3.2.2.2.2.2.2",0.590211681617694,FALSE,TRUE,40
"2.2.2.3.2.2.2.2.1.2.2.3.2.2.2.3.2.2.2.2.2.2",0.527788751622476,FALSE,TRUE,40
"2.2.2.3.2.2.2.2.2.1.2.3.2.2.2.3.2.2.2.2.2.2",0.588918026497972,FALSE,TRUE,40
"2.2.2.3.2.2.2.2.2.2.1.3.2.2.2.3.2.2.2.2.2.2",0.525065913349513,FALSE,TRUE,40
"2.2.2.3.2.2.2.2.2.2.2.3.1.2.2.3.2.2.2.2.2.2",0.407501567314911,FALSE,TRUE,40
"2.2.2.3.2.2.2.2.2.2.2.3.2.1.2.3.2.2.2.2.2.2",0.450380609423486,FALSE,TRUE,39
"2.2.2.3.2.2.2.2.2.2.2.3.2.2.2.2.2.2.2.2.2.2",0.351104644943868,FALSE,TRUE,40
"2.2.2.3.2.2.2.2.2.2.2.3.2.2.2.3.1.2.2.2.2.2",0.590620786875663,FALSE,TRUE,39
"2.2.2.3.2.2.2.2.2.2.2.3.2.2.2.3.2.1.2.2.2.2",0.511738415103425,FALSE,TRUE,40
"2.2.2.3.2.2.2.2.2.2.2.3.2.2.2.3.2.2.1.2.2.2",0.415955161882544,FALSE,TRUE,40
"2.2.2.3.2.2.2.2.2.2.2.3.2.2.2.3.2.2.2.1.2.2",0.547988687116288,FALSE,TRUE,37
"2.2.2.3.2.2.2.2.2.2.2.3.2.2.2.3.2.2.2.2.1.2",0.506895565204862,FALSE,TRUE,40
"2.2.2.3.2.2.2.2.2.2.2.3.2.2.2.3.2.2.2.2.2.1",0.49217577772647,FALSE,TRUE,40
"3.2.2.2.2.2.2.2.2.2.2.3.2.2.2.3.2.2.2.2.2.3",0.210244650422838,FALSE,TRUE,40
"2.3.2.2.2.2.2.2.2.2.2.3.2.2.2.3.2.2.2.2.2.3",0.391618389777094,FALSE,TRUE,39
"2.2.3.2.2.2.2.2.2.2.2.3.2.2.2.3.2.2.2.2.2.3",0.377017925645346,FALSE,TRUE,40
"2.2.2.2.3.2.2.2.2.2.2.3.2.2.2.3.2.2.2.2.2.3",0.0658089951267561,FALSE,TRUE,40
"2.2.2.2.2.3.2.2.2.2.2.3.2.2.2.3.2.2.2.2.2.3",0.262502478032259,FALSE,TRUE,40
"2.2.2.2.2.2.3.2.2.2.2.3.2.2.2.3.2.2.2.2.2.3",0.339106330954139,FALSE,TRUE,40
"2.2.2.2.2.2.2.3.2.2.2.3.2.2.2.3.2.2.2.2.2.3",0.0572109586886996,FALSE,TRUE,40
"2.2.2.2.2.2.2.2.3.2.2.3.2.2.2.3.2.2.2.2.2.3",0.155956543058998,FALSE,TRUE,40
"2.2.2.2.2.2.2.2.2.3.2.3.2.2.2.3.2.2.2.2.2.3",0.0555152380034304,FALSE,TRUE,40
"2.2.2.2.2.2.2.2.2.2.3.3.2.2.2.3.2.2.2.2.2.3",0.189436117717322,FALSE,TRUE,40
"2.2.2.2.2.2.2.2.2.2.2.4.2.2.2.3.2.2.2.2.2.3",0.193194873922386,FALSE,TRUE,39
"2.2.2.2.2.2.2.2.2.2.2.3.3.2.2.3.2.2.2.2.2.3",0.20755658728395,FALSE,TRUE,40
"2.2.2.2.2.2.2.2.2.2.2.3.2.3.2.3.2.2.2.2.2.3",0.112341584362534,FALSE,TRUE,40
"2.2.2.2.2.2.2.2.2.2.2.3.2.2.3.3.2.2.2.2.2.3",0.250651157732837,FALSE,TRUE,40
"2.2.2.2.2.2.2.2.2.2.2.3.2.2.2.4.2.2.2.2.2.3",0.313923748982311,FALSE,TRUE,40
"2.2.2.2.2.2.2.2.2.2.2.3.2.2.2.3.3.2.2.2.2.3",0.233192170950613,FALSE,TRUE,41
"2.2.2.2.2.2.2.2.2.2.2.3.2.2.2.3.2.3.2.2.2.3",0.317646274711892,FALSE,TRUE,40
"2.2.2.2.2.2.2.2.2.2.2.3.2.2.2.3.2.2.3.2.2.3",0.288173484652123,FALSE,TRUE,40
"2.2.2.2.2.2.2.2.2.2.2.3.2.2.2.3.2.2.2.3.2.3",0.261230455710335,FALSE,TRUE,41
"2.2.2.2.2.2.2.2.2.2.2.3.2.2.2.3.2.2.2.2.3.3",0.186195571591685,FALSE,TRUE,40
"2.2.2.2.2.2.2.2.2.2.2.3.2.2.2.3.2.2.2.2.2.4",0.0590437780734165,FALSE,TRUE,41
"1.2.2.2.2.2.2.2.2.2.2.3.2.2.2.3.2.2.2.2.2.3",0.345577624115922,FALSE,TRUE,38
"2.1.2.2.2.2.2.2.2.2.2.3.2.2.2.3.2.2.2.2.2.3",0.112398608793018,FALSE,TRUE,39
"2.2.1.2.2.2.2.2.2.2.2.3.2.2.2.3.2.2.2.2.2.3",0.0994433341450038,FALSE,TRUE,38
"2.2.2.1.2.2.2.2.2.2.2.3.2.2.2.3.2.2.2.2.2.3",0.203806494326648,FALSE,TRUE,39
"2.2.2.2.1.2.2.2.2.2.2.3.2.2.2.3.2.2.2.2.2.3",0.482962064915114,FALSE,TRUE,38
"2.2.2.2.2.1.2.2.2.2.2.3.2.2.2.3.2.2.2.2.2.3",0.313878787619911,FALSE,TRUE,39
"2.2.2.2.2.2.1.2.2.2.2.3.2.2.2.3.2.2.2.2.2.3",0.160244086870895,FALSE,TRUE,39
"2.2.2.2.2.2.2.1.2.2.2.3.2.2.2.3.2.2.2.2.2.3",0.516470947883443,FALSE,TRUE,39
"2.2.2.2.2.2.2.2.1.2.2.3.2.2.2.3.2.2.2.2.2.3",0.44203323690156,FALSE,TRUE,39
"2.2.2.2.2.2.2.2.2.1.2.3.2.2.2.3.2.2.2.2.2.3",0.474517570161988,FALSE,TRUE,39
"2.2.2.2.2.2.2.2.2.2.1.3.2.2.2.3.2.2.2.2.2.3",0.325455514920209,FALSE,TRUE,39
"2.2.2.2.2.2.2.2.2.2.2.3.1.2.2.3.2.2.2.2.2.3",0.38991447244176,FALSE,TRUE,39
"2.2.2.2.2.2.2.2.2.2.2.3.2.1.2.3.2.2.2.2.2.3",0.455115479216115,FALSE,TRUE,38
"2.2.2.2.2.2.2.2.2.2.2.3.2.2.2.2.2.2.2.2.2.3",0.262896566418331,FALSE,TRUE,39
"2.2.2.2.2.2.2.2.2.2.2.3.2.2.2.3.2.1.2.2.2.3",0.287394496969648,FALSE,TRUE,39
"2.2.2.2.2.2.2.2.2.2.2.3.2.2.2.3.2.2.1.2.2.3",0.263562977921389,FALSE,TRUE,39
"2.2.2.2.2.2.2.2.2.2.2.3.2.2.2.3.2.2.2.2.1.3",0.444715033595415,FALSE,TRUE,39
"3.2.2.2.2.2.2.2.2.2.3.2.2.2.2.2.2.2.2.2.2.2",0.265648193848689,FALSE,TRUE,41
"2.3.2.2.2.2.2.2.2.2.3.2.2.2.2.2.2.2.2.2.2.2",0.32406148623709,FALSE,TRUE,41
"2.2.3.2.2.2.2.2.2.2.3.2.2.2.2.2.2.2.2.2.2.2",0.274114325379769,FALSE,TRUE,41
"2.2.2.3.2.2.2.2.2.2.3.2.2.2.2.2.2.2.2.2.2.2",0.215340367466104,FALSE,TRUE,41
"2.2.2.2.3.2.2.2.2.2.3.2.2.2.2.2.2.2.2.2.2.2",0.298508489995951,FALSE,TRUE,41
"2.2.2.2.2.3.2.2.2.2.3.2.2.2.2.2.2.2.2.2.2.2",0.230338257046005,FALSE,TRUE,41
"2.2.2.2.2.2.2.3.2.2.3.2.2.2.2.2.2.2.2.2.2.2",0.102432947954842,FALSE,TRUE,41
"2.2.2.2.2.2.2.2.2.3.3.2.2.2.2.2.2.2.2.2.2.2",0.369334912254723,FALSE,TRUE,41
"2.2.2.2.2.2.2.2.2.2.4.2.2.2.2.2.2.2.2.2.2.2",0.0542412090930823,FALSE,TRUE,42
"2.2.2.2.2.2.2.2.2.2.3.3.2.2.2.2.2.2.2.2.2.2",0.302929644986643,FALSE,TRUE,40
"2.2.2.2.2.2.2.2.2.2.3.2.2.3.2.2.2.2.2.2.2.2",0.106450605006872,FALSE,TRUE,41
"2.2.2.2.2.2.2.2.2.2.3.2.2.2.3.2.2.2.2.2.2.2",0.105160258116804,FALSE,TRUE,41
"2.2.2.2.2.2.2.2.2.2.3.2.2.2.2.2.3.2.2.2.2.2",0.094512623772327,FALSE,TRUE,41
"2.2.2.2.2.2.2.2.2.2.3.2.2.2.2.2.2.3.2.2.2.2",0.304388829595865,FALSE,TRUE,41
"2.2.2.2.2.2.2.2.2.2.3.2.2.2.2.2.2.2.3.2.2.2",0.251441433001305,FALSE,TRUE,41
"2.2.2.2.2.2.2.2.2.2.3.2.2.2.2.2.2.2.2.3.2.2",0.370440880771366,FALSE,TRUE,41
"2.2.2.2.2.2.2.2.2.2.3.2.2.2.2.2.2.2.2.2.3.2",0.23287810459606,FALSE,TRUE,41
"2.2.2.2.2.2.2.2.2.2.3.2.2.2.2.2.2.2.2.2.2.3",0.250820027143264,FALSE,TRUE,41
"1.2.2.2.2.2.2.2.2.2.3.2.2.2.2.2.2.2.2.2.2.2",0.258458090407716,FALSE,TRUE,39
"2.1.2.2.2.2.2.2.2.2.3.2.2.2.2.2.2.2.2.2.2.2",0.256984279615762,FALSE,TRUE,40
"2.2.1.2.2.2.2.2.2.2.3.2.2.2.2.2.2.2.2.2.2.2",0.150532835458597,FALSE,TRUE,40
"2.2.2.1.2.2.2.2.2.2.3.2.2.2.2.2.2.2.2.2.2.2",0.35000052835126,FALSE,TRUE,40
"2.2.2.2.1.2.2.2.2.2.3.2.2.2.2.2.2.2.2.2.2.2",0.334554742332292,FALSE,TRUE,40
"2.2.2.2.2.1.2.2.2.2.3.2.2.2.2.2.2.2.2.2.2.2",0.296446616880753,FALSE,TRUE,40
"2.2.2.2.2.2.1.2.2.2.3.2.2.2.2.2.2.2.2.2.2.2",0.10518003332854,FALSE,TRUE,41
"2.2.2.2.2.2.2.1.2.2.3.2.2.2.2.2.2.2.2.2.2.2",0.503396072211453,FALSE,TRUE,40
"2.2.2.2.2.2.2.2.1.2.3.2.2.2.2.2.2.2.2.2.2.2",0.420352306524498,FALSE,TRUE,39
"2.2.2.2.2.2.2.2.2.1.3.2.2.2.2.2.2.2.2.2.2.2",0.279034368258154,FALSE,TRUE,40
"2.2.2.2.2.2.2.2.2.2.3.2.1.2.2.2.2.2.2.2.2.2",0.415053239956873,FALSE,TRUE,40
"2.2.2.2.2.2.2.2.2.2.3.2.2.1.2.2.2.2.2.2.2.2",0.497301184474376,FALSE,TRUE,40
"2.2.2.2.2.2.2.2.2.2.3.2.2.2.1.2.2.2.2.2.2.2",0.424798165128235,FALSE,TRUE,39
"2.2.2.2.2.2.2.2.2.2.3.2.2.2.2.1.2.2.2.2.2.2",0.229594225655858,FALSE,TRUE,40
"2.2.2.2.2.2.2.2.2.2.3.2.2.2.2.2.1.2.2.2.2.2",0.481834935344147,FALSE,TRUE,40
"2.2.2.2.2.2.2.2.2.2.3.2.2.2.2.2.2.2.1.2.2.2",0.288771352936286,FALSE,TRUE,40
"2.2.2.2.2.2.2.2.2.2.3.2.2.2.2.2.2.2.2.1.2.2",0.305673984845012,FALSE,TRUE,39
"2.2.2.2.2.2.2.2.2.2.3.2.2.2.2.2.2.2.2.2.1.2",0.449971460808755,FALSE,TRUE,38
"2.2.2.2.2.2.2.2.2.2.3.2.2.2.2.2.2.2.2.2.2.1",0.297299710115487,FALSE,TRUE,40
"3.2.2.2.2.2.2.2.2.2.2.2.3.3.2.2.2.2.2.2.1.2",0.250053226454267,FALSE,TRUE,41
"2.3.2.2.2.2.2.2.2.2.2.2.3.3.2.2.2.2.2.2.1.2",0.115855990096045,FALSE,TRUE,41
"2.2.3.2.2.2.2.2.2.2.2.2.3.3.2.2.2.2.2.2.1.2",0.293118695874382,FALSE,TRUE,41
"2.2.2.3.2.2.2.2.2.2.2.2.3.3.2.2.2.2.2.2.1.2",0.262058564069861,FALSE,TRUE,41
"2.2.2.2.3.2.2.2.2.2.2.2.3.3.2.2.2.2.2.2.1.2",0.123524631053122,FALSE,TRUE,41
"2.2.2.2.2.3.2.2.2.2.2.2.3.3.2.2.2.2.2.2.1.2",0.163258948695427,FALSE,TRUE,41
"2.2.2.2.2.2.3.2.2.2.2.2.3.3.2.2.2.2.2.2.1.2",0.362336974874017,FALSE,TRUE,41
"2.2.2.2.2.2.2.3.2.2.2.2.3.3.2.2.2.2.2.2.1.2",0.124929000259131,FALSE,TRUE,41
"2.2.2.2.2.2.2.2.3.2.2.2.3.3.2.2.2.2.2.2.1.2",0.128728605560211,FALSE,TRUE,41
"2.2.2.2.2.2.2.2.2.3.2.2.3.3.2.2.2.2.2.2.1.2",0.231936113061731,FALSE,TRUE,41
"2.2.2.2.2.2.2.2.2.2.3.2.3.3.2.2.2.2.2.2.1.2",0.0524423139440497,FALSE,TRUE,41
"2.2.2.2.2.2.2.2.2.2.2.3.3.3.2.2.2.2.2.2.1.2",0.167539086705545,FALSE,TRUE,41
"2.2.2.2.2.2.2.2.2.2.2.2.4.3.2.2.2.2.2.2.1.2",0.00991103630270376,FALSE,TRUE,41
"2.2.2.2.2.2.2.2.2.2.2.2.3.4.2.2.2.2.2.2.1.2",-0.0176645153855102,FALSE,TRUE,42
"2.2.2.2.2.2.2.2.2.2.2.2.3.3.3.2.2.2.2.2.1.2",-0.232247671123814,FALSE,TRUE,41
"2.2.2.2.2.2.2.2.2.2.2.2.3.3.2.3.2.2.2.2.1.2",0.213658090690532,FALSE,TRUE,41
"2.2.2.2.2.2.2.2.2.2.2.2.3.3.2.2.3.2.2.2.1.2",0.197527224719432,FALSE,TRUE,41
"2.2.2.2.2.2.2.2.2.2.2.2.3.3.2.2.2.3.2.2.1.2",0.216393973062651,FALSE,TRUE,41
"2.2.2.2.2.2.2.2.2.2.2.2.3.3.2.2.2.2.3.2.1.2",0.242697836840906,FALSE,TRUE,41
"2.2.2.2.2.2.2.2.2.2.2.2.3.3.2.2.2.2.2.3.1.2",0.341535630101281,FALSE,TRUE,41
"2.2.2.2.2.2.2.2.2.2.2.2.3.3.2.2.2.2.2.2.1.3",0.242621289158076,FALSE,TRUE,41
"1.2.2.2.2.2.2.2.2.2.2.2.3.3.2.2.2.2.2.2.1.2",-0.0383243399044745,FALSE,TRUE,40
"2.1.2.2.2.2.2.2.2.2.2.2.3.3.2.2.2.2.2.2.1.2",0.0503637225455844,FALSE,TRUE,40
"2.2.1.2.2.2.2.2.2.2.2.2.3.3.2.2.2.2.2.2.1.2",-0.0276413745766927,FALSE,TRUE,40
"2.2.2.1.2.2.2.2.2.2.2.2.3.3.2.2.2.2.2.2.1.2",0.0221986329576793,FALSE,TRUE,40
"2.2.2.2.1.2.2.2.2.2.2.2.3.3.2.2.2.2.2.2.1.2",0.19836116698129,FALSE,TRUE,40
"2.2.2.2.2.1.2.2.2.2.2.2.3.3.2.2.2.2.2.2.1.2",0.168823712225734,FALSE,TRUE,40
"2.2.2.2.2.2.1.2.2.2.2.2.3.3.2.2.2.2.2.2.1.2",-0.121033730209876,FALSE,TRUE,40
"2.2.2.2.2.2.2.1.2.2.2.2.3.3.2.2.2.2.2.2.1.2",0.160101261365547,FALSE,TRUE,40
"2.2.2.2.2.2.2.2.1.2.2.2.3.3.2.2.2.2.2.2.1.2",0.135242999976643,FALSE,TRUE,39
"2.2.2.2.2.2.2.2.2.1.2.2.3.3.2.2.2.2.2.2.1.2",0.0141990645445344,FALSE,TRUE,40
"2.2.2.2.2.2.2.2.2.2.1.2.3.3.2.2.2.2.2.2.1.2",0.0774660283050455,FALSE,TRUE,40
"2.2.2.2.2.2.2.2.2.2.2.1.3.3.2.2.2.2.2.2.1.2",0.116904776537152,FALSE,TRUE,39
"2.2.2.2.2.2.2.2.2.2.2.2.2.3.2.2.2.2.2.2.1.2",0.348779919462065,FALSE,TRUE,39
"2.2.2.2.2.2.2.2.2.2.2.2.3.3.1.2.2.2.2.2.1.2",0.473900265423303,FALSE,TRUE,40
"2.2.2.2.2.2.2.2.2.2.2.2.3.3.2.1.2.2.2.2.1.2",0.0159623662100196,FALSE,TRUE,40
"2.2.2.2.2.2.2.2.2.2.2.2.3.3.2.2.1.2.2.2.1.2",0.0932072587115842,FALSE,TRUE,40
"2.2.2.2.2.2.2.2.2.2.2.2.3.3.2.2.2.1.2.2.1.2",0.1586850104006,FALSE,TRUE,40
"2.2.2.2.2.2.2.2.2.2.2.2.3.3.2.2.2.2.1.2.1.2",-0.035897897866769,FALSE,TRUE,40
"2.2.2.2.2.2.2.2.2.2.2.2.3.3.2.2.2.2.2.1.1.2",-0.0567350077233638,FALSE,TRUE,40
"2.2.2.2.2.2.2.2.2.2.2.2.3.3.2.2.2.2.2.2.1.1",0.0472163832659795,FALSE,TRUE,40
"3.2.2.2.2.2.2.2.2.2.2.2.2.2.1.3.2.2.2.1.2.2",0.336814857120399,FALSE,TRUE,38
"2.3.2.2.2.2.2.2.2.2.2.2.2.2.1.3.2.2.2.1.2.2",0.537253291955042,FALSE,TRUE,38
"2.2.3.2.2.2.2.2.2.2.2.2.2.2.1.3.2.2.2.1.2.2",0.397773054226779,FALSE,TRUE,38
"2.2.2.3.2.2.2.2.2.2.2.2.2.2.1.3.2.2.2.1.2.2",0.531568548879264,FALSE,TRUE,38
"2.2.2.2.3.2.2.2.2.2.2.2.2.2.1.3.2.2.2.1.2.2",0.16493253379755,FALSE,TRUE,38
"2.2.2.2.2.3.2.2.2.2.2.2.2.2.1.3.2.2.2.1.2.2",0.441672087298284,FALSE,TRUE,38
"2.2.2.2.2.2.3.2.2.2.2.2.2.2.1.3.2.2.2.1.2.2",0.535241523346677,FALSE,TRUE,38
"2.2.2.2.2.2.2.3.2.2.2.2.2.2.1.3.2.2.2.1.2.2",0.329540689311197,FALSE,TRUE,38
"2.2.2.2.2.2.2.2.3.2.2.2.2.2.1.3.2.2.2.1.2.2",0.280739344798109,FALSE,TRUE,38
"2.2.2.2.2.2.2.2.2.3.2.2.2.2.1.3.2.2.2.1.2.2",0.331491087519654,FALSE,TRUE,38
"2.2.2.2.2.2.2.2.2.2.3.2.2.2.1.3.2.2.2.1.2.2",0.37847700190512,FALSE,TRUE,38
"2.2.2.2.2.2.2.2.2.2.2.2.2.3.1.3.2.2.2.1.2.2",0.285389986732427,FALSE,TRUE,37
"2.2.2.2.2.2.2.2.2.2.2.2.2.2.1.4.2.2.2.1.2.2",0.34154341397419,FALSE,TRUE,39
"2.2.2.2.2.2.2.2.2.2.2.2.2.2.1.3.3.2.2.1.2.2",0.335853075739656,FALSE,TRUE,38
"2.2.2.2.2.2.2.2.2.2.2.2.2.2.1.3.2.3.2.1.2.2",0.355036278153649,FALSE,TRUE,38
"2.2.2.2.2.2.2.2.2.2.2.2.2.2.1.3.2.2.3.1.2.2",0.293121315449203,FALSE,TRUE,38
"2.2.2.2.2.2.2.2.2.2.2.2.2.2.1.3.2.2.2.1.3.2",0.410670038280654,FALSE,TRUE,38
"2.2.2.2.2.2.2.2.2.2.2.2.2.2.1.3.2.2.2.1.2.3",0.37450271973838,FALSE,TRUE,38
"1.2.2.2.2.2.2.2.2.2.2.2.2.2.1.3.2.2.2.1.2.2",0.262572583300936,FALSE,TRUE,35
"2.1.2.2.2.2.2.2.2.2.2.2.2.2.1.3.2.2.2.1.2.2",0.209146977132099,FALSE,TRUE,37
"2.2.1.2.2.2.2.2.2.2.2.2.2.2.1.3.2.2.2.1.2.2",0.285182642079762,FALSE,TRUE,37
"2.2.2.1.2.2.2.2.2.2.2.2.2.2.1.3.2.2.2.1.2.2",0.187735521887365,FALSE,TRUE,37
"2.2.2.2.1.2.2.2.2.2.2.2.2.2.1.3.2.2.2.1.2.2",0.534918979648079,FALSE,TRUE,37
"2.2.2.2.2.1.2.2.2.2.2.2.2.2.1.3.2.2.2.1.2.2",0.296421232964241,FALSE,TRUE,37
"2.2.2.2.2.2.1.2.2.2.2.2.2.2.1.3.2.2.2.1.2.2",0.164067219510301,FALSE,TRUE,37
"2.2.2.2.2.2.2.1.2.2.2.2.2.2.1.3.2.2.2.1.2.2",0.37516217782148,FALSE,TRUE,37
"2.2.2.2.2.2.2.2.1.2.2.2.2.2.1.3.2.2.2.1.2.2",0.421041920407405,FALSE,TRUE,37
"2.2.2.2.2.2.2.2.2.1.2.2.2.2.1.3.2.2.2.1.2.2",0.363525006128103,FALSE,TRUE,37
"2.2.2.2.2.2.2.2.2.2.1.2.2.2.1.3.2.2.2.1.2.2",0.30037821484199,FALSE,TRUE,37
"2.2.2.2.2.2.2.2.2.2.2.1.2.2.1.3.2.2.2.1.2.2",0.294904219116228,FALSE,TRUE,38
"2.2.2.2.2.2.2.2.2.2.2.2.1.2.1.3.2.2.2.1.2.2",0.283629565270646,FALSE,TRUE,37
"2.2.2.2.2.2.2.2.2.2.2.2.2.1.1.3.2.2.2.1.2.2",0.456998659636616,FALSE,TRUE,36
"2.2.2.2.2.2.2.2.2.2.2.2.2.2.1.3.1.2.2.1.2.2",0.428548262496953,FALSE,TRUE,37
"2.2.2.2.2.2.2.2.2.2.2.2.2.2.1.3.2.1.2.1.2.2",0.457115003292141,FALSE,TRUE,37
"2.2.2.2.2.2.2.2.2.2.2.2.2.2.1.3.2.2.1.1.2.2",0.321342926630219,FALSE,TRUE,37
"2.2.2.2.2.2.2.2.2.2.2.2.2.2.1.3.2.2.2.1.1.2",0.341065867229364,FALSE,TRUE,37
"3.2.2.2.2.2.2.2.2.2.2.3.2.1.1.3.2.2.2.2.2.3",0.140995935610345,FALSE,TRUE,40
"2.3.2.2.2.2.2.2.2.2.2.3.2.1.1.3.2.2.2.2.2.3",0.203670112733986,FALSE,TRUE,40
"2.2.3.2.2.2.2.2.2.2.2.3.2.1.1.3.2.2.2.2.2.3",0.124716624314342,FALSE,TRUE,40
"2.2.2.3.2.2.2.2.2.2.2.3.2.1.1.3.2.2.2.2.2.3",0.119937603845249,FALSE,TRUE,40
"2.2.2.2.3.2.2.2.2.2.2.3.2.1.1.3.2.2.2.2.2.3",0.121775653594499,FALSE,TRUE,40
"2.2.2.2.2.3.2.2.2.2.2.3.2.1.1.3.2.2.2.2.2.3",0.179945507488993,FALSE,TRUE,40
"2.2.2.2.2.2.3.2.2.2.2.3.2.1.1.3.2.2.2.2.2.3",0.121305986271075,FALSE,TRUE,40
"2.2.2.2.2.2.2.3.2.2.2.3.2.1.1.3.2.2.2.2.2.3",0.0379399384051415,FALSE,TRUE,40
"2.2.2.2.2.2.2.2.3.2.2.3.2.1.1.3.2.2.2.2.2.3",0.0918192034806776,FALSE,TRUE,40
"2.2.2.2.2.2.2.2.2.3.2.3.2.1.1.3.2.2.2.2.2.3",0.0681328272563528,FALSE,TRUE,40
"2.2.2.2.2.2.2.2.2.2.3.3.2.1.1.3.2.2.2.2.2.3",0.199506192078338,FALSE,TRUE,40
"2.2.2.2.2.2.2.2.2.2.2.4.2.1.1.3.2.2.2.2.2.3",0.145172188141432,FALSE,TRUE,39
"2.2.2.2.2.2.2.2.2.2.2.3.3.1.1.3.2.2.2.2.2.3",0.313984799969279,FALSE,TRUE,40
"2.2.2.2.2.2.2.2.2.2.2.3.2.1.1.4.2.2.2.2.2.3",0.192562306669422,FALSE,TRUE,40
"2.2.2.2.2.2.2.2.2.2.2.3.2.1.1.3.3.2.2.2.2.3",0.163002716371122,FALSE,TRUE,40
"2.2.2.2.2.2.2.2.2.2.2.3.2.1.1.3.2.3.2.2.2.3",0.191694600622622,FALSE,TRUE,40
"2.2.2.2.2.2.2.2.2.2.2.3.2.1.1.3.2.2.3.2.2.3",0.121430150777697,FALSE,TRUE,40
"2.2.2.2.2.2.2.2.2.2.2.3.2.1.1.3.2.2.2.3.2.3",0.0775006712265409,FALSE,TRUE,40
"2.2.2.2.2.2.2.2.2.2.2.3.2.1.1.3.2.2.2.2.3.3",0.236183936854445,FALSE,TRUE,40
"2.2.2.2.2.2.2.2.2.2.2.3.2.1.1.3.2.2.2.2.2.4",0.0268576400814212,FALSE,TRUE,41
"1.2.2.2.2.2.2.2.2.2.2.3.2.1.1.3.2.2.2.2.2.3",0.168771015494744,FALSE,TRUE,39
"2.1.2.2.2.2.2.2.2.2.2.3.2.1.1.3.2.2.2.2.2.3",0.223451020525581,FALSE,TRUE,39
"2.2.1.2.2.2.2.2.2.2.2.3.2.1.1.3.2.2.2.2.2.3",0.404671655241258,FALSE,TRUE,39
"2.2.2.1.2.2.2.2.2.2.2.3.2.1.1.3.2.2.2.2.2.3",0.279192505834897,FALSE,TRUE,39
"2.2.2.2.1.2.2.2.2.2.2.3.2.1.1.3.2.2.2.2.2.3",0.231124849319646,FALSE,TRUE,39
"2.2.2.2.2.1.2.2.2.2.2.3.2.1.1.3.2.2.2.2.2.3",0.271072560776546,FALSE,TRUE,39
"2.2.2.2.2.2.1.2.2.2.2.3.2.1.1.3.2.2.2.2.2.3",0.215519525248693,FALSE,TRUE,39
"2.2.2.2.2.2.2.1.2.2.2.3.2.1.1.3.2.2.2.2.2.3",0.366922927420433,FALSE,TRUE,39
"2.2.2.2.2.2.2.2.1.2.2.3.2.1.1.3.2.2.2.2.2.3",0.38187898078294,FALSE,TRUE,39
"2.2.2.2.2.2.2.2.2.1.2.3.2.1.1.3.2.2.2.2.2.3",0.269211835324311,FALSE,TRUE,39
"2.2.2.2.2.2.2.2.2.2.1.3.2.1.1.3.2.2.2.2.2.3",0.293099031986063,FALSE,TRUE,39
"2.2.2.2.2.2.2.2.2.2.2.2.2.1.1.3.2.2.2.2.2.3",0.303343163224061,FALSE,TRUE,40
"2.2.2.2.2.2.2.2.2.2.2.3.1.1.1.3.2.2.2.2.2.3",0.110538401849437,FALSE,TRUE,39
"2.2.2.2.2.2.2.2.2.2.2.3.2.1.1.2.2.2.2.2.2.3",0.227539490940986,FALSE,TRUE,40
"2.2.2.2.2.2.2.2.2.2.2.3.2.1.1.3.1.2.2.2.2.3",0.334979914570404,FALSE,TRUE,37
"2.2.2.2.2.2.2.2.2.2.2.3.2.1.1.3.2.1.2.2.2.3",0.324144915169574,FALSE,TRUE,39
"2.2.2.2.2.2.2.2.2.2.2.3.2.1.1.3.2.2.1.2.2.3",0.304136079386165,FALSE,TRUE,39
"2.2.2.2.2.2.2.2.2.2.2.3.2.1.1.3.2.2.2.1.2.3",0.367869110481825,FALSE,TRUE,37
"2.2.2.2.2.2.2.2.2.2.2.3.2.1.1.3.2.2.2.2.1.3",0.200693232048131,FALSE,TRUE,39
"3.2.3.2.2.2.2.2.2.2.2.3.2.1.1.3.2.2.2.2.2.2",0.07627369827966,FALSE,TRUE,40
"2.3.3.2.2.2.2.2.2.2.2.3.2.1.1.3.2.2.2.2.2.2",0.139083473803112,FALSE,TRUE,40
"2.2.4.2.2.2.2.2.2.2.2.3.2.1.1.3.2.2.2.2.2.2",0.237614575450435,FALSE,TRUE,41
"2.2.3.3.2.2.2.2.2.2.2.3.2.1.1.3.2.2.2.2.2.2",0.176510639158743,FALSE,TRUE,40
"2.2.3.2.3.2.2.2.2.2.2.3.2.1.1.3.2.2.2.2.2.2",0.228750638755763,FALSE,TRUE,40
"2.2.3.2.2.3.2.2.2.2.2.3.2.1.1.3.2.2.2.2.2.2",0.322096675039835,FALSE,TRUE,40
"2.2.3.2.2.2.3.2.2.2.2.3.2.1.1.3.2.2.2.2.2.2",0.0349346906949798,FALSE,TRUE,40
"2.2.3.2.2.2.2.3.2.2.2.3.2.1.1.3.2.2.2.2.2.2",0.0983100341851366,FALSE,TRUE,40
"2.2.3.2.2.2.2.2.3.2.2.3.2.1.1.3.2.2.2.2.2.2",0.216362635793844,FALSE,TRUE,40
"2.2.3.2.2.2.2.2.2.3.2.3.2.1.1.3.2.2.2.2.2.2",0.0303732386787201,FALSE,TRUE,40
"2.2.3.2.2.2.2.2.2.2.3.3.2.1.1.3.2.2.2.2.2.2",0.313274337621082,FALSE,TRUE,40
"2.2.3.2.2.2.2.2.2.2.2.4.2.1.1.3.2.2.2.2.2.2",0.188062557544833,FALSE,TRUE,39
"2.2.3.2.2.2.2.2.2.2.2.3.3.1.1.3.2.2.2.2.2.2",0.371972333823799,FALSE,TRUE,40
"2.2.3.2.2.2.2.2.2.2.2.3.2.1.2.3.2.2.2.2.2.2",0.443758837904468,FALSE,TRUE,40
"2.2.3.2.2.2.2.2.2.2.2.3.2.1.1.4.2.2.2.2.2.2",0.293601926918301,FALSE,TRUE,40
"2.2.3.2.2.2.2.2.2.2.2.3.2.1.1.3.3.2.2.2.2.2",0.136143626517093,FALSE,TRUE,40
"2.2.3.2.2.2.2.2.2.2.2.3.2.1.1.3.2.3.2.2.2.2",0.328167716661913,FALSE,TRUE,40
"2.2.3.2.2.2.2.2.2.2.2.3.2.1.1.3.2.2.3.2.2.2",0.0829058238390114,FALSE,TRUE,40
"2.2.3.2.2.2.2.2.2.2.2.3.2.1.1.3.2.2.2.3.2.2",0.0665805062546612,FALSE,TRUE,40
"2.2.3.2.2.2.2.2.2.2.2.3.2.1.1.3.2.2.2.2.3.2",0.36434441351116,FALSE,TRUE,40
"1.2.3.2.2.2.2.2.2.2.2.3.2.1.1.3.2.2.2.2.2.2",0.278182717977492,FALSE,TRUE,39
"2.1.3.2.2.2.2.2.2.2.2.3.2.1.1.3.2.2.2.2.2.2",0.16827623368889,FALSE,TRUE,39
"2.2.3.1.2.2.2.2.2.2.2.3.2.1.1.3.2.2.2.2.2.2",0.239433517936791,FALSE,TRUE,39
"2.2.3.2.1.2.2.2.2.2.2.3.2.1.1.3.2.2.2.2.2.2",0.181123671236136,FALSE,TRUE,39
"2.2.3.2.2.1.2.2.2.2.2.3.2.1.1.3.2.2.2.2.2.2",0.0207710535427857,FALSE,TRUE,39
"2.2.3.2.2.2.1.2.2.2.2.3.2.1.1.3.2.2.2.2.2.2",0.245378612812956,FALSE,TRUE,39
"2.2.3.2.2.2.2.1.2.2.2.3.2.1.1.3.2.2.2.2.2.2",0.293086998337162,FALSE,TRUE,39
"2.2.3.2.2.2.2.2.1.2.2.3.2.1.1.3.2.2.2.2.2.2",0.27337074502497,FALSE,TRUE,39
"2.2.3.2.2.2.2.2.2.1.2.3.2.1.1.3.2.2.2.2.2.2",0.28472166927764,FALSE,TRUE,39
"2.2.3.2.2.2.2.2.2.2.1.3.2.1.1.3.2.2.2.2.2.2",0.0500317928453718,FALSE,TRUE,39
"2.2.3.2.2.2.2.2.2.2.2.2.2.1.1.3.2.2.2.2.2.2",0.188984655409544,FALSE,TRUE,40
"2.2.3.2.2.2.2.2.2.2.2.3.1.1.1.3.2.2.2.2.2.2",0.0679835809213316,FALSE,TRUE,39
"2.2.3.2.2.2.2.2.2.2.2.3.2.1.1.2.2.2.2.2.2.2",0.126739047619516,FALSE,TRUE,40
"2.2.3.2.2.2.2.2.2.2.2.3.2.1.1.3.1.2.2.2.2.2",0.286240483125357,FALSE,TRUE,39
"2.2.3.2.2.2.2.2.2.2.2.3.2.1.1.3.2.1.2.2.2.2",0.195362894449854,FALSE,TRUE,39
"2.2.3.2.2.2.2.2.2.2.2.3.2.1.1.3.2.2.1.2.2.2",0.396029907865985,FALSE,TRUE,39
"2.2.3.2.2.2.2.2.2.2.2.3.2.1.1.3.2.2.2.1.2.2",0.407589923624333,FALSE,TRUE,38
"2.2.3.2.2.2.2.2.2.2.2.3.2.1.1.3.2.2.2.2.1.2",0.094184317038073,FALSE,TRUE,39
"2.2.3.2.2.2.2.2.2.2.2.3.2.1.1.3.2.2.2.2.2.1",0.203051956441559,FALSE,TRUE,39
"2.2.2.2.2.2.2.2.2.2.2.2.2.1.2.3.2.3.2.2.2.2",0.547066443774145,FALSE,TRUE,40
"1.3.2.2.2.2.2.2.2.2.2.2.2.1.2.3.2.3.2.2.2.2",0.344758220573446,FALSE,TRUE,40
"1.2.3.2.2.2.2.2.2.2.2.2.2.1.2.3.2.3.2.2.2.2",0.26502067165079,FALSE,TRUE,40
"1.2.2.3.2.2.2.2.2.2.2.2.2.1.2.3.2.3.2.2.2.2",0.511531975579371,FALSE,TRUE,40
"1.2.2.2.3.2.2.2.2.2.2.2.2.1.2.3.2.3.2.2.2.2",0.208414128736637,FALSE,TRUE,40
"1.2.2.2.2.3.2.2.2.2.2.2.2.1.2.3.2.3.2.2.2.2",0.510977573403117,FALSE,TRUE,40
"1.2.2.2.2.2.3.2.2.2.2.2.2.1.2.3.2.3.2.2.2.2",0.552954193770595,FALSE,TRUE,40
"1.2.2.2.2.2.2.3.2.2.2.2.2.1.2.3.2.3.2.2.2.2",0.340794273445241,FALSE,TRUE,40
"1.2.2.2.2.2.2.2.3.2.2.2.2.1.2.3.2.3.2.2.2.2",0.378459458081977,FALSE,TRUE,40
"1.2.2.2.2.2.2.2.2.3.2.2.2.1.2.3.2.3.2.2.2.2",0.373725445141686,FALSE,TRUE,39
"1.2.2.2.2.2.2.2.2.2.3.2.2.1.2.3.2.3.2.2.2.2",0.382963048000164,FALSE,TRUE,40
"1.2.2.2.2.2.2.2.2.2.2.3.2.1.2.3.2.3.2.2.2.2",0.508494360569667,FALSE,TRUE,40
"1.2.2.2.2.2.2.2.2.2.2.2.3.1.2.3.2.3.2.2.2.2",0.486221533057703,FALSE,TRUE,40
"1.2.2.2.2.2.2.2.2.2.2.2.2.1.3.3.2.3.2.2.2.2",0.417164491148745,FALSE,TRUE,40
"1.2.2.2.2.2.2.2.2.2.2.2.2.1.2.4.2.3.2.2.2.2",0.390623668186648,FALSE,TRUE,40
"1.2.2.2.2.2.2.2.2.2.2.2.2.1.2.3.3.3.2.2.2.2",0.352281579439402,FALSE,TRUE,40
"1.2.2.2.2.2.2.2.2.2.2.2.2.1.2.3.2.4.2.2.2.2",0.266075855636692,FALSE,TRUE,41
"1.2.2.2.2.2.2.2.2.2.2.2.2.1.2.3.2.3.3.2.2.2",0.452984161114483,FALSE,TRUE,40
"1.2.2.2.2.2.2.2.2.2.2.2.2.1.2.3.2.3.2.3.2.2",0.395119199936777,FALSE,TRUE,40
"1.2.2.2.2.2.2.2.2.2.2.2.2.1.2.3.2.3.2.2.3.2",0.455150943137969,FALSE,TRUE,40
"1.2.2.2.2.2.2.2.2.2.2.2.2.1.2.3.2.3.2.2.2.3",0.391257194528601,FALSE,TRUE,40
"1.1.2.2.2.2.2.2.2.2.2.2.2.1.2.3.2.3.2.2.2.2",0.326000099541606,FALSE,TRUE,39
"1.2.1.2.2.2.2.2.2.2.2.2.2.1.2.3.2.3.2.2.2.2",0.407024569531939,FALSE,TRUE,39
"1.2.2.1.2.2.2.2.2.2.2.2.2.1.2.3.2.3.2.2.2.2",0.223512088090244,FALSE,TRUE,39
"1.2.2.2.1.2.2.2.2.2.2.2.2.1.2.3.2.3.2.2.2.2",0.560364644720821,FALSE,TRUE,39
"1.2.2.2.2.1.2.2.2.2.2.2.2.1.2.3.2.3.2.2.2.2",0.212163741619372,FALSE,TRUE,39
"1.2.2.2.2.2.1.2.2.2.2.2.2.1.2.3.2.3.2.2.2.2",0.135675461868378,FALSE,TRUE,39
"1.2.2.2.2.2.2.1.2.2.2.2.2.1.2.3.2.3.2.2.2.2",0.432855499392051,FALSE,TRUE,39
"1.2.2.2.2.2.2.2.1.2.2.2.2.1.2.3.2.3.2.2.2.2",0.49135113193701,FALSE,TRUE,39
"1.2.2.2.2.2.2.2.2.1.2.2.2.1.2.3.2.3.2.2.2.2",0.374017726903124,FALSE,TRUE,39
"1.2.2.2.2.2.2.2.2.2.1.2.2.1.2.3.2.3.2.2.2.2",0.239009745695041,FALSE,TRUE,39
"1.2.2.2.2.2.2.2.2.2.2.1.2.1.2.3.2.3.2.2.2.2",0.25892178704598,FALSE,TRUE,39
"1.2.2.2.2.2.2.2.2.2.2.2.1.1.2.3.2.3.2.2.2.2",0.334431862001616,FALSE,TRUE,39
"1.2.2.2.2.2.2.2.2.2.2.2.2.1.1.3.2.3.2.2.2.2",0.169429805606763,FALSE,TRUE,39
"1.2.2.2.2.2.2.2.2.2.2.2.2.1.2.2.2.3.2.2.2.2",0.368117563618668,FALSE,TRUE,40
"1.2.2.2.2.2.2.2.2.2.2.2.2.1.2.3.1.3.2.2.2.2",0.420364454346884,FALSE,TRUE,39
"1.2.2.2.2.2.2.2.2.2.2.2.2.1.2.3.2.3.1.2.2.2",0.396684814034917,FALSE,TRUE,39
"1.2.2.2.2.2.2.2.2.2.2.2.2.1.2.3.2.3.2.1.2.2",0.479959981306878,FALSE,TRUE,39
"1.2.2.2.2.2.2.2.2.2.2.2.2.1.2.3.2.3.2.2.1.2",0.403397896643219,FALSE,TRUE,39
"1.2.2.2.2.2.2.2.2.2.2.2.2.1.2.3.2.3.2.2.2.1",0.31914231318362,FALSE,TRUE,39
"3.2.1.2.2.2.2.2.2.2.2.3.2.2.2.3.2.2.2.2.2.2",0.157737317217696,FALSE,TRUE,40
"2.3.1.2.2.2.2.2.2.2.2.3.2.2.2.3.2.2.2.2.2.2",0.474488733710218,FALSE,TRUE,39
"2.2.1.2.3.2.2.2.2.2.2.3.2.2.2.3.2.2.2.2.2.2",-0.0873620706843571,FALSE,TRUE,41
"2.2.1.2.2.3.2.2.2.2.2.3.2.2.2.3.2.2.2.2.2.2",0.248012409330505,FALSE,TRUE,40
"2.2.1.2.2.2.3.2.2.2.2.3.2.2.2.3.2.2.2.2.2.2",0.416183591957585,FALSE,TRUE,40
"2.2.1.2.2.2.2.3.2.2.2.3.2.2.2.3.2.2.2.2.2.2",0.0569813687789425,FALSE,TRUE,40
"2.2.1.2.2.2.2.2.3.2.2.3.2.2.2.3.2.2.2.2.2.2",0.0764102140509579,FALSE,TRUE,40
"2.2.1.2.2.2.2.2.2.3.2.3.2.2.2.3.2.2.2.2.2.2",0.0689530093924115,FALSE,TRUE,40
"2.2.1.2.2.2.2.2.2.2.3.3.2.2.2.3.2.2.2.2.2.2",0.193232131265184,FALSE,TRUE,40
"2.2.1.2.2.2.2.2.2.2.2.4.2.2.2.3.2.2.2.2.2.2",0.243124636949863,FALSE,TRUE,39
"2.2.1.2.2.2.2.2.2.2.2.3.3.2.2.3.2.2.2.2.2.2",0.141274598696723,FALSE,TRUE,40
"2.2.1.2.2.2.2.2.2.2.2.3.2.3.2.3.2.2.2.2.2.2",-0.081018172769044,FALSE,TRUE,39
"2.2.1.2.2.2.2.2.2.2.2.3.2.2.3.3.2.2.2.2.2.2",0.129193461214804,FALSE,TRUE,40
"2.2.1.2.2.2.2.2.2.2.2.3.2.2.2.4.2.2.2.2.2.2",0.280789149161948,FALSE,TRUE,40
"2.2.1.2.2.2.2.2.2.2.2.3.2.2.2.3.3.2.2.2.2.2",0.235124014828305,FALSE,TRUE,40
"2.2.1.2.2.2.2.2.2.2.2.3.2.2.2.3.2.3.2.2.2.2",0.30382853464515,FALSE,TRUE,40
"2.2.1.2.2.2.2.2.2.2.2.3.2.2.2.3.2.2.3.2.2.2",0.203675689098336,FALSE,TRUE,40
"2.2.1.2.2.2.2.2.2.2.2.3.2.2.2.3.2.2.2.3.2.2",0.256858628198934,FALSE,TRUE,40
"2.2.1.2.2.2.2.2.2.2.2.3.2.2.2.3.2.2.2.2.3.2",0.13567551961285,FALSE,TRUE,40
"1.2.1.2.2.2.2.2.2.2.2.3.2.2.2.3.2.2.2.2.2.2",0.233732990501676,FALSE,TRUE,38
"2.1.1.2.2.2.2.2.2.2.2.3.2.2.2.3.2.2.2.2.2.2",-0.0148735307671323,FALSE,TRUE,39
"2.2.1.1.2.2.2.2.2.2.2.3.2.2.2.3.2.2.2.2.2.2",-0.0199298487191925,FALSE,TRUE,39
"2.2.1.2.2.1.2.2.2.2.2.3.2.2.2.3.2.2.2.2.2.2",0.173465887635868,FALSE,TRUE,39
"2.2.1.2.2.2.1.2.2.2.2.3.2.2.2.3.2.2.2.2.2.2",-0.0319976923884948,FALSE,TRUE,39
"2.2.1.2.2.2.2.1.2.2.2.3.2.2.2.3.2.2.2.2.2.2",0.371411791155213,FALSE,TRUE,39
"2.2.1.2.2.2.2.2.1.2.2.3.2.2.2.3.2.2.2.2.2.2",0.302038226998451,FALSE,TRUE,39
"2.2.1.2.2.2.2.2.2.1.2.3.2.2.2.3.2.2.2.2.2.2",0.323252860887792,FALSE,TRUE,39
"2.2.1.2.2.2.2.2.2.2.1.3.2.2.2.3.2.2.2.2.2.2",0.228651463017125,FALSE,TRUE,39
"2.2.1.2.2.2.2.2.2.2.2.3.1.2.2.3.2.2.2.2.2.2",0.314447648790989,FALSE,TRUE,39
"2.2.1.2.2.2.2.2.2.2.2.3.2.1.2.3.2.2.2.2.2.2",0.521934699412623,FALSE,TRUE,38
"2.2.1.2.2.2.2.2.2.2.2.3.2.2.2.2.2.2.2.2.2.2",0.182590568185245,FALSE,TRUE,39
"2.2.1.2.2.2.2.2.2.2.2.3.2.2.2.3.1.2.2.2.2.2",0.226396995113486,FALSE,TRUE,38
"2.2.1.2.2.2.2.2.2.2.2.3.2.2.2.3.2.1.2.2.2.2",0.192756322695958,FALSE,TRUE,39
"2.2.1.2.2.2.2.2.2.2.2.3.2.2.2.3.2.2.1.2.2.2",0.111740026433892,FALSE,TRUE,39
"2.2.1.2.2.2.2.2.2.2.2.3.2.2.2.3.2.2.2.1.2.2",0.187304936126361,FALSE,TRUE,36
"2.2.1.2.2.2.2.2.2.2.2.3.2.2.2.3.2.2.2.2.1.2",0.30643003505239,FALSE,TRUE,39
"2.2.1.2.2.2.2.2.2.2.2.3.2.2.2.3.2.2.2.2.2.1",0.343689750698357,FALSE,TRUE,39
"3.2.2.2.2.2.2.2.2.2.2.3.2.2.2.3.2.2.2.1.2.2",0.423467297928467,FALSE,TRUE,38
"2.3.2.2.2.2.2.2.2.2.2.3.2.2.2.3.2.2.2.1.2.2",0.666108151063551,FALSE,TRUE,37
"2.2.3.2.2.2.2.2.2.2.2.3.2.2.2.3.2.2.2.1.2.2",0.493713151237498,FALSE,TRUE,38
"2.2.2.2.3.2.2.2.2.2.2.3.2.2.2.3.2.2.2.1.2.2",0.24011824253875,FALSE,TRUE,38
"2.2.2.2.2.3.2.2.2.2.2.3.2.2.2.3.2.2.2.1.2.2",0.45467449734577,FALSE,TRUE,38
"2.2.2.2.2.2.3.2.2.2.2.3.2.2.2.3.2.2.2.1.2.2",0.672102219287224,FALSE,TRUE,38
"2.2.2.2.2.2.2.3.2.2.2.3.2.2.2.3.2.2.2.1.2.2",0.300510843385913,FALSE,TRUE,38
"2.2.2.2.2.2.2.2.3.2.2.3.2.2.2.3.2.2.2.1.2.2",0.349409845800704,FALSE,TRUE,38
"2.2.2.2.2.2.2.2.2.3.2.3.2.2.2.3.2.2.2.1.2.2",0.355374985394982,FALSE,TRUE,38
"2.2.2.2.2.2.2.2.2.2.3.3.2.2.2.3.2.2.2.1.2.2",0.326072858162069,FALSE,TRUE,38
"2.2.2.2.2.2.2.2.2.2.2.4.2.2.2.3.2.2.2.1.2.2",0.501745958042845,FALSE,TRUE,38
"2.2.2.2.2.2.2.2.2.2.2.3.2.2.3.3.2.2.2.1.2.2",0.43063025732739,FALSE,TRUE,39
"2.2.2.2.2.2.2.2.2.2.2.3.2.2.2.4.2.2.2.1.2.2",0.47728231598617,FALSE,TRUE,38
"2.2.2.2.2.2.2.2.2.2.2.3.2.2.2.3.3.2.2.1.2.2",0.376115665297962,FALSE,TRUE,38
"2.2.2.2.2.2.2.2.2.2.2.3.2.2.2.3.2.3.2.1.2.2",0.433026367523858,FALSE,TRUE,38
"2.2.2.2.2.2.2.2.2.2.2.3.2.2.2.3.2.2.3.1.2.2",0.473495120825202,FALSE,TRUE,38
"2.2.2.2.2.2.2.2.2.2.2.3.2.2.2.3.2.2.2.1.3.2",0.42705357717064,FALSE,TRUE,38
"1.2.2.2.2.2.2.2.2.2.2.3.2.2.2.3.2.2.2.1.2.2",0.499320095130154,FALSE,TRUE,36
"2.1.2.2.2.2.2.2.2.2.2.3.2.2.2.3.2.2.2.1.2.2",0.242670939221695,FALSE,TRUE,37
"2.2.2.1.2.2.2.2.2.2.2.3.2.2.2.3.2.2.2.1.2.2",0.309253455018859,FALSE,TRUE,37
"2.2.2.2.1.2.2.2.2.2.2.3.2.2.2.3.2.2.2.1.2.2",0.654932417668965,FALSE,TRUE,36
"2.2.2.2.2.1.2.2.2.2.2.3.2.2.2.3.2.2.2.1.2.2",0.375874191267506,FALSE,TRUE,37
"2.2.2.2.2.2.1.2.2.2.2.3.2.2.2.3.2.2.2.1.2.2",0.235827320148038,FALSE,TRUE,37
"2.2.2.2.2.2.2.1.2.2.2.3.2.2.2.3.2.2.2.1.2.2",0.608854549484908,FALSE,TRUE,37
"2.2.2.2.2.2.2.2.1.2.2.3.2.2.2.3.2.2.2.1.2.2",0.564114822573575,FALSE,TRUE,37
"2.2.2.2.2.2.2.2.2.1.2.3.2.2.2.3.2.2.2.1.2.2",0.567388768424304,FALSE,TRUE,37
"2.2.2.2.2.2.2.2.2.2.1.3.2.2.2.3.2.2.2.1.2.2",0.422252304270582,FALSE,TRUE,37
"2.2.2.2.2.2.2.2.2.2.2.3.1.2.2.3.2.2.2.1.2.2",0.495200861175638,FALSE,TRUE,36
"2.2.2.2.2.2.2.2.2.2.2.3.2.1.2.3.2.2.2.1.2.2",0.665465611397096,FALSE,TRUE,38
"2.2.2.2.2.2.2.2.2.2.2.3.2.2.2.2.2.2.2.1.2.2",0.41967781196196,FALSE,TRUE,37
"2.2.2.2.2.2.2.2.2.2.2.3.2.2.2.3.1.2.2.1.2.2",0.553672013796781,FALSE,TRUE,37
"2.2.2.2.2.2.2.2.2.2.2.3.2.2.2.3.2.1.2.1.2.2",0.464595041381348,FALSE,TRUE,37
"2.2.2.2.2.2.2.2.2.2.2.3.2.2.2.3.2.2.1.1.2.2",0.400748293951145,FALSE,TRUE,37
"2.2.2.2.2.2.2.2.2.2.2.3.2.2.2.3.2.2.2.1.1.2",0.550695766987457,FALSE,TRUE,37
"2.2.2.2.2.2.2.2.2.2.2.3.2.2.2.3.2.2.2.1.2.1",0.545244484020223,FALSE,TRUE,36
"3.2.2.2.2.2.2.2.2.2.2.2.2.2.1.2.2.2.2.1.2.2",0.400874642756195,FALSE,TRUE,39
"2.3.2.2.2.2.2.2.2.2.2.2.2.2.1.2.2.2.2.1.2.2",0.455606785616336,FALSE,TRUE,39
"2.2.3.2.2.2.2.2.2.2.2.2.2.2.1.2.2.2.2.1.2.2",0.36599700606257,FALSE,TRUE,39
"2.2.2.3.2.2.2.2.2.2.2.2.2.2.1.2.2.2.2.1.2.2",0.496777514239698,FALSE,TRUE,39
"2.2.2.2.3.2.2.2.2.2.2.2.2.2.1.2.2.2.2.1.2.2",0.22870347181416,FALSE,TRUE,39
"2.2.2.2.2.3.2.2.2.2.2.2.2.2.1.2.2.2.2.1.2.2",0.459072429911625,FALSE,TRUE,39
"2.2.2.2.2.2.3.2.2.2.2.2.2.2.1.2.2.2.2.1.2.2",0.557044651968902,FALSE,TRUE,39
"2.2.2.2.2.2.2.3.2.2.2.2.2.2.1.2.2.2.2.1.2.2",0.275384367219213,FALSE,TRUE,39
"2.2.2.2.2.2.2.2.3.2.2.2.2.2.1.2.2.2.2.1.2.2",0.251554588724244,FALSE,TRUE,37
"2.2.2.2.2.2.2.2.2.3.2.2.2.2.1.2.2.2.2.1.2.2",0.375920783327807,FALSE,TRUE,39
"2.2.2.2.2.2.2.2.2.2.3.2.2.2.1.2.2.2.2.1.2.2",0.409470305516201,FALSE,TRUE,37
"2.2.2.2.2.2.2.2.2.2.2.2.3.2.1.2.2.2.2.1.2.2",0.441007202605465,FALSE,TRUE,35
"2.2.2.2.2.2.2.2.2.2.2.2.2.3.1.2.2.2.2.1.2.2",0.287215779327784,FALSE,TRUE,39
"2.2.2.2.2.2.2.2.2.2.2.2.2.2.1.2.3.2.2.1.2.2",0.326630570546964,FALSE,TRUE,39
"2.2.2.2.2.2.2.2.2.2.2.2.2.2.1.2.2.3.2.1.2.2",0.39562252973822,FALSE,TRUE,40
"2.2.2.2.2.2.2.2.2.2.2.2.2.2.1.2.2.2.3.1.2.2",0.295324451623351,FALSE,TRUE,39
"2.2.2.2.2.2.2.2.2.2.2.2.2.2.1.2.2.2.2.1.3.2",0.385446022283259,FALSE,TRUE,39
"2.2.2.2.2.2.2.2.2.2.2.2.2.2.1.2.2.2.2.1.2.3",0.401418239814276,FALSE,TRUE,39
"1.2.2.2.2.2.2.2.2.2.2.2.2.2.1.2.2.2.2.1.2.2",0.204526064697719,FALSE,TRUE,38
"2.1.2.2.2.2.2.2.2.2.2.2.2.2.1.2.2.2.2.1.2.2",0.20356806657543,FALSE,TRUE,36
"2.2.1.2.2.2.2.2.2.2.2.2.2.2.1.2.2.2.2.1.2.2",0.174499119340679,FALSE,TRUE,38
"2.2.2.1.2.2.2.2.2.2.2.2.2.2.1.2.2.2.2.1.2.2",0.125259015251474,FALSE,TRUE,38
"2.2.2.2.1.2.2.2.2.2.2.2.2.2.1.2.2.2.2.1.2.2",0.452007436452561,FALSE,TRUE,37
"2.2.2.2.2.1.2.2.2.2.2.2.2.2.1.2.2.2.2.1.2.2",0.29795571146697,FALSE,TRUE,38
"2.2.2.2.2.2.1.2.2.2.2.2.2.2.1.2.2.2.2.1.2.2",0.084975022029964,FALSE,TRUE,38
"2.2.2.2.2.2.2.1.2.2.2.2.2.2.1.2.2.2.2.1.2.2",0.38863549721186,FALSE,TRUE,38
"2.2.2.2.2.2.2.2.1.2.2.2.2.2.1.2.2.2.2.1.2.2",0.401315831827251,FALSE,TRUE,36
"2.2.2.2.2.2.2.2.2.1.2.2.2.2.1.2.2.2.2.1.2.2",0.29305248230819,FALSE,TRUE,38
"2.2.2.2.2.2.2.2.2.2.1.2.2.2.1.2.2.2.2.1.2.2",0.216677514014668,FALSE,TRUE,38
"2.2.2.2.2.2.2.2.2.2.2.1.2.2.1.2.2.2.2.1.2.2",0.307389439675996,FALSE,TRUE,36
"2.2.2.2.2.2.2.2.2.2.2.2.1.2.1.2.2.2.2.1.2.2",0.303853035776141,FALSE,TRUE,38
"2.2.2.2.2.2.2.2.2.2.2.2.2.1.1.2.2.2.2.1.2.2",0.432379075475154,FALSE,TRUE,38
"2.2.2.2.2.2.2.2.2.2.2.2.2.2.1.1.2.2.2.1.2.2",0.277450706858738,FALSE,TRUE,39
"2.2.2.2.2.2.2.2.2.2.2.2.2.2.1.2.1.2.2.1.2.2",0.353869581057392,FALSE,TRUE,38
"2.2.2.2.2.2.2.2.2.2.2.2.2.2.1.2.2.2.1.1.2.2",0.269612136012736,FALSE,TRUE,38
"2.2.2.2.2.2.2.2.2.2.2.2.2.2.1.2.2.2.2.1.1.2",0.345980771625175,FALSE,TRUE,38
"2.2.2.2.2.2.2.2.2.2.2.2.2.2.1.2.2.2.2.1.2.1",0.285157223144136,FALSE,TRUE,38
"3.2.2.2.2.2.2.2.2.2.2.2.2.2.1.2.2.1.2.1.2.2",0.374309775049805,FALSE,TRUE,39
"2.3.2.2.2.2.2.2.2.2.2.2.2.2.1.2.2.1.2.1.2.2",0.484504806833614,FALSE,TRUE,39
"2.2.3.2.2.2.2.2.2.2.2.2.2.2.1.2.2.1.2.1.2.2",0.418948460050822,FALSE,TRUE,39
"2.2.2.3.2.2.2.2.2.2.2.2.2.2.1.2.2.1.2.1.2.2",0.579556337681671,FALSE,TRUE,39
"2.2.2.2.3.2.2.2.2.2.2.2.2.2.1.2.2.1.2.1.2.2",0.117769351989318,FALSE,TRUE,39
"2.2.2.2.2.3.2.2.2.2.2.2.2.2.1.2.2.1.2.1.2.2",0.373097614147023,FALSE,TRUE,39
"2.2.2.2.2.2.3.2.2.2.2.2.2.2.1.2.2.1.2.1.2.2",0.536185959245236,FALSE,TRUE,39
"2.2.2.2.2.2.2.3.2.2.2.2.2.2.1.2.2.1.2.1.2.2",0.201602423868494,FALSE,TRUE,39
"2.2.2.2.2.2.2.2.3.2.2.2.2.2.1.2.2.1.2.1.2.2",0.158388192609813,FALSE,TRUE,39
"2.2.2.2.2.2.2.2.2.3.2.2.2.2.1.2.2.1.2.1.2.2",0.32547362393992,FALSE,TRUE,39
"2.2.2.2.2.2.2.2.2.2.3.2.2.2.1.2.2.1.2.1.2.2",0.396251420568128,FALSE,TRUE,39
"2.2.2.2.2.2.2.2.2.2.2.3.2.2.1.2.2.1.2.1.2.2",0.339010628761834,FALSE,TRUE,38
"2.2.2.2.2.2.2.2.2.2.2.2.3.2.1.2.2.1.2.1.2.2",0.425400732257241,FALSE,TRUE,39
"2.2.2.2.2.2.2.2.2.2.2.2.2.3.1.2.2.1.2.1.2.2",0.20481008883038,FALSE,TRUE,39
"2.2.2.2.2.2.2.2.2.2.2.2.2.2.1.2.3.1.2.1.2.2",0.37095356334664,FALSE,TRUE,39
"2.2.2.2.2.2.2.2.2.2.2.2.2.2.1.2.2.1.3.1.2.2",0.257171718722662,FALSE,TRUE,39
"2.2.2.2.2.2.2.2.2.2.2.2.2.2.1.2.2.1.2.1.3.2",0.379230760821531,FALSE,TRUE,39
"2.2.2.2.2.2.2.2.2.2.2.2.2.2.1.2.2.1.2.1.2.3",0.353743982215263,FALSE,TRUE,39
"1.2.2.2.2.2.2.2.2.2.2.2.2.2.1.2.2.1.2.1.2.2",0.173421900553655,FALSE,TRUE,38
"2.1.2.2.2.2.2.2.2.2.2.2.2.2.1.2.2.1.2.1.2.2",0.126865362821479,FALSE,TRUE,38
"2.2.1.2.2.2.2.2.2.2.2.2.2.2.1.2.2.1.2.1.2.2",0.109869935946366,FALSE,TRUE,38
"2.2.2.1.2.2.2.2.2.2.2.2.2.2.1.2.2.1.2.1.2.2",-0.0208010441132419,FALSE,TRUE,38
"2.2.2.2.1.2.2.2.2.2.2.2.2.2.1.2.2.1.2.1.2.2",0.471434558317696,FALSE,TRUE,38
"2.2.2.2.2.1.2.2.2.2.2.2.2.2.1.2.2.1.2.1.2.2",0.27674656480624,FALSE,TRUE,38
"2.2.2.2.2.2.1.2.2.2.2.2.2.2.1.2.2.1.2.1.2.2",0.010319469285301,FALSE,TRUE,38
"2.2.2.2.2.2.2.1.2.2.2.2.2.2.1.2.2.1.2.1.2.2",0.37664546010412,FALSE,TRUE,38
"2.2.2.2.2.2.2.2.1.2.2.2.2.2.1.2.2.1.2.1.2.2",0.408251234342267,FALSE,TRUE,38
"2.2.2.2.2.2.2.2.2.1.2.2.2.2.1.2.2.1.2.1.2.2",0.241546698545477,FALSE,TRUE,38
"2.2.2.2.2.2.2.2.2.2.1.2.2.2.1.2.2.1.2.1.2.2",0.19864104073685,FALSE,TRUE,38
"2.2.2.2.2.2.2.2.2.2.2.1.2.2.1.2.2.1.2.1.2.2",0.264623776173169,FALSE,TRUE,38
"2.2.2.2.2.2.2.2.2.2.2.2.1.2.1.2.2.1.2.1.2.2",0.226920184578977,FALSE,TRUE,38
"2.2.2.2.2.2.2.2.2.2.2.2.2.1.1.2.2.1.2.1.2.2",0.424006556599815,FALSE,TRUE,38
"2.2.2.2.2.2.2.2.2.2.2.2.2.2.1.1.2.1.2.1.2.2",0.193142757327789,FALSE,TRUE,38
"2.2.2.2.2.2.2.2.2.2.2.2.2.2.1.2.1.1.2.1.2.2",0.236601227823814,FALSE,TRUE,38
"2.2.2.2.2.2.2.2.2.2.2.2.2.2.1.2.2.1.1.1.2.2",0.240046215318237,FALSE,TRUE,38
"2.2.2.2.2.2.2.2.2.2.2.2.2.2.1.2.2.1.2.1.1.2",0.255375519453968,FALSE,TRUE,38
"2.2.2.2.2.2.2.2.2.2.2.2.2.2.1.2.2.1.2.1.2.1",0.25555136346378,FALSE,TRUE,37
"3.2.2.2.2.2.2.2.2.2.2.4.2.2.1.3.2.2.2.2.3.2",0.103373733208477,FALSE,TRUE,41
"2.3.2.2.2.2.2.2.2.2.2.4.2.2.1.3.2.2.2.2.3.2",0.411109025265192,FALSE,TRUE,41
"2.2.3.2.2.2.2.2.2.2.2.4.2.2.1.3.2.2.2.2.3.2",0.359314629454964,FALSE,TRUE,41
"2.2.2.3.2.2.2.2.2.2.2.4.2.2.1.3.2.2.2.2.3.2",0.160504054223773,FALSE,TRUE,41
"2.2.2.2.3.2.2.2.2.2.2.4.2.2.1.3.2.2.2.2.3.2",0.197299450375022,FALSE,TRUE,41
"2.2.2.2.2.3.2.2.2.2.2.4.2.2.1.3.2.2.2.2.3.2",0.199726029913261,FALSE,TRUE,40
"2.2.2.2.2.2.3.2.2.2.2.4.2.2.1.3.2.2.2.2.3.2",0.258082967662073,FALSE,TRUE,41
"2.2.2.2.2.2.2.3.2.2.2.4.2.2.1.3.2.2.2.2.3.2",0.0870831387913457,FALSE,TRUE,41
"2.2.2.2.2.2.2.2.3.2.2.4.2.2.1.3.2.2.2.2.3.2",0.241103347210279,FALSE,TRUE,41
"2.2.2.2.2.2.2.2.2.3.2.4.2.2.1.3.2.2.2.2.3.2",0.0830570579303809,FALSE,TRUE,41
"2.2.2.2.2.2.2.2.2.2.3.4.2.2.1.3.2.2.2.2.3.2",0.251350396296401,FALSE,TRUE,41
"2.2.2.2.2.2.2.2.2.2.2.5.2.2.1.3.2.2.2.2.3.2",0.199630443554555,FALSE,TRUE,41
"2.2.2.2.2.2.2.2.2.2.2.4.3.2.1.3.2.2.2.2.3.2",0.226407637675575,FALSE,TRUE,41
"2.2.2.2.2.2.2.2.2.2.2.4.2.3.1.3.2.2.2.2.3.2",0.178580699211549,FALSE,TRUE,41
"2.2.2.2.2.2.2.2.2.2.2.4.2.2.2.3.2.2.2.2.3.2",0.353152050501798,FALSE,TRUE,41
"2.2.2.2.2.2.2.2.2.2.2.4.2.2.1.4.2.2.2.2.3.2",0.314099324003801,FALSE,TRUE,41
"2.2.2.2.2.2.2.2.2.2.2.4.2.2.1.3.3.2.2.2.3.2",0.174545131050837,FALSE,TRUE,41
"2.2.2.2.2.2.2.2.2.2.2.4.2.2.1.3.2.3.2.2.3.2",0.289449095927168,FALSE,TRUE,41
"2.2.2.2.2.2.2.2.2.2.2.4.2.2.1.3.2.2.3.2.3.2",0.346376475788156,FALSE,TRUE,41
"2.2.2.2.2.2.2.2.2.2.2.4.2.2.1.3.2.2.2.3.3.2",0.294501318522232,FALSE,TRUE,41
"2.2.2.2.2.2.2.2.2.2.2.4.2.2.1.3.2.2.2.2.4.2",0.256670322556224,FALSE,TRUE,42
"2.2.2.2.2.2.2.2.2.2.2.4.2.2.1.3.2.2.2.2.3.3",0.0718627926871611,FALSE,TRUE,41
"1.2.2.2.2.2.2.2.2.2.2.4.2.2.1.3.2.2.2.2.3.2",0.38193020654795,FALSE,TRUE,40
"2.1.2.2.2.2.2.2.2.2.2.4.2.2.1.3.2.2.2.2.3.2",0.148757692894913,FALSE,TRUE,40
"2.2.1.2.2.2.2.2.2.2.2.4.2.2.1.3.2.2.2.2.3.2",0.230052885413475,FALSE,TRUE,40
"2.2.2.1.2.2.2.2.2.2.2.4.2.2.1.3.2.2.2.2.3.2",0.318113153722319,FALSE,TRUE,40
"2.2.2.2.1.2.2.2.2.2.2.4.2.2.1.3.2.2.2.2.3.2",0.258855148134532,FALSE,TRUE,40
"2.2.2.2.2.1.2.2.2.2.2.4.2.2.1.3.2.2.2.2.3.2",0.228838398911502,FALSE,TRUE,40
"2.2.2.2.2.2.1.2.2.2.2.4.2.2.1.3.2.2.2.2.3.2",0.221098215937124,FALSE,TRUE,40
"2.2.2.2.2.2.2.1.2.2.2.4.2.2.1.3.2.2.2.2.3.2",0.435998537912329,FALSE,TRUE,40
"2.2.2.2.2.2.2.2.1.2.2.4.2.2.1.3.2.2.2.2.3.2",0.367126566580373,FALSE,TRUE,40
"2.2.2.2.2.2.2.2.2.1.2.4.2.2.1.3.2.2.2.2.3.2",0.401752201468905,FALSE,TRUE,40
"2.2.2.2.2.2.2.2.2.2.1.4.2.2.1.3.2.2.2.2.3.2",0.323951223616077,FALSE,TRUE,40
"2.2.2.2.2.2.2.2.2.2.2.4.1.2.1.3.2.2.2.2.3.2",0.276087557137198,FALSE,TRUE,39
"2.2.2.2.2.2.2.2.2.2.2.4.2.1.1.3.2.2.2.2.3.2",0.274690262844325,FALSE,TRUE,39
"2.2.2.2.2.2.2.2.2.2.2.4.2.2.1.2.2.2.2.2.3.2",0.221740240606855,FALSE,TRUE,41
"2.2.2.2.2.2.2.2.2.2.2.4.2.2.1.3.1.2.2.2.3.2",0.401610639730487,FALSE,TRUE,40
"2.2.2.2.2.2.2.2.2.2.2.4.2.2.1.3.2.1.2.2.3.2",0.270476863379708,FALSE,TRUE,40
"2.2.2.2.2.2.2.2.2.2.2.4.2.2.1.3.2.2.1.2.3.2",0.245399323529932,FALSE,TRUE,40
"2.2.2.2.2.2.2.2.2.2.2.4.2.2.1.3.2.2.2.1.3.2",0.326905917896824,FALSE,TRUE,39
"2.2.2.2.2.2.2.2.2.2.2.4.2.2.1.3.2.2.2.2.3.1",0.393676829104456,FALSE,TRUE,40
"3.2.2.2.2.2.2.2.1.2.2.2.3.2.2.2.2.2.2.2.2.2",0.331405693390809,FALSE,TRUE,40
"2.3.2.2.2.2.2.2.1.2.2.2.3.2.2.2.2.2.2.2.2.2",0.356333186948011,FALSE,TRUE,40
"2.2.3.2.2.2.2.2.1.2.2.2.3.2.2.2.2.2.2.2.2.2",0.371104894603815,FALSE,TRUE,40
"2.2.2.3.2.2.2.2.1.2.2.2.3.2.2.2.2.2.2.2.2.2",0.456847426703491,FALSE,TRUE,40
"2.2.2.2.3.2.2.2.1.2.2.2.3.2.2.2.2.2.2.2.2.2",0.116498013284644,FALSE,TRUE,40
"2.2.2.2.2.3.2.2.1.2.2.2.3.2.2.2.2.2.2.2.2.2",0.480844974868939,FALSE,TRUE,40
"2.2.2.2.2.2.3.2.1.2.2.2.3.2.2.2.2.2.2.2.2.2",0.459478174597323,FALSE,TRUE,40
"2.2.2.2.2.2.2.3.1.2.2.2.3.2.2.2.2.2.2.2.2.2",0.183063625368037,FALSE,TRUE,40
"2.2.2.2.2.2.2.2.1.3.2.2.3.2.2.2.2.2.2.2.2.2",0.165048852547951,FALSE,TRUE,40
"2.2.2.2.2.2.2.2.1.2.3.2.3.2.2.2.2.2.2.2.2.2",0.288882962285503,FALSE,TRUE,39
"2.2.2.2.2.2.2.2.1.2.2.3.3.2.2.2.2.2.2.2.2.2",0.37308667736214,FALSE,TRUE,40
"2.2.2.2.2.2.2.2.1.2.2.2.4.2.2.2.2.2.2.2.2.2",0.241957562749567,FALSE,TRUE,40
"2.2.2.2.2.2.2.2.1.2.2.2.3.3.2.2.2.2.2.2.2.2",0.0633090522890919,FALSE,TRUE,39
"2.2.2.2.2.2.2.2.1.2.2.2.3.2.3.2.2.2.2.2.2.2",0.0296519180889048,FALSE,TRUE,40
"2.2.2.2.2.2.2.2.1.2.2.2.3.2.2.3.2.2.2.2.2.2",0.444417010901289,FALSE,TRUE,39
"2.2.2.2.2.2.2.2.1.2.2.2.3.2.2.2.3.2.2.2.2.2",0.419937378849447,FALSE,TRUE,40
"2.2.2.2.2.2.2.2.1.2.2.2.3.2.2.2.2.3.2.2.2.2",0.33156890803348,FALSE,TRUE,40
"2.2.2.2.2.2.2.2.1.2.2.2.3.2.2.2.2.2.3.2.2.2",0.46670457790097,FALSE,TRUE,40
"2.2.2.2.2.2.2.2.1.2.2.2.3.2.2.2.2.2.2.3.2.2",0.391354154122942,FALSE,TRUE,41
"2.2.2.2.2.2.2.2.1.2.2.2.3.2.2.2.2.2.2.2.3.2",0.27931325404069,FALSE,TRUE,40
"2.2.2.2.2.2.2.2.1.2.2.2.3.2.2.2.2.2.2.2.2.3",0.292060120812266,FALSE,TRUE,40
"1.2.2.2.2.2.2.2.1.2.2.2.3.2.2.2.2.2.2.2.2.2",0.216322598440229,FALSE,TRUE,39
"2.1.2.2.2.2.2.2.1.2.2.2.3.2.2.2.2.2.2.2.2.2",0.138068643485393,FALSE,TRUE,38
"2.2.1.2.2.2.2.2.1.2.2.2.3.2.2.2.2.2.2.2.2.2",0.07856693983861,FALSE,TRUE,39
"2.2.2.1.2.2.2.2.1.2.2.2.3.2.2.2.2.2.2.2.2.2",0.0694267795596469,FALSE,TRUE,39
"2.2.2.2.1.2.2.2.1.2.2.2.3.2.2.2.2.2.2.2.2.2",0.473169390699124,FALSE,TRUE,39
"2.2.2.2.2.1.2.2.1.2.2.2.3.2.2.2.2.2.2.2.2.2",0.264029769154044,FALSE,TRUE,39
"2.2.2.2.2.2.1.2.1.2.2.2.3.2.2.2.2.2.2.2.2.2",0.0452485325832111,FALSE,TRUE,39
"2.2.2.2.2.2.2.1.1.2.2.2.3.2.2.2.2.2.2.2.2.2",0.405589636077852,FALSE,TRUE,39
"2.2.2.2.2.2.2.2.1.1.2.2.3.2.2.2.2.2.2.2.2.2",0.387822034469508,FALSE,TRUE,39
"2.2.2.2.2.2.2.2.1.2.1.2.3.2.2.2.2.2.2.2.2.2",0.225524651376677,FALSE,TRUE,39
"2.2.2.2.2.2.2.2.1.2.2.1.3.2.2.2.2.2.2.2.2.2",0.282427238536664,FALSE,TRUE,38
"2.2.2.2.2.2.2.2.1.2.2.2.3.1.2.2.2.2.2.2.2.2",0.572839643162534,FALSE,TRUE,39
"2.2.2.2.2.2.2.2.1.2.2.2.3.2.1.2.2.2.2.2.2.2",0.541107123458818,FALSE,TRUE,39
"2.2.2.2.2.2.2.2.1.2.2.2.3.2.2.1.2.2.2.2.2.2",0.101923577962469,FALSE,TRUE,39
"2.2.2.2.2.2.2.2.1.2.2.2.3.2.2.2.1.2.2.2.2.2",0.249254919043918,FALSE,TRUE,39
"2.2.2.2.2.2.2.2.1.2.2.2.3.2.2.2.2.1.2.2.2.2",0.363745551890829,FALSE,TRUE,38
"2.2.2.2.2.2.2.2.1.2.2.2.3.2.2.2.2.2.1.2.2.2",0.114847158546984,FALSE,TRUE,39
"2.2.2.2.2.2.2.2.1.2.2.2.3.2.2.2.2.2.2.2.2.1",0.276982082205733,FALSE,TRUE,39
"3.2.2.2.1.2.2.2.2.2.2.3.2.2.1.3.2.2.2.1.2.2",0.313463581566481,FALSE,TRUE,39
"2.3.2.2.1.2.2.2.2.2.2.3.2.2.1.3.2.2.2.1.2.2",0.563903314585139,FALSE,TRUE,39
"2.2.3.2.1.2.2.2.2.2.2.3.2.2.1.3.2.2.2.1.2.2",0.417519139924862,FALSE,TRUE,39
"2.2.2.3.1.2.2.2.2.2.2.3.2.2.1.3.2.2.2.1.2.2",0.335923791956498,FALSE,TRUE,39
"2.2.2.2.1.3.2.2.2.2.2.3.2.2.1.3.2.2.2.1.2.2",0.468544634595868,FALSE,TRUE,39
"2.2.2.2.1.2.3.2.2.2.2.3.2.2.1.3.2.2.2.1.2.2",0.488238907153133,FALSE,TRUE,39
"2.2.2.2.1.2.2.3.2.2.2.3.2.2.1.3.2.2.2.1.2.2",0.29605296736329,FALSE,TRUE,39
"2.2.2.2.1.2.2.2.3.2.2.3.2.2.1.3.2.2.2.1.2.2",0.354850045002206,FALSE,TRUE,39
"2.2.2.2.1.2.2.2.2.3.2.3.2.2.1.3.2.2.2.1.2.2",0.337818711191169,FALSE,TRUE,39
"2.2.2.2.1.2.2.2.2.2.3.3.2.2.1.3.2.2.2.1.2.2",0.416674819687271,FALSE,TRUE,39
"2.2.2.2.1.2.2.2.2.2.2.4.2.2.1.3.2.2.2.1.2.2",0.389910932860821,FALSE,TRUE,38
"2.2.2.2.1.2.2.2.2.2.2.3.2.3.1.3.2.2.2.1.2.2",0.496268383126271,FALSE,TRUE,38
"2.2.2.2.1.2.2.2.2.2.2.3.2.2.1.4.2.2.2.1.2.2",0.443621097467138,FALSE,TRUE,39
"2.2.2.2.1.2.2.2.2.2.2.3.2.2.1.3.3.2.2.1.2.2",0.287491586835499,FALSE,TRUE,39
"2.2.2.2.1.2.2.2.2.2.2.3.2.2.1.3.2.3.2.1.2.2",0.51073857205081,FALSE,TRUE,39
"2.2.2.2.1.2.2.2.2.2.2.3.2.2.1.3.2.2.3.1.2.2",0.314378271531005,FALSE,TRUE,39
"2.2.2.2.1.2.2.2.2.2.2.3.2.2.1.3.2.2.2.1.3.2",0.446360195732774,FALSE,TRUE,39
"2.2.2.2.1.2.2.2.2.2.2.3.2.2.1.3.2.2.2.1.2.3",0.441065020891353,FALSE,TRUE,38
"1.2.2.2.1.2.2.2.2.2.2.3.2.2.1.3.2.2.2.1.2.2",0.514138765672814,FALSE,TRUE,38
"2.1.2.2.1.2.2.2.2.2.2.3.2.2.1.3.2.2.2.1.2.2",0.294574353204155,FALSE,TRUE,38
"2.2.1.2.1.2.2.2.2.2.2.3.2.2.1.3.2.2.2.1.2.2",0.431308953840701,FALSE,TRUE,36
"2.2.2.1.1.2.2.2.2.2.2.3.2.2.1.3.2.2.2.1.2.2",0.485415842760235,FALSE,TRUE,38
"2.2.2.2.1.1.2.2.2.2.2.3.2.2.1.3.2.2.2.1.2.2",0.413535385924913,FALSE,TRUE,38
"2.2.2.2.1.2.1.2.2.2.2.3.2.2.1.3.2.2.2.1.2.2",0.279102683192384,FALSE,TRUE,38
"2.2.2.2.1.2.2.1.2.2.2.3.2.2.1.3.2.2.2.1.2.2",0.512160889128438,FALSE,TRUE,38
"2.2.2.2.1.2.2.2.1.2.2.3.2.2.1.3.2.2.2.1.2.2",0.516820085195664,FALSE,TRUE,38
"2.2.2.2.1.2.2.2.2.1.2.3.2.2.1.3.2.2.2.1.2.2",0.429347645044797,FALSE,TRUE,38
"2.2.2.2.1.2.2.2.2.2.1.3.2.2.1.3.2.2.2.1.2.2",0.424189665669689,FALSE,TRUE,38
"2.2.2.2.1.2.2.2.2.2.2.3.1.2.1.3.2.2.2.1.2.2",0.346856336769487,FALSE,TRUE,38
"2.2.2.2.1.2.2.2.2.2.2.3.2.1.1.3.2.2.2.1.2.2",0.37175259973809,FALSE,TRUE,37
"2.2.2.2.1.2.2.2.2.2.2.3.2.2.1.2.2.2.2.1.2.2",0.420377120781555,FALSE,TRUE,38
"2.2.2.2.1.2.2.2.2.2.2.3.2.2.1.3.1.2.2.1.2.2",0.673753657062648,FALSE,TRUE,38
"2.2.2.2.1.2.2.2.2.2.2.3.2.2.1.3.2.1.2.1.2.2",0.456121913034342,FALSE,TRUE,38
"2.2.2.2.1.2.2.2.2.2.2.3.2.2.1.3.2.2.1.1.2.2",0.502774237544377,FALSE,TRUE,38
"2.2.2.2.1.2.2.2.2.2.2.3.2.2.1.3.2.2.2.1.1.2",0.44586747045792,FALSE,TRUE,38
"2.2.2.2.1.2.2.2.2.2.2.3.2.2.1.3.2.2.2.1.2.1",0.409404405263267,FALSE,TRUE,37
"3.2.2.2.2.2.2.2.2.2.2.4.1.2.1.3.2.2.2.2.2.2",0.0312489503504475,FALSE,TRUE,39
"2.3.2.2.2.2.2.2.2.2.2.4.1.2.1.3.2.2.2.2.2.2",0.297606732729965,FALSE,TRUE,39
"2.2.3.2.2.2.2.2.2.2.2.4.1.2.1.3.2.2.2.2.2.2",0.161490080825809,FALSE,TRUE,39
"2.2.2.3.2.2.2.2.2.2.2.4.1.2.1.3.2.2.2.2.2.2",0.114967086479389,FALSE,TRUE,39
"2.2.2.2.3.2.2.2.2.2.2.4.1.2.1.3.2.2.2.2.2.2",0.251780858690173,FALSE,TRUE,39
"2.2.2.2.2.2.3.2.2.2.2.4.1.2.1.3.2.2.2.2.2.2",0.188724942985158,FALSE,TRUE,39
"2.2.2.2.2.2.2.3.2.2.2.4.1.2.1.3.2.2.2.2.2.2",0.0625243887744736,FALSE,TRUE,39
"2.2.2.2.2.2.2.2.3.2.2.4.1.2.1.3.2.2.2.2.2.2",0.134496109366163,FALSE,TRUE,39
"2.2.2.2.2.2.2.2.2.3.2.4.1.2.1.3.2.2.2.2.2.2",0.0732239549594945,FALSE,TRUE,39
"2.2.2.2.2.2.2.2.2.2.3.4.1.2.1.3.2.2.2.2.2.2",0.183790759770806,FALSE,TRUE,39
"2.2.2.2.2.2.2.2.2.2.2.5.1.2.1.3.2.2.2.2.2.2",0.170400557894346,FALSE,TRUE,39
"2.2.2.2.2.2.2.2.2.2.2.4.1.3.1.3.2.2.2.2.2.2",0.262472123356532,FALSE,TRUE,39
"2.2.2.2.2.2.2.2.2.2.2.4.1.2.2.3.2.2.2.2.2.2",0.412893231392743,FALSE,TRUE,39
"2.2.2.2.2.2.2.2.2.2.2.4.1.2.1.4.2.2.2.2.2.2",0.246815355539567,FALSE,TRUE,39
"2.2.2.2.2.2.2.2.2.2.2.4.1.2.1.3.3.2.2.2.2.2",0.0254670509233414,FALSE,TRUE,39
"2.2.2.2.2.2.2.2.2.2.2.4.1.2.1.3.2.3.2.2.2.2",0.236445711050135,FALSE,TRUE,39
"2.2.2.2.2.2.2.2.2.2.2.4.1.2.1.3.2.2.3.2.2.2",0.0874899365516318,FALSE,TRUE,39
"2.2.2.2.2.2.2.2.2.2.2.4.1.2.1.3.2.2.2.3.2.2",0.135327295319501,FALSE,TRUE,39
"2.2.2.2.2.2.2.2.2.2.2.4.1.2.1.3.2.2.2.2.2.3",0.129434778419656,FALSE,TRUE,39
"1.2.2.2.2.2.2.2.2.2.2.4.1.2.1.3.2.2.2.2.2.2",0.270470127165495,FALSE,TRUE,38
"2.1.2.2.2.2.2.2.2.2.2.4.1.2.1.3.2.2.2.2.2.2",0.0739175356463945,FALSE,TRUE,38
"2.2.1.2.2.2.2.2.2.2.2.4.1.2.1.3.2.2.2.2.2.2",0.305766332648573,FALSE,TRUE,38
"2.2.2.1.2.2.2.2.2.2.2.4.1.2.1.3.2.2.2.2.2.2",0.275655699339546,FALSE,TRUE,38
"2.2.2.2.1.2.2.2.2.2.2.4.1.2.1.3.2.2.2.2.2.2",0.169269266395409,FALSE,TRUE,38
"2.2.2.2.2.1.2.2.2.2.2.4.1.2.1.3.2.2.2.2.2.2",0.13994235502828,FALSE,TRUE,39
"2.2.2.2.2.2.1.2.2.2.2.4.1.2.1.3.2.2.2.2.2.2",0.0583702523866816,FALSE,TRUE,38
"2.2.2.2.2.2.2.1.2.2.2.4.1.2.1.3.2.2.2.2.2.2",0.35827434118963,FALSE,TRUE,38
"2.2.2.2.2.2.2.2.1.2.2.4.1.2.1.3.2.2.2.2.2.2",0.344980786994393,FALSE,TRUE,38
"2.2.2.2.2.2.2.2.2.1.2.4.1.2.1.3.2.2.2.2.2.2",0.275804846371732,FALSE,TRUE,38
"2.2.2.2.2.2.2.2.2.2.1.4.1.2.1.3.2.2.2.2.2.2",0.233465899069151,FALSE,TRUE,38
"2.2.2.2.2.2.2.2.2.2.2.4.1.1.1.3.2.2.2.2.2.2",0.138978956670029,FALSE,TRUE,37
"2.2.2.2.2.2.2.2.2.2.2.4.1.2.1.2.2.2.2.2.2.2",0.183370412017221,FALSE,TRUE,39
"2.2.2.2.2.2.2.2.2.2.2.4.1.2.1.3.1.2.2.2.2.2",0.422889060189017,FALSE,TRUE,38
"2.2.2.2.2.2.2.2.2.2.2.4.1.2.1.3.2.1.2.2.2.2",0.242156033367374,FALSE,TRUE,38
"2.2.2.2.2.2.2.2.2.2.2.4.1.2.1.3.2.2.1.2.2.2",0.355659780533089,FALSE,TRUE,38
"2.2.2.2.2.2.2.2.2.2.2.4.1.2.1.3.2.2.2.1.2.2",0.311757610353553,FALSE,TRUE,37
"2.2.2.2.2.2.2.2.2.2.2.4.1.2.1.3.2.2.2.2.1.2",0.185581973255482,FALSE,TRUE,38
"2.2.2.2.2.2.2.2.2.2.2.4.1.2.1.3.2.2.2.2.2.1",0.147856828372341,FALSE,TRUE,38
"1.3.2.2.2.2.2.2.2.2.2.4.2.2.1.3.2.2.2.2.2.2",0.324779667992055,FALSE,TRUE,40
"1.2.3.2.2.2.2.2.2.2.2.4.2.2.1.3.2.2.2.2.2.2",0.370360597648221,FALSE,TRUE,40
"1.2.2.3.2.2.2.2.2.2.2.4.2.2.1.3.2.2.2.2.2.2",0.336087887567527,FALSE,TRUE,40
"1.2.2.2.3.2.2.2.2.2.2.4.2.2.1.3.2.2.2.2.2.2",0.168001094586139,FALSE,TRUE,40
"1.2.2.2.2.3.2.2.2.2.2.4.2.2.1.3.2.2.2.2.2.2",0.404167048534113,FALSE,TRUE,39
"1.2.2.2.2.2.3.2.2.2.2.4.2.2.1.3.2.2.2.2.2.2",0.36213979289596,FALSE,TRUE,40
"1.2.2.2.2.2.2.3.2.2.2.4.2.2.1.3.2.2.2.2.2.2",0.116667674671572,FALSE,TRUE,40
"1.2.2.2.2.2.2.2.3.2.2.4.2.2.1.3.2.2.2.2.2.2",0.254671207129344,FALSE,TRUE,40
"1.2.2.2.2.2.2.2.2.3.2.4.2.2.1.3.2.2.2.2.2.2",0.215701817813318,FALSE,TRUE,40
"1.2.2.2.2.2.2.2.2.2.3.4.2.2.1.3.2.2.2.2.2.2",0.449223103448368,FALSE,TRUE,40
"1.2.2.2.2.2.2.2.2.2.2.5.2.2.1.3.2.2.2.2.2.2",0.300386969523244,FALSE,TRUE,40
"1.2.2.2.2.2.2.2.2.2.2.4.3.2.1.3.2.2.2.2.2.2",0.359270537813366,FALSE,TRUE,40
"1.2.2.2.2.2.2.2.2.2.2.4.2.3.1.3.2.2.2.2.2.2",0.254000092844544,FALSE,TRUE,40
"1.2.2.2.2.2.2.2.2.2.2.4.2.2.2.3.2.2.2.2.2.2",0.460328578713004,FALSE,TRUE,40
"1.2.2.2.2.2.2.2.2.2.2.4.2.2.1.4.2.2.2.2.2.2",0.436573440493935,FALSE,TRUE,40
"1.2.2.2.2.2.2.2.2.2.2.4.2.2.1.3.3.2.2.2.2.2",0.241641637777078,FALSE,TRUE,40
"1.2.2.2.2.2.2.2.2.2.2.4.2.2.1.3.2.3.2.2.2.2",0.362868773803551,FALSE,TRUE,40
"1.2.2.2.2.2.2.2.2.2.2.4.2.2.1.3.2.2.3.2.2.2",0.341911880874141,FALSE,TRUE,40
"1.2.2.2.2.2.2.2.2.2.2.4.2.2.1.3.2.2.2.3.2.2",0.32223578625694,FALSE,TRUE,40
"1.2.2.2.2.2.2.2.2.2.2.4.2.2.1.3.2.2.2.2.2.3",0.166332159534303,FALSE,TRUE,40
"1.1.2.2.2.2.2.2.2.2.2.4.2.2.1.3.2.2.2.2.2.2",0.262887374023691,FALSE,TRUE,39
"1.2.1.2.2.2.2.2.2.2.2.4.2.2.1.3.2.2.2.2.2.2",0.279843407470622,FALSE,TRUE,39
"1.2.2.1.2.2.2.2.2.2.2.4.2.2.1.3.2.2.2.2.2.2",0.200742765980602,FALSE,TRUE,39
"1.2.2.2.1.2.2.2.2.2.2.4.2.2.1.3.2.2.2.2.2.2",0.393885625765191,FALSE,TRUE,39
"1.2.2.2.2.1.2.2.2.2.2.4.2.2.1.3.2.2.2.2.2.2",0.167921225567432,FALSE,TRUE,39
"1.2.2.2.2.2.1.2.2.2.2.4.2.2.1.3.2.2.2.2.2.2",0.16976536786885,FALSE,TRUE,39
"1.2.2.2.2.2.2.1.2.2.2.4.2.2.1.3.2.2.2.2.2.2",0.512070468808723,FALSE,TRUE,39
"1.2.2.2.2.2.2.2.1.2.2.4.2.2.1.3.2.2.2.2.2.2",0.459502832163459,FALSE,TRUE,39
"1.2.2.2.2.2.2.2.2.1.2.4.2.2.1.3.2.2.2.2.2.2",0.340332313371823,FALSE,TRUE,39
"1.2.2.2.2.2.2.2.2.2.1.4.2.2.1.3.2.2.2.2.2.2",0.189088037172037,FALSE,TRUE,39
"1.2.2.2.2.2.2.2.2.2.2.4.2.1.1.3.2.2.2.2.2.2",0.332822085579264,FALSE,TRUE,38
"1.2.2.2.2.2.2.2.2.2.2.4.2.2.1.2.2.2.2.2.2.2",0.206914078751272,FALSE,TRUE,40
"1.2.2.2.2.2.2.2.2.2.2.4.2.2.1.3.1.2.2.2.2.2",0.384644987254404,FALSE,TRUE,39
"1.2.2.2.2.2.2.2.2.2.2.4.2.2.1.3.2.1.2.2.2.2",0.300390241176276,FALSE,TRUE,39
"1.2.2.2.2.2.2.2.2.2.2.4.2.2.1.3.2.2.1.2.2.2",0.348708843653307,FALSE,TRUE,39
"1.2.2.2.2.2.2.2.2.2.2.4.2.2.1.3.2.2.2.1.2.2",0.409946328161649,FALSE,TRUE,38
"1.2.2.2.2.2.2.2.2.2.2.4.2.2.1.3.2.2.2.2.1.2",0.32290679432866,FALSE,TRUE,39
"1.2.2.2.2.2.2.2.2.2.2.4.2.2.1.3.2.2.2.2.2.1",0.411626578241043,FALSE,TRUE,39
"3.2.2.2.2.2.2.2.2.2.2.3.2.3.2.3.2.2.2.1.2.2",0.207156750187557,FALSE,TRUE,40
"2.3.2.2.2.2.2.2.2.2.2.3.2.3.2.3.2.2.2.1.2.2",0.388299647189712,FALSE,TRUE,40
"2.2.3.2.2.2.2.2.2.2.2.3.2.3.2.3.2.2.2.1.2.2",0.354887268593104,FALSE,TRUE,40
"2.2.2.3.2.2.2.2.2.2.2.3.2.3.2.3.2.2.2.1.2.2",0.388572144072955,FALSE,TRUE,39
"2.2.2.2.3.2.2.2.2.2.2.3.2.3.2.3.2.2.2.1.2.2",-0.0633981639452311,FALSE,TRUE,40
"2.2.2.2.2.3.2.2.2.2.2.3.2.3.2.3.2.2.2.1.2.2",0.267408698029429,FALSE,TRUE,40
"2.2.2.2.2.2.3.2.2.2.2.3.2.3.2.3.2.2.2.1.2.2",0.454802987930696,FALSE,TRUE,40
"2.2.2.2.2.2.2.3.2.2.2.3.2.3.2.3.2.2.2.1.2.2",0.0975759403765893,FALSE,TRUE,40
"2.2.2.2.2.2.2.2.3.2.2.3.2.3.2.3.2.2.2.1.2.2",0.122416962885002,FALSE,TRUE,40
"2.2.2.2.2.2.2.2.2.3.2.3.2.3.2.3.2.2.2.1.2.2",0.134823155650188,FALSE,TRUE,40
"2.2.2.2.2.2.2.2.2.2.3.3.2.3.2.3.2.2.2.1.2.2",0.112024246219059,FALSE,TRUE,40
"2.2.2.2.2.2.2.2.2.2.2.4.2.3.2.3.2.2.2.1.2.2",0.301305779175411,FALSE,TRUE,39
"2.2.2.2.2.2.2.2.2.2.2.3.3.3.2.3.2.2.2.1.2.2",0.115284295943268,FALSE,TRUE,39
"2.2.2.2.2.2.2.2.2.2.2.3.2.4.2.3.2.2.2.1.2.2",-0.108626756370214,FALSE,TRUE,41
"2.2.2.2.2.2.2.2.2.2.2.3.2.3.3.3.2.2.2.1.2.2",0.0898837123238333,FALSE,TRUE,40
"2.2.2.2.2.2.2.2.2.2.2.3.2.3.2.4.2.2.2.1.2.2",0.230983113418928,FALSE,TRUE,40
"2.2.2.2.2.2.2.2.2.2.2.3.2.3.2.3.3.2.2.1.2.2",0.167936910848223,FALSE,TRUE,40
"2.2.2.2.2.2.2.2.2.2.2.3.2.3.2.3.2.3.2.1.2.2",0.216447743127048,FALSE,TRUE,40
"2.2.2.2.2.2.2.2.2.2.2.3.2.3.2.3.2.2.3.1.2.2",0.232139549297143,FALSE,TRUE,40
"2.2.2.2.2.2.2.2.2.2.2.3.2.3.2.3.2.2.2.1.3.2",0.142829108200636,FALSE,TRUE,40
"2.2.2.2.2.2.2.2.2.2.2.3.2.3.2.3.2.2.2.1.2.3",0.143472527809754,FALSE,TRUE,39
"1.2.2.2.2.2.2.2.2.2.2.3.2.3.2.3.2.2.2.1.2.2",0.227214024713694,FALSE,TRUE,39
"2.1.2.2.2.2.2.2.2.2.2.3.2.3.2.3.2.2.2.1.2.2",0.00422315026692023,FALSE,TRUE,39
"2.2.1.2.2.2.2.2.2.2.2.3.2.3.2.3.2.2.2.1.2.2",-0.157529673207857,FALSE,TRUE,38
"2.2.2.1.2.2.2.2.2.2.2.3.2.3.2.3.2.2.2.1.2.2",-0.00714496030681394,FALSE,TRUE,39
"2.2.2.2.1.2.2.2.2.2.2.3.2.3.2.3.2.2.2.1.2.2",0.514728247220761,FALSE,TRUE,38
"2.2.2.2.2.1.2.2.2.2.2.3.2.3.2.3.2.2.2.1.2.2",0.0960354357325928,FALSE,TRUE,39
"2.2.2.2.2.2.1.2.2.2.2.3.2.3.2.3.2.2.2.1.2.2",0.0188333974217687,FALSE,TRUE,39
"2.2.2.2.2.2.2.1.2.2.2.3.2.3.2.3.2.2.2.1.2.2",0.335492737293542,FALSE,TRUE,38
"2.2.2.2.2.2.2.2.1.2.2.3.2.3.2.3.2.2.2.1.2.2",0.25321131636471,FALSE,TRUE,39
"2.2.2.2.2.2.2.2.2.1.2.3.2.3.2.3.2.2.2.1.2.2",0.340877410742436,FALSE,TRUE,39
"2.2.2.2.2.2.2.2.2.2.1.3.2.3.2.3.2.2.2.1.2.2",0.131608639493629,FALSE,TRUE,39
"2.2.2.2.2.2.2.2.2.2.2.2.2.3.2.3.2.2.2.1.2.2",0.165096952910736,FALSE,TRUE,38
"2.2.2.2.2.2.2.2.2.2.2.3.1.3.2.3.2.2.2.1.2.2",0.327055297776794,FALSE,TRUE,38
"2.2.2.2.2.2.2.2.2.2.2.3.2.3.2.2.2.2.2.1.2.2",0.164277635107618,FALSE,TRUE,40
"2.2.2.2.2.2.2.2.2.2.2.3.2.3.2.3.1.2.2.1.2.2",0.210978977624816,FALSE,TRUE,39
"2.2.2.2.2.2.2.2.2.2.2.3.2.3.2.3.2.1.2.1.2.2",0.167541485724075,FALSE,TRUE,39
"2.2.2.2.2.2.2.2.2.2.2.3.2.3.2.3.2.2.1.1.2.2",0.110208315899139,FALSE,TRUE,39
"2.2.2.2.2.2.2.2.2.2.2.3.2.3.2.3.2.2.2.1.1.2",0.311329223945766,FALSE,TRUE,39
"3.2.2.2.2.2.2.2.2.2.2.2.2.2.1.3.2.2.2.1.2.1",0.220891621730659,FALSE,TRUE,39
"2.3.2.2.2.2.2.2.2.2.2.2.2.2.1.3.2.2.2.1.2.1",0.448125317246525,FALSE,TRUE,39
"2.2.3.2.2.2.2.2.2.2.2.2.2.2.1.3.2.2.2.1.2.1",0.261442840637471,FALSE,TRUE,39
"2.2.2.3.2.2.2.2.2.2.2.2.2.2.1.3.2.2.2.1.2.1",0.42329656644246,FALSE,TRUE,39
"2.2.2.2.3.2.2.2.2.2.2.2.2.2.1.3.2.2.2.1.2.1",0.204436941144491,FALSE,TRUE,39
"2.2.2.2.2.3.2.2.2.2.2.2.2.2.1.3.2.2.2.1.2.1",0.509023042666494,FALSE,TRUE,39
"2.2.2.2.2.2.3.2.2.2.2.2.2.2.1.3.2.2.2.1.2.1",0.470805165829136,FALSE,TRUE,39
"2.2.2.2.2.2.2.3.2.2.2.2.2.2.1.3.2.2.2.1.2.1",0.28426356549444,FALSE,TRUE,39
"2.2.2.2.2.2.2.2.3.2.2.2.2.2.1.3.2.2.2.1.2.1",0.297876108358722,FALSE,TRUE,39
"2.2.2.2.2.2.2.2.2.3.2.2.2.2.1.3.2.2.2.1.2.1",0.204398163218965,FALSE,TRUE,39
"2.2.2.2.2.2.2.2.2.2.3.2.2.2.1.3.2.2.2.1.2.1",0.387032506394841,FALSE,TRUE,39
"2.2.2.2.2.2.2.2.2.2.2.2.3.2.1.3.2.2.2.1.2.1",0.44484356778863,FALSE,TRUE,38
"2.2.2.2.2.2.2.2.2.2.2.2.2.3.1.3.2.2.2.1.2.1",0.277047971810459,FALSE,TRUE,37
"2.2.2.2.2.2.2.2.2.2.2.2.2.2.2.3.2.2.2.1.2.1",0.469008933648934,FALSE,TRUE,37
"2.2.2.2.2.2.2.2.2.2.2.2.2.2.1.4.2.2.2.1.2.1",0.329880943436112,FALSE,TRUE,39
"2.2.2.2.2.2.2.2.2.2.2.2.2.2.1.3.3.2.2.1.2.1",0.236671689050013,FALSE,TRUE,39
"2.2.2.2.2.2.2.2.2.2.2.2.2.2.1.3.2.3.2.1.2.1",0.288018975709328,FALSE,TRUE,39
"2.2.2.2.2.2.2.2.2.2.2.2.2.2.1.3.2.2.3.1.2.1",0.215708214117366,FALSE,TRUE,39
"2.2.2.2.2.2.2.2.2.2.2.2.2.2.1.3.2.2.2.2.2.1",0.253434897362552,FALSE,TRUE,38
"2.2.2.2.2.2.2.2.2.2.2.2.2.2.1.3.2.2.2.1.3.1",0.372118807149729,FALSE,TRUE,39
"1.2.2.2.2.2.2.2.2.2.2.2.2.2.1.3.2.2.2.1.2.1",0.249110628997188,FALSE,TRUE,38
"2.1.2.2.2.2.2.2.2.2.2.2.2.2.1.3.2.2.2.1.2.1",0.203087279388635,FALSE,TRUE,38
"2.2.1.2.2.2.2.2.2.2.2.2.2.2.1.3.2.2.2.1.2.1",0.272541335498165,FALSE,TRUE,38
"2.2.2.1.2.2.2.2.2.2.2.2.2.2.1.3.2.2.2.1.2.1",0.217497590674004,FALSE,TRUE,38
"2.2.2.2.1.2.2.2.2.2.2.2.2.2.1.3.2.2.2.1.2.1",0.365549339914688,FALSE,TRUE,37
"2.2.2.2.2.1.2.2.2.2.2.2.2.2.1.3.2.2.2.1.2.1",0.0812291530840608,FALSE,TRUE,38
"2.2.2.2.2.2.1.2.2.2.2.2.2.2.1.3.2.2.2.1.2.1",0.180354542787788,FALSE,TRUE,38
"2.2.2.2.2.2.2.1.2.2.2.2.2.2.1.3.2.2.2.1.2.1",0.271740611390308,FALSE,TRUE,38
"2.2.2.2.2.2.2.2.1.2.2.2.2.2.1.3.2.2.2.1.2.1",0.254524488907692,FALSE,TRUE,38
"2.2.2.2.2.2.2.2.2.1.2.2.2.2.1.3.2.2.2.1.2.1",0.406805291341477,FALSE,TRUE,38
"2.2.2.2.2.2.2.2.2.2.1.2.2.2.1.3.2.2.2.1.2.1",0.143280322584446,FALSE,TRUE,38
"2.2.2.2.2.2.2.2.2.2.2.1.2.2.1.3.2.2.2.1.2.1",0.22470629803018,FALSE,TRUE,38
"2.2.2.2.2.2.2.2.2.2.2.2.1.2.1.3.2.2.2.1.2.1",0.197378726206592,FALSE,TRUE,38
"2.2.2.2.2.2.2.2.2.2.2.2.2.1.1.3.2.2.2.1.2.1",0.347778341373879,FALSE,TRUE,38
"2.2.2.2.2.2.2.2.2.2.2.2.2.2.1.3.1.2.2.1.2.1",0.388970331053666,FALSE,TRUE,38
"2.2.2.2.2.2.2.2.2.2.2.2.2.2.1.3.2.1.2.1.2.1",0.368432090089465,FALSE,TRUE,37
"2.2.2.2.2.2.2.2.2.2.2.2.2.2.1.3.2.2.1.1.2.1",0.267325107371309,FALSE,TRUE,38
"2.2.2.2.2.2.2.2.2.2.2.2.2.2.1.3.2.2.2.1.1.1",0.237913882046017,FALSE,TRUE,38
"3.2.2.2.2.2.2.2.2.2.2.3.2.2.2.3.1.2.2.2.2.3",0.269863620470566,FALSE,TRUE,41
"2.3.2.2.2.2.2.2.2.2.2.3.2.2.2.3.1.2.2.2.2.3",0.331309390293158,FALSE,TRUE,41
"2.2.3.2.2.2.2.2.2.2.2.3.2.2.2.3.1.2.2.2.2.3",0.447776257953403,FALSE,TRUE,41
"2.2.2.3.2.2.2.2.2.2.2.3.2.2.2.3.1.2.2.2.2.3",0.367187076543023,FALSE,TRUE,40
"2.2.2.2.3.2.2.2.2.2.2.3.2.2.2.3.1.2.2.2.2.3",-0.0211871780729546,FALSE,TRUE,41
"2.2.2.2.2.3.2.2.2.2.2.3.2.2.2.3.1.2.2.2.2.3",0.32544532363011,FALSE,TRUE,41
"2.2.2.2.2.2.3.2.2.2.2.3.2.2.2.3.1.2.2.2.2.3",0.275205415423943,FALSE,TRUE,41
"2.2.2.2.2.2.2.3.2.2.2.3.2.2.2.3.1.2.2.2.2.3",0.100462614020294,FALSE,TRUE,41
"2.2.2.2.2.2.2.2.3.2.2.3.2.2.2.3.1.2.2.2.2.3",0.199092877516298,FALSE,TRUE,41
"2.2.2.2.2.2.2.2.2.3.2.3.2.2.2.3.1.2.2.2.2.3",0.0115630810293413,FALSE,TRUE,41
"2.2.2.2.2.2.2.2.2.2.3.3.2.2.2.3.1.2.2.2.2.3",0.294486045268405,FALSE,TRUE,41
"2.2.2.2.2.2.2.2.2.2.2.4.2.2.2.3.1.2.2.2.2.3",0.230229256808235,FALSE,TRUE,40
"2.2.2.2.2.2.2.2.2.2.2.3.3.2.2.3.1.2.2.2.2.3",0.128215530857678,FALSE,TRUE,41
"2.2.2.2.2.2.2.2.2.2.2.3.2.3.2.3.1.2.2.2.2.3",0.0594312641055367,FALSE,TRUE,41
"2.2.2.2.2.2.2.2.2.2.2.3.2.2.3.3.1.2.2.2.2.3",0.22460132983343,FALSE,TRUE,41
"2.2.2.2.2.2.2.2.2.2.2.3.2.2.2.4.1.2.2.2.2.3",0.331681914215653,FALSE,TRUE,41
"2.2.2.2.2.2.2.2.2.2.2.3.2.2.2.3.1.3.2.2.2.3",0.320915075822757,FALSE,TRUE,41
"2.2.2.2.2.2.2.2.2.2.2.3.2.2.2.3.1.2.3.2.2.3",0.322356744403504,FALSE,TRUE,41
"2.2.2.2.2.2.2.2.2.2.2.3.2.2.2.3.1.2.2.3.2.3",0.210044760296913,FALSE,TRUE,41
"2.2.2.2.2.2.2.2.2.2.2.3.2.2.2.3.1.2.2.2.3.3",0.157939126488651,FALSE,TRUE,41
"2.2.2.2.2.2.2.2.2.2.2.3.2.2.2.3.1.2.2.2.2.4",0.00616940283424045,FALSE,TRUE,41
"1.2.2.2.2.2.2.2.2.2.2.3.2.2.2.3.1.2.2.2.2.3",0.26084261700424,FALSE,TRUE,40
"2.1.2.2.2.2.2.2.2.2.2.3.2.2.2.3.1.2.2.2.2.3",0.189735380369833,FALSE,TRUE,40
"2.2.1.2.2.2.2.2.2.2.2.3.2.2.2.3.1.2.2.2.2.3",0.0524753831701467,FALSE,TRUE,39
"2.2.2.1.2.2.2.2.2.2.2.3.2.2.2.3.1.2.2.2.2.3",0.138763497321769,FALSE,TRUE,40
"2.2.2.2.1.2.2.2.2.2.2.3.2.2.2.3.1.2.2.2.2.3",0.586585031631535,FALSE,TRUE,40
"2.2.2.2.2.1.2.2.2.2.2.3.2.2.2.3.1.2.2.2.2.3",0.193117991701983,FALSE,TRUE,40
"2.2.2.2.2.2.1.2.2.2.2.3.2.2.2.3.1.2.2.2.2.3",0.178922072693606,FALSE,TRUE,40
"2.2.2.2.2.2.2.1.2.2.2.3.2.2.2.3.1.2.2.2.2.3",0.471763077494601,FALSE,TRUE,40
"2.2.2.2.2.2.2.2.1.2.2.3.2.2.2.3.1.2.2.2.2.3",0.352513100498089,FALSE,TRUE,40
"2.2.2.2.2.2.2.2.2.1.2.3.2.2.2.3.1.2.2.2.2.3",0.493253666950284,FALSE,TRUE,40
"2.2.2.2.2.2.2.2.2.2.1.3.2.2.2.3.1.2.2.2.2.3",0.195793307224539,FALSE,TRUE,40
"2.2.2.2.2.2.2.2.2.2.2.2.2.2.2.3.1.2.2.2.2.3",0.302670842654512,FALSE,TRUE,40
"2.2.2.2.2.2.2.2.2.2.2.3.1.2.2.3.1.2.2.2.2.3",0.45442028289455,FALSE,TRUE,40
"2.2.2.2.2.2.2.2.2.2.2.3.2.1.2.3.1.2.2.2.2.3",0.510979762819177,FALSE,TRUE,39
"2.2.2.2.2.2.2.2.2.2.2.3.2.2.1.3.1.2.2.2.2.3",0.272115871073464,FALSE,TRUE,38
"2.2.2.2.2.2.2.2.2.2.2.3.2.2.2.2.1.2.2.2.2.3",0.252899692783791,FALSE,TRUE,41
"2.2.2.2.2.2.2.2.2.2.2.3.2.2.2.3.1.1.2.2.2.3",0.255325936188056,FALSE,TRUE,40
"2.2.2.2.2.2.2.2.2.2.2.3.2.2.2.3.1.2.1.2.2.3",0.185764138934416,FALSE,TRUE,40
"2.2.2.2.2.2.2.2.2.2.2.3.2.2.2.3.1.2.2.1.2.3",0.392038076790266,FALSE,TRUE,38
"2.2.2.2.2.2.2.2.2.2.2.3.2.2.2.3.1.2.2.2.1.3",0.426783543285397,FALSE,TRUE,40
"3.2.2.2.2.2.2.2.2.2.2.3.2.3.2.3.2.2.2.1.2.1",0.323702478455174,FALSE,TRUE,39
"2.3.2.2.2.2.2.2.2.2.2.3.2.3.2.3.2.2.2.1.2.1",0.393468835076013,FALSE,TRUE,39
"2.2.3.2.2.2.2.2.2.2.2.3.2.3.2.3.2.2.2.1.2.1",0.278206196618851,FALSE,TRUE,39
"2.2.2.3.2.2.2.2.2.2.2.3.2.3.2.3.2.2.2.1.2.1",0.475403845696259,FALSE,TRUE,39
"2.2.2.2.3.2.2.2.2.2.2.3.2.3.2.3.2.2.2.1.2.1",0.0182283582640557,FALSE,TRUE,39
"2.2.2.2.2.3.2.2.2.2.2.3.2.3.2.3.2.2.2.1.2.1",0.346008464971775,FALSE,TRUE,39
"2.2.2.2.2.2.3.2.2.2.2.3.2.3.2.3.2.2.2.1.2.1",0.558027378024156,FALSE,TRUE,39
"2.2.2.2.2.2.2.3.2.2.2.3.2.3.2.3.2.2.2.1.2.1",0.155141823578093,FALSE,TRUE,39
"2.2.2.2.2.2.2.2.3.2.2.3.2.3.2.3.2.2.2.1.2.1",0.19941381472882,FALSE,TRUE,39
"2.2.2.2.2.2.2.2.2.3.2.3.2.3.2.3.2.2.2.1.2.1",0.255534539403872,FALSE,TRUE,39
"2.2.2.2.2.2.2.2.2.2.3.3.2.3.2.3.2.2.2.1.2.1",0.184227078761876,FALSE,TRUE,39
"2.2.2.2.2.2.2.2.2.2.2.4.2.3.2.3.2.2.2.1.2.1",0.414019882044153,FALSE,TRUE,39
"2.2.2.2.2.2.2.2.2.2.2.3.3.3.2.3.2.2.2.1.2.1",0.200430744174498,FALSE,TRUE,40
"2.2.2.2.2.2.2.2.2.2.2.3.2.4.2.3.2.2.2.1.2.1",-0.0122890744234623,FALSE,TRUE,39
"2.2.2.2.2.2.2.2.2.2.2.3.2.3.3.3.2.2.2.1.2.1",0.15968420312468,FALSE,TRUE,39
"2.2.2.2.2.2.2.2.2.2.2.3.2.3.2.4.2.2.2.1.2.1",0.309011004865931,FALSE,TRUE,39
"2.2.2.2.2.2.2.2.2.2.2.3.2.3.2.3.3.2.2.1.2.1",0.26153049851695,FALSE,TRUE,39
"2.2.2.2.2.2.2.2.2.2.2.3.2.3.2.3.2.3.2.1.2.1",0.216483062294015,FALSE,TRUE,39
"2.2.2.2.2.2.2.2.2.2.2.3.2.3.2.3.2.2.3.1.2.1",0.320815439564323,FALSE,TRUE,39
"2.2.2.2.2.2.2.2.2.2.2.3.2.3.2.3.2.2.2.2.2.1",0.307985737281483,FALSE,TRUE,39
"2.2.2.2.2.2.2.2.2.2.2.3.2.3.2.3.2.2.2.1.3.1",0.240466044050707,FALSE,TRUE,39
"1.2.2.2.2.2.2.2.2.2.2.3.2.3.2.3.2.2.2.1.2.1",0.178804435770041,FALSE,TRUE,38
"2.1.2.2.2.2.2.2.2.2.2.3.2.3.2.3.2.2.2.1.2.1",0.176535511680398,FALSE,TRUE,38
"2.2.1.2.2.2.2.2.2.2.2.3.2.3.2.3.2.2.2.1.2.1",-0.047679000825229,FALSE,TRUE,38
"2.2.2.1.2.2.2.2.2.2.2.3.2.3.2.3.2.2.2.1.2.1",0.0919489391197206,FALSE,TRUE,38
"2.2.2.2.1.2.2.2.2.2.2.3.2.3.2.3.2.2.2.1.2.1",0.544093461556194,FALSE,TRUE,38
"2.2.2.2.2.1.2.2.2.2.2.3.2.3.2.3.2.2.2.1.2.1",0.0920267387978116,FALSE,TRUE,38
"2.2.2.2.2.2.1.2.2.2.2.3.2.3.2.3.2.2.2.1.2.1",0.129418130945709,FALSE,TRUE,38
"2.2.2.2.2.2.2.1.2.2.2.3.2.3.2.3.2.2.2.1.2.1",0.381098270084832,FALSE,TRUE,38
"2.2.2.2.2.2.2.2.1.2.2.3.2.3.2.3.2.2.2.1.2.1",0.30181642342855,FALSE,TRUE,38
"2.2.2.2.2.2.2.2.2.1.2.3.2.3.2.3.2.2.2.1.2.1",0.41101454583423,FALSE,TRUE,38
"2.2.2.2.2.2.2.2.2.2.1.3.2.3.2.3.2.2.2.1.2.1",0.121045346733578,FALSE,TRUE,38
"2.2.2.2.2.2.2.2.2.2.2.2.2.3.2.3.2.2.2.1.2.1",0.233116694312595,FALSE,TRUE,37
"2.2.2.2.2.2.2.2.2.2.2.3.2.3.1.3.2.2.2.1.2.1",0.3230059563412,FALSE,TRUE,36
"2.2.2.2.2.2.2.2.2.2.2.3.2.3.2.2.2.2.2.1.2.1",0.182796205767191,FALSE,TRUE,39
"2.2.2.2.2.2.2.2.2.2.2.3.2.3.2.3.1.2.2.1.2.1",0.267536702533362,FALSE,TRUE,38
"2.2.2.2.2.2.2.2.2.2.2.3.2.3.2.3.2.1.2.1.2.1",0.257562960978034,FALSE,TRUE,38
"2.2.2.2.2.2.2.2.2.2.2.3.2.3.2.3.2.2.1.1.2.1",0.152524261034434,FALSE,TRUE,38
"2.2.2.2.2.2.2.2.2.2.2.3.2.3.2.3.2.2.2.1.1.1",0.343233119477489,FALSE,TRUE,38
"3.2.2.2.2.2.3.2.2.2.3.2.2.2.2.2.2.2.2.2.2.2",0.297296696531396,FALSE,TRUE,42
"2.3.2.2.2.2.3.2.2.2.3.2.2.2.2.2.2.2.2.2.2.2",0.409526629580586,FALSE,TRUE,42
"2.2.3.2.2.2.3.2.2.2.3.2.2.2.2.2.2.2.2.2.2.2",0.330455030238565,FALSE,TRUE,42
"2.2.2.3.2.2.3.2.2.2.3.2.2.2.2.2.2.2.2.2.2.2",0.259915490818807,FALSE,TRUE,42
"2.2.2.2.3.2.3.2.2.2.3.2.2.2.2.2.2.2.2.2.2.2",0.447112656387135,FALSE,TRUE,42
"2.2.2.2.2.3.3.2.2.2.3.2.2.2.2.2.2.2.2.2.2.2",0.424183617031076,FALSE,TRUE,42
"2.2.2.2.2.2.4.2.2.2.3.2.2.2.2.2.2.2.2.2.2.2",0.437595668279967,FALSE,TRUE,43
"2.2.2.2.2.2.3.3.2.2.3.2.2.2.2.2.2.2.2.2.2.2",0.216176417868283,FALSE,TRUE,42
"2.2.2.2.2.2.3.2.3.2.3.2.2.2.2.2.2.2.2.2.2.2",0.345101271530266,FALSE,TRUE,41
"2.2.2.2.2.2.3.2.2.3.3.2.2.2.2.2.2.2.2.2.2.2",0.335165434894032,FALSE,TRUE,42
"2.2.2.2.2.2.3.2.2.2.4.2.2.2.2.2.2.2.2.2.2.2",0.232869800982054,FALSE,TRUE,42
"2.2.2.2.2.2.3.2.2.2.3.3.2.2.2.2.2.2.2.2.2.2",0.383001683246236,FALSE,TRUE,42
"2.2.2.2.2.2.3.2.2.2.3.2.3.2.2.2.2.2.2.2.2.2",0.379830256395988,FALSE,TRUE,41
"2.2.2.2.2.2.3.2.2.2.3.2.2.3.2.2.2.2.2.2.2.2",0.312568350144733,FALSE,TRUE,42
"2.2.2.2.2.2.3.2.2.2.3.2.2.2.3.2.2.2.2.2.2.2",0.292732238976556,FALSE,TRUE,42
"2.2.2.2.2.2.3.2.2.2.3.2.2.2.2.3.2.2.2.2.2.2",0.5095873154831,FALSE,TRUE,41
"2.2.2.2.2.2.3.2.2.2.3.2.2.2.2.2.3.2.2.2.2.2",0.28938457602543,FALSE,TRUE,42
"2.2.2.2.2.2.3.2.2.2.3.2.2.2.2.2.2.3.2.2.2.2",0.449933625467877,FALSE,TRUE,42
"2.2.2.2.2.2.3.2.2.2.3.2.2.2.2.2.2.2.3.2.2.2",0.377942251444279,FALSE,TRUE,42
"2.2.2.2.2.2.3.2.2.2.3.2.2.2.2.2.2.2.2.3.2.2",0.402921265584746,FALSE,TRUE,42
"2.2.2.2.2.2.3.2.2.2.3.2.2.2.2.2.2.2.2.2.3.2",0.410391424659687,FALSE,TRUE,42
"2.2.2.2.2.2.3.2.2.2.3.2.2.2.2.2.2.2.2.2.2.3",0.314360629530123,FALSE,TRUE,42
"1.2.2.2.2.2.3.2.2.2.3.2.2.2.2.2.2.2.2.2.2.2",0.475187827649844,FALSE,TRUE,41
"2.1.2.2.2.2.3.2.2.2.3.2.2.2.2.2.2.2.2.2.2.2",0.408938499028346,FALSE,TRUE,40
"2.2.1.2.2.2.3.2.2.2.3.2.2.2.2.2.2.2.2.2.2.2",0.366349181769123,FALSE,TRUE,41
"2.2.2.1.2.2.3.2.2.2.3.2.2.2.2.2.2.2.2.2.2.2",0.526450761183949,FALSE,TRUE,41
"2.2.2.2.1.2.3.2.2.2.3.2.2.2.2.2.2.2.2.2.2.2",0.42652121093523,FALSE,TRUE,41
"2.2.2.2.2.1.3.2.2.2.3.2.2.2.2.2.2.2.2.2.2.2",0.48263012799226,FALSE,TRUE,41
"2.2.2.2.2.2.3.1.2.2.3.2.2.2.2.2.2.2.2.2.2.2",0.629326349057427,FALSE,TRUE,41
"2.2.2.2.2.2.3.2.1.2.3.2.2.2.2.2.2.2.2.2.2.2",0.516315203510875,FALSE,TRUE,41
"2.2.2.2.2.2.3.2.2.1.3.2.2.2.2.2.2.2.2.2.2.2",0.498520682550412,FALSE,TRUE,41
"2.2.2.2.2.2.3.2.2.2.3.1.2.2.2.2.2.2.2.2.2.2",0.501260337982633,FALSE,TRUE,40
"2.2.2.2.2.2.3.2.2.2.3.2.1.2.2.2.2.2.2.2.2.2",0.542092939717896,FALSE,TRUE,41
"2.2.2.2.2.2.3.2.2.2.3.2.2.1.2.2.2.2.2.2.2.2",0.580979554112993,FALSE,TRUE,41
"2.2.2.2.2.2.3.2.2.2.3.2.2.2.1.2.2.2.2.2.2.2",0.489734235981354,FALSE,TRUE,41
"2.2.2.2.2.2.3.2.2.2.3.2.2.2.2.1.2.2.2.2.2.2",0.37404574036852,FALSE,TRUE,41
"2.2.2.2.2.2.3.2.2.2.3.2.2.2.2.2.1.2.2.2.2.2",0.587137621966981,FALSE,TRUE,41
"2.2.2.2.2.2.3.2.2.2.3.2.2.2.2.2.2.1.2.2.2.2",0.494076880008863,FALSE,TRUE,40
"2.2.2.2.2.2.3.2.2.2.3.2.2.2.2.2.2.2.1.2.2.2",0.392824020063734,FALSE,TRUE,41
"2.2.2.2.2.2.3.2.2.2.3.2.2.2.2.2.2.2.2.1.2.2",0.51273323261332,FALSE,TRUE,41
"2.2.2.2.2.2.3.2.2.2.3.2.2.2.2.2.2.2.2.2.1.2",0.531150603846803,FALSE,TRUE,41
"2.2.2.2.2.2.3.2.2.2.3.2.2.2.2.2.2.2.2.2.2.1",0.488555118200556,FALSE,TRUE,41
"2.2.2.2.2.2.3.2.2.2.2.2.2.1.2.3.2.2.2.2.2.2",0.632586273867243,FALSE,TRUE,40
"1.3.2.2.2.2.3.2.2.2.2.2.2.1.2.3.2.2.2.2.2.2",0.42682449988228,FALSE,TRUE,40
"1.2.3.2.2.2.3.2.2.2.2.2.2.1.2.3.2.2.2.2.2.2",0.428708993510557,FALSE,TRUE,40
"1.2.2.3.2.2.3.2.2.2.2.2.2.1.2.3.2.2.2.2.2.2",0.584441956967245,FALSE,TRUE,40
"1.2.2.2.3.2.3.2.2.2.2.2.2.1.2.3.2.2.2.2.2.2",0.323776162305672,FALSE,TRUE,40
"1.2.2.2.2.3.3.2.2.2.2.2.2.1.2.3.2.2.2.2.2.2",0.72229978138513,FALSE,TRUE,40
"1.2.2.2.2.2.4.2.2.2.2.2.2.1.2.3.2.2.2.2.2.2",0.471153264817364,FALSE,TRUE,41
"1.2.2.2.2.2.3.3.2.2.2.2.2.1.2.3.2.2.2.2.2.2",0.45527366668205,FALSE,TRUE,40
"1.2.2.2.2.2.3.2.3.2.2.2.2.1.2.3.2.2.2.2.2.2",0.531637267139437,FALSE,TRUE,40
"1.2.2.2.2.2.3.2.2.3.2.2.2.1.2.3.2.2.2.2.2.2",0.441879459849067,FALSE,TRUE,39
"1.2.2.2.2.2.3.2.2.2.3.2.2.1.2.3.2.2.2.2.2.2",0.705658834303295,FALSE,TRUE,40
"1.2.2.2.2.2.3.2.2.2.2.3.2.1.2.3.2.2.2.2.2.2",0.658694532934368,FALSE,TRUE,40
"1.2.2.2.2.2.3.2.2.2.2.2.3.1.2.3.2.2.2.2.2.2",0.605028426051426,FALSE,TRUE,40
"1.2.2.2.2.2.3.2.2.2.2.2.2.1.3.3.2.2.2.2.2.2",0.795906334226435,FALSE,TRUE,40
"1.2.2.2.2.2.3.2.2.2.2.2.2.1.2.4.2.2.2.2.2.2",0.559177700662441,FALSE,TRUE,40
"1.2.2.2.2.2.3.2.2.2.2.2.2.1.2.3.3.2.2.2.2.2",0.598933779786653,FALSE,TRUE,40
"1.2.2.2.2.2.3.2.2.2.2.2.2.1.2.3.2.2.3.2.2.2",0.484920913711816,FALSE,TRUE,40
"1.2.2.2.2.2.3.2.2.2.2.2.2.1.2.3.2.2.2.3.2.2",0.416940225461954,FALSE,TRUE,40
"1.2.2.2.2.2.3.2.2.2.2.2.2.1.2.3.2.2.2.2.3.2",0.631195101299468,FALSE,TRUE,40
"1.2.2.2.2.2.3.2.2.2.2.2.2.1.2.3.2.2.2.2.2.3",0.418436541525229,FALSE,TRUE,40
"1.1.2.2.2.2.3.2.2.2.2.2.2.1.2.3.2.2.2.2.2.2",0.632204869013133,FALSE,TRUE,39
"1.2.1.2.2.2.3.2.2.2.2.2.2.1.2.3.2.2.2.2.2.2",0.503062165318917,FALSE,TRUE,39
"1.2.2.1.2.2.3.2.2.2.2.2.2.1.2.3.2.2.2.2.2.2",0.396481441609234,FALSE,TRUE,39
"1.2.2.2.1.2.3.2.2.2.2.2.2.1.2.3.2.2.2.2.2.2",0.660130191300125,FALSE,TRUE,39
"1.2.2.2.2.1.3.2.2.2.2.2.2.1.2.3.2.2.2.2.2.2",0.370257844561703,FALSE,TRUE,39
"1.2.2.2.2.2.3.1.2.2.2.2.2.1.2.3.2.2.2.2.2.2",0.561922440470526,FALSE,TRUE,39
"1.2.2.2.2.2.3.2.1.2.2.2.2.1.2.3.2.2.2.2.2.2",0.56590359351498,FALSE,TRUE,39
"1.2.2.2.2.2.3.2.2.1.2.2.2.1.2.3.2.2.2.2.2.2",0.562773660414466,FALSE,TRUE,39
"1.2.2.2.2.2.3.2.2.2.1.2.2.1.2.3.2.2.2.2.2.2",0.315655467553924,FALSE,TRUE,39
"1.2.2.2.2.2.3.2.2.2.2.1.2.1.2.3.2.2.2.2.2.2",0.474442256171839,FALSE,TRUE,39
"1.2.2.2.2.2.3.2.2.2.2.2.1.1.2.3.2.2.2.2.2.2",0.517348057658152,FALSE,TRUE,39
"1.2.2.2.2.2.3.2.2.2.2.2.2.1.1.3.2.2.2.2.2.2",0.256533141982479,FALSE,TRUE,39
"1.2.2.2.2.2.3.2.2.2.2.2.2.1.2.2.2.2.2.2.2.2",0.513589088521977,FALSE,TRUE,40
"1.2.2.2.2.2.3.2.2.2.2.2.2.1.2.3.1.2.2.2.2.2",0.537405401144206,FALSE,TRUE,39
"1.2.2.2.2.2.3.2.2.2.2.2.2.1.2.3.2.1.2.2.2.2",0.589362700622841,FALSE,TRUE,39
"1.2.2.2.2.2.3.2.2.2.2.2.2.1.2.3.2.2.1.2.2.2",0.549143855792041,FALSE,TRUE,39
"1.2.2.2.2.2.3.2.2.2.2.2.2.1.2.3.2.2.2.1.2.2",0.720245699642052,FALSE,TRUE,39
"1.2.2.2.2.2.3.2.2.2.2.2.2.1.2.3.2.2.2.2.1.2",0.506929642351024,FALSE,TRUE,39
"1.2.2.2.2.2.3.2.2.2.2.2.2.1.2.3.2.2.2.2.2.1",0.645128636777648,FALSE,TRUE,39
"3.2.2.2.2.2.2.2.2.2.2.3.1.3.2.3.2.2.2.1.2.1",0.320954950625214,FALSE,TRUE,38
"2.3.2.2.2.2.2.2.2.2.2.3.1.3.2.3.2.2.2.1.2.1",0.42190566167537,FALSE,TRUE,38
"2.2.3.2.2.2.2.2.2.2.2.3.1.3.2.3.2.2.2.1.2.1",0.203086776112606,FALSE,TRUE,38
"2.2.2.3.2.2.2.2.2.2.2.3.1.3.2.3.2.2.2.1.2.1",0.415227551984694,FALSE,TRUE,38
"2.2.2.2.3.2.2.2.2.2.2.3.1.3.2.3.2.2.2.1.2.1",0.227621936622275,FALSE,TRUE,38
"2.2.2.2.2.3.2.2.2.2.2.3.1.3.2.3.2.2.2.1.2.1",0.322059646413417,FALSE,TRUE,38
"2.2.2.2.2.2.3.2.2.2.2.3.1.3.2.3.2.2.2.1.2.1",0.577578520557024,FALSE,TRUE,38
"2.2.2.2.2.2.2.3.2.2.2.3.1.3.2.3.2.2.2.1.2.1",0.214313791576237,FALSE,TRUE,39
"2.2.2.2.2.2.2.2.3.2.2.3.1.3.2.3.2.2.2.1.2.1",0.230325305010527,FALSE,TRUE,38
"2.2.2.2.2.2.2.2.2.3.2.3.1.3.2.3.2.2.2.1.2.1",0.314617113292859,FALSE,TRUE,38
"2.2.2.2.2.2.2.2.2.2.3.3.1.3.2.3.2.2.2.1.2.1",0.201611729171834,FALSE,TRUE,38
"2.2.2.2.2.2.2.2.2.2.2.4.1.3.2.3.2.2.2.1.2.1",0.370550625401525,FALSE,TRUE,38
"2.2.2.2.2.2.2.2.2.2.2.3.1.4.2.3.2.2.2.1.2.1",0.190773827713357,FALSE,TRUE,38
"2.2.2.2.2.2.2.2.2.2.2.3.1.3.3.3.2.2.2.1.2.1",0.249698298042375,FALSE,TRUE,38
"2.2.2.2.2.2.2.2.2.2.2.3.1.3.2.4.2.2.2.1.2.1",0.340447722150361,FALSE,TRUE,38
"2.2.2.2.2.2.2.2.2.2.2.3.1.3.2.3.3.2.2.1.2.1",0.256204291111058,FALSE,TRUE,38
"2.2.2.2.2.2.2.2.2.2.2.3.1.3.2.3.2.3.2.1.2.1",0.252392827660213,FALSE,TRUE,38
"2.2.2.2.2.2.2.2.2.2.2.3.1.3.2.3.2.2.3.1.2.1",0.29715733525163,FALSE,TRUE,38
"2.2.2.2.2.2.2.2.2.2.2.3.1.3.2.3.2.2.2.2.2.1",0.355917948858094,FALSE,TRUE,39
"2.2.2.2.2.2.2.2.2.2.2.3.1.3.2.3.2.2.2.1.3.1",0.27942746080078,FALSE,TRUE,38
"1.2.2.2.2.2.2.2.2.2.2.3.1.3.2.3.2.2.2.1.2.1",0.218077935551169,FALSE,TRUE,37
"2.1.2.2.2.2.2.2.2.2.2.3.1.3.2.3.2.2.2.1.2.1",0.256174595287088,FALSE,TRUE,37
"2.2.1.2.2.2.2.2.2.2.2.3.1.3.2.3.2.2.2.1.2.1",0.0983051500821519,FALSE,TRUE,37
"2.2.2.1.2.2.2.2.2.2.2.3.1.3.2.3.2.2.2.1.2.1",0.267690615938581,FALSE,TRUE,37
"2.2.2.2.1.2.2.2.2.2.2.3.1.3.2.3.2.2.2.1.2.1",0.442097974852775,FALSE,TRUE,37
"2.2.2.2.2.1.2.2.2.2.2.3.1.3.2.3.2.2.2.1.2.1",0.153649456255984,FALSE,TRUE,37
"2.2.2.2.2.2.1.2.2.2.2.3.1.3.2.3.2.2.2.1.2.1",0.206894612079097,FALSE,TRUE,37
"2.2.2.2.2.2.2.2.1.2.2.3.1.3.2.3.2.2.2.1.2.1",0.337657814867826,FALSE,TRUE,37
"2.2.2.2.2.2.2.2.2.1.2.3.1.3.2.3.2.2.2.1.2.1",0.464191137554449,FALSE,TRUE,37
"2.2.2.2.2.2.2.2.2.2.1.3.1.3.2.3.2.2.2.1.2.1",0.15879575301585,FALSE,TRUE,37
"2.2.2.2.2.2.2.2.2.2.2.2.1.3.2.3.2.2.2.1.2.1",0.365552496851661,FALSE,TRUE,38
"2.2.2.2.2.2.2.2.2.2.2.3.1.2.2.3.2.2.2.1.2.1",0.428587528021458,FALSE,TRUE,37
"2.2.2.2.2.2.2.2.2.2.2.3.1.3.1.3.2.2.2.1.2.1",0.268315659274393,FALSE,TRUE,37
"2.2.2.2.2.2.2.2.2.2.2.3.1.3.2.2.2.2.2.1.2.1",0.258864607426788,FALSE,TRUE,38
"2.2.2.2.2.2.2.2.2.2.2.3.1.3.2.3.1.2.2.1.2.1",0.340511010737188,FALSE,TRUE,37
"2.2.2.2.2.2.2.2.2.2.2.3.1.3.2.3.2.1.2.1.2.1",0.305005350954097,FALSE,TRUE,37
"2.2.2.2.2.2.2.2.2.2.2.3.1.3.2.3.2.2.1.1.2.1",0.229633856057948,FALSE,TRUE,37
"2.2.2.2.2.2.2.2.2.2.2.3.1.3.2.3.2.2.2.1.1.1",0.404902257398208,FALSE,TRUE,37
"3.2.2.2.2.2.2.2.2.2.2.3.2.2.2.3.2.2.2.1.2.3",0.244465121554626,FALSE,TRUE,39
"2.3.2.2.2.2.2.2.2.2.2.3.2.2.2.3.2.2.2.1.2.3",0.509264573160999,FALSE,TRUE,39
"2.2.3.2.2.2.2.2.2.2.2.3.2.2.2.3.2.2.2.1.2.3",0.438135167815733,FALSE,TRUE,39
"2.2.2.3.2.2.2.2.2.2.2.3.2.2.2.3.2.2.2.1.2.3",0.351116178699504,FALSE,TRUE,39
"2.2.2.2.3.2.2.2.2.2.2.3.2.2.2.3.2.2.2.1.2.3",0.124319697470389,FALSE,TRUE,39
"2.2.2.2.2.3.2.2.2.2.2.3.2.2.2.3.2.2.2.1.2.3",0.338948843379825,FALSE,TRUE,39
"2.2.2.2.2.2.3.2.2.2.2.3.2.2.2.3.2.2.2.1.2.3",0.408536040945254,FALSE,TRUE,39
"2.2.2.2.2.2.2.3.2.2.2.3.2.2.2.3.2.2.2.1.2.3",0.160218895167842,FALSE,TRUE,39
"2.2.2.2.2.2.2.2.3.2.2.3.2.2.2.3.2.2.2.1.2.3",0.232236918990523,FALSE,TRUE,39
"2.2.2.2.2.2.2.2.2.3.2.3.2.2.2.3.2.2.2.1.2.3",0.124251269252823,FALSE,TRUE,39
"2.2.2.2.2.2.2.2.2.2.3.3.2.2.2.3.2.2.2.1.2.3",0.237799146395541,FALSE,TRUE,39
"2.2.2.2.2.2.2.2.2.2.2.3.3.2.2.3.2.2.2.1.2.3",0.291609987217727,FALSE,TRUE,38
"2.2.2.2.2.2.2.2.2.2.2.3.2.2.3.3.2.2.2.1.2.3",0.333474425513105,FALSE,TRUE,39
"2.2.2.2.2.2.2.2.2.2.2.3.2.2.2.4.2.2.2.1.2.3",0.362830387899122,FALSE,TRUE,39
"2.2.2.2.2.2.2.2.2.2.2.3.2.2.2.3.3.2.2.1.2.3",0.273602584876712,FALSE,TRUE,39
"2.2.2.2.2.2.2.2.2.2.2.3.2.2.2.3.2.3.2.1.2.3",0.367714068467425,FALSE,TRUE,39
"2.2.2.2.2.2.2.2.2.2.2.3.2.2.2.3.2.2.3.1.2.3",0.332874947409819,FALSE,TRUE,39
"2.2.2.2.2.2.2.2.2.2.2.3.2.2.2.3.2.2.2.1.3.3",0.270901557147652,FALSE,TRUE,39
"2.2.2.2.2.2.2.2.2.2.2.3.2.2.2.3.2.2.2.1.2.4",0.202046524466532,FALSE,TRUE,40
"1.2.2.2.2.2.2.2.2.2.2.3.2.2.2.3.2.2.2.1.2.3",0.478247934710007,FALSE,TRUE,38
"2.1.2.2.2.2.2.2.2.2.2.3.2.2.2.3.2.2.2.1.2.3",0.117029905702325,FALSE,TRUE,38
"2.2.1.2.2.2.2.2.2.2.2.3.2.2.2.3.2.2.2.1.2.3",0.0786639661399055,FALSE,TRUE,38
"2.2.2.1.2.2.2.2.2.2.2.3.2.2.2.3.2.2.2.1.2.3",0.218454407480622,FALSE,TRUE,38
"2.2.2.2.1.2.2.2.2.2.2.3.2.2.2.3.2.2.2.1.2.3",0.523914642049265,FALSE,TRUE,37
"2.2.2.2.2.1.2.2.2.2.2.3.2.2.2.3.2.2.2.1.2.3",0.321232799078616,FALSE,TRUE,38
"2.2.2.2.2.2.1.2.2.2.2.3.2.2.2.3.2.2.2.1.2.3",0.202582257248815,FALSE,TRUE,38
"2.2.2.2.2.2.2.1.2.2.2.3.2.2.2.3.2.2.2.1.2.3",0.525872803790557,FALSE,TRUE,38
"2.2.2.2.2.2.2.2.1.2.2.3.2.2.2.3.2.2.2.1.2.3",0.440384646787756,FALSE,TRUE,38
"2.2.2.2.2.2.2.2.2.1.2.3.2.2.2.3.2.2.2.1.2.3",0.502309737873153,FALSE,TRUE,38
"2.2.2.2.2.2.2.2.2.2.1.3.2.2.2.3.2.2.2.1.2.3",0.340744740471355,FALSE,TRUE,38
"2.2.2.2.2.2.2.2.2.2.2.2.2.2.2.3.2.2.2.1.2.3",0.391243230020073,FALSE,TRUE,39
"2.2.2.2.2.2.2.2.2.2.2.3.1.2.2.3.2.2.2.1.2.3",0.414089322973315,FALSE,TRUE,38
"2.2.2.2.2.2.2.2.2.2.2.3.2.1.2.3.2.2.2.1.2.3",0.524829976677117,FALSE,TRUE,37
"2.2.2.2.2.2.2.2.2.2.2.3.2.2.2.2.2.2.2.1.2.3",0.302246916567966,FALSE,TRUE,39
"2.2.2.2.2.2.2.2.2.2.2.3.2.2.2.3.2.1.2.1.2.3",0.302306685479146,FALSE,TRUE,38
"2.2.2.2.2.2.2.2.2.2.2.3.2.2.2.3.2.2.1.1.2.3",0.303328285915478,FALSE,TRUE,38
"2.2.2.2.2.2.2.2.2.2.2.3.2.2.2.3.2.2.2.1.1.3",0.4366682312168,FALSE,TRUE,38
"3.2.1.2.1.2.2.2.2.2.2.3.2.2.2.3.2.2.2.2.2.2",0.368249832743177,FALSE,TRUE,39
"2.3.1.2.1.2.2.2.2.2.2.3.2.2.2.3.2.2.2.2.2.2",0.644890680892186,FALSE,TRUE,39
"2.2.1.3.1.2.2.2.2.2.2.3.2.2.2.3.2.2.2.2.2.2",0.527069992490061,FALSE,TRUE,38
"2.2.1.2.1.3.2.2.2.2.2.3.2.2.2.3.2.2.2.2.2.2",0.449149256005596,FALSE,TRUE,39
"2.2.1.2.1.2.3.2.2.2.2.3.2.2.2.3.2.2.2.2.2.2",0.550592247277798,FALSE,TRUE,39
"2.2.1.2.1.2.2.3.2.2.2.3.2.2.2.3.2.2.2.2.2.2",0.310961530539363,FALSE,TRUE,39
"2.2.1.2.1.2.2.2.3.2.2.3.2.2.2.3.2.2.2.2.2.2",0.358935512067961,FALSE,TRUE,39
"2.2.1.2.1.2.2.2.2.3.2.3.2.2.2.3.2.2.2.2.2.2",0.37677621623507,FALSE,TRUE,39
"2.2.1.2.1.2.2.2.2.2.3.3.2.2.2.3.2.2.2.2.2.2",0.44934781964138,FALSE,TRUE,40
"2.2.1.2.1.2.2.2.2.2.2.4.2.2.2.3.2.2.2.2.2.2",0.472984003855569,FALSE,TRUE,39
"2.2.1.2.1.2.2.2.2.2.2.3.3.2.2.3.2.2.2.2.2.2",0.412227769735761,FALSE,TRUE,39
"2.2.1.2.1.2.2.2.2.2.2.3.2.3.2.3.2.2.2.2.2.2",0.277042604796545,FALSE,TRUE,39
"2.2.1.2.1.2.2.2.2.2.2.3.2.2.3.3.2.2.2.2.2.2",0.480814505354985,FALSE,TRUE,39
"2.2.1.2.1.2.2.2.2.2.2.3.2.2.2.4.2.2.2.2.2.2",0.467057605604982,FALSE,TRUE,39
"2.2.1.2.1.2.2.2.2.2.2.3.2.2.2.3.3.2.2.2.2.2",0.446841997967448,FALSE,TRUE,39
"2.2.1.2.1.2.2.2.2.2.2.3.2.2.2.3.2.3.2.2.2.2",0.573994327540281,FALSE,TRUE,39
"2.2.1.2.1.2.2.2.2.2.2.3.2.2.2.3.2.2.3.2.2.2",0.406221199507021,FALSE,TRUE,39
"2.2.1.2.1.2.2.2.2.2.2.3.2.2.2.3.2.2.2.3.2.2",0.512198259097224,FALSE,TRUE,39
"2.2.1.2.1.2.2.2.2.2.2.3.2.2.2.3.2.2.2.2.3.2",0.419956434391316,FALSE,TRUE,39
"2.2.1.2.1.2.2.2.2.2.2.3.2.2.2.3.2.2.2.2.2.3",0.346710474942271,FALSE,TRUE,38
"1.2.1.2.1.2.2.2.2.2.2.3.2.2.2.3.2.2.2.2.2.2",0.509008869899907,FALSE,TRUE,38
"2.1.1.2.1.2.2.2.2.2.2.3.2.2.2.3.2.2.2.2.2.2",0.280281253609627,FALSE,TRUE,38
"2.2.1.1.1.2.2.2.2.2.2.3.2.2.2.3.2.2.2.2.2.2",0.288183134656741,FALSE,TRUE,38
"2.2.1.2.1.1.2.2.2.2.2.3.2.2.2.3.2.2.2.2.2.2",0.439188036278759,FALSE,TRUE,38
"2.2.1.2.1.2.1.2.2.2.2.3.2.2.2.3.2.2.2.2.2.2",0.319465436434641,FALSE,TRUE,38
"2.2.1.2.1.2.2.1.2.2.2.3.2.2.2.3.2.2.2.2.2.2",0.533503703287753,FALSE,TRUE,38
"2.2.1.2.1.2.2.2.1.2.2.3.2.2.2.3.2.2.2.2.2.2",0.515822897860319,FALSE,TRUE,38
"2.2.1.2.1.2.2.2.2.1.2.3.2.2.2.3.2.2.2.2.2.2",0.470601707945469,FALSE,TRUE,38
"2.2.1.2.1.2.2.2.2.2.2.2.2.2.2.3.2.2.2.2.2.2",0.517462199189168,FALSE,TRUE,38
"2.2.1.2.1.2.2.2.2.2.2.3.1.2.2.3.2.2.2.2.2.2",0.505974404639932,FALSE,TRUE,38
"2.2.1.2.1.2.2.2.2.2.2.3.2.1.2.3.2.2.2.2.2.2",0.578024135517897,FALSE,TRUE,38
"2.2.1.2.1.2.2.2.2.2.2.3.2.2.1.3.2.2.2.2.2.2",0.517457851851608,FALSE,TRUE,36
"2.2.1.2.1.2.2.2.2.2.2.3.2.2.2.2.2.2.2.2.2.2",0.412958411661923,FALSE,TRUE,39
"2.2.1.2.1.2.2.2.2.2.2.3.2.2.2.3.1.2.2.2.2.2",0.524927890335284,FALSE,TRUE,38
"2.2.1.2.1.2.2.2.2.2.2.3.2.2.2.3.2.1.2.2.2.2",0.367562148174703,FALSE,TRUE,38
"2.2.1.2.1.2.2.2.2.2.2.3.2.2.2.3.2.2.1.2.2.2",0.408580372735546,FALSE,TRUE,38
"2.2.1.2.1.2.2.2.2.2.2.3.2.2.2.3.2.2.2.1.2.2",0.421657490595848,FALSE,TRUE,36
"2.2.1.2.1.2.2.2.2.2.2.3.2.2.2.3.2.2.2.2.1.2",0.515220497164733,FALSE,TRUE,38
"2.2.1.2.1.2.2.2.2.2.2.3.2.2.2.3.2.2.2.2.2.1",0.561750905291015,FALSE,TRUE,38
"3.3.2.3.2.2.2.2.2.2.2.3.2.2.2.3.2.2.2.2.2.2",0.334603126429775,FALSE,TRUE,42
"2.4.2.3.2.2.2.2.2.2.2.3.2.2.2.3.2.2.2.2.2.2",0.325000635557217,FALSE,TRUE,43
"2.3.3.3.2.2.2.2.2.2.2.3.2.2.2.3.2.2.2.2.2.2",0.203459162164706,FALSE,TRUE,42
"2.3.2.4.2.2.2.2.2.2.2.3.2.2.2.3.2.2.2.2.2.2",0.185399908495159,FALSE,TRUE,42
"2.3.2.3.3.2.2.2.2.2.2.3.2.2.2.3.2.2.2.2.2.2",0.443752466637388,FALSE,TRUE,42
"2.3.2.3.2.3.2.2.2.2.2.3.2.2.2.3.2.2.2.2.2.2",0.429885606629875,FALSE,TRUE,42
"2.3.2.3.2.2.3.2.2.2.2.3.2.2.2.3.2.2.2.2.2.2",0.453195186454972,FALSE,TRUE,42
"2.3.2.3.2.2.2.3.2.2.2.3.2.2.2.3.2.2.2.2.2.2",0.0861631625427173,FALSE,TRUE,42
"2.3.2.3.2.2.2.2.3.2.2.3.2.2.2.3.2.2.2.2.2.2",0.346331330707169,FALSE,TRUE,42
"2.3.2.3.2.2.2.2.2.3.2.3.2.2.2.3.2.2.2.2.2.2",0.233121175532028,FALSE,TRUE,42
"2.3.2.3.2.2.2.2.2.2.3.3.2.2.2.3.2.2.2.2.2.2",0.255731628303118,FALSE,TRUE,42
"2.3.2.3.2.2.2.2.2.2.2.4.2.2.2.3.2.2.2.2.2.2",0.355256981508763,FALSE,TRUE,42
"2.3.2.3.2.2.2.2.2.2.2.3.3.2.2.3.2.2.2.2.2.2",0.389139272307788,FALSE,TRUE,42
"2.3.2.3.2.2.2.2.2.2.2.3.2.3.2.3.2.2.2.2.2.2",0.347614609851782,FALSE,TRUE,42
"2.3.2.3.2.2.2.2.2.2.2.3.2.2.3.3.2.2.2.2.2.2",0.386169573734896,FALSE,TRUE,42
"2.3.2.3.2.2.2.2.2.2.2.3.2.2.2.4.2.2.2.2.2.2",0.558781573724626,FALSE,TRUE,42
"2.3.2.3.2.2.2.2.2.2.2.3.2.2.2.3.3.2.2.2.2.2",0.246607178112435,FALSE,TRUE,42
"2.3.2.3.2.2.2.2.2.2.2.3.2.2.2.3.2.3.2.2.2.2",0.35577780816135,FALSE,TRUE,42
"2.3.2.3.2.2.2.2.2.2.2.3.2.2.2.3.2.2.3.2.2.2",0.438036302065217,FALSE,TRUE,42
"2.3.2.3.2.2.2.2.2.2.2.3.2.2.2.3.2.2.2.3.2.2",0.354216234552785,FALSE,TRUE,42
"2.3.2.3.2.2.2.2.2.2.2.3.2.2.2.3.2.2.2.2.3.2",0.40662930643773,FALSE,TRUE,42
"2.3.2.3.2.2.2.2.2.2.2.3.2.2.2.3.2.2.2.2.2.3",0.326778842918196,FALSE,TRUE,41
"1.3.2.3.2.2.2.2.2.2.2.3.2.2.2.3.2.2.2.2.2.2",0.409434588115998,FALSE,TRUE,41
"2.3.1.3.2.2.2.2.2.2.2.3.2.2.2.3.2.2.2.2.2.2",0.569741932705555,FALSE,TRUE,40
"2.3.2.3.1.2.2.2.2.2.2.3.2.2.2.3.2.2.2.2.2.2",0.244080984622647,FALSE,TRUE,41
"2.3.2.3.2.1.2.2.2.2.2.3.2.2.2.3.2.2.2.2.2.2",0.334838701605689,FALSE,TRUE,41
"2.3.2.3.2.2.1.2.2.2.2.3.2.2.2.3.2.2.2.2.2.2",0.3921975451929,FALSE,TRUE,41
"2.3.2.3.2.2.2.1.2.2.2.3.2.2.2.3.2.2.2.2.2.2",0.664286074168919,FALSE,TRUE,41
"2.3.2.3.2.2.2.2.1.2.2.3.2.2.2.3.2.2.2.2.2.2",0.533674354428579,FALSE,TRUE,41
"2.3.2.3.2.2.2.2.2.1.2.3.2.2.2.3.2.2.2.2.2.2",0.543796021689439,FALSE,TRUE,41
"2.3.2.3.2.2.2.2.2.2.1.3.2.2.2.3.2.2.2.2.2.2",0.508988724291359,FALSE,TRUE,41
"2.3.2.3.2.2.2.2.2.2.2.2.2.2.2.3.2.2.2.2.2.2",0.541432091528091,FALSE,TRUE,41
"2.3.2.3.2.2.2.2.2.2.2.3.1.2.2.3.2.2.2.2.2.2",0.439019013312919,FALSE,TRUE,41
"2.3.2.3.2.2.2.2.2.2.2.3.2.1.2.3.2.2.2.2.2.2",0.420598951850415,FALSE,TRUE,41
"2.3.2.3.2.2.2.2.2.2.2.3.2.2.1.3.2.2.2.2.2.2",0.369458722174715,FALSE,TRUE,40
"2.3.2.3.2.2.2.2.2.2.2.3.2.2.2.2.2.2.2.2.2.2",0.217660577565759,FALSE,TRUE,42
"2.3.2.3.2.2.2.2.2.2.2.3.2.2.2.3.1.2.2.2.2.2",0.606699527239821,FALSE,TRUE,41
"2.3.2.3.2.2.2.2.2.2.2.3.2.2.2.3.2.1.2.2.2.2",0.516616913750259,FALSE,TRUE,41
"2.3.2.3.2.2.2.2.2.2.2.3.2.2.2.3.2.2.1.2.2.2",0.405853707096523,FALSE,TRUE,41
"2.3.2.3.2.2.2.2.2.2.2.3.2.2.2.3.2.2.2.1.2.2",0.559377682730211,FALSE,TRUE,40
"2.3.2.3.2.2.2.2.2.2.2.3.2.2.2.3.2.2.2.2.1.2",0.480387366017703,FALSE,TRUE,41
"2.3.2.3.2.2.2.2.2.2.2.3.2.2.2.3.2.2.2.2.2.1",0.478258766856322,FALSE,TRUE,41
"1.3.2.2.2.2.2.2.2.3.2.2.2.2.2.3.2.2.2.2.2.2",0.259123524557284,FALSE,TRUE,41
"1.2.3.2.2.2.2.2.2.3.2.2.2.2.2.3.2.2.2.2.2.2",0.39557521925431,FALSE,TRUE,41
"1.2.2.3.2.2.2.2.2.3.2.2.2.2.2.3.2.2.2.2.2.2",0.348441058304447,FALSE,TRUE,41
"1.2.2.2.3.2.2.2.2.3.2.2.2.2.2.3.2.2.2.2.2.2",0.0955728915051379,FALSE,TRUE,41
"1.2.2.2.2.3.2.2.2.3.2.2.2.2.2.3.2.2.2.2.2.2",0.420068861622856,FALSE,TRUE,41
"1.2.2.2.2.2.3.2.2.3.2.2.2.2.2.3.2.2.2.2.2.2",0.381453795680954,FALSE,TRUE,40
"1.2.2.2.2.2.2.3.2.3.2.2.2.2.2.3.2.2.2.2.2.2",0.209336512155305,FALSE,TRUE,41
"1.2.2.2.2.2.2.2.3.3.2.2.2.2.2.3.2.2.2.2.2.2",0.309341102292176,FALSE,TRUE,41
"1.2.2.2.2.2.2.2.2.4.2.2.2.2.2.3.2.2.2.2.2.2",0.161575371305953,FALSE,TRUE,42
"1.2.2.2.2.2.2.2.2.3.3.2.2.2.2.3.2.2.2.2.2.2",0.342177307343697,FALSE,TRUE,41
"1.2.2.2.2.2.2.2.2.3.2.3.2.2.2.3.2.2.2.2.2.2",0.295998545142981,FALSE,TRUE,40
"1.2.2.2.2.2.2.2.2.3.2.2.3.2.2.3.2.2.2.2.2.2",0.142858975536962,FALSE,TRUE,41
"1.2.2.2.2.2.2.2.2.3.2.2.2.3.2.3.2.2.2.2.2.2",0.10509471426721,FALSE,TRUE,41
"1.2.2.2.2.2.2.2.2.3.2.2.2.2.3.3.2.2.2.2.2.2",0.17022910818945,FALSE,TRUE,41
"1.2.2.2.2.2.2.2.2.3.2.2.2.2.2.4.2.2.2.2.2.2",0.272877708952834,FALSE,TRUE,41
"1.2.2.2.2.2.2.2.2.3.2.2.2.2.2.3.3.2.2.2.2.2",0.290127011911621,FALSE,TRUE,41
"1.2.2.2.2.2.2.2.2.3.2.2.2.2.2.3.2.3.2.2.2.2",0.344505624556311,FALSE,TRUE,40
"1.2.2.2.2.2.2.2.2.3.2.2.2.2.2.3.2.2.3.2.2.2",0.354483028938557,FALSE,TRUE,41
"1.2.2.2.2.2.2.2.2.3.2.2.2.2.2.3.2.2.2.3.2.2",0.316332892518849,FALSE,TRUE,41
"1.2.2.2.2.2.2.2.2.3.2.2.2.2.2.3.2.2.2.2.3.2",0.166625432848268,FALSE,TRUE,41
"1.2.2.2.2.2.2.2.2.3.2.2.2.2.2.3.2.2.2.2.2.3",0.156539503126766,FALSE,TRUE,41
"1.1.2.2.2.2.2.2.2.3.2.2.2.2.2.3.2.2.2.2.2.2",0.163030360520557,FALSE,TRUE,40
"1.2.1.2.2.2.2.2.2.3.2.2.2.2.2.3.2.2.2.2.2.2",0.0145710215774405,FALSE,TRUE,40
"1.2.2.1.2.2.2.2.2.3.2.2.2.2.2.3.2.2.2.2.2.2",0.119187916832614,FALSE,TRUE,40
"1.2.2.2.1.2.2.2.2.3.2.2.2.2.2.3.2.2.2.2.2.2",0.45109022793761,FALSE,TRUE,40
"1.2.2.2.2.1.2.2.2.3.2.2.2.2.2.3.2.2.2.2.2.2",0.151295128856562,FALSE,TRUE,40
"1.2.2.2.2.2.1.2.2.3.2.2.2.2.2.3.2.2.2.2.2.2",0.0484833254504452,FALSE,TRUE,40
"1.2.2.2.2.2.2.1.2.3.2.2.2.2.2.3.2.2.2.2.2.2",0.353647195253592,FALSE,TRUE,40
"1.2.2.2.2.2.2.2.1.3.2.2.2.2.2.3.2.2.2.2.2.2",0.334585581393314,FALSE,TRUE,40
"1.2.2.2.2.2.2.2.2.3.1.2.2.2.2.3.2.2.2.2.2.2",0.0969389163837796,FALSE,TRUE,40
"1.2.2.2.2.2.2.2.2.3.2.1.2.2.2.3.2.2.2.2.2.2",0.248971147956891,FALSE,TRUE,40
"1.2.2.2.2.2.2.2.2.3.2.2.1.2.2.3.2.2.2.2.2.2",0.422169404388567,FALSE,TRUE,40
"1.2.2.2.2.2.2.2.2.3.2.2.2.2.1.3.2.2.2.2.2.2",0.22646603277149,FALSE,TRUE,40
"1.2.2.2.2.2.2.2.2.3.2.2.2.2.2.2.2.2.2.2.2.2",0.233996794364912,FALSE,TRUE,40
"1.2.2.2.2.2.2.2.2.3.2.2.2.2.2.3.1.2.2.2.2.2",0.258967762675659,FALSE,TRUE,40
"1.2.2.2.2.2.2.2.2.3.2.2.2.2.2.3.2.1.2.2.2.2",0.234447367150234,FALSE,TRUE,40
"1.2.2.2.2.2.2.2.2.3.2.2.2.2.2.3.2.2.1.2.2.2",0.253804958348863,FALSE,TRUE,40
"1.2.2.2.2.2.2.2.2.3.2.2.2.2.2.3.2.2.2.1.2.2",0.298553938194379,FALSE,TRUE,40
"1.2.2.2.2.2.2.2.2.3.2.2.2.2.2.3.2.2.2.2.1.2",0.448949106824093,FALSE,TRUE,40
"1.2.2.2.2.2.2.2.2.3.2.2.2.2.2.3.2.2.2.2.2.1",0.284497792057067,FALSE,TRUE,40
"3.2.2.2.2.2.2.2.1.2.2.2.3.2.2.2.2.2.2.1.2.2",0.231738404721269,FALSE,TRUE,40
"2.3.2.2.2.2.2.2.1.2.2.2.3.2.2.2.2.2.2.1.2.2",0.288477361231672,FALSE,TRUE,40
"2.2.3.2.2.2.2.2.1.2.2.2.3.2.2.2.2.2.2.1.2.2",0.37632557521082,FALSE,TRUE,40
"2.2.2.3.2.2.2.2.1.2.2.2.3.2.2.2.2.2.2.1.2.2",0.404090344682872,FALSE,TRUE,40
"2.2.2.2.3.2.2.2.1.2.2.2.3.2.2.2.2.2.2.1.2.2",-0.0461667959086192,FALSE,TRUE,40
"2.2.2.2.2.3.2.2.1.2.2.2.3.2.2.2.2.2.2.1.2.2",0.37851171852693,FALSE,TRUE,40
"2.2.2.2.2.2.3.2.1.2.2.2.3.2.2.2.2.2.2.1.2.2",0.398069586257585,FALSE,TRUE,40
"2.2.2.2.2.2.2.3.1.2.2.2.3.2.2.2.2.2.2.1.2.2",0.0871683607979426,FALSE,TRUE,40
"2.2.2.2.2.2.2.2.1.3.2.2.3.2.2.2.2.2.2.1.2.2",0.120602807929943,FALSE,TRUE,40
"2.2.2.2.2.2.2.2.1.2.3.2.3.2.2.2.2.2.2.1.2.2",0.237798352464047,FALSE,TRUE,40
"2.2.2.2.2.2.2.2.1.2.2.3.3.2.2.2.2.2.2.1.2.2",0.326956356347771,FALSE,TRUE,40
"2.2.2.2.2.2.2.2.1.2.2.2.4.2.2.2.2.2.2.1.2.2",0.1046266438852,FALSE,TRUE,40
"2.2.2.2.2.2.2.2.1.2.2.2.3.3.2.2.2.2.2.1.2.2",-0.115190622656394,FALSE,TRUE,40
"2.2.2.2.2.2.2.2.1.2.2.2.3.2.3.2.2.2.2.1.2.2",-0.0684736523999796,FALSE,TRUE,40
"2.2.2.2.2.2.2.2.1.2.2.2.3.2.2.3.2.2.2.1.2.2",0.353342277829593,FALSE,TRUE,40
"2.2.2.2.2.2.2.2.1.2.2.2.3.2.2.2.3.2.2.1.2.2",0.289725729531174,FALSE,TRUE,40
"2.2.2.2.2.2.2.2.1.2.2.2.3.2.2.2.2.3.2.1.2.2",0.240398153785376,FALSE,TRUE,40
"2.2.2.2.2.2.2.2.1.2.2.2.3.2.2.2.2.2.3.1.2.2",0.4274834689375,FALSE,TRUE,40
"2.2.2.2.2.2.2.2.1.2.2.2.3.2.2.2.2.2.2.1.3.2",0.211824545621251,FALSE,TRUE,40
"2.2.2.2.2.2.2.2.1.2.2.2.3.2.2.2.2.2.2.1.2.3",0.199883637635772,FALSE,TRUE,40
"1.2.2.2.2.2.2.2.1.2.2.2.3.2.2.2.2.2.2.1.2.2",0.142680212471773,FALSE,TRUE,39
"2.1.2.2.2.2.2.2.1.2.2.2.3.2.2.2.2.2.2.1.2.2",-0.0210495905131331,FALSE,TRUE,39
"2.2.1.2.2.2.2.2.1.2.2.2.3.2.2.2.2.2.2.1.2.2",-0.111621486990616,FALSE,TRUE,39
"2.2.2.1.2.2.2.2.1.2.2.2.3.2.2.2.2.2.2.1.2.2",-0.117374826924246,FALSE,TRUE,39
"2.2.2.2.1.2.2.2.1.2.2.2.3.2.2.2.2.2.2.1.2.2",0.369891540520923,FALSE,TRUE,39
"2.2.2.2.2.1.2.2.1.2.2.2.3.2.2.2.2.2.2.1.2.2",0.103948987429755,FALSE,TRUE,39
"2.2.2.2.2.2.1.2.1.2.2.2.3.2.2.2.2.2.2.1.2.2",-0.0475084791930089,FALSE,TRUE,39
"2.2.2.2.2.2.2.1.1.2.2.2.3.2.2.2.2.2.2.1.2.2",0.280450946041649,FALSE,TRUE,39
"2.2.2.2.2.2.2.2.1.1.2.2.3.2.2.2.2.2.2.1.2.2",0.216680721846853,FALSE,TRUE,39
"2.2.2.2.2.2.2.2.1.2.1.2.3.2.2.2.2.2.2.1.2.2",0.0669240123726448,FALSE,TRUE,39
"2.2.2.2.2.2.2.2.1.2.2.1.3.2.2.2.2.2.2.1.2.2",0.110011850118004,FALSE,TRUE,39
"2.2.2.2.2.2.2.2.1.2.2.2.2.2.2.2.2.2.2.1.2.2",0.315872357685871,FALSE,TRUE,38
"2.2.2.2.2.2.2.2.1.2.2.2.3.1.2.2.2.2.2.1.2.2",0.486790548250586,FALSE,TRUE,39
"2.2.2.2.2.2.2.2.1.2.2.2.3.2.1.2.2.2.2.1.2.2",0.450724091947248,FALSE,TRUE,37
"2.2.2.2.2.2.2.2.1.2.2.2.3.2.2.1.2.2.2.1.2.2",-0.0629022580061669,FALSE,TRUE,39
"2.2.2.2.2.2.2.2.1.2.2.2.3.2.2.2.1.2.2.1.2.2",0.137075301584323,FALSE,TRUE,39
"2.2.2.2.2.2.2.2.1.2.2.2.3.2.2.2.2.1.2.1.2.2",0.189358314014992,FALSE,TRUE,39
"2.2.2.2.2.2.2.2.1.2.2.2.3.2.2.2.2.2.1.1.2.2",-0.0130982931656526,FALSE,TRUE,39
"2.2.2.2.2.2.2.2.1.2.2.2.3.2.2.2.2.2.2.1.1.2",0.185497039325935,FALSE,TRUE,38
"2.2.2.2.2.2.2.2.1.2.2.2.3.2.2.2.2.2.2.1.2.1",0.182466079285901,FALSE,TRUE,39
"3.1.2.2.2.2.2.2.2.2.2.2.2.2.2.2.2.2.2.2.2.2",0.228400521488542,FALSE,TRUE,41
"2.1.3.2.2.2.2.2.2.2.2.2.2.2.2.2.2.2.2.2.2.2",0.442261487564437,FALSE,TRUE,41
"2.1.2.3.2.2.2.2.2.2.2.2.2.2.2.2.2.2.2.2.2.2",0.384570438582578,FALSE,TRUE,41
"2.1.2.2.3.2.2.2.2.2.2.2.2.2.2.2.2.2.2.2.2.2",0.162051489196018,FALSE,TRUE,41
"2.1.2.2.2.3.2.2.2.2.2.2.2.2.2.2.2.2.2.2.2.2",0.290923202454374,FALSE,TRUE,41
"2.1.2.2.2.2.3.2.2.2.2.2.2.2.2.2.2.2.2.2.2.2",0.478331840830821,FALSE,TRUE,40
"2.1.2.2.2.2.2.3.2.2.2.2.2.2.2.2.2.2.2.2.2.2",0.236349185447508,FALSE,TRUE,41
"2.1.2.2.2.2.2.2.2.3.2.2.2.2.2.2.2.2.2.2.2.2",0.32623446168432,FALSE,TRUE,41
"2.1.2.2.2.2.2.2.2.2.2.3.2.2.2.2.2.2.2.2.2.2",0.331540587810742,FALSE,TRUE,40
"2.1.2.2.2.2.2.2.2.2.2.2.2.3.2.2.2.2.2.2.2.2",0.120017776283048,FALSE,TRUE,41
"2.1.2.2.2.2.2.2.2.2.2.2.2.2.3.2.2.2.2.2.2.2",0.190806322340162,FALSE,TRUE,41
"2.1.2.2.2.2.2.2.2.2.2.2.2.2.2.2.3.2.2.2.2.2",0.227735901998139,FALSE,TRUE,41
"2.1.2.2.2.2.2.2.2.2.2.2.2.2.2.2.2.3.2.2.2.2",0.387265674119283,FALSE,TRUE,41
"2.1.2.2.2.2.2.2.2.2.2.2.2.2.2.2.2.2.3.2.2.2",0.230175035269659,FALSE,TRUE,41
"2.1.2.2.2.2.2.2.2.2.2.2.2.2.2.2.2.2.2.3.2.2",0.388599277726151,FALSE,TRUE,41
"2.1.2.2.2.2.2.2.2.2.2.2.2.2.2.2.2.2.2.2.3.2",0.176661376856071,FALSE,TRUE,41
"2.1.2.2.2.2.2.2.2.2.2.2.2.2.2.2.2.2.2.2.2.3",0.240726479630807,FALSE,TRUE,41
"1.1.2.2.2.2.2.2.2.2.2.2.2.2.2.2.2.2.2.2.2.2",0.213194057601619,FALSE,TRUE,39
"2.1.1.2.2.2.2.2.2.2.2.2.2.2.2.2.2.2.2.2.2.2",-0.106526952403704,FALSE,TRUE,40
"2.1.2.1.2.2.2.2.2.2.2.2.2.2.2.2.2.2.2.2.2.2",0.150873407991139,FALSE,TRUE,40
"2.1.2.2.1.2.2.2.2.2.2.2.2.2.2.2.2.2.2.2.2.2",0.407816719854774,FALSE,TRUE,40
"2.1.2.2.2.1.2.2.2.2.2.2.2.2.2.2.2.2.2.2.2.2",0.209330871871361,FALSE,TRUE,40
"2.1.2.2.2.2.1.2.2.2.2.2.2.2.2.2.2.2.2.2.2.2",0.125508560415755,FALSE,TRUE,40
"2.1.2.2.2.2.2.1.2.2.2.2.2.2.2.2.2.2.2.2.2.2",0.292617272402029,FALSE,TRUE,40
"2.1.2.2.2.2.2.2.1.2.2.2.2.2.2.2.2.2.2.2.2.2",0.25696148786635,FALSE,TRUE,39
"2.1.2.2.2.2.2.2.2.1.2.2.2.2.2.2.2.2.2.2.2.2",0.283457503099111,FALSE,TRUE,40
"2.1.2.2.2.2.2.2.2.2.1.2.2.2.2.2.2.2.2.2.2.2",0.12517217368418,FALSE,TRUE,40
"2.1.2.2.2.2.2.2.2.2.2.2.1.2.2.2.2.2.2.2.2.2",0.395266736643012,FALSE,TRUE,40
"2.1.2.2.2.2.2.2.2.2.2.2.2.1.2.2.2.2.2.2.2.2",0.43472313932109,FALSE,TRUE,40
"2.1.2.2.2.2.2.2.2.2.2.2.2.2.1.2.2.2.2.2.2.2",0.32073056603475,FALSE,TRUE,39
"2.1.2.2.2.2.2.2.2.2.2.2.2.2.2.1.2.2.2.2.2.2",0.245465758946315,FALSE,TRUE,40
"2.1.2.2.2.2.2.2.2.2.2.2.2.2.2.2.1.2.2.2.2.2",0.3005263698049,FALSE,TRUE,40
"2.1.2.2.2.2.2.2.2.2.2.2.2.2.2.2.2.2.1.2.2.2",0.174583289838967,FALSE,TRUE,40
"2.1.2.2.2.2.2.2.2.2.2.2.2.2.2.2.2.2.2.1.2.2",0.186958925500725,FALSE,TRUE,39
"2.1.2.2.2.2.2.2.2.2.2.2.2.2.2.2.2.2.2.2.1.2",0.406014236617015,FALSE,TRUE,38
"2.1.2.2.2.2.2.2.2.2.2.2.2.2.2.2.2.2.2.2.2.1",0.296688589507071,FALSE,TRUE,40
"3.2.2.2.2.3.2.2.2.2.2.4.1.2.1.3.2.2.2.2.2.2",0.0776880633084388,FALSE,TRUE,40
"2.3.2.2.2.3.2.2.2.2.2.4.1.2.1.3.2.2.2.2.2.2",0.380099630227766,FALSE,TRUE,40
"2.2.3.2.2.3.2.2.2.2.2.4.1.2.1.3.2.2.2.2.2.2",0.186854450766442,FALSE,TRUE,40
"2.2.2.3.2.3.2.2.2.2.2.4.1.2.1.3.2.2.2.2.2.2",0.192834555282777,FALSE,TRUE,40
"2.2.2.2.3.3.2.2.2.2.2.4.1.2.1.3.2.2.2.2.2.2",0.159166212590934,FALSE,TRUE,40
"2.2.2.2.2.4.2.2.2.2.2.4.1.2.1.3.2.2.2.2.2.2",0.189211880618434,FALSE,TRUE,41
"2.2.2.2.2.3.3.2.2.2.2.4.1.2.1.3.2.2.2.2.2.2",0.243592108998991,FALSE,TRUE,40
"2.2.2.2.2.3.2.3.2.2.2.4.1.2.1.3.2.2.2.2.2.2",0.1239571480393,FALSE,TRUE,40
"2.2.2.2.2.3.2.2.3.2.2.4.1.2.1.3.2.2.2.2.2.2",0.177089320127581,FALSE,TRUE,40
"2.2.2.2.2.3.2.2.2.3.2.4.1.2.1.3.2.2.2.2.2.2",0.0300341191404635,FALSE,TRUE,40
"2.2.2.2.2.3.2.2.2.2.3.4.1.2.1.3.2.2.2.2.2.2",0.0943700030077918,FALSE,TRUE,40
"2.2.2.2.2.3.2.2.2.2.2.5.1.2.1.3.2.2.2.2.2.2",0.171678083853905,FALSE,TRUE,40
"2.2.2.2.2.3.2.2.2.2.2.4.1.3.1.3.2.2.2.2.2.2",0.199748987803901,FALSE,TRUE,40
"2.2.2.2.2.3.2.2.2.2.2.4.1.2.2.3.2.2.2.2.2.2",0.267315075762389,FALSE,TRUE,41
"2.2.2.2.2.3.2.2.2.2.2.4.1.2.1.4.2.2.2.2.2.2",0.170880467910765,FALSE,TRUE,40
"2.2.2.2.2.3.2.2.2.2.2.4.1.2.1.3.3.2.2.2.2.2",0.14193655724513,FALSE,TRUE,40
"2.2.2.2.2.3.2.2.2.2.2.4.1.2.1.3.2.3.2.2.2.2",0.148320698763468,FALSE,TRUE,40
"2.2.2.2.2.3.2.2.2.2.2.4.1.2.1.3.2.2.3.2.2.2",0.257143714538167,FALSE,TRUE,40
"2.2.2.2.2.3.2.2.2.2.2.4.1.2.1.3.2.2.2.3.2.2",0.193660285595168,FALSE,TRUE,40
"2.2.2.2.2.3.2.2.2.2.2.4.1.2.1.3.2.2.2.2.3.2",0.206703823265425,FALSE,TRUE,39
"2.2.2.2.2.3.2.2.2.2.2.4.1.2.1.3.2.2.2.2.2.3",0.113605968257078,FALSE,TRUE,40
"1.2.2.2.2.3.2.2.2.2.2.4.1.2.1.3.2.2.2.2.2.2",0.289377859871635,FALSE,TRUE,38
"2.1.2.2.2.3.2.2.2.2.2.4.1.2.1.3.2.2.2.2.2.2",-6.1695119293847e-05,FALSE,TRUE,39
"2.2.1.2.2.3.2.2.2.2.2.4.1.2.1.3.2.2.2.2.2.2",0.291713632932538,FALSE,TRUE,39
"2.2.2.1.2.3.2.2.2.2.2.4.1.2.1.3.2.2.2.2.2.2",0.247238599014269,FALSE,TRUE,39
"2.2.2.2.1.3.2.2.2.2.2.4.1.2.1.3.2.2.2.2.2.2",0.271747092374255,FALSE,TRUE,39
"2.2.2.2.2.3.1.2.2.2.2.4.1.2.1.3.2.2.2.2.2.2",0.0115476007161752,FALSE,TRUE,39
"2.2.2.2.2.3.2.1.2.2.2.4.1.2.1.3.2.2.2.2.2.2",0.334408893536169,FALSE,TRUE,39
"2.2.2.2.2.3.2.2.1.2.2.4.1.2.1.3.2.2.2.2.2.2",0.38956527577798,FALSE,TRUE,39
"2.2.2.2.2.3.2.2.2.1.2.4.1.2.1.3.2.2.2.2.2.2",0.331359107426728,FALSE,TRUE,39
"2.2.2.2.2.3.2.2.2.2.1.4.1.2.1.3.2.2.2.2.2.2",0.323857576654944,FALSE,TRUE,39
"2.2.2.2.2.3.2.2.2.2.2.3.1.2.1.3.2.2.2.2.2.2",0.269867701124294,FALSE,TRUE,39
"2.2.2.2.2.3.2.2.2.2.2.4.1.1.1.3.2.2.2.2.2.2",0.228615236091333,FALSE,TRUE,39
"2.2.2.2.2.3.2.2.2.2.2.4.1.2.1.2.2.2.2.2.2.2",0.243724231026797,FALSE,TRUE,40
"2.2.2.2.2.3.2.2.2.2.2.4.1.2.1.3.1.2.2.2.2.2",0.379506055810687,FALSE,TRUE,39
"2.2.2.2.2.3.2.2.2.2.2.4.1.2.1.3.2.1.2.2.2.2",0.332121803783767,FALSE,TRUE,39
"2.2.2.2.2.3.2.2.2.2.2.4.1.2.1.3.2.2.1.2.2.2",0.312053346096259,FALSE,TRUE,39
"2.2.2.2.2.3.2.2.2.2.2.4.1.2.1.3.2.2.2.1.2.2",0.274708005436114,FALSE,TRUE,39
"2.2.2.2.2.3.2.2.2.2.2.4.1.2.1.3.2.2.2.2.1.2",0.263979703208479,FALSE,TRUE,39
"2.2.2.2.2.3.2.2.2.2.2.4.1.2.1.3.2.2.2.2.2.1",0.190835823272965,FALSE,TRUE,39
"3.2.2.2.2.2.2.2.2.2.2.4.2.2.2.3.2.2.2.1.2.3",0.16013162890734,FALSE,TRUE,41
"2.3.2.2.2.2.2.2.2.2.2.4.2.2.2.3.2.2.2.1.2.3",0.404869605784706,FALSE,TRUE,41
"2.2.3.2.2.2.2.2.2.2.2.4.2.2.2.3.2.2.2.1.2.3",0.296783355723804,FALSE,TRUE,41
"2.2.2.3.2.2.2.2.2.2.2.4.2.2.2.3.2.2.2.1.2.3",0.190329214850587,FALSE,TRUE,41
"2.2.2.2.3.2.2.2.2.2.2.4.2.2.2.3.2.2.2.1.2.3",0.108371915842768,FALSE,TRUE,41
"2.2.2.2.2.3.2.2.2.2.2.4.2.2.2.3.2.2.2.1.2.3",0.196113295075244,FALSE,TRUE,41
"2.2.2.2.2.2.3.2.2.2.2.4.2.2.2.3.2.2.2.1.2.3",0.273347338281779,FALSE,TRUE,41
"2.2.2.2.2.2.2.3.2.2.2.4.2.2.2.3.2.2.2.1.2.3",0.0665018652860522,FALSE,TRUE,41
"2.2.2.2.2.2.2.2.3.2.2.4.2.2.2.3.2.2.2.1.2.3",0.146360378267089,FALSE,TRUE,41
"2.2.2.2.2.2.2.2.2.3.2.4.2.2.2.3.2.2.2.1.2.3",0.0293673358836068,FALSE,TRUE,41
"2.2.2.2.2.2.2.2.2.2.3.4.2.2.2.3.2.2.2.1.2.3",0.145684035051616,FALSE,TRUE,41
"2.2.2.2.2.2.2.2.2.2.2.5.2.2.2.3.2.2.2.1.2.3",0.175739960351482,FALSE,TRUE,42
"2.2.2.2.2.2.2.2.2.2.2.4.3.2.2.3.2.2.2.1.2.3",0.206022955335661,FALSE,TRUE,41
"2.2.2.2.2.2.2.2.2.2.2.4.2.3.2.3.2.2.2.1.2.3",0.136576277445463,FALSE,TRUE,40
"2.2.2.2.2.2.2.2.2.2.2.4.2.2.3.3.2.2.2.1.2.3",0.337524648761164,FALSE,TRUE,41
"2.2.2.2.2.2.2.2.2.2.2.4.2.2.2.4.2.2.2.1.2.3",0.261898824161154,FALSE,TRUE,41
"2.2.2.2.2.2.2.2.2.2.2.4.2.2.2.3.3.2.2.1.2.3",0.193433406015157,FALSE,TRUE,41
"2.2.2.2.2.2.2.2.2.2.2.4.2.2.2.3.2.3.2.1.2.3",0.277322462094509,FALSE,TRUE,41
"2.2.2.2.2.2.2.2.2.2.2.4.2.2.2.3.2.2.3.1.2.3",0.232352795505254,FALSE,TRUE,41
"2.2.2.2.2.2.2.2.2.2.2.4.2.2.2.3.2.2.2.1.3.3",0.173838250661572,FALSE,TRUE,41
"2.2.2.2.2.2.2.2.2.2.2.4.2.2.2.3.2.2.2.1.2.4",0.0890274213532986,FALSE,TRUE,41
"1.2.2.2.2.2.2.2.2.2.2.4.2.2.2.3.2.2.2.1.2.3",0.457078440111515,FALSE,TRUE,40
"2.1.2.2.2.2.2.2.2.2.2.4.2.2.2.3.2.2.2.1.2.3",0.110149926174038,FALSE,TRUE,40
"2.2.1.2.2.2.2.2.2.2.2.4.2.2.2.3.2.2.2.1.2.3",0.0560502965651598,FALSE,TRUE,40
"2.2.2.1.2.2.2.2.2.2.2.4.2.2.2.3.2.2.2.1.2.3",0.246984042575241,FALSE,TRUE,40
"2.2.2.2.1.2.2.2.2.2.2.4.2.2.2.3.2.2.2.1.2.3",0.384402329822728,FALSE,TRUE,40
"2.2.2.2.2.1.2.2.2.2.2.4.2.2.2.3.2.2.2.1.2.3",0.268813196339948,FALSE,TRUE,40
"2.2.2.2.2.2.1.2.2.2.2.4.2.2.2.3.2.2.2.1.2.3",0.234501197812814,FALSE,TRUE,40
"2.2.2.2.2.2.2.1.2.2.2.4.2.2.2.3.2.2.2.1.2.3",0.480828582403893,FALSE,TRUE,40
"2.2.2.2.2.2.2.2.1.2.2.4.2.2.2.3.2.2.2.1.2.3",0.390650068537042,FALSE,TRUE,40
"2.2.2.2.2.2.2.2.2.1.2.4.2.2.2.3.2.2.2.1.2.3",0.480368283910525,FALSE,TRUE,40
"2.2.2.2.2.2.2.2.2.2.1.4.2.2.2.3.2.2.2.1.2.3",0.292325435038078,FALSE,TRUE,40
"2.2.2.2.2.2.2.2.2.2.2.4.1.2.2.3.2.2.2.1.2.3",0.324688503825761,FALSE,TRUE,40
"2.2.2.2.2.2.2.2.2.2.2.4.2.1.2.3.2.2.2.1.2.3",0.352758188699515,FALSE,TRUE,40
"2.2.2.2.2.2.2.2.2.2.2.4.2.2.1.3.2.2.2.1.2.3",0.236748974147521,FALSE,TRUE,38
"2.2.2.2.2.2.2.2.2.2.2.4.2.2.2.2.2.2.2.1.2.3",0.238895444156314,FALSE,TRUE,41
"2.2.2.2.2.2.2.2.2.2.2.4.2.2.2.3.1.2.2.1.2.3",0.332304892655299,FALSE,TRUE,39
"2.2.2.2.2.2.2.2.2.2.2.4.2.2.2.3.2.1.2.1.2.3",0.190360628552193,FALSE,TRUE,40
"2.2.2.2.2.2.2.2.2.2.2.4.2.2.2.3.2.2.1.1.2.3",0.302829036393403,FALSE,TRUE,40
"2.2.2.2.2.2.2.2.2.2.2.4.2.2.2.3.2.2.2.1.1.3",0.383158598040881,FALSE,TRUE,40
"3.2.1.2.1.2.2.2.2.2.1.3.2.2.2.3.2.2.2.2.2.2",0.365123543227131,FALSE,TRUE,39
"2.3.1.2.1.2.2.2.2.2.1.3.2.2.2.3.2.2.2.2.2.2",0.48021766572013,FALSE,TRUE,39
"2.2.2.2.1.2.2.2.2.2.1.3.2.2.2.3.2.2.2.2.2.2",0.572217323954797,FALSE,TRUE,39
"2.2.1.3.1.2.2.2.2.2.1.3.2.2.2.3.2.2.2.2.2.2",0.494265352328965,FALSE,TRUE,39
"2.2.1.2.1.3.2.2.2.2.1.3.2.2.2.3.2.2.2.2.2.2",0.421606530237794,FALSE,TRUE,39
"2.2.1.2.1.2.3.2.2.2.1.3.2.2.2.3.2.2.2.2.2.2",0.466041623867428,FALSE,TRUE,39
"2.2.1.2.1.2.2.3.2.2.1.3.2.2.2.3.2.2.2.2.2.2",0.249407499607935,FALSE,TRUE,39
"2.2.1.2.1.2.2.2.3.2.1.3.2.2.2.3.2.2.2.2.2.2",0.305859715687225,FALSE,TRUE,39
"2.2.1.2.1.2.2.2.2.3.1.3.2.2.2.3.2.2.2.2.2.2",0.272911009388601,FALSE,TRUE,39
"2.2.1.2.1.2.2.2.2.2.1.4.2.2.2.3.2.2.2.2.2.2",0.334558793442189,FALSE,TRUE,39
"2.2.1.2.1.2.2.2.2.2.1.3.3.2.2.3.2.2.2.2.2.2",0.295016398286017,FALSE,TRUE,39
"2.2.1.2.1.2.2.2.2.2.1.3.2.3.2.3.2.2.2.2.2.2",0.200326723559747,FALSE,TRUE,39
"2.2.1.2.1.2.2.2.2.2.1.3.2.2.3.3.2.2.2.2.2.2",0.269817474597293,FALSE,TRUE,39
"2.2.1.2.1.2.2.2.2.2.1.3.2.2.2.4.2.2.2.2.2.2",0.484304945354632,FALSE,TRUE,39
"2.2.1.2.1.2.2.2.2.2.1.3.2.2.2.3.3.2.2.2.2.2",0.451888831374455,FALSE,TRUE,39
"2.2.1.2.1.2.2.2.2.2.1.3.2.2.2.3.2.3.2.2.2.2",0.487195124576497,FALSE,TRUE,39
"2.2.1.2.1.2.2.2.2.2.1.3.2.2.2.3.2.2.3.2.2.2",0.381444930592473,FALSE,TRUE,39
"2.2.1.2.1.2.2.2.2.2.1.3.2.2.2.3.2.2.2.3.2.2",0.47746589684455,FALSE,TRUE,39
"2.2.1.2.1.2.2.2.2.2.1.3.2.2.2.3.2.2.2.2.3.2",0.320741705534677,FALSE,TRUE,39
"2.2.1.2.1.2.2.2.2.2.1.3.2.2.2.3.2.2.2.2.2.3",0.354219396586993,FALSE,TRUE,39
"1.2.1.2.1.2.2.2.2.2.1.3.2.2.2.3.2.2.2.2.2.2",0.264551609656405,FALSE,TRUE,38
"2.1.1.2.1.2.2.2.2.2.1.3.2.2.2.3.2.2.2.2.2.2",0.247925322159201,FALSE,TRUE,38
"2.2.1.1.1.2.2.2.2.2.1.3.2.2.2.3.2.2.2.2.2.2",0.120905812856235,FALSE,TRUE,38
"2.2.1.2.1.1.2.2.2.2.1.3.2.2.2.3.2.2.2.2.2.2",0.252138961987328,FALSE,TRUE,38
"2.2.1.2.1.2.1.2.2.2.1.3.2.2.2.3.2.2.2.2.2.2",0.120505719880084,FALSE,TRUE,38
"2.2.1.2.1.2.2.1.2.2.1.3.2.2.2.3.2.2.2.2.2.2",0.383805869900346,FALSE,TRUE,38
"2.2.1.2.1.2.2.2.1.2.1.3.2.2.2.3.2.2.2.2.2.2",0.338790129047116,FALSE,TRUE,38
"2.2.1.2.1.2.2.2.2.1.1.3.2.2.2.3.2.2.2.2.2.2",0.303494688877862,FALSE,TRUE,38
"2.2.1.2.1.2.2.2.2.2.1.2.2.2.2.3.2.2.2.2.2.2",0.383205207123218,FALSE,TRUE,39
"2.2.1.2.1.2.2.2.2.2.1.3.1.2.2.3.2.2.2.2.2.2",0.386743620763049,FALSE,TRUE,38
"2.2.1.2.1.2.2.2.2.2.1.3.2.1.2.3.2.2.2.2.2.2",0.430356644949943,FALSE,TRUE,38
"2.2.1.2.1.2.2.2.2.2.1.3.2.2.1.3.2.2.2.2.2.2",0.54048045760788,FALSE,TRUE,38
"2.2.1.2.1.2.2.2.2.2.1.3.2.2.2.2.2.2.2.2.2.2",0.213980893892513,FALSE,TRUE,39
"2.2.1.2.1.2.2.2.2.2.1.3.2.2.2.3.1.2.2.2.2.2",0.302564192542591,FALSE,TRUE,38
"2.2.1.2.1.2.2.2.2.2.1.3.2.2.2.3.2.1.2.2.2.2",0.266019604928276,FALSE,TRUE,38
"2.2.1.2.1.2.2.2.2.2.1.3.2.2.2.3.2.2.1.2.2.2",0.200272200821625,FALSE,TRUE,38
"2.2.1.2.1.2.2.2.2.2.1.3.2.2.2.3.2.2.2.1.2.2",0.206391122175443,FALSE,TRUE,38
"2.2.1.2.1.2.2.2.2.2.1.3.2.2.2.3.2.2.2.2.1.2",0.365414965712424,FALSE,TRUE,38
"2.2.1.2.1.2.2.2.2.2.1.3.2.2.2.3.2.2.2.2.2.1",0.313049384399447,FALSE,TRUE,38
"3.2.2.2.2.2.2.1.2.2.2.3.1.3.2.3.2.2.2.1.2.1",0.232123833894864,FALSE,TRUE,38
"2.3.2.2.2.2.2.1.2.2.2.3.1.3.2.3.2.2.2.1.2.1",0.564799049266712,FALSE,TRUE,38
"2.2.3.2.2.2.2.1.2.2.2.3.1.3.2.3.2.2.2.1.2.1",0.227525796750681,FALSE,TRUE,38
"2.2.2.3.2.2.2.1.2.2.2.3.1.3.2.3.2.2.2.1.2.1",0.458913390295031,FALSE,TRUE,38
"2.2.2.2.3.2.2.1.2.2.2.3.1.3.2.3.2.2.2.1.2.1",0.259855209568398,FALSE,TRUE,38
"2.2.2.2.2.3.2.1.2.2.2.3.1.3.2.3.2.2.2.1.2.1",0.424750568076458,FALSE,TRUE,38
"2.2.2.2.2.2.3.1.2.2.2.3.1.3.2.3.2.2.2.1.2.1",0.528671191571626,FALSE,TRUE,38
"2.2.2.2.2.2.2.1.3.2.2.3.1.3.2.3.2.2.2.1.2.1",0.388639989596905,FALSE,TRUE,38
"2.2.2.2.2.2.2.1.2.3.2.3.1.3.2.3.2.2.2.1.2.1",0.154837286961989,FALSE,TRUE,38
"2.2.2.2.2.2.2.1.2.2.3.3.1.3.2.3.2.2.2.1.2.1",0.286128835985988,FALSE,TRUE,38
"2.2.2.2.2.2.2.1.2.2.2.4.1.3.2.3.2.2.2.1.2.1",0.41312980260399,FALSE,TRUE,38
"2.2.2.2.2.2.2.1.2.2.2.3.1.4.2.3.2.2.2.1.2.1",0.268779914447627,FALSE,TRUE,38
"2.2.2.2.2.2.2.1.2.2.2.3.1.3.3.3.2.2.2.1.2.1",0.313072611235709,FALSE,TRUE,38
"2.2.2.2.2.2.2.1.2.2.2.3.1.3.2.4.2.2.2.1.2.1",0.351188070150447,FALSE,TRUE,38
"2.2.2.2.2.2.2.1.2.2.2.3.1.3.2.3.3.2.2.1.2.1",0.38864922310713,FALSE,TRUE,38
"2.2.2.2.2.2.2.1.2.2.2.3.1.3.2.3.2.3.2.1.2.1",0.233718431730432,FALSE,TRUE,38
"2.2.2.2.2.2.2.1.2.2.2.3.1.3.2.3.2.2.3.1.2.1",0.425846000479284,FALSE,TRUE,38
"2.2.2.2.2.2.2.1.2.2.2.3.1.3.2.3.2.2.2.2.2.1",0.338382436540983,FALSE,TRUE,39
"2.2.2.2.2.2.2.1.2.2.2.3.1.3.2.3.2.2.2.1.3.1",0.321650972669606,FALSE,TRUE,38
"2.2.2.2.2.2.2.1.2.2.2.3.1.3.2.3.2.2.2.1.2.2",0.411885286928403,FALSE,TRUE,38
"1.2.2.2.2.2.2.1.2.2.2.3.1.3.2.3.2.2.2.1.2.1",0.373527203200092,FALSE,TRUE,37
"2.1.2.2.2.2.2.1.2.2.2.3.1.3.2.3.2.2.2.1.2.1",0.222480127472603,FALSE,TRUE,37
"2.2.1.2.2.2.2.1.2.2.2.3.1.3.2.3.2.2.2.1.2.1",0.204358174179636,FALSE,TRUE,37
"2.2.2.1.2.2.2.1.2.2.2.3.1.3.2.3.2.2.2.1.2.1",0.327159080086674,FALSE,TRUE,37
"2.2.2.2.1.2.2.1.2.2.2.3.1.3.2.3.2.2.2.1.2.1",0.452552426310891,FALSE,TRUE,37
"2.2.2.2.2.1.2.1.2.2.2.3.1.3.2.3.2.2.2.1.2.1",0.16087625908816,FALSE,TRUE,37
"2.2.2.2.2.2.1.1.2.2.2.3.1.3.2.3.2.2.2.1.2.1",0.290717393287101,FALSE,TRUE,37
"2.2.2.2.2.2.2.1.1.2.2.3.1.3.2.3.2.2.2.1.2.1",0.27616452292332,FALSE,TRUE,37
"2.2.2.2.2.2.2.1.2.1.2.3.1.3.2.3.2.2.2.1.2.1",0.655020686594661,FALSE,TRUE,37
"2.2.2.2.2.2.2.1.2.2.1.3.1.3.2.3.2.2.2.1.2.1",0.206863017153777,FALSE,TRUE,37
"2.2.2.2.2.2.2.1.2.2.2.2.1.3.2.3.2.2.2.1.2.1",0.392723990103386,FALSE,TRUE,38
"2.2.2.2.2.2.2.1.2.2.2.3.1.2.2.3.2.2.2.1.2.1",0.432516269534264,FALSE,TRUE,38
"2.2.2.2.2.2.2.1.2.2.2.3.1.3.1.3.2.2.2.1.2.1",0.290399075674638,FALSE,TRUE,37
"2.2.2.2.2.2.2.1.2.2.2.3.1.3.2.2.2.2.2.1.2.1",0.328277580542611,FALSE,TRUE,38
"2.2.2.2.2.2.2.1.2.2.2.3.1.3.2.3.1.2.2.1.2.1",0.341981517504589,FALSE,TRUE,37
"2.2.2.2.2.2.2.1.2.2.2.3.1.3.2.3.2.1.2.1.2.1",0.415947987895384,FALSE,TRUE,37
"2.2.2.2.2.2.2.1.2.2.2.3.1.3.2.3.2.2.1.1.2.1",0.203800056129173,FALSE,TRUE,37
"2.2.2.2.2.2.2.1.2.2.2.3.1.3.2.3.2.2.2.1.1.1",0.409433916623565,FALSE,TRUE,37
