"karyotype","fitness","is_fq","is_nn","boundary_degree"
"2.2.2.2.2.2.2.2.2.2.2.2.2.2.2.2.2.2.2.2.2.2",0.481125782086468,TRUE,FALSE,0
"2.2.2.2.2.2.1.2.2.2.2.2.2.2.2.2.2.2.2.2.2.2",0.462076183711557,TRUE,FALSE,0
"2.2.2.2.3.2.2.2.2.2.2.2.2.2.2.2.2.2.2.2.2.2",0.472715510283262,TRUE,FALSE,0
"2.2.1.2.2.2.1.2.2.2.2.2.2.2.2.2.2.2.2.2.2.2",0.404909427027212,TRUE,FALSE,0
"2.2.2.2.2.2.1.2.2.2.2.2.2.2.2.2.2.2.3.2.2.2",0.462404115864333,TRUE,FALSE,0
"2.2.2.2.2.2.1.2.2.2.3.2.2.2.2.2.2.2.3.2.2.2",0.389825969119242,TRUE,FALSE,0
"2.2.2.2.3.2.2.2.2.2.2.2.2.2.2.2.1.2.2.2.2.2",0.475727590628347,TRUE,FALSE,0
"2.2.1.2.2.2.1.1.2.2.2.2.2.2.2.2.2.2.2.2.2.2",0.403416351592223,TRUE,FALSE,0
"2.2.2.2.3.2.2.2.2.2.2.2.2.2.2.2.2.2.3.2.2.2",0.460101876508429,TRUE,FALSE,0
"2.2.2.2.3.2.2.2.2.2.2.2.2.2.2.2.1.2.2.2.2.3",0.443145406403499,TRUE,FALSE,0
"2.2.2.2.2.2.1.2.2.2.2.2.2.2.2.2.1.2.2.2.2.2",0.461238190158222,TRUE,FALSE,0
"2.2.2.2.2.2.1.2.2.2.2.2.2.2.2.2.2.2.3.2.3.2",0.51269039968656,TRUE,FALSE,0
"2.2.2.2.2.2.1.2.2.2.2.2.2.2.2.2.2.2.3.1.2.2",0.429620711362983,TRUE,FALSE,0
"2.2.2.2.3.2.2.2.2.2.2.2.2.2.2.2.2.2.2.2.1.2",0.42813918550264,TRUE,FALSE,0
"2.2.2.2.3.2.2.2.2.2.2.2.2.2.2.2.1.3.2.2.2.2",0.48892988652605,TRUE,FALSE,0
"2.2.2.2.2.2.1.2.2.2.2.2.2.2.2.3.1.2.2.2.2.2",0.492374704247076,TRUE,FALSE,0
"2.2.1.2.2.2.1.1.2.2.2.1.2.2.2.2.2.2.2.2.2.2",0.342742916674379,TRUE,FALSE,0
"2.2.2.2.2.2.2.2.3.2.2.2.2.2.2.2.2.2.2.2.2.2",0.517293179711073,TRUE,FALSE,0
"2.2.1.2.2.2.1.2.2.1.2.2.2.2.2.2.2.2.2.2.2.2",0.418255351351603,TRUE,FALSE,0
"1.2.2.2.2.2.2.2.2.2.2.2.2.2.2.2.2.2.2.2.2.2",0.450161559306509,TRUE,FALSE,0
"2.2.2.2.2.2.1.1.2.2.2.1.2.2.2.2.2.2.2.2.2.2",0.394697712237372,TRUE,FALSE,0
"2.2.3.2.2.2.1.2.2.2.2.2.2.2.2.2.1.2.2.2.2.2",0.500597445475245,TRUE,FALSE,0
"2.2.2.2.3.2.2.2.2.2.1.2.2.2.2.2.1.3.2.2.2.2",0.552236346692935,TRUE,FALSE,0
"2.2.2.2.3.2.2.2.2.2.3.2.2.2.2.2.2.2.3.2.2.2",0.388034736110249,TRUE,FALSE,0
"2.2.1.2.2.2.1.1.2.2.2.2.2.2.2.2.1.2.2.2.2.2",0.391103285212026,TRUE,FALSE,0
"2.2.3.2.2.3.1.2.2.2.2.2.2.2.2.2.1.2.2.2.2.2",0.458452715713743,TRUE,FALSE,0
"2.2.1.2.2.2.1.1.2.2.2.2.2.2.2.2.1.2.2.2.2.1",0.371622146610532,TRUE,FALSE,0
"1.2.2.2.2.2.2.3.2.2.2.2.2.2.2.2.2.2.2.2.2.2",0.450637325145993,TRUE,FALSE,0
"2.2.2.2.2.2.1.2.2.2.2.2.2.2.2.2.2.2.3.2.2.3",0.45967280308062,TRUE,FALSE,0
"2.2.3.2.2.3.2.2.2.2.2.2.2.2.2.2.1.2.2.2.2.2",0.478080275217333,TRUE,FALSE,0
"2.2.3.2.2.3.1.2.2.2.2.1.2.2.2.2.1.2.2.2.2.2",0.418822225554792,TRUE,FALSE,0
"2.2.2.2.2.2.1.2.2.2.2.2.2.1.2.2.2.2.3.2.2.2",0.43153570116817,TRUE,FALSE,0
"2.2.2.2.2.2.1.3.2.2.2.2.2.2.2.2.1.2.2.2.2.2",0.466010062081311,TRUE,FALSE,0
"2.2.2.2.3.2.2.2.2.2.1.2.2.1.2.2.1.3.2.2.2.2",0.536931651122126,TRUE,FALSE,0
"1.2.2.2.2.2.2.2.2.2.2.2.1.2.2.2.2.2.2.2.2.2",0.420259960992414,TRUE,FALSE,0
"2.2.1.2.2.2.1.1.2.2.2.1.2.2.2.2.2.2.2.3.2.2",0.343326862358295,TRUE,FALSE,0
"2.2.2.2.3.2.2.2.2.2.2.2.2.2.2.3.2.2.3.2.2.2",0.45895778954342,TRUE,FALSE,0
"3.2.3.2.2.2.1.2.2.2.2.2.2.2.2.2.1.2.2.2.2.2",0.511395684726572,TRUE,FALSE,0
"3.2.3.2.2.2.1.2.2.2.3.2.2.2.2.2.1.2.2.2.2.2",0.448424492066884,TRUE,FALSE,0
"2.2.2.2.3.2.2.2.2.2.2.2.2.2.2.1.2.2.2.2.2.2",0.443191977686145,TRUE,FALSE,0
"2.2.2.2.3.2.1.2.2.2.2.2.2.2.2.3.2.2.3.2.2.2",0.457753555820861,TRUE,FALSE,0
"3.2.3.2.2.2.1.2.2.2.4.2.2.2.2.2.1.2.2.2.2.2",0.37022240038098,TRUE,FALSE,0
"2.2.1.2.2.2.1.1.2.2.2.1.2.2.2.2.2.2.1.3.2.2",0.316125885230356,TRUE,FALSE,0
"2.2.2.2.3.2.2.2.2.2.2.2.2.1.2.2.1.2.2.2.2.2",0.467251087432237,TRUE,FALSE,0
"2.2.2.2.1.2.2.2.3.2.2.2.2.2.2.2.2.2.2.2.2.2",0.507606272314408,TRUE,FALSE,0
"2.1.2.2.3.2.2.2.2.2.2.2.2.2.2.2.1.2.2.2.2.2",0.443279517222437,TRUE,FALSE,0
"1.1.2.2.2.2.2.3.2.2.2.2.2.2.2.2.2.2.2.2.2.2",0.434992240517892,TRUE,FALSE,0
"2.2.3.2.1.3.1.2.2.2.2.1.2.2.2.2.1.2.2.2.2.2",0.401678841112432,TRUE,FALSE,0
"2.2.1.2.2.2.1.1.2.2.2.2.2.2.2.2.2.2.2.2.2.1",0.373849936989007,TRUE,FALSE,0
"2.2.2.2.3.2.2.2.2.2.2.3.2.2.2.2.2.2.2.2.1.2",0.453295971738168,TRUE,FALSE,0
"3.2.2.2.2.2.2.2.2.2.2.2.2.2.2.2.2.2.2.2.2.2",0.478904504076098,FALSE,TRUE,40
"2.3.2.2.2.2.2.2.2.2.2.2.2.2.2.2.2.2.2.2.2.2",0.480394660450513,FALSE,TRUE,39
"2.2.3.2.2.2.2.2.2.2.2.2.2.2.2.2.2.2.2.2.2.2",0.514136574427387,FALSE,TRUE,37
"2.2.2.3.2.2.2.2.2.2.2.2.2.2.2.2.2.2.2.2.2.2",0.561698936139275,FALSE,TRUE,39
"2.2.2.2.2.3.2.2.2.2.2.2.2.2.2.2.2.2.2.2.2.2",0.455714913634998,FALSE,TRUE,37
"2.2.2.2.2.2.3.2.2.2.2.2.2.2.2.2.2.2.2.2.2.2",0.482914267835486,FALSE,TRUE,40
"2.2.2.2.2.2.2.3.2.2.2.2.2.2.2.2.2.2.2.2.2.2",0.480664491801683,FALSE,TRUE,37
"2.2.2.2.2.2.2.2.2.3.2.2.2.2.2.2.2.2.2.2.2.2",0.440631340027078,FALSE,TRUE,39
"2.2.2.2.2.2.2.2.2.2.3.2.2.2.2.2.2.2.2.2.2.2",0.411826133928822,FALSE,TRUE,38
"2.2.2.2.2.2.2.2.2.2.2.3.2.2.2.2.2.2.2.2.2.2",0.498754898513188,FALSE,TRUE,38
"2.2.2.2.2.2.2.2.2.2.2.2.3.2.2.2.2.2.2.2.2.2",0.495596289994431,FALSE,TRUE,39
"2.2.2.2.2.2.2.2.2.2.2.2.2.3.2.2.2.2.2.2.2.2",0.476192503853847,FALSE,TRUE,39
"2.2.2.2.2.2.2.2.2.2.2.2.2.2.3.2.2.2.2.2.2.2",0.458489994796972,FALSE,TRUE,39
"2.2.2.2.2.2.2.2.2.2.2.2.2.2.2.3.2.2.2.2.2.2",0.489922467176014,FALSE,TRUE,37
"2.2.2.2.2.2.2.2.2.2.2.2.2.2.2.2.3.2.2.2.2.2",0.463721736771821,FALSE,TRUE,39
"2.2.2.2.2.2.2.2.2.2.2.2.2.2.2.2.2.3.2.2.2.2",0.482895149270723,FALSE,TRUE,38
"2.2.2.2.2.2.2.2.2.2.2.2.2.2.2.2.2.2.3.2.2.2",0.479344635761074,FALSE,TRUE,33
"2.2.2.2.2.2.2.2.2.2.2.2.2.2.2.2.2.2.2.3.2.2",0.503700742560473,FALSE,TRUE,39
"2.2.2.2.2.2.2.2.2.2.2.2.2.2.2.2.2.2.2.2.3.2",0.511190341470498,FALSE,TRUE,38
"2.2.2.2.2.2.2.2.2.2.2.2.2.2.2.2.2.2.2.2.2.3",0.464233732016211,FALSE,TRUE,37
"2.1.2.2.2.2.2.2.2.2.2.2.2.2.2.2.2.2.2.2.2.2",0.461569338617383,FALSE,TRUE,36
"2.2.1.2.2.2.2.2.2.2.2.2.2.2.2.2.2.2.2.2.2.2",0.425108420271427,FALSE,TRUE,36
"2.2.2.1.2.2.2.2.2.2.2.2.2.2.2.2.2.2.2.2.2.2",0.38441098948645,FALSE,TRUE,38
"2.2.2.2.1.2.2.2.2.2.2.2.2.2.2.2.2.2.2.2.2.2",0.471702501453474,FALSE,TRUE,39
"2.2.2.2.2.1.2.2.2.2.2.2.2.2.2.2.2.2.2.2.2.2",0.487423789474774,FALSE,TRUE,38
"2.2.2.2.2.2.2.1.2.2.2.2.2.2.2.2.2.2.2.2.2.2",0.468727400399696,FALSE,TRUE,36
"2.2.2.2.2.2.2.2.1.2.2.2.2.2.2.2.2.2.2.2.2.2",0.425308337610135,FALSE,TRUE,39
"2.2.2.2.2.2.2.2.2.1.2.2.2.2.2.2.2.2.2.2.2.2",0.50685370550282,FALSE,TRUE,37
"2.2.2.2.2.2.2.2.2.2.1.2.2.2.2.2.2.2.2.2.2.2",0.534962282261403,FALSE,TRUE,38
"2.2.2.2.2.2.2.2.2.2.2.1.2.2.2.2.2.2.2.2.2.2",0.45107976539195,FALSE,TRUE,37
"2.2.2.2.2.2.2.2.2.2.2.2.1.2.2.2.2.2.2.2.2.2",0.438916138028944,FALSE,TRUE,38
"2.2.2.2.2.2.2.2.2.2.2.2.2.1.2.2.2.2.2.2.2.2",0.466272807811633,FALSE,TRUE,36
"2.2.2.2.2.2.2.2.2.2.2.2.2.2.1.2.2.2.2.2.2.2",0.477097219573738,FALSE,TRUE,38
"2.2.2.2.2.2.2.2.2.2.2.2.2.2.2.1.2.2.2.2.2.2",0.449125827988507,FALSE,TRUE,38
"2.2.2.2.2.2.2.2.2.2.2.2.2.2.2.2.1.2.2.2.2.2",0.477278976207545,FALSE,TRUE,30
"2.2.2.2.2.2.2.2.2.2.2.2.2.2.2.2.2.1.2.2.2.2",0.461343603752243,FALSE,TRUE,38
"2.2.2.2.2.2.2.2.2.2.2.2.2.2.2.2.2.2.1.2.2.2",0.465118342369916,FALSE,TRUE,38
"2.2.2.2.2.2.2.2.2.2.2.2.2.2.2.2.2.2.2.1.2.2",0.453858211947467,FALSE,TRUE,37
"2.2.2.2.2.2.2.2.2.2.2.2.2.2.2.2.2.2.2.2.1.2",0.435134715248561,FALSE,TRUE,37
"2.2.2.2.2.2.2.2.2.2.2.2.2.2.2.2.2.2.2.2.2.1",0.477180121766296,FALSE,TRUE,38
"3.2.2.2.2.2.1.2.2.2.2.2.2.2.2.2.2.2.2.2.2.2",0.466710421902518,FALSE,TRUE,37
"2.3.2.2.2.2.1.2.2.2.2.2.2.2.2.2.2.2.2.2.2.2",0.461479064869772,FALSE,TRUE,38
"2.2.3.2.2.2.1.2.2.2.2.2.2.2.2.2.2.2.2.2.2.2",0.4960501585583,FALSE,TRUE,37
"2.2.2.3.2.2.1.2.2.2.2.2.2.2.2.2.2.2.2.2.2.2",0.536029493700184,FALSE,TRUE,38
"2.2.2.2.3.2.1.2.2.2.2.2.2.2.2.2.2.2.2.2.2.2",0.461632952157817,FALSE,TRUE,35
"2.2.2.2.2.3.1.2.2.2.2.2.2.2.2.2.2.2.2.2.2.2",0.434200765738552,FALSE,TRUE,37
"2.2.2.2.2.2.1.3.2.2.2.2.2.2.2.2.2.2.2.2.2.2",0.459437674194017,FALSE,TRUE,37
"2.2.2.2.2.2.1.2.3.2.2.2.2.2.2.2.2.2.2.2.2.2",0.50872546673765,FALSE,TRUE,37
"2.2.2.2.2.2.1.2.2.3.2.2.2.2.2.2.2.2.2.2.2.2",0.426546884078313,FALSE,TRUE,38
"2.2.2.2.2.2.1.2.2.2.3.2.2.2.2.2.2.2.2.2.2.2",0.390957489558229,FALSE,TRUE,38
"2.2.2.2.2.2.1.2.2.2.2.3.2.2.2.2.2.2.2.2.2.2",0.487780063144726,FALSE,TRUE,38
"2.2.2.2.2.2.1.2.2.2.2.2.3.2.2.2.2.2.2.2.2.2",0.483351748343718,FALSE,TRUE,38
"2.2.2.2.2.2.1.2.2.2.2.2.2.3.2.2.2.2.2.2.2.2",0.465889236953309,FALSE,TRUE,38
"2.2.2.2.2.2.1.2.2.2.2.2.2.2.3.2.2.2.2.2.2.2",0.456001723445957,FALSE,TRUE,38
"2.2.2.2.2.2.1.2.2.2.2.2.2.2.2.3.2.2.2.2.2.2",0.478405337821672,FALSE,TRUE,37
"2.2.2.2.2.2.1.2.2.2.2.2.2.2.2.2.3.2.2.2.2.2",0.441832703975281,FALSE,TRUE,39
"2.2.2.2.2.2.1.2.2.2.2.2.2.2.2.2.2.3.2.2.2.2",0.450495323774364,FALSE,TRUE,38
"2.2.2.2.2.2.1.2.2.2.2.2.2.2.2.2.2.2.2.3.2.2",0.481652934414109,FALSE,TRUE,38
"2.2.2.2.2.2.1.2.2.2.2.2.2.2.2.2.2.2.2.2.3.2",0.508852285846107,FALSE,TRUE,38
"2.2.2.2.2.2.1.2.2.2.2.2.2.2.2.2.2.2.2.2.2.3",0.459701022858527,FALSE,TRUE,38
"1.2.2.2.2.2.1.2.2.2.2.2.2.2.2.2.2.2.2.2.2.2",0.423942172333622,FALSE,TRUE,35
"2.1.2.2.2.2.1.2.2.2.2.2.2.2.2.2.2.2.2.2.2.2",0.442989831936443,FALSE,TRUE,37
"2.2.2.1.2.2.1.2.2.2.2.2.2.2.2.2.2.2.2.2.2.2",0.37096899007482,FALSE,TRUE,37
"2.2.2.2.1.2.1.2.2.2.2.2.2.2.2.2.2.2.2.2.2.2",0.443743264685927,FALSE,TRUE,36
"2.2.2.2.2.1.1.2.2.2.2.2.2.2.2.2.2.2.2.2.2.2",0.471174421855062,FALSE,TRUE,37
"2.2.2.2.2.2.1.1.2.2.2.2.2.2.2.2.2.2.2.2.2.2",0.451508731512117,FALSE,TRUE,35
"2.2.2.2.2.2.1.2.1.2.2.2.2.2.2.2.2.2.2.2.2.2",0.393857670205851,FALSE,TRUE,37
"2.2.2.2.2.2.1.2.2.1.2.2.2.2.2.2.2.2.2.2.2.2",0.48145023346023,FALSE,TRUE,37
"2.2.2.2.2.2.1.2.2.2.1.2.2.2.2.2.2.2.2.2.2.2",0.517927412220735,FALSE,TRUE,37
"2.2.2.2.2.2.1.2.2.2.2.1.2.2.2.2.2.2.2.2.2.2",0.422683964915469,FALSE,TRUE,36
"2.2.2.2.2.2.1.2.2.2.2.2.1.2.2.2.2.2.2.2.2.2",0.412949668708255,FALSE,TRUE,36
"2.2.2.2.2.2.1.2.2.2.2.2.2.1.2.2.2.2.2.2.2.2",0.436946768357463,FALSE,TRUE,37
"2.2.2.2.2.2.1.2.2.2.2.2.2.2.1.2.2.2.2.2.2.2",0.442209647532783,FALSE,TRUE,37
"2.2.2.2.2.2.1.2.2.2.2.2.2.2.2.1.2.2.2.2.2.2",0.422252689988415,FALSE,TRUE,36
"2.2.2.2.2.2.1.2.2.2.2.2.2.2.2.2.2.1.2.2.2.2",0.454971623885743,FALSE,TRUE,37
"2.2.2.2.2.2.1.2.2.2.2.2.2.2.2.2.2.2.1.2.2.2",0.442888037439919,FALSE,TRUE,38
"2.2.2.2.2.2.1.2.2.2.2.2.2.2.2.2.2.2.2.1.2.2",0.436421783499879,FALSE,TRUE,37
"2.2.2.2.2.2.1.2.2.2.2.2.2.2.2.2.2.2.2.2.1.2",0.398529314474534,FALSE,TRUE,36
"2.2.2.2.2.2.1.2.2.2.2.2.2.2.2.2.2.2.2.2.2.1",0.441522678935079,FALSE,TRUE,36
"3.2.2.2.3.2.2.2.2.2.2.2.2.2.2.2.2.2.2.2.2.2",0.461234767147551,FALSE,TRUE,38
"2.3.2.2.3.2.2.2.2.2.2.2.2.2.2.2.2.2.2.2.2.2",0.476680844049793,FALSE,TRUE,38
"2.2.3.2.3.2.2.2.2.2.2.2.2.2.2.2.2.2.2.2.2.2",0.498725418168589,FALSE,TRUE,38
"2.2.2.3.3.2.2.2.2.2.2.2.2.2.2.2.2.2.2.2.2.2",0.557915787026713,FALSE,TRUE,38
"2.2.2.2.4.2.2.2.2.2.2.2.2.2.2.2.2.2.2.2.2.2",0.449431915277994,FALSE,TRUE,39
"2.2.2.2.3.3.2.2.2.2.2.2.2.2.2.2.2.2.2.2.2.2",0.443935978086741,FALSE,TRUE,38
"2.2.2.2.3.2.3.2.2.2.2.2.2.2.2.2.2.2.2.2.2.2",0.467479534510314,FALSE,TRUE,38
"2.2.2.2.3.2.2.3.2.2.2.2.2.2.2.2.2.2.2.2.2.2",0.474020580223201,FALSE,TRUE,37
"2.2.2.2.3.2.2.2.3.2.2.2.2.2.2.2.2.2.2.2.2.2",0.507440166625783,FALSE,TRUE,38
"2.2.2.2.3.2.2.2.2.3.2.2.2.2.2.2.2.2.2.2.2.2",0.427904198394566,FALSE,TRUE,38
"2.2.2.2.3.2.2.2.2.2.3.2.2.2.2.2.2.2.2.2.2.2",0.401936640587943,FALSE,TRUE,38
"2.2.2.2.3.2.2.2.2.2.2.3.2.2.2.2.2.2.2.2.2.2",0.490848868394951,FALSE,TRUE,38
"2.2.2.2.3.2.2.2.2.2.2.2.3.2.2.2.2.2.2.2.2.2",0.500731105048669,FALSE,TRUE,38
"2.2.2.2.3.2.2.2.2.2.2.2.2.3.2.2.2.2.2.2.2.2",0.463568184425936,FALSE,TRUE,38
"2.2.2.2.3.2.2.2.2.2.2.2.2.2.3.2.2.2.2.2.2.2",0.44312896912495,FALSE,TRUE,38
"2.2.2.2.3.2.2.2.2.2.2.2.2.2.2.3.2.2.2.2.2.2",0.477963275875975,FALSE,TRUE,38
"2.2.2.2.3.2.2.2.2.2.2.2.2.2.2.2.3.2.2.2.2.2",0.449595441826753,FALSE,TRUE,39
"2.2.2.2.3.2.2.2.2.2.2.2.2.2.2.2.2.3.2.2.2.2",0.468081943451774,FALSE,TRUE,37
"2.2.2.2.3.2.2.2.2.2.2.2.2.2.2.2.2.2.2.3.2.2",0.505813095050881,FALSE,TRUE,38
"2.2.2.2.3.2.2.2.2.2.2.2.2.2.2.2.2.2.2.2.3.2",0.500650214384694,FALSE,TRUE,39
"2.2.2.2.3.2.2.2.2.2.2.2.2.2.2.2.2.2.2.2.2.3",0.449146003240278,FALSE,TRUE,38
"1.2.2.2.3.2.2.2.2.2.2.2.2.2.2.2.2.2.2.2.2.2",0.453272613443997,FALSE,TRUE,35
"2.1.2.2.3.2.2.2.2.2.2.2.2.2.2.2.2.2.2.2.2.2",0.449937797405845,FALSE,TRUE,37
"2.2.1.2.3.2.2.2.2.2.2.2.2.2.2.2.2.2.2.2.2.2",0.42414754081021,FALSE,TRUE,36
"2.2.2.1.3.2.2.2.2.2.2.2.2.2.2.2.2.2.2.2.2.2",0.371949952577553,FALSE,TRUE,37
"2.2.2.2.3.1.2.2.2.2.2.2.2.2.2.2.2.2.2.2.2.2",0.483494465550544,FALSE,TRUE,37
"2.2.2.2.3.2.2.1.2.2.2.2.2.2.2.2.2.2.2.2.2.2",0.460122137162903,FALSE,TRUE,37
"2.2.2.2.3.2.2.2.1.2.2.2.2.2.2.2.2.2.2.2.2.2",0.419658613448319,FALSE,TRUE,37
"2.2.2.2.3.2.2.2.2.1.2.2.2.2.2.2.2.2.2.2.2.2",0.504888540494252,FALSE,TRUE,37
"2.2.2.2.3.2.2.2.2.2.1.2.2.2.2.2.2.2.2.2.2.2",0.528973703375732,FALSE,TRUE,36
"2.2.2.2.3.2.2.2.2.2.2.1.2.2.2.2.2.2.2.2.2.2",0.445369855688341,FALSE,TRUE,37
"2.2.2.2.3.2.2.2.2.2.2.2.1.2.2.2.2.2.2.2.2.2",0.420300571660242,FALSE,TRUE,36
"2.2.2.2.3.2.2.2.2.2.2.2.2.1.2.2.2.2.2.2.2.2",0.463572643966744,FALSE,TRUE,37
"2.2.2.2.3.2.2.2.2.2.2.2.2.2.1.2.2.2.2.2.2.2",0.476545636523826,FALSE,TRUE,37
"2.2.2.2.3.2.2.2.2.2.2.2.2.2.2.2.2.1.2.2.2.2",0.460471195232644,FALSE,TRUE,37
"2.2.2.2.3.2.2.2.2.2.2.2.2.2.2.2.2.2.1.2.2.2",0.469251382952052,FALSE,TRUE,38
"2.2.2.2.3.2.2.2.2.2.2.2.2.2.2.2.2.2.2.1.2.2",0.434996801949418,FALSE,TRUE,37
"2.2.2.2.3.2.2.2.2.2.2.2.2.2.2.2.2.2.2.2.2.1",0.475897455430629,FALSE,TRUE,37
"3.2.1.2.2.2.1.2.2.2.2.2.2.2.2.2.2.2.2.2.2.2",0.409335550842726,FALSE,TRUE,38
"2.3.1.2.2.2.1.2.2.2.2.2.2.2.2.2.2.2.2.2.2.2",0.40759995039731,FALSE,TRUE,38
"2.2.1.3.2.2.1.2.2.2.2.2.2.2.2.2.2.2.2.2.2.2",0.473695575268289,FALSE,TRUE,38
"2.2.1.2.3.2.1.2.2.2.2.2.2.2.2.2.2.2.2.2.2.2",0.411388807199559,FALSE,TRUE,37
"2.2.1.2.2.3.1.2.2.2.2.2.2.2.2.2.2.2.2.2.2.2",0.387217371766472,FALSE,TRUE,38
"2.2.1.2.2.2.1.3.2.2.2.2.2.2.2.2.2.2.2.2.2.2",0.39438372514397,FALSE,TRUE,38
"2.2.1.2.2.2.1.2.3.2.2.2.2.2.2.2.2.2.2.2.2.2",0.440888556678722,FALSE,TRUE,37
"2.2.1.2.2.2.1.2.2.3.2.2.2.2.2.2.2.2.2.2.2.2",0.375920932441953,FALSE,TRUE,39
"2.2.1.2.2.2.1.2.2.2.3.2.2.2.2.2.2.2.2.2.2.2",0.326249258529716,FALSE,TRUE,37
"2.2.1.2.2.2.1.2.2.2.2.3.2.2.2.2.2.2.2.2.2.2",0.433763368592982,FALSE,TRUE,38
"2.2.1.2.2.2.1.2.2.2.2.2.3.2.2.2.2.2.2.2.2.2",0.414760320618203,FALSE,TRUE,38
"2.2.1.2.2.2.1.2.2.2.2.2.2.3.2.2.2.2.2.2.2.2",0.414663666288138,FALSE,TRUE,38
"2.2.1.2.2.2.1.2.2.2.2.2.2.2.3.2.2.2.2.2.2.2",0.398084008959235,FALSE,TRUE,38
"2.2.1.2.2.2.1.2.2.2.2.2.2.2.2.3.2.2.2.2.2.2",0.415696701943255,FALSE,TRUE,37
"2.2.1.2.2.2.1.2.2.2.2.2.2.2.2.2.3.2.2.2.2.2",0.391531386850333,FALSE,TRUE,38
"2.2.1.2.2.2.1.2.2.2.2.2.2.2.2.2.2.3.2.2.2.2",0.382258950977941,FALSE,TRUE,38
"2.2.1.2.2.2.1.2.2.2.2.2.2.2.2.2.2.2.3.2.2.2",0.411432016821534,FALSE,TRUE,33
"2.2.1.2.2.2.1.2.2.2.2.2.2.2.2.2.2.2.2.3.2.2",0.406867912391422,FALSE,TRUE,37
"2.2.1.2.2.2.1.2.2.2.2.2.2.2.2.2.2.2.2.2.3.2",0.46170934343838,FALSE,TRUE,37
"2.2.1.2.2.2.1.2.2.2.2.2.2.2.2.2.2.2.2.2.2.3",0.40418325392313,FALSE,TRUE,37
"1.2.1.2.2.2.1.2.2.2.2.2.2.2.2.2.2.2.2.2.2.2",0.369043389756868,FALSE,TRUE,36
"2.1.1.2.2.2.1.2.2.2.2.2.2.2.2.2.2.2.2.2.2.2",0.384785736243952,FALSE,TRUE,37
"2.2.1.1.2.2.1.2.2.2.2.2.2.2.2.2.2.2.2.2.2.2",0.321455086756714,FALSE,TRUE,37
"2.2.1.2.1.2.1.2.2.2.2.2.2.2.2.2.2.2.2.2.2.2",0.381819661695133,FALSE,TRUE,37
"2.2.1.2.2.1.1.2.2.2.2.2.2.2.2.2.2.2.2.2.2.2",0.406052402680346,FALSE,TRUE,37
"2.2.1.2.2.2.1.2.1.2.2.2.2.2.2.2.2.2.2.2.2.2",0.348425580727181,FALSE,TRUE,37
"2.2.1.2.2.2.1.2.2.2.1.2.2.2.2.2.2.2.2.2.2.2",0.470314000366005,FALSE,TRUE,37
"2.2.1.2.2.2.1.2.2.2.2.1.2.2.2.2.2.2.2.2.2.2",0.361182289248379,FALSE,TRUE,36
"2.2.1.2.2.2.1.2.2.2.2.2.1.2.2.2.2.2.2.2.2.2",0.367766708199983,FALSE,TRUE,37
"2.2.1.2.2.2.1.2.2.2.2.2.2.1.2.2.2.2.2.2.2.2",0.374949786976476,FALSE,TRUE,36
"2.2.1.2.2.2.1.2.2.2.2.2.2.2.1.2.2.2.2.2.2.2",0.388855590285735,FALSE,TRUE,37
"2.2.1.2.2.2.1.2.2.2.2.2.2.2.2.1.2.2.2.2.2.2",0.375713198878932,FALSE,TRUE,37
"2.2.1.2.2.2.1.2.2.2.2.2.2.2.2.2.1.2.2.2.2.2",0.399932659564742,FALSE,TRUE,34
"2.2.1.2.2.2.1.2.2.2.2.2.2.2.2.2.2.1.2.2.2.2",0.411036123454712,FALSE,TRUE,37
"2.2.1.2.2.2.1.2.2.2.2.2.2.2.2.2.2.2.1.2.2.2",0.380527006000865,FALSE,TRUE,37
"2.2.1.2.2.2.1.2.2.2.2.2.2.2.2.2.2.2.2.1.2.2",0.398244678021629,FALSE,TRUE,36
"2.2.1.2.2.2.1.2.2.2.2.2.2.2.2.2.2.2.2.2.1.2",0.334966273885804,FALSE,TRUE,37
"2.2.1.2.2.2.1.2.2.2.2.2.2.2.2.2.2.2.2.2.2.1",0.384692965669346,FALSE,TRUE,36
"3.2.2.2.2.2.1.2.2.2.2.2.2.2.2.2.2.2.3.2.2.2",0.464279990696052,FALSE,TRUE,36
"2.3.2.2.2.2.1.2.2.2.2.2.2.2.2.2.2.2.3.2.2.2",0.462584281536866,FALSE,TRUE,36
"2.2.3.2.2.2.1.2.2.2.2.2.2.2.2.2.2.2.3.2.2.2",0.489694555320365,FALSE,TRUE,35
"2.2.2.3.2.2.1.2.2.2.2.2.2.2.2.2.2.2.3.2.2.2",0.540783387356459,FALSE,TRUE,36
"2.2.2.2.3.2.1.2.2.2.2.2.2.2.2.2.2.2.3.2.2.2",0.451351686566936,FALSE,TRUE,34
"2.2.2.2.2.3.1.2.2.2.2.2.2.2.2.2.2.2.3.2.2.2",0.431084542675613,FALSE,TRUE,36
"2.2.2.2.2.2.1.3.2.2.2.2.2.2.2.2.2.2.3.2.2.2",0.464465324096398,FALSE,TRUE,35
"2.2.2.2.2.2.1.2.3.2.2.2.2.2.2.2.2.2.3.2.2.2",0.510470087459267,FALSE,TRUE,35
"2.2.2.2.2.2.1.2.2.3.2.2.2.2.2.2.2.2.3.2.2.2",0.426886390660126,FALSE,TRUE,36
"2.2.2.2.2.2.1.2.2.2.2.3.2.2.2.2.2.2.3.2.2.2",0.491597024947331,FALSE,TRUE,36
"2.2.2.2.2.2.1.2.2.2.2.2.3.2.2.2.2.2.3.2.2.2",0.492322559475546,FALSE,TRUE,36
"2.2.2.2.2.2.1.2.2.2.2.2.2.3.2.2.2.2.3.2.2.2",0.471992054137559,FALSE,TRUE,37
"2.2.2.2.2.2.1.2.2.2.2.2.2.2.3.2.2.2.3.2.2.2",0.453133411173442,FALSE,TRUE,36
"2.2.2.2.2.2.1.2.2.2.2.2.2.2.2.3.2.2.3.2.2.2",0.472331889917994,FALSE,TRUE,33
"2.2.2.2.2.2.1.2.2.2.2.2.2.2.2.2.3.2.3.2.2.2",0.435857965033511,FALSE,TRUE,36
"2.2.2.2.2.2.1.2.2.2.2.2.2.2.2.2.2.3.3.2.2.2",0.438297751014159,FALSE,TRUE,36
"2.2.2.2.2.2.1.2.2.2.2.2.2.2.2.2.2.2.4.2.2.2",0.445900507117663,FALSE,TRUE,37
"2.2.2.2.2.2.1.2.2.2.2.2.2.2.2.2.2.2.3.3.2.2",0.48951960691141,FALSE,TRUE,37
"1.2.2.2.2.2.1.2.2.2.2.2.2.2.2.2.2.2.3.2.2.2",0.428755251091032,FALSE,TRUE,34
"2.1.2.2.2.2.1.2.2.2.2.2.2.2.2.2.2.2.3.2.2.2",0.442747556213887,FALSE,TRUE,35
"2.2.2.1.2.2.1.2.2.2.2.2.2.2.2.2.2.2.3.2.2.2",0.366278319979186,FALSE,TRUE,35
"2.2.2.2.1.2.1.2.2.2.2.2.2.2.2.2.2.2.3.2.2.2",0.45466596658409,FALSE,TRUE,35
"2.2.2.2.2.1.1.2.2.2.2.2.2.2.2.2.2.2.3.2.2.2",0.475401414689659,FALSE,TRUE,35
"2.2.2.2.2.2.1.1.2.2.2.2.2.2.2.2.2.2.3.2.2.2",0.447700048886238,FALSE,TRUE,33
"2.2.2.2.2.2.1.2.1.2.2.2.2.2.2.2.2.2.3.2.2.2",0.392410048757414,FALSE,TRUE,35
"2.2.2.2.2.2.1.2.2.1.2.2.2.2.2.2.2.2.3.2.2.2",0.48332495761987,FALSE,TRUE,34
"2.2.2.2.2.2.1.2.2.2.1.2.2.2.2.2.2.2.3.2.2.2",0.519821718309518,FALSE,TRUE,36
"2.2.2.2.2.2.1.2.2.2.2.1.2.2.2.2.2.2.3.2.2.2",0.419168172032472,FALSE,TRUE,34
"2.2.2.2.2.2.1.2.2.2.2.2.1.2.2.2.2.2.3.2.2.2",0.404813305844198,FALSE,TRUE,35
"2.2.2.2.2.2.1.2.2.2.2.2.2.2.1.2.2.2.3.2.2.2",0.446287088770302,FALSE,TRUE,35
"2.2.2.2.2.2.1.2.2.2.2.2.2.2.2.1.2.2.3.2.2.2",0.429417954729318,FALSE,TRUE,35
"2.2.2.2.2.2.1.2.2.2.2.2.2.2.2.2.1.2.3.2.2.2",0.46910784290028,FALSE,TRUE,32
"2.2.2.2.2.2.1.2.2.2.2.2.2.2.2.2.2.1.3.2.2.2",0.46944253003864,FALSE,TRUE,35
"2.2.2.2.2.2.1.2.2.2.2.2.2.2.2.2.2.2.3.2.1.2",0.396042501884668,FALSE,TRUE,36
"2.2.2.2.2.2.1.2.2.2.2.2.2.2.2.2.2.2.3.2.2.1",0.442544738424484,FALSE,TRUE,36
"3.2.2.2.2.2.1.2.2.2.3.2.2.2.2.2.2.2.3.2.2.2",0.391613230920846,FALSE,TRUE,41
"2.3.2.2.2.2.1.2.2.2.3.2.2.2.2.2.2.2.3.2.2.2",0.406150894742308,FALSE,TRUE,41
"2.2.3.2.2.2.1.2.2.2.3.2.2.2.2.2.2.2.3.2.2.2",0.428052909940882,FALSE,TRUE,41
"2.2.2.3.2.2.1.2.2.2.3.2.2.2.2.2.2.2.3.2.2.2",0.479626750898456,FALSE,TRUE,41
"2.2.2.2.3.2.1.2.2.2.3.2.2.2.2.2.2.2.3.2.2.2",0.376961524418214,FALSE,TRUE,39
"2.2.2.2.2.3.1.2.2.2.3.2.2.2.2.2.2.2.3.2.2.2",0.356918762670264,FALSE,TRUE,41
"2.2.2.2.2.2.2.2.2.2.3.2.2.2.2.2.2.2.3.2.2.2",0.408655533386513,FALSE,TRUE,40
"2.2.2.2.2.2.1.3.2.2.3.2.2.2.2.2.2.2.3.2.2.2",0.402975834153733,FALSE,TRUE,41
"2.2.2.2.2.2.1.2.3.2.3.2.2.2.2.2.2.2.3.2.2.2",0.424953246367697,FALSE,TRUE,41
"2.2.2.2.2.2.1.2.2.3.3.2.2.2.2.2.2.2.3.2.2.2",0.359229694000947,FALSE,TRUE,41
"2.2.2.2.2.2.1.2.2.2.4.2.2.2.2.2.2.2.3.2.2.2",0.304212907744303,FALSE,TRUE,42
"2.2.2.2.2.2.1.2.2.2.3.3.2.2.2.2.2.2.3.2.2.2",0.42569472251193,FALSE,TRUE,41
"2.2.2.2.2.2.1.2.2.2.3.2.3.2.2.2.2.2.3.2.2.2",0.420105280565889,FALSE,TRUE,41
"2.2.2.2.2.2.1.2.2.2.3.2.2.3.2.2.2.2.3.2.2.2",0.407688017195897,FALSE,TRUE,41
"2.2.2.2.2.2.1.2.2.2.3.2.2.2.3.2.2.2.3.2.2.2",0.37009959484534,FALSE,TRUE,41
"2.2.2.2.2.2.1.2.2.2.3.2.2.2.2.3.2.2.3.2.2.2",0.404530724545991,FALSE,TRUE,40
"2.2.2.2.2.2.1.2.2.2.3.2.2.2.2.2.3.2.3.2.2.2",0.369719814918337,FALSE,TRUE,41
"2.2.2.2.2.2.1.2.2.2.3.2.2.2.2.2.2.3.3.2.2.2",0.365002588824599,FALSE,TRUE,41
"2.2.2.2.2.2.1.2.2.2.3.2.2.2.2.2.2.2.4.2.2.2",0.371629586140522,FALSE,TRUE,41
"2.2.2.2.2.2.1.2.2.2.3.2.2.2.2.2.2.2.3.3.2.2",0.415356341327551,FALSE,TRUE,41
"2.2.2.2.2.2.1.2.2.2.3.2.2.2.2.2.2.2.3.2.3.2",0.438194080221789,FALSE,TRUE,41
"2.2.2.2.2.2.1.2.2.2.3.2.2.2.2.2.2.2.3.2.2.3",0.37835783652383,FALSE,TRUE,41
"1.2.2.2.2.2.1.2.2.2.3.2.2.2.2.2.2.2.3.2.2.2",0.358973024947686,FALSE,TRUE,40
"2.1.2.2.2.2.1.2.2.2.3.2.2.2.2.2.2.2.3.2.2.2",0.357567969081531,FALSE,TRUE,40
"2.2.1.2.2.2.1.2.2.2.3.2.2.2.2.2.2.2.3.2.2.2",0.331341159321635,FALSE,TRUE,39
"2.2.2.1.2.2.1.2.2.2.3.2.2.2.2.2.2.2.3.2.2.2",0.2853743745498,FALSE,TRUE,40
"2.2.2.2.1.2.1.2.2.2.3.2.2.2.2.2.2.2.3.2.2.2",0.385736597216417,FALSE,TRUE,40
"2.2.2.2.2.1.1.2.2.2.3.2.2.2.2.2.2.2.3.2.2.2",0.406111523306858,FALSE,TRUE,40
"2.2.2.2.2.2.1.1.2.2.3.2.2.2.2.2.2.2.3.2.2.2",0.366028588553634,FALSE,TRUE,40
"2.2.2.2.2.2.1.2.1.2.3.2.2.2.2.2.2.2.3.2.2.2",0.336001612475359,FALSE,TRUE,40
"2.2.2.2.2.2.1.2.2.1.3.2.2.2.2.2.2.2.3.2.2.2",0.406269776946724,FALSE,TRUE,40
"2.2.2.2.2.2.1.2.2.2.3.1.2.2.2.2.2.2.3.2.2.2",0.342200711939849,FALSE,TRUE,40
"2.2.2.2.2.2.1.2.2.2.3.2.1.2.2.2.2.2.3.2.2.2",0.335884076839974,FALSE,TRUE,40
"2.2.2.2.2.2.1.2.2.2.3.2.2.1.2.2.2.2.3.2.2.2",0.35235683247999,FALSE,TRUE,40
"2.2.2.2.2.2.1.2.2.2.3.2.2.2.1.2.2.2.3.2.2.2",0.386710774018844,FALSE,TRUE,40
"2.2.2.2.2.2.1.2.2.2.3.2.2.2.2.1.2.2.3.2.2.2",0.356085168316743,FALSE,TRUE,40
"2.2.2.2.2.2.1.2.2.2.3.2.2.2.2.2.1.2.3.2.2.2",0.390791333467471,FALSE,TRUE,39
"2.2.2.2.2.2.1.2.2.2.3.2.2.2.2.2.2.1.3.2.2.2",0.398758003664463,FALSE,TRUE,40
"2.2.2.2.2.2.1.2.2.2.3.2.2.2.2.2.2.2.3.1.2.2",0.359408037811854,FALSE,TRUE,40
"2.2.2.2.2.2.1.2.2.2.3.2.2.2.2.2.2.2.3.2.1.2",0.327777099314114,FALSE,TRUE,40
"2.2.2.2.2.2.1.2.2.2.3.2.2.2.2.2.2.2.3.2.2.1",0.379443702453235,FALSE,TRUE,40
"3.2.2.2.3.2.2.2.2.2.2.2.2.2.2.2.1.2.2.2.2.2",0.468420175848903,FALSE,TRUE,37
"2.3.2.2.3.2.2.2.2.2.2.2.2.2.2.2.1.2.2.2.2.2",0.488206854278635,FALSE,TRUE,38
"2.2.3.2.3.2.2.2.2.2.2.2.2.2.2.2.1.2.2.2.2.2",0.508149880913874,FALSE,TRUE,34
"2.2.2.3.3.2.2.2.2.2.2.2.2.2.2.2.1.2.2.2.2.2",0.572428595151278,FALSE,TRUE,37
"2.2.2.2.4.2.2.2.2.2.2.2.2.2.2.2.1.2.2.2.2.2",0.459658236792035,FALSE,TRUE,37
"2.2.2.2.3.3.2.2.2.2.2.2.2.2.2.2.1.2.2.2.2.2",0.441581891603955,FALSE,TRUE,35
"2.2.2.2.3.2.3.2.2.2.2.2.2.2.2.2.1.2.2.2.2.2",0.466944368715655,FALSE,TRUE,37
"2.2.2.2.3.2.2.3.2.2.2.2.2.2.2.2.1.2.2.2.2.2",0.485132631377396,FALSE,TRUE,35
"2.2.2.2.3.2.2.2.3.2.2.2.2.2.2.2.1.2.2.2.2.2",0.499506151776722,FALSE,TRUE,36
"2.2.2.2.3.2.2.2.2.3.2.2.2.2.2.2.1.2.2.2.2.2",0.432468444986767,FALSE,TRUE,37
"2.2.2.2.3.2.2.2.2.2.3.2.2.2.2.2.1.2.2.2.2.2",0.39918317021392,FALSE,TRUE,36
"2.2.2.2.3.2.2.2.2.2.2.3.2.2.2.2.1.2.2.2.2.2",0.493744526687796,FALSE,TRUE,36
"2.2.2.2.3.2.2.2.2.2.2.2.3.2.2.2.1.2.2.2.2.2",0.49208719650987,FALSE,TRUE,37
"2.2.2.2.3.2.2.2.2.2.2.2.2.3.2.2.1.2.2.2.2.2",0.466195844456742,FALSE,TRUE,38
"2.2.2.2.3.2.2.2.2.2.2.2.2.2.3.2.1.2.2.2.2.2",0.432606802383623,FALSE,TRUE,37
"2.2.2.2.3.2.2.2.2.2.2.2.2.2.2.3.1.2.2.2.2.2",0.49642418999526,FALSE,TRUE,34
"2.2.2.2.3.2.2.2.2.2.2.2.2.2.2.2.1.2.3.2.2.2",0.471300779555609,FALSE,TRUE,35
"2.2.2.2.3.2.2.2.2.2.2.2.2.2.2.2.1.2.2.3.2.2",0.507555581575438,FALSE,TRUE,37
"2.2.2.2.3.2.2.2.2.2.2.2.2.2.2.2.1.2.2.2.3.2",0.493665830487602,FALSE,TRUE,37
"1.2.2.2.3.2.2.2.2.2.2.2.2.2.2.2.1.2.2.2.2.2",0.450249951940104,FALSE,TRUE,35
"2.2.1.2.3.2.2.2.2.2.2.2.2.2.2.2.1.2.2.2.2.2",0.421244915441563,FALSE,TRUE,36
"2.2.2.1.3.2.2.2.2.2.2.2.2.2.2.2.1.2.2.2.2.2",0.364240672314609,FALSE,TRUE,36
"2.2.2.2.3.1.2.2.2.2.2.2.2.2.2.2.1.2.2.2.2.2",0.491323643851113,FALSE,TRUE,36
"2.2.2.2.3.2.1.2.2.2.2.2.2.2.2.2.1.2.2.2.2.2",0.466980224400104,FALSE,TRUE,32
"2.2.2.2.3.2.2.1.2.2.2.2.2.2.2.2.1.2.2.2.2.2",0.453454246827607,FALSE,TRUE,36
"2.2.2.2.3.2.2.2.1.2.2.2.2.2.2.2.1.2.2.2.2.2",0.434242630815748,FALSE,TRUE,36
"2.2.2.2.3.2.2.2.2.1.2.2.2.2.2.2.1.2.2.2.2.2",0.504413288133281,FALSE,TRUE,36
"2.2.2.2.3.2.2.2.2.2.1.2.2.2.2.2.1.2.2.2.2.2",0.537436080546524,FALSE,TRUE,36
"2.2.2.2.3.2.2.2.2.2.2.1.2.2.2.2.1.2.2.2.2.2",0.448008588927526,FALSE,TRUE,36
"2.2.2.2.3.2.2.2.2.2.2.2.1.2.2.2.1.2.2.2.2.2",0.433848201659196,FALSE,TRUE,36
"2.2.2.2.3.2.2.2.2.2.2.2.2.2.1.2.1.2.2.2.2.2",0.492475128340774,FALSE,TRUE,36
"2.2.2.2.3.2.2.2.2.2.2.2.2.2.2.1.1.2.2.2.2.2",0.431094759182618,FALSE,TRUE,36
"2.2.2.2.3.2.2.2.2.2.2.2.2.2.2.2.1.1.2.2.2.2",0.443654723080247,FALSE,TRUE,37
"2.2.2.2.3.2.2.2.2.2.2.2.2.2.2.2.1.2.1.2.2.2",0.463344159857954,FALSE,TRUE,36
"2.2.2.2.3.2.2.2.2.2.2.2.2.2.2.2.1.2.2.1.2.2",0.439136204039863,FALSE,TRUE,36
"2.2.2.2.3.2.2.2.2.2.2.2.2.2.2.2.1.2.2.2.1.2",0.44112365538537,FALSE,TRUE,35
"2.2.2.2.3.2.2.2.2.2.2.2.2.2.2.2.1.2.2.2.2.1",0.48851972660775,FALSE,TRUE,37
"3.2.1.2.2.2.1.1.2.2.2.2.2.2.2.2.2.2.2.2.2.2",0.408628533322162,FALSE,TRUE,36
"2.3.1.2.2.2.1.1.2.2.2.2.2.2.2.2.2.2.2.2.2.2",0.396728195056048,FALSE,TRUE,36
"2.2.1.3.2.2.1.1.2.2.2.2.2.2.2.2.2.2.2.2.2.2",0.463744831047294,FALSE,TRUE,36
"2.2.1.2.3.2.1.1.2.2.2.2.2.2.2.2.2.2.2.2.2.2",0.408097231331826,FALSE,TRUE,36
"2.2.1.2.2.3.1.1.2.2.2.2.2.2.2.2.2.2.2.2.2.2",0.39094650230233,FALSE,TRUE,36
"2.2.1.2.2.2.2.1.2.2.2.2.2.2.2.2.2.2.2.2.2.2",0.422204908330896,FALSE,TRUE,36
"2.2.1.2.2.2.1.1.3.2.2.2.2.2.2.2.2.2.2.2.2.2",0.442464743429812,FALSE,TRUE,36
"2.2.1.2.2.2.1.1.2.3.2.2.2.2.2.2.2.2.2.2.2.2",0.396799677487975,FALSE,TRUE,36
"2.2.1.2.2.2.1.1.2.2.3.2.2.2.2.2.2.2.2.2.2.2",0.316916562126044,FALSE,TRUE,36
"2.2.1.2.2.2.1.1.2.2.2.3.2.2.2.2.2.2.2.2.2.2",0.450415568527381,FALSE,TRUE,37
"2.2.1.2.2.2.1.1.2.2.2.2.3.2.2.2.2.2.2.2.2.2",0.417846874246153,FALSE,TRUE,36
"2.2.1.2.2.2.1.1.2.2.2.2.2.3.2.2.2.2.2.2.2.2",0.432506741026798,FALSE,TRUE,36
"2.2.1.2.2.2.1.1.2.2.2.2.2.2.3.2.2.2.2.2.2.2",0.396165534762825,FALSE,TRUE,36
"2.2.1.2.2.2.1.1.2.2.2.2.2.2.2.3.2.2.2.2.2.2",0.411024049180935,FALSE,TRUE,36
"2.2.1.2.2.2.1.1.2.2.2.2.2.2.2.2.3.2.2.2.2.2",0.395711307937955,FALSE,TRUE,37
"2.2.1.2.2.2.1.1.2.2.2.2.2.2.2.2.2.3.2.2.2.2",0.35876069870783,FALSE,TRUE,36
"2.2.1.2.2.2.1.1.2.2.2.2.2.2.2.2.2.2.3.2.2.2",0.406178190717053,FALSE,TRUE,35
"2.2.1.2.2.2.1.1.2.2.2.2.2.2.2.2.2.2.2.3.2.2",0.399423603314146,FALSE,TRUE,35
"2.2.1.2.2.2.1.1.2.2.2.2.2.2.2.2.2.2.2.2.3.2",0.467687999180766,FALSE,TRUE,36
"2.2.1.2.2.2.1.1.2.2.2.2.2.2.2.2.2.2.2.2.2.3",0.411287135354302,FALSE,TRUE,37
"1.2.1.2.2.2.1.1.2.2.2.2.2.2.2.2.2.2.2.2.2.2",0.364980545164012,FALSE,TRUE,35
"2.1.1.2.2.2.1.1.2.2.2.2.2.2.2.2.2.2.2.2.2.2",0.390063345614308,FALSE,TRUE,35
"2.2.1.1.2.2.1.1.2.2.2.2.2.2.2.2.2.2.2.2.2.2",0.328374206053996,FALSE,TRUE,35
"2.2.1.2.1.2.1.1.2.2.2.2.2.2.2.2.2.2.2.2.2.2",0.38240999609567,FALSE,TRUE,35
"2.2.1.2.2.1.1.1.2.2.2.2.2.2.2.2.2.2.2.2.2.2",0.398891542954123,FALSE,TRUE,35
"2.2.1.2.2.2.1.1.1.2.2.2.2.2.2.2.2.2.2.2.2.2",0.345620416739227,FALSE,TRUE,35
"2.2.1.2.2.2.1.1.2.1.2.2.2.2.2.2.2.2.2.2.2.2",0.393938799625776,FALSE,TRUE,35
"2.2.1.2.2.2.1.1.2.2.1.2.2.2.2.2.2.2.2.2.2.2",0.47623671245866,FALSE,TRUE,35
"2.2.1.2.2.2.1.1.2.2.2.2.1.2.2.2.2.2.2.2.2.2",0.361043175413814,FALSE,TRUE,35
"2.2.1.2.2.2.1.1.2.2.2.2.2.1.2.2.2.2.2.2.2.2",0.355689427182867,FALSE,TRUE,35
"2.2.1.2.2.2.1.1.2.2.2.2.2.2.1.2.2.2.2.2.2.2",0.385774885748567,FALSE,TRUE,35
"2.2.1.2.2.2.1.1.2.2.2.2.2.2.2.1.2.2.2.2.2.2",0.376997072963127,FALSE,TRUE,35
"2.2.1.2.2.2.1.1.2.2.2.2.2.2.2.2.2.1.2.2.2.2",0.430030948537271,FALSE,TRUE,35
"2.2.1.2.2.2.1.1.2.2.2.2.2.2.2.2.2.2.1.2.2.2",0.38197951020998,FALSE,TRUE,34
"2.2.1.2.2.2.1.1.2.2.2.2.2.2.2.2.2.2.2.1.2.2",0.401844644049116,FALSE,TRUE,35
"2.2.1.2.2.2.1.1.2.2.2.2.2.2.2.2.2.2.2.2.1.2",0.326090329255302,FALSE,TRUE,35
"3.2.2.2.3.2.2.2.2.2.2.2.2.2.2.2.2.2.3.2.2.2",0.446022275932668,FALSE,TRUE,40
"2.3.2.2.3.2.2.2.2.2.2.2.2.2.2.2.2.2.3.2.2.2",0.464224405380784,FALSE,TRUE,40
"2.2.3.2.3.2.2.2.2.2.2.2.2.2.2.2.2.2.3.2.2.2",0.478947309051557,FALSE,TRUE,40
"2.2.2.3.3.2.2.2.2.2.2.2.2.2.2.2.2.2.3.2.2.2",0.549270264743419,FALSE,TRUE,40
"2.2.2.2.4.2.2.2.2.2.2.2.2.2.2.2.2.2.3.2.2.2",0.426829163710672,FALSE,TRUE,40
"2.2.2.2.3.3.2.2.2.2.2.2.2.2.2.2.2.2.3.2.2.2",0.428963744673869,FALSE,TRUE,40
"2.2.2.2.3.2.3.2.2.2.2.2.2.2.2.2.2.2.3.2.2.2",0.453432475002765,FALSE,TRUE,40
"2.2.2.2.3.2.2.3.2.2.2.2.2.2.2.2.2.2.3.2.2.2",0.466106189541317,FALSE,TRUE,40
"2.2.2.2.3.2.2.2.3.2.2.2.2.2.2.2.2.2.3.2.2.2",0.496575167678035,FALSE,TRUE,39
"2.2.2.2.3.2.2.2.2.3.2.2.2.2.2.2.2.2.3.2.2.2",0.416546952675508,FALSE,TRUE,40
"2.2.2.2.3.2.2.2.2.2.2.3.2.2.2.2.2.2.3.2.2.2",0.482201166646136,FALSE,TRUE,39
"2.2.2.2.3.2.2.2.2.2.2.2.3.2.2.2.2.2.3.2.2.2",0.497684895911809,FALSE,TRUE,40
"2.2.2.2.3.2.2.2.2.2.2.2.2.3.2.2.2.2.3.2.2.2",0.45659325630007,FALSE,TRUE,40
"2.2.2.2.3.2.2.2.2.2.2.2.2.2.3.2.2.2.3.2.2.2",0.428351738286628,FALSE,TRUE,40
"2.2.2.2.3.2.2.2.2.2.2.2.2.2.2.2.3.2.3.2.2.2",0.430909324434976,FALSE,TRUE,40
"2.2.2.2.3.2.2.2.2.2.2.2.2.2.2.2.2.3.3.2.2.2",0.443438583814355,FALSE,TRUE,39
"2.2.2.2.3.2.2.2.2.2.2.2.2.2.2.2.2.2.4.2.2.2",0.433900442086937,FALSE,TRUE,41
"2.2.2.2.3.2.2.2.2.2.2.2.2.2.2.2.2.2.3.3.2.2",0.50064913817982,FALSE,TRUE,40
"2.2.2.2.3.2.2.2.2.2.2.2.2.2.2.2.2.2.3.2.3.2",0.490980689617323,FALSE,TRUE,38
"2.2.2.2.3.2.2.2.2.2.2.2.2.2.2.2.2.2.3.2.2.3",0.436304865001297,FALSE,TRUE,37
"1.2.2.2.3.2.2.2.2.2.2.2.2.2.2.2.2.2.3.2.2.2",0.445037355363133,FALSE,TRUE,38
"2.1.2.2.3.2.2.2.2.2.2.2.2.2.2.2.2.2.3.2.2.2",0.437756136498744,FALSE,TRUE,38
"2.2.1.2.3.2.2.2.2.2.2.2.2.2.2.2.2.2.3.2.2.2",0.418867461749343,FALSE,TRUE,39
"2.2.2.1.3.2.2.2.2.2.2.2.2.2.2.2.2.2.3.2.2.2",0.355693981567994,FALSE,TRUE,39
"2.2.2.2.3.1.2.2.2.2.2.2.2.2.2.2.2.2.3.2.2.2",0.474157877078746,FALSE,TRUE,39
"2.2.2.2.3.2.2.1.2.2.2.2.2.2.2.2.2.2.3.2.2.2",0.443297293602422,FALSE,TRUE,39
"2.2.2.2.3.2.2.2.1.2.2.2.2.2.2.2.2.2.3.2.2.2",0.404668557004733,FALSE,TRUE,39
"2.2.2.2.3.2.2.2.2.1.2.2.2.2.2.2.2.2.3.2.2.2",0.492930070287305,FALSE,TRUE,39
"2.2.2.2.3.2.2.2.2.2.1.2.2.2.2.2.2.2.3.2.2.2",0.518258260248782,FALSE,TRUE,40
"2.2.2.2.3.2.2.2.2.2.2.1.2.2.2.2.2.2.3.2.2.2",0.428592924437058,FALSE,TRUE,39
"2.2.2.2.3.2.2.2.2.2.2.2.1.2.2.2.2.2.3.2.2.2",0.398839114524367,FALSE,TRUE,39
"2.2.2.2.3.2.2.2.2.2.2.2.2.1.2.2.2.2.3.2.2.2",0.445065017703119,FALSE,TRUE,36
"2.2.2.2.3.2.2.2.2.2.2.2.2.2.1.2.2.2.3.2.2.2",0.467350504262285,FALSE,TRUE,39
"2.2.2.2.3.2.2.2.2.2.2.2.2.2.2.1.2.2.3.2.2.2",0.437996250702416,FALSE,TRUE,40
"2.2.2.2.3.2.2.2.2.2.2.2.2.2.2.2.2.1.3.2.2.2",0.461994441271656,FALSE,TRUE,39
"2.2.2.2.3.2.2.2.2.2.2.2.2.2.2.2.2.2.3.1.2.2",0.415542847006703,FALSE,TRUE,37
"2.2.2.2.3.2.2.2.2.2.2.2.2.2.2.2.2.2.3.2.1.2",0.413491153119092,FALSE,TRUE,38
"2.2.2.2.3.2.2.2.2.2.2.2.2.2.2.2.2.2.3.2.2.1",0.464133316269615,FALSE,TRUE,39
"3.2.2.2.3.2.2.2.2.2.2.2.2.2.2.2.1.2.2.2.2.3",0.435844579790974,FALSE,TRUE,41
"2.3.2.2.3.2.2.2.2.2.2.2.2.2.2.2.1.2.2.2.2.3",0.459298728229966,FALSE,TRUE,41
"2.2.3.2.3.2.2.2.2.2.2.2.2.2.2.2.1.2.2.2.2.3",0.475037506252799,FALSE,TRUE,41
"2.2.2.3.3.2.2.2.2.2.2.2.2.2.2.2.1.2.2.2.2.3",0.548009591442599,FALSE,TRUE,41
"2.2.2.2.4.2.2.2.2.2.2.2.2.2.2.2.1.2.2.2.2.3",0.422605950524741,FALSE,TRUE,41
"2.2.2.2.3.3.2.2.2.2.2.2.2.2.2.2.1.2.2.2.2.3",0.405497560074228,FALSE,TRUE,41
"2.2.2.2.3.2.3.2.2.2.2.2.2.2.2.2.1.2.2.2.2.3",0.424109390534702,FALSE,TRUE,41
"2.2.2.2.3.2.2.3.2.2.2.2.2.2.2.2.1.2.2.2.2.3",0.445042853334057,FALSE,TRUE,41
"2.2.2.2.3.2.2.2.3.2.2.2.2.2.2.2.1.2.2.2.2.3",0.461802778814397,FALSE,TRUE,41
"2.2.2.2.3.2.2.2.2.3.2.2.2.2.2.2.1.2.2.2.2.3",0.39553533420685,FALSE,TRUE,41
"2.2.2.2.3.2.2.2.2.2.3.2.2.2.2.2.1.2.2.2.2.3",0.359176042615748,FALSE,TRUE,41
"2.2.2.2.3.2.2.2.2.2.2.3.2.2.2.2.1.2.2.2.2.3",0.458843092469291,FALSE,TRUE,41
"2.2.2.2.3.2.2.2.2.2.2.2.3.2.2.2.1.2.2.2.2.3",0.460103617179798,FALSE,TRUE,41
"2.2.2.2.3.2.2.2.2.2.2.2.2.3.2.2.1.2.2.2.2.3",0.424799323396259,FALSE,TRUE,41
"2.2.2.2.3.2.2.2.2.2.2.2.2.2.3.2.1.2.2.2.2.3",0.390184509312586,FALSE,TRUE,41
"2.2.2.2.3.2.2.2.2.2.2.2.2.2.2.3.1.2.2.2.2.3",0.468204336662218,FALSE,TRUE,41
"2.2.2.2.3.2.2.2.2.2.2.2.2.2.2.2.1.3.2.2.2.3",0.463507122529517,FALSE,TRUE,40
"2.2.2.2.3.2.2.2.2.2.2.2.2.2.2.2.1.2.3.2.2.3",0.438973211170871,FALSE,TRUE,40
"2.2.2.2.3.2.2.2.2.2.2.2.2.2.2.2.1.2.2.3.2.3",0.47788798810688,FALSE,TRUE,41
"2.2.2.2.3.2.2.2.2.2.2.2.2.2.2.2.1.2.2.2.3.3",0.452750476358155,FALSE,TRUE,41
"2.2.2.2.3.2.2.2.2.2.2.2.2.2.2.2.1.2.2.2.2.4",0.396380605236664,FALSE,TRUE,42
"1.2.2.2.3.2.2.2.2.2.2.2.2.2.2.2.1.2.2.2.2.3",0.420872445441239,FALSE,TRUE,40
"2.1.2.2.3.2.2.2.2.2.2.2.2.2.2.2.1.2.2.2.2.3",0.410663531470775,FALSE,TRUE,40
"2.2.1.2.3.2.2.2.2.2.2.2.2.2.2.2.1.2.2.2.2.3",0.391384230517365,FALSE,TRUE,40
"2.2.2.1.3.2.2.2.2.2.2.2.2.2.2.2.1.2.2.2.2.3",0.32510073366715,FALSE,TRUE,40
"2.2.2.2.2.2.2.2.2.2.2.2.2.2.2.2.1.2.2.2.2.3",0.450493978514628,FALSE,TRUE,39
"2.2.2.2.3.1.2.2.2.2.2.2.2.2.2.2.1.2.2.2.2.3",0.464379866078022,FALSE,TRUE,40
"2.2.2.2.3.2.1.2.2.2.2.2.2.2.2.2.1.2.2.2.2.3",0.447684485486924,FALSE,TRUE,39
"2.2.2.2.3.2.2.1.2.2.2.2.2.2.2.2.1.2.2.2.2.3",0.430983065326913,FALSE,TRUE,40
"2.2.2.2.3.2.2.2.1.2.2.2.2.2.2.2.1.2.2.2.2.3",0.408988921367845,FALSE,TRUE,40
"2.2.2.2.3.2.2.2.2.1.2.2.2.2.2.2.1.2.2.2.2.3",0.477557859992809,FALSE,TRUE,40
"2.2.2.2.3.2.2.2.2.2.1.2.2.2.2.2.1.2.2.2.2.3",0.513957602505199,FALSE,TRUE,39
"2.2.2.2.3.2.2.2.2.2.2.1.2.2.2.2.1.2.2.2.2.3",0.419984537832,FALSE,TRUE,40
"2.2.2.2.3.2.2.2.2.2.2.2.1.2.2.2.1.2.2.2.2.3",0.404251012878464,FALSE,TRUE,40
"2.2.2.2.3.2.2.2.2.2.2.2.2.1.2.2.1.2.2.2.2.3",0.445901203311608,FALSE,TRUE,40
"2.2.2.2.3.2.2.2.2.2.2.2.2.2.1.2.1.2.2.2.2.3",0.473260818682254,FALSE,TRUE,40
"2.2.2.2.3.2.2.2.2.2.2.2.2.2.2.1.1.2.2.2.2.3",0.39492146678386,FALSE,TRUE,39
"2.2.2.2.3.2.2.2.2.2.2.2.2.2.2.2.1.1.2.2.2.3",0.405895450531788,FALSE,TRUE,40
"2.2.2.2.3.2.2.2.2.2.2.2.2.2.2.2.1.2.1.2.2.3",0.4327132570183,FALSE,TRUE,40
"2.2.2.2.3.2.2.2.2.2.2.2.2.2.2.2.1.2.2.1.2.3",0.404567215817216,FALSE,TRUE,40
"2.2.2.2.3.2.2.2.2.2.2.2.2.2.2.2.1.2.2.2.1.3",0.417391998773374,FALSE,TRUE,39
"3.2.2.2.2.2.1.2.2.2.2.2.2.2.2.2.1.2.2.2.2.2",0.470766780481364,FALSE,TRUE,36
"2.3.2.2.2.2.1.2.2.2.2.2.2.2.2.2.1.2.2.2.2.2",0.469413569265511,FALSE,TRUE,37
"2.2.2.3.2.2.1.2.2.2.2.2.2.2.2.2.1.2.2.2.2.2",0.545010511558967,FALSE,TRUE,37
"2.2.2.2.2.3.1.2.2.2.2.2.2.2.2.2.1.2.2.2.2.2",0.42850386196429,FALSE,TRUE,35
"2.2.2.2.2.2.1.2.3.2.2.2.2.2.2.2.1.2.2.2.2.2",0.496560090434467,FALSE,TRUE,36
"2.2.2.2.2.2.1.2.2.3.2.2.2.2.2.2.1.2.2.2.2.2",0.428202413020259,FALSE,TRUE,37
"2.2.2.2.2.2.1.2.2.2.3.2.2.2.2.2.1.2.2.2.2.2",0.384715438293832,FALSE,TRUE,35
"2.2.2.2.2.2.1.2.2.2.2.3.2.2.2.2.1.2.2.2.2.2",0.486277987684595,FALSE,TRUE,37
"2.2.2.2.2.2.1.2.2.2.2.2.3.2.2.2.1.2.2.2.2.2",0.472559565257575,FALSE,TRUE,37
"2.2.2.2.2.2.1.2.2.2.2.2.2.3.2.2.1.2.2.2.2.2",0.463763849122888,FALSE,TRUE,37
"2.2.2.2.2.2.1.2.2.2.2.2.2.2.3.2.1.2.2.2.2.2",0.442523950251901,FALSE,TRUE,37
"2.2.2.2.2.2.1.2.2.2.2.2.2.2.2.2.1.3.2.2.2.2",0.467196467249011,FALSE,TRUE,35
"2.2.2.2.2.2.1.2.2.2.2.2.2.2.2.2.1.2.2.3.2.2",0.480167259687197,FALSE,TRUE,37
"2.2.2.2.2.2.1.2.2.2.2.2.2.2.2.2.1.2.2.2.3.2",0.496672192165481,FALSE,TRUE,36
"2.2.2.2.2.2.1.2.2.2.2.2.2.2.2.2.1.2.2.2.2.3",0.448513069017223,FALSE,TRUE,34
"1.2.2.2.2.2.1.2.2.2.2.2.2.2.2.2.1.2.2.2.2.2",0.416445116163607,FALSE,TRUE,35
"2.1.2.2.2.2.1.2.2.2.2.2.2.2.2.2.1.2.2.2.2.2",0.432898746410418,FALSE,TRUE,34
"2.2.2.1.2.2.1.2.2.2.2.2.2.2.2.2.1.2.2.2.2.2",0.362110756358637,FALSE,TRUE,36
"2.2.2.2.1.2.1.2.2.2.2.2.2.2.2.2.1.2.2.2.2.2",0.437288338764,FALSE,TRUE,36
"2.2.2.2.2.1.1.2.2.2.2.2.2.2.2.2.1.2.2.2.2.2",0.474618425809361,FALSE,TRUE,36
"2.2.2.2.2.2.1.1.2.2.2.2.2.2.2.2.1.2.2.2.2.2",0.442106820249075,FALSE,TRUE,34
"2.2.2.2.2.2.1.2.1.2.2.2.2.2.2.2.1.2.2.2.2.2",0.404417216702626,FALSE,TRUE,36
"2.2.2.2.2.2.1.2.2.1.2.2.2.2.2.2.1.2.2.2.2.2",0.47686999491448,FALSE,TRUE,35
"2.2.2.2.2.2.1.2.2.2.1.2.2.2.2.2.1.2.2.2.2.2",0.52211779313314,FALSE,TRUE,36
"2.2.2.2.2.2.1.2.2.2.2.1.2.2.2.2.1.2.2.2.2.2",0.422029703244505,FALSE,TRUE,34
"2.2.2.2.2.2.1.2.2.2.2.2.1.2.2.2.1.2.2.2.2.2",0.420929655558348,FALSE,TRUE,36
"2.2.2.2.2.2.1.2.2.2.2.2.2.1.2.2.1.2.2.2.2.2",0.43753341129883,FALSE,TRUE,33
"2.2.2.2.2.2.1.2.2.2.2.2.2.2.1.2.1.2.2.2.2.2",0.452578571606048,FALSE,TRUE,36
"2.2.2.2.2.2.1.2.2.2.2.2.2.2.2.1.1.2.2.2.2.2",0.407609470329159,FALSE,TRUE,37
"2.2.2.2.2.2.1.2.2.2.2.2.2.2.2.2.1.1.2.2.2.2",0.435132507365981,FALSE,TRUE,36
"2.2.2.2.2.2.1.2.2.2.2.2.2.2.2.2.1.2.1.2.2.2",0.433802688795853,FALSE,TRUE,36
"2.2.2.2.2.2.1.2.2.2.2.2.2.2.2.2.1.2.2.1.2.2",0.436084492704769,FALSE,TRUE,35
"2.2.2.2.2.2.1.2.2.2.2.2.2.2.2.2.1.2.2.2.1.2",0.409179826155646,FALSE,TRUE,36
"2.2.2.2.2.2.1.2.2.2.2.2.2.2.2.2.1.2.2.2.2.1",0.450843099337513,FALSE,TRUE,34
"3.2.2.2.2.2.1.2.2.2.2.2.2.2.2.2.2.2.3.2.3.2",0.518456129078305,FALSE,TRUE,41
"2.3.2.2.2.2.1.2.2.2.2.2.2.2.2.2.2.2.3.2.3.2",0.498760374443069,FALSE,TRUE,41
"2.2.3.2.2.2.1.2.2.2.2.2.2.2.2.2.2.2.3.2.3.2",0.528624199665586,FALSE,TRUE,41
"2.2.2.3.2.2.1.2.2.2.2.2.2.2.2.2.2.2.3.2.3.2",0.588706806217447,FALSE,TRUE,41
"2.2.2.2.3.2.1.2.2.2.2.2.2.2.2.2.2.2.3.2.3.2",0.498247060556552,FALSE,TRUE,39
"2.2.2.2.2.3.1.2.2.2.2.2.2.2.2.2.2.2.3.2.3.2",0.48400128421001,FALSE,TRUE,41
"2.2.2.2.2.2.2.2.2.2.2.2.2.2.2.2.2.2.3.2.3.2",0.513082908027058,FALSE,TRUE,40
"2.2.2.2.2.2.1.3.2.2.2.2.2.2.2.2.2.2.3.2.3.2",0.505347470065728,FALSE,TRUE,41
"2.2.2.2.2.2.1.2.3.2.2.2.2.2.2.2.2.2.3.2.3.2",0.562562909176983,FALSE,TRUE,41
"2.2.2.2.2.2.1.2.2.3.2.2.2.2.2.2.2.2.3.2.3.2",0.476736096809713,FALSE,TRUE,41
"2.2.2.2.2.2.1.2.2.2.2.3.2.2.2.2.2.2.3.2.3.2",0.536768422852234,FALSE,TRUE,41
"2.2.2.2.2.2.1.2.2.2.2.2.3.2.2.2.2.2.3.2.3.2",0.537638658053807,FALSE,TRUE,41
"2.2.2.2.2.2.1.2.2.2.2.2.2.3.2.2.2.2.3.2.3.2",0.509841695990657,FALSE,TRUE,41
"2.2.2.2.2.2.1.2.2.2.2.2.2.2.3.2.2.2.3.2.3.2",0.495548307670571,FALSE,TRUE,41
"2.2.2.2.2.2.1.2.2.2.2.2.2.2.2.3.2.2.3.2.3.2",0.521283624999286,FALSE,TRUE,40
"2.2.2.2.2.2.1.2.2.2.2.2.2.2.2.2.3.2.3.2.3.2",0.495410333066026,FALSE,TRUE,41
"2.2.2.2.2.2.1.2.2.2.2.2.2.2.2.2.2.3.3.2.3.2",0.500932282162454,FALSE,TRUE,41
"2.2.2.2.2.2.1.2.2.2.2.2.2.2.2.2.2.2.4.2.3.2",0.500213790973704,FALSE,TRUE,41
"2.2.2.2.2.2.1.2.2.2.2.2.2.2.2.2.2.2.3.3.3.2",0.541653015562329,FALSE,TRUE,41
"2.2.2.2.2.2.1.2.2.2.2.2.2.2.2.2.2.2.3.2.4.2",0.547081332589962,FALSE,TRUE,42
"2.2.2.2.2.2.1.2.2.2.2.2.2.2.2.2.2.2.3.2.3.3",0.500091313345331,FALSE,TRUE,41
"1.2.2.2.2.2.1.2.2.2.2.2.2.2.2.2.2.2.3.2.3.2",0.473065460325815,FALSE,TRUE,40
"2.1.2.2.2.2.1.2.2.2.2.2.2.2.2.2.2.2.3.2.3.2",0.506774684921341,FALSE,TRUE,40
"2.2.1.2.2.2.1.2.2.2.2.2.2.2.2.2.2.2.3.2.3.2",0.472134251856677,FALSE,TRUE,39
"2.2.2.1.2.2.1.2.2.2.2.2.2.2.2.2.2.2.3.2.3.2",0.418166998833996,FALSE,TRUE,40
"2.2.2.2.1.2.1.2.2.2.2.2.2.2.2.2.2.2.3.2.3.2",0.507220559261497,FALSE,TRUE,40
"2.2.2.2.2.1.1.2.2.2.2.2.2.2.2.2.2.2.3.2.3.2",0.523022595251913,FALSE,TRUE,40
"2.2.2.2.2.2.1.1.2.2.2.2.2.2.2.2.2.2.3.2.3.2",0.507451966062092,FALSE,TRUE,40
"2.2.2.2.2.2.1.2.1.2.2.2.2.2.2.2.2.2.3.2.3.2",0.439437622944499,FALSE,TRUE,40
"2.2.2.2.2.2.1.2.2.1.2.2.2.2.2.2.2.2.3.2.3.2",0.533468717099095,FALSE,TRUE,40
"2.2.2.2.2.2.1.2.2.2.1.2.2.2.2.2.2.2.3.2.3.2",0.571254523957861,FALSE,TRUE,40
"2.2.2.2.2.2.1.2.2.2.2.1.2.2.2.2.2.2.3.2.3.2",0.47585972300934,FALSE,TRUE,40
"2.2.2.2.2.2.1.2.2.2.2.2.1.2.2.2.2.2.3.2.3.2",0.460678509734272,FALSE,TRUE,40
"2.2.2.2.2.2.1.2.2.2.2.2.2.1.2.2.2.2.3.2.3.2",0.494481364450554,FALSE,TRUE,40
"2.2.2.2.2.2.1.2.2.2.2.2.2.2.1.2.2.2.3.2.3.2",0.503934991050133,FALSE,TRUE,40
"2.2.2.2.2.2.1.2.2.2.2.2.2.2.2.1.2.2.3.2.3.2",0.477875684338758,FALSE,TRUE,40
"2.2.2.2.2.2.1.2.2.2.2.2.2.2.2.2.1.2.3.2.3.2",0.509011105620744,FALSE,TRUE,39
"2.2.2.2.2.2.1.2.2.2.2.2.2.2.2.2.2.1.3.2.3.2",0.506418480326158,FALSE,TRUE,40
"2.2.2.2.2.2.1.2.2.2.2.2.2.2.2.2.2.2.3.1.3.2",0.477518163514286,FALSE,TRUE,40
"2.2.2.2.2.2.1.2.2.2.2.2.2.2.2.2.2.2.3.2.3.1",0.502921517547712,FALSE,TRUE,40
"3.2.2.2.2.2.1.2.2.2.2.2.2.2.2.2.2.2.3.1.2.2",0.429828786910872,FALSE,TRUE,40
"2.3.2.2.2.2.1.2.2.2.2.2.2.2.2.2.2.2.3.1.2.2",0.424274981962175,FALSE,TRUE,40
"2.2.3.2.2.2.1.2.2.2.2.2.2.2.2.2.2.2.3.1.2.2",0.438574916179427,FALSE,TRUE,40
"2.2.2.3.2.2.1.2.2.2.2.2.2.2.2.2.2.2.3.1.2.2",0.503100199581161,FALSE,TRUE,40
"2.2.2.2.3.2.1.2.2.2.2.2.2.2.2.2.2.2.3.1.2.2",0.408829800262743,FALSE,TRUE,38
"2.2.2.2.2.3.1.2.2.2.2.2.2.2.2.2.2.2.3.1.2.2",0.394917029825177,FALSE,TRUE,40
"2.2.2.2.2.2.2.2.2.2.2.2.2.2.2.2.2.2.3.1.2.2",0.444748767361403,FALSE,TRUE,39
"2.2.2.2.2.2.1.3.2.2.2.2.2.2.2.2.2.2.3.1.2.2",0.426222862402738,FALSE,TRUE,40
"2.2.2.2.2.2.1.2.3.2.2.2.2.2.2.2.2.2.3.1.2.2",0.482246865271312,FALSE,TRUE,40
"2.2.2.2.2.2.1.2.2.3.2.2.2.2.2.2.2.2.3.1.2.2",0.401961838501144,FALSE,TRUE,40
"2.2.2.2.2.2.1.2.2.2.2.3.2.2.2.2.2.2.3.1.2.2",0.465211900833803,FALSE,TRUE,40
"2.2.2.2.2.2.1.2.2.2.2.2.3.2.2.2.2.2.3.1.2.2",0.46968075958936,FALSE,TRUE,40
"2.2.2.2.2.2.1.2.2.2.2.2.2.3.2.2.2.2.3.1.2.2",0.445747186734173,FALSE,TRUE,40
"2.2.2.2.2.2.1.2.2.2.2.2.2.2.3.2.2.2.3.1.2.2",0.427091965319638,FALSE,TRUE,40
"2.2.2.2.2.2.1.2.2.2.2.2.2.2.2.3.2.2.3.1.2.2",0.436173905235492,FALSE,TRUE,39
"2.2.2.2.2.2.1.2.2.2.2.2.2.2.2.2.3.2.3.1.2.2",0.403917635050971,FALSE,TRUE,40
"2.2.2.2.2.2.1.2.2.2.2.2.2.2.2.2.2.3.3.1.2.2",0.39319349713536,FALSE,TRUE,40
"2.2.2.2.2.2.1.2.2.2.2.2.2.2.2.2.2.2.4.1.2.2",0.407137060063299,FALSE,TRUE,40
"2.2.2.2.2.2.1.2.2.2.2.2.2.2.2.2.2.2.3.1.2.3",0.424865078793421,FALSE,TRUE,40
"1.2.2.2.2.2.1.2.2.2.2.2.2.2.2.2.2.2.3.1.2.2",0.400965252893556,FALSE,TRUE,39
"2.1.2.2.2.2.1.2.2.2.2.2.2.2.2.2.2.2.3.1.2.2",0.416693892342845,FALSE,TRUE,39
"2.2.1.2.2.2.1.2.2.2.2.2.2.2.2.2.2.2.3.1.2.2",0.397940057221197,FALSE,TRUE,38
"2.2.2.1.2.2.1.2.2.2.2.2.2.2.2.2.2.2.3.1.2.2",0.339802565111066,FALSE,TRUE,39
"2.2.2.2.1.2.1.2.2.2.2.2.2.2.2.2.2.2.3.1.2.2",0.433673043759357,FALSE,TRUE,39
"2.2.2.2.2.1.1.2.2.2.2.2.2.2.2.2.2.2.3.1.2.2",0.447108936489873,FALSE,TRUE,39
"2.2.2.2.2.2.1.1.2.2.2.2.2.2.2.2.2.2.3.1.2.2",0.421282393588783,FALSE,TRUE,39
"2.2.2.2.2.2.1.2.1.2.2.2.2.2.2.2.2.2.3.1.2.2",0.358195408085227,FALSE,TRUE,39
"2.2.2.2.2.2.1.2.2.1.2.2.2.2.2.2.2.2.3.1.2.2",0.44450523952989,FALSE,TRUE,39
"2.2.2.2.2.2.1.2.2.2.1.2.2.2.2.2.2.2.3.1.2.2",0.486458724307891,FALSE,TRUE,39
"2.2.2.2.2.2.1.2.2.2.2.1.2.2.2.2.2.2.3.1.2.2",0.381222516482262,FALSE,TRUE,39
"2.2.2.2.2.2.1.2.2.2.2.2.1.2.2.2.2.2.3.1.2.2",0.36363355874073,FALSE,TRUE,39
"2.2.2.2.2.2.1.2.2.2.2.2.2.1.2.2.2.2.3.1.2.2",0.393707684449939,FALSE,TRUE,39
"2.2.2.2.2.2.1.2.2.2.2.2.2.2.1.2.2.2.3.1.2.2",0.408574410246543,FALSE,TRUE,39
"2.2.2.2.2.2.1.2.2.2.2.2.2.2.2.1.2.2.3.1.2.2",0.40295622467591,FALSE,TRUE,39
"2.2.2.2.2.2.1.2.2.2.2.2.2.2.2.2.1.2.3.1.2.2",0.436698504245817,FALSE,TRUE,38
"2.2.2.2.2.2.1.2.2.2.2.2.2.2.2.2.2.1.3.1.2.2",0.450694652423977,FALSE,TRUE,39
"2.2.2.2.2.2.1.2.2.2.2.2.2.2.2.2.2.2.3.1.1.2",0.368399434130387,FALSE,TRUE,39
"2.2.2.2.2.2.1.2.2.2.2.2.2.2.2.2.2.2.3.1.2.1",0.413570712019976,FALSE,TRUE,39
"3.2.2.2.3.2.2.2.2.2.2.2.2.2.2.2.2.2.2.2.1.2",0.413213918951232,FALSE,TRUE,40
"2.3.2.2.3.2.2.2.2.2.2.2.2.2.2.2.2.2.2.2.1.2",0.447050297861089,FALSE,TRUE,40
"2.2.3.2.3.2.2.2.2.2.2.2.2.2.2.2.2.2.2.2.1.2",0.464991370930287,FALSE,TRUE,40
"2.2.2.3.3.2.2.2.2.2.2.2.2.2.2.2.2.2.2.2.1.2",0.513739865846439,FALSE,TRUE,40
"2.2.2.2.4.2.2.2.2.2.2.2.2.2.2.2.2.2.2.2.1.2",0.406728919691327,FALSE,TRUE,40
"2.2.2.2.3.3.2.2.2.2.2.2.2.2.2.2.2.2.2.2.1.2",0.396575104961947,FALSE,TRUE,40
"2.2.2.2.3.2.3.2.2.2.2.2.2.2.2.2.2.2.2.2.1.2",0.440341789369183,FALSE,TRUE,40
"2.2.2.2.3.2.2.3.2.2.2.2.2.2.2.2.2.2.2.2.1.2",0.438459219712347,FALSE,TRUE,40
"2.2.2.2.3.2.2.2.3.2.2.2.2.2.2.2.2.2.2.2.1.2",0.459913863384,FALSE,TRUE,39
"2.2.2.2.3.2.2.2.2.3.2.2.2.2.2.2.2.2.2.2.1.2",0.38648600497153,FALSE,TRUE,40
"2.2.2.2.3.2.2.2.2.2.3.2.2.2.2.2.2.2.2.2.1.2",0.358632355885733,FALSE,TRUE,39
"2.2.2.2.3.2.2.2.2.2.2.2.3.2.2.2.2.2.2.2.1.2",0.461938025682075,FALSE,TRUE,40
"2.2.2.2.3.2.2.2.2.2.2.2.2.3.2.2.2.2.2.2.1.2",0.433813477274748,FALSE,TRUE,40
"2.2.2.2.3.2.2.2.2.2.2.2.2.2.3.2.2.2.2.2.1.2",0.4086519645454,FALSE,TRUE,40
"2.2.2.2.3.2.2.2.2.2.2.2.2.2.2.3.2.2.2.2.1.2",0.434849204537683,FALSE,TRUE,39
"2.2.2.2.3.2.2.2.2.2.2.2.2.2.2.2.3.2.2.2.1.2",0.395891230526942,FALSE,TRUE,40
"2.2.2.2.3.2.2.2.2.2.2.2.2.2.2.2.2.3.2.2.1.2",0.408785462631118,FALSE,TRUE,39
"2.2.2.2.3.2.2.2.2.2.2.2.2.2.2.2.2.2.2.3.1.2",0.457314265377826,FALSE,TRUE,40
"2.2.2.2.3.2.2.2.2.2.2.2.2.2.2.2.2.2.2.2.1.3",0.414376143873558,FALSE,TRUE,39
"1.2.2.2.3.2.2.2.2.2.2.2.2.2.2.2.2.2.2.2.1.2",0.413699597126597,FALSE,TRUE,38
"2.1.2.2.3.2.2.2.2.2.2.2.2.2.2.2.2.2.2.2.1.2",0.39031463807833,FALSE,TRUE,38
"2.2.1.2.3.2.2.2.2.2.2.2.2.2.2.2.2.2.2.2.1.2",0.369314497368252,FALSE,TRUE,39
"2.2.2.1.3.2.2.2.2.2.2.2.2.2.2.2.2.2.2.2.1.2",0.327422964857133,FALSE,TRUE,39
"2.2.2.2.3.1.2.2.2.2.2.2.2.2.2.2.2.2.2.2.1.2",0.44156829229151,FALSE,TRUE,39
"2.2.2.2.3.2.1.2.2.2.2.2.2.2.2.2.2.2.2.2.1.2",0.399604067863086,FALSE,TRUE,38
"2.2.2.2.3.2.2.1.2.2.2.2.2.2.2.2.2.2.2.2.1.2",0.406097302390572,FALSE,TRUE,39
"2.2.2.2.3.2.2.2.1.2.2.2.2.2.2.2.2.2.2.2.1.2",0.37879361308454,FALSE,TRUE,39
"2.2.2.2.3.2.2.2.2.1.2.2.2.2.2.2.2.2.2.2.1.2",0.45754417993153,FALSE,TRUE,39
"2.2.2.2.3.2.2.2.2.2.1.2.2.2.2.2.2.2.2.2.1.2",0.483664231804013,FALSE,TRUE,39
"2.2.2.2.3.2.2.2.2.2.2.1.2.2.2.2.2.2.2.2.1.2",0.392369556187353,FALSE,TRUE,40
"2.2.2.2.3.2.2.2.2.2.2.2.1.2.2.2.2.2.2.2.1.2",0.369249341378705,FALSE,TRUE,39
"2.2.2.2.3.2.2.2.2.2.2.2.2.1.2.2.2.2.2.2.1.2",0.403513657157785,FALSE,TRUE,38
"2.2.2.2.3.2.2.2.2.2.2.2.2.2.1.2.2.2.2.2.1.2",0.421947988211837,FALSE,TRUE,39
"2.2.2.2.3.2.2.2.2.2.2.2.2.2.2.1.2.2.2.2.1.2",0.400005043529929,FALSE,TRUE,39
"2.2.2.2.3.2.2.2.2.2.2.2.2.2.2.2.2.1.2.2.1.2",0.431293190178593,FALSE,TRUE,39
"2.2.2.2.3.2.2.2.2.2.2.2.2.2.2.2.2.2.1.2.1.2",0.426013848671221,FALSE,TRUE,39
"2.2.2.2.3.2.2.2.2.2.2.2.2.2.2.2.2.2.2.1.1.2",0.394501048892958,FALSE,TRUE,39
"2.2.2.2.3.2.2.2.2.2.2.2.2.2.2.2.2.2.2.2.1.1",0.42057146076414,FALSE,TRUE,39
"3.2.2.2.3.2.2.2.2.2.2.2.2.2.2.2.1.3.2.2.2.2",0.471563579367949,FALSE,TRUE,40
"2.3.2.2.3.2.2.2.2.2.2.2.2.2.2.2.1.3.2.2.2.2",0.524208992482603,FALSE,TRUE,40
"2.2.3.2.3.2.2.2.2.2.2.2.2.2.2.2.1.3.2.2.2.2",0.531397830226999,FALSE,TRUE,40
"2.2.2.3.3.2.2.2.2.2.2.2.2.2.2.2.1.3.2.2.2.2",0.591780376983688,FALSE,TRUE,40
"2.2.2.2.4.2.2.2.2.2.2.2.2.2.2.2.1.3.2.2.2.2",0.465038408795736,FALSE,TRUE,40
"2.2.2.2.3.3.2.2.2.2.2.2.2.2.2.2.1.3.2.2.2.2",0.448593755664099,FALSE,TRUE,40
"2.2.2.2.3.2.3.2.2.2.2.2.2.2.2.2.1.3.2.2.2.2",0.493312059639833,FALSE,TRUE,40
"2.2.2.2.3.2.2.3.2.2.2.2.2.2.2.2.1.3.2.2.2.2",0.517126441245542,FALSE,TRUE,40
"2.2.2.2.3.2.2.2.3.2.2.2.2.2.2.2.1.3.2.2.2.2",0.506510001492143,FALSE,TRUE,40
"2.2.2.2.3.2.2.2.2.3.2.2.2.2.2.2.1.3.2.2.2.2",0.441379367471227,FALSE,TRUE,40
"2.2.2.2.3.2.2.2.2.2.3.2.2.2.2.2.1.3.2.2.2.2",0.409968287394646,FALSE,TRUE,41
"2.2.2.2.3.2.2.2.2.2.2.3.2.2.2.2.1.3.2.2.2.2",0.512423403119511,FALSE,TRUE,40
"2.2.2.2.3.2.2.2.2.2.2.2.3.2.2.2.1.3.2.2.2.2",0.52254045791975,FALSE,TRUE,40
"2.2.2.2.3.2.2.2.2.2.2.2.2.3.2.2.1.3.2.2.2.2",0.48895209512952,FALSE,TRUE,40
"2.2.2.2.3.2.2.2.2.2.2.2.2.2.3.2.1.3.2.2.2.2",0.445608057132561,FALSE,TRUE,40
"2.2.2.2.3.2.2.2.2.2.2.2.2.2.2.3.1.3.2.2.2.2",0.510853192776634,FALSE,TRUE,40
"2.2.2.2.3.2.2.2.2.2.2.2.2.2.2.2.1.4.2.2.2.2",0.478870544038044,FALSE,TRUE,41
"2.2.2.2.3.2.2.2.2.2.2.2.2.2.2.2.1.3.3.2.2.2",0.471487289089325,FALSE,TRUE,39
"2.2.2.2.3.2.2.2.2.2.2.2.2.2.2.2.1.3.2.3.2.2",0.530574438808178,FALSE,TRUE,40
"2.2.2.2.3.2.2.2.2.2.2.2.2.2.2.2.1.3.2.2.3.2",0.521681661680449,FALSE,TRUE,40
"1.2.2.2.3.2.2.2.2.2.2.2.2.2.2.2.1.3.2.2.2.2",0.472830061039113,FALSE,TRUE,39
"2.1.2.2.3.2.2.2.2.2.2.2.2.2.2.2.1.3.2.2.2.2",0.431055149351561,FALSE,TRUE,39
"2.2.1.2.3.2.2.2.2.2.2.2.2.2.2.2.1.3.2.2.2.2",0.421714031565974,FALSE,TRUE,39
"2.2.2.1.3.2.2.2.2.2.2.2.2.2.2.2.1.3.2.2.2.2",0.368273153554142,FALSE,TRUE,39
"2.2.2.2.2.2.2.2.2.2.2.2.2.2.2.2.1.3.2.2.2.2",0.497199346878786,FALSE,TRUE,38
"2.2.2.2.3.1.2.2.2.2.2.2.2.2.2.2.1.3.2.2.2.2",0.510457611470947,FALSE,TRUE,39
"2.2.2.2.3.2.1.2.2.2.2.2.2.2.2.2.1.3.2.2.2.2",0.466228754501258,FALSE,TRUE,38
"2.2.2.2.3.2.2.1.2.2.2.2.2.2.2.2.1.3.2.2.2.2",0.445280200779221,FALSE,TRUE,39
"2.2.2.2.3.2.2.2.1.2.2.2.2.2.2.2.1.3.2.2.2.2",0.451180836498305,FALSE,TRUE,39
"2.2.2.2.3.2.2.2.2.1.2.2.2.2.2.2.1.3.2.2.2.2",0.520627744291934,FALSE,TRUE,39
"2.2.2.2.3.2.2.2.2.2.2.1.2.2.2.2.1.3.2.2.2.2",0.45484695452055,FALSE,TRUE,39
"2.2.2.2.3.2.2.2.2.2.2.2.1.2.2.2.1.3.2.2.2.2",0.429481992214732,FALSE,TRUE,39
"2.2.2.2.3.2.2.2.2.2.2.2.2.1.2.2.1.3.2.2.2.2",0.469331561223968,FALSE,TRUE,39
"2.2.2.2.3.2.2.2.2.2.2.2.2.2.1.2.1.3.2.2.2.2",0.505528182068362,FALSE,TRUE,39
"2.2.2.2.3.2.2.2.2.2.2.2.2.2.2.1.1.3.2.2.2.2",0.440426863409501,FALSE,TRUE,38
"2.2.2.2.3.2.2.2.2.2.2.2.2.2.2.2.1.3.1.2.2.2",0.489149019636879,FALSE,TRUE,39
"2.2.2.2.3.2.2.2.2.2.2.2.2.2.2.2.1.3.2.1.2.2",0.440218360701266,FALSE,TRUE,39
"2.2.2.2.3.2.2.2.2.2.2.2.2.2.2.2.1.3.2.2.1.2",0.437298694281921,FALSE,TRUE,38
"2.2.2.2.3.2.2.2.2.2.2.2.2.2.2.2.1.3.2.2.2.1",0.492275876659669,FALSE,TRUE,39
"3.2.2.2.2.2.1.2.2.2.2.2.2.2.2.3.1.2.2.2.2.2",0.500439796569527,FALSE,TRUE,39
"2.3.2.2.2.2.1.2.2.2.2.2.2.2.2.3.1.2.2.2.2.2",0.488981433792555,FALSE,TRUE,40
"2.2.3.2.2.2.1.2.2.2.2.2.2.2.2.3.1.2.2.2.2.2",0.538058161565054,FALSE,TRUE,38
"2.2.2.3.2.2.1.2.2.2.2.2.2.2.2.3.1.2.2.2.2.2",0.579466331333449,FALSE,TRUE,40
"2.2.2.2.3.2.1.2.2.2.2.2.2.2.2.3.1.2.2.2.2.2",0.495527516057774,FALSE,TRUE,37
"2.2.2.2.2.3.1.2.2.2.2.2.2.2.2.3.1.2.2.2.2.2",0.470444372442913,FALSE,TRUE,39
"2.2.2.2.2.2.2.2.2.2.2.2.2.2.2.3.1.2.2.2.2.2",0.500852926887229,FALSE,TRUE,39
"2.2.2.2.2.2.1.3.2.2.2.2.2.2.2.3.1.2.2.2.2.2",0.501689497831479,FALSE,TRUE,40
"2.2.2.2.2.2.1.2.3.2.2.2.2.2.2.3.1.2.2.2.2.2",0.53344855345512,FALSE,TRUE,40
"2.2.2.2.2.2.1.2.2.3.2.2.2.2.2.3.1.2.2.2.2.2",0.450431671960007,FALSE,TRUE,40
"2.2.2.2.2.2.1.2.2.2.3.2.2.2.2.3.1.2.2.2.2.2",0.419944524119084,FALSE,TRUE,40
"2.2.2.2.2.2.1.2.2.2.2.3.2.2.2.3.1.2.2.2.2.2",0.511054120357776,FALSE,TRUE,40
"2.2.2.2.2.2.1.2.2.2.2.2.3.2.2.3.1.2.2.2.2.2",0.498419706970841,FALSE,TRUE,40
"2.2.2.2.2.2.1.2.2.2.2.2.2.3.2.3.1.2.2.2.2.2",0.491238728533448,FALSE,TRUE,40
"2.2.2.2.2.2.1.2.2.2.2.2.2.2.3.3.1.2.2.2.2.2",0.466496893321724,FALSE,TRUE,40
"2.2.2.2.2.2.1.2.2.2.2.2.2.2.2.4.1.2.2.2.2.2",0.498911975884433,FALSE,TRUE,41
"2.2.2.2.2.2.1.2.2.2.2.2.2.2.2.3.1.3.2.2.2.2",0.500218250637714,FALSE,TRUE,40
"2.2.2.2.2.2.1.2.2.2.2.2.2.2.2.3.1.2.3.2.2.2",0.493811820194827,FALSE,TRUE,38
"2.2.2.2.2.2.1.2.2.2.2.2.2.2.2.3.1.2.2.3.2.2",0.513871795618111,FALSE,TRUE,40
"2.2.2.2.2.2.1.2.2.2.2.2.2.2.2.3.1.2.2.2.3.2",0.529021717713217,FALSE,TRUE,40
"2.2.2.2.2.2.1.2.2.2.2.2.2.2.2.3.1.2.2.2.2.3",0.484420475285452,FALSE,TRUE,40
"1.2.2.2.2.2.1.2.2.2.2.2.2.2.2.3.1.2.2.2.2.2",0.448749246419514,FALSE,TRUE,39
"2.1.2.2.2.2.1.2.2.2.2.2.2.2.2.3.1.2.2.2.2.2",0.475028781313226,FALSE,TRUE,39
"2.2.1.2.2.2.1.2.2.2.2.2.2.2.2.3.1.2.2.2.2.2",0.4231157604088,FALSE,TRUE,37
"2.2.2.1.2.2.1.2.2.2.2.2.2.2.2.3.1.2.2.2.2.2",0.388602301523213,FALSE,TRUE,39
"2.2.2.2.1.2.1.2.2.2.2.2.2.2.2.3.1.2.2.2.2.2",0.469677699781079,FALSE,TRUE,39
"2.2.2.2.2.1.1.2.2.2.2.2.2.2.2.3.1.2.2.2.2.2",0.494330530148833,FALSE,TRUE,39
"2.2.2.2.2.2.1.1.2.2.2.2.2.2.2.3.1.2.2.2.2.2",0.46905730629257,FALSE,TRUE,38
"2.2.2.2.2.2.1.2.1.2.2.2.2.2.2.3.1.2.2.2.2.2",0.428804069847678,FALSE,TRUE,39
"2.2.2.2.2.2.1.2.2.1.2.2.2.2.2.3.1.2.2.2.2.2",0.51789459936552,FALSE,TRUE,39
"2.2.2.2.2.2.1.2.2.2.1.2.2.2.2.3.1.2.2.2.2.2",0.547850328745661,FALSE,TRUE,39
"2.2.2.2.2.2.1.2.2.2.2.1.2.2.2.3.1.2.2.2.2.2",0.461459418677075,FALSE,TRUE,39
"2.2.2.2.2.2.1.2.2.2.2.2.1.2.2.3.1.2.2.2.2.2",0.459238345387074,FALSE,TRUE,39
"2.2.2.2.2.2.1.2.2.2.2.2.2.1.2.3.1.2.2.2.2.2",0.472465784351612,FALSE,TRUE,39
"2.2.2.2.2.2.1.2.2.2.2.2.2.2.1.3.1.2.2.2.2.2",0.490010606912365,FALSE,TRUE,39
"2.2.2.2.2.2.1.2.2.2.2.2.2.2.2.3.1.1.2.2.2.2",0.464567006099219,FALSE,TRUE,39
"2.2.2.2.2.2.1.2.2.2.2.2.2.2.2.3.1.2.1.2.2.2",0.47201390643888,FALSE,TRUE,39
"2.2.2.2.2.2.1.2.2.2.2.2.2.2.2.3.1.2.2.1.2.2",0.463536554287063,FALSE,TRUE,39
"2.2.2.2.2.2.1.2.2.2.2.2.2.2.2.3.1.2.2.2.1.2",0.436476458163133,FALSE,TRUE,39
"2.2.2.2.2.2.1.2.2.2.2.2.2.2.2.3.1.2.2.2.2.1",0.477220774249104,FALSE,TRUE,39
"3.2.1.2.2.2.1.1.2.2.2.1.2.2.2.2.2.2.2.2.2.2",0.350521662137228,FALSE,TRUE,36
"2.3.1.2.2.2.1.1.2.2.2.1.2.2.2.2.2.2.2.2.2.2",0.346801575841641,FALSE,TRUE,36
"2.2.1.3.2.2.1.1.2.2.2.1.2.2.2.2.2.2.2.2.2.2",0.407648183431185,FALSE,TRUE,36
"2.2.1.2.3.2.1.1.2.2.2.1.2.2.2.2.2.2.2.2.2.2",0.348761925981435,FALSE,TRUE,36
"2.2.1.2.2.3.1.1.2.2.2.1.2.2.2.2.2.2.2.2.2.2",0.326074165689506,FALSE,TRUE,36
"2.2.1.2.2.2.2.1.2.2.2.1.2.2.2.2.2.2.2.2.2.2",0.369656052175948,FALSE,TRUE,37
"2.2.1.2.2.2.1.1.3.2.2.1.2.2.2.2.2.2.2.2.2.2",0.38168889494638,FALSE,TRUE,36
"2.2.1.2.2.2.1.1.2.3.2.1.2.2.2.2.2.2.2.2.2.2",0.342321198318574,FALSE,TRUE,36
"2.2.1.2.2.2.1.1.2.2.3.1.2.2.2.2.2.2.2.2.2.2",0.253934475327953,FALSE,TRUE,36
"2.2.1.2.2.2.1.1.2.2.2.1.3.2.2.2.2.2.2.2.2.2",0.364690216947976,FALSE,TRUE,36
"2.2.1.2.2.2.1.1.2.2.2.1.2.3.2.2.2.2.2.2.2.2",0.381900573252869,FALSE,TRUE,36
"2.2.1.2.2.2.1.1.2.2.2.1.2.2.3.2.2.2.2.2.2.2",0.334647833424958,FALSE,TRUE,36
"2.2.1.2.2.2.1.1.2.2.2.1.2.2.2.3.2.2.2.2.2.2",0.358947607702626,FALSE,TRUE,36
"2.2.1.2.2.2.1.1.2.2.2.1.2.2.2.2.3.2.2.2.2.2",0.334632774545637,FALSE,TRUE,36
"2.2.1.2.2.2.1.1.2.2.2.1.2.2.2.2.2.3.2.2.2.2",0.293769941972735,FALSE,TRUE,36
"2.2.1.2.2.2.1.1.2.2.2.1.2.2.2.2.2.2.3.2.2.2",0.341950838943259,FALSE,TRUE,36
"2.2.1.2.2.2.1.1.2.2.2.1.2.2.2.2.2.2.2.2.3.2",0.411886773271623,FALSE,TRUE,36
"2.2.1.2.2.2.1.1.2.2.2.1.2.2.2.2.2.2.2.2.2.3",0.354880787464382,FALSE,TRUE,36
"1.2.1.2.2.2.1.1.2.2.2.1.2.2.2.2.2.2.2.2.2.2",0.302418783297067,FALSE,TRUE,35
"2.1.1.2.2.2.1.1.2.2.2.1.2.2.2.2.2.2.2.2.2.2",0.321460159855348,FALSE,TRUE,35
"2.2.1.1.2.2.1.1.2.2.2.1.2.2.2.2.2.2.2.2.2.2",0.265338531993236,FALSE,TRUE,35
"2.2.1.2.1.2.1.1.2.2.2.1.2.2.2.2.2.2.2.2.2.2",0.320823134469158,FALSE,TRUE,35
"2.2.1.2.2.1.1.1.2.2.2.1.2.2.2.2.2.2.2.2.2.2",0.342821741418537,FALSE,TRUE,35
"2.2.1.2.2.2.1.1.1.2.2.1.2.2.2.2.2.2.2.2.2.2",0.287559039952599,FALSE,TRUE,35
"2.2.1.2.2.2.1.1.2.1.2.1.2.2.2.2.2.2.2.2.2.2",0.327622981932352,FALSE,TRUE,34
"2.2.1.2.2.2.1.1.2.2.1.1.2.2.2.2.2.2.2.2.2.2",0.418856603685961,FALSE,TRUE,35
"2.2.1.2.2.2.1.1.2.2.2.1.1.2.2.2.2.2.2.2.2.2",0.29556355531949,FALSE,TRUE,35
"2.2.1.2.2.2.1.1.2.2.2.1.2.1.2.2.2.2.2.2.2.2",0.28646469896974,FALSE,TRUE,35
"2.2.1.2.2.2.1.1.2.2.2.1.2.2.1.2.2.2.2.2.2.2",0.325729792429644,FALSE,TRUE,35
"2.2.1.2.2.2.1.1.2.2.2.1.2.2.2.1.2.2.2.2.2.2",0.30824996288975,FALSE,TRUE,35
"2.2.1.2.2.2.1.1.2.2.2.1.2.2.2.2.1.2.2.2.2.2",0.330926590781141,FALSE,TRUE,34
"2.2.1.2.2.2.1.1.2.2.2.1.2.2.2.2.2.1.2.2.2.2",0.374038899970773,FALSE,TRUE,35
"2.2.1.2.2.2.1.1.2.2.2.1.2.2.2.2.2.2.1.2.2.2",0.323895004556542,FALSE,TRUE,35
"2.2.1.2.2.2.1.1.2.2.2.1.2.2.2.2.2.2.2.1.2.2",0.335794771779609,FALSE,TRUE,36
"2.2.1.2.2.2.1.1.2.2.2.1.2.2.2.2.2.2.2.2.1.2",0.260320162348416,FALSE,TRUE,35
"2.2.1.2.2.2.1.1.2.2.2.1.2.2.2.2.2.2.2.2.2.1",0.307610359090812,FALSE,TRUE,34
"3.2.2.2.2.2.2.2.3.2.2.2.2.2.2.2.2.2.2.2.2.2",0.506111028051182,FALSE,TRUE,41
"2.3.2.2.2.2.2.2.3.2.2.2.2.2.2.2.2.2.2.2.2.2",0.527798950477828,FALSE,TRUE,41
"2.2.3.2.2.2.2.2.3.2.2.2.2.2.2.2.2.2.2.2.2.2",0.56059378019311,FALSE,TRUE,41
"2.2.2.3.2.2.2.2.3.2.2.2.2.2.2.2.2.2.2.2.2.2",0.595964243503231,FALSE,TRUE,41
"2.2.2.2.2.3.2.2.3.2.2.2.2.2.2.2.2.2.2.2.2.2",0.493968034133099,FALSE,TRUE,41
"2.2.2.2.2.2.3.2.3.2.2.2.2.2.2.2.2.2.2.2.2.2",0.508767976114667,FALSE,TRUE,41
"2.2.2.2.2.2.2.3.3.2.2.2.2.2.2.2.2.2.2.2.2.2",0.517467096613713,FALSE,TRUE,40
"2.2.2.2.2.2.2.2.4.2.2.2.2.2.2.2.2.2.2.2.2.2",0.532785206467826,FALSE,TRUE,42
"2.2.2.2.2.2.2.2.3.3.2.2.2.2.2.2.2.2.2.2.2.2",0.48039938338807,FALSE,TRUE,41
"2.2.2.2.2.2.2.2.3.2.3.2.2.2.2.2.2.2.2.2.2.2",0.43470643291912,FALSE,TRUE,41
"2.2.2.2.2.2.2.2.3.2.2.3.2.2.2.2.2.2.2.2.2.2",0.535954258281672,FALSE,TRUE,41
"2.2.2.2.2.2.2.2.3.2.2.2.3.2.2.2.2.2.2.2.2.2",0.52671920949046,FALSE,TRUE,41
"2.2.2.2.2.2.2.2.3.2.2.2.2.3.2.2.2.2.2.2.2.2",0.507901491823892,FALSE,TRUE,41
"2.2.2.2.2.2.2.2.3.2.2.2.2.2.3.2.2.2.2.2.2.2",0.477224116075789,FALSE,TRUE,41
"2.2.2.2.2.2.2.2.3.2.2.2.2.2.2.3.2.2.2.2.2.2",0.531679875076905,FALSE,TRUE,41
"2.2.2.2.2.2.2.2.3.2.2.2.2.2.2.2.3.2.2.2.2.2",0.512239123496885,FALSE,TRUE,41
"2.2.2.2.2.2.2.2.3.2.2.2.2.2.2.2.2.3.2.2.2.2",0.513431664210743,FALSE,TRUE,41
"2.2.2.2.2.2.2.2.3.2.2.2.2.2.2.2.2.2.3.2.2.2",0.516867637438352,FALSE,TRUE,39
"2.2.2.2.2.2.2.2.3.2.2.2.2.2.2.2.2.2.2.3.2.2",0.535246337476263,FALSE,TRUE,41
"2.2.2.2.2.2.2.2.3.2.2.2.2.2.2.2.2.2.2.2.3.2",0.549876890722068,FALSE,TRUE,41
"2.2.2.2.2.2.2.2.3.2.2.2.2.2.2.2.2.2.2.2.2.3",0.494227008550853,FALSE,TRUE,41
"1.2.2.2.2.2.2.2.3.2.2.2.2.2.2.2.2.2.2.2.2.2",0.49362038125404,FALSE,TRUE,38
"2.1.2.2.2.2.2.2.3.2.2.2.2.2.2.2.2.2.2.2.2.2",0.486088305414709,FALSE,TRUE,40
"2.2.1.2.2.2.2.2.3.2.2.2.2.2.2.2.2.2.2.2.2.2",0.45081146323429,FALSE,TRUE,39
"2.2.2.1.2.2.2.2.3.2.2.2.2.2.2.2.2.2.2.2.2.2",0.4203719824162,FALSE,TRUE,40
"2.2.2.2.2.1.2.2.3.2.2.2.2.2.2.2.2.2.2.2.2.2",0.521624686106375,FALSE,TRUE,40
"2.2.2.2.2.2.2.1.3.2.2.2.2.2.2.2.2.2.2.2.2.2",0.504958942377177,FALSE,TRUE,40
"2.2.2.2.2.2.2.2.3.1.2.2.2.2.2.2.2.2.2.2.2.2",0.538519446021325,FALSE,TRUE,40
"2.2.2.2.2.2.2.2.3.2.1.2.2.2.2.2.2.2.2.2.2.2",0.583192609521975,FALSE,TRUE,40
"2.2.2.2.2.2.2.2.3.2.2.1.2.2.2.2.2.2.2.2.2.2",0.484072894325191,FALSE,TRUE,40
"2.2.2.2.2.2.2.2.3.2.2.2.1.2.2.2.2.2.2.2.2.2",0.476844295061607,FALSE,TRUE,39
"2.2.2.2.2.2.2.2.3.2.2.2.2.1.2.2.2.2.2.2.2.2",0.507047215907673,FALSE,TRUE,40
"2.2.2.2.2.2.2.2.3.2.2.2.2.2.1.2.2.2.2.2.2.2",0.53052622189157,FALSE,TRUE,40
"2.2.2.2.2.2.2.2.3.2.2.2.2.2.2.1.2.2.2.2.2.2",0.476785393370175,FALSE,TRUE,39
"2.2.2.2.2.2.2.2.3.2.2.2.2.2.2.2.1.2.2.2.2.2",0.501792430362549,FALSE,TRUE,38
"2.2.2.2.2.2.2.2.3.2.2.2.2.2.2.2.2.1.2.2.2.2",0.502789899374722,FALSE,TRUE,40
"2.2.2.2.2.2.2.2.3.2.2.2.2.2.2.2.2.2.1.2.2.2",0.500408459548312,FALSE,TRUE,40
"2.2.2.2.2.2.2.2.3.2.2.2.2.2.2.2.2.2.2.1.2.2",0.49399120878972,FALSE,TRUE,40
"2.2.2.2.2.2.2.2.3.2.2.2.2.2.2.2.2.2.2.2.1.2",0.467079541569567,FALSE,TRUE,39
"2.2.2.2.2.2.2.2.3.2.2.2.2.2.2.2.2.2.2.2.2.1",0.520057247116263,FALSE,TRUE,40
"3.2.1.2.2.2.1.2.2.1.2.2.2.2.2.2.2.2.2.2.2.2",0.430155664925658,FALSE,TRUE,39
"2.3.1.2.2.2.1.2.2.1.2.2.2.2.2.2.2.2.2.2.2.2",0.426172667127901,FALSE,TRUE,39
"2.2.1.3.2.2.1.2.2.1.2.2.2.2.2.2.2.2.2.2.2.2",0.48690223371885,FALSE,TRUE,39
"2.2.1.2.3.2.1.2.2.1.2.2.2.2.2.2.2.2.2.2.2.2",0.430815582374829,FALSE,TRUE,39
"2.2.1.2.2.3.1.2.2.1.2.2.2.2.2.2.2.2.2.2.2.2",0.402552946172676,FALSE,TRUE,39
"2.2.1.2.2.2.2.2.2.1.2.2.2.2.2.2.2.2.2.2.2.2",0.444517985664151,FALSE,TRUE,39
"2.2.1.2.2.2.1.3.2.1.2.2.2.2.2.2.2.2.2.2.2.2",0.430831316147176,FALSE,TRUE,39
"2.2.1.2.2.2.1.2.3.1.2.2.2.2.2.2.2.2.2.2.2.2",0.452561307289538,FALSE,TRUE,39
"2.2.1.2.2.2.1.2.2.1.3.2.2.2.2.2.2.2.2.2.2.2",0.334057684396898,FALSE,TRUE,39
"2.2.1.2.2.2.1.2.2.1.2.3.2.2.2.2.2.2.2.2.2.2",0.454436700096295,FALSE,TRUE,39
"2.2.1.2.2.2.1.2.2.1.2.2.3.2.2.2.2.2.2.2.2.2",0.428790261922981,FALSE,TRUE,39
"2.2.1.2.2.2.1.2.2.1.2.2.2.3.2.2.2.2.2.2.2.2",0.435639664914334,FALSE,TRUE,39
"2.2.1.2.2.2.1.2.2.1.2.2.2.2.3.2.2.2.2.2.2.2",0.405227153799641,FALSE,TRUE,39
"2.2.1.2.2.2.1.2.2.1.2.2.2.2.2.3.2.2.2.2.2.2",0.438778750302423,FALSE,TRUE,39
"2.2.1.2.2.2.1.2.2.1.2.2.2.2.2.2.3.2.2.2.2.2",0.405971156039763,FALSE,TRUE,39
"2.2.1.2.2.2.1.2.2.1.2.2.2.2.2.2.2.3.2.2.2.2",0.400411545097766,FALSE,TRUE,39
"2.2.1.2.2.2.1.2.2.1.2.2.2.2.2.2.2.2.3.2.2.2",0.427033576588658,FALSE,TRUE,38
"2.2.1.2.2.2.1.2.2.1.2.2.2.2.2.2.2.2.2.3.2.2",0.423851344411756,FALSE,TRUE,39
"2.2.1.2.2.2.1.2.2.1.2.2.2.2.2.2.2.2.2.2.3.2",0.475158979921885,FALSE,TRUE,39
"2.2.1.2.2.2.1.2.2.1.2.2.2.2.2.2.2.2.2.2.2.3",0.423734829470745,FALSE,TRUE,39
"1.2.1.2.2.2.1.2.2.1.2.2.2.2.2.2.2.2.2.2.2.2",0.371043445918791,FALSE,TRUE,38
"2.1.1.2.2.2.1.2.2.1.2.2.2.2.2.2.2.2.2.2.2.2",0.391460472912915,FALSE,TRUE,38
"2.2.1.1.2.2.1.2.2.1.2.2.2.2.2.2.2.2.2.2.2.2",0.332680971354368,FALSE,TRUE,38
"2.2.1.2.1.2.1.2.2.1.2.2.2.2.2.2.2.2.2.2.2.2",0.386228573451322,FALSE,TRUE,38
"2.2.1.2.2.1.1.2.2.1.2.2.2.2.2.2.2.2.2.2.2.2",0.415456746358532,FALSE,TRUE,38
"2.2.1.2.2.2.1.2.1.1.2.2.2.2.2.2.2.2.2.2.2.2",0.362116092705293,FALSE,TRUE,38
"2.2.1.2.2.2.1.2.2.1.1.2.2.2.2.2.2.2.2.2.2.2",0.487181451103404,FALSE,TRUE,38
"2.2.1.2.2.2.1.2.2.1.2.1.2.2.2.2.2.2.2.2.2.2",0.367215283854152,FALSE,TRUE,37
"2.2.1.2.2.2.1.2.2.1.2.2.1.2.2.2.2.2.2.2.2.2",0.378863764220475,FALSE,TRUE,38
"2.2.1.2.2.2.1.2.2.1.2.2.2.1.2.2.2.2.2.2.2.2",0.37960398076273,FALSE,TRUE,38
"2.2.1.2.2.2.1.2.2.1.2.2.2.2.1.2.2.2.2.2.2.2",0.405585404957067,FALSE,TRUE,38
"2.2.1.2.2.2.1.2.2.1.2.2.2.2.2.1.2.2.2.2.2.2",0.374996124825575,FALSE,TRUE,38
"2.2.1.2.2.2.1.2.2.1.2.2.2.2.2.2.1.2.2.2.2.2",0.408931123041118,FALSE,TRUE,36
"2.2.1.2.2.2.1.2.2.1.2.2.2.2.2.2.2.1.2.2.2.2",0.417124596409243,FALSE,TRUE,38
"2.2.1.2.2.2.1.2.2.1.2.2.2.2.2.2.2.2.1.2.2.2",0.38884615047593,FALSE,TRUE,38
"2.2.1.2.2.2.1.2.2.1.2.2.2.2.2.2.2.2.2.1.2.2",0.405233821388376,FALSE,TRUE,38
"2.2.1.2.2.2.1.2.2.1.2.2.2.2.2.2.2.2.2.2.1.2",0.344703375014899,FALSE,TRUE,38
"2.2.1.2.2.2.1.2.2.1.2.2.2.2.2.2.2.2.2.2.2.1",0.38875014368549,FALSE,TRUE,37
"1.3.2.2.2.2.2.2.2.2.2.2.2.2.2.2.2.2.2.2.2.2",0.439248373362064,FALSE,TRUE,39
"1.2.3.2.2.2.2.2.2.2.2.2.2.2.2.2.2.2.2.2.2.2",0.48149010418501,FALSE,TRUE,39
"1.2.2.3.2.2.2.2.2.2.2.2.2.2.2.2.2.2.2.2.2.2",0.526876941807343,FALSE,TRUE,39
"1.2.2.2.2.3.2.2.2.2.2.2.2.2.2.2.2.2.2.2.2.2",0.426419285072159,FALSE,TRUE,39
"1.2.2.2.2.2.3.2.2.2.2.2.2.2.2.2.2.2.2.2.2.2",0.461362033378255,FALSE,TRUE,39
"1.2.2.2.2.2.2.2.2.3.2.2.2.2.2.2.2.2.2.2.2.2",0.419471902975478,FALSE,TRUE,39
"1.2.2.2.2.2.2.2.2.2.3.2.2.2.2.2.2.2.2.2.2.2",0.381338001720924,FALSE,TRUE,39
"1.2.2.2.2.2.2.2.2.2.2.3.2.2.2.2.2.2.2.2.2.2",0.468570225283808,FALSE,TRUE,39
"1.2.2.2.2.2.2.2.2.2.2.2.3.2.2.2.2.2.2.2.2.2",0.453013944683299,FALSE,TRUE,40
"1.2.2.2.2.2.2.2.2.2.2.2.2.3.2.2.2.2.2.2.2.2",0.453988000570475,FALSE,TRUE,39
"1.2.2.2.2.2.2.2.2.2.2.2.2.2.3.2.2.2.2.2.2.2",0.437235435478889,FALSE,TRUE,39
"1.2.2.2.2.2.2.2.2.2.2.2.2.2.2.3.2.2.2.2.2.2",0.462531192035713,FALSE,TRUE,39
"1.2.2.2.2.2.2.2.2.2.2.2.2.2.2.2.3.2.2.2.2.2",0.437578392975886,FALSE,TRUE,39
"1.2.2.2.2.2.2.2.2.2.2.2.2.2.2.2.2.3.2.2.2.2",0.461551141038676,FALSE,TRUE,39
"1.2.2.2.2.2.2.2.2.2.2.2.2.2.2.2.2.2.3.2.2.2",0.452939812144155,FALSE,TRUE,37
"1.2.2.2.2.2.2.2.2.2.2.2.2.2.2.2.2.2.2.3.2.2",0.46825628774041,FALSE,TRUE,39
"1.2.2.2.2.2.2.2.2.2.2.2.2.2.2.2.2.2.2.2.3.2",0.47533809117794,FALSE,TRUE,39
"1.2.2.2.2.2.2.2.2.2.2.2.2.2.2.2.2.2.2.2.2.3",0.43684825897343,FALSE,TRUE,39
"1.1.2.2.2.2.2.2.2.2.2.2.2.2.2.2.2.2.2.2.2.2",0.442152211787544,FALSE,TRUE,38
"1.2.1.2.2.2.2.2.2.2.2.2.2.2.2.2.2.2.2.2.2.2",0.395437745319734,FALSE,TRUE,37
"1.2.2.1.2.2.2.2.2.2.2.2.2.2.2.2.2.2.2.2.2.2",0.357027872484932,FALSE,TRUE,38
"1.2.2.2.1.2.2.2.2.2.2.2.2.2.2.2.2.2.2.2.2.2",0.42829009168293,FALSE,TRUE,37
"1.2.2.2.2.1.2.2.2.2.2.2.2.2.2.2.2.2.2.2.2.2",0.45507480073753,FALSE,TRUE,38
"1.2.2.2.2.2.2.1.2.2.2.2.2.2.2.2.2.2.2.2.2.2",0.436077057298024,FALSE,TRUE,39
"1.2.2.2.2.2.2.2.1.2.2.2.2.2.2.2.2.2.2.2.2.2",0.3856820132528,FALSE,TRUE,38
"1.2.2.2.2.2.2.2.2.1.2.2.2.2.2.2.2.2.2.2.2.2",0.464393422391823,FALSE,TRUE,38
"1.2.2.2.2.2.2.2.2.2.1.2.2.2.2.2.2.2.2.2.2.2",0.503829923246576,FALSE,TRUE,38
"1.2.2.2.2.2.2.2.2.2.2.1.2.2.2.2.2.2.2.2.2.2",0.416603538945533,FALSE,TRUE,38
"1.2.2.2.2.2.2.2.2.2.2.2.2.1.2.2.2.2.2.2.2.2",0.424913706981648,FALSE,TRUE,38
"1.2.2.2.2.2.2.2.2.2.2.2.2.2.1.2.2.2.2.2.2.2",0.438790096087812,FALSE,TRUE,38
"1.2.2.2.2.2.2.2.2.2.2.2.2.2.2.1.2.2.2.2.2.2",0.418087581844361,FALSE,TRUE,37
"1.2.2.2.2.2.2.2.2.2.2.2.2.2.2.2.1.2.2.2.2.2",0.44073993267079,FALSE,TRUE,36
"1.2.2.2.2.2.2.2.2.2.2.2.2.2.2.2.2.1.2.2.2.2",0.421420178398806,FALSE,TRUE,38
"1.2.2.2.2.2.2.2.2.2.2.2.2.2.2.2.2.2.1.2.2.2",0.428080673490863,FALSE,TRUE,38
"1.2.2.2.2.2.2.2.2.2.2.2.2.2.2.2.2.2.2.1.2.2",0.427324997054133,FALSE,TRUE,38
"1.2.2.2.2.2.2.2.2.2.2.2.2.2.2.2.2.2.2.2.1.2",0.410900251966442,FALSE,TRUE,37
"1.2.2.2.2.2.2.2.2.2.2.2.2.2.2.2.2.2.2.2.2.1",0.442948445425419,FALSE,TRUE,38
"3.2.2.2.2.2.1.1.2.2.2.1.2.2.2.2.2.2.2.2.2.2",0.405112189434348,FALSE,TRUE,39
"2.3.2.2.2.2.1.1.2.2.2.1.2.2.2.2.2.2.2.2.2.2",0.40087944953309,FALSE,TRUE,39
"2.2.3.2.2.2.1.1.2.2.2.1.2.2.2.2.2.2.2.2.2.2",0.427600446410528,FALSE,TRUE,40
"2.2.2.3.2.2.1.1.2.2.2.1.2.2.2.2.2.2.2.2.2.2",0.463348556186457,FALSE,TRUE,39
"2.2.2.2.3.2.1.1.2.2.2.1.2.2.2.2.2.2.2.2.2.2",0.39743918167559,FALSE,TRUE,39
"2.2.2.2.2.3.1.1.2.2.2.1.2.2.2.2.2.2.2.2.2.2",0.367499040258048,FALSE,TRUE,39
"2.2.2.2.2.2.2.1.2.2.2.1.2.2.2.2.2.2.2.2.2.2",0.421617067404103,FALSE,TRUE,38
"2.2.2.2.2.2.1.1.3.2.2.1.2.2.2.2.2.2.2.2.2.2",0.438879728200238,FALSE,TRUE,39
"2.2.2.2.2.2.1.1.2.3.2.1.2.2.2.2.2.2.2.2.2.2",0.38819321293071,FALSE,TRUE,39
"2.2.2.2.2.2.1.1.2.2.3.1.2.2.2.2.2.2.2.2.2.2",0.312228407219301,FALSE,TRUE,39
"2.2.2.2.2.2.1.1.2.2.2.1.3.2.2.2.2.2.2.2.2.2",0.423849051504779,FALSE,TRUE,39
"2.2.2.2.2.2.1.1.2.2.2.1.2.3.2.2.2.2.2.2.2.2",0.428579373692961,FALSE,TRUE,39
"2.2.2.2.2.2.1.1.2.2.2.1.2.2.3.2.2.2.2.2.2.2",0.384148176699205,FALSE,TRUE,39
"2.2.2.2.2.2.1.1.2.2.2.1.2.2.2.3.2.2.2.2.2.2",0.418515466299899,FALSE,TRUE,39
"2.2.2.2.2.2.1.1.2.2.2.1.2.2.2.2.3.2.2.2.2.2",0.381364313975671,FALSE,TRUE,39
"2.2.2.2.2.2.1.1.2.2.2.1.2.2.2.2.2.3.2.2.2.2",0.354435431029097,FALSE,TRUE,39
"2.2.2.2.2.2.1.1.2.2.2.1.2.2.2.2.2.2.3.2.2.2",0.386812481044257,FALSE,TRUE,37
"2.2.2.2.2.2.1.1.2.2.2.1.2.2.2.2.2.2.2.3.2.2",0.411249794878566,FALSE,TRUE,38
"2.2.2.2.2.2.1.1.2.2.2.1.2.2.2.2.2.2.2.2.3.2",0.457201874293014,FALSE,TRUE,39
"2.2.2.2.2.2.1.1.2.2.2.1.2.2.2.2.2.2.2.2.2.3",0.407186412750243,FALSE,TRUE,39
"1.2.2.2.2.2.1.1.2.2.2.1.2.2.2.2.2.2.2.2.2.2",0.350564525226418,FALSE,TRUE,38
"2.1.2.2.2.2.1.1.2.2.2.1.2.2.2.2.2.2.2.2.2.2",0.369750460980781,FALSE,TRUE,38
"2.2.2.1.2.2.1.1.2.2.2.1.2.2.2.2.2.2.2.2.2.2",0.311400850443746,FALSE,TRUE,38
"2.2.2.2.1.2.1.1.2.2.2.1.2.2.2.2.2.2.2.2.2.2",0.374108249667082,FALSE,TRUE,38
"2.2.2.2.2.1.1.1.2.2.2.1.2.2.2.2.2.2.2.2.2.2",0.402612685307789,FALSE,TRUE,38
"2.2.2.2.2.2.1.1.1.2.2.1.2.2.2.2.2.2.2.2.2.2",0.333536381723525,FALSE,TRUE,38
"2.2.2.2.2.2.1.1.2.1.2.1.2.2.2.2.2.2.2.2.2.2",0.385114863778258,FALSE,TRUE,38
"2.2.2.2.2.2.1.1.2.2.1.1.2.2.2.2.2.2.2.2.2.2",0.462350288498016,FALSE,TRUE,38
"2.2.2.2.2.2.1.1.2.2.2.1.1.2.2.2.2.2.2.2.2.2",0.340028616537947,FALSE,TRUE,38
"2.2.2.2.2.2.1.1.2.2.2.1.2.1.2.2.2.2.2.2.2.2",0.342181459191199,FALSE,TRUE,38
"2.2.2.2.2.2.1.1.2.2.2.1.2.2.1.2.2.2.2.2.2.2",0.377422880349817,FALSE,TRUE,38
"2.2.2.2.2.2.1.1.2.2.2.1.2.2.2.1.2.2.2.2.2.2",0.347423932201011,FALSE,TRUE,38
"2.2.2.2.2.2.1.1.2.2.2.1.2.2.2.2.1.2.2.2.2.2",0.385559197194208,FALSE,TRUE,36
"2.2.2.2.2.2.1.1.2.2.2.1.2.2.2.2.2.1.2.2.2.2",0.415086185441922,FALSE,TRUE,38
"2.2.2.2.2.2.1.1.2.2.2.1.2.2.2.2.2.2.1.2.2.2",0.382154265172887,FALSE,TRUE,37
"2.2.2.2.2.2.1.1.2.2.2.1.2.2.2.2.2.2.2.1.2.2",0.370696788836901,FALSE,TRUE,38
"2.2.2.2.2.2.1.1.2.2.2.1.2.2.2.2.2.2.2.2.1.2",0.314987742440959,FALSE,TRUE,38
"2.2.2.2.2.2.1.1.2.2.2.1.2.2.2.2.2.2.2.2.2.1",0.357971556501718,FALSE,TRUE,37
"2.3.3.2.2.2.1.2.2.2.2.2.2.2.2.2.1.2.2.2.2.2",0.504519726867329,FALSE,TRUE,38
"2.2.4.2.2.2.1.2.2.2.2.2.2.2.2.2.1.2.2.2.2.2",0.515529357206719,FALSE,TRUE,39
"2.2.3.3.2.2.1.2.2.2.2.2.2.2.2.2.1.2.2.2.2.2",0.586234502415483,FALSE,TRUE,38
"2.2.3.2.3.2.1.2.2.2.2.2.2.2.2.2.1.2.2.2.2.2",0.500893608895674,FALSE,TRUE,37
"2.2.3.2.2.2.2.2.2.2.2.2.2.2.2.2.1.2.2.2.2.2",0.515375250877454,FALSE,TRUE,37
"2.2.3.2.2.2.1.3.2.2.2.2.2.2.2.2.1.2.2.2.2.2",0.512663577178476,FALSE,TRUE,38
"2.2.3.2.2.2.1.2.3.2.2.2.2.2.2.2.1.2.2.2.2.2",0.5460134817214,FALSE,TRUE,38
"2.2.3.2.2.2.1.2.2.3.2.2.2.2.2.2.1.2.2.2.2.2",0.462883801721146,FALSE,TRUE,38
"2.2.3.2.2.2.1.2.2.2.3.2.2.2.2.2.1.2.2.2.2.2",0.433551528020909,FALSE,TRUE,37
"2.2.3.2.2.2.1.2.2.2.2.3.2.2.2.2.1.2.2.2.2.2",0.522512351490068,FALSE,TRUE,38
"2.2.3.2.2.2.1.2.2.2.2.2.3.2.2.2.1.2.2.2.2.2",0.522220094498382,FALSE,TRUE,38
"2.2.3.2.2.2.1.2.2.2.2.2.2.3.2.2.1.2.2.2.2.2",0.49815632983425,FALSE,TRUE,38
"2.2.3.2.2.2.1.2.2.2.2.2.2.2.3.2.1.2.2.2.2.2",0.483881690154939,FALSE,TRUE,38
"2.2.3.2.2.2.1.2.2.2.2.2.2.2.2.2.1.3.2.2.2.2",0.517019227423329,FALSE,TRUE,38
"2.2.3.2.2.2.1.2.2.2.2.2.2.2.2.2.1.2.3.2.2.2",0.502767435173703,FALSE,TRUE,37
"2.2.3.2.2.2.1.2.2.2.2.2.2.2.2.2.1.2.2.3.2.2",0.535847717981591,FALSE,TRUE,38
"2.2.3.2.2.2.1.2.2.2.2.2.2.2.2.2.1.2.2.2.3.2",0.52605388136019,FALSE,TRUE,38
"2.2.3.2.2.2.1.2.2.2.2.2.2.2.2.2.1.2.2.2.2.3",0.487581745290987,FALSE,TRUE,38
"1.2.3.2.2.2.1.2.2.2.2.2.2.2.2.2.1.2.2.2.2.2",0.453299213904138,FALSE,TRUE,38
"2.1.3.2.2.2.1.2.2.2.2.2.2.2.2.2.1.2.2.2.2.2",0.473713744805934,FALSE,TRUE,37
"2.2.3.1.2.2.1.2.2.2.2.2.2.2.2.2.1.2.2.2.2.2",0.39695269911425,FALSE,TRUE,37
"2.2.3.2.1.2.1.2.2.2.2.2.2.2.2.2.1.2.2.2.2.2",0.480832870156523,FALSE,TRUE,36
"2.2.3.2.2.1.1.2.2.2.2.2.2.2.2.2.1.2.2.2.2.2",0.522297912968815,FALSE,TRUE,38
"2.2.3.2.2.2.1.1.2.2.2.2.2.2.2.2.1.2.2.2.2.2",0.473074928602693,FALSE,TRUE,37
"2.2.3.2.2.2.1.2.1.2.2.2.2.2.2.2.1.2.2.2.2.2",0.433799817706584,FALSE,TRUE,37
"2.2.3.2.2.2.1.2.2.1.2.2.2.2.2.2.1.2.2.2.2.2",0.520588705732146,FALSE,TRUE,37
"2.2.3.2.2.2.1.2.2.2.1.2.2.2.2.2.1.2.2.2.2.2",0.550813424455714,FALSE,TRUE,37
"2.2.3.2.2.2.1.2.2.2.2.1.2.2.2.2.1.2.2.2.2.2",0.466246746213781,FALSE,TRUE,36
"2.2.3.2.2.2.1.2.2.2.2.2.1.2.2.2.1.2.2.2.2.2",0.4503206271473,FALSE,TRUE,37
"2.2.3.2.2.2.1.2.2.2.2.2.2.1.2.2.1.2.2.2.2.2",0.481986892378539,FALSE,TRUE,37
"2.2.3.2.2.2.1.2.2.2.2.2.2.2.1.2.1.2.2.2.2.2",0.488297731424656,FALSE,TRUE,37
"2.2.3.2.2.2.1.2.2.2.2.2.2.2.2.1.1.2.2.2.2.2",0.436430243371542,FALSE,TRUE,37
"2.2.3.2.2.2.1.2.2.2.2.2.2.2.2.2.1.1.2.2.2.2",0.462153571967868,FALSE,TRUE,37
"2.2.3.2.2.2.1.2.2.2.2.2.2.2.2.2.1.2.1.2.2.2",0.478569638199442,FALSE,TRUE,37
"2.2.3.2.2.2.1.2.2.2.2.2.2.2.2.2.1.2.2.1.2.2",0.457793204193593,FALSE,TRUE,37
"2.2.3.2.2.2.1.2.2.2.2.2.2.2.2.2.1.2.2.2.1.2",0.455894613496145,FALSE,TRUE,37
"2.2.3.2.2.2.1.2.2.2.2.2.2.2.2.2.1.2.2.2.2.1",0.489507490049318,FALSE,TRUE,37
"3.2.2.2.3.2.2.2.2.2.1.2.2.2.2.2.1.3.2.2.2.2",0.530137605675426,FALSE,TRUE,39
"2.3.2.2.3.2.2.2.2.2.1.2.2.2.2.2.1.3.2.2.2.2",0.570095812762312,FALSE,TRUE,39
"2.2.3.2.3.2.2.2.2.2.1.2.2.2.2.2.1.3.2.2.2.2",0.580940271491725,FALSE,TRUE,39
"2.2.2.3.3.2.2.2.2.2.1.2.2.2.2.2.1.3.2.2.2.2",0.642293328014884,FALSE,TRUE,39
"2.2.2.2.4.2.2.2.2.2.1.2.2.2.2.2.1.3.2.2.2.2",0.528393684047132,FALSE,TRUE,39
"2.2.2.2.3.3.2.2.2.2.1.2.2.2.2.2.1.3.2.2.2.2",0.516427210297968,FALSE,TRUE,39
"2.2.2.2.3.2.3.2.2.2.1.2.2.2.2.2.1.3.2.2.2.2",0.553937050985903,FALSE,TRUE,39
"2.2.2.2.3.2.2.3.2.2.1.2.2.2.2.2.1.3.2.2.2.2",0.573413889530168,FALSE,TRUE,39
"2.2.2.2.3.2.2.2.3.2.1.2.2.2.2.2.1.3.2.2.2.2",0.580537645087173,FALSE,TRUE,39
"2.2.2.2.3.2.2.2.2.3.1.2.2.2.2.2.1.3.2.2.2.2",0.503234901838968,FALSE,TRUE,39
"2.2.2.2.3.2.2.2.2.2.1.3.2.2.2.2.1.3.2.2.2.2",0.570344564391124,FALSE,TRUE,39
"2.2.2.2.3.2.2.2.2.2.1.2.3.2.2.2.1.3.2.2.2.2",0.585133698040504,FALSE,TRUE,39
"2.2.2.2.3.2.2.2.2.2.1.2.2.3.2.2.1.3.2.2.2.2",0.546366305208766,FALSE,TRUE,40
"2.2.2.2.3.2.2.2.2.2.1.2.2.2.3.2.1.3.2.2.2.2",0.518228405468075,FALSE,TRUE,39
"2.2.2.2.3.2.2.2.2.2.1.2.2.2.2.3.1.3.2.2.2.2",0.565354445192561,FALSE,TRUE,39
"2.2.2.2.3.2.2.2.2.2.1.2.2.2.2.2.2.3.2.2.2.2",0.525300304585261,FALSE,TRUE,39
"2.2.2.2.3.2.2.2.2.2.1.2.2.2.2.2.1.4.2.2.2.2",0.543154401039452,FALSE,TRUE,39
"2.2.2.2.3.2.2.2.2.2.1.2.2.2.2.2.1.3.3.2.2.2",0.536087705501272,FALSE,TRUE,39
"2.2.2.2.3.2.2.2.2.2.1.2.2.2.2.2.1.3.2.3.2.2",0.593557675695674,FALSE,TRUE,39
"2.2.2.2.3.2.2.2.2.2.1.2.2.2.2.2.1.3.2.2.3.2",0.583589897794446,FALSE,TRUE,39
"2.2.2.2.3.2.2.2.2.2.1.2.2.2.2.2.1.3.2.2.2.3",0.535095750709121,FALSE,TRUE,38
"1.2.2.2.3.2.2.2.2.2.1.2.2.2.2.2.1.3.2.2.2.2",0.538089382856777,FALSE,TRUE,38
"2.1.2.2.3.2.2.2.2.2.1.2.2.2.2.2.1.3.2.2.2.2",0.509793629047658,FALSE,TRUE,37
"2.2.1.2.3.2.2.2.2.2.1.2.2.2.2.2.1.3.2.2.2.2",0.496635102361898,FALSE,TRUE,38
"2.2.2.1.3.2.2.2.2.2.1.2.2.2.2.2.1.3.2.2.2.2",0.442057012255428,FALSE,TRUE,38
"2.2.2.2.2.2.2.2.2.2.1.2.2.2.2.2.1.3.2.2.2.2",0.558375013876333,FALSE,TRUE,39
"2.2.2.2.3.1.2.2.2.2.1.2.2.2.2.2.1.3.2.2.2.2",0.567853285436347,FALSE,TRUE,38
"2.2.2.2.3.2.1.2.2.2.1.2.2.2.2.2.1.3.2.2.2.2",0.53046612460312,FALSE,TRUE,38
"2.2.2.2.3.2.2.1.2.2.1.2.2.2.2.2.1.3.2.2.2.2",0.515176744614419,FALSE,TRUE,38
"2.2.2.2.3.2.2.2.1.2.1.2.2.2.2.2.1.3.2.2.2.2",0.500260955904801,FALSE,TRUE,38
"2.2.2.2.3.2.2.2.2.1.1.2.2.2.2.2.1.3.2.2.2.2",0.585342328440787,FALSE,TRUE,38
"2.2.2.2.3.2.2.2.2.2.1.1.2.2.2.2.1.3.2.2.2.2",0.521661658537494,FALSE,TRUE,38
"2.2.2.2.3.2.2.2.2.2.1.2.1.2.2.2.1.3.2.2.2.2",0.490005417600824,FALSE,TRUE,38
"2.2.2.2.3.2.2.2.2.2.1.2.2.2.1.2.1.3.2.2.2.2",0.556868355806717,FALSE,TRUE,38
"2.2.2.2.3.2.2.2.2.2.1.2.2.2.2.1.1.3.2.2.2.2",0.509000214409522,FALSE,TRUE,38
"2.2.2.2.3.2.2.2.2.2.1.2.2.2.2.2.1.3.1.2.2.2",0.550979125304922,FALSE,TRUE,38
"2.2.2.2.3.2.2.2.2.2.1.2.2.2.2.2.1.3.2.1.2.2",0.503084157688507,FALSE,TRUE,38
"2.2.2.2.3.2.2.2.2.2.1.2.2.2.2.2.1.3.2.2.1.2",0.499739843244436,FALSE,TRUE,38
"2.2.2.2.3.2.2.2.2.2.1.2.2.2.2.2.1.3.2.2.2.1",0.545808492879855,FALSE,TRUE,38
"3.2.2.2.3.2.2.2.2.2.3.2.2.2.2.2.2.2.3.2.2.2",0.377197808107365,FALSE,TRUE,42
"2.3.2.2.3.2.2.2.2.2.3.2.2.2.2.2.2.2.3.2.2.2",0.411191564806322,FALSE,TRUE,42
"2.2.3.2.3.2.2.2.2.2.3.2.2.2.2.2.2.2.3.2.2.2",0.421327149842547,FALSE,TRUE,42
"2.2.2.3.3.2.2.2.2.2.3.2.2.2.2.2.2.2.3.2.2.2",0.48856526593857,FALSE,TRUE,42
"2.2.2.2.4.2.2.2.2.2.3.2.2.2.2.2.2.2.3.2.2.2",0.355305257762927,FALSE,TRUE,42
"2.2.2.2.3.3.2.2.2.2.3.2.2.2.2.2.2.2.3.2.2.2",0.352946385187162,FALSE,TRUE,42
"2.2.2.2.3.2.3.2.2.2.3.2.2.2.2.2.2.2.3.2.2.2",0.385890138563109,FALSE,TRUE,42
"2.2.2.2.3.2.2.3.2.2.3.2.2.2.2.2.2.2.3.2.2.2",0.403092058642598,FALSE,TRUE,42
"2.2.2.2.3.2.2.2.3.2.3.2.2.2.2.2.2.2.3.2.2.2",0.41219933802834,FALSE,TRUE,42
"2.2.2.2.3.2.2.2.2.3.3.2.2.2.2.2.2.2.3.2.2.2",0.347290022634012,FALSE,TRUE,42
"2.2.2.2.3.2.2.2.2.2.4.2.2.2.2.2.2.2.3.2.2.2",0.303592745787859,FALSE,TRUE,43
"2.2.2.2.3.2.2.2.2.2.3.3.2.2.2.2.2.2.3.2.2.2",0.41615309052901,FALSE,TRUE,42
"2.2.2.2.3.2.2.2.2.2.3.2.3.2.2.2.2.2.3.2.2.2",0.42578854302005,FALSE,TRUE,42
"2.2.2.2.3.2.2.2.2.2.3.2.2.3.2.2.2.2.3.2.2.2",0.39231875004267,FALSE,TRUE,42
"2.2.2.2.3.2.2.2.2.2.3.2.2.2.3.2.2.2.3.2.2.2",0.34820005146215,FALSE,TRUE,42
"2.2.2.2.3.2.2.2.2.2.3.2.2.2.2.3.2.2.3.2.2.2",0.395018298930072,FALSE,TRUE,41
"2.2.2.2.3.2.2.2.2.2.3.2.2.2.2.2.3.2.3.2.2.2",0.364300980399813,FALSE,TRUE,42
"2.2.2.2.3.2.2.2.2.2.3.2.2.2.2.2.2.3.3.2.2.2",0.36991558826459,FALSE,TRUE,42
"2.2.2.2.3.2.2.2.2.2.3.2.2.2.2.2.2.2.4.2.2.2",0.360395522199154,FALSE,TRUE,42
"2.2.2.2.3.2.2.2.2.2.3.2.2.2.2.2.2.2.3.3.2.2",0.427220500888946,FALSE,TRUE,42
"2.2.2.2.3.2.2.2.2.2.3.2.2.2.2.2.2.2.3.2.3.2",0.420451036034533,FALSE,TRUE,42
"2.2.2.2.3.2.2.2.2.2.3.2.2.2.2.2.2.2.3.2.2.3",0.357279403831719,FALSE,TRUE,42
"1.2.2.2.3.2.2.2.2.2.3.2.2.2.2.2.2.2.3.2.2.2",0.372402044884888,FALSE,TRUE,41
"2.1.2.2.3.2.2.2.2.2.3.2.2.2.2.2.2.2.3.2.2.2",0.349550326348664,FALSE,TRUE,41
"2.2.1.2.3.2.2.2.2.2.3.2.2.2.2.2.2.2.3.2.2.2",0.33505257047162,FALSE,TRUE,41
"2.2.2.1.3.2.2.2.2.2.3.2.2.2.2.2.2.2.3.2.2.2",0.274741600242168,FALSE,TRUE,41
"2.2.2.2.3.1.2.2.2.2.3.2.2.2.2.2.2.2.3.2.2.2",0.407529611518515,FALSE,TRUE,41
"2.2.2.2.3.2.2.1.2.2.3.2.2.2.2.2.2.2.3.2.2.2",0.363556495130212,FALSE,TRUE,41
"2.2.2.2.3.2.2.2.1.2.3.2.2.2.2.2.2.2.3.2.2.2",0.348480167731172,FALSE,TRUE,41
"2.2.2.2.3.2.2.2.2.1.3.2.2.2.2.2.2.2.3.2.2.2",0.418096474315057,FALSE,TRUE,41
"2.2.2.2.3.2.2.2.2.2.3.1.2.2.2.2.2.2.3.2.2.2",0.352620329830535,FALSE,TRUE,41
"2.2.2.2.3.2.2.2.2.2.3.2.1.2.2.2.2.2.3.2.2.2",0.330494289786385,FALSE,TRUE,41
"2.2.2.2.3.2.2.2.2.2.3.2.2.1.2.2.2.2.3.2.2.2",0.366721284957332,FALSE,TRUE,41
"2.2.2.2.3.2.2.2.2.2.3.2.2.2.1.2.2.2.3.2.2.2",0.406419065348626,FALSE,TRUE,41
"2.2.2.2.3.2.2.2.2.2.3.2.2.2.2.1.2.2.3.2.2.2",0.36130855407527,FALSE,TRUE,40
"2.2.2.2.3.2.2.2.2.2.3.2.2.2.2.2.1.2.3.2.2.2",0.393783590741441,FALSE,TRUE,40
"2.2.2.2.3.2.2.2.2.2.3.2.2.2.2.2.2.1.3.2.2.2",0.392212470941665,FALSE,TRUE,41
"2.2.2.2.3.2.2.2.2.2.3.2.2.2.2.2.2.2.3.1.2.2",0.345625639486258,FALSE,TRUE,41
"2.2.2.2.3.2.2.2.2.2.3.2.2.2.2.2.2.2.3.2.1.2",0.342069315946502,FALSE,TRUE,40
"2.2.2.2.3.2.2.2.2.2.3.2.2.2.2.2.2.2.3.2.2.1",0.400474079364487,FALSE,TRUE,41
"3.2.1.2.2.2.1.1.2.2.2.2.2.2.2.2.1.2.2.2.2.2",0.400125676933647,FALSE,TRUE,37
"2.3.1.2.2.2.1.1.2.2.2.2.2.2.2.2.1.2.2.2.2.2",0.391031254314976,FALSE,TRUE,37
"2.2.1.3.2.2.1.1.2.2.2.2.2.2.2.2.1.2.2.2.2.2",0.457217239287931,FALSE,TRUE,37
"2.2.1.2.3.2.1.1.2.2.2.2.2.2.2.2.1.2.2.2.2.2",0.399400388362427,FALSE,TRUE,37
"2.2.1.2.2.3.1.1.2.2.2.2.2.2.2.2.1.2.2.2.2.2",0.376847638622421,FALSE,TRUE,37
"2.2.1.2.2.2.2.1.2.2.2.2.2.2.2.2.1.2.2.2.2.2",0.405304635679675,FALSE,TRUE,38
"2.2.1.2.2.2.1.1.3.2.2.2.2.2.2.2.1.2.2.2.2.2",0.418733220596253,FALSE,TRUE,37
"2.2.1.2.2.2.1.1.2.3.2.2.2.2.2.2.1.2.2.2.2.2",0.389729721622527,FALSE,TRUE,37
"2.2.1.2.2.2.1.1.2.2.3.2.2.2.2.2.1.2.2.2.2.2",0.300679477143473,FALSE,TRUE,37
"2.2.1.2.2.2.1.1.2.2.2.3.2.2.2.2.1.2.2.2.2.2",0.437493037360827,FALSE,TRUE,37
"2.2.1.2.2.2.1.1.2.2.2.2.3.2.2.2.1.2.2.2.2.2",0.397177266769051,FALSE,TRUE,37
"2.2.1.2.2.2.1.1.2.2.2.2.2.3.2.2.1.2.2.2.2.2",0.418417682863766,FALSE,TRUE,37
"2.2.1.2.2.2.1.1.2.2.2.2.2.2.3.2.1.2.2.2.2.2",0.372038353089009,FALSE,TRUE,37
"2.2.1.2.2.2.1.1.2.2.2.2.2.2.2.3.1.2.2.2.2.2",0.409552689703582,FALSE,TRUE,35
"2.2.1.2.2.2.1.1.2.2.2.2.2.2.2.2.1.3.2.2.2.2",0.361744790896483,FALSE,TRUE,37
"2.2.1.2.2.2.1.1.2.2.2.2.2.2.2.2.1.2.3.2.2.2",0.400218249541444,FALSE,TRUE,37
"2.2.1.2.2.2.1.1.2.2.2.2.2.2.2.2.1.2.2.3.2.2",0.386176848224864,FALSE,TRUE,36
"2.2.1.2.2.2.1.1.2.2.2.2.2.2.2.2.1.2.2.2.3.2",0.442416708521907,FALSE,TRUE,37
"2.2.1.2.2.2.1.1.2.2.2.2.2.2.2.2.1.2.2.2.2.3",0.388550047668131,FALSE,TRUE,38
"1.2.1.2.2.2.1.1.2.2.2.2.2.2.2.2.1.2.2.2.2.2",0.347307729659926,FALSE,TRUE,36
"2.1.1.2.2.2.1.1.2.2.2.2.2.2.2.2.1.2.2.2.2.2",0.372493250385749,FALSE,TRUE,36
"2.2.1.1.2.2.1.1.2.2.2.2.2.2.2.2.1.2.2.2.2.2",0.313527297113896,FALSE,TRUE,36
"2.2.1.2.1.2.1.1.2.2.2.2.2.2.2.2.1.2.2.2.2.2",0.367407636760834,FALSE,TRUE,36
"2.2.1.2.2.1.1.1.2.2.2.2.2.2.2.2.1.2.2.2.2.2",0.387935523453885,FALSE,TRUE,36
"2.2.1.2.2.2.1.1.1.2.2.2.2.2.2.2.1.2.2.2.2.2",0.344656057702167,FALSE,TRUE,36
"2.2.1.2.2.2.1.1.2.1.2.2.2.2.2.2.1.2.2.2.2.2",0.375883640148072,FALSE,TRUE,35
"2.2.1.2.2.2.1.1.2.2.1.2.2.2.2.2.1.2.2.2.2.2",0.467793397448126,FALSE,TRUE,36
"2.2.1.2.2.2.1.1.2.2.2.2.1.2.2.2.1.2.2.2.2.2",0.356297384223085,FALSE,TRUE,36
"2.2.1.2.2.2.1.1.2.2.2.2.2.1.2.2.1.2.2.2.2.2",0.34515391824059,FALSE,TRUE,36
"2.2.1.2.2.2.1.1.2.2.2.2.2.2.1.2.1.2.2.2.2.2",0.383809398272213,FALSE,TRUE,36
"2.2.1.2.2.2.1.1.2.2.2.2.2.2.2.1.1.2.2.2.2.2",0.355301599259502,FALSE,TRUE,36
"2.2.1.2.2.2.1.1.2.2.2.2.2.2.2.2.1.1.2.2.2.2",0.401903638813827,FALSE,TRUE,36
"2.2.1.2.2.2.1.1.2.2.2.2.2.2.2.2.1.2.1.2.2.2",0.362849877362941,FALSE,TRUE,36
"2.2.1.2.2.2.1.1.2.2.2.2.2.2.2.2.1.2.2.1.2.2",0.390755188015023,FALSE,TRUE,36
"2.2.1.2.2.2.1.1.2.2.2.2.2.2.2.2.1.2.2.2.1.2",0.326909535648007,FALSE,TRUE,36
"3.2.3.2.2.3.1.2.2.2.2.2.2.2.2.2.1.2.2.2.2.2",0.467631601820294,FALSE,TRUE,37
"2.3.3.2.2.3.1.2.2.2.2.2.2.2.2.2.1.2.2.2.2.2",0.4706388000571,FALSE,TRUE,38
"2.2.4.2.2.3.1.2.2.2.2.2.2.2.2.2.1.2.2.2.2.2",0.466232805530135,FALSE,TRUE,38
"2.2.3.3.2.3.1.2.2.2.2.2.2.2.2.2.1.2.2.2.2.2",0.551231817914725,FALSE,TRUE,38
"2.2.3.2.3.3.1.2.2.2.2.2.2.2.2.2.1.2.2.2.2.2",0.454830016896119,FALSE,TRUE,38
"2.2.3.2.2.4.1.2.2.2.2.2.2.2.2.2.1.2.2.2.2.2",0.398417337575574,FALSE,TRUE,39
"2.2.3.2.2.3.1.3.2.2.2.2.2.2.2.2.1.2.2.2.2.2",0.465748377611204,FALSE,TRUE,37
"2.2.3.2.2.3.1.2.3.2.2.2.2.2.2.2.1.2.2.2.2.2",0.506844880639464,FALSE,TRUE,38
"2.2.3.2.2.3.1.2.2.3.2.2.2.2.2.2.1.2.2.2.2.2",0.418769262294826,FALSE,TRUE,38
"2.2.3.2.2.3.1.2.2.2.3.2.2.2.2.2.1.2.2.2.2.2",0.388574200833353,FALSE,TRUE,37
"2.2.3.2.2.3.1.2.2.2.2.3.2.2.2.2.1.2.2.2.2.2",0.485429335622328,FALSE,TRUE,39
"2.2.3.2.2.3.1.2.2.2.2.2.3.2.2.2.1.2.2.2.2.2",0.491114163562395,FALSE,TRUE,38
"2.2.3.2.2.3.1.2.2.2.2.2.2.3.2.2.1.2.2.2.2.2",0.459007400585841,FALSE,TRUE,38
"2.2.3.2.2.3.1.2.2.2.2.2.2.2.3.2.1.2.2.2.2.2",0.44783825463288,FALSE,TRUE,38
"2.2.3.2.2.3.1.2.2.2.2.2.2.2.2.3.1.2.2.2.2.2",0.508498729045201,FALSE,TRUE,37
"2.2.3.2.2.3.1.2.2.2.2.2.2.2.2.2.2.2.2.2.2.2",0.459362572910525,FALSE,TRUE,38
"2.2.3.2.2.3.1.2.2.2.2.2.2.2.2.2.1.3.2.2.2.2",0.46850489418251,FALSE,TRUE,38
"2.2.3.2.2.3.1.2.2.2.2.2.2.2.2.2.1.2.3.2.2.2",0.457025817456559,FALSE,TRUE,38
"2.2.3.2.2.3.1.2.2.2.2.2.2.2.2.2.1.2.2.3.2.2",0.498950972327486,FALSE,TRUE,38
"2.2.3.2.2.3.1.2.2.2.2.2.2.2.2.2.1.2.2.2.3.2",0.488277334816398,FALSE,TRUE,38
"2.2.3.2.2.3.1.2.2.2.2.2.2.2.2.2.1.2.2.2.2.3",0.442373099027025,FALSE,TRUE,38
"1.2.3.2.2.3.1.2.2.2.2.2.2.2.2.2.1.2.2.2.2.2",0.414366862264786,FALSE,TRUE,37
"2.1.3.2.2.3.1.2.2.2.2.2.2.2.2.2.1.2.2.2.2.2",0.426080902444749,FALSE,TRUE,37
"2.2.3.1.2.3.1.2.2.2.2.2.2.2.2.2.1.2.2.2.2.2",0.34923259977026,FALSE,TRUE,37
"2.2.3.2.1.3.1.2.2.2.2.2.2.2.2.2.1.2.2.2.2.2",0.443812408221429,FALSE,TRUE,37
"2.2.3.2.2.3.1.1.2.2.2.2.2.2.2.2.1.2.2.2.2.2",0.437728378861486,FALSE,TRUE,37
"2.2.3.2.2.3.1.2.1.2.2.2.2.2.2.2.1.2.2.2.2.2",0.389212770551307,FALSE,TRUE,37
"2.2.3.2.2.3.1.2.2.1.2.2.2.2.2.2.1.2.2.2.2.2",0.480979285715048,FALSE,TRUE,37
"2.2.3.2.2.3.1.2.2.2.1.2.2.2.2.2.1.2.2.2.2.2",0.513394903580514,FALSE,TRUE,37
"2.2.3.2.2.3.1.2.2.2.2.2.1.2.2.2.1.2.2.2.2.2",0.398131373137968,FALSE,TRUE,37
"2.2.3.2.2.3.1.2.2.2.2.2.2.1.2.2.1.2.2.2.2.2",0.437496098293054,FALSE,TRUE,37
"2.2.3.2.2.3.1.2.2.2.2.2.2.2.1.2.1.2.2.2.2.2",0.442711894414127,FALSE,TRUE,37
"2.2.3.2.2.3.1.2.2.2.2.2.2.2.2.1.1.2.2.2.2.2",0.384567925234761,FALSE,TRUE,37
"2.2.3.2.2.3.1.2.2.2.2.2.2.2.2.2.1.1.2.2.2.2",0.428258623290862,FALSE,TRUE,37
"2.2.3.2.2.3.1.2.2.2.2.2.2.2.2.2.1.2.1.2.2.2",0.440693294013122,FALSE,TRUE,37
"2.2.3.2.2.3.1.2.2.2.2.2.2.2.2.2.1.2.2.1.2.2",0.411304603153328,FALSE,TRUE,37
"2.2.3.2.2.3.1.2.2.2.2.2.2.2.2.2.1.2.2.2.1.2",0.411413349386331,FALSE,TRUE,37
"2.2.3.2.2.3.1.2.2.2.2.2.2.2.2.2.1.2.2.2.2.1",0.451171610319501,FALSE,TRUE,37
"3.2.1.2.2.2.1.1.2.2.2.2.2.2.2.2.1.2.2.2.2.1",0.381123965067607,FALSE,TRUE,36
"2.3.1.2.2.2.1.1.2.2.2.2.2.2.2.2.1.2.2.2.2.1",0.368638801514605,FALSE,TRUE,36
"2.2.2.2.2.2.1.1.2.2.2.2.2.2.2.2.1.2.2.2.2.1",0.421275712256527,FALSE,TRUE,36
"2.2.1.3.2.2.1.1.2.2.2.2.2.2.2.2.1.2.2.2.2.1",0.425201345517101,FALSE,TRUE,36
"2.2.1.2.3.2.1.1.2.2.2.2.2.2.2.2.1.2.2.2.2.1",0.38541546156935,FALSE,TRUE,36
"2.2.1.2.2.3.1.1.2.2.2.2.2.2.2.2.1.2.2.2.2.1",0.361075565761278,FALSE,TRUE,36
"2.2.1.2.2.2.2.1.2.2.2.2.2.2.2.2.1.2.2.2.2.1",0.402076143153498,FALSE,TRUE,37
"2.2.1.2.2.2.1.2.2.2.2.2.2.2.2.2.1.2.2.2.2.1",0.389745605125564,FALSE,TRUE,36
"2.2.1.2.2.2.1.1.3.2.2.2.2.2.2.2.1.2.2.2.2.1",0.40619777129194,FALSE,TRUE,36
"2.2.1.2.2.2.1.1.2.3.2.2.2.2.2.2.1.2.2.2.2.1",0.378451750048879,FALSE,TRUE,36
"2.2.1.2.2.2.1.1.2.2.3.2.2.2.2.2.1.2.2.2.2.1",0.292853933775922,FALSE,TRUE,36
"2.2.1.2.2.2.1.1.2.2.2.3.2.2.2.2.1.2.2.2.2.1",0.422554935439284,FALSE,TRUE,36
"2.2.1.2.2.2.1.1.2.2.2.2.3.2.2.2.1.2.2.2.2.1",0.38021373721465,FALSE,TRUE,36
"2.2.1.2.2.2.1.1.2.2.2.2.2.3.2.2.1.2.2.2.2.1",0.412302058900571,FALSE,TRUE,36
"2.2.1.2.2.2.1.1.2.2.2.2.2.2.3.2.1.2.2.2.2.1",0.37026181157253,FALSE,TRUE,36
"2.2.1.2.2.2.1.1.2.2.2.2.2.2.2.3.1.2.2.2.2.1",0.384466959320937,FALSE,TRUE,36
"2.2.1.2.2.2.1.1.2.2.2.2.2.2.2.2.1.3.2.2.2.1",0.332721252678206,FALSE,TRUE,36
"2.2.1.2.2.2.1.1.2.2.2.2.2.2.2.2.1.2.3.2.2.1",0.381501804399077,FALSE,TRUE,36
"2.2.1.2.2.2.1.1.2.2.2.2.2.2.2.2.1.2.2.3.2.1",0.361939838393886,FALSE,TRUE,36
"2.2.1.2.2.2.1.1.2.2.2.2.2.2.2.2.1.2.2.2.3.1",0.429979262412811,FALSE,TRUE,36
"1.2.1.2.2.2.1.1.2.2.2.2.2.2.2.2.1.2.2.2.2.1",0.326145925120207,FALSE,TRUE,35
"2.1.1.2.2.2.1.1.2.2.2.2.2.2.2.2.1.2.2.2.2.1",0.354785899805588,FALSE,TRUE,35
"2.2.1.1.2.2.1.1.2.2.2.2.2.2.2.2.1.2.2.2.2.1",0.305973827292578,FALSE,TRUE,35
"2.2.1.2.1.2.1.1.2.2.2.2.2.2.2.2.1.2.2.2.2.1",0.342447927064024,FALSE,TRUE,35
"2.2.1.2.2.1.1.1.2.2.2.2.2.2.2.2.1.2.2.2.2.1",0.364001076740082,FALSE,TRUE,35
"2.2.1.2.2.2.1.1.1.2.2.2.2.2.2.2.1.2.2.2.2.1",0.318833147048022,FALSE,TRUE,35
"2.2.1.2.2.2.1.1.2.1.2.2.2.2.2.2.1.2.2.2.2.1",0.347493391142557,FALSE,TRUE,35
"2.2.1.2.2.2.1.1.2.2.1.2.2.2.2.2.1.2.2.2.2.1",0.436179751539615,FALSE,TRUE,35
"2.2.1.2.2.2.1.1.2.2.2.1.2.2.2.2.1.2.2.2.2.1",0.305946805190319,FALSE,TRUE,35
"2.2.1.2.2.2.1.1.2.2.2.2.1.2.2.2.1.2.2.2.2.1",0.332391665657984,FALSE,TRUE,35
"2.2.1.2.2.2.1.1.2.2.2.2.2.1.2.2.1.2.2.2.2.1",0.312059212157033,FALSE,TRUE,35
"2.2.1.2.2.2.1.1.2.2.2.2.2.2.1.2.1.2.2.2.2.1",0.346002583882387,FALSE,TRUE,35
"2.2.1.2.2.2.1.1.2.2.2.2.2.2.2.1.1.2.2.2.2.1",0.340949004814515,FALSE,TRUE,35
"2.2.1.2.2.2.1.1.2.2.2.2.2.2.2.2.1.1.2.2.2.1",0.391448726581153,FALSE,TRUE,35
"2.2.1.2.2.2.1.1.2.2.2.2.2.2.2.2.1.2.1.2.2.1",0.341765878923016,FALSE,TRUE,35
"2.2.1.2.2.2.1.1.2.2.2.2.2.2.2.2.1.2.2.1.2.1",0.375523038063285,FALSE,TRUE,35
"2.2.1.2.2.2.1.1.2.2.2.2.2.2.2.2.1.2.2.2.1.1",0.300316172275691,FALSE,TRUE,35
"1.3.2.2.2.2.2.3.2.2.2.2.2.2.2.2.2.2.2.2.2.2",0.447724341492507,FALSE,TRUE,41
"1.2.3.2.2.2.2.3.2.2.2.2.2.2.2.2.2.2.2.2.2.2",0.48936940721973,FALSE,TRUE,40
"1.2.2.3.2.2.2.3.2.2.2.2.2.2.2.2.2.2.2.2.2.2",0.532556664442656,FALSE,TRUE,40
"1.2.2.2.3.2.2.3.2.2.2.2.2.2.2.2.2.2.2.2.2.2",0.456390788735223,FALSE,TRUE,39
"1.2.2.2.2.3.2.3.2.2.2.2.2.2.2.2.2.2.2.2.2.2",0.420711622961043,FALSE,TRUE,40
"1.2.2.2.2.2.3.3.2.2.2.2.2.2.2.2.2.2.2.2.2.2",0.464913975681071,FALSE,TRUE,40
"1.2.2.2.2.2.2.4.2.2.2.2.2.2.2.2.2.2.2.2.2.2",0.438619063465092,FALSE,TRUE,41
"1.2.2.2.2.2.2.3.3.2.2.2.2.2.2.2.2.2.2.2.2.2",0.492777802233504,FALSE,TRUE,39
"1.2.2.2.2.2.2.3.2.3.2.2.2.2.2.2.2.2.2.2.2.2",0.396634500929592,FALSE,TRUE,40
"1.2.2.2.2.2.2.3.2.2.3.2.2.2.2.2.2.2.2.2.2.2",0.392764384600853,FALSE,TRUE,40
"1.2.2.2.2.2.2.3.2.2.2.3.2.2.2.2.2.2.2.2.2.2",0.449787615400167,FALSE,TRUE,40
"1.2.2.2.2.2.2.3.2.2.2.2.3.2.2.2.2.2.2.2.2.2",0.450128188918172,FALSE,TRUE,40
"1.2.2.2.2.2.2.3.2.2.2.2.2.3.2.2.2.2.2.2.2.2",0.434624578425402,FALSE,TRUE,40
"1.2.2.2.2.2.2.3.2.2.2.2.2.2.3.2.2.2.2.2.2.2",0.441969793807314,FALSE,TRUE,40
"1.2.2.2.2.2.2.3.2.2.2.2.2.2.2.3.2.2.2.2.2.2",0.468727567127139,FALSE,TRUE,40
"1.2.2.2.2.2.2.3.2.2.2.2.2.2.2.2.3.2.2.2.2.2",0.431327548711192,FALSE,TRUE,40
"1.2.2.2.2.2.2.3.2.2.2.2.2.2.2.2.2.3.2.2.2.2",0.484689651189973,FALSE,TRUE,40
"1.2.2.2.2.2.2.3.2.2.2.2.2.2.2.2.2.2.3.2.2.2",0.457829911917634,FALSE,TRUE,40
"1.2.2.2.2.2.2.3.2.2.2.2.2.2.2.2.2.2.2.3.2.2",0.474920407685066,FALSE,TRUE,40
"1.2.2.2.2.2.2.3.2.2.2.2.2.2.2.2.2.2.2.2.3.2",0.468428779939921,FALSE,TRUE,40
"1.2.2.2.2.2.2.3.2.2.2.2.2.2.2.2.2.2.2.2.2.3",0.429978586561466,FALSE,TRUE,40
"1.2.1.2.2.2.2.3.2.2.2.2.2.2.2.2.2.2.2.2.2.2",0.387645288273982,FALSE,TRUE,39
"1.2.2.1.2.2.2.3.2.2.2.2.2.2.2.2.2.2.2.2.2.2",0.351049317198671,FALSE,TRUE,39
"1.2.2.2.1.2.2.3.2.2.2.2.2.2.2.2.2.2.2.2.2.2",0.425823586033144,FALSE,TRUE,39
"1.2.2.2.2.1.2.3.2.2.2.2.2.2.2.2.2.2.2.2.2.2",0.463299427780203,FALSE,TRUE,39
"1.2.2.2.2.2.1.3.2.2.2.2.2.2.2.2.2.2.2.2.2.2",0.423779367202263,FALSE,TRUE,37
"1.2.2.2.2.2.2.3.1.2.2.2.2.2.2.2.2.2.2.2.2.2",0.386631586015011,FALSE,TRUE,39
"1.2.2.2.2.2.2.3.2.1.2.2.2.2.2.2.2.2.2.2.2.2",0.487913664267428,FALSE,TRUE,39
"1.2.2.2.2.2.2.3.2.2.1.2.2.2.2.2.2.2.2.2.2.2",0.494187851733166,FALSE,TRUE,39
"1.2.2.2.2.2.2.3.2.2.2.1.2.2.2.2.2.2.2.2.2.2",0.435436327120452,FALSE,TRUE,39
"1.2.2.2.2.2.2.3.2.2.2.2.1.2.2.2.2.2.2.2.2.2",0.425428218426587,FALSE,TRUE,39
"1.2.2.2.2.2.2.3.2.2.2.2.2.1.2.2.2.2.2.2.2.2",0.445312659747427,FALSE,TRUE,39
"1.2.2.2.2.2.2.3.2.2.2.2.2.2.1.2.2.2.2.2.2.2",0.437830174450742,FALSE,TRUE,39
"1.2.2.2.2.2.2.3.2.2.2.2.2.2.2.1.2.2.2.2.2.2",0.414255949317907,FALSE,TRUE,39
"1.2.2.2.2.2.2.3.2.2.2.2.2.2.2.2.1.2.2.2.2.2",0.448229748760145,FALSE,TRUE,37
"1.2.2.2.2.2.2.3.2.2.2.2.2.2.2.2.2.1.2.2.2.2",0.400036749450304,FALSE,TRUE,39
"1.2.2.2.2.2.2.3.2.2.2.2.2.2.2.2.2.2.1.2.2.2",0.42483178355936,FALSE,TRUE,39
"1.2.2.2.2.2.2.3.2.2.2.2.2.2.2.2.2.2.2.1.2.2",0.421843184308257,FALSE,TRUE,39
"1.2.2.2.2.2.2.3.2.2.2.2.2.2.2.2.2.2.2.2.1.2",0.419919993753964,FALSE,TRUE,39
"1.2.2.2.2.2.2.3.2.2.2.2.2.2.2.2.2.2.2.2.2.1",0.451921253288443,FALSE,TRUE,39
"3.2.2.2.2.2.1.2.2.2.2.2.2.2.2.2.2.2.3.2.2.3",0.459048598890052,FALSE,TRUE,41
"2.3.2.2.2.2.1.2.2.2.2.2.2.2.2.2.2.2.3.2.2.3",0.463269123728081,FALSE,TRUE,41
"2.2.3.2.2.2.1.2.2.2.2.2.2.2.2.2.2.2.3.2.2.3",0.486316742290134,FALSE,TRUE,41
"2.2.2.3.2.2.1.2.2.2.2.2.2.2.2.2.2.2.3.2.2.3",0.54721199972266,FALSE,TRUE,41
"2.2.2.2.3.2.1.2.2.2.2.2.2.2.2.2.2.2.3.2.2.3",0.441313700786752,FALSE,TRUE,39
"2.2.2.2.2.3.1.2.2.2.2.2.2.2.2.2.2.2.3.2.2.3",0.424972253286736,FALSE,TRUE,41
"2.2.2.2.2.2.2.2.2.2.2.2.2.2.2.2.2.2.3.2.2.3",0.46209168577512,FALSE,TRUE,40
"2.2.2.2.2.2.1.3.2.2.2.2.2.2.2.2.2.2.3.2.2.3",0.453168398961482,FALSE,TRUE,41
"2.2.2.2.2.2.1.2.3.2.2.2.2.2.2.2.2.2.3.2.2.3",0.499591832854895,FALSE,TRUE,41
"2.2.2.2.2.2.1.2.2.3.2.2.2.2.2.2.2.2.3.2.2.3",0.41892382772167,FALSE,TRUE,41
"2.2.2.2.2.2.1.2.2.2.2.3.2.2.2.2.2.2.3.2.2.3",0.485742549000916,FALSE,TRUE,41
"2.2.2.2.2.2.1.2.2.2.2.2.3.2.2.2.2.2.3.2.2.3",0.48911349995254,FALSE,TRUE,41
"2.2.2.2.2.2.1.2.2.2.2.2.2.3.2.2.2.2.3.2.2.3",0.458349974269797,FALSE,TRUE,41
"2.2.2.2.2.2.1.2.2.2.2.2.2.2.3.2.2.2.3.2.2.3",0.43688736404441,FALSE,TRUE,41
"2.2.2.2.2.2.1.2.2.2.2.2.2.2.2.3.2.2.3.2.2.3",0.473288602844805,FALSE,TRUE,40
"2.2.2.2.2.2.1.2.2.2.2.2.2.2.2.2.3.2.3.2.2.3",0.444707225657431,FALSE,TRUE,41
"2.2.2.2.2.2.1.2.2.2.2.2.2.2.2.2.2.3.3.2.2.3",0.443141051378635,FALSE,TRUE,41
"2.2.2.2.2.2.1.2.2.2.2.2.2.2.2.2.2.2.4.2.2.3",0.444375133401482,FALSE,TRUE,41
"2.2.2.2.2.2.1.2.2.2.2.2.2.2.2.2.2.2.3.3.2.3",0.489413745998993,FALSE,TRUE,41
"2.2.2.2.2.2.1.2.2.2.2.2.2.2.2.2.2.2.3.2.2.4",0.438690394900854,FALSE,TRUE,42
"1.2.2.2.2.2.1.2.2.2.2.2.2.2.2.2.2.2.3.2.2.3",0.430117942938244,FALSE,TRUE,40
"2.1.2.2.2.2.1.2.2.2.2.2.2.2.2.2.2.2.3.2.2.3",0.439053299550697,FALSE,TRUE,40
"2.2.1.2.2.2.1.2.2.2.2.2.2.2.2.2.2.2.3.2.2.3",0.410386252974204,FALSE,TRUE,39
"2.2.2.1.2.2.1.2.2.2.2.2.2.2.2.2.2.2.3.2.2.3",0.355588883371663,FALSE,TRUE,40
"2.2.2.2.1.2.1.2.2.2.2.2.2.2.2.2.2.2.3.2.2.3",0.459876379450575,FALSE,TRUE,40
"2.2.2.2.2.1.1.2.2.2.2.2.2.2.2.2.2.2.3.2.2.3",0.477848244225881,FALSE,TRUE,40
"2.2.2.2.2.2.1.1.2.2.2.2.2.2.2.2.2.2.3.2.2.3",0.454987825551997,FALSE,TRUE,40
"2.2.2.2.2.2.1.2.1.2.2.2.2.2.2.2.2.2.3.2.2.3",0.397933329774035,FALSE,TRUE,40
"2.2.2.2.2.2.1.2.2.1.2.2.2.2.2.2.2.2.3.2.2.3",0.486823234603405,FALSE,TRUE,40
"2.2.2.2.2.2.1.2.2.2.1.2.2.2.2.2.2.2.3.2.2.3",0.527095577675505,FALSE,TRUE,40
"2.2.2.2.2.2.1.2.2.2.2.1.2.2.2.2.2.2.3.2.2.3",0.421393976774547,FALSE,TRUE,40
"2.2.2.2.2.2.1.2.2.2.2.2.1.2.2.2.2.2.3.2.2.3",0.4056330002433,FALSE,TRUE,40
"2.2.2.2.2.2.1.2.2.2.2.2.2.1.2.2.2.2.3.2.2.3",0.440853233755715,FALSE,TRUE,40
"2.2.2.2.2.2.1.2.2.2.2.2.2.2.1.2.2.2.3.2.2.3",0.459272323553497,FALSE,TRUE,40
"2.2.2.2.2.2.1.2.2.2.2.2.2.2.2.1.2.2.3.2.2.3",0.4235404814536,FALSE,TRUE,40
"2.2.2.2.2.2.1.2.2.2.2.2.2.2.2.2.1.2.3.2.2.3",0.456172395511616,FALSE,TRUE,39
"2.2.2.2.2.2.1.2.2.2.2.2.2.2.2.2.2.1.3.2.2.3",0.460453534636441,FALSE,TRUE,40
"2.2.2.2.2.2.1.2.2.2.2.2.2.2.2.2.2.2.3.2.1.3",0.403316098180405,FALSE,TRUE,40
"3.2.3.2.2.3.2.2.2.2.2.2.2.2.2.2.1.2.2.2.2.2",0.480926019352598,FALSE,TRUE,40
"2.3.3.2.2.3.2.2.2.2.2.2.2.2.2.2.1.2.2.2.2.2",0.488314463766571,FALSE,TRUE,41
"2.2.4.2.2.3.2.2.2.2.2.2.2.2.2.2.1.2.2.2.2.2",0.486934815406395,FALSE,TRUE,41
"2.2.3.3.2.3.2.2.2.2.2.2.2.2.2.2.1.2.2.2.2.2",0.577217414846869,FALSE,TRUE,41
"2.2.3.2.3.3.2.2.2.2.2.2.2.2.2.2.1.2.2.2.2.2",0.467629130852751,FALSE,TRUE,39
"2.2.3.2.2.4.2.2.2.2.2.2.2.2.2.2.1.2.2.2.2.2",0.422686528164505,FALSE,TRUE,41
"2.2.3.2.2.3.3.2.2.2.2.2.2.2.2.2.1.2.2.2.2.2",0.479439765292976,FALSE,TRUE,42
"2.2.3.2.2.3.2.3.2.2.2.2.2.2.2.2.1.2.2.2.2.2",0.486486810657138,FALSE,TRUE,41
"2.2.3.2.2.3.2.2.3.2.2.2.2.2.2.2.1.2.2.2.2.2",0.516254198778144,FALSE,TRUE,41
"2.2.3.2.2.3.2.2.2.3.2.2.2.2.2.2.1.2.2.2.2.2",0.433690991808318,FALSE,TRUE,41
"2.2.3.2.2.3.2.2.2.2.3.2.2.2.2.2.1.2.2.2.2.2",0.409695197817804,FALSE,TRUE,41
"2.2.3.2.2.3.2.2.2.2.2.3.2.2.2.2.1.2.2.2.2.2",0.497092019722533,FALSE,TRUE,41
"2.2.3.2.2.3.2.2.2.2.2.2.3.2.2.2.1.2.2.2.2.2",0.502381790148111,FALSE,TRUE,41
"2.2.3.2.2.3.2.2.2.2.2.2.2.3.2.2.1.2.2.2.2.2",0.47001162503874,FALSE,TRUE,41
"2.2.3.2.2.3.2.2.2.2.2.2.2.2.3.2.1.2.2.2.2.2",0.450805079305738,FALSE,TRUE,41
"2.2.3.2.2.3.2.2.2.2.2.2.2.2.2.3.1.2.2.2.2.2",0.519957056994579,FALSE,TRUE,41
"2.2.3.2.2.3.2.2.2.2.2.2.2.2.2.2.2.2.2.2.2.2",0.481475224447535,FALSE,TRUE,40
"2.2.3.2.2.3.2.2.2.2.2.2.2.2.2.2.1.3.2.2.2.2",0.501529097696701,FALSE,TRUE,41
"2.2.3.2.2.3.2.2.2.2.2.2.2.2.2.2.1.2.3.2.2.2",0.475414867015241,FALSE,TRUE,41
"2.2.3.2.2.3.2.2.2.2.2.2.2.2.2.2.1.2.2.3.2.2",0.520581175914881,FALSE,TRUE,41
"2.2.3.2.2.3.2.2.2.2.2.2.2.2.2.2.1.2.2.2.3.2",0.491481383396342,FALSE,TRUE,41
"2.2.3.2.2.3.2.2.2.2.2.2.2.2.2.2.1.2.2.2.2.3",0.447784062630436,FALSE,TRUE,41
"1.2.3.2.2.3.2.2.2.2.2.2.2.2.2.2.1.2.2.2.2.2",0.440319762005043,FALSE,TRUE,40
"2.1.3.2.2.3.2.2.2.2.2.2.2.2.2.2.1.2.2.2.2.2",0.445960543367238,FALSE,TRUE,40
"2.2.2.2.2.3.2.2.2.2.2.2.2.2.2.2.1.2.2.2.2.2",0.447420797824723,FALSE,TRUE,38
"2.2.3.1.2.3.2.2.2.2.2.2.2.2.2.2.1.2.2.2.2.2",0.363026069196726,FALSE,TRUE,40
"2.2.3.2.1.3.2.2.2.2.2.2.2.2.2.2.1.2.2.2.2.2",0.471968729311322,FALSE,TRUE,39
"2.2.3.2.2.3.2.1.2.2.2.2.2.2.2.2.1.2.2.2.2.2",0.456023578688254,FALSE,TRUE,40
"2.2.3.2.2.3.2.2.1.2.2.2.2.2.2.2.1.2.2.2.2.2",0.421103603852881,FALSE,TRUE,40
"2.2.3.2.2.3.2.2.2.1.2.2.2.2.2.2.1.2.2.2.2.2",0.506612188910805,FALSE,TRUE,40
"2.2.3.2.2.3.2.2.2.2.1.2.2.2.2.2.1.2.2.2.2.2",0.531742193282038,FALSE,TRUE,40
"2.2.3.2.2.3.2.2.2.2.2.1.2.2.2.2.1.2.2.2.2.2",0.447732630185124,FALSE,TRUE,39
"2.2.3.2.2.3.2.2.2.2.2.2.1.2.2.2.1.2.2.2.2.2",0.426048526823366,FALSE,TRUE,40
"2.2.3.2.2.3.2.2.2.2.2.2.2.1.2.2.1.2.2.2.2.2",0.467383345284925,FALSE,TRUE,40
"2.2.3.2.2.3.2.2.2.2.2.2.2.2.1.2.1.2.2.2.2.2",0.478985386404655,FALSE,TRUE,40
"2.2.3.2.2.3.2.2.2.2.2.2.2.2.2.1.1.2.2.2.2.2",0.412410286681539,FALSE,TRUE,40
"2.2.3.2.2.3.2.2.2.2.2.2.2.2.2.2.1.1.2.2.2.2",0.434958964490147,FALSE,TRUE,40
"2.2.3.2.2.3.2.2.2.2.2.2.2.2.2.2.1.2.1.2.2.2",0.463226300745197,FALSE,TRUE,40
"2.2.3.2.2.3.2.2.2.2.2.2.2.2.2.2.1.2.2.1.2.2",0.430382700777416,FALSE,TRUE,40
"2.2.3.2.2.3.2.2.2.2.2.2.2.2.2.2.1.2.2.2.1.2",0.448471125771745,FALSE,TRUE,40
"2.2.3.2.2.3.2.2.2.2.2.2.2.2.2.2.1.2.2.2.2.1",0.487502111973803,FALSE,TRUE,40
"3.2.3.2.2.3.1.2.2.2.2.1.2.2.2.2.1.2.2.2.2.2",0.431501508519456,FALSE,TRUE,37
"2.3.3.2.2.3.1.2.2.2.2.1.2.2.2.2.1.2.2.2.2.2",0.443925652666028,FALSE,TRUE,38
"2.2.4.2.2.3.1.2.2.2.2.1.2.2.2.2.1.2.2.2.2.2",0.430518493148797,FALSE,TRUE,38
"2.2.3.3.2.3.1.2.2.2.2.1.2.2.2.2.1.2.2.2.2.2",0.515279340522582,FALSE,TRUE,38
"2.2.3.2.3.3.1.2.2.2.2.1.2.2.2.2.1.2.2.2.2.2",0.418600461039728,FALSE,TRUE,39
"2.2.3.2.2.4.1.2.2.2.2.1.2.2.2.2.1.2.2.2.2.2",0.353348425565683,FALSE,TRUE,38
"2.2.3.2.2.3.1.3.2.2.2.1.2.2.2.2.1.2.2.2.2.2",0.441465943191966,FALSE,TRUE,38
"2.2.3.2.2.3.1.2.3.2.2.1.2.2.2.2.1.2.2.2.2.2",0.463562467920772,FALSE,TRUE,38
"2.2.3.2.2.3.1.2.2.3.2.1.2.2.2.2.1.2.2.2.2.2",0.384903980290379,FALSE,TRUE,38
"2.2.3.2.2.3.1.2.2.2.3.1.2.2.2.2.1.2.2.2.2.2",0.346134596968932,FALSE,TRUE,38
"2.2.3.2.2.3.1.2.2.2.2.1.3.2.2.2.1.2.2.2.2.2",0.457276626013575,FALSE,TRUE,38
"2.2.3.2.2.3.1.2.2.2.2.1.2.3.2.2.1.2.2.2.2.2",0.429714533027106,FALSE,TRUE,38
"2.2.3.2.2.3.1.2.2.2.2.1.2.2.3.2.1.2.2.2.2.2",0.406022801628788,FALSE,TRUE,38
"2.2.3.2.2.3.1.2.2.2.2.1.2.2.2.3.1.2.2.2.2.2",0.478035237195636,FALSE,TRUE,38
"2.2.3.2.2.3.1.2.2.2.2.1.2.2.2.2.2.2.2.2.2.2",0.420108597415791,FALSE,TRUE,39
"2.2.3.2.2.3.1.2.2.2.2.1.2.2.2.2.1.3.2.2.2.2",0.422599263346618,FALSE,TRUE,38
"2.2.3.2.2.3.1.2.2.2.2.1.2.2.2.2.1.2.3.2.2.2",0.413714433072861,FALSE,TRUE,38
"2.2.3.2.2.3.1.2.2.2.2.1.2.2.2.2.1.2.2.3.2.2",0.462772284279658,FALSE,TRUE,38
"2.2.3.2.2.3.1.2.2.2.2.1.2.2.2.2.1.2.2.2.3.2",0.454904805157937,FALSE,TRUE,38
"2.2.3.2.2.3.1.2.2.2.2.1.2.2.2.2.1.2.2.2.2.3",0.408247254676122,FALSE,TRUE,38
"1.2.3.2.2.3.1.2.2.2.2.1.2.2.2.2.1.2.2.2.2.2",0.372324903493521,FALSE,TRUE,37
"2.1.3.2.2.3.1.2.2.2.2.1.2.2.2.2.1.2.2.2.2.2",0.374198846899552,FALSE,TRUE,37
"2.2.2.2.2.3.1.2.2.2.2.1.2.2.2.2.1.2.2.2.2.2",0.385560764107611,FALSE,TRUE,37
"2.2.3.1.2.3.1.2.2.2.2.1.2.2.2.2.1.2.2.2.2.2",0.307520809576963,FALSE,TRUE,37
"2.2.3.2.2.3.1.1.2.2.2.1.2.2.2.2.1.2.2.2.2.2",0.381410143998633,FALSE,TRUE,37
"2.2.3.2.2.3.1.2.1.2.2.1.2.2.2.2.1.2.2.2.2.2",0.354789708842486,FALSE,TRUE,37
"2.2.3.2.2.3.1.2.2.1.2.1.2.2.2.2.1.2.2.2.2.2",0.434803465004317,FALSE,TRUE,37
"2.2.3.2.2.3.1.2.2.2.1.1.2.2.2.2.1.2.2.2.2.2",0.477126816928015,FALSE,TRUE,37
"2.2.3.2.2.3.1.2.2.2.2.1.1.2.2.2.1.2.2.2.2.2",0.35590409788464,FALSE,TRUE,37
"2.2.3.2.2.3.1.2.2.2.2.1.2.1.2.2.1.2.2.2.2.2",0.387847441983913,FALSE,TRUE,37
"2.2.3.2.2.3.1.2.2.2.2.1.2.2.1.2.1.2.2.2.2.2",0.405197663275618,FALSE,TRUE,37
"2.2.3.2.2.3.1.2.2.2.2.1.2.2.2.1.1.2.2.2.2.2",0.336130215337176,FALSE,TRUE,37
"2.2.3.2.2.3.1.2.2.2.2.1.2.2.2.2.1.1.2.2.2.2",0.393139794251756,FALSE,TRUE,37
"2.2.3.2.2.3.1.2.2.2.2.1.2.2.2.2.1.2.1.2.2.2",0.404127760612558,FALSE,TRUE,37
"2.2.3.2.2.3.1.2.2.2.2.1.2.2.2.2.1.2.2.1.2.2",0.367008666551215,FALSE,TRUE,37
"2.2.3.2.2.3.1.2.2.2.2.1.2.2.2.2.1.2.2.2.1.2",0.364619971891238,FALSE,TRUE,37
"2.2.3.2.2.3.1.2.2.2.2.1.2.2.2.2.1.2.2.2.2.1",0.405107777175143,FALSE,TRUE,37
"3.2.2.2.2.2.1.2.2.2.2.2.2.1.2.2.2.2.3.2.2.2",0.441113554009603,FALSE,TRUE,40
"2.3.2.2.2.2.1.2.2.2.2.2.2.1.2.2.2.2.3.2.2.2",0.436053529200717,FALSE,TRUE,40
"2.2.3.2.2.2.1.2.2.2.2.2.2.1.2.2.2.2.3.2.2.2",0.46456539557148,FALSE,TRUE,40
"2.2.2.3.2.2.1.2.2.2.2.2.2.1.2.2.2.2.3.2.2.2",0.517067935600799,FALSE,TRUE,40
"2.2.2.2.3.2.1.2.2.2.2.2.2.1.2.2.2.2.3.2.2.2",0.425412092185275,FALSE,TRUE,38
"2.2.2.2.2.3.1.2.2.2.2.2.2.1.2.2.2.2.3.2.2.2",0.398583738184037,FALSE,TRUE,40
"2.2.2.2.2.2.2.2.2.2.2.2.2.1.2.2.2.2.3.2.2.2",0.458760267808736,FALSE,TRUE,39
"2.2.2.2.2.2.1.3.2.2.2.2.2.1.2.2.2.2.3.2.2.2",0.45289224327346,FALSE,TRUE,40
"2.2.2.2.2.2.1.2.3.2.2.2.2.1.2.2.2.2.3.2.2.2",0.485066870597052,FALSE,TRUE,40
"2.2.2.2.2.2.1.2.2.3.2.2.2.1.2.2.2.2.3.2.2.2",0.404140227294694,FALSE,TRUE,40
"2.2.2.2.2.2.1.2.2.2.2.3.2.1.2.2.2.2.3.2.2.2",0.473450349726218,FALSE,TRUE,40
"2.2.2.2.2.2.1.2.2.2.2.2.3.1.2.2.2.2.3.2.2.2",0.465519917296317,FALSE,TRUE,40
"2.2.2.2.2.2.1.2.2.2.2.2.2.1.3.2.2.2.3.2.2.2",0.420720253325204,FALSE,TRUE,40
"2.2.2.2.2.2.1.2.2.2.2.2.2.1.2.3.2.2.3.2.2.2",0.445759714375033,FALSE,TRUE,39
"2.2.2.2.2.2.1.2.2.2.2.2.2.1.2.2.3.2.3.2.2.2",0.403285009600924,FALSE,TRUE,40
"2.2.2.2.2.2.1.2.2.2.2.2.2.1.2.2.2.3.3.2.2.2",0.397026193198765,FALSE,TRUE,40
"2.2.2.2.2.2.1.2.2.2.2.2.2.1.2.2.2.2.4.2.2.2",0.408026955224987,FALSE,TRUE,40
"2.2.2.2.2.2.1.2.2.2.2.2.2.1.2.2.2.2.3.3.2.2",0.461569268094667,FALSE,TRUE,40
"1.2.2.2.2.2.1.2.2.2.2.2.2.1.2.2.2.2.3.2.2.2",0.389711246325208,FALSE,TRUE,39
"2.1.2.2.2.2.1.2.2.2.2.2.2.1.2.2.2.2.3.2.2.2",0.408339865303602,FALSE,TRUE,39
"2.2.1.2.2.2.1.2.2.2.2.2.2.1.2.2.2.2.3.2.2.2",0.37607815231905,FALSE,TRUE,38
"2.2.2.1.2.2.1.2.2.2.2.2.2.1.2.2.2.2.3.2.2.2",0.328331027478448,FALSE,TRUE,39
"2.2.2.2.1.2.1.2.2.2.2.2.2.1.2.2.2.2.3.2.2.2",0.417927590538845,FALSE,TRUE,39
"2.2.2.2.2.1.1.2.2.2.2.2.2.1.2.2.2.2.3.2.2.2",0.445696956347788,FALSE,TRUE,39
"2.2.2.2.2.2.1.1.2.2.2.2.2.1.2.2.2.2.3.2.2.2",0.398250875818714,FALSE,TRUE,39
"2.2.2.2.2.2.1.2.1.2.2.2.2.1.2.2.2.2.3.2.2.2",0.35645326658161,FALSE,TRUE,39
"2.2.2.2.2.2.1.2.2.1.2.2.2.1.2.2.2.2.3.2.2.2",0.443406925559764,FALSE,TRUE,39
"2.2.2.2.2.2.1.2.2.2.1.2.2.1.2.2.2.2.3.2.2.2",0.495050230774191,FALSE,TRUE,39
"2.2.2.2.2.2.1.2.2.2.2.1.2.1.2.2.2.2.3.2.2.2",0.376751967421044,FALSE,TRUE,39
"2.2.2.2.2.2.1.2.2.2.2.2.1.1.2.2.2.2.3.2.2.2",0.370970366258673,FALSE,TRUE,39
"2.2.2.2.2.2.1.2.2.2.2.2.2.1.1.2.2.2.3.2.2.2",0.416020382413374,FALSE,TRUE,39
"2.2.2.2.2.2.1.2.2.2.2.2.2.1.2.1.2.2.3.2.2.2",0.392594962585211,FALSE,TRUE,39
"2.2.2.2.2.2.1.2.2.2.2.2.2.1.2.2.1.2.3.2.2.2",0.439195529230084,FALSE,TRUE,38
"2.2.2.2.2.2.1.2.2.2.2.2.2.1.2.2.2.1.3.2.2.2",0.4476975984498,FALSE,TRUE,39
"2.2.2.2.2.2.1.2.2.2.2.2.2.1.2.2.2.2.3.2.1.2",0.350481398680365,FALSE,TRUE,39
"2.2.2.2.2.2.1.2.2.2.2.2.2.1.2.2.2.2.3.2.2.1",0.397904759514465,FALSE,TRUE,39
"3.2.2.2.2.2.1.3.2.2.2.2.2.2.2.2.1.2.2.2.2.2",0.475922821565143,FALSE,TRUE,39
"2.3.2.2.2.2.1.3.2.2.2.2.2.2.2.2.1.2.2.2.2.2",0.481247435010282,FALSE,TRUE,40
"2.2.2.3.2.2.1.3.2.2.2.2.2.2.2.2.1.2.2.2.2.2",0.556465190976311,FALSE,TRUE,40
"2.2.2.2.3.2.1.3.2.2.2.2.2.2.2.2.1.2.2.2.2.2",0.473825932215997,FALSE,TRUE,39
"2.2.2.2.2.3.1.3.2.2.2.2.2.2.2.2.1.2.2.2.2.2",0.427027620930074,FALSE,TRUE,39
"2.2.2.2.2.2.2.3.2.2.2.2.2.2.2.2.1.2.2.2.2.2",0.484870690774807,FALSE,TRUE,38
"2.2.2.2.2.2.1.4.2.2.2.2.2.2.2.2.1.2.2.2.2.2",0.457425646881334,FALSE,TRUE,41
"2.2.2.2.2.2.1.3.3.2.2.2.2.2.2.2.1.2.2.2.2.2",0.501260720537711,FALSE,TRUE,40
"2.2.2.2.2.2.1.3.2.3.2.2.2.2.2.2.1.2.2.2.2.2",0.409940743254929,FALSE,TRUE,40
"2.2.2.2.2.2.1.3.2.2.3.2.2.2.2.2.1.2.2.2.2.2",0.399101214772202,FALSE,TRUE,40
"2.2.2.2.2.2.1.3.2.2.2.3.2.2.2.2.1.2.2.2.2.2",0.472804358119777,FALSE,TRUE,40
"2.2.2.2.2.2.1.3.2.2.2.2.3.2.2.2.1.2.2.2.2.2",0.473932349954742,FALSE,TRUE,40
"2.2.2.2.2.2.1.3.2.2.2.2.2.3.2.2.1.2.2.2.2.2",0.450079853298813,FALSE,TRUE,40
"2.2.2.2.2.2.1.3.2.2.2.2.2.2.3.2.1.2.2.2.2.2",0.451723238218712,FALSE,TRUE,40
"2.2.2.2.2.2.1.3.2.2.2.2.2.2.2.2.1.3.2.2.2.2",0.494452673730281,FALSE,TRUE,40
"2.2.2.2.2.2.1.3.2.2.2.2.2.2.2.2.1.2.3.2.2.2",0.478510368286384,FALSE,TRUE,39
"2.2.2.2.2.2.1.3.2.2.2.2.2.2.2.2.1.2.2.3.2.2",0.490804539784395,FALSE,TRUE,40
"2.2.2.2.2.2.1.3.2.2.2.2.2.2.2.2.1.2.2.2.3.2",0.493675157371523,FALSE,TRUE,40
"2.2.2.2.2.2.1.3.2.2.2.2.2.2.2.2.1.2.2.2.2.3",0.445334240508371,FALSE,TRUE,40
"1.2.2.2.2.2.1.3.2.2.2.2.2.2.2.2.1.2.2.2.2.2",0.422708640053093,FALSE,TRUE,37
"2.1.2.2.2.2.1.3.2.2.2.2.2.2.2.2.1.2.2.2.2.2",0.430657646523084,FALSE,TRUE,39
"2.2.1.2.2.2.1.3.2.2.2.2.2.2.2.2.1.2.2.2.2.2",0.396241268659297,FALSE,TRUE,38
"2.2.2.1.2.2.1.3.2.2.2.2.2.2.2.2.1.2.2.2.2.2",0.358392695779789,FALSE,TRUE,39
"2.2.2.2.1.2.1.3.2.2.2.2.2.2.2.2.1.2.2.2.2.2",0.439434261524211,FALSE,TRUE,39
"2.2.2.2.2.1.1.3.2.2.2.2.2.2.2.2.1.2.2.2.2.2",0.48698557174838,FALSE,TRUE,39
"2.2.2.2.2.2.1.3.1.2.2.2.2.2.2.2.1.2.2.2.2.2",0.408769233077143,FALSE,TRUE,39
"2.2.2.2.2.2.1.3.2.1.2.2.2.2.2.2.1.2.2.2.2.2",0.50428714519338,FALSE,TRUE,39
"2.2.2.2.2.2.1.3.2.2.1.2.2.2.2.2.1.2.2.2.2.2",0.517877508370313,FALSE,TRUE,39
"2.2.2.2.2.2.1.3.2.2.2.1.2.2.2.2.1.2.2.2.2.2",0.443976491831908,FALSE,TRUE,39
"2.2.2.2.2.2.1.3.2.2.2.2.1.2.2.2.1.2.2.2.2.2",0.429774858218771,FALSE,TRUE,39
"2.2.2.2.2.2.1.3.2.2.2.2.2.1.2.2.1.2.2.2.2.2",0.461084018243465,FALSE,TRUE,39
"2.2.2.2.2.2.1.3.2.2.2.2.2.2.1.2.1.2.2.2.2.2",0.455486702869888,FALSE,TRUE,39
"2.2.2.2.2.2.1.3.2.2.2.2.2.2.2.1.1.2.2.2.2.2",0.408575706921965,FALSE,TRUE,39
"2.2.2.2.2.2.1.3.2.2.2.2.2.2.2.2.1.1.2.2.2.2",0.417899725432509,FALSE,TRUE,39
"2.2.2.2.2.2.1.3.2.2.2.2.2.2.2.2.1.2.1.2.2.2",0.434609148287698,FALSE,TRUE,39
"2.2.2.2.2.2.1.3.2.2.2.2.2.2.2.2.1.2.2.1.2.2",0.435137013668044,FALSE,TRUE,39
"2.2.2.2.2.2.1.3.2.2.2.2.2.2.2.2.1.2.2.2.1.2",0.422600763514331,FALSE,TRUE,39
"2.2.2.2.2.2.1.3.2.2.2.2.2.2.2.2.1.2.2.2.2.1",0.464806350603625,FALSE,TRUE,39
"3.2.2.2.3.2.2.2.2.2.1.2.2.1.2.2.1.3.2.2.2.2",0.522583510979425,FALSE,TRUE,39
"2.3.2.2.3.2.2.2.2.2.1.2.2.1.2.2.1.3.2.2.2.2",0.56139095263478,FALSE,TRUE,39
"2.2.3.2.3.2.2.2.2.2.1.2.2.1.2.2.1.3.2.2.2.2",0.571921936246714,FALSE,TRUE,39
"2.2.2.3.3.2.2.2.2.2.1.2.2.1.2.2.1.3.2.2.2.2",0.632181333552544,FALSE,TRUE,39
"2.2.2.2.4.2.2.2.2.2.1.2.2.1.2.2.1.3.2.2.2.2",0.516483600050047,FALSE,TRUE,39
"2.2.2.2.3.3.2.2.2.2.1.2.2.1.2.2.1.3.2.2.2.2",0.498484194854189,FALSE,TRUE,39
"2.2.2.2.3.2.3.2.2.2.1.2.2.1.2.2.1.3.2.2.2.2",0.548840361989159,FALSE,TRUE,39
"2.2.2.2.3.2.2.3.2.2.1.2.2.1.2.2.1.3.2.2.2.2",0.575715992475256,FALSE,TRUE,39
"2.2.2.2.3.2.2.2.3.2.1.2.2.1.2.2.1.3.2.2.2.2",0.567191186878258,FALSE,TRUE,39
"2.2.2.2.3.2.2.2.2.3.1.2.2.1.2.2.1.3.2.2.2.2",0.496260724287391,FALSE,TRUE,39
"2.2.2.2.3.2.2.2.2.2.1.3.2.1.2.2.1.3.2.2.2.2",0.567151050182879,FALSE,TRUE,39
"2.2.2.2.3.2.2.2.2.2.1.2.3.1.2.2.1.3.2.2.2.2",0.573198231662771,FALSE,TRUE,39
"2.2.2.2.3.2.2.2.2.2.1.2.2.1.3.2.1.3.2.2.2.2",0.502666810823611,FALSE,TRUE,39
"2.2.2.2.3.2.2.2.2.2.1.2.2.1.2.3.1.3.2.2.2.2",0.553867661346669,FALSE,TRUE,39
"2.2.2.2.3.2.2.2.2.2.1.2.2.1.2.2.2.3.2.2.2.2",0.509270332738545,FALSE,TRUE,40
"2.2.2.2.3.2.2.2.2.2.1.2.2.1.2.2.1.4.2.2.2.2",0.514143979941822,FALSE,TRUE,39
"2.2.2.2.3.2.2.2.2.2.1.2.2.1.2.2.1.3.3.2.2.2",0.515032466924745,FALSE,TRUE,39
"2.2.2.2.3.2.2.2.2.2.1.2.2.1.2.2.1.3.2.3.2.2",0.579482936553594,FALSE,TRUE,39
"2.2.2.2.3.2.2.2.2.2.1.2.2.1.2.2.1.3.2.2.3.2",0.580267858505241,FALSE,TRUE,39
"2.2.2.2.3.2.2.2.2.2.1.2.2.1.2.2.1.3.2.2.2.3",0.530682884466634,FALSE,TRUE,39
"1.2.2.2.3.2.2.2.2.2.1.2.2.1.2.2.1.3.2.2.2.2",0.513543926207181,FALSE,TRUE,38
"2.1.2.2.3.2.2.2.2.2.1.2.2.1.2.2.1.3.2.2.2.2",0.487922791899556,FALSE,TRUE,38
"2.2.1.2.3.2.2.2.2.2.1.2.2.1.2.2.1.3.2.2.2.2",0.475397027452667,FALSE,TRUE,38
"2.2.2.1.3.2.2.2.2.2.1.2.2.1.2.2.1.3.2.2.2.2",0.42135891659016,FALSE,TRUE,38
"2.2.2.2.2.2.2.2.2.2.1.2.2.1.2.2.1.3.2.2.2.2",0.538836256081889,FALSE,TRUE,39
"2.2.2.2.3.1.2.2.2.2.1.2.2.1.2.2.1.3.2.2.2.2",0.554571329304641,FALSE,TRUE,38
"2.2.2.2.3.2.1.2.2.2.1.2.2.1.2.2.1.3.2.2.2.2",0.503727196299781,FALSE,TRUE,38
"2.2.2.2.3.2.2.1.2.2.1.2.2.1.2.2.1.3.2.2.2.2",0.482027870902884,FALSE,TRUE,38
"2.2.2.2.3.2.2.2.1.2.1.2.2.1.2.2.1.3.2.2.2.2",0.481880211304781,FALSE,TRUE,38
"2.2.2.2.3.2.2.2.2.1.1.2.2.1.2.2.1.3.2.2.2.2",0.560518307834209,FALSE,TRUE,38
"2.2.2.2.3.2.2.2.2.2.1.1.2.1.2.2.1.3.2.2.2.2",0.495198076098779,FALSE,TRUE,38
"2.2.2.2.3.2.2.2.2.2.1.2.1.1.2.2.1.3.2.2.2.2",0.47245124403564,FALSE,TRUE,38
"2.2.2.2.3.2.2.2.2.2.1.2.2.1.1.2.1.3.2.2.2.2",0.540614312750459,FALSE,TRUE,38
"2.2.2.2.3.2.2.2.2.2.1.2.2.1.2.1.1.3.2.2.2.2",0.487804729400761,FALSE,TRUE,38
"2.2.2.2.3.2.2.2.2.2.1.2.2.1.2.2.1.2.2.2.2.2",0.534462569007728,FALSE,TRUE,38
"2.2.2.2.3.2.2.2.2.2.1.2.2.1.2.2.1.3.1.2.2.2",0.540110163867846,FALSE,TRUE,38
"2.2.2.2.3.2.2.2.2.2.1.2.2.1.2.2.1.3.2.1.2.2",0.484178902487317,FALSE,TRUE,38
"2.2.2.2.3.2.2.2.2.2.1.2.2.1.2.2.1.3.2.2.1.2",0.469907936954433,FALSE,TRUE,38
"2.2.2.2.3.2.2.2.2.2.1.2.2.1.2.2.1.3.2.2.2.1",0.517193560845962,FALSE,TRUE,38
"1.3.2.2.2.2.2.2.2.2.2.2.1.2.2.2.2.2.2.2.2.2",0.418048938375193,FALSE,TRUE,40
"1.2.3.2.2.2.2.2.2.2.2.2.1.2.2.2.2.2.2.2.2.2",0.439857774704677,FALSE,TRUE,40
"1.2.2.3.2.2.2.2.2.2.2.2.1.2.2.2.2.2.2.2.2.2",0.495350159123466,FALSE,TRUE,40
"1.2.2.2.3.2.2.2.2.2.2.2.1.2.2.2.2.2.2.2.2.2",0.411466754854737,FALSE,TRUE,39
"1.2.2.2.2.3.2.2.2.2.2.2.1.2.2.2.2.2.2.2.2.2",0.390010493868215,FALSE,TRUE,40
"1.2.2.2.2.2.3.2.2.2.2.2.1.2.2.2.2.2.2.2.2.2",0.436570831683709,FALSE,TRUE,40
"1.2.2.2.2.2.2.2.3.2.2.2.1.2.2.2.2.2.2.2.2.2",0.467316732216914,FALSE,TRUE,39
"1.2.2.2.2.2.2.2.2.3.2.2.1.2.2.2.2.2.2.2.2.2",0.391340260681178,FALSE,TRUE,40
"1.2.2.2.2.2.2.2.2.2.3.2.1.2.2.2.2.2.2.2.2.2",0.353548734099528,FALSE,TRUE,40
"1.2.2.2.2.2.2.2.2.2.2.3.1.2.2.2.2.2.2.2.2.2",0.446866967578254,FALSE,TRUE,40
"1.2.2.2.2.2.2.2.2.2.2.2.1.3.2.2.2.2.2.2.2.2",0.428851909932785,FALSE,TRUE,40
"1.2.2.2.2.2.2.2.2.2.2.2.1.2.3.2.2.2.2.2.2.2",0.414285392134368,FALSE,TRUE,40
"1.2.2.2.2.2.2.2.2.2.2.2.1.2.2.3.2.2.2.2.2.2",0.434751728191763,FALSE,TRUE,40
"1.2.2.2.2.2.2.2.2.2.2.2.1.2.2.2.3.2.2.2.2.2",0.398362645161593,FALSE,TRUE,40
"1.2.2.2.2.2.2.2.2.2.2.2.1.2.2.2.2.3.2.2.2.2",0.415521301615217,FALSE,TRUE,40
"1.2.2.2.2.2.2.2.2.2.2.2.1.2.2.2.2.2.3.2.2.2",0.414053056845332,FALSE,TRUE,40
"1.2.2.2.2.2.2.2.2.2.2.2.1.2.2.2.2.2.2.3.2.2",0.447121807078882,FALSE,TRUE,40
"1.2.2.2.2.2.2.2.2.2.2.2.1.2.2.2.2.2.2.2.3.2",0.450669621592801,FALSE,TRUE,40
"1.2.2.2.2.2.2.2.2.2.2.2.1.2.2.2.2.2.2.2.2.3",0.40881927255299,FALSE,TRUE,40
"1.1.2.2.2.2.2.2.2.2.2.2.1.2.2.2.2.2.2.2.2.2",0.40489577056477,FALSE,TRUE,38
"1.2.1.2.2.2.2.2.2.2.2.2.1.2.2.2.2.2.2.2.2.2",0.37784247552224,FALSE,TRUE,39
"1.2.2.1.2.2.2.2.2.2.2.2.1.2.2.2.2.2.2.2.2.2",0.328663744616093,FALSE,TRUE,39
"1.2.2.2.1.2.2.2.2.2.2.2.1.2.2.2.2.2.2.2.2.2",0.410989478280264,FALSE,TRUE,39
"1.2.2.2.2.1.2.2.2.2.2.2.1.2.2.2.2.2.2.2.2.2",0.432691751188742,FALSE,TRUE,39
"1.2.2.2.2.2.1.2.2.2.2.2.1.2.2.2.2.2.2.2.2.2",0.390370034748108,FALSE,TRUE,38
"1.2.2.2.2.2.2.1.2.2.2.2.1.2.2.2.2.2.2.2.2.2",0.403059756789221,FALSE,TRUE,39
"1.2.2.2.2.2.2.2.1.2.2.2.1.2.2.2.2.2.2.2.2.2",0.355021450031442,FALSE,TRUE,39
"1.2.2.2.2.2.2.2.2.1.2.2.1.2.2.2.2.2.2.2.2.2",0.433490704730927,FALSE,TRUE,39
"1.2.2.2.2.2.2.2.2.2.1.2.1.2.2.2.2.2.2.2.2.2",0.473613164899233,FALSE,TRUE,39
"1.2.2.2.2.2.2.2.2.2.2.1.1.2.2.2.2.2.2.2.2.2",0.38165583868606,FALSE,TRUE,39
"1.2.2.2.2.2.2.2.2.2.2.2.1.1.2.2.2.2.2.2.2.2",0.391547125718457,FALSE,TRUE,39
"1.2.2.2.2.2.2.2.2.2.2.2.1.2.1.2.2.2.2.2.2.2",0.402932850036924,FALSE,TRUE,39
"1.2.2.2.2.2.2.2.2.2.2.2.1.2.2.1.2.2.2.2.2.2",0.385317173539707,FALSE,TRUE,39
"1.2.2.2.2.2.2.2.2.2.2.2.1.2.2.2.1.2.2.2.2.2",0.420096890390216,FALSE,TRUE,39
"1.2.2.2.2.2.2.2.2.2.2.2.1.2.2.2.2.1.2.2.2.2",0.407427713906111,FALSE,TRUE,39
"1.2.2.2.2.2.2.2.2.2.2.2.1.2.2.2.2.2.1.2.2.2",0.407222572159238,FALSE,TRUE,39
"1.2.2.2.2.2.2.2.2.2.2.2.1.2.2.2.2.2.2.1.2.2",0.388589102020898,FALSE,TRUE,39
"1.2.2.2.2.2.2.2.2.2.2.2.1.2.2.2.2.2.2.2.1.2",0.375551006681644,FALSE,TRUE,39
"1.2.2.2.2.2.2.2.2.2.2.2.1.2.2.2.2.2.2.2.2.1",0.410072887944955,FALSE,TRUE,39
"3.2.1.2.2.2.1.1.2.2.2.1.2.2.2.2.2.2.2.3.2.2",0.354332010462152,FALSE,TRUE,37
"2.3.1.2.2.2.1.1.2.2.2.1.2.2.2.2.2.2.2.3.2.2",0.349963416906182,FALSE,TRUE,37
"2.2.1.3.2.2.1.1.2.2.2.1.2.2.2.2.2.2.2.3.2.2",0.410842816197583,FALSE,TRUE,37
"2.2.1.2.3.2.1.1.2.2.2.1.2.2.2.2.2.2.2.3.2.2",0.359278546460106,FALSE,TRUE,37
"2.2.1.2.2.3.1.1.2.2.2.1.2.2.2.2.2.2.2.3.2.2",0.331231420695441,FALSE,TRUE,37
"2.2.1.2.2.2.2.1.2.2.2.1.2.2.2.2.2.2.2.3.2.2",0.371741515805155,FALSE,TRUE,38
"2.2.1.2.2.2.1.2.2.2.2.1.2.2.2.2.2.2.2.3.2.2",0.36736248711303,FALSE,TRUE,37
"2.2.1.2.2.2.1.1.3.2.2.1.2.2.2.2.2.2.2.3.2.2",0.380900714475543,FALSE,TRUE,37
"2.2.1.2.2.2.1.1.2.3.2.1.2.2.2.2.2.2.2.3.2.2",0.337830912055232,FALSE,TRUE,37
"2.2.1.2.2.2.1.1.2.2.3.1.2.2.2.2.2.2.2.3.2.2",0.253268471318047,FALSE,TRUE,37
"2.2.1.2.2.2.1.1.2.2.2.1.3.2.2.2.2.2.2.3.2.2",0.356709557871161,FALSE,TRUE,37
"2.2.1.2.2.2.1.1.2.2.2.1.2.3.2.2.2.2.2.3.2.2",0.3760531795177,FALSE,TRUE,37
"2.2.1.2.2.2.1.1.2.2.2.1.2.2.3.2.2.2.2.3.2.2",0.33120198492463,FALSE,TRUE,37
"2.2.1.2.2.2.1.1.2.2.2.1.2.2.2.3.2.2.2.3.2.2",0.363545464076214,FALSE,TRUE,37
"2.2.1.2.2.2.1.1.2.2.2.1.2.2.2.2.3.2.2.3.2.2",0.335664942469926,FALSE,TRUE,37
"2.2.1.2.2.2.1.1.2.2.2.1.2.2.2.2.2.3.2.3.2.2",0.307202971689003,FALSE,TRUE,37
"2.2.1.2.2.2.1.1.2.2.2.1.2.2.2.2.2.2.3.3.2.2",0.350341109705299,FALSE,TRUE,38
"2.2.1.2.2.2.1.1.2.2.2.1.2.2.2.2.2.2.2.4.2.2",0.334837419194217,FALSE,TRUE,38
"2.2.1.2.2.2.1.1.2.2.2.1.2.2.2.2.2.2.2.3.3.2",0.414225012893269,FALSE,TRUE,37
"2.2.1.2.2.2.1.1.2.2.2.1.2.2.2.2.2.2.2.3.2.3",0.358547223713099,FALSE,TRUE,37
"1.2.1.2.2.2.1.1.2.2.2.1.2.2.2.2.2.2.2.3.2.2",0.297290679429809,FALSE,TRUE,36
"2.1.1.2.2.2.1.1.2.2.2.1.2.2.2.2.2.2.2.3.2.2",0.319822622835186,FALSE,TRUE,36
"2.2.1.1.2.2.1.1.2.2.2.1.2.2.2.2.2.2.2.3.2.2",0.263246955661948,FALSE,TRUE,36
"2.2.1.2.1.2.1.1.2.2.2.1.2.2.2.2.2.2.2.3.2.2",0.310546107897413,FALSE,TRUE,36
"2.2.1.2.2.1.1.1.2.2.2.1.2.2.2.2.2.2.2.3.2.2",0.33855665055495,FALSE,TRUE,36
"2.2.1.2.2.2.1.1.1.2.2.1.2.2.2.2.2.2.2.3.2.2",0.287571579620439,FALSE,TRUE,36
"2.2.1.2.2.2.1.1.2.1.2.1.2.2.2.2.2.2.2.3.2.2",0.332486500009646,FALSE,TRUE,36
"2.2.1.2.2.2.1.1.2.2.1.1.2.2.2.2.2.2.2.3.2.2",0.419841949147537,FALSE,TRUE,36
"2.2.1.2.2.2.1.1.2.2.2.1.1.2.2.2.2.2.2.3.2.2",0.303609511591575,FALSE,TRUE,36
"2.2.1.2.2.2.1.1.2.2.2.1.2.1.2.2.2.2.2.3.2.2",0.292800352937728,FALSE,TRUE,36
"2.2.1.2.2.2.1.1.2.2.2.1.2.2.1.2.2.2.2.3.2.2",0.329521888817842,FALSE,TRUE,36
"2.2.1.2.2.2.1.1.2.2.2.1.2.2.2.1.2.2.2.3.2.2",0.302970154614489,FALSE,TRUE,36
"2.2.1.2.2.2.1.1.2.2.2.1.2.2.2.2.1.2.2.3.2.2",0.331132989812479,FALSE,TRUE,35
"2.2.1.2.2.2.1.1.2.2.2.1.2.2.2.2.2.1.2.3.2.2",0.361452537887657,FALSE,TRUE,36
"2.2.1.2.2.2.1.1.2.2.2.1.2.2.2.2.2.2.2.3.1.2",0.257312920154486,FALSE,TRUE,36
"2.2.1.2.2.2.1.1.2.2.2.1.2.2.2.2.2.2.2.3.2.1",0.304017963618666,FALSE,TRUE,35
"3.2.2.2.3.2.2.2.2.2.2.2.2.2.2.3.2.2.3.2.2.2",0.443371311601345,FALSE,TRUE,41
"2.3.2.2.3.2.2.2.2.2.2.2.2.2.2.3.2.2.3.2.2.2",0.450392713247231,FALSE,TRUE,41
"2.2.3.2.3.2.2.2.2.2.2.2.2.2.2.3.2.2.3.2.2.2",0.479442172782087,FALSE,TRUE,41
"2.2.2.3.3.2.2.2.2.2.2.2.2.2.2.3.2.2.3.2.2.2",0.54501926585181,FALSE,TRUE,41
"2.2.2.2.4.2.2.2.2.2.2.2.2.2.2.3.2.2.3.2.2.2",0.422308948176194,FALSE,TRUE,41
"2.2.2.2.3.3.2.2.2.2.2.2.2.2.2.3.2.2.3.2.2.2",0.442008053957267,FALSE,TRUE,41
"2.2.2.2.3.2.3.2.2.2.2.2.2.2.2.3.2.2.3.2.2.2",0.444254796861963,FALSE,TRUE,42
"2.2.2.2.3.2.2.3.2.2.2.2.2.2.2.3.2.2.3.2.2.2",0.469528223092691,FALSE,TRUE,41
"2.2.2.2.3.2.2.2.3.2.2.2.2.2.2.3.2.2.3.2.2.2",0.498060280274512,FALSE,TRUE,41
"2.2.2.2.3.2.2.2.2.3.2.2.2.2.2.3.2.2.3.2.2.2",0.412159587536186,FALSE,TRUE,41
"2.2.2.2.3.2.2.2.2.2.2.3.2.2.2.3.2.2.3.2.2.2",0.474105509525154,FALSE,TRUE,41
"2.2.2.2.3.2.2.2.2.2.2.2.3.2.2.3.2.2.3.2.2.2",0.492319900905181,FALSE,TRUE,41
"2.2.2.2.3.2.2.2.2.2.2.2.2.3.2.3.2.2.3.2.2.2",0.451520222035681,FALSE,TRUE,41
"2.2.2.2.3.2.2.2.2.2.2.2.2.2.3.3.2.2.3.2.2.2",0.421496360061683,FALSE,TRUE,41
"2.2.2.2.3.2.2.2.2.2.2.2.2.2.2.4.2.2.3.2.2.2",0.435348924380005,FALSE,TRUE,42
"2.2.2.2.3.2.2.2.2.2.2.2.2.2.2.3.3.2.3.2.2.2",0.416901041704676,FALSE,TRUE,41
"2.2.2.2.3.2.2.2.2.2.2.2.2.2.2.3.2.3.3.2.2.2",0.444930337142375,FALSE,TRUE,41
"2.2.2.2.3.2.2.2.2.2.2.2.2.2.2.3.2.2.4.2.2.2",0.427894871286873,FALSE,TRUE,41
"2.2.2.2.3.2.2.2.2.2.2.2.2.2.2.3.2.2.3.3.2.2",0.500463674874533,FALSE,TRUE,41
"2.2.2.2.3.2.2.2.2.2.2.2.2.2.2.3.2.2.3.2.3.2",0.485866425021069,FALSE,TRUE,41
"2.2.2.2.3.2.2.2.2.2.2.2.2.2.2.3.2.2.3.2.2.3",0.438436910601618,FALSE,TRUE,41
"1.2.2.2.3.2.2.2.2.2.2.2.2.2.2.3.2.2.3.2.2.2",0.447281405408278,FALSE,TRUE,40
"2.1.2.2.3.2.2.2.2.2.2.2.2.2.2.3.2.2.3.2.2.2",0.450634430173595,FALSE,TRUE,40
"2.2.1.2.3.2.2.2.2.2.2.2.2.2.2.3.2.2.3.2.2.2",0.41645240980712,FALSE,TRUE,40
"2.2.2.1.3.2.2.2.2.2.2.2.2.2.2.3.2.2.3.2.2.2",0.358917344960013,FALSE,TRUE,40
"2.2.2.2.2.2.2.2.2.2.2.2.2.2.2.3.2.2.3.2.2.2",0.481764547228328,FALSE,TRUE,40
"2.2.2.2.3.1.2.2.2.2.2.2.2.2.2.3.2.2.3.2.2.2",0.459196894306201,FALSE,TRUE,40
"2.2.2.2.3.2.2.1.2.2.2.2.2.2.2.3.2.2.3.2.2.2",0.438482399454692,FALSE,TRUE,40
"2.2.2.2.3.2.2.2.1.2.2.2.2.2.2.3.2.2.3.2.2.2",0.399734874878862,FALSE,TRUE,40
"2.2.2.2.3.2.2.2.2.1.2.2.2.2.2.3.2.2.3.2.2.2",0.497714226706046,FALSE,TRUE,40
"2.2.2.2.3.2.2.2.2.2.1.2.2.2.2.3.2.2.3.2.2.2",0.508407829603448,FALSE,TRUE,40
"2.2.2.2.3.2.2.2.2.2.2.1.2.2.2.3.2.2.3.2.2.2",0.436790422351933,FALSE,TRUE,40
"2.2.2.2.3.2.2.2.2.2.2.2.1.2.2.3.2.2.3.2.2.2",0.405548905876197,FALSE,TRUE,40
"2.2.2.2.3.2.2.2.2.2.2.2.2.1.2.3.2.2.3.2.2.2",0.448547506578482,FALSE,TRUE,40
"2.2.2.2.3.2.2.2.2.2.2.2.2.2.1.3.2.2.3.2.2.2",0.471292854690291,FALSE,TRUE,40
"2.2.2.2.3.2.2.2.2.2.2.2.2.2.2.3.1.2.3.2.2.2",0.484828115094253,FALSE,TRUE,39
"2.2.2.2.3.2.2.2.2.2.2.2.2.2.2.3.2.1.3.2.2.2",0.459966941838818,FALSE,TRUE,40
"2.2.2.2.3.2.2.2.2.2.2.2.2.2.2.3.2.2.3.1.2.2",0.412469447871076,FALSE,TRUE,40
"2.2.2.2.3.2.2.2.2.2.2.2.2.2.2.3.2.2.3.2.1.2",0.414908412376719,FALSE,TRUE,39
"2.2.2.2.3.2.2.2.2.2.2.2.2.2.2.3.2.2.3.2.2.1",0.459566790634452,FALSE,TRUE,40
"4.2.3.2.2.2.1.2.2.2.2.2.2.2.2.2.1.2.2.2.2.2",0.488260238974688,FALSE,TRUE,40
"3.3.3.2.2.2.1.2.2.2.2.2.2.2.2.2.1.2.2.2.2.2",0.529640172106357,FALSE,TRUE,39
"3.2.4.2.2.2.1.2.2.2.2.2.2.2.2.2.1.2.2.2.2.2",0.528923747133878,FALSE,TRUE,39
"3.2.3.3.2.2.1.2.2.2.2.2.2.2.2.2.1.2.2.2.2.2",0.594684853237676,FALSE,TRUE,39
"3.2.3.2.3.2.1.2.2.2.2.2.2.2.2.2.1.2.2.2.2.2",0.501512782885245,FALSE,TRUE,39
"3.2.3.2.2.2.2.2.2.2.2.2.2.2.2.2.1.2.2.2.2.2",0.518203629308517,FALSE,TRUE,39
"3.2.3.2.2.2.1.3.2.2.2.2.2.2.2.2.1.2.2.2.2.2",0.522768447017176,FALSE,TRUE,38
"3.2.3.2.2.2.1.2.3.2.2.2.2.2.2.2.1.2.2.2.2.2",0.544244247249531,FALSE,TRUE,39
"3.2.3.2.2.2.1.2.2.3.2.2.2.2.2.2.1.2.2.2.2.2",0.466395560451488,FALSE,TRUE,39
"3.2.3.2.2.2.1.2.2.2.2.3.2.2.2.2.1.2.2.2.2.2",0.531774331705904,FALSE,TRUE,39
"3.2.3.2.2.2.1.2.2.2.2.2.3.2.2.2.1.2.2.2.2.2",0.544015875133183,FALSE,TRUE,39
"3.2.3.2.2.2.1.2.2.2.2.2.2.3.2.2.1.2.2.2.2.2",0.501335264938666,FALSE,TRUE,39
"3.2.3.2.2.2.1.2.2.2.2.2.2.2.3.2.1.2.2.2.2.2",0.487584576623264,FALSE,TRUE,39
"3.2.3.2.2.2.1.2.2.2.2.2.2.2.2.3.1.2.2.2.2.2",0.546314841752384,FALSE,TRUE,38
"3.2.3.2.2.2.1.2.2.2.2.2.2.2.2.2.2.2.2.2.2.2",0.501494565460437,FALSE,TRUE,39
"3.2.3.2.2.2.1.2.2.2.2.2.2.2.2.2.1.3.2.2.2.2",0.5159640130847,FALSE,TRUE,39
"3.2.3.2.2.2.1.2.2.2.2.2.2.2.2.2.1.2.3.2.2.2",0.509058450002332,FALSE,TRUE,39
"3.2.3.2.2.2.1.2.2.2.2.2.2.2.2.2.1.2.2.3.2.2",0.54818560960416,FALSE,TRUE,39
"3.2.3.2.2.2.1.2.2.2.2.2.2.2.2.2.1.2.2.2.3.2",0.541417104361365,FALSE,TRUE,39
"3.2.3.2.2.2.1.2.2.2.2.2.2.2.2.2.1.2.2.2.2.3",0.496703481446869,FALSE,TRUE,39
"3.1.3.2.2.2.1.2.2.2.2.2.2.2.2.2.1.2.2.2.2.2",0.470522053828466,FALSE,TRUE,38
"3.2.3.1.2.2.1.2.2.2.2.2.2.2.2.2.1.2.2.2.2.2",0.411306686385931,FALSE,TRUE,38
"3.2.3.2.1.2.1.2.2.2.2.2.2.2.2.2.1.2.2.2.2.2",0.502834508908964,FALSE,TRUE,38
"3.2.3.2.2.1.1.2.2.2.2.2.2.2.2.2.1.2.2.2.2.2",0.534933148929922,FALSE,TRUE,38
"3.2.3.2.2.2.1.1.2.2.2.2.2.2.2.2.1.2.2.2.2.2",0.485736390102789,FALSE,TRUE,38
"3.2.3.2.2.2.1.2.1.2.2.2.2.2.2.2.1.2.2.2.2.2",0.458497392565265,FALSE,TRUE,38
"3.2.3.2.2.2.1.2.2.1.2.2.2.2.2.2.1.2.2.2.2.2",0.540573696122144,FALSE,TRUE,38
"3.2.3.2.2.2.1.2.2.2.1.2.2.2.2.2.1.2.2.2.2.2",0.557629146468956,FALSE,TRUE,39
"3.2.3.2.2.2.1.2.2.2.2.1.2.2.2.2.1.2.2.2.2.2",0.481830514905163,FALSE,TRUE,37
"3.2.3.2.2.2.1.2.2.2.2.2.1.2.2.2.1.2.2.2.2.2",0.451665334034497,FALSE,TRUE,38
"3.2.3.2.2.2.1.2.2.2.2.2.2.1.2.2.1.2.2.2.2.2",0.502110103950143,FALSE,TRUE,38
"3.2.3.2.2.2.1.2.2.2.2.2.2.2.1.2.1.2.2.2.2.2",0.505122121957888,FALSE,TRUE,38
"3.2.3.2.2.2.1.2.2.2.2.2.2.2.2.1.1.2.2.2.2.2",0.447477117393618,FALSE,TRUE,38
"3.2.3.2.2.2.1.2.2.2.2.2.2.2.2.2.1.1.2.2.2.2",0.484970841477042,FALSE,TRUE,38
"3.2.3.2.2.2.1.2.2.2.2.2.2.2.2.2.1.2.1.2.2.2",0.495575359447722,FALSE,TRUE,38
"3.2.3.2.2.2.1.2.2.2.2.2.2.2.2.2.1.2.2.1.2.2",0.467083207332747,FALSE,TRUE,38
"3.2.3.2.2.2.1.2.2.2.2.2.2.2.2.2.1.2.2.2.1.2",0.460576627291837,FALSE,TRUE,38
"3.2.3.2.2.2.1.2.2.2.2.2.2.2.2.2.1.2.2.2.2.1",0.502361017785618,FALSE,TRUE,38
"4.2.3.2.2.2.1.2.2.2.3.2.2.2.2.2.1.2.2.2.2.2",0.431864095482093,FALSE,TRUE,39
"3.3.3.2.2.2.1.2.2.2.3.2.2.2.2.2.1.2.2.2.2.2",0.485790619287101,FALSE,TRUE,39
"3.2.4.2.2.2.1.2.2.2.3.2.2.2.2.2.1.2.2.2.2.2",0.48005617301183,FALSE,TRUE,39
"3.2.3.3.2.2.1.2.2.2.3.2.2.2.2.2.1.2.2.2.2.2",0.541173488952522,FALSE,TRUE,39
"3.2.3.2.3.2.1.2.2.2.3.2.2.2.2.2.1.2.2.2.2.2",0.440421235667337,FALSE,TRUE,39
"3.2.3.2.2.3.1.2.2.2.3.2.2.2.2.2.1.2.2.2.2.2",0.399896777902853,FALSE,TRUE,38
"3.2.3.2.2.2.2.2.2.2.3.2.2.2.2.2.1.2.2.2.2.2",0.459971412796325,FALSE,TRUE,40
"3.2.3.2.2.2.1.3.2.2.3.2.2.2.2.2.1.2.2.2.2.2",0.466241960784187,FALSE,TRUE,39
"3.2.3.2.2.2.1.2.3.2.3.2.2.2.2.2.1.2.2.2.2.2",0.468339603221539,FALSE,TRUE,39
"3.2.3.2.2.2.1.2.2.3.3.2.2.2.2.2.1.2.2.2.2.2",0.406045186650584,FALSE,TRUE,39
"3.2.3.2.2.2.1.2.2.2.3.3.2.2.2.2.1.2.2.2.2.2",0.473205073858119,FALSE,TRUE,39
"3.2.3.2.2.2.1.2.2.2.3.2.3.2.2.2.1.2.2.2.2.2",0.480297015819146,FALSE,TRUE,39
"3.2.3.2.2.2.1.2.2.2.3.2.2.3.2.2.1.2.2.2.2.2",0.444396881030058,FALSE,TRUE,39
"3.2.3.2.2.2.1.2.2.2.3.2.2.2.3.2.1.2.2.2.2.2",0.416199437639076,FALSE,TRUE,39
"3.2.3.2.2.2.1.2.2.2.3.2.2.2.2.3.1.2.2.2.2.2",0.493038696613344,FALSE,TRUE,39
"3.2.3.2.2.2.1.2.2.2.3.2.2.2.2.2.2.2.2.2.2.2",0.444592039407404,FALSE,TRUE,40
"3.2.3.2.2.2.1.2.2.2.3.2.2.2.2.2.1.3.2.2.2.2",0.451073614357846,FALSE,TRUE,39
"3.2.3.2.2.2.1.2.2.2.3.2.2.2.2.2.1.2.3.2.2.2",0.44434996430494,FALSE,TRUE,39
"3.2.3.2.2.2.1.2.2.2.3.2.2.2.2.2.1.2.2.3.2.2",0.484647692118717,FALSE,TRUE,39
"3.2.3.2.2.2.1.2.2.2.3.2.2.2.2.2.1.2.2.2.3.2",0.480052341359023,FALSE,TRUE,39
"3.2.3.2.2.2.1.2.2.2.3.2.2.2.2.2.1.2.2.2.2.3",0.426042851458706,FALSE,TRUE,39
"3.1.3.2.2.2.1.2.2.2.3.2.2.2.2.2.1.2.2.2.2.2",0.39054825598979,FALSE,TRUE,38
"3.2.2.2.2.2.1.2.2.2.3.2.2.2.2.2.1.2.2.2.2.2",0.395709944247156,FALSE,TRUE,38
"3.2.3.1.2.2.1.2.2.2.3.2.2.2.2.2.1.2.2.2.2.2",0.341632832910944,FALSE,TRUE,38
"3.2.3.2.1.2.1.2.2.2.3.2.2.2.2.2.1.2.2.2.2.2",0.440299279540183,FALSE,TRUE,38
"3.2.3.2.2.1.1.2.2.2.3.2.2.2.2.2.1.2.2.2.2.2",0.477959366460608,FALSE,TRUE,38
"3.2.3.2.2.2.1.1.2.2.3.2.2.2.2.2.1.2.2.2.2.2",0.416447525581917,FALSE,TRUE,38
"3.2.3.2.2.2.1.2.1.2.3.2.2.2.2.2.1.2.2.2.2.2",0.411678683255114,FALSE,TRUE,38
"3.2.3.2.2.2.1.2.2.1.3.2.2.2.2.2.1.2.2.2.2.2",0.475029278701497,FALSE,TRUE,38
"3.2.3.2.2.2.1.2.2.2.3.1.2.2.2.2.1.2.2.2.2.2",0.416145523631526,FALSE,TRUE,38
"3.2.3.2.2.2.1.2.2.2.3.2.1.2.2.2.1.2.2.2.2.2",0.392660585439444,FALSE,TRUE,38
"3.2.3.2.2.2.1.2.2.2.3.2.2.1.2.2.1.2.2.2.2.2",0.434428531638505,FALSE,TRUE,38
"3.2.3.2.2.2.1.2.2.2.3.2.2.2.1.2.1.2.2.2.2.2",0.452765201916383,FALSE,TRUE,38
"3.2.3.2.2.2.1.2.2.2.3.2.2.2.2.1.1.2.2.2.2.2",0.378556887537922,FALSE,TRUE,38
"3.2.3.2.2.2.1.2.2.2.3.2.2.2.2.2.1.1.2.2.2.2",0.424130733560249,FALSE,TRUE,38
"3.2.3.2.2.2.1.2.2.2.3.2.2.2.2.2.1.2.1.2.2.2",0.434470498173447,FALSE,TRUE,38
"3.2.3.2.2.2.1.2.2.2.3.2.2.2.2.2.1.2.2.1.2.2",0.405455180314405,FALSE,TRUE,38
"3.2.3.2.2.2.1.2.2.2.3.2.2.2.2.2.1.2.2.2.1.2",0.398219989504096,FALSE,TRUE,38
"3.2.3.2.2.2.1.2.2.2.3.2.2.2.2.2.1.2.2.2.2.1",0.448131611395188,FALSE,TRUE,38
"3.2.2.2.3.2.2.2.2.2.2.2.2.2.2.1.2.2.2.2.2.2",0.432158031614527,FALSE,TRUE,41
"2.3.2.2.3.2.2.2.2.2.2.2.2.2.2.1.2.2.2.2.2.2",0.460411467212661,FALSE,TRUE,41
"2.2.3.2.3.2.2.2.2.2.2.2.2.2.2.1.2.2.2.2.2.2",0.463893295126911,FALSE,TRUE,41
"2.2.2.3.3.2.2.2.2.2.2.2.2.2.2.1.2.2.2.2.2.2",0.525409009140629,FALSE,TRUE,41
"2.2.2.2.4.2.2.2.2.2.2.2.2.2.2.1.2.2.2.2.2.2",0.422803890115894,FALSE,TRUE,41
"2.2.2.2.3.3.2.2.2.2.2.2.2.2.2.1.2.2.2.2.2.2",0.402717467349464,FALSE,TRUE,41
"2.2.2.2.3.2.3.2.2.2.2.2.2.2.2.1.2.2.2.2.2.2",0.447352694655614,FALSE,TRUE,41
"2.2.2.2.3.2.2.3.2.2.2.2.2.2.2.1.2.2.2.2.2.2",0.441378682503492,FALSE,TRUE,41
"2.2.2.2.3.2.2.2.3.2.2.2.2.2.2.1.2.2.2.2.2.2",0.471792908879201,FALSE,TRUE,40
"2.2.2.2.3.2.2.2.2.3.2.2.2.2.2.1.2.2.2.2.2.2",0.408642635746202,FALSE,TRUE,41
"2.2.2.2.3.2.2.2.2.2.3.2.2.2.2.1.2.2.2.2.2.2",0.367503409001648,FALSE,TRUE,40
"2.2.2.2.3.2.2.2.2.2.2.3.2.2.2.1.2.2.2.2.2.2",0.470225733790343,FALSE,TRUE,40
"2.2.2.2.3.2.2.2.2.2.2.2.3.2.2.1.2.2.2.2.2.2",0.476586314127712,FALSE,TRUE,41
"2.2.2.2.3.2.2.2.2.2.2.2.2.3.2.1.2.2.2.2.2.2",0.440910530781175,FALSE,TRUE,41
"2.2.2.2.3.2.2.2.2.2.2.2.2.2.3.1.2.2.2.2.2.2",0.42220922025223,FALSE,TRUE,41
"2.2.2.2.3.2.2.2.2.2.2.2.2.2.2.1.3.2.2.2.2.2",0.435134370826304,FALSE,TRUE,41
"2.2.2.2.3.2.2.2.2.2.2.2.2.2.2.1.2.3.2.2.2.2",0.434632694613066,FALSE,TRUE,40
"2.2.2.2.3.2.2.2.2.2.2.2.2.2.2.1.2.2.2.3.2.2",0.471804407781015,FALSE,TRUE,41
"2.2.2.2.3.2.2.2.2.2.2.2.2.2.2.1.2.2.2.2.3.2",0.471907426026105,FALSE,TRUE,41
"2.2.2.2.3.2.2.2.2.2.2.2.2.2.2.1.2.2.2.2.2.3",0.416624089898099,FALSE,TRUE,40
"1.2.2.2.3.2.2.2.2.2.2.2.2.2.2.1.2.2.2.2.2.2",0.42300939164813,FALSE,TRUE,39
"2.1.2.2.3.2.2.2.2.2.2.2.2.2.2.1.2.2.2.2.2.2",0.407600249382549,FALSE,TRUE,39
"2.2.1.2.3.2.2.2.2.2.2.2.2.2.2.1.2.2.2.2.2.2",0.401190599123265,FALSE,TRUE,40
"2.2.2.1.3.2.2.2.2.2.2.2.2.2.2.1.2.2.2.2.2.2",0.345954395048968,FALSE,TRUE,40
"2.2.2.2.3.1.2.2.2.2.2.2.2.2.2.1.2.2.2.2.2.2",0.46609767263768,FALSE,TRUE,40
"2.2.2.2.3.2.1.2.2.2.2.2.2.2.2.1.2.2.2.2.2.2",0.423979643727395,FALSE,TRUE,39
"2.2.2.2.3.2.2.1.2.2.2.2.2.2.2.1.2.2.2.2.2.2",0.433491119861343,FALSE,TRUE,40
"2.2.2.2.3.2.2.2.1.2.2.2.2.2.2.1.2.2.2.2.2.2",0.397333703816284,FALSE,TRUE,40
"2.2.2.2.3.2.2.2.2.1.2.2.2.2.2.1.2.2.2.2.2.2",0.463397087430434,FALSE,TRUE,40
"2.2.2.2.3.2.2.2.2.2.1.2.2.2.2.1.2.2.2.2.2.2",0.505538476068405,FALSE,TRUE,40
"2.2.2.2.3.2.2.2.2.2.2.1.2.2.2.1.2.2.2.2.2.2",0.405034969419965,FALSE,TRUE,40
"2.2.2.2.3.2.2.2.2.2.2.2.1.2.2.1.2.2.2.2.2.2",0.383592169913878,FALSE,TRUE,40
"2.2.2.2.3.2.2.2.2.2.2.2.2.1.2.1.2.2.2.2.2.2",0.42685704842379,FALSE,TRUE,39
"2.2.2.2.3.2.2.2.2.2.2.2.2.2.1.1.2.2.2.2.2.2",0.439683203668759,FALSE,TRUE,40
"2.2.2.2.3.2.2.2.2.2.2.2.2.2.2.1.2.1.2.2.2.2",0.43432909774511,FALSE,TRUE,40
"2.2.2.2.3.2.2.2.2.2.2.2.2.2.2.1.2.2.1.2.2.2",0.431142581611014,FALSE,TRUE,40
"2.2.2.2.3.2.2.2.2.2.2.2.2.2.2.1.2.2.2.1.2.2",0.41083191883463,FALSE,TRUE,40
"2.2.2.2.3.2.2.2.2.2.2.2.2.2.2.1.2.2.2.2.2.1",0.449497551260624,FALSE,TRUE,40
"3.2.2.2.3.2.1.2.2.2.2.2.2.2.2.3.2.2.3.2.2.2",0.451586279408947,FALSE,TRUE,41
"2.3.2.2.3.2.1.2.2.2.2.2.2.2.2.3.2.2.3.2.2.2",0.449787341247727,FALSE,TRUE,41
"2.2.3.2.3.2.1.2.2.2.2.2.2.2.2.3.2.2.3.2.2.2",0.479892460422683,FALSE,TRUE,41
"2.2.2.3.3.2.1.2.2.2.2.2.2.2.2.3.2.2.3.2.2.2",0.5376236602937,FALSE,TRUE,41
"2.2.2.2.4.2.1.2.2.2.2.2.2.2.2.3.2.2.3.2.2.2",0.427444076697265,FALSE,TRUE,41
"2.2.2.2.3.3.1.2.2.2.2.2.2.2.2.3.2.2.3.2.2.2",0.43699596466883,FALSE,TRUE,41
"2.2.2.2.3.2.1.3.2.2.2.2.2.2.2.3.2.2.3.2.2.2",0.464875504007318,FALSE,TRUE,41
"2.2.2.2.3.2.1.2.3.2.2.2.2.2.2.3.2.2.3.2.2.2",0.50684034496065,FALSE,TRUE,41
"2.2.2.2.3.2.1.2.2.3.2.2.2.2.2.3.2.2.3.2.2.2",0.416268441790466,FALSE,TRUE,41
"2.2.2.2.3.2.1.2.2.2.3.2.2.2.2.3.2.2.3.2.2.2",0.389943322397719,FALSE,TRUE,39
"2.2.2.2.3.2.1.2.2.2.2.3.2.2.2.3.2.2.3.2.2.2",0.481309127163558,FALSE,TRUE,41
"2.2.2.2.3.2.1.2.2.2.2.2.3.2.2.3.2.2.3.2.2.2",0.496665509848631,FALSE,TRUE,41
"2.2.2.2.3.2.1.2.2.2.2.2.2.3.2.3.2.2.3.2.2.2",0.460040722611225,FALSE,TRUE,41
"2.2.2.2.3.2.1.2.2.2.2.2.2.2.3.3.2.2.3.2.2.2",0.437053566728756,FALSE,TRUE,41
"2.2.2.2.3.2.1.2.2.2.2.2.2.2.2.4.2.2.3.2.2.2",0.4399027506889,FALSE,TRUE,41
"2.2.2.2.3.2.1.2.2.2.2.2.2.2.2.3.3.2.3.2.2.2",0.413204061417586,FALSE,TRUE,41
"2.2.2.2.3.2.1.2.2.2.2.2.2.2.2.3.2.3.3.2.2.2",0.430498882389698,FALSE,TRUE,41
"2.2.2.2.3.2.1.2.2.2.2.2.2.2.2.3.2.2.4.2.2.2",0.427687726070832,FALSE,TRUE,41
"2.2.2.2.3.2.1.2.2.2.2.2.2.2.2.3.2.2.3.3.2.2",0.495212666399533,FALSE,TRUE,41
"2.2.2.2.3.2.1.2.2.2.2.2.2.2.2.3.2.2.3.2.3.2",0.500312706174113,FALSE,TRUE,39
"2.2.2.2.3.2.1.2.2.2.2.2.2.2.2.3.2.2.3.2.2.3",0.449640856846945,FALSE,TRUE,39
"1.2.2.2.3.2.1.2.2.2.2.2.2.2.2.3.2.2.3.2.2.2",0.435973846675352,FALSE,TRUE,40
"2.1.2.2.3.2.1.2.2.2.2.2.2.2.2.3.2.2.3.2.2.2",0.448454401288232,FALSE,TRUE,40
"2.2.1.2.3.2.1.2.2.2.2.2.2.2.2.3.2.2.3.2.2.2",0.412411610648342,FALSE,TRUE,40
"2.2.2.1.3.2.1.2.2.2.2.2.2.2.2.3.2.2.3.2.2.2",0.36145485477971,FALSE,TRUE,40
"2.2.2.2.3.1.1.2.2.2.2.2.2.2.2.3.2.2.3.2.2.2",0.461442268288464,FALSE,TRUE,40
"2.2.2.2.3.2.1.1.2.2.2.2.2.2.2.3.2.2.3.2.2.2",0.440535711055424,FALSE,TRUE,40
"2.2.2.2.3.2.1.2.1.2.2.2.2.2.2.3.2.2.3.2.2.2",0.386518478154109,FALSE,TRUE,40
"2.2.2.2.3.2.1.2.2.1.2.2.2.2.2.3.2.2.3.2.2.2",0.48995916787778,FALSE,TRUE,40
"2.2.2.2.3.2.1.2.2.2.1.2.2.2.2.3.2.2.3.2.2.2",0.510508246948713,FALSE,TRUE,40
"2.2.2.2.3.2.1.2.2.2.2.1.2.2.2.3.2.2.3.2.2.2",0.425599917577612,FALSE,TRUE,40
"2.2.2.2.3.2.1.2.2.2.2.2.1.2.2.3.2.2.3.2.2.2",0.39740557421598,FALSE,TRUE,40
"2.2.2.2.3.2.1.2.2.2.2.2.2.1.2.3.2.2.3.2.2.2",0.436012481177577,FALSE,TRUE,38
"2.2.2.2.3.2.1.2.2.2.2.2.2.2.1.3.2.2.3.2.2.2",0.452917219231366,FALSE,TRUE,40
"2.2.2.2.3.2.1.2.2.2.2.2.2.2.2.3.1.2.3.2.2.2",0.485683327662868,FALSE,TRUE,38
"2.2.2.2.3.2.1.2.2.2.2.2.2.2.2.3.2.1.3.2.2.2",0.471065669316503,FALSE,TRUE,40
"2.2.2.2.3.2.1.2.2.2.2.2.2.2.2.3.2.2.2.2.2.2",0.474396216712531,FALSE,TRUE,38
"2.2.2.2.3.2.1.2.2.2.2.2.2.2.2.3.2.2.3.1.2.2",0.413642812658647,FALSE,TRUE,38
"2.2.2.2.3.2.1.2.2.2.2.2.2.2.2.3.2.2.3.2.1.2",0.396571077808198,FALSE,TRUE,40
"2.2.2.2.3.2.1.2.2.2.2.2.2.2.2.3.2.2.3.2.2.1",0.443242953400046,FALSE,TRUE,40
"4.2.3.2.2.2.1.2.2.2.4.2.2.2.2.2.1.2.2.2.2.2",0.360314309678483,FALSE,TRUE,40
"3.3.3.2.2.2.1.2.2.2.4.2.2.2.2.2.1.2.2.2.2.2",0.425919061610226,FALSE,TRUE,40
"3.2.4.2.2.2.1.2.2.2.4.2.2.2.2.2.1.2.2.2.2.2",0.415404605398567,FALSE,TRUE,40
"3.2.3.3.2.2.1.2.2.2.4.2.2.2.2.2.1.2.2.2.2.2",0.468077251464146,FALSE,TRUE,40
"3.2.3.2.3.2.1.2.2.2.4.2.2.2.2.2.1.2.2.2.2.2",0.365176732251769,FALSE,TRUE,40
"3.2.3.2.2.3.1.2.2.2.4.2.2.2.2.2.1.2.2.2.2.2",0.319201761954563,FALSE,TRUE,40
"3.2.3.2.2.2.2.2.2.2.4.2.2.2.2.2.1.2.2.2.2.2",0.386832571524313,FALSE,TRUE,41
"3.2.3.2.2.2.1.3.2.2.4.2.2.2.2.2.1.2.2.2.2.2",0.394796531846241,FALSE,TRUE,40
"3.2.3.2.2.2.1.2.3.2.4.2.2.2.2.2.1.2.2.2.2.2",0.375591557624329,FALSE,TRUE,40
"3.2.3.2.2.2.1.2.2.3.4.2.2.2.2.2.1.2.2.2.2.2",0.332706776947695,FALSE,TRUE,40
"3.2.3.2.2.2.1.2.2.2.5.2.2.2.2.2.1.2.2.2.2.2",0.279551999460751,FALSE,TRUE,41
"3.2.3.2.2.2.1.2.2.2.4.3.2.2.2.2.1.2.2.2.2.2",0.398689527508815,FALSE,TRUE,40
"3.2.3.2.2.2.1.2.2.2.4.2.3.2.2.2.1.2.2.2.2.2",0.399539599338824,FALSE,TRUE,40
"3.2.3.2.2.2.1.2.2.2.4.2.2.3.2.2.1.2.2.2.2.2",0.37285802991834,FALSE,TRUE,40
"3.2.3.2.2.2.1.2.2.2.4.2.2.2.3.2.1.2.2.2.2.2",0.330904936698249,FALSE,TRUE,40
"3.2.3.2.2.2.1.2.2.2.4.2.2.2.2.3.1.2.2.2.2.2",0.422969463828703,FALSE,TRUE,40
"3.2.3.2.2.2.1.2.2.2.4.2.2.2.2.2.2.2.2.2.2.2",0.37262546471479,FALSE,TRUE,41
"3.2.3.2.2.2.1.2.2.2.4.2.2.2.2.2.1.3.2.2.2.2",0.370416749677425,FALSE,TRUE,40
"3.2.3.2.2.2.1.2.2.2.4.2.2.2.2.2.1.2.3.2.2.2",0.364803825038573,FALSE,TRUE,40
"3.2.3.2.2.2.1.2.2.2.4.2.2.2.2.2.1.2.2.3.2.2",0.403855855842384,FALSE,TRUE,40
"3.2.3.2.2.2.1.2.2.2.4.2.2.2.2.2.1.2.2.2.3.2",0.402705100730638,FALSE,TRUE,40
"3.2.3.2.2.2.1.2.2.2.4.2.2.2.2.2.1.2.2.2.2.3",0.341678909976809,FALSE,TRUE,40
"2.2.3.2.2.2.1.2.2.2.4.2.2.2.2.2.1.2.2.2.2.2",0.351610835518177,FALSE,TRUE,40
"3.1.3.2.2.2.1.2.2.2.4.2.2.2.2.2.1.2.2.2.2.2",0.296958721090979,FALSE,TRUE,39
"3.2.2.2.2.2.1.2.2.2.4.2.2.2.2.2.1.2.2.2.2.2",0.30682565250298,FALSE,TRUE,40
"3.2.3.1.2.2.1.2.2.2.4.2.2.2.2.2.1.2.2.2.2.2",0.261683710820774,FALSE,TRUE,39
"3.2.3.2.1.2.1.2.2.2.4.2.2.2.2.2.1.2.2.2.2.2",0.361958448266918,FALSE,TRUE,39
"3.2.3.2.2.1.1.2.2.2.4.2.2.2.2.2.1.2.2.2.2.2",0.404136141111015,FALSE,TRUE,39
"3.2.3.2.2.2.1.1.2.2.4.2.2.2.2.2.1.2.2.2.2.2",0.332280667703596,FALSE,TRUE,39
"3.2.3.2.2.2.1.2.1.2.4.2.2.2.2.2.1.2.2.2.2.2",0.351484554715017,FALSE,TRUE,39
"3.2.3.2.2.2.1.2.2.1.4.2.2.2.2.2.1.2.2.2.2.2",0.392310634784463,FALSE,TRUE,39
"3.2.3.2.2.2.1.2.2.2.4.1.2.2.2.2.1.2.2.2.2.2",0.336169204945992,FALSE,TRUE,39
"3.2.3.2.2.2.1.2.2.2.4.2.1.2.2.2.1.2.2.2.2.2",0.320816974746347,FALSE,TRUE,39
"3.2.3.2.2.2.1.2.2.2.4.2.2.1.2.2.1.2.2.2.2.2",0.351188701741677,FALSE,TRUE,39
"3.2.3.2.2.2.1.2.2.2.4.2.2.2.1.2.1.2.2.2.2.2",0.384675336265248,FALSE,TRUE,39
"3.2.3.2.2.2.1.2.2.2.4.2.2.2.2.1.1.2.2.2.2.2",0.29672652405432,FALSE,TRUE,39
"3.2.3.2.2.2.1.2.2.2.4.2.2.2.2.2.1.1.2.2.2.2",0.349210957008802,FALSE,TRUE,39
"3.2.3.2.2.2.1.2.2.2.4.2.2.2.2.2.1.2.1.2.2.2",0.358076380569878,FALSE,TRUE,39
"3.2.3.2.2.2.1.2.2.2.4.2.2.2.2.2.1.2.2.1.2.2",0.330822530743318,FALSE,TRUE,39
"3.2.3.2.2.2.1.2.2.2.4.2.2.2.2.2.1.2.2.2.1.2",0.321887418716071,FALSE,TRUE,39
"3.2.3.2.2.2.1.2.2.2.4.2.2.2.2.2.1.2.2.2.2.1",0.37743618375717,FALSE,TRUE,39
"3.2.1.2.2.2.1.1.2.2.2.1.2.2.2.2.2.2.1.3.2.2",0.332285202940642,FALSE,TRUE,37
"2.3.1.2.2.2.1.1.2.2.2.1.2.2.2.2.2.2.1.3.2.2",0.321606340333344,FALSE,TRUE,37
"2.2.2.2.2.2.1.1.2.2.2.1.2.2.2.2.2.2.1.3.2.2",0.389938156991976,FALSE,TRUE,37
"2.2.1.3.2.2.1.1.2.2.2.1.2.2.2.2.2.2.1.3.2.2",0.374697088953206,FALSE,TRUE,37
"2.2.1.2.3.2.1.1.2.2.2.1.2.2.2.2.2.2.1.3.2.2",0.343079746776723,FALSE,TRUE,37
"2.2.1.2.2.3.1.1.2.2.2.1.2.2.2.2.2.2.1.3.2.2",0.309823605339477,FALSE,TRUE,37
"2.2.1.2.2.2.2.1.2.2.2.1.2.2.2.2.2.2.1.3.2.2",0.346731810167559,FALSE,TRUE,38
"2.2.1.2.2.2.1.2.2.2.2.1.2.2.2.2.2.2.1.3.2.2",0.337017881386376,FALSE,TRUE,38
"2.2.1.2.2.2.1.1.3.2.2.1.2.2.2.2.2.2.1.3.2.2",0.351141360524593,FALSE,TRUE,37
"2.2.1.2.2.2.1.1.2.3.2.1.2.2.2.2.2.2.1.3.2.2",0.314996377442909,FALSE,TRUE,37
"2.2.1.2.2.2.1.1.2.2.3.1.2.2.2.2.2.2.1.3.2.2",0.228544578319469,FALSE,TRUE,37
"2.2.1.2.2.2.1.1.2.2.2.2.2.2.2.2.2.2.1.3.2.2",0.369905983035433,FALSE,TRUE,37
"2.2.1.2.2.2.1.1.2.2.2.1.3.2.2.2.2.2.1.3.2.2",0.321668818877709,FALSE,TRUE,37
"2.2.1.2.2.2.1.1.2.2.2.1.2.3.2.2.2.2.1.3.2.2",0.343768204488888,FALSE,TRUE,37
"2.2.1.2.2.2.1.1.2.2.2.1.2.2.3.2.2.2.1.3.2.2",0.308000429962554,FALSE,TRUE,37
"2.2.1.2.2.2.1.1.2.2.2.1.2.2.2.3.2.2.1.3.2.2",0.342575446104796,FALSE,TRUE,37
"2.2.1.2.2.2.1.1.2.2.2.1.2.2.2.2.3.2.1.3.2.2",0.31496549450083,FALSE,TRUE,37
"2.2.1.2.2.2.1.1.2.2.2.1.2.2.2.2.2.3.1.3.2.2",0.290907811059036,FALSE,TRUE,37
"2.2.1.2.2.2.1.1.2.2.2.1.2.2.2.2.2.2.1.4.2.2",0.299298949729219,FALSE,TRUE,37
"2.2.1.2.2.2.1.1.2.2.2.1.2.2.2.2.2.2.1.3.3.2",0.383078931475601,FALSE,TRUE,37
"2.2.1.2.2.2.1.1.2.2.2.1.2.2.2.2.2.2.1.3.2.3",0.333014841613299,FALSE,TRUE,37
"1.2.1.2.2.2.1.1.2.2.2.1.2.2.2.2.2.2.1.3.2.2",0.26479386818945,FALSE,TRUE,36
"2.1.1.2.2.2.1.1.2.2.2.1.2.2.2.2.2.2.1.3.2.2",0.294403555312192,FALSE,TRUE,36
"2.2.1.1.2.2.1.1.2.2.2.1.2.2.2.2.2.2.1.3.2.2",0.246944467419553,FALSE,TRUE,36
"2.2.1.2.1.2.1.1.2.2.2.1.2.2.2.2.2.2.1.3.2.2",0.273841533180558,FALSE,TRUE,36
"2.2.1.2.2.1.1.1.2.2.2.1.2.2.2.2.2.2.1.3.2.2",0.305686212460107,FALSE,TRUE,36
"2.2.1.2.2.2.1.1.1.2.2.1.2.2.2.2.2.2.1.3.2.2",0.263725182610787,FALSE,TRUE,36
"2.2.1.2.2.2.1.1.2.1.2.1.2.2.2.2.2.2.1.3.2.2",0.300470729079075,FALSE,TRUE,36
"2.2.1.2.2.2.1.1.2.2.1.1.2.2.2.2.2.2.1.3.2.2",0.390769649154591,FALSE,TRUE,36
"2.2.1.2.2.2.1.1.2.2.2.1.1.2.2.2.2.2.1.3.2.2",0.285094736849036,FALSE,TRUE,36
"2.2.1.2.2.2.1.1.2.2.2.1.2.1.2.2.2.2.1.3.2.2",0.270752075154616,FALSE,TRUE,36
"2.2.1.2.2.2.1.1.2.2.2.1.2.2.1.2.2.2.1.3.2.2",0.298605392245332,FALSE,TRUE,36
"2.2.1.2.2.2.1.1.2.2.2.1.2.2.2.1.2.2.1.3.2.2",0.27039639381327,FALSE,TRUE,36
"2.2.1.2.2.2.1.1.2.2.2.1.2.2.2.2.1.2.1.3.2.2",0.297950809123761,FALSE,TRUE,36
"2.2.1.2.2.2.1.1.2.2.2.1.2.2.2.2.2.1.1.3.2.2",0.322689805936819,FALSE,TRUE,36
"2.2.1.2.2.2.1.1.2.2.2.1.2.2.2.2.2.2.1.3.1.2",0.234056362973738,FALSE,TRUE,36
"2.2.1.2.2.2.1.1.2.2.2.1.2.2.2.2.2.2.1.3.2.1",0.27537264079533,FALSE,TRUE,36
"3.2.2.2.3.2.2.2.2.2.2.2.2.1.2.2.1.2.2.2.2.2",0.468852000988157,FALSE,TRUE,40
"2.3.2.2.3.2.2.2.2.2.2.2.2.1.2.2.1.2.2.2.2.2",0.485724212642027,FALSE,TRUE,40
"2.2.3.2.3.2.2.2.2.2.2.2.2.1.2.2.1.2.2.2.2.2",0.507239420709963,FALSE,TRUE,40
"2.2.2.3.3.2.2.2.2.2.2.2.2.1.2.2.1.2.2.2.2.2",0.569211426736567,FALSE,TRUE,40
"2.2.2.2.4.2.2.2.2.2.2.2.2.1.2.2.1.2.2.2.2.2",0.455869816129342,FALSE,TRUE,40
"2.2.2.2.3.3.2.2.2.2.2.2.2.1.2.2.1.2.2.2.2.2",0.430779045374097,FALSE,TRUE,40
"2.2.2.2.3.2.3.2.2.2.2.2.2.1.2.2.1.2.2.2.2.2",0.467583588651374,FALSE,TRUE,40
"2.2.2.2.3.2.2.3.2.2.2.2.2.1.2.2.1.2.2.2.2.2",0.493642416093781,FALSE,TRUE,40
"2.2.2.2.3.2.2.2.3.2.2.2.2.1.2.2.1.2.2.2.2.2",0.493077212826442,FALSE,TRUE,40
"2.2.2.2.3.2.2.2.2.3.2.2.2.1.2.2.1.2.2.2.2.2",0.43096260643194,FALSE,TRUE,40
"2.2.2.2.3.2.2.2.2.2.3.2.2.1.2.2.1.2.2.2.2.2",0.384517104395636,FALSE,TRUE,40
"2.2.2.2.3.2.2.2.2.2.2.3.2.1.2.2.1.2.2.2.2.2",0.495909786799862,FALSE,TRUE,40
"2.2.2.2.3.2.2.2.2.2.2.2.3.1.2.2.1.2.2.2.2.2",0.485820489651755,FALSE,TRUE,40
"2.2.2.2.3.2.2.2.2.2.2.2.2.1.3.2.1.2.2.2.2.2",0.422482285606277,FALSE,TRUE,40
"2.2.2.2.3.2.2.2.2.2.2.2.2.1.2.3.1.2.2.2.2.2",0.49278050869848,FALSE,TRUE,40
"2.2.2.2.3.2.2.2.2.2.2.2.2.1.2.2.1.2.3.2.2.2",0.456890560640804,FALSE,TRUE,39
"2.2.2.2.3.2.2.2.2.2.2.2.2.1.2.2.1.2.2.3.2.2",0.501308035205875,FALSE,TRUE,40
"2.2.2.2.3.2.2.2.2.2.2.2.2.1.2.2.1.2.2.2.3.2",0.498095064070152,FALSE,TRUE,40
"1.2.2.2.3.2.2.2.2.2.2.2.2.1.2.2.1.2.2.2.2.2",0.430710617479284,FALSE,TRUE,39
"2.1.2.2.3.2.2.2.2.2.2.2.2.1.2.2.1.2.2.2.2.2",0.428425607942881,FALSE,TRUE,39
"2.2.1.2.3.2.2.2.2.2.2.2.2.1.2.2.1.2.2.2.2.2",0.405320561166101,FALSE,TRUE,39
"2.2.2.1.3.2.2.2.2.2.2.2.2.1.2.2.1.2.2.2.2.2",0.350596058301923,FALSE,TRUE,39
"2.2.2.2.2.2.2.2.2.2.2.2.2.1.2.2.1.2.2.2.2.2",0.463516487177641,FALSE,TRUE,38
"2.2.2.2.3.1.2.2.2.2.2.2.2.1.2.2.1.2.2.2.2.2",0.484526903228455,FALSE,TRUE,39
"2.2.2.2.3.2.1.2.2.2.2.2.2.1.2.2.1.2.2.2.2.2",0.447946097264609,FALSE,TRUE,38
"2.2.2.2.3.2.2.1.2.2.2.2.2.1.2.2.1.2.2.2.2.2",0.427044874698902,FALSE,TRUE,39
"2.2.2.2.3.2.2.2.1.2.2.2.2.1.2.2.1.2.2.2.2.2",0.421791799005374,FALSE,TRUE,39
"2.2.2.2.3.2.2.2.2.1.2.2.2.1.2.2.1.2.2.2.2.2",0.487620257672964,FALSE,TRUE,39
"2.2.2.2.3.2.2.2.2.2.2.1.2.1.2.2.1.2.2.2.2.2",0.429615803200502,FALSE,TRUE,39
"2.2.2.2.3.2.2.2.2.2.2.2.1.1.2.2.1.2.2.2.2.2",0.424049144163219,FALSE,TRUE,39
"2.2.2.2.3.2.2.2.2.2.2.2.2.1.1.2.1.2.2.2.2.2",0.484128016159366,FALSE,TRUE,39
"2.2.2.2.3.2.2.2.2.2.2.2.2.1.2.1.1.2.2.2.2.2",0.415909571924375,FALSE,TRUE,38
"2.2.2.2.3.2.2.2.2.2.2.2.2.1.2.2.1.1.2.2.2.2",0.444435280236159,FALSE,TRUE,39
"2.2.2.2.3.2.2.2.2.2.2.2.2.1.2.2.1.2.1.2.2.2",0.459469082858932,FALSE,TRUE,39
"2.2.2.2.3.2.2.2.2.2.2.2.2.1.2.2.1.2.2.1.2.2",0.426075878974384,FALSE,TRUE,39
"2.2.2.2.3.2.2.2.2.2.2.2.2.1.2.2.1.2.2.2.1.2",0.417168647381876,FALSE,TRUE,38
"2.2.2.2.3.2.2.2.2.2.2.2.2.1.2.2.1.2.2.2.2.1",0.465824684807451,FALSE,TRUE,39
"3.2.2.2.1.2.2.2.3.2.2.2.2.2.2.2.2.2.2.2.2.2",0.509262695682294,FALSE,TRUE,41
"2.3.2.2.1.2.2.2.3.2.2.2.2.2.2.2.2.2.2.2.2.2",0.514376406837253,FALSE,TRUE,41
"2.2.3.2.1.2.2.2.3.2.2.2.2.2.2.2.2.2.2.2.2.2",0.559393053400342,FALSE,TRUE,41
"2.2.2.3.1.2.2.2.3.2.2.2.2.2.2.2.2.2.2.2.2.2",0.577286936535012,FALSE,TRUE,41
"2.2.2.2.1.3.2.2.3.2.2.2.2.2.2.2.2.2.2.2.2.2",0.488274508649799,FALSE,TRUE,41
"2.2.2.2.1.2.3.2.3.2.2.2.2.2.2.2.2.2.2.2.2.2",0.506707964137611,FALSE,TRUE,41
"2.2.2.2.1.2.2.3.3.2.2.2.2.2.2.2.2.2.2.2.2.2",0.504517930241378,FALSE,TRUE,41
"2.2.2.2.1.2.2.2.4.2.2.2.2.2.2.2.2.2.2.2.2.2",0.521894432497886,FALSE,TRUE,41
"2.2.2.2.1.2.2.2.3.3.2.2.2.2.2.2.2.2.2.2.2.2",0.476026477418259,FALSE,TRUE,41
"2.2.2.2.1.2.2.2.3.2.3.2.2.2.2.2.2.2.2.2.2.2",0.428362090746797,FALSE,TRUE,41
"2.2.2.2.1.2.2.2.3.2.2.3.2.2.2.2.2.2.2.2.2.2",0.523868047978757,FALSE,TRUE,41
"2.2.2.2.1.2.2.2.3.2.2.2.3.2.2.2.2.2.2.2.2.2",0.501526217897673,FALSE,TRUE,41
"2.2.2.2.1.2.2.2.3.2.2.2.2.3.2.2.2.2.2.2.2.2",0.500950605446983,FALSE,TRUE,41
"2.2.2.2.1.2.2.2.3.2.2.2.2.2.3.2.2.2.2.2.2.2",0.475447523661653,FALSE,TRUE,41
"2.2.2.2.1.2.2.2.3.2.2.2.2.2.2.3.2.2.2.2.2.2",0.52756598641742,FALSE,TRUE,41
"2.2.2.2.1.2.2.2.3.2.2.2.2.2.2.2.3.2.2.2.2.2",0.508905538739785,FALSE,TRUE,41
"2.2.2.2.1.2.2.2.3.2.2.2.2.2.2.2.2.3.2.2.2.2",0.510166242395292,FALSE,TRUE,41
"2.2.2.2.1.2.2.2.3.2.2.2.2.2.2.2.2.2.3.2.2.2",0.518188731460201,FALSE,TRUE,41
"2.2.2.2.1.2.2.2.3.2.2.2.2.2.2.2.2.2.2.3.2.2",0.514399622279719,FALSE,TRUE,41
"2.2.2.2.1.2.2.2.3.2.2.2.2.2.2.2.2.2.2.2.3.2",0.543119235703872,FALSE,TRUE,41
"2.2.2.2.1.2.2.2.3.2.2.2.2.2.2.2.2.2.2.2.2.3",0.492550469356743,FALSE,TRUE,41
"1.2.2.2.1.2.2.2.3.2.2.2.2.2.2.2.2.2.2.2.2.2",0.469443470130694,FALSE,TRUE,39
"2.1.2.2.1.2.2.2.3.2.2.2.2.2.2.2.2.2.2.2.2.2",0.479210546940678,FALSE,TRUE,40
"2.2.1.2.1.2.2.2.3.2.2.2.2.2.2.2.2.2.2.2.2.2",0.433216597525705,FALSE,TRUE,40
"2.2.2.1.1.2.2.2.3.2.2.2.2.2.2.2.2.2.2.2.2.2",0.420355131782619,FALSE,TRUE,40
"2.2.2.2.1.1.2.2.3.2.2.2.2.2.2.2.2.2.2.2.2.2",0.507405056782663,FALSE,TRUE,40
"2.2.2.2.1.2.1.2.3.2.2.2.2.2.2.2.2.2.2.2.2.2",0.490692106735342,FALSE,TRUE,39
"2.2.2.2.1.2.2.1.3.2.2.2.2.2.2.2.2.2.2.2.2.2",0.497085061261998,FALSE,TRUE,40
"2.2.2.2.1.2.2.2.3.1.2.2.2.2.2.2.2.2.2.2.2.2",0.522042592459371,FALSE,TRUE,40
"2.2.2.2.1.2.2.2.3.2.1.2.2.2.2.2.2.2.2.2.2.2",0.569895797439635,FALSE,TRUE,40
"2.2.2.2.1.2.2.2.3.2.2.1.2.2.2.2.2.2.2.2.2.2",0.474064488278638,FALSE,TRUE,40
"2.2.2.2.1.2.2.2.3.2.2.2.1.2.2.2.2.2.2.2.2.2",0.480127643607971,FALSE,TRUE,40
"2.2.2.2.1.2.2.2.3.2.2.2.2.1.2.2.2.2.2.2.2.2",0.493331205456863,FALSE,TRUE,40
"2.2.2.2.1.2.2.2.3.2.2.2.2.2.1.2.2.2.2.2.2.2",0.512413691697702,FALSE,TRUE,40
"2.2.2.2.1.2.2.2.3.2.2.2.2.2.2.1.2.2.2.2.2.2",0.463814583542649,FALSE,TRUE,40
"2.2.2.2.1.2.2.2.3.2.2.2.2.2.2.2.1.2.2.2.2.2",0.485716987173332,FALSE,TRUE,40
"2.2.2.2.1.2.2.2.3.2.2.2.2.2.2.2.2.1.2.2.2.2",0.486097414211645,FALSE,TRUE,40
"2.2.2.2.1.2.2.2.3.2.2.2.2.2.2.2.2.2.1.2.2.2",0.478551312833254,FALSE,TRUE,40
"2.2.2.2.1.2.2.2.3.2.2.2.2.2.2.2.2.2.2.1.2.2",0.495656930919703,FALSE,TRUE,40
"2.2.2.2.1.2.2.2.3.2.2.2.2.2.2.2.2.2.2.2.1.2",0.455863070923499,FALSE,TRUE,40
"2.2.2.2.1.2.2.2.3.2.2.2.2.2.2.2.2.2.2.2.2.1",0.501931416281638,FALSE,TRUE,40
"3.1.2.2.3.2.2.2.2.2.2.2.2.2.2.2.1.2.2.2.2.2",0.425739871223244,FALSE,TRUE,40
"2.1.3.2.3.2.2.2.2.2.2.2.2.2.2.2.1.2.2.2.2.2",0.479970863935805,FALSE,TRUE,40
"2.1.2.3.3.2.2.2.2.2.2.2.2.2.2.2.1.2.2.2.2.2",0.536804072825486,FALSE,TRUE,40
"2.1.2.2.4.2.2.2.2.2.2.2.2.2.2.2.1.2.2.2.2.2",0.423069121468699,FALSE,TRUE,40
"2.1.2.2.3.3.2.2.2.2.2.2.2.2.2.2.1.2.2.2.2.2",0.402904023688783,FALSE,TRUE,40
"2.1.2.2.3.2.3.2.2.2.2.2.2.2.2.2.1.2.2.2.2.2",0.438360718795014,FALSE,TRUE,40
"2.1.2.2.3.2.2.3.2.2.2.2.2.2.2.2.1.2.2.2.2.2",0.446522750446066,FALSE,TRUE,40
"2.1.2.2.3.2.2.2.3.2.2.2.2.2.2.2.1.2.2.2.2.2",0.457648391827583,FALSE,TRUE,40
"2.1.2.2.3.2.2.2.2.3.2.2.2.2.2.2.1.2.2.2.2.2",0.408604981244311,FALSE,TRUE,40
"2.1.2.2.3.2.2.2.2.2.3.2.2.2.2.2.1.2.2.2.2.2",0.350896706459817,FALSE,TRUE,40
"2.1.2.2.3.2.2.2.2.2.2.3.2.2.2.2.1.2.2.2.2.2",0.474320175763426,FALSE,TRUE,40
"2.1.2.2.3.2.2.2.2.2.2.2.3.2.2.2.1.2.2.2.2.2",0.472352619574683,FALSE,TRUE,40
"2.1.2.2.3.2.2.2.2.2.2.2.2.3.2.2.1.2.2.2.2.2",0.44035289116624,FALSE,TRUE,40
"2.1.2.2.3.2.2.2.2.2.2.2.2.2.3.2.1.2.2.2.2.2",0.401905214699678,FALSE,TRUE,40
"2.1.2.2.3.2.2.2.2.2.2.2.2.2.2.3.1.2.2.2.2.2",0.476657111819514,FALSE,TRUE,40
"2.1.2.2.3.2.2.2.2.2.2.2.2.2.2.2.1.2.3.2.2.2",0.438232458913398,FALSE,TRUE,39
"2.1.2.2.3.2.2.2.2.2.2.2.2.2.2.2.1.2.2.3.2.2",0.469913293934606,FALSE,TRUE,40
"2.1.2.2.3.2.2.2.2.2.2.2.2.2.2.2.1.2.2.2.3.2",0.477527265115548,FALSE,TRUE,40
"1.1.2.2.3.2.2.2.2.2.2.2.2.2.2.2.1.2.2.2.2.2",0.429064336132399,FALSE,TRUE,39
"2.1.1.2.3.2.2.2.2.2.2.2.2.2.2.2.1.2.2.2.2.2",0.386820841292824,FALSE,TRUE,39
"2.1.2.1.3.2.2.2.2.2.2.2.2.2.2.2.1.2.2.2.2.2",0.335321893655278,FALSE,TRUE,39
"2.1.2.2.2.2.2.2.2.2.2.2.2.2.2.2.1.2.2.2.2.2",0.449003999702874,FALSE,TRUE,38
"2.1.2.2.3.1.2.2.2.2.2.2.2.2.2.2.1.2.2.2.2.2",0.466728500489293,FALSE,TRUE,39
"2.1.2.2.3.2.1.2.2.2.2.2.2.2.2.2.1.2.2.2.2.2",0.433463396454616,FALSE,TRUE,38
"2.1.2.2.3.2.2.1.2.2.2.2.2.2.2.2.1.2.2.2.2.2",0.429241837875804,FALSE,TRUE,39
"2.1.2.2.3.2.2.2.1.2.2.2.2.2.2.2.1.2.2.2.2.2",0.410876677665151,FALSE,TRUE,39
"2.1.2.2.3.2.2.2.2.1.2.2.2.2.2.2.1.2.2.2.2.2",0.463329488375496,FALSE,TRUE,39
"2.1.2.2.3.2.2.2.2.2.1.2.2.2.2.2.1.2.2.2.2.2",0.522019884941025,FALSE,TRUE,38
"2.1.2.2.3.2.2.2.2.2.2.1.2.2.2.2.1.2.2.2.2.2",0.400928564285654,FALSE,TRUE,39
"2.1.2.2.3.2.2.2.2.2.2.2.1.2.2.2.1.2.2.2.2.2",0.38741723321233,FALSE,TRUE,39
"2.1.2.2.3.2.2.2.2.2.2.2.2.2.1.2.1.2.2.2.2.2",0.460556462357976,FALSE,TRUE,39
"2.1.2.2.3.2.2.2.2.2.2.2.2.2.2.1.1.2.2.2.2.2",0.386772034227914,FALSE,TRUE,38
"2.1.2.2.3.2.2.2.2.2.2.2.2.2.2.2.1.1.2.2.2.2",0.437890032653822,FALSE,TRUE,39
"2.1.2.2.3.2.2.2.2.2.2.2.2.2.2.2.1.2.1.2.2.2",0.43225488525811,FALSE,TRUE,39
"2.1.2.2.3.2.2.2.2.2.2.2.2.2.2.2.1.2.2.1.2.2",0.412244018864445,FALSE,TRUE,39
"2.1.2.2.3.2.2.2.2.2.2.2.2.2.2.2.1.2.2.2.1.2",0.393019431171634,FALSE,TRUE,38
"2.1.2.2.3.2.2.2.2.2.2.2.2.2.2.2.1.2.2.2.2.1",0.456604201293716,FALSE,TRUE,39
"2.1.2.2.2.2.2.3.2.2.2.2.2.2.2.2.2.2.2.2.2.2",0.453699312186823,FALSE,TRUE,40
"1.1.3.2.2.2.2.3.2.2.2.2.2.2.2.2.2.2.2.2.2.2",0.480190699137051,FALSE,TRUE,40
"1.1.2.3.2.2.2.3.2.2.2.2.2.2.2.2.2.2.2.2.2.2",0.512780852893889,FALSE,TRUE,40
"1.1.2.2.3.2.2.3.2.2.2.2.2.2.2.2.2.2.2.2.2.2",0.439276827608934,FALSE,TRUE,40
"1.1.2.2.2.3.2.3.2.2.2.2.2.2.2.2.2.2.2.2.2.2",0.401349717576735,FALSE,TRUE,40
"1.1.2.2.2.2.3.3.2.2.2.2.2.2.2.2.2.2.2.2.2.2",0.446709304769127,FALSE,TRUE,40
"1.1.2.2.2.2.2.4.2.2.2.2.2.2.2.2.2.2.2.2.2.2",0.417669755314512,FALSE,TRUE,40
"1.1.2.2.2.2.2.3.3.2.2.2.2.2.2.2.2.2.2.2.2.2",0.462313641280749,FALSE,TRUE,40
"1.1.2.2.2.2.2.3.2.3.2.2.2.2.2.2.2.2.2.2.2.2",0.386380944280957,FALSE,TRUE,40
"1.1.2.2.2.2.2.3.2.2.3.2.2.2.2.2.2.2.2.2.2.2",0.365759604248824,FALSE,TRUE,40
"1.1.2.2.2.2.2.3.2.2.2.3.2.2.2.2.2.2.2.2.2.2",0.440951651659231,FALSE,TRUE,40
"1.1.2.2.2.2.2.3.2.2.2.2.3.2.2.2.2.2.2.2.2.2",0.436917480509745,FALSE,TRUE,40
"1.1.2.2.2.2.2.3.2.2.2.2.2.3.2.2.2.2.2.2.2.2",0.420720829761385,FALSE,TRUE,40
"1.1.2.2.2.2.2.3.2.2.2.2.2.2.3.2.2.2.2.2.2.2",0.419796801940739,FALSE,TRUE,40
"1.1.2.2.2.2.2.3.2.2.2.2.2.2.2.3.2.2.2.2.2.2",0.462647049611874,FALSE,TRUE,40
"1.1.2.2.2.2.2.3.2.2.2.2.2.2.2.2.3.2.2.2.2.2",0.42862731899035,FALSE,TRUE,40
"1.1.2.2.2.2.2.3.2.2.2.2.2.2.2.2.2.3.2.2.2.2",0.449182461610307,FALSE,TRUE,40
"1.1.2.2.2.2.2.3.2.2.2.2.2.2.2.2.2.2.3.2.2.2",0.440545143850426,FALSE,TRUE,40
"1.1.2.2.2.2.2.3.2.2.2.2.2.2.2.2.2.2.2.3.2.2",0.452908007638886,FALSE,TRUE,40
"1.1.2.2.2.2.2.3.2.2.2.2.2.2.2.2.2.2.2.2.3.2",0.465506433985405,FALSE,TRUE,40
"1.1.2.2.2.2.2.3.2.2.2.2.2.2.2.2.2.2.2.2.2.3",0.412522014696541,FALSE,TRUE,40
"1.1.1.2.2.2.2.3.2.2.2.2.2.2.2.2.2.2.2.2.2.2",0.367541379109088,FALSE,TRUE,39
"1.1.2.1.2.2.2.3.2.2.2.2.2.2.2.2.2.2.2.2.2.2",0.340068341517597,FALSE,TRUE,39
"1.1.2.2.1.2.2.3.2.2.2.2.2.2.2.2.2.2.2.2.2.2",0.412002271688022,FALSE,TRUE,39
"1.1.2.2.2.1.2.3.2.2.2.2.2.2.2.2.2.2.2.2.2.2",0.453084325646241,FALSE,TRUE,39
"1.1.2.2.2.2.1.3.2.2.2.2.2.2.2.2.2.2.2.2.2.2",0.413702951800041,FALSE,TRUE,39
"1.1.2.2.2.2.2.3.1.2.2.2.2.2.2.2.2.2.2.2.2.2",0.385160265319185,FALSE,TRUE,39
"1.1.2.2.2.2.2.3.2.1.2.2.2.2.2.2.2.2.2.2.2.2",0.467054195941958,FALSE,TRUE,39
"1.1.2.2.2.2.2.3.2.2.1.2.2.2.2.2.2.2.2.2.2.2",0.491369986063451,FALSE,TRUE,39
"1.1.2.2.2.2.2.3.2.2.2.1.2.2.2.2.2.2.2.2.2.2",0.41179695460782,FALSE,TRUE,39
"1.1.2.2.2.2.2.3.2.2.2.2.1.2.2.2.2.2.2.2.2.2",0.405898996126082,FALSE,TRUE,38
"1.1.2.2.2.2.2.3.2.2.2.2.2.1.2.2.2.2.2.2.2.2",0.42799879583838,FALSE,TRUE,39
"1.1.2.2.2.2.2.3.2.2.2.2.2.2.1.2.2.2.2.2.2.2",0.430304151228225,FALSE,TRUE,39
"1.1.2.2.2.2.2.3.2.2.2.2.2.2.2.1.2.2.2.2.2.2",0.389804714666223,FALSE,TRUE,39
"1.1.2.2.2.2.2.3.2.2.2.2.2.2.2.2.1.2.2.2.2.2",0.422710791283585,FALSE,TRUE,39
"1.1.2.2.2.2.2.3.2.2.2.2.2.2.2.2.2.1.2.2.2.2",0.405324458780854,FALSE,TRUE,39
"1.1.2.2.2.2.2.3.2.2.2.2.2.2.2.2.2.2.1.2.2.2",0.411448233186592,FALSE,TRUE,39
"1.1.2.2.2.2.2.3.2.2.2.2.2.2.2.2.2.2.2.1.2.2",0.413331803859082,FALSE,TRUE,39
"1.1.2.2.2.2.2.3.2.2.2.2.2.2.2.2.2.2.2.2.1.2",0.392287026291549,FALSE,TRUE,39
"1.1.2.2.2.2.2.3.2.2.2.2.2.2.2.2.2.2.2.2.2.1",0.437641383419262,FALSE,TRUE,39
"3.2.3.2.1.3.1.2.2.2.2.1.2.2.2.2.1.2.2.2.2.2",0.42372283495823,FALSE,TRUE,38
"2.3.3.2.1.3.1.2.2.2.2.1.2.2.2.2.1.2.2.2.2.2",0.419305611004168,FALSE,TRUE,38
"2.2.4.2.1.3.1.2.2.2.2.1.2.2.2.2.1.2.2.2.2.2",0.414575963796224,FALSE,TRUE,38
"2.2.3.3.1.3.1.2.2.2.2.1.2.2.2.2.1.2.2.2.2.2",0.490050771357468,FALSE,TRUE,38
"2.2.3.2.1.4.1.2.2.2.2.1.2.2.2.2.1.2.2.2.2.2",0.341847470154113,FALSE,TRUE,38
"2.2.3.2.1.3.2.2.2.2.2.1.2.2.2.2.1.2.2.2.2.2",0.438522622478077,FALSE,TRUE,38
"2.2.3.2.1.3.1.3.2.2.2.1.2.2.2.2.1.2.2.2.2.2",0.423870047326468,FALSE,TRUE,38
"2.2.3.2.1.3.1.2.3.2.2.1.2.2.2.2.1.2.2.2.2.2",0.449685798143509,FALSE,TRUE,38
"2.2.3.2.1.3.1.2.2.3.2.1.2.2.2.2.1.2.2.2.2.2",0.377089129333041,FALSE,TRUE,38
"2.2.3.2.1.3.1.2.2.2.3.1.2.2.2.2.1.2.2.2.2.2",0.331639228592398,FALSE,TRUE,38
"2.2.3.2.1.3.1.2.2.2.2.1.3.2.2.2.1.2.2.2.2.2",0.430380173436483,FALSE,TRUE,38
"2.2.3.2.1.3.1.2.2.2.2.1.2.3.2.2.1.2.2.2.2.2",0.418499756239251,FALSE,TRUE,38
"2.2.3.2.1.3.1.2.2.2.2.1.2.2.3.2.1.2.2.2.2.2",0.398008727152024,FALSE,TRUE,38
"2.2.3.2.1.3.1.2.2.2.2.1.2.2.2.3.1.2.2.2.2.2",0.46184288599226,FALSE,TRUE,38
"2.2.3.2.1.3.1.2.2.2.2.1.2.2.2.2.2.2.2.2.2.2",0.408549037077573,FALSE,TRUE,39
"2.2.3.2.1.3.1.2.2.2.2.1.2.2.2.2.1.3.2.2.2.2",0.410191998218237,FALSE,TRUE,38
"2.2.3.2.1.3.1.2.2.2.2.1.2.2.2.2.1.2.3.2.2.2",0.407371863707413,FALSE,TRUE,38
"2.2.3.2.1.3.1.2.2.2.2.1.2.2.2.2.1.2.2.3.2.2",0.435168732463213,FALSE,TRUE,38
"2.2.3.2.1.3.1.2.2.2.2.1.2.2.2.2.1.2.2.2.3.2",0.437889587634808,FALSE,TRUE,38
"2.2.3.2.1.3.1.2.2.2.2.1.2.2.2.2.1.2.2.2.2.3",0.398172763600421,FALSE,TRUE,38
"1.2.3.2.1.3.1.2.2.2.2.1.2.2.2.2.1.2.2.2.2.2",0.345391133423977,FALSE,TRUE,37
"2.1.3.2.1.3.1.2.2.2.2.1.2.2.2.2.1.2.2.2.2.2",0.364416648556431,FALSE,TRUE,37
"2.2.2.2.1.3.1.2.2.2.2.1.2.2.2.2.1.2.2.2.2.2",0.367558270923107,FALSE,TRUE,38
"2.2.3.1.1.3.1.2.2.2.2.1.2.2.2.2.1.2.2.2.2.2",0.299452436346751,FALSE,TRUE,37
"2.2.3.2.1.2.1.2.2.2.2.1.2.2.2.2.1.2.2.2.2.2",0.442981305491041,FALSE,TRUE,37
"2.2.3.2.1.3.1.1.2.2.2.1.2.2.2.2.1.2.2.2.2.2",0.363758631847319,FALSE,TRUE,37
"2.2.3.2.1.3.1.2.1.2.2.1.2.2.2.2.1.2.2.2.2.2",0.333729751225601,FALSE,TRUE,37
"2.2.3.2.1.3.1.2.2.1.2.1.2.2.2.2.1.2.2.2.2.2",0.407424336287995,FALSE,TRUE,37
"2.2.3.2.1.3.1.2.2.2.1.1.2.2.2.2.1.2.2.2.2.2",0.456731885065973,FALSE,TRUE,37
"2.2.3.2.1.3.1.2.2.2.2.1.1.2.2.2.1.2.2.2.2.2",0.345937448567446,FALSE,TRUE,37
"2.2.3.2.1.3.1.2.2.2.2.1.2.1.2.2.1.2.2.2.2.2",0.363930032844913,FALSE,TRUE,37
"2.2.3.2.1.3.1.2.2.2.2.1.2.2.1.2.1.2.2.2.2.2",0.37776514979237,FALSE,TRUE,37
"2.2.3.2.1.3.1.2.2.2.2.1.2.2.2.1.1.2.2.2.2.2",0.320564075040244,FALSE,TRUE,37
"2.2.3.2.1.3.1.2.2.2.2.1.2.2.2.2.1.1.2.2.2.2",0.37100163212974,FALSE,TRUE,37
"2.2.3.2.1.3.1.2.2.2.2.1.2.2.2.2.1.2.1.2.2.2",0.374990029369864,FALSE,TRUE,37
"2.2.3.2.1.3.1.2.2.2.2.1.2.2.2.2.1.2.2.1.2.2",0.360363051143384,FALSE,TRUE,37
"2.2.3.2.1.3.1.2.2.2.2.1.2.2.2.2.1.2.2.2.1.2",0.348759594933836,FALSE,TRUE,37
"2.2.3.2.1.3.1.2.2.2.2.1.2.2.2.2.1.2.2.2.2.1",0.380307783700485,FALSE,TRUE,37
"3.2.1.2.2.2.1.1.2.2.2.2.2.2.2.2.2.2.2.2.2.1",0.379911548728646,FALSE,TRUE,37
"2.3.1.2.2.2.1.1.2.2.2.2.2.2.2.2.2.2.2.2.2.1",0.364833168047745,FALSE,TRUE,37
"2.2.2.2.2.2.1.1.2.2.2.2.2.2.2.2.2.2.2.2.2.1",0.420552783902116,FALSE,TRUE,36
"2.2.1.3.2.2.1.1.2.2.2.2.2.2.2.2.2.2.2.2.2.1",0.422546850562045,FALSE,TRUE,37
"2.2.1.2.3.2.1.1.2.2.2.2.2.2.2.2.2.2.2.2.2.1",0.384119799516767,FALSE,TRUE,37
"2.2.1.2.2.3.1.1.2.2.2.2.2.2.2.2.2.2.2.2.2.1",0.364371032891692,FALSE,TRUE,37
"2.2.1.2.2.2.2.1.2.2.2.2.2.2.2.2.2.2.2.2.2.1",0.408791185001422,FALSE,TRUE,38
"2.2.1.2.2.2.1.1.3.2.2.2.2.2.2.2.2.2.2.2.2.1",0.420246856991597,FALSE,TRUE,37
"2.2.1.2.2.2.1.1.2.3.2.2.2.2.2.2.2.2.2.2.2.1",0.375275036055233,FALSE,TRUE,37
"2.2.1.2.2.2.1.1.2.2.3.2.2.2.2.2.2.2.2.2.2.1",0.298569821409003,FALSE,TRUE,37
"2.2.1.2.2.2.1.1.2.2.2.3.2.2.2.2.2.2.2.2.2.1",0.425639932608092,FALSE,TRUE,37
"2.2.1.2.2.2.1.1.2.2.2.2.3.2.2.2.2.2.2.2.2.1",0.391249633171201,FALSE,TRUE,37
"2.2.1.2.2.2.1.1.2.2.2.2.2.3.2.2.2.2.2.2.2.1",0.416278868350741,FALSE,TRUE,37
"2.2.1.2.2.2.1.1.2.2.2.2.2.2.3.2.2.2.2.2.2.1",0.384137531876134,FALSE,TRUE,37
"2.2.1.2.2.2.1.1.2.2.2.2.2.2.2.3.2.2.2.2.2.1",0.377035663925548,FALSE,TRUE,37
"2.2.1.2.2.2.1.1.2.2.2.2.2.2.2.2.3.2.2.2.2.1",0.355456643238602,FALSE,TRUE,38
"2.2.1.2.2.2.1.1.2.2.2.2.2.2.2.2.2.3.2.2.2.1",0.319988357657008,FALSE,TRUE,37
"2.2.1.2.2.2.1.1.2.2.2.2.2.2.2.2.2.2.3.2.2.1",0.377385339287925,FALSE,TRUE,37
"2.2.1.2.2.2.1.1.2.2.2.2.2.2.2.2.2.2.2.3.2.1",0.365769289702453,FALSE,TRUE,36
"2.2.1.2.2.2.1.1.2.2.2.2.2.2.2.2.2.2.2.2.3.1",0.44536096075324,FALSE,TRUE,37
"1.2.1.2.2.2.1.1.2.2.2.2.2.2.2.2.2.2.2.2.2.1",0.333876261900403,FALSE,TRUE,36
"2.1.1.2.2.2.1.1.2.2.2.2.2.2.2.2.2.2.2.2.2.1",0.362021593026615,FALSE,TRUE,36
"2.2.1.1.2.2.1.1.2.2.2.2.2.2.2.2.2.2.2.2.2.1",0.310093034733599,FALSE,TRUE,36
"2.2.1.2.1.2.1.1.2.2.2.2.2.2.2.2.2.2.2.2.2.1",0.347699878378791,FALSE,TRUE,36
"2.2.1.2.2.1.1.1.2.2.2.2.2.2.2.2.2.2.2.2.2.1",0.365793739180435,FALSE,TRUE,36
"2.2.1.2.2.2.1.1.1.2.2.2.2.2.2.2.2.2.2.2.2.1",0.310012110023969,FALSE,TRUE,36
"2.2.1.2.2.2.1.1.2.1.2.2.2.2.2.2.2.2.2.2.2.1",0.355821114400484,FALSE,TRUE,35
"2.2.1.2.2.2.1.1.2.2.1.2.2.2.2.2.2.2.2.2.2.1",0.435251298001105,FALSE,TRUE,36
"2.2.1.2.2.2.1.1.2.2.2.2.1.2.2.2.2.2.2.2.2.1",0.326829628883518,FALSE,TRUE,36
"2.2.1.2.2.2.1.1.2.2.2.2.2.1.2.2.2.2.2.2.2.1",0.312915538996581,FALSE,TRUE,36
"2.2.1.2.2.2.1.1.2.2.2.2.2.2.1.2.2.2.2.2.2.1",0.338579054017797,FALSE,TRUE,36
"2.2.1.2.2.2.1.1.2.2.2.2.2.2.2.1.2.2.2.2.2.1",0.351672916315862,FALSE,TRUE,36
"2.2.1.2.2.2.1.1.2.2.2.2.2.2.2.2.2.1.2.2.2.1",0.409443671738611,FALSE,TRUE,36
"2.2.1.2.2.2.1.1.2.2.2.2.2.2.2.2.2.2.1.2.2.1",0.351098304026653,FALSE,TRUE,36
"2.2.1.2.2.2.1.1.2.2.2.2.2.2.2.2.2.2.2.1.2.1",0.376120030315322,FALSE,TRUE,36
"2.2.1.2.2.2.1.1.2.2.2.2.2.2.2.2.2.2.2.2.1.1",0.289532864362406,FALSE,TRUE,36
"3.2.2.2.3.2.2.2.2.2.2.3.2.2.2.2.2.2.2.2.1.2",0.437799091116302,FALSE,TRUE,41
"2.3.2.2.3.2.2.2.2.2.2.3.2.2.2.2.2.2.2.2.1.2",0.459268190394273,FALSE,TRUE,41
"2.2.3.2.3.2.2.2.2.2.2.3.2.2.2.2.2.2.2.2.1.2",0.484600093835874,FALSE,TRUE,41
"2.2.2.3.3.2.2.2.2.2.2.3.2.2.2.2.2.2.2.2.1.2",0.5301758330171,FALSE,TRUE,41
"2.2.2.2.4.2.2.2.2.2.2.3.2.2.2.2.2.2.2.2.1.2",0.432345818052611,FALSE,TRUE,41
"2.2.2.2.3.3.2.2.2.2.2.3.2.2.2.2.2.2.2.2.1.2",0.42668187428985,FALSE,TRUE,41
"2.2.2.2.3.2.3.2.2.2.2.3.2.2.2.2.2.2.2.2.1.2",0.458537789046387,FALSE,TRUE,41
"2.2.2.2.3.2.2.3.2.2.2.3.2.2.2.2.2.2.2.2.1.2",0.446430058348463,FALSE,TRUE,41
"2.2.2.2.3.2.2.2.3.2.2.3.2.2.2.2.2.2.2.2.1.2",0.487612716569342,FALSE,TRUE,41
"2.2.2.2.3.2.2.2.2.3.2.3.2.2.2.2.2.2.2.2.1.2",0.407470978027459,FALSE,TRUE,41
"2.2.2.2.3.2.2.2.2.2.3.3.2.2.2.2.2.2.2.2.1.2",0.389095346300183,FALSE,TRUE,41
"2.2.2.2.3.2.2.2.2.2.2.4.2.2.2.2.2.2.2.2.1.2",0.468574303231381,FALSE,TRUE,42
"2.2.2.2.3.2.2.2.2.2.2.3.3.2.2.2.2.2.2.2.1.2",0.479767817462099,FALSE,TRUE,41
"2.2.2.2.3.2.2.2.2.2.2.3.2.3.2.2.2.2.2.2.1.2",0.448118343743224,FALSE,TRUE,41
"2.2.2.2.3.2.2.2.2.2.2.3.2.2.3.2.2.2.2.2.1.2",0.437902075281968,FALSE,TRUE,41
"2.2.2.2.3.2.2.2.2.2.2.3.2.2.2.3.2.2.2.2.1.2",0.452146596715884,FALSE,TRUE,41
"2.2.2.2.3.2.2.2.2.2.2.3.2.2.2.2.3.2.2.2.1.2",0.422655388285422,FALSE,TRUE,41
"2.2.2.2.3.2.2.2.2.2.2.3.2.2.2.2.2.3.2.2.1.2",0.43925631707341,FALSE,TRUE,41
"2.2.2.2.3.2.2.2.2.2.2.3.2.2.2.2.2.2.3.2.1.2",0.442830877744626,FALSE,TRUE,40
"2.2.2.2.3.2.2.2.2.2.2.3.2.2.2.2.2.2.2.3.1.2",0.477714362520148,FALSE,TRUE,41
"2.2.2.2.3.2.2.2.2.2.2.3.2.2.2.2.2.2.2.2.1.3",0.436482906898544,FALSE,TRUE,41
"1.2.2.2.3.2.2.2.2.2.2.3.2.2.2.2.2.2.2.2.1.2",0.439870290825803,FALSE,TRUE,40
"2.1.2.2.3.2.2.2.2.2.2.3.2.2.2.2.2.2.2.2.1.2",0.428197723565147,FALSE,TRUE,40
"2.2.1.2.3.2.2.2.2.2.2.3.2.2.2.2.2.2.2.2.1.2",0.399354672801135,FALSE,TRUE,40
"2.2.2.1.3.2.2.2.2.2.2.3.2.2.2.2.2.2.2.2.1.2",0.360645033838647,FALSE,TRUE,40
"2.2.2.2.2.2.2.2.2.2.2.3.2.2.2.2.2.2.2.2.1.2",0.459606712356611,FALSE,TRUE,40
"2.2.2.2.3.1.2.2.2.2.2.3.2.2.2.2.2.2.2.2.1.2",0.462161410057053,FALSE,TRUE,40
"2.2.2.2.3.2.1.2.2.2.2.3.2.2.2.2.2.2.2.2.1.2",0.432640212417341,FALSE,TRUE,40
"2.2.2.2.3.2.2.1.2.2.2.3.2.2.2.2.2.2.2.2.1.2",0.448620766848164,FALSE,TRUE,40
"2.2.2.2.3.2.2.2.1.2.2.3.2.2.2.2.2.2.2.2.1.2",0.400420865578202,FALSE,TRUE,40
"2.2.2.2.3.2.2.2.2.1.2.3.2.2.2.2.2.2.2.2.1.2",0.487660189496059,FALSE,TRUE,40
"2.2.2.2.3.2.2.2.2.2.1.3.2.2.2.2.2.2.2.2.1.2",0.503352199775492,FALSE,TRUE,40
"2.2.2.2.3.2.2.2.2.2.2.3.1.2.2.2.2.2.2.2.1.2",0.399727570600391,FALSE,TRUE,40
"2.2.2.2.3.2.2.2.2.2.2.3.2.1.2.2.2.2.2.2.1.2",0.439330525392252,FALSE,TRUE,40
"2.2.2.2.3.2.2.2.2.2.2.3.2.2.1.2.2.2.2.2.1.2",0.443875482154797,FALSE,TRUE,40
"2.2.2.2.3.2.2.2.2.2.2.3.2.2.2.1.2.2.2.2.1.2",0.433777798159552,FALSE,TRUE,39
"2.2.2.2.3.2.2.2.2.2.2.3.2.2.2.2.1.2.2.2.1.2",0.465944866109263,FALSE,TRUE,39
"2.2.2.2.3.2.2.2.2.2.2.3.2.2.2.2.2.1.2.2.1.2",0.452704823018074,FALSE,TRUE,40
"2.2.2.2.3.2.2.2.2.2.2.3.2.2.2.2.2.2.1.2.1.2",0.448209071968434,FALSE,TRUE,40
"2.2.2.2.3.2.2.2.2.2.2.3.2.2.2.2.2.2.2.1.1.2",0.425845899335725,FALSE,TRUE,40
"2.2.2.2.3.2.2.2.2.2.2.3.2.2.2.2.2.2.2.2.1.1",0.450603654620677,FALSE,TRUE,40
