"karyotype","fitness","is_fq","is_nn","boundary_degree"
"2.2.2.2.2.2.2.2.2.2.2.2.2.2.2.2.2.2.2.2.2.2",0.412806555406009,TRUE,FALSE,0
"2.2.2.2.2.2.2.2.2.2.2.2.2.2.2.2.2.2.3.2.2.2",0.350867771148301,TRUE,FALSE,0
"2.2.2.2.2.2.2.2.1.2.2.2.2.2.2.2.2.2.2.2.2.2",0.387909284027401,TRUE,FALSE,0
"2.2.2.2.2.2.2.2.3.2.2.2.2.2.2.2.2.2.2.2.2.2",0.401056294504078,TRUE,FALSE,0
"3.2.2.2.2.2.2.2.1.2.2.2.2.2.2.2.2.2.2.2.2.2",0.341099588651881,TRUE,FALSE,0
"2.2.2.2.2.2.2.2.3.2.2.2.2.2.2.1.2.2.2.2.2.2",0.506556755549799,TRUE,FALSE,0
"3.2.2.2.3.2.2.2.1.2.2.2.2.2.2.2.2.2.2.2.2.2",0.350496896641726,TRUE,FALSE,0
"3.2.2.2.2.2.2.2.2.2.2.2.2.2.2.2.2.2.2.2.2.2",0.392238359685663,TRUE,FALSE,0
"2.2.2.2.2.2.2.2.1.2.2.2.2.2.1.2.2.2.2.2.2.2",0.499322394181086,TRUE,FALSE,0
"2.2.2.2.2.3.2.2.1.2.2.2.2.2.2.2.2.2.2.2.2.2",0.408475441604875,TRUE,FALSE,0
"2.2.2.2.2.2.2.2.1.2.2.2.2.2.1.2.2.2.2.2.1.2",0.464895137094937,TRUE,FALSE,0
"2.1.2.2.2.2.2.2.3.2.2.2.2.2.2.1.2.2.2.2.2.2",0.532479470111865,TRUE,FALSE,0
"3.2.2.2.3.2.2.2.1.2.3.2.2.2.2.2.2.2.2.2.2.2",0.279897753931882,TRUE,FALSE,0
"2.2.2.2.2.2.2.2.3.2.2.1.2.2.2.2.2.2.2.2.2.2",0.466377609301666,TRUE,FALSE,0
"2.2.2.2.2.3.2.2.1.2.2.2.2.2.2.2.1.2.2.2.2.2",0.363031693168204,TRUE,FALSE,0
"2.1.2.2.2.2.2.2.2.2.2.2.2.2.2.2.2.2.2.2.2.2",0.463910372129672,TRUE,FALSE,0
"2.2.2.2.2.2.2.1.2.2.2.2.2.2.2.2.2.2.3.2.2.2",0.303988598622,TRUE,FALSE,0
"2.2.2.2.2.2.3.2.3.2.2.2.2.2.2.1.2.2.2.2.2.2",0.507851705356171,TRUE,FALSE,0
"2.2.2.2.2.2.1.2.1.2.2.2.2.2.2.2.2.2.2.2.2.2",0.384566076428717,TRUE,FALSE,0
"2.2.2.2.2.2.2.2.3.2.2.1.2.2.2.2.2.2.2.3.2.2",0.428940810467863,TRUE,FALSE,0
"3.2.2.2.2.2.2.2.2.2.2.2.2.2.2.2.2.2.3.2.2.2",0.312943378176056,TRUE,FALSE,0
"3.2.2.2.2.2.2.2.2.2.1.2.2.2.2.2.2.2.3.2.2.2",0.301357467191669,TRUE,FALSE,0
"2.2.2.2.2.3.2.2.1.2.2.2.2.2.2.2.3.2.2.2.2.2",0.421538574414346,TRUE,FALSE,0
"2.2.2.2.2.3.2.2.1.2.3.2.2.2.2.2.2.2.2.2.2.2",0.362711584206444,TRUE,FALSE,0
"3.2.2.2.3.3.2.2.1.2.2.2.2.2.2.2.2.2.2.2.2.2",0.389141519453423,TRUE,FALSE,0
"2.2.2.2.2.2.3.2.3.1.2.2.2.2.2.1.2.2.2.2.2.2",0.568012155286024,TRUE,FALSE,0
"2.2.2.2.2.2.2.2.1.2.2.2.3.2.1.2.2.2.2.2.2.2",0.453790557640868,TRUE,FALSE,0
"2.2.2.2.2.2.3.2.3.2.2.2.2.2.2.1.2.2.2.3.2.2",0.497797051690842,TRUE,FALSE,0
"3.2.2.2.1.2.2.2.2.2.1.2.2.2.2.2.2.2.3.2.2.2",0.32011709018471,TRUE,FALSE,0
"2.2.1.2.2.2.2.2.2.2.2.2.2.2.2.2.2.2.2.2.2.2",0.442978301221213,TRUE,FALSE,0
"2.2.2.2.2.3.2.2.1.2.2.2.2.3.2.2.3.2.2.2.2.2",0.417124103549814,TRUE,FALSE,0
"3.2.2.2.2.2.2.2.2.2.1.2.2.2.2.2.2.2.3.2.2.3",0.217043826847243,TRUE,FALSE,0
"2.2.2.1.2.3.2.2.1.2.2.2.2.2.2.2.2.2.2.2.2.2",0.392213532905968,TRUE,FALSE,0
"1.2.2.2.2.3.2.2.1.2.3.2.2.2.2.2.2.2.2.2.2.2",0.442417697705623,TRUE,FALSE,0
"3.2.2.2.3.3.2.1.1.2.2.2.2.2.2.2.2.2.2.2.2.2",0.327491053564592,TRUE,FALSE,0
"1.1.2.2.2.3.2.2.1.2.3.2.2.2.2.2.2.2.2.2.2.2",0.490009815633002,TRUE,FALSE,0
"2.2.2.2.2.2.2.1.1.2.2.2.2.2.1.2.2.2.2.2.2.2",0.442968024261944,TRUE,FALSE,0
"1.2.1.2.2.2.2.2.2.2.2.2.2.2.2.2.2.2.2.2.2.2",0.448679835985508,TRUE,FALSE,0
"2.1.2.2.2.2.1.2.3.2.2.2.2.2.2.1.2.2.2.2.2.2",0.474073767122952,TRUE,FALSE,0
"2.2.1.2.2.3.2.2.1.2.2.2.2.2.2.2.2.2.2.2.2.2",0.411206360430783,TRUE,FALSE,0
"2.2.1.2.2.3.2.2.1.2.1.2.2.2.2.2.2.2.2.2.2.2",0.43630537376234,TRUE,FALSE,0
"3.2.2.2.1.2.2.2.2.1.1.2.2.2.2.2.2.2.3.2.2.2",0.368014618633133,TRUE,FALSE,0
"2.2.2.2.2.2.2.1.1.2.2.2.1.2.1.2.2.2.2.2.2.2",0.489669779194742,TRUE,FALSE,0
"2.2.2.2.2.2.2.2.3.2.2.1.2.2.2.2.1.2.2.3.2.2",0.384409326036782,TRUE,FALSE,0
"2.2.2.2.2.3.2.1.1.2.2.2.2.2.1.2.2.2.2.2.2.2",0.446004955149552,TRUE,FALSE,0
"2.2.2.2.2.3.2.2.1.2.1.2.2.3.2.2.3.2.2.2.2.2",0.346989139450879,TRUE,FALSE,0
"4.2.2.2.2.2.2.2.2.2.2.2.2.2.2.2.2.2.2.2.2.2",0.352983391928205,TRUE,FALSE,0
"2.2.2.2.2.3.3.2.1.2.2.2.2.2.2.2.3.2.2.2.2.2",0.41082144944591,TRUE,FALSE,0
"2.2.2.3.2.3.2.2.1.2.2.2.2.2.2.2.3.2.2.2.2.2",0.387726589745794,TRUE,FALSE,0
"1.2.2.2.2.3.2.2.1.2.3.2.2.3.2.2.2.2.2.2.2.2",0.483028744282241,TRUE,FALSE,0
"2.3.2.2.2.2.2.2.2.2.2.2.2.2.2.2.2.2.2.2.2.2",0.340109038806484,FALSE,TRUE,38
"2.2.3.2.2.2.2.2.2.2.2.2.2.2.2.2.2.2.2.2.2.2",0.344445232304716,FALSE,TRUE,38
"2.2.2.3.2.2.2.2.2.2.2.2.2.2.2.2.2.2.2.2.2.2",0.390849381299957,FALSE,TRUE,37
"2.2.2.2.3.2.2.2.2.2.2.2.2.2.2.2.2.2.2.2.2.2",0.421293977245408,FALSE,TRUE,37
"2.2.2.2.2.3.2.2.2.2.2.2.2.2.2.2.2.2.2.2.2.2",0.444053532060022,FALSE,TRUE,33
"2.2.2.2.2.2.3.2.2.2.2.2.2.2.2.2.2.2.2.2.2.2",0.40202440237648,FALSE,TRUE,36
"2.2.2.2.2.2.2.3.2.2.2.2.2.2.2.2.2.2.2.2.2.2",0.422637373362363,FALSE,TRUE,37
"2.2.2.2.2.2.2.2.2.3.2.2.2.2.2.2.2.2.2.2.2.2",0.311070894557682,FALSE,TRUE,37
"2.2.2.2.2.2.2.2.2.2.3.2.2.2.2.2.2.2.2.2.2.2",0.386809679536484,FALSE,TRUE,36
"2.2.2.2.2.2.2.2.2.2.2.3.2.2.2.2.2.2.2.2.2.2",0.311770148970478,FALSE,TRUE,37
"2.2.2.2.2.2.2.2.2.2.2.2.3.2.2.2.2.2.2.2.2.2",0.333032784903271,FALSE,TRUE,36
"2.2.2.2.2.2.2.2.2.2.2.2.2.3.2.2.2.2.2.2.2.2",0.378364436393608,FALSE,TRUE,37
"2.2.2.2.2.2.2.2.2.2.2.2.2.2.3.2.2.2.2.2.2.2",0.203566541714417,FALSE,TRUE,37
"2.2.2.2.2.2.2.2.2.2.2.2.2.2.2.3.2.2.2.2.2.2",0.315224654910972,FALSE,TRUE,37
"2.2.2.2.2.2.2.2.2.2.2.2.2.2.2.2.3.2.2.2.2.2",0.432093267564455,FALSE,TRUE,36
"2.2.2.2.2.2.2.2.2.2.2.2.2.2.2.2.2.3.2.2.2.2",0.444112695346293,FALSE,TRUE,37
"2.2.2.2.2.2.2.2.2.2.2.2.2.2.2.2.2.2.2.3.2.2",0.393995365283118,FALSE,TRUE,36
"2.2.2.2.2.2.2.2.2.2.2.2.2.2.2.2.2.2.2.2.3.2",0.420349221812206,FALSE,TRUE,37
"2.2.2.2.2.2.2.2.2.2.2.2.2.2.2.2.2.2.2.2.2.3",0.310750939424207,FALSE,TRUE,37
"1.2.2.2.2.2.2.2.2.2.2.2.2.2.2.2.2.2.2.2.2.2",0.411981530929994,FALSE,TRUE,37
"2.2.2.1.2.2.2.2.2.2.2.2.2.2.2.2.2.2.2.2.2.2",0.393115693451076,FALSE,TRUE,35
"2.2.2.2.1.2.2.2.2.2.2.2.2.2.2.2.2.2.2.2.2.2",0.426196770936712,FALSE,TRUE,36
"2.2.2.2.2.1.2.2.2.2.2.2.2.2.2.2.2.2.2.2.2.2",0.384592105622892,FALSE,TRUE,36
"2.2.2.2.2.2.1.2.2.2.2.2.2.2.2.2.2.2.2.2.2.2",0.407207776009635,FALSE,TRUE,36
"2.2.2.2.2.2.2.1.2.2.2.2.2.2.2.2.2.2.2.2.2.2",0.358341589629965,FALSE,TRUE,35
"2.2.2.2.2.2.2.2.2.1.2.2.2.2.2.2.2.2.2.2.2.2",0.490245413563888,FALSE,TRUE,36
"2.2.2.2.2.2.2.2.2.2.1.2.2.2.2.2.2.2.2.2.2.2",0.387870834327697,FALSE,TRUE,36
"2.2.2.2.2.2.2.2.2.2.2.1.2.2.2.2.2.2.2.2.2.2",0.497250597877215,FALSE,TRUE,35
"2.2.2.2.2.2.2.2.2.2.2.2.1.2.2.2.2.2.2.2.2.2",0.46183471431489,FALSE,TRUE,36
"2.2.2.2.2.2.2.2.2.2.2.2.2.1.2.2.2.2.2.2.2.2",0.426538852076012,FALSE,TRUE,36
"2.2.2.2.2.2.2.2.2.2.2.2.2.2.1.2.2.2.2.2.2.2",0.541279138212924,FALSE,TRUE,33
"2.2.2.2.2.2.2.2.2.2.2.2.2.2.2.1.2.2.2.2.2.2",0.491155395591469,FALSE,TRUE,35
"2.2.2.2.2.2.2.2.2.2.2.2.2.2.2.2.1.2.2.2.2.2",0.35770298548159,FALSE,TRUE,35
"2.2.2.2.2.2.2.2.2.2.2.2.2.2.2.2.2.1.2.2.2.2",0.347762376210247,FALSE,TRUE,36
"2.2.2.2.2.2.2.2.2.2.2.2.2.2.2.2.2.2.1.2.2.2",0.444925627913828,FALSE,TRUE,37
"2.2.2.2.2.2.2.2.2.2.2.2.2.2.2.2.2.2.2.1.2.2",0.405134487447835,FALSE,TRUE,36
"2.2.2.2.2.2.2.2.2.2.2.2.2.2.2.2.2.2.2.2.1.2",0.407022327116522,FALSE,TRUE,35
"2.2.2.2.2.2.2.2.2.2.2.2.2.2.2.2.2.2.2.2.2.1",0.463162222335515,FALSE,TRUE,36
"2.3.2.2.2.2.2.2.2.2.2.2.2.2.2.2.2.2.3.2.2.2",0.308642907895896,FALSE,TRUE,40
"2.2.3.2.2.2.2.2.2.2.2.2.2.2.2.2.2.2.3.2.2.2",0.264768888566743,FALSE,TRUE,40
"2.2.2.3.2.2.2.2.2.2.2.2.2.2.2.2.2.2.3.2.2.2",0.31344718585065,FALSE,TRUE,40
"2.2.2.2.3.2.2.2.2.2.2.2.2.2.2.2.2.2.3.2.2.2",0.391943647046345,FALSE,TRUE,40
"2.2.2.2.2.3.2.2.2.2.2.2.2.2.2.2.2.2.3.2.2.2",0.368452947687387,FALSE,TRUE,39
"2.2.2.2.2.2.3.2.2.2.2.2.2.2.2.2.2.2.3.2.2.2",0.345627262844642,FALSE,TRUE,40
"2.2.2.2.2.2.2.3.2.2.2.2.2.2.2.2.2.2.3.2.2.2",0.357666469700617,FALSE,TRUE,41
"2.2.2.2.2.2.2.2.3.2.2.2.2.2.2.2.2.2.3.2.2.2",0.349242199783307,FALSE,TRUE,38
"2.2.2.2.2.2.2.2.2.3.2.2.2.2.2.2.2.2.3.2.2.2",0.245985492525263,FALSE,TRUE,40
"2.2.2.2.2.2.2.2.2.2.3.2.2.2.2.2.2.2.3.2.2.2",0.352791656150309,FALSE,TRUE,40
"2.2.2.2.2.2.2.2.2.2.2.3.2.2.2.2.2.2.3.2.2.2",0.229154674242174,FALSE,TRUE,40
"2.2.2.2.2.2.2.2.2.2.2.2.3.2.2.2.2.2.3.2.2.2",0.274308251853332,FALSE,TRUE,40
"2.2.2.2.2.2.2.2.2.2.2.2.2.3.2.2.2.2.3.2.2.2",0.327488469832895,FALSE,TRUE,40
"2.2.2.2.2.2.2.2.2.2.2.2.2.2.3.2.2.2.3.2.2.2",0.151217862255194,FALSE,TRUE,40
"2.2.2.2.2.2.2.2.2.2.2.2.2.2.2.3.2.2.3.2.2.2",0.279331794224135,FALSE,TRUE,40
"2.2.2.2.2.2.2.2.2.2.2.2.2.2.2.2.3.2.3.2.2.2",0.334949326961183,FALSE,TRUE,40
"2.2.2.2.2.2.2.2.2.2.2.2.2.2.2.2.2.3.3.2.2.2",0.357833838186436,FALSE,TRUE,40
"2.2.2.2.2.2.2.2.2.2.2.2.2.2.2.2.2.2.4.2.2.2",0.277905710289839,FALSE,TRUE,41
"2.2.2.2.2.2.2.2.2.2.2.2.2.2.2.2.2.2.3.3.2.2",0.310626868655556,FALSE,TRUE,40
"2.2.2.2.2.2.2.2.2.2.2.2.2.2.2.2.2.2.3.2.3.2",0.359678358837322,FALSE,TRUE,40
"2.2.2.2.2.2.2.2.2.2.2.2.2.2.2.2.2.2.3.2.2.3",0.214559936706796,FALSE,TRUE,39
"1.2.2.2.2.2.2.2.2.2.2.2.2.2.2.2.2.2.3.2.2.2",0.372506094896659,FALSE,TRUE,39
"2.1.2.2.2.2.2.2.2.2.2.2.2.2.2.2.2.2.3.2.2.2",0.378819077012136,FALSE,TRUE,39
"2.2.1.2.2.2.2.2.2.2.2.2.2.2.2.2.2.2.3.2.2.2",0.412312287641024,FALSE,TRUE,38
"2.2.2.1.2.2.2.2.2.2.2.2.2.2.2.2.2.2.3.2.2.2",0.353933185044024,FALSE,TRUE,39
"2.2.2.2.1.2.2.2.2.2.2.2.2.2.2.2.2.2.3.2.2.2",0.337176828549537,FALSE,TRUE,38
"2.2.2.2.2.1.2.2.2.2.2.2.2.2.2.2.2.2.3.2.2.2",0.33964496203167,FALSE,TRUE,39
"2.2.2.2.2.2.1.2.2.2.2.2.2.2.2.2.2.2.3.2.2.2",0.346362805403314,FALSE,TRUE,38
"2.2.2.2.2.2.2.2.1.2.2.2.2.2.2.2.2.2.3.2.2.2",0.321848492429705,FALSE,TRUE,36
"2.2.2.2.2.2.2.2.2.1.2.2.2.2.2.2.2.2.3.2.2.2",0.440374525766987,FALSE,TRUE,39
"2.2.2.2.2.2.2.2.2.2.1.2.2.2.2.2.2.2.3.2.2.2",0.298844096432906,FALSE,TRUE,37
"2.2.2.2.2.2.2.2.2.2.2.1.2.2.2.2.2.2.3.2.2.2",0.472563821498155,FALSE,TRUE,38
"2.2.2.2.2.2.2.2.2.2.2.2.1.2.2.2.2.2.3.2.2.2",0.398650962338238,FALSE,TRUE,39
"2.2.2.2.2.2.2.2.2.2.2.2.2.1.2.2.2.2.3.2.2.2",0.365453717609474,FALSE,TRUE,39
"2.2.2.2.2.2.2.2.2.2.2.2.2.2.1.2.2.2.3.2.2.2",0.488048603102487,FALSE,TRUE,38
"2.2.2.2.2.2.2.2.2.2.2.2.2.2.2.1.2.2.3.2.2.2",0.412114907966068,FALSE,TRUE,38
"2.2.2.2.2.2.2.2.2.2.2.2.2.2.2.2.1.2.3.2.2.2",0.335212028184383,FALSE,TRUE,39
"2.2.2.2.2.2.2.2.2.2.2.2.2.2.2.2.2.1.3.2.2.2",0.319796844818365,FALSE,TRUE,39
"2.2.2.2.2.2.2.2.2.2.2.2.2.2.2.2.2.2.3.1.2.2",0.370856527324543,FALSE,TRUE,39
"2.2.2.2.2.2.2.2.2.2.2.2.2.2.2.2.2.2.3.2.1.2",0.348525606145222,FALSE,TRUE,39
"2.2.2.2.2.2.2.2.2.2.2.2.2.2.2.2.2.2.3.2.2.1",0.441458944777671,FALSE,TRUE,39
"2.3.2.2.2.2.2.2.1.2.2.2.2.2.2.2.2.2.2.2.2.2",0.329136077987964,FALSE,TRUE,37
"2.2.3.2.2.2.2.2.1.2.2.2.2.2.2.2.2.2.2.2.2.2",0.330152165028465,FALSE,TRUE,37
"2.2.2.3.2.2.2.2.1.2.2.2.2.2.2.2.2.2.2.2.2.2",0.379062958804314,FALSE,TRUE,36
"2.2.2.2.3.2.2.2.1.2.2.2.2.2.2.2.2.2.2.2.2.2",0.410348204728614,FALSE,TRUE,36
"2.2.2.2.2.2.3.2.1.2.2.2.2.2.2.2.2.2.2.2.2.2",0.37455000666849,FALSE,TRUE,37
"2.2.2.2.2.2.2.3.1.2.2.2.2.2.2.2.2.2.2.2.2.2",0.386546772713354,FALSE,TRUE,37
"2.2.2.2.2.2.2.2.1.3.2.2.2.2.2.2.2.2.2.2.2.2",0.291207377755374,FALSE,TRUE,37
"2.2.2.2.2.2.2.2.1.2.3.2.2.2.2.2.2.2.2.2.2.2",0.340248769111323,FALSE,TRUE,35
"2.2.2.2.2.2.2.2.1.2.2.3.2.2.2.2.2.2.2.2.2.2",0.292288877000763,FALSE,TRUE,37
"2.2.2.2.2.2.2.2.1.2.2.2.3.2.2.2.2.2.2.2.2.2",0.315599533717965,FALSE,TRUE,37
"2.2.2.2.2.2.2.2.1.2.2.2.2.3.2.2.2.2.2.2.2.2",0.38498089024947,FALSE,TRUE,36
"2.2.2.2.2.2.2.2.1.2.2.2.2.2.3.2.2.2.2.2.2.2",0.195034489706449,FALSE,TRUE,38
"2.2.2.2.2.2.2.2.1.2.2.2.2.2.2.3.2.2.2.2.2.2",0.321459054089773,FALSE,TRUE,37
"2.2.2.2.2.2.2.2.1.2.2.2.2.2.2.2.3.2.2.2.2.2",0.41819873179426,FALSE,TRUE,34
"2.2.2.2.2.2.2.2.1.2.2.2.2.2.2.2.2.3.2.2.2.2",0.431204336470634,FALSE,TRUE,37
"2.2.2.2.2.2.2.2.1.2.2.2.2.2.2.2.2.2.2.3.2.2",0.37224115224969,FALSE,TRUE,37
"2.2.2.2.2.2.2.2.1.2.2.2.2.2.2.2.2.2.2.2.3.2",0.416510348932402,FALSE,TRUE,37
"2.2.2.2.2.2.2.2.1.2.2.2.2.2.2.2.2.2.2.2.2.3",0.287309673933611,FALSE,TRUE,37
"1.2.2.2.2.2.2.2.1.2.2.2.2.2.2.2.2.2.2.2.2.2",0.411361835219141,FALSE,TRUE,35
"2.1.2.2.2.2.2.2.1.2.2.2.2.2.2.2.2.2.2.2.2.2",0.425856971699805,FALSE,TRUE,36
"2.2.1.2.2.2.2.2.1.2.2.2.2.2.2.2.2.2.2.2.2.2",0.404331361405621,FALSE,TRUE,34
"2.2.2.1.2.2.2.2.1.2.2.2.2.2.2.2.2.2.2.2.2.2",0.35608821974741,FALSE,TRUE,36
"2.2.2.2.1.2.2.2.1.2.2.2.2.2.2.2.2.2.2.2.2.2",0.388685088359562,FALSE,TRUE,36
"2.2.2.2.2.1.2.2.1.2.2.2.2.2.2.2.2.2.2.2.2.2",0.372228172430158,FALSE,TRUE,37
"2.2.2.2.2.2.2.1.1.2.2.2.2.2.2.2.2.2.2.2.2.2",0.348246763229387,FALSE,TRUE,34
"2.2.2.2.2.2.2.2.1.1.2.2.2.2.2.2.2.2.2.2.2.2",0.468015165041091,FALSE,TRUE,36
"2.2.2.2.2.2.2.2.1.2.1.2.2.2.2.2.2.2.2.2.2.2",0.387810273640734,FALSE,TRUE,35
"2.2.2.2.2.2.2.2.1.2.2.1.2.2.2.2.2.2.2.2.2.2",0.478478398395719,FALSE,TRUE,36
"2.2.2.2.2.2.2.2.1.2.2.2.1.2.2.2.2.2.2.2.2.2",0.442335361911218,FALSE,TRUE,35
"2.2.2.2.2.2.2.2.1.2.2.2.2.1.2.2.2.2.2.2.2.2",0.364736289679852,FALSE,TRUE,36
"2.2.2.2.2.2.2.2.1.2.2.2.2.2.2.1.2.2.2.2.2.2",0.430390980414614,FALSE,TRUE,36
"2.2.2.2.2.2.2.2.1.2.2.2.2.2.2.2.1.2.2.2.2.2",0.324755487273166,FALSE,TRUE,36
"2.2.2.2.2.2.2.2.1.2.2.2.2.2.2.2.2.1.2.2.2.2",0.311785888508826,FALSE,TRUE,36
"2.2.2.2.2.2.2.2.1.2.2.2.2.2.2.2.2.2.1.2.2.2",0.423615071430772,FALSE,TRUE,36
"2.2.2.2.2.2.2.2.1.2.2.2.2.2.2.2.2.2.2.1.2.2",0.379319685729867,FALSE,TRUE,36
"2.2.2.2.2.2.2.2.1.2.2.2.2.2.2.2.2.2.2.2.1.2",0.362798551813444,FALSE,TRUE,36
"2.2.2.2.2.2.2.2.1.2.2.2.2.2.2.2.2.2.2.2.2.1",0.440206597605383,FALSE,TRUE,36
"3.2.2.2.2.2.2.2.3.2.2.2.2.2.2.2.2.2.2.2.2.2",0.409184625885945,FALSE,TRUE,38
"2.3.2.2.2.2.2.2.3.2.2.2.2.2.2.2.2.2.2.2.2.2",0.316761942676221,FALSE,TRUE,40
"2.2.3.2.2.2.2.2.3.2.2.2.2.2.2.2.2.2.2.2.2.2",0.326631168202986,FALSE,TRUE,40
"2.2.2.3.2.2.2.2.3.2.2.2.2.2.2.2.2.2.2.2.2.2",0.36880670574276,FALSE,TRUE,40
"2.2.2.2.3.2.2.2.3.2.2.2.2.2.2.2.2.2.2.2.2.2",0.397772784593532,FALSE,TRUE,40
"2.2.2.2.2.3.2.2.3.2.2.2.2.2.2.2.2.2.2.2.2.2",0.443666605635866,FALSE,TRUE,40
"2.2.2.2.2.2.3.2.3.2.2.2.2.2.2.2.2.2.2.2.2.2",0.389614057312183,FALSE,TRUE,38
"2.2.2.2.2.2.2.3.3.2.2.2.2.2.2.2.2.2.2.2.2.2",0.420579414279462,FALSE,TRUE,40
"2.2.2.2.2.2.2.2.4.2.2.2.2.2.2.2.2.2.2.2.2.2",0.354601422680626,FALSE,TRUE,41
"2.2.2.2.2.2.2.2.3.3.2.2.2.2.2.2.2.2.2.2.2.2",0.300627147758482,FALSE,TRUE,40
"2.2.2.2.2.2.2.2.3.2.3.2.2.2.2.2.2.2.2.2.2.2",0.395070640430811,FALSE,TRUE,40
"2.2.2.2.2.2.2.2.3.2.2.3.2.2.2.2.2.2.2.2.2.2",0.307653262195101,FALSE,TRUE,41
"2.2.2.2.2.2.2.2.3.2.2.2.3.2.2.2.2.2.2.2.2.2",0.323665746400354,FALSE,TRUE,40
"2.2.2.2.2.2.2.2.3.2.2.2.2.3.2.2.2.2.2.2.2.2",0.34029869545569,FALSE,TRUE,40
"2.2.2.2.2.2.2.2.3.2.2.2.2.2.3.2.2.2.2.2.2.2",0.192516441794199,FALSE,TRUE,40
"2.2.2.2.2.2.2.2.3.2.2.2.2.2.2.3.2.2.2.2.2.2",0.28429063567777,FALSE,TRUE,41
"2.2.2.2.2.2.2.2.3.2.2.2.2.2.2.2.3.2.2.2.2.2",0.406007449266956,FALSE,TRUE,40
"2.2.2.2.2.2.2.2.3.2.2.2.2.2.2.2.2.3.2.2.2.2",0.425176426002949,FALSE,TRUE,40
"2.2.2.2.2.2.2.2.3.2.2.2.2.2.2.2.2.2.2.3.2.2",0.383804300325377,FALSE,TRUE,38
"2.2.2.2.2.2.2.2.3.2.2.2.2.2.2.2.2.2.2.2.3.2",0.391855374908324,FALSE,TRUE,40
"2.2.2.2.2.2.2.2.3.2.2.2.2.2.2.2.2.2.2.2.2.3",0.311783554665961,FALSE,TRUE,40
"1.2.2.2.2.2.2.2.3.2.2.2.2.2.2.2.2.2.2.2.2.2",0.374946530501332,FALSE,TRUE,38
"2.1.2.2.2.2.2.2.3.2.2.2.2.2.2.2.2.2.2.2.2.2",0.464310511559697,FALSE,TRUE,38
"2.2.1.2.2.2.2.2.3.2.2.2.2.2.2.2.2.2.2.2.2.2",0.440640560441341,FALSE,TRUE,38
"2.2.2.1.2.2.2.2.3.2.2.2.2.2.2.2.2.2.2.2.2.2",0.39735444342559,FALSE,TRUE,39
"2.2.2.2.1.2.2.2.3.2.2.2.2.2.2.2.2.2.2.2.2.2",0.425665582461187,FALSE,TRUE,39
"2.2.2.2.2.1.2.2.3.2.2.2.2.2.2.2.2.2.2.2.2.2",0.360693386082261,FALSE,TRUE,39
"2.2.2.2.2.2.1.2.3.2.2.2.2.2.2.2.2.2.2.2.2.2",0.39603247064854,FALSE,TRUE,38
"2.2.2.2.2.2.2.1.3.2.2.2.2.2.2.2.2.2.2.2.2.2",0.335269802639166,FALSE,TRUE,38
"2.2.2.2.2.2.2.2.3.1.2.2.2.2.2.2.2.2.2.2.2.2",0.471628614337531,FALSE,TRUE,38
"2.2.2.2.2.2.2.2.3.2.1.2.2.2.2.2.2.2.2.2.2.2",0.356867892197317,FALSE,TRUE,39
"2.2.2.2.2.2.2.2.3.2.2.2.1.2.2.2.2.2.2.2.2.2",0.436037177131072,FALSE,TRUE,39
"2.2.2.2.2.2.2.2.3.2.2.2.2.1.2.2.2.2.2.2.2.2",0.448210876950629,FALSE,TRUE,39
"2.2.2.2.2.2.2.2.3.2.2.2.2.2.1.2.2.2.2.2.2.2",0.535163001230934,FALSE,TRUE,39
"2.2.2.2.2.2.2.2.3.2.2.2.2.2.2.2.1.2.2.2.2.2",0.358264284603103,FALSE,TRUE,38
"2.2.2.2.2.2.2.2.3.2.2.2.2.2.2.2.2.1.2.2.2.2",0.345284829279004,FALSE,TRUE,39
"2.2.2.2.2.2.2.2.3.2.2.2.2.2.2.2.2.2.1.2.2.2",0.426713831970778,FALSE,TRUE,39
"2.2.2.2.2.2.2.2.3.2.2.2.2.2.2.2.2.2.2.1.2.2",0.391506620408437,FALSE,TRUE,39
"2.2.2.2.2.2.2.2.3.2.2.2.2.2.2.2.2.2.2.2.1.2",0.411702187893275,FALSE,TRUE,39
"2.2.2.2.2.2.2.2.3.2.2.2.2.2.2.2.2.2.2.2.2.1",0.43792486132469,FALSE,TRUE,39
"4.2.2.2.2.2.2.2.1.2.2.2.2.2.2.2.2.2.2.2.2.2",0.27929166845836,FALSE,TRUE,40
"3.3.2.2.2.2.2.2.1.2.2.2.2.2.2.2.2.2.2.2.2.2",0.275852295093686,FALSE,TRUE,39
"3.2.3.2.2.2.2.2.1.2.2.2.2.2.2.2.2.2.2.2.2.2",0.300100679814331,FALSE,TRUE,39
"3.2.2.3.2.2.2.2.1.2.2.2.2.2.2.2.2.2.2.2.2.2",0.364655750718399,FALSE,TRUE,39
"3.2.2.2.2.3.2.2.1.2.2.2.2.2.2.2.2.2.2.2.2.2",0.33815528423359,FALSE,TRUE,33
"3.2.2.2.2.2.3.2.1.2.2.2.2.2.2.2.2.2.2.2.2.2",0.31458247304095,FALSE,TRUE,39
"3.2.2.2.2.2.2.3.1.2.2.2.2.2.2.2.2.2.2.2.2.2",0.337715771874261,FALSE,TRUE,39
"3.2.2.2.2.2.2.2.1.3.2.2.2.2.2.2.2.2.2.2.2.2",0.256809097058092,FALSE,TRUE,39
"3.2.2.2.2.2.2.2.1.2.3.2.2.2.2.2.2.2.2.2.2.2",0.256555609093768,FALSE,TRUE,38
"3.2.2.2.2.2.2.2.1.2.2.3.2.2.2.2.2.2.2.2.2.2",0.247881118053263,FALSE,TRUE,39
"3.2.2.2.2.2.2.2.1.2.2.2.3.2.2.2.2.2.2.2.2.2",0.251649404746963,FALSE,TRUE,38
"3.2.2.2.2.2.2.2.1.2.2.2.2.3.2.2.2.2.2.2.2.2",0.345896663496078,FALSE,TRUE,39
"3.2.2.2.2.2.2.2.1.2.2.2.2.2.3.2.2.2.2.2.2.2",0.168870396781531,FALSE,TRUE,39
"3.2.2.2.2.2.2.2.1.2.2.2.2.2.2.3.2.2.2.2.2.2",0.265176726135217,FALSE,TRUE,39
"3.2.2.2.2.2.2.2.1.2.2.2.2.2.2.2.3.2.2.2.2.2",0.390934811365475,FALSE,TRUE,38
"3.2.2.2.2.2.2.2.1.2.2.2.2.2.2.2.2.3.2.2.2.2",0.371075343255205,FALSE,TRUE,39
"3.2.2.2.2.2.2.2.1.2.2.2.2.2.2.2.2.2.3.2.2.2",0.25572519282362,FALSE,TRUE,38
"3.2.2.2.2.2.2.2.1.2.2.2.2.2.2.2.2.2.2.3.2.2",0.347812855331727,FALSE,TRUE,39
"3.2.2.2.2.2.2.2.1.2.2.2.2.2.2.2.2.2.2.2.3.2",0.388145972722615,FALSE,TRUE,39
"3.2.2.2.2.2.2.2.1.2.2.2.2.2.2.2.2.2.2.2.2.3",0.270762904550362,FALSE,TRUE,39
"3.1.2.2.2.2.2.2.1.2.2.2.2.2.2.2.2.2.2.2.2.2",0.38855984422179,FALSE,TRUE,38
"3.2.1.2.2.2.2.2.1.2.2.2.2.2.2.2.2.2.2.2.2.2",0.349898831633911,FALSE,TRUE,37
"3.2.2.1.2.2.2.2.1.2.2.2.2.2.2.2.2.2.2.2.2.2",0.282583047449404,FALSE,TRUE,37
"3.2.2.2.1.2.2.2.1.2.2.2.2.2.2.2.2.2.2.2.2.2",0.357102543333463,FALSE,TRUE,39
"3.2.2.2.2.1.2.2.1.2.2.2.2.2.2.2.2.2.2.2.2.2",0.352109716995598,FALSE,TRUE,38
"3.2.2.2.2.2.1.2.1.2.2.2.2.2.2.2.2.2.2.2.2.2",0.354248209242802,FALSE,TRUE,38
"3.2.2.2.2.2.2.1.1.2.2.2.2.2.2.2.2.2.2.2.2.2",0.305274739752816,FALSE,TRUE,36
"3.2.2.2.2.2.2.2.1.1.2.2.2.2.2.2.2.2.2.2.2.2",0.410720086361437,FALSE,TRUE,38
"3.2.2.2.2.2.2.2.1.2.1.2.2.2.2.2.2.2.2.2.2.2",0.380325622282892,FALSE,TRUE,37
"3.2.2.2.2.2.2.2.1.2.2.1.2.2.2.2.2.2.2.2.2.2",0.429452160648538,FALSE,TRUE,38
"3.2.2.2.2.2.2.2.1.2.2.2.1.2.2.2.2.2.2.2.2.2",0.406568125620863,FALSE,TRUE,38
"3.2.2.2.2.2.2.2.1.2.2.2.2.1.2.2.2.2.2.2.2.2",0.323087674268172,FALSE,TRUE,38
"3.2.2.2.2.2.2.2.1.2.2.2.2.2.1.2.2.2.2.2.2.2",0.443940899706088,FALSE,TRUE,35
"3.2.2.2.2.2.2.2.1.2.2.2.2.2.2.1.2.2.2.2.2.2",0.402774573596933,FALSE,TRUE,38
"3.2.2.2.2.2.2.2.1.2.2.2.2.2.2.2.1.2.2.2.2.2",0.259801523766613,FALSE,TRUE,37
"3.2.2.2.2.2.2.2.1.2.2.2.2.2.2.2.2.1.2.2.2.2",0.285849358102117,FALSE,TRUE,38
"3.2.2.2.2.2.2.2.1.2.2.2.2.2.2.2.2.2.1.2.2.2",0.403733266287846,FALSE,TRUE,38
"3.2.2.2.2.2.2.2.1.2.2.2.2.2.2.2.2.2.2.1.2.2",0.317436956313437,FALSE,TRUE,38
"3.2.2.2.2.2.2.2.1.2.2.2.2.2.2.2.2.2.2.2.1.2",0.298782040764511,FALSE,TRUE,37
"3.2.2.2.2.2.2.2.1.2.2.2.2.2.2.2.2.2.2.2.2.1",0.366321574683959,FALSE,TRUE,38
"3.2.2.2.2.2.2.2.3.2.2.2.2.2.2.1.2.2.2.2.2.2",0.515022553743049,FALSE,TRUE,38
"2.3.2.2.2.2.2.2.3.2.2.2.2.2.2.1.2.2.2.2.2.2",0.449903727122771,FALSE,TRUE,40
"2.2.3.2.2.2.2.2.3.2.2.2.2.2.2.1.2.2.2.2.2.2",0.424925748728234,FALSE,TRUE,39
"2.2.2.3.2.2.2.2.3.2.2.2.2.2.2.1.2.2.2.2.2.2",0.472341662791286,FALSE,TRUE,39
"2.2.2.2.3.2.2.2.3.2.2.2.2.2.2.1.2.2.2.2.2.2",0.483177410627651,FALSE,TRUE,39
"2.2.2.2.2.3.2.2.3.2.2.2.2.2.2.1.2.2.2.2.2.2",0.537599013663803,FALSE,TRUE,39
"2.2.2.2.2.2.2.3.3.2.2.2.2.2.2.1.2.2.2.2.2.2",0.486075499199866,FALSE,TRUE,39
"2.2.2.2.2.2.2.2.4.2.2.2.2.2.2.1.2.2.2.2.2.2",0.474997815533493,FALSE,TRUE,39
"2.2.2.2.2.2.2.2.3.3.2.2.2.2.2.1.2.2.2.2.2.2",0.431737472860667,FALSE,TRUE,39
"2.2.2.2.2.2.2.2.3.2.3.2.2.2.2.1.2.2.2.2.2.2",0.485344398931508,FALSE,TRUE,39
"2.2.2.2.2.2.2.2.3.2.2.3.2.2.2.1.2.2.2.2.2.2",0.452444707844788,FALSE,TRUE,39
"2.2.2.2.2.2.2.2.3.2.2.2.3.2.2.1.2.2.2.2.2.2",0.462463794485577,FALSE,TRUE,39
"2.2.2.2.2.2.2.2.3.2.2.2.2.3.2.1.2.2.2.2.2.2",0.442663985147056,FALSE,TRUE,39
"2.2.2.2.2.2.2.2.3.2.2.2.2.2.3.1.2.2.2.2.2.2",0.323661067912965,FALSE,TRUE,39
"2.2.2.2.2.2.2.2.3.2.2.2.2.2.2.1.3.2.2.2.2.2",0.510438336495481,FALSE,TRUE,39
"2.2.2.2.2.2.2.2.3.2.2.2.2.2.2.1.2.3.2.2.2.2",0.54131439893627,FALSE,TRUE,39
"2.2.2.2.2.2.2.2.3.2.2.2.2.2.2.1.2.2.3.2.2.2",0.431073659069363,FALSE,TRUE,38
"2.2.2.2.2.2.2.2.3.2.2.2.2.2.2.1.2.2.2.3.2.2",0.508053821106559,FALSE,TRUE,38
"2.2.2.2.2.2.2.2.3.2.2.2.2.2.2.1.2.2.2.2.3.2",0.529378082437676,FALSE,TRUE,39
"2.2.2.2.2.2.2.2.3.2.2.2.2.2.2.1.2.2.2.2.2.3",0.434151156702696,FALSE,TRUE,39
"1.2.2.2.2.2.2.2.3.2.2.2.2.2.2.1.2.2.2.2.2.2",0.469548537148766,FALSE,TRUE,38
"2.2.1.2.2.2.2.2.3.2.2.2.2.2.2.1.2.2.2.2.2.2",0.536063225249413,FALSE,TRUE,37
"2.2.2.1.2.2.2.2.3.2.2.2.2.2.2.1.2.2.2.2.2.2",0.494847341251327,FALSE,TRUE,38
"2.2.2.2.1.2.2.2.3.2.2.2.2.2.2.1.2.2.2.2.2.2",0.54544708593789,FALSE,TRUE,38
"2.2.2.2.2.1.2.2.3.2.2.2.2.2.2.1.2.2.2.2.2.2",0.471359471143069,FALSE,TRUE,38
"2.2.2.2.2.2.1.2.3.2.2.2.2.2.2.1.2.2.2.2.2.2",0.48102792329102,FALSE,TRUE,39
"2.2.2.2.2.2.2.1.3.2.2.2.2.2.2.1.2.2.2.2.2.2",0.467530928474263,FALSE,TRUE,38
"2.2.2.2.2.2.2.2.3.1.2.2.2.2.2.1.2.2.2.2.2.2",0.543178678098414,FALSE,TRUE,38
"2.2.2.2.2.2.2.2.3.2.1.2.2.2.2.1.2.2.2.2.2.2",0.470760845834905,FALSE,TRUE,38
"2.2.2.2.2.2.2.2.3.2.2.1.2.2.2.1.2.2.2.2.2.2",0.520613260140485,FALSE,TRUE,37
"2.2.2.2.2.2.2.2.3.2.2.2.1.2.2.1.2.2.2.2.2.2",0.50234204197983,FALSE,TRUE,38
"2.2.2.2.2.2.2.2.3.2.2.2.2.1.2.1.2.2.2.2.2.2",0.542911991252171,FALSE,TRUE,38
"2.2.2.2.2.2.2.2.3.2.2.2.2.2.1.1.2.2.2.2.2.2",0.591867154029184,FALSE,TRUE,38
"2.2.2.2.2.2.2.2.3.2.2.2.2.2.2.1.1.2.2.2.2.2",0.457884885312992,FALSE,TRUE,38
"2.2.2.2.2.2.2.2.3.2.2.2.2.2.2.1.2.1.2.2.2.2",0.433452773817675,FALSE,TRUE,38
"2.2.2.2.2.2.2.2.3.2.2.2.2.2.2.1.2.2.1.2.2.2",0.541895349164799,FALSE,TRUE,38
"2.2.2.2.2.2.2.2.3.2.2.2.2.2.2.1.2.2.2.1.2.2",0.472575021602039,FALSE,TRUE,38
"2.2.2.2.2.2.2.2.3.2.2.2.2.2.2.1.2.2.2.2.1.2",0.480411892858226,FALSE,TRUE,38
"2.2.2.2.2.2.2.2.3.2.2.2.2.2.2.1.2.2.2.2.2.1",0.510266545241661,FALSE,TRUE,38
"4.2.2.2.3.2.2.2.1.2.2.2.2.2.2.2.2.2.2.2.2.2",0.274936045495715,FALSE,TRUE,38
"3.3.2.2.3.2.2.2.1.2.2.2.2.2.2.2.2.2.2.2.2.2",0.288263267377232,FALSE,TRUE,39
"3.2.3.2.3.2.2.2.1.2.2.2.2.2.2.2.2.2.2.2.2.2",0.325733562641398,FALSE,TRUE,39
"3.2.2.3.3.2.2.2.1.2.2.2.2.2.2.2.2.2.2.2.2.2",0.354986789400169,FALSE,TRUE,39
"3.2.2.2.4.2.2.2.1.2.2.2.2.2.2.2.2.2.2.2.2.2",0.370750277206975,FALSE,TRUE,40
"3.2.2.2.3.2.3.2.1.2.2.2.2.2.2.2.2.2.2.2.2.2",0.340767981547919,FALSE,TRUE,39
"3.2.2.2.3.2.2.3.1.2.2.2.2.2.2.2.2.2.2.2.2.2",0.351931585621539,FALSE,TRUE,39
"3.2.2.2.3.2.2.2.2.2.2.2.2.2.2.2.2.2.2.2.2.2",0.390973839411585,FALSE,TRUE,37
"3.2.2.2.3.2.2.2.1.3.2.2.2.2.2.2.2.2.2.2.2.2",0.24316350391577,FALSE,TRUE,39
"3.2.2.2.3.2.2.2.1.2.2.3.2.2.2.2.2.2.2.2.2.2",0.252732184931161,FALSE,TRUE,39
"3.2.2.2.3.2.2.2.1.2.2.2.3.2.2.2.2.2.2.2.2.2",0.273220567080233,FALSE,TRUE,39
"3.2.2.2.3.2.2.2.1.2.2.2.2.3.2.2.2.2.2.2.2.2",0.367573639192395,FALSE,TRUE,39
"3.2.2.2.3.2.2.2.1.2.2.2.2.2.3.2.2.2.2.2.2.2",0.153418914836805,FALSE,TRUE,39
"3.2.2.2.3.2.2.2.1.2.2.2.2.2.2.3.2.2.2.2.2.2",0.291129595118234,FALSE,TRUE,39
"3.2.2.2.3.2.2.2.1.2.2.2.2.2.2.2.3.2.2.2.2.2",0.392057417551638,FALSE,TRUE,39
"3.2.2.2.3.2.2.2.1.2.2.2.2.2.2.2.2.3.2.2.2.2",0.388638953572626,FALSE,TRUE,39
"3.2.2.2.3.2.2.2.1.2.2.2.2.2.2.2.2.2.3.2.2.2",0.295904844284972,FALSE,TRUE,38
"3.2.2.2.3.2.2.2.1.2.2.2.2.2.2.2.2.2.2.3.2.2",0.358646987529819,FALSE,TRUE,39
"3.2.2.2.3.2.2.2.1.2.2.2.2.2.2.2.2.2.2.2.3.2",0.376261410504637,FALSE,TRUE,39
"3.2.2.2.3.2.2.2.1.2.2.2.2.2.2.2.2.2.2.2.2.3",0.289510030660676,FALSE,TRUE,39
"3.1.2.2.3.2.2.2.1.2.2.2.2.2.2.2.2.2.2.2.2.2",0.389861200548732,FALSE,TRUE,38
"3.2.1.2.3.2.2.2.1.2.2.2.2.2.2.2.2.2.2.2.2.2",0.344376845334322,FALSE,TRUE,38
"3.2.2.1.3.2.2.2.1.2.2.2.2.2.2.2.2.2.2.2.2.2",0.302106779890317,FALSE,TRUE,38
"3.2.2.2.3.1.2.2.1.2.2.2.2.2.2.2.2.2.2.2.2.2",0.315433306780051,FALSE,TRUE,39
"3.2.2.2.3.2.1.2.1.2.2.2.2.2.2.2.2.2.2.2.2.2",0.343876463366201,FALSE,TRUE,37
"3.2.2.2.3.2.2.1.1.2.2.2.2.2.2.2.2.2.2.2.2.2",0.309576989612979,FALSE,TRUE,38
"3.2.2.2.3.2.2.2.1.1.2.2.2.2.2.2.2.2.2.2.2.2",0.438547027308032,FALSE,TRUE,38
"3.2.2.2.3.2.2.2.1.2.1.2.2.2.2.2.2.2.2.2.2.2",0.369567988586815,FALSE,TRUE,39
"3.2.2.2.3.2.2.2.1.2.2.1.2.2.2.2.2.2.2.2.2.2",0.435986819803515,FALSE,TRUE,38
"3.2.2.2.3.2.2.2.1.2.2.2.1.2.2.2.2.2.2.2.2.2",0.397550584143894,FALSE,TRUE,38
"3.2.2.2.3.2.2.2.1.2.2.2.2.1.2.2.2.2.2.2.2.2",0.320515606733836,FALSE,TRUE,38
"3.2.2.2.3.2.2.2.1.2.2.2.2.2.1.2.2.2.2.2.2.2",0.469816446327518,FALSE,TRUE,37
"3.2.2.2.3.2.2.2.1.2.2.2.2.2.2.1.2.2.2.2.2.2",0.396368133242554,FALSE,TRUE,38
"3.2.2.2.3.2.2.2.1.2.2.2.2.2.2.2.1.2.2.2.2.2",0.273961862288535,FALSE,TRUE,38
"3.2.2.2.3.2.2.2.1.2.2.2.2.2.2.2.2.1.2.2.2.2",0.274952847857083,FALSE,TRUE,38
"3.2.2.2.3.2.2.2.1.2.2.2.2.2.2.2.2.2.1.2.2.2",0.379722938142871,FALSE,TRUE,38
"3.2.2.2.3.2.2.2.1.2.2.2.2.2.2.2.2.2.2.1.2.2",0.325743565015393,FALSE,TRUE,38
"3.2.2.2.3.2.2.2.1.2.2.2.2.2.2.2.2.2.2.2.1.2",0.322500971613153,FALSE,TRUE,38
"3.2.2.2.3.2.2.2.1.2.2.2.2.2.2.2.2.2.2.2.2.1",0.36944191976305,FALSE,TRUE,38
"3.3.2.2.2.2.2.2.2.2.2.2.2.2.2.2.2.2.2.2.2.2",0.311126449437715,FALSE,TRUE,39
"3.2.3.2.2.2.2.2.2.2.2.2.2.2.2.2.2.2.2.2.2.2",0.34531614380555,FALSE,TRUE,39
"3.2.2.3.2.2.2.2.2.2.2.2.2.2.2.2.2.2.2.2.2.2",0.396622288652944,FALSE,TRUE,39
"3.2.2.2.2.3.2.2.2.2.2.2.2.2.2.2.2.2.2.2.2.2",0.398656078100524,FALSE,TRUE,38
"3.2.2.2.2.2.3.2.2.2.2.2.2.2.2.2.2.2.2.2.2.2",0.36402000520967,FALSE,TRUE,39
"3.2.2.2.2.2.2.3.2.2.2.2.2.2.2.2.2.2.2.2.2.2",0.396842210611474,FALSE,TRUE,39
"3.2.2.2.2.2.2.2.2.3.2.2.2.2.2.2.2.2.2.2.2.2",0.304926323136934,FALSE,TRUE,39
"3.2.2.2.2.2.2.2.2.2.3.2.2.2.2.2.2.2.2.2.2.2",0.323800484043252,FALSE,TRUE,38
"3.2.2.2.2.2.2.2.2.2.2.3.2.2.2.2.2.2.2.2.2.2",0.301554685168265,FALSE,TRUE,39
"3.2.2.2.2.2.2.2.2.2.2.2.3.2.2.2.2.2.2.2.2.2",0.30079554929378,FALSE,TRUE,39
"3.2.2.2.2.2.2.2.2.2.2.2.2.3.2.2.2.2.2.2.2.2",0.371765980525692,FALSE,TRUE,39
"3.2.2.2.2.2.2.2.2.2.2.2.2.2.3.2.2.2.2.2.2.2",0.206933629356113,FALSE,TRUE,39
"3.2.2.2.2.2.2.2.2.2.2.2.2.2.2.3.2.2.2.2.2.2",0.292483529981293,FALSE,TRUE,39
"3.2.2.2.2.2.2.2.2.2.2.2.2.2.2.2.3.2.2.2.2.2",0.427026062611164,FALSE,TRUE,39
"3.2.2.2.2.2.2.2.2.2.2.2.2.2.2.2.2.3.2.2.2.2",0.410686856313578,FALSE,TRUE,39
"3.2.2.2.2.2.2.2.2.2.2.2.2.2.2.2.2.2.2.3.2.2",0.397509926225596,FALSE,TRUE,39
"3.2.2.2.2.2.2.2.2.2.2.2.2.2.2.2.2.2.2.2.3.2",0.420118143587021,FALSE,TRUE,39
"3.2.2.2.2.2.2.2.2.2.2.2.2.2.2.2.2.2.2.2.2.3",0.329482345592003,FALSE,TRUE,38
"3.1.2.2.2.2.2.2.2.2.2.2.2.2.2.2.2.2.2.2.2.2",0.452989882607365,FALSE,TRUE,38
"3.2.1.2.2.2.2.2.2.2.2.2.2.2.2.2.2.2.2.2.2.2",0.408312835430603,FALSE,TRUE,38
"3.2.2.1.2.2.2.2.2.2.2.2.2.2.2.2.2.2.2.2.2.2",0.347070070380368,FALSE,TRUE,38
"3.2.2.2.1.2.2.2.2.2.2.2.2.2.2.2.2.2.2.2.2.2",0.415794289217242,FALSE,TRUE,37
"3.2.2.2.2.1.2.2.2.2.2.2.2.2.2.2.2.2.2.2.2.2",0.389289775627571,FALSE,TRUE,38
"3.2.2.2.2.2.1.2.2.2.2.2.2.2.2.2.2.2.2.2.2.2",0.40567104231394,FALSE,TRUE,38
"3.2.2.2.2.2.2.1.2.2.2.2.2.2.2.2.2.2.2.2.2.2",0.342461601115499,FALSE,TRUE,38
"3.2.2.2.2.2.2.2.2.1.2.2.2.2.2.2.2.2.2.2.2.2",0.454179962189673,FALSE,TRUE,38
"3.2.2.2.2.2.2.2.2.2.1.2.2.2.2.2.2.2.2.2.2.2",0.407191730368507,FALSE,TRUE,36
"3.2.2.2.2.2.2.2.2.2.2.1.2.2.2.2.2.2.2.2.2.2",0.465562069445358,FALSE,TRUE,37
"3.2.2.2.2.2.2.2.2.2.2.2.1.2.2.2.2.2.2.2.2.2",0.445151487096541,FALSE,TRUE,38
"3.2.2.2.2.2.2.2.2.2.2.2.2.1.2.2.2.2.2.2.2.2",0.401593055847602,FALSE,TRUE,38
"3.2.2.2.2.2.2.2.2.2.2.2.2.2.1.2.2.2.2.2.2.2",0.503032862389835,FALSE,TRUE,38
"3.2.2.2.2.2.2.2.2.2.2.2.2.2.2.1.2.2.2.2.2.2",0.479141623723046,FALSE,TRUE,37
"3.2.2.2.2.2.2.2.2.2.2.2.2.2.2.2.1.2.2.2.2.2",0.320737787974792,FALSE,TRUE,38
"3.2.2.2.2.2.2.2.2.2.2.2.2.2.2.2.2.1.2.2.2.2",0.343109687470164,FALSE,TRUE,38
"3.2.2.2.2.2.2.2.2.2.2.2.2.2.2.2.2.2.1.2.2.2",0.447200670622428,FALSE,TRUE,39
"3.2.2.2.2.2.2.2.2.2.2.2.2.2.2.2.2.2.2.1.2.2",0.363672734085261,FALSE,TRUE,38
"3.2.2.2.2.2.2.2.2.2.2.2.2.2.2.2.2.2.2.2.1.2",0.365382514749845,FALSE,TRUE,38
"3.2.2.2.2.2.2.2.2.2.2.2.2.2.2.2.2.2.2.2.2.1",0.403951678216271,FALSE,TRUE,38
"2.3.2.2.2.2.2.2.1.2.2.2.2.2.1.2.2.2.2.2.2.2",0.440120033741723,FALSE,TRUE,37
"2.2.3.2.2.2.2.2.1.2.2.2.2.2.1.2.2.2.2.2.2.2",0.483784315336717,FALSE,TRUE,37
"2.2.2.3.2.2.2.2.1.2.2.2.2.2.1.2.2.2.2.2.2.2",0.516282416715636,FALSE,TRUE,37
"2.2.2.2.3.2.2.2.1.2.2.2.2.2.1.2.2.2.2.2.2.2",0.542883151417897,FALSE,TRUE,36
"2.2.2.2.2.3.2.2.1.2.2.2.2.2.1.2.2.2.2.2.2.2",0.519692351743778,FALSE,TRUE,32
"2.2.2.2.2.2.3.2.1.2.2.2.2.2.1.2.2.2.2.2.2.2",0.495286234703658,FALSE,TRUE,37
"2.2.2.2.2.2.2.3.1.2.2.2.2.2.1.2.2.2.2.2.2.2",0.494446470218723,FALSE,TRUE,38
"2.2.2.2.2.2.2.2.1.3.2.2.2.2.1.2.2.2.2.2.2.2",0.37476852624438,FALSE,TRUE,37
"2.2.2.2.2.2.2.2.1.2.3.2.2.2.1.2.2.2.2.2.2.2",0.440639346660356,FALSE,TRUE,36
"2.2.2.2.2.2.2.2.1.2.2.3.2.2.1.2.2.2.2.2.2.2",0.456186320623507,FALSE,TRUE,37
"2.2.2.2.2.2.2.2.1.2.2.2.2.3.1.2.2.2.2.2.2.2",0.499946969138757,FALSE,TRUE,37
"2.2.2.2.2.2.2.2.1.2.2.2.2.2.1.3.2.2.2.2.2.2",0.472626663821986,FALSE,TRUE,37
"2.2.2.2.2.2.2.2.1.2.2.2.2.2.1.2.3.2.2.2.2.2",0.496152332349353,FALSE,TRUE,36
"2.2.2.2.2.2.2.2.1.2.2.2.2.2.1.2.2.3.2.2.2.2",0.556708808454883,FALSE,TRUE,37
"2.2.2.2.2.2.2.2.1.2.2.2.2.2.1.2.2.2.3.2.2.2",0.4444445407528,FALSE,TRUE,36
"2.2.2.2.2.2.2.2.1.2.2.2.2.2.1.2.2.2.2.3.2.2",0.444051714709238,FALSE,TRUE,37
"2.2.2.2.2.2.2.2.1.2.2.2.2.2.1.2.2.2.2.2.3.2",0.529512559509231,FALSE,TRUE,38
"2.2.2.2.2.2.2.2.1.2.2.2.2.2.1.2.2.2.2.2.2.3",0.39549342103179,FALSE,TRUE,37
"1.2.2.2.2.2.2.2.1.2.2.2.2.2.1.2.2.2.2.2.2.2",0.519083024740157,FALSE,TRUE,36
"2.1.2.2.2.2.2.2.1.2.2.2.2.2.1.2.2.2.2.2.2.2",0.517863417949223,FALSE,TRUE,35
"2.2.1.2.2.2.2.2.1.2.2.2.2.2.1.2.2.2.2.2.2.2",0.448674078341374,FALSE,TRUE,34
"2.2.2.1.2.2.2.2.1.2.2.2.2.2.1.2.2.2.2.2.2.2",0.44034135123669,FALSE,TRUE,35
"2.2.2.2.1.2.2.2.1.2.2.2.2.2.1.2.2.2.2.2.2.2",0.465662041594795,FALSE,TRUE,36
"2.2.2.2.2.1.2.2.1.2.2.2.2.2.1.2.2.2.2.2.2.2",0.470422798316961,FALSE,TRUE,36
"2.2.2.2.2.2.1.2.1.2.2.2.2.2.1.2.2.2.2.2.2.2",0.471059079196854,FALSE,TRUE,36
"2.2.2.2.2.2.2.2.1.1.2.2.2.2.1.2.2.2.2.2.2.2",0.595587397804054,FALSE,TRUE,36
"2.2.2.2.2.2.2.2.1.2.1.2.2.2.1.2.2.2.2.2.2.2",0.50459968958504,FALSE,TRUE,36
"2.2.2.2.2.2.2.2.1.2.2.1.2.2.1.2.2.2.2.2.2.2",0.5112249410717,FALSE,TRUE,36
"2.2.2.2.2.2.2.2.1.2.2.2.1.2.1.2.2.2.2.2.2.2",0.509180015890087,FALSE,TRUE,37
"2.2.2.2.2.2.2.2.1.2.2.2.2.1.1.2.2.2.2.2.2.2",0.451809931430321,FALSE,TRUE,36
"2.2.2.2.2.2.2.2.1.2.2.2.2.2.1.1.2.2.2.2.2.2",0.487855128202263,FALSE,TRUE,36
"2.2.2.2.2.2.2.2.1.2.2.2.2.2.1.2.1.2.2.2.2.2",0.451251839224661,FALSE,TRUE,35
"2.2.2.2.2.2.2.2.1.2.2.2.2.2.1.2.2.1.2.2.2.2",0.393270716198285,FALSE,TRUE,36
"2.2.2.2.2.2.2.2.1.2.2.2.2.2.1.2.2.2.1.2.2.2",0.503731183061512,FALSE,TRUE,36
"2.2.2.2.2.2.2.2.1.2.2.2.2.2.1.2.2.2.2.1.2.2",0.518716968662287,FALSE,TRUE,36
"2.2.2.2.2.2.2.2.1.2.2.2.2.2.1.2.2.2.2.2.2.1",0.532001968758035,FALSE,TRUE,36
"2.3.2.2.2.3.2.2.1.2.2.2.2.2.2.2.2.2.2.2.2.2",0.344549819630248,FALSE,TRUE,36
"2.2.3.2.2.3.2.2.1.2.2.2.2.2.2.2.2.2.2.2.2.2",0.363175216773747,FALSE,TRUE,37
"2.2.2.3.2.3.2.2.1.2.2.2.2.2.2.2.2.2.2.2.2.2",0.382760897563907,FALSE,TRUE,37
"2.2.2.2.3.3.2.2.1.2.2.2.2.2.2.2.2.2.2.2.2.2",0.473690047136988,FALSE,TRUE,34
"2.2.2.2.2.4.2.2.1.2.2.2.2.2.2.2.2.2.2.2.2.2",0.432115816179035,FALSE,TRUE,37
"2.2.2.2.2.3.3.2.1.2.2.2.2.2.2.2.2.2.2.2.2.2",0.393162409901793,FALSE,TRUE,36
"2.2.2.2.2.3.2.3.1.2.2.2.2.2.2.2.2.2.2.2.2.2",0.433137054854103,FALSE,TRUE,36
"2.2.2.2.2.3.2.2.1.3.2.2.2.2.2.2.2.2.2.2.2.2",0.302513070751489,FALSE,TRUE,36
"2.2.2.2.2.3.2.2.1.2.2.3.2.2.2.2.2.2.2.2.2.2",0.309875163407818,FALSE,TRUE,36
"2.2.2.2.2.3.2.2.1.2.2.2.3.2.2.2.2.2.2.2.2.2",0.34073529932871,FALSE,TRUE,35
"2.2.2.2.2.3.2.2.1.2.2.2.2.3.2.2.2.2.2.2.2.2",0.43390442448263,FALSE,TRUE,34
"2.2.2.2.2.3.2.2.1.2.2.2.2.2.3.2.2.2.2.2.2.2",0.208535947208688,FALSE,TRUE,36
"2.2.2.2.2.3.2.2.1.2.2.2.2.2.2.3.2.2.2.2.2.2",0.359286774613509,FALSE,TRUE,36
"2.2.2.2.2.3.2.2.1.2.2.2.2.2.2.2.2.3.2.2.2.2",0.436985262776804,FALSE,TRUE,36
"2.2.2.2.2.3.2.2.1.2.2.2.2.2.2.2.2.2.3.2.2.2",0.330102337475612,FALSE,TRUE,35
"2.2.2.2.2.3.2.2.1.2.2.2.2.2.2.2.2.2.2.3.2.2",0.358048661090609,FALSE,TRUE,36
"2.2.2.2.2.3.2.2.1.2.2.2.2.2.2.2.2.2.2.2.3.2",0.432314719215595,FALSE,TRUE,36
"2.2.2.2.2.3.2.2.1.2.2.2.2.2.2.2.2.2.2.2.2.3",0.273381206852317,FALSE,TRUE,36
"1.2.2.2.2.3.2.2.1.2.2.2.2.2.2.2.2.2.2.2.2.2",0.454628572649926,FALSE,TRUE,33
"2.1.2.2.2.3.2.2.1.2.2.2.2.2.2.2.2.2.2.2.2.2",0.44885250221235,FALSE,TRUE,33
"2.2.2.2.1.3.2.2.1.2.2.2.2.2.2.2.2.2.2.2.2.2",0.359699763727543,FALSE,TRUE,35
"2.2.2.2.2.3.1.2.1.2.2.2.2.2.2.2.2.2.2.2.2.2",0.406422047266349,FALSE,TRUE,35
"2.2.2.2.2.3.2.1.1.2.2.2.2.2.2.2.2.2.2.2.2.2",0.34555085107403,FALSE,TRUE,32
"2.2.2.2.2.3.2.2.1.1.2.2.2.2.2.2.2.2.2.2.2.2",0.49910777686632,FALSE,TRUE,35
"2.2.2.2.2.3.2.2.1.2.1.2.2.2.2.2.2.2.2.2.2.2",0.41077137822367,FALSE,TRUE,35
"2.2.2.2.2.3.2.2.1.2.2.1.2.2.2.2.2.2.2.2.2.2",0.502273736725834,FALSE,TRUE,35
"2.2.2.2.2.3.2.2.1.2.2.2.1.2.2.2.2.2.2.2.2.2",0.46638375655434,FALSE,TRUE,35
"2.2.2.2.2.3.2.2.1.2.2.2.2.1.2.2.2.2.2.2.2.2",0.349038349515726,FALSE,TRUE,35
"2.2.2.2.2.3.2.2.1.2.2.2.2.2.2.1.2.2.2.2.2.2",0.42757878716686,FALSE,TRUE,35
"2.2.2.2.2.3.2.2.1.2.2.2.2.2.2.2.2.1.2.2.2.2",0.343881503096977,FALSE,TRUE,35
"2.2.2.2.2.3.2.2.1.2.2.2.2.2.2.2.2.2.1.2.2.2",0.451927204878447,FALSE,TRUE,35
"2.2.2.2.2.3.2.2.1.2.2.2.2.2.2.2.2.2.2.1.2.2",0.432078057303697,FALSE,TRUE,35
"2.2.2.2.2.3.2.2.1.2.2.2.2.2.2.2.2.2.2.2.1.2",0.385913448562747,FALSE,TRUE,34
"2.2.2.2.2.3.2.2.1.2.2.2.2.2.2.2.2.2.2.2.2.1",0.4954215662145,FALSE,TRUE,35
"3.2.2.2.2.2.2.2.1.2.2.2.2.2.1.2.2.2.2.2.1.2",0.396502334126137,FALSE,TRUE,38
"2.3.2.2.2.2.2.2.1.2.2.2.2.2.1.2.2.2.2.2.1.2",0.431060134645118,FALSE,TRUE,39
"2.2.3.2.2.2.2.2.1.2.2.2.2.2.1.2.2.2.2.2.1.2",0.439670523042813,FALSE,TRUE,39
"2.2.2.3.2.2.2.2.1.2.2.2.2.2.1.2.2.2.2.2.1.2",0.480889567301568,FALSE,TRUE,39
"2.2.2.2.3.2.2.2.1.2.2.2.2.2.1.2.2.2.2.2.1.2",0.523218370602194,FALSE,TRUE,39
"2.2.2.2.2.3.2.2.1.2.2.2.2.2.1.2.2.2.2.2.1.2",0.489491354328237,FALSE,TRUE,37
"2.2.2.2.2.2.3.2.1.2.2.2.2.2.1.2.2.2.2.2.1.2",0.467745949448371,FALSE,TRUE,39
"2.2.2.2.2.2.2.3.1.2.2.2.2.2.1.2.2.2.2.2.1.2",0.447757242134779,FALSE,TRUE,39
"2.2.2.2.2.2.2.2.2.2.2.2.2.2.1.2.2.2.2.2.1.2",0.524136828730964,FALSE,TRUE,39
"2.2.2.2.2.2.2.2.1.3.2.2.2.2.1.2.2.2.2.2.1.2",0.339404351315445,FALSE,TRUE,39
"2.2.2.2.2.2.2.2.1.2.3.2.2.2.1.2.2.2.2.2.1.2",0.417369918344322,FALSE,TRUE,39
"2.2.2.2.2.2.2.2.1.2.2.3.2.2.1.2.2.2.2.2.1.2",0.411115150844993,FALSE,TRUE,39
"2.2.2.2.2.2.2.2.1.2.2.2.3.2.1.2.2.2.2.2.1.2",0.426501454642302,FALSE,TRUE,39
"2.2.2.2.2.2.2.2.1.2.2.2.2.3.1.2.2.2.2.2.1.2",0.481513526315364,FALSE,TRUE,39
"2.2.2.2.2.2.2.2.1.2.2.2.2.2.1.3.2.2.2.2.1.2",0.467759488645724,FALSE,TRUE,39
"2.2.2.2.2.2.2.2.1.2.2.2.2.2.1.2.3.2.2.2.1.2",0.453579274083828,FALSE,TRUE,39
"2.2.2.2.2.2.2.2.1.2.2.2.2.2.1.2.2.3.2.2.1.2",0.530698513816247,FALSE,TRUE,39
"2.2.2.2.2.2.2.2.1.2.2.2.2.2.1.2.2.2.3.2.1.2",0.413271238500494,FALSE,TRUE,39
"2.2.2.2.2.2.2.2.1.2.2.2.2.2.1.2.2.2.2.3.1.2",0.405597620378441,FALSE,TRUE,39
"2.2.2.2.2.2.2.2.1.2.2.2.2.2.1.2.2.2.2.2.1.3",0.346951253915298,FALSE,TRUE,39
"1.2.2.2.2.2.2.2.1.2.2.2.2.2.1.2.2.2.2.2.1.2",0.496551249077663,FALSE,TRUE,38
"2.1.2.2.2.2.2.2.1.2.2.2.2.2.1.2.2.2.2.2.1.2",0.460088905074062,FALSE,TRUE,38
"2.2.1.2.2.2.2.2.1.2.2.2.2.2.1.2.2.2.2.2.1.2",0.422934971790548,FALSE,TRUE,38
"2.2.2.1.2.2.2.2.1.2.2.2.2.2.1.2.2.2.2.2.1.2",0.418255925920121,FALSE,TRUE,38
"2.2.2.2.1.2.2.2.1.2.2.2.2.2.1.2.2.2.2.2.1.2",0.41991159980674,FALSE,TRUE,38
"2.2.2.2.2.1.2.2.1.2.2.2.2.2.1.2.2.2.2.2.1.2",0.430926622068158,FALSE,TRUE,38
"2.2.2.2.2.2.1.2.1.2.2.2.2.2.1.2.2.2.2.2.1.2",0.429958503662007,FALSE,TRUE,37
"2.2.2.2.2.2.2.1.1.2.2.2.2.2.1.2.2.2.2.2.1.2",0.419331301157296,FALSE,TRUE,36
"2.2.2.2.2.2.2.2.1.1.2.2.2.2.1.2.2.2.2.2.1.2",0.566192396873273,FALSE,TRUE,38
"2.2.2.2.2.2.2.2.1.2.1.2.2.2.1.2.2.2.2.2.1.2",0.463092463733751,FALSE,TRUE,38
"2.2.2.2.2.2.2.2.1.2.2.1.2.2.1.2.2.2.2.2.1.2",0.492254195746156,FALSE,TRUE,38
"2.2.2.2.2.2.2.2.1.2.2.2.1.2.1.2.2.2.2.2.1.2",0.466981612177359,FALSE,TRUE,37
"2.2.2.2.2.2.2.2.1.2.2.2.2.1.1.2.2.2.2.2.1.2",0.402238025364866,FALSE,TRUE,38
"2.2.2.2.2.2.2.2.1.2.2.2.2.2.1.1.2.2.2.2.1.2",0.424651268884578,FALSE,TRUE,38
"2.2.2.2.2.2.2.2.1.2.2.2.2.2.1.2.1.2.2.2.1.2",0.425845607984283,FALSE,TRUE,38
"2.2.2.2.2.2.2.2.1.2.2.2.2.2.1.2.2.1.2.2.1.2",0.360207843788151,FALSE,TRUE,38
"2.2.2.2.2.2.2.2.1.2.2.2.2.2.1.2.2.2.1.2.1.2",0.46832487232889,FALSE,TRUE,38
"2.2.2.2.2.2.2.2.1.2.2.2.2.2.1.2.2.2.2.1.1.2",0.488880860747018,FALSE,TRUE,38
"2.2.2.2.2.2.2.2.1.2.2.2.2.2.1.2.2.2.2.2.1.1",0.509217938591933,FALSE,TRUE,38
"3.1.2.2.2.2.2.2.3.2.2.2.2.2.2.1.2.2.2.2.2.2",0.542595213644994,FALSE,TRUE,39
"2.1.3.2.2.2.2.2.3.2.2.2.2.2.2.1.2.2.2.2.2.2",0.459260263401009,FALSE,TRUE,39
"2.1.2.3.2.2.2.2.3.2.2.2.2.2.2.1.2.2.2.2.2.2",0.471682739724711,FALSE,TRUE,39
"2.1.2.2.3.2.2.2.3.2.2.2.2.2.2.1.2.2.2.2.2.2",0.501020218266757,FALSE,TRUE,39
"2.1.2.2.2.3.2.2.3.2.2.2.2.2.2.1.2.2.2.2.2.2",0.567522834240291,FALSE,TRUE,39
"2.1.2.2.2.2.3.2.3.2.2.2.2.2.2.1.2.2.2.2.2.2",0.563198752131944,FALSE,TRUE,38
"2.1.2.2.2.2.2.3.3.2.2.2.2.2.2.1.2.2.2.2.2.2",0.476139269367969,FALSE,TRUE,39
"2.1.2.2.2.2.2.2.4.2.2.2.2.2.2.1.2.2.2.2.2.2",0.50658649531907,FALSE,TRUE,39
"2.1.2.2.2.2.2.2.3.3.2.2.2.2.2.1.2.2.2.2.2.2",0.477459363543942,FALSE,TRUE,39
"2.1.2.2.2.2.2.2.3.2.3.2.2.2.2.1.2.2.2.2.2.2",0.523255780453033,FALSE,TRUE,39
"2.1.2.2.2.2.2.2.3.2.2.3.2.2.2.1.2.2.2.2.2.2",0.519174748818746,FALSE,TRUE,39
"2.1.2.2.2.2.2.2.3.2.2.2.3.2.2.1.2.2.2.2.2.2",0.536467505181817,FALSE,TRUE,39
"2.1.2.2.2.2.2.2.3.2.2.2.2.3.2.1.2.2.2.2.2.2",0.477223517380679,FALSE,TRUE,39
"2.1.2.2.2.2.2.2.3.2.2.2.2.2.3.1.2.2.2.2.2.2",0.36908816605727,FALSE,TRUE,39
"2.1.2.2.2.2.2.2.3.2.2.2.2.2.2.1.3.2.2.2.2.2",0.514477464944817,FALSE,TRUE,39
"2.1.2.2.2.2.2.2.3.2.2.2.2.2.2.1.2.3.2.2.2.2",0.56926111676432,FALSE,TRUE,39
"2.1.2.2.2.2.2.2.3.2.2.2.2.2.2.1.2.2.3.2.2.2",0.433936337862915,FALSE,TRUE,39
"2.1.2.2.2.2.2.2.3.2.2.2.2.2.2.1.2.2.2.3.2.2",0.551049482204671,FALSE,TRUE,38
"2.1.2.2.2.2.2.2.3.2.2.2.2.2.2.1.2.2.2.2.3.2",0.576763542983122,FALSE,TRUE,39
"2.1.2.2.2.2.2.2.3.2.2.2.2.2.2.1.2.2.2.2.2.3",0.482520217375935,FALSE,TRUE,39
"1.1.2.2.2.2.2.2.3.2.2.2.2.2.2.1.2.2.2.2.2.2",0.49460649520088,FALSE,TRUE,38
"2.1.1.2.2.2.2.2.3.2.2.2.2.2.2.1.2.2.2.2.2.2",0.555215940288088,FALSE,TRUE,38
"2.1.2.1.2.2.2.2.3.2.2.2.2.2.2.1.2.2.2.2.2.2",0.542404109261156,FALSE,TRUE,38
"2.1.2.2.1.2.2.2.3.2.2.2.2.2.2.1.2.2.2.2.2.2",0.568865358326544,FALSE,TRUE,38
"2.1.2.2.2.1.2.2.3.2.2.2.2.2.2.1.2.2.2.2.2.2",0.487553811774393,FALSE,TRUE,38
"2.1.2.2.2.2.2.1.3.2.2.2.2.2.2.1.2.2.2.2.2.2",0.527387474064078,FALSE,TRUE,38
"2.1.2.2.2.2.2.2.2.2.2.2.2.2.2.1.2.2.2.2.2.2",0.510980676091644,FALSE,TRUE,38
"2.1.2.2.2.2.2.2.3.1.2.2.2.2.2.1.2.2.2.2.2.2",0.53993189544651,FALSE,TRUE,37
"2.1.2.2.2.2.2.2.3.2.1.2.2.2.2.1.2.2.2.2.2.2",0.482790671866911,FALSE,TRUE,38
"2.1.2.2.2.2.2.2.3.2.2.1.2.2.2.1.2.2.2.2.2.2",0.490428499974827,FALSE,TRUE,37
"2.1.2.2.2.2.2.2.3.2.2.2.1.2.2.1.2.2.2.2.2.2",0.47090517809453,FALSE,TRUE,38
"2.1.2.2.2.2.2.2.3.2.2.2.2.1.2.1.2.2.2.2.2.2",0.561122870563897,FALSE,TRUE,38
"2.1.2.2.2.2.2.2.3.2.2.2.2.2.1.1.2.2.2.2.2.2",0.591279605253581,FALSE,TRUE,38
"2.1.2.2.2.2.2.2.3.2.2.2.2.2.2.1.1.2.2.2.2.2",0.501793602680261,FALSE,TRUE,38
"2.1.2.2.2.2.2.2.3.2.2.2.2.2.2.1.2.1.2.2.2.2",0.45393214102772,FALSE,TRUE,38
"2.1.2.2.2.2.2.2.3.2.2.2.2.2.2.1.2.2.1.2.2.2",0.584982747039314,FALSE,TRUE,38
"2.1.2.2.2.2.2.2.3.2.2.2.2.2.2.1.2.2.2.1.2.2",0.478885728171616,FALSE,TRUE,38
"2.1.2.2.2.2.2.2.3.2.2.2.2.2.2.1.2.2.2.2.1.2",0.477315521526579,FALSE,TRUE,38
"2.1.2.2.2.2.2.2.3.2.2.2.2.2.2.1.2.2.2.2.2.1",0.510169988043625,FALSE,TRUE,38
"4.2.2.2.3.2.2.2.1.2.3.2.2.2.2.2.2.2.2.2.2.2",0.173469960709819,FALSE,TRUE,41
"3.3.2.2.3.2.2.2.1.2.3.2.2.2.2.2.2.2.2.2.2.2",0.204361506842959,FALSE,TRUE,41
"3.2.3.2.3.2.2.2.1.2.3.2.2.2.2.2.2.2.2.2.2.2",0.275817216484006,FALSE,TRUE,41
"3.2.2.3.3.2.2.2.1.2.3.2.2.2.2.2.2.2.2.2.2.2",0.32801025159686,FALSE,TRUE,41
"3.2.2.2.4.2.2.2.1.2.3.2.2.2.2.2.2.2.2.2.2.2",0.315910190545792,FALSE,TRUE,41
"3.2.2.2.3.3.2.2.1.2.3.2.2.2.2.2.2.2.2.2.2.2",0.322708251289162,FALSE,TRUE,38
"3.2.2.2.3.2.3.2.1.2.3.2.2.2.2.2.2.2.2.2.2.2",0.25179955959832,FALSE,TRUE,41
"3.2.2.2.3.2.2.3.1.2.3.2.2.2.2.2.2.2.2.2.2.2",0.32559954413235,FALSE,TRUE,41
"3.2.2.2.3.2.2.2.2.2.3.2.2.2.2.2.2.2.2.2.2.2",0.341468347685487,FALSE,TRUE,41
"3.2.2.2.3.2.2.2.1.3.3.2.2.2.2.2.2.2.2.2.2.2",0.167214534223709,FALSE,TRUE,41
"3.2.2.2.3.2.2.2.1.2.4.2.2.2.2.2.2.2.2.2.2.2",0.165914392536428,FALSE,TRUE,42
"3.2.2.2.3.2.2.2.1.2.3.3.2.2.2.2.2.2.2.2.2.2",0.177121744570973,FALSE,TRUE,41
"3.2.2.2.3.2.2.2.1.2.3.2.3.2.2.2.2.2.2.2.2.2",0.181064688204998,FALSE,TRUE,41
"3.2.2.2.3.2.2.2.1.2.3.2.2.3.2.2.2.2.2.2.2.2",0.325000575180768,FALSE,TRUE,41
"3.2.2.2.3.2.2.2.1.2.3.2.2.2.3.2.2.2.2.2.2.2",0.107815876080458,FALSE,TRUE,41
"3.2.2.2.3.2.2.2.1.2.3.2.2.2.2.3.2.2.2.2.2.2",0.227979715421564,FALSE,TRUE,41
"3.2.2.2.3.2.2.2.1.2.3.2.2.2.2.2.3.2.2.2.2.2",0.356027583790528,FALSE,TRUE,41
"3.2.2.2.3.2.2.2.1.2.3.2.2.2.2.2.2.3.2.2.2.2",0.329568238589168,FALSE,TRUE,41
"3.2.2.2.3.2.2.2.1.2.3.2.2.2.2.2.2.2.3.2.2.2",0.252504860511338,FALSE,TRUE,41
"3.2.2.2.3.2.2.2.1.2.3.2.2.2.2.2.2.2.2.3.2.2",0.272952350267444,FALSE,TRUE,41
"3.2.2.2.3.2.2.2.1.2.3.2.2.2.2.2.2.2.2.2.3.2",0.303291119037998,FALSE,TRUE,41
"3.2.2.2.3.2.2.2.1.2.3.2.2.2.2.2.2.2.2.2.2.3",0.215812179605485,FALSE,TRUE,41
"2.2.2.2.3.2.2.2.1.2.3.2.2.2.2.2.2.2.2.2.2.2",0.375794515448612,FALSE,TRUE,39
"3.1.2.2.3.2.2.2.1.2.3.2.2.2.2.2.2.2.2.2.2.2",0.338076067676075,FALSE,TRUE,40
"3.2.1.2.3.2.2.2.1.2.3.2.2.2.2.2.2.2.2.2.2.2",0.25640083131532,FALSE,TRUE,40
"3.2.2.1.3.2.2.2.1.2.3.2.2.2.2.2.2.2.2.2.2.2",0.197669726103192,FALSE,TRUE,40
"3.2.2.2.3.1.2.2.1.2.3.2.2.2.2.2.2.2.2.2.2.2",0.242719184223779,FALSE,TRUE,40
"3.2.2.2.3.2.1.2.1.2.3.2.2.2.2.2.2.2.2.2.2.2",0.294371234306272,FALSE,TRUE,40
"3.2.2.2.3.2.2.1.1.2.3.2.2.2.2.2.2.2.2.2.2.2",0.199764037099428,FALSE,TRUE,39
"3.2.2.2.3.2.2.2.1.1.3.2.2.2.2.2.2.2.2.2.2.2",0.371968144097922,FALSE,TRUE,40
"3.2.2.2.3.2.2.2.1.2.3.1.2.2.2.2.2.2.2.2.2.2",0.364637756048548,FALSE,TRUE,40
"3.2.2.2.3.2.2.2.1.2.3.2.1.2.2.2.2.2.2.2.2.2",0.348172743274149,FALSE,TRUE,40
"3.2.2.2.3.2.2.2.1.2.3.2.2.1.2.2.2.2.2.2.2.2",0.228132881255937,FALSE,TRUE,40
"3.2.2.2.3.2.2.2.1.2.3.2.2.2.1.2.2.2.2.2.2.2",0.394125215789688,FALSE,TRUE,40
"3.2.2.2.3.2.2.2.1.2.3.2.2.2.2.1.2.2.2.2.2.2",0.322904339193306,FALSE,TRUE,40
"3.2.2.2.3.2.2.2.1.2.3.2.2.2.2.2.1.2.2.2.2.2",0.175549623821636,FALSE,TRUE,40
"3.2.2.2.3.2.2.2.1.2.3.2.2.2.2.2.2.1.2.2.2.2",0.206885362612674,FALSE,TRUE,40
"3.2.2.2.3.2.2.2.1.2.3.2.2.2.2.2.2.2.1.2.2.2",0.283441106748632,FALSE,TRUE,40
"3.2.2.2.3.2.2.2.1.2.3.2.2.2.2.2.2.2.2.1.2.2",0.273082134408099,FALSE,TRUE,40
"3.2.2.2.3.2.2.2.1.2.3.2.2.2.2.2.2.2.2.2.1.2",0.255691654498322,FALSE,TRUE,40
"3.2.2.2.3.2.2.2.1.2.3.2.2.2.2.2.2.2.2.2.2.1",0.306328264068759,FALSE,TRUE,40
"3.2.2.2.2.2.2.2.3.2.2.1.2.2.2.2.2.2.2.2.2.2",0.45665340278153,FALSE,TRUE,39
"2.3.2.2.2.2.2.2.3.2.2.1.2.2.2.2.2.2.2.2.2.2",0.433000498530737,FALSE,TRUE,40
"2.2.3.2.2.2.2.2.3.2.2.1.2.2.2.2.2.2.2.2.2.2",0.387365432386977,FALSE,TRUE,40
"2.2.2.3.2.2.2.2.3.2.2.1.2.2.2.2.2.2.2.2.2.2",0.444885359662147,FALSE,TRUE,40
"2.2.2.2.3.2.2.2.3.2.2.1.2.2.2.2.2.2.2.2.2.2",0.46642824639279,FALSE,TRUE,40
"2.2.2.2.2.3.2.2.3.2.2.1.2.2.2.2.2.2.2.2.2.2",0.530028955899032,FALSE,TRUE,40
"2.2.2.2.2.2.3.2.3.2.2.1.2.2.2.2.2.2.2.2.2.2",0.474438034477148,FALSE,TRUE,39
"2.2.2.2.2.2.2.3.3.2.2.1.2.2.2.2.2.2.2.2.2.2",0.492509115194104,FALSE,TRUE,40
"2.2.2.2.2.2.2.2.4.2.2.1.2.2.2.2.2.2.2.2.2.2",0.387253888512952,FALSE,TRUE,40
"2.2.2.2.2.2.2.2.3.3.2.1.2.2.2.2.2.2.2.2.2.2",0.394985443970275,FALSE,TRUE,40
"2.2.2.2.2.2.2.2.3.2.3.1.2.2.2.2.2.2.2.2.2.2",0.450170977709608,FALSE,TRUE,40
"2.2.2.2.2.2.2.2.3.2.2.1.3.2.2.2.2.2.2.2.2.2",0.423683895687509,FALSE,TRUE,40
"2.2.2.2.2.2.2.2.3.2.2.1.2.3.2.2.2.2.2.2.2.2",0.403006732731685,FALSE,TRUE,40
"2.2.2.2.2.2.2.2.3.2.2.1.2.2.3.2.2.2.2.2.2.2",0.312814498807913,FALSE,TRUE,40
"2.2.2.2.2.2.2.2.3.2.2.1.2.2.2.3.2.2.2.2.2.2",0.386724490739326,FALSE,TRUE,40
"2.2.2.2.2.2.2.2.3.2.2.1.2.2.2.2.3.2.2.2.2.2",0.462707908742588,FALSE,TRUE,40
"2.2.2.2.2.2.2.2.3.2.2.1.2.2.2.2.2.3.2.2.2.2",0.474600715243998,FALSE,TRUE,40
"2.2.2.2.2.2.2.2.3.2.2.1.2.2.2.2.2.2.3.2.2.2",0.446485339369949,FALSE,TRUE,39
"2.2.2.2.2.2.2.2.3.2.2.1.2.2.2.2.2.2.2.2.3.2",0.446471492310881,FALSE,TRUE,40
"2.2.2.2.2.2.2.2.3.2.2.1.2.2.2.2.2.2.2.2.2.3",0.372248896871679,FALSE,TRUE,40
"1.2.2.2.2.2.2.2.3.2.2.1.2.2.2.2.2.2.2.2.2.2",0.446457403658104,FALSE,TRUE,39
"2.1.2.2.2.2.2.2.3.2.2.1.2.2.2.2.2.2.2.2.2.2",0.472063044683191,FALSE,TRUE,37
"2.2.1.2.2.2.2.2.3.2.2.1.2.2.2.2.2.2.2.2.2.2",0.49345547405748,FALSE,TRUE,38
"2.2.2.1.2.2.2.2.3.2.2.1.2.2.2.2.2.2.2.2.2.2",0.446251483295801,FALSE,TRUE,39
"2.2.2.2.1.2.2.2.3.2.2.1.2.2.2.2.2.2.2.2.2.2",0.486801854625068,FALSE,TRUE,39
"2.2.2.2.2.1.2.2.3.2.2.1.2.2.2.2.2.2.2.2.2.2",0.400277163016315,FALSE,TRUE,39
"2.2.2.2.2.2.1.2.3.2.2.1.2.2.2.2.2.2.2.2.2.2",0.432277191850358,FALSE,TRUE,39
"2.2.2.2.2.2.2.1.3.2.2.1.2.2.2.2.2.2.2.2.2.2",0.379428436506516,FALSE,TRUE,39
"2.2.2.2.2.2.2.2.3.1.2.1.2.2.2.2.2.2.2.2.2.2",0.497491531220078,FALSE,TRUE,39
"2.2.2.2.2.2.2.2.3.2.1.1.2.2.2.2.2.2.2.2.2.2",0.422705304112153,FALSE,TRUE,39
"2.2.2.2.2.2.2.2.3.2.2.1.1.2.2.2.2.2.2.2.2.2",0.457456569339496,FALSE,TRUE,39
"2.2.2.2.2.2.2.2.3.2.2.1.2.1.2.2.2.2.2.2.2.2",0.506632384014764,FALSE,TRUE,39
"2.2.2.2.2.2.2.2.3.2.2.1.2.2.1.2.2.2.2.2.2.2",0.52645674757623,FALSE,TRUE,39
"2.2.2.2.2.2.2.2.3.2.2.1.2.2.2.2.1.2.2.2.2.2",0.423731295999253,FALSE,TRUE,39
"2.2.2.2.2.2.2.2.3.2.2.1.2.2.2.2.2.1.2.2.2.2",0.424498729751765,FALSE,TRUE,39
"2.2.2.2.2.2.2.2.3.2.2.1.2.2.2.2.2.2.1.2.2.2",0.452001719574196,FALSE,TRUE,39
"2.2.2.2.2.2.2.2.3.2.2.1.2.2.2.2.2.2.2.1.2.2",0.468837188451114,FALSE,TRUE,40
"2.2.2.2.2.2.2.2.3.2.2.1.2.2.2.2.2.2.2.2.1.2",0.484437890458964,FALSE,TRUE,39
"2.2.2.2.2.2.2.2.3.2.2.1.2.2.2.2.2.2.2.2.2.1",0.490971072878978,FALSE,TRUE,39
"3.2.2.2.2.3.2.2.1.2.2.2.2.2.2.2.1.2.2.2.2.2",0.273441692295934,FALSE,TRUE,38
"2.3.2.2.2.3.2.2.1.2.2.2.2.2.2.2.1.2.2.2.2.2",0.295992973769226,FALSE,TRUE,40
"2.2.3.2.2.3.2.2.1.2.2.2.2.2.2.2.1.2.2.2.2.2",0.343580069039648,FALSE,TRUE,40
"2.2.2.3.2.3.2.2.1.2.2.2.2.2.2.2.1.2.2.2.2.2",0.350123600109442,FALSE,TRUE,40
"2.2.2.2.3.3.2.2.1.2.2.2.2.2.2.2.1.2.2.2.2.2",0.425373001795583,FALSE,TRUE,39
"2.2.2.2.2.4.2.2.1.2.2.2.2.2.2.2.1.2.2.2.2.2",0.403946664136329,FALSE,TRUE,40
"2.2.2.2.2.3.3.2.1.2.2.2.2.2.2.2.1.2.2.2.2.2",0.349365737140961,FALSE,TRUE,40
"2.2.2.2.2.3.2.3.1.2.2.2.2.2.2.2.1.2.2.2.2.2",0.41840620311258,FALSE,TRUE,40
"2.2.2.2.2.3.2.2.2.2.2.2.2.2.2.2.1.2.2.2.2.2",0.402933765463441,FALSE,TRUE,40
"2.2.2.2.2.3.2.2.1.3.2.2.2.2.2.2.1.2.2.2.2.2",0.270920155684853,FALSE,TRUE,40
"2.2.2.2.2.3.2.2.1.2.3.2.2.2.2.2.1.2.2.2.2.2",0.286980508140292,FALSE,TRUE,39
"2.2.2.2.2.3.2.2.1.2.2.3.2.2.2.2.1.2.2.2.2.2",0.268412216348903,FALSE,TRUE,40
"2.2.2.2.2.3.2.2.1.2.2.2.3.2.2.2.1.2.2.2.2.2",0.292464095742962,FALSE,TRUE,40
"2.2.2.2.2.3.2.2.1.2.2.2.2.3.2.2.1.2.2.2.2.2",0.4140730372307,FALSE,TRUE,40
"2.2.2.2.2.3.2.2.1.2.2.2.2.2.3.2.1.2.2.2.2.2",0.156787295581843,FALSE,TRUE,40
"2.2.2.2.2.3.2.2.1.2.2.2.2.2.2.3.1.2.2.2.2.2",0.315896935735869,FALSE,TRUE,40
"2.2.2.2.2.3.2.2.1.2.2.2.2.2.2.2.1.3.2.2.2.2",0.395992922795382,FALSE,TRUE,40
"2.2.2.2.2.3.2.2.1.2.2.2.2.2.2.2.1.2.3.2.2.2",0.316161990110464,FALSE,TRUE,40
"2.2.2.2.2.3.2.2.1.2.2.2.2.2.2.2.1.2.2.3.2.2",0.317562963155216,FALSE,TRUE,40
"2.2.2.2.2.3.2.2.1.2.2.2.2.2.2.2.1.2.2.2.3.2",0.376094478880903,FALSE,TRUE,40
"2.2.2.2.2.3.2.2.1.2.2.2.2.2.2.2.1.2.2.2.2.3",0.242030430169034,FALSE,TRUE,40
"1.2.2.2.2.3.2.2.1.2.2.2.2.2.2.2.1.2.2.2.2.2",0.432796751532858,FALSE,TRUE,38
"2.1.2.2.2.3.2.2.1.2.2.2.2.2.2.2.1.2.2.2.2.2",0.409163745609129,FALSE,TRUE,39
"2.2.1.2.2.3.2.2.1.2.2.2.2.2.2.2.1.2.2.2.2.2",0.346193558719392,FALSE,TRUE,38
"2.2.2.1.2.3.2.2.1.2.2.2.2.2.2.2.1.2.2.2.2.2",0.330360227561691,FALSE,TRUE,39
"2.2.2.2.1.3.2.2.1.2.2.2.2.2.2.2.1.2.2.2.2.2",0.3114875257287,FALSE,TRUE,39
"2.2.2.2.2.3.1.2.1.2.2.2.2.2.2.2.1.2.2.2.2.2",0.361122380152439,FALSE,TRUE,38
"2.2.2.2.2.3.2.1.1.2.2.2.2.2.2.2.1.2.2.2.2.2",0.280447650174777,FALSE,TRUE,38
"2.2.2.2.2.3.2.2.1.1.2.2.2.2.2.2.1.2.2.2.2.2",0.436521618003619,FALSE,TRUE,39
"2.2.2.2.2.3.2.2.1.2.1.2.2.2.2.2.1.2.2.2.2.2",0.403283421449545,FALSE,TRUE,38
"2.2.2.2.2.3.2.2.1.2.2.1.2.2.2.2.1.2.2.2.2.2",0.448796191174866,FALSE,TRUE,39
"2.2.2.2.2.3.2.2.1.2.2.2.1.2.2.2.1.2.2.2.2.2",0.431308344142559,FALSE,TRUE,39
"2.2.2.2.2.3.2.2.1.2.2.2.2.1.2.2.1.2.2.2.2.2",0.279690654369631,FALSE,TRUE,39
"2.2.2.2.2.3.2.2.1.2.2.2.2.2.1.2.1.2.2.2.2.2",0.488700054537712,FALSE,TRUE,37
"2.2.2.2.2.3.2.2.1.2.2.2.2.2.2.1.1.2.2.2.2.2",0.379157270044658,FALSE,TRUE,39
"2.2.2.2.2.3.2.2.1.2.2.2.2.2.2.2.1.1.2.2.2.2",0.298960848047989,FALSE,TRUE,39
"2.2.2.2.2.3.2.2.1.2.2.2.2.2.2.2.1.2.1.2.2.2",0.368465078220041,FALSE,TRUE,39
"2.2.2.2.2.3.2.2.1.2.2.2.2.2.2.2.1.2.2.1.2.2",0.381620841944315,FALSE,TRUE,39
"2.2.2.2.2.3.2.2.1.2.2.2.2.2.2.2.1.2.2.2.1.2",0.346746693637679,FALSE,TRUE,39
"2.2.2.2.2.3.2.2.1.2.2.2.2.2.2.2.1.2.2.2.2.1",0.445181621987102,FALSE,TRUE,39
"2.1.3.2.2.2.2.2.2.2.2.2.2.2.2.2.2.2.2.2.2.2",0.400033774497902,FALSE,TRUE,41
"2.1.2.3.2.2.2.2.2.2.2.2.2.2.2.2.2.2.2.2.2.2",0.416059774633721,FALSE,TRUE,41
"2.1.2.2.3.2.2.2.2.2.2.2.2.2.2.2.2.2.2.2.2.2",0.461080303290274,FALSE,TRUE,41
"2.1.2.2.2.3.2.2.2.2.2.2.2.2.2.2.2.2.2.2.2.2",0.495801386737362,FALSE,TRUE,40
"2.1.2.2.2.2.3.2.2.2.2.2.2.2.2.2.2.2.2.2.2.2",0.478911753057613,FALSE,TRUE,41
"2.1.2.2.2.2.2.3.2.2.2.2.2.2.2.2.2.2.2.2.2.2",0.428983079954696,FALSE,TRUE,41
"2.1.2.2.2.2.2.2.2.3.2.2.2.2.2.2.2.2.2.2.2.2",0.376876396986767,FALSE,TRUE,41
"2.1.2.2.2.2.2.2.2.2.3.2.2.2.2.2.2.2.2.2.2.2",0.450283897648525,FALSE,TRUE,41
"2.1.2.2.2.2.2.2.2.2.2.3.2.2.2.2.2.2.2.2.2.2",0.396305061762015,FALSE,TRUE,41
"2.1.2.2.2.2.2.2.2.2.2.2.3.2.2.2.2.2.2.2.2.2",0.423685588303284,FALSE,TRUE,41
"2.1.2.2.2.2.2.2.2.2.2.2.2.3.2.2.2.2.2.2.2.2",0.435848981558474,FALSE,TRUE,41
"2.1.2.2.2.2.2.2.2.2.2.2.2.2.3.2.2.2.2.2.2.2",0.267448082136427,FALSE,TRUE,41
"2.1.2.2.2.2.2.2.2.2.2.2.2.2.2.3.2.2.2.2.2.2",0.3976715715223,FALSE,TRUE,41
"2.1.2.2.2.2.2.2.2.2.2.2.2.2.2.2.3.2.2.2.2.2",0.462172847171234,FALSE,TRUE,41
"2.1.2.2.2.2.2.2.2.2.2.2.2.2.2.2.2.3.2.2.2.2",0.502778400748661,FALSE,TRUE,41
"2.1.2.2.2.2.2.2.2.2.2.2.2.2.2.2.2.2.2.3.2.2",0.465460836986176,FALSE,TRUE,41
"2.1.2.2.2.2.2.2.2.2.2.2.2.2.2.2.2.2.2.2.3.2",0.495180634066124,FALSE,TRUE,41
"2.1.2.2.2.2.2.2.2.2.2.2.2.2.2.2.2.2.2.2.2.3",0.382436473871629,FALSE,TRUE,41
"1.1.2.2.2.2.2.2.2.2.2.2.2.2.2.2.2.2.2.2.2.2",0.45348556846972,FALSE,TRUE,39
"2.1.1.2.2.2.2.2.2.2.2.2.2.2.2.2.2.2.2.2.2.2",0.486823098522107,FALSE,TRUE,39
"2.1.2.1.2.2.2.2.2.2.2.2.2.2.2.2.2.2.2.2.2.2",0.464989887678493,FALSE,TRUE,40
"2.1.2.2.1.2.2.2.2.2.2.2.2.2.2.2.2.2.2.2.2.2",0.48152216466937,FALSE,TRUE,40
"2.1.2.2.2.1.2.2.2.2.2.2.2.2.2.2.2.2.2.2.2.2",0.430782436527871,FALSE,TRUE,40
"2.1.2.2.2.2.1.2.2.2.2.2.2.2.2.2.2.2.2.2.2.2",0.42740485263288,FALSE,TRUE,37
"2.1.2.2.2.2.2.1.2.2.2.2.2.2.2.2.2.2.2.2.2.2",0.447765985887847,FALSE,TRUE,39
"2.1.2.2.2.2.2.2.2.1.2.2.2.2.2.2.2.2.2.2.2.2",0.515254663848427,FALSE,TRUE,40
"2.1.2.2.2.2.2.2.2.2.1.2.2.2.2.2.2.2.2.2.2.2",0.421092114674288,FALSE,TRUE,40
"2.1.2.2.2.2.2.2.2.2.2.1.2.2.2.2.2.2.2.2.2.2",0.494689612668158,FALSE,TRUE,39
"2.1.2.2.2.2.2.2.2.2.2.2.1.2.2.2.2.2.2.2.2.2",0.458240485643849,FALSE,TRUE,40
"2.1.2.2.2.2.2.2.2.2.2.2.2.1.2.2.2.2.2.2.2.2",0.472613626381219,FALSE,TRUE,40
"2.1.2.2.2.2.2.2.2.2.2.2.2.2.1.2.2.2.2.2.2.2",0.566268035900281,FALSE,TRUE,39
"2.1.2.2.2.2.2.2.2.2.2.2.2.2.2.2.1.2.2.2.2.2",0.422408551032449,FALSE,TRUE,40
"2.1.2.2.2.2.2.2.2.2.2.2.2.2.2.2.2.1.2.2.2.2",0.383809763775639,FALSE,TRUE,40
"2.1.2.2.2.2.2.2.2.2.2.2.2.2.2.2.2.2.1.2.2.2",0.51365753020244,FALSE,TRUE,40
"2.1.2.2.2.2.2.2.2.2.2.2.2.2.2.2.2.2.2.1.2.2",0.433427475171555,FALSE,TRUE,40
"2.1.2.2.2.2.2.2.2.2.2.2.2.2.2.2.2.2.2.2.1.2",0.428240265558488,FALSE,TRUE,40
"2.1.2.2.2.2.2.2.2.2.2.2.2.2.2.2.2.2.2.2.2.1",0.487096212500392,FALSE,TRUE,40
"3.2.2.2.2.2.2.1.2.2.2.2.2.2.2.2.2.2.3.2.2.2",0.272704815070125,FALSE,TRUE,39
"2.3.2.2.2.2.2.1.2.2.2.2.2.2.2.2.2.2.3.2.2.2",0.230493218835056,FALSE,TRUE,41
"2.2.3.2.2.2.2.1.2.2.2.2.2.2.2.2.2.2.3.2.2.2",0.218534722002059,FALSE,TRUE,41
"2.2.2.3.2.2.2.1.2.2.2.2.2.2.2.2.2.2.3.2.2.2",0.30332038170809,FALSE,TRUE,41
"2.2.2.2.3.2.2.1.2.2.2.2.2.2.2.2.2.2.3.2.2.2",0.346150442007052,FALSE,TRUE,41
"2.2.2.2.2.3.2.1.2.2.2.2.2.2.2.2.2.2.3.2.2.2",0.299360038656046,FALSE,TRUE,41
"2.2.2.2.2.2.3.1.2.2.2.2.2.2.2.2.2.2.3.2.2.2",0.259620304432967,FALSE,TRUE,41
"2.2.2.2.2.2.2.1.3.2.2.2.2.2.2.2.2.2.3.2.2.2",0.29240537428423,FALSE,TRUE,40
"2.2.2.2.2.2.2.1.2.3.2.2.2.2.2.2.2.2.3.2.2.2",0.211601277625429,FALSE,TRUE,41
"2.2.2.2.2.2.2.1.2.2.3.2.2.2.2.2.2.2.3.2.2.2",0.26232943270713,FALSE,TRUE,41
"2.2.2.2.2.2.2.1.2.2.2.3.2.2.2.2.2.2.3.2.2.2",0.188652912458546,FALSE,TRUE,41
"2.2.2.2.2.2.2.1.2.2.2.2.3.2.2.2.2.2.3.2.2.2",0.198628281830418,FALSE,TRUE,41
"2.2.2.2.2.2.2.1.2.2.2.2.2.3.2.2.2.2.3.2.2.2",0.275011368166166,FALSE,TRUE,41
"2.2.2.2.2.2.2.1.2.2.2.2.2.2.3.2.2.2.3.2.2.2",0.143304988704905,FALSE,TRUE,41
"2.2.2.2.2.2.2.1.2.2.2.2.2.2.2.3.2.2.3.2.2.2",0.208789569998006,FALSE,TRUE,41
"2.2.2.2.2.2.2.1.2.2.2.2.2.2.2.2.3.2.3.2.2.2",0.311593049620304,FALSE,TRUE,41
"2.2.2.2.2.2.2.1.2.2.2.2.2.2.2.2.2.3.3.2.2.2",0.301482356804299,FALSE,TRUE,41
"2.2.2.2.2.2.2.1.2.2.2.2.2.2.2.2.2.2.4.2.2.2",0.240580704938321,FALSE,TRUE,41
"2.2.2.2.2.2.2.1.2.2.2.2.2.2.2.2.2.2.3.3.2.2",0.249288556537754,FALSE,TRUE,41
"2.2.2.2.2.2.2.1.2.2.2.2.2.2.2.2.2.2.3.2.3.2",0.309238832748946,FALSE,TRUE,41
"2.2.2.2.2.2.2.1.2.2.2.2.2.2.2.2.2.2.3.2.2.3",0.174013289600606,FALSE,TRUE,41
"1.2.2.2.2.2.2.1.2.2.2.2.2.2.2.2.2.2.3.2.2.2",0.325924289294984,FALSE,TRUE,40
"2.1.2.2.2.2.2.1.2.2.2.2.2.2.2.2.2.2.3.2.2.2",0.370938666462392,FALSE,TRUE,39
"2.2.1.2.2.2.2.1.2.2.2.2.2.2.2.2.2.2.3.2.2.2",0.372754814939059,FALSE,TRUE,39
"2.2.2.1.2.2.2.1.2.2.2.2.2.2.2.2.2.2.3.2.2.2",0.271493463030023,FALSE,TRUE,40
"2.2.2.2.1.2.2.1.2.2.2.2.2.2.2.2.2.2.3.2.2.2",0.294100817194992,FALSE,TRUE,40
"2.2.2.2.2.1.2.1.2.2.2.2.2.2.2.2.2.2.3.2.2.2",0.319423434154433,FALSE,TRUE,40
"2.2.2.2.2.2.1.1.2.2.2.2.2.2.2.2.2.2.3.2.2.2",0.343527066354036,FALSE,TRUE,40
"2.2.2.2.2.2.2.1.1.2.2.2.2.2.2.2.2.2.3.2.2.2",0.287537114894811,FALSE,TRUE,38
"2.2.2.2.2.2.2.1.2.1.2.2.2.2.2.2.2.2.3.2.2.2",0.376119486727514,FALSE,TRUE,40
"2.2.2.2.2.2.2.1.2.2.1.2.2.2.2.2.2.2.3.2.2.2",0.30001265329549,FALSE,TRUE,39
"2.2.2.2.2.2.2.1.2.2.2.1.2.2.2.2.2.2.3.2.2.2",0.412629576051363,FALSE,TRUE,40
"2.2.2.2.2.2.2.1.2.2.2.2.1.2.2.2.2.2.3.2.2.2",0.376596505197956,FALSE,TRUE,40
"2.2.2.2.2.2.2.1.2.2.2.2.2.1.2.2.2.2.3.2.2.2",0.336870277612992,FALSE,TRUE,40
"2.2.2.2.2.2.2.1.2.2.2.2.2.2.1.2.2.2.3.2.2.2",0.417587859334732,FALSE,TRUE,38
"2.2.2.2.2.2.2.1.2.2.2.2.2.2.2.1.2.2.3.2.2.2",0.397187428392455,FALSE,TRUE,40
"2.2.2.2.2.2.2.1.2.2.2.2.2.2.2.2.1.2.3.2.2.2",0.27263237930355,FALSE,TRUE,40
"2.2.2.2.2.2.2.1.2.2.2.2.2.2.2.2.2.1.3.2.2.2",0.293027480420617,FALSE,TRUE,40
"2.2.2.2.2.2.2.1.2.2.2.2.2.2.2.2.2.2.3.1.2.2",0.342512542847309,FALSE,TRUE,40
"2.2.2.2.2.2.2.1.2.2.2.2.2.2.2.2.2.2.3.2.1.2",0.30625722783107,FALSE,TRUE,40
"2.2.2.2.2.2.2.1.2.2.2.2.2.2.2.2.2.2.3.2.2.1",0.39579552957496,FALSE,TRUE,40
"3.2.2.2.2.2.3.2.3.2.2.2.2.2.2.1.2.2.2.2.2.2",0.499354258741484,FALSE,TRUE,39
"2.3.2.2.2.2.3.2.3.2.2.2.2.2.2.1.2.2.2.2.2.2",0.424000129422284,FALSE,TRUE,39
"2.2.3.2.2.2.3.2.3.2.2.2.2.2.2.1.2.2.2.2.2.2",0.416007826963835,FALSE,TRUE,39
"2.2.2.3.2.2.3.2.3.2.2.2.2.2.2.1.2.2.2.2.2.2",0.486494057838244,FALSE,TRUE,39
"2.2.2.2.3.2.3.2.3.2.2.2.2.2.2.1.2.2.2.2.2.2",0.502897967271434,FALSE,TRUE,39
"2.2.2.2.2.3.3.2.3.2.2.2.2.2.2.1.2.2.2.2.2.2",0.541061496424097,FALSE,TRUE,39
"2.2.2.2.2.2.4.2.3.2.2.2.2.2.2.1.2.2.2.2.2.2",0.488884420895588,FALSE,TRUE,40
"2.2.2.2.2.2.3.3.3.2.2.2.2.2.2.1.2.2.2.2.2.2",0.52207429264719,FALSE,TRUE,39
"2.2.2.2.2.2.3.2.4.2.2.2.2.2.2.1.2.2.2.2.2.2",0.476631872786509,FALSE,TRUE,39
"2.2.2.2.2.2.3.2.3.3.2.2.2.2.2.1.2.2.2.2.2.2",0.410926696316523,FALSE,TRUE,40
"2.2.2.2.2.2.3.2.3.2.3.2.2.2.2.1.2.2.2.2.2.2",0.465318707385662,FALSE,TRUE,39
"2.2.2.2.2.2.3.2.3.2.2.3.2.2.2.1.2.2.2.2.2.2",0.436231114065206,FALSE,TRUE,39
"2.2.2.2.2.2.3.2.3.2.2.2.3.2.2.1.2.2.2.2.2.2",0.443012431540002,FALSE,TRUE,39
"2.2.2.2.2.2.3.2.3.2.2.2.2.3.2.1.2.2.2.2.2.2",0.445017295676982,FALSE,TRUE,39
"2.2.2.2.2.2.3.2.3.2.2.2.2.2.3.1.2.2.2.2.2.2",0.313278960588618,FALSE,TRUE,39
"2.2.2.2.2.2.3.2.3.2.2.2.2.2.2.1.3.2.2.2.2.2",0.516404424325098,FALSE,TRUE,39
"2.2.2.2.2.2.3.2.3.2.2.2.2.2.2.1.2.3.2.2.2.2",0.543932861528649,FALSE,TRUE,39
"2.2.2.2.2.2.3.2.3.2.2.2.2.2.2.1.2.2.3.2.2.2",0.43520912746978,FALSE,TRUE,39
"2.2.2.2.2.2.3.2.3.2.2.2.2.2.2.1.2.2.2.2.3.2",0.527823102811682,FALSE,TRUE,39
"2.2.2.2.2.2.3.2.3.2.2.2.2.2.2.1.2.2.2.2.2.3",0.430636867705838,FALSE,TRUE,39
"1.2.2.2.2.2.3.2.3.2.2.2.2.2.2.1.2.2.2.2.2.2",0.485152286152296,FALSE,TRUE,38
"2.2.1.2.2.2.3.2.3.2.2.2.2.2.2.1.2.2.2.2.2.2",0.545550462609315,FALSE,TRUE,38
"2.2.2.1.2.2.3.2.3.2.2.2.2.2.2.1.2.2.2.2.2.2",0.481987448769296,FALSE,TRUE,38
"2.2.2.2.1.2.3.2.3.2.2.2.2.2.2.1.2.2.2.2.2.2",0.528767995612357,FALSE,TRUE,38
"2.2.2.2.2.1.3.2.3.2.2.2.2.2.2.1.2.2.2.2.2.2",0.468778037107156,FALSE,TRUE,38
"2.2.2.2.2.2.3.1.3.2.2.2.2.2.2.1.2.2.2.2.2.2",0.433045178052065,FALSE,TRUE,38
"2.2.2.2.2.2.3.2.2.2.2.2.2.2.2.1.2.2.2.2.2.2",0.489595223464498,FALSE,TRUE,38
"2.2.2.2.2.2.3.2.3.2.1.2.2.2.2.1.2.2.2.2.2.2",0.494163373009183,FALSE,TRUE,38
"2.2.2.2.2.2.3.2.3.2.2.1.2.2.2.1.2.2.2.2.2.2",0.540150792511665,FALSE,TRUE,37
"2.2.2.2.2.2.3.2.3.2.2.2.1.2.2.1.2.2.2.2.2.2",0.522652343114968,FALSE,TRUE,38
"2.2.2.2.2.2.3.2.3.2.2.2.2.1.2.1.2.2.2.2.2.2",0.540774533897949,FALSE,TRUE,38
"2.2.2.2.2.2.3.2.3.2.2.2.2.2.1.1.2.2.2.2.2.2",0.610404410336585,FALSE,TRUE,38
"2.2.2.2.2.2.3.2.3.2.2.2.2.2.2.1.1.2.2.2.2.2",0.458414155174155,FALSE,TRUE,38
"2.2.2.2.2.2.3.2.3.2.2.2.2.2.2.1.2.1.2.2.2.2",0.428910063886903,FALSE,TRUE,38
"2.2.2.2.2.2.3.2.3.2.2.2.2.2.2.1.2.2.1.2.2.2",0.543638458520754,FALSE,TRUE,38
"2.2.2.2.2.2.3.2.3.2.2.2.2.2.2.1.2.2.2.1.2.2",0.487735136105741,FALSE,TRUE,39
"2.2.2.2.2.2.3.2.3.2.2.2.2.2.2.1.2.2.2.2.1.2",0.485453523554562,FALSE,TRUE,38
"2.2.2.2.2.2.3.2.3.2.2.2.2.2.2.1.2.2.2.2.2.1",0.520329182028084,FALSE,TRUE,38
"2.3.2.2.2.2.1.2.1.2.2.2.2.2.2.2.2.2.2.2.2.2",0.356234316632952,FALSE,TRUE,40
"2.2.3.2.2.2.1.2.1.2.2.2.2.2.2.2.2.2.2.2.2.2",0.331185931970634,FALSE,TRUE,40
"2.2.2.3.2.2.1.2.1.2.2.2.2.2.2.2.2.2.2.2.2.2",0.365294276285078,FALSE,TRUE,40
"2.2.2.2.3.2.1.2.1.2.2.2.2.2.2.2.2.2.2.2.2.2",0.386174488548497,FALSE,TRUE,39
"2.2.2.2.2.2.1.3.1.2.2.2.2.2.2.2.2.2.2.2.2.2",0.35044360308742,FALSE,TRUE,40
"2.2.2.2.2.2.1.2.1.3.2.2.2.2.2.2.2.2.2.2.2.2",0.313637783727426,FALSE,TRUE,40
"2.2.2.2.2.2.1.2.1.2.3.2.2.2.2.2.2.2.2.2.2.2",0.353644587479926,FALSE,TRUE,39
"2.2.2.2.2.2.1.2.1.2.2.3.2.2.2.2.2.2.2.2.2.2",0.312052293519925,FALSE,TRUE,40
"2.2.2.2.2.2.1.2.1.2.2.2.3.2.2.2.2.2.2.2.2.2",0.337987854774548,FALSE,TRUE,39
"2.2.2.2.2.2.1.2.1.2.2.2.2.3.2.2.2.2.2.2.2.2",0.376072852278078,FALSE,TRUE,40
"2.2.2.2.2.2.1.2.1.2.2.2.2.2.3.2.2.2.2.2.2.2",0.206000965113662,FALSE,TRUE,40
"2.2.2.2.2.2.1.2.1.2.2.2.2.2.2.3.2.2.2.2.2.2",0.331504786080588,FALSE,TRUE,40
"2.2.2.2.2.2.1.2.1.2.2.2.2.2.2.2.3.2.2.2.2.2",0.409183605214964,FALSE,TRUE,39
"2.2.2.2.2.2.1.2.1.2.2.2.2.2.2.2.2.3.2.2.2.2",0.424452660336574,FALSE,TRUE,40
"2.2.2.2.2.2.1.2.1.2.2.2.2.2.2.2.2.2.3.2.2.2",0.317710952706503,FALSE,TRUE,39
"2.2.2.2.2.2.1.2.1.2.2.2.2.2.2.2.2.2.2.3.2.2",0.384656302009024,FALSE,TRUE,40
"2.2.2.2.2.2.1.2.1.2.2.2.2.2.2.2.2.2.2.2.3.2",0.418539180152278,FALSE,TRUE,40
"2.2.2.2.2.2.1.2.1.2.2.2.2.2.2.2.2.2.2.2.2.3",0.297646364337192,FALSE,TRUE,40
"1.2.2.2.2.2.1.2.1.2.2.2.2.2.2.2.2.2.2.2.2.2",0.392848439419065,FALSE,TRUE,39
"2.1.2.2.2.2.1.2.1.2.2.2.2.2.2.2.2.2.2.2.2.2",0.390517486153617,FALSE,TRUE,38
"2.2.1.2.2.2.1.2.1.2.2.2.2.2.2.2.2.2.2.2.2.2",0.396605329516275,FALSE,TRUE,37
"2.2.2.1.2.2.1.2.1.2.2.2.2.2.2.2.2.2.2.2.2.2",0.364581190383617,FALSE,TRUE,38
"2.2.2.2.1.2.1.2.1.2.2.2.2.2.2.2.2.2.2.2.2.2",0.407413874933984,FALSE,TRUE,39
"2.2.2.2.2.1.1.2.1.2.2.2.2.2.2.2.2.2.2.2.2.2",0.370143661076147,FALSE,TRUE,39
"2.2.2.2.2.2.1.1.1.2.2.2.2.2.2.2.2.2.2.2.2.2",0.378490395326564,FALSE,TRUE,38
"2.2.2.2.2.2.1.2.1.1.2.2.2.2.2.2.2.2.2.2.2.2",0.436905843535936,FALSE,TRUE,39
"2.2.2.2.2.2.1.2.1.2.1.2.2.2.2.2.2.2.2.2.2.2",0.364360321694819,FALSE,TRUE,39
"2.2.2.2.2.2.1.2.1.2.2.1.2.2.2.2.2.2.2.2.2.2",0.449215042297158,FALSE,TRUE,39
"2.2.2.2.2.2.1.2.1.2.2.2.1.2.2.2.2.2.2.2.2.2",0.41358260389323,FALSE,TRUE,39
"2.2.2.2.2.2.1.2.1.2.2.2.2.1.2.2.2.2.2.2.2.2",0.370517995531658,FALSE,TRUE,39
"2.2.2.2.2.2.1.2.1.2.2.2.2.2.2.1.2.2.2.2.2.2",0.415079925295537,FALSE,TRUE,39
"2.2.2.2.2.2.1.2.1.2.2.2.2.2.2.2.1.2.2.2.2.2",0.323027923507613,FALSE,TRUE,38
"2.2.2.2.2.2.1.2.1.2.2.2.2.2.2.2.2.1.2.2.2.2",0.312544906592129,FALSE,TRUE,39
"2.2.2.2.2.2.1.2.1.2.2.2.2.2.2.2.2.2.1.2.2.2",0.421116087159422,FALSE,TRUE,39
"2.2.2.2.2.2.1.2.1.2.2.2.2.2.2.2.2.2.2.1.2.2",0.359714376802923,FALSE,TRUE,39
"2.2.2.2.2.2.1.2.1.2.2.2.2.2.2.2.2.2.2.2.1.2",0.353849612111518,FALSE,TRUE,38
"2.2.2.2.2.2.1.2.1.2.2.2.2.2.2.2.2.2.2.2.2.1",0.421690755506725,FALSE,TRUE,39
"3.2.2.2.2.2.2.2.3.2.2.1.2.2.2.2.2.2.2.3.2.2",0.446493616281667,FALSE,TRUE,40
"2.3.2.2.2.2.2.2.3.2.2.1.2.2.2.2.2.2.2.3.2.2",0.380368904164624,FALSE,TRUE,40
"2.2.3.2.2.2.2.2.3.2.2.1.2.2.2.2.2.2.2.3.2.2",0.352238867943016,FALSE,TRUE,40
"2.2.2.3.2.2.2.2.3.2.2.1.2.2.2.2.2.2.2.3.2.2",0.432330927306294,FALSE,TRUE,40
"2.2.2.2.3.2.2.2.3.2.2.1.2.2.2.2.2.2.2.3.2.2",0.430820239208588,FALSE,TRUE,40
"2.2.2.2.2.3.2.2.3.2.2.1.2.2.2.2.2.2.2.3.2.2",0.456193735488036,FALSE,TRUE,40
"2.2.2.2.2.2.3.2.3.2.2.1.2.2.2.2.2.2.2.3.2.2",0.425594676216339,FALSE,TRUE,38
"2.2.2.2.2.2.2.3.3.2.2.1.2.2.2.2.2.2.2.3.2.2",0.478824665786714,FALSE,TRUE,40
"2.2.2.2.2.2.2.2.4.2.2.1.2.2.2.2.2.2.2.3.2.2",0.355237704172906,FALSE,TRUE,40
"2.2.2.2.2.2.2.2.3.3.2.1.2.2.2.2.2.2.2.3.2.2",0.367088310357226,FALSE,TRUE,40
"2.2.2.2.2.2.2.2.3.2.3.1.2.2.2.2.2.2.2.3.2.2",0.396186982062568,FALSE,TRUE,40
"2.2.2.2.2.2.2.2.3.2.2.1.3.2.2.2.2.2.2.3.2.2",0.372245497345698,FALSE,TRUE,40
"2.2.2.2.2.2.2.2.3.2.2.1.2.3.2.2.2.2.2.3.2.2",0.353986971589282,FALSE,TRUE,40
"2.2.2.2.2.2.2.2.3.2.2.1.2.2.3.2.2.2.2.3.2.2",0.323319156804421,FALSE,TRUE,40
"2.2.2.2.2.2.2.2.3.2.2.1.2.2.2.3.2.2.2.3.2.2",0.334368074162195,FALSE,TRUE,40
"2.2.2.2.2.2.2.2.3.2.2.1.2.2.2.2.3.2.2.3.2.2",0.433000727073592,FALSE,TRUE,41
"2.2.2.2.2.2.2.2.3.2.2.1.2.2.2.2.2.3.2.3.2.2",0.435195014725148,FALSE,TRUE,40
"2.2.2.2.2.2.2.2.3.2.2.1.2.2.2.2.2.2.3.3.2.2",0.396367325018054,FALSE,TRUE,40
"2.2.2.2.2.2.2.2.3.2.2.1.2.2.2.2.2.2.2.4.2.2",0.369253468912787,FALSE,TRUE,41
"2.2.2.2.2.2.2.2.3.2.2.1.2.2.2.2.2.2.2.3.3.2",0.417373930859388,FALSE,TRUE,40
"2.2.2.2.2.2.2.2.3.2.2.1.2.2.2.2.2.2.2.3.2.3",0.30635315191919,FALSE,TRUE,40
"1.2.2.2.2.2.2.2.3.2.2.1.2.2.2.2.2.2.2.3.2.2",0.386202025973551,FALSE,TRUE,39
"2.1.2.2.2.2.2.2.3.2.2.1.2.2.2.2.2.2.2.3.2.2",0.454606965322312,FALSE,TRUE,39
"2.2.1.2.2.2.2.2.3.2.2.1.2.2.2.2.2.2.2.3.2.2",0.460454796105458,FALSE,TRUE,39
"2.2.2.1.2.2.2.2.3.2.2.1.2.2.2.2.2.2.2.3.2.2",0.384808109579706,FALSE,TRUE,39
"2.2.2.2.1.2.2.2.3.2.2.1.2.2.2.2.2.2.2.3.2.2",0.451302180318028,FALSE,TRUE,39
"2.2.2.2.2.1.2.2.3.2.2.1.2.2.2.2.2.2.2.3.2.2",0.403232947238141,FALSE,TRUE,39
"2.2.2.2.2.2.1.2.3.2.2.1.2.2.2.2.2.2.2.3.2.2",0.410279585709359,FALSE,TRUE,39
"2.2.2.2.2.2.2.1.3.2.2.1.2.2.2.2.2.2.2.3.2.2",0.32466789032039,FALSE,TRUE,39
"2.2.2.2.2.2.2.2.2.2.2.1.2.2.2.2.2.2.2.3.2.2",0.458166526063882,FALSE,TRUE,39
"2.2.2.2.2.2.2.2.3.1.2.1.2.2.2.2.2.2.2.3.2.2",0.455423839142289,FALSE,TRUE,39
"2.2.2.2.2.2.2.2.3.2.1.1.2.2.2.2.2.2.2.3.2.2",0.403047473245051,FALSE,TRUE,39
"2.2.2.2.2.2.2.2.3.2.2.1.1.2.2.2.2.2.2.3.2.2",0.437184979784886,FALSE,TRUE,39
"2.2.2.2.2.2.2.2.3.2.2.1.2.1.2.2.2.2.2.3.2.2",0.489486608952288,FALSE,TRUE,39
"2.2.2.2.2.2.2.2.3.2.2.1.2.2.1.2.2.2.2.3.2.2",0.447926653242005,FALSE,TRUE,39
"2.2.2.2.2.2.2.2.3.2.2.1.2.2.2.1.2.2.2.3.2.2",0.504160641044076,FALSE,TRUE,37
"2.2.2.2.2.2.2.2.3.2.2.1.2.2.2.2.2.1.2.3.2.2",0.391500132583442,FALSE,TRUE,39
"2.2.2.2.2.2.2.2.3.2.2.1.2.2.2.2.2.2.1.3.2.2",0.433033197094774,FALSE,TRUE,39
"2.2.2.2.2.2.2.2.3.2.2.1.2.2.2.2.2.2.2.3.1.2",0.44097466469213,FALSE,TRUE,39
"2.2.2.2.2.2.2.2.3.2.2.1.2.2.2.2.2.2.2.3.2.1",0.491693884900906,FALSE,TRUE,39
"4.2.2.2.2.2.2.2.2.2.2.2.2.2.2.2.2.2.3.2.2.2",0.261832454607509,FALSE,TRUE,41
"3.3.2.2.2.2.2.2.2.2.2.2.2.2.2.2.2.2.3.2.2.2",0.264416191313296,FALSE,TRUE,40
"3.2.3.2.2.2.2.2.2.2.2.2.2.2.2.2.2.2.3.2.2.2",0.254781190269862,FALSE,TRUE,40
"3.2.2.3.2.2.2.2.2.2.2.2.2.2.2.2.2.2.3.2.2.2",0.298939557250906,FALSE,TRUE,40
"3.2.2.2.3.2.2.2.2.2.2.2.2.2.2.2.2.2.3.2.2.2",0.348342270673863,FALSE,TRUE,39
"3.2.2.2.2.3.2.2.2.2.2.2.2.2.2.2.2.2.3.2.2.2",0.307407708156435,FALSE,TRUE,40
"3.2.2.2.2.2.3.2.2.2.2.2.2.2.2.2.2.2.3.2.2.2",0.29148139035345,FALSE,TRUE,40
"3.2.2.2.2.2.2.3.2.2.2.2.2.2.2.2.2.2.3.2.2.2",0.312649793161669,FALSE,TRUE,40
"3.2.2.2.2.2.2.2.3.2.2.2.2.2.2.2.2.2.3.2.2.2",0.340833941030519,FALSE,TRUE,40
"3.2.2.2.2.2.2.2.2.3.2.2.2.2.2.2.2.2.3.2.2.2",0.227657521877657,FALSE,TRUE,40
"3.2.2.2.2.2.2.2.2.2.3.2.2.2.2.2.2.2.3.2.2.2",0.273633072672805,FALSE,TRUE,41
"3.2.2.2.2.2.2.2.2.2.2.3.2.2.2.2.2.2.3.2.2.2",0.210879794423883,FALSE,TRUE,40
"3.2.2.2.2.2.2.2.2.2.2.2.3.2.2.2.2.2.3.2.2.2",0.230901235581165,FALSE,TRUE,40
"3.2.2.2.2.2.2.2.2.2.2.2.2.3.2.2.2.2.3.2.2.2",0.309686913939477,FALSE,TRUE,40
"3.2.2.2.2.2.2.2.2.2.2.2.2.2.3.2.2.2.3.2.2.2",0.14619891231773,FALSE,TRUE,40
"3.2.2.2.2.2.2.2.2.2.2.2.2.2.2.3.2.2.3.2.2.2",0.249058688763013,FALSE,TRUE,40
"3.2.2.2.2.2.2.2.2.2.2.2.2.2.2.2.3.2.3.2.2.2",0.310754590269814,FALSE,TRUE,40
"3.2.2.2.2.2.2.2.2.2.2.2.2.2.2.2.2.3.3.2.2.2",0.309456664541728,FALSE,TRUE,40
"3.2.2.2.2.2.2.2.2.2.2.2.2.2.2.2.2.2.4.2.2.2",0.228114926437246,FALSE,TRUE,41
"3.2.2.2.2.2.2.2.2.2.2.2.2.2.2.2.2.2.3.3.2.2",0.295797066873181,FALSE,TRUE,40
"3.2.2.2.2.2.2.2.2.2.2.2.2.2.2.2.2.2.3.2.3.2",0.341998729031431,FALSE,TRUE,40
"3.2.2.2.2.2.2.2.2.2.2.2.2.2.2.2.2.2.3.2.2.3",0.219697646789122,FALSE,TRUE,40
"3.1.2.2.2.2.2.2.2.2.2.2.2.2.2.2.2.2.3.2.2.2",0.349472422378314,FALSE,TRUE,39
"3.2.1.2.2.2.2.2.2.2.2.2.2.2.2.2.2.2.3.2.2.2",0.353868010543373,FALSE,TRUE,39
"3.2.2.1.2.2.2.2.2.2.2.2.2.2.2.2.2.2.3.2.2.2",0.293559549569424,FALSE,TRUE,39
"3.2.2.2.1.2.2.2.2.2.2.2.2.2.2.2.2.2.3.2.2.2",0.307824655538665,FALSE,TRUE,38
"3.2.2.2.2.1.2.2.2.2.2.2.2.2.2.2.2.2.3.2.2.2",0.328351622699865,FALSE,TRUE,39
"3.2.2.2.2.2.1.2.2.2.2.2.2.2.2.2.2.2.3.2.2.2",0.327127436727721,FALSE,TRUE,39
"3.2.2.2.2.2.2.2.2.1.2.2.2.2.2.2.2.2.3.2.2.2",0.382774383858808,FALSE,TRUE,38
"3.2.2.2.2.2.2.2.2.2.2.1.2.2.2.2.2.2.3.2.2.2",0.416387981774611,FALSE,TRUE,39
"3.2.2.2.2.2.2.2.2.2.2.2.1.2.2.2.2.2.3.2.2.2",0.360169619856876,FALSE,TRUE,39
"3.2.2.2.2.2.2.2.2.2.2.2.2.1.2.2.2.2.3.2.2.2",0.316801934870313,FALSE,TRUE,39
"3.2.2.2.2.2.2.2.2.2.2.2.2.2.1.2.2.2.3.2.2.2",0.424041073993377,FALSE,TRUE,39
"3.2.2.2.2.2.2.2.2.2.2.2.2.2.2.1.2.2.3.2.2.2",0.375616380006692,FALSE,TRUE,39
"3.2.2.2.2.2.2.2.2.2.2.2.2.2.2.2.1.2.3.2.2.2",0.282183817321099,FALSE,TRUE,39
"3.2.2.2.2.2.2.2.2.2.2.2.2.2.2.2.2.1.3.2.2.2",0.295932375297531,FALSE,TRUE,39
"3.2.2.2.2.2.2.2.2.2.2.2.2.2.2.2.2.2.3.1.2.2",0.31177212008846,FALSE,TRUE,39
"3.2.2.2.2.2.2.2.2.2.2.2.2.2.2.2.2.2.3.2.1.2",0.290177838720581,FALSE,TRUE,39
"3.2.2.2.2.2.2.2.2.2.2.2.2.2.2.2.2.2.3.2.2.1",0.361251562224924,FALSE,TRUE,39
"4.2.2.2.2.2.2.2.2.2.1.2.2.2.2.2.2.2.3.2.2.2",0.290739350928079,FALSE,TRUE,38
"3.3.2.2.2.2.2.2.2.2.1.2.2.2.2.2.2.2.3.2.2.2",0.271900846337233,FALSE,TRUE,39
"3.2.3.2.2.2.2.2.2.2.1.2.2.2.2.2.2.2.3.2.2.2",0.227663343730848,FALSE,TRUE,39
"3.2.2.3.2.2.2.2.2.2.1.2.2.2.2.2.2.2.3.2.2.2",0.252086669192293,FALSE,TRUE,39
"3.2.2.2.3.2.2.2.2.2.1.2.2.2.2.2.2.2.3.2.2.2",0.314066240851951,FALSE,TRUE,40
"3.2.2.2.2.3.2.2.2.2.1.2.2.2.2.2.2.2.3.2.2.2",0.294672924412371,FALSE,TRUE,39
"3.2.2.2.2.2.3.2.2.2.1.2.2.2.2.2.2.2.3.2.2.2",0.307426284138366,FALSE,TRUE,39
"3.2.2.2.2.2.2.3.2.2.1.2.2.2.2.2.2.2.3.2.2.2",0.253946687258222,FALSE,TRUE,39
"3.2.2.2.2.2.2.2.3.2.1.2.2.2.2.2.2.2.3.2.2.2",0.306800803926887,FALSE,TRUE,39
"3.2.2.2.2.2.2.2.2.3.1.2.2.2.2.2.2.2.3.2.2.2",0.219970581067932,FALSE,TRUE,39
"3.2.2.2.2.2.2.2.2.2.1.3.2.2.2.2.2.2.3.2.2.2",0.207558861672169,FALSE,TRUE,39
"3.2.2.2.2.2.2.2.2.2.1.2.3.2.2.2.2.2.3.2.2.2",0.245186856727445,FALSE,TRUE,39
"3.2.2.2.2.2.2.2.2.2.1.2.2.3.2.2.2.2.3.2.2.2",0.262249424680292,FALSE,TRUE,39
"3.2.2.2.2.2.2.2.2.2.1.2.2.2.3.2.2.2.3.2.2.2",0.126186543822152,FALSE,TRUE,39
"3.2.2.2.2.2.2.2.2.2.1.2.2.2.2.3.2.2.3.2.2.2",0.228837394997345,FALSE,TRUE,39
"3.2.2.2.2.2.2.2.2.2.1.2.2.2.2.2.3.2.3.2.2.2",0.264151129040674,FALSE,TRUE,39
"3.2.2.2.2.2.2.2.2.2.1.2.2.2.2.2.2.3.3.2.2.2",0.291488354930336,FALSE,TRUE,39
"3.2.2.2.2.2.2.2.2.2.1.2.2.2.2.2.2.2.4.2.2.2",0.195181528105833,FALSE,TRUE,39
"3.2.2.2.2.2.2.2.2.2.1.2.2.2.2.2.2.2.3.3.2.2",0.301716862607139,FALSE,TRUE,39
"3.2.2.2.2.2.2.2.2.2.1.2.2.2.2.2.2.2.3.2.3.2",0.330788824462787,FALSE,TRUE,39
"3.1.2.2.2.2.2.2.2.2.1.2.2.2.2.2.2.2.3.2.2.2",0.319932936970386,FALSE,TRUE,38
"3.2.1.2.2.2.2.2.2.2.1.2.2.2.2.2.2.2.3.2.2.2",0.358663196717247,FALSE,TRUE,38
"3.2.2.1.2.2.2.2.2.2.1.2.2.2.2.2.2.2.3.2.2.2",0.321519764027655,FALSE,TRUE,38
"3.2.2.2.2.1.2.2.2.2.1.2.2.2.2.2.2.2.3.2.2.2",0.318639501778708,FALSE,TRUE,38
"3.2.2.2.2.2.1.2.2.2.1.2.2.2.2.2.2.2.3.2.2.2",0.288716881393973,FALSE,TRUE,38
"3.2.2.2.2.2.2.1.2.2.1.2.2.2.2.2.2.2.3.2.2.2",0.310415446476183,FALSE,TRUE,37
"3.2.2.2.2.2.2.2.1.2.1.2.2.2.2.2.2.2.3.2.2.2",0.270137152697782,FALSE,TRUE,37
"3.2.2.2.2.2.2.2.2.1.1.2.2.2.2.2.2.2.3.2.2.2",0.373250871005716,FALSE,TRUE,38
"3.2.2.2.2.2.2.2.2.2.1.1.2.2.2.2.2.2.3.2.2.2",0.403736057909374,FALSE,TRUE,38
"3.2.2.2.2.2.2.2.2.2.1.2.1.2.2.2.2.2.3.2.2.2",0.327694555868652,FALSE,TRUE,38
"3.2.2.2.2.2.2.2.2.2.1.2.2.1.2.2.2.2.3.2.2.2",0.340072608021343,FALSE,TRUE,38
"3.2.2.2.2.2.2.2.2.2.1.2.2.2.1.2.2.2.3.2.2.2",0.420416799751319,FALSE,TRUE,38
"3.2.2.2.2.2.2.2.2.2.1.2.2.2.2.1.2.2.3.2.2.2",0.374835385552719,FALSE,TRUE,38
"3.2.2.2.2.2.2.2.2.2.1.2.2.2.2.2.1.2.3.2.2.2",0.306105890727111,FALSE,TRUE,38
"3.2.2.2.2.2.2.2.2.2.1.2.2.2.2.2.2.1.3.2.2.2",0.287795886087788,FALSE,TRUE,38
"3.2.2.2.2.2.2.2.2.2.1.2.2.2.2.2.2.2.3.1.2.2",0.284630649478537,FALSE,TRUE,38
"3.2.2.2.2.2.2.2.2.2.1.2.2.2.2.2.2.2.3.2.1.2",0.280932491440566,FALSE,TRUE,38
"3.2.2.2.2.2.2.2.2.2.1.2.2.2.2.2.2.2.3.2.2.1",0.344584735864345,FALSE,TRUE,39
"3.2.2.2.2.3.2.2.1.2.2.2.2.2.2.2.3.2.2.2.2.2",0.372578082643459,FALSE,TRUE,36
"2.3.2.2.2.3.2.2.1.2.2.2.2.2.2.2.3.2.2.2.2.2",0.369778527489973,FALSE,TRUE,38
"2.2.3.2.2.3.2.2.1.2.2.2.2.2.2.2.3.2.2.2.2.2",0.359221078989214,FALSE,TRUE,38
"2.2.2.2.3.3.2.2.1.2.2.2.2.2.2.2.3.2.2.2.2.2",0.483733125775516,FALSE,TRUE,37
"2.2.2.2.2.4.2.2.1.2.2.2.2.2.2.2.3.2.2.2.2.2",0.428459006910823,FALSE,TRUE,38
"2.2.2.2.2.3.2.3.1.2.2.2.2.2.2.2.3.2.2.2.2.2",0.408825619927161,FALSE,TRUE,38
"2.2.2.2.2.3.2.2.2.2.2.2.2.2.2.2.3.2.2.2.2.2",0.45027043421596,FALSE,TRUE,38
"2.2.2.2.2.3.2.2.1.3.2.2.2.2.2.2.3.2.2.2.2.2",0.303571449227636,FALSE,TRUE,38
"2.2.2.2.2.3.2.2.1.2.3.2.2.2.2.2.3.2.2.2.2.2",0.41187997634974,FALSE,TRUE,37
"2.2.2.2.2.3.2.2.1.2.2.3.2.2.2.2.3.2.2.2.2.2",0.328968071313313,FALSE,TRUE,38
"2.2.2.2.2.3.2.2.1.2.2.2.3.2.2.2.3.2.2.2.2.2",0.365369019048755,FALSE,TRUE,38
"2.2.2.2.2.3.2.2.1.2.2.2.2.2.3.2.3.2.2.2.2.2",0.250464889676201,FALSE,TRUE,38
"2.2.2.2.2.3.2.2.1.2.2.2.2.2.2.3.3.2.2.2.2.2",0.376569499512337,FALSE,TRUE,38
"2.2.2.2.2.3.2.2.1.2.2.2.2.2.2.2.4.2.2.2.2.2",0.399151370599385,FALSE,TRUE,39
"2.2.2.2.2.3.2.2.1.2.2.2.2.2.2.2.3.3.2.2.2.2",0.443785316209288,FALSE,TRUE,38
"2.2.2.2.2.3.2.2.1.2.2.2.2.2.2.2.3.2.3.2.2.2",0.318761281666259,FALSE,TRUE,38
"2.2.2.2.2.3.2.2.1.2.2.2.2.2.2.2.3.2.2.3.2.2",0.371379851741885,FALSE,TRUE,38
"2.2.2.2.2.3.2.2.1.2.2.2.2.2.2.2.3.2.2.2.3.2",0.453813476317732,FALSE,TRUE,38
"2.2.2.2.2.3.2.2.1.2.2.2.2.2.2.2.3.2.2.2.2.3",0.288842525606845,FALSE,TRUE,38
"1.2.2.2.2.3.2.2.1.2.2.2.2.2.2.2.3.2.2.2.2.2",0.442951507857748,FALSE,TRUE,36
"2.1.2.2.2.3.2.2.1.2.2.2.2.2.2.2.3.2.2.2.2.2",0.449787519448991,FALSE,TRUE,37
"2.2.1.2.2.3.2.2.1.2.2.2.2.2.2.2.3.2.2.2.2.2",0.4368010856293,FALSE,TRUE,36
"2.2.2.1.2.3.2.2.1.2.2.2.2.2.2.2.3.2.2.2.2.2",0.417791199074624,FALSE,TRUE,38
"2.2.2.2.1.3.2.2.1.2.2.2.2.2.2.2.3.2.2.2.2.2",0.38113654362511,FALSE,TRUE,37
"2.2.2.2.2.3.1.2.1.2.2.2.2.2.2.2.3.2.2.2.2.2",0.414261212302599,FALSE,TRUE,37
"2.2.2.2.2.3.2.1.1.2.2.2.2.2.2.2.3.2.2.2.2.2",0.387965342514001,FALSE,TRUE,36
"2.2.2.2.2.3.2.2.1.1.2.2.2.2.2.2.3.2.2.2.2.2",0.527333855912867,FALSE,TRUE,37
"2.2.2.2.2.3.2.2.1.2.1.2.2.2.2.2.3.2.2.2.2.2",0.382250505347204,FALSE,TRUE,36
"2.2.2.2.2.3.2.2.1.2.2.1.2.2.2.2.3.2.2.2.2.2",0.512354530850508,FALSE,TRUE,37
"2.2.2.2.2.3.2.2.1.2.2.2.1.2.2.2.3.2.2.2.2.2",0.460917623712223,FALSE,TRUE,37
"2.2.2.2.2.3.2.2.1.2.2.2.2.1.2.2.3.2.2.2.2.2",0.393167382728079,FALSE,TRUE,38
"2.2.2.2.2.3.2.2.1.2.2.2.2.2.1.2.3.2.2.2.2.2",0.500368037957623,FALSE,TRUE,35
"2.2.2.2.2.3.2.2.1.2.2.2.2.2.2.1.3.2.2.2.2.2",0.439203299202543,FALSE,TRUE,37
"2.2.2.2.2.3.2.2.1.2.2.2.2.2.2.2.3.1.2.2.2.2",0.359873469569537,FALSE,TRUE,37
"2.2.2.2.2.3.2.2.1.2.2.2.2.2.2.2.3.2.1.2.2.2",0.498867116201963,FALSE,TRUE,37
"2.2.2.2.2.3.2.2.1.2.2.2.2.2.2.2.3.2.2.1.2.2",0.447824493253033,FALSE,TRUE,37
"2.2.2.2.2.3.2.2.1.2.2.2.2.2.2.2.3.2.2.2.1.2",0.394503550415514,FALSE,TRUE,37
"2.2.2.2.2.3.2.2.1.2.2.2.2.2.2.2.3.2.2.2.2.1",0.501975590593147,FALSE,TRUE,37
"3.2.2.2.2.3.2.2.1.2.3.2.2.2.2.2.2.2.2.2.2.2",0.262888199554408,FALSE,TRUE,39
"2.3.2.2.2.3.2.2.1.2.3.2.2.2.2.2.2.2.2.2.2.2",0.28945801476193,FALSE,TRUE,40
"2.2.3.2.2.3.2.2.1.2.3.2.2.2.2.2.2.2.2.2.2.2",0.343614400122248,FALSE,TRUE,40
"2.2.2.3.2.3.2.2.1.2.3.2.2.2.2.2.2.2.2.2.2.2",0.38298852169671,FALSE,TRUE,39
"2.2.2.2.3.3.2.2.1.2.3.2.2.2.2.2.2.2.2.2.2.2",0.435874909111848,FALSE,TRUE,38
"2.2.2.2.2.4.2.2.1.2.3.2.2.2.2.2.2.2.2.2.2.2",0.387853902466,FALSE,TRUE,40
"2.2.2.2.2.3.3.2.1.2.3.2.2.2.2.2.2.2.2.2.2.2",0.33636646569799,FALSE,TRUE,39
"2.2.2.2.2.3.2.3.1.2.3.2.2.2.2.2.2.2.2.2.2.2",0.419275066144758,FALSE,TRUE,40
"2.2.2.2.2.3.2.2.2.2.3.2.2.2.2.2.2.2.2.2.2.2",0.421118352205801,FALSE,TRUE,40
"2.2.2.2.2.3.2.2.1.3.3.2.2.2.2.2.2.2.2.2.2.2",0.246599211330628,FALSE,TRUE,40
"2.2.2.2.2.3.2.2.1.2.4.2.2.2.2.2.2.2.2.2.2.2",0.280517652441057,FALSE,TRUE,41
"2.2.2.2.2.3.2.2.1.2.3.3.2.2.2.2.2.2.2.2.2.2",0.256488571691502,FALSE,TRUE,40
"2.2.2.2.2.3.2.2.1.2.3.2.3.2.2.2.2.2.2.2.2.2",0.27255388628995,FALSE,TRUE,40
"2.2.2.2.2.3.2.2.1.2.3.2.2.3.2.2.2.2.2.2.2.2",0.411514244565866,FALSE,TRUE,39
"2.2.2.2.2.3.2.2.1.2.3.2.2.2.3.2.2.2.2.2.2.2",0.191941044406409,FALSE,TRUE,40
"2.2.2.2.2.3.2.2.1.2.3.2.2.2.2.3.2.2.2.2.2.2",0.318513979572937,FALSE,TRUE,40
"2.2.2.2.2.3.2.2.1.2.3.2.2.2.2.2.2.3.2.2.2.2",0.405607221496883,FALSE,TRUE,40
"2.2.2.2.2.3.2.2.1.2.3.2.2.2.2.2.2.2.3.2.2.2",0.310481735672672,FALSE,TRUE,40
"2.2.2.2.2.3.2.2.1.2.3.2.2.2.2.2.2.2.2.3.2.2",0.299438698501298,FALSE,TRUE,40
"2.2.2.2.2.3.2.2.1.2.3.2.2.2.2.2.2.2.2.2.3.2",0.382223905826795,FALSE,TRUE,40
"2.2.2.2.2.3.2.2.1.2.3.2.2.2.2.2.2.2.2.2.2.3",0.225186214443862,FALSE,TRUE,40
"2.1.2.2.2.3.2.2.1.2.3.2.2.2.2.2.2.2.2.2.2.2",0.415517340915424,FALSE,TRUE,39
"2.2.1.2.2.3.2.2.1.2.3.2.2.2.2.2.2.2.2.2.2.2",0.341800374484127,FALSE,TRUE,39
"2.2.2.1.2.3.2.2.1.2.3.2.2.2.2.2.2.2.2.2.2.2",0.305583474372497,FALSE,TRUE,39
"2.2.2.2.1.3.2.2.1.2.3.2.2.2.2.2.2.2.2.2.2.2",0.303975181022876,FALSE,TRUE,39
"2.2.2.2.2.3.1.2.1.2.3.2.2.2.2.2.2.2.2.2.2.2",0.374079842208394,FALSE,TRUE,38
"2.2.2.2.2.3.2.1.1.2.3.2.2.2.2.2.2.2.2.2.2.2",0.271157997987815,FALSE,TRUE,38
"2.2.2.2.2.3.2.2.1.1.3.2.2.2.2.2.2.2.2.2.2.2",0.460043672650455,FALSE,TRUE,39
"2.2.2.2.2.3.2.2.1.2.3.1.2.2.2.2.2.2.2.2.2.2",0.458060128083838,FALSE,TRUE,39
"2.2.2.2.2.3.2.2.1.2.3.2.1.2.2.2.2.2.2.2.2.2",0.442948541166274,FALSE,TRUE,39
"2.2.2.2.2.3.2.2.1.2.3.2.2.1.2.2.2.2.2.2.2.2",0.282241378085357,FALSE,TRUE,39
"2.2.2.2.2.3.2.2.1.2.3.2.2.2.1.2.2.2.2.2.2.2",0.464103737988158,FALSE,TRUE,37
"2.2.2.2.2.3.2.2.1.2.3.2.2.2.2.1.2.2.2.2.2.2",0.375786411909672,FALSE,TRUE,39
"2.2.2.2.2.3.2.2.1.2.3.2.2.2.2.2.2.1.2.2.2.2",0.298749471405499,FALSE,TRUE,39
"2.2.2.2.2.3.2.2.1.2.3.2.2.2.2.2.2.2.1.2.2.2",0.375009400925327,FALSE,TRUE,39
"2.2.2.2.2.3.2.2.1.2.3.2.2.2.2.2.2.2.2.1.2.2",0.398388168622539,FALSE,TRUE,39
"2.2.2.2.2.3.2.2.1.2.3.2.2.2.2.2.2.2.2.2.1.2",0.343387776794579,FALSE,TRUE,39
"2.2.2.2.2.3.2.2.1.2.3.2.2.2.2.2.2.2.2.2.2.1",0.451817480317281,FALSE,TRUE,39
"4.2.2.2.3.3.2.2.1.2.2.2.2.2.2.2.2.2.2.2.2.2",0.288229120270399,FALSE,TRUE,40
"3.3.2.2.3.3.2.2.1.2.2.2.2.2.2.2.2.2.2.2.2.2",0.329313597163016,FALSE,TRUE,40
"3.2.3.2.3.3.2.2.1.2.2.2.2.2.2.2.2.2.2.2.2.2",0.369998969340163,FALSE,TRUE,40
"3.2.2.3.3.3.2.2.1.2.2.2.2.2.2.2.2.2.2.2.2.2",0.381748016242302,FALSE,TRUE,40
"3.2.2.2.4.3.2.2.1.2.2.2.2.2.2.2.2.2.2.2.2.2",0.444035275084873,FALSE,TRUE,40
"3.2.2.2.3.4.2.2.1.2.2.2.2.2.2.2.2.2.2.2.2.2",0.43053255120016,FALSE,TRUE,41
"3.2.2.2.3.3.3.2.1.2.2.2.2.2.2.2.2.2.2.2.2.2",0.381632713497062,FALSE,TRUE,40
"3.2.2.2.3.3.2.3.1.2.2.2.2.2.2.2.2.2.2.2.2.2",0.412796747372496,FALSE,TRUE,41
"3.2.2.2.3.3.2.2.2.2.2.2.2.2.2.2.2.2.2.2.2.2",0.435678525236941,FALSE,TRUE,40
"3.2.2.2.3.3.2.2.1.3.2.2.2.2.2.2.2.2.2.2.2.2",0.275474237799697,FALSE,TRUE,40
"3.2.2.2.3.3.2.2.1.2.2.3.2.2.2.2.2.2.2.2.2.2",0.278594631898812,FALSE,TRUE,40
"3.2.2.2.3.3.2.2.1.2.2.2.3.2.2.2.2.2.2.2.2.2",0.312395773410792,FALSE,TRUE,40
"3.2.2.2.3.3.2.2.1.2.2.2.2.3.2.2.2.2.2.2.2.2",0.426591855434022,FALSE,TRUE,40
"3.2.2.2.3.3.2.2.1.2.2.2.2.2.3.2.2.2.2.2.2.2",0.180662212382261,FALSE,TRUE,40
"3.2.2.2.3.3.2.2.1.2.2.2.2.2.2.3.2.2.2.2.2.2",0.341332593627564,FALSE,TRUE,40
"3.2.2.2.3.3.2.2.1.2.2.2.2.2.2.2.3.2.2.2.2.2",0.419028683266415,FALSE,TRUE,38
"3.2.2.2.3.3.2.2.1.2.2.2.2.2.2.2.2.3.2.2.2.2",0.407988991789575,FALSE,TRUE,40
"3.2.2.2.3.3.2.2.1.2.2.2.2.2.2.2.2.2.3.2.2.2",0.322443038801245,FALSE,TRUE,40
"3.2.2.2.3.3.2.2.1.2.2.2.2.2.2.2.2.2.2.3.2.2",0.364385955209574,FALSE,TRUE,40
"3.2.2.2.3.3.2.2.1.2.2.2.2.2.2.2.2.2.2.2.3.2",0.406723390566806,FALSE,TRUE,40
"3.2.2.2.3.3.2.2.1.2.2.2.2.2.2.2.2.2.2.2.2.3",0.289447757109103,FALSE,TRUE,40
"3.1.2.2.3.3.2.2.1.2.2.2.2.2.2.2.2.2.2.2.2.2",0.421791948442994,FALSE,TRUE,39
"3.2.1.2.3.3.2.2.1.2.2.2.2.2.2.2.2.2.2.2.2.2",0.375123910531885,FALSE,TRUE,37
"3.2.2.1.3.3.2.2.1.2.2.2.2.2.2.2.2.2.2.2.2.2",0.350183806047925,FALSE,TRUE,37
"3.2.2.2.3.3.1.2.1.2.2.2.2.2.2.2.2.2.2.2.2.2",0.379647155339397,FALSE,TRUE,39
"3.2.2.2.3.3.2.2.1.1.2.2.2.2.2.2.2.2.2.2.2.2",0.484063243263284,FALSE,TRUE,39
"3.2.2.2.3.3.2.2.1.2.1.2.2.2.2.2.2.2.2.2.2.2",0.410053432562719,FALSE,TRUE,39
"3.2.2.2.3.3.2.2.1.2.2.1.2.2.2.2.2.2.2.2.2.2",0.486764984724511,FALSE,TRUE,39
"3.2.2.2.3.3.2.2.1.2.2.2.1.2.2.2.2.2.2.2.2.2",0.444682275645951,FALSE,TRUE,39
"3.2.2.2.3.3.2.2.1.2.2.2.2.1.2.2.2.2.2.2.2.2",0.327951398012709,FALSE,TRUE,39
"3.2.2.2.3.3.2.2.1.2.2.2.2.2.1.2.2.2.2.2.2.2",0.510510221999857,FALSE,TRUE,39
"3.2.2.2.3.3.2.2.1.2.2.2.2.2.2.1.2.2.2.2.2.2",0.414608871015476,FALSE,TRUE,39
"3.2.2.2.3.3.2.2.1.2.2.2.2.2.2.2.1.2.2.2.2.2",0.323729293353335,FALSE,TRUE,37
"3.2.2.2.3.3.2.2.1.2.2.2.2.2.2.2.2.1.2.2.2.2",0.33064629623493,FALSE,TRUE,39
"3.2.2.2.3.3.2.2.1.2.2.2.2.2.2.2.2.2.1.2.2.2",0.422356834830427,FALSE,TRUE,39
"3.2.2.2.3.3.2.2.1.2.2.2.2.2.2.2.2.2.2.1.2.2",0.392439000864791,FALSE,TRUE,39
"3.2.2.2.3.3.2.2.1.2.2.2.2.2.2.2.2.2.2.2.1.2",0.366415009830121,FALSE,TRUE,39
"3.2.2.2.3.3.2.2.1.2.2.2.2.2.2.2.2.2.2.2.2.1",0.443233414850961,FALSE,TRUE,39
"3.2.2.2.2.2.3.2.3.1.2.2.2.2.2.1.2.2.2.2.2.2",0.540552636858633,FALSE,TRUE,40
"2.3.2.2.2.2.3.2.3.1.2.2.2.2.2.1.2.2.2.2.2.2",0.507765604511875,FALSE,TRUE,40
"2.2.3.2.2.2.3.2.3.1.2.2.2.2.2.1.2.2.2.2.2.2",0.487250646979575,FALSE,TRUE,40
"2.2.2.3.2.2.3.2.3.1.2.2.2.2.2.1.2.2.2.2.2.2",0.507196105662343,FALSE,TRUE,40
"2.2.2.2.3.2.3.2.3.1.2.2.2.2.2.1.2.2.2.2.2.2",0.579551792296114,FALSE,TRUE,40
"2.2.2.2.2.3.3.2.3.1.2.2.2.2.2.1.2.2.2.2.2.2",0.620617222816631,FALSE,TRUE,40
"2.2.2.2.2.2.4.2.3.1.2.2.2.2.2.1.2.2.2.2.2.2",0.568580749912706,FALSE,TRUE,40
"2.2.2.2.2.2.3.3.3.1.2.2.2.2.2.1.2.2.2.2.2.2",0.595712381658975,FALSE,TRUE,40
"2.2.2.2.2.2.3.2.4.1.2.2.2.2.2.1.2.2.2.2.2.2",0.520846261989972,FALSE,TRUE,40
"2.2.2.2.2.2.3.2.3.1.3.2.2.2.2.1.2.2.2.2.2.2",0.519254257402418,FALSE,TRUE,40
"2.2.2.2.2.2.3.2.3.1.2.3.2.2.2.1.2.2.2.2.2.2",0.515582023181373,FALSE,TRUE,40
"2.2.2.2.2.2.3.2.3.1.2.2.3.2.2.1.2.2.2.2.2.2",0.527949020877227,FALSE,TRUE,40
"2.2.2.2.2.2.3.2.3.1.2.2.2.3.2.1.2.2.2.2.2.2",0.543420139428097,FALSE,TRUE,40
"2.2.2.2.2.2.3.2.3.1.2.2.2.2.3.1.2.2.2.2.2.2",0.351849437805568,FALSE,TRUE,40
"2.2.2.2.2.2.3.2.3.1.2.2.2.2.2.2.2.2.2.2.2.2",0.480964382907333,FALSE,TRUE,40
"2.2.2.2.2.2.3.2.3.1.2.2.2.2.2.1.3.2.2.2.2.2",0.582206511860489,FALSE,TRUE,40
"2.2.2.2.2.2.3.2.3.1.2.2.2.2.2.1.2.3.2.2.2.2",0.579191268144362,FALSE,TRUE,40
"2.2.2.2.2.2.3.2.3.1.2.2.2.2.2.1.2.2.3.2.2.2",0.507089188615779,FALSE,TRUE,40
"2.2.2.2.2.2.3.2.3.1.2.2.2.2.2.1.2.2.2.3.2.2",0.554696279636046,FALSE,TRUE,40
"2.2.2.2.2.2.3.2.3.1.2.2.2.2.2.1.2.2.2.2.3.2",0.579580894782491,FALSE,TRUE,40
"2.2.2.2.2.2.3.2.3.1.2.2.2.2.2.1.2.2.2.2.2.3",0.482611007718634,FALSE,TRUE,40
"1.2.2.2.2.2.3.2.3.1.2.2.2.2.2.1.2.2.2.2.2.2",0.560548888845995,FALSE,TRUE,39
"2.1.2.2.2.2.3.2.3.1.2.2.2.2.2.1.2.2.2.2.2.2",0.592596016847199,FALSE,TRUE,38
"2.2.1.2.2.2.3.2.3.1.2.2.2.2.2.1.2.2.2.2.2.2",0.586420022293387,FALSE,TRUE,39
"2.2.2.1.2.2.3.2.3.1.2.2.2.2.2.1.2.2.2.2.2.2",0.576305481984449,FALSE,TRUE,39
"2.2.2.2.1.2.3.2.3.1.2.2.2.2.2.1.2.2.2.2.2.2",0.564649080227779,FALSE,TRUE,39
"2.2.2.2.2.1.3.2.3.1.2.2.2.2.2.1.2.2.2.2.2.2",0.502350477861281,FALSE,TRUE,39
"2.2.2.2.2.2.3.1.3.1.2.2.2.2.2.1.2.2.2.2.2.2",0.472635338696342,FALSE,TRUE,39
"2.2.2.2.2.2.3.2.2.1.2.2.2.2.2.1.2.2.2.2.2.2",0.561430834011933,FALSE,TRUE,40
"2.2.2.2.2.2.3.2.3.1.1.2.2.2.2.1.2.2.2.2.2.2",0.557981877975564,FALSE,TRUE,39
"2.2.2.2.2.2.3.2.3.1.2.1.2.2.2.1.2.2.2.2.2.2",0.560144953859065,FALSE,TRUE,39
"2.2.2.2.2.2.3.2.3.1.2.2.1.2.2.1.2.2.2.2.2.2",0.544034939777262,FALSE,TRUE,39
"2.2.2.2.2.2.3.2.3.1.2.2.2.1.2.1.2.2.2.2.2.2",0.557358937227984,FALSE,TRUE,39
"2.2.2.2.2.2.3.2.3.1.2.2.2.2.1.1.2.2.2.2.2.2",0.685550977595707,FALSE,TRUE,39
"2.2.2.2.2.2.3.2.3.1.2.2.2.2.2.1.1.2.2.2.2.2",0.50848211942993,FALSE,TRUE,39
"2.2.2.2.2.2.3.2.3.1.2.2.2.2.2.1.2.1.2.2.2.2",0.504211436112082,FALSE,TRUE,39
"2.2.2.2.2.2.3.2.3.1.2.2.2.2.2.1.2.2.1.2.2.2",0.582102983723998,FALSE,TRUE,39
"2.2.2.2.2.2.3.2.3.1.2.2.2.2.2.1.2.2.2.1.2.2",0.548004573267028,FALSE,TRUE,39
"2.2.2.2.2.2.3.2.3.1.2.2.2.2.2.1.2.2.2.2.1.2",0.548463011441809,FALSE,TRUE,39
"2.2.2.2.2.2.3.2.3.1.2.2.2.2.2.1.2.2.2.2.2.1",0.583302208138879,FALSE,TRUE,39
"3.2.2.2.2.2.2.2.1.2.2.2.3.2.1.2.2.2.2.2.2.2",0.382293477213525,FALSE,TRUE,39
"2.3.2.2.2.2.2.2.1.2.2.2.3.2.1.2.2.2.2.2.2.2",0.362152297635692,FALSE,TRUE,40
"2.2.3.2.2.2.2.2.1.2.2.2.3.2.1.2.2.2.2.2.2.2",0.438438926082204,FALSE,TRUE,40
"2.2.2.3.2.2.2.2.1.2.2.2.3.2.1.2.2.2.2.2.2.2",0.483134775397215,FALSE,TRUE,40
"2.2.2.2.3.2.2.2.1.2.2.2.3.2.1.2.2.2.2.2.2.2",0.506869156911176,FALSE,TRUE,40
"2.2.2.2.2.3.2.2.1.2.2.2.3.2.1.2.2.2.2.2.2.2",0.473876014518418,FALSE,TRUE,38
"2.2.2.2.2.2.3.2.1.2.2.2.3.2.1.2.2.2.2.2.2.2",0.421763607298109,FALSE,TRUE,40
"2.2.2.2.2.2.2.3.1.2.2.2.3.2.1.2.2.2.2.2.2.2",0.504274499392241,FALSE,TRUE,40
"2.2.2.2.2.2.2.2.2.2.2.2.3.2.1.2.2.2.2.2.2.2",0.48838769551223,FALSE,TRUE,40
"2.2.2.2.2.2.2.2.1.3.2.2.3.2.1.2.2.2.2.2.2.2",0.331149050578641,FALSE,TRUE,40
"2.2.2.2.2.2.2.2.1.2.3.2.3.2.1.2.2.2.2.2.2.2",0.365505903882711,FALSE,TRUE,40
"2.2.2.2.2.2.2.2.1.2.2.3.3.2.1.2.2.2.2.2.2.2",0.398673067240578,FALSE,TRUE,40
"2.2.2.2.2.2.2.2.1.2.2.2.4.2.1.2.2.2.2.2.2.2",0.392312714976657,FALSE,TRUE,41
"2.2.2.2.2.2.2.2.1.2.2.2.3.3.1.2.2.2.2.2.2.2",0.45829261131384,FALSE,TRUE,40
"2.2.2.2.2.2.2.2.1.2.2.2.3.2.1.3.2.2.2.2.2.2",0.400219588250983,FALSE,TRUE,40
"2.2.2.2.2.2.2.2.1.2.2.2.3.2.1.2.3.2.2.2.2.2",0.471869627927579,FALSE,TRUE,40
"2.2.2.2.2.2.2.2.1.2.2.2.3.2.1.2.2.3.2.2.2.2",0.495096651515218,FALSE,TRUE,40
"2.2.2.2.2.2.2.2.1.2.2.2.3.2.1.2.2.2.3.2.2.2",0.399074305627268,FALSE,TRUE,40
"2.2.2.2.2.2.2.2.1.2.2.2.3.2.1.2.2.2.2.3.2.2",0.390455618277353,FALSE,TRUE,40
"2.2.2.2.2.2.2.2.1.2.2.2.3.2.1.2.2.2.2.2.3.2",0.475578695884397,FALSE,TRUE,40
"2.2.2.2.2.2.2.2.1.2.2.2.3.2.1.2.2.2.2.2.2.3",0.35110788499942,FALSE,TRUE,40
"1.2.2.2.2.2.2.2.1.2.2.2.3.2.1.2.2.2.2.2.2.2",0.498111313755183,FALSE,TRUE,39
"2.1.2.2.2.2.2.2.1.2.2.2.3.2.1.2.2.2.2.2.2.2",0.50816053902103,FALSE,TRUE,39
"2.2.1.2.2.2.2.2.1.2.2.2.3.2.1.2.2.2.2.2.2.2",0.414001753493443,FALSE,TRUE,39
"2.2.2.1.2.2.2.2.1.2.2.2.3.2.1.2.2.2.2.2.2.2",0.380925859160509,FALSE,TRUE,39
"2.2.2.2.1.2.2.2.1.2.2.2.3.2.1.2.2.2.2.2.2.2",0.406820231569595,FALSE,TRUE,39
"2.2.2.2.2.1.2.2.1.2.2.2.3.2.1.2.2.2.2.2.2.2",0.42985934968474,FALSE,TRUE,39
"2.2.2.2.2.2.1.2.1.2.2.2.3.2.1.2.2.2.2.2.2.2",0.458165874591959,FALSE,TRUE,38
"2.2.2.2.2.2.2.1.1.2.2.2.3.2.1.2.2.2.2.2.2.2",0.356949976963589,FALSE,TRUE,38
"2.2.2.2.2.2.2.2.1.1.2.2.3.2.1.2.2.2.2.2.2.2",0.554294122352,FALSE,TRUE,39
"2.2.2.2.2.2.2.2.1.2.1.2.3.2.1.2.2.2.2.2.2.2",0.497769446893493,FALSE,TRUE,39
"2.2.2.2.2.2.2.2.1.2.2.1.3.2.1.2.2.2.2.2.2.2",0.485968214171104,FALSE,TRUE,39
"2.2.2.2.2.2.2.2.1.2.2.2.3.1.1.2.2.2.2.2.2.2",0.403622892552378,FALSE,TRUE,39
"2.2.2.2.2.2.2.2.1.2.2.2.3.2.1.1.2.2.2.2.2.2",0.473086565134559,FALSE,TRUE,39
"2.2.2.2.2.2.2.2.1.2.2.2.3.2.1.2.1.2.2.2.2.2",0.391031268724601,FALSE,TRUE,39
"2.2.2.2.2.2.2.2.1.2.2.2.3.2.1.2.2.1.2.2.2.2",0.363469026940861,FALSE,TRUE,39
"2.2.2.2.2.2.2.2.1.2.2.2.3.2.1.2.2.2.1.2.2.2",0.459541236248354,FALSE,TRUE,39
"2.2.2.2.2.2.2.2.1.2.2.2.3.2.1.2.2.2.2.1.2.2",0.483638861212552,FALSE,TRUE,39
"2.2.2.2.2.2.2.2.1.2.2.2.3.2.1.2.2.2.2.2.2.1",0.498660166717708,FALSE,TRUE,39
"3.2.2.2.2.2.3.2.3.2.2.2.2.2.2.1.2.2.2.3.2.2",0.512009679768162,FALSE,TRUE,41
"2.3.2.2.2.2.3.2.3.2.2.2.2.2.2.1.2.2.2.3.2.2",0.398001533206986,FALSE,TRUE,41
"2.2.3.2.2.2.3.2.3.2.2.2.2.2.2.1.2.2.2.3.2.2",0.40458531129682,FALSE,TRUE,41
"2.2.2.3.2.2.3.2.3.2.2.2.2.2.2.1.2.2.2.3.2.2",0.501554055131358,FALSE,TRUE,41
"2.2.2.2.3.2.3.2.3.2.2.2.2.2.2.1.2.2.2.3.2.2",0.495716020781341,FALSE,TRUE,41
"2.2.2.2.2.3.3.2.3.2.2.2.2.2.2.1.2.2.2.3.2.2",0.494963156879499,FALSE,TRUE,41
"2.2.2.2.2.2.4.2.3.2.2.2.2.2.2.1.2.2.2.3.2.2",0.468744169298156,FALSE,TRUE,41
"2.2.2.2.2.2.3.3.3.2.2.2.2.2.2.1.2.2.2.3.2.2",0.538096079836041,FALSE,TRUE,41
"2.2.2.2.2.2.3.2.4.2.2.2.2.2.2.1.2.2.2.3.2.2",0.470799621267025,FALSE,TRUE,41
"2.2.2.2.2.2.3.2.3.3.2.2.2.2.2.1.2.2.2.3.2.2",0.40523787502711,FALSE,TRUE,41
"2.2.2.2.2.2.3.2.3.2.3.2.2.2.2.1.2.2.2.3.2.2",0.44000707088841,FALSE,TRUE,41
"2.2.2.2.2.2.3.2.3.2.2.3.2.2.2.1.2.2.2.3.2.2",0.44512300115685,FALSE,TRUE,41
"2.2.2.2.2.2.3.2.3.2.2.2.3.2.2.1.2.2.2.3.2.2",0.420762420942361,FALSE,TRUE,41
"2.2.2.2.2.2.3.2.3.2.2.2.2.3.2.1.2.2.2.3.2.2",0.419326668958774,FALSE,TRUE,41
"2.2.2.2.2.2.3.2.3.2.2.2.2.2.3.1.2.2.2.3.2.2",0.347287841493205,FALSE,TRUE,41
"2.2.2.2.2.2.3.2.3.2.2.2.2.2.2.2.2.2.2.3.2.2",0.358797686738443,FALSE,TRUE,40
"2.2.2.2.2.2.3.2.3.2.2.2.2.2.2.1.3.2.2.3.2.2",0.510225017956706,FALSE,TRUE,41
"2.2.2.2.2.2.3.2.3.2.2.2.2.2.2.1.2.3.2.3.2.2",0.531571830871718,FALSE,TRUE,41
"2.2.2.2.2.2.3.2.3.2.2.2.2.2.2.1.2.2.3.3.2.2",0.405338379119225,FALSE,TRUE,41
"2.2.2.2.2.2.3.2.3.2.2.2.2.2.2.1.2.2.2.4.2.2",0.4645955022445,FALSE,TRUE,42
"2.2.2.2.2.2.3.2.3.2.2.2.2.2.2.1.2.2.2.3.3.2",0.526265977016208,FALSE,TRUE,41
"2.2.2.2.2.2.3.2.3.2.2.2.2.2.2.1.2.2.2.3.2.3",0.388340107284913,FALSE,TRUE,41
"1.2.2.2.2.2.3.2.3.2.2.2.2.2.2.1.2.2.2.3.2.2",0.45420706199807,FALSE,TRUE,40
"2.1.2.2.2.2.3.2.3.2.2.2.2.2.2.1.2.2.2.3.2.2",0.571922589128036,FALSE,TRUE,39
"2.2.1.2.2.2.3.2.3.2.2.2.2.2.2.1.2.2.2.3.2.2",0.540434743120769,FALSE,TRUE,40
"2.2.2.1.2.2.3.2.3.2.2.2.2.2.2.1.2.2.2.3.2.2",0.449520996616677,FALSE,TRUE,40
"2.2.2.2.1.2.3.2.3.2.2.2.2.2.2.1.2.2.2.3.2.2",0.516828808125977,FALSE,TRUE,40
"2.2.2.2.2.1.3.2.3.2.2.2.2.2.2.1.2.2.2.3.2.2",0.495844103506109,FALSE,TRUE,40
"2.2.2.2.2.2.3.1.3.2.2.2.2.2.2.1.2.2.2.3.2.2",0.402806355389743,FALSE,TRUE,40
"2.2.2.2.2.2.3.2.2.2.2.2.2.2.2.1.2.2.2.3.2.2",0.479565109964458,FALSE,TRUE,41
"2.2.2.2.2.2.3.2.3.2.1.2.2.2.2.1.2.2.2.3.2.2",0.501655205736373,FALSE,TRUE,40
"2.2.2.2.2.2.3.2.3.2.2.1.2.2.2.1.2.2.2.3.2.2",0.511973354556431,FALSE,TRUE,38
"2.2.2.2.2.2.3.2.3.2.2.2.1.2.2.1.2.2.2.3.2.2",0.529045973202172,FALSE,TRUE,40
"2.2.2.2.2.2.3.2.3.2.2.2.2.1.2.1.2.2.2.3.2.2",0.550373531125507,FALSE,TRUE,40
"2.2.2.2.2.2.3.2.3.2.2.2.2.2.1.1.2.2.2.3.2.2",0.560002391351384,FALSE,TRUE,40
"2.2.2.2.2.2.3.2.3.2.2.2.2.2.2.1.1.2.2.3.2.2",0.448974831423259,FALSE,TRUE,40
"2.2.2.2.2.2.3.2.3.2.2.2.2.2.2.1.2.1.2.3.2.2",0.426100319332833,FALSE,TRUE,40
"2.2.2.2.2.2.3.2.3.2.2.2.2.2.2.1.2.2.1.3.2.2",0.552856728027225,FALSE,TRUE,40
"2.2.2.2.2.2.3.2.3.2.2.2.2.2.2.1.2.2.2.3.1.2",0.468680006395151,FALSE,TRUE,40
"2.2.2.2.2.2.3.2.3.2.2.2.2.2.2.1.2.2.2.3.2.1",0.547369763602208,FALSE,TRUE,40
"4.2.2.2.1.2.2.2.2.2.1.2.2.2.2.2.2.2.3.2.2.2",0.316295266227798,FALSE,TRUE,39
"3.3.2.2.1.2.2.2.2.2.1.2.2.2.2.2.2.2.3.2.2.2",0.292471934070072,FALSE,TRUE,39
"3.2.3.2.1.2.2.2.2.2.1.2.2.2.2.2.2.2.3.2.2.2",0.222087252180876,FALSE,TRUE,39
"3.2.2.3.1.2.2.2.2.2.1.2.2.2.2.2.2.2.3.2.2.2",0.301587557873045,FALSE,TRUE,39
"3.2.2.2.1.3.2.2.2.2.1.2.2.2.2.2.2.2.3.2.2.2",0.271472685145372,FALSE,TRUE,39
"3.2.2.2.1.2.3.2.2.2.1.2.2.2.2.2.2.2.3.2.2.2",0.305405670619409,FALSE,TRUE,39
"3.2.2.2.1.2.2.3.2.2.1.2.2.2.2.2.2.2.3.2.2.2",0.274088985900045,FALSE,TRUE,39
"3.2.2.2.1.2.2.2.3.2.1.2.2.2.2.2.2.2.3.2.2.2",0.329913151558401,FALSE,TRUE,39
"3.2.2.2.1.2.2.2.2.3.1.2.2.2.2.2.2.2.3.2.2.2",0.263352011537384,FALSE,TRUE,40
"3.2.2.2.1.2.2.2.2.2.1.3.2.2.2.2.2.2.3.2.2.2",0.221723540630097,FALSE,TRUE,39
"3.2.2.2.1.2.2.2.2.2.1.2.3.2.2.2.2.2.3.2.2.2",0.245600236675397,FALSE,TRUE,39
"3.2.2.2.1.2.2.2.2.2.1.2.2.3.2.2.2.2.3.2.2.2",0.256295200457192,FALSE,TRUE,39
"3.2.2.2.1.2.2.2.2.2.1.2.2.2.3.2.2.2.3.2.2.2",0.173388327127511,FALSE,TRUE,39
"3.2.2.2.1.2.2.2.2.2.1.2.2.2.2.3.2.2.3.2.2.2",0.223776458890503,FALSE,TRUE,39
"3.2.2.2.1.2.2.2.2.2.1.2.2.2.2.2.3.2.3.2.2.2",0.295005304553922,FALSE,TRUE,39
"3.2.2.2.1.2.2.2.2.2.1.2.2.2.2.2.2.3.3.2.2.2",0.288503949158564,FALSE,TRUE,39
"3.2.2.2.1.2.2.2.2.2.1.2.2.2.2.2.2.2.4.2.2.2",0.193646102678854,FALSE,TRUE,39
"3.2.2.2.1.2.2.2.2.2.1.2.2.2.2.2.2.2.3.3.2.2",0.320610553006404,FALSE,TRUE,39
"3.2.2.2.1.2.2.2.2.2.1.2.2.2.2.2.2.2.3.2.3.2",0.363752903000684,FALSE,TRUE,39
"3.2.2.2.1.2.2.2.2.2.1.2.2.2.2.2.2.2.3.2.2.3",0.233178162026733,FALSE,TRUE,39
"2.2.2.2.1.2.2.2.2.2.1.2.2.2.2.2.2.2.3.2.2.2",0.307505447233373,FALSE,TRUE,38
"3.1.2.2.1.2.2.2.2.2.1.2.2.2.2.2.2.2.3.2.2.2",0.341004613563875,FALSE,TRUE,38
"3.2.1.2.1.2.2.2.2.2.1.2.2.2.2.2.2.2.3.2.2.2",0.399209457597657,FALSE,TRUE,38
"3.2.2.1.1.2.2.2.2.2.1.2.2.2.2.2.2.2.3.2.2.2",0.316042650826705,FALSE,TRUE,38
"3.2.2.2.1.1.2.2.2.2.1.2.2.2.2.2.2.2.3.2.2.2",0.379375855527369,FALSE,TRUE,38
"3.2.2.2.1.2.1.2.2.2.1.2.2.2.2.2.2.2.3.2.2.2",0.329601400765182,FALSE,TRUE,38
"3.2.2.2.1.2.2.1.2.2.1.2.2.2.2.2.2.2.3.2.2.2",0.328169494371279,FALSE,TRUE,38
"3.2.2.2.1.2.2.2.1.2.1.2.2.2.2.2.2.2.3.2.2.2",0.285518950924422,FALSE,TRUE,38
"3.2.2.2.1.2.2.2.2.2.1.1.2.2.2.2.2.2.3.2.2.2",0.426563431131951,FALSE,TRUE,38
"3.2.2.2.1.2.2.2.2.2.1.2.1.2.2.2.2.2.3.2.2.2",0.367332258936852,FALSE,TRUE,38
"3.2.2.2.1.2.2.2.2.2.1.2.2.1.2.2.2.2.3.2.2.2",0.382724166910877,FALSE,TRUE,38
"3.2.2.2.1.2.2.2.2.2.1.2.2.2.1.2.2.2.3.2.2.2",0.409493331658457,FALSE,TRUE,38
"3.2.2.2.1.2.2.2.2.2.1.2.2.2.2.1.2.2.3.2.2.2",0.414434049167165,FALSE,TRUE,38
"3.2.2.2.1.2.2.2.2.2.1.2.2.2.2.2.1.2.3.2.2.2",0.316987713136749,FALSE,TRUE,38
"3.2.2.2.1.2.2.2.2.2.1.2.2.2.2.2.2.1.3.2.2.2",0.332632697993894,FALSE,TRUE,38
"3.2.2.2.1.2.2.2.2.2.1.2.2.2.2.2.2.2.2.2.2.2",0.451185954645656,FALSE,TRUE,38
"3.2.2.2.1.2.2.2.2.2.1.2.2.2.2.2.2.2.3.1.2.2",0.30435972612638,FALSE,TRUE,38
"3.2.2.2.1.2.2.2.2.2.1.2.2.2.2.2.2.2.3.2.1.2",0.290157711548998,FALSE,TRUE,38
"3.2.2.2.1.2.2.2.2.2.1.2.2.2.2.2.2.2.3.2.2.1",0.365992459104448,FALSE,TRUE,38
"2.3.1.2.2.2.2.2.2.2.2.2.2.2.2.2.2.2.2.2.2.2",0.37174141729328,FALSE,TRUE,40
"2.2.1.3.2.2.2.2.2.2.2.2.2.2.2.2.2.2.2.2.2.2",0.447584290107611,FALSE,TRUE,40
"2.2.1.2.3.2.2.2.2.2.2.2.2.2.2.2.2.2.2.2.2.2",0.437856011509604,FALSE,TRUE,40
"2.2.1.2.2.3.2.2.2.2.2.2.2.2.2.2.2.2.2.2.2.2",0.461930965996652,FALSE,TRUE,38
"2.2.1.2.2.2.3.2.2.2.2.2.2.2.2.2.2.2.2.2.2.2",0.434455347932102,FALSE,TRUE,40
"2.2.1.2.2.2.2.3.2.2.2.2.2.2.2.2.2.2.2.2.2.2",0.441589000298636,FALSE,TRUE,40
"2.2.1.2.2.2.2.2.2.3.2.2.2.2.2.2.2.2.2.2.2.2",0.367933152354208,FALSE,TRUE,40
"2.2.1.2.2.2.2.2.2.2.3.2.2.2.2.2.2.2.2.2.2.2",0.392820594078059,FALSE,TRUE,40
"2.2.1.2.2.2.2.2.2.2.2.3.2.2.2.2.2.2.2.2.2.2",0.363211542883069,FALSE,TRUE,40
"2.2.1.2.2.2.2.2.2.2.2.2.3.2.2.2.2.2.2.2.2.2",0.360735255322779,FALSE,TRUE,40
"2.2.1.2.2.2.2.2.2.2.2.2.2.3.2.2.2.2.2.2.2.2",0.42292269484304,FALSE,TRUE,40
"2.2.1.2.2.2.2.2.2.2.2.2.2.2.3.2.2.2.2.2.2.2",0.272551975777476,FALSE,TRUE,40
"2.2.1.2.2.2.2.2.2.2.2.2.2.2.2.3.2.2.2.2.2.2",0.350806125699082,FALSE,TRUE,40
"2.2.1.2.2.2.2.2.2.2.2.2.2.2.2.2.3.2.2.2.2.2",0.485150806918981,FALSE,TRUE,40
"2.2.1.2.2.2.2.2.2.2.2.2.2.2.2.2.2.3.2.2.2.2",0.457341293910377,FALSE,TRUE,40
"2.2.1.2.2.2.2.2.2.2.2.2.2.2.2.2.2.2.2.3.2.2",0.430810726582596,FALSE,TRUE,40
"2.2.1.2.2.2.2.2.2.2.2.2.2.2.2.2.2.2.2.2.3.2",0.440088789976375,FALSE,TRUE,40
"2.2.1.2.2.2.2.2.2.2.2.2.2.2.2.2.2.2.2.2.2.3",0.367115511093918,FALSE,TRUE,40
"2.2.1.1.2.2.2.2.2.2.2.2.2.2.2.2.2.2.2.2.2.2",0.396198919586493,FALSE,TRUE,39
"2.2.1.2.1.2.2.2.2.2.2.2.2.2.2.2.2.2.2.2.2.2",0.469659636650786,FALSE,TRUE,39
"2.2.1.2.2.1.2.2.2.2.2.2.2.2.2.2.2.2.2.2.2.2",0.427076064836592,FALSE,TRUE,39
"2.2.1.2.2.2.1.2.2.2.2.2.2.2.2.2.2.2.2.2.2.2",0.426486489672305,FALSE,TRUE,38
"2.2.1.2.2.2.2.1.2.2.2.2.2.2.2.2.2.2.2.2.2.2",0.395355136367864,FALSE,TRUE,38
"2.2.1.2.2.2.2.2.2.1.2.2.2.2.2.2.2.2.2.2.2.2",0.494817680687751,FALSE,TRUE,39
"2.2.1.2.2.2.2.2.2.2.1.2.2.2.2.2.2.2.2.2.2.2",0.439064085384925,FALSE,TRUE,37
"2.2.1.2.2.2.2.2.2.2.2.1.2.2.2.2.2.2.2.2.2.2",0.506852417109305,FALSE,TRUE,38
"2.2.1.2.2.2.2.2.2.2.2.2.1.2.2.2.2.2.2.2.2.2",0.502379345446758,FALSE,TRUE,39
"2.2.1.2.2.2.2.2.2.2.2.2.2.1.2.2.2.2.2.2.2.2",0.430681995143251,FALSE,TRUE,39
"2.2.1.2.2.2.2.2.2.2.2.2.2.2.1.2.2.2.2.2.2.2",0.510428063773223,FALSE,TRUE,38
"2.2.1.2.2.2.2.2.2.2.2.2.2.2.2.1.2.2.2.2.2.2",0.504837377685967,FALSE,TRUE,38
"2.2.1.2.2.2.2.2.2.2.2.2.2.2.2.2.1.2.2.2.2.2",0.359336703352174,FALSE,TRUE,39
"2.2.1.2.2.2.2.2.2.2.2.2.2.2.2.2.2.1.2.2.2.2",0.389917017304831,FALSE,TRUE,39
"2.2.1.2.2.2.2.2.2.2.2.2.2.2.2.2.2.2.1.2.2.2",0.438158217919156,FALSE,TRUE,39
"2.2.1.2.2.2.2.2.2.2.2.2.2.2.2.2.2.2.2.1.2.2",0.42544530769587,FALSE,TRUE,39
"2.2.1.2.2.2.2.2.2.2.2.2.2.2.2.2.2.2.2.2.1.2",0.447465027754669,FALSE,TRUE,39
"2.2.1.2.2.2.2.2.2.2.2.2.2.2.2.2.2.2.2.2.2.1",0.460198265594545,FALSE,TRUE,39
"3.2.2.2.2.3.2.2.1.2.2.2.2.3.2.2.3.2.2.2.2.2",0.3706241844375,FALSE,TRUE,40
"2.3.2.2.2.3.2.2.1.2.2.2.2.3.2.2.3.2.2.2.2.2",0.369011982187346,FALSE,TRUE,40
"2.2.3.2.2.3.2.2.1.2.2.2.2.3.2.2.3.2.2.2.2.2",0.33834274535868,FALSE,TRUE,40
"2.2.2.3.2.3.2.2.1.2.2.2.2.3.2.2.3.2.2.2.2.2",0.380261139070281,FALSE,TRUE,40
"2.2.2.2.3.3.2.2.1.2.2.2.2.3.2.2.3.2.2.2.2.2",0.480004989656994,FALSE,TRUE,40
"2.2.2.2.2.4.2.2.1.2.2.2.2.3.2.2.3.2.2.2.2.2",0.452930131212414,FALSE,TRUE,40
"2.2.2.2.2.3.3.2.1.2.2.2.2.3.2.2.3.2.2.2.2.2",0.419409225031904,FALSE,TRUE,40
"2.2.2.2.2.3.2.3.1.2.2.2.2.3.2.2.3.2.2.2.2.2",0.423960200188259,FALSE,TRUE,40
"2.2.2.2.2.3.2.2.2.2.2.2.2.3.2.2.3.2.2.2.2.2",0.409316938047211,FALSE,TRUE,41
"2.2.2.2.2.3.2.2.1.3.2.2.2.3.2.2.3.2.2.2.2.2",0.262386806564266,FALSE,TRUE,40
"2.2.2.2.2.3.2.2.1.2.3.2.2.3.2.2.3.2.2.2.2.2",0.434184923972727,FALSE,TRUE,39
"2.2.2.2.2.3.2.2.1.2.2.3.2.3.2.2.3.2.2.2.2.2",0.319883776684634,FALSE,TRUE,40
"2.2.2.2.2.3.2.2.1.2.2.2.3.3.2.2.3.2.2.2.2.2",0.369480070995981,FALSE,TRUE,40
"2.2.2.2.2.3.2.2.1.2.2.2.2.4.2.2.3.2.2.2.2.2",0.382961113774756,FALSE,TRUE,41
"2.2.2.2.2.3.2.2.1.2.2.2.2.3.3.2.3.2.2.2.2.2",0.245529747383964,FALSE,TRUE,40
"2.2.2.2.2.3.2.2.1.2.2.2.2.3.2.3.3.2.2.2.2.2",0.359648841140882,FALSE,TRUE,40
"2.2.2.2.2.3.2.2.1.2.2.2.2.3.2.2.4.2.2.2.2.2",0.363175339194702,FALSE,TRUE,40
"2.2.2.2.2.3.2.2.1.2.2.2.2.3.2.2.3.3.2.2.2.2",0.437026877350333,FALSE,TRUE,40
"2.2.2.2.2.3.2.2.1.2.2.2.2.3.2.2.3.2.3.2.2.2",0.312165454446005,FALSE,TRUE,40
"2.2.2.2.2.3.2.2.1.2.2.2.2.3.2.2.3.2.2.3.2.2",0.350428810968443,FALSE,TRUE,40
"2.2.2.2.2.3.2.2.1.2.2.2.2.3.2.2.3.2.2.2.3.2",0.430286156223683,FALSE,TRUE,40
"2.2.2.2.2.3.2.2.1.2.2.2.2.3.2.2.3.2.2.2.2.3",0.273699778981451,FALSE,TRUE,40
"1.2.2.2.2.3.2.2.1.2.2.2.2.3.2.2.3.2.2.2.2.2",0.438234864338422,FALSE,TRUE,37
"2.1.2.2.2.3.2.2.1.2.2.2.2.3.2.2.3.2.2.2.2.2",0.438181197743187,FALSE,TRUE,39
"2.2.1.2.2.3.2.2.1.2.2.2.2.3.2.2.3.2.2.2.2.2",0.457899305989843,FALSE,TRUE,38
"2.2.2.1.2.3.2.2.1.2.2.2.2.3.2.2.3.2.2.2.2.2",0.41020205392763,FALSE,TRUE,38
"2.2.2.2.1.3.2.2.1.2.2.2.2.3.2.2.3.2.2.2.2.2",0.367298420219871,FALSE,TRUE,39
"2.2.2.2.2.2.2.2.1.2.2.2.2.3.2.2.3.2.2.2.2.2",0.380544352124012,FALSE,TRUE,39
"2.2.2.2.2.3.1.2.1.2.2.2.2.3.2.2.3.2.2.2.2.2",0.397743768401336,FALSE,TRUE,39
"2.2.2.2.2.3.2.1.1.2.2.2.2.3.2.2.3.2.2.2.2.2",0.364929551215586,FALSE,TRUE,39
"2.2.2.2.2.3.2.2.1.1.2.2.2.3.2.2.3.2.2.2.2.2",0.558937348788368,FALSE,TRUE,39
"2.2.2.2.2.3.2.2.1.2.2.1.2.3.2.2.3.2.2.2.2.2",0.511969343119177,FALSE,TRUE,39
"2.2.2.2.2.3.2.2.1.2.2.2.1.3.2.2.3.2.2.2.2.2",0.440600331107691,FALSE,TRUE,39
"2.2.2.2.2.3.2.2.1.2.2.2.2.3.1.2.3.2.2.2.2.2",0.502985171045513,FALSE,TRUE,39
"2.2.2.2.2.3.2.2.1.2.2.2.2.3.2.1.3.2.2.2.2.2",0.448457983406414,FALSE,TRUE,39
"2.2.2.2.2.3.2.2.1.2.2.2.2.3.2.2.3.1.2.2.2.2",0.354424427195625,FALSE,TRUE,39
"2.2.2.2.2.3.2.2.1.2.2.2.2.3.2.2.3.2.1.2.2.2",0.494998865814939,FALSE,TRUE,39
"2.2.2.2.2.3.2.2.1.2.2.2.2.3.2.2.3.2.2.1.2.2",0.464476767426576,FALSE,TRUE,39
"2.2.2.2.2.3.2.2.1.2.2.2.2.3.2.2.3.2.2.2.1.2",0.403097179919879,FALSE,TRUE,39
"2.2.2.2.2.3.2.2.1.2.2.2.2.3.2.2.3.2.2.2.2.1",0.511101360349618,FALSE,TRUE,39
"4.2.2.2.2.2.2.2.2.2.1.2.2.2.2.2.2.2.3.2.2.3",0.256922620660631,FALSE,TRUE,41
"3.3.2.2.2.2.2.2.2.2.1.2.2.2.2.2.2.2.3.2.2.3",0.158219113239244,FALSE,TRUE,41
"3.2.3.2.2.2.2.2.2.2.1.2.2.2.2.2.2.2.3.2.2.3",0.134150181436503,FALSE,TRUE,41
"3.2.2.3.2.2.2.2.2.2.1.2.2.2.2.2.2.2.3.2.2.3",0.172652059190312,FALSE,TRUE,41
"3.2.2.2.3.2.2.2.2.2.1.2.2.2.2.2.2.2.3.2.2.3",0.239543285468996,FALSE,TRUE,41
"3.2.2.2.2.3.2.2.2.2.1.2.2.2.2.2.2.2.3.2.2.3",0.165601919051007,FALSE,TRUE,41
"3.2.2.2.2.2.3.2.2.2.1.2.2.2.2.2.2.2.3.2.2.3",0.196992968297572,FALSE,TRUE,41
"3.2.2.2.2.2.2.3.2.2.1.2.2.2.2.2.2.2.3.2.2.3",0.192023815841141,FALSE,TRUE,41
"3.2.2.2.2.2.2.2.3.2.1.2.2.2.2.2.2.2.3.2.2.3",0.244566518838582,FALSE,TRUE,41
"3.2.2.2.2.2.2.2.2.3.1.2.2.2.2.2.2.2.3.2.2.3",0.146118127555646,FALSE,TRUE,41
"3.2.2.2.2.2.2.2.2.2.1.3.2.2.2.2.2.2.3.2.2.3",0.125780583913582,FALSE,TRUE,41
"3.2.2.2.2.2.2.2.2.2.1.2.3.2.2.2.2.2.3.2.2.3",0.143707668541081,FALSE,TRUE,41
"3.2.2.2.2.2.2.2.2.2.1.2.2.3.2.2.2.2.3.2.2.3",0.181400435632517,FALSE,TRUE,41
"3.2.2.2.2.2.2.2.2.2.1.2.2.2.3.2.2.2.3.2.2.3",0.0482998100362024,FALSE,TRUE,41
"3.2.2.2.2.2.2.2.2.2.1.2.2.2.2.3.2.2.3.2.2.3",0.127766784014911,FALSE,TRUE,41
"3.2.2.2.2.2.2.2.2.2.1.2.2.2.2.2.3.2.3.2.2.3",0.19046386757737,FALSE,TRUE,41
"3.2.2.2.2.2.2.2.2.2.1.2.2.2.2.2.2.3.3.2.2.3",0.220752849908854,FALSE,TRUE,41
"3.2.2.2.2.2.2.2.2.2.1.2.2.2.2.2.2.2.4.2.2.3",0.0939098412096647,FALSE,TRUE,41
"3.2.2.2.2.2.2.2.2.2.1.2.2.2.2.2.2.2.3.3.2.3",0.19483671412278,FALSE,TRUE,41
"3.2.2.2.2.2.2.2.2.2.1.2.2.2.2.2.2.2.3.2.3.3",0.263980918958469,FALSE,TRUE,41
"3.2.2.2.2.2.2.2.2.2.1.2.2.2.2.2.2.2.3.2.2.4",0.118592996278063,FALSE,TRUE,42
"2.2.2.2.2.2.2.2.2.2.1.2.2.2.2.2.2.2.3.2.2.3",0.174649141659001,FALSE,TRUE,40
"3.1.2.2.2.2.2.2.2.2.1.2.2.2.2.2.2.2.3.2.2.3",0.278360655438576,FALSE,TRUE,40
"3.2.1.2.2.2.2.2.2.2.1.2.2.2.2.2.2.2.3.2.2.3",0.297625227267384,FALSE,TRUE,40
"3.2.2.1.2.2.2.2.2.2.1.2.2.2.2.2.2.2.3.2.2.3",0.247089105538043,FALSE,TRUE,40
"3.2.2.2.2.1.2.2.2.2.1.2.2.2.2.2.2.2.3.2.2.3",0.289241994966587,FALSE,TRUE,40
"3.2.2.2.2.2.1.2.2.2.1.2.2.2.2.2.2.2.3.2.2.3",0.235735496825962,FALSE,TRUE,40
"3.2.2.2.2.2.2.1.2.2.1.2.2.2.2.2.2.2.3.2.2.3",0.225096614441461,FALSE,TRUE,40
"3.2.2.2.2.2.2.2.1.2.1.2.2.2.2.2.2.2.3.2.2.3",0.18132188870253,FALSE,TRUE,40
"3.2.2.2.2.2.2.2.2.1.1.2.2.2.2.2.2.2.3.2.2.3",0.28393434038965,FALSE,TRUE,39
"3.2.2.2.2.2.2.2.2.2.1.1.2.2.2.2.2.2.3.2.2.3",0.322587529621097,FALSE,TRUE,40
"3.2.2.2.2.2.2.2.2.2.1.2.1.2.2.2.2.2.3.2.2.3",0.279153839896277,FALSE,TRUE,40
"3.2.2.2.2.2.2.2.2.2.1.2.2.1.2.2.2.2.3.2.2.3",0.264842435027194,FALSE,TRUE,40
"3.2.2.2.2.2.2.2.2.2.1.2.2.2.1.2.2.2.3.2.2.3",0.335789667928084,FALSE,TRUE,40
"3.2.2.2.2.2.2.2.2.2.1.2.2.2.2.1.2.2.3.2.2.3",0.319482038085281,FALSE,TRUE,40
"3.2.2.2.2.2.2.2.2.2.1.2.2.2.2.2.1.2.3.2.2.3",0.22323365958584,FALSE,TRUE,40
"3.2.2.2.2.2.2.2.2.2.1.2.2.2.2.2.2.1.3.2.2.3",0.202007241130144,FALSE,TRUE,40
"3.2.2.2.2.2.2.2.2.2.1.2.2.2.2.2.2.2.2.2.2.3",0.351914174861472,FALSE,TRUE,40
"3.2.2.2.2.2.2.2.2.2.1.2.2.2.2.2.2.2.3.1.2.3",0.227936805680083,FALSE,TRUE,40
"3.2.2.2.2.2.2.2.2.2.1.2.2.2.2.2.2.2.3.2.1.3",0.187033204889739,FALSE,TRUE,40
"3.2.2.1.2.3.2.2.1.2.2.2.2.2.2.2.2.2.2.2.2.2",0.295258159954451,FALSE,TRUE,38
"2.3.2.1.2.3.2.2.1.2.2.2.2.2.2.2.2.2.2.2.2.2",0.309075787383046,FALSE,TRUE,40
"2.2.3.1.2.3.2.2.1.2.2.2.2.2.2.2.2.2.2.2.2.2",0.363919284029852,FALSE,TRUE,40
"2.2.2.1.3.3.2.2.1.2.2.2.2.2.2.2.2.2.2.2.2.2",0.461645799123465,FALSE,TRUE,39
"2.2.2.1.2.4.2.2.1.2.2.2.2.2.2.2.2.2.2.2.2.2",0.427784450223229,FALSE,TRUE,40
"2.2.2.1.2.3.3.2.1.2.2.2.2.2.2.2.2.2.2.2.2.2",0.361632973480517,FALSE,TRUE,39
"2.2.2.1.2.3.2.3.1.2.2.2.2.2.2.2.2.2.2.2.2.2",0.460775368783952,FALSE,TRUE,40
"2.2.2.1.2.3.2.2.2.2.2.2.2.2.2.2.2.2.2.2.2.2",0.433933219885336,FALSE,TRUE,40
"2.2.2.1.2.3.2.2.1.3.2.2.2.2.2.2.2.2.2.2.2.2",0.260255547176611,FALSE,TRUE,40
"2.2.2.1.2.3.2.2.1.2.2.3.2.2.2.2.2.2.2.2.2.2",0.305366983290511,FALSE,TRUE,40
"2.2.2.1.2.3.2.2.1.2.2.2.3.2.2.2.2.2.2.2.2.2",0.317656435501415,FALSE,TRUE,40
"2.2.2.1.2.3.2.2.1.2.2.2.2.3.2.2.2.2.2.2.2.2",0.412265782157589,FALSE,TRUE,39
"2.2.2.1.2.3.2.2.1.2.2.2.2.2.3.2.2.2.2.2.2.2",0.22756736453851,FALSE,TRUE,40
"2.2.2.1.2.3.2.2.1.2.2.2.2.2.2.3.2.2.2.2.2.2",0.339493345493574,FALSE,TRUE,40
"2.2.2.1.2.3.2.2.1.2.2.2.2.2.2.2.2.3.2.2.2.2",0.431771476303933,FALSE,TRUE,40
"2.2.2.1.2.3.2.2.1.2.2.2.2.2.2.2.2.2.3.2.2.2",0.329547359673248,FALSE,TRUE,40
"2.2.2.1.2.3.2.2.1.2.2.2.2.2.2.2.2.2.2.3.2.2",0.324352113252168,FALSE,TRUE,40
"2.2.2.1.2.3.2.2.1.2.2.2.2.2.2.2.2.2.2.2.3.2",0.412493720150504,FALSE,TRUE,40
"2.2.2.1.2.3.2.2.1.2.2.2.2.2.2.2.2.2.2.2.2.3",0.267659717386468,FALSE,TRUE,40
"1.2.2.1.2.3.2.2.1.2.2.2.2.2.2.2.2.2.2.2.2.2",0.468059597630265,FALSE,TRUE,38
"2.1.2.1.2.3.2.2.1.2.2.2.2.2.2.2.2.2.2.2.2.2",0.445711747403614,FALSE,TRUE,39
"2.2.1.1.2.3.2.2.1.2.2.2.2.2.2.2.2.2.2.2.2.2",0.379470138916925,FALSE,TRUE,38
"2.2.2.1.1.3.2.2.1.2.2.2.2.2.2.2.2.2.2.2.2.2",0.330148151051685,FALSE,TRUE,39
"2.2.2.1.2.3.1.2.1.2.2.2.2.2.2.2.2.2.2.2.2.2",0.40232947086741,FALSE,TRUE,38
"2.2.2.1.2.3.2.1.1.2.2.2.2.2.2.2.2.2.2.2.2.2",0.286875493471738,FALSE,TRUE,38
"2.2.2.1.2.3.2.2.1.1.2.2.2.2.2.2.2.2.2.2.2.2",0.50719051145229,FALSE,TRUE,39
"2.2.2.1.2.3.2.2.1.2.1.2.2.2.2.2.2.2.2.2.2.2",0.440634282951942,FALSE,TRUE,38
"2.2.2.1.2.3.2.2.1.2.2.1.2.2.2.2.2.2.2.2.2.2",0.4680733207425,FALSE,TRUE,39
"2.2.2.1.2.3.2.2.1.2.2.2.1.2.2.2.2.2.2.2.2.2",0.455896427162051,FALSE,TRUE,39
"2.2.2.1.2.3.2.2.1.2.2.2.2.1.2.2.2.2.2.2.2.2",0.335106839188013,FALSE,TRUE,39
"2.2.2.1.2.3.2.2.1.2.2.2.2.2.1.2.2.2.2.2.2.2",0.473220582423506,FALSE,TRUE,37
"2.2.2.1.2.3.2.2.1.2.2.2.2.2.2.1.2.2.2.2.2.2",0.414751008443128,FALSE,TRUE,39
"2.2.2.1.2.3.2.2.1.2.2.2.2.2.2.2.2.1.2.2.2.2",0.31628268847822,FALSE,TRUE,39
"2.2.2.1.2.3.2.2.1.2.2.2.2.2.2.2.2.2.1.2.2.2",0.411442604070915,FALSE,TRUE,39
"2.2.2.1.2.3.2.2.1.2.2.2.2.2.2.2.2.2.2.1.2.2",0.429866644129345,FALSE,TRUE,39
"2.2.2.1.2.3.2.2.1.2.2.2.2.2.2.2.2.2.2.2.1.2",0.368219827805754,FALSE,TRUE,39
"2.2.2.1.2.3.2.2.1.2.2.2.2.2.2.2.2.2.2.2.2.1",0.466878553506908,FALSE,TRUE,39
"1.3.2.2.2.3.2.2.1.2.3.2.2.2.2.2.2.2.2.2.2.2",0.367703029051183,FALSE,TRUE,39
"1.2.3.2.2.3.2.2.1.2.3.2.2.2.2.2.2.2.2.2.2.2",0.419376093808755,FALSE,TRUE,38
"1.2.2.3.2.3.2.2.1.2.3.2.2.2.2.2.2.2.2.2.2.2",0.43364871467237,FALSE,TRUE,38
"1.2.2.2.3.3.2.2.1.2.3.2.2.2.2.2.2.2.2.2.2.2",0.520540416902366,FALSE,TRUE,38
"1.2.2.2.2.4.2.2.1.2.3.2.2.2.2.2.2.2.2.2.2.2",0.471550731033101,FALSE,TRUE,38
"1.2.2.2.2.3.3.2.1.2.3.2.2.2.2.2.2.2.2.2.2.2",0.420992546240036,FALSE,TRUE,38
"1.2.2.2.2.3.2.3.1.2.3.2.2.2.2.2.2.2.2.2.2.2",0.493879951997776,FALSE,TRUE,38
"1.2.2.2.2.3.2.2.2.2.3.2.2.2.2.2.2.2.2.2.2.2",0.480527076790909,FALSE,TRUE,39
"1.2.2.2.2.3.2.2.1.3.3.2.2.2.2.2.2.2.2.2.2.2",0.321244066633256,FALSE,TRUE,38
"1.2.2.2.2.3.2.2.1.2.4.2.2.2.2.2.2.2.2.2.2.2",0.385399405099316,FALSE,TRUE,38
"1.2.2.2.2.3.2.2.1.2.3.3.2.2.2.2.2.2.2.2.2.2",0.350191201313805,FALSE,TRUE,38
"1.2.2.2.2.3.2.2.1.2.3.2.3.2.2.2.2.2.2.2.2.2",0.370228769562079,FALSE,TRUE,38
"1.2.2.2.2.3.2.2.1.2.3.2.2.2.3.2.2.2.2.2.2.2",0.277055008070329,FALSE,TRUE,38
"1.2.2.2.2.3.2.2.1.2.3.2.2.2.2.3.2.2.2.2.2.2",0.406134303973294,FALSE,TRUE,38
"1.2.2.2.2.3.2.2.1.2.3.2.2.2.2.2.3.2.2.2.2.2",0.469822455633718,FALSE,TRUE,37
"1.2.2.2.2.3.2.2.1.2.3.2.2.2.2.2.2.3.2.2.2.2",0.494966078224209,FALSE,TRUE,38
"1.2.2.2.2.3.2.2.1.2.3.2.2.2.2.2.2.2.3.2.2.2",0.406685502444966,FALSE,TRUE,38
"1.2.2.2.2.3.2.2.1.2.3.2.2.2.2.2.2.2.2.3.2.2",0.361123642110996,FALSE,TRUE,38
"1.2.2.2.2.3.2.2.1.2.3.2.2.2.2.2.2.2.2.2.3.2",0.446617545848711,FALSE,TRUE,38
"1.2.2.2.2.3.2.2.1.2.3.2.2.2.2.2.2.2.2.2.2.3",0.2920913262358,FALSE,TRUE,38
"1.2.1.2.2.3.2.2.1.2.3.2.2.2.2.2.2.2.2.2.2.2",0.416435719665708,FALSE,TRUE,36
"1.2.2.1.2.3.2.2.1.2.3.2.2.2.2.2.2.2.2.2.2.2",0.40569464247115,FALSE,TRUE,36
"1.2.2.2.1.3.2.2.1.2.3.2.2.2.2.2.2.2.2.2.2.2",0.368157995228998,FALSE,TRUE,37
"1.2.2.2.2.2.2.2.1.2.3.2.2.2.2.2.2.2.2.2.2.2",0.403008289483143,FALSE,TRUE,37
"1.2.2.2.2.3.1.2.1.2.3.2.2.2.2.2.2.2.2.2.2.2",0.44278234721828,FALSE,TRUE,37
"1.2.2.2.2.3.2.1.1.2.3.2.2.2.2.2.2.2.2.2.2.2",0.352267433539312,FALSE,TRUE,37
"1.2.2.2.2.3.2.2.1.1.3.2.2.2.2.2.2.2.2.2.2.2",0.539934075738651,FALSE,TRUE,37
"1.2.2.2.2.3.2.2.1.2.3.1.2.2.2.2.2.2.2.2.2.2",0.521535240690211,FALSE,TRUE,37
"1.2.2.2.2.3.2.2.1.2.3.2.1.2.2.2.2.2.2.2.2.2",0.50556131114835,FALSE,TRUE,37
"1.2.2.2.2.3.2.2.1.2.3.2.2.1.2.2.2.2.2.2.2.2",0.354358496023487,FALSE,TRUE,38
"1.2.2.2.2.3.2.2.1.2.3.2.2.2.1.2.2.2.2.2.2.2",0.528308035437933,FALSE,TRUE,37
"1.2.2.2.2.3.2.2.1.2.3.2.2.2.2.1.2.2.2.2.2.2",0.430267150996108,FALSE,TRUE,37
"1.2.2.2.2.3.2.2.1.2.3.2.2.2.2.2.1.2.2.2.2.2",0.386247056998457,FALSE,TRUE,36
"1.2.2.2.2.3.2.2.1.2.3.2.2.2.2.2.2.1.2.2.2.2",0.356990649700591,FALSE,TRUE,37
"1.2.2.2.2.3.2.2.1.2.3.2.2.2.2.2.2.2.1.2.2.2",0.426224323274142,FALSE,TRUE,37
"1.2.2.2.2.3.2.2.1.2.3.2.2.2.2.2.2.2.2.1.2.2",0.487225954810934,FALSE,TRUE,37
"1.2.2.2.2.3.2.2.1.2.3.2.2.2.2.2.2.2.2.2.1.2",0.433444226647877,FALSE,TRUE,37
"1.2.2.2.2.3.2.2.1.2.3.2.2.2.2.2.2.2.2.2.2.1",0.53979001692353,FALSE,TRUE,37
"4.2.2.2.3.3.2.1.1.2.2.2.2.2.2.2.2.2.2.2.2.2",0.242199357203993,FALSE,TRUE,40
"3.3.2.2.3.3.2.1.1.2.2.2.2.2.2.2.2.2.2.2.2.2",0.234696207180568,FALSE,TRUE,40
"3.2.3.2.3.3.2.1.1.2.2.2.2.2.2.2.2.2.2.2.2.2",0.310995955900644,FALSE,TRUE,40
"3.2.2.3.3.3.2.1.1.2.2.2.2.2.2.2.2.2.2.2.2.2",0.359793976641683,FALSE,TRUE,40
"3.2.2.2.4.3.2.1.1.2.2.2.2.2.2.2.2.2.2.2.2.2",0.383419694567569,FALSE,TRUE,40
"3.2.2.2.3.4.2.1.1.2.2.2.2.2.2.2.2.2.2.2.2.2",0.356299416625099,FALSE,TRUE,40
"3.2.2.2.3.3.3.1.1.2.2.2.2.2.2.2.2.2.2.2.2.2",0.292758538350937,FALSE,TRUE,40
"3.2.2.2.3.3.2.1.2.2.2.2.2.2.2.2.2.2.2.2.2.2",0.36644546165836,FALSE,TRUE,41
"3.2.2.2.3.3.2.1.1.3.2.2.2.2.2.2.2.2.2.2.2.2",0.208961287837981,FALSE,TRUE,40
"3.2.2.2.3.3.2.1.1.2.3.2.2.2.2.2.2.2.2.2.2.2",0.230772740021571,FALSE,TRUE,39
"3.2.2.2.3.3.2.1.1.2.2.3.2.2.2.2.2.2.2.2.2.2",0.217197808589181,FALSE,TRUE,40
"3.2.2.2.3.3.2.1.1.2.2.2.3.2.2.2.2.2.2.2.2.2",0.219435785175595,FALSE,TRUE,40
"3.2.2.2.3.3.2.1.1.2.2.2.2.3.2.2.2.2.2.2.2.2",0.35481562476416,FALSE,TRUE,40
"3.2.2.2.3.3.2.1.1.2.2.2.2.2.3.2.2.2.2.2.2.2",0.146054387828811,FALSE,TRUE,40
"3.2.2.2.3.3.2.1.1.2.2.2.2.2.2.3.2.2.2.2.2.2",0.250768360046649,FALSE,TRUE,40
"3.2.2.2.3.3.2.1.1.2.2.2.2.2.2.2.3.2.2.2.2.2",0.383123925875433,FALSE,TRUE,40
"3.2.2.2.3.3.2.1.1.2.2.2.2.2.2.2.2.3.2.2.2.2",0.357128408302948,FALSE,TRUE,40
"3.2.2.2.3.3.2.1.1.2.2.2.2.2.2.2.2.2.3.2.2.2",0.270200392352166,FALSE,TRUE,40
"3.2.2.2.3.3.2.1.1.2.2.2.2.2.2.2.2.2.2.3.2.2",0.281875150623158,FALSE,TRUE,40
"3.2.2.2.3.3.2.1.1.2.2.2.2.2.2.2.2.2.2.2.3.2",0.342883426916641,FALSE,TRUE,40
"3.2.2.2.3.3.2.1.1.2.2.2.2.2.2.2.2.2.2.2.2.3",0.217018697539994,FALSE,TRUE,40
"2.2.2.2.3.3.2.1.1.2.2.2.2.2.2.2.2.2.2.2.2.2",0.404135904205562,FALSE,TRUE,38
"3.1.2.2.3.3.2.1.1.2.2.2.2.2.2.2.2.2.2.2.2.2",0.403349150923544,FALSE,TRUE,39
"3.2.1.2.3.3.2.1.1.2.2.2.2.2.2.2.2.2.2.2.2.2",0.318998298470781,FALSE,TRUE,39
"3.2.2.1.3.3.2.1.1.2.2.2.2.2.2.2.2.2.2.2.2.2",0.257403544437248,FALSE,TRUE,39
"3.2.2.2.2.3.2.1.1.2.2.2.2.2.2.2.2.2.2.2.2.2",0.283707341032905,FALSE,TRUE,37
"3.2.2.2.3.3.1.1.1.2.2.2.2.2.2.2.2.2.2.2.2.2",0.351348052871037,FALSE,TRUE,39
"3.2.2.2.3.3.2.1.1.1.2.2.2.2.2.2.2.2.2.2.2.2",0.422651484910495,FALSE,TRUE,39
"3.2.2.2.3.3.2.1.1.2.1.2.2.2.2.2.2.2.2.2.2.2",0.389120951475418,FALSE,TRUE,39
"3.2.2.2.3.3.2.1.1.2.2.1.2.2.2.2.2.2.2.2.2.2",0.420363897605821,FALSE,TRUE,39
"3.2.2.2.3.3.2.1.1.2.2.2.1.2.2.2.2.2.2.2.2.2",0.413283021468738,FALSE,TRUE,39
"3.2.2.2.3.3.2.1.1.2.2.2.2.1.2.2.2.2.2.2.2.2",0.287519704452263,FALSE,TRUE,39
"3.2.2.2.3.3.2.1.1.2.2.2.2.2.1.2.2.2.2.2.2.2",0.441317701949863,FALSE,TRUE,37
"3.2.2.2.3.3.2.1.1.2.2.2.2.2.2.1.2.2.2.2.2.2",0.391606798566685,FALSE,TRUE,39
"3.2.2.2.3.3.2.1.1.2.2.2.2.2.2.2.1.2.2.2.2.2",0.242869830262851,FALSE,TRUE,39
"3.2.2.2.3.3.2.1.1.2.2.2.2.2.2.2.2.1.2.2.2.2",0.277897674369885,FALSE,TRUE,39
"3.2.2.2.3.3.2.1.1.2.2.2.2.2.2.2.2.2.1.2.2.2",0.35612905117606,FALSE,TRUE,39
"3.2.2.2.3.3.2.1.1.2.2.2.2.2.2.2.2.2.2.1.2.2",0.349267399900947,FALSE,TRUE,39
"3.2.2.2.3.3.2.1.1.2.2.2.2.2.2.2.2.2.2.2.1.2",0.311149853355932,FALSE,TRUE,39
"3.2.2.2.3.3.2.1.1.2.2.2.2.2.2.2.2.2.2.2.2.1",0.39390504839151,FALSE,TRUE,39
"1.1.3.2.2.3.2.2.1.2.3.2.2.2.2.2.2.2.2.2.2.2",0.460045906470961,FALSE,TRUE,39
"1.1.2.3.2.3.2.2.1.2.3.2.2.2.2.2.2.2.2.2.2.2",0.462785580378752,FALSE,TRUE,39
"1.1.2.2.3.3.2.2.1.2.3.2.2.2.2.2.2.2.2.2.2.2",0.562131586588563,FALSE,TRUE,39
"1.1.2.2.2.4.2.2.1.2.3.2.2.2.2.2.2.2.2.2.2.2",0.528393358095618,FALSE,TRUE,39
"1.1.2.2.2.3.3.2.1.2.3.2.2.2.2.2.2.2.2.2.2.2",0.498252182673126,FALSE,TRUE,39
"1.1.2.2.2.3.2.3.1.2.3.2.2.2.2.2.2.2.2.2.2.2",0.50879449217313,FALSE,TRUE,39
"1.1.2.2.2.3.2.2.2.2.3.2.2.2.2.2.2.2.2.2.2.2",0.539268622790649,FALSE,TRUE,40
"1.1.2.2.2.3.2.2.1.3.3.2.2.2.2.2.2.2.2.2.2.2",0.380434966141552,FALSE,TRUE,39
"1.1.2.2.2.3.2.2.1.2.4.2.2.2.2.2.2.2.2.2.2.2",0.440248598451822,FALSE,TRUE,39
"1.1.2.2.2.3.2.2.1.2.3.3.2.2.2.2.2.2.2.2.2.2",0.412873262370355,FALSE,TRUE,39
"1.1.2.2.2.3.2.2.1.2.3.2.3.2.2.2.2.2.2.2.2.2",0.441520478944841,FALSE,TRUE,39
"1.1.2.2.2.3.2.2.1.2.3.2.2.3.2.2.2.2.2.2.2.2",0.538569201333317,FALSE,TRUE,39
"1.1.2.2.2.3.2.2.1.2.3.2.2.2.3.2.2.2.2.2.2.2",0.315292478418296,FALSE,TRUE,39
"1.1.2.2.2.3.2.2.1.2.3.2.2.2.2.3.2.2.2.2.2.2",0.481301500656539,FALSE,TRUE,39
"1.1.2.2.2.3.2.2.1.2.3.2.2.2.2.2.3.2.2.2.2.2",0.50948455613248,FALSE,TRUE,39
"1.1.2.2.2.3.2.2.1.2.3.2.2.2.2.2.2.3.2.2.2.2",0.548461334000192,FALSE,TRUE,39
"1.1.2.2.2.3.2.2.1.2.3.2.2.2.2.2.2.2.3.2.2.2",0.441437551618796,FALSE,TRUE,39
"1.1.2.2.2.3.2.2.1.2.3.2.2.2.2.2.2.2.2.3.2.2",0.420287511133882,FALSE,TRUE,39
"1.1.2.2.2.3.2.2.1.2.3.2.2.2.2.2.2.2.2.2.3.2",0.513442634313866,FALSE,TRUE,39
"1.1.2.2.2.3.2.2.1.2.3.2.2.2.2.2.2.2.2.2.2.3",0.334555413486556,FALSE,TRUE,39
"1.1.1.2.2.3.2.2.1.2.3.2.2.2.2.2.2.2.2.2.2.2",0.464704146575036,FALSE,TRUE,38
"1.1.2.1.2.3.2.2.1.2.3.2.2.2.2.2.2.2.2.2.2.2",0.469777997093576,FALSE,TRUE,38
"1.1.2.2.1.3.2.2.1.2.3.2.2.2.2.2.2.2.2.2.2.2",0.422418361637206,FALSE,TRUE,38
"1.1.2.2.2.2.2.2.1.2.3.2.2.2.2.2.2.2.2.2.2.2",0.442306490897828,FALSE,TRUE,39
"1.1.2.2.2.3.1.2.1.2.3.2.2.2.2.2.2.2.2.2.2.2",0.456513623356465,FALSE,TRUE,38
"1.1.2.2.2.3.2.1.1.2.3.2.2.2.2.2.2.2.2.2.2.2",0.422499050504169,FALSE,TRUE,38
"1.1.2.2.2.3.2.2.1.1.3.2.2.2.2.2.2.2.2.2.2.2",0.568553057275902,FALSE,TRUE,38
"1.1.2.2.2.3.2.2.1.2.2.2.2.2.2.2.2.2.2.2.2.2",0.487515978621253,FALSE,TRUE,38
"1.1.2.2.2.3.2.2.1.2.3.1.2.2.2.2.2.2.2.2.2.2",0.535892498661778,FALSE,TRUE,38
"1.1.2.2.2.3.2.2.1.2.3.2.1.2.2.2.2.2.2.2.2.2",0.510645234532131,FALSE,TRUE,38
"1.1.2.2.2.3.2.2.1.2.3.2.2.1.2.2.2.2.2.2.2.2",0.397553508575526,FALSE,TRUE,38
"1.1.2.2.2.3.2.2.1.2.3.2.2.2.1.2.2.2.2.2.2.2",0.568989843299587,FALSE,TRUE,38
"1.1.2.2.2.3.2.2.1.2.3.2.2.2.2.1.2.2.2.2.2.2",0.458272600522527,FALSE,TRUE,38
"1.1.2.2.2.3.2.2.1.2.3.2.2.2.2.2.1.2.2.2.2.2",0.432354003456541,FALSE,TRUE,38
"1.1.2.2.2.3.2.2.1.2.3.2.2.2.2.2.2.1.2.2.2.2",0.385228814934448,FALSE,TRUE,38
"1.1.2.2.2.3.2.2.1.2.3.2.2.2.2.2.2.2.1.2.2.2",0.489478643648682,FALSE,TRUE,38
"1.1.2.2.2.3.2.2.1.2.3.2.2.2.2.2.2.2.2.1.2.2",0.525054431630567,FALSE,TRUE,38
"1.1.2.2.2.3.2.2.1.2.3.2.2.2.2.2.2.2.2.2.1.2",0.460282636132134,FALSE,TRUE,38
"1.1.2.2.2.3.2.2.1.2.3.2.2.2.2.2.2.2.2.2.2.1",0.587602191314896,FALSE,TRUE,38
"3.2.2.2.2.2.2.1.1.2.2.2.2.2.1.2.2.2.2.2.2.2",0.392953889384087,FALSE,TRUE,36
"2.3.2.2.2.2.2.1.1.2.2.2.2.2.1.2.2.2.2.2.2.2",0.353717666947621,FALSE,TRUE,37
"2.2.3.2.2.2.2.1.1.2.2.2.2.2.1.2.2.2.2.2.2.2",0.417320080772488,FALSE,TRUE,37
"2.2.2.3.2.2.2.1.1.2.2.2.2.2.1.2.2.2.2.2.2.2",0.506597230525808,FALSE,TRUE,37
"2.2.2.2.3.2.2.1.1.2.2.2.2.2.1.2.2.2.2.2.2.2",0.48234758971723,FALSE,TRUE,37
"2.2.2.2.2.2.3.1.1.2.2.2.2.2.1.2.2.2.2.2.2.2",0.411460641547112,FALSE,TRUE,37
"2.2.2.2.2.2.2.1.2.2.2.2.2.2.1.2.2.2.2.2.2.2",0.465114878701839,FALSE,TRUE,36
"2.2.2.2.2.2.2.1.1.3.2.2.2.2.1.2.2.2.2.2.2.2",0.3293611097231,FALSE,TRUE,37
"2.2.2.2.2.2.2.1.1.2.3.2.2.2.1.2.2.2.2.2.2.2",0.34270111175107,FALSE,TRUE,37
"2.2.2.2.2.2.2.1.1.2.2.3.2.2.1.2.2.2.2.2.2.2",0.395869954545319,FALSE,TRUE,37
"2.2.2.2.2.2.2.1.1.2.2.2.2.3.1.2.2.2.2.2.2.2",0.425690948821044,FALSE,TRUE,37
"2.2.2.2.2.2.2.1.1.2.2.2.2.2.1.3.2.2.2.2.2.2",0.372444252866466,FALSE,TRUE,37
"2.2.2.2.2.2.2.1.1.2.2.2.2.2.1.2.3.2.2.2.2.2",0.476316277398809,FALSE,TRUE,37
"2.2.2.2.2.2.2.1.1.2.2.2.2.2.1.2.2.3.2.2.2.2",0.489939389466872,FALSE,TRUE,37
"2.2.2.2.2.2.2.1.1.2.2.2.2.2.1.2.2.2.3.2.2.2",0.392792981488587,FALSE,TRUE,35
"2.2.2.2.2.2.2.1.1.2.2.2.2.2.1.2.2.2.2.3.2.2",0.363539756411758,FALSE,TRUE,37
"2.2.2.2.2.2.2.1.1.2.2.2.2.2.1.2.2.2.2.2.3.2",0.468162547621637,FALSE,TRUE,37
"2.2.2.2.2.2.2.1.1.2.2.2.2.2.1.2.2.2.2.2.2.3",0.316058023314556,FALSE,TRUE,37
"1.2.2.2.2.2.2.1.1.2.2.2.2.2.1.2.2.2.2.2.2.2",0.463996380005331,FALSE,TRUE,36
"2.1.2.2.2.2.2.1.1.2.2.2.2.2.1.2.2.2.2.2.2.2",0.500943224531123,FALSE,TRUE,36
"2.2.1.2.2.2.2.1.1.2.2.2.2.2.1.2.2.2.2.2.2.2",0.410087276563276,FALSE,TRUE,36
"2.2.2.1.2.2.2.1.1.2.2.2.2.2.1.2.2.2.2.2.2.2",0.348239293677038,FALSE,TRUE,36
"2.2.2.2.1.2.2.1.1.2.2.2.2.2.1.2.2.2.2.2.2.2",0.421380388221047,FALSE,TRUE,36
"2.2.2.2.2.1.2.1.1.2.2.2.2.2.1.2.2.2.2.2.2.2",0.436286998030782,FALSE,TRUE,37
"2.2.2.2.2.2.1.1.1.2.2.2.2.2.1.2.2.2.2.2.2.2",0.448766514976489,FALSE,TRUE,35
"2.2.2.2.2.2.2.1.1.1.2.2.2.2.1.2.2.2.2.2.2.2",0.528568690201075,FALSE,TRUE,36
"2.2.2.2.2.2.2.1.1.2.1.2.2.2.1.2.2.2.2.2.2.2",0.497582497504738,FALSE,TRUE,36
"2.2.2.2.2.2.2.1.1.2.2.1.2.2.1.2.2.2.2.2.2.2",0.457939478624787,FALSE,TRUE,36
"2.2.2.2.2.2.2.1.1.2.2.2.2.1.1.2.2.2.2.2.2.2",0.425108951824764,FALSE,TRUE,36
"2.2.2.2.2.2.2.1.1.2.2.2.2.2.1.1.2.2.2.2.2.2",0.485718741371256,FALSE,TRUE,36
"2.2.2.2.2.2.2.1.1.2.2.2.2.2.1.2.1.2.2.2.2.2",0.365487104477469,FALSE,TRUE,36
"2.2.2.2.2.2.2.1.1.2.2.2.2.2.1.2.2.1.2.2.2.2",0.362072984590495,FALSE,TRUE,36
"2.2.2.2.2.2.2.1.1.2.2.2.2.2.1.2.2.2.1.2.2.2",0.451240626779973,FALSE,TRUE,36
"2.2.2.2.2.2.2.1.1.2.2.2.2.2.1.2.2.2.2.1.2.2",0.490328312050388,FALSE,TRUE,36
"2.2.2.2.2.2.2.1.1.2.2.2.2.2.1.2.2.2.2.2.2.1",0.503297520256491,FALSE,TRUE,36
"1.3.1.2.2.2.2.2.2.2.2.2.2.2.2.2.2.2.2.2.2.2",0.382973526577874,FALSE,TRUE,40
"1.2.1.3.2.2.2.2.2.2.2.2.2.2.2.2.2.2.2.2.2.2",0.421280956724602,FALSE,TRUE,40
"1.2.1.2.3.2.2.2.2.2.2.2.2.2.2.2.2.2.2.2.2.2",0.457497430610306,FALSE,TRUE,40
"1.2.1.2.2.3.2.2.2.2.2.2.2.2.2.2.2.2.2.2.2.2",0.490406536922155,FALSE,TRUE,39
"1.2.1.2.2.2.3.2.2.2.2.2.2.2.2.2.2.2.2.2.2.2",0.451525096239928,FALSE,TRUE,40
"1.2.1.2.2.2.2.3.2.2.2.2.2.2.2.2.2.2.2.2.2.2",0.447704584232537,FALSE,TRUE,40
"1.2.1.2.2.2.2.2.3.2.2.2.2.2.2.2.2.2.2.2.2.2",0.423462747766689,FALSE,TRUE,39
"1.2.1.2.2.2.2.2.2.3.2.2.2.2.2.2.2.2.2.2.2.2",0.369165275853833,FALSE,TRUE,40
"1.2.1.2.2.2.2.2.2.2.3.2.2.2.2.2.2.2.2.2.2.2",0.436302788877886,FALSE,TRUE,40
"1.2.1.2.2.2.2.2.2.2.2.3.2.2.2.2.2.2.2.2.2.2",0.382070973827801,FALSE,TRUE,40
"1.2.1.2.2.2.2.2.2.2.2.2.3.2.2.2.2.2.2.2.2.2",0.391373062620444,FALSE,TRUE,40
"1.2.1.2.2.2.2.2.2.2.2.2.2.3.2.2.2.2.2.2.2.2",0.428158513891619,FALSE,TRUE,40
"1.2.1.2.2.2.2.2.2.2.2.2.2.2.3.2.2.2.2.2.2.2",0.276451512875503,FALSE,TRUE,40
"1.2.1.2.2.2.2.2.2.2.2.2.2.2.2.3.2.2.2.2.2.2",0.376753715772146,FALSE,TRUE,40
"1.2.1.2.2.2.2.2.2.2.2.2.2.2.2.2.3.2.2.2.2.2",0.469977682537866,FALSE,TRUE,40
"1.2.1.2.2.2.2.2.2.2.2.2.2.2.2.2.2.3.2.2.2.2",0.485690936549408,FALSE,TRUE,40
"1.2.1.2.2.2.2.2.2.2.2.2.2.2.2.2.2.2.3.2.2.2",0.447634676951629,FALSE,TRUE,39
"1.2.1.2.2.2.2.2.2.2.2.2.2.2.2.2.2.2.2.3.2.2",0.416327792356859,FALSE,TRUE,40
"1.2.1.2.2.2.2.2.2.2.2.2.2.2.2.2.2.2.2.2.3.2",0.42843800168152,FALSE,TRUE,40
"1.2.1.2.2.2.2.2.2.2.2.2.2.2.2.2.2.2.2.2.2.3",0.351065007496688,FALSE,TRUE,40
"1.1.1.2.2.2.2.2.2.2.2.2.2.2.2.2.2.2.2.2.2.2",0.484357335086153,FALSE,TRUE,38
"1.2.1.1.2.2.2.2.2.2.2.2.2.2.2.2.2.2.2.2.2.2",0.433479385654914,FALSE,TRUE,39
"1.2.1.2.1.2.2.2.2.2.2.2.2.2.2.2.2.2.2.2.2.2",0.458191886820983,FALSE,TRUE,39
"1.2.1.2.2.1.2.2.2.2.2.2.2.2.2.2.2.2.2.2.2.2",0.407514562044068,FALSE,TRUE,39
"1.2.1.2.2.2.1.2.2.2.2.2.2.2.2.2.2.2.2.2.2.2",0.417995054812893,FALSE,TRUE,39
"1.2.1.2.2.2.2.1.2.2.2.2.2.2.2.2.2.2.2.2.2.2",0.400734506762044,FALSE,TRUE,39
"1.2.1.2.2.2.2.2.1.2.2.2.2.2.2.2.2.2.2.2.2.2",0.430816934828582,FALSE,TRUE,37
"1.2.1.2.2.2.2.2.2.1.2.2.2.2.2.2.2.2.2.2.2.2",0.506388010969729,FALSE,TRUE,39
"1.2.1.2.2.2.2.2.2.2.1.2.2.2.2.2.2.2.2.2.2.2",0.408806574630189,FALSE,TRUE,39
"1.2.1.2.2.2.2.2.2.2.2.1.2.2.2.2.2.2.2.2.2.2",0.502364035307992,FALSE,TRUE,39
"1.2.1.2.2.2.2.2.2.2.2.2.1.2.2.2.2.2.2.2.2.2",0.490470201578949,FALSE,TRUE,39
"1.2.1.2.2.2.2.2.2.2.2.2.2.1.2.2.2.2.2.2.2.2",0.427285296022767,FALSE,TRUE,39
"1.2.1.2.2.2.2.2.2.2.2.2.2.2.1.2.2.2.2.2.2.2",0.51435140881806,FALSE,TRUE,39
"1.2.1.2.2.2.2.2.2.2.2.2.2.2.2.1.2.2.2.2.2.2",0.483034153097115,FALSE,TRUE,39
"1.2.1.2.2.2.2.2.2.2.2.2.2.2.2.2.1.2.2.2.2.2",0.38498380890092,FALSE,TRUE,39
"1.2.1.2.2.2.2.2.2.2.2.2.2.2.2.2.2.1.2.2.2.2",0.371179767291124,FALSE,TRUE,39
"1.2.1.2.2.2.2.2.2.2.2.2.2.2.2.2.2.2.1.2.2.2",0.408830815015832,FALSE,TRUE,39
"1.2.1.2.2.2.2.2.2.2.2.2.2.2.2.2.2.2.2.1.2.2",0.446698329521063,FALSE,TRUE,39
"1.2.1.2.2.2.2.2.2.2.2.2.2.2.2.2.2.2.2.2.1.2",0.469320756724148,FALSE,TRUE,39
"1.2.1.2.2.2.2.2.2.2.2.2.2.2.2.2.2.2.2.2.2.1",0.485555660429067,FALSE,TRUE,39
"3.1.2.2.2.2.1.2.3.2.2.2.2.2.2.1.2.2.2.2.2.2",0.498677124938284,FALSE,TRUE,39
"2.1.3.2.2.2.1.2.3.2.2.2.2.2.2.1.2.2.2.2.2.2",0.427892312081648,FALSE,TRUE,39
"2.1.2.3.2.2.1.2.3.2.2.2.2.2.2.1.2.2.2.2.2.2",0.402822467283935,FALSE,TRUE,39
"2.1.2.2.3.2.1.2.3.2.2.2.2.2.2.1.2.2.2.2.2.2",0.429021419973693,FALSE,TRUE,39
"2.1.2.2.2.3.1.2.3.2.2.2.2.2.2.1.2.2.2.2.2.2",0.50684705760292,FALSE,TRUE,39
"2.1.2.2.2.2.1.3.3.2.2.2.2.2.2.1.2.2.2.2.2.2",0.385541353986715,FALSE,TRUE,39
"2.1.2.2.2.2.1.2.4.2.2.2.2.2.2.1.2.2.2.2.2.2",0.450496810422966,FALSE,TRUE,39
"2.1.2.2.2.2.1.2.3.3.2.2.2.2.2.1.2.2.2.2.2.2",0.442837642343099,FALSE,TRUE,39
"2.1.2.2.2.2.1.2.3.2.3.2.2.2.2.1.2.2.2.2.2.2",0.487757433648853,FALSE,TRUE,39
"2.1.2.2.2.2.1.2.3.2.2.3.2.2.2.1.2.2.2.2.2.2",0.489158585889536,FALSE,TRUE,39
"2.1.2.2.2.2.1.2.3.2.2.2.3.2.2.1.2.2.2.2.2.2",0.505257467704105,FALSE,TRUE,39
"2.1.2.2.2.2.1.2.3.2.2.2.2.3.2.1.2.2.2.2.2.2",0.427238478050416,FALSE,TRUE,39
"2.1.2.2.2.2.1.2.3.2.2.2.2.2.3.1.2.2.2.2.2.2",0.343848006467332,FALSE,TRUE,39
"2.1.2.2.2.2.1.2.3.2.2.2.2.2.2.2.2.2.2.2.2.2",0.430549314732072,FALSE,TRUE,38
"2.1.2.2.2.2.1.2.3.2.2.2.2.2.2.1.3.2.2.2.2.2",0.452024722826834,FALSE,TRUE,39
"2.1.2.2.2.2.1.2.3.2.2.2.2.2.2.1.2.3.2.2.2.2",0.511246819552186,FALSE,TRUE,39
"2.1.2.2.2.2.1.2.3.2.2.2.2.2.2.1.2.2.3.2.2.2",0.383406141520445,FALSE,TRUE,39
"2.1.2.2.2.2.1.2.3.2.2.2.2.2.2.1.2.2.2.3.2.2",0.502545846170253,FALSE,TRUE,39
"2.1.2.2.2.2.1.2.3.2.2.2.2.2.2.1.2.2.2.2.3.2",0.518394882544754,FALSE,TRUE,39
"2.1.2.2.2.2.1.2.3.2.2.2.2.2.2.1.2.2.2.2.2.3",0.437902219012268,FALSE,TRUE,39
"1.1.2.2.2.2.1.2.3.2.2.2.2.2.2.1.2.2.2.2.2.2",0.42542020167199,FALSE,TRUE,38
"2.1.1.2.2.2.1.2.3.2.2.2.2.2.2.1.2.2.2.2.2.2",0.47793032458406,FALSE,TRUE,38
"2.1.2.1.2.2.1.2.3.2.2.2.2.2.2.1.2.2.2.2.2.2",0.497583762295997,FALSE,TRUE,38
"2.1.2.2.1.2.1.2.3.2.2.2.2.2.2.1.2.2.2.2.2.2",0.521711576703198,FALSE,TRUE,38
"2.1.2.2.2.1.1.2.3.2.2.2.2.2.2.1.2.2.2.2.2.2",0.432315807861084,FALSE,TRUE,38
"2.1.2.2.2.2.1.1.3.2.2.2.2.2.2.1.2.2.2.2.2.2",0.508276861190438,FALSE,TRUE,38
"2.1.2.2.2.2.1.2.2.2.2.2.2.2.2.1.2.2.2.2.2.2",0.454425362566596,FALSE,TRUE,38
"2.1.2.2.2.2.1.2.3.1.2.2.2.2.2.1.2.2.2.2.2.2",0.459225661194543,FALSE,TRUE,38
"2.1.2.2.2.2.1.2.3.2.1.2.2.2.2.1.2.2.2.2.2.2",0.405533314571263,FALSE,TRUE,38
"2.1.2.2.2.2.1.2.3.2.2.1.2.2.2.1.2.2.2.2.2.2",0.408615802822531,FALSE,TRUE,38
"2.1.2.2.2.2.1.2.3.2.2.2.1.2.2.1.2.2.2.2.2.2",0.391783067200123,FALSE,TRUE,38
"2.1.2.2.2.2.1.2.3.2.2.2.2.1.2.1.2.2.2.2.2.2",0.499474632767529,FALSE,TRUE,38
"2.1.2.2.2.2.1.2.3.2.2.2.2.2.1.1.2.2.2.2.2.2",0.507141245933257,FALSE,TRUE,38
"2.1.2.2.2.2.1.2.3.2.2.2.2.2.2.1.1.2.2.2.2.2",0.450679515247002,FALSE,TRUE,38
"2.1.2.2.2.2.1.2.3.2.2.2.2.2.2.1.2.1.2.2.2.2",0.404479077473226,FALSE,TRUE,38
"2.1.2.2.2.2.1.2.3.2.2.2.2.2.2.1.2.2.1.2.2.2",0.52088401221795,FALSE,TRUE,38
"2.1.2.2.2.2.1.2.3.2.2.2.2.2.2.1.2.2.2.1.2.2",0.411277417176364,FALSE,TRUE,38
"2.1.2.2.2.2.1.2.3.2.2.2.2.2.2.1.2.2.2.2.1.2",0.417435982024774,FALSE,TRUE,38
"2.1.2.2.2.2.1.2.3.2.2.2.2.2.2.1.2.2.2.2.2.1",0.442100120538805,FALSE,TRUE,38
"3.2.1.2.2.3.2.2.1.2.2.2.2.2.2.2.2.2.2.2.2.2",0.335871803404599,FALSE,TRUE,37
"2.3.1.2.2.3.2.2.1.2.2.2.2.2.2.2.2.2.2.2.2.2",0.345536143854513,FALSE,TRUE,39
"2.2.1.3.2.3.2.2.1.2.2.2.2.2.2.2.2.2.2.2.2.2",0.399504829842299,FALSE,TRUE,38
"2.2.1.2.3.3.2.2.1.2.2.2.2.2.2.2.2.2.2.2.2.2",0.4718410410005,FALSE,TRUE,38
"2.2.1.2.2.4.2.2.1.2.2.2.2.2.2.2.2.2.2.2.2.2",0.422869044204939,FALSE,TRUE,39
"2.2.1.2.2.3.3.2.1.2.2.2.2.2.2.2.2.2.2.2.2.2",0.391414531489121,FALSE,TRUE,38
"2.2.1.2.2.3.2.3.1.2.2.2.2.2.2.2.2.2.2.2.2.2",0.424815588419852,FALSE,TRUE,39
"2.2.1.2.2.3.2.2.1.3.2.2.2.2.2.2.2.2.2.2.2.2",0.336335328764018,FALSE,TRUE,39
"2.2.1.2.2.3.2.2.1.2.2.3.2.2.2.2.2.2.2.2.2.2",0.350919985776504,FALSE,TRUE,39
"2.2.1.2.2.3.2.2.1.2.2.2.3.2.2.2.2.2.2.2.2.2",0.356496423609856,FALSE,TRUE,39
"2.2.1.2.2.3.2.2.1.2.2.2.2.3.2.2.2.2.2.2.2.2",0.462810178306988,FALSE,TRUE,38
"2.2.1.2.2.3.2.2.1.2.2.2.2.2.3.2.2.2.2.2.2.2",0.257944149308157,FALSE,TRUE,39
"2.2.1.2.2.3.2.2.1.2.2.2.2.2.2.3.2.2.2.2.2.2",0.383646274667513,FALSE,TRUE,39
"2.2.1.2.2.3.2.2.1.2.2.2.2.2.2.2.2.3.2.2.2.2",0.434401518085864,FALSE,TRUE,39
"2.2.1.2.2.3.2.2.1.2.2.2.2.2.2.2.2.2.3.2.2.2",0.367527123718383,FALSE,TRUE,39
"2.2.1.2.2.3.2.2.1.2.2.2.2.2.2.2.2.2.2.3.2.2",0.372202617114119,FALSE,TRUE,39
"2.2.1.2.2.3.2.2.1.2.2.2.2.2.2.2.2.2.2.2.3.2",0.428717453733386,FALSE,TRUE,39
"2.2.1.2.2.3.2.2.1.2.2.2.2.2.2.2.2.2.2.2.2.3",0.316824000688983,FALSE,TRUE,39
"1.2.1.2.2.3.2.2.1.2.2.2.2.2.2.2.2.2.2.2.2.2",0.46061811178076,FALSE,TRUE,35
"2.1.1.2.2.3.2.2.1.2.2.2.2.2.2.2.2.2.2.2.2.2",0.447035228201545,FALSE,TRUE,38
"2.2.1.2.1.3.2.2.1.2.2.2.2.2.2.2.2.2.2.2.2.2",0.367372140214791,FALSE,TRUE,38
"2.2.1.2.2.3.1.2.1.2.2.2.2.2.2.2.2.2.2.2.2.2",0.404730182633932,FALSE,TRUE,37
"2.2.1.2.2.3.2.1.1.2.2.2.2.2.2.2.2.2.2.2.2.2",0.356638967546138,FALSE,TRUE,37
"2.2.1.2.2.3.2.2.1.1.2.2.2.2.2.2.2.2.2.2.2.2",0.47096659766907,FALSE,TRUE,38
"2.2.1.2.2.3.2.2.1.2.2.1.2.2.2.2.2.2.2.2.2.2",0.467211215464461,FALSE,TRUE,38
"2.2.1.2.2.3.2.2.1.2.2.2.1.2.2.2.2.2.2.2.2.2",0.464568905823678,FALSE,TRUE,38
"2.2.1.2.2.3.2.2.1.2.2.2.2.1.2.2.2.2.2.2.2.2",0.31853846484185,FALSE,TRUE,38
"2.2.1.2.2.3.2.2.1.2.2.2.2.2.1.2.2.2.2.2.2.2",0.455712606273387,FALSE,TRUE,36
"2.2.1.2.2.3.2.2.1.2.2.2.2.2.2.1.2.2.2.2.2.2",0.400357953150598,FALSE,TRUE,38
"2.2.1.2.2.3.2.2.1.2.2.2.2.2.2.2.2.1.2.2.2.2",0.352952714626511,FALSE,TRUE,38
"2.2.1.2.2.3.2.2.1.2.2.2.2.2.2.2.2.2.1.2.2.2",0.411839236101198,FALSE,TRUE,38
"2.2.1.2.2.3.2.2.1.2.2.2.2.2.2.2.2.2.2.1.2.2",0.420193058193952,FALSE,TRUE,38
"2.2.1.2.2.3.2.2.1.2.2.2.2.2.2.2.2.2.2.2.1.2",0.393090885297359,FALSE,TRUE,38
"2.2.1.2.2.3.2.2.1.2.2.2.2.2.2.2.2.2.2.2.2.1",0.449190729893072,FALSE,TRUE,38
"3.2.1.2.2.3.2.2.1.2.1.2.2.2.2.2.2.2.2.2.2.2",0.389774101203956,FALSE,TRUE,39
"2.3.1.2.2.3.2.2.1.2.1.2.2.2.2.2.2.2.2.2.2.2",0.389308180878426,FALSE,TRUE,39
"2.2.1.3.2.3.2.2.1.2.1.2.2.2.2.2.2.2.2.2.2.2",0.376691899528784,FALSE,TRUE,39
"2.2.1.2.3.3.2.2.1.2.1.2.2.2.2.2.2.2.2.2.2.2",0.483483651949623,FALSE,TRUE,39
"2.2.1.2.2.4.2.2.1.2.1.2.2.2.2.2.2.2.2.2.2.2",0.448811310622256,FALSE,TRUE,39
"2.2.1.2.2.3.3.2.1.2.1.2.2.2.2.2.2.2.2.2.2.2",0.432657083444065,FALSE,TRUE,39
"2.2.1.2.2.3.2.3.1.2.1.2.2.2.2.2.2.2.2.2.2.2",0.409659213291336,FALSE,TRUE,39
"2.2.1.2.2.3.2.2.2.2.1.2.2.2.2.2.2.2.2.2.2.2",0.459602259788762,FALSE,TRUE,39
"2.2.1.2.2.3.2.2.1.3.1.2.2.2.2.2.2.2.2.2.2.2",0.376465541553322,FALSE,TRUE,39
"2.2.1.2.2.3.2.2.1.2.1.3.2.2.2.2.2.2.2.2.2.2",0.397813787527705,FALSE,TRUE,39
"2.2.1.2.2.3.2.2.1.2.1.2.3.2.2.2.2.2.2.2.2.2",0.419848046512085,FALSE,TRUE,39
"2.2.1.2.2.3.2.2.1.2.1.2.2.3.2.2.2.2.2.2.2.2",0.458332896735687,FALSE,TRUE,37
"2.2.1.2.2.3.2.2.1.2.1.2.2.2.3.2.2.2.2.2.2.2",0.273926953766485,FALSE,TRUE,39
"2.2.1.2.2.3.2.2.1.2.1.2.2.2.2.3.2.2.2.2.2.2",0.409904721120205,FALSE,TRUE,39
"2.2.1.2.2.3.2.2.1.2.1.2.2.2.2.2.3.2.2.2.2.2",0.415989092760452,FALSE,TRUE,37
"2.2.1.2.2.3.2.2.1.2.1.2.2.2.2.2.2.3.2.2.2.2",0.442856605868824,FALSE,TRUE,39
"2.2.1.2.2.3.2.2.1.2.1.2.2.2.2.2.2.2.3.2.2.2",0.364117858479485,FALSE,TRUE,39
"2.2.1.2.2.3.2.2.1.2.1.2.2.2.2.2.2.2.2.3.2.2",0.418872158766493,FALSE,TRUE,39
"2.2.1.2.2.3.2.2.1.2.1.2.2.2.2.2.2.2.2.2.3.2",0.459640660894975,FALSE,TRUE,39
"2.2.1.2.2.3.2.2.1.2.1.2.2.2.2.2.2.2.2.2.2.3",0.366324479366047,FALSE,TRUE,39
"1.2.1.2.2.3.2.2.1.2.1.2.2.2.2.2.2.2.2.2.2.2",0.452526530632398,FALSE,TRUE,38
"2.1.1.2.2.3.2.2.1.2.1.2.2.2.2.2.2.2.2.2.2.2",0.45106015738745,FALSE,TRUE,38
"2.2.1.1.2.3.2.2.1.2.1.2.2.2.2.2.2.2.2.2.2.2",0.450732778013882,FALSE,TRUE,37
"2.2.1.2.1.3.2.2.1.2.1.2.2.2.2.2.2.2.2.2.2.2",0.40611304759919,FALSE,TRUE,38
"2.2.1.2.2.2.2.2.1.2.1.2.2.2.2.2.2.2.2.2.2.2",0.426651615635722,FALSE,TRUE,37
"2.2.1.2.2.3.1.2.1.2.1.2.2.2.2.2.2.2.2.2.2.2",0.411497030619875,FALSE,TRUE,38
"2.2.1.2.2.3.2.1.1.2.1.2.2.2.2.2.2.2.2.2.2.2",0.419569782348478,FALSE,TRUE,38
"2.2.1.2.2.3.2.2.1.1.1.2.2.2.2.2.2.2.2.2.2.2",0.482747125624721,FALSE,TRUE,38
"2.2.1.2.2.3.2.2.1.2.1.1.2.2.2.2.2.2.2.2.2.2",0.473750465587887,FALSE,TRUE,38
"2.2.1.2.2.3.2.2.1.2.1.2.1.2.2.2.2.2.2.2.2.2",0.450407599516246,FALSE,TRUE,38
"2.2.1.2.2.3.2.2.1.2.1.2.2.1.2.2.2.2.2.2.2.2",0.369823805676917,FALSE,TRUE,38
"2.2.1.2.2.3.2.2.1.2.1.2.2.2.1.2.2.2.2.2.2.2",0.482251641920357,FALSE,TRUE,38
"2.2.1.2.2.3.2.2.1.2.1.2.2.2.2.1.2.2.2.2.2.2",0.424542349083034,FALSE,TRUE,38
"2.2.1.2.2.3.2.2.1.2.1.2.2.2.2.2.1.2.2.2.2.2",0.413275349823167,FALSE,TRUE,37
"2.2.1.2.2.3.2.2.1.2.1.2.2.2.2.2.2.1.2.2.2.2",0.384721008180099,FALSE,TRUE,38
"2.2.1.2.2.3.2.2.1.2.1.2.2.2.2.2.2.2.1.2.2.2",0.467418304227211,FALSE,TRUE,38
"2.2.1.2.2.3.2.2.1.2.1.2.2.2.2.2.2.2.2.1.2.2",0.422289041702271,FALSE,TRUE,38
"2.2.1.2.2.3.2.2.1.2.1.2.2.2.2.2.2.2.2.2.1.2",0.412838864253218,FALSE,TRUE,38
"2.2.1.2.2.3.2.2.1.2.1.2.2.2.2.2.2.2.2.2.2.1",0.450002104032544,FALSE,TRUE,38
"4.2.2.2.1.2.2.2.2.1.1.2.2.2.2.2.2.2.3.2.2.2",0.341369207163325,FALSE,TRUE,39
"3.3.2.2.1.2.2.2.2.1.1.2.2.2.2.2.2.2.3.2.2.2",0.350127861948812,FALSE,TRUE,39
"3.2.3.2.1.2.2.2.2.1.1.2.2.2.2.2.2.2.3.2.2.2",0.276834960969744,FALSE,TRUE,39
"3.2.2.3.1.2.2.2.2.1.1.2.2.2.2.2.2.2.3.2.2.2",0.310578823474134,FALSE,TRUE,39
"3.2.2.2.1.3.2.2.2.1.1.2.2.2.2.2.2.2.3.2.2.2",0.345479852620538,FALSE,TRUE,39
"3.2.2.2.1.2.3.2.2.1.1.2.2.2.2.2.2.2.3.2.2.2",0.367385673006964,FALSE,TRUE,39
"3.2.2.2.1.2.2.3.2.1.1.2.2.2.2.2.2.2.3.2.2.2",0.336952574508591,FALSE,TRUE,39
"3.2.2.2.1.2.2.2.3.1.1.2.2.2.2.2.2.2.3.2.2.2",0.368814955023854,FALSE,TRUE,39
"3.2.2.2.1.2.2.2.2.1.2.2.2.2.2.2.2.2.3.2.2.2",0.351647132970502,FALSE,TRUE,39
"3.2.2.2.1.2.2.2.2.1.1.3.2.2.2.2.2.2.3.2.2.2",0.282868202543029,FALSE,TRUE,39
"3.2.2.2.1.2.2.2.2.1.1.2.3.2.2.2.2.2.3.2.2.2",0.317492012413466,FALSE,TRUE,39
"3.2.2.2.1.2.2.2.2.1.1.2.2.3.2.2.2.2.3.2.2.2",0.340075018238576,FALSE,TRUE,39
"3.2.2.2.1.2.2.2.2.1.1.2.2.2.3.2.2.2.3.2.2.2",0.179083628143024,FALSE,TRUE,39
"3.2.2.2.1.2.2.2.2.1.1.2.2.2.2.3.2.2.3.2.2.2",0.292339669298883,FALSE,TRUE,39
"3.2.2.2.1.2.2.2.2.1.1.2.2.2.2.2.3.2.3.2.2.2",0.344289221839322,FALSE,TRUE,39
"3.2.2.2.1.2.2.2.2.1.1.2.2.2.2.2.2.3.3.2.2.2",0.324557289723563,FALSE,TRUE,39
"3.2.2.2.1.2.2.2.2.1.1.2.2.2.2.2.2.2.4.2.2.2",0.241032118817663,FALSE,TRUE,39
"3.2.2.2.1.2.2.2.2.1.1.2.2.2.2.2.2.2.3.3.2.2",0.370351553590754,FALSE,TRUE,39
"3.2.2.2.1.2.2.2.2.1.1.2.2.2.2.2.2.2.3.2.3.2",0.411814157819834,FALSE,TRUE,39
"3.2.2.2.1.2.2.2.2.1.1.2.2.2.2.2.2.2.3.2.2.3",0.279883246752289,FALSE,TRUE,38
"2.2.2.2.1.2.2.2.2.1.1.2.2.2.2.2.2.2.3.2.2.2",0.375698606023898,FALSE,TRUE,39
"3.1.2.2.1.2.2.2.2.1.1.2.2.2.2.2.2.2.3.2.2.2",0.375795521841328,FALSE,TRUE,38
"3.2.1.2.1.2.2.2.2.1.1.2.2.2.2.2.2.2.3.2.2.2",0.4290946222816,FALSE,TRUE,38
"3.2.2.1.1.2.2.2.2.1.1.2.2.2.2.2.2.2.3.2.2.2",0.404322243271822,FALSE,TRUE,38
"3.2.2.2.1.1.2.2.2.1.1.2.2.2.2.2.2.2.3.2.2.2",0.399109567937911,FALSE,TRUE,38
"3.2.2.2.1.2.1.2.2.1.1.2.2.2.2.2.2.2.3.2.2.2",0.357828973214623,FALSE,TRUE,38
"3.2.2.2.1.2.2.1.2.1.1.2.2.2.2.2.2.2.3.2.2.2",0.354686790534676,FALSE,TRUE,38
"3.2.2.2.1.2.2.2.1.1.1.2.2.2.2.2.2.2.3.2.2.2",0.339991631475704,FALSE,TRUE,38
"3.2.2.2.1.2.2.2.2.1.1.1.2.2.2.2.2.2.3.2.2.2",0.436302102569687,FALSE,TRUE,38
"3.2.2.2.1.2.2.2.2.1.1.2.1.2.2.2.2.2.3.2.2.2",0.379228810460056,FALSE,TRUE,38
"3.2.2.2.1.2.2.2.2.1.1.2.2.1.2.2.2.2.3.2.2.2",0.391058127417929,FALSE,TRUE,38
"3.2.2.2.1.2.2.2.2.1.1.2.2.2.1.2.2.2.3.2.2.2",0.488424476776439,FALSE,TRUE,38
"3.2.2.2.1.2.2.2.2.1.1.2.2.2.2.1.2.2.3.2.2.2",0.440735758129263,FALSE,TRUE,38
"3.2.2.2.1.2.2.2.2.1.1.2.2.2.2.2.1.2.3.2.2.2",0.359231997626907,FALSE,TRUE,38
"3.2.2.2.1.2.2.2.2.1.1.2.2.2.2.2.2.1.3.2.2.2",0.388378779314296,FALSE,TRUE,38
"3.2.2.2.1.2.2.2.2.1.1.2.2.2.2.2.2.2.2.2.2.2",0.493332657187622,FALSE,TRUE,39
"3.2.2.2.1.2.2.2.2.1.1.2.2.2.2.2.2.2.3.1.2.2",0.344585119746622,FALSE,TRUE,38
"3.2.2.2.1.2.2.2.2.1.1.2.2.2.2.2.2.2.3.2.1.2",0.336338614800018,FALSE,TRUE,38
"3.2.2.2.1.2.2.2.2.1.1.2.2.2.2.2.2.2.3.2.2.1",0.40839199948659,FALSE,TRUE,38
"3.2.2.2.2.2.2.1.1.2.2.2.1.2.1.2.2.2.2.2.2.2",0.444105921776032,FALSE,TRUE,38
"2.3.2.2.2.2.2.1.1.2.2.2.1.2.1.2.2.2.2.2.2.2",0.451801823687047,FALSE,TRUE,38
"2.2.3.2.2.2.2.1.1.2.2.2.1.2.1.2.2.2.2.2.2.2",0.442683575262568,FALSE,TRUE,38
"2.2.2.3.2.2.2.1.1.2.2.2.1.2.1.2.2.2.2.2.2.2",0.53814599964873,FALSE,TRUE,38
"2.2.2.2.3.2.2.1.1.2.2.2.1.2.1.2.2.2.2.2.2.2",0.513015096232582,FALSE,TRUE,38
"2.2.2.2.2.3.2.1.1.2.2.2.1.2.1.2.2.2.2.2.2.2",0.5028047514717,FALSE,TRUE,38
"2.2.2.2.2.2.3.1.1.2.2.2.1.2.1.2.2.2.2.2.2.2",0.479345367535036,FALSE,TRUE,38
"2.2.2.2.2.2.2.1.2.2.2.2.1.2.1.2.2.2.2.2.2.2",0.49673499241077,FALSE,TRUE,39
"2.2.2.2.2.2.2.1.1.3.2.2.1.2.1.2.2.2.2.2.2.2",0.407950701965989,FALSE,TRUE,38
"2.2.2.2.2.2.2.1.1.2.3.2.1.2.1.2.2.2.2.2.2.2",0.406813074670833,FALSE,TRUE,38
"2.2.2.2.2.2.2.1.1.2.2.3.1.2.1.2.2.2.2.2.2.2",0.475609190088137,FALSE,TRUE,38
"2.2.2.2.2.2.2.1.1.2.2.2.1.3.1.2.2.2.2.2.2.2",0.457238689154101,FALSE,TRUE,38
"2.2.2.2.2.2.2.1.1.2.2.2.1.2.2.2.2.2.2.2.2.2",0.435699117009355,FALSE,TRUE,38
"2.2.2.2.2.2.2.1.1.2.2.2.1.2.1.3.2.2.2.2.2.2",0.452548862144626,FALSE,TRUE,38
"2.2.2.2.2.2.2.1.1.2.2.2.1.2.1.2.3.2.2.2.2.2",0.495582064928455,FALSE,TRUE,38
"2.2.2.2.2.2.2.1.1.2.2.2.1.2.1.2.2.3.2.2.2.2",0.528391049267907,FALSE,TRUE,38
"2.2.2.2.2.2.2.1.1.2.2.2.1.2.1.2.2.2.3.2.2.2",0.440267931419487,FALSE,TRUE,38
"2.2.2.2.2.2.2.1.1.2.2.2.1.2.1.2.2.2.2.3.2.2",0.427873190580822,FALSE,TRUE,38
"2.2.2.2.2.2.2.1.1.2.2.2.1.2.1.2.2.2.2.2.3.2",0.523288155554853,FALSE,TRUE,38
"2.2.2.2.2.2.2.1.1.2.2.2.1.2.1.2.2.2.2.2.2.3",0.386570999439317,FALSE,TRUE,38
"1.2.2.2.2.2.2.1.1.2.2.2.1.2.1.2.2.2.2.2.2.2",0.497223315499436,FALSE,TRUE,37
"2.1.2.2.2.2.2.1.1.2.2.2.1.2.1.2.2.2.2.2.2.2",0.48978801981962,FALSE,TRUE,37
"2.2.1.2.2.2.2.1.1.2.2.2.1.2.1.2.2.2.2.2.2.2",0.466682898505134,FALSE,TRUE,37
"2.2.2.1.2.2.2.1.1.2.2.2.1.2.1.2.2.2.2.2.2.2",0.410132309701062,FALSE,TRUE,37
"2.2.2.2.1.2.2.1.1.2.2.2.1.2.1.2.2.2.2.2.2.2",0.483841209567548,FALSE,TRUE,37
"2.2.2.2.2.1.2.1.1.2.2.2.1.2.1.2.2.2.2.2.2.2",0.466069833791165,FALSE,TRUE,37
"2.2.2.2.2.2.1.1.1.2.2.2.1.2.1.2.2.2.2.2.2.2",0.468213512709163,FALSE,TRUE,37
"2.2.2.2.2.2.2.1.1.1.2.2.1.2.1.2.2.2.2.2.2.2",0.538087435899681,FALSE,TRUE,37
"2.2.2.2.2.2.2.1.1.2.1.2.1.2.1.2.2.2.2.2.2.2",0.518068336185862,FALSE,TRUE,37
"2.2.2.2.2.2.2.1.1.2.2.1.1.2.1.2.2.2.2.2.2.2",0.464520977832585,FALSE,TRUE,37
"2.2.2.2.2.2.2.1.1.2.2.2.1.1.1.2.2.2.2.2.2.2",0.482172656802723,FALSE,TRUE,37
"2.2.2.2.2.2.2.1.1.2.2.2.1.2.1.1.2.2.2.2.2.2",0.49287935848968,FALSE,TRUE,37
"2.2.2.2.2.2.2.1.1.2.2.2.1.2.1.2.1.2.2.2.2.2",0.430926971906987,FALSE,TRUE,37
"2.2.2.2.2.2.2.1.1.2.2.2.1.2.1.2.2.1.2.2.2.2",0.414831413521949,FALSE,TRUE,37
"2.2.2.2.2.2.2.1.1.2.2.2.1.2.1.2.2.2.1.2.2.2",0.492930067989422,FALSE,TRUE,37
"2.2.2.2.2.2.2.1.1.2.2.2.1.2.1.2.2.2.2.1.2.2",0.515326763326592,FALSE,TRUE,37
"2.2.2.2.2.2.2.1.1.2.2.2.1.2.1.2.2.2.2.2.1.2",0.456485832893723,FALSE,TRUE,36
"2.2.2.2.2.2.2.1.1.2.2.2.1.2.1.2.2.2.2.2.2.1",0.511574813995492,FALSE,TRUE,37
"3.2.2.2.2.2.2.2.3.2.2.1.2.2.2.2.1.2.2.3.2.2",0.391207302613405,FALSE,TRUE,40
"2.3.2.2.2.2.2.2.3.2.2.1.2.2.2.2.1.2.2.3.2.2",0.319909868598217,FALSE,TRUE,40
"2.2.3.2.2.2.2.2.3.2.2.1.2.2.2.2.1.2.2.3.2.2",0.344531137308881,FALSE,TRUE,40
"2.2.2.3.2.2.2.2.3.2.2.1.2.2.2.2.1.2.2.3.2.2",0.401194755243512,FALSE,TRUE,40
"2.2.2.2.3.2.2.2.3.2.2.1.2.2.2.2.1.2.2.3.2.2",0.39231068018477,FALSE,TRUE,40
"2.2.2.2.2.3.2.2.3.2.2.1.2.2.2.2.1.2.2.3.2.2",0.420916754916623,FALSE,TRUE,40
"2.2.2.2.2.2.3.2.3.2.2.1.2.2.2.2.1.2.2.3.2.2",0.381133964624239,FALSE,TRUE,40
"2.2.2.2.2.2.2.3.3.2.2.1.2.2.2.2.1.2.2.3.2.2",0.457650413930177,FALSE,TRUE,40
"2.2.2.2.2.2.2.2.4.2.2.1.2.2.2.2.1.2.2.3.2.2",0.327954395446524,FALSE,TRUE,40
"2.2.2.2.2.2.2.2.3.3.2.1.2.2.2.2.1.2.2.3.2.2",0.32797028639585,FALSE,TRUE,40
"2.2.2.2.2.2.2.2.3.2.3.1.2.2.2.2.1.2.2.3.2.2",0.320480945562359,FALSE,TRUE,40
"2.2.2.2.2.2.2.2.3.2.2.2.2.2.2.2.1.2.2.3.2.2",0.341324745841772,FALSE,TRUE,40
"2.2.2.2.2.2.2.2.3.2.2.1.3.2.2.2.1.2.2.3.2.2",0.309821669833439,FALSE,TRUE,40
"2.2.2.2.2.2.2.2.3.2.2.1.2.3.2.2.1.2.2.3.2.2",0.347790794776492,FALSE,TRUE,40
"2.2.2.2.2.2.2.2.3.2.2.1.2.2.3.2.1.2.2.3.2.2",0.268664900788623,FALSE,TRUE,40
"2.2.2.2.2.2.2.2.3.2.2.1.2.2.2.3.1.2.2.3.2.2",0.295639698672865,FALSE,TRUE,40
"2.2.2.2.2.2.2.2.3.2.2.1.2.2.2.2.1.3.2.3.2.2",0.408312616808146,FALSE,TRUE,40
"2.2.2.2.2.2.2.2.3.2.2.1.2.2.2.2.1.2.3.3.2.2",0.393294816740099,FALSE,TRUE,40
"2.2.2.2.2.2.2.2.3.2.2.1.2.2.2.2.1.2.2.4.2.2",0.3183714271487,FALSE,TRUE,40
"2.2.2.2.2.2.2.2.3.2.2.1.2.2.2.2.1.2.2.3.3.2",0.364560854500367,FALSE,TRUE,40
"2.2.2.2.2.2.2.2.3.2.2.1.2.2.2.2.1.2.2.3.2.3",0.257629950360895,FALSE,TRUE,40
"1.2.2.2.2.2.2.2.3.2.2.1.2.2.2.2.1.2.2.3.2.2",0.352183972895348,FALSE,TRUE,39
"2.1.2.2.2.2.2.2.3.2.2.1.2.2.2.2.1.2.2.3.2.2",0.430937399351413,FALSE,TRUE,39
"2.2.1.2.2.2.2.2.3.2.2.1.2.2.2.2.1.2.2.3.2.2",0.385384368314461,FALSE,TRUE,39
"2.2.2.1.2.2.2.2.3.2.2.1.2.2.2.2.1.2.2.3.2.2",0.328829891197296,FALSE,TRUE,39
"2.2.2.2.1.2.2.2.3.2.2.1.2.2.2.2.1.2.2.3.2.2",0.399410757926528,FALSE,TRUE,39
"2.2.2.2.2.1.2.2.3.2.2.1.2.2.2.2.1.2.2.3.2.2",0.347527842809327,FALSE,TRUE,39
"2.2.2.2.2.2.1.2.3.2.2.1.2.2.2.2.1.2.2.3.2.2",0.369088251708102,FALSE,TRUE,39
"2.2.2.2.2.2.2.1.3.2.2.1.2.2.2.2.1.2.2.3.2.2",0.262532611153059,FALSE,TRUE,39
"2.2.2.2.2.2.2.2.2.2.2.1.2.2.2.2.1.2.2.3.2.2",0.399229089289166,FALSE,TRUE,40
"2.2.2.2.2.2.2.2.3.1.2.1.2.2.2.2.1.2.2.3.2.2",0.405568219752877,FALSE,TRUE,39
"2.2.2.2.2.2.2.2.3.2.1.1.2.2.2.2.1.2.2.3.2.2",0.39258486980686,FALSE,TRUE,39
"2.2.2.2.2.2.2.2.3.2.2.1.1.2.2.2.1.2.2.3.2.2",0.41412333331274,FALSE,TRUE,39
"2.2.2.2.2.2.2.2.3.2.2.1.2.1.2.2.1.2.2.3.2.2",0.406103140727791,FALSE,TRUE,39
"2.2.2.2.2.2.2.2.3.2.2.1.2.2.1.2.1.2.2.3.2.2",0.42562466650759,FALSE,TRUE,39
"2.2.2.2.2.2.2.2.3.2.2.1.2.2.2.1.1.2.2.3.2.2",0.457691317257842,FALSE,TRUE,39
"2.2.2.2.2.2.2.2.3.2.2.1.2.2.2.2.1.1.2.3.2.2",0.32955860663776,FALSE,TRUE,39
"2.2.2.2.2.2.2.2.3.2.2.1.2.2.2.2.1.2.1.3.2.2",0.352077949030549,FALSE,TRUE,39
"2.2.2.2.2.2.2.2.3.2.2.1.2.2.2.2.1.2.2.3.1.2",0.404513832757246,FALSE,TRUE,39
"2.2.2.2.2.2.2.2.3.2.2.1.2.2.2.2.1.2.2.3.2.1",0.458446405938742,FALSE,TRUE,39
"3.2.2.2.2.3.2.1.1.2.2.2.2.2.1.2.2.2.2.2.2.2",0.38159368833495,FALSE,TRUE,37
"2.3.2.2.2.3.2.1.1.2.2.2.2.2.1.2.2.2.2.2.2.2",0.351754429659929,FALSE,TRUE,39
"2.2.3.2.2.3.2.1.1.2.2.2.2.2.1.2.2.2.2.2.2.2",0.436730609332017,FALSE,TRUE,39
"2.2.2.3.2.3.2.1.1.2.2.2.2.2.1.2.2.2.2.2.2.2",0.494199046855303,FALSE,TRUE,39
"2.2.2.2.3.3.2.1.1.2.2.2.2.2.1.2.2.2.2.2.2.2",0.524707256132992,FALSE,TRUE,37
"2.2.2.2.2.4.2.1.1.2.2.2.2.2.1.2.2.2.2.2.2.2",0.447680617843666,FALSE,TRUE,40
"2.2.2.2.2.3.3.1.1.2.2.2.2.2.1.2.2.2.2.2.2.2",0.415479257795116,FALSE,TRUE,39
"2.2.2.2.2.3.2.1.2.2.2.2.2.2.1.2.2.2.2.2.2.2",0.483109140978769,FALSE,TRUE,40
"2.2.2.2.2.3.2.1.1.3.2.2.2.2.1.2.2.2.2.2.2.2",0.317180031446575,FALSE,TRUE,39
"2.2.2.2.2.3.2.1.1.2.3.2.2.2.1.2.2.2.2.2.2.2",0.356176786906636,FALSE,TRUE,37
"2.2.2.2.2.3.2.1.1.2.2.3.2.2.1.2.2.2.2.2.2.2",0.387918840055637,FALSE,TRUE,39
"2.2.2.2.2.3.2.1.1.2.2.2.3.2.1.2.2.2.2.2.2.2",0.359437834810454,FALSE,TRUE,38
"2.2.2.2.2.3.2.1.1.2.2.2.2.3.1.2.2.2.2.2.2.2",0.458421533982775,FALSE,TRUE,39
"2.2.2.2.2.3.2.1.1.2.2.2.2.2.1.3.2.2.2.2.2.2",0.393964640051456,FALSE,TRUE,39
"2.2.2.2.2.3.2.1.1.2.2.2.2.2.1.2.3.2.2.2.2.2",0.464506622031726,FALSE,TRUE,37
"2.2.2.2.2.3.2.1.1.2.2.2.2.2.1.2.2.3.2.2.2.2",0.485994257378267,FALSE,TRUE,39
"2.2.2.2.2.3.2.1.1.2.2.2.2.2.1.2.2.2.3.2.2.2",0.388532589335786,FALSE,TRUE,39
"2.2.2.2.2.3.2.1.1.2.2.2.2.2.1.2.2.2.2.3.2.2",0.334188413920549,FALSE,TRUE,39
"2.2.2.2.2.3.2.1.1.2.2.2.2.2.1.2.2.2.2.2.3.2",0.463142894590062,FALSE,TRUE,39
"2.2.2.2.2.3.2.1.1.2.2.2.2.2.1.2.2.2.2.2.2.3",0.28212420266271,FALSE,TRUE,39
"1.2.2.2.2.3.2.1.1.2.2.2.2.2.1.2.2.2.2.2.2.2",0.485506184402659,FALSE,TRUE,38
"2.1.2.2.2.3.2.1.1.2.2.2.2.2.1.2.2.2.2.2.2.2",0.50700054973293,FALSE,TRUE,38
"2.2.1.2.2.3.2.1.1.2.2.2.2.2.1.2.2.2.2.2.2.2",0.397918788999326,FALSE,TRUE,36
"2.2.2.1.2.3.2.1.1.2.2.2.2.2.1.2.2.2.2.2.2.2",0.363693332066601,FALSE,TRUE,36
"2.2.2.2.1.3.2.1.1.2.2.2.2.2.1.2.2.2.2.2.2.2",0.379208681032596,FALSE,TRUE,38
"2.2.2.2.2.3.1.1.1.2.2.2.2.2.1.2.2.2.2.2.2.2",0.451505814402205,FALSE,TRUE,38
"2.2.2.2.2.3.2.1.1.1.2.2.2.2.1.2.2.2.2.2.2.2",0.548869778867117,FALSE,TRUE,38
"2.2.2.2.2.3.2.1.1.2.1.2.2.2.1.2.2.2.2.2.2.2",0.497296507518269,FALSE,TRUE,38
"2.2.2.2.2.3.2.1.1.2.2.1.2.2.1.2.2.2.2.2.2.2",0.471577076749556,FALSE,TRUE,38
"2.2.2.2.2.3.2.1.1.2.2.2.2.1.1.2.2.2.2.2.2.2",0.395166990893589,FALSE,TRUE,38
"2.2.2.2.2.3.2.1.1.2.2.2.2.2.1.1.2.2.2.2.2.2",0.46600641598754,FALSE,TRUE,38
"2.2.2.2.2.3.2.1.1.2.2.2.2.2.1.2.1.2.2.2.2.2",0.385994347051255,FALSE,TRUE,36
"2.2.2.2.2.3.2.1.1.2.2.2.2.2.1.2.2.1.2.2.2.2",0.372183236523171,FALSE,TRUE,38
"2.2.2.2.2.3.2.1.1.2.2.2.2.2.1.2.2.2.1.2.2.2",0.456205014078792,FALSE,TRUE,38
"2.2.2.2.2.3.2.1.1.2.2.2.2.2.1.2.2.2.2.1.2.2",0.528185891816533,FALSE,TRUE,38
"2.2.2.2.2.3.2.1.1.2.2.2.2.2.1.2.2.2.2.2.1.2",0.42758118732946,FALSE,TRUE,37
"2.2.2.2.2.3.2.1.1.2.2.2.2.2.1.2.2.2.2.2.2.1",0.545914349323532,FALSE,TRUE,38
"3.2.2.2.2.3.2.2.1.2.1.2.2.3.2.2.3.2.2.2.2.2",0.338018847354484,FALSE,TRUE,40
"2.3.2.2.2.3.2.2.1.2.1.2.2.3.2.2.3.2.2.2.2.2",0.324745038145941,FALSE,TRUE,40
"2.2.3.2.2.3.2.2.1.2.1.2.2.3.2.2.3.2.2.2.2.2",0.25520595265879,FALSE,TRUE,40
"2.2.2.3.2.3.2.2.1.2.1.2.2.3.2.2.3.2.2.2.2.2",0.26886269430098,FALSE,TRUE,39
"2.2.2.2.3.3.2.2.1.2.1.2.2.3.2.2.3.2.2.2.2.2",0.394454365891926,FALSE,TRUE,40
"2.2.2.2.2.4.2.2.1.2.1.2.2.3.2.2.3.2.2.2.2.2",0.389564253422424,FALSE,TRUE,40
"2.2.2.2.2.3.3.2.1.2.1.2.2.3.2.2.3.2.2.2.2.2",0.375319736817814,FALSE,TRUE,39
"2.2.2.2.2.3.2.3.1.2.1.2.2.3.2.2.3.2.2.2.2.2",0.313546787745381,FALSE,TRUE,40
"2.2.2.2.2.3.2.2.2.2.1.2.2.3.2.2.3.2.2.2.2.2",0.314966811293128,FALSE,TRUE,41
"2.2.2.2.2.3.2.2.1.3.1.2.2.3.2.2.3.2.2.2.2.2",0.206170689227429,FALSE,TRUE,40
"2.2.2.2.2.3.2.2.1.2.1.3.2.3.2.2.3.2.2.2.2.2",0.268352167693638,FALSE,TRUE,40
"2.2.2.2.2.3.2.2.1.2.1.2.3.3.2.2.3.2.2.2.2.2",0.33950728874521,FALSE,TRUE,40
"2.2.2.2.2.3.2.2.1.2.1.2.2.4.2.2.3.2.2.2.2.2",0.287177786781376,FALSE,TRUE,40
"2.2.2.2.2.3.2.2.1.2.1.2.2.3.3.2.3.2.2.2.2.2",0.172113718918795,FALSE,TRUE,40
"2.2.2.2.2.3.2.2.1.2.1.2.2.3.2.3.3.2.2.2.2.2",0.294232233158718,FALSE,TRUE,40
"2.2.2.2.2.3.2.2.1.2.1.2.2.3.2.2.4.2.2.2.2.2",0.256012788711413,FALSE,TRUE,40
"2.2.2.2.2.3.2.2.1.2.1.2.2.3.2.2.3.3.2.2.2.2",0.359803711060015,FALSE,TRUE,40
"2.2.2.2.2.3.2.2.1.2.1.2.2.3.2.2.3.2.3.2.2.2",0.224531314130524,FALSE,TRUE,40
"2.2.2.2.2.3.2.2.1.2.1.2.2.3.2.2.3.2.2.3.2.2",0.303580675395786,FALSE,TRUE,40
"2.2.2.2.2.3.2.2.1.2.1.2.2.3.2.2.3.2.2.2.3.2",0.361815801961029,FALSE,TRUE,40
"2.2.2.2.2.3.2.2.1.2.1.2.2.3.2.2.3.2.2.2.2.3",0.226995460103271,FALSE,TRUE,40
"1.2.2.2.2.3.2.2.1.2.1.2.2.3.2.2.3.2.2.2.2.2",0.338188115931176,FALSE,TRUE,39
"2.1.2.2.2.3.2.2.1.2.1.2.2.3.2.2.3.2.2.2.2.2",0.347564685916957,FALSE,TRUE,39
"2.2.1.2.2.3.2.2.1.2.1.2.2.3.2.2.3.2.2.2.2.2",0.406337978775589,FALSE,TRUE,37
"2.2.2.1.2.3.2.2.1.2.1.2.2.3.2.2.3.2.2.2.2.2",0.385269775978492,FALSE,TRUE,39
"2.2.2.2.1.3.2.2.1.2.1.2.2.3.2.2.3.2.2.2.2.2",0.31681135410246,FALSE,TRUE,39
"2.2.2.2.2.2.2.2.1.2.1.2.2.3.2.2.3.2.2.2.2.2",0.310839820430297,FALSE,TRUE,40
"2.2.2.2.2.3.1.2.1.2.1.2.2.3.2.2.3.2.2.2.2.2",0.30512407131057,FALSE,TRUE,39
"2.2.2.2.2.3.2.1.1.2.1.2.2.3.2.2.3.2.2.2.2.2",0.34412192361406,FALSE,TRUE,39
"2.2.2.2.2.3.2.2.1.1.1.2.2.3.2.2.3.2.2.2.2.2",0.482566517324067,FALSE,TRUE,39
"2.2.2.2.2.3.2.2.1.2.1.1.2.3.2.2.3.2.2.2.2.2",0.432092900415675,FALSE,TRUE,39
"2.2.2.2.2.3.2.2.1.2.1.2.1.3.2.2.3.2.2.2.2.2",0.342558945422002,FALSE,TRUE,39
"2.2.2.2.2.3.2.2.1.2.1.2.2.3.1.2.3.2.2.2.2.2",0.436838178598,FALSE,TRUE,39
"2.2.2.2.2.3.2.2.1.2.1.2.2.3.2.1.3.2.2.2.2.2",0.38096788584761,FALSE,TRUE,39
"2.2.2.2.2.3.2.2.1.2.1.2.2.3.2.2.2.2.2.2.2.2",0.40586271867149,FALSE,TRUE,38
"2.2.2.2.2.3.2.2.1.2.1.2.2.3.2.2.3.1.2.2.2.2",0.294793462934194,FALSE,TRUE,39
"2.2.2.2.2.3.2.2.1.2.1.2.2.3.2.2.3.2.1.2.2.2",0.450903836247556,FALSE,TRUE,39
"2.2.2.2.2.3.2.2.1.2.1.2.2.3.2.2.3.2.2.1.2.2",0.377305541477758,FALSE,TRUE,39
"2.2.2.2.2.3.2.2.1.2.1.2.2.3.2.2.3.2.2.2.1.2",0.333846541708017,FALSE,TRUE,39
"2.2.2.2.2.3.2.2.1.2.1.2.2.3.2.2.3.2.2.2.2.1",0.427872282794078,FALSE,TRUE,39
"5.2.2.2.2.2.2.2.2.2.2.2.2.2.2.2.2.2.2.2.2.2",0.293807617913974,FALSE,TRUE,43
"4.3.2.2.2.2.2.2.2.2.2.2.2.2.2.2.2.2.2.2.2.2",0.267369071778023,FALSE,TRUE,42
"4.2.3.2.2.2.2.2.2.2.2.2.2.2.2.2.2.2.2.2.2.2",0.330857733893224,FALSE,TRUE,42
"4.2.2.3.2.2.2.2.2.2.2.2.2.2.2.2.2.2.2.2.2.2",0.382278903298722,FALSE,TRUE,42
"4.2.2.2.3.2.2.2.2.2.2.2.2.2.2.2.2.2.2.2.2.2",0.341987191545752,FALSE,TRUE,41
"4.2.2.2.2.3.2.2.2.2.2.2.2.2.2.2.2.2.2.2.2.2",0.33882340058942,FALSE,TRUE,42
"4.2.2.2.2.2.3.2.2.2.2.2.2.2.2.2.2.2.2.2.2.2",0.308146115163038,FALSE,TRUE,42
"4.2.2.2.2.2.2.3.2.2.2.2.2.2.2.2.2.2.2.2.2.2",0.351047668429969,FALSE,TRUE,42
"4.2.2.2.2.2.2.2.3.2.2.2.2.2.2.2.2.2.2.2.2.2",0.396492440765701,FALSE,TRUE,42
"4.2.2.2.2.2.2.2.2.3.2.2.2.2.2.2.2.2.2.2.2.2",0.282483744214042,FALSE,TRUE,42
"4.2.2.2.2.2.2.2.2.2.3.2.2.2.2.2.2.2.2.2.2.2",0.247198417111328,FALSE,TRUE,42
"4.2.2.2.2.2.2.2.2.2.2.3.2.2.2.2.2.2.2.2.2.2",0.284288119274021,FALSE,TRUE,42
"4.2.2.2.2.2.2.2.2.2.2.2.3.2.2.2.2.2.2.2.2.2",0.262528350464718,FALSE,TRUE,42
"4.2.2.2.2.2.2.2.2.2.2.2.2.3.2.2.2.2.2.2.2.2",0.346900256574786,FALSE,TRUE,42
"4.2.2.2.2.2.2.2.2.2.2.2.2.2.3.2.2.2.2.2.2.2",0.205894874745835,FALSE,TRUE,42
"4.2.2.2.2.2.2.2.2.2.2.2.2.2.2.3.2.2.2.2.2.2",0.259363991889219,FALSE,TRUE,42
"4.2.2.2.2.2.2.2.2.2.2.2.2.2.2.2.3.2.2.2.2.2",0.397224379568901,FALSE,TRUE,42
"4.2.2.2.2.2.2.2.2.2.2.2.2.2.2.2.2.3.2.2.2.2",0.36455301074699,FALSE,TRUE,42
"4.2.2.2.2.2.2.2.2.2.2.2.2.2.2.2.2.2.2.3.2.2",0.383997771495801,FALSE,TRUE,42
"4.2.2.2.2.2.2.2.2.2.2.2.2.2.2.2.2.2.2.2.3.2",0.400375077587406,FALSE,TRUE,42
"4.2.2.2.2.2.2.2.2.2.2.2.2.2.2.2.2.2.2.2.2.3",0.338911269935456,FALSE,TRUE,42
"4.1.2.2.2.2.2.2.2.2.2.2.2.2.2.2.2.2.2.2.2.2",0.418761857344769,FALSE,TRUE,41
"4.2.1.2.2.2.2.2.2.2.2.2.2.2.2.2.2.2.2.2.2.2",0.352083240017215,FALSE,TRUE,41
"4.2.2.1.2.2.2.2.2.2.2.2.2.2.2.2.2.2.2.2.2.2",0.286040476155049,FALSE,TRUE,41
"4.2.2.2.1.2.2.2.2.2.2.2.2.2.2.2.2.2.2.2.2.2",0.383148482381488,FALSE,TRUE,41
"4.2.2.2.2.1.2.2.2.2.2.2.2.2.2.2.2.2.2.2.2.2",0.369896284893629,FALSE,TRUE,41
"4.2.2.2.2.2.1.2.2.2.2.2.2.2.2.2.2.2.2.2.2.2",0.383701003085193,FALSE,TRUE,41
"4.2.2.2.2.2.2.1.2.2.2.2.2.2.2.2.2.2.2.2.2.2",0.311420716782802,FALSE,TRUE,41
"4.2.2.2.2.2.2.2.2.1.2.2.2.2.2.2.2.2.2.2.2.2",0.397840802859647,FALSE,TRUE,41
"4.2.2.2.2.2.2.2.2.2.1.2.2.2.2.2.2.2.2.2.2.2",0.406967794876673,FALSE,TRUE,40
"4.2.2.2.2.2.2.2.2.2.2.1.2.2.2.2.2.2.2.2.2.2",0.403611214579512,FALSE,TRUE,41
"4.2.2.2.2.2.2.2.2.2.2.2.1.2.2.2.2.2.2.2.2.2",0.400705701092635,FALSE,TRUE,41
"4.2.2.2.2.2.2.2.2.2.2.2.2.1.2.2.2.2.2.2.2.2",0.356757693363628,FALSE,TRUE,41
"4.2.2.2.2.2.2.2.2.2.2.2.2.2.1.2.2.2.2.2.2.2",0.434972160451954,FALSE,TRUE,41
"4.2.2.2.2.2.2.2.2.2.2.2.2.2.2.1.2.2.2.2.2.2",0.43679754311447,FALSE,TRUE,41
"4.2.2.2.2.2.2.2.2.2.2.2.2.2.2.2.1.2.2.2.2.2",0.272561864274108,FALSE,TRUE,41
"4.2.2.2.2.2.2.2.2.2.2.2.2.2.2.2.2.1.2.2.2.2",0.318682157557746,FALSE,TRUE,41
"4.2.2.2.2.2.2.2.2.2.2.2.2.2.2.2.2.2.1.2.2.2",0.422602608524797,FALSE,TRUE,41
"4.2.2.2.2.2.2.2.2.2.2.2.2.2.2.2.2.2.2.1.2.2",0.302679161420404,FALSE,TRUE,41
"4.2.2.2.2.2.2.2.2.2.2.2.2.2.2.2.2.2.2.2.1.2",0.30444305129638,FALSE,TRUE,41
"4.2.2.2.2.2.2.2.2.2.2.2.2.2.2.2.2.2.2.2.2.1",0.316690417210524,FALSE,TRUE,41
"3.2.2.2.2.3.3.2.1.2.2.2.2.2.2.2.3.2.2.2.2.2",0.35668898830643,FALSE,TRUE,41
"2.3.2.2.2.3.3.2.1.2.2.2.2.2.2.2.3.2.2.2.2.2",0.329188184180681,FALSE,TRUE,41
"2.2.3.2.2.3.3.2.1.2.2.2.2.2.2.2.3.2.2.2.2.2",0.356219511481186,FALSE,TRUE,41
"2.2.2.3.2.3.3.2.1.2.2.2.2.2.2.2.3.2.2.2.2.2",0.387959870352264,FALSE,TRUE,41
"2.2.2.2.3.3.3.2.1.2.2.2.2.2.2.2.3.2.2.2.2.2",0.490810431073544,FALSE,TRUE,41
"2.2.2.2.2.4.3.2.1.2.2.2.2.2.2.2.3.2.2.2.2.2",0.412196203934695,FALSE,TRUE,41
"2.2.2.2.2.3.4.2.1.2.2.2.2.2.2.2.3.2.2.2.2.2",0.386110424729857,FALSE,TRUE,42
"2.2.2.2.2.3.3.3.1.2.2.2.2.2.2.2.3.2.2.2.2.2",0.426398917223953,FALSE,TRUE,41
"2.2.2.2.2.3.3.2.2.2.2.2.2.2.2.2.3.2.2.2.2.2",0.446985871912468,FALSE,TRUE,42
"2.2.2.2.2.3.3.2.1.3.2.2.2.2.2.2.3.2.2.2.2.2",0.275885591741632,FALSE,TRUE,41
"2.2.2.2.2.3.3.2.1.2.3.2.2.2.2.2.3.2.2.2.2.2",0.382947808647011,FALSE,TRUE,40
"2.2.2.2.2.3.3.2.1.2.2.3.2.2.2.2.3.2.2.2.2.2",0.309477204451361,FALSE,TRUE,41
"2.2.2.2.2.3.3.2.1.2.2.2.3.2.2.2.3.2.2.2.2.2",0.33282988110322,FALSE,TRUE,41
"2.2.2.2.2.3.3.2.1.2.2.2.2.2.3.2.3.2.2.2.2.2",0.244910160823533,FALSE,TRUE,41
"2.2.2.2.2.3.3.2.1.2.2.2.2.2.2.3.3.2.2.2.2.2",0.360847708767404,FALSE,TRUE,41
"2.2.2.2.2.3.3.2.1.2.2.2.2.2.2.2.4.2.2.2.2.2",0.397274665784837,FALSE,TRUE,41
"2.2.2.2.2.3.3.2.1.2.2.2.2.2.2.2.3.3.2.2.2.2",0.443802749444974,FALSE,TRUE,41
"2.2.2.2.2.3.3.2.1.2.2.2.2.2.2.2.3.2.3.2.2.2",0.31918100725381,FALSE,TRUE,41
"2.2.2.2.2.3.3.2.1.2.2.2.2.2.2.2.3.2.2.3.2.2",0.345332836874831,FALSE,TRUE,41
"2.2.2.2.2.3.3.2.1.2.2.2.2.2.2.2.3.2.2.2.3.2",0.436985552787866,FALSE,TRUE,41
"2.2.2.2.2.3.3.2.1.2.2.2.2.2.2.2.3.2.2.2.2.3",0.267282314206951,FALSE,TRUE,41
"1.2.2.2.2.3.3.2.1.2.2.2.2.2.2.2.3.2.2.2.2.2",0.437420165776801,FALSE,TRUE,40
"2.1.2.2.2.3.3.2.1.2.2.2.2.2.2.2.3.2.2.2.2.2",0.469166622561875,FALSE,TRUE,40
"2.2.1.2.2.3.3.2.1.2.2.2.2.2.2.2.3.2.2.2.2.2",0.421504495657239,FALSE,TRUE,39
"2.2.2.1.2.3.3.2.1.2.2.2.2.2.2.2.3.2.2.2.2.2",0.393436939239019,FALSE,TRUE,39
"2.2.2.2.1.3.3.2.1.2.2.2.2.2.2.2.3.2.2.2.2.2",0.348213104351834,FALSE,TRUE,40
"2.2.2.2.2.2.3.2.1.2.2.2.2.2.2.2.3.2.2.2.2.2",0.409440284798888,FALSE,TRUE,40
"2.2.2.2.2.3.3.1.1.2.2.2.2.2.2.2.3.2.2.2.2.2",0.348799582586203,FALSE,TRUE,40
"2.2.2.2.2.3.3.2.1.1.2.2.2.2.2.2.3.2.2.2.2.2",0.536859569196825,FALSE,TRUE,40
"2.2.2.2.2.3.3.2.1.2.1.2.2.2.2.2.3.2.2.2.2.2",0.392922319961571,FALSE,TRUE,39
"2.2.2.2.2.3.3.2.1.2.2.1.2.2.2.2.3.2.2.2.2.2",0.514947939775168,FALSE,TRUE,40
"2.2.2.2.2.3.3.2.1.2.2.2.1.2.2.2.3.2.2.2.2.2",0.470892474046508,FALSE,TRUE,40
"2.2.2.2.2.3.3.2.1.2.2.2.2.1.2.2.3.2.2.2.2.2",0.368805565804373,FALSE,TRUE,40
"2.2.2.2.2.3.3.2.1.2.2.2.2.2.1.2.3.2.2.2.2.2",0.498376010658628,FALSE,TRUE,40
"2.2.2.2.2.3.3.2.1.2.2.2.2.2.2.1.3.2.2.2.2.2",0.431058739311902,FALSE,TRUE,40
"2.2.2.2.2.3.3.2.1.2.2.2.2.2.2.2.3.1.2.2.2.2",0.339723970455268,FALSE,TRUE,40
"2.2.2.2.2.3.3.2.1.2.2.2.2.2.2.2.3.2.1.2.2.2",0.476180822566746,FALSE,TRUE,40
"2.2.2.2.2.3.3.2.1.2.2.2.2.2.2.2.3.2.2.1.2.2",0.456529781432438,FALSE,TRUE,40
"2.2.2.2.2.3.3.2.1.2.2.2.2.2.2.2.3.2.2.2.1.2",0.387886469370284,FALSE,TRUE,40
"2.2.2.2.2.3.3.2.1.2.2.2.2.2.2.2.3.2.2.2.2.1",0.504206514860795,FALSE,TRUE,40
"3.2.2.3.2.3.2.2.1.2.2.2.2.2.2.2.3.2.2.2.2.2",0.373762801882293,FALSE,TRUE,41
"2.3.2.3.2.3.2.2.1.2.2.2.2.2.2.2.3.2.2.2.2.2",0.357293848867717,FALSE,TRUE,41
"2.2.3.3.2.3.2.2.1.2.2.2.2.2.2.2.3.2.2.2.2.2",0.310795276408564,FALSE,TRUE,41
"2.2.2.4.2.3.2.2.1.2.2.2.2.2.2.2.3.2.2.2.2.2",0.332973203081514,FALSE,TRUE,42
"2.2.2.3.3.3.2.2.1.2.2.2.2.2.2.2.3.2.2.2.2.2",0.431128875060626,FALSE,TRUE,41
"2.2.2.3.2.4.2.2.1.2.2.2.2.2.2.2.3.2.2.2.2.2",0.382930332060475,FALSE,TRUE,41
"2.2.2.3.2.3.2.3.1.2.2.2.2.2.2.2.3.2.2.2.2.2",0.329653603630234,FALSE,TRUE,41
"2.2.2.3.2.3.2.2.2.2.2.2.2.2.2.2.3.2.2.2.2.2",0.40382658497195,FALSE,TRUE,42
"2.2.2.3.2.3.2.2.1.3.2.2.2.2.2.2.3.2.2.2.2.2",0.306481216201712,FALSE,TRUE,41
"2.2.2.3.2.3.2.2.1.2.3.2.2.2.2.2.3.2.2.2.2.2",0.422632120467149,FALSE,TRUE,40
"2.2.2.3.2.3.2.2.1.2.2.3.2.2.2.2.3.2.2.2.2.2",0.281842821578292,FALSE,TRUE,41
"2.2.2.3.2.3.2.2.1.2.2.2.3.2.2.2.3.2.2.2.2.2",0.334911297848191,FALSE,TRUE,41
"2.2.2.3.2.3.2.2.1.2.2.2.2.2.3.2.3.2.2.2.2.2",0.199250775813857,FALSE,TRUE,41
"2.2.2.3.2.3.2.2.1.2.2.2.2.2.2.3.3.2.2.2.2.2",0.344992294772354,FALSE,TRUE,41
"2.2.2.3.2.3.2.2.1.2.2.2.2.2.2.2.4.2.2.2.2.2",0.361801123504419,FALSE,TRUE,41
"2.2.2.3.2.3.2.2.1.2.2.2.2.2.2.2.3.3.2.2.2.2",0.39616259470467,FALSE,TRUE,41
"2.2.2.3.2.3.2.2.1.2.2.2.2.2.2.2.3.2.3.2.2.2",0.290869346197959,FALSE,TRUE,41
"2.2.2.3.2.3.2.2.1.2.2.2.2.2.2.2.3.2.2.3.2.2",0.364259619844648,FALSE,TRUE,41
"2.2.2.3.2.3.2.2.1.2.2.2.2.2.2.2.3.2.2.2.3.2",0.415654448173793,FALSE,TRUE,41
"2.2.2.3.2.3.2.2.1.2.2.2.2.2.2.2.3.2.2.2.2.3",0.264412515820081,FALSE,TRUE,41
"1.2.2.3.2.3.2.2.1.2.2.2.2.2.2.2.3.2.2.2.2.2",0.373967154059518,FALSE,TRUE,40
"2.1.2.3.2.3.2.2.1.2.2.2.2.2.2.2.3.2.2.2.2.2",0.403990389370396,FALSE,TRUE,40
"2.2.1.3.2.3.2.2.1.2.2.2.2.2.2.2.3.2.2.2.2.2",0.417670897918005,FALSE,TRUE,39
"2.2.2.3.1.3.2.2.1.2.2.2.2.2.2.2.3.2.2.2.2.2",0.375634524718904,FALSE,TRUE,40
"2.2.2.3.2.2.2.2.1.2.2.2.2.2.2.2.3.2.2.2.2.2",0.400383387050444,FALSE,TRUE,40
"2.2.2.3.2.3.1.2.1.2.2.2.2.2.2.2.3.2.2.2.2.2",0.373335451529501,FALSE,TRUE,40
"2.2.2.3.2.3.2.1.1.2.2.2.2.2.2.2.3.2.2.2.2.2",0.401152908382332,FALSE,TRUE,40
"2.2.2.3.2.3.2.2.1.1.2.2.2.2.2.2.3.2.2.2.2.2",0.460316808293741,FALSE,TRUE,40
"2.2.2.3.2.3.2.2.1.2.1.2.2.2.2.2.3.2.2.2.2.2",0.307363730614409,FALSE,TRUE,39
"2.2.2.3.2.3.2.2.1.2.2.1.2.2.2.2.3.2.2.2.2.2",0.495096170826062,FALSE,TRUE,40
"2.2.2.3.2.3.2.2.1.2.2.2.1.2.2.2.3.2.2.2.2.2",0.425448181556086,FALSE,TRUE,40
"2.2.2.3.2.3.2.2.1.2.2.2.2.1.2.2.3.2.2.2.2.2",0.3671743940478,FALSE,TRUE,40
"2.2.2.3.2.3.2.2.1.2.2.2.2.2.1.2.3.2.2.2.2.2",0.489157470726615,FALSE,TRUE,40
"2.2.2.3.2.3.2.2.1.2.2.2.2.2.2.1.3.2.2.2.2.2",0.41023384644111,FALSE,TRUE,40
"2.2.2.3.2.3.2.2.1.2.2.2.2.2.2.2.3.1.2.2.2.2",0.345204447688217,FALSE,TRUE,40
"2.2.2.3.2.3.2.2.1.2.2.2.2.2.2.2.3.2.1.2.2.2",0.474849964894338,FALSE,TRUE,40
"2.2.2.3.2.3.2.2.1.2.2.2.2.2.2.2.3.2.2.1.2.2",0.390423846730535,FALSE,TRUE,40
"2.2.2.3.2.3.2.2.1.2.2.2.2.2.2.2.3.2.2.2.1.2",0.373260695481234,FALSE,TRUE,40
"2.2.2.3.2.3.2.2.1.2.2.2.2.2.2.2.3.2.2.2.2.1",0.463956969318077,FALSE,TRUE,40
"1.3.2.2.2.3.2.2.1.2.3.2.2.3.2.2.2.2.2.2.2.2",0.395231567279094,FALSE,TRUE,40
"1.2.3.2.2.3.2.2.1.2.3.2.2.3.2.2.2.2.2.2.2.2",0.427705539008145,FALSE,TRUE,40
"1.2.2.3.2.3.2.2.1.2.3.2.2.3.2.2.2.2.2.2.2.2",0.480710712550084,FALSE,TRUE,40
"1.2.2.2.3.3.2.2.1.2.3.2.2.3.2.2.2.2.2.2.2.2",0.549045812689268,FALSE,TRUE,40
"1.2.2.2.2.4.2.2.1.2.3.2.2.3.2.2.2.2.2.2.2.2",0.529240811019784,FALSE,TRUE,40
"1.2.2.2.2.3.3.2.1.2.3.2.2.3.2.2.2.2.2.2.2.2",0.458192199247279,FALSE,TRUE,40
"1.2.2.2.2.3.2.3.1.2.3.2.2.3.2.2.2.2.2.2.2.2",0.556213252868189,FALSE,TRUE,40
"1.2.2.2.2.3.2.2.2.2.3.2.2.3.2.2.2.2.2.2.2.2",0.483190962532737,FALSE,TRUE,41
"1.2.2.2.2.3.2.2.1.3.3.2.2.3.2.2.2.2.2.2.2.2",0.325602499957993,FALSE,TRUE,40
"1.2.2.2.2.3.2.2.1.2.4.2.2.3.2.2.2.2.2.2.2.2",0.442282712057622,FALSE,TRUE,40
"1.2.2.2.2.3.2.2.1.2.3.3.2.3.2.2.2.2.2.2.2.2",0.37696156275993,FALSE,TRUE,40
"1.2.2.2.2.3.2.2.1.2.3.2.3.3.2.2.2.2.2.2.2.2",0.40479516209171,FALSE,TRUE,40
"1.2.2.2.2.3.2.2.1.2.3.2.2.4.2.2.2.2.2.2.2.2",0.478716662610838,FALSE,TRUE,41
"1.2.2.2.2.3.2.2.1.2.3.2.2.3.3.2.2.2.2.2.2.2",0.302385801485109,FALSE,TRUE,40
"1.2.2.2.2.3.2.2.1.2.3.2.2.3.2.3.2.2.2.2.2.2",0.410557343075065,FALSE,TRUE,40
"1.2.2.2.2.3.2.2.1.2.3.2.2.3.2.2.3.2.2.2.2.2",0.4883639987372,FALSE,TRUE,38
"1.2.2.2.2.3.2.2.1.2.3.2.2.3.2.2.2.3.2.2.2.2",0.533077510045112,FALSE,TRUE,40
"1.2.2.2.2.3.2.2.1.2.3.2.2.3.2.2.2.2.3.2.2.2",0.433561859063498,FALSE,TRUE,40
"1.2.2.2.2.3.2.2.1.2.3.2.2.3.2.2.2.2.2.3.2.2",0.389773374997754,FALSE,TRUE,40
"1.2.2.2.2.3.2.2.1.2.3.2.2.3.2.2.2.2.2.2.3.2",0.475238308137024,FALSE,TRUE,40
"1.2.2.2.2.3.2.2.1.2.3.2.2.3.2.2.2.2.2.2.2.3",0.322102216276346,FALSE,TRUE,40
"1.2.1.2.2.3.2.2.1.2.3.2.2.3.2.2.2.2.2.2.2.2",0.494640526270365,FALSE,TRUE,39
"1.2.2.1.2.3.2.2.1.2.3.2.2.3.2.2.2.2.2.2.2.2",0.437591635880798,FALSE,TRUE,39
"1.2.2.2.1.3.2.2.1.2.3.2.2.3.2.2.2.2.2.2.2.2",0.410306252752667,FALSE,TRUE,39
"1.2.2.2.2.2.2.2.1.2.3.2.2.3.2.2.2.2.2.2.2.2",0.419043049535922,FALSE,TRUE,40
"1.2.2.2.2.3.1.2.1.2.3.2.2.3.2.2.2.2.2.2.2.2",0.485221843062905,FALSE,TRUE,39
"1.2.2.2.2.3.2.1.1.2.3.2.2.3.2.2.2.2.2.2.2.2",0.369216235629371,FALSE,TRUE,39
"1.2.2.2.2.3.2.2.1.1.3.2.2.3.2.2.2.2.2.2.2.2",0.613998554294431,FALSE,TRUE,39
"1.2.2.2.2.3.2.2.1.2.2.2.2.3.2.2.2.2.2.2.2.2",0.473473083771361,FALSE,TRUE,38
"1.2.2.2.2.3.2.2.1.2.3.1.2.3.2.2.2.2.2.2.2.2",0.571497429303399,FALSE,TRUE,39
"1.2.2.2.2.3.2.2.1.2.3.2.1.3.2.2.2.2.2.2.2.2",0.543382934705624,FALSE,TRUE,39
"1.2.2.2.2.3.2.2.1.2.3.2.2.3.1.2.2.2.2.2.2.2",0.582406686594348,FALSE,TRUE,39
"1.2.2.2.2.3.2.2.1.2.3.2.2.3.2.1.2.2.2.2.2.2",0.50457571049256,FALSE,TRUE,39
"1.2.2.2.2.3.2.2.1.2.3.2.2.3.2.2.1.2.2.2.2.2",0.445441005286358,FALSE,TRUE,39
"1.2.2.2.2.3.2.2.1.2.3.2.2.3.2.2.2.1.2.2.2.2",0.393549077975607,FALSE,TRUE,39
"1.2.2.2.2.3.2.2.1.2.3.2.2.3.2.2.2.2.1.2.2.2",0.479363972626272,FALSE,TRUE,39
"1.2.2.2.2.3.2.2.1.2.3.2.2.3.2.2.2.2.2.1.2.2",0.53991680081076,FALSE,TRUE,39
"1.2.2.2.2.3.2.2.1.2.3.2.2.3.2.2.2.2.2.2.1.2",0.48152748005482,FALSE,TRUE,39
"1.2.2.2.2.3.2.2.1.2.3.2.2.3.2.2.2.2.2.2.2.1",0.589368771165529,FALSE,TRUE,39
