"karyotype","fitness","is_fq","is_nn","boundary_degree"
"2.2.2.2.2.2.2.2.2.2.2.2.2.2.2.2.2.2.2.2.2.2",0.51158288527206,TRUE,FALSE,0
"2.2.2.2.2.3.2.2.2.2.2.2.2.2.2.2.2.2.2.2.2.2",0.470992417313541,TRUE,FALSE,0
"2.2.2.2.2.2.2.2.2.2.2.2.2.2.2.2.3.2.2.2.2.2",0.517210348829635,TRUE,FALSE,0
"2.2.2.2.2.2.1.2.2.2.2.2.2.2.2.2.3.2.2.2.2.2",0.54226156232599,TRUE,FALSE,0
"2.2.2.2.2.3.2.3.2.2.2.2.2.2.2.2.2.2.2.2.2.2",0.506781327116221,TRUE,FALSE,0
"2.2.2.2.2.2.1.1.2.2.2.2.2.2.2.2.3.2.2.2.2.2",0.502612515312584,TRUE,FALSE,0
"2.2.2.2.2.2.2.2.2.2.2.1.2.2.2.2.2.2.2.2.2.2",0.502616776485307,TRUE,FALSE,0
"2.2.2.2.1.2.2.2.2.2.2.2.2.2.2.2.2.2.2.2.2.2",0.50724731640878,TRUE,FALSE,0
"2.2.2.2.2.3.2.3.2.2.2.2.2.2.2.2.2.2.2.2.1.2",0.467829063409732,TRUE,FALSE,0
"2.2.2.2.2.3.2.2.2.2.2.2.2.2.2.2.2.2.3.2.2.2",0.524180714201357,TRUE,FALSE,0
"2.2.2.2.1.2.2.2.2.2.2.2.2.2.2.2.2.3.2.2.2.2",0.461286951472583,TRUE,FALSE,0
"1.2.2.2.2.3.2.2.2.2.2.2.2.2.2.2.2.2.2.2.2.2",0.397923057080551,TRUE,FALSE,0
"2.2.2.2.2.3.2.3.2.2.2.2.2.3.2.2.2.2.2.2.2.2",0.477028680548408,TRUE,FALSE,0
"2.2.2.2.2.3.2.2.2.2.3.2.2.2.2.2.2.2.3.2.2.2",0.506760411445376,TRUE,FALSE,0
"2.2.2.2.2.2.3.2.2.2.2.1.2.2.2.2.2.2.2.2.2.2",0.467477960652405,TRUE,FALSE,0
"2.2.2.2.2.2.3.2.2.2.2.1.2.2.2.2.2.1.2.2.2.2",0.501914868614221,TRUE,FALSE,0
"2.2.2.2.2.1.1.2.2.2.2.2.2.2.2.2.3.2.2.2.2.2",0.553362663333359,TRUE,FALSE,0
"2.2.2.3.2.2.2.2.2.2.2.2.2.2.2.2.2.2.2.2.2.2",0.526792645226376,TRUE,FALSE,0
"2.2.2.2.2.2.1.2.2.2.2.2.2.2.3.2.3.2.2.2.2.2",0.521370184705713,TRUE,FALSE,0
"2.2.1.2.2.1.1.2.2.2.2.2.2.2.2.2.3.2.2.2.2.2",0.548460174859805,TRUE,FALSE,0
"2.2.2.3.2.2.2.3.2.2.2.2.2.2.2.2.2.2.2.2.2.2",0.563791936555293,TRUE,FALSE,0
"2.2.2.2.2.2.1.2.2.2.2.2.2.2.2.2.3.2.2.1.2.2",0.541144378747647,TRUE,FALSE,0
"2.2.2.3.2.2.2.3.2.2.2.2.2.2.2.1.2.2.2.2.2.2",0.609019118694304,TRUE,FALSE,0
"2.2.2.3.2.2.2.2.2.2.1.2.2.2.2.2.2.2.2.2.2.2",0.509381356640925,TRUE,FALSE,0
"1.2.2.2.2.3.2.3.2.2.2.2.2.2.2.2.2.2.2.2.1.2",0.398562477006519,TRUE,FALSE,0
"2.2.2.2.2.3.2.2.2.2.2.2.2.2.2.2.2.3.3.2.2.2",0.484862073243132,TRUE,FALSE,0
"2.2.2.2.2.2.3.2.2.2.2.1.3.2.2.2.2.1.2.2.2.2",0.52402493087999,TRUE,FALSE,0
"1.2.2.2.2.3.2.2.2.2.2.2.2.3.2.2.2.2.2.2.2.2",0.360209895103037,TRUE,FALSE,0
"2.2.2.3.2.2.2.2.2.2.1.2.2.2.2.2.2.2.2.1.2.2",0.511082950802822,TRUE,FALSE,0
"2.2.2.2.2.2.3.2.2.2.2.1.2.2.2.2.2.2.2.1.2.2",0.474161301434232,TRUE,FALSE,0
"2.2.2.2.2.1.1.2.2.1.2.2.2.2.2.2.3.2.2.2.2.2",0.475035154130276,TRUE,FALSE,0
"2.2.2.2.2.2.1.2.2.2.2.2.2.2.2.2.3.3.2.2.2.2",0.492342884773304,TRUE,FALSE,0
"2.3.2.3.2.2.2.3.2.2.2.2.2.2.2.2.2.2.2.2.2.2",0.55214215912009,TRUE,FALSE,0
"2.2.2.3.2.2.2.2.2.2.1.2.2.2.2.2.2.2.2.1.3.2",0.541712590047598,TRUE,FALSE,0
"2.2.2.2.2.3.2.3.2.2.2.2.2.2.2.2.2.2.2.3.2.2",0.487527486584676,TRUE,FALSE,0
"2.2.2.2.2.2.1.2.1.2.2.2.2.2.2.2.3.2.2.1.2.2",0.522746319087376,TRUE,FALSE,0
"2.2.2.3.2.2.2.2.2.2.1.2.2.1.2.2.2.2.2.1.3.2",0.545930589128351,TRUE,FALSE,0
"2.2.2.2.2.3.2.3.2.3.2.2.2.2.2.2.2.2.2.3.2.2",0.539999288768898,TRUE,FALSE,0
"2.2.3.2.2.2.3.2.2.2.2.1.2.2.2.2.2.1.2.2.2.2",0.50850905081632,TRUE,FALSE,0
"1.2.2.2.2.3.2.2.2.2.2.2.2.3.2.2.2.2.2.2.2.3",0.339335266538565,TRUE,FALSE,0
"2.2.2.3.3.2.2.2.2.2.1.2.2.2.2.2.2.2.2.1.3.2",0.528793632551989,TRUE,FALSE,0
"1.2.2.2.2.3.2.3.2.2.2.1.2.2.2.2.2.2.2.2.1.2",0.387095425812435,TRUE,FALSE,0
"2.3.2.3.2.2.2.3.2.2.2.2.2.2.2.2.2.2.2.2.2.3",0.534693584045141,TRUE,FALSE,0
"2.2.2.2.2.2.2.2.2.2.2.1.2.2.1.2.2.2.2.2.2.2",0.501717868015796,TRUE,FALSE,0
"2.2.2.2.2.3.2.3.2.2.2.3.2.2.2.2.2.2.2.2.2.2",0.491317195373341,TRUE,FALSE,0
"2.2.2.2.2.3.2.3.2.2.3.3.2.2.2.2.2.2.2.2.2.2",0.490719261172597,TRUE,FALSE,0
"2.2.3.3.2.2.2.2.2.2.1.2.2.2.2.2.2.2.2.1.2.2",0.51196045393327,TRUE,FALSE,0
"2.2.2.2.1.2.2.2.2.2.2.2.2.2.2.3.2.3.2.2.2.2",0.393399019562121,TRUE,FALSE,0
"2.2.2.2.2.2.2.2.2.2.2.1.2.2.1.2.2.2.2.2.3.2",0.523698984195718,TRUE,FALSE,0
"1.2.2.2.2.2.2.2.2.2.2.2.2.2.2.2.3.2.2.2.2.2",0.440660608471209,TRUE,FALSE,0
"3.2.2.2.2.2.2.2.2.2.2.2.2.2.2.2.2.2.2.2.2.2",0.560298822112896,FALSE,TRUE,38
"2.3.2.2.2.2.2.2.2.2.2.2.2.2.2.2.2.2.2.2.2.2",0.506540684638185,FALSE,TRUE,37
"2.2.3.2.2.2.2.2.2.2.2.2.2.2.2.2.2.2.2.2.2.2",0.510612536754265,FALSE,TRUE,38
"2.2.2.2.3.2.2.2.2.2.2.2.2.2.2.2.2.2.2.2.2.2",0.497627130101321,FALSE,TRUE,39
"2.2.2.2.2.2.3.2.2.2.2.2.2.2.2.2.2.2.2.2.2.2",0.475762560416591,FALSE,TRUE,36
"2.2.2.2.2.2.2.3.2.2.2.2.2.2.2.2.2.2.2.2.2.2",0.5381055721492,FALSE,TRUE,32
"2.2.2.2.2.2.2.2.3.2.2.2.2.2.2.2.2.2.2.2.2.2",0.502371222410128,FALSE,TRUE,38
"2.2.2.2.2.2.2.2.2.3.2.2.2.2.2.2.2.2.2.2.2.2",0.563989382205551,FALSE,TRUE,38
"2.2.2.2.2.2.2.2.2.2.3.2.2.2.2.2.2.2.2.2.2.2",0.502830428667214,FALSE,TRUE,37
"2.2.2.2.2.2.2.2.2.2.2.3.2.2.2.2.2.2.2.2.2.2",0.5011232255468,FALSE,TRUE,38
"2.2.2.2.2.2.2.2.2.2.2.2.3.2.2.2.2.2.2.2.2.2",0.542943726677613,FALSE,TRUE,38
"2.2.2.2.2.2.2.2.2.2.2.2.2.3.2.2.2.2.2.2.2.2",0.479349607520517,FALSE,TRUE,36
"2.2.2.2.2.2.2.2.2.2.2.2.2.2.3.2.2.2.2.2.2.2",0.496325786845616,FALSE,TRUE,37
"2.2.2.2.2.2.2.2.2.2.2.2.2.2.2.3.2.2.2.2.2.2",0.445497689579995,FALSE,TRUE,37
"2.2.2.2.2.2.2.2.2.2.2.2.2.2.2.2.2.3.2.2.2.2",0.46284546552326,FALSE,TRUE,35
"2.2.2.2.2.2.2.2.2.2.2.2.2.2.2.2.2.2.3.2.2.2",0.564848713259834,FALSE,TRUE,36
"2.2.2.2.2.2.2.2.2.2.2.2.2.2.2.2.2.2.2.3.2.2",0.492532984177157,FALSE,TRUE,37
"2.2.2.2.2.2.2.2.2.2.2.2.2.2.2.2.2.2.2.2.3.2",0.536157743547229,FALSE,TRUE,37
"2.2.2.2.2.2.2.2.2.2.2.2.2.2.2.2.2.2.2.2.2.3",0.491779230228762,FALSE,TRUE,38
"1.2.2.2.2.2.2.2.2.2.2.2.2.2.2.2.2.2.2.2.2.2",0.443669497139816,FALSE,TRUE,36
"2.1.2.2.2.2.2.2.2.2.2.2.2.2.2.2.2.2.2.2.2.2",0.500189859136872,FALSE,TRUE,37
"2.2.1.2.2.2.2.2.2.2.2.2.2.2.2.2.2.2.2.2.2.2",0.502840650970601,FALSE,TRUE,37
"2.2.2.1.2.2.2.2.2.2.2.2.2.2.2.2.2.2.2.2.2.2",0.475696711151854,FALSE,TRUE,38
"2.2.2.2.2.1.2.2.2.2.2.2.2.2.2.2.2.2.2.2.2.2",0.539665741243158,FALSE,TRUE,37
"2.2.2.2.2.2.1.2.2.2.2.2.2.2.2.2.2.2.2.2.2.2",0.53071437197741,FALSE,TRUE,32
"2.2.2.2.2.2.2.1.2.2.2.2.2.2.2.2.2.2.2.2.2.2",0.468477777927117,FALSE,TRUE,36
"2.2.2.2.2.2.2.2.1.2.2.2.2.2.2.2.2.2.2.2.2.2",0.499287979436944,FALSE,TRUE,37
"2.2.2.2.2.2.2.2.2.1.2.2.2.2.2.2.2.2.2.2.2.2",0.447257504482843,FALSE,TRUE,37
"2.2.2.2.2.2.2.2.2.2.1.2.2.2.2.2.2.2.2.2.2.2",0.490481926963981,FALSE,TRUE,36
"2.2.2.2.2.2.2.2.2.2.2.2.1.2.2.2.2.2.2.2.2.2",0.4630670319556,FALSE,TRUE,37
"2.2.2.2.2.2.2.2.2.2.2.2.2.1.2.2.2.2.2.2.2.2",0.524605081718044,FALSE,TRUE,37
"2.2.2.2.2.2.2.2.2.2.2.2.2.2.1.2.2.2.2.2.2.2",0.511358435507742,FALSE,TRUE,36
"2.2.2.2.2.2.2.2.2.2.2.2.2.2.2.1.2.2.2.2.2.2",0.563687624769041,FALSE,TRUE,36
"2.2.2.2.2.2.2.2.2.2.2.2.2.2.2.2.1.2.2.2.2.2",0.488918770159149,FALSE,TRUE,38
"2.2.2.2.2.2.2.2.2.2.2.2.2.2.2.2.2.1.2.2.2.2",0.539121246672165,FALSE,TRUE,36
"2.2.2.2.2.2.2.2.2.2.2.2.2.2.2.2.2.2.1.2.2.2",0.444073256804488,FALSE,TRUE,37
"2.2.2.2.2.2.2.2.2.2.2.2.2.2.2.2.2.2.2.1.2.2",0.51915330914398,FALSE,TRUE,34
"2.2.2.2.2.2.2.2.2.2.2.2.2.2.2.2.2.2.2.2.1.2",0.472527726596584,FALSE,TRUE,36
"2.2.2.2.2.2.2.2.2.2.2.2.2.2.2.2.2.2.2.2.2.1",0.517166564074013,FALSE,TRUE,37
"3.2.2.2.2.3.2.2.2.2.2.2.2.2.2.2.2.2.2.2.2.2",0.524934632868236,FALSE,TRUE,40
"2.3.2.2.2.3.2.2.2.2.2.2.2.2.2.2.2.2.2.2.2.2",0.463809613535543,FALSE,TRUE,39
"2.2.3.2.2.3.2.2.2.2.2.2.2.2.2.2.2.2.2.2.2.2",0.47180687235892,FALSE,TRUE,39
"2.2.2.3.2.3.2.2.2.2.2.2.2.2.2.2.2.2.2.2.2.2",0.482688808801018,FALSE,TRUE,38
"2.2.2.2.3.3.2.2.2.2.2.2.2.2.2.2.2.2.2.2.2.2",0.454445163964077,FALSE,TRUE,39
"2.2.2.2.2.4.2.2.2.2.2.2.2.2.2.2.2.2.2.2.2.2",0.41810371141183,FALSE,TRUE,40
"2.2.2.2.2.3.3.2.2.2.2.2.2.2.2.2.2.2.2.2.2.2",0.429229449854295,FALSE,TRUE,38
"2.2.2.2.2.3.2.2.3.2.2.2.2.2.2.2.2.2.2.2.2.2",0.465561928261937,FALSE,TRUE,39
"2.2.2.2.2.3.2.2.2.3.2.2.2.2.2.2.2.2.2.2.2.2",0.521749223336113,FALSE,TRUE,38
"2.2.2.2.2.3.2.2.2.2.3.2.2.2.2.2.2.2.2.2.2.2",0.457768292012232,FALSE,TRUE,38
"2.2.2.2.2.3.2.2.2.2.2.3.2.2.2.2.2.2.2.2.2.2",0.460997694457674,FALSE,TRUE,38
"2.2.2.2.2.3.2.2.2.2.2.2.3.2.2.2.2.2.2.2.2.2",0.5004456301678,FALSE,TRUE,39
"2.2.2.2.2.3.2.2.2.2.2.2.2.3.2.2.2.2.2.2.2.2",0.432123295841935,FALSE,TRUE,38
"2.2.2.2.2.3.2.2.2.2.2.2.2.2.3.2.2.2.2.2.2.2",0.456837648896145,FALSE,TRUE,39
"2.2.2.2.2.3.2.2.2.2.2.2.2.2.2.3.2.2.2.2.2.2",0.40324373046038,FALSE,TRUE,39
"2.2.2.2.2.3.2.2.2.2.2.2.2.2.2.2.3.2.2.2.2.2",0.484159304321119,FALSE,TRUE,38
"2.2.2.2.2.3.2.2.2.2.2.2.2.2.2.2.2.3.2.2.2.2",0.423834336160252,FALSE,TRUE,38
"2.2.2.2.2.3.2.2.2.2.2.2.2.2.2.2.2.2.2.3.2.2",0.453939072506096,FALSE,TRUE,38
"2.2.2.2.2.3.2.2.2.2.2.2.2.2.2.2.2.2.2.2.3.2",0.495002645799838,FALSE,TRUE,39
"2.2.2.2.2.3.2.2.2.2.2.2.2.2.2.2.2.2.2.2.2.3",0.44931597208364,FALSE,TRUE,38
"2.1.2.2.2.3.2.2.2.2.2.2.2.2.2.2.2.2.2.2.2.2",0.462288537089677,FALSE,TRUE,38
"2.2.1.2.2.3.2.2.2.2.2.2.2.2.2.2.2.2.2.2.2.2",0.460376220885437,FALSE,TRUE,38
"2.2.2.1.2.3.2.2.2.2.2.2.2.2.2.2.2.2.2.2.2.2",0.43905486015597,FALSE,TRUE,38
"2.2.2.2.1.3.2.2.2.2.2.2.2.2.2.2.2.2.2.2.2.2",0.468714828339795,FALSE,TRUE,37
"2.2.2.2.2.3.1.2.2.2.2.2.2.2.2.2.2.2.2.2.2.2",0.4965679125711,FALSE,TRUE,37
"2.2.2.2.2.3.2.1.2.2.2.2.2.2.2.2.2.2.2.2.2.2",0.418358727729002,FALSE,TRUE,39
"2.2.2.2.2.3.2.2.1.2.2.2.2.2.2.2.2.2.2.2.2.2",0.456765722001783,FALSE,TRUE,38
"2.2.2.2.2.3.2.2.2.1.2.2.2.2.2.2.2.2.2.2.2.2",0.408597601538086,FALSE,TRUE,38
"2.2.2.2.2.3.2.2.2.2.1.2.2.2.2.2.2.2.2.2.2.2",0.455251418572405,FALSE,TRUE,37
"2.2.2.2.2.3.2.2.2.2.2.1.2.2.2.2.2.2.2.2.2.2",0.462363578305975,FALSE,TRUE,36
"2.2.2.2.2.3.2.2.2.2.2.2.1.2.2.2.2.2.2.2.2.2",0.42490866486772,FALSE,TRUE,38
"2.2.2.2.2.3.2.2.2.2.2.2.2.1.2.2.2.2.2.2.2.2",0.492773682172469,FALSE,TRUE,38
"2.2.2.2.2.3.2.2.2.2.2.2.2.2.1.2.2.2.2.2.2.2",0.470263845497653,FALSE,TRUE,37
"2.2.2.2.2.3.2.2.2.2.2.2.2.2.2.1.2.2.2.2.2.2",0.525612300686748,FALSE,TRUE,38
"2.2.2.2.2.3.2.2.2.2.2.2.2.2.2.2.1.2.2.2.2.2",0.440694397474953,FALSE,TRUE,38
"2.2.2.2.2.3.2.2.2.2.2.2.2.2.2.2.2.1.2.2.2.2",0.49865401639292,FALSE,TRUE,38
"2.2.2.2.2.3.2.2.2.2.2.2.2.2.2.2.2.2.1.2.2.2",0.405194008939469,FALSE,TRUE,39
"2.2.2.2.2.3.2.2.2.2.2.2.2.2.2.2.2.2.2.1.2.2",0.477019567818019,FALSE,TRUE,38
"2.2.2.2.2.3.2.2.2.2.2.2.2.2.2.2.2.2.2.2.1.2",0.432703945940962,FALSE,TRUE,38
"2.2.2.2.2.3.2.2.2.2.2.2.2.2.2.2.2.2.2.2.2.1",0.478577632838867,FALSE,TRUE,38
"3.2.2.2.2.2.2.2.2.2.2.2.2.2.2.2.3.2.2.2.2.2",0.574604146933235,FALSE,TRUE,41
"2.3.2.2.2.2.2.2.2.2.2.2.2.2.2.2.3.2.2.2.2.2",0.516552750808801,FALSE,TRUE,40
"2.2.3.2.2.2.2.2.2.2.2.2.2.2.2.2.3.2.2.2.2.2",0.51493792922732,FALSE,TRUE,40
"2.2.2.3.2.2.2.2.2.2.2.2.2.2.2.2.3.2.2.2.2.2",0.545262912033539,FALSE,TRUE,38
"2.2.2.2.3.2.2.2.2.2.2.2.2.2.2.2.3.2.2.2.2.2",0.509382366073302,FALSE,TRUE,40
"2.2.2.2.2.2.3.2.2.2.2.2.2.2.2.2.3.2.2.2.2.2",0.475277050371195,FALSE,TRUE,40
"2.2.2.2.2.2.2.3.2.2.2.2.2.2.2.2.3.2.2.2.2.2",0.536193214442091,FALSE,TRUE,38
"2.2.2.2.2.2.2.2.3.2.2.2.2.2.2.2.3.2.2.2.2.2",0.502817742530875,FALSE,TRUE,40
"2.2.2.2.2.2.2.2.2.3.2.2.2.2.2.2.3.2.2.2.2.2",0.577231861239055,FALSE,TRUE,40
"2.2.2.2.2.2.2.2.2.2.3.2.2.2.2.2.3.2.2.2.2.2",0.51755410434734,FALSE,TRUE,40
"2.2.2.2.2.2.2.2.2.2.2.3.2.2.2.2.3.2.2.2.2.2",0.507985451046925,FALSE,TRUE,40
"2.2.2.2.2.2.2.2.2.2.2.2.3.2.2.2.3.2.2.2.2.2",0.54962684473639,FALSE,TRUE,40
"2.2.2.2.2.2.2.2.2.2.2.2.2.3.2.2.3.2.2.2.2.2",0.492226439439371,FALSE,TRUE,40
"2.2.2.2.2.2.2.2.2.2.2.2.2.2.3.2.3.2.2.2.2.2",0.494732668879303,FALSE,TRUE,40
"2.2.2.2.2.2.2.2.2.2.2.2.2.2.2.3.3.2.2.2.2.2",0.446963543088275,FALSE,TRUE,40
"2.2.2.2.2.2.2.2.2.2.2.2.2.2.2.2.4.2.2.2.2.2",0.505222431322076,FALSE,TRUE,41
"2.2.2.2.2.2.2.2.2.2.2.2.2.2.2.2.3.3.2.2.2.2",0.462120586573688,FALSE,TRUE,39
"2.2.2.2.2.2.2.2.2.2.2.2.2.2.2.2.3.2.3.2.2.2",0.573244080345988,FALSE,TRUE,39
"2.2.2.2.2.2.2.2.2.2.2.2.2.2.2.2.3.2.2.3.2.2",0.502207977064404,FALSE,TRUE,40
"2.2.2.2.2.2.2.2.2.2.2.2.2.2.2.2.3.2.2.2.3.2",0.537856357646498,FALSE,TRUE,40
"2.2.2.2.2.2.2.2.2.2.2.2.2.2.2.2.3.2.2.2.2.3",0.503437299331401,FALSE,TRUE,40
"2.1.2.2.2.2.2.2.2.2.2.2.2.2.2.2.3.2.2.2.2.2",0.500831585888665,FALSE,TRUE,39
"2.2.1.2.2.2.2.2.2.2.2.2.2.2.2.2.3.2.2.2.2.2",0.509663543427964,FALSE,TRUE,38
"2.2.2.1.2.2.2.2.2.2.2.2.2.2.2.2.3.2.2.2.2.2",0.468124097383922,FALSE,TRUE,39
"2.2.2.2.1.2.2.2.2.2.2.2.2.2.2.2.3.2.2.2.2.2",0.505397050607779,FALSE,TRUE,38
"2.2.2.2.2.1.2.2.2.2.2.2.2.2.2.2.3.2.2.2.2.2",0.536268465307336,FALSE,TRUE,37
"2.2.2.2.2.2.2.1.2.2.2.2.2.2.2.2.3.2.2.2.2.2",0.480151307886311,FALSE,TRUE,39
"2.2.2.2.2.2.2.2.1.2.2.2.2.2.2.2.3.2.2.2.2.2",0.509829337986167,FALSE,TRUE,38
"2.2.2.2.2.2.2.2.2.1.2.2.2.2.2.2.3.2.2.2.2.2",0.444242386196174,FALSE,TRUE,38
"2.2.2.2.2.2.2.2.2.2.1.2.2.2.2.2.3.2.2.2.2.2",0.487039890507014,FALSE,TRUE,38
"2.2.2.2.2.2.2.2.2.2.2.1.2.2.2.2.3.2.2.2.2.2",0.507848168735851,FALSE,TRUE,37
"2.2.2.2.2.2.2.2.2.2.2.2.1.2.2.2.3.2.2.2.2.2",0.467163904448206,FALSE,TRUE,39
"2.2.2.2.2.2.2.2.2.2.2.2.2.1.2.2.3.2.2.2.2.2",0.522426095074477,FALSE,TRUE,39
"2.2.2.2.2.2.2.2.2.2.2.2.2.2.1.2.3.2.2.2.2.2",0.525069155954939,FALSE,TRUE,38
"2.2.2.2.2.2.2.2.2.2.2.2.2.2.2.1.3.2.2.2.2.2",0.574284346066171,FALSE,TRUE,39
"2.2.2.2.2.2.2.2.2.2.2.2.2.2.2.2.3.1.2.2.2.2",0.551985955723168,FALSE,TRUE,39
"2.2.2.2.2.2.2.2.2.2.2.2.2.2.2.2.3.2.1.2.2.2",0.446209185192748,FALSE,TRUE,39
"2.2.2.2.2.2.2.2.2.2.2.2.2.2.2.2.3.2.2.1.2.2",0.519717290971251,FALSE,TRUE,38
"2.2.2.2.2.2.2.2.2.2.2.2.2.2.2.2.3.2.2.2.1.2",0.481792341839506,FALSE,TRUE,39
"2.2.2.2.2.2.2.2.2.2.2.2.2.2.2.2.3.2.2.2.2.1",0.516272432793465,FALSE,TRUE,39
"3.2.2.2.2.2.1.2.2.2.2.2.2.2.2.2.3.2.2.2.2.2",0.598400374044614,FALSE,TRUE,36
"2.3.2.2.2.2.1.2.2.2.2.2.2.2.2.2.3.2.2.2.2.2",0.543512965744645,FALSE,TRUE,36
"2.2.3.2.2.2.1.2.2.2.2.2.2.2.2.2.3.2.2.2.2.2",0.538121980082878,FALSE,TRUE,36
"2.2.2.3.2.2.1.2.2.2.2.2.2.2.2.2.3.2.2.2.2.2",0.567498898858447,FALSE,TRUE,35
"2.2.2.2.3.2.1.2.2.2.2.2.2.2.2.2.3.2.2.2.2.2",0.541718278151822,FALSE,TRUE,36
"2.2.2.2.2.3.1.2.2.2.2.2.2.2.2.2.3.2.2.2.2.2",0.514734697973807,FALSE,TRUE,36
"2.2.2.2.2.2.1.3.2.2.2.2.2.2.2.2.3.2.2.2.2.2",0.562833551720995,FALSE,TRUE,37
"2.2.2.2.2.2.1.2.3.2.2.2.2.2.2.2.3.2.2.2.2.2",0.535313145012052,FALSE,TRUE,36
"2.2.2.2.2.2.1.2.2.3.2.2.2.2.2.2.3.2.2.2.2.2",0.605369439100856,FALSE,TRUE,36
"2.2.2.2.2.2.1.2.2.2.3.2.2.2.2.2.3.2.2.2.2.2",0.547684681550075,FALSE,TRUE,36
"2.2.2.2.2.2.1.2.2.2.2.3.2.2.2.2.3.2.2.2.2.2",0.532681009429663,FALSE,TRUE,36
"2.2.2.2.2.2.1.2.2.2.2.2.3.2.2.2.3.2.2.2.2.2",0.583137032453774,FALSE,TRUE,36
"2.2.2.2.2.2.1.2.2.2.2.2.2.3.2.2.3.2.2.2.2.2",0.521349920913996,FALSE,TRUE,36
"2.2.2.2.2.2.1.2.2.2.2.2.2.2.2.3.3.2.2.2.2.2",0.47875554125952,FALSE,TRUE,36
"2.2.2.2.2.2.1.2.2.2.2.2.2.2.2.2.4.2.2.2.2.2",0.53414184967187,FALSE,TRUE,36
"2.2.2.2.2.2.1.2.2.2.2.2.2.2.2.2.3.2.3.2.2.2",0.597407074775951,FALSE,TRUE,36
"2.2.2.2.2.2.1.2.2.2.2.2.2.2.2.2.3.2.2.3.2.2",0.528814310791742,FALSE,TRUE,37
"2.2.2.2.2.2.1.2.2.2.2.2.2.2.2.2.3.2.2.2.3.2",0.566799819917475,FALSE,TRUE,36
"2.2.2.2.2.2.1.2.2.2.2.2.2.2.2.2.3.2.2.2.2.3",0.526698103149918,FALSE,TRUE,36
"1.2.2.2.2.2.1.2.2.2.2.2.2.2.2.2.3.2.2.2.2.2",0.463703508843979,FALSE,TRUE,35
"2.1.2.2.2.2.1.2.2.2.2.2.2.2.2.2.3.2.2.2.2.2",0.524258157372259,FALSE,TRUE,35
"2.2.1.2.2.2.1.2.2.2.2.2.2.2.2.2.3.2.2.2.2.2",0.536001712413011,FALSE,TRUE,35
"2.2.2.1.2.2.1.2.2.2.2.2.2.2.2.2.3.2.2.2.2.2",0.495300682611366,FALSE,TRUE,35
"2.2.2.2.1.2.1.2.2.2.2.2.2.2.2.2.3.2.2.2.2.2",0.523422940003114,FALSE,TRUE,34
"2.2.2.2.2.2.1.2.1.2.2.2.2.2.2.2.3.2.2.2.2.2",0.527655945239182,FALSE,TRUE,35
"2.2.2.2.2.2.1.2.2.1.2.2.2.2.2.2.3.2.2.2.2.2",0.465440929416113,FALSE,TRUE,35
"2.2.2.2.2.2.1.2.2.2.1.2.2.2.2.2.3.2.2.2.2.2",0.507276903207729,FALSE,TRUE,35
"2.2.2.2.2.2.1.2.2.2.2.1.2.2.2.2.3.2.2.2.2.2",0.53212309342437,FALSE,TRUE,34
"2.2.2.2.2.2.1.2.2.2.2.2.1.2.2.2.3.2.2.2.2.2",0.484305985296982,FALSE,TRUE,35
"2.2.2.2.2.2.1.2.2.2.2.2.2.1.2.2.3.2.2.2.2.2",0.541679638356812,FALSE,TRUE,35
"2.2.2.2.2.2.1.2.2.2.2.2.2.2.1.2.3.2.2.2.2.2",0.546757273173278,FALSE,TRUE,36
"2.2.2.2.2.2.1.2.2.2.2.2.2.2.2.1.3.2.2.2.2.2",0.590854689803346,FALSE,TRUE,35
"2.2.2.2.2.2.1.2.2.2.2.2.2.2.2.2.3.1.2.2.2.2",0.57163741541404,FALSE,TRUE,36
"2.2.2.2.2.2.1.2.2.2.2.2.2.2.2.2.3.2.1.2.2.2",0.471264495903559,FALSE,TRUE,35
"2.2.2.2.2.2.1.2.2.2.2.2.2.2.2.2.3.2.2.2.1.2",0.502953633312339,FALSE,TRUE,35
"2.2.2.2.2.2.1.2.2.2.2.2.2.2.2.2.3.2.2.2.2.1",0.542633952228234,FALSE,TRUE,35
"3.2.2.2.2.3.2.3.2.2.2.2.2.2.2.2.2.2.2.2.2.2",0.557025337648305,FALSE,TRUE,38
"2.3.2.2.2.3.2.3.2.2.2.2.2.2.2.2.2.2.2.2.2.2",0.49856900428364,FALSE,TRUE,36
"2.2.3.2.2.3.2.3.2.2.2.2.2.2.2.2.2.2.2.2.2.2",0.505788144642655,FALSE,TRUE,38
"2.2.2.3.2.3.2.3.2.2.2.2.2.2.2.2.2.2.2.2.2.2",0.527607980308254,FALSE,TRUE,35
"2.2.2.2.3.3.2.3.2.2.2.2.2.2.2.2.2.2.2.2.2.2",0.494217783860329,FALSE,TRUE,38
"2.2.2.2.2.4.2.3.2.2.2.2.2.2.2.2.2.2.2.2.2.2",0.461677140393267,FALSE,TRUE,38
"2.2.2.2.2.3.3.3.2.2.2.2.2.2.2.2.2.2.2.2.2.2",0.462925779209322,FALSE,TRUE,38
"2.2.2.2.2.3.2.4.2.2.2.2.2.2.2.2.2.2.2.2.2.2",0.524165169543503,FALSE,TRUE,39
"2.2.2.2.2.3.2.3.3.2.2.2.2.2.2.2.2.2.2.2.2.2",0.497899229446997,FALSE,TRUE,38
"2.2.2.2.2.3.2.3.2.3.2.2.2.2.2.2.2.2.2.2.2.2",0.560617100510134,FALSE,TRUE,38
"2.2.2.2.2.3.2.3.2.2.3.2.2.2.2.2.2.2.2.2.2.2",0.504818340356214,FALSE,TRUE,37
"2.2.2.2.2.3.2.3.2.2.2.2.3.2.2.2.2.2.2.2.2.2",0.536741812321976,FALSE,TRUE,38
"2.2.2.2.2.3.2.3.2.2.2.2.2.2.3.2.2.2.2.2.2.2",0.491640482921871,FALSE,TRUE,38
"2.2.2.2.2.3.2.3.2.2.2.2.2.2.2.3.2.2.2.2.2.2",0.437475604895978,FALSE,TRUE,38
"2.2.2.2.2.3.2.3.2.2.2.2.2.2.2.2.3.2.2.2.2.2",0.511359573192746,FALSE,TRUE,37
"2.2.2.2.2.3.2.3.2.2.2.2.2.2.2.2.2.3.2.2.2.2",0.457260144388673,FALSE,TRUE,37
"2.2.2.2.2.3.2.3.2.2.2.2.2.2.2.2.2.2.3.2.2.2",0.562285479854161,FALSE,TRUE,36
"2.2.2.2.2.3.2.3.2.2.2.2.2.2.2.2.2.2.2.2.3.2",0.532035271044578,FALSE,TRUE,39
"2.2.2.2.2.3.2.3.2.2.2.2.2.2.2.2.2.2.2.2.2.3",0.490095741004692,FALSE,TRUE,38
"1.2.2.2.2.3.2.3.2.2.2.2.2.2.2.2.2.2.2.2.2.2",0.43492307556717,FALSE,TRUE,36
"2.1.2.2.2.3.2.3.2.2.2.2.2.2.2.2.2.2.2.2.2.2",0.498870569220812,FALSE,TRUE,37
"2.2.1.2.2.3.2.3.2.2.2.2.2.2.2.2.2.2.2.2.2.2",0.498101962446606,FALSE,TRUE,37
"2.2.2.1.2.3.2.3.2.2.2.2.2.2.2.2.2.2.2.2.2.2",0.464282739734098,FALSE,TRUE,37
"2.2.2.2.1.3.2.3.2.2.2.2.2.2.2.2.2.2.2.2.2.2",0.499354492385847,FALSE,TRUE,36
"2.2.2.2.2.3.1.3.2.2.2.2.2.2.2.2.2.2.2.2.2.2",0.53342597568911,FALSE,TRUE,37
"2.2.2.2.2.3.2.3.1.2.2.2.2.2.2.2.2.2.2.2.2.2",0.495680085160982,FALSE,TRUE,37
"2.2.2.2.2.3.2.3.2.1.2.2.2.2.2.2.2.2.2.2.2.2",0.440249542535625,FALSE,TRUE,37
"2.2.2.2.2.3.2.3.2.2.1.2.2.2.2.2.2.2.2.2.2.2",0.479110111175716,FALSE,TRUE,37
"2.2.2.2.2.3.2.3.2.2.2.1.2.2.2.2.2.2.2.2.2.2",0.502692125988804,FALSE,TRUE,36
"2.2.2.2.2.3.2.3.2.2.2.2.1.2.2.2.2.2.2.2.2.2",0.459770463721052,FALSE,TRUE,37
"2.2.2.2.2.3.2.3.2.2.2.2.2.1.2.2.2.2.2.2.2.2",0.519875516959809,FALSE,TRUE,38
"2.2.2.2.2.3.2.3.2.2.2.2.2.2.1.2.2.2.2.2.2.2",0.506147688501447,FALSE,TRUE,37
"2.2.2.2.2.3.2.3.2.2.2.2.2.2.2.1.2.2.2.2.2.2",0.562468221668093,FALSE,TRUE,35
"2.2.2.2.2.3.2.3.2.2.2.2.2.2.2.2.1.2.2.2.2.2",0.483038690069275,FALSE,TRUE,37
"2.2.2.2.2.3.2.3.2.2.2.2.2.2.2.2.2.1.2.2.2.2",0.536492051322519,FALSE,TRUE,37
"2.2.2.2.2.3.2.3.2.2.2.2.2.2.2.2.2.2.1.2.2.2",0.438215087517502,FALSE,TRUE,37
"2.2.2.2.2.3.2.3.2.2.2.2.2.2.2.2.2.2.2.1.2.2",0.514360470832691,FALSE,TRUE,38
"2.2.2.2.2.3.2.3.2.2.2.2.2.2.2.2.2.2.2.2.2.1",0.509430533516157,FALSE,TRUE,37
"3.2.2.2.2.2.1.1.2.2.2.2.2.2.2.2.3.2.2.2.2.2",0.563425952525601,FALSE,TRUE,40
"2.3.2.2.2.2.1.1.2.2.2.2.2.2.2.2.3.2.2.2.2.2",0.504901257729729,FALSE,TRUE,40
"2.2.3.2.2.2.1.1.2.2.2.2.2.2.2.2.3.2.2.2.2.2",0.501044095171964,FALSE,TRUE,40
"2.2.2.3.2.2.1.1.2.2.2.2.2.2.2.2.3.2.2.2.2.2",0.517819578265475,FALSE,TRUE,40
"2.2.2.2.3.2.1.1.2.2.2.2.2.2.2.2.3.2.2.2.2.2",0.498596469882335,FALSE,TRUE,40
"2.2.2.2.2.3.1.1.2.2.2.2.2.2.2.2.3.2.2.2.2.2",0.466670095584319,FALSE,TRUE,40
"2.2.2.2.2.2.1.1.3.2.2.2.2.2.2.2.3.2.2.2.2.2",0.500223410629764,FALSE,TRUE,40
"2.2.2.2.2.2.1.1.2.3.2.2.2.2.2.2.3.2.2.2.2.2",0.562264072047931,FALSE,TRUE,40
"2.2.2.2.2.2.1.1.2.2.3.2.2.2.2.2.3.2.2.2.2.2",0.495660919965247,FALSE,TRUE,40
"2.2.2.2.2.2.1.1.2.2.2.3.2.2.2.2.3.2.2.2.2.2",0.499457859203151,FALSE,TRUE,40
"2.2.2.2.2.2.1.1.2.2.2.2.3.2.2.2.3.2.2.2.2.2",0.541887127193163,FALSE,TRUE,40
"2.2.2.2.2.2.1.1.2.2.2.2.2.3.2.2.3.2.2.2.2.2",0.47257036905031,FALSE,TRUE,40
"2.2.2.2.2.2.1.1.2.2.2.2.2.2.3.2.3.2.2.2.2.2",0.482943022326791,FALSE,TRUE,40
"2.2.2.2.2.2.1.1.2.2.2.2.2.2.2.3.3.2.2.2.2.2",0.440757245312459,FALSE,TRUE,40
"2.2.2.2.2.2.1.1.2.2.2.2.2.2.2.2.4.2.2.2.2.2",0.501947840118011,FALSE,TRUE,40
"2.2.2.2.2.2.1.1.2.2.2.2.2.2.2.2.3.3.2.2.2.2",0.456304841397524,FALSE,TRUE,40
"2.2.2.2.2.2.1.1.2.2.2.2.2.2.2.2.3.2.3.2.2.2",0.554019087659888,FALSE,TRUE,40
"2.2.2.2.2.2.1.1.2.2.2.2.2.2.2.2.3.2.2.3.2.2",0.492204527736956,FALSE,TRUE,40
"2.2.2.2.2.2.1.1.2.2.2.2.2.2.2.2.3.2.2.2.3.2",0.524766249120703,FALSE,TRUE,40
"2.2.2.2.2.2.1.1.2.2.2.2.2.2.2.2.3.2.2.2.2.3",0.48332241097186,FALSE,TRUE,40
"1.2.2.2.2.2.1.1.2.2.2.2.2.2.2.2.3.2.2.2.2.2",0.42181932101343,FALSE,TRUE,38
"2.1.2.2.2.2.1.1.2.2.2.2.2.2.2.2.3.2.2.2.2.2",0.483883791779976,FALSE,TRUE,39
"2.2.1.2.2.2.1.1.2.2.2.2.2.2.2.2.3.2.2.2.2.2",0.493618312209258,FALSE,TRUE,38
"2.2.2.1.2.2.1.1.2.2.2.2.2.2.2.2.3.2.2.2.2.2",0.466880939517591,FALSE,TRUE,39
"2.2.2.2.1.2.1.1.2.2.2.2.2.2.2.2.3.2.2.2.2.2",0.488411387422187,FALSE,TRUE,39
"2.2.2.2.2.1.1.1.2.2.2.2.2.2.2.2.3.2.2.2.2.2",0.523476642709044,FALSE,TRUE,37
"2.2.2.2.2.2.1.1.1.2.2.2.2.2.2.2.3.2.2.2.2.2",0.483701496946033,FALSE,TRUE,38
"2.2.2.2.2.2.1.1.2.1.2.2.2.2.2.2.3.2.2.2.2.2",0.430401085350157,FALSE,TRUE,38
"2.2.2.2.2.2.1.1.2.2.1.2.2.2.2.2.3.2.2.2.2.2",0.480769571861709,FALSE,TRUE,39
"2.2.2.2.2.2.1.1.2.2.2.1.2.2.2.2.3.2.2.2.2.2",0.487206884653479,FALSE,TRUE,39
"2.2.2.2.2.2.1.1.2.2.2.2.1.2.2.2.3.2.2.2.2.2",0.446846682935714,FALSE,TRUE,39
"2.2.2.2.2.2.1.1.2.2.2.2.2.1.2.2.3.2.2.2.2.2",0.510698749880847,FALSE,TRUE,39
"2.2.2.2.2.2.1.1.2.2.2.2.2.2.1.2.3.2.2.2.2.2",0.506559302491354,FALSE,TRUE,39
"2.2.2.2.2.2.1.1.2.2.2.2.2.2.2.1.3.2.2.2.2.2",0.550043217351947,FALSE,TRUE,39
"2.2.2.2.2.2.1.1.2.2.2.2.2.2.2.2.2.2.2.2.2.2",0.485061603812272,FALSE,TRUE,39
"2.2.2.2.2.2.1.1.2.2.2.2.2.2.2.2.3.1.2.2.2.2",0.528720483713757,FALSE,TRUE,39
"2.2.2.2.2.2.1.1.2.2.2.2.2.2.2.2.3.2.1.2.2.2",0.435933520574332,FALSE,TRUE,39
"2.2.2.2.2.2.1.1.2.2.2.2.2.2.2.2.3.2.2.1.2.2",0.499063772593225,FALSE,TRUE,38
"2.2.2.2.2.2.1.1.2.2.2.2.2.2.2.2.3.2.2.2.1.2",0.465253836195643,FALSE,TRUE,39
"2.2.2.2.2.2.1.1.2.2.2.2.2.2.2.2.3.2.2.2.2.1",0.506518641462734,FALSE,TRUE,39
"3.2.2.2.2.2.2.2.2.2.2.1.2.2.2.2.2.2.2.2.2.2",0.562891349804085,FALSE,TRUE,39
"2.3.2.2.2.2.2.2.2.2.2.1.2.2.2.2.2.2.2.2.2.2",0.500789538865697,FALSE,TRUE,39
"2.2.3.2.2.2.2.2.2.2.2.1.2.2.2.2.2.2.2.2.2.2",0.50329218747101,FALSE,TRUE,38
"2.2.2.3.2.2.2.2.2.2.2.1.2.2.2.2.2.2.2.2.2.2",0.523833350953102,FALSE,TRUE,37
"2.2.2.2.3.2.2.2.2.2.2.1.2.2.2.2.2.2.2.2.2.2",0.494674206511731,FALSE,TRUE,39
"2.2.2.2.2.2.2.3.2.2.2.1.2.2.2.2.2.2.2.2.2.2",0.53439139762743,FALSE,TRUE,37
"2.2.2.2.2.2.2.2.3.2.2.1.2.2.2.2.2.2.2.2.2.2",0.495768761619994,FALSE,TRUE,39
"2.2.2.2.2.2.2.2.2.3.2.1.2.2.2.2.2.2.2.2.2.2",0.557343604680464,FALSE,TRUE,39
"2.2.2.2.2.2.2.2.2.2.3.1.2.2.2.2.2.2.2.2.2.2",0.493374876345384,FALSE,TRUE,39
"2.2.2.2.2.2.2.2.2.2.2.1.3.2.2.2.2.2.2.2.2.2",0.534079719200869,FALSE,TRUE,38
"2.2.2.2.2.2.2.2.2.2.2.1.2.3.2.2.2.2.2.2.2.2",0.466023652677105,FALSE,TRUE,39
"2.2.2.2.2.2.2.2.2.2.2.1.2.2.3.2.2.2.2.2.2.2",0.486829793907021,FALSE,TRUE,40
"2.2.2.2.2.2.2.2.2.2.2.1.2.2.2.3.2.2.2.2.2.2",0.437054949789091,FALSE,TRUE,39
"2.2.2.2.2.2.2.2.2.2.2.1.2.2.2.2.2.3.2.2.2.2",0.451664347679998,FALSE,TRUE,38
"2.2.2.2.2.2.2.2.2.2.2.1.2.2.2.2.2.2.3.2.2.2",0.556622811115167,FALSE,TRUE,38
"2.2.2.2.2.2.2.2.2.2.2.1.2.2.2.2.2.2.2.3.2.2",0.485223893535148,FALSE,TRUE,39
"2.2.2.2.2.2.2.2.2.2.2.1.2.2.2.2.2.2.2.2.3.2",0.523070537150208,FALSE,TRUE,39
"2.2.2.2.2.2.2.2.2.2.2.1.2.2.2.2.2.2.2.2.2.3",0.482127453806923,FALSE,TRUE,39
"1.2.2.2.2.2.2.2.2.2.2.1.2.2.2.2.2.2.2.2.2.2",0.424869137163574,FALSE,TRUE,36
"2.1.2.2.2.2.2.2.2.2.2.1.2.2.2.2.2.2.2.2.2.2",0.487538195265523,FALSE,TRUE,38
"2.2.1.2.2.2.2.2.2.2.2.1.2.2.2.2.2.2.2.2.2.2",0.491734658833785,FALSE,TRUE,38
"2.2.2.1.2.2.2.2.2.2.2.1.2.2.2.2.2.2.2.2.2.2",0.461199314919254,FALSE,TRUE,38
"2.2.2.2.1.2.2.2.2.2.2.1.2.2.2.2.2.2.2.2.2.2",0.490824350382614,FALSE,TRUE,37
"2.2.2.2.2.1.2.2.2.2.2.1.2.2.2.2.2.2.2.2.2.2",0.528828896943068,FALSE,TRUE,38
"2.2.2.2.2.2.1.2.2.2.2.1.2.2.2.2.2.2.2.2.2.2",0.522050224206917,FALSE,TRUE,38
"2.2.2.2.2.2.2.1.2.2.2.1.2.2.2.2.2.2.2.2.2.2",0.453687661088834,FALSE,TRUE,38
"2.2.2.2.2.2.2.2.1.2.2.1.2.2.2.2.2.2.2.2.2.2",0.486048424747609,FALSE,TRUE,38
"2.2.2.2.2.2.2.2.2.1.2.1.2.2.2.2.2.2.2.2.2.2",0.434920733331654,FALSE,TRUE,38
"2.2.2.2.2.2.2.2.2.2.1.1.2.2.2.2.2.2.2.2.2.2",0.482487820396403,FALSE,TRUE,37
"2.2.2.2.2.2.2.2.2.2.2.1.1.2.2.2.2.2.2.2.2.2",0.453947550145421,FALSE,TRUE,38
"2.2.2.2.2.2.2.2.2.2.2.1.2.1.2.2.2.2.2.2.2.2",0.518298050720525,FALSE,TRUE,38
"2.2.2.2.2.2.2.2.2.2.2.1.2.2.2.1.2.2.2.2.2.2",0.55400203966991,FALSE,TRUE,38
"2.2.2.2.2.2.2.2.2.2.2.1.2.2.2.2.1.2.2.2.2.2",0.479782364040134,FALSE,TRUE,38
"2.2.2.2.2.2.2.2.2.2.2.1.2.2.2.2.2.1.2.2.2.2",0.530960819150825,FALSE,TRUE,36
"2.2.2.2.2.2.2.2.2.2.2.1.2.2.2.2.2.2.1.2.2.2",0.433443896090642,FALSE,TRUE,38
"2.2.2.2.2.2.2.2.2.2.2.1.2.2.2.2.2.2.2.1.2.2",0.506918394399648,FALSE,TRUE,38
"2.2.2.2.2.2.2.2.2.2.2.1.2.2.2.2.2.2.2.2.1.2",0.467124174880514,FALSE,TRUE,38
"2.2.2.2.2.2.2.2.2.2.2.1.2.2.2.2.2.2.2.2.2.1",0.508123897651292,FALSE,TRUE,38
"3.2.2.2.1.2.2.2.2.2.2.2.2.2.2.2.2.2.2.2.2.2",0.559338729478665,FALSE,TRUE,40
"2.3.2.2.1.2.2.2.2.2.2.2.2.2.2.2.2.2.2.2.2.2",0.501186229427329,FALSE,TRUE,40
"2.2.3.2.1.2.2.2.2.2.2.2.2.2.2.2.2.2.2.2.2.2",0.505576222742056,FALSE,TRUE,40
"2.2.2.3.1.2.2.2.2.2.2.2.2.2.2.2.2.2.2.2.2.2",0.527424839804519,FALSE,TRUE,38
"2.2.2.2.1.2.3.2.2.2.2.2.2.2.2.2.2.2.2.2.2.2",0.480048000864772,FALSE,TRUE,39
"2.2.2.2.1.2.2.3.2.2.2.2.2.2.2.2.2.2.2.2.2.2",0.527874945656291,FALSE,TRUE,38
"2.2.2.2.1.2.2.2.3.2.2.2.2.2.2.2.2.2.2.2.2.2",0.504375437659209,FALSE,TRUE,40
"2.2.2.2.1.2.2.2.2.3.2.2.2.2.2.2.2.2.2.2.2.2",0.562121093592226,FALSE,TRUE,40
"2.2.2.2.1.2.2.2.2.2.3.2.2.2.2.2.2.2.2.2.2.2",0.503343700543088,FALSE,TRUE,40
"2.2.2.2.1.2.2.2.2.2.2.3.2.2.2.2.2.2.2.2.2.2",0.503453106777506,FALSE,TRUE,40
"2.2.2.2.1.2.2.2.2.2.2.2.3.2.2.2.2.2.2.2.2.2",0.534992519200109,FALSE,TRUE,40
"2.2.2.2.1.2.2.2.2.2.2.2.2.3.2.2.2.2.2.2.2.2",0.478275578857455,FALSE,TRUE,40
"2.2.2.2.1.2.2.2.2.2.2.2.2.2.3.2.2.2.2.2.2.2",0.49806678946084,FALSE,TRUE,40
"2.2.2.2.1.2.2.2.2.2.2.2.2.2.2.3.2.2.2.2.2.2",0.442391223899369,FALSE,TRUE,40
"2.2.2.2.1.2.2.2.2.2.2.2.2.2.2.2.2.2.3.2.2.2",0.556568016474979,FALSE,TRUE,39
"2.2.2.2.1.2.2.2.2.2.2.2.2.2.2.2.2.2.2.3.2.2",0.488571175207023,FALSE,TRUE,40
"2.2.2.2.1.2.2.2.2.2.2.2.2.2.2.2.2.2.2.2.3.2",0.527587010357653,FALSE,TRUE,40
"2.2.2.2.1.2.2.2.2.2.2.2.2.2.2.2.2.2.2.2.2.3",0.494624969030148,FALSE,TRUE,40
"1.2.2.2.1.2.2.2.2.2.2.2.2.2.2.2.2.2.2.2.2.2",0.435896928034445,FALSE,TRUE,37
"2.1.2.2.1.2.2.2.2.2.2.2.2.2.2.2.2.2.2.2.2.2",0.497336302765625,FALSE,TRUE,39
"2.2.1.2.1.2.2.2.2.2.2.2.2.2.2.2.2.2.2.2.2.2",0.498324579182879,FALSE,TRUE,39
"2.2.2.1.1.2.2.2.2.2.2.2.2.2.2.2.2.2.2.2.2.2",0.466886415437853,FALSE,TRUE,39
"2.2.2.2.1.1.2.2.2.2.2.2.2.2.2.2.2.2.2.2.2.2",0.53253597857363,FALSE,TRUE,39
"2.2.2.2.1.2.1.2.2.2.2.2.2.2.2.2.2.2.2.2.2.2",0.518741822708052,FALSE,TRUE,38
"2.2.2.2.1.2.2.1.2.2.2.2.2.2.2.2.2.2.2.2.2.2",0.47020120062948,FALSE,TRUE,39
"2.2.2.2.1.2.2.2.1.2.2.2.2.2.2.2.2.2.2.2.2.2",0.488454926811735,FALSE,TRUE,39
"2.2.2.2.1.2.2.2.2.1.2.2.2.2.2.2.2.2.2.2.2.2",0.440387593394875,FALSE,TRUE,39
"2.2.2.2.1.2.2.2.2.2.1.2.2.2.2.2.2.2.2.2.2.2",0.480754457918485,FALSE,TRUE,38
"2.2.2.2.1.2.2.2.2.2.2.2.1.2.2.2.2.2.2.2.2.2",0.461980972417469,FALSE,TRUE,39
"2.2.2.2.1.2.2.2.2.2.2.2.2.1.2.2.2.2.2.2.2.2",0.514665670266188,FALSE,TRUE,39
"2.2.2.2.1.2.2.2.2.2.2.2.2.2.1.2.2.2.2.2.2.2",0.499699365107092,FALSE,TRUE,38
"2.2.2.2.1.2.2.2.2.2.2.2.2.2.2.1.2.2.2.2.2.2",0.556928446711871,FALSE,TRUE,39
"2.2.2.2.1.2.2.2.2.2.2.2.2.2.2.2.1.2.2.2.2.2",0.491710687474937,FALSE,TRUE,39
"2.2.2.2.1.2.2.2.2.2.2.2.2.2.2.2.2.1.2.2.2.2",0.531151280306139,FALSE,TRUE,40
"2.2.2.2.1.2.2.2.2.2.2.2.2.2.2.2.2.2.1.2.2.2",0.442447551998896,FALSE,TRUE,39
"2.2.2.2.1.2.2.2.2.2.2.2.2.2.2.2.2.2.2.1.2.2",0.513438191295256,FALSE,TRUE,39
"2.2.2.2.1.2.2.2.2.2.2.2.2.2.2.2.2.2.2.2.1.2",0.471159420663046,FALSE,TRUE,39
"2.2.2.2.1.2.2.2.2.2.2.2.2.2.2.2.2.2.2.2.2.1",0.504716865377572,FALSE,TRUE,39
"3.2.2.2.2.3.2.3.2.2.2.2.2.2.2.2.2.2.2.2.1.2",0.515028144244493,FALSE,TRUE,41
"2.3.2.2.2.3.2.3.2.2.2.2.2.2.2.2.2.2.2.2.1.2",0.458008194375648,FALSE,TRUE,40
"2.2.3.2.2.3.2.3.2.2.2.2.2.2.2.2.2.2.2.2.1.2",0.466966787187336,FALSE,TRUE,40
"2.2.2.3.2.3.2.3.2.2.2.2.2.2.2.2.2.2.2.2.1.2",0.485756574505826,FALSE,TRUE,39
"2.2.2.2.3.3.2.3.2.2.2.2.2.2.2.2.2.2.2.2.1.2",0.454169236976258,FALSE,TRUE,40
"2.2.2.2.2.4.2.3.2.2.2.2.2.2.2.2.2.2.2.2.1.2",0.423345894229849,FALSE,TRUE,40
"2.2.2.2.2.3.3.3.2.2.2.2.2.2.2.2.2.2.2.2.1.2",0.429508069852318,FALSE,TRUE,40
"2.2.2.2.2.3.2.4.2.2.2.2.2.2.2.2.2.2.2.2.1.2",0.484883681417668,FALSE,TRUE,40
"2.2.2.2.2.3.2.3.3.2.2.2.2.2.2.2.2.2.2.2.1.2",0.461646365120453,FALSE,TRUE,40
"2.2.2.2.2.3.2.3.2.3.2.2.2.2.2.2.2.2.2.2.1.2",0.523057151356772,FALSE,TRUE,39
"2.2.2.2.2.3.2.3.2.2.3.2.2.2.2.2.2.2.2.2.1.2",0.472593794374426,FALSE,TRUE,39
"2.2.2.2.2.3.2.3.2.2.2.3.2.2.2.2.2.2.2.2.1.2",0.450165043658174,FALSE,TRUE,39
"2.2.2.2.2.3.2.3.2.2.2.2.3.2.2.2.2.2.2.2.1.2",0.505854192433879,FALSE,TRUE,40
"2.2.2.2.2.3.2.3.2.2.2.2.2.3.2.2.2.2.2.2.1.2",0.441861557730197,FALSE,TRUE,40
"2.2.2.2.2.3.2.3.2.2.2.2.2.2.3.2.2.2.2.2.1.2",0.45507551085306,FALSE,TRUE,40
"2.2.2.2.2.3.2.3.2.2.2.2.2.2.2.3.2.2.2.2.1.2",0.399961634460466,FALSE,TRUE,40
"2.2.2.2.2.3.2.3.2.2.2.2.2.2.2.2.3.2.2.2.1.2",0.475391904750776,FALSE,TRUE,40
"2.2.2.2.2.3.2.3.2.2.2.2.2.2.2.2.2.3.2.2.1.2",0.419637120490942,FALSE,TRUE,40
"2.2.2.2.2.3.2.3.2.2.2.2.2.2.2.2.2.2.3.2.1.2",0.525857047164358,FALSE,TRUE,39
"2.2.2.2.2.3.2.3.2.2.2.2.2.2.2.2.2.2.2.3.1.2",0.446986862845697,FALSE,TRUE,39
"2.2.2.2.2.3.2.3.2.2.2.2.2.2.2.2.2.2.2.2.1.3",0.448950389536787,FALSE,TRUE,40
"2.1.2.2.2.3.2.3.2.2.2.2.2.2.2.2.2.2.2.2.1.2",0.462853981156513,FALSE,TRUE,39
"2.2.1.2.2.3.2.3.2.2.2.2.2.2.2.2.2.2.2.2.1.2",0.459813310007421,FALSE,TRUE,39
"2.2.2.1.2.3.2.3.2.2.2.2.2.2.2.2.2.2.2.2.1.2",0.42811928730153,FALSE,TRUE,39
"2.2.2.2.1.3.2.3.2.2.2.2.2.2.2.2.2.2.2.2.1.2",0.462785980577971,FALSE,TRUE,39
"2.2.2.2.2.2.2.3.2.2.2.2.2.2.2.2.2.2.2.2.1.2",0.498243781924982,FALSE,TRUE,38
"2.2.2.2.2.3.1.3.2.2.2.2.2.2.2.2.2.2.2.2.1.2",0.489972890451475,FALSE,TRUE,39
"2.2.2.2.2.3.2.3.1.2.2.2.2.2.2.2.2.2.2.2.1.2",0.455865788135853,FALSE,TRUE,39
"2.2.2.2.2.3.2.3.2.1.2.2.2.2.2.2.2.2.2.2.1.2",0.400490517329376,FALSE,TRUE,39
"2.2.2.2.2.3.2.3.2.2.1.2.2.2.2.2.2.2.2.2.1.2",0.435782577104972,FALSE,TRUE,39
"2.2.2.2.2.3.2.3.2.2.2.1.2.2.2.2.2.2.2.2.1.2",0.466313008666501,FALSE,TRUE,39
"2.2.2.2.2.3.2.3.2.2.2.2.1.2.2.2.2.2.2.2.1.2",0.41488723285865,FALSE,TRUE,39
"2.2.2.2.2.3.2.3.2.2.2.2.2.1.2.2.2.2.2.2.1.2",0.478697498884487,FALSE,TRUE,39
"2.2.2.2.2.3.2.3.2.2.2.2.2.2.1.2.2.2.2.2.1.2",0.465874926386035,FALSE,TRUE,39
"2.2.2.2.2.3.2.3.2.2.2.2.2.2.2.1.2.2.2.2.1.2",0.522491897581427,FALSE,TRUE,39
"2.2.2.2.2.3.2.3.2.2.2.2.2.2.2.2.1.2.2.2.1.2",0.441066164645833,FALSE,TRUE,39
"2.2.2.2.2.3.2.3.2.2.2.2.2.2.2.2.2.1.2.2.1.2",0.498594256865321,FALSE,TRUE,39
"2.2.2.2.2.3.2.3.2.2.2.2.2.2.2.2.2.2.1.2.1.2",0.397262895125843,FALSE,TRUE,39
"2.2.2.2.2.3.2.3.2.2.2.2.2.2.2.2.2.2.2.1.1.2",0.478128968863691,FALSE,TRUE,39
"2.2.2.2.2.3.2.3.2.2.2.2.2.2.2.2.2.2.2.2.1.1",0.473307806215095,FALSE,TRUE,39
"3.2.2.2.2.3.2.2.2.2.2.2.2.2.2.2.2.2.3.2.2.2",0.579649302732645,FALSE,TRUE,40
"2.3.2.2.2.3.2.2.2.2.2.2.2.2.2.2.2.2.3.2.2.2",0.516741607463257,FALSE,TRUE,40
"2.2.3.2.2.3.2.2.2.2.2.2.2.2.2.2.2.2.3.2.2.2",0.527056622697026,FALSE,TRUE,40
"2.2.2.3.2.3.2.2.2.2.2.2.2.2.2.2.2.2.3.2.2.2",0.533350901355945,FALSE,TRUE,39
"2.2.2.2.3.3.2.2.2.2.2.2.2.2.2.2.2.2.3.2.2.2",0.508368785703756,FALSE,TRUE,40
"2.2.2.2.2.4.2.2.2.2.2.2.2.2.2.2.2.2.3.2.2.2",0.469213706192098,FALSE,TRUE,40
"2.2.2.2.2.3.3.2.2.2.2.2.2.2.2.2.2.2.3.2.2.2",0.478995957618054,FALSE,TRUE,40
"2.2.2.2.2.3.2.2.3.2.2.2.2.2.2.2.2.2.3.2.2.2",0.524970772761451,FALSE,TRUE,40
"2.2.2.2.2.3.2.2.2.3.2.2.2.2.2.2.2.2.3.2.2.2",0.568560723071953,FALSE,TRUE,40
"2.2.2.2.2.3.2.2.2.2.2.3.2.2.2.2.2.2.3.2.2.2",0.509762879866853,FALSE,TRUE,39
"2.2.2.2.2.3.2.2.2.2.2.2.3.2.2.2.2.2.3.2.2.2",0.549372743935285,FALSE,TRUE,40
"2.2.2.2.2.3.2.2.2.2.2.2.2.3.2.2.2.2.3.2.2.2",0.485966496048519,FALSE,TRUE,38
"2.2.2.2.2.3.2.2.2.2.2.2.2.2.3.2.2.2.3.2.2.2",0.510958303236952,FALSE,TRUE,40
"2.2.2.2.2.3.2.2.2.2.2.2.2.2.2.3.2.2.3.2.2.2",0.45590553202625,FALSE,TRUE,40
"2.2.2.2.2.3.2.2.2.2.2.2.2.2.2.2.3.2.3.2.2.2",0.539259588437173,FALSE,TRUE,39
"2.2.2.2.2.3.2.2.2.2.2.2.2.2.2.2.2.2.4.2.2.2",0.560718094607146,FALSE,TRUE,41
"2.2.2.2.2.3.2.2.2.2.2.2.2.2.2.2.2.2.3.3.2.2",0.509397610245965,FALSE,TRUE,39
"2.2.2.2.2.3.2.2.2.2.2.2.2.2.2.2.2.2.3.2.3.2",0.54570840184033,FALSE,TRUE,40
"2.2.2.2.2.3.2.2.2.2.2.2.2.2.2.2.2.2.3.2.2.3",0.505838002643418,FALSE,TRUE,40
"1.2.2.2.2.3.2.2.2.2.2.2.2.2.2.2.2.2.3.2.2.2",0.447980777746662,FALSE,TRUE,38
"2.1.2.2.2.3.2.2.2.2.2.2.2.2.2.2.2.2.3.2.2.2",0.515114589706814,FALSE,TRUE,39
"2.2.1.2.2.3.2.2.2.2.2.2.2.2.2.2.2.2.3.2.2.2",0.511542281405706,FALSE,TRUE,39
"2.2.2.1.2.3.2.2.2.2.2.2.2.2.2.2.2.2.3.2.2.2",0.494539276267849,FALSE,TRUE,39
"2.2.2.2.1.3.2.2.2.2.2.2.2.2.2.2.2.2.3.2.2.2",0.519692144141848,FALSE,TRUE,38
"2.2.2.2.2.3.1.2.2.2.2.2.2.2.2.2.2.2.3.2.2.2",0.550359181373382,FALSE,TRUE,39
"2.2.2.2.2.3.2.1.2.2.2.2.2.2.2.2.2.2.3.2.2.2",0.469303867494785,FALSE,TRUE,39
"2.2.2.2.2.3.2.2.1.2.2.2.2.2.2.2.2.2.3.2.2.2",0.503013719829772,FALSE,TRUE,39
"2.2.2.2.2.3.2.2.2.1.2.2.2.2.2.2.2.2.3.2.2.2",0.465039878732658,FALSE,TRUE,39
"2.2.2.2.2.3.2.2.2.2.1.2.2.2.2.2.2.2.3.2.2.2",0.510401018491422,FALSE,TRUE,40
"2.2.2.2.2.3.2.2.2.2.2.1.2.2.2.2.2.2.3.2.2.2",0.517661226644115,FALSE,TRUE,38
"2.2.2.2.2.3.2.2.2.2.2.2.1.2.2.2.2.2.3.2.2.2",0.47977001339333,FALSE,TRUE,39
"2.2.2.2.2.3.2.2.2.2.2.2.2.1.2.2.2.2.3.2.2.2",0.544080200544276,FALSE,TRUE,39
"2.2.2.2.2.3.2.2.2.2.2.2.2.2.1.2.2.2.3.2.2.2",0.521962654926764,FALSE,TRUE,39
"2.2.2.2.2.3.2.2.2.2.2.2.2.2.2.1.2.2.3.2.2.2",0.57791150396133,FALSE,TRUE,39
"2.2.2.2.2.3.2.2.2.2.2.2.2.2.2.2.1.2.3.2.2.2",0.49151118537653,FALSE,TRUE,39
"2.2.2.2.2.3.2.2.2.2.2.2.2.2.2.2.2.1.3.2.2.2",0.542281928882589,FALSE,TRUE,40
"2.2.2.2.2.3.2.2.2.2.2.2.2.2.2.2.2.2.3.1.2.2",0.526399245495222,FALSE,TRUE,39
"2.2.2.2.2.3.2.2.2.2.2.2.2.2.2.2.2.2.3.2.1.2",0.487936200950834,FALSE,TRUE,38
"2.2.2.2.2.3.2.2.2.2.2.2.2.2.2.2.2.2.3.2.2.1",0.527597375829982,FALSE,TRUE,39
"3.2.2.2.1.2.2.2.2.2.2.2.2.2.2.2.2.3.2.2.2.2",0.515319900573657,FALSE,TRUE,40
"2.3.2.2.1.2.2.2.2.2.2.2.2.2.2.2.2.3.2.2.2.2",0.456036071281235,FALSE,TRUE,40
"2.2.3.2.1.2.2.2.2.2.2.2.2.2.2.2.2.3.2.2.2.2",0.455875654583549,FALSE,TRUE,40
"2.2.2.3.1.2.2.2.2.2.2.2.2.2.2.2.2.3.2.2.2.2",0.486400906704006,FALSE,TRUE,39
"2.2.2.2.1.3.2.2.2.2.2.2.2.2.2.2.2.3.2.2.2.2",0.422914044974508,FALSE,TRUE,38
"2.2.2.2.1.2.3.2.2.2.2.2.2.2.2.2.2.3.2.2.2.2",0.429877365683763,FALSE,TRUE,40
"2.2.2.2.1.2.2.3.2.2.2.2.2.2.2.2.2.3.2.2.2.2",0.479398682362842,FALSE,TRUE,40
"2.2.2.2.1.2.2.2.3.2.2.2.2.2.2.2.2.3.2.2.2.2",0.445598483350318,FALSE,TRUE,40
"2.2.2.2.1.2.2.2.2.3.2.2.2.2.2.2.2.3.2.2.2.2",0.522778191148462,FALSE,TRUE,40
"2.2.2.2.1.2.2.2.2.2.3.2.2.2.2.2.2.3.2.2.2.2",0.46092549044476,FALSE,TRUE,40
"2.2.2.2.1.2.2.2.2.2.2.3.2.2.2.2.2.3.2.2.2.2",0.4616792195907,FALSE,TRUE,40
"2.2.2.2.1.2.2.2.2.2.2.2.3.2.2.2.2.3.2.2.2.2",0.488897668187625,FALSE,TRUE,40
"2.2.2.2.1.2.2.2.2.2.2.2.2.3.2.2.2.3.2.2.2.2",0.430193109155888,FALSE,TRUE,40
"2.2.2.2.1.2.2.2.2.2.2.2.2.2.3.2.2.3.2.2.2.2",0.446605395852845,FALSE,TRUE,40
"2.2.2.2.1.2.2.2.2.2.2.2.2.2.2.2.3.3.2.2.2.2",0.452304770185615,FALSE,TRUE,38
"2.2.2.2.1.2.2.2.2.2.2.2.2.2.2.2.2.4.2.2.2.2",0.396997908353253,FALSE,TRUE,41
"2.2.2.2.1.2.2.2.2.2.2.2.2.2.2.2.2.3.3.2.2.2",0.520784002998744,FALSE,TRUE,38
"2.2.2.2.1.2.2.2.2.2.2.2.2.2.2.2.2.3.2.3.2.2",0.444311252217659,FALSE,TRUE,40
"2.2.2.2.1.2.2.2.2.2.2.2.2.2.2.2.2.3.2.2.3.2",0.479473380061447,FALSE,TRUE,40
"2.2.2.2.1.2.2.2.2.2.2.2.2.2.2.2.2.3.2.2.2.3",0.447429865971069,FALSE,TRUE,40
"1.2.2.2.1.2.2.2.2.2.2.2.2.2.2.2.2.3.2.2.2.2",0.390626550398304,FALSE,TRUE,39
"2.1.2.2.1.2.2.2.2.2.2.2.2.2.2.2.2.3.2.2.2.2",0.45008794788183,FALSE,TRUE,39
"2.2.1.2.1.2.2.2.2.2.2.2.2.2.2.2.2.3.2.2.2.2",0.456360611493826,FALSE,TRUE,39
"2.2.2.1.1.2.2.2.2.2.2.2.2.2.2.2.2.3.2.2.2.2",0.416133131317622,FALSE,TRUE,39
"2.2.2.2.1.1.2.2.2.2.2.2.2.2.2.2.2.3.2.2.2.2",0.488566014985077,FALSE,TRUE,39
"2.2.2.2.1.2.1.2.2.2.2.2.2.2.2.2.2.3.2.2.2.2",0.47898114650437,FALSE,TRUE,37
"2.2.2.2.1.2.2.1.2.2.2.2.2.2.2.2.2.3.2.2.2.2",0.427202448076044,FALSE,TRUE,39
"2.2.2.2.1.2.2.2.1.2.2.2.2.2.2.2.2.3.2.2.2.2",0.455316785682936,FALSE,TRUE,39
"2.2.2.2.1.2.2.2.2.1.2.2.2.2.2.2.2.3.2.2.2.2",0.390403487382119,FALSE,TRUE,39
"2.2.2.2.1.2.2.2.2.2.1.2.2.2.2.2.2.3.2.2.2.2",0.433556619399911,FALSE,TRUE,39
"2.2.2.2.1.2.2.2.2.2.2.1.2.2.2.2.2.3.2.2.2.2",0.443566084984739,FALSE,TRUE,38
"2.2.2.2.1.2.2.2.2.2.2.2.1.2.2.2.2.3.2.2.2.2",0.418728550142663,FALSE,TRUE,39
"2.2.2.2.1.2.2.2.2.2.2.2.2.1.2.2.2.3.2.2.2.2",0.472247578310184,FALSE,TRUE,39
"2.2.2.2.1.2.2.2.2.2.2.2.2.2.1.2.2.3.2.2.2.2",0.46167760492492,FALSE,TRUE,39
"2.2.2.2.1.2.2.2.2.2.2.2.2.2.2.1.2.3.2.2.2.2",0.516333822341544,FALSE,TRUE,40
"2.2.2.2.1.2.2.2.2.2.2.2.2.2.2.2.1.3.2.2.2.2",0.454887116679627,FALSE,TRUE,39
"2.2.2.2.1.2.2.2.2.2.2.2.2.2.2.2.2.3.1.2.2.2",0.389744267147818,FALSE,TRUE,39
"2.2.2.2.1.2.2.2.2.2.2.2.2.2.2.2.2.3.2.1.2.2",0.467798361411019,FALSE,TRUE,39
"2.2.2.2.1.2.2.2.2.2.2.2.2.2.2.2.2.3.2.2.1.2",0.427839572176616,FALSE,TRUE,39
"2.2.2.2.1.2.2.2.2.2.2.2.2.2.2.2.2.3.2.2.2.1",0.461141889760456,FALSE,TRUE,39
"1.3.2.2.2.3.2.2.2.2.2.2.2.2.2.2.2.2.2.2.2.2",0.390794345395402,FALSE,TRUE,40
"1.2.3.2.2.3.2.2.2.2.2.2.2.2.2.2.2.2.2.2.2.2",0.403000481823678,FALSE,TRUE,40
"1.2.2.3.2.3.2.2.2.2.2.2.2.2.2.2.2.2.2.2.2.2",0.413115571142652,FALSE,TRUE,39
"1.2.2.2.3.3.2.2.2.2.2.2.2.2.2.2.2.2.2.2.2.2",0.386549058562921,FALSE,TRUE,40
"1.2.2.2.2.4.2.2.2.2.2.2.2.2.2.2.2.2.2.2.2.2",0.340255186446864,FALSE,TRUE,40
"1.2.2.2.2.3.3.2.2.2.2.2.2.2.2.2.2.2.2.2.2.2",0.358328966168434,FALSE,TRUE,40
"1.2.2.2.2.3.2.2.3.2.2.2.2.2.2.2.2.2.2.2.2.2",0.398243904053929,FALSE,TRUE,40
"1.2.2.2.2.3.2.2.2.3.2.2.2.2.2.2.2.2.2.2.2.2",0.45148294902632,FALSE,TRUE,40
"1.2.2.2.2.3.2.2.2.2.3.2.2.2.2.2.2.2.2.2.2.2",0.387265795892743,FALSE,TRUE,39
"1.2.2.2.2.3.2.2.2.2.2.3.2.2.2.2.2.2.2.2.2.2",0.399428824063342,FALSE,TRUE,39
"1.2.2.2.2.3.2.2.2.2.2.2.3.2.2.2.2.2.2.2.2.2",0.426979426006244,FALSE,TRUE,40
"1.2.2.2.2.3.2.2.2.2.2.2.2.2.3.2.2.2.2.2.2.2",0.386069762886614,FALSE,TRUE,40
"1.2.2.2.2.3.2.2.2.2.2.2.2.2.2.3.2.2.2.2.2.2",0.325809105680769,FALSE,TRUE,40
"1.2.2.2.2.3.2.2.2.2.2.2.2.2.2.2.3.2.2.2.2.2",0.404299728510646,FALSE,TRUE,39
"1.2.2.2.2.3.2.2.2.2.2.2.2.2.2.2.2.3.2.2.2.2",0.351452751421898,FALSE,TRUE,39
"1.2.2.2.2.3.2.2.2.2.2.2.2.2.2.2.2.2.2.3.2.2",0.383242576671243,FALSE,TRUE,39
"1.2.2.2.2.3.2.2.2.2.2.2.2.2.2.2.2.2.2.2.3.2",0.419557244907534,FALSE,TRUE,40
"1.2.2.2.2.3.2.2.2.2.2.2.2.2.2.2.2.2.2.2.2.3",0.382547686205149,FALSE,TRUE,40
"1.1.2.2.2.3.2.2.2.2.2.2.2.2.2.2.2.2.2.2.2.2",0.389676399647784,FALSE,TRUE,39
"1.2.1.2.2.3.2.2.2.2.2.2.2.2.2.2.2.2.2.2.2.2",0.382967763305269,FALSE,TRUE,39
"1.2.2.1.2.3.2.2.2.2.2.2.2.2.2.2.2.2.2.2.2.2",0.364183369353042,FALSE,TRUE,39
"1.2.2.2.1.3.2.2.2.2.2.2.2.2.2.2.2.2.2.2.2.2",0.391406873029585,FALSE,TRUE,38
"1.2.2.2.2.3.1.2.2.2.2.2.2.2.2.2.2.2.2.2.2.2",0.42321814850521,FALSE,TRUE,39
"1.2.2.2.2.3.2.1.2.2.2.2.2.2.2.2.2.2.2.2.2.2",0.345278957963918,FALSE,TRUE,39
"1.2.2.2.2.3.2.2.1.2.2.2.2.2.2.2.2.2.2.2.2.2",0.378423919732327,FALSE,TRUE,39
"1.2.2.2.2.3.2.2.2.1.2.2.2.2.2.2.2.2.2.2.2.2",0.333317050162227,FALSE,TRUE,39
"1.2.2.2.2.3.2.2.2.2.1.2.2.2.2.2.2.2.2.2.2.2",0.381301414058405,FALSE,TRUE,39
"1.2.2.2.2.3.2.2.2.2.2.1.2.2.2.2.2.2.2.2.2.2",0.380695033455638,FALSE,TRUE,36
"1.2.2.2.2.3.2.2.2.2.2.2.1.2.2.2.2.2.2.2.2.2",0.352827820780014,FALSE,TRUE,39
"1.2.2.2.2.3.2.2.2.2.2.2.2.1.2.2.2.2.2.2.2.2",0.41722563455072,FALSE,TRUE,40
"1.2.2.2.2.3.2.2.2.2.2.2.2.2.1.2.2.2.2.2.2.2",0.396330849445048,FALSE,TRUE,39
"1.2.2.2.2.3.2.2.2.2.2.2.2.2.2.1.2.2.2.2.2.2",0.45806764015144,FALSE,TRUE,39
"1.2.2.2.2.3.2.2.2.2.2.2.2.2.2.2.1.2.2.2.2.2",0.37651680000095,FALSE,TRUE,39
"1.2.2.2.2.3.2.2.2.2.2.2.2.2.2.2.2.1.2.2.2.2",0.426106968726197,FALSE,TRUE,39
"1.2.2.2.2.3.2.2.2.2.2.2.2.2.2.2.2.2.1.2.2.2",0.334836444275839,FALSE,TRUE,39
"1.2.2.2.2.3.2.2.2.2.2.2.2.2.2.2.2.2.2.1.2.2",0.40133116204485,FALSE,TRUE,39
"1.2.2.2.2.3.2.2.2.2.2.2.2.2.2.2.2.2.2.2.1.2",0.361901415813137,FALSE,TRUE,37
"1.2.2.2.2.3.2.2.2.2.2.2.2.2.2.2.2.2.2.2.2.1",0.397993344706729,FALSE,TRUE,39
"3.2.2.2.2.3.2.3.2.2.2.2.2.3.2.2.2.2.2.2.2.2",0.528993495836427,FALSE,TRUE,42
"2.3.2.2.2.3.2.3.2.2.2.2.2.3.2.2.2.2.2.2.2.2",0.470067051625467,FALSE,TRUE,42
"2.2.3.2.2.3.2.3.2.2.2.2.2.3.2.2.2.2.2.2.2.2",0.476273637515907,FALSE,TRUE,42
"2.2.2.3.2.3.2.3.2.2.2.2.2.3.2.2.2.2.2.2.2.2",0.493742181748044,FALSE,TRUE,41
"2.2.2.2.3.3.2.3.2.2.2.2.2.3.2.2.2.2.2.2.2.2",0.462744053233158,FALSE,TRUE,42
"2.2.2.2.2.4.2.3.2.2.2.2.2.3.2.2.2.2.2.2.2.2",0.427483173007996,FALSE,TRUE,42
"2.2.2.2.2.3.3.3.2.2.2.2.2.3.2.2.2.2.2.2.2.2",0.432285014210911,FALSE,TRUE,42
"2.2.2.2.2.3.2.4.2.2.2.2.2.3.2.2.2.2.2.2.2.2",0.504009420451063,FALSE,TRUE,42
"2.2.2.2.2.3.2.3.3.2.2.2.2.3.2.2.2.2.2.2.2.2",0.469054629719125,FALSE,TRUE,42
"2.2.2.2.2.3.2.3.2.3.2.2.2.3.2.2.2.2.2.2.2.2",0.52745862798345,FALSE,TRUE,41
"2.2.2.2.2.3.2.3.2.2.3.2.2.3.2.2.2.2.2.2.2.2",0.463603231484934,FALSE,TRUE,41
"2.2.2.2.2.3.2.3.2.2.2.3.2.3.2.2.2.2.2.2.2.2",0.467379122397968,FALSE,TRUE,41
"2.2.2.2.2.3.2.3.2.2.2.2.3.3.2.2.2.2.2.2.2.2",0.501927326884426,FALSE,TRUE,42
"2.2.2.2.2.3.2.3.2.2.2.2.2.4.2.2.2.2.2.2.2.2",0.432039977450447,FALSE,TRUE,43
"2.2.2.2.2.3.2.3.2.2.2.2.2.3.3.2.2.2.2.2.2.2",0.462900787652999,FALSE,TRUE,42
"2.2.2.2.2.3.2.3.2.2.2.2.2.3.2.3.2.2.2.2.2.2",0.410301927234718,FALSE,TRUE,42
"2.2.2.2.2.3.2.3.2.2.2.2.2.3.2.2.3.2.2.2.2.2",0.488864504839621,FALSE,TRUE,42
"2.2.2.2.2.3.2.3.2.2.2.2.2.3.2.2.2.3.2.2.2.2",0.42846588668649,FALSE,TRUE,42
"2.2.2.2.2.3.2.3.2.2.2.2.2.3.2.2.2.2.3.2.2.2",0.532262695816864,FALSE,TRUE,41
"2.2.2.2.2.3.2.3.2.2.2.2.2.3.2.2.2.2.2.3.2.2",0.459104887636432,FALSE,TRUE,41
"2.2.2.2.2.3.2.3.2.2.2.2.2.3.2.2.2.2.2.2.3.2",0.497495149415994,FALSE,TRUE,42
"2.2.2.2.2.3.2.3.2.2.2.2.2.3.2.2.2.2.2.2.2.3",0.455833578665699,FALSE,TRUE,40
"1.2.2.2.2.3.2.3.2.2.2.2.2.3.2.2.2.2.2.2.2.2",0.405278853701444,FALSE,TRUE,38
"2.1.2.2.2.3.2.3.2.2.2.2.2.3.2.2.2.2.2.2.2.2",0.468323054783341,FALSE,TRUE,41
"2.2.1.2.2.3.2.3.2.2.2.2.2.3.2.2.2.2.2.2.2.2",0.467745462352852,FALSE,TRUE,41
"2.2.2.1.2.3.2.3.2.2.2.2.2.3.2.2.2.2.2.2.2.2",0.439705847905461,FALSE,TRUE,41
"2.2.2.2.1.3.2.3.2.2.2.2.2.3.2.2.2.2.2.2.2.2",0.471600979496526,FALSE,TRUE,41
"2.2.2.2.2.2.2.3.2.2.2.2.2.3.2.2.2.2.2.2.2.2",0.51522748482465,FALSE,TRUE,40
"2.2.2.2.2.3.1.3.2.2.2.2.2.3.2.2.2.2.2.2.2.2",0.505833011697028,FALSE,TRUE,41
"2.2.2.2.2.3.2.3.1.2.2.2.2.3.2.2.2.2.2.2.2.2",0.465415700659306,FALSE,TRUE,41
"2.2.2.2.2.3.2.3.2.1.2.2.2.3.2.2.2.2.2.2.2.2",0.41523710654154,FALSE,TRUE,41
"2.2.2.2.2.3.2.3.2.2.1.2.2.3.2.2.2.2.2.2.2.2",0.460639446242428,FALSE,TRUE,41
"2.2.2.2.2.3.2.3.2.2.2.1.2.3.2.2.2.2.2.2.2.2",0.468222459678514,FALSE,TRUE,41
"2.2.2.2.2.3.2.3.2.2.2.2.1.3.2.2.2.2.2.2.2.2",0.435365234317327,FALSE,TRUE,41
"2.2.2.2.2.3.2.3.2.2.2.2.2.3.1.2.2.2.2.2.2.2",0.475104288763126,FALSE,TRUE,41
"2.2.2.2.2.3.2.3.2.2.2.2.2.3.2.1.2.2.2.2.2.2",0.530775316503472,FALSE,TRUE,41
"2.2.2.2.2.3.2.3.2.2.2.2.2.3.2.2.1.2.2.2.2.2",0.446542970143314,FALSE,TRUE,41
"2.2.2.2.2.3.2.3.2.2.2.2.2.3.2.2.2.1.2.2.2.2",0.505599087629139,FALSE,TRUE,41
"2.2.2.2.2.3.2.3.2.2.2.2.2.3.2.2.2.2.1.2.2.2",0.410899564777755,FALSE,TRUE,41
"2.2.2.2.2.3.2.3.2.2.2.2.2.3.2.2.2.2.2.1.2.2",0.484599921118258,FALSE,TRUE,41
"2.2.2.2.2.3.2.3.2.2.2.2.2.3.2.2.2.2.2.2.2.1",0.48464474263772,FALSE,TRUE,41
"3.2.2.2.2.3.2.2.2.2.3.2.2.2.2.2.2.2.3.2.2.2",0.559709590585648,FALSE,TRUE,42
"2.3.2.2.2.3.2.2.2.2.3.2.2.2.2.2.2.2.3.2.2.2",0.508804725743821,FALSE,TRUE,42
"2.2.3.2.2.3.2.2.2.2.3.2.2.2.2.2.2.2.3.2.2.2",0.50952016083239,FALSE,TRUE,42
"2.2.2.3.2.3.2.2.2.2.3.2.2.2.2.2.2.2.3.2.2.2",0.512966467525661,FALSE,TRUE,42
"2.2.2.2.3.3.2.2.2.2.3.2.2.2.2.2.2.2.3.2.2.2",0.485416166580987,FALSE,TRUE,42
"2.2.2.2.2.4.2.2.2.2.3.2.2.2.2.2.2.2.3.2.2.2",0.447383124788293,FALSE,TRUE,42
"2.2.2.2.2.3.3.2.2.2.3.2.2.2.2.2.2.2.3.2.2.2",0.45644517706418,FALSE,TRUE,42
"2.2.2.2.2.3.2.3.2.2.3.2.2.2.2.2.2.2.3.2.2.2",0.555025206000362,FALSE,TRUE,40
"2.2.2.2.2.3.2.2.3.2.3.2.2.2.2.2.2.2.3.2.2.2",0.506373109743719,FALSE,TRUE,42
"2.2.2.2.2.3.2.2.2.3.3.2.2.2.2.2.2.2.3.2.2.2",0.544818791230733,FALSE,TRUE,42
"2.2.2.2.2.3.2.2.2.2.4.2.2.2.2.2.2.2.3.2.2.2",0.45972942487987,FALSE,TRUE,43
"2.2.2.2.2.3.2.2.2.2.3.3.2.2.2.2.2.2.3.2.2.2",0.491403966925816,FALSE,TRUE,40
"2.2.2.2.2.3.2.2.2.2.3.2.3.2.2.2.2.2.3.2.2.2",0.522396605884101,FALSE,TRUE,42
"2.2.2.2.2.3.2.2.2.2.3.2.2.3.2.2.2.2.3.2.2.2",0.456880315624773,FALSE,TRUE,42
"2.2.2.2.2.3.2.2.2.2.3.2.2.2.3.2.2.2.3.2.2.2",0.489890748067446,FALSE,TRUE,42
"2.2.2.2.2.3.2.2.2.2.3.2.2.2.2.3.2.2.3.2.2.2",0.438477737561632,FALSE,TRUE,42
"2.2.2.2.2.3.2.2.2.2.3.2.2.2.2.2.3.2.3.2.2.2",0.529379248301775,FALSE,TRUE,42
"2.2.2.2.2.3.2.2.2.2.3.2.2.2.2.2.2.3.3.2.2.2",0.47365936111461,FALSE,TRUE,42
"2.2.2.2.2.3.2.2.2.2.3.2.2.2.2.2.2.2.4.2.2.2",0.540303185456284,FALSE,TRUE,42
"2.2.2.2.2.3.2.2.2.2.3.2.2.2.2.2.2.2.3.3.2.2",0.490932523772501,FALSE,TRUE,42
"2.2.2.2.2.3.2.2.2.2.3.2.2.2.2.2.2.2.3.2.3.2",0.519367777239555,FALSE,TRUE,42
"2.2.2.2.2.3.2.2.2.2.3.2.2.2.2.2.2.2.3.2.2.3",0.483148833983403,FALSE,TRUE,42
"1.2.2.2.2.3.2.2.2.2.3.2.2.2.2.2.2.2.3.2.2.2",0.434458699175068,FALSE,TRUE,40
"2.1.2.2.2.3.2.2.2.2.3.2.2.2.2.2.2.2.3.2.2.2",0.489800103967134,FALSE,TRUE,41
"2.2.1.2.2.3.2.2.2.2.3.2.2.2.2.2.2.2.3.2.2.2",0.4944148951917,FALSE,TRUE,41
"2.2.2.1.2.3.2.2.2.2.3.2.2.2.2.2.2.2.3.2.2.2",0.4828655778967,FALSE,TRUE,41
"2.2.2.2.1.3.2.2.2.2.3.2.2.2.2.2.2.2.3.2.2.2",0.509171885733566,FALSE,TRUE,41
"2.2.2.2.2.2.2.2.2.2.3.2.2.2.2.2.2.2.3.2.2.2",0.553383369588788,FALSE,TRUE,41
"2.2.2.2.2.3.1.2.2.2.3.2.2.2.2.2.2.2.3.2.2.2",0.539490769541811,FALSE,TRUE,41
"2.2.2.2.2.3.2.1.2.2.3.2.2.2.2.2.2.2.3.2.2.2",0.442598158216615,FALSE,TRUE,41
"2.2.2.2.2.3.2.2.1.2.3.2.2.2.2.2.2.2.3.2.2.2",0.488455309785541,FALSE,TRUE,41
"2.2.2.2.2.3.2.2.2.1.3.2.2.2.2.2.2.2.3.2.2.2",0.454607575819439,FALSE,TRUE,41
"2.2.2.2.2.3.2.2.2.2.3.1.2.2.2.2.2.2.3.2.2.2",0.502544884831347,FALSE,TRUE,41
"2.2.2.2.2.3.2.2.2.2.3.2.1.2.2.2.2.2.3.2.2.2",0.471285307442012,FALSE,TRUE,41
"2.2.2.2.2.3.2.2.2.2.3.2.2.1.2.2.2.2.3.2.2.2",0.538987514931981,FALSE,TRUE,41
"2.2.2.2.2.3.2.2.2.2.3.2.2.2.1.2.2.2.3.2.2.2",0.507514931572505,FALSE,TRUE,41
"2.2.2.2.2.3.2.2.2.2.3.2.2.2.2.1.2.2.3.2.2.2",0.561205152389158,FALSE,TRUE,41
"2.2.2.2.2.3.2.2.2.2.3.2.2.2.2.2.1.2.3.2.2.2",0.467062221484973,FALSE,TRUE,41
"2.2.2.2.2.3.2.2.2.2.3.2.2.2.2.2.2.1.3.2.2.2",0.518454516680732,FALSE,TRUE,41
"2.2.2.2.2.3.2.2.2.2.3.2.2.2.2.2.2.2.3.1.2.2",0.509382786980624,FALSE,TRUE,41
"2.2.2.2.2.3.2.2.2.2.3.2.2.2.2.2.2.2.3.2.1.2",0.478460533699628,FALSE,TRUE,41
"2.2.2.2.2.3.2.2.2.2.3.2.2.2.2.2.2.2.3.2.2.1",0.51616785687965,FALSE,TRUE,41
"3.2.2.2.2.2.3.2.2.2.2.1.2.2.2.2.2.2.2.2.2.2",0.527639152803512,FALSE,TRUE,39
"2.3.2.2.2.2.3.2.2.2.2.1.2.2.2.2.2.2.2.2.2.2",0.461087606918699,FALSE,TRUE,39
"2.2.3.2.2.2.3.2.2.2.2.1.2.2.2.2.2.2.2.2.2.2",0.470419284377794,FALSE,TRUE,39
"2.2.2.3.2.2.3.2.2.2.2.1.2.2.2.2.2.2.2.2.2.2",0.488153909045778,FALSE,TRUE,38
"2.2.2.2.3.2.3.2.2.2.2.1.2.2.2.2.2.2.2.2.2.2",0.451331665903828,FALSE,TRUE,39
"2.2.2.2.2.3.3.2.2.2.2.1.2.2.2.2.2.2.2.2.2.2",0.421431909106836,FALSE,TRUE,38
"2.2.2.2.2.2.4.2.2.2.2.1.2.2.2.2.2.2.2.2.2.2",0.417665207100045,FALSE,TRUE,40
"2.2.2.2.2.2.3.3.2.2.2.1.2.2.2.2.2.2.2.2.2.2",0.496593637020712,FALSE,TRUE,39
"2.2.2.2.2.2.3.2.3.2.2.1.2.2.2.2.2.2.2.2.2.2",0.453125751825215,FALSE,TRUE,39
"2.2.2.2.2.2.3.2.2.3.2.1.2.2.2.2.2.2.2.2.2.2",0.518901431875515,FALSE,TRUE,39
"2.2.2.2.2.2.3.2.2.2.3.1.2.2.2.2.2.2.2.2.2.2",0.455993093946266,FALSE,TRUE,39
"2.2.2.2.2.2.3.2.2.2.2.1.3.2.2.2.2.2.2.2.2.2",0.49077265463083,FALSE,TRUE,39
"2.2.2.2.2.2.3.2.2.2.2.1.2.3.2.2.2.2.2.2.2.2",0.428504736416702,FALSE,TRUE,39
"2.2.2.2.2.2.3.2.2.2.2.1.2.2.3.2.2.2.2.2.2.2",0.450520847435117,FALSE,TRUE,39
"2.2.2.2.2.2.3.2.2.2.2.1.2.2.2.3.2.2.2.2.2.2",0.39696631332898,FALSE,TRUE,39
"2.2.2.2.2.2.3.2.2.2.2.1.2.2.2.2.3.2.2.2.2.2",0.467782696613066,FALSE,TRUE,38
"2.2.2.2.2.2.3.2.2.2.2.1.2.2.2.2.2.3.2.2.2.2",0.410864275779637,FALSE,TRUE,40
"2.2.2.2.2.2.3.2.2.2.2.1.2.2.2.2.2.2.3.2.2.2",0.521866893926352,FALSE,TRUE,39
"2.2.2.2.2.2.3.2.2.2.2.1.2.2.2.2.2.2.2.3.2.2",0.449879797249577,FALSE,TRUE,40
"2.2.2.2.2.2.3.2.2.2.2.1.2.2.2.2.2.2.2.2.3.2",0.484920765035243,FALSE,TRUE,38
"2.2.2.2.2.2.3.2.2.2.2.1.2.2.2.2.2.2.2.2.2.3",0.450055664560563,FALSE,TRUE,39
"1.2.2.2.2.2.3.2.2.2.2.1.2.2.2.2.2.2.2.2.2.2",0.393534848998169,FALSE,TRUE,38
"2.1.2.2.2.2.3.2.2.2.2.1.2.2.2.2.2.2.2.2.2.2",0.45715657701861,FALSE,TRUE,38
"2.2.1.2.2.2.3.2.2.2.2.1.2.2.2.2.2.2.2.2.2.2",0.455124358643877,FALSE,TRUE,38
"2.2.2.1.2.2.3.2.2.2.2.1.2.2.2.2.2.2.2.2.2.2",0.427690305494301,FALSE,TRUE,38
"2.2.2.2.1.2.3.2.2.2.2.1.2.2.2.2.2.2.2.2.2.2",0.463870363238576,FALSE,TRUE,37
"2.2.2.2.2.1.3.2.2.2.2.1.2.2.2.2.2.2.2.2.2.2",0.502096996499913,FALSE,TRUE,38
"2.2.2.2.2.2.3.1.2.2.2.1.2.2.2.2.2.2.2.2.2.2",0.422306079438983,FALSE,TRUE,38
"2.2.2.2.2.2.3.2.1.2.2.1.2.2.2.2.2.2.2.2.2.2",0.458581649374624,FALSE,TRUE,38
"2.2.2.2.2.2.3.2.2.1.2.1.2.2.2.2.2.2.2.2.2.2",0.404054814735265,FALSE,TRUE,38
"2.2.2.2.2.2.3.2.2.2.1.1.2.2.2.2.2.2.2.2.2.2",0.449690346047833,FALSE,TRUE,38
"2.2.2.2.2.2.3.2.2.2.2.1.1.2.2.2.2.2.2.2.2.2",0.426672109387279,FALSE,TRUE,38
"2.2.2.2.2.2.3.2.2.2.2.1.2.1.2.2.2.2.2.2.2.2",0.487593784745891,FALSE,TRUE,38
"2.2.2.2.2.2.3.2.2.2.2.1.2.2.1.2.2.2.2.2.2.2",0.469495426623883,FALSE,TRUE,37
"2.2.2.2.2.2.3.2.2.2.2.1.2.2.2.1.2.2.2.2.2.2",0.525803932573471,FALSE,TRUE,38
"2.2.2.2.2.2.3.2.2.2.2.1.2.2.2.2.1.2.2.2.2.2",0.451586287357246,FALSE,TRUE,38
"2.2.2.2.2.2.3.2.2.2.2.1.2.2.2.2.2.2.1.2.2.2",0.399114690330191,FALSE,TRUE,38
"2.2.2.2.2.2.3.2.2.2.2.1.2.2.2.2.2.2.2.2.1.2",0.435273669273873,FALSE,TRUE,38
"2.2.2.2.2.2.3.2.2.2.2.1.2.2.2.2.2.2.2.2.2.1",0.470504519633609,FALSE,TRUE,38
"3.2.2.2.2.2.3.2.2.2.2.1.2.2.2.2.2.1.2.2.2.2",0.560792867486653,FALSE,TRUE,38
"2.3.2.2.2.2.3.2.2.2.2.1.2.2.2.2.2.1.2.2.2.2",0.496938659084139,FALSE,TRUE,38
"2.2.2.3.2.2.3.2.2.2.2.1.2.2.2.2.2.1.2.2.2.2",0.520392888883022,FALSE,TRUE,38
"2.2.2.2.3.2.3.2.2.2.2.1.2.2.2.2.2.1.2.2.2.2",0.490180789427483,FALSE,TRUE,38
"2.2.2.2.2.3.3.2.2.2.2.1.2.2.2.2.2.1.2.2.2.2",0.455414587076845,FALSE,TRUE,38
"2.2.2.2.2.2.4.2.2.2.2.1.2.2.2.2.2.1.2.2.2.2",0.456235069837202,FALSE,TRUE,38
"2.2.2.2.2.2.3.3.2.2.2.1.2.2.2.2.2.1.2.2.2.2",0.533442101988484,FALSE,TRUE,38
"2.2.2.2.2.2.3.2.3.2.2.1.2.2.2.2.2.1.2.2.2.2",0.502502634618459,FALSE,TRUE,38
"2.2.2.2.2.2.3.2.2.3.2.1.2.2.2.2.2.1.2.2.2.2",0.546537886946316,FALSE,TRUE,38
"2.2.2.2.2.2.3.2.2.2.3.1.2.2.2.2.2.1.2.2.2.2",0.483953610917752,FALSE,TRUE,38
"2.2.2.2.2.2.3.2.2.2.2.2.2.2.2.2.2.1.2.2.2.2",0.507861712648078,FALSE,TRUE,38
"2.2.2.2.2.2.3.2.2.2.2.1.2.3.2.2.2.1.2.2.2.2",0.464398917550452,FALSE,TRUE,38
"2.2.2.2.2.2.3.2.2.2.2.1.2.2.3.2.2.1.2.2.2.2",0.492069189770715,FALSE,TRUE,38
"2.2.2.2.2.2.3.2.2.2.2.1.2.2.2.3.2.1.2.2.2.2",0.433044933428413,FALSE,TRUE,38
"2.2.2.2.2.2.3.2.2.2.2.1.2.2.2.2.3.1.2.2.2.2",0.509126345348747,FALSE,TRUE,38
"2.2.2.2.2.2.3.2.2.2.2.1.2.2.2.2.2.1.3.2.2.2",0.545284636425832,FALSE,TRUE,38
"2.2.2.2.2.2.3.2.2.2.2.1.2.2.2.2.2.1.2.3.2.2",0.480779426453528,FALSE,TRUE,38
"2.2.2.2.2.2.3.2.2.2.2.1.2.2.2.2.2.1.2.2.3.2",0.520434292376245,FALSE,TRUE,38
"2.2.2.2.2.2.3.2.2.2.2.1.2.2.2.2.2.1.2.2.2.3",0.486176311707183,FALSE,TRUE,38
"1.2.2.2.2.2.3.2.2.2.2.1.2.2.2.2.2.1.2.2.2.2",0.426658961372404,FALSE,TRUE,37
"2.1.2.2.2.2.3.2.2.2.2.1.2.2.2.2.2.1.2.2.2.2",0.490684424636746,FALSE,TRUE,37
"2.2.1.2.2.2.3.2.2.2.2.1.2.2.2.2.2.1.2.2.2.2",0.485663137678177,FALSE,TRUE,38
"2.2.2.1.2.2.3.2.2.2.2.1.2.2.2.2.2.1.2.2.2.2",0.464321430870914,FALSE,TRUE,37
"2.2.2.2.1.2.3.2.2.2.2.1.2.2.2.2.2.1.2.2.2.2",0.49387524108191,FALSE,TRUE,37
"2.2.2.2.2.1.3.2.2.2.2.1.2.2.2.2.2.1.2.2.2.2",0.534889316087528,FALSE,TRUE,37
"2.2.2.2.2.2.3.1.2.2.2.1.2.2.2.2.2.1.2.2.2.2",0.454157922746346,FALSE,TRUE,37
"2.2.2.2.2.2.3.2.1.2.2.1.2.2.2.2.2.1.2.2.2.2",0.478354802751191,FALSE,TRUE,37
"2.2.2.2.2.2.3.2.2.1.2.1.2.2.2.2.2.1.2.2.2.2",0.442870294364178,FALSE,TRUE,37
"2.2.2.2.2.2.3.2.2.2.1.1.2.2.2.2.2.1.2.2.2.2",0.488903956815307,FALSE,TRUE,37
"2.2.2.2.2.2.3.2.2.2.2.1.1.2.2.2.2.1.2.2.2.2",0.460015228813665,FALSE,TRUE,38
"2.2.2.2.2.2.3.2.2.2.2.1.2.1.2.2.2.1.2.2.2.2",0.519253321096554,FALSE,TRUE,37
"2.2.2.2.2.2.3.2.2.2.2.1.2.2.1.2.2.1.2.2.2.2",0.494430232636443,FALSE,TRUE,36
"2.2.2.2.2.2.3.2.2.2.2.1.2.2.2.1.2.1.2.2.2.2",0.556250539602702,FALSE,TRUE,37
"2.2.2.2.2.2.3.2.2.2.2.1.2.2.2.2.1.1.2.2.2.2",0.477268270050032,FALSE,TRUE,37
"2.2.2.2.2.2.3.2.2.2.2.1.2.2.2.2.2.1.1.2.2.2",0.441404062052615,FALSE,TRUE,37
"2.2.2.2.2.2.3.2.2.2.2.1.2.2.2.2.2.1.2.1.2.2",0.509909640635959,FALSE,TRUE,37
"2.2.2.2.2.2.3.2.2.2.2.1.2.2.2.2.2.1.2.2.1.2",0.468397350420088,FALSE,TRUE,37
"2.2.2.2.2.2.3.2.2.2.2.1.2.2.2.2.2.1.2.2.2.1",0.502054910615986,FALSE,TRUE,37
"3.2.2.2.2.1.1.2.2.2.2.2.2.2.2.2.3.2.2.2.2.2",0.607199343757733,FALSE,TRUE,38
"2.3.2.2.2.1.1.2.2.2.2.2.2.2.2.2.3.2.2.2.2.2",0.559166473734767,FALSE,TRUE,38
"2.2.3.2.2.1.1.2.2.2.2.2.2.2.2.2.3.2.2.2.2.2",0.548040693465355,FALSE,TRUE,39
"2.2.2.3.2.1.1.2.2.2.2.2.2.2.2.2.3.2.2.2.2.2",0.583282554507806,FALSE,TRUE,38
"2.2.2.2.3.1.1.2.2.2.2.2.2.2.2.2.3.2.2.2.2.2",0.558685363361489,FALSE,TRUE,38
"2.2.2.2.2.1.1.3.2.2.2.2.2.2.2.2.3.2.2.2.2.2",0.565465863574478,FALSE,TRUE,38
"2.2.2.2.2.1.1.2.3.2.2.2.2.2.2.2.3.2.2.2.2.2",0.54606144977919,FALSE,TRUE,38
"2.2.2.2.2.1.1.2.2.3.2.2.2.2.2.2.3.2.2.2.2.2",0.61822025719231,FALSE,TRUE,39
"2.2.2.2.2.1.1.2.2.2.3.2.2.2.2.2.3.2.2.2.2.2",0.565585485771012,FALSE,TRUE,38
"2.2.2.2.2.1.1.2.2.2.2.3.2.2.2.2.3.2.2.2.2.2",0.544811871229221,FALSE,TRUE,38
"2.2.2.2.2.1.1.2.2.2.2.2.3.2.2.2.3.2.2.2.2.2",0.598546741933459,FALSE,TRUE,38
"2.2.2.2.2.1.1.2.2.2.2.2.2.3.2.2.3.2.2.2.2.2",0.542989506006513,FALSE,TRUE,38
"2.2.2.2.2.1.1.2.2.2.2.2.2.2.3.2.3.2.2.2.2.2",0.530520494210361,FALSE,TRUE,38
"2.2.2.2.2.1.1.2.2.2.2.2.2.2.2.3.3.2.2.2.2.2",0.493811809434829,FALSE,TRUE,38
"2.2.2.2.2.1.1.2.2.2.2.2.2.2.2.2.4.2.2.2.2.2",0.537682652431328,FALSE,TRUE,38
"2.2.2.2.2.1.1.2.2.2.2.2.2.2.2.2.3.3.2.2.2.2",0.5050075610246,FALSE,TRUE,38
"2.2.2.2.2.1.1.2.2.2.2.2.2.2.2.2.3.2.3.2.2.2",0.605860512823823,FALSE,TRUE,38
"2.2.2.2.2.1.1.2.2.2.2.2.2.2.2.2.3.2.2.3.2.2",0.540940859004156,FALSE,TRUE,38
"2.2.2.2.2.1.1.2.2.2.2.2.2.2.2.2.3.2.2.2.3.2",0.57815375506452,FALSE,TRUE,38
"2.2.2.2.2.1.1.2.2.2.2.2.2.2.2.2.3.2.2.2.2.3",0.541052167139342,FALSE,TRUE,38
"1.2.2.2.2.1.1.2.2.2.2.2.2.2.2.2.3.2.2.2.2.2",0.477883511301228,FALSE,TRUE,36
"2.1.2.2.2.1.1.2.2.2.2.2.2.2.2.2.3.2.2.2.2.2",0.53085840844762,FALSE,TRUE,37
"2.2.2.1.2.1.1.2.2.2.2.2.2.2.2.2.3.2.2.2.2.2",0.502142492875886,FALSE,TRUE,37
"2.2.2.2.1.1.1.2.2.2.2.2.2.2.2.2.3.2.2.2.2.2",0.529806341756676,FALSE,TRUE,37
"2.2.2.2.2.1.1.2.1.2.2.2.2.2.2.2.3.2.2.2.2.2",0.538238234960232,FALSE,TRUE,36
"2.2.2.2.2.1.1.2.2.2.1.2.2.2.2.2.3.2.2.2.2.2",0.511414808901548,FALSE,TRUE,37
"2.2.2.2.2.1.1.2.2.2.2.1.2.2.2.2.3.2.2.2.2.2",0.541812710725007,FALSE,TRUE,37
"2.2.2.2.2.1.1.2.2.2.2.2.1.2.2.2.3.2.2.2.2.2",0.491059059635581,FALSE,TRUE,37
"2.2.2.2.2.1.1.2.2.2.2.2.2.1.2.2.3.2.2.2.2.2",0.540993016447134,FALSE,TRUE,37
"2.2.2.2.2.1.1.2.2.2.2.2.2.2.1.2.3.2.2.2.2.2",0.559549231916867,FALSE,TRUE,37
"2.2.2.2.2.1.1.2.2.2.2.2.2.2.2.1.3.2.2.2.2.2",0.597388369122063,FALSE,TRUE,37
"2.2.2.2.2.1.1.2.2.2.2.2.2.2.2.2.2.2.2.2.2.2",0.550017736139333,FALSE,TRUE,37
"2.2.2.2.2.1.1.2.2.2.2.2.2.2.2.2.3.1.2.2.2.2",0.58003069389063,FALSE,TRUE,37
"2.2.2.2.2.1.1.2.2.2.2.2.2.2.2.2.3.2.1.2.2.2",0.484055877479066,FALSE,TRUE,37
"2.2.2.2.2.1.1.2.2.2.2.2.2.2.2.2.3.2.2.1.2.2",0.551402096349962,FALSE,TRUE,36
"2.2.2.2.2.1.1.2.2.2.2.2.2.2.2.2.3.2.2.2.1.2",0.513796617807838,FALSE,TRUE,37
"2.2.2.2.2.1.1.2.2.2.2.2.2.2.2.2.3.2.2.2.2.1",0.550591073852576,FALSE,TRUE,37
"3.2.2.3.2.2.2.2.2.2.2.2.2.2.2.2.2.2.2.2.2.2",0.571021275762741,FALSE,TRUE,40
"2.3.2.3.2.2.2.2.2.2.2.2.2.2.2.2.2.2.2.2.2.2",0.516534822083639,FALSE,TRUE,39
"2.2.3.3.2.2.2.2.2.2.2.2.2.2.2.2.2.2.2.2.2.2",0.526001631582175,FALSE,TRUE,39
"2.2.2.4.2.2.2.2.2.2.2.2.2.2.2.2.2.2.2.2.2.2",0.521209046105961,FALSE,TRUE,41
"2.2.2.3.3.2.2.2.2.2.2.2.2.2.2.2.2.2.2.2.2.2",0.50670678004842,FALSE,TRUE,40
"2.2.2.3.2.2.3.2.2.2.2.2.2.2.2.2.2.2.2.2.2.2",0.491933462348363,FALSE,TRUE,39
"2.2.2.3.2.2.2.2.3.2.2.2.2.2.2.2.2.2.2.2.2.2",0.520926166374587,FALSE,TRUE,40
"2.2.2.3.2.2.2.2.2.3.2.2.2.2.2.2.2.2.2.2.2.2",0.5757013339377,FALSE,TRUE,40
"2.2.2.3.2.2.2.2.2.2.3.2.2.2.2.2.2.2.2.2.2.2",0.515099818251648,FALSE,TRUE,41
"2.2.2.3.2.2.2.2.2.2.2.3.2.2.2.2.2.2.2.2.2.2",0.509513883916041,FALSE,TRUE,40
"2.2.2.3.2.2.2.2.2.2.2.2.3.2.2.2.2.2.2.2.2.2",0.560493070198313,FALSE,TRUE,40
"2.2.2.3.2.2.2.2.2.2.2.2.2.3.2.2.2.2.2.2.2.2",0.490869747893349,FALSE,TRUE,40
"2.2.2.3.2.2.2.2.2.2.2.2.2.2.3.2.2.2.2.2.2.2",0.511827970971091,FALSE,TRUE,40
"2.2.2.3.2.2.2.2.2.2.2.2.2.2.2.3.2.2.2.2.2.2",0.467656758063961,FALSE,TRUE,40
"2.2.2.3.2.2.2.2.2.2.2.2.2.2.2.2.2.3.2.2.2.2",0.481919777256579,FALSE,TRUE,39
"2.2.2.3.2.2.2.2.2.2.2.2.2.2.2.2.2.2.3.2.2.2",0.577580397907413,FALSE,TRUE,39
"2.2.2.3.2.2.2.2.2.2.2.2.2.2.2.2.2.2.2.3.2.2",0.512423292510488,FALSE,TRUE,40
"2.2.2.3.2.2.2.2.2.2.2.2.2.2.2.2.2.2.2.2.3.2",0.554256942242721,FALSE,TRUE,39
"2.2.2.3.2.2.2.2.2.2.2.2.2.2.2.2.2.2.2.2.2.3",0.502760491595385,FALSE,TRUE,39
"1.2.2.3.2.2.2.2.2.2.2.2.2.2.2.2.2.2.2.2.2.2",0.461256216675611,FALSE,TRUE,37
"2.1.2.3.2.2.2.2.2.2.2.2.2.2.2.2.2.2.2.2.2.2",0.519358034877814,FALSE,TRUE,39
"2.2.1.3.2.2.2.2.2.2.2.2.2.2.2.2.2.2.2.2.2.2",0.517781996195806,FALSE,TRUE,39
"2.2.2.3.2.1.2.2.2.2.2.2.2.2.2.2.2.2.2.2.2.2",0.5584959342897,FALSE,TRUE,39
"2.2.2.3.2.2.1.2.2.2.2.2.2.2.2.2.2.2.2.2.2.2",0.543279264440406,FALSE,TRUE,38
"2.2.2.3.2.2.2.1.2.2.2.2.2.2.2.2.2.2.2.2.2.2",0.473801390511922,FALSE,TRUE,40
"2.2.2.3.2.2.2.2.1.2.2.2.2.2.2.2.2.2.2.2.2.2",0.511254521876369,FALSE,TRUE,39
"2.2.2.3.2.2.2.2.2.1.2.2.2.2.2.2.2.2.2.2.2.2",0.466041155158752,FALSE,TRUE,39
"2.2.2.3.2.2.2.2.2.2.2.2.1.2.2.2.2.2.2.2.2.2",0.476146474140668,FALSE,TRUE,39
"2.2.2.3.2.2.2.2.2.2.2.2.2.1.2.2.2.2.2.2.2.2",0.544158450381898,FALSE,TRUE,39
"2.2.2.3.2.2.2.2.2.2.2.2.2.2.1.2.2.2.2.2.2.2",0.526276905413902,FALSE,TRUE,38
"2.2.2.3.2.2.2.2.2.2.2.2.2.2.2.1.2.2.2.2.2.2",0.571403633395013,FALSE,TRUE,39
"2.2.2.3.2.2.2.2.2.2.2.2.2.2.2.2.1.2.2.2.2.2",0.491476657787932,FALSE,TRUE,39
"2.2.2.3.2.2.2.2.2.2.2.2.2.2.2.2.2.1.2.2.2.2",0.550431950080225,FALSE,TRUE,39
"2.2.2.3.2.2.2.2.2.2.2.2.2.2.2.2.2.2.1.2.2.2",0.462843280008818,FALSE,TRUE,39
"2.2.2.3.2.2.2.2.2.2.2.2.2.2.2.2.2.2.2.1.2.2",0.528762131789668,FALSE,TRUE,37
"2.2.2.3.2.2.2.2.2.2.2.2.2.2.2.2.2.2.2.2.1.2",0.4851639862793,FALSE,TRUE,39
"2.2.2.3.2.2.2.2.2.2.2.2.2.2.2.2.2.2.2.2.2.1",0.537035880736655,FALSE,TRUE,39
"3.2.2.2.2.2.1.2.2.2.2.2.2.2.3.2.3.2.2.2.2.2",0.580278365046556,FALSE,TRUE,41
"2.3.2.2.2.2.1.2.2.2.2.2.2.2.3.2.3.2.2.2.2.2",0.529916399881639,FALSE,TRUE,41
"2.2.3.2.2.2.1.2.2.2.2.2.2.2.3.2.3.2.2.2.2.2",0.516608375058932,FALSE,TRUE,41
"2.2.2.3.2.2.1.2.2.2.2.2.2.2.3.2.3.2.2.2.2.2",0.548026973520287,FALSE,TRUE,41
"2.2.2.2.3.2.1.2.2.2.2.2.2.2.3.2.3.2.2.2.2.2",0.517760099084486,FALSE,TRUE,41
"2.2.2.2.2.3.1.2.2.2.2.2.2.2.3.2.3.2.2.2.2.2",0.497075710713095,FALSE,TRUE,41
"2.2.2.2.2.2.1.3.2.2.2.2.2.2.3.2.3.2.2.2.2.2",0.541796224674388,FALSE,TRUE,41
"2.2.2.2.2.2.1.2.3.2.2.2.2.2.3.2.3.2.2.2.2.2",0.507238444636955,FALSE,TRUE,41
"2.2.2.2.2.2.1.2.2.3.2.2.2.2.3.2.3.2.2.2.2.2",0.587398240388164,FALSE,TRUE,41
"2.2.2.2.2.2.1.2.2.2.3.2.2.2.3.2.3.2.2.2.2.2",0.522961408053573,FALSE,TRUE,41
"2.2.2.2.2.2.1.2.2.2.2.3.2.2.3.2.3.2.2.2.2.2",0.513783991936771,FALSE,TRUE,41
"2.2.2.2.2.2.1.2.2.2.2.2.3.2.3.2.3.2.2.2.2.2",0.564051586837009,FALSE,TRUE,41
"2.2.2.2.2.2.1.2.2.2.2.2.2.3.3.2.3.2.2.2.2.2",0.502691621391844,FALSE,TRUE,41
"2.2.2.2.2.2.1.2.2.2.2.2.2.2.4.2.3.2.2.2.2.2",0.487699071683672,FALSE,TRUE,42
"2.2.2.2.2.2.1.2.2.2.2.2.2.2.3.3.3.2.2.2.2.2",0.457171374424375,FALSE,TRUE,41
"2.2.2.2.2.2.1.2.2.2.2.2.2.2.3.2.4.2.2.2.2.2",0.50765209786071,FALSE,TRUE,41
"2.2.2.2.2.2.1.2.2.2.2.2.2.2.3.2.3.3.2.2.2.2",0.467443591471243,FALSE,TRUE,41
"2.2.2.2.2.2.1.2.2.2.2.2.2.2.3.2.3.2.3.2.2.2",0.577786308943493,FALSE,TRUE,41
"2.2.2.2.2.2.1.2.2.2.2.2.2.2.3.2.3.2.2.3.2.2",0.511827552071043,FALSE,TRUE,41
"2.2.2.2.2.2.1.2.2.2.2.2.2.2.3.2.3.2.2.2.3.2",0.542730255127483,FALSE,TRUE,41
"2.2.2.2.2.2.1.2.2.2.2.2.2.2.3.2.3.2.2.2.2.3",0.505470007011004,FALSE,TRUE,41
"1.2.2.2.2.2.1.2.2.2.2.2.2.2.3.2.3.2.2.2.2.2",0.443034773053147,FALSE,TRUE,39
"2.1.2.2.2.2.1.2.2.2.2.2.2.2.3.2.3.2.2.2.2.2",0.495734273165111,FALSE,TRUE,40
"2.2.1.2.2.2.1.2.2.2.2.2.2.2.3.2.3.2.2.2.2.2",0.516163860095975,FALSE,TRUE,39
"2.2.2.1.2.2.1.2.2.2.2.2.2.2.3.2.3.2.2.2.2.2",0.473781229365604,FALSE,TRUE,40
"2.2.2.2.1.2.1.2.2.2.2.2.2.2.3.2.3.2.2.2.2.2",0.506086938846241,FALSE,TRUE,40
"2.2.2.2.2.2.1.2.1.2.2.2.2.2.3.2.3.2.2.2.2.2",0.513883816652803,FALSE,TRUE,39
"2.2.2.2.2.2.1.2.2.1.2.2.2.2.3.2.3.2.2.2.2.2",0.442602592054309,FALSE,TRUE,39
"2.2.2.2.2.2.1.2.2.2.1.2.2.2.3.2.3.2.2.2.2.2",0.490781281601434,FALSE,TRUE,40
"2.2.2.2.2.2.1.2.2.2.2.1.2.2.3.2.3.2.2.2.2.2",0.510523417493184,FALSE,TRUE,40
"2.2.2.2.2.2.1.2.2.2.2.2.1.2.3.2.3.2.2.2.2.2",0.461998949493414,FALSE,TRUE,40
"2.2.2.2.2.2.1.2.2.2.2.2.2.1.3.2.3.2.2.2.2.2",0.518404107491514,FALSE,TRUE,40
"2.2.2.2.2.2.1.2.2.2.2.2.2.2.3.1.3.2.2.2.2.2",0.572464328079853,FALSE,TRUE,40
"2.2.2.2.2.2.1.2.2.2.2.2.2.2.3.2.2.2.2.2.2.2",0.517891141814907,FALSE,TRUE,40
"2.2.2.2.2.2.1.2.2.2.2.2.2.2.3.2.3.1.2.2.2.2",0.556184027735924,FALSE,TRUE,40
"2.2.2.2.2.2.1.2.2.2.2.2.2.2.3.2.3.2.1.2.2.2",0.449429230732733,FALSE,TRUE,40
"2.2.2.2.2.2.1.2.2.2.2.2.2.2.3.2.3.2.2.1.2.2",0.517608729783189,FALSE,TRUE,39
"2.2.2.2.2.2.1.2.2.2.2.2.2.2.3.2.3.2.2.2.1.2",0.485075006105479,FALSE,TRUE,40
"2.2.2.2.2.2.1.2.2.2.2.2.2.2.3.2.3.2.2.2.2.1",0.522325663053209,FALSE,TRUE,40
"3.2.1.2.2.1.1.2.2.2.2.2.2.2.2.2.3.2.2.2.2.2",0.60824680668467,FALSE,TRUE,39
"2.3.1.2.2.1.1.2.2.2.2.2.2.2.2.2.3.2.2.2.2.2",0.553440130941356,FALSE,TRUE,39
"2.2.1.3.2.1.1.2.2.2.2.2.2.2.2.2.3.2.2.2.2.2",0.578146627177362,FALSE,TRUE,39
"2.2.1.2.3.1.1.2.2.2.2.2.2.2.2.2.3.2.2.2.2.2",0.553174074274008,FALSE,TRUE,39
"2.2.1.2.2.1.2.2.2.2.2.2.2.2.2.2.3.2.2.2.2.2",0.529954918654254,FALSE,TRUE,39
"2.2.1.2.2.1.1.3.2.2.2.2.2.2.2.2.3.2.2.2.2.2",0.563029196610421,FALSE,TRUE,39
"2.2.1.2.2.1.1.2.3.2.2.2.2.2.2.2.3.2.2.2.2.2",0.546434518809335,FALSE,TRUE,39
"2.2.1.2.2.1.1.2.2.3.2.2.2.2.2.2.3.2.2.2.2.2",0.612176202855454,FALSE,TRUE,39
"2.2.1.2.2.1.1.2.2.2.3.2.2.2.2.2.3.2.2.2.2.2",0.560415438928423,FALSE,TRUE,39
"2.2.1.2.2.1.1.2.2.2.2.3.2.2.2.2.3.2.2.2.2.2",0.543278872403057,FALSE,TRUE,39
"2.2.1.2.2.1.1.2.2.2.2.2.3.2.2.2.3.2.2.2.2.2",0.594253204768829,FALSE,TRUE,39
"2.2.1.2.2.1.1.2.2.2.2.2.2.3.2.2.3.2.2.2.2.2",0.538650963982241,FALSE,TRUE,39
"2.2.1.2.2.1.1.2.2.2.2.2.2.2.3.2.3.2.2.2.2.2",0.52650459051647,FALSE,TRUE,38
"2.2.1.2.2.1.1.2.2.2.2.2.2.2.2.3.3.2.2.2.2.2",0.487040060286039,FALSE,TRUE,39
"2.2.1.2.2.1.1.2.2.2.2.2.2.2.2.2.4.2.2.2.2.2",0.532913827722233,FALSE,TRUE,39
"2.2.1.2.2.1.1.2.2.2.2.2.2.2.2.2.3.3.2.2.2.2",0.503915176983892,FALSE,TRUE,38
"2.2.1.2.2.1.1.2.2.2.2.2.2.2.2.2.3.2.3.2.2.2",0.598200672913499,FALSE,TRUE,39
"2.2.1.2.2.1.1.2.2.2.2.2.2.2.2.2.3.2.2.3.2.2",0.535999269206994,FALSE,TRUE,39
"2.2.1.2.2.1.1.2.2.2.2.2.2.2.2.2.3.2.2.2.3.2",0.573852102795603,FALSE,TRUE,39
"2.2.1.2.2.1.1.2.2.2.2.2.2.2.2.2.3.2.2.2.2.3",0.538382275917886,FALSE,TRUE,39
"1.2.1.2.2.1.1.2.2.2.2.2.2.2.2.2.3.2.2.2.2.2",0.466745229359081,FALSE,TRUE,38
"2.1.1.2.2.1.1.2.2.2.2.2.2.2.2.2.3.2.2.2.2.2",0.52630482668249,FALSE,TRUE,38
"2.2.1.1.2.1.1.2.2.2.2.2.2.2.2.2.3.2.2.2.2.2",0.496949327034697,FALSE,TRUE,38
"2.2.1.2.1.1.1.2.2.2.2.2.2.2.2.2.3.2.2.2.2.2",0.52421602475226,FALSE,TRUE,38
"2.2.1.2.2.1.1.1.2.2.2.2.2.2.2.2.3.2.2.2.2.2",0.515346947099594,FALSE,TRUE,37
"2.2.1.2.2.1.1.2.1.2.2.2.2.2.2.2.3.2.2.2.2.2",0.527332078970881,FALSE,TRUE,38
"2.2.1.2.2.1.1.2.2.1.2.2.2.2.2.2.3.2.2.2.2.2",0.470258069432898,FALSE,TRUE,38
"2.2.1.2.2.1.1.2.2.2.1.2.2.2.2.2.3.2.2.2.2.2",0.507154898679326,FALSE,TRUE,38
"2.2.1.2.2.1.1.2.2.2.2.1.2.2.2.2.3.2.2.2.2.2",0.534308638578868,FALSE,TRUE,38
"2.2.1.2.2.1.1.2.2.2.2.2.1.2.2.2.3.2.2.2.2.2",0.485039856468301,FALSE,TRUE,38
"2.2.1.2.2.1.1.2.2.2.2.2.2.1.2.2.3.2.2.2.2.2",0.535520871619593,FALSE,TRUE,38
"2.2.1.2.2.1.1.2.2.2.2.2.2.2.1.2.3.2.2.2.2.2",0.552788835995501,FALSE,TRUE,38
"2.2.1.2.2.1.1.2.2.2.2.2.2.2.2.1.3.2.2.2.2.2",0.59390479852559,FALSE,TRUE,38
"2.2.1.2.2.1.1.2.2.2.2.2.2.2.2.2.2.2.2.2.2.2",0.544080243632233,FALSE,TRUE,39
"2.2.1.2.2.1.1.2.2.2.2.2.2.2.2.2.3.1.2.2.2.2",0.570415575760396,FALSE,TRUE,38
"2.2.1.2.2.1.1.2.2.2.2.2.2.2.2.2.3.2.1.2.2.2",0.481279877146099,FALSE,TRUE,38
"2.2.1.2.2.1.1.2.2.2.2.2.2.2.2.2.3.2.2.1.2.2",0.54535362423021,FALSE,TRUE,37
"2.2.1.2.2.1.1.2.2.2.2.2.2.2.2.2.3.2.2.2.1.2",0.508881568162592,FALSE,TRUE,38
"2.2.1.2.2.1.1.2.2.2.2.2.2.2.2.2.3.2.2.2.2.1",0.54284236997553,FALSE,TRUE,38
"3.2.2.3.2.2.2.3.2.2.2.2.2.2.2.2.2.2.2.2.2.2",0.603884109982662,FALSE,TRUE,40
"2.2.3.3.2.2.2.3.2.2.2.2.2.2.2.2.2.2.2.2.2.2",0.560769746893744,FALSE,TRUE,40
"2.2.2.4.2.2.2.3.2.2.2.2.2.2.2.2.2.2.2.2.2.2",0.567337702797642,FALSE,TRUE,40
"2.2.2.3.3.2.2.3.2.2.2.2.2.2.2.2.2.2.2.2.2.2",0.547654243227848,FALSE,TRUE,40
"2.2.2.3.2.2.3.3.2.2.2.2.2.2.2.2.2.2.2.2.2.2",0.526743112069667,FALSE,TRUE,40
"2.2.2.3.2.2.2.4.2.2.2.2.2.2.2.2.2.2.2.2.2.2",0.5832666997319,FALSE,TRUE,41
"2.2.2.3.2.2.2.3.3.2.2.2.2.2.2.2.2.2.2.2.2.2",0.554212724668933,FALSE,TRUE,40
"2.2.2.3.2.2.2.3.2.3.2.2.2.2.2.2.2.2.2.2.2.2",0.615902234389709,FALSE,TRUE,40
"2.2.2.3.2.2.2.3.2.2.3.2.2.2.2.2.2.2.2.2.2.2",0.563636604888184,FALSE,TRUE,40
"2.2.2.3.2.2.2.3.2.2.2.3.2.2.2.2.2.2.2.2.2.2",0.540510133222362,FALSE,TRUE,38
"2.2.2.3.2.2.2.3.2.2.2.2.3.2.2.2.2.2.2.2.2.2",0.598102722871046,FALSE,TRUE,40
"2.2.2.3.2.2.2.3.2.2.2.2.2.3.2.2.2.2.2.2.2.2",0.536527687577386,FALSE,TRUE,38
"2.2.2.3.2.2.2.3.2.2.2.2.2.2.3.2.2.2.2.2.2.2",0.547976314829527,FALSE,TRUE,40
"2.2.2.3.2.2.2.3.2.2.2.2.2.2.2.3.2.2.2.2.2.2",0.503645935780498,FALSE,TRUE,41
"2.2.2.3.2.2.2.3.2.2.2.2.2.2.2.2.3.2.2.2.2.2",0.5746277647337,FALSE,TRUE,39
"2.2.2.3.2.2.2.3.2.2.2.2.2.2.2.2.2.3.2.2.2.2",0.516238545955765,FALSE,TRUE,40
"2.2.2.3.2.2.2.3.2.2.2.2.2.2.2.2.2.2.3.2.2.2",0.617418013697152,FALSE,TRUE,40
"2.2.2.3.2.2.2.3.2.2.2.2.2.2.2.2.2.2.2.3.2.2",0.547228748196085,FALSE,TRUE,38
"2.2.2.3.2.2.2.3.2.2.2.2.2.2.2.2.2.2.2.2.3.2",0.592773265746918,FALSE,TRUE,40
"2.2.2.3.2.2.2.3.2.2.2.2.2.2.2.2.2.2.2.2.2.3",0.544065402522235,FALSE,TRUE,40
"1.2.2.3.2.2.2.3.2.2.2.2.2.2.2.2.2.2.2.2.2.2",0.500042349370821,FALSE,TRUE,39
"2.1.2.3.2.2.2.3.2.2.2.2.2.2.2.2.2.2.2.2.2.2",0.557545222209395,FALSE,TRUE,40
"2.2.1.3.2.2.2.3.2.2.2.2.2.2.2.2.2.2.2.2.2.2",0.557225748152957,FALSE,TRUE,39
"2.2.2.3.1.2.2.3.2.2.2.2.2.2.2.2.2.2.2.2.2.2",0.55910332914978,FALSE,TRUE,38
"2.2.2.3.2.1.2.3.2.2.2.2.2.2.2.2.2.2.2.2.2.2",0.586089580933037,FALSE,TRUE,39
"2.2.2.3.2.2.1.3.2.2.2.2.2.2.2.2.2.2.2.2.2.2",0.581536869681206,FALSE,TRUE,39
"2.2.2.3.2.2.2.3.1.2.2.2.2.2.2.2.2.2.2.2.2.2",0.551652241325746,FALSE,TRUE,39
"2.2.2.3.2.2.2.3.2.1.2.2.2.2.2.2.2.2.2.2.2.2",0.498789063183636,FALSE,TRUE,39
"2.2.2.3.2.2.2.3.2.2.1.2.2.2.2.2.2.2.2.2.2.2",0.533962788716944,FALSE,TRUE,38
"2.2.2.3.2.2.2.3.2.2.2.1.2.2.2.2.2.2.2.2.2.2",0.56610299744764,FALSE,TRUE,38
"2.2.2.3.2.2.2.3.2.2.2.2.1.2.2.2.2.2.2.2.2.2",0.512112083062245,FALSE,TRUE,39
"2.2.2.3.2.2.2.3.2.2.2.2.2.1.2.2.2.2.2.2.2.2",0.572866439908292,FALSE,TRUE,39
"2.2.2.3.2.2.2.3.2.2.2.2.2.2.1.2.2.2.2.2.2.2",0.56327812609079,FALSE,TRUE,39
"2.2.2.3.2.2.2.3.2.2.2.2.2.2.2.2.1.2.2.2.2.2",0.534046563763384,FALSE,TRUE,39
"2.2.2.3.2.2.2.3.2.2.2.2.2.2.2.2.2.1.2.2.2.2",0.589822245629654,FALSE,TRUE,39
"2.2.2.3.2.2.2.3.2.2.2.2.2.2.2.2.2.2.1.2.2.2",0.496565643698503,FALSE,TRUE,39
"2.2.2.3.2.2.2.3.2.2.2.2.2.2.2.2.2.2.2.1.2.2",0.567305194057683,FALSE,TRUE,38
"2.2.2.3.2.2.2.3.2.2.2.2.2.2.2.2.2.2.2.2.1.2",0.521272744625028,FALSE,TRUE,37
"2.2.2.3.2.2.2.3.2.2.2.2.2.2.2.2.2.2.2.2.2.1",0.569595072234049,FALSE,TRUE,39
"3.2.2.2.2.2.1.2.2.2.2.2.2.2.2.2.3.2.2.1.2.2",0.604176725168599,FALSE,TRUE,39
"2.3.2.2.2.2.1.2.2.2.2.2.2.2.2.2.3.2.2.1.2.2",0.543900203437648,FALSE,TRUE,39
"2.2.3.2.2.2.1.2.2.2.2.2.2.2.2.2.3.2.2.1.2.2",0.53731655424494,FALSE,TRUE,39
"2.2.2.3.2.2.1.2.2.2.2.2.2.2.2.2.3.2.2.1.2.2",0.561727672548,FALSE,TRUE,39
"2.2.2.2.3.2.1.2.2.2.2.2.2.2.2.2.3.2.2.1.2.2",0.54490466422136,FALSE,TRUE,39
"2.2.2.2.2.3.1.2.2.2.2.2.2.2.2.2.3.2.2.1.2.2",0.51488381824995,FALSE,TRUE,39
"2.2.2.2.2.2.1.3.2.2.2.2.2.2.2.2.3.2.2.1.2.2",0.564914450291041,FALSE,TRUE,39
"2.2.2.2.2.2.1.2.3.2.2.2.2.2.2.2.3.2.2.1.2.2",0.536660876212073,FALSE,TRUE,40
"2.2.2.2.2.2.1.2.2.3.2.2.2.2.2.2.3.2.2.1.2.2",0.606586740816461,FALSE,TRUE,39
"2.2.2.2.2.2.1.2.2.2.3.2.2.2.2.2.3.2.2.1.2.2",0.545813744248305,FALSE,TRUE,39
"2.2.2.2.2.2.1.2.2.2.2.3.2.2.2.2.3.2.2.1.2.2",0.534328563867267,FALSE,TRUE,39
"2.2.2.2.2.2.1.2.2.2.2.2.3.2.2.2.3.2.2.1.2.2",0.581968164223364,FALSE,TRUE,39
"2.2.2.2.2.2.1.2.2.2.2.2.2.3.2.2.3.2.2.1.2.2",0.522876058783788,FALSE,TRUE,39
"2.2.2.2.2.2.1.2.2.2.2.2.2.2.2.3.3.2.2.1.2.2",0.48038400837377,FALSE,TRUE,39
"2.2.2.2.2.2.1.2.2.2.2.2.2.2.2.2.4.2.2.1.2.2",0.529130727806001,FALSE,TRUE,39
"2.2.2.2.2.2.1.2.2.2.2.2.2.2.2.2.3.3.2.1.2.2",0.492753831944044,FALSE,TRUE,39
"2.2.2.2.2.2.1.2.2.2.2.2.2.2.2.2.3.2.3.1.2.2",0.590766831460166,FALSE,TRUE,39
"2.2.2.2.2.2.1.2.2.2.2.2.2.2.2.2.3.2.2.1.3.2",0.560868485238701,FALSE,TRUE,39
"2.2.2.2.2.2.1.2.2.2.2.2.2.2.2.2.3.2.2.1.2.3",0.530160735635865,FALSE,TRUE,39
"1.2.2.2.2.2.1.2.2.2.2.2.2.2.2.2.3.2.2.1.2.2",0.456925330460491,FALSE,TRUE,37
"2.1.2.2.2.2.1.2.2.2.2.2.2.2.2.2.3.2.2.1.2.2",0.520145581681833,FALSE,TRUE,38
"2.2.1.2.2.2.1.2.2.2.2.2.2.2.2.2.3.2.2.1.2.2",0.53400361004129,FALSE,TRUE,37
"2.2.2.1.2.2.1.2.2.2.2.2.2.2.2.2.3.2.2.1.2.2",0.498536841455657,FALSE,TRUE,38
"2.2.2.2.1.2.1.2.2.2.2.2.2.2.2.2.3.2.2.1.2.2",0.517795569851614,FALSE,TRUE,38
"2.2.2.2.2.2.1.2.2.1.2.2.2.2.2.2.3.2.2.1.2.2",0.462220596431886,FALSE,TRUE,37
"2.2.2.2.2.2.1.2.2.2.1.2.2.2.2.2.3.2.2.1.2.2",0.506468663595919,FALSE,TRUE,38
"2.2.2.2.2.2.1.2.2.2.2.1.2.2.2.2.3.2.2.1.2.2",0.527889337006538,FALSE,TRUE,38
"2.2.2.2.2.2.1.2.2.2.2.2.1.2.2.2.3.2.2.1.2.2",0.482804119120192,FALSE,TRUE,38
"2.2.2.2.2.2.1.2.2.2.2.2.2.1.2.2.3.2.2.1.2.2",0.53641781422649,FALSE,TRUE,38
"2.2.2.2.2.2.1.2.2.2.2.2.2.2.1.2.3.2.2.1.2.2",0.549335068135497,FALSE,TRUE,38
"2.2.2.2.2.2.1.2.2.2.2.2.2.2.2.1.3.2.2.1.2.2",0.587056244613072,FALSE,TRUE,38
"2.2.2.2.2.2.1.2.2.2.2.2.2.2.2.2.2.2.2.1.2.2",0.534853435088922,FALSE,TRUE,38
"2.2.2.2.2.2.1.2.2.2.2.2.2.2.2.2.3.1.2.1.2.2",0.568684461466702,FALSE,TRUE,38
"2.2.2.2.2.2.1.2.2.2.2.2.2.2.2.2.3.2.1.1.2.2",0.475089767133903,FALSE,TRUE,38
"2.2.2.2.2.2.1.2.2.2.2.2.2.2.2.2.3.2.2.1.1.2",0.50558923168509,FALSE,TRUE,38
"2.2.2.2.2.2.1.2.2.2.2.2.2.2.2.2.3.2.2.1.2.1",0.53636404237712,FALSE,TRUE,38
"3.2.2.3.2.2.2.3.2.2.2.2.2.2.2.1.2.2.2.2.2.2",0.641276255081515,FALSE,TRUE,41
"2.3.2.3.2.2.2.3.2.2.2.2.2.2.2.1.2.2.2.2.2.2",0.593410013403441,FALSE,TRUE,40
"2.2.3.3.2.2.2.3.2.2.2.2.2.2.2.1.2.2.2.2.2.2",0.604230558991612,FALSE,TRUE,41
"2.2.2.4.2.2.2.3.2.2.2.2.2.2.2.1.2.2.2.2.2.2",0.604388687245561,FALSE,TRUE,41
"2.2.2.3.3.2.2.3.2.2.2.2.2.2.2.1.2.2.2.2.2.2",0.594528763983925,FALSE,TRUE,41
"2.2.2.3.2.3.2.3.2.2.2.2.2.2.2.1.2.2.2.2.2.2",0.576199222308971,FALSE,TRUE,40
"2.2.2.3.2.2.3.3.2.2.2.2.2.2.2.1.2.2.2.2.2.2",0.579890808628347,FALSE,TRUE,41
"2.2.2.3.2.2.2.4.2.2.2.2.2.2.2.1.2.2.2.2.2.2",0.629609832488999,FALSE,TRUE,41
"2.2.2.3.2.2.2.3.3.2.2.2.2.2.2.1.2.2.2.2.2.2",0.601156818523407,FALSE,TRUE,41
"2.2.2.3.2.2.2.3.2.3.2.2.2.2.2.1.2.2.2.2.2.2",0.659000801060651,FALSE,TRUE,41
"2.2.2.3.2.2.2.3.2.2.3.2.2.2.2.1.2.2.2.2.2.2",0.609610300611951,FALSE,TRUE,41
"2.2.2.3.2.2.2.3.2.2.2.3.2.2.2.1.2.2.2.2.2.2",0.583818611468785,FALSE,TRUE,41
"2.2.2.3.2.2.2.3.2.2.2.2.3.2.2.1.2.2.2.2.2.2",0.643402525670275,FALSE,TRUE,41
"2.2.2.3.2.2.2.3.2.2.2.2.2.3.2.1.2.2.2.2.2.2",0.581399580855863,FALSE,TRUE,41
"2.2.2.3.2.2.2.3.2.2.2.2.2.2.3.1.2.2.2.2.2.2",0.5965487190378,FALSE,TRUE,41
"2.2.2.3.2.2.2.3.2.2.2.2.2.2.2.1.3.2.2.2.2.2",0.62622002543693,FALSE,TRUE,41
"2.2.2.3.2.2.2.3.2.2.2.2.2.2.2.1.2.3.2.2.2.2",0.564336229570901,FALSE,TRUE,41
"2.2.2.3.2.2.2.3.2.2.2.2.2.2.2.1.2.2.3.2.2.2",0.660772485414878,FALSE,TRUE,41
"2.2.2.3.2.2.2.3.2.2.2.2.2.2.2.1.2.2.2.3.2.2",0.59351658448216,FALSE,TRUE,41
"2.2.2.3.2.2.2.3.2.2.2.2.2.2.2.1.2.2.2.2.3.2",0.638383909801745,FALSE,TRUE,41
"2.2.2.3.2.2.2.3.2.2.2.2.2.2.2.1.2.2.2.2.2.3",0.587246450240772,FALSE,TRUE,40
"1.2.2.3.2.2.2.3.2.2.2.2.2.2.2.1.2.2.2.2.2.2",0.552144346407081,FALSE,TRUE,40
"2.1.2.3.2.2.2.3.2.2.2.2.2.2.2.1.2.2.2.2.2.2",0.6053906601971,FALSE,TRUE,40
"2.2.1.3.2.2.2.3.2.2.2.2.2.2.2.1.2.2.2.2.2.2",0.60384077830647,FALSE,TRUE,40
"2.2.2.2.2.2.2.3.2.2.2.2.2.2.2.1.2.2.2.2.2.2",0.590919140357341,FALSE,TRUE,39
"2.2.2.3.1.2.2.3.2.2.2.2.2.2.2.1.2.2.2.2.2.2",0.601898500778641,FALSE,TRUE,40
"2.2.2.3.2.1.2.3.2.2.2.2.2.2.2.1.2.2.2.2.2.2",0.627548515674328,FALSE,TRUE,40
"2.2.2.3.2.2.1.3.2.2.2.2.2.2.2.1.2.2.2.2.2.2",0.61761779612163,FALSE,TRUE,40
"2.2.2.3.2.2.2.3.1.2.2.2.2.2.2.1.2.2.2.2.2.2",0.592964141233297,FALSE,TRUE,40
"2.2.2.3.2.2.2.3.2.1.2.2.2.2.2.1.2.2.2.2.2.2",0.545793013452365,FALSE,TRUE,40
"2.2.2.3.2.2.2.3.2.2.1.2.2.2.2.1.2.2.2.2.2.2",0.577507624997701,FALSE,TRUE,39
"2.2.2.3.2.2.2.3.2.2.2.1.2.2.2.1.2.2.2.2.2.2",0.612481252369711,FALSE,TRUE,40
"2.2.2.3.2.2.2.3.2.2.2.2.1.2.2.1.2.2.2.2.2.2",0.556654573997143,FALSE,TRUE,40
"2.2.2.3.2.2.2.3.2.2.2.2.2.1.2.1.2.2.2.2.2.2",0.616850220440179,FALSE,TRUE,40
"2.2.2.3.2.2.2.3.2.2.2.2.2.2.1.1.2.2.2.2.2.2",0.603576719872346,FALSE,TRUE,40
"2.2.2.3.2.2.2.3.2.2.2.2.2.2.2.1.1.2.2.2.2.2",0.57261339478944,FALSE,TRUE,40
"2.2.2.3.2.2.2.3.2.2.2.2.2.2.2.1.2.1.2.2.2.2",0.629549826604484,FALSE,TRUE,40
"2.2.2.3.2.2.2.3.2.2.2.2.2.2.2.1.2.2.1.2.2.2",0.543051298314865,FALSE,TRUE,40
"2.2.2.3.2.2.2.3.2.2.2.2.2.2.2.1.2.2.2.1.2.2",0.610386845794334,FALSE,TRUE,40
"2.2.2.3.2.2.2.3.2.2.2.2.2.2.2.1.2.2.2.2.1.2",0.565477971724536,FALSE,TRUE,40
"2.2.2.3.2.2.2.3.2.2.2.2.2.2.2.1.2.2.2.2.2.1",0.61680436184629,FALSE,TRUE,40
"3.2.2.3.2.2.2.2.2.2.1.2.2.2.2.2.2.2.2.2.2.2",0.552673235404671,FALSE,TRUE,40
"2.3.2.3.2.2.2.2.2.2.1.2.2.2.2.2.2.2.2.2.2.2",0.48883305831167,FALSE,TRUE,39
"2.2.3.3.2.2.2.2.2.2.1.2.2.2.2.2.2.2.2.2.2.2",0.508458239152559,FALSE,TRUE,40
"2.2.2.4.2.2.2.2.2.2.1.2.2.2.2.2.2.2.2.2.2.2",0.505981219784633,FALSE,TRUE,40
"2.2.2.3.3.2.2.2.2.2.1.2.2.2.2.2.2.2.2.2.2.2",0.494187020459076,FALSE,TRUE,39
"2.2.2.3.2.3.2.2.2.2.1.2.2.2.2.2.2.2.2.2.2.2",0.470423220754904,FALSE,TRUE,39
"2.2.2.3.2.2.3.2.2.2.1.2.2.2.2.2.2.2.2.2.2.2",0.478604489916248,FALSE,TRUE,40
"2.2.2.3.2.2.2.2.3.2.1.2.2.2.2.2.2.2.2.2.2.2",0.503658058110589,FALSE,TRUE,40
"2.2.2.3.2.2.2.2.2.3.1.2.2.2.2.2.2.2.2.2.2.2",0.561886815140731,FALSE,TRUE,40
"2.2.2.3.2.2.2.2.2.2.1.3.2.2.2.2.2.2.2.2.2.2",0.490534348134504,FALSE,TRUE,40
"2.2.2.3.2.2.2.2.2.2.1.2.3.2.2.2.2.2.2.2.2.2",0.548664176563541,FALSE,TRUE,40
"2.2.2.3.2.2.2.2.2.2.1.2.2.3.2.2.2.2.2.2.2.2",0.485606850123241,FALSE,TRUE,40
"2.2.2.3.2.2.2.2.2.2.1.2.2.2.3.2.2.2.2.2.2.2",0.498707470836878,FALSE,TRUE,40
"2.2.2.3.2.2.2.2.2.2.1.2.2.2.2.3.2.2.2.2.2.2",0.45147589079638,FALSE,TRUE,40
"2.2.2.3.2.2.2.2.2.2.1.2.2.2.2.2.3.2.2.2.2.2",0.51962440687006,FALSE,TRUE,39
"2.2.2.3.2.2.2.2.2.2.1.2.2.2.2.2.2.3.2.2.2.2",0.460453354525104,FALSE,TRUE,40
"2.2.2.3.2.2.2.2.2.2.1.2.2.2.2.2.2.2.3.2.2.2",0.561150357877583,FALSE,TRUE,40
"2.2.2.3.2.2.2.2.2.2.1.2.2.2.2.2.2.2.2.3.2.2",0.496284831229607,FALSE,TRUE,41
"2.2.2.3.2.2.2.2.2.2.1.2.2.2.2.2.2.2.2.2.3.2",0.543840558894506,FALSE,TRUE,38
"2.2.2.3.2.2.2.2.2.2.1.2.2.2.2.2.2.2.2.2.2.3",0.492685690232466,FALSE,TRUE,40
"1.2.2.3.2.2.2.2.2.2.1.2.2.2.2.2.2.2.2.2.2.2",0.444771944223322,FALSE,TRUE,39
"2.1.2.3.2.2.2.2.2.2.1.2.2.2.2.2.2.2.2.2.2.2",0.511602348713123,FALSE,TRUE,39
"2.2.1.3.2.2.2.2.2.2.1.2.2.2.2.2.2.2.2.2.2.2",0.500937458823031,FALSE,TRUE,39
"2.2.2.3.1.2.2.2.2.2.1.2.2.2.2.2.2.2.2.2.2.2",0.504786496506357,FALSE,TRUE,38
"2.2.2.3.2.1.2.2.2.2.1.2.2.2.2.2.2.2.2.2.2.2",0.535413140986464,FALSE,TRUE,39
"2.2.2.3.2.2.1.2.2.2.1.2.2.2.2.2.2.2.2.2.2.2",0.521816356121709,FALSE,TRUE,39
"2.2.2.3.2.2.2.1.2.2.1.2.2.2.2.2.2.2.2.2.2.2",0.468863674628773,FALSE,TRUE,39
"2.2.2.3.2.2.2.2.1.2.1.2.2.2.2.2.2.2.2.2.2.2",0.493016519027679,FALSE,TRUE,39
"2.2.2.3.2.2.2.2.2.1.1.2.2.2.2.2.2.2.2.2.2.2",0.445397167116206,FALSE,TRUE,39
"2.2.2.3.2.2.2.2.2.2.1.1.2.2.2.2.2.2.2.2.2.2",0.508502416324815,FALSE,TRUE,38
"2.2.2.3.2.2.2.2.2.2.1.2.1.2.2.2.2.2.2.2.2.2",0.455152654609487,FALSE,TRUE,39
"2.2.2.3.2.2.2.2.2.2.1.2.2.1.2.2.2.2.2.2.2.2",0.514679794597404,FALSE,TRUE,38
"2.2.2.3.2.2.2.2.2.2.1.2.2.2.1.2.2.2.2.2.2.2",0.505883165297802,FALSE,TRUE,39
"2.2.2.3.2.2.2.2.2.2.1.2.2.2.2.1.2.2.2.2.2.2",0.552895307651116,FALSE,TRUE,38
"2.2.2.3.2.2.2.2.2.2.1.2.2.2.2.2.1.2.2.2.2.2",0.482652855630202,FALSE,TRUE,39
"2.2.2.3.2.2.2.2.2.2.1.2.2.2.2.2.2.1.2.2.2.2",0.538352383339129,FALSE,TRUE,39
"2.2.2.3.2.2.2.2.2.2.1.2.2.2.2.2.2.2.1.2.2.2",0.444349219357984,FALSE,TRUE,39
"2.2.2.3.2.2.2.2.2.2.1.2.2.2.2.2.2.2.2.2.1.2",0.462734529032546,FALSE,TRUE,39
"2.2.2.3.2.2.2.2.2.2.1.2.2.2.2.2.2.2.2.2.2.1",0.512253685861397,FALSE,TRUE,39
"1.3.2.2.2.3.2.3.2.2.2.2.2.2.2.2.2.2.2.2.1.2",0.389511682401572,FALSE,TRUE,39
"1.2.3.2.2.3.2.3.2.2.2.2.2.2.2.2.2.2.2.2.1.2",0.402354918726376,FALSE,TRUE,39
"1.2.2.3.2.3.2.3.2.2.2.2.2.2.2.2.2.2.2.2.1.2",0.421658160815598,FALSE,TRUE,39
"1.2.2.2.3.3.2.3.2.2.2.2.2.2.2.2.2.2.2.2.1.2",0.390948148612549,FALSE,TRUE,39
"1.2.2.2.2.4.2.3.2.2.2.2.2.2.2.2.2.2.2.2.1.2",0.348994703921864,FALSE,TRUE,39
"1.2.2.2.2.3.3.3.2.2.2.2.2.2.2.2.2.2.2.2.1.2",0.359276472838674,FALSE,TRUE,39
"1.2.2.2.2.3.2.4.2.2.2.2.2.2.2.2.2.2.2.2.1.2",0.417797536332019,FALSE,TRUE,39
"1.2.2.2.2.3.2.3.3.2.2.2.2.2.2.2.2.2.2.2.1.2",0.398175190762182,FALSE,TRUE,39
"1.2.2.2.2.3.2.3.2.3.2.2.2.2.2.2.2.2.2.2.1.2",0.457114930636551,FALSE,TRUE,39
"1.2.2.2.2.3.2.3.2.2.3.2.2.2.2.2.2.2.2.2.1.2",0.405099994952678,FALSE,TRUE,39
"1.2.2.2.2.3.2.3.2.2.2.3.2.2.2.2.2.2.2.2.1.2",0.393290948976405,FALSE,TRUE,39
"1.2.2.2.2.3.2.3.2.2.2.2.3.2.2.2.2.2.2.2.1.2",0.435658473642173,FALSE,TRUE,39
"1.2.2.2.2.3.2.3.2.2.2.2.2.3.2.2.2.2.2.2.1.2",0.371840962582451,FALSE,TRUE,37
"1.2.2.2.2.3.2.3.2.2.2.2.2.2.3.2.2.2.2.2.1.2",0.3869675348934,FALSE,TRUE,39
"1.2.2.2.2.3.2.3.2.2.2.2.2.2.2.3.2.2.2.2.1.2",0.32539556713315,FALSE,TRUE,39
"1.2.2.2.2.3.2.3.2.2.2.2.2.2.2.2.3.2.2.2.1.2",0.400507090912777,FALSE,TRUE,39
"1.2.2.2.2.3.2.3.2.2.2.2.2.2.2.2.2.3.2.2.1.2",0.350476288814163,FALSE,TRUE,39
"1.2.2.2.2.3.2.3.2.2.2.2.2.2.2.2.2.2.3.2.1.2",0.453750068715326,FALSE,TRUE,39
"1.2.2.2.2.3.2.3.2.2.2.2.2.2.2.2.2.2.2.3.1.2",0.381025699668335,FALSE,TRUE,38
"1.2.2.2.2.3.2.3.2.2.2.2.2.2.2.2.2.2.2.2.1.3",0.385660928882071,FALSE,TRUE,39
"1.1.2.2.2.3.2.3.2.2.2.2.2.2.2.2.2.2.2.2.1.2",0.393026662381007,FALSE,TRUE,38
"1.2.1.2.2.3.2.3.2.2.2.2.2.2.2.2.2.2.2.2.1.2",0.38554947115664,FALSE,TRUE,38
"1.2.2.1.2.3.2.3.2.2.2.2.2.2.2.2.2.2.2.2.1.2",0.355029380406555,FALSE,TRUE,38
"1.2.2.2.1.3.2.3.2.2.2.2.2.2.2.2.2.2.2.2.1.2",0.388600666489337,FALSE,TRUE,38
"1.2.2.2.2.2.2.3.2.2.2.2.2.2.2.2.2.2.2.2.1.2",0.434103590508611,FALSE,TRUE,39
"1.2.2.2.2.3.1.3.2.2.2.2.2.2.2.2.2.2.2.2.1.2",0.423317891049042,FALSE,TRUE,38
"1.2.2.2.2.3.2.3.1.2.2.2.2.2.2.2.2.2.2.2.1.2",0.380833223926876,FALSE,TRUE,38
"1.2.2.2.2.3.2.3.2.1.2.2.2.2.2.2.2.2.2.2.1.2",0.328454445489321,FALSE,TRUE,38
"1.2.2.2.2.3.2.3.2.2.1.2.2.2.2.2.2.2.2.2.1.2",0.366383256592342,FALSE,TRUE,38
"1.2.2.2.2.3.2.3.2.2.2.2.1.2.2.2.2.2.2.2.1.2",0.346991257237431,FALSE,TRUE,38
"1.2.2.2.2.3.2.3.2.2.2.2.2.1.2.2.2.2.2.2.1.2",0.408461224363154,FALSE,TRUE,38
"1.2.2.2.2.3.2.3.2.2.2.2.2.2.1.2.2.2.2.2.1.2",0.396640118292533,FALSE,TRUE,38
"1.2.2.2.2.3.2.3.2.2.2.2.2.2.2.1.2.2.2.2.1.2",0.459383554442968,FALSE,TRUE,38
"1.2.2.2.2.3.2.3.2.2.2.2.2.2.2.2.1.2.2.2.1.2",0.379333739557421,FALSE,TRUE,38
"1.2.2.2.2.3.2.3.2.2.2.2.2.2.2.2.2.1.2.2.1.2",0.430122240563944,FALSE,TRUE,38
"1.2.2.2.2.3.2.3.2.2.2.2.2.2.2.2.2.2.1.2.1.2",0.330173675347315,FALSE,TRUE,38
"1.2.2.2.2.3.2.3.2.2.2.2.2.2.2.2.2.2.2.1.1.2",0.405161279458253,FALSE,TRUE,38
"1.2.2.2.2.3.2.3.2.2.2.2.2.2.2.2.2.2.2.2.1.1",0.396807149366151,FALSE,TRUE,38
"3.2.2.2.2.3.2.2.2.2.2.2.2.2.2.2.2.3.3.2.2.2",0.542559650108818,FALSE,TRUE,42
"2.3.2.2.2.3.2.2.2.2.2.2.2.2.2.2.2.3.3.2.2.2",0.475561745043722,FALSE,TRUE,42
"2.2.3.2.2.3.2.2.2.2.2.2.2.2.2.2.2.3.3.2.2.2",0.485463535479596,FALSE,TRUE,42
"2.2.2.3.2.3.2.2.2.2.2.2.2.2.2.2.2.3.3.2.2.2",0.49687607977152,FALSE,TRUE,42
"2.2.2.2.3.3.2.2.2.2.2.2.2.2.2.2.2.3.3.2.2.2",0.466912522457493,FALSE,TRUE,42
"2.2.2.2.2.4.2.2.2.2.2.2.2.2.2.2.2.3.3.2.2.2",0.431448519652398,FALSE,TRUE,42
"2.2.2.2.2.3.3.2.2.2.2.2.2.2.2.2.2.3.3.2.2.2",0.436745519490081,FALSE,TRUE,42
"2.2.2.2.2.3.2.3.2.2.2.2.2.2.2.2.2.3.3.2.2.2",0.520850847872748,FALSE,TRUE,41
"2.2.2.2.2.3.2.2.3.2.2.2.2.2.2.2.2.3.3.2.2.2",0.474414267272057,FALSE,TRUE,42
"2.2.2.2.2.3.2.2.2.3.2.2.2.2.2.2.2.3.3.2.2.2",0.535542849126154,FALSE,TRUE,42
"2.2.2.2.2.3.2.2.2.2.2.3.2.2.2.2.2.3.3.2.2.2",0.475991174617405,FALSE,TRUE,42
"2.2.2.2.2.3.2.2.2.2.2.2.3.2.2.2.2.3.3.2.2.2",0.511053660361522,FALSE,TRUE,42
"2.2.2.2.2.3.2.2.2.2.2.2.2.3.2.2.2.3.3.2.2.2",0.444958749779079,FALSE,TRUE,42
"2.2.2.2.2.3.2.2.2.2.2.2.2.2.3.2.2.3.3.2.2.2",0.46757541048587,FALSE,TRUE,42
"2.2.2.2.2.3.2.2.2.2.2.2.2.2.2.3.2.3.3.2.2.2",0.416552472768444,FALSE,TRUE,42
"2.2.2.2.2.3.2.2.2.2.2.2.2.2.2.2.3.3.3.2.2.2",0.494922822231082,FALSE,TRUE,42
"2.2.2.2.2.3.2.2.2.2.2.2.2.2.2.2.2.4.3.2.2.2",0.427368270676041,FALSE,TRUE,43
"2.2.2.2.2.3.2.2.2.2.2.2.2.2.2.2.2.3.4.2.2.2",0.531824286979825,FALSE,TRUE,42
"2.2.2.2.2.3.2.2.2.2.2.2.2.2.2.2.2.3.3.3.2.2",0.472448251385515,FALSE,TRUE,42
"2.2.2.2.2.3.2.2.2.2.2.2.2.2.2.2.2.3.3.2.3.2",0.505107517556661,FALSE,TRUE,42
"2.2.2.2.2.3.2.2.2.2.2.2.2.2.2.2.2.3.3.2.2.3",0.46510036562445,FALSE,TRUE,42
"1.2.2.2.2.3.2.2.2.2.2.2.2.2.2.2.2.3.3.2.2.2",0.408971423310072,FALSE,TRUE,40
"2.1.2.2.2.3.2.2.2.2.2.2.2.2.2.2.2.3.3.2.2.2",0.47690052151157,FALSE,TRUE,41
"2.2.1.2.2.3.2.2.2.2.2.2.2.2.2.2.2.3.3.2.2.2",0.474400707624106,FALSE,TRUE,41
"2.2.2.1.2.3.2.2.2.2.2.2.2.2.2.2.2.3.3.2.2.2",0.452078168772511,FALSE,TRUE,41
"2.2.2.2.1.3.2.2.2.2.2.2.2.2.2.2.2.3.3.2.2.2",0.48237776256339,FALSE,TRUE,39
"2.2.2.2.2.2.2.2.2.2.2.2.2.2.2.2.2.3.3.2.2.2",0.525698543205461,FALSE,TRUE,40
"2.2.2.2.2.3.1.2.2.2.2.2.2.2.2.2.2.3.3.2.2.2",0.515780933083109,FALSE,TRUE,41
"2.2.2.2.2.3.2.1.2.2.2.2.2.2.2.2.2.3.3.2.2.2",0.431908001950199,FALSE,TRUE,41
"2.2.2.2.2.3.2.2.1.2.2.2.2.2.2.2.2.3.3.2.2.2",0.474522225279772,FALSE,TRUE,41
"2.2.2.2.2.3.2.2.2.1.2.2.2.2.2.2.2.3.3.2.2.2",0.421683753043565,FALSE,TRUE,41
"2.2.2.2.2.3.2.2.2.2.1.2.2.2.2.2.2.3.3.2.2.2",0.466361453346107,FALSE,TRUE,41
"2.2.2.2.2.3.2.2.2.2.2.1.2.2.2.2.2.3.3.2.2.2",0.475174313543311,FALSE,TRUE,41
"2.2.2.2.2.3.2.2.2.2.2.2.1.2.2.2.2.3.3.2.2.2",0.441531121030174,FALSE,TRUE,41
"2.2.2.2.2.3.2.2.2.2.2.2.2.1.2.2.2.3.3.2.2.2",0.507438639517229,FALSE,TRUE,41
"2.2.2.2.2.3.2.2.2.2.2.2.2.2.1.2.2.3.3.2.2.2",0.489076299049136,FALSE,TRUE,41
"2.2.2.2.2.3.2.2.2.2.2.2.2.2.2.1.2.3.3.2.2.2",0.540862963758134,FALSE,TRUE,41
"2.2.2.2.2.3.2.2.2.2.2.2.2.2.2.2.1.3.3.2.2.2",0.458908107253614,FALSE,TRUE,41
"2.2.2.2.2.3.2.2.2.2.2.2.2.2.2.2.2.3.3.1.2.2",0.486760442222797,FALSE,TRUE,41
"2.2.2.2.2.3.2.2.2.2.2.2.2.2.2.2.2.3.3.2.1.2",0.449811046772892,FALSE,TRUE,41
"2.2.2.2.2.3.2.2.2.2.2.2.2.2.2.2.2.3.3.2.2.1",0.490474070224576,FALSE,TRUE,41
"3.2.2.2.2.2.3.2.2.2.2.1.3.2.2.2.2.1.2.2.2.2",0.581036096657441,FALSE,TRUE,40
"2.3.2.2.2.2.3.2.2.2.2.1.3.2.2.2.2.1.2.2.2.2",0.516800983968221,FALSE,TRUE,40
"2.2.3.2.2.2.3.2.2.2.2.1.3.2.2.2.2.1.2.2.2.2",0.529429147483424,FALSE,TRUE,40
"2.2.2.3.2.2.3.2.2.2.2.1.3.2.2.2.2.1.2.2.2.2",0.544585994111265,FALSE,TRUE,40
"2.2.2.2.3.2.3.2.2.2.2.1.3.2.2.2.2.1.2.2.2.2",0.513869301747131,FALSE,TRUE,40
"2.2.2.2.2.3.3.2.2.2.2.1.3.2.2.2.2.1.2.2.2.2",0.475734061402826,FALSE,TRUE,40
"2.2.2.2.2.2.4.2.2.2.2.1.3.2.2.2.2.1.2.2.2.2",0.468721841994736,FALSE,TRUE,40
"2.2.2.2.2.2.3.3.2.2.2.1.3.2.2.2.2.1.2.2.2.2",0.555884988945529,FALSE,TRUE,40
"2.2.2.2.2.2.3.2.3.2.2.1.3.2.2.2.2.1.2.2.2.2",0.52234768135884,FALSE,TRUE,40
"2.2.2.2.2.2.3.2.2.3.2.1.3.2.2.2.2.1.2.2.2.2",0.564895683056655,FALSE,TRUE,40
"2.2.2.2.2.2.3.2.2.2.3.1.3.2.2.2.2.1.2.2.2.2",0.496661858976011,FALSE,TRUE,40
"2.2.2.2.2.2.3.2.2.2.2.2.3.2.2.2.2.1.2.2.2.2",0.527138420205735,FALSE,TRUE,41
"2.2.2.2.2.2.3.2.2.2.2.1.4.2.2.2.2.1.2.2.2.2",0.524643422200307,FALSE,TRUE,41
"2.2.2.2.2.2.3.2.2.2.2.1.3.3.2.2.2.1.2.2.2.2",0.478908446616668,FALSE,TRUE,40
"2.2.2.2.2.2.3.2.2.2.2.1.3.2.3.2.2.1.2.2.2.2",0.51577402114767,FALSE,TRUE,40
"2.2.2.2.2.2.3.2.2.2.2.1.3.2.2.3.2.1.2.2.2.2",0.455472647653244,FALSE,TRUE,40
"2.2.2.2.2.2.3.2.2.2.2.1.3.2.2.2.3.1.2.2.2.2",0.533244794060502,FALSE,TRUE,40
"2.2.2.2.2.2.3.2.2.2.2.1.3.2.2.2.2.1.3.2.2.2",0.565382627945036,FALSE,TRUE,40
"2.2.2.2.2.2.3.2.2.2.2.1.3.2.2.2.2.1.2.3.2.2",0.503220137166905,FALSE,TRUE,40
"2.2.2.2.2.2.3.2.2.2.2.1.3.2.2.2.2.1.2.2.3.2",0.532066502932037,FALSE,TRUE,40
"2.2.2.2.2.2.3.2.2.2.2.1.3.2.2.2.2.1.2.2.2.3",0.510877439139224,FALSE,TRUE,40
"1.2.2.2.2.2.3.2.2.2.2.1.3.2.2.2.2.1.2.2.2.2",0.450338525951056,FALSE,TRUE,39
"2.1.2.2.2.2.3.2.2.2.2.1.3.2.2.2.2.1.2.2.2.2",0.514259105874254,FALSE,TRUE,39
"2.2.1.2.2.2.3.2.2.2.2.1.3.2.2.2.2.1.2.2.2.2",0.508441884443788,FALSE,TRUE,39
"2.2.2.1.2.2.3.2.2.2.2.1.3.2.2.2.2.1.2.2.2.2",0.484372092607323,FALSE,TRUE,39
"2.2.2.2.1.2.3.2.2.2.2.1.3.2.2.2.2.1.2.2.2.2",0.512746608681791,FALSE,TRUE,39
"2.2.2.2.2.1.3.2.2.2.2.1.3.2.2.2.2.1.2.2.2.2",0.559653632119641,FALSE,TRUE,39
"2.2.2.2.2.2.2.2.2.2.2.1.3.2.2.2.2.1.2.2.2.2",0.561843960781987,FALSE,TRUE,39
"2.2.2.2.2.2.3.1.2.2.2.1.3.2.2.2.2.1.2.2.2.2",0.475666924248057,FALSE,TRUE,39
"2.2.2.2.2.2.3.2.1.2.2.1.3.2.2.2.2.1.2.2.2.2",0.502081657347633,FALSE,TRUE,39
"2.2.2.2.2.2.3.2.2.1.2.1.3.2.2.2.2.1.2.2.2.2",0.468272645514758,FALSE,TRUE,39
"2.2.2.2.2.2.3.2.2.2.1.1.3.2.2.2.2.1.2.2.2.2",0.518551743294835,FALSE,TRUE,39
"2.2.2.2.2.2.3.2.2.2.2.1.3.1.2.2.2.1.2.2.2.2",0.549578894806292,FALSE,TRUE,39
"2.2.2.2.2.2.3.2.2.2.2.1.3.2.1.2.2.1.2.2.2.2",0.513733179678723,FALSE,TRUE,39
"2.2.2.2.2.2.3.2.2.2.2.1.3.2.2.1.2.1.2.2.2.2",0.577762326573142,FALSE,TRUE,39
"2.2.2.2.2.2.3.2.2.2.2.1.3.2.2.2.1.1.2.2.2.2",0.496775932539552,FALSE,TRUE,39
"2.2.2.2.2.2.3.2.2.2.2.1.3.2.2.2.2.1.1.2.2.2",0.466171853388967,FALSE,TRUE,39
"2.2.2.2.2.2.3.2.2.2.2.1.3.2.2.2.2.1.2.1.2.2",0.531258987495817,FALSE,TRUE,38
"2.2.2.2.2.2.3.2.2.2.2.1.3.2.2.2.2.1.2.2.1.2",0.499510545478416,FALSE,TRUE,39
"2.2.2.2.2.2.3.2.2.2.2.1.3.2.2.2.2.1.2.2.2.1",0.521419092738273,FALSE,TRUE,39
"1.3.2.2.2.3.2.2.2.2.2.2.2.3.2.2.2.2.2.2.2.2",0.353982408088864,FALSE,TRUE,40
"1.2.3.2.2.3.2.2.2.2.2.2.2.3.2.2.2.2.2.2.2.2",0.364019808643175,FALSE,TRUE,40
"1.2.2.3.2.3.2.2.2.2.2.2.2.3.2.2.2.2.2.2.2.2",0.372385300460578,FALSE,TRUE,40
"1.2.2.2.3.3.2.2.2.2.2.2.2.3.2.2.2.2.2.2.2.2",0.346061145541712,FALSE,TRUE,40
"1.2.2.2.2.4.2.2.2.2.2.2.2.3.2.2.2.2.2.2.2.2",0.298335247792874,FALSE,TRUE,40
"1.2.2.2.2.3.3.2.2.2.2.2.2.3.2.2.2.2.2.2.2.2",0.319536015575828,FALSE,TRUE,40
"1.2.2.2.2.3.2.2.3.2.2.2.2.3.2.2.2.2.2.2.2.2",0.358722867461145,FALSE,TRUE,40
"1.2.2.2.2.3.2.2.2.3.2.2.2.3.2.2.2.2.2.2.2.2",0.410620672597747,FALSE,TRUE,40
"1.2.2.2.2.3.2.2.2.2.3.2.2.3.2.2.2.2.2.2.2.2",0.339151218382201,FALSE,TRUE,40
"1.2.2.2.2.3.2.2.2.2.2.3.2.3.2.2.2.2.2.2.2.2",0.366318487646228,FALSE,TRUE,40
"1.2.2.2.2.3.2.2.2.2.2.2.3.3.2.2.2.2.2.2.2.2",0.383962385046721,FALSE,TRUE,40
"1.2.2.2.2.3.2.2.2.2.2.2.2.4.2.2.2.2.2.2.2.2",0.306694417597665,FALSE,TRUE,41
"1.2.2.2.2.3.2.2.2.2.2.2.2.3.3.2.2.2.2.2.2.2",0.349349091496464,FALSE,TRUE,40
"1.2.2.2.2.3.2.2.2.2.2.2.2.3.2.3.2.2.2.2.2.2",0.289994886783623,FALSE,TRUE,40
"1.2.2.2.2.3.2.2.2.2.2.2.2.3.2.2.3.2.2.2.2.2",0.373083941875742,FALSE,TRUE,39
"1.2.2.2.2.3.2.2.2.2.2.2.2.3.2.2.2.3.2.2.2.2",0.312188452859237,FALSE,TRUE,40
"1.2.2.2.2.3.2.2.2.2.2.2.2.3.2.2.2.2.3.2.2.2",0.412074654651905,FALSE,TRUE,39
"1.2.2.2.2.3.2.2.2.2.2.2.2.3.2.2.2.2.2.3.2.2",0.345243951259151,FALSE,TRUE,40
"1.2.2.2.2.3.2.2.2.2.2.2.2.3.2.2.2.2.2.2.3.2",0.378024467115503,FALSE,TRUE,40
"1.1.2.2.2.3.2.2.2.2.2.2.2.3.2.2.2.2.2.2.2.2",0.351951301215043,FALSE,TRUE,39
"1.2.1.2.2.3.2.2.2.2.2.2.2.3.2.2.2.2.2.2.2.2",0.346598767839019,FALSE,TRUE,39
"1.2.2.1.2.3.2.2.2.2.2.2.2.3.2.2.2.2.2.2.2.2",0.331261424306145,FALSE,TRUE,39
"1.2.2.2.1.3.2.2.2.2.2.2.2.3.2.2.2.2.2.2.2.2",0.356988266682347,FALSE,TRUE,39
"1.2.2.2.2.2.2.2.2.2.2.2.2.3.2.2.2.2.2.2.2.2",0.413191884596633,FALSE,TRUE,38
"1.2.2.2.2.3.1.2.2.2.2.2.2.3.2.2.2.2.2.2.2.2",0.388101628016454,FALSE,TRUE,39
"1.2.2.2.2.3.2.1.2.2.2.2.2.3.2.2.2.2.2.2.2.2",0.301074209286218,FALSE,TRUE,39
"1.2.2.2.2.3.2.2.1.2.2.2.2.3.2.2.2.2.2.2.2.2",0.343594135244216,FALSE,TRUE,39
"1.2.2.2.2.3.2.2.2.1.2.2.2.3.2.2.2.2.2.2.2.2",0.300393713594114,FALSE,TRUE,39
"1.2.2.2.2.3.2.2.2.2.1.2.2.3.2.2.2.2.2.2.2.2",0.354380045144262,FALSE,TRUE,39
"1.2.2.2.2.3.2.2.2.2.2.1.2.3.2.2.2.2.2.2.2.2",0.340013970978913,FALSE,TRUE,39
"1.2.2.2.2.3.2.2.2.2.2.2.1.3.2.2.2.2.2.2.2.2",0.321042386763564,FALSE,TRUE,39
"1.2.2.2.2.3.2.2.2.2.2.2.2.3.1.2.2.2.2.2.2.2",0.357679305933232,FALSE,TRUE,39
"1.2.2.2.2.3.2.2.2.2.2.2.2.3.2.1.2.2.2.2.2.2",0.419385361273323,FALSE,TRUE,39
"1.2.2.2.2.3.2.2.2.2.2.2.2.3.2.2.1.2.2.2.2.2",0.333402104974452,FALSE,TRUE,39
"1.2.2.2.2.3.2.2.2.2.2.2.2.3.2.2.2.1.2.2.2.2",0.39009736045251,FALSE,TRUE,39
"1.2.2.2.2.3.2.2.2.2.2.2.2.3.2.2.2.2.1.2.2.2",0.297920257902584,FALSE,TRUE,39
"1.2.2.2.2.3.2.2.2.2.2.2.2.3.2.2.2.2.2.1.2.2",0.365331043645977,FALSE,TRUE,39
"1.2.2.2.2.3.2.2.2.2.2.2.2.3.2.2.2.2.2.2.1.2",0.327466478272258,FALSE,TRUE,38
"1.2.2.2.2.3.2.2.2.2.2.2.2.3.2.2.2.2.2.2.2.1",0.366543584199193,FALSE,TRUE,40
"3.2.2.3.2.2.2.2.2.2.1.2.2.2.2.2.2.2.2.1.2.2",0.55764479489901,FALSE,TRUE,38
"2.3.2.3.2.2.2.2.2.2.1.2.2.2.2.2.2.2.2.1.2.2",0.488747289263948,FALSE,TRUE,38
"2.2.2.4.2.2.2.2.2.2.1.2.2.2.2.2.2.2.2.1.2.2",0.501234172220658,FALSE,TRUE,38
"2.2.2.3.3.2.2.2.2.2.1.2.2.2.2.2.2.2.2.1.2.2",0.496334577344398,FALSE,TRUE,38
"2.2.2.3.2.3.2.2.2.2.1.2.2.2.2.2.2.2.2.1.2.2",0.471462843852029,FALSE,TRUE,38
"2.2.2.3.2.2.3.2.2.2.1.2.2.2.2.2.2.2.2.1.2.2",0.483111588086425,FALSE,TRUE,38
"2.2.2.3.2.2.2.3.2.2.1.2.2.2.2.2.2.2.2.1.2.2",0.536290245927548,FALSE,TRUE,37
"2.2.2.3.2.2.2.2.3.2.1.2.2.2.2.2.2.2.2.1.2.2",0.506546129911052,FALSE,TRUE,38
"2.2.2.3.2.2.2.2.2.3.1.2.2.2.2.2.2.2.2.1.2.2",0.563003255215461,FALSE,TRUE,38
"2.2.2.3.2.2.2.2.2.2.1.3.2.2.2.2.2.2.2.1.2.2",0.495001096538382,FALSE,TRUE,38
"2.2.2.3.2.2.2.2.2.2.1.2.3.2.2.2.2.2.2.1.2.2",0.548667787715957,FALSE,TRUE,38
"2.2.2.3.2.2.2.2.2.2.1.2.2.3.2.2.2.2.2.1.2.2",0.489933142360946,FALSE,TRUE,38
"2.2.2.3.2.2.2.2.2.2.1.2.2.2.3.2.2.2.2.1.2.2",0.499407073023522,FALSE,TRUE,38
"2.2.2.3.2.2.2.2.2.2.1.2.2.2.2.3.2.2.2.1.2.2",0.455751857693365,FALSE,TRUE,38
"2.2.2.3.2.2.2.2.2.2.1.2.2.2.2.2.3.2.2.1.2.2",0.516950555106198,FALSE,TRUE,38
"2.2.2.3.2.2.2.2.2.2.1.2.2.2.2.2.2.3.2.1.2.2",0.463290742296033,FALSE,TRUE,38
"2.2.2.3.2.2.2.2.2.2.1.2.2.2.2.2.2.2.3.1.2.2",0.557021210013146,FALSE,TRUE,38
"2.2.2.3.2.2.2.2.2.2.1.2.2.2.2.2.2.2.2.1.2.3",0.499358318078351,FALSE,TRUE,38
"1.2.2.3.2.2.2.2.2.2.1.2.2.2.2.2.2.2.2.1.2.2",0.44427548382979,FALSE,TRUE,37
"2.1.2.3.2.2.2.2.2.2.1.2.2.2.2.2.2.2.2.1.2.2",0.513707275138422,FALSE,TRUE,37
"2.2.1.3.2.2.2.2.2.2.1.2.2.2.2.2.2.2.2.1.2.2",0.500370465645771,FALSE,TRUE,38
"2.2.2.2.2.2.2.2.2.2.1.2.2.2.2.2.2.2.2.1.2.2",0.498486317292481,FALSE,TRUE,37
"2.2.2.3.1.2.2.2.2.2.1.2.2.2.2.2.2.2.2.1.2.2",0.50572261684815,FALSE,TRUE,37
"2.2.2.3.2.1.2.2.2.2.1.2.2.2.2.2.2.2.2.1.2.2",0.538105307162015,FALSE,TRUE,37
"2.2.2.3.2.2.1.2.2.2.1.2.2.2.2.2.2.2.2.1.2.2",0.520115647760686,FALSE,TRUE,37
"2.2.2.3.2.2.2.1.2.2.1.2.2.2.2.2.2.2.2.1.2.2",0.470838703741786,FALSE,TRUE,37
"2.2.2.3.2.2.2.2.1.2.1.2.2.2.2.2.2.2.2.1.2.2",0.492549363276689,FALSE,TRUE,37
"2.2.2.3.2.2.2.2.2.1.1.2.2.2.2.2.2.2.2.1.2.2",0.447872026467111,FALSE,TRUE,37
"2.2.2.3.2.2.2.2.2.2.1.1.2.2.2.2.2.2.2.1.2.2",0.507233909895834,FALSE,TRUE,37
"2.2.2.3.2.2.2.2.2.2.1.2.1.2.2.2.2.2.2.1.2.2",0.458167764994119,FALSE,TRUE,37
"2.2.2.3.2.2.2.2.2.2.1.2.2.1.2.2.2.2.2.1.2.2",0.51220875753698,FALSE,TRUE,37
"2.2.2.3.2.2.2.2.2.2.1.2.2.2.1.2.2.2.2.1.2.2",0.509774318948994,FALSE,TRUE,37
"2.2.2.3.2.2.2.2.2.2.1.2.2.2.2.1.2.2.2.1.2.2",0.552185730648316,FALSE,TRUE,37
"2.2.2.3.2.2.2.2.2.2.1.2.2.2.2.2.1.2.2.1.2.2",0.490502602879584,FALSE,TRUE,37
"2.2.2.3.2.2.2.2.2.2.1.2.2.2.2.2.2.1.2.1.2.2",0.538859822457835,FALSE,TRUE,37
"2.2.2.3.2.2.2.2.2.2.1.2.2.2.2.2.2.2.1.1.2.2",0.451385091020751,FALSE,TRUE,37
"2.2.2.3.2.2.2.2.2.2.1.2.2.2.2.2.2.2.2.1.1.2",0.467204858021859,FALSE,TRUE,38
"2.2.2.3.2.2.2.2.2.2.1.2.2.2.2.2.2.2.2.1.2.1",0.508411250953262,FALSE,TRUE,37
"3.2.2.2.2.2.3.2.2.2.2.1.2.2.2.2.2.2.2.1.2.2",0.536851730362659,FALSE,TRUE,40
"2.3.2.2.2.2.3.2.2.2.2.1.2.2.2.2.2.2.2.1.2.2",0.466086246579682,FALSE,TRUE,40
"2.2.3.2.2.2.3.2.2.2.2.1.2.2.2.2.2.2.2.1.2.2",0.477940376424547,FALSE,TRUE,39
"2.2.2.3.2.2.3.2.2.2.2.1.2.2.2.2.2.2.2.1.2.2",0.489265853603184,FALSE,TRUE,40
"2.2.2.2.3.2.3.2.2.2.2.1.2.2.2.2.2.2.2.1.2.2",0.457729193767683,FALSE,TRUE,40
"2.2.2.2.2.3.3.2.2.2.2.1.2.2.2.2.2.2.2.1.2.2",0.425682786137469,FALSE,TRUE,40
"2.2.2.2.2.2.4.2.2.2.2.1.2.2.2.2.2.2.2.1.2.2",0.426186596907556,FALSE,TRUE,40
"2.2.2.2.2.2.3.3.2.2.2.1.2.2.2.2.2.2.2.1.2.2",0.504047179172086,FALSE,TRUE,40
"2.2.2.2.2.2.3.2.3.2.2.1.2.2.2.2.2.2.2.1.2.2",0.45878790634118,FALSE,TRUE,40
"2.2.2.2.2.2.3.2.2.3.2.1.2.2.2.2.2.2.2.1.2.2",0.52490344399047,FALSE,TRUE,40
"2.2.2.2.2.2.3.2.2.2.3.1.2.2.2.2.2.2.2.1.2.2",0.461773736073275,FALSE,TRUE,40
"2.2.2.2.2.2.3.2.2.2.2.2.2.2.2.2.2.2.2.1.2.2",0.485991435080766,FALSE,TRUE,40
"2.2.2.2.2.2.3.2.2.2.2.1.3.2.2.2.2.2.2.1.2.2",0.494420005944139,FALSE,TRUE,39
"2.2.2.2.2.2.3.2.2.2.2.1.2.3.2.2.2.2.2.1.2.2",0.435654610307428,FALSE,TRUE,40
"2.2.2.2.2.2.3.2.2.2.2.1.2.2.3.2.2.2.2.1.2.2",0.455860735872779,FALSE,TRUE,40
"2.2.2.2.2.2.3.2.2.2.2.1.2.2.2.3.2.2.2.1.2.2",0.404970008460403,FALSE,TRUE,40
"2.2.2.2.2.2.3.2.2.2.2.1.2.2.2.2.3.2.2.1.2.2",0.469311081111679,FALSE,TRUE,40
"2.2.2.2.2.2.3.2.2.2.2.1.2.2.2.2.2.3.2.1.2.2",0.416168237265098,FALSE,TRUE,40
"2.2.2.2.2.2.3.2.2.2.2.1.2.2.2.2.2.2.3.1.2.2",0.523939537414513,FALSE,TRUE,40
"2.2.2.2.2.2.3.2.2.2.2.1.2.2.2.2.2.2.2.1.3.2",0.487315562698989,FALSE,TRUE,40
"2.2.2.2.2.2.3.2.2.2.2.1.2.2.2.2.2.2.2.1.2.3",0.460687179393228,FALSE,TRUE,40
"1.2.2.2.2.2.3.2.2.2.2.1.2.2.2.2.2.2.2.1.2.2",0.398508308093631,FALSE,TRUE,39
"2.1.2.2.2.2.3.2.2.2.2.1.2.2.2.2.2.2.2.1.2.2",0.464180669368727,FALSE,TRUE,39
"2.2.1.2.2.2.3.2.2.2.2.1.2.2.2.2.2.2.2.1.2.2",0.460755928842708,FALSE,TRUE,39
"2.2.2.1.2.2.3.2.2.2.2.1.2.2.2.2.2.2.2.1.2.2",0.43994764269217,FALSE,TRUE,39
"2.2.2.2.1.2.3.2.2.2.2.1.2.2.2.2.2.2.2.1.2.2",0.470474139592487,FALSE,TRUE,39
"2.2.2.2.2.1.3.2.2.2.2.1.2.2.2.2.2.2.2.1.2.2",0.511364956466053,FALSE,TRUE,39
"2.2.2.2.2.2.3.1.2.2.2.1.2.2.2.2.2.2.2.1.2.2",0.429219612467927,FALSE,TRUE,39
"2.2.2.2.2.2.3.2.1.2.2.1.2.2.2.2.2.2.2.1.2.2",0.465394752323927,FALSE,TRUE,39
"2.2.2.2.2.2.3.2.2.1.2.1.2.2.2.2.2.2.2.1.2.2",0.411618373165536,FALSE,TRUE,39
"2.2.2.2.2.2.3.2.2.2.1.1.2.2.2.2.2.2.2.1.2.2",0.4572041849475,FALSE,TRUE,39
"2.2.2.2.2.2.3.2.2.2.2.1.1.2.2.2.2.2.2.1.2.2",0.436104872289294,FALSE,TRUE,39
"2.2.2.2.2.2.3.2.2.2.2.1.2.1.2.2.2.2.2.1.2.2",0.492270121141519,FALSE,TRUE,39
"2.2.2.2.2.2.3.2.2.2.2.1.2.2.1.2.2.2.2.1.2.2",0.478678704883534,FALSE,TRUE,38
"2.2.2.2.2.2.3.2.2.2.2.1.2.2.2.1.2.2.2.1.2.2",0.531337704773754,FALSE,TRUE,39
"2.2.2.2.2.2.3.2.2.2.2.1.2.2.2.2.1.2.2.1.2.2",0.465182312763046,FALSE,TRUE,39
"2.2.2.2.2.2.3.2.2.2.2.1.2.2.2.2.2.2.1.1.2.2",0.409984269740046,FALSE,TRUE,39
"2.2.2.2.2.2.3.2.2.2.2.1.2.2.2.2.2.2.2.1.1.2",0.44554420602213,FALSE,TRUE,39
"2.2.2.2.2.2.3.2.2.2.2.1.2.2.2.2.2.2.2.1.2.1",0.472778987895147,FALSE,TRUE,39
"3.2.2.2.2.1.1.2.2.1.2.2.2.2.2.2.3.2.2.2.2.2",0.531916282505927,FALSE,TRUE,39
"2.3.2.2.2.1.1.2.2.1.2.2.2.2.2.2.3.2.2.2.2.2",0.481964596884002,FALSE,TRUE,39
"2.2.3.2.2.1.1.2.2.1.2.2.2.2.2.2.3.2.2.2.2.2",0.469349012215417,FALSE,TRUE,39
"2.2.2.3.2.1.1.2.2.1.2.2.2.2.2.2.3.2.2.2.2.2",0.507117481988575,FALSE,TRUE,39
"2.2.2.2.3.1.1.2.2.1.2.2.2.2.2.2.3.2.2.2.2.2",0.4833504183953,FALSE,TRUE,39
"2.2.2.2.2.1.2.2.2.1.2.2.2.2.2.2.3.2.2.2.2.2",0.461189920424885,FALSE,TRUE,39
"2.2.2.2.2.1.1.3.2.1.2.2.2.2.2.2.3.2.2.2.2.2",0.482432355476365,FALSE,TRUE,39
"2.2.2.2.2.1.1.2.3.1.2.2.2.2.2.2.3.2.2.2.2.2",0.464642453509887,FALSE,TRUE,39
"2.2.2.2.2.1.1.2.2.1.3.2.2.2.2.2.3.2.2.2.2.2",0.490611911498491,FALSE,TRUE,39
"2.2.2.2.2.1.1.2.2.1.2.3.2.2.2.2.3.2.2.2.2.2",0.469081504521204,FALSE,TRUE,39
"2.2.2.2.2.1.1.2.2.1.2.2.3.2.2.2.3.2.2.2.2.2",0.520557070779085,FALSE,TRUE,39
"2.2.2.2.2.1.1.2.2.1.2.2.2.3.2.2.3.2.2.2.2.2",0.468332662546229,FALSE,TRUE,39
"2.2.2.2.2.1.1.2.2.1.2.2.2.2.3.2.3.2.2.2.2.2",0.450139326541632,FALSE,TRUE,38
"2.2.2.2.2.1.1.2.2.1.2.2.2.2.2.3.3.2.2.2.2.2",0.413521256616571,FALSE,TRUE,39
"2.2.2.2.2.1.1.2.2.1.2.2.2.2.2.2.4.2.2.2.2.2",0.449891320089393,FALSE,TRUE,39
"2.2.2.2.2.1.1.2.2.1.2.2.2.2.2.2.3.3.2.2.2.2",0.422818105204629,FALSE,TRUE,38
"2.2.2.2.2.1.1.2.2.1.2.2.2.2.2.2.3.2.3.2.2.2",0.532492085319717,FALSE,TRUE,39
"2.2.2.2.2.1.1.2.2.1.2.2.2.2.2.2.3.2.2.3.2.2",0.464847515941581,FALSE,TRUE,39
"2.2.2.2.2.1.1.2.2.1.2.2.2.2.2.2.3.2.2.2.3.2",0.497318501683165,FALSE,TRUE,39
"2.2.2.2.2.1.1.2.2.1.2.2.2.2.2.2.3.2.2.2.2.3",0.468094050816604,FALSE,TRUE,39
"1.2.2.2.2.1.1.2.2.1.2.2.2.2.2.2.3.2.2.2.2.2",0.398429934352134,FALSE,TRUE,38
"2.1.2.2.2.1.1.2.2.1.2.2.2.2.2.2.3.2.2.2.2.2",0.452437088096,FALSE,TRUE,38
"2.2.2.1.2.1.1.2.2.1.2.2.2.2.2.2.3.2.2.2.2.2",0.422774974018822,FALSE,TRUE,38
"2.2.2.2.1.1.1.2.2.1.2.2.2.2.2.2.3.2.2.2.2.2",0.45095580967136,FALSE,TRUE,38
"2.2.2.2.2.1.1.1.2.1.2.2.2.2.2.2.3.2.2.2.2.2",0.450698826621777,FALSE,TRUE,37
"2.2.2.2.2.1.1.2.1.1.2.2.2.2.2.2.3.2.2.2.2.2",0.464799005361815,FALSE,TRUE,38
"2.2.2.2.2.1.1.2.2.1.1.2.2.2.2.2.3.2.2.2.2.2",0.432742957822758,FALSE,TRUE,38
"2.2.2.2.2.1.1.2.2.1.2.1.2.2.2.2.3.2.2.2.2.2",0.463107068113316,FALSE,TRUE,38
"2.2.2.2.2.1.1.2.2.1.2.2.1.2.2.2.3.2.2.2.2.2",0.415053778109258,FALSE,TRUE,38
"2.2.2.2.2.1.1.2.2.1.2.2.2.1.2.2.3.2.2.2.2.2",0.459187635215271,FALSE,TRUE,38
"2.2.2.2.2.1.1.2.2.1.2.2.2.2.1.2.3.2.2.2.2.2",0.484297472996997,FALSE,TRUE,38
"2.2.2.2.2.1.1.2.2.1.2.2.2.2.2.1.3.2.2.2.2.2",0.52223105526636,FALSE,TRUE,38
"2.2.2.2.2.1.1.2.2.1.2.2.2.2.2.2.2.2.2.2.2.2",0.482311762340497,FALSE,TRUE,39
"2.2.2.2.2.1.1.2.2.1.2.2.2.2.2.2.3.1.2.2.2.2",0.508053359072499,FALSE,TRUE,38
"2.2.2.2.2.1.1.2.2.1.2.2.2.2.2.2.3.2.1.2.2.2",0.403895917380984,FALSE,TRUE,38
"2.2.2.2.2.1.1.2.2.1.2.2.2.2.2.2.3.2.2.1.2.2",0.471525415488612,FALSE,TRUE,37
"2.2.2.2.2.1.1.2.2.1.2.2.2.2.2.2.3.2.2.2.1.2",0.43823011784719,FALSE,TRUE,38
"2.2.2.2.2.1.1.2.2.1.2.2.2.2.2.2.3.2.2.2.2.1",0.467068584590186,FALSE,TRUE,38
"3.2.2.2.2.2.1.2.2.2.2.2.2.2.2.2.3.3.2.2.2.2",0.549317088080713,FALSE,TRUE,41
"2.3.2.2.2.2.1.2.2.2.2.2.2.2.2.2.3.3.2.2.2.2",0.493715366400378,FALSE,TRUE,41
"2.2.3.2.2.2.1.2.2.2.2.2.2.2.2.2.3.3.2.2.2.2",0.484842106908039,FALSE,TRUE,41
"2.2.2.3.2.2.1.2.2.2.2.2.2.2.2.2.3.3.2.2.2.2",0.523056185192372,FALSE,TRUE,41
"2.2.2.2.3.2.1.2.2.2.2.2.2.2.2.2.3.3.2.2.2.2",0.48971434071644,FALSE,TRUE,41
"2.2.2.2.2.3.1.2.2.2.2.2.2.2.2.2.3.3.2.2.2.2",0.46555465207376,FALSE,TRUE,41
"2.2.2.2.2.2.1.3.2.2.2.2.2.2.2.2.3.3.2.2.2.2",0.509996052844745,FALSE,TRUE,41
"2.2.2.2.2.2.1.2.3.2.2.2.2.2.2.2.3.3.2.2.2.2",0.473276672129103,FALSE,TRUE,41
"2.2.2.2.2.2.1.2.2.3.2.2.2.2.2.2.3.3.2.2.2.2",0.561279735759291,FALSE,TRUE,41
"2.2.2.2.2.2.1.2.2.2.3.2.2.2.2.2.3.3.2.2.2.2",0.500826603471141,FALSE,TRUE,41
"2.2.2.2.2.2.1.2.2.2.2.3.2.2.2.2.3.3.2.2.2.2",0.486401297808434,FALSE,TRUE,41
"2.2.2.2.2.2.1.2.2.2.2.2.3.2.2.2.3.3.2.2.2.2",0.532041874694538,FALSE,TRUE,41
"2.2.2.2.2.2.1.2.2.2.2.2.2.3.2.2.3.3.2.2.2.2",0.468801497091784,FALSE,TRUE,41
"2.2.2.2.2.2.1.2.2.2.2.2.2.2.2.3.3.3.2.2.2.2",0.426521430687742,FALSE,TRUE,41
"2.2.2.2.2.2.1.2.2.2.2.2.2.2.2.2.4.3.2.2.2.2",0.479139743479866,FALSE,TRUE,41
"2.2.2.2.2.2.1.2.2.2.2.2.2.2.2.2.3.4.2.2.2.2",0.425600481079545,FALSE,TRUE,42
"2.2.2.2.2.2.1.2.2.2.2.2.2.2.2.2.3.3.3.2.2.2",0.557680002909742,FALSE,TRUE,41
"2.2.2.2.2.2.1.2.2.2.2.2.2.2.2.2.3.3.2.3.2.2",0.479389293008905,FALSE,TRUE,41
"2.2.2.2.2.2.1.2.2.2.2.2.2.2.2.2.3.3.2.2.3.2",0.514469701164201,FALSE,TRUE,41
"2.2.2.2.2.2.1.2.2.2.2.2.2.2.2.2.3.3.2.2.2.3",0.475436431905377,FALSE,TRUE,41
"1.2.2.2.2.2.1.2.2.2.2.2.2.2.2.2.3.3.2.2.2.2",0.415737840487744,FALSE,TRUE,39
"2.1.2.2.2.2.1.2.2.2.2.2.2.2.2.2.3.3.2.2.2.2",0.473638837699637,FALSE,TRUE,40
"2.2.1.2.2.2.1.2.2.2.2.2.2.2.2.2.3.3.2.2.2.2",0.489587647693094,FALSE,TRUE,39
"2.2.2.1.2.2.1.2.2.2.2.2.2.2.2.2.3.3.2.2.2.2",0.44015337812996,FALSE,TRUE,40
"2.2.2.2.1.2.1.2.2.2.2.2.2.2.2.2.3.3.2.2.2.2",0.475620559094978,FALSE,TRUE,38
"2.2.2.2.2.2.1.2.1.2.2.2.2.2.2.2.3.3.2.2.2.2",0.489989672308571,FALSE,TRUE,39
"2.2.2.2.2.2.1.2.2.1.2.2.2.2.2.2.3.3.2.2.2.2",0.412306778314585,FALSE,TRUE,39
"2.2.2.2.2.2.1.2.2.2.1.2.2.2.2.2.3.3.2.2.2.2",0.456547863494356,FALSE,TRUE,40
"2.2.2.2.2.2.1.2.2.2.2.1.2.2.2.2.3.3.2.2.2.2",0.481401353706066,FALSE,TRUE,40
"2.2.2.2.2.2.1.2.2.2.2.2.1.2.2.2.3.3.2.2.2.2",0.438120039297508,FALSE,TRUE,40
"2.2.2.2.2.2.1.2.2.2.2.2.2.1.2.2.3.3.2.2.2.2",0.495706345120575,FALSE,TRUE,40
"2.2.2.2.2.2.1.2.2.2.2.2.2.2.1.2.3.3.2.2.2.2",0.50351848331056,FALSE,TRUE,40
"2.2.2.2.2.2.1.2.2.2.2.2.2.2.2.1.3.3.2.2.2.2",0.545613077571929,FALSE,TRUE,40
"2.2.2.2.2.2.1.2.2.2.2.2.2.2.2.2.2.3.2.2.2.2",0.488069345814171,FALSE,TRUE,39
"2.2.2.2.2.2.1.2.2.2.2.2.2.2.2.2.3.3.1.2.2.2",0.414578647045289,FALSE,TRUE,40
"2.2.2.2.2.2.1.2.2.2.2.2.2.2.2.2.3.3.2.2.1.2",0.455729892936196,FALSE,TRUE,40
"2.2.2.2.2.2.1.2.2.2.2.2.2.2.2.2.3.3.2.2.2.1",0.495057187662533,FALSE,TRUE,40
"3.3.2.3.2.2.2.3.2.2.2.2.2.2.2.2.2.2.2.2.2.2",0.5881190122729,FALSE,TRUE,41
"2.4.2.3.2.2.2.3.2.2.2.2.2.2.2.2.2.2.2.2.2.2",0.522051585150004,FALSE,TRUE,42
"2.3.3.3.2.2.2.3.2.2.2.2.2.2.2.2.2.2.2.2.2.2",0.550133399585108,FALSE,TRUE,41
"2.3.2.4.2.2.2.3.2.2.2.2.2.2.2.2.2.2.2.2.2.2",0.549079333730907,FALSE,TRUE,41
"2.3.2.3.3.2.2.3.2.2.2.2.2.2.2.2.2.2.2.2.2.2",0.534137410403532,FALSE,TRUE,41
"2.3.2.3.2.3.2.3.2.2.2.2.2.2.2.2.2.2.2.2.2.2",0.513351980746036,FALSE,TRUE,40
"2.3.2.3.2.2.3.3.2.2.2.2.2.2.2.2.2.2.2.2.2.2",0.512512643457414,FALSE,TRUE,41
"2.3.2.3.2.2.2.4.2.2.2.2.2.2.2.2.2.2.2.2.2.2",0.570316396523526,FALSE,TRUE,41
"2.3.2.3.2.2.2.3.3.2.2.2.2.2.2.2.2.2.2.2.2.2",0.543559390524502,FALSE,TRUE,41
"2.3.2.3.2.2.2.3.2.3.2.2.2.2.2.2.2.2.2.2.2.2",0.601491291539267,FALSE,TRUE,41
"2.3.2.3.2.2.2.3.2.2.3.2.2.2.2.2.2.2.2.2.2.2",0.562472378251532,FALSE,TRUE,41
"2.3.2.3.2.2.2.3.2.2.2.3.2.2.2.2.2.2.2.2.2.2",0.525715945278013,FALSE,TRUE,41
"2.3.2.3.2.2.2.3.2.2.2.2.3.2.2.2.2.2.2.2.2.2",0.583676417757286,FALSE,TRUE,41
"2.3.2.3.2.2.2.3.2.2.2.2.2.3.2.2.2.2.2.2.2.2",0.524664114445021,FALSE,TRUE,41
"2.3.2.3.2.2.2.3.2.2.2.2.2.2.3.2.2.2.2.2.2.2",0.542113235649876,FALSE,TRUE,41
"2.3.2.3.2.2.2.3.2.2.2.2.2.2.2.3.2.2.2.2.2.2",0.495806116386655,FALSE,TRUE,41
"2.3.2.3.2.2.2.3.2.2.2.2.2.2.2.2.3.2.2.2.2.2",0.567021816557376,FALSE,TRUE,41
"2.3.2.3.2.2.2.3.2.2.2.2.2.2.2.2.2.3.2.2.2.2",0.502775865392172,FALSE,TRUE,41
"2.3.2.3.2.2.2.3.2.2.2.2.2.2.2.2.2.2.3.2.2.2",0.606254818250967,FALSE,TRUE,41
"2.3.2.3.2.2.2.3.2.2.2.2.2.2.2.2.2.2.2.3.2.2",0.536768191146418,FALSE,TRUE,41
"2.3.2.3.2.2.2.3.2.2.2.2.2.2.2.2.2.2.2.2.3.2",0.58409884312256,FALSE,TRUE,41
"1.3.2.3.2.2.2.3.2.2.2.2.2.2.2.2.2.2.2.2.2.2",0.491236149977848,FALSE,TRUE,40
"2.3.1.3.2.2.2.3.2.2.2.2.2.2.2.2.2.2.2.2.2.2",0.544772632105008,FALSE,TRUE,40
"2.3.2.2.2.2.2.3.2.2.2.2.2.2.2.2.2.2.2.2.2.2",0.532475727938856,FALSE,TRUE,39
"2.3.2.3.1.2.2.3.2.2.2.2.2.2.2.2.2.2.2.2.2.2",0.547976655206647,FALSE,TRUE,40
"2.3.2.3.2.1.2.3.2.2.2.2.2.2.2.2.2.2.2.2.2.2",0.577693361981372,FALSE,TRUE,40
"2.3.2.3.2.2.1.3.2.2.2.2.2.2.2.2.2.2.2.2.2.2",0.571580058129922,FALSE,TRUE,40
"2.3.2.3.2.2.2.3.1.2.2.2.2.2.2.2.2.2.2.2.2.2",0.539264397842144,FALSE,TRUE,40
"2.3.2.3.2.2.2.3.2.1.2.2.2.2.2.2.2.2.2.2.2.2",0.490274447587674,FALSE,TRUE,40
"2.3.2.3.2.2.2.3.2.2.1.2.2.2.2.2.2.2.2.2.2.2",0.512747945593493,FALSE,TRUE,39
"2.3.2.3.2.2.2.3.2.2.2.1.2.2.2.2.2.2.2.2.2.2",0.55781240613428,FALSE,TRUE,40
"2.3.2.3.2.2.2.3.2.2.2.2.1.2.2.2.2.2.2.2.2.2",0.504182664540042,FALSE,TRUE,40
"2.3.2.3.2.2.2.3.2.2.2.2.2.1.2.2.2.2.2.2.2.2",0.563501237986399,FALSE,TRUE,40
"2.3.2.3.2.2.2.3.2.2.2.2.2.2.1.2.2.2.2.2.2.2",0.545603451604358,FALSE,TRUE,40
"2.3.2.3.2.2.2.3.2.2.2.2.2.2.2.2.1.2.2.2.2.2",0.517715981245744,FALSE,TRUE,40
"2.3.2.3.2.2.2.3.2.2.2.2.2.2.2.2.2.1.2.2.2.2",0.580243434238963,FALSE,TRUE,40
"2.3.2.3.2.2.2.3.2.2.2.2.2.2.2.2.2.2.1.2.2.2",0.486165434668924,FALSE,TRUE,40
"2.3.2.3.2.2.2.3.2.2.2.2.2.2.2.2.2.2.2.1.2.2",0.554870444596041,FALSE,TRUE,40
"2.3.2.3.2.2.2.3.2.2.2.2.2.2.2.2.2.2.2.2.1.2",0.507944913702674,FALSE,TRUE,40
"2.3.2.3.2.2.2.3.2.2.2.2.2.2.2.2.2.2.2.2.2.1",0.556083866304423,FALSE,TRUE,41
"3.2.2.3.2.2.2.2.2.2.1.2.2.2.2.2.2.2.2.1.3.2",0.593424562386292,FALSE,TRUE,38
"2.3.2.3.2.2.2.2.2.2.1.2.2.2.2.2.2.2.2.1.3.2",0.521798109139084,FALSE,TRUE,38
"2.2.3.3.2.2.2.2.2.2.1.2.2.2.2.2.2.2.2.1.3.2",0.542746742918281,FALSE,TRUE,38
"2.2.2.4.2.2.2.2.2.2.1.2.2.2.2.2.2.2.2.1.3.2",0.534060331752996,FALSE,TRUE,38
"2.2.2.3.2.3.2.2.2.2.1.2.2.2.2.2.2.2.2.1.3.2",0.5010546056352,FALSE,TRUE,38
"2.2.2.3.2.2.3.2.2.2.1.2.2.2.2.2.2.2.2.1.3.2",0.50870079444119,FALSE,TRUE,38
"2.2.2.3.2.2.2.3.2.2.1.2.2.2.2.2.2.2.2.1.3.2",0.568240808150588,FALSE,TRUE,38
"2.2.2.3.2.2.2.2.3.2.1.2.2.2.2.2.2.2.2.1.3.2",0.533388725496177,FALSE,TRUE,38
"2.2.2.3.2.2.2.2.2.3.1.2.2.2.2.2.2.2.2.1.3.2",0.5942256647755,FALSE,TRUE,38
"2.2.2.3.2.2.2.2.2.2.2.2.2.2.2.2.2.2.2.1.3.2",0.551888546086761,FALSE,TRUE,38
"2.2.2.3.2.2.2.2.2.2.1.3.2.2.2.2.2.2.2.1.3.2",0.530932010089101,FALSE,TRUE,38
"2.2.2.3.2.2.2.2.2.2.1.2.3.2.2.2.2.2.2.1.3.2",0.570584416916084,FALSE,TRUE,38
"2.2.2.3.2.2.2.2.2.2.1.2.2.3.2.2.2.2.2.1.3.2",0.516271223751669,FALSE,TRUE,39
"2.2.2.3.2.2.2.2.2.2.1.2.2.2.3.2.2.2.2.1.3.2",0.526153094929646,FALSE,TRUE,38
"2.2.2.3.2.2.2.2.2.2.1.2.2.2.2.3.2.2.2.1.3.2",0.485102843226081,FALSE,TRUE,38
"2.2.2.3.2.2.2.2.2.2.1.2.2.2.2.2.3.2.2.1.3.2",0.542152922992972,FALSE,TRUE,38
"2.2.2.3.2.2.2.2.2.2.1.2.2.2.2.2.2.3.2.1.3.2",0.490297576991914,FALSE,TRUE,38
"2.2.2.3.2.2.2.2.2.2.1.2.2.2.2.2.2.2.3.1.3.2",0.58626797141868,FALSE,TRUE,38
"2.2.2.3.2.2.2.2.2.2.1.2.2.2.2.2.2.2.2.1.4.2",0.556673167178422,FALSE,TRUE,39
"2.2.2.3.2.2.2.2.2.2.1.2.2.2.2.2.2.2.2.1.3.3",0.533042853973489,FALSE,TRUE,38
"1.2.2.3.2.2.2.2.2.2.1.2.2.2.2.2.2.2.2.1.3.2",0.46995899364049,FALSE,TRUE,37
"2.1.2.3.2.2.2.2.2.2.1.2.2.2.2.2.2.2.2.1.3.2",0.540876649575232,FALSE,TRUE,37
"2.2.1.3.2.2.2.2.2.2.1.2.2.2.2.2.2.2.2.1.3.2",0.530032130927945,FALSE,TRUE,37
"2.2.2.2.2.2.2.2.2.2.1.2.2.2.2.2.2.2.2.1.3.2",0.527052144041913,FALSE,TRUE,38
"2.2.2.3.1.2.2.2.2.2.1.2.2.2.2.2.2.2.2.1.3.2",0.533487088702671,FALSE,TRUE,38
"2.2.2.3.2.1.2.2.2.2.1.2.2.2.2.2.2.2.2.1.3.2",0.570034581313752,FALSE,TRUE,37
"2.2.2.3.2.2.1.2.2.2.1.2.2.2.2.2.2.2.2.1.3.2",0.55481498731294,FALSE,TRUE,37
"2.2.2.3.2.2.2.1.2.2.1.2.2.2.2.2.2.2.2.1.3.2",0.499987674170082,FALSE,TRUE,37
"2.2.2.3.2.2.2.2.1.2.1.2.2.2.2.2.2.2.2.1.3.2",0.525578470811077,FALSE,TRUE,37
"2.2.2.3.2.2.2.2.2.1.1.2.2.2.2.2.2.2.2.1.3.2",0.477368016732341,FALSE,TRUE,37
"2.2.2.3.2.2.2.2.2.2.1.1.2.2.2.2.2.2.2.1.3.2",0.532007627088565,FALSE,TRUE,37
"2.2.2.3.2.2.2.2.2.2.1.2.1.2.2.2.2.2.2.1.3.2",0.495488701730023,FALSE,TRUE,37
"2.2.2.3.2.2.2.2.2.2.1.2.2.2.1.2.2.2.2.1.3.2",0.543068274403348,FALSE,TRUE,37
"2.2.2.3.2.2.2.2.2.2.1.2.2.2.2.1.2.2.2.1.3.2",0.583553563308357,FALSE,TRUE,37
"2.2.2.3.2.2.2.2.2.2.1.2.2.2.2.2.1.2.2.1.3.2",0.526405791548609,FALSE,TRUE,37
"2.2.2.3.2.2.2.2.2.2.1.2.2.2.2.2.2.1.2.1.3.2",0.570902452530593,FALSE,TRUE,37
"2.2.2.3.2.2.2.2.2.2.1.2.2.2.2.2.2.2.1.1.3.2",0.483006982976831,FALSE,TRUE,37
"2.2.2.3.2.2.2.2.2.2.1.2.2.2.2.2.2.2.2.1.3.1",0.535377769716209,FALSE,TRUE,37
"3.2.2.2.2.3.2.3.2.2.2.2.2.2.2.2.2.2.2.3.2.2",0.53333404389863,FALSE,TRUE,41
"2.3.2.2.2.3.2.3.2.2.2.2.2.2.2.2.2.2.2.3.2.2",0.481158456686575,FALSE,TRUE,41
"2.2.3.2.2.3.2.3.2.2.2.2.2.2.2.2.2.2.2.3.2.2",0.487419564125475,FALSE,TRUE,41
"2.2.2.3.2.3.2.3.2.2.2.2.2.2.2.2.2.2.2.3.2.2",0.511368007277968,FALSE,TRUE,40
"2.2.2.2.3.3.2.3.2.2.2.2.2.2.2.2.2.2.2.3.2.2",0.47456558978741,FALSE,TRUE,41
"2.2.2.2.2.4.2.3.2.2.2.2.2.2.2.2.2.2.2.3.2.2",0.443924023347023,FALSE,TRUE,41
"2.2.2.2.2.3.3.3.2.2.2.2.2.2.2.2.2.2.2.3.2.2",0.446034305578275,FALSE,TRUE,41
"2.2.2.2.2.3.2.4.2.2.2.2.2.2.2.2.2.2.2.3.2.2",0.501803798362626,FALSE,TRUE,41
"2.2.2.2.2.3.2.3.3.2.2.2.2.2.2.2.2.2.2.3.2.2",0.480732535228572,FALSE,TRUE,41
"2.2.2.2.2.3.2.3.2.2.3.2.2.2.2.2.2.2.2.3.2.2",0.484388675263662,FALSE,TRUE,40
"2.2.2.2.2.3.2.3.2.2.2.3.2.2.2.2.2.2.2.3.2.2",0.472002791117624,FALSE,TRUE,40
"2.2.2.2.2.3.2.3.2.2.2.2.3.2.2.2.2.2.2.3.2.2",0.518549035081586,FALSE,TRUE,41
"2.2.2.2.2.3.2.3.2.2.2.2.2.2.3.2.2.2.2.3.2.2",0.475112621530333,FALSE,TRUE,41
"2.2.2.2.2.3.2.3.2.2.2.2.2.2.2.3.2.2.2.3.2.2",0.418418839570524,FALSE,TRUE,41
"2.2.2.2.2.3.2.3.2.2.2.2.2.2.2.2.3.2.2.3.2.2",0.493375271623658,FALSE,TRUE,41
"2.2.2.2.2.3.2.3.2.2.2.2.2.2.2.2.2.3.2.3.2.2",0.441721791413838,FALSE,TRUE,41
"2.2.2.2.2.3.2.3.2.2.2.2.2.2.2.2.2.2.3.3.2.2",0.544939186144402,FALSE,TRUE,40
"2.2.2.2.2.3.2.3.2.2.2.2.2.2.2.2.2.2.2.4.2.2",0.457133636817934,FALSE,TRUE,42
"2.2.2.2.2.3.2.3.2.2.2.2.2.2.2.2.2.2.2.3.3.2",0.515500122348281,FALSE,TRUE,41
"2.2.2.2.2.3.2.3.2.2.2.2.2.2.2.2.2.2.2.3.2.3",0.469275496243695,FALSE,TRUE,41
"1.2.2.2.2.3.2.3.2.2.2.2.2.2.2.2.2.2.2.3.2.2",0.41921061157853,FALSE,TRUE,38
"2.1.2.2.2.3.2.3.2.2.2.2.2.2.2.2.2.2.2.3.2.2",0.479586112691967,FALSE,TRUE,40
"2.2.1.2.2.3.2.3.2.2.2.2.2.2.2.2.2.2.2.3.2.2",0.478355838630161,FALSE,TRUE,40
"2.2.2.1.2.3.2.3.2.2.2.2.2.2.2.2.2.2.2.3.2.2",0.442247849426504,FALSE,TRUE,40
"2.2.2.2.1.3.2.3.2.2.2.2.2.2.2.2.2.2.2.3.2.2",0.48094970182683,FALSE,TRUE,40
"2.2.2.2.2.2.2.3.2.2.2.2.2.2.2.2.2.2.2.3.2.2",0.517265581512606,FALSE,TRUE,39
"2.2.2.2.2.3.1.3.2.2.2.2.2.2.2.2.2.2.2.3.2.2",0.512879168206225,FALSE,TRUE,40
"2.2.2.2.2.3.2.3.1.2.2.2.2.2.2.2.2.2.2.3.2.2",0.476003165993605,FALSE,TRUE,40
"2.2.2.2.2.3.2.3.2.1.2.2.2.2.2.2.2.2.2.3.2.2",0.422200748434237,FALSE,TRUE,41
"2.2.2.2.2.3.2.3.2.2.1.2.2.2.2.2.2.2.2.3.2.2",0.461660490499001,FALSE,TRUE,40
"2.2.2.2.2.3.2.3.2.2.2.1.2.2.2.2.2.2.2.3.2.2",0.483867538799212,FALSE,TRUE,40
"2.2.2.2.2.3.2.3.2.2.2.2.1.2.2.2.2.2.2.3.2.2",0.440148416441498,FALSE,TRUE,40
"2.2.2.2.2.3.2.3.2.2.2.2.2.1.2.2.2.2.2.3.2.2",0.501484928686551,FALSE,TRUE,40
"2.2.2.2.2.3.2.3.2.2.2.2.2.2.1.2.2.2.2.3.2.2",0.483235331174267,FALSE,TRUE,40
"2.2.2.2.2.3.2.3.2.2.2.2.2.2.2.1.2.2.2.3.2.2",0.543103393987672,FALSE,TRUE,40
"2.2.2.2.2.3.2.3.2.2.2.2.2.2.2.2.1.2.2.3.2.2",0.46066779115735,FALSE,TRUE,40
"2.2.2.2.2.3.2.3.2.2.2.2.2.2.2.2.2.1.2.3.2.2",0.514306931995654,FALSE,TRUE,40
"2.2.2.2.2.3.2.3.2.2.2.2.2.2.2.2.2.2.1.3.2.2",0.417814062162531,FALSE,TRUE,40
"2.2.2.2.2.3.2.3.2.2.2.2.2.2.2.2.2.2.2.3.2.1",0.492355493840607,FALSE,TRUE,40
"3.2.2.2.2.2.1.2.1.2.2.2.2.2.2.2.3.2.2.1.2.2",0.592082342578188,FALSE,TRUE,39
"2.3.2.2.2.2.1.2.1.2.2.2.2.2.2.2.3.2.2.1.2.2",0.522850792710155,FALSE,TRUE,39
"2.2.3.2.2.2.1.2.1.2.2.2.2.2.2.2.3.2.2.1.2.2",0.524287735348897,FALSE,TRUE,39
"2.2.2.3.2.2.1.2.1.2.2.2.2.2.2.2.3.2.2.1.2.2",0.538730789427235,FALSE,TRUE,39
"2.2.2.2.3.2.1.2.1.2.2.2.2.2.2.2.3.2.2.1.2.2",0.533321594308128,FALSE,TRUE,39
"2.2.2.2.2.3.1.2.1.2.2.2.2.2.2.2.3.2.2.1.2.2",0.495630555927924,FALSE,TRUE,39
"2.2.2.2.2.2.2.2.1.2.2.2.2.2.2.2.3.2.2.1.2.2",0.50960328975434,FALSE,TRUE,39
"2.2.2.2.2.2.1.3.1.2.2.2.2.2.2.2.3.2.2.1.2.2",0.55056223602994,FALSE,TRUE,39
"2.2.2.2.2.2.1.2.1.3.2.2.2.2.2.2.3.2.2.1.2.2",0.584017762402357,FALSE,TRUE,39
"2.2.2.2.2.2.1.2.1.2.3.2.2.2.2.2.3.2.2.1.2.2",0.531252514516278,FALSE,TRUE,39
"2.2.2.2.2.2.1.2.1.2.2.3.2.2.2.2.3.2.2.1.2.2",0.518852755205708,FALSE,TRUE,39
"2.2.2.2.2.2.1.2.1.2.2.2.3.2.2.2.3.2.2.1.2.2",0.56644571673299,FALSE,TRUE,39
"2.2.2.2.2.2.1.2.1.2.2.2.2.3.2.2.3.2.2.1.2.2",0.509043236157621,FALSE,TRUE,39
"2.2.2.2.2.2.1.2.1.2.2.2.2.2.3.2.3.2.2.1.2.2",0.505858049687826,FALSE,TRUE,38
"2.2.2.2.2.2.1.2.1.2.2.2.2.2.2.3.3.2.2.1.2.2",0.464898905424364,FALSE,TRUE,39
"2.2.2.2.2.2.1.2.1.2.2.2.2.2.2.2.4.2.2.1.2.2",0.513590813752127,FALSE,TRUE,39
"2.2.2.2.2.2.1.2.1.2.2.2.2.2.2.2.3.3.2.1.2.2",0.487291363756885,FALSE,TRUE,38
"2.2.2.2.2.2.1.2.1.2.2.2.2.2.2.2.3.2.3.1.2.2",0.560976777050173,FALSE,TRUE,39
"2.2.2.2.2.2.1.2.1.2.2.2.2.2.2.2.3.2.2.1.3.2",0.545003976296462,FALSE,TRUE,39
"2.2.2.2.2.2.1.2.1.2.2.2.2.2.2.2.3.2.2.1.2.3",0.516670998957932,FALSE,TRUE,39
"1.2.2.2.2.2.1.2.1.2.2.2.2.2.2.2.3.2.2.1.2.2",0.431180979857812,FALSE,TRUE,38
"2.1.2.2.2.2.1.2.1.2.2.2.2.2.2.2.3.2.2.1.2.2",0.50558993094152,FALSE,TRUE,38
"2.2.1.2.2.2.1.2.1.2.2.2.2.2.2.2.3.2.2.1.2.2",0.509928547235098,FALSE,TRUE,38
"2.2.2.1.2.2.1.2.1.2.2.2.2.2.2.2.3.2.2.1.2.2",0.485183604029299,FALSE,TRUE,38
"2.2.2.2.1.2.1.2.1.2.2.2.2.2.2.2.3.2.2.1.2.2",0.493676010384223,FALSE,TRUE,38
"2.2.2.2.2.1.1.2.1.2.2.2.2.2.2.2.3.2.2.1.2.2",0.532480792520987,FALSE,TRUE,37
"2.2.2.2.2.2.1.1.1.2.2.2.2.2.2.2.3.2.2.1.2.2",0.476833380889433,FALSE,TRUE,37
"2.2.2.2.2.2.1.2.1.1.2.2.2.2.2.2.3.2.2.1.2.2",0.446753321003616,FALSE,TRUE,38
"2.2.2.2.2.2.1.2.1.2.1.2.2.2.2.2.3.2.2.1.2.2",0.484347542644821,FALSE,TRUE,38
"2.2.2.2.2.2.1.2.1.2.2.1.2.2.2.2.3.2.2.1.2.2",0.505445685503077,FALSE,TRUE,38
"2.2.2.2.2.2.1.2.1.2.2.2.1.2.2.2.3.2.2.1.2.2",0.461038538003634,FALSE,TRUE,38
"2.2.2.2.2.2.1.2.1.2.2.2.2.1.2.2.3.2.2.1.2.2",0.512707932855744,FALSE,TRUE,38
"2.2.2.2.2.2.1.2.1.2.2.2.2.2.1.2.3.2.2.1.2.2",0.522712325997036,FALSE,TRUE,38
"2.2.2.2.2.2.1.2.1.2.2.2.2.2.2.1.3.2.2.1.2.2",0.564102484850637,FALSE,TRUE,38
"2.2.2.2.2.2.1.2.1.2.2.2.2.2.2.2.2.2.2.1.2.2",0.5123653594733,FALSE,TRUE,39
"2.2.2.2.2.2.1.2.1.2.2.2.2.2.2.2.3.1.2.1.2.2",0.536727190552209,FALSE,TRUE,38
"2.2.2.2.2.2.1.2.1.2.2.2.2.2.2.2.3.2.1.1.2.2",0.466042872741072,FALSE,TRUE,38
"2.2.2.2.2.2.1.2.1.2.2.2.2.2.2.2.3.2.2.1.1.2",0.484984783700303,FALSE,TRUE,38
"2.2.2.2.2.2.1.2.1.2.2.2.2.2.2.2.3.2.2.1.2.1",0.512142822589655,FALSE,TRUE,38
"3.2.2.3.2.2.2.2.2.2.1.2.2.1.2.2.2.2.2.1.3.2",0.600438035061859,FALSE,TRUE,39
"2.3.2.3.2.2.2.2.2.2.1.2.2.1.2.2.2.2.2.1.3.2",0.52870315823716,FALSE,TRUE,39
"2.2.3.3.2.2.2.2.2.2.1.2.2.1.2.2.2.2.2.1.3.2",0.547739530750861,FALSE,TRUE,38
"2.2.2.4.2.2.2.2.2.2.1.2.2.1.2.2.2.2.2.1.3.2",0.541410883944852,FALSE,TRUE,39
"2.2.2.3.3.2.2.2.2.2.1.2.2.1.2.2.2.2.2.1.3.2",0.540880048167881,FALSE,TRUE,39
"2.2.2.3.2.3.2.2.2.2.1.2.2.1.2.2.2.2.2.1.3.2",0.515511858928445,FALSE,TRUE,39
"2.2.2.3.2.2.3.2.2.2.1.2.2.1.2.2.2.2.2.1.3.2",0.52003168479614,FALSE,TRUE,39
"2.2.2.3.2.2.2.3.2.2.1.2.2.1.2.2.2.2.2.1.3.2",0.564218569514466,FALSE,TRUE,39
"2.2.2.3.2.2.2.2.3.2.1.2.2.1.2.2.2.2.2.1.3.2",0.54388809443475,FALSE,TRUE,39
"2.2.2.3.2.2.2.2.2.3.1.2.2.1.2.2.2.2.2.1.3.2",0.602539884924093,FALSE,TRUE,39
"2.2.2.3.2.2.2.2.2.2.2.2.2.1.2.2.2.2.2.1.3.2",0.569601052951192,FALSE,TRUE,40
"2.2.2.3.2.2.2.2.2.2.1.3.2.1.2.2.2.2.2.1.3.2",0.531336075162639,FALSE,TRUE,39
"2.2.2.3.2.2.2.2.2.2.1.2.3.1.2.2.2.2.2.1.3.2",0.583924621098289,FALSE,TRUE,39
"2.2.2.3.2.2.2.2.2.2.1.2.2.1.3.2.2.2.2.1.3.2",0.529217734214078,FALSE,TRUE,39
"2.2.2.3.2.2.2.2.2.2.1.2.2.1.2.3.2.2.2.1.3.2",0.491177812236181,FALSE,TRUE,39
"2.2.2.3.2.2.2.2.2.2.1.2.2.1.2.2.3.2.2.1.3.2",0.539491177458011,FALSE,TRUE,39
"2.2.2.3.2.2.2.2.2.2.1.2.2.1.2.2.2.3.2.1.3.2",0.500682061242046,FALSE,TRUE,39
"2.2.2.3.2.2.2.2.2.2.1.2.2.1.2.2.2.2.3.1.3.2",0.585578836167378,FALSE,TRUE,39
"2.2.2.3.2.2.2.2.2.2.1.2.2.1.2.2.2.2.2.2.3.2",0.551877141600959,FALSE,TRUE,39
"2.2.2.3.2.2.2.2.2.2.1.2.2.1.2.2.2.2.2.1.4.2",0.564647204991963,FALSE,TRUE,39
"2.2.2.3.2.2.2.2.2.2.1.2.2.1.2.2.2.2.2.1.3.3",0.54425367623765,FALSE,TRUE,39
"1.2.2.3.2.2.2.2.2.2.1.2.2.1.2.2.2.2.2.1.3.2",0.470421977191233,FALSE,TRUE,38
"2.1.2.3.2.2.2.2.2.2.1.2.2.1.2.2.2.2.2.1.3.2",0.542297056366227,FALSE,TRUE,38
"2.2.1.3.2.2.2.2.2.2.1.2.2.1.2.2.2.2.2.1.3.2",0.533619664627392,FALSE,TRUE,38
"2.2.2.2.2.2.2.2.2.2.1.2.2.1.2.2.2.2.2.1.3.2",0.527082761415448,FALSE,TRUE,39
"2.2.2.3.1.2.2.2.2.2.1.2.2.1.2.2.2.2.2.1.3.2",0.530098497687512,FALSE,TRUE,38
"2.2.2.3.2.1.2.2.2.2.1.2.2.1.2.2.2.2.2.1.3.2",0.562153050534066,FALSE,TRUE,38
"2.2.2.3.2.2.1.2.2.2.1.2.2.1.2.2.2.2.2.1.3.2",0.551129180717341,FALSE,TRUE,38
"2.2.2.3.2.2.2.1.2.2.1.2.2.1.2.2.2.2.2.1.3.2",0.511623840553015,FALSE,TRUE,38
"2.2.2.3.2.2.2.2.1.2.1.2.2.1.2.2.2.2.2.1.3.2",0.523237823407607,FALSE,TRUE,38
"2.2.2.3.2.2.2.2.2.1.1.2.2.1.2.2.2.2.2.1.3.2",0.476349048460575,FALSE,TRUE,38
"2.2.2.3.2.2.2.2.2.2.1.1.2.1.2.2.2.2.2.1.3.2",0.539121168576223,FALSE,TRUE,38
"2.2.2.3.2.2.2.2.2.2.1.2.1.1.2.2.2.2.2.1.3.2",0.490526708113745,FALSE,TRUE,38
"2.2.2.3.2.2.2.2.2.2.1.2.2.1.1.2.2.2.2.1.3.2",0.548831150100604,FALSE,TRUE,38
"2.2.2.3.2.2.2.2.2.2.1.2.2.1.2.1.2.2.2.1.3.2",0.585496185801983,FALSE,TRUE,38
"2.2.2.3.2.2.2.2.2.2.1.2.2.1.2.2.1.2.2.1.3.2",0.537040704505918,FALSE,TRUE,38
"2.2.2.3.2.2.2.2.2.2.1.2.2.1.2.2.2.1.2.1.3.2",0.569418140692848,FALSE,TRUE,38
"2.2.2.3.2.2.2.2.2.2.1.2.2.1.2.2.2.2.1.1.3.2",0.490152147586589,FALSE,TRUE,38
"2.2.2.3.2.2.2.2.2.2.1.2.2.1.2.2.2.2.2.1.3.1",0.532374282327421,FALSE,TRUE,38
"3.2.2.2.2.3.2.3.2.3.2.2.2.2.2.2.2.2.2.3.2.2",0.579787468083468,FALSE,TRUE,42
"2.3.2.2.2.3.2.3.2.3.2.2.2.2.2.2.2.2.2.3.2.2",0.531974905513903,FALSE,TRUE,42
"2.2.3.2.2.3.2.3.2.3.2.2.2.2.2.2.2.2.2.3.2.2",0.542368007714796,FALSE,TRUE,42
"2.2.2.3.2.3.2.3.2.3.2.2.2.2.2.2.2.2.2.3.2.2",0.557482656331359,FALSE,TRUE,42
"2.2.2.2.3.3.2.3.2.3.2.2.2.2.2.2.2.2.2.3.2.2",0.520631726486617,FALSE,TRUE,42
"2.2.2.2.2.4.2.3.2.3.2.2.2.2.2.2.2.2.2.3.2.2",0.491994857993693,FALSE,TRUE,42
"2.2.2.2.2.3.3.3.2.3.2.2.2.2.2.2.2.2.2.3.2.2",0.495117788876628,FALSE,TRUE,42
"2.2.2.2.2.3.2.4.2.3.2.2.2.2.2.2.2.2.2.3.2.2",0.556464090367216,FALSE,TRUE,42
"2.2.2.2.2.3.2.3.3.3.2.2.2.2.2.2.2.2.2.3.2.2",0.534991880887186,FALSE,TRUE,42
"2.2.2.2.2.3.2.3.2.4.2.2.2.2.2.2.2.2.2.3.2.2",0.577611448595814,FALSE,TRUE,43
"2.2.2.2.2.3.2.3.2.3.3.2.2.2.2.2.2.2.2.3.2.2",0.527260418774577,FALSE,TRUE,42
"2.2.2.2.2.3.2.3.2.3.2.3.2.2.2.2.2.2.2.3.2.2",0.520547643986582,FALSE,TRUE,41
"2.2.2.2.2.3.2.3.2.3.2.2.3.2.2.2.2.2.2.3.2.2",0.564495092239965,FALSE,TRUE,42
"2.2.2.2.2.3.2.3.2.3.2.2.2.3.2.2.2.2.2.3.2.2",0.508487505242254,FALSE,TRUE,41
"2.2.2.2.2.3.2.3.2.3.2.2.2.2.3.2.2.2.2.3.2.2",0.5297275005054,FALSE,TRUE,42
"2.2.2.2.2.3.2.3.2.3.2.2.2.2.2.3.2.2.2.3.2.2",0.471869921576716,FALSE,TRUE,42
"2.2.2.2.2.3.2.3.2.3.2.2.2.2.2.2.3.2.2.3.2.2",0.550173044762839,FALSE,TRUE,42
"2.2.2.2.2.3.2.3.2.3.2.2.2.2.2.2.2.3.2.3.2.2",0.500727392045745,FALSE,TRUE,42
"2.2.2.2.2.3.2.3.2.3.2.2.2.2.2.2.2.2.3.3.2.2",0.589599920447691,FALSE,TRUE,42
"2.2.2.2.2.3.2.3.2.3.2.2.2.2.2.2.2.2.2.4.2.2",0.508003958477879,FALSE,TRUE,42
"2.2.2.2.2.3.2.3.2.3.2.2.2.2.2.2.2.2.2.3.3.2",0.566344701288913,FALSE,TRUE,42
"2.2.2.2.2.3.2.3.2.3.2.2.2.2.2.2.2.2.2.3.2.3",0.521299610496532,FALSE,TRUE,42
"1.2.2.2.2.3.2.3.2.3.2.2.2.2.2.2.2.2.2.3.2.2",0.476256488175875,FALSE,TRUE,41
"2.1.2.2.2.3.2.3.2.3.2.2.2.2.2.2.2.2.2.3.2.2",0.533257098366837,FALSE,TRUE,41
"2.2.1.2.2.3.2.3.2.3.2.2.2.2.2.2.2.2.2.3.2.2",0.528724683515155,FALSE,TRUE,41
"2.2.2.1.2.3.2.3.2.3.2.2.2.2.2.2.2.2.2.3.2.2",0.500484737299847,FALSE,TRUE,41
"2.2.2.2.1.3.2.3.2.3.2.2.2.2.2.2.2.2.2.3.2.2",0.537928387891696,FALSE,TRUE,41
"2.2.2.2.2.2.2.3.2.3.2.2.2.2.2.2.2.2.2.3.2.2",0.572822642355764,FALSE,TRUE,42
"2.2.2.2.2.3.1.3.2.3.2.2.2.2.2.2.2.2.2.3.2.2",0.566226246471166,FALSE,TRUE,41
"2.2.2.2.2.3.2.2.2.3.2.2.2.2.2.2.2.2.2.3.2.2",0.503910611437752,FALSE,TRUE,41
"2.2.2.2.2.3.2.3.1.3.2.2.2.2.2.2.2.2.2.3.2.2",0.525673614952367,FALSE,TRUE,41
"2.2.2.2.2.3.2.3.2.3.1.2.2.2.2.2.2.2.2.3.2.2",0.521856876558309,FALSE,TRUE,41
"2.2.2.2.2.3.2.3.2.3.2.1.2.2.2.2.2.2.2.3.2.2",0.538669494802259,FALSE,TRUE,41
"2.2.2.2.2.3.2.3.2.3.2.2.1.2.2.2.2.2.2.3.2.2",0.497297591395767,FALSE,TRUE,41
"2.2.2.2.2.3.2.3.2.3.2.2.2.1.2.2.2.2.2.3.2.2",0.557723936543585,FALSE,TRUE,41
"2.2.2.2.2.3.2.3.2.3.2.2.2.2.1.2.2.2.2.3.2.2",0.53290978894591,FALSE,TRUE,41
"2.2.2.2.2.3.2.3.2.3.2.2.2.2.2.1.2.2.2.3.2.2",0.593742055787242,FALSE,TRUE,41
"2.2.2.2.2.3.2.3.2.3.2.2.2.2.2.2.1.2.2.3.2.2",0.507789925882433,FALSE,TRUE,41
"2.2.2.2.2.3.2.3.2.3.2.2.2.2.2.2.2.1.2.3.2.2",0.558594645981402,FALSE,TRUE,41
"2.2.2.2.2.3.2.3.2.3.2.2.2.2.2.2.2.2.1.3.2.2",0.47563815685534,FALSE,TRUE,41
"2.2.2.2.2.3.2.3.2.3.2.2.2.2.2.2.2.2.2.3.1.2",0.501310037269947,FALSE,TRUE,40
"2.2.2.2.2.3.2.3.2.3.2.2.2.2.2.2.2.2.2.3.2.1",0.545578986777536,FALSE,TRUE,41
"3.2.3.2.2.2.3.2.2.2.2.1.2.2.2.2.2.1.2.2.2.2",0.564221861419066,FALSE,TRUE,40
"2.3.3.2.2.2.3.2.2.2.2.1.2.2.2.2.2.1.2.2.2.2",0.505314081284975,FALSE,TRUE,40
"2.2.4.2.2.2.3.2.2.2.2.1.2.2.2.2.2.1.2.2.2.2",0.506241135295675,FALSE,TRUE,41
"2.2.3.3.2.2.3.2.2.2.2.1.2.2.2.2.2.1.2.2.2.2",0.527982136935826,FALSE,TRUE,40
"2.2.3.2.3.2.3.2.2.2.2.1.2.2.2.2.2.1.2.2.2.2",0.498173797895314,FALSE,TRUE,40
"2.2.3.2.2.3.3.2.2.2.2.1.2.2.2.2.2.1.2.2.2.2",0.462787381446025,FALSE,TRUE,40
"2.2.3.2.2.2.4.2.2.2.2.1.2.2.2.2.2.1.2.2.2.2",0.4651165777933,FALSE,TRUE,40
"2.2.3.2.2.2.3.3.2.2.2.1.2.2.2.2.2.1.2.2.2.2",0.538178221692492,FALSE,TRUE,40
"2.2.3.2.2.2.3.2.3.2.2.1.2.2.2.2.2.1.2.2.2.2",0.505131723899802,FALSE,TRUE,40
"2.2.3.2.2.2.3.2.2.3.2.1.2.2.2.2.2.1.2.2.2.2",0.554736091769106,FALSE,TRUE,40
"2.2.3.2.2.2.3.2.2.2.3.1.2.2.2.2.2.1.2.2.2.2",0.489083888073435,FALSE,TRUE,40
"2.2.3.2.2.2.3.2.2.2.2.2.2.2.2.2.2.1.2.2.2.2",0.513241499131929,FALSE,TRUE,41
"2.2.3.2.2.2.3.2.2.2.2.1.2.3.2.2.2.1.2.2.2.2",0.469933135704274,FALSE,TRUE,40
"2.2.3.2.2.2.3.2.2.2.2.1.2.2.3.2.2.1.2.2.2.2",0.497720684628882,FALSE,TRUE,40
"2.2.3.2.2.2.3.2.2.2.2.1.2.2.2.3.2.1.2.2.2.2",0.4399428712886,FALSE,TRUE,40
"2.2.3.2.2.2.3.2.2.2.2.1.2.2.2.2.3.1.2.2.2.2",0.513307902959934,FALSE,TRUE,40
"2.2.3.2.2.2.3.2.2.2.2.1.2.2.2.2.2.1.3.2.2.2",0.554020836096656,FALSE,TRUE,40
"2.2.3.2.2.2.3.2.2.2.2.1.2.2.2.2.2.1.2.3.2.2",0.48746473663482,FALSE,TRUE,40
"2.2.3.2.2.2.3.2.2.2.2.1.2.2.2.2.2.1.2.2.3.2",0.525239288589552,FALSE,TRUE,40
"2.2.3.2.2.2.3.2.2.2.2.1.2.2.2.2.2.1.2.2.2.3",0.491666515132684,FALSE,TRUE,40
"1.2.3.2.2.2.3.2.2.2.2.1.2.2.2.2.2.1.2.2.2.2",0.436214103971511,FALSE,TRUE,39
"2.1.3.2.2.2.3.2.2.2.2.1.2.2.2.2.2.1.2.2.2.2",0.495789308878388,FALSE,TRUE,39
"2.2.3.1.2.2.3.2.2.2.2.1.2.2.2.2.2.1.2.2.2.2",0.469969174047424,FALSE,TRUE,39
"2.2.3.2.1.2.3.2.2.2.2.1.2.2.2.2.2.1.2.2.2.2",0.500262432204245,FALSE,TRUE,39
"2.2.3.2.2.1.3.2.2.2.2.1.2.2.2.2.2.1.2.2.2.2",0.541427336427659,FALSE,TRUE,39
"2.2.3.2.2.2.2.2.2.2.2.1.2.2.2.2.2.1.2.2.2.2",0.535898537357422,FALSE,TRUE,39
"2.2.3.2.2.2.3.1.2.2.2.1.2.2.2.2.2.1.2.2.2.2",0.462779706134153,FALSE,TRUE,39
"2.2.3.2.2.2.3.2.1.2.2.1.2.2.2.2.2.1.2.2.2.2",0.489336286579607,FALSE,TRUE,39
"2.2.3.2.2.2.3.2.2.1.2.1.2.2.2.2.2.1.2.2.2.2",0.44874345436677,FALSE,TRUE,39
"2.2.3.2.2.2.3.2.2.2.1.1.2.2.2.2.2.1.2.2.2.2",0.496464971155639,FALSE,TRUE,39
"2.2.3.2.2.2.3.2.2.2.2.1.1.2.2.2.2.1.2.2.2.2",0.468205032418879,FALSE,TRUE,39
"2.2.3.2.2.2.3.2.2.2.2.1.2.1.2.2.2.1.2.2.2.2",0.526675049114651,FALSE,TRUE,39
"2.2.3.2.2.2.3.2.2.2.2.1.2.2.1.2.2.1.2.2.2.2",0.50247180374497,FALSE,TRUE,39
"2.2.3.2.2.2.3.2.2.2.2.1.2.2.2.1.2.1.2.2.2.2",0.562684008831434,FALSE,TRUE,39
"2.2.3.2.2.2.3.2.2.2.2.1.2.2.2.2.1.1.2.2.2.2",0.486707548922087,FALSE,TRUE,39
"2.2.3.2.2.2.3.2.2.2.2.1.2.2.2.2.2.1.1.2.2.2",0.446366673598286,FALSE,TRUE,39
"2.2.3.2.2.2.3.2.2.2.2.1.2.2.2.2.2.1.2.1.2.2",0.517335463063868,FALSE,TRUE,38
"2.2.3.2.2.2.3.2.2.2.2.1.2.2.2.2.2.1.2.2.1.2",0.476082232979335,FALSE,TRUE,39
"2.2.3.2.2.2.3.2.2.2.2.1.2.2.2.2.2.1.2.2.2.1",0.510144362672574,FALSE,TRUE,39
"2.2.2.2.2.3.2.2.2.2.2.2.2.3.2.2.2.2.2.2.2.3",0.405744122190681,FALSE,TRUE,40
"1.3.2.2.2.3.2.2.2.2.2.2.2.3.2.2.2.2.2.2.2.3",0.336340694334039,FALSE,TRUE,41
"1.2.3.2.2.3.2.2.2.2.2.2.2.3.2.2.2.2.2.2.2.3",0.341844954639496,FALSE,TRUE,41
"1.2.2.3.2.3.2.2.2.2.2.2.2.3.2.2.2.2.2.2.2.3",0.346915109459153,FALSE,TRUE,41
"1.2.2.2.3.3.2.2.2.2.2.2.2.3.2.2.2.2.2.2.2.3",0.319826075538584,FALSE,TRUE,41
"1.2.2.2.2.4.2.2.2.2.2.2.2.3.2.2.2.2.2.2.2.3",0.275885490035814,FALSE,TRUE,41
"1.2.2.2.2.3.3.2.2.2.2.2.2.3.2.2.2.2.2.2.2.3",0.301941044493278,FALSE,TRUE,41
"1.2.2.2.2.3.2.3.2.2.2.2.2.3.2.2.2.2.2.2.2.3",0.389382878936201,FALSE,TRUE,40
"1.2.2.2.2.3.2.2.3.2.2.2.2.3.2.2.2.2.2.2.2.3",0.334192628824285,FALSE,TRUE,41
"1.2.2.2.2.3.2.2.2.3.2.2.2.3.2.2.2.2.2.2.2.3",0.388256024188819,FALSE,TRUE,41
"1.2.2.2.2.3.2.2.2.2.3.2.2.3.2.2.2.2.2.2.2.3",0.310537914068326,FALSE,TRUE,41
"1.2.2.2.2.3.2.2.2.2.2.3.2.3.2.2.2.2.2.2.2.3",0.346889751665366,FALSE,TRUE,41
"1.2.2.2.2.3.2.2.2.2.2.2.3.3.2.2.2.2.2.2.2.3",0.364836087445851,FALSE,TRUE,41
"1.2.2.2.2.3.2.2.2.2.2.2.2.4.2.2.2.2.2.2.2.3",0.281043837180575,FALSE,TRUE,41
"1.2.2.2.2.3.2.2.2.2.2.2.2.3.3.2.2.2.2.2.2.3",0.327380755234919,FALSE,TRUE,41
"1.2.2.2.2.3.2.2.2.2.2.2.2.3.2.3.2.2.2.2.2.3",0.271540616537622,FALSE,TRUE,41
"1.2.2.2.2.3.2.2.2.2.2.2.2.3.2.2.3.2.2.2.2.3",0.357451112472038,FALSE,TRUE,41
"1.2.2.2.2.3.2.2.2.2.2.2.2.3.2.2.2.3.2.2.2.3",0.289902439220807,FALSE,TRUE,41
"1.2.2.2.2.3.2.2.2.2.2.2.2.3.2.2.2.2.3.2.2.3",0.394500760380846,FALSE,TRUE,41
"1.2.2.2.2.3.2.2.2.2.2.2.2.3.2.2.2.2.2.3.2.3",0.322551718255394,FALSE,TRUE,41
"1.2.2.2.2.3.2.2.2.2.2.2.2.3.2.2.2.2.2.2.3.3",0.358474920869072,FALSE,TRUE,41
"1.2.2.2.2.3.2.2.2.2.2.2.2.3.2.2.2.2.2.2.2.4",0.30641364251515,FALSE,TRUE,42
"1.1.2.2.2.3.2.2.2.2.2.2.2.3.2.2.2.2.2.2.2.3",0.328820851351839,FALSE,TRUE,40
"1.2.1.2.2.3.2.2.2.2.2.2.2.3.2.2.2.2.2.2.2.3",0.327398024545078,FALSE,TRUE,40
"1.2.2.1.2.3.2.2.2.2.2.2.2.3.2.2.2.2.2.2.2.3",0.316001891991142,FALSE,TRUE,40
"1.2.2.2.1.3.2.2.2.2.2.2.2.3.2.2.2.2.2.2.2.3",0.343214476339249,FALSE,TRUE,40
"1.2.2.2.2.2.2.2.2.2.2.2.2.3.2.2.2.2.2.2.2.3",0.394858809790159,FALSE,TRUE,41
"1.2.2.2.2.3.1.2.2.2.2.2.2.3.2.2.2.2.2.2.2.3",0.365443616398737,FALSE,TRUE,40
"1.2.2.2.2.3.2.1.2.2.2.2.2.3.2.2.2.2.2.2.2.3",0.276233587287802,FALSE,TRUE,40
"1.2.2.2.2.3.2.2.1.2.2.2.2.3.2.2.2.2.2.2.2.3",0.326838129218624,FALSE,TRUE,40
"1.2.2.2.2.3.2.2.2.1.2.2.2.3.2.2.2.2.2.2.2.3",0.282173559970561,FALSE,TRUE,40
"1.2.2.2.2.3.2.2.2.2.1.2.2.3.2.2.2.2.2.2.2.3",0.34250805194245,FALSE,TRUE,40
"1.2.2.2.2.3.2.2.2.2.2.1.2.3.2.2.2.2.2.2.2.3",0.318403109699623,FALSE,TRUE,40
"1.2.2.2.2.3.2.2.2.2.2.2.1.3.2.2.2.2.2.2.2.3",0.29971371427856,FALSE,TRUE,40
"1.2.2.2.2.3.2.2.2.2.2.2.2.3.1.2.2.2.2.2.2.3",0.338525032943986,FALSE,TRUE,40
"1.2.2.2.2.3.2.2.2.2.2.2.2.3.2.1.2.2.2.2.2.3",0.396708585523529,FALSE,TRUE,40
"1.2.2.2.2.3.2.2.2.2.2.2.2.3.2.2.1.2.2.2.2.3",0.308252910883515,FALSE,TRUE,40
"1.2.2.2.2.3.2.2.2.2.2.2.2.3.2.2.2.1.2.2.2.3",0.371333361107806,FALSE,TRUE,40
"1.2.2.2.2.3.2.2.2.2.2.2.2.3.2.2.2.2.1.2.2.3",0.274686205499645,FALSE,TRUE,40
"1.2.2.2.2.3.2.2.2.2.2.2.2.3.2.2.2.2.2.1.2.3",0.347898906359169,FALSE,TRUE,40
"1.2.2.2.2.3.2.2.2.2.2.2.2.3.2.2.2.2.2.2.1.3",0.305699194592146,FALSE,TRUE,40
"3.2.2.3.3.2.2.2.2.2.1.2.2.2.2.2.2.2.2.1.3.2",0.575283222602693,FALSE,TRUE,40
"2.3.2.3.3.2.2.2.2.2.1.2.2.2.2.2.2.2.2.1.3.2",0.505145373617993,FALSE,TRUE,40
"2.2.3.3.3.2.2.2.2.2.1.2.2.2.2.2.2.2.2.1.3.2",0.532665648558412,FALSE,TRUE,39
"2.2.2.4.3.2.2.2.2.2.1.2.2.2.2.2.2.2.2.1.3.2",0.514882920323169,FALSE,TRUE,40
"2.2.2.3.4.2.2.2.2.2.1.2.2.2.2.2.2.2.2.1.3.2",0.495947839620796,FALSE,TRUE,41
"2.2.2.3.3.3.2.2.2.2.1.2.2.2.2.2.2.2.2.1.3.2",0.485351339750527,FALSE,TRUE,40
"2.2.2.3.3.2.3.2.2.2.1.2.2.2.2.2.2.2.2.1.3.2",0.483683901147109,FALSE,TRUE,40
"2.2.2.3.3.2.2.3.2.2.1.2.2.2.2.2.2.2.2.1.3.2",0.560797704772474,FALSE,TRUE,40
"2.2.2.3.3.2.2.2.3.2.1.2.2.2.2.2.2.2.2.1.3.2",0.511565862594297,FALSE,TRUE,40
"2.2.2.3.3.2.2.2.2.3.1.2.2.2.2.2.2.2.2.1.3.2",0.575751555433114,FALSE,TRUE,40
"2.2.2.3.3.2.2.2.2.2.2.2.2.2.2.2.2.2.2.1.3.2",0.535794861638795,FALSE,TRUE,41
"2.2.2.3.3.2.2.2.2.2.1.3.2.2.2.2.2.2.2.1.3.2",0.513382134002173,FALSE,TRUE,40
"2.2.2.3.3.2.2.2.2.2.1.2.3.2.2.2.2.2.2.1.3.2",0.557606388079143,FALSE,TRUE,40
"2.2.2.3.3.2.2.2.2.2.1.2.2.3.2.2.2.2.2.1.3.2",0.497861156558926,FALSE,TRUE,40
"2.2.2.3.3.2.2.2.2.2.1.2.2.2.3.2.2.2.2.1.3.2",0.507687739093419,FALSE,TRUE,40
"2.2.2.3.3.2.2.2.2.2.1.2.2.2.2.3.2.2.2.1.3.2",0.473853682888066,FALSE,TRUE,40
"2.2.2.3.3.2.2.2.2.2.1.2.2.2.2.2.3.2.2.1.3.2",0.537569367219767,FALSE,TRUE,40
"2.2.2.3.3.2.2.2.2.2.1.2.2.2.2.2.2.3.2.1.3.2",0.472347789535495,FALSE,TRUE,40
"2.2.2.3.3.2.2.2.2.2.1.2.2.2.2.2.2.2.3.1.3.2",0.577498894193526,FALSE,TRUE,40
"2.2.2.3.3.2.2.2.2.2.1.2.2.2.2.2.2.2.2.2.3.2",0.530325316788911,FALSE,TRUE,40
"2.2.2.3.3.2.2.2.2.2.1.2.2.2.2.2.2.2.2.1.4.2",0.547250367745933,FALSE,TRUE,40
"2.2.2.3.3.2.2.2.2.2.1.2.2.2.2.2.2.2.2.1.3.3",0.513213804959839,FALSE,TRUE,40
"1.2.2.3.3.2.2.2.2.2.1.2.2.2.2.2.2.2.2.1.3.2",0.462634920129191,FALSE,TRUE,39
"2.1.2.3.3.2.2.2.2.2.1.2.2.2.2.2.2.2.2.1.3.2",0.532050573695111,FALSE,TRUE,39
"2.2.1.3.3.2.2.2.2.2.1.2.2.2.2.2.2.2.2.1.3.2",0.515389352314324,FALSE,TRUE,39
"2.2.2.2.3.2.2.2.2.2.1.2.2.2.2.2.2.2.2.1.3.2",0.52074098064617,FALSE,TRUE,40
"2.2.2.3.3.1.2.2.2.2.1.2.2.2.2.2.2.2.2.1.3.2",0.560711750949825,FALSE,TRUE,39
"2.2.2.3.3.2.1.2.2.2.1.2.2.2.2.2.2.2.2.1.3.2",0.553914533946861,FALSE,TRUE,39
"2.2.2.3.3.2.2.1.2.2.1.2.2.2.2.2.2.2.2.1.3.2",0.481681507456477,FALSE,TRUE,39
"2.2.2.3.3.2.2.2.1.2.1.2.2.2.2.2.2.2.2.1.3.2",0.522741826311366,FALSE,TRUE,39
"2.2.2.3.3.2.2.2.2.1.1.2.2.2.2.2.2.2.2.1.3.2",0.470567107575425,FALSE,TRUE,39
"2.2.2.3.3.2.2.2.2.2.1.1.2.2.2.2.2.2.2.1.3.2",0.52487340400566,FALSE,TRUE,39
"2.2.2.3.3.2.2.2.2.2.1.2.1.2.2.2.2.2.2.1.3.2",0.483525965041961,FALSE,TRUE,39
"2.2.2.3.3.2.2.2.2.2.1.2.2.2.1.2.2.2.2.1.3.2",0.537304412229004,FALSE,TRUE,39
"2.2.2.3.3.2.2.2.2.2.1.2.2.2.2.1.2.2.2.1.3.2",0.570494186792031,FALSE,TRUE,39
"2.2.2.3.3.2.2.2.2.2.1.2.2.2.2.2.1.2.2.1.3.2",0.505797971443308,FALSE,TRUE,39
"2.2.2.3.3.2.2.2.2.2.1.2.2.2.2.2.2.1.2.1.3.2",0.564766202304144,FALSE,TRUE,39
"2.2.2.3.3.2.2.2.2.2.1.2.2.2.2.2.2.2.1.1.3.2",0.467432013058472,FALSE,TRUE,39
"2.2.2.3.3.2.2.2.2.2.1.2.2.2.2.2.2.2.2.1.3.1",0.530408843513443,FALSE,TRUE,39
"1.3.2.2.2.3.2.3.2.2.2.1.2.2.2.2.2.2.2.2.1.2",0.379322804293889,FALSE,TRUE,39
"1.2.3.2.2.3.2.3.2.2.2.1.2.2.2.2.2.2.2.2.1.2",0.3925993622104,FALSE,TRUE,39
"1.2.2.3.2.3.2.3.2.2.2.1.2.2.2.2.2.2.2.2.1.2",0.414303850821424,FALSE,TRUE,39
"1.2.2.2.3.3.2.3.2.2.2.1.2.2.2.2.2.2.2.2.1.2",0.383585324558214,FALSE,TRUE,39
"1.2.2.2.2.4.2.3.2.2.2.1.2.2.2.2.2.2.2.2.1.2",0.336358231196281,FALSE,TRUE,39
"1.2.2.2.2.3.3.3.2.2.2.1.2.2.2.2.2.2.2.2.1.2",0.348271396374104,FALSE,TRUE,39
"1.2.2.2.2.3.2.4.2.2.2.1.2.2.2.2.2.2.2.2.1.2",0.409132050520315,FALSE,TRUE,39
"1.2.2.2.2.3.2.3.3.2.2.1.2.2.2.2.2.2.2.2.1.2",0.389103886889978,FALSE,TRUE,39
"1.2.2.2.2.3.2.3.2.3.2.1.2.2.2.2.2.2.2.2.1.2",0.44689755670114,FALSE,TRUE,39
"1.2.2.2.2.3.2.3.2.2.3.1.2.2.2.2.2.2.2.2.1.2",0.394332570944613,FALSE,TRUE,39
"1.2.2.2.2.3.2.3.2.2.2.1.3.2.2.2.2.2.2.2.1.2",0.424244043251061,FALSE,TRUE,39
"1.2.2.2.2.3.2.3.2.2.2.1.2.3.2.2.2.2.2.2.1.2",0.357617701725871,FALSE,TRUE,39
"1.2.2.2.2.3.2.3.2.2.2.1.2.2.3.2.2.2.2.2.1.2",0.375587067219492,FALSE,TRUE,39
"1.2.2.2.2.3.2.3.2.2.2.1.2.2.2.3.2.2.2.2.1.2",0.313799217670512,FALSE,TRUE,39
"1.2.2.2.2.3.2.3.2.2.2.1.2.2.2.2.3.2.2.2.1.2",0.388651212478075,FALSE,TRUE,39
"1.2.2.2.2.3.2.3.2.2.2.1.2.2.2.2.2.3.2.2.1.2",0.337909177929659,FALSE,TRUE,39
"1.2.2.2.2.3.2.3.2.2.2.1.2.2.2.2.2.2.3.2.1.2",0.441976541672021,FALSE,TRUE,39
"1.2.2.2.2.3.2.3.2.2.2.1.2.2.2.2.2.2.2.3.1.2",0.370583578508787,FALSE,TRUE,39
"1.2.2.2.2.3.2.3.2.2.2.1.2.2.2.2.2.2.2.2.2.2",0.421480304131041,FALSE,TRUE,38
"1.2.2.2.2.3.2.3.2.2.2.1.2.2.2.2.2.2.2.2.1.3",0.374676704673279,FALSE,TRUE,39
"1.1.2.2.2.3.2.3.2.2.2.1.2.2.2.2.2.2.2.2.1.2",0.379956554729221,FALSE,TRUE,38
"1.2.1.2.2.3.2.3.2.2.2.1.2.2.2.2.2.2.2.2.1.2",0.371984872107793,FALSE,TRUE,38
"1.2.2.1.2.3.2.3.2.2.2.1.2.2.2.2.2.2.2.2.1.2",0.340273930541799,FALSE,TRUE,38
"1.2.2.2.1.3.2.3.2.2.2.1.2.2.2.2.2.2.2.2.1.2",0.371756103347418,FALSE,TRUE,38
"1.2.2.2.2.2.2.3.2.2.2.1.2.2.2.2.2.2.2.2.1.2",0.422404673083028,FALSE,TRUE,39
"1.2.2.2.2.3.1.3.2.2.2.1.2.2.2.2.2.2.2.2.1.2",0.412617800518535,FALSE,TRUE,38
"1.2.2.2.2.3.2.2.2.2.2.1.2.2.2.2.2.2.2.2.1.2",0.347058974078246,FALSE,TRUE,38
"1.2.2.2.2.3.2.3.1.2.2.1.2.2.2.2.2.2.2.2.1.2",0.365095301249598,FALSE,TRUE,38
"1.2.2.2.2.3.2.3.2.1.2.1.2.2.2.2.2.2.2.2.1.2",0.314821651108464,FALSE,TRUE,38
"1.2.2.2.2.3.2.3.2.2.1.1.2.2.2.2.2.2.2.2.1.2",0.354996981437312,FALSE,TRUE,38
"1.2.2.2.2.3.2.3.2.2.2.1.1.2.2.2.2.2.2.2.1.2",0.335542328680473,FALSE,TRUE,38
"1.2.2.2.2.3.2.3.2.2.2.1.2.1.2.2.2.2.2.2.1.2",0.398115077498961,FALSE,TRUE,38
"1.2.2.2.2.3.2.3.2.2.2.1.2.2.1.2.2.2.2.2.1.2",0.383903307033529,FALSE,TRUE,38
"1.2.2.2.2.3.2.3.2.2.2.1.2.2.2.1.2.2.2.2.1.2",0.447998751840149,FALSE,TRUE,38
"1.2.2.2.2.3.2.3.2.2.2.1.2.2.2.2.1.2.2.2.1.2",0.367881506968305,FALSE,TRUE,38
"1.2.2.2.2.3.2.3.2.2.2.1.2.2.2.2.2.1.2.2.1.2",0.418331182706997,FALSE,TRUE,38
"1.2.2.2.2.3.2.3.2.2.2.1.2.2.2.2.2.2.1.2.1.2",0.318265125627137,FALSE,TRUE,38
"1.2.2.2.2.3.2.3.2.2.2.1.2.2.2.2.2.2.2.1.1.2",0.391056695701693,FALSE,TRUE,38
"1.2.2.2.2.3.2.3.2.2.2.1.2.2.2.2.2.2.2.2.1.1",0.384321658773248,FALSE,TRUE,38
"3.3.2.3.2.2.2.3.2.2.2.2.2.2.2.2.2.2.2.2.2.3",0.565478498648366,FALSE,TRUE,42
"2.4.2.3.2.2.2.3.2.2.2.2.2.2.2.2.2.2.2.2.2.3",0.507541258522505,FALSE,TRUE,42
"2.3.3.3.2.2.2.3.2.2.2.2.2.2.2.2.2.2.2.2.2.3",0.531507074056914,FALSE,TRUE,42
"2.3.2.4.2.2.2.3.2.2.2.2.2.2.2.2.2.2.2.2.2.3",0.527602296514114,FALSE,TRUE,42
"2.3.2.3.3.2.2.3.2.2.2.2.2.2.2.2.2.2.2.2.2.3",0.511428242439997,FALSE,TRUE,42
"2.3.2.3.2.3.2.3.2.2.2.2.2.2.2.2.2.2.2.2.2.3",0.494586517396274,FALSE,TRUE,42
"2.3.2.3.2.2.3.3.2.2.2.2.2.2.2.2.2.2.2.2.2.3",0.498799905245568,FALSE,TRUE,42
"2.3.2.3.2.2.2.4.2.2.2.2.2.2.2.2.2.2.2.2.2.3",0.558217195529178,FALSE,TRUE,42
"2.3.2.3.2.2.2.3.3.2.2.2.2.2.2.2.2.2.2.2.2.3",0.523784604079896,FALSE,TRUE,42
"2.3.2.3.2.2.2.3.2.3.2.2.2.2.2.2.2.2.2.2.2.3",0.582436131624821,FALSE,TRUE,42
"2.3.2.3.2.2.2.3.2.2.3.2.2.2.2.2.2.2.2.2.2.3",0.538831548477405,FALSE,TRUE,42
"2.3.2.3.2.2.2.3.2.2.2.3.2.2.2.2.2.2.2.2.2.3",0.508528687223415,FALSE,TRUE,42
"2.3.2.3.2.2.2.3.2.2.2.2.3.2.2.2.2.2.2.2.2.3",0.569465045680434,FALSE,TRUE,42
"2.3.2.3.2.2.2.3.2.2.2.2.2.3.2.2.2.2.2.2.2.3",0.502725340271315,FALSE,TRUE,42
"2.3.2.3.2.2.2.3.2.2.2.2.2.2.3.2.2.2.2.2.2.3",0.524462240493587,FALSE,TRUE,42
"2.3.2.3.2.2.2.3.2.2.2.2.2.2.2.3.2.2.2.2.2.3",0.481078162287027,FALSE,TRUE,42
"2.3.2.3.2.2.2.3.2.2.2.2.2.2.2.2.3.2.2.2.2.3",0.556407968621595,FALSE,TRUE,42
"2.3.2.3.2.2.2.3.2.2.2.2.2.2.2.2.2.3.2.2.2.3",0.485010498929361,FALSE,TRUE,42
"2.3.2.3.2.2.2.3.2.2.2.2.2.2.2.2.2.2.3.2.2.3",0.592048604317926,FALSE,TRUE,42
"2.3.2.3.2.2.2.3.2.2.2.2.2.2.2.2.2.2.2.3.2.3",0.516868734812218,FALSE,TRUE,42
"2.3.2.3.2.2.2.3.2.2.2.2.2.2.2.2.2.2.2.2.3.3",0.569581720003047,FALSE,TRUE,42
"2.3.2.3.2.2.2.3.2.2.2.2.2.2.2.2.2.2.2.2.2.4",0.505846669196666,FALSE,TRUE,43
"1.3.2.3.2.2.2.3.2.2.2.2.2.2.2.2.2.2.2.2.2.3",0.480507153575238,FALSE,TRUE,41
"2.3.1.3.2.2.2.3.2.2.2.2.2.2.2.2.2.2.2.2.2.3",0.528771769260577,FALSE,TRUE,41
"2.3.2.2.2.2.2.3.2.2.2.2.2.2.2.2.2.2.2.2.2.3",0.51990027032132,FALSE,TRUE,42
"2.3.2.3.1.2.2.3.2.2.2.2.2.2.2.2.2.2.2.2.2.3",0.537218914305621,FALSE,TRUE,41
"2.3.2.3.2.1.2.3.2.2.2.2.2.2.2.2.2.2.2.2.2.3",0.562763612323855,FALSE,TRUE,41
"2.3.2.3.2.2.1.3.2.2.2.2.2.2.2.2.2.2.2.2.2.3",0.551871415693484,FALSE,TRUE,41
"2.3.2.3.2.2.2.2.2.2.2.2.2.2.2.2.2.2.2.2.2.3",0.494576241080431,FALSE,TRUE,41
"2.3.2.3.2.2.2.3.1.2.2.2.2.2.2.2.2.2.2.2.2.3",0.524385555091487,FALSE,TRUE,41
"2.3.2.3.2.2.2.3.2.1.2.2.2.2.2.2.2.2.2.2.2.3",0.475525816815037,FALSE,TRUE,41
"2.3.2.3.2.2.2.3.2.2.1.2.2.2.2.2.2.2.2.2.2.3",0.502313063904787,FALSE,TRUE,41
"2.3.2.3.2.2.2.3.2.2.2.1.2.2.2.2.2.2.2.2.2.3",0.540842943719797,FALSE,TRUE,41
"2.3.2.3.2.2.2.3.2.2.2.2.1.2.2.2.2.2.2.2.2.3",0.484612471606934,FALSE,TRUE,41
"2.3.2.3.2.2.2.3.2.2.2.2.2.1.2.2.2.2.2.2.2.3",0.551157832445384,FALSE,TRUE,41
"2.3.2.3.2.2.2.3.2.2.2.2.2.2.1.2.2.2.2.2.2.3",0.528940037792524,FALSE,TRUE,41
"2.3.2.3.2.2.2.3.2.2.2.2.2.2.2.1.2.2.2.2.2.3",0.573841839552317,FALSE,TRUE,40
"2.3.2.3.2.2.2.3.2.2.2.2.2.2.2.2.1.2.2.2.2.3",0.494374076655772,FALSE,TRUE,41
"2.3.2.3.2.2.2.3.2.2.2.2.2.2.2.2.2.1.2.2.2.3",0.563637265794411,FALSE,TRUE,41
"2.3.2.3.2.2.2.3.2.2.2.2.2.2.2.2.2.2.1.2.2.3",0.466314901949849,FALSE,TRUE,41
"2.3.2.3.2.2.2.3.2.2.2.2.2.2.2.2.2.2.2.1.2.3",0.54143563838239,FALSE,TRUE,41
"2.3.2.3.2.2.2.3.2.2.2.2.2.2.2.2.2.2.2.2.1.3",0.487740531086714,FALSE,TRUE,41
"3.2.2.2.2.2.2.2.2.2.2.1.2.2.1.2.2.2.2.2.2.2",0.560059550721636,FALSE,TRUE,39
"2.3.2.2.2.2.2.2.2.2.2.1.2.2.1.2.2.2.2.2.2.2",0.493852117290461,FALSE,TRUE,39
"2.2.3.2.2.2.2.2.2.2.2.1.2.2.1.2.2.2.2.2.2.2",0.504141542125657,FALSE,TRUE,39
"2.2.2.3.2.2.2.2.2.2.2.1.2.2.1.2.2.2.2.2.2.2",0.523301203393271,FALSE,TRUE,38
"2.2.2.2.3.2.2.2.2.2.2.1.2.2.1.2.2.2.2.2.2.2",0.500140670025121,FALSE,TRUE,39
"2.2.2.2.2.3.2.2.2.2.2.1.2.2.1.2.2.2.2.2.2.2",0.460681563409147,FALSE,TRUE,38
"2.2.2.2.2.2.2.3.2.2.2.1.2.2.1.2.2.2.2.2.2.2",0.533715326308375,FALSE,TRUE,39
"2.2.2.2.2.2.2.2.3.2.2.1.2.2.1.2.2.2.2.2.2.2",0.505852827252566,FALSE,TRUE,39
"2.2.2.2.2.2.2.2.2.3.2.1.2.2.1.2.2.2.2.2.2.2",0.553755124760832,FALSE,TRUE,39
"2.2.2.2.2.2.2.2.2.2.3.1.2.2.1.2.2.2.2.2.2.2",0.494419776753143,FALSE,TRUE,39
"2.2.2.2.2.2.2.2.2.2.2.1.3.2.1.2.2.2.2.2.2.2",0.530378551513802,FALSE,TRUE,39
"2.2.2.2.2.2.2.2.2.2.2.1.2.3.1.2.2.2.2.2.2.2",0.463209076447328,FALSE,TRUE,39
"2.2.2.2.2.2.2.2.2.2.2.1.2.2.1.3.2.2.2.2.2.2",0.438915894144117,FALSE,TRUE,39
"2.2.2.2.2.2.2.2.2.2.2.1.2.2.1.2.3.2.2.2.2.2",0.514722808487994,FALSE,TRUE,38
"2.2.2.2.2.2.2.2.2.2.2.1.2.2.1.2.2.3.2.2.2.2",0.459523480873291,FALSE,TRUE,39
"2.2.2.2.2.2.2.2.2.2.2.1.2.2.1.2.2.2.3.2.2.2",0.553778767656059,FALSE,TRUE,39
"2.2.2.2.2.2.2.2.2.2.2.1.2.2.1.2.2.2.2.3.2.2",0.479693804699494,FALSE,TRUE,39
"2.2.2.2.2.2.2.2.2.2.2.1.2.2.1.2.2.2.2.2.2.3",0.482450557372653,FALSE,TRUE,39
"1.2.2.2.2.2.2.2.2.2.2.1.2.2.1.2.2.2.2.2.2.2",0.423248115939047,FALSE,TRUE,38
"2.1.2.2.2.2.2.2.2.2.2.1.2.2.1.2.2.2.2.2.2.2",0.493005143439029,FALSE,TRUE,38
"2.2.1.2.2.2.2.2.2.2.2.1.2.2.1.2.2.2.2.2.2.2",0.488346509796283,FALSE,TRUE,38
"2.2.2.1.2.2.2.2.2.2.2.1.2.2.1.2.2.2.2.2.2.2",0.459240397878174,FALSE,TRUE,38
"2.2.2.2.1.2.2.2.2.2.2.1.2.2.1.2.2.2.2.2.2.2",0.483127193555362,FALSE,TRUE,37
"2.2.2.2.2.1.2.2.2.2.2.1.2.2.1.2.2.2.2.2.2.2",0.527786101902534,FALSE,TRUE,38
"2.2.2.2.2.2.1.2.2.2.2.1.2.2.1.2.2.2.2.2.2.2",0.517752818620716,FALSE,TRUE,38
"2.2.2.2.2.2.2.1.2.2.2.1.2.2.1.2.2.2.2.2.2.2",0.451793523546122,FALSE,TRUE,38
"2.2.2.2.2.2.2.2.1.2.2.1.2.2.1.2.2.2.2.2.2.2",0.47476468839143,FALSE,TRUE,38
"2.2.2.2.2.2.2.2.2.1.2.1.2.2.1.2.2.2.2.2.2.2",0.435814399199855,FALSE,TRUE,38
"2.2.2.2.2.2.2.2.2.2.1.1.2.2.1.2.2.2.2.2.2.2",0.479254844413198,FALSE,TRUE,38
"2.2.2.2.2.2.2.2.2.2.2.1.1.2.1.2.2.2.2.2.2.2",0.455619061149399,FALSE,TRUE,38
"2.2.2.2.2.2.2.2.2.2.2.1.2.1.1.2.2.2.2.2.2.2",0.5196675605709,FALSE,TRUE,38
"2.2.2.2.2.2.2.2.2.2.2.1.2.2.1.1.2.2.2.2.2.2",0.548606207327745,FALSE,TRUE,38
"2.2.2.2.2.2.2.2.2.2.2.1.2.2.1.2.1.2.2.2.2.2",0.468844426334306,FALSE,TRUE,38
"2.2.2.2.2.2.2.2.2.2.2.1.2.2.1.2.2.1.2.2.2.2",0.520529808014506,FALSE,TRUE,37
"2.2.2.2.2.2.2.2.2.2.2.1.2.2.1.2.2.2.1.2.2.2",0.434244516632135,FALSE,TRUE,38
"2.2.2.2.2.2.2.2.2.2.2.1.2.2.1.2.2.2.2.1.2.2",0.509679713782254,FALSE,TRUE,37
"2.2.2.2.2.2.2.2.2.2.2.1.2.2.1.2.2.2.2.2.1.2",0.464653770797056,FALSE,TRUE,39
"2.2.2.2.2.2.2.2.2.2.2.1.2.2.1.2.2.2.2.2.2.1",0.505424308635558,FALSE,TRUE,38
"3.2.2.2.2.3.2.3.2.2.2.3.2.2.2.2.2.2.2.2.2.2",0.529115620487068,FALSE,TRUE,41
"2.3.2.2.2.3.2.3.2.2.2.3.2.2.2.2.2.2.2.2.2.2",0.481020995567345,FALSE,TRUE,41
"2.2.3.2.2.3.2.3.2.2.2.3.2.2.2.2.2.2.2.2.2.2",0.487520158017315,FALSE,TRUE,41
"2.2.2.3.2.3.2.3.2.2.2.3.2.2.2.2.2.2.2.2.2.2",0.506396107752719,FALSE,TRUE,40
"2.2.2.2.3.3.2.3.2.2.2.3.2.2.2.2.2.2.2.2.2.2",0.4755100309829,FALSE,TRUE,41
"2.2.2.2.2.4.2.3.2.2.2.3.2.2.2.2.2.2.2.2.2.2",0.449459251220775,FALSE,TRUE,41
"2.2.2.2.2.3.3.3.2.2.2.3.2.2.2.2.2.2.2.2.2.2",0.448398427821155,FALSE,TRUE,41
"2.2.2.2.2.3.2.4.2.2.2.3.2.2.2.2.2.2.2.2.2.2",0.504573510107467,FALSE,TRUE,41
"2.2.2.2.2.3.2.3.3.2.2.3.2.2.2.2.2.2.2.2.2.2",0.48225030410755,FALSE,TRUE,41
"2.2.2.2.2.3.2.3.2.3.2.3.2.2.2.2.2.2.2.2.2.2",0.540660369167297,FALSE,TRUE,40
"2.2.2.2.2.3.2.3.2.2.2.4.2.2.2.2.2.2.2.2.2.2",0.457293328949925,FALSE,TRUE,42
"2.2.2.2.2.3.2.3.2.2.2.3.3.2.2.2.2.2.2.2.2.2",0.520748210778785,FALSE,TRUE,41
"2.2.2.2.2.3.2.3.2.2.2.3.2.2.3.2.2.2.2.2.2.2",0.477454389513486,FALSE,TRUE,41
"2.2.2.2.2.3.2.3.2.2.2.3.2.2.2.3.2.2.2.2.2.2",0.424340478097079,FALSE,TRUE,41
"2.2.2.2.2.3.2.3.2.2.2.3.2.2.2.2.3.2.2.2.2.2",0.497833536711689,FALSE,TRUE,41
"2.2.2.2.2.3.2.3.2.2.2.3.2.2.2.2.2.3.2.2.2.2",0.447658954599516,FALSE,TRUE,41
"2.2.2.2.2.3.2.3.2.2.2.3.2.2.2.2.2.2.3.2.2.2",0.542547932111452,FALSE,TRUE,40
"2.2.2.2.2.3.2.3.2.2.2.3.2.2.2.2.2.2.2.2.3.2",0.520150638195391,FALSE,TRUE,41
"2.2.2.2.2.3.2.3.2.2.2.3.2.2.2.2.2.2.2.2.2.3",0.475653409556034,FALSE,TRUE,41
"1.2.2.2.2.3.2.3.2.2.2.3.2.2.2.2.2.2.2.2.2.2",0.431425702809707,FALSE,TRUE,38
"2.1.2.2.2.3.2.3.2.2.2.3.2.2.2.2.2.2.2.2.2.2",0.486689973094301,FALSE,TRUE,40
"2.2.1.2.2.3.2.3.2.2.2.3.2.2.2.2.2.2.2.2.2.2",0.486493701675893,FALSE,TRUE,40
"2.2.2.1.2.3.2.3.2.2.2.3.2.2.2.2.2.2.2.2.2.2",0.454890248593639,FALSE,TRUE,40
"2.2.2.2.1.3.2.3.2.2.2.3.2.2.2.2.2.2.2.2.2.2",0.48918193307643,FALSE,TRUE,40
"2.2.2.2.2.2.2.3.2.2.2.3.2.2.2.2.2.2.2.2.2.2",0.521517609527711,FALSE,TRUE,39
"2.2.2.2.2.3.1.3.2.2.2.3.2.2.2.2.2.2.2.2.2.2",0.517133785002445,FALSE,TRUE,40
"2.2.2.2.2.3.2.3.1.2.2.3.2.2.2.2.2.2.2.2.2.2",0.482931452158634,FALSE,TRUE,40
"2.2.2.2.2.3.2.3.2.1.2.3.2.2.2.2.2.2.2.2.2.2",0.431101932757779,FALSE,TRUE,40
"2.2.2.2.2.3.2.3.2.2.1.3.2.2.2.2.2.2.2.2.2.2",0.463047770389197,FALSE,TRUE,41
"2.2.2.2.2.3.2.3.2.2.2.3.1.2.2.2.2.2.2.2.2.2",0.445829443188619,FALSE,TRUE,40
"2.2.2.2.2.3.2.3.2.2.2.3.2.1.2.2.2.2.2.2.2.2",0.500811632567529,FALSE,TRUE,40
"2.2.2.2.2.3.2.3.2.2.2.3.2.2.1.2.2.2.2.2.2.2",0.491060406298299,FALSE,TRUE,40
"2.2.2.2.2.3.2.3.2.2.2.3.2.2.2.1.2.2.2.2.2.2",0.545570622978595,FALSE,TRUE,40
"2.2.2.2.2.3.2.3.2.2.2.3.2.2.2.2.1.2.2.2.2.2",0.466786378720844,FALSE,TRUE,40
"2.2.2.2.2.3.2.3.2.2.2.3.2.2.2.2.2.1.2.2.2.2",0.517255481508802,FALSE,TRUE,40
"2.2.2.2.2.3.2.3.2.2.2.3.2.2.2.2.2.2.1.2.2.2",0.428771275108561,FALSE,TRUE,40
"2.2.2.2.2.3.2.3.2.2.2.3.2.2.2.2.2.2.2.1.2.2",0.500937185051348,FALSE,TRUE,40
"2.2.2.2.2.3.2.3.2.2.2.3.2.2.2.2.2.2.2.2.2.1",0.494037938060147,FALSE,TRUE,40
"3.2.2.2.2.3.2.3.2.2.3.3.2.2.2.2.2.2.2.2.2.2",0.528034222326417,FALSE,TRUE,42
"2.3.2.2.2.3.2.3.2.2.3.3.2.2.2.2.2.2.2.2.2.2",0.490915105695558,FALSE,TRUE,42
"2.2.3.2.2.3.2.3.2.2.3.3.2.2.2.2.2.2.2.2.2.2",0.488453725458198,FALSE,TRUE,42
"2.2.2.3.2.3.2.3.2.2.3.3.2.2.2.2.2.2.2.2.2.2",0.50337328356843,FALSE,TRUE,42
"2.2.2.2.3.3.2.3.2.2.3.3.2.2.2.2.2.2.2.2.2.2",0.469388228317742,FALSE,TRUE,42
"2.2.2.2.2.4.2.3.2.2.3.3.2.2.2.2.2.2.2.2.2.2",0.444455245057786,FALSE,TRUE,42
"2.2.2.2.2.3.3.3.2.2.3.3.2.2.2.2.2.2.2.2.2.2",0.443150259748036,FALSE,TRUE,42
"2.2.2.2.2.3.2.4.2.2.3.3.2.2.2.2.2.2.2.2.2.2",0.515385075373895,FALSE,TRUE,42
"2.2.2.2.2.3.2.3.3.2.3.3.2.2.2.2.2.2.2.2.2.2",0.483691586288467,FALSE,TRUE,42
"2.2.2.2.2.3.2.3.2.3.3.3.2.2.2.2.2.2.2.2.2.2",0.530356044346037,FALSE,TRUE,42
"2.2.2.2.2.3.2.3.2.2.4.3.2.2.2.2.2.2.2.2.2.2",0.462117524663843,FALSE,TRUE,43
"2.2.2.2.2.3.2.3.2.2.3.4.2.2.2.2.2.2.2.2.2.2",0.458932420783287,FALSE,TRUE,42
"2.2.2.2.2.3.2.3.2.2.3.3.3.2.2.2.2.2.2.2.2.2",0.512253058039916,FALSE,TRUE,42
"2.2.2.2.2.3.2.3.2.2.3.3.2.3.2.2.2.2.2.2.2.2",0.456189499154807,FALSE,TRUE,41
"2.2.2.2.2.3.2.3.2.2.3.3.2.2.3.2.2.2.2.2.2.2",0.473483087359232,FALSE,TRUE,42
"2.2.2.2.2.3.2.3.2.2.3.3.2.2.2.3.2.2.2.2.2.2",0.4233424002368,FALSE,TRUE,42
"2.2.2.2.2.3.2.3.2.2.3.3.2.2.2.2.3.2.2.2.2.2",0.50474264111785,FALSE,TRUE,42
"2.2.2.2.2.3.2.3.2.2.3.3.2.2.2.2.2.3.2.2.2.2",0.456172792868552,FALSE,TRUE,42
"2.2.2.2.2.3.2.3.2.2.3.3.2.2.2.2.2.2.3.2.2.2",0.534481291050663,FALSE,TRUE,40
"2.2.2.2.2.3.2.3.2.2.3.3.2.2.2.2.2.2.2.3.2.2",0.470283839135094,FALSE,TRUE,41
"2.2.2.2.2.3.2.3.2.2.3.3.2.2.2.2.2.2.2.2.3.2",0.511537094667371,FALSE,TRUE,42
"2.2.2.2.2.3.2.3.2.2.3.3.2.2.2.2.2.2.2.2.2.3",0.469458661499499,FALSE,TRUE,42
"1.2.2.2.2.3.2.3.2.2.3.3.2.2.2.2.2.2.2.2.2.2",0.431966379902622,FALSE,TRUE,41
"2.1.2.2.2.3.2.3.2.2.3.3.2.2.2.2.2.2.2.2.2.2",0.476815082597479,FALSE,TRUE,41
"2.2.1.2.2.3.2.3.2.2.3.3.2.2.2.2.2.2.2.2.2.2",0.484343658506197,FALSE,TRUE,41
"2.2.2.1.2.3.2.3.2.2.3.3.2.2.2.2.2.2.2.2.2.2",0.458722664002031,FALSE,TRUE,41
"2.2.2.2.1.3.2.3.2.2.3.3.2.2.2.2.2.2.2.2.2.2",0.495048671682442,FALSE,TRUE,41
"2.2.2.2.2.2.2.3.2.2.3.3.2.2.2.2.2.2.2.2.2.2",0.526352551552145,FALSE,TRUE,42
"2.2.2.2.2.3.1.3.2.2.3.3.2.2.2.2.2.2.2.2.2.2",0.522427972406316,FALSE,TRUE,41
"2.2.2.2.2.3.2.2.2.2.3.3.2.2.2.2.2.2.2.2.2.2",0.449128568365907,FALSE,TRUE,40
"2.2.2.2.2.3.2.3.1.2.3.3.2.2.2.2.2.2.2.2.2.2",0.481421836723374,FALSE,TRUE,41
"2.2.2.2.2.3.2.3.2.1.3.3.2.2.2.2.2.2.2.2.2.2",0.440710168904104,FALSE,TRUE,41
"2.2.2.2.2.3.2.3.2.2.3.3.1.2.2.2.2.2.2.2.2.2",0.452403693929381,FALSE,TRUE,41
"2.2.2.2.2.3.2.3.2.2.3.3.2.1.2.2.2.2.2.2.2.2",0.510976595718225,FALSE,TRUE,41
"2.2.2.2.2.3.2.3.2.2.3.3.2.2.1.2.2.2.2.2.2.2",0.492863730799692,FALSE,TRUE,41
"2.2.2.2.2.3.2.3.2.2.3.3.2.2.2.1.2.2.2.2.2.2",0.54579479573052,FALSE,TRUE,41
"2.2.2.2.2.3.2.3.2.2.3.3.2.2.2.2.1.2.2.2.2.2",0.458587015177099,FALSE,TRUE,41
"2.2.2.2.2.3.2.3.2.2.3.3.2.2.2.2.2.1.2.2.2.2",0.507084041553957,FALSE,TRUE,41
"2.2.2.2.2.3.2.3.2.2.3.3.2.2.2.2.2.2.1.2.2.2",0.436706502138457,FALSE,TRUE,41
"2.2.2.2.2.3.2.3.2.2.3.3.2.2.2.2.2.2.2.1.2.2",0.500685280873567,FALSE,TRUE,41
"2.2.2.2.2.3.2.3.2.2.3.3.2.2.2.2.2.2.2.2.1.2",0.456398432643505,FALSE,TRUE,40
"2.2.2.2.2.3.2.3.2.2.3.3.2.2.2.2.2.2.2.2.2.1",0.499485469147712,FALSE,TRUE,41
"3.2.3.3.2.2.2.2.2.2.1.2.2.2.2.2.2.2.2.1.2.2",0.552349916079016,FALSE,TRUE,40
"2.3.3.3.2.2.2.2.2.2.1.2.2.2.2.2.2.2.2.1.2.2",0.490175373145615,FALSE,TRUE,40
"2.2.4.3.2.2.2.2.2.2.1.2.2.2.2.2.2.2.2.1.2.2",0.504174106604759,FALSE,TRUE,41
"2.2.3.4.2.2.2.2.2.2.1.2.2.2.2.2.2.2.2.1.2.2",0.502458969765302,FALSE,TRUE,40
"2.2.3.3.3.2.2.2.2.2.1.2.2.2.2.2.2.2.2.1.2.2",0.499491036280846,FALSE,TRUE,39
"2.2.3.3.2.3.2.2.2.2.1.2.2.2.2.2.2.2.2.1.2.2",0.473724204538352,FALSE,TRUE,40
"2.2.3.3.2.2.3.2.2.2.1.2.2.2.2.2.2.2.2.1.2.2",0.489014905984238,FALSE,TRUE,40
"2.2.3.3.2.2.2.3.2.2.1.2.2.2.2.2.2.2.2.1.2.2",0.533999713325625,FALSE,TRUE,40
"2.2.3.3.2.2.2.2.3.2.1.2.2.2.2.2.2.2.2.1.2.2",0.505079187402641,FALSE,TRUE,40
"2.2.3.3.2.2.2.2.2.3.1.2.2.2.2.2.2.2.2.1.2.2",0.56503532969044,FALSE,TRUE,40
"2.2.3.3.2.2.2.2.2.2.2.2.2.2.2.2.2.2.2.1.2.2",0.528868345767704,FALSE,TRUE,40
"2.2.3.3.2.2.2.2.2.2.1.3.2.2.2.2.2.2.2.1.2.2",0.492638987605049,FALSE,TRUE,40
"2.2.3.3.2.2.2.2.2.2.1.2.3.2.2.2.2.2.2.1.2.2",0.549087280046652,FALSE,TRUE,40
"2.2.3.3.2.2.2.2.2.2.1.2.2.3.2.2.2.2.2.1.2.2",0.49084623390433,FALSE,TRUE,40
"2.2.3.3.2.2.2.2.2.2.1.2.2.2.3.2.2.2.2.1.2.2",0.502006899064087,FALSE,TRUE,40
"2.2.3.3.2.2.2.2.2.2.1.2.2.2.2.3.2.2.2.1.2.2",0.458645462368155,FALSE,TRUE,40
"2.2.3.3.2.2.2.2.2.2.1.2.2.2.2.2.3.2.2.1.2.2",0.517475936102131,FALSE,TRUE,40
"2.2.3.3.2.2.2.2.2.2.1.2.2.2.2.2.2.3.2.1.2.2",0.463240010041426,FALSE,TRUE,40
"2.2.3.3.2.2.2.2.2.2.1.2.2.2.2.2.2.2.3.1.2.2",0.559651926059799,FALSE,TRUE,40
"2.2.3.3.2.2.2.2.2.2.1.2.2.2.2.2.2.2.2.1.2.3",0.498818160843903,FALSE,TRUE,40
"1.2.3.3.2.2.2.2.2.2.1.2.2.2.2.2.2.2.2.1.2.2",0.451929144759865,FALSE,TRUE,39
"2.1.3.3.2.2.2.2.2.2.1.2.2.2.2.2.2.2.2.1.2.2",0.514457971346098,FALSE,TRUE,39
"2.2.3.2.2.2.2.2.2.2.1.2.2.2.2.2.2.2.2.1.2.2",0.499397101209485,FALSE,TRUE,40
"2.2.3.3.1.2.2.2.2.2.1.2.2.2.2.2.2.2.2.1.2.2",0.505434105196367,FALSE,TRUE,39
"2.2.3.3.2.1.2.2.2.2.1.2.2.2.2.2.2.2.2.1.2.2",0.538380791792678,FALSE,TRUE,39
"2.2.3.3.2.2.1.2.2.2.1.2.2.2.2.2.2.2.2.1.2.2",0.517062670763793,FALSE,TRUE,39
"2.2.3.3.2.2.2.1.2.2.1.2.2.2.2.2.2.2.2.1.2.2",0.475172651949968,FALSE,TRUE,39
"2.2.3.3.2.2.2.2.1.2.1.2.2.2.2.2.2.2.2.1.2.2",0.496154126722809,FALSE,TRUE,39
"2.2.3.3.2.2.2.2.2.1.1.2.2.2.2.2.2.2.2.1.2.2",0.44850745854471,FALSE,TRUE,39
"2.2.3.3.2.2.2.2.2.2.1.1.2.2.2.2.2.2.2.1.2.2",0.511184947702253,FALSE,TRUE,39
"2.2.3.3.2.2.2.2.2.2.1.2.1.2.2.2.2.2.2.1.2.2",0.459968114962091,FALSE,TRUE,39
"2.2.3.3.2.2.2.2.2.2.1.2.2.1.2.2.2.2.2.1.2.2",0.51287110215524,FALSE,TRUE,38
"2.2.3.3.2.2.2.2.2.2.1.2.2.2.1.2.2.2.2.1.2.2",0.509663693482928,FALSE,TRUE,39
"2.2.3.3.2.2.2.2.2.2.1.2.2.2.2.1.2.2.2.1.2.2",0.551603353069991,FALSE,TRUE,39
"2.2.3.3.2.2.2.2.2.2.1.2.2.2.2.2.1.2.2.1.2.2",0.492464334387161,FALSE,TRUE,39
"2.2.3.3.2.2.2.2.2.2.1.2.2.2.2.2.2.1.2.1.2.2",0.541398103609141,FALSE,TRUE,39
"2.2.3.3.2.2.2.2.2.2.1.2.2.2.2.2.2.2.1.1.2.2",0.451084519442092,FALSE,TRUE,39
"2.2.3.3.2.2.2.2.2.2.1.2.2.2.2.2.2.2.2.1.1.2",0.46736157702241,FALSE,TRUE,39
"2.2.3.3.2.2.2.2.2.2.1.2.2.2.2.2.2.2.2.1.2.1",0.511167767531458,FALSE,TRUE,39
"3.2.2.2.1.2.2.2.2.2.2.2.2.2.2.3.2.3.2.2.2.2",0.454720437514122,FALSE,TRUE,41
"2.3.2.2.1.2.2.2.2.2.2.2.2.2.2.3.2.3.2.2.2.2",0.389742973226071,FALSE,TRUE,41
"2.2.3.2.1.2.2.2.2.2.2.2.2.2.2.3.2.3.2.2.2.2",0.390326035537701,FALSE,TRUE,41
"2.2.2.3.1.2.2.2.2.2.2.2.2.2.2.3.2.3.2.2.2.2",0.425579394239478,FALSE,TRUE,41
"2.2.2.2.2.2.2.2.2.2.2.2.2.2.2.3.2.3.2.2.2.2",0.396046836069003,FALSE,TRUE,41
"2.2.2.2.1.3.2.2.2.2.2.2.2.2.2.3.2.3.2.2.2.2",0.354415577269211,FALSE,TRUE,41
"2.2.2.2.1.2.3.2.2.2.2.2.2.2.2.3.2.3.2.2.2.2",0.356849846571707,FALSE,TRUE,41
"2.2.2.2.1.2.2.3.2.2.2.2.2.2.2.3.2.3.2.2.2.2",0.4104522848558,FALSE,TRUE,41
"2.2.2.2.1.2.2.2.3.2.2.2.2.2.2.3.2.3.2.2.2.2",0.379227003837355,FALSE,TRUE,41
"2.2.2.2.1.2.2.2.2.3.2.2.2.2.2.3.2.3.2.2.2.2",0.45682197762333,FALSE,TRUE,41
"2.2.2.2.1.2.2.2.2.2.3.2.2.2.2.3.2.3.2.2.2.2",0.395993781989237,FALSE,TRUE,41
"2.2.2.2.1.2.2.2.2.2.2.3.2.2.2.3.2.3.2.2.2.2",0.395296169667622,FALSE,TRUE,41
"2.2.2.2.1.2.2.2.2.2.2.2.3.2.2.3.2.3.2.2.2.2",0.422065009627543,FALSE,TRUE,41
"2.2.2.2.1.2.2.2.2.2.2.2.2.3.2.3.2.3.2.2.2.2",0.364166718203034,FALSE,TRUE,41
"2.2.2.2.1.2.2.2.2.2.2.2.2.2.3.3.2.3.2.2.2.2",0.378266429043271,FALSE,TRUE,41
"2.2.2.2.1.2.2.2.2.2.2.2.2.2.2.4.2.3.2.2.2.2",0.313913155814319,FALSE,TRUE,42
"2.2.2.2.1.2.2.2.2.2.2.2.2.2.2.3.3.3.2.2.2.2",0.381785038503085,FALSE,TRUE,41
"2.2.2.2.1.2.2.2.2.2.2.2.2.2.2.3.2.4.2.2.2.2",0.328733042406986,FALSE,TRUE,41
"2.2.2.2.1.2.2.2.2.2.2.2.2.2.2.3.2.3.3.2.2.2",0.454180315565634,FALSE,TRUE,41
"2.2.2.2.1.2.2.2.2.2.2.2.2.2.2.3.2.3.2.3.2.2",0.375934774867413,FALSE,TRUE,41
"2.2.2.2.1.2.2.2.2.2.2.2.2.2.2.3.2.3.2.2.3.2",0.412408188511186,FALSE,TRUE,41
"2.2.2.2.1.2.2.2.2.2.2.2.2.2.2.3.2.3.2.2.2.3",0.381933467462154,FALSE,TRUE,41
"1.2.2.2.1.2.2.2.2.2.2.2.2.2.2.3.2.3.2.2.2.2",0.317714815162048,FALSE,TRUE,40
"2.1.2.2.1.2.2.2.2.2.2.2.2.2.2.3.2.3.2.2.2.2",0.382275729146738,FALSE,TRUE,40
"2.2.1.2.1.2.2.2.2.2.2.2.2.2.2.3.2.3.2.2.2.2",0.386496764629986,FALSE,TRUE,40
"2.2.2.1.1.2.2.2.2.2.2.2.2.2.2.3.2.3.2.2.2.2",0.342426346748732,FALSE,TRUE,40
"2.2.2.2.1.1.2.2.2.2.2.2.2.2.2.3.2.3.2.2.2.2",0.421973797074096,FALSE,TRUE,40
"2.2.2.2.1.2.1.2.2.2.2.2.2.2.2.3.2.3.2.2.2.2",0.418082996990604,FALSE,TRUE,40
"2.2.2.2.1.2.2.1.2.2.2.2.2.2.2.3.2.3.2.2.2.2",0.360006214222717,FALSE,TRUE,40
"2.2.2.2.1.2.2.2.1.2.2.2.2.2.2.3.2.3.2.2.2.2",0.38829670766017,FALSE,TRUE,40
"2.2.2.2.1.2.2.2.2.1.2.2.2.2.2.3.2.3.2.2.2.2",0.321167990995717,FALSE,TRUE,40
"2.2.2.2.1.2.2.2.2.2.1.2.2.2.2.3.2.3.2.2.2.2",0.364212968072813,FALSE,TRUE,40
"2.2.2.2.1.2.2.2.2.2.2.1.2.2.2.3.2.3.2.2.2.2",0.375755751868933,FALSE,TRUE,40
"2.2.2.2.1.2.2.2.2.2.2.2.1.2.2.3.2.3.2.2.2.2",0.350500852878179,FALSE,TRUE,40
"2.2.2.2.1.2.2.2.2.2.2.2.2.1.2.3.2.3.2.2.2.2",0.404094851698399,FALSE,TRUE,40
"2.2.2.2.1.2.2.2.2.2.2.2.2.2.1.3.2.3.2.2.2.2",0.396156458746355,FALSE,TRUE,40
"2.2.2.2.1.2.2.2.2.2.2.2.2.2.2.3.1.3.2.2.2.2",0.390466235695623,FALSE,TRUE,40
"2.2.2.2.1.2.2.2.2.2.2.2.2.2.2.3.2.3.1.2.2.2",0.321219005331767,FALSE,TRUE,40
"2.2.2.2.1.2.2.2.2.2.2.2.2.2.2.3.2.3.2.1.2.2",0.401690600211901,FALSE,TRUE,40
"2.2.2.2.1.2.2.2.2.2.2.2.2.2.2.3.2.3.2.2.1.2",0.359677738007865,FALSE,TRUE,40
"2.2.2.2.1.2.2.2.2.2.2.2.2.2.2.3.2.3.2.2.2.1",0.390906874341043,FALSE,TRUE,40
"3.2.2.2.2.2.2.2.2.2.2.1.2.2.1.2.2.2.2.2.3.2",0.585041232044174,FALSE,TRUE,40
"2.3.2.2.2.2.2.2.2.2.2.1.2.2.1.2.2.2.2.2.3.2",0.518240393558712,FALSE,TRUE,40
"2.2.3.2.2.2.2.2.2.2.2.1.2.2.1.2.2.2.2.2.3.2",0.524390405924383,FALSE,TRUE,40
"2.2.2.3.2.2.2.2.2.2.2.1.2.2.1.2.2.2.2.2.3.2",0.548078961995539,FALSE,TRUE,40
"2.2.2.2.3.2.2.2.2.2.2.1.2.2.1.2.2.2.2.2.3.2",0.526303917664945,FALSE,TRUE,40
"2.2.2.2.2.3.2.2.2.2.2.1.2.2.1.2.2.2.2.2.3.2",0.482639308630219,FALSE,TRUE,40
"2.2.2.2.2.2.3.2.2.2.2.1.2.2.1.2.2.2.2.2.3.2",0.488528038450555,FALSE,TRUE,39
"2.2.2.2.2.2.2.3.2.2.2.1.2.2.1.2.2.2.2.2.3.2",0.557145725523728,FALSE,TRUE,40
"2.2.2.2.2.2.2.2.3.2.2.1.2.2.1.2.2.2.2.2.3.2",0.524642458214169,FALSE,TRUE,40
"2.2.2.2.2.2.2.2.2.3.2.1.2.2.1.2.2.2.2.2.3.2",0.576882801141723,FALSE,TRUE,40
"2.2.2.2.2.2.2.2.2.2.3.1.2.2.1.2.2.2.2.2.3.2",0.50841801992368,FALSE,TRUE,40
"2.2.2.2.2.2.2.2.2.2.2.2.2.2.1.2.2.2.2.2.3.2",0.537775283103688,FALSE,TRUE,40
"2.2.2.2.2.2.2.2.2.2.2.1.3.2.1.2.2.2.2.2.3.2",0.54306390108016,FALSE,TRUE,40
"2.2.2.2.2.2.2.2.2.2.2.1.2.3.1.2.2.2.2.2.3.2",0.479578014874121,FALSE,TRUE,40
"2.2.2.2.2.2.2.2.2.2.2.1.2.2.1.3.2.2.2.2.3.2",0.461807568434829,FALSE,TRUE,40
"2.2.2.2.2.2.2.2.2.2.2.1.2.2.1.2.3.2.2.2.3.2",0.534201112157938,FALSE,TRUE,40
"2.2.2.2.2.2.2.2.2.2.2.1.2.2.1.2.2.3.2.2.3.2",0.478953731981657,FALSE,TRUE,40
"2.2.2.2.2.2.2.2.2.2.2.1.2.2.1.2.2.2.3.2.3.2",0.575472521838645,FALSE,TRUE,40
"2.2.2.2.2.2.2.2.2.2.2.1.2.2.1.2.2.2.2.3.3.2",0.504183546829223,FALSE,TRUE,40
"2.2.2.2.2.2.2.2.2.2.2.1.2.2.1.2.2.2.2.2.4.2",0.528613402051981,FALSE,TRUE,41
"2.2.2.2.2.2.2.2.2.2.2.1.2.2.1.2.2.2.2.2.3.3",0.506070940293978,FALSE,TRUE,40
"1.2.2.2.2.2.2.2.2.2.2.1.2.2.1.2.2.2.2.2.3.2",0.44314433548841,FALSE,TRUE,39
"2.1.2.2.2.2.2.2.2.2.2.1.2.2.1.2.2.2.2.2.3.2",0.511644461816299,FALSE,TRUE,39
"2.2.1.2.2.2.2.2.2.2.2.1.2.2.1.2.2.2.2.2.3.2",0.511510702388622,FALSE,TRUE,39
"2.2.2.1.2.2.2.2.2.2.2.1.2.2.1.2.2.2.2.2.3.2",0.478898523257283,FALSE,TRUE,39
"2.2.2.2.1.2.2.2.2.2.2.1.2.2.1.2.2.2.2.2.3.2",0.499965638149083,FALSE,TRUE,39
"2.2.2.2.2.1.2.2.2.2.2.1.2.2.1.2.2.2.2.2.3.2",0.550122085610508,FALSE,TRUE,39
"2.2.2.2.2.2.1.2.2.2.2.1.2.2.1.2.2.2.2.2.3.2",0.541878032365977,FALSE,TRUE,39
"2.2.2.2.2.2.2.1.2.2.2.1.2.2.1.2.2.2.2.2.3.2",0.47239748519255,FALSE,TRUE,39
"2.2.2.2.2.2.2.2.1.2.2.1.2.2.1.2.2.2.2.2.3.2",0.498630881502242,FALSE,TRUE,39
"2.2.2.2.2.2.2.2.2.1.2.1.2.2.1.2.2.2.2.2.3.2",0.456209804053402,FALSE,TRUE,39
"2.2.2.2.2.2.2.2.2.2.1.1.2.2.1.2.2.2.2.2.3.2",0.507541499051877,FALSE,TRUE,39
"2.2.2.2.2.2.2.2.2.2.2.1.1.2.1.2.2.2.2.2.3.2",0.485027425602029,FALSE,TRUE,39
"2.2.2.2.2.2.2.2.2.2.2.1.2.1.1.2.2.2.2.2.3.2",0.546124098113217,FALSE,TRUE,39
"2.2.2.2.2.2.2.2.2.2.2.1.2.2.1.1.2.2.2.2.3.2",0.569523085631782,FALSE,TRUE,39
"2.2.2.2.2.2.2.2.2.2.2.1.2.2.1.2.1.2.2.2.3.2",0.493608693619422,FALSE,TRUE,39
"2.2.2.2.2.2.2.2.2.2.2.1.2.2.1.2.2.1.2.2.3.2",0.543117677291527,FALSE,TRUE,39
"2.2.2.2.2.2.2.2.2.2.2.1.2.2.1.2.2.2.1.2.3.2",0.456129552187989,FALSE,TRUE,39
"2.2.2.2.2.2.2.2.2.2.2.1.2.2.1.2.2.2.2.1.3.2",0.528145133736236,FALSE,TRUE,39
"2.2.2.2.2.2.2.2.2.2.2.1.2.2.1.2.2.2.2.2.3.1",0.52518711423391,FALSE,TRUE,39
"1.3.2.2.2.2.2.2.2.2.2.2.2.2.2.2.3.2.2.2.2.2",0.440057517583181,FALSE,TRUE,41
"1.2.3.2.2.2.2.2.2.2.2.2.2.2.2.2.3.2.2.2.2.2",0.442853445845435,FALSE,TRUE,41
"1.2.2.3.2.2.2.2.2.2.2.2.2.2.2.2.3.2.2.2.2.2",0.470595088326022,FALSE,TRUE,40
"1.2.2.2.3.2.2.2.2.2.2.2.2.2.2.2.3.2.2.2.2.2",0.439423157028639,FALSE,TRUE,41
"1.2.2.2.2.2.3.2.2.2.2.2.2.2.2.2.3.2.2.2.2.2",0.402698936407777,FALSE,TRUE,41
"1.2.2.2.2.2.2.3.2.2.2.2.2.2.2.2.3.2.2.2.2.2",0.461457669569866,FALSE,TRUE,41
"1.2.2.2.2.2.2.2.3.2.2.2.2.2.2.2.3.2.2.2.2.2",0.433879362021687,FALSE,TRUE,41
"1.2.2.2.2.2.2.2.2.3.2.2.2.2.2.2.3.2.2.2.2.2",0.503253262212722,FALSE,TRUE,41
"1.2.2.2.2.2.2.2.2.2.3.2.2.2.2.2.3.2.2.2.2.2",0.443362876889518,FALSE,TRUE,41
"1.2.2.2.2.2.2.2.2.2.2.3.2.2.2.2.3.2.2.2.2.2",0.442839182914232,FALSE,TRUE,41
"1.2.2.2.2.2.2.2.2.2.2.2.3.2.2.2.3.2.2.2.2.2",0.472856654681254,FALSE,TRUE,41
"1.2.2.2.2.2.2.2.2.2.2.2.2.3.2.2.3.2.2.2.2.2",0.417405863525111,FALSE,TRUE,39
"1.2.2.2.2.2.2.2.2.2.2.2.2.2.3.2.3.2.2.2.2.2",0.421233481787976,FALSE,TRUE,40
"1.2.2.2.2.2.2.2.2.2.2.2.2.2.2.3.3.2.2.2.2.2",0.367870339107271,FALSE,TRUE,41
"1.2.2.2.2.2.2.2.2.2.2.2.2.2.2.2.4.2.2.2.2.2",0.421849901227792,FALSE,TRUE,41
"1.2.2.2.2.2.2.2.2.2.2.2.2.2.2.2.3.3.2.2.2.2",0.388438360141693,FALSE,TRUE,40
"1.2.2.2.2.2.2.2.2.2.2.2.2.2.2.2.3.2.3.2.2.2",0.492075513634833,FALSE,TRUE,41
"1.2.2.2.2.2.2.2.2.2.2.2.2.2.2.2.3.2.2.3.2.2",0.429200526739645,FALSE,TRUE,41
"1.2.2.2.2.2.2.2.2.2.2.2.2.2.2.2.3.2.2.2.3.2",0.458622088424517,FALSE,TRUE,41
"1.2.2.2.2.2.2.2.2.2.2.2.2.2.2.2.3.2.2.2.2.3",0.433850523459466,FALSE,TRUE,41
"1.1.2.2.2.2.2.2.2.2.2.2.2.2.2.2.3.2.2.2.2.2",0.424733871045031,FALSE,TRUE,40
"1.2.1.2.2.2.2.2.2.2.2.2.2.2.2.2.3.2.2.2.2.2",0.428451695715825,FALSE,TRUE,40
"1.2.2.1.2.2.2.2.2.2.2.2.2.2.2.2.3.2.2.2.2.2",0.391300960496515,FALSE,TRUE,40
"1.2.2.2.1.2.2.2.2.2.2.2.2.2.2.2.3.2.2.2.2.2",0.423635351666634,FALSE,TRUE,39
"1.2.2.2.2.1.2.2.2.2.2.2.2.2.2.2.3.2.2.2.2.2",0.463121426341346,FALSE,TRUE,39
"1.2.2.2.2.2.2.1.2.2.2.2.2.2.2.2.3.2.2.2.2.2",0.402564003601784,FALSE,TRUE,39
"1.2.2.2.2.2.2.2.1.2.2.2.2.2.2.2.3.2.2.2.2.2",0.42581011234253,FALSE,TRUE,40
"1.2.2.2.2.2.2.2.2.1.2.2.2.2.2.2.3.2.2.2.2.2",0.365685955681835,FALSE,TRUE,40
"1.2.2.2.2.2.2.2.2.2.1.2.2.2.2.2.3.2.2.2.2.2",0.410158184914568,FALSE,TRUE,40
"1.2.2.2.2.2.2.2.2.2.2.1.2.2.2.2.3.2.2.2.2.2",0.422750295108192,FALSE,TRUE,39
"1.2.2.2.2.2.2.2.2.2.2.2.1.2.2.2.3.2.2.2.2.2",0.391419182490489,FALSE,TRUE,40
"1.2.2.2.2.2.2.2.2.2.2.2.2.1.2.2.3.2.2.2.2.2",0.44283331072097,FALSE,TRUE,40
"1.2.2.2.2.2.2.2.2.2.2.2.2.2.1.2.3.2.2.2.2.2",0.446874155625349,FALSE,TRUE,40
"1.2.2.2.2.2.2.2.2.2.2.2.2.2.2.1.3.2.2.2.2.2",0.501497585047468,FALSE,TRUE,40
"1.2.2.2.2.2.2.2.2.2.2.2.2.2.2.2.3.1.2.2.2.2",0.473744074316548,FALSE,TRUE,40
"1.2.2.2.2.2.2.2.2.2.2.2.2.2.2.2.3.2.1.2.2.2",0.373681473135497,FALSE,TRUE,40
"1.2.2.2.2.2.2.2.2.2.2.2.2.2.2.2.3.2.2.1.2.2",0.439562383587134,FALSE,TRUE,39
"1.2.2.2.2.2.2.2.2.2.2.2.2.2.2.2.3.2.2.2.1.2",0.407774490365605,FALSE,TRUE,40
"1.2.2.2.2.2.2.2.2.2.2.2.2.2.2.2.3.2.2.2.2.1",0.431860454033734,FALSE,TRUE,40
